OrderID,LineNumber,ProductID,Quantity,UnitPrice,LineNetAmount
ORD-2024-036070,1,PROD-005,2,20.28,37.05
ORD-2024-036071,1,PROD-025,1,21.97,20.86
ORD-2024-036072,1,PROD-002,1,11.9,9.55
ORD-2024-036073,1,PROD-030,1,49.3,48.33
ORD-2024-036073,2,PROD-005,1,20.28,18.68
ORD-2024-036074,1,PROD-014,2,9.9,16.02
ORD-2024-036074,2,PROD-038,1,7.89,6.33
ORD-2024-036074,3,PROD-051,1,36.06,35.09
ORD-2024-036075,1,PROD-005,2,20.28,31.24
ORD-2024-036076,1,PROD-005,3,20.28,55.64
ORD-2024-036077,1,PROD-010,1,38.03,37.55
ORD-2024-036078,1,PROD-007,1,17.18,13.67
ORD-2024-036078,2,PROD-029,1,24.79,19.75
ORD-2024-036078,3,PROD-055,1,74.65,46.19
ORD-2024-036079,1,PROD-037,1,9.86,7.12
ORD-2024-036080,1,PROD-045,1,72.68,71.18
ORD-2024-036081,1,PROD-002,1,11.9,9.01
ORD-2024-036081,2,PROD-001,1,12.9,10.81
ORD-2024-036082,1,PROD-025,2,21.97,19.77
ORD-2024-036083,1,PROD-034,1,9.01,5.29
ORD-2024-036083,2,PROD-007,1,17.18,10.82
ORD-2024-036084,1,PROD-006,2,32.39,59.32
ORD-2024-036085,1,PROD-035,2,10.14,15.36
ORD-2024-036086,1,PROD-041,2,11.83,10.65
ORD-2024-036087,1,PROD-010,1,38.03,17.11
ORD-2024-036087,2,PROD-016,2,8.9,8.01
ORD-2024-036088,1,PROD-032,3,19.72,58.17
ORD-2024-036088,2,PROD-034,1,9.01,8.57
ORD-2024-036088,3,PROD-042,2,73.24,138.83
ORD-2024-036088,4,PROD-027,1,21.13,19.77
ORD-2024-036089,1,PROD-044,1,40.85,25.96
ORD-2024-036090,1,PROD-039,3,8.17,23.9
ORD-2024-036091,1,PROD-053,1,53.52,47.33
ORD-2024-036091,2,PROD-049,2,80.28,146.7
ORD-2024-036092,1,PROD-035,1,10.14,8.31
ORD-2024-036092,2,PROD-008,1,9.9,8.65
ORD-2024-036093,1,PROD-027,1,21.13,21.04
ORD-2024-036093,2,PROD-036,1,11.55,11.08
ORD-2024-036094,1,PROD-023,1,7.89,5.12
ORD-2024-036095,1,PROD-022,1,9.01,6.9
ORD-2024-036096,1,PROD-007,2,17.18,31.06
ORD-2024-036097,1,PROD-020,1,10.14,8.3
ORD-2024-036097,2,PROD-001,2,12.9,20.82
ORD-2024-036098,1,PROD-044,1,40.85,35.78
ORD-2024-036098,2,PROD-013,1,11.9,10.37
ORD-2024-036099,1,PROD-010,1,38.03,31.05
ORD-2024-036100,1,PROD-001,1,12.9,12.26
ORD-2024-036100,2,PROD-004,2,20.28,39.0
ORD-2024-036101,1,PROD-039,1,8.17,4.91
ORD-2024-036102,1,PROD-020,1,10.14,4.56
ORD-2024-036102,2,PROD-005,2,20.28,30.29
ORD-2024-036103,1,PROD-041,2,11.83,21.63
ORD-2024-036104,1,PROD-032,1,19.72,8.87
ORD-2024-036105,1,PROD-006,1,32.39,27.1
ORD-2024-036105,2,PROD-034,1,9.01,6.89
ORD-2024-036105,3,PROD-029,1,24.79,19.87
ORD-2024-036106,1,PROD-001,1,12.9,9.1
ORD-2024-036106,2,PROD-034,1,9.01,7.56
ORD-2024-036107,1,PROD-006,1,32.39,20.07
ORD-2024-036108,1,PROD-039,3,8.17,18.94
ORD-2024-036109,1,PROD-034,1,9.01,6.04
ORD-2024-036110,1,PROD-036,4,11.55,27.64
ORD-2024-036110,2,PROD-034,2,9.01,12.64
ORD-2024-036111,1,PROD-055,1,74.65,62.62
ORD-2024-036112,1,PROD-006,2,32.39,61.01
ORD-2024-036112,2,PROD-032,2,19.72,35.26
ORD-2024-036113,1,PROD-012,1,18.5,17.73
ORD-2024-036114,1,PROD-026,2,14.65,28.19
ORD-2024-036115,1,PROD-011,2,14.9,28.36
ORD-2024-036116,1,PROD-029,1,24.79,18.52
ORD-2024-036117,1,PROD-060,1,42.25,19.01
ORD-2024-036118,1,PROD-021,1,15.49,6.97
ORD-2024-036119,1,PROD-031,1,53.52,24.08
ORD-2024-036120,1,PROD-015,1,26.76,23.88
ORD-2024-036121,1,PROD-011,1,14.9,14.16
ORD-2024-036122,1,PROD-037,1,9.86,8.74
ORD-2024-036122,2,PROD-006,2,32.39,63.23
ORD-2024-036122,3,PROD-008,1,9.9,8.19
ORD-2024-036123,1,PROD-034,1,9.01,8.59
ORD-2024-036124,1,PROD-040,2,15.21,28.59
ORD-2024-036125,1,PROD-039,3,8.17,22.02
ORD-2024-036126,1,PROD-055,1,74.65,71.7
ORD-2024-036127,1,PROD-003,2,14.37,24.63
ORD-2024-036128,1,PROD-039,1,8.17,4.64
ORD-2024-036129,1,PROD-029,1,24.79,24.32
ORD-2024-036130,1,PROD-004,2,20.28,35.88
ORD-2024-036130,2,PROD-001,1,12.9,9.83
ORD-2024-036131,1,PROD-035,3,10.14,14.08
ORD-2024-036131,2,PROD-033,1,52.11,35.77
ORD-2024-036132,1,PROD-007,1,17.18,14.34
ORD-2024-036132,2,PROD-001,1,12.9,12.4
ORD-2024-036132,3,PROD-005,1,20.28,17.94
ORD-2024-036132,4,PROD-032,1,19.72,17.75
ORD-2024-036133,1,PROD-028,1,17.18,12.03
ORD-2024-036134,1,PROD-032,1,19.72,19.35
ORD-2024-036135,1,PROD-029,2,24.79,30.08
ORD-2024-036136,1,PROD-005,2,20.28,34.35
ORD-2024-036136,2,PROD-035,1,10.14,7.34
ORD-2024-036137,1,PROD-007,1,17.18,16.79
ORD-2024-036137,2,PROD-001,1,12.9,11.38
ORD-2024-036137,3,PROD-037,3,9.86,25.03
ORD-2024-036137,4,PROD-011,2,14.9,27.47
ORD-2024-036137,5,PROD-010,1,38.03,34.23
ORD-2024-036138,1,PROD-037,1,9.86,8.81
ORD-2024-036139,1,PROD-007,2,17.18,33.95
ORD-2024-036140,1,PROD-015,1,26.76,18.69
ORD-2024-036140,2,PROD-021,1,15.49,12.5
ORD-2024-036140,3,PROD-016,1,8.9,8.02
ORD-2024-036141,1,PROD-005,2,20.28,39.28
ORD-2024-036142,1,PROD-027,2,21.13,19.02
ORD-2024-036143,1,PROD-004,1,20.28,18.45
ORD-2024-036144,1,PROD-020,2,10.14,17.07
ORD-2024-036144,2,PROD-001,1,12.9,5.8
ORD-2024-036144,3,PROD-026,1,14.65,12.08
ORD-2024-036145,1,PROD-006,1,32.39,14.58
ORD-2024-036146,1,PROD-052,1,46.48,20.92
ORD-2024-036146,2,PROD-016,1,8.9,4.0
ORD-2024-036147,1,PROD-001,1,12.9,10.96
ORD-2024-036147,2,PROD-023,1,7.89,4.82
ORD-2024-036148,1,PROD-004,1,20.28,17.54
ORD-2024-036149,1,PROD-042,3,73.24,211.79
ORD-2024-036150,1,PROD-002,2,11.9,21.3
ORD-2024-036151,1,PROD-006,2,32.39,63.74
ORD-2024-036152,1,PROD-004,3,20.28,40.89
ORD-2024-036152,2,PROD-014,1,9.9,9.38
ORD-2024-036152,3,PROD-019,2,29.58,56.88
ORD-2024-036153,1,PROD-024,1,8.73,7.43
ORD-2024-036153,2,PROD-022,2,9.01,16.16
ORD-2024-036154,1,PROD-024,1,8.73,5.49
ORD-2024-036155,1,PROD-004,1,20.28,16.01
ORD-2024-036155,2,PROD-034,2,9.01,14.59
ORD-2024-036156,1,PROD-002,2,11.9,22.65
ORD-2024-036156,2,PROD-007,2,17.18,28.04
ORD-2024-036157,1,PROD-010,2,38.03,48.39
ORD-2024-036158,1,PROD-002,2,11.9,21.75
ORD-2024-036158,2,PROD-036,1,11.55,9.94
ORD-2024-036158,3,PROD-041,1,11.83,10.4
ORD-2024-036158,4,PROD-006,2,32.39,49.87
ORD-2024-036159,1,PROD-005,1,20.28,17.06
ORD-2024-036159,2,PROD-028,1,17.18,13.44
ORD-2024-036160,1,PROD-002,1,11.9,9.74
ORD-2024-036160,2,PROD-034,1,9.01,4.78
ORD-2024-036161,1,PROD-044,1,40.85,38.59
ORD-2024-036162,1,PROD-038,1,7.89,7.55
ORD-2024-036162,2,PROD-008,1,9.9,7.68
ORD-2024-036162,3,PROD-006,1,32.39,29.75
ORD-2024-036162,4,PROD-002,1,11.9,11.39
ORD-2024-036163,1,PROD-028,2,17.18,15.46
ORD-2024-036163,2,PROD-026,1,14.65,6.59
ORD-2024-036164,1,PROD-010,2,38.03,64.85
ORD-2024-036164,2,PROD-001,2,12.9,24.51
ORD-2024-036165,1,PROD-006,2,32.39,50.35
ORD-2024-036166,1,PROD-024,1,8.73,8.6
ORD-2024-036166,2,PROD-026,1,14.65,14.24
ORD-2024-036167,1,PROD-010,3,38.03,62.62
ORD-2024-036167,2,PROD-031,1,53.52,35.95
ORD-2024-036168,1,PROD-024,1,8.73,7.3
ORD-2024-036168,2,PROD-008,2,9.9,17.45
ORD-2024-036169,1,PROD-028,1,17.18,16.43
ORD-2024-036170,1,PROD-034,1,9.01,8.82
ORD-2024-036170,2,PROD-005,2,20.28,34.94
ORD-2024-036170,3,PROD-036,3,11.55,28.79
ORD-2024-036171,1,PROD-041,3,11.83,30.97
ORD-2024-036172,1,PROD-010,1,38.03,24.99
ORD-2024-036173,1,PROD-049,1,80.28,65.13
ORD-2024-036173,2,PROD-010,2,38.03,57.78
ORD-2024-036174,1,PROD-039,1,8.17,5.92
ORD-2024-036174,2,PROD-006,2,32.39,29.15
ORD-2024-036175,1,PROD-016,2,8.9,13.8
ORD-2024-036176,1,PROD-003,1,14.37,9.13
ORD-2024-036177,1,PROD-007,1,17.18,13.59
ORD-2024-036178,1,PROD-020,1,10.14,4.75
ORD-2024-036178,2,PROD-026,2,14.65,13.18
ORD-2024-036179,1,PROD-017,1,12.5,12.26
ORD-2024-036180,1,PROD-001,1,12.9,10.81
ORD-2024-036181,1,PROD-040,1,15.21,6.84
ORD-2024-036181,2,PROD-052,1,46.48,35.25
ORD-2024-036182,1,PROD-024,1,8.73,8.53
ORD-2024-036182,2,PROD-036,1,11.55,11.12
ORD-2024-036183,1,PROD-040,1,15.21,10.57
ORD-2024-036184,1,PROD-023,1,7.89,6.58
ORD-2024-036185,1,PROD-005,1,20.28,18.23
ORD-2024-036185,2,PROD-006,1,32.39,22.3
ORD-2024-036186,1,PROD-054,1,59.15,41.3
ORD-2024-036187,1,PROD-041,2,11.83,20.08
ORD-2024-036188,1,PROD-005,2,20.28,35.22
ORD-2024-036189,1,PROD-005,1,20.28,17.94
ORD-2024-036190,1,PROD-041,2,11.83,10.65
ORD-2024-036191,1,PROD-005,1,20.28,18.94
ORD-2024-036191,2,PROD-013,2,11.9,20.77
ORD-2024-036192,1,PROD-024,1,8.73,8.61
ORD-2024-036192,2,PROD-037,1,9.86,7.38
ORD-2024-036193,1,PROD-002,1,11.9,10.31
ORD-2024-036193,2,PROD-022,1,9.01,7.89
ORD-2024-036193,3,PROD-036,1,11.55,8.89
ORD-2024-036194,1,PROD-058,1,39.44,25.23
ORD-2024-036195,1,PROD-016,1,8.9,5.28
ORD-2024-036196,1,PROD-001,1,12.9,12.12
ORD-2024-036196,2,PROD-012,1,18.5,15.74
ORD-2024-036197,1,PROD-032,1,19.72,18.3
ORD-2024-036198,1,PROD-004,1,20.28,12.32
ORD-2024-036199,1,PROD-002,2,11.9,10.71
ORD-2024-036200,1,PROD-004,3,20.28,56.43
ORD-2024-036200,2,PROD-005,3,20.28,51.48
ORD-2024-036201,1,PROD-060,1,42.25,34.31
ORD-2024-036202,1,PROD-016,1,8.9,4.0
ORD-2024-036202,2,PROD-047,1,108.45,51.65
ORD-2024-036203,1,PROD-002,1,11.9,10.59
ORD-2024-036203,2,PROD-005,2,20.28,35.93
ORD-2024-036204,1,PROD-020,1,10.14,9.99
ORD-2024-036205,1,PROD-003,3,14.37,36.65
ORD-2024-036206,1,PROD-020,1,10.14,9.73
ORD-2024-036207,1,PROD-001,1,12.9,11.12
ORD-2024-036208,1,PROD-001,2,12.9,20.88
ORD-2024-036209,1,PROD-010,1,38.03,28.05
ORD-2024-036210,1,PROD-037,2,9.86,13.01
ORD-2024-036211,1,PROD-054,1,59.15,26.62
ORD-2024-036212,1,PROD-024,2,8.73,8.08
ORD-2024-036212,2,PROD-029,1,24.79,11.35
ORD-2024-036213,1,PROD-003,1,14.37,13.47
ORD-2024-036213,2,PROD-007,1,17.18,16.72
ORD-2024-036213,3,PROD-035,1,10.14,8.58
ORD-2024-036214,1,PROD-027,2,21.13,26.81
ORD-2024-036215,1,PROD-008,2,9.9,19.06
ORD-2024-036216,1,PROD-006,3,32.39,86.62
ORD-2024-036217,1,PROD-002,1,11.9,5.42
ORD-2024-036217,2,PROD-045,1,72.68,32.71
ORD-2024-036218,1,PROD-031,1,53.52,24.08
ORD-2024-036218,2,PROD-007,1,17.18,9.47
ORD-2024-036219,1,PROD-020,1,10.14,9.32
ORD-2024-036220,1,PROD-026,1,14.65,11.03
ORD-2024-036221,1,PROD-014,1,9.9,9.89
ORD-2024-036221,2,PROD-032,1,19.72,16.36
ORD-2024-036221,3,PROD-044,1,40.85,32.79
ORD-2024-036221,4,PROD-048,1,55.77,54.79
ORD-2024-036221,5,PROD-038,1,7.89,7.72
ORD-2024-036222,1,PROD-033,2,52.11,55.02
ORD-2024-036223,1,PROD-006,2,32.39,62.55
ORD-2024-036223,2,PROD-034,3,9.01,24.4
ORD-2024-036224,1,PROD-006,1,32.39,28.77
ORD-2024-036224,2,PROD-002,1,11.9,10.99
ORD-2024-036225,1,PROD-034,2,9.01,13.06
ORD-2024-036226,1,PROD-051,1,36.06,26.3
ORD-2024-036227,1,PROD-024,1,8.73,6.75
ORD-2024-036228,1,PROD-056,1,101.41,65.2
ORD-2024-036229,1,PROD-020,2,10.14,9.82
ORD-2024-036229,2,PROD-035,3,10.14,14.5
ORD-2024-036230,1,PROD-001,2,12.9,23.44
ORD-2024-036230,2,PROD-026,1,14.65,14.24
ORD-2024-036231,1,PROD-003,1,14.37,13.26
ORD-2024-036232,1,PROD-003,1,14.37,6.47
ORD-2024-036233,1,PROD-027,2,21.13,39.26
ORD-2024-036234,1,PROD-005,1,20.28,19.94
ORD-2024-036235,1,PROD-031,1,53.52,24.08
ORD-2024-036236,1,PROD-019,1,29.58,23.85
ORD-2024-036237,1,PROD-008,1,9.9,8.64
ORD-2024-036238,1,PROD-052,1,46.48,20.92
ORD-2024-036238,2,PROD-007,1,17.18,14.5
ORD-2024-036239,1,PROD-006,1,32.39,30.64
ORD-2024-036239,2,PROD-036,1,11.55,11.4
ORD-2024-036239,3,PROD-001,1,12.9,12.48
ORD-2024-036240,1,PROD-037,2,9.86,16.67
ORD-2024-036240,2,PROD-004,3,20.28,59.87
ORD-2024-036241,1,PROD-004,1,20.28,18.07
ORD-2024-036242,1,PROD-016,2,8.9,10.88
ORD-2024-036242,2,PROD-002,1,11.9,7.53
ORD-2024-036243,1,PROD-011,1,14.9,13.59
ORD-2024-036244,1,PROD-039,1,8.17,5.16
ORD-2024-036245,1,PROD-013,2,11.9,19.24
ORD-2024-036246,1,PROD-014,1,9.9,5.89
ORD-2024-036246,2,PROD-021,1,15.49,8.24
ORD-2024-036247,1,PROD-045,1,72.68,37.46
ORD-2024-036248,1,PROD-004,1,20.28,19.92
ORD-2024-036249,1,PROD-035,1,10.14,7.19
ORD-2024-036250,1,PROD-005,1,20.28,15.65
ORD-2024-036250,2,PROD-037,1,9.86,8.18
ORD-2024-036251,1,PROD-004,2,20.28,38.24
ORD-2024-036252,1,PROD-003,1,14.37,9.88
ORD-2024-036253,1,PROD-032,2,19.72,31.04
ORD-2024-036254,1,PROD-039,1,8.17,7.22
ORD-2024-036254,2,PROD-005,1,20.28,15.9
ORD-2024-036255,1,PROD-038,2,7.89,15.22
ORD-2024-036255,2,PROD-040,1,15.21,11.03
ORD-2024-036255,3,PROD-030,1,49.3,46.05
ORD-2024-036256,1,PROD-056,1,101.41,91.67
ORD-2024-036256,2,PROD-019,1,29.58,27.2
ORD-2024-036257,1,PROD-028,1,17.18,12.53
ORD-2024-036258,1,PROD-008,2,9.9,18.22
ORD-2024-036258,2,PROD-005,2,20.28,36.95
ORD-2024-036258,3,PROD-034,2,9.01,14.87
ORD-2024-036259,1,PROD-047,1,108.45,84.62
ORD-2024-036259,2,PROD-001,1,12.9,12.1
ORD-2024-036260,1,PROD-006,3,32.39,82.96
ORD-2024-036260,2,PROD-004,3,20.28,53.41
ORD-2024-036260,3,PROD-037,1,9.86,8.97
ORD-2024-036261,1,PROD-045,1,72.68,41.25
ORD-2024-036261,2,PROD-014,1,9.9,7.5
ORD-2024-036262,1,PROD-038,2,7.89,12.06
ORD-2024-036263,1,PROD-034,2,9.01,14.31
ORD-2024-036263,2,PROD-041,1,11.83,9.75
ORD-2024-036264,1,PROD-008,2,9.9,14.42
ORD-2024-036264,2,PROD-035,1,10.14,4.73
ORD-2024-036265,1,PROD-045,1,72.68,69.88
ORD-2024-036265,2,PROD-022,1,9.01,4.85
ORD-2024-036266,1,PROD-001,1,12.9,7.51
ORD-2024-036266,2,PROD-034,1,9.01,4.68
ORD-2024-036267,1,PROD-005,1,20.28,16.18
ORD-2024-036268,1,PROD-039,2,8.17,8.09
ORD-2024-036269,1,PROD-004,1,20.28,19.9
ORD-2024-036270,1,PROD-002,1,11.9,9.89
ORD-2024-036270,2,PROD-033,1,52.11,51.11
ORD-2024-036270,3,PROD-001,1,12.9,11.09
ORD-2024-036271,1,PROD-040,1,15.21,13.45
ORD-2024-036271,2,PROD-026,1,14.65,11.88
ORD-2024-036271,3,PROD-005,2,20.28,30.81
ORD-2024-036272,1,PROD-011,2,14.9,28.04
ORD-2024-036272,2,PROD-003,1,14.37,10.06
ORD-2024-036273,1,PROD-031,1,53.52,49.39
ORD-2024-036273,2,PROD-022,1,9.01,7.56
ORD-2024-036273,3,PROD-035,3,10.14,24.52
ORD-2024-036274,1,PROD-020,1,10.14,7.76
ORD-2024-036275,1,PROD-044,1,40.85,20.31
ORD-2024-036275,2,PROD-005,1,20.28,15.0
ORD-2024-036276,1,PROD-003,1,14.37,13.95
ORD-2024-036276,2,PROD-001,1,12.9,11.84
ORD-2024-036277,1,PROD-036,1,11.55,11.24
ORD-2024-036277,2,PROD-002,1,11.9,11.4
ORD-2024-036277,3,PROD-010,1,38.03,37.03
ORD-2024-036278,1,PROD-025,1,21.97,9.89
ORD-2024-036278,2,PROD-041,1,11.83,10.72
ORD-2024-036279,1,PROD-021,1,15.49,11.03
ORD-2024-036280,1,PROD-013,1,11.9,10.11
ORD-2024-036280,2,PROD-037,1,9.86,9.16
ORD-2024-036281,1,PROD-027,1,21.13,15.98
ORD-2024-036282,1,PROD-010,1,38.03,36.55
ORD-2024-036283,1,PROD-015,1,26.76,25.93
ORD-2024-036284,1,PROD-040,1,15.21,9.73
ORD-2024-036285,1,PROD-023,1,7.89,3.55
ORD-2024-036286,1,PROD-031,2,53.52,85.41
ORD-2024-036287,1,PROD-006,1,32.39,30.83
ORD-2024-036288,1,PROD-004,2,20.28,39.33
ORD-2024-036289,1,PROD-022,1,9.01,4.05
ORD-2024-036289,2,PROD-002,1,11.9,6.5
ORD-2024-036290,1,PROD-026,1,14.65,14.07
ORD-2024-036290,2,PROD-032,3,19.72,52.36
ORD-2024-036290,3,PROD-040,3,15.21,43.26
ORD-2024-036291,1,PROD-050,1,61.97,30.53
ORD-2024-036292,1,PROD-012,1,18.5,11.78
ORD-2024-036293,1,PROD-028,1,17.18,10.99
ORD-2024-036293,2,PROD-030,2,49.3,66.42
ORD-2024-036294,1,PROD-049,1,80.28,74.13
ORD-2024-036295,1,PROD-016,2,8.9,13.75
ORD-2024-036295,2,PROD-003,2,14.37,26.63
ORD-2024-036296,1,PROD-013,1,11.9,11.18
ORD-2024-036296,2,PROD-007,1,17.18,15.82
ORD-2024-036296,3,PROD-005,2,20.28,38.13
ORD-2024-036297,1,PROD-005,1,20.28,16.38
ORD-2024-036298,1,PROD-020,2,10.14,17.65
ORD-2024-036299,1,PROD-027,1,21.13,9.51
ORD-2024-036300,1,PROD-044,1,40.85,32.37
ORD-2024-036301,1,PROD-035,1,10.14,9.05
ORD-2024-036302,1,PROD-001,2,12.9,17.11
ORD-2024-036302,2,PROD-011,3,14.9,26.34
ORD-2024-036303,1,PROD-011,1,14.9,6.7
ORD-2024-036304,1,PROD-034,1,9.01,7.27
ORD-2024-036304,2,PROD-035,1,10.14,8.36
ORD-2024-036305,1,PROD-054,1,59.15,40.43
ORD-2024-036306,1,PROD-001,1,12.9,12.34
ORD-2024-036306,2,PROD-004,1,20.28,19.07
ORD-2024-036307,1,PROD-026,1,14.65,13.71
ORD-2024-036308,1,PROD-032,1,19.72,11.78
ORD-2024-036308,2,PROD-011,1,14.9,11.38
ORD-2024-036309,1,PROD-003,2,14.37,19.93
ORD-2024-036310,1,PROD-021,1,15.49,14.15
ORD-2024-036311,1,PROD-005,1,20.28,17.26
ORD-2024-036311,2,PROD-034,2,9.01,17.41
ORD-2024-036311,3,PROD-010,2,38.03,71.09
ORD-2024-036312,1,PROD-001,1,12.9,9.21
ORD-2024-036312,2,PROD-036,2,11.55,13.59
ORD-2024-036312,3,PROD-008,1,9.9,8.03
ORD-2024-036313,1,PROD-001,1,12.9,8.23
ORD-2024-036313,2,PROD-039,2,8.17,12.39
ORD-2024-036314,1,PROD-005,2,20.28,25.27
ORD-2024-036315,1,PROD-001,2,12.9,18.42
ORD-2024-036316,1,PROD-004,2,20.28,23.59
ORD-2024-036316,2,PROD-051,1,36.06,16.23
ORD-2024-036317,1,PROD-002,2,11.9,20.92
ORD-2024-036317,2,PROD-037,2,9.86,8.87
ORD-2024-036318,1,PROD-003,1,14.37,13.28
ORD-2024-036319,1,PROD-033,2,52.11,53.84
ORD-2024-036320,1,PROD-008,1,9.9,9.62
ORD-2024-036321,1,PROD-025,1,21.97,20.43
ORD-2024-036321,2,PROD-004,1,20.28,17.71
ORD-2024-036321,3,PROD-035,2,10.14,16.61
ORD-2024-036322,1,PROD-059,1,52.11,23.45
ORD-2024-036323,1,PROD-036,1,11.55,10.42
ORD-2024-036323,2,PROD-006,2,32.39,58.41
ORD-2024-036324,1,PROD-013,1,11.9,10.84
ORD-2024-036325,1,PROD-006,1,32.39,30.72
ORD-2024-036326,1,PROD-039,4,8.17,23.09
ORD-2024-036326,2,PROD-002,1,11.9,9.5
ORD-2024-036327,1,PROD-015,1,26.76,20.37
ORD-2024-036327,2,PROD-052,1,46.48,43.91
ORD-2024-036328,1,PROD-004,3,20.28,60.17
ORD-2024-036329,1,PROD-002,1,11.9,7.63
ORD-2024-036329,2,PROD-041,2,11.83,18.93
ORD-2024-036330,1,PROD-034,1,9.01,4.05
ORD-2024-036331,1,PROD-010,1,38.03,36.4
ORD-2024-036331,2,PROD-041,3,11.83,33.72
ORD-2024-036332,1,PROD-049,1,80.28,77.01
ORD-2024-036332,2,PROD-003,1,14.37,14.29
ORD-2024-036333,1,PROD-010,1,38.03,30.56
ORD-2024-036334,1,PROD-041,1,11.83,9.67
ORD-2024-036335,1,PROD-002,1,11.9,5.35
ORD-2024-036336,1,PROD-023,2,7.89,12.75
ORD-2024-036337,1,PROD-008,1,9.9,8.99
ORD-2024-036338,1,PROD-005,1,20.28,19.86
ORD-2024-036339,1,PROD-013,1,11.9,9.51
ORD-2024-036339,2,PROD-040,3,15.21,39.07
ORD-2024-036339,3,PROD-005,1,20.28,19.59
ORD-2024-036339,4,PROD-003,1,14.37,13.07
ORD-2024-036339,5,PROD-002,1,11.9,10.98
ORD-2024-036340,1,PROD-005,1,20.28,17.49
ORD-2024-036341,1,PROD-001,1,12.9,10.98
ORD-2024-036342,1,PROD-026,1,14.65,11.74
ORD-2024-036343,1,PROD-059,1,52.11,23.45
ORD-2024-036344,1,PROD-052,2,46.48,48.64
ORD-2024-036345,1,PROD-004,2,20.28,18.25
ORD-2024-036346,1,PROD-025,1,21.97,16.07
ORD-2024-036347,1,PROD-036,2,11.55,16.65
ORD-2024-036348,1,PROD-035,2,10.14,19.53
ORD-2024-036349,1,PROD-051,1,36.06,35.27
ORD-2024-036349,2,PROD-027,1,21.13,20.13
ORD-2024-036350,1,PROD-041,1,11.83,8.52
ORD-2024-036351,1,PROD-044,1,40.85,35.08
ORD-2024-036351,2,PROD-001,2,12.9,22.99
ORD-2024-036352,1,PROD-041,1,11.83,7.16
ORD-2024-036352,2,PROD-008,1,9.9,8.91
ORD-2024-036352,3,PROD-034,3,9.01,19.6
ORD-2024-036353,1,PROD-004,1,20.28,15.29
ORD-2024-036354,1,PROD-002,1,11.9,9.5
ORD-2024-036354,2,PROD-004,2,20.28,40.46
ORD-2024-036355,1,PROD-058,1,39.44,36.51
ORD-2024-036355,2,PROD-004,1,20.28,17.62
ORD-2024-036355,3,PROD-020,1,10.14,9.42
ORD-2024-036356,1,PROD-014,2,9.9,18.59
ORD-2024-036356,2,PROD-034,1,9.01,4.05
ORD-2024-036357,1,PROD-036,1,11.55,11.12
ORD-2024-036357,2,PROD-005,3,20.28,59.2
ORD-2024-036357,3,PROD-013,2,11.9,22.56
ORD-2024-036357,4,PROD-003,1,14.37,14.01
ORD-2024-036358,1,PROD-058,1,39.44,29.39
ORD-2024-036358,2,PROD-007,1,17.18,15.45
ORD-2024-036358,3,PROD-041,2,11.83,17.93
ORD-2024-036359,1,PROD-053,1,53.52,24.08
ORD-2024-036359,2,PROD-006,2,32.39,55.21
ORD-2024-036360,1,PROD-007,1,17.18,16.23
ORD-2024-036360,2,PROD-027,2,21.13,39.88
ORD-2024-036360,3,PROD-035,2,10.14,17.95
ORD-2024-036361,1,PROD-058,1,39.44,28.74
ORD-2024-036362,1,PROD-001,1,12.9,5.8
ORD-2024-036362,2,PROD-049,1,80.28,36.13
ORD-2024-036363,1,PROD-001,3,12.9,37.51
ORD-2024-036364,1,PROD-026,1,14.65,13.85
ORD-2024-036364,2,PROD-006,1,32.39,26.5
ORD-2024-036365,1,PROD-049,1,80.28,63.73
ORD-2024-036365,2,PROD-004,1,20.28,18.18
ORD-2024-036366,1,PROD-030,1,49.3,41.81
ORD-2024-036366,2,PROD-007,2,17.18,29.38
ORD-2024-036367,1,PROD-016,2,8.9,17.03
ORD-2024-036368,1,PROD-004,1,20.28,16.16
ORD-2024-036369,1,PROD-022,1,9.01,4.05
ORD-2024-036369,2,PROD-020,1,10.14,4.56
ORD-2024-036370,1,PROD-039,1,8.17,4.27
ORD-2024-036371,1,PROD-027,1,21.13,18.44
ORD-2024-036371,2,PROD-004,1,20.28,16.25
ORD-2024-036371,3,PROD-007,2,17.18,28.55
ORD-2024-036372,1,PROD-024,1,8.73,6.85
ORD-2024-036373,1,PROD-008,1,9.9,8.14
ORD-2024-036373,2,PROD-034,2,9.01,12.66
ORD-2024-036374,1,PROD-026,1,14.65,12.66
ORD-2024-036374,2,PROD-036,1,11.55,8.86
ORD-2024-036375,1,PROD-023,2,7.89,14.27
ORD-2024-036375,2,PROD-031,2,53.52,90.98
ORD-2024-036376,1,PROD-003,2,14.37,23.37
ORD-2024-036377,1,PROD-003,2,14.37,26.2
ORD-2024-036377,2,PROD-004,2,20.28,39.56
ORD-2024-036378,1,PROD-005,2,20.28,28.41
ORD-2024-036378,2,PROD-036,3,11.55,21.35
ORD-2024-036378,3,PROD-049,1,80.28,68.74
ORD-2024-036379,1,PROD-030,1,49.3,25.63
ORD-2024-036380,1,PROD-037,2,9.86,12.29
ORD-2024-036381,1,PROD-008,1,9.9,6.21
ORD-2024-036381,2,PROD-034,1,9.01,7.93
ORD-2024-036381,3,PROD-007,1,17.18,16.29
ORD-2024-036381,4,PROD-005,1,20.28,15.24
ORD-2024-036382,1,PROD-017,3,12.5,35.4
ORD-2024-036382,2,PROD-004,1,20.28,19.47
ORD-2024-036382,3,PROD-010,1,38.03,37.81
ORD-2024-036382,4,PROD-050,1,61.97,56.97
ORD-2024-036383,1,PROD-032,2,19.72,28.57
ORD-2024-036384,1,PROD-051,1,36.06,16.23
ORD-2024-036385,1,PROD-010,1,38.03,24.2
ORD-2024-036386,1,PROD-001,1,12.9,12.39
ORD-2024-036386,2,PROD-007,1,17.18,17.05
ORD-2024-036387,1,PROD-032,3,19.72,54.24
ORD-2024-036387,2,PROD-003,1,14.37,13.01
ORD-2024-036387,3,PROD-042,1,73.24,67.13
ORD-2024-036387,4,PROD-034,2,9.01,14.64
ORD-2024-036387,5,PROD-013,1,11.9,11.35
ORD-2024-036388,1,PROD-021,1,15.49,6.97
ORD-2024-036389,1,PROD-030,2,49.3,44.37
ORD-2024-036390,1,PROD-006,1,32.39,28.61
ORD-2024-036390,2,PROD-055,1,74.65,73.02
ORD-2024-036391,1,PROD-004,1,20.28,19.35
ORD-2024-036391,2,PROD-003,1,14.37,14.04
ORD-2024-036392,1,PROD-010,1,38.03,37.56
ORD-2024-036392,2,PROD-022,1,9.01,8.79
ORD-2024-036393,1,PROD-054,1,59.15,55.36
ORD-2024-036394,1,PROD-004,1,20.28,14.64
ORD-2024-036395,1,PROD-060,1,42.25,35.79
ORD-2024-036396,1,PROD-058,1,39.44,31.43
ORD-2024-036397,1,PROD-013,2,11.9,23.42
ORD-2024-036398,1,PROD-037,1,9.86,9.58
ORD-2024-036398,2,PROD-035,2,10.14,17.42
ORD-2024-036399,1,PROD-002,1,11.9,11.39
ORD-2024-036400,1,PROD-017,1,12.5,11.71
ORD-2024-036401,1,PROD-041,1,11.83,5.9
ORD-2024-036401,2,PROD-035,1,10.14,9.31
ORD-2024-036402,1,PROD-015,1,26.76,24.21
ORD-2024-036403,1,PROD-040,1,15.21,6.84
ORD-2024-036403,2,PROD-002,1,11.9,5.35
ORD-2024-036403,3,PROD-003,2,14.37,24.7
ORD-2024-036404,1,PROD-003,1,14.37,13.32
ORD-2024-036405,1,PROD-029,2,24.79,24.14
ORD-2024-036405,2,PROD-006,1,32.39,17.66
ORD-2024-036406,1,PROD-037,1,9.86,7.6
ORD-2024-036406,2,PROD-001,1,12.9,6.82
ORD-2024-036407,1,PROD-039,1,8.17,7.44
ORD-2024-036407,2,PROD-034,1,9.01,8.76
ORD-2024-036408,1,PROD-052,1,46.48,39.1
ORD-2024-036409,1,PROD-038,1,7.89,5.5
ORD-2024-036410,1,PROD-060,1,42.25,38.4
ORD-2024-036411,1,PROD-041,1,11.83,10.77
ORD-2024-036411,2,PROD-007,1,17.18,15.25
ORD-2024-036412,1,PROD-005,1,20.28,18.56
ORD-2024-036412,2,PROD-002,1,11.9,11.35
ORD-2024-036413,1,PROD-029,1,24.79,23.8
ORD-2024-036414,1,PROD-010,1,38.03,32.47
ORD-2024-036415,1,PROD-006,1,32.39,14.58
ORD-2024-036416,1,PROD-004,1,20.28,19.26
ORD-2024-036416,2,PROD-001,3,12.9,37.42
ORD-2024-036417,1,PROD-028,1,17.18,13.93
ORD-2024-036417,2,PROD-007,2,17.18,21.78
ORD-2024-036417,3,PROD-027,1,21.13,12.68
ORD-2024-036418,1,PROD-034,2,9.01,15.04
ORD-2024-036419,1,PROD-006,1,32.39,31.9
ORD-2024-036420,1,PROD-007,2,17.18,29.64
ORD-2024-036421,1,PROD-004,3,20.28,55.35
ORD-2024-036422,1,PROD-029,1,24.79,11.16
ORD-2024-036423,1,PROD-015,1,26.76,24.85
ORD-2024-036424,1,PROD-054,1,59.15,53.4
ORD-2024-036425,1,PROD-059,1,52.11,48.42
ORD-2024-036425,2,PROD-054,1,59.15,28.7
ORD-2024-036425,3,PROD-052,1,46.48,32.63
ORD-2024-036426,1,PROD-003,2,14.37,24.2
ORD-2024-036427,1,PROD-034,3,9.01,17.75
ORD-2024-036428,1,PROD-005,2,20.28,36.36
ORD-2024-036428,2,PROD-040,1,15.21,14.47
ORD-2024-036429,1,PROD-006,1,32.39,19.19
ORD-2024-036429,2,PROD-042,2,73.24,117.42
ORD-2024-036429,3,PROD-041,1,11.83,11.43
ORD-2024-036430,1,PROD-005,1,20.28,19.57
ORD-2024-036431,1,PROD-010,1,38.03,31.33
ORD-2024-036432,1,PROD-039,2,8.17,10.51
ORD-2024-036433,1,PROD-041,2,11.83,16.52
ORD-2024-036433,2,PROD-019,1,29.58,25.68
ORD-2024-036433,3,PROD-038,1,7.89,6.36
ORD-2024-036434,1,PROD-032,1,19.72,18.06
ORD-2024-036435,1,PROD-004,1,20.28,18.03
ORD-2024-036436,1,PROD-029,1,24.79,11.16
ORD-2024-036437,1,PROD-021,1,15.49,12.17
ORD-2024-036438,1,PROD-002,2,11.9,21.16
ORD-2024-036439,1,PROD-058,1,39.44,27.28
ORD-2024-036440,1,PROD-028,1,17.18,10.4
ORD-2024-036441,1,PROD-041,1,11.83,10.08
ORD-2024-036441,2,PROD-004,2,20.28,29.94
ORD-2024-036441,3,PROD-005,2,20.28,26.55
ORD-2024-036442,1,PROD-010,1,38.03,29.05
ORD-2024-036443,1,PROD-002,1,11.9,9.4
ORD-2024-036443,2,PROD-004,1,20.28,18.91
ORD-2024-036443,3,PROD-006,1,32.39,29.32
ORD-2024-036444,1,PROD-027,1,21.13,18.8
ORD-2024-036444,2,PROD-011,1,14.9,12.6
ORD-2024-036444,3,PROD-003,1,14.37,11.16
ORD-2024-036445,1,PROD-005,1,20.28,19.3
ORD-2024-036445,2,PROD-015,1,26.76,25.83
ORD-2024-036446,1,PROD-005,1,20.28,14.56
ORD-2024-036446,2,PROD-024,1,8.73,8.36
ORD-2024-036447,1,PROD-021,1,15.49,10.21
ORD-2024-036448,1,PROD-032,4,19.72,38.15
ORD-2024-036448,2,PROD-002,2,11.9,16.05
ORD-2024-036449,1,PROD-008,1,9.9,6.58
ORD-2024-036450,1,PROD-007,2,17.18,33.68
ORD-2024-036451,1,PROD-017,1,12.5,12.16
ORD-2024-036452,1,PROD-002,2,11.9,23.01
ORD-2024-036452,2,PROD-024,1,8.73,5.34
ORD-2024-036453,1,PROD-005,3,20.28,59.85
ORD-2024-036454,1,PROD-003,1,14.37,9.87
ORD-2024-036455,1,PROD-001,2,12.9,25.48
ORD-2024-036455,2,PROD-004,2,20.28,40.12
ORD-2024-036455,3,PROD-034,1,9.01,8.79
ORD-2024-036456,1,PROD-004,1,20.28,17.12
ORD-2024-036457,1,PROD-005,2,20.28,37.88
ORD-2024-036457,2,PROD-001,1,12.9,10.63
ORD-2024-036458,1,PROD-036,4,11.55,45.22
ORD-2024-036458,2,PROD-052,1,46.48,45.36
ORD-2024-036459,1,PROD-022,2,9.01,9.33
ORD-2024-036459,2,PROD-028,1,17.18,9.44
ORD-2024-036460,1,PROD-004,1,20.28,19.29
ORD-2024-036461,1,PROD-058,1,39.44,17.75
ORD-2024-036462,1,PROD-015,1,26.76,25.45
ORD-2024-036463,1,PROD-004,1,20.28,14.66
ORD-2024-036463,2,PROD-029,1,24.79,22.25
ORD-2024-036463,3,PROD-023,2,7.89,13.45
ORD-2024-036463,4,PROD-034,2,9.01,16.84
ORD-2024-036464,1,PROD-026,2,14.65,27.04
ORD-2024-036465,1,PROD-008,1,9.9,8.85
ORD-2024-036466,1,PROD-044,1,40.85,38.65
ORD-2024-036466,2,PROD-017,1,12.5,12.35
ORD-2024-036467,1,PROD-005,1,20.28,16.51
ORD-2024-036467,2,PROD-041,2,11.83,19.8
ORD-2024-036467,3,PROD-001,1,12.9,12.7
ORD-2024-036468,1,PROD-001,1,12.9,8.73
ORD-2024-036469,1,PROD-011,1,14.9,10.2
ORD-2024-036470,1,PROD-024,2,8.73,16.09
ORD-2024-036470,2,PROD-006,1,32.39,31.73
ORD-2024-036471,1,PROD-051,1,36.06,32.38
ORD-2024-036471,2,PROD-002,3,11.9,32.14
ORD-2024-036472,1,PROD-028,2,17.18,29.39
ORD-2024-036472,2,PROD-024,1,8.73,8.06
ORD-2024-036473,1,PROD-001,2,12.9,23.05
ORD-2024-036473,2,PROD-035,1,10.14,9.33
ORD-2024-036473,3,PROD-007,1,17.18,15.86
ORD-2024-036474,1,PROD-010,1,38.03,29.39
ORD-2024-036475,1,PROD-016,1,8.9,6.73
ORD-2024-036476,1,PROD-002,1,11.9,9.99
ORD-2024-036476,2,PROD-001,2,12.9,17.75
ORD-2024-036476,3,PROD-035,1,10.14,8.21
ORD-2024-036476,4,PROD-012,2,18.5,30.94
ORD-2024-036477,1,PROD-050,1,61.97,45.32
ORD-2024-036478,1,PROD-001,3,12.9,38.48
ORD-2024-036479,1,PROD-006,1,32.39,30.96
ORD-2024-036480,1,PROD-039,1,8.17,7.98
ORD-2024-036480,2,PROD-007,1,17.18,16.88
ORD-2024-036480,3,PROD-003,1,14.37,13.89
ORD-2024-036481,1,PROD-005,2,20.28,35.53
ORD-2024-036482,1,PROD-002,2,11.9,22.56
ORD-2024-036482,2,PROD-001,2,12.9,22.16
ORD-2024-036483,1,PROD-033,1,52.11,46.77
ORD-2024-036484,1,PROD-001,1,12.9,9.6
ORD-2024-036484,2,PROD-004,1,20.28,18.95
ORD-2024-036485,1,PROD-007,2,17.18,33.18
ORD-2024-036486,1,PROD-013,1,11.9,11.33
ORD-2024-036486,2,PROD-041,2,11.83,17.24
ORD-2024-036487,1,PROD-001,1,12.9,9.15
ORD-2024-036488,1,PROD-005,1,20.28,17.57
ORD-2024-036488,2,PROD-034,1,9.01,6.82
ORD-2024-036488,3,PROD-022,2,9.01,14.13
ORD-2024-036489,1,PROD-033,2,52.11,80.52
ORD-2024-036490,1,PROD-010,1,38.03,36.1
ORD-2024-036491,1,PROD-033,1,52.11,44.07
ORD-2024-036492,1,PROD-001,2,12.9,22.84
ORD-2024-036492,2,PROD-005,3,20.28,57.96
ORD-2024-036493,1,PROD-022,1,9.01,7.66
ORD-2024-036494,1,PROD-038,3,7.89,21.26
ORD-2024-036495,1,PROD-005,2,20.28,33.63
ORD-2024-036496,1,PROD-030,1,49.3,47.65
ORD-2024-036497,1,PROD-017,1,12.5,11.58
ORD-2024-036498,1,PROD-007,1,17.18,15.75
ORD-2024-036499,1,PROD-002,3,11.9,34.64
ORD-2024-036499,2,PROD-015,3,26.76,80.2
ORD-2024-036499,3,PROD-040,1,15.21,15.02
ORD-2024-036500,1,PROD-038,2,7.89,12.88
ORD-2024-036501,1,PROD-001,1,12.9,12.77
ORD-2024-036502,1,PROD-022,1,9.01,8.7
ORD-2024-036502,2,PROD-028,2,17.18,32.96
ORD-2024-036503,1,PROD-004,1,20.28,18.66
ORD-2024-036504,1,PROD-027,1,21.13,19.66
ORD-2024-036504,2,PROD-037,2,9.86,17.64
ORD-2024-036504,3,PROD-021,1,15.49,14.58
ORD-2024-036504,4,PROD-006,1,32.39,30.02
ORD-2024-036505,1,PROD-002,2,11.9,18.89
ORD-2024-036505,2,PROD-004,2,20.28,32.5
ORD-2024-036505,3,PROD-027,2,21.13,38.49
ORD-2024-036506,1,PROD-005,1,20.28,19.51
ORD-2024-036506,2,PROD-006,2,32.39,53.86
ORD-2024-036506,3,PROD-004,1,20.28,18.92
ORD-2024-036506,4,PROD-015,1,26.76,24.64
ORD-2024-036507,1,PROD-037,1,9.86,9.66
ORD-2024-036508,1,PROD-023,1,7.89,6.82
ORD-2024-036508,2,PROD-005,2,20.28,34.21
ORD-2024-036509,1,PROD-040,1,15.21,14.79
ORD-2024-036510,1,PROD-051,1,36.06,34.59
ORD-2024-036510,2,PROD-005,3,20.28,54.1
ORD-2024-036511,1,PROD-013,2,11.9,21.97
ORD-2024-036512,1,PROD-050,1,61.97,51.69
ORD-2024-036512,2,PROD-038,1,7.89,7.31
ORD-2024-036513,1,PROD-004,1,20.28,18.65
ORD-2024-036514,1,PROD-004,2,20.28,32.54
ORD-2024-036514,2,PROD-034,1,9.01,8.17
ORD-2024-036514,3,PROD-026,1,14.65,12.68
ORD-2024-036515,1,PROD-001,2,12.9,20.97
ORD-2024-036515,2,PROD-004,1,20.28,19.79
ORD-2024-036515,3,PROD-016,1,8.9,8.62
ORD-2024-036515,4,PROD-021,1,15.49,14.43
ORD-2024-036516,1,PROD-003,1,14.37,13.93
ORD-2024-036516,2,PROD-034,1,9.01,8.23
ORD-2024-036516,3,PROD-049,1,80.28,65.48
ORD-2024-036516,4,PROD-035,3,10.14,25.53
ORD-2024-036517,1,PROD-013,1,11.9,10.81
ORD-2024-036518,1,PROD-032,1,19.72,17.85
ORD-2024-036519,1,PROD-005,2,20.28,39.96
ORD-2024-036520,1,PROD-005,1,20.28,19.82
ORD-2024-036520,2,PROD-036,2,11.55,22.24
ORD-2024-036521,1,PROD-004,1,20.28,18.42
ORD-2024-036522,1,PROD-017,1,12.5,11.63
ORD-2024-036523,1,PROD-007,2,17.18,23.05
ORD-2024-036524,1,PROD-021,1,15.49,15.01
ORD-2024-036524,2,PROD-001,2,12.9,22.23
ORD-2024-036524,3,PROD-039,1,8.17,7.2
ORD-2024-036525,1,PROD-002,2,11.9,22.83
ORD-2024-036525,2,PROD-006,1,32.39,31.16
ORD-2024-036526,1,PROD-001,2,12.9,21.78
ORD-2024-036526,2,PROD-013,1,11.9,11.51
ORD-2024-036527,1,PROD-041,3,11.83,27.18
ORD-2024-036527,2,PROD-002,1,11.9,11.08
ORD-2024-036527,3,PROD-004,1,20.28,17.21
ORD-2024-036527,4,PROD-001,1,12.9,11.12
ORD-2024-036528,1,PROD-027,2,21.13,39.9
ORD-2024-036529,1,PROD-007,2,17.18,33.93
ORD-2024-036530,1,PROD-004,1,20.28,18.5
ORD-2024-036531,1,PROD-014,3,9.9,29.36
ORD-2024-036532,1,PROD-002,1,11.9,11.47
ORD-2024-036533,1,PROD-010,1,38.03,37.4
ORD-2024-036533,2,PROD-035,2,10.14,18.94
ORD-2024-036533,3,PROD-001,1,12.9,12.57
ORD-2024-036533,4,PROD-038,2,7.89,14.9
ORD-2024-036533,5,PROD-037,2,9.86,15.91
ORD-2024-036534,1,PROD-038,2,7.89,14.89
ORD-2024-036535,1,PROD-005,1,20.28,15.94
ORD-2024-036536,1,PROD-036,1,11.55,11.13
ORD-2024-036536,2,PROD-004,2,20.28,38.72
ORD-2024-036537,1,PROD-038,3,7.89,11.35
ORD-2024-036538,1,PROD-024,1,8.73,8.41
ORD-2024-036538,2,PROD-020,2,10.14,15.81
ORD-2024-036538,3,PROD-004,1,20.28,18.81
ORD-2024-036539,1,PROD-005,3,20.28,57.23
ORD-2024-036540,1,PROD-001,1,12.9,12.29
ORD-2024-036540,2,PROD-007,2,17.18,32.01
ORD-2024-036541,1,PROD-038,1,7.89,7.1
ORD-2024-036542,1,PROD-003,1,14.37,14.21
ORD-2024-036542,2,PROD-050,1,61.97,56.68
ORD-2024-036543,1,PROD-001,2,12.9,23.83
ORD-2024-036544,1,PROD-003,1,14.37,13.43
ORD-2024-036545,1,PROD-049,1,80.28,65.19
ORD-2024-036545,2,PROD-004,2,20.28,39.47
ORD-2024-036546,1,PROD-016,2,8.9,15.24
ORD-2024-036546,2,PROD-010,1,38.03,25.82
ORD-2024-036546,3,PROD-004,1,20.28,16.8
ORD-2024-036547,1,PROD-004,3,20.28,57.71
ORD-2024-036547,2,PROD-007,2,17.18,33.75
ORD-2024-036547,3,PROD-011,1,14.9,14.84
ORD-2024-036547,4,PROD-035,1,10.14,10.0
ORD-2024-036548,1,PROD-040,3,15.21,42.85
ORD-2024-036549,1,PROD-048,1,55.77,54.49
ORD-2024-036549,2,PROD-032,2,19.72,39.29
ORD-2024-036550,1,PROD-019,1,29.58,21.83
ORD-2024-036551,1,PROD-038,4,7.89,29.16
ORD-2024-036552,1,PROD-005,1,20.28,17.7
ORD-2024-036552,2,PROD-003,2,14.37,20.01
ORD-2024-036552,3,PROD-001,2,12.9,24.65
ORD-2024-036553,1,PROD-032,2,19.72,37.0
ORD-2024-036553,2,PROD-005,3,20.28,59.85
ORD-2024-036553,3,PROD-001,1,12.9,12.72
ORD-2024-036553,4,PROD-010,2,38.03,75.81
ORD-2024-036554,1,PROD-003,3,14.37,41.89
ORD-2024-036554,2,PROD-008,1,9.9,8.71
ORD-2024-036554,3,PROD-037,2,9.86,16.34
ORD-2024-036555,1,PROD-027,1,21.13,20.73
ORD-2024-036556,1,PROD-028,2,17.18,33.68
ORD-2024-036557,1,PROD-002,1,11.9,9.3
ORD-2024-036558,1,PROD-005,2,20.28,37.2
ORD-2024-036559,1,PROD-006,1,32.39,30.97
ORD-2024-036560,1,PROD-002,3,11.9,34.38
ORD-2024-036560,2,PROD-047,1,108.45,101.34
ORD-2024-036561,1,PROD-003,3,14.37,42.3
ORD-2024-036561,2,PROD-032,2,19.72,39.04
ORD-2024-036562,1,PROD-002,1,11.9,10.86
ORD-2024-036562,2,PROD-008,1,9.9,9.16
ORD-2024-036563,1,PROD-005,1,20.28,19.35
ORD-2024-036564,1,PROD-023,2,7.89,15.67
ORD-2024-036565,1,PROD-004,1,20.28,19.12
ORD-2024-036566,1,PROD-003,2,14.37,27.12
ORD-2024-036567,1,PROD-025,1,21.97,20.4
ORD-2024-036567,2,PROD-030,1,49.3,48.49
ORD-2024-036568,1,PROD-059,1,52.11,25.6
ORD-2024-036569,1,PROD-031,1,53.52,41.19
ORD-2024-036570,1,PROD-039,1,8.17,7.78
ORD-2024-036571,1,PROD-005,1,20.28,18.41
ORD-2024-036571,2,PROD-008,3,9.9,25.5
ORD-2024-036571,3,PROD-002,2,11.9,22.89
ORD-2024-036572,1,PROD-005,2,20.28,37.44
ORD-2024-036572,2,PROD-041,2,11.83,22.83
ORD-2024-036573,1,PROD-002,1,11.9,10.3
ORD-2024-036574,1,PROD-007,1,17.18,16.44
ORD-2024-036574,2,PROD-023,1,7.89,7.25
ORD-2024-036575,1,PROD-006,1,32.39,24.68
ORD-2024-036576,1,PROD-034,1,9.01,8.27
ORD-2024-036577,1,PROD-034,1,9.01,8.86
ORD-2024-036578,1,PROD-007,1,17.18,15.29
ORD-2024-036579,1,PROD-007,2,17.18,33.7
ORD-2024-036580,1,PROD-002,1,11.9,10.18
ORD-2024-036580,2,PROD-001,1,12.9,12.33
ORD-2024-036580,3,PROD-010,1,38.03,35.35
ORD-2024-036581,1,PROD-002,1,11.9,10.69
ORD-2024-036582,1,PROD-048,1,55.77,42.53
ORD-2024-036583,1,PROD-031,2,53.52,105.22
ORD-2024-036584,1,PROD-022,1,9.01,8.09
ORD-2024-036585,1,PROD-005,1,20.28,10.44
ORD-2024-036586,1,PROD-004,1,20.28,17.81
ORD-2024-036587,1,PROD-004,1,20.28,17.88
ORD-2024-036588,1,PROD-011,1,14.9,14.39
ORD-2024-036589,1,PROD-034,3,9.01,24.23
ORD-2024-036590,1,PROD-002,2,11.9,22.1
ORD-2024-036591,1,PROD-001,1,12.9,12.75
ORD-2024-036592,1,PROD-005,3,20.28,50.53
ORD-2024-036592,2,PROD-036,2,11.55,18.95
ORD-2024-036592,3,PROD-034,2,9.01,17.74
ORD-2024-036593,1,PROD-001,1,12.9,11.57
ORD-2024-036593,2,PROD-004,2,20.28,37.47
ORD-2024-036594,1,PROD-038,3,7.89,20.56
ORD-2024-036595,1,PROD-005,1,20.28,19.35
ORD-2024-036595,2,PROD-003,2,14.37,26.57
ORD-2024-036596,1,PROD-028,1,17.18,16.58
ORD-2024-036597,1,PROD-015,1,26.76,26.71
ORD-2024-036598,1,PROD-003,1,14.37,13.33
ORD-2024-036599,1,PROD-020,1,10.14,9.79
ORD-2024-036599,2,PROD-034,1,9.01,6.93
ORD-2024-036600,1,PROD-006,1,32.39,31.98
ORD-2024-036600,2,PROD-030,1,49.3,39.38
ORD-2024-036601,1,PROD-005,2,20.28,39.12
ORD-2024-036601,2,PROD-010,2,38.03,57.2
ORD-2024-036601,3,PROD-052,1,46.48,27.17
ORD-2024-036602,1,PROD-007,1,17.18,14.89
ORD-2024-036602,2,PROD-026,1,14.65,7.76
ORD-2024-036602,3,PROD-005,1,20.28,11.31
ORD-2024-036603,1,PROD-010,1,38.03,33.59
ORD-2024-036603,2,PROD-007,1,17.18,14.52
ORD-2024-036603,3,PROD-012,2,18.5,33.76
ORD-2024-036604,1,PROD-003,2,14.37,23.77
ORD-2024-036604,2,PROD-015,1,26.76,25.98
ORD-2024-036604,3,PROD-034,1,9.01,8.7
ORD-2024-036604,4,PROD-001,2,12.9,25.37
ORD-2024-036605,1,PROD-024,1,8.73,8.38
ORD-2024-036605,2,PROD-020,1,10.14,4.92
ORD-2024-036606,1,PROD-005,1,20.28,18.87
ORD-2024-036606,2,PROD-027,1,21.13,15.8
ORD-2024-036606,3,PROD-041,1,11.83,10.75
ORD-2024-036607,1,PROD-032,2,19.72,38.65
ORD-2024-036607,2,PROD-007,2,17.18,33.93
ORD-2024-036607,3,PROD-008,1,9.9,9.62
ORD-2024-036608,1,PROD-002,1,11.9,11.55
ORD-2024-036608,2,PROD-010,3,38.03,106.74
ORD-2024-036609,1,PROD-004,1,20.28,17.98
ORD-2024-036610,1,PROD-003,2,14.37,27.34
ORD-2024-036610,2,PROD-033,3,52.11,131.46
ORD-2024-036611,1,PROD-005,3,20.28,52.2
ORD-2024-036612,1,PROD-013,1,11.9,11.41
ORD-2024-036612,2,PROD-008,1,9.9,9.69
ORD-2024-036613,1,PROD-017,2,12.5,21.39
ORD-2024-036614,1,PROD-006,1,32.39,32.05
ORD-2024-036615,1,PROD-004,1,20.28,19.78
ORD-2024-036615,2,PROD-020,1,10.14,9.86
ORD-2024-036615,3,PROD-035,1,10.14,9.84
ORD-2024-036615,4,PROD-032,2,19.72,38.32
ORD-2024-036615,5,PROD-008,2,9.9,19.24
ORD-2024-036616,1,PROD-013,2,11.9,20.95
ORD-2024-036617,1,PROD-003,2,14.37,28.32
ORD-2024-036618,1,PROD-001,1,12.9,12.58
ORD-2024-036618,2,PROD-036,2,11.55,21.23
ORD-2024-036619,1,PROD-026,1,14.65,13.02
ORD-2024-036620,1,PROD-002,1,11.9,11.71
ORD-2024-036620,2,PROD-034,3,9.01,24.84
ORD-2024-036621,1,PROD-037,2,9.86,18.69
ORD-2024-036622,1,PROD-005,3,20.28,50.95
ORD-2024-036622,2,PROD-008,2,9.9,18.88
ORD-2024-036622,3,PROD-038,2,7.89,14.49
ORD-2024-036623,1,PROD-036,2,11.55,19.7
ORD-2024-036624,1,PROD-007,1,17.18,8.22
ORD-2024-036624,2,PROD-034,1,9.01,6.23
ORD-2024-036625,1,PROD-024,2,8.73,12.09
ORD-2024-036626,1,PROD-011,2,14.9,29.48
ORD-2024-036626,2,PROD-032,2,19.72,37.55
ORD-2024-036627,1,PROD-013,1,11.9,6.95
ORD-2024-036627,2,PROD-034,1,9.01,7.85
ORD-2024-036628,1,PROD-003,1,14.37,13.18
ORD-2024-036629,1,PROD-004,1,20.28,18.58
ORD-2024-036629,2,PROD-007,2,17.18,31.2
ORD-2024-036630,1,PROD-041,2,11.83,19.75
ORD-2024-036630,2,PROD-006,2,32.39,46.48
ORD-2024-036631,1,PROD-036,1,11.55,11.36
ORD-2024-036631,2,PROD-027,1,21.13,19.21
ORD-2024-036632,1,PROD-051,1,36.06,34.12
ORD-2024-036633,1,PROD-005,1,20.28,17.87
ORD-2024-036633,2,PROD-004,1,20.28,18.65
ORD-2024-036634,1,PROD-002,2,11.9,23.12
ORD-2024-036635,1,PROD-028,1,17.18,14.97
ORD-2024-036636,1,PROD-001,1,12.9,10.59
ORD-2024-036636,2,PROD-014,1,9.9,9.54
ORD-2024-036637,1,PROD-044,1,40.85,38.79
ORD-2024-036638,1,PROD-005,3,20.28,50.29
ORD-2024-036638,2,PROD-008,1,9.9,8.94
ORD-2024-036638,3,PROD-041,2,11.83,20.12
ORD-2024-036638,4,PROD-004,1,20.28,19.25
ORD-2024-036639,1,PROD-002,3,11.9,34.91
ORD-2024-036639,2,PROD-034,3,9.01,26.39
ORD-2024-036640,1,PROD-042,3,73.24,192.87
ORD-2024-036641,1,PROD-003,1,14.37,12.36
ORD-2024-036642,1,PROD-030,1,49.3,48.41
ORD-2024-036642,2,PROD-024,1,8.73,7.2
ORD-2024-036642,3,PROD-005,2,20.28,37.33
ORD-2024-036643,1,PROD-035,4,10.14,37.47
ORD-2024-036644,1,PROD-007,1,17.18,16.94
ORD-2024-036645,1,PROD-024,1,8.73,8.69
ORD-2024-036645,2,PROD-002,1,11.9,11.8
ORD-2024-036645,3,PROD-014,1,9.9,9.74
ORD-2024-036646,1,PROD-001,3,12.9,37.03
ORD-2024-036647,1,PROD-056,1,101.41,92.18
ORD-2024-036648,1,PROD-003,2,14.37,27.78
ORD-2024-036649,1,PROD-034,4,9.01,26.23
ORD-2024-036650,1,PROD-021,1,15.49,15.16
ORD-2024-036651,1,PROD-002,3,11.9,24.61
ORD-2024-036652,1,PROD-021,2,15.49,30.22
ORD-2024-036653,1,PROD-005,3,20.28,58.26
ORD-2024-036653,2,PROD-052,1,46.48,45.3
ORD-2024-036654,1,PROD-002,3,11.9,32.82
ORD-2024-036654,2,PROD-038,1,7.89,5.45
ORD-2024-036654,3,PROD-007,1,17.18,15.23
ORD-2024-036655,1,PROD-040,1,15.21,14.89
ORD-2024-036656,1,PROD-039,2,8.17,14.68
ORD-2024-036656,2,PROD-003,1,14.37,13.89
ORD-2024-036656,3,PROD-038,3,7.89,23.42
ORD-2024-036656,4,PROD-006,1,32.39,30.15
ORD-2024-036657,1,PROD-004,2,20.28,34.62
ORD-2024-036657,2,PROD-002,2,11.9,23.3
ORD-2024-036658,1,PROD-022,1,9.01,8.28
ORD-2024-036659,1,PROD-004,1,20.28,17.77
ORD-2024-036660,1,PROD-023,1,7.89,7.15
ORD-2024-036661,1,PROD-026,1,14.65,13.92
ORD-2024-036661,2,PROD-021,1,15.49,15.41
ORD-2024-036661,3,PROD-022,2,9.01,17.08
ORD-2024-036661,4,PROD-002,2,11.9,22.1
ORD-2024-036662,1,PROD-008,2,9.9,16.55
ORD-2024-036662,2,PROD-032,2,19.72,34.75
ORD-2024-036663,1,PROD-007,1,17.18,15.31
ORD-2024-036663,2,PROD-041,1,11.83,9.84
ORD-2024-036663,3,PROD-034,3,9.01,25.12
ORD-2024-036664,1,PROD-006,2,32.39,55.16
ORD-2024-036664,2,PROD-002,3,11.9,25.39
ORD-2024-036664,3,PROD-036,1,11.55,5.64
ORD-2024-036665,1,PROD-013,1,11.9,11.61
ORD-2024-036666,1,PROD-038,1,7.89,7.14
ORD-2024-036667,1,PROD-008,2,9.9,19.57
ORD-2024-036668,1,PROD-006,1,32.39,21.65
ORD-2024-036668,2,PROD-002,1,11.9,10.43
ORD-2024-036669,1,PROD-001,1,12.9,12.33
ORD-2024-036670,1,PROD-037,1,9.86,9.19
ORD-2024-036671,1,PROD-036,4,11.55,38.62
ORD-2024-036671,2,PROD-003,1,14.37,8.78
ORD-2024-036672,1,PROD-044,1,40.85,30.73
ORD-2024-036672,2,PROD-002,2,11.9,22.22
ORD-2024-036672,3,PROD-003,1,14.37,13.45
ORD-2024-036673,1,PROD-035,1,10.14,8.28
ORD-2024-036673,2,PROD-038,2,7.89,13.83
ORD-2024-036673,3,PROD-003,2,14.37,26.35
ORD-2024-036674,1,PROD-032,2,19.72,37.72
ORD-2024-036674,2,PROD-006,3,32.39,87.88
ORD-2024-036674,3,PROD-007,2,17.18,33.98
ORD-2024-036675,1,PROD-026,1,14.65,13.55
ORD-2024-036675,2,PROD-048,1,55.77,54.78
ORD-2024-036676,1,PROD-002,2,11.9,21.03
ORD-2024-036677,1,PROD-036,4,11.55,45.05
ORD-2024-036678,1,PROD-007,1,17.18,15.78
ORD-2024-036679,1,PROD-002,1,11.9,11.46
ORD-2024-036680,1,PROD-006,1,32.39,31.58
ORD-2024-036681,1,PROD-013,1,11.9,9.58
ORD-2024-036682,1,PROD-001,1,12.9,12.54
ORD-2024-036682,2,PROD-002,2,11.9,22.17
ORD-2024-036683,1,PROD-007,1,17.18,15.45
ORD-2024-036684,1,PROD-026,1,14.65,14.51
ORD-2024-036684,2,PROD-027,2,21.13,39.39
ORD-2024-036685,1,PROD-034,2,9.01,17.28
ORD-2024-036685,2,PROD-019,2,29.58,55.78
ORD-2024-036685,3,PROD-049,1,80.28,65.29
ORD-2024-036685,4,PROD-005,1,20.28,17.07
ORD-2024-036685,5,PROD-002,3,11.9,35.51
ORD-2024-036686,1,PROD-010,2,38.03,69.93
ORD-2024-036687,1,PROD-006,1,32.39,31.5
ORD-2024-036688,1,PROD-002,3,11.9,25.76
ORD-2024-036688,2,PROD-007,1,17.18,12.61
ORD-2024-036688,3,PROD-008,2,9.9,19.1
ORD-2024-036688,4,PROD-004,1,20.28,16.75
ORD-2024-036689,1,PROD-005,2,20.28,38.36
ORD-2024-036690,1,PROD-040,1,15.21,13.8
ORD-2024-036691,1,PROD-040,4,15.21,58.45
ORD-2024-036692,1,PROD-011,2,14.9,26.52
ORD-2024-036693,1,PROD-003,2,14.37,27.06
ORD-2024-036694,1,PROD-030,2,49.3,89.2
ORD-2024-036695,1,PROD-037,2,9.86,18.03
ORD-2024-036696,1,PROD-004,2,20.28,39.47
ORD-2024-036697,1,PROD-002,2,11.9,18.12
ORD-2024-036697,2,PROD-031,2,53.52,90.22
ORD-2024-036697,3,PROD-004,1,20.28,19.69
ORD-2024-036698,1,PROD-005,1,20.28,19.01
ORD-2024-036699,1,PROD-001,1,12.9,10.58
ORD-2024-036700,1,PROD-001,1,12.9,12.01
ORD-2024-036701,1,PROD-038,1,7.89,7.18
ORD-2024-036701,2,PROD-002,2,11.9,22.55
ORD-2024-036702,1,PROD-006,2,32.39,48.84
ORD-2024-036702,2,PROD-021,2,15.49,27.67
ORD-2024-036703,1,PROD-058,1,39.44,24.24
ORD-2024-036704,1, PROD-005 ,1,20.28,16.31
ORD-2024-036704,2,PROD-038,1,7.89,6.79
ORD-2024-036705,1,PROD-032,1,19.72,19.03
ORD-2024-036706,1,PROD-011,2,14.9,26.0
ORD-2024-036707,1,PROD-004,1,20.28,16.83
ORD-2024-036707,2,PROD-052,1,46.48,44.62
ORD-2024-036707,3,PROD-005,3,20.28,43.35
ORD-2024-036708,1,PROD-004,1,20.28,18.95
ORD-2024-036709,1,PROD-016,2,8.9,14.28
ORD-2024-036710,1,PROD-008,1,9.9,9.66
ORD-2024-036711,1,PROD-003,1,14.37,10.46
ORD-2024-036712,1,PROD-005,3,20.28,59.5
ORD-2024-036713,1,PROD-003,1,14.37,13.47
ORD-2024-036714,1,PROD-008,2,9.9,18.92
ORD-2024-036714,2,PROD-001,1,12.9,12.46
ORD-2024-036714,3,PROD-035,1,10.14,9.91
ORD-2024-036715,1,PROD-031,1,53.52,39.82
ORD-2024-036716,1,PROD-010,1,38.03,36.26
ORD-2024-036716,2,PROD-011,1,14.9,13.38
ORD-2024-036716,3,PROD-041,1,11.83,9.18
ORD-2024-036717,1,PROD-002,1,11.9,11.56
ORD-2024-036718,1,PROD-004,1,20.28,18.5
ORD-2024-036718,2,PROD-040,2,15.21,27.38
ORD-2024-036718,3,PROD-006,2,32.39,59.57
ORD-2024-036719,1,PROD-037,2,9.86,19.44
ORD-2024-036720,1,PROD-022,1,9.01,8.76
ORD-2024-036721,1,PROD-034,1,9.01,8.5
ORD-2024-036722,1,PROD-001,2,12.9,24.54
ORD-2024-036723,1,PROD-003,1,14.37,13.0
ORD-2024-036724,1,PROD-039,1,8.17,8.06
ORD-2024-036725,1,PROD-031,1,53.52,39.89
ORD-2024-036726,1,PROD-032,1,19.72,19.53
ORD-2024-036727,1,PROD-006,2,32.39,59.93
ORD-2024-036727,2,PROD-034,1,9.01,8.85
ORD-2024-036727,3,PROD-001,1,12.9,12.76
ORD-2024-036728,1,PROD-034,1,9.01,8.75
ORD-2024-036728,2,PROD-003,1,14.37,12.82
ORD-2024-036728,3,PROD-001,1,12.9,11.54
ORD-2024-036729,1,PROD-002,3,11.9,33.27
ORD-2024-036730,1,PROD-032,1,19.72,16.21
ORD-2024-036730,2,PROD-035,1,10.14,8.83
ORD-2024-036731,1,PROD-003,1,14.37,11.93
ORD-2024-036732,1,PROD-002,3,11.9,34.09
ORD-2024-036733,1,PROD-039,1,8.17,7.95
ORD-2024-036734,1,PROD-014,1,9.9,8.62
ORD-2024-036735,1,PROD-001,1,12.9,12.26
ORD-2024-036736,1,PROD-042,2,73.24,145.4
ORD-2024-036736,2,PROD-041,2,11.83,22.82
ORD-2024-036736,3,PROD-019,1,29.58,27.82
ORD-2024-036736,4,PROD-001,1,12.9,12.53
ORD-2024-036737,1,PROD-002,1,11.9,10.84
ORD-2024-036738,1,PROD-007,2,17.18,29.64
ORD-2024-036739,1,PROD-048,1,55.77,45.65
ORD-2024-036740,1,PROD-012,1,18.5,18.02
ORD-2024-036741,1,PROD-003,3,14.37,42.12
ORD-2024-036742,1,PROD-002,1,11.9,11.3
ORD-2024-036743,1,PROD-003,1,14.37,14.04
ORD-2024-036744,1,PROD-040,1,15.21,12.81
ORD-2024-036744,2,PROD-041,2,11.83,23.0
ORD-2024-036745,1,PROD-001,1,12.9,9.38
ORD-2024-036746,1,PROD-024,2,8.73,17.03
ORD-2024-036747,1,PROD-038,1,7.89,6.47
ORD-2024-036747,2,PROD-001,2,12.9,23.84
ORD-2024-036748,1,PROD-020,2,10.14,17.24
ORD-2024-036748,2,PROD-002,3,11.9,35.35
ORD-2024-036748,3,PROD-042,4,73.24,279.28
ORD-2024-036749,1,PROD-041,1,11.83,11.62
ORD-2024-036750,1,PROD-004,1,20.28,18.29
ORD-2024-036750,2,PROD-030,1,49.3,43.56
ORD-2024-036750,3,PROD-007,1,17.18,16.17
ORD-2024-036751,1,PROD-012,1,18.5,16.5
ORD-2024-036751,2,PROD-034,1,9.01,6.67
ORD-2024-036752,1,PROD-032,2,19.72,33.11
ORD-2024-036753,1,PROD-007,1,17.18,16.4
ORD-2024-036754,1,PROD-004,1,20.28,19.96
ORD-2024-036755,1,PROD-045,1,72.68,68.03
ORD-2024-036756,1,PROD-027,1,21.13,13.4
ORD-2024-036757,1,PROD-002,1,11.9,10.99
ORD-2024-036757,2,PROD-006,2,32.39,57.78
ORD-2024-036758,1,PROD-014,1,9.9,9.57
ORD-2024-036759,1,PROD-004,1,20.28,16.85
ORD-2024-036760,1,PROD-006,3,32.39,93.42
ORD-2024-036761,1,PROD-004,1,20.28,19.55
ORD-2024-036762,1,PROD-001,1,12.9,10.44
ORD-2024-036763,1,PROD-041,2,11.83,22.36
ORD-2024-036764,1,PROD-010,2,38.03,34.23
ORD-2024-036764,2,PROD-033,3,52.11,134.37
ORD-2024-036765,1,PROD-023,1,7.89,7.68
ORD-2024-036766,1,PROD-004,1,20.28,18.21
ORD-2024-036767,1,PROD-004,1,20.28,16.99
ORD-2024-036767,2,PROD-028,1,17.18,13.06
ORD-2024-036767,3,PROD-036,1,11.55,11.36
ORD-2024-036768,1,PROD-005,2,20.28,39.53
ORD-2024-036769,1,PROD-035,3,10.14,26.63
ORD-2024-036770,1,PROD-004,2,20.28,39.81
ORD-2024-036771,1,PROD-003,1,14.37,13.8
ORD-2024-036772,1,PROD-003,1,14.37,12.91
ORD-2024-036773,1,PROD-023,1,7.89,7.51
ORD-2024-036773,2,PROD-014,1,9.9,9.42
ORD-2024-036774,1,PROD-012,2,18.5,32.68
ORD-2024-036775,1,PROD-007,2,17.18,33.04
ORD-2024-036775,2,PROD-002,1,11.9,11.76
ORD-2024-036776,1,PROD-004,3,20.28,57.39
ORD-2024-036776,2,PROD-047,1,108.45,101.51
ORD-2024-036776,3,PROD-040,3,15.21,45.27
ORD-2024-036777,1,PROD-004,1,20.28,19.89
ORD-2024-036777,2,PROD-015,1,26.76,25.67
ORD-2024-036778,1,PROD-002,1,11.9,11.26
ORD-2024-036779,1,PROD-001,1,12.9,12.61
ORD-2024-036780,1,PROD-050,1,61.97,57.58
ORD-2024-036781,1,PROD-003,1,14.37,13.67
ORD-2024-036781,2,PROD-033,4,52.11,181.57
ORD-2024-036781,3,PROD-042,2,73.24,138.95
ORD-2024-036782,1,PROD-003,1,14.37,13.38
ORD-2024-036782,2,PROD-039,1,8.17,7.49
ORD-2024-036783,1,PROD-013,1,11.9,11.29
ORD-2024-036783,2,PROD-032,3,19.72,52.92
ORD-2024-036783,3,PROD-006,3,32.39,69.4
ORD-2024-036783,4,PROD-038,1,7.89,6.18
ORD-2024-036784,1,PROD-001,1,12.9,0.0
ORD-2024-036784,2,PROD-012,2,18.5,35.93
ORD-2024-036785,1,PROD-021,1,15.49,14.68
ORD-2024-036785,2,PROD-003,1,14.37,14.01
ORD-2024-036785,3,PROD-029,1,24.79,23.55
ORD-2024-036786,1,PROD-040,3,15.21,38.46
ORD-2024-036787,1,PROD-007,2,17.18,30.63
ORD-2024-036787,2,PROD-001,1,12.9,11.25
ORD-2024-036787,3,PROD-002,2,11.9,20.22
ORD-2024-036787,4,PROD-006,2,32.39,60.58
ORD-2024-036787,5,PROD-015,1,26.76,23.38
ORD-2024-036788,1,PROD-003,1,14.37,14.18
ORD-2024-036789,1,PROD-004,1,20.28,19.8
ORD-2024-036790,1,PROD-032,1,19.72,18.89
ORD-2024-036791,1,PROD-010,2,38.03,74.38
ORD-2024-036791,2,PROD-040,1,15.21,14.95
ORD-2024-036792,1,PROD-006,1,32.39,28.63
ORD-2024-036792,2,PROD-041,1,11.83,10.61
ORD-2024-036792,3,PROD-040,2,15.21,21.95
ORD-2024-036793,1,PROD-005,1,20.28,18.01
ORD-2024-036794,1,PROD-038,2,7.89,15.37
ORD-2024-036794,2,PROD-055,1,74.65,74.45
ORD-2024-036795,1,PROD-011,1,14.9,11.59
ORD-2024-036796,1,PROD-010,3,38.03,99.95
ORD-2024-036797,1,PROD-008,1,9.9,9.76
ORD-2024-036797,2,PROD-038,2,7.89,14.99
ORD-2024-036798,1,PROD-010,3,38.03,110.48
ORD-2024-036799,1,PROD-040,1,15.21,13.99
ORD-2024-036800,1,PROD-021,1,15.49,12.27
ORD-2024-036800,2,PROD-032,2,19.72,27.7
ORD-2024-036800,3,PROD-033,4,52.11,189.01
ORD-2024-036801,1,PROD-037,1,9.86,9.53
ORD-2024-036802,1,PROD-034,1,9.01,5.65
ORD-2024-036803,1,PROD-040,1,15.21,14.44
ORD-2024-036804,1,PROD-005,3,20.28,54.6
ORD-2024-036805,1,PROD-001,2,12.9,24.48
ORD-2024-036806,1,PROD-006,2,32.39,61.7
ORD-2024-036806,2,PROD-007,1,17.18,14.94
ORD-2024-036806,3,PROD-023,1,7.89,6.67
ORD-2024-036807,1,PROD-025,1,21.97,21.6
ORD-2024-036807,2,PROD-010,1,38.03,36.44
ORD-2024-036808,1,PROD-035,1,10.14,10.1
ORD-2024-036809,1,PROD-033,1,52.11,48.26
ORD-2024-036810,1,PROD-015,1,26.76,14.95
ORD-2024-036810,2,PROD-038,1,7.89,6.74
ORD-2024-036810,3,PROD-032,2,19.72,25.57
ORD-2024-036810,4,PROD-001,3,12.9,25.51
ORD-2024-036811,1,PROD-027,1,21.13,14.62
ORD-2024-036811,2,PROD-022,1,9.01,5.4
ORD-2024-036811,3,PROD-004,2,20.28,29.58
ORD-2024-036811,4,PROD-008,1,9.9,8.47
ORD-2024-036812,1,PROD-001,2,12.9,20.02
ORD-2024-036813,1,PROD-001,1,12.9,9.85
ORD-2024-036814,1,PROD-027,1,21.13,19.38
ORD-2024-036815,1,PROD-006,1,32.39,29.46
ORD-2024-036816,1,PROD-001,2,12.9,23.8
ORD-2024-036817,1,PROD-023,2,7.89,15.64
ORD-2024-036817,2,PROD-037,1,9.86,9.49
ORD-2024-036818,1,PROD-048,1,55.77,54.03
ORD-2024-036818,2,PROD-021,1,15.49,15.09
ORD-2024-036819,1,PROD-023,1,7.89,7.24
ORD-2024-036819,2,PROD-017,2,12.5,20.36
ORD-2024-036819,3,PROD-014,2,9.9,18.75
ORD-2024-036819,4,PROD-011,1,14.9,12.7
ORD-2024-036819,5,PROD-004,1,20.28,17.98
ORD-2024-036820,1,PROD-011,1,14.9,14.56
ORD-2024-036820,2,PROD-008,1,9.9,9.42
ORD-2024-036821,1,PROD-005,2,20.28,36.09
ORD-2024-036821,2,PROD-039,2,8.17,13.89
ORD-2024-036821,3,PROD-004,1,20.28,18.8
ORD-2024-036822,1,PROD-005,1,20.28,17.12
ORD-2024-036822,2,PROD-006,1,32.39,29.73
ORD-2024-036823,1,PROD-035,2,10.14,18.77
ORD-2024-036823,2,PROD-005,1,20.28,17.51
ORD-2024-036824,1,PROD-005,1,20.28,17.27
ORD-2024-036824,2,PROD-048,1,55.77,53.81
ORD-2024-036825,1,PROD-034,3,9.01,25.67
ORD-2024-036826,1,PROD-046,1,259.15,203.02
ORD-2024-036827,1,PROD-004,1,20.28,19.56
ORD-2024-036828,1,PROD-002,1,11.9,11.18
ORD-2024-036829,1,PROD-003,2,14.37,25.02
ORD-2024-036830,1,PROD-023,1,7.89,3.55
ORD-2024-036830,2,PROD-028,2,17.18,22.14
ORD-2024-036831,1,PROD-024,1,8.73,8.24
ORD-2024-036831,2,PROD-001,1,12.9,10.97
ORD-2024-036831,3,PROD-020,1,10.14,9.62
ORD-2024-036832,1,PROD-050,1,61.97,59.4
ORD-2024-036832,2,PROD-041,2,11.83,23.51
ORD-2024-036833,1,PROD-026,2,14.65,28.84
ORD-2024-036834,1,PROD-027,1,21.13,14.45
ORD-2024-036835,1,PROD-002,3,11.9,30.78
ORD-2024-036836,1,PROD-010,1,38.03,36.52
ORD-2024-036836,2,PROD-004,1,20.28,19.01
ORD-2024-036837,1,PROD-022,1,9.01,8.61
ORD-2024-036837,2,PROD-001,1,12.9,10.8
ORD-2024-036838,1,PROD-034,1,9.01,8.03
ORD-2024-036839,1,PROD-002,1,11.9,11.42
ORD-2024-036840,1,PROD-003,1,14.37,13.37
ORD-2024-036840,2,PROD-002,1,11.9,10.19
ORD-2024-036841,1,PROD-001,1,12.9,9.51
ORD-2024-036842,1,PROD-016,1,8.9,8.58
ORD-2024-036843,1,PROD-003,1,14.37,13.89
ORD-2024-036844,1,PROD-004,1,20.28,20.14
ORD-2024-036845,1,PROD-005,1,20.28,16.14
ORD-2024-036846,1,PROD-038,1,7.89,7.6
ORD-2024-036847,1,PROD-002,1,11.9,11.63
ORD-2024-036848,1,PROD-047,1,108.45,95.62
ORD-2024-036848,2,PROD-028,1,17.18,15.71
ORD-2024-036849,1,PROD-002,1,11.9,11.21
ORD-2024-036850,1,PROD-002,1,11.9,10.85
ORD-2024-036851,1,PROD-006,1,32.39,28.94
ORD-2024-036851,2,PROD-034,3,9.01,24.89
ORD-2024-036851,3,PROD-040,4,15.21,59.72
ORD-2024-036852,1,PROD-001,2,12.9,16.82
ORD-2024-036853,1,PROD-035,1,10.14,9.31
ORD-2024-036853,2,PROD-037,1,9.86,9.13
ORD-2024-036854,1,PROD-010,1,38.03,34.19
ORD-2024-036854,2,PROD-002,1,11.9,11.03
ORD-2024-036855,1,PROD-041,2,11.83,20.4
ORD-2024-036856,1,PROD-039,1,8.17,7.55
ORD-2024-036857,1,PROD-026,1,14.65,14.39
ORD-2024-036858,1,PROD-002,3,11.9,33.93
ORD-2024-036859,1,PROD-005,1,20.28,19.56
ORD-2024-036860,1,PROD-012,2,18.5,34.64
ORD-2024-036861,1,PROD-022,2,9.01,17.55
ORD-2024-036861,2,PROD-005,1,20.28,19.25
ORD-2024-036862,1,PROD-001,1,12.9,12.15
ORD-2024-036863,1,PROD-028,1,17.18,15.07
ORD-2024-036864,1,PROD-005,3,20.28,57.66
ORD-2024-036864,2,PROD-003,1,14.37,13.91
ORD-2024-036865,1,PROD-003,1,14.37,12.8
ORD-2024-036866,1,PROD-013,1,11.9,11.44
ORD-2024-036867,1,PROD-005,1,20.28,19.9
ORD-2024-036867,2,PROD-033,1,52.11,47.71
ORD-2024-036867,3,PROD-001,2,12.9,17.83
ORD-2024-036868,1,PROD-027,1,21.13,21.04
ORD-2024-036868,2,PROD-003,3,14.37,42.83
ORD-2024-036869,1,PROD-001,2,12.9,24.08
ORD-2024-036870,1,PROD-002,1,11.9,10.56
ORD-2024-036870,2,PROD-001,3,12.9,38.26
ORD-2024-036871,1,PROD-025,1,21.97,20.54
ORD-2024-036871,2,PROD-004,2,20.28,38.37
ORD-2024-036872,1,PROD-001,2,12.9,25.1
ORD-2024-036873,1,PROD-007,1,17.18,12.2
ORD-2024-036873,2,PROD-016,2,8.9,17.3
ORD-2024-036873,3,PROD-012,1,18.5,16.39
ORD-2024-036873,4,PROD-035,1,10.14,8.98
ORD-2024-036874,1,PROD-041,1,11.83,11.68
ORD-2024-036875,1,PROD-014,2,9.9,16.45
ORD-2024-036875,2,PROD-021,1,15.49,11.58
ORD-2024-036876,1,PROD-002,2,11.9,23.48
ORD-2024-036877,1,PROD-006,1,32.39,29.71
ORD-2024-036877,2,PROD-001,1,12.9,10.43
ORD-2024-036877,3,PROD-035,3,10.14,24.65
ORD-2024-036877,4,PROD-003,3,14.37,39.52
ORD-2024-036878,1,PROD-004,2,20.28,36.73
ORD-2024-036879,1,PROD-020,1,10.14,8.73
ORD-2024-036880,1,PROD-013,1,11.9,10.67
ORD-2024-036881,1,PROD-027,1,21.13,19.27
ORD-2024-036881,2,PROD-013,3,11.9,34.38
ORD-2024-036882,1,PROD-006,1,32.39,30.73
ORD-2024-036883,1,PROD-032,2,19.72,28.24
ORD-2024-036884,1,PROD-042,4,73.24,279.6
ORD-2024-036885,1,PROD-008,2,9.9,17.25
ORD-2024-036885,2,PROD-014,1,9.9,9.12
ORD-2024-036886,1,PROD-041,1,11.83,10.43
ORD-2024-036886,2,PROD-006,3,32.39,87.18
ORD-2024-036886,3,PROD-003,1,14.37,12.46
ORD-2024-036887,1,PROD-041,2,11.83,20.26
ORD-2024-036888,1,PROD-004,1,20.28,18.78
ORD-2024-036889,1,PROD-003,1,14.37,14.34
ORD-2024-036890,1,PROD-044,1,40.85,27.93
ORD-2024-036890,2,PROD-005,2,20.28,27.22
ORD-2024-036891,1,PROD-004,2,20.28,36.67
ORD-2024-036892,1,PROD-005,2,20.28,38.9
ORD-2024-036893,1,PROD-042,1,73.24,72.82
ORD-2024-036893,2,PROD-032,4,19.72,77.37
ORD-2024-036894,1,PROD-002,1,11.9,10.47
ORD-2024-036894,2,PROD-005,2,20.28,37.45
ORD-2024-036894,3,PROD-001,1,12.9,11.45
ORD-2024-036894,4,PROD-031,1,53.52,46.54
ORD-2024-036895,1,PROD-028,1,17.18,15.93
ORD-2024-036895,2,PROD-020,2,10.14,19.89
ORD-2024-036896,1,PROD-049,1,80.28,72.15
ORD-2024-036896,2,PROD-035,1,10.14,9.88
ORD-2024-036897,1,PROD-008,1,9.9,9.47
ORD-2024-036897,2,PROD-005,1,20.28,19.99
ORD-2024-036897,3,PROD-001,2,12.9,25.65
ORD-2024-036898,1,PROD-023,1,7.89,7.37
ORD-2024-036899,1,PROD-005,1,20.28,19.6
ORD-2024-036900,1,PROD-027,2,21.13,40.51
ORD-2024-036900,2,PROD-007,1,17.18,16.23
ORD-2024-036901,1,PROD-001,1,12.9,11.67
ORD-2024-036902,1,PROD-006,2,32.39,59.62
ORD-2024-036903,1,PROD-010,1,38.03,33.89
ORD-2024-036904,1,PROD-025,1,21.97,21.92
ORD-2024-036905,1,PROD-003,1,14.37,13.16
ORD-2024-036906,1,PROD-003,3,14.37,40.43
ORD-2024-036907,1,PROD-006,1,32.39,30.4
ORD-2024-036908,1,PROD-040,1,15.21,14.82
ORD-2024-036909,1,PROD-007,1,17.18,16.71
ORD-2024-036909,2,PROD-001,1,12.9,11.95
ORD-2024-036909,3,PROD-014,2,9.9,18.35
ORD-2024-036910,1,PROD-008,1,9.9,9.64
ORD-2024-036911,1,PROD-004,1,20.28,17.96
ORD-2024-036911,2,PROD-002,1,11.9,11.73
ORD-2024-036912,1,PROD-012,1,18.5,17.2
ORD-2024-036913,1,PROD-016,3,8.9,24.29
ORD-2024-036913,2,PROD-038,3,7.89,22.8
ORD-2024-036914,1,PROD-010,3,38.03,101.35
ORD-2024-036915,1,PROD-022,2,9.01,16.1
ORD-2024-036916,1,PROD-016,2,8.9,17.55
ORD-2024-036917,1,PROD-033,1,52.11,48.26
ORD-2024-036917,2,PROD-035,1,10.14,9.15
ORD-2024-036918,1,PROD-040,2,15.21,18.46
ORD-2024-036918,2,PROD-004,1,20.28,18.81
ORD-2024-036919,1,PROD-004,1,20.28,19.06
ORD-2024-036920,1,PROD-006,1,32.39,31.91
ORD-2024-036921,1,PROD-013,2,11.9,23.41
ORD-2024-036922,1,PROD-041,2,11.83,20.73
ORD-2024-036923,1,PROD-004,1,20.28,19.73
ORD-2024-036923,2,PROD-003,1,14.37,13.9
ORD-2024-036923,3,PROD-053,2,53.52,102.02
ORD-2024-036924,1,PROD-008,1,9.9,7.15
ORD-2024-036925,1,PROD-015,2,26.76,50.76
ORD-2024-036925,2,PROD-005,2,20.28,38.04
ORD-2024-036925,3,PROD-040,2,15.21,28.6
ORD-2024-036925,4,PROD-046,1,259.15,231.52
ORD-2024-036926,1,PROD-002,1,11.9,10.76
ORD-2024-036927,1,PROD-021,1,15.49,14.65
ORD-2024-036928,1,PROD-003,2,14.37,25.08
ORD-2024-036928,2,PROD-040,2,15.21,26.98
ORD-2024-036928,3,PROD-034,1,9.01,8.15
ORD-2024-036929,1,PROD-005,1,20.28,19.19
ORD-2024-036930,1,PROD-054,1,59.15,55.59
ORD-2024-036931,1,PROD-011,1,14.9,11.37
ORD-2024-036932,1,PROD-036,2,11.55,21.13
ORD-2024-036932,2,PROD-005,2,20.28,36.98
ORD-2024-036932,3,PROD-003,2,14.37,21.98
ORD-2024-036932,4,PROD-004,2,20.28,29.24
ORD-2024-036933,1,PROD-004,3,20.28,60.27
ORD-2024-036934,1,PROD-002,1,11.9,10.26
ORD-2024-036934,2,PROD-028,1,17.18,14.54
ORD-2024-036935,1,PROD-033,2,52.11,95.79
ORD-2024-036936,1,PROD-027,1,21.13,20.58
ORD-2024-036936,2,PROD-005,1,20.28,20.04
ORD-2024-036936,3,PROD-007,3,17.18,48.42
ORD-2024-036936,4,PROD-016,1,8.9,8.25
ORD-2024-036937,1,PROD-002,1,11.9,10.69
ORD-2024-036937,2,PROD-006,1,32.39,31.0
ORD-2024-036938,1,PROD-004,1,20.28,11.85
ORD-2024-036939,1,PROD-004,1,20.28,14.87
ORD-2024-036940,1,PROD-014,1,9.9,9.59
ORD-2024-036941,1,PROD-003,2,14.37,27.42
ORD-2024-036941,2,PROD-047,1,108.45,99.67
ORD-2024-036941,3,PROD-035,1,10.14,9.88
ORD-2024-036942,1,PROD-004,1,20.28,20.06
ORD-2024-036943,1,PROD-029,1,24.79,22.95
ORD-2024-036943,2,PROD-005,2,20.28,35.76
ORD-2024-036944,1,PROD-004,2,20.28,38.59
ORD-2024-036944,2,PROD-001,2,12.9,24.49
ORD-2024-036944,3,PROD-038,2,7.89,15.55
ORD-2024-036944,4,PROD-006,1,32.39,31.65
ORD-2024-036944,5,PROD-036,1,11.55,10.15
ORD-2024-036945,1,PROD-002,1,11.9,11.65
ORD-2024-036946,1,PROD-001,1,12.9,11.62
ORD-2024-036947,1,PROD-004,3,20.28,59.23
ORD-2024-036948,1,PROD-005,1,20.28,18.93
ORD-2024-036949,1,PROD-025,1,21.97,21.78
ORD-2024-036950,1,PROD-035,3,10.14,28.18
ORD-2024-036950,2,PROD-010,1,38.03,32.13
ORD-2024-036951,1,PROD-020,2,10.14,19.69
ORD-2024-036952,1,PROD-001,1,12.9,10.91
ORD-2024-036953,1,PROD-014,1,9.9,7.42
ORD-2024-036954,1,PROD-004,1,20.28,19.47
ORD-2024-036955,1,PROD-008,2,9.9,13.68
ORD-2024-036955,2,PROD-034,1,9.01,4.2
ORD-2024-036956,1,PROD-006,3,32.39,87.79
ORD-2024-036956,2,PROD-035,1,10.14,9.81
ORD-2024-036956,3,PROD-007,3,17.18,51.01
ORD-2024-036957,1,PROD-027,1,21.13,19.75
ORD-2024-036957,2,PROD-007,2,17.18,32.89
ORD-2024-036957,3,PROD-039,1,8.17,8.02
ORD-2024-036957,4,PROD-021,1,15.49,15.14
ORD-2024-036958,1,PROD-001,1,12.9,10.28
ORD-2024-036959,1,PROD-029,1,24.79,19.61
ORD-2024-036960,1,PROD-003,2,14.37,27.97
ORD-2024-036960,2,PROD-041,1,11.83,11.46
ORD-2024-036960,3,PROD-001,2,12.9,21.76
ORD-2024-036961,1,PROD-004,2,20.28,35.51
ORD-2024-036962,1,PROD-020,1,10.14,8.39
ORD-2024-036962,2,PROD-010,1,38.03,36.93
ORD-2024-036963,1,PROD-012,2,18.5,32.41
ORD-2024-036963,2,PROD-029,1,24.79,20.44
ORD-2024-036963,3,PROD-034,2,9.01,14.76
ORD-2024-036964,1,PROD-025,1,21.97,21.53
ORD-2024-036965,1,PROD-032,1,19.72,19.55
ORD-2024-036965,2,PROD-028,1,17.18,15.74
ORD-2024-036965,3,PROD-034,2,9.01,17.4
ORD-2024-036966,1,PROD-037,1,9.86,9.69
ORD-2024-036967,1,PROD-041,2,11.83,18.15
ORD-2024-036967,2,PROD-002,1,11.9,9.96
ORD-2024-036968,1,PROD-003,1,14.37,10.72
ORD-2024-036968,2,PROD-008,2,9.9,17.98
ORD-2024-036969,1,PROD-040,1,15.21,13.99
ORD-2024-036970,1,PROD-004,1,20.28,18.14
ORD-2024-036970,2,PROD-046,1,259.15,200.43
ORD-2024-036971,1,PROD-060,1,42.25,38.19
ORD-2024-036972,1,PROD-007,1,17.18,16.6
ORD-2024-036973,1,PROD-032,2,19.72,28.5
ORD-2024-036974,1,PROD-019,1,29.58,16.79
ORD-2024-036974,2,PROD-003,1,14.37,8.44
ORD-2024-036974,3,PROD-034,2,9.01,15.72
ORD-2024-036975,1,PROD-060,1,42.25,41.42
ORD-2024-036976,1,PROD-006,2,32.39,56.25
ORD-2024-036977,1,PROD-053,1,53.52,52.35
ORD-2024-036978,1,PROD-004,2,20.28,35.43
ORD-2024-036978,2,PROD-005,1,20.28,16.26
ORD-2024-036978,3,PROD-010,2,38.03,69.84
ORD-2024-036978,4,PROD-019,2,29.58,52.72
ORD-2024-036978,5,PROD-001,1,12.9,9.48
ORD-2024-036979,1,PROD-002,2,11.9,17.01
ORD-2024-036980,1,PROD-008,2,9.9,18.88
ORD-2024-036980,2,PROD-014,2,9.9,19.21
ORD-2024-036981,1,PROD-038,2,7.89,14.34
ORD-2024-036982,1,PROD-007,1,17.18,16.97
ORD-2024-036982,2,PROD-013,1,11.9,10.74
ORD-2024-036983,1,PROD-033,1,52.11,32.29
ORD-2024-036984,1,PROD-026,2,14.65,28.15
ORD-2024-036985,1,PROD-004,1,20.28,18.34
ORD-2024-036985,2,PROD-027,1,21.13,18.99
ORD-2024-036986,1,PROD-004,1,20.28,14.96
ORD-2024-036987,1,PROD-004,1,20.28,18.1
ORD-2024-036988,1,PROD-001,1,12.9,9.91
ORD-2024-036988,2,PROD-034,2,9.01,15.89
ORD-2024-036988,3,PROD-029,1,24.79,23.55
ORD-2024-036989,1,PROD-024,1,8.73,8.45
ORD-2024-036990,1,PROD-021,1,15.49,11.76
ORD-2024-036990,2,PROD-005,2,20.28,35.98
ORD-2024-036991,1,PROD-004,1,20.28,20.2
ORD-2024-036992,1,PROD-035,1,10.14,9.77
ORD-2024-036993,1,PROD-003,1,14.37,14.18
ORD-2024-036993,2,PROD-022,1,9.01,8.72
ORD-2024-036993,3,PROD-048,1,55.77,53.5
ORD-2024-036994,1,PROD-022,1,9.01,8.39
ORD-2024-036995,1,PROD-027,1,21.13,19.7
ORD-2024-036995,2,PROD-005,1,20.28,15.86
ORD-2024-036996,1,PROD-023,1,7.89,7.66
ORD-2024-036997,1,PROD-050,1,61.97,46.61
ORD-2024-036997,2,PROD-001,1,12.9,7.96
ORD-2024-036998,1,PROD-036,1,11.55,10.56
ORD-2024-036998,2,PROD-005,2,20.28,33.28
ORD-2024-036998,3,PROD-010,1,38.03,31.42
ORD-2024-036999,1,PROD-007,3,17.18,49.34
ORD-2024-037000,1,PROD-036,1,11.55,11.28
ORD-2024-037000,2,PROD-002,1,11.9,11.65
ORD-2024-037001,1,PROD-005,1,20.28,18.46
ORD-2024-037001,2,PROD-021,1,15.49,14.67
ORD-2024-037002,1,PROD-017,1,12.5,11.54
ORD-2024-037002,2,PROD-002,3,11.9,34.69
ORD-2024-037003,1,PROD-004,1,20.28,18.91
ORD-2024-037004,1,PROD-040,1,15.21,14.18
ORD-2024-037004,2,PROD-005,1,20.28,17.68
ORD-2024-037004,3,PROD-003,1,14.37,12.46
ORD-2024-037004,4,PROD-002,1,11.9,9.96
ORD-2024-037004,5,PROD-001,2,12.9,18.18
ORD-2024-037005,1,PROD-007,3,17.18,47.48
ORD-2024-037006,1,PROD-021,1,15.49,11.69
ORD-2024-037007,1,PROD-005,2,20.28,36.54
ORD-2024-037008,1,PROD-003,1,14.37,14.19
ORD-2024-037008,2,PROD-034,2,9.01,16.81
ORD-2024-037008,3,PROD-002,1,11.9,11.65
ORD-2024-037009,1,PROD-039,2,8.17,15.75
ORD-2024-037010,1,PROD-044,1,40.85,35.56
ORD-2024-037010,2,PROD-028,1,17.18,15.26
ORD-2024-037011,1,PROD-017,1,12.5,9.35
ORD-2024-037011,2,PROD-005,2,20.28,39.16
ORD-2024-037012,1,PROD-001,3,12.9,34.29
ORD-2024-037013,1,PROD-033,2,52.11,103.38
ORD-2024-037014,1,PROD-038,1,7.89,6.51
ORD-2024-037014,2,PROD-034,2,9.01,16.62
ORD-2024-037014,3,PROD-031,2,53.52,79.4
ORD-2024-037015,1,PROD-004,2,20.28,39.14
ORD-2024-037015,2,PROD-032,2,19.72,38.61
ORD-2024-037015,3,PROD-034,3,9.01,24.1
ORD-2024-037016,1,PROD-039,2,8.17,12.79
ORD-2024-037016,2,PROD-032,3,19.72,55.51
ORD-2024-037017,1,PROD-038,1,7.89,7.42
ORD-2024-037017,2,PROD-010,1,38.03,37.37
ORD-2024-037018,1,PROD-041,1,11.83,11.79
ORD-2024-037019,1,PROD-044,1,40.85,36.65
ORD-2024-037020,1,PROD-001,2,12.9,24.22
ORD-2024-037021,1,PROD-005,1,20.28,17.07
ORD-2024-037021,2,PROD-001,2,12.9,24.46
ORD-2024-037022,1,PROD-004,1,20.28,17.05
ORD-2024-037023,1,PROD-015,1,26.76,24.23
ORD-2024-037023,2,PROD-001,2,12.9,24.81
ORD-2024-037024,1,PROD-024,1,8.73,7.99
ORD-2024-037024,2,PROD-007,3,17.18,43.89
ORD-2024-037025,1,PROD-003,1,14.37,14.12
ORD-2024-037025,2,PROD-027,1,21.13,21.05
ORD-2024-037025,3,PROD-004,2,20.28,39.85
ORD-2024-037025,4,PROD-034,2,9.01,17.58
ORD-2024-037025,5,PROD-022,1,9.01,8.87
ORD-2024-037026,1,PROD-007,2,17.18,33.55
ORD-2024-037027,1,PROD-021,1,15.49,14.31
ORD-2024-037028,1,PROD-040,1,15.21,13.36
ORD-2024-037028,2,PROD-003,3,14.37,40.71
ORD-2024-037029,1,PROD-047,1,108.45,72.82
ORD-2024-037029,2,PROD-005,1,20.28,13.24
ORD-2024-037030,1,PROD-038,1,7.89,7.53
ORD-2024-037030,2,PROD-010,1,38.03,33.74
ORD-2024-037031,1,PROD-004,1,20.28,13.52
ORD-2024-037032,1,PROD-002,2,11.9,23.36
ORD-2024-037033,1,PROD-002,2,11.9,23.62
ORD-2024-037034,1, PROD-040 ,1,15.21,14.23
ORD-2024-037035,1,PROD-003,2,14.37,28.38
ORD-2024-037035,2,PROD-006,1,32.39,31.55
ORD-2024-037036,1,PROD-022,1,9.01,7.59
ORD-2024-037036,2,PROD-001,1,12.9,11.39
ORD-2024-037036,3,PROD-042,1,73.24,71.97
ORD-2024-037037,1,PROD-025,1,21.97,21.46
ORD-2024-037038,1,PROD-014,1,9.9,9.06
ORD-2024-037038,2,PROD-010,1,38.03,37.48
ORD-2024-037039,1,PROD-005,3,20.28,54.52
ORD-2024-037040,1,PROD-017,1,12.5,11.7
ORD-2024-037041,1,PROD-040,1,15.21,14.15
ORD-2024-037041,2,PROD-005,2,20.28,36.07
ORD-2024-037042,1,PROD-034,1,9.01,7.36
ORD-2024-037043,1,PROD-002,2,11.9,21.88
ORD-2024-037043,2,PROD-032,1,19.72,17.39
ORD-2024-037044,1,PROD-004,1,20.28,18.2
ORD-2024-037045,1,PROD-001,1,12.9,12.13
ORD-2024-037046,1,PROD-001,2,12.9,25.03
ORD-2024-037046,2,PROD-008,1,9.9,9.73
ORD-2024-037047,1,PROD-046,1,259.15,251.63
ORD-2024-037047,2,PROD-041,1,11.83,11.58
ORD-2024-037048,1,PROD-007,2,17.18,24.47
ORD-2024-037049,1,PROD-010,1,38.03,28.86
ORD-2024-037049,2,PROD-032,1,19.72,16.02
ORD-2024-037049,3,PROD-005,2,20.28,32.55
ORD-2024-037050,1,PROD-012,1,18.5,15.67
ORD-2024-037050,2,PROD-032,1,19.72,15.63
ORD-2024-037050,3,PROD-022,1,9.01,8.27
ORD-2024-037051,1,PROD-002,1,11.9,11.33
ORD-2024-037052,1,PROD-020,2,10.14,16.78
ORD-2024-037053,1,PROD-041,2,11.83,20.66
ORD-2024-037053,2,PROD-004,1,20.28,18.8
ORD-2024-037054,1,PROD-007,1,17.18,16.33
ORD-2024-037055,1,PROD-055,1,74.65,69.63
ORD-2024-037056,1,PROD-005,2,20.28,36.67
ORD-2024-037056,2,PROD-007,1,17.18,16.31
ORD-2024-037057,1,PROD-008,3,9.9,24.85
ORD-2024-037057,2,PROD-041,3,11.83,30.86
ORD-2024-037058,1,PROD-034,2,9.01,17.07
ORD-2024-037059,1,PROD-004,3,20.28,54.8
ORD-2024-037060,1,PROD-003,1,14.37,13.43
ORD-2024-037061,1,PROD-006,2,32.39,58.17
ORD-2024-037061,2,PROD-042,2,73.24,133.74
ORD-2024-037061,3,PROD-014,2,9.9,18.82
ORD-2024-037061,4,PROD-004,2,20.28,31.47
ORD-2024-037062,1,PROD-004,1,20.28,19.68
ORD-2024-037063,1,PROD-050,1,61.97,61.43
ORD-2024-037064,1,PROD-032,2,19.72,38.17
ORD-2024-037065,1,PROD-005,1,20.28,18.0
ORD-2024-037065,2,PROD-002,2,11.9,18.09
ORD-2024-037065,3,PROD-038,1,7.89,7.61
ORD-2024-037065,4,PROD-016,2,8.9,9.46
ORD-2024-037066,1,PROD-038,2,7.89,13.5
ORD-2024-037067,1,PROD-017,1,12.5,10.81
ORD-2024-037068,1,PROD-002,3,11.9,34.49
ORD-2024-037069,1,PROD-041,3,11.83,35.05
ORD-2024-037070,1,PROD-047,1,108.45,102.72
ORD-2024-037071,1,PROD-005,3,20.28,57.27
ORD-2024-037071,2,PROD-017,1,12.5,12.39
ORD-2024-037072,1,PROD-028,1,17.18,16.77
ORD-2024-037072,2,PROD-047,1,108.45,104.56
ORD-2024-037072,3,PROD-011,1,14.9,14.52
ORD-2024-037072,4,PROD-026,1,14.65,14.45
ORD-2024-037073,1,PROD-027,1,21.13,20.62
ORD-2024-037074,1,PROD-005,1,20.28,18.13
ORD-2024-037074,2,PROD-039,4,8.17,30.85
ORD-2024-037075,1,PROD-022,1,9.01,7.44
ORD-2024-037076,1,PROD-002,1,11.9,11.04
ORD-2024-037077,1,PROD-002,1,11.9,10.09
ORD-2024-037077,2,PROD-005,3,20.28,53.04
ORD-2024-037077,3,PROD-020,2,10.14,19.32
ORD-2024-037077,4,PROD-021,1,15.49,14.24
ORD-2024-037078,1,PROD-031,2,53.52,103.78
ORD-2024-037079,1,PROD-001,3,12.9,36.62
ORD-2024-037080,1,PROD-014,2,9.9,19.61
ORD-2024-037080,2,PROD-038,1,7.89,7.84
ORD-2024-037080,3,PROD-007,1,17.18,17.06
ORD-2024-037080,4,PROD-004,3,20.28,58.28
ORD-2024-037081,1,PROD-002,2,11.9,23.32
ORD-2024-037082,1,PROD-015,1,26.76,25.49
ORD-2024-037082,2,PROD-036,2,11.55,22.58
ORD-2024-037082,3,PROD-002,1,11.9,11.8
ORD-2024-037083,1,PROD-014,1,9.9,8.8
ORD-2024-037083,2,PROD-045,1,72.68,64.37
ORD-2024-037084,1,PROD-001,1,12.9,12.19
ORD-2024-037085,1,PROD-007,1,17.18,17.01
ORD-2024-037086,1,PROD-035,3,10.14,24.22
ORD-2024-037087,1,PROD-026,1,14.65,12.87
ORD-2024-037087,2,PROD-010,2,38.03,72.23
ORD-2024-037087,3,PROD-031,1,53.52,52.9
ORD-2024-037087,4,PROD-006,3,32.39,94.74
ORD-2024-037087,5,PROD-019,1,29.58,29.38
ORD-2024-037088,1,PROD-011,3,14.9,42.43
ORD-2024-037089,1,PROD-004,1,20.28,18.37
ORD-2024-037089,2,PROD-035,1,10.14,9.78
ORD-2024-037089,3,PROD-041,2,11.83,22.4
ORD-2024-037090,1,PROD-020,1,10.14,5.34
ORD-2024-037091,1,PROD-008,1,9.9,9.48
ORD-2024-037092,1,PROD-004,3,20.28,46.13
ORD-2024-037092,2,PROD-034,1,9.01,7.86
ORD-2024-037092,3,PROD-001,1,12.9,8.72
ORD-2024-037092,4,PROD-028,1,17.18,12.52
ORD-2024-037093,1,PROD-001,2,12.9,23.38
ORD-2024-037094,1,PROD-001,2,12.9,21.24
ORD-2024-037094,2,PROD-005,1,20.28,19.1
ORD-2024-037094,3,PROD-013,1,11.9,11.49
ORD-2024-037095,1,PROD-024,1,8.73,4.52
ORD-2024-037095,2,PROD-012,3,18.5,42.98
ORD-2024-037096,1,PROD-006,1,32.39,29.16
ORD-2024-037097,1,PROD-005,1,20.28,19.06
ORD-2024-037098,1,PROD-005,1,20.28,9.13
ORD-2024-037099,1,PROD-006,2,32.39,53.74
ORD-2024-037100,1,PROD-005,1,20.28,20.09
ORD-2024-037101,1,PROD-005,1,20.28,14.6
ORD-2024-037102,1,PROD-004,2,20.28,37.57
ORD-2024-037103,1,PROD-006,1,32.39,30.67
ORD-2024-037104,1,PROD-002,1,11.9,11.56
ORD-2024-037105,1,PROD-041,2,11.83,19.93
ORD-2024-037105,2,PROD-001,2,12.9,19.37
ORD-2024-037106,1,PROD-033,4,52.11,201.81
ORD-2024-037106,2,PROD-035,3,10.14,30.31
ORD-2024-037106,3,PROD-005,1,20.28,20.15
ORD-2024-037107,1,PROD-005,1,20.28,19.96
ORD-2024-037108,1,PROD-040,1,15.21,14.94
ORD-2024-037109,1,PROD-022,1,9.01,8.45
ORD-2024-037110,1,PROD-012,1,18.5,16.19
ORD-2024-037111,1,PROD-051,1,36.06,25.79
ORD-2024-037112,1,PROD-012,1,18.5,17.17
ORD-2024-037113,1,PROD-010,1,38.03,36.54
ORD-2024-037114,1,PROD-002,1,11.9,11.46
ORD-2024-037114,2,PROD-004,2,20.28,39.14
ORD-2024-037115,1,PROD-019,1,29.58,29.32
ORD-2024-037116,1,PROD-044,1,40.85,39.64
ORD-2024-037117,1,PROD-023,2,7.89,14.98
ORD-2024-037117,2,PROD-008,1,9.9,8.56
ORD-2024-037118,1,PROD-019,2,29.58,51.99
ORD-2024-037119,1,PROD-030,1,49.3,45.55
ORD-2024-037119,2,PROD-034,1,9.01,7.84
ORD-2024-037120,1,PROD-001,2,12.9,25.22
ORD-2024-037121,1,PROD-001,2,12.9,17.14
ORD-2024-037122,1,PROD-005,1,20.28,16.38
ORD-2024-037123,1,PROD-001,2,12.9,22.82
ORD-2024-037123,2,PROD-006,1,32.39,25.75
ORD-2024-037124,1,PROD-003,1,14.37,13.34
ORD-2024-037124,2,PROD-005,1,20.28,19.04
ORD-2024-037125,1,PROD-005,1,20.28,18.38
ORD-2024-037125,2,PROD-004,2,20.28,34.82
ORD-2024-037126,1,PROD-036,1,11.55,11.2
ORD-2024-037126,2,PROD-052,1,46.48,44.3
ORD-2024-037126,3,PROD-005,1,20.28,17.88
ORD-2024-037127,1,PROD-006,2,32.39,60.53
ORD-2024-037127,2,PROD-014,2,9.9,18.88
ORD-2024-037128,1,PROD-040,2,15.21,28.33
ORD-2024-037128,2,PROD-005,3,20.28,52.48
ORD-2024-037129,1,PROD-027,1,21.13,20.78
ORD-2024-037129,2,PROD-020,2,10.14,16.94
ORD-2024-037129,3,PROD-004,1,20.28,19.04
ORD-2024-037129,4,PROD-042,2,73.24,139.41
ORD-2024-037130,1,PROD-035,2,10.14,18.65
ORD-2024-037130,2,PROD-016,1,8.9,7.17
ORD-2024-037130,3,PROD-008,3,9.9,23.79
ORD-2024-037131,1,PROD-041,1,11.83,9.94
ORD-2024-037131,2,PROD-008,2,9.9,16.06
ORD-2024-037131,3,PROD-005,1,20.28,19.52
ORD-2024-037132,1,PROD-038,2,7.89,15.37
ORD-2024-037132,2,PROD-003,2,14.37,27.1
ORD-2024-037133,1,PROD-006,2,32.39,43.15
ORD-2024-037134,1,PROD-005,1,20.28,19.94
ORD-2024-037135,1,PROD-006,2,32.39,60.54
ORD-2024-037135,2,PROD-023,1,7.89,7.76
ORD-2024-037135,3,PROD-038,3,7.89,22.35
ORD-2024-037136,1,PROD-007,1,17.18,16.24
ORD-2024-037136,2,PROD-041,1,11.83,10.86
ORD-2024-037137,1,PROD-002,2,11.9,21.47
ORD-2024-037138,1,PROD-039,2,8.17,14.57
ORD-2024-037139,1,PROD-035,2,10.14,19.58
ORD-2024-037140,1,PROD-008,2,9.9,19.31
ORD-2024-037141,1,PROD-051,1,36.06,34.47
ORD-2024-037141,2,PROD-030,1,49.3,40.44
ORD-2024-037142,1,PROD-004,2,20.28,39.92
ORD-2024-037143,1,PROD-006,1,32.39,30.43
ORD-2024-037144,1,PROD-024,2,8.73,15.16
ORD-2024-037145,1,PROD-005,1,20.28,20.02
ORD-2024-037146,1,PROD-026,1,14.65,12.62
ORD-2024-037146,2,PROD-008,3,9.9,26.65
ORD-2024-037146,3,PROD-023,2,7.89,14.86
ORD-2024-037147,1,PROD-021,2,15.49,29.62
ORD-2024-037148,1,PROD-002,2,11.9,21.51
ORD-2024-037149,1,PROD-041,1,11.83,11.74
ORD-2024-037150,1,PROD-059,1,52.11,39.9
ORD-2024-037151,1,PROD-026,1,14.65,13.23
ORD-2024-037152,1,PROD-007,1,17.18,15.59
ORD-2024-037153,1,PROD-031,1,53.52,51.34
ORD-2024-037154,1,PROD-036,1,11.55,11.41
ORD-2024-037154,2,PROD-050,1,61.97,55.74
ORD-2024-037155,1,PROD-032,1,19.72,16.7
ORD-2024-037155,2,PROD-003,1,14.37,12.92
ORD-2024-037155,3,PROD-002,1,11.9,10.83
ORD-2024-037156,1,PROD-001,1,12.9,12.82
ORD-2024-037156,2,PROD-035,1,10.14,9.9
ORD-2024-037157,1,PROD-005,1,20.28,19.09
ORD-2024-037158,1,PROD-004,2,20.28,38.87
ORD-2024-037158,2,PROD-024,1,8.73,8.02
ORD-2024-037159,1,PROD-026,1,14.65,12.38
ORD-2024-037159,2,PROD-005,3,20.28,52.74
ORD-2024-037159,3,PROD-028,1,17.18,10.69
ORD-2024-037160,1,PROD-002,1,11.9,11.04
ORD-2024-037160,2,PROD-003,2,14.37,26.58
ORD-2024-037160,3,PROD-007,2,17.18,33.67
ORD-2024-037160,4,PROD-035,2,10.14,18.6
ORD-2024-037161,1,PROD-037,2,9.86,18.55
ORD-2024-037162,1,PROD-008,2,9.9,18.48
ORD-2024-037163,1,PROD-020,1,10.14,10.03
ORD-2024-037163,2,PROD-006,1,32.39,32.13
ORD-2024-037163,3,PROD-007,3,17.18,50.99
ORD-2024-037164,1,PROD-002,1,11.9,11.37
ORD-2024-037165,1,PROD-004,2,20.28,36.68
ORD-2024-037166,1,PROD-021,1,15.49,15.17
ORD-2024-037167,1,PROD-005,1,20.28,19.87
ORD-2024-037168,1,PROD-027,1,21.13,18.7
ORD-2024-037169,1,PROD-019,1,29.58,25.65
ORD-2024-037169,2,PROD-035,2,10.14,19.87
ORD-2024-037169,3,PROD-003,3,14.37,40.01
ORD-2024-037170,1,PROD-011,1,14.9,14.06
ORD-2024-037171,1,PROD-045,1,72.68,67.24
ORD-2024-037172,1,PROD-037,3,9.86,26.95
ORD-2024-037172,2,PROD-019,1,29.58,25.89
ORD-2024-037173,1,PROD-005,1,20.28,19.44
ORD-2024-037174,1,PROD-001,2,12.9,22.55
ORD-2024-037174,2,PROD-041,1,11.83,11.5
ORD-2024-037175,1,PROD-006,2,32.39,63.56
ORD-2024-037176,1,PROD-041,1,11.83,11.75
ORD-2024-037177,1,PROD-017,2,12.5,21.67
ORD-2024-037178,1,PROD-016,2,8.9,13.4
ORD-2024-037178,2,PROD-042,4,73.24,270.02
ORD-2024-037179,1,PROD-007,1,17.18,15.96
ORD-2024-037179,2,PROD-041,2,11.83,22.6
ORD-2024-037180,1,PROD-006,3,32.39,88.85
ORD-2024-037181,1,PROD-035,1,10.14,9.73
ORD-2024-037181,2,PROD-047,1,108.45,107.71
ORD-2024-037182,1,PROD-008,1,9.9,9.48
ORD-2024-037183,1,PROD-003,1,14.37,13.89
ORD-2024-037184,1,PROD-010,3,38.03,111.08
ORD-2024-037185,1,PROD-022,1,9.01,8.72
ORD-2024-037186,1,PROD-002,2,11.9,23.29
ORD-2024-037186,2,PROD-035,1,10.14,10.08
ORD-2024-037187,1,PROD-024,1,8.73,8.38
ORD-2024-037188,1,PROD-004,1,20.28,18.88
ORD-2024-037189,1,PROD-006,1,32.39,30.36
ORD-2024-037190,1,PROD-001,2,12.9,25.39
ORD-2024-037190,2,PROD-041,2,11.83,23.41
ORD-2024-037191,1,PROD-013,2,11.9,23.65
ORD-2024-037192,1,PROD-004,1,20.28,17.55
ORD-2024-037192,2,PROD-034,2,9.01,13.21
ORD-2024-037193,1,PROD-001,1,12.9,12.14
ORD-2024-037194,1,PROD-007,1,17.18,9.37
ORD-2024-037195,1,PROD-010,3,38.03,109.4
ORD-2024-037196,1,PROD-013,3,11.9,34.48
ORD-2024-037196,2,PROD-033,1,52.11,48.81
ORD-2024-037197,1,PROD-005,1,20.28,18.12
ORD-2024-037198,1,PROD-051,1,36.06,35.78
ORD-2024-037198,2,PROD-028,1,17.18,15.95
ORD-2024-037199,1,PROD-025,1,21.97,19.98
ORD-2024-037199,2,PROD-001,1,12.9,11.59
ORD-2024-037199,3,PROD-004,3,20.28,49.34
ORD-2024-037200,1,PROD-034,1,9.01,5.62
ORD-2024-037200,2,PROD-038,1,7.89,5.6
ORD-2024-037201,1,PROD-004,1,20.28,20.14
ORD-2024-037202,1,PROD-034,3,9.01,25.19
ORD-2024-037203,1,PROD-005,2,20.28,36.7
ORD-2024-037203,2,PROD-020,1,10.14,8.82
ORD-2024-037204,1,PROD-056,1,101.41,74.9
ORD-2024-037205,1,PROD-002,2,11.9,23.14
ORD-2024-037205,2,PROD-026,2,14.65,25.74
ORD-2024-037205,3,PROD-004,3,20.28,56.92
ORD-2024-037206,1,PROD-004,1,20.28,19.16
ORD-2024-037207,1,PROD-005,1,20.28,14.79
ORD-2024-037208,1,PROD-011,2,14.9,25.08
ORD-2024-037209,1,PROD-003,1,14.37,13.98
ORD-2024-037209,2,PROD-005,1,20.28,19.33
ORD-2024-037209,3,PROD-006,1,32.39,31.35
ORD-2024-037210,1,PROD-035,1,10.14,9.24
ORD-2024-037211,1,PROD-007,1,17.18,15.3
ORD-2024-037212,1,PROD-025,1,21.97,21.53
ORD-2024-037213,1,PROD-001,2,12.9,24.43
ORD-2024-037213,2,PROD-003,1,14.37,13.05
ORD-2024-037213,3,PROD-050,1,61.97,59.42
ORD-2024-037213,4,PROD-036,2,11.55,22.21
ORD-2024-037214,1,PROD-013,2,11.9,20.8
ORD-2024-037215,1,PROD-001,1,12.9,10.47
ORD-2024-037216,1,PROD-011,1,14.9,13.52
ORD-2024-037217,1,PROD-001,1,12.9,12.22
ORD-2024-037218,1,PROD-003,1,14.37,13.16
ORD-2024-037218,2,PROD-022,2,9.01,17.09
ORD-2024-037219,1,PROD-035,3,10.14,28.68
ORD-2024-037219,2,PROD-006,2,32.39,59.2
ORD-2024-037220,1,PROD-024,1,8.73,7.43
ORD-2024-037220,2,PROD-007,1,17.18,15.99
ORD-2024-037221,1,PROD-040,2,15.21,22.57
ORD-2024-037222,1,PROD-004,1,20.28,15.69
ORD-2024-037223,1,PROD-001,1,12.9,11.38
ORD-2024-037223,2,PROD-052,1,46.48,40.0
ORD-2024-037224,1,PROD-001,2,12.9,12.17
ORD-2024-037224,2,PROD-004,1,20.28,14.07
ORD-2024-037224,3,PROD-019,2,29.58,26.62
ORD-2024-037225,1,PROD-007,1,17.18,17.09
ORD-2024-037226,1,PROD-002,2,11.9,19.85
ORD-2024-037226,2,PROD-028,1,17.18,14.36
ORD-2024-037227,1,PROD-023,1,7.89,6.8
 ORD-2024-037228 ,1,PROD-003,2,14.37,24.46
ORD-2024-037229,1,PROD-054,1,59.15,56.19
ORD-2024-037230,1,PROD-044,1,40.85,30.51
ORD-2024-037231,1,PROD-059,1,52.11,48.26
ORD-2024-037232,1,PROD-011,3,14.9,40.97
ORD-2024-037233,1,PROD-023,1,7.89,6.88
ORD-2024-037234,1,PROD-008,1,9.9,8.19
ORD-2024-037235,1,PROD-035,2,10.14,18.77
ORD-2024-037236,1,PROD-003,2,14.37,26.22
ORD-2024-037237,1,PROD-007,2,17.18,28.94
ORD-2024-037237,2,PROD-038,4,7.89,26.44
ORD-2024-037238,1,PROD-004,2,20.28,39.74
ORD-2024-037239,1,PROD-037,3,9.86,28.62
ORD-2024-037239,2,PROD-005,2,20.28,38.48
ORD-2024-037240,1,PROD-022,1,9.01,8.2
ORD-2024-037240,2,PROD-006,1,32.39,28.7
ORD-2024-037240,3,PROD-026,1,14.65,12.62
ORD-2024-037240,4,PROD-035,1,10.14,9.56
ORD-2024-037240,5,PROD-004,2,20.28,38.63
ORD-2024-037241,1,PROD-021,1,15.49,15.33
ORD-2024-037242,1,PROD-050,1,61.97,58.71
ORD-2024-037243,1,PROD-001,1,12.9,9.98
ORD-2024-037244,1,PROD-037,2,9.86,17.96
ORD-2024-037245,1,PROD-002,1,11.9,11.31
ORD-2024-037246,1,PROD-053,1,53.52,49.39
ORD-2024-037246,2,PROD-004,1,20.28,19.54
ORD-2024-037247,1,PROD-016,1,8.9,8.27
ORD-2024-037248,1,PROD-048,1,55.77,52.54
ORD-2024-037249,1,PROD-003,2,14.37,28.37
ORD-2024-037249,2,PROD-029,1,24.79,24.41
ORD-2024-037250,1,PROD-005,1,20.28,19.58
ORD-2024-037251,1,PROD-005,1,20.28,17.94
ORD-2024-037252,1,PROD-010,2,38.03,67.87
ORD-2024-037253,1,PROD-042,2,73.24,144.31
ORD-2024-037253,2,PROD-040,2,15.21,29.51
ORD-2024-037254,1,PROD-010,1,38.03,35.63
ORD-2024-037255,1,PROD-008,1,9.9,7.51
ORD-2024-037255,2,PROD-019,1,29.58,26.28
ORD-2024-037255,3,PROD-004,1,20.28,16.39
ORD-2024-037256,1,PROD-004,3,20.28,58.64
ORD-2024-037257,1,PROD-004,2,20.28,34.01
ORD-2024-037258,1,PROD-039,1,8.17,7.98
ORD-2024-037258,2,PROD-036,1,11.55,11.18
ORD-2024-037258,3,PROD-049,1,80.28,76.98
ORD-2024-037259,1,PROD-038,2,7.89,15.53
ORD-2024-037259,2,PROD-007,3,17.18,48.99
ORD-2024-037259,3,PROD-021,2,15.49,29.62
ORD-2024-037259,4,PROD-034,2,9.01,13.22
ORD-2024-037259,5,PROD-001,1,12.9,8.91
ORD-2024-037260,1,PROD-003,1,14.37,14.27
ORD-2024-037260,2,PROD-023,1,7.89,7.7
ORD-2024-037260,3,PROD-032,1,19.72,19.6
ORD-2024-037261,1,PROD-004,2,20.28,38.44
ORD-2024-037262,1,PROD-032,2,19.72,35.84
ORD-2024-037262,2,PROD-003,1,14.37,12.32
ORD-2024-037262,3,PROD-008,1,9.9,9.09
ORD-2024-037263,1,PROD-030,1,49.3,45.97
ORD-2024-037263,2,PROD-024,1,8.73,8.4
ORD-2024-037264,1,PROD-033,2,52.11,52.96
ORD-2024-037265,1,PROD-001,2,12.9,22.42
ORD-2024-037266,1,PROD-007,3,17.18,51.19
ORD-2024-037267,1,PROD-001,2,12.9,22.79
ORD-2024-037267,2,PROD-034,1,9.01,7.25
ORD-2024-037267,3,PROD-010,2,38.03,72.58
ORD-2024-037268,1,PROD-022,1,9.01,7.55
ORD-2024-037269,1,PROD-056,1,101.41,60.72
ORD-2024-037270,1,PROD-040,1,15.21,13.48
ORD-2024-037271,1,PROD-016,3,8.9,17.1
ORD-2024-037271,2,PROD-001,1,12.9,12.29
ORD-2024-037272,1,PROD-010,3,38.03,94.8
ORD-2024-037273,1,PROD-032,2,19.72,34.92
ORD-2024-037273,2,PROD-014,3,9.9,26.04
ORD-2024-037274,1,PROD-002,1,11.9,9.88
ORD-2024-037275,1,PROD-010,2,38.03,70.29
ORD-2024-037276,1,PROD-021,1,15.49,15.35
ORD-2024-037276,2,PROD-022,1,9.01,8.66
ORD-2024-037277,1,PROD-003,2,14.37,26.87
ORD-2024-037278,1,PROD-035,2,10.14,19.21
ORD-2024-037278,2,PROD-003,1,14.37,13.78
ORD-2024-037278,3,PROD-005,2,20.28,39.12
ORD-2024-037279,1,PROD-016,1,8.9,7.23
ORD-2024-037280,1,PROD-040,4,15.21,59.36
ORD-2024-037281,1,PROD-024,2,8.73,13.0
ORD-2024-037282,1,PROD-004,2,20.28,35.9
ORD-2024-037282,2,PROD-029,1,24.79,22.01
ORD-2024-037283,1,PROD-007,1,17.18,16.85
ORD-2024-037283,2,PROD-006,1,32.39,29.33
ORD-2024-037284,1,PROD-007,1,17.18,14.91
ORD-2024-037285,1,PROD-010,3,38.03,113.29
ORD-2024-037285,2,PROD-013,2,11.9,22.69
ORD-2024-037286,1,PROD-042,2,73.24,126.84
ORD-2024-037287,1,PROD-005,1,20.28,14.13
ORD-2024-037288,1,PROD-007,2,17.18,32.5
ORD-2024-037288,2,PROD-006,2,32.39,61.79
ORD-2024-037288,3,PROD-021,2,15.49,28.17
ORD-2024-037289,1,PROD-001,1,12.9,11.91
ORD-2024-037289,2,PROD-011,3,14.9,43.14
ORD-2024-037290,1,PROD-005,1,20.28,20.12
ORD-2024-037290,2,PROD-060,1,42.25,42.07
ORD-2024-037290,3,PROD-003,1,14.37,14.2
ORD-2024-037290,4,PROD-004,1,20.28,19.47
ORD-2024-037290,5,PROD-001,2,12.9,
ORD-2024-037291,1,PROD-040,3,15.21,44.56
ORD-2024-037291,2,PROD-032,2,19.72,37.4
ORD-2024-037291,3,PROD-034,1,9.01,8.81
ORD-2024-037292,1,PROD-032,2,19.72,38.57
ORD-2024-037293,1,PROD-017,1,12.5,12.27
ORD-2024-037293,2,PROD-040,1,15.21,14.64
ORD-2024-037293,3,PROD-036,1,11.55,11.23
ORD-2024-037294,1,PROD-017,2,12.5,20.39
ORD-2024-037294,2,PROD-032,1,19.72,18.05
ORD-2024-037295,1,PROD-001,1,12.9,11.67
ORD-2024-037295,2,PROD-015,3,26.76,72.66
ORD-2024-037295,3,PROD-033,1,52.11,50.3
ORD-2024-037296,1,PROD-004,1,20.28,18.58
ORD-2024-037296,2,PROD-001,1,12.9,12.24
ORD-2024-037296,3,PROD-010,2,38.03,75.54
ORD-2024-037296,4,PROD-006,2,32.39,63.96
ORD-2024-037296,5,PROD-003,2,14.37,25.65
ORD-2024-037297,1,PROD-003,2,14.37,27.94
ORD-2024-037297,2,PROD-041,2,11.83,22.43
ORD-2024-037298,1,PROD-001,1,12.9,11.04
ORD-2024-037299,1,PROD-012,1,18.5,17.1
ORD-2024-037300,1,PROD-036,1,11.55,11.01
ORD-2024-037300,2,PROD-006,2,32.39,62.84
ORD-2024-037300,3,PROD-001,1,12.9,12.8
ORD-2024-037301,1,PROD-004,3,20.28,54.51
ORD-2024-037302,1,PROD-034,3,9.01,25.24
ORD-2024-037302,2,PROD-033,1,52.11,50.94
ORD-2024-037303,1,PROD-002,3,11.9,32.83
ORD-2024-037304,1,PROD-004,2,20.28,30.93
ORD-2024-037305,1,PROD-017,2,12.5,24.09
ORD-2024-037305,2,PROD-029,1,24.79,22.37
ORD-2024-037305,3,PROD-007,3,17.18,48.53
ORD-2024-037306,1,PROD-005,1,20.28,19.19
ORD-2024-037307,1,PROD-035,1,10.14,10.08
ORD-2024-037308,1,PROD-045,1,72.68,65.31
ORD-2024-037309,1,PROD-005,1,20.28,19.61
ORD-2024-037310,1,PROD-002,1,11.9,11.62
ORD-2024-037311,1,PROD-029,2,24.79,49.02
ORD-2024-037312,1,PROD-019,1,29.58,27.67
ORD-2024-037313,1,PROD-008,3,9.9,16.82
ORD-2024-037313,2,PROD-034,3,9.01,18.99
ORD-2024-037314,1,PROD-003,2,14.37,24.07
ORD-2024-037314,2,PROD-030,2,49.3,84.5
ORD-2024-037315,1,PROD-045,1,72.68,65.06
ORD-2024-037316,1,PROD-021,2,15.49,30.43
ORD-2024-037317,1,PROD-002,1,11.9,11.23
ORD-2024-037318,1,PROD-013,3,11.9,34.28
ORD-2024-037318,2,PROD-002,2,11.9,20.85
ORD-2024-037319,1,PROD-010,2,38.03,69.84
ORD-2024-037319,2,PROD-001,3,12.9,36.97
ORD-2024-037319,3,PROD-004,2,20.28,34.57
ORD-2024-037320,1,PROD-007,1,17.18,12.88
ORD-2024-037321,1,PROD-021,1,15.49,14.83
ORD-2024-037322,1,PROD-001,1,12.9,12.48
ORD-2024-037323,1,PROD-004,1,20.28,20.1
ORD-2024-037323,2,PROD-014,2,9.9,17.82
ORD-2024-037323,3,PROD-007,2,17.18,34.08
ORD-2024-037324,1,PROD-005,1,20.28,18.69
ORD-2024-037325,1,PROD-003,3,14.37,33.52
ORD-2024-037326,1,PROD-008,1,9.9,8.77
ORD-2024-037327,1,PROD-005,3,20.28,57.62
ORD-2024-037327,2,PROD-030,1,49.3,48.26
ORD-2024-037328,1,PROD-005,1,20.28,18.59
ORD-2024-037328,2,PROD-030,1,49.3,43.55
ORD-2024-037328,3,PROD-036,1,11.55,10.08
ORD-2024-037329,1,PROD-037,3,9.86,28.76
ORD-2024-037330,1,PROD-005,1,20.28,19.05
ORD-2024-037331,1,PROD-051,1,36.06,30.42
ORD-2024-037332,1,PROD-014,1,9.9,9.76
ORD-2024-037333,1,PROD-016,1,8.9,4.87
ORD-2024-037334,1,PROD-038,3,7.89,21.63
ORD-2024-037334,2,PROD-001,1,12.9,10.95
ORD-2024-037335,1,PROD-023,1,7.89,6.02
ORD-2024-037335,2,PROD-001,2,12.9,25.02
ORD-2024-037336,1,PROD-012,1,18.5,17.64
ORD-2024-037336,2,PROD-040,2,15.21,29.08
ORD-2024-037337,1,PROD-035,2,10.14,19.33
ORD-2024-037337,2,PROD-004,2,20.28,34.29
ORD-2024-037338,1,PROD-002,1,11.9,11.43
ORD-2024-037339,1,PROD-050,1,61.97,59.5
ORD-2024-037339,2,PROD-013,1,11.9,11.63
ORD-2024-037340,1,PROD-035,1,10.14,8.48
ORD-2024-037340,2,PROD-008,1,9.9,9.03
ORD-2024-037340,3,PROD-024,1,8.73,7.25
ORD-2024-037341,1,PROD-003,3,14.37,36.07
ORD-2024-037341,2,PROD-002,3,11.9,31.82
ORD-2024-037341,3,PROD-033,1,52.11,45.65
ORD-2024-037341,4,PROD-041,1,11.83,11.2
ORD-2024-037342,1,PROD-002,1,11.9,10.47
ORD-2024-037343,1,PROD-031,2,53.52,97.29
ORD-2024-037343,2,PROD-004,1,20.28,17.43
ORD-2024-037344,1,PROD-051,1,36.06,29.44
ORD-2024-037344,2,PROD-022,1,9.01,7.04
ORD-2024-037345,1,PROD-024,2,8.73,8.93
ORD-2024-037346,1,PROD-023,1,7.89,7.54
ORD-2024-037346,2,PROD-042,1,73.24,68.23
ORD-2024-037347,1,PROD-006,1,32.39,29.3
ORD-2024-037348,1,PROD-002,1,11.9,10.5
ORD-2024-037348,2,PROD-046,1,259.15,254.93
ORD-2024-037348,3,PROD-023,2,7.89,15.1
ORD-2024-037349,1,PROD-041,1,11.83,10.97
ORD-2024-037350,1,PROD-004,1,20.28,16.55
ORD-2024-037351,1,PROD-041,2,11.83,22.16
ORD-2024-037352,1,PROD-003,1,14.37,13.6
ORD-2024-037353,1,PROD-041,2,11.83,22.12
ORD-2024-037354,1,PROD-015,1,26.76,20.44
ORD-2024-037354,2,PROD-001,1,12.9,11.52
ORD-2024-037355,1,PROD-039,1,8.17,7.76
ORD-2024-037355,2,PROD-007,2,17.18,30.69
ORD-2024-037356,1,PROD-003,2,14.37,24.36
ORD-2024-037356,2,PROD-037,1,9.86,9.29
ORD-2024-037357,1,PROD-007,1,17.18,16.41
ORD-2024-037357,2,PROD-012,1,18.5,12.56
ORD-2024-037357,3,PROD-034,2,9.01,15.96
ORD-2024-037358,1,PROD-040,4,15.21,55.91
ORD-2024-037359,1,PROD-023,1,7.89,7.61
ORD-2024-037359,2,PROD-041,4,11.83,43.14
ORD-2024-037360,1,PROD-010,2,38.03,74.51
ORD-2024-037360,2,PROD-005,2,20.28,31.83
ORD-2024-037361,1,PROD-038,1,7.89,5.95
ORD-2024-037362,1,PROD-004,2,20.28,38.61
ORD-2024-037363,1,PROD-007,1,17.18,16.66
ORD-2024-037364,1,PROD-010,3,38.03,109.07
ORD-2024-037365,1,PROD-005,1,20.28,13.1
ORD-2024-037366,1,PROD-004,1,20.28,19.4
ORD-2024-037367,1,PROD-004,1,20.28,18.57
ORD-2024-037368,1,PROD-059,1,52.11,48.22
ORD-2024-037369,1,PROD-004,1,20.28,19.03
ORD-2024-037370,1,PROD-055,1,74.65,64.65
ORD-2024-037371,1,PROD-006,1,32.39,31.92
ORD-2024-037372,1,PROD-035,1,10.14,8.4
ORD-2024-037373,1,PROD-004,1,20.28,12.29
ORD-2024-037373,2,PROD-054,1,59.15,52.46
ORD-2024-037374,1,PROD-006,1,32.39,28.75
ORD-2024-037375,1,PROD-034,3,9.01,22.59
ORD-2024-037375,2,PROD-004,1,20.28,16.92
ORD-2024-037375,3,PROD-011,2,14.9,24.72
ORD-2024-037375,4,PROD-001,1,12.9,12.36
ORD-2024-037375,5,PROD-022,1,9.01,7.63
ORD-2024-037376,1,PROD-003,3,14.37,41.19
ORD-2024-037377,1,PROD-005,1,20.28,18.09
ORD-2024-037378,1,PROD-004,2,20.28,36.02
ORD-2024-037378,2,PROD-034,1,9.01,8.07
ORD-2024-037378,3,PROD-027,1,21.13,19.28
ORD-2024-037379,1,PROD-001,1,12.9,9.73
ORD-2024-037380,1,PROD-039,2,8.17,15.73
ORD-2024-037380,2,PROD-004,1,20.28,19.43
ORD-2024-037380,3,PROD-001,2,12.9,23.29
ORD-2024-037381,1,PROD-005,1,20.28,18.04
ORD-2024-037381,2,PROD-022,1,9.01,7.86
ORD-2024-037382,1,PROD-035,1,10.14,9.32
ORD-2024-037383,1,PROD-001,2,12.9,25.29
ORD-2024-037383,2,PROD-047,1,108.45,99.03
ORD-2024-037384,1,PROD-028,1,17.18,14.56
ORD-2024-037385,1,PROD-007,2,17.18,33.54
ORD-2024-037386,1,PROD-008,1,9.9,7.57
ORD-2024-037387,1,PROD-050,1,61.97,53.0
ORD-2024-037388,1,PROD-010,2,38.03,64.12
ORD-2024-037388,2,PROD-024,1,8.73,6.41
ORD-2024-037389,1,PROD-003,2,14.37,18.77
ORD-2024-037389,2,PROD-034,1,9.01,6.82
ORD-2024-037390,1,PROD-003,1,14.37,14.06
ORD-2024-037391,1,PROD-001,1,12.9,11.27
ORD-2024-037391,2,PROD-035,3,10.14,27.66
ORD-2024-037391,3,PROD-004,1,20.28,18.54
ORD-2024-037392,1,PROD-058,1,39.44,38.07
ORD-2024-037393,1,PROD-039,1,8.17,7.61
ORD-2024-037393,2,PROD-008,2,9.9,18.96
ORD-2024-037393,3,PROD-001,1,12.9,11.3
ORD-2024-037393,4,PROD-007,1,17.18,17.17
ORD-2024-037394,1,PROD-003,2,14.37,26.35
ORD-2024-037395,1,PROD-004,2,20.28,37.6
ORD-2024-037396,1,PROD-020,1,10.14,9.29
ORD-2024-037396,2,PROD-040,1,15.21,13.87
ORD-2024-037396,3,PROD-006,1,32.39,30.02
ORD-2024-037397,1,PROD-014,1,9.9,9.77
ORD-2024-037397,2,PROD-004,2,20.28,38.13
ORD-2024-037397,3,PROD-008,1,9.9,9.62
ORD-2024-037398,1,PROD-030,2,49.3,77.64
ORD-2024-037398,2,PROD-006,1,32.39,28.04
ORD-2024-037399,1,PROD-002,2,11.9,19.77
ORD-2024-037399,2,PROD-004,1,20.28,20.08
ORD-2024-037400,1,PROD-053,1,53.52,49.48
ORD-2024-037401,1,PROD-005,1,20.28,19.63
ORD-2024-037401,2,PROD-034,3,9.01,25.66
ORD-2024-037401,3,PROD-041,1,11.83,11.71
ORD-2024-037402,1,PROD-031,1,53.52,51.27
ORD-2024-037402,2,PROD-027,1,21.13,20.65
ORD-2024-037403,1,PROD-040,1,15.21,14.61
ORD-2024-037404,1,PROD-008,2,9.9,18.29
ORD-2024-037405,1,PROD-004,3,20.28,58.67
ORD-2024-037405,2,PROD-002,1,11.9,10.03
ORD-2024-037405,3,PROD-040,1,15.21,12.84
ORD-2024-037405,4,PROD-001,1,12.9,9.99
ORD-2024-037406,1,PROD-004,2,20.28,36.65
ORD-2024-037407,1,PROD-007,2,17.18,29.69
ORD-2024-037408,1,PROD-034,2,9.01,15.19
ORD-2024-037409,1,PROD-013,2,11.9,23.58
ORD-2024-037410,1,PROD-007,1,17.18,14.65
ORD-2024-037410,2,PROD-006,1,32.39,25.51
ORD-2024-037411,1,PROD-006,1,32.39,28.99
ORD-2024-037411,2,PROD-004,1,20.28,19.35
ORD-2024-037412,1,PROD-041,2,11.83,18.0
ORD-2024-037412,2,PROD-021,2,15.49,25.84
ORD-2024-037413,1,PROD-010,1,38.03,32.36
ORD-2024-037414,1,PROD-010,1,38.03,34.82
ORD-2024-037414,2,PROD-051,1,36.06,30.41
ORD-2024-037414,3,PROD-006,3,32.39,89.44
ORD-2024-037415,1,PROD-042,2,73.24,135.35
ORD-2024-037415,2,PROD-037,4,9.86,38.01
ORD-2024-037415,3,PROD-035,1,10.14,9.61
ORD-2024-037416,1,PROD-059,1,52.11,49.6
ORD-2024-037417,1,PROD-022,1,9.01,8.86
ORD-2024-037418,1,PROD-005,1,20.28,18.76
ORD-2024-037419,1,PROD-020,1,10.14,9.83
ORD-2024-037420,1,PROD-032,1,19.72,17.02
ORD-2024-037421,1,PROD-034,2,9.01,17.89
ORD-2024-037422,1,PROD-006,1,32.39,31.27
ORD-2024-037423,1,PROD-015,2,26.76,47.57
ORD-2024-037424,1,PROD-035,2,10.14,19.56
ORD-2024-037425,1,PROD-004,1,20.28,18.56
ORD-2024-037426,1,PROD-021,1,15.49,14.89
ORD-2024-037426,2,PROD-003,1,14.37,13.57
ORD-2024-037427,1,PROD-004,3,20.28,57.31
ORD-2024-037428,1,PROD-010,1,38.03,35.22
ORD-2024-037429,1,PROD-015,2,26.76,51.58
ORD-2024-037429,2,PROD-004,1,20.28,19.66
ORD-2024-037430,1,PROD-002,1,11.9,10.49
ORD-2024-037431,1,PROD-001,1,12.9,12.47
ORD-2024-037431,2,PROD-020,1,10.14,9.83
ORD-2024-037431,3,PROD-034,1,9.01,8.35
ORD-2024-037431,4,PROD-028,1,17.18,15.09
ORD-2024-037431,5,PROD-023,1,7.89,7.5
ORD-2024-037432,1,PROD-010,2,38.03,66.02
ORD-2024-037433,1,PROD-004,2,20.28,30.85
ORD-2024-037433,2,PROD-028,1,17.18,10.41
ORD-2024-037434,1,PROD-007,1,17.18,12.98
ORD-2024-037435,1,PROD-002,2,11.9,23.72
ORD-2024-037436,1,PROD-027,1,21.13,20.74
ORD-2024-037437,1,PROD-027,1,21.13,19.03
ORD-2024-037438,1,PROD-005,2,20.28,35.25
ORD-2024-037438,2,PROD-049,1,80.28,76.01
ORD-2024-037438,3,PROD-034,1,9.01,8.2
ORD-2024-037438,4,PROD-032,2,19.72,37.51
ORD-2024-037439,1,PROD-013,1,11.9,9.76
ORD-2024-037440,1,PROD-007,2,17.18,33.76
ORD-2024-037441,1,PROD-039,2,8.17,13.29
ORD-2024-037442,1,PROD-013,1,11.9,11.61
ORD-2024-037442,2,PROD-004,1,20.28,18.83
ORD-2024-037443,1,PROD-035,2,10.14,18.83
ORD-2024-037443,2,PROD-033,3,52.11,153.44
ORD-2024-037443,3,PROD-025,1,21.97,19.21
ORD-2024-037444,1,PROD-040,2,15.21,28.57
ORD-2024-037445,1,PROD-050,1,61.97,47.96
ORD-2024-037446,1,PROD-013,2,11.9,20.67
ORD-2024-037447,1,PROD-023,2,7.89,14.58
ORD-2024-037448,1,PROD-010,1,38.03,33.48
ORD-2024-037448,2,PROD-001,1,12.9,11.84
ORD-2024-037449,1,PROD-023,1,7.89,7.45
ORD-2024-037450,1,PROD-044,1,40.85,39.25
ORD-2024-037450,2,PROD-004,1,20.28,19.23
ORD-2024-037451,1,PROD-001,1,12.9,11.8
ORD-2024-037451,2,PROD-033,3,52.11,156.06
ORD-2024-037452,1,PROD-007,1,17.18,17.0
ORD-2024-037452,2,PROD-027,2,21.13,40.12
ORD-2024-037453,1,PROD-017,1,12.5,11.52
ORD-2024-037454,1,PROD-021,2,15.49,29.18
ORD-2024-037454,2,PROD-005,1,20.28,19.07
ORD-2024-037455,1,PROD-022,1,9.01,8.62
ORD-2024-037455,2,PROD-041,1,11.83,11.59
ORD-2024-037456,1,PROD-037,2,9.86,16.42
ORD-2024-037457,1,PROD-004,2,20.28,39.48
ORD-2024-037457,2,PROD-003,3,14.37,39.58
ORD-2024-037457,3,PROD-022,1,9.01,8.44
ORD-2024-037457,4,PROD-005,1,20.28,20.22
ORD-2024-037457,5,PROD-012,1,18.5,18.3
ORD-2024-037458,1,PROD-029,2,24.79,42.4
ORD-2024-037459,1,PROD-006,1,32.39,19.81
ORD-2024-037460,1,PROD-006,3,32.39,92.37
ORD-2024-037460,2,PROD-038,4,7.89,27.85
ORD-2024-037461,1,PROD-012,1,18.5,13.53
ORD-2024-037462,1,PROD-011,1,14.9,14.07
ORD-2024-037463,1,PROD-001,2,12.9,25.65
ORD-2024-037464,1,PROD-004,1,20.28,19.7
ORD-2024-037464,2,PROD-035,1,10.14,9.57
ORD-2024-037464,3,PROD-036,3,11.55,34.12
ORD-2024-037465,1,PROD-034,1,9.01,8.96
ORD-2024-037466,1,PROD-058,1,39.44,33.78
ORD-2024-037467,1,PROD-005,2,20.28,37.22
ORD-2024-037468,1,PROD-036,2,11.55,19.62
ORD-2024-037469,1,PROD-021,1,15.49,14.84
ORD-2024-037470,1,PROD-027,1,21.13,17.25
ORD-2024-037471,1,PROD-014,1,9.9,7.11
ORD-2024-037472,1,PROD-002,3,11.9,33.93
ORD-2024-037473,1,PROD-007,2,17.18,29.56
ORD-2024-037473,2,PROD-017,1,12.5,10.44
ORD-2024-037474,1,PROD-006,1,32.39,30.14
ORD-2024-037474,2,PROD-005,1,20.28,18.5
ORD-2024-037474,3,PROD-034,4,9.01,34.16
ORD-2024-037475,1,PROD-008,2,9.9,16.22
ORD-2024-037475,2,PROD-001,1,12.9,12.59
ORD-2024-037476,1,PROD-033,2,52.11,95.96
ORD-2024-037477,1,PROD-040,1,15.21,13.64
ORD-2024-037478,1,PROD-041,3,11.83,34.68
ORD-2024-037479,1,PROD-027,1,21.13,20.46
ORD-2024-037479,2,PROD-042,2,73.24,138.63
ORD-2024-037480,1,PROD-006,1,32.39,30.77
ORD-2024-037481,1,PROD-007,1,17.18,16.09
ORD-2024-037482,1,PROD-035,2,10.14,17.79
ORD-2024-037482,2,PROD-034,3,9.01,25.96
ORD-2024-037482,3,PROD-007,1,17.18,17.02
ORD-2024-037483,1,PROD-003,3,14.37,33.79
ORD-2024-037483,2,PROD-041,1,11.83,11.33
ORD-2024-037483,3,PROD-050,1,61.97,46.32
ORD-2024-037484,1,PROD-001,1,12.9,12.65
ORD-2024-037485,1,PROD-014,1,9.9,9.55
ORD-2024-037485,2,PROD-006,1,32.39,29.64
ORD-2024-037486,1,PROD-017,1,12.5,9.98
ORD-2024-037487,1,PROD-047,1,108.45,96.84
ORD-2024-037487,2,PROD-004,1,20.28,10.59
ORD-2024-037488,1,PROD-004,2,20.28,32.74
ORD-2024-037489,1,PROD-002,1,11.9,10.76
ORD-2024-037490,1,PROD-024,2,8.73,14.19
ORD-2024-037491,1,PROD-008,3,9.9,26.96
ORD-2024-037492,1,PROD-008,1,9.9,8.78
ORD-2024-037492,2,PROD-002,1,11.9,10.7
ORD-2024-037492,3,PROD-034,1,9.01,7.04
ORD-2024-037493,1,PROD-017,1,12.5,11.38
ORD-2024-037494,1,PROD-005,1,20.28,16.24
ORD-2024-037495,1,PROD-054,1,59.15,57.33
ORD-2024-037496,1,PROD-030,1,49.3,45.79
ORD-2024-037497,1,PROD-026,1,14.65,14.49
ORD-2024-037498,1,PROD-002,1,11.9,11.54
ORD-2024-037498,2,PROD-036,2,11.55,22.09
ORD-2024-037499,1,PROD-007,1,17.18,15.16
ORD-2024-037500,1,PROD-006,1,32.39,32.05
ORD-2024-037500,2,PROD-014,2,9.9,17.17
ORD-2024-037501,1,PROD-047,1,108.45,89.6
ORD-2024-037501,2,PROD-001,2,12.9,24.12
ORD-2024-037502,1,PROD-022,1,9.01,8.61
ORD-2024-037502,2,PROD-005,2,20.28,38.92
ORD-2024-037502,3,PROD-002,2,11.9,22.65
ORD-2024-037503,1,PROD-001,1,12.9,12.3
ORD-2024-037503,2,PROD-036,2,11.55,21.58
ORD-2024-037503,3,PROD-005,1,20.28,19.3
ORD-2024-037504,1,PROD-039,2,8.17,15.45
ORD-2024-037504,2,PROD-002,1,11.9,11.09
ORD-2024-037505,1,PROD-006,1,32.39,25.83
ORD-2024-037506,1,PROD-007,2,17.18,27.52
ORD-2024-037506,2,PROD-005,1,20.28,18.48
ORD-2024-037506,3,PROD-044,1,40.85,32.1
ORD-2024-037507,1,PROD-007,3,17.18,47.27
ORD-2024-037507,2,PROD-004,2,20.28,40.4
ORD-2024-037508,1,PROD-008,3,9.9,29.17
ORD-2024-037508,2, PROD-016 ,2,8.9,15.07
ORD-2024-037509,1,PROD-001,1,12.9,10.93
ORD-2024-037510,1,PROD-027,1,21.13,20.87
ORD-2024-037511,1,PROD-008,1,9.9,9.71
ORD-2024-037512,1,PROD-005,1,20.28,19.39
ORD-2024-037513,1,PROD-013,2,11.9,21.63
ORD-2024-037514,1,PROD-041,2,11.83,22.44
ORD-2024-037514,2,PROD-007,2,17.18,34.1
ORD-2024-037515,1,PROD-005,1,20.28,18.96
ORD-2024-037516,1,PROD-026,2,14.65,23.7
ORD-2024-037517,1,PROD-036,2,11.55,21.8
ORD-2024-037517,2,PROD-035,1,10.14,7.84
ORD-2024-037518,1,PROD-004,1,20.28,16.75
ORD-2024-037519,1,PROD-021,2,15.49,28.6
ORD-2024-037520,1,PROD-036,1,11.55,10.71
ORD-2024-037520,2,PROD-003,1,14.37,13.62
ORD-2024-037520,3,PROD-029,1,24.79,24.05
ORD-2024-037521,1,PROD-040,2,15.21,28.51
ORD-2024-037521,2,PROD-007,1,17.18,15.18
ORD-2024-037522,1,PROD-040,2,15.21,24.79
ORD-2024-037522,2,PROD-038,2,7.89,13.56
ORD-2024-037522,3,PROD-008,1,9.9,8.68
ORD-2024-037523,1,PROD-005,1,20.28,19.61
ORD-2024-037523,2,PROD-034,1,9.01,8.9
ORD-2024-037524,1,PROD-039,1,8.17,5.3
ORD-2024-037524,2,PROD-028,1,17.18,15.19
ORD-2024-037524,3,PROD-013,1,11.9,11.31
ORD-2024-037524,4,PROD-055,1,74.65,73.6
ORD-2024-037525,1,PROD-002,2,11.9,18.59
ORD-2024-037526,1,PROD-004,3,20.28,57.31
ORD-2024-037527,1,PROD-005,3,20.28,59.76
ORD-2024-037528,1,PROD-005,2,20.28,37.77
ORD-2024-037529,1,PROD-006,1,32.39,29.99
ORD-2024-037530,1,PROD-004,1,20.28,15.03
ORD-2024-037530,2,PROD-023,1,7.89,6.61
ORD-2024-037531,1,PROD-025,1,21.97,19.24
ORD-2024-037532,1,PROD-003,1,14.37,10.46
ORD-2024-037533,1,PROD-039,2,8.17,13.53
ORD-2024-037533,2,PROD-031,1,53.52,46.57
ORD-2024-037533,3,PROD-014,1,9.9,9.63
ORD-2024-037534,1,PROD-006,2,32.39,64.2
ORD-2024-037535,1,PROD-037,1,9.86,8.5
ORD-2024-037536,1,PROD-049,1,80.28,75.94
ORD-2024-037537,1,PROD-037,2,9.86,16.94
ORD-2024-037537,2,PROD-003,3,14.37,41.9
ORD-2024-037537,3,PROD-032,1,19.72,18.25
ORD-2024-037538,1,PROD-002,1,11.9,11.77
ORD-2024-037538,2,PROD-005,3,20.28,47.25
ORD-2024-037538,3,PROD-003,1,14.37,13.67
ORD-2024-037539,1,PROD-052,1,46.48,44.48
ORD-2024-037539,2,PROD-032,1,19.72,18.43
ORD-2024-037540,1,PROD-007,1,17.18,13.42
ORD-2024-037541,1,PROD-037,1,9.86,5.86
ORD-2024-037542,1,PROD-001,1,12.9,12.67
ORD-2024-037543,1,PROD-006,2,32.39,32.05
ORD-2024-037544,1,PROD-002,1,11.9,11.28
ORD-2024-037544,2,PROD-007,2,17.18,29.97
ORD-2024-037545,1,PROD-019,1,29.58,26.71
ORD-2024-037546,1,PROD-001,1,12.9,12.16
ORD-2024-037546,2,PROD-034,1,9.01,8.73
ORD-2024-037547,1,PROD-006,2,32.39,56.94
ORD-2024-037548,1,PROD-051,1,36.06,23.75
ORD-2024-037549,1,PROD-036,1,11.55,11.31
ORD-2024-037550,1,PROD-003,1,14.37,13.9
ORD-2024-037550,2,PROD-032,1,19.72,15.09
ORD-2024-037551,1,PROD-001,2,12.9,20.01
ORD-2024-037552,1,PROD-002,1,11.9,11.75
ORD-2024-037553,1,PROD-004,2,20.28,38.56
ORD-2024-037553,2,PROD-013,1,11.9,11.17
ORD-2024-037554,1,PROD-005,1,20.28,19.78
ORD-2024-037554,2,PROD-007,1,17.18,15.75
ORD-2024-037555,1,PROD-005,3,20.28,54.28
ORD-2024-037555,2,PROD-004,1,20.28,15.2
ORD-2024-037556,1,PROD-011,2,14.9,28.58
ORD-2024-037557,1,PROD-012,1,18.5,17.89
ORD-2024-037558,1,PROD-034,1,9.01,7.98
ORD-2024-037558,2,PROD-029,1,24.79,24.27
ORD-2024-037559,1,PROD-042,1,73.24,71.46
ORD-2024-037560,1,PROD-027,1,21.13,20.75
ORD-2024-037561,1,PROD-004,1,20.28,18.15
ORD-2024-037562,1,PROD-019,3,29.58,82.24
ORD-2024-037562,2,PROD-001,2,12.9,24.42
ORD-2024-037562,3,PROD-017,1,12.5,11.84
ORD-2024-037563,1,PROD-004,1,20.28,18.19
ORD-2024-037564,1,PROD-034,1,9.01,7.35
ORD-2024-037564,2,PROD-007,2,17.18,33.29
ORD-2024-037564,3,PROD-004,1,20.28,17.15
ORD-2024-037565,1,PROD-010,2,38.03,66.67
ORD-2024-037565,2,PROD-041,1,11.83,10.72
ORD-2024-037565,3,PROD-004,2,20.28,39.0
ORD-2024-037566,1,PROD-002,1,11.9,10.19
ORD-2024-037567,1,PROD-016,3,8.9,26.34
ORD-2024-037567,2,PROD-032,1,19.72,18.52
ORD-2024-037568,1,PROD-001,2,12.9,24.6
ORD-2024-037569,1,PROD-013,2,11.9,19.39
ORD-2024-037569,2,PROD-041,1,11.83,9.45
ORD-2024-037569,3,PROD-033,2,52.11,94.74
ORD-2024-037570,1,PROD-022,1,9.01,8.81
ORD-2024-037570,2,PROD-008,1,9.9,6.11
ORD-2024-037571,1,PROD-016,1,8.9,6.16
ORD-2024-037572,1,PROD-036,3,11.55,33.06
ORD-2024-037572,2,PROD-015,2,26.76,51.95
ORD-2024-037572,3,PROD-003,1,14.37,14.08
ORD-2024-037573,1,PROD-038,1,7.89,7.2
ORD-2024-037574,1,PROD-041,1,11.83,11.07
ORD-2024-037575,1,PROD-010,1,38.03,37.92
ORD-2024-037575,2,PROD-035,3,10.14,29.6
ORD-2024-037576,1,PROD-006,2,32.39,63.92
ORD-2024-037576,2,PROD-034,2,9.01,17.41
ORD-2024-037577,1,PROD-005,1,20.28,18.74
ORD-2024-037578,1,PROD-008,2,9.9,17.5
ORD-2024-037579,1,PROD-038,2,7.89,13.92
ORD-2024-037579,2,PROD-008,1,9.9,8.77
ORD-2024-037579,3,PROD-036,1,11.55,11.17
ORD-2024-037580,1,PROD-020,1,10.14,7.91
ORD-2024-037581,1,PROD-040,1,15.21,14.03
ORD-2024-037581,2,PROD-006,1,32.39,31.45
ORD-2024-037581,3,PROD-045,1,72.68,69.37
ORD-2024-037581,4,PROD-010,2,38.03,68.07
ORD-2024-037581,5,PROD-008,2,9.9,16.6
ORD-2024-037582,1,PROD-005,1,20.28,19.93
ORD-2024-037583,1,PROD-001,1,12.9,12.28
ORD-2024-037584,1,PROD-001,1,12.9,11.92
ORD-2024-037584,2,PROD-030,1,49.3,46.49
ORD-2024-037585,1,PROD-022,1,9.01,8.03
ORD-2024-037586,1,PROD-001,2,12.9,24.69
ORD-2024-037587,1,PROD-002,3,11.9,34.65
ORD-2024-037588,1,PROD-005,1,20.28,19.99
ORD-2024-037588,2,PROD-016,1,8.9,8.51
ORD-2024-037588,3,PROD-035,1,10.14,9.35
ORD-2024-037589,1,PROD-008,1,9.9,8.15
ORD-2024-037590,1,PROD-006,1,32.39,32.28
ORD-2024-037591,1,PROD-037,3,9.86,27.48
ORD-2024-037592,1,PROD-002,1,11.9,6.85
ORD-2024-037593,1,PROD-004,2,20.28,38.23
ORD-2024-037594,1,PROD-039,1,8.17,7.75
ORD-2024-037594,2,PROD-020,1,10.14,9.7
ORD-2024-037594,3,PROD-005,1,20.28,19.68
ORD-2024-037595,1,PROD-005,2,20.28,39.05
ORD-2024-037596,1,PROD-006,1,32.39,27.55
ORD-2024-037596,2,PROD-017,1,12.5,10.87
ORD-2024-037596,3,PROD-026,2,14.65,27.18
ORD-2024-037596,4,PROD-041,3,11.83,30.61
ORD-2024-037596,5,PROD-038,3,7.89,19.75
ORD-2024-037597,1,PROD-004,2,20.28,19.75
ORD-2024-037597,2,PROD-025,2,21.97,30.29
ORD-2024-037598,1,PROD-005,1,20.28,15.26
ORD-2024-037599,1,PROD-021,1,15.49,6.97
ORD-2024-037600,1,PROD-001,2,12.9,25.52
ORD-2024-037601,1,PROD-004,1,20.28,19.56
ORD-2024-037601,2,PROD-001,1,12.9,12.53
ORD-2024-037602,1,PROD-035,1,10.14,9.44
ORD-2024-037603,1,PROD-054,1,59.15,50.29
ORD-2024-037604,1,PROD-005,1,20.28,20.18
ORD-2024-037605,1,PROD-021,2,15.49,26.38
ORD-2024-037606,1,PROD-028,1,17.18,16.48
ORD-2024-037606,2,PROD-038,1,7.89,7.84
ORD-2024-037606,3,PROD-001,2,12.9,25.02
ORD-2024-037607,1,PROD-002,2,11.9,22.89
ORD-2024-037607,2,PROD-035,1,10.14,9.97
ORD-2024-037607,3,PROD-042,1,73.24,67.43
ORD-2024-037608,1,PROD-040,2,15.21,26.58
ORD-2024-037608,2,PROD-002,3,11.9,32.14
ORD-2024-037609,1,PROD-027,1,21.13,19.75
ORD-2024-037610,1,PROD-016,1,8.9,6.78
ORD-2024-037611,1,PROD-052,1,46.48,45.12
ORD-2024-037611,2,PROD-004,1,20.28,16.24
ORD-2024-037612,1,PROD-001,1,12.9,12.41
ORD-2024-037612,2,PROD-017,2,12.5,22.84
ORD-2024-037612,3,PROD-030,1,49.3,47.8
ORD-2024-037613,1,PROD-019,2,29.58,48.0
ORD-2024-037614,1,PROD-006,1,32.39,30.55
ORD-2024-037614,2,PROD-010,2,38.03,63.59
ORD-2024-037615,1,PROD-013,1,11.9,10.44
ORD-2024-037615,2,PROD-004,2,20.28,39.31
ORD-2024-037615,3,PROD-042,2,73.24,139.51
ORD-2024-037616,1,PROD-004,1,20.28,13.79
ORD-2024-037617,1,PROD-027,1,21.13,20.49
ORD-2024-037617,2,PROD-004,2,20.28,35.48
ORD-2024-037618,1,PROD-010,2,38.03,72.19
ORD-2024-037618,2,PROD-035,1,10.14,9.68
ORD-2024-037618,3,PROD-022,2,9.01,16.53
ORD-2024-037618,4,PROD-005,1,20.28,15.63
ORD-2024-037619,1,PROD-006,1,32.39,22.49
ORD-2024-037620,1,PROD-001,1,12.9,11.54
ORD-2024-037621,1,PROD-014,1,9.9,8.74
ORD-2024-037622,1,PROD-017,1,12.5,11.35
ORD-2024-037623,1,PROD-004,2,20.28,33.43
ORD-2024-037623,2,PROD-034,4,9.01,29.16
ORD-2024-037623,3,PROD-006,2,32.39,63.47
ORD-2024-037624,1,PROD-042,1,73.24,58.42
ORD-2024-037624,2,PROD-010,1,38.03,36.19
ORD-2024-037625,1,PROD-010,1,38.03,33.28
ORD-2024-037626,1,PROD-013,1,11.9,11.06
ORD-2024-037627,1,PROD-020,1,10.14,8.59
ORD-2024-037627,2,PROD-001,1,12.9,11.36
ORD-2024-037627,3,PROD-002,1,11.9,9.7
ORD-2024-037628,1,PROD-001,1,12.9,12.19
ORD-2024-037629,1,PROD-035,1,10.14,9.95
ORD-2024-037630,1,PROD-033,1,52.11,40.09
ORD-2024-037631,1,PROD-005,1,20.28,13.48
ORD-2024-037632,1,PROD-021,2,15.49,29.22
ORD-2024-037633,1,PROD-007,1,17.18,16.01
ORD-2024-037634,1,PROD-004,1,20.28,18.86
ORD-2024-037634,2,PROD-010,1,38.03,30.75
ORD-2024-037634,3,PROD-034,1,9.01,8.62
ORD-2024-037635,1,PROD-010,1,38.03,37.05
ORD-2024-037635,2,PROD-004,1,20.28,19.81
ORD-2024-037636,1,PROD-019,1,29.58,27.38
ORD-2024-037637,1,PROD-004,3,20.28,59.43
ORD-2024-037638,1,PROD-010,1,38.03,35.92
ORD-2024-037638,2,PROD-005,2,20.28,37.98
ORD-2024-037639,1,PROD-004,1,20.28,19.42
ORD-2024-037640,1,PROD-012,1,18.5,18.12
ORD-2024-037641,1,PROD-004,1,20.28,19.38
ORD-2024-037641,2,PROD-032,3,19.72,58.25
ORD-2024-037642,1,PROD-007,1,17.18,15.77
ORD-2024-037643,1,PROD-001,2,12.9,20.7
ORD-2024-037644,1,PROD-021,1,15.49,6.97
ORD-2024-037645,1,PROD-002,1,11.9,10.52
ORD-2024-037646,1,PROD-038,2,7.89,13.98
ORD-2024-037647,1,PROD-052,1,46.48,42.69
ORD-2024-037648,1,PROD-002,1,11.9,11.74
ORD-2024-037649,1,PROD-002,1,11.9,11.45
ORD-2024-037650,1,PROD-002,1,11.9,8.71
ORD-2024-037651,1,PROD-035,3,10.14,24.18
ORD-2024-037652,1,PROD-030,1,49.3,37.85
ORD-2024-037653,1,PROD-012,1,18.5,15.74
ORD-2024-037654,1,PROD-005,2,20.28,39.75
ORD-2024-037655,1,PROD-001,3,12.9,37.36
ORD-2024-037655,2,PROD-039,2,8.17,15.76
ORD-2024-037655,3,PROD-003,2,14.37,28.21
ORD-2024-037655,4,PROD-041,3,11.83,32.87
ORD-2024-037655,5,PROD-035,1,10.14,9.86
ORD-2024-037656,1,PROD-001,1,12.9,12.27
ORD-2024-037656,2,PROD-002,2,11.9,22.87
ORD-2024-037656,3,PROD-035,2,10.14,19.35
ORD-2024-037657,1,PROD-042,2,73.24,131.13
ORD-2024-037658,1,PROD-023,1,7.89,6.49
ORD-2024-037659,1,PROD-035,3,10.14,28.43
ORD-2024-037659,2,PROD-003,1,14.37,12.15
ORD-2024-037659,3,PROD-021,1,15.49,13.76
ORD-2024-037659,4,PROD-007,2,17.18,33.66
ORD-2024-037660,1,PROD-037,1,9.86,9.58
ORD-2024-037661,1,PROD-006,3,32.39,92.39
ORD-2024-037662,1,PROD-007,1,17.18,14.99
ORD-2024-037662,2,PROD-035,1,10.14,9.6
ORD-2024-037662,3,PROD-004,1,20.28,18.31
ORD-2024-037663,1,PROD-010,3,38.03,96.84
ORD-2024-037664,1,PROD-037,1,9.86,7.65
ORD-2024-037665,1,PROD-003,1,14.37,12.62
ORD-2024-037665,2,PROD-007,1,17.18,13.88
ORD-2024-037666,1,PROD-029,1,24.79,22.47
ORD-2024-037667,1,PROD-003,1,14.37,13.47
ORD-2024-037668,1,PROD-002,1,11.9,10.88
ORD-2024-037669,1,PROD-001,3,12.9,36.28
ORD-2024-037669,2,PROD-022,2,9.01,16.06
ORD-2024-037670,1, PROD-004 ,1,20.28,19.27
ORD-2024-037671,1,PROD-005,1,20.28,18.91
ORD-2024-037671,2,PROD-001,2,12.9,20.02
ORD-2024-037671,3,PROD-034,2,9.01,16.12
ORD-2024-037672,1,PROD-004,2,20.28,39.72
ORD-2024-037672,2,PROD-003,1,14.37,13.66
ORD-2024-037673,1,PROD-004,1,20.28,18.55
ORD-2024-037674,1,PROD-035,1,10.14,8.82
ORD-2024-037674,2,PROD-003,1,14.37,13.29
ORD-2024-037675,1,PROD-003,1,14.37,14.09
ORD-2024-037675,2,PROD-013,1,11.9,9.78
ORD-2024-037676,1,PROD-045,1,72.68,57.2
ORD-2024-037677,1,PROD-005,2,20.28,38.26
ORD-2024-037678,1,PROD-034,2,9.01,17.96
ORD-2024-037679,1,PROD-044,2,40.85,68.71
ORD-2024-037679,2,PROD-022,1,9.01,8.67
ORD-2024-037680,1,PROD-013,2,11.9,21.76
ORD-2024-037681,1,PROD-011,3,14.9,37.56
ORD-2024-037681,2,PROD-006,2,32.39,61.89
ORD-2024-037682,1,PROD-005,1,20.28,19.37
ORD-2024-037682,2,PROD-001,1,12.9,12.01
ORD-2024-037682,3,PROD-055,1,74.65,71.12
ORD-2024-037682,4,PROD-058,1,39.44,36.96
ORD-2024-037682,5,PROD-045,1,72.68,71.37
ORD-2024-037683,1,PROD-030,2,49.3,81.57
ORD-2024-037684,1,PROD-006,1,32.39,25.94
ORD-2024-037685,1,PROD-039,1,8.17,5.56
ORD-2024-037685,2,PROD-002,1,11.9,7.38
ORD-2024-037686,1,PROD-001,1,12.9,12.73
ORD-2024-037686,2,PROD-033,1,52.11,50.98
ORD-2024-037686,3,PROD-010,1,38.03,34.35
ORD-2024-037687,1,PROD-002,1,11.9,9.43
ORD-2024-037687,2,PROD-004,1,20.28,19.38
ORD-2024-037688,1,PROD-008,2,9.9,19.56
ORD-2024-037689,1,PROD-002,1,11.9,9.63
ORD-2024-037690,1,PROD-005,1,20.28,19.74
ORD-2024-037690,2,PROD-040,2,15.21,27.97
ORD-2024-037690,3,PROD-006,1,32.39,27.63
ORD-2024-037691,1,PROD-049,1,80.28,68.45
ORD-2024-037692,1,PROD-005,2,20.28,38.33
ORD-2024-037693,1,PROD-012,2,18.5,29.15
ORD-2024-037694,1,PROD-003,3,14.37,41.76
ORD-2024-037694,2,PROD-044,1,40.85,37.05
ORD-2024-037694,3,PROD-034,1,9.01,8.61
ORD-2024-037695,1,PROD-028,1,17.18,15.22
ORD-2024-037696,1,PROD-001,1,12.9,12.68
ORD-2024-037697,1,PROD-035,1,10.14,9.98
ORD-2024-037698,1,PROD-004,3,20.28,58.14
ORD-2024-037698,2,PROD-024,1,8.73,7.74
ORD-2024-037699,1,PROD-004,2,20.28,38.78
ORD-2024-037700,1,PROD-010,3,38.03,113.76
ORD-2024-037700,2,PROD-002,1,11.9,11.55
ORD-2024-037700,3,PROD-034,1,9.01,8.95
ORD-2024-037701,1,PROD-007,3,17.18,41.76
ORD-2024-037701,2,PROD-004,2,20.28,34.3
ORD-2024-037701,3,PROD-037,1,9.86,8.79
ORD-2024-037701,4,PROD-003,1,14.37,12.24
ORD-2024-037702,1,PROD-006,1,32.39,30.84
ORD-2024-037702,2,PROD-012,1,18.5,17.1
ORD-2024-037702,3,PROD-005,1,20.28,18.4
ORD-2024-037703,1,PROD-005,1,20.28,20.01
ORD-2024-037704,1,PROD-004,1,20.28,18.99
ORD-2024-037705,1,PROD-001,2,12.9,25.13
ORD-2024-037706,1,PROD-004,1,20.28,18.9
ORD-2024-037707,1,PROD-026,1,14.65,14.41
ORD-2024-037708,1,PROD-031,1,53.52,42.98
ORD-2024-037709,1,PROD-039,2,8.17,15.63
ORD-2024-037709,2,PROD-034,2,9.01,17.38
ORD-2024-037710,1,PROD-005,1,20.28,17.87
ORD-2024-037710,2,PROD-038,4,7.89,22.73
ORD-2024-037711,1,PROD-003,3,14.37,42.03
ORD-2024-037712,1,PROD-030,1,49.3,42.81
ORD-2024-037713,1,PROD-007,1,17.18,16.88
ORD-2024-037713,2,PROD-004,1,20.28,18.55
ORD-2024-037714,1,PROD-042,1,73.24,69.08
ORD-2024-037715,1,PROD-020,1,10.14,7.98
ORD-2024-037716,1,PROD-003,2,14.37,26.63
ORD-2024-037716,2,PROD-040,1,15.21,14.58
ORD-2024-037717,1,PROD-004,1,20.28,19.8
ORD-2024-037717,2,PROD-007,2,17.18,33.72
ORD-2024-037717,3,PROD-026,1,14.65,14.51
ORD-2024-037718,1,PROD-016,1,8.9,8.11
ORD-2024-037719,1,PROD-041,3,11.83,28.79
ORD-2024-037720,1,PROD-004,1,20.28,19.88
ORD-2024-037720,2,PROD-040,1,15.21,14.17
ORD-2024-037721,1,PROD-011,2,14.9,28.47
ORD-2024-037721,2,PROD-002,3,11.9,30.3
ORD-2024-037721,3,PROD-005,1,20.28,20.18
ORD-2024-037722,1,PROD-035,3,10.14,27.13
ORD-2024-037723,1,PROD-042,1,73.24,66.36
ORD-2024-037723,2,PROD-021,2,15.49,29.23
ORD-2024-037724,1,PROD-034,1,9.01,7.05
ORD-2024-037725,1,PROD-052,1,46.48,42.9
ORD-2024-037725,2,PROD-004,1,20.28,17.25
ORD-2024-037726,1,PROD-005,2,20.28,40.27
ORD-2024-037726,2,PROD-041,1,11.83,11.75
ORD-2024-037727,1,PROD-012,1,18.5,17.2
ORD-2024-037727,2,PROD-011,1,14.9,14.47
ORD-2024-037728,1,PROD-032,2,19.72,31.26
ORD-2024-037729,1,PROD-006,1,32.39,23.99
ORD-2024-037730,1,PROD-041,2,11.83,23.26
ORD-2024-037730,2,PROD-001,1,12.9,11.75
ORD-2024-037730,3,PROD-003,2,14.37,28.16
ORD-2024-037730,4,PROD-026,2,14.65,28.59
ORD-2024-037730,5,PROD-013,1,11.9,11.17
ORD-2024-037731,1,PROD-040,1,15.21,14.83
ORD-2024-037731,2,PROD-035,1,10.14,9.22
ORD-2024-037731,3,PROD-023,1,7.89,7.55
ORD-2024-037731,4,PROD-007,1,17.18,15.66
ORD-2024-037732,1,PROD-005,1,20.28,18.65
ORD-2024-037732,2,PROD-001,1,12.9,12.11
ORD-2024-037732,3,PROD-038,2,7.89,13.83
ORD-2024-037733,1,PROD-014,1,9.9,8.51
ORD-2024-037734,1,PROD-032,4,19.72,66.8
ORD-2024-037735,1,PROD-038,1,7.89,7.82
ORD-2024-037736,1,PROD-002,1,11.9,9.71
ORD-2024-037737,1,PROD-002,3,11.9,32.88
ORD-2024-037738,1,PROD-027,2,21.13,38.76
ORD-2024-037739,1,PROD-013,1,11.9,11.71
ORD-2024-037739,2,PROD-008,2,9.9,19.45
ORD-2024-037739,3,PROD-004,1,20.28,19.59
ORD-2024-037740,1,PROD-002,3,11.9,33.83
ORD-2024-037741,1,PROD-037,1,9.86,8.71
ORD-2024-037742,1,PROD-028,2,17.18,32.58
ORD-2024-037743,1,PROD-004,1,20.28,11.99
ORD-2024-037743,2,PROD-035,1,10.14,7.41
ORD-2024-037744,1,PROD-001,2,12.9,23.18
ORD-2024-037744,2,PROD-003,1,14.37,13.02
ORD-2024-037745,1,PROD-005,1,20.28,19.18
ORD-2024-037746,1,PROD-005,2,20.28,24.93
ORD-2024-037747,1,PROD-004,3,20.28,54.97
ORD-2024-037747,2,PROD-026,1,14.65,13.87
ORD-2024-037747,3,PROD-039,4,8.17,31.95
ORD-2024-037748,1,PROD-016,1,8.9,8.67
ORD-2024-037749,1,PROD-001,3,12.9,37.19
ORD-2024-037749,2,PROD-004,1,20.28,16.63
ORD-2024-037750,1,PROD-004,2,20.28,32.1
ORD-2024-037751,1,PROD-010,2,38.03,51.2
ORD-2024-037751,2,PROD-005,1,20.28,17.37
ORD-2024-037751,3,PROD-053,1,53.52,42.83
ORD-2024-037752,1,PROD-027,2,21.13,38.17
ORD-2024-037752,2,PROD-054,1,59.15,36.96
ORD-2024-037752,3,PROD-026,1,14.65,12.1
ORD-2024-037753,1,PROD-003,1,14.37,13.34
ORD-2024-037754,1,PROD-044,1,40.85,36.97
ORD-2024-037754,2,PROD-007,1,17.18,12.52
ORD-2024-037755,1,PROD-004,1,20.28,16.03
ORD-2024-037756,1,PROD-022,1,9.01,8.96
ORD-2024-037756,2,PROD-030,1,49.3,48.36
ORD-2024-037757,1,PROD-008,2,9.9,19.53
ORD-2024-037758,1,PROD-020,1,10.14,8.85
ORD-2024-037758,2,PROD-017,1,12.5,11.13
ORD-2024-037758,3,PROD-040,1,15.21,12.1
ORD-2024-037759,1,PROD-005,2,20.28,36.76
ORD-2024-037760,1,PROD-008,2,9.9,18.19
ORD-2024-037761,1,PROD-002,2,11.9,23.0
ORD-2024-037761,2,PROD-003,1,14.37,14.07
ORD-2024-037762,1,PROD-004,1,20.28,19.67
ORD-2024-037762,2,PROD-006,1,32.39,24.4
ORD-2024-037763,1,PROD-001,1,12.9,12.72
ORD-2024-037763,2,PROD-007,1,17.18,16.43
ORD-2024-037763,3,PROD-028,1,17.18,16.63
ORD-2024-037764,1,PROD-010,2,38.03,71.41
ORD-2024-037765,1,PROD-007,2,17.18,30.6
ORD-2024-037765,2,PROD-034,2,9.01,16.68
ORD-2024-037766,1,PROD-040,1,15.21,14.4
ORD-2024-037767,1,PROD-001,1,12.9,12.5
ORD-2024-037768,1,PROD-038,1,7.89,6.48
ORD-2024-037768,2,PROD-005,1,20.28,19.87
ORD-2024-037768,3,PROD-004,2,20.28,38.99
ORD-2024-037769,1,PROD-005,1,20.28,19.12
ORD-2024-037769,2,PROD-004,1,20.28,19.42
ORD-2024-037770,1,PROD-005,3,20.28,45.93
ORD-2024-037771,1,PROD-035,3,10.14,25.25
ORD-2024-037772,1,PROD-019,2,29.58,26.62
ORD-2024-037772,2,PROD-001,1,12.9,8.74
ORD-2024-037772,3,PROD-032,3,19.72,43.74
ORD-2024-037773,1,PROD-037,2,9.86,18.13
ORD-2024-037773,2,PROD-005,2,20.28,40.42
ORD-2024-037774,1,PROD-001,1,12.9,12.12
ORD-2024-037774,2,PROD-007,1,17.18,16.77
ORD-2024-037774,3,PROD-006,2,32.39,61.79
ORD-2024-037775,1,PROD-010,2,38.03,70.04
ORD-2024-037776,1,PROD-039,1,8.17,7.49
ORD-2024-037776,2,PROD-036,3,11.55,32.55
ORD-2024-037777,1,PROD-038,1,7.89,7.17
ORD-2024-037777,2,PROD-034,4,9.01,32.71
ORD-2024-037777,3,PROD-039,2,8.17,15.45
ORD-2024-037777,4,PROD-012,1,18.5,17.55
ORD-2024-037778,1,PROD-010,1,38.03,37.28
ORD-2024-037778,2,PROD-003,1,14.37,14.32
ORD-2024-037779,1,PROD-004,1,20.28,16.25
ORD-2024-037780,1,PROD-002,1,11.9,11.74
ORD-2024-037780,2,PROD-005,1,20.28,20.05
ORD-2024-037780,3,PROD-004,1,20.28,18.79
ORD-2024-037781,1,PROD-035,4,10.14,28.39
ORD-2024-037782,1,PROD-017,3,12.5,35.25
ORD-2024-037782,2,PROD-039,3,8.17,18.92
ORD-2024-037782,3,PROD-036,3,11.55,27.29
ORD-2024-037782,4,PROD-032,2,19.72,33.05
ORD-2024-037783,1,PROD-035,2,10.14,20.18
ORD-2024-037784,1,PROD-004,1,20.28,18.64
ORD-2024-037785,1,PROD-004,1,20.28,14.37
ORD-2024-037786,1,PROD-028,1,17.18,16.47
ORD-2024-037786,2,PROD-006,1,32.39,30.41
ORD-2024-037786,3,PROD-041,4,11.83,43.95
ORD-2024-037786,4,PROD-002,1,11.9,10.7
ORD-2024-037787,1,PROD-012,1,18.5,13.86
ORD-2024-037787,2,PROD-040,1,15.21,11.75
ORD-2024-037787,3,PROD-011,1,14.9,13.1
ORD-2024-037788,1,PROD-035,2,10.14,19.04
ORD-2024-037788,2,PROD-032,2,19.72,32.87
ORD-2024-037788,3,PROD-036,1,11.55,10.48
ORD-2024-037789,1,PROD-001,2,12.9,22.0
ORD-2024-037790,1,PROD-007,1,17.18,16.43
ORD-2024-037790,2,PROD-001,2,12.9,22.1
ORD-2024-037791,1,PROD-001,1,12.9,12.48
ORD-2024-037791,2,PROD-003,1,14.37,13.79
ORD-2024-037792,1,PROD-024,2,8.73,12.18
ORD-2024-037793,1,PROD-039,1,8.17,6.33
ORD-2024-037794,1,PROD-007,1,17.18,16.93
ORD-2024-037795,1,PROD-020,1,10.14,9.68
ORD-2024-037795,2,PROD-029,1,24.79,21.0
ORD-2024-037796,1,PROD-029,1,24.79,22.13
ORD-2024-037797,1,PROD-010,2,38.03,67.91
ORD-2024-037798,1,PROD-039,2,8.17,15.59
ORD-2024-037798,2,PROD-042,2,73.24,142.25
ORD-2024-037799,1,PROD-004,1,20.28,18.97
ORD-2024-037800,1,PROD-025,1,21.97,20.88
ORD-2024-037800,2,PROD-006,1,32.39,31.1
ORD-2024-037801,1,PROD-005,2,20.28,31.24
ORD-2024-037801,2,PROD-023,2,7.89,14.87
ORD-2024-037802,1,PROD-004,1,20.28,19.15
ORD-2024-037803,1,PROD-004,3,20.28,55.46
ORD-2024-037803,2,PROD-024,1,8.73,8.47
ORD-2024-037803,3,PROD-038,1,7.89,7.61
ORD-2024-037804,1,PROD-040,2,15.21,28.49
ORD-2024-037804,2,PROD-034,2,9.01,16.4
ORD-2024-037804,3,PROD-002,2,11.9,21.18
ORD-2024-037805,1,PROD-007,1,17.18,16.45
ORD-2024-037805,2,PROD-042,2,73.24,131.41
ORD-2024-037806,1,PROD-005,1,20.28,19.46
ORD-2024-037807,1,PROD-013,1,11.9,11.07
ORD-2024-037808,1,PROD-008,1,9.9,9.73
ORD-2024-037809,1,PROD-008,1,9.9,8.68
ORD-2024-037809,2,PROD-022,1,9.01,8.83
ORD-2024-037809,3,PROD-005,1,20.28,18.48
ORD-2024-037810,1,PROD-005,1,20.28,19.99
ORD-2024-037810,2,PROD-003,2,14.37,27.52
ORD-2024-037811,1,PROD-031,2,53.52,95.38
ORD-2024-037811,2,PROD-019,2,29.58,50.49
ORD-2024-037811,3,PROD-022,1,9.01,8.35
ORD-2024-037811,4,PROD-041,1,11.83,8.2
ORD-2024-037812,1,PROD-004,1,20.28,19.38
ORD-2024-037813,1,PROD-003,1,14.37,12.7
ORD-2024-037813,2,PROD-001,1,12.9,10.8
ORD-2024-037814,1,PROD-023,1,7.89,3.55
ORD-2024-037814,2,PROD-027,1,21.13,19.13
ORD-2024-037815,1,PROD-007,1,17.18,16.9
ORD-2024-037816,1,PROD-019,1,29.58,24.9
ORD-2024-037816,2,PROD-032,4,19.72,55.66
ORD-2024-037817,1,PROD-051,1,36.06,33.52
ORD-2024-037817,2,PROD-003,2,14.37,28.24
ORD-2024-037818,1,PROD-004,1,20.28,18.72
ORD-2024-037818,2,PROD-025,1,21.97,21.57
ORD-2024-037819,1,PROD-010,1,38.03,36.28
ORD-2024-037819,2,PROD-035,1,10.14,8.01
ORD-2024-037819,3,PROD-029,2,24.79,41.08
ORD-2024-037820,1,PROD-039,1,8.17,5.32
ORD-2024-037821,1,PROD-002,1,11.9,8.7
ORD-2024-037822,1,PROD-005,1,20.28,19.57
ORD-2024-037822,2,PROD-007,2,17.18,32.91
ORD-2024-037823,1,PROD-053,1,53.52,40.2
ORD-2024-037824,1,PROD-007,1,17.18,15.57
ORD-2024-037824,2,PROD-002,1,11.9,11.66
ORD-2024-037825,1,PROD-001,1,12.9,12.21
ORD-2024-037826,1,PROD-023,2,7.89,14.16
ORD-2024-037826,2,PROD-005,2,20.28,36.67
ORD-2024-037826,3,PROD-006,1,32.39,31.87
ORD-2024-037827,1,PROD-036,1,11.55,11.41
ORD-2024-037827,2,PROD-004,1,20.28,19.99
ORD-2024-037828,1,PROD-003,1,14.37,13.25
ORD-2024-037829,1,PROD-007,1,17.18,16.87
ORD-2024-037830,1,PROD-015,1,26.76,24.5
ORD-2024-037831,1,PROD-001,1,12.9,12.53
ORD-2024-037832,1,PROD-015,1,26.76,18.38
ORD-2024-037832,2,PROD-004,2,20.28,28.0
ORD-2024-037832,3,PROD-002,2,11.9,18.02
ORD-2024-037833,1,PROD-004,1,20.28,18.93
ORD-2024-037833,2,PROD-010,2,38.03,75.88
ORD-2024-037833,3,PROD-002,1,11.9,10.22
ORD-2024-037834,1,PROD-004,1,20.28,19.07
ORD-2024-037834,2,PROD-003,2,14.37,27.88
ORD-2024-037834,3,PROD-041,1,11.83,11.11
ORD-2024-037834,4,PROD-038,3,7.89,21.32
ORD-2024-037835,1,PROD-006,2,32.39,62.31
ORD-2024-037836,1,PROD-041,1,11.83,11.42
ORD-2024-037837,1,PROD-006,2,32.39,61.35
ORD-2024-037837,2,PROD-004,1,20.28,19.24
ORD-2024-037837,3,PROD-002,2,11.9,
ORD-2024-037838,1,PROD-001,1,12.9,11.0
ORD-2024-037839,1,PROD-007,1,17.18,16.51
ORD-2024-037840,1,PROD-006,3,32.39,92.4
ORD-2024-037840,2,PROD-001,1,12.9,8.21
ORD-2024-037841,1,PROD-002,1,11.9,11.2
ORD-2024-037842,1,PROD-002,2,11.9,17.5
ORD-2024-037843,1,PROD-017,2,12.5,19.0
ORD-2024-037843,2,PROD-053,1,53.52,49.3
ORD-2024-037844,1,PROD-026,1,14.65,12.2
ORD-2024-037845,1,PROD-017,3,12.5,36.11
ORD-2024-037846,1,PROD-014,1,9.9,9.31
ORD-2024-037846,2,PROD-002,1,11.9,11.38
ORD-2024-037846,3,PROD-003,1,14.37,14.06
ORD-2024-037847,1,PROD-039,1,8.17,7.62
ORD-2024-037848,1,PROD-016,1,8.9,8.11
ORD-2024-037849,1,PROD-023,1,7.89,7.05
ORD-2024-037850,1,PROD-004,1,20.28,15.91
ORD-2024-037850,2,PROD-034,4,9.01,21.57
ORD-2024-037850,3,PROD-052,1,46.48,0.0
ORD-2024-037851,1,PROD-029,2,24.79,44.22
ORD-2024-037852,1,PROD-008,1,9.9,5.89
ORD-2024-037853,1,PROD-008,3,9.9,29.38
ORD-2024-037853,2,PROD-006,1,32.39,31.91
ORD-2024-037854,1,PROD-007,2,17.18,30.36
ORD-2024-037855,1,PROD-024,1,8.73,8.45
ORD-2024-037855,2,PROD-041,3,11.83,30.01
ORD-2024-037855,3,PROD-004,1,20.28,18.05
ORD-2024-037855,4,PROD-034,1,9.01,8.06
ORD-2024-037856,1,PROD-005,3,20.28,46.77
ORD-2024-037856,2,PROD-004,1,20.28,19.63
ORD-2024-037856,3,PROD-001,1,12.9,11.78
ORD-2024-037857,1,PROD-021,2,15.49,25.08
ORD-2024-037857,2,PROD-002,1,11.9,9.09
ORD-2024-037858,1,PROD-004,2,20.28,34.04
ORD-2024-037858,2,PROD-050,1,61.97,58.74
ORD-2024-037858,3,PROD-034,2,9.01,16.37
ORD-2024-037858,4,PROD-035,2,10.14,15.9
ORD-2024-037859,1,PROD-002,1,11.9,11.75
ORD-2024-037860,1,PROD-024,1,8.73,8.45
ORD-2024-037861,1,PROD-011,1,14.9,14.51
ORD-2024-037862,1,PROD-001,1,12.9,12.56
ORD-2024-037863,1,PROD-041,2,11.83,20.96
ORD-2024-037864,1,PROD-038,2,7.89,15.39
ORD-2024-037865,1,PROD-002,1,11.9,11.41
ORD-2024-037866,1,PROD-010,1,38.03,
ORD-2024-037867,1,PROD-005,1,20.28,17.72
ORD-2024-037867,2,PROD-001,1,12.9,11.58
ORD-2024-037867,3,PROD-044,1,40.85,31.72
ORD-2024-037868,1,PROD-007,2,17.18,32.68
ORD-2024-037869,1,PROD-038,2,7.89,14.15
ORD-2024-037870,1,PROD-006,1,32.39,28.28
ORD-2024-037871,1,PROD-039,1,8.17,7.57
ORD-2024-037871,2,PROD-041,3,11.83,32.16
ORD-2024-037872,1,PROD-030,1,49.3,41.71
ORD-2024-037873,1,PROD-007,3,17.18,46.24
ORD-2024-037874,1,PROD-002,2,11.9,22.04
ORD-2024-037875,1,PROD-035,2,10.14,18.65
ORD-2024-037876,1,PROD-004,1,20.28,18.58
ORD-2024-037877,1,PROD-034,1,9.01,8.96
ORD-2024-037877,2,PROD-004,2,20.28,39.84
ORD-2024-037877,3,PROD-024,2,8.73,17.09
ORD-2024-037878,1,PROD-007,2,17.18,34.2
ORD-2024-037879,1,PROD-024,1,8.73,6.66
ORD-2024-037879,2,PROD-042,2,73.24,131.44
ORD-2024-037879,3,PROD-035,2,10.14,18.17
ORD-2024-037880,1,PROD-012,1,18.5,12.85
ORD-2024-037881,1,PROD-002,1,11.9,11.54
ORD-2024-037882,1,PROD-037,4,9.86,32.49
ORD-2024-037882,2,PROD-001,1,12.9,10.83
ORD-2024-037883,1,PROD-017,1,12.5,11.53
ORD-2024-037884,1,PROD-007,1,17.18,16.97
ORD-2024-037885,1,PROD-021,1,15.49,14.7
ORD-2024-037886,1,PROD-040,1,15.21,13.0
ORD-2024-037886,2,PROD-019,2,29.58,52.38
ORD-2024-037886,3,PROD-002,1,11.9,11.59
ORD-2024-037887,1,PROD-040,1,15.21,12.41
ORD-2024-037887,2,PROD-008,1,9.9,8.13
ORD-2024-037888,1,PROD-041,3,11.83,30.17
ORD-2024-037888,2,PROD-024,2,8.73,16.48
ORD-2024-037888,3,PROD-001,2,12.9,24.8
ORD-2024-037889,1,PROD-041,2,11.83,21.88
ORD-2024-037890,1,PROD-007,2,17.18,29.76
ORD-2024-037891,1,PROD-004,3,20.28,55.03
ORD-2024-037892,1,PROD-005,2,20.28,38.28
ORD-2024-037893,1,PROD-039,1,8.17,7.85
ORD-2024-037894,1,PROD-008,1,9.9,9.89
ORD-2024-037895,1,PROD-020,1,10.14,9.58
ORD-2024-037896,1,PROD-004,2,20.28,39.14
ORD-2024-037896,2,PROD-010,3,38.03,113.36
ORD-2024-037896,3,PROD-041,2,11.83,22.74
ORD-2024-037897,1,PROD-004,1,20.28,19.94
ORD-2024-037897,2,PROD-036,1,11.55,10.56
ORD-2024-037898,1,PROD-005,1,20.28,19.15
ORD-2024-037898,2,PROD-004,3,20.28,48.89
ORD-2024-037899,1,PROD-002,2,11.9,18.25
ORD-2024-037900,1,PROD-044,1,40.85,39.81
ORD-2024-037900,2,PROD-007,3,17.18,44.31
ORD-2024-037901,1,PROD-032,2,19.72,34.42
ORD-2024-037902,1,PROD-012,2,18.5,36.53
ORD-2024-037903,1,PROD-028,1,17.18,14.87
ORD-2024-037903,2,PROD-038,2,7.89,11.7
ORD-2024-037903,3,PROD-002,1,11.9,10.41
ORD-2024-037903,4,PROD-027,1,21.13,18.65
ORD-2024-037904,1,PROD-012,2,18.5,33.4
ORD-2024-037905,1,PROD-029,2,24.79,47.79
ORD-2024-037905,2,PROD-002,1,11.9,11.64
ORD-2024-037906,1,PROD-004,1,20.28,19.33
ORD-2024-037906,2,PROD-005,1,20.28,18.35
ORD-2024-037907,1,PROD-002,1,11.9,10.38
ORD-2024-037908,1,PROD-005,1,20.28,19.86
ORD-2024-037909,1,PROD-013,2,11.9,21.89
ORD-2024-037910,1,PROD-001,2,12.9,11.61
ORD-2024-037910,2,PROD-034,2,9.01,12.22
ORD-2024-037911,1,PROD-003,3,14.37,36.98
ORD-2024-037912,1,PROD-003,3,14.37,39.47
ORD-2024-037913,1,PROD-002,2,11.9,23.14
ORD-2024-037913,2,PROD-034,1,9.01,8.93
ORD-2024-037914,1,PROD-008,1,9.9,8.68
ORD-2024-037915,1,PROD-005,3,20.28,57.52
ORD-2024-037915,2,PROD-035,2,10.14,18.51
ORD-2024-037916,1,PROD-020,2,10.14,18.52
ORD-2024-037916,2,PROD-005,1,20.28,19.6
ORD-2024-037917,1,PROD-006,3,32.39,94.92
ORD-2024-037917,2,PROD-035,3,10.14,30.08
ORD-2024-037917,3,PROD-007,1,17.18,17.13
ORD-2024-037918,1,PROD-002,1,11.9,8.38
ORD-2024-037919,1,PROD-001,1,12.9,11.91
ORD-2024-037920,1,PROD-020,1,10.14,9.71
ORD-2024-037921,1,PROD-035,3,10.14,29.27
ORD-2024-037922,1,PROD-008,2,9.9,18.37
ORD-2024-037922,2,PROD-002,1,11.9,11.18
ORD-2024-037923,1,PROD-006,3,32.39,85.35
ORD-2024-037923,2,PROD-035,1,10.14,9.75
ORD-2024-037924,1,PROD-037,1,9.86,8.12
ORD-2024-037925,1,PROD-002,2,11.9,22.76
ORD-2024-037925,2,PROD-048,1,55.77,50.23
ORD-2024-037925,3,PROD-020,2,10.14,17.23
ORD-2024-037925,4,PROD-003,3,14.37,40.58
ORD-2024-037926,1,PROD-004,1,20.28,12.43
ORD-2024-037926,2,PROD-037,1,9.86,5.98
ORD-2024-037927,1,PROD-041,4,11.83,42.8
ORD-2024-037928,1,PROD-017,3,12.5,33.63
ORD-2024-037928,2,PROD-035,1,10.14,9.68
ORD-2024-037928,3,PROD-039,1,8.17,7.79
ORD-2024-037929,1,PROD-007,1,17.18,14.14
ORD-2024-037930,1,PROD-003,1,14.37,14.36
ORD-2024-037930,2,PROD-035,3,10.14,29.97
ORD-2024-037931,1,PROD-020,1,10.14,7.15
ORD-2024-037932,1,PROD-001,1,12.9,11.91
ORD-2024-037933,1,PROD-013,2,11.9,21.8
ORD-2024-037934,1,PROD-004,2,20.28,39.05
ORD-2024-037935,1,PROD-044,1,40.85,38.14
ORD-2024-037935,2,PROD-004,2,20.28,38.0
ORD-2024-037936,1,PROD-005,2,20.28,34.14
ORD-2024-037937,1,PROD-007,1,17.18,14.15
ORD-2024-037938,1,PROD-003,1,14.37,13.31
ORD-2024-037939,1,PROD-040,3,15.21,31.92
ORD-2024-037940,1,PROD-004,1,20.28,18.9
ORD-2024-037941,1,PROD-041,3,11.83,34.46
ORD-2024-037942,1,PROD-024,1,8.73,6.0
ORD-2024-037943,1,PROD-041,1,11.83,6.6
ORD-2024-037944,1,PROD-007,2,17.18,30.2
ORD-2024-037945,1,PROD-034,1,9.01,8.93
ORD-2024-037946,1,PROD-004,1,20.28,19.03
ORD-2024-037947,1,PROD-035,1,10.14,9.11
ORD-2024-037948,1,PROD-052,1,46.48,41.36
ORD-2024-037948,2,PROD-005,3,20.28,55.83
ORD-2024-037948,3,PROD-004,2,20.28,39.41
ORD-2024-037949,1,PROD-005,1,20.28,19.57
ORD-2024-037950,1,PROD-026,1,14.65,13.43
ORD-2024-037951,1,PROD-034,1,9.01,7.43
ORD-2024-037952,1,PROD-008,2,9.9,17.87
ORD-2024-037952,2,PROD-025,2,21.97,38.78
ORD-2024-037952,3,PROD-003,1,14.37,13.96
ORD-2024-037953,1,PROD-024,1,8.73,8.51
ORD-2024-037953,2,PROD-005,1,20.28,16.18
ORD-2024-037954,1,PROD-002,2,11.9,21.42
ORD-2024-037955,1,PROD-004,2,20.28,39.06
ORD-2024-037955,2,PROD-001,1,12.9,12.75
ORD-2024-037955,3,PROD-032,4,19.72,75.29
ORD-2024-037956,1,PROD-004,1,20.28,18.29
ORD-2024-037957,1,PROD-042,1,73.24,64.35
ORD-2024-037958,1,PROD-001,1,12.9,11.89
ORD-2024-037959,1,PROD-004,1,20.28,19.15
ORD-2024-037960,1,PROD-008,2,9.9,18.8
ORD-2024-037961,1,PROD-049,2,80.28,152.79
ORD-2024-037961,2,PROD-002,1,11.9,10.35
ORD-2024-037962,1,PROD-038,1,7.89,7.59
ORD-2024-037963,1,PROD-004,2,20.28,35.4
ORD-2024-037963,2,PROD-040,2,15.21,24.78
ORD-2024-037963,3,PROD-005,3,20.28,41.1
ORD-2024-037963,4,PROD-002,1,11.9,11.1
ORD-2024-037964,1,PROD-010,2,38.03,70.43
ORD-2024-037965,1,PROD-005,2,20.28,30.07
ORD-2024-037966,1,PROD-002,1,11.9,10.85
ORD-2024-037967,1,PROD-004,3,20.28,53.59
ORD-2024-037968,1,PROD-021,2,15.49,16.34
ORD-2024-037969,1,PROD-010,3,38.03,87.15
ORD-2024-037969,2,PROD-004,1,20.28,19.63
ORD-2024-037970,1,PROD-015,3,26.76,76.09
ORD-2024-037970,2,PROD-035,1,10.14,9.82
ORD-2024-037971,1,PROD-032,2,19.72,38.67
ORD-2024-037972,1,PROD-031,2,53.52,101.45
ORD-2024-037972,2,PROD-002,1,11.9,9.04
ORD-2024-037973,1,PROD-006,1,32.39,25.81
ORD-2024-037973,2,PROD-034,3,9.01,19.39
ORD-2024-037974,1,PROD-014,3,9.9,27.22
ORD-2024-037974,2,PROD-002,1,11.9,11.29
ORD-2024-037975,1,PROD-001,1,12.9,12.33
ORD-2024-037976,1,PROD-001,1,12.9,12.15
ORD-2024-037977,1,PROD-020,1,10.14,8.9
ORD-2024-037978,1,PROD-010,2,38.03,73.51
ORD-2024-037978,2,PROD-034,1,9.01,8.6
ORD-2024-037979,1,PROD-013,2,11.9,22.72
ORD-2024-037979,2,PROD-014,1,9.9,9.15
ORD-2024-037980,1,PROD-001,1,12.9,11.72
ORD-2024-037981,1,PROD-007,1,17.18,14.91
ORD-2024-037982,1,PROD-029,1,24.79,24.37
ORD-2024-037982,2,PROD-002,1,11.9,10.2
ORD-2024-037982,3,PROD-003,1,14.37,14.3
ORD-2024-037982,4,PROD-017,2,12.5,16.31
ORD-2024-037983,1,PROD-037,1,9.86,9.41
ORD-2024-037983,2,PROD-035,2,10.14,19.03
ORD-2024-037984,1,PROD-042,3,73.24,207.13
ORD-2024-037984,2,PROD-058,1,39.44,31.38
ORD-2024-037984,3,PROD-005,1,20.28,18.94
ORD-2024-037984,4,PROD-035,3,10.14,29.47
ORD-2024-037984,5,PROD-032,1,19.72,16.84
ORD-2024-037985,1,PROD-012,1,18.5,15.12
ORD-2024-037985,2,PROD-040,2,15.21,29.92
ORD-2024-037986,1,PROD-007,1,17.18,16.19
ORD-2024-037987,1,PROD-023,1,7.89,6.14
ORD-2024-037988,1,PROD-007,1,17.18,15.86
ORD-2024-037988,2,PROD-034,1,9.01,8.48
ORD-2024-037989,1,PROD-011,3,14.9,43.27
ORD-2024-037989,2,PROD-012,1,18.5,15.06
ORD-2024-037989,3,PROD-004,1,20.28,18.82
ORD-2024-037989,4,PROD-032,1,19.72,14.63
ORD-2024-037989,5,PROD-020,2,10.14,13.91
ORD-2024-037990,1,PROD-039,2,8.17,15.11
ORD-2024-037991,1,PROD-001,2,12.9,23.76
ORD-2024-037991,2,PROD-027,1,21.13,18.22
ORD-2024-037991,3,PROD-004,1,20.28,20.02
ORD-2024-037992,1,PROD-021,1,15.49,13.21
ORD-2024-037993,1,PROD-002,1,11.9,11.15
ORD-2024-037993,2,PROD-003,2,14.37,27.88
ORD-2024-037994,1,PROD-022,1,9.01,8.72
ORD-2024-037994,2,PROD-021,1,15.49,14.36
ORD-2024-037994,3,PROD-003,1,14.37,13.84
ORD-2024-037994,4,PROD-032,3,19.72,52.52
ORD-2024-037994,5,PROD-002,1,11.9,10.76
ORD-2024-037995,1,PROD-005,1,20.28,20.12
ORD-2024-037996,1,PROD-028,1,17.18,15.33
ORD-2024-037996,2,PROD-030,1,49.3,41.02
ORD-2024-037996,3,PROD-012,1,18.5,16.32
ORD-2024-037996,4,PROD-010,1,38.03,32.9
ORD-2024-037996,5,PROD-005,1,20.28,17.57
ORD-2024-037997,1,PROD-039,1,8.17,7.5
ORD-2024-037998,1,PROD-017,3,12.5,31.27
ORD-2024-037999,1,PROD-004,2,20.28,35.29
ORD-2024-038000,1,PROD-006,1,32.39,28.05
ORD-2024-038000,2,PROD-002,2,11.9,22.23
ORD-2024-038001,1,PROD-035,3,10.14,28.23
ORD-2024-038002,1,PROD-028,2,17.18,28.14
ORD-2024-038002,2,PROD-034,1,9.01,6.68
ORD-2024-038003,1,PROD-023,1,7.89,7.81
ORD-2024-038003,2,PROD-002,1,11.9,11.49
ORD-2024-038004,1,PROD-034,3,9.01,16.1
ORD-2024-038005,1,PROD-006,1,32.39,28.17
ORD-2024-038006,1,PROD-015,2,26.76,24.08
ORD-2024-038007,1,PROD-026,1,14.65,13.55
ORD-2024-038007,2,PROD-032,1,19.72,17.64
ORD-2024-038007,3,PROD-022,1,9.01,8.77
ORD-2024-038008,1,PROD-040,3,15.21,43.8
ORD-2024-038009,1,PROD-004,1,20.28,19.92
ORD-2024-038010,1,PROD-003,2,14.37,25.84
ORD-2024-038011,1,PROD-008,2,9.9,14.87
ORD-2024-038011,2,PROD-006,2,32.39,58.5
ORD-2024-038011,3,PROD-041,2,11.83,21.6
ORD-2024-038012,1,PROD-031,1,53.52,50.33
ORD-2024-038013,1,PROD-001,1,12.9,12.03
ORD-2024-038013,2,PROD-002,2,11.9,19.54
ORD-2024-038013,3,PROD-004,1,20.28,18.73
ORD-2024-038014,1,PROD-006,3,32.39,88.31
ORD-2024-038015,1,PROD-012,1,18.5,17.49
ORD-2024-038016,1,PROD-014,1,9.9,8.66
ORD-2024-038017,1,PROD-037,1,9.86,8.83
ORD-2024-038017,2,PROD-005,1,20.28,15.57
ORD-2024-038018,1,PROD-004,1,20.28,19.94
ORD-2024-038019,1,PROD-010,3,38.03,107.06
ORD-2024-038019,2,PROD-001,1,12.9,12.81
ORD-2024-038019,3,PROD-025,1,21.97,21.15
ORD-2024-038020,1,PROD-005,2,20.28,39.69
ORD-2024-038020,2,PROD-024,1,8.73,8.61
ORD-2024-038020,3,PROD-041,2,11.83,22.27
ORD-2024-038021,1,PROD-007,1,17.18,16.97
ORD-2024-038021,2,PROD-003,2,14.37,28.32
ORD-2024-038022,1,PROD-003,1,14.37,14.09
ORD-2024-038022,2,PROD-001,1,12.9,12.55
ORD-2024-038022,3,PROD-039,1,8.17,8.07
ORD-2024-038023,1,PROD-020,1,10.14,10.04
ORD-2024-038023,2,PROD-008,1,9.9,9.58
ORD-2024-038024,1,PROD-004,1,20.28,18.94
ORD-2024-038025,1,PROD-001,2,12.9,22.72
ORD-2024-038025,2,PROD-003,2,14.37,25.22
ORD-2024-038025,3,PROD-035,1,10.14,7.27
ORD-2024-038026,1,PROD-004,2,20.28,40.43
ORD-2024-038027,1,PROD-005,1,20.28,19.04
ORD-2024-038028,1,PROD-014,1,9.9,9.53
ORD-2024-038029,1,PROD-001,2,12.9,21.92
ORD-2024-038030,1,PROD-004,2,20.28,39.64
ORD-2024-038031,1,PROD-005,2,20.28,39.6
ORD-2024-038032,1,PROD-021,1,15.49,9.99
ORD-2024-038032,2,PROD-034,1,9.01,8.16
ORD-2024-038033,1,PROD-025,1,21.97,21.03
ORD-2024-038034,1,PROD-004,1,20.28,19.67
ORD-2024-038034,2,PROD-006,1,32.39,31.59
ORD-2024-038035,1,PROD-001,2,12.9,24.91
ORD-2024-038036,1,PROD-006,1,32.39,29.08
ORD-2024-038036,2,PROD-008,1,9.9,9.36
ORD-2024-038037,1,PROD-042,1,73.24,71.01
ORD-2024-038037,2,PROD-003,1,14.37,13.7
ORD-2024-038037,3,PROD-006,1,32.39,30.9
ORD-2024-038038,1,PROD-003,1,14.37,12.53
ORD-2024-038039,1,PROD-004,1,20.28,19.49
ORD-2024-038040,1,PROD-001,1,12.9,12.32
ORD-2024-038040,2,PROD-034,3,9.01,26.1
ORD-2024-038040,3,PROD-016,1,8.9,8.6
ORD-2024-038041,1,PROD-027,1,21.13,19.33
ORD-2024-038041,2,PROD-002,1,11.9,10.11
ORD-2024-038041,3,PROD-022,1,9.01,7.87
ORD-2024-038042,1,PROD-004,1,20.28,18.87
ORD-2024-038043,1,PROD-041,2,11.83,14.16
ORD-2024-038044,1,PROD-020,1,10.14,7.76
ORD-2024-038045,1,PROD-001,1,12.9,8.87
ORD-2024-038045,2,PROD-003,2,14.37,24.23
ORD-2024-038045,3,PROD-035,3,10.14,28.59
ORD-2024-038046,1,PROD-003,1,14.37,11.45
ORD-2024-038046,2,PROD-036,2,11.55,22.24
ORD-2024-038046,3,PROD-034,3,9.01,24.21
ORD-2024-038047,1,PROD-001,1,12.9,12.11
ORD-2024-038048,1,PROD-020,1,10.14,5.96
ORD-2024-038049,1,PROD-004,1,20.28,19.82
ORD-2024-038049,2,PROD-037,1,9.86,9.65
ORD-2024-038050,1,PROD-005,2,20.28,39.73
ORD-2024-038051,1,PROD-006,1,32.39,32.21
ORD-2024-038051,2,PROD-037,2,9.86,19.12
ORD-2024-038051,3,PROD-038,3,7.89,22.93
ORD-2024-038051,4,PROD-032,2,19.72,38.64
ORD-2024-038052,1,PROD-007,1,17.18,14.97
ORD-2024-038053,1,PROD-032,2,19.72,30.68
ORD-2024-038053,2,PROD-027,1,21.13,15.01
ORD-2024-038054,1,PROD-001,1,12.9,11.84
ORD-2024-038055,1,PROD-006,1,32.39,29.1
ORD-2024-038055,2,PROD-039,1,8.17,7.4
ORD-2024-038055,3,PROD-008,3,9.9,27.49
ORD-2024-038056,1,PROD-012,2,18.5,35.01
ORD-2024-038056,2,PROD-019,2,29.58,58.56
ORD-2024-038056,3,PROD-028,1,17.18,16.77
ORD-2024-038057,1,PROD-011,2,14.9,24.99
ORD-2024-038057,2,PROD-002,1,11.9,11.64
ORD-2024-038057,3,PROD-038,4,7.89,28.94
ORD-2024-038058,1,PROD-006,2,32.39,58.47
ORD-2024-038059,1,PROD-038,2,7.89,14.69
ORD-2024-038060,1,PROD-044,1,40.85,40.0
ORD-2024-038061,1,PROD-054,1,59.15,58.17
ORD-2024-038062,1,PROD-007,1,17.18,16.87
ORD-2024-038062,2,PROD-002,1,11.9,11.32
ORD-2024-038062,3,PROD-004,1,20.28,18.64
ORD-2024-038063,1,PROD-047,1,108.45,98.96
ORD-2024-038063,2,PROD-004,1,20.28,15.87
ORD-2024-038064,1,PROD-004,2,20.28,39.27
ORD-2024-038064,2,PROD-001,1,12.9,12.33
ORD-2024-038065,1,PROD-017,2,12.5,23.07
ORD-2024-038065,2,PROD-004,1,20.28,19.37
ORD-2024-038065,3,PROD-024,1,8.73,7.86
ORD-2024-038066,1,PROD-037,1,9.86,7.91
ORD-2024-038067,1,PROD-027,1,21.13,19.34
ORD-2024-038067,2,PROD-039,1,8.17,8.0
ORD-2024-038067,3,PROD-031,2,53.52,103.74
ORD-2024-038068,1,PROD-016,2,8.9,16.2
ORD-2024-038068,2,PROD-001,1,12.9,11.31
ORD-2024-038068,3,PROD-005,1,20.28,16.31
ORD-2024-038069,1,PROD-046,1,259.15,243.19
ORD-2024-038069,2,PROD-026,2,14.65,21.79
ORD-2024-038070,1,PROD-030,1,49.3,44.87
ORD-2024-038071,1,PROD-006,2,32.39,63.9
ORD-2024-038071,2,PROD-004,3,20.28,60.52
ORD-2024-038072,1,PROD-004,2,20.28,38.56
ORD-2024-038073,1,PROD-023,1,7.89,7.64
ORD-2024-038074,1,PROD-028,1,17.18,13.75
ORD-2024-038075,1,PROD-002,2,11.9,22.09
ORD-2024-038075,2,PROD-034,1,9.01,8.2
ORD-2024-038075,3,PROD-005,1,20.28,18.51
ORD-2024-038076,1,PROD-020,1,10.14,8.53
ORD-2024-038077,1,PROD-024,1,8.73,8.7
ORD-2024-038078,1,PROD-004,1,20.28,20.02
ORD-2024-038078,2,PROD-003,2,14.37,26.36
ORD-2024-038079,1,PROD-004,2,20.28,39.57
ORD-2024-038080,1,PROD-034,3,9.01,25.89
ORD-2024-038081,1,PROD-023,1,7.89,4.09
ORD-2024-038082,1,PROD-039,1,8.17,7.68
ORD-2024-038082,2,PROD-026,1,14.65,13.9
ORD-2024-038082,3,PROD-050,1,61.97,56.94
ORD-2024-038082,4,PROD-004,1,20.28,19.96
ORD-2024-038083,1,PROD-005,3,20.28,35.16
ORD-2024-038084,1,PROD-013,1,11.9,7.82
ORD-2024-038084,2,PROD-006,1,32.39,30.94
ORD-2024-038085,1,PROD-004,2,20.28,37.96
ORD-2024-038085,2,PROD-034,1,9.01,6.68
ORD-2024-038086,1,PROD-004,1,20.28,18.87
ORD-2024-038087,1,PROD-024,1,8.73,5.87
ORD-2024-038088,1,PROD-026,1,14.65,12.33
ORD-2024-038088,2,PROD-041,1,11.83,9.73
ORD-2024-038089,1,PROD-008,1,9.9,9.55
ORD-2024-038089,2,PROD-031,1,53.52,48.95
ORD-2024-038090,1,PROD-028,2,17.18,30.42
ORD-2024-038091,1,PROD-023,1,7.89,7.22
ORD-2024-038092,1,PROD-004,1,20.28,19.4
ORD-2024-038093,1,PROD-006,3,32.39,95.51
ORD-2024-038094,1,PROD-004,1,20.28,20.07
ORD-2024-038094,2,PROD-040,2,15.21,29.04
ORD-2024-038094,3,PROD-038,3,7.89,22.0
ORD-2024-038094,4,PROD-041,1,11.83,11.54
ORD-2024-038095,1,PROD-005,2,20.28,39.95
ORD-2024-038095,2,PROD-036,1,11.55,11.47
ORD-2024-038095,3,PROD-023,1,7.89,7.76
ORD-2024-038096,1,PROD-040,1,15.21,15.03
ORD-2024-038096,2,PROD-041,1,11.83,11.71
ORD-2024-038097,1,PROD-016,1,8.9,8.37
ORD-2024-038097,2,PROD-028,1,17.18,16.36
ORD-2024-038098,1,PROD-007,2,17.18,32.21
ORD-2024-038099,1,PROD-020,1,10.14,5.49
ORD-2024-038100,1,PROD-020,2,10.14,18.98
ORD-2024-038100,2,PROD-049,1,80.28,77.21
ORD-2024-038101,1,PROD-054,1,59.15,58.85
ORD-2024-038102,1,PROD-004,1,20.28,17.76
ORD-2024-038102,2,PROD-007,1,17.18,13.36
ORD-2024-038103,1,PROD-022,2,9.01,14.08
ORD-2024-038104,1,PROD-039,1,8.17,7.74
ORD-2024-038104,2,PROD-002,2,11.9,21.41
ORD-2024-038104,3,PROD-008,1,9.9,8.15
ORD-2024-038104,4,PROD-032,2,19.72,37.26
ORD-2024-038105,1,PROD-035,1,10.14,9.01
ORD-2024-038106,1,PROD-034,3,9.01,22.56
ORD-2024-038107,1,PROD-004,1,20.28,19.49
ORD-2024-038108,1,PROD-039,1,8.17,7.6
ORD-2024-038109,1,PROD-047,1,108.45,95.12
ORD-2024-038110,1,PROD-007,1,17.18,15.37
ORD-2024-038111,1,PROD-022,2,9.01,16.49
ORD-2024-038112,1,PROD-004,2,20.28,33.49
ORD-2024-038113,1,PROD-036,2,11.55,21.72
ORD-2024-038114,1,PROD-003,1,14.37,14.3
ORD-2024-038115,1,PROD-038,1,7.89,7.62
ORD-2024-038116,1,PROD-002,2,11.9,23.67
ORD-2024-038117,1,PROD-041,1,11.83,9.23
ORD-2024-038117,2,PROD-003,1,14.37,13.01
ORD-2024-038118,1,PROD-041,2,11.83,23.3
ORD-2024-038119,1,PROD-006,2,32.39,50.03
ORD-2024-038119,2,PROD-004,1,20.28,19.44
ORD-2024-038120,1,PROD-004,2,20.28,35.97
ORD-2024-038121,1,PROD-036,1,11.55,9.83
ORD-2024-038121,2,PROD-045,1,72.68,63.37
ORD-2024-038121,3,PROD-001,2,12.9,23.7
ORD-2024-038122,1,PROD-010,2,38.03,61.21
ORD-2024-038122,2,PROD-047,1,108.45,106.47
ORD-2024-038122,3,PROD-002,1,11.9,10.58
ORD-2024-038123,1,PROD-040,1,15.21,14.85
ORD-2024-038124,1,PROD-002,2,11.9,18.83
ORD-2024-038125,1,PROD-003,2,14.37,27.89
ORD-2024-038126,1,PROD-025,1,21.97,18.19
ORD-2024-038127,1,PROD-037,1,9.86,9.22
ORD-2024-038128,1,PROD-035,3,10.14,27.76
ORD-2024-038128,2,PROD-012,2,18.5,30.95
ORD-2024-038129,1,PROD-022,1,9.01,8.87
ORD-2024-038129,2,PROD-020,1,10.14,9.99
ORD-2024-038130,1,PROD-002,2,11.9,17.74
ORD-2024-038131,1,PROD-002,2,11.9,23.42
ORD-2024-038131,2,PROD-040,2,15.21,30.14
ORD-2024-038132,1,PROD-010,1,38.03,18.89
ORD-2024-038132,2,PROD-047,1,108.45,68.9
ORD-2024-038133,1,PROD-005,3,20.28,58.68
ORD-2024-038134,1,PROD-034,2,9.01,14.47
ORD-2024-038135,1,PROD-021,1,15.49,10.62
ORD-2024-038136,1,PROD-002,1,11.9,11.04
ORD-2024-038137,1,PROD-021,1,15.49,12.26
ORD-2024-038138,1,PROD-048,1,55.77,53.42
ORD-2024-038139,1,PROD-012,1,18.5,15.47
ORD-2024-038140,1,PROD-001,3,12.9,31.29
ORD-2024-038141,1,PROD-008,2,9.9,19.19
ORD-2024-038142,1,PROD-040,1,15.21,13.91
ORD-2024-038142,2,PROD-006,1,32.39,30.27
ORD-2024-038143,1,PROD-003,1,14.37,12.62
ORD-2024-038144,1,PROD-004,1,20.28,20.04
ORD-2024-038144,2,PROD-003,1,14.37,13.48
ORD-2024-038145,1,PROD-041,1,11.83,11.57
ORD-2024-038146,1,PROD-041,1,11.83,9.61
ORD-2024-038147,1,PROD-045,1,72.68,69.85
ORD-2024-038148,1,PROD-034,1,9.01,8.68
ORD-2024-038149,1,PROD-004,3,20.28,59.92
ORD-2024-038149,2,PROD-006,1,32.39,32.04
ORD-2024-038150,1,PROD-034,2,9.01,16.83
ORD-2024-038150,2,PROD-032,2,19.72,38.46
ORD-2024-038150,3,PROD-035,1,10.14,9.87
ORD-2024-038151,1,PROD-001,1,12.9,12.85
ORD-2024-038152,1,PROD-039,1,8.17,6.36
ORD-2024-038153,1,PROD-024,1,8.73,8.61
ORD-2024-038154,1,PROD-044,1,40.85,37.08
ORD-2024-038154,2,PROD-022,2,9.01,16.78
ORD-2024-038155,1,PROD-004,1,20.28,17.88
ORD-2024-038156,1,PROD-004,2,20.28,38.07
ORD-2024-038157,1,PROD-041,1,11.83,11.15
ORD-2024-038157,2,PROD-001,2,12.9,21.44
ORD-2024-038158,1,PROD-007,1,17.18,16.86
ORD-2024-038159,1,PROD-003,2,14.37,26.33
ORD-2024-038159,2,PROD-041,1,11.83,9.45
ORD-2024-038160,1,PROD-026,1,14.65,14.24
ORD-2024-038160,2,PROD-016,2,8.9,16.55
ORD-2024-038161,1,PROD-023,2,7.89,13.07
ORD-2024-038161,2,PROD-027,1,21.13,16.34
ORD-2024-038162,1,PROD-038,1,7.89,6.95
ORD-2024-038163,1,PROD-032,3,19.72,44.15
ORD-2024-038164,1,PROD-011,2,14.9,28.23
ORD-2024-038165,1,PROD-006,1,32.39,28.07
ORD-2024-038166,1,PROD-048,1,55.77,47.56
ORD-2024-038166,2,PROD-006,2,32.39,60.21
ORD-2024-038167,1,PROD-046,1,259.15,229.3
ORD-2024-038168,1,PROD-006,1,32.39,29.9
ORD-2024-038168,2,PROD-042,1,73.24,71.26
ORD-2024-038168,3,PROD-007,1,17.18,16.1
ORD-2024-038169,1,PROD-035,1,10.14,8.95
ORD-2024-038169,2,PROD-008,1,9.9,8.12
ORD-2024-038169,3,PROD-004,1,20.28,19.37
ORD-2024-038169,4,PROD-003,2,14.37,24.18
ORD-2024-038169,5,PROD-001,3,12.9,34.14
ORD-2024-038170,1,PROD-006,2,32.39,58.91
ORD-2024-038171,1,PROD-013,1,11.9,10.49
ORD-2024-038172,1,PROD-023,2,7.89,14.78
ORD-2024-038172,2,PROD-004,1,20.28,19.4
ORD-2024-038173,1,PROD-037,1,9.86,7.47
ORD-2024-038173,2,PROD-035,2,10.14,18.58
ORD-2024-038173,3,PROD-019,1,29.58,25.39
ORD-2024-038173,4,PROD-006,2,32.39,50.07
ORD-2024-038174,1,PROD-034,1,9.01,7.77
ORD-2024-038175,1,PROD-004,1,20.28,19.03
ORD-2024-038176,1,PROD-004,1,20.28,18.87
ORD-2024-038177,1,PROD-016,1,8.9,7.96
ORD-2024-038178,1,PROD-010,3,38.03,113.43
ORD-2024-038178,2,PROD-016,2,8.9,15.22
ORD-2024-038178,3,PROD-004,1,20.28,19.23
ORD-2024-038178,4,PROD-041,1,11.83,11.24
ORD-2024-038179,1,PROD-004,1,20.28,16.99
ORD-2024-038179,2,PROD-035,3,10.14,27.65
ORD-2024-038180,1,PROD-041,2,11.83,21.15
ORD-2024-038181,1,PROD-010,1,38.03,37.28
ORD-2024-038182,1,PROD-005,3,20.28,53.49
ORD-2024-038183,1,PROD-014,1,9.9,9.12
ORD-2024-038184,1,PROD-008,3,9.9,28.27
ORD-2024-038185,1,PROD-004,1,20.28,19.41
ORD-2024-038186,1,PROD-004,1,20.28,18.56
ORD-2024-038187,1,PROD-003,3,14.37,35.17
ORD-2024-038187,2,PROD-013,1,11.9,10.18
ORD-2024-038188,1,PROD-003,3,14.37,40.74
ORD-2024-038189,1,PROD-040,1,15.21,11.69
ORD-2024-038190,1,PROD-007,1,17.18,16.93
ORD-2024-038191,1,PROD-001,3,12.9,38.08
ORD-2024-038191,2,PROD-014,1,9.9,9.42
ORD-2024-038192,1,PROD-004,1,20.28,16.89
ORD-2024-038193,1,PROD-035,3,10.14,26.9
ORD-2024-038194,1,PROD-011,1,14.9,14.48
ORD-2024-038195,1,PROD-048,1,55.77,42.68
ORD-2024-038195,2,PROD-007,1,17.18,16.33
ORD-2024-038196,1,PROD-007,1,17.18,15.97
ORD-2024-038197,1,PROD-041,4,11.83,44.01
ORD-2024-038197,2,PROD-035,1,10.14,9.7
ORD-2024-038198,1,PROD-007,1,17.18,15.93
ORD-2024-038198,2,PROD-036,1,11.55,10.47
ORD-2024-038198,3,PROD-029,1,24.79,22.71
ORD-2024-038199,1,PROD-005,1,20.28,17.64
ORD-2024-038199,2,PROD-003,1,14.37,11.66
ORD-2024-038200,1,PROD-023,1,7.89,6.59
ORD-2024-038200,2,PROD-038,1,7.89,7.69
ORD-2024-038200,3,PROD-025,1,21.97,20.27
ORD-2024-038201,1,PROD-027,1,21.13,16.53
ORD-2024-038201,2,PROD-039,2,8.17,15.39
ORD-2024-038202,1,PROD-030,1,49.3,41.9
ORD-2024-038203,1,PROD-041,1,11.83,11.37
ORD-2024-038204,1,PROD-003,1,14.37,12.78
ORD-2024-038205,1,PROD-029,1,24.79,18.61
ORD-2024-038205,2,PROD-050,1,61.97,42.29
ORD-2024-038206,1,PROD-020,1,10.14,7.9
ORD-2024-038207,1,PROD-005,1,20.28,-17.74
ORD-2024-038208,1,PROD-004,1,20.28,19.82
ORD-2024-038208,2,PROD-006,2,32.39,61.9
ORD-2024-038209,1,PROD-038,4,7.89,24.76
ORD-2024-038210,1,PROD-004,1,20.28,16.71
ORD-2024-038210,2,PROD-032,2,19.72,34.72
ORD-2024-038211,1,PROD-013,1,11.9,9.59
ORD-2024-038211,2,PROD-005,1,20.28,18.8
ORD-2024-038211,3,PROD-042,1,73.24,65.2
ORD-2024-038212,1,PROD-037,2,9.86,18.97
ORD-2024-038212,2,PROD-036,1,11.55,10.48
ORD-2024-038213,1,PROD-025,1,21.97,20.92
ORD-2024-038214,1,PROD-013,1,11.9,11.65
ORD-2024-038215,1,PROD-006,2,32.39,58.83
ORD-2024-038215,2,PROD-036,3,11.55,31.31
ORD-2024-038216,1,PROD-002,1,11.9,10.26
ORD-2024-038217,1,PROD-003,2,14.37,27.99
ORD-2024-038217,2,PROD-002,2,11.9,21.58
ORD-2024-038218,1,PROD-005,1,20.28,15.73
ORD-2024-038218,2,PROD-044,1,40.85,18.38
ORD-2024-038218,3,PROD-049,1,80.28,58.8
ORD-2024-038219,1,PROD-001,1,12.9,11.0
ORD-2024-038220,1,PROD-001,1,12.9,10.75
ORD-2024-038220,2,PROD-047,1,108.45,97.42
ORD-2024-038220,3,PROD-036,1,11.55,9.38
ORD-2024-038221,1,PROD-027,1,21.13,19.83
ORD-2024-038222,1,PROD-004,1,20.28,18.82
ORD-2024-038223,1,PROD-002,3,11.9,34.63
ORD-2024-038224,1,PROD-032,2,19.72,37.13
ORD-2024-038225,1,PROD-036,2,11.55,20.63
ORD-2024-038226,1,PROD-030,1,49.3,44.9
ORD-2024-038226,2,PROD-002,2,11.9,22.89
ORD-2024-038227,1,PROD-035,2,10.14,19.01
ORD-2024-038228,1,PROD-020,1,10.14,9.85
ORD-2024-038229,1,PROD-014,1,9.9,9.46
ORD-2024-038230,1,PROD-002,2,11.9,23.06
ORD-2024-038231,1,PROD-006,1,32.39,30.08
ORD-2024-038231,2,PROD-001,2,12.9,21.92
ORD-2024-038231,3,PROD-046,1,259.15,233.78
ORD-2024-038232,1,PROD-012,3,18.5,49.09
ORD-2024-038232,2,PROD-002,1,11.9,11.33
ORD-2024-038233,1,PROD-021,2,15.49,29.2
ORD-2024-038234,1,PROD-013,2,11.9,19.87
ORD-2024-038234,2,PROD-027,2,21.13,37.08
ORD-2024-038234,3,PROD-039,4,8.17,31.67
ORD-2024-038235,1,PROD-001,1,12.9,11.45
ORD-2024-038236,1,PROD-040,2,15.21,23.69
ORD-2024-038237,1,PROD-034,1,9.01,8.84
ORD-2024-038237,2,PROD-002,3,11.9,34.77
ORD-2024-038238,1,PROD-021,1,15.49,12.9
ORD-2024-038239,1,PROD-013,1,11.9,9.85
ORD-2024-038240,1,PROD-005,3,20.28,55.58
ORD-2024-038241,1,PROD-021,2,15.49,28.5
ORD-2024-038242,1,PROD-030,1,49.3,47.52
ORD-2024-038242,2,PROD-027,1,21.13,20.94
ORD-2024-038242,3,PROD-004,1,20.28,20.06
ORD-2024-038243,1,PROD-001,3,12.9,35.02
ORD-2024-038244,1,PROD-013,1,11.9,9.23
ORD-2024-038244,2,PROD-001,2,12.9,18.36
ORD-2024-038245,1,PROD-004,2,20.28,32.92
ORD-2024-038245,2,PROD-039,1,8.17,6.42
ORD-2024-038246,1,PROD-050,1,61.97,56.28
ORD-2024-038246,2,PROD-002,1,11.9,9.42
ORD-2024-038247,1,PROD-005,1,20.28,18.33
ORD-2024-038247,2,PROD-034,1,9.01,7.46
ORD-2024-038247,3,PROD-001,1,12.9,11.72
ORD-2024-038248,1,PROD-008,3,9.9,27.36
ORD-2024-038248,2,PROD-004,1,20.28,19.32
ORD-2024-038249,1,PROD-016,1,8.9,5.82
ORD-2024-038250,1,PROD-001,1,12.9,12.79
ORD-2024-038250,2,PROD-002,2,11.9,23.1
ORD-2024-038250,3,PROD-004,2,20.28,39.75
ORD-2024-038250,4,PROD-038,1,7.89,7.8
ORD-2024-038251,1,PROD-041,3,11.83,24.86
ORD-2024-038252,1,PROD-020,1,10.14,9.36
ORD-2024-038253,1,PROD-004,1,20.28,16.29
ORD-2024-038254,1,PROD-013,1,11.9,5.35
ORD-2024-038254,2,PROD-036,1,11.55,8.23
ORD-2024-038255,1,PROD-027,1,21.13,19.83
ORD-2024-038255,2,PROD-034,3,9.01,26.39
ORD-2024-038256,1,PROD-035,3,10.14,27.2
ORD-2024-038257,1,PROD-041,1,11.83,11.02
ORD-2024-038257,2,PROD-014,1,9.9,9.38
ORD-2024-038258,1,PROD-010,1,38.03,33.06
ORD-2024-038259,1,PROD-001,2,12.9,22.14
ORD-2024-038260,1,PROD-040,1,15.21,13.6
ORD-2024-038260,2,PROD-020,1,10.14,8.28
ORD-2024-038261,1,PROD-034,1,9.01,8.83
ORD-2024-038261,2,PROD-024,1,8.73,8.7
ORD-2024-038262,1,PROD-004,2,20.28,33.58
ORD-2024-038263,1,PROD-039,1,8.17,8.0
ORD-2024-038263,2,PROD-007,1,17.18,14.02
ORD-2024-038263,3,PROD-003,1,14.37,13.63
ORD-2024-038264,1,PROD-002,3,11.9,25.15
ORD-2024-038264,2,PROD-005,3,20.28,60.34
ORD-2024-038264,3,PROD-036,1,11.55,10.27
ORD-2024-038265,1,PROD-013,1,11.9,11.67
ORD-2024-038266,1,PROD-005,2,20.28,40.13
ORD-2024-038267,1,PROD-002,2,11.9,23.16
ORD-2024-038268,1,PROD-002,2,11.9,22.02
ORD-2024-038269,1,PROD-023,1,7.89,7.4
ORD-2024-038269,2,PROD-006,2,32.39,54.95
ORD-2024-038269,3,PROD-007,1,17.18,15.83
ORD-2024-038270,1,PROD-005,2,20.28,38.97
ORD-2024-038271,1,PROD-010,1,38.03,28.96
ORD-2024-038271,2,PROD-040,2,15.21,22.24
ORD-2024-038272,1,PROD-004,1,20.28,17.74
ORD-2024-038272,2,PROD-007,1,17.18,15.59
ORD-2024-038273,1,PROD-007,1,17.18,14.79
ORD-2024-038274,1,PROD-001,2,12.9,23.08
ORD-2024-038275,1,PROD-003,2,14.37,24.72
ORD-2024-038276,1,PROD-026,1,14.65,13.93
ORD-2024-038276,2,PROD-010,1,38.03,36.27
ORD-2024-038277,1,PROD-024,1,8.73,7.84
ORD-2024-038277,2,PROD-015,3,26.76,66.26
ORD-2024-038278,1,PROD-014,1,9.9,9.66
ORD-2024-038278,2,PROD-020,1,10.14,9.0
ORD-2024-038278,3,PROD-040,3,15.21,42.52
ORD-2024-038279,1,PROD-034,2,9.01,14.57
ORD-2024-038280,1,PROD-035,1,10.14,10.01
ORD-2024-038280,2,PROD-002,2,11.9,17.93
ORD-2024-038281,1,PROD-004,1,20.28,18.86
ORD-2024-038281,2,PROD-055,1,74.65,73.84
ORD-2024-038282,1,PROD-039,2,8.17,15.67
ORD-2024-038282,2,PROD-007,2,17.18,33.49
ORD-2024-038282,3,PROD-004,1,20.28,19.29
ORD-2024-038282,4,PROD-001,1,12.9,11.6
ORD-2024-038283,1,PROD-033,1,52.11,34.67
ORD-2024-038284,1,PROD-001,1,12.9,12.52
ORD-2024-038285,1,PROD-038,1,7.89,7.8
ORD-2024-038286,1,PROD-040,3,15.21,44.54
ORD-2024-038287,1,PROD-035,2,10.14,17.69
ORD-2024-038288,1,PROD-007,1,17.18,16.8
ORD-2024-038288,2,PROD-005,1,20.28,19.99
ORD-2024-038288,3,PROD-001,1,12.9,12.7
ORD-2024-038289,1,PROD-030,2,49.3,85.78
ORD-2024-038289,2,PROD-022,1,9.01,6.26
ORD-2024-038290,1,PROD-036,1,11.55,11.02
ORD-2024-038291,1,PROD-003,2,14.37,25.12
ORD-2024-038291,2,PROD-036,2,11.55,22.41
ORD-2024-038292,1,PROD-002,2,11.9,20.73
ORD-2024-038292,2,PROD-034,2,9.01,15.7
ORD-2024-038292,3,PROD-053,1,53.52,50.93
ORD-2024-038293,1,PROD-022,1,9.01,8.82
ORD-2024-038294,1,PROD-006,1,32.39,27.56
ORD-2024-038294,2,PROD-005,1,20.28,19.11
ORD-2024-038295,1,PROD-019,1,29.58,26.97
ORD-2024-038295,2,PROD-016,1,8.9,8.84
ORD-2024-038296,1,PROD-003,2,14.37,24.95
ORD-2024-038296,2,PROD-044,1,40.85,39.85
ORD-2024-038297,1,PROD-007,2,17.18,29.7
ORD-2024-038297,2,PROD-002,2,11.9,22.19
ORD-2024-038298,1,PROD-006,1,32.39,26.48
ORD-2024-038299,1,PROD-035,3,10.14,26.33
ORD-2024-038299,2,PROD-016,1,8.9,7.54
ORD-2024-038299,3,PROD-053,1,53.52,43.53
ORD-2024-038300,1,PROD-051,1,36.06,35.12
ORD-2024-038300,2,PROD-001,1,12.9,12.25
ORD-2024-038301,1,PROD-007,1,17.18,16.62
ORD-2024-038301,2,PROD-004,1,20.28,18.42
ORD-2024-038302,1,PROD-038,1,7.89,7.84
ORD-2024-038303,1,PROD-002,2,11.9,18.61
ORD-2024-038304,1,PROD-003,1,14.37,13.87
ORD-2024-038305,1,PROD-001,1,12.9,8.09
ORD-2024-038305,2,PROD-011,3,14.9,40.78
ORD-2024-038305,3,PROD-035,2,10.14,17.27
ORD-2024-038306,1,PROD-002,1,11.9,11.54
ORD-2024-038307,1,PROD-007,1,17.18,15.82
ORD-2024-038308,1,PROD-006,1,32.39,28.56
ORD-2024-038308,2,PROD-004,1,20.28,19.52
ORD-2024-038309,1,PROD-032,1,19.72,19.68
ORD-2024-038309,2,PROD-015,3,26.76,79.45
ORD-2024-038309,3,PROD-004,1,20.28,19.96
ORD-2024-038310,1,PROD-004,2,20.28,34.44
ORD-2024-038311,1,PROD-004,1,20.28,17.28
ORD-2024-038311,2,PROD-044,1,40.85,39.02
ORD-2024-038312,1,PROD-004,1,20.28,16.51
ORD-2024-038313,1,PROD-013,2,11.9,22.86
ORD-2024-038314,1,PROD-006,1,32.39,27.76
ORD-2024-038315,1,PROD-026,1,14.65,12.35
ORD-2024-038315,2,PROD-022,1,9.01,7.15
ORD-2024-038315,3,PROD-002,3,11.9,29.35
ORD-2024-038316,1,PROD-012,1,18.5,18.03
ORD-2024-038316,2,PROD-032,1,19.72,19.02
ORD-2024-038316,3,PROD-041,4,11.83,46.36
ORD-2024-038317,1,PROD-003,2,14.37,26.61
ORD-2024-038317,2,PROD-011,3,14.9,35.65
ORD-2024-038318,1,PROD-010,1,38.03,22.41
ORD-2024-038319,1,PROD-027,1,21.13,17.02
ORD-2024-038320,1,PROD-040,1,15.21,13.77
ORD-2024-038321,1,PROD-004,2,20.28,38.48
ORD-2024-038321,2,PROD-032,3,19.72,57.92
ORD-2024-038321,3,PROD-037,1,9.86,9.51
ORD-2024-038322,1,PROD-024,1,8.73,7.39
ORD-2024-038322,2,PROD-004,3,20.28,50.95
ORD-2024-038323,1,PROD-001,1,12.9,10.13
ORD-2024-038324,1,PROD-003,1,14.37,10.9
ORD-2024-038324,2,PROD-004,1,20.28,18.81
ORD-2024-038324,3,PROD-038,2,7.89,13.15
ORD-2024-038325,1,PROD-002,1,11.9,11.66
ORD-2024-038326,1,PROD-004,3,20.28,58.06
ORD-2024-038327,1,PROD-007,2,17.18,26.31
ORD-2024-038328,1,PROD-002,1,11.9,11.69
ORD-2024-038329,1,PROD-036,2,11.55,21.94
ORD-2024-038329,2,PROD-004,1,20.28,19.88
ORD-2024-038330,1,PROD-005,1,20.28,18.1
ORD-2024-038331,1,PROD-052,1,46.48,44.87
ORD-2024-038332,1,PROD-035,4,10.14,31.78
ORD-2024-038333,1,PROD-035,1,10.14,6.96
ORD-2024-038333,2,PROD-032,2,19.72,28.44
ORD-2024-038333,3,PROD-026,1,14.65,12.57
ORD-2024-038334,1,PROD-001,2,12.9,23.56
ORD-2024-038335,1,PROD-034,2,9.01,
ORD-2024-038336,1,PROD-060,1,42.25,41.82
ORD-2024-038337,1,PROD-005,1,20.28,16.38
ORD-2024-038338,1,PROD-002,1,11.9,11.35
ORD-2024-038338,2,PROD-034,2,9.01,17.14
ORD-2024-038339,1,PROD-034,3,9.01,25.02
ORD-2024-038340,1,PROD-033,2,52.11,100.13
ORD-2024-038341,1,PROD-002,1,11.9,11.73
ORD-2024-038342,1,PROD-002,2,11.9,23.46
ORD-2024-038343,1,PROD-023,1,7.89,5.88
ORD-2024-038343,2,PROD-003,2,14.37,24.47
ORD-2024-038344,1,PROD-004,2,20.28,37.38
ORD-2024-038345,1,PROD-027,1,21.13,19.86
ORD-2024-038345,2,PROD-001,1,12.9,12.16
ORD-2024-038346,1,PROD-012,2,18.5,34.82
ORD-2024-038346,2,PROD-044,1,40.85,35.07
ORD-2024-038347,1,PROD-002,1,11.9,11.66
ORD-2024-038348,1,PROD-038,4,7.89,30.58
ORD-2024-038349,1,PROD-053,1,53.52,26.1
ORD-2024-038349,2,PROD-022,2,9.01,13.09
ORD-2024-038350,1,PROD-011,1,14.9,12.54
ORD-2024-038351,1,PROD-003,2,14.37,25.94
ORD-2024-038351,2,PROD-002,1,11.9,10.91
ORD-2024-038352,1,PROD-025,1,21.97,20.06
ORD-2024-038352,2,PROD-041,2,11.83,18.4
ORD-2024-038353,1,PROD-004,1,20.28,9.45
ORD-2024-038353,2,PROD-036,3,11.55,16.36
ORD-2024-038354,1,PROD-005,2,20.28,39.56
ORD-2024-038355,1,PROD-041,1,11.83,11.62
ORD-2024-038356,1,PROD-036,3,11.55,30.05
ORD-2024-038356,2,PROD-032,2,19.72,24.78
ORD-2024-038357,1,PROD-036,2,11.55,18.0
ORD-2024-038357,2, PROD-010 ,3,38.03,77.78
ORD-2024-038357,3,PROD-032,3,19.72,28.92
ORD-2024-038358,1,PROD-003,2,14.37,19.62
ORD-2024-038358,2,PROD-004,1,20.28,19.24
ORD-2024-038358,3,PROD-002,1,11.9,10.4
ORD-2024-038358,4,PROD-027,2,21.13,30.14
ORD-2024-038359,1,PROD-007,3,17.18,42.36
ORD-2024-038360,1,PROD-039,2,8.17,15.8
ORD-2024-038361,1,PROD-028,1,17.18,17.01
ORD-2024-038362,1,PROD-014,2,9.9,15.09
ORD-2024-038363,1,PROD-003,1,14.37,11.46
ORD-2024-038363,2,PROD-012,3,18.5,48.81
ORD-2024-038364,1,PROD-005,1,20.28,19.97
ORD-2024-038365,1,PROD-003,2,14.37,26.9
ORD-2024-038365,2,PROD-050,1,61.97,55.33
ORD-2024-038365,3,PROD-002,2,11.9,23.35
ORD-2024-038365,4,PROD-005,1,20.28,19.72
ORD-2024-038366,1,PROD-004,1,20.28,18.52
ORD-2024-038367,1,PROD-032,2,19.72,26.01
ORD-2024-038367,2,PROD-002,1,11.9,9.71
ORD-2024-038367,3,PROD-037,1,9.86,7.78
ORD-2024-038368,1,PROD-004,3,20.28,59.9
ORD-2024-038369,1,PROD-032,2,19.72,21.73
ORD-2024-038369,2,PROD-010,2,38.03,65.91
ORD-2024-038370,1,PROD-001,3,12.9,37.36
ORD-2024-038371,1,PROD-020,1,10.14,9.57
ORD-2024-038372,1,PROD-008,1,9.9,9.15
ORD-2024-038372,2,PROD-047,1,108.45,102.81
ORD-2024-038373,1,PROD-020,1,10.14,8.67
ORD-2024-038373,2,PROD-013,2,11.9,21.53
ORD-2024-038374,1,PROD-005,2,20.28,36.07
ORD-2024-038374,2,PROD-040,1,15.21,14.24
ORD-2024-038375,1,PROD-011,2,14.9,22.03
ORD-2024-038376,1,PROD-012,1,18.5,10.3
ORD-2024-038377,1,PROD-010,1,38.03,32.61
ORD-2024-038378,1,PROD-040,1,15.21,14.51
ORD-2024-038379,1,PROD-006,1,32.39,28.67
ORD-2024-038379,2,PROD-002,1,11.9,10.77
ORD-2024-038380,1,PROD-024,2,8.73,12.68
ORD-2024-038381,1,PROD-003,2,14.37,26.94
ORD-2024-038381,2,PROD-005,1,20.28,17.4
ORD-2024-038382,1,PROD-004,2,20.28,39.1
ORD-2024-038383,1,PROD-001,3,12.9,37.52
ORD-2024-038384,1,PROD-004,1,20.28,16.44
ORD-2024-038384,2,PROD-010,1,38.03,33.2
ORD-2024-038385,1,PROD-034,2,9.01,17.32
ORD-2024-038386,1,PROD-015,2,26.76,46.56
ORD-2024-038387,1,PROD-037,2,9.86,19.44
ORD-2024-038388,1,PROD-006,3,32.39,87.27
ORD-2024-038389,1,PROD-020,1,10.14,8.34
ORD-2024-038390,1,PROD-005,2,20.28,36.87
ORD-2024-038391,1,PROD-007,2,17.18,29.39
ORD-2024-038391,2,PROD-002,1,11.9,11.1
ORD-2024-038392,1,PROD-035,2,10.14,9.13
ORD-2024-038393,1,PROD-044,1,40.85,40.76
ORD-2024-038393,2,PROD-002,1,11.9,11.45
ORD-2024-038393,3,PROD-003,1,14.37,14.2
ORD-2024-038394,1,PROD-020,1,10.14,8.19
ORD-2024-038395,1,PROD-006,1,32.39,30.81
ORD-2024-038396,1,PROD-027,1,21.13,19.84
ORD-2024-038397,1,PROD-023,1,7.89,7.71
ORD-2024-038397,2,PROD-049,1,80.28,74.89
ORD-2024-038398,1,PROD-005,3,20.28,46.07
ORD-2024-038398,2,PROD-004,3,20.28,36.31
ORD-2024-038398,3,PROD-017,1,12.5,8.21
ORD-2024-038399,1,PROD-020,1,10.14,9.3
ORD-2024-038400,1,PROD-032,1,19.72,17.07
ORD-2024-038401,1,PROD-008,2,9.9,17.63
ORD-2024-038402,1,PROD-012,1,18.5,16.68
ORD-2024-038402,2,PROD-032,3,19.72,53.7
ORD-2024-038403,1,PROD-007,3,17.18,33.24
ORD-2024-038403,2,PROD-038,1,7.89,7.64
 ORD-2024-038404 ,1,PROD-010,2,38.03,75.1
ORD-2024-038405,1,PROD-021,2,15.49,29.51
ORD-2024-038405,2,PROD-023,1,7.89,6.11
ORD-2024-038405,3,PROD-032,2,19.72,37.44
ORD-2024-038405,4,PROD-042,1,73.24,59.2
ORD-2024-038405,5,PROD-002,2,11.9,19.87
ORD-2024-038406,1,PROD-006,1,32.39,27.94
ORD-2024-038407,1,PROD-040,2,15.21,29.18
ORD-2024-038408,1,PROD-004,1,20.28,19.84
ORD-2024-038409,1,PROD-048,1,55.77,44.62
ORD-2024-038410,1,PROD-001,1,12.9,6.57
ORD-2024-038410,2,PROD-011,1,14.9,12.33
ORD-2024-038411,1,PROD-003,2,14.37,21.38
ORD-2024-038411,2,PROD-038,2,7.89,8.33
ORD-2024-038412,1,PROD-040,2,15.21,20.03
ORD-2024-038413,1,PROD-038,1,7.89,7.76
ORD-2024-038414,1,PROD-007,1,17.18,15.36
ORD-2024-038415,1,PROD-004,1,20.28,16.34
ORD-2024-038415,2,PROD-045,1,72.68,54.08
ORD-2024-038416,1,PROD-034,4,9.01,35.65
ORD-2024-038417,1,PROD-034,1,9.01,7.38
ORD-2024-038418,1,PROD-001,1,12.9,12.19
ORD-2024-038418,2,PROD-021,1,15.49,14.7
ORD-2024-038419,1,PROD-020,1,10.14,8.95
ORD-2024-038419,2,PROD-023,1,7.89,5.77
ORD-2024-038420,1,PROD-005,1,20.28,18.58
ORD-2024-038421,1,PROD-006,1,32.39,28.39
ORD-2024-038422,1,PROD-001,1,12.9,9.65
ORD-2024-038423,1,PROD-007,1,17.18,16.26
ORD-2024-038424,1,PROD-008,2,9.9,19.11
ORD-2024-038424,2,PROD-033,2,52.11,93.96
ORD-2024-038424,3,PROD-010,3,38.03,110.17
ORD-2024-038425,1,PROD-036,1,11.55,9.56
ORD-2024-038425,2,PROD-001,1,12.9,9.69
ORD-2024-038426,1,PROD-005,1,20.28,19.2
ORD-2024-038426,2,PROD-001,1,12.9,12.24
ORD-2024-038426,3,PROD-036,2,11.55,19.73
ORD-2024-038427,1,PROD-010,1,38.03,34.89
ORD-2024-038428,1,PROD-030,1,49.3,46.98
ORD-2024-038428,2,PROD-028,1,17.18,16.52
ORD-2024-038429,1,PROD-004,2,20.28,32.16
ORD-2024-038429,2,PROD-006,1,32.39,28.1
ORD-2024-038430,1,PROD-039,1,8.17,7.2
ORD-2024-038430,2,PROD-007,3,17.18,47.4
ORD-2024-038431,1,PROD-024,2,8.73,16.27
ORD-2024-038431,2,PROD-001,1,12.9,11.93
ORD-2024-038432,1,PROD-003,3,14.37,41.73
ORD-2024-038432,2,PROD-001,1,12.9,12.77
ORD-2024-038433,1,PROD-003,1,14.37,13.64
ORD-2024-038434,1,PROD-002,1,11.9,11.48
ORD-2024-038435,1,PROD-001,2,12.9,23.99
ORD-2024-038436,1,PROD-008,1,9.9,9.25
ORD-2024-038436,2,PROD-003,1,14.37,13.65
ORD-2024-038436,3,PROD-023,2,7.89,15.11
ORD-2024-038437,1,PROD-004,1,20.28,20.02
ORD-2024-038438,1,PROD-032,1,19.72,17.91
ORD-2024-038439,1,PROD-006,2,32.39,63.32
ORD-2024-038439,2,PROD-020,1,10.14,8.05
ORD-2024-038440,1,PROD-041,4,11.83,42.2
ORD-2024-038440,2,PROD-001,1,12.9,11.62
ORD-2024-038441,1,PROD-005,3,20.28,54.71
ORD-2024-038441,2,PROD-041,3,11.83,27.04
ORD-2024-038441,3,PROD-011,2,14.9,16.57
ORD-2024-038442,1,PROD-004,1,20.28,19.59
ORD-2024-038442,2,PROD-052,1,46.48,45.05
ORD-2024-038443,1,PROD-001,3,12.9,37.5
ORD-2024-038443,2,PROD-027,2,21.13,42.09
ORD-2024-038444,1,PROD-001,3,12.9,34.43
ORD-2024-038444,2,PROD-033,3,52.11,147.61
ORD-2024-038444,3,PROD-013,2,11.9,22.58
ORD-2024-038445,1,PROD-022,1,9.01,6.61
ORD-2024-038446,1,PROD-007,2,17.18,32.42
ORD-2024-038447,1,PROD-029,1,24.79,20.51
ORD-2024-038448,1,PROD-003,1,14.37,13.37
ORD-2024-038449,1,PROD-004,1,20.28,18.99
ORD-2024-038450,1,PROD-004,3,20.28,58.19
ORD-2024-038451,1,PROD-031,1,53.52,53.3
ORD-2024-038452,1,PROD-002,1,11.9,11.63
ORD-2024-038453,1,PROD-005,1,20.28,18.83
ORD-2024-038454,1,PROD-041,4,11.83,46.66
ORD-2024-038455,1,PROD-024,1,8.73,8.45
ORD-2024-038456,1,PROD-029,2,24.79,48.83
ORD-2024-038456,2,PROD-026,1,14.65,13.91
ORD-2024-038457,1,PROD-032,1,19.72,18.01
ORD-2024-038457,2,PROD-036,1,11.55,11.43
ORD-2024-038457,3,PROD-001,1,12.9,12.13
ORD-2024-038457,4,PROD-059,1,52.11,51.56
ORD-2024-038457,5,PROD-040,1,15.21,14.4
ORD-2024-038458,1,PROD-028,1,17.18,16.25
ORD-2024-038458,2,PROD-026,1,14.65,12.46
ORD-2024-038459,1,PROD-004,1,20.28,17.83
ORD-2024-038460,1,PROD-007,1,17.18,16.82
ORD-2024-038460,2,PROD-003,1,14.37,13.88
ORD-2024-038461,1,PROD-007,3,17.18,34.71
ORD-2024-038461,2,PROD-023,1,7.89,3.55
ORD-2024-038462,1,PROD-022,1,9.01,8.23
ORD-2024-038463,1,PROD-027,1,21.13,19.59
ORD-2024-038463,2,PROD-019,2,29.58,54.62
ORD-2024-038463,3,PROD-001,2,12.9,22.18
ORD-2024-038464,1,PROD-005,1,20.28,19.48
ORD-2024-038465,1,PROD-003,1,14.37,13.9
ORD-2024-038465,2,PROD-036,3,11.55,24.0
ORD-2024-038465,3,PROD-038,2,7.89,13.33
ORD-2024-038466,1,PROD-006,1,32.39,31.27
ORD-2024-038466,2,PROD-036,1,11.55,10.91
ORD-2024-038467,1,PROD-010,1,38.03,36.16
ORD-2024-038467,2,PROD-032,3,19.72,56.99
ORD-2024-038468,1,PROD-011,1,14.9,11.44
ORD-2024-038469,1,PROD-035,3,10.14,14.32
ORD-2024-038470,1,PROD-002,2,11.9,13.15
ORD-2024-038471,1,PROD-036,2,11.55,21.0
ORD-2024-038472,1,PROD-006,2,32.39,60.87
ORD-2024-038472,2,PROD-005,1,20.28,19.36
ORD-2024-038473,1,PROD-001,2,12.9,24.0
ORD-2024-038473,2,PROD-007,2,17.18,33.11
ORD-2024-038474,1,PROD-032,2,19.72,34.14
ORD-2024-038475,1,PROD-027,1,21.13,16.82
ORD-2024-038476,1,PROD-019,1,29.58,28.1
ORD-2024-038477,1,PROD-004,1,20.28,19.83
ORD-2024-038478,1,PROD-008,1,9.9,8.44
ORD-2024-038479,1,PROD-003,1,14.37,12.75
ORD-2024-038480,1,PROD-001,1,12.9,11.89
ORD-2024-038480,2,PROD-005,1,20.28,20.03
ORD-2024-038481,1,PROD-001,1,12.9,12.29
ORD-2024-038481,2,PROD-026,2,14.65,28.96
ORD-2024-038482,1,PROD-013,2,11.9,21.09
ORD-2024-038482,2,PROD-037,2,9.86,17.87
ORD-2024-038483,1,PROD-036,2,11.55,19.7
ORD-2024-038483,2,PROD-001,1,12.9,10.97
ORD-2024-038484,1,PROD-022,2,9.01,14.5
ORD-2024-038484,2,PROD-026,1,14.65,13.88
ORD-2024-038485,1,PROD-007,2,17.18,32.57
ORD-2024-038485,2,PROD-035,1,10.14,9.38
ORD-2024-038485,3,PROD-041,2,11.83,21.0
ORD-2024-038485,4,PROD-036,2,11.55,21.06
ORD-2024-038486,1,PROD-050,1,61.97,59.23
ORD-2024-038486,2,PROD-004,2,20.28,35.33
ORD-2024-038487,1,PROD-022,1,9.01,8.92
ORD-2024-038488,1,PROD-006,1,32.39,28.66
ORD-2024-038489,1,PROD-024,1,8.73,8.02
ORD-2024-038489,2,PROD-022,1,9.01,7.56
ORD-2024-038489,3,PROD-002,1,11.9,9.38
ORD-2024-038490,1,PROD-037,1,9.86,9.52
ORD-2024-038490,2,PROD-001,2,12.9,22.51
ORD-2024-038490,3,PROD-007,1,17.18,15.14
ORD-2024-038491,1,PROD-005,1,20.28,16.37
ORD-2024-038492,1,PROD-013,2,11.9,22.11
ORD-2024-038493,1,PROD-003,1,14.37,13.57
ORD-2024-038494,1,PROD-020,1,10.14,6.9
ORD-2024-038495,1,PROD-001,1,12.9,12.69
ORD-2024-038495,2,PROD-034,2,9.01,17.67
ORD-2024-038496,1,PROD-005,1,20.28,19.82
ORD-2024-038497,1,PROD-021,1,15.49,15.15
ORD-2024-038497,2,PROD-010,1,38.03,37.1
ORD-2024-038498,1,PROD-004,2,20.28,40.34
ORD-2024-038498,2,PROD-006,1,32.39,31.55
ORD-2024-038499,1,PROD-010,2,38.03,70.75
ORD-2024-038500,1,PROD-013,1,11.9,11.51
ORD-2024-038500,2,PROD-005,1,20.28,19.77
ORD-2024-038500,3,PROD-003,2,14.37,23.97
ORD-2024-038501,1,PROD-004,1,20.28,18.63
ORD-2024-038502,1,PROD-002,1,11.9,10.23
ORD-2024-038503,1,PROD-034,1,9.01,8.62
ORD-2024-038504,1,PROD-007,1,17.18,15.44
ORD-2024-038505,1,PROD-001,1,12.9,12.43
ORD-2024-038505,2,PROD-032,3,19.72,56.29
ORD-2024-038505,3,PROD-002,2,11.9,23.52
ORD-2024-038506,1,PROD-006,1,32.39,31.76
ORD-2024-038506,2,PROD-010,1,38.03,34.06
ORD-2024-038507,1,PROD-044,1,40.85,37.49
ORD-2024-038508,1,PROD-005,1,20.28,20.08
ORD-2024-038508,2,PROD-022,2,9.01,16.24
ORD-2024-038508,3,PROD-034,3,9.01,25.06
ORD-2024-038509,1,PROD-005,3,20.28,58.54
ORD-2024-038509,2,PROD-034,3,9.01,24.24
ORD-2024-038509,3,PROD-050,1,61.97,54.2
ORD-2024-038510,1,PROD-021,1,15.49,13.61
ORD-2024-038511,1,PROD-002,2,11.9,19.64
ORD-2024-038511,2,PROD-038,3,7.89,18.98
ORD-2024-038512,1,PROD-004,3,20.28,51.74
ORD-2024-038513,1,PROD-008,2,9.9,16.41
ORD-2024-038514,1,PROD-005,1,20.28,16.91
ORD-2024-038515,1,PROD-026,2,14.65,24.36
ORD-2024-038516,1,PROD-007,2,17.18,33.61
ORD-2024-038517,1,PROD-004,2,20.28,37.85
ORD-2024-038518,1,PROD-022,1,9.01,8.23
ORD-2024-038519,1,PROD-007,1,17.18,16.58
ORD-2024-038519,2,PROD-005,1,20.28,20.21
ORD-2024-038520,1,PROD-035,1,10.14,9.85
ORD-2024-038521,1,PROD-039,2,8.17,13.34
ORD-2024-038521,2,PROD-004,1,20.28,17.67
ORD-2024-038521,3,PROD-035,2,10.14,18.3
ORD-2024-038521,4,PROD-052,1,46.48,43.46
ORD-2024-038522,1,PROD-003,1,14.37,13.53
ORD-2024-038523,1,PROD-012,1,18.5,15.22
ORD-2024-038524,1,PROD-051,1,36.06,25.37
ORD-2024-038525,1,PROD-032,2,19.72,36.64
ORD-2024-038526,1,PROD-030,2,49.3,89.9
ORD-2024-038527,1,PROD-005,1,20.28,19.13
ORD-2024-038528,1,PROD-037,2,9.86,19.18
ORD-2024-038528,2,PROD-034,2,9.01,16.26
ORD-2024-038529,1,PROD-035,1,10.14,10.07
ORD-2024-038530,1,PROD-007,2,17.18,33.35
ORD-2024-038531,1,PROD-035,1,10.14,10.03
ORD-2024-038531,2,PROD-038,3,7.89,23.56
ORD-2024-038532,1,PROD-016,1,8.9,8.85
ORD-2024-038532,2,PROD-036,2,11.55,22.35
ORD-2024-038532,3,PROD-047,1,108.45,93.83
ORD-2024-038533,1,PROD-004,1,20.28,20.25
ORD-2024-038534,1,PROD-005,1,20.28,18.9
ORD-2024-038535,1,PROD-028,1,17.18,14.7
ORD-2024-038536,1,PROD-017,2,12.5,19.64
ORD-2024-038536,2,PROD-004,1,20.28,15.89
ORD-2024-038536,3,PROD-012,1,18.5,17.8
ORD-2024-038537,1,PROD-035,2,10.14,19.83
ORD-2024-038537,2,PROD-005,1,20.28,18.29
ORD-2024-038538,1,PROD-005,2,20.28,38.01
ORD-2024-038538,2,PROD-031,1,53.52,46.83
ORD-2024-038539,1,PROD-004,2,20.28,38.96
ORD-2024-038539,2,PROD-023,1,7.89,4.81
ORD-2024-038540,1,PROD-006,1,32.39,31.24
ORD-2024-038540,2,PROD-038,1,7.89,7.68
ORD-2024-038541,1,PROD-006,3,32.39,92.99
ORD-2024-038542,1,PROD-023,1,7.89,5.62
ORD-2024-038543,1,PROD-006,1,32.39,23.13
ORD-2024-038544,1,PROD-005,1,20.28,18.8
ORD-2024-038545,1,PROD-024,1,8.73,8.01
ORD-2024-038545,2,PROD-023,1,7.89,7.53
ORD-2024-038545,3,PROD-032,1,19.72,15.59
ORD-2024-038546,1,PROD-004,1,20.28,19.86
ORD-2024-038546,2,PROD-041,1,11.83,11.28
ORD-2024-038547,1,PROD-004,1,20.28,18.69
ORD-2024-038548,1,PROD-003,1,14.37,13.22
ORD-2024-038549,1,PROD-005,1,20.28,15.06
ORD-2024-038550,1,PROD-019,3,29.58,88.41
ORD-2024-038550,2,PROD-032,2,19.72,39.06
ORD-2024-038550,3,PROD-017,3,12.5,36.15
ORD-2024-038550,4,PROD-053,1,53.52,53.07
ORD-2024-038550,5,PROD-005,1,20.28,19.99
ORD-2024-038551,1,PROD-023,1,7.89,7.08
ORD-2024-038552,1,PROD-004,1,20.28,19.84
ORD-2024-038553,1,PROD-008,1,9.9,9.2
ORD-2024-038553,2,PROD-039,3,8.17,23.95
ORD-2024-038554,1,PROD-040,3,15.21,44.92
ORD-2024-038554,2,PROD-037,3,9.86,27.87
ORD-2024-038554,3,PROD-008,1,9.9,9.19
ORD-2024-038555,1,PROD-006,1,32.39,32.22
ORD-2024-038556,1,PROD-006,2,32.39,61.69
ORD-2024-038557,1,PROD-003,2,14.37,24.28
ORD-2024-038558,1,PROD-007,2,17.18,31.86
ORD-2024-038558,2,PROD-008,1,9.9,8.98
ORD-2024-038559,1,PROD-004,3,20.28,54.0
ORD-2024-038559,2,PROD-034,2,9.01,15.71
ORD-2024-038559,3,PROD-006,1,32.39,27.06
ORD-2024-038559,4,PROD-005,2,20.28,39.16
ORD-2024-038560,1,PROD-004,2,20.28,40.17
ORD-2024-038561,1,PROD-008,1,9.9,8.54
ORD-2024-038562,1,PROD-010,1,38.03,32.6
ORD-2024-038563,1,PROD-004,2,20.28,38.12
ORD-2024-038563,2,PROD-005,1,20.28,17.64
ORD-2024-038564,1,PROD-031,1,53.52,51.36
ORD-2024-038564,2,PROD-029,1,24.79,22.75
ORD-2024-038565,1,PROD-001,1,12.9,12.45
ORD-2024-038566,1,PROD-006,3,32.39,92.06
ORD-2024-038566,2,PROD-001,2,12.9,18.47
ORD-2024-038566,3,PROD-005,1,20.28,19.16
ORD-2024-038567,1,PROD-006,1,32.39,27.73
ORD-2024-038568,1,PROD-028,1,17.18,16.7
ORD-2024-038568,2,PROD-036,2,11.55,21.26
ORD-2024-038569,1,PROD-002,1,11.9,11.61
ORD-2024-038569,2,PROD-004,1,20.28,20.09
ORD-2024-038570,1,PROD-007,1,17.18,16.83
ORD-2024-038571,1,PROD-013,3,11.9,29.21
ORD-2024-038572,1,PROD-006,1,32.39,29.67
ORD-2024-038573,1,PROD-005,2,20.28,36.37
ORD-2024-038573,2,PROD-038,1,7.89,7.38
ORD-2024-038573,3,PROD-027,1,21.13,19.14
ORD-2024-038573,4,PROD-032,1,19.72,16.11
ORD-2024-038574,1,PROD-003,2,14.37,27.31
ORD-2024-038575,1,PROD-046,1,259.15,250.96
ORD-2024-038575,2,PROD-014,2,9.9,17.13
ORD-2024-038576,1,PROD-047,1,108.45,97.33
ORD-2024-038577,1,PROD-012,2,18.5,31.02
ORD-2024-038578,1,PROD-004,1,20.28,19.99
ORD-2024-038578,2,PROD-002,2,11.9,23.21
ORD-2024-038579,1,PROD-004,2,20.28,33.7
ORD-2024-038580,1,PROD-005,1,20.28,19.4
ORD-2024-038580,2,PROD-013,1,11.9,11.52
ORD-2024-038580,3,PROD-037,1,9.86,9.65
ORD-2024-038581,1,PROD-032,2,19.72,38.61
ORD-2024-038581,2,PROD-053,1,53.52,48.06
ORD-2024-038582,1,PROD-003,2,14.37,12.93
ORD-2024-038582,2,PROD-001,2,12.9,21.31
ORD-2024-038582,3,PROD-037,2,9.86,17.79
ORD-2024-038583,1,PROD-004,1,20.28,18.22
ORD-2024-038583,2,PROD-027,2,21.13,37.6
ORD-2024-038584,1,PROD-027,1,21.13,19.56
ORD-2024-038584,2,PROD-048,1,55.77,54.29
ORD-2024-038584,3,PROD-035,2,10.14,19.61
ORD-2024-038585,1,PROD-016,2,8.9,16.78
ORD-2024-038586,1,PROD-010,1,38.03,35.75
ORD-2024-038586,2,PROD-044,1,40.85,39.75
ORD-2024-038587,1,PROD-001,2,12.9,23.04
ORD-2024-038587,2,PROD-032,2,19.72,28.93
ORD-2024-038588,1,PROD-007,3,17.18,43.58
ORD-2024-038589,1,PROD-051,2,36.06,66.86
ORD-2024-038590,1,PROD-002,2,11.9,10.71
ORD-2024-038591,1,PROD-001,2,12.9,20.38
ORD-2024-038592,1,PROD-030,1,49.3,47.37
ORD-2024-038593,1,PROD-041,4,11.83,42.68
ORD-2024-038593,2,PROD-058,1,39.44,35.74
ORD-2024-038594,1,PROD-004,1,20.28,12.73
ORD-2024-038594,2,PROD-006,1,32.39,22.13
ORD-2024-038595,1,PROD-001,2,12.9,18.56
ORD-2024-038595,2,PROD-004,1,20.28,19.32
ORD-2024-038596,1,PROD-011,2,14.9,27.09
ORD-2024-038596,2,PROD-001,1,12.9,11.41
ORD-2024-038596,3,PROD-006,1,32.39,30.69
ORD-2024-038597,1,PROD-040,1,15.21,14.89
ORD-2024-038598,1,PROD-025,1,21.97,19.72
ORD-2024-038598,2,PROD-038,2,7.89,14.92
ORD-2024-038599,1,PROD-007,1,17.18,14.58
ORD-2024-038599,2,PROD-050,1,61.97,56.98
ORD-2024-038599,3,PROD-012,1,18.5,15.19
ORD-2024-038600,1,PROD-004,3,20.28,55.97
ORD-2024-038601,1,PROD-014,2,9.9,18.57
ORD-2024-038602,1,PROD-044,1,40.85,39.56
ORD-2024-038602,2,PROD-006,2,32.39,62.89
ORD-2024-038603,1,PROD-001,1,12.9,12.69
ORD-2024-038604,1,PROD-007,1,17.18,15.93
ORD-2024-038604,2,PROD-004,1,20.28,16.48
ORD-2024-038605,1,PROD-008,2,9.9,14.35
ORD-2024-038605,2,PROD-004,3,20.28,49.18
ORD-2024-038606,1,PROD-004,1,20.28,18.72
ORD-2024-038606,2,PROD-001,2,12.9,23.1
ORD-2024-038607,1,PROD-008,1,9.9,9.54
ORD-2024-038607,2,PROD-001,1,12.9,10.74
ORD-2024-038608,1,PROD-006,1,32.39,31.65
ORD-2024-038609,1,PROD-001,1,12.9,11.23
ORD-2024-038609,2,PROD-040,2,15.21,26.62
ORD-2024-038610,1,PROD-001,1,12.9,12.45
ORD-2024-038611,1,PROD-028,1,17.18,16.5
ORD-2024-038612,1,PROD-041,1,11.83,9.64
ORD-2024-038612,2,PROD-027,1,21.13,20.65
ORD-2024-038612,3,PROD-038,1,7.89,7.28
ORD-2024-038613,1,PROD-010,3,38.03,100.15
ORD-2024-038614,1,PROD-002,1,11.9,9.09
ORD-2024-038615,1,PROD-007,1,17.18,15.77
ORD-2024-038616,1,PROD-031,1,53.52,50.81
ORD-2024-038617,1,PROD-015,1,26.76,25.02
ORD-2024-038617,2,PROD-025,2,21.97,42.05
ORD-2024-038618,1,PROD-028,1,17.18,14.97
ORD-2024-038619,1,PROD-004,1,20.28,18.65
ORD-2024-038619,2,PROD-010,2,38.03,69.54
ORD-2024-038620,1,PROD-001,1,12.9,12.25
ORD-2024-038621,1,PROD-002,1,11.9,10.39
ORD-2024-038622,1,PROD-005,1,20.28,19.98
ORD-2024-038622,2,PROD-004,1,20.28,19.55
ORD-2024-038623,1,PROD-006,1,32.39,25.66
ORD-2024-038624,1,PROD-027,1,21.13,19.13
ORD-2024-038625,1,PROD-003,2,14.37,22.96
ORD-2024-038626,1,PROD-019,2,29.58,58.93
ORD-2024-038627,1,PROD-025,1,21.97,21.12
ORD-2024-038628,1,PROD-002,1,11.9,11.14
ORD-2024-038629,1,PROD-053,1,53.52,45.83
ORD-2024-038630,1,PROD-001,1,12.9,12.71
ORD-2024-038630,2,PROD-005,1,20.28,19.1
ORD-2024-038631,1,PROD-036,1,11.55,10.01
ORD-2024-038632,1,PROD-026,2,14.65,23.46
ORD-2024-038633,1,PROD-004,1,20.28,18.35
ORD-2024-038634,1,PROD-022,1,9.01,8.0
ORD-2024-038634,2,PROD-013,1,11.9,11.52
ORD-2024-038635,1,PROD-020,1,10.14,8.95
ORD-2024-038635,2,PROD-012,3,18.5,52.78
ORD-2024-038635,3,PROD-007,2,17.18,32.65
ORD-2024-038635,4,PROD-005,1,20.28,19.76
ORD-2024-038636,1,PROD-003,1,14.37,10.52
ORD-2024-038637,1,PROD-002,1,11.9,11.35
ORD-2024-038637,2,PROD-004,1,20.28,18.99
ORD-2024-038638,1,PROD-001,1,12.9,11.78
ORD-2024-038639,1,PROD-006,1,32.39,27.3
ORD-2024-038640,1,PROD-001,2,12.9,23.74
ORD-2024-038641,1,PROD-006,1,32.39,30.27
ORD-2024-038642,1,PROD-020,2,10.14,18.89
ORD-2024-038643,1,PROD-006,1,32.39,31.21
ORD-2024-038644,1,PROD-003,1,14.37,11.17
ORD-2024-038645,1,PROD-002,1,11.9,10.83
ORD-2024-038645,2,PROD-007,1,17.18,16.69
ORD-2024-038646,1,PROD-012,1,18.5,18.02
ORD-2024-038646,2,PROD-013,2,11.9,20.46
ORD-2024-038647,1,PROD-021,2,15.49,28.33
ORD-2024-038647,2,PROD-004,1,20.28,19.25
ORD-2024-038648,1,PROD-038,2,7.89,12.72
ORD-2024-038649,1,PROD-013,1,11.9,11.35
ORD-2024-038650,1,PROD-011,1,14.9,13.77
ORD-2024-038650,2,PROD-023,1,7.89,7.45
ORD-2024-038650,3,PROD-002,1,11.9,10.97
ORD-2024-038651,1,PROD-053,1,53.52,29.06
ORD-2024-038651,2,PROD-003,1,14.37,13.07
ORD-2024-038652,1,PROD-024,1,8.73,8.05
ORD-2024-038652,2,PROD-037,2,9.86,16.25
ORD-2024-038652,3,PROD-005,1,20.28,16.74
ORD-2024-038653,1,PROD-058,1,39.44,28.57
ORD-2024-038654,1,PROD-023,1,7.89,7.82
ORD-2024-038654,2,PROD-004,1,20.28,19.72
ORD-2024-038654,3,PROD-001,1,12.9,12.87
ORD-2024-038655,1,PROD-005,1,20.28,16.79
ORD-2024-038656,1,PROD-006,1,32.39,30.49
ORD-2024-038657,1,PROD-001,2,12.9,25.3
ORD-2024-038658,1,PROD-039,1,8.17,7.81
ORD-2024-038659,1,PROD-038,3,7.89,21.76
ORD-2024-038659,2,PROD-001,2,12.9,22.12
ORD-2024-038660,1,PROD-006,3,32.39,95.18
ORD-2024-038661,1,PROD-022,1,9.01,8.33
ORD-2024-038662,1,PROD-016,3,8.9,25.81
ORD-2024-038662,2,PROD-040,2,15.21,24.84
ORD-2024-038663,1,PROD-021,1,15.49,14.8
ORD-2024-038663,2,PROD-027,1,21.13,20.7
ORD-2024-038663,3,PROD-012,1,18.5,18.17
ORD-2024-038664,1,PROD-006,1,32.39,30.84
ORD-2024-038665,1,PROD-019,1,29.58,26.42
ORD-2024-038666,1,PROD-039,3,8.17,22.11
ORD-2024-038667,1,PROD-047,1,108.45,89.21
ORD-2024-038667,2,PROD-006,1,32.39,28.74
ORD-2024-038668,1,PROD-004,3,20.28,58.69
ORD-2024-038669,1,PROD-051,1,36.06,35.22
ORD-2024-038670,1,PROD-039,1,8.17,8.12
ORD-2024-038670,2,PROD-005,1,20.28,18.56
ORD-2024-038670,3,PROD-027,1,21.13,19.84
ORD-2024-038670,4,PROD-037,1,9.86,9.67
ORD-2024-038671,1,PROD-014,1,9.9,8.98
ORD-2024-038672,1,PROD-034,1,9.01,7.92
ORD-2024-038672,2,PROD-004,1,20.28,16.73
ORD-2024-038673,1,PROD-041,1,11.83,10.84
ORD-2024-038673,2,PROD-035,1,10.14,8.84
ORD-2024-038673,3,PROD-002,1,11.9,10.36
ORD-2024-038674,1,PROD-044,1,40.85,37.14
ORD-2024-038674,2,PROD-028,1,17.18,16.41
ORD-2024-038675,1,PROD-024,1,8.73,8.48
ORD-2024-038675,2,PROD-019,2,29.58,56.14
ORD-2024-038676,1,PROD-006,2,32.39,36.13
ORD-2024-038677,1,PROD-029,1,24.79,18.78
ORD-2024-038678,1,PROD-026,2,14.65,27.83
ORD-2024-038679,1,PROD-014,1,9.9,9.34
ORD-2024-038680,1,PROD-002,1,11.9,11.58
ORD-2024-038681,1,PROD-002,2,11.9,23.38
ORD-2024-038682,1,PROD-004,1,20.28,11.73
ORD-2024-038683,1,PROD-001,3,12.9,37.87
ORD-2024-038683,2,PROD-041,3,11.83,28.68
ORD-2024-038683,3,PROD-005,1,20.28,19.53
ORD-2024-038684,1,PROD-021,1,15.49,14.01
ORD-2024-038685,1,PROD-022,1,9.01,8.16
ORD-2024-038686,1,PROD-015,2,26.76,51.2
ORD-2024-038687,1,PROD-039,2,8.17,13.56
ORD-2024-038688,1,PROD-036,2,11.55,19.29
ORD-2024-038689,1,PROD-055,1,74.65,67.6
ORD-2024-038690,1,PROD-010,1,38.03,34.19
ORD-2024-038690,2,PROD-041,3,11.83,33.29
ORD-2024-038690,3,PROD-050,2,61.97,117.52
ORD-2024-038690,4,PROD-022,1,9.01,8.9
ORD-2024-038691,1,PROD-004,1,20.28,19.64
ORD-2024-038691,2,PROD-001,3,12.9,37.9
ORD-2024-038691,3,PROD-006,1,32.39,31.66
ORD-2024-038692,1,PROD-001,1,12.9,11.43
ORD-2024-038692,2,PROD-003,1,14.37,11.63
ORD-2024-038692,3,PROD-002,1,11.9,11.79
ORD-2024-038693,1,PROD-004,2,20.28,38.66
ORD-2024-038694,1,PROD-049,1,80.28,78.56
ORD-2024-038694,2,PROD-003,1,14.37,13.76
ORD-2024-038695,1,PROD-006,1,32.39,22.68
ORD-2024-038696,1,PROD-008,1,9.9,9.48
ORD-2024-038697,1,PROD-008,1,9.9,9.26
ORD-2024-038698,1,PROD-003,2,14.37,26.66
ORD-2024-038699,1,PROD-037,3,9.86,27.69
ORD-2024-038699,2,PROD-032,2,19.72,38.34
ORD-2024-038699,3,PROD-004,1,20.28,19.65
ORD-2024-038699,4,PROD-010,2,38.03,72.13
ORD-2024-038700,1,PROD-030,2,49.3,88.6
ORD-2024-038701,1,PROD-003,2,14.37,22.22
ORD-2024-038702,1,PROD-011,1,14.9,14.66
ORD-2024-038702,2,PROD-001,1,12.9,12.39
ORD-2024-038703,1,PROD-006,1,32.39,28.27
ORD-2024-038704,1,PROD-003,1,14.37,13.39
ORD-2024-038705,1,PROD-005,1,20.28,18.6
ORD-2024-038706,1,PROD-021,1,15.49,14.47
ORD-2024-038706,2,PROD-031,1,53.52,45.81
ORD-2024-038706,3,PROD-049,2,80.28,145.58
ORD-2024-038707,1,PROD-008,2,9.9,16.61
ORD-2024-038707,2,PROD-034,1,9.01,8.97
ORD-2024-038707,3,PROD-007,2,17.18,33.52
ORD-2024-038708,1,PROD-041,2,11.83,21.1
ORD-2024-038708,2,PROD-003,1,14.37,13.59
ORD-2024-038709,1,PROD-004,2,20.28,34.4
ORD-2024-038710,1,PROD-036,1,11.55,10.91
ORD-2024-038710,2,PROD-023,1,7.89,7.61
ORD-2024-038710,3,PROD-040,1,15.21,14.73
ORD-2024-038711,1,PROD-007,1,17.18,14.62
ORD-2024-038712,1,PROD-002,2,11.9,23.46
ORD-2024-038712,2,PROD-034,1,9.01,8.51
ORD-2024-038713,1,PROD-031,1,53.52,41.99
ORD-2024-038714,1,PROD-005,1,20.28,17.61
ORD-2024-038715,1,PROD-030,1,49.3,46.77
ORD-2024-038716,1,PROD-056,1,101.41,93.72
ORD-2024-038717,1,PROD-010,1,38.03,36.16
ORD-2024-038717,2,PROD-002,2,11.9,23.41
ORD-2024-038718,1,PROD-006,1,32.39,29.28
ORD-2024-038718,2,PROD-013,2,11.9,23.23
ORD-2024-038719,1,PROD-025,2,21.97,40.89
ORD-2024-038719,2,PROD-005,2,20.28,39.23
ORD-2024-038719,3,PROD-006,1,32.39,27.09
ORD-2024-038719,4,PROD-001,1,12.9,10.83
ORD-2024-038720,1,PROD-003,3,14.37,41.86
ORD-2024-038720,2,PROD-041,3,11.83,35.2
ORD-2024-038721,1,PROD-049,1,80.28,78.31
ORD-2024-038721,2,PROD-002,1,11.9,11.46
ORD-2024-038722,1,PROD-029,1,24.79,22.85
ORD-2024-038722,2,PROD-042,1,73.24,70.96
ORD-2024-038723,1,PROD-002,2,11.9,23.58
ORD-2024-038724,1,PROD-026,1,14.65,14.37
ORD-2024-038725,1,PROD-003,1,14.37,14.32
ORD-2024-038725,2,PROD-010,1,38.03,37.81
ORD-2024-038726,1,PROD-033,1,52.11,49.05
ORD-2024-038727,1,PROD-027,1,21.13,12.12
ORD-2024-038728,1,PROD-026,1,14.65,13.37
ORD-2024-038728,2,PROD-020,1,10.14,6.23
ORD-2024-038729,1,PROD-020,1,10.14,9.23
ORD-2024-038730,1,PROD-030,1,49.3,47.67
ORD-2024-038730,2,PROD-020,1,10.14,9.93
ORD-2024-038731,1,PROD-027,1,21.13,18.89
ORD-2024-038731,2,PROD-001,2,12.9,21.3
ORD-2024-038732,1,PROD-010,1,38.03,36.06
ORD-2024-038733,1,PROD-012,1,18.5,14.27
ORD-2024-038734,1,PROD-035,1,10.14,9.05
ORD-2024-038734,2,PROD-004,2,20.28,-26.62
ORD-2024-038734,3,PROD-041,1,11.83,7.87
ORD-2024-038735,1,PROD-031,2,53.52,102.65
ORD-2024-038736,1,PROD-004,2,20.28,37.34
ORD-2024-038737,1,PROD-006,3,32.39,85.72
ORD-2024-038738,1,PROD-005,1,20.28,18.9
ORD-2024-038739,1,PROD-007,1,17.18,16.83
ORD-2024-038739,2,PROD-005,1,20.28,19.08
ORD-2024-038740,1,PROD-028,2,17.18,33.69
ORD-2024-038741,1,PROD-001,1,12.9,12.5
ORD-2024-038741,2,PROD-011,2,14.9,0.0
ORD-2024-038742,1,PROD-001,1,12.9,7.63
ORD-2024-038743,1,PROD-032,1,19.72,19.42
ORD-2024-038744,1,PROD-007,1,17.18,16.16
ORD-2024-038745,1,PROD-002,3,11.9,31.87
ORD-2024-038745,2,PROD-041,2,11.83,22.2
ORD-2024-038746,1,PROD-007,3,17.18,50.29
ORD-2024-038747,1,PROD-001,1,12.9,11.49
ORD-2024-038747,2,PROD-041,1,11.83,11.53
ORD-2024-038748,1,PROD-013,2,11.9,22.39
ORD-2024-038749,1,PROD-032,1,19.72,17.56
ORD-2024-038750,1,PROD-001,2,12.9,19.58
ORD-2024-038750,2,PROD-037,1,9.86,
ORD-2024-038750,3,PROD-035,2,10.14,17.36
ORD-2024-038751,1,PROD-048,1,55.77,53.07
ORD-2024-038752,1,PROD-005,1,20.28,19.17
ORD-2024-038753,1,PROD-045,1,72.68,
ORD-2024-038753,2,PROD-039,2,8.17,16.08
ORD-2024-038754,1,PROD-019,1,29.58,27.04
ORD-2024-038754,2,PROD-003,2,14.37,23.4
ORD-2024-038754,3,PROD-005,1,20.28,19.65
ORD-2024-038755,1,PROD-010,3,38.03,99.98
ORD-2024-038756,1,PROD-025,2,21.97,38.43
ORD-2024-038757,1,PROD-045,1,72.68,59.68
ORD-2024-038757,2,PROD-006,1,32.39,29.15
ORD-2024-038757,3,PROD-005,1,20.28,16.01
ORD-2024-038758,1,PROD-001,1,12.9,8.51
ORD-2024-038758,2,PROD-049,1,80.28,59.97
ORD-2024-038758,3,PROD-004,1,20.28,18.12
ORD-2024-038759,1,PROD-035,1,10.14,10.08
ORD-2024-038759,2,PROD-021,1,15.49,14.81
ORD-2024-038760,1,PROD-026,1,14.65,14.14
ORD-2024-038761,1,PROD-002,2,11.9,23.46
ORD-2024-038761,2,PROD-035,1,10.14,10.1
ORD-2024-038762,1,PROD-017,1,12.5,11.81
ORD-2024-038763,1,PROD-029,1,24.79,21.94
ORD-2024-038763,2,PROD-030,1,49.3,46.33
ORD-2024-038763,3,PROD-004,2,20.28,38.33
ORD-2024-038763,4,PROD-007,1,17.18,16.38
ORD-2024-038764,1,PROD-027,2,21.13,39.89
ORD-2024-038764,2,PROD-040,1,15.21,12.91
ORD-2024-038764,3,PROD-038,1,7.89,7.27
ORD-2024-038765,1,PROD-004,2,20.28,38.69
ORD-2024-038766,1,PROD-010,1,38.03,36.14
ORD-2024-038767,1,PROD-007,2,17.18,32.61
ORD-2024-038767,2,PROD-027,2,21.13,37.67
ORD-2024-038768,1,PROD-040,1,15.21,13.49
ORD-2024-038769,1,PROD-020,2,10.14,18.66
ORD-2024-038770,1,PROD-033,2,52.11,96.18
ORD-2024-038771,1,PROD-014,2,9.9,19.64
ORD-2024-038772,1,PROD-030,1,49.3,44.76
ORD-2024-038773,1,PROD-036,1,11.55,7.24
ORD-2024-038774,1,PROD-004,1,20.28,16.94
ORD-2024-038775,1,PROD-005,1,20.28,18.62
ORD-2024-038775,2,PROD-002,1,11.9,11.21
ORD-2024-038776,1,PROD-035,2,10.14,16.81
ORD-2024-038777,1,PROD-004,1,20.28,14.96
ORD-2024-038777,2,PROD-037,2,9.86,15.42
ORD-2024-038777,3,PROD-024,2,8.73,14.74
ORD-2024-038778,1,PROD-059,1,52.11,50.8
ORD-2024-038779,1,PROD-006,1,32.39,31.91
ORD-2024-038780,1,PROD-005,2,20.28,39.13
ORD-2024-038780,2,PROD-007,1,17.18,16.79
ORD-2024-038781,1,PROD-005,1,20.28,18.46
ORD-2024-038781,2,PROD-006,1,32.39,31.36
ORD-2024-038781,3,PROD-003,3,14.37,41.52
ORD-2024-038782,1,PROD-006,2,32.39,63.95
ORD-2024-038783,1,PROD-004,1,20.28,13.74
ORD-2024-038784,1,PROD-032,2,19.72,37.01
ORD-2024-038785,1,PROD-006,2,32.39,47.35
ORD-2024-038786,1,PROD-005,1,20.28,17.77
ORD-2024-038786,2,PROD-035,1,10.14,8.85
ORD-2024-038787,1,PROD-004,1,20.28,18.57
ORD-2024-038787,2,PROD-001,1,12.9,12.3
ORD-2024-038787,3,PROD-007,1,17.18,13.27
ORD-2024-038788,1,PROD-029,1,24.79,16.83
ORD-2024-038789,1,PROD-004,1,20.28,19.2
ORD-2024-038789,2,PROD-005,1,20.28,19.29
ORD-2024-038789,3,PROD-032,2,19.72,37.93
ORD-2024-038790,1,PROD-032,1,19.72,18.3
ORD-2024-038791,1,PROD-006,1,32.39,32.05
ORD-2024-038791,2,PROD-047,1,108.45,107.07
ORD-2024-038791,3,PROD-003,1,14.37,14.1
ORD-2024-038792,1,PROD-010,1,38.03,36.65
ORD-2024-038793,1,PROD-004,3,20.28,51.22
ORD-2024-038793,2,PROD-034,1,9.01,5.41
ORD-2024-038794,1,PROD-003,3,14.37,33.99
ORD-2024-038794,2,PROD-005,1,20.28,17.1
ORD-2024-038795,1,PROD-056,1,101.41,-99.34
ORD-2024-038796,1,PROD-013,2,11.9,19.66
ORD-2024-038796,2,PROD-004,1,20.28,16.39
ORD-2024-038797,1,PROD-037,1,9.86,9.34
ORD-2024-038797,2,PROD-001,1,12.9,10.67
ORD-2024-038797,3,PROD-003,1,14.37,11.16
ORD-2024-038797,4,PROD-007,1,17.18,15.94
ORD-2024-038798,1,PROD-003,2,14.37,27.78
ORD-2024-038798,2,PROD-030,1,49.3,36.51
ORD-2024-038799,1,PROD-004,2,20.28,34.21
ORD-2024-038800,1,PROD-011,1,14.9,14.24
ORD-2024-038801,1,PROD-036,1,11.55,7.69
ORD-2024-038802,1,PROD-004,1,20.28,19.8
ORD-2024-038802,2,PROD-054,1,59.15,56.13
ORD-2024-038803,1,PROD-035,2,10.14,18.06
ORD-2024-038803,2,PROD-008,3,9.9,25.87
ORD-2024-038803,3,PROD-012,1,18.5,17.74
ORD-2024-038804,1,PROD-034,2,9.01,15.85
ORD-2024-038805,1,PROD-024,1,8.73,6.51
ORD-2024-038806,1,PROD-039,1,8.17,6.77
ORD-2024-038807,1,PROD-024,1,8.73,6.1
ORD-2024-038807,2,PROD-002,1,11.9,9.65
ORD-2024-038808,1,PROD-007,2,17.18,29.66
ORD-2024-038808,2,PROD-034,1,9.01,7.64
ORD-2024-038809,1,PROD-005,1,20.28,19.32
ORD-2024-038809,2,PROD-034,3,9.01,22.45
ORD-2024-038809,3,PROD-001,2,12.9,25.4
ORD-2024-038810,1,PROD-007,1,17.18,15.66
ORD-2024-038811,1,PROD-005,1,20.28,20.01
ORD-2024-038812,1,PROD-001,2,12.9,11.61
ORD-2024-038812,2,PROD-011,3,14.9,21.84
ORD-2024-038813,1,PROD-037,3,9.86,22.12
ORD-2024-038814,1,PROD-035,3,10.14,29.51
ORD-2024-038815,1,PROD-020,1,10.14,7.7
ORD-2024-038816,1,PROD-002,1,11.9,11.12
ORD-2024-038816,2,PROD-036,3,11.55,33.41
ORD-2024-038816,3,PROD-038,2,7.89,14.33
ORD-2024-038817,1,PROD-004,1,20.28,17.09
ORD-2024-038818,1,PROD-034,1,9.01,7.29
ORD-2024-038818,2,PROD-035,1,10.14,7.83
ORD-2024-038819,1,PROD-019,1,29.58,25.14
ORD-2024-038820,1,PROD-042,4,73.24,282.03
ORD-2024-038820,2,PROD-021,1,15.49,14.82
ORD-2024-038821,1,PROD-036,1,11.55,11.08
ORD-2024-038822,1,PROD-038,3,7.89,15.79
ORD-2024-038822,2,PROD-003,2,14.37,20.17
ORD-2024-038823,1,PROD-032,2,19.72,31.9
ORD-2024-038824,1,PROD-032,1,19.72,16.37
ORD-2024-038825,1,PROD-001,2,12.9,25.02
ORD-2024-038825,2,PROD-005,1,20.28,19.96
ORD-2024-038826,1,PROD-005,2,20.28,28.5
ORD-2024-038827,1,PROD-022,1,9.01,8.14
ORD-2024-038828,1,PROD-007,2,17.18,33.13
ORD-2024-038828,2,PROD-004,2,20.28,39.64
ORD-2024-038828,3,PROD-035,3,10.14,29.5
ORD-2024-038829,1,PROD-014,1,9.9,8.77
ORD-2024-038830,1,PROD-004,1,20.28,19.79
ORD-2024-038830,2,PROD-027,1,21.13,18.84
ORD-2024-038830,3,PROD-044,1,40.85,36.91
ORD-2024-038831,1,PROD-003,1,14.37,13.82
ORD-2024-038832,1,PROD-010,1,38.03,35.9
ORD-2024-038833,1,PROD-021,1,15.49,15.28
ORD-2024-038834,1,PROD-036,1,11.55,8.09
ORD-2024-038834,2,PROD-004,3,20.28,49.91
ORD-2024-038835,1,PROD-003,2,14.37,26.26
ORD-2024-038836,1,PROD-004,2,20.28,33.84
ORD-2024-038836,2,PROD-005,1,20.28,12.57
ORD-2024-038836,3,PROD-001,1,12.9,10.87
ORD-2024-038837,1,PROD-010,1,38.03,36.87
ORD-2024-038838,1,PROD-047,1,108.45,105.53
ORD-2024-038839,1,PROD-005,1,20.28,19.39
ORD-2024-038840,1,PROD-041,1,11.83,11.58
ORD-2024-038841,1,PROD-010,1,38.03,37.28
ORD-2024-038842,1,PROD-038,1,7.89,6.94
ORD-2024-038842,2,PROD-006,1,32.39,31.2
ORD-2024-038843,1,PROD-041,1,11.83,10.89
ORD-2024-038844,1,PROD-011,1,14.9,12.69
ORD-2024-038845,1,PROD-021,1,15.49,14.53
ORD-2024-038845,2,PROD-053,1,53.52,48.53
ORD-2024-038845,3,PROD-003,2,14.37,26.74
ORD-2024-038846,1,PROD-016,1,8.9,8.68
ORD-2024-038846,2,PROD-005,1,20.28,20.06
ORD-2024-038847,1,PROD-004,1,20.28,19.44
ORD-2024-038847,2,PROD-001,1,12.9,12.56
ORD-2024-038848,1,PROD-036,4,11.55,27.19
ORD-2024-038848,2,PROD-041,1,11.83,9.11
ORD-2024-038849,1,PROD-007,2,17.18,28.4
ORD-2024-038849,2,PROD-054,1,59.15,50.18
ORD-2024-038849,3,PROD-036,3,11.55,25.29
ORD-2024-038850,1,PROD-036,1,11.55,11.21
ORD-2024-038850,2,PROD-005,1,20.28,13.37
ORD-2024-038850,3,PROD-002,1,11.9,10.78
ORD-2024-038851,1,PROD-006,1,32.39,26.93
ORD-2024-038852,1,PROD-006,1,32.39,29.41
ORD-2024-038853,1,PROD-008,2,9.9,17.31
ORD-2024-038853,2,PROD-038,1,7.89,6.57
ORD-2024-038853,3,PROD-002,1,11.9,11.07
ORD-2024-038854,1,PROD-001,2,12.9,18.15
ORD-2024-038855,1,PROD-015,1,26.76,25.0
ORD-2024-038856,1,PROD-014,1,9.9,6.11
ORD-2024-038857,1,PROD-004,1,20.28,18.52
ORD-2024-038857,2,PROD-038,1,7.89,7.67
ORD-2024-038857,3,PROD-034,1,9.01,8.34
ORD-2024-038858,1,PROD-039,1,8.17,7.66
ORD-2024-038859,1,PROD-014,3,9.9,27.66
ORD-2024-038860,1,PROD-004,3,20.28,57.63
ORD-2024-038861,1,PROD-026,1,14.65,13.93
ORD-2024-038861,2,PROD-007,2,17.18,29.53
ORD-2024-038862,1,PROD-059,1,52.11,30.53
ORD-2024-038863,1,PROD-037,4,9.86,30.83
ORD-2024-038863,2,PROD-005,3,20.28,50.5
ORD-2024-038864,1,PROD-010,1,38.03,37.17
ORD-2024-038864,2,PROD-005,1,20.28,17.93
ORD-2024-038864,3,PROD-044,1,40.85,38.56
ORD-2024-038865,1,PROD-004,1,20.28,18.79
ORD-2024-038865,2,PROD-006,3,32.39,94.77
ORD-2024-038866,1,PROD-040,1,15.21,10.39
ORD-2024-038867,1,PROD-014,1,9.9,8.39
ORD-2024-038868,1,PROD-006,2,32.39,60.56
ORD-2024-038869,1,PROD-008,1,9.9,9.27
ORD-2024-038870,1,PROD-002,1,11.9,9.43
ORD-2024-038871,1,PROD-036,1,11.55,9.8
ORD-2024-038871,2,PROD-003,1,14.37,13.59
ORD-2024-038871,3,PROD-004,1,20.28,19.77
ORD-2024-038871,4,PROD-033,2,52.11,94.91
ORD-2024-038872,1,PROD-012,3,18.5,46.65
ORD-2024-038873,1,PROD-013,1,11.9,10.93
ORD-2024-038873,2,PROD-040,2,15.21,27.36
ORD-2024-038874,1,PROD-004,1,20.28,15.81
ORD-2024-038875,1,PROD-006,1,32.39,32.21
ORD-2024-038876,1,PROD-029,1,24.79,22.06
ORD-2024-038876,2,PROD-005,1,20.28,19.18
ORD-2024-038877,1,PROD-021,1,15.49,13.33
ORD-2024-038878,1,PROD-004,1,20.28,18.75
ORD-2024-038878,2,PROD-035,1,10.14,9.48
ORD-2024-038879,1,PROD-005,1,20.28,19.81
ORD-2024-038879,2,PROD-034,1,9.01,7.77
ORD-2024-038880,1,PROD-016,1,8.9,8.44
ORD-2024-038880,2,PROD-032,2,19.72,36.84
ORD-2024-038880,3,PROD-038,1,7.89,7.73
ORD-2024-038881,1,PROD-005,1,20.28,20.22
ORD-2024-038881,2,PROD-003,1,14.37,14.07
ORD-2024-038882,1,PROD-025,1,21.97,21.22
ORD-2024-038882,2,PROD-013,3,11.9,22.87
ORD-2024-038882,3,PROD-006,1,32.39,23.16
ORD-2024-038883,1,PROD-022,1,9.01,5.91
ORD-2024-038884,1,PROD-019,1,29.58,26.08
ORD-2024-038884,2,PROD-007,2,17.18,31.13
ORD-2024-038884,3,PROD-008,3,9.9,27.81
ORD-2024-038885,1,PROD-034,1,9.01,8.38
ORD-2024-038886,1,PROD-003,1,14.37,14.1
ORD-2024-038887,1,PROD-011,1,14.9,14.29
ORD-2024-038887,2,PROD-007,2,17.18,30.06
ORD-2024-038888,1,PROD-003,2,14.37,26.62
ORD-2024-038889,1,PROD-005,1,20.28,19.07
ORD-2024-038890,1,PROD-031,1,53.52,43.57
ORD-2024-038890,2,PROD-006,2,32.39,51.02
ORD-2024-038890,3,PROD-039,1,8.17,7.95
ORD-2024-038891,1,PROD-044,1,40.85,40.07
ORD-2024-038891,2,PROD-020,1,10.14,9.55
ORD-2024-038892,1,PROD-005,2,20.28,38.34
ORD-2024-038893,1,PROD-004,2,20.28,36.41
ORD-2024-038894,1,PROD-041,1,11.83,11.2
ORD-2024-038895,1,PROD-005,1,20.28,18.87
ORD-2024-038896,1,PROD-006,2,32.39,63.2
ORD-2024-038897,1,PROD-019,1,29.58,25.02
ORD-2024-038898,1,PROD-039,1,8.17,6.37
ORD-2024-038898,2,PROD-013,1,11.9,11.16
ORD-2024-038898,3,PROD-004,3,20.28,59.38
ORD-2024-038899,1,PROD-012,1,18.5,18.23
ORD-2024-038900,1,PROD-052,1,46.48,25.21
ORD-2024-038900,2,PROD-016,1,8.9,7.66
ORD-2024-038901,1,PROD-016,1,8.9,7.72
ORD-2024-038902,1,PROD-015,1,26.76,26.16
ORD-2024-038903,1,PROD-004,1,20.28,20.14
ORD-2024-038903,2,PROD-010,1,38.03,33.63
ORD-2024-038903,3,PROD-024,1,8.73,6.95
ORD-2024-038904,1,PROD-005,3,20.28,53.28
ORD-2024-038905,1,PROD-033,1,52.11,50.51
ORD-2024-038906,1,PROD-035,2,10.14,19.38
ORD-2024-038907,1,PROD-006,1,32.39,30.69
ORD-2024-038908,1,PROD-015,2,26.76,49.55
ORD-2024-038909,1,PROD-049,1,80.28,65.66
ORD-2024-038910,1,PROD-048,1,55.77,53.94
ORD-2024-038910,2,PROD-053,1,53.52,49.24
ORD-2024-038911,1,PROD-053,1,53.52,50.39
ORD-2024-038911,2,PROD-005,3,20.28,58.4
ORD-2024-038911,3,PROD-002,1,11.9,9.98
ORD-2024-038912,1,PROD-021,1,15.49,15.09
ORD-2024-038912,2,PROD-027,2,21.13,40.83
ORD-2024-038913,1,PROD-008,3,9.9,28.78
ORD-2024-038914,1,PROD-002,2,11.9,23.47
ORD-2024-038914,2,PROD-042,1,73.24,69.45
ORD-2024-038914,3,PROD-041,1,11.83,11.23
ORD-2024-038915,1,PROD-021,1,15.49,8.83
ORD-2024-038916,1,PROD-022,1,9.01,7.96
ORD-2024-038917,1,PROD-023,1,7.89,7.79
ORD-2024-038918,1,PROD-002,2,11.9,19.04
ORD-2024-038919,1,PROD-004,1,20.28,19.49
ORD-2024-038920,1,PROD-001,1,12.9,12.03
ORD-2024-038920,2,PROD-040,3,15.21,39.16
ORD-2024-038921,1,PROD-007,2,17.18,26.25
ORD-2024-038922,1,PROD-005,2,20.28,35.6
ORD-2024-038922,2,PROD-035,3,10.14,27.45
ORD-2024-038922,3,PROD-019,2,29.58,53.07
ORD-2024-038923,1,PROD-037,1,9.86,9.48
ORD-2024-038924,1,PROD-048,1,55.77,52.02
ORD-2024-038925,1,PROD-008,1,9.9,8.03
ORD-2024-038925,2,PROD-035,2,10.14,12.65
ORD-2024-038925,3,PROD-034,2,9.01,12.51
ORD-2024-038926,1,PROD-004,1,20.28,18.6
ORD-2024-038927,1,PROD-048,1,55.77,49.07
ORD-2024-038928,1,PROD-002,1,11.9,11.83
ORD-2024-038928,2,PROD-005,1,20.28,19.86
ORD-2024-038929,1,PROD-003,1,14.37,12.91
ORD-2024-038930,1,PROD-004,2,20.28,38.64
ORD-2024-038931,1,PROD-006,3,32.39,95.58
ORD-2024-038931,2,PROD-034,1,9.01,8.82
ORD-2024-038931,3,PROD-029,2,24.79,49.12
ORD-2024-038931,4,PROD-037,1,9.86,9.72
ORD-2024-038932,1,PROD-034,2,9.01,15.98
ORD-2024-038932,2,PROD-005,1,20.28,18.14
ORD-2024-038933,1,PROD-034,2,9.01,16.54
ORD-2024-038933,2,PROD-014,1,9.9,7.74
ORD-2024-038934,1,PROD-034,2,9.01,17.11
ORD-2024-038935,1,PROD-039,1,8.17,6.27
ORD-2024-038935,2,PROD-034,2,9.01,15.26
ORD-2024-038935,3,PROD-004,1,20.28,17.96
ORD-2024-038936,1,PROD-023,1,7.89,5.69
ORD-2024-038936,2,PROD-037,2,9.86,16.8
ORD-2024-038936,3,PROD-041,1,11.83,11.62
ORD-2024-038936,4,PROD-004,1,20.28,17.68
ORD-2024-038937,1,PROD-041,1,11.83,9.5
ORD-2024-038938,1,PROD-002,1,11.9,10.67
ORD-2024-038938,2,PROD-017,3,12.5,37.07
ORD-2024-038939,1,PROD-006,1,32.39,31.71
ORD-2024-038940,1,PROD-050,1,61.97,57.82
ORD-2024-038941,1,PROD-006,2,32.39,61.69
ORD-2024-038942,1,PROD-041,1,11.83,11.77
ORD-2024-038943,1,PROD-011,2,14.9,26.52
ORD-2024-038943,2,PROD-001,1,12.9,12.34
ORD-2024-038944,1,PROD-038,1,7.89,7.86
ORD-2024-038944,2,PROD-007,1,17.18,16.6
ORD-2024-038945,1,PROD-002,2,11.9,20.03
ORD-2024-038945,2,PROD-005,1,20.28,15.42
ORD-2024-038946,1,PROD-016,2,8.9,15.99
ORD-2024-038947,1,PROD-004,1,20.28,18.17
ORD-2024-038947,2,PROD-024,2,8.73,15.25
ORD-2024-038948,1,PROD-008,1,9.9,8.97
ORD-2024-038949,1,PROD-004,1,20.28,19.69
ORD-2024-038949,2,PROD-032,1,19.72,18.33
ORD-2024-038949,3,PROD-034,3,9.01,17.56
ORD-2024-038950,1,PROD-010,3,38.03,109.26
ORD-2024-038951,1,PROD-006,1,32.39,32.08
ORD-2024-038952,1,PROD-007,2,17.18,29.25
ORD-2024-038953,1,PROD-003,1,14.37,13.57
ORD-2024-038954,1,PROD-005,1,20.28,18.58
ORD-2024-038954,2,PROD-035,2,10.14,18.53
ORD-2024-038955,1, PROD-005 ,1,20.28,19.98
ORD-2024-038956,1,PROD-010,2,38.03,71.61
ORD-2024-038957,1,PROD-004,2,20.28,39.94
ORD-2024-038957,2,PROD-013,1,11.9,11.25
ORD-2024-038958,1,PROD-007,2,17.18,32.13
ORD-2024-038959,1,PROD-029,1,24.79,22.07
ORD-2024-038960,1,PROD-013,1,11.9,10.6
ORD-2024-038961,1,PROD-039,1,8.17,7.65
ORD-2024-038961,2,PROD-004,1,20.28,19.61
ORD-2024-038961,3,PROD-028,2,17.18,29.59
ORD-2024-038962,1,PROD-049,1,80.28,80.06
ORD-2024-038962,2,PROD-028,1,17.18,16.87
ORD-2024-038963,1,PROD-001,1,12.9,8.94
ORD-2024-038964,1,PROD-011,2,14.9,28.97
ORD-2024-038965,1,PROD-002,2,11.9,18.05
ORD-2024-038965,2,PROD-011,3,14.9,40.29
ORD-2024-038966,1,PROD-001,1,12.9,9.56
ORD-2024-038967,1,PROD-027,2,21.13,35.55
ORD-2024-038967,2,PROD-035,1,10.14,6.9
ORD-2024-038968,1,PROD-022,2,9.01,17.43
ORD-2024-038969,1,PROD-030,2,49.3,97.7
ORD-2024-038970,1,PROD-036,1,11.55,9.45
ORD-2024-038971,1,PROD-033,1,52.11,39.26
ORD-2024-038971,2,PROD-041,3,11.83,31.24
ORD-2024-038972,1,PROD-016,1,8.9,8.15
ORD-2024-038973,1,PROD-041,1,11.83,11.12
ORD-2024-038974,1,PROD-036,2,11.55,21.2
ORD-2024-038975,1,PROD-034,3,9.01,19.33
ORD-2024-038976,1,PROD-002,2,11.9,21.81
ORD-2024-038976,2,PROD-041,2,11.83,23.15
ORD-2024-038976,3,PROD-036,3,11.55,33.74
ORD-2024-038976,4,PROD-012,2,18.5,34.04
ORD-2024-038977,1,PROD-001,1,12.9,12.22
ORD-2024-038977,2,PROD-025,1,21.97,19.03
ORD-2024-038978,1,PROD-023,1,7.89,7.72
ORD-2024-038978,2,PROD-003,1,14.37,12.25
ORD-2024-038979,1,PROD-044,1,40.85,25.25
ORD-2024-038979,2,PROD-005,2,20.28,23.74
ORD-2024-038979,3,PROD-011,2,14.9,20.4
ORD-2024-038980,1,PROD-045,1,72.68,58.9
ORD-2024-038980,2,PROD-011,2,14.9,23.65
ORD-2024-038981,1,PROD-001,1,12.9,12.68
ORD-2024-038982,1,PROD-040,3,15.21,44.07
ORD-2024-038983,1,PROD-030,1,49.3,30.36
ORD-2024-038984,1,PROD-021,1,15.49,12.13
ORD-2024-038985,1,PROD-038,2,7.89,11.25
ORD-2024-038985,2,PROD-004,2,20.28,38.56
ORD-2024-038986,1,PROD-007,1,17.18,14.79
ORD-2024-038986,2,PROD-006,1,32.39,28.1
ORD-2024-038986,3,PROD-001,2,12.9,22.14
ORD-2024-038987,1,PROD-002,1,11.9,9.12
ORD-2024-038987,2,PROD-041,4,11.83,44.05
ORD-2024-038987,3,PROD-026,1,14.65,14.12
ORD-2024-038988,1,PROD-007,2,17.18,23.86
ORD-2024-038989,1,PROD-020,1,10.14,10.13
ORD-2024-038990,1,PROD-010,1,38.03,35.99
ORD-2024-038990,2,PROD-003,1,14.37,13.92
ORD-2024-038991,1,PROD-019,1,29.58,18.92
ORD-2024-038991,2,PROD-002,1,11.9,7.75
ORD-2024-038991,3,PROD-037,1,9.86,7.16
ORD-2024-038992,1,PROD-041,1,11.83,9.45
ORD-2024-038992,2,PROD-001,2,12.9,12.03
ORD-2024-038993,1,PROD-022,1,9.01,8.68
ORD-2024-038994,1,PROD-002,1,11.9,11.74
ORD-2024-038995,1,PROD-001,2,12.9,25.52
ORD-2024-038996,1,PROD-032,3,19.72,48.38
ORD-2024-038996,2,PROD-005,2,20.28,39.15
ORD-2024-038997,1,PROD-002,1,11.9,11.0
ORD-2024-038998,1,PROD-052,1,46.48,44.39
ORD-2024-038998,2,PROD-004,1,20.28,17.79
ORD-2024-038999,1,PROD-005,3,20.28,59.95
ORD-2024-038999,2,PROD-016,1,8.9,8.03
ORD-2024-039000,1,PROD-037,1,9.86,9.55
ORD-2024-039000,2,PROD-035,3,10.14,29.98
ORD-2024-039000,3,PROD-001,2,12.9,25.25
ORD-2024-039000,4,PROD-020,1,10.14,9.91
ORD-2024-039001,1,PROD-007,3,17.18,51.29
ORD-2024-039002,1,PROD-005,1,20.28,18.96
ORD-2024-039003,1,PROD-004,3,20.28,39.61
ORD-2024-039004,1,PROD-007,2,17.18,33.34
ORD-2024-039004,2,PROD-019,1,29.58,27.9
ORD-2024-039004,3,PROD-005,2,20.28,38.79
ORD-2024-039005,1,PROD-002,1,11.9,10.89
ORD-2024-039005,2,PROD-007,3,17.18,48.01
ORD-2024-039005,3,PROD-003,1,14.37,13.94
ORD-2024-039006,1,PROD-023,2,7.89,15.07
ORD-2024-039007,1,PROD-004,3,20.28,57.41
ORD-2024-039008,1,PROD-003,1,14.37,13.97
ORD-2024-039008,2,PROD-004,2,20.28,38.35
ORD-2024-039008,3,PROD-015,1,26.76,24.33
ORD-2024-039008,4,PROD-002,1,11.9,11.41
ORD-2024-039009,1,PROD-004,1,20.28,18.33
ORD-2024-039009,2,PROD-034,1,9.01,8.51
ORD-2024-039010,1,PROD-001,3,12.9,24.56
ORD-2024-039011,1,PROD-019,3,29.58,86.12
ORD-2024-039011,2,PROD-038,2,7.89,15.56
ORD-2024-039012,1,PROD-011,1,14.9,13.16
ORD-2024-039012,2,PROD-039,1,8.17,6.63
ORD-2024-039013,1,PROD-014,3,9.9,29.35
ORD-2024-039014,1,PROD-034,4,9.01,35.03
ORD-2024-039014,2,PROD-003,1,14.37,14.23
ORD-2024-039015,1,PROD-005,3,20.28,50.25
ORD-2024-039015,2,PROD-035,1,10.14,9.63
ORD-2024-039015,3,PROD-001,2,12.9,21.03
ORD-2024-039016,1,PROD-001,1,12.9,11.4
ORD-2024-039017,1,PROD-007,2,17.18,29.27
ORD-2024-039018,1,PROD-007,1,17.18,13.37
ORD-2024-039018,2,PROD-036,2,11.55,20.43
ORD-2024-039018,3,PROD-017,1,12.5,7.33
ORD-2024-039019,1,PROD-035,1,10.14,10.04
ORD-2024-039020,1,PROD-027,1,21.13,15.27
ORD-2024-039020,2,PROD-005,1,20.28,13.72
ORD-2024-039020,3,PROD-028,2,17.18,32.69
ORD-2024-039021,1,PROD-016,1,8.9,7.69
ORD-2024-039022,1,PROD-001,1,12.9,10.22
ORD-2024-039023,1,PROD-007,2,17.18,31.86
ORD-2024-039024,1,PROD-044,1,40.85,36.2
ORD-2024-039025,1,PROD-035,2,10.14,17.85
ORD-2024-039026,1,PROD-003,1,14.37,13.17
ORD-2024-039027,1,PROD-032,2,19.72,36.24
ORD-2024-039027,2,PROD-027,1,21.13,17.12
ORD-2024-039027,3,PROD-001,1,12.9,12.67
ORD-2024-039027,4,PROD-004,2,20.28,40.38
ORD-2024-039028,1,PROD-040,1,15.21,14.09
ORD-2024-039029,1,PROD-053,1,53.52,51.96
ORD-2024-039030,1,PROD-056,1,101.41,77.48
ORD-2024-039031,1,PROD-054,1,59.15,48.24
ORD-2024-039032,1,PROD-010,1,38.03,30.63
ORD-2024-039033,1,PROD-002,1,11.9,11.61
ORD-2024-039033,2,PROD-013,1,11.9,11.53
ORD-2024-039034,1,PROD-002,2,11.9,23.0
ORD-2024-039035,1,PROD-002,2,11.9,22.82
ORD-2024-039035,2,PROD-029,2,24.79,47.83
ORD-2024-039036,1,PROD-003,2,14.37,25.66
ORD-2024-039037,1,PROD-008,1,9.9,9.85
ORD-2024-039037,2,PROD-004,1,20.28,20.06
ORD-2024-039038,1,PROD-020,1,10.14,9.8
ORD-2024-039038,2,PROD-021,1,15.49,8.86
ORD-2024-039038,3,PROD-022,1,9.01,8.53
ORD-2024-039039,1,PROD-007,1,17.18,9.51
ORD-2024-039039,2,PROD-014,1,9.9,9.63
ORD-2024-039040,1,PROD-036,1,11.55,10.3
ORD-2024-039040,2,PROD-032,1,19.72,18.45
ORD-2024-039040,3,PROD-025,1,21.97,20.3
ORD-2024-039041,1,PROD-021,1,15.49,15.31
ORD-2024-039041,2,PROD-022,1,9.01,8.73
ORD-2024-039041,3,PROD-007,1,17.18,17.09
ORD-2024-039042,1,PROD-023,1,7.89,6.67
ORD-2024-039043,1,PROD-034,2,9.01,16.67
ORD-2024-039043,2,PROD-044,2,40.85,77.5
ORD-2024-039044,1,PROD-036,2,11.55,22.34
ORD-2024-039045,1,PROD-004,3,20.28,54.56
ORD-2024-039045,2,PROD-034,3,9.01,24.28
ORD-2024-039046,1,PROD-004,1,20.28,18.08
ORD-2024-039046,2,PROD-039,1,8.17,7.32
ORD-2024-039047,1,PROD-020,1,10.14,9.72
ORD-2024-039047,2,PROD-028,2,17.18,33.85
ORD-2024-039048,1,PROD-003,2,14.37,25.36
ORD-2024-039049,1,PROD-003,2,14.37,23.44
ORD-2024-039049,2,PROD-035,1,10.14,7.13
ORD-2024-039049,3,PROD-021,1,15.49,8.45
ORD-2024-039050,1,PROD-005,1,20.28,19.08
ORD-2024-039050,2,PROD-007,2,17.18,33.46
ORD-2024-039050,3,PROD-001,1,12.9,12.59
ORD-2024-039051,1,PROD-040,1,15.21,11.51
ORD-2024-039052,1,PROD-002,2,11.9,23.64
ORD-2024-039052,2,PROD-035,1,10.14,9.57
ORD-2024-039053,1,PROD-004,1,20.28,17.7
ORD-2024-039054,1,PROD-037,3,9.86,27.93
ORD-2024-039055,1,PROD-002,2,11.9,22.14
ORD-2024-039056,1,PROD-004,1,20.28,15.32
ORD-2024-039057,1,PROD-005,1,20.28,14.78
ORD-2024-039058,1,PROD-049,1,80.28,77.12
ORD-2024-039058,2,PROD-008,2,9.9,17.18
ORD-2024-039059,1,PROD-006,1,32.39,25.26
ORD-2024-039059,2,PROD-004,1,20.28,17.25
ORD-2024-039060,1,PROD-003,2,14.37,25.7
ORD-2024-039061,1,PROD-029,1,24.79,23.83
ORD-2024-039062,1,PROD-016,2,8.9,17.24
ORD-2024-039063,1,PROD-001,1,12.9,12.35
ORD-2024-039064,1,PROD-025,1,21.97,21.22
ORD-2024-039065,1,PROD-024,1,8.73,7.7
ORD-2024-039065,2,PROD-037,4,9.86,38.75
ORD-2024-039065,3,PROD-004,1,20.28,17.82
ORD-2024-039066,1,PROD-005,1,20.28,18.11
ORD-2024-039067,1,PROD-022,1,9.01,8.71
ORD-2024-039068,1,PROD-024,1,8.73,7.73
ORD-2024-039068,2,PROD-026,1,14.65,13.81
ORD-2024-039068,3,PROD-027,2,21.13,38.36
ORD-2024-039069,1,PROD-003,3,14.37,39.97
ORD-2024-039069,2,PROD-013,1,11.9,8.43
ORD-2024-039069,3,PROD-001,2,12.9,19.93
ORD-2024-039070,1,PROD-003,2,14.37,26.52
ORD-2024-039070,2,PROD-039,3,8.17,21.4
ORD-2024-039070,3,PROD-035,1,10.14,8.8
ORD-2024-039070,4,PROD-022,1,9.01,8.87
ORD-2024-039071,1,PROD-001,3,12.9,36.53
ORD-2024-039072,1,PROD-026,1,14.65,12.69
ORD-2024-039073,1,PROD-004,2,20.28,38.99
ORD-2024-039074,1,PROD-006,1,32.39,31.65
ORD-2024-039075,1,PROD-002,1,11.9,11.67
ORD-2024-039075,2,PROD-016,1,8.9,8.82
ORD-2024-039076,1,PROD-024,1,8.73,7.74
ORD-2024-039076,2,PROD-055,1,74.65,52.89
ORD-2024-039076,3,PROD-025,1,21.97,13.52
ORD-2024-039077,1,PROD-002,1,11.9,10.76
ORD-2024-039078,1,PROD-035,1,10.14,8.55
ORD-2024-039079,1,PROD-010,1,38.03,35.64
ORD-2024-039080,1,PROD-038,2,7.89,15.62
ORD-2024-039081,1,PROD-001,1,12.9,11.6
ORD-2024-039081,2,PROD-016,3,8.9,24.04
ORD-2024-039082,1,PROD-004,1,20.28,14.71
ORD-2024-039082,2,PROD-005,2,20.28,34.2
ORD-2024-039083,1,PROD-025,1,21.97,9.89
ORD-2024-039084,1,PROD-004,1,20.28,19.72
ORD-2024-039084,2,PROD-011,1,14.9,12.87
ORD-2024-039085,1,PROD-004,2,20.28,39.69
ORD-2024-039085,2,PROD-008,1,9.9,9.09
ORD-2024-039085,3,PROD-006,2,32.39,50.91
ORD-2024-039086,1,PROD-001,1,12.9,12.84
ORD-2024-039087,1,PROD-004,1,20.28,14.71
ORD-2024-039087,2,PROD-037,2,9.86,18.74
ORD-2024-039088,1,PROD-020,1,10.14,7.93
ORD-2024-039089,1,PROD-001,2,12.9,23.1
ORD-2024-039090,1,PROD-054,1,59.15,39.48
ORD-2024-039090,2,PROD-004,1,20.28,19.37
ORD-2024-039090,3,PROD-042,2,73.24,125.87
ORD-2024-039091,1,PROD-003,1,14.37,12.89
ORD-2024-039092,1,PROD-037,1,9.86,9.51
ORD-2024-039092,2,PROD-029,1,24.79,17.8
ORD-2024-039093,1,PROD-035,1,10.14,10.0
ORD-2024-039093,2,PROD-014,2,9.9,19.74
ORD-2024-039094,1,PROD-002,1,11.9,9.47
ORD-2024-039094,2,PROD-005,1,20.28,18.77
ORD-2024-039095,1,PROD-036,1,11.55,9.58
ORD-2024-039096,1,PROD-005,1,20.28,19.96
ORD-2024-039097,1,PROD-004,1,20.28,17.4
ORD-2024-039097,2,PROD-034,1,9.01,8.5
ORD-2024-039097,3,PROD-017,2,12.5,19.57
ORD-2024-039098,1,PROD-027,1,21.13,16.15
ORD-2024-039099,1,PROD-034,1,9.01,8.14
ORD-2024-039100,1,PROD-004,2,20.28,39.96
ORD-2024-039101,1,PROD-011,2,14.9,28.49
ORD-2024-039102,1,PROD-020,1,10.14,8.81
ORD-2024-039103,1,PROD-039,2,8.17,15.0
ORD-2024-039103,2,PROD-002,1,11.9,10.61
ORD-2024-039103,3,PROD-004,1,20.28,18.91
ORD-2024-039104,1,PROD-023,2,7.89,12.68
ORD-2024-039105,1,PROD-007,2,17.18,24.2
ORD-2024-039105,2,PROD-002,3,11.9,23.7
ORD-2024-039106,1,PROD-044,1,40.85,36.81
ORD-2024-039107,1,PROD-003,3,14.37,39.83
ORD-2024-039108,1,PROD-008,2,9.9,19.04
ORD-2024-039109,1,PROD-044,1,40.85,19.8
ORD-2024-039109,2,PROD-034,3,9.01,23.42
ORD-2024-039110,1,PROD-002,1,11.9,9.57
ORD-2024-039111,1,PROD-004,1,20.28,11.11
ORD-2024-039112,1,PROD-004,2,20.28,39.14
ORD-2024-039113,1,PROD-003,1,14.37,12.0
ORD-2024-039114,1,PROD-002,3,11.9,34.8
ORD-2024-039115,1,PROD-005,1,20.28,14.92
ORD-2024-039116,1,PROD-021,1,15.49,15.28
ORD-2024-039116,2,PROD-032,3,19.72,56.69
ORD-2024-039116,3,PROD-034,1,9.01,8.93
ORD-2024-039116,4,PROD-041,1,11.83,11.75
ORD-2024-039117,1,PROD-012,1,18.5,13.91
ORD-2024-039117,2,PROD-023,1,7.89,6.85
ORD-2024-039117,3,PROD-032,2,19.72,30.17
ORD-2024-039118,1,PROD-041,2,11.83,20.72
ORD-2024-039118,2,PROD-013,2,11.9,21.52
ORD-2024-039118,3,PROD-002,2,11.9,23.78
ORD-2024-039119,1,PROD-002,1,11.9,11.13
ORD-2024-039120,1,PROD-004,1,20.28,19.75
ORD-2024-039120,2,PROD-002,3,11.9,33.78
ORD-2024-039121,1,PROD-027,2,21.13,41.22
ORD-2024-039121,2,PROD-004,1,20.28,17.73
ORD-2024-039121,3,PROD-003,1,14.37,13.08
ORD-2024-039121,4,PROD-041,1,11.83,11.62
ORD-2024-039121,5,PROD-022,2,9.01,15.68
ORD-2024-039122,1,PROD-002,2,11.9,23.05
ORD-2024-039123,1,PROD-026,2,14.65,28.89
ORD-2024-039123,2,PROD-005,1,20.28,19.93
ORD-2024-039123,3,PROD-041,1,11.83,11.1
ORD-2024-039124,1,PROD-002,1,11.9,10.73
ORD-2024-039124,2,PROD-052,1,46.48,33.39
ORD-2024-039125,1,PROD-005,2,20.28,21.27
ORD-2024-039126,1,PROD-051,1,36.06,34.38
ORD-2024-039127,1,PROD-040,1,15.21,14.74
ORD-2024-039127,2,PROD-038,2,7.89,15.29
ORD-2024-039127,3,PROD-035,1,10.14,9.42
ORD-2024-039128,1,PROD-031,1,53.52,43.11
ORD-2024-039129,1,PROD-034,1,9.01,7.6
ORD-2024-039130,1,PROD-045,1,72.68,60.24
ORD-2024-039130,2,PROD-022,2,9.01,16.71
ORD-2024-039131,1,PROD-006,1,32.39,30.26
ORD-2024-039132,1,PROD-033,3,52.11,105.68
ORD-2024-039132,2,PROD-020,1,10.14,7.0
ORD-2024-039133,1,PROD-003,3,14.37,36.49
ORD-2024-039133,2,PROD-006,2,32.39,35.4
ORD-2024-039133,3,PROD-039,4,8.17,24.88
ORD-2024-039134,1,PROD-007,1,17.18,16.03
ORD-2024-039134,2,PROD-002,1,11.9,11.69
ORD-2024-039135,1,PROD-002,1,11.9,11.55
ORD-2024-039136,1,PROD-036,2,11.55,21.1
ORD-2024-039137,1,PROD-005,1,20.28,12.39
ORD-2024-039137,2,PROD-001,3,12.9,36.63
ORD-2024-039138,1,PROD-006,2,32.39,55.06
ORD-2024-039139,1,PROD-017,2,12.5,21.56
ORD-2024-039139,2,PROD-014,1,9.9,9.53
ORD-2024-039140,1,PROD-007,2,17.18,33.12
ORD-2024-039140,2,PROD-015,1,26.76,26.63
ORD-2024-039140,3,PROD-011,2,14.9,28.94
ORD-2024-039141,1,PROD-036,1,11.55,10.9
ORD-2024-039142,1,PROD-005,1,20.28,17.93
ORD-2024-039142,2,PROD-003,1,14.37,11.77
ORD-2024-039143,1,PROD-054,1,59.15,36.57
ORD-2024-039144,1,PROD-004,1,20.28,18.07
ORD-2024-039145,1,PROD-005,1,20.28,15.18
ORD-2024-039146,1,PROD-005,1,20.28,19.82
ORD-2024-039147,1,PROD-017,1,12.5,8.29
ORD-2024-039148,1,PROD-005,2,20.28,39.53
ORD-2024-039148,2,PROD-004,1,20.28,19.99
ORD-2024-039148,3,PROD-003,3,14.37,42.96
ORD-2024-039149,1,PROD-038,1,7.89,6.44
ORD-2024-039150,1,PROD-024,1,8.73,7.21
ORD-2024-039150,2,PROD-004,3,20.28,50.67
ORD-2024-039151,1,PROD-006,1,32.39,29.51
ORD-2024-039151,2,PROD-008,1,9.9,8.77
ORD-2024-039151,3,PROD-001,1,12.9,12.1
ORD-2024-039151,4,PROD-037,4,9.86,38.88
ORD-2024-039152,1,PROD-039,2,8.17,15.19
ORD-2024-039153,1,PROD-007,2,17.18,18.22
ORD-2024-039154,1,PROD-002,1,11.9,9.51
ORD-2024-039155,1,PROD-004,2,20.28,34.66
ORD-2024-039155,2,PROD-008,1,9.9,8.71
ORD-2024-039156,1,PROD-002,1,11.9,10.93
ORD-2024-039157,1,PROD-016,1,8.9,8.85
ORD-2024-039158,1,PROD-030,2,49.3,79.7
ORD-2024-039159,1,PROD-006,2,32.39,56.53
ORD-2024-039159,2,PROD-034,2,9.01,17.19
ORD-2024-039159,3,PROD-032,2,19.72,34.64
ORD-2024-039160,1,PROD-021,1,15.49,15.36
ORD-2024-039160,2,PROD-029,1,24.79,24.55
ORD-2024-039160,3,PROD-038,2,7.89,15.49
ORD-2024-039161,1,PROD-015,1,26.76,23.46
ORD-2024-039162,1,PROD-050,1,61.97,60.45
ORD-2024-039163,1,PROD-010,1,38.03,30.98
ORD-2024-039164,1,PROD-028,2,17.18,23.96
ORD-2024-039165,1,PROD-041,2,11.83,22.7
ORD-2024-039166,1,PROD-006,1,32.39,31.8
ORD-2024-039166,2,PROD-008,1,9.9,9.62
ORD-2024-039166,3,PROD-010,1,38.03,37.92
ORD-2024-039167,1,PROD-004,1,20.28,18.96
ORD-2024-039167,2,PROD-042,1,73.24,67.92
ORD-2024-039167,3,PROD-038,2,7.89,14.13
ORD-2024-039168,1,PROD-003,2,14.37,28.31
ORD-2024-039169,1,PROD-036,1,11.55,8.77
ORD-2024-039170,1,PROD-032,1,19.72,16.0
ORD-2024-039170,2,PROD-001,1,12.9,5.8
ORD-2024-039171,1,PROD-004,2,20.28,31.45
ORD-2024-039172,1,PROD-032,1,19.72,18.72
ORD-2024-039173,1,PROD-021,1,15.49,15.08
ORD-2024-039174,1,PROD-036,1,11.55,9.58
ORD-2024-039175,1,PROD-007,1,17.18,17.05
ORD-2024-039176,1,PROD-001,2,12.9,22.35
ORD-2024-039176,2,PROD-004,1,20.28,14.47
ORD-2024-039177,1,PROD-036,1,11.55,10.42
ORD-2024-039178,1,PROD-007,1,17.18,15.71
ORD-2024-039179,1,PROD-034,1,9.01,8.69
ORD-2024-039179,2,PROD-041,3,11.83,30.27
ORD-2024-039179,3,PROD-032,2,19.72,37.53
ORD-2024-039180,1,PROD-020,1,10.14,9.02
ORD-2024-039181,1,PROD-033,1,52.11,49.78
ORD-2024-039181,2,PROD-052,1,46.48,35.14
ORD-2024-039181,3,PROD-056,1,101.41,93.2
ORD-2024-039181,4,PROD-021,1,15.49,14.79
ORD-2024-039181,5,PROD-020,1,10.14,9.86
ORD-2024-039182,1, PROD-024 ,2,8.73,14.51
ORD-2024-039182,2,PROD-033,3,52.11,122.63
ORD-2024-039183,1,PROD-005,1,20.28,18.56
ORD-2024-039183,2,PROD-004,1,20.28,20.03
ORD-2024-039183,3,PROD-035,3,10.14,28.09
ORD-2024-039183,4,PROD-045,1,72.68,68.55
ORD-2024-039184,1,PROD-022,1,9.01,6.13
ORD-2024-039185,1,PROD-006,2,32.39,42.48
ORD-2024-039186,1,PROD-003,1,14.37,14.08
ORD-2024-039186,2,PROD-005,1,20.28,20.19
ORD-2024-039186,3,PROD-034,1,9.01,8.89
ORD-2024-039187,1,PROD-010,1,38.03,30.96
ORD-2024-039187,2,PROD-001,3,12.9,35.77
ORD-2024-039187,3,PROD-041,1,11.83,9.99
ORD-2024-039188,1,PROD-039,1,8.17,6.49
ORD-2024-039188,2,PROD-002,1,11.9,6.09
ORD-2024-039189,1,PROD-012,3,18.5,54.78
ORD-2024-039189,2,PROD-005,1,20.28,18.74
ORD-2024-039190,1,PROD-005,1,20.28,16.89
ORD-2024-039191,1,PROD-051,1,36.06,31.95
ORD-2024-039191,2,PROD-032,1,19.72,19.29
ORD-2024-039191,3,PROD-007,3,17.18,46.89
ORD-2024-039192,1,PROD-032,1,19.72,18.89
ORD-2024-039193,1,PROD-048,1,55.77,54.57
ORD-2024-039193,2,PROD-001,2,12.9,23.29
ORD-2024-039193,3,PROD-059,1,52.11,42.14
ORD-2024-039194,1,PROD-002,1,11.9,11.44
ORD-2024-039195,1,PROD-002,2,11.9,21.18
ORD-2024-039195,2,PROD-035,1,10.14,10.06
ORD-2024-039196,1,PROD-021,1,15.49,12.06
ORD-2024-039197,1,PROD-012,1,18.5,15.52
ORD-2024-039197,2,PROD-034,2,9.01,16.01
ORD-2024-039197,3,PROD-032,1,19.72,19.2
ORD-2024-039197,4,PROD-041,2,11.83,22.7
ORD-2024-039198,1,PROD-003,1,14.37,13.68
ORD-2024-039198,2,PROD-045,1,72.68,70.03
ORD-2024-039199,1,PROD-034,1,9.01,7.38
ORD-2024-039200,1,PROD-041,3,11.83,34.18
ORD-2024-039201,1,PROD-005,2,20.28,39.36
ORD-2024-039201,2,PROD-041,2,11.83,23.12
ORD-2024-039201,3,PROD-006,2,32.39,60.5
ORD-2024-039201,4,PROD-034,1,9.01,8.87
ORD-2024-039202,1,PROD-001,1,12.9,10.52
ORD-2024-039203,1,PROD-007,1,17.18,16.57
ORD-2024-039203,2,PROD-004,1,20.28,19.45
ORD-2024-039204,1,PROD-035,3,10.14,27.19
ORD-2024-039205,1,PROD-005,1,20.28,19.45
ORD-2024-039205,2,PROD-004,1,20.28,16.56
ORD-2024-039206,1,PROD-041,1,11.83,10.82
ORD-2024-039206,2,PROD-002,2,11.9,20.44
ORD-2024-039207,1,PROD-041,2,11.83,18.22
ORD-2024-039207,2,PROD-013,2,11.9,21.72
ORD-2024-039207,3,PROD-035,2,10.14,18.64
ORD-2024-039208,1,PROD-036,1,11.55,11.11
ORD-2024-039208,2,PROD-001,1,12.9,12.85
ORD-2024-039209,1,PROD-012,1,18.5,13.35
ORD-2024-039209,2,PROD-004,1,20.28,19.22
ORD-2024-039210,1,PROD-023,2,7.89,15.58
ORD-2024-039211,1,PROD-001,2,12.9,22.95
ORD-2024-039212,1,PROD-029,1,24.79,20.52
ORD-2024-039213,1,PROD-008,3,9.9,27.11
ORD-2024-039214,1,PROD-027,2,21.13,34.27
ORD-2024-039214,2,PROD-001,1,12.9,10.86
ORD-2024-039215,1,PROD-005,1,20.28,19.86
ORD-2024-039216,1,PROD-038,1,7.89,7.49
ORD-2024-039217,1,PROD-013,1,11.9,10.31
ORD-2024-039217,2,PROD-036,1,11.55,10.91
ORD-2024-039217,3,PROD-030,1,49.3,49.17
ORD-2024-039217,4,PROD-038,1,7.89,6.43
ORD-2024-039217,5,PROD-001,2,12.9,25.31
ORD-2024-039218,1,PROD-005,3,20.28,59.09
ORD-2024-039219,1,PROD-026,2,14.65,26.15
ORD-2024-039219,2,PROD-001,2,12.9,21.84
ORD-2024-039219,3,PROD-002,1,11.9,9.17
ORD-2024-039219,4,PROD-004,1,20.28,18.49
ORD-2024-039219,5,PROD-003,2,14.37,24.67
ORD-2024-039220,1,PROD-035,4,10.14,37.05
ORD-2024-039221,1,PROD-008,3,9.9,26.14
ORD-2024-039222,1,PROD-034,3,9.01,23.23
ORD-2024-039222,2,PROD-006,3,32.39,80.55
ORD-2024-039223,1,PROD-001,1,12.9,12.59
ORD-2024-039223,2,PROD-035,2,10.14,19.94
ORD-2024-039224,1,PROD-020,1,10.14,5.32
ORD-2024-039225,1,PROD-023,1,7.89,7.27
ORD-2024-039226,1,PROD-048,1,55.77,44.85
 ORD-2024-039226 ,2,PROD-006,1,32.39,26.72
ORD-2024-039227,1,PROD-002,2,11.9,20.12
ORD-2024-039227,2,PROD-034,1,9.01,8.23
ORD-2024-039228,1,PROD-014,1,9.9,9.7
ORD-2024-039228,2,PROD-023,2,7.89,15.14
ORD-2024-039229,1,PROD-029,1,24.79,24.61
ORD-2024-039229,2,PROD-007,2,17.18,31.78
ORD-2024-039230,1,PROD-027,1,21.13,19.68
ORD-2024-039230,2,PROD-008,2,9.9,19.38
ORD-2024-039230,3,PROD-006,1,32.39,27.88
ORD-2024-039230,4,PROD-024,1,8.73,7.4
ORD-2024-039231,1,PROD-004,3,20.28,49.46
ORD-2024-039232,1,PROD-002,2,11.9,21.69
ORD-2024-039232,2,PROD-003,2,14.37,28.1
ORD-2024-039233,1,PROD-013,2,11.9,22.26
ORD-2024-039233,2,PROD-005,1,20.28,9.13
ORD-2024-039233,3,PROD-007,1,17.18,14.85
ORD-2024-039234,1,PROD-027,1,21.13,16.34
ORD-2024-039235,1,PROD-010,1,38.03,30.34
ORD-2024-039236,1,PROD-027,1,21.13,19.9
ORD-2024-039236,2,PROD-006,1,32.39,30.57
ORD-2024-039236,3,PROD-028,1,17.18,16.94
ORD-2024-039237,1,PROD-049,1,80.28,78.85
ORD-2024-039238,1,PROD-037,1,9.86,9.34
ORD-2024-039238,2,PROD-017,3,12.5,32.29
ORD-2024-039238,3,PROD-007,1,17.18,15.18
ORD-2024-039238,4,PROD-010,1,38.03,34.91
ORD-2024-039239,1,PROD-026,1,14.65,9.83
ORD-2024-039240,1,PROD-007,1,17.18,14.02
ORD-2024-039240,2,PROD-006,2,32.39,54.45
ORD-2024-039241,1,PROD-003,2,14.37,24.07
ORD-2024-039242,1,PROD-044,1,40.85,24.19
ORD-2024-039242,2,PROD-024,1,8.73,6.48
ORD-2024-039243,1,PROD-006,1,32.39,28.34
ORD-2024-039244,1,PROD-003,3,14.37,34.98
ORD-2024-039245,1,PROD-040,4,15.21,58.68
ORD-2024-039245,2,PROD-027,1,21.13,19.98
ORD-2024-039246,1,PROD-001,2,12.9,23.37
ORD-2024-039247,1,PROD-002,1,11.9,11.63
ORD-2024-039247,2,PROD-017,1,12.5,11.6
ORD-2024-039247,3,PROD-007,3,17.18,51.18
ORD-2024-039248,1,PROD-034,1,9.01,7.74
ORD-2024-039249,1,PROD-008,1,9.9,9.05
ORD-2024-039250,1,PROD-024,2,8.73,15.47
ORD-2024-039251,1,PROD-051,1,36.06,33.1
ORD-2024-039251,2,PROD-001,1,12.9,11.62
ORD-2024-039251,3,PROD-004,1,20.28,18.57
ORD-2024-039252,1,PROD-007,1,17.18,14.96
ORD-2024-039252,2,PROD-032,2,19.72,21.59
ORD-2024-039253,1,PROD-030,1,49.3,38.78
ORD-2024-039254,1,PROD-025,1,21.97,13.57
ORD-2024-039254,2,PROD-028,1,17.18,15.82
ORD-2024-039255,1,PROD-032,1,19.72,19.27
ORD-2024-039256,1,PROD-001,3,12.9,33.45
ORD-2024-039257,1,PROD-001,1,12.9,10.68
ORD-2024-039257,2,PROD-004,1,20.28,17.3
ORD-2024-039257,3,PROD-034,4,9.01,34.18
ORD-2024-039258,1,PROD-003,2,14.37,27.1
ORD-2024-039258,2,PROD-035,1,10.14,9.57
ORD-2024-039259,1,PROD-002,1,11.9,10.93
ORD-2024-039260,1,PROD-011,2,14.9,27.02
ORD-2024-039261,1,PROD-003,2,14.37,26.13
ORD-2024-039262,1,PROD-006,3,32.39,86.57
ORD-2024-039262,2,PROD-002,1,11.9,11.57
ORD-2024-039263,1,PROD-004,2,20.28,39.21
ORD-2024-039264,1,PROD-036,2,11.55,22.16
ORD-2024-039265,1,PROD-034,1,9.01,8.73
ORD-2024-039266,1,PROD-017,1,12.5,12.21
ORD-2024-039267,1,PROD-010,1,38.03,32.87
ORD-2024-039268,1,PROD-017,2,12.5,23.34
ORD-2024-039269,1,PROD-007,3,17.18,50.09
ORD-2024-039270,1,PROD-004,1,20.28,19.32
ORD-2024-039271,1,PROD-041,1,11.83,10.72
ORD-2024-039272,1,PROD-040,2,15.21,30.18
ORD-2024-039273,1,PROD-040,1,15.21,14.56
ORD-2024-039273,2,PROD-037,1,9.86,9.76
ORD-2024-039273,3,PROD-001,1,12.9,12.41
ORD-2024-039274,1,PROD-010,1,38.03,37.26
ORD-2024-039274,2,PROD-034,2,9.01,17.1
ORD-2024-039275,1,PROD-004,3,20.28,47.63
ORD-2024-039276,1,PROD-023,1,7.89,7.74
ORD-2024-039276,2,PROD-001,3,12.9,24.77
ORD-2024-039276,3,PROD-005,1,20.28,17.92
ORD-2024-039277,1,PROD-007,2,17.18,31.44
ORD-2024-039278,1,PROD-037,2,9.86,19.67
ORD-2024-039279,1,PROD-006,3,32.39,84.46
ORD-2024-039279,2,PROD-005,2,20.28,37.81
ORD-2024-039279,3,PROD-004,1,20.28,17.36
ORD-2024-039280,1,PROD-028,1,17.18,16.52
ORD-2024-039281,1,PROD-027,2,21.13,40.76
ORD-2024-039282,1,PROD-020,1,10.14,8.45
ORD-2024-039282,2,PROD-012,2,18.5,34.3
ORD-2024-039282,3,PROD-039,3,8.17,11.41
ORD-2024-039283,1,PROD-042,1,73.24,43.52
ORD-2024-039283,2,PROD-017,1,12.5,5.66
ORD-2024-039284,1,PROD-036,1,11.55,11.26
ORD-2024-039285,1,PROD-050,1,61.97,53.7
ORD-2024-039285,2,PROD-054,1,59.15,54.66
ORD-2024-039286,1,PROD-041,1,11.83,11.69
ORD-2024-039286,2,PROD-038,1,7.89,7.73
ORD-2024-039287,1,PROD-001,3,12.9,37.91
ORD-2024-039288,1,PROD-001,1,12.9,12.03
ORD-2024-039289,1,PROD-010,1,38.03,36.18
ORD-2024-039290,1,PROD-039,3,8.17,24.03
ORD-2024-039290,2,PROD-032,1,19.72,19.07
ORD-2024-039291,1,PROD-006,2,32.39,55.65
ORD-2024-039292,1,PROD-022,1,9.01,5.86
ORD-2024-039293,1,PROD-004,2,20.28,38.44
ORD-2024-039293,2,PROD-034,3,9.01,25.57
ORD-2024-039294,1,PROD-034,2,9.01,13.8
ORD-2024-039294,2,PROD-020,1,10.14,7.99
ORD-2024-039294,3,PROD-026,1,14.65,11.95
ORD-2024-039295,1,PROD-004,2,20.28,39.64
ORD-2024-039295,2,PROD-008,3,9.9,28.92
ORD-2024-039296,1,PROD-001,2,12.9,24.6
ORD-2024-039297,1,PROD-038,1,7.89,7.0
ORD-2024-039298,1,PROD-007,2,17.18,32.86
ORD-2024-039298,2,PROD-042,1,73.24,69.62
ORD-2024-039299,1,PROD-028,1,17.18,14.19
ORD-2024-039300,1,PROD-027,2,21.13,41.19
ORD-2024-039301,1,PROD-006,2,32.39,52.35
ORD-2024-039301,2,PROD-039,2,8.17,13.17
ORD-2024-039302,1,PROD-008,1,9.9,7.9
ORD-2024-039303,1,PROD-039,1,8.17,7.54
ORD-2024-039303,2,PROD-010,2,38.03,61.04
ORD-2024-039304,1,PROD-008,3,9.9,26.92
ORD-2024-039304,2,PROD-042,2,73.24,133.66
ORD-2024-039305,1,PROD-021,1,15.49,15.28
ORD-2024-039305,2,PROD-028,1,17.18,16.51
ORD-2024-039306,1,PROD-025,2,21.97,43.18
ORD-2024-039307,1,PROD-004,2,20.28,27.54
ORD-2024-039308,1,PROD-003,2,14.37,26.16
ORD-2024-039309,1,PROD-002,1,11.9,9.81
ORD-2024-039309,2,PROD-042,2,73.24,121.65
ORD-2024-039310,1,PROD-005,1,20.28,16.35
ORD-2024-039310,2,PROD-002,1,11.9,9.78
ORD-2024-039311,1,PROD-011,2,14.9,29.1
ORD-2024-039312,1,PROD-031,1,53.52,50.34
ORD-2024-039312,2,PROD-020,1,10.14,-8.83
ORD-2024-039313,1,PROD-007,1,17.18,16.94
ORD-2024-039314,1,PROD-035,3,10.14,28.38
ORD-2024-039315,1,PROD-008,2,9.9,14.6
ORD-2024-039316,1,PROD-004,2,20.28,39.33
ORD-2024-039317,1,PROD-002,2,11.9,18.55
ORD-2024-039318,1,PROD-033,2,52.11,98.59
ORD-2024-039318,2,PROD-019,2,29.58,53.33
ORD-2024-039319,1,PROD-012,1,18.5,15.08
ORD-2024-039320,1,PROD-010,2,38.03,74.29
ORD-2024-039321,1,PROD-042,2,73.24,132.77
ORD-2024-039321,2,PROD-005,1,20.28,17.46
ORD-2024-039322,1,PROD-007,1,17.18,15.21
ORD-2024-039323,1,PROD-005,1,20.28,17.11
ORD-2024-039324,1,PROD-041,2,11.83,23.01
ORD-2024-039325,1,PROD-037,3,9.86,26.85
ORD-2024-039325,2,PROD-040,1,15.21,14.98
ORD-2024-039326,1,PROD-026,1,14.65,13.52
ORD-2024-039326,2,PROD-020,1,10.14,9.96
ORD-2024-039326,3,PROD-035,1,10.14,9.97
ORD-2024-039327,1,PROD-020,1,10.14,9.88
ORD-2024-039328,1,PROD-035,1,10.14,9.46
ORD-2024-039329,1,PROD-036,1,11.55,9.99
ORD-2024-039330,1,PROD-007,1,17.18,14.46
ORD-2024-039331,1,PROD-035,1,10.14,9.04
ORD-2024-039331,2,PROD-033,2,52.11,103.1
ORD-2024-039331,3,PROD-002,2,11.9,21.32
ORD-2024-039331,4,PROD-010,2,38.03,64.7
ORD-2024-039332,1,PROD-038,1,7.89,7.36
ORD-2024-039332,2,PROD-003,1,14.37,13.31
ORD-2024-039332,3,PROD-023,1,7.89,6.87
ORD-2024-039332,4,PROD-004,1,20.28,18.95
ORD-2024-039333,1,PROD-042,3,73.24,211.59
ORD-2024-039334,1,PROD-005,1,20.28,17.73
ORD-2024-039335,1,PROD-032,1,19.72,16.28
ORD-2024-039336,1,PROD-001,1,12.9,12.22
ORD-2024-039337,1,PROD-007,2,17.18,33.99
ORD-2024-039337,2,PROD-003,2,14.37,28.38
ORD-2024-039338,1,PROD-004,2,20.28,38.39
ORD-2024-039339,1,PROD-007,1,17.18,16.24
ORD-2024-039339,2,PROD-014,1,9.9,9.65
ORD-2024-039339,3,PROD-035,1,10.14,9.39
ORD-2024-039340,1,PROD-032,2,19.72,37.37
ORD-2024-039340,2,PROD-004,1,20.28,19.78
ORD-2024-039340,3,PROD-005,2,20.28,39.22
ORD-2024-039340,4,PROD-040,1,15.21,14.04
ORD-2024-039341,1,PROD-001,1,12.9,11.93
ORD-2024-039341,2,PROD-012,2,18.5,32.77
ORD-2024-039341,3,PROD-007,1,17.18,15.29
ORD-2024-039341,4,PROD-035,2,10.14,16.18
ORD-2024-039342,1,PROD-005,1,20.28,19.96
ORD-2024-039343,1,PROD-013,2,11.9,22.65
ORD-2024-039344,1,PROD-005,1,20.28,19.08
ORD-2024-039344,2,PROD-041,2,11.83,18.85
ORD-2024-039345,1,PROD-003,2,14.37,24.38
ORD-2024-039346,1,PROD-011,1,14.9,13.32
ORD-2024-039347,1,PROD-036,1,11.55,10.25
ORD-2024-039347,2,PROD-004,2,20.28,34.69
ORD-2024-039348,1,PROD-008,1,9.9,6.94
ORD-2024-039348,2,PROD-030,1,49.3,44.12
ORD-2024-039348,3,PROD-007,1,17.18,16.25
ORD-2024-039349,1,PROD-041,2,11.83,20.19
ORD-2024-039350,1,PROD-032,2,19.72,32.8
ORD-2024-039350,2,PROD-026,2,14.65,28.79
ORD-2024-039350,3,PROD-041,1,11.83,11.3
ORD-2024-039351,1,PROD-001,2,12.9,24.35
ORD-2024-039352,1,PROD-002,2,11.9,22.61
ORD-2024-039353,1,PROD-022,1,9.01,6.93
ORD-2024-039353,2,PROD-027,1,21.13,15.56
ORD-2024-039353,3,PROD-037,2,9.86,18.55
ORD-2024-039354,1,PROD-029,1,24.79,24.27
ORD-2024-039355,1,PROD-016,1,8.9,7.53
ORD-2024-039355,2,PROD-007,1,17.18,13.99
ORD-2024-039355,3,PROD-004,2,20.28,32.96
ORD-2024-039356,1,PROD-029,1,24.79,22.77
ORD-2024-039357,1,PROD-024,1,8.73,8.16
ORD-2024-039358,1,PROD-040,3,15.21,45.26
ORD-2024-039358,2,PROD-001,1,12.9,11.95
ORD-2024-039359,1,PROD-021,2,15.49,26.75
ORD-2024-039359,2,PROD-026,1,14.65,12.55
ORD-2024-039360,1,PROD-002,3,11.9,34.81
ORD-2024-039360,2,PROD-004,1,20.28,19.59
ORD-2024-039360,3,PROD-006,1,32.39,30.77
ORD-2024-039360,4,PROD-012,2,18.5,36.05
ORD-2024-039361,1,PROD-034,1,9.01,8.31
ORD-2024-039362,1,PROD-027,1,21.13,19.76
ORD-2024-039362,2,PROD-025,1,21.97,17.75
ORD-2024-039363,1,PROD-030,1,49.3,47.77
ORD-2024-039364,1,PROD-005,2,20.28,36.07
ORD-2024-039364,2,PROD-013,1,11.9,11.44
ORD-2024-039365,1,PROD-001,2,12.9,23.55
ORD-2024-039365,2,PROD-027,2,21.13,39.08
ORD-2024-039365,3,PROD-038,1,7.89,6.24
ORD-2024-039366,1,PROD-004,1,20.28,19.07
ORD-2024-039367,1,PROD-003,1,14.37,6.47
ORD-2024-039368,1,PROD-003,1,14.37,12.66
ORD-2024-039368,2,PROD-020,1,10.14,6.53
ORD-2024-039369,1,PROD-005,2,20.28,38.49
ORD-2024-039369,2,PROD-007,2,17.18,32.49
ORD-2024-039369,3,PROD-024,1,8.73,8.42
ORD-2024-039370,1,PROD-005,1,20.28,17.15
ORD-2024-039370,2,PROD-007,1,17.18,15.39
ORD-2024-039370,3,PROD-050,1,61.97,56.48
ORD-2024-039371,1,PROD-005,1,20.28,19.8
ORD-2024-039372,1,PROD-011,1,14.9,13.86
ORD-2024-039372,2,PROD-049,1,80.28,73.78
ORD-2024-039373,1,PROD-007,2,17.18,33.22
ORD-2024-039374,1,PROD-019,1,29.58,27.99
ORD-2024-039374,2,PROD-053,1,53.52,52.71
ORD-2024-039374,3,PROD-034,1,9.01,8.87
ORD-2024-039375,1,PROD-004,1,20.28,16.88
ORD-2024-039376,1,PROD-001,1,12.9,11.51
ORD-2024-039377,1,PROD-028,1,17.18,14.73
ORD-2024-039378,1,PROD-004,2,20.28,36.95
ORD-2024-039379,1,PROD-012,1,18.5,17.62
ORD-2024-039380,1,PROD-013,2,11.9,20.29
ORD-2024-039381,1,PROD-008,2,9.9,19.38
ORD-2024-039382,1,PROD-005,1,20.28,19.77
ORD-2024-039382,2,PROD-034,2,9.01,16.24
ORD-2024-039383,1,PROD-004,1,20.28,19.21
ORD-2024-039383,2,PROD-019,1,29.58,26.83
ORD-2024-039384,1,PROD-010,1,38.03,17.11
ORD-2024-039384,2,PROD-035,2,10.14,18.98
ORD-2024-039385,1,PROD-006,2,32.39,59.53
ORD-2024-039385,2,PROD-041,1,11.83,11.29
ORD-2024-039386,1,PROD-003,2,14.37,27.54
ORD-2024-039387,1,PROD-042,1,73.24,65.11
ORD-2024-039387,2,PROD-004,1,20.28,19.44
ORD-2024-039387,3,PROD-034,1,9.01,8.18
ORD-2024-039388,1,PROD-007,2,17.18,29.57
ORD-2024-039388,2,PROD-033,4,52.11,184.82
ORD-2024-039388,3,PROD-021,1,15.49,13.54
ORD-2024-039388,4,PROD-034,1,9.01,7.88
ORD-2024-039389,1,PROD-002,1,11.9,8.87
ORD-2024-039390,1,PROD-028,1,17.18,17.03
ORD-2024-039391,1,PROD-001,1,12.9,9.7
ORD-2024-039391,2,PROD-035,2,10.14,18.18
ORD-2024-039391,3,PROD-032,1,19.72,18.89
ORD-2024-039391,4,PROD-020,1,10.14,8.24
ORD-2024-039391,5,PROD-007,1,17.18,16.11
ORD-2024-039392,1,PROD-029,1,24.79,24.64
ORD-2024-039393,1,PROD-035,1,10.14,9.68
ORD-2024-039394,1,PROD-005,2,20.28,34.14
ORD-2024-039395,1,PROD-007,1,17.18,15.85
ORD-2024-039396,1,PROD-007,1,17.18,16.92
ORD-2024-039397,1,PROD-006,1,32.39,31.89
ORD-2024-039398,1,PROD-023,1,7.89,7.56
ORD-2024-039399,1,PROD-027,1,21.13,19.83
ORD-2024-039399,2,PROD-006,1,32.39,31.96
ORD-2024-039400,1,PROD-004,1,20.28,19.61
ORD-2024-039401,1,PROD-037,2,9.86,18.96
ORD-2024-039402,1,PROD-004,1,20.28,19.75
ORD-2024-039402,2,PROD-035,2,10.14,19.87
ORD-2024-039403,1,PROD-037,2,9.86,16.83
ORD-2024-039404,1,PROD-001,1,12.9,12.36
ORD-2024-039405,1,PROD-001,1,12.9,11.74
ORD-2024-039406,1,PROD-037,1,9.86,9.48
ORD-2024-039406,2,PROD-032,3,19.72,51.67
ORD-2024-039407,1,PROD-005,1,20.28,20.06
ORD-2024-039407,2,PROD-040,4,15.21,58.56
ORD-2024-039408,1,PROD-037,3,9.86,28.42
ORD-2024-039409,1,PROD-002,2,11.9,16.09
ORD-2024-039410,1,PROD-003,2,14.37,25.97
ORD-2024-039410,2,PROD-034,3,9.01,26.81
ORD-2024-039410,3,PROD-015,1,26.76,25.79
ORD-2024-039411,1,PROD-004,1,20.28,13.25
ORD-2024-039411,2,PROD-002,1,11.9,11.67
ORD-2024-039412,1,PROD-004,1,20.28,19.41
ORD-2024-039413,1,PROD-001,2,12.9,24.88
ORD-2024-039414,1,PROD-001,1,12.9,11.35
ORD-2024-039414,2,PROD-007,1,17.18,15.58
ORD-2024-039415,1,PROD-024,1,8.73,7.56
ORD-2024-039416,1,PROD-042,1,73.24,72.87
ORD-2024-039417,1,PROD-016,1,8.9,8.67
ORD-2024-039418,1,PROD-011,1,14.9,13.68
ORD-2024-039419,1,PROD-040,1,15.21,14.9
ORD-2024-039420,1,PROD-004,1,20.28,19.23
ORD-2024-039421,1,PROD-035,1,10.14,8.74
ORD-2024-039422,1,PROD-002,2,11.9,19.95
ORD-2024-039423,1,PROD-029,1,24.79,23.17
ORD-2024-039423,2,PROD-005,1,20.28,19.38
ORD-2024-039424,1,PROD-035,3,10.14,26.43
ORD-2024-039424,2,PROD-040,2,15.21,23.64
ORD-2024-039425,1,PROD-052,1,46.48,38.53
ORD-2024-039426,1,PROD-001,2,12.9,23.66
ORD-2024-039426,2,PROD-013,3,11.9,32.13
ORD-2024-039426,3,PROD-034,2,9.01,17.79
ORD-2024-039427,1,PROD-011,1,14.9,13.54
ORD-2024-039427,2,PROD-040,1,15.21,14.64
ORD-2024-039428,1,PROD-001,2,12.9,25.45
ORD-2024-039429,1,PROD-002,2,11.9,22.58
ORD-2024-039430,1,PROD-044,1,40.85,36.86
ORD-2024-039431,1,PROD-032,2,19.72,33.99
ORD-2024-039431,2,PROD-016,1,8.9,8.2
ORD-2024-039432,1,PROD-037,1,9.86,9.25
ORD-2024-039432,2,PROD-006,2,32.39,53.83
ORD-2024-039433,1,PROD-007,2,17.18,25.24
ORD-2024-039433,2,PROD-017,2,12.5,11.25
ORD-2024-039433,3,PROD-034,1,9.01,7.64
ORD-2024-039434,1,PROD-039,1,8.17,6.74
ORD-2024-039435,1,PROD-007,1,17.18,15.47
ORD-2024-039435,2,PROD-002,2,11.9,22.4
ORD-2024-039435,3,PROD-035,4,10.14,34.54
ORD-2024-039435,4,PROD-010,1,38.03,29.67
ORD-2024-039436,1,PROD-041,1,11.83,11.4
ORD-2024-039437,1,PROD-004,1,20.28,18.92
ORD-2024-039437,2,PROD-035,1,10.14,8.69
ORD-2024-039438,1,PROD-003,1,14.37,10.84
ORD-2024-039438,2,PROD-016,1,8.9,7.48
ORD-2024-039439,1,PROD-036,1,11.55,10.42
ORD-2024-039439,2,PROD-037,1,9.86,6.33
ORD-2024-039439,3,PROD-001,1,12.9,11.27
ORD-2024-039440,1,PROD-008,2,9.9,17.77
ORD-2024-039441,1,PROD-048,1,55.77,50.54
ORD-2024-039441,2,PROD-011,1,14.9,13.7
ORD-2024-039442,1,PROD-006,1,32.39,28.63
ORD-2024-039443,1,PROD-039,1,8.17,7.85
ORD-2024-039444,1,PROD-001,1,12.9,12.5
ORD-2024-039444,2,PROD-004,2,20.28,40.02
ORD-2024-039445,1,PROD-048,1,55.77,35.43
ORD-2024-039446,1,PROD-023,2,7.89,14.63
ORD-2024-039446,2,PROD-007,2,17.18,33.39
ORD-2024-039447,1,PROD-010,2,38.03,66.91
ORD-2024-039448,1,PROD-032,1,19.72,19.05
ORD-2024-039449,1,PROD-006,1,32.39,30.6
ORD-2024-039450,1,PROD-058,1,39.44,35.77
ORD-2024-039450,2,PROD-012,1,18.5,17.82
ORD-2024-039451,1,PROD-013,2,11.9,19.91
ORD-2024-039451,2,PROD-005,2,20.28,38.56
ORD-2024-039451,3,PROD-058,1,39.44,36.13
ORD-2024-039452,1,PROD-002,3,11.9,34.16
ORD-2024-039453,1,PROD-011,1,14.9,12.75
ORD-2024-039454,1,PROD-042,4,73.24,233.69
ORD-2024-039455,1,PROD-045,1,72.68,65.97
ORD-2024-039456,1,PROD-006,1,32.39,29.48
ORD-2024-039456,2,PROD-002,1,11.9,8.8
ORD-2024-039456,3,PROD-005,1,20.28,19.63
ORD-2024-039457,1,PROD-023,2,7.89,14.04
ORD-2024-039457,2,PROD-004,2,20.28,35.57
ORD-2024-039457,3,PROD-003,2,14.37,26.49
ORD-2024-039458,1,PROD-004,1,20.28,17.63
ORD-2024-039459,1,PROD-001,1,12.9,12.58
ORD-2024-039459,2,PROD-044,1,40.85,38.96
ORD-2024-039459,3,PROD-032,3,19.72,56.54
ORD-2024-039460,1,PROD-004,1,20.28,18.15
ORD-2024-039460,2,PROD-014,3,9.9,28.02
ORD-2024-039461,1,PROD-002,2,11.9,20.17
ORD-2024-039461,2,PROD-016,1,8.9,7.34
ORD-2024-039461,3,PROD-001,1,12.9,11.19
ORD-2024-039462,1,PROD-044,1,40.85,32.64
ORD-2024-039463,1,PROD-006,3,32.39,82.8
ORD-2024-039464,1,PROD-036,1,11.55,10.98
ORD-2024-039464,2,PROD-022,1,9.01,4.05
ORD-2024-039465,1,PROD-001,1,12.9,11.44
ORD-2024-039466,1,PROD-006,2,32.39,61.29
ORD-2024-039467,1,PROD-056,1,101.41,99.1
ORD-2024-039468,1,PROD-041,1,11.83,11.23
ORD-2024-039469,1,PROD-001,2,12.9,24.26
ORD-2024-039469,2,PROD-007,2,17.18,
ORD-2024-039470,1,PROD-021,1,15.49,14.11
ORD-2024-039471,1,PROD-003,2,14.37,27.75
ORD-2024-039471,2,PROD-037,1,9.86,9.78
ORD-2024-039471,3,PROD-035,2,10.14,19.52
ORD-2024-039472,1,PROD-005,1,20.28,17.84
ORD-2024-039472,2,PROD-034,1,9.01,8.85
ORD-2024-039473,1,PROD-001,2,12.9,24.9
ORD-2024-039474,1,PROD-035,1,10.14,9.64
ORD-2024-039475,1,PROD-027,2,21.13,39.15
ORD-2024-039476,1,PROD-004,1,20.28,19.87
ORD-2024-039477,1,PROD-010,2,38.03,71.63
ORD-2024-039478,1,PROD-004,2,20.28,36.16
ORD-2024-039478,2,PROD-034,1,9.01,8.46
ORD-2024-039478,3,PROD-006,1,32.39,31.94
ORD-2024-039479,1,PROD-014,2,9.9,18.12
ORD-2024-039480,1,PROD-040,2,15.21,26.52
ORD-2024-039480,2,PROD-010,2,38.03,59.61
ORD-2024-039481,1,PROD-036,3,11.55,32.14
ORD-2024-039482,1,PROD-006,3,32.39,94.07
ORD-2024-039483,1,PROD-027,1,21.13,20.54
ORD-2024-039484,1,PROD-003,1,14.37,13.97
ORD-2024-039485,1,PROD-060,1,42.25,40.79
ORD-2024-039486,1,PROD-041,1,11.83,11.66
ORD-2024-039487,1,PROD-002,1,11.9,10.7
ORD-2024-039488,1,PROD-029,1,24.79,23.1
ORD-2024-039488,2,PROD-010,2,38.03,62.87
ORD-2024-039489,1,PROD-049,1,80.28,71.89
ORD-2024-039489,2,PROD-015,2,26.76,31.18
ORD-2024-039490,1,PROD-012,1,18.5,17.33
ORD-2024-039491,1,PROD-004,1,20.28,16.15
ORD-2024-039491,2,PROD-049,1,80.28,48.52
ORD-2024-039492,1,PROD-001,1,12.9,11.71
ORD-2024-039492,2,PROD-013,1,11.9,10.16
ORD-2024-039493,1,PROD-044,1,40.85,39.78
ORD-2024-039494,1,PROD-007,1,17.18,15.55
ORD-2024-039495,1,PROD-010,1,38.03,36.95
ORD-2024-039496,1,PROD-019,2,29.58,58.43
ORD-2024-039497,1,PROD-001,2,12.9,17.64
ORD-2024-039498,1,PROD-048,1,55.77,55.51
ORD-2024-039498,2,PROD-036,4,11.55,43.46
ORD-2024-039499,1,PROD-020,1,10.14,9.74
ORD-2024-039500,1,PROD-028,2,17.18,28.59
ORD-2024-039501,1,PROD-029,1,24.79,22.43
ORD-2024-039501,2,PROD-007,1,17.18,16.71
ORD-2024-039501,3,PROD-005,3,20.28,55.41
ORD-2024-039502,1,PROD-002,2,11.9,23.39
ORD-2024-039502,2,PROD-037,1,9.86,8.41
ORD-2024-039502,3,PROD-015,2,26.76,48.72
ORD-2024-039502,4,PROD-042,1,73.24,68.97
ORD-2024-039503,1,PROD-003,2,14.37,23.68
ORD-2024-039504,1,PROD-039,2,8.17,11.39
ORD-2024-039504,2,PROD-002,1,11.9,10.04
ORD-2024-039505,1,PROD-007,1,17.18,16.5
ORD-2024-039506,1,PROD-032,3,19.72,37.63
ORD-2024-039506,2,PROD-005,3,20.28,50.61
ORD-2024-039507,1,PROD-001,2,12.9,25.02
ORD-2024-039508,1,PROD-031,2,53.52,105.17
ORD-2024-039509,1,PROD-002,1,11.9,7.26
ORD-2024-039509,2,PROD-005,1,20.28,16.44
ORD-2024-039509,3,PROD-047,1,108.45,98.14
ORD-2024-039510,1,PROD-052,1,46.48,30.91
ORD-2024-039511,1,PROD-004,2,20.28,38.89
ORD-2024-039512,1,PROD-004,2,20.28,36.34
ORD-2024-039512,2,PROD-041,2,11.83,22.51
ORD-2024-039512,3,PROD-049,1,80.28,77.76
ORD-2024-039512,4,PROD-035,1,10.14,10.02
ORD-2024-039512,5,PROD-047,1,108.45,102.94
ORD-2024-039513,1,PROD-001,1,12.9,11.1
ORD-2024-039514,1,PROD-028,1,17.18,16.05
ORD-2024-039515,1,PROD-031,2,53.52,100.67
ORD-2024-039515,2,PROD-001,1,12.9,12.65
ORD-2024-039516,1,PROD-001,1,12.9,11.92
ORD-2024-039516,2,PROD-006,1,32.39,27.88
ORD-2024-039517,1,PROD-024,1,8.73,8.05
ORD-2024-039517,2,PROD-005,2,20.28,39.84
ORD-2024-039517,3,PROD-001,1,12.9,12.0
ORD-2024-039518,1,PROD-021,2,15.49,30.03
ORD-2024-039519,1,PROD-016,3,8.9,16.89
ORD-2024-039519,2,PROD-011,2,14.9,13.41
ORD-2024-039520,1,PROD-020,2,10.14,15.0
ORD-2024-039520,2,PROD-024,1,8.73,6.17
ORD-2024-039520,3,PROD-006,1,32.39,21.63
ORD-2024-039521,1,PROD-006,1,32.39,30.92
ORD-2024-039521,2,PROD-004,2,20.28,38.78
ORD-2024-039522,1,PROD-027,1,21.13,13.43
ORD-2024-039522,2,PROD-001,2,12.9,23.23
ORD-2024-039523,1,PROD-004,2,20.28,39.97
ORD-2024-039523,2,PROD-039,1,8.17,8.01
ORD-2024-039524,1,PROD-033,1,52.11,51.47
ORD-2024-039525,1,PROD-008,1,9.9,9.7
ORD-2024-039526,1,PROD-004,1,20.28,19.12
ORD-2024-039526,2,PROD-027,2,21.13,35.17
ORD-2024-039526,3,PROD-001,1,12.9,12.48
ORD-2024-039527,1,PROD-003,3,14.37,39.93
ORD-2024-039528,1,PROD-002,2,11.9,16.37
ORD-2024-039529,1,PROD-021,2,15.49,29.47
ORD-2024-039530,1,PROD-025,1,21.97,18.86
ORD-2024-039531,1,PROD-006,2,32.39,57.06
ORD-2024-039531,2,PROD-005,2,20.28,36.91
ORD-2024-039532,1,PROD-034,4,9.01,34.06
ORD-2024-039533,1,PROD-003,1,14.37,13.68
ORD-2024-039534,1,PROD-005,1,20.28,20.06
ORD-2024-039535,1,PROD-017,1,12.5,10.1
ORD-2024-039535,2,PROD-051,1,36.06,31.68
ORD-2024-039536,1,PROD-010,2,38.03,74.32
ORD-2024-039537,1,PROD-022,1,9.01,8.4
ORD-2024-039538,1,PROD-001,2,12.9,20.74
ORD-2024-039539,1,PROD-004,1,20.28,19.7
ORD-2024-039539,2,PROD-044,1,40.85,39.69
ORD-2024-039539,3,PROD-032,2,19.72,36.32
ORD-2024-039539,4,PROD-030,1,49.3,41.53
ORD-2024-039539,5,PROD-028,1,17.18,15.65
ORD-2024-039540,1,PROD-027,1,21.13,19.98
ORD-2024-039540,2,PROD-005,1,20.28,18.84
ORD-2024-039541,1,PROD-004,1,20.28,19.44
ORD-2024-039541,2,PROD-035,1,10.14,9.24
ORD-2024-039541,3,PROD-006,1,32.39,29.79
ORD-2024-039542,1,PROD-036,1,11.55,11.04
ORD-2024-039542,2,PROD-004,1,20.28,18.8
ORD-2024-039543,1,PROD-020,2,10.14,18.24
ORD-2024-039543,2,PROD-027,2,21.13,36.5
ORD-2024-039543,3,PROD-003,1,14.37,11.61
ORD-2024-039544,1,PROD-001,1,12.9,12.24
ORD-2024-039545,1,PROD-005,1,20.28,18.2
ORD-2024-039545,2,PROD-035,2,10.14,19.31
ORD-2024-039545,3,PROD-003,1,14.37,14.24
ORD-2024-039545,4,PROD-040,2,15.21,26.69
ORD-2024-039546,1,PROD-002,1,11.9,10.31
ORD-2024-039547,1,PROD-007,1,17.18,15.1
ORD-2024-039548,1,PROD-003,3,14.37,29.89
ORD-2024-039548,2,PROD-001,1,12.9,10.33
ORD-2024-039549,1,PROD-005,1,20.28,18.63
ORD-2024-039549,2,PROD-025,1,21.97,20.6
ORD-2024-039549,3,PROD-017,1,12.5,11.26
ORD-2024-039550,1,PROD-053,1,53.52,41.89
ORD-2024-039550,2,PROD-034,3,9.01,18.55
ORD-2024-039551,1,PROD-038,1,7.89,6.15
ORD-2024-039552,1,PROD-008,2,9.9,14.62
ORD-2024-039553,1,PROD-051,1,36.06,33.26
ORD-2024-039553,2,PROD-026,2,14.65,28.88
ORD-2024-039554,1,PROD-005,2,20.28,35.9
ORD-2024-039555,1,PROD-007,1,17.18,16.85
ORD-2024-039556,1,PROD-010,1,38.03,37.54
ORD-2024-039556,2,PROD-007,1,17.18,16.6
ORD-2024-039556,3,PROD-002,2,11.9,22.3
ORD-2024-039556,4,PROD-004,1,20.28,20.08
ORD-2024-039557,1,PROD-004,1,20.28,19.73
ORD-2024-039558,1,PROD-024,2,8.73,11.36
ORD-2024-039559,1,PROD-053,1,53.52,44.77
ORD-2024-039559,2,PROD-035,1,10.14,9.44
ORD-2024-039560,1,PROD-029,1,24.79,16.59
ORD-2024-039561,1,PROD-040,3,15.21,44.47
ORD-2024-039562,1,PROD-002,2,11.9,22.08
ORD-2024-039562,2,PROD-007,1,17.18,16.78
ORD-2024-039563,1,PROD-006,3,32.39,96.12
ORD-2024-039563,2,PROD-028,1,17.18,16.88
ORD-2024-039563,3,PROD-019,2,29.58,58.63
ORD-2024-039564,1,PROD-005,1,20.28,16.95
ORD-2024-039565,1,PROD-002,1,11.9,11.24
ORD-2024-039566,1,PROD-005,1,20.28,18.44
ORD-2024-039567,1,PROD-032,3,19.72,51.75
ORD-2024-039568,1,PROD-034,1,9.01,8.69
ORD-2024-039568,2,PROD-002,1,11.9,11.23
ORD-2024-039569,1,PROD-006,1,32.39,27.98
ORD-2024-039570,1,PROD-005,1,20.28,19.46
ORD-2024-039571,1,PROD-049,1,80.28,70.65
ORD-2024-039572,1,PROD-004,3,20.28,50.78
ORD-2024-039573,1,PROD-001,1,12.9,11.98
ORD-2024-039574,1,PROD-005,1,20.28,19.44
ORD-2024-039574,2,PROD-053,1,53.52,52.66
ORD-2024-039575,1,PROD-031,1,53.52,38.55
ORD-2024-039576,1,PROD-004,2,20.28,40.09
ORD-2024-039576,2,PROD-006,2,32.39,63.25
ORD-2024-039577,1,PROD-016,1,8.9,8.59
ORD-2024-039577,2,PROD-001,1,12.9,10.81
ORD-2024-039577,3,PROD-042,3,73.24,209.0
ORD-2024-039578,1,PROD-041,1,11.83,11.21
ORD-2024-039578,2,PROD-004,1,20.28,19.65
ORD-2024-039578,3,PROD-036,3,11.55,34.33
ORD-2024-039578,4,PROD-007,2,17.18,33.5
ORD-2024-039578,5,PROD-010,2,38.03,75.71
ORD-2024-039579,1,PROD-040,4,15.21,57.6
ORD-2024-039580,1,PROD-005,1,20.28,18.64
ORD-2024-039581,1,PROD-005,1,20.28,17.98
ORD-2024-039581,2,PROD-001,2,12.9,22.67
ORD-2024-039581,3,PROD-004,1,20.28,17.35
ORD-2024-039582,1,PROD-034,4,9.01,34.5
ORD-2024-039582,2,PROD-032,2,19.72,33.78
ORD-2024-039582,3,PROD-002,1,11.9,10.57
ORD-2024-039582,4,PROD-026,2,14.65,28.38
ORD-2024-039583,1,PROD-032,2,19.72,35.96
ORD-2024-039584,1,PROD-040,2,15.21,28.04
ORD-2024-039585,1,PROD-012,1,18.5,17.92
ORD-2024-039586,1,PROD-027,1,21.13,17.29
ORD-2024-039587,1,PROD-035,1,10.14,9.33
ORD-2024-039588,1,PROD-004,1,20.28,16.92
ORD-2024-039588,2,PROD-002,1,11.9,9.85
ORD-2024-039589,1,PROD-023,1,7.89,7.39
ORD-2024-039590,1,PROD-002,2,11.9,18.14
ORD-2024-039590,2,PROD-005,2,20.28,38.58
ORD-2024-039590,3,PROD-004,1,20.28,18.94
ORD-2024-039591,1,PROD-038,1,7.89,7.19
ORD-2024-039592,1,PROD-001,1,12.9,12.38
ORD-2024-039592,2,PROD-033,1,52.11,47.3
ORD-2024-039592,3,PROD-035,2,10.14,19.02
ORD-2024-039592,4,PROD-002,2,11.9,22.81
ORD-2024-039592,5,PROD-016,3,8.9,26.04
ORD-2024-039593,1,PROD-005,2,20.28,23.71
ORD-2024-039594,1,PROD-002,2,11.9,23.51
ORD-2024-039594,2,PROD-023,2,7.89,15.16
ORD-2024-039595,1,PROD-019,1,29.58,27.48
ORD-2024-039595,2,PROD-016,1,8.9,8.52
ORD-2024-039596,1,PROD-010,1,38.03,34.11
ORD-2024-039597,1,PROD-046,2,259.15,402.67
ORD-2024-039597,2,PROD-026,1,14.65,7.92
ORD-2024-039598,1,PROD-001,1,12.9,12.65
ORD-2024-039599,1,PROD-035,1,10.14,9.56
ORD-2024-039599,2,PROD-020,1,10.14,9.16
ORD-2024-039599,3,PROD-007,2,17.18,33.89
ORD-2024-039600,1,PROD-007,1,17.18,14.73
ORD-2024-039601,1,PROD-010,1,38.03,33.28
ORD-2024-039601,2,PROD-001,2,12.9,24.92
ORD-2024-039602,1,PROD-059,1,52.11,51.7
ORD-2024-039603,1,PROD-004,1,20.28,19.38
ORD-2024-039604,1,PROD-030,1,49.3,43.13
ORD-2024-039605,1,PROD-004,1,20.28,17.69
ORD-2024-039605,2,PROD-020,2,10.14,17.98
ORD-2024-039606,1,PROD-001,1,12.9,11.02
ORD-2024-039607,1,PROD-055,1,74.65,73.84
ORD-2024-039608,1,PROD-027,1,21.13,19.69
ORD-2024-039609,1,PROD-003,3,14.37,41.01
ORD-2024-039610,1,PROD-027,1,21.13,19.0
ORD-2024-039610,2,PROD-034,2,9.01,16.53
ORD-2024-039610,3,PROD-007,2,17.18,30.81
ORD-2024-039611,1,PROD-004,2,20.28,39.34
ORD-2024-039612,1,PROD-005,3,20.28,60.62
ORD-2024-039612,2,PROD-001,1,12.9,12.52
ORD-2024-039613,1,PROD-036,3,11.55,32.85
ORD-2024-039613,2,PROD-008,1,9.9,9.47
ORD-2024-039614,1,PROD-021,1,15.49,13.7
ORD-2024-039615,1,PROD-003,1,14.37,10.53
ORD-2024-039616,1,PROD-027,1,21.13,18.33
ORD-2024-039616,2,PROD-002,3,11.9,34.32
ORD-2024-039616,3,PROD-004,1,20.28,17.59
ORD-2024-039617,1,PROD-051,1,36.06,35.96
ORD-2024-039617,2,PROD-003,1,14.37,13.3
ORD-2024-039618,1,PROD-041,1,11.83,10.07
ORD-2024-039618,2,PROD-006,2,32.39,63.32
ORD-2024-039618,3,PROD-008,1,9.9,9.47
ORD-2024-039618,4,PROD-007,3,17.18,50.67
ORD-2024-039619,1,PROD-005,1,20.28,17.73
ORD-2024-039619,2,PROD-035,2,10.14,18.55
ORD-2024-039620,1,PROD-001,1,12.9,12.39
ORD-2024-039621,1,PROD-038,1,7.89,5.79
ORD-2024-039622,1,PROD-001,1,12.9,10.95
ORD-2024-039622,2,PROD-006,1,32.39,22.53
ORD-2024-039622,3,PROD-053,1,53.52,46.24
ORD-2024-039623,1,PROD-005,1,20.28,19.63
ORD-2024-039623,2,PROD-008,2,9.9,19.39
ORD-2024-039624,1,PROD-005,1,20.28,19.84
ORD-2024-039625,1,PROD-023,1,7.89,6.7
ORD-2024-039626,1,PROD-037,1,9.86,8.42
ORD-2024-039627,1,PROD-004,1,20.28,17.59
ORD-2024-039628,1,PROD-037,1,9.86,9.59
ORD-2024-039629,1,PROD-008,1,9.9,8.59
ORD-2024-039629,2,PROD-006,1,32.39,26.73
ORD-2024-039630,1,PROD-036,3,11.55,32.35
ORD-2024-039631,1,PROD-041,1,11.83,11.76
ORD-2024-039631,2,PROD-002,1,11.9,11.4
ORD-2024-039631,3,PROD-032,2,19.72,36.8
ORD-2024-039632,1,PROD-017,3,12.5,36.06
ORD-2024-039632,2,PROD-036,3,11.55,24.34
ORD-2024-039633,1,PROD-008,1,9.9,9.14
ORD-2024-039634,1,PROD-001,2,12.9,25.2
ORD-2024-039635,1,PROD-011,2,14.9,29.41
ORD-2024-039636,1,PROD-017,1,12.5,11.42
ORD-2024-039637,1,PROD-020,1,10.14,9.16
ORD-2024-039638,1,PROD-026,1,14.65,13.52
 ORD-2024-039639 ,1,PROD-056,1,101.41,79.96
ORD-2024-039640,1,PROD-004,1,20.28,16.8
ORD-2024-039640,2,PROD-013,1,11.9,8.22
ORD-2024-039640,3,PROD-001,2,12.9,23.27
ORD-2024-039641,1,PROD-002,2,11.9,18.56
ORD-2024-039642,1,PROD-037,2,9.86,12.47
ORD-2024-039642,2,PROD-024,1,8.73,7.92
ORD-2024-039642,3,PROD-027,1,21.13,14.5
ORD-2024-039643,1,PROD-024,1,8.73,8.5
ORD-2024-039643,2,PROD-001,2,12.9,23.53
ORD-2024-039644,1,PROD-010,2,38.03,73.75
ORD-2024-039644,2,PROD-037,1,9.86,9.45
ORD-2024-039644,3,PROD-041,1,11.83,10.74
ORD-2024-039645,1,PROD-002,1,11.9,10.28
ORD-2024-039646,1,PROD-045,1,72.68,67.56
ORD-2024-039647,1,PROD-028,2,17.18,24.43
ORD-2024-039647,2,PROD-024,1,8.73,4.7
ORD-2024-039647,3,PROD-027,1,21.13,13.91
ORD-2024-039648,1,PROD-003,2,14.37,28.04
ORD-2024-039648,2,PROD-041,3,11.83,28.21
ORD-2024-039649,1,PROD-005,1,20.28,19.74
ORD-2024-039650,1,PROD-005,1,20.28,18.07
ORD-2024-039650,2,PROD-004,1,20.28,18.29
ORD-2024-039651,1,PROD-033,1,52.11,43.46
ORD-2024-039651,2,PROD-036,1,11.55,9.2
ORD-2024-039651,3,PROD-037,1,9.86,9.54
ORD-2024-039652,1,PROD-004,2,20.28,18.25
ORD-2024-039653,1,PROD-005,3,20.28,56.96
ORD-2024-039654,1,PROD-019,2,29.58,57.54
ORD-2024-039655,1,PROD-031,1,53.52,51.26
ORD-2024-039655,2,PROD-006,1,32.39,28.23
ORD-2024-039655,3,PROD-005,2,20.28,36.97
ORD-2024-039656,1,PROD-027,2,21.13,26.25
ORD-2024-039656,2,PROD-004,2,20.28,34.29
ORD-2024-039657,1,PROD-023,1,7.89,7.86
ORD-2024-039658,1,PROD-002,2,11.9,23.49
ORD-2024-039658,2,PROD-004,2,20.28,39.59
ORD-2024-039659,1,PROD-005,1,20.28,16.06
ORD-2024-039660,1,PROD-005,1,20.28,19.26
ORD-2024-039660,2,PROD-003,3,14.37,41.73
ORD-2024-039660,3,PROD-041,1,11.83,11.16
ORD-2024-039661,1,PROD-008,1,9.9,8.43
ORD-2024-039662,1,PROD-021,1,15.49,15.35
ORD-2024-039663,1,PROD-003,2,14.37,26.47
ORD-2024-039664,1,PROD-008,1,9.9,7.11
ORD-2024-039664,2,PROD-036,1,11.55,9.18
ORD-2024-039664,3,PROD-010,1,38.03,34.07
ORD-2024-039665,1,PROD-006,1,32.39,30.75
ORD-2024-039666,1,PROD-047,1,108.45,108.12
ORD-2024-039667,1,PROD-002,1,11.9,11.49
ORD-2024-039668,1,PROD-032,2,19.72,38.69
ORD-2024-039668,2,PROD-013,1,11.9,7.28
ORD-2024-039669,1,PROD-007,2,17.18,32.8
ORD-2024-039670,1,PROD-051,2,36.06,45.36
ORD-2024-039671,1,PROD-005,1,20.28,14.78
ORD-2024-039672,1,PROD-052,1,46.48,32.51
ORD-2024-039673,1,PROD-027,2,21.13,39.75
ORD-2024-039674,1,PROD-048,1,55.77,48.34
ORD-2024-039675,1,PROD-039,3,8.17,15.45
ORD-2024-039676,1,PROD-025,1,21.97,15.77
ORD-2024-039676,2,PROD-036,2,11.55,19.94
ORD-2024-039676,3,PROD-030,1,49.3,38.7
ORD-2024-039677,1,PROD-027,1,21.13,13.4
ORD-2024-039677,2,PROD-031,2,53.52,99.84
ORD-2024-039678,1,PROD-004,2,20.28,38.18
ORD-2024-039678,2,PROD-035,1,10.14,9.88
ORD-2024-039679,1,PROD-001,2,12.9,12.79
ORD-2024-039679,2,PROD-034,1,9.01,8.3
ORD-2024-039680,1,PROD-007,2,17.18,33.54
ORD-2024-039681,1,PROD-034,3,9.01,24.43
ORD-2024-039682,1,PROD-037,1,9.86,6.92
ORD-2024-039682,2,PROD-022,1,9.01,7.43
ORD-2024-039682,3,PROD-011,1,14.9,10.04
ORD-2024-039683,1,PROD-002,2,11.9,21.02
ORD-2024-039683,2,PROD-005,1,20.28,19.08
ORD-2024-039684,1,PROD-011,2,14.9,29.38
ORD-2024-039685,1,PROD-042,2,73.24,136.12
ORD-2024-039686,1,PROD-003,3,14.37,38.02
ORD-2024-039686,2,PROD-034,1,9.01,7.88
ORD-2024-039687,1,PROD-001,3,12.9,37.6
ORD-2024-039688,1,PROD-003,1,14.37,13.34
ORD-2024-039689,1,PROD-041,2,11.83,22.93
ORD-2024-039689,2,PROD-029,1,24.79,23.54
ORD-2024-039690,1,PROD-021,2,15.49,24.19
ORD-2024-039691,1,PROD-047,1,108.45,92.13
ORD-2024-039692,1,PROD-001,1,12.9,12.63
ORD-2024-039692,2,PROD-002,1,11.9,11.65
ORD-2024-039693,1,PROD-030,1,49.3,38.25
ORD-2024-039694,1,PROD-035,3,10.14,21.46
ORD-2024-039694,2,PROD-023,1,7.89,5.82
ORD-2024-039695,1,PROD-002,1,11.9,11.5
ORD-2024-039696,1,PROD-008,2,9.9,17.41
ORD-2024-039697,1,PROD-004,1,20.28,18.1
ORD-2024-039697,2,PROD-003,2,14.37,25.79
ORD-2024-039698,1,PROD-004,1,20.28,19.67
ORD-2024-039699,1,PROD-002,1,11.9,10.87
ORD-2024-039699,2,PROD-038,1,7.89,6.39
ORD-2024-039699,3,PROD-035,1,10.14,9.09
ORD-2024-039700,1,PROD-001,1,12.9,11.82
ORD-2024-039700,2,PROD-003,2,14.37,21.93
ORD-2024-039701,1,PROD-030,1,49.3,46.75
ORD-2024-039702,1,PROD-001,1,12.9,12.57
ORD-2024-039702,2,PROD-025,1,21.97,21.05
ORD-2024-039702,3,PROD-041,2,11.83,23.4
ORD-2024-039702,4,PROD-052,1,46.48,45.81
ORD-2024-039702,5,PROD-035,2,10.14,19.42
ORD-2024-039703,1,PROD-028,1,17.18,13.88
ORD-2024-039703,2,PROD-020,1,10.14,9.89
ORD-2024-039704,1,PROD-017,2,12.5,24.0
ORD-2024-039704,2,PROD-002,3,11.9,32.97
ORD-2024-039705,1,PROD-030,1,49.3,44.95
ORD-2024-039706,1,PROD-041,3,11.83,34.42
ORD-2024-039706,2,PROD-027,1,21.13,20.7
ORD-2024-039706,3,PROD-035,2,10.14,18.6
ORD-2024-039707,1,PROD-040,2,15.21,29.25
ORD-2024-039708,1,PROD-039,2,8.17,13.64
ORD-2024-039709,1,PROD-015,2,26.76,50.05
ORD-2024-039710,1,PROD-005,1,20.28,19.74
ORD-2024-039711,1,PROD-003,1,14.37,13.71
ORD-2024-039712,1,PROD-011,2,14.9,16.6
ORD-2024-039712,2,PROD-024,1,8.73,5.55
ORD-2024-039713,1,PROD-010,1,38.03,37.62
ORD-2024-039713,2,PROD-035,4,10.14,39.15
ORD-2024-039713,3,PROD-001,1,12.9,12.63
ORD-2024-039713,4,PROD-015,3,26.76,77.44
ORD-2024-039714,1,PROD-001,1,12.9,11.68
ORD-2024-039715,1,PROD-041,4,11.83,46.52
ORD-2024-039716,1,PROD-002,1,11.9,11.3
ORD-2024-039717,1,PROD-002,1,11.9,9.34
ORD-2024-039717,2,PROD-023,1,7.89,7.69
ORD-2024-039717,3,PROD-041,1,11.83,11.02
ORD-2024-039718,1,PROD-002,1,11.9,11.52
ORD-2024-039718,2,PROD-010,2,38.03,73.38
ORD-2024-039719,1,PROD-008,1,9.9,9.44
ORD-2024-039720,1,PROD-024,2,8.73,16.3
ORD-2024-039720,2,PROD-003,2,14.37,23.41
ORD-2024-039720,3,PROD-001,3,12.9,38.32
ORD-2024-039721,1,PROD-004,3,20.28,47.9
ORD-2024-039722,1,PROD-004,2,20.28,35.31
ORD-2024-039723,1,PROD-011,1,14.9,14.31
ORD-2024-039724,1,PROD-003,1,14.37,12.78
ORD-2024-039724,2,PROD-004,1,20.28,17.03
ORD-2024-039725,1,PROD-038,3,7.89,21.8
ORD-2024-039726,1,PROD-035,2,10.14,18.36
ORD-2024-039726,2,PROD-004,1,20.28,13.74
ORD-2024-039727,1,PROD-013,2,11.9,19.77
ORD-2024-039728,1,PROD-006,2,32.39,57.64
ORD-2024-039728,2,PROD-005,1,20.28,19.73
ORD-2024-039729,1,PROD-042,2,73.24,124.57
ORD-2024-039729,2,PROD-036,1,11.55,8.87
ORD-2024-039729,3,PROD-028,1,17.18,16.22
ORD-2024-039730,1,PROD-041,2,11.83,22.48
ORD-2024-039731,1,PROD-012,1,18.5,14.27
ORD-2024-039732,1,PROD-052,1,46.48,45.07
ORD-2024-039733,1,PROD-006,2,32.39,52.32
ORD-2024-039734,1,PROD-010,1,38.03,36.65
ORD-2024-039735,1,PROD-006,3,32.39,91.51
ORD-2024-039736,1,PROD-001,2,12.9,12.46
ORD-2024-039736,2,PROD-022,1,9.01,8.24
ORD-2024-039737,1,PROD-001,1,12.9,10.34
ORD-2024-039738,1,PROD-003,1,14.37,14.07
ORD-2024-039739,1,PROD-050,1,61.97,43.11
ORD-2024-039740,1,PROD-004,3,20.28,49.75
ORD-2024-039741,1,PROD-020,1,10.14,9.16
ORD-2024-039742,1,PROD-001,1,12.9,10.16
ORD-2024-039742,2,PROD-014,2,9.9,16.58
ORD-2024-039743,1,PROD-035,1,10.14,9.98
ORD-2024-039743,2,PROD-030,1,49.3,48.09
ORD-2024-039744,1,PROD-013,2,11.9,23.15
ORD-2024-039745,1,PROD-001,2,12.9,24.07
ORD-2024-039745,2,PROD-005,1,20.28,19.64
ORD-2024-039746,1,PROD-006,1,32.39,28.95
ORD-2024-039746,2,PROD-003,2,14.37,25.13
ORD-2024-039746,3,PROD-002,2,11.9,19.07
ORD-2024-039747,1,PROD-004,1,20.28,19.49
ORD-2024-039748,1,PROD-006,1,32.39,31.42
ORD-2024-039749,1,PROD-016,1,8.9,8.36
ORD-2024-039750,1,PROD-004,2,20.28,29.63
ORD-2024-039751,1,PROD-001,1,12.9,11.04
ORD-2024-039752,1,PROD-040,1,15.21,13.76
ORD-2024-039752,2,PROD-003,1,14.37,13.69
ORD-2024-039753,1,PROD-002,1,11.9,11.25
ORD-2024-039754,1,PROD-051,1,36.06,34.38
ORD-2024-039754,2,PROD-037,3,9.86,26.9
ORD-2024-039755,1,PROD-051,1,36.06,34.82
ORD-2024-039755,2,PROD-032,2,19.72,26.37
ORD-2024-039756,1,PROD-014,1,9.9,8.33
ORD-2024-039757,1,PROD-013,2,11.9,-23.18
ORD-2024-039758,1,PROD-023,2,7.89,15.07
ORD-2024-039759,1,PROD-007,1,17.18,15.73
ORD-2024-039759,2,PROD-017,1,12.5,11.27
ORD-2024-039759,3,PROD-003,1,14.37,12.26
ORD-2024-039760,1,PROD-017,1,12.5,11.15
ORD-2024-039761,1,PROD-004,2,20.28,39.39
ORD-2024-039762,1,PROD-039,2,8.17,16.21
ORD-2024-039763,1,PROD-001,3,12.9,35.83
ORD-2024-039764,1,PROD-033,3,52.11,156.0
ORD-2024-039764,2,PROD-001,3,12.9,32.42
ORD-2024-039765,1,PROD-001,2,12.9,23.91
ORD-2024-039766,1,PROD-020,1,10.14,8.47
ORD-2024-039767,1,PROD-008,3,9.9,27.75
ORD-2024-039767,2,PROD-039,3,8.17,24.0
ORD-2024-039767,3,PROD-049,1,80.28,70.32
ORD-2024-039768,1,PROD-008,2,9.9,18.9
ORD-2024-039769,1,PROD-003,1,14.37,10.96
ORD-2024-039769,2,PROD-033,2,52.11,96.72
ORD-2024-039770,1,PROD-005,2,20.28,35.26
ORD-2024-039771,1,PROD-037,3,9.86,25.7
ORD-2024-039771,2,PROD-035,1,10.14,8.88
ORD-2024-039772,1,PROD-036,1,11.55,11.51
ORD-2024-039773,1,PROD-004,2,20.28,37.12
ORD-2024-039774,1,PROD-028,1,17.18,16.69
ORD-2024-039774,2,PROD-025,1,21.97,20.59
ORD-2024-039774,3,PROD-023,1,7.89,7.58
ORD-2024-039775,1,PROD-014,1,9.9,9.5
ORD-2024-039776,1,PROD-024,1,8.73,6.36
ORD-2024-039777,1,PROD-002,2,11.9,19.17
ORD-2024-039777,2,PROD-052,1,46.48,37.06
ORD-2024-039777,3,PROD-033,1,52.11,38.32
ORD-2024-039778,1,PROD-038,1,7.89,7.4
ORD-2024-039779,1,PROD-006,1,32.39,29.1
ORD-2024-039779,2,PROD-028,1,17.18,17.1
ORD-2024-039780,1,PROD-001,1,12.9,11.59
ORD-2024-039781,1,PROD-005,1,20.28,19.98
ORD-2024-039781,2,PROD-045,1,72.68,63.75
ORD-2024-039782,1,PROD-055,1,74.65,72.08
ORD-2024-039783,1,PROD-006,2,32.39,48.37
ORD-2024-039784,1,PROD-042,4,73.24,250.83
ORD-2024-039785,1,PROD-004,2,20.28,38.61
ORD-2024-039786,1,PROD-004,2,20.28,36.14
ORD-2024-039787,1,PROD-029,1,24.79,22.06
ORD-2024-039788,1,PROD-036,1,11.55,10.91
ORD-2024-039789,1,PROD-008,1,9.9,8.33
ORD-2024-039789,2,PROD-004,2,20.28,38.99
ORD-2024-039790,1,PROD-007,1,17.18,16.2
ORD-2024-039791,1,PROD-003,1,14.37,12.22
ORD-2024-039791,2,PROD-013,1,11.9,10.82
ORD-2024-039791,3,PROD-017,1,12.5,11.72
ORD-2024-039792,1,PROD-008,3,9.9,25.27
ORD-2024-039793,1,PROD-001,1,12.9,11.93
ORD-2024-039794,1,PROD-006,3,32.39,82.93
ORD-2024-039795,1,PROD-004,3,20.28,33.48
ORD-2024-039795,2,PROD-040,1,15.21,9.63
ORD-2024-039796,1,PROD-003,1,14.37,13.18
ORD-2024-039796,2,PROD-052,1,46.48,42.87
ORD-2024-039797,1,PROD-005,2,20.28,39.27
ORD-2024-039797,2,PROD-021,1,15.49,14.54
ORD-2024-039798,1,PROD-001,1,12.9,8.6
ORD-2024-039799,1,PROD-001,2,12.9,24.52
ORD-2024-039800,1,PROD-019,1,29.58,25.57
ORD-2024-039801,1,PROD-004,1,20.28,19.54
ORD-2024-039802,1,PROD-016,2,8.9,14.52
ORD-2024-039803,1,PROD-027,1,21.13,16.51
ORD-2024-039803,2,PROD-024,2,8.73,15.08
ORD-2024-039803,3,PROD-052,1,46.48,38.09
ORD-2024-039803,4,PROD-049,1,80.28,68.4
ORD-2024-039804,1,PROD-032,3,19.72,56.57
ORD-2024-039804,2,PROD-006,1,32.39,31.35
ORD-2024-039805,1,PROD-032,1,19.72,18.54
ORD-2024-039806,1,PROD-044,1,40.85,18.38
ORD-2024-039806,2,PROD-002,2,11.9,15.16
ORD-2024-039807,1,PROD-056,1,101.41,97.89
ORD-2024-039808,1,PROD-005,1,20.28,17.95
ORD-2024-039808,2,PROD-047,1,108.45,105.73
ORD-2024-039809,1,PROD-004,1,20.28,14.92
ORD-2024-039809,2,PROD-041,2,11.83,19.88
ORD-2024-039810,1,PROD-004,1,20.28,13.12
ORD-2024-039811,1,PROD-002,2,11.9,20.02
ORD-2024-039812,1,PROD-008,1,9.9,9.54
ORD-2024-039813,1,PROD-025,1,21.97,18.7
ORD-2024-039814,1,PROD-021,1,15.49,14.42
ORD-2024-039815,1,PROD-048,1,55.77,0.0
ORD-2024-039815,2,PROD-014,3,9.9,26.03
ORD-2024-039816,1,PROD-002,1,11.9,11.23
ORD-2024-039817,1,PROD-008,1,9.9,9.12
ORD-2024-039818,1,PROD-027,1,21.13,17.15
ORD-2024-039818,2,PROD-016,2,8.9,17.35
ORD-2024-039819,1,PROD-028,1,17.18,14.49
ORD-2024-039820,1,PROD-031,2,53.52,94.25
ORD-2024-039820,2,PROD-004,1,20.28,17.16
ORD-2024-039820,3,PROD-013,1,11.9,10.42
ORD-2024-039821,1,PROD-052,1,46.48,38.49
ORD-2024-039821,2,PROD-003,2,14.37,26.85
ORD-2024-039822,1,PROD-006,1,32.39,30.85
ORD-2024-039823,1,PROD-006,2,32.39,57.76
ORD-2024-039823,2,PROD-004,2,20.28,38.2
ORD-2024-039824,1,PROD-036,2,11.55,21.19
ORD-2024-039824,2,PROD-003,2,14.37,27.69
ORD-2024-039824,3,PROD-002,1,11.9,11.36
ORD-2024-039825,1,PROD-006,2,32.39,36.88
ORD-2024-039826,1,PROD-006,1,32.39,28.53
ORD-2024-039826,2,PROD-001,1,12.9,11.66
ORD-2024-039827,1,PROD-027,2,21.13,32.49
ORD-2024-039828,1,PROD-006,2,32.39,63.3
ORD-2024-039828,2,PROD-004,1,20.28,17.9
ORD-2024-039829,1,PROD-006,2,32.39,51.58
ORD-2024-039830,1,PROD-012,2,18.5,32.64
ORD-2024-039831,1,PROD-041,1,11.83,9.09
ORD-2024-039831,2,PROD-004,1,20.28,17.04
ORD-2024-039831,3,PROD-003,2,14.37,26.77
ORD-2024-039832,1,PROD-021,1,15.49,14.15
ORD-2024-039833,1,PROD-029,1,24.79,23.27
ORD-2024-039834,1,PROD-022,1,9.01,8.82
ORD-2024-039835,1,PROD-006,2,32.39,64.49
ORD-2024-039835,2,PROD-040,1,15.21,14.03
ORD-2024-039835,3,PROD-041,2,11.83,23.25
ORD-2024-039836,1,PROD-032,3,19.72,49.55
ORD-2024-039837,1,PROD-034,2,9.01,17.16
ORD-2024-039837,2,PROD-041,2,11.83,22.83
ORD-2024-039838,1,PROD-007,2,17.18,27.5
ORD-2024-039839,1,PROD-039,1,8.17,7.55
ORD-2024-039840,1,PROD-035,1,10.14,9.3
ORD-2024-039840,2,PROD-004,3,20.28,59.05
ORD-2024-039841,1,PROD-001,1,12.9,9.79
ORD-2024-039842,1,PROD-007,2,17.18,29.98
ORD-2024-039842,2,PROD-012,1,18.5,16.74
ORD-2024-039843,1,PROD-004,2,20.28,36.5
ORD-2024-039844,1,PROD-005,1,20.28,18.6
ORD-2024-039844,2,PROD-023,1,7.89,7.58
ORD-2024-039844,3,PROD-031,1,53.52,52.48
ORD-2024-039845,1,PROD-017,2,12.5,23.26
ORD-2024-039845,2,PROD-007,1,17.18,14.87
ORD-2024-039845,3,PROD-001,1,12.9,11.19
ORD-2024-039846,1,PROD-017,2,12.5,20.25
ORD-2024-039846,2,PROD-014,1,9.9,8.12
ORD-2024-039846,3,PROD-020,1,10.14,9.17
ORD-2024-039847,1,PROD-005,1,20.28,18.37
ORD-2024-039847,2,PROD-034,2,9.01,16.29
ORD-2024-039848,1,PROD-004,2,20.28,37.27
ORD-2024-039848,2,PROD-003,2,14.37,27.01
ORD-2024-039848,3,PROD-002,1,11.9,10.79
ORD-2024-039849,1,PROD-024,1,8.73,8.33
ORD-2024-039849,2,PROD-001,1,12.9,12.03
ORD-2024-039850,1,PROD-003,2,14.37,23.77
ORD-2024-039850,2,PROD-006,1,32.39,25.92
ORD-2024-039851,1,PROD-001,1,12.9,11.32
ORD-2024-039851,2,PROD-002,1,11.9,11.47
ORD-2024-039851,3,PROD-035,2,10.14,19.14
ORD-2024-039852,1,PROD-003,1,14.37,11.68
ORD-2024-039853,1,PROD-007,1,17.18,17.09
ORD-2024-039854,1,PROD-005,1,20.28,19.65
ORD-2024-039854,2,PROD-034,1,9.01,8.88
ORD-2024-039854,3,PROD-004,1,20.28,19.15
ORD-2024-039854,4,PROD-003,1,14.37,12.91
ORD-2024-039855,1,PROD-001,2,12.9,23.85
ORD-2024-039855,2,PROD-039,2,8.17,13.2
ORD-2024-039856,1,PROD-004,1,20.28,19.85
ORD-2024-039856,2,PROD-001,2,12.9,24.86
ORD-2024-039856,3,PROD-020,1,10.14,10.1
ORD-2024-039857,1,PROD-001,2,12.9,24.55
ORD-2024-039857,2,PROD-037,1,9.86,9.53
ORD-2024-039858,1,PROD-004,2,20.28,33.06
ORD-2024-039859,1,PROD-039,1,8.17,7.41
ORD-2024-039860,1,PROD-045,1,72.68,54.54
ORD-2024-039861,1,PROD-004,1,20.28,18.0
ORD-2024-039862,1,PROD-027,2,21.13,33.17
ORD-2024-039863,1,PROD-010,2,38.03,72.94
ORD-2024-039864,1,PROD-003,1,14.37,13.36
ORD-2024-039864,2,PROD-004,1,20.28,19.66
ORD-2024-039864,3,PROD-001,2,12.9,23.91
ORD-2024-039864,4,PROD-032,3,19.72,53.14
ORD-2024-039865,1,PROD-003,2,14.37,23.86
ORD-2024-039866,1,PROD-034,2,9.01,14.0
ORD-2024-039867,1,PROD-013,3,11.9,35.14
ORD-2024-039868,1,PROD-005,2,20.28,39.72
ORD-2024-039869,1,PROD-005,2,20.28,34.34
ORD-2024-039869,2,PROD-041,2,11.83,18.39
ORD-2024-039870,1,PROD-041,1,11.83,7.82
ORD-2024-039871,1,PROD-004,1,20.28,19.38
ORD-2024-039872,1,PROD-016,1,8.9,8.26
ORD-2024-039872,2,PROD-041,2,11.83,22.97
ORD-2024-039873,1,PROD-039,1,8.17,7.75
ORD-2024-039873,2,PROD-006,1,32.39,31.54
ORD-2024-039874,1,PROD-004,2,20.28,34.35
ORD-2024-039874,2,PROD-005,1,20.28,18.65
ORD-2024-039874,3,PROD-013,2,11.9,22.08
ORD-2024-039875,1,PROD-006,1,32.39,29.1
ORD-2024-039875,2,PROD-034,4,9.01,32.55
ORD-2024-039876,1,PROD-004,1,20.28,15.5
ORD-2024-039876,2,PROD-005,1,20.28,19.33
ORD-2024-039876,3,PROD-047,1,108.45,91.39
ORD-2024-039877,1,PROD-016,2,8.9,14.6
ORD-2024-039878,1,PROD-040,2,15.21,19.5
ORD-2024-039878,2,PROD-047,1,108.45,86.53
ORD-2024-039878,3,PROD-026,1,14.65,14.27
ORD-2024-039879,1,PROD-007,2,17.18,33.09
ORD-2024-039880,1,PROD-002,1,11.9,11.37
ORD-2024-039880,2,PROD-036,3,11.55,33.13
ORD-2024-039881,1,PROD-005,2,20.28,39.95
ORD-2024-039882,1,PROD-005,2,20.28,39.42
ORD-2024-039882,2,PROD-039,3,8.17,23.5
ORD-2024-039882,3,PROD-001,2,12.9,25.01
ORD-2024-039883,1,PROD-005,1,20.28,19.35
ORD-2024-039884,1,PROD-032,2,19.72,37.99
ORD-2024-039885,1,PROD-008,2,9.9,17.11
ORD-2024-039886,1,PROD-005,1,20.28,18.34
ORD-2024-039886,2,PROD-004,1,20.28,13.13
ORD-2024-039887,1,PROD-022,1,9.01,8.51
ORD-2024-039888,1,PROD-005,1,20.28,18.1
ORD-2024-039888,2,PROD-004,1,20.28,20.2
ORD-2024-039889,1,PROD-028,2,17.18,32.46
ORD-2024-039889,2,PROD-005,1,20.28,20.04
ORD-2024-039890,1,PROD-006,3,32.39,95.65
ORD-2024-039891,1,PROD-001,2,12.9,22.22
ORD-2024-039891,2,PROD-045,1,72.68,57.53
ORD-2024-039892,1,PROD-006,1,32.39,29.29
ORD-2024-039892,2,PROD-038,1,7.89,6.87
ORD-2024-039893,1,PROD-001,1,12.9,11.94
ORD-2024-039893,2,PROD-033,1,52.11,49.15
ORD-2024-039894,1,PROD-002,3,11.9,31.39
ORD-2024-039895,1,PROD-055,1,74.65,59.35
ORD-2024-039896,1,PROD-041,1,11.83,10.96
ORD-2024-039897,1,PROD-001,2,12.9,25.11
ORD-2024-039897,2,PROD-041,3,11.83,33.26
ORD-2024-039898,1,PROD-024,2,8.73,14.42
ORD-2024-039898,2,PROD-004,1,20.28,17.01
ORD-2024-039899,1,PROD-036,4,11.55,41.46
ORD-2024-039900,1,PROD-053,1,53.52,51.47
ORD-2024-039900,2,PROD-010,1,38.03,37.8
ORD-2024-039901,1,PROD-012,2,18.5,30.83
ORD-2024-039901,2,PROD-032,1,19.72,16.87
ORD-2024-039902,1,PROD-044,2,40.85,74.05
ORD-2024-039903,1,PROD-025,1,21.97,21.16
ORD-2024-039903,2,PROD-005,1,20.28,18.32
ORD-2024-039904,1,PROD-010,2,38.03,71.55
ORD-2024-039904,2,PROD-002,1,11.9,11.84
ORD-2024-039905,1,PROD-001,1,12.9,12.3
ORD-2024-039905,2,PROD-040,1,15.21,14.01
ORD-2024-039905,3,PROD-041,1,11.83,10.88
ORD-2024-039906,1,PROD-002,1,11.9,11.41
ORD-2024-039907,1,PROD-003,2,14.37,27.6
ORD-2024-039907,2,PROD-024,1,8.73,8.43
ORD-2024-039907,3,PROD-005,1,20.28,20.17
ORD-2024-039907,4,PROD-041,2,11.83,23.44
ORD-2024-039908,1,PROD-032,1,19.72,18.56
ORD-2024-039908,2,PROD-024,1,8.73,8.37
ORD-2024-039909,1,PROD-006,1,32.39,31.8
ORD-2024-039909,2,PROD-040,1,15.21,13.69
ORD-2024-039909,3,PROD-050,1,61.97,60.95
ORD-2024-039909,4,PROD-004,1,20.28,19.39
ORD-2024-039910,1,PROD-005,1,20.28,18.66
ORD-2024-039911,1,PROD-021,1,15.49,12.24
ORD-2024-039911,2,PROD-040,3,15.21,40.64
ORD-2024-039911,3,PROD-022,1,9.01,8.26
ORD-2024-039912,1,PROD-032,1,19.72,12.52
ORD-2024-039913,1,PROD-001,1,12.9,12.21
ORD-2024-039913,2,PROD-041,1,11.83,8.75
ORD-2024-039914,1,PROD-013,1,11.9,9.73
ORD-2024-039915,1,PROD-004,1,20.28,20.22
ORD-2024-039915,2,PROD-001,1,12.9,12.5
ORD-2024-039916,1,PROD-040,1,15.21,13.19
ORD-2024-039917,1,PROD-004,3,20.28,56.67
ORD-2024-039917,2,PROD-001,1,12.9,9.42
ORD-2024-039917,3,PROD-023,1,7.89,5.52
ORD-2024-039917,4,PROD-013,2,11.9,19.62
ORD-2024-039917,5,PROD-005,1,20.28,18.02
ORD-2024-039918,1,PROD-051,1,36.06,34.04
ORD-2024-039919,1,PROD-003,1,14.37,14.31
ORD-2024-039920,1,PROD-028,1,17.18,13.41
ORD-2024-039921,1,PROD-032,2,19.72,30.05
ORD-2024-039922,1,PROD-036,2,11.55,16.8
ORD-2024-039923,1,PROD-035,3,10.14,25.79
ORD-2024-039923,2,PROD-047,1,108.45,92.89
ORD-2024-039923,3,PROD-038,1,7.89,6.89
ORD-2024-039923,4,PROD-006,1,32.39,29.51
ORD-2024-039924,1,PROD-003,2,14.37,24.94
ORD-2024-039924,2,PROD-002,1,11.9,11.6
ORD-2024-039925,1,PROD-026,1,14.65,13.72
ORD-2024-039926,1,PROD-035,2,10.14,18.6
ORD-2024-039926,2,PROD-001,2,12.9,25.41
ORD-2024-039926,3,PROD-007,1,17.18,14.87
ORD-2024-039927,1,PROD-001,2,12.9,22.78
ORD-2024-039928,1,PROD-020,1,10.14,8.55
ORD-2024-039928,2,PROD-026,1,14.65,12.17
ORD-2024-039928,3,PROD-011,3,14.9,40.89
ORD-2024-039929,1,PROD-022,1,9.01,8.69
ORD-2024-039930,1,PROD-011,1,14.9,13.39
ORD-2024-039931,1,PROD-033,2,52.11,102.34
ORD-2024-039932,1,PROD-040,2,15.21,16.21
ORD-2024-039933,1,PROD-007,1,17.18,16.37
ORD-2024-039933,2,PROD-040,1,15.21,14.27
ORD-2024-039934,1,PROD-003,1,14.37,12.13
ORD-2024-039935,1,PROD-034,1,9.01,8.26
ORD-2024-039935,2,PROD-006,1,32.39,29.28
ORD-2024-039936,1,PROD-050,1,61.97,57.04
ORD-2024-039936,2,PROD-002,1,11.9,11.55
ORD-2024-039937,1,PROD-039,3,8.17,15.12
ORD-2024-039937,2,PROD-034,4,9.01,32.15
ORD-2024-039938,1,PROD-004,1,20.28,18.01
ORD-2024-039939,1,PROD-030,1,49.3,42.61
ORD-2024-039940,1,PROD-003,1,14.37,12.66
ORD-2024-039940,2,PROD-005,3,20.28,58.02
ORD-2024-039940,3,PROD-055,1,74.65,69.3
ORD-2024-039941,1,PROD-031,1,53.52,50.19
ORD-2024-039942,1,PROD-056,1,101.41,84.38
ORD-2024-039943,1,PROD-003,2,14.37,27.16
ORD-2024-039944,1,PROD-040,1,15.21,14.2
ORD-2024-039945,1,PROD-012,1,18.5,17.46
ORD-2024-039946,1,PROD-002,2,11.9,17.74
ORD-2024-039947,1,PROD-036,2,11.55,21.51
ORD-2024-039948,1,PROD-036,1,11.55,11.4
ORD-2024-039948,2,PROD-005,1,20.28,19.73
ORD-2024-039948,3,PROD-004,1,20.28,19.85
ORD-2024-039949,1,PROD-048,1,55.77,41.86
ORD-2024-039949,2,PROD-006,3,32.39,83.42
ORD-2024-039950,1,PROD-039,3,8.17,22.84
ORD-2024-039951,1,PROD-022,2,9.01,14.41
ORD-2024-039952,1,PROD-007,1,17.18,15.81
ORD-2024-039952,2,PROD-003,3,14.37,41.63
ORD-2024-039952,3,PROD-004,1,20.28,17.68
ORD-2024-039952,4,PROD-005,1,20.28,20.05
ORD-2024-039953,1,PROD-003,1,14.37,14.31
ORD-2024-039953,2,PROD-007,1,17.18,16.02
ORD-2024-039953,3,PROD-034,4,9.01,35.58
ORD-2024-039954,1,PROD-004,2,20.28,39.87
ORD-2024-039955,1,PROD-041,2,11.83,19.29
ORD-2024-039955,2,PROD-001,1,12.9,11.59
ORD-2024-039956,1,PROD-005,2,20.28,36.68
ORD-2024-039956,2,PROD-022,1,9.01,6.26
ORD-2024-039957,1,PROD-004,1,20.28,19.59
ORD-2024-039958,1,PROD-060,1,42.25,19.94
ORD-2024-039958,2,PROD-004,2,20.28,30.52
ORD-2024-039959,1,PROD-004,1,20.28,19.54
ORD-2024-039960,1,PROD-024,1,8.73,8.41
ORD-2024-039961,1,PROD-002,2,11.9,15.23
ORD-2024-039961,2,PROD-035,2,10.14,19.35
ORD-2024-039961,3,PROD-008,1,9.9,9.7
ORD-2024-039962,1,PROD-030,1,49.3,48.37
ORD-2024-039962,2,PROD-011,1,14.9,14.14
ORD-2024-039963,1,PROD-052,1,46.48,44.55
ORD-2024-039963,2,PROD-037,1,9.86,9.19
ORD-2024-039964,1,PROD-005,3,20.28,56.5
ORD-2024-039964,2,PROD-034,2,9.01,13.67
ORD-2024-039965,1,PROD-050,1,61.97,58.73
ORD-2024-039965,2,PROD-012,1,18.5,17.05
ORD-2024-039966,1,PROD-032,2,19.72,35.23
ORD-2024-039966,2,PROD-006,1,32.39,32.07
ORD-2024-039966,3,PROD-007,3,17.18,42.23
ORD-2024-039966,4,PROD-005,1,20.28,19.12
ORD-2024-039966,5,PROD-041,4,11.83,45.07
ORD-2024-039967,1,PROD-011,1,14.9,14.04
ORD-2024-039967,2,PROD-010,1,38.03,31.58
ORD-2024-039968,1,PROD-036,1,11.55,9.99
ORD-2024-039968,2,PROD-034,1,9.01,7.24
ORD-2024-039969,1,PROD-013,1,11.9,8.09
ORD-2024-039969,2,PROD-032,2,19.72,28.48
ORD-2024-039970,1,PROD-003,1,14.37,11.16
ORD-2024-039971,1,PROD-051,1,36.06,33.51
ORD-2024-039972,1,PROD-040,2,15.21,25.95
ORD-2024-039973,1,PROD-026,1,14.65,13.3
ORD-2024-039973,2,PROD-004,3,20.28,46.5
ORD-2024-039974,1,PROD-011,2,14.9,27.51
ORD-2024-039975,1,PROD-040,1,15.21,14.87
ORD-2024-039975,2,PROD-011,2,14.9,27.06
ORD-2024-039976,1,PROD-007,2,17.18,31.27
ORD-2024-039976,2,PROD-002,1,11.9,10.99
ORD-2024-039976,3,PROD-005,1,20.28,19.74
ORD-2024-039977,1,PROD-004,1,20.28,19.85
ORD-2024-039978,1,PROD-002,2,11.9,22.31
ORD-2024-039978,2,PROD-010,1,38.03,30.06
ORD-2024-039978,3,PROD-051,1,36.06,35.32
ORD-2024-039979,1,PROD-007,1,17.18,15.09
ORD-2024-039980,1,PROD-032,1,19.72,18.27
ORD-2024-039980,2,PROD-002,1,11.9,11.42
ORD-2024-039981,1,PROD-005,3,20.28,52.97
ORD-2024-039982,1,PROD-007,2,17.18,32.17
ORD-2024-039982,2,PROD-013,1,11.9,11.61
ORD-2024-039983,1,PROD-007,2,17.18,33.35
ORD-2024-039984,1,PROD-003,1,14.37,12.6
ORD-2024-039985,1,PROD-002,3,11.9,29.97
ORD-2024-039986,1,PROD-013,1,11.9,10.07
ORD-2024-039986,2,PROD-008,1,9.9,8.69
ORD-2024-039987,1,PROD-004,2,20.28,39.31
ORD-2024-039988,1,PROD-001,2,12.9,25.49
ORD-2024-039989,1,PROD-040,2,15.21,26.18
ORD-2024-039990,1,PROD-038,1,7.89,7.5
ORD-2024-039991,1,PROD-007,3,17.18,50.63
ORD-2024-039991,2,PROD-017,1,12.5,9.06
ORD-2024-039992,1,PROD-037,2,9.86,17.93
ORD-2024-039992,2,PROD-026,1,14.65,-9.52
ORD-2024-039993,1,PROD-004,2,20.28,33.04
ORD-2024-039993,2,PROD-010,2,38.03,68.61
ORD-2024-039994,1,PROD-004,2,20.28,39.29
ORD-2024-039995,1,PROD-005,2,20.28,35.25
ORD-2024-039996,1,PROD-005,1,20.28,19.21
ORD-2024-039996,2,PROD-042,1,73.24,69.18
ORD-2024-039996,3,PROD-010,2,38.03,73.06
ORD-2024-039996,4,PROD-035,1,10.14,9.73
ORD-2024-039997,1,PROD-019,2,29.58,53.5
ORD-2024-039997,2,PROD-032,1,19.72,16.37
ORD-2024-039998,1,PROD-004,1,20.28,19.07
ORD-2024-039998,2,PROD-046,1,259.15,254.38
ORD-2024-039999,1,PROD-038,2,7.89,15.38
ORD-2024-040000,1,PROD-002,1,11.9,11.43
ORD-2024-040000,2,PROD-010,2,38.03,71.73
ORD-2024-040001,1,PROD-006,1,32.39,31.07
ORD-2024-040002,1,PROD-047,1,108.45,104.29
ORD-2024-040003,1,PROD-004,2,20.28,35.45
ORD-2024-040004,1,PROD-032,1,19.72,19.56
ORD-2024-040005,1,PROD-035,1,10.14,8.74
ORD-2024-040006,1,PROD-005,1,20.28,18.21
ORD-2024-040007,1,PROD-005,1,20.28,19.75
ORD-2024-040008,1,PROD-004,2,20.28,37.73
ORD-2024-040009,1,PROD-024,1,8.73,8.52
ORD-2024-040009,2,PROD-055,1,74.65,73.01
ORD-2024-040010,1,PROD-041,1,11.83,8.5
ORD-2024-040011,1,PROD-008,3,9.9,29.33
ORD-2024-040011,2,PROD-004,2,20.28,40.0
ORD-2024-040011,3,PROD-041,1,11.83,11.57
ORD-2024-040012,1,PROD-015,1,26.76,25.61
ORD-2024-040012,2,PROD-034,1,9.01,7.07
ORD-2024-040012,3,PROD-006,1,32.39,32.07
ORD-2024-040012,4,PROD-036,2,11.55,19.13
ORD-2024-040013,1,PROD-005,2,20.28,35.52
ORD-2024-040013,2,PROD-001,3,12.9,37.42
ORD-2024-040014,1,PROD-011,1,14.9,12.52
ORD-2024-040015,1,PROD-030,1,49.3,45.78
ORD-2024-040016,1,PROD-003,1,14.37,14.2
ORD-2024-040017,1,PROD-004,1,20.28,16.97
ORD-2024-040017,2,PROD-047,1,108.45,100.31
ORD-2024-040018,1,PROD-006,3,32.39,94.7
ORD-2024-040019,1,PROD-011,1,14.9,13.95
ORD-2024-040020,1,PROD-001,1,12.9,12.0
ORD-2024-040021,1,PROD-002,1,11.9,10.92
ORD-2024-040022,1,PROD-002,2,11.9,22.31
ORD-2024-040023,1,PROD-048,1,55.77,38.07
ORD-2024-040024,1,PROD-054,1,59.15,34.71
ORD-2024-040025,1,PROD-035,1,10.14,9.93
ORD-2024-040025,2,PROD-032,1,19.72,19.57
ORD-2024-040025,3,PROD-040,3,15.21,41.97
ORD-2024-040025,4,PROD-005,1,20.28,19.74
ORD-2024-040026,1,PROD-044,1,40.85,38.97
ORD-2024-040027,1,PROD-005,1,20.28,18.58
ORD-2024-040027,2,PROD-048,1,55.77,52.66
ORD-2024-040028,1,PROD-010,1,38.03,29.49
ORD-2024-040029,1,PROD-008,1,9.9,8.69
ORD-2024-040030,1,PROD-038,1,7.89,7.17
ORD-2024-040031,1,PROD-006,2,32.39,59.55
ORD-2024-040032,1,PROD-004,1,20.28,18.8
ORD-2024-040032,2,PROD-011,2,14.9,29.58
ORD-2024-040032,3,PROD-055,1,74.65,70.12
ORD-2024-040033,1,PROD-031,1,53.52,50.5
ORD-2024-040034,1,PROD-039,1,8.17,7.55
ORD-2024-040034,2,PROD-004,1,20.28,17.71
ORD-2024-040034,3,PROD-005,2,20.28,38.49
ORD-2024-040035,1,PROD-001,1,12.9,12.49
ORD-2024-040036,1,PROD-006,1,32.39,30.23
ORD-2024-040036,2,PROD-035,3,10.14,25.18
ORD-2024-040037,1,PROD-001,2,12.9,21.63
ORD-2024-040038,1,PROD-006,1,32.39,31.33
ORD-2024-040038,2,PROD-007,2,17.18,30.16
ORD-2024-040039,1,PROD-005,1,20.28,19.68
ORD-2024-040040,1,PROD-006,2,32.39,59.4
ORD-2024-040041,1,PROD-001,1,12.9,10.79
ORD-2024-040042,1,PROD-029,1,24.79,24.0
ORD-2024-040042,2,PROD-003,3,14.37,42.4
ORD-2024-040043,1,PROD-005,1,20.28,17.4
ORD-2024-040043,2,PROD-006,1,32.39,27.37
ORD-2024-040044,1,PROD-005,2,20.28,37.1
ORD-2024-040045,1,PROD-001,2,12.9,24.45
ORD-2024-040046,1,PROD-017,1,12.5,11.46
ORD-2024-040047,1,PROD-006,1,32.39,27.84
ORD-2024-040048,1,PROD-042,2,73.24,137.5
ORD-2024-040049,1,PROD-023,1,7.89,6.14
ORD-2024-040049,2,PROD-011,3,14.9,20.11
ORD-2024-040049,3,PROD-026,1,14.65,8.99
ORD-2024-040050,1,PROD-034,1,9.01,7.83
ORD-2024-040051,1,PROD-016,1,8.9,8.43
ORD-2024-040051,2,PROD-001,2,12.9,23.64
ORD-2024-040051,3,PROD-013,1,11.9,10.86
ORD-2024-040052,1,PROD-004,3,20.28,59.19
ORD-2024-040052,2,PROD-034,1,9.01,8.22
ORD-2024-040053,1,PROD-004,2,20.28,38.0
ORD-2024-040053,2,PROD-027,1,21.13,20.15
ORD-2024-040054,1,PROD-025,1,21.97,9.89
ORD-2024-040054,2,PROD-033,2,52.11,53.5
ORD-2024-040055,1,PROD-002,1,11.9,11.33
ORD-2024-040056,1,PROD-004,3,20.28,59.82
ORD-2024-040056,2,PROD-024,1,8.73,7.58
ORD-2024-040057,1,PROD-010,1,38.03,29.15
ORD-2024-040058,1,PROD-006,2,32.39,41.25
ORD-2024-040059,1,PROD-020,1,10.14,8.53
ORD-2024-040059,2,PROD-027,2,21.13,30.11
ORD-2024-040060,1,PROD-001,1,12.9,7.84
ORD-2024-040060,2,PROD-003,2,14.37,23.69
ORD-2024-040060,3,PROD-035,1,10.14,8.09
ORD-2024-040061,1,PROD-020,1,10.14,7.9
ORD-2024-040062,1,PROD-034,4,9.01,16.22
ORD-2024-040062,2,PROD-005,2,20.28,28.12
ORD-2024-040063,1,PROD-039,1,8.17,7.68
ORD-2024-040064,1,PROD-002,1,11.9,8.21
ORD-2024-040065,1,PROD-004,1,20.28,18.85
ORD-2024-040066,1,PROD-003,1,14.37,7.08
ORD-2024-040066,2,PROD-002,2,11.9,16.13
ORD-2024-040067,1,PROD-021,1,15.49,13.94
ORD-2024-040067,2,PROD-004,2,20.28,32.93
ORD-2024-040067,3,PROD-001,3,12.9,37.12
ORD-2024-040068,1,PROD-054,1,59.15,53.77
ORD-2024-040068,2,PROD-006,1,32.39,30.85
ORD-2024-040069,1,PROD-001,1,12.9,12.76
ORD-2024-040069,2,PROD-035,2,10.14,19.79
ORD-2024-040070,1,PROD-005,2,20.28,34.53
ORD-2024-040071,1,PROD-002,1,11.9,9.17
ORD-2024-040072,1,PROD-005,1,20.28,17.19
ORD-2024-040073,1,PROD-010,1,38.03,36.91
ORD-2024-040074,1,PROD-010,1,38.03,32.77
ORD-2024-040074,2,PROD-008,1,9.9,8.11
ORD-2024-040074,3,PROD-036,1,11.55,10.97
ORD-2024-040075,1,PROD-001,1,12.9,10.08
ORD-2024-040076,1,PROD-013,1,11.9,9.17
ORD-2024-040077,1,PROD-004,1,20.28,17.3
ORD-2024-040077,2,PROD-037,3,9.86,26.32
ORD-2024-040077,3,PROD-034,2,9.01,15.99
ORD-2024-040078,1,PROD-036,1,11.55,10.76
ORD-2024-040079,1,PROD-006,1,32.39,28.59
ORD-2024-040080,1,PROD-007,1,17.18,16.44
ORD-2024-040081,1,PROD-041,2,11.83,23.25
ORD-2024-040082,1,PROD-003,3,14.37,41.43
ORD-2024-040083,1,PROD-033,4,52.11,139.76
ORD-2024-040084,1,PROD-005,3,20.28,42.84
ORD-2024-040084,2,PROD-006,1,32.39,24.72
ORD-2024-040084,3,PROD-007,3,17.18,32.08
ORD-2024-040085,1,PROD-039,1,8.17,5.99
ORD-2024-040085,2,PROD-004,1,20.28,17.17
ORD-2024-040086,1,PROD-020,1,10.14,9.37
ORD-2024-040087,1,PROD-017,1,12.5,11.94
ORD-2024-040088,1,PROD-003,2,14.37,28.45
ORD-2024-040088,2,PROD-035,1,10.14,9.78
ORD-2024-040089,1,PROD-008,1,9.9,9.75
ORD-2024-040089,2,PROD-014,1,9.9,9.18
ORD-2024-040089,3,PROD-034,1,9.01,8.44
ORD-2024-040090,1,PROD-024,1,8.73,8.67
ORD-2024-040091,1,PROD-010,1,38.03,37.62
ORD-2024-040092,1,PROD-006,1,32.39,30.82
ORD-2024-040092,2,PROD-003,1,14.37,12.94
ORD-2024-040093,1,PROD-001,1,12.9,10.99
ORD-2024-040093,2,PROD-002,1,11.9,7.95
ORD-2024-040094,1,PROD-037,2,9.86,18.31
ORD-2024-040094,2,PROD-039,1,8.17,7.24
ORD-2024-040094,3,PROD-038,1,7.89,5.96
ORD-2024-040095,1,PROD-002,1,11.9,11.31
ORD-2024-040095,2,PROD-021,2,15.49,30.26
ORD-2024-040096,1,PROD-038,1,7.89,7.55
ORD-2024-040096,2,PROD-007,3,17.18,48.9
ORD-2024-040096,3,PROD-034,2,9.01,15.56
ORD-2024-040097,1,PROD-048,1,55.77,52.94
ORD-2024-040098,1,PROD-037,4,9.86,38.08
ORD-2024-040099,1,PROD-004,2,20.28,37.99
ORD-2024-040100,1,PROD-003,1,14.37,12.54
ORD-2024-040100,2,PROD-005,2,20.28,38.63
ORD-2024-040100,3,PROD-002,2,11.9,21.87
ORD-2024-040100,4,PROD-027,1,21.13,19.99
ORD-2024-040101,1,PROD-037,1,9.86,9.77
ORD-2024-040101,2,PROD-040,2,15.21,30.19
ORD-2024-040101,3,PROD-034,3,9.01,26.09
ORD-2024-040102,1,PROD-004,3,20.28,54.2
ORD-2024-040103,1,PROD-055,1,74.65,74.18
ORD-2024-040104,1,PROD-004,1,20.28,20.07
ORD-2024-040105,1,PROD-004,1,20.28,19.44
ORD-2024-040106,1,PROD-003,1,14.37,14.2
ORD-2024-040107,1,PROD-010,3,38.03,101.4
ORD-2024-040108,1,PROD-002,2,11.9,20.05
ORD-2024-040108,2,PROD-033,2,52.11,94.06
ORD-2024-040108,3,PROD-037,2,9.86,15.99
ORD-2024-040109,1,PROD-036,3,11.55,28.31
ORD-2024-040110,1,PROD-011,1,14.9,14.2
ORD-2024-040111,1,PROD-007,1,17.18,14.11
ORD-2024-040112,1,PROD-003,1,14.37,14.14
ORD-2024-040112,2,PROD-042,3,73.24,210.29
ORD-2024-040113,1,PROD-020,1,10.14,9.28
ORD-2024-040114,1,PROD-021,1,15.49,8.76
ORD-2024-040114,2,PROD-005,1,20.28,18.81
ORD-2024-040115,1,PROD-001,2,12.9,24.56
ORD-2024-040115,2,PROD-048,1,55.77,50.47
ORD-2024-040115,3,PROD-031,1,53.52,44.69
ORD-2024-040116,1,PROD-007,2,17.18,27.33
ORD-2024-040117,1,PROD-013,1,11.9,11.78
ORD-2024-040118,1,PROD-002,1,11.9,11.44
ORD-2024-040118,2,PROD-041,2,11.83,23.28
ORD-2024-040119,1,PROD-029,1,24.79,24.49
ORD-2024-040119,2,PROD-001,1,12.9,12.59
ORD-2024-040120,1,PROD-012,1,18.5,18.38
ORD-2024-040121,1,PROD-006,2,32.39,59.43
ORD-2024-040121,2,PROD-007,1,17.18,15.21
ORD-2024-040121,3,PROD-035,4,10.14,39.23
ORD-2024-040122,1,PROD-044,1,40.85,39.79
ORD-2024-040122,2,PROD-051,1,36.06,33.21
ORD-2024-040123,1,PROD-038,1,7.89,6.18
ORD-2024-040123,2,PROD-005,1,20.28,19.94
ORD-2024-040124,1,PROD-008,2,9.9,19.7
ORD-2024-040124,2,PROD-041,1,11.83,10.7
ORD-2024-040124,3,PROD-005,3,20.28,59.61
ORD-2024-040124,4,PROD-001,3,12.9,38.31
ORD-2024-040125,1,PROD-034,1,9.01,7.9
ORD-2024-040126,1,PROD-040,2,15.21,28.91
ORD-2024-040126,2,PROD-060,1,42.25,35.69
ORD-2024-040127,1,PROD-041,1,11.83,11.5
ORD-2024-040128,1,PROD-032,1,19.72,19.53
ORD-2024-040128,2,PROD-010,1,38.03,36.33
ORD-2024-040128,3,PROD-034,3,9.01,25.15
ORD-2024-040129,1,PROD-005,1,20.28,19.58
ORD-2024-040130,1,PROD-005,2,20.28,37.81
ORD-2024-040130,2,PROD-004,2,20.28,36.12
ORD-2024-040131,1,PROD-014,1,9.9,8.33
ORD-2024-040131,2,PROD-010,1,38.03,36.63
ORD-2024-040132,1,PROD-004,1,20.28,17.39
ORD-2024-040133,1,PROD-038,2,7.89,13.93
ORD-2024-040134,1,PROD-008,2,9.9,17.73
ORD-2024-040134,2,PROD-035,1,10.14,9.04
ORD-2024-040135,1,PROD-038,1,7.89,6.25
ORD-2024-040136,1,PROD-004,2,20.28,39.61
ORD-2024-040137,1,PROD-035,1,10.14,7.85
ORD-2024-040138,1,PROD-005,2,20.28,36.73
ORD-2024-040138,2,PROD-004,1,20.28,16.12
ORD-2024-040139,1,PROD-002,2,11.9,18.66
ORD-2024-040139,2,PROD-001,1,12.9,8.97
ORD-2024-040140,1,PROD-023,2,7.89,14.52
ORD-2024-040141,1,PROD-001,1,12.9,12.59
ORD-2024-040141,2,PROD-040,1,15.21,13.64
ORD-2024-040141,3,PROD-002,1,11.9,8.19
ORD-2024-040142,1,PROD-004,1,20.28,20.06
ORD-2024-040143,1,PROD-024,1,8.73,7.3
ORD-2024-040143,2,PROD-003,1,14.37,11.94
ORD-2024-040143,3,PROD-014,2,9.9,19.15
ORD-2024-040144,1,PROD-003,2,14.37,21.05
ORD-2024-040145,1,PROD-054,1,59.15,52.02
ORD-2024-040146,1,PROD-004,2,20.28,39.81
ORD-2024-040147,1,PROD-034,2,9.01,17.07
ORD-2024-040148,1,PROD-045,1,72.68,64.98
ORD-2024-040149,1,PROD-004,1,20.28,20.03
ORD-2024-040150,1,PROD-005,1,20.28,19.4
ORD-2024-040150,2,PROD-006,1,32.39,30.24
ORD-2024-040151,1,PROD-025,1,21.97,20.94
ORD-2024-040152,1,PROD-025,2,21.97,38.92
ORD-2024-040152,2,PROD-041,1,11.83,10.61
ORD-2024-040152,3,PROD-002,1,11.9,11.68
ORD-2024-040153,1,PROD-005,2,20.28,33.77
ORD-2024-040154,1,PROD-005,1,20.28,20.08
ORD-2024-040154,2,PROD-004,2,20.28,34.53
ORD-2024-040155,1,PROD-023,1,7.89,4.86
ORD-2024-040155,2,PROD-040,1,15.21,6.84
ORD-2024-040156,1,PROD-036,1,11.55,11.05
ORD-2024-040156,2,PROD-001,1,12.9,10.65
ORD-2024-040156,3,PROD-023,2,7.89,10.18
ORD-2024-040157,1,PROD-017,1,12.5,9.82
ORD-2024-040157,2,PROD-013,1,11.9,8.92
ORD-2024-040157,3,PROD-023,1,7.89,6.47
ORD-2024-040158,1,PROD-004,2,20.28,40.17
ORD-2024-040159,1,PROD-004,1,20.28,17.01
ORD-2024-040160,1,PROD-006,1,32.39,29.87
ORD-2024-040160,2,PROD-010,3,38.03,106.82
ORD-2024-040161,1,PROD-001,1,12.9,10.71
ORD-2024-040162,1,PROD-056,1,101.41,96.28
ORD-2024-040163,1,PROD-006,1,32.39,30.84
ORD-2024-040164,1,PROD-005,1,20.28,15.5
ORD-2024-040165,1,PROD-007,1,17.18,16.0
ORD-2024-040166,1,PROD-037,1,9.86,9.19
ORD-2024-040166,2,PROD-010,1,38.03,34.52
ORD-2024-040167,1,PROD-004,2,20.28,39.31
ORD-2024-040167,2,PROD-051,1,36.06,31.92
ORD-2024-040167,3,PROD-005,1,20.28,19.27
ORD-2024-040168,1,PROD-036,1,11.55,9.88
ORD-2024-040169,1,PROD-001,2,12.9,25.78
ORD-2024-040170,1,PROD-008,1,9.9,6.06
ORD-2024-040170,2,PROD-012,1,18.5,11.93
ORD-2024-040171,1,PROD-029,2,24.79,39.9
ORD-2024-040171,2,PROD-028,1,17.18,14.64
ORD-2024-040172,1,PROD-001,1,12.9,11.0
 ORD-2024-040172 ,2,PROD-035,2,10.14,12.87
ORD-2024-040172,3,PROD-040,1,15.21,8.89
ORD-2024-040173,1,PROD-037,4,9.86,38.93
ORD-2024-040173,2,PROD-004,1,20.28,15.88
ORD-2024-040174,1,PROD-012,2,18.5,35.2
ORD-2024-040175,1,PROD-001,1,12.9,11.47
ORD-2024-040176,1,PROD-041,1,11.83,8.77
ORD-2024-040177,1,PROD-001,1,12.9,12.26
ORD-2024-040177,2,PROD-052,1,46.48,39.15
ORD-2024-040178,1,PROD-010,1,38.03,32.29
ORD-2024-040179,1,PROD-035,1,10.14,8.9
ORD-2024-040180,1,PROD-001,1,12.9,12.1
ORD-2024-040181,1,PROD-026,1,14.65,14.48
ORD-2024-040181,2,PROD-023,2,7.89,14.75
ORD-2024-040181,3,PROD-005,1,20.28,19.83
ORD-2024-040182,1,PROD-035,1,10.14,8.06
ORD-2024-040182,2,PROD-003,1,14.37,9.64
ORD-2024-040182,3,PROD-053,1,53.52,40.5
ORD-2024-040183,1,PROD-034,1,9.01,7.7
ORD-2024-040183,2,PROD-005,2,20.28,39.6
ORD-2024-040183,3,PROD-039,3,8.17,22.22
ORD-2024-040183,4,PROD-017,1,12.5,12.25
ORD-2024-040183,5,PROD-001,2,12.9,23.51
ORD-2024-040184,1,PROD-017,1,12.5,11.28
ORD-2024-040184,2,PROD-006,1,32.39,31.68
ORD-2024-040185,1,PROD-004,3,20.28,54.15
ORD-2024-040186,1,PROD-029,1,24.79,21.55
ORD-2024-040187,1,PROD-001,1,12.9,12.55
ORD-2024-040187,2,PROD-008,1,9.9,9.33
ORD-2024-040187,3,PROD-004,2,20.28,37.98
ORD-2024-040188,1,PROD-021,1,15.49,14.54
ORD-2024-040189,1,PROD-006,2,32.39,63.83
ORD-2024-040189,2,PROD-037,1,9.86,9.6
ORD-2024-040189,3,PROD-034,1,9.01,8.57
ORD-2024-040189,4,PROD-002,1,11.9,11.75
ORD-2024-040190,1,PROD-023,2,7.89,13.76
ORD-2024-040191,1,PROD-005,1,20.28,20.22
ORD-2024-040192,1,PROD-011,1,14.9,14.35
ORD-2024-040193,1,PROD-004,1,20.28,17.0
ORD-2024-040194,1,PROD-003,2,14.37,25.87
ORD-2024-040194,2,PROD-034,1,9.01,5.74
ORD-2024-040194,3,PROD-004,1,20.28,19.94
ORD-2024-040195,1,PROD-004,2,20.28,38.99
ORD-2024-040195,2,PROD-034,1,9.01,8.86
ORD-2024-040196,1,PROD-021,2,15.49,24.88
ORD-2024-040197,1,PROD-006,2,32.39,63.01
ORD-2024-040198,1,PROD-001,1,12.9,11.8
ORD-2024-040198,2,PROD-005,2,20.28,37.89
ORD-2024-040198,3,PROD-007,2,17.18,32.09
ORD-2024-040199,1,PROD-034,2,9.01,15.83
ORD-2024-040200,1,PROD-036,1,11.55,10.64
ORD-2024-040200,2,PROD-004,1,20.28,19.16
ORD-2024-040200,3,PROD-041,2,11.83,18.29
ORD-2024-040200,4,PROD-005,1,20.28,19.12
ORD-2024-040201,1,PROD-005,1,20.28,17.56
ORD-2024-040201,2,PROD-002,1,11.9,9.35
ORD-2024-040202,1,PROD-005,2,20.28,40.36
ORD-2024-040203,1,PROD-023,1,7.89,5.26
ORD-2024-040204,1,PROD-010,1,38.03,35.64
ORD-2024-040205,1,PROD-005,2,20.28,35.31
ORD-2024-040205,2,PROD-001,2,12.9,23.95
ORD-2024-040206,1,PROD-005,2,20.28,31.2
ORD-2024-040207,1,PROD-001,1,12.9,11.41
ORD-2024-040207,2,PROD-041,1,11.83,11.11
ORD-2024-040208,1,PROD-041,1,11.83,11.67
ORD-2024-040208,2,PROD-001,3,12.9,37.95
ORD-2024-040209,1,PROD-005,1,20.28,20.05
ORD-2024-040210,1,PROD-005,1,20.28,19.98
ORD-2024-040210,2,PROD-020,1,10.14,9.93
ORD-2024-040210,3,PROD-004,3,20.28,56.5
ORD-2024-040211,1,PROD-010,1,38.03,37.25
ORD-2024-040212,1,PROD-003,1,14.37,12.77
ORD-2024-040213,1,PROD-041,2,11.83,20.65
ORD-2024-040214,1,PROD-004,1,20.28,17.99
ORD-2024-040215,1,PROD-022,1,9.01,8.47
ORD-2024-040216,1,PROD-006,2,32.39,61.79
ORD-2024-040216,2,PROD-032,3,19.72,57.36
ORD-2024-040216,3,PROD-041,2,11.83,23.64
ORD-2024-040217,1,PROD-001,1,12.9,12.08
ORD-2024-040217,2,PROD-044,1,40.85,31.72
ORD-2024-040218,1,PROD-016,1,8.9,8.57
ORD-2024-040218,2,PROD-002,1,11.9,10.57
ORD-2024-040219,1,PROD-001,2,12.9,15.97
ORD-2024-040219,2,PROD-004,1,20.28,11.72
ORD-2024-040219,3,PROD-003,1,14.37,9.35
ORD-2024-040220,1,PROD-037,1,9.86,7.66
ORD-2024-040220,2,PROD-002,1,11.9,9.76
ORD-2024-040221,1,PROD-021,1,15.49,14.91
ORD-2024-040222,1,PROD-051,1,36.06,34.78
ORD-2024-040222,2,PROD-030,1,49.3,42.36
ORD-2024-040223,1,PROD-032,2,19.72,36.83
ORD-2024-040224,1,PROD-041,1,11.83,11.71
ORD-2024-040225,1,PROD-041,3,11.83,24.61
ORD-2024-040226,1,PROD-003,1,14.37,13.63
ORD-2024-040227,1,PROD-010,1,38.03,35.41
ORD-2024-040227,2,PROD-003,1,14.37,13.26
ORD-2024-040228,1,PROD-006,2,32.39,61.74
ORD-2024-040229,1,PROD-010,1,38.03,36.15
ORD-2024-040229,2,PROD-024,1,8.73,7.8
ORD-2024-040229,3,PROD-029,1,24.79,24.06
ORD-2024-040230,1,PROD-032,2,19.72,36.72
ORD-2024-040231,1,PROD-001,1,12.9,11.92
ORD-2024-040232,1,PROD-007,1,17.18,17.03
ORD-2024-040233,1,PROD-001,1,12.9,12.61
ORD-2024-040234,1,PROD-006,3,32.39,87.31
ORD-2024-040234,2,PROD-032,1,19.72,19.2
ORD-2024-040235,1,PROD-005,2,20.28,25.92
ORD-2024-040235,2,PROD-003,1,14.37,12.75
ORD-2024-040236,1,PROD-006,1,32.39,32.01
ORD-2024-040237,1,PROD-029,1,24.79,22.25
ORD-2024-040238,1,PROD-005,1,20.28,15.92
ORD-2024-040238,2,PROD-025,1,21.97,20.92
ORD-2024-040238,3,PROD-004,1,20.28,15.73
ORD-2024-040239,1,PROD-032,1,19.72,18.11
ORD-2024-040239,2,PROD-002,1,11.9,10.97
ORD-2024-040240,1,PROD-005,1,20.28,18.53
ORD-2024-040240,2,PROD-004,1,20.28,18.44
ORD-2024-040241,1,PROD-022,1,9.01,6.06
ORD-2024-040241,2,PROD-010,2,38.03,47.0
ORD-2024-040242,1,PROD-005,2,20.28,39.34
ORD-2024-040243,1,PROD-044,1,40.85,40.62
ORD-2024-040243,2,PROD-021,1,15.49,14.8
ORD-2024-040243,3,PROD-006,2,32.39,61.22
ORD-2024-040244,1,PROD-052,1,46.48,44.6
ORD-2024-040244,2,PROD-001,1,12.9,10.4
ORD-2024-040245,1,PROD-001,2,12.9,24.91
ORD-2024-040245,2,PROD-011,2,14.9,28.61
ORD-2024-040246,1,PROD-041,1,11.83,11.19
ORD-2024-040246,2,PROD-029,1,24.79,24.5
ORD-2024-040246,3,PROD-035,1,10.14,9.88
ORD-2024-040246,4,PROD-007,2,17.18,32.67
ORD-2024-040246,5,PROD-008,2,9.9,19.63
ORD-2024-040247,1,PROD-055,1,74.65,53.52
ORD-2024-040248,1,PROD-004,1,20.28,17.42
ORD-2024-040249,1,PROD-002,1,11.9,10.0
ORD-2024-040250,1,PROD-016,2,8.9,16.84
ORD-2024-040250,2,PROD-040,2,15.21,26.35
ORD-2024-040250,3,PROD-001,1,12.9,11.29
ORD-2024-040251,1,PROD-002,1,11.9,11.2
ORD-2024-040251,2,PROD-034,2,9.01,17.75
ORD-2024-040252,1,PROD-005,3,20.28,57.37
ORD-2024-040253,1,PROD-008,2,9.9,19.02
ORD-2024-040254,1,PROD-028,1,17.18,14.96
ORD-2024-040254,2,PROD-001,3,12.9,29.18
ORD-2024-040255,1,PROD-013,1,11.9,10.95
ORD-2024-040256,1,PROD-002,1,11.9,11.71
ORD-2024-040257,1,PROD-001,2,12.9,23.64
ORD-2024-040258,1,PROD-008,1,9.9,8.86
ORD-2024-040259,1,PROD-005,1,20.28,18.73
ORD-2024-040259,2,PROD-035,2,10.14,20.17
ORD-2024-040259,3,PROD-001,1,12.9,12.46
ORD-2024-040259,4,PROD-049,1,80.28,77.07
ORD-2024-040260,1,PROD-024,1,8.73,7.91
ORD-2024-040260,2,PROD-048,1,55.77,50.53
ORD-2024-040261,1,PROD-058,1,39.44,38.31
ORD-2024-040262,1,PROD-004,1,20.28,16.49
ORD-2024-040263,1,PROD-003,3,14.37,42.33
ORD-2024-040264,1,PROD-037,3,9.86,26.51
ORD-2024-040264,2,PROD-008,1,9.9,9.63
ORD-2024-040265,1,PROD-041,3,11.83,31.64
ORD-2024-040265,2,PROD-004,2,20.28,31.44
ORD-2024-040266,1,PROD-002,1,11.9,10.92
ORD-2024-040267,1,PROD-026,1,14.65,10.85
ORD-2024-040268,1,PROD-008,1,9.9,9.28
ORD-2024-040269,1,PROD-004,3,20.28,58.4
ORD-2024-040270,1,PROD-016,1,8.9,7.35
ORD-2024-040271,1,PROD-013,1,11.9,11.56
ORD-2024-040271,2,PROD-001,1,12.9,6.34
ORD-2024-040271,3,PROD-004,1,20.28,16.48
ORD-2024-040272,1,PROD-020,2,10.14,16.98
ORD-2024-040273,1,PROD-005,1,20.28,18.69
ORD-2024-040273,2,PROD-011,1,14.9,13.45
ORD-2024-040274,1,PROD-020,2,10.14,13.46
ORD-2024-040274,2,PROD-027,1,21.13,12.4
ORD-2024-040275,1,PROD-022,1,9.01,5.35
ORD-2024-040275,2,PROD-041,3,11.83,27.35
ORD-2024-040276,1,PROD-050,1,61.97,59.59
ORD-2024-040277,1,PROD-027,2,21.13,34.92
ORD-2024-040278,1,PROD-003,1,14.37,11.64
ORD-2024-040278,2,PROD-037,1,9.86,8.78
ORD-2024-040279,1,PROD-003,1,14.37,11.58
ORD-2024-040279,2,PROD-050,1,61.97,59.86
ORD-2024-040280,1,PROD-004,3,20.28,57.92
ORD-2024-040281,1,PROD-005,1,20.28,19.19
ORD-2024-040281,2,PROD-001,1,12.9,12.6
ORD-2024-040282,1,PROD-002,1,11.9,10.94
ORD-2024-040283,1,PROD-029,1,24.79,24.13
ORD-2024-040283,2,PROD-004,1,20.28,19.07
ORD-2024-040283,3,PROD-035,1,10.14,10.0
ORD-2024-040283,4,PROD-010,1,38.03,36.84
ORD-2024-040284,1,PROD-008,3,9.9,29.09
ORD-2024-040285,1,PROD-002,1,11.9,11.81
ORD-2024-040286,1,PROD-021,1,15.49,12.66
ORD-2024-040286,2,PROD-007,1,17.18,14.58
ORD-2024-040287,1,PROD-006,2,32.39,62.61
ORD-2024-040287,2,PROD-034,1,9.01,8.98
ORD-2024-040288,1,PROD-002,3,11.9,34.64
ORD-2024-040288,2,PROD-005,1,20.28,17.78
ORD-2024-040288,3,PROD-034,1,9.01,8.79
ORD-2024-040289,1,PROD-037,1,9.86,9.39
ORD-2024-040289,2,PROD-003,3,14.37,36.64
ORD-2024-040289,3,PROD-001,1,12.9,10.25
ORD-2024-040290,1,PROD-003,3,14.37,40.67
ORD-2024-040290,2,PROD-041,3,11.83,29.84
ORD-2024-040290,3,PROD-032,3,19.72,55.23
ORD-2024-040290,4,PROD-034,3,9.01,26.16
ORD-2024-040290,5,PROD-004,3,20.28,59.88
ORD-2024-040291,1,PROD-006,1,32.39,27.18
ORD-2024-040291,2,PROD-001,2,12.9,25.27
ORD-2024-040291,3,PROD-047,1,108.45,99.34
ORD-2024-040292,1,PROD-032,1,19.72,19.55
ORD-2024-040292,2,PROD-005,1,20.28,19.99
ORD-2024-040292,3,PROD-001,1,12.9,12.22
ORD-2024-040293,1,PROD-032,2,19.72,34.78
ORD-2024-040294,1,PROD-005,3,20.28,55.73
ORD-2024-040295,1,PROD-004,1,20.28,17.91
ORD-2024-040296,1,PROD-014,3,9.9,18.78
ORD-2024-040297,1,PROD-013,1,11.9,9.6
ORD-2024-040297,2,PROD-001,2,12.9,25.41
ORD-2024-040298,1,PROD-051,1,36.06,28.58
ORD-2024-040299,1,PROD-001,1,12.9,11.01
ORD-2024-040299,2,PROD-003,2,14.37,25.98
ORD-2024-040299,3,PROD-007,1,17.18,14.84
ORD-2024-040300,1,PROD-004,1,20.28,17.83
ORD-2024-040301,1,PROD-037,1,9.86,6.04
ORD-2024-040302,1,PROD-005,1,20.28,14.25
ORD-2024-040302,2,PROD-002,1,11.9,10.1
ORD-2024-040303,1,PROD-023,1,7.89,7.38
ORD-2024-040303,2,PROD-026,1,14.65,11.75
ORD-2024-040303,3,PROD-007,1,17.18,16.47
ORD-2024-040304,1,PROD-004,2,20.28,37.86
ORD-2024-040304,2,PROD-042,2,73.24,141.72
ORD-2024-040304,3,PROD-036,3,11.55,34.56
ORD-2024-040305,1,PROD-001,1,12.9,12.7
ORD-2024-040306,1,PROD-004,1,20.28,17.86
ORD-2024-040307,1,PROD-007,3,17.18,45.4
ORD-2024-040307,2,PROD-004,1,20.28,17.08
ORD-2024-040307,3,PROD-040,1,15.21,13.56
ORD-2024-040308,1,PROD-053,1,53.52,35.21
ORD-2024-040308,2,PROD-005,1,20.28,10.01
ORD-2024-040309,1,PROD-010,1,38.03,29.56
ORD-2024-040309,2,PROD-006,1,32.39,28.4
ORD-2024-040310,1,PROD-020,1,10.14,7.96
ORD-2024-040311,1,PROD-037,4,9.86,
ORD-2024-040311,2,PROD-013,1,11.9,9.77
ORD-2024-040312,1,PROD-004,3,20.28,52.74
ORD-2024-040312,2,PROD-013,1,11.9,10.67
ORD-2024-040312,3,PROD-012,1,18.5,12.73
ORD-2024-040312,4,PROD-045,1,72.68,60.26
ORD-2024-040312,5,PROD-034,4,9.01,33.81
ORD-2024-040313,1,PROD-012,1,18.5,15.3
ORD-2024-040314,1,PROD-002,2,11.9,20.09
ORD-2024-040315,1,PROD-007,1,17.18,16.3
ORD-2024-040316,1,PROD-002,1,11.9,9.92
ORD-2024-040316,2,PROD-001,1,12.9,12.17
ORD-2024-040317,1,PROD-010,2,38.03,72.9
ORD-2024-040317,2,PROD-020,1,10.14,9.22
ORD-2024-040317,3,PROD-006,2,32.39,64.11
ORD-2024-040318,1,PROD-012,1,18.5,14.95
ORD-2024-040319,1,PROD-010,1,38.03,19.69
ORD-2024-040320,1,PROD-020,1,10.14,7.02
ORD-2024-040321,1,PROD-038,1,7.89,7.84
ORD-2024-040321,2,PROD-002,2,11.9,23.65
ORD-2024-040322,1,PROD-004,1,20.28,19.31
ORD-2024-040322,2,PROD-001,2,12.9,20.9
ORD-2024-040323,1,PROD-005,1,20.28,19.04
ORD-2024-040323,2,PROD-013,1,11.9,11.0
ORD-2024-040324,1,PROD-004,1,20.28,18.91
ORD-2024-040325,1,PROD-006,2,32.39,44.21
ORD-2024-040325,2,PROD-038,1,7.89,7.03
ORD-2024-040325,3,PROD-002,2,11.9,21.59
ORD-2024-040326,1,PROD-034,2,9.01,16.93
ORD-2024-040327,1,PROD-005,2,20.28,39.21
ORD-2024-040328,1,PROD-008,1,9.9,9.57
ORD-2024-040328,2,PROD-003,1,14.37,11.59
ORD-2024-040329,1,PROD-023,1,7.89,6.82
ORD-2024-040329,2,PROD-006,1,32.39,30.61
ORD-2024-040330,1,PROD-003,3,14.37,42.38
ORD-2024-040331,1,PROD-020,1,10.14,9.46
ORD-2024-040332,1,PROD-005,2,20.28,40.06
ORD-2024-040332,2,PROD-008,2,9.9,18.22
ORD-2024-040333,1,PROD-035,4,10.14,28.17
ORD-2024-040333,2,PROD-032,1,19.72,17.45
ORD-2024-040334,1,PROD-008,1,9.9,9.53
ORD-2024-040334,2,PROD-003,1,14.37,13.82
ORD-2024-040334,3,PROD-035,1,10.14,9.08
ORD-2024-040335,1,PROD-050,1,61.97,60.6
ORD-2024-040335,2,PROD-001,2,12.9,24.91
ORD-2024-040336,1,PROD-004,2,20.28,36.01
ORD-2024-040337,1,PROD-037,1,9.86,8.2
ORD-2024-040337,2,PROD-019,2,29.58,52.62
ORD-2024-040337,3,PROD-004,3,20.28,53.18
ORD-2024-040338,1,PROD-047,1,108.45,104.94
ORD-2024-040339,1,PROD-038,1,7.89,7.3
ORD-2024-040339,2,PROD-001,1,12.9,10.56
ORD-2024-040340,1,PROD-003,1,14.37,12.91
ORD-2024-040340,2,PROD-035,2,10.14,17.58
ORD-2024-040341,1,PROD-037,1,9.86,8.98
ORD-2024-040342,1,PROD-002,2,11.9,21.13
ORD-2024-040343,1,PROD-035,2,10.14,18.6
ORD-2024-040344,1,PROD-006,1,32.39,25.01
ORD-2024-040345,1,PROD-006,1,32.39,29.43
ORD-2024-040346,1,PROD-001,3,12.9,36.13
ORD-2024-040346,2,PROD-035,3,10.14,24.57
ORD-2024-040346,3,PROD-032,1,19.72,19.53
ORD-2024-040347,1,PROD-001,1,12.9,12.3
ORD-2024-040347,2,PROD-034,2,9.01,16.81
ORD-2024-040348,1,PROD-001,1,12.9,12.75
ORD-2024-040349,1,PROD-004,2,20.28,38.5
ORD-2024-040350,1,PROD-010,1,38.03,36.91
ORD-2024-040350,2,PROD-006,2,32.39,63.88
ORD-2024-040350,3,PROD-031,1,53.52,53.0
ORD-2024-040350,4,PROD-053,1,53.52,52.72
ORD-2024-040350,5,PROD-035,3,10.14,29.22
ORD-2024-040351,1,PROD-007,1,17.18,16.2
ORD-2024-040351,2,PROD-001,1,12.9,12.75
ORD-2024-040352,1,PROD-007,1,17.18,16.86
ORD-2024-040352,2,PROD-034,1,9.01,8.5
ORD-2024-040353,1,PROD-041,1,11.83,11.2
ORD-2024-040353,2,PROD-035,3,10.14,29.05
ORD-2024-040354,1,PROD-015,3,26.76,72.36
ORD-2024-040354,2,PROD-050,1,61.97,61.21
ORD-2024-040355,1,PROD-016,1,8.9,4.0
ORD-2024-040355,2,PROD-004,1,20.28,13.96
ORD-2024-040356,1,PROD-035,1,10.14,9.61
ORD-2024-040356,2,PROD-007,1,17.18,16.48
ORD-2024-040357,1,PROD-013,2,11.9,23.31
ORD-2024-040357,2,PROD-031,2,53.52,84.76
ORD-2024-040358,1,PROD-005,3,20.28,43.47
ORD-2024-040359,1,PROD-005,2,20.28,35.58
ORD-2024-040359,2,PROD-035,1,10.14,9.55
ORD-2024-040360,1,PROD-025,1,21.97,21.43
ORD-2024-040361,1,PROD-001,2,12.9,20.97
ORD-2024-040362,1,PROD-005,2,20.28,36.95
ORD-2024-040362,2,PROD-053,1,53.52,50.81
ORD-2024-040363,1,PROD-002,1,11.9,11.52
ORD-2024-040364,1,PROD-044,1,40.85,40.15
ORD-2024-040364,2,PROD-006,1,32.39,32.22
ORD-2024-040364,3,PROD-007,1,17.18,16.56
ORD-2024-040365,1,PROD-007,2,17.18,31.88
ORD-2024-040365,2,PROD-036,1,11.55,10.54
ORD-2024-040366,1,PROD-005,2,20.28,34.45
ORD-2024-040367,1,PROD-027,1,21.13,16.24
ORD-2024-040367,2,PROD-034,3,9.01,25.08
ORD-2024-040367,3,PROD-004,3,20.28,42.06
ORD-2024-040368,1,PROD-034,2,9.01,14.18
ORD-2024-040369,1,PROD-052,1,46.48,42.88
ORD-2024-040370,1,PROD-004,1,20.28,20.09
ORD-2024-040371,1,PROD-032,2,19.72,37.94
ORD-2024-040372,1,PROD-024,1,8.73,8.63
ORD-2024-040373,1,PROD-013,3,11.9,31.01
ORD-2024-040374,1,PROD-005,3,20.28,54.24
ORD-2024-040374,2,PROD-034,1,9.01,8.74
ORD-2024-040374,3,PROD-010,1,38.03,36.26
ORD-2024-040375,1,PROD-016,2,8.9,17.0
ORD-2024-040375,2,PROD-012,1,18.5,17.73
ORD-2024-040375,3,PROD-006,1,32.39,28.61
ORD-2024-040376,1,PROD-008,1,9.9,9.67
ORD-2024-040377,1,PROD-039,1,8.17,6.9
