OrderID,LineNumber,ProductID,Quantity,UnitPrice,LineNetAmount
ORD-2025-050824,1,PROD-042,1,73.24,63.23
ORD-2025-050824,2,PROD-004,1,20.28,14.72
ORD-2025-050824,3,PROD-005,3,20.28,46.89
ORD-2025-050825,1,PROD-055,1,74.65,37.8
ORD-2025-050826,1,PROD-040,2,15.21,18.69
ORD-2025-050827,1,PROD-025,2,21.97,40.53
ORD-2025-050827,2,PROD-043,2,107.04,150.69
ORD-2025-050827,3,PROD-010,1,38.03,34.34
ORD-2025-050828,1,PROD-001,1,12.9,12.53
ORD-2025-050828,2,PROD-005,2,20.28,39.94
ORD-2025-050828,3,PROD-009,2,61.97,115.75
ORD-2025-050829,1,PROD-033,2,52.11,97.91
ORD-2025-050830,1,PROD-010,1,38.03,35.65
ORD-2025-050830,2,PROD-018,1,50.7,48.22
ORD-2025-050830,3,PROD-035,1,10.14,9.07
ORD-2025-050831,1,PROD-020,1,10.14,7.81
ORD-2025-050832,1,PROD-007,2,17.18,32.96
ORD-2025-050833,1,PROD-034,2,9.01,17.44
ORD-2025-050833,2,PROD-029,2,24.79,48.17
ORD-2025-050834,1,PROD-005,2,20.28,20.53
ORD-2025-050834,2,PROD-054,1,59.15,26.74
ORD-2025-050835,1,PROD-030,2,49.3,57.1
ORD-2025-050836,1,PROD-043,1,107.04,74.37
ORD-2025-050837,1,PROD-029,1,24.79,23.77
ORD-2025-050838,1,PROD-009,1,61.97,61.63
ORD-2025-050839,1,PROD-028,1,17.18,15.83
ORD-2025-050839,2,PROD-023,2,7.89,7.1
ORD-2025-050840,1,PROD-001,1,12.9,11.04
ORD-2025-050840,2,PROD-009,1,61.97,49.16
ORD-2025-050841,1,PROD-009,2,61.97,106.6
ORD-2025-050842,1,PROD-009,3,61.97,152.56
ORD-2025-050842,2,PROD-034,2,9.01,17.9
ORD-2025-050843,1,PROD-009,1,61.97,34.99
ORD-2025-050844,1,PROD-005,2,20.28,18.25
ORD-2025-050845,1,PROD-012,1,18.5,17.31
ORD-2025-050846,1,PROD-009,1,61.97,60.47
ORD-2025-050847,1,PROD-009,1,61.97,54.65
ORD-2025-050848,1,PROD-060,1,42.25,38.67
ORD-2025-050849,1,PROD-031,1,53.52,45.95
ORD-2025-050850,1,PROD-022,1,9.01,7.5
ORD-2025-050851,1,PROD-026,1,14.65,14.38
ORD-2025-050852,1,PROD-009,1,61.97,31.74
ORD-2025-050853,1,PROD-055,1,74.65,61.51
ORD-2025-050854,1,PROD-026,1,14.65,13.6
ORD-2025-050855,1,PROD-033,1,52.11,23.45
ORD-2025-050856,1,PROD-009,2,61.97,64.39
ORD-2025-050856,2,PROD-043,3,107.04,150.57
ORD-2025-050856,3,PROD-006,1,32.39,30.06
ORD-2025-050857,1,PROD-019,2,29.58,40.48
ORD-2025-050858,1,PROD-056,1,101.41,81.58
ORD-2025-050859,1,PROD-047,1,108.45,80.58
ORD-2025-050860,1,PROD-032,1,19.72,15.92
ORD-2025-050861,1,PROD-005,1,20.28,19.64
ORD-2025-050862,1,PROD-003,1,14.37,12.15
ORD-2025-050863,1,PROD-018,2,50.7,86.8
ORD-2025-050864,1,PROD-004,1,20.28,9.13
ORD-2025-050865,1,PROD-009,2,61.97,82.82
ORD-2025-050866,1,PROD-010,1,38.03,33.23
ORD-2025-050867,1,PROD-001,1,12.9,11.52
ORD-2025-050867,2,PROD-034,3,9.01,21.47
ORD-2025-050868,1,PROD-009,1,61.97,40.05
ORD-2025-050869,1,PROD-014,2,9.9,18.61
ORD-2025-050869,2,PROD-019,2,29.58,56.56
ORD-2025-050870,1,PROD-043,1,107.04,49.46
ORD-2025-050871,1,PROD-030,2,49.3,92.27
ORD-2025-050871,2,PROD-026,1,14.65,9.59
ORD-2025-050872,1,PROD-043,2,107.04,181.13
ORD-2025-050872,2,PROD-006,2,32.39,54.43
ORD-2025-050872,3,PROD-009,1,61.97,59.65
ORD-2025-050872,4,PROD-010,1,38.03,37.25
ORD-2025-050872,5,PROD-038,1,7.89,7.63
ORD-2025-050873,1,PROD-009,3,61.97,139.6
ORD-2025-050874,1,PROD-026,1,14.65,12.28
ORD-2025-050875,1,PROD-042,3,73.24,192.83
ORD-2025-050876,1,PROD-019,1,29.58,28.37
ORD-2025-050877,1,PROD-018,1,50.7,42.62
ORD-2025-050877,2,PROD-027,1,21.13,18.96
ORD-2025-050877,3,PROD-038,2,7.89,10.89
ORD-2025-050878,1,PROD-006,1,32.39,29.22
ORD-2025-050878,2,PROD-043,1,107.04,91.79
ORD-2025-050878,3,PROD-027,2,21.13,37.21
ORD-2025-050879,1,PROD-035,2,10.14,19.67
ORD-2025-050880,1,PROD-009,2,61.97,123.07
ORD-2025-050880,2,PROD-004,1,20.28,19.18
ORD-2025-050880,3,PROD-001,2,12.9,24.6
ORD-2025-050881,1,PROD-018,1,50.7,38.23
ORD-2025-050881,2,PROD-046,1,259.15,182.65
ORD-2025-050882,1,PROD-006,1,32.39,21.18
ORD-2025-050883,1,PROD-009,2,61.97,106.65
ORD-2025-050883,2,PROD-019,1,29.58,27.47
ORD-2025-050884,1,PROD-054,1,59.15,30.64
ORD-2025-050885,1,PROD-043,1,107.04,104.81
ORD-2025-050886,1,PROD-026,1,14.65,6.61
ORD-2025-050887,1,PROD-043,1,107.04,90.57
ORD-2025-050888,1,PROD-009,2,61.97,101.46
ORD-2025-050889,1,PROD-009,1,61.97,57.81
ORD-2025-050890,1,PROD-037,1,9.86,6.98
ORD-2025-050890,2,PROD-043,3,107.04,204.71
ORD-2025-050891,1,PROD-009,1,61.97,55.5
ORD-2025-050891,2,PROD-043,1,107.04,99.78
ORD-2025-050892,1,PROD-054,1,59.15,35.11
ORD-2025-050893,1, PROD-017 ,1,12.5,5.62
ORD-2025-050894,1,PROD-002,1,11.9,10.76
ORD-2025-050895,1,PROD-043,2,107.04,153.84
ORD-2025-050895,2,PROD-054,1,59.15,40.29
ORD-2025-050896,1,PROD-009,1,61.97,58.38
ORD-2025-050897,1,PROD-020,2,10.14,15.88
ORD-2025-050898,1,PROD-003,2,14.37,27.06
ORD-2025-050899,1,PROD-043,2,107.04,168.8
ORD-2025-050899,2,PROD-009,1,61.97,54.6
ORD-2025-050899,3,PROD-037,1,9.86,9.07
ORD-2025-050900,1,PROD-004,3,20.28,60.0
ORD-2025-050901,1,PROD-012,2,18.5,22.14
ORD-2025-050902,1,PROD-020,1,10.14,8.11
ORD-2025-050902,2,PROD-004,1,20.28,17.14
ORD-2025-050903,1,PROD-009,2,61.97,119.76
ORD-2025-050904,1,PROD-006,1,32.39,14.58
ORD-2025-050905,1,PROD-043,1,107.04,102.97
ORD-2025-050906,1,PROD-028,1,17.18,13.28
ORD-2025-050907,1,PROD-031,1,53.52,45.51
ORD-2025-050907,2,PROD-059,1,52.11,39.67
ORD-2025-050908,1,PROD-043,2,107.04,175.55
ORD-2025-050909,1,PROD-004,1,20.28,18.04
ORD-2025-050910,1,PROD-043,2,107.04,137.14
ORD-2025-050911,1,PROD-009,2,61.97,77.76
ORD-2025-050911,2,PROD-043,1,107.04,62.08
ORD-2025-050912,1,PROD-033,2,52.11,50.07
ORD-2025-050912,2,PROD-045,1,72.68,32.71
ORD-2025-050913,1,PROD-010,1,38.03,37.4
ORD-2025-050913,2,PROD-030,1,49.3,45.11
ORD-2025-050914,1,PROD-018,1,50.7,50.38
ORD-2025-050914,2,PROD-033,1,52.11,49.56
ORD-2025-050915,1,PROD-009,1,61.97,58.72
ORD-2025-050916,1,PROD-043,1,107.04,99.28
ORD-2025-050917,1,PROD-009,1,61.97,39.96
ORD-2025-050918,1,PROD-038,1,7.89,3.98
ORD-2025-050919,1,PROD-009,1,61.97,41.38
ORD-2025-050919,2,PROD-041,1,11.83,7.02
ORD-2025-050920,1,PROD-021,2,15.49,18.75
ORD-2025-050921,1,PROD-043,1,107.04,99.85
ORD-2025-050922,1,PROD-009,1,61.97,56.67
ORD-2025-050923,1,PROD-009,2,61.97,117.14
ORD-2025-050924,1,PROD-009,2,61.97,119.66
ORD-2025-050925,1,PROD-001,1,12.9,10.9
ORD-2025-050925,2,PROD-010,1,38.03,23.78
ORD-2025-050926,1,PROD-009,2,61.97,82.43
ORD-2025-050927,1,PROD-006,1,32.39,14.58
ORD-2025-050927,2,PROD-043,2,107.04,96.34
ORD-2025-050928,1,PROD-052,1,46.48,44.43
ORD-2025-050928,2,PROD-005,1,20.28,20.04
ORD-2025-050929,1,PROD-004,1,20.28,19.94
ORD-2025-050929,2,PROD-043,2,107.04,207.34
ORD-2025-050929,3,PROD-010,1,38.03,36.2
ORD-2025-050929,4,PROD-031,1,53.52,53.0
ORD-2025-050929,5,PROD-007,2,17.18,33.72
ORD-2025-050930,1,PROD-038,2,7.89,8.96
ORD-2025-050931,1,PROD-031,1,53.52,49.02
ORD-2025-050932,1,PROD-009,1,61.97,51.53
ORD-2025-050932,2,PROD-003,1,14.37,12.71
ORD-2025-050932,3,PROD-031,1,53.52,51.99
ORD-2025-050933,1,PROD-010,1,38.03,33.61
ORD-2025-050933,2,PROD-009,3,61.97,172.9
ORD-2025-050934,1,PROD-021,1,15.49,12.7
ORD-2025-050934,2,PROD-009,1,61.97,54.16
ORD-2025-050934,3,PROD-006,2,32.39,52.59
ORD-2025-050935,1,PROD-004,1,20.28,18.3
ORD-2025-050935,2,PROD-030,1,49.3,34.39
ORD-2025-050935,3,PROD-002,1,11.9,9.21
ORD-2025-050936,1,PROD-031,1,53.52,33.13
ORD-2025-050937,1,PROD-043,1,107.04,105.09
ORD-2025-050938,1,PROD-019,1,29.58,25.41
ORD-2025-050939,1,PROD-009,3,61.97,124.15
ORD-2025-050939,2,PROD-017,2,12.5,23.45
ORD-2025-050940,1,PROD-052,1,46.48,36.67
ORD-2025-050940,2,PROD-028,1,17.18,11.87
ORD-2025-050941,1,PROD-038,1,7.89,3.64
ORD-2025-050942,1,PROD-001,2,12.9,11.61
ORD-2025-050943,1,PROD-013,1,11.9,9.99
ORD-2025-050944,1,PROD-018,3,50.7,84.49
ORD-2025-050944,2,PROD-032,1,19.72,16.12
ORD-2025-050945,1,PROD-037,3,9.86,27.52
ORD-2025-050945,2,PROD-043,1,107.04,85.01
ORD-2025-050946,1,PROD-043,3,107.04,220.29
ORD-2025-050946,2,PROD-054,1,59.15,45.4
ORD-2025-050947,1,PROD-053,1,53.52,44.55
ORD-2025-050947,2,PROD-007,1,17.18,16.14
ORD-2025-050948,1,PROD-059,1,52.11,23.45
ORD-2025-050948,2,PROD-043,2,107.04,136.03
ORD-2025-050949,1,PROD-025,2,21.97,34.43
ORD-2025-050949,2,PROD-009,1,61.97,51.91
ORD-2025-050949,3,PROD-037,1,9.86,7.29
ORD-2025-050950,1,PROD-043,1,107.04,77.85
ORD-2025-050950,2,PROD-035,2,10.14,15.14
ORD-2025-050951,1,PROD-009,1,61.97,27.89
ORD-2025-050952,1,PROD-005,2,20.28,30.1
ORD-2025-050953,1,PROD-009,1,61.97,50.74
ORD-2025-050954,1,PROD-023,1,7.89,6.38
ORD-2025-050954,2,PROD-042,3,73.24,194.61
ORD-2025-050955,1,PROD-043,1,107.04,104.48
ORD-2025-050955,2,PROD-028,1,17.18,16.83
ORD-2025-050956,1,PROD-043,2,107.04,166.32
ORD-2025-050956,2,PROD-002,2,11.9,10.71
ORD-2025-050957,1,PROD-013,1,11.9,7.81
ORD-2025-050957,2,PROD-012,1,18.5,16.96
ORD-2025-050958,1,PROD-052,1,46.48,20.92
ORD-2025-050959,1,PROD-056,1,101.41,83.93
ORD-2025-050960,1,PROD-043,1,107.04,98.59
ORD-2025-050960,2,PROD-009,2,61.97,101.88
ORD-2025-050960,3,PROD-002,1,11.9,10.41
ORD-2025-050961,1,PROD-025,1,21.97,21.53
ORD-2025-050962,1,PROD-018,3,50.7,108.72
ORD-2025-050963,1,PROD-060,1,42.25,21.77
ORD-2025-050964,1,PROD-056,1,101.41,59.7
ORD-2025-050965,1,PROD-018,1,50.7,42.05
ORD-2025-050965,2,PROD-013,2,11.9,21.4
ORD-2025-050966,1,PROD-018,1,50.7,43.8
ORD-2025-050967,1,PROD-007,1,17.18,15.91
ORD-2025-050968,1,PROD-009,2,61.97,115.56
ORD-2025-050969,1,PROD-012,1,18.5,17.79
ORD-2025-050970,1,PROD-005,1,20.28,19.02
ORD-2025-050970,2,PROD-009,1,61.97,57.47
ORD-2025-050970,3,PROD-010,1,38.03,37.36
ORD-2025-050970,4,PROD-051,1,36.06,34.9
ORD-2025-050971,1,PROD-018,1,50.7,42.46
ORD-2025-050972,1,PROD-056,1,101.41,63.61
ORD-2025-050973,1,PROD-005,1,20.28,15.79
ORD-2025-050974,1,PROD-009,1,61.97,58.43
ORD-2025-050974,2,PROD-043,1,107.04,84.86
ORD-2025-050975,1,PROD-001,2,12.9,22.45
ORD-2025-050975,2,PROD-040,2,15.21,28.87
ORD-2025-050975,3,PROD-018,1,50.7,46.74
ORD-2025-050976,1,PROD-009,1,61.97,61.83
ORD-2025-050977,1,PROD-043,3,107.04,263.96
ORD-2025-050977,2,PROD-009,1,61.97,27.89
ORD-2025-050978,1,PROD-037,2,9.86,12.04
ORD-2025-050979,1,PROD-004,1,20.28,17.39
ORD-2025-050980,1,PROD-009,1,61.97,45.5
ORD-2025-050980,2,PROD-005,1,20.28,12.54
ORD-2025-050981,1,PROD-016,2,8.9,17.11
ORD-2025-050982,1,PROD-004,1,20.28,19.73
ORD-2025-050983,1,PROD-003,1,14.37,6.79
ORD-2025-050984,1,PROD-018,1,50.7,34.89
ORD-2025-050985,1,PROD-006,1,32.39,30.23
ORD-2025-050986,1,PROD-009,1,61.97,60.71
ORD-2025-050986,2,PROD-010,1,38.03,37.62
ORD-2025-050987,1,PROD-004,1,20.28,18.96
ORD-2025-050987,2,PROD-009,2,61.97,121.39
ORD-2025-050988,1,PROD-009,1,61.97,61.36
ORD-2025-050988,2,PROD-043,1,107.04,104.49
ORD-2025-050988,3,PROD-001,1,12.9,12.64
ORD-2025-050988,4,PROD-034,2,9.01,16.65
ORD-2025-050989,1,PROD-037,2,9.86,18.48
ORD-2025-050990,1,PROD-009,1,61.97,28.62
ORD-2025-050991,1,PROD-043,1,107.04,87.37
ORD-2025-050991,2,PROD-018,3,50.7,68.45
ORD-2025-050992,1,PROD-012,2,18.5,27.62
ORD-2025-050992,2,PROD-043,2,107.04,175.44
ORD-2025-050993,1,PROD-042,2,73.24,136.8
ORD-2025-050994,1,PROD-030,1,49.3,26.47
ORD-2025-050995,1,PROD-018,3,50.7,97.21
ORD-2025-050996,1,PROD-032,1,19.72,10.93
ORD-2025-050997,1,PROD-003,1,14.37,9.95
ORD-2025-050998,1,PROD-019,1,29.58,26.13
ORD-2025-050998,2,PROD-031,2,53.52,50.55
ORD-2025-050998,3,PROD-018,1,50.7,35.51
ORD-2025-050999,1,PROD-059,1,52.11,44.52
ORD-2025-051000,1,PROD-036,1,11.55,10.94
ORD-2025-051000,2,PROD-022,2,9.01,12.78
ORD-2025-051001,1,PROD-041,1,11.83,8.63
ORD-2025-051001,2,PROD-034,3,9.01,12.77
ORD-2025-051002,1,PROD-009,2,61.97,78.94
ORD-2025-051002,2,PROD-002,1,11.9,11.04
ORD-2025-051003,1,PROD-020,2,10.14,18.64
ORD-2025-051003,2,PROD-050,1,61.97,57.14
ORD-2025-051003,3,PROD-014,2,9.9,18.98
ORD-2025-051004,1,PROD-054,1,59.15,45.29
ORD-2025-051004,2,PROD-018,3,50.7,106.93
ORD-2025-051005,1,PROD-037,2,9.86,17.82
ORD-2025-051005,2,PROD-009,1,61.97,52.9
ORD-2025-051006,1,PROD-041,4,11.83,27.61
ORD-2025-051006,2,PROD-020,1,10.14,7.5
ORD-2025-051007,1,PROD-009,1,61.97,61.25
ORD-2025-051007,2,PROD-054,1,59.15,55.36
ORD-2025-051007,3,PROD-047,1,108.45,106.61
ORD-2025-051008,1,PROD-042,2,73.24,84.31
ORD-2025-051008,2,PROD-002,2,11.9,10.71
ORD-2025-051009,1,PROD-001,1,12.9,12.19
ORD-2025-051010,1,PROD-005,2,20.28,22.86
ORD-2025-051010,2,PROD-023,2,7.89,9.77
ORD-2025-051011,1,PROD-009,1,61.97,60.29
ORD-2025-051011,2,PROD-043,2,107.04,205.2
ORD-2025-051012,1,PROD-043,2,107.04,159.96
ORD-2025-051013,1,PROD-009,2,61.97,55.77
ORD-2025-051014,1,PROD-010,1,38.03,17.11
ORD-2025-051015,1,PROD-009,1,61.97,47.96
ORD-2025-051015,2,PROD-018,1,50.7,36.4
ORD-2025-051015,3,PROD-008,1,9.9,8.33
ORD-2025-051015,4,PROD-022,1,9.01,4.05
ORD-2025-051016,1,PROD-018,2,50.7,95.88
ORD-2025-051017,1,PROD-042,2,73.24,132.32
ORD-2025-051017,2,PROD-035,3,10.14,24.33
ORD-2025-051017,3,PROD-040,1,15.21,13.61
ORD-2025-051018,1,PROD-060,1,42.25,29.75
ORD-2025-051019,1,PROD-011,1,14.9,14.59
ORD-2025-051020,1,PROD-043,2,107.04,96.34
ORD-2025-051021,1,PROD-004,1,20.28,9.13
ORD-2025-051022,1,PROD-043,1,107.04,101.76
ORD-2025-051023,1,PROD-009,1,61.97,38.12
ORD-2025-051024,1,PROD-010,1,38.03,37.09
ORD-2025-051025,1,PROD-054,1,59.15,41.61
ORD-2025-051026,1,PROD-009,2,61.97,106.85
ORD-2025-051027,1,PROD-027,1,21.13,19.9
ORD-2025-051027,2,PROD-043,1,107.04,103.22
ORD-2025-051027,3,PROD-009,1,61.97,60.69
ORD-2025-051028,1,PROD-009,1,61.97,57.66
ORD-2025-051029,1,PROD-043,1,107.04,88.31
ORD-2025-051030,1,PROD-019,1,29.58,25.8
ORD-2025-051030,2,PROD-041,1,11.83,10.61
ORD-2025-051030,3,PROD-009,2,61.97,81.87
ORD-2025-051031,1,PROD-010,1,38.03,28.17
ORD-2025-051032,1,PROD-009,1,61.97,61.44
ORD-2025-051032,2,PROD-008,1,9.9,9.53
ORD-2025-051032,3,PROD-037,2,9.86,18.69
ORD-2025-051033,1,PROD-060,1,42.25,27.29
ORD-2025-051034,1,PROD-043,2,107.04,102.22
ORD-2025-051035,1,PROD-014,2,9.9,10.54
ORD-2025-051036,1,PROD-005,1,20.28,15.43
ORD-2025-051037,1,PROD-022,1,9.01,8.03
ORD-2025-051037,2,PROD-005,2,20.28,38.23
ORD-2025-051038,1,PROD-003,3,14.37,41.31
ORD-2025-051039,1,PROD-041,4,11.83,46.65
ORD-2025-051040,1,PROD-001,2,12.9,15.36
ORD-2025-051041,1,PROD-060,1,42.25,32.61
ORD-2025-051042,1,PROD-043,2,107.04,197.75
ORD-2025-051043,1,PROD-031,1,53.52,50.32
ORD-2025-051044,1,PROD-023,1,7.89,6.42
ORD-2025-051045,1,PROD-050,1,61.97,48.18
ORD-2025-051045,2,PROD-009,2,61.97,83.23
ORD-2025-051046,1,PROD-009,2,61.97,111.6
ORD-2025-051046,2,PROD-055,1,74.65,62.11
ORD-2025-051046,3,PROD-036,4,11.55,37.93
ORD-2025-051047,1,PROD-018,1,50.7,29.79
ORD-2025-051047,2,PROD-059,1,52.11,23.45
ORD-2025-051048,1,PROD-043,4,107.04,387.19
ORD-2025-051049,1,PROD-030,1,49.3,36.1
ORD-2025-051049,2,PROD-017,2,12.5,19.91
ORD-2025-051050,1,PROD-005,2,20.28,35.2
ORD-2025-051051,1,PROD-037,4,9.86,30.38
ORD-2025-051052,1,PROD-002,2,11.9,23.04
ORD-2025-051052,2,PROD-031,1,53.52,50.38
ORD-2025-051052,3,PROD-010,1,38.03,34.97
ORD-2025-051053,1,PROD-009,2,61.97,95.32
ORD-2025-051053,2,PROD-043,1,107.04,90.76
ORD-2025-051054,1,PROD-018,1,50.7,43.84
ORD-2025-051055,1,PROD-022,1,9.01,5.65
ORD-2025-051055,2,PROD-039,1,8.17,6.88
ORD-2025-051056,1,PROD-003,2,14.37,15.51
ORD-2025-051056,2,PROD-038,4,7.89,19.94
ORD-2025-051057,1,PROD-036,1,11.55,7.27
ORD-2025-051058,1,PROD-018,1,50.7,41.04
ORD-2025-051059,1,PROD-056,1,101.41,67.8
ORD-2025-051060,1,PROD-043,1,107.04,95.57
ORD-2025-051061,1,PROD-013,1,11.9,7.13
ORD-2025-051061,2,PROD-009,1,61.97,52.57
ORD-2025-051062,1,PROD-043,3,107.04,144.5
ORD-2025-051063,1,PROD-043,1,107.04,105.16
ORD-2025-051064,1,PROD-032,1,19.72,17.06
ORD-2025-051064,2,PROD-009,1,61.97,55.13
ORD-2025-051065,1,PROD-043,3,107.04,206.42
ORD-2025-051066,1,PROD-009,1,61.97,56.71
ORD-2025-051066,2,PROD-033,3,52.11,105.44
ORD-2025-051066,3,PROD-040,1,15.21,6.84
ORD-2025-051067,1,PROD-022,2,9.01,12.01
ORD-2025-051068,1,PROD-019,2,29.58,45.11
ORD-2025-051068,2,PROD-032,4,19.72,50.02
ORD-2025-051068,3,PROD-009,2,61.97,86.91
ORD-2025-051069,1,PROD-034,3,9.01,22.75
ORD-2025-051070,1,PROD-009,1,61.97,55.54
ORD-2025-051070,2,PROD-018,2,50.7,83.98
ORD-2025-051071,1,PROD-018,1,50.7,35.31
ORD-2025-051071,2,PROD-042,2,73.24,90.14
ORD-2025-051072,1,PROD-039,1,8.17,6.42
ORD-2025-051073,1,PROD-032,1,19.72,16.24
ORD-2025-051074,1,PROD-009,1,61.97,39.56
ORD-2025-051075,1,PROD-009,1,61.97,57.55
ORD-2025-051076,1,PROD-031,1,53.52,50.87
ORD-2025-051076,2,PROD-043,2,107.04,187.47
ORD-2025-051077,1,PROD-055,1,74.65,56.85
ORD-2025-051078,1,PROD-029,2,24.79,40.85
ORD-2025-051079,1,PROD-043,1,107.04,106.15
ORD-2025-051079,2,PROD-009,1,61.97,58.82
ORD-2025-051080,1,PROD-006,1,32.39,22.78
ORD-2025-051080,2,PROD-009,1,61.97,57.72
ORD-2025-051081,1,PROD-011,1,14.9,13.13
ORD-2025-051082,1,PROD-001,1,12.9,11.1
ORD-2025-051082,2,PROD-043,1,107.04,73.34
ORD-2025-051083,1,PROD-034,4,9.01,32.81
ORD-2025-051083,2,PROD-028,1,17.18,16.04
ORD-2025-051084,1,PROD-008,1,9.9,9.08
ORD-2025-051084,2,PROD-042,2,73.24,129.02
ORD-2025-051085,1,PROD-019,1,29.58,17.98
ORD-2025-051086,1,PROD-043,3,107.04,306.77
ORD-2025-051087,1,PROD-043,2,107.04,166.75
ORD-2025-051087,2,PROD-018,3,50.7,129.29
ORD-2025-051088,1,PROD-043,1,107.04,101.24
ORD-2025-051088,2,PROD-006,1,32.39,31.45
ORD-2025-051089,1,PROD-009,1,61.97,46.71
ORD-2025-051090,1,PROD-028,1,17.18,16.42
ORD-2025-051091,1,PROD-009,2,61.97,90.43
ORD-2025-051091,2,PROD-030,1,49.3,47.48
ORD-2025-051091,3,PROD-040,2,15.21,27.59
ORD-2025-051092,1,PROD-015,2,26.76,53.06
ORD-2025-051092,2,PROD-009,1,61.97,58.39
ORD-2025-051093,1,PROD-046,1,259.15,246.3
ORD-2025-051093,2,PROD-002,2,11.9,22.02
ORD-2025-051094,1,PROD-003,2,14.37,12.93
ORD-2025-051095,1,PROD-014,2,9.9,10.35
ORD-2025-051095,2,PROD-005,1,20.28,9.13
ORD-2025-051096,1,PROD-018,1,50.7,32.5
ORD-2025-051096,2,PROD-004,1,20.28,9.13
ORD-2025-051097,1,PROD-056,1,101.41,79.32
ORD-2025-051098,1,PROD-036,1,11.55,7.66
ORD-2025-051099,1,PROD-033,1,52.11,45.77
ORD-2025-051100,1,PROD-054,1,59.15,31.67
ORD-2025-051101,1,PROD-006,1,32.39,25.4
ORD-2025-051102,1,PROD-020,2,10.14,18.55
ORD-2025-051102,2,PROD-027,1,21.13,17.84
ORD-2025-051103,1,PROD-043,2,107.04,151.08
ORD-2025-051104,1,PROD-043,3,107.04,169.23
ORD-2025-051104,2,PROD-030,1,49.3,40.46
ORD-2025-051105,1,PROD-035,3,10.14,22.78
ORD-2025-051106,1,PROD-008,1,9.9,9.6
ORD-2025-051107,1,PROD-031,1,53.52,34.35
ORD-2025-051108,1,PROD-011,1,14.9,10.86
ORD-2025-051109,1,PROD-009,1,61.97,57.31
ORD-2025-051109,2,PROD-010,2,38.03,61.43
ORD-2025-051110,1,PROD-018,2,50.7,73.25
ORD-2025-051111,1,PROD-005,2,20.28,29.3
ORD-2025-051111,2,PROD-002,2,11.9,17.07
ORD-2025-051112,1,PROD-009,3,61.97,173.23
ORD-2025-051112,2,PROD-018,1,50.7,46.89
ORD-2025-051112,3,PROD-031,1,53.52,50.93
ORD-2025-051113,1,PROD-036,1,11.55,11.27
ORD-2025-051114,1,PROD-009,1,61.97,54.33
ORD-2025-051114,2,PROD-034,2,9.01,12.24
ORD-2025-051115,1,PROD-014,3,9.9,28.51
ORD-2025-051116,1,PROD-009,3,61.97,157.24
ORD-2025-051116,2,PROD-029,1,24.79,16.73
ORD-2025-051116,3,PROD-034,1,9.01,7.22
ORD-2025-051117,1,PROD-009,2,61.97,116.76
ORD-2025-051118,1,PROD-030,1,49.3,37.49
ORD-2025-051119,1,PROD-028,2,17.18,29.63
ORD-2025-051120,1,PROD-002,1,11.9,10.08
ORD-2025-051121,1,PROD-055,1,74.65,33.59
ORD-2025-051122,1,PROD-010,1,38.03,36.5
ORD-2025-051123,1,PROD-029,1,24.79,23.6
ORD-2025-051124,1,PROD-054,1,59.15,29.35
ORD-2025-051125,1,PROD-055,1,74.65,49.9
ORD-2025-051126,1,PROD-030,1,49.3,46.17
ORD-2025-051127,1,PROD-009,2,61.97,85.25
ORD-2025-051128,1,PROD-043,4,107.04,305.11
ORD-2025-051128,2,PROD-012,2,18.5,29.74
ORD-2025-051129,1,PROD-057,1,521.13,476.36
ORD-2025-051130,1,PROD-004,1,20.28,9.13
ORD-2025-051131,1,PROD-009,1,61.97,56.64
ORD-2025-051132,1,PROD-018,3,50.7,68.45
ORD-2025-051133,1,PROD-039,1,8.17,8.04
ORD-2025-051134,1,PROD-043,3,107.04,274.49
ORD-2025-051134,2,PROD-039,1,8.17,7.74
ORD-2025-051135,1,PROD-010,2,38.03,73.24
ORD-2025-051136,1,PROD-009,2,61.97,117.15
ORD-2025-051137,1,PROD-058,1,39.44,36.49
ORD-2025-051138,1,PROD-009,2,61.97,55.77
ORD-2025-051139,1,PROD-043,2,107.04,170.45
ORD-2025-051140,1,PROD-007,2,17.18,31.38
ORD-2025-051141,1,PROD-040,3,15.21,30.39
ORD-2025-051142,1,PROD-056,1,101.41,84.09
ORD-2025-051143,1,PROD-022,1,9.01,5.08
ORD-2025-051143,2,PROD-027,1,21.13,9.51
ORD-2025-051144,1,PROD-009,2,61.97,122.76
ORD-2025-051144,2,PROD-030,1,49.3,48.89
ORD-2025-051145,1,PROD-006,2,32.39,38.62
ORD-2025-051145,2,PROD-009,2,61.97,109.64
ORD-2025-051145,3,PROD-031,2,53.52,97.24
ORD-2025-051146,1,PROD-018,1,50.7,33.75
ORD-2025-051146,2,PROD-030,1,49.3,47.52
ORD-2025-051147,1,PROD-009,1,61.97,42.05
ORD-2025-051148,1,PROD-009,1,61.97,47.82
ORD-2025-051148,2,PROD-034,2,9.01,14.65
ORD-2025-051148,3,PROD-043,1,107.04,80.74
ORD-2025-051149,1,PROD-009,1,61.97,60.74
ORD-2025-051150,1,PROD-009,1,61.97,51.94
ORD-2025-051150,2,PROD-006,2,32.39,44.81
ORD-2025-051150,3,PROD-042,2,73.24,133.58
ORD-2025-051151,1,PROD-018,3,50.7,148.02
ORD-2025-051151,2,PROD-009,1,61.97,50.67
ORD-2025-051151,3,PROD-053,1,53.52,49.06
ORD-2025-051152,1,PROD-009,1,61.97,61.08
ORD-2025-051153,1,PROD-043,1,107.04,97.13
ORD-2025-051154,1,PROD-030,1,49.3,48.96
ORD-2025-051155,1,PROD-002,2,11.9,21.51
ORD-2025-051156,1,PROD-043,2,107.04,204.38
ORD-2025-051157,1,PROD-005,2,20.28,39.87
ORD-2025-051158,1,PROD-019,1,29.58,28.69
ORD-2025-051159,1,PROD-006,2,32.39,54.21
ORD-2025-051160,1,PROD-038,1,7.89,3.55
ORD-2025-051160,2,PROD-058,1,39.44,34.97
ORD-2025-051161,1,PROD-046,1,259.15,238.11
ORD-2025-051161,2,PROD-009,1,61.97,40.42
ORD-2025-051162,1,PROD-011,1,14.9,12.58
ORD-2025-051163,1,PROD-054,1,59.15,58.95
ORD-2025-051164,1,PROD-029,2,24.79,35.94
ORD-2025-051165,1,PROD-016,2,8.9,17.23
ORD-2025-051166,1,PROD-056,1,101.41,86.93
ORD-2025-051167,1,PROD-009,1,61.97,59.01
ORD-2025-051168,1,PROD-027,1,21.13,17.17
ORD-2025-051169,1,PROD-001,1,12.9,5.8
ORD-2025-051169,2,PROD-038,2,7.89,9.71
ORD-2025-051170,1,PROD-005,1,20.28,19.73
ORD-2025-051171,1,PROD-009,1,61.97,60.47
ORD-2025-051172,1,PROD-009,1,61.97,58.65
ORD-2025-051173,1,PROD-004,1,20.28,18.26
ORD-2025-051174,1,PROD-007,1,17.18,14.99
ORD-2025-051175,1,PROD-043,1,107.04,87.88
ORD-2025-051176,1,PROD-021,1,15.49,13.71
ORD-2025-051176,2,PROD-048,1,55.77,53.46
ORD-2025-051176,3,PROD-055,1,74.65,62.04
ORD-2025-051177,1,PROD-010,1,38.03,34.63
ORD-2025-051177,2,PROD-006,1,32.39,30.93
ORD-2025-051177,3,PROD-023,1,7.89,7.8
ORD-2025-051178,1,PROD-015,1,26.76,26.44
ORD-2025-051178,2,PROD-009,1,61.97,52.59
ORD-2025-051179,1,PROD-043,1,107.04,105.31
ORD-2025-051179,2,PROD-048,1,55.77,52.77
ORD-2025-051180,1,PROD-054,1,59.15,26.62
ORD-2025-051181,1,PROD-009,2,61.97,116.71
ORD-2025-051181,2,PROD-041,2,11.83,18.63
ORD-2025-051181,3,PROD-043,1,107.04,93.77
ORD-2025-051182,1,PROD-009,1,61.97,61.06
ORD-2025-051183,1,PROD-010,1,38.03,35.52
ORD-2025-051184,1,PROD-009,1,61.97,50.88
ORD-2025-051185,1,PROD-010,1,38.03,35.2
ORD-2025-051185,2,PROD-039,1,8.17,6.97
ORD-2025-051186,1,PROD-009,2,61.97,116.37
ORD-2025-051186,2,PROD-001,3,12.9,35.01
ORD-2025-051186,3,PROD-004,1,20.28,19.24
ORD-2025-051187,1,PROD-043,2,107.04,212.13
ORD-2025-051187,2,PROD-034,2,9.01,17.64
ORD-2025-051188,1,PROD-004,1,20.28,14.69
ORD-2025-051188,2,PROD-043,2,107.04,109.2
ORD-2025-051189,1,PROD-009,1,61.97,59.9
ORD-2025-051189,2,PROD-018,3,50.7,150.46
ORD-2025-051190,1,PROD-010,1,38.03,36.66
ORD-2025-051191,1,PROD-043,4,107.04,407.78
ORD-2025-051192,1,PROD-002,2,11.9,18.43
ORD-2025-051192,2,PROD-009,1,61.97,48.03
ORD-2025-051192,3,PROD-010,1,38.03,33.99
ORD-2025-051192,4,PROD-043,1,107.04,96.8
ORD-2025-051193,1,PROD-003,1,14.37,13.55
ORD-2025-051193,2,PROD-009,1,61.97,54.47
ORD-2025-051193,3,PROD-043,1,107.04,104.01
ORD-2025-051194,1,PROD-002,2,11.9,22.86
ORD-2025-051194,2,PROD-009,2,61.97,120.16
ORD-2025-051195,1,PROD-009,1,61.97,53.22
ORD-2025-051196,1,PROD-010,1,38.03,33.84
ORD-2025-051197,1,PROD-042,1,73.24,67.23
ORD-2025-051198,1,PROD-005,1,20.28,17.9
ORD-2025-051199,1,PROD-009,2,61.97,107.67
ORD-2025-051200,1,PROD-010,1,38.03,23.02
ORD-2025-051200,2,PROD-034,2,9.01,8.42
ORD-2025-051201,1,PROD-019,1,29.58,25.29
ORD-2025-051202,1,PROD-043,1,107.04,99.0
ORD-2025-051203,1,PROD-053,1,53.52,49.69
ORD-2025-051204,1,PROD-004,1,20.28,19.76
ORD-2025-051204,2,PROD-009,3,61.97,181.21
ORD-2025-051205,1,PROD-005,1,20.28,19.43
ORD-2025-051206,1,PROD-004,1,20.28,19.65
ORD-2025-051206,2,PROD-043,4,107.04,316.11
ORD-2025-051206,3,PROD-009,2,61.97,120.01
ORD-2025-051206,4,PROD-032,1,19.72,13.32
ORD-2025-051207,1,PROD-031,2,53.52,89.83
ORD-2025-051208,1,PROD-006,1,32.39,31.93
ORD-2025-051209,1,PROD-009,2,61.97,121.77
ORD-2025-051209,2,PROD-033,1,52.11,50.9
ORD-2025-051210,1,PROD-030,1,49.3,34.17
ORD-2025-051211,1,PROD-018,1,50.7,48.88
ORD-2025-051212,1,PROD-009,2,61.97,107.98
ORD-2025-051213,1,PROD-003,2,14.37,27.25
ORD-2025-051213,2,PROD-040,4,15.21,59.61
ORD-2025-051213,3,PROD-034,2,9.01,15.66
ORD-2025-051214,1,PROD-003,1,14.37,14.03
ORD-2025-051214,2,PROD-018,1,50.7,50.25
ORD-2025-051215,1,PROD-056,1,101.41,70.0
ORD-2025-051216,1,PROD-009,2,61.97,122.61
ORD-2025-051217,1,PROD-010,1,38.03,32.93
ORD-2025-051217,2,PROD-027,1,21.13,20.5
ORD-2025-051218,1,PROD-004,1,20.28,20.15
ORD-2025-051219,1,PROD-028,2,17.18,26.08
ORD-2025-051219,2,PROD-040,3,15.21,43.09
ORD-2025-051219,3,PROD-036,2,11.55,22.44
ORD-2025-051219,4,PROD-024,1,8.73,5.74
ORD-2025-051220,1,PROD-009,1,61.97,61.77
ORD-2025-051220,2,PROD-018,1,50.7,49.36
ORD-2025-051221,1,PROD-041,1,11.83,5.32
ORD-2025-051221,2,PROD-010,1,38.03,33.23
ORD-2025-051222,1,PROD-011,1,14.9,14.25
ORD-2025-051222,2,PROD-007,2,17.18,28.17
ORD-2025-051223,1,PROD-017,2,12.5,23.29
ORD-2025-051223,2,PROD-009,3,61.97,170.42
ORD-2025-051224,1,PROD-010,3,38.03,110.83
ORD-2025-051224,2,PROD-009,2,61.97,113.71
ORD-2025-051225,1,PROD-027,2,21.13,38.41
ORD-2025-051226,1,PROD-033,2,52.11,97.42
ORD-2025-051226,2,PROD-010,1,38.03,32.56
ORD-2025-051227,1,PROD-019,1,29.58,21.38
ORD-2025-051227,2,PROD-021,1,15.49,7.09
ORD-2025-051228,1,PROD-009,1,61.97,57.02
ORD-2025-051228,2,PROD-034,3,9.01,25.03
ORD-2025-051229,1,PROD-009,1,61.97,54.3
ORD-2025-051229,2,PROD-019,2,29.58,56.89
ORD-2025-051229,3,PROD-002,1,11.9,11.14
ORD-2025-051230,1,PROD-018,1,50.7,49.31
ORD-2025-051230,2,PROD-033,1,52.11,41.86
ORD-2025-051231,1,PROD-001,1,12.9,12.48
ORD-2025-051232,1,PROD-002,2,11.9,20.84
ORD-2025-051232,2,PROD-043,2,107.04,206.78
ORD-2025-051232,3,PROD-009,2,61.97,119.64
ORD-2025-051233,1,PROD-009,1,61.97,55.02
ORD-2025-051233,2,PROD-032,1,19.72,18.99
ORD-2025-051234,1,PROD-043,2,107.04,197.12
ORD-2025-051234,2,PROD-004,2,20.28,38.52
ORD-2025-051235,1,PROD-009,2,61.97,120.64
ORD-2025-051236,1,PROD-043,1,107.04,64.04
ORD-2025-051236,2,PROD-058,1,39.44,17.75
ORD-2025-051237,1,PROD-005,3,20.28,48.27
ORD-2025-051238,1,PROD-003,1,14.37,13.6
ORD-2025-051239,1,PROD-051,1,36.06,30.43
ORD-2025-051240,1,PROD-016,1,8.9,8.71
ORD-2025-051241,1,PROD-009,1,61.97,59.94
ORD-2025-051242,1,PROD-009,3,61.97,175.82
ORD-2025-051243,1,PROD-053,1,53.52,52.37
ORD-2025-051244,1,PROD-060,1,42.25,19.01
ORD-2025-051245,1,PROD-038,1,7.89,7.35
ORD-2025-051245,2,PROD-010,1,38.03,33.18
ORD-2025-051245,3,PROD-009,1,61.97,60.73
ORD-2025-051246,1,PROD-033,2,52.11,103.33
ORD-2025-051247,1,PROD-018,1,50.7,44.66
ORD-2025-051248,1,PROD-006,1,32.39,31.39
ORD-2025-051249,1,PROD-005,2,20.28,39.25
ORD-2025-051249,2,PROD-009,1,61.97,58.04
ORD-2025-051249,3,PROD-003,1,14.37,14.07
ORD-2025-051250,1,PROD-020,2,10.14,15.49
ORD-2025-051250,2,PROD-052,1,46.48,41.34
ORD-2025-051251,1,PROD-055,1,74.65,72.9
ORD-2025-051252,1,PROD-009,1,61.97,58.18
ORD-2025-051253,1,PROD-009,2,61.97,106.7
ORD-2025-051254,1,PROD-006,2,32.39,57.34
ORD-2025-051255,1,PROD-009,1,61.97,61.85
ORD-2025-051255,2,PROD-001,2,12.9,25.06
ORD-2025-051255,3,PROD-043,1,107.04,98.37
ORD-2025-051255,4,PROD-006,2,32.39,59.73
ORD-2025-051255,5,PROD-013,1,11.9,
ORD-2025-051256,1,PROD-044,1,40.85,21.25
ORD-2025-051257,1,PROD-010,1,38.03,37.5
ORD-2025-051258,1,PROD-043,1,107.04,89.42
ORD-2025-051258,2,PROD-056,1,101.41,45.63
ORD-2025-051259,1,PROD-009,2,61.97,114.43
ORD-2025-051260,1,PROD-034,2,9.01,16.89
ORD-2025-051261,1,PROD-043,1,107.04,62.5
ORD-2025-051261,2,PROD-004,2,20.28,26.23
ORD-2025-051262,1,PROD-038,1,7.89,6.84
ORD-2025-051262,2,PROD-030,1,49.3,47.37
ORD-2025-051263,1,PROD-043,1,107.04,102.34
ORD-2025-051264,1,PROD-007,3,17.18,32.71
ORD-2025-051264,2,PROD-043,2,107.04,189.59
ORD-2025-051264,3,PROD-018,2,50.7,84.77
ORD-2025-051265,1,PROD-043,2,107.04,162.79
ORD-2025-051266,1,PROD-005,3,20.28,56.69
ORD-2025-051267,1,PROD-009,1,61.97,59.36
ORD-2025-051268,1,PROD-004,3,20.28,49.81
ORD-2025-051269,1,PROD-009,1,61.97,27.89
ORD-2025-051269,2,PROD-034,1,9.01,4.05
ORD-2025-051270,1,PROD-018,3,50.7,133.19
ORD-2025-051271,1,PROD-019,1,29.58,13.31
ORD-2025-051272,1,PROD-040,3,15.21,42.15
ORD-2025-051273,1,PROD-010,1,38.03,37.33
ORD-2025-051274,1,PROD-043,1,107.04,96.35
ORD-2025-051274,2,PROD-011,1,14.9,9.15
ORD-2025-051275,1,PROD-055,1,74.65,67.74
ORD-2025-051275,2,PROD-007,1,17.18,15.99
ORD-2025-051276,1,PROD-010,1,38.03,34.37
ORD-2025-051277,1,PROD-037,2,9.86,16.81
ORD-2025-051278,1,PROD-030,1,49.3,22.18
ORD-2025-051278,2,PROD-026,1,14.65,12.42
ORD-2025-051279,1,PROD-010,2,38.03,67.25
ORD-2025-051280,1,PROD-009,2,61.97,120.53
ORD-2025-051280,2,PROD-018,2,50.7,100.2
ORD-2025-051281,1,PROD-009,1,61.97,58.88
ORD-2025-051282,1,PROD-004,2,20.28,26.24
ORD-2025-051283,1,PROD-054,1,59.15,26.62
ORD-2025-051283,2,PROD-020,1,10.14,9.33
ORD-2025-051284,1,PROD-034,3,9.01,26.29
ORD-2025-051284,2,PROD-005,1,20.28,19.26
ORD-2025-051285,1,PROD-047,1,108.45,106.84
ORD-2025-051285,2,PROD-006,1,32.39,29.35
ORD-2025-051286,1,PROD-005,1,20.28,19.3
ORD-2025-051287,1,PROD-005,1,20.28,19.08
ORD-2025-051287,2,PROD-016,1,8.9,8.69
ORD-2025-051287,3,PROD-007,1,17.18,17.0
ORD-2025-051288,1,PROD-015,2,26.76,37.87
ORD-2025-051289,1,PROD-043,1,107.04,103.58
ORD-2025-051289,2,PROD-009,1,61.97,34.53
ORD-2025-051290,1,PROD-009,1,61.97,61.08
ORD-2025-051290,2,PROD-005,3,20.28,59.55
ORD-2025-051291,1,PROD-042,2,73.24,141.5
ORD-2025-051291,2,PROD-028,1,17.18,9.86
ORD-2025-051292,1,PROD-045,1,72.68,64.41
ORD-2025-051293,1,PROD-005,1,20.28,17.14
ORD-2025-051293,2,PROD-009,1,61.97,49.89
ORD-2025-051294,1,PROD-010,1,38.03,32.65
ORD-2025-051294,2,PROD-014,1,9.9,8.34
ORD-2025-051295,1,PROD-004,1,20.28,17.94
ORD-2025-051296,1,PROD-002,1,11.9,11.41
ORD-2025-051296,2,PROD-009,1,61.97,56.94
ORD-2025-051296,3,PROD-047,1,108.45,105.52
ORD-2025-051296,4,PROD-030,1,49.3,48.56
ORD-2025-051297,1,PROD-019,1,29.58,28.91
ORD-2025-051298,1,PROD-009,1,61.97,57.45
ORD-2025-051299,1,PROD-009,2,61.97,112.44
ORD-2025-051299,2,PROD-035,2,10.14,16.44
ORD-2025-051300,1,PROD-043,1,107.04,83.61
ORD-2025-051301,1,PROD-046,1,259.15,250.26
ORD-2025-051302,1,PROD-006,2,32.39,29.15
ORD-2025-051302,2,PROD-009,1,61.97,54.41
ORD-2025-051302,3,PROD-056,1,101.41,87.93
ORD-2025-051303,1,PROD-009,2,61.97,102.88
ORD-2025-051303,2,PROD-018,2,50.7,92.09
ORD-2025-051303,3,PROD-004,2,20.28,35.85
ORD-2025-051304,1,PROD-054,1,59.15,37.1
ORD-2025-051305,1,PROD-038,3,7.89,22.54
ORD-2025-051306,1,PROD-009,2,61.97,116.96
ORD-2025-051307,1,PROD-011,1,14.9,12.74
ORD-2025-051307,2,PROD-009,1,61.97,58.24
ORD-2025-051308,1,PROD-010,3,38.03,100.26
ORD-2025-051309,1,PROD-009,1,61.97,58.15
ORD-2025-051309,2,PROD-035,1,10.14,9.63
ORD-2025-051309,3,PROD-018,1,50.7,47.46
ORD-2025-051309,4,PROD-043,1,107.04,96.71
ORD-2025-051310,1,PROD-009,2,61.97,123.3
ORD-2025-051311,1,PROD-009,2,61.97,118.38
ORD-2025-051312,1,PROD-042,2,73.24,139.19
ORD-2025-051313,1,PROD-001,1,12.9,10.83
ORD-2025-051313,2,PROD-034,1,9.01,5.69
ORD-2025-051314,1,PROD-043,1,107.04,87.94
ORD-2025-051315,1,PROD-043,1,107.04,89.38
ORD-2025-051315,2,PROD-031,1,53.52,49.71
ORD-2025-051316,1,PROD-056,1,101.41,75.24
ORD-2025-051317,1,PROD-035,1,10.14,8.91
ORD-2025-051318,1,PROD-009,1,61.97,54.37
ORD-2025-051318,2,PROD-001,1,12.9,12.62
ORD-2025-051319,1,PROD-001,2,12.9,22.67
ORD-2025-051320,1,PROD-009,2,61.97,121.39
ORD-2025-051321,1,PROD-004,2,20.28,39.42
ORD-2025-051322,1,PROD-010,1,38.03,37.09
ORD-2025-051322,2,PROD-043,2,107.04,206.63
ORD-2025-051323,1,PROD-010,2,38.03,61.3
ORD-2025-051324,1,PROD-043,4,107.04,377.68
ORD-2025-051325,1,PROD-008,1,9.9,8.33
ORD-2025-051326,1,PROD-027,2,21.13,31.1
ORD-2025-051327,1,PROD-043,2,107.04,203.08
ORD-2025-051327,2,PROD-003,1,14.37,14.07
ORD-2025-051328,1,PROD-009,1,61.97,55.28
ORD-2025-051329,1,PROD-010,2,38.03,70.96
ORD-2025-051330,1,PROD-009,1,61.97,59.78
ORD-2025-051330,2,PROD-044,1,40.85,39.57
ORD-2025-051331,1,PROD-009,1,61.97,55.61
ORD-2025-051331,2,PROD-004,3,20.28,55.25
ORD-2025-051331,3,PROD-001,1,12.9,10.99
ORD-2025-051331,4,PROD-005,3,20.28,57.01
ORD-2025-051332,1,PROD-031,2,53.52,90.05
ORD-2025-051332,2,PROD-039,2,8.17,9.61
ORD-2025-051333,1,PROD-009,1,61.97,58.89
ORD-2025-051333,2,PROD-036,3,11.55,33.84
ORD-2025-051334,1,PROD-030,1,49.3,41.71
ORD-2025-051335,1,PROD-009,2,61.97,91.27
ORD-2025-051335,2,PROD-004,2,20.28,40.04
ORD-2025-051336,1,PROD-037,1,9.86,8.21
ORD-2025-051337,1,PROD-030,2,49.3,94.51
ORD-2025-051337,2,PROD-043,1,107.04,84.05
ORD-2025-051338,1,PROD-029,1,24.79,24.2
ORD-2025-051339,1,PROD-035,1,10.14,9.09
ORD-2025-051340,1,PROD-048,1,55.77,47.14
ORD-2025-051341,1,PROD-028,1,17.18,16.11
ORD-2025-051342,1,PROD-023,1,7.89,7.85
ORD-2025-051342,2,PROD-015,1,26.76,24.09
ORD-2025-051343,1,PROD-009,1,61.97,59.22
ORD-2025-051343,2,PROD-011,2,14.9,26.95
ORD-2025-051343,3,PROD-043,3,107.04,297.71
ORD-2025-051343,4,PROD-041,1,11.83,11.04
ORD-2025-051344,1,PROD-054,1,59.15,52.82
ORD-2025-051345,1,PROD-043,1,107.04,49.22
ORD-2025-051346,1,PROD-009,1,61.97,46.19
ORD-2025-051346,2,PROD-034,3,9.01,22.08
ORD-2025-051346,3,PROD-004,2,20.28,37.32
ORD-2025-051347,1,PROD-010,2,38.03,73.06
ORD-2025-051348,1,PROD-001,1,12.9,10.79
ORD-2025-051349,1,PROD-041,2,11.83,22.93
ORD-2025-051349,2,PROD-004,3,20.28,59.25
ORD-2025-051349,3,PROD-032,2,19.72,39.29
ORD-2025-051349,4,PROD-009,1,61.97,61.0
ORD-2025-051350,1,PROD-001,3,12.9,34.66
ORD-2025-051351,1,PROD-009,1,61.97,58.83
ORD-2025-051351,2,PROD-043,1,107.04,82.32
ORD-2025-051352,1,PROD-043,1,107.04,105.89
ORD-2025-051353,1,PROD-029,1,24.79,22.14
ORD-2025-051353,2,PROD-009,1,61.97,57.3
ORD-2025-051354,1,PROD-043,2,107.04,191.26
ORD-2025-051355,1,PROD-010,2,38.03,71.51
ORD-2025-051356,1,PROD-007,1,17.18,16.34
ORD-2025-051356,2,PROD-043,1,107.04,96.8
ORD-2025-051357,1,PROD-004,2,20.28,36.17
ORD-2025-051357,2,PROD-009,2,61.97,118.7
ORD-2025-051358,1,PROD-009,1,61.97,56.56
ORD-2025-051359,1,PROD-009,2,61.97,118.25
ORD-2025-051360,1,PROD-043,1,107.04,96.06
ORD-2025-051360,2,PROD-009,1,61.97,59.47
ORD-2025-051361,1,PROD-010,1,38.03,37.08
ORD-2025-051362,1,PROD-015,2,26.76,50.8
ORD-2025-051362,2,PROD-007,2,17.18,33.36
ORD-2025-051363,1,PROD-031,1,53.52,47.87
ORD-2025-051364,1,PROD-009,1,61.97,60.05
ORD-2025-051364,2,PROD-030,1,49.3,47.67
ORD-2025-051365,1,PROD-009,2,61.97,119.49
ORD-2025-051365,2,PROD-035,3,10.14,25.98
ORD-2025-051365,3,PROD-043,4,107.04,395.32
ORD-2025-051366,1,PROD-014,1,9.9,5.98
ORD-2025-051366,2,PROD-043,1,107.04,88.76
ORD-2025-051367,1,PROD-039,3,8.17,22.34
ORD-2025-051368,1,PROD-001,1,12.9,10.82
ORD-2025-051368,2,PROD-028,1,17.18,14.7
ORD-2025-051369,1,PROD-006,1,32.39,26.75
ORD-2025-051370,1,PROD-010,1,38.03,33.75
ORD-2025-051370,2,PROD-018,1,50.7,49.13
ORD-2025-051371,1,PROD-027,2,21.13,40.43
ORD-2025-051372,1,PROD-021,1,15.49,13.71
ORD-2025-051372,2,PROD-055,1,74.65,69.35
ORD-2025-051373,1,PROD-055,1,74.65,67.07
ORD-2025-051374,1,PROD-004,1,20.28,17.5
ORD-2025-051374,2,PROD-056,1,101.41,99.92
ORD-2025-051374,3,PROD-037,2,9.86,17.92
ORD-2025-051375,1,PROD-026,1,14.65,12.4
ORD-2025-051376,1,PROD-007,2,17.18,32.63
ORD-2025-051377,1,PROD-018,2,50.7,90.37
ORD-2025-051378,1,PROD-026,1,14.65,14.17
ORD-2025-051379,1,PROD-009,1,61.97,55.51
ORD-2025-051379,2,PROD-027,2,21.13,40.81
ORD-2025-051379,3,PROD-035,1,10.14,8.79
ORD-2025-051379,4,PROD-010,3,38.03,98.16
ORD-2025-051380,1,PROD-054,1,59.15,56.6
ORD-2025-051381,1,PROD-009,1,61.97,61.41
ORD-2025-051382,1,PROD-030,1,49.3,47.44
ORD-2025-051382,2,PROD-009,2,61.97,122.97
ORD-2025-051382,3,PROD-022,2,9.01,16.01
ORD-2025-051383,1,PROD-009,1,61.97,56.01
ORD-2025-051384,1,PROD-005,1,20.28,18.85
ORD-2025-051384,2,PROD-041,3,11.83,32.43
ORD-2025-051384,3,PROD-015,1,26.76,26.16
ORD-2025-051384,4,PROD-006,1,32.39,30.65
ORD-2025-051384,5,PROD-009,2,61.97,110.32
ORD-2025-051385,1,PROD-001,2,12.9,25.33
ORD-2025-051385,2,PROD-018,1,50.7,49.96
ORD-2025-051386,1,PROD-010,1,38.03,35.77
ORD-2025-051387,1,PROD-043,1,107.04,48.17
ORD-2025-051387,2,PROD-018,3,50.7,70.41
ORD-2025-051388,1,PROD-056,1,101.41,90.9
ORD-2025-051389,1,PROD-005,1,20.28,16.82
ORD-2025-051390,1,PROD-010,1,38.03,34.0
ORD-2025-051391,1,PROD-006,3,32.39,94.29
ORD-2025-051392,1,PROD-013,1,11.9,9.67
ORD-2025-051392,2,PROD-018,1,50.7,47.26
ORD-2025-051392,3,PROD-021,1,15.49,14.19
ORD-2025-051393,1,PROD-003,3,14.37,37.45
ORD-2025-051394,1,PROD-010,1,38.03,37.63
ORD-2025-051395,1,PROD-004,1,20.28,18.94
ORD-2025-051396,1,PROD-009,1,61.97,49.38
ORD-2025-051396,2,PROD-053,1,53.52,45.87
ORD-2025-051397,1,PROD-009,1,61.97,60.01
ORD-2025-051398,1,PROD-009,2,61.97,113.19
ORD-2025-051398,2,PROD-041,1,11.83,10.54
ORD-2025-051398,3,PROD-043,3,107.04,294.27
ORD-2025-051399,1,PROD-010,1,38.03,37.38
ORD-2025-051399,2,PROD-001,1,12.9,12.46
ORD-2025-051400,1,PROD-012,1,18.5,17.06
ORD-2025-051401,1,PROD-010,2,38.03,71.3
ORD-2025-051401,2,PROD-055,1,74.65,70.45
ORD-2025-051401,3,PROD-034,3,9.01,26.98
ORD-2025-051401,4,PROD-006,2,32.39,61.83
ORD-2025-051402,1,PROD-010,1,38.03,35.8
ORD-2025-051402,2,PROD-040,1,15.21,14.93
ORD-2025-051402,3,PROD-055,1,74.65,69.27
ORD-2025-051403,1,PROD-058,1,39.44,36.06
ORD-2025-051403,2,PROD-006,1,32.39,28.63
ORD-2025-051403,3,PROD-038,3,7.89,22.6
ORD-2025-051404,1,PROD-047,1,108.45,100.76
ORD-2025-051404,2,PROD-006,2,32.39,56.71
ORD-2025-051405,1,PROD-005,1,20.28,16.32
ORD-2025-051406,1,PROD-006,1,32.39,27.19
ORD-2025-051407,1,PROD-009,1,61.97,47.13
ORD-2025-051408,1,PROD-043,1,107.04,101.1
ORD-2025-051409,1,PROD-005,1,20.28,17.78
ORD-2025-051409,2,PROD-021,1,15.49,10.93
ORD-2025-051409,3,PROD-027,1,21.13,18.62
ORD-2025-051410,1,PROD-038,2,7.89,15.48
ORD-2025-051410,2,PROD-044,1,40.85,38.79
ORD-2025-051411,1,PROD-020,2,10.14,17.49
ORD-2025-051411,2,PROD-021,1,15.49,11.04
ORD-2025-051412,1,PROD-016,1,8.9,8.12
ORD-2025-051413,1,PROD-001,1,12.9,12.48
ORD-2025-051413,2,PROD-043,1,107.04,103.87
ORD-2025-051413,3,PROD-009,1,61.97,60.99
ORD-2025-051414,1,PROD-054,1,59.15,36.45
ORD-2025-051415,1,PROD-040,1,15.21,15.1
ORD-2025-051416,1,PROD-043,2,107.04,210.42
ORD-2025-051416,2,PROD-007,1,17.18,16.74
ORD-2025-051417,1,PROD-047,1,108.45,90.46
ORD-2025-051418,1,PROD-009,1,61.97,61.73
ORD-2025-051418,2,PROD-001,3,12.9,37.18
ORD-2025-051419,1,PROD-043,2,107.04,197.92
ORD-2025-051420,1,PROD-009,1,61.97,52.91
ORD-2025-051421,1,PROD-009,2,61.97,113.49
ORD-2025-051422,1,PROD-030,1,49.3,45.69
ORD-2025-051422,2,PROD-043,4,107.04,356.49
ORD-2025-051422,3,PROD-017,2,12.5,21.75
ORD-2025-051422,4,PROD-009,1,61.97,37.85
ORD-2025-051423,1,PROD-010,3,38.03,110.53
ORD-2025-051423,2,PROD-028,1,17.18,17.04
ORD-2025-051423,3,PROD-055,1,74.65,72.69
ORD-2025-051424,1,PROD-043,1,107.04,85.96
ORD-2025-051425,1,PROD-032,1,19.72,16.25
ORD-2025-051426,1,PROD-004,2,20.28,35.89
ORD-2025-051427,1,PROD-042,1,73.24,57.0
ORD-2025-051428,1,PROD-010,1,38.03,36.88
ORD-2025-051428,2,PROD-028,1,17.18,16.02
ORD-2025-051429,1,PROD-009,1,61.97,60.95
ORD-2025-051430,1,PROD-009,1,61.97,54.58
ORD-2025-051431,1,PROD-008,2,9.9,17.74
ORD-2025-051432,1,PROD-009,2,61.97,123.01
ORD-2025-051433,1,PROD-030,1,49.3,41.3
ORD-2025-051433,2,PROD-027,2,21.13,35.3
ORD-2025-051434,1,PROD-035,2,10.14,17.1
ORD-2025-051435,1,PROD-004,1,20.28,19.91
ORD-2025-051436,1,PROD-011,3,14.9,42.06
ORD-2025-051437,1,PROD-004,2,20.28,40.21
ORD-2025-051437,2,PROD-032,1,19.72,19.33
ORD-2025-051437,3,PROD-009,1,61.97,61.68
ORD-2025-051437,4,PROD-010,1,38.03,36.08
ORD-2025-051438,1,PROD-049,1,80.28,77.83
ORD-2025-051439,1,PROD-030,1,49.3,48.51
ORD-2025-051439,2,PROD-010,1,38.03,33.99
ORD-2025-051439,3,PROD-009,1,61.97,54.47
ORD-2025-051440,1,PROD-004,3,20.28,56.26
ORD-2025-051441,1,PROD-043,1,107.04,97.31
ORD-2025-051441,2,PROD-040,1,15.21,14.81
ORD-2025-051442,1,PROD-009,2,61.97,122.16
ORD-2025-051443,1,PROD-009,1,61.97,59.49
ORD-2025-051444,1,PROD-049,1,80.28,65.26
ORD-2025-051444,2,PROD-003,1,14.37,12.77
ORD-2025-051444,3,PROD-006,3,32.39,81.72
ORD-2025-051445,1,PROD-009,1,61.97,55.88
ORD-2025-051446,1,PROD-029,1,24.79,23.71
ORD-2025-051447,1,PROD-009,3,61.97,83.66
ORD-2025-051448,1,PROD-015,2,26.76,47.47
ORD-2025-051449,1,PROD-005,1,20.28,19.21
ORD-2025-051449,2,PROD-009,2,61.97,122.08
ORD-2025-051450,1,PROD-038,3,7.89,23.06
ORD-2025-051451,1,PROD-010,2,38.03,75.53
ORD-2025-051451,2,PROD-001,3,12.9,29.9
ORD-2025-051451,3,PROD-023,1,7.89,6.9
ORD-2025-051452,1,PROD-037,1,9.86,8.65
ORD-2025-051453,1,PROD-030,1,49.3,47.53
ORD-2025-051453,2,PROD-009,1,61.97,55.21
ORD-2025-051454,1,PROD-009,1,61.97,58.05
ORD-2025-051454,2,PROD-042,2,73.24,140.83
ORD-2025-051455,1,PROD-036,1,11.55,10.0
ORD-2025-051456,1,PROD-005,1,20.28,18.63
ORD-2025-051457,1,PROD-009,2,61.97,121.92
ORD-2025-051457,2,PROD-043,2,107.04,199.48
ORD-2025-051458,1,PROD-009,1,61.97,53.29
ORD-2025-051458,2,PROD-023,2,7.89,15.67
ORD-2025-051458,3,PROD-020,2,10.14,14.32
ORD-2025-051458,4,PROD-038,2,7.89,13.7
ORD-2025-051458,5,PROD-040,3,15.21,32.05
ORD-2025-051459,1,PROD-009,1,61.97,57.43
ORD-2025-051460,1,PROD-043,2,107.04,147.18
ORD-2025-051461,1,PROD-005,1,20.28,19.09
ORD-2025-051462,1,PROD-029,1,24.79,22.19
ORD-2025-051463,1,PROD-043,1,107.04,100.51
ORD-2025-051463,2,PROD-040,1,15.21,15.17
ORD-2025-051464,1,PROD-010,1,38.03,36.36
ORD-2025-051464,2,PROD-043,2,107.04,200.7
ORD-2025-051464,3,PROD-041,2,11.83,21.98
ORD-2025-051464,4,PROD-009,3,61.97,176.13
ORD-2025-051465,1,PROD-007,1,17.18,14.28
ORD-2025-051465,2,PROD-042,2,73.24,123.41
ORD-2025-051466,1,PROD-036,2,11.55,12.21
ORD-2025-051467,1,PROD-019,2,29.58,54.33
ORD-2025-051468,1,PROD-002,1,11.9,10.51
ORD-2025-051468,2,PROD-020,2,10.14,18.33
ORD-2025-051468,3,PROD-018,1,50.7,44.87
ORD-2025-051469,1,PROD-012,1,18.5,17.65
ORD-2025-051470,1,PROD-040,1,15.21,11.57
ORD-2025-051470,2,PROD-056,1,101.41,62.01
ORD-2025-051471,1,PROD-018,1,50.7,22.9
ORD-2025-051472,1,PROD-010,1,38.03,32.76
ORD-2025-051473,1,PROD-029,2,24.79,42.54
ORD-2025-051474,1,PROD-009,2,61.97,120.0
ORD-2025-051474,2,PROD-010,2,38.03,64.19
ORD-2025-051475,1,PROD-060,1,42.25,33.29
ORD-2025-051475,2,PROD-015,2,26.76,43.61
ORD-2025-051475,3,PROD-018,1,50.7,47.35
ORD-2025-051476,1,PROD-039,1,8.17,5.99
ORD-2025-051476,2,PROD-013,2,11.9,14.43
ORD-2025-051477,1,PROD-040,3,15.21,45.15
ORD-2025-051478,1,PROD-043,2,107.04,178.97
ORD-2025-051479,1,PROD-009,1,61.97,61.08
ORD-2025-051480,1,PROD-009,1,61.97,52.74
ORD-2025-051481,1,PROD-004,1,20.28,19.88
ORD-2025-051482,1,PROD-012,1,18.5,17.7
ORD-2025-051483,1,PROD-043,1,107.04,92.36
ORD-2025-051483,2,PROD-031,1,53.52,41.62
ORD-2025-051484,1,PROD-005,2,20.28,36.34
ORD-2025-051484,2,PROD-009,1,61.97,56.39
ORD-2025-051485,1,PROD-005,1,20.28,18.52
ORD-2025-051486,1,PROD-055,1,74.65,72.4
ORD-2025-051487,1,PROD-001,3,12.9,30.29
ORD-2025-051488,1,PROD-030,1,49.3,45.25
ORD-2025-051489,1,PROD-004,1,20.28,17.4
ORD-2025-051489,2,PROD-010,2,38.03,68.83
ORD-2025-051490,1,PROD-009,2,61.97,108.73
ORD-2025-051490,2,PROD-010,1,38.03,33.15
ORD-2025-051491,1,PROD-009,1,61.97,42.15
ORD-2025-051491,2,PROD-043,3,107.04,312.8
ORD-2025-051491,3,PROD-007,1,17.18,14.71
ORD-2025-051492,1,PROD-018,1,50.7,49.31
ORD-2025-051492,2,PROD-009,2,61.97,123.26
ORD-2025-051493,1,PROD-051,2,36.06,50.65
ORD-2025-051493,2,PROD-017,1,12.5,6.25
ORD-2025-051494,1,PROD-030,2,49.3,85.78
ORD-2025-051494,2,PROD-034,1,9.01,8.8
ORD-2025-051495,1,PROD-001,1,12.9,12.33
ORD-2025-051496,1,PROD-015,1,26.76,24.64
ORD-2025-051496,2,PROD-027,1,21.13,19.65
ORD-2025-051497,1,PROD-060,1,42.25,34.83
ORD-2025-051498,1,PROD-004,1,20.28,19.37
ORD-2025-051499,1,PROD-043,1,107.04,104.02
ORD-2025-051500,1,PROD-048,1,55.77,51.14
ORD-2025-051501,1,PROD-009,3,61.97,137.93
ORD-2025-051501,2,PROD-015,2,26.76,26.75
ORD-2025-051502,1,PROD-009,3,61.97,183.2
ORD-2025-051503,1,PROD-002,2,11.9,20.84
ORD-2025-051503,2,PROD-007,1,17.18,16.75
ORD-2025-051503,3,PROD-003,1,14.37,13.69
ORD-2025-051504,1,PROD-043,1,107.04,99.39
ORD-2025-051505,1,PROD-042,4,73.24,232.29
ORD-2025-051506,1,PROD-009,2,61.97,114.71
ORD-2025-051507,1,PROD-043,2,107.04,170.02
ORD-2025-051508,1,PROD-026,2,14.65,24.87
ORD-2025-051508,2,PROD-008,1,9.9,4.75
ORD-2025-051509,1,PROD-007,1,17.18,13.64
ORD-2025-051509,2,PROD-022,1,9.01,5.59
ORD-2025-051509,3,PROD-002,2,11.9,22.04
ORD-2025-051509,4,PROD-010,1,38.03,35.0
ORD-2025-051509,5,PROD-005,2,20.28,39.28
ORD-2025-051510,1,PROD-018,1,50.7,47.58
ORD-2025-051511,1,PROD-009,2,61.97,116.37
ORD-2025-051512,1,PROD-014,2,9.9,10.29
ORD-2025-051513,1,PROD-044,1,40.85,37.94
ORD-2025-051514,1,PROD-002,1,11.9,10.66
ORD-2025-051514,2,PROD-018,1,50.7,45.02
ORD-2025-051514,3,PROD-042,2,73.24,122.72
ORD-2025-051515,1,PROD-009,1,61.97,61.65
ORD-2025-051515,2,PROD-027,1,21.13,18.97
ORD-2025-051516,1,PROD-043,1,107.04,86.02
ORD-2025-051516,2,PROD-009,2,61.97,83.52
ORD-2025-051517,1,PROD-010,1,38.03,32.36
ORD-2025-051518,1,PROD-019,2,29.58,48.09
ORD-2025-051518,2,PROD-039,1,8.17,7.73
ORD-2025-051519,1,PROD-023,1,7.89,5.11
ORD-2025-051519,2,PROD-010,1,38.03,28.01
ORD-2025-051520,1,PROD-043,1,107.04,102.45
ORD-2025-051521,1,PROD-042,4,73.24,244.89
ORD-2025-051521,2,PROD-004,2,20.28,28.88
ORD-2025-051522,1,PROD-043,1,107.04,97.68
ORD-2025-051523,1,PROD-007,2,17.18,33.78
ORD-2025-051523,2,PROD-043,1,107.04,104.0
ORD-2025-051524,1,PROD-055,1,74.65,67.9
ORD-2025-051525,1,PROD-002,2,11.9,23.49
ORD-2025-051525,2,PROD-024,2,8.73,17.12
ORD-2025-051525,3,PROD-035,1,10.14,10.07
ORD-2025-051526,1,PROD-045,1,72.68,70.61
ORD-2025-051527,1,PROD-030,1,49.3,47.9
ORD-2025-051528,1,PROD-043,2,107.04,201.62
ORD-2025-051528,2,PROD-009,1,61.97,46.87
ORD-2025-051528,3,PROD-018,1,50.7,39.71
ORD-2025-051528,4,PROD-022,2,9.01,14.79
ORD-2025-051529,1,PROD-042,3,73.24,128.51
ORD-2025-051530,1,PROD-018,2,50.7,98.55
ORD-2025-051530,2,PROD-009,2,61.97,121.71
ORD-2025-051530,3,PROD-014,1,9.9,9.74
ORD-2025-051531,1,PROD-040,2,15.21,26.12
ORD-2025-051531,2,PROD-010,1,38.03,32.23
ORD-2025-051532,1,PROD-003,1,14.37,13.03
ORD-2025-051533,1,PROD-022,1,9.01,5.35
ORD-2025-051533,2,PROD-006,1,32.39,29.71
ORD-2025-051534,1,PROD-008,2,9.9,19.06
ORD-2025-051535,1,PROD-030,1,49.3,46.76
ORD-2025-051536,1,PROD-043,1,107.04,84.57
ORD-2025-051537,1,PROD-007,2,17.18,31.95
ORD-2025-051538,1,PROD-009,1,61.97,54.37
ORD-2025-051539,1,PROD-021,2,15.49,28.23
ORD-2025-051539,2,PROD-030,1,49.3,48.76
ORD-2025-051540,1,PROD-043,2,107.04,144.31
ORD-2025-051541,1,PROD-038,2,7.89,13.48
ORD-2025-051541,2,PROD-003,2,14.37,24.69
ORD-2025-051541,3,PROD-009,1,61.97,44.93
ORD-2025-051542,1,PROD-007,1,17.18,15.5
ORD-2025-051542,2,PROD-041,4,11.83,44.92
ORD-2025-051543,1,PROD-047,1,108.45,100.49
ORD-2025-051543,2,PROD-013,2,11.9,22.57
ORD-2025-051544,1,PROD-058,1,39.44,27.46
ORD-2025-051545,1,PROD-059,1,52.11,30.99
ORD-2025-051546,1,PROD-038,1,7.89,7.6
ORD-2025-051547,1,PROD-009,2,61.97,96.6
ORD-2025-051548,1,PROD-009,3,61.97,171.28
ORD-2025-051548,2,PROD-014,2,9.9,18.54
ORD-2025-051549,1,PROD-043,1,107.04,104.94
ORD-2025-051550,1,PROD-006,1,32.39,28.58
ORD-2025-051550,2,PROD-043,1,107.04,96.72
ORD-2025-051551,1,PROD-056,1,101.41,53.42
ORD-2025-051552,1,PROD-004,1,20.28,17.99
ORD-2025-051553,1,PROD-009,2,61.97,113.93
ORD-2025-051553,2,PROD-034,1,9.01,4.05
ORD-2025-051554,1,PROD-043,3,107.04,220.64
ORD-2025-051555,1,PROD-037,3,9.86,24.84
ORD-2025-051556,1,PROD-009,1,61.97,57.15
ORD-2025-051557,1,PROD-036,2,11.55,17.17
ORD-2025-051558,1,PROD-006,1,32.39,31.18
ORD-2025-051559,1,PROD-001,1,12.9,12.49
ORD-2025-051560,1,PROD-009,2,61.97,108.14
ORD-2025-051560,2,PROD-040,3,15.21,44.01
ORD-2025-051560,3,PROD-021,2,15.49,30.6
ORD-2025-051561,1,PROD-042,1,73.24,46.39
ORD-2025-051561,2,PROD-009,1,61.97,60.16
ORD-2025-051562,1,PROD-009,1,61.97,59.57
ORD-2025-051562,2,PROD-035,2,10.14,19.96
ORD-2025-051562,3,PROD-001,3,12.9,37.93
ORD-2025-051563,1,PROD-010,2,38.03,70.06
ORD-2025-051563,2,PROD-037,1,9.86,8.76
ORD-2025-051564,1,PROD-004,1,20.28,18.91
ORD-2025-051565,1,PROD-018,1,50.7,50.38
ORD-2025-051566,1,PROD-001,3,12.9,36.71
ORD-2025-051567,1,PROD-047,1,108.45,104.81
ORD-2025-051567,2,PROD-026,2,14.65,27.89
ORD-2025-051568,1,PROD-019,1,29.58,28.2
ORD-2025-051569,1,PROD-004,2,20.28,37.97
ORD-2025-051569,2,PROD-010,1,38.03,37.69
ORD-2025-051570,1,PROD-009,1,61.97,59.95
ORD-2025-051570,2,PROD-003,1,14.37,13.56
ORD-2025-051570,3,PROD-043,3,107.04,203.04
ORD-2025-051571,1,PROD-022,1,9.01,5.73
ORD-2025-051571,2,PROD-021,1,15.49,11.72
ORD-2025-051572,1,PROD-002,2,11.9,23.05
ORD-2025-051573,1,PROD-030,1,49.3,42.06
ORD-2025-051574,1,PROD-006,1,32.39,25.73
ORD-2025-051574,2,PROD-041,4,11.83,44.24
ORD-2025-051574,3,PROD-009,2,61.97,113.6
ORD-2025-051575,1,PROD-014,1,9.9,8.83
ORD-2025-051575,2,PROD-031,2,53.52,92.78
ORD-2025-051575,3,PROD-006,2,32.39,60.16
ORD-2025-051576,1,PROD-043,1,107.04,102.31
ORD-2025-051577,1,PROD-002,2,11.9,21.47
ORD-2025-051578,1,PROD-010,1,38.03,30.17
ORD-2025-051579,1,PROD-043,4,107.04,284.68
ORD-2025-051580,1,PROD-013,1,11.9,8.37
ORD-2025-051580,2,PROD-026,1,14.65,9.92
ORD-2025-051581,1,PROD-001,1,12.9,11.98
ORD-2025-051582,1,PROD-007,2,17.18,25.46
ORD-2025-051583,1,PROD-007,1,17.18,13.56
ORD-2025-051584,1,PROD-009,1,61.97,58.78
ORD-2025-051585,1,PROD-010,3,38.03,94.85
ORD-2025-051586,1,PROD-018,1,50.7,43.91
ORD-2025-051586,2,PROD-003,1,14.37,13.4
ORD-2025-051586,3,PROD-012,2,18.5,29.2
ORD-2025-051586,4,PROD-058,1,39.44,37.44
ORD-2025-051587,1,PROD-007,2,17.18,32.52
ORD-2025-051587,2,PROD-043,1,107.04,99.4
ORD-2025-051588,1,PROD-010,1,38.03,36.32
ORD-2025-051589,1,PROD-010,3,38.03,80.58
ORD-2025-051589,2,PROD-043,2,107.04,199.03
ORD-2025-051590,1,PROD-043,1,107.04,89.47
ORD-2025-051590,2,PROD-009,1,61.97,57.77
ORD-2025-051591,1,PROD-030,2,49.3,71.2
ORD-2025-051591,2,PROD-043,2,107.04,150.97
ORD-2025-051591,3,PROD-018,1,50.7,40.59
ORD-2025-051592,1,PROD-005,1,20.28,19.6
ORD-2025-051593,1,PROD-038,1,7.89,6.31
ORD-2025-051594,1,PROD-022,1,9.01,7.34
ORD-2025-051595,1,PROD-043,1,107.04,100.96
ORD-2025-051596,1,PROD-043,2,107.04,200.85
ORD-2025-051596,2,PROD-005,1,20.28,18.87
ORD-2025-051597,1,PROD-009,1,61.97,54.65
ORD-2025-051598,1,PROD-005,1,20.28,17.21
ORD-2025-051599,1,PROD-010,1,38.03,37.26
ORD-2025-051599,2,PROD-037,1,9.86,9.51
ORD-2025-051599,3,PROD-009,1,61.97,60.47
ORD-2025-051600,1,PROD-014,2,9.9,18.15
ORD-2025-051600,2,PROD-043,2,107.04,201.79
ORD-2025-051601,1,PROD-031,1,53.52,50.72
ORD-2025-051601,2,PROD-056,1,101.41,91.74
ORD-2025-051602,1,PROD-014,2,9.9,11.53
ORD-2025-051602,2,PROD-023,1,7.89,6.9
ORD-2025-051603,1,PROD-009,1,61.97,53.77
ORD-2025-051604,1,PROD-056,1,101.41,99.27
ORD-2025-051605,1,PROD-031,1,53.52,37.26
ORD-2025-051605,2,PROD-009,2,61.97,107.06
ORD-2025-051605,3,PROD-035,1,10.14,9.61
ORD-2025-051605,4,PROD-010,2,38.03,70.18
ORD-2025-051605,5,PROD-030,1,49.3,45.18
ORD-2025-051606,1,PROD-050,1,61.97,60.33
ORD-2025-051606,2,PROD-045,1,72.68,55.14
ORD-2025-051607,1,PROD-042,1,73.24,63.73
ORD-2025-051608,1,PROD-009,2,61.97,117.46
ORD-2025-051608,2,PROD-001,2,12.9,25.05
ORD-2025-051609,1,PROD-010,1,38.03,33.17
ORD-2025-051609,2,PROD-022,1,9.01,7.79
ORD-2025-051609,3,PROD-032,2,19.72,37.53
ORD-2025-051609,4,PROD-009,1,61.97,57.97
ORD-2025-051609,5,PROD-043,4,107.04,364.45
ORD-2025-051610,1,PROD-026,1,14.65,14.3
ORD-2025-051611,1,PROD-030,2,49.3,96.36
ORD-2025-051612,1,PROD-010,3,38.03,99.84
ORD-2025-051613,1,PROD-043,3,107.04,312.96
ORD-2025-051614,1,PROD-030,2,49.3,81.5
ORD-2025-051615,1,PROD-050,1,61.97,56.96
ORD-2025-051615,2,PROD-009,2,61.97,109.09
ORD-2025-051616,1,PROD-009,1,61.97,60.11
ORD-2025-051616,2,PROD-047,1,108.45,95.43
ORD-2025-051616,3,PROD-055,1,74.65,66.94
ORD-2025-051616,4,PROD-035,1,10.14,9.86
ORD-2025-051617,1,PROD-006,1,32.39,30.01
ORD-2025-051618,1,PROD-017,1,12.5,12.01
ORD-2025-051618,2,PROD-003,1,14.37,12.72
ORD-2025-051618,3,PROD-010,1,38.03,35.03
ORD-2025-051619,1,PROD-030,1,49.3,26.13
ORD-2025-051620,1,PROD-055,1,74.65,71.31
ORD-2025-051621,1,PROD-009,1,61.97,57.71
ORD-2025-051621,2,PROD-006,1,32.39,31.0
ORD-2025-051621,3,PROD-031,1,53.52,52.14
ORD-2025-051622,1,PROD-018,1,50.7,40.65
ORD-2025-051623,1,PROD-009,2,61.97,97.68
ORD-2025-051624,1,PROD-034,4,9.01,35.46
ORD-2025-051625,1,PROD-007,1,17.18,14.65
ORD-2025-051626,1,PROD-006,2,32.39,61.35
ORD-2025-051626,2,PROD-043,2,107.04,208.54
ORD-2025-051627,1,PROD-006,3,32.39,87.05
ORD-2025-051628,1,PROD-043,2,107.04,142.38
ORD-2025-051629,1,PROD-024,1,8.73,7.07
ORD-2025-051630,1,PROD-043,1,107.04,104.54
ORD-2025-051630,2,PROD-018,1,50.7,50.46
ORD-2025-051631,1,PROD-034,2,9.01,11.33
ORD-2025-051631,2,PROD-043,3,107.04,250.22
ORD-2025-051631,3,PROD-042,1,73.24,36.63
ORD-2025-051632,1,PROD-007,1,17.18,14.22
ORD-2025-051633,1,PROD-009,1,61.97,55.46
ORD-2025-051634,1,PROD-006,2,32.39,59.5
ORD-2025-051634,2,PROD-030,1,49.3,47.46
ORD-2025-051635,1,PROD-004,2,20.28,32.06
ORD-2025-051636,1,PROD-001,1,12.9,11.92
ORD-2025-051636,2,PROD-004,1,20.28,19.44
ORD-2025-051636,3,PROD-037,3,9.86,25.99
ORD-2025-051637,1,PROD-009,1,61.97,56.52
ORD-2025-051638,1,PROD-002,2,11.9,21.85
ORD-2025-051638,2,PROD-010,2,38.03,75.07
ORD-2025-051638,3,PROD-005,1,20.28,19.83
ORD-2025-051639,1,PROD-010,1,38.03,17.11
ORD-2025-051640,1,PROD-001,1,12.9,12.15
ORD-2025-051640,2,PROD-042,2,73.24,138.29
ORD-2025-051641,1,PROD-003,1,14.37,9.43
ORD-2025-051642,1,PROD-009,1,61.97,53.29
ORD-2025-051643,1,PROD-012,1,18.5,18.03
ORD-2025-051644,1,PROD-043,2,107.04,203.91
ORD-2025-051645,1,PROD-018,2,50.7,95.19
ORD-2025-051645,2,PROD-009,1,61.97,54.96
ORD-2025-051645,3,PROD-043,1,107.04,96.24
ORD-2025-051646,1,PROD-009,3,61.97,174.96
ORD-2025-051646,2,PROD-034,3,9.01,26.69
ORD-2025-051647,1,PROD-010,3,38.03,51.34
ORD-2025-051647,2,PROD-005,1,20.28,10.24
ORD-2025-051648,1,PROD-018,1,50.7,48.27
ORD-2025-051648,2,PROD-003,1,14.37,12.98
ORD-2025-051648,3,PROD-042,1,73.24,64.55
ORD-2025-051649,1,PROD-018,1,50.7,48.3
ORD-2025-051650,1,PROD-005,2,20.28,37.92
ORD-2025-051650,2,PROD-006,1,32.39,29.47
ORD-2025-051650,3,PROD-043,1,107.04,103.14
ORD-2025-051651,1,PROD-006,1,32.39,29.13
ORD-2025-051652,1,PROD-030,1,49.3,46.79
ORD-2025-051653,1,PROD-010,2,38.03,73.51
ORD-2025-051654,1,PROD-009,2,61.97,118.34
ORD-2025-051655,1,PROD-001,1,12.9,10.47
ORD-2025-051656,1,PROD-042,1,73.24,70.54
ORD-2025-051656,2,PROD-001,1,12.9,12.23
ORD-2025-051656,3,PROD-058,1,39.44,35.93
ORD-2025-051656,4,PROD-009,2,61.97,116.34
ORD-2025-051657,1,PROD-003,1,14.37,13.42
ORD-2025-051658,1,PROD-014,1,9.9,9.41
ORD-2025-051658,2,PROD-032,4,19.72,74.81
ORD-2025-051658,3,PROD-004,3,20.28,57.43
ORD-2025-051659,1,PROD-009,3,61.97,161.46
ORD-2025-051660,1,PROD-009,1,61.97,57.23
ORD-2025-051661,1,PROD-043,1,107.04,102.6
ORD-2025-051662,1,PROD-040,1,15.21,13.17
ORD-2025-051662,2,PROD-004,2,20.28,38.54
ORD-2025-051662,3,PROD-049,1,80.28,69.59
ORD-2025-051663,1,PROD-008,1,9.9,8.8
ORD-2025-051664,1,PROD-042,2,73.24,117.07
ORD-2025-051664,2,PROD-029,1,24.79,22.67
ORD-2025-051665,1,PROD-010,2,38.03,72.13
ORD-2025-051666,1,PROD-010,1,38.03,28.85
ORD-2025-051667,1,PROD-032,4,19.72,38.89
ORD-2025-051668,1,PROD-016,1,8.9,7.73
ORD-2025-051669,1,PROD-058,1,39.44,37.1
ORD-2025-051670,1,PROD-006,3,32.39,95.01
ORD-2025-051671,1,PROD-025,1,21.97,9.89
ORD-2025-051672,1,PROD-009,1,61.97,58.19
ORD-2025-051672,2,PROD-004,1,20.28,10.81
ORD-2025-051672,3,PROD-043,1,107.04,76.48
ORD-2025-051673,1,PROD-043,2,107.04,195.67
ORD-2025-051674,1,PROD-009,3,61.97,167.1
ORD-2025-051675,1,PROD-009,3,61.97,142.98
ORD-2025-051676,1,PROD-009,2,61.97,106.41
ORD-2025-051676,2,PROD-002,1,11.9,7.34
ORD-2025-051677,1,PROD-002,1,11.9,11.03
ORD-2025-051678,1,PROD-030,1,49.3,44.58
ORD-2025-051678,2,PROD-031,1,53.52,26.5
ORD-2025-051678,3,PROD-025,2,21.97,38.92
ORD-2025-051679,1,PROD-043,1,107.04,98.21
ORD-2025-051680,1,PROD-018,1,50.7,22.81
ORD-2025-051681,1,PROD-034,1,9.01,8.72
ORD-2025-051682,1,PROD-004,2,20.28,39.01
ORD-2025-051682,2,PROD-043,1,107.04,100.64
ORD-2025-051683,1,PROD-009,1,61.97,53.9
ORD-2025-051684,1,PROD-004,1,20.28,18.52
ORD-2025-051685,1,PROD-043,3,107.04,311.0
ORD-2025-051685,2,PROD-033,1,52.11,51.72
ORD-2025-051686,1,PROD-009,2,61.97,121.57
ORD-2025-051686,2,PROD-042,1,73.24,68.27
ORD-2025-051686,3,PROD-006,1,32.39,31.37
ORD-2025-051687,1,PROD-009,1,61.97,53.25
ORD-2025-051687,2,PROD-006,3,32.39,83.8
ORD-2025-051688,1,PROD-009,1,61.97,55.01
ORD-2025-051688,2,PROD-042,1,73.24,70.93
ORD-2025-051689,1,PROD-010,2,38.03,73.84
ORD-2025-051690,1,PROD-009,2,61.97,111.15
ORD-2025-051690,2,PROD-043,1,107.04,83.88
ORD-2025-051690,3,PROD-018,3,50.7,137.1
ORD-2025-051691,1,PROD-004,1,20.28,14.2
ORD-2025-051691,2,PROD-043,1,107.04,101.98
ORD-2025-051692,1,PROD-010,1,38.03,26.83
ORD-2025-051692,2,PROD-043,3,107.04,267.08
ORD-2025-051692,3,PROD-034,2,9.01,15.56
ORD-2025-051693,1,PROD-038,3,7.89,14.05
ORD-2025-051693,2,PROD-056,1,101.41,58.98
ORD-2025-051694,1,PROD-010,2,38.03,74.25
ORD-2025-051694,2,PROD-008,3,9.9,29.17
ORD-2025-051694,3,PROD-052,1,46.48,45.04
ORD-2025-051695,1,PROD-004,2,20.28,38.2
ORD-2025-051696,1,PROD-032,1,19.72,16.61
ORD-2025-051697,1,PROD-002,1,11.9,11.7
ORD-2025-051697,2,PROD-043,1,107.04,101.33
ORD-2025-051698,1,PROD-009,1,61.97,49.71
ORD-2025-051699,1,PROD-014,3,9.9,28.59
ORD-2025-051700,1,PROD-018,1,50.7,45.72
ORD-2025-051701,1,PROD-018,1,50.7,49.96
ORD-2025-051701,2,PROD-043,1,107.04,104.45
ORD-2025-051701,3,PROD-019,1,29.58,28.63
ORD-2025-051701,4,PROD-052,1,46.48,45.14
ORD-2025-051701,5,PROD-036,2,11.55,22.51
ORD-2025-051702,1,PROD-007,1,17.18,16.32
ORD-2025-051703,1,PROD-009,2,61.97,120.69
ORD-2025-051704,1,PROD-018,1,50.7,45.98
ORD-2025-051704,2,PROD-009,2,61.97,111.08
ORD-2025-051705,1,PROD-038,3,7.89,23.02
ORD-2025-051706,1,PROD-018,1,50.7,49.0
ORD-2025-051707,1,PROD-053,1,53.52,52.39
ORD-2025-051708,1,PROD-003,3,14.37,41.45
ORD-2025-051708,2,PROD-058,1,39.44,38.56
ORD-2025-051709,1,PROD-018,3,50.7,140.42
ORD-2025-051710,1,PROD-043,3,107.04,317.3
ORD-2025-051710,2,PROD-009,2,61.97,117.43
ORD-2025-051711,1,PROD-010,3,38.03,99.35
ORD-2025-051711,2,PROD-019,1,29.58,27.73
ORD-2025-051712,1,PROD-004,1,20.28,19.61
ORD-2025-051713,1,PROD-018,1,50.7,49.75
ORD-2025-051714,1,PROD-005,1,20.28,18.57
ORD-2025-051714,2,PROD-016,1,8.9,8.22
ORD-2025-051714,3,PROD-034,2,9.01,14.68
ORD-2025-051715,1,PROD-009,1,61.97,59.62
ORD-2025-051715,2,PROD-042,2,73.24,129.63
ORD-2025-051716,1,PROD-003,1,14.37,12.73
ORD-2025-051717,1,PROD-007,1,17.18,16.61
ORD-2025-051718,1,PROD-043,2,107.04,196.89
ORD-2025-051719,1,PROD-010,1,38.03,33.76
ORD-2025-051719,2,PROD-009,1,61.97,59.59
ORD-2025-051720,1,PROD-018,2,50.7,97.44
ORD-2025-051721,1,PROD-036,1,11.55,10.89
ORD-2025-051721,2,PROD-041,3,11.83,27.23
ORD-2025-051722,1,PROD-010,1,38.03,37.52
ORD-2025-051722,2,PROD-041,3,11.83,34.81
ORD-2025-051723,1,PROD-038,2,7.89,13.32
ORD-2025-051723,2,PROD-010,1,38.03,32.55
ORD-2025-051723,3,PROD-005,1,20.28,15.42
ORD-2025-051723,4,PROD-049,1,80.28,73.27
ORD-2025-051724,1,PROD-009,2,61.97,88.02
ORD-2025-051724,2,PROD-043,4,107.04,405.6
ORD-2025-051725,1,PROD-003,1,14.37,14.29
ORD-2025-051726,1,PROD-008,1,9.9,8.43
ORD-2025-051726,2,PROD-009,1,61.97,56.8
ORD-2025-051727,1,PROD-009,2,61.97,123.16
ORD-2025-051728,1,PROD-009,2,61.97,110.95
ORD-2025-051729,1,PROD-005,2,20.28,35.3
ORD-2025-051729,2,PROD-002,1,11.9,11.68
ORD-2025-051730,1,PROD-005,3,20.28,43.61
ORD-2025-051731,1,PROD-004,2,20.28,38.64
ORD-2025-051731,2,PROD-043,4,107.04,419.38
ORD-2025-051732,1,PROD-009,1,61.97,56.03
ORD-2025-051733,1,PROD-043,2,107.04,188.37
ORD-2025-051734,1,PROD-009,3,61.97,174.42
ORD-2025-051735,1,PROD-009,2,61.97,119.03
ORD-2025-051735,2,PROD-024,1,8.73,8.51
ORD-2025-051735,3,PROD-006,1,32.39,26.96
ORD-2025-051735,4,PROD-004,3,20.28,55.5
ORD-2025-051736,1,PROD-005,2,20.28,38.18
ORD-2025-051737,1,PROD-043,1,107.04,104.24
ORD-2025-051737,2,PROD-002,3,11.9,34.95
ORD-2025-051738,1,PROD-009,1,61.97,56.98
ORD-2025-051738,2,PROD-010,1,38.03,33.61
ORD-2025-051739,1,PROD-058,1,39.44,21.71
ORD-2025-051740,1,PROD-003,1,14.37,12.7
ORD-2025-051741,1,PROD-030,1,49.3,46.83
ORD-2025-051742,1,PROD-041,2,11.83,17.35
ORD-2025-051742,2,PROD-006,3,32.39,88.11
ORD-2025-051742,3,PROD-004,1,20.28,20.06
ORD-2025-051743,1,PROD-049,1,80.28,78.65
ORD-2025-051743,2,PROD-019,1,29.58,26.51
ORD-2025-051744,1,PROD-009,1,61.97,47.12
ORD-2025-051745,1,PROD-060,1,42.25,36.77
ORD-2025-051746,1,PROD-036,3,11.55,15.59
ORD-2025-051747,1,PROD-043,2,107.04,197.87
ORD-2025-051747,2,PROD-030,2,49.3,95.46
ORD-2025-051748,1,PROD-034,2,9.01,10.29
ORD-2025-051749,1,PROD-022,1,9.01,7.67
ORD-2025-051749,2,PROD-048,1,55.77,51.05
ORD-2025-051750,1,PROD-006,1,32.39,22.48
ORD-2025-051750,2,PROD-017,3,12.5,34.16
ORD-2025-051750,3,PROD-033,1,52.11,38.66
ORD-2025-051751,1,PROD-009,2,61.97,118.91
ORD-2025-051751,2,PROD-010,2,38.03,69.27
ORD-2025-051752,1,PROD-043,4,107.04,372.2
ORD-2025-051752,2,PROD-010,3,38.03,112.45
ORD-2025-051753,1,PROD-032,1,19.72,19.28
ORD-2025-051753,2,PROD-004,2,20.28,40.01
ORD-2025-051754,1,PROD-009,1,61.97,58.56
ORD-2025-051755,1,PROD-003,1,14.37,13.81
ORD-2025-051756,1,PROD-019,1,29.58,29.13
ORD-2025-051757,1,PROD-009,1,61.97,55.0
ORD-2025-051757,2,PROD-034,3,9.01,18.88
ORD-2025-051758,1,PROD-021,1,15.49,14.97
ORD-2025-051759,1,PROD-009,2,61.97,121.11
ORD-2025-051759,2,PROD-034,1,9.01,8.66
ORD-2025-051760,1,PROD-009,1,61.97,27.89
ORD-2025-051760,2,PROD-055,1,74.65,64.71
ORD-2025-051761,1,PROD-009,3,61.97,172.9
ORD-2025-051761,2,PROD-060,1,42.25,38.8
ORD-2025-051761,3,PROD-041,1,11.83,11.15
ORD-2025-051762,1,PROD-006,3,32.39,90.19
ORD-2025-051763,1,PROD-037,2,9.86,17.58
ORD-2025-051763,2,PROD-053,1,53.52,45.89
ORD-2025-051764,1,PROD-005,2,20.28,32.6
ORD-2025-051765,1,PROD-043,1,107.04,73.81
ORD-2025-051765,2,PROD-060,1,42.25,39.75
ORD-2025-051766,1,PROD-009,3,61.97,155.44
ORD-2025-051767,1,PROD-007,1,17.18,15.44
ORD-2025-051768,1,PROD-009,2,61.97,118.67
ORD-2025-051768,2,PROD-003,3,14.37,39.55
ORD-2025-051769,1,PROD-009,1,61.97,50.1
ORD-2025-051769,2,PROD-001,1,12.9,12.48
ORD-2025-051769,3,PROD-018,1,50.7,48.63
ORD-2025-051769,4,PROD-054,1,59.15,39.58
ORD-2025-051770,1,PROD-041,1,11.83,9.07
ORD-2025-051771,1,PROD-008,1,9.9,9.57
ORD-2025-051772,1,PROD-014,1,9.9,8.83
ORD-2025-051772,2,PROD-009,1,61.97,56.63
ORD-2025-051773,1,PROD-009,1,61.97,53.71
ORD-2025-051774,1,PROD-009,1,61.97,60.01
ORD-2025-051775,1,PROD-047,1,108.45,101.54
ORD-2025-051775,2,PROD-009,1,61.97,47.91
ORD-2025-051775,3,PROD-007,2,17.18,31.04
ORD-2025-051776,1,PROD-024,1,8.73,8.6
ORD-2025-051777,1,PROD-009,2,61.97,109.81
ORD-2025-051777,2,PROD-019,1,29.58,27.62
ORD-2025-051778,1,PROD-020,1,10.14,9.74
ORD-2025-051778,2,PROD-003,2,14.37,27.45
ORD-2025-051779,1,PROD-043,2,107.04,206.07
ORD-2025-051780,1,PROD-005,1,20.28,18.72
ORD-2025-051781,1,PROD-006,2,32.39,62.58
ORD-2025-051781,2,PROD-007,2,17.18,32.61
ORD-2025-051782,1,PROD-018,3,50.7,131.34
ORD-2025-051782,2,PROD-013,2,11.9,21.1
ORD-2025-051783,1,PROD-009,1,61.97,56.09
ORD-2025-051784,1,PROD-009,1,61.97,57.86
ORD-2025-051785,1,PROD-056,1,101.41,45.63
ORD-2025-051786,1,PROD-001,1,12.9,12.78
ORD-2025-051787,1,PROD-002,2,11.9,21.28
ORD-2025-051788,1,PROD-004,1,20.28,16.11
ORD-2025-051788,2,PROD-009,2,61.97,90.9
ORD-2025-051788,3,PROD-002,1,11.9,11.42
ORD-2025-051789,1,PROD-043,1,107.04,79.3
ORD-2025-051789,2,PROD-005,1,20.28,17.4
ORD-2025-051789,3,PROD-004,1,20.28,18.89
ORD-2025-051790,1,PROD-051,1,36.06,34.79
ORD-2025-051791,1,PROD-043,1,107.04,104.28
ORD-2025-051791,2,PROD-035,1,10.14,10.03
ORD-2025-051792,1,PROD-009,1,61.97,60.63
ORD-2025-051793,1,PROD-037,1,9.86,9.46
ORD-2025-051793,2,PROD-008,1,9.9,8.14
ORD-2025-051794,1,PROD-043,2,107.04,204.51
ORD-2025-051795,1,PROD-036,1,11.55,9.57
ORD-2025-051796,1,PROD-001,1,12.9,11.31
ORD-2025-051796,2,PROD-037,1,9.86,9.36
ORD-2025-051797,1,PROD-042,1,73.24,66.9
ORD-2025-051798,1,PROD-009,1,61.97,58.69
ORD-2025-051798,2,PROD-010,1,38.03,35.88
ORD-2025-051799,1,PROD-045,1,72.68,53.92
ORD-2025-051799,2,PROD-018,2,50.7,99.25
ORD-2025-051800,1,PROD-008,1,9.9,5.38
ORD-2025-051801,1,PROD-009,1,61.97,55.25
ORD-2025-051801,2,PROD-013,1,11.9,11.74
ORD-2025-051802,1,PROD-049,1,80.28,40.57
ORD-2025-051803,1,PROD-009,1,61.97,60.82
ORD-2025-051803,2,PROD-018,1,50.7,49.74
ORD-2025-051803,3,PROD-001,1,12.9,11.23
ORD-2025-051803,4,PROD-020,1,10.14,10.0
ORD-2025-051804,1,PROD-035,3,10.14,29.85
ORD-2025-051804,2,PROD-043,2,107.04,209.73
ORD-2025-051805,1,PROD-009,2,61.97,117.47
ORD-2025-051806,1,PROD-009,2,61.97,113.86
ORD-2025-051806,2,PROD-010,2,38.03,72.71
ORD-2025-051807,1,PROD-036,2,11.55,17.84
ORD-2025-051808,1,PROD-030,1,49.3,42.45
ORD-2025-051809,1,PROD-010,3,38.03,104.44
ORD-2025-051810,1,PROD-003,3,14.37,39.75
ORD-2025-051810,2,PROD-050,1,61.97,40.22
ORD-2025-051811,1,PROD-009,2,61.97,122.73
ORD-2025-051812,1,PROD-009,1,61.97,58.43
ORD-2025-051812,2,PROD-040,3,15.21,43.8
ORD-2025-051813,1,PROD-005,2,20.28,34.65
ORD-2025-051813,2,PROD-034,1,9.01,8.25
ORD-2025-051814,1,PROD-059,1,52.11,45.24
ORD-2025-051815,1,PROD-041,2,11.83,21.87
ORD-2025-051816,1,PROD-009,1,61.97,60.98
ORD-2025-051816,2,PROD-004,1,20.28,20.15
ORD-2025-051816,3,PROD-039,2,8.17,15.54
ORD-2025-051817,1,PROD-034,3,9.01,21.88
ORD-2025-051818,1,PROD-034,1,9.01,8.35
ORD-2025-051818,2,PROD-010,1,38.03,37.27
ORD-2025-051819,1,PROD-031,1,53.52,38.96
ORD-2025-051819,2,PROD-030,1,49.3,48.92
ORD-2025-051820,1,PROD-023,1,7.89,7.74
ORD-2025-051820,2,PROD-007,1,17.18,16.65
ORD-2025-051820,3,PROD-048,1,55.77,51.02
ORD-2025-051821,1,PROD-024,1,8.73,8.48
ORD-2025-051822,1,PROD-002,1,11.9,10.19
ORD-2025-051822,2,PROD-009,2,61.97,97.4
ORD-2025-051822,3,PROD-020,1,10.14,9.25
ORD-2025-051823,1,PROD-007,1,17.18,15.76
ORD-2025-051824,1,PROD-010,1,38.03,35.99
ORD-2025-051824,2,PROD-009,1,61.97,51.85
ORD-2025-051824,3,PROD-001,3,12.9,37.5
ORD-2025-051825,1,PROD-010,1,38.03,23.76
ORD-2025-051826,1,PROD-009,3,61.97,174.5
ORD-2025-051826,2,PROD-042,1,73.24,69.96
ORD-2025-051827,1,PROD-019,2,29.58,54.46
ORD-2025-051827,2,PROD-034,1,9.01,7.32
ORD-2025-051828,1,PROD-028,1,17.18,16.33
ORD-2025-051829,1,PROD-004,2,20.28,38.82
ORD-2025-051830,1,PROD-008,1,9.9,8.8
ORD-2025-051831,1,PROD-009,3,61.97,175.87
ORD-2025-051831,2,PROD-037,1,9.86,9.6
ORD-2025-051831,3,PROD-034,2,9.01,16.63
ORD-2025-051831,4,PROD-010,3,38.03,110.05
ORD-2025-051832,1,PROD-009,1,61.97,58.17
ORD-2025-051833,1,PROD-004,2,20.28,30.43
ORD-2025-051833,2,PROD-034,3,9.01,23.1
ORD-2025-051833,3,PROD-043,3,107.04,164.83
ORD-2025-051834,1,PROD-006,2,32.39,62.27
ORD-2025-051835,1,PROD-043,2,107.04,111.19
ORD-2025-051836,1,PROD-005,2,20.28,37.68
ORD-2025-051836,2,PROD-043,2,107.04,211.08
ORD-2025-051837,1,PROD-009,1,61.97,47.57
ORD-2025-051837,2,PROD-004,1,20.28,19.43
ORD-2025-051838,1,PROD-009,1,61.97,57.13
ORD-2025-051839,1,PROD-004,3,20.28,39.46
ORD-2025-051839,2,PROD-037,1,9.86,9.22
ORD-2025-051839,3,PROD-011,3,14.9,40.87
ORD-2025-051840,1,PROD-005,1,20.28,19.19
ORD-2025-051841,1,PROD-003,3,14.37,37.08
ORD-2025-051841,2,PROD-034,2,9.01,15.46
ORD-2025-051841,3,PROD-004,2,20.28,33.73
ORD-2025-051841,4,PROD-035,2,10.14,17.71
ORD-2025-051842,1,PROD-009,1,61.97,42.21
ORD-2025-051842,2,PROD-044,1,40.85,39.51
ORD-2025-051842,3,PROD-010,1,38.03,33.65
ORD-2025-051843,1,PROD-009,1,61.97,58.56
ORD-2025-051843,2,PROD-010,1,38.03,32.96
ORD-2025-051843,3,PROD-012,1,18.5,17.65
ORD-2025-051844,1,PROD-006,1,32.39,31.86
ORD-2025-051844,2,PROD-034,4,9.01,33.22
ORD-2025-051844,3,PROD-002,1,11.9,10.86
ORD-2025-051845,1,PROD-021,1,15.49,12.11
ORD-2025-051846,1,PROD-042,1,73.24,67.36
ORD-2025-051846,2,PROD-011,1,14.9,13.13
ORD-2025-051846,3,PROD-054,1,59.15,53.44
ORD-2025-051847,1,PROD-025,1,21.97,21.78
ORD-2025-051848,1,PROD-004,1,20.28,15.7
ORD-2025-051849,1,PROD-009,1,61.97,46.6
ORD-2025-051849,2,PROD-055,1,74.65,57.96
ORD-2025-051850,1,PROD-004,1,20.28,20.19
ORD-2025-051851,1,PROD-030,2,49.3,96.01
ORD-2025-051852,1,PROD-030,1,49.3,22.18
ORD-2025-051853,1,PROD-054,1,59.15,34.87
ORD-2025-051854,1,PROD-009,3,61.97,185.58
ORD-2025-051854,2,PROD-018,1,50.7,49.41
ORD-2025-051855,1,PROD-043,2,107.04,206.65
ORD-2025-051856,1,PROD-007,1,17.18,14.97
ORD-2025-051857,1,PROD-009,1,61.97,47.0
ORD-2025-051857,2,PROD-005,1,20.28,17.34
ORD-2025-051858,1,PROD-018,1,50.7,35.03
ORD-2025-051859,1,PROD-011,3,14.9,40.93
ORD-2025-051859,2,PROD-021,2,15.49,29.57
ORD-2025-051860,1,PROD-018,1,50.7,48.11
ORD-2025-051860,2,PROD-010,2,38.03,74.66
ORD-2025-051860,3,PROD-032,2,19.72,38.92
ORD-2025-051861,1,PROD-004,2,20.28,39.31
ORD-2025-051862,1,PROD-006,2,32.39,60.15
ORD-2025-051863,1,PROD-010,3,38.03,109.07
ORD-2025-051864,1,PROD-034,2,9.01,17.13
ORD-2025-051864,2,PROD-010,2,38.03,73.21
ORD-2025-051864,3,PROD-030,1,49.3,44.23
ORD-2025-051865,1,PROD-009,3,61.97,179.64
ORD-2025-051865,2,PROD-010,1,38.03,37.58
ORD-2025-051866,1,PROD-004,2,20.28,39.07
ORD-2025-051867,1,PROD-009,1,61.97,60.87
ORD-2025-051867,2,PROD-032,2,19.72,37.8
ORD-2025-051867,3,PROD-038,1,7.89,6.19
ORD-2025-051868,1,PROD-014,1,9.9,9.05
ORD-2025-051869,1,PROD-030,2,49.3,95.04
ORD-2025-051870,1,PROD-031,1,53.52,49.37
ORD-2025-051871,1,PROD-005,1,20.28,19.69
ORD-2025-051871,2,PROD-016,3,8.9,24.43
ORD-2025-051871,3,PROD-010,1,38.03,34.23
ORD-2025-051872,1,PROD-004,1,20.28,19.1
ORD-2025-051873,1,PROD-001,1,12.9,10.92
ORD-2025-051874,1,PROD-003,1,14.37,12.21
ORD-2025-051874,2,PROD-030,1,49.3,45.22
ORD-2025-051875,1,PROD-010,3,38.03,104.11
ORD-2025-051876,1,PROD-010,1,38.03,37.48
ORD-2025-051877,1,PROD-007,1,17.18,10.68
ORD-2025-051878,1,PROD-001,1,12.9,11.85
ORD-2025-051879,1,PROD-009,2,61.97,122.85
ORD-2025-051879,2,PROD-033,1,52.11,48.76
ORD-2025-051879,3,PROD-010,1,38.03,37.8
ORD-2025-051880,1,PROD-009,3,61.97,140.96
ORD-2025-051881,1,PROD-022,1,9.01,4.05
ORD-2025-051881,2,PROD-018,2,50.7,85.12
ORD-2025-051881,3,PROD-035,1,10.14,4.56
ORD-2025-051882,1,PROD-009,1,61.97,46.32
ORD-2025-051883,1,PROD-018,3,50.7,110.24
ORD-2025-051884,1,PROD-047,1,108.45,107.66
ORD-2025-051885,1,PROD-041,3,11.83,28.6
ORD-2025-051885,2,PROD-009,1,61.97,48.71
ORD-2025-051886,1,PROD-043,1,107.04,91.01
ORD-2025-051887,1,PROD-010,2,38.03,70.24
ORD-2025-051887,2,PROD-009,2,61.97,122.95
ORD-2025-051888,1,PROD-032,1,19.72,19.62
ORD-2025-051888,2,PROD-042,2,73.24,120.25
ORD-2025-051888,3,PROD-005,2,20.28,38.84
ORD-2025-051889,1,PROD-037,3,9.86,26.43
ORD-2025-051889,2,PROD-010,2,38.03,69.37
ORD-2025-051890,1,PROD-010,2,38.03,62.51
ORD-2025-051891,1,PROD-009,2,61.97,103.12
ORD-2025-051892,1,PROD-007,1,17.18,15.49
ORD-2025-051893,1,PROD-007,1,17.18,16.97
ORD-2025-051894,1,PROD-010,2,38.03,68.78
ORD-2025-051895,1,PROD-049,1,80.28,71.41
ORD-2025-051896,1,PROD-004,2,20.28,37.17
ORD-2025-051897,1,PROD-043,1,107.04,101.21
ORD-2025-051898,1,PROD-005,1,20.28,18.19
ORD-2025-051898,2,PROD-030,1,49.3,47.48
ORD-2025-051898,3,PROD-019,1,29.58,28.36
ORD-2025-051899,1,PROD-006,1,32.39,29.53
ORD-2025-051900,1,PROD-009,1,61.97,60.98
ORD-2025-051900,2,PROD-003,1,14.37,14.02
ORD-2025-051900,3,PROD-018,3,50.7,143.96
ORD-2025-051901,1,PROD-021,1,15.49,14.64
ORD-2025-051902,1,PROD-005,1,20.28,20.17
ORD-2025-051903,1,PROD-043,3,107.04,232.97
ORD-2025-051904,1,PROD-009,2,61.97,107.78
ORD-2025-051905,1,PROD-035,1,10.14,8.87
ORD-2025-051906,1,PROD-004,2,20.28,35.73
ORD-2025-051906,2,PROD-010,1,38.03,35.94
ORD-2025-051907,1,PROD-002,3,11.9,28.73
ORD-2025-051908,1,PROD-007,1,17.18,16.72
ORD-2025-051908,2,PROD-036,1,11.55,11.39
ORD-2025-051908,3,PROD-043,1,107.04,101.46
ORD-2025-051909,1,PROD-011,1,14.9,13.76
ORD-2025-051909,2,PROD-033,1,52.11,26.73
ORD-2025-051910,1,PROD-009,1,61.97,59.7
ORD-2025-051911,1,PROD-009,1,61.97,61.15
ORD-2025-051912,1,PROD-042,2,73.24,143.39
ORD-2025-051912,2,PROD-001,1,12.9,11.82
ORD-2025-051913,1,PROD-009,1,61.97,60.2
ORD-2025-051914,1,PROD-020,1,10.14,9.02
ORD-2025-051915,1,PROD-009,1,61.97,50.49
ORD-2025-051915,2,PROD-041,1,11.83,10.86
ORD-2025-051915,3,PROD-018,1,50.7,44.55
ORD-2025-051915,4,PROD-043,2,107.04,204.06
ORD-2025-051916,1,PROD-004,2,20.28,39.53
ORD-2025-051917,1,PROD-009,2,61.97,99.23
ORD-2025-051918,1,PROD-006,2,32.39,48.24
ORD-2025-051918,2,PROD-002,1,11.9,8.8
ORD-2025-051919,1,PROD-018,2,50.7,45.63
ORD-2025-051920,1,PROD-009,1,61.97,57.88
ORD-2025-051921,1,PROD-054,1,59.15,26.62
ORD-2025-051922,1,PROD-011,2,14.9,27.95
ORD-2025-051923,1,PROD-009,3,61.97,183.72
ORD-2025-051923,2,PROD-026,1,14.65,14.52
ORD-2025-051924,1,PROD-043,1,107.04,94.17
ORD-2025-051924,2,PROD-018,2,50.7,90.86
ORD-2025-051925,1,PROD-043,4,107.04,397.12
ORD-2025-051926,1,PROD-048,1,55.77,50.02
ORD-2025-051927,1,PROD-002,2,11.9,22.18
ORD-2025-051928,1,PROD-015,2,26.76,51.41
ORD-2025-051929,1,PROD-001,2,12.9,24.3
ORD-2025-051929,2,PROD-041,1,11.83,9.58
ORD-2025-051929,3,PROD-030,2,49.3,96.22
ORD-2025-051930,1,PROD-043,1,107.04,104.42
ORD-2025-051931,1,PROD-011,1,14.9,14.5
ORD-2025-051932,1,PROD-009,1,61.97,57.95
ORD-2025-051932,2,PROD-043,2,107.04,202.46
ORD-2025-051933,1,PROD-043,3,107.04,314.63
ORD-2025-051934,1,PROD-043,1,107.04,96.28
ORD-2025-051935,1,PROD-009,1,61.97,54.33
ORD-2025-051935,2,PROD-007,1,17.18,16.57
ORD-2025-051936,1,PROD-018,1,50.7,46.57
ORD-2025-051936,2,PROD-009,1,61.97,58.19
ORD-2025-051936,3,PROD-006,1,32.39,29.74
ORD-2025-051937,1,PROD-043,1,107.04,100.83
ORD-2025-051938,1,PROD-018,2,50.7,94.98
ORD-2025-051938,2,PROD-014,2,9.9,18.03
ORD-2025-051938,3,PROD-043,1,107.04,89.35
ORD-2025-051938,4,PROD-025,2,21.97,37.36
ORD-2025-051939,1,PROD-010,2,38.03,74.32
ORD-2025-051939,2,PROD-041,1,11.83,11.1
ORD-2025-051940,1,PROD-010,2,38.03,70.49
ORD-2025-051940,2,PROD-004,1,20.28,18.82
ORD-2025-051941,1,PROD-030,1,49.3,36.02
ORD-2025-051942,1,PROD-019,2,29.58,53.88
ORD-2025-051942,2,PROD-010,3,38.03,76.04
ORD-2025-051943,1,PROD-004,1,20.28,17.29
ORD-2025-051943,2,PROD-042,2,73.24,134.98
ORD-2025-051943,3,PROD-006,2,32.39,56.49
ORD-2025-051944,1,PROD-060,1,42.25,31.92
ORD-2025-051945,1,PROD-001,1,12.9,11.94
ORD-2025-051946,1,PROD-025,2,21.97,39.53
ORD-2025-051947,1,PROD-003,1,14.37,13.37
ORD-2025-051948,1,PROD-004,1,20.28,19.67
ORD-2025-051948,2,PROD-047,1,108.45,104.5
ORD-2025-051948,3,PROD-027,1,21.13,20.05
ORD-2025-051949,1,PROD-018,1,50.7,29.05
ORD-2025-051950,1,PROD-009,1,61.97,59.18
ORD-2025-051951,1,PROD-004,1,20.28,15.29
ORD-2025-051952,1,PROD-043,1,107.04,94.9
ORD-2025-051952,2,PROD-009,1,61.97,27.89
ORD-2025-051953,1,PROD-043,3,107.04,309.27
ORD-2025-051953,2,PROD-004,1,20.28,18.94
ORD-2025-051953,3,PROD-059,1,52.11,50.88
ORD-2025-051954,1,PROD-001,1,12.9,12.1
ORD-2025-051954,2,PROD-046,1,259.15,247.26
ORD-2025-051954,3,PROD-004,1,20.28,20.07
ORD-2025-051955,1,PROD-030,2,49.3,94.43
ORD-2025-051955,2,PROD-043,1,107.04,103.97
ORD-2025-051956,1,PROD-022,1,9.01,8.37
ORD-2025-051956,2,PROD-001,1,12.9,12.62
ORD-2025-051957,1,PROD-004,2,20.28,30.06
ORD-2025-051957,2,PROD-019,2,29.58,26.62
ORD-2025-051958,1,PROD-009,1,61.97,59.26
ORD-2025-051959,1,PROD-018,1,50.7,47.91
ORD-2025-051960,1,PROD-003,3,14.37,32.06
ORD-2025-051960,2,PROD-032,2,19.72,38.33
ORD-2025-051961,1,PROD-022,2,9.01,17.44
ORD-2025-051962,1,PROD-042,2,73.24,118.5
ORD-2025-051962,2,PROD-017,2,12.5,20.26
ORD-2025-051963,1,PROD-003,3,14.37,40.79
ORD-2025-051963,2,PROD-004,1,20.28,15.96
ORD-2025-051963,3,PROD-043,4,107.04,365.82
ORD-2025-051964,1,PROD-006,1,32.39,31.89
ORD-2025-051964,2,PROD-003,2,14.37,27.82
ORD-2025-051964,3,PROD-010,1,38.03,35.28
ORD-2025-051964,4,PROD-034,2,9.01,17.59
ORD-2025-051965,1,PROD-018,1,50.7,44.63
ORD-2025-051966,1,PROD-007,1,17.18,16.72
ORD-2025-051966,2,PROD-004,1,20.28,20.09
ORD-2025-051967,1,PROD-009,3,61.97,168.6
ORD-2025-051967,2,PROD-043,4,107.04,402.73
ORD-2025-051968,1,PROD-010,2,38.03,75.71
ORD-2025-051968,2,PROD-001,1,12.9,12.34
ORD-2025-051969,1,PROD-013,2,11.9,20.54
ORD-2025-051969,2,PROD-009,2,61.97,120.0
ORD-2025-051969,3,PROD-043,2,107.04,181.56
ORD-2025-051970,1,PROD-043,1,107.04,72.08
ORD-2025-051971,1,PROD-044,1,40.85,29.11
ORD-2025-051971,2,PROD-009,2,61.97,108.27
ORD-2025-051972,1,PROD-055,1,74.65,68.58
ORD-2025-051973,1,PROD-060,1,42.25,35.13
ORD-2025-051974,1,PROD-010,2,38.03,69.6
ORD-2025-051974,2,PROD-009,1,61.97,50.89
ORD-2025-051975,1,PROD-009,1,61.97,54.37
ORD-2025-051976,1,PROD-009,1,61.97,54.61
ORD-2025-051977,1,PROD-009,1,61.97,44.43
ORD-2025-051978,1,PROD-009,1,61.97,58.97
ORD-2025-051979,1,PROD-027,1,21.13,18.72
ORD-2025-051979,2,PROD-001,1,12.9,11.77
ORD-2025-051979,3,PROD-009,1,61.97,59.16
ORD-2025-051980,1,PROD-021,1,15.49,10.78
ORD-2025-051981,1,PROD-006,1,32.39,26.9
ORD-2025-051982,1,PROD-038,1,7.89,7.27
ORD-2025-051983,1,PROD-018,1,50.7,44.4
ORD-2025-051984,1,PROD-001,1,12.9,11.62
ORD-2025-051985,1,PROD-010,1,38.03,34.82
ORD-2025-051985,2,PROD-004,2,20.28,35.61
ORD-2025-051986,1,PROD-058,1,39.44,36.69
ORD-2025-051986,2,PROD-001,2,12.9,25.65
ORD-2025-051987,1,PROD-019,1,29.58,28.0
ORD-2025-051987,2,PROD-030,1,49.3,45.94
ORD-2025-051988,1,PROD-003,1,14.37,11.63
ORD-2025-051989,1,PROD-018,2,50.7,100.04
ORD-2025-051989,2,PROD-038,2,7.89,15.17
ORD-2025-051989,3,PROD-006,1,32.39,30.35
ORD-2025-051990,1,PROD-003,2,14.37,25.52
ORD-2025-051990,2,PROD-043,3,107.04,292.86
ORD-2025-051991,1,PROD-009,2,61.97,118.45
ORD-2025-051992,1,PROD-006,1,32.39,30.67
ORD-2025-051993,1,PROD-009,2,61.97,120.72
ORD-2025-051994,1,PROD-035,2,10.14,19.56
ORD-2025-051995,1,PROD-037,3,9.86,28.87
ORD-2025-051996,1,PROD-059,1,52.11,44.56
ORD-2025-051996,2,PROD-043,3,107.04,206.16
ORD-2025-051997,1,PROD-029,1,24.79,22.27
ORD-2025-051998,1,PROD-009,3,61.97,162.78
ORD-2025-051998,2,PROD-027,1,21.13,19.59
ORD-2025-051999,1,PROD-018,2,50.7,99.9
ORD-2025-051999,2,PROD-032,1,19.72,18.78
ORD-2025-051999,3,PROD-040,1,15.21,14.65
ORD-2025-052000,1,PROD-005,1,20.28,19.69
ORD-2025-052001,1,PROD-009,1,61.97,51.86
ORD-2025-052002,1,PROD-013,2,11.9,20.06
ORD-2025-052002,2,PROD-009,3,61.97,180.07
ORD-2025-052003,1,PROD-043,1,107.04,90.18
ORD-2025-052004,1,PROD-009,1,61.97,54.22
ORD-2025-052004,2,PROD-034,3,9.01,22.32
ORD-2025-052004,3,PROD-003,1,14.37,11.05
ORD-2025-052004,4,PROD-051,2,36.06,61.39
ORD-2025-052004,5,PROD-010,2,38.03,73.24
ORD-2025-052005,1,PROD-004,1,20.28,19.86
ORD-2025-052006,1,PROD-042,4,73.24,284.23
ORD-2025-052006,2,PROD-009,1,61.97,56.63
ORD-2025-052007,1,PROD-055,1,74.65,72.2
ORD-2025-052008,1,PROD-010,1,38.03,30.58
ORD-2025-052008,2,PROD-034,2,9.01,16.05
ORD-2025-052009,1,PROD-043,2,107.04,201.43
ORD-2025-052010,1,PROD-043,1,107.04,105.59
ORD-2025-052010,2,PROD-007,2,17.18,32.44
ORD-2025-052011,1,PROD-043,1,107.04,106.49
ORD-2025-052012,1,PROD-018,3,50.7,68.45
ORD-2025-052012,2,PROD-040,4,15.21,47.78
ORD-2025-052013,1,PROD-004,1,20.28,18.87
ORD-2025-052013,2,PROD-034,1,9.01,8.75
ORD-2025-052014,1,PROD-009,1,61.97,59.34
ORD-2025-052015,1,PROD-029,1,24.79,18.98
ORD-2025-052015,2,PROD-009,1,61.97,54.63
ORD-2025-052015,3,PROD-027,1,21.13,19.29
ORD-2025-052016,1,PROD-031,1,53.52,25.81
ORD-2025-052017,1,PROD-058,1,39.44,36.39
ORD-2025-052017,2,PROD-018,1,50.7,50.36
ORD-2025-052017,3,PROD-009,1,61.97,61.61
ORD-2025-052018,1,PROD-006,1,32.39,31.06
ORD-2025-052019,1,PROD-010,3,38.03,109.3
ORD-2025-052020,1,PROD-009,1,61.97,59.13
ORD-2025-052021,1,PROD-034,1,9.01,8.16
ORD-2025-052022,1,PROD-018,2,50.7,80.89
ORD-2025-052022,2,PROD-043,2,107.04,162.19
ORD-2025-052022,3,PROD-054,1,59.15,52.07
ORD-2025-052023,1,PROD-023,2,7.89,14.39
ORD-2025-052023,2,PROD-009,1,61.97,50.28
ORD-2025-052023,3,PROD-043,1,107.04,100.97
ORD-2025-052024,1,PROD-009,1,61.97,47.35
ORD-2025-052025,1,PROD-043,1,107.04,54.94
ORD-2025-052026,1,PROD-010,1,38.03,36.64
ORD-2025-052027,1,PROD-001,3,12.9,34.56
ORD-2025-052027,2,PROD-010,1,38.03,36.36
ORD-2025-052028,1,PROD-009,1,61.97,61.29
ORD-2025-052029,1,PROD-009,1,61.97,52.72
ORD-2025-052029,2,PROD-021,1,15.49,13.65
ORD-2025-052030,1,PROD-043,1,107.04,104.92
ORD-2025-052031,1,PROD-043,1,107.04,95.24
ORD-2025-052031,2,PROD-003,3,14.37,33.41
ORD-2025-052032,1,PROD-058,1,39.44,34.47
ORD-2025-052033,1,PROD-060,1,42.25,38.01
ORD-2025-052034,1,PROD-058,1,39.44,38.56
ORD-2025-052034,2,PROD-044,2,40.85,80.93
ORD-2025-052035,1,PROD-007,1,17.18,17.06
ORD-2025-052036,1,PROD-010,2,38.03,74.58
ORD-2025-052036,2,PROD-054,1,59.15,57.8
ORD-2025-052036,3,PROD-059,1,52.11,50.15
ORD-2025-052036,4,PROD-009,1,61.97,60.06
ORD-2025-052037,1,PROD-018,1,50.7,48.27
ORD-2025-052037,2,PROD-043,2,107.04,198.71
ORD-2025-052037,3,PROD-042,2,73.24,137.56
ORD-2025-052038,1,PROD-049,1,80.28,75.02
ORD-2025-052039,1,PROD-001,2,12.9,23.06
ORD-2025-052039,2,PROD-009,2,61.97,110.31
ORD-2025-052040,1,PROD-020,2,10.14,17.85
ORD-2025-052040,2,PROD-001,2,12.9,
ORD-2025-052041,1,PROD-055,1,74.65,71.69
ORD-2025-052042,1,PROD-003,1,14.37,8.98
ORD-2025-052043,1,PROD-026,1,14.65,12.16
ORD-2025-052043,2,PROD-009,2,61.97,89.79
ORD-2025-052043,3,PROD-004,2,20.28,29.56
ORD-2025-052043,4,PROD-043,1,107.04,80.38
ORD-2025-052044,1,PROD-039,1,8.17,8.0
ORD-2025-052044,2,PROD-018,1,50.7,49.01
ORD-2025-052045,1,PROD-009,1,61.97,53.21
ORD-2025-052045,2,PROD-008,1,9.9,4.46
ORD-2025-052046,1,PROD-005,2,20.28,18.95
ORD-2025-052046,2,PROD-034,1,9.01,7.41
ORD-2025-052047,1,PROD-007,2,17.18,33.27
ORD-2025-052047,2,PROD-033,1,52.11,49.72
ORD-2025-052047,3,PROD-019,3,29.58,86.3
ORD-2025-052048,1,PROD-042,1,73.24,46.73
ORD-2025-052048,2,PROD-043,2,107.04,98.41
ORD-2025-052049,1,PROD-019,1,29.58,23.99
ORD-2025-052050,1,PROD-054,1,59.15,26.62
ORD-2025-052051,1,PROD-009,3,61.97,154.81
ORD-2025-052051,2,PROD-008,1,9.9,8.49
ORD-2025-052052,1,PROD-013,2,11.9,22.99
ORD-2025-052053,1,PROD-042,2,73.24,139.17
ORD-2025-052053,2,PROD-002,1,11.9,9.63
ORD-2025-052054,1,PROD-005,3,20.28,52.75
ORD-2025-052055,1,PROD-002,1,11.9,10.96
ORD-2025-052056,1,PROD-010,3,38.03,112.48
ORD-2025-052056,2,PROD-015,1,26.76,25.1
ORD-2025-052056,3,PROD-043,1,107.04,94.64
ORD-2025-052056,4,PROD-021,2,15.49,28.83
ORD-2025-052057,1,PROD-009,1,61.97,61.15
ORD-2025-052058,1,PROD-010,2,38.03,73.63
ORD-2025-052059,1,PROD-043,3,107.04,308.56
ORD-2025-052059,2,PROD-032,1,19.72,16.18
ORD-2025-052060,1,PROD-009,1,61.97,58.04
ORD-2025-052061,1,PROD-018,2,50.7,87.92
ORD-2025-052062,1,PROD-005,1,20.28,18.51
ORD-2025-052063,1,PROD-004,1,20.28,19.01
ORD-2025-052063,2,PROD-005,1,20.28,19.22
ORD-2025-052064,1,PROD-007,1,17.18,16.65
ORD-2025-052064,2,PROD-035,3,10.14,27.44
ORD-2025-052064,3,PROD-030,1,49.3,47.41
ORD-2025-052065,1,PROD-056,1,101.41,97.05
ORD-2025-052065,2,PROD-012,3,18.5,54.98
ORD-2025-052066,1,PROD-018,1,50.7,45.62
ORD-2025-052067,1,PROD-006,2,32.39,63.98
ORD-2025-052068,1,PROD-009,2,61.97,
ORD-2025-052069,1,PROD-009,1,61.97,61.26
ORD-2025-052070,1,PROD-009,1,61.97,27.89
ORD-2025-052070,2,PROD-054,1,59.15,26.62
ORD-2025-052071,1,PROD-005,1,20.28,19.69
ORD-2025-052071,2,PROD-043,4,107.04,420.5
ORD-2025-052072,1,PROD-012,1,18.5,17.11
ORD-2025-052073,1,PROD-054,1,59.15,46.97
ORD-2025-052074,1,PROD-043,2,107.04,133.01
ORD-2025-052074,2,PROD-009,1,61.97,54.12
ORD-2025-052075,1,PROD-035,1,10.14,9.47
ORD-2025-052076,1,PROD-009,2,61.97,114.05
ORD-2025-052077,1,PROD-009,3,61.97,148.15
ORD-2025-052078,1,PROD-054,1,59.15,51.85
ORD-2025-052079,1,PROD-009,1,61.97,61.22
ORD-2025-052080,1,PROD-030,1,49.3,43.2
ORD-2025-052080,2,PROD-009,1,61.97,56.16
ORD-2025-052081,1,PROD-009,1,61.97,60.36
ORD-2025-052082,1,PROD-001,1,12.9,10.98
ORD-2025-052082,2,PROD-043,2,107.04,187.94
ORD-2025-052082,3,PROD-039,2,8.17,12.32
ORD-2025-052083,1,PROD-008,1,9.9,8.7
ORD-2025-052084,1,PROD-009,2,61.97,55.77
ORD-2025-052084,2,PROD-032,1,19.72,18.29
ORD-2025-052085,1,PROD-018,1,50.7,47.12
ORD-2025-052086,1,PROD-009,1,61.97,51.45
ORD-2025-052087,1,PROD-009,1,61.97,58.47
ORD-2025-052088,1,PROD-043,2,107.04,159.51
ORD-2025-052088,2,PROD-041,2,11.83,17.93
ORD-2025-052089,1,PROD-010,1,38.03,35.16
ORD-2025-052089,2,PROD-043,4,107.04,363.51
ORD-2025-052090,1,PROD-009,1,61.97,60.44
ORD-2025-052091,1,PROD-004,1,20.28,17.88
ORD-2025-052091,2,PROD-041,4,11.83,42.39
ORD-2025-052092,1,PROD-002,2,11.9,22.78
ORD-2025-052093,1,PROD-011,1,14.9,13.61
ORD-2025-052094,1,PROD-055,1,74.65,66.78
ORD-2025-052095,1,PROD-008,1,9.9,8.58
ORD-2025-052096,1,PROD-009,1,61.97,56.02
ORD-2025-052097,1,PROD-032,1,19.72,18.83
ORD-2025-052098,1,PROD-056,1,101.41,77.31
ORD-2025-052099,1,PROD-019,1,29.58,28.82
ORD-2025-052100,1,PROD-009,1,61.97,55.05
ORD-2025-052101,1,PROD-009,3,61.97,161.61
ORD-2025-052102,1,PROD-005,1,20.28,17.46
ORD-2025-052103,1,PROD-009,2,61.97,87.03
ORD-2025-052103,2,PROD-003,2,14.37,25.93
ORD-2025-052103,3,PROD-002,1,11.9,10.59
ORD-2025-052104,1,PROD-010,1,38.03,36.63
ORD-2025-052104,2,PROD-043,1,107.04,99.93
ORD-2025-052105,1,PROD-043,2,107.04,182.59
ORD-2025-052105,2,PROD-009,2,61.97,74.79
ORD-2025-052106,1,PROD-009,1,61.97,58.61
ORD-2025-052107,1,PROD-009,1,61.97,56.71
ORD-2025-052107,2,PROD-005,2,20.28,38.91
ORD-2025-052107,3,PROD-010,1,38.03,36.97
ORD-2025-052108,1,PROD-059,1,52.11,23.45
ORD-2025-052109,1,PROD-045,1,72.68,55.01
ORD-2025-052109,2,PROD-043,1,107.04,80.54
ORD-2025-052110,1,PROD-010,2,38.03,73.4
ORD-2025-052111,1,PROD-009,2,61.97,118.65
ORD-2025-052112,1,PROD-009,2,61.97,123.21
ORD-2025-052112,2,PROD-043,1,107.04,98.48
ORD-2025-052113,1,PROD-030,1,49.3,47.54
ORD-2025-052113,2,PROD-001,2,12.9,21.45
ORD-2025-052114,1,PROD-009,2,61.97,122.86
ORD-2025-052115,1,PROD-002,1,11.9,11.79
ORD-2025-052115,2,PROD-043,2,107.04,211.34
ORD-2025-052115,3,PROD-010,2,38.03,74.94
ORD-2025-052115,4,PROD-040,2,15.21,29.77
ORD-2025-052115,5,PROD-009,1,61.97,58.8
ORD-2025-052116,1,PROD-009,1,61.97,54.74
ORD-2025-052116,2,PROD-034,1,9.01,8.68
ORD-2025-052116,3,PROD-019,1,29.58,27.95
ORD-2025-052117,1,PROD-001,1,12.9,12.22
ORD-2025-052118,1,PROD-016,1,8.9,7.46
ORD-2025-052119,1,PROD-009,1,61.97,61.13
ORD-2025-052120,1,PROD-042,2,73.24,142.63
ORD-2025-052121,1,PROD-013,2,11.9,21.0
ORD-2025-052122,1,PROD-004,2,20.28,38.26
ORD-2025-052122,2,PROD-009,1,61.97,56.32
ORD-2025-052123,1,PROD-026,1,14.65,13.01
ORD-2025-052124,1,PROD-052,1,46.48,44.96
ORD-2025-052124,2,PROD-016,3,8.9,26.32
ORD-2025-052124,3,PROD-019,3,29.58,84.12
ORD-2025-052125,1,PROD-009,1,61.97,60.25
ORD-2025-052126,1,PROD-009,1,61.97,57.2
ORD-2025-052127,1,PROD-035,2,10.14,18.44
ORD-2025-052128,1,PROD-009,2,61.97,113.73
ORD-2025-052128,2,PROD-040,2,15.21,29.64
ORD-2025-052129,1,PROD-005,3,20.28,46.68
ORD-2025-052129,2,PROD-039,1,8.17,8.16
ORD-2025-052129,3,PROD-002,1,11.9,9.59
ORD-2025-052129,4,PROD-009,3,61.97,175.44
ORD-2025-052130,1,PROD-009,3,61.97,154.34
ORD-2025-052130,2,PROD-025,1,21.97,17.38
ORD-2025-052131,1,PROD-026,1,14.65,13.88
ORD-2025-052131,2,PROD-020,1,10.14,9.56
ORD-2025-052131,3,PROD-030,2,49.3,96.51
ORD-2025-052132,1,PROD-043,3,107.04,247.42
ORD-2025-052133,1,PROD-009,2,61.97,96.87
ORD-2025-052133,2,PROD-043,2,107.04,170.99
ORD-2025-052133,3,PROD-017,3,12.5,26.89
ORD-2025-052134,1,PROD-006,1,32.39,28.18
ORD-2025-052134,2,PROD-009,2,61.97,118.97
ORD-2025-052135,1,PROD-002,1,11.9,9.4
ORD-2025-052135,2,PROD-042,1,73.24,62.17
ORD-2025-052135,3,PROD-034,2,9.01,15.32
ORD-2025-052136,1,PROD-009,2,61.97,118.49
ORD-2025-052136,2,PROD-042,1,73.24,65.72
ORD-2025-052136,3,PROD-005,1,20.28,19.97
ORD-2025-052137,1,PROD-043,1,107.04,77.23
ORD-2025-052138,1,PROD-009,1,61.97,55.83
ORD-2025-052138,2,PROD-005,1,20.28,20.1
ORD-2025-052138,3,PROD-043,1,107.04,106.71
ORD-2025-052139,1,PROD-025,1,21.97,16.74
ORD-2025-052140,1,PROD-009,2,61.97,120.59
ORD-2025-052141,1,PROD-052,1,46.48,45.35
ORD-2025-052141,2,PROD-043,1,107.04,101.7
ORD-2025-052142,1,PROD-005,1,20.28,19.27
ORD-2025-052143,1,PROD-018,1,50.7,44.53
ORD-2025-052143,2,PROD-042,1,73.24,64.91
ORD-2025-052144,1,PROD-049,1,80.28,79.13
ORD-2025-052144,2,PROD-030,2,49.3,97.72
ORD-2025-052145,1,PROD-043,2,107.04,208.6
ORD-2025-052146,1,PROD-043,2,107.04,126.01
ORD-2025-052146,2,PROD-009,1,61.97,54.52
ORD-2025-052146,3,PROD-007,1,17.18,16.86
ORD-2025-052147,1,PROD-019,1,29.58,29.38
ORD-2025-052147,2,PROD-014,3,9.9,28.82
ORD-2025-052148,1,PROD-053,1,53.52,50.66
ORD-2025-052149,1,PROD-004,3,20.28,59.09
ORD-2025-052150,1,PROD-003,1,14.37,12.87
ORD-2025-052151,1,PROD-038,2,7.89,14.67
ORD-2025-052151,2,PROD-043,3,107.04,302.08
ORD-2025-052151,3,PROD-006,2,32.39,54.31
ORD-2025-052152,1,PROD-035,1,10.14,5.19
ORD-2025-052153,1,PROD-029,2,24.79,47.67
ORD-2025-052154,1,PROD-036,1,11.55,10.56
ORD-2025-052155,1,PROD-006,1,32.39,26.27
ORD-2025-052155,2,PROD-043,2,107.04,197.36
ORD-2025-052155,3,PROD-031,1,53.52,51.21
ORD-2025-052155,4,PROD-015,2,26.76,46.26
ORD-2025-052156,1,PROD-043,1,107.04,101.12
ORD-2025-052157,1,PROD-018,2,50.7,97.52
ORD-2025-052158,1,PROD-001,1,12.9,12.12
ORD-2025-052158,2,PROD-009,2,61.97,120.79
ORD-2025-052158,3,PROD-043,1,107.04,80.4
ORD-2025-052159,1,PROD-006,3,32.39,94.11
ORD-2025-052160,1,PROD-009,1,61.97,56.68
ORD-2025-052161,1,PROD-009,2,61.97,112.76
ORD-2025-052162,1,PROD-004,2,20.28,37.39
ORD-2025-052162,2,PROD-043,1,107.04,104.54
ORD-2025-052163,1,PROD-009,2,61.97,116.75
ORD-2025-052164,1,PROD-005,1,20.28,19.04
ORD-2025-052165,1,PROD-058,1,39.44,29.5
ORD-2025-052166,1,PROD-010,3,38.03,85.16
ORD-2025-052166,2,PROD-009,1,61.97,59.75
ORD-2025-052167,1,PROD-013,1,11.9,10.65
ORD-2025-052167,2,PROD-011,1,14.9,12.77
ORD-2025-052167,3,PROD-018,1,50.7,49.2
ORD-2025-052168,1,PROD-029,1,24.79,22.18
ORD-2025-052169,1,PROD-009,2,61.97,121.54
ORD-2025-052170,1,PROD-009,1,61.97,52.33
ORD-2025-052171,1,PROD-015,2,26.76,51.14
ORD-2025-052172,1,PROD-043,1,107.04,97.0
ORD-2025-052173,1,PROD-010,2,38.03,57.47
ORD-2025-052173,2,PROD-043,2,107.04,161.2
ORD-2025-052174,1,PROD-009,2,61.97,101.57
ORD-2025-052174,2,PROD-041,1,11.83,9.14
ORD-2025-052175,1,PROD-043,2,107.04,194.02
ORD-2025-052175,2,PROD-018,2,50.7,68.95
ORD-2025-052176,1,PROD-004,1,20.28,16.32
ORD-2025-052177,1,PROD-005,2,20.28,38.3
ORD-2025-052178,1,PROD-004,3,20.28,58.86
ORD-2025-052178,2,PROD-017,1,12.5,11.48
ORD-2025-052178,3,PROD-043,1,107.04,106.5
ORD-2025-052179,1,PROD-025,2,21.97,39.3
ORD-2025-052180,1,PROD-020,1,10.14,7.14
ORD-2025-052180,2,PROD-009,1,61.97,43.65
ORD-2025-052181,1,PROD-038,1,7.89,6.0
ORD-2025-052182,1,PROD-010,1,38.03,36.34
ORD-2025-052182,2,PROD-006,1,32.39,29.37
ORD-2025-052182,3,PROD-008,2,9.9,15.84
ORD-2025-052183,1,PROD-019,1,29.58,28.71
ORD-2025-052184,1,PROD-001,2,12.9,24.55
ORD-2025-052185,1,PROD-009,2,61.97,114.42
ORD-2025-052185,2,PROD-003,1,14.37,11.5
ORD-2025-052185,3,PROD-006,2,32.39,61.81
ORD-2025-052186,1,PROD-010,1,38.03,35.69
ORD-2025-052186,2,PROD-009,1,61.97,55.64
ORD-2025-052187,1,PROD-009,1,61.97,59.08
ORD-2025-052187,2,PROD-043,2,107.04,179.63
ORD-2025-052187,3,PROD-001,2,12.9,24.56
ORD-2025-052187,4,PROD-042,2,73.24,136.17
ORD-2025-052187,5,PROD-016,1,8.9,8.83
ORD-2025-052188,1,PROD-009,2,61.97,119.32
ORD-2025-052189,1,PROD-009,1,61.97,57.38
ORD-2025-052189,2,PROD-042,1,73.24,62.23
ORD-2025-052190,1,PROD-042,1,73.24,71.09
ORD-2025-052191,1,PROD-004,1,20.28,19.07
ORD-2025-052191,2,PROD-036,1,11.55,11.09
ORD-2025-052192,1,PROD-014,1,9.9,9.77
ORD-2025-052192,2,PROD-009,2,61.97,122.53
ORD-2025-052192,3,PROD-018,1,50.7,46.43
ORD-2025-052193,1,PROD-031,1,53.52,47.09
ORD-2025-052193,2,PROD-005,1,20.28,13.32
ORD-2025-052194,1,PROD-007,2,17.18,19.44
ORD-2025-052195,1,PROD-043,2,107.04,209.63
ORD-2025-052195,2,PROD-019,3,29.58,83.71
ORD-2025-052196,1,PROD-009,1,61.97,53.64
ORD-2025-052196,2,PROD-020,1,10.14,7.78
ORD-2025-052197,1,PROD-054,1,59.15,56.17
ORD-2025-052198,1,PROD-018,1,50.7,48.45
ORD-2025-052198,2,PROD-010,1,38.03,34.85
ORD-2025-052199,1,PROD-032,2,19.72,22.47
ORD-2025-052200,1,PROD-001,1,12.9,12.17
ORD-2025-052201,1,PROD-009,2,61.97,122.17
ORD-2025-052202,1,PROD-009,2,61.97,111.6
ORD-2025-052202,2,PROD-002,1,11.9,11.16
ORD-2025-052203,1,PROD-010,1,38.03,32.09
ORD-2025-052203,2,PROD-007,1,17.18,12.09
ORD-2025-052204,1,PROD-055,1,74.65,51.84
ORD-2025-052204,2,PROD-003,1,14.37,12.66
ORD-2025-052205,1,PROD-005,1,20.28,19.78
ORD-2025-052205,2,PROD-009,2,61.97,118.96
ORD-2025-052205,3,PROD-043,2,107.04,204.92
ORD-2025-052206,1,PROD-043,2,107.04,203.72
ORD-2025-052206,2,PROD-010,2,38.03,68.68
ORD-2025-052207,1,PROD-006,2,32.39,55.59
ORD-2025-052208,1,PROD-028,1,17.18,16.05
ORD-2025-052209,1,PROD-031,2,53.52,84.79
ORD-2025-052209,2,PROD-019,1,29.58,18.99
ORD-2025-052210,1,PROD-007,1,17.18,16.07
ORD-2025-052210,2,PROD-018,1,50.7,39.03
ORD-2025-052211,1,PROD-003,1,14.37,13.25
ORD-2025-052212,1,PROD-002,2,11.9,23.11
ORD-2025-052213,1,PROD-019,1,29.58,29.04
ORD-2025-052214,1,PROD-059,1,52.11,46.97
ORD-2025-052215,1,PROD-026,1,14.65,14.17
ORD-2025-052216,1,PROD-039,1,8.17,7.39
ORD-2025-052217,1,PROD-018,2,50.7,98.25
ORD-2025-052217,2,PROD-004,2,20.28,39.7
ORD-2025-052217,3,PROD-003,1,14.37,14.05
ORD-2025-052218,1,PROD-030,1,49.3,43.68
ORD-2025-052218,2,PROD-009,2,61.97,119.17
ORD-2025-052218,3,PROD-029,2,24.79,46.99
ORD-2025-052219,1,PROD-024,1,8.73,8.41
ORD-2025-052220,1,PROD-056,1,101.41,91.85
ORD-2025-052220,2,PROD-009,1,61.97,58.59
ORD-2025-052221,1,PROD-048,1,55.77,45.34
ORD-2025-052221,2,PROD-058,1,39.44,33.27
ORD-2025-052222,1,PROD-009,1,61.97,60.85
ORD-2025-052223,1,PROD-042,2,73.24,131.98
ORD-2025-052223,2,PROD-007,3,17.18,44.55
ORD-2025-052224,1,PROD-043,1,107.04,64.31
ORD-2025-052224,2,PROD-010,2,38.03,52.55
 ORD-2025-052225 ,1,PROD-058,1,39.44,32.46
ORD-2025-052226,1,PROD-003,1,14.37,13.79
ORD-2025-052226,2,PROD-041,1,11.83,10.22
ORD-2025-052227,1,PROD-035,1,10.14,9.39
ORD-2025-052227,2,PROD-050,1,61.97,61.7
ORD-2025-052228,1,PROD-031,1,53.52,48.53
ORD-2025-052228,2,PROD-004,1,20.28,19.61
ORD-2025-052228,3,PROD-034,2,9.01,15.61
ORD-2025-052229,1,PROD-008,1,9.9,8.34
ORD-2025-052229,2,PROD-005,2,20.28,38.35
ORD-2025-052230,1,PROD-008,2,9.9,16.35
ORD-2025-052231,1,PROD-020,1,10.14,9.35
ORD-2025-052232,1,PROD-043,2,107.04,206.95
ORD-2025-052232,2,PROD-018,3,50.7,143.25
ORD-2025-052233,1,PROD-007,2,17.18,33.83
ORD-2025-052233,2,PROD-035,1,10.14,8.35
ORD-2025-052233,3,PROD-009,3,61.97,144.58
ORD-2025-052234,1,PROD-036,1,11.55,11.29
ORD-2025-052234,2,PROD-005,1,20.28,18.63
ORD-2025-052234,3,PROD-004,2,20.28,40.08
ORD-2025-052235,1,PROD-043,2,107.04,156.34
ORD-2025-052236,1,PROD-030,1,49.3,47.01
ORD-2025-052236,2,PROD-009,3,61.97,161.76
ORD-2025-052237,1,PROD-021,1,15.49,12.62
ORD-2025-052238,1,PROD-022,1,9.01,8.73
ORD-2025-052239,1,PROD-034,1,9.01,8.97
ORD-2025-052240,1,PROD-006,1,32.39,30.75
ORD-2025-052241,1,PROD-041,1,11.83,10.74
ORD-2025-052242,1,PROD-009,2,61.97,122.29
ORD-2025-052243,1,PROD-016,1,8.9,6.86
ORD-2025-052243,2,PROD-010,2,38.03,57.29
ORD-2025-052243,3,PROD-044,1,40.85,39.76
ORD-2025-052244,1,PROD-019,1,29.58,24.53
ORD-2025-052245,1,PROD-034,1,9.01,7.46
ORD-2025-052245,2,PROD-058,1,39.44,34.65
ORD-2025-052246,1,PROD-043,1,107.04,100.24
ORD-2025-052247,1,PROD-002,1,11.9,9.5
ORD-2025-052248,1,PROD-037,1,9.86,4.44
ORD-2025-052249,1,PROD-030,1,49.3,45.26
ORD-2025-052249,2,PROD-002,1,11.9,10.8
ORD-2025-052250,1,PROD-052,1,46.48,45.4
ORD-2025-052250,2,PROD-003,3,14.37,40.67
ORD-2025-052251,1,PROD-002,2,11.9,23.13
ORD-2025-052252,1,PROD-009,1,61.97,61.78
ORD-2025-052253,1,PROD-043,1,107.04,103.74
ORD-2025-052254,1,PROD-034,1,9.01,8.7
ORD-2025-052255,1,PROD-010,1,38.03,-37.39
ORD-2025-052256,1,PROD-033,3,52.11,111.95
ORD-2025-052256,2,PROD-035,1,10.14,7.61
ORD-2025-052256,3,PROD-010,1,38.03,27.78
ORD-2025-052257,1,PROD-008,1,9.9,9.09
ORD-2025-052258,1,PROD-005,1,20.28,19.83
ORD-2025-052259,1,PROD-010,1,38.03,34.46
ORD-2025-052260,1,PROD-009,2,61.97,90.82
ORD-2025-052261,1,PROD-043,3,107.04,306.96
ORD-2025-052262,1,PROD-009,1,61.97,55.62
ORD-2025-052262,2,PROD-043,1,107.04,83.56
ORD-2025-052263,1,PROD-020,1,10.14,9.71
ORD-2025-052264,1,PROD-010,3,38.03,100.52
ORD-2025-052265,1,PROD-009,2,61.97,107.96
ORD-2025-052266,1,PROD-043,3,107.04,316.72
ORD-2025-052266,2,PROD-037,1,9.86,9.71
ORD-2025-052267,1,PROD-031,1,53.52,39.95
ORD-2025-052268,1,PROD-043,3,107.04,306.54
ORD-2025-052268,2,PROD-038,1,7.89,7.52
ORD-2025-052269,1,PROD-009,1,61.97,53.28
ORD-2025-052270,1,PROD-048,1,55.77,40.72
ORD-2025-052271,1,PROD-009,2,61.97,115.69
ORD-2025-052272,1,PROD-004,2,20.28,39.49
ORD-2025-052272,2,PROD-039,2,8.17,14.97
ORD-2025-052272,3,PROD-043,2,107.04,206.22
ORD-2025-052273,1,PROD-005,1,20.28,19.54
ORD-2025-052274,1,PROD-018,3,50.7,137.92
ORD-2025-052275,1,PROD-034,4,9.01,16.22
ORD-2025-052276,1,PROD-009,1,61.97,56.06
ORD-2025-052276,2,PROD-010,2,38.03,64.36
ORD-2025-052277,1,PROD-049,1,80.28,67.28
ORD-2025-052278,1,PROD-042,1,73.24,64.77
ORD-2025-052279,1,PROD-060,1,42.25,22.06
ORD-2025-052280,1,PROD-024,1,8.73,8.34
ORD-2025-052281,1,PROD-042,3,73.24,109.05
ORD-2025-052282,1,PROD-002,1,11.9,10.89
ORD-2025-052282,2,PROD-009,1,61.97,58.46
ORD-2025-052283,1,PROD-043,2,107.04,118.58
ORD-2025-052284,1,PROD-043,1,107.04,53.65
ORD-2025-052285,1,PROD-052,1,46.48,44.45
ORD-2025-052286,1,PROD-009,1,61.97,61.11
ORD-2025-052286,2,PROD-007,1,17.18,17.11
ORD-2025-052287,1,PROD-004,1,20.28,16.23
ORD-2025-052288,1,PROD-009,2,61.97,113.96
ORD-2025-052289,1,PROD-009,2,61.97,121.45
ORD-2025-052290,1,PROD-005,1,20.28,18.15
ORD-2025-052291,1,PROD-009,2,61.97,99.65
ORD-2025-052291,2,PROD-032,1,19.72,19.14
ORD-2025-052292,1,PROD-009,1,61.97,38.82
ORD-2025-052293,1,PROD-009,1,61.97,51.95
ORD-2025-052293,2,PROD-026,2,14.65,26.02
ORD-2025-052294,1,PROD-001,1,12.9,10.86
ORD-2025-052295,1,PROD-010,3,38.03,111.64
ORD-2025-052296,1,PROD-009,1,61.97,60.54
ORD-2025-052297,1,PROD-009,2,61.97,115.28
ORD-2025-052298,1,PROD-045,1,72.68,65.63
ORD-2025-052299,1,PROD-060,1,42.25,23.57
ORD-2025-052300,1,PROD-006,1,32.39,29.34
ORD-2025-052301,1,PROD-008,1,9.9,9.45
ORD-2025-052301,2,PROD-043,1,107.04,83.64
ORD-2025-052301,3,PROD-009,2,61.97,111.08
ORD-2025-052302,1,PROD-009,3,61.97,175.98
ORD-2025-052303,1,PROD-031,2,53.52,97.91
ORD-2025-052304,1,PROD-010,2,38.03,69.69
ORD-2025-052304,2,PROD-006,1,32.39,31.09
ORD-2025-052304,3,PROD-009,2,61.97,122.18
ORD-2025-052305,1,PROD-014,3,9.9,26.85
ORD-2025-052305,2,PROD-038,2,7.89,13.3
ORD-2025-052305,3,PROD-006,2,32.39,63.71
ORD-2025-052306,1,PROD-009,1,61.97,30.43
ORD-2025-052307,1,PROD-019,1,29.58,27.78
ORD-2025-052307,2,PROD-031,1,53.52,48.19
ORD-2025-052308,1,PROD-056,1,101.41,76.67
ORD-2025-052309,1,PROD-018,1,50.7,49.01
ORD-2025-052310,1,PROD-009,2,61.97,102.04
ORD-2025-052311,1,PROD-010,1,38.03,31.35
ORD-2025-052312,1,PROD-036,2,11.55,19.76
ORD-2025-052312,2,PROD-018,1,50.7,42.76
ORD-2025-052312,3,PROD-009,1,61.97,57.23
ORD-2025-052313,1,PROD-003,3,14.37,37.54
ORD-2025-052314,1,PROD-018,1,50.7,38.3
ORD-2025-052315,1,PROD-002,1,11.9,11.36
ORD-2025-052316,1,PROD-014,2,9.9,17.97
ORD-2025-052317,1,PROD-035,1,10.14,9.92
ORD-2025-052317,2,PROD-006,1,32.39,30.69
ORD-2025-052318,1,PROD-006,1,32.39,31.94
ORD-2025-052318,2,PROD-003,1,14.37,14.13
ORD-2025-052319,1,PROD-058,1,39.44,27.24
ORD-2025-052320,1,PROD-018,3,50.7,143.95
ORD-2025-052320,2,PROD-032,1,19.72,17.4
ORD-2025-052321,1,PROD-009,1,61.97,60.94
ORD-2025-052321,2,PROD-014,1,9.9,9.75
ORD-2025-052321,3,PROD-051,1,36.06,33.09
ORD-2025-052321,4,PROD-020,1,10.14,9.12
ORD-2025-052322,1,PROD-043,1,107.04,101.6
ORD-2025-052322,2,PROD-040,2,15.21,20.73
ORD-2025-052323,1,PROD-002,1,11.9,10.92
ORD-2025-052323,2,PROD-013,1,11.9,10.16
ORD-2025-052324,1,PROD-010,1,38.03,35.63
ORD-2025-052325,1,PROD-009,1,61.97,56.95
ORD-2025-052325,2,PROD-018,1,50.7,49.54
ORD-2025-052325,3,PROD-010,2,38.03,68.3
ORD-2025-052325,4,PROD-035,4,10.14,39.53
ORD-2025-052326,1,PROD-042,3,73.24,176.22
ORD-2025-052327,1,PROD-003,1,14.37,13.44
ORD-2025-052328,1,PROD-010,1,38.03,32.45
ORD-2025-052328,2,PROD-001,1,12.9,11.92
ORD-2025-052329,1,PROD-009,1,61.97,34.51
ORD-2025-052330,1,PROD-006,1,32.39,30.34
ORD-2025-052331,1,PROD-035,2,10.14,15.53
ORD-2025-052332,1,PROD-017,1,12.5,8.21
ORD-2025-052333,1,PROD-043,1,107.04,105.22
ORD-2025-052333,2,PROD-028,2,17.18,33.78
ORD-2025-052334,1,PROD-043,2,107.04,205.99
ORD-2025-052334,2,PROD-004,1,20.28,19.78
ORD-2025-052334,3,PROD-021,1,15.49,14.93
ORD-2025-052335,1,PROD-002,1,11.9,11.77
ORD-2025-052335,2,PROD-039,2,8.17,15.18
ORD-2025-052335,3,PROD-018,3,50.7,138.75
ORD-2025-052336,1,PROD-058,1,39.44,37.97
ORD-2025-052337,1,PROD-004,1,20.28,9.13
ORD-2025-052337,2,PROD-043,1,107.04,80.72
ORD-2025-052337,3,PROD-009,1,61.97,46.61
ORD-2025-052338,1,PROD-010,1,38.03,35.03
ORD-2025-052339,1,PROD-009,1,61.97,57.71
ORD-2025-052339,2,PROD-018,1,50.7,49.84
ORD-2025-052339,3,PROD-040,2,15.21,27.27
ORD-2025-052339,4,PROD-004,1,20.28,17.87
ORD-2025-052339,5,PROD-012,1,18.5,17.79
ORD-2025-052340,1,PROD-043,1,107.04,99.96
ORD-2025-052341,1,PROD-018,3,50.7,144.1
ORD-2025-052342,1,PROD-024,1,8.73,6.79
ORD-2025-052343,1,PROD-030,1,49.3,41.51
ORD-2025-052344,1,PROD-056,1,101.41,82.46
ORD-2025-052345,1,PROD-027,2,21.13,28.88
ORD-2025-052346,1,PROD-030,1,49.3,45.52
ORD-2025-052346,2,PROD-010,2,38.03,36.72
ORD-2025-052347,1,PROD-043,1,107.04,102.87
ORD-2025-052347,2,PROD-032,2,19.72,37.86
ORD-2025-052348,1,PROD-054,1,59.15,26.62
ORD-2025-052349,1,PROD-009,1,61.97,58.71
ORD-2025-052350,1,PROD-009,1,61.97,58.65
ORD-2025-052351,1,PROD-005,3,20.28,55.08
ORD-2025-052352,1,PROD-004,1,20.28,15.62
ORD-2025-052353,1,PROD-009,1,61.97,55.96
ORD-2025-052354,1,PROD-001,1,12.9,10.43
ORD-2025-052355,1,PROD-009,2,61.97,120.41
ORD-2025-052355,2,PROD-043,1,107.04,106.87
ORD-2025-052355,3,PROD-018,1,50.7,48.72
ORD-2025-052356,1,PROD-031,1,53.52,46.31
ORD-2025-052356,2,PROD-019,1,29.58,27.99
ORD-2025-052356,3,PROD-020,1,10.14,9.21
ORD-2025-052357,1,PROD-005,2,20.28,34.46
ORD-2025-052358,1,PROD-055,1,74.65,68.77
ORD-2025-052358,2,PROD-043,2,107.04,203.2
ORD-2025-052359,1,PROD-018,1,50.7,48.77
ORD-2025-052359,2,PROD-002,2,11.9,22.52
ORD-2025-052359,3,PROD-043,1,107.04,103.98
ORD-2025-052360,1,PROD-009,3,61.97,175.96
ORD-2025-052361,1,PROD-005,2,20.28,38.22
ORD-2025-052361,2,PROD-009,2,61.97,121.46
ORD-2025-052361,3,PROD-035,3,10.14,30.3
ORD-2025-052362,1,PROD-009,1,61.97,57.46
ORD-2025-052363,1,PROD-009,3,61.97,179.12
ORD-2025-052363,2,PROD-019,1,29.58,24.53
ORD-2025-052363,3,PROD-006,1,32.39,29.13
ORD-2025-052363,4,PROD-003,1,14.37,13.66
ORD-2025-052364,1,PROD-006,1,32.39,30.6
ORD-2025-052365,1,PROD-005,1,20.28,12.43
ORD-2025-052365,2,PROD-010,1,38.03,36.81
ORD-2025-052366,1,PROD-019,2,29.58,50.46
ORD-2025-052367,1,PROD-043,1,107.04,97.27
ORD-2025-052367,2,PROD-047,1,108.45,98.94
ORD-2025-052367,3,PROD-010,1,38.03,31.75
ORD-2025-052367,4,PROD-018,2,50.7,99.16
ORD-2025-052368,1,PROD-009,1,61.97,58.77
ORD-2025-052369,1,PROD-018,3,50.7,139.54
ORD-2025-052370,1,PROD-009,2,61.97,119.66
ORD-2025-052371,1,PROD-039,2,8.17,12.67
ORD-2025-052372,1,PROD-009,2,61.97,120.75
ORD-2025-052373,1,PROD-009,2,61.97,106.71
ORD-2025-052374,1,PROD-006,1,32.39,24.62
ORD-2025-052374,2,PROD-043,2,107.04,209.54
ORD-2025-052375,1,PROD-047,1,108.45,102.86
ORD-2025-052375,2,PROD-026,1,14.65,13.89
ORD-2025-052376,1,PROD-043,1,107.04,97.75
ORD-2025-052376,2,PROD-009,1,61.97,54.92
ORD-2025-052377,1,PROD-018,1,50.7,49.54
ORD-2025-052377,2,PROD-043,1,107.04,105.57
ORD-2025-052377,3,PROD-027,1,21.13,19.97
ORD-2025-052378,1,PROD-052,1,46.48,44.75
ORD-2025-052378,2,PROD-043,1,107.04,104.02
ORD-2025-052379,1,PROD-006,1,32.39,28.38
ORD-2025-052379,2,PROD-009,1,61.97,54.34
ORD-2025-052380,1,PROD-013,1,11.9,10.25
ORD-2025-052380,2,PROD-048,1,55.77,51.87
ORD-2025-052381,1,PROD-006,1,32.39,27.82
ORD-2025-052382,1,PROD-042,1,73.24,64.25
ORD-2025-052383,1,PROD-009,1,61.97,59.4
ORD-2025-052384,1,PROD-013,1,11.9,10.89
ORD-2025-052384,2,PROD-009,1,61.97,59.71
ORD-2025-052385,1,PROD-003,2,14.37,26.12
ORD-2025-052386,1,PROD-006,1,32.39,31.49
ORD-2025-052386,2,PROD-010,1,38.03,35.54
ORD-2025-052387,1,PROD-009,2,61.97,119.22
ORD-2025-052388,1,PROD-009,2,61.97,105.4
ORD-2025-052388,2,PROD-011,1,14.9,13.92
ORD-2025-052389,1,PROD-010,2,38.03,72.94
ORD-2025-052389,2,PROD-047,1,108.45,104.12
ORD-2025-052390,1,PROD-010,1,38.03,34.89
ORD-2025-052391,1,PROD-033,3,52.11,132.68
ORD-2025-052392,1,PROD-002,2,11.9,21.85
ORD-2025-052393,1,PROD-043,1,107.04,101.0
ORD-2025-052393,2,PROD-009,1,61.97,60.24
ORD-2025-052394,1,PROD-009,2,61.97,95.77
ORD-2025-052394,2,PROD-006,1,32.39,30.68
ORD-2025-052395,1,PROD-005,1,20.28,15.63
ORD-2025-052396,1,PROD-010,3,38.03,109.31
ORD-2025-052397,1,PROD-018,1,50.7,40.71
ORD-2025-052398,1,PROD-048,1,55.77,46.81
ORD-2025-052398,2,PROD-060,1,42.25,29.15
ORD-2025-052399,1,PROD-009,2,61.97,104.49
ORD-2025-052399,2,PROD-042,1,73.24,67.59
ORD-2025-052400,1,PROD-042,1,73.24,
ORD-2025-052401,1,PROD-043,1,107.04,100.18
ORD-2025-052401,2,PROD-042,2,73.24,143.39
ORD-2025-052402,1,PROD-043,1,107.04,48.17
ORD-2025-052402,2,PROD-018,2,50.7,46.22
ORD-2025-052403,1,PROD-010,1,38.03,31.63
ORD-2025-052404,1,PROD-037,3,9.86,26.98
ORD-2025-052405,1,PROD-012,1,18.5,17.22
ORD-2025-052405,2,PROD-009,1,61.97,51.57
ORD-2025-052405,3,PROD-035,3,10.14,26.67
ORD-2025-052405,4,PROD-019,1,29.58,22.53
ORD-2025-052406,1,PROD-055,1,74.65,64.42
ORD-2025-052406,2,PROD-009,1,61.97,30.38
ORD-2025-052407,1,PROD-009,1,61.97,58.84
ORD-2025-052408,1,PROD-041,1,11.83,10.51
ORD-2025-052408,2,PROD-009,1,61.97,52.03
ORD-2025-052408,3,PROD-043,1,107.04,99.35
ORD-2025-052409,1,PROD-018,2,50.7,97.54
ORD-2025-052410,1,PROD-009,2,61.97,111.09
ORD-2025-052411,1,PROD-043,1,107.04,92.3
ORD-2025-052412,1,PROD-010,1,38.03,17.11
ORD-2025-052413,1,PROD-026,2,14.65,26.06
ORD-2025-052413,2,PROD-009,2,61.97,112.96
ORD-2025-052413,3,PROD-020,1,10.14,8.95
ORD-2025-052414,1,PROD-004,1,20.28,19.62
ORD-2025-052414,2,PROD-043,2,107.04,197.72
ORD-2025-052414,3,PROD-009,1,61.97,56.51
ORD-2025-052415,1,PROD-005,1,20.28,18.64
ORD-2025-052416,1,PROD-043,1,107.04,105.73
ORD-2025-052416,2,PROD-053,1,53.52,51.95
ORD-2025-052417,1,PROD-004,1,20.28,12.16
ORD-2025-052417,2,PROD-024,1,8.73,5.05
ORD-2025-052418,1,PROD-043,1,107.04,94.64
ORD-2025-052419,1,PROD-010,1,38.03,36.03
ORD-2025-052419,2,PROD-001,1,12.9,12.07
ORD-2025-052419,3,PROD-009,1,61.97,60.85
ORD-2025-052419,4,PROD-043,4,107.04,337.35
ORD-2025-052420,1,PROD-004,2,20.28,34.35
ORD-2025-052420,2,PROD-036,1,11.55,10.64
ORD-2025-052420,3,PROD-002,1,11.9,11.57
ORD-2025-052421,1,PROD-009,1,61.97,52.18
ORD-2025-052421,2,PROD-042,2,73.24,131.36
ORD-2025-052422,1,PROD-010,1,38.03,31.46
ORD-2025-052422,2,PROD-042,1,73.24,69.45
ORD-2025-052423,1,PROD-031,1,53.52,48.75
ORD-2025-052424,1,PROD-017,1,12.5,11.78
ORD-2025-052424,2,PROD-043,2,107.04,168.46
ORD-2025-052424,3,PROD-003,1,14.37,11.61
ORD-2025-052425,1,PROD-009,1,61.97,58.69
ORD-2025-052425,2,PROD-043,2,107.04,193.04
ORD-2025-052425,3,PROD-031,1,53.52,36.36
ORD-2025-052426,1,PROD-043,3,107.04,250.79
ORD-2025-052427,1,PROD-020,2,10.14,18.84
ORD-2025-052428,1,PROD-009,1,61.97,60.36
ORD-2025-052429,1,PROD-009,2,61.97,119.03
ORD-2025-052430,1,PROD-009,1,61.97,59.78
ORD-2025-052431,1,PROD-054,1,59.15,43.78
ORD-2025-052432,1,PROD-009,2,61.97,115.66
ORD-2025-052432,2,PROD-010,2,38.03,54.04
ORD-2025-052433,1,PROD-038,3,7.89,23.33
ORD-2025-052434,1,PROD-046,1,259.15,229.35
ORD-2025-052434,2,PROD-060,1,42.25,32.35
ORD-2025-052435,1,PROD-030,1,49.3,48.28
ORD-2025-052435,2,PROD-043,1,107.04,49.25
ORD-2025-052436,1,PROD-009,2,61.97,119.38
ORD-2025-052437,1,PROD-010,2,38.03,72.82
ORD-2025-052438,1,PROD-011,2,14.9,29.17
ORD-2025-052439,1,PROD-050,1,61.97,60.36
ORD-2025-052440,1,PROD-009,2,61.97,120.77
ORD-2025-052440,2,PROD-043,1,107.04,75.38
ORD-2025-052440,3,PROD-046,1,259.15,249.67
ORD-2025-052441,1,PROD-019,1,29.58,28.07
ORD-2025-052441,2,PROD-002,3,11.9,32.55
ORD-2025-052442,1,PROD-005,1,20.28,18.48
ORD-2025-052443,1,PROD-009,1,61.97,59.19
ORD-2025-052444,1,PROD-043,1,107.04,78.65
ORD-2025-052445,1,PROD-040,2,15.21,28.5
ORD-2025-052445,2,PROD-022,1,9.01,8.05
ORD-2025-052446,1,PROD-055,1,74.65,71.69
ORD-2025-052447,1,PROD-012,1,18.5,18.15
ORD-2025-052447,2,PROD-030,2,49.3,90.53
ORD-2025-052448,1,PROD-009,2,61.97,120.54
ORD-2025-052448,2,PROD-008,1,9.9,9.56
ORD-2025-052448,3,PROD-003,2,14.37,27.38
ORD-2025-052449,1,PROD-005,3,20.28,55.25
ORD-2025-052450,1,PROD-018,2,50.7,89.54
ORD-2025-052450,2,PROD-019,1,29.58,13.31
ORD-2025-052451,1,PROD-043,1,107.04,95.0
ORD-2025-052451,2,PROD-009,1,61.97,60.89
ORD-2025-052452,1,PROD-021,1,15.49,10.0
ORD-2025-052452,2,PROD-038,1,7.89,6.66
ORD-2025-052452,3,PROD-043,2,107.04,156.62
ORD-2025-052453,1,PROD-001,1,12.9,12.31
ORD-2025-052453,2,PROD-043,2,107.04,201.75
ORD-2025-052453,3,PROD-018,2,50.7,99.36
ORD-2025-052453,4,PROD-004,2,20.28,38.85
ORD-2025-052454,1,PROD-009,3,61.97,166.59
ORD-2025-052454,2,PROD-001,2,12.9,22.43
ORD-2025-052454,3,PROD-027,1,21.13,19.63
ORD-2025-052455,1,PROD-043,2,107.04,158.16
ORD-2025-052455,2,PROD-009,2,61.97,111.57
ORD-2025-052455,3,PROD-015,1,26.76,24.61
ORD-2025-052456,1,PROD-029,1,24.79,23.99
ORD-2025-052457,1,PROD-007,1,17.18,16.8
ORD-2025-052457,2,PROD-001,3,12.9,37.99
ORD-2025-052457,3,PROD-016,2,8.9,17.49
ORD-2025-052458,1,PROD-042,1,73.24,68.11
ORD-2025-052459,1,PROD-010,2,38.03,62.1
ORD-2025-052459,2,PROD-043,2,107.04,192.48
ORD-2025-052459,3,PROD-012,1,18.5,16.48
ORD-2025-052460,1,PROD-008,3,9.9,19.98
ORD-2025-052461,1,PROD-043,1,107.04,106.34
ORD-2025-052462,1,PROD-004,2,20.28,39.75
ORD-2025-052463,1,PROD-009,1,61.97,50.59
ORD-2025-052464,1,PROD-009,1,61.97,61.25
ORD-2025-052465,1,PROD-033,1,52.11,41.14
ORD-2025-052465,2,PROD-058,1,39.44,17.75
ORD-2025-052466,1,PROD-012,1,18.5,15.24
ORD-2025-052466,2,PROD-043,1,107.04,102.2
ORD-2025-052466,3,PROD-026,1,14.65,13.51
ORD-2025-052467,1,PROD-009,1,61.97,59.37
ORD-2025-052468,1,PROD-042,1,73.24,69.24
ORD-2025-052468,2,PROD-010,1,38.03,31.38
ORD-2025-052469,1,PROD-043,2,107.04,200.14
ORD-2025-052470,1,PROD-009,1,61.97,60.38
ORD-2025-052470,2,PROD-043,1,107.04,106.38
ORD-2025-052471,1,PROD-007,3,17.18,48.49
ORD-2025-052471,2,PROD-008,2,9.9,16.37
ORD-2025-052472,1,PROD-005,1,20.28,19.62
ORD-2025-052473,1,PROD-018,1,50.7,49.58
ORD-2025-052474,1,PROD-032,3,19.72,57.19
ORD-2025-052474,2,PROD-004,2,20.28,39.66
ORD-2025-052475,1,PROD-006,3,32.39,63.28
ORD-2025-052476,1,PROD-007,2,17.18,29.88
ORD-2025-052476,2,PROD-018,1,50.7,42.68
ORD-2025-052477,1,PROD-036,2,11.55,22.07
ORD-2025-052478,1,PROD-010,2,38.03,73.5
ORD-2025-052479,1,PROD-009,1,61.97,52.54
ORD-2025-052479,2,PROD-023,1,7.89,6.08
ORD-2025-052480,1,PROD-016,1,8.9,8.85
ORD-2025-052481,1,PROD-001,1,12.9,10.95
ORD-2025-052482,1,PROD-031,1,53.52,49.27
ORD-2025-052483,1,PROD-009,1,61.97,56.62
ORD-2025-052484,1,PROD-004,1,20.28,19.58
ORD-2025-052485,1,PROD-018,3,50.7,74.53
ORD-2025-052485,2,PROD-034,3,9.01,22.46
ORD-2025-052486,1,PROD-058,1,39.44,39.24
ORD-2025-052487,1,PROD-009,1,61.97,60.17
ORD-2025-052488,1,PROD-009,1,61.97,54.04
ORD-2025-052489,1,PROD-054,1,59.15,47.65
ORD-2025-052490,1,PROD-039,2,8.17,15.55
ORD-2025-052491,1,PROD-009,1,61.97,60.54
ORD-2025-052492,1,PROD-023,2,7.89,9.55
ORD-2025-052492,2,PROD-004,1,20.28,9.85
ORD-2025-052493,1,PROD-010,1,38.03,34.98
ORD-2025-052494,1,PROD-018,3,50.7,125.28
ORD-2025-052494,2,PROD-026,1,14.65,12.14
ORD-2025-052495,1,PROD-009,1,61.97,57.46
ORD-2025-052496,1,PROD-043,1,107.04,89.9
ORD-2025-052496,2,PROD-018,1,50.7,37.85
ORD-2025-052497,1,PROD-019,1,29.58,23.58
ORD-2025-052497,2,PROD-002,3,11.9,30.57
ORD-2025-052498,1,PROD-034,1,9.01,4.08
ORD-2025-052499,1,PROD-014,2,9.9,13.97
ORD-2025-052499,2,PROD-004,1,20.28,18.99
ORD-2025-052500,1,PROD-056,1,101.41,74.34
ORD-2025-052501,1,PROD-009,2,61.97,77.02
ORD-2025-052501,2,PROD-023,1,7.89,5.98
ORD-2025-052502,1,PROD-018,1,50.7,44.45
ORD-2025-052503,1,PROD-041,2,11.83,23.23
ORD-2025-052503,2,PROD-009,2,61.97,107.36
ORD-2025-052504,1,PROD-018,1,50.7,43.01
ORD-2025-052505,1,PROD-009,2,61.97,97.69
ORD-2025-052506,1,PROD-005,1,20.28,18.27
ORD-2025-052507,1,PROD-018,1,50.7,39.14
ORD-2025-052508,1,PROD-050,1,61.97,55.75
ORD-2025-052508,2,PROD-010,2,38.03,68.42
ORD-2025-052509,1,PROD-006,2,32.39,52.77
ORD-2025-052509,2,PROD-009,1,61.97,60.02
ORD-2025-052510,1,PROD-023,2,7.89,15.04
ORD-2025-052511,1,PROD-055,1,74.65,33.59
ORD-2025-052512,1,PROD-010,1,38.03,37.08
ORD-2025-052513,1,PROD-030,2,49.3,78.18
ORD-2025-052514,1,PROD-042,3,73.24,186.59
ORD-2025-052515,1,PROD-043,3,107.04,308.72
ORD-2025-052515,2,PROD-006,2,32.39,59.71
ORD-2025-052516,1,PROD-018,1,50.7,43.87
ORD-2025-052517,1,PROD-007,1,17.18,16.35
ORD-2025-052518,1,PROD-031,1,53.52,52.0
ORD-2025-052519,1,PROD-031,2,53.52,93.34
ORD-2025-052520,1,PROD-020,1,10.14,9.77
ORD-2025-052520,2,PROD-056,1,101.41,90.35
ORD-2025-052521,1,PROD-009,1,61.97,58.16
ORD-2025-052522,1,PROD-047,1,108.45,97.59
ORD-2025-052523,1,PROD-009,2,61.97,112.15
ORD-2025-052524,1,PROD-010,1,38.03,37.05
ORD-2025-052525,1,PROD-009,1,61.97,50.03
ORD-2025-052526,1,PROD-004,1,20.28,15.77
ORD-2025-052527,1,PROD-043,1,107.04,100.63
ORD-2025-052528,1,PROD-004,1,20.28,18.17
ORD-2025-052529,1,PROD-004,1,20.28,17.32
ORD-2025-052529,2,PROD-020,2,10.14,18.87
ORD-2025-052529,3,PROD-050,1,61.97,55.52
ORD-2025-052530,1,PROD-019,2,29.58,57.8
ORD-2025-052530,2,PROD-039,2,8.17,15.72
ORD-2025-052530,3,PROD-003,1,14.37,13.7
ORD-2025-052530,4,PROD-002,2,11.9,22.17
ORD-2025-052531,1,PROD-037,1,9.86,9.41
ORD-2025-052532,1,PROD-011,3,14.9,33.69
ORD-2025-052533,1,PROD-008,1,9.9,9.15
ORD-2025-052533,2,PROD-005,2,20.28,32.42
ORD-2025-052533,3,PROD-043,4,107.04,396.05
ORD-2025-052534,1,PROD-004,1,20.28,18.08
ORD-2025-052534,2,PROD-009,1,61.97,58.98
ORD-2025-052535,1,PROD-021,1,15.49,13.81
ORD-2025-052536,1,PROD-009,1,61.97,54.95
ORD-2025-052536,2,PROD-008,1,9.9,9.27
ORD-2025-052537,1,PROD-018,1,50.7,33.19
ORD-2025-052538,1,PROD-006,1,32.39,32.02
ORD-2025-052539,1,PROD-043,3,107.04,299.06
ORD-2025-052539,2,PROD-009,2,61.97,119.39
ORD-2025-052540,1,PROD-009,1,61.97,52.1
ORD-2025-052541,1,PROD-043,2,107.04,166.53
ORD-2025-052542,1,PROD-037,1,9.86,9.35
ORD-2025-052542,2,PROD-010,1,38.03,32.73
ORD-2025-052542,3,PROD-034,1,9.01,8.52
ORD-2025-052543,1,PROD-035,3,10.14,28.33
ORD-2025-052543,2,PROD-001,1,12.9,12.06
ORD-2025-052544,1,PROD-009,1,61.97,60.21
ORD-2025-052544,2,PROD-028,2,17.18,28.58
ORD-2025-052544,3,PROD-040,1,15.21,13.6
ORD-2025-052545,1,PROD-009,1,61.97,50.51
ORD-2025-052545,2,PROD-056,1,101.41,90.16
ORD-2025-052546,1,PROD-009,2,61.97,117.26
ORD-2025-052546,2,PROD-004,1,20.28,20.16
ORD-2025-052547,1,PROD-006,2,32.39,38.0
ORD-2025-052548,1,PROD-054,1,59.15,51.18
ORD-2025-052549,1,PROD-009,1,61.97,57.89
ORD-2025-052549,2,PROD-043,3,107.04,315.73
ORD-2025-052550,1,PROD-042,2,73.24,114.37
ORD-2025-052551,1,PROD-009,1,61.97,57.87
ORD-2025-052552,1,PROD-009,2,61.97,118.15
ORD-2025-052553,1,PROD-010,3,38.03,112.0
ORD-2025-052553,2,PROD-055,1,74.65,71.11
ORD-2025-052554,1,PROD-043,2,107.04,206.2
ORD-2025-052555,1,PROD-005,1,20.28,14.76
ORD-2025-052555,2,PROD-043,2,107.04,195.73
ORD-2025-052556,1,PROD-005,1,20.28,20.1
ORD-2025-052557,1,PROD-043,1,107.04,48.17
ORD-2025-052558,1,PROD-042,1,73.24,53.88
ORD-2025-052559,1,PROD-035,2,10.14,18.77
ORD-2025-052559,2,PROD-004,1,20.28,20.14
ORD-2025-052560,1,PROD-043,2,107.04,187.94
ORD-2025-052560,2,PROD-009,1,61.97,56.85
ORD-2025-052561,1,PROD-005,1,20.28,17.1
ORD-2025-052561,2,PROD-034,1,9.01,8.26
ORD-2025-052562,1,PROD-043,1,107.04,100.87
ORD-2025-052562,2,PROD-013,1,11.9,10.31
ORD-2025-052563,1,PROD-027,1,21.13,19.66
ORD-2025-052564,1,PROD-013,2,11.9,16.91
ORD-2025-052564,2,PROD-021,1,15.49,6.97
ORD-2025-052565,1,PROD-004,1,20.28,19.62
ORD-2025-052566,1,PROD-026,2,14.65,28.56
ORD-2025-052566,2,PROD-018,3,50.7,149.97
ORD-2025-052567,1,PROD-002,1,11.9,10.3
ORD-2025-052567,2,PROD-009,1,61.97,55.8
ORD-2025-052567,3,PROD-048,1,55.77,49.99
ORD-2025-052568,1,PROD-002,1,11.9,11.26
ORD-2025-052569,1,PROD-007,1,17.18,15.82
ORD-2025-052569,2,PROD-012,1,18.5,13.23
ORD-2025-052570,1,PROD-009,2,61.97,114.61
ORD-2025-052571,1,PROD-020,1,10.14,9.7
ORD-2025-052571,2,PROD-043,2,107.04,207.34
ORD-2025-052572,1,PROD-003,2,14.37,21.51
ORD-2025-052573,1,PROD-042,2,73.24,142.91
ORD-2025-052573,2,PROD-004,2,20.28,38.09
ORD-2025-052574,1,PROD-009,2,61.97,104.74
ORD-2025-052574,2,PROD-043,2,107.04,166.28
ORD-2025-052574,3,PROD-014,1,9.9,8.48
ORD-2025-052575,1,PROD-018,1,50.7,45.85
ORD-2025-052576,1,PROD-009,1,61.97,51.74
ORD-2025-052576,2,PROD-039,1,8.17,7.62
ORD-2025-052576,3,PROD-006,1,32.39,25.38
ORD-2025-052576,4,PROD-004,1,20.28,16.38
ORD-2025-052577,1,PROD-017,1,12.5,5.62
ORD-2025-052578,1,PROD-043,1,107.04,87.86
ORD-2025-052578,2,PROD-042,1,73.24,69.4
ORD-2025-052579,1,PROD-043,1,107.04,102.63
ORD-2025-052580,1,PROD-004,1,20.28,13.18
ORD-2025-052581,1,PROD-009,3,61.97,83.66
ORD-2025-052582,1,PROD-001,1,12.9,12.43
ORD-2025-052583,1,PROD-013,1,11.9,11.38
ORD-2025-052583,2,PROD-006,1,32.39,31.61
ORD-2025-052584,1,PROD-007,2,17.18,30.66
ORD-2025-052585,1,PROD-024,1,8.73,7.32
ORD-2025-052585,2,PROD-009,1,61.97,51.52
ORD-2025-052586,1,PROD-009,2,61.97,111.04
ORD-2025-052586,2,PROD-030,1,49.3,45.82
ORD-2025-052586,3,PROD-041,1,11.83,10.26
ORD-2025-052587,1,PROD-009,1,61.97,56.06
ORD-2025-052587,2,PROD-023,2,7.89,13.77
ORD-2025-052588,1,PROD-001,1,12.9,12.27
ORD-2025-052589,1,PROD-030,1,49.3,30.58
ORD-2025-052589,2,PROD-002,1,11.9,6.17
ORD-2025-052590,1,PROD-010,1,38.03,19.01
ORD-2025-052591,1,PROD-032,2,19.72,38.84
ORD-2025-052592,1,PROD-054,1,59.15,26.62
ORD-2025-052593,1,PROD-043,1,107.04,85.56
ORD-2025-052593,2,PROD-042,1,73.24,38.55
ORD-2025-052594,1,PROD-009,1,61.97,59.04
ORD-2025-052595,1,PROD-029,2,24.79,22.31
ORD-2025-052596,1,PROD-004,1,20.28,19.46
ORD-2025-052597,1,PROD-007,1,17.18,16.82
ORD-2025-052597,2,PROD-018,1,50.7,49.13
ORD-2025-052597,3,PROD-022,1,9.01,8.76
ORD-2025-052598,1,PROD-043,3,107.04,306.09
ORD-2025-052599,1,PROD-018,1,50.7,45.75
ORD-2025-052600,1,PROD-043,1,107.04,87.31
ORD-2025-052600,2,PROD-054,1,59.15,32.16
ORD-2025-052601,1,PROD-009,3,61.97,171.95
ORD-2025-052602,1,PROD-009,1,61.97,60.7
ORD-2025-052603,1,PROD-002,1,11.9,10.51
ORD-2025-052604,1,PROD-009,2,61.97,102.71
ORD-2025-052605,1,PROD-020,2,10.14,16.31
ORD-2025-052605,2,PROD-009,1,61.97,53.06
ORD-2025-052606,1,PROD-042,3,73.24,199.31
ORD-2025-052606,2,PROD-007,1,17.18,16.07
ORD-2025-052606,3,PROD-001,2,12.9,23.67
ORD-2025-052606,4,PROD-043,1,107.04,88.14
ORD-2025-052607,1,PROD-009,1,61.97,60.92
ORD-2025-052607,2,PROD-010,2,38.03,73.82
ORD-2025-052607,3,PROD-034,3,9.01,26.68
ORD-2025-052608,1,PROD-008,1,9.9,7.51
ORD-2025-052608,2,PROD-018,1,50.7,27.17
ORD-2025-052608,3,PROD-043,1,107.04,100.07
ORD-2025-052609,1,PROD-019,1,29.58,16.94
ORD-2025-052610,1,PROD-042,1,73.24,72.41
ORD-2025-052611,1,PROD-005,1,20.28,13.75
ORD-2025-052612,1,PROD-028,2,17.18,33.9
ORD-2025-052613,1,PROD-005,3,20.28,57.43
ORD-2025-052614,1,PROD-010,1,38.03,36.09
ORD-2025-052614,2,PROD-035,4,10.14,36.47
ORD-2025-052614,3,PROD-009,1,61.97,59.69
ORD-2025-052615,1,PROD-004,1,20.28,18.17
ORD-2025-052615,2,PROD-009,2,61.97,116.21
ORD-2025-052616,1,PROD-026,1,14.65,10.66
ORD-2025-052617,1,PROD-004,1,20.28,19.46
ORD-2025-052617,2,PROD-043,1,107.04,102.69
ORD-2025-052617,3,PROD-003,2,14.37,24.89
ORD-2025-052618,1,PROD-030,1,49.3,41.0
ORD-2025-052619,1,PROD-009,1,61.97,27.89
ORD-2025-052619,2,PROD-018,2,50.7,77.35
ORD-2025-052620,1,PROD-045,1,72.68,66.6
ORD-2025-052621,1,PROD-009,1,61.97,51.05
ORD-2025-052622,1,PROD-009,2,61.97,117.94
ORD-2025-052623,1,PROD-043,2,107.04,204.57
ORD-2025-052623,2,PROD-017,3,12.5,37.21
ORD-2025-052624,1,PROD-006,3,32.39,87.79
ORD-2025-052625,1,PROD-043,1,107.04,68.71
ORD-2025-052625,2,PROD-015,3,26.76,36.13
ORD-2025-052626,1,PROD-041,2,11.83,16.47
ORD-2025-052627,1,PROD-009,3,61.97,166.3
ORD-2025-052627,2,PROD-022,1,9.01,8.39
ORD-2025-052627,3,PROD-004,1,20.28,18.25
ORD-2025-052628,1,PROD-025,1,21.97,21.59
ORD-2025-052629,1,PROD-043,1,107.04,105.61
ORD-2025-052630,1,PROD-001,1,12.9,11.75
ORD-2025-052630,2,PROD-018,1,50.7,45.26
ORD-2025-052631,1,PROD-038,3,7.89,22.08
ORD-2025-052632,1,PROD-043,4,107.04,306.73
ORD-2025-052633,1,PROD-010,2,38.03,72.46
ORD-2025-052634,1,PROD-056,1,101.41,87.22
ORD-2025-052635,1,PROD-009,1,61.97,57.66
ORD-2025-052636,1,PROD-043,2,107.04,198.75
ORD-2025-052636,2,PROD-040,2,15.21,29.17
ORD-2025-052637,1,PROD-016,1,8.9,7.59
ORD-2025-052638,1,PROD-043,2,107.04,209.41
ORD-2025-052639,1,PROD-043,2,107.04,207.21
ORD-2025-052640,1,PROD-023,2,7.89,14.37
ORD-2025-052641,1,PROD-043,1,107.04,101.81
ORD-2025-052642,1,PROD-018,2,50.7,90.44
ORD-2025-052643,1,PROD-005,1,20.28,19.94
ORD-2025-052643,2,PROD-041,1,11.83,11.52
ORD-2025-052644,1,PROD-043,2,107.04,173.43
ORD-2025-052644,2,PROD-039,2,8.17,15.25
ORD-2025-052645,1,PROD-018,2,50.7,87.88
ORD-2025-052645,2,PROD-003,2,14.37,27.76
ORD-2025-052646,1,PROD-018,2,50.7,96.64
ORD-2025-052646,2,PROD-009,1,61.97,60.04
ORD-2025-052647,1,PROD-001,2,12.9,24.2
ORD-2025-052648,1,PROD-004,1,20.28,19.52
ORD-2025-052649,1,PROD-009,1,61.97,59.56
ORD-2025-052650,1,PROD-009,1,61.97,57.53
ORD-2025-052650,2,PROD-010,3,38.03,111.58
ORD-2025-052650,3,PROD-006,2,32.39,64.27
ORD-2025-052651,1,PROD-038,1,7.89,6.45
ORD-2025-052651,2,PROD-022,1,9.01,8.32
ORD-2025-052652,1,PROD-005,1,20.28,19.1
ORD-2025-052653,1,PROD-024,1,8.73,7.73
ORD-2025-052653,2,PROD-014,1,9.9,9.54
ORD-2025-052653,3,PROD-008,1,9.9,8.41
ORD-2025-052654,1,PROD-025,2,21.97,32.32
ORD-2025-052655,1,PROD-001,1,12.9,10.76
ORD-2025-052655,2,PROD-010,1,38.03,30.9
ORD-2025-052656,1,PROD-043,2,107.04,124.87
ORD-2025-052657,1,PROD-043,2,107.04,107.02
ORD-2025-052657,2,PROD-058,1,39.44,22.53
ORD-2025-052658,1,PROD-005,1,20.28,19.83
ORD-2025-052658,2,PROD-008,1,9.9,9.35
ORD-2025-052659,1,PROD-029,1,24.79,23.78
ORD-2025-052660,1,PROD-009,2,61.97,119.04
ORD-2025-052661,1,PROD-009,1,61.97,61.52
ORD-2025-052662,1,PROD-043,1,107.04,97.88
ORD-2025-052663,1,PROD-047,1,108.45,48.8
ORD-2025-052663,2,PROD-054,1,59.15,31.66
ORD-2025-052664,1,PROD-043,3,107.04,254.13
ORD-2025-052665,1,PROD-024,1,8.73,8.17
ORD-2025-052666,1,PROD-038,1,7.89,6.26
ORD-2025-052667,1,PROD-027,1,21.13,17.64
ORD-2025-052668,1,PROD-054,1,59.15,44.49
ORD-2025-052669,1,PROD-018,1,50.7,43.29
ORD-2025-052670,1,PROD-028,1,17.18,14.96
ORD-2025-052671,1,PROD-009,2,61.97,118.96
ORD-2025-052672,1,PROD-026,1,14.65,14.2
ORD-2025-052672,2,PROD-012,1,18.5,18.09
ORD-2025-052673,1,PROD-010,3,38.03,107.77
ORD-2025-052674,1,PROD-043,1,107.04,90.76
ORD-2025-052675,1,PROD-010,3,38.03,109.21
ORD-2025-052675,2,PROD-001,1,12.9,12.7
ORD-2025-052675,3,PROD-037,1,9.86,9.75
ORD-2025-052676,1,PROD-003,1,14.37,13.93
ORD-2025-052676,2,PROD-009,3,61.97,140.29
ORD-2025-052677,1,PROD-010,1,38.03,36.26
ORD-2025-052677,2,PROD-009,1,61.97,59.37
ORD-2025-052678,1,PROD-011,1,14.9,9.73
ORD-2025-052678,2,PROD-044,1,40.85,23.97
ORD-2025-052679,1,PROD-004,1,20.28,19.34
ORD-2025-052679,2,PROD-043,2,107.04,211.9
ORD-2025-052679,3,PROD-006,3,32.39,95.06
ORD-2025-052680,1,PROD-009,1,61.97,57.81
ORD-2025-052680,2,PROD-002,2,11.9,23.61
ORD-2025-052681,1,PROD-055,1,74.65,58.28
ORD-2025-052682,1,PROD-043,2,107.04,173.94
ORD-2025-052682,2,PROD-040,4,15.21,28.86
ORD-2025-052683,1,PROD-043,1,107.04,76.83
ORD-2025-052684,1,PROD-042,3,73.24,198.56
ORD-2025-052684,2,PROD-035,2,10.14,18.86
ORD-2025-052685,1,PROD-003,1,14.37,14.31
ORD-2025-052686,1,PROD-031,1,53.52,48.49
ORD-2025-052687,1,PROD-041,2,11.83,23.28
ORD-2025-052687,2,PROD-009,1,61.97,61.19
ORD-2025-052688,1,PROD-009,1,61.97,56.27
ORD-2025-052689,1,PROD-010,2,38.03,72.63
ORD-2025-052690,1,PROD-004,1,20.28,17.04
ORD-2025-052690,2,PROD-009,2,61.97,104.79
ORD-2025-052691,1,PROD-001,2,12.9,17.74
ORD-2025-052691,2,PROD-018,2,50.7,81.17
ORD-2025-052691,3,PROD-029,1,24.79,17.6
ORD-2025-052692,1,PROD-018,3,50.7,123.81
ORD-2025-052693,1,PROD-010,1,38.03,31.54
ORD-2025-052694,1,PROD-002,1,11.9,10.76
ORD-2025-052694,2,PROD-043,1,107.04,87.68
ORD-2025-052695,1,PROD-007,2,17.18,33.35
ORD-2025-052695,2,PROD-038,1,7.89,7.47
ORD-2025-052696,1,PROD-030,1,49.3,46.44
ORD-2025-052697,1,PROD-004,2,20.28,37.62
ORD-2025-052697,2,PROD-023,2,7.89,12.91
ORD-2025-052698,1,PROD-018,2,50.7,100.2
ORD-2025-052699,1,PROD-031,2,53.52,81.94
ORD-2025-052700,1,PROD-043,1,107.04,101.91
ORD-2025-052701,1,PROD-041,1,11.83,10.11
ORD-2025-052702,1,PROD-056,1,101.41,94.26
ORD-2025-052703,1,PROD-006,1,32.39,30.15
ORD-2025-052703,2,PROD-009,1,61.97,58.7
ORD-2025-052703,3,PROD-054,1,59.15,54.23
ORD-2025-052704,1,PROD-009,2,61.97,106.5
ORD-2025-052704,2,PROD-003,2,14.37,22.12
ORD-2025-052704,3,PROD-018,2,50.7,68.08
ORD-2025-052705,1,PROD-001,1,12.9,11.14
ORD-2025-052706,1,PROD-009,1,61.97,41.77
ORD-2025-052707,1,PROD-054,1,59.15,37.03
ORD-2025-052708,1,PROD-009,3,61.97,177.9
ORD-2025-052708,2,PROD-035,2,10.14,19.94
ORD-2025-052709,1,PROD-009,2,61.97,120.78
ORD-2025-052710,1,PROD-009,2,61.97,103.66
ORD-2025-052710,2,PROD-043,2,107.04,179.38
ORD-2025-052711,1,PROD-018,2,50.7,95.19
ORD-2025-052711,2,PROD-009,1,61.97,61.62
ORD-2025-052712,1,PROD-044,1,40.85,37.82
ORD-2025-052712,2,PROD-009,1,61.97,61.11
ORD-2025-052713,1,PROD-010,3,38.03,103.94
ORD-2025-052714,1,PROD-043,2,107.04,189.78
ORD-2025-052715,1,PROD-013,1,11.9,11.74
ORD-2025-052715,2,PROD-041,1,11.83,9.58
ORD-2025-052716,1,PROD-018,1,50.7,41.58
ORD-2025-052716,2,PROD-009,1,61.97,54.39
ORD-2025-052717,1,PROD-011,2,14.9,25.04
ORD-2025-052718,1,PROD-004,3,20.28,52.38
ORD-2025-052719,1,PROD-004,1,20.28,18.25
ORD-2025-052720,1,PROD-055,1,74.65,60.06
ORD-2025-052721,1,PROD-005,1,20.28,14.15
ORD-2025-052721,2,PROD-043,1,107.04,52.54
ORD-2025-052722,1,PROD-007,1,17.18,16.08
ORD-2025-052723,1,PROD-047,1,108.45,105.03
ORD-2025-052723,2,PROD-003,1,14.37,14.16
ORD-2025-052724,1,PROD-021,1,15.49,9.35
ORD-2025-052725,1,PROD-034,1,9.01,7.14
ORD-2025-052726,1,PROD-009,2,61.97,120.59
ORD-2025-052726,2,PROD-038,1,7.89,7.63
ORD-2025-052726,3,PROD-035,1,10.14,9.61
ORD-2025-052727,1,PROD-009,2,61.97,121.8
ORD-2025-052727,2,PROD-035,1,10.14,9.53
ORD-2025-052728,1,PROD-040,1,15.21,14.87
ORD-2025-052729,1,PROD-048,1,55.77,33.4
ORD-2025-052729,2,PROD-038,2,7.89,7.1
ORD-2025-052730,1,PROD-005,1,20.28,19.03
ORD-2025-052730,2,PROD-019,1,29.58,27.51
ORD-2025-052731,1,PROD-012,2,18.5,31.03
ORD-2025-052732,1,PROD-049,1,80.28,73.83
ORD-2025-052733,1,PROD-010,1,38.03,31.75
ORD-2025-052733,2,PROD-043,3,107.04,200.19
ORD-2025-052733,3,PROD-054,1,59.15,47.8
ORD-2025-052734,1,PROD-006,2,32.39,60.88
ORD-2025-052735,1,PROD-012,1,18.5,17.62
ORD-2025-052735,2,PROD-003,1,14.37,13.43
ORD-2025-052736,1,PROD-043,1,107.04,91.27
ORD-2025-052736,2,PROD-010,2,38.03,72.23
ORD-2025-052737,1,PROD-005,1,20.28,19.56
ORD-2025-052737,2,PROD-018,1,50.7,48.75
ORD-2025-052737,3,PROD-034,4,9.01,32.99
ORD-2025-052737,4,PROD-002,2,11.9,23.59
ORD-2025-052737,5,PROD-009,2,61.97,112.44
ORD-2025-052738,1,PROD-009,2,61.97,115.69
ORD-2025-052739,1,PROD-018,1,50.7,47.24
ORD-2025-052739,2,PROD-037,1,9.86,9.73
ORD-2025-052739,3,PROD-006,3,32.39,93.17
ORD-2025-052740,1,PROD-005,3,20.28,50.14
ORD-2025-052741,1,PROD-037,1,9.86,9.08
ORD-2025-052742,1,PROD-009,1,61.97,56.71
ORD-2025-052743,1,PROD-009,1,61.97,55.68
ORD-2025-052744,1,PROD-030,2,49.3,82.74
ORD-2025-052745,1,PROD-009,2,61.97,121.4
ORD-2025-052745,2,PROD-047,1,108.45,102.6
ORD-2025-052745,3,PROD-030,2,49.3,97.59
ORD-2025-052745,4,PROD-043,3,107.04,310.46
ORD-2025-052745,5,PROD-034,3,9.01,25.93
ORD-2025-052746,1,PROD-030,1,49.3,49.03
ORD-2025-052746,2,PROD-043,2,107.04,204.32
ORD-2025-052747,1,PROD-004,1,20.28,18.96
ORD-2025-052748,1,PROD-039,2,8.17,14.81
ORD-2025-052748,2,PROD-009,1,61.97,55.25
ORD-2025-052748,3,PROD-043,1,107.04,98.12
ORD-2025-052749,1,PROD-009,1,61.97,61.35
ORD-2025-052750,1,PROD-009,3,61.97,167.39
ORD-2025-052751,1,PROD-017,2,12.5,19.64
ORD-2025-052752,1,PROD-043,1,107.04,49.5
ORD-2025-052752,2,PROD-001,1,12.9,10.46
ORD-2025-052753,1,PROD-043,1,107.04,104.96
ORD-2025-052753,2,PROD-004,2,20.28,37.87
ORD-2025-052753,3,PROD-042,2,73.24,140.94
ORD-2025-052753,4,PROD-006,1,32.39,31.1
ORD-2025-052754,1,PROD-009,2,61.97,119.07
ORD-2025-052754,2,PROD-019,1,29.58,27.68
ORD-2025-052755,1,PROD-010,2,38.03,67.7
ORD-2025-052755,2,PROD-008,3,9.9,25.04
ORD-2025-052756,1,PROD-006,2,32.39,63.46
ORD-2025-052757,1,PROD-010,2,38.03,71.48
ORD-2025-052758,1,PROD-009,1,61.97,56.18
ORD-2025-052758,2,PROD-036,2,11.55,21.51
ORD-2025-052758,3,PROD-007,1,17.18,17.13
ORD-2025-052759,1,PROD-010,1,38.03,34.68
ORD-2025-052760,1,PROD-009,2,61.97,85.89
ORD-2025-052761,1,PROD-033,1,52.11,50.86
ORD-2025-052762,1, PROD-009 ,1,61.97,60.79
ORD-2025-052763,1,PROD-009,2,61.97,118.35
ORD-2025-052763,2,PROD-018,1,50.7,46.24
ORD-2025-052763,3,PROD-010,1,38.03,34.68
ORD-2025-052764,1,PROD-043,2,107.04,198.39
ORD-2025-052764,2,PROD-042,2,73.24,135.01
ORD-2025-052765,1,PROD-004,2,20.28,26.43
ORD-2025-052766,1,PROD-009,1,61.97,52.64
ORD-2025-052767,1,PROD-043,1,107.04,97.03
ORD-2025-052768,1,PROD-005,1,20.28,19.42
ORD-2025-052768,2,PROD-009,2,61.97,98.22
ORD-2025-052768,3,PROD-040,1,15.21,14.07
ORD-2025-052769,1,PROD-042,3,73.24,203.75
ORD-2025-052769,2,PROD-004,1,20.28,19.53
ORD-2025-052770,1,PROD-010,1,38.03,26.49
ORD-2025-052770,2,PROD-019,1,29.58,14.01
ORD-2025-052771,1,PROD-010,3,38.03,107.06
ORD-2025-052771,2,PROD-026,2,14.65,27.77
ORD-2025-052771,3,PROD-031,1,53.52,48.47
ORD-2025-052771,4,PROD-043,1,107.04,103.67
ORD-2025-052772,1,PROD-010,1,38.03,34.49
ORD-2025-052773,1,PROD-026,1,14.65,11.42
ORD-2025-052773,2,PROD-004,3,20.28,60.51
ORD-2025-052773,3,PROD-057,1,521.13,489.55
ORD-2025-052773,4,PROD-006,1,32.39,31.55
ORD-2025-052774,1,PROD-031,1,53.52,33.28
ORD-2025-052774,2,PROD-054,1,59.15,43.78
ORD-2025-052775,1,PROD-059,1,52.11,47.94
ORD-2025-052776,1,PROD-009,1,61.97,59.03
ORD-2025-052777,1,PROD-018,1,50.7,48.37
ORD-2025-052777,2,PROD-031,1,53.52,51.87
ORD-2025-052778,1,PROD-009,1,61.97,57.08
ORD-2025-052779,1,PROD-041,2,11.83,21.83
ORD-2025-052780,1,PROD-010,1,38.03,36.31
ORD-2025-052781,1,PROD-009,1,61.97,58.32
ORD-2025-052781,2,PROD-038,1,7.89,7.67
ORD-2025-052782,1,PROD-009,3,61.97,182.92
ORD-2025-052782,2,PROD-027,1,21.13,20.45
ORD-2025-052783,1,PROD-009,1,61.97,58.31
ORD-2025-052783,2,PROD-010,1,38.03,34.65
ORD-2025-052783,3,PROD-041,2,11.83,23.42
ORD-2025-052784,1,PROD-003,1,14.37,13.55
ORD-2025-052785,1,PROD-035,1,10.14,6.96
ORD-2025-052786,1,PROD-042,2,73.24,125.78
ORD-2025-052787,1,PROD-027,2,21.13,25.89
ORD-2025-052788,1,PROD-031,1,53.52,30.29
ORD-2025-052789,1,PROD-027,1,21.13,19.76
ORD-2025-052789,2,PROD-006,3,32.39,68.33
ORD-2025-052789,3,PROD-018,1,50.7,45.56
ORD-2025-052790,1,PROD-030,1,49.3,48.75
ORD-2025-052791,1,PROD-038,1,7.89,6.85
ORD-2025-052791,2,PROD-009,1,61.97,61.39
ORD-2025-052792,1,PROD-009,1,61.97,59.23
ORD-2025-052793,1,PROD-009,2,61.97,112.8
ORD-2025-052793,2,PROD-043,1,107.04,98.21
ORD-2025-052793,3,PROD-050,1,61.97,47.33
ORD-2025-052794,1,PROD-015,2,26.76,51.71
ORD-2025-052795,1,PROD-018,3,50.7,136.6
ORD-2025-052795,2,PROD-049,1,80.28,78.63
ORD-2025-052796,1,PROD-003,1,14.37,14.18
ORD-2025-052797,1,PROD-021,1,15.49,14.58
ORD-2025-052798,1,PROD-003,1,14.37,14.12
ORD-2025-052799,1,PROD-043,1,107.04,98.88
ORD-2025-052799,2,PROD-019,1,29.58,25.33
ORD-2025-052800,1,PROD-019,1,29.58,19.78
ORD-2025-052801,1,PROD-010,2,38.03,50.38
ORD-2025-052801,2,PROD-009,1,61.97,54.19
ORD-2025-052801,3,PROD-043,1,107.04,96.06
ORD-2025-052802,1,PROD-002,1,11.9,11.19
ORD-2025-052803,1,PROD-040,2,15.21,29.81
ORD-2025-052803,2,PROD-009,2,61.97,116.81
ORD-2025-052804,1,PROD-030,2,49.3,66.68
ORD-2025-052805,1,PROD-010,1,38.03,31.95
ORD-2025-052805,2,PROD-043,1,107.04,104.93
ORD-2025-052806,1,PROD-011,3,14.9,43.85
ORD-2025-052806,2,PROD-003,1,14.37,13.61
ORD-2025-052807,1,PROD-018,2,50.7,91.38
ORD-2025-052808,1,PROD-009,1,61.97,61.36
ORD-2025-052808,2,PROD-030,2,49.3,97.29
ORD-2025-052809,1,PROD-014,1,9.9,7.36
ORD-2025-052810,1,PROD-041,3,11.83,34.04
ORD-2025-052810,2,PROD-043,1,107.04,104.59
ORD-2025-052811,1,PROD-017,1,12.5,10.18
ORD-2025-052811,2,PROD-010,1,38.03,29.8
ORD-2025-052812,1,PROD-004,3,20.28,56.56
ORD-2025-052813,1,PROD-018,3,50.7,147.66
ORD-2025-052813,2,PROD-045,1,72.68,70.59
ORD-2025-052814,1,PROD-015,1,26.76,24.62
ORD-2025-052815,1,PROD-009,1,61.97,58.61
ORD-2025-052816,1,PROD-010,2,38.03,73.92
ORD-2025-052816,2,PROD-009,2,61.97,122.2
ORD-2025-052816,3,PROD-034,1,9.01,8.99
ORD-2025-052817,1,PROD-031,1,53.52,35.64
ORD-2025-052817,2,PROD-009,1,61.97,57.46
ORD-2025-052817,3,PROD-006,1,32.39,28.02
ORD-2025-052817,4,PROD-043,1,107.04,84.35
ORD-2025-052817,5,PROD-023,1,7.89,6.86
ORD-2025-052818,1,PROD-028,1,17.18,11.2
ORD-2025-052818,2,PROD-043,1,107.04,102.32
ORD-2025-052818,3,PROD-018,1,50.7,44.15
ORD-2025-052819,1,PROD-004,2,20.28,40.19
ORD-2025-052820,1,PROD-043,1,107.04,100.64
ORD-2025-052821,1,PROD-043,1,107.04,103.88
ORD-2025-052822,1,PROD-009,2,61.97,119.78
ORD-2025-052823,1,PROD-033,1,52.11,23.45
ORD-2025-052824,1,PROD-018,2,50.7,87.33
ORD-2025-052825,1,PROD-043,2,107.04,202.5
ORD-2025-052826,1,PROD-050,1,61.97,60.94
ORD-2025-052827,1,PROD-042,1,73.24,68.77
ORD-2025-052828,1,PROD-056,1,101.41,98.37
ORD-2025-052829,1,PROD-004,1,20.28,13.68
ORD-2025-052830,1,PROD-055,1,74.65,69.96
ORD-2025-052831,1,PROD-002,1,11.9,11.4
ORD-2025-052832,1,PROD-009,1,61.97,53.05
ORD-2025-052832,2,PROD-003,2,14.37,27.61
ORD-2025-052833,1,PROD-009,1,61.97,50.53
ORD-2025-052834,1,PROD-021,2,15.49,28.46
ORD-2025-052835,1,PROD-002,1,11.9,11.16
ORD-2025-052836,1,PROD-036,3,11.55,28.49
ORD-2025-052836,2,PROD-002,1,11.9,9.99
ORD-2025-052836,3,PROD-035,1,10.14,9.91
ORD-2025-052837,1,PROD-002,1,11.9,11.72
ORD-2025-052838,1,PROD-010,1,38.03,34.85
ORD-2025-052839,1,PROD-009,1,61.97,61.44
ORD-2025-052839,2,PROD-043,4,107.04,409.83
ORD-2025-052840,1,PROD-043,2,107.04,191.67
ORD-2025-052840,2,PROD-029,1,24.79,23.23
ORD-2025-052840,3,PROD-009,3,61.97,132.37
ORD-2025-052841,1,PROD-006,1,32.39,30.61
ORD-2025-052841,2,PROD-009,1,61.97,58.52
ORD-2025-052842,1,PROD-003,1,14.37,9.94
ORD-2025-052843,1,PROD-056,1,101.41,79.28
ORD-2025-052843,2,PROD-032,1,19.72,19.69
ORD-2025-052844,1,PROD-058,1,39.44,29.07
ORD-2025-052845,1,PROD-009,2,61.97,90.19
ORD-2025-052845,2,PROD-043,2,107.04,96.34
ORD-2025-052846,1,PROD-001,3,12.9,37.09
ORD-2025-052847,1,PROD-009,3,61.97,145.72
ORD-2025-052848,1,PROD-009,3,61.97,172.02
ORD-2025-052849,1,PROD-001,1,12.9,12.61
ORD-2025-052849,2,PROD-005,1,20.28,19.15
ORD-2025-052850,1,PROD-010,1,38.03,32.97
ORD-2025-052851,1,PROD-019,1,29.58,27.12
ORD-2025-052851,2,PROD-001,1,12.9,11.65
ORD-2025-052852,1,PROD-018,2,50.7,95.33
ORD-2025-052853,1,PROD-031,1,53.52,42.87
ORD-2025-052854,1,PROD-001,1,12.9,12.72
ORD-2025-052854,2,PROD-009,1,61.97,57.66
ORD-2025-052855,1,PROD-045,1,72.68,46.26
ORD-2025-052856,1,PROD-019,2,29.58,57.86
ORD-2025-052857,1,PROD-032,1,19.72,19.57
ORD-2025-052858,1,PROD-009,1,61.97,57.23
ORD-2025-052859,1,PROD-003,1,14.37,14.32
ORD-2025-052859,2,PROD-018,1,50.7,43.49
ORD-2025-052860,1,PROD-032,1,19.72,16.31
ORD-2025-052861,1,PROD-009,2,61.97,120.09
ORD-2025-052861,2,PROD-043,1,107.04,106.29
ORD-2025-052861,3,PROD-005,1,20.28,19.82
ORD-2025-052862,1,PROD-031,1,53.52,24.08
ORD-2025-052862,2,PROD-036,1,11.55,10.71
ORD-2025-052863,1,PROD-053,1,53.52,52.9
ORD-2025-052864,1,PROD-009,3,61.97,158.97
ORD-2025-052865,1,PROD-004,1,20.28,13.92
ORD-2025-052866,1,PROD-043,1,107.04,99.18
ORD-2025-052867,1,PROD-020,2,10.14,15.66
ORD-2025-052867,2,PROD-009,2,61.97,122.61
ORD-2025-052868,1,PROD-009,1,61.97,60.48
ORD-2025-052868,2,PROD-049,1,80.28,74.52
ORD-2025-052868,3,PROD-041,1,11.83,10.64
ORD-2025-052869,1,PROD-010,2,38.03,67.64
ORD-2025-052870,1,PROD-009,1,61.97,59.21
ORD-2025-052871,1,PROD-009,2,61.97,120.93
ORD-2025-052871,2,PROD-043,1,107.04,104.0
ORD-2025-052872,1,PROD-009,1,61.97,55.64
ORD-2025-052872,2,PROD-022,2,9.01,16.5
ORD-2025-052872,3,PROD-037,1,9.86,8.48
ORD-2025-052872,4,PROD-019,1,29.58,27.63
ORD-2025-052872,5,PROD-002,1,11.9,11.16
ORD-2025-052873,1,PROD-018,1,50.7,42.71
ORD-2025-052873,2,PROD-029,1,24.79,13.14
ORD-2025-052874,1,PROD-043,1,107.04,100.47
ORD-2025-052875,1,PROD-002,1,11.9,11.39
ORD-2025-052876,1,PROD-004,1,20.28,18.25
ORD-2025-052877,1,PROD-009,2,61.97,108.63
ORD-2025-052877,2,PROD-055,1,74.65,44.63
ORD-2025-052878,1,PROD-001,2,12.9,23.4
ORD-2025-052878,2,PROD-035,1,10.14,9.78
ORD-2025-052879,1,PROD-014,1,9.9,6.82
ORD-2025-052880,1,PROD-018,1,50.7,39.35
ORD-2025-052881,1,PROD-056,1,101.41,87.77
ORD-2025-052881,2,PROD-003,1,14.37,13.45
ORD-2025-052882,1,PROD-055,1,74.65,59.99
ORD-2025-052882,2,PROD-009,1,61.97,29.16
ORD-2025-052883,1,PROD-054,1,59.15,45.14
ORD-2025-052884,1,PROD-054,1,59.15,32.36
ORD-2025-052884,2,PROD-058,1,39.44,33.36
ORD-2025-052885,1,PROD-009,2,61.97,122.64
ORD-2025-052886,1,PROD-043,1,107.04,101.27
ORD-2025-052887,1,PROD-009,2,61.97,115.87
ORD-2025-052887,2,PROD-032,3,19.72,55.67
ORD-2025-052888,1,PROD-009,1,61.97,57.54
ORD-2025-052889,1,PROD-019,1,29.58,27.91
ORD-2025-052889,2,PROD-009,1,61.97,57.09
ORD-2025-052889,3,PROD-043,3,107.04,311.55
ORD-2025-052890,1,PROD-009,1,61.97,54.7
ORD-2025-052891,1,PROD-002,2,11.9,21.17
ORD-2025-052892,1,PROD-003,1,14.37,12.57
ORD-2025-052892,2,PROD-009,1,61.97,52.27
ORD-2025-052893,1,PROD-011,2,14.9,28.85
ORD-2025-052894,1,PROD-057,1,521.13,496.32
ORD-2025-052895,1,PROD-008,1,9.9,9.75
ORD-2025-052895,2,PROD-043,2,107.04,210.01
ORD-2025-052896,1,PROD-030,1,49.3,46.81
ORD-2025-052897,1,PROD-043,2,107.04,168.42
ORD-2025-052897,2,PROD-048,1,55.77,52.26
ORD-2025-052897,3,PROD-030,1,49.3,48.25
ORD-2025-052897,4,PROD-042,1,73.24,58.7
ORD-2025-052898,1,PROD-048,1,55.77,54.1
ORD-2025-052898,2,PROD-009,1,61.97,58.03
ORD-2025-052899,1,PROD-058,1,39.44,29.75
ORD-2025-052900,1,PROD-042,2,73.24,122.46
ORD-2025-052901,1,PROD-043,1,107.04,83.16
ORD-2025-052902,1,PROD-043,3,107.04,320.45
ORD-2025-052902,2,PROD-025,1,21.97,21.24
ORD-2025-052903,1,PROD-004,1,20.28,19.25
ORD-2025-052903,2,PROD-007,3,17.18,51.34
ORD-2025-052904,1,PROD-043,1,107.04,105.2
ORD-2025-052905,1,PROD-032,1,19.72,19.45
ORD-2025-052905,2,PROD-002,1,11.9,10.45
ORD-2025-052906,1,PROD-031,2,53.52,101.35
ORD-2025-052907,1,PROD-013,2,11.9,22.16
ORD-2025-052907,2,PROD-009,1,61.97,57.58
ORD-2025-052908,1,PROD-004,2,20.28,39.77
ORD-2025-052908,2,PROD-055,1,74.65,48.46
ORD-2025-052908,3,PROD-005,3,20.28,59.37
ORD-2025-052908,4,PROD-040,4,15.21,53.13
ORD-2025-052908,5,PROD-035,1,10.14,9.27
ORD-2025-052909,1,PROD-043,2,107.04,212.95
ORD-2025-052909,2,PROD-011,1,14.9,14.47
ORD-2025-052910,1,PROD-028,1,17.18,15.91
ORD-2025-052911,1,PROD-009,1,61.97,45.78
ORD-2025-052912,1,PROD-038,1,7.89,6.77
ORD-2025-052913,1,PROD-029,1,24.79,21.95
ORD-2025-052914,1,PROD-009,1,61.97,47.49
ORD-2025-052914,2,PROD-043,1,107.04,93.6
ORD-2025-052915,1,PROD-001,1,12.9,11.31
ORD-2025-052915,2,PROD-009,2,61.97,117.72
ORD-2025-052916,1,PROD-009,1,61.97,60.3
ORD-2025-052917,1,PROD-029,1,24.79,24.4
ORD-2025-052918,1,PROD-043,2,107.04,211.1
ORD-2025-052919,1,PROD-034,3,9.01,25.48
ORD-2025-052919,2,PROD-022,2,9.01,17.13
ORD-2025-052919,3,PROD-009,2,61.97,118.38
ORD-2025-052919,4,PROD-023,2,7.89,14.65
ORD-2025-052920,1,PROD-011,2,14.9,26.89
ORD-2025-052921,1,PROD-008,1,9.9,9.43
ORD-2025-052921,2,PROD-009,2,61.97,107.12
ORD-2025-052922,1,PROD-009,1,61.97,43.33
ORD-2025-052922,2,PROD-043,2,107.04,169.51
ORD-2025-052923,1,PROD-009,2,61.97,94.78
ORD-2025-052924,1,PROD-043,1,107.04,102.52
ORD-2025-052925,1,PROD-010,1,38.03,34.81
ORD-2025-052925,2,PROD-047,1,108.45,78.8
ORD-2025-052926,1,PROD-043,1,107.04,75.43
ORD-2025-052927,1,PROD-010,3,38.03,110.47
ORD-2025-052928,1,PROD-001,1,12.9,11.72
ORD-2025-052929,1,PROD-038,1,7.89,7.01
ORD-2025-052930,1,PROD-010,3,38.03,111.79
ORD-2025-052930,2,PROD-041,2,11.83,22.72
ORD-2025-052930,3,PROD-044,1,40.85,37.46
ORD-2025-052930,4,PROD-004,1,20.28,19.92
ORD-2025-052931,1,PROD-009,1,61.97,49.01
ORD-2025-052932,1,PROD-043,1,107.04,104.1
ORD-2025-052933,1,PROD-009,1,61.97,35.17
ORD-2025-052934,1,PROD-002,1,11.9,9.96
ORD-2025-052935,1,PROD-020,1,10.14,9.84
ORD-2025-052936,1,PROD-024,1,8.73,8.25
ORD-2025-052937,1,PROD-036,1,11.55,10.65
ORD-2025-052937,2,PROD-043,2,107.04,203.89
ORD-2025-052938,1,PROD-031,1,53.52,47.85
ORD-2025-052939,1,PROD-030,1,49.3,49.24
ORD-2025-052940,1,PROD-009,1,61.97,43.59
ORD-2025-052941,1,PROD-018,2,50.7,98.38
ORD-2025-052942,1,PROD-010,1,38.03,20.69
ORD-2025-052942,2,PROD-030,1,49.3,40.41
ORD-2025-052942,3,PROD-043,1,107.04,96.96
ORD-2025-052943,1,PROD-043,1,107.04,83.38
ORD-2025-052944,1,PROD-008,1,9.9,9.53
ORD-2025-052945,1,PROD-024,2,8.73,11.93
ORD-2025-052946,1,PROD-004,1,20.28,19.64
ORD-2025-052947,1,PROD-009,1,61.97,49.66
ORD-2025-052947,2,PROD-043,3,107.04,256.03
ORD-2025-052947,3,PROD-019,1,29.58,26.97
ORD-2025-052948,1,PROD-001,1,12.9,8.03
ORD-2025-052948,2,PROD-009,1,61.97,40.58
ORD-2025-052949,1,PROD-009,2,61.97,114.38
ORD-2025-052949,2,PROD-010,1,38.03,
ORD-2025-052950,1,PROD-043,1,107.04,78.48
ORD-2025-052951,1,PROD-003,3,14.37,41.66
ORD-2025-052952,1,PROD-002,1,11.9,11.58
ORD-2025-052952,2,PROD-043,3,107.04,316.3
ORD-2025-052953,1,PROD-001,1,12.9,10.33
ORD-2025-052953,2,PROD-009,2,61.97,113.41
ORD-2025-052954,1,PROD-005,1,20.28,19.86
ORD-2025-052954,2,PROD-043,1,107.04,106.22
ORD-2025-052954,3,PROD-009,1,61.97,61.23
ORD-2025-052955,1,PROD-009,1,61.97,56.26
ORD-2025-052956,1,PROD-005,1,20.28,9.23
ORD-2025-052956,2,PROD-050,1,61.97,33.66
ORD-2025-052957,1,PROD-005,3,20.28,58.55
ORD-2025-052957,2,PROD-009,2,61.97,118.56
ORD-2025-052958,1,PROD-009,1,61.97,59.02
ORD-2025-052959,1,PROD-009,1,61.97,61.06
ORD-2025-052960,1,PROD-009,1,61.97,60.64
ORD-2025-052960,2,PROD-043,3,107.04,319.0
ORD-2025-052960,3,PROD-018,1,50.7,50.24
ORD-2025-052961,1,PROD-009,3,61.97,157.65
ORD-2025-052961,2,PROD-043,2,107.04,202.84
ORD-2025-052962,1,PROD-001,3,12.9,33.4
ORD-2025-052963,1,PROD-010,1,38.03,36.39
ORD-2025-052964,1,PROD-043,2,107.04,208.0
ORD-2025-052965,1,PROD-051,1,36.06,33.47
ORD-2025-052965,2,PROD-018,3,50.7,140.68
ORD-2025-052965,3,PROD-009,2,61.97,103.48
ORD-2025-052966,1,PROD-009,1,61.97,57.56
ORD-2025-052966,2,PROD-030,1,49.3,43.24
ORD-2025-052966,3,PROD-018,2,50.7,89.64
ORD-2025-052967,1,PROD-009,1,61.97,58.85
ORD-2025-052968,1,PROD-017,1,12.5,10.6
ORD-2025-052968,2,PROD-043,1,107.04,66.89
ORD-2025-052969,1,PROD-002,1,11.9,11.43
ORD-2025-052970,1,PROD-040,1,15.21,12.63
ORD-2025-052971,1,PROD-009,1,61.97,39.21
ORD-2025-052972,1,PROD-032,1,19.72,18.58
ORD-2025-052972,2,PROD-042,3,73.24,184.67
ORD-2025-052972,3,PROD-010,2,38.03,60.31
ORD-2025-052973,1,PROD-031,1,53.52,49.97
ORD-2025-052974,1,PROD-050,1,61.97,60.0
ORD-2025-052974,2,PROD-009,1,61.97,61.67
ORD-2025-052975,1,PROD-027,2,21.13,19.02
ORD-2025-052976,1,PROD-008,1,9.9,9.23
ORD-2025-052976,2,PROD-009,1,61.97,58.83
ORD-2025-052976,3,PROD-010,1,38.03,31.28
ORD-2025-052977,1,PROD-002,1,11.9,11.22
ORD-2025-052978,1,PROD-007,1,17.18,11.85
ORD-2025-052979,1,PROD-017,1,12.5,10.18
ORD-2025-052980,1,PROD-009,2,61.97,108.06
ORD-2025-052981,1,PROD-004,1,20.28,20.19
ORD-2025-052981,2,PROD-006,1,32.39,31.76
ORD-2025-052982,1,PROD-009,2,61.97,111.94
ORD-2025-052982,2,PROD-032,2,19.72,35.05
ORD-2025-052982,3,PROD-010,1,38.03,36.33
ORD-2025-052983,1,PROD-036,1,11.55,11.1
ORD-2025-052984,1,PROD-055,1,74.65,69.6
ORD-2025-052985,1,PROD-023,2,7.89,12.34
ORD-2025-052986,1,PROD-009,1,61.97,61.53
ORD-2025-052986,2,PROD-035,1,10.14,9.87
ORD-2025-052987,1,PROD-018,1,50.7,28.24
ORD-2025-052988,1,PROD-042,1,73.24,64.31
ORD-2025-052989,1,PROD-004,2,20.28,38.91
ORD-2025-052990,1,PROD-005,1,20.28,17.95
ORD-2025-052991,1,PROD-010,1,38.03,37.8
ORD-2025-052992,1,PROD-006,1,32.39,14.58
ORD-2025-052992,2,PROD-043,1,107.04,48.17
ORD-2025-052993,1,PROD-043,2,107.04,178.84
ORD-2025-052994,1,PROD-009,2,61.97,123.41
ORD-2025-052994,2,PROD-038,1,7.89,7.7
ORD-2025-052994,3,PROD-007,2,17.18,33.42
ORD-2025-052994,4,PROD-036,2,11.55,22.96
ORD-2025-052995,1,PROD-009,1,61.97,60.46
ORD-2025-052996,1,PROD-001,2,12.9,18.99
ORD-2025-052997,1,PROD-041,1,11.83,10.63
ORD-2025-052997,2,PROD-009,1,61.97,53.84
ORD-2025-052998,1,PROD-056,1,101.41,57.0
ORD-2025-052999,1,PROD-009,3,61.97,138.17
ORD-2025-052999,2,PROD-001,1,12.9,12.36
ORD-2025-053000,1,PROD-004,2,20.28,35.3
ORD-2025-053000,2,PROD-007,2,17.18,30.39
ORD-2025-053000,3,PROD-030,1,49.3,37.9
ORD-2025-053001,1,PROD-018,1,50.7,32.27
ORD-2025-053002,1,PROD-009,2,61.97,92.5
ORD-2025-053002,2,PROD-010,1,38.03,29.72
ORD-2025-053003,1,PROD-018,2,50.7,93.64
ORD-2025-053004,1,PROD-029,1,24.79,21.74
ORD-2025-053005,1,PROD-001,3,12.9,37.39
ORD-2025-053006,1,PROD-043,1,107.04,92.31
ORD-2025-053006,2,PROD-006,2,32.39,54.77
ORD-2025-053006,3,PROD-001,1,12.9,11.64
ORD-2025-053007,1,PROD-036,3,11.55,29.74
ORD-2025-053007,2,PROD-009,2,61.97,103.4
ORD-2025-053007,3,PROD-021,1,15.49,11.85
ORD-2025-053008,1,PROD-021,1,15.49,15.11
ORD-2025-053008,2,PROD-033,2,52.11,94.5
ORD-2025-053009,1,PROD-009,1,61.97,57.82
ORD-2025-053009,2,PROD-012,3,18.5,53.64
ORD-2025-053009,3,PROD-002,1,11.9,10.68
ORD-2025-053010,1,PROD-031,1,53.52,49.02
ORD-2025-053010,2,PROD-036,2,11.55,21.92
ORD-2025-053010,3,PROD-032,2,19.72,38.49
ORD-2025-053011,1,PROD-030,1,49.3,47.21
ORD-2025-053011,2,PROD-009,1,61.97,58.91
ORD-2025-053011,3,PROD-020,1,10.14,9.77
ORD-2025-053012,1,PROD-001,2,12.9,24.84
ORD-2025-053013,1,PROD-002,1,11.9,10.01
ORD-2025-053014,1,PROD-001,1,12.9,12.71
ORD-2025-053015,1,PROD-028,1,17.18,7.73
ORD-2025-053016,1,PROD-018,1,50.7,49.66
ORD-2025-053017,1,PROD-036,3,11.55,32.3
ORD-2025-053017,2,PROD-042,2,73.24,136.24
ORD-2025-053017,3,PROD-009,1,61.97,56.81
ORD-2025-053018,1,PROD-055,1,74.65,71.49
ORD-2025-053019,1,PROD-009,1,61.97,47.77
ORD-2025-053019,2,PROD-043,2,107.04,171.01
ORD-2025-053019,3,PROD-004,1,20.28,18.01
ORD-2025-053020,1,PROD-006,3,32.39,94.36
ORD-2025-053020,2,PROD-009,2,61.97,114.76
ORD-2025-053021,1,PROD-043,2,107.04,185.63
ORD-2025-053021,2,PROD-040,1,15.21,12.83
ORD-2025-053022,1,PROD-006,3,32.39,92.35
ORD-2025-053023,1,PROD-030,2,49.3,66.13
ORD-2025-053024,1,PROD-035,2,10.14,14.84
ORD-2025-053024,2,PROD-043,2,107.04,196.03
ORD-2025-053025,1,PROD-009,1,61.97,55.51
ORD-2025-053026,1,PROD-043,1,107.04,103.21
ORD-2025-053027,1,PROD-002,1,11.9,10.35
ORD-2025-053028,1,PROD-005,1,20.28,18.07
ORD-2025-053029,1,PROD-036,1,11.55,9.39
ORD-2025-053029,2,PROD-009,3,61.97,170.13
ORD-2025-053029,3,PROD-004,2,20.28,34.67
ORD-2025-053030,1,PROD-010,1,38.03,36.92
ORD-2025-053030,2,PROD-041,2,11.83,23.41
ORD-2025-053031,1,PROD-021,2,15.49,24.52
ORD-2025-053032,1,PROD-006,2,32.39,56.46
ORD-2025-053033,1,PROD-001,1,12.9,12.09
ORD-2025-053033,2,PROD-024,1,8.73,8.56
ORD-2025-053033,3,PROD-032,1,19.72,16.56
ORD-2025-053034,1,PROD-019,2,29.58,50.46
ORD-2025-053035,1,PROD-018,1,50.7,47.68
ORD-2025-053036,1,PROD-010,1,38.03,37.04
ORD-2025-053037,1,PROD-043,1,107.04,98.07
ORD-2025-053038,1,PROD-009,1,61.97,52.14
ORD-2025-053039,1,PROD-005,2,20.28,36.97
ORD-2025-053040,1,PROD-042,1,73.24,70.38
ORD-2025-053040,2,PROD-034,1,9.01,8.92
ORD-2025-053040,3,PROD-010,1,38.03,37.41
ORD-2025-053041,1,PROD-003,3,14.37,40.08
ORD-2025-053041,2,PROD-009,2,61.97,97.21
ORD-2025-053042,1,PROD-042,2,73.24,140.06
ORD-2025-053043,1,PROD-021,1,15.49,14.99
ORD-2025-053044,1,PROD-010,1,38.03,35.68
ORD-2025-053044,2,PROD-009,2,61.97,117.63
ORD-2025-053045,1,PROD-043,1,107.04,102.47
ORD-2025-053045,2,PROD-031,1,53.52,43.23
ORD-2025-053046,1,PROD-019,2,29.58,52.38
ORD-2025-053047,1,PROD-009,1,61.97,60.93
ORD-2025-053048,1,PROD-018,1,50.7,44.09
ORD-2025-053049,1,PROD-010,2,38.03,64.68
ORD-2025-053050,1,PROD-043,1,107.04,89.44
ORD-2025-053050,2,PROD-010,1,38.03,35.1
ORD-2025-053050,3,PROD-017,2,12.5,24.04
ORD-2025-053051,1,PROD-002,2,11.9,22.53
ORD-2025-053052,1,PROD-009,3,61.97,170.89
ORD-2025-053053,1,PROD-023,1,7.89,5.35
ORD-2025-053053,2,PROD-028,1,17.18,7.73
ORD-2025-053054,1,PROD-054,1,59.15,42.41
ORD-2025-053055,1,PROD-021,1,15.49,14.75
ORD-2025-053055,2,PROD-010,3,38.03,107.14
ORD-2025-053055,3,PROD-008,3,9.9,27.78
ORD-2025-053056,1,PROD-026,1,14.65,14.05
ORD-2025-053057,1,PROD-050,1,61.97,58.51
ORD-2025-053058,1,PROD-016,1,8.9,4.0
ORD-2025-053058,2,PROD-058,1,39.44,33.63
ORD-2025-053059,1,PROD-003,1,14.37,14.21
ORD-2025-053060,1,PROD-018,2,50.7,96.67
ORD-2025-053061,1,PROD-018,1,50.7,49.39
ORD-2025-053062,1,PROD-030,1,49.3,45.74
ORD-2025-053063,1,PROD-009,1,61.97,51.82
ORD-2025-053063,2,PROD-003,1,14.37,12.48
ORD-2025-053064,1,PROD-019,3,29.58,83.56
ORD-2025-053064,2,PROD-037,1,9.86,9.38
ORD-2025-053064,3,PROD-042,4,73.24,281.36
ORD-2025-053064,4,PROD-010,1,38.03,35.06
ORD-2025-053065,1,PROD-006,2,32.39,62.34
ORD-2025-053066,1,PROD-004,3,20.28,60.09
ORD-2025-053067,1,PROD-010,2,38.03,74.71
ORD-2025-053067,2,PROD-043,1,107.04,83.12
ORD-2025-053068,1,PROD-001,1,12.9,12.77
ORD-2025-053069,1,PROD-012,2,18.5,35.98
ORD-2025-053069,2,PROD-009,1,61.97,61.07
ORD-2025-053070,1,PROD-009,1,61.97,55.74
ORD-2025-053070,2,PROD-001,2,12.9,24.57
ORD-2025-053071,1,PROD-013,2,11.9,22.6
ORD-2025-053071,2,PROD-002,1,11.9,11.34
ORD-2025-053071,3,PROD-018,1,50.7,48.38
ORD-2025-053072,1,PROD-010,3,38.03,112.31
ORD-2025-053072,2,PROD-037,1,9.86,9.05
ORD-2025-053072,3,PROD-034,1,9.01,7.21
ORD-2025-053073,1,PROD-011,1,14.9,13.57
ORD-2025-053073,2,PROD-006,1,32.39,28.99
ORD-2025-053074,1,PROD-004,2,20.28,36.49
ORD-2025-053074,2,PROD-016,2,8.9,15.06
ORD-2025-053075,1,PROD-043,1,107.04,68.93
ORD-2025-053076,1,PROD-009,1,61.97,59.29
ORD-2025-053077,1,PROD-043,4,107.04,392.41
ORD-2025-053078,1,PROD-003,1,14.37,13.81
ORD-2025-053078,2,PROD-001,3,12.9,38.06
ORD-2025-053079,1,PROD-009,1,61.97,55.43
ORD-2025-053079,2,PROD-042,3,73.24,169.78
ORD-2025-053080,1,PROD-009,2,61.97,116.71
ORD-2025-053081,1,PROD-005,2,20.28,36.75
ORD-2025-053082,1,PROD-010,1,38.03,36.97
ORD-2025-053083,1,PROD-043,2,107.04,202.69
ORD-2025-053084,1,PROD-009,1,61.97,50.42
ORD-2025-053085,1,PROD-002,2,11.9,13.21
ORD-2025-053085,2,PROD-034,1,9.01,7.78
ORD-2025-053086,1,PROD-005,2,20.28,20.93
ORD-2025-053086,2,PROD-009,1,61.97,35.04
ORD-2025-053087,1,PROD-034,4,9.01,26.4
ORD-2025-053088,1,PROD-009,1,61.97,51.47
ORD-2025-053089,1,PROD-051,1,36.06,33.07
ORD-2025-053090,1,PROD-001,1,12.9,12.62
ORD-2025-053091,1,PROD-016,3,8.9,24.3
ORD-2025-053091,2,PROD-004,1,20.28,14.15
ORD-2025-053092,1,PROD-059,1,52.11,48.7
ORD-2025-053093,1,PROD-009,2,61.97,122.38
ORD-2025-053094,1,PROD-031,1,53.52,43.14
ORD-2025-053094,2,PROD-050,2,61.97,104.32
ORD-2025-053094,3,PROD-043,1,107.04,96.0
ORD-2025-053095,1,PROD-018,1,50.7,47.58
ORD-2025-053096,1,PROD-019,1,29.58,27.28
ORD-2025-053097,1,PROD-045,1,72.68,42.65
ORD-2025-053098,1,PROD-031,2,53.52,102.3
ORD-2025-053098,2,PROD-038,1,7.89,5.96
ORD-2025-053098,3,PROD-019,2,29.58,55.39
ORD-2025-053099,1,PROD-004,2,20.28,31.14
ORD-2025-053100,1,PROD-043,2,107.04,188.01
ORD-2025-053101,1,PROD-001,2,12.9,16.63
ORD-2025-053101,2,PROD-019,2,29.58,35.06
ORD-2025-053102,1,PROD-010,2,38.03,58.82
ORD-2025-053103,1,PROD-003,1,14.37,13.72
ORD-2025-053103,2,PROD-041,2,11.83,17.53
ORD-2025-053104,1,PROD-004,1,20.28,17.77
ORD-2025-053104,2,PROD-009,2,61.97,98.12
ORD-2025-053104,3,PROD-036,4,11.55,43.86
ORD-2025-053105,1,PROD-002,1,11.9,9.09
ORD-2025-053105,2,PROD-018,1,50.7,47.65
ORD-2025-053106,1,PROD-054,1,59.15,46.67
ORD-2025-053107,1,PROD-010,1,38.03,32.13
ORD-2025-053107,2,PROD-004,3,20.28,52.63
ORD-2025-053107,3,PROD-009,2,61.97,107.27
ORD-2025-053108,1,PROD-033,4,52.11,190.79
ORD-2025-053108,2,PROD-005,1,20.28,19.14
ORD-2025-053109,1,PROD-023,1,7.89,7.24
ORD-2025-053109,2,PROD-043,1,107.04,105.36
ORD-2025-053110,1,PROD-029,2,24.79,45.37
ORD-2025-053111,1,PROD-056,1,101.41,81.47
ORD-2025-053112,1,PROD-007,2,17.18,33.14
ORD-2025-053112,2,PROD-030,2,49.3,96.29
ORD-2025-053113,1,PROD-054,1,59.15,47.25
ORD-2025-053114,1,PROD-001,1,12.9,12.14
ORD-2025-053115,1,PROD-032,1,19.72,19.29
ORD-2025-053116,1,PROD-010,1,38.03,35.73
ORD-2025-053116,2,PROD-009,2,61.97,104.56
ORD-2025-053116,3,PROD-018,3,50.7,135.67
ORD-2025-053117,1,PROD-037,2,9.86,19.43
ORD-2025-053118,1,PROD-051,1,36.06,27.66
ORD-2025-053119,1,PROD-010,2,38.03,71.16
ORD-2025-053119,2,PROD-009,2,61.97,106.89
ORD-2025-053120,1,PROD-042,2,73.24,136.21
ORD-2025-053121,1,PROD-050,1,61.97,58.23
ORD-2025-053121,2,PROD-043,1,107.04,102.3
ORD-2025-053122,1,PROD-009,1,61.97,59.58
ORD-2025-053122,2,PROD-030,1,49.3,35.09
ORD-2025-053122,3,PROD-042,1,73.24,68.85
ORD-2025-053123,1,PROD-006,1,32.39,27.84
ORD-2025-053124,1,PROD-024,1,8.73,7.68
ORD-2025-053124,2,PROD-010,1,38.03,31.13
ORD-2025-053124,3,PROD-043,1,107.04,104.07
ORD-2025-053125,1,PROD-006,2,32.39,61.17
ORD-2025-053125,2,PROD-036,2,11.55,20.14
ORD-2025-053125,3,PROD-001,1,12.9,10.87
ORD-2025-053125,4,PROD-029,1,24.79,23.31
ORD-2025-053126,1,PROD-055,1,74.65,70.22
ORD-2025-053127,1,PROD-017,1,12.5,10.77
ORD-2025-053127,2,PROD-056,1,101.41,89.53
ORD-2025-053127,3,PROD-037,1,9.86,8.38
ORD-2025-053128,1,PROD-019,2,29.58,30.24
ORD-2025-053128,2,PROD-026,1,14.65,10.18
ORD-2025-053128,3,PROD-004,2,20.28,31.95
ORD-2025-053129,1,PROD-009,1,61.97,48.49
ORD-2025-053129,2,PROD-010,2,38.03,59.75
ORD-2025-053129,3,PROD-043,3,107.04,319.39
ORD-2025-053130,1,PROD-009,1,61.97,60.4
ORD-2025-053130,2,PROD-043,3,107.04,320.12
ORD-2025-053130,3,PROD-041,3,11.83,29.98
ORD-2025-053130,4,PROD-006,1,32.39,29.57
ORD-2025-053130,5,PROD-018,1,50.7,46.57
ORD-2025-053131,1,PROD-027,1,21.13,20.45
ORD-2025-053132,1,PROD-034,2,9.01,16.15
ORD-2025-053132,2,PROD-058,1,39.44,22.68
ORD-2025-053133,1,PROD-023,2,7.89,15.59
ORD-2025-053133,2,PROD-026,1,14.65,13.03
ORD-2025-053133,3,PROD-036,1,11.55,10.57
ORD-2025-053134,1,PROD-009,1,61.97,56.29
ORD-2025-053134,2,PROD-034,4,9.01,34.09
ORD-2025-053134,3,PROD-002,1,11.9,10.14
ORD-2025-053135,1,PROD-006,1,32.39,28.5
ORD-2025-053135,2,PROD-039,1,8.17,7.98
ORD-2025-053135,3,PROD-018,2,50.7,98.94
ORD-2025-053136,1,PROD-056,1,101.41,92.89
ORD-2025-053137,1,PROD-049,1,80.28,75.29
ORD-2025-053138,1,PROD-010,1,38.03,30.97
ORD-2025-053139,1,PROD-009,2,61.97,110.42
ORD-2025-053140,1,PROD-009,3,61.97,167.73
ORD-2025-053141,1,PROD-009,1,61.97,42.64
ORD-2025-053142,1,PROD-008,1,9.9,8.85
ORD-2025-053142,2,PROD-009,1,61.97,42.86
ORD-2025-053143,1,PROD-056,1,101.41,62.02
ORD-2025-053144,1,PROD-010,1,38.03,30.59
ORD-2025-053145,1,PROD-010,1,38.03,35.78
ORD-2025-053146,1,PROD-018,1,50.7,32.26
ORD-2025-053147,1,PROD-055,1,74.65,34.2
ORD-2025-053148,1,PROD-036,1,11.55,11.34
ORD-2025-053148,2,PROD-034,1,9.01,8.67
ORD-2025-053149,1,PROD-018,1,50.7,38.71
ORD-2025-053150,1,PROD-004,1,20.28,19.12
ORD-2025-053151,1,PROD-010,3,38.03,101.2
ORD-2025-053152,1,PROD-043,2,107.04,189.03
ORD-2025-053153,1,PROD-021,1,15.49,15.08
ORD-2025-053154,1,PROD-019,1,29.58,28.57
ORD-2025-053154,2,PROD-043,4,107.04,378.41
ORD-2025-053154,3,PROD-009,1,61.97,48.75
ORD-2025-053154,4,PROD-018,1,50.7,38.76
ORD-2025-053155,1,PROD-009,2,61.97,113.12
ORD-2025-053156,1,PROD-052,1,46.48,42.84
ORD-2025-053157,1,PROD-009,1,61.97,51.02
ORD-2025-053158,1,PROD-009,1,61.97,56.18
ORD-2025-053159,1,PROD-009,2,61.97,111.35
ORD-2025-053159,2,PROD-038,3,7.89,21.04
ORD-2025-053159,3,PROD-007,1,17.18,15.55
ORD-2025-053160,1,PROD-010,2,38.03,69.18
ORD-2025-053161,1,PROD-018,2,50.7,50.8
ORD-2025-053162,1,PROD-001,3,12.9,37.99
ORD-2025-053163,1,PROD-009,1,61.97,57.38
ORD-2025-053164,1,PROD-012,1,18.5,15.98
ORD-2025-053164,2,PROD-043,1,107.04,105.17
ORD-2025-053164,3,PROD-010,1,38.03,37.61
ORD-2025-053165,1,PROD-006,1,32.39,30.08
ORD-2025-053165,2,PROD-009,1,61.97,55.63
ORD-2025-053165,3,PROD-043,3,107.04,278.6
ORD-2025-053166,1,PROD-001,1,12.9,9.09
ORD-2025-053166,2,PROD-043,2,107.04,148.7
ORD-2025-053167,1,PROD-009,1,61.97,61.01
ORD-2025-053168,1,PROD-011,1,14.9,14.02
ORD-2025-053168,2,PROD-019,2,29.58,54.08
ORD-2025-053168,3,PROD-009,1,61.97,56.21
ORD-2025-053168,4,PROD-043,1,107.04,98.49
ORD-2025-053169,1,PROD-009,1,61.97,58.36
ORD-2025-053170,1,PROD-011,1,14.9,14.42
ORD-2025-053171,1,PROD-018,2,50.7,91.35
ORD-2025-053171,2,PROD-009,1,61.97,57.77
ORD-2025-053171,3,PROD-035,1,10.14,9.18
ORD-2025-053172,1,PROD-004,1,20.28,19.45
ORD-2025-053173,1,PROD-021,1,15.49,14.89
ORD-2025-053173,2,PROD-009,1,61.97,58.88
ORD-2025-053173,3,PROD-007,1,17.18,16.38
ORD-2025-053174,1,PROD-005,1,20.28,19.2
ORD-2025-053175,1,PROD-052,1,46.48,45.53
ORD-2025-053175,2,PROD-031,1,53.52,51.35
ORD-2025-053175,3,PROD-017,1,12.5,12.37
ORD-2025-053176,1,PROD-058,1,39.44,21.76
ORD-2025-053177,1,PROD-043,3,107.04,305.71
ORD-2025-053177,2,PROD-009,2,61.97,121.18
ORD-2025-053178,1,PROD-010,1,38.03,30.76
ORD-2025-053179,1,PROD-018,1,50.7,22.81
ORD-2025-053180,1,PROD-043,1,107.04,101.12
ORD-2025-053181,1,PROD-009,1,61.97,57.55
ORD-2025-053182,1,PROD-009,1,61.97,50.83
ORD-2025-053183,1,PROD-009,2,61.97,119.08
ORD-2025-053184,1,PROD-018,2,50.7,92.82
ORD-2025-053185,1,PROD-024,2,8.73,11.75
ORD-2025-053186,1,PROD-054,1,59.15,55.43
ORD-2025-053187,1,PROD-041,1,11.83,11.42
ORD-2025-053187,2,PROD-018,1,50.7,46.65
ORD-2025-053188,1,PROD-031,1,53.52,31.07
ORD-2025-053189,1,PROD-021,1,15.49,12.23
ORD-2025-053190,1,PROD-004,1,20.28,18.67
ORD-2025-053190,2,PROD-034,4,9.01,35.17
ORD-2025-053191,1,PROD-034,1,9.01,7.31
ORD-2025-053192,1,PROD-004,2,20.28,39.01
ORD-2025-053193,1,PROD-013,1,11.9,10.88
ORD-2025-053193,2,PROD-002,1,11.9,11.28
ORD-2025-053193,3,PROD-007,1,17.18,13.29
ORD-2025-053193,4,PROD-030,1,49.3,45.29
ORD-2025-053193,5,PROD-009,2,61.97,117.8
ORD-2025-053194,1,PROD-008,1,9.9,8.71
ORD-2025-053195,1,PROD-019,1,29.58,29.25
ORD-2025-053196,1,PROD-056,1,101.41,98.62
ORD-2025-053197,1,PROD-009,2,61.97,123.11
ORD-2025-053197,2,PROD-043,2,107.04,204.53
ORD-2025-053197,3,PROD-010,1,38.03,36.06
ORD-2025-053197,4,PROD-035,3,10.14,28.49
ORD-2025-053198,1,PROD-001,2,12.9,22.7
ORD-2025-053199,1,PROD-023,1,7.89,7.77
ORD-2025-053199,2,PROD-009,1,61.97,60.16
ORD-2025-053200,1,PROD-034,1,9.01,7.29
ORD-2025-053200,2,PROD-025,1,21.97,16.92
ORD-2025-053201,1,PROD-009,3,61.97,157.91
ORD-2025-053201,2,PROD-042,3,73.24,217.43
ORD-2025-053202,1,PROD-010,1,38.03,35.45
ORD-2025-053203,1,PROD-009,3,61.97,111.49
ORD-2025-053204,1,PROD-024,1,8.73,7.19
ORD-2025-053204,2,PROD-001,1,12.9,11.45
ORD-2025-053205,1,PROD-042,2,73.24,131.85
ORD-2025-053206,1,PROD-010,1,38.03,33.13
ORD-2025-053207,1,PROD-009,1,61.97,57.79
ORD-2025-053208,1,PROD-010,1,38.03,35.22
ORD-2025-053208,2,PROD-006,1,32.39,31.65
ORD-2025-053209,1,PROD-002,1,11.9,10.17
ORD-2025-053210,1,PROD-003,1,14.37,12.53
ORD-2025-053211,1,PROD-006,1,32.39,23.04
ORD-2025-053212,1,PROD-010,1,38.03,33.7
ORD-2025-053213,1,PROD-009,1,61.97,52.58
ORD-2025-053214,1,PROD-049,1,80.28,51.82
ORD-2025-053214,2,PROD-030,1,49.3,38.57
ORD-2025-053215,1,PROD-018,2,50.7,97.23
ORD-2025-053215,2,PROD-046,1,259.15,204.88
ORD-2025-053216,1,PROD-018,2,50.7,95.66
ORD-2025-053217,1,PROD-038,1,7.89,7.29
ORD-2025-053217,2,PROD-060,1,42.25,40.79
ORD-2025-053217,3,PROD-036,1,11.55,11.31
ORD-2025-053217,4,PROD-009,1,61.97,51.84
ORD-2025-053218,1,PROD-016,1,8.9,8.52
ORD-2025-053219,1,PROD-043,2,107.04,182.22
ORD-2025-053220,1,PROD-007,1,17.18,17.14
ORD-2025-053220,2,PROD-009,1,61.97,60.19
ORD-2025-053221,1,PROD-010,1,38.03,17.11
ORD-2025-053221,2,PROD-018,3,50.7,91.69
ORD-2025-053222,1,PROD-009,2,61.97,71.6
ORD-2025-053223,1,PROD-031,1,53.52,48.51
ORD-2025-053224,1,PROD-004,2,20.28,40.03
ORD-2025-053224,2,PROD-002,1,11.9,11.88
ORD-2025-053225,1,PROD-042,1,73.24,68.27
ORD-2025-053226,1,PROD-009,1,61.97,54.59
ORD-2025-053227,1,PROD-009,3,61.97,182.58
ORD-2025-053228,1,PROD-010,2,38.03,73.01
ORD-2025-053229,1,PROD-018,3,50.7,149.15
ORD-2025-053229,2,PROD-010,3,38.03,110.06
ORD-2025-053229,3,PROD-005,3,20.28,59.58
ORD-2025-053230,1,PROD-007,1,17.18,14.58
ORD-2025-053231,1,PROD-009,2,61.97,115.15
ORD-2025-053232,1,PROD-051,1,36.06,34.01
ORD-2025-053233,1,PROD-009,2,61.97,108.83
ORD-2025-053234,1,PROD-010,1,38.03,32.0
ORD-2025-053234,2,PROD-018,1,50.7,46.95
ORD-2025-053234,3,PROD-051,1,36.06,31.55
ORD-2025-053235,1,PROD-009,1,61.97,53.33
ORD-2025-053235,2,PROD-004,1,20.28,17.88
ORD-2025-053235,3,PROD-021,1,15.49,13.81
ORD-2025-053236,1,PROD-005,3,20.28,56.58
ORD-2025-053237,1,PROD-010,1,38.03,35.42
ORD-2025-053238,1,PROD-043,1,107.04,94.17
ORD-2025-053238,2,PROD-009,2,61.97,115.45
ORD-2025-053239,1,PROD-009,1,61.97,52.25
ORD-2025-053239,2,PROD-018,1,50.7,43.2
ORD-2025-053239,3,PROD-023,1,7.89,7.68
ORD-2025-053240,1,PROD-018,1,50.7,32.88
ORD-2025-053240,2,PROD-056,1,101.41,69.23
ORD-2025-053241,1,PROD-009,1,61.97,49.81
ORD-2025-053242,1,PROD-043,1,107.04,48.17
ORD-2025-053243,1,PROD-043,2,107.04,171.76
ORD-2025-053243,2,PROD-026,1,14.65,13.96
ORD-2025-053244,1,PROD-058,1,39.44,22.56
ORD-2025-053245,1,PROD-034,3,9.01,23.28
ORD-2025-053246,1,PROD-010,1,38.03,36.47
ORD-2025-053247,1,PROD-002,2,11.9,22.09
ORD-2025-053247,2,PROD-005,1,20.28,19.22
ORD-2025-053248,1,PROD-009,3,61.97,171.8
ORD-2025-053249,1,PROD-009,1,61.97,57.66
ORD-2025-053249,2,PROD-040,2,15.21,25.83
ORD-2025-053250,1,PROD-019,1,29.58,26.95
ORD-2025-053250,2,PROD-004,1,20.28,17.49
ORD-2025-053250,3,PROD-042,1,73.24,68.22
ORD-2025-053251,1,PROD-047,1,108.45,91.11
ORD-2025-053251,2,PROD-001,1,12.9,11.16
ORD-2025-053252,1,PROD-034,3,9.01,26.12
ORD-2025-053253,1,PROD-010,1,38.03,36.57
ORD-2025-053253,2,PROD-006,2,32.39,34.09
ORD-2025-053253,3,PROD-035,3,10.14,25.64
ORD-2025-053254,1,PROD-040,1,15.21,9.37
ORD-2025-053254,2,PROD-004,1,20.28,18.12
ORD-2025-053255,1,PROD-030,1,49.3,47.43
ORD-2025-053255,2,PROD-009,1,61.97,54.08
ORD-2025-053256,1,PROD-006,2,32.39,58.03
ORD-2025-053257,1,PROD-003,1,14.37,14.35
ORD-2025-053258,1,PROD-006,2,32.39,52.67
ORD-2025-053259,1,PROD-034,2,9.01,13.47
ORD-2025-053260,1,PROD-030,1,49.3,40.46
ORD-2025-053261,1,PROD-005,1,20.28,19.26
ORD-2025-053261,2,PROD-039,1,8.17,8.07
ORD-2025-053262,1,PROD-009,1,61.97,58.99
ORD-2025-053262,2,PROD-010,1,38.03,35.06
ORD-2025-053262,3,PROD-001,2,12.9,22.77
ORD-2025-053263,1,PROD-033,2,52.11,74.38
ORD-2025-053264,1,PROD-010,2,38.03,63.78
ORD-2025-053264,2,PROD-006,2,32.39,62.38
ORD-2025-053264,3,PROD-009,2,61.97,94.93
ORD-2025-053265,1,PROD-007,3,17.18,49.42
ORD-2025-053266,1,PROD-043,2,107.04,131.45
ORD-2025-053266,2,PROD-002,1,11.9,8.9
ORD-2025-053267,1,PROD-042,2,73.24,132.33
ORD-2025-053268,1,PROD-009,1,61.97,54.55
ORD-2025-053269,1,PROD-001,1,12.9,11.73
ORD-2025-053270,1,PROD-009,2,61.97,121.82
ORD-2025-053270,2,PROD-006,2,32.39,59.71
ORD-2025-053271,1,PROD-038,2,7.89,15.6
ORD-2025-053272,1,PROD-055,1,74.65,68.7
ORD-2025-053273,1,PROD-001,1,12.9,12.5
ORD-2025-053274,1,PROD-010,1,38.03,30.16
ORD-2025-053274,2,PROD-034,2,9.01,8.38
ORD-2025-053275,1,PROD-031,1,53.52,47.97
ORD-2025-053275,2,PROD-005,3,20.28,59.96
ORD-2025-053276,1,PROD-030,2,49.3,90.5
ORD-2025-053276,2,PROD-034,1,9.01,7.84
ORD-2025-053276,3,PROD-048,1,55.77,46.47
ORD-2025-053276,4,PROD-018,1,50.7,49.5
ORD-2025-053276,5,PROD-031,1,53.52,52.11
ORD-2025-053277,1,PROD-003,1,14.37,13.8
ORD-2025-053277,2,PROD-010,1,38.03,37.28
ORD-2025-053277,3,PROD-034,2,9.01,17.5
ORD-2025-053278,1,PROD-007,1,17.18,16.79
ORD-2025-053279,1,PROD-011,3,14.9,21.33
ORD-2025-053280,1,PROD-018,1,50.7,35.17
ORD-2025-053280,2,PROD-039,1,8.17,7.44
ORD-2025-053280,3,PROD-043,2,107.04,199.87
ORD-2025-053281,1,PROD-009,2,61.97,116.89
ORD-2025-053282,1,PROD-043,3,107.04,296.81
ORD-2025-053282,2,PROD-008,1,9.9,9.67
ORD-2025-053283,1,PROD-017,2,12.5,24.42
ORD-2025-053284,1,PROD-009,1,61.97,59.75
ORD-2025-053285,1,PROD-004,3,20.28,54.86
ORD-2025-053286,1,PROD-018,1,50.7,50.3
ORD-2025-053286,2,PROD-010,2,38.03,73.68
ORD-2025-053287,1,PROD-014,3,9.9,27.77
ORD-2025-053288,1,PROD-043,2,107.04,176.98
ORD-2025-053289,1,PROD-017,2,12.5,18.71
ORD-2025-053290,1,PROD-038,1,7.89,7.38
ORD-2025-053291,1,PROD-005,1,20.28,18.78
ORD-2025-053291,2,PROD-054,1,59.15,55.61
ORD-2025-053292,1,PROD-038,1,7.89,7.86
ORD-2025-053293,1,PROD-010,1,38.03,34.74
ORD-2025-053293,2,PROD-009,2,61.97,104.08
ORD-2025-053293,3,PROD-043,1,107.04,94.31
ORD-2025-053294,1,PROD-005,1,20.28,18.54
ORD-2025-053295,1,PROD-009,2,61.97,117.41
ORD-2025-053295,2,PROD-011,1,14.9,14.71
ORD-2025-053295,3,PROD-002,2,11.9,21.75
ORD-2025-053296,1,PROD-018,1,50.7,44.75
ORD-2025-053296,2,PROD-042,2,73.24,140.05
ORD-2025-053297,1,PROD-018,1,50.7,22.81
ORD-2025-053298,1,PROD-007,2,17.18,30.88
ORD-2025-053299,1,PROD-031,1,53.52,47.26
ORD-2025-053300,1,PROD-043,1,107.04,106.59
ORD-2025-053300,2,PROD-001,2,12.9,24.75
ORD-2025-053301,1,PROD-042,2,73.24,105.28
ORD-2025-053302,1,PROD-004,1,20.28,19.06
ORD-2025-053303,1,PROD-009,2,61.97,122.85
ORD-2025-053303,2,PROD-018,1,50.7,50.01
ORD-2025-053304,1,PROD-058,1,39.44,23.64
ORD-2025-053305,1,PROD-006,2,32.39,58.6
ORD-2025-053305,2,PROD-032,1,19.72,17.86
ORD-2025-053305,3,PROD-002,1,11.9,9.78
ORD-2025-053306,1,PROD-044,1,40.85,32.42
ORD-2025-053306,2,PROD-029,1,24.79,22.43
ORD-2025-053307,1,PROD-002,1,11.9,11.42
ORD-2025-053307,2,PROD-043,4,107.04,403.63
ORD-2025-053308,1,PROD-034,1,9.01,7.75
ORD-2025-053308,2,PROD-009,2,61.97,113.94
ORD-2025-053308,3,PROD-010,1,38.03,32.39
ORD-2025-053309,1,PROD-039,1,8.17,7.72
ORD-2025-053309,2,PROD-005,2,20.28,39.22
ORD-2025-053309,3,PROD-009,3,61.97,172.25
ORD-2025-053310,1,PROD-055,1,74.65,64.25
ORD-2025-053311,1,PROD-033,1,52.11,45.16
ORD-2025-053312,1,PROD-009,2,61.97,117.56
ORD-2025-053312,2,PROD-036,1,11.55,11.15
ORD-2025-053313,1,PROD-009,2,61.97,114.9
ORD-2025-053314,1,PROD-031,1,53.52,48.82
ORD-2025-053315,1,PROD-026,1,14.65,12.17
ORD-2025-053316,1,PROD-005,1,20.28,18.67
ORD-2025-053317,1,PROD-030,1,49.3,44.79
ORD-2025-053318,1,PROD-002,2,11.9,19.29
ORD-2025-053318,2,PROD-006,1,32.39,29.38
ORD-2025-053319,1,PROD-006,2,32.39,60.41
ORD-2025-053319,2,PROD-031,1,53.52,51.48
ORD-2025-053320,1,PROD-010,1,38.03,36.89
ORD-2025-053321,1,PROD-008,1,9.9,9.71
ORD-2025-053321,2,PROD-042,2,73.24,140.87
ORD-2025-053321,3,PROD-019,2,29.58,58.66
ORD-2025-053322,1,PROD-009,1,61.97,55.9
ORD-2025-053323,1,PROD-009,1,61.97,49.79
ORD-2025-053324,1,PROD-004,1,20.28,19.35
ORD-2025-053325,1,PROD-048,1,55.77,51.19
ORD-2025-053326,1, PROD-005 ,2,20.28,37.54
ORD-2025-053327,1,PROD-043,2,107.04,199.61
ORD-2025-053327,2,PROD-035,1,10.14,6.06
ORD-2025-053328,1,PROD-020,2,10.14,15.44
ORD-2025-053328,2,PROD-005,1,20.28,17.11
ORD-2025-053329,1,PROD-008,2,9.9,15.27
ORD-2025-053329,2,PROD-023,2,7.89,9.46
ORD-2025-053330,1,PROD-004,1,20.28,17.2
ORD-2025-053331,1,PROD-043,2,107.04,198.02
ORD-2025-053332,1,PROD-005,2,20.28,38.85
ORD-2025-053333,1,PROD-043,1,107.04,102.17
ORD-2025-053334,1,PROD-009,1,61.97,56.01
ORD-2025-053334,2,PROD-035,1,10.14,8.53
ORD-2025-053335,1,PROD-031,2,53.52,100.99
ORD-2025-053336,1,PROD-043,1,107.04,100.97
ORD-2025-053336,2,PROD-053,1,53.52,46.46
ORD-2025-053337,1,PROD-009,3,61.97,179.46
ORD-2025-053338,1,PROD-024,1,8.73,7.67
ORD-2025-053339,1,PROD-055,1,74.65,67.57
ORD-2025-053340,1,PROD-009,2,61.97,114.76
ORD-2025-053340,2,PROD-002,1,11.9,11.71
ORD-2025-053340,3,PROD-033,1,52.11,48.06
ORD-2025-053340,4,PROD-043,2,107.04,191.15
ORD-2025-053341,1,PROD-009,2,61.97,94.58
ORD-2025-053342,1,PROD-004,1,20.28,18.45
ORD-2025-053343,1,PROD-031,1,53.52,49.86
ORD-2025-053343,2,PROD-013,1,11.9,11.06
ORD-2025-053344,1,PROD-009,1,61.97,58.42
ORD-2025-053344,2,PROD-007,2,17.18,30.76
ORD-2025-053345,1,PROD-010,2,38.03,65.18
ORD-2025-053345,2,PROD-027,1,21.13,18.87
ORD-2025-053346,1,PROD-021,1,15.49,13.21
ORD-2025-053346,2,PROD-005,1,20.28,14.21
ORD-2025-053346,3,PROD-030,1,49.3,40.5
ORD-2025-053347,1,PROD-004,1,20.28,18.45
ORD-2025-053347,2,PROD-003,1,14.37,13.61
ORD-2025-053347,3,PROD-010,2,38.03,68.96
ORD-2025-053347,4,PROD-043,1,107.04,105.92
ORD-2025-053348,1,PROD-009,1,61.97,51.27
ORD-2025-053348,2,PROD-043,1,107.04,103.5
ORD-2025-053349,1,PROD-009,1,61.97,57.22
ORD-2025-053350,1,PROD-043,1,107.04,52.52
ORD-2025-053350,2,PROD-049,1,80.28,65.62
ORD-2025-053351,1,PROD-047,1,108.45,104.95
ORD-2025-053352,1,PROD-009,1,61.97,53.41
ORD-2025-053353,1,PROD-007,2,17.18,28.32
ORD-2025-053353,2,PROD-009,1,61.97,47.58
ORD-2025-053354,1,PROD-013,1,11.9,11.16
ORD-2025-053355,1,PROD-009,3,61.97,126.21
ORD-2025-053356,1,PROD-010,1,38.03,36.04
ORD-2025-053357,1,PROD-043,2,107.04,174.28
ORD-2025-053358,1,PROD-031,1,53.52,39.71
ORD-2025-053359,1,PROD-043,2,107.04,174.05
ORD-2025-053360,1,PROD-042,2,73.24,138.15
ORD-2025-053361,1,PROD-007,1,17.18,16.04
ORD-2025-053361,2,PROD-018,1,50.7,44.12
ORD-2025-053362,1,PROD-001,1,12.9,11.51
ORD-2025-053363,1,PROD-059,1,52.11,26.66
ORD-2025-053363,2,PROD-043,2,107.04,96.34
ORD-2025-053364,1,PROD-007,1,17.18,16.28
ORD-2025-053364,2,PROD-052,1,46.48,42.09
ORD-2025-053365,1,PROD-006,1,32.39,32.01
ORD-2025-053365,2,PROD-005,1,20.28,18.73
ORD-2025-053366,1,PROD-042,3,73.24,214.64
ORD-2025-053367,1,PROD-043,1,107.04,98.88
ORD-2025-053368,1,PROD-006,1,32.39,31.09
ORD-2025-053369,1,PROD-009,2,61.97,114.4
ORD-2025-053369,2,PROD-060,1,42.25,35.36
ORD-2025-053370,1,PROD-009,1,61.97,60.66
ORD-2025-053371,1,PROD-043,1,107.04,98.13
ORD-2025-053372,1,PROD-009,1,61.97,51.3
ORD-2025-053373,1,PROD-018,1,50.7,42.93
ORD-2025-053374,1,PROD-043,2,107.04,154.46
ORD-2025-053374,2,PROD-004,2,20.28,39.93
ORD-2025-053375,1,PROD-009,1,61.97,60.8
ORD-2025-053376,1,PROD-009,1,61.97,61.82
ORD-2025-053376,2,PROD-018,1,50.7,50.09
ORD-2025-053376,3,PROD-023,1,7.89,7.37
ORD-2025-053377,1,PROD-018,1,50.7,48.0
ORD-2025-053378,1,PROD-018,1,50.7,48.94
ORD-2025-053379,1,PROD-020,2,10.14,19.6
ORD-2025-053379,2,PROD-009,1,61.97,59.47
ORD-2025-053380,1,PROD-001,2,12.9,25.04
ORD-2025-053380,2,PROD-043,1,107.04,100.56
ORD-2025-053380,3,PROD-009,1,61.97,59.17
ORD-2025-053381,1,PROD-003,2,14.37,28.21
ORD-2025-053382,1,PROD-034,2,9.01,16.54
ORD-2025-053382,2,PROD-031,2,53.52,82.29
ORD-2025-053383,1,PROD-009,1,61.97,55.23
ORD-2025-053383,2,PROD-040,1,15.21,14.78
ORD-2025-053384,1,PROD-043,1,107.04,48.17
ORD-2025-053384,2,PROD-012,2,18.5,16.65
ORD-2025-053385,1,PROD-010,1,38.03,37.55
ORD-2025-053386,1,PROD-004,1,20.28,18.6
ORD-2025-053387,1,PROD-003,1,14.37,14.27
ORD-2025-053387,2,PROD-018,1,50.7,43.9
ORD-2025-053388,1,PROD-056,1,101.41,73.33
ORD-2025-053389,1,PROD-021,1,15.49,14.91
ORD-2025-053390,1,PROD-004,2,20.28,21.65
ORD-2025-053390,2,PROD-029,2,24.79,39.06
ORD-2025-053390,3,PROD-033,2,52.11,64.54
ORD-2025-053391,1,PROD-009,1,61.97,56.94
ORD-2025-053391,2,PROD-043,1,107.04,104.92
ORD-2025-053392,1,PROD-043,2,107.04,212.77
ORD-2025-053392,2,PROD-019,1,29.58,28.19
ORD-2025-053393,1,PROD-010,2,38.03,34.23
ORD-2025-053394,1,PROD-027,1,21.13,20.48
ORD-2025-053395,1,PROD-009,2,61.97,69.56
ORD-2025-053396,1,PROD-010,1,38.03,33.38
ORD-2025-053397,1,PROD-044,1,40.85,39.46
ORD-2025-053397,2,PROD-019,3,29.58,80.55
ORD-2025-053398,1,PROD-046,1,259.15,240.34
ORD-2025-053399,1,PROD-027,1,21.13,19.78
ORD-2025-053399,2,PROD-053,1,53.52,49.18
ORD-2025-053400,1,PROD-031,1,53.52,49.36
ORD-2025-053400,2,PROD-027,1,21.13,20.9
ORD-2025-053401,1,PROD-019,2,29.58,58.36
ORD-2025-053401,2,PROD-009,1,61.97,60.05
ORD-2025-053402,1,PROD-006,2,32.39,43.33
ORD-2025-053402,2,PROD-060,1,42.25,19.01
ORD-2025-053403,1,PROD-003,1,14.37,13.78
ORD-2025-053404,1,PROD-009,1,61.97,48.24
ORD-2025-053404,2,PROD-007,2,17.18,30.32
ORD-2025-053405,1,PROD-002,3,11.9,34.81
ORD-2025-053406,1,PROD-010,2,38.03,73.28
ORD-2025-053407,1,PROD-020,2,10.14,9.7
ORD-2025-053407,2,PROD-030,1,49.3,27.3
ORD-2025-053408,1,PROD-006,1,32.39,25.4
ORD-2025-053409,1,PROD-049,1,80.28,70.03
ORD-2025-053410,1,PROD-009,1,61.97,48.4
ORD-2025-053410,2,PROD-010,1,38.03,34.85
ORD-2025-053411,1,PROD-054,1,59.15,52.08
ORD-2025-053412,1,PROD-010,1,38.03,33.11
ORD-2025-053412,2,PROD-043,4,107.04,414.93
ORD-2025-053413,1,PROD-006,1,32.39,29.73
ORD-2025-053413,2,PROD-042,1,73.24,67.01
ORD-2025-053413,3,PROD-018,1,50.7,41.5
ORD-2025-053414,1,PROD-011,3,14.9,43.02
ORD-2025-053414,2,PROD-007,1,17.18,15.88
ORD-2025-053415,1,PROD-018,1,50.7,49.56
ORD-2025-053415,2,PROD-004,1,20.28,19.98
ORD-2025-053415,3,PROD-010,2,38.03,71.47
ORD-2025-053415,4,PROD-034,2,9.01,17.28
ORD-2025-053416,1,PROD-009,1,61.97,45.88
ORD-2025-053417,1,PROD-020,1,10.14,4.57
ORD-2025-053418,1,PROD-053,1,53.52,32.81
ORD-2025-053419,1,PROD-009,2,61.97,108.41
ORD-2025-053419,2,PROD-032,3,19.72,59.11
ORD-2025-053419,3,PROD-011,1,14.9,14.14
ORD-2025-053419,4,PROD-003,2,14.37,27.33
ORD-2025-053420,1,PROD-043,3,107.04,244.66
ORD-2025-053420,2,PROD-041,3,11.83,30.61
ORD-2025-053420,3,PROD-018,2,50.7,98.36
ORD-2025-053421,1,PROD-005,1,20.28,19.93
ORD-2025-053422,1,PROD-004,1,20.28,18.4
ORD-2025-053423,1,PROD-058,1,39.44,35.89
ORD-2025-053424,1,PROD-041,3,11.83,26.82
ORD-2025-053425,1,PROD-003,1,14.37,13.4
ORD-2025-053426,1,PROD-043,2,107.04,208.36
ORD-2025-053427,1,PROD-030,1,49.3,48.14
ORD-2025-053428,1,PROD-009,2,61.97,116.32
ORD-2025-053429,1,PROD-018,1,50.7,35.36
ORD-2025-053429,2,PROD-002,3,11.9,33.02
ORD-2025-053429,3,PROD-030,1,49.3,44.9
ORD-2025-053430,1,PROD-031,2,53.52,96.82
ORD-2025-053430,2,PROD-043,1,107.04,92.19
ORD-2025-053431,1,PROD-004,2,20.28,36.45
ORD-2025-053432,1,PROD-054,1,59.15,56.41
ORD-2025-053433,1,PROD-018,1,50.7,44.67
ORD-2025-053434,1,PROD-043,2,107.04,189.89
ORD-2025-053435,1,PROD-009,1,61.97,53.02
ORD-2025-053436,1,PROD-043,1,107.04,50.42
ORD-2025-053437,1,PROD-004,1,20.28,16.29
ORD-2025-053438,1,PROD-002,1,11.9,10.02
ORD-2025-053438,2,PROD-043,3,107.04,305.48
ORD-2025-053439,1,PROD-006,1,32.39,29.9
ORD-2025-053439,2,PROD-030,1,49.3,47.54
ORD-2025-053440,1,PROD-003,2,14.37,28.26
ORD-2025-053440,2,PROD-009,1,61.97,57.66
ORD-2025-053441,1,PROD-037,1,9.86,8.64
ORD-2025-053441,2,PROD-006,1,32.39,18.09
ORD-2025-053441,3,PROD-034,3,9.01,24.76
ORD-2025-053442,1,PROD-017,3,12.5,16.88
ORD-2025-053443,1,PROD-010,1,38.03,20.99
ORD-2025-053444,1,PROD-005,1,20.28,18.02
ORD-2025-053445,1,PROD-005,1,20.28,18.17
ORD-2025-053445,2,PROD-032,4,19.72,73.66
ORD-2025-053446,1,PROD-001,1,12.9,11.3
ORD-2025-053447,1,PROD-043,2,107.04,210.06
ORD-2025-053448,1,PROD-002,1,11.9,10.79
ORD-2025-053449,1,PROD-010,1,38.03,32.77
ORD-2025-053449,2,PROD-013,1,11.9,10.74
ORD-2025-053450,1,PROD-037,4,9.86,36.11
ORD-2025-053451,1,PROD-030,1,49.3,42.61
ORD-2025-053451,2,PROD-028,2,17.18,29.34
ORD-2025-053451,3,PROD-009,1,61.97,57.37
ORD-2025-053451,4,PROD-018,2,50.7,98.95
ORD-2025-053452,1,PROD-010,1,38.03,31.39
ORD-2025-053453,1,PROD-016,1,8.9,7.94
ORD-2025-053453,2,PROD-002,1,11.9,11.73
ORD-2025-053453,3,PROD-043,1,107.04,98.4
ORD-2025-053453,4,PROD-030,1,49.3,42.93
ORD-2025-053454,1,PROD-043,1,107.04,101.35
ORD-2025-053455,1,PROD-006,2,32.39,48.91
ORD-2025-053456,1,PROD-043,3,107.04,300.66
ORD-2025-053457,1,PROD-009,1,61.97,58.25
ORD-2025-053457,2,PROD-031,2,53.52,99.86
ORD-2025-053457,3,PROD-035,2,10.14,19.17
ORD-2025-053458,1,PROD-006,2,32.39,57.29
ORD-2025-053459,1,PROD-020,1,10.14,9.09
ORD-2025-053460,1,PROD-005,2,20.28,34.72
ORD-2025-053460,2,PROD-009,3,61.97,166.65
ORD-2025-053460,3,PROD-006,2,32.39,59.84
ORD-2025-053461,1,PROD-032,1,19.72,17.1
ORD-2025-053462,1,PROD-002,1,11.9,11.71
ORD-2025-053463,1,PROD-009,1,61.97,34.9
ORD-2025-053464,1,PROD-009,1,61.97,59.52
ORD-2025-053465,1,PROD-060,1,42.25,22.63
ORD-2025-053466,1,PROD-017,3,12.5,32.82
ORD-2025-053466,2,PROD-041,1,11.83,11.53
ORD-2025-053467,1,PROD-034,1,9.01,7.17
ORD-2025-053467,2,PROD-009,1,61.97,55.48
ORD-2025-053468,1,PROD-009,2,61.97,103.86
ORD-2025-053469,1,PROD-009,1,61.97,46.41
ORD-2025-053469,2,PROD-051,1,36.06,28.48
ORD-2025-053469,3,PROD-054,1,59.15,38.59
ORD-2025-053470,1,PROD-044,1,40.85,38.96
ORD-2025-053471,1,PROD-009,2,61.97,107.42
ORD-2025-053471,2,PROD-001,1,12.9,12.29
ORD-2025-053472,1,PROD-009,1,61.97,45.96
ORD-2025-053473,1,PROD-033,1,52.11,28.3
ORD-2025-053474,1,PROD-043,2,107.04,211.51
ORD-2025-053474,2,PROD-009,2,61.97,117.1
ORD-2025-053475,1,PROD-018,1,50.7,-47.92
ORD-2025-053475,2,PROD-009,1,61.97,53.31
ORD-2025-053475,3,PROD-048,1,55.77,46.86
ORD-2025-053476,1,PROD-010,2,38.03,74.57
ORD-2025-053477,1,PROD-043,2,107.04,209.58
ORD-2025-053477,2,PROD-030,1,49.3,48.12
ORD-2025-053478,1,PROD-030,1,49.3,47.24
ORD-2025-053479,1,PROD-005,1,20.28,19.09
ORD-2025-053480,1,PROD-042,2,73.24,139.01
ORD-2025-053480,2,PROD-039,1,8.17,7.78
ORD-2025-053480,3,PROD-030,1,49.3,46.07
ORD-2025-053481,1,PROD-010,1,38.03,32.52
ORD-2025-053482,1,PROD-009,1,61.97,61.78
ORD-2025-053483,1,PROD-010,1,38.03,35.47
ORD-2025-053483,2,PROD-009,1,61.97,61.33
ORD-2025-053484,1,PROD-001,1,12.9,9.74
ORD-2025-053485,1,PROD-023,1,7.89,7.45
ORD-2025-053485,2,PROD-001,1,12.9,11.29
ORD-2025-053486,1,PROD-043,1,107.04,98.92
ORD-2025-053487,1,PROD-006,1,32.39,28.46
ORD-2025-053487,2,PROD-009,1,61.97,56.48
ORD-2025-053487,3,PROD-036,2,11.55,16.9
ORD-2025-053487,4,PROD-010,2,38.03,67.92
ORD-2025-053487,5,PROD-018,3,50.7,145.21
ORD-2025-053488,1,PROD-009,1,61.97,59.53
ORD-2025-053489,1,PROD-031,1,53.52,51.5
ORD-2025-053490,1,PROD-004,1,20.28,19.14
ORD-2025-053491,1,PROD-008,3,9.9,27.42
ORD-2025-053491,2,PROD-041,1,11.83,11.33
ORD-2025-053491,3,PROD-002,1,11.9,10.24
ORD-2025-053491,4,PROD-043,2,107.04,205.41
ORD-2025-053492,1,PROD-040,1,15.21,14.93
ORD-2025-053492,2,PROD-043,2,107.04,206.76
ORD-2025-053493,1,PROD-008,1,9.9,9.63
ORD-2025-053494,1,PROD-009,1,61.97,54.51
ORD-2025-053495,1,PROD-038,2,7.89,7.1
ORD-2025-053496,1,PROD-001,1,12.9,10.92
ORD-2025-053496,2,PROD-042,2,73.24,118.25
ORD-2025-053497,1,PROD-010,1,38.03,37.25
ORD-2025-053497,2,PROD-043,2,107.04,202.86
ORD-2025-053497,3,PROD-009,1,61.97,59.17
ORD-2025-053498,1,PROD-009,1,61.97,55.26
ORD-2025-053499,1,PROD-043,1,107.04,69.83
ORD-2025-053500,1,PROD-018,2,50.7,99.81
ORD-2025-053501,1,PROD-033,1,52.11,49.68
ORD-2025-053502,1,PROD-041,2,11.83,12.14
ORD-2025-053503,1,PROD-028,1,17.18,16.51
ORD-2025-053503,2,PROD-027,2,21.13,32.87
ORD-2025-053504,1,PROD-009,1,61.97,59.63
ORD-2025-053505,1,PROD-018,2,50.7,84.49
ORD-2025-053506,1,PROD-043,1,107.04,64.03
ORD-2025-053506,2,PROD-030,1,49.3,46.31
ORD-2025-053506,3,PROD-009,3,61.97,166.35
ORD-2025-053507,1,PROD-010,2,38.03,69.89
ORD-2025-053507,2,PROD-006,1,32.39,30.13
ORD-2025-053508,1,PROD-001,2,12.9,22.93
ORD-2025-053509,1,PROD-004,3,20.28,27.38
ORD-2025-053510,1,PROD-052,1,46.48,43.69
ORD-2025-053510,2,PROD-041,1,11.83,10.75
ORD-2025-053511,1,PROD-042,1,73.24,71.57
ORD-2025-053511,2,PROD-009,2,61.97,121.59
ORD-2025-053512,1,PROD-010,1,38.03,26.5
ORD-2025-053513,1,PROD-002,1,11.9,11.36
ORD-2025-053513,2,PROD-041,2,11.83,20.87
ORD-2025-053514,1,PROD-024,1,8.73,8.07
ORD-2025-053514,2,PROD-010,2,38.03,68.01
ORD-2025-053514,3,PROD-028,2,17.18,31.14
ORD-2025-053514,4,PROD-015,2,26.76,42.93
ORD-2025-053515,1,PROD-042,2,73.24,94.27
ORD-2025-053516,1,PROD-043,1,107.04,71.85
ORD-2025-053517,1,PROD-010,1,38.03,33.84
ORD-2025-053518,1,PROD-009,1,61.97,57.97
ORD-2025-053518,2,PROD-045,1,72.68,68.3
ORD-2025-053518,3,PROD-015,2,26.76,52.65
ORD-2025-053519,1,PROD-004,1,20.28,18.86
ORD-2025-053520,1,PROD-003,1,14.37,12.43
ORD-2025-053521,1,PROD-043,1,107.04,106.29
ORD-2025-053522,1,PROD-013,1,11.9,11.74
ORD-2025-053523,1,PROD-042,2,73.24,145.97
ORD-2025-053523,2,PROD-003,1,14.37,13.92
ORD-2025-053524,1,PROD-022,1,9.01,6.89
ORD-2025-053524,2,PROD-009,1,61.97,56.6
ORD-2025-053525,1,PROD-009,2,61.97,101.05
ORD-2025-053525,2,PROD-043,2,107.04,187.94
ORD-2025-053525,3,PROD-018,1,50.7,43.16
ORD-2025-053526,1,PROD-007,1,17.18,16.15
ORD-2025-053526,2,PROD-009,2,61.97,119.07
ORD-2025-053526,3,PROD-041,2,11.83,21.77
ORD-2025-053527,1,PROD-009,1,61.97,59.75
ORD-2025-053528,1,PROD-010,1,38.03,37.28
ORD-2025-053529,1,PROD-056,1,101.41,70.29
ORD-2025-053530,1,PROD-009,2,61.97,111.84
ORD-2025-053531,1,PROD-018,1,50.7,47.01
ORD-2025-053532,1,PROD-034,2,9.01,14.01
ORD-2025-053533,1,PROD-056,1,101.41,88.71
ORD-2025-053534,1,PROD-002,1,11.9,11.14
ORD-2025-053534,2,PROD-047,1,108.45,107.29
ORD-2025-053535,1,PROD-042,1,73.24,67.76
ORD-2025-053535,2,PROD-044,2,40.85,47.86
ORD-2025-053536,1,PROD-009,1,61.97,59.58
ORD-2025-053537,1,PROD-009,1,61.97,61.36
ORD-2025-053537,2,PROD-027,1,21.13,20.76
ORD-2025-053537,3,PROD-002,1,11.9,10.97
ORD-2025-053537,4,PROD-038,2,7.89,15.2
ORD-2025-053538,1,PROD-031,1,53.52,50.09
ORD-2025-053538,2,PROD-009,1,61.97,42.72
ORD-2025-053538,3,PROD-004,2,20.28,32.07
ORD-2025-053539,1,PROD-010,1,38.03,35.04
ORD-2025-053539,2,PROD-030,2,49.3,92.71
ORD-2025-053539,3,PROD-017,1,12.5,9.02
ORD-2025-053539,4,PROD-005,2,20.28,37.2
ORD-2025-053539,5,PROD-043,1,107.04,100.28
ORD-2025-053540,1,PROD-027,1,21.13,20.94
ORD-2025-053541,1,PROD-027,1,21.13,14.59
ORD-2025-053541,2,PROD-035,2,10.14,16.16
ORD-2025-053542,1,PROD-005,2,20.28,37.9
ORD-2025-053543,1,PROD-009,1,61.97,60.5
ORD-2025-053544,1,PROD-018,1,50.7,48.23
ORD-2025-053544,2,PROD-010,1,38.03,37.32
ORD-2025-053544,3,PROD-009,3,61.97,184.18
ORD-2025-053545,1,PROD-003,1,14.37,13.06
ORD-2025-053546,1,PROD-009,2,61.97,110.68
ORD-2025-053547,1,PROD-001,1,12.9,12.57
ORD-2025-053548,1,PROD-010,3,38.03,105.09
ORD-2025-053548,2,PROD-009,2,61.97,117.59
ORD-2025-053549,1,PROD-009,2,61.97,107.91
ORD-2025-053550,1,PROD-034,1,9.01,8.26
ORD-2025-053550,2,PROD-002,2,11.9,21.89
ORD-2025-053551,1,PROD-056,1,101.41,53.24
ORD-2025-053552,1,PROD-006,3,32.39,95.87
ORD-2025-053552,2,PROD-005,2,20.28,38.51
ORD-2025-053552,3,PROD-009,1,61.97,60.66
ORD-2025-053553,1,PROD-009,1,61.97,61.38
ORD-2025-053554,1,PROD-010,1,38.03,37.31
ORD-2025-053555,1,PROD-009,1,61.97,54.68
ORD-2025-053556,1,PROD-009,1,61.97,60.96
ORD-2025-053556,2,PROD-042,1,73.24,72.68
ORD-2025-053556,3,PROD-040,1,15.21,15.14
ORD-2025-053556,4,PROD-043,2,107.04,203.89
ORD-2025-053557,1,PROD-040,3,15.21,44.12
ORD-2025-053558,1,PROD-005,3,20.28,33.71
ORD-2025-053558,2,PROD-018,3,50.7,128.83
ORD-2025-053559,1,PROD-002,2,11.9,21.97
ORD-2025-053559,2,PROD-009,1,61.97,54.03
ORD-2025-053560,1,PROD-043,4,107.04,346.08
ORD-2025-053561,1,PROD-027,1,21.13,20.99
ORD-2025-053562,1,PROD-009,3,61.97,182.56
ORD-2025-053563,1,PROD-009,2,61.97,114.51
ORD-2025-053563,2,PROD-002,1,11.9,11.65
ORD-2025-053564,1,PROD-005,1,20.28,17.08
ORD-2025-053564,2,PROD-027,1,21.13,19.57
ORD-2025-053564,3,PROD-012,1,18.5,13.0
ORD-2025-053564,4,PROD-035,2,10.14,17.33
ORD-2025-053564,5,PROD-041,2,11.83,22.42
ORD-2025-053565,1,PROD-013,1,11.9,10.87
ORD-2025-053566,1,PROD-021,1,15.49,14.9
ORD-2025-053566,2,PROD-043,1,107.04,95.68
ORD-2025-053566,3,PROD-009,2,61.97,
ORD-2025-053567,1,PROD-043,1,107.04,101.29
ORD-2025-053568,1,PROD-019,1,29.58,18.4
ORD-2025-053569,1,PROD-003,2,14.37,14.56
ORD-2025-053570,1,PROD-009,2,61.97,111.68
ORD-2025-053571,1,PROD-052,1,46.48,41.0
ORD-2025-053571,2,PROD-009,3,61.97,174.87
ORD-2025-053572,1,PROD-011,1,14.9,14.06
ORD-2025-053572,2,PROD-009,1,61.97,57.88
ORD-2025-053573,1,PROD-036,1,11.55,9.8
ORD-2025-053574,1,PROD-002,2,11.9,22.05
ORD-2025-053574,2,PROD-009,1,61.97,60.75
ORD-2025-053574,3,PROD-022,1,9.01,8.8
ORD-2025-053575,1,PROD-047,1,108.45,93.48
ORD-2025-053575,2,PROD-009,2,61.97,111.82
ORD-2025-053576,1,PROD-001,2,12.9,23.89
ORD-2025-053577,1,PROD-019,2,29.58,36.95
ORD-2025-053578,1,PROD-030,1,49.3,33.36
ORD-2025-053579,1,PROD-026,1,14.65,14.51
ORD-2025-053580,1,PROD-055,1,74.65,33.59
ORD-2025-053581,1,PROD-043,1,107.04,71.33
ORD-2025-053581,2,PROD-002,1,11.9,10.82
ORD-2025-053582,1,PROD-032,1,19.72,15.58
ORD-2025-053583,1,PROD-036,2,11.55,21.57
ORD-2025-053584,1,PROD-009,2,61.97,113.18
ORD-2025-053584,2,PROD-051,1,36.06,33.32
ORD-2025-053585,1,PROD-045,1,72.68,68.56
ORD-2025-053586,1,PROD-009,1,61.97,54.01
ORD-2025-053586,2,PROD-005,1,20.28,18.81
ORD-2025-053586,3,PROD-001,1,12.9,12.65
ORD-2025-053587,1,PROD-009,1,61.97,60.97
ORD-2025-053587,2,PROD-037,1,9.86,9.74
ORD-2025-053588,1,PROD-004,1,20.28,13.81
ORD-2025-053589,1,PROD-009,1,61.97,61.05
ORD-2025-053589,2,PROD-042,2,73.24,140.39
ORD-2025-053590,1,PROD-018,1,50.7,50.52
ORD-2025-053591,1,PROD-009,2,61.97,106.41
ORD-2025-053592,1,PROD-009,2,61.97,112.51
ORD-2025-053593,1,PROD-043,1,107.04,105.12
ORD-2025-053594,1,PROD-009,1,61.97,35.11
ORD-2025-053594,2,PROD-043,1,107.04,65.67
ORD-2025-053595,1,PROD-009,1,61.97,55.26
ORD-2025-053595,2,PROD-020,2,10.14,18.78
ORD-2025-053596,1,PROD-008,2,9.9,14.63
ORD-2025-053597,1,PROD-009,1,61.97,60.91
ORD-2025-053598,1,PROD-003,1,14.37,13.97
ORD-2025-053599,1,PROD-005,1,20.28,17.81
ORD-2025-053600,1,PROD-002,2,11.9,21.64
ORD-2025-053601,1,PROD-043,2,107.04,169.38
ORD-2025-053601,2,PROD-010,1,38.03,21.81
ORD-2025-053602,1,PROD-009,3,61.97,181.6
ORD-2025-053603,1,PROD-002,3,11.9,29.89
ORD-2025-053603,2,PROD-038,1,7.89,7.26
ORD-2025-053603,3,PROD-030,1,49.3,40.41
ORD-2025-053604,1,PROD-009,1,61.97,60.09
ORD-2025-053605,1,PROD-028,1,17.18,15.98
ORD-2025-053606,1,PROD-004,1,20.28,18.1
ORD-2025-053606,2,PROD-049,1,80.28,76.59
ORD-2025-053606,3,PROD-041,2,11.83,20.53
ORD-2025-053607,1,PROD-043,1,107.04,99.29
ORD-2025-053608,1,PROD-055,1,74.65,55.57
ORD-2025-053608,2,PROD-010,1,38.03,17.11
ORD-2025-053608,3,PROD-043,2,107.04,198.94
ORD-2025-053609,1,PROD-009,1,61.97,60.64
ORD-2025-053610,1,PROD-049,1,80.28,67.41
ORD-2025-053610,2,PROD-016,2,8.9,13.35
ORD-2025-053611,1,PROD-007,2,17.18,25.46
ORD-2025-053612,1,PROD-032,1,19.72,17.99
ORD-2025-053613,1,PROD-037,2,9.86,13.42
ORD-2025-053613,2,PROD-022,2,9.01,13.22
ORD-2025-053614,1,PROD-056,1,101.41,91.6
ORD-2025-053615,1,PROD-043,1,107.04,103.68
ORD-2025-053616,1,PROD-008,1,9.9,9.27
ORD-2025-053617,1,PROD-059,1,52.11,45.61
ORD-2025-053618,1,PROD-002,1,11.9,6.05
ORD-2025-053619,1,PROD-001,2,12.9,25.38
ORD-2025-053620,1,PROD-056,1,101.41,97.77
ORD-2025-053621,1,PROD-019,2,29.58,48.04
ORD-2025-053621,2,PROD-009,1,61.97,59.04
ORD-2025-053622,1,PROD-009,1,61.97,51.68
ORD-2025-053623,1,PROD-044,1,40.85,23.99
ORD-2025-053624,1,PROD-018,1,50.7,45.6
ORD-2025-053624,2,PROD-010,2,38.03,69.12
ORD-2025-053625,1,PROD-009,3,61.97,177.02
ORD-2025-053626,1,PROD-030,1,49.3,44.01
ORD-2025-053626,2,PROD-009,1,61.97,60.66
ORD-2025-053627,1,PROD-011,1,14.9,13.75
ORD-2025-053627,2,PROD-009,1,61.97,54.84
ORD-2025-053628,1,PROD-003,2,14.37,27.89
ORD-2025-053629,1,PROD-009,1,61.97,31.54
ORD-2025-053630,1,PROD-060,1,42.25,32.11
ORD-2025-053631,1,PROD-018,2,50.7,99.89
ORD-2025-053631,2,PROD-010,1,38.03,37.27
ORD-2025-053631,3,PROD-026,2,14.65,27.96
ORD-2025-053632,1,PROD-001,1,12.9,11.43
ORD-2025-053633,1,PROD-048,1,55.77,46.8
ORD-2025-053633,2,PROD-007,3,17.18,41.92
ORD-2025-053634,1,PROD-031,2,53.52,103.12
ORD-2025-053635,1,PROD-010,3,38.03,104.54
ORD-2025-053636,1,PROD-013,1,11.9,11.45
ORD-2025-053637,1,PROD-019,1,29.58,19.51
ORD-2025-053637,2,PROD-017,2,12.5,16.89
ORD-2025-053638,1,PROD-041,1,11.83,8.87
ORD-2025-053639,1,PROD-009,1,61.97,46.43
ORD-2025-053640,1,PROD-006,1,32.39,30.87
ORD-2025-053641,1,PROD-030,1,49.3,46.74
ORD-2025-053642,1,PROD-002,1,11.9,10.55
ORD-2025-053642,2,PROD-010,2,38.03,67.56
ORD-2025-053643,1,PROD-043,3,107.04,314.28
ORD-2025-053644,1,PROD-027,1,21.13,20.27
ORD-2025-053644,2,PROD-056,1,101.41,73.16
ORD-2025-053645,1,PROD-009,1,61.97,54.53
ORD-2025-053646,1,PROD-009,2,61.97,123.63
ORD-2025-053647,1,PROD-015,1,26.76,26.31
ORD-2025-053647,2,PROD-002,1,11.9,11.74
ORD-2025-053647,3,PROD-031,1,53.52,52.93
ORD-2025-053648,1,PROD-003,3,14.37,35.52
ORD-2025-053649,1,PROD-008,1,9.9,7.45
ORD-2025-053649,2,PROD-041,2,11.83,22.45
ORD-2025-053649,3,PROD-043,2,107.04,186.29
ORD-2025-053650,1,PROD-040,1,15.21,11.7
ORD-2025-053650,2,PROD-059,1,52.11,27.81
ORD-2025-053650,3,PROD-006,3,32.39,78.14
ORD-2025-053651,1,PROD-010,1,38.03,35.69
ORD-2025-053652,1,PROD-029,1,24.79,23.46
ORD-2025-053652,2,PROD-031,1,53.52,50.03
ORD-2025-053653,1,PROD-039,2,8.17,13.94
ORD-2025-053654,1,PROD-018,1,50.7,32.75
ORD-2025-053655,1,PROD-042,1,73.24,60.6
ORD-2025-053655,2,PROD-030,2,49.3,90.49
ORD-2025-053656,1,PROD-004,2,20.28,36.33
ORD-2025-053657,1,PROD-042,1,73.24,68.55
ORD-2025-053657,2,PROD-009,1,61.97,52.51
ORD-2025-053658,1,PROD-017,3,12.5,35.58
ORD-2025-053659,1,PROD-055,1,74.65,71.53
ORD-2025-053660,1,PROD-022,2,9.01,17.44
ORD-2025-053661,1,PROD-009,2,61.97,117.54
ORD-2025-053662,1,PROD-048,1,55.77,26.79
ORD-2025-053663,1,PROD-009,2,61.97,117.62
ORD-2025-053664,1,PROD-043,1,107.04,48.17
ORD-2025-053664,2,PROD-009,2,61.97,56.48
ORD-2025-053665,1,PROD-018,1,50.7,42.43
ORD-2025-053666,1,PROD-010,1,38.03,36.12
ORD-2025-053667,1,PROD-020,1,10.14,5.27
ORD-2025-053667,2,PROD-009,1,61.97,43.79
ORD-2025-053668,1,PROD-005,1,20.28,19.84
ORD-2025-053668,2,PROD-011,2,14.9,28.79
ORD-2025-053668,3,PROD-021,1,15.49,13.84
ORD-2025-053669,1,PROD-005,2,20.28,34.59
ORD-2025-053669,2,PROD-009,1,61.97,54.49
ORD-2025-053670,1,PROD-028,1,17.18,13.78
ORD-2025-053671,1,PROD-002,1,11.9,9.66
ORD-2025-053671,2,PROD-043,1,107.04,86.23
ORD-2025-053672,1,PROD-009,1,61.97,57.54
ORD-2025-053672,2,PROD-006,1,32.39,26.52
ORD-2025-053673,1,PROD-043,1,107.04,103.08
ORD-2025-053674,1,PROD-055,1,74.65,62.21
ORD-2025-053675,1,PROD-004,3,20.28,47.74
ORD-2025-053675,2,PROD-043,1,107.04,104.25
ORD-2025-053676,1,PROD-043,1,107.04,103.41
ORD-2025-053677,1,PROD-009,1,61.97,55.18
ORD-2025-053678,1,PROD-009,1,61.97,38.05
ORD-2025-053678,2,PROD-018,1,50.7,42.93
ORD-2025-053679,1,PROD-009,1,61.97,59.92
ORD-2025-053680,1,PROD-037,1,9.86,9.07
ORD-2025-053681,1,PROD-013,1,11.9,9.76
ORD-2025-053682,1,PROD-019,2,29.58,40.51
ORD-2025-053683,1,PROD-009,2,61.97,100.28
ORD-2025-053684,1,PROD-001,1,12.9,10.66
ORD-2025-053684,2,PROD-009,1,61.97,52.87
ORD-2025-053685,1,PROD-019,1,29.58,28.28
ORD-2025-053686,1,PROD-005,1,20.28,15.11
ORD-2025-053686,2,PROD-035,2,10.14,10.61
ORD-2025-053687,1,PROD-009,1,61.97,61.22
ORD-2025-053688,1,PROD-034,1,9.01,7.62
ORD-2025-053689,1,PROD-004,2,20.28,36.78
ORD-2025-053690,1,PROD-009,1,61.97,56.18
ORD-2025-053691,1,PROD-043,2,107.04,208.71
ORD-2025-053691,2,PROD-001,2,12.9,20.86
ORD-2025-053692,1,PROD-020,1,10.14,9.02
ORD-2025-053693,1,PROD-044,1,40.85,40.33
ORD-2025-053694,1,PROD-009,1,61.97,56.66
ORD-2025-053694,2,PROD-041,2,11.83,16.32
ORD-2025-053695,1,PROD-005,2,20.28,35.19
ORD-2025-053696,1,PROD-031,1,53.52,47.75
ORD-2025-053696,2,PROD-003,1,14.37,10.5
ORD-2025-053697,1,PROD-018,2,50.7,99.79
ORD-2025-053698,1,PROD-037,2,9.86,16.31
ORD-2025-053698,2,PROD-021,1,15.49,13.52
ORD-2025-053698,3,PROD-034,3,9.01,20.68
ORD-2025-053699,1,PROD-043,1,107.04,78.87
ORD-2025-053699,2,PROD-008,2,9.9,15.92
ORD-2025-053700,1,PROD-009,1,61.97,56.1
ORD-2025-053701,1,PROD-009,1,61.97,51.35
ORD-2025-053702,1,PROD-009,2,61.97,88.15
ORD-2025-053703,1,PROD-010,2,38.03,55.25
ORD-2025-053703,2,PROD-003,1,14.37,13.24
ORD-2025-053703,3,PROD-009,2,61.97,116.21
ORD-2025-053704,1,PROD-018,1,50.7,50.15
ORD-2025-053704,2,PROD-009,1,61.97,59.49
ORD-2025-053705,1,PROD-010,2,38.03,68.52
ORD-2025-053705,2,PROD-043,1,107.04,84.07
ORD-2025-053706,1,PROD-009,1,61.97,60.65
ORD-2025-053707,1,PROD-030,1,49.3,41.26
ORD-2025-053707,2,PROD-007,1,17.18,8.9
ORD-2025-053708,1,PROD-009,2,61.97,71.33
ORD-2025-053708,2,PROD-041,2,11.83,15.73
ORD-2025-053709,1,PROD-010,1,38.03,36.0
ORD-2025-053709,2,PROD-018,1,50.7,50.1
ORD-2025-053709,3,PROD-045,1,72.68,67.98
ORD-2025-053710,1,PROD-004,1,20.28,17.47
ORD-2025-053711,1,PROD-009,1,61.97,60.71
ORD-2025-053712,1,PROD-018,1,50.7,41.96
ORD-2025-053712,2,PROD-005,1,20.28,19.2
ORD-2025-053712,3,PROD-009,2,61.97,112.92
ORD-2025-053712,4,PROD-010,2,38.03,54.6
ORD-2025-053713,1,PROD-009,1,61.97,60.85
ORD-2025-053713,2,PROD-002,3,11.9,35.34
ORD-2025-053713,3,PROD-031,2,53.52,106.37
ORD-2025-053714,1,PROD-001,1,12.9,11.0
ORD-2025-053714,2,PROD-009,3,61.97,159.99
ORD-2025-053714,3,PROD-035,1,10.14,8.65
ORD-2025-053715,1,PROD-037,1,9.86,9.26
ORD-2025-053716,1,PROD-009,1,61.97,59.16
ORD-2025-053717,1,PROD-030,1,49.3,45.44
ORD-2025-053718,1,PROD-009,2,61.97,93.28
ORD-2025-053719,1,PROD-009,3,61.97,182.58
ORD-2025-053720,1,PROD-004,1,20.28,19.73
ORD-2025-053721,1,PROD-009,1,61.97,59.58
ORD-2025-053722,1,PROD-048,1,55.77,53.9
ORD-2025-053723,1,PROD-029,1,24.79,22.87
ORD-2025-053723,2,PROD-025,1,21.97,19.13
ORD-2025-053723,3,PROD-016,2,8.9,14.57
ORD-2025-053724,1,PROD-005,3,20.28,59.43
ORD-2025-053725,1,PROD-009,2,61.97,114.9
ORD-2025-053726,1,PROD-056,1,101.41,47.48
ORD-2025-053727,1,PROD-009,2,61.97,119.35
ORD-2025-053728,1,PROD-006,3,32.39,66.35
ORD-2025-053728,2,PROD-018,1,50.7,41.51
ORD-2025-053729,1,PROD-014,2,9.9,18.05
ORD-2025-053730,1,PROD-032,1,19.72,19.07
ORD-2025-053731,1,PROD-004,1,20.28,19.25
ORD-2025-053732,1,PROD-030,1,49.3,46.85
ORD-2025-053733,1,PROD-006,1,32.39,31.72
ORD-2025-053733,2,PROD-010,2,38.03,72.46
ORD-2025-053734,1,PROD-009,2,61.97,121.99
ORD-2025-053735,1,PROD-027,2,21.13,35.12
ORD-2025-053735,2,PROD-009,3,61.97,168.03
ORD-2025-053735,3,PROD-029,1,24.79,24.44
ORD-2025-053735,4,PROD-043,2,107.04,204.53
ORD-2025-053736,1,PROD-002,3,11.9,33.86
ORD-2025-053737,1,PROD-001,1,12.9,12.42
ORD-2025-053738,1,PROD-031,1,53.52,49.73
ORD-2025-053739,1,PROD-002,1,11.9,11.42
ORD-2025-053740,1,PROD-009,2,61.97,118.39
ORD-2025-053740,2,PROD-047,1,108.45,107.79
ORD-2025-053741,1,PROD-006,1,32.39,30.1
ORD-2025-053741,2,PROD-001,1,12.9,12.57
ORD-2025-053741,3,PROD-010,1,38.03,36.63
ORD-2025-053742,1,PROD-009,2,61.97,118.56
ORD-2025-053743,1,PROD-001,3,12.9,35.51
ORD-2025-053743,2,PROD-009,1,61.97,54.96
ORD-2025-053743,3,PROD-030,1,49.3,45.17
ORD-2025-053744,1,PROD-031,2,53.52,98.04
ORD-2025-053745,1,PROD-009,2,61.97,104.73
ORD-2025-053746,1,PROD-043,1,107.04,103.13
ORD-2025-053747,1,PROD-009,2,61.97,121.83
ORD-2025-053748,1,PROD-009,2,61.97,119.63
ORD-2025-053749,1,PROD-004,1,20.28,17.15
ORD-2025-053749,2,PROD-010,3,38.03,102.91
ORD-2025-053750,1,PROD-005,1,20.28,19.65
ORD-2025-053750,2,PROD-035,1,10.14,8.11
ORD-2025-053751,1,PROD-001,2,12.9,22.38
ORD-2025-053752,1,PROD-018,1,50.7,41.63
ORD-2025-053753,1,PROD-009,2,61.97,104.52
ORD-2025-053754,1,PROD-006,1,32.39,29.42
ORD-2025-053755,1,PROD-003,1,14.37,11.86
ORD-2025-053755,2,PROD-015,1,26.76,23.04
ORD-2025-053755,3,PROD-039,3,8.17,19.3
ORD-2025-053756,1,PROD-004,1,20.28,19.9
ORD-2025-053756,2,PROD-010,2,38.03,71.45
ORD-2025-053756,3,PROD-012,2,18.5,35.7
ORD-2025-053756,4,PROD-009,2,61.97,121.03
ORD-2025-053757,1,PROD-030,2,49.3,94.1
ORD-2025-053758,1,PROD-035,3,10.14,22.8
ORD-2025-053758,2,PROD-037,2,9.86,15.68
ORD-2025-053759,1,PROD-009,3,61.97,184.16
ORD-2025-053760,1,PROD-009,1,61.97,57.17
ORD-2025-053761,1,PROD-043,2,107.04,208.21
ORD-2025-053762,1,PROD-009,2,61.97,115.25
ORD-2025-053763,1,PROD-019,1,29.58,25.63
ORD-2025-053764,1,PROD-059,1,52.11,23.45
ORD-2025-053765,1,PROD-027,1,21.13,20.51
ORD-2025-053765,2,PROD-056,1,101.41,98.4
ORD-2025-053765,3,PROD-025,1,21.97,21.11
ORD-2025-053765,4,PROD-018,2,50.7,95.29
ORD-2025-053766,1,PROD-009,1,61.97,57.5
ORD-2025-053767,1,PROD-011,1,14.9,14.01
ORD-2025-053768,1,PROD-027,1,21.13,19.85
ORD-2025-053768,2,PROD-018,2,50.7,90.91
ORD-2025-053768,3,PROD-010,2,38.03,61.48
ORD-2025-053768,4,PROD-009,2,61.97,117.02
ORD-2025-053769,1,PROD-005,1,20.28,18.34
ORD-2025-053770,1,PROD-009,1,61.97,56.49
ORD-2025-053770,2,PROD-007,1,17.18,16.03
ORD-2025-053770,3,PROD-005,2,20.28,23.37
ORD-2025-053771,1,PROD-031,1,53.52,49.85
ORD-2025-053772,1,PROD-018,1,50.7,47.12
ORD-2025-053773,1,PROD-055,1,74.65,67.94
ORD-2025-053774,1,PROD-001,1,12.9,12.48
ORD-2025-053775,1,PROD-031,1,53.52,24.08
ORD-2025-053776,1,PROD-010,1,38.03,33.24
ORD-2025-053777,1,PROD-009,1,61.97,60.7
ORD-2025-053777,2,PROD-043,1,107.04,96.68
ORD-2025-053778,1,PROD-024,1,8.73,6.12
ORD-2025-053779,1,PROD-038,1,7.89,6.27
ORD-2025-053780,1,PROD-059,1,52.11,28.79
ORD-2025-053781,1,PROD-006,1,32.39,27.13
ORD-2025-053782,1,PROD-009,1,61.97,59.89
ORD-2025-053783,1,PROD-045,1,72.68,63.14
ORD-2025-053783,2,PROD-038,1,7.89,6.22
ORD-2025-053784,1,PROD-030,1,49.3,48.18
ORD-2025-053785,1,PROD-004,1,20.28,13.63
ORD-2025-053785,2,PROD-016,3,8.9,22.16
ORD-2025-053786,1,PROD-055,1,74.65,68.41
ORD-2025-053787,1,PROD-010,1,38.03,36.83
ORD-2025-053787,2,PROD-042,2,73.24,141.47
ORD-2025-053788,1,PROD-009,1,61.97,58.28
ORD-2025-053788,2,PROD-058,1,39.44,36.94
ORD-2025-053789,1,PROD-009,3,61.97,161.33
ORD-2025-053789,2,PROD-043,2,107.04,193.76
ORD-2025-053790,1,PROD-009,2,61.97,115.85
ORD-2025-053791,1,PROD-047,1,108.45,104.88
ORD-2025-053792,1,PROD-040,4,15.21,59.28
ORD-2025-053793,1,PROD-009,3,61.97,181.58
ORD-2025-053793,2,PROD-010,3,38.03,111.47
ORD-2025-053793,3,PROD-043,2,107.04,207.25
ORD-2025-053794,1,PROD-044,1,40.85,40.56
ORD-2025-053795,1,PROD-010,3,38.03,110.71
ORD-2025-053795,2,PROD-009,2,61.97,106.23
ORD-2025-053795,3,PROD-002,1,11.9,11.41
ORD-2025-053796,1,PROD-010,1,38.03,36.79
ORD-2025-053796,2,PROD-043,1,107.04,88.28
ORD-2025-053796,3,PROD-009,1,61.97,59.89
ORD-2025-053797,1,PROD-009,1,61.97,59.16
ORD-2025-053797,2,PROD-041,3,11.83,31.12
ORD-2025-053798,1,PROD-030,1,49.3,47.9
ORD-2025-053799,1,PROD-031,1,53.52,49.81
ORD-2025-053800,1,PROD-005,3,20.28,59.51
ORD-2025-053800,2,PROD-002,2,11.9,16.92
ORD-2025-053800,3,PROD-018,1,50.7,41.31
ORD-2025-053801,1,PROD-004,1,20.28,19.83
ORD-2025-053801,2,PROD-009,1,61.97,61.02
ORD-2025-053802,1,PROD-028,1,17.18,15.48
ORD-2025-053803,1,PROD-043,2,107.04,165.89
ORD-2025-053804,1,PROD-043,2,107.04,206.72
ORD-2025-053804,2,PROD-049,1,80.28,71.51
ORD-2025-053804,3,PROD-002,3,11.9,34.74
ORD-2025-053804,4,PROD-009,3,61.97,179.96
ORD-2025-053805,1,PROD-009,1,61.97,61.14
ORD-2025-053806,1,PROD-004,2,20.28,38.68
ORD-2025-053807,1,PROD-009,1,61.97,54.52
ORD-2025-053808,1,PROD-038,1,7.89,7.16
ORD-2025-053809,1,PROD-002,2,11.9,16.93
ORD-2025-053810,1,PROD-010,2,38.03,37.18
ORD-2025-053810,2,PROD-055,1,74.65,61.09
ORD-2025-053811,1,PROD-018,1,50.7,48.53
ORD-2025-053811,2,PROD-001,2,12.9,22.88
ORD-2025-053812,1,PROD-009,2,61.97,77.4
ORD-2025-053812,2,PROD-056,1,101.41,68.76
ORD-2025-053813,1,PROD-019,2,29.58,55.78
ORD-2025-053814,1,PROD-007,1,17.18,16.48
ORD-2025-053814,2,PROD-009,2,61.97,114.16
ORD-2025-053815,1,PROD-004,1,20.28,15.58
ORD-2025-053816,1,PROD-022,1,9.01,4.39
ORD-2025-053816,2,PROD-043,2,107.04,130.18
ORD-2025-053817,1,PROD-002,1,11.9,11.58
ORD-2025-053818,1,PROD-018,1,50.7,49.6
ORD-2025-053818,2,PROD-011,2,14.9,27.77
ORD-2025-053819,1,PROD-023,1,7.89,7.09
ORD-2025-053820,1,PROD-041,2,11.83,22.32
ORD-2025-053820,2,PROD-009,2,61.97,110.91
ORD-2025-053821,1,PROD-010,1,38.03,37.33
ORD-2025-053821,2,PROD-026,1,14.65,13.31
ORD-2025-053821,3,PROD-009,2,61.97,121.54
ORD-2025-053822,1,PROD-004,2,20.28,37.58
ORD-2025-053822,2,PROD-035,3,10.14,23.4
ORD-2025-053823,1,PROD-019,1,29.58,25.6
ORD-2025-053824,1,PROD-023,2,7.89,13.47
ORD-2025-053825,1,PROD-004,1,20.28,15.59
ORD-2025-053826,1,PROD-009,1,61.97,59.23
ORD-2025-053827,1,PROD-008,3,9.9,28.87
ORD-2025-053828,1,PROD-006,2,32.39,61.14
ORD-2025-053829,1,PROD-018,1,50.7,50.02
ORD-2025-053830,1,PROD-043,3,107.04,320.25
ORD-2025-053830,2,PROD-010,3,38.03,109.45
ORD-2025-053830,3,PROD-001,1,12.9,12.37
ORD-2025-053831,1,PROD-032,2,19.72,35.07
ORD-2025-053831,2,PROD-009,1,61.97,56.86
ORD-2025-053831,3,PROD-001,3,12.9,35.77
ORD-2025-053832,1,PROD-010,2,38.03,69.12
ORD-2025-053833,1,PROD-025,1,21.97,21.33
ORD-2025-053834,1,PROD-010,2,38.03,61.98
ORD-2025-053835,1,PROD-009,1,61.97,59.27
ORD-2025-053836,1,PROD-009,2,61.97,121.76
ORD-2025-053836,2,PROD-006,2,32.39,59.7
ORD-2025-053836,3,PROD-042,1,73.24,69.89
ORD-2025-053837,1,PROD-009,1,61.97,60.0
ORD-2025-053837,2,PROD-002,1,11.9,11.69
ORD-2025-053838,1,PROD-031,1,53.52,37.78
ORD-2025-053839,1,PROD-041,1,11.83,11.64
ORD-2025-053840,1,PROD-017,2,12.5,24.39
ORD-2025-053840,2,PROD-013,1,11.9,11.45
ORD-2025-053841,1,PROD-022,1,9.01,8.47
ORD-2025-053842,1,PROD-009,1,61.97,37.36
ORD-2025-053843,1,PROD-018,1,50.7,39.31
ORD-2025-053844,1,PROD-009,1,61.97,53.12
ORD-2025-053845,1,PROD-019,1,29.58,28.65
ORD-2025-053845,2,PROD-042,4,73.24,210.43
ORD-2025-053846,1,PROD-009,1,61.97,58.17
ORD-2025-053846,2,PROD-043,1,107.04,100.86
ORD-2025-053847,1,PROD-009,3,61.97,168.45
ORD-2025-053847,2,PROD-001,1,12.9,12.21
ORD-2025-053847,3,PROD-006,2,32.39,48.71
ORD-2025-053848,1,PROD-001,1,12.9,10.83
ORD-2025-053848,2,PROD-042,1,73.24,64.53
ORD-2025-053848,3,PROD-035,1,10.14,8.16
ORD-2025-053849,1,PROD-009,1,61.97,48.5
ORD-2025-053849,2,PROD-043,2,107.04,185.22
ORD-2025-053849,3,PROD-058,1,39.44,36.23
ORD-2025-053850,1,PROD-018,1,50.7,43.0
ORD-2025-053850,2,PROD-001,1,12.9,11.59
ORD-2025-053851,1,PROD-009,1,61.97,58.9
ORD-2025-053851,2,PROD-014,1,9.9,9.11
ORD-2025-053852,1,PROD-009,2,61.97,55.77
ORD-2025-053852,2,PROD-039,3,8.17,11.03
ORD-2025-053853,1,PROD-018,1,50.7,42.4
ORD-2025-053854,1,PROD-026,1,14.65,14.22
ORD-2025-053855,1,PROD-009,1,61.97,58.75
ORD-2025-053855,2,PROD-001,2,12.9,24.97
ORD-2025-053855,3,PROD-043,1,107.04,95.46
ORD-2025-053856,1,PROD-004,2,20.28,33.51
ORD-2025-053857,1,PROD-030,1,49.3,44.16
ORD-2025-053857,2,PROD-010,2,38.03,71.36
ORD-2025-053858,1,PROD-023,1,7.89,7.48
ORD-2025-053859,1,PROD-042,1,73.24,61.36
ORD-2025-053860,1,PROD-040,2,15.21,24.56
ORD-2025-053861,1,PROD-019,1,29.58,26.43
ORD-2025-053862,1,PROD-004,2,20.28,39.8
ORD-2025-053862,2,PROD-007,1,17.18,15.97
ORD-2025-053862,3,PROD-043,1,107.04,95.05
ORD-2025-053863,1,PROD-002,3,11.9,35.1
ORD-2025-053864,1,PROD-009,2,61.97,105.82
ORD-2025-053865,1,PROD-009,1,61.97,55.78
ORD-2025-053866,1,PROD-030,2,49.3,92.41
ORD-2025-053867,1,PROD-025,2,21.97,38.02
ORD-2025-053868,1,PROD-009,1,61.97,60.46
ORD-2025-053869,1,PROD-048,1,55.77,49.01
ORD-2025-053869,2,PROD-018,1,50.7,23.96
ORD-2025-053869,3,PROD-009,1,61.97,47.54
ORD-2025-053870,1,PROD-043,1,107.04,87.39
ORD-2025-053871,1,PROD-009,1,61.97,53.55
ORD-2025-053871,2,PROD-027,1,21.13,20.95
ORD-2025-053872,1,PROD-009,2,61.97,116.95
ORD-2025-053873,1,PROD-041,4,11.83,45.34
ORD-2025-053874,1,PROD-010,1,38.03,33.22
ORD-2025-053874,2,PROD-018,1,50.7,29.88
ORD-2025-053874,3,PROD-046,1,259.15,253.81
ORD-2025-053875,1,PROD-009,2,61.97,113.49
ORD-2025-053876,1,PROD-018,1,50.7,33.76
ORD-2025-053876,2,PROD-040,1,15.21,10.05
ORD-2025-053877,1,PROD-009,2,61.97,104.73
ORD-2025-053877,2,PROD-031,2,53.52,93.55
ORD-2025-053878,1,PROD-009,1,61.97,60.32
ORD-2025-053879,1,PROD-001,1,12.9,10.26
ORD-2025-053880,1,PROD-043,2,107.04,199.37
ORD-2025-053881,1,PROD-010,1,38.03,31.97
ORD-2025-053882,1,PROD-001,1,12.9,11.42
ORD-2025-053883,1,PROD-001,2,12.9,24.55
ORD-2025-053884,1,PROD-049,1,80.28,69.64
ORD-2025-053884,2,PROD-022,2,9.01,8.11
ORD-2025-053885,1,PROD-009,1,61.97,61.0
ORD-2025-053886,1,PROD-009,2,61.97,95.76
ORD-2025-053886,2,PROD-045,1,72.68,55.65
ORD-2025-053887,1,PROD-043,3,107.04,306.96
ORD-2025-053887,2,PROD-049,1,80.28,73.18
ORD-2025-053888,1,PROD-036,1,11.55,9.5
ORD-2025-053889,1,PROD-010,1,38.03,32.77
ORD-2025-053889,2,PROD-031,1,53.52,50.57
ORD-2025-053889,3,PROD-034,2,9.01,10.66
ORD-2025-053890,1,PROD-004,1,20.28,19.92
ORD-2025-053891,1,PROD-009,1,61.97,59.87
ORD-2025-053892,1,PROD-004,1,20.28,18.21
ORD-2025-053893,1,PROD-009,1,61.97,60.97
ORD-2025-053893,2,PROD-032,2,19.72,38.4
ORD-2025-053894,1,PROD-020,1,10.14,8.65
ORD-2025-053894,2,PROD-010,1,38.03,33.84
ORD-2025-053895,1,PROD-011,1,14.9,14.79
ORD-2025-053895,2,PROD-040,1,15.21,14.89
ORD-2025-053896,1,PROD-041,2,11.83,20.0
ORD-2025-053896,2,PROD-018,1,50.7,44.88
ORD-2025-053896,3,PROD-007,3,17.18,44.28
ORD-2025-053897,1,PROD-007,2,17.18,29.47
ORD-2025-053897,2,PROD-009,1,61.97,49.64
ORD-2025-053897,3,PROD-006,1,32.39,31.64
ORD-2025-053897,4,PROD-002,2,11.9,21.89
ORD-2025-053898,1,PROD-004,2,20.28,37.53
ORD-2025-053899,1,PROD-009,1,61.97,52.61
ORD-2025-053899,2,PROD-038,1,7.89,7.6
ORD-2025-053900,1,PROD-018,2,50.7,67.75
ORD-2025-053901,1,PROD-004,1,20.28,20.18
ORD-2025-053902,1,PROD-009,3,61.97,163.04
ORD-2025-053903,1,PROD-009,1,61.97,48.16
ORD-2025-053903,2,PROD-053,1,53.52,53.05
ORD-2025-053904,1,PROD-030,1,49.3,45.18
ORD-2025-053904,2,PROD-031,1,53.52,31.62
ORD-2025-053905,1,PROD-018,2,50.7,87.61
ORD-2025-053905,2,PROD-006,2,32.39,54.6
ORD-2025-053906,1,PROD-008,1,9.9,9.47
ORD-2025-053907,1,PROD-056,1,101.41,51.15
ORD-2025-053907,2,PROD-001,1,12.9,7.63
ORD-2025-053908,1,PROD-020,1,10.14,9.68
ORD-2025-053909,1,PROD-009,1,61.97,58.64
ORD-2025-053910,1,PROD-009,2,61.97,111.15
ORD-2025-053910,2,PROD-001,2,12.9,19.83
ORD-2025-053910,3,PROD-006,2,32.39,55.89
ORD-2025-053911,1,PROD-019,1,29.58,13.31
ORD-2025-053911,2,PROD-052,1,46.48,31.45
ORD-2025-053912,1,PROD-019,1,29.58,22.96
ORD-2025-053912,2,PROD-009,2,61.97,108.66
ORD-2025-053912,3,PROD-010,2,38.03,63.11
ORD-2025-053913,1,PROD-043,1,107.04,97.36
ORD-2025-053914,1,PROD-041,1,11.83,9.28
ORD-2025-053915,1,PROD-049,1,80.28,73.95
ORD-2025-053916,1,PROD-035,1,10.14,9.51
ORD-2025-053917,1,PROD-009,1,61.97,39.09
ORD-2025-053917,2,PROD-002,1,11.9,10.63
ORD-2025-053917,3,PROD-021,1,15.49,10.54
ORD-2025-053918,1,PROD-009,1,61.97,59.05
ORD-2025-053918,2,PROD-030,2,49.3,97.53
ORD-2025-053919,1,PROD-056,1,101.41,78.66
ORD-2025-053920,1,PROD-013,2,11.9,22.1
ORD-2025-053921,1,PROD-042,2,73.24,132.18
ORD-2025-053921,2,PROD-032,1,19.72,15.56
ORD-2025-053922,1,PROD-009,1,61.97,58.83
ORD-2025-053923,1,PROD-018,1,50.7,48.09
ORD-2025-053924,1,PROD-004,2,20.28,36.57
ORD-2025-053925,1,PROD-038,2,7.89,9.25
ORD-2025-053926,1,PROD-038,1,7.89,7.27
ORD-2025-053927,1,PROD-045,1,72.68,54.43
ORD-2025-053928,1,PROD-018,1,50.7,48.66
ORD-2025-053929,1,PROD-009,1,61.97,51.22
ORD-2025-053930,1,PROD-009,2,61.97,81.61
ORD-2025-053930,2,PROD-056,1,101.41,68.0
ORD-2025-053931,1,PROD-010,1,38.03,36.15
ORD-2025-053931,2,PROD-001,1,12.9,11.58
ORD-2025-053931,3,PROD-013,1,11.9,9.2
ORD-2025-053932,1,PROD-019,1,29.58,26.67
ORD-2025-053933,1,PROD-021,2,15.49,28.94
ORD-2025-053933,2,PROD-009,1,61.97,53.93
ORD-2025-053934,1,PROD-053,1,53.52,42.73
ORD-2025-053935,1,PROD-009,1,61.97,59.6
ORD-2025-053936,1,PROD-026,1,14.65,12.5
ORD-2025-053937,1,PROD-011,2,14.9,26.75
ORD-2025-053937,2,PROD-005,2,20.28,39.13
ORD-2025-053938,1,PROD-002,1,11.9,11.31
ORD-2025-053938,2,PROD-043,3,107.04,310.72
ORD-2025-053938,3,PROD-005,1,20.28,17.81
ORD-2025-053939,1,PROD-009,1,61.97,61.75
ORD-2025-053939,2,PROD-034,2,9.01,14.35
ORD-2025-053940,1,PROD-041,1,11.83,5.32
ORD-2025-053940,2,PROD-043,1,107.04,48.17
ORD-2025-053941,1,PROD-009,1,61.97,55.06
ORD-2025-053941,2,PROD-034,1,9.01,8.04
ORD-2025-053942,1,PROD-009,1,61.97,60.94
ORD-2025-053942,2,PROD-043,1,107.04,97.1
ORD-2025-053943,1,PROD-024,1,8.73,6.81
ORD-2025-053943,2,PROD-042,1,73.24,53.96
ORD-2025-053943,3,PROD-043,1,107.04,101.05
ORD-2025-053944,1,PROD-019,1,29.58,23.38
ORD-2025-053945,1,PROD-060,1,42.25,26.8
ORD-2025-053946,1,PROD-043,3,107.04,301.11
ORD-2025-053947,1,PROD-043,1,107.04,96.94
ORD-2025-053947,2,PROD-010,1,38.03,29.93
ORD-2025-053948,1,PROD-009,2,61.97,75.59
ORD-2025-053949,1,PROD-019,2,29.58,41.21
ORD-2025-053950,1,PROD-042,3,73.24,98.87
ORD-2025-053951,1,PROD-040,2,15.21,17.19
ORD-2025-053952,1,PROD-009,3,61.97,180.18
ORD-2025-053953,1,PROD-004,2,20.28,38.71
ORD-2025-053954,1,PROD-038,3,7.89,22.83
ORD-2025-053955,1,PROD-043,1,107.04,102.45
 ORD-2025-053956 ,1,PROD-001,1,12.9,12.67
ORD-2025-053957,1,PROD-043,3,107.04,284.45
ORD-2025-053958,1,PROD-009,1,61.97,52.31
ORD-2025-053959,1,PROD-043,2,107.04,155.7
ORD-2025-053960,1,PROD-014,1,9.9,6.76
ORD-2025-053960,2,PROD-050,1,61.97,58.3
ORD-2025-053960,3,PROD-002,2,11.9,20.76
ORD-2025-053960,4,PROD-009,3,61.97,183.59
ORD-2025-053960,5,PROD-018,1,50.7,35.31
ORD-2025-053961,1,PROD-009,1,61.97,58.1
ORD-2025-053961,2,PROD-037,1,9.86,9.39
ORD-2025-053961,3,PROD-019,2,29.58,57.72
ORD-2025-053962,1,PROD-009,2,61.97,116.71
ORD-2025-053963,1,PROD-006,1,32.39,22.2
ORD-2025-053963,2,PROD-010,1,38.03,32.55
ORD-2025-053963,3,PROD-012,1,18.5,16.45
ORD-2025-053964,1,PROD-042,4,73.24,282.94
ORD-2025-053964,2,PROD-005,2,20.28,36.41
ORD-2025-053965,1,PROD-030,1,49.3,47.48
ORD-2025-053966,1,PROD-018,1,50.7,50.16
ORD-2025-053967,1,PROD-043,2,107.04,204.08
ORD-2025-053968,1,PROD-001,2,12.9,25.63
ORD-2025-053969,1,PROD-013,1,11.9,7.5
ORD-2025-053969,2,PROD-001,1,12.9,6.28
ORD-2025-053970,1,PROD-030,1,49.3,45.91
ORD-2025-053971,1,PROD-002,1,11.9,11.26
ORD-2025-053971,2,PROD-004,1,20.28,18.42
ORD-2025-053972,1,PROD-042,1,73.24,69.47
ORD-2025-053972,2,PROD-001,1,12.9,12.31
ORD-2025-053972,3,PROD-017,1,12.5,12.34
ORD-2025-053972,4,PROD-043,2,107.04,204.68
ORD-2025-053973,1,PROD-041,2,11.83,20.42
ORD-2025-053973,2,PROD-009,1,61.97,41.5
ORD-2025-053973,3,PROD-040,1,15.21,10.58
ORD-2025-053974,1,PROD-001,1,12.9,11.34
ORD-2025-053974,2,PROD-048,1,55.77,51.24
ORD-2025-053975,1,PROD-005,2,20.28,36.71
ORD-2025-053976,1,PROD-030,1,49.3,32.76
ORD-2025-053977,1,PROD-032,1,19.72,19.23
ORD-2025-053978,1,PROD-009,1,61.97,60.07
ORD-2025-053978,2,PROD-017,2,12.5,24.02
ORD-2025-053978,3,PROD-034,2,9.01,17.18
ORD-2025-053978,4,PROD-011,1,14.9,14.75
ORD-2025-053979,1,PROD-006,1,32.39,30.06
ORD-2025-053979,2,PROD-013,2,11.9,20.61
ORD-2025-053979,3,PROD-002,1,11.9,11.18
ORD-2025-053980,1,PROD-029,1,24.79,22.9
ORD-2025-053981,1,PROD-043,1,107.04,82.57
ORD-2025-053982,1,PROD-002,1,11.9,9.5
ORD-2025-053983,1,PROD-030,1,49.3,43.17
ORD-2025-053984,1,PROD-030,2,49.3,98.14
ORD-2025-053984,2,PROD-027,2,21.13,41.94
ORD-2025-053985,1,PROD-009,2,61.97,113.47
ORD-2025-053986,1,PROD-043,1,107.04,93.69
ORD-2025-053986,2,PROD-040,2,15.21,29.28
ORD-2025-053987,1,PROD-009,3,61.97,183.86
ORD-2025-053988,1,PROD-043,1,107.04,76.38
ORD-2025-053988,2,PROD-015,3,26.76,68.58
ORD-2025-053989,1,PROD-009,1,61.97,60.52
ORD-2025-053989,2,PROD-033,2,52.11,102.54
ORD-2025-053989,3,PROD-019,1,29.58,28.82
ORD-2025-053990,1,PROD-003,2,14.37,27.42
ORD-2025-053990,2,PROD-005,1,20.28,18.6
ORD-2025-053990,3,PROD-015,1,26.76,23.5
ORD-2025-053991,1,PROD-003,1,14.37,13.62
ORD-2025-053992,1,PROD-020,2,10.14,11.37
ORD-2025-053993,1,PROD-009,1,61.97,60.98
ORD-2025-053993,2,PROD-042,2,73.24,136.26
ORD-2025-053994,1,PROD-056,1,101.41,71.72
ORD-2025-053995,1,PROD-024,1,8.73,7.78
ORD-2025-053996,1,PROD-031,2,53.52,88.52
ORD-2025-053997,1,PROD-018,2,50.7,75.58
ORD-2025-053998,1,PROD-031,1,53.52,52.56
ORD-2025-053999,1,PROD-043,1,107.04,91.01
ORD-2025-054000,1,PROD-006,1,32.39,31.41
ORD-2025-054000,2,PROD-005,1,20.28,19.06
ORD-2025-054001,1,PROD-060,1,42.25,31.52
ORD-2025-054001,2,PROD-032,2,19.72,17.75
ORD-2025-054002,1,PROD-036,2,11.55,15.59
ORD-2025-054003,1,PROD-049,1,80.28,68.33
ORD-2025-054003,2,PROD-042,2,73.24,139.51
ORD-2025-054004,1,PROD-001,1,12.9,11.95
ORD-2025-054004,2,PROD-003,1,14.37,10.04
ORD-2025-054004,3,PROD-017,2,12.5,22.15
ORD-2025-054005,1,PROD-010,1,38.03,34.44
ORD-2025-054005,2,PROD-005,2,20.28,34.57
ORD-2025-054006,1,PROD-058,1,39.44,31.75
ORD-2025-054006,2,PROD-007,1,17.18,12.91
ORD-2025-054007,1,PROD-043,1,107.04,96.35
ORD-2025-054007,2,PROD-001,1,12.9,10.41
ORD-2025-054008,1,PROD-030,1,49.3,44.87
ORD-2025-054009,1,PROD-009,1,61.97,61.19
ORD-2025-054009,2,PROD-043,1,107.04,104.34
ORD-2025-054010,1,PROD-043,2,107.04,179.12
ORD-2025-054011,1,PROD-055,1,74.65,61.51
ORD-2025-054012,1,PROD-026,2,14.65,28.26
ORD-2025-054013,1,PROD-059,1,52.11,50.03
ORD-2025-054014,1,PROD-009,1,61.97,56.01
ORD-2025-054014,2,PROD-023,1,7.89,7.5
ORD-2025-054014,3,PROD-006,2,32.39,61.97
ORD-2025-054015,1,PROD-039,3,8.17,20.93
ORD-2025-054016,1,PROD-009,1,61.97,59.57
ORD-2025-054016,2,PROD-018,1,50.7,48.39
ORD-2025-054016,3,PROD-036,2,11.55,22.64
ORD-2025-054017,1,PROD-009,2,61.97,108.97
ORD-2025-054017,2,PROD-056,1,101.41,74.31
ORD-2025-054018,1,PROD-007,2,17.18,32.48
ORD-2025-054019,1,PROD-018,2,50.7,66.63
ORD-2025-054020,1,PROD-009,2,61.97,108.7
ORD-2025-054020,2,PROD-035,1,10.14,9.64
ORD-2025-054021,1,PROD-009,2,61.97,121.73
ORD-2025-054022,1,PROD-059,1,52.11,49.35
ORD-2025-054023,1,PROD-011,1,14.9,13.18
ORD-2025-054023,2,PROD-043,1,107.04,103.03
ORD-2025-054023,3,PROD-001,1,12.9,
ORD-2025-054024,1,PROD-046,1,259.15,248.06
ORD-2025-054025,1,PROD-031,1,53.52,44.95
ORD-2025-054026,1,PROD-009,3,61.97,181.47
ORD-2025-054027,1,PROD-043,3,107.04,169.17
ORD-2025-054027,2,PROD-009,1,61.97,48.58
ORD-2025-054028,1,PROD-019,2,29.58,37.16
ORD-2025-054028,2,PROD-038,1,7.89,4.7
ORD-2025-054028,3,PROD-055,1,74.65,33.59
ORD-2025-054029,1,PROD-003,1,14.37,14.26
ORD-2025-054029,2,PROD-043,1,107.04,104.92
ORD-2025-054029,3,PROD-041,2,11.83,23.58
ORD-2025-054030,1,PROD-009,1,61.97,61.16
ORD-2025-054031,1,PROD-004,1,20.28,20.1
ORD-2025-054032,1,PROD-004,2,20.28,27.55
ORD-2025-054033,1,PROD-043,4,107.04,381.88
ORD-2025-054033,2,PROD-018,1,50.7,45.32
ORD-2025-054034,1,PROD-027,2,21.13,36.31
ORD-2025-054035,1,PROD-043,1,107.04,76.37
ORD-2025-054036,1,PROD-009,1,61.97,58.28
ORD-2025-054036,2,PROD-034,2,9.01,17.58
ORD-2025-054037,1,PROD-008,1,9.9,9.07
ORD-2025-054038,1,PROD-036,1,11.55,8.96
ORD-2025-054039,1,PROD-009,2,61.97,89.13
ORD-2025-054039,2,PROD-055,1,74.65,54.01
ORD-2025-054040,1,PROD-039,4,8.17,14.71
ORD-2025-054040,2,PROD-056,1,101.41,62.52
ORD-2025-054040,3,PROD-014,1,9.9,7.36
ORD-2025-054041,1,PROD-020,1,10.14,8.95
ORD-2025-054041,2,PROD-041,4,11.83,40.67
ORD-2025-054042,1,PROD-002,1,11.9,11.31
ORD-2025-054043,1,PROD-045,1,72.68,65.4
ORD-2025-054043,2,PROD-009,1,61.97,45.66
ORD-2025-054044,1,PROD-005,1,20.28,19.66
ORD-2025-054045,1,PROD-018,1,50.7,49.53
ORD-2025-054045,2,PROD-006,1,32.39,29.37
ORD-2025-054046,1,PROD-020,1,10.14,8.28
ORD-2025-054046,2,PROD-002,1,11.9,10.16
ORD-2025-054047,1,PROD-041,2,11.83,17.4
ORD-2025-054048,1,PROD-056,1,101.41,72.74
ORD-2025-054049,1,PROD-047,1,108.45,100.5
ORD-2025-054049,2,PROD-009,2,61.97,109.81
ORD-2025-054050,1,PROD-013,2,11.9,23.52
ORD-2025-054050,2,PROD-009,2,61.97,122.43
ORD-2025-054050,3,PROD-010,3,38.03,111.65
ORD-2025-054051,1,PROD-043,1,107.04,96.1
ORD-2025-054051,2,PROD-004,1,20.28,19.82
ORD-2025-054052,1,PROD-009,1,61.97,57.86
ORD-2025-054053,1,PROD-010,1,38.03,34.41
ORD-2025-054053,2,PROD-043,2,107.04,182.65
ORD-2025-054054,1,PROD-010,1,38.03,36.82
ORD-2025-054055,1,PROD-043,2,107.04,208.41
ORD-2025-054055,2,PROD-025,2,21.97,42.23
ORD-2025-054056,1,PROD-031,1,53.52,48.48
ORD-2025-054057,1,PROD-010,2,38.03,51.11
ORD-2025-054058,1,PROD-005,1,20.28,19.97
ORD-2025-054058,2,PROD-043,3,107.04,306.64
ORD-2025-054059,1,PROD-009,2,61.97,109.25
ORD-2025-054059,2,PROD-008,2,9.9,18.5
ORD-2025-054059,3,PROD-043,2,107.04,209.24
ORD-2025-054060,1,PROD-001,1,12.9,12.44
ORD-2025-054060,2,PROD-002,3,11.9,34.09
ORD-2025-054061,1,PROD-009,1,61.97,56.5
ORD-2025-054062,1,PROD-009,2,61.97,111.26
ORD-2025-054062,2,PROD-034,1,9.01,7.11
ORD-2025-054062,3,PROD-005,2,20.28,36.07
ORD-2025-054062,4,PROD-002,2,11.9,22.33
ORD-2025-054063,1,PROD-004,2,20.28,31.19
ORD-2025-054064,1,PROD-008,1,9.9,7.56
ORD-2025-054064,2,PROD-003,1,14.37,12.03
ORD-2025-054064,3,PROD-030,1,49.3,40.25
ORD-2025-054065,1,PROD-027,1,21.13,19.81
ORD-2025-054066,1,PROD-001,1,12.9,11.41
ORD-2025-054067,1,PROD-019,1,29.58,29.03
ORD-2025-054068,1,PROD-003,2,14.37,25.29
ORD-2025-054069,1,PROD-044,1,40.85,28.8
ORD-2025-054070,1,PROD-009,1,61.97,60.58
ORD-2025-054070,2,PROD-003,1,14.37,14.26
ORD-2025-054071,1,PROD-060,1,42.25,40.99
ORD-2025-054072,1,PROD-010,2,38.03,73.41
ORD-2025-054073,1,PROD-020,2,10.14,15.81
ORD-2025-054073,2,PROD-034,1,9.01,8.43
ORD-2025-054074,1,PROD-009,1,61.97,55.44
ORD-2025-054075,1,PROD-034,2,9.01,10.04
ORD-2025-054076,1,PROD-010,2,38.03,75.64
ORD-2025-054077,1,PROD-040,3,15.21,26.65
ORD-2025-054077,2,PROD-004,1,20.28,18.22
ORD-2025-054078,1,PROD-031,1,53.52,50.01
ORD-2025-054078,2,PROD-004,1,20.28,19.96
ORD-2025-054078,3,PROD-032,3,19.72,57.11
ORD-2025-054079,1,PROD-043,2,107.04,182.5
ORD-2025-054080,1,PROD-009,1,61.97,52.28
ORD-2025-054080,2,PROD-003,2,14.37,28.69
ORD-2025-054081,1,PROD-005,1,20.28,14.47
ORD-2025-054082,1,PROD-043,2,107.04,208.98
ORD-2025-054083,1,PROD-043,2,107.04,192.95
ORD-2025-054084,1,PROD-024,1,8.73,7.56
ORD-2025-054085,1,PROD-009,1,61.97,50.43
ORD-2025-054086,1,PROD-038,1,7.89,7.83
ORD-2025-054087,1,PROD-010,2,38.03,73.57
ORD-2025-054088,1,PROD-003,2,14.37,26.22
ORD-2025-054088,2,PROD-042,3,73.24,204.25
ORD-2025-054088,3,PROD-009,2,61.97,110.55
ORD-2025-054089,1,PROD-055,1,74.65,54.95
ORD-2025-054089,2,PROD-043,2,107.04,178.8
ORD-2025-054090,1,PROD-008,1,9.9,9.6
ORD-2025-054091,1,PROD-009,2,61.97,117.9
ORD-2025-054092,1,PROD-043,3,107.04,285.48
ORD-2025-054092,2,PROD-009,1,61.97,41.87
ORD-2025-054093,1,PROD-009,1,61.97,60.83
ORD-2025-054094,1,PROD-004,3,20.28,52.7
ORD-2025-054094,2,PROD-010,2,38.03,59.37
ORD-2025-054095,1,PROD-004,1,20.28,19.66
ORD-2025-054096,1,PROD-010,1,38.03,34.29
ORD-2025-054097,1,PROD-056,1,101.41,91.44
ORD-2025-054098,1,PROD-010,2,38.03,46.24
ORD-2025-054099,1,PROD-043,1,107.04,96.39
ORD-2025-054099,2,PROD-030,1,49.3,46.06
ORD-2025-054100,1,PROD-030,1,49.3,38.58
ORD-2025-054100,2,PROD-029,2,24.79,34.72
ORD-2025-054101,1,PROD-043,2,107.04,166.98
ORD-2025-054101,2,PROD-018,3,50.7,141.64
ORD-2025-054102,1,PROD-001,1,12.9,11.33
ORD-2025-054103,1,PROD-019,1,29.58,28.86
ORD-2025-054103,2,PROD-005,1,20.28,19.17
ORD-2025-054104,1,PROD-011,2,14.9,27.29
ORD-2025-054105,1,PROD-009,1,61.97,59.43
ORD-2025-054106,1,PROD-009,1,61.97,56.01
ORD-2025-054106,2,PROD-001,1,12.9,11.42
ORD-2025-054106,3,PROD-043,1,107.04,99.9
ORD-2025-054107,1,PROD-003,2,14.37,27.04
ORD-2025-054108,1,PROD-002,1,11.9,11.5
ORD-2025-054109,1,PROD-042,3,73.24,196.14
ORD-2025-054110,1,PROD-009,2,61.97,120.89
ORD-2025-054110,2,PROD-001,1,12.9,12.75
ORD-2025-054111,1,PROD-034,3,9.01,25.02
ORD-2025-054111,2,PROD-002,1,11.9,11.15
ORD-2025-054112,1,PROD-010,1,38.03,18.31
ORD-2025-054113,1,PROD-018,2,50.7,96.41
ORD-2025-054114,1,PROD-003,2,14.37,24.49
ORD-2025-054115,1,PROD-059,1,52.11,48.97
ORD-2025-054116,1,PROD-009,2,61.97,120.67
ORD-2025-054117,1,PROD-042,1,73.24,68.46
ORD-2025-054118,1,PROD-010,1,38.03,36.51
ORD-2025-054119,1,PROD-010,1,38.03,34.08
ORD-2025-054119,2,PROD-043,1,107.04,103.51
ORD-2025-054119,3,PROD-004,1,20.28,17.54
ORD-2025-054120,1,PROD-041,1,11.83,11.04
ORD-2025-054120,2,PROD-020,1,10.14,9.29
ORD-2025-054121,1,PROD-039,1,8.17,7.81
ORD-2025-054122,1,PROD-010,1,38.03,31.52
ORD-2025-054123,1,PROD-007,1,17.18,7.73
ORD-2025-054123,2,PROD-038,1,7.89,3.55
ORD-2025-054124,1,PROD-009,1,61.97,54.16
ORD-2025-054124,2,PROD-041,1,11.83,5.32
ORD-2025-054125,1,PROD-058,1,39.44,31.83
ORD-2025-054126,1,PROD-010,2,38.03,68.86
ORD-2025-054126,2,PROD-019,3,29.58,85.01
ORD-2025-054127,1,PROD-005,3,20.28,48.66
ORD-2025-054128,1,PROD-007,2,17.18,30.89
ORD-2025-054128,2,PROD-058,1,39.44,38.52
ORD-2025-054129,1,PROD-009,2,61.97,120.32
ORD-2025-054129,2,PROD-043,3,107.04,301.21
ORD-2025-054129,3,PROD-010,3,38.03,113.17
ORD-2025-054129,4,PROD-004,2,20.28,39.68
ORD-2025-054130,1,PROD-009,3,61.97,152.69
ORD-2025-054130,2,PROD-010,1,38.03,35.11
ORD-2025-054130,3,PROD-017,1,12.5,9.93
ORD-2025-054131,1,PROD-010,2,38.03,64.01
ORD-2025-054131,2,PROD-054,1,59.15,51.58
ORD-2025-054131,3,PROD-042,3,73.24,185.25
ORD-2025-054132,1,PROD-006,1,32.39,29.8
ORD-2025-054133,1,PROD-035,1,10.14,8.21
ORD-2025-054133,2,PROD-032,2,19.72,36.73
ORD-2025-054133,3,PROD-009,2,61.97,106.64
ORD-2025-054134,1,PROD-018,2,50.7,83.87
ORD-2025-054135,1,PROD-043,1,107.04,104.87
ORD-2025-054135,2,PROD-030,1,49.3,25.76
ORD-2025-054136,1,PROD-010,1,38.03,36.62
ORD-2025-054137,1,PROD-004,1,20.28,18.56
ORD-2025-054138,1,PROD-018,3,50.7,143.93
ORD-2025-054139,1,PROD-032,2,19.72,35.09
ORD-2025-054140,1,PROD-052,1,46.48,30.32
ORD-2025-054140,2,PROD-006,3,32.39,55.33
ORD-2025-054141,1,PROD-009,1,61.97,47.56
ORD-2025-054142,1,PROD-010,2,38.03,70.74
ORD-2025-054143,1,PROD-009,1,61.97,59.83
ORD-2025-054144,1,PROD-018,2,50.7,95.76
ORD-2025-054144,2,PROD-004,2,20.28,30.71
ORD-2025-054145,1,PROD-005,2,20.28,39.64
ORD-2025-054146,1,PROD-006,2,32.39,63.58
ORD-2025-054147,1,PROD-010,1,38.03,34.72
ORD-2025-054147,2,PROD-034,2,9.01,15.07
ORD-2025-054148,1,PROD-006,1,32.39,29.89
ORD-2025-054148,2,PROD-009,1,61.97,60.58
ORD-2025-054149,1,PROD-009,2,61.97,117.94
ORD-2025-054149,2,PROD-043,1,107.04,104.25
ORD-2025-054150,1,PROD-008,2,9.9,19.42
ORD-2025-054151,1,PROD-031,1,53.52,49.9
ORD-2025-054152,1,PROD-009,1,61.97,55.02
ORD-2025-054153,1,PROD-008,1,9.9,9.79
ORD-2025-054153,2,PROD-009,1,61.97,59.57
ORD-2025-054154,1,PROD-009,2,61.97,118.57
ORD-2025-054155,1,PROD-002,2,11.9,21.7
ORD-2025-054156,1,PROD-042,3,73.24,213.72
ORD-2025-054157,1,PROD-009,1,61.97,60.63
ORD-2025-054158,1,PROD-032,3,19.72,58.5
ORD-2025-054159,1,PROD-009,1,61.97,60.17
ORD-2025-054160,1,PROD-043,1,107.04,103.85
ORD-2025-054161,1,PROD-043,1,107.04,103.27
ORD-2025-054162,1,PROD-004,1,20.28,19.87
ORD-2025-054162,2,PROD-043,2,107.04,192.03
ORD-2025-054163,1,PROD-033,1,52.11,49.63
ORD-2025-054164,1,PROD-009,3,61.97,179.51
ORD-2025-054165,1,PROD-042,1,73.24,71.96
ORD-2025-054165,2,PROD-010,1,38.03,35.02
ORD-2025-054166,1,PROD-051,1,36.06,35.48
ORD-2025-054167,1,PROD-001,1,12.9,11.52
ORD-2025-054167,2,PROD-004,1,20.28,13.75
ORD-2025-054167,3,PROD-009,3,61.97,136.55
ORD-2025-054168,1,PROD-058,1,39.44,24.17
ORD-2025-054169,1,PROD-018,1,50.7,46.8
ORD-2025-054170,1,PROD-026,1,14.65,12.06
ORD-2025-054170,2,PROD-009,1,61.97,59.29
ORD-2025-054171,1,PROD-009,1,61.97,56.83
ORD-2025-054171,2,PROD-037,1,9.86,9.8
ORD-2025-054171,3,PROD-002,1,11.9,11.22
ORD-2025-054172,1,PROD-044,1,40.85,20.96
ORD-2025-054173,1,PROD-060,1,42.25,33.35
ORD-2025-054174,1,PROD-030,2,49.3,95.69
ORD-2025-054175,1,PROD-006,1,32.39,26.86
ORD-2025-054176,1,PROD-009,1,61.97,43.23
ORD-2025-054177,1,PROD-003,1,14.37,11.34
ORD-2025-054177,2,PROD-039,3,8.17,23.5
ORD-2025-054178,1,PROD-009,1,61.97,53.82
ORD-2025-054178,2,PROD-042,3,73.24,195.0
ORD-2025-054179,1,PROD-009,1,61.97,59.24
ORD-2025-054180,1,PROD-009,1,61.97,59.55
ORD-2025-054180,2,PROD-010,3,38.03,111.66
ORD-2025-054181,1,PROD-009,2,61.97,116.37
ORD-2025-054181,2,PROD-018,2,50.7,79.9
ORD-2025-054182,1,PROD-018,1,50.7,47.17
ORD-2025-054182,2,PROD-009,1,61.97,49.69
ORD-2025-054183,1,PROD-009,2,61.97,94.26
ORD-2025-054184,1,PROD-040,2,15.21,28.02
ORD-2025-054185,1,PROD-043,1,107.04,102.23
ORD-2025-054185,2,PROD-009,1,61.97,57.26
ORD-2025-054186,1,PROD-018,1,50.7,43.03
ORD-2025-054187,1,PROD-001,3,12.9,37.96
ORD-2025-054188,1,PROD-009,2,61.97,119.4
ORD-2025-054189,1,PROD-055,1,74.65,69.6
ORD-2025-054190,1,PROD-055,1,74.65,39.47
ORD-2025-054191,1,PROD-001,2,12.9,24.33
ORD-2025-054191,2,PROD-013,1,11.9,10.8
ORD-2025-054192,1,PROD-009,3,61.97,143.3
ORD-2025-054193,1,PROD-004,1,20.28,17.74
ORD-2025-054194,1,PROD-027,1,21.13,19.97
ORD-2025-054194,2,PROD-009,1,61.97,60.05
ORD-2025-054195,1,PROD-015,1,26.76,25.96
ORD-2025-054196,1,PROD-009,1,61.97,58.02
ORD-2025-054196,2,PROD-010,2,38.03,53.98
ORD-2025-054196,3,PROD-034,1,9.01,7.97
ORD-2025-054197,1,PROD-009,1,61.97,61.35
ORD-2025-054197,2,PROD-060,1,42.25,39.24
ORD-2025-054197,3,PROD-008,2,9.9,16.12
ORD-2025-054198,1,PROD-001,2,12.9,20.2
ORD-2025-054198,2,PROD-041,4,11.83,21.29
ORD-2025-054199,1,PROD-043,2,107.04,208.3
ORD-2025-054199,2,PROD-058,1,39.44,37.45
ORD-2025-054200,1,PROD-013,1,11.9,8.42
ORD-2025-054201,1,PROD-030,2,49.3,95.66
ORD-2025-054202,1,PROD-020,2,10.14,15.66
ORD-2025-054203,1,PROD-018,1,50.7,41.96
ORD-2025-054203,2,PROD-039,2,8.17,8.5
ORD-2025-054204,1,PROD-026,1,14.65,13.88
ORD-2025-054205,1,PROD-034,2,9.01,13.37
ORD-2025-054205,2,PROD-010,1,38.03,24.59
ORD-2025-054206,1,PROD-009,1,61.97,49.2
ORD-2025-054206,2,PROD-023,1,7.89,7.39
ORD-2025-054207,1,PROD-009,1,61.97,27.89
ORD-2025-054207,2,PROD-012,1,18.5,17.25
ORD-2025-054208,1,PROD-020,1,10.14,8.86
ORD-2025-054209,1,PROD-009,2,61.97,122.43
ORD-2025-054210,1,PROD-010,1,38.03,34.57
ORD-2025-054211,1,PROD-043,2,107.04,209.5
ORD-2025-054212,1,PROD-009,1,61.97,53.73
ORD-2025-054212,2,PROD-043,3,107.04,317.23
ORD-2025-054212,3,PROD-028,1,17.18,14.94
ORD-2025-054213,1,PROD-043,1,107.04,105.93
ORD-2025-054214,1,PROD-038,2,7.89,9.18
ORD-2025-054215,1,PROD-010,1,38.03,33.81
ORD-2025-054216,1,PROD-043,1,107.04,80.72
ORD-2025-054217,1,PROD-005,2,20.28,37.59
ORD-2025-054217,2,PROD-009,2,61.97,123.43
ORD-2025-054218,1,PROD-048,1,55.77,44.24
ORD-2025-054218,2,PROD-038,1,7.89,6.92
ORD-2025-054219,1,PROD-009,3,61.97,170.98
ORD-2025-054220,1,PROD-009,2,61.97,104.18
ORD-2025-054221,1,PROD-006,1,32.39,30.47
ORD-2025-054221,2,PROD-035,3,10.14,29.16
ORD-2025-054222,1,PROD-009,1,61.97,54.86
ORD-2025-054222,2,PROD-010,1,38.03,34.07
ORD-2025-054222,3,PROD-003,1,14.37,13.47
ORD-2025-054223,1,PROD-043,1,107.04,91.53
ORD-2025-054223,2,PROD-018,1,50.7,48.03
ORD-2025-054224,1,PROD-009,1,61.97,55.54
ORD-2025-054225,1,PROD-035,1,10.14,9.87
ORD-2025-054225,2,PROD-009,2,61.97,123.13
ORD-2025-054225,3,PROD-056,1,101.41,99.75
ORD-2025-054226,1,PROD-009,1,61.97,58.67
ORD-2025-054226,2,PROD-007,1,17.18,17.0
ORD-2025-054226,3, PROD-011 ,2,14.9,28.97
ORD-2025-054226,4,PROD-019,2,29.58,58.14
ORD-2025-054227,1,PROD-021,1,15.49,15.06
ORD-2025-054228,1,PROD-008,1,9.9,9.39
ORD-2025-054229,1,PROD-009,2,61.97,94.64
ORD-2025-054229,2,PROD-034,2,9.01,14.42
ORD-2025-054229,3,PROD-042,1,73.24,64.19
ORD-2025-054230,1,PROD-056,1,101.41,71.37
ORD-2025-054231,1,PROD-043,1,107.04,87.68
ORD-2025-054232,1,PROD-043,1,107.04,106.28
ORD-2025-054232,2,PROD-011,1,14.9,14.58
ORD-2025-054232,3,PROD-035,3,10.14,30.16
ORD-2025-054233,1,PROD-006,2,32.39,60.21
ORD-2025-054233,2,PROD-009,1,61.97,60.1
ORD-2025-054233,3,PROD-002,3,11.9,28.49
ORD-2025-054234,1,PROD-009,1,61.97,59.23
ORD-2025-054234,2,PROD-043,1,107.04,105.05
ORD-2025-054234,3,PROD-030,1,49.3,48.13
ORD-2025-054234,4,PROD-002,1,11.9,11.62
ORD-2025-054234,5,PROD-037,1,9.86,9.58
ORD-2025-054235,1,PROD-040,3,15.21,37.8
ORD-2025-054236,1,PROD-004,1,20.28,18.33
ORD-2025-054237,1,PROD-014,2,9.9,11.31
ORD-2025-054237,2,PROD-034,1,9.01,6.64
ORD-2025-054238,1,PROD-002,1,11.9,11.54
ORD-2025-054238,2,PROD-040,4,15.21,51.73
ORD-2025-054239,1,PROD-009,2,61.97,118.87
ORD-2025-054240,1,PROD-009,1,61.97,60.64
ORD-2025-054240,2,PROD-031,1,53.52,51.01
ORD-2025-054241,1,PROD-033,1,52.11,51.62
ORD-2025-054242,1,PROD-058,1,39.44,36.35
ORD-2025-054243,1,PROD-050,1,61.97,55.02
ORD-2025-054244,1,PROD-002,2,11.9,22.34
ORD-2025-054245,1,PROD-035,2,10.14,20.22
ORD-2025-054245,2,PROD-002,1,11.9,10.13
ORD-2025-054246,1,PROD-006,3,32.39,95.19
ORD-2025-054247,1,PROD-042,1,73.24,54.41
ORD-2025-054247,2,PROD-021,1,15.49,9.47
ORD-2025-054248,1,PROD-009,1,61.97,54.94
ORD-2025-054249,1,PROD-019,1,29.58,28.04
ORD-2025-054250,1,PROD-042,3,73.24,195.22
ORD-2025-054251,1,PROD-003,1,14.37,14.01
ORD-2025-054252,1,PROD-038,2,7.89,13.56
ORD-2025-054253,1,PROD-043,2,107.04,184.3
ORD-2025-054253,2,PROD-004,1,20.28,19.8
ORD-2025-054254,1,PROD-018,1,50.7,40.92
ORD-2025-054255,1,PROD-020,1,10.14,6.18
ORD-2025-054256,1,PROD-010,2,38.03,70.37
ORD-2025-054256,2,PROD-009,2,61.97,114.32
ORD-2025-054256,3,PROD-044,1,40.85,29.47
ORD-2025-054257,1,PROD-053,1,53.52,34.17
ORD-2025-054258,1,PROD-059,1,52.11,26.47
ORD-2025-054259,1,PROD-009,2,61.97,105.6
ORD-2025-054260,1,PROD-009,1,61.97,57.38
ORD-2025-054261,1,PROD-034,1,9.01,8.83
ORD-2025-054262,1,PROD-043,1,107.04,104.16
ORD-2025-054263,1,PROD-009,1,61.97,50.98
ORD-2025-054263,2,PROD-034,3,9.01,24.82
ORD-2025-054263,3,PROD-005,1,20.28,18.65
ORD-2025-054264,1,PROD-009,2,61.97,122.89
ORD-2025-054265,1,PROD-043,1,107.04,105.79
ORD-2025-054265,2,PROD-009,2,61.97,118.14
ORD-2025-054266,1,PROD-034,1,9.01,8.65
ORD-2025-054266,2,PROD-019,2,29.58,38.6
ORD-2025-054267,1,PROD-023,2,7.89,14.58
ORD-2025-054267,2,PROD-009,2,61.97,112.83
ORD-2025-054268,1,PROD-035,1,10.14,9.62
ORD-2025-054268,2,PROD-023,1,7.89,7.86
ORD-2025-054269,1,PROD-005,1,20.28,18.27
ORD-2025-054269,2,PROD-009,1,61.97,51.14
ORD-2025-054270,1,PROD-030,1,49.3,
ORD-2025-054270,2,PROD-009,1,61.97,59.42
ORD-2025-054271,1,PROD-011,1,14.9,12.06
ORD-2025-054271,2,PROD-043,1,107.04,56.24
ORD-2025-054272,1,PROD-009,1,61.97,56.49
ORD-2025-054273,1,PROD-043,1,107.04,103.94
ORD-2025-054274,1,PROD-036,1,11.55,10.14
ORD-2025-054275,1,PROD-029,1,24.79,19.3
ORD-2025-054276,1,PROD-009,1,61.97,58.41
ORD-2025-054277,1,PROD-043,3,107.04,292.86
ORD-2025-054278,1,PROD-041,1,11.83,11.37
ORD-2025-054279,1,PROD-008,1,9.9,9.55
ORD-2025-054280,1,PROD-006,2,32.39,41.67
ORD-2025-054281,1,PROD-019,1,29.58,28.97
ORD-2025-054281,2,PROD-009,1,61.97,60.24
ORD-2025-054282,1,PROD-009,2,61.97,113.22
ORD-2025-054282,2,PROD-002,1,11.9,9.77
ORD-2025-054283,1,PROD-043,1,107.04,89.79
ORD-2025-054284,1,PROD-004,1,20.28,18.78
ORD-2025-054285,1,PROD-056,1,101.41,96.16
ORD-2025-054286,1,PROD-032,1,19.72,19.28
ORD-2025-054287,1,PROD-005,1,20.28,18.5
ORD-2025-054288,1,PROD-043,1,107.04,67.91
ORD-2025-054288,2,PROD-026,1,14.65,11.22
ORD-2025-054289,1,PROD-018,2,50.7,87.14
ORD-2025-054290,1,PROD-012,1,18.5,18.04
ORD-2025-054291,1,PROD-001,1,12.9,10.23
ORD-2025-054292,1,PROD-029,1,24.79,23.51
ORD-2025-054292,2,PROD-009,2,61.97,103.32
ORD-2025-054293,1,PROD-017,1,12.5,10.96
ORD-2025-054294,1,PROD-004,1,20.28,17.78
ORD-2025-054294,2,PROD-009,1,61.97,56.94
ORD-2025-054295,1,PROD-042,3,73.24,182.46
ORD-2025-054296,1,PROD-009,1,61.97,55.97
ORD-2025-054296,2,PROD-043,2,107.04,165.55
ORD-2025-054297,1,PROD-003,3,14.37,41.62
ORD-2025-054298,1,PROD-043,1,107.04,103.78
ORD-2025-054299,1,PROD-009,2,61.97,114.53
ORD-2025-054300,1,PROD-010,2,38.03,67.57
ORD-2025-054301,1,PROD-031,1,53.52,48.16
ORD-2025-054301,2,PROD-030,1,49.3,48.35
ORD-2025-054302,1,PROD-006,1,32.39,31.96
ORD-2025-054302,2,PROD-009,1,61.97,53.31
ORD-2025-054302,3,PROD-043,3,107.04,242.61
ORD-2025-054303,1,PROD-004,1,20.28,19.42
ORD-2025-054303,2,PROD-050,1,61.97,60.62
ORD-2025-054303,3,PROD-016,3,8.9,26.14
ORD-2025-054304,1,PROD-028,1,17.18,16.89
ORD-2025-054304,2,PROD-009,1,61.97,61.05
ORD-2025-054305,1,PROD-048,2,55.77,100.55
ORD-2025-054305,2,PROD-006,1,32.39,30.24
ORD-2025-054306,1,PROD-018,2,50.7,59.42
ORD-2025-054307,1,PROD-010,1,38.03,37.0
ORD-2025-054307,2,PROD-027,2,21.13,39.69
ORD-2025-054308,1,PROD-037,2,9.86,19.0
ORD-2025-054309,1,PROD-001,1,12.9,12.41
ORD-2025-054309,2,PROD-043,2,107.04,
ORD-2025-054309,3,PROD-009,1,61.97,58.72
ORD-2025-054309,4,PROD-003,2,14.37,23.99
ORD-2025-054309,5,PROD-019,3,29.58,85.86
ORD-2025-054310,1,PROD-006,3,32.39,90.78
ORD-2025-054310,2,PROD-020,1,10.14,7.49
ORD-2025-054311,1,PROD-010,2,38.03,73.11
ORD-2025-054311,2,PROD-039,2,8.17,13.93
ORD-2025-054312,1,PROD-009,2,61.97,105.65
ORD-2025-054313,1,PROD-059,1,52.11,23.45
ORD-2025-054314,1,PROD-018,2,50.7,100.09
ORD-2025-054314,2,PROD-011,3,14.9,42.05
ORD-2025-054315,1,PROD-002,1,11.9,11.56
ORD-2025-054316,1,PROD-003,1,14.37,12.94
ORD-2025-054317,1,PROD-010,1,38.03,36.31
ORD-2025-054317,2,PROD-014,2,9.9,18.89
ORD-2025-054317,3,PROD-017,1,12.5,10.35
ORD-2025-054318,1,PROD-005,1,20.28,19.66
ORD-2025-054318,2,PROD-009,1,61.97,58.94
ORD-2025-054318,3,PROD-047,1,108.45,104.31
ORD-2025-054318,4,PROD-043,3,107.04,305.64
ORD-2025-054319,1,PROD-004,2,20.28,37.75
ORD-2025-054319,2,PROD-042,2,73.24,134.13
ORD-2025-054320,1,PROD-009,1,61.97,53.17
ORD-2025-054320,2,PROD-034,1,9.01,5.5
ORD-2025-054321,1,PROD-004,2,20.28,38.81
ORD-2025-054321,2,PROD-037,1,9.86,9.19
ORD-2025-054321,3,PROD-034,1,9.01,8.86
ORD-2025-054322,1,PROD-018,3,50.7,79.37
ORD-2025-054323,1,PROD-001,3,12.9,37.42
ORD-2025-054324,1,PROD-035,1,10.14,9.19
ORD-2025-054325,1,PROD-030,1,49.3,43.23
ORD-2025-054326,1,PROD-051,1,36.06,31.21
ORD-2025-054326,2,PROD-009,1,61.97,55.9
ORD-2025-054327,1,PROD-008,2,9.9,16.96
ORD-2025-054328,1,PROD-035,2,10.14,19.62
ORD-2025-054328,2,PROD-010,1,38.03,32.6
ORD-2025-054328,3,PROD-018,1,50.7,45.41
ORD-2025-054329,1,PROD-006,1,32.39,25.24
ORD-2025-054330,1,PROD-009,2,61.97,104.63
ORD-2025-054331,1,PROD-010,1,38.03,36.12
ORD-2025-054332,1,PROD-010,1,38.03,36.79
ORD-2025-054333,1,PROD-041,1,11.83,8.62
ORD-2025-054333,2,PROD-009,2,61.97,122.59
ORD-2025-054333,3,PROD-010,3,38.03,101.65
ORD-2025-054334,1,PROD-008,3,9.9,29.45
ORD-2025-054335,1,PROD-009,1,61.97,55.15
ORD-2025-054335,2,PROD-003,1,14.37,13.6
ORD-2025-054335,3,PROD-043,2,107.04,206.69
ORD-2025-054336,1,PROD-002,3,11.9,34.61
ORD-2025-054336,2,PROD-005,1,20.28,16.97
ORD-2025-054337,1,PROD-018,1,50.7,48.37
ORD-2025-054338,1,PROD-058,1,39.44,17.96
ORD-2025-054338,2,PROD-009,2,61.97,102.86
ORD-2025-054339,1,PROD-043,1,107.04,100.45
ORD-2025-054340,1,PROD-060,1,42.25,40.8
ORD-2025-054341,1,PROD-004,1,20.28,18.11
ORD-2025-054341,2,PROD-042,3,73.24,207.59
ORD-2025-054341,3,PROD-003,1,14.37,14.28
ORD-2025-054342,1,PROD-018,1,50.7,31.71
ORD-2025-054342,2,PROD-035,3,10.14,13.69
ORD-2025-054343,1,PROD-018,2,50.7,74.0
ORD-2025-054344,1,PROD-009,1,61.97,54.25
ORD-2025-054344,2,PROD-036,2,11.55,22.25
ORD-2025-054345,1,PROD-033,2,52.11,93.77
ORD-2025-054346,1,PROD-030,1,49.3,34.25
ORD-2025-054347,1,PROD-004,1,20.28,17.91
ORD-2025-054348,1,PROD-010,1,38.03,36.41
ORD-2025-054348,2,PROD-043,3,107.04,314.02
ORD-2025-054348,3,PROD-009,2,61.97,120.0
ORD-2025-054349,1,PROD-049,1,80.28,77.25
ORD-2025-054349,2,PROD-018,1,50.7,44.09
ORD-2025-054350,1,PROD-028,1,17.18,8.34
ORD-2025-054350,2,PROD-059,1,52.11,30.77
ORD-2025-054351,1,PROD-043,1,107.04,90.4
ORD-2025-054351,2,PROD-018,1,50.7,49.14
ORD-2025-054352,1,PROD-031,1,53.52,24.08
ORD-2025-054352,2,PROD-021,1,15.49,6.97
ORD-2025-054353,1,PROD-043,1,107.04,104.48
ORD-2025-054354,1,PROD-010,2,38.03,70.35
ORD-2025-054355,1,PROD-042,1,73.24,68.05
ORD-2025-054355,2,PROD-009,2,61.97,119.44
ORD-2025-054356,1,PROD-010,3,38.03,96.47
ORD-2025-054357,1,PROD-043,1,107.04,106.58
ORD-2025-054357,2,PROD-017,1,12.5,12.25
ORD-2025-054358,1,PROD-041,1,11.83,7.25
ORD-2025-054358,2,PROD-039,4,8.17,29.6
ORD-2025-054359,1,PROD-009,2,61.97,116.38
ORD-2025-054360,1,PROD-006,1,32.39,28.01
ORD-2025-054361,1,PROD-001,2,12.9,23.83
ORD-2025-054362,1,PROD-019,1,29.58,26.78
ORD-2025-054363,1,PROD-035,2,10.14,19.32
ORD-2025-054363,2,PROD-031,1,53.52,53.5
ORD-2025-054364,1,PROD-018,1,50.7,49.63
ORD-2025-054364,2,PROD-043,2,107.04,197.83
ORD-2025-054365,1,PROD-003,1,14.37,13.64
ORD-2025-054366,1,PROD-030,1,49.3,30.67
ORD-2025-054366,2,PROD-054,1,59.15,26.62
ORD-2025-054367,1,PROD-006,1,32.39,29.5
ORD-2025-054368,1,PROD-009,1,61.97,53.63
ORD-2025-054368,2,PROD-018,3,50.7,144.19
ORD-2025-054369,1,PROD-030,1,49.3,22.18
ORD-2025-054370,1,PROD-042,1,73.24,66.28
ORD-2025-054370,2,PROD-009,2,61.97,105.25
ORD-2025-054370,3,PROD-006,2,32.39,61.46
ORD-2025-054371,1,PROD-043,1,107.04,82.15
ORD-2025-054372,1,PROD-010,1,38.03,31.42
ORD-2025-054373,1,PROD-009,2,61.97,119.29
ORD-2025-054374,1,PROD-043,2,107.04,192.63
ORD-2025-054375,1,PROD-010,1,38.03,36.12
ORD-2025-054376,1,PROD-009,3,61.97,176.48
ORD-2025-054376,2,PROD-035,4,10.14,38.38
ORD-2025-054376,3,PROD-039,1,8.17,7.58
ORD-2025-054377,1,PROD-031,2,53.52,102.34
ORD-2025-054378,1,PROD-031,2,53.52,82.85
ORD-2025-054378,2,PROD-017,2,12.5,22.49
ORD-2025-054379,1,PROD-010,1,38.03,35.3
ORD-2025-054380,1,PROD-009,2,61.97,113.13
ORD-2025-054381,1,PROD-043,2,107.04,201.75
ORD-2025-054381,2,PROD-058,1,39.44,38.44
ORD-2025-054382,1,PROD-001,3,12.9,35.25
ORD-2025-054383,1,PROD-054,1,59.15,51.47
ORD-2025-054384,1,PROD-009,1,61.97,58.65
ORD-2025-054384,2,PROD-010,2,38.03,70.4
ORD-2025-054385,1,PROD-003,1,14.37,6.47
ORD-2025-054386,1,PROD-038,2,7.89,14.48
ORD-2025-054387,1,PROD-010,1,38.03,31.65
ORD-2025-054387,2,PROD-018,1,50.7,42.97
ORD-2025-054387,3,PROD-043,2,107.04,151.72
ORD-2025-054388,1,PROD-045,2,72.68,140.13
ORD-2025-054389,1,PROD-009,2,61.97,80.65
ORD-2025-054390,1,PROD-058,1,39.44,27.1
ORD-2025-054391,1,PROD-005,2,20.28,35.23
ORD-2025-054391,2,PROD-004,1,20.28,19.18
ORD-2025-054392,1,PROD-037,1,9.86,9.43
ORD-2025-054392,2,PROD-011,1,14.9,14.2
ORD-2025-054392,3,PROD-022,1,9.01,7.48
ORD-2025-054392,4,PROD-010,1,38.03,34.9
ORD-2025-054393,1,PROD-043,1,107.04,48.17
ORD-2025-054393,2,PROD-040,2,15.21,13.69
ORD-2025-054394,1,PROD-034,1,9.01,8.53
ORD-2025-054395,1,PROD-003,1,14.37,14.22
ORD-2025-054395,2,PROD-002,1,11.9,11.04
ORD-2025-054396,1,PROD-010,2,38.03,69.37
ORD-2025-054396,2,PROD-030,2,49.3,89.72
ORD-2025-054396,3,PROD-009,2,61.97,121.72
ORD-2025-054397,1,PROD-054,1,59.15,48.64
ORD-2025-054397,2,PROD-010,1,38.03,33.03
ORD-2025-054397,3,PROD-005,2,20.28,32.65
ORD-2025-054398,1,PROD-043,2,107.04,196.87
ORD-2025-054399,1,PROD-054,1,59.15,42.69
ORD-2025-054400,1,PROD-018,1,50.7,43.14
ORD-2025-054401,1,PROD-050,1,61.97,50.38
ORD-2025-054401,2,PROD-003,3,14.37,39.59
ORD-2025-054402,1,PROD-046,1,259.15,207.22
ORD-2025-054402,2,PROD-009,1,61.97,36.14
ORD-2025-054403,1,PROD-003,1,14.37,13.64
ORD-2025-054404,1,PROD-016,2,8.9,11.6
ORD-2025-054404,2,PROD-009,1,61.97,27.89
ORD-2025-054405,1,PROD-009,2,61.97,122.54
ORD-2025-054405,2,PROD-007,1,17.18,16.27
ORD-2025-054406,1,PROD-042,1,73.24,72.11
ORD-2025-054407,1,PROD-025,2,21.97,38.55
ORD-2025-054407,2,PROD-004,2,20.28,37.96
ORD-2025-054407,3,PROD-043,2,107.04,211.36
ORD-2025-054407,4,PROD-030,2,49.3,76.03
ORD-2025-054408,1,PROD-043,2,107.04,194.6
ORD-2025-054409,1,PROD-010,1,38.03,30.11
ORD-2025-054410,1,PROD-010,1,38.03,35.92
ORD-2025-054410,2,PROD-043,2,107.04,209.31
ORD-2025-054411,1,PROD-018,2,50.7,93.81
ORD-2025-054411,2,PROD-009,3,61.97,178.38
ORD-2025-054412,1,PROD-030,1,49.3,42.81
ORD-2025-054413,1,PROD-014,1,9.9,7.37
ORD-2025-054414,1,PROD-010,2,38.03,67.94
ORD-2025-054414,2,PROD-018,1,50.7,45.25
ORD-2025-054414,3,PROD-011,1,14.9,12.44
ORD-2025-054415,1,PROD-043,2,107.04,143.26
ORD-2025-054416,1,PROD-056,1,101.41,98.03
ORD-2025-054417,1,PROD-026,1,14.65,13.86
ORD-2025-054418,1,PROD-008,1,9.9,9.71
ORD-2025-054419,1,PROD-033,2,52.11,97.36
ORD-2025-054420,1,PROD-010,3,38.03,111.8
ORD-2025-054421,1,PROD-030,2,49.3,85.49
ORD-2025-054422,1,PROD-043,1,107.04,101.9
ORD-2025-054422,2,PROD-020,2,10.14,18.83
ORD-2025-054423,1,PROD-021,1,15.49,14.92
ORD-2025-054424,1,PROD-018,1,50.7,48.07
ORD-2025-054425,1,PROD-009,1,61.97,58.82
ORD-2025-054426,1,PROD-018,3,50.7,150.14
ORD-2025-054426,2,PROD-016,2,8.9,16.39
ORD-2025-054426,3,PROD-001,2,12.9,25.26
ORD-2025-054427,1,PROD-042,2,73.24,98.77
ORD-2025-054428,1,PROD-001,1,12.9,11.72
ORD-2025-054429,1,PROD-023,1,7.89,7.64
ORD-2025-054429,2,PROD-009,1,61.97,52.03
ORD-2025-054430,1,PROD-021,1,15.49,9.04
ORD-2025-054431,1,PROD-043,2,107.04,211.36
ORD-2025-054431,2,PROD-009,2,61.97,117.71
ORD-2025-054432,1,PROD-018,1,50.7,42.18
ORD-2025-054432,2,PROD-009,2,61.97,121.2
ORD-2025-054432,3,PROD-010,3,38.03,112.66
ORD-2025-054432,4,PROD-042,1,73.24,66.97
ORD-2025-054433,1,PROD-052,1,46.48,41.96
ORD-2025-054433,2,PROD-001,1,12.9,12.59
ORD-2025-054434,1,PROD-010,1,38.03,31.8
ORD-2025-054435,1,PROD-043,1,107.04,104.07
ORD-2025-054436,1,PROD-004,1,20.28,16.68
ORD-2025-054436,2,PROD-043,1,107.04,84.49
ORD-2025-054437,1,PROD-056,1,101.41,60.58
ORD-2025-054437,2,PROD-003,1,14.37,12.21
ORD-2025-054437,3,PROD-031,1,53.52,52.28
ORD-2025-054438,1,PROD-008,1,9.9,9.34
ORD-2025-054439,1,PROD-009,3,61.97,183.07
ORD-2025-054440,1,PROD-010,1,38.03,36.94
ORD-2025-054441,1,PROD-001,2,12.9,24.81
ORD-2025-054441,2,PROD-041,2,11.83,22.12
ORD-2025-054441,3,PROD-006,1,32.39,31.56
ORD-2025-054441,4,PROD-011,1,14.9,14.04
ORD-2025-054441,5,PROD-043,1,107.04,93.63
ORD-2025-054442,1,PROD-031,2,53.52,100.9
ORD-2025-054443,1,PROD-055,1,74.65,68.36
ORD-2025-054444,1,PROD-009,2,61.97,108.2
ORD-2025-054445,1,PROD-009,2,61.97,106.58
ORD-2025-054446,1,PROD-042,4,73.24,242.95
ORD-2025-054447,1,PROD-018,1,50.7,46.88
ORD-2025-054448,1,PROD-009,2,61.97,122.6
ORD-2025-054449,1,PROD-009,1,61.97,40.14
ORD-2025-054450,1,PROD-018,2,50.7,92.09
ORD-2025-054450,2,PROD-010,1,38.03,36.17
ORD-2025-054451,1,PROD-042,2,73.24,143.77
ORD-2025-054452,1,PROD-026,1,14.65,14.29
ORD-2025-054453,1,PROD-009,2,61.97,113.96
ORD-2025-054454,1,PROD-004,2,20.28,28.72
ORD-2025-054454,2,PROD-009,1,61.97,58.77
ORD-2025-054455,1,PROD-045,1,72.68,70.83
ORD-2025-054456,1,PROD-004,1,20.28,19.33
ORD-2025-054457,1,PROD-001,1,12.9,12.39
ORD-2025-054458,1,PROD-055,1,74.65,42.1
ORD-2025-054459,1,PROD-016,1,8.9,8.25
ORD-2025-054459,2,PROD-011,2,14.9,26.46
ORD-2025-054459,3,PROD-009,2,61.97,90.97
ORD-2025-054460,1,PROD-009,2,61.97,76.69
ORD-2025-054460,2,PROD-003,2,14.37,26.76
ORD-2025-054460,3,PROD-011,1,14.9,12.94
ORD-2025-054461,1,PROD-004,1,20.28,19.9
ORD-2025-054462,1,PROD-021,2,15.49,25.02
ORD-2025-054462,2,PROD-009,3,61.97,180.78
ORD-2025-054463,1,PROD-009,1,61.97,61.53
ORD-2025-054464,1,PROD-010,1,38.03,34.83
ORD-2025-054465,1,PROD-030,1,49.3,44.12
ORD-2025-054466,1,PROD-002,2,11.9,21.35
ORD-2025-054467,1,PROD-018,1,50.7,38.08
ORD-2025-054467,2,PROD-043,1,107.04,84.84
ORD-2025-054468,1,PROD-045,1,72.68,62.56
ORD-2025-054469,1,PROD-009,1,61.97,60.41
ORD-2025-054469,2,PROD-004,2,20.28,40.15
ORD-2025-054469,3,PROD-042,2,73.24,144.93
ORD-2025-054470,1,PROD-043,1,107.04,60.55
ORD-2025-054470,2,PROD-009,1,61.97,53.32
ORD-2025-054471,1,PROD-001,3,12.9,31.56
ORD-2025-054472,1,PROD-009,2,61.97,87.64
ORD-2025-054473,1,PROD-043,2,107.04,176.34
ORD-2025-054473,2,PROD-010,2,38.03,68.62
ORD-2025-054474,1,PROD-001,1,12.9,7.13
ORD-2025-054474,2,PROD-024,1,8.73,6.7
ORD-2025-054474,3,PROD-034,1,9.01,5.2
ORD-2025-054475,1,PROD-018,1,50.7,42.95
ORD-2025-054475,2,PROD-043,2,107.04,192.86
ORD-2025-054476,1,PROD-009,1,61.97,61.37
ORD-2025-054477,1,PROD-009,3,61.97,123.09
ORD-2025-054478,1,PROD-009,3,61.97,169.75
ORD-2025-054479,1,PROD-009,1,61.97,52.8
ORD-2025-054480,1,PROD-031,1,53.52,31.87
ORD-2025-054480,2,PROD-009,2,61.97,123.15
ORD-2025-054481,1,PROD-038,2,7.89,15.65
ORD-2025-054481,2,PROD-009,2,61.97,114.37
ORD-2025-054482,1,PROD-010,1,38.03,37.36
ORD-2025-054483,1,PROD-043,3,107.04,308.15
ORD-2025-054483,2,PROD-009,2,61.97,104.08
ORD-2025-054484,1,PROD-023,1,7.89,7.01
ORD-2025-054485,1,PROD-004,1,20.28,16.79
ORD-2025-054486,1,PROD-020,2,10.14,16.65
ORD-2025-054486,2,PROD-001,1,12.9,11.15
ORD-2025-054486,3,PROD-042,3,73.24,167.03
ORD-2025-054486,4,PROD-024,1,8.73,7.71
ORD-2025-054487,1,PROD-021,1,15.49,10.73
ORD-2025-054488,1,PROD-043,2,107.04,206.48
ORD-2025-054489,1,PROD-020,1,10.14,8.63
ORD-2025-054490,1,PROD-004,3,20.28,60.46
ORD-2025-054490,2,PROD-034,1,9.01,8.86
ORD-2025-054491,1,PROD-031,1,53.52,51.81
ORD-2025-054491,2,PROD-023,1,7.89,7.8
ORD-2025-054491,3,PROD-004,1,20.28,19.22
ORD-2025-054492,1,PROD-042,2,73.24,129.72
ORD-2025-054493,1,PROD-005,1,20.28,18.25
ORD-2025-054493,2,PROD-009,1,61.97,59.01
ORD-2025-054493,3,PROD-010,2,38.03,71.85
ORD-2025-054494,1,PROD-002,2,11.9,21.35
ORD-2025-054495,1,PROD-003,2,14.37,25.49
ORD-2025-054495,2,PROD-056,1,101.41,87.49
ORD-2025-054495,3,PROD-043,1,107.04,103.65
ORD-2025-054496,1,PROD-006,1,32.39,26.79
ORD-2025-054496,2,PROD-038,2,7.89,15.01
ORD-2025-054496,3,PROD-017,2,12.5,23.8
ORD-2025-054497,1,PROD-018,2,50.7,86.05
ORD-2025-054498,1,PROD-054,1,59.15,48.72
ORD-2025-054499,1,PROD-009,2,61.97,113.99
ORD-2025-054499,2,PROD-043,3,107.04,313.09
ORD-2025-054500,1,PROD-036,3,11.55,32.58
ORD-2025-054500,2,PROD-059,1,52.11,40.05
ORD-2025-054501,1,PROD-038,2,7.89,14.51
ORD-2025-054501,2,PROD-005,2,20.28,38.57
ORD-2025-054501,3,PROD-030,2,49.3,79.78
ORD-2025-054502,1,PROD-004,2,20.28,38.54
ORD-2025-054503,1,PROD-009,1,61.97,60.07
ORD-2025-054504,1,PROD-004,1,20.28,18.89
ORD-2025-054504,2,PROD-043,1,107.04,105.06
ORD-2025-054505,1,PROD-009,2,61.97,94.62
ORD-2025-054506,1,PROD-042,2,73.24,145.28
ORD-2025-054506,2,PROD-010,1,38.03,37.68
ORD-2025-054507,1,PROD-043,2,107.04,203.93
ORD-2025-054508,1,PROD-049,1,80.28,78.27
ORD-2025-054509,1,PROD-039,1,8.17,8.09
ORD-2025-054509,2,PROD-009,3,61.97,180.85
ORD-2025-054510,1,PROD-003,1,14.37,11.88
ORD-2025-054511,1,PROD-004,1,20.28,19.25
ORD-2025-054512,1,PROD-009,1,61.97,55.36
ORD-2025-054513,1,PROD-009,3,61.97,174.44
ORD-2025-054514,1,PROD-043,1,107.04,103.05
ORD-2025-054515,1,PROD-030,1,49.3,43.62
ORD-2025-054516,1,PROD-019,1,29.58,20.08
ORD-2025-054516,2,PROD-018,1,50.7,22.81
ORD-2025-054517,1,PROD-043,1,107.04,82.85
ORD-2025-054517,2,PROD-009,1,61.97,56.55
ORD-2025-054518,1,PROD-010,1,38.03,35.23
ORD-2025-054519,1,PROD-043,2,107.04,151.14
ORD-2025-054519,2,PROD-018,1,50.7,26.1
ORD-2025-054520,1,PROD-006,1,32.39,27.04
ORD-2025-054521,1,PROD-008,1,9.9,9.64
ORD-2025-054521,2,PROD-004,2,20.28,39.81
ORD-2025-054521,3,PROD-003,2,14.37,26.26
ORD-2025-054522,1,PROD-009,1,61.97,59.42
ORD-2025-054523,1,PROD-054,1,59.15,26.62
ORD-2025-054524,1,PROD-008,1,9.9,9.29
ORD-2025-054525,1,PROD-033,1,52.11,43.08
ORD-2025-054526,1,PROD-004,1,20.28,17.27
ORD-2025-054527,1,PROD-040,1,15.21,13.71
ORD-2025-054528,1,PROD-010,2,38.03,53.4
ORD-2025-054529,1,PROD-003,2,14.37,26.12
ORD-2025-054529,2,PROD-041,3,11.83,34.02
ORD-2025-054529,3,PROD-034,1,9.01,8.97
ORD-2025-054530,1,PROD-018,1,50.7,47.97
ORD-2025-054531,1,PROD-043,2,107.04,181.8
ORD-2025-054532,1,PROD-039,3,8.17,24.33
ORD-2025-054533,1,PROD-035,1,10.14,8.86
ORD-2025-054533,2,PROD-009,3,61.97,157.73
ORD-2025-054533,3,PROD-005,2,20.28,36.32
ORD-2025-054534,1,PROD-043,4,107.04,416.9
ORD-2025-054535,1,PROD-011,1,14.9,14.7
ORD-2025-054535,2,PROD-043,1,107.04,98.55
ORD-2025-054535,3,PROD-009,1,61.97,56.76
ORD-2025-054536,1,PROD-009,1,61.97,59.84
ORD-2025-054536,2,PROD-008,1,9.9,8.51
ORD-2025-054536,3,PROD-041,1,11.83,10.13
ORD-2025-054537,1,PROD-002,2,11.9,23.31
ORD-2025-054537,2,PROD-013,2,11.9,18.63
ORD-2025-054537,3,PROD-009,1,61.97,56.91
ORD-2025-054538,1,PROD-056,1,101.41,66.87
ORD-2025-054539,1,PROD-056,1,101.41,69.32
ORD-2025-054540,1,PROD-060,1,42.25,22.73
ORD-2025-054541,1,PROD-018,1,50.7,46.28
ORD-2025-054541,2,PROD-043,1,107.04,94.83
ORD-2025-054541,3,PROD-001,2,12.9,23.88
ORD-2025-054542,1,PROD-056,1,101.41,69.68
ORD-2025-054543,1,PROD-009,2,61.97,111.52
ORD-2025-054543,2,PROD-043,1,107.04,93.49
ORD-2025-054543,3,PROD-005,1,20.28,15.49
ORD-2025-054544,1,PROD-009,1,61.97,43.19
ORD-2025-054544,2,PROD-014,2,9.9,16.35
ORD-2025-054545,1,PROD-002,1,11.9,9.5
ORD-2025-054545,2,PROD-017,1,12.5,10.67
ORD-2025-054546,1,PROD-010,1,38.03,36.65
ORD-2025-054546,2,PROD-005,1,20.28,14.77
ORD-2025-054547,1,PROD-001,1,12.9,12.69
ORD-2025-054548,1,PROD-009,2,61.97,108.61
ORD-2025-054549,1,PROD-002,2,11.9,23.2
ORD-2025-054549,2,PROD-009,2,61.97,119.23
ORD-2025-054550,1,PROD-043,1,107.04,94.55
ORD-2025-054551,1,PROD-002,1,11.9,11.64
ORD-2025-054552,1,PROD-043,1,107.04,105.7
ORD-2025-054553,1,PROD-009,2,61.97,122.81
ORD-2025-054554,1,PROD-009,2,61.97,119.09
ORD-2025-054554,2,PROD-007,1,17.18,15.46
ORD-2025-054554,3,PROD-010,2,38.03,72.89
ORD-2025-054555,1,PROD-009,2,61.97,97.42
ORD-2025-054555,2,PROD-043,3,107.04,144.5
ORD-2025-054556,1,PROD-004,1,20.28,18.56
ORD-2025-054557,1,PROD-043,3,107.04,260.36
ORD-2025-054557,2,PROD-042,1,73.24,72.16
ORD-2025-054558,1,PROD-001,2,12.9,20.78
ORD-2025-054559,1,PROD-004,1,20.28,15.57
ORD-2025-054559,2,PROD-009,2,61.97,108.91
ORD-2025-054559,3,PROD-031,1,53.52,45.96
ORD-2025-054559,4,PROD-012,1,18.5,17.38
ORD-2025-054560,1,PROD-009,3,61.97,171.35
ORD-2025-054561,1,PROD-009,3,61.97,168.69
ORD-2025-054562,1,PROD-009,2,61.97,110.42
ORD-2025-054563,1,PROD-007,1,17.18,16.25
ORD-2025-054564,1,PROD-010,1,38.03,33.2
ORD-2025-054565,1,PROD-010,2,38.03,72.9
ORD-2025-054565,2,PROD-009,1,61.97,59.77
ORD-2025-054565,3,PROD-003,1,14.37,13.6
ORD-2025-054565,4,PROD-034,1,9.01,8.26
ORD-2025-054565,5,PROD-015,2,26.76,46.45
ORD-2025-054566,1,PROD-043,1,107.04,85.89
ORD-2025-054566,2,PROD-009,1,61.97,59.11
ORD-2025-054567,1,PROD-009,1,61.97,57.34
ORD-2025-054567,2,PROD-037,1,9.86,9.35
ORD-2025-054567,3,PROD-043,3,107.04,305.51
ORD-2025-054568,1,PROD-009,1,61.97,59.0
ORD-2025-054569,1,PROD-001,1,12.9,7.96
ORD-2025-054569,2,PROD-054,1,59.15,47.21
ORD-2025-054570,1,PROD-009,2,61.97,111.58
ORD-2025-054571,1,PROD-009,3,61.97,163.79
ORD-2025-054571,2,PROD-043,1,107.04,101.6
ORD-2025-054572,1,PROD-019,2,29.58,50.49
ORD-2025-054573,1,PROD-020,2,10.14,19.02
ORD-2025-054574,1,PROD-024,1,8.73,7.32
ORD-2025-054574,2,PROD-059,1,52.11,40.88
ORD-2025-054575,1,PROD-001,2,12.9,13.41
ORD-2025-054576,1,PROD-055,1,74.65,33.59
ORD-2025-054577,1,PROD-002,2,11.9,23.64
ORD-2025-054577,2,PROD-012,1,18.5,18.1
ORD-2025-054578,1,PROD-037,2,9.86,11.3
ORD-2025-054579,1,PROD-030,2,49.3,89.02
ORD-2025-054579,2,PROD-024,1,8.73,6.8
ORD-2025-054580,1,PROD-043,2,107.04,183.7
ORD-2025-054581,1,PROD-001,1,12.9,9.77
ORD-2025-054581,2,PROD-059,1,52.11,33.54
ORD-2025-054582,1,PROD-043,3,107.04,306.54
ORD-2025-054582,2,PROD-056,1,101.41,45.63
ORD-2025-054583,1,PROD-006,3,32.39,88.78
ORD-2025-054583,2,PROD-039,1,8.17,6.49
ORD-2025-054583,3,PROD-043,1,107.04,96.59
ORD-2025-054584,1,PROD-028,1,17.18,16.9
ORD-2025-054585,1,PROD-042,3,73.24,179.12
ORD-2025-054586,1,PROD-054,1,59.15,43.35
ORD-2025-054587,1,PROD-054,1,59.15,53.97
ORD-2025-054588,1,PROD-010,3,38.03,108.13
ORD-2025-054589,1,PROD-009,2,61.97,118.78
ORD-2025-054590,1,PROD-043,1,107.04,88.76
ORD-2025-054591,1,PROD-010,1,38.03,32.18
ORD-2025-054592,1,PROD-030,2,49.3,95.84
ORD-2025-054592,2,PROD-019,3,29.58,81.61
ORD-2025-054593,1,PROD-005,2,20.28,39.92
ORD-2025-054593,2,PROD-030,1,49.3,40.34
ORD-2025-054593,3,PROD-041,1,11.83,11.44
ORD-2025-054593,4,PROD-009,1,61.97,58.84
ORD-2025-054593,5,PROD-015,3,26.76,72.37
ORD-2025-054594,1,PROD-034,4,9.01,33.2
ORD-2025-054594,2,PROD-001,1,12.9,12.38
ORD-2025-054594,3,PROD-009,1,61.97,61.33
ORD-2025-054595,1,PROD-001,1,12.9,10.52
ORD-2025-054596,1,PROD-056,1,101.41,47.08
ORD-2025-054597,1,PROD-009,1,61.97,59.64
ORD-2025-054597,2,PROD-004,1,20.28,19.9
ORD-2025-054598,1,PROD-027,1,21.13,19.46
ORD-2025-054598,2,PROD-009,2,61.97,118.5
ORD-2025-054598,3,PROD-054,1,59.15,49.02
ORD-2025-054598,4,PROD-043,1,107.04,91.43
ORD-2025-054599,1,PROD-009,2,61.97,118.82
ORD-2025-054600,1,PROD-007,2,17.18,32.16
ORD-2025-054601,1,PROD-003,1,14.37,13.28
ORD-2025-054601,2,PROD-004,1,20.28,19.68
ORD-2025-054602,1,PROD-010,1,38.03,32.09
ORD-2025-054602,2,PROD-011,1,14.9,13.21
ORD-2025-054602,3,PROD-043,1,107.04,103.08
ORD-2025-054603,1,PROD-032,2,19.72,37.61
ORD-2025-054603,2,PROD-002,3,11.9,32.91
ORD-2025-054603,3,PROD-056,1,101.41,92.44
ORD-2025-054604,1,PROD-043,2,107.04,104.9
ORD-2025-054604,2,PROD-058,1,39.44,17.75
ORD-2025-054605,1,PROD-010,2,38.03,66.95
ORD-2025-054606,1,PROD-027,1,21.13,18.89
ORD-2025-054607,1,PROD-030,1,49.3,35.45
ORD-2025-054607,2,PROD-018,1,50.7,38.11
ORD-2025-054608,1,PROD-030,1,49.3,47.78
ORD-2025-054609,1,PROD-001,2,12.9,24.22
ORD-2025-054610,1,PROD-010,2,38.03,70.43
ORD-2025-054610,2,PROD-002,1,11.9,10.21
ORD-2025-054611,1,PROD-010,1,38.03,30.83
ORD-2025-054611,2,PROD-036,1,11.55,11.48
ORD-2025-054612,1,PROD-010,1,38.03,36.96
ORD-2025-054612,2,PROD-006,3,32.39,94.5
ORD-2025-054612,3,PROD-009,1,61.97,59.53
ORD-2025-054612,4,PROD-005,1,20.28,19.75
ORD-2025-054612,5,PROD-018,1,50.7,47.7
ORD-2025-054613,1,PROD-056,1,101.41,0.0
ORD-2025-054614,1,PROD-043,1,107.04,103.44
ORD-2025-054615,1,PROD-009,2,61.97,111.61
ORD-2025-054615,2,PROD-001,3,12.9,31.1
ORD-2025-054615,3,PROD-008,1,9.9,8.76
ORD-2025-054616,1,PROD-026,1,14.65,13.4
ORD-2025-054616,2,PROD-010,1,38.03,35.95
ORD-2025-054616,3,PROD-008,1,9.9,8.55
ORD-2025-054616,4,PROD-003,2,14.37,27.1
ORD-2025-054617,1,PROD-022,1,9.01,8.49
ORD-2025-054618,1,PROD-009,1,61.97,58.56
ORD-2025-054618,2,PROD-028,1,17.18,15.89
ORD-2025-054618,3,PROD-010,1,38.03,36.58
ORD-2025-054618,4,PROD-020,1,10.14,9.92
ORD-2025-054619,1,PROD-001,2,12.9,22.65
ORD-2025-054620,1,PROD-027,2,21.13,40.96
ORD-2025-054621,1,PROD-026,2,14.65,24.39
ORD-2025-054621,2,PROD-042,1,73.24,66.93
ORD-2025-054622,1,PROD-010,3,38.03,86.26
ORD-2025-054623,1,PROD-021,1,15.49,14.31
ORD-2025-054623,2,PROD-030,1,49.3,35.45
ORD-2025-054623,3,PROD-001,1,12.9,11.54
ORD-2025-054624,1,PROD-043,2,107.04,199.31
ORD-2025-054624,2,PROD-005,1,20.28,15.73
ORD-2025-054625,1,PROD-048,1,55.77,53.77
ORD-2025-054626,1,PROD-013,1,11.9,11.6
ORD-2025-054627,1,PROD-009,1,61.97,53.38
ORD-2025-054627,2,PROD-031,1,53.52,46.99
ORD-2025-054628,1,PROD-031,1,53.52,53.47
ORD-2025-054629,1,PROD-043,2,107.04,174.97
ORD-2025-054630,1,PROD-010,3,38.03,84.57
ORD-2025-054631,1,PROD-005,1,20.28,17.0
ORD-2025-054632,1,PROD-019,1,29.58,24.26
ORD-2025-054633,1,PROD-004,1,20.28,16.18
ORD-2025-054634,1,PROD-006,1,32.39,28.42
ORD-2025-054634,2,PROD-022,2,9.01,9.99
ORD-2025-054635,1,PROD-044,1,40.85,34.22
ORD-2025-054635,2,PROD-009,1,61.97,48.23
ORD-2025-054636,1,PROD-011,2,14.9,24.78
ORD-2025-054636,2,PROD-009,2,61.97,117.35
ORD-2025-054636,3,PROD-043,3,107.04,312.96
ORD-2025-054637,1,PROD-032,1,19.72,16.74
ORD-2025-054637,2,PROD-006,2,32.39,61.78
ORD-2025-054638,1,PROD-005,1,20.28,19.18
ORD-2025-054638,2,PROD-050,1,61.97,58.45
ORD-2025-054639,1,PROD-001,1,12.9,12.38
ORD-2025-054640,1,PROD-054,1,59.15,55.39
ORD-2025-054641,1,PROD-009,3,61.97,175.98
ORD-2025-054642,1,PROD-022,2,9.01,17.09
ORD-2025-054642,2,PROD-009,1,61.97,51.07
ORD-2025-054643,1,PROD-055,1,74.65,52.58
ORD-2025-054644,1,PROD-043,1,107.04,91.22
ORD-2025-054645,1,PROD-009,1,61.97,49.45
ORD-2025-054645,2,PROD-043,1,107.04,56.6
ORD-2025-054645,3,PROD-034,3,9.01,26.07
ORD-2025-054645,4,PROD-010,1,38.03,34.82
ORD-2025-054645,5,PROD-021,1,15.49,13.13
ORD-2025-054646,1,PROD-004,1,20.28,16.39
ORD-2025-054647,1,PROD-009,2,61.97,110.46
ORD-2025-054647,2,PROD-037,2,9.86,18.13
ORD-2025-054647,3,PROD-043,1,107.04,93.54
ORD-2025-054648,1,PROD-036,1,11.55,8.68
ORD-2025-054649,1,PROD-009,2,61.97,98.0
ORD-2025-054650,1,PROD-018,3,50.7,122.85
ORD-2025-054651,1,PROD-009,1,61.97,60.35
ORD-2025-054651,2,PROD-018,2,50.7,97.09
ORD-2025-054652,1,PROD-060,1,42.25,25.08
ORD-2025-054652,2,PROD-054,1,59.15,38.99
ORD-2025-054653,1,PROD-037,1,9.86,8.77
ORD-2025-054653,2,PROD-018,1,50.7,49.26
ORD-2025-054653,3,PROD-024,1,8.73,7.81
ORD-2025-054654,1,PROD-003,2,14.37,28.17
ORD-2025-054654,2,PROD-018,1,50.7,49.66
ORD-2025-054655,1,PROD-009,1,61.97,60.52
ORD-2025-054656,1,PROD-036,1,11.55,8.5
ORD-2025-054657,1,PROD-043,1,107.04,85.14
ORD-2025-054658,1,PROD-018,1,50.7,48.26
ORD-2025-054658,2,PROD-042,4,73.24,289.91
ORD-2025-054658,3,PROD-028,1,17.18,16.34
ORD-2025-054659,1,PROD-004,1,20.28,19.64
ORD-2025-054660,1,PROD-043,1,107.04,95.27
ORD-2025-054661,1,PROD-004,1,20.28,17.99
ORD-2025-054661,2,PROD-009,2,61.97,107.52
ORD-2025-054662,1,PROD-041,4,11.83,44.95
ORD-2025-054663,1,PROD-006,2,32.39,59.28
ORD-2025-054663,2,PROD-041,1,11.83,8.98
ORD-2025-054663,3,PROD-001,2,12.9,25.37
ORD-2025-054664,1,PROD-040,1,15.21,12.71
ORD-2025-054665,1,PROD-004,1,20.28,19.93
ORD-2025-054665,2,PROD-002,3,11.9,35.13
ORD-2025-054666,1,PROD-004,1,20.28,18.87
ORD-2025-054667,1,PROD-003,3,14.37,33.49
ORD-2025-054668,1,PROD-006,1,32.39,29.08
ORD-2025-054669,1,PROD-019,1,29.58,19.01
ORD-2025-054669,2,PROD-049,1,80.28,67.64
ORD-2025-054670,1,PROD-009,2,61.97,100.17
ORD-2025-054670,2,PROD-038,2,7.89,15.45
ORD-2025-054670,3,PROD-031,1,53.52,47.53
ORD-2025-054670,4,PROD-043,4,107.04,376.52
ORD-2025-054671,1,PROD-009,1,61.97,58.34
ORD-2025-054672,1,PROD-018,1,50.7,44.76
ORD-2025-054673,1,PROD-054,1,59.15,53.39
ORD-2025-054674,1,PROD-010,1,38.03,34.31
ORD-2025-054675,1,PROD-026,1,14.65,12.88
ORD-2025-054675,2,PROD-043,2,107.04,186.78
ORD-2025-054675,3,PROD-009,1,61.97,53.39
ORD-2025-054676,1,PROD-010,1,38.03,27.92
ORD-2025-054677,1,PROD-014,2,9.9,19.03
ORD-2025-054678,1,PROD-009,1,61.97,60.93
ORD-2025-054679,1,PROD-043,2,107.04,209.93
ORD-2025-054679,2,PROD-007,1,17.18,15.22
ORD-2025-054680,1,PROD-004,1,20.28,19.81
ORD-2025-054680,2,PROD-009,3,61.97,184.81
ORD-2025-054681,1,PROD-042,2,73.24,137.56
ORD-2025-054682,1,PROD-054,1,59.15,26.62
ORD-2025-054682,2,PROD-027,2,21.13,34.95
ORD-2025-054683,1,PROD-009,3,61.97,180.35
ORD-2025-054683,2,PROD-002,1,11.9,10.89
ORD-2025-054683,3,PROD-021,1,15.49,14.24
ORD-2025-054684,1,PROD-022,1,9.01,8.71
ORD-2025-054685,1,PROD-010,1,38.03,34.12
ORD-2025-054686,1,PROD-009,2,61.97,121.0
ORD-2025-054687,1,PROD-042,2,73.24,137.47
ORD-2025-054688,1,PROD-018,3,50.7,146.43
ORD-2025-054688,2,PROD-017,1,12.5,11.8
ORD-2025-054689,1,PROD-009,1,61.97,27.89
ORD-2025-054689,2,PROD-030,1,49.3,31.49
ORD-2025-054690,1,PROD-043,2,107.04,210.74
ORD-2025-054690,2,PROD-004,1,20.28,20.05
ORD-2025-054691,1,PROD-002,1,11.9,11.44
ORD-2025-054691,2,PROD-036,1,11.55,9.57
ORD-2025-054691,3,PROD-004,1,20.28,16.56
ORD-2025-054692,1,PROD-001,1,12.9,10.11
ORD-2025-054692,2,PROD-041,3,11.83,27.65
ORD-2025-054692,3,PROD-004,2,20.28,38.8
ORD-2025-054693,1,PROD-009,1,61.97,52.44
ORD-2025-054694,1,PROD-018,3,50.7,139.13
ORD-2025-054695,1,PROD-004,2,20.28,36.25
ORD-2025-054696,1,PROD-009,1,61.97,54.94
ORD-2025-054697,1,PROD-009,3,61.97,148.13
ORD-2025-054698,1,PROD-009,1,61.97,52.97
ORD-2025-054698,2,PROD-055,1,74.65,33.59
ORD-2025-054699,1,PROD-036,2,11.55,19.67
ORD-2025-054700,1,PROD-009,1,61.97,41.4
ORD-2025-054701,1,PROD-028,1,17.18,12.8
ORD-2025-054701,2,PROD-026,1,14.65,9.39
ORD-2025-054702,1,PROD-009,1,61.97,55.36
ORD-2025-054702,2,PROD-005,1,20.28,17.15
ORD-2025-054703,1,PROD-006,1,32.39,25.08
ORD-2025-054703,2,PROD-011,1,14.9,13.32
ORD-2025-054703,3,PROD-009,2,61.97,117.97
ORD-2025-054704,1,PROD-009,3,61.97,181.24
ORD-2025-054705,1,PROD-043,3,107.04,167.79
ORD-2025-054705,2,PROD-020,2,10.14,13.35
ORD-2025-054706,1,PROD-009,2,61.97,110.93
ORD-2025-054707,1,PROD-017,1,12.5,10.87
ORD-2025-054708,1,PROD-008,1,9.9,9.84
ORD-2025-054708,2,PROD-043,4,107.04,417.03
ORD-2025-054709,1,PROD-009,2,61.97,121.98
ORD-2025-054709,2,PROD-043,1,107.04,98.31
ORD-2025-054709,3,PROD-037,1,9.86,9.15
ORD-2025-054709,4,PROD-053,1,53.52,52.07
ORD-2025-054710,1,PROD-038,1,7.89,7.08
ORD-2025-054710,2,PROD-009,3,61.97,172.47
ORD-2025-054711,1,PROD-007,1,17.18,7.73
ORD-2025-054712,1,PROD-005,1,20.28,18.69
ORD-2025-054713,1,PROD-018,1,50.7,49.3
ORD-2025-054713,2,PROD-001,1,12.9,11.22
ORD-2025-054714,1,PROD-009,1,61.97,57.97
ORD-2025-054714,2,PROD-006,2,32.39,56.9
ORD-2025-054715,1,PROD-010,1,38.03,36.35
ORD-2025-054716,1,PROD-037,1,9.86,9.45
ORD-2025-054716,2,PROD-035,2,10.14,16.91
ORD-2025-054717,1,PROD-044,1,40.85,40.28
ORD-2025-054717,2,PROD-007,1,17.18,16.1
ORD-2025-054718,1,PROD-023,1,7.89,7.41
ORD-2025-054719,1,PROD-043,1,107.04,56.57
ORD-2025-054720,1,PROD-041,2,11.83,20.0
ORD-2025-054721,1,PROD-009,1,61.97,56.29
ORD-2025-054722,1,PROD-010,1,38.03,22.8
ORD-2025-054723,1,PROD-009,1,61.97,39.84
ORD-2025-054724,1,PROD-024,2,8.73,16.22
ORD-2025-054725,1,PROD-055,1,74.65,69.88
ORD-2025-054725,2,PROD-043,2,107.04,204.23
ORD-2025-054726,1,PROD-041,1,11.83,11.63
ORD-2025-054726,2,PROD-040,1,15.21,14.29
ORD-2025-054726,3,PROD-007,2,17.18,28.34
ORD-2025-054726,4,PROD-032,2,19.72,36.66
ORD-2025-054727,1,PROD-018,1,50.7,47.08
ORD-2025-054728,1,PROD-056,1,101.41,97.86
ORD-2025-054729,1,PROD-040,1,15.21,14.46
ORD-2025-054730,1,PROD-010,2,38.03,70.23
ORD-2025-054730,2,PROD-034,3,9.01,23.41
ORD-2025-054730,3,PROD-044,1,40.85,39.84
ORD-2025-054730,4,PROD-047,1,108.45,99.42
ORD-2025-054731,1,PROD-030,1,49.3,49.14
ORD-2025-054732,1,PROD-010,1,38.03,37.06
ORD-2025-054732,2,PROD-009,2,61.97,-121.31
ORD-2025-054733,1,PROD-002,3,11.9,33.29
ORD-2025-054734,1,PROD-043,2,107.04,200.08
ORD-2025-054734,2,PROD-018,1,50.7,46.15
ORD-2025-054735,1,PROD-028,1,17.18,16.35
ORD-2025-054736,1,PROD-005,2,20.28,40.36
ORD-2025-054737,1,PROD-033,3,52.11,150.26
ORD-2025-054737,2,PROD-011,2,14.9,27.42
ORD-2025-054737,3,PROD-030,1,49.3,47.47
ORD-2025-054738,1,PROD-042,1,73.24,66.38
ORD-2025-054738,2,PROD-035,2,10.14,16.34
ORD-2025-054739,1,PROD-034,2,9.01,14.08
ORD-2025-054740,1,PROD-010,3,38.03,111.34
ORD-2025-054741,1,PROD-009,1,61.97,58.22
ORD-2025-054742,1,PROD-041,1,11.83,10.31
ORD-2025-054743,1,PROD-005,1,20.28,19.98
ORD-2025-054744,1,PROD-040,2,15.21,18.01
ORD-2025-054745,1,PROD-030,1,49.3,43.15
ORD-2025-054746,1,PROD-018,1,50.7,47.43
ORD-2025-054747,1,PROD-018,2,50.7,94.86
ORD-2025-054747,2,PROD-019,2,29.58,49.5
ORD-2025-054748,1,PROD-004,2,20.28,38.8
ORD-2025-054749,1,PROD-042,4,73.24,183.92
ORD-2025-054750,1,PROD-009,2,61.97,109.66
ORD-2025-054751,1,PROD-060,1,42.25,40.95
ORD-2025-054752,1,PROD-007,1,17.18,16.72
ORD-2025-054753,1,PROD-042,2,73.24,136.62
ORD-2025-054754,1,PROD-043,2,107.04,177.28
ORD-2025-054755,1,PROD-018,3,50.7,142.44
ORD-2025-054756,1,PROD-005,3,20.28,60.07
ORD-2025-054756,2,PROD-017,2,12.5,24.41
ORD-2025-054756,3,PROD-016,2,8.9,17.78
ORD-2025-054757,1,PROD-042,1,73.24,69.41
ORD-2025-054757,2,PROD-005,2,20.28,40.22
ORD-2025-054757,3,PROD-004,3,20.28,57.48
ORD-2025-054758,1,PROD-001,1,12.9,12.6
ORD-2025-054759,1,PROD-001,1,12.9,12.64
ORD-2025-054759,2,PROD-043,1,107.04,105.03
ORD-2025-054759,3,PROD-056,1,101.41,99.99
ORD-2025-054759,4,PROD-006,2,32.39,63.39
ORD-2025-054760,1,PROD-001,3,12.9,36.84
ORD-2025-054761,1,PROD-001,1,12.9,12.51
ORD-2025-054761,2,PROD-043,2,107.04,207.72
ORD-2025-054761,3,PROD-040,1,15.21,12.44
ORD-2025-054762,1,PROD-009,1,61.97,58.47
ORD-2025-054762,2,PROD-042,1,73.24,66.38
ORD-2025-054762,3,PROD-034,2,9.01,16.7
ORD-2025-054763,1,PROD-001,3,12.9,37.27
ORD-2025-054764,1,PROD-009,2,61.97,119.21
ORD-2025-054765,1,PROD-006,1,32.39,32.3
ORD-2025-054766,1,PROD-018,1,50.7,47.88
ORD-2025-054767,1,PROD-009,1,61.97,61.59
ORD-2025-054768,1,PROD-030,1,49.3,33.37
ORD-2025-054769,1,PROD-009,2,61.97,113.45
ORD-2025-054770,1,PROD-020,1,10.14,9.16
ORD-2025-054771,1,PROD-009,1,61.97,61.69
ORD-2025-054772,1,PROD-043,1,107.04,101.86
ORD-2025-054773,1,PROD-022,1,9.01,6.5
ORD-2025-054773,2,PROD-031,1,53.52,40.88
ORD-2025-054774,1,PROD-043,3,107.04,179.15
ORD-2025-054774,2,PROD-009,1,61.97,27.89
ORD-2025-054775,1,PROD-037,2,9.86,18.04
ORD-2025-054775,2,PROD-009,2,61.97,119.38
ORD-2025-054776,1,PROD-018,1,50.7,48.46
ORD-2025-054776,2,PROD-042,1,73.24,71.91
ORD-2025-054777,1,PROD-003,2,14.37,28.47
ORD-2025-054777,2,PROD-010,2,38.03,73.19
ORD-2025-054778,1,PROD-024,1,8.73,7.26
ORD-2025-054779,1,PROD-009,3,61.97,180.5
ORD-2025-054779,2,PROD-043,3,107.04,309.43
ORD-2025-054780,1,PROD-010,1,38.03,34.07
ORD-2025-054781,1,PROD-009,1,61.97,54.84
ORD-2025-054782,1,PROD-054,1,59.15,41.86
ORD-2025-054783,1,PROD-001,2,12.9,21.8
ORD-2025-054783,2,PROD-009,1,61.97,53.08
ORD-2025-054784,1,PROD-041,2,11.83,21.57
ORD-2025-054785,1,PROD-004,3,20.28,56.67
ORD-2025-054786,1,PROD-043,3,107.04,315.31
ORD-2025-054787,1,PROD-035,1,10.14,4.61
ORD-2025-054788,1,PROD-038,2,7.89,13.87
ORD-2025-054789,1,PROD-043,2,107.04,191.6
ORD-2025-054790,1,PROD-042,1,73.24,67.73
ORD-2025-054791,1,PROD-001,1,12.9,12.63
ORD-2025-054791,2,PROD-014,1,9.9,9.59
ORD-2025-054792,1,PROD-023,1,7.89,7.52
ORD-2025-054793,1,PROD-001,2,12.9,20.96
ORD-2025-054793,2,PROD-031,1,53.52,45.4
ORD-2025-054794,1,PROD-004,1,20.28,20.0
ORD-2025-054795,1,PROD-022,1,9.01,8.33
ORD-2025-054796,1,PROD-043,3,107.04,306.86
ORD-2025-054797,1,PROD-007,1,17.18,8.24
ORD-2025-054797,2,PROD-009,2,61.97,84.22
ORD-2025-054798,1,PROD-043,1,107.04,102.99
ORD-2025-054799,1,PROD-047,1,108.45,99.42
ORD-2025-054800,1,PROD-043,2,107.04,204.96
ORD-2025-054800,2,PROD-004,1,20.28,19.22
ORD-2025-054801,1,PROD-030,1,49.3,47.34
ORD-2025-054802,1,PROD-009,1,61.97,55.59
ORD-2025-054803,1,PROD-030,1,49.3,43.33
ORD-2025-054803,2,PROD-033,1,52.11,48.29
ORD-2025-054804,1,PROD-009,3,61.97,159.7
ORD-2025-054804,2,PROD-018,2,50.7,79.33
ORD-2025-054805,1,PROD-043,1,107.04,77.49
ORD-2025-054805,2,PROD-009,3,61.97,116.06
ORD-2025-054806,1,PROD-010,3,38.03,111.45
ORD-2025-054807,1,PROD-009,2,61.97,120.04
ORD-2025-054808,1,PROD-009,2,61.97,99.61
ORD-2025-054809,1,PROD-004,2,20.28,36.68
ORD-2025-054810,1,PROD-010,1,38.03,25.48
ORD-2025-054810,2,PROD-008,3,9.9,28.6
ORD-2025-054810,3,PROD-002,1,11.9,8.31
ORD-2025-054811,1,PROD-042,1,73.24,67.92
ORD-2025-054811,2,PROD-001,2,12.9,24.22
ORD-2025-054812,1,PROD-002,3,11.9,31.33
ORD-2025-054813,1,PROD-009,1,61.97,57.46
ORD-2025-054813,2,PROD-044,1,40.85,36.46
ORD-2025-054814,1,PROD-040,1,15.21,14.03
ORD-2025-054815,1,PROD-008,2,9.9,18.23
ORD-2025-054816,1,PROD-001,1,12.9,12.31
ORD-2025-054817,1,PROD-002,2,11.9,23.65
ORD-2025-054817,2,PROD-009,1,61.97,61.65
ORD-2025-054818,1,PROD-003,1,14.37,13.87
ORD-2025-054819,1,PROD-036,2,11.55,21.51
ORD-2025-054819,2,PROD-008,2,9.9,17.9
ORD-2025-054819,3,PROD-044,1,40.85,39.24
ORD-2025-054820,1,PROD-018,2,50.7,70.88
ORD-2025-054820,2,PROD-009,1,61.97,58.5
ORD-2025-054820,3,PROD-042,1,73.24,65.48
ORD-2025-054821,1,PROD-010,2,38.03,66.58
ORD-2025-054822,1,PROD-009,2,61.97,95.51
ORD-2025-054823,1,PROD-017,3,12.5,31.51
ORD-2025-054824,1,PROD-001,1,12.9,10.66
ORD-2025-054825,1,PROD-001,1,12.9,12.36
ORD-2025-054826,1,PROD-043,4,107.04,238.14
ORD-2025-054827,1,PROD-033,4,52.11,171.46
ORD-2025-054827,2,PROD-018,2,50.7,94.73
ORD-2025-054827,3,PROD-043,1,107.04,96.8
ORD-2025-054828,1,PROD-010,1,38.03,36.73
ORD-2025-054829,1,PROD-019,1,29.58,29.22
ORD-2025-054829,2,PROD-009,1,61.97,60.79
ORD-2025-054830,1,PROD-030,1,49.3,33.77
ORD-2025-054831,1,PROD-043,1,107.04,98.88
ORD-2025-054832,1,PROD-018,2,50.7,73.71
ORD-2025-054832,2,PROD-043,1,107.04,95.82
ORD-2025-054832,3,PROD-040,2,15.21,21.61
ORD-2025-054832,4,PROD-007,1,17.18,12.5
ORD-2025-054833,1,PROD-009,1,61.97,54.53
ORD-2025-054834,1,PROD-043,2,107.04,202.5
ORD-2025-054834,2,PROD-009,2,61.97,107.83
ORD-2025-054835,1,PROD-006,1,32.39,29.68
ORD-2025-054835,2,PROD-018,1,50.7,46.5
ORD-2025-054835,3,PROD-010,2,38.03,73.72
ORD-2025-054836,1,PROD-022,1,9.01,8.5
ORD-2025-054836,2,PROD-043,1,107.04,102.42
ORD-2025-054837,1,PROD-056,1,101.41,85.66
ORD-2025-054838,1,PROD-027,1,21.13,19.3
ORD-2025-054839,1,PROD-004,1,20.28,19.09
ORD-2025-054839,2,PROD-039,1,8.17,7.61
ORD-2025-054840,1,PROD-007,1,17.18,16.75
ORD-2025-054840,2,PROD-004,1,20.28,20.16
ORD-2025-054841,1,PROD-002,1,11.9,11.16
ORD-2025-054842,1,PROD-018,1,50.7,43.27
ORD-2025-054842,2,PROD-033,4,52.11,177.65
ORD-2025-054842,3,PROD-009,1,61.97,59.18
ORD-2025-054842,4,PROD-004,1,20.28,17.68
ORD-2025-054843,1,PROD-003,3,14.37,30.83
ORD-2025-054844,1,PROD-020,2,10.14,17.44
ORD-2025-054844,2,PROD-027,1,21.13,16.43
ORD-2025-054844,3,PROD-043,3,107.04,264.44
ORD-2025-054845,1,PROD-001,1,12.9,12.78
ORD-2025-054845,2,PROD-003,1,14.37,12.4
ORD-2025-054846,1,PROD-002,1,11.9,9.12
ORD-2025-054846,2,PROD-033,1,52.11,50.02
ORD-2025-054847,1,PROD-009,1,61.97,60.59
ORD-2025-054848,1,PROD-042,2,73.24,144.33
ORD-2025-054848,2,PROD-031,1,53.52,52.93
ORD-2025-054849,1,PROD-055,1,74.65,71.09
ORD-2025-054850,1,PROD-038,1,7.89,6.29
ORD-2025-054850,2,PROD-010,1,38.03,35.52
ORD-2025-054851,1,PROD-034,1,9.01,8.77
ORD-2025-054852,1,PROD-010,2,38.03,68.76
ORD-2025-054852,2,PROD-018,1,50.7,41.31
ORD-2025-054852,3,PROD-009,2,61.97,104.33
ORD-2025-054853,1,PROD-009,1,61.97,60.59
ORD-2025-054854,1,PROD-043,2,107.04,179.53
ORD-2025-054854,2,PROD-038,1,7.89,6.59
ORD-2025-054855,1,PROD-009,1,61.97,57.19
ORD-2025-054855,2,PROD-017,1,12.5,11.62
ORD-2025-054856,1,PROD-043,1,107.04,93.27
ORD-2025-054856,2,PROD-009,1,61.97,59.31
ORD-2025-054856,3,PROD-042,1,73.24,66.74
ORD-2025-054857,1,PROD-024,1,8.73,6.98
ORD-2025-054857,2,PROD-042,2,73.24,143.45
ORD-2025-054858,1,PROD-010,2,38.03,60.13
ORD-2025-054859,1,PROD-010,1,38.03,36.4
ORD-2025-054859,2,PROD-043,2,107.04,188.65
ORD-2025-054859,3,PROD-005,2,20.28,36.7
ORD-2025-054859,4,PROD-003,2,14.37,25.32
ORD-2025-054860,1,PROD-059,1,52.11,45.98
ORD-2025-054861,1,PROD-010,3,38.03,112.01
ORD-2025-054862,1,PROD-035,4,10.14,29.72
ORD-2025-054862,2,PROD-019,1,29.58,19.77
ORD-2025-054863,1,PROD-034,2,9.01,17.83
ORD-2025-054864,1,PROD-027,1,21.13,17.23
ORD-2025-054865,1,PROD-009,1,61.97,55.1
ORD-2025-054865,2,PROD-010,1,38.03,37.32
ORD-2025-054865,3,PROD-037,3,9.86,25.69
ORD-2025-054866,1,PROD-002,1,11.9,8.79
ORD-2025-054867,1,PROD-043,3,107.04,270.99
ORD-2025-054867,2,PROD-005,2,20.28,39.74
ORD-2025-054868,1,PROD-041,1,11.83,9.22
ORD-2025-054869,1,PROD-023,1,7.89,4.27
ORD-2025-054869,2,PROD-036,3,11.55,25.05
ORD-2025-054870,1,PROD-009,1,61.97,61.31
ORD-2025-054871,1,PROD-010,1,38.03,34.54
ORD-2025-054872,1,PROD-048,1,55.77,55.15
ORD-2025-054872,2,PROD-006,1,32.39,30.06
ORD-2025-054873,1,PROD-026,2,14.65,14.38
ORD-2025-054873,2,PROD-055,1,74.65,65.83
ORD-2025-054874,1,PROD-009,2,61.97,120.09
ORD-2025-054875,1,PROD-043,1,107.04,99.88
ORD-2025-054876,1,PROD-043,3,107.04,314.41
ORD-2025-054877,1,PROD-056,1,101.41,98.42
ORD-2025-054878,1,PROD-006,1,32.39,23.16
ORD-2025-054879,1,PROD-010,1,38.03,35.87
ORD-2025-054880,1,PROD-010,1,38.03,33.25
ORD-2025-054881,1, PROD-007 ,1,17.18,16.27
ORD-2025-054881,2,PROD-031,2,53.52,101.3
ORD-2025-054881,3,PROD-043,1,107.04,99.12
ORD-2025-054882,1,PROD-010,1,38.03,35.92
ORD-2025-054883,1,PROD-009,2,61.97,93.1
ORD-2025-054884,1,PROD-018,2,50.7,90.48
ORD-2025-054885,1,PROD-009,2,61.97,110.31
ORD-2025-054886,1,PROD-002,1,11.9,11.46
ORD-2025-054887,1,PROD-009,1,61.97,60.3
ORD-2025-054888,1,PROD-001,2,12.9,22.87
ORD-2025-054888,2,PROD-009,2,61.97,108.58
ORD-2025-054889,1,PROD-035,2,10.14,16.31
ORD-2025-054889,2,PROD-058,1,39.44,27.13
ORD-2025-054890,1,PROD-004,1,20.28,19.31
ORD-2025-054891,1,PROD-035,1,10.14,10.04
ORD-2025-054892,1,PROD-003,3,14.37,31.29
ORD-2025-054893,1,PROD-011,3,14.9,43.96
ORD-2025-054893,2,PROD-003,2,14.37,28.58
ORD-2025-054893,3,PROD-007,3,17.18,50.4
ORD-2025-054894,1,PROD-004,1,20.28,19.1
ORD-2025-054895,1,PROD-039,2,8.17,15.5
ORD-2025-054896,1,PROD-030,2,49.3,89.17
ORD-2025-054897,1,PROD-060,1,42.25,27.62
ORD-2025-054898,1,PROD-043,1,107.04,48.17
ORD-2025-054899,1,PROD-043,3,107.04,218.65
ORD-2025-054899,2,PROD-030,1,49.3,40.81
ORD-2025-054900,1,PROD-004,1,20.28,16.35
ORD-2025-054901,1,PROD-001,1,12.9,11.78
ORD-2025-054902,1,PROD-034,1,9.01,6.74
ORD-2025-054903,1,PROD-043,1,107.04,106.39
ORD-2025-054904,1,PROD-043,4,107.04,416.73
ORD-2025-054904,2,PROD-009,3,61.97,139.19
ORD-2025-054905,1,PROD-009,1,61.97,45.85
ORD-2025-054906,1,PROD-058,1,39.44,38.8
ORD-2025-054907,1,PROD-043,2,107.04,205.3
ORD-2025-054908,1,PROD-009,1,61.97,55.31
ORD-2025-054908,2,PROD-042,2,73.24,144.44
ORD-2025-054908,3,PROD-013,1,11.9,10.75
ORD-2025-054909,1,PROD-001,1,12.9,11.75
ORD-2025-054910,1,PROD-010,1,38.03,30.02
ORD-2025-054911,1,PROD-017,1,12.5,10.54
ORD-2025-054912,1,PROD-010,1,38.03,17.11
ORD-2025-054913,1,PROD-043,2,107.04,171.09
ORD-2025-054913,2,PROD-006,1,32.39,27.76
ORD-2025-054914,1,PROD-020,2,10.14,17.78
ORD-2025-054914,2,PROD-023,1,7.89,6.97
ORD-2025-054914,3,PROD-042,1,73.24,71.21
ORD-2025-054915,1,PROD-035,1,10.14,9.89
ORD-2025-054916,1,PROD-043,1,107.04,103.44
ORD-2025-054916,2,PROD-004,1,20.28,19.79
ORD-2025-054917,1,PROD-035,3,10.14,24.64
ORD-2025-054918,1,PROD-042,1,73.24,48.48
ORD-2025-054919,1,PROD-056,1,101.41,67.42
ORD-2025-054919,2,PROD-019,2,29.58,26.62
ORD-2025-054920,1,PROD-018,1,50.7,48.71
ORD-2025-054920,2,PROD-009,1,61.97,61.38
ORD-2025-054921,1,PROD-009,1,61.97,59.75
ORD-2025-054921,2,PROD-034,3,9.01,26.63
ORD-2025-054922,1,PROD-043,1,107.04,93.97
ORD-2025-054923,1,PROD-028,2,17.18,20.67
ORD-2025-054923,2,PROD-043,1,107.04,67.94
ORD-2025-054924,1,PROD-005,1,20.28,18.65
ORD-2025-054925,1,PROD-043,2,107.04,204.62
ORD-2025-054925,2,PROD-034,1,9.01,8.67
ORD-2025-054926,1,PROD-031,1,53.52,38.95
ORD-2025-054926,2,PROD-043,4,107.04,250.17
ORD-2025-054926,3,PROD-003,2,14.37,15.9
ORD-2025-054927,1,PROD-003,2,14.37,25.18
ORD-2025-054928,1,PROD-036,1,11.55,10.03
ORD-2025-054929,1,PROD-043,2,107.04,211.3
ORD-2025-054930,1,PROD-008,1,9.9,9.74
ORD-2025-054931,1,PROD-009,2,61.97,117.33
ORD-2025-054931,2,PROD-016,1,8.9,8.29
ORD-2025-054931,3,PROD-010,1,38.03,32.41
ORD-2025-054932,1,PROD-009,3,61.97,179.46
ORD-2025-054932,2,PROD-043,3,107.04,317.94
ORD-2025-054932,3,PROD-027,1,21.13,18.65
ORD-2025-054933,1,PROD-001,1,12.9,11.89
ORD-2025-054933,2,PROD-043,2,107.04,200.96
ORD-2025-054934,1,PROD-002,2,11.9,23.25
ORD-2025-054934,2,PROD-043,1,107.04,103.42
ORD-2025-054934,3,PROD-041,3,11.83,34.77
ORD-2025-054934,4,PROD-039,1,8.17,7.83
ORD-2025-054935,1,PROD-055,1,74.65,64.34
ORD-2025-054936,1,PROD-009,1,61.97,60.28
ORD-2025-054936,2,PROD-007,2,17.18,33.34
ORD-2025-054937,1,PROD-003,1,14.37,14.24
ORD-2025-054938,1,PROD-039,1,8.17,7.9
ORD-2025-054938,2,PROD-005,3,20.28,59.63
ORD-2025-054939,1,PROD-031,1,53.52,33.28
ORD-2025-054940,1,PROD-043,1,107.04,92.09
ORD-2025-054940,2,PROD-002,1,11.9,11.03
ORD-2025-054941,1,PROD-059,1,52.11,40.98
ORD-2025-054942,1,PROD-018,1,50.7,33.38
ORD-2025-054943,1,PROD-041,1,11.83,5.32
ORD-2025-054943,2,PROD-026,1,14.65,6.59
ORD-2025-054944,1,PROD-018,2,50.7,100.43
ORD-2025-054945,1,PROD-010,1,38.03,36.36
ORD-2025-054946,1,PROD-043,1,107.04,103.75
ORD-2025-054946,2,PROD-009,2,61.97,122.27
ORD-2025-054947,1,PROD-022,2,9.01,17.75
ORD-2025-054948,1,PROD-035,1,10.14,8.44
ORD-2025-054949,1,PROD-043,2,107.04,182.91
ORD-2025-054950,1,PROD-044,1,40.85,32.58
ORD-2025-054950,2,PROD-009,2,61.97,93.54
ORD-2025-054951,1,PROD-009,2,61.97,113.22
ORD-2025-054952,1,PROD-009,3,61.97,175.0
ORD-2025-054953,1,PROD-021,1,15.49,7.84
ORD-2025-054954,1,PROD-054,1,59.15,40.71
ORD-2025-054955,1,PROD-009,2,61.97,116.81
ORD-2025-054955,2,PROD-012,2,18.5,27.63
ORD-2025-054956,1,PROD-018,1,50.7,37.09
ORD-2025-054957,1,PROD-007,3,17.18,45.62
ORD-2025-054958,1,PROD-007,1,17.18,16.5
ORD-2025-054959,1,PROD-010,1,38.03,34.3
ORD-2025-054960,1,PROD-006,3,32.39,73.49
ORD-2025-054960,2,PROD-009,1,61.97,35.38
ORD-2025-054960,3,PROD-010,1,38.03,29.04
ORD-2025-054961,1,PROD-043,3,107.04,257.02
ORD-2025-054962,1,PROD-041,3,11.83,33.39
ORD-2025-054962,2,PROD-009,1,61.97,58.52
ORD-2025-054963,1,PROD-037,3,9.86,19.44
ORD-2025-054963,2,PROD-034,1,9.01,8.48
ORD-2025-054963,3,PROD-009,2,61.97,116.86
ORD-2025-054964,1,PROD-032,3,19.72,45.55
 ORD-2025-054965 ,1,PROD-009,1,61.97,51.0
ORD-2025-054966,1,PROD-029,1,24.79,21.13
ORD-2025-054966,2,PROD-009,1,61.97,48.19
ORD-2025-054966,3,PROD-031,1,53.52,47.75
ORD-2025-054967,1,PROD-056,1,101.41,94.49
ORD-2025-054968,1,PROD-009,2,61.97,89.7
ORD-2025-054968,2,PROD-002,1,11.9,8.28
ORD-2025-054969,1,PROD-043,4,107.04,394.51
ORD-2025-054969,2,PROD-010,1,38.03,35.01
ORD-2025-054970,1,PROD-005,1,20.28,18.21
ORD-2025-054971,1,PROD-019,2,29.58,42.72
ORD-2025-054971,2,PROD-009,1,61.97,56.77
ORD-2025-054971,3,PROD-037,2,9.86,14.29
ORD-2025-054972,1,PROD-043,4,107.04,408.16
ORD-2025-054972,2,PROD-047,2,108.45,155.71
ORD-2025-054973,1,PROD-004,1,20.28,18.9
ORD-2025-054974,1,PROD-019,2,29.58,50.3
ORD-2025-054975,1,PROD-018,1,50.7,49.62
ORD-2025-054976,1,PROD-019,1,29.58,24.12
ORD-2025-054977,1,PROD-001,1,12.9,12.8
ORD-2025-054978,1,PROD-001,3,12.9,38.13
ORD-2025-054978,2,PROD-005,1,20.28,18.46
ORD-2025-054979,1,PROD-009,1,61.97,53.21
ORD-2025-054980,1,PROD-036,1,11.55,11.18
ORD-2025-054980,2,PROD-059,1,52.11,49.43
ORD-2025-054981,1,PROD-001,1,12.9,9.8
ORD-2025-054981,2,PROD-035,1,10.14,5.14
ORD-2025-054981,3,PROD-041,1,11.83,8.8
ORD-2025-054982,1,PROD-006,2,32.39,49.69
ORD-2025-054983,1,PROD-009,2,61.97,55.77
ORD-2025-054984,1,PROD-013,1,11.9,11.79
ORD-2025-054985,1,PROD-043,1,107.04,94.89
ORD-2025-054986,1,PROD-036,2,11.55,22.55
ORD-2025-054986,2,PROD-043,1,107.04,103.95
ORD-2025-054987,1,PROD-009,1,61.97,61.33
ORD-2025-054988,1,PROD-010,1,38.03,35.69
ORD-2025-054988,2,PROD-004,1,20.28,16.39
ORD-2025-054988,3,PROD-009,1,61.97,53.99
ORD-2025-054989,1,PROD-009,3,61.97,173.55
ORD-2025-054990,1,PROD-009,1,61.97,46.92
ORD-2025-054990,2,PROD-055,1,74.65,36.46
ORD-2025-054991,1,PROD-009,2,61.97,122.87
ORD-2025-054992,1,PROD-009,1,61.97,54.61
ORD-2025-054993,1,PROD-009,1,61.97,57.89
ORD-2025-054993,2,PROD-026,1,14.65,13.1
ORD-2025-054994,1,PROD-033,3,52.11,123.75
ORD-2025-054995,1,PROD-043,2,107.04,121.13
ORD-2025-054996,1,PROD-001,1,12.9,12.43
ORD-2025-054997,1,PROD-009,2,61.97,114.32
ORD-2025-054998,1,PROD-035,3,10.14,25.33
ORD-2025-054999,1,PROD-059,1,52.11,45.49
ORD-2025-055000,1,PROD-043,3,107.04,272.82
ORD-2025-055001,1,PROD-009,2,61.97,106.82
ORD-2025-055002,1,PROD-058,1,39.44,31.03
ORD-2025-055003,1,PROD-053,1,53.52,52.62
ORD-2025-055003,2,PROD-009,2,61.97,122.16
ORD-2025-055004,1,PROD-043,2,107.04,151.44
ORD-2025-055005,1,PROD-030,1,49.3,40.86
ORD-2025-055005,2,PROD-001,1,12.9,11.36
ORD-2025-055006,1,PROD-006,1,32.39,28.89
ORD-2025-055007,1,PROD-043,1,107.04,100.9
ORD-2025-055008,1,PROD-010,1,38.03,34.31
ORD-2025-055009,1,PROD-009,2,61.97,118.54
ORD-2025-055009,2,PROD-004,3,20.28,59.63
ORD-2025-055009,3,PROD-027,1,21.13,19.12
ORD-2025-055010,1,PROD-001,2,12.9,18.75
ORD-2025-055010,2,PROD-013,2,11.9,21.39
ORD-2025-055010,3,PROD-015,1,26.76,26.45
ORD-2025-055010,4,PROD-043,1,107.04,92.72
ORD-2025-055011,1,PROD-006,1,32.39,18.51
ORD-2025-055011,2,PROD-018,2,50.7,76.77
ORD-2025-055011,3,PROD-009,2,61.97,75.99
ORD-2025-055012,1,PROD-007,3,17.18,46.48
ORD-2025-055013,1,PROD-008,2,9.9,19.2
ORD-2025-055014,1,PROD-034,2,9.01,8.49
ORD-2025-055014,2,PROD-028,1,17.18,11.78
ORD-2025-055015,1,PROD-008,1,9.9,9.77
ORD-2025-055015,2,PROD-043,1,107.04,96.14
ORD-2025-055016,1,PROD-013,2,11.9,22.45
ORD-2025-055017,1,PROD-043,2,107.04,192.91
ORD-2025-055017,2,PROD-018,1,50.7,40.62
ORD-2025-055017,3,PROD-001,3,12.9,29.49
ORD-2025-055018,1,PROD-002,1,11.9,11.48
ORD-2025-055018,2,PROD-019,1,29.58,28.8
ORD-2025-055019,1,PROD-009,1,61.97,53.69
ORD-2025-055019,2,PROD-022,1,9.01,7.87
ORD-2025-055019,3,PROD-004,1,20.28,17.28
ORD-2025-055019,4,PROD-043,1,107.04,94.97
ORD-2025-055020,1,PROD-003,1,14.37,12.28
ORD-2025-055021,1,PROD-058,1,39.44,37.09
ORD-2025-055022,1,PROD-040,2,15.21,28.11
ORD-2025-055022,2,PROD-018,1,50.7,46.03
ORD-2025-055023,1,PROD-009,1,61.97,54.12
ORD-2025-055024,1,PROD-018,3,50.7,145.53
ORD-2025-055024,2,PROD-006,1,32.39,31.16
ORD-2025-055024,3,PROD-010,1,38.03,29.61
ORD-2025-055025,1,PROD-004,1,20.28,20.01
ORD-2025-055025,2,PROD-007,1,17.18,13.21
ORD-2025-055025,3,PROD-006,3,32.39,89.88
ORD-2025-055026,1,PROD-020,2,10.14,19.85
ORD-2025-055026,2,PROD-010,2,38.03,75.33
ORD-2025-055027,1,PROD-044,1,40.85,27.14
ORD-2025-055027,2,PROD-021,1,15.49,6.97
ORD-2025-055028,1,PROD-042,1,73.24,72.73
ORD-2025-055029,1,PROD-032,3,19.72,58.6
ORD-2025-055029,2,PROD-002,1,11.9,11.51
ORD-2025-055029,3,PROD-037,2,9.86,19.45
ORD-2025-055029,4,PROD-035,1,10.14,9.87
ORD-2025-055030,1,PROD-009,2,61.97,117.74
ORD-2025-055031,1,PROD-024,1,8.73,8.31
ORD-2025-055032,1,PROD-005,1,20.28,15.97
ORD-2025-055032,2,PROD-009,1,61.97,59.68
ORD-2025-055032,3,PROD-017,1,12.5,10.04
ORD-2025-055033,1,PROD-018,3,50.7,142.67
ORD-2025-055034,1,PROD-008,1,9.9,9.1
ORD-2025-055035,1,PROD-009,2,61.97,117.84
ORD-2025-055036,1,PROD-031,1,53.52,51.11
ORD-2025-055036,2,PROD-009,1,61.97,56.27
ORD-2025-055037,1,PROD-009,2,61.97,118.86
ORD-2025-055038,1,PROD-023,1,7.89,5.61
ORD-2025-055039,1,PROD-010,1,38.03,36.36
ORD-2025-055039,2,PROD-009,2,61.97,114.06
ORD-2025-055039,3,PROD-030,1,49.3,46.62
ORD-2025-055040,1,PROD-009,2,61.97,93.8
ORD-2025-055041,1,PROD-043,1,107.04,101.28
ORD-2025-055042,1,PROD-009,3,61.97,150.62
ORD-2025-055042,2,PROD-001,1,12.9,12.82
ORD-2025-055042,3,PROD-006,1,32.39,31.73
ORD-2025-055043,1,PROD-010,1,38.03,36.11
ORD-2025-055044,1,PROD-042,1,73.24,70.93
ORD-2025-055045,1,PROD-058,1,39.44,31.12
ORD-2025-055046,1,PROD-009,2,61.97,120.47
ORD-2025-055047,1,PROD-009,2,61.97,97.47
ORD-2025-055048,1,PROD-009,1,61.97,57.45
ORD-2025-055049,1,PROD-018,1,50.7,37.65
ORD-2025-055049,2,PROD-009,1,61.97,49.32
ORD-2025-055050,1,PROD-002,1,11.9,7.65
ORD-2025-055050,2,PROD-021,1,15.49,13.5
ORD-2025-055050,3,PROD-009,3,61.97,112.09
ORD-2025-055051,1,PROD-009,1,61.97,54.39
ORD-2025-055051,2,PROD-042,3,73.24,216.12
ORD-2025-055051,3,PROD-020,1,10.14,9.24
ORD-2025-055052,1,PROD-033,1,52.11,47.59
ORD-2025-055053,1,PROD-009,1,61.97,61.09
ORD-2025-055053,2,PROD-042,2,73.24,123.69
ORD-2025-055054,1,PROD-004,1,20.28,18.57
ORD-2025-055054,2,PROD-010,3,38.03,105.84
ORD-2025-055055,1,PROD-030,1,49.3,46.74
ORD-2025-055056,1,PROD-009,1,61.97,59.61
ORD-2025-055056,2,PROD-059,1,52.11,48.47
ORD-2025-055056,3,PROD-018,1,50.7,49.39
ORD-2025-055057,1,PROD-009,1,61.97,61.65
ORD-2025-055058,1,PROD-009,1,61.97,60.82
ORD-2025-055059,1,PROD-053,1,53.52,39.03
ORD-2025-055060,1,PROD-009,1,61.97,61.36
ORD-2025-055060,2,PROD-043,2,107.04,197.98
ORD-2025-055060,3,PROD-010,2,38.03,68.2
ORD-2025-055060,4,PROD-033,1,52.11,50.54
ORD-2025-055061,1,PROD-043,1,107.04,100.29
ORD-2025-055062,1,PROD-005,2,20.28,36.63
ORD-2025-055062,2,PROD-009,1,61.97,53.02
ORD-2025-055062,3,PROD-034,3,9.01,25.66
ORD-2025-055063,1,PROD-013,1,11.9,6.73
ORD-2025-055064,1,PROD-010,1,38.03,32.09
ORD-2025-055065,1,PROD-055,1,74.65,64.94
ORD-2025-055066,1,PROD-009,3,61.97,157.35
ORD-2025-055067,1,PROD-043,1,107.04,92.81
ORD-2025-055067,2,PROD-001,1,12.9,10.84
ORD-2025-055068,1,PROD-031,1,53.52,32.38
ORD-2025-055069,1,PROD-020,1,10.14,8.42
ORD-2025-055069,2,PROD-024,1,8.73,5.05
ORD-2025-055069,3,PROD-043,3,107.04,228.41
ORD-2025-055070,1,PROD-029,1,24.79,20.15
ORD-2025-055071,1,PROD-036,2,11.55,17.93
ORD-2025-055072,1,PROD-009,2,61.97,122.4
ORD-2025-055072,2,PROD-010,1,38.03,36.2
ORD-2025-055073,1,PROD-009,3,61.97,182.12
ORD-2025-055073,2,PROD-008,2,9.9,18.73
ORD-2025-055073,3,PROD-001,1,12.9,11.96
ORD-2025-055074,1,PROD-009,2,61.97,123.02
ORD-2025-055074,2,PROD-019,3,29.58,82.23
ORD-2025-055074,3,PROD-024,1,8.73,8.31
ORD-2025-055075,1,PROD-059,1,52.11,49.78
ORD-2025-055076,1,PROD-007,1,17.18,7.73
ORD-2025-055076,2,PROD-043,1,107.04,75.81
ORD-2025-055077,1,PROD-028,2,17.18,21.12
ORD-2025-055078,1,PROD-006,2,32.39,59.07
ORD-2025-055078,2,PROD-005,3,20.28,59.11
ORD-2025-055079,1,PROD-009,1,61.97,54.92
ORD-2025-055079,2,PROD-030,2,49.3,90.27
ORD-2025-055080,1,PROD-027,1,21.13,20.65
ORD-2025-055080,2,PROD-018,1,50.7,47.13
ORD-2025-055081,1,PROD-018,2,50.7,45.63
ORD-2025-055082,1,PROD-009,2,61.97,118.56
ORD-2025-055083,1,PROD-009,3,61.97,172.95
ORD-2025-055084,1,PROD-018,1,50.7,41.78
ORD-2025-055084,2,PROD-012,2,18.5,28.59
ORD-2025-055084,3,PROD-009,1,61.97,49.32
ORD-2025-055085,1,PROD-003,2,14.37,18.75
ORD-2025-055085,2,PROD-041,1,11.83,5.61
ORD-2025-055086,1,PROD-016,1,8.9,8.02
ORD-2025-055086,2,PROD-020,1,10.14,9.6
ORD-2025-055087,1,PROD-006,1,32.39,25.18
ORD-2025-055088,1,PROD-018,3,50.7,151.72
ORD-2025-055089,1,PROD-030,1,49.3,36.97
ORD-2025-055090,1,PROD-034,2,9.01,13.1
ORD-2025-055091,1,PROD-014,2,9.9,18.26
ORD-2025-055091,2,PROD-037,1,9.86,7.92
ORD-2025-055092,1,PROD-042,1,73.24,38.58
ORD-2025-055093,1,PROD-019,1,29.58,26.21
ORD-2025-055094,1,PROD-018,1,50.7,37.12
ORD-2025-055094,2,PROD-009,3,61.97,92.25
ORD-2025-055095,1,PROD-010,1,38.03,32.19
ORD-2025-055096,1,PROD-003,1,14.37,14.02
ORD-2025-055096,2,PROD-010,1,38.03,36.57
ORD-2025-055096,3,PROD-034,3,9.01,26.7
ORD-2025-055096,4,PROD-030,1,49.3,45.26
ORD-2025-055096,5,PROD-043,2,107.04,203.95
ORD-2025-055097,1,PROD-030,1,49.3,37.83
ORD-2025-055097,2,PROD-059,1,52.11,37.76
ORD-2025-055098,1,PROD-034,2,9.01,15.26
ORD-2025-055099,1,PROD-009,1,61.97,58.87
ORD-2025-055100,1,PROD-009,1,61.97,57.01
ORD-2025-055101,1,PROD-009,1,61.97,59.25
ORD-2025-055102,1,PROD-009,2,61.97,94.64
ORD-2025-055102,2,PROD-003,1,14.37,10.81
ORD-2025-055102,3,PROD-043,2,107.04,171.52
ORD-2025-055103,1,PROD-001,1,12.9,12.3
ORD-2025-055104,1,PROD-043,1,107.04,90.07
ORD-2025-055105,1,PROD-041,4,11.83,44.66
ORD-2025-055106,1,PROD-009,1,61.97,59.87
ORD-2025-055106,2,PROD-003,3,14.37,41.82
ORD-2025-055106,3,PROD-043,1,107.04,99.54
ORD-2025-055106,4,PROD-034,1,9.01,8.71
ORD-2025-055107,1,PROD-009,1,61.97,60.7
ORD-2025-055108,1,PROD-017,1,12.5,5.62
ORD-2025-055109,1,PROD-043,1,107.04,85.96
ORD-2025-055110,1,PROD-026,1,14.65,14.05
ORD-2025-055111,1,PROD-005,2,20.28,36.58
ORD-2025-055111,2,PROD-034,2,9.01,15.54
ORD-2025-055111,3,PROD-043,1,107.04,105.32
ORD-2025-055112,1,PROD-010,2,38.03,68.96
ORD-2025-055112,2,PROD-034,3,9.01,26.38
ORD-2025-055112,3,PROD-043,1,107.04,98.9
ORD-2025-055113,1,PROD-004,2,20.28,38.15
ORD-2025-055113,2,PROD-043,1,107.04,97.05
ORD-2025-055114,1,PROD-031,2,53.52,81.9
ORD-2025-055114,2,PROD-015,1,26.76,23.62
ORD-2025-055115,1,PROD-009,2,61.97,92.91
ORD-2025-055116,1,PROD-021,1,15.49,14.4
ORD-2025-055117,1,PROD-033,1,52.11,45.85
ORD-2025-055118,1,PROD-009,2,61.97,120.05
ORD-2025-055118,2,PROD-019,3,29.58,85.95
ORD-2025-055118,3,PROD-010,1,38.03,36.18
ORD-2025-055119,1,PROD-013,1,11.9,11.67
ORD-2025-055119,2,PROD-004,1,20.28,18.15
ORD-2025-055120,1,PROD-004,1,20.28,15.87
ORD-2025-055120,2,PROD-043,3,107.04,212.23
ORD-2025-055121,1,PROD-016,1,8.9,8.49
ORD-2025-055122,1,PROD-003,1,14.37,13.74
ORD-2025-055123,1,PROD-009,2,61.97,115.4
ORD-2025-055123,2,PROD-043,1,107.04,88.25
ORD-2025-055124,1,PROD-009,1,61.97,60.52
ORD-2025-055125,1,PROD-007,1,17.18,13.75
ORD-2025-055125,2,PROD-034,1,9.01,7.53
ORD-2025-055126,1,PROD-018,1,50.7,43.74
ORD-2025-055126,2,PROD-009,1,61.97,40.6
ORD-2025-055127,1,PROD-009,1,61.97,50.04
ORD-2025-055128,1,PROD-056,1,101.41,94.38
ORD-2025-055128,2,PROD-041,1,11.83,11.1
ORD-2025-055129,1,PROD-029,2,24.79,22.31
ORD-2025-055130,1,PROD-009,2,61.97,106.27
ORD-2025-055131,1,PROD-022,1,9.01,6.86
ORD-2025-055132,1,PROD-009,1,61.97,57.36
ORD-2025-055132,2,PROD-041,1,11.83,11.47
ORD-2025-055133,1,PROD-010,1,38.03,34.73
ORD-2025-055134,1,PROD-038,3,7.89,16.79
ORD-2025-055134,2,PROD-004,2,20.28,35.44
ORD-2025-055135,1,PROD-043,1,107.04,98.37
ORD-2025-055135,2,PROD-002,1,11.9,11.22
ORD-2025-055136,1,PROD-010,2,38.03,61.82
ORD-2025-055136,2,PROD-043,2,107.04,212.47
ORD-2025-055137,1,PROD-010,3,38.03,105.53
ORD-2025-055138,1,PROD-043,1,107.04,98.23
ORD-2025-055139,1,PROD-034,1,9.01,7.35
ORD-2025-055139,2,PROD-003,2,14.37,25.14
ORD-2025-055140,1,PROD-043,2,107.04,211.02
ORD-2025-055141,1,PROD-018,2,50.7,98.62
ORD-2025-055142,1,PROD-009,1,61.97,58.77
ORD-2025-055143,1,PROD-019,2,29.58,29.2
ORD-2025-055144,1,PROD-009,3,61.97,182.68
ORD-2025-055145,1,PROD-009,2,61.97,116.55
ORD-2025-055145,2,PROD-042,1,73.24,65.54
ORD-2025-055145,3,PROD-043,2,107.04,193.34
ORD-2025-055146,1,PROD-001,2,12.9,25.48
ORD-2025-055147,1,PROD-055,1,74.65,33.59
ORD-2025-055147,2,PROD-043,3,107.04,144.5
ORD-2025-055148,1,PROD-009,2,61.97,118.0
ORD-2025-055148,2,PROD-043,2,107.04,183.21
ORD-2025-055149,1,PROD-043,2,107.04,141.7
ORD-2025-055150,1,PROD-009,1,61.97,41.04
ORD-2025-055151,1,PROD-043,2,107.04,193.61
ORD-2025-055152,1,PROD-042,2,73.24,127.29
ORD-2025-055152,2,PROD-017,2,12.5,21.36
ORD-2025-055152,3,PROD-005,2,20.28,38.76
ORD-2025-055153,1,PROD-009,2,61.97,88.6
ORD-2025-055153,2,PROD-018,2,50.7,95.35
ORD-2025-055154,1,PROD-018,1,50.7,48.59
ORD-2025-055155,1,PROD-043,1,107.04,76.83
ORD-2025-055156,1,PROD-031,1,53.52,50.77
ORD-2025-055156,2,PROD-021,1,15.49,15.05
ORD-2025-055157,1,PROD-018,3,50.7,111.15
ORD-2025-055157,2,PROD-009,1,61.97,53.15
ORD-2025-055158,1,PROD-009,1,61.97,60.94
ORD-2025-055159,1,PROD-010,1,38.03,36.21
ORD-2025-055160,1,PROD-041,2,11.83,21.91
ORD-2025-055160,2,PROD-043,2,107.04,164.2
ORD-2025-055160,3,PROD-009,2,61.97,93.77
ORD-2025-055161,1,PROD-009,1,61.97,58.7
ORD-2025-055161,2,PROD-034,4,9.01,35.08
ORD-2025-055162,1,PROD-009,1,61.97,59.32
ORD-2025-055162,2,PROD-043,1,107.04,96.83
ORD-2025-055162,3,PROD-035,1,10.14,9.7
ORD-2025-055163,1,PROD-009,1,61.97,43.85
ORD-2025-055164,1,PROD-004,1,20.28,12.96
ORD-2025-055165,1,PROD-018,3,50.7,134.88
ORD-2025-055166,1,PROD-014,1,9.9,9.78
ORD-2025-055167,1,PROD-043,1,107.04,97.5
ORD-2025-055168,1,PROD-053,1,53.52,51.78
ORD-2025-055169,1,PROD-001,1,12.9,12.51
ORD-2025-055170,1,PROD-018,3,50.7,127.72
ORD-2025-055170,2,PROD-030,1,49.3,42.25
ORD-2025-055171,1,PROD-010,3,38.03,76.78
ORD-2025-055171,2,PROD-002,2,11.9,21.66
ORD-2025-055172,1,PROD-018,1,50.7,45.14
ORD-2025-055172,2,PROD-005,1,20.28,16.07
ORD-2025-055173,1,PROD-034,3,9.01,24.79
ORD-2025-055174,1,PROD-014,1,9.9,5.45
ORD-2025-055174,2,PROD-034,1,9.01,6.46
ORD-2025-055175,1,PROD-025,1,21.97,13.5
ORD-2025-055175,2,PROD-004,2,20.28,18.25
ORD-2025-055176,1,PROD-043,2,107.04,198.11
ORD-2025-055177,1,PROD-012,3,18.5,54.25
ORD-2025-055178,1,PROD-011,1,14.9,10.53
ORD-2025-055178,2,PROD-034,2,9.01,12.72
ORD-2025-055179,1,PROD-042,1,73.24,49.43
ORD-2025-055180,1,PROD-020,1,10.14,8.96
ORD-2025-055180,2,PROD-030,1,49.3,42.11
ORD-2025-055180,3,PROD-043,1,107.04,101.5
ORD-2025-055180,4,PROD-005,1,20.28,17.16
ORD-2025-055181,1,PROD-002,1,11.9,10.79
ORD-2025-055182,1,PROD-018,1,50.7,36.8
ORD-2025-055182,2,PROD-009,1,61.97,45.79
ORD-2025-055183,1,PROD-005,3,20.28,60.32
ORD-2025-055183,2,PROD-009,2,61.97,123.25
ORD-2025-055183,3,PROD-043,1,107.04,101.2
ORD-2025-055184,1,PROD-007,2,17.18,30.59
ORD-2025-055185,1,PROD-010,1,38.03,32.67
ORD-2025-055185,2,PROD-035,1,10.14,8.65
ORD-2025-055186,1,PROD-006,1,32.39,25.94
ORD-2025-055186,2,PROD-032,3,19.72,57.95
ORD-2025-055187,1,PROD-058,1,39.44,33.03
ORD-2025-055188,1,PROD-009,1,61.97,60.42
ORD-2025-055189,1,PROD-018,1,50.7,36.42
ORD-2025-055189,2,PROD-009,2,61.97,57.56
ORD-2025-055190,1,PROD-018,2,50.7,82.63
ORD-2025-055191,1,PROD-009,2,61.97,89.58
ORD-2025-055192,1,PROD-018,2,50.7,91.88
ORD-2025-055193,1,PROD-043,2,107.04,170.19
ORD-2025-055194,1,PROD-054,1,59.15,45.46
ORD-2025-055195,1,PROD-018,1,50.7,43.67
ORD-2025-055196,1,PROD-024,1,8.73,7.96
ORD-2025-055196,2,PROD-043,1,107.04,99.12
ORD-2025-055196,3,PROD-009,1,61.97,60.01
ORD-2025-055197,1,PROD-009,1,61.97,55.82
ORD-2025-055197,2,PROD-034,2,9.01,17.17
ORD-2025-055198,1,PROD-044,1,40.85,37.17
ORD-2025-055199,1,PROD-031,1,53.52,43.09
ORD-2025-055199,2,PROD-009,3,61.97,173.21
ORD-2025-055199,3,PROD-042,1,73.24,71.09
ORD-2025-055199,4,PROD-004,1,20.28,17.85
ORD-2025-055200,1,PROD-017,1,12.5,5.62
ORD-2025-055200,2,PROD-010,1,38.03,19.88
ORD-2025-055201,1,PROD-043,1,107.04,99.89
ORD-2025-055201,2,PROD-031,2,53.52,102.24
ORD-2025-055202,1,PROD-018,2,50.7,85.58
ORD-2025-055203,1,PROD-010,1,38.03,33.29
ORD-2025-055204,1,PROD-009,1,61.97,56.78
ORD-2025-055205,1,PROD-007,2,17.18,20.18
ORD-2025-055205,2,PROD-002,1,11.9,9.25
ORD-2025-055206,1,PROD-055,1,74.65,33.59
ORD-2025-055207,1,PROD-004,3,20.28,45.74
ORD-2025-055207,2,PROD-013,3,11.9,27.32
ORD-2025-055208,1,PROD-004,2,20.28,34.93
ORD-2025-055209,1,PROD-006,1,32.39,14.58
ORD-2025-055209,2,PROD-036,4,11.55,22.88
ORD-2025-055210,1,PROD-035,1,10.14,9.34
ORD-2025-055211,1,PROD-009,1,61.97,58.49
ORD-2025-055212,1,PROD-048,1,55.77,48.72
ORD-2025-055212,2,PROD-018,2,50.7,90.18
ORD-2025-055213,1,PROD-054,1,59.15,52.4
ORD-2025-055214,1,PROD-009,1,61.97,28.85
ORD-2025-055214,2,PROD-056,1,101.41,45.63
ORD-2025-055215,1,PROD-003,1,14.37,13.94
ORD-2025-055215,2,PROD-009,1,61.97,59.55
ORD-2025-055216,1,PROD-009,2,61.97,114.57
ORD-2025-055216,2,PROD-038,1,7.89,5.86
ORD-2025-055216,3,PROD-043,1,107.04,63.96
ORD-2025-055217,1,PROD-043,1,107.04,53.98
ORD-2025-055217,2,PROD-008,2,9.9,17.35
ORD-2025-055218,1,PROD-031,1,53.52,35.11
ORD-2025-055218,2,PROD-009,1,61.97,49.81
ORD-2025-055219,1,PROD-042,3,73.24,140.47
ORD-2025-055219,2,PROD-009,1,61.97,29.66
ORD-2025-055219,3,PROD-031,1,53.52,46.13
ORD-2025-055220,1,PROD-010,1,38.03,36.9
ORD-2025-055220,2,PROD-009,2,61.97,121.52
ORD-2025-055220,3,PROD-001,1,12.9,12.37
ORD-2025-055221,1,PROD-010,1,38.03,37.08
ORD-2025-055221,2,PROD-018,1,50.7,49.36
ORD-2025-055222,1,PROD-029,1,24.79,22.14
ORD-2025-055222,2,PROD-019,2,29.58,41.01
ORD-2025-055223,1,PROD-009,2,61.97,118.2
ORD-2025-055224,1,PROD-031,1,53.52,46.16
ORD-2025-055224,2,PROD-001,2,12.9,23.99
ORD-2025-055224,3,PROD-029,1,24.79,23.9
ORD-2025-055224,4,PROD-002,1,11.9,10.79
ORD-2025-055225,1,PROD-043,2,107.04,192.5
ORD-2025-055226,1,PROD-009,1,61.97,51.03
ORD-2025-055227,1,PROD-006,1,32.39,26.38
ORD-2025-055227,2,PROD-034,1,9.01,8.37
ORD-2025-055227,3,PROD-039,2,8.17,14.15
ORD-2025-055228,1,PROD-018,1,50.7,45.06
ORD-2025-055229,1,PROD-009,1,61.97,60.07
ORD-2025-055230,1,PROD-010,1,38.03,36.99
ORD-2025-055231,1,PROD-004,1,20.28,17.36
ORD-2025-055232,1,PROD-043,1,107.04,105.48
ORD-2025-055232,2,PROD-009,1,61.97,61.48
ORD-2025-055233,1,PROD-005,2,20.28,40.04
ORD-2025-055233,2,PROD-006,1,32.39,31.11
ORD-2025-055233,3,PROD-043,1,107.04,95.49
ORD-2025-055234,1,PROD-007,1,17.18,13.84
ORD-2025-055235,1,PROD-009,1,61.97,58.89
ORD-2025-055236,1,PROD-042,2,73.24,129.3
ORD-2025-055237,1,PROD-018,1,50.7,47.45
ORD-2025-055237,2,PROD-010,1,38.03,36.1
ORD-2025-055237,3,PROD-009,1,61.97,58.88
ORD-2025-055238,1,PROD-040,4,15.21,57.38
ORD-2025-055239,1,PROD-044,1,40.85,20.69
ORD-2025-055239,2,PROD-035,1,10.14,9.02
ORD-2025-055240,1,PROD-001,1,12.9,11.24
ORD-2025-055241,1,PROD-021,2,15.49,28.63
ORD-2025-055241,2,PROD-036,1,11.55,9.44
ORD-2025-055241,3,PROD-009,2,61.97,73.97
ORD-2025-055242,1,PROD-010,1,38.03,35.23
ORD-2025-055243,1,PROD-009,1,61.97,53.7
ORD-2025-055243,2,PROD-054,1,59.15,51.38
ORD-2025-055243,3,PROD-043,3,107.04,238.85
ORD-2025-055244,1,PROD-010,1,38.03,35.75
ORD-2025-055244,2,PROD-042,1,73.24,69.8
ORD-2025-055244,3,PROD-002,2,11.9,23.08
ORD-2025-055244,4,PROD-019,2,29.58,56.08
ORD-2025-055245,1,PROD-035,1,10.14,8.94
ORD-2025-055246,1,PROD-009,1,61.97,56.1
ORD-2025-055247,1,PROD-023,2,7.89,12.23
ORD-2025-055247,2,PROD-035,3,10.14,23.02
ORD-2025-055247,3,PROD-060,1,42.25,32.57
ORD-2025-055248,1,PROD-030,1,49.3,48.52
ORD-2025-055249,1,PROD-042,1,73.24,64.74
ORD-2025-055250,1,PROD-018,1,50.7,31.0
ORD-2025-055251,1,PROD-042,2,73.24,83.82
ORD-2025-055251,2,PROD-009,1,61.97,40.41
ORD-2025-055252,1,PROD-009,1,61.97,56.66
ORD-2025-055253,1,PROD-007,1,17.18,15.78
ORD-2025-055254,1,PROD-022,1,9.01,7.14
ORD-2025-055254,2,PROD-045,1,72.68,70.01
ORD-2025-055255,1,PROD-043,1,107.04,95.13
ORD-2025-055256,1,PROD-009,1,61.97,55.43
ORD-2025-055256,2,PROD-006,3,32.39,93.21
ORD-2025-055257,1,PROD-007,1,17.18,16.52
ORD-2025-055258,1,PROD-002,1,11.9,9.92
ORD-2025-055258,2,PROD-038,1,7.89,6.34
ORD-2025-055258,3,PROD-009,2,61.97,121.37
ORD-2025-055258,4,PROD-039,3,8.17,23.75
ORD-2025-055259,1,PROD-009,2,61.97,122.43
ORD-2025-055260,1,PROD-006,2,32.39,58.48
ORD-2025-055260,2,PROD-043,1,107.04,96.42
ORD-2025-055261,1,PROD-001,1,12.9,12.66
ORD-2025-055261,2,PROD-010,1,38.03,34.66
ORD-2025-055262,1,PROD-009,1,61.97,61.47
ORD-2025-055263,1,PROD-006,3,32.39,94.49
ORD-2025-055263,2,PROD-030,1,49.3,46.4
ORD-2025-055264,1,PROD-037,1,9.86,8.72
ORD-2025-055264,2,PROD-009,2,61.97,112.38
ORD-2025-055265,1,PROD-030,1,49.3,26.94
ORD-2025-055266,1,PROD-058,1,39.44,34.41
ORD-2025-055266,2,PROD-035,1,10.14,9.82
ORD-2025-055267,1,PROD-042,3,73.24,179.8
ORD-2025-055268,1,PROD-046,1,259.15,227.69
ORD-2025-055268,2,PROD-043,3,107.04,186.73
ORD-2025-055269,1,PROD-004,2,20.28,32.2
ORD-2025-055269,2,PROD-002,1,11.9,10.61
ORD-2025-055270,1,PROD-004,1,20.28,19.57
ORD-2025-055271,1,PROD-007,1,17.18,16.51
ORD-2025-055271,2,PROD-041,3,11.83,30.43
ORD-2025-055272,1,PROD-017,2,12.5,24.93
ORD-2025-055272,2,PROD-005,1,20.28,19.17
ORD-2025-055273,1,PROD-001,3,12.9,37.99
ORD-2025-055274,1,PROD-009,2,61.97,95.01
ORD-2025-055275,1,PROD-042,2,73.24,141.68
ORD-2025-055276,1,PROD-036,1,11.55,11.37
ORD-2025-055276,2,PROD-043,1,107.04,101.5
ORD-2025-055277,1,PROD-005,1,20.28,19.18
ORD-2025-055278,1,PROD-013,1,11.9,11.55
ORD-2025-055279,1,PROD-009,1,61.97,59.47
ORD-2025-055279,2,PROD-043,1,107.04,105.68
ORD-2025-055279,3,PROD-035,3,10.14,29.01
ORD-2025-055279,4,PROD-010,1,38.03,33.56
ORD-2025-055279,5,PROD-036,3,11.55,33.21
ORD-2025-055280,1,PROD-003,2,14.37,27.65
ORD-2025-055281,1,PROD-043,2,107.04,186.38
ORD-2025-055282,1,PROD-040,2,15.21,28.28
ORD-2025-055282,2,PROD-004,1,20.28,19.49
ORD-2025-055283,1,PROD-051,1,36.06,34.54
ORD-2025-055283,2,PROD-009,2,61.97,118.33
ORD-2025-055284,1,PROD-006,2,32.39,58.85
ORD-2025-055285,1,PROD-043,3,107.04,298.22
ORD-2025-055286,1,PROD-001,2,12.9,24.7
ORD-2025-055286,2,PROD-006,1,32.39,31.75
ORD-2025-055287,1,PROD-004,3,20.28,59.53
ORD-2025-055288,1,PROD-009,2,61.97,85.85
ORD-2025-055289,1,PROD-009,1,61.97,60.63
ORD-2025-055290,1,PROD-005,1,20.28,18.26
ORD-2025-055290,2,PROD-004,1,20.28,15.26
ORD-2025-055291,1,PROD-043,1,107.04,100.61
ORD-2025-055292,1,PROD-060,1,42.25,23.98
ORD-2025-055293,1,PROD-010,2,38.03,34.23
ORD-2025-055294,1,PROD-009,3,61.97,182.12
ORD-2025-055295,1,PROD-010,1,38.03,35.83
ORD-2025-055295,2,PROD-054,1,59.15,48.75
ORD-2025-055296,1,PROD-001,2,12.9,22.92
ORD-2025-055297,1,PROD-043,1,107.04,48.17
ORD-2025-055297,2,PROD-009,1,61.97,36.04
ORD-2025-055298,1,PROD-011,2,14.9,19.96
ORD-2025-055299,1,PROD-009,2,61.97,108.29
ORD-2025-055300,1,PROD-009,2,61.97,121.62
ORD-2025-055300,2,PROD-041,3,11.83,31.92
ORD-2025-055301,1,PROD-005,1,20.28,19.62
ORD-2025-055301,2,PROD-002,1,11.9,11.69
ORD-2025-055302,1,PROD-018,3,50.7,115.4
ORD-2025-055303,1,PROD-001,1,12.9,11.71
ORD-2025-055303,2,PROD-043,1,107.04,92.15
ORD-2025-055303,3,PROD-005,2,20.28,38.1
ORD-2025-055304,1,PROD-009,1,61.97,56.55
ORD-2025-055304,2,PROD-031,1,53.52,48.18
ORD-2025-055304,3,PROD-012,2,18.5,36.74
ORD-2025-055305,1,PROD-018,1,50.7,47.98
ORD-2025-055306,1,PROD-056,1,101.41,98.41
ORD-2025-055307,1,PROD-009,2,61.97,118.45
ORD-2025-055308,1,PROD-009,1,61.97,49.11
ORD-2025-055309,1,PROD-019,1,29.58,25.63
ORD-2025-055310,1,PROD-058,1,39.44,31.32
ORD-2025-055311,1,PROD-031,1,53.52,48.59
ORD-2025-055312,1,PROD-018,1,50.7,37.77
ORD-2025-055313,1,PROD-004,1,20.28,18.95
ORD-2025-055314,1,PROD-043,4,107.04,408.04
ORD-2025-055315,1,PROD-009,1,61.97,44.17
ORD-2025-055316,1,PROD-009,2,61.97,104.82
ORD-2025-055317,1,PROD-004,1,20.28,19.16
ORD-2025-055318,1,PROD-040,2,15.21,29.23
ORD-2025-055318,2,PROD-009,2,61.97,94.07
ORD-2025-055319,1,PROD-034,3,9.01,26.2
ORD-2025-055320,1,PROD-016,1,8.9,7.88
ORD-2025-055320,2,PROD-007,1,17.18,14.2
ORD-2025-055320,3,PROD-044,1,40.85,37.38
ORD-2025-055321,1,PROD-012,3,18.5,53.52
ORD-2025-055322,1,PROD-019,1,29.58,26.41
ORD-2025-055323,1,PROD-014,2,9.9,17.96
ORD-2025-055323,2,PROD-042,2,73.24,129.42
ORD-2025-055324,1,PROD-010,2,38.03,75.28
ORD-2025-055325,1,PROD-031,1,53.52,49.89
ORD-2025-055325,2,PROD-020,1,10.14,9.87
ORD-2025-055326,1,PROD-015,1,26.76,20.92
ORD-2025-055327,1,PROD-005,3,20.28,55.19
ORD-2025-055328,1,PROD-010,2,38.03,72.08
ORD-2025-055328,2,PROD-015,1,26.76,24.6
ORD-2025-055328,3,PROD-005,1,20.28,18.21
ORD-2025-055329,1,PROD-006,2,32.39,63.17
ORD-2025-055329,2,PROD-043,2,107.04,183.53
ORD-2025-055329,3,PROD-009,1,61.97,57.84
ORD-2025-055330,1,PROD-013,2,11.9,21.4
ORD-2025-055331,1,PROD-012,1,18.5,17.67
ORD-2025-055332,1,PROD-006,1,32.39,29.08
ORD-2025-055332,2,PROD-004,1,20.28,19.55
ORD-2025-055332,3,PROD-009,2,61.97,98.35
ORD-2025-055332,4,PROD-013,1,11.9,11.56
ORD-2025-055333,1,PROD-018,2,50.7,93.25
ORD-2025-055334,1,PROD-018,1,50.7,47.12
ORD-2025-055335,1,PROD-009,1,61.97,58.91
ORD-2025-055336,1,PROD-021,2,15.49,28.33
ORD-2025-055337,1,PROD-001,2,12.9,25.13
ORD-2025-055338,1,PROD-009,1,61.97,52.59
ORD-2025-055338,2,PROD-043,1,107.04,93.15
ORD-2025-055338,3,PROD-005,1,20.28,16.78
ORD-2025-055339,1,PROD-043,3,107.04,313.61
ORD-2025-055339,2,PROD-009,1,61.97,44.68
ORD-2025-055340,1,PROD-031,1,53.52,52.92
ORD-2025-055340,2,PROD-003,1,14.37,14.22
ORD-2025-055341,1,PROD-009,3,61.97,180.31
ORD-2025-055341,2,PROD-034,2,9.01,17.41
ORD-2025-055341,3,PROD-004,3,20.28,57.45
ORD-2025-055342,1,PROD-017,3,12.5,36.27
ORD-2025-055342,2,PROD-032,1,19.72,19.43
ORD-2025-055343,1,PROD-019,2,29.58,56.39
ORD-2025-055343,2,PROD-009,1,61.97,59.35
ORD-2025-055344,1,PROD-007,3,17.18,49.11
ORD-2025-055345,1,PROD-010,1,38.03,30.95
ORD-2025-055345,2,PROD-032,2,19.72,37.63
ORD-2025-055346,1,PROD-005,1,20.28,19.92
ORD-2025-055346,2,PROD-007,2,17.18,31.09
ORD-2025-055347,1,PROD-009,1,61.97,50.64
ORD-2025-055347,2,PROD-003,1,14.37,10.92
ORD-2025-055348,1,PROD-009,2,61.97,119.7
ORD-2025-055348,2,PROD-038,1,7.89,7.43
ORD-2025-055348,3,PROD-043,2,107.04,201.02
ORD-2025-055349,1,PROD-002,1,11.9,11.56
ORD-2025-055350,1,PROD-005,1,20.28,19.53
ORD-2025-055350,2,PROD-030,1,49.3,46.75
ORD-2025-055351,1,PROD-035,1,10.14,8.97
ORD-2025-055352,1,PROD-043,3,107.04,313.86
ORD-2025-055352,2,PROD-009,3,61.97,178.42
ORD-2025-055353,1,PROD-009,1,61.97,59.6
ORD-2025-055354,1,PROD-043,1,107.04,94.38
ORD-2025-055355,1,PROD-031,1,53.52,49.36
ORD-2025-055356,1,PROD-009,1,61.97,45.94
ORD-2025-055356,2,PROD-053,1,53.52,50.38
ORD-2025-055357,1,PROD-005,2,20.28,37.85
ORD-2025-055357,2,PROD-043,1,107.04,49.15
ORD-2025-055357,3,PROD-004,1,20.28,18.78
ORD-2025-055357,4,PROD-003,1,14.37,14.07
ORD-2025-055358,1,PROD-018,1,50.7,48.68
ORD-2025-055358,2,PROD-020,1,10.14,9.22
ORD-2025-055359,1,PROD-011,3,14.9,35.81
ORD-2025-055360,1,PROD-009,2,61.97,103.28
ORD-2025-055361,1,PROD-056,1,101.41,96.84
ORD-2025-055362,1,PROD-043,1,107.04,100.19
ORD-2025-055362,2,PROD-040,1,15.21,14.2
ORD-2025-055363,1,PROD-009,1,61.97,57.6
ORD-2025-055363,2,PROD-010,2,38.03,64.99
ORD-2025-055364,1,PROD-002,2,11.9,20.96
ORD-2025-055365,1,PROD-009,1,61.97,61.1
ORD-2025-055366,1,PROD-054,1,59.15,43.92
ORD-2025-055367,1,PROD-054,1,59.15,29.91
ORD-2025-055368,1,PROD-042,1,73.24,71.41
ORD-2025-055369,1,PROD-054,1,59.15,52.42
ORD-2025-055370,1,PROD-001,3,12.9,35.24
ORD-2025-055370,2,PROD-004,3,20.28,60.01
ORD-2025-055370,3,PROD-005,2,20.28,40.3
ORD-2025-055371,1,PROD-043,3,107.04,297.13
ORD-2025-055371,2,PROD-034,2,9.01,16.81
ORD-2025-055372,1,PROD-015,1,26.76,24.39
ORD-2025-055372,2,PROD-009,3,61.97,151.72
ORD-2025-055373,1,PROD-012,2,18.5,19.3
ORD-2025-055373,2,PROD-029,1,24.79,13.87
ORD-2025-055374,1,PROD-052,1,46.48,42.27
ORD-2025-055375,1,PROD-029,2,24.79,44.5
ORD-2025-055375,2,PROD-010,1,38.03,34.55
ORD-2025-055376,1,PROD-043,3,107.04,272.63
ORD-2025-055376,2,PROD-030,1,49.3,47.56
ORD-2025-055377,1,PROD-010,2,38.03,62.53
ORD-2025-055377,2,PROD-034,1,9.01,7.74
ORD-2025-055377,3,PROD-030,1,49.3,47.66
ORD-2025-055378,1,PROD-009,2,61.97,99.2
ORD-2025-055378,2,PROD-060,1,42.25,35.46
ORD-2025-055379,1,PROD-009,1,61.97,58.62
ORD-2025-055379,2,PROD-035,2,10.14,20.13
ORD-2025-055380,1,PROD-010,1,38.03,34.86
ORD-2025-055381,1,PROD-043,1,107.04,98.55
ORD-2025-055382,1,PROD-043,2,107.04,190.15
ORD-2025-055382,2,PROD-009,1,61.97,55.43
ORD-2025-055383,1,PROD-036,1,11.55,8.76
ORD-2025-055383,2,PROD-017,1,12.5,10.96
ORD-2025-055383,3,PROD-008,1,9.9,4.46
ORD-2025-055384,1,PROD-005,1,20.28,19.67
ORD-2025-055384,2,PROD-043,2,107.04,209.86
ORD-2025-055384,3,PROD-041,1,11.83,11.61
ORD-2025-055385,1,PROD-005,3,20.28,56.42
ORD-2025-055386,1,PROD-007,1,17.18,16.89
ORD-2025-055387,1,PROD-005,1,20.28,18.07
ORD-2025-055388,1,PROD-018,1,50.7,28.18
ORD-2025-055388,2,PROD-031,2,53.52,83.63
ORD-2025-055389,1,PROD-009,3,61.97,178.83
ORD-2025-055389,2,PROD-034,2,9.01,16.79
ORD-2025-055390,1,PROD-009,1,61.97,51.48
ORD-2025-055390,2,PROD-006,1,32.39,30.46
ORD-2025-055390,3,PROD-032,3,19.72,51.27
ORD-2025-055391,1,PROD-024,1,8.73,7.25
ORD-2025-055392,1,PROD-009,2,61.97,115.26
ORD-2025-055392,2,PROD-043,2,107.04,130.48
ORD-2025-055393,1,PROD-008,1,9.9,8.59
ORD-2025-055393,2,PROD-009,1,61.97,59.28
ORD-2025-055393,3,PROD-005,3,20.28,55.97
ORD-2025-055394,1,PROD-010,1,38.03,36.87
ORD-2025-055395,1,PROD-001,1,12.9,11.16
ORD-2025-055396,1,PROD-009,1,61.97,55.79
ORD-2025-055396,2,PROD-019,1,29.58,25.21
ORD-2025-055397,1,PROD-018,1,50.7,41.88
ORD-2025-055398,1,PROD-009,1,61.97,60.77
ORD-2025-055398,2,PROD-004,1,20.28,19.03
ORD-2025-055398,3,PROD-018,1,50.7,48.79
ORD-2025-055399,1,PROD-009,1,61.97,51.94
ORD-2025-055400,1,PROD-009,2,61.97,106.54
ORD-2025-055400,2,PROD-007,1,17.18,16.76
ORD-2025-055400,3,PROD-032,1,19.72,19.4
ORD-2025-055401,1,PROD-001,2,12.9,23.13
ORD-2025-055401,2,PROD-009,1,61.97,55.21
ORD-2025-055402,1,PROD-042,4,73.24,243.48
ORD-2025-055402,2,PROD-032,1,19.72,14.93
ORD-2025-055403,1,PROD-006,1,32.39,24.53
ORD-2025-055404,1,PROD-009,2,61.97,120.4
ORD-2025-055405,1,PROD-004,1,20.28,18.69
ORD-2025-055405,2,PROD-031,1,53.52,49.75
ORD-2025-055405,3,PROD-048,1,55.77,54.83
ORD-2025-055406,1,PROD-018,2,50.7,62.88
ORD-2025-055406,2,PROD-006,2,32.39,33.3
ORD-2025-055407,1,PROD-004,2,20.28,33.4
ORD-2025-055408,1,PROD-002,1,11.9,10.08
ORD-2025-055408,2,PROD-035,1,10.14,8.41
ORD-2025-055409,1,PROD-019,2,29.58,34.37
ORD-2025-055409,2,PROD-029,1,24.79,
ORD-2025-055409,3,PROD-032,3,19.72,53.95
ORD-2025-055410,1,PROD-009,1,61.97,58.08
ORD-2025-055411,1,PROD-009,1,61.97,59.52
ORD-2025-055411,2,PROD-011,3,14.9,43.26
ORD-2025-055411,3,PROD-056,1,101.41,98.14
ORD-2025-055411,4,PROD-035,4,10.14,38.31
ORD-2025-055411,5,PROD-043,4,107.04,406.97
ORD-2025-055412,1,PROD-028,1,17.18,16.56
ORD-2025-055413,1,PROD-054,1,59.15,26.62
ORD-2025-055414,1,PROD-003,2,14.37,27.1
ORD-2025-055415,1,PROD-043,1,107.04,104.81
ORD-2025-055415,2,PROD-009,2,61.97,119.56
ORD-2025-055416,1,PROD-019,1,29.58,16.32
ORD-2025-055417,1,PROD-007,1,17.18,15.95
ORD-2025-055418,1,PROD-033,1,52.11,34.03
ORD-2025-055419,1,PROD-010,2,38.03,71.96
ORD-2025-055420,1,PROD-054,1,59.15,44.14
ORD-2025-055421,1,PROD-009,1,61.97,48.24
ORD-2025-055422,1,PROD-043,3,107.04,314.41
 ORD-2025-055422 ,2,PROD-054,1,59.15,54.74
ORD-2025-055423,1,PROD-009,1,61.97,59.76
ORD-2025-055424,1,PROD-010,1,38.03,34.76
ORD-2025-055425,1,PROD-027,2,21.13,38.14
ORD-2025-055425,2,PROD-009,1,61.97,53.44
ORD-2025-055425,3,PROD-021,1,15.49,12.1
ORD-2025-055426,1,PROD-043,2,107.04,201.26
ORD-2025-055426,2,PROD-041,1,11.83,11.11
ORD-2025-055427,1,PROD-043,3,107.04,306.86
ORD-2025-055427,2,PROD-010,2,38.03,67.44
ORD-2025-055428,1,PROD-009,2,61.97,121.39
ORD-2025-055429,1,PROD-030,1,49.3,48.28
ORD-2025-055430,1,PROD-042,1,73.24,37.17
ORD-2025-055431,1,PROD-024,1,8.73,8.28
ORD-2025-055431,2,PROD-009,1,61.97,54.32
ORD-2025-055431,3,PROD-042,1,73.24,68.93
ORD-2025-055431,4,PROD-001,1,12.9,11.63
ORD-2025-055432,1,PROD-027,1,21.13,20.84
ORD-2025-055433,1,PROD-004,2,20.28,38.95
ORD-2025-055434,1,PROD-043,1,107.04,102.82
ORD-2025-055435,1,PROD-056,1,101.41,58.23
ORD-2025-055435,2,PROD-009,2,61.97,55.77
ORD-2025-055436,1,PROD-043,1,107.04,94.09
ORD-2025-055437,1,PROD-008,2,9.9,12.67
ORD-2025-055437,2,PROD-037,1,9.86,4.44
ORD-2025-055438,1,PROD-034,1,9.01,8.35
ORD-2025-055439,1,PROD-018,1,50.7,45.53
ORD-2025-055439,2,PROD-009,1,61.97,46.89
ORD-2025-055439,3,PROD-010,2,38.03,73.86
ORD-2025-055440,1,PROD-054,1,59.15,57.84
ORD-2025-055441,1,PROD-009,2,61.97,71.45
ORD-2025-055442,1,PROD-009,1,61.97,47.41
ORD-2025-055442,2,PROD-006,1,32.39,23.96
ORD-2025-055442,3,PROD-042,1,73.24,67.82
ORD-2025-055443,1,PROD-009,1,61.97,60.25
ORD-2025-055444,1,PROD-030,2,49.3,91.56
ORD-2025-055444,2,PROD-028,2,17.18,26.59
ORD-2025-055445,1,PROD-009,1,61.97,59.18
ORD-2025-055446,1,PROD-043,1,107.04,103.03
ORD-2025-055446,2,PROD-010,1,38.03,36.16
ORD-2025-055447,1,PROD-017,1,12.5,11.67
ORD-2025-055448,1,PROD-009,1,61.97,57.85
ORD-2025-055448,2,PROD-028,1,17.18,11.36
ORD-2025-055448,3,PROD-011,3,14.9,43.17
ORD-2025-055449,1,PROD-007,1,17.18,16.48
ORD-2025-055449,2,PROD-032,1,19.72,19.24
ORD-2025-055449,3,PROD-041,1,11.83,9.81
ORD-2025-055450,1,PROD-001,2,12.9,22.28
ORD-2025-055451,1,PROD-010,2,38.03,62.16
ORD-2025-055451,2,PROD-004,1,20.28,17.93
ORD-2025-055452,1,PROD-060,1,42.25,23.33
ORD-2025-055453,1,PROD-006,1,32.39,29.92
ORD-2025-055453,2,PROD-009,2,61.97,119.65
ORD-2025-055453,3,PROD-019,1,29.58,28.23
ORD-2025-055454,1,PROD-010,1,38.03,17.11
ORD-2025-055454,2,PROD-043,1,107.04,72.44
ORD-2025-055455,1,PROD-054,1,59.15,49.66
ORD-2025-055455,2,PROD-043,2,107.04,176.23
ORD-2025-055456,1,PROD-009,1,61.97,59.86
ORD-2025-055457,1,PROD-009,3,61.97,150.62
ORD-2025-055458,1,PROD-001,1,12.9,10.1
ORD-2025-055458,2,PROD-043,1,107.04,103.32
ORD-2025-055458,3,PROD-040,2,15.21,13.69
ORD-2025-055459,1,PROD-018,2,50.7,97.62
ORD-2025-055460,1,PROD-031,1,53.52,48.6
ORD-2025-055460,2,PROD-006,2,32.39,61.75
ORD-2025-055460,3,PROD-018,1,50.7,49.45
ORD-2025-055461,1,PROD-036,1,11.55,5.2
ORD-2025-055461,2,PROD-043,1,107.04,90.94
ORD-2025-055462,1,PROD-043,1,107.04,106.7
ORD-2025-055463,1,PROD-014,1,9.9,7.77
ORD-2025-055464,1,PROD-019,1,29.58,25.83
ORD-2025-055465,1,PROD-058,1,39.44,36.5
ORD-2025-055465,2,PROD-043,1,107.04,98.85
ORD-2025-055465,3,PROD-010,2,38.03,73.93
ORD-2025-055466,1,PROD-044,1,40.85,29.81
ORD-2025-055467,1,PROD-033,2,52.11,83.93
ORD-2025-055467,2,PROD-058,1,39.44,33.13
ORD-2025-055468,1,PROD-051,1,36.06,30.95
ORD-2025-055469,1,PROD-003,1,14.37,11.0
ORD-2025-055470,1,PROD-007,2,17.18,25.4
ORD-2025-055471,1,PROD-002,1,11.9,8.98
ORD-2025-055471,2,PROD-035,2,10.14,16.68
ORD-2025-055472,1,PROD-010,1,38.03,37.31
ORD-2025-055472,2,PROD-009,1,61.97,61.13
ORD-2025-055473,1,PROD-043,1,107.04,100.0
ORD-2025-055473,2,PROD-044,1,40.85,39.68
ORD-2025-055473,3,PROD-010,1,38.03,36.15
ORD-2025-055473,4,PROD-030,1,49.3,47.26
ORD-2025-055473,5,PROD-009,1,61.97,55.33
ORD-2025-055474,1,PROD-023,2,7.89,15.74
ORD-2025-055475,1,PROD-004,3,20.28,57.51
ORD-2025-055476,1,PROD-010,1,38.03,36.55
ORD-2025-055477,1,PROD-031,1,53.52,52.33
ORD-2025-055477,2,PROD-042,2,73.24,88.72
ORD-2025-055478,1,PROD-006,1,32.39,27.47
ORD-2025-055478,2,PROD-001,2,12.9,21.39
ORD-2025-055479,1,PROD-009,2,61.97,104.9
ORD-2025-055480,1,PROD-009,1,61.97,61.7
ORD-2025-055480,2,PROD-034,2,9.01,17.4
ORD-2025-055480,3,PROD-053,1,53.52,52.4
ORD-2025-055481,1,PROD-009,1,61.97,60.43
ORD-2025-055482,1,PROD-006,2,32.39,53.59
ORD-2025-055483,1,PROD-007,1,17.18,16.32
ORD-2025-055483,2,PROD-034,2,9.01,16.84
ORD-2025-055484,1,PROD-009,1,61.97,58.54
ORD-2025-055484,2,PROD-043,1,107.04,94.2
ORD-2025-055484,3,PROD-001,1,12.9,11.3
ORD-2025-055484,4,PROD-015,1,26.76,25.75
ORD-2025-055484,5,PROD-019,1,29.58,20.82
ORD-2025-055485,1,PROD-028,1,17.18,9.32
ORD-2025-055486,1,PROD-040,2,15.21,29.27
ORD-2025-055487,1,PROD-058,1,39.44,24.64
ORD-2025-055487,2,PROD-021,1,15.49,14.67
ORD-2025-055488,1,PROD-011,2,14.9,23.02
ORD-2025-055488,2,PROD-007,1,17.18,15.46
ORD-2025-055488,3,PROD-009,2,61.97,111.55
ORD-2025-055488,4,PROD-039,1,8.17,7.43
ORD-2025-055489,1,PROD-030,1,49.3,45.69
ORD-2025-055489,2,PROD-019,2,29.58,56.5
ORD-2025-055489,3,PROD-043,1,107.04,83.48
ORD-2025-055490,1,PROD-009,2,61.97,113.55
ORD-2025-055491,1,PROD-033,1,52.11,50.12
ORD-2025-055491,2,PROD-010,2,38.03,73.61
ORD-2025-055491,3,PROD-003,1,14.37,13.89
ORD-2025-055491,4,PROD-009,1,61.97,60.12
ORD-2025-055492,1,PROD-009,3,61.97,182.56
ORD-2025-055492,2,PROD-034,1,9.01,8.57
ORD-2025-055493,1,PROD-042,1,73.24,67.0
ORD-2025-055493,2,PROD-030,2,49.3,75.25
ORD-2025-055493,3,PROD-027,1,21.13,16.76
ORD-2025-055494,1,PROD-031,1,53.52,50.16
ORD-2025-055495,1,PROD-010,2,38.03,60.84
ORD-2025-055496,1,PROD-009,1,61.97,58.94
ORD-2025-055496,2,PROD-018,1,50.7,47.41
ORD-2025-055497,1,PROD-054,1,59.15,26.97
ORD-2025-055497,2,PROD-058,1,39.44,30.81
ORD-2025-055498,1,PROD-004,1,20.28,17.4
ORD-2025-055498,2,PROD-007,1,17.18,16.32
ORD-2025-055499,1,PROD-038,2,7.89,15.7
ORD-2025-055499,2,PROD-009,1,61.97,61.08
ORD-2025-055500,1,PROD-043,4,107.04,425.21
ORD-2025-055500,2,PROD-009,1,61.97,60.09
ORD-2025-055501,1,PROD-009,1,61.97,55.63
ORD-2025-055502,1,PROD-028,1,17.18,16.81
ORD-2025-055503,1,PROD-009,2,61.97,104.63
ORD-2025-055504,1,PROD-009,1,61.97,55.5
ORD-2025-055505,1,PROD-008,2,9.9,19.63
ORD-2025-055506,1,PROD-041,1,11.83,11.66
ORD-2025-055507,1,PROD-009,1,61.97,61.57
ORD-2025-055507,2,PROD-010,3,38.03,112.5
ORD-2025-055508,1,PROD-005,1,20.28,18.45
ORD-2025-055509,1,PROD-042,2,73.24,144.8
ORD-2025-055509,2,PROD-010,2,38.03,75.25
ORD-2025-055510,1,PROD-009,1,61.97,60.03
ORD-2025-055511,1,PROD-010,2,38.03,74.5
ORD-2025-055511,2,PROD-018,1,50.7,40.96
ORD-2025-055511,3,PROD-043,1,107.04,82.65
ORD-2025-055511,4,PROD-003,1,14.37,11.03
ORD-2025-055512,1,PROD-006,2,32.39,51.47
ORD-2025-055512,2,PROD-001,1,12.9,12.26
ORD-2025-055513,1,PROD-054,1,59.15,44.04
ORD-2025-055513,2,PROD-058,1,39.44,17.75
ORD-2025-055514,1,PROD-033,1,52.11,38.5
ORD-2025-055515,1,PROD-022,1,9.01,8.53
ORD-2025-055515,2,PROD-037,4,9.86,29.56
ORD-2025-055516,1,PROD-034,1,9.01,6.57
ORD-2025-055516,2,PROD-059,1,52.11,31.61
ORD-2025-055517,1,PROD-042,1,73.24,60.95
ORD-2025-055518,1,PROD-051,1,36.06,30.8
ORD-2025-055518,2,PROD-009,1,61.97,53.12
ORD-2025-055519,1,PROD-049,1,80.28,76.62
ORD-2025-055520,1,PROD-043,1,107.04,91.27
ORD-2025-055520,2,PROD-056,1,101.41,95.21
ORD-2025-055521,1,PROD-059,1,52.11,46.12
ORD-2025-055522,1,PROD-001,1,12.9,11.55
ORD-2025-055523,1,PROD-009,1,61.97,60.45
ORD-2025-055524,1,PROD-005,3,20.28,57.74
ORD-2025-055525,1,PROD-009,1,61.97,61.38
ORD-2025-055525,2,PROD-034,3,9.01,26.95
ORD-2025-055526,1,PROD-001,1,12.9,5.8
ORD-2025-055527,1,PROD-006,2,32.39,60.23
ORD-2025-055527,2,PROD-019,1,29.58,28.21
ORD-2025-055528,1,PROD-018,2,50.7,98.1
ORD-2025-055528,2,PROD-031,1,53.52,50.92
ORD-2025-055529,1,PROD-031,2,53.52,59.75
ORD-2025-055529,2,PROD-041,1,11.83,8.1
ORD-2025-055530,1,PROD-010,1,38.03,17.11
ORD-2025-055530,2,PROD-009,1,61.97,53.17
ORD-2025-055531,1,PROD-009,1,61.97,57.81
ORD-2025-055532,1,PROD-041,3,11.83,28.5
ORD-2025-055532,2,PROD-009,1,61.97,61.86
ORD-2025-055532,3,PROD-005,2,20.28,33.39
ORD-2025-055532,4,PROD-010,1,38.03,35.55
ORD-2025-055533,1,PROD-009,2,61.97,115.88
ORD-2025-055534,1,PROD-056,1,101.41,45.63
ORD-2025-055535,1,PROD-001,2,12.9,21.05
ORD-2025-055536,1,PROD-060,1,42.25,21.84
ORD-2025-055537,1,PROD-034,1,9.01,7.7
ORD-2025-055538,1,PROD-002,1,11.9,10.57
ORD-2025-055538,2,PROD-028,1,17.18,16.83
ORD-2025-055538,3,PROD-017,1,12.5,11.38
ORD-2025-055539,1,PROD-001,2,12.9,21.39
ORD-2025-055540,1,PROD-031,2,53.52,99.53
ORD-2025-055540,2,PROD-043,1,107.04,94.49
ORD-2025-055541,1,PROD-054,1,59.15,53.77
ORD-2025-055542,1,PROD-055,1,74.65,40.84
ORD-2025-055543,1,PROD-005,3,20.28,57.88
ORD-2025-055544,1,PROD-014,2,9.9,15.28
ORD-2025-055544,2,PROD-009,1,61.97,51.87
ORD-2025-055545,1,PROD-022,1,9.01,8.01
ORD-2025-055545,2,PROD-041,2,11.83,22.51
ORD-2025-055546,1,PROD-019,1,29.58,27.84
ORD-2025-055547,1,PROD-009,2,61.97,117.97
ORD-2025-055548,1,PROD-019,1,29.58,27.88
ORD-2025-055548,2,PROD-038,2,7.89,11.12
ORD-2025-055549,1,PROD-055,1,74.65,65.93
ORD-2025-055549,2,PROD-009,1,61.97,27.89
ORD-2025-055550,1,PROD-043,3,107.04,315.15
ORD-2025-055551,1,PROD-038,1,7.89,7.74
ORD-2025-055552,1,PROD-043,1,107.04,101.71
ORD-2025-055553,1,PROD-017,1,12.5,10.69
ORD-2025-055554,1,PROD-001,1,12.9,12.34
ORD-2025-055555,1,PROD-002,3,11.9,34.26
ORD-2025-055556,1,PROD-004,1,20.28,19.66
ORD-2025-055556,2,PROD-001,1,12.9,12.76
ORD-2025-055556,3,PROD-042,2,73.24,141.73
ORD-2025-055557,1,PROD-043,1,107.04,80.43
ORD-2025-055558,1,PROD-009,1,61.97,55.26
ORD-2025-055558,2,PROD-033,1,52.11,48.87
ORD-2025-055559,1,PROD-056,1,101.41,45.63
ORD-2025-055560,1,PROD-002,1,11.9,11.31
ORD-2025-055561,1,PROD-043,4,107.04,401.06
ORD-2025-055562,1,PROD-002,1,11.9,11.02
ORD-2025-055562,2,PROD-055,1,74.65,70.73
ORD-2025-055562,3,PROD-010,3,38.03,103.81
ORD-2025-055563,1,PROD-033,2,52.11,100.13
ORD-2025-055563,2,PROD-003,2,14.37,27.25
ORD-2025-055564,1,PROD-009,1,61.97,58.02
ORD-2025-055565,1,PROD-043,2,107.04,149.83
ORD-2025-055565,2,PROD-035,1,10.14,6.96
ORD-2025-055566,1,PROD-015,1,26.76,23.94
ORD-2025-055567,1,PROD-010,2,38.03,63.1
ORD-2025-055568,1,PROD-010,1,38.03,35.87
ORD-2025-055568,2,PROD-018,1,50.7,49.52
ORD-2025-055569,1,PROD-009,2,61.97,87.63
ORD-2025-055569,2,PROD-048,1,55.77,39.91
ORD-2025-055569,3,PROD-005,1,20.28,14.14
ORD-2025-055570,1,PROD-009,1,61.97,52.72
ORD-2025-055571,1,PROD-009,2,61.97,105.72
ORD-2025-055571,2,PROD-039,1,8.17,7.87
ORD-2025-055571,3,PROD-024,1,8.73,6.67
ORD-2025-055572,1,PROD-009,1,61.97,49.67
ORD-2025-055573,1,PROD-018,1,50.7,
ORD-2025-055573,2,PROD-010,1,38.03,30.55
ORD-2025-055573,3,PROD-009,1,61.97,58.03
ORD-2025-055574,1,PROD-004,1,20.28,19.42
ORD-2025-055574,2,PROD-009,1,61.97,59.9
ORD-2025-055575,1,PROD-009,1,61.97,49.15
ORD-2025-055576,1,PROD-046,1,259.15,245.8
ORD-2025-055577,1,PROD-030,2,49.3,44.37
ORD-2025-055578,1,PROD-042,1,73.24,32.96
ORD-2025-055578,2,PROD-039,1,8.17,3.68
ORD-2025-055579,1,PROD-009,1,61.97,61.0
ORD-2025-055580,1,PROD-018,1,50.7,44.49
ORD-2025-055580,2,PROD-010,1,38.03,33.96
ORD-2025-055581,1,PROD-009,1,61.97,58.15
ORD-2025-055582,1,PROD-035,1,10.14,8.73
ORD-2025-055582,2,PROD-002,1,11.9,11.56
ORD-2025-055583,1,PROD-034,2,9.01,17.37
ORD-2025-055584,1,PROD-019,1,29.58,24.91
ORD-2025-055584,2,PROD-056,1,101.41,45.63
ORD-2025-055585,1,PROD-022,1,9.01,8.48
ORD-2025-055586,1,PROD-007,1,17.18,17.0
ORD-2025-055587,1,PROD-034,2,9.01,17.32
ORD-2025-055588,1,PROD-044,2,40.85,55.02
ORD-2025-055589,1,PROD-010,1,38.03,36.89
ORD-2025-055589,2,PROD-047,2,108.45,210.87
ORD-2025-055590,1,PROD-031,1,53.52,50.45
ORD-2025-055591,1,PROD-009,3,61.97,180.85
ORD-2025-055592,1,PROD-042,3,73.24,212.14
ORD-2025-055592,2,PROD-018,1,50.7,48.6
ORD-2025-055592,3,PROD-004,1,20.28,19.04
ORD-2025-055593,1,PROD-009,1,61.97,56.31
ORD-2025-055593,2,PROD-012,1,18.5,17.61
ORD-2025-055594,1,PROD-009,2,61.97,101.23
ORD-2025-055594,2,PROD-036,1,11.55,5.2
ORD-2025-055595,1,PROD-038,1,7.89,6.52
ORD-2025-055596,1,PROD-018,1,50.7,40.28
ORD-2025-055597,1,PROD-009,1,61.97,61.28
ORD-2025-055598,1,PROD-053,1,53.52,40.07
ORD-2025-055598,2,PROD-043,1,107.04,104.48
ORD-2025-055599,1,PROD-050,1,61.97,53.66
ORD-2025-055599,2,PROD-005,1,20.28,9.13
ORD-2025-055600,1,PROD-001,1,12.9,12.15
ORD-2025-055601,1,PROD-009,1,61.97,61.58
ORD-2025-055601,2,PROD-037,1,9.86,9.49
ORD-2025-055601,3,PROD-010,1,38.03,37.41
ORD-2025-055601,4,PROD-001,2,12.9,25.55
ORD-2025-055602,1,PROD-009,1,61.97,35.9
ORD-2025-055602,2,PROD-018,1,50.7,39.98
ORD-2025-055602,3,PROD-003,2,14.37,12.93
ORD-2025-055603,1,PROD-001,3,12.9,37.98
ORD-2025-055603,2,PROD-009,1,61.97,61.7
ORD-2025-055604,1,PROD-002,3,11.9,16.07
ORD-2025-055604,2,PROD-001,3,12.9,17.41
ORD-2025-055605,1,PROD-009,2,61.97,122.3
ORD-2025-055606,1,PROD-004,3,20.28,59.45
ORD-2025-055606,2,PROD-034,1,9.01,8.8
ORD-2025-055607,1,PROD-043,2,107.04,183.17
ORD-2025-055608,1,PROD-042,2,73.24,143.99
ORD-2025-055609,1,PROD-024,1,8.73,8.23
ORD-2025-055610,1,PROD-043,2,107.04,168.2
ORD-2025-055611,1,PROD-009,2,61.97,75.23
ORD-2025-055612,1,PROD-043,1,107.04,104.32
ORD-2025-055612,2,PROD-005,1,20.28,18.16
ORD-2025-055613,1,PROD-018,1,50.7,48.63
ORD-2025-055614,1,PROD-018,1,50.7,49.72
ORD-2025-055614,2,PROD-034,1,9.01,8.6
ORD-2025-055614,3,PROD-032,2,19.72,33.91
ORD-2025-055615,1,PROD-043,1,107.04,104.05
ORD-2025-055615,2,PROD-004,3,20.28,53.76
ORD-2025-055616,1,PROD-018,1,50.7,47.61
ORD-2025-055616,2,PROD-005,2,20.28,39.93
ORD-2025-055617,1,PROD-009,1,61.97,55.8
ORD-2025-055617,2,PROD-018,3,50.7,145.96
ORD-2025-055617,3,PROD-005,1,20.28,17.04
ORD-2025-055618,1,PROD-018,3,50.7,139.43
ORD-2025-055619,1,PROD-006,2,32.39,61.11
ORD-2025-055619,2,PROD-044,1,40.85,36.01
ORD-2025-055619,3,PROD-047,1,108.45,94.33
ORD-2025-055619,4,PROD-052,1,46.48,42.38
ORD-2025-055620,1,PROD-043,1,107.04,102.69
ORD-2025-055620,2,PROD-040,1,15.21,14.37
ORD-2025-055621,1,PROD-018,3,50.7,130.21
ORD-2025-055622,1,PROD-009,1,61.97,58.35
ORD-2025-055623,1,PROD-023,2,7.89,10.46
ORD-2025-055624,1,PROD-045,1,72.68,72.16
ORD-2025-055624,2,PROD-031,2,53.52,104.41
ORD-2025-055625,1,PROD-009,1,61.97,61.77
ORD-2025-055625,2,PROD-043,1,107.04,103.9
ORD-2025-055626,1,PROD-041,2,11.83,21.35
ORD-2025-055626,2,PROD-043,3,107.04,287.85
ORD-2025-055627,1,PROD-018,2,50.7,87.89
ORD-2025-055628,1,PROD-001,1,12.9,11.35
ORD-2025-055629,1,PROD-043,2,107.04,194.19
ORD-2025-055629,2,PROD-035,4,10.14,32.35
ORD-2025-055630,1,PROD-040,3,15.21,37.94
ORD-2025-055630,2,PROD-043,2,107.04,176.12
ORD-2025-055630,3,PROD-001,1,12.9,12.28
ORD-2025-055630,4,PROD-004,1,20.28,15.65
ORD-2025-055631,1,PROD-008,2,9.9,19.46
ORD-2025-055631,2,PROD-010,3,38.03,111.6
ORD-2025-055632,1,PROD-043,4,107.04,407.18
ORD-2025-055632,2,PROD-009,1,61.97,60.52
ORD-2025-055633,1,PROD-043,1,107.04,88.62
ORD-2025-055633,2,PROD-038,2,7.89,13.94
ORD-2025-055634,1,PROD-003,2,14.37,28.52
ORD-2025-055635,1,PROD-055,1,74.65,57.48
ORD-2025-055636,1,PROD-043,1,107.04,101.45
ORD-2025-055637,1,PROD-035,1,10.14,8.39
ORD-2025-055637,2,PROD-018,3,50.7,130.55
ORD-2025-055637,3,PROD-016,2,8.9,8.01
ORD-2025-055638,1,PROD-010,1,38.03,33.82
ORD-2025-055638,2,PROD-003,2,14.37,26.11
ORD-2025-055638,3,PROD-007,1,17.18,16.17
ORD-2025-055639,1,PROD-018,2,50.7,99.23
ORD-2025-055639,2,PROD-037,4,9.86,19.34
ORD-2025-055640,1,PROD-043,1,107.04,99.87
ORD-2025-055640,2,PROD-009,3,61.97,178.79
ORD-2025-055640,3,PROD-020,1,10.14,9.23
ORD-2025-055641,1,PROD-010,1,38.03,35.87
ORD-2025-055642,1,PROD-032,1,19.72,19.57
ORD-2025-055642,2,PROD-027,2,21.13,39.47
ORD-2025-055642,3,PROD-018,1,50.7,48.93
ORD-2025-055643,1,PROD-035,3,10.14,23.74
ORD-2025-055644,1,PROD-009,1,61.97,61.54
ORD-2025-055644,2,PROD-005,1,20.28,18.08
ORD-2025-055644,3,PROD-034,2,9.01,17.63
ORD-2025-055645,1,PROD-030,1,49.3,43.74
ORD-2025-055646,1,PROD-014,1,9.9,9.24
ORD-2025-055646,2,PROD-056,1,101.41,59.16
ORD-2025-055647,1,PROD-004,1,20.28,18.15
ORD-2025-055647,2,PROD-010,1,38.03,35.62
ORD-2025-055647,3,PROD-009,2,61.97,103.65
ORD-2025-055648,1,PROD-030,1,49.3,46.98
ORD-2025-055649,1,PROD-009,2,61.97,113.41
ORD-2025-055649,2,PROD-030,1,49.3,48.83
ORD-2025-055649,3,PROD-019,2,29.58,56.1
ORD-2025-055650,1,PROD-036,3,11.55,32.74
ORD-2025-055651,1,PROD-004,3,20.28,57.39
ORD-2025-055652,1,PROD-031,1,53.52,41.11
ORD-2025-055652,2,PROD-041,1,11.83,9.61
ORD-2025-055652,3,PROD-018,2,50.7,86.58
ORD-2025-055653,1,PROD-043,1,107.04,91.68
ORD-2025-055654,1,PROD-035,2,10.14,13.61
ORD-2025-055655,1,PROD-030,2,49.3,97.33
ORD-2025-055655,2,PROD-006,1,32.39,31.74
ORD-2025-055656,1,PROD-009,1,61.97,60.22
ORD-2025-055657,1,PROD-034,3,9.01,25.4
ORD-2025-055657,2,PROD-004,1,20.28,17.92
ORD-2025-055657,3,PROD-010,1,38.03,35.48
ORD-2025-055658,1,PROD-043,4,107.04,402.09
ORD-2025-055659,1,PROD-018,3,50.7,134.11
ORD-2025-055660,1,PROD-030,1,49.3,48.11
ORD-2025-055661,1,PROD-019,3,29.58,68.89
ORD-2025-055662,1,PROD-031,2,53.52,50.99
ORD-2025-055663,1,PROD-009,1,61.97,60.04
ORD-2025-055663,2,PROD-010,1,38.03,34.87
ORD-2025-055664,1,PROD-018,2,50.7,87.13
ORD-2025-055664,2,PROD-032,2,19.72,26.65
ORD-2025-055665,1,PROD-017,1,12.5,12.16
ORD-2025-055666,1,PROD-043,2,107.04,206.27
ORD-2025-055666,2,PROD-035,1,10.14,9.07
ORD-2025-055667,1,PROD-036,1,11.55,10.86
ORD-2025-055668,1,PROD-043,3,107.04,230.37
ORD-2025-055669,1,PROD-009,1,61.97,54.25
ORD-2025-055670,1,PROD-043,3,107.04,307.05
ORD-2025-055671,1,PROD-042,2,73.24,65.92
ORD-2025-055672,1,PROD-009,2,61.97,109.05
ORD-2025-055673,1,PROD-009,3,61.97,176.15
ORD-2025-055673,2,PROD-043,2,107.04,206.72
ORD-2025-055674,1,PROD-009,1,61.97,55.02
ORD-2025-055675,1,PROD-040,3,15.21,29.39
ORD-2025-055675,2,PROD-037,1,9.86,6.5
ORD-2025-055676,1,PROD-012,1,18.5,13.54
ORD-2025-055676,2,PROD-054,1,59.15,46.27
ORD-2025-055677,1,PROD-010,1,38.03,37.85
ORD-2025-055677,2,PROD-043,2,107.04,202.82
ORD-2025-055677,3,PROD-035,1,10.14,9.72
ORD-2025-055678,1,PROD-009,3,61.97,158.38
ORD-2025-055678,2,PROD-010,2,38.03,48.54
ORD-2025-055678,3,PROD-032,1,19.72,8.96
ORD-2025-055679,1,PROD-009,2,61.97,120.2
ORD-2025-055679,2,PROD-043,2,107.04,208.86
ORD-2025-055679,3,PROD-005,1,20.28,20.07
ORD-2025-055680,1,PROD-009,2,61.97,111.14
ORD-2025-055681,1,PROD-042,1,73.24,65.02
ORD-2025-055681,2,PROD-050,1,61.97,56.97
ORD-2025-055681,3,PROD-043,2,107.04,204.13
ORD-2025-055681,4,PROD-009,2,61.97,122.29
ORD-2025-055682,1,PROD-035,1,10.14,8.02
ORD-2025-055683,1,PROD-048,1,55.77,43.94
ORD-2025-055684,1,PROD-009,2,61.97,96.78
ORD-2025-055684,2,PROD-040,2,15.21,26.15
ORD-2025-055685,1,PROD-003,1,14.37,13.18
ORD-2025-055686,1,PROD-009,2,61.97,98.9
ORD-2025-055687,1,PROD-039,1,8.17,7.97
ORD-2025-055688,1,PROD-033,1,52.11,51.7
ORD-2025-055688,2,PROD-005,1,20.28,18.66
ORD-2025-055688,3,PROD-042,1,73.24,57.55
ORD-2025-055688,4,PROD-019,2,29.58,54.42
ORD-2025-055688,5,PROD-010,1,38.03,28.1
ORD-2025-055689,1,PROD-009,3,61.97,166.61
ORD-2025-055689,2,PROD-001,2,12.9,24.58
ORD-2025-055690,1,PROD-058,1,39.44,39.07
ORD-2025-055691,1,PROD-015,3,26.76,67.09
ORD-2025-055692,1,PROD-001,2,12.9,22.72
 ORD-2025-055692 ,2,PROD-010,3,38.03,93.87
ORD-2025-055692,3,PROD-009,2,61.97,105.29
ORD-2025-055693,1,PROD-009,1,61.97,58.22
ORD-2025-055693,2,PROD-018,3,50.7,140.68
ORD-2025-055694,1,PROD-042,1,73.24,50.56
ORD-2025-055694,2,PROD-003,1,14.37,12.58
ORD-2025-055695,1,PROD-043,4,107.04,192.67
ORD-2025-055696,1,PROD-018,1,50.7,43.8
ORD-2025-055696,2,PROD-009,1,61.97,55.15
ORD-2025-055696,3,PROD-038,1,7.89,6.59
ORD-2025-055696,4,PROD-043,1,107.04,86.96
ORD-2025-055697,1,PROD-007,1,17.18,15.91
ORD-2025-055697,2,PROD-043,1,107.04,105.37
ORD-2025-055698,1,PROD-036,1,11.55,11.46
ORD-2025-055699,1,PROD-017,1,12.5,9.43
ORD-2025-055700,1,PROD-009,1,61.97,60.68
ORD-2025-055701,1,PROD-028,1,17.18,16.84
ORD-2025-055702,1,PROD-043,3,107.04,260.81
ORD-2025-055703,1,PROD-005,1,20.28,19.43
ORD-2025-055704,1,PROD-043,2,107.04,198.62
ORD-2025-055704,2,PROD-018,2,50.7,93.01
ORD-2025-055705,1,PROD-043,1,107.04,106.67
ORD-2025-055706,1,PROD-006,1,32.39,29.81
ORD-2025-055707,1,PROD-009,3,61.97,157.06
ORD-2025-055707,2,PROD-043,1,107.04,99.02
ORD-2025-055707,3,PROD-008,1,9.9,9.54
ORD-2025-055708,1,PROD-010,2,38.03,70.6
ORD-2025-055709,1,PROD-007,1,17.18,16.41
ORD-2025-055710,1,PROD-004,1,20.28,19.51
ORD-2025-055711,1,PROD-018,2,50.7,95.02
ORD-2025-055712,1,PROD-018,1,50.7,42.63
ORD-2025-055713,1,PROD-001,2,12.9,19.77
ORD-2025-055714,1,PROD-009,2,61.97,117.8
ORD-2025-055715,1,PROD-031,1,53.52,49.33
ORD-2025-055715,2,PROD-037,1,9.86,7.72
ORD-2025-055715,3,PROD-041,1,11.83,10.55
ORD-2025-055716,1,PROD-028,1,17.18,12.14
ORD-2025-055717,1,PROD-009,2,61.97,121.13
ORD-2025-055717,2,PROD-006,1,32.39,31.69
ORD-2025-055717,3,PROD-004,1,20.28,20.06
ORD-2025-055718,1,PROD-009,2,61.97,107.98
ORD-2025-055719,1,PROD-009,1,61.97,51.12
ORD-2025-055719,2,PROD-035,1,10.14,9.69
ORD-2025-055720,1,PROD-002,1,11.9,11.12
ORD-2025-055721,1,PROD-043,2,107.04,137.05
ORD-2025-055721,2,PROD-018,1,50.7,46.4
ORD-2025-055722,1,PROD-018,2,50.7,83.59
ORD-2025-055722,2,PROD-009,1,61.97,57.47
ORD-2025-055722,3,PROD-043,1,107.04,82.44
ORD-2025-055723,1,PROD-018,1,50.7,44.66
ORD-2025-055724,1,PROD-043,1,107.04,101.48
ORD-2025-055724,2,PROD-055,1,74.65,68.1
ORD-2025-055725,1,PROD-009,1,61.97,56.5
ORD-2025-055725,2,PROD-047,1,108.45,93.3
ORD-2025-055725,3,PROD-052,1,46.48,43.64
ORD-2025-055726,1,PROD-013,1,11.9,10.5
ORD-2025-055727,1,PROD-004,1,20.28,19.73
ORD-2025-055727,2,PROD-034,3,9.01,25.52
ORD-2025-055727,3,PROD-009,2,61.97,107.72
ORD-2025-055727,4,PROD-042,1,73.24,72.29
ORD-2025-055728,1,PROD-010,1,38.03,29.66
ORD-2025-055729,1,PROD-032,2,19.72,34.12
ORD-2025-055730,1,PROD-011,1,14.9,13.79
ORD-2025-055730,2,PROD-007,1,17.18,16.76
ORD-2025-055730,3,PROD-003,3,14.37,40.07
ORD-2025-055731,1,PROD-005,3,20.28,55.59
ORD-2025-055731,2,PROD-009,2,61.97,108.3
ORD-2025-055731,3,PROD-029,1,24.79,23.87
ORD-2025-055732,1,PROD-007,1,17.18,12.24
ORD-2025-055733,1,PROD-055,1,74.65,61.18
ORD-2025-055734,1,PROD-005,2,20.28,39.43
ORD-2025-055734,2,PROD-009,1,61.97,59.34
ORD-2025-055734,3,PROD-035,2,10.14,19.81
ORD-2025-055735,1,PROD-004,2,20.28,29.35
ORD-2025-055736,1,PROD-005,1,20.28,18.94
ORD-2025-055736,2,PROD-009,3,61.97,178.05
ORD-2025-055736,3,PROD-012,1,18.5,18.31
ORD-2025-055737,1,PROD-030,1,49.3,42.03
ORD-2025-055737,2,PROD-010,1,38.03,24.6
ORD-2025-055737,3,PROD-013,2,11.9,22.51
ORD-2025-055738,1,PROD-054,1,59.15,50.11
ORD-2025-055739,1,PROD-004,1,20.28,16.44
ORD-2025-055739,2,PROD-007,1,17.18,15.19
ORD-2025-055739,3,PROD-017,1,12.5,12.05
ORD-2025-055740,1,PROD-043,3,107.04,311.49
ORD-2025-055740,2,PROD-009,1,61.97,39.28
ORD-2025-055741,1,PROD-009,3,61.97,167.78
ORD-2025-055741,2,PROD-003,1,14.37,12.32
ORD-2025-055742,1,PROD-009,2,61.97,119.86
ORD-2025-055742,2,PROD-014,2,9.9,17.34
ORD-2025-055743,1,PROD-043,1,107.04,101.81
ORD-2025-055744,1,PROD-034,2,9.01,16.92
ORD-2025-055745,1,PROD-002,1,11.9,10.85
ORD-2025-055746,1,PROD-009,1,61.97,51.21
ORD-2025-055747,1,PROD-009,1,61.97,51.21
ORD-2025-055748,1,PROD-028,1,17.18,12.18
ORD-2025-055748,2,PROD-034,3,9.01,25.82
ORD-2025-055749,1,PROD-052,2,46.48,86.35
ORD-2025-055750,1,PROD-055,1,74.65,44.73
ORD-2025-055751,1,PROD-043,3,107.04,280.88
ORD-2025-055751,2,PROD-009,1,61.97,57.74
ORD-2025-055752,1,PROD-044,1,40.85,25.58
ORD-2025-055753,1,PROD-014,3,9.9,28.65
ORD-2025-055754,1,PROD-041,1,11.83,11.72
ORD-2025-055754,2,PROD-009,1,61.97,61.55
ORD-2025-055755,1,PROD-038,3,7.89,20.51
ORD-2025-055756,1,PROD-019,1,29.58,23.04
ORD-2025-055757,1,PROD-039,1,8.17,6.92
ORD-2025-055758,1,PROD-043,1,107.04,48.17
ORD-2025-055759,1,PROD-009,2,61.97,119.79
ORD-2025-055760,1,PROD-010,1,38.03,34.0
ORD-2025-055760,2,PROD-002,1,11.9,11.17
ORD-2025-055760,3,PROD-006,1,32.39,31.23
ORD-2025-055760,4,PROD-042,1,73.24,70.99
ORD-2025-055761,1,PROD-058,1,39.44,18.9
ORD-2025-055762,1,PROD-005,1,20.28,19.58
ORD-2025-055763,1,PROD-056,1,101.41,81.31
ORD-2025-055763,2,PROD-058,1,39.44,31.49
ORD-2025-055764,1,PROD-058,1,39.44,33.63
ORD-2025-055764,2,PROD-009,1,61.97,47.8
ORD-2025-055765,1,PROD-043,1,107.04,88.97
ORD-2025-055765,2,PROD-005,1,20.28,18.78
ORD-2025-055766,1,PROD-043,1,107.04,67.21
ORD-2025-055767,1,PROD-040,1,15.21,14.22
ORD-2025-055767,2,PROD-002,3,11.9,30.13
ORD-2025-055768,1,PROD-030,1,49.3,45.9
ORD-2025-055768,2,PROD-018,3,50.7,111.99
ORD-2025-055768,3,PROD-043,2,107.04,189.91
ORD-2025-055769,1,PROD-009,1,61.97,60.77
ORD-2025-055770,1,PROD-043,2,107.04,128.23
ORD-2025-055770,2,PROD-009,2,61.97,64.42
ORD-2025-055771,1,PROD-021,2,15.49,21.92
ORD-2025-055772,1,PROD-037,2,9.86,19.48
ORD-2025-055772,2,PROD-009,3,61.97,158.4
ORD-2025-055772,3,PROD-014,1,9.9,8.74
ORD-2025-055772,4,PROD-003,1,14.37,12.5
ORD-2025-055773,1,PROD-002,2,11.9,22.79
ORD-2025-055773,2,PROD-041,1,11.83,11.71
ORD-2025-055774,1,PROD-009,1,61.97,60.28
ORD-2025-055774,2,PROD-007,3,17.18,41.98
ORD-2025-055774,3,PROD-026,1,14.65,11.97
ORD-2025-055775,1,PROD-010,1,38.03,28.36
ORD-2025-055775,2,PROD-002,3,11.9,31.52
ORD-2025-055775,3,PROD-009,1,61.97,58.68
ORD-2025-055775,4,PROD-048,1,55.77,53.09
ORD-2025-055776,1,PROD-019,2,29.58,26.62
ORD-2025-055776,2,PROD-018,2,50.7,45.63
ORD-2025-055777,1,PROD-030,1,49.3,25.56
ORD-2025-055777,2,PROD-018,1,50.7,42.78
ORD-2025-055777,3,PROD-021,1,15.49,7.86
ORD-2025-055778,1,PROD-035,1,10.14,8.67
ORD-2025-055779,1,PROD-043,1,107.04,101.68
ORD-2025-055780,1,PROD-043,1,107.04,90.5
ORD-2025-055781,1,PROD-019,2,29.58,50.43
ORD-2025-055782,1,PROD-055,1,74.65,70.6
ORD-2025-055783,1,PROD-009,1,61.97,55.3
ORD-2025-055784,1,PROD-009,1,61.97,60.48
ORD-2025-055784,2,PROD-042,1,73.24,70.98
ORD-2025-055785,1,PROD-060,1,42.25,21.38
ORD-2025-055785,2,PROD-010,1,38.03,20.83
ORD-2025-055786,1,PROD-059,1,52.11,46.02
ORD-2025-055787,1,PROD-015,1,26.76,25.53
ORD-2025-055788,1,PROD-009,3,61.97,181.88
ORD-2025-055789,1,PROD-001,1,12.9,10.93
ORD-2025-055789,2,PROD-017,1,12.5,11.11
ORD-2025-055789,3,PROD-035,2,10.14,17.61
ORD-2025-055789,4,PROD-010,1,38.03,34.88
ORD-2025-055790,1,PROD-047,1,108.45,94.76
ORD-2025-055790,2,PROD-039,1,8.17,8.07
ORD-2025-055790,3,PROD-009,1,61.97,61.15
ORD-2025-055791,1,PROD-009,2,61.97,103.23
ORD-2025-055791,2,PROD-056,1,101.41,72.23
ORD-2025-055792,1,PROD-009,1,61.97,59.19
ORD-2025-055793,1,PROD-042,1,73.24,59.34
ORD-2025-055794,1,PROD-007,1,17.18,8.63
ORD-2025-055794,2,PROD-030,2,49.3,66.04
ORD-2025-055795,1,PROD-017,3,12.5,36.59
ORD-2025-055796,1,PROD-004,3,20.28,59.14
ORD-2025-055797,1,PROD-041,1,11.83,9.94
ORD-2025-055798,1,PROD-018,2,50.7,97.49
ORD-2025-055799,1,PROD-008,2,9.9,19.26
ORD-2025-055799,2,PROD-003,3,14.37,42.17
ORD-2025-055800,1,PROD-043,1,107.04,100.16
ORD-2025-055801,1,PROD-010,1,38.03,37.5
ORD-2025-055801,2,PROD-018,1,50.7,49.22
ORD-2025-055802,1,PROD-009,1,61.97,58.19
ORD-2025-055803,1,PROD-010,2,38.03,70.67
ORD-2025-055804,1,PROD-010,1,38.03,26.95
ORD-2025-055804,2,PROD-011,1,14.9,8.85
ORD-2025-055805,1,PROD-035,3,10.14,28.76
ORD-2025-055805,2,PROD-040,2,15.21,28.91
ORD-2025-055805,3,PROD-058,1,39.44,33.21
ORD-2025-055806,1,PROD-005,1,20.28,17.9
ORD-2025-055807,1,PROD-058,1,39.44,37.76
ORD-2025-055808,1,PROD-036,1,11.55,9.65
ORD-2025-055809,1,PROD-003,2,14.37,26.52
ORD-2025-055810,1,PROD-009,2,61.97,118.4
ORD-2025-055811,1,PROD-009,1,61.97,58.94
ORD-2025-055812,1,PROD-001,1,12.9,
ORD-2025-055813,1,PROD-010,1,38.03,37.41
ORD-2025-055813,2,PROD-052,1,46.48,44.18
ORD-2025-055813,3,PROD-009,3,61.97,185.37
ORD-2025-055813,4,PROD-039,1,8.17,8.02
ORD-2025-055814,1,PROD-019,1,29.58,27.75
ORD-2025-055815,1,PROD-009,2,61.97,100.28
ORD-2025-055815,2,PROD-010,1,38.03,28.95
ORD-2025-055816,1,PROD-042,2,73.24,133.47
ORD-2025-055817,1,PROD-003,1,14.37,12.12
ORD-2025-055817,2,PROD-005,1,20.28,19.96
ORD-2025-055817,3,PROD-009,3,61.97,181.71
ORD-2025-055818,1,PROD-009,1,61.97,56.68
ORD-2025-055819,1,PROD-043,1,107.04,104.52
ORD-2025-055819,2,PROD-010,1,38.03,31.46
ORD-2025-055820,1,PROD-003,1,14.37,13.49
ORD-2025-055820,2,PROD-001,2,12.9,23.76
ORD-2025-055820,3,PROD-013,1,11.9,10.13
ORD-2025-055821,1,PROD-001,2,12.9,25.37
ORD-2025-055821,2,PROD-010,2,38.03,74.92
ORD-2025-055821,3,PROD-036,1,11.55,11.12
ORD-2025-055821,4,PROD-018,1,50.7,49.47
ORD-2025-055822,1,PROD-009,3,61.97,181.47
ORD-2025-055823,1,PROD-008,3,9.9,27.92
ORD-2025-055824,1,PROD-009,1,61.97,50.77
ORD-2025-055825,1,PROD-054,1,59.15,43.75
ORD-2025-055826,1,PROD-035,3,10.14,29.09
ORD-2025-055826,2,PROD-043,1,107.04,92.49
ORD-2025-055826,3,PROD-018,1,50.7,50.47
ORD-2025-055826,4,PROD-013,1,11.9,7.78
ORD-2025-055827,1,PROD-005,1,20.28,17.77
ORD-2025-055828,1,PROD-001,1,12.9,10.85
ORD-2025-055829,1,PROD-009,1,61.97,58.82
ORD-2025-055830,1,PROD-041,1,11.83,9.62
ORD-2025-055831,1,PROD-043,1,107.04,98.77
ORD-2025-055831,2,PROD-009,1,61.97,60.35
ORD-2025-055832,1,PROD-003,2,14.37,25.49
ORD-2025-055832,2,PROD-042,1,73.24,70.7
ORD-2025-055832,3,PROD-043,2,107.04,205.86
ORD-2025-055833,1,PROD-009,1,61.97,58.69
ORD-2025-055834,1,PROD-026,1,14.65,12.36
ORD-2025-055835,1,PROD-009,1,61.97,46.68
ORD-2025-055836,1,PROD-009,1,61.97,61.6
ORD-2025-055836,2,PROD-019,1,29.58,28.77
ORD-2025-055836,3,PROD-002,1,11.9,11.79
ORD-2025-055837,1,PROD-043,2,107.04,171.24
ORD-2025-055837,2,PROD-009,1,61.97,53.48
ORD-2025-055838,1,PROD-019,2,29.58,53.04
ORD-2025-055838,2,PROD-056,1,101.41,86.28
ORD-2025-055839,1,PROD-003,3,14.37,43.08
ORD-2025-055839,2,PROD-009,2,61.97,119.24
ORD-2025-055840,1,PROD-001,1,12.9,10.96
ORD-2025-055840,2,PROD-005,1,20.28,16.29
ORD-2025-055840,3,PROD-043,1,107.04,89.81
ORD-2025-055841,1,PROD-031,1,53.52,51.55
ORD-2025-055842,1,PROD-019,1,29.58,27.35
ORD-2025-055842,2,PROD-009,1,61.97,59.78
ORD-2025-055843,1,PROD-042,1,73.24,63.87
ORD-2025-055843,2,PROD-003,1,14.37,12.36
ORD-2025-055843,3,PROD-058,1,39.44,36.87
ORD-2025-055844,1,PROD-022,1,9.01,6.37
ORD-2025-055845,1,PROD-004,1,20.28,19.03
ORD-2025-055846,1,PROD-012,1,18.5,9.51
ORD-2025-055847,1,PROD-009,1,61.97,59.16
ORD-2025-055848,1,PROD-001,1,12.9,12.21
ORD-2025-055848,2,PROD-047,1,108.45,107.38
ORD-2025-055848,3,PROD-043,2,107.04,209.52
ORD-2025-055849,1,PROD-003,2,14.37,24.96
ORD-2025-055850,1,PROD-027,1,21.13,13.45
ORD-2025-055850,2,PROD-004,1,20.28,13.24
ORD-2025-055850,3,PROD-029,1,24.79,11.53
ORD-2025-055851,1,PROD-031,1,53.52,45.1
ORD-2025-055852,1,PROD-009,1,61.97,58.81
ORD-2025-055852,2,PROD-041,4,11.83,46.18
ORD-2025-055852,3,PROD-035,1,10.14,9.82
ORD-2025-055853,1,PROD-018,1,50.7,46.66
ORD-2025-055854,1,PROD-019,1,29.58,16.92
ORD-2025-055855,1,PROD-027,1,21.13,14.09
ORD-2025-055856,1,PROD-018,1,50.7,48.09
ORD-2025-055857,1,PROD-043,2,107.04,157.26
ORD-2025-055858,1,PROD-005,1,20.28,18.49
ORD-2025-055858,2,PROD-043,2,107.04,200.96
ORD-2025-055859,1,PROD-041,3,11.83,19.89
ORD-2025-055859,2,PROD-056,1,101.41,97.65
ORD-2025-055860,1,PROD-026,1,14.65,14.54
ORD-2025-055860,2,PROD-010,2,38.03,75.04
ORD-2025-055860,3,PROD-002,1,11.9,11.0
ORD-2025-055860,4,PROD-019,1,29.58,27.73
ORD-2025-055861,1,PROD-030,2,49.3,89.56
ORD-2025-055861,2,PROD-007,1,17.18,16.87
ORD-2025-055861,3,PROD-024,2,8.73,16.54
ORD-2025-055862,1,PROD-009,2,61.97,120.18
ORD-2025-055863,1,PROD-042,1,73.24,69.62
ORD-2025-055864,1,PROD-043,4,107.04,413.17
ORD-2025-055865,1,PROD-003,3,14.37,35.91
ORD-2025-055865,2,PROD-020,1,10.14,9.27
ORD-2025-055865,3,PROD-005,1,20.28,16.73
ORD-2025-055865,4,PROD-051,1,36.06,30.76
ORD-2025-055866,1,PROD-014,1,9.9,9.19
ORD-2025-055867,1,PROD-009,1,61.97,46.51
ORD-2025-055868,1,PROD-009,1,61.97,60.54
ORD-2025-055869,1,PROD-009,2,61.97,114.58
ORD-2025-055869,2,PROD-043,2,107.04,200.46
ORD-2025-055869,3,PROD-034,2,9.01,17.81
ORD-2025-055870,1,PROD-018,1,50.7,49.37
ORD-2025-055871,1,PROD-039,1,8.17,6.33
ORD-2025-055871,2,PROD-009,1,61.97,47.52
ORD-2025-055871,3,PROD-026,1,14.65,12.69
ORD-2025-055872,1,PROD-036,2,11.55,22.9
ORD-2025-055873,1,PROD-021,1,15.49,14.74
ORD-2025-055874,1,PROD-051,1,36.06,24.69
ORD-2025-055874,2,PROD-054,1,59.15,40.28
ORD-2025-055875,1,PROD-007,2,17.18,29.63
ORD-2025-055876,1,PROD-009,1,61.97,61.18
ORD-2025-055876,2,PROD-043,3,107.04,286.57
ORD-2025-055876,3,PROD-023,2,7.89,15.21
ORD-2025-055877,1,PROD-041,1,11.83,11.67
ORD-2025-055878,1,PROD-054,1,59.15,53.91
ORD-2025-055879,1,PROD-013,1,11.9,7.75
ORD-2025-055880,1,PROD-030,1,49.3,47.11
ORD-2025-055880,2,PROD-041,1,11.83,11.13
ORD-2025-055881,1,PROD-006,2,32.39,64.18
ORD-2025-055881,2,PROD-043,2,107.04,208.47
ORD-2025-055881,3,PROD-027,2,21.13,38.46
ORD-2025-055881,4,PROD-049,1,80.28,72.79
ORD-2025-055882,1,PROD-009,2,61.97,112.8
ORD-2025-055883,1,PROD-009,1,61.97,61.56
ORD-2025-055884,1,PROD-043,2,107.04,150.48
ORD-2025-055885,1,PROD-009,1,61.97,56.05
ORD-2025-055885,2,PROD-006,1,32.39,30.32
ORD-2025-055885,3,PROD-001,1,12.9,12.23
ORD-2025-055886,1,PROD-002,1,11.9,11.11
ORD-2025-055887,1,PROD-001,3,12.9,36.44
ORD-2025-055888,1,PROD-001,3,12.9,31.98
ORD-2025-055889,1,PROD-010,2,38.03,69.41
ORD-2025-055890,1,PROD-018,1,50.7,45.83
ORD-2025-055890,2,PROD-007,1,17.18,13.84
ORD-2025-055890,3,PROD-019,1,29.58,14.43
ORD-2025-055891,1,PROD-010,1,38.03,31.14
ORD-2025-055891,2,PROD-009,1,61.97,52.43
ORD-2025-055892,1,PROD-013,2,11.9,22.48
ORD-2025-055892,2,PROD-043,1,107.04,104.21
ORD-2025-055893,1,PROD-010,1,38.03,36.46
ORD-2025-055894,1,PROD-024,1,8.73,7.7
ORD-2025-055895,1,PROD-009,2,61.97,117.23
ORD-2025-055896,1,PROD-009,3,61.97,183.94
ORD-2025-055897,1,PROD-001,2,12.9,23.69
ORD-2025-055898,1,PROD-009,2,61.97,121.13
ORD-2025-055899,1,PROD-005,3,20.28,55.26
ORD-2025-055900,1,PROD-022,1,9.01,8.38
ORD-2025-055900,2,PROD-009,1,61.97,60.21
ORD-2025-055901,1,PROD-049,1,80.28,75.82
ORD-2025-055901,2,PROD-009,1,61.97,60.36
ORD-2025-055902,1,PROD-006,2,32.39,54.7
ORD-2025-055903,1,PROD-043,3,107.04,260.43
ORD-2025-055903,2,PROD-009,2,61.97,122.8
ORD-2025-055904,1,PROD-009,2,61.97,122.49
ORD-2025-055904,2,PROD-043,2,107.04,208.34
ORD-2025-055904,3,PROD-034,1,9.01,8.46
ORD-2025-055904,4,PROD-019,1,29.58,29.2
ORD-2025-055905,1,PROD-043,1,107.04,98.48
ORD-2025-055905,2,PROD-017,1,12.5,11.3
ORD-2025-055906,1,PROD-009,2,61.97,65.73
ORD-2025-055906,2,PROD-043,2,107.04,192.56
ORD-2025-055907,1,PROD-059,1,52.11,43.09
ORD-2025-055908,1,PROD-009,1,61.97,61.16
ORD-2025-055908,2,PROD-043,3,107.04,308.08
ORD-2025-055909,1,PROD-039,2,8.17,13.51
ORD-2025-055910,1,PROD-005,1,20.28,18.28
ORD-2025-055911,1,PROD-005,1,20.28,18.02
ORD-2025-055912,1,PROD-010,1,38.03,35.35
ORD-2025-055913,1,PROD-009,1,61.97,56.06
ORD-2025-055914,1,PROD-006,1,32.39,19.71
ORD-2025-055915,1,PROD-018,1,50.7,35.03
ORD-2025-055916,1,PROD-009,1,61.97,58.96
ORD-2025-055916,2,PROD-005,1,20.28,20.08
ORD-2025-055917,1,PROD-003,1,14.37,14.2
ORD-2025-055918,1,PROD-030,1,49.3,37.25
ORD-2025-055918,2,PROD-009,2,61.97,121.91
ORD-2025-055919,1,PROD-043,1,107.04,106.19
ORD-2025-055920,1,PROD-009,1,61.97,50.58
ORD-2025-055920,2,PROD-020,1,10.14,9.24
ORD-2025-055921,1,PROD-009,2,61.97,116.95
ORD-2025-055921,2,PROD-026,1,14.65,12.71
ORD-2025-055921,3,PROD-043,3,107.04,312.32
ORD-2025-055921,4,PROD-010,1,38.03,34.27
ORD-2025-055922,1,PROD-005,1,20.28,19.37
ORD-2025-055923,1,PROD-009,1,61.97,60.33
ORD-2025-055924,1,PROD-019,1,29.58,29.35
ORD-2025-055925,1,PROD-009,3,61.97,145.4
ORD-2025-055925,2,PROD-003,2,14.37,26.8
ORD-2025-055925,3,PROD-043,2,107.04,185.52
ORD-2025-055925,4,PROD-001,3,12.9,37.07
ORD-2025-055926,1,PROD-043,1,107.04,104.96
ORD-2025-055926,2,PROD-004,1,20.28,19.56
ORD-2025-055926,3,PROD-037,2,9.86,19.42
ORD-2025-055927,1,PROD-033,1,52.11,42.39
ORD-2025-055927,2,PROD-009,2,61.97,118.26
ORD-2025-055927,3,PROD-018,1,50.7,49.63
ORD-2025-055928,1,PROD-034,1,9.01,7.95
ORD-2025-055929,1,PROD-009,2,61.97,113.89
ORD-2025-055930,1,PROD-030,1,49.3,47.75
ORD-2025-055931,1,PROD-003,2,14.37,28.2
ORD-2025-055932,1,PROD-011,1,14.9,13.76
ORD-2025-055933,1,PROD-018,2,50.7,93.09
ORD-2025-055934,1,PROD-014,1,9.9,8.31
ORD-2025-055935,1,PROD-043,1,107.04,48.17
ORD-2025-055935,2,PROD-041,2,11.83,20.0
ORD-2025-055936,1,PROD-009,1,61.97,59.18
ORD-2025-055936,2,PROD-034,1,9.01,8.89
ORD-2025-055936,3,PROD-001,1,12.9,12.76
ORD-2025-055936,4,PROD-053,1,53.52,53.11
ORD-2025-055937,1,PROD-003,1,14.37,13.66
ORD-2025-055938,1,PROD-010,2,38.03,65.75
ORD-2025-055939,1,PROD-009,1,61.97,61.21
ORD-2025-055940,1,PROD-043,1,107.04,105.56
ORD-2025-055940,2,PROD-017,2,12.5,24.42
ORD-2025-055941,1,PROD-031,1,53.52,51.97
ORD-2025-055942,1,PROD-014,1,9.9,5.34
ORD-2025-055942,2,PROD-043,1,107.04,86.7
ORD-2025-055942,3,PROD-009,2,61.97,111.76
ORD-2025-055943,1,PROD-009,3,61.97,164.94
ORD-2025-055944,1,PROD-043,3,107.04,287.34
ORD-2025-055945,1,PROD-050,1,61.97,60.65
ORD-2025-055946,1,PROD-009,1,61.97,59.86
ORD-2025-055947,1,PROD-043,3,107.04,289.78
ORD-2025-055948,1,PROD-018,2,50.7,98.54
ORD-2025-055949,1,PROD-002,2,11.9,20.11
ORD-2025-055949,2,PROD-030,1,49.3,47.97
ORD-2025-055950,1,PROD-009,3,61.97,159.23
ORD-2025-055951,1,PROD-009,1,61.97,48.36
ORD-2025-055951,2,PROD-031,1,53.52,48.19
ORD-2025-055952,1,PROD-006,1,32.39,27.13
ORD-2025-055953,1,PROD-001,1,12.9,12.04
ORD-2025-055954,1,PROD-009,1,61.97,60.52
ORD-2025-055954,2,PROD-043,2,107.04,185.37
ORD-2025-055955,1,PROD-041,2,11.83,22.82
ORD-2025-055956,1,PROD-009,1,61.97,57.79
ORD-2025-055956,2,PROD-043,2,107.04,196.63
ORD-2025-055957,1,PROD-003,1,14.37,13.58
ORD-2025-055957,2,PROD-009,1,61.97,55.41
ORD-2025-055957,3,PROD-004,1,20.28,18.63
ORD-2025-055958,1,PROD-031,1,53.52,42.7
ORD-2025-055959,1,PROD-002,2,11.9,20.41
ORD-2025-055959,2,PROD-043,1,107.04,89.57
ORD-2025-055959,3,PROD-041,2,11.83,21.48
ORD-2025-055959,4,PROD-028,2,17.18,30.84
ORD-2025-055960,1,PROD-009,2,61.97,109.04
ORD-2025-055961,1,PROD-043,3,107.04,304.71
ORD-2025-055961,2,PROD-009,2,61.97,119.76
ORD-2025-055962,1,PROD-005,2,20.28,18.25
ORD-2025-055962,2,PROD-035,1,10.14,7.44
ORD-2025-055963,1,PROD-054,1,59.15,47.89
ORD-2025-055964,1,PROD-006,1,32.39,22.63
ORD-2025-055965,1,PROD-006,1,32.39,30.76
ORD-2025-055965,2,PROD-034,3,9.01,25.7
ORD-2025-055965,3,PROD-019,3,29.58,86.75
ORD-2025-055966,1,PROD-010,1,38.03,35.93
ORD-2025-055967,1,PROD-018,2,50.7,95.64
ORD-2025-055968,1,PROD-010,1,38.03,35.45
ORD-2025-055969,1,PROD-042,2,73.24,138.75
ORD-2025-055970,1,PROD-043,1,107.04,104.64
ORD-2025-055970,2,PROD-009,2,61.97,119.04
ORD-2025-055971,1,PROD-007,2,17.18,29.38
ORD-2025-055972,1,PROD-019,1,29.58,25.62
ORD-2025-055973,1,PROD-006,2,32.39,60.82
ORD-2025-055973,2,PROD-009,2,61.97,123.13
ORD-2025-055974,1,PROD-018,1,50.7,45.42
ORD-2025-055975,1,PROD-030,1,49.3,43.67
ORD-2025-055976,1,PROD-009,1,61.97,58.57
ORD-2025-055977,1,PROD-018,2,50.7,99.52
ORD-2025-055978,1,PROD-039,1,8.17,7.64
ORD-2025-055979,1,PROD-007,1,17.18,16.34
ORD-2025-055980,1,PROD-020,1,10.14,9.9
ORD-2025-055981,1,PROD-017,1,12.5,12.24
ORD-2025-055981,2,PROD-013,1,11.9,11.87
ORD-2025-055982,1,PROD-002,2,11.9,15.28
ORD-2025-055982,2,PROD-010,1,38.03,19.3
ORD-2025-055983,1,PROD-023,1,7.89,6.38
ORD-2025-055983,2, PROD-009 ,3,61.97,116.36
ORD-2025-055984,1,PROD-010,1,38.03,36.72
ORD-2025-055985,1,PROD-009,1,61.97,58.58
ORD-2025-055986,1,PROD-043,1,107.04,95.72
ORD-2025-055987,1,PROD-018,2,50.7,100.36
ORD-2025-055987,2,PROD-010,1,38.03,23.95
ORD-2025-055988,1,PROD-037,1,9.86,6.22
ORD-2025-055988,2,PROD-042,2,73.24,100.62
ORD-2025-055988,3,PROD-050,1,61.97,34.41
ORD-2025-055989,1,PROD-009,1,61.97,56.42
ORD-2025-055990,1,PROD-036,1,11.55,9.26
ORD-2025-055991,1,PROD-031,1,53.52,48.89
ORD-2025-055992,1,PROD-009,1,61.97,52.12
ORD-2025-055992,2,PROD-034,2,9.01,17.23
ORD-2025-055992,3,PROD-028,1,17.18,15.3
ORD-2025-055992,4,PROD-043,2,107.04,196.85
ORD-2025-055992,5,PROD-007,1,17.18,16.08
ORD-2025-055993,1,PROD-009,1,61.97,58.03
ORD-2025-055993,2,PROD-010,1,38.03,37.45
ORD-2025-055993,3,PROD-040,1,15.21,14.65
ORD-2025-055994,1,PROD-009,1,61.97,61.45
ORD-2025-055995,1,PROD-010,1,38.03,33.86
ORD-2025-055995,2,PROD-009,2,61.97,101.94
ORD-2025-055996,1,PROD-010,1,38.03,34.27
ORD-2025-055996,2,PROD-009,2,61.97,99.93
ORD-2025-055997,1,PROD-009,1,61.97,57.64
ORD-2025-055998,1,PROD-009,3,61.97,181.88
ORD-2025-055999,1,PROD-018,1,50.7,49.42
ORD-2025-056000,1,PROD-009,2,61.97,118.9
ORD-2025-056000,2,PROD-006,1,32.39,
ORD-2025-056000,3,PROD-005,2,20.28,40.25
ORD-2025-056001,1,PROD-043,1,107.04,98.14
ORD-2025-056002,1,PROD-001,1,12.9,12.24
ORD-2025-056002,2,PROD-015,2,26.76,53.33
ORD-2025-056002,3,PROD-032,3,19.72,57.03
ORD-2025-056003,1,PROD-009,1,61.97,58.5
ORD-2025-056003,2,PROD-005,1,20.28,20.0
ORD-2025-056003,3,PROD-036,1,11.55,10.19
ORD-2025-056004,1,PROD-010,1,38.03,37.82
ORD-2025-056004,2,PROD-018,2,50.7,97.89
ORD-2025-056004,3,PROD-009,3,61.97,184.05
ORD-2025-056005,1,PROD-009,1,61.97,57.61
ORD-2025-056006,1,PROD-054,1,59.15,48.59
ORD-2025-056007,1,PROD-031,1,53.52,39.96
ORD-2025-056008,1,PROD-059,1,52.11,39.87
ORD-2025-056009,1,PROD-056,1,101.41,94.62
ORD-2025-056010,1,PROD-042,3,73.24,155.96
ORD-2025-056011,1,PROD-035,1,10.14,8.83
ORD-2025-056012,1,PROD-006,2,32.39,59.28
ORD-2025-056013,1,PROD-030,1,49.3,22.18
ORD-2025-056014,1,PROD-009,2,61.97,121.75
ORD-2025-056015,1,PROD-027,1,21.13,9.51
ORD-2025-056016,1,PROD-016,2,8.9,17.01
ORD-2025-056017,1,PROD-060,1,42.25,31.78
ORD-2025-056018,1,PROD-030,1,49.3,46.68
ORD-2025-056019,1,PROD-018,1,50.7,47.7
ORD-2025-056019,2,PROD-043,1,107.04,93.76
ORD-2025-056019,3,PROD-007,1,17.18,15.26
ORD-2025-056020,1,PROD-018,1,50.7,47.53
ORD-2025-056020,2,PROD-009,1,61.97,60.21
ORD-2025-056021,1,PROD-030,1,49.3,46.64
ORD-2025-056021,2,PROD-058,1,39.44,38.4
ORD-2025-056021,3,PROD-040,4,15.21,60.01
ORD-2025-056021,4,PROD-020,1,10.14,9.68
ORD-2025-056022,1,PROD-004,1,20.28,19.52
ORD-2025-056023,1,PROD-055,1,74.65,43.72
ORD-2025-056024,1,PROD-024,2,8.73,15.69
ORD-2025-056025,1,PROD-009,1,61.97,61.24
ORD-2025-056026,1,PROD-028,1,17.18,15.2
ORD-2025-056027,1,PROD-043,1,107.04,105.87
ORD-2025-056027,2,PROD-001,1,12.9,12.83
ORD-2025-056028,1,PROD-010,2,38.03,69.29
ORD-2025-056028,2,PROD-001,1,12.9,12.06
ORD-2025-056028,3,PROD-004,2,20.28,33.47
ORD-2025-056029,1,PROD-040,2,15.21,28.2
ORD-2025-056030,1,PROD-010,2,38.03,75.7
ORD-2025-056031,1,PROD-031,1,53.52,36.24
ORD-2025-056031,2,PROD-009,1,61.97,42.52
ORD-2025-056032,1,PROD-002,1,11.9,10.2
ORD-2025-056033,1,PROD-042,4,73.24,243.51
ORD-2025-056034,1,PROD-009,3,61.97,158.92
ORD-2025-056035,1,PROD-043,1,107.04,103.51
ORD-2025-056035,2,PROD-009,2,61.97,120.82
ORD-2025-056036,1,PROD-026,1,14.65,13.29
ORD-2025-056036,2,PROD-009,1,61.97,60.77
ORD-2025-056037,1,PROD-014,1,9.9,8.54
ORD-2025-056038,1,PROD-004,3,20.28,59.17
ORD-2025-056039,1,PROD-006,2,32.39,61.0
ORD-2025-056039,2,PROD-032,1,19.72,18.31
ORD-2025-056040,1,PROD-009,1,61.97,58.33
ORD-2025-056041,1,PROD-010,2,38.03,61.05
ORD-2025-056041,2,PROD-031,2,53.52,75.85
ORD-2025-056042,1,PROD-001,1,12.9,9.55
ORD-2025-056043,1,PROD-043,1,107.04,104.46
ORD-2025-056043,2,PROD-018,1,50.7,49.92
ORD-2025-056044,1,PROD-045,1,72.68,69.38
ORD-2025-056044,2,PROD-009,1,61.97,57.29
ORD-2025-056044,3,PROD-037,2,9.86,19.17
ORD-2025-056045,1,PROD-009,1,61.97,48.58
ORD-2025-056045,2,PROD-011,1,14.9,12.83
ORD-2025-056045,3,PROD-005,1,20.28,20.07
ORD-2025-056045,4,PROD-002,1,11.9,9.72
ORD-2025-056045,5,PROD-021,1,15.49,12.84
ORD-2025-056046,1,PROD-006,1,32.39,23.71
ORD-2025-056047,1,PROD-010,1,38.03,29.52
ORD-2025-056048,1,PROD-028,1,17.18,16.76
ORD-2025-056049,1,PROD-010,1,38.03,36.92
ORD-2025-056050,1,PROD-033,4,52.11,203.83
ORD-2025-056050,2,PROD-009,1,61.97,61.65
ORD-2025-056051,1,PROD-043,1,107.04,57.97
ORD-2025-056052,1,PROD-009,2,61.97,106.01
ORD-2025-056053,1,PROD-009,2,61.97,114.99
ORD-2025-056053,2,PROD-019,2,29.58,57.52
ORD-2025-056054,1,PROD-005,1,20.28,15.88
ORD-2025-056055,1,PROD-041,1,11.83,
ORD-2025-056055,2,PROD-022,1,9.01,5.87
ORD-2025-056056,1,PROD-043,2,107.04,194.58
ORD-2025-056057,1,PROD-009,3,61.97,174.35
ORD-2025-056058,1,PROD-042,1,73.24,62.09
ORD-2025-056059,1,PROD-056,1,101.41,52.15
ORD-2025-056060,1,PROD-043,1,107.04,103.89
ORD-2025-056060,2,PROD-001,1,12.9,12.36
ORD-2025-056061,1,PROD-008,2,9.9,17.96
ORD-2025-056061,2,PROD-004,1,20.28,18.59
ORD-2025-056062,1,PROD-001,1,12.9,12.72
ORD-2025-056063,1,PROD-018,1,50.7,47.11
ORD-2025-056063,2,PROD-007,1,17.18,16.36
ORD-2025-056064,1,PROD-009,1,61.97,58.53
ORD-2025-056064,2,PROD-007,1,17.18,12.97
ORD-2025-056064,3,PROD-006,1,32.39,27.22
ORD-2025-056065,1,PROD-009,1,61.97,58.04
ORD-2025-056065,2,PROD-002,3,11.9,33.27
ORD-2025-056066,1,PROD-009,1,61.97,61.34
ORD-2025-056067,1,PROD-031,1,53.52,39.92
ORD-2025-056067,2,PROD-044,1,40.85,23.27
ORD-2025-056068,1,PROD-056,1,101.41,97.32
ORD-2025-056069,1,PROD-043,1,107.04,86.32
ORD-2025-056070,1,PROD-002,3,11.9,34.79
ORD-2025-056070,2,PROD-037,1,9.86,9.59
ORD-2025-056071,1,PROD-009,1,61.97,58.51
ORD-2025-056071,2,PROD-018,1,50.7,43.82
ORD-2025-056071,3,PROD-003,1,14.37,9.36
ORD-2025-056072,1,PROD-010,2,38.03,72.19
ORD-2025-056073,1,PROD-005,1,20.28,19.99
ORD-2025-056074,1,PROD-035,2,10.14,20.09
ORD-2025-056074,2,PROD-006,2,32.39,64.1
ORD-2025-056075,1,PROD-056,1,101.41,62.71
ORD-2025-056076,1,PROD-054,1,59.15,44.69
ORD-2025-056077,1,PROD-006,1,32.39,25.89
ORD-2025-056077,2,PROD-004,1,20.28,10.88
ORD-2025-056078,1,PROD-006,2,32.39,59.77
ORD-2025-056078,2,PROD-009,2,61.97,123.2
ORD-2025-056079,1,PROD-011,1,14.9,12.27
ORD-2025-056080,1,PROD-009,1,61.97,45.79
ORD-2025-056081,1,PROD-009,2,61.97,121.72
ORD-2025-056082,1,PROD-009,1,61.97,52.07
ORD-2025-056083,1,PROD-005,2,20.28,36.07
ORD-2025-056084,1,PROD-045,1,72.68,54.58
ORD-2025-056084,2,PROD-025,2,21.97,31.79
ORD-2025-056084,3,PROD-058,1,39.44,35.48
ORD-2025-056085,1,PROD-009,1,61.97,56.06
ORD-2025-056085,2,PROD-001,1,12.9,12.04
ORD-2025-056086,1,PROD-024,2,8.73,9.31
ORD-2025-056087,1,PROD-043,1,107.04,100.78
ORD-2025-056088,1,PROD-034,1,9.01,5.09
ORD-2025-056089,1,PROD-030,1,49.3,47.66
ORD-2025-056090,1,PROD-033,3,52.11,70.35
ORD-2025-056090,2,PROD-018,2,50.7,66.1
ORD-2025-056091,1,PROD-031,1,53.52,41.7
ORD-2025-056091,2,PROD-059,1,52.11,42.22
ORD-2025-056092,1,PROD-036,1,11.55,10.99
ORD-2025-056093,1,PROD-043,3,107.04,309.95
ORD-2025-056093,2,PROD-002,3,11.9,34.0
ORD-2025-056094,1,PROD-043,1,107.04,102.22
ORD-2025-056094,2,PROD-012,1,18.5,16.16
ORD-2025-056095,1,PROD-042,4,73.24,155.88
ORD-2025-056095,2,PROD-009,2,61.97,121.54
ORD-2025-056096,1,PROD-009,1,61.97,61.5
ORD-2025-056097,1,PROD-018,1,50.7,37.05
ORD-2025-056098,1,PROD-006,1,32.39,30.87
ORD-2025-056099,1,PROD-012,1,18.5,16.46
ORD-2025-056099,2,PROD-006,1,32.39,28.95
ORD-2025-056099,3,PROD-019,1,29.58,24.28
ORD-2025-056100,1,PROD-035,2,10.14,18.76
ORD-2025-056101,1,PROD-042,4,73.24,255.72
ORD-2025-056102,1,PROD-009,2,61.97,115.66
ORD-2025-056103,1,PROD-055,1,74.65,56.96
ORD-2025-056103,2,PROD-023,1,7.89,7.51
ORD-2025-056104,1,PROD-010,1,38.03,35.19
ORD-2025-056105,1,PROD-043,4,107.04,192.67
ORD-2025-056105,2,PROD-056,1,101.41,63.19
ORD-2025-056106,1,PROD-041,1,11.83,10.85
ORD-2025-056107,1,PROD-001,2,12.9,24.09
ORD-2025-056107,2,PROD-042,2,73.24,144.66
ORD-2025-056108,1,PROD-019,3,29.58,88.06
ORD-2025-056109,1,PROD-034,2,9.01,17.57
ORD-2025-056109,2,PROD-043,1,107.04,100.8
ORD-2025-056109,3,PROD-009,2,61.97,121.89
ORD-2025-056110,1,PROD-042,1,73.24,58.83
ORD-2025-056111,1,PROD-007,1,17.18,16.66
ORD-2025-056112,1,PROD-018,1,50.7,48.85
ORD-2025-056113,1,PROD-006,1,32.39,28.08
ORD-2025-056113,2,PROD-010,1,38.03,33.4
ORD-2025-056114,1,PROD-001,1,12.9,12.83
ORD-2025-056115,1,PROD-043,2,107.04,148.19
ORD-2025-056115,2,PROD-032,3,19.72,51.84
ORD-2025-056116,1,PROD-005,1,20.28,18.64
ORD-2025-056116,2,PROD-030,1,49.3,47.82
ORD-2025-056117,1,PROD-018,1,50.7,29.09
ORD-2025-056117,2,PROD-043,1,107.04,85.86
ORD-2025-056118,1,PROD-006,3,32.39,90.18
ORD-2025-056118,2,PROD-009,2,61.97,120.78
ORD-2025-056119,1,PROD-009,1,61.97,59.16
ORD-2025-056120,1,PROD-001,1,12.9,12.31
ORD-2025-056121,1,PROD-009,1,61.97,43.46
ORD-2025-056121,2,PROD-004,1,20.28,15.96
ORD-2025-056122,1,PROD-009,2,61.97,121.3
ORD-2025-056123,1,PROD-042,1,73.24,41.81
ORD-2025-056124,1,PROD-053,1,53.52,49.36
ORD-2025-056125,1,PROD-009,2,61.97,116.71
ORD-2025-056125,2,PROD-031,2,53.52,99.33
ORD-2025-056125,3,PROD-041,1,11.83,11.52
ORD-2025-056125,4,PROD-013,2,11.9,22.75
ORD-2025-056126,1,PROD-011,1,14.9,13.49
ORD-2025-056127,1,PROD-010,1,38.03,37.25
ORD-2025-056127,2,PROD-005,1,20.28,19.62
ORD-2025-056128,1,PROD-044,1,40.85,39.96
ORD-2025-056129,1,PROD-054,1,59.15,56.32
ORD-2025-056130,1,PROD-010,1,38.03,32.93
ORD-2025-056131,1,PROD-006,2,32.39,60.06
ORD-2025-056132,1,PROD-043,1,107.04,101.3
ORD-2025-056132,2,PROD-009,1,61.97,57.09
ORD-2025-056133,1,PROD-001,1,12.9,11.23
ORD-2025-056134,1,PROD-009,1,61.97,48.99
ORD-2025-056135,1,PROD-009,1,61.97,60.13
ORD-2025-056136,1,PROD-030,2,49.3,44.37
ORD-2025-056136,2,PROD-042,1,73.24,51.3
ORD-2025-056137,1,PROD-005,1,20.28,18.91
ORD-2025-056137,2,PROD-047,1,108.45,100.22
ORD-2025-056138,1,PROD-009,2,61.97,93.92
ORD-2025-056139,1,PROD-018,1,50.7,27.93
ORD-2025-056140,1,PROD-018,2,50.7,74.1
ORD-2025-056141,1,PROD-010,2,38.03,73.52
ORD-2025-056141,2,PROD-042,4,73.24,252.3
ORD-2025-056141,3,PROD-043,1,107.04,102.75
ORD-2025-056142,1,PROD-043,1,107.04,101.46
ORD-2025-056143,1,PROD-038,1,7.89,4.59
ORD-2025-056143,2,PROD-055,1,74.65,68.23
ORD-2025-056144,1,PROD-006,2,32.39,60.6
ORD-2025-056144,2,PROD-005,1,20.28,18.38
ORD-2025-056145,1,PROD-055,1,74.65,71.45
ORD-2025-056145,2,PROD-009,1,61.97,60.22
ORD-2025-056145,3,PROD-018,1,50.7,48.61
ORD-2025-056146,1,PROD-008,1,9.9,8.94
ORD-2025-056146,2,PROD-034,1,9.01,7.19
ORD-2025-056146,3,PROD-026,2,14.65,27.02
ORD-2025-056147,1,PROD-033,2,52.11,57.84
ORD-2025-056148,1,PROD-009,1,61.97,48.44
ORD-2025-056148,2,PROD-043,1,107.04,99.09
ORD-2025-056149,1,PROD-015,1,26.76,22.54
ORD-2025-056149,2,PROD-043,3,107.04,291.87
ORD-2025-056150,1,PROD-039,1,8.17,7.86
ORD-2025-056150,2,PROD-009,1,61.97,40.18
ORD-2025-056150,3,PROD-043,4,107.04,341.41
ORD-2025-056151,1,PROD-043,1,107.04,88.02
ORD-2025-056151,2,PROD-009,2,61.97,110.57
ORD-2025-056152,1,PROD-001,1,12.9,11.57
ORD-2025-056152,2,PROD-007,2,17.18,31.33
ORD-2025-056152,3,PROD-043,2,107.04,194.06
ORD-2025-056152,4,PROD-006,1,32.39,30.08
ORD-2025-056153,1,PROD-052,2,46.48,90.93
ORD-2025-056153,2,PROD-006,2,32.39,61.53
ORD-2025-056154,1,PROD-043,2,107.04,171.39
ORD-2025-056154,2,PROD-058,1,39.44,36.62
ORD-2025-056155,1,PROD-010,2,38.03,72.41
ORD-2025-056155,2,PROD-030,1,49.3,47.1
ORD-2025-056156,1,PROD-009,2,61.97,121.45
ORD-2025-056157,1,PROD-008,3,9.9,29.6
ORD-2025-056157,2,PROD-009,2,61.97,113.07
ORD-2025-056158,1,PROD-005,1,20.28,20.01
ORD-2025-056158,2,PROD-043,1,107.04,105.26
ORD-2025-056159,1,PROD-006,1,32.39,28.59
ORD-2025-056160,1,PROD-043,1,107.04,90.76
ORD-2025-056161,1,PROD-003,1,14.37,13.78
ORD-2025-056162,1,PROD-009,2,61.97,123.12
ORD-2025-056163,1,PROD-001,2,12.9,25.34
ORD-2025-056164,1,PROD-022,1,9.01,5.94
ORD-2025-056165,1,PROD-010,1,38.03,33.14
ORD-2025-056166,1,PROD-018,3,50.7,142.14
ORD-2025-056167,1,PROD-009,2,61.97,119.76
ORD-2025-056168,1,PROD-009,1,61.97,56.33
ORD-2025-056169,1,PROD-005,1,20.28,15.52
ORD-2025-056169,2,PROD-002,1,11.9,9.99
ORD-2025-056170,1,PROD-042,1,73.24,69.53
ORD-2025-056171,1,PROD-030,1,49.3,48.43
ORD-2025-056171,2,PROD-054,1,59.15,26.62
ORD-2025-056172,1,PROD-010,1,38.03,33.06
ORD-2025-056172,2,PROD-040,2,15.21,21.16
ORD-2025-056172,3,PROD-009,1,61.97,44.56
ORD-2025-056172,4,PROD-038,2,7.89,13.32
ORD-2025-056173,1,PROD-006,1,32.39,31.74
ORD-2025-056174,1,PROD-005,2,20.28,39.15
ORD-2025-056175,1,PROD-009,1,61.97,58.57
ORD-2025-056176,1,PROD-036,3,11.55,34.24
ORD-2025-056177,1,PROD-043,1,107.04,100.66
ORD-2025-056177,2,PROD-004,2,20.28,33.39
ORD-2025-056177,3,PROD-017,1,12.5,6.72
ORD-2025-056178,1,PROD-010,1,38.03,34.54
ORD-2025-056179,1,PROD-034,2,9.01,11.96
ORD-2025-056180,1,PROD-024,2,8.73,16.32
ORD-2025-056181,1,PROD-006,1,32.39,31.79
ORD-2025-056182,1,PROD-022,2,9.01,14.97
ORD-2025-056183,1,PROD-036,1,11.55,10.7
ORD-2025-056183,2,PROD-009,2,61.97,89.39
ORD-2025-056184,1,PROD-009,1,61.97,51.38
ORD-2025-056184,2,PROD-042,1,73.24,63.92
ORD-2025-056184,3,PROD-031,2,53.52,102.3
ORD-2025-056184,4,PROD-025,1,21.97,19.09
ORD-2025-056185,1,PROD-043,2,107.04,188.01
ORD-2025-056186,1,PROD-009,1,61.97,60.58
ORD-2025-056187,1,PROD-038,1,7.89,7.23
ORD-2025-056188,1,PROD-018,1,50.7,37.49
ORD-2025-056188,2,PROD-043,2,107.04,116.55
ORD-2025-056189,1,PROD-027,1,21.13,16.47
ORD-2025-056189,2,PROD-043,2,107.04,203.98
ORD-2025-056189,3,PROD-009,1,61.97,53.2
ORD-2025-056190,1,PROD-009,2,61.97,114.02
ORD-2025-056191,1,PROD-007,1,17.18,14.61
ORD-2025-056191,2,PROD-006,1,32.39,26.97
ORD-2025-056191,3,PROD-043,2,107.04,185.61
ORD-2025-056191,4,PROD-041,3,11.83,30.41
ORD-2025-056191,5,PROD-001,2,12.9,24.69
ORD-2025-056192,1,PROD-030,1,49.3,27.09
ORD-2025-056192,2,PROD-015,2,26.76,42.1
ORD-2025-056193,1,PROD-004,1,20.28,13.7
ORD-2025-056193,2,PROD-060,1,42.25,27.4
ORD-2025-056194,1,PROD-004,1,20.28,19.48
ORD-2025-056194,2,PROD-009,1,61.97,57.89
ORD-2025-056194,3,PROD-005,3,20.28,53.37
ORD-2025-056195,1,PROD-006,1,32.39,17.52
ORD-2025-056196,1,PROD-031,1,53.52,31.26
ORD-2025-056196,2,PROD-043,2,107.04,145.17
ORD-2025-056197,1,PROD-013,1,11.9,11.48
ORD-2025-056198,1,PROD-010,2,38.03,68.99
ORD-2025-056199,1,PROD-023,2,7.89,15.72
ORD-2025-056200,1,PROD-002,1,11.9,8.64
ORD-2025-056201,1,PROD-051,1,36.06,28.65
ORD-2025-056201,2,PROD-016,1,8.9,5.04
ORD-2025-056202,1,PROD-024,1,8.73,6.37
ORD-2025-056203,1,PROD-009,2,61.97,121.51
ORD-2025-056203,2,PROD-011,2,14.9,27.99
ORD-2025-056204,1,PROD-018,2,50.7,85.24
ORD-2025-056204,2,PROD-037,2,9.86,19.43
ORD-2025-056205,1,PROD-032,3,19.72,53.43
ORD-2025-056205,2,PROD-006,1,32.39,27.32
ORD-2025-056205,3,PROD-010,2,38.03,70.64
ORD-2025-056206,1,PROD-041,1,11.83,10.69
ORD-2025-056207,1,PROD-043,3,107.04,300.95
ORD-2025-056208,1,PROD-005,2,20.28,38.9
ORD-2025-056208,2,PROD-003,1,14.37,11.04
ORD-2025-056209,1,PROD-029,1,24.79,19.71
ORD-2025-056209,2,PROD-006,2,32.39,40.18
ORD-2025-056209,3,PROD-043,2,107.04,135.88
ORD-2025-056210,1,PROD-009,1,61.97,56.58
ORD-2025-056210,2,PROD-018,1,50.7,48.92
ORD-2025-056211,1,PROD-018,1,50.7,49.38
ORD-2025-056211,2,PROD-005,1,20.28,19.44
ORD-2025-056212,1,PROD-009,2,61.97,114.79
ORD-2025-056213,1,PROD-024,2,8.73,16.8
ORD-2025-056214,1,PROD-009,3,61.97,173.44
ORD-2025-056215,1,PROD-013,2,11.9,23.42
ORD-2025-056216,1,PROD-006,1,32.39,31.05
ORD-2025-056217,1,PROD-030,1,49.3,38.73
ORD-2025-056217,2,PROD-043,1,107.04,91.35
ORD-2025-056218,1,PROD-043,1,107.04,72.14
ORD-2025-056219,1,PROD-018,1,50.7,46.77
ORD-2025-056220,1,PROD-028,1,17.18,15.1
ORD-2025-056220,2,PROD-006,1,32.39,28.96
ORD-2025-056221,1,PROD-046,1,259.15,251.82
ORD-2025-056221,2,PROD-009,3,61.97,133.93
ORD-2025-056222,1,PROD-009,3,61.97,178.73
ORD-2025-056223,1,PROD-009,2,61.97,118.75
ORD-2025-056224,1,PROD-009,1,61.97,57.33
ORD-2025-056224,2,PROD-035,1,10.14,9.36
ORD-2025-056225,1,PROD-031,1,53.52,24.08
ORD-2025-056225,2,PROD-060,1,42.25,19.01
ORD-2025-056226,1,PROD-009,1,61.97,55.52
ORD-2025-056226,2,PROD-043,1,107.04,95.79
ORD-2025-056227,1,PROD-022,1,9.01,8.87
ORD-2025-056228,1,PROD-056,1,101.41,45.89
ORD-2025-056229,1,PROD-010,1,38.03,31.79
ORD-2025-056229,2,PROD-005,1,20.28,19.65
ORD-2025-056229,3,PROD-021,2,15.49,28.85
ORD-2025-056230,1,PROD-018,2,50.7,96.35
ORD-2025-056230,2,PROD-009,2,61.97,111.72
ORD-2025-056231,1,PROD-041,1,11.83,11.22
ORD-2025-056232,1,PROD-024,1,8.73,8.18
ORD-2025-056232,2,PROD-018,2,50.7,90.58
ORD-2025-056233,1,PROD-032,1,19.72,19.47
ORD-2025-056234,1,PROD-009,1,61.97,57.52
ORD-2025-056234,2,PROD-043,4,107.04,403.75
ORD-2025-056235,1,PROD-004,1,20.28,18.98
ORD-2025-056236,1,PROD-002,1,11.9,9.9
ORD-2025-056236,2,PROD-009,1,61.97,56.28
ORD-2025-056236,3,PROD-039,1,8.17,7.03
ORD-2025-056237,1,PROD-009,1,61.97,58.56
ORD-2025-056238,1,PROD-004,2,20.28,35.88
ORD-2025-056239,1,PROD-009,2,61.97,121.55
ORD-2025-056239,2,PROD-003,1,14.37,13.29
ORD-2025-056240,1,PROD-001,3,12.9,37.59
ORD-2025-056240,2,PROD-005,1,20.28,16.76
ORD-2025-056241,1,PROD-010,3,38.03,107.69
ORD-2025-056241,2,PROD-024,1,8.73,8.61
ORD-2025-056242,1,PROD-010,1,38.03,27.46
ORD-2025-056242,2,PROD-031,1,53.52,36.28
ORD-2025-056243,1,PROD-043,2,107.04,208.0
ORD-2025-056244,1,PROD-055,1,74.65,57.35
ORD-2025-056245,1,PROD-042,2,73.24,108.72
ORD-2025-056245,2,PROD-004,1,20.28,11.74
ORD-2025-056245,3,PROD-043,1,107.04,89.88
ORD-2025-056246,1,PROD-001,1,12.9,10.98
ORD-2025-056246,2,PROD-005,1,20.28,17.65
ORD-2025-056246,3,PROD-009,1,61.97,43.91
ORD-2025-056247,1,PROD-009,3,61.97,176.08
ORD-2025-056247,2,PROD-034,1,9.01,8.75
ORD-2025-056248,1,PROD-032,4,19.72,70.38
ORD-2025-056249,1,PROD-023,1,7.89,7.8
ORD-2025-056249,2,PROD-003,1,14.37,13.71
ORD-2025-056250,1,PROD-004,1,20.28,18.02
ORD-2025-056250,2,PROD-030,2,49.3,96.93
ORD-2025-056250,3,PROD-018,1,50.7,46.4
ORD-2025-056251,1,PROD-009,1,61.97,49.99
ORD-2025-056252,1,PROD-043,1,107.04,101.31
ORD-2025-056253,1,PROD-018,1,50.7,48.36
ORD-2025-056254,1,PROD-006,1,32.39,28.23
ORD-2025-056254,2,PROD-043,3,107.04,302.43
ORD-2025-056255,1,PROD-009,2,61.97,119.33
ORD-2025-056256,1,PROD-010,1,38.03,28.54
ORD-2025-056256,2,PROD-042,1,73.24,68.98
ORD-2025-056257,1,PROD-054,1,59.15,52.99
ORD-2025-056258,1,PROD-043,4,107.04,410.69
ORD-2025-056259,1,PROD-043,2,107.04,129.8
ORD-2025-056260,1,PROD-009,2,61.97,111.89
ORD-2025-056261,1,PROD-042,1,73.24,65.15
ORD-2025-056262,1,PROD-019,1,29.58,27.08
ORD-2025-056263,1,PROD-006,1,32.39,31.55
ORD-2025-056264,1,PROD-031,2,53.52,82.22
ORD-2025-056265,1,PROD-031,1,53.52,45.38
ORD-2025-056265,2,PROD-030,1,49.3,47.02
ORD-2025-056265,3,PROD-009,2,61.97,118.95
ORD-2025-056265,4,PROD-043,1,107.04,90.45
ORD-2025-056266,1,PROD-018,3,50.7,147.4
ORD-2025-056267,1,PROD-030,2,49.3,96.42
ORD-2025-056268,1,PROD-043,1,107.04,104.79
ORD-2025-056269,1,PROD-001,2,12.9,25.44
ORD-2025-056269,2,PROD-009,1,61.97,61.16
ORD-2025-056269,3,PROD-010,2,38.03,71.69
ORD-2025-056270,1,PROD-009,1,61.97,52.67
ORD-2025-056271,1,PROD-020,1,10.14,5.13
ORD-2025-056271,2,PROD-021,2,15.49,30.25
ORD-2025-056272,1,PROD-060,1,42.25,25.83
ORD-2025-056273,1,PROD-018,2,50.7,87.9
ORD-2025-056274,1,PROD-043,1,107.04,75.83
ORD-2025-056275,1,PROD-054,1,59.15,55.43
ORD-2025-056276,1,PROD-018,1,50.7,45.63
ORD-2025-056277,1,PROD-034,3,9.01,23.89
ORD-2025-056277,2,PROD-040,1,15.21,11.78
ORD-2025-056278,1,PROD-009,1,61.97,59.11
ORD-2025-056279,1,PROD-023,1,7.89,7.66
ORD-2025-056279,2,PROD-009,1,61.97,58.59
ORD-2025-056279,3,PROD-043,3,107.04,275.94
ORD-2025-056280,1,PROD-018,2,50.7,83.92
ORD-2025-056281,1,PROD-031,1,53.52,52.31
ORD-2025-056281,2,PROD-028,1,17.18,16.45
ORD-2025-056282,1,PROD-030,2,49.3,90.2
ORD-2025-056282,2,PROD-043,2,107.04,193.25
ORD-2025-056283,1,PROD-043,1,107.04,100.25
ORD-2025-056283,2,PROD-018,2,50.7,46.99
ORD-2025-056284,1,PROD-014,1,9.9,9.23
ORD-2025-056284,2,PROD-006,2,32.39,60.07
ORD-2025-056285,1,PROD-043,1,107.04,99.54
ORD-2025-056285,2,PROD-040,1,15.21,13.95
ORD-2025-056286,1,PROD-018,1,50.7,42.54
ORD-2025-056286,2,PROD-047,1,108.45,65.99
ORD-2025-056286,3,PROD-043,2,107.04,178.39
ORD-2025-056287,1,PROD-009,2,61.97,119.83
ORD-2025-056288,1,PROD-020,1,10.14,9.2
ORD-2025-056288,2,PROD-009,1,61.97,56.35
ORD-2025-056289,1,PROD-043,1,107.04,104.49
ORD-2025-056290,1,PROD-006,1,32.39,27.43
ORD-2025-056290,2,PROD-034,2,9.01,15.86
ORD-2025-056290,3,PROD-023,1,7.89,7.29
ORD-2025-056291,1,PROD-046,1,259.15,116.62
ORD-2025-056292,1,PROD-009,2,61.97,111.03
ORD-2025-056292,2,PROD-018,1,50.7,43.62
ORD-2025-056293,1,PROD-009,2,61.97,92.99
ORD-2025-056294,1,PROD-011,2,14.9,28.25
ORD-2025-056295,1,PROD-048,1,55.77,47.06
ORD-2025-056296,1,PROD-009,1,61.97,51.44
ORD-2025-056297,1,PROD-010,1,38.03,36.6
ORD-2025-056298,1,PROD-031,1,53.52,52.24
ORD-2025-056299,1,PROD-005,1,20.28,16.15
ORD-2025-056299,2,PROD-009,3,61.97,166.52
ORD-2025-056300,1,PROD-018,1,50.7,47.59
ORD-2025-056301,1,PROD-009,1,61.97,54.99
ORD-2025-056302,1,PROD-010,2,38.03,72.14
ORD-2025-056303,1,PROD-021,2,15.49,24.6
ORD-2025-056304,1,PROD-010,2,38.03,71.84
ORD-2025-056304,2,PROD-036,1,11.55,8.91
ORD-2025-056304,3,PROD-043,1,107.04,95.77
ORD-2025-056305,1,PROD-003,1,14.37,14.1
ORD-2025-056306,1,PROD-004,1,20.28,18.87
ORD-2025-056307,1,PROD-002,3,11.9,34.23
ORD-2025-056307,2,PROD-040,2,15.21,27.13
ORD-2025-056308,1,PROD-006,1,32.39,28.9
ORD-2025-056308,2,PROD-043,3,107.04,259.18
ORD-2025-056308,3,PROD-034,2,9.01,15.04
ORD-2025-056309,1,PROD-017,1,12.5,11.16
ORD-2025-056310,1,PROD-037,1,9.86,4.44
ORD-2025-056310,2,PROD-007,3,17.18,40.69
ORD-2025-056311,1,PROD-030,1,49.3,45.66
ORD-2025-056312,1,PROD-006,1,32.39,29.32
ORD-2025-056312,2,PROD-045,1,72.68,45.56
ORD-2025-056313,1,PROD-009,1,61.97,47.28
ORD-2025-056314,1,PROD-007,1,17.18,16.16
ORD-2025-056314,2,PROD-019,3,29.58,88.15
ORD-2025-056314,3,PROD-042,1,73.24,71.02
ORD-2025-056315,1,PROD-021,1,15.49,14.78
ORD-2025-056315,2,PROD-033,1,52.11,48.69
ORD-2025-056316,1,PROD-041,2,11.83,21.05
ORD-2025-056317,1,PROD-009,1,61.97,60.06
ORD-2025-056318,1,PROD-018,1,50.7,22.81
ORD-2025-056319,1,PROD-030,1,49.3,47.74
ORD-2025-056320,1,PROD-008,1,9.9,9.33
ORD-2025-056320,2,PROD-009,3,61.97,177.02
ORD-2025-056321,1,PROD-034,2,9.01,16.3
ORD-2025-056321,2,PROD-007,1,17.18,16.55
ORD-2025-056321,3,PROD-038,2,7.89,15.1
ORD-2025-056322,1,PROD-016,1,8.9,8.1
ORD-2025-056322,2,PROD-009,1,61.97,57.42
ORD-2025-056323,1,PROD-041,1,11.83,8.58
ORD-2025-056323,2,PROD-010,1,38.03,33.63
ORD-2025-056323,3,PROD-017,1,12.5,9.68
ORD-2025-056324,1,PROD-008,1,9.9,9.81
ORD-2025-056325,1,PROD-009,2,61.97,114.38
ORD-2025-056325,2,PROD-024,2,8.73,14.76
ORD-2025-056326,1,PROD-009,1,61.97,60.32
ORD-2025-056326,2,PROD-034,2,9.01,17.34
ORD-2025-056327,1,PROD-009,1,61.97,51.44
ORD-2025-056327,2,PROD-008,2,9.9,16.66
ORD-2025-056327,3,PROD-043,4,107.04,407.82
ORD-2025-056328,1,PROD-018,1,50.7,42.35
ORD-2025-056329,1,PROD-010,1,38.03,36.63
ORD-2025-056330,1,PROD-044,1,40.85,38.52
ORD-2025-056331,1,PROD-030,2,49.3,98.01
ORD-2025-056332,1,PROD-044,1,40.85,38.87
ORD-2025-056333,1,PROD-005,2,20.28,39.55
ORD-2025-056334,1,PROD-043,1,107.04,105.92
ORD-2025-056334,2,PROD-010,2,38.03,72.18
ORD-2025-056335,1,PROD-018,2,50.7,68.48
ORD-2025-056336,1,PROD-009,1,61.97,60.04
ORD-2025-056336,2,PROD-055,1,74.65,65.21
ORD-2025-056337,1,PROD-009,1,61.97,59.64
ORD-2025-056338,1,PROD-009,3,61.97,185.3
ORD-2025-056339,1,PROD-009,3,61.97,152.02
ORD-2025-056340,1,PROD-009,2,61.97,109.45
ORD-2025-056341,1,PROD-018,1,50.7,44.85
ORD-2025-056341,2,PROD-009,1,61.97,59.57
ORD-2025-056341,3,PROD-007,2,17.18,24.92
ORD-2025-056342,1,PROD-009,1,61.97,57.71
ORD-2025-056342,2,PROD-034,2,9.01,16.83
ORD-2025-056342,3,PROD-007,1,17.18,16.57
ORD-2025-056343,1,PROD-032,2,19.72,23.83
ORD-2025-056344,1,PROD-009,2,61.97,107.21
ORD-2025-056344,2,PROD-006,1,32.39,30.93
ORD-2025-056344,3,PROD-032,3,19.72,56.8
ORD-2025-056345,1,PROD-042,2,73.24,141.5
ORD-2025-056346,1,PROD-009,1,61.97,61.59
ORD-2025-056346,2,PROD-041,2,11.83,21.97
ORD-2025-056347,1,PROD-043,3,107.04,273.53
ORD-2025-056348,1,PROD-004,2,20.28,35.67
ORD-2025-056349,1,PROD-060,1,42.25,35.44
ORD-2025-056350,1,PROD-009,1,61.97,27.89
ORD-2025-056350,2,PROD-057,1,521.13,321.28
ORD-2025-056351,1,PROD-043,2,107.04,174.09
ORD-2025-056352,1,PROD-043,2,107.04,205.8
ORD-2025-056352,2,PROD-018,1,50.7,50.31
ORD-2025-056353,1,PROD-030,1,49.3,47.3
ORD-2025-056353,2,PROD-045,1,72.68,67.39
ORD-2025-056354,1,PROD-018,1,50.7,50.0
ORD-2025-056355,1,PROD-018,2,50.7,97.07
ORD-2025-056356,1,PROD-054,1,59.15,26.62
ORD-2025-056357,1,PROD-009,1,61.97,55.24
ORD-2025-056357,2,PROD-044,1,40.85,35.14
ORD-2025-056357,3,PROD-020,1,10.14,8.28
ORD-2025-056357,4,PROD-034,3,9.01,23.01
ORD-2025-056357,5,PROD-003,1,14.37,12.88
ORD-2025-056358,1,PROD-043,2,107.04,195.03
ORD-2025-056359,1,PROD-009,2,61.97,113.03
ORD-2025-056360,1,PROD-009,1,61.97,55.0
ORD-2025-056360,2,PROD-030,1,49.3,44.85
ORD-2025-056360,3,PROD-044,1,40.85,33.63
ORD-2025-056361,1,PROD-034,2,9.01,16.56
ORD-2025-056362,1,PROD-004,2,20.28,38.08
ORD-2025-056363,1,PROD-029,1,24.79,22.41
ORD-2025-056364,1,PROD-043,1,107.04,101.97
ORD-2025-056364,2,PROD-021,2,15.49,30.37
ORD-2025-056365,1,PROD-053,1,53.52,42.43
ORD-2025-056365,2,PROD-001,1,12.9,12.07
ORD-2025-056366,1,PROD-009,1,61.97,58.67
ORD-2025-056366,2,PROD-001,2,12.9,23.36
ORD-2025-056366,3,PROD-041,1,11.83,11.04
ORD-2025-056367,1,PROD-009,2,61.97,109.28
ORD-2025-056367,2,PROD-010,3,38.03,109.99
ORD-2025-056368,1,PROD-009,3,61.97,182.94
ORD-2025-056369,1,PROD-036,1,11.55,7.89
ORD-2025-056370,1,PROD-002,2,11.9,20.85
ORD-2025-056371,1,PROD-043,1,107.04,103.43
ORD-2025-056371,2,PROD-009,1,61.97,57.79
ORD-2025-056372,1,PROD-030,1,49.3,45.15
ORD-2025-056372,2,PROD-002,1,11.9,11.53
ORD-2025-056373,1,PROD-032,2,19.72,33.73
ORD-2025-056373,2,PROD-009,1,61.97,57.29
ORD-2025-056374,1,PROD-009,1,61.97,53.85
ORD-2025-056375,1,PROD-001,1,12.9,11.61
ORD-2025-056376,1,PROD-009,1,61.97,60.59
ORD-2025-056377,1,PROD-009,1,61.97,54.86
ORD-2025-056378,1,PROD-009,1,61.97,51.04
ORD-2025-056379,1,PROD-009,1,61.97,59.88
ORD-2025-056379,2,PROD-026,1,14.65,14.06
ORD-2025-056380,1,PROD-058,1,39.44,21.29
ORD-2025-056381,1,PROD-018,1,50.7,45.16
ORD-2025-056382,1,PROD-043,2,107.04,204.38
ORD-2025-056382,2,PROD-006,1,32.39,30.96
ORD-2025-056383,1,PROD-030,1,49.3,48.74
ORD-2025-056383,2,PROD-058,1,39.44,38.19
ORD-2025-056384,1,PROD-009,1,61.97,54.27
ORD-2025-056384,2,PROD-043,1,107.04,93.97
ORD-2025-056384,3,PROD-018,1,50.7,30.01
ORD-2025-056385,1,PROD-017,1,12.5,11.86
ORD-2025-056385,2,PROD-043,1,107.04,105.35
ORD-2025-056386,1,PROD-003,1,14.37,14.33
ORD-2025-056386,2,PROD-026,1,14.65,13.67
ORD-2025-056386,3,PROD-043,1,107.04,106.15
ORD-2025-056387,1,PROD-021,2,15.49,28.6
ORD-2025-056388,1,PROD-010,3,38.03,103.0
ORD-2025-056389,1,PROD-018,1,50.7,49.24
ORD-2025-056390,1,PROD-043,1,107.04,103.26
ORD-2025-056390,2,PROD-009,1,61.97,60.5
ORD-2025-056391,1,PROD-006,2,32.39,57.48
ORD-2025-056392,1,PROD-004,2,20.28,36.15
ORD-2025-056393,1,PROD-009,1,61.97,59.83
ORD-2025-056393,2,PROD-043,1,107.04,101.65
ORD-2025-056394,1,PROD-004,1,20.28,18.82
ORD-2025-056395,1,PROD-009,3,61.97,173.92
ORD-2025-056395,2,PROD-015,1,26.76,23.15
ORD-2025-056396,1,PROD-043,2,107.04,160.28
ORD-2025-056397,1,PROD-018,1,50.7,39.05
ORD-2025-056397,2,PROD-030,1,49.3,39.55
ORD-2025-056398,1,PROD-010,1,38.03,35.31
ORD-2025-056398,2,PROD-009,1,61.97,58.55
ORD-2025-056399,1,PROD-010,2,38.03,73.81
ORD-2025-056400,1,PROD-043,2,107.04,193.51
ORD-2025-056401,1,PROD-009,2,61.97,95.36
ORD-2025-056402,1,PROD-035,1,10.14,9.8
ORD-2025-056403,1,PROD-014,3,9.9,23.88
ORD-2025-056404,1,PROD-001,2,12.9,25.54
ORD-2025-056404,2,PROD-012,3,18.5,45.49
ORD-2025-056404,3,PROD-043,1,107.04,99.96
ORD-2025-056405,1,PROD-007,3,17.18,48.53
ORD-2025-056406,1,PROD-006,3,32.39,77.57
ORD-2025-056407,1,PROD-009,1,61.97,51.95
ORD-2025-056408,1,PROD-024,1,8.73,7.72
ORD-2025-056408,2,PROD-019,1,29.58,25.49
ORD-2025-056409,1,PROD-056,1,101.41,78.29
ORD-2025-056410,1,PROD-008,1,9.9,9.07
ORD-2025-056411,1,PROD-009,2,61.97,121.83
ORD-2025-056411,2,PROD-043,1,107.04,105.45
ORD-2025-056412,1,PROD-009,1,61.97,56.25
ORD-2025-056412,2,PROD-038,1,7.89,7.67
ORD-2025-056412,3,PROD-017,1,12.5,11.54
ORD-2025-056413,1,PROD-004,1,20.28,20.14
ORD-2025-056414,1,PROD-008,1,9.9,9.51
ORD-2025-056414,2,PROD-009,1,61.97,56.37
ORD-2025-056414,3,PROD-043,1,107.04,100.87
ORD-2025-056415,1,PROD-008,1,9.9,9.74
ORD-2025-056416,1,PROD-009,1,61.97,49.33
ORD-2025-056416,2,PROD-043,3,107.04,213.61
ORD-2025-056416,3,PROD-039,1,8.17,4.92
ORD-2025-056416,4,PROD-042,1,73.24,44.31
ORD-2025-056417,1,PROD-018,2,50.7,96.42
ORD-2025-056417,2,PROD-004,3,20.28,52.75
ORD-2025-056418,1,PROD-018,1,50.7,43.66
ORD-2025-056419,1,PROD-009,1,61.97,42.89
ORD-2025-056420,1,PROD-009,2,61.97,99.78
ORD-2025-056421,1,PROD-010,1,38.03,32.06
ORD-2025-056422,1,PROD-034,3,9.01,26.32
ORD-2025-056422,2,PROD-003,3,14.37,38.97
ORD-2025-056423,1,PROD-043,3,107.04,292.96
ORD-2025-056423,2,PROD-009,1,61.97,58.64
ORD-2025-056424,1,PROD-009,1,61.97,60.41
ORD-2025-056424,2,PROD-005,2,20.28,33.87
ORD-2025-056424,3,PROD-007,1,17.18,16.84
ORD-2025-056425,1,PROD-055,1,74.65,50.9
ORD-2025-056426,1,PROD-042,1,73.24,68.55
ORD-2025-056427,1,PROD-004,1,20.28,18.35
ORD-2025-056428,1,PROD-034,1,9.01,8.22
ORD-2025-056428,2,PROD-032,1,19.72,17.93
ORD-2025-056429,1,PROD-005,1,20.28,15.21
ORD-2025-056429,2,PROD-009,2,61.97,112.34
ORD-2025-056430,1,PROD-034,2,9.01,17.06
ORD-2025-056431,1,PROD-042,3,73.24,191.42
ORD-2025-056432,1,PROD-025,1,21.97,20.54
ORD-2025-056433,1,PROD-010,1,38.03,34.31
ORD-2025-056433,2,PROD-009,1,61.97,47.43
ORD-2025-056434,1,PROD-001,2,12.9,23.94
ORD-2025-056435,1,PROD-005,3,20.28,58.86
ORD-2025-056435,2,PROD-019,1,29.58,27.66
ORD-2025-056436,1,PROD-058,1,39.44,38.23
ORD-2025-056437,1,PROD-016,2,8.9,8.01
ORD-2025-056438,1,PROD-059,1,52.11,41.28
ORD-2025-056439,1,PROD-010,1,38.03,30.93
ORD-2025-056440,1,PROD-007,2,17.18,30.8
ORD-2025-056441,1,PROD-010,2,38.03,66.4
ORD-2025-056441,2,PROD-043,2,107.04,177.9
ORD-2025-056442,1,PROD-031,1,53.52,51.14
ORD-2025-056443,1,PROD-009,1,61.97,56.16
ORD-2025-056444,1,PROD-016,2,8.9,16.68
ORD-2025-056444,2,PROD-013,1,11.9,10.54
ORD-2025-056445,1,PROD-018,1,50.7,41.58
ORD-2025-056445,2,PROD-004,1,20.28,16.3
ORD-2025-056446,1,PROD-015,1,26.76,23.68
ORD-2025-056446,2,PROD-045,1,72.68,49.77
ORD-2025-056447,1,PROD-009,1,61.97,58.2
ORD-2025-056448,1,PROD-009,2,61.97,119.7
ORD-2025-056448,2,PROD-036,1,11.55,10.79
ORD-2025-056449,1,PROD-056,1,101.41,96.68
ORD-2025-056450,1,PROD-055,1,74.65,54.79
ORD-2025-056451,1,PROD-018,2,50.7,98.76
ORD-2025-056451,2,PROD-043,1,107.04,104.29
ORD-2025-056452,1,PROD-040,3,15.21,30.94
ORD-2025-056452,2,PROD-043,3,107.04,281.43
ORD-2025-056452,3,PROD-031,1,53.52,40.02
ORD-2025-056453,1,PROD-014,1,9.9,9.38
ORD-2025-056454,1,PROD-043,1,107.04,82.89
ORD-2025-056455,1,PROD-009,1,61.97,60.19
ORD-2025-056456,1,PROD-008,1,9.9,9.66
ORD-2025-056456,2,PROD-041,2,11.83,22.42
ORD-2025-056457,1,PROD-019,1,29.58,28.51
ORD-2025-056457,2,PROD-032,1,19.72,15.61
ORD-2025-056457,3,PROD-016,2,8.9,16.84
ORD-2025-056457,4,PROD-004,2,20.28,33.95
ORD-2025-056458,1,PROD-046,1,259.15,245.0
ORD-2025-056459,1,PROD-009,3,61.97,146.4
ORD-2025-056460,1,PROD-009,1,61.97,61.31
ORD-2025-056461,1,PROD-006,1,32.39,20.91
ORD-2025-056461,2,PROD-001,2,12.9,25.24
ORD-2025-056461,3,PROD-043,2,107.04,210.01
ORD-2025-056462,1,PROD-009,2,61.97,118.19
ORD-2025-056462,2,PROD-043,1,107.04,96.35
ORD-2025-056463,1,PROD-014,1,9.9,8.64
ORD-2025-056463,2,PROD-005,1,20.28,18.96
ORD-2025-056463,3,PROD-009,1,61.97,55.19
ORD-2025-056463,4,PROD-040,2,15.21,28.77
ORD-2025-056463,5,PROD-010,1,38.03,29.84
ORD-2025-056464,1,PROD-009,1,61.97,57.3
ORD-2025-056464,2,PROD-005,2,20.28,40.02
ORD-2025-056464,3,PROD-014,1,9.9,9.25
ORD-2025-056464,4,PROD-030,1,49.3,48.1
ORD-2025-056465,1,PROD-003,1,14.37,13.77
ORD-2025-056465,2,PROD-002,1,11.9,11.33
ORD-2025-056466,1,PROD-018,1,50.7,33.88
ORD-2025-056467,1,PROD-043,4,107.04,381.96
ORD-2025-056467,2,PROD-049,1,80.28,77.69
ORD-2025-056468,1,PROD-001,1,12.9,11.91
ORD-2025-056469,1,PROD-009,1,61.97,57.81
ORD-2025-056470,1,PROD-010,3,38.03,113.33
ORD-2025-056471,1,PROD-009,2,61.97,93.93
ORD-2025-056471,2,PROD-023,1,7.89,7.73
ORD-2025-056472,1,PROD-001,1,12.9,11.29
ORD-2025-056472,2,PROD-010,2,38.03,63.09
ORD-2025-056472,3,PROD-018,1,50.7,45.91
ORD-2025-056473,1,PROD-043,1,107.04,94.88
ORD-2025-056474,1,PROD-009,2,61.97,107.8
ORD-2025-056475,1,PROD-037,1,9.86,8.23
ORD-2025-056476,1,PROD-027,1,21.13,14.18
ORD-2025-056476,2,PROD-018,1,50.7,33.14
ORD-2025-056477,1,PROD-052,1,46.48,42.33
ORD-2025-056478,1,PROD-010,1,38.03,35.28
ORD-2025-056479,1,PROD-009,1,61.97,43.86
ORD-2025-056479,2,PROD-043,3,107.04,293.79
ORD-2025-056479,3,PROD-007,1,17.18,16.73
ORD-2025-056480,1,PROD-010,1,38.03,34.65
ORD-2025-056481,1,PROD-018,1,50.7,47.46
ORD-2025-056481,2,PROD-045,1,72.68,67.83
ORD-2025-056482,1,PROD-055,1,74.65,69.97
ORD-2025-056483,1,PROD-009,1,61.97,56.18
ORD-2025-056483,2,PROD-035,2,10.14,19.4
ORD-2025-056484,1,PROD-009,1,61.97,52.25
ORD-2025-056485,1,PROD-043,1,107.04,48.17
ORD-2025-056486,1,PROD-010,1,38.03,36.85
ORD-2025-056486,2,PROD-034,2,9.01,16.41
ORD-2025-056486,3,PROD-031,1,53.52,51.48
ORD-2025-056487,1,PROD-009,1,61.97,59.78
ORD-2025-056487,2,PROD-004,1,20.28,19.8
ORD-2025-056488,1,PROD-042,2,73.24,128.1
ORD-2025-056488,2,PROD-033,1,52.11,43.14
ORD-2025-056489,1,PROD-004,1,20.28,12.7
ORD-2025-056489,2,PROD-030,1,49.3,22.18
ORD-2025-056490,1,PROD-046,1,259.15,230.75
ORD-2025-056490,2,PROD-006,1,32.39,30.29
ORD-2025-056491,1,PROD-004,2,20.28,29.75
ORD-2025-056492,1,PROD-009,1,61.97,60.34
ORD-2025-056493,1,PROD-004,2,20.28,39.76
ORD-2025-056494,1,PROD-043,3,107.04,265.6
ORD-2025-056495,1,PROD-006,1,32.39,25.17
ORD-2025-056496,1,PROD-001,1,12.9,12.76
ORD-2025-056497,1,PROD-028,1,17.18,12.21
ORD-2025-056498,1,PROD-035,3,10.14,28.2
ORD-2025-056498,2,PROD-009,2,61.97,120.0
ORD-2025-056499,1,PROD-012,2,18.5,36.47
ORD-2025-056499,2,PROD-018,2,50.7,82.34
ORD-2025-056499,3,PROD-045,1,72.68,65.7
ORD-2025-056499,4,PROD-034,1,9.01,7.82
ORD-2025-056500,1,PROD-015,2,26.76,51.37
ORD-2025-056501,1,PROD-043,2,107.04,191.39
ORD-2025-056501,2,PROD-019,1,29.58,22.97
ORD-2025-056502,1,PROD-009,1,61.97,61.77
ORD-2025-056502,2,PROD-005,2,20.28,38.26
ORD-2025-056503,1,PROD-041,2,11.83,20.68
ORD-2025-056504,1,PROD-009,2,61.97,108.86
ORD-2025-056505,1,PROD-002,2,11.9,21.83
ORD-2025-056505,2,PROD-043,1,107.04,105.49
ORD-2025-056505,3,PROD-018,2,50.7,98.98
ORD-2025-056506,1,PROD-010,2,38.03,66.58
ORD-2025-056507,1,PROD-009,1,61.97,60.38
ORD-2025-056508,1,PROD-043,3,107.04,220.19
ORD-2025-056509,1,PROD-054,1,59.15,39.93
ORD-2025-056510,1,PROD-003,2,14.37,23.28
ORD-2025-056510,2,PROD-032,2,19.72,37.24
ORD-2025-056511,1,PROD-002,2,11.9,17.11
ORD-2025-056512,1,PROD-016,1,8.9,7.23
ORD-2025-056513,1,PROD-025,1,21.97,19.85
ORD-2025-056514,1,PROD-042,3,73.24,185.07
ORD-2025-056515,1,PROD-043,3,107.04,263.58
ORD-2025-056515,2,PROD-009,1,61.97,57.21
ORD-2025-056516,1,PROD-001,1,12.9,12.66
ORD-2025-056516,2,PROD-010,1,38.03,37.6
ORD-2025-056517,1,PROD-009,1,61.97,59.5
ORD-2025-056517,2,PROD-043,1,107.04,100.44
ORD-2025-056518,1,PROD-043,1,107.04,103.17
ORD-2025-056519,1,PROD-001,1,12.9,9.62
ORD-2025-056520,1,PROD-054,1,59.15,58.19
ORD-2025-056521,1,PROD-018,2,50.7,98.66
ORD-2025-056521,2,PROD-015,1,26.76,26.08
ORD-2025-056521,3,PROD-006,1,32.39,31.65
ORD-2025-056521,4,PROD-033,1,52.11,51.69
ORD-2025-056522,1,PROD-037,1,9.86,9.5
ORD-2025-056523,1,PROD-031,1,53.52,50.61
ORD-2025-056523,2,PROD-043,1,107.04,0.0
ORD-2025-056524,1,PROD-009,2,61.97,85.62
ORD-2025-056524,2,PROD-018,3,50.7,119.38
ORD-2025-056525,1,PROD-043,3,107.04,266.24
ORD-2025-056526,1,PROD-047,1,108.45,95.43
ORD-2025-056526,2,PROD-037,2,9.86,19.33
ORD-2025-056527,1,PROD-008,1,9.9,9.34
ORD-2025-056527,2,PROD-031,1,53.52,50.63
ORD-2025-056528,1,PROD-004,3,20.28,54.21
ORD-2025-056528,2,PROD-001,1,12.9,11.65
ORD-2025-056528,3,PROD-007,1,17.18,15.92
ORD-2025-056529,1,PROD-056,1,101.41,63.58
ORD-2025-056530,1,PROD-004,2,20.28,37.06
ORD-2025-056530,2,PROD-009,1,61.97,52.9
ORD-2025-056531,1,PROD-018,1,50.7,44.24
ORD-2025-056532,1,PROD-009,1,61.97,59.2
ORD-2025-056533,1,PROD-032,1,19.72,8.87
ORD-2025-056534,1,PROD-009,3,61.97,169.72
ORD-2025-056534,2,PROD-001,1,12.9,12.6
ORD-2025-056534,3,PROD-043,3,107.04,306.32
ORD-2025-056535,1,PROD-053,1,53.52,51.58
ORD-2025-056536,1,PROD-058,1,39.44,38.99
ORD-2025-056537,1,PROD-043,2,107.04,199.05
ORD-2025-056537,2,PROD-005,1,20.28,19.87
ORD-2025-056538,1,PROD-007,2,17.18,33.96
ORD-2025-056539,1,PROD-031,1,53.52,52.7
ORD-2025-056540,1,PROD-035,1,10.14,9.3
ORD-2025-056540,2,PROD-010,3,38.03,98.52
ORD-2025-056541,1,PROD-009,3,61.97,168.14
ORD-2025-056541,2,PROD-034,3,9.01,26.28
ORD-2025-056541,3,PROD-006,2,32.39,57.96
ORD-2025-056542,1,PROD-002,3,11.9,34.21
ORD-2025-056543,1,PROD-009,1,61.97,57.19
ORD-2025-056544,1,PROD-031,1,53.52,31.64
ORD-2025-056544,2,PROD-009,1,61.97,47.26
ORD-2025-056545,1,PROD-010,2,38.03,74.29
ORD-2025-056546,1,PROD-009,1,61.97,61.16
ORD-2025-056546,2,PROD-043,2,107.04,198.84
ORD-2025-056547,1,PROD-009,2,61.97,119.58
ORD-2025-056548,1,PROD-003,2,14.37,25.9
ORD-2025-056549,1,PROD-043,2,107.04,195.56
ORD-2025-056549,2,PROD-010,3,38.03,97.95
ORD-2025-056550,1,PROD-006,1,32.39,32.14
ORD-2025-056551,1,PROD-009,1,61.97,53.8
ORD-2025-056551,2,PROD-038,2,7.89,13.05
ORD-2025-056552,1,PROD-040,1,15.21,13.13
ORD-2025-056552,2,PROD-001,1,12.9,11.37
ORD-2025-056552,3,PROD-018,1,50.7,42.17
ORD-2025-056552,4,PROD-009,1,61.97,58.87
ORD-2025-056553,1,PROD-030,1,49.3,43.93
ORD-2025-056554,1,PROD-025,1,21.97,20.36
ORD-2025-056554,2,PROD-009,2,61.97,107.9
ORD-2025-056555,1,PROD-009,1,61.97,27.89
ORD-2025-056555,2,PROD-041,2,11.83,10.65
ORD-2025-056555,3,PROD-042,1,73.24,35.27
ORD-2025-056556,1,PROD-030,1,49.3,43.09
ORD-2025-056557,1,PROD-010,2,38.03,72.95
ORD-2025-056557,2,PROD-034,1,9.01,8.8
ORD-2025-056558,1,PROD-058,1,39.44,24.44
ORD-2025-056559,1,PROD-008,1,9.9,8.18
ORD-2025-056560,1,PROD-009,1,61.97,61.14
ORD-2025-056561,1,PROD-035,2,10.14,19.41
ORD-2025-056562,1,PROD-003,1,14.37,8.75
ORD-2025-056563,1,PROD-018,3,50.7,145.57
ORD-2025-056563,2,PROD-003,3,14.37,37.67
ORD-2025-056563,3,PROD-005,1,20.28,17.59
ORD-2025-056564,1,PROD-043,1,107.04,103.05
ORD-2025-056565,1,PROD-009,1,61.97,60.92
ORD-2025-056566,1,PROD-029,1,24.79,23.74
ORD-2025-056566,2,PROD-014,1,9.9,8.48
ORD-2025-056567,1,PROD-009,2,61.97,79.98
ORD-2025-056567,2,PROD-032,2,19.72,29.69
ORD-2025-056568,1,PROD-018,1,50.7,47.04
ORD-2025-056569,1,PROD-010,2,38.03,72.97
ORD-2025-056570,1,PROD-010,1,38.03,28.22
ORD-2025-056571,1,PROD-005,1,20.28,19.6
ORD-2025-056571,2,PROD-007,1,17.18,15.77
ORD-2025-056572,1,PROD-009,2,61.97,103.28
ORD-2025-056572,2,PROD-047,1,108.45,92.63
ORD-2025-056573,1,PROD-017,3,12.5,33.42
ORD-2025-056573,2,PROD-014,1,9.9,9.0
ORD-2025-056574,1,PROD-008,1,9.9,9.59
ORD-2025-056574,2,PROD-009,1,61.97,58.33
ORD-2025-056575,1,PROD-005,1,20.28,10.9
ORD-2025-056576,1,PROD-043,3,107.04,313.96
ORD-2025-056577,1,PROD-026,1,14.65,10.01
ORD-2025-056577,2,PROD-042,1,73.24,60.55
ORD-2025-056578,1,PROD-054,1,59.15,28.11
ORD-2025-056578,2,PROD-031,1,53.52,48.08
ORD-2025-056579,1,PROD-042,1,73.24,51.4
ORD-2025-056579,2,PROD-039,4,8.17,32.29
ORD-2025-056579,3,PROD-001,1,12.9,10.47
ORD-2025-056580,1,PROD-009,2,61.97,96.02
ORD-2025-056581,1,PROD-004,2,20.28,37.31
ORD-2025-056581,2,PROD-035,3,10.14,27.55
ORD-2025-056581,3,PROD-002,1,11.9,10.78
ORD-2025-056582,1,PROD-009,3,61.97,162.71
ORD-2025-056582,2,PROD-010,2,38.03,65.23
ORD-2025-056583,1,PROD-003,1,14.37,14.2
ORD-2025-056584,1,PROD-005,1,20.28,15.32
ORD-2025-056584,2,PROD-022,2,9.01,15.77
ORD-2025-056585,1,PROD-031,2,53.52,103.06
ORD-2025-056585,2,PROD-030,1,49.3,47.41
ORD-2025-056586,1,PROD-010,2,38.03,
ORD-2025-056586,2,PROD-043,2,107.04,208.02
ORD-2025-056587,1,PROD-030,2,49.3,98.05
ORD-2025-056588,1,PROD-008,1,9.9,6.44
ORD-2025-056589,1,PROD-043,1,107.04,105.69
ORD-2025-056590,1,PROD-043,2,107.04,209.95
ORD-2025-056591,1,PROD-042,2,73.24,133.18
ORD-2025-056592,1,PROD-004,1,20.28,18.41
ORD-2025-056593,1,PROD-005,3,20.28,54.37
ORD-2025-056593,2,PROD-009,1,61.97,57.19
ORD-2025-056594,1,PROD-004,1,20.28,18.52
ORD-2025-056595,1,PROD-020,1,10.14,4.56
ORD-2025-056595,2,PROD-058,1,39.44,23.37
ORD-2025-056596,1,PROD-046,1,259.15,230.31
ORD-2025-056597,1,PROD-009,2,61.97,118.02
ORD-2025-056598,1,PROD-002,1,11.9,11.59
ORD-2025-056599,1,PROD-043,1,107.04,101.81
ORD-2025-056599,2,PROD-005,2,20.28,36.99
ORD-2025-056599,3,PROD-002,3,11.9,34.11
ORD-2025-056600,1,PROD-030,1,49.3,45.12
ORD-2025-056600,2,PROD-043,1,107.04,105.04
ORD-2025-056601,1,PROD-009,1,61.97,47.61
ORD-2025-056602,1,PROD-013,1,11.9,10.9
ORD-2025-056603,1,PROD-056,1,101.41,97.59
ORD-2025-056604,1,PROD-041,2,11.83,19.55
ORD-2025-056605,1,PROD-002,1,11.9,11.51
ORD-2025-056606,1,PROD-007,2,17.18,22.56
ORD-2025-056607,1,PROD-009,1,61.97,59.79
ORD-2025-056608,1,PROD-054,1,59.15,55.8
ORD-2025-056609,1,PROD-006,1,32.39,31.59
ORD-2025-056609,2,PROD-043,2,107.04,176.62
ORD-2025-056610,1,PROD-018,2,50.7,90.37
ORD-2025-056611,1,PROD-043,2,107.04,189.8
ORD-2025-056612,1,PROD-018,1,50.7,47.81
ORD-2025-056613,1,PROD-040,2,15.21,14.89
ORD-2025-056613,2,PROD-056,1,101.41,80.66
ORD-2025-056614,1,PROD-009,1,61.97,49.06
ORD-2025-056615,1,PROD-005,1,20.28,13.34
ORD-2025-056616,1,PROD-055,1,74.65,33.59
ORD-2025-056617,1,PROD-007,2,17.18,33.88
ORD-2025-056618,1,PROD-004,2,20.28,39.11
ORD-2025-056618,2,PROD-035,1,10.14,9.8
ORD-2025-056619,1,PROD-005,1,20.28,17.67
ORD-2025-056619,2,PROD-043,2,107.04,207.02
ORD-2025-056620,1,PROD-054,1,59.15,53.31
ORD-2025-056621,1,PROD-005,1,20.28,19.25
ORD-2025-056621,2,PROD-002,2,11.9,22.83
ORD-2025-056622,1,PROD-043,2,107.04,207.34
ORD-2025-056623,1,PROD-009,1,61.97,53.16
ORD-2025-056623,2,PROD-052,1,46.48,46.24
ORD-2025-056624,1,PROD-018,2,50.7,93.18
ORD-2025-056625,1,PROD-009,2,61.97,118.67
ORD-2025-056625,2,PROD-018,2,50.7,99.87
ORD-2025-056626,1,PROD-009,3,61.97,162.43
ORD-2025-056627,1,PROD-055,1,74.65,33.59
ORD-2025-056628,1,PROD-043,1,107.04,92.05
ORD-2025-056629,1,PROD-043,2,107.04,181.88
ORD-2025-056630,1,PROD-004,1,20.28,20.1
ORD-2025-056630,2,PROD-043,3,107.04,317.46
ORD-2025-056631,1,PROD-003,3,14.37,39.69
ORD-2025-056631,2,PROD-043,1,107.04,104.19
ORD-2025-056632,1,PROD-009,2,61.97,80.13
ORD-2025-056632,2,PROD-036,2,11.55,21.6
ORD-2025-056633,1,PROD-014,2,9.9,17.2
ORD-2025-056633,2,PROD-018,1,50.7,47.96
ORD-2025-056634,1,PROD-030,1,49.3,45.76
ORD-2025-056635,1,PROD-009,3,61.97,171.97
ORD-2025-056636,1,PROD-021,1,15.49,11.78
ORD-2025-056636,2,PROD-051,1,36.06,31.16
ORD-2025-056636,3,PROD-008,2,9.9,15.67
ORD-2025-056637,1,PROD-009,1,61.97,56.57
ORD-2025-056638,1,PROD-009,1,61.97,42.28
ORD-2025-056638,2,PROD-035,2,10.14,19.04
ORD-2025-056638,3,PROD-034,1,9.01,7.46
ORD-2025-056639,1,PROD-054,1,59.15,52.95
ORD-2025-056640,1,PROD-007,1,17.18,16.66
ORD-2025-056640,2,PROD-020,1,10.14,9.35
ORD-2025-056640,3,PROD-031,1,53.52,50.23
ORD-2025-056641,1,PROD-043,2,107.04,201.13
ORD-2025-056641,2,PROD-018,1,50.7,48.58
ORD-2025-056642,1,PROD-009,1,61.97,55.36
ORD-2025-056643,1,PROD-009,2,61.97,84.4
ORD-2025-056643,2,PROD-018,1,50.7,42.8
ORD-2025-056643,3,PROD-015,1,26.76,24.31
ORD-2025-056643,4,PROD-007,2,17.18,33.44
ORD-2025-056644,1,PROD-010,2,38.03,73.37
ORD-2025-056645,1,PROD-009,2,61.97,101.95
ORD-2025-056646,1,PROD-043,1,107.04,84.49
ORD-2025-056647,1,PROD-009,1,61.97,51.65
ORD-2025-056647,2,PROD-043,1,107.04,91.78
ORD-2025-056648,1,PROD-013,2,11.9,22.5
ORD-2025-056649,1,PROD-048,1,55.77,52.09
ORD-2025-056650,1,PROD-009,2,61.97,123.63
ORD-2025-056650,2,PROD-043,2,107.04,198.39
ORD-2025-056651,1,PROD-043,3,107.04,163.61
ORD-2025-056652,1,PROD-019,1,29.58,26.15
ORD-2025-056653,1,PROD-018,2,50.7,67.56
ORD-2025-056654,1,PROD-006,2,32.39,58.89
ORD-2025-056654,2,PROD-010,1,38.03,36.79
ORD-2025-056655,1,PROD-016,1,8.9,8.18
ORD-2025-056656,1,PROD-009,1,61.97,61.42
ORD-2025-056656,2,PROD-005,1,20.28,14.39
ORD-2025-056656,3,PROD-040,2,15.21,27.72
ORD-2025-056656,4,PROD-056,1,101.41,95.45
ORD-2025-056657,1,PROD-005,3,20.28,49.62
ORD-2025-056658,1,PROD-055,1,74.65,65.5
ORD-2025-056659,1,PROD-043,1,107.04,56.2
ORD-2025-056660,1,PROD-009,1,61.97,58.06
ORD-2025-056660,2,PROD-040,1,15.21,13.25
ORD-2025-056661,1,PROD-010,1,38.03,35.36
ORD-2025-056661,2,PROD-011,1,14.9,14.18
ORD-2025-056662,1,PROD-024,1,8.73,8.21
ORD-2025-056662,2,PROD-006,1,32.39,27.17
ORD-2025-056663,1,PROD-022,2,9.01,17.51
ORD-2025-056664,1,PROD-003,2,14.37,27.5
ORD-2025-056665,1,PROD-030,2,49.3,82.81
ORD-2025-056666,1,PROD-042,2,73.24,144.21
ORD-2025-056666,2,PROD-010,2,38.03,72.32
ORD-2025-056666,3,PROD-043,1,107.04,102.32
ORD-2025-056667,1,PROD-032,2,19.72,39.22
ORD-2025-056668,1,PROD-005,1,20.28,18.75
ORD-2025-056668,2,PROD-019,1,29.58,27.39
ORD-2025-056668,3,PROD-013,3,11.9,31.93
ORD-2025-056668,4,PROD-018,2,50.7,97.48
ORD-2025-056669,1,PROD-010,1,38.03,33.13
ORD-2025-056669,2,PROD-043,1,107.04,85.55
ORD-2025-056670,1,PROD-009,1,61.97,52.17
ORD-2025-056670,2,PROD-035,1,10.14,9.63
ORD-2025-056671,1,PROD-039,2,8.17,13.32
ORD-2025-056671,2,PROD-007,3,17.18,47.39
ORD-2025-056672,1,PROD-009,1,61.97,54.85
ORD-2025-056672,2,PROD-004,1,20.28,19.84
ORD-2025-056673,1,PROD-009,1,61.97,59.17
ORD-2025-056674,1,PROD-043,3,107.04,203.4
ORD-2025-056674,2,PROD-002,1,11.9,9.52
ORD-2025-056675,1,PROD-031,2,53.52,93.93
ORD-2025-056675,2,PROD-027,1,21.13,14.99
ORD-2025-056676,1,PROD-003,1,14.37,12.75
ORD-2025-056677,1,PROD-010,1,38.03,37.27
ORD-2025-056678,1,PROD-019,2,29.58,41.33
ORD-2025-056678,2,PROD-032,1,19.72,17.61
ORD-2025-056678,3,PROD-043,2,107.04,196.29
ORD-2025-056678,4,PROD-042,2,73.24,127.0
ORD-2025-056679,1,PROD-009,2,61.97,87.24
ORD-2025-056679,2,PROD-043,3,107.04,297.04
ORD-2025-056680,1,PROD-011,1,14.9,14.65
ORD-2025-056680,2,PROD-009,1,61.97,53.85
ORD-2025-056681,1,PROD-005,3,20.28,60.03
ORD-2025-056682,1,PROD-018,1,50.7,47.45
ORD-2025-056683,1,PROD-018,1,50.7,46.37
ORD-2025-056683,2,PROD-015,1,26.76,24.11
ORD-2025-056683,3,PROD-010,2,38.03,69.53
ORD-2025-056684,1,PROD-009,1,61.97,58.61
ORD-2025-056685,1,PROD-009,1,61.97,59.94
ORD-2025-056685,2,PROD-005,1,20.28,19.91
ORD-2025-056686,1,PROD-006,2,32.39,61.71
ORD-2025-056687,1,PROD-013,2,11.9,22.48
ORD-2025-056688,1,PROD-009,1,61.97,58.93
ORD-2025-056689,1,PROD-021,1,15.49,13.68
ORD-2025-056690,1,PROD-001,2,12.9,25.28
ORD-2025-056691,1,PROD-009,2,61.97,112.33
ORD-2025-056691,2,PROD-042,1,73.24,69.34
ORD-2025-056691,3,PROD-036,1,11.55,8.84
ORD-2025-056692,1,PROD-010,2,38.03,71.41
ORD-2025-056693,1,PROD-005,1,20.28,18.57
ORD-2025-056694,1,PROD-001,1,12.9,12.59
ORD-2025-056694,2,PROD-043,1,107.04,103.19
ORD-2025-056695,1,PROD-035,1,10.14,9.58
ORD-2025-056695,2,PROD-010,1,38.03,35.69
ORD-2025-056695,3,PROD-056,1,101.41,96.85
ORD-2025-056696,1,PROD-043,2,107.04,179.61
ORD-2025-056696,2,PROD-009,1,61.97,50.52
ORD-2025-056697,1,PROD-005,2,20.28,38.03
ORD-2025-056697,2,PROD-009,2,61.97,115.44
ORD-2025-056697,3,PROD-008,3,9.9,28.95
ORD-2025-056698,1,PROD-014,1,9.9,7.53
ORD-2025-056698,2,PROD-009,2,61.97,86.63
ORD-2025-056698,3,PROD-010,1,38.03,33.31
ORD-2025-056699,1,PROD-006,2,32.39,40.15
ORD-2025-056699,2,PROD-009,1,61.97,56.72
ORD-2025-056700,1,PROD-043,3,107.04,144.5
ORD-2025-056701,1,PROD-023,1,7.89,6.14
ORD-2025-056701,2,PROD-043,2,107.04,190.81
ORD-2025-056702,1,PROD-043,3,107.04,284.8
ORD-2025-056703,1,PROD-003,2,14.37,26.32
ORD-2025-056703,2,PROD-001,1,12.9,12.49
ORD-2025-056704,1,PROD-009,1,61.97,59.13
ORD-2025-056704,2,PROD-010,1,38.03,34.27
ORD-2025-056705,1,PROD-010,1,38.03,35.05
ORD-2025-056706,1,PROD-009,1,61.97,52.55
ORD-2025-056706,2,PROD-026,1,14.65,12.66
ORD-2025-056706,3,PROD-025,1,21.97,18.87
ORD-2025-056706,4,PROD-035,2,10.14,18.26
ORD-2025-056706,5,PROD-047,1,108.45,95.74
ORD-2025-056707,1,PROD-015,1,26.76,25.24
ORD-2025-056708,1,PROD-035,2,10.14,19.08
ORD-2025-056709,1,PROD-001,2,12.9,24.49
ORD-2025-056710,1,PROD-009,2,61.97,99.47
ORD-2025-056711,1,PROD-027,1,21.13,18.86
ORD-2025-056712,1,PROD-010,3,38.03,108.7
ORD-2025-056713,1,PROD-009,1,61.97,60.4
ORD-2025-056714,1,PROD-009,2,61.97,111.06
ORD-2025-056715,1,PROD-010,2,38.03,70.15
ORD-2025-056715,2,PROD-009,1,61.97,46.99
ORD-2025-056716,1,PROD-004,1,20.28,20.2
ORD-2025-056717,1,PROD-026,1,14.65,9.38
ORD-2025-056718,1,PROD-038,2,7.89,14.04
ORD-2025-056718,2,PROD-009,1,61.97,61.61
ORD-2025-056718,3,PROD-023,1,7.89,7.24
ORD-2025-056719,1,PROD-007,1,17.18,16.56
ORD-2025-056720,1,PROD-010,2,38.03,-69.91
ORD-2025-056720,2,PROD-025,1,21.97,18.96
ORD-2025-056721,1,PROD-010,1,38.03,36.26
ORD-2025-056722,1,PROD-009,1,61.97,59.74
ORD-2025-056722,2,PROD-043,1,107.04,103.75
ORD-2025-056723,1,PROD-005,1,20.28,18.76
ORD-2025-056724,1,PROD-009,3,61.97,120.36
ORD-2025-056724,2,PROD-017,1,12.5,5.72
ORD-2025-056725,1,PROD-004,2,20.28,31.95
ORD-2025-056725,2,PROD-037,2,9.86,13.29
ORD-2025-056726,1,PROD-010,1,38.03,34.78
ORD-2025-056727,1,PROD-006,3,32.39,82.01
ORD-2025-056727,2,PROD-003,1,14.37,9.13
ORD-2025-056727,3,PROD-009,1,61.97,49.96
ORD-2025-056728,1,PROD-009,2,61.97,113.64
ORD-2025-056729,1,PROD-013,1,11.9,11.2
ORD-2025-056730,1,PROD-043,1,107.04,93.14
ORD-2025-056731,1,PROD-010,2,38.03,69.63
ORD-2025-056732,1,PROD-017,2,12.5,23.38
ORD-2025-056732,2,PROD-009,3,61.97,183.01
ORD-2025-056733,1,PROD-018,2,50.7,94.32
ORD-2025-056733,2,PROD-009,2,61.97,115.64
ORD-2025-056733,3,PROD-007,1,17.18,15.68
ORD-2025-056734,1,PROD-005,1,20.28,17.44
ORD-2025-056735,1,PROD-043,2,107.04,96.34
ORD-2025-056735,2,PROD-051,1,36.06,30.03
ORD-2025-056736,1,PROD-009,1,61.97,47.44
ORD-2025-056736,2,PROD-034,2,9.01,16.4
ORD-2025-056736,3,PROD-006,2,32.39,58.88
ORD-2025-056737,1,PROD-009,2,61.97,112.74
ORD-2025-056737,2,PROD-053,1,53.52,49.74
ORD-2025-056737,3,PROD-043,1,107.04,101.78
ORD-2025-056738,1,PROD-009,1,61.97,55.79
ORD-2025-056739,1,PROD-004,3,20.28,60.02
ORD-2025-056740,1,PROD-043,1,107.04,95.35
ORD-2025-056741,1,PROD-002,2,11.9,21.85
ORD-2025-056742,1,PROD-019,2,29.58,54.38
ORD-2025-056743,1,PROD-019,2,29.58,54.23
ORD-2025-056743,2,PROD-018,1,50.7,45.24
ORD-2025-056743,3,PROD-009,1,61.97,56.0
ORD-2025-056743,4,PROD-006,2,32.39,62.41
ORD-2025-056744,1,PROD-043,1,107.04,99.81
ORD-2025-056745,1,PROD-010,1,38.03,35.58
ORD-2025-056746,1,PROD-008,1,9.9,9.76
ORD-2025-056746,2,PROD-010,1,38.03,31.59
ORD-2025-056747,1,PROD-009,2,61.97,117.33
ORD-2025-056748,1,PROD-009,1,61.97,60.96
ORD-2025-056748,2,PROD-008,1,9.9,9.21
ORD-2025-056749,1,PROD-007,2,17.18,33.22
ORD-2025-056749,2,PROD-009,3,61.97,178.12
ORD-2025-056749,3,PROD-001,2,12.9,25.41
ORD-2025-056749,4,PROD-034,1,9.01,8.77
ORD-2025-056750,1,PROD-029,1,24.79,21.7
ORD-2025-056751,1,PROD-043,2,107.04,195.28
ORD-2025-056751,2,PROD-009,1,61.97,53.36
ORD-2025-056752,1,PROD-004,2,20.28,39.37
ORD-2025-056752,2,PROD-010,3,38.03,104.32
ORD-2025-056753,1,PROD-054,1,59.15,26.62
ORD-2025-056754,1,PROD-009,1,61.97,52.34
ORD-2025-056755,1,PROD-004,3,20.28,59.96
ORD-2025-056756,1,PROD-009,1,61.97,52.35
ORD-2025-056756,2,PROD-004,3,20.28,59.42
ORD-2025-056757,1,PROD-017,2,12.5,22.1
ORD-2025-056757,2,PROD-045,1,72.68,69.63
ORD-2025-056758,1,PROD-009,1,61.97,45.88
ORD-2025-056759,1,PROD-059,1,52.11,50.88
ORD-2025-056760,1,PROD-009,3,61.97,178.4
ORD-2025-056761,1,PROD-027,1,21.13,20.2
ORD-2025-056762,1,PROD-030,1,49.3,45.58
ORD-2025-056762,2,PROD-009,1,61.97,59.96
ORD-2025-056762,3,PROD-003,2,14.37,27.42
ORD-2025-056762,4,PROD-021,1,15.49,14.75
ORD-2025-056763,1,PROD-032,2,19.72,38.71
ORD-2025-056764,1,PROD-032,2,19.72,37.28
ORD-2025-056764,2,PROD-004,1,20.28,18.8
ORD-2025-056765,1,PROD-009,1,61.97,55.49
ORD-2025-056766,1,PROD-009,1,61.97,56.58
ORD-2025-056766,2,PROD-031,2,53.52,86.36
ORD-2025-056766,3,PROD-043,1,107.04,103.63
ORD-2025-056767,1,PROD-009,1,61.97,56.91
ORD-2025-056767,2,PROD-054,1,59.15,54.2
ORD-2025-056767,3,PROD-043,3,107.04,265.34
ORD-2025-056768,1,PROD-009,3,61.97,180.35
ORD-2025-056769,1,PROD-005,3,20.28,51.46
ORD-2025-056770,1,PROD-004,1,20.28,18.44
ORD-2025-056771,1,PROD-009,3,61.97,184.03
ORD-2025-056772,1,PROD-002,3,11.9,34.23
ORD-2025-056772,2,PROD-010,1,38.03,37.56
ORD-2025-056772,3,PROD-031,1,53.52,51.72
ORD-2025-056773,1,PROD-030,1,49.3,22.18
ORD-2025-056773,2,PROD-043,2,107.04,178.95
ORD-2025-056774,1,PROD-006,2,32.39,54.95
ORD-2025-056775,1,PROD-043,1,107.04,66.29
ORD-2025-056776,1,PROD-007,2,17.18,32.58
ORD-2025-056777,1,PROD-019,3,29.58,76.95
ORD-2025-056777,2,PROD-041,1,11.83,8.79
ORD-2025-056778,1,PROD-052,1,46.48,38.9
ORD-2025-056778,2,PROD-030,1,49.3,39.03
ORD-2025-056779,1,PROD-001,1,12.9,12.53
ORD-2025-056780,1,PROD-009,1,61.97,54.32
ORD-2025-056780,2,PROD-004,1,20.28,16.16
ORD-2025-056781,1,PROD-043,3,107.04,317.43
ORD-2025-056782,1,PROD-010,1,38.03,36.19
ORD-2025-056783,1,PROD-009,3,61.97,179.09
ORD-2025-056784,1,PROD-018,2,50.7,79.9
ORD-2025-056785,1,PROD-009,1,61.97,56.26
ORD-2025-056786,1,PROD-013,2,11.9,22.61
ORD-2025-056787,1,PROD-009,1,61.97,44.88
ORD-2025-056787,2,PROD-006,1,32.39,25.73
ORD-2025-056788,1,PROD-047,1,108.45,107.07
ORD-2025-056788,2,PROD-040,4,15.21,54.82
ORD-2025-056789,1,PROD-040,2,15.21,29.53
ORD-2025-056789,2,PROD-008,3,9.9,29.42
ORD-2025-056789,3,PROD-003,2,14.37,28.07
ORD-2025-056789,4,PROD-009,2,61.97,118.21
ORD-2025-056789,5,PROD-001,1,12.9,12.89
ORD-2025-056790,1,PROD-010,2,38.03,65.03
ORD-2025-056791,1,PROD-006,1,32.39,31.48
ORD-2025-056792,1,PROD-043,3,107.04,245.3
ORD-2025-056793,1,PROD-018,1,50.7,28.43
ORD-2025-056793,2,PROD-009,2,61.97,55.77
ORD-2025-056794,1,PROD-010,1,38.03,37.29
ORD-2025-056794,2,PROD-043,2,107.04,185.93
ORD-2025-056795,1,PROD-009,3,61.97,150.44
ORD-2025-056796,1,PROD-042,2,73.24,143.62
ORD-2025-056796,2,PROD-010,1,38.03,36.25
ORD-2025-056796,3,PROD-037,3,9.86,28.62
ORD-2025-056797,1,PROD-060,1,42.25,23.3
ORD-2025-056798,1,PROD-054,1,59.15,57.01
ORD-2025-056799,1,PROD-003,3,14.37,39.67
ORD-2025-056799,2,PROD-009,1,61.97,59.5
ORD-2025-056799,3,PROD-006,2,32.39,51.89
ORD-2025-056800,1,PROD-039,2,8.17,16.26
ORD-2025-056801,1,PROD-001,2,12.9,25.21
ORD-2025-056802,1,PROD-010,2,38.03,72.2
ORD-2025-056803,1,PROD-036,4,11.55,35.74
ORD-2025-056804,1,PROD-030,1,49.3,45.83
ORD-2025-056804,2,PROD-056,1,101.41,81.09
ORD-2025-056805,1,PROD-013,1,11.9,11.6
ORD-2025-056806,1,PROD-018,3,50.7,148.13
ORD-2025-056807,1,PROD-009,2,61.97,112.77
ORD-2025-056807,2,PROD-020,1,10.14,5.67
ORD-2025-056808,1,PROD-006,3,32.39,90.0
ORD-2025-056808,2,PROD-043,3,107.04,270.19
ORD-2025-056809,1,PROD-002,2,11.9,23.6
ORD-2025-056809,2,PROD-043,2,107.04,210.08
ORD-2025-056810,1,PROD-009,1,61.97,27.89
ORD-2025-056810,2,PROD-010,1,38.03,17.11
ORD-2025-056811,1,PROD-021,1,15.49,12.18
ORD-2025-056812,1,PROD-007,1,17.18,16.9
ORD-2025-056812,2,PROD-006,1,32.39,32.35
ORD-2025-056812,3,PROD-018,1,50.7,49.31
ORD-2025-056813,1,PROD-038,1,7.89,7.64
ORD-2025-056814,1,PROD-010,1,38.03,35.77
ORD-2025-056815,1,PROD-009,1,61.97,57.49
ORD-2025-056816,1,PROD-009,1,61.97,53.35
ORD-2025-056816,2,PROD-041,1,11.83,10.83
ORD-2025-056816,3,PROD-035,1,10.14,9.14
ORD-2025-056816,4,PROD-003,3,14.37,40.17
ORD-2025-056817,1,PROD-009,1,61.97,60.09
ORD-2025-056817,2,PROD-035,3,10.14,27.24
ORD-2025-056817,3,PROD-010,2,38.03,70.42
ORD-2025-056818,1,PROD-024,1,8.73,8.19
ORD-2025-056819,1,PROD-018,1,50.7,37.47
ORD-2025-056819,2,PROD-017,1,12.5,11.0
ORD-2025-056819,3,PROD-006,1,32.39,28.94
ORD-2025-056820,1,PROD-030,1,49.3,46.6
ORD-2025-056820,2,PROD-009,2,61.97,121.05
ORD-2025-056820,3,PROD-043,3,107.04,291.87
ORD-2025-056821,1,PROD-002,2,11.9,19.51
ORD-2025-056822,1,PROD-001,2,12.9,25.63
ORD-2025-056823,1,PROD-001,2,12.9,23.89
ORD-2025-056823,2,PROD-043,2,107.04,202.82
ORD-2025-056823,3,PROD-042,1,73.24,68.29
ORD-2025-056823,4,PROD-018,1,50.7,48.02
ORD-2025-056823,5,PROD-035,4,10.14,40.06
ORD-2025-056824,1,PROD-010,1,38.03,35.83
ORD-2025-056825,1,PROD-010,1,38.03,34.19
ORD-2025-056826,1,PROD-028,1,17.18,15.01
ORD-2025-056826,2,PROD-024,1,8.73,5.71
ORD-2025-056826,3,PROD-059,1,52.11,35.98
ORD-2025-056827,1,PROD-001,3,12.9,31.46
ORD-2025-056828,1,PROD-043,2,107.04,206.24
ORD-2025-056828,2,PROD-035,1,10.14,9.67
ORD-2025-056829,1,PROD-009,1,61.97,54.22
ORD-2025-056829,2,PROD-021,1,15.49,14.99
ORD-2025-056829,3,PROD-034,1,9.01,8.43
ORD-2025-056830,1,PROD-038,1,7.89,6.92
ORD-2025-056830,2,PROD-006,1,32.39,26.47
ORD-2025-056831,1,PROD-018,1,50.7,49.79
ORD-2025-056832,1,PROD-018,1,50.7,43.04
ORD-2025-056833,1,PROD-009,1,61.97,55.82
ORD-2025-056834,1,PROD-033,3,52.11,85.72
ORD-2025-056834,2,PROD-043,1,107.04,94.88
ORD-2025-056835,1,PROD-017,3,12.5,31.07
ORD-2025-056836,1,PROD-043,1,107.04,95.11
ORD-2025-056837,1,PROD-009,2,61.97,99.55
ORD-2025-056838,1,PROD-058,1,39.44,34.89
ORD-2025-056839,1,PROD-032,1,19.72,18.54
ORD-2025-056839,2,PROD-005,2,20.28,39.14
ORD-2025-056839,3,PROD-009,1,61.97,49.54
ORD-2025-056839,4,PROD-002,3,11.9,35.36
ORD-2025-056839,5,PROD-040,1,15.21,14.44
ORD-2025-056840,1,PROD-009,1,61.97,32.25
ORD-2025-056841,1,PROD-009,3,61.97,116.51
ORD-2025-056841,2,PROD-010,1,38.03,34.41
ORD-2025-056842,1,PROD-003,2,14.37,27.01
ORD-2025-056843,1,PROD-003,2,14.37,26.69
ORD-2025-056843,2,PROD-001,1,12.9,10.54
ORD-2025-056844,1,PROD-022,2,9.01,16.57
ORD-2025-056844,2,PROD-026,1,14.65,13.95
ORD-2025-056845,1,PROD-043,2,107.04,188.2
ORD-2025-056845,2,PROD-009,3,61.97,176.47
ORD-2025-056846,1,PROD-043,1,107.04,102.63
ORD-2025-056847,1,PROD-009,3,61.97,179.09
ORD-2025-056848,1,PROD-043,1,107.04,84.34
ORD-2025-056849,1,PROD-055,1,74.65,73.87
ORD-2025-056850,1,PROD-043,2,107.04,204.4
ORD-2025-056850,2,PROD-018,1,50.7,48.84
ORD-2025-056851,1,PROD-005,2,20.28,31.09
ORD-2025-056852,1,PROD-009,1,61.97,61.54
ORD-2025-056853,1,PROD-009,1,61.97,44.05
ORD-2025-056854,1,PROD-043,2,107.04,147.95
ORD-2025-056855,1,PROD-009,2,61.97,120.84
ORD-2025-056856,1,PROD-010,1,38.03,36.94
ORD-2025-056857,1,PROD-010,1,38.03,37.6
ORD-2025-056858,1,PROD-043,2,107.04,200.79
ORD-2025-056859,1,PROD-019,1,29.58,29.24
ORD-2025-056860,1,PROD-036,2,11.55,20.04
ORD-2025-056861,1,PROD-014,1,9.9,9.43
ORD-2025-056862,1,PROD-055,1,74.65,72.26
ORD-2025-056863,1,PROD-009,1,61.97,52.01
ORD-2025-056863,2,PROD-004,1,20.28,18.32
ORD-2025-056864,1,PROD-009,2,61.97,114.63
ORD-2025-056865,1,PROD-009,2,61.97,123.79
ORD-2025-056866,1,PROD-013,1,11.9,11.52
ORD-2025-056867,1,PROD-009,1,61.97,59.79
ORD-2025-056867,2,PROD-002,1,11.9,11.38
ORD-2025-056867,3,PROD-010,1,38.03,33.34
ORD-2025-056868,1,PROD-007,1,17.18,17.06
ORD-2025-056869,1,PROD-010,1,38.03,37.86
ORD-2025-056869,2,PROD-055,1,74.65,72.16
ORD-2025-056870,1,PROD-019,2,29.58,55.44
ORD-2025-056870,2,PROD-009,1,61.97,61.2
ORD-2025-056871,1,PROD-030,1,49.3,32.85
ORD-2025-056871,2,PROD-018,2,50.7,92.8
ORD-2025-056872,1,PROD-007,1,17.18,12.43
ORD-2025-056873,1,PROD-034,1,9.01,8.45
ORD-2025-056874,1,PROD-009,2,61.97,120.06
ORD-2025-056874,2,PROD-018,1,50.7,47.68
ORD-2025-056874,3,PROD-056,1,101.41,93.36
ORD-2025-056875,1,PROD-010,1,38.03,33.58
ORD-2025-056875,2,PROD-033,1,52.11,39.39
ORD-2025-056875,3,PROD-009,1,61.97,50.03
ORD-2025-056876,1,PROD-009,1,61.97,56.57
ORD-2025-056876,2,PROD-004,1,20.28,16.33
ORD-2025-056876,3,PROD-035,1,10.14,9.11
ORD-2025-056877,1,PROD-001,2,12.9,23.26
ORD-2025-056878,1,PROD-009,1,61.97,54.47
ORD-2025-056878,2,PROD-003,1,14.37,12.27
ORD-2025-056879,1,PROD-048,1,55.77,54.12
ORD-2025-056879,2,PROD-018,1,50.7,49.57
ORD-2025-056880,1,PROD-009,1,61.97,58.13
ORD-2025-056880,2,PROD-027,1,21.13,20.19
ORD-2025-056881,1,PROD-054,1,59.15,46.15
ORD-2025-056882,1,PROD-009,1,61.97,50.2
ORD-2025-056882,2,PROD-019,2,29.58,53.76
ORD-2025-056882,3,PROD-043,1,107.04,103.1
ORD-2025-056883,1,PROD-043,2,107.04,146.05
ORD-2025-056883,2,PROD-059,1,52.11,40.51
ORD-2025-056884,1,PROD-009,2,61.97,115.92
ORD-2025-056884,2,PROD-001,2,12.9,22.77
ORD-2025-056884,3,PROD-043,3,107.04,312.22
ORD-2025-056885,1,PROD-009,1,61.97,54.75
ORD-2025-056885,2,PROD-042,4,73.24,255.78
ORD-2025-056885,3,PROD-031,2,53.52,76.26
ORD-2025-056886,1,PROD-001,1,12.9,11.52
ORD-2025-056886,2,PROD-009,2,61.97,114.46
ORD-2025-056887,1,PROD-030,1,49.3,22.18
ORD-2025-056888,1,PROD-010,1,38.03,36.87
ORD-2025-056888,2,PROD-009,3,61.97,170.09
ORD-2025-056889,1,PROD-010,2,38.03,73.68
ORD-2025-056889,2,PROD-018,1,50.7,47.44
ORD-2025-056889,3,PROD-001,1,12.9,10.68
ORD-2025-056889,4,PROD-009,1,61.97,58.44
ORD-2025-056890,1,PROD-010,1,38.03,35.22
ORD-2025-056891,1,PROD-009,1,61.97,52.98
ORD-2025-056892,1,PROD-010,3,38.03,109.29
ORD-2025-056892,2,PROD-009,1,61.97,60.85
ORD-2025-056893,1,PROD-009,1,61.97,58.91
ORD-2025-056893,2,PROD-010,1,38.03,34.79
ORD-2025-056894,1,PROD-031,1,53.52,52.3
ORD-2025-056895,1,PROD-030,1,49.3,45.05
ORD-2025-056896,1,PROD-029,1,24.79,23.44
ORD-2025-056896,2,PROD-032,1,19.72,18.65
ORD-2025-056897,1,PROD-032,1,19.72,19.12
ORD-2025-056898,1,PROD-030,1,49.3,45.78
ORD-2025-056899,1,PROD-004,1,20.28,16.74
ORD-2025-056900,1,PROD-023,1,7.89,6.42
ORD-2025-056900,2,PROD-005,2,20.28,38.43
ORD-2025-056901,1,PROD-043,2,107.04,204.08
ORD-2025-056901,2,PROD-009,1,61.97,50.79
ORD-2025-056902,1,PROD-042,1,73.24,70.77
ORD-2025-056902,2,PROD-006,1,32.39,28.94
ORD-2025-056903,1,PROD-003,2,14.37,27.0
ORD-2025-056904,1,PROD-019,1,29.58,28.06
ORD-2025-056905,1,PROD-007,2,17.18,32.86
ORD-2025-056906,1,PROD-007,1,17.18,16.06
ORD-2025-056907,1,PROD-024,1,8.73,8.32
ORD-2025-056908,1,PROD-043,3,107.04,306.77
ORD-2025-056909,1,PROD-009,3,61.97,174.05
ORD-2025-056910,1,PROD-024,2,8.73,16.19
ORD-2025-056910,2,PROD-010,1,38.03,37.8
ORD-2025-056910,3,PROD-042,2,73.24,135.14
ORD-2025-056910,4,PROD-029,1,24.79,21.84
ORD-2025-056910,5,PROD-043,2,107.04,191.82
ORD-2025-056911,1,PROD-019,2,29.58,52.98
ORD-2025-056912,1,PROD-034,4,9.01,31.92
ORD-2025-056913,1,PROD-009,1,61.97,59.77
ORD-2025-056913,2,PROD-002,2,11.9,22.39
ORD-2025-056913,3,PROD-042,1,73.24,66.6
ORD-2025-056914,1,PROD-009,1,61.97,56.55
ORD-2025-056915,1,PROD-027,1,21.13,17.76
ORD-2025-056915,2,PROD-009,1,61.97,59.96
ORD-2025-056916,1,PROD-010,1,38.03,29.86
ORD-2025-056917,1,PROD-032,2,19.72,37.74
ORD-2025-056918,1,PROD-009,2,61.97,114.33
ORD-2025-056919,1,PROD-010,3,38.03,112.54
ORD-2025-056919,2,PROD-002,2,11.9,22.96
ORD-2025-056920,1,PROD-007,2,17.18,33.45
ORD-2025-056920,2,PROD-009,2,61.97,116.37
ORD-2025-056920,3,PROD-020,1,10.14,8.89
ORD-2025-056920,4,PROD-042,1,73.24,65.33
ORD-2025-056921,1,PROD-019,3,29.58,76.2
ORD-2025-056921,2,PROD-042,2,73.24,125.87
ORD-2025-056922,1,PROD-004,1,20.28,17.94
ORD-2025-056923,1,PROD-026,1,14.65,12.33
ORD-2025-056924,1,PROD-054,1,59.15,42.64
ORD-2025-056925,1,PROD-039,2,8.17,14.47
ORD-2025-056926,1,PROD-040,4,15.21,39.28
ORD-2025-056927,1,PROD-004,3,20.28,58.89
ORD-2025-056928,1,PROD-043,1,107.04,48.17
ORD-2025-056928,2,PROD-023,1,7.89,7.1
ORD-2025-056929,1,PROD-002,1,11.9,10.92
ORD-2025-056930,1,PROD-009,3,61.97,147.97
ORD-2025-056931,1,PROD-048,1,55.77,55.68
ORD-2025-056932,1,PROD-043,2,107.04,205.88
ORD-2025-056933,1,PROD-009,1,61.97,60.94
ORD-2025-056934,1,PROD-038,2,7.89,12.64
ORD-2025-056935,1,PROD-009,2,61.97,117.85
ORD-2025-056936,1,PROD-018,3,50.7,129.95
ORD-2025-056937,1,PROD-003,2,14.37,26.89
 ORD-2025-056938 ,1,PROD-015,1,26.76,23.74
ORD-2025-056939,1,PROD-009,3,61.97,163.62
ORD-2025-056940,1,PROD-040,2,15.21,13.69
ORD-2025-056940,2,PROD-019,2,29.58,38.61
ORD-2025-056941,1,PROD-009,2,61.97,123.11
ORD-2025-056941,2,PROD-030,1,49.3,46.52
ORD-2025-056941,3,PROD-041,1,11.83,10.98
ORD-2025-056941,4,PROD-002,1,11.9,11.34
ORD-2025-056942,1,PROD-002,1,11.9,10.58
ORD-2025-056943,1,PROD-009,2,61.97,113.34
ORD-2025-056943,2,PROD-021,2,15.49,22.52
ORD-2025-056943,3,PROD-007,2,17.18,33.82
ORD-2025-056944,1,PROD-010,1,38.03,37.53
ORD-2025-056945,1,PROD-009,1,61.97,39.94
ORD-2025-056946,1,PROD-004,2,20.28,38.38
ORD-2025-056947,1,PROD-028,1,17.18,16.59
ORD-2025-056948,1,PROD-002,1,11.9,11.65
ORD-2025-056949,1,PROD-009,2,61.97,100.64
ORD-2025-056950,1,PROD-009,1,61.97,61.49
ORD-2025-056951,1,PROD-035,2,10.14,20.02
ORD-2025-056951,2,PROD-008,1,9.9,9.03
ORD-2025-056952,1,PROD-018,2,50.7,100.72
ORD-2025-056952,2,PROD-043,1,107.04,99.4
ORD-2025-056952,3,PROD-006,1,32.39,31.78
ORD-2025-056953,1,PROD-010,1,38.03,36.89
ORD-2025-056953,2,PROD-049,1,80.28,63.58
ORD-2025-056953,3,PROD-009,1,61.97,48.37
ORD-2025-056954,1,PROD-003,3,14.37,41.3
ORD-2025-056955,1,PROD-006,1,32.39,30.5
ORD-2025-056955,2,PROD-042,1,73.24,66.88
ORD-2025-056955,3,PROD-014,1,9.9,9.27
ORD-2025-056956,1,PROD-048,1,55.77,50.95
ORD-2025-056957,1,PROD-027,1,21.13,10.63
ORD-2025-056958,1,PROD-009,3,61.97,183.03
ORD-2025-056959,1,PROD-030,1,49.3,28.93
ORD-2025-056960,1,PROD-005,2,20.28,37.86
ORD-2025-056960,2,PROD-003,2,14.37,26.49
ORD-2025-056961,1,PROD-055,1,74.65,64.35
ORD-2025-056962,1,PROD-034,1,9.01,6.41
ORD-2025-056963,1,PROD-041,3,11.83,33.83
ORD-2025-056964,1,PROD-031,1,53.52,26.5
ORD-2025-056965,1,PROD-009,1,61.97,54.27
ORD-2025-056966,1,PROD-045,1,72.68,57.67
ORD-2025-056966,2,PROD-018,1,50.7,33.84
ORD-2025-056967,1,PROD-005,1,20.28,9.83
ORD-2025-056967,2,PROD-018,3,50.7,120.02
ORD-2025-056968,1,PROD-043,4,107.04,412.45
ORD-2025-056969,1,PROD-005,1,20.28,19.72
ORD-2025-056970,1,PROD-030,2,49.3,76.79
ORD-2025-056971,1,PROD-002,2,11.9,22.7
ORD-2025-056972,1,PROD-008,2,9.9,13.65
ORD-2025-056973,1,PROD-038,1,7.89,7.72
ORD-2025-056974,1,PROD-043,1,107.04,103.97
ORD-2025-056974,2,PROD-002,1,11.9,10.68
ORD-2025-056975,1,PROD-043,1,107.04,84.25
ORD-2025-056975,2,PROD-034,2,9.01,13.78
ORD-2025-056976,1,PROD-059,1,52.11,37.22
ORD-2025-056977,1,PROD-001,1,12.9,12.6
ORD-2025-056978,1,PROD-032,1,19.72,19.35
ORD-2025-056978,2,PROD-009,1,61.97,60.7
ORD-2025-056978,3,PROD-043,3,107.04,294.43
ORD-2025-056979,1,PROD-051,1,36.06,27.94
ORD-2025-056980,1,PROD-054,1,59.15,55.0
ORD-2025-056981,1,PROD-018,1,50.7,37.68
ORD-2025-056981,2,PROD-034,4,9.01,34.92
ORD-2025-056982,1,PROD-010,2,38.03,75.36
ORD-2025-056982,2,PROD-006,1,32.39,31.25
ORD-2025-056983,1,PROD-056,1,101.41,96.84
ORD-2025-056984,1,PROD-009,1,61.97,59.72
ORD-2025-056985,1,PROD-009,1,61.97,57.87
ORD-2025-056986,1,PROD-054,1,59.15,36.45
ORD-2025-056987,1,PROD-001,3,12.9,32.04
ORD-2025-056988,1,PROD-004,1,20.28,17.06
ORD-2025-056989,1,PROD-009,1,61.97,61.0
ORD-2025-056989,2,PROD-003,1,14.37,14.23
ORD-2025-056989,3,PROD-035,2,10.14,19.86
ORD-2025-056990,1,PROD-009,2,61.97,115.0
ORD-2025-056990,2,PROD-018,2,50.7,92.93
ORD-2025-056990,3,PROD-004,1,20.28,20.22
ORD-2025-056990,4,PROD-034,1,9.01,8.89
ORD-2025-056990,5,PROD-012,2,18.5,35.51
ORD-2025-056991,1,PROD-018,1,50.7,49.47
ORD-2025-056992,1,PROD-059,1,52.11,34.18
ORD-2025-056993,1,PROD-004,2,20.28,40.24
ORD-2025-056994,1,PROD-009,3,61.97,174.29
ORD-2025-056994,2,PROD-001,2,12.9,24.13
ORD-2025-056994,3,PROD-011,1,14.9,12.88
ORD-2025-056994,4,PROD-010,2,38.03,72.51
ORD-2025-056995,1,PROD-043,3,107.04,282.17
ORD-2025-056996,1,PROD-037,1,9.86,9.7
ORD-2025-056997,1,PROD-009,2,61.97,114.51
ORD-2025-056998,1,PROD-015,2,26.76,51.34
ORD-2025-056998,2,PROD-009,2,61.97,106.19
ORD-2025-056999,1,PROD-009,3,61.97,170.8
ORD-2025-056999,2,PROD-010,1,38.03,36.26
ORD-2025-056999,3,PROD-035,1,10.14,9.3
ORD-2025-056999,4,PROD-011,1,14.9,14.05
ORD-2025-057000,1,PROD-001,1,12.9,12.2
ORD-2025-057000,2,PROD-009,1,61.97,61.26
ORD-2025-057000,3,PROD-026,1,14.65,14.45
ORD-2025-057000,4,PROD-054,1,59.15,57.71
ORD-2025-057000,5,PROD-038,1,7.89,7.83
ORD-2025-057001,1,PROD-010,1,38.03,37.63
ORD-2025-057002,1,PROD-009,2,61.97,114.73
ORD-2025-057002,2,PROD-036,1,11.55,10.75
ORD-2025-057003,1,PROD-009,1,61.97,49.11
ORD-2025-057003,2,PROD-018,2,50.7,98.34
ORD-2025-057004,1,PROD-039,3,8.17,23.92
ORD-2025-057004,2,PROD-033,1,52.11,51.2
ORD-2025-057005,1,PROD-043,3,107.04,212.1
ORD-2025-057006,1,PROD-018,2,50.7,91.5
ORD-2025-057007,1,PROD-056,1,101.41,91.52
ORD-2025-057008,1,PROD-059,1,52.11,30.83
ORD-2025-057009,1,PROD-023,1,7.89,4.94
ORD-2025-057009,2,PROD-010,1,38.03,22.89
ORD-2025-057010,1,PROD-017,1,12.5,11.24
ORD-2025-057011,1,PROD-037,3,9.86,28.15
ORD-2025-057011,2,PROD-009,2,61.97,110.23
ORD-2025-057012,1,PROD-043,3,107.04,283.71
ORD-2025-057012,2,PROD-009,1,61.97,52.23
ORD-2025-057013,1,PROD-032,2,19.72,33.46
ORD-2025-057013,2,PROD-008,1,9.9,9.32
ORD-2025-057014,1,PROD-001,1,12.9,12.04
ORD-2025-057015,1,PROD-018,1,50.7,49.06
ORD-2025-057015,2,PROD-004,1,20.28,19.8
ORD-2025-057015,3,PROD-042,3,73.24,217.35
ORD-2025-057016,1,PROD-043,3,107.04,295.66
ORD-2025-057017,1,PROD-012,2,18.5,36.8
ORD-2025-057018,1,PROD-009,2,61.97,111.19
ORD-2025-057019,1,PROD-010,1,38.03,32.19
ORD-2025-057020,1,PROD-010,1,38.03,33.39
ORD-2025-057021,1,PROD-009,2,61.97,55.77
ORD-2025-057022,1,PROD-043,1,107.04,90.21
ORD-2025-057023,1,PROD-038,2,7.89,11.96
ORD-2025-057024,1,PROD-009,1,61.97,49.96
ORD-2025-057025,1,PROD-009,2,61.97,117.79
ORD-2025-057025,2,PROD-012,1,18.5,17.4
ORD-2025-057025,3,PROD-033,1,52.11,50.36
ORD-2025-057025,4,PROD-049,2,80.28,158.78
ORD-2025-057025,5,PROD-035,1,10.14,9.69
ORD-2025-057026,1,PROD-005,1,20.28,18.02
ORD-2025-057027,1,PROD-030,1,49.3,46.55
ORD-2025-057027,2,PROD-009,1,61.97,52.53
ORD-2025-057027,3,PROD-008,2,9.9,19.09
ORD-2025-057028,1,PROD-043,3,107.04,300.09
ORD-2025-057029,1,PROD-001,2,12.9,19.38
ORD-2025-057029,2,PROD-053,1,53.52,51.91
ORD-2025-057030,1,PROD-005,1,20.28,15.4
ORD-2025-057030,2,PROD-004,1,20.28,18.05
ORD-2025-057030,3,PROD-040,2,15.21,27.78
ORD-2025-057031,1,PROD-043,2,107.04,208.32
ORD-2025-057032,1,PROD-009,2,61.97,114.76
ORD-2025-057033,1,PROD-048,1,55.77,50.64
ORD-2025-057033,2,PROD-043,1,107.04,92.24
ORD-2025-057034,1,PROD-030,1,49.3,42.5
ORD-2025-057035,1,PROD-009,2,61.97,115.39
ORD-2025-057036,1,PROD-010,1,38.03,19.86
ORD-2025-057036,2,PROD-018,1,50.7,47.44
ORD-2025-057037,1,PROD-004,2,20.28,39.85
ORD-2025-057038,1,PROD-059,1,52.11,46.09
ORD-2025-057039,1,PROD-009,2,61.97,118.87
ORD-2025-057040,1,PROD-003,2,14.37,22.28
ORD-2025-057041,1,PROD-054,1,59.15,50.21
ORD-2025-057042,1,PROD-027,1,21.13,18.97
ORD-2025-057043,1,PROD-032,3,19.72,55.26
ORD-2025-057044,1,PROD-003,2,14.37,22.25
ORD-2025-057045,1,PROD-006,2,32.39,63.32
ORD-2025-057046,1,PROD-010,3,38.03,110.91
ORD-2025-057047,1,PROD-001,1,12.9,10.9
ORD-2025-057048,1,PROD-043,1,107.04,103.99
ORD-2025-057049,1,PROD-055,1,74.65,69.23
ORD-2025-057050,1,PROD-009,1,61.97,50.83
ORD-2025-057051,1,PROD-043,1,107.04,89.87
ORD-2025-057052,1,PROD-009,1,61.97,53.55
ORD-2025-057053,1,PROD-043,4,107.04,361.37
ORD-2025-057054,1,PROD-024,1,8.73,7.99
ORD-2025-057055,1,PROD-043,2,107.04,199.48
ORD-2025-057055,2,PROD-009,1,61.97,54.92
ORD-2025-057056,1,PROD-006,1,32.39,28.71
ORD-2025-057057,1,PROD-007,1,17.18,16.32
ORD-2025-057057,2,PROD-035,1,10.14,8.12
ORD-2025-057058,1,PROD-007,3,17.18,43.75
ORD-2025-057059,1,PROD-009,1,61.97,50.33
ORD-2025-057060,1,PROD-043,1,107.04,57.57
ORD-2025-057060,2,PROD-020,1,10.14,7.31
ORD-2025-057061,1,PROD-043,1,107.04,84.18
ORD-2025-057061,2,PROD-034,1,9.01,8.58
ORD-2025-057062,1,PROD-004,1,20.28,16.12
ORD-2025-057063,1,PROD-009,1,61.97,58.52
ORD-2025-057063,2,PROD-043,1,107.04,94.1
ORD-2025-057064,1,PROD-010,1,38.03,29.83
ORD-2025-057065,1,PROD-038,1,7.89,6.72
ORD-2025-057066,1,PROD-010,3,38.03,87.99
ORD-2025-057066,2,PROD-009,1,61.97,54.3
ORD-2025-057067,1,PROD-010,1,38.03,37.38
ORD-2025-057068,1,PROD-031,1,53.52,52.1
ORD-2025-057068,2,PROD-023,1,7.89,7.76
ORD-2025-057069,1,PROD-032,2,19.72,37.36
ORD-2025-057069,2,PROD-007,1,17.18,15.56
ORD-2025-057070,1,PROD-018,1,50.7,50.38
ORD-2025-057070,2,PROD-039,4,8.17,32.55
ORD-2025-057070,3,PROD-010,1,38.03,37.05
ORD-2025-057070,4,PROD-009,2,61.97,123.31
ORD-2025-057070,5,PROD-043,2,107.04,212.75
 ORD-2025-057071 ,1,PROD-055,1,74.65,68.49
ORD-2025-057072,1,PROD-005,1,20.28,13.88
ORD-2025-057072,2,PROD-030,1,49.3,33.45
ORD-2025-057073,1,PROD-009,1,61.97,58.0
ORD-2025-057074,1,PROD-009,2,61.97,118.5
ORD-2025-057074,2,PROD-052,1,46.48,44.81
ORD-2025-057074,3,PROD-010,1,38.03,35.12
ORD-2025-057074,4,PROD-043,1,107.04,104.0
ORD-2025-057075,1,PROD-009,1,61.97,54.65
ORD-2025-057076,1,PROD-042,1,73.24,60.64
ORD-2025-057077,1,PROD-043,2,107.04,174.39
ORD-2025-057078,1,PROD-027,1,21.13,20.14
ORD-2025-057078,2,PROD-022,2,9.01,16.37
ORD-2025-057078,3,PROD-030,2,49.3,90.18
ORD-2025-057079,1,PROD-009,1,61.97,58.66
ORD-2025-057079,2,PROD-043,1,107.04,98.61
ORD-2025-057080,1,PROD-010,1,38.03,35.76
ORD-2025-057081,1,PROD-018,1,50.7,31.47
ORD-2025-057082,1,PROD-043,1,107.04,100.86
ORD-2025-057082,2,PROD-007,1,17.18,17.02
ORD-2025-057083,1,PROD-018,1,50.7,46.05
ORD-2025-057084,1,PROD-034,1,9.01,7.9
ORD-2025-057084,2,PROD-010,1,38.03,33.63
ORD-2025-057084,3,PROD-002,1,11.9,11.03
ORD-2025-057085,1,PROD-004,1,20.28,14.48
ORD-2025-057085,2,PROD-032,3,19.72,44.77
ORD-2025-057085,3,PROD-034,2,9.01,13.51
ORD-2025-057085,4,PROD-023,2,7.89,9.53
ORD-2025-057086,1,PROD-030,2,49.3,93.54
ORD-2025-057087,1,PROD-030,1,49.3,35.91
ORD-2025-057087,2,PROD-009,2,61.97,113.34
ORD-2025-057087,3,PROD-015,2,26.76,50.74
ORD-2025-057088,1,PROD-042,3,73.24,112.5
ORD-2025-057088,2,PROD-009,1,61.97,48.13
ORD-2025-057089,1,PROD-018,1,50.7,48.09
ORD-2025-057090,1,PROD-004,1,20.28,19.39
ORD-2025-057091,1,PROD-009,1,61.97,54.29
ORD-2025-057092,1,PROD-013,1,11.9,11.02
ORD-2025-057092,2,PROD-010,1,38.03,33.92
ORD-2025-057093,1,PROD-043,1,107.04,90.2
ORD-2025-057093,2,PROD-005,2,20.28,31.59
ORD-2025-057094,1,PROD-041,1,11.83,10.63
ORD-2025-057095,1,PROD-024,1,8.73,7.09
ORD-2025-057096,1,PROD-003,1,14.37,14.13
ORD-2025-057097,1,PROD-044,1,40.85,39.76
ORD-2025-057098,1,PROD-006,1,32.39,30.83
ORD-2025-057098,2,PROD-041,1,11.83,11.38
ORD-2025-057099,1,PROD-043,1,107.04,99.03
ORD-2025-057099,2,PROD-009,1,61.97,43.26
ORD-2025-057100,1,PROD-009,1,61.97,56.16
ORD-2025-057100,2,PROD-035,2,10.14,18.25
ORD-2025-057101,1,PROD-009,1,61.97,59.66
ORD-2025-057101,2,PROD-018,2,50.7,90.75
ORD-2025-057102,1,PROD-002,1,11.9,11.21
ORD-2025-057103,1,PROD-009,2,61.97,111.04
ORD-2025-057104,1,PROD-006,1,32.39,29.46
ORD-2025-057105,1,PROD-027,2,21.13,41.82
ORD-2025-057106,1,PROD-009,2,61.97,111.77
ORD-2025-057106,2,PROD-017,1,12.5,11.01
ORD-2025-057107,1,PROD-043,1,107.04,103.76
ORD-2025-057107,2,PROD-009,1,61.97,59.86
ORD-2025-057107,3,PROD-004,2,20.28,39.66
ORD-2025-057108,1,PROD-009,1,61.97,56.46
ORD-2025-057109,1,PROD-007,1,17.18,15.21
ORD-2025-057109,2,PROD-029,1,24.79,21.59
ORD-2025-057110,1,PROD-042,1,73.24,70.58
ORD-2025-057110,2,PROD-018,3,50.7,141.48
ORD-2025-057111,1,PROD-009,2,61.97,115.4
ORD-2025-057112,1,PROD-001,1,12.9,12.07
ORD-2025-057112,2,PROD-009,1,61.97,58.95
ORD-2025-057112,3,PROD-004,1,20.28,20.17
ORD-2025-057113,1,PROD-034,1,9.01,8.35
ORD-2025-057114,1,PROD-043,3,107.04,279.86
ORD-2025-057115,1,PROD-043,3,107.04,309.08
ORD-2025-057115,2,PROD-037,1,9.86,9.61
ORD-2025-057116,1,PROD-050,1,61.97,56.24
ORD-2025-057116,2,PROD-042,2,73.24,143.68
ORD-2025-057117,1,PROD-005,3,20.28,59.11
ORD-2025-057118,1,PROD-016,1,8.9,7.76
ORD-2025-057118,2,PROD-001,1,12.9,12.61
ORD-2025-057119,1,PROD-009,1,61.97,58.8
ORD-2025-057120,1,PROD-018,1,50.7,50.06
ORD-2025-057121,1,PROD-036,1,11.55,11.36
ORD-2025-057122,1,PROD-006,1,32.39,29.37
ORD-2025-057123,1,PROD-054,1,59.15,43.3
ORD-2025-057124,1,PROD-009,1,61.97,59.23
ORD-2025-057124,2,PROD-004,3,20.28,55.43
ORD-2025-057124,3,PROD-010,2,38.03,70.45
ORD-2025-057125,1,PROD-009,1,61.97,49.36
ORD-2025-057126,1,PROD-010,3,38.03,72.16
ORD-2025-057127,1,PROD-043,2,107.04,204.55
ORD-2025-057127,2,PROD-010,2,38.03,75.79
ORD-2025-057128,1,PROD-043,1,107.04,94.38
ORD-2025-057128,2,PROD-023,2,7.89,14.57
ORD-2025-057129,1,PROD-055,1,74.65,39.54
ORD-2025-057130,1,PROD-001,2,12.9,24.88
ORD-2025-057131,1,PROD-057,1,521.13,407.78
ORD-2025-057132,1,PROD-003,1,14.37,13.77
ORD-2025-057132,2,PROD-021,1,15.49,13.73
ORD-2025-057132,3,PROD-036,3,11.55,33.89
ORD-2025-057132,4,PROD-018,2,50.7,92.11
ORD-2025-057133,1,PROD-006,1,32.39,31.28
ORD-2025-057134,1,PROD-009,2,61.97,120.46
ORD-2025-057135,1,PROD-040,3,15.21,34.83
ORD-2025-057135,2,PROD-043,1,107.04,105.31
ORD-2025-057135,3,PROD-017,1,12.5,12.01
ORD-2025-057136,1,PROD-018,3,50.7,145.79
ORD-2025-057136,2,PROD-009,2,61.97,119.58
ORD-2025-057137,1,PROD-018,1,50.7,46.26
ORD-2025-057137,2,PROD-041,1,11.83,9.76
ORD-2025-057137,3,PROD-043,1,107.04,91.23
ORD-2025-057138,1,PROD-030,1,49.3,31.55
ORD-2025-057139,1,PROD-042,1,73.24,68.98
ORD-2025-057140,1,PROD-010,2,38.03,60.6
ORD-2025-057140,2,PROD-009,1,61.97,57.84
ORD-2025-057141,1,PROD-005,1,20.28,19.06
ORD-2025-057142,1,PROD-005,1,20.28,18.13
ORD-2025-057142,2,PROD-040,2,15.21,0.0
ORD-2025-057143,1,PROD-052,1,46.48,34.46
ORD-2025-057144,1,PROD-002,1,11.9,10.99
ORD-2025-057145,1,PROD-032,1,19.72,11.27
ORD-2025-057146,1,PROD-009,1,61.97,57.95
ORD-2025-057146,2,PROD-034,2,9.01,15.4
ORD-2025-057146,3,PROD-031,1,53.52,52.07
ORD-2025-057147,1,PROD-009,2,61.97,120.78
ORD-2025-057147,2,PROD-034,1,9.01,8.58
ORD-2025-057148,1,PROD-010,1,38.03,34.71
ORD-2025-057149,1,PROD-003,1,14.37,14.07
ORD-2025-057150,1,PROD-018,2,50.7,63.14
ORD-2025-057150,2,PROD-054,1,59.15,49.9
ORD-2025-057151,1,PROD-010,1,38.03,36.84
ORD-2025-057151,2,PROD-004,2,20.28,35.64
ORD-2025-057151,3,PROD-043,1,107.04,93.34
ORD-2025-057152,1,PROD-002,1,11.9,9.31
ORD-2025-057153,1,PROD-007,1,17.18,16.78
ORD-2025-057154,1,PROD-009,1,61.97,54.4
ORD-2025-057155,1,PROD-030,1,49.3,34.6
ORD-2025-057156,1,PROD-009,1,61.97,59.78
ORD-2025-057156,2,PROD-011,1,14.9,14.7
ORD-2025-057156,3,PROD-047,1,108.45,92.4
ORD-2025-057157,1,PROD-060,1,42.25,22.52
ORD-2025-057158,1,PROD-020,1,10.14,9.58
ORD-2025-057159,1,PROD-031,1,53.52,46.36
ORD-2025-057160,1,PROD-010,3,38.03,101.92
ORD-2025-057160,2,PROD-035,1,10.14,8.48
ORD-2025-057161,1,PROD-008,2,9.9,19.08
ORD-2025-057161,2,PROD-003,1,14.37,14.21
ORD-2025-057161,3,PROD-035,4,10.14,39.55
ORD-2025-057162,1,PROD-009,2,61.97,105.75
ORD-2025-057163,1,PROD-009,3,61.97,177.51
ORD-2025-057164,1,PROD-009,1,61.97,33.06
ORD-2025-057164,2,PROD-003,3,14.37,29.31
ORD-2025-057165,1,PROD-001,1,12.9,11.97
ORD-2025-057165,2,PROD-043,4,107.04,379.31
ORD-2025-057165,3,PROD-004,2,20.28,38.33
ORD-2025-057166,1,PROD-031,1,53.52,24.08
ORD-2025-057166,2,PROD-030,1,49.3,25.22
ORD-2025-057167,1,PROD-032,2,19.72,38.05
ORD-2025-057167,2,PROD-035,1,10.14,10.01
ORD-2025-057167,3,PROD-019,1,29.58,27.57
ORD-2025-057168,1,PROD-056,1,101.41,74.33
ORD-2025-057169,1,PROD-009,2,61.97,67.31
ORD-2025-057169,2,PROD-018,1,50.7,44.62
ORD-2025-057170,1,PROD-019,2,29.58,58.61
ORD-2025-057171,1,PROD-056,1,101.41,85.9
ORD-2025-057172,1,PROD-009,1,61.97,59.9
ORD-2025-057172,2,PROD-042,1,73.24,71.12
ORD-2025-057172,3,PROD-034,2,9.01,16.96
ORD-2025-057173,1,PROD-043,2,107.04,169.02
ORD-2025-057174,1,PROD-006,1,32.39,31.13
ORD-2025-057175,1,PROD-023,1,7.89,7.21
ORD-2025-057176,1,PROD-007,1,17.18,14.75
ORD-2025-057177,1,PROD-034,1,9.01,8.72
ORD-2025-057177,2,PROD-043,2,107.04,201.13
ORD-2025-057177,3,PROD-040,2,15.21,29.44
ORD-2025-057178,1,PROD-009,1,61.97,61.78
ORD-2025-057179,1,PROD-023,1,7.89,7.7
ORD-2025-057180,1,PROD-022,2,9.01,16.16
ORD-2025-057181,1,PROD-009,1,61.97,58.9
ORD-2025-057181,2,PROD-043,1,107.04,106.01
ORD-2025-057182,1,PROD-009,2,61.97,110.81
ORD-2025-057182,2,PROD-004,2,20.28,38.16
ORD-2025-057182,3,PROD-034,2,9.01,16.23
ORD-2025-057183,1,PROD-043,2,107.04,199.57
ORD-2025-057184,1,PROD-009,2,61.97,95.87
ORD-2025-057185,1,PROD-010,1,38.03,32.86
ORD-2025-057185,2,PROD-055,1,74.65,51.11
ORD-2025-057186,1,PROD-035,3,10.14,26.83
ORD-2025-057186,2,PROD-042,3,73.24,215.11
ORD-2025-057187,1,PROD-018,1,50.7,46.43
ORD-2025-057188,1,PROD-030,1,49.3,46.27
ORD-2025-057189,1,PROD-042,1,73.24,67.66
ORD-2025-057190,1,PROD-009,1,61.97,60.63
ORD-2025-057190,2,PROD-005,1,20.28,19.7
ORD-2025-057191,1,PROD-003,3,14.37,41.38
ORD-2025-057192,1,PROD-009,1,61.97,58.29
ORD-2025-057193,1,PROD-009,1,61.97,54.55
ORD-2025-057194,1,PROD-009,1,61.97,42.46
ORD-2025-057194,2,PROD-034,4,9.01,29.84
ORD-2025-057195,1,PROD-009,1,61.97,61.23
ORD-2025-057195,2,PROD-004,1,20.28,20.08
ORD-2025-057195,3,PROD-010,1,38.03,37.5
ORD-2025-057195,4,PROD-027,1,21.13,19.01
ORD-2025-057195,5,PROD-039,3,8.17,24.11
ORD-2025-057196,1,PROD-009,2,61.97,105.97
ORD-2025-057196,2,PROD-043,4,107.04,330.03
ORD-2025-057196,3,PROD-035,2,10.14,16.38
ORD-2025-057197,1,PROD-043,2,107.04,190.49
ORD-2025-057197,2,PROD-024,1,8.73,7.43
ORD-2025-057198,1,PROD-009,2,61.97,91.63
ORD-2025-057198,2,PROD-054,1,59.15,50.0
ORD-2025-057199,1,PROD-010,3,38.03,112.54
ORD-2025-057199,2,PROD-043,2,107.04,210.29
ORD-2025-057199,3, PROD-009 ,1,61.97,58.88
ORD-2025-057200,1,PROD-018,1,50.7,49.38
ORD-2025-057201,1,PROD-010,1,38.03,33.55
ORD-2025-057202,1,PROD-030,1,49.3,47.87
ORD-2025-057203,1,PROD-051,1,36.06,34.81
ORD-2025-057203,2,PROD-004,1,20.28,19.55
ORD-2025-057204,1,PROD-019,1,29.58,28.85
ORD-2025-057205,1,PROD-039,1,8.17,4.35
ORD-2025-057205,2,PROD-034,2,9.01,12.27
ORD-2025-057206,1,PROD-009,1,61.97,59.81
ORD-2025-057206,2,PROD-034,3,9.01,25.02
ORD-2025-057206,3,PROD-056,1,101.41,78.67
ORD-2025-057207,1,PROD-009,2,61.97,112.95
ORD-2025-057208,1,PROD-007,1,17.18,17.0
ORD-2025-057209,1,PROD-045,1,72.68,63.48
ORD-2025-057209,2,PROD-011,1,14.9,14.42
ORD-2025-057210,1,PROD-009,2,61.97,116.91
ORD-2025-057210,2,PROD-042,3,73.24,205.33
ORD-2025-057211,1,PROD-009,1,61.97,56.26
ORD-2025-057211,2,PROD-001,1,12.9,10.39
ORD-2025-057212,1,PROD-055,1,74.65,42.39
ORD-2025-057213,1,PROD-034,3,9.01,24.09
ORD-2025-057214,1,PROD-037,1,9.86,5.53
ORD-2025-057214,2,PROD-027,1,21.13,9.51
ORD-2025-057214,3,PROD-034,2,9.01,9.29
ORD-2025-057215,1,PROD-001,3,12.9,36.59
ORD-2025-057216,1,PROD-018,2,50.7,83.27
ORD-2025-057217,1,PROD-043,1,107.04,79.99
ORD-2025-057217,2,PROD-009,1,61.97,58.98
ORD-2025-057218,1,PROD-036,2,11.55,22.02
ORD-2025-057219,1,PROD-018,3,50.7,146.2
ORD-2025-057220,1,PROD-009,1,61.97,57.59
ORD-2025-057221,1,PROD-043,1,107.04,100.3
ORD-2025-057222,1,PROD-006,1,32.39,30.68
ORD-2025-057222,2,PROD-025,1,21.97,17.46
ORD-2025-057222,3,PROD-044,1,40.85,35.27
ORD-2025-057223,1,PROD-005,1,20.28,15.93
ORD-2025-057224,1,PROD-010,1,38.03,35.46
ORD-2025-057225,1,PROD-028,1,17.18,16.56
ORD-2025-057225,2,PROD-026,1,14.65,12.86
ORD-2025-057225,3,PROD-003,1,14.37,13.49
ORD-2025-057226,1,PROD-009,2,61.97,112.0
ORD-2025-057227,1,PROD-004,2,20.28,34.59
ORD-2025-057228,1,PROD-055,1,74.65,-45.5
ORD-2025-057229,1,PROD-043,2,107.04,134.25
ORD-2025-057230,1,PROD-009,1,61.97,52.63
ORD-2025-057230,2,PROD-034,1,9.01,8.86
ORD-2025-057231,1,PROD-056,1,101.41,79.3
ORD-2025-057232,1,PROD-010,3,38.03,103.49
ORD-2025-057233,1,PROD-043,1,107.04,99.88
ORD-2025-057233,2,PROD-022,1,9.01,8.22
ORD-2025-057234,1,PROD-039,3,8.17,24.24
ORD-2025-057235,1,PROD-030,1,49.3,47.08
ORD-2025-057235,2,PROD-038,2,7.89,14.31
ORD-2025-057235,3,PROD-042,1,73.24,62.19
ORD-2025-057236,1,PROD-030,1,49.3,22.18
ORD-2025-057237,1,PROD-054,1,59.15,36.06
ORD-2025-057237,2,PROD-003,2,14.37,26.34
ORD-2025-057238,1,PROD-009,1,61.97,46.64
ORD-2025-057239,1,PROD-009,3,61.97,168.03
ORD-2025-057240,1,PROD-009,1,61.97,40.39
ORD-2025-057240,2,PROD-034,3,9.01,16.63
ORD-2025-057241,1,PROD-018,2,50.7,83.82
ORD-2025-057242,1,PROD-002,1,11.9,0.0
ORD-2025-057242,2,PROD-009,2,61.97,104.62
ORD-2025-057242,3,PROD-018,2,50.7,98.61
ORD-2025-057243,1,PROD-009,3,61.97,171.99
ORD-2025-057243,2,PROD-018,1,50.7,49.03
ORD-2025-057243,3,PROD-043,2,107.04,211.55
ORD-2025-057244,1,PROD-043,1,107.04,104.71
ORD-2025-057244,2,PROD-001,1,12.9,12.33
ORD-2025-057245,1,PROD-009,1,61.97,52.33
ORD-2025-057246,1,PROD-039,1,8.17,8.0
ORD-2025-057247,1,PROD-018,1,50.7,40.69
ORD-2025-057248,1,PROD-009,1,61.97,56.04
ORD-2025-057249,1,PROD-004,1,20.28,19.66
ORD-2025-057250,1,PROD-053,1,53.52,41.58
ORD-2025-057251,1,PROD-021,1,15.49,13.83
ORD-2025-057252,1,PROD-007,1,17.18,15.43
ORD-2025-057253,1,PROD-009,1,61.97,57.34
ORD-2025-057253,2,PROD-040,1,15.21,12.98
ORD-2025-057254,1,PROD-001,3,12.9,37.93
ORD-2025-057254,2,PROD-009,1,61.97,61.42
ORD-2025-057255,1,PROD-009,1,61.97,53.29
ORD-2025-057256,1,PROD-034,3,9.01,26.43
ORD-2025-057256,2,PROD-009,1,61.97,58.12
ORD-2025-057256,3,PROD-043,1,107.04,103.14
ORD-2025-057257,1,PROD-054,1,59.15,57.47
ORD-2025-057258,1,PROD-001,1,12.9,9.18
ORD-2025-057259,1,PROD-009,1,61.97,59.05
ORD-2025-057260,1,PROD-043,2,107.04,187.28
ORD-2025-057260,2,PROD-017,3,12.5,22.98
ORD-2025-057261,1,PROD-009,1,61.97,45.46
ORD-2025-057261,2,PROD-043,1,107.04,98.39
ORD-2025-057262,1,PROD-009,1,61.97,51.21
ORD-2025-057263,1,PROD-001,1,12.9,12.62
ORD-2025-057264,1,PROD-001,2,12.9,24.96
ORD-2025-057264,2,PROD-018,1,50.7,44.78
ORD-2025-057264,3,PROD-043,1,107.04,89.34
ORD-2025-057264,4,PROD-009,1,61.97,56.8
ORD-2025-057265,1,PROD-007,2,17.18,22.42
ORD-2025-057266,1,PROD-043,2,107.04,167.71
ORD-2025-057266,2,PROD-009,1,61.97,58.34
ORD-2025-057267,1,PROD-006,3,32.39,92.92
ORD-2025-057268,1,PROD-033,1,52.11,51.67
ORD-2025-057268,2,PROD-006,3,32.39,94.72
ORD-2025-057269,1,PROD-019,1,29.58,13.31
ORD-2025-057270,1,PROD-002,1,11.9,11.41
ORD-2025-057270,2,PROD-006,2,32.39,63.24
ORD-2025-057271,1,PROD-005,2,20.28,39.89
ORD-2025-057272,1,PROD-009,2,61.97,121.47
ORD-2025-057272,2,PROD-010,1,38.03,35.87
ORD-2025-057272,3,PROD-039,2,8.17,15.37
ORD-2025-057273,1,PROD-002,1,11.9,10.62
ORD-2025-057273,2,PROD-043,2,107.04,193.66
ORD-2025-057273,3,PROD-005,1,20.28,18.97
ORD-2025-057274,1,PROD-056,1,101.41,65.63
ORD-2025-057275,1,PROD-007,1,17.18,15.57
ORD-2025-057275,2,PROD-010,2,38.03,58.89
ORD-2025-057276,1,PROD-010,2,38.03,66.72
ORD-2025-057277,1,PROD-022,1,9.01,6.9
ORD-2025-057277,2,PROD-009,1,61.97,58.52
ORD-2025-057278,1,PROD-010,1,38.03,36.06
ORD-2025-057278,2,PROD-034,1,9.01,7.48
ORD-2025-057279,1,PROD-035,1,10.14,9.98
ORD-2025-057279,2,PROD-043,1,107.04,105.87
ORD-2025-057280,1,PROD-012,1,18.5,17.28
ORD-2025-057281,1,PROD-006,2,32.39,61.24
ORD-2025-057282,1,PROD-005,1,20.28,18.79
ORD-2025-057282,2,PROD-042,1,73.24,63.7
ORD-2025-057283,1,PROD-012,2,18.5,16.65
ORD-2025-057284,1,PROD-010,2,38.03,74.62
ORD-2025-057285,1,PROD-018,1,50.7,36.92
ORD-2025-057285,2,PROD-026,1,14.65,9.35
ORD-2025-057285,3,PROD-038,1,7.89,6.74
ORD-2025-057286,1,PROD-018,1,50.7,47.29
ORD-2025-057286,2,PROD-043,1,107.04,96.33
ORD-2025-057287,1,PROD-009,2,61.97,110.83
ORD-2025-057288,1,PROD-009,1,61.97,42.56
ORD-2025-057288,2,PROD-002,1,11.9,11.45
ORD-2025-057288,3,PROD-032,2,19.72,33.44
ORD-2025-057288,4,PROD-007,3,17.18,47.74
ORD-2025-057288,5,PROD-043,3,107.04,290.04
ORD-2025-057289,1,PROD-011,1,14.9,11.3
ORD-2025-057290,1,PROD-009,1,61.97,50.89
ORD-2025-057290,2,PROD-042,2,73.24,139.68
ORD-2025-057290,3,PROD-018,1,50.7,36.23
ORD-2025-057291,1,PROD-043,1,107.04,96.8
ORD-2025-057291,2,PROD-009,1,61.97,60.35
ORD-2025-057292,1,PROD-009,2,61.97,115.87
ORD-2025-057292,2,PROD-038,2,7.89,15.55
ORD-2025-057292,3,PROD-019,1,29.58,26.2
ORD-2025-057292,4,PROD-034,1,9.01,8.06
ORD-2025-057292,5,PROD-017,2,12.5,23.78
ORD-2025-057293,1,PROD-001,2,12.9,24.64
ORD-2025-057294,1,PROD-024,2,8.73,14.34
ORD-2025-057295,1,PROD-018,1,50.7,46.82
ORD-2025-057296,1,PROD-036,1,11.55,11.31
ORD-2025-057297,1,PROD-006,1,32.39,29.47
ORD-2025-057297,2,PROD-059,1,52.11,48.42
ORD-2025-057298,1,PROD-009,3,61.97,180.33
ORD-2025-057299,1,PROD-010,1,38.03,36.93
ORD-2025-057300,1,PROD-028,1,17.18,16.21
ORD-2025-057300,2,PROD-010,1,38.03,34.3
ORD-2025-057301,1,PROD-007,1,17.18,16.64
ORD-2025-057302,1,PROD-009,1,61.97,58.14
ORD-2025-057302,2,PROD-001,1,12.9,12.07
ORD-2025-057303,1,PROD-021,1,15.49,6.97
ORD-2025-057304,1,PROD-009,2,61.97,92.14
ORD-2025-057305,1,PROD-038,2,7.89,10.81
ORD-2025-057305,2,PROD-017,2,12.5,22.41
ORD-2025-057306,1,PROD-009,1,61.97,57.88
ORD-2025-057307,1,PROD-002,1,11.9,5.35
ORD-2025-057308,1,PROD-031,1,53.52,47.14
ORD-2025-057309,1,PROD-009,1,61.97,47.83
ORD-2025-057309,2,PROD-014,1,9.9,9.55
ORD-2025-057309,3,PROD-004,1,20.28,18.71
ORD-2025-057309,4,PROD-033,3,52.11,110.26
ORD-2025-057310,1,PROD-039,1,8.17,6.92
ORD-2025-057311,1,PROD-009,3,61.97,182.49
ORD-2025-057312,1,PROD-009,1,61.97,55.75
ORD-2025-057313,1,PROD-008,1,9.9,9.72
ORD-2025-057313,2,PROD-029,1,24.79,24.34
ORD-2025-057314,1,PROD-041,2,11.83,23.33
ORD-2025-057314,2,PROD-001,2,12.9,24.73
ORD-2025-057314,3,PROD-009,2,61.97,123.38
ORD-2025-057315,1,PROD-043,3,107.04,244.28
ORD-2025-057316,1,PROD-055,1,74.65,72.11
ORD-2025-057317,1,PROD-010,3,38.03,102.54
ORD-2025-057317,2,PROD-009,2,61.97,121.63
ORD-2025-057318,1,PROD-009,1,61.97,53.04
ORD-2025-057318,2,PROD-002,1,11.9,9.32
ORD-2025-057318,3,PROD-030,2,49.3,72.09
ORD-2025-057319,1,PROD-043,2,107.04,184.6
ORD-2025-057320,1,PROD-043,2,107.04,197.0
ORD-2025-057321,1,PROD-006,1,32.39,27.35
ORD-2025-057321,2,PROD-009,1,61.97,55.62
ORD-2025-057321,3,PROD-004,2,20.28,38.35
ORD-2025-057322,1,PROD-019,2,29.58,50.94
ORD-2025-057323,1,PROD-004,1,20.28,17.78
ORD-2025-057324,1,PROD-043,3,107.04,256.06
ORD-2025-057324,2,PROD-014,1,9.9,8.82
ORD-2025-057325,1,PROD-009,1,61.97,58.77
ORD-2025-057325,2,PROD-037,1,9.86,9.71
ORD-2025-057326,1,PROD-009,1,61.97,60.97
ORD-2025-057327,1,PROD-009,1,61.97,55.2
ORD-2025-057328,1,PROD-001,2,12.9,24.73
ORD-2025-057329,1,PROD-004,1,20.28,18.76
ORD-2025-057330,1,PROD-009,1,61.97,54.54
ORD-2025-057330,2,PROD-001,3,12.9,37.17
ORD-2025-057331,1,PROD-009,2,61.97,119.74
ORD-2025-057332,1,PROD-007,3,17.18,34.31
ORD-2025-057333,1,PROD-009,2,61.97,73.88
ORD-2025-057334,1,PROD-006,2,32.39,59.45
ORD-2025-057335,1,PROD-043,1,107.04,101.36
ORD-2025-057336,1,PROD-034,2,9.01,17.63
ORD-2025-057337,1,PROD-031,1,53.52,44.77
ORD-2025-057338,1,PROD-005,1,20.28,15.2
ORD-2025-057338,2,PROD-010,2,38.03,69.37
ORD-2025-057339,1,PROD-031,1,53.52,41.77
ORD-2025-057340,1,PROD-009,2,61.97,107.84
ORD-2025-057340,2,PROD-043,2,107.04,203.38
ORD-2025-057341,1,PROD-002,3,11.9,33.59
ORD-2025-057342,1,PROD-028,1,17.18,12.71
ORD-2025-057342,2,PROD-004,1,20.28,17.21
ORD-2025-057343,1,PROD-009,1,61.97,48.19
ORD-2025-057343,2,PROD-056,1,101.41,47.77
ORD-2025-057344,1,PROD-009,1,61.97,43.19
ORD-2025-057344,2,PROD-010,2,38.03,72.78
ORD-2025-057344,3,PROD-038,3,7.89,21.12
ORD-2025-057344,4,PROD-043,1,107.04,88.65
ORD-2025-057345,1,PROD-043,2,107.04,164.54
ORD-2025-057345,2,PROD-001,1,12.9,12.25
ORD-2025-057346,1,PROD-019,1,29.58,28.91
ORD-2025-057347,1,PROD-043,2,107.04,184.67
ORD-2025-057348,1,PROD-010,1,38.03,29.29
ORD-2025-057348,2,PROD-009,1,61.97,29.21
ORD-2025-057349,1,PROD-010,1,38.03,33.51
ORD-2025-057350,1,PROD-001,1,12.9,11.62
ORD-2025-057351,1,PROD-011,2,14.9,28.91
ORD-2025-057352,1,PROD-009,2,61.97,112.34
ORD-2025-057352,2,PROD-016,1,8.9,8.52
ORD-2025-057353,1,PROD-009,1,61.97,56.01
ORD-2025-057353,2,PROD-007,1,17.18,10.22
ORD-2025-057354,1,PROD-043,1,107.04,94.43
ORD-2025-057355,1,PROD-002,1,11.9,11.33
ORD-2025-057356,1,PROD-059,1,52.11,23.45
ORD-2025-057357,1,PROD-043,1,107.04,92.58
ORD-2025-057358,1,PROD-009,3,61.97,83.66
ORD-2025-057359,1,PROD-032,1,19.72,14.78
ORD-2025-057359,2,PROD-010,2,38.03,34.23
ORD-2025-057360,1,PROD-007,1,17.18,14.85
ORD-2025-057361,1,PROD-009,1,61.97,50.46
ORD-2025-057361,2,PROD-010,2,38.03,73.09
ORD-2025-057361,3,PROD-044,2,40.85,56.53
ORD-2025-057362,1,PROD-034,2,9.01,17.17
ORD-2025-057363,1,PROD-009,1,61.97,57.0
ORD-2025-057363,2,PROD-008,2,9.9,18.26
ORD-2025-057363,3,PROD-002,3,11.9,32.48
ORD-2025-057364,1,PROD-043,3,107.04,306.0
ORD-2025-057364,2,PROD-009,2,61.97,111.38
ORD-2025-057364,3,PROD-040,1,15.21,13.89
ORD-2025-057365,1,PROD-007,1,17.18,16.14
ORD-2025-057365,2,PROD-002,1,11.9,10.94
ORD-2025-057366,1,PROD-009,2,61.97,106.12
ORD-2025-057366,2,PROD-012,2,18.5,32.11
ORD-2025-057367,1,PROD-055,1,74.65,56.37
ORD-2025-057368,1,PROD-009,3,61.97,180.56
ORD-2025-057369,1,PROD-011,1,14.9,12.61
ORD-2025-057370,1,PROD-007,1,17.18,15.38
ORD-2025-057371,1,PROD-054,1,59.15,26.62
ORD-2025-057372,1,PROD-009,1,61.97,60.22
ORD-2025-057373,1,PROD-040,1,15.21,9.51
ORD-2025-057373,2,PROD-030,1,49.3,27.47
ORD-2025-057374,1,PROD-006,1,32.39,31.99
ORD-2025-057375,1,PROD-024,1,8.73,7.92
ORD-2025-057376,1,PROD-006,1,32.39,30.52
ORD-2025-057376,2,PROD-043,1,107.04,91.2
ORD-2025-057377,1,PROD-043,2,107.04,179.18
ORD-2025-057378,1,PROD-043,1,107.04,104.51
ORD-2025-057378,2,PROD-049,1,80.28,64.22
ORD-2025-057378,3,PROD-018,1,50.7,47.68
ORD-2025-057379,1,PROD-043,3,107.04,260.94
ORD-2025-057379,2,PROD-006,1,32.39,28.76
ORD-2025-057380,1,PROD-043,3,107.04,296.84
ORD-2025-057381,1,PROD-019,3,29.58,86.18
ORD-2025-057382,1,PROD-004,1,20.28,18.71
ORD-2025-057383,1,PROD-004,2,20.28,18.25
ORD-2025-057384,1,PROD-009,2,61.97,117.16
ORD-2025-057385,1,PROD-027,1,21.13,18.74
ORD-2025-057386,1,PROD-008,1,9.9,9.67
ORD-2025-057387,1,PROD-007,1,17.18,15.94
ORD-2025-057388,1,PROD-026,1,14.65,11.73
ORD-2025-057389,1,PROD-002,1,11.9,10.59
ORD-2025-057390,1,PROD-009,1,61.97,61.81
ORD-2025-057391,1,PROD-009,1,61.97,47.28
ORD-2025-057391,2,PROD-043,1,107.04,102.34
ORD-2025-057391,3,PROD-036,1,11.55,10.41
ORD-2025-057392,1,PROD-010,1,38.03,30.54
ORD-2025-057393,1,PROD-009,1,61.97,57.36
ORD-2025-057393,2,PROD-034,1,9.01,8.73
ORD-2025-057394,1,PROD-006,1,32.39,27.12
ORD-2025-057395,1,PROD-009,1,61.97,43.39
ORD-2025-057395,2,PROD-042,2,73.24,94.32
ORD-2025-057396,1,PROD-009,2,61.97,77.24
ORD-2025-057397,1,PROD-012,2,18.5,34.83
ORD-2025-057398,1,PROD-005,1,20.28,16.67
ORD-2025-057399,1,PROD-009,1,61.97,56.7
ORD-2025-057399,2,PROD-042,2,73.24,134.16
ORD-2025-057400,1,PROD-043,1,107.04,83.23
ORD-2025-057400,2,PROD-034,1,9.01,7.46
ORD-2025-057401,1,PROD-009,1,61.97,58.51
ORD-2025-057401,2,PROD-043,3,107.04,316.5
ORD-2025-057402,1,PROD-005,2,20.28,39.4
ORD-2025-057402,2,PROD-006,2,32.39,62.69
ORD-2025-057403,1,PROD-042,2,73.24,134.54
ORD-2025-057403,2,PROD-009,2,61.97,105.25
ORD-2025-057403,3,PROD-027,2,21.13,36.67
ORD-2025-057404,1,PROD-043,1,107.04,59.78
ORD-2025-057405,1,PROD-049,1,80.28,74.79
ORD-2025-057406,1,PROD-010,2,38.03,70.24
ORD-2025-057406,2,PROD-043,1,107.04,101.74
ORD-2025-057407,1,PROD-018,1,50.7,45.85
ORD-2025-057407,2,PROD-022,2,9.01,13.22
ORD-2025-057408,1,PROD-030,1,49.3,45.83
ORD-2025-057408,2,PROD-008,2,9.9,19.5
ORD-2025-057408,3,PROD-043,4,107.04,422.29
ORD-2025-057408,4,PROD-022,2,9.01,17.24
ORD-2025-057409,1,PROD-054,1,59.15,54.26
ORD-2025-057410,1,PROD-010,1,38.03,37.03
ORD-2025-057410,2,PROD-043,4,107.04,411.38
ORD-2025-057411,1,PROD-018,1,50.7,48.77
ORD-2025-057411,2,PROD-049,1,80.28,76.03
ORD-2025-057412,1,PROD-039,1,8.17,7.35
ORD-2025-057412,2,PROD-019,1,29.58,17.14
ORD-2025-057413,1,PROD-005,3,20.28,59.0
ORD-2025-057414,1,PROD-017,1,12.5,11.96
ORD-2025-057415,1,PROD-024,1,8.73,7.93
ORD-2025-057416,1,PROD-009,2,61.97,111.43
ORD-2025-057416,2,PROD-034,3,9.01,24.79
ORD-2025-057417,1,PROD-055,1,74.65,47.63
ORD-2025-057418,1,PROD-006,1,32.39,28.77
ORD-2025-057418,2,PROD-043,1,107.04,80.77
ORD-2025-057418,3,PROD-019,2,29.58,26.62
ORD-2025-057419,1,PROD-009,3,61.97,179.85
ORD-2025-057420,1,PROD-003,2,14.37,23.94
ORD-2025-057421,1,PROD-004,1,20.28,9.13
ORD-2025-057421,2,PROD-043,1,107.04,48.17
ORD-2025-057422,1,PROD-009,3,61.97,152.37
ORD-2025-057423,1,PROD-008,1,9.9,9.41
ORD-2025-057424,1,PROD-019,1,29.58,26.34
ORD-2025-057424,2,PROD-017,1,12.5,12.07
ORD-2025-057425,1,PROD-043,1,107.04,104.76
ORD-2025-057426,1,PROD-003,1,14.37,14.25
ORD-2025-057427,1,PROD-009,1,61.97,50.37
ORD-2025-057428,1,PROD-005,1,20.28,19.31
ORD-2025-057429,1,PROD-010,1,38.03,32.06
ORD-2025-057430,1,PROD-009,2,61.97,95.27
ORD-2025-057431,1,PROD-006,1,32.39,27.4
ORD-2025-057432,1,PROD-001,2,12.9,18.69
ORD-2025-057433,1,PROD-009,1,61.97,54.29
ORD-2025-057434,1,PROD-037,1,9.86,9.83
ORD-2025-057435,1,PROD-010,1,38.03,28.56
ORD-2025-057436,1,PROD-005,1,20.28,19.86
ORD-2025-057437,1,PROD-009,2,61.97,111.67
ORD-2025-057438,1,PROD-027,1,21.13,20.17
ORD-2025-057439,1,PROD-030,2,49.3,61.67
ORD-2025-057439,2,PROD-006,2,32.39,52.59
ORD-2025-057440,1,PROD-008,2,9.9,19.55
ORD-2025-057440,2,PROD-001,2,12.9,25.09
ORD-2025-057441,1,PROD-003,2,14.37,26.62
ORD-2025-057442,1,PROD-028,1,17.18,16.29
ORD-2025-057442,2,PROD-009,1,61.97,60.43
ORD-2025-057442,3,PROD-043,3,107.04,270.9
ORD-2025-057443,1,PROD-019,1,29.58,27.15
ORD-2025-057443,2,PROD-059,1,52.11,46.07
ORD-2025-057443,3,PROD-030,1,49.3,43.17
ORD-2025-057444,1,PROD-009,1,61.97,58.54
ORD-2025-057444,2,PROD-043,2,107.04,185.07
ORD-2025-057445,1,PROD-009,3,61.97,178.31
ORD-2025-057446,1,PROD-009,2,61.97,93.6
ORD-2025-057447,1,PROD-004,1,20.28,19.35
ORD-2025-057447,2,PROD-010,2,38.03,71.56
ORD-2025-057447,3,PROD-017,1,12.5,11.58
ORD-2025-057448,1,PROD-022,1,9.01,8.83
ORD-2025-057448,2,PROD-018,1,50.7,42.61
ORD-2025-057448,3,PROD-043,4,107.04,339.92
ORD-2025-057449,1,PROD-002,1,11.9,10.98
ORD-2025-057450,1,PROD-009,3,61.97,169.31
ORD-2025-057450,2,PROD-035,3,10.14,26.19
ORD-2025-057450,3,PROD-022,2,9.01,12.45
ORD-2025-057451,1,PROD-024,2,8.73,14.99
ORD-2025-057452,1,PROD-010,1,38.03,37.11
ORD-2025-057453,1,PROD-009,1,61.97,60.79
ORD-2025-057454,1,PROD-005,1,20.28,19.58
ORD-2025-057455,1,PROD-043,1,107.04,91.17
ORD-2025-057456,1,PROD-020,1,10.14,9.11
ORD-2025-057457,1,PROD-030,1,49.3,46.84
ORD-2025-057458,1,PROD-010,2,38.03,69.28
ORD-2025-057458,2,PROD-009,2,61.97,121.91
ORD-2025-057459,1,PROD-010,1,38.03,30.02
ORD-2025-057459,2,PROD-009,2,61.97,88.75
ORD-2025-057459,3,PROD-049,2,80.28,110.77
ORD-2025-057460,1,PROD-036,1,11.55,10.31
ORD-2025-057461,1,PROD-043,1,107.04,104.0
ORD-2025-057461,2,PROD-038,3,7.89,22.94
 ORD-2025-057462 ,1,PROD-033,3,52.11,149.87
ORD-2025-057463,1,PROD-009,1,61.97,54.44
ORD-2025-057463,2,PROD-004,2,20.28,39.24
ORD-2025-057464,1,PROD-009,2,61.97,116.5
ORD-2025-057465,1,PROD-043,2,107.04,209.97
ORD-2025-057466,1,PROD-020,1,10.14,9.93
ORD-2025-057467,1,PROD-004,1,20.28,17.65
ORD-2025-057468,1,PROD-035,1,10.14,8.85
ORD-2025-057469,1,PROD-043,1,107.04,73.05
ORD-2025-057469,2,PROD-019,1,29.58,26.33
ORD-2025-057469,3,PROD-032,1,19.72,15.36
ORD-2025-057470,1,PROD-009,1,61.97,58.01
ORD-2025-057470,2,PROD-018,1,50.7,50.07
ORD-2025-057470,3,PROD-007,1,17.18,16.81
ORD-2025-057470,4,PROD-043,1,107.04,98.84
ORD-2025-057471,1,PROD-009,1,61.97,58.73
ORD-2025-057472,1,PROD-014,2,9.9,19.27
ORD-2025-057473,1,PROD-004,2,20.28,39.19
ORD-2025-057474,1,PROD-009,1,61.97,53.39
ORD-2025-057474,2,PROD-010,1,38.03,31.57
ORD-2025-057474,3,PROD-041,1,11.83,10.12
ORD-2025-057474,4,PROD-045,1,72.68,69.24
ORD-2025-057475,1,PROD-009,1,61.97,55.39
ORD-2025-057475,2,PROD-006,1,32.39,30.21
ORD-2025-057476,1,PROD-009,1,61.97,54.69
ORD-2025-057476,2,PROD-010,1,38.03,32.78
ORD-2025-057476,3,PROD-021,1,15.49,13.53
ORD-2025-057477,1,PROD-004,1,20.28,16.86
ORD-2025-057477,2,PROD-012,1,18.5,16.5
ORD-2025-057477,3,PROD-009,2,61.97,113.55
ORD-2025-057477,4,PROD-023,2,7.89,15.74
ORD-2025-057477,5,PROD-013,1,11.9,9.59
ORD-2025-057478,1,PROD-043,2,107.04,192.52
ORD-2025-057478,2,PROD-032,2,19.72,38.27
ORD-2025-057479,1,PROD-041,1,11.83,9.76
ORD-2025-057479,2,PROD-012,1,18.5,17.57
ORD-2025-057479,3,PROD-009,2,61.97,116.86
ORD-2025-057480,1,PROD-009,1,61.97,60.92
ORD-2025-057480,2,PROD-031,1,53.52,51.97
ORD-2025-057480,3,PROD-038,1,7.89,7.41
ORD-2025-057480,4,PROD-055,1,74.65,70.13
ORD-2025-057480,5,PROD-004,2,20.28,38.67
ORD-2025-057481,1,PROD-054,1,59.15,56.91
ORD-2025-057482,1,PROD-026,2,14.65,25.67
ORD-2025-057482,2,PROD-018,1,50.7,36.73
ORD-2025-057482,3,PROD-036,1,11.55,8.08
ORD-2025-057483,1,PROD-003,1,14.37,12.57
ORD-2025-057484,1,PROD-010,2,38.03,48.44
ORD-2025-057484,2,PROD-051,1,36.06,22.19
ORD-2025-057485,1,PROD-009,1,61.97,59.72
ORD-2025-057486,1,PROD-054,1,59.15,37.08
ORD-2025-057487,1,PROD-043,1,107.04,92.55
ORD-2025-057487,2,PROD-009,1,61.97,49.32
ORD-2025-057487,3,PROD-025,1,21.97,20.0
ORD-2025-057487,4,PROD-001,2,12.9,22.05
ORD-2025-057487,5,PROD-060,1,42.25,36.85
ORD-2025-057488,1,PROD-009,1,61.97,57.86
ORD-2025-057488,2,PROD-019,1,29.58,27.16
ORD-2025-057489,1,PROD-027,1,21.13,16.56
ORD-2025-057489,2,PROD-002,2,11.9,12.94
ORD-2025-057490,1,PROD-009,1,61.97,57.56
ORD-2025-057491,1,PROD-018,1,50.7,45.57
ORD-2025-057492,1,PROD-009,1,61.97,59.79
ORD-2025-057493,1,PROD-018,2,50.7,91.82
ORD-2025-057493,2,PROD-034,4,9.01,34.16
ORD-2025-057493,3,PROD-037,2,9.86,17.82
ORD-2025-057493,4,PROD-002,1,11.9,11.2
ORD-2025-057494,1,PROD-009,1,61.97,57.42
ORD-2025-057494,2,PROD-041,1,11.83,11.4
ORD-2025-057495,1,PROD-043,1,107.04,93.24
ORD-2025-057496,1,PROD-009,2,61.97,118.3
ORD-2025-057496,2,PROD-042,1,73.24,70.66
ORD-2025-057497,1,PROD-018,1,50.7,48.47
ORD-2025-057498,1,PROD-043,2,107.04,174.63
ORD-2025-057498,2,PROD-019,2,29.58,49.33
ORD-2025-057498,3,PROD-009,1,61.97,52.8
ORD-2025-057499,1,PROD-010,3,38.03,109.25
ORD-2025-057499,2,PROD-030,1,49.3,47.34
ORD-2025-057500,1,PROD-014,1,9.9,9.8
ORD-2025-057501,1,PROD-001,2,12.9,25.55
ORD-2025-057501,2,PROD-003,1,14.37,14.15
ORD-2025-057502,1,PROD-009,1,61.97,60.2
ORD-2025-057502,2,PROD-043,1,107.04,104.69
ORD-2025-057503,1,PROD-008,3,9.9,28.65
ORD-2025-057503,2,PROD-043,1,107.04,95.25
ORD-2025-057503,3,PROD-031,2,53.52,93.1
ORD-2025-057504,1,PROD-030,1,49.3,40.55
ORD-2025-057504,2,PROD-054,1,59.15,28.32
ORD-2025-057505,1,PROD-002,1,11.9,10.86
ORD-2025-057505,2,PROD-009,1,61.97,55.84
ORD-2025-057506,1,PROD-027,1,21.13,18.71
ORD-2025-057506,2,PROD-007,2,17.18,33.28
ORD-2025-057506,3,PROD-009,1,61.97,58.35
ORD-2025-057507,1,PROD-009,1,61.97,58.87
ORD-2025-057508,1,PROD-024,1,8.73,7.83
ORD-2025-057509,1,PROD-007,1,17.18,16.04
ORD-2025-057510,1,PROD-009,1,61.97,56.39
ORD-2025-057510,2,PROD-040,1,15.21,13.39
ORD-2025-057511,1,PROD-043,2,107.04,198.58
ORD-2025-057512,1,PROD-008,3,9.9,27.4
ORD-2025-057513,1,PROD-042,1,73.24,32.96
ORD-2025-057513,2,PROD-023,2,7.89,13.64
ORD-2025-057514,1,PROD-010,2,38.03,74.26
ORD-2025-057515,1,PROD-035,2,10.14,16.29
ORD-2025-057515,2,PROD-043,3,107.04,310.65
ORD-2025-057516,1,PROD-043,1,107.04,102.85
ORD-2025-057517,1,PROD-044,1,40.85,34.2
ORD-2025-057518,1,PROD-021,2,15.49,18.0
ORD-2025-057519,1,PROD-009,2,61.97,117.25
ORD-2025-057520,1,PROD-002,1,11.9,11.4
ORD-2025-057520,2,PROD-033,1,52.11,43.48
ORD-2025-057521,1,PROD-004,1,20.28,18.35
ORD-2025-057522,1,PROD-042,1,73.24,32.96
ORD-2025-057523,1,PROD-009,1,61.97,43.15
ORD-2025-057524,1,PROD-001,2,12.9,19.35
ORD-2025-057525,1,PROD-006,1,32.39,26.95
ORD-2025-057526,1,PROD-038,2,7.89,15.3
ORD-2025-057527,1,PROD-032,2,19.72,38.64
ORD-2025-057528,1,PROD-009,1,61.97,27.89
ORD-2025-057528,2,PROD-018,2,50.7,76.6
ORD-2025-057529,1,PROD-009,1,61.97,50.79
ORD-2025-057529,2,PROD-011,2,14.9,27.59
ORD-2025-057530,1,PROD-028,1,17.18,12.64
ORD-2025-057531,1,PROD-010,2,38.03,75.28
ORD-2025-057532,1,PROD-010,2,38.03,70.83
ORD-2025-057532,2,PROD-060,1,42.25,36.41
ORD-2025-057532,3,PROD-035,2,10.14,16.81
ORD-2025-057532,4,PROD-034,1,9.01,7.6
ORD-2025-057533,1,PROD-008,2,9.9,10.68
ORD-2025-057533,2,PROD-038,3,7.89,16.82
ORD-2025-057534,1,PROD-001,1,12.9,11.62
ORD-2025-057535,1,PROD-009,2,61.97,122.51
ORD-2025-057535,2,PROD-003,2,14.37,25.96
ORD-2025-057536,1,PROD-005,2,20.28,36.33
ORD-2025-057536,2,PROD-030,2,49.3,56.76
ORD-2025-057537,1,PROD-018,2,50.7,92.87
ORD-2025-057538,1,PROD-003,2,14.37,27.25
ORD-2025-057539,1,PROD-009,2,61.97,115.03
ORD-2025-057540,1,PROD-009,2,61.97,120.98
ORD-2025-057541,1,PROD-022,2,9.01,17.39
ORD-2025-057542,1,PROD-009,1,61.97,56.92
ORD-2025-057543,1,PROD-059,1,52.11,47.91
ORD-2025-057543,2,PROD-009,1,61.97,41.21
ORD-2025-057544,1,PROD-001,3,12.9,32.52
ORD-2025-057545,1,PROD-009,1,61.97,60.14
ORD-2025-057546,1,PROD-030,1,49.3,46.2
ORD-2025-057547,1,PROD-010,1,38.03,33.66
ORD-2025-057547,2,PROD-006,1,32.39,30.14
ORD-2025-057547,3,PROD-037,1,9.86,9.25
ORD-2025-057547,4,PROD-043,1,107.04,104.91
ORD-2025-057548,1,PROD-024,1,8.73,5.07
ORD-2025-057548,2,PROD-031,1,53.52,49.73
ORD-2025-057549,1,PROD-005,2,20.28,39.81
ORD-2025-057550,1,PROD-026,2,14.65,26.05
ORD-2025-057550,2,PROD-048,1,55.77,29.96
ORD-2025-057550,3,PROD-018,2,50.7,68.45
ORD-2025-057551,1,PROD-050,1,61.97,54.82
ORD-2025-057551,2,PROD-007,1,17.18,14.67
ORD-2025-057552,1,PROD-009,1,61.97,54.29
ORD-2025-057552,2,PROD-041,2,11.83,19.9
ORD-2025-057552,3,PROD-043,1,107.04,89.66
ORD-2025-057553,1,PROD-030,1,49.3,46.04
ORD-2025-057554,1,PROD-010,1,38.03,36.34
ORD-2025-057554,2,PROD-002,2,11.9,22.66
ORD-2025-057555,1,PROD-030,2,49.3,96.52
ORD-2025-057556,1,PROD-009,1,61.97,60.25
ORD-2025-057557,1,PROD-037,2,9.86,19.13
ORD-2025-057558,1,PROD-034,1,9.01,4.79
ORD-2025-057559,1,PROD-010,2,38.03,69.18
ORD-2025-057560,1,PROD-043,1,107.04,105.03
ORD-2025-057561,1,PROD-024,1,8.73,7.38
ORD-2025-057561,2,PROD-043,1,107.04,87.49
ORD-2025-057562,1,PROD-034,1,9.01,7.55
ORD-2025-057563,1,PROD-030,1,49.3,44.65
ORD-2025-057564,1,PROD-043,1,107.04,100.17
ORD-2025-057565,1,PROD-009,1,61.97,60.06
ORD-2025-057566,1,PROD-009,1,61.97,54.01
ORD-2025-057566,2,PROD-019,1,29.58,28.85
ORD-2025-057566,3,PROD-026,1,14.65,13.86
ORD-2025-057567,1,PROD-037,3,9.86,29.17
ORD-2025-057568,1,PROD-003,1,14.37,9.95
ORD-2025-057568,2,PROD-030,1,49.3,43.42
ORD-2025-057568,3,PROD-047,1,108.45,102.66
ORD-2025-057569,1,PROD-007,1,17.18,15.94
ORD-2025-057569,2,PROD-008,3,9.9,27.83
ORD-2025-057570,1,PROD-041,4,11.83,46.35
ORD-2025-057570,2,PROD-039,1,8.17,6.45
ORD-2025-057571,1,PROD-009,1,61.97,58.95
ORD-2025-057571,2,PROD-019,2,29.58,54.42
ORD-2025-057571,3,PROD-018,1,50.7,49.12
ORD-2025-057571,4,PROD-003,1,14.37,10.45
ORD-2025-057571,5,PROD-007,1,17.18,14.88
ORD-2025-057572,1,PROD-009,2,61.97,114.74
ORD-2025-057572,2,PROD-006,2,32.39,59.02
ORD-2025-057573,1,PROD-050,1,61.97,54.07
ORD-2025-057573,2,PROD-006,1,32.39,30.65
ORD-2025-057574,1,PROD-028,1,17.18,13.29
ORD-2025-057574,2,PROD-042,4,73.24,197.92
ORD-2025-057575,1,PROD-009,1,61.97,59.91
ORD-2025-057575,2,PROD-010,2,38.03,75.21
ORD-2025-057575,3,PROD-038,1,7.89,7.83
ORD-2025-057576,1,PROD-010,1,38.03,32.37
ORD-2025-057576,2,PROD-009,1,61.97,55.48
ORD-2025-057576,3,PROD-004,1,20.28,17.54
ORD-2025-057577,1,PROD-058,1,39.44,27.79
ORD-2025-057578,1,PROD-043,2,107.04,207.02
ORD-2025-057579,1,PROD-010,2,38.03,63.94
ORD-2025-057580,1,PROD-055,1,74.65,51.9
ORD-2025-057581,1,PROD-060,1,42.25,32.72
ORD-2025-057582,1,PROD-009,1,61.97,57.38
ORD-2025-057583,1,PROD-059,1,52.11,45.05
ORD-2025-057584,1,PROD-010,2,38.03,69.67
ORD-2025-057584,2,PROD-043,3,107.04,264.19
ORD-2025-057585,1,PROD-004,2,20.28,35.81
ORD-2025-057586,1,PROD-009,2,61.97,109.1
ORD-2025-057586,2,PROD-043,1,107.04,103.64
ORD-2025-057587,1,PROD-018,2,50.7,90.55
ORD-2025-057587,2,PROD-028,1,17.18,15.9
ORD-2025-057588,1,PROD-042,3,73.24,216.03
ORD-2025-057588,2,PROD-009,1,61.97,61.6
ORD-2025-057589,1,PROD-043,1,107.04,92.4
ORD-2025-057589,2,PROD-005,2,20.28,31.01
ORD-2025-057590,1,PROD-024,2,8.73,11.82
ORD-2025-057591,1,PROD-054,1,59.15,50.26
ORD-2025-057592,1,PROD-007,3,17.18,31.45
ORD-2025-057592,2,PROD-018,3,50.7,125.63
ORD-2025-057593,1,PROD-004,3,20.28,58.6
ORD-2025-057594,1,PROD-018,1,50.7,49.52
ORD-2025-057594,2,PROD-009,1,61.97,58.06
ORD-2025-057595,1,PROD-043,1,107.04,106.21
ORD-2025-057596,1,PROD-009,3,61.97,182.3
ORD-2025-057597,1,PROD-009,1,61.97,55.98
ORD-2025-057598,1,PROD-028,1,17.18,9.52
ORD-2025-057598,2,PROD-018,2,50.7,46.46
ORD-2025-057599,1,PROD-010,1,38.03,34.82
ORD-2025-057599,2,PROD-032,2,19.72,36.5
ORD-2025-057599,3,PROD-043,2,107.04,206.74
ORD-2025-057600,1,PROD-009,1,61.97,61.31
ORD-2025-057601,1,PROD-009,2,61.97,122.44
ORD-2025-057601,2,PROD-018,1,50.7,45.24
ORD-2025-057601,3,PROD-010,2,38.03,73.33
ORD-2025-057601,4,PROD-043,3,107.04,276.52
ORD-2025-057602,1,PROD-018,3,50.7,141.3
ORD-2025-057602,2,PROD-009,1,61.97,61.59
ORD-2025-057603,1,PROD-056,1,101.41,95.19
ORD-2025-057604,1,PROD-042,2,73.24,135.66
ORD-2025-057605,1,PROD-040,1,15.21,12.27
ORD-2025-057605,2,PROD-035,2,10.14,19.49
ORD-2025-057606,1,PROD-003,2,14.37,25.37
ORD-2025-057606,2,PROD-043,2,107.04,208.0
ORD-2025-057607,1,PROD-056,1,101.41,45.63
ORD-2025-057608,1,PROD-031,1,53.52,52.52
ORD-2025-057608,2,PROD-009,1,61.97,50.82
ORD-2025-057608,3,PROD-041,1,11.83,11.18
ORD-2025-057609,1,PROD-009,3,61.97,145.75
ORD-2025-057609,2,PROD-034,1,9.01,6.83
ORD-2025-057610,1,PROD-025,1,21.97,19.95
ORD-2025-057610,2,PROD-010,2,38.03,72.21
ORD-2025-057611,1,PROD-009,1,61.97,53.15
ORD-2025-057611,2,PROD-010,1,38.03,26.74
ORD-2025-057611,3,PROD-042,1,73.24,66.88
ORD-2025-057612,1,PROD-014,1,9.9,9.69
ORD-2025-057613,1,PROD-032,1,19.72,11.45
ORD-2025-057614,1,PROD-009,1,61.97,59.3
ORD-2025-057614,2,PROD-006,1,32.39,28.18
ORD-2025-057614,3,PROD-022,1,9.01,8.0
ORD-2025-057615,1,PROD-010,2,38.03,75.0
ORD-2025-057616,1,PROD-043,1,107.04,98.94
ORD-2025-057616,2,PROD-009,3,61.97,162.6
ORD-2025-057617,1,PROD-019,1,29.58,27.66
ORD-2025-057618,1,PROD-001,1,12.9,11.13
ORD-2025-057618,2,PROD-043,1,107.04,63.88
ORD-2025-057618,3,PROD-002,1,11.9,9.77
ORD-2025-057618,4,PROD-009,1,61.97,58.18
ORD-2025-057619,1,PROD-009,2,61.97,112.74
ORD-2025-057620,1,PROD-026,1,14.65,9.72
ORD-2025-057621,1,PROD-009,1,61.97,51.53
ORD-2025-057622,1,PROD-029,1,24.79,19.66
ORD-2025-057622,2,PROD-043,2,107.04,98.99
ORD-2025-057623,1,PROD-009,3,61.97,166.97
ORD-2025-057623,2,PROD-027,1,21.13,20.64
ORD-2025-057624,1,PROD-010,1,38.03,33.19
ORD-2025-057625,1,PROD-018,1,50.7,46.92
ORD-2025-057625,2,PROD-043,3,107.04,257.22
ORD-2025-057626,1,PROD-031,2,53.52,91.21
ORD-2025-057626,2,PROD-009,2,61.97,108.73
ORD-2025-057626,3,PROD-030,1,49.3,46.45
ORD-2025-057627,1,PROD-036,2,11.55,14.13
ORD-2025-057628,1,PROD-056,1,101.41,98.96
ORD-2025-057629,1,PROD-003,1,14.37,12.74
ORD-2025-057630,1,PROD-020,1,10.14,8.97
ORD-2025-057630,2,PROD-060,1,42.25,38.67
ORD-2025-057630,3,PROD-036,1,11.55,11.22
ORD-2025-057631,1,PROD-009,1,61.97,28.82
ORD-2025-057632,1,PROD-052,1,46.48,43.31
ORD-2025-057632,2,PROD-002,1,11.9,11.25
ORD-2025-057633,1,PROD-009,1,61.97,60.63
ORD-2025-057634,1,PROD-055,1,74.65,62.35
ORD-2025-057634,2,PROD-018,1,50.7,31.61
ORD-2025-057635,1,PROD-003,1,14.37,13.95
ORD-2025-057635,2,PROD-002,1,11.9,11.78
ORD-2025-057636,1,PROD-025,1,21.97,9.89
ORD-2025-057636,2,PROD-055,1,74.65,38.66
ORD-2025-057637,1,PROD-018,1,50.7,40.09
ORD-2025-057638,1,PROD-040,1,15.21,10.11
ORD-2025-057638,2,PROD-009,1,61.97,31.92
ORD-2025-057639,1,PROD-030,1,49.3,46.52
ORD-2025-057640,1,PROD-014,1,9.9,7.61
ORD-2025-057640,2,PROD-009,2,61.97,104.25
ORD-2025-057641,1,PROD-018,3,50.7,149.71
ORD-2025-057641,2,PROD-010,1,38.03,37.65
ORD-2025-057641,3,PROD-028,2,17.18,32.24
ORD-2025-057641,4,PROD-043,1,107.04,103.91
ORD-2025-057641,5,PROD-007,1,17.18,16.9
ORD-2025-057642,1,PROD-043,1,107.04,91.54
ORD-2025-057643,1,PROD-011,1,14.9,13.76
ORD-2025-057643,2,PROD-018,1,50.7,49.73
ORD-2025-057643,3,PROD-005,1,20.28,19.72
ORD-2025-057644,1,PROD-001,2,12.9,23.9
ORD-2025-057644,2,PROD-056,1,101.41,75.23
ORD-2025-057645,1,PROD-060,1,42.25,39.7
ORD-2025-057646,1,PROD-038,1,7.89,7.77
ORD-2025-057647,1,PROD-023,1,7.89,7.38
ORD-2025-057648,1,PROD-010,1,38.03,34.12
ORD-2025-057649,1,PROD-010,2,38.03,60.51
ORD-2025-057650,1,PROD-003,1,14.37,12.87
ORD-2025-057651,1,PROD-002,1,11.9,10.21
ORD-2025-057651,2,PROD-009,1,61.97,57.45
ORD-2025-057651,3,PROD-005,1,20.28,16.86
ORD-2025-057652,1,PROD-009,2,61.97,108.06
ORD-2025-057653,1,PROD-009,1,61.97,49.5
ORD-2025-057654,1,PROD-033,3,52.11,70.35
ORD-2025-057654,2,PROD-009,1,61.97,32.12
ORD-2025-057655,1,PROD-009,2,61.97,114.4
ORD-2025-057655,2,PROD-003,2,14.37,27.61
ORD-2025-057656,1,PROD-004,2,20.28,39.3
ORD-2025-057657,1,PROD-036,1,11.55,5.2
ORD-2025-057657,2,PROD-040,1,15.21,13.74
ORD-2025-057658,1,PROD-009,1,61.97,57.01
ORD-2025-057659,1,PROD-055,1,74.65,33.59
ORD-2025-057660,1,PROD-054,1,59.15,49.06
ORD-2025-057661,1,PROD-033,3,52.11,118.94
ORD-2025-057661,2,PROD-034,3,9.01,23.07
ORD-2025-057662,1,PROD-001,1,12.9,10.46
ORD-2025-057662,2,PROD-044,1,40.85,35.25
ORD-2025-057663,1,PROD-018,1,50.7,29.11
ORD-2025-057664,1,PROD-006,1,32.39,22.6
ORD-2025-057664,2,PROD-005,2,20.28,34.09
ORD-2025-057664,3,PROD-034,1,9.01,8.23
ORD-2025-057664,4,PROD-041,2,11.83,20.8
ORD-2025-057665,1,PROD-009,2,61.97,114.58
ORD-2025-057666,1,PROD-042,2,73.24,137.9
ORD-2025-057666,2,PROD-035,1,10.14,10.01
ORD-2025-057666,3,PROD-010,1,38.03,37.32
ORD-2025-057667,1,PROD-009,1,61.97,58.74
ORD-2025-057668,1,PROD-060,1,42.25,30.32
ORD-2025-057669,1,PROD-036,1,11.55,9.88
ORD-2025-057670,1,PROD-009,1,61.97,55.54
ORD-2025-057671,1,PROD-010,1,38.03,35.35
ORD-2025-057672,1,PROD-056,1,101.41,45.63
ORD-2025-057673,1,PROD-018,1,50.7,49.62
ORD-2025-057674,1,PROD-009,1,61.97,58.52
ORD-2025-057675,1,PROD-009,1,61.97,57.02
ORD-2025-057676,1,PROD-019,1,29.58,28.16
ORD-2025-057676,2,PROD-043,1,107.04,104.51
ORD-2025-057677,1,PROD-036,2,11.55,19.43
ORD-2025-057678,1,PROD-037,4,9.86,37.26
ORD-2025-057678,2,PROD-009,1,61.97,59.34
ORD-2025-057679,1,PROD-002,1,11.9,10.43
ORD-2025-057680,1,PROD-008,1,9.9,9.15
ORD-2025-057681,1,PROD-009,1,61.97,57.89
ORD-2025-057682,1,PROD-031,1,53.52,52.86
ORD-2025-057683,1,PROD-005,1,20.28,10.03
ORD-2025-057684,1,PROD-003,1,14.37,14.12
ORD-2025-057685,1,PROD-009,2,61.97,104.56
ORD-2025-057685,2,PROD-043,2,107.04,197.3
ORD-2025-057685,3,PROD-001,1,12.9,10.62
ORD-2025-057686,1,PROD-005,1,20.28,13.87
ORD-2025-057687,1,PROD-004,1,20.28,18.79
ORD-2025-057688,1,PROD-038,1,7.89,7.6
ORD-2025-057688,2,PROD-043,4,107.04,384.06
ORD-2025-057688,3,PROD-009,1,61.97,54.11
ORD-2025-057689,1,PROD-043,2,107.04,180.0
ORD-2025-057689,2,PROD-019,1,29.58,27.91
ORD-2025-057690,1,PROD-043,2,107.04,199.97
ORD-2025-057691,1,PROD-034,2,9.01,11.98
ORD-2025-057691,2,PROD-001,2,12.9,19.88
ORD-2025-057691,3,PROD-021,1,15.49,7.65
ORD-2025-057692,1,PROD-038,3,7.89,21.4
ORD-2025-057692,2,PROD-005,2,20.28,32.35
ORD-2025-057692,3,PROD-001,1,12.9,10.6
ORD-2025-057693,1,PROD-009,1,61.97,52.9
ORD-2025-057694,1,PROD-009,1,61.97,28.19
ORD-2025-057695,1,PROD-009,2,61.97,118.7
ORD-2025-057695,2,PROD-043,4,107.04,406.2
ORD-2025-057696,1,PROD-041,3,11.83,33.37
ORD-2025-057696,2,PROD-010,3,38.03,101.75
ORD-2025-057696,3,PROD-025,1,21.97,21.15
ORD-2025-057696,4,PROD-003,1,14.37,13.86
ORD-2025-057697,1,PROD-043,1,107.04,104.62
ORD-2025-057698,1,PROD-003,3,14.37,40.77
ORD-2025-057698,2,PROD-041,1,11.83,11.68
ORD-2025-057699,1,PROD-030,1,49.3,47.66
ORD-2025-057700,1,PROD-037,1,9.86,8.26
ORD-2025-057700,2,PROD-043,1,107.04,68.93
ORD-2025-057701,1,PROD-043,2,107.04,96.34
ORD-2025-057701,2,PROD-046,1,259.15,116.62
ORD-2025-057702,1,PROD-033,1,52.11,49.69
ORD-2025-057702,2,PROD-043,1,107.04,94.08
ORD-2025-057702,3,PROD-009,2,61.97,115.96
ORD-2025-057703,1,PROD-059,1,52.11,28.39
ORD-2025-057704,1,PROD-005,2,20.28,29.85
ORD-2025-057704,2,PROD-007,1,17.18,16.11
ORD-2025-057704,3,PROD-003,1,14.37,12.57
ORD-2025-057705,1,PROD-010,1,38.03,34.63
ORD-2025-057705,2,PROD-007,2,17.18,30.33
ORD-2025-057706,1,PROD-003,1,14.37,13.26
ORD-2025-057707,1,PROD-043,1,107.04,98.22
ORD-2025-057708,1,PROD-031,1,53.52,27.2
ORD-2025-057708,2,PROD-027,1,21.13,9.51
ORD-2025-057709,1,PROD-010,1,38.03,36.48
ORD-2025-057710,1,PROD-009,1,61.97,60.64
ORD-2025-057710,2,PROD-018,2,50.7,99.0
ORD-2025-057710,3,PROD-029,1,24.79,23.88
ORD-2025-057711,1,PROD-003,2,14.37,26.39
ORD-2025-057711,2,PROD-009,2,61.97,118.41
ORD-2025-057711,3,PROD-002,2,11.9,23.04
ORD-2025-057712,1,PROD-009,1,61.97,56.37
ORD-2025-057713,1,PROD-006,1,32.39,29.66
ORD-2025-057713,2,PROD-043,1,107.04,95.73
ORD-2025-057714,1,PROD-003,1,14.37,13.33
ORD-2025-057715,1,PROD-009,1,61.97,60.33
ORD-2025-057716,1,PROD-043,2,107.04,204.02
ORD-2025-057717,1,PROD-018,2,50.7,88.33
ORD-2025-057717,2,PROD-009,2,61.97,121.8
ORD-2025-057718,1,PROD-009,2,61.97,112.2
ORD-2025-057719,1,PROD-009,2,61.97,118.56
ORD-2025-057719,2,PROD-032,2,19.72,37.5
ORD-2025-057720,1,PROD-033,3,52.11,144.62
ORD-2025-057721,1,PROD-009,2,61.97,122.27
ORD-2025-057722,1,PROD-010,1,38.03,35.62
ORD-2025-057723,1,PROD-001,1,12.9,12.4
ORD-2025-057724,1,PROD-009,2,61.97,111.66
ORD-2025-057725,1,PROD-009,1,61.97,61.45
ORD-2025-057725,2,PROD-017,1,12.5,12.39
ORD-2025-057725,3,PROD-032,1,19.72,18.48
ORD-2025-057725,4,PROD-031,1,53.52,52.9
ORD-2025-057725,5,PROD-043,1,107.04,104.34
ORD-2025-057726,1,PROD-054,1,59.15,26.62
ORD-2025-057727,1,PROD-009,1,61.97,52.68
ORD-2025-057727,2,PROD-043,3,107.04,287.31
ORD-2025-057728,1,PROD-004,1,20.28,17.83
ORD-2025-057729,1,PROD-020,1,10.14,9.9
ORD-2025-057730,1,PROD-060,1,42.25,24.4
ORD-2025-057731,1,PROD-043,1,107.04,72.96
ORD-2025-057732,1,PROD-043,1,107.04,94.87
ORD-2025-057732,2,PROD-002,2,11.9,23.24
ORD-2025-057733,1,PROD-056,1,101.41,53.78
ORD-2025-057734,1,PROD-009,1,61.97,54.71
ORD-2025-057735,1,PROD-009,3,61.97,184.96
ORD-2025-057736,1,PROD-009,2,61.97,83.81
ORD-2025-057737,1,PROD-001,1,12.9,12.64
ORD-2025-057737,2,PROD-043,2,107.04,212.05
ORD-2025-057738,1,PROD-028,1,17.18,16.61
ORD-2025-057738,2,PROD-042,1,73.24,69.87
ORD-2025-057739,1,PROD-035,4,10.14,35.78
ORD-2025-057740,1,PROD-048,1,55.77,49.04
ORD-2025-057740,2,PROD-030,2,49.3,76.16
ORD-2025-057741,1,PROD-009,1,61.97,60.04
ORD-2025-057741,2,PROD-043,2,107.04,211.21
ORD-2025-057741,3,PROD-037,1,9.86,9.83
ORD-2025-057742,1,PROD-003,1,14.37,12.49
ORD-2025-057742,2,PROD-013,1,11.9,8.94
ORD-2025-057743,1,PROD-006,1,32.39,30.86
ORD-2025-057743,2,PROD-032,3,19.72,54.24
ORD-2025-057743,3,PROD-016,1,8.9,7.67
ORD-2025-057744,1,PROD-043,3,107.04,313.19
ORD-2025-057744,2,PROD-038,1,7.89,7.03
ORD-2025-057745,1,PROD-003,1,14.37,14.09
ORD-2025-057745,2,PROD-006,3,32.39,96.21
ORD-2025-057746,1,PROD-009,1,61.97,56.27
ORD-2025-057747,1,PROD-016,2,8.9,15.53
ORD-2025-057748,1,PROD-042,3,73.24,180.81
ORD-2025-057749,1,PROD-041,1,11.83,10.03
ORD-2025-057749,2,PROD-019,2,29.58,40.16
ORD-2025-057750,1,PROD-043,1,107.04,96.77
ORD-2025-057750,2,PROD-009,1,61.97,57.6
ORD-2025-057751,1,PROD-010,1,38.03,30.59
ORD-2025-057751,2,PROD-018,1,50.7,46.39
ORD-2025-057751,3,PROD-003,2,14.37,27.79
ORD-2025-057752,1,PROD-009,2,61.97,114.37
ORD-2025-057753,1,PROD-002,1,11.9,9.74
ORD-2025-057754,1,PROD-006,1,32.39,30.72
ORD-2025-057755,1,PROD-009,3,61.97,182.1
ORD-2025-057756,1,PROD-005,2,20.28,36.61
ORD-2025-057757,1,PROD-004,1,20.28,17.52
ORD-2025-057757,2,PROD-009,2,61.97,105.98
ORD-2025-057757,3,PROD-038,1,7.89,7.36
ORD-2025-057757,4,PROD-018,2,50.7,87.34
ORD-2025-057758,1,PROD-010,1,38.03,18.26
ORD-2025-057758,2,PROD-041,2,11.83,19.58
ORD-2025-057759,1,PROD-010,2,38.03,69.6
ORD-2025-057760,1,PROD-004,1,20.28,19.1
ORD-2025-057761,1,PROD-009,2,61.97,117.38
ORD-2025-057762,1,PROD-030,1,49.3,29.47
ORD-2025-057763,1,PROD-009,1,61.97,55.69
ORD-2025-057764,1,PROD-043,3,107.04,231.11
ORD-2025-057765,1,PROD-009,1,61.97,57.46
ORD-2025-057765,2,PROD-006,2,32.39,61.04
ORD-2025-057766,1,PROD-010,1,38.03,35.55
ORD-2025-057767,1,PROD-042,1,73.24,69.29
ORD-2025-057768,1,PROD-037,3,9.86,29.26
ORD-2025-057768,2,PROD-009,1,61.97,61.57
ORD-2025-057769,1,PROD-052,1,46.48,43.17
ORD-2025-057769,2,PROD-043,1,107.04,88.92
ORD-2025-057770,1,PROD-004,3,20.28,50.19
ORD-2025-057770,2,PROD-007,1,17.18,14.55
ORD-2025-057770,3,PROD-031,1,53.52,45.7
ORD-2025-057770,4,PROD-010,1,38.03,29.08
ORD-2025-057771,1,PROD-055,1,74.65,69.22
ORD-2025-057771,2,PROD-035,2,10.14,18.12
ORD-2025-057772,1,PROD-009,1,61.97,55.08
ORD-2025-057773,1,PROD-010,1,38.03,36.25
ORD-2025-057773,2,PROD-043,1,107.04,105.62
ORD-2025-057774,1,PROD-009,2,61.97,117.94
ORD-2025-057775,1,PROD-010,1,38.03,34.73
ORD-2025-057776,1,PROD-022,1,9.01,7.86
ORD-2025-057776,2,PROD-030,2,49.3,92.14
ORD-2025-057776,3,PROD-009,2,61.97,101.25
ORD-2025-057777,1,PROD-024,1,8.73,8.32
ORD-2025-057777,2,PROD-009,2,61.97,110.65
ORD-2025-057777,3,PROD-010,2,38.03,55.6
ORD-2025-057777,4,PROD-018,1,50.7,46.12
ORD-2025-057778,1,PROD-009,2,61.97,120.4
ORD-2025-057778,2,PROD-004,1,20.28,20.05
ORD-2025-057778,3,PROD-002,1,11.9,11.5
ORD-2025-057779,1,PROD-028,1,17.18,16.8
ORD-2025-057779,2,PROD-042,1,73.24,70.97
ORD-2025-057780,1,PROD-050,1,61.97,57.14
ORD-2025-057781,1,PROD-002,3,11.9,34.91
ORD-2025-057782,1,PROD-009,2,61.97,116.73
ORD-2025-057782,2,PROD-003,3,14.37,39.21
ORD-2025-057783,1,PROD-032,2,19.72,30.72
ORD-2025-057784,1,PROD-044,1,40.85,39.43
ORD-2025-057784,2,PROD-030,1,49.3,43.38
ORD-2025-057785,1,PROD-053,1,53.52,47.06
ORD-2025-057785,2,PROD-030,1,49.3,35.59
ORD-2025-057786,1,PROD-009,3,61.97,169.96
ORD-2025-057786,2,PROD-047,1,108.45,93.43
ORD-2025-057787,1,PROD-009,1,61.97,27.89
ORD-2025-057788,1,PROD-009,1,61.97,57.64
ORD-2025-057788,2,PROD-031,1,53.52,51.87
ORD-2025-057788,3,PROD-005,1,20.28,
ORD-2025-057788,4,PROD-044,1,40.85,37.91
ORD-2025-057789,1,PROD-043,3,107.04,262.42
ORD-2025-057790,1,PROD-010,3,38.03,112.15
ORD-2025-057791,1,PROD-018,1,50.7,48.67
ORD-2025-057792,1,PROD-043,3,107.04,262.0
ORD-2025-057793,1,PROD-014,2,9.9,14.13
ORD-2025-057793,2,PROD-043,1,107.04,52.26
ORD-2025-057794,1,PROD-042,2,73.24,138.99
ORD-2025-057794,2,PROD-034,1,9.01,7.42
ORD-2025-057795,1,PROD-040,3,15.21,42.5
ORD-2025-057795,2,PROD-009,2,61.97,83.04
ORD-2025-057796,1,PROD-032,1,19.72,18.41
ORD-2025-057796,2,PROD-010,1,38.03,36.39
ORD-2025-057797,1,PROD-002,2,11.9,23.25
ORD-2025-057798,1,PROD-010,1,38.03,34.84
ORD-2025-057799,1,PROD-028,1,17.18,17.0
ORD-2025-057799,2,PROD-009,1,61.97,60.19
ORD-2025-057799,3,PROD-043,1,107.04,104.46
ORD-2025-057800,1,PROD-009,2,61.97,119.5
ORD-2025-057801,1,PROD-009,3,61.97,155.68
ORD-2025-057802,1,PROD-010,1,38.03,35.25
ORD-2025-057803,1,PROD-031,1,53.52,48.16
ORD-2025-057804,1,PROD-026,1,14.65,10.05
ORD-2025-057805,1,PROD-036,1,11.55,10.22
ORD-2025-057805,2,PROD-009,1,61.97,54.61
ORD-2025-057806,1,PROD-006,1,32.39,32.0
ORD-2025-057806,2,PROD-035,2,10.14,18.28
ORD-2025-057806,3,PROD-010,1,38.03,33.43
ORD-2025-057806,4,PROD-005,2,20.28,35.36
ORD-2025-057807,1,PROD-006,1,32.39,31.65
ORD-2025-057808,1,PROD-009,1,61.97,61.54
ORD-2025-057808,2,PROD-034,3,9.01,26.65
ORD-2025-057809,1,PROD-019,1,29.58,28.49
ORD-2025-057809,2,PROD-056,1,101.41,98.41
ORD-2025-057810,1,PROD-002,2,11.9,21.1
ORD-2025-057810,2,PROD-001,1,12.9,11.37
ORD-2025-057810,3,PROD-004,3,20.28,58.27
ORD-2025-057811,1,PROD-018,2,50.7,81.06
ORD-2025-057812,1,PROD-048,1,55.77,38.62
ORD-2025-057812,2,PROD-043,2,107.04,192.71
ORD-2025-057813,1,PROD-055,1,74.65,33.59
ORD-2025-057814,1,PROD-014,1,9.9,7.78
ORD-2025-057815,1,PROD-010,1,38.03,37.33
ORD-2025-057816,1,PROD-009,1,61.97,58.03
ORD-2025-057816,2,PROD-001,3,12.9,38.01
ORD-2025-057817,1,PROD-007,1,17.18,16.41
ORD-2025-057817,2,PROD-005,2,20.28,35.13
ORD-2025-057818,1,PROD-043,2,107.04,208.64
ORD-2025-057818,2,PROD-018,1,50.7,46.99
ORD-2025-057819,1,PROD-010,1,38.03,36.67
ORD-2025-057820,1,PROD-035,2,10.14,19.39
ORD-2025-057820,2,PROD-009,1,61.97,42.0
ORD-2025-057820,3,PROD-039,3,8.17,20.45
ORD-2025-057821,1,PROD-044,1,40.85,31.8
ORD-2025-057822,1,PROD-006,1,32.39,27.46
ORD-2025-057823,1,PROD-042,1,73.24,71.13
ORD-2025-057824,1,PROD-009,1,61.97,54.31
ORD-2025-057825,1,PROD-010,1,38.03,32.97
ORD-2025-057826,1,PROD-008,1,9.9,9.4
ORD-2025-057827,1,PROD-003,1,14.37,13.44
ORD-2025-057828,1,PROD-037,2,9.86,16.16
ORD-2025-057828,2,PROD-043,2,107.04,154.03
ORD-2025-057829,1,PROD-009,1,61.97,55.48
ORD-2025-057830,1,PROD-001,2,12.9,18.93
ORD-2025-057831,1,PROD-019,3,29.58,85.41
ORD-2025-057831,2,PROD-008,2,9.9,17.33
ORD-2025-057832,1,PROD-018,2,50.7,100.25
ORD-2025-057833,1,PROD-009,1,61.97,60.37
ORD-2025-057833,2,PROD-034,2,9.01,17.66
ORD-2025-057834,1,PROD-010,1,38.03,33.94
ORD-2025-057835,1,PROD-011,2,14.9,29.59
ORD-2025-057835,2,PROD-030,1,49.3,45.68
ORD-2025-057836,1,PROD-009,2,61.97,110.03
ORD-2025-057836,2,PROD-007,1,17.18,15.0
ORD-2025-057837,1,PROD-001,1,12.9,12.48
ORD-2025-057837,2,PROD-039,3,8.17,22.36
ORD-2025-057837,3,PROD-034,1,9.01,7.88
ORD-2025-057838,1,PROD-009,1,61.97,55.13
ORD-2025-057838,2,PROD-017,2,12.5,23.54
ORD-2025-057839,1,PROD-007,1,17.18,15.14
ORD-2025-057840,1,PROD-031,2,53.52,100.61
ORD-2025-057841,1,PROD-014,1,9.9,9.31
ORD-2025-057842,1,PROD-032,1,19.72,19.27
ORD-2025-057843,1,PROD-008,1,9.9,9.49
ORD-2025-057844,1,PROD-005,1,20.28,11.06
ORD-2025-057844,2,PROD-055,1,74.65,33.59
ORD-2025-057845,1,PROD-024,1,8.73,7.62
ORD-2025-057845,2,PROD-035,1,10.14,9.57
ORD-2025-057845,3,PROD-005,3,20.28,56.96
ORD-2025-057846,1,PROD-043,1,107.04,97.59
ORD-2025-057846,2,PROD-009,1,61.97,59.83
ORD-2025-057847,1,PROD-043,1,107.04,93.8
ORD-2025-057847,2,PROD-018,1,50.7,45.48
ORD-2025-057848,1,PROD-009,1,61.97,58.92
ORD-2025-057848,2,PROD-034,3,9.01,25.74
ORD-2025-057848,3,PROD-005,1,20.28,19.98
ORD-2025-057849,1,PROD-047,1,108.45,48.8
ORD-2025-057849,2,PROD-017,2,12.5,19.03
ORD-2025-057850,1,PROD-009,1,61.97,40.99
ORD-2025-057851,1,PROD-041,1,11.83,11.32
ORD-2025-057851,2,PROD-005,1,20.28,16.01
ORD-2025-057852,1,PROD-002,1,11.9,11.03
ORD-2025-057853,1,PROD-057,1,521.13,401.69
ORD-2025-057854,1,PROD-009,1,61.97,53.12
ORD-2025-057855,1,PROD-039,3,8.17,21.57
ORD-2025-057856,1,PROD-030,2,49.3,78.45
ORD-2025-057857,1,PROD-018,1,50.7,48.97
ORD-2025-057858,1,PROD-005,2,20.28,39.47
ORD-2025-057859,1,PROD-009,2,61.97,75.91
ORD-2025-057860,1,PROD-043,1,107.04,104.9
ORD-2025-057860,2,PROD-009,1,61.97,49.97
ORD-2025-057861,1,PROD-009,1,61.97,53.11
ORD-2025-057862,1,PROD-009,2,61.97,116.59
ORD-2025-057862,2,PROD-043,2,107.04,201.94
ORD-2025-057863,1,PROD-009,2,61.97,107.05
ORD-2025-057864,1,PROD-045,1,72.68,69.28
ORD-2025-057864,2,PROD-009,1,61.97,55.15
ORD-2025-057865,1,PROD-006,1,32.39,31.1
ORD-2025-057866,1,PROD-009,2,61.97,123.72
ORD-2025-057867,1,PROD-002,1,11.9,11.51
ORD-2025-057867,2,PROD-035,1,10.14,8.97
ORD-2025-057868,1,PROD-009,2,61.97,116.03
ORD-2025-057869,1,PROD-005,2,20.28,34.97
ORD-2025-057870,1,PROD-008,1,9.9,8.71
ORD-2025-057870,2,PROD-005,1,20.28,17.09
ORD-2025-057871,1,PROD-009,1,61.97,55.46
ORD-2025-057871,2,PROD-034,1,9.01,8.58
ORD-2025-057871,3,PROD-015,1,26.76,25.22
ORD-2025-057872,1,PROD-005,3,20.28,60.43
ORD-2025-057872,2,PROD-043,3,107.04,308.47
ORD-2025-057872,3,PROD-007,2,17.18,32.29
ORD-2025-057873,1,PROD-025,2,21.97,40.67
ORD-2025-057874,1,PROD-030,1,49.3,40.75
ORD-2025-057874,2,PROD-060,1,42.25,22.49
ORD-2025-057875,1,PROD-018,1,50.7,36.54
ORD-2025-057876,1,PROD-009,1,61.97,56.0
ORD-2025-057877,1,PROD-009,2,61.97,103.61
ORD-2025-057878,1,PROD-009,1,61.97,60.85
ORD-2025-057879,1,PROD-047,1,108.45,63.63
ORD-2025-057879,2,PROD-018,1,50.7,48.1
ORD-2025-057880,1,PROD-055,1,74.65,53.74
ORD-2025-057881,1,PROD-009,1,61.97,59.43
ORD-2025-057882,1,PROD-022,1,9.01,8.07
ORD-2025-057883,1,PROD-010,2,38.03,67.86
ORD-2025-057883,2,PROD-009,3,61.97,167.21
ORD-2025-057883,3,PROD-006,2,32.39,55.06
ORD-2025-057884,1,PROD-010,1,38.03,37.28
ORD-2025-057885,1,PROD-003,3,14.37,41.16
ORD-2025-057885,2,PROD-043,1,107.04,102.77
ORD-2025-057886,1,PROD-009,1,61.97,59.97
ORD-2025-057887,1,PROD-036,2,11.55,19.47
ORD-2025-057887,2,PROD-035,1,10.14,8.49
ORD-2025-057888,1,PROD-032,3,19.72,42.35
ORD-2025-057888,2,PROD-022,2,9.01,8.11
ORD-2025-057889,1,PROD-010,1,38.03,32.3
ORD-2025-057889,2,PROD-009,1,61.97,50.24
ORD-2025-057889,3,PROD-043,1,107.04,97.03
ORD-2025-057890,1,PROD-030,1,49.3,22.48
ORD-2025-057891,1,PROD-009,1,61.97,57.73
ORD-2025-057891,2,PROD-010,2,38.03,60.19
ORD-2025-057891,3,PROD-043,1,107.04,73.81
ORD-2025-057892,1,PROD-001,3,12.9,36.22
ORD-2025-057892,2,PROD-003,2,14.37,27.92
ORD-2025-057892,3,PROD-009,2,61.97,119.24
ORD-2025-057892,4,PROD-037,3,9.86,28.08
ORD-2025-057893,1,PROD-056,1,101.41,68.59
ORD-2025-057893,2,PROD-002,1,11.9,8.73
ORD-2025-057894,1,PROD-003,1,14.37,12.22
ORD-2025-057895,1,PROD-004,2,20.28,38.84
ORD-2025-057896,1,PROD-009,1,61.97,51.86
ORD-2025-057897,1,PROD-060,1,42.25,19.01
ORD-2025-057898,1,PROD-010,3,38.03,112.55
ORD-2025-057899,1,PROD-004,2,20.28,31.3
ORD-2025-057899,2,PROD-010,2,38.03,67.41
ORD-2025-057900,1,PROD-009,1,61.97,60.25
ORD-2025-057901,1,PROD-037,1,9.86,7.47
ORD-2025-057901,2,PROD-009,2,61.97,116.49
ORD-2025-057902,1,PROD-010,1,38.03,36.55
ORD-2025-057902,2,PROD-007,1,17.18,15.19
ORD-2025-057903,1,PROD-004,3,20.28,43.74
ORD-2025-057904,1,PROD-048,1,55.77,29.88
ORD-2025-057905,1,PROD-018,2,50.7,89.57
ORD-2025-057906,1,PROD-004,1,20.28,19.15
ORD-2025-057907,1,PROD-009,2,61.97,121.5
ORD-2025-057907,2,PROD-008,2,9.9,18.69
ORD-2025-057907,3,PROD-016,2,8.9,17.65
ORD-2025-057908,1,PROD-043,2,107.04,195.63
ORD-2025-057908,2,PROD-007,2,17.18,31.6
ORD-2025-057909,1,PROD-030,1,49.3,34.39
ORD-2025-057909,2,PROD-042,2,73.24,123.69
ORD-2025-057910,1,PROD-052,1,46.48,42.95
ORD-2025-057911,1,PROD-042,1,73.24,32.96
ORD-2025-057912,1,PROD-035,2,10.14,9.19
ORD-2025-057913,1,PROD-009,1,61.97,60.99
ORD-2025-057913,2,PROD-007,1,17.18,16.81
ORD-2025-057914,1,PROD-045,1,72.68,71.04
ORD-2025-057915,1,PROD-032,4,19.72,75.57
ORD-2025-057915,2,PROD-010,1,38.03,37.46
ORD-2025-057916,1,PROD-009,1,61.97,59.86
ORD-2025-057917,1,PROD-002,1,11.9,9.69
ORD-2025-057918,1,PROD-003,2,14.37,28.35
ORD-2025-057919,1,PROD-009,2,61.97,79.23
ORD-2025-057920,1,PROD-009,1,61.97,60.53
ORD-2025-057921,1,PROD-010,3,38.03,113.05
ORD-2025-057921,2,PROD-043,1,107.04,105.04
ORD-2025-057922,1,PROD-048,1,55.77,48.91
ORD-2025-057922,2,PROD-028,1,17.18,16.76
ORD-2025-057923,1,PROD-009,3,61.97,176.04
ORD-2025-057924,1,PROD-005,2,20.28,38.54
ORD-2025-057924,2,PROD-006,2,32.39,50.59
ORD-2025-057924,3,PROD-018,2,50.7,98.2
ORD-2025-057925,1,PROD-010,2,38.03,71.28
ORD-2025-057925,2,PROD-018,1,50.7,50.26
ORD-2025-057925,3,PROD-029,1,24.79,24.06
ORD-2025-057925,4,PROD-025,1,21.97,21.32
ORD-2025-057926,1,PROD-002,3,11.9,34.95
ORD-2025-057927,1,PROD-043,1,107.04,62.68
ORD-2025-057928,1,PROD-043,4,107.04,411.93
ORD-2025-057929,1,PROD-009,1,61.97,38.75
ORD-2025-057929,2,PROD-042,2,73.24,93.21
ORD-2025-057930,1,PROD-034,2,9.01,16.7
ORD-2025-057931,1,PROD-009,2,61.97,115.4
ORD-2025-057931,2,PROD-007,2,17.18,33.48
ORD-2025-057931,3,PROD-028,1,17.18,14.2
ORD-2025-057932,1,PROD-043,1,107.04,48.17
ORD-2025-057932,2,PROD-030,2,49.3,57.11
ORD-2025-057933,1,PROD-009,2,61.97,117.33
ORD-2025-057933,2,PROD-001,1,12.9,12.68
ORD-2025-057933,3,PROD-010,2,38.03,75.34
ORD-2025-057933,4,PROD-028,2,17.18,28.11
ORD-2025-057933,5,PROD-004,1,20.28,19.99
ORD-2025-057934,1,PROD-043,2,107.04,195.67
ORD-2025-057935,1,PROD-009,1,61.97,58.31
ORD-2025-057936,1,PROD-018,2,50.7,94.34
ORD-2025-057937,1,PROD-019,1,29.58,25.17
ORD-2025-057938,1,PROD-043,3,107.04,291.13
ORD-2025-057938,2,PROD-001,2,12.9,24.95
ORD-2025-057939,1,PROD-010,1,38.03,33.94
ORD-2025-057939,2,PROD-013,2,11.9,23.65
ORD-2025-057939,3,PROD-004,1,20.28,19.8
ORD-2025-057939,4,PROD-043,1,107.04,83.03
ORD-2025-057940,1,PROD-009,2,61.97,119.11
ORD-2025-057941,1,PROD-059,1,52.11,47.92
ORD-2025-057942,1,PROD-009,1,61.97,54.52
ORD-2025-057942,2,PROD-010,3,38.03,87.61
ORD-2025-057943,1,PROD-017,1,12.5,10.64
ORD-2025-057944,1,PROD-007,1,17.18,16.34
ORD-2025-057945,1,PROD-031,2,53.52,83.72
ORD-2025-057945,2,PROD-023,1,7.89,4.73
ORD-2025-057946,1,PROD-009,2,61.97,119.09
ORD-2025-057947,1,PROD-031,1,53.52,51.44
ORD-2025-057947,2,PROD-037,4,9.86,39.1
ORD-2025-057948,1,PROD-004,1,20.28,19.87
ORD-2025-057948,2,PROD-043,1,107.04,99.72
ORD-2025-057949,1,PROD-054,1,59.15,26.62
ORD-2025-057949,2,PROD-019,3,29.58,54.03
ORD-2025-057950,1,PROD-001,3,12.9,37.81
ORD-2025-057950,2,PROD-007,1,17.18,16.32
ORD-2025-057950,3,PROD-043,2,107.04,213.27
ORD-2025-057951,1,PROD-043,2,107.04,202.18
ORD-2025-057952,1,PROD-054,1,59.15,26.62
ORD-2025-057953,1,PROD-009,1,61.97,39.52
ORD-2025-057954,1,PROD-043,1,107.04,105.51
ORD-2025-057955,1,PROD-002,1,11.9,11.79
ORD-2025-057955,2,PROD-031,1,53.52,43.61
ORD-2025-057955,3,PROD-020,2,10.14,14.84
ORD-2025-057956,1,PROD-004,2,20.28,35.88
ORD-2025-057957,1,PROD-009,2,61.97,118.08
ORD-2025-057958,1,PROD-018,1,50.7,22.81
ORD-2025-057959,1,PROD-021,1,15.49,14.31
ORD-2025-057959,2,PROD-004,3,20.28,53.08
ORD-2025-057960,1,PROD-010,2,38.03,63.25
ORD-2025-057961,1,PROD-009,2,61.97,93.98
ORD-2025-057962,1,PROD-043,2,107.04,190.75
ORD-2025-057963,1,PROD-009,1,61.97,52.92
ORD-2025-057963,2,PROD-002,2,11.9,11.92
ORD-2025-057963,3,PROD-043,1,107.04,81.31
ORD-2025-057964,1,PROD-009,2,61.97,118.7
ORD-2025-057964,2,PROD-030,1,49.3,48.97
ORD-2025-057964,3,PROD-002,2,11.9,23.35
ORD-2025-057965,1,PROD-043,3,107.04,298.77
ORD-2025-057966,1,PROD-009,1,61.97,53.89
ORD-2025-057967,1,PROD-043,2,107.04,118.21
ORD-2025-057967,2,PROD-050,1,61.97,54.01
ORD-2025-057968,1,PROD-016,2,8.9,14.29
ORD-2025-057969,1,PROD-010,2,38.03,74.77
ORD-2025-057969,2,PROD-040,1,15.21,14.68
ORD-2025-057969,3,PROD-006,3,32.39,93.72
ORD-2025-057970,1,PROD-052,1,46.48,45.36
ORD-2025-057971,1,PROD-030,1,49.3,46.99
ORD-2025-057972,1,PROD-030,1,49.3,42.31
ORD-2025-057973,1,PROD-006,1,32.39,31.42
ORD-2025-057974,1,PROD-009,2,61.97,114.17
ORD-2025-057975,1,PROD-009,2,61.97,122.22
ORD-2025-057976,1,PROD-009,1,61.97,56.27
ORD-2025-057977,1,PROD-026,1,14.65,14.44
ORD-2025-057978,1,PROD-006,2,32.39,60.72
ORD-2025-057978,2,PROD-043,2,107.04,118.96
ORD-2025-057979,1,PROD-018,2,50.7,86.53
ORD-2025-057979,2,PROD-006,1,32.39,22.86
ORD-2025-057980,1,PROD-009,3,61.97,175.28
ORD-2025-057981,1,PROD-027,1,21.13,21.0
ORD-2025-057981,2,PROD-034,3,9.01,26.7
ORD-2025-057982,1,PROD-058,1,39.44,23.42
ORD-2025-057983,1,PROD-006,1,32.39,30.75
ORD-2025-057983,2,PROD-009,1,61.97,58.05
ORD-2025-057984,1,PROD-025,1,21.97,18.09
ORD-2025-057984,2,PROD-038,3,7.89,21.88
ORD-2025-057985,1,PROD-042,1,73.24,70.74
ORD-2025-057985,2,PROD-035,1,10.14,8.37
ORD-2025-057986,1,PROD-010,3,38.03,108.13
ORD-2025-057987,1,PROD-010,1,38.03,37.57
ORD-2025-057988,1,PROD-026,1,14.65,14.27
ORD-2025-057988,2,PROD-009,2,61.97,115.91
ORD-2025-057988,3,PROD-005,3,20.28,56.16
ORD-2025-057989,1,PROD-016,3,8.9,22.51
ORD-2025-057990,1,PROD-009,2,61.97,118.07
ORD-2025-057991,1,PROD-054,1,59.15,38.12
ORD-2025-057992,1,PROD-032,3,19.72,55.94
ORD-2025-057993,1,PROD-001,1,12.9,11.26
ORD-2025-057994,1,PROD-018,1,50.7,49.95
ORD-2025-057994,2,PROD-031,1,53.52,48.08
ORD-2025-057994,3,PROD-038,1,7.89,7.57
ORD-2025-057994,4,PROD-010,2,38.03,73.48
ORD-2025-057995,1,PROD-059,1,52.11,25.76
ORD-2025-057996,1,PROD-009,3,61.97,164.62
ORD-2025-057997,1,PROD-043,1,107.04,103.48
ORD-2025-057997,2,PROD-009,1,61.97,59.52
ORD-2025-057997,3,PROD-042,1,73.24,70.64
ORD-2025-057998,1,PROD-006,2,32.39,62.18
ORD-2025-057999,1,PROD-025,1,21.97,20.28
ORD-2025-057999,2,PROD-027,1,21.13,20.5
ORD-2025-058000,1,PROD-010,1,38.03,32.1
ORD-2025-058000,2,PROD-006,1,32.39,26.32
ORD-2025-058001,1,PROD-023,1,7.89,7.4
ORD-2025-058001,2,PROD-007,1,17.18,13.45
ORD-2025-058002,1,PROD-004,3,20.28,60.57
ORD-2025-058003,1,PROD-017,1,12.5,11.26
ORD-2025-058003,2,PROD-023,1,7.89,7.69
ORD-2025-058003,3,PROD-051,1,36.06,34.9
ORD-2025-058003,4,PROD-001,3,12.9,37.36
ORD-2025-058004,1,PROD-056,1,101.41,95.16
ORD-2025-058005,1,PROD-001,1,12.9,9.5
ORD-2025-058005,2,PROD-009,2,61.97,110.65
ORD-2025-058005,3,PROD-035,2,10.14,14.52
ORD-2025-058006,1,PROD-044,1,40.85,37.97
ORD-2025-058006,2,PROD-018,1,50.7,47.93
ORD-2025-058007,1,PROD-005,1,20.28,18.07
ORD-2025-058008,1,PROD-010,3,38.03,107.29
ORD-2025-058008,2,PROD-035,2,10.14,15.35
ORD-2025-058008,3,PROD-009,1,61.97,57.78
ORD-2025-058009,1,PROD-001,2,12.9,24.5
ORD-2025-058010,1,PROD-009,2,61.97,55.77
ORD-2025-058011,1,PROD-030,1,49.3,45.67
ORD-2025-058012,1,PROD-043,2,107.04,203.12
ORD-2025-058012,2,PROD-006,2,32.39,64.16
ORD-2025-058013,1,PROD-040,4,15.21,57.82
ORD-2025-058014,1,PROD-031,2,53.52,101.66
ORD-2025-058015,1,PROD-043,1,107.04,99.85
ORD-2025-058015,2,PROD-042,3,73.24,182.1
ORD-2025-058015,3,PROD-017,1,12.5,11.26
ORD-2025-058016,1,PROD-042,4,73.24,276.14
ORD-2025-058016,2,PROD-018,1,50.7,38.43
ORD-2025-058017,1,PROD-009,1,61.97,41.06
ORD-2025-058018,1,PROD-043,1,107.04,106.33
ORD-2025-058018,2,PROD-018,3,50.7,149.58
ORD-2025-058019,1,PROD-003,1,14.37,13.11
ORD-2025-058019,2,PROD-001,1,12.9,11.28
ORD-2025-058020,1,PROD-007,1,17.18,16.35
ORD-2025-058020,2,PROD-036,2,11.55,20.79
ORD-2025-058020,3,PROD-055,1,74.65,62.5
ORD-2025-058021,1,PROD-001,1,12.9,12.43
ORD-2025-058021,2,PROD-056,1,101.41,84.81
ORD-2025-058022,1,PROD-019,1,29.58,29.08
ORD-2025-058022,2,PROD-040,1,15.21,14.48
ORD-2025-058023,1,PROD-008,2,9.9,18.79
ORD-2025-058024,1,PROD-009,1,61.97,44.57
ORD-2025-058025,1,PROD-043,3,107.04,295.59
ORD-2025-058026,1,PROD-056,1,101.41,45.63
ORD-2025-058027,1,PROD-009,2,61.97,113.9
ORD-2025-058028,1,PROD-001,2,12.9,25.22
ORD-2025-058029,1,PROD-009,2,61.97,115.47
ORD-2025-058029,2,PROD-004,1,20.28,19.01
ORD-2025-058029,3,PROD-037,3,9.86,27.28
ORD-2025-058030,1,PROD-043,1,107.04,48.17
ORD-2025-058030,2,PROD-034,2,9.01,9.16
ORD-2025-058031,1,PROD-005,2,20.28,40.17
ORD-2025-058032,1,PROD-009,1,61.97,52.01
ORD-2025-058033,1,PROD-007,2,17.18,32.05
ORD-2025-058033,2,PROD-034,1,9.01,8.86
ORD-2025-058033,3,PROD-031,1,53.52,41.17
ORD-2025-058034,1,PROD-035,1,10.14,5.47
ORD-2025-058034,2,PROD-054,1,59.15,52.6
ORD-2025-058035,1,PROD-009,1,61.97,52.29
ORD-2025-058036,1,PROD-038,2,7.89,15.3
ORD-2025-058036,2,PROD-003,1,14.37,14.32
ORD-2025-058037,1,PROD-026,1,14.65,11.34
ORD-2025-058037,2,PROD-009,1,61.97,45.11
ORD-2025-058038,1,PROD-039,2,8.17,14.31
ORD-2025-058039,1,PROD-008,1,9.9,9.42
ORD-2025-058040,1,PROD-001,1,12.9,11.8
ORD-2025-058040,2,PROD-009,3,61.97,185.54
ORD-2025-058040,3,PROD-018,3,50.7,147.77
ORD-2025-058041,1,PROD-035,4,10.14,39.44
ORD-2025-058042,1,PROD-041,1,11.83,10.58
ORD-2025-058043,1,PROD-037,4,9.86,36.55
ORD-2025-058044,1,PROD-001,1,12.9,9.5
ORD-2025-058045,1,PROD-043,4,107.04,195.8
ORD-2025-058046,1,PROD-009,1,61.97,59.21
ORD-2025-058046,2,PROD-005,1,20.28,20.13
ORD-2025-058047,1,PROD-010,1,38.03,36.04
ORD-2025-058047,2,PROD-034,1,9.01,8.77
ORD-2025-058048,1,PROD-010,1,38.03,37.19
ORD-2025-058048,2,PROD-043,2,107.04,209.73
ORD-2025-058049,1,PROD-036,1,11.55,11.39
ORD-2025-058050,1,PROD-009,3,61.97,173.94
ORD-2025-058051,1,PROD-001,2,12.9,24.4
ORD-2025-058052,1,PROD-009,2,61.97,121.92
ORD-2025-058052,2,PROD-035,2,10.14,19.7
ORD-2025-058052,3,PROD-043,1,107.04,103.52
ORD-2025-058052,4,PROD-006,1,32.39,32.15
ORD-2025-058053,1,PROD-010,1,38.03,34.41
ORD-2025-058053,2,PROD-043,3,107.04,303.17
ORD-2025-058053,3,PROD-011,3,14.9,43.42
ORD-2025-058053,4,PROD-004,1,20.28,18.21
ORD-2025-058054,1,PROD-009,1,61.97,60.28
ORD-2025-058055,1,PROD-026,1,14.65,8.74
ORD-2025-058056,1,PROD-005,2,20.28,37.7
ORD-2025-058057,1,PROD-005,1,20.28,19.28
ORD-2025-058058,1,PROD-009,2,61.97,114.38
ORD-2025-058058,2,PROD-024,1,8.73,7.02
ORD-2025-058058,3,PROD-013,1,11.9,10.74
ORD-2025-058058,4,PROD-018,1,50.7,45.27
ORD-2025-058058,5,PROD-007,2,17.18,25.75
ORD-2025-058059,1,PROD-010,1,38.03,34.49
ORD-2025-058059,2,PROD-019,2,29.58,56.42
ORD-2025-058059,3,PROD-011,1,14.9,13.19
ORD-2025-058059,4,PROD-031,1,53.52,46.77
ORD-2025-058059,5,PROD-039,3,8.17,19.74
ORD-2025-058060,1,PROD-043,2,107.04,207.12
ORD-2025-058060,2,PROD-022,1,9.01,7.89
ORD-2025-058061,1,PROD-043,1,107.04,76.36
ORD-2025-058062,1,PROD-009,3,61.97,181.78
ORD-2025-058062,2,PROD-001,1,12.9,12.52
ORD-2025-058062,3,PROD-050,1,61.97,57.21
ORD-2025-058063,1,PROD-023,1,7.89,7.46
ORD-2025-058064,1,PROD-009,1,61.97,57.66
ORD-2025-058065,1,PROD-017,1,12.5,9.35
ORD-2025-058066,1,PROD-021,1,15.49,14.95
ORD-2025-058067,1,PROD-009,1,61.97,49.95
ORD-2025-058068,1,PROD-031,2,53.52,98.24
ORD-2025-058068,2,PROD-005,1,20.28,18.22
ORD-2025-058068,3,PROD-001,1,12.9,10.98
ORD-2025-058068,4,PROD-009,2,61.97,116.8
ORD-2025-058069,1,PROD-002,1,11.9,6.69
ORD-2025-058070,1,PROD-010,1,38.03,34.48
ORD-2025-058070,2,PROD-035,1,10.14,6.92
ORD-2025-058071,1,PROD-003,1,14.37,13.11
ORD-2025-058072,1,PROD-001,3,12.9,37.41
ORD-2025-058072,2,PROD-003,1,14.37,13.97
ORD-2025-058072,3,PROD-034,2,9.01,15.36
ORD-2025-058073,1,PROD-031,2,53.52,48.17
ORD-2025-058073,2,PROD-056,1,101.41,84.78
ORD-2025-058074,1,PROD-009,3,61.97,176.65
ORD-2025-058075,1,PROD-002,2,11.9,22.28
ORD-2025-058075,2,PROD-043,2,107.04,208.9
ORD-2025-058076,1,PROD-010,1,38.03,35.09
ORD-2025-058077,1,PROD-035,1,10.14,9.97
ORD-2025-058078,1,PROD-009,2,61.97,97.32
ORD-2025-058079,1,PROD-009,1,61.97,56.88
ORD-2025-058080,1,PROD-009,1,61.97,56.72
ORD-2025-058081,1,PROD-001,3,12.9,37.94
ORD-2025-058082,1,PROD-009,1,61.97,54.34
ORD-2025-058082,2,PROD-056,1,101.41,100.19
ORD-2025-058083,1,PROD-018,2,50.7,93.75
ORD-2025-058084,1,PROD-010,1,38.03,37.43
ORD-2025-058085,1,PROD-007,3,17.18,50.48
ORD-2025-058086,1,PROD-034,2,9.01,13.27
ORD-2025-058086,2,PROD-030,1,49.3,45.66
ORD-2025-058087,1,PROD-017,1,12.5,11.46
ORD-2025-058088,1,PROD-008,3,9.9,28.2
ORD-2025-058089,1,PROD-009,1,61.97,56.06
ORD-2025-058089,2,PROD-042,2,73.24,144.02
ORD-2025-058089,3,PROD-055,1,74.65,71.49
ORD-2025-058090,1,PROD-008,1,9.9,9.67
ORD-2025-058090,2,PROD-005,1,20.28,19.65
ORD-2025-058091,1,PROD-017,1,12.5,6.46
ORD-2025-058091,2,PROD-042,1,73.24,45.85
ORD-2025-058092,1,PROD-030,1,49.3,46.34
ORD-2025-058093,1,PROD-009,1,61.97,56.36
ORD-2025-058093,2,PROD-017,3,12.5,35.66
ORD-2025-058093,3,PROD-035,3,10.14,28.14
ORD-2025-058094,1,PROD-044,1,40.85,37.96
ORD-2025-058095,1,PROD-009,2,61.97,115.08
ORD-2025-058096,1,PROD-043,2,107.04,194.06
ORD-2025-058096,2,PROD-006,2,32.39,61.51
ORD-2025-058097,1,PROD-043,1,107.04,71.4
ORD-2025-058097,2,PROD-056,1,101.41,51.51
ORD-2025-058098,1,PROD-021,1,15.49,12.29
ORD-2025-058098,2,PROD-043,2,107.04,186.72
ORD-2025-058098,3,PROD-050,1,61.97,53.59
ORD-2025-058099,1,PROD-001,1,12.9,9.56
ORD-2025-058099,2,PROD-018,3,50.7,129.18
ORD-2025-058100,1,PROD-040,3,15.21,45.0
ORD-2025-058100,2,PROD-002,3,11.9,29.45
ORD-2025-058100,3,PROD-017,3,12.5,28.86
ORD-2025-058101,1,PROD-009,1,61.97,60.35
ORD-2025-058102,1,PROD-001,2,12.9,23.99
ORD-2025-058103,1,PROD-009,1,61.97,52.61
ORD-2025-058104,1,PROD-038,1,7.89,4.29
ORD-2025-058104,2,PROD-021,1,15.49,12.05
ORD-2025-058105,1,PROD-025,1,21.97,10.1
ORD-2025-058105,2,PROD-022,2,9.01,12.48
ORD-2025-058106,1,PROD-006,1,32.39,32.14
ORD-2025-058107,1,PROD-009,2,61.97,114.36
ORD-2025-058108,1,PROD-003,1,14.37,13.44
ORD-2025-058109,1,PROD-003,3,14.37,36.96
ORD-2025-058110,1,PROD-006,2,32.39,61.8
ORD-2025-058111,1,PROD-003,1,14.37,13.27
ORD-2025-058111,2,PROD-006,1,32.39,25.99
ORD-2025-058112,1,PROD-043,1,107.04,70.74
ORD-2025-058113,1,PROD-020,2,10.14,10.39
ORD-2025-058114,1,PROD-006,3,32.39,80.78
ORD-2025-058114,2,PROD-040,3,15.21,40.32
ORD-2025-058115,1,PROD-010,2,38.03,71.24
ORD-2025-058116,1,PROD-019,1,29.58,27.93
ORD-2025-058116,2,PROD-009,1,61.97,60.54
ORD-2025-058117,1,PROD-010,1,38.03,37.32
ORD-2025-058118,1,PROD-011,3,14.9,42.11
ORD-2025-058119,1,PROD-010,1,38.03,36.58
ORD-2025-058119,2,PROD-009,1,61.97,58.54
ORD-2025-058120,1,PROD-009,1,61.97,60.83
ORD-2025-058120,2,PROD-001,1,12.9,11.97
ORD-2025-058121,1,PROD-051,1,36.06,24.94
ORD-2025-058122,1,PROD-010,1,38.03,36.93
ORD-2025-058123,1,PROD-043,1,107.04,102.51
ORD-2025-058123,2,PROD-009,1,61.97,59.96
ORD-2025-058124,1,PROD-010,1,38.03,32.3
ORD-2025-058125,1,PROD-004,2,20.28,23.93
ORD-2025-058126,1,PROD-043,4,107.04,192.67
ORD-2025-058126,2,PROD-036,2,11.55,11.87
ORD-2025-058127,1,PROD-042,3,73.24,139.59
ORD-2025-058127,2,PROD-001,1,12.9,10.56
ORD-2025-058128,1,PROD-055,1,74.65,64.18
ORD-2025-058129,1,PROD-006,2,32.39,58.28
ORD-2025-058130,1,PROD-020,1,10.14,7.38
ORD-2025-058131,1,PROD-031,1,53.52,50.69
ORD-2025-058132,1,PROD-035,2,10.14,15.23
ORD-2025-058132,2,PROD-043,4,107.04,331.4
ORD-2025-058133,1,PROD-021,1,15.49,15.13
ORD-2025-058134,1,PROD-022,2,9.01,17.45
ORD-2025-058135,1,PROD-019,2,29.58,
ORD-2025-058136,1,PROD-018,1,50.7,47.29
ORD-2025-058137,1,PROD-002,2,11.9,22.62
ORD-2025-058138,1,PROD-005,3,20.28,53.59
ORD-2025-058138,2,PROD-004,2,20.28,39.41
ORD-2025-058138,3,PROD-009,2,61.97,120.51
ORD-2025-058139,1,PROD-009,2,61.97,55.77
ORD-2025-058140,1,PROD-003,1,14.37,14.26
ORD-2025-058141,1,PROD-041,1,11.83,10.87
ORD-2025-058141,2,PROD-005,1,20.28,16.2
ORD-2025-058142,1,PROD-009,1,61.97,60.45
ORD-2025-058143,1,PROD-043,1,107.04,86.53
ORD-2025-058144,1,PROD-010,2,38.03,69.08
ORD-2025-058145,1,PROD-035,1,10.14,8.89
ORD-2025-058146,1,PROD-028,2,17.18,29.35
ORD-2025-058146,2,PROD-052,1,46.48,41.86
ORD-2025-058146,3,PROD-009,1,61.97,52.55
ORD-2025-058146,4,PROD-007,1,17.18,14.06
ORD-2025-058146,5,PROD-043,1,107.04,96.9
ORD-2025-058147,1,PROD-024,1,8.73,8.19
ORD-2025-058147,2,PROD-031,1,53.52,50.96
ORD-2025-058148,1,PROD-013,1,11.9,11.54
ORD-2025-058148,2,PROD-042,3,73.24,166.04
ORD-2025-058149,1,PROD-016,2,8.9,11.27
ORD-2025-058149,2,PROD-009,1,61.97,59.17
ORD-2025-058150,1,PROD-020,1,10.14,4.56
ORD-2025-058151,1,PROD-003,1,14.37,11.62
ORD-2025-058152,1,PROD-001,1,12.9,12.58
ORD-2025-058152,2,PROD-055,1,74.65,72.05
ORD-2025-058152,3,PROD-006,1,32.39,31.95
ORD-2025-058152,4,PROD-034,3,9.01,26.85
ORD-2025-058153,1,PROD-009,1,61.97,59.71
ORD-2025-058154,1,PROD-042,2,73.24,137.81
ORD-2025-058155,1,PROD-027,1,21.13,19.42
ORD-2025-058156,1,PROD-009,2,61.97,120.63
ORD-2025-058157,1,PROD-009,3,61.97,-179.33
ORD-2025-058157,2,PROD-043,3,107.04,306.22
ORD-2025-058158,1,PROD-030,1,49.3,48.53
ORD-2025-058158,2,PROD-026,1,14.65,13.9
ORD-2025-058159,1,PROD-010,2,38.03,70.02
ORD-2025-058159,2,PROD-043,2,107.04,206.87
ORD-2025-058160,1,PROD-006,1,32.39,30.94
ORD-2025-058161,1,PROD-020,1,10.14,5.29
ORD-2025-058162,1,PROD-043,3,107.04,189.2
ORD-2025-058162,2,PROD-018,2,50.7,56.95
ORD-2025-058162,3,PROD-025,2,21.97,29.21
ORD-2025-058163,1,PROD-040,1,15.21,14.03
ORD-2025-058164,1,PROD-004,1,20.28,20.22
ORD-2025-058164,2,PROD-032,2,19.72,34.6
ORD-2025-058164,3,PROD-043,3,107.04,308.92
ORD-2025-058164,4,PROD-009,1,61.97,54.42
ORD-2025-058165,1,PROD-018,1,50.7,45.32
ORD-2025-058165,2,PROD-009,1,61.97,57.2
ORD-2025-058165,3,PROD-030,1,49.3,46.22
ORD-2025-058165,4,PROD-003,1,14.37,12.24
ORD-2025-058165,5,PROD-004,1,20.28,19.08
ORD-2025-058166,1,PROD-055,1,74.65,65.15
ORD-2025-058167,1,PROD-008,2,9.9,9.27
ORD-2025-058167,2,PROD-028,1,17.18,14.35
ORD-2025-058168,1,PROD-019,2,29.58,53.08
ORD-2025-058168,2,PROD-043,1,107.04,98.41
ORD-2025-058169,1,PROD-003,1,14.37,13.84
ORD-2025-058169,2,PROD-037,2,9.86,18.07
ORD-2025-058170,1,PROD-018,1,50.7,45.68
ORD-2025-058170,2,PROD-041,3,11.83,32.45
ORD-2025-058171,1,PROD-002,1,11.9,11.52
ORD-2025-058172,1,PROD-054,1,59.15,26.62
ORD-2025-058173,1,PROD-026,1,14.65,14.48
ORD-2025-058174,1,PROD-010,2,38.03,71.88
ORD-2025-058175,1,PROD-006,2,32.39,33.41
ORD-2025-058175,2,PROD-010,1,38.03,29.46
ORD-2025-058175,3,PROD-036,2,11.55,14.06
ORD-2025-058176,1,PROD-029,1,24.79,21.34
ORD-2025-058176,2,PROD-010,1,38.03,30.26
ORD-2025-058177,1,PROD-030,1,49.3,-47.9
ORD-2025-058178,1,PROD-001,1,12.9,11.56
ORD-2025-058178,2,PROD-030,2,49.3,90.58
ORD-2025-058179,1,PROD-001,1,12.9,11.26
ORD-2025-058179,2,PROD-043,1,107.04,105.05
ORD-2025-058180,1,PROD-029,1,24.79,24.21
ORD-2025-058180,2,PROD-009,1,61.97,59.17
ORD-2025-058180,3,PROD-025,1,21.97,20.0
ORD-2025-058181,1,PROD-009,1,61.97,52.68
ORD-2025-058181,2,PROD-059,1,52.11,42.11
ORD-2025-058182,1,PROD-004,3,20.28,58.61
ORD-2025-058182,2,PROD-018,1,50.7,47.65
ORD-2025-058182,3,PROD-009,1,61.97,61.17
ORD-2025-058183,1,PROD-010,1,38.03,37.34
ORD-2025-058184,1,PROD-043,1,107.04,92.2
ORD-2025-058184,2,PROD-006,1,32.39,27.02
ORD-2025-058185,1,PROD-021,1,15.49,15.35
ORD-2025-058186,1,PROD-042,2,73.24,137.02
ORD-2025-058187,1,PROD-009,1,61.97,27.89
ORD-2025-058188,1,PROD-009,2,61.97,83.93
ORD-2025-058189,1,PROD-009,2,61.97,109.86
ORD-2025-058189,2,PROD-041,1,11.83,10.86
ORD-2025-058189,3,PROD-034,1,9.01,8.31
ORD-2025-058189,4,PROD-005,3,20.28,57.69
ORD-2025-058190,1,PROD-005,1,20.28,9.13
ORD-2025-058190,2,PROD-009,1,61.97,36.17
ORD-2025-058191,1,PROD-007,2,17.18,28.88
ORD-2025-058192,1,PROD-006,2,32.39,55.3
ORD-2025-058193,1,PROD-003,1,14.37,12.0
ORD-2025-058193,2,PROD-032,2,19.72,38.9
ORD-2025-058193,3,PROD-014,1,9.9,7.79
ORD-2025-058194,1,PROD-009,1,61.97,61.05
ORD-2025-058195,1,PROD-019,2,29.58,53.73
ORD-2025-058196,1,PROD-010,1,38.03,33.23
ORD-2025-058197,1,PROD-043,1,107.04,99.62
ORD-2025-058197,2,PROD-056,1,101.41,82.49
ORD-2025-058198,1,PROD-010,1,38.03,34.2
ORD-2025-058199,1,PROD-060,1,42.25,41.85
ORD-2025-058200,1,PROD-008,1,9.9,9.62
ORD-2025-058200,2,PROD-009,1,61.97,60.7
ORD-2025-058200,3,PROD-041,2,11.83,20.71
ORD-2025-058201,1,PROD-043,3,107.04,182.17
ORD-2025-058202,1,PROD-009,2,61.97,122.08
ORD-2025-058202,2,PROD-036,2,11.55,22.33
ORD-2025-058203,1,PROD-018,2,50.7,97.44
ORD-2025-058204,1,PROD-009,1,61.97,55.98
ORD-2025-058204,2,PROD-004,2,20.28,38.72
ORD-2025-058205,1,PROD-042,1,73.24,44.63
ORD-2025-058206,1,PROD-009,2,61.97,118.42
ORD-2025-058207,1,PROD-002,2,11.9,18.02
ORD-2025-058207,2,PROD-019,2,29.58,48.02
ORD-2025-058208,1,PROD-050,1,61.97,39.89
ORD-2025-058209,1,PROD-010,1,38.03,37.44
ORD-2025-058210,1,PROD-014,1,9.9,9.61
ORD-2025-058210,2,PROD-006,2,32.39,63.03
ORD-2025-058210,3,PROD-018,1,50.7,48.45
ORD-2025-058210,4,PROD-043,1,107.04,103.44
ORD-2025-058210,5,PROD-035,2,10.14,19.51
ORD-2025-058211,1,PROD-045,1,72.68,69.27
ORD-2025-058212,1,PROD-043,3,107.04,309.82
ORD-2025-058213,1,PROD-018,1,50.7,39.89
ORD-2025-058214,1,PROD-030,2,49.3,77.92
ORD-2025-058215,1,PROD-030,1,49.3,47.16
ORD-2025-058215,2,PROD-022,1,9.01,8.8
ORD-2025-058216,1,PROD-004,1,20.28,16.89
ORD-2025-058216,2,PROD-054,1,59.15,47.71
ORD-2025-058216,3,PROD-024,1,8.73,8.07
ORD-2025-058217,1,PROD-017,3,12.5,33.8
ORD-2025-058218,1,PROD-004,1,20.28,19.15
ORD-2025-058218,2,PROD-009,1,61.97,59.88
ORD-2025-058219,1,PROD-003,1,14.37,11.77
ORD-2025-058220,1,PROD-034,1,9.01,8.31
ORD-2025-058221,1,PROD-011,2,14.9,28.54
ORD-2025-058222,1,PROD-015,1,26.76,26.33
ORD-2025-058222,2,PROD-031,1,53.52,52.31
ORD-2025-058223,1,PROD-003,3,14.37,36.34
ORD-2025-058223,2,PROD-009,2,61.97,113.28
ORD-2025-058223,3,PROD-034,1,9.01,8.33
ORD-2025-058223,4,PROD-019,2,29.58,58.05
ORD-2025-058223,5,PROD-043,1,107.04,101.84
ORD-2025-058224,1,PROD-034,3,9.01,26.25
ORD-2025-058225,1,PROD-001,1,12.9,11.55
ORD-2025-058226,1,PROD-020,1,10.14,8.87
ORD-2025-058227,1,PROD-009,1,61.97,61.8
ORD-2025-058228,1,PROD-009,1,61.97,53.88
ORD-2025-058229,1,PROD-020,2,10.14,14.73
ORD-2025-058230,1,PROD-041,2,11.83,18.53
ORD-2025-058231,1,PROD-033,3,52.11,144.59
ORD-2025-058231,2,PROD-007,1,17.18,15.5
ORD-2025-058232,1,PROD-010,2,38.03,68.27
ORD-2025-058233,1,PROD-006,2,32.39,
ORD-2025-058233,2,PROD-035,3,10.14,28.69
ORD-2025-058233,3,PROD-001,1,12.9,11.26
ORD-2025-058233,4,PROD-032,1,19.72,17.17
ORD-2025-058234,1,PROD-012,1,18.5,11.99
ORD-2025-058234,2,PROD-056,1,101.41,55.13
ORD-2025-058235,1,PROD-009,1,61.97,59.73
ORD-2025-058235,2,PROD-002,2,11.9,23.25
ORD-2025-058235,3,PROD-041,1,11.83,11.18
ORD-2025-058235,4,PROD-019,1,29.58,28.92
ORD-2025-058235,5,PROD-038,4,7.89,30.77
ORD-2025-058236,1,PROD-009,2,61.97,121.8
ORD-2025-058237,1,PROD-026,1,14.65,10.95
ORD-2025-058238,1,PROD-018,2,50.7,97.75
ORD-2025-058239,1,PROD-003,2,14.37,28.42
ORD-2025-058240,1,PROD-028,1,17.18,16.5
ORD-2025-058241,1,PROD-030,1,49.3,46.54
ORD-2025-058241,2,PROD-043,1,107.04,100.84
ORD-2025-058242,1,PROD-019,1,29.58,25.72
ORD-2025-058243,1,PROD-009,1,61.97,59.11
ORD-2025-058243,2,PROD-002,2,11.9,22.66
ORD-2025-058243,3,PROD-010,2,38.03,71.31
ORD-2025-058244,1,PROD-043,3,107.04,230.85
ORD-2025-058245,1,PROD-039,1,8.17,7.63
ORD-2025-058246,1,PROD-009,1,61.97,44.56
ORD-2025-058246,2,PROD-029,1,24.79,11.16
ORD-2025-058246,3,PROD-002,1,11.9,11.0
ORD-2025-058247,1,PROD-005,1,20.28,20.08
ORD-2025-058248,1,PROD-030,1,49.3,42.49
ORD-2025-058248,2,PROD-027,1,21.13,20.28
ORD-2025-058248,3,PROD-009,1,61.97,45.69
ORD-2025-058249,1,PROD-043,1,107.04,100.54
ORD-2025-058250,1,PROD-005,2,20.28,40.2
ORD-2025-058251,1,PROD-009,3,61.97,184.18
ORD-2025-058252,1,PROD-009,3,61.97,164.27
ORD-2025-058253,1,PROD-031,2,53.52,98.01
ORD-2025-058253,2,PROD-005,1,20.28,18.68
ORD-2025-058253,3,PROD-001,2,12.9,24.14
ORD-2025-058254,1,PROD-021,1,15.49,10.09
ORD-2025-058254,2,PROD-019,2,29.58,55.94
ORD-2025-058255,1,PROD-010,3,38.03,112.46
ORD-2025-058255,2,PROD-041,4,11.83,46.04
ORD-2025-058255,3,PROD-022,2,9.01,16.44
ORD-2025-058256,1,PROD-058,1,39.44,28.74
ORD-2025-058257,1,PROD-005,1,20.28,19.1
ORD-2025-058258,1,PROD-058,1,39.44,33.57
ORD-2025-058259,1,PROD-002,1,11.9,11.03
ORD-2025-058259,2,PROD-034,2,9.01,15.86
ORD-2025-058260,1,PROD-009,2,61.97,97.42
ORD-2025-058260,2,PROD-055,1,74.65,33.59
ORD-2025-058261,1,PROD-009,3,61.97,184.22
ORD-2025-058262,1,PROD-043,3,107.04,318.33
ORD-2025-058263,1,PROD-059,1,52.11,23.45
ORD-2025-058264,1,PROD-042,2,73.24,136.31
ORD-2025-058265,1,PROD-022,1,9.01,8.48
ORD-2025-058266,1,PROD-054,1,59.15,46.94
ORD-2025-058267,1,PROD-039,1,8.17,6.95
ORD-2025-058268,1,PROD-009,1,61.97,54.38
ORD-2025-058269,1,PROD-004,1,20.28,18.35
ORD-2025-058270,1,PROD-003,1,14.37,13.67
ORD-2025-058270,2,PROD-043,2,107.04,181.2
ORD-2025-058271,1,PROD-058,1,39.44,18.86
ORD-2025-058272,1,PROD-009,1,61.97,54.63
ORD-2025-058273,1,PROD-004,2,20.28,39.92
ORD-2025-058273,2,PROD-009,3,61.97,179.64
ORD-2025-058274,1,PROD-007,1,17.18,17.09
ORD-2025-058274,2,PROD-036,3,11.55,34.12
ORD-2025-058275,1,PROD-010,1,38.03,36.13
ORD-2025-058275,2,PROD-043,2,107.04,200.66
ORD-2025-058275,3,PROD-009,2,61.97,111.56
ORD-2025-058276,1,PROD-009,3,61.97,176.45
ORD-2025-058276,2,PROD-020,1,10.14,9.43
ORD-2025-058276,3,PROD-017,2,12.5,24.1
ORD-2025-058276,4,PROD-043,1,107.04,93.78
ORD-2025-058277,1,PROD-018,2,50.7,85.32
ORD-2025-058278,1,PROD-010,1,38.03,34.87
ORD-2025-058278,2,PROD-009,1,61.97,60.72
ORD-2025-058278,3,PROD-027,1,21.13,19.57
ORD-2025-058278,4,PROD-043,3,107.04,272.79
ORD-2025-058279,1,PROD-009,1,61.97,57.06
ORD-2025-058279,2,PROD-053,1,53.52,47.86
ORD-2025-058280,1,PROD-009,3,61.97,155.59
ORD-2025-058281,1,PROD-021,2,15.49,27.36
ORD-2025-058282,1,PROD-009,2,61.97,68.64
ORD-2025-058283,1,PROD-019,1,29.58,18.42
ORD-2025-058283,2,PROD-058,1,39.44,35.03
ORD-2025-058284,1,PROD-037,1,9.86,6.53
ORD-2025-058284,2,PROD-043,1,107.04,60.97
ORD-2025-058285,1,PROD-009,2,61.97,104.59
ORD-2025-058285,2,PROD-033,1,52.11,48.01
ORD-2025-058286,1,PROD-006,2,32.39,61.94
ORD-2025-058287,1,PROD-044,1,40.85,35.45
ORD-2025-058287,2,PROD-009,1,61.97,59.33
ORD-2025-058288,1,PROD-042,2,73.24,143.45
ORD-2025-058289,1,PROD-035,1,10.14,8.98
ORD-2025-058290,1,PROD-006,2,32.39,50.35
ORD-2025-058291,1,PROD-041,1,11.83,11.78
ORD-2025-058292,1,PROD-047,2,108.45,211.46
ORD-2025-058293,1,PROD-009,2,61.97,117.79
ORD-2025-058294,1,PROD-006,1,32.39,28.54
ORD-2025-058295,1,PROD-018,2,50.7,94.72
ORD-2025-058295,2,PROD-002,1,11.9,11.31
ORD-2025-058296,1,PROD-031,1,53.52,49.81
ORD-2025-058296,2,PROD-010,1,38.03,30.86
ORD-2025-058297,1,PROD-003,1,14.37,13.25
ORD-2025-058298,1,PROD-032,2,19.72,38.59
ORD-2025-058298,2,PROD-009,1,61.97,60.22
ORD-2025-058298,3,PROD-006,3,32.39,97.0
ORD-2025-058299,1,PROD-009,2,61.97,89.67
ORD-2025-058300,1,PROD-031,2,53.52,101.43
ORD-2025-058300,2,PROD-026,1,14.65,13.63
ORD-2025-058301,1,PROD-004,2,20.28,33.47
ORD-2025-058302,1,PROD-009,1,61.97,60.33
ORD-2025-058302,2,PROD-044,1,40.85,39.73
ORD-2025-058302,3,PROD-006,1,32.39,31.58
ORD-2025-058303,1,PROD-001,1,12.9,10.36
ORD-2025-058304,1,PROD-001,1,12.9,12.49
ORD-2025-058305,1,PROD-001,2,12.9,24.25
ORD-2025-058305,2,PROD-010,1,38.03,36.67
ORD-2025-058306,1,PROD-060,1,42.25,37.48
ORD-2025-058307,1,PROD-038,1,7.89,5.12
ORD-2025-058308,1,PROD-001,1,12.9,8.8
ORD-2025-058309,1,PROD-009,3,61.97,142.95
ORD-2025-058310,1,PROD-009,1,61.97,53.9
ORD-2025-058311,1,PROD-010,1,38.03,37.07
ORD-2025-058311,2,PROD-001,3,12.9,37.69
ORD-2025-058312,1,PROD-005,1,20.28,19.53
ORD-2025-058313,1,PROD-026,2,14.65,25.07
ORD-2025-058314,1,PROD-010,1,38.03,35.38
ORD-2025-058315,1,PROD-001,1,12.9,11.7
ORD-2025-058316,1,PROD-043,2,107.04,211.3
ORD-2025-058316,2,PROD-010,2,38.03,61.98
ORD-2025-058317,1,PROD-010,1,38.03,34.5
ORD-2025-058317,2,PROD-043,1,107.04,103.91
ORD-2025-058318,1,PROD-037,1,9.86,9.02
ORD-2025-058319,1,PROD-042,2,73.24,130.7
ORD-2025-058320,1,PROD-034,1,9.01,8.76
ORD-2025-058320,2,PROD-018,1,50.7,44.46
ORD-2025-058321,1,PROD-009,2,61.97,100.21
ORD-2025-058322,1,PROD-009,1,61.97,40.13
ORD-2025-058323,1,PROD-009,1,61.97,56.29
ORD-2025-058324,1,PROD-019,1,29.58,13.31
ORD-2025-058325,1,PROD-009,1,61.97,57.58
ORD-2025-058326,1,PROD-043,1,107.04,106.52
ORD-2025-058327,1,PROD-009,1,61.97,50.59
ORD-2025-058328,1,PROD-043,1,107.04,88.15
ORD-2025-058328,2,PROD-009,1,61.97,60.56
ORD-2025-058329,1,PROD-011,1,14.9,14.44
ORD-2025-058329,2,PROD-009,3,61.97,163.45
ORD-2025-058330,1,PROD-009,1,61.97,61.66
ORD-2025-058331,1,PROD-056,1,101.41,45.63
ORD-2025-058331,2,PROD-043,1,107.04,72.52
ORD-2025-058332,1,PROD-009,1,61.97,60.26
ORD-2025-058333,1,PROD-043,1,107.04,99.68
ORD-2025-058333,2,PROD-033,4,52.11,198.48
ORD-2025-058333,3,PROD-004,1,20.28,18.46
ORD-2025-058333,4,PROD-018,1,50.7,40.08
ORD-2025-058334,1,PROD-009,1,61.97,58.36
ORD-2025-058335,1,PROD-002,1,11.9,9.37
ORD-2025-058336,1,PROD-043,2,107.04,164.84
ORD-2025-058337,1,PROD-006,2,32.39,43.38
ORD-2025-058337,2,PROD-002,1,11.9,11.2
ORD-2025-058338,1,PROD-037,2,9.86,16.44
ORD-2025-058339,1,PROD-009,2,61.97,117.09
ORD-2025-058340,1,PROD-009,1,61.97,60.51
ORD-2025-058340,2,PROD-010,2,38.03,73.65
ORD-2025-058341,1,PROD-004,1,20.28,19.27
ORD-2025-058342,1,PROD-004,2,20.28,32.35
ORD-2025-058342,2,PROD-009,1,61.97,58.69
ORD-2025-058342,3,PROD-003,1,14.37,13.39
ORD-2025-058343,1,PROD-009,3,61.97,174.7
ORD-2025-058344,1,PROD-011,1,14.9,13.74
ORD-2025-058345,1,PROD-010,1,38.03,36.55
ORD-2025-058345,2,PROD-012,1,18.5,15.54
ORD-2025-058346,1,PROD-016,2,8.9,13.76
ORD-2025-058346,2,PROD-009,1,61.97,55.05
ORD-2025-058347,1,PROD-024,1,8.73,7.88
ORD-2025-058348,1,PROD-021,2,15.49,30.64
ORD-2025-058349,1,PROD-058,1,39.44,33.3
ORD-2025-058350,1,PROD-009,1,61.97,57.82
ORD-2025-058350,2,PROD-043,3,107.04,309.3
ORD-2025-058350,3,PROD-041,1,11.83,11.21
ORD-2025-058351,1,PROD-006,1,32.39,29.03
ORD-2025-058352,1,PROD-019,1,29.58,26.32
ORD-2025-058353,1,PROD-009,1,61.97,55.99
ORD-2025-058353,2,PROD-035,2,10.14,18.72
ORD-2025-058353,3,PROD-002,2,11.9,19.64
ORD-2025-058354,1,PROD-043,3,107.04,257.86
ORD-2025-058355,1,PROD-007,1,17.18,16.72
ORD-2025-058356,1,PROD-010,1,38.03,26.09
ORD-2025-058357,1,PROD-009,1,61.97,61.1
ORD-2025-058358,1,PROD-009,1,61.97,60.12
ORD-2025-058359,1,PROD-018,1,50.7,48.18
ORD-2025-058360,1,PROD-009,2,61.97,71.77
ORD-2025-058360,2,PROD-058,1,39.44,17.75
ORD-2025-058361,1,PROD-029,2,24.79,48.81
ORD-2025-058362,1,PROD-009,2,61.97,77.12
ORD-2025-058362,2,PROD-018,1,50.7,22.81
ORD-2025-058363,1,PROD-049,2,80.28,149.87
ORD-2025-058363,2,PROD-039,2,8.17,9.23
ORD-2025-058364,1,PROD-009,3,61.97,153.58
ORD-2025-058364,2,PROD-007,2,17.18,31.94
ORD-2025-058364,3,PROD-006,1,32.39,30.98
ORD-2025-058364,4,PROD-003,1,14.37,13.4
ORD-2025-058365,1,PROD-043,1,107.04,102.07
ORD-2025-058365,2,PROD-009,2,61.97,120.17
ORD-2025-058366,1,PROD-009,1,61.97,52.97
ORD-2025-058366,2,PROD-005,1,20.28,19.32
ORD-2025-058367,1,PROD-009,1,61.97,50.66
ORD-2025-058367,2,PROD-001,2,12.9,20.93
ORD-2025-058368,1,PROD-021,2,15.49,28.3
ORD-2025-058369,1,PROD-010,3,38.03,71.69
ORD-2025-058370,1,PROD-004,2,20.28,40.09
ORD-2025-058371,1,PROD-019,1,29.58,20.8
ORD-2025-058371,2,PROD-034,2,9.01,16.04
ORD-2025-058372,1,PROD-054,1,59.15,52.87
ORD-2025-058372,2,PROD-042,3,73.24,98.87
ORD-2025-058373,1,PROD-019,2,29.58,57.18
ORD-2025-058373,2,PROD-009,3,61.97,183.34
ORD-2025-058374,1,PROD-002,1,11.9,9.82
ORD-2025-058375,1,PROD-010,1,38.03,35.64
ORD-2025-058376,1,PROD-005,2,20.28,38.09
ORD-2025-058376,2,PROD-004,1,20.28,20.03
ORD-2025-058376,3,PROD-032,2,19.72,37.91
ORD-2025-058377,1,PROD-014,2,9.9,8.91
ORD-2025-058377,2,PROD-055,1,74.65,52.1
ORD-2025-058378,1,PROD-009,1,61.97,56.93
ORD-2025-058378,2,PROD-043,2,107.04,204.83
ORD-2025-058378,3,PROD-022,1,9.01,7.85
ORD-2025-058378,4,PROD-006,1,32.39,31.14
ORD-2025-058379,1,PROD-035,1,10.14,9.08
ORD-2025-058380,1,PROD-009,1,61.97,56.58
ORD-2025-058380,2,PROD-056,1,101.41,101.16
ORD-2025-058381,1,PROD-043,2,107.04,204.83
ORD-2025-058382,1,PROD-056,1,101.41,84.78
ORD-2025-058383,1,PROD-030,1,49.3,48.18
ORD-2025-058384,1,PROD-028,1,17.18,13.2
ORD-2025-058384,2,PROD-042,1,73.24,36.58
ORD-2025-058385,1,PROD-053,1,53.52,26.72
ORD-2025-058385,2,PROD-009,1,61.97,27.89
ORD-2025-058386,1,PROD-004,2,20.28,30.17
ORD-2025-058387,1,PROD-006,1,32.39,31.43
ORD-2025-058388,1,PROD-025,1,21.97,18.6
ORD-2025-058388,2,PROD-009,1,61.97,60.22
 ORD-2025-058389 ,1,PROD-043,2,107.04,176.96
ORD-2025-058390,1,PROD-019,3,29.58,83.6
ORD-2025-058391,1,PROD-043,2,107.04,96.34
ORD-2025-058391,2,PROD-060,1,42.25,30.26
ORD-2025-058392,1,PROD-043,3,107.04,217.11
ORD-2025-058393,1,PROD-052,1,46.48,43.76
ORD-2025-058393,2,PROD-009,2,61.97,112.44
ORD-2025-058393,3,PROD-033,2,52.11,93.95
ORD-2025-058394,1,PROD-028,1,17.18,16.13
ORD-2025-058394,2,PROD-010,2,38.03,61.12
ORD-2025-058395,1,PROD-007,1,17.18,15.93
ORD-2025-058396,1,PROD-002,1,11.9,11.52
ORD-2025-058397,1,PROD-010,1,38.03,37.28
ORD-2025-058398,1,PROD-030,2,49.3,84.7
ORD-2025-058399,1,PROD-009,2,61.97,116.94
ORD-2025-058399,2,PROD-010,1,38.03,37.17
ORD-2025-058399,3,PROD-043,1,107.04,105.68
ORD-2025-058400,1,PROD-010,1,38.03,26.55
ORD-2025-058400,2,PROD-043,1,107.04,99.12
ORD-2025-058401,1,PROD-013,1,11.9,6.77
ORD-2025-058401,2,PROD-005,1,20.28,12.85
ORD-2025-058402,1,PROD-043,1,107.04,92.58
ORD-2025-058403,1,PROD-036,4,11.55,42.56
ORD-2025-058404,1,PROD-043,1,107.04,86.27
ORD-2025-058404,2,PROD-056,1,101.41,61.32
ORD-2025-058405,1,PROD-018,1,50.7,42.55
ORD-2025-058406,1,PROD-009,1,61.97,60.16
ORD-2025-058406,2,PROD-035,1,10.14,9.54
ORD-2025-058406,3,PROD-005,1,20.28,19.86
ORD-2025-058407,1,PROD-004,1,20.28,19.12
ORD-2025-058408,1,PROD-008,2,9.9,19.52
ORD-2025-058409,1,PROD-009,2,61.97,106.74
ORD-2025-058410,1,PROD-004,2,20.28,36.3
ORD-2025-058410,2,PROD-009,1,61.97,59.7
ORD-2025-058410,3,PROD-008,2,9.9,19.56
ORD-2025-058411,1,PROD-003,1,14.37,14.07
ORD-2025-058412,1,PROD-008,2,9.9,18.91
ORD-2025-058413,1,PROD-002,1,11.9,10.23
ORD-2025-058414,1,PROD-059,1,52.11,49.81
ORD-2025-058415,1,PROD-051,1,36.06,31.58
ORD-2025-058416,1,PROD-007,2,17.18,33.15
ORD-2025-058417,1,PROD-003,1,14.37,13.46
ORD-2025-058418,1,PROD-043,1,107.04,75.74
ORD-2025-058419,1,PROD-009,2,61.97,107.83
ORD-2025-058419,2,PROD-035,4,10.14,32.59
ORD-2025-058419,3,PROD-025,1,21.97,15.92
ORD-2025-058420,1,PROD-009,2,61.97,121.56
ORD-2025-058421,1,PROD-009,1,61.97,27.89
ORD-2025-058422,1,PROD-030,1,49.3,46.6
ORD-2025-058422,2,PROD-009,1,61.97,59.88
ORD-2025-058422,3,PROD-010,2,38.03,62.1
ORD-2025-058423,1,PROD-009,1,61.97,53.48
ORD-2025-058423,2,PROD-034,2,9.01,16.98
ORD-2025-058424,1,PROD-003,2,14.37,27.49
ORD-2025-058425,1,PROD-010,2,38.03,75.89
ORD-2025-058425,2,PROD-036,1,11.55,11.15
ORD-2025-058426,1,PROD-038,4,7.89,26.62
ORD-2025-058426,2,PROD-054,1,59.15,42.14
ORD-2025-058427,1,PROD-043,3,107.04,274.46
ORD-2025-058428,1,PROD-054,1,59.15,40.46
ORD-2025-058429,1,PROD-018,1,50.7,43.31
ORD-2025-058430,1,PROD-052,2,46.48,74.26
ORD-2025-058431,1,PROD-022,1,9.01,6.9
ORD-2025-058431,2,PROD-043,4,107.04,399.43
ORD-2025-058432,1,PROD-043,3,107.04,289.81
ORD-2025-058433,1,PROD-042,2,73.24,94.48
ORD-2025-058434,1,PROD-009,3,61.97,83.66
ORD-2025-058435,1,PROD-018,1,50.7,39.03
ORD-2025-058436,1,PROD-009,1,61.97,57.56
ORD-2025-058436,2,PROD-012,1,18.5,17.64
ORD-2025-058436,3,PROD-043,2,107.04,196.53
ORD-2025-058437,1,PROD-009,1,61.97,35.74
ORD-2025-058437,2,PROD-005,2,20.28,29.82
ORD-2025-058438,1,PROD-004,1,20.28,19.77
ORD-2025-058439,1,PROD-035,2,10.14,17.04
ORD-2025-058440,1,PROD-030,2,49.3,77.25
ORD-2025-058440,2,PROD-001,1,12.9,7.26
ORD-2025-058441,1,PROD-018,1,50.7,32.57
ORD-2025-058441,2,PROD-038,3,7.89,23.14
ORD-2025-058442,1,PROD-024,1,8.73,8.44
ORD-2025-058443,1,PROD-015,2,26.76,47.3
ORD-2025-058444,1,PROD-006,1,32.39,28.48
ORD-2025-058444,2,PROD-042,1,73.24,36.76
ORD-2025-058445,1,PROD-009,2,61.97,116.9
ORD-2025-058446,1,PROD-015,2,26.76,51.13
ORD-2025-058447,1,PROD-031,1,53.52,40.96
ORD-2025-058448,1,PROD-009,1,61.97,41.99
ORD-2025-058449,1,PROD-010,1,38.03,35.34
ORD-2025-058450,1,PROD-001,1,12.9,11.2
ORD-2025-058450,2,PROD-041,1,11.83,9.18
ORD-2025-058451,1,PROD-018,3,50.7,146.72
ORD-2025-058452,1,PROD-009,1,61.97,59.16
ORD-2025-058453,1,PROD-031,1,53.52,51.36
ORD-2025-058453,2,PROD-009,1,61.97,54.7
ORD-2025-058453,3,PROD-024,1,8.73,8.07
ORD-2025-058454,1,PROD-018,1,50.7,48.17
ORD-2025-058455,1, PROD-041 ,1,11.83,11.01
ORD-2025-058455,2,PROD-022,1,9.01,4.32
ORD-2025-058456,1,PROD-010,1,38.03,35.39
ORD-2025-058457,1,PROD-004,1,20.28,16.94
ORD-2025-058458,1,PROD-009,1,61.97,59.47
ORD-2025-058459,1,PROD-009,1,61.97,60.74
ORD-2025-058459,2,PROD-034,3,9.01,23.51
ORD-2025-058459,3,PROD-006,1,32.39,29.9
ORD-2025-058460,1,PROD-010,2,38.03,73.89
ORD-2025-058461,1,PROD-060,1,42.25,30.39
ORD-2025-058462,1,PROD-055,1,74.65,49.13
ORD-2025-058463,1,PROD-043,1,107.04,101.78
ORD-2025-058464,1,PROD-032,3,19.72,45.92
ORD-2025-058464,2,PROD-031,1,53.52,50.37
ORD-2025-058465,1,PROD-009,2,61.97,121.15
ORD-2025-058465,2,PROD-005,3,20.28,58.53
ORD-2025-058465,3,PROD-043,2,107.04,203.42
ORD-2025-058466,1,PROD-043,2,107.04,139.86
ORD-2025-058466,2,PROD-046,1,259.15,152.92
ORD-2025-058467,1,PROD-009,1,61.97,58.79
ORD-2025-058468,1,PROD-018,2,50.7,101.18
ORD-2025-058469,1,PROD-036,2,11.55,17.26
ORD-2025-058470,1,PROD-012,2,18.5,32.02
ORD-2025-058470,2,PROD-041,1,11.83,6.47
ORD-2025-058470,3,PROD-010,1,38.03,28.07
ORD-2025-058471,1,PROD-009,2,61.97,118.52
ORD-2025-058471,2,PROD-026,1,14.65,13.32
ORD-2025-058471,3,PROD-034,1,9.01,6.56
ORD-2025-058471,4,PROD-043,2,107.04,197.27
ORD-2025-058472,1,PROD-041,1,11.83,10.89
ORD-2025-058472,2,PROD-004,1,20.28,0.0
ORD-2025-058472,3,PROD-006,2,32.39,61.68
ORD-2025-058473,1,PROD-043,2,107.04,201.96
ORD-2025-058473,2,PROD-002,1,11.9,7.91
ORD-2025-058474,1,PROD-006,1,32.39,31.14
ORD-2025-058475,1,PROD-042,1,73.24,32.96
ORD-2025-058476,1,PROD-037,3,9.86,21.82
ORD-2025-058477,1,PROD-006,1,32.39,24.81
ORD-2025-058478,1,PROD-005,1,20.28,19.32
ORD-2025-058478,2,PROD-009,1,61.97,59.72
ORD-2025-058479,1,PROD-001,1,12.9,12.18
ORD-2025-058480,1,PROD-043,1,107.04,102.28
ORD-2025-058481,1,PROD-050,2,61.97,76.22
ORD-2025-058482,1,PROD-043,2,107.04,180.92
ORD-2025-058483,1,PROD-009,2,61.97,116.95
ORD-2025-058484,1,PROD-036,1,11.55,11.14
ORD-2025-058484,2,PROD-009,1,61.97,61.26
ORD-2025-058484,3,PROD-026,1,14.65,14.23
ORD-2025-058484,4,PROD-050,1,61.97,59.4
ORD-2025-058485,1,PROD-059,1,52.11,38.91
ORD-2025-058486,1,PROD-043,1,107.04,94.58
ORD-2025-058487,1,PROD-042,1,73.24,64.25
ORD-2025-058487,2,PROD-001,2,12.9,22.52
ORD-2025-058488,1,PROD-006,2,32.39,48.64
ORD-2025-058489,1,PROD-043,1,107.04,85.77
ORD-2025-058490,1,PROD-005,1,20.28,15.4
ORD-2025-058490,2,PROD-018,1,50.7,39.67
ORD-2025-058491,1,PROD-043,1,107.04,93.82
ORD-2025-058491,2,PROD-010,1,38.03,31.59
ORD-2025-058492,1,PROD-011,1,14.9,13.63
ORD-2025-058493,1,PROD-016,2,8.9,15.25
ORD-2025-058494,1,PROD-009,1,61.97,44.98
ORD-2025-058494,2,PROD-043,2,107.04,200.1
ORD-2025-058495,1,PROD-007,1,17.18,16.39
ORD-2025-058496,1,PROD-009,2,61.97,123.75
ORD-2025-058496,2,PROD-041,1,11.83,11.66
ORD-2025-058496,3,PROD-001,1,12.9,12.52
ORD-2025-058497,1,PROD-009,1,61.97,49.0
ORD-2025-058497,2,PROD-012,1,18.5,10.21
ORD-2025-058498,1,PROD-005,2,20.28,39.39
ORD-2025-058499,1,PROD-014,1,9.9,9.57
ORD-2025-058500,1,PROD-043,1,107.04,82.08
ORD-2025-058501,1,PROD-042,1,73.24,62.25
ORD-2025-058502,1,PROD-005,2,20.28,38.99
ORD-2025-058502,2,PROD-009,1,61.97,59.62
ORD-2025-058502,3,PROD-032,3,19.72,49.91
ORD-2025-058503,1,PROD-040,2,15.21,22.59
ORD-2025-058503,2,PROD-048,2,55.77,89.81
ORD-2025-058504,1,PROD-009,1,61.97,56.34
ORD-2025-058505,1,PROD-040,2,15.21,15.14
ORD-2025-058506,1,PROD-056,1,101.41,55.55
ORD-2025-058507,1,PROD-056,1,101.41,85.88
ORD-2025-058508,1,PROD-043,1,107.04,59.28
ORD-2025-058508,2,PROD-009,2,61.97,120.85
ORD-2025-058509,1,PROD-050,1,61.97,60.64
ORD-2025-058509,2,PROD-004,1,20.28,14.99
ORD-2025-058510,1,PROD-009,3,61.97,168.32
ORD-2025-058511,1,PROD-009,1,61.97,61.13
ORD-2025-058511,2,PROD-001,2,12.9,25.31
ORD-2025-058512,1,PROD-002,2,11.9,17.67
ORD-2025-058512,2,PROD-009,1,61.97,53.09
ORD-2025-058513,1,PROD-001,3,12.9,34.66
ORD-2025-058514,1,PROD-024,2,8.73,15.74
ORD-2025-058514,2,PROD-005,1,20.28,11.4
ORD-2025-058515,1,PROD-018,2,50.7,93.59
ORD-2025-058516,1,PROD-032,1,19.72,11.71
ORD-2025-058517,1,PROD-019,2,29.58,29.18
ORD-2025-058518,1,PROD-009,1,61.97,57.32
ORD-2025-058518,2,PROD-005,1,20.28,18.04
ORD-2025-058518,3,PROD-014,1,9.9,9.26
ORD-2025-058519,1,PROD-047,2,108.45,149.86
ORD-2025-058519,2,PROD-056,1,101.41,49.11
ORD-2025-058520,1,PROD-009,2,61.97,118.7
ORD-2025-058520,2,PROD-026,1,14.65,12.44
ORD-2025-058521,1,PROD-036,1,11.55,9.1
ORD-2025-058522,1,PROD-034,2,9.01,16.75
ORD-2025-058522,2,PROD-035,1,10.14,9.98
ORD-2025-058522,3,PROD-040,1,15.21,14.13
ORD-2025-058523,1,PROD-018,1,50.7,48.4
ORD-2025-058524,1,PROD-019,1,29.58,28.06
ORD-2025-058524,2,PROD-040,2,15.21,29.52
ORD-2025-058525,1,PROD-031,1,53.52,46.19
ORD-2025-058526,1,PROD-030,1,49.3,40.85
ORD-2025-058527,1,PROD-004,1,20.28,15.73
ORD-2025-058528,1,PROD-042,2,73.24,140.87
ORD-2025-058529,1,PROD-055,1,74.65,50.43
ORD-2025-058530,1,PROD-058,1,39.44,38.18
ORD-2025-058531,1,PROD-054,1,59.15,48.52
ORD-2025-058532,1,PROD-009,2,61.97,106.79
ORD-2025-058533,1,PROD-045,1,72.68,69.36
ORD-2025-058534,1,PROD-041,2,11.83,18.71
ORD-2025-058535,1,PROD-009,1,61.97,60.61
ORD-2025-058536,1,PROD-033,2,52.11,100.75
ORD-2025-058536,2,PROD-009,2,61.97,67.18
ORD-2025-058537,1,PROD-043,2,107.04,192.05
ORD-2025-058538,1,PROD-028,2,17.18,33.49
ORD-2025-058539,1,PROD-032,3,19.72,58.09
ORD-2025-058539,2,PROD-001,1,12.9,10.53
ORD-2025-058539,3,PROD-009,1,61.97,55.44
ORD-2025-058539,4,PROD-041,1,11.83,11.38
ORD-2025-058540,1,PROD-009,1,61.97,60.61
ORD-2025-058541,1,PROD-018,1,50.7,47.77
ORD-2025-058542,1,PROD-009,1,61.97,52.1
ORD-2025-058543,1,PROD-028,1,17.18,15.29
ORD-2025-058543,2,PROD-019,2,29.58,27.24
ORD-2025-058543,3,PROD-033,2,52.11,83.19
ORD-2025-058544,1,PROD-010,2,38.03,75.17
ORD-2025-058544,2,PROD-009,1,61.97,61.28
ORD-2025-058545,1,PROD-001,3,12.9,35.61
ORD-2025-058546,1,PROD-019,3,29.58,75.06
ORD-2025-058546,2,PROD-035,1,10.14,8.23
ORD-2025-058547,1,PROD-042,1,73.24,69.59
ORD-2025-058548,1,PROD-021,2,15.49,15.7
ORD-2025-058549,1,PROD-052,1,46.48,42.64
ORD-2025-058550,1,PROD-007,1,17.18,12.36
ORD-2025-058550,2,PROD-009,1,61.97,37.17
ORD-2025-058551,1,PROD-010,1,38.03,30.2
ORD-2025-058552,1,PROD-043,1,107.04,85.12
ORD-2025-058552,2,PROD-040,2,15.21,26.99
ORD-2025-058553,1,PROD-018,1,50.7,-45.88
ORD-2025-058554,1,PROD-043,4,107.04,351.48
ORD-2025-058554,2,PROD-001,1,12.9,12.38
ORD-2025-058555,1,PROD-031,1,53.52,50.47
ORD-2025-058556,1,PROD-009,2,61.97,106.39
ORD-2025-058557,1,PROD-010,1,38.03,28.79
ORD-2025-058558,1,PROD-003,2,14.37,12.93
ORD-2025-058558,2,PROD-043,1,107.04,97.56
ORD-2025-058559,1,PROD-051,1,36.06,23.75
ORD-2025-058559,2,PROD-054,1,59.15,51.5
ORD-2025-058560,1,PROD-043,1,107.04,85.42
ORD-2025-058561,1,PROD-045,1,72.68,55.27
ORD-2025-058562,1,PROD-006,1,32.39,30.58
ORD-2025-058562,2,PROD-027,1,21.13,17.86
ORD-2025-058563,1,PROD-009,1,61.97,56.81
ORD-2025-058564,1,PROD-049,1,80.28,79.95
ORD-2025-058565,1,PROD-018,3,50.7,68.45
ORD-2025-058566,1,PROD-027,1,21.13,20.52
ORD-2025-058567,1,PROD-047,1,108.45,57.55
ORD-2025-058567,2,PROD-009,1,61.97,60.25
ORD-2025-058568,1,PROD-034,2,9.01,16.48
ORD-2025-058568,2,PROD-030,1,49.3,47.89
ORD-2025-058569,1,PROD-009,3,61.97,178.7
ORD-2025-058570,1,PROD-031,1,53.52,52.52
ORD-2025-058571,1,PROD-019,2,29.58,57.83
ORD-2025-058572,1,PROD-022,1,9.01,8.78
ORD-2025-058573,1,PROD-010,1,38.03,36.99
ORD-2025-058573,2,PROD-003,1,14.37,13.69
ORD-2025-058574,1,PROD-010,1,38.03,35.12
ORD-2025-058574,2,PROD-043,2,107.04,181.35
ORD-2025-058575,1,PROD-018,1,50.7,43.7
 ORD-2025-058576 ,1,PROD-052,1,46.48,42.57
ORD-2025-058576,2,PROD-009,1,61.97,54.86
ORD-2025-058576,3,PROD-043,1,107.04,102.62
ORD-2025-058577,1,PROD-009,1,61.97,47.8
ORD-2025-058577,2,PROD-042,2,73.24,136.26
ORD-2025-058578,1,PROD-010,1,38.03,33.29
ORD-2025-058579,1,PROD-002,1,11.9,11.22
ORD-2025-058579,2,PROD-045,1,72.68,66.48
ORD-2025-058580,1,PROD-009,1,61.97,58.23
ORD-2025-058581,1,PROD-013,2,11.9,22.79
ORD-2025-058582,1,PROD-041,4,11.83,38.92
ORD-2025-058583,1,PROD-009,1,61.97,53.34
ORD-2025-058584,1,PROD-001,3,12.9,36.84
ORD-2025-058584,2,PROD-049,1,80.28,76.73
ORD-2025-058584,3,PROD-036,1,11.55,10.75
ORD-2025-058585,1,PROD-004,2,20.28,39.51
ORD-2025-058585,2,PROD-009,1,61.97,61.55
ORD-2025-058586,1,PROD-043,4,107.04,395.83
ORD-2025-058586,2,PROD-054,1,59.15,47.39
ORD-2025-058587,1,PROD-054,1,59.15,26.62
ORD-2025-058588,1,PROD-006,1,32.39,20.09
ORD-2025-058588,2,PROD-056,1,101.41,52.35
ORD-2025-058589,1,PROD-007,1,17.18,17.0
ORD-2025-058589,2,PROD-010,1,38.03,37.22
ORD-2025-058590,1,PROD-023,1,7.89,6.27
ORD-2025-058591,1,PROD-056,1,101.41,98.94
ORD-2025-058592,1,PROD-018,2,50.7,92.66
ORD-2025-058592,2,PROD-036,1,11.55,11.11
ORD-2025-058593,1,PROD-002,2,11.9,20.46
ORD-2025-058594,1,PROD-009,3,61.97,163.23
ORD-2025-058595,1,PROD-043,1,107.04,104.71
ORD-2025-058596,1,PROD-009,1,61.97,57.64
ORD-2025-058597,1,PROD-009,1,61.97,58.89
ORD-2025-058598,1,PROD-009,3,61.97,178.64
ORD-2025-058598,2,PROD-006,1,32.39,32.15
ORD-2025-058599,1,PROD-002,1,11.9,10.03
ORD-2025-058600,1,PROD-043,2,107.04,188.48
ORD-2025-058601,1,PROD-007,2,17.18,33.68
ORD-2025-058601,2,PROD-002,2,11.9,23.34
ORD-2025-058601,3,PROD-017,1,12.5,9.57
ORD-2025-058601,4,PROD-009,1,61.97,60.3
ORD-2025-058601,5,PROD-008,2,9.9,18.69
ORD-2025-058602,1,PROD-009,3,61.97,177.19
ORD-2025-058602,2,PROD-006,1,32.39,27.2
ORD-2025-058603,1,PROD-005,1,20.28,16.28
ORD-2025-058603,2,PROD-004,1,20.28,18.72
ORD-2025-058603,3,PROD-020,2,10.14,19.53
ORD-2025-058604,1,PROD-043,1,107.04,102.38
ORD-2025-058605,1,PROD-010,1,38.03,36.62
ORD-2025-058606,1,PROD-030,1,49.3,48.82
ORD-2025-058607,1,PROD-058,1,39.44,32.78
ORD-2025-058607,2,PROD-018,1,50.7,35.15
ORD-2025-058608,1,PROD-037,1,9.86,9.34
ORD-2025-058609,1,PROD-042,1,73.24,68.57
ORD-2025-058610,1,PROD-009,2,61.97,118.44
ORD-2025-058611,1,PROD-009,1,61.97,55.95
ORD-2025-058612,1,PROD-043,1,107.04,98.99
ORD-2025-058613,1,PROD-009,2,61.97,103.24
ORD-2025-058614,1,PROD-009,1,61.97,57.32
ORD-2025-058615,1,PROD-018,2,50.7,92.31
ORD-2025-058616,1,PROD-042,2,73.24,104.51
ORD-2025-058617,1,PROD-004,2,20.28,40.19
ORD-2025-058617,2,PROD-006,2,32.39,64.49
ORD-2025-058618,1,PROD-012,2,18.5,33.15
ORD-2025-058619,1,PROD-055,1,74.65,43.79
ORD-2025-058620,1,PROD-004,1,20.28,11.57
ORD-2025-058620,2,PROD-043,1,107.04,80.4
ORD-2025-058621,1,PROD-019,1,29.58,29.08
ORD-2025-058622,1,PROD-009,1,61.97,54.99
ORD-2025-058622,2,PROD-042,4,73.24,214.04
ORD-2025-058622,3,PROD-005,2,20.28,38.85
ORD-2025-058623,1,PROD-028,1,17.18,16.71
ORD-2025-058623,2,PROD-017,1,12.5,11.78
ORD-2025-058623,3,PROD-027,1,21.13,20.8
ORD-2025-058624,1,PROD-017,1,12.5,11.53
ORD-2025-058624,2,PROD-021,1,15.49,14.13
ORD-2025-058625,1,PROD-004,2,20.28,39.11
ORD-2025-058626,1,PROD-059,1,52.11,47.92
ORD-2025-058627,1,PROD-005,2,20.28,38.74
ORD-2025-058627,2,PROD-017,1,12.5,8.57
ORD-2025-058628,1,PROD-009,2,61.97,118.41
ORD-2025-058629,1,PROD-020,1,10.14,9.57
ORD-2025-058630,1,PROD-009,1,61.97,60.94
ORD-2025-058630,2,PROD-010,2,38.03,69.4
ORD-2025-058630,3,PROD-004,1,20.28,18.46
ORD-2025-058631,1,PROD-009,1,61.97,54.85
ORD-2025-058631,2,PROD-043,2,107.04,208.09
ORD-2025-058631,3,PROD-010,1,38.03,36.63
ORD-2025-058632,1,PROD-041,2,11.83,10.98
ORD-2025-058633,1,PROD-043,1,107.04,87.09
ORD-2025-058634,1,PROD-039,1,8.17,6.49
ORD-2025-058635,1,PROD-009,1,61.97,58.12
ORD-2025-058636,1,PROD-018,2,50.7,78.83
ORD-2025-058637,1,PROD-009,2,61.97,80.73
ORD-2025-058637,2,PROD-038,2,7.89,14.87
ORD-2025-058638,1,PROD-009,1,61.97,56.68
ORD-2025-058639,1,PROD-005,2,20.28,38.76
ORD-2025-058640,1,PROD-009,1,61.97,56.51
ORD-2025-058641,1,PROD-043,1,107.04,98.27
ORD-2025-058641,2,PROD-002,1,11.9,11.31
ORD-2025-058642,1,PROD-009,1,61.97,53.81
ORD-2025-058643,1,PROD-018,1,50.7,49.69
ORD-2025-058644,1,PROD-043,2,107.04,196.68
ORD-2025-058645,1,PROD-020,2,10.14,14.45
ORD-2025-058646,1,PROD-018,1,50.7,48.79
ORD-2025-058646,2,PROD-021,1,15.49,14.63
ORD-2025-058646,3,PROD-009,3,61.97,182.84
ORD-2025-058646,4,PROD-005,2,20.28,36.67
ORD-2025-058647,1,PROD-043,1,107.04,105.97
ORD-2025-058647,2,PROD-003,3,14.37,42.56
ORD-2025-058648,1,PROD-030,2,49.3,89.92
ORD-2025-058648,2,PROD-027,1,21.13,20.67
ORD-2025-058648,3,PROD-018,2,50.7,97.66
ORD-2025-058649,1,PROD-030,1,49.3,47.93
ORD-2025-058650,1,PROD-009,1,61.97,54.45
ORD-2025-058650,2,PROD-038,2,7.89,15.36
ORD-2025-058651,1,PROD-055,1,74.65,44.71
ORD-2025-058652,1,PROD-018,2,50.7,89.93
ORD-2025-058652,2,PROD-032,1,19.72,19.69
ORD-2025-058653,1,PROD-043,1,107.04,103.73
ORD-2025-058654,1,PROD-023,1,7.89,7.02
ORD-2025-058655,1,PROD-001,1,12.9,12.75
ORD-2025-058655,2,PROD-043,2,107.04,207.12
ORD-2025-058656,1,PROD-009,1,61.97,59.47
ORD-2025-058657,1,PROD-003,3,14.37,41.8
ORD-2025-058657,2,PROD-030,2,49.3,91.5
ORD-2025-058657,3,PROD-002,3,11.9,31.25
ORD-2025-058658,1,PROD-043,2,107.04,187.45
ORD-2025-058659,1,PROD-043,3,107.04,303.39
ORD-2025-058659,2,PROD-016,2,8.9,17.58
ORD-2025-058660,1,PROD-043,1,107.04,78.06
ORD-2025-058661,1,PROD-028,2,17.18,32.69
ORD-2025-058661,2,PROD-001,1,12.9,10.09
ORD-2025-058662,1,PROD-030,2,49.3,91.49
ORD-2025-058662,2,PROD-009,3,61.97,168.84
ORD-2025-058663,1,PROD-043,1,107.04,80.38
ORD-2025-058663,2,PROD-006,3,32.39,76.74
ORD-2025-058664,1,PROD-054,1,59.15,58.45
ORD-2025-058665,1,PROD-009,2,61.97,
ORD-2025-058666,1,PROD-056,1,101.41,45.63
ORD-2025-058667,1,PROD-012,2,18.5,30.33
ORD-2025-058667,2,PROD-019,1,29.58,28.2
ORD-2025-058667,3,PROD-004,1,20.28,19.64
ORD-2025-058668,1,PROD-010,1,38.03,28.79
ORD-2025-058669,1,PROD-009,2,61.97,111.78
ORD-2025-058669,2,PROD-042,3,73.24,205.46
ORD-2025-058669,3,PROD-039,1,8.17,7.55
ORD-2025-058670,1,PROD-038,2,7.89,7.64
ORD-2025-058670,2,PROD-044,1,40.85,27.28
ORD-2025-058671,1,PROD-028,1,17.18,16.55
ORD-2025-058672,1,PROD-010,2,38.03,74.22
ORD-2025-058673,1,PROD-043,2,107.04,196.12
ORD-2025-058673,2,PROD-006,2,32.39,48.98
ORD-2025-058674,1,PROD-018,1,50.7,43.53
ORD-2025-058675,1,PROD-009,1,61.97,38.27
ORD-2025-058676,1,PROD-002,2,11.9,18.72
ORD-2025-058676,2,PROD-043,2,107.04,182.95
ORD-2025-058677,1,PROD-005,2,20.28,38.51
ORD-2025-058677,2,PROD-041,2,11.83,21.12
ORD-2025-058678,1,PROD-010,2,38.03,74.3
ORD-2025-058679,1,PROD-020,1,10.14,9.34
ORD-2025-058680,1,PROD-009,1,61.97,57.26
ORD-2025-058681,1,PROD-018,2,50.7,57.29
ORD-2025-058682,1,PROD-053,1,53.52,52.83
ORD-2025-058683,1,PROD-019,2,29.58,39.31
ORD-2025-058683,2,PROD-014,3,9.9,26.0
ORD-2025-058684,1,PROD-059,1,52.11,23.45
ORD-2025-058685,1,PROD-037,1,9.86,9.81
ORD-2025-058686,1,PROD-041,1,11.83,11.09
ORD-2025-058687,1,PROD-009,2,61.97,118.35
ORD-2025-058688,1,PROD-009,3,61.97,157.52
ORD-2025-058688,2,PROD-035,1,10.14,8.89
ORD-2025-058689,1,PROD-051,1,36.06,31.96
ORD-2025-058690,1,PROD-043,1,107.04,98.54
ORD-2025-058691,1,PROD-051,1,36.06,26.27
ORD-2025-058692,1,PROD-004,1,20.28,17.31
ORD-2025-058692,2,PROD-010,1,38.03,35.15
ORD-2025-058692,3,PROD-043,2,107.04,180.38
ORD-2025-058693,1,PROD-030,2,49.3,93.18
ORD-2025-058693,2,PROD-018,3,50.7,150.05
ORD-2025-058694,1,PROD-003,2,14.37,21.55
ORD-2025-058695,1,PROD-009,2,61.97,103.09
ORD-2025-058696,1,PROD-009,1,61.97,56.62
ORD-2025-058696,2,PROD-035,2,10.14,17.39
ORD-2025-058696,3,PROD-001,1,12.9,12.72
ORD-2025-058697,1,PROD-018,1,50.7,39.12
ORD-2025-058698,1,PROD-006,1,32.39,31.29
ORD-2025-058698,2,PROD-009,2,61.97,117.02
ORD-2025-058698,3,PROD-002,1,11.9,11.07
ORD-2025-058699,1,PROD-009,1,61.97,54.21
ORD-2025-058700,1,PROD-001,1,12.9,12.25
ORD-2025-058701,1,PROD-043,1,107.04,93.02
ORD-2025-058702,1,PROD-039,2,8.17,12.49
ORD-2025-058702,2,PROD-041,2,11.83,15.57
ORD-2025-058702,3,PROD-029,1,24.79,22.15
ORD-2025-058703,1,PROD-002,1,11.9,11.35
ORD-2025-058704,1,PROD-001,1,12.9,11.42
ORD-2025-058705,1,PROD-043,3,107.04,235.61
ORD-2025-058706,1,PROD-004,3,20.28,53.29
ORD-2025-058706,2,PROD-043,1,107.04,86.26
ORD-2025-058706,3,PROD-032,1,19.72,17.19
ORD-2025-058707,1,PROD-039,2,8.17,13.86
ORD-2025-058708,1,PROD-031,2,53.52,96.1
ORD-2025-058708,2,PROD-003,1,14.37,13.69
ORD-2025-058708,3,PROD-028,1,17.18,16.38
ORD-2025-058709,1,PROD-010,1,38.03,32.94
ORD-2025-058710,1,PROD-044,1,40.85,39.71
ORD-2025-058710,2,PROD-010,2,38.03,70.83
ORD-2025-058711,1,PROD-009,1,61.97,53.2
ORD-2025-058712,1,PROD-009,1,61.97,57.95
ORD-2025-058713,1,PROD-035,2,10.14,19.23
ORD-2025-058713,2,PROD-012,3,18.5,27.86
ORD-2025-058714,1,PROD-037,3,9.86,27.91
ORD-2025-058715,1,PROD-031,2,53.52,99.68
ORD-2025-058716,1,PROD-005,3,20.28,57.29
ORD-2025-058717,1,PROD-033,1,52.11,47.47
ORD-2025-058717,2,PROD-007,2,17.18,29.49
ORD-2025-058717,3,PROD-037,2,9.86,18.63
ORD-2025-058717,4,PROD-043,1,107.04,105.68
ORD-2025-058718,1,PROD-009,2,61.97,121.05
ORD-2025-058718,2,PROD-019,2,29.58,55.46
ORD-2025-058718,3,PROD-008,1,9.9,9.49
ORD-2025-058719,1,PROD-009,3,61.97,143.3
ORD-2025-058720,1,PROD-023,1,7.89,6.91
ORD-2025-058721,1,PROD-032,1,19.72,12.78
ORD-2025-058721,2,PROD-018,2,50.7,71.5
ORD-2025-058722,1,PROD-043,1,107.04,87.19
ORD-2025-058723,1,PROD-010,2,38.03,58.1
ORD-2025-058723,2,PROD-042,1,73.24,
ORD-2025-058724,1,PROD-009,1,61.97,43.21
ORD-2025-058725,1,PROD-009,1,61.97,54.89
ORD-2025-058726,1,PROD-009,3,61.97,173.79
ORD-2025-058727,1,PROD-015,2,26.76,37.75
ORD-2025-058727,2,PROD-043,3,107.04,276.93
ORD-2025-058728,1,PROD-010,1,38.03,30.32
ORD-2025-058729,1,PROD-009,1,61.97,61.28
ORD-2025-058730,1,PROD-043,1,107.04,105.96
ORD-2025-058730,2,PROD-005,1,20.28,19.37
ORD-2025-058731,1,PROD-043,2,107.04,201.45
ORD-2025-058731,2,PROD-009,1,61.97,56.19
ORD-2025-058732,1,PROD-009,3,61.97,157.87
ORD-2025-058732,2,PROD-031,2,53.52,78.63
ORD-2025-058732,3,PROD-032,1,19.72,16.53
ORD-2025-058732,4,PROD-019,3,29.58,74.76
ORD-2025-058733,1,PROD-024,2,8.73,16.39
ORD-2025-058733,2,PROD-009,3,61.97,173.71
ORD-2025-058733,3,PROD-043,2,107.04,196.4
ORD-2025-058734,1,PROD-005,1,20.28,20.15
ORD-2025-058735,1,PROD-014,3,9.9,17.79
ORD-2025-058736,1,PROD-029,1,24.79,24.38
ORD-2025-058736,2,PROD-009,2,61.97,121.57
ORD-2025-058737,1,PROD-004,3,20.28,54.74
ORD-2025-058738,1,PROD-009,1,61.97,59.21
ORD-2025-058739,1,PROD-009,1,61.97,56.31
ORD-2025-058739,2,PROD-040,1,15.21,13.89
ORD-2025-058740,1,PROD-009,1,61.97,60.41
ORD-2025-058741,1,PROD-043,1,107.04,103.36
ORD-2025-058742,1,PROD-009,2,61.97,120.61
ORD-2025-058743,1,PROD-018,3,50.7,111.79
ORD-2025-058744,1,PROD-043,1,107.04,90.67
ORD-2025-058745,1,PROD-010,1,38.03,36.43
ORD-2025-058745,2,PROD-034,3,9.01,26.61
ORD-2025-058745,3,PROD-009,2,61.97,122.7
ORD-2025-058746,1,PROD-056,1,101.41,77.19
ORD-2025-058747,1,PROD-014,1,9.9,8.92
ORD-2025-058748,1,PROD-004,1,20.28,19.31
ORD-2025-058749,1,PROD-018,1,50.7,23.98
ORD-2025-058750,1,PROD-009,1,61.97,48.84
ORD-2025-058751,1,PROD-059,1,52.11,28.35
ORD-2025-058751,2,PROD-042,2,73.24,114.64
ORD-2025-058752,1,PROD-002,1,11.9,10.79
ORD-2025-058753,1,PROD-034,1,9.01,8.38
ORD-2025-058753,2,PROD-002,2,11.9,20.77
ORD-2025-058753,3,PROD-009,1,61.97,58.67
ORD-2025-058754,1,PROD-011,3,14.9,38.24
ORD-2025-058755,1,PROD-009,1,61.97,60.82
ORD-2025-058755,2,PROD-043,3,107.04,293.95
ORD-2025-058756,1,PROD-010,1,38.03,33.86
ORD-2025-058756,2,PROD-009,2,61.97,86.49
ORD-2025-058756,3,PROD-043,4,107.04,327.8
ORD-2025-058756,4,PROD-035,1,10.14,9.81
ORD-2025-058757,1,PROD-058,1,39.44,17.75
ORD-2025-058758,1,PROD-009,3,61.97,133.71
ORD-2025-058759,1,PROD-003,1,14.37,14.11
ORD-2025-058760,1,PROD-043,2,107.04,197.47
ORD-2025-058761,1,PROD-058,1,39.44,17.75
ORD-2025-058762,1,PROD-018,1,50.7,39.36
ORD-2025-058762,2,PROD-043,3,107.04,304.49
ORD-2025-058762,3,PROD-009,1,61.97,53.37
ORD-2025-058762,4,PROD-032,1,19.72,17.26
ORD-2025-058762,5,PROD-005,1,20.28,20.06
ORD-2025-058763,1,PROD-007,1,17.18,14.63
ORD-2025-058763,2,PROD-038,1,7.89,7.35
ORD-2025-058764,1,PROD-041,2,11.83,19.37
ORD-2025-058764,2,PROD-043,3,107.04,277.19
ORD-2025-058765,1,PROD-043,1,107.04,105.38
ORD-2025-058766,1,PROD-043,2,107.04,188.67
ORD-2025-058766,2,PROD-011,1,14.9,11.91
ORD-2025-058767,1,PROD-041,4,11.83,40.43
ORD-2025-058768,1,PROD-006,1,32.39,31.02
ORD-2025-058768,2,PROD-033,2,52.11,102.84
ORD-2025-058768,3,PROD-019,3,29.58,85.02
ORD-2025-058768,4,PROD-009,2,61.97,114.64
ORD-2025-058769,1,PROD-017,1,12.5,12.4
ORD-2025-058770,1,PROD-018,2,50.7,68.47
ORD-2025-058771,1,PROD-026,1,14.65,13.65
ORD-2025-058771,2,PROD-037,4,9.86,17.75
ORD-2025-058771,3,PROD-022,1,9.01,6.79
ORD-2025-058772,1,PROD-006,1,32.39,18.73
ORD-2025-058772,2,PROD-043,3,107.04,227.19
ORD-2025-058772,3,PROD-019,1,29.58,26.22
ORD-2025-058773,1,PROD-030,1,49.3,47.46
ORD-2025-058773,2,PROD-009,2,61.97,123.43
ORD-2025-058774,1,PROD-005,2,20.28,38.81
ORD-2025-058774,2,PROD-043,2,107.04,204.51
ORD-2025-058774,3,PROD-055,1,74.65,69.51
ORD-2025-058775,1,PROD-005,1,20.28,18.28
ORD-2025-058775,2,PROD-042,2,73.24,141.09
ORD-2025-058776,1,PROD-005,3,20.28,42.95
ORD-2025-058777,1,PROD-040,3,15.21,40.14
ORD-2025-058777,2,PROD-010,3,38.03,93.07
ORD-2025-058778,1,PROD-042,2,73.24,137.02
ORD-2025-058778,2,PROD-009,1,61.97,49.37
ORD-2025-058778,3,PROD-005,1,20.28,18.59
ORD-2025-058779,1,PROD-043,2,107.04,186.36
ORD-2025-058779,2,PROD-018,1,50.7,49.44
ORD-2025-058780,1,PROD-043,2,107.04,151.57
ORD-2025-058781,1,PROD-031,1,53.52,48.61
ORD-2025-058781,2,PROD-009,1,61.97,61.23
ORD-2025-058781,3,PROD-043,1,107.04,106.76
ORD-2025-058782,1,PROD-009,1,61.97,58.31
ORD-2025-058783,1,PROD-024,1,8.73,7.61
ORD-2025-058783,2,PROD-043,1,107.04,74.54
ORD-2025-058784,1,PROD-004,1,20.28,18.9
ORD-2025-058785,1,PROD-027,1,21.13,15.06
ORD-2025-058785,2,PROD-025,1,21.97,20.46
ORD-2025-058786,1,PROD-003,1,14.37,12.41
ORD-2025-058787,1,PROD-030,1,49.3,39.03
ORD-2025-058787,2,PROD-020,2,10.14,13.04
ORD-2025-058788,1,PROD-009,2,61.97,113.23
ORD-2025-058788,2,PROD-004,3,20.28,52.38
ORD-2025-058788,3,PROD-036,2,11.55,22.73
ORD-2025-058789,1,PROD-039,1,8.17,7.49
ORD-2025-058789,2,PROD-043,3,107.04,288.88
ORD-2025-058789,3,PROD-031,1,53.52,51.35
ORD-2025-058789,4,PROD-018,2,50.7,81.99
ORD-2025-058789,5,PROD-049,1,80.28,75.42
ORD-2025-058790,1,PROD-004,1,20.28,20.11
ORD-2025-058790,2,PROD-009,1,61.97,61.71
ORD-2025-058791,1,PROD-019,1,29.58,26.21
ORD-2025-058791,2,PROD-043,1,107.04,102.47
ORD-2025-058792,1,PROD-041,1,11.83,9.81
ORD-2025-058792,2,PROD-050,1,61.97,34.48
ORD-2025-058792,3,PROD-043,1,107.04,92.7
ORD-2025-058793,1,PROD-010,1,38.03,35.07
ORD-2025-058793,2,PROD-036,2,11.55,16.21
ORD-2025-058794,1,PROD-009,2,61.97,104.44
ORD-2025-058795,1,PROD-009,3,61.97,178.46
ORD-2025-058795,2,PROD-002,1,11.9,10.31
ORD-2025-058795,3,PROD-043,2,107.04,195.05
ORD-2025-058796,1,PROD-035,1,10.14,9.55
ORD-2025-058796,2,PROD-009,2,61.97,122.87
ORD-2025-058796,3,PROD-006,1,32.39,30.87
ORD-2025-058796,4,PROD-043,1,107.04,100.86
ORD-2025-058797,1,PROD-002,1,11.9,6.96
ORD-2025-058797,2,PROD-035,1,10.14,7.12
ORD-2025-058798,1,PROD-012,1,18.5,17.51
ORD-2025-058799,1,PROD-009,1,61.97,57.15
ORD-2025-058800,1,PROD-009,2,61.97,111.56
ORD-2025-058800,2,PROD-043,1,107.04,88.2
ORD-2025-058801,1,PROD-021,1,15.49,12.55
ORD-2025-058802,1,PROD-010,1,38.03,34.4
ORD-2025-058802,2,PROD-047,1,108.45,97.43
ORD-2025-058802,3,PROD-046,1,259.15,230.75
ORD-2025-058803,1,PROD-009,3,61.97,180.46
ORD-2025-058804,1,PROD-018,1,50.7,48.76
ORD-2025-058804,2,PROD-055,1,74.65,70.18
ORD-2025-058805,1,PROD-009,1,61.97,51.94
ORD-2025-058806,1,PROD-009,1,61.97,57.7
ORD-2025-058806,2,PROD-034,3,9.01,25.91
ORD-2025-058806,3,PROD-002,2,11.9,23.04
ORD-2025-058806,4,PROD-003,3,14.37,42.06
ORD-2025-058806,5,PROD-040,2,15.21,28.74
ORD-2025-058807,1,PROD-002,1,11.9,10.76
ORD-2025-058808,1,PROD-010,2,38.03,52.11
ORD-2025-058809,1,PROD-028,1,17.18,14.51
ORD-2025-058810,1,PROD-012,1,18.5,17.72
ORD-2025-058811,1,PROD-025,1,21.97,9.89
ORD-2025-058812,1,PROD-009,1,61.97,57.32
ORD-2025-058812,2,PROD-031,1,53.52,51.6
ORD-2025-058813,1,PROD-015,3,26.76,69.1
ORD-2025-058814,1,PROD-004,2,20.28,36.33
ORD-2025-058815,1,PROD-030,1,49.3,47.16
ORD-2025-058815,2,PROD-027,1,21.13,16.3
ORD-2025-058816,1,PROD-041,1,11.83,11.69
ORD-2025-058816,2,PROD-018,2,50.7,98.42
ORD-2025-058817,1,PROD-043,1,107.04,103.2
ORD-2025-058818,1,PROD-017,2,12.5,24.73
ORD-2025-058819,1,PROD-010,1,38.03,37.38
ORD-2025-058819,2,PROD-035,4,10.14,39.49
ORD-2025-058820,1,PROD-008,2,9.9,19.56
ORD-2025-058820,2,PROD-009,1,61.97,61.58
ORD-2025-058821,1,PROD-009,3,61.97,175.93
ORD-2025-058821,2,PROD-001,1,12.9,10.68
ORD-2025-058822,1,PROD-009,2,61.97,113.38
ORD-2025-058822,2,PROD-042,1,73.24,61.31
ORD-2025-058823,1,PROD-005,1,20.28,19.98
ORD-2025-058824,1,PROD-009,2,61.97,120.56
ORD-2025-058825,1,PROD-006,1,32.39,24.25
ORD-2025-058826,1,PROD-019,3,29.58,83.18
ORD-2025-058826,2,PROD-008,2,9.9,16.97
ORD-2025-058826,3,PROD-005,1,20.28,20.09
ORD-2025-058826,4,PROD-007,1,17.18,16.58
ORD-2025-058826,5,PROD-001,1,12.9,12.02
ORD-2025-058827,1,PROD-005,1,20.28,17.39
ORD-2025-058827,2,PROD-038,3,7.89,18.54
ORD-2025-058827,3,PROD-009,2,61.97,108.3
ORD-2025-058827,4,PROD-041,1,11.83,9.44
ORD-2025-058828,1,PROD-040,1,15.21,13.78
ORD-2025-058828,2,PROD-043,1,107.04,101.66
ORD-2025-058828,3,PROD-030,2,49.3,95.34
ORD-2025-058829,1,PROD-004,1,20.28,18.12
ORD-2025-058830,1,PROD-018,1,50.7,47.6
ORD-2025-058830,2,PROD-043,1,107.04,95.11
ORD-2025-058831,1,PROD-043,1,107.04,67.91
ORD-2025-058832,1,PROD-043,1,107.04,96.16
ORD-2025-058833,1,PROD-007,1,17.18,16.39
ORD-2025-058834,1,PROD-043,1,107.04,51.63
ORD-2025-058835,1,PROD-030,1,49.3,47.43
ORD-2025-058836,1,PROD-009,2,61.97,117.94
ORD-2025-058836,2,PROD-052,1,46.48,39.29
ORD-2025-058837,1,PROD-037,1,9.86,9.07
ORD-2025-058838,1,PROD-009,1,61.97,54.68
ORD-2025-058839,1,PROD-043,1,107.04,48.82
ORD-2025-058840,1,PROD-026,1,14.65,13.46
ORD-2025-058841,1,PROD-016,2,8.9,17.12
ORD-2025-058841,2,PROD-043,1,107.04,104.8
ORD-2025-058842,1,PROD-004,2,20.28,35.7
ORD-2025-058843,1,PROD-043,2,107.04,202.01
ORD-2025-058843,2,PROD-034,4,9.01,31.97
ORD-2025-058844,1,PROD-022,1,9.01,7.85
ORD-2025-058845,1,PROD-007,1,17.18,17.08
ORD-2025-058845,2,PROD-018,1,50.7,49.52
ORD-2025-058846,1,PROD-020,2,10.14,16.87
ORD-2025-058847,1,PROD-019,2,29.58,58.23
ORD-2025-058848,1,PROD-009,1,61.97,57.27
ORD-2025-058849,1,PROD-009,1,61.97,60.15
ORD-2025-058850,1,PROD-020,1,10.14,8.75
ORD-2025-058851,1,PROD-058,1,39.44,19.75
ORD-2025-058852,1,PROD-038,1,7.89,7.8
ORD-2025-058853,1,PROD-009,2,61.97,118.6
ORD-2025-058854,1,PROD-030,1,49.3,36.23
ORD-2025-058854,2,PROD-025,1,21.97,20.76
ORD-2025-058854,3,PROD-003,1,14.37,12.11
ORD-2025-058855,1,PROD-010,1,38.03,37.51
ORD-2025-058856,1,PROD-042,3,73.24,210.87
ORD-2025-058857,1,PROD-054,1,59.15,42.29
ORD-2025-058858,1,PROD-001,2,12.9,25.17
ORD-2025-058859,1,PROD-042,1,73.24,62.07
ORD-2025-058860,1,PROD-005,3,20.28,59.39
ORD-2025-058860,2,PROD-010,2,38.03,73.02
ORD-2025-058860,3,PROD-042,1,73.24,67.04
ORD-2025-058861,1,PROD-035,1,10.14,8.65
ORD-2025-058861,2,PROD-032,1,19.72,12.04
ORD-2025-058861,3,PROD-003,2,14.37,21.17
ORD-2025-058862,1,PROD-043,1,107.04,99.12
ORD-2025-058863,1,PROD-014,2,9.9,8.91
ORD-2025-058864,1,PROD-031,1,53.52,50.99
ORD-2025-058864,2,PROD-018,1,50.7,50.02
ORD-2025-058865,1,PROD-009,1,61.97,58.7
ORD-2025-058866,1,PROD-004,2,20.28,33.94
ORD-2025-058866,2,PROD-018,1,50.7,39.62
ORD-2025-058866,3,PROD-009,1,61.97,56.01
ORD-2025-058866,4,PROD-041,1,11.83,8.79
ORD-2025-058867,1,PROD-018,1,50.7,46.56
ORD-2025-058868,1,PROD-044,1,40.85,39.81
ORD-2025-058869,1,PROD-011,1,14.9,13.47
ORD-2025-058869,2,PROD-009,2,61.97,117.69
ORD-2025-058870,1,PROD-043,1,107.04,101.1
ORD-2025-058871,1,PROD-010,1,38.03,34.79
ORD-2025-058871,2,PROD-043,1,107.04,104.27
ORD-2025-058871,3,PROD-034,1,9.01,8.2
ORD-2025-058871,4,PROD-001,1,12.9,11.96
ORD-2025-058872,1,PROD-004,2,20.28,36.16
ORD-2025-058872,2,PROD-042,2,73.24,99.04
ORD-2025-058872,3,PROD-002,2,11.9,20.22
ORD-2025-058873,1,PROD-022,1,9.01,8.4
ORD-2025-058873,2,PROD-053,1,53.52,46.81
ORD-2025-058873,3,PROD-050,1,61.97,41.14
ORD-2025-058874,1,PROD-018,1,50.7,49.38
ORD-2025-058874,2,PROD-010,1,38.03,36.93
ORD-2025-058875,1,PROD-035,2,10.14,15.26
ORD-2025-058876,1,PROD-001,1,12.9,10.67
ORD-2025-058877,1,PROD-060,1,42.25,19.01
ORD-2025-058877,2,PROD-028,1,17.18,7.73
ORD-2025-058878,1,PROD-030,1,49.3,48.54
ORD-2025-058878,2,PROD-003,2,14.37,24.57
ORD-2025-058878,3,PROD-019,1,29.58,28.62
ORD-2025-058878,4,PROD-043,1,107.04,86.98
ORD-2025-058878,5,PROD-027,2,21.13,33.48
ORD-2025-058879,1,PROD-039,2,8.17,15.39
ORD-2025-058879,2,PROD-035,1,10.14,9.76
ORD-2025-058880,1,PROD-043,1,107.04,97.22
ORD-2025-058880,2,PROD-010,1,38.03,29.39
ORD-2025-058880,3,PROD-034,2,9.01,15.79
ORD-2025-058880,4,PROD-005,1,20.28,16.22
ORD-2025-058880,5,PROD-003,2,14.37,27.31
ORD-2025-058881,1,PROD-041,1,11.83,10.59
ORD-2025-058882,1,PROD-004,3,20.28,46.71
ORD-2025-058882,2,PROD-012,2,18.5,19.56
ORD-2025-058882,3,PROD-043,1,107.04,87.33
ORD-2025-058883,1,PROD-018,1,50.7,
ORD-2025-058884,1,PROD-020,1,10.14,9.07
ORD-2025-058884,2,PROD-018,1,50.7,48.21
ORD-2025-058884,3,PROD-043,3,107.04,282.59
ORD-2025-058885,1,PROD-023,1,7.89,7.66
ORD-2025-058885,2,PROD-030,1,49.3,48.5
ORD-2025-058885,3,PROD-018,1,50.7,49.69
ORD-2025-058886,1,PROD-007,1,17.18,16.54
ORD-2025-058886,2,PROD-009,2,61.97,119.22
ORD-2025-058887,1,PROD-009,1,61.97,56.11
ORD-2025-058887,2,PROD-010,1,38.03,36.69
ORD-2025-058887,3,PROD-041,1,11.83,11.43
ORD-2025-058888,1,PROD-002,1,11.9,11.71
ORD-2025-058889,1,PROD-012,1,18.5,16.93
ORD-2025-058890,1,PROD-002,1,11.9,8.68
ORD-2025-058890,2,PROD-008,3,9.9,19.04
ORD-2025-058890,3,PROD-042,1,73.24,61.23
ORD-2025-058891,1,PROD-005,1,20.28,13.7
ORD-2025-058891,2,PROD-001,1,12.9,7.31
ORD-2025-058892,1,PROD-041,3,11.83,33.23
ORD-2025-058892,2,PROD-022,1,9.01,8.73
ORD-2025-058893,1,PROD-018,3,50.7,132.07
ORD-2025-058893,2,PROD-043,1,107.04,90.87
ORD-2025-058893,3,PROD-003,1,14.37,13.81
ORD-2025-058894,1,PROD-006,1,32.39,31.77
ORD-2025-058894,2,PROD-050,1,61.97,59.04
ORD-2025-058894,3,PROD-009,2,61.97,117.31
ORD-2025-058895,1,PROD-018,2,50.7,94.41
ORD-2025-058895,2,PROD-040,1,15.21,13.63
ORD-2025-058896,1,PROD-026,1,14.65,12.97
ORD-2025-058897,1,PROD-009,2,61.97,115.6
ORD-2025-058898,1,PROD-009,1,61.97,58.18
ORD-2025-058898,2,PROD-034,1,9.01,8.71
ORD-2025-058899,1,PROD-016,1,8.9,7.82
ORD-2025-058900,1,PROD-009,1,61.97,51.01
ORD-2025-058900,2,PROD-043,1,107.04,97.97
ORD-2025-058901,1,PROD-009,3,61.97,152.02
ORD-2025-058901,2,PROD-055,1,74.65,70.29
ORD-2025-058901,3,PROD-006,2,32.39,56.81
ORD-2025-058902,1,PROD-006,2,32.39,60.66
ORD-2025-058903,1,PROD-009,2,61.97,94.71
ORD-2025-058903,2,PROD-019,2,29.58,55.84
ORD-2025-058904,1,PROD-009,1,61.97,51.61
ORD-2025-058905,1,PROD-009,1,61.97,55.12
ORD-2025-058906,1,PROD-055,1,74.65,72.66
ORD-2025-058907,1,PROD-009,1,61.97,59.09
ORD-2025-058908,1,PROD-005,1,20.28,19.87
ORD-2025-058909,1,PROD-014,2,9.9,16.41
ORD-2025-058909,2,PROD-032,2,19.72,35.09
ORD-2025-058910,1,PROD-009,2,61.97,122.59
ORD-2025-058910,2,PROD-004,1,20.28,19.2
ORD-2025-058911,1,PROD-027,1,21.13,19.9
ORD-2025-058911,2,PROD-009,1,61.97,60.37
ORD-2025-058912,1,PROD-045,1,72.68,61.23
ORD-2025-058912,2,PROD-054,1,59.15,26.62
ORD-2025-058913,1,PROD-009,2,61.97,105.93
ORD-2025-058913,2,PROD-004,1,20.28,15.68
ORD-2025-058913,3,PROD-010,2,38.03,59.4
ORD-2025-058914,1,PROD-037,2,9.86,19.05
ORD-2025-058915,1,PROD-054,1,59.15,49.75
ORD-2025-058915,2,PROD-009,1,61.97,47.61
ORD-2025-058916,1,PROD-019,1,29.58,13.31
ORD-2025-058916,2,PROD-008,1,9.9,4.46
ORD-2025-058917,1,PROD-018,2,50.7,93.95
ORD-2025-058918,1,PROD-018,1,50.7,49.17
ORD-2025-058918,2,PROD-040,1,15.21,13.0
ORD-2025-058919,1,PROD-031,1,53.52,49.71
ORD-2025-058919,2,PROD-043,1,107.04,71.95
ORD-2025-058920,1,PROD-012,1,18.5,15.3
ORD-2025-058920,2,PROD-030,1,49.3,44.11
ORD-2025-058921,1,PROD-004,1,20.28,17.04
ORD-2025-058921,2,PROD-010,2,38.03,60.19
ORD-2025-058921,3,PROD-020,1,10.14,9.38
ORD-2025-058922,1,PROD-003,2,14.37,28.22
ORD-2025-058922,2,PROD-001,2,12.9,22.18
ORD-2025-058923,1,PROD-009,1,61.97,60.14
ORD-2025-058923,2,PROD-045,1,72.68,70.42
ORD-2025-058924,1,PROD-028,2,17.18,25.7
ORD-2025-058925,1,PROD-009,1,61.97,60.07
ORD-2025-058925,2,PROD-010,1,38.03,36.52
ORD-2025-058925,3,PROD-006,2,32.39,62.91
ORD-2025-058926,1,PROD-016,1,8.9,8.09
ORD-2025-058926,2,PROD-003,2,14.37,27.0
ORD-2025-058926,3,PROD-006,1,32.39,30.48
ORD-2025-058927,1,PROD-008,1,9.9,4.46
ORD-2025-058928,1,PROD-043,1,107.04,98.51
ORD-2025-058928,2,PROD-055,1,74.65,49.28
ORD-2025-058928,3,PROD-032,1,19.72,15.96
ORD-2025-058929,1,PROD-035,2,10.14,12.12
ORD-2025-058930,1,PROD-018,1,50.7,47.68
ORD-2025-058931,1,PROD-001,1,12.9,12.47
ORD-2025-058931,2,PROD-010,1,38.03,33.2
ORD-2025-058931,3,PROD-004,1,20.28,16.72
ORD-2025-058932,1,PROD-043,4,107.04,350.32
ORD-2025-058932,2,PROD-006,1,32.39,22.88
ORD-2025-058932,3,PROD-010,1,38.03,32.2
ORD-2025-058932,4,PROD-018,2,50.7,80.8
ORD-2025-058932,5,PROD-009,1,61.97,50.11
ORD-2025-058933,1,PROD-019,1,29.58,28.02
ORD-2025-058934,1,PROD-002,1,11.9,11.64
ORD-2025-058935,1,PROD-018,2,50.7,95.55
ORD-2025-058935,2,PROD-043,1,107.04,103.68
ORD-2025-058936,1,PROD-006,1,32.39,18.25
ORD-2025-058937,1,PROD-023,1,7.89,7.29
ORD-2025-058937,2,PROD-003,2,14.37,26.98
ORD-2025-058938,1,PROD-008,2,9.9,17.88
ORD-2025-058938,2,PROD-009,3,61.97,181.95
ORD-2025-058939,1,PROD-043,3,107.04,177.8
ORD-2025-058940,1,PROD-009,2,61.97,117.9
ORD-2025-058941,1,PROD-003,2,14.37,22.68
ORD-2025-058941,2,PROD-035,1,10.14,10.06
ORD-2025-058942,1,PROD-020,1,10.14,7.78
ORD-2025-058943,1,PROD-033,3,52.11,148.79
ORD-2025-058944,1,PROD-018,2,50.7,98.61
ORD-2025-058945,1,PROD-021,1,15.49,14.66
ORD-2025-058945,2,PROD-005,1,20.28,19.64
ORD-2025-058945,3,PROD-043,1,107.04,100.46
ORD-2025-058946,1,PROD-009,1,61.97,54.79
ORD-2025-058946,2,PROD-044,1,40.85,34.09
ORD-2025-058946,3,PROD-005,1,20.28,19.73
ORD-2025-058947,1,PROD-009,1,61.97,57.54
ORD-2025-058947,2,PROD-002,2,11.9,22.49
ORD-2025-058948,1,PROD-009,1,61.97,47.74
ORD-2025-058948,2,PROD-042,1,73.24,54.68
ORD-2025-058948,3,PROD-043,1,107.04,73.02
ORD-2025-058949,1,PROD-011,1,14.9,14.74
ORD-2025-058950,1,PROD-009,1,61.97,57.3
ORD-2025-058951,1,PROD-053,1,53.52,48.64
ORD-2025-058952,1,PROD-043,2,107.04,161.89
ORD-2025-058952,2,PROD-009,1,61.97,47.33
ORD-2025-058952,3,PROD-011,1,14.9,13.01
ORD-2025-058953,1,PROD-010,1,38.03,35.58
ORD-2025-058954,1,PROD-009,2,61.97,67.78
ORD-2025-058955,1,PROD-003,1,14.37,13.45
ORD-2025-058956,1,PROD-054,1,59.15,57.05
ORD-2025-058957,1,PROD-038,1,7.89,6.84
ORD-2025-058958,1,PROD-009,1,61.97,58.96
ORD-2025-058958,2,PROD-001,2,12.9,18.13
ORD-2025-058959,1,PROD-042,2,73.24,65.92
ORD-2025-058960,1,PROD-009,1,61.97,30.19
ORD-2025-058960,2,PROD-035,2,10.14,13.83
ORD-2025-058961,1,PROD-004,1,20.28,15.04
ORD-2025-058961,2,PROD-043,1,107.04,101.56
