OrderID,LineNumber,ProductID,Quantity,UnitPrice,LineNetAmount
ORD-2024-031715,1,PROD-035,2,10.14,16.71
ORD-2024-031716,1,PROD-014,1,9.9,9.8
ORD-2024-031716,2,PROD-013,1,11.9,11.63
ORD-2024-031717,1,PROD-004,1,20.28,17.16
ORD-2024-031718,1,PROD-036,1,11.55,8.65
ORD-2024-031719,1,PROD-052,1,46.48,39.03
ORD-2024-031720,1,PROD-023,1,7.89,4.92
ORD-2024-031721,1,PROD-004,2,20.28,38.56
ORD-2024-031721,2,PROD-041,1,11.83,11.21
ORD-2024-031722,1,PROD-041,4,11.83,40.4
ORD-2024-031722,2,PROD-007,2,17.18,19.2
ORD-2024-031723,1,PROD-034,1,9.01,6.14
ORD-2024-031723,2,PROD-003,1,14.37,9.78
ORD-2024-031723,3,PROD-026,1,14.65,11.97
ORD-2024-031723,4,PROD-008,3,9.9,18.28
ORD-2024-031724,1,PROD-011,2,14.9,16.65
ORD-2024-031725,1,PROD-025,2,21.97,35.24
ORD-2024-031725,2,PROD-004,1,20.28,9.13
ORD-2024-031726,1,PROD-007,1,17.18,15.89
ORD-2024-031726,2,PROD-016,1,8.9,8.34
ORD-2024-031727,1,PROD-037,3,9.86,17.19
ORD-2024-031728,1,PROD-037,3,9.86,28.99
ORD-2024-031729,1,PROD-023,1,7.89,7.11
ORD-2024-031729,2,PROD-005,3,20.28,33.36
ORD-2024-031730,1,PROD-047,1,108.45,75.22
ORD-2024-031731,1,PROD-001,1,12.9,12.5
ORD-2024-031732,1,PROD-004,2,20.28,30.99
ORD-2024-031732,2,PROD-005,1,20.28,9.13
ORD-2024-031733,1,PROD-006,1,32.39,14.58
ORD-2024-031733,2,PROD-034,3,9.01,12.16
ORD-2024-031734,1,PROD-022,1,9.01,4.05
ORD-2024-031735,1,PROD-040,2,15.21,17.04
ORD-2024-031736,1,PROD-003,2,14.37,27.51
ORD-2024-031737,1,PROD-014,1,9.9,8.02
ORD-2024-031738,1,PROD-025,1,21.97,17.96
ORD-2024-031738,2,PROD-044,1,40.85,37.93
ORD-2024-031739,1,PROD-030,1,49.3,48.59
ORD-2024-031740,1,PROD-029,2,24.79,38.1
ORD-2024-031741,1,PROD-011,1,14.9,13.91
ORD-2024-031742,1,PROD-042,3,73.24,110.34
ORD-2024-031743,1,PROD-001,1,12.9,10.29
ORD-2024-031744,1,PROD-016,1,8.9,6.44
ORD-2024-031745,1,PROD-040,2,15.21,22.07
ORD-2024-031745,2,PROD-022,1,9.01,5.41
ORD-2024-031746,1,PROD-027,1,21.13,17.79
ORD-2024-031746,2,PROD-024,1,8.73,8.29
ORD-2024-031747,1,PROD-004,2,20.28,29.16
ORD-2024-031748,1,PROD-002,2,11.9,14.5
ORD-2024-031749,1,PROD-024,1,8.73,7.85
ORD-2024-031750,1,PROD-022,2,9.01,17.76
ORD-2024-031750,2,PROD-003,1,14.37,14.01
ORD-2024-031751,1,PROD-004,1,20.28,18.68
ORD-2024-031752,1,PROD-024,1,8.73,7.71
ORD-2024-031752,2,PROD-008,3,9.9,27.63
ORD-2024-031753,1,PROD-004,1,20.28,14.25
ORD-2024-031754,1,PROD-032,1,19.72,14.73
ORD-2024-031755,1,PROD-001,1,12.9,12.52
ORD-2024-031756,1,PROD-013,2,11.9,19.72
ORD-2024-031757,1,PROD-032,1,19.72,17.23
ORD-2024-031757,2,PROD-002,1,11.9,10.27
ORD-2024-031758,1,PROD-010,1,38.03,17.11
ORD-2024-031759,1,PROD-010,3,38.03,51.34
ORD-2024-031759,2,PROD-035,1,10.14,4.56
ORD-2024-031760,1,PROD-025,1,21.97,17.07
ORD-2024-031760,2,PROD-032,2,19.72,35.56
ORD-2024-031760,3,PROD-015,1,26.76,24.13
ORD-2024-031760,4,PROD-017,2,12.5,18.75
ORD-2024-031760,5,PROD-006,1,32.39,26.0
ORD-2024-031761,1,PROD-005,2,20.28,39.53
ORD-2024-031762,1,PROD-038,1,7.89,7.61
ORD-2024-031762,2,PROD-034,2,9.01,14.17
ORD-2024-031763,1,PROD-023,2,7.89,15.08
ORD-2024-031763,2,PROD-001,2,12.9,25.34
ORD-2024-031764,1,PROD-041,2,11.83,22.83
ORD-2024-031764,2,PROD-032,1,19.72,17.34
ORD-2024-031765,1,PROD-004,3,20.28,57.99
ORD-2024-031765,2,PROD-023,1,7.89,7.46
ORD-2024-031766,1,PROD-006,1,32.39,28.74
ORD-2024-031767,1,PROD-003,2,14.37,28.3
ORD-2024-031767,2,PROD-006,2,32.39,63.57
ORD-2024-031767,3,PROD-007,3,17.18,50.76
ORD-2024-031768,1,PROD-006,1,32.39,30.91
ORD-2024-031768,2,PROD-027,1,21.13,20.66
ORD-2024-031769,1,PROD-028,2,17.18,29.94
ORD-2024-031770,1,PROD-005,3,20.28,35.34
ORD-2024-031771,1,PROD-002,2,11.9,22.5
ORD-2024-031771,2,PROD-033,3,52.11,151.83
ORD-2024-031771,3,PROD-004,1,20.28,19.06
ORD-2024-031772,1,PROD-004,1,20.28,12.86
ORD-2024-031772,2,PROD-019,3,29.58,42.26
ORD-2024-031773,1,PROD-029,1,24.79,23.18
ORD-2024-031773,2,PROD-002,1,11.9,10.78
ORD-2024-031774,1,PROD-040,2,15.21,23.15
ORD-2024-031774,2,PROD-003,1,14.37,12.92
ORD-2024-031775,1,PROD-001,1,12.9,11.59
ORD-2024-031776,1,PROD-036,1,11.55,10.63
ORD-2024-031776,2,PROD-035,1,10.14,9.93
ORD-2024-031777,1,PROD-011,1,14.9,14.27
ORD-2024-031778,1,PROD-032,1,19.72,15.67
ORD-2024-031779,1,PROD-001,1,12.9,9.25
ORD-2024-031779,2,PROD-048,1,55.77,25.1
ORD-2024-031780,1,PROD-004,2,20.28,18.25
ORD-2024-031781,1,PROD-002,2,11.9,23.35
ORD-2024-031782,1,PROD-005,3,20.28,50.41
ORD-2024-031782,2,PROD-046,1,259.15,211.67
ORD-2024-031783,1,PROD-041,1,11.83,7.39
ORD-2024-031784,1,PROD-004,2,20.28,39.85
ORD-2024-031785,1,PROD-003,1,14.37,14.08
ORD-2024-031786,1,PROD-048,1,55.77,51.84
ORD-2024-031786,2,PROD-024,1,8.73,7.73
ORD-2024-031787,1,PROD-005,1,20.28,15.32
ORD-2024-031788,1,PROD-003,2,14.37,25.75
ORD-2024-031789,1,PROD-023,1,7.89,7.39
ORD-2024-031790,1,PROD-001,1,12.9,12.37
ORD-2024-031791,1,PROD-024,1,8.73,6.93
ORD-2024-031792,1,PROD-006,1,32.39,30.84
ORD-2024-031792,2,PROD-004,1,20.28,17.83
ORD-2024-031793,1,PROD-037,2,9.86,19.4
ORD-2024-031794,1,PROD-006,2,32.39,56.06
ORD-2024-031795,1,PROD-021,1,15.49,10.94
ORD-2024-031795,2,PROD-004,1,20.28,16.37
ORD-2024-031796,1,PROD-008,1,9.9,9.54
ORD-2024-031796,2,PROD-003,1,14.37,13.49
ORD-2024-031796,3,PROD-004,1,20.28,17.24
ORD-2024-031797,1,PROD-044,1,40.85,36.1
ORD-2024-031797,2,PROD-001,2,12.9,17.89
ORD-2024-031798,1,PROD-040,2,15.21,23.57
ORD-2024-031799,1,PROD-033,2,52.11,101.41
ORD-2024-031800,1,PROD-006,2,32.39,61.82
ORD-2024-031801,1,PROD-035,1,10.14,4.56
ORD-2024-031801,2,PROD-027,2,21.13,24.83
ORD-2024-031802,1,PROD-014,2,9.9,16.9
ORD-2024-031803,1,PROD-030,1,49.3,22.18
ORD-2024-031804,1,PROD-039,3,8.17,22.05
ORD-2024-031804,2,PROD-011,1,14.9,12.69
ORD-2024-031804,3,PROD-014,1,9.9,8.89
ORD-2024-031805,1,PROD-033,1,52.11,41.35
ORD-2024-031805,2,PROD-032,2,19.72,17.75
ORD-2024-031806,1,PROD-007,1,17.18,16.11
ORD-2024-031806,2,PROD-005,2,20.28,38.76
ORD-2024-031807,1,PROD-038,2,7.89,10.43
ORD-2024-031807,2,PROD-035,1,10.14,7.82
ORD-2024-031808,1,PROD-001,1,12.9,12.63
ORD-2024-031809,1,PROD-024,2,8.73,13.67
ORD-2024-031810,1,PROD-032,2,19.72,30.32
ORD-2024-031811,1,PROD-027,1,21.13,17.88
ORD-2024-031811,2,PROD-001,1,12.9,8.14
ORD-2024-031811,3,PROD-036,1,11.55,9.19
ORD-2024-031812,1,PROD-020,2,10.14,13.5
ORD-2024-031813,1,PROD-026,1,14.65,8.34
ORD-2024-031813,2,PROD-038,1,7.89,3.55
ORD-2024-031814,1,PROD-040,1,15.21,14.0
ORD-2024-031814,2,PROD-014,2,9.9,15.12
ORD-2024-031814,3,PROD-004,1,20.28,19.18
ORD-2024-031814,4,PROD-046,1,259.15,256.95
ORD-2024-031815,1,PROD-027,1,21.13,12.98
ORD-2024-031816,1,PROD-032,4,19.72,78.58
ORD-2024-031816,2,PROD-007,1,17.18,16.88
ORD-2024-031816,3,PROD-035,1,10.14,9.98
ORD-2024-031817,1,PROD-032,2,19.72,19.74
ORD-2024-031817,2,PROD-006,1,32.39,18.17
ORD-2024-031818,1,PROD-006,2,32.39,49.23
ORD-2024-031819,1,PROD-020,1,10.14,4.56
ORD-2024-031819,2,PROD-003,3,14.37,21.18
ORD-2024-031820,1,PROD-004,1,20.28,17.3
ORD-2024-031821,1,PROD-011,1,14.9,6.7
ORD-2024-031822,1,PROD-006,1,32.39,29.41
ORD-2024-031823,1,PROD-052,1,46.48,41.34
ORD-2024-031824,1,PROD-006,3,32.39,96.63
ORD-2024-031824,2,PROD-052,1,46.48,45.36
ORD-2024-031824,3,PROD-008,2,9.9,19.57
ORD-2024-031825,1,PROD-040,1,15.21,15.19
ORD-2024-031825,2,PROD-020,1,10.14,9.7
ORD-2024-031826,1,PROD-039,2,8.17,15.78
ORD-2024-031827,1,PROD-004,1,20.28,16.99
ORD-2024-031828,1,PROD-044,1,40.85,37.84
ORD-2024-031829,1,PROD-005,1,20.28,18.08
ORD-2024-031829,2,PROD-032,1,19.72,13.55
ORD-2024-031830,1,PROD-053,1,53.52,50.06
ORD-2024-031831,1,PROD-004,1,20.28,19.09
ORD-2024-031832,1,PROD-024,1,8.73,3.93
ORD-2024-031833,1,PROD-004,2,20.28,33.84
ORD-2024-031834,1,PROD-055,1,74.65,72.54
ORD-2024-031835,1,PROD-036,2,11.55,10.39
ORD-2024-031836,1,PROD-026,1,14.65,9.97
ORD-2024-031837,1,PROD-030,1,49.3,31.99
ORD-2024-031838,1,PROD-019,2,29.58,37.66
ORD-2024-031839,1,PROD-038,2,7.89,8.31
ORD-2024-031840,1,PROD-028,1,17.18,16.97
ORD-2024-031840,2,PROD-055,1,74.65,74.29
ORD-2024-031841,1,PROD-036,2,11.55,19.98
ORD-2024-031842,1,PROD-014,1,9.9,8.99
ORD-2024-031842,2,PROD-013,1,11.9,10.01
ORD-2024-031842,3,PROD-047,1,108.45,77.22
ORD-2024-031843,1,PROD-021,1,15.49,12.22
ORD-2024-031844,1,PROD-031,1,53.52,29.78
ORD-2024-031845,1,PROD-049,1,80.28,66.05
ORD-2024-031845,2,PROD-005,1,20.28,9.13
ORD-2024-031846,1,PROD-005,2,20.28,24.25
ORD-2024-031847,1,PROD-004,1,20.28,19.77
ORD-2024-031847,2,PROD-034,2,9.01,17.65
ORD-2024-031847,3,PROD-041,1,11.83,11.02
ORD-2024-031848,1,PROD-030,1,49.3,47.33
ORD-2024-031848,2,PROD-016,1,8.9,8.47
ORD-2024-031848,3,PROD-052,1,46.48,44.86
ORD-2024-031849,1,PROD-005,1,20.28,19.47
ORD-2024-031850,1,PROD-037,1,9.86,9.25
ORD-2024-031851,1,PROD-023,1,7.89,5.03
ORD-2024-031851,2,PROD-004,3,20.28,54.04
ORD-2024-031852,1,PROD-020,1,10.14,8.0
ORD-2024-031853,1,PROD-056,1,101.41,96.33
ORD-2024-031854,1,PROD-011,2,14.9,29.35
ORD-2024-031854,2,PROD-032,2,19.72,35.01
ORD-2024-031854,3,PROD-026,1,14.65,11.1
ORD-2024-031855,1,PROD-003,1,14.37,14.31
ORD-2024-031856,1,PROD-008,1,9.9,8.74
ORD-2024-031857,1,PROD-002,1,11.9,11.51
ORD-2024-031857,2,PROD-001,1,12.9,11.04
ORD-2024-031858,1,PROD-039,3,8.17,15.64
ORD-2024-031859,1,PROD-003,2,14.37,15.12
ORD-2024-031859,2,PROD-010,1,38.03,34.66
ORD-2024-031860,1,PROD-021,1,15.49,14.34
ORD-2024-031861,1,PROD-010,2,38.03,34.23
ORD-2024-031861,2,PROD-035,3,10.14,13.69
ORD-2024-031862,1,PROD-003,1,14.37,14.13
ORD-2024-031862,2,PROD-001,1,12.9,12.4
ORD-2024-031862,3,PROD-004,1,20.28,20.0
ORD-2024-031863,1,PROD-001,2,12.9,22.59
ORD-2024-031863,2,PROD-041,1,11.83,11.0
ORD-2024-031864,1,PROD-024,1,8.73,4.17
ORD-2024-031865,1,PROD-012,1,18.5,18.18
ORD-2024-031866,1,PROD-003,2,14.37,12.93
ORD-2024-031866,2,PROD-041,1,11.83,6.83
ORD-2024-031867,1,PROD-008,1,9.9,8.71
ORD-2024-031867,2,PROD-013,1,11.9,11.46
ORD-2024-031868,1,PROD-038,2,7.89,12.61
ORD-2024-031869,1,PROD-015,1,26.76,26.09
ORD-2024-031869,2,PROD-030,1,49.3,48.84
ORD-2024-031870,1,PROD-010,1,38.03,33.53
ORD-2024-031870,2,PROD-035,2,10.14,19.59
ORD-2024-031871,1,PROD-024,2,8.73,11.35
ORD-2024-031871,2,PROD-002,2,11.9,16.71
ORD-2024-031872,1,PROD-002,1,11.9,10.81
ORD-2024-031872,2,PROD-005,1,20.28,17.47
ORD-2024-031872,3,PROD-030,1,49.3,27.83
ORD-2024-031873,1,PROD-005,1,20.28,19.4
ORD-2024-031874,1,PROD-028,1,17.18,15.63
ORD-2024-031874,2,PROD-023,1,7.89,6.2
ORD-2024-031875,1,PROD-005,1,20.28,19.16
ORD-2024-031876,1,PROD-025,2,21.97,19.77
ORD-2024-031876,2,PROD-007,2,17.18,15.46
ORD-2024-031877,1,PROD-005,2,20.28,36.05
ORD-2024-031877,2,PROD-017,2,12.5,0.0
ORD-2024-031877,3,PROD-038,1,7.89,7.73
ORD-2024-031878,1,PROD-021,2,15.49,22.48
ORD-2024-031878,2,PROD-005,2,20.28,35.45
ORD-2024-031878,3,PROD-007,1,17.18,15.22
ORD-2024-031879,1,PROD-032,2,19.72,31.43
ORD-2024-031880,1,PROD-004,1,20.28,12.88
ORD-2024-031881,1,PROD-006,2,32.39,56.81
ORD-2024-031882,1,PROD-028,1,17.18,16.05
ORD-2024-031883,1,PROD-002,2,11.9,22.64
ORD-2024-031884,1,PROD-001,1,12.9,11.43
ORD-2024-031885,1,PROD-012,1,18.5,17.61
ORD-2024-031886,1,PROD-004,2,20.28,37.64
ORD-2024-031887,1,PROD-017,1,12.5,10.55
ORD-2024-031888,1,PROD-015,2,26.76,43.11
ORD-2024-031889,1,PROD-001,1,12.9,5.88
ORD-2024-031889,2,PROD-059,1,52.11,26.37
ORD-2024-031890,1,PROD-030,1,49.3,34.05
ORD-2024-031891,1,PROD-001,1,12.9,12.42
ORD-2024-031892,1,PROD-029,2,24.79,45.79
ORD-2024-031892,2,PROD-003,1,14.37,13.76
ORD-2024-031893,1,PROD-011,1,14.9,14.65
ORD-2024-031894,1,PROD-029,2,24.79,22.31
ORD-2024-031894,2,PROD-050,1,61.97,49.25
ORD-2024-031895,1,PROD-060,1,42.25,25.9
ORD-2024-031895,2,PROD-007,1,17.18,11.12
ORD-2024-031896,1,PROD-027,1,21.13,20.0
ORD-2024-031896,2,PROD-008,1,9.9,9.5
ORD-2024-031896,3,PROD-005,3,20.28,59.34
ORD-2024-031897,1,PROD-004,2,20.28,31.52
ORD-2024-031898,1,PROD-026,2,14.65,24.46
ORD-2024-031899,1,PROD-038,1,7.89,7.7
ORD-2024-031900,1,PROD-030,1,49.3,42.25
ORD-2024-031900,2,PROD-004,1,20.28,17.23
ORD-2024-031901,1,PROD-037,1,9.86,4.44
ORD-2024-031902,1,PROD-027,1,21.13,18.37
ORD-2024-031903,1,PROD-056,1,101.41,73.45
ORD-2024-031904,1,PROD-052,1,46.48,37.8
ORD-2024-031905,1,PROD-004,2,20.28,38.87
ORD-2024-031905,2,PROD-034,1,9.01,6.58
ORD-2024-031906,1,PROD-006,2,32.39,61.0
ORD-2024-031906,2,PROD-040,2,15.21,29.9
ORD-2024-031906,3,PROD-035,2,10.14,18.9
ORD-2024-031907,1,PROD-024,1,8.73,8.15
ORD-2024-031908,1,PROD-038,3,7.89,21.21
ORD-2024-031908,2,PROD-016,2,8.9,11.16
ORD-2024-031909,1,PROD-038,1,7.89,3.55
ORD-2024-031909,2,PROD-032,1,19.72,16.19
ORD-2024-031910,1,PROD-006,1,32.39,29.93
ORD-2024-031910,2,PROD-003,1,14.37,12.75
ORD-2024-031910,3,PROD-013,1,11.9,10.47
ORD-2024-031911,1,PROD-056,1,101.41,98.38
ORD-2024-031912,1,PROD-003,1,14.37,12.83
ORD-2024-031912,2,PROD-035,1,10.14,8.46
ORD-2024-031912,3,PROD-004,1,20.28,17.82
ORD-2024-031913,1,PROD-003,1,14.37,10.45
ORD-2024-031913,2,PROD-034,1,9.01,6.9
ORD-2024-031913,3,PROD-041,2,11.83,18.79
ORD-2024-031914,1,PROD-019,1,29.58,22.37
ORD-2024-031915,1,PROD-049,1,80.28,36.13
ORD-2024-031916,1,PROD-006,2,32.39,29.15
ORD-2024-031916,2,PROD-034,1,9.01,4.31
ORD-2024-031917,1,PROD-007,1,17.18,7.73
ORD-2024-031917,2,PROD-001,1,12.9,7.95
ORD-2024-031918,1,PROD-041,1,11.83,10.58
ORD-2024-031918,2,PROD-048,1,55.77,54.22
ORD-2024-031919,1,PROD-038,1,7.89,4.84
ORD-2024-031920,1,PROD-010,1,38.03,24.89
ORD-2024-031921,1,PROD-026,1,14.65,13.51
ORD-2024-031922,1,PROD-001,1,12.9,9.29
ORD-2024-031923,1,PROD-017,3,12.5,25.04
ORD-2024-031924,1,PROD-036,2,11.55,10.39
ORD-2024-031924,2,PROD-022,1,9.01,7.2
ORD-2024-031925,1,PROD-041,3,11.83,34.74
ORD-2024-031926,1,PROD-010,2,38.03,71.84
ORD-2024-031927,1,PROD-001,3,12.9,37.49
ORD-2024-031927,2,PROD-034,1,9.01,8.1
ORD-2024-031928,1,PROD-002,1,11.9,7.61
ORD-2024-031929,1,PROD-029,1,24.79,22.92
ORD-2024-031929,2,PROD-032,1,19.72,18.71
ORD-2024-031930,1,PROD-021,1,15.49,6.97
ORD-2024-031931,1,PROD-027,1,21.13,18.24
ORD-2024-031931,2,PROD-041,1,11.83,6.86
ORD-2024-031932,1,PROD-034,1,9.01,4.51
ORD-2024-031932,2,PROD-040,4,15.21,36.18
ORD-2024-031933,1,PROD-027,1,21.13,19.18
ORD-2024-031933,2,PROD-037,2,9.86,15.96
ORD-2024-031934,1,PROD-040,3,15.21,39.86
ORD-2024-031935,1,PROD-040,1,15.21,9.53
ORD-2024-031936,1,PROD-002,1,11.9,11.38
ORD-2024-031937,1,PROD-019,1,29.58,26.05
ORD-2024-031938,1,PROD-026,1,14.65,9.01
ORD-2024-031939,1,PROD-006,1,32.39,27.57
ORD-2024-031940,1,PROD-008,1,9.9,9.39
ORD-2024-031941,1,PROD-035,4,10.14,25.57
ORD-2024-031942,1,PROD-001,3,12.9,36.8
ORD-2024-031943,1,PROD-002,1,11.9,10.57
ORD-2024-031943,2,PROD-047,1,108.45,96.35
ORD-2024-031943,3,PROD-035,1,10.14,9.8
ORD-2024-031944,1,PROD-002,3,11.9,34.38
ORD-2024-031944,2,PROD-006,2,32.39,58.26
ORD-2024-031944,3,PROD-003,1,14.37,11.64
ORD-2024-031945,1,PROD-040,2,15.21,27.35
ORD-2024-031945,2,PROD-020,1,10.14,8.97
ORD-2024-031945,3,PROD-006,1,32.39,28.75
ORD-2024-031946,1,PROD-023,1,7.89,6.38
ORD-2024-031946,2,PROD-021,1,15.49,10.8
ORD-2024-031947,1,PROD-006,1,32.39,30.71
ORD-2024-031948,1,PROD-006,2,32.39,55.53
ORD-2024-031948,2,PROD-034,1,9.01,5.28
ORD-2024-031949,1,PROD-027,1,21.13,19.31
ORD-2024-031949,2,PROD-053,1,53.52,48.63
ORD-2024-031949,3,PROD-002,1,11.9,10.93
ORD-2024-031949,4,PROD-039,1,8.17,8.0
ORD-2024-031950,1,PROD-004,1,20.28,10.67
ORD-2024-031951,1,PROD-004,3,20.28,41.51
ORD-2024-031952,1,PROD-001,1,12.9,11.02
ORD-2024-031952,2,PROD-035,4,10.14,24.02
ORD-2024-031952,3,PROD-022,1,9.01,5.02
ORD-2024-031953,1,PROD-005,1,20.28,18.06
ORD-2024-031954,1,PROD-004,1,20.28,19.42
ORD-2024-031955,1,PROD-032,1,19.72,18.5
ORD-2024-031956,1,PROD-001,1,12.9,11.97
ORD-2024-031957,1,PROD-002,1,11.9,8.41
ORD-2024-031958,1,PROD-049,1,80.28,67.99
ORD-2024-031959,1,PROD-032,2,19.72,29.15
ORD-2024-031959,2,PROD-006,3,32.39,60.09
ORD-2024-031960,1,PROD-004,2,20.28,39.81
ORD-2024-031960,2,PROD-005,2,20.28,39.33
ORD-2024-031961,1,PROD-014,1,9.9,9.88
ORD-2024-031961,2,PROD-026,2,14.65,28.9
ORD-2024-031962,1,PROD-008,1,9.9,9.46
ORD-2024-031962,2,PROD-053,1,53.52,48.73
ORD-2024-031962,3,PROD-001,1,12.9,9.53
ORD-2024-031963,1,PROD-014,3,9.9,13.37
ORD-2024-031964,1,PROD-027,1,21.13,19.49
ORD-2024-031965,1,PROD-059,1,52.11,48.95
ORD-2024-031966,1,PROD-041,2,11.83,17.94
ORD-2024-031967,1,PROD-008,2,9.9,16.62
ORD-2024-031968,1,PROD-007,1,17.18,16.47
ORD-2024-031968,2,PROD-003,1,14.37,10.89
ORD-2024-031969,1,PROD-039,1,8.17,7.01
ORD-2024-031970,1,PROD-029,1,24.79,22.49
ORD-2024-031970,2,PROD-040,1,15.21,14.16
ORD-2024-031970,3,PROD-024,1,8.73,8.06
ORD-2024-031971,1,PROD-026,1,14.65,10.38
ORD-2024-031972,1,PROD-021,1,15.49,14.35
ORD-2024-031973,1,PROD-023,1,7.89,7.01
ORD-2024-031973,2,PROD-013,1,11.9,9.36
ORD-2024-031973,3,PROD-005,2,20.28,33.9
ORD-2024-031974,1,PROD-052,1,46.48,44.87
ORD-2024-031974,2,PROD-028,2,17.18,32.36
ORD-2024-031975,1,PROD-008,2,9.9,12.97
ORD-2024-031976,1,PROD-006,1,32.39,21.81
ORD-2024-031977,1,PROD-026,1,14.65,11.58
ORD-2024-031978,1,PROD-031,1,53.52,24.08
ORD-2024-031979,1,PROD-035,2,10.14,10.87
ORD-2024-031980,1,PROD-011,1,14.9,11.5
ORD-2024-031980,2,PROD-037,4,9.86,31.68
ORD-2024-031981,1,PROD-005,2,20.28,31.88
ORD-2024-031982,1,PROD-032,2,19.72,29.34
ORD-2024-031982,2,PROD-012,1,18.5,13.76
ORD-2024-031983,1,PROD-031,1,53.52,40.93
ORD-2024-031983,2,PROD-040,1,15.21,13.54
ORD-2024-031984,1,PROD-036,1,11.55,8.8
ORD-2024-031984,2,PROD-048,1,55.77,46.09
ORD-2024-031985,1,PROD-044,1,40.85,28.58
ORD-2024-031985,2,PROD-023,2,7.89,14.24
ORD-2024-031986,1,PROD-047,1,108.45,64.79
ORD-2024-031987,1,PROD-010,1,38.03,31.73
ORD-2024-031987,2,PROD-055,1,74.65,38.83
ORD-2024-031988,1,PROD-025,1,21.97,19.97
ORD-2024-031988,2,PROD-026,2,14.65,21.26
ORD-2024-031988,3,PROD-007,3,17.18,48.55
ORD-2024-031989,1,PROD-011,1,14.9,11.6
ORD-2024-031989,2,PROD-044,1,40.85,31.81
ORD-2024-031989,3,PROD-035,3,10.14,19.74
ORD-2024-031990,1,PROD-023,1,7.89,6.1
ORD-2024-031990,2,PROD-030,2,49.3,78.17
ORD-2024-031990,3,PROD-006,2,32.39,43.53
ORD-2024-031991,1,PROD-006,1,32.39,30.52
ORD-2024-031992,1,PROD-027,2,21.13,27.74
ORD-2024-031992,2,PROD-031,2,53.52,93.72
ORD-2024-031993,1,PROD-036,1,11.55,10.68
ORD-2024-031994,1,PROD-023,2,7.89,14.0
ORD-2024-031995,1,PROD-004,1,20.28,12.64
ORD-2024-031995,2,PROD-035,2,10.14,10.47
ORD-2024-031996,1,PROD-005,3,20.28,52.54
ORD-2024-031997,1,PROD-020,2,10.14,9.13
ORD-2024-031997,2,PROD-005,1,20.28,9.13
ORD-2024-031998,1,PROD-038,3,7.89,22.16
ORD-2024-031999,1,PROD-006,1,32.39,31.55
ORD-2024-032000,1,PROD-012,2,18.5,35.0
ORD-2024-032001,1,PROD-004,1,20.28,15.22
ORD-2024-032002,1,PROD-029,2,24.79,47.58
ORD-2024-032003,1,PROD-051,1,36.06,33.38
ORD-2024-032003,2,PROD-034,1,9.01,
ORD-2024-032004,1,PROD-034,3,9.01,24.07
ORD-2024-032005,1,PROD-024,1,8.73,7.88
ORD-2024-032005,2,PROD-051,1,36.06,32.47
ORD-2024-032005,3,PROD-002,2,11.9,22.66
ORD-2024-032006,1,PROD-017,1,12.5,11.55
ORD-2024-032007,1,PROD-013,1,11.9,5.35
ORD-2024-032008,1,PROD-042,3,73.24,187.79
ORD-2024-032008,2,PROD-005,2,20.28,38.99
ORD-2024-032009,1,PROD-056,1,101.41,73.34
ORD-2024-032010,1,PROD-053,1,53.52,51.88
ORD-2024-032011,1,PROD-046,1,259.15,241.97
ORD-2024-032011,2,PROD-041,3,11.83,32.63
ORD-2024-032012,1,PROD-005,2,20.28,39.63
ORD-2024-032013,1,PROD-007,3,17.18,40.52
ORD-2024-032013,2,PROD-035,3,10.14,29.84
ORD-2024-032014,1,PROD-024,1,8.73,5.4
ORD-2024-032015,1,PROD-005,1,20.28,18.71
ORD-2024-032016,1,PROD-035,1,10.14,9.79
ORD-2024-032016,2,PROD-006,1,32.39,29.81
ORD-2024-032017,1,PROD-047,1,108.45,83.94
ORD-2024-032018,1,PROD-058,1,39.44,23.86
ORD-2024-032019,1,PROD-002,1,11.9,10.26
ORD-2024-032019,2,PROD-004,1,20.28,9.56
ORD-2024-032019,3,PROD-013,1,11.9,9.17
ORD-2024-032020,1,PROD-003,1,14.37,12.61
ORD-2024-032021,1,PROD-001,1,12.9,11.95
ORD-2024-032022,1,PROD-028,1,17.18,14.27
ORD-2024-032023,1,PROD-032,4,19.72,37.09
ORD-2024-032023,2,PROD-005,2,20.28,26.39
ORD-2024-032024,1,PROD-001,3,12.9,30.85
ORD-2024-032024,2,PROD-038,2,7.89,14.19
ORD-2024-032025,1,PROD-020,1,10.14,6.67
ORD-2024-032025,2,PROD-034,1,9.01,8.15
ORD-2024-032026,1,PROD-001,1,12.9,12.56
ORD-2024-032027,1,PROD-040,2,15.21,27.49
ORD-2024-032028,1,PROD-001,1,12.9,5.8
ORD-2024-032028,2,PROD-008,1,9.9,8.04
ORD-2024-032029,1,PROD-032,1,19.72,16.0
ORD-2024-032030,1,PROD-034,1,9.01,7.98
ORD-2024-032031,1,PROD-007,1,17.18,16.51
ORD-2024-032032,1,PROD-001,3,12.9,35.88
ORD-2024-032033,1,PROD-035,2,10.14,18.2
ORD-2024-032034,1,PROD-003,1,14.37,12.59
ORD-2024-032035,1,PROD-055,1,74.65,71.53
ORD-2024-032036,1,PROD-001,1,12.9,12.47
ORD-2024-032036,2,PROD-005,2,20.28,39.99
ORD-2024-032036,3,PROD-035,1,10.14,8.94
ORD-2024-032037,1,PROD-022,1,9.01,5.64
ORD-2024-032037,2,PROD-027,1,21.13,18.17
ORD-2024-032038,1,PROD-035,1,10.14,8.7
ORD-2024-032038,2,PROD-032,1,19.72,19.04
ORD-2024-032039,1,PROD-055,1,74.65,65.54
ORD-2024-032039,2,PROD-028,1,17.18,10.95
ORD-2024-032039,3,PROD-021,1,15.49,12.31
ORD-2024-032040,1,PROD-003,2,14.37,23.91
ORD-2024-032040,2,PROD-023,1,7.89,6.86
ORD-2024-032041,1,PROD-034,1,9.01,7.99
ORD-2024-032041,2,PROD-037,1,9.86,8.11
ORD-2024-032042,1,PROD-029,1,24.79,16.83
ORD-2024-032043,1,PROD-042,1,73.24,44.65
ORD-2024-032043,2,PROD-036,1,11.55,9.97
ORD-2024-032044,1,PROD-027,1,21.13,16.69
ORD-2024-032044,2,PROD-031,1,53.52,52.09
ORD-2024-032045,1,PROD-022,1,9.01,8.56
ORD-2024-032045,2,PROD-038,1,7.89,7.61
ORD-2024-032045,3,PROD-042,2,73.24,138.32
ORD-2024-032045,4,PROD-008,1,9.9,9.25
ORD-2024-032046,1,PROD-024,1,8.73,7.61
ORD-2024-032046,2,PROD-035,2,10.14,11.57
ORD-2024-032047,1,PROD-028,2,17.18,32.63
ORD-2024-032047,2,PROD-007,1,17.18,15.02
ORD-2024-032048,1,PROD-022,2,9.01,17.0
ORD-2024-032049,1,PROD-006,1,32.39,31.08
ORD-2024-032049,2,PROD-007,1,17.18,15.64
ORD-2024-032050,1,PROD-035,3,10.14,25.27
ORD-2024-032050,2,PROD-022,1,9.01,7.61
ORD-2024-032050,3,PROD-019,1,29.58,19.92
ORD-2024-032051,1,PROD-038,1,7.89,6.75
ORD-2024-032051,2,PROD-022,2,9.01,9.16
ORD-2024-032052,1,PROD-001,1,12.9,10.25
ORD-2024-032053,1,PROD-028,1,17.18,13.98
ORD-2024-032053,2,PROD-012,1,18.5,15.85
ORD-2024-032053,3,PROD-001,1,12.9,9.93
ORD-2024-032054,1,PROD-022,1,9.01,6.29
ORD-2024-032055,1,PROD-027,2,21.13,41.63
ORD-2024-032056,1,PROD-035,2,10.14,19.25
ORD-2024-032057,1,PROD-004,1,20.28,19.43
ORD-2024-032057,2,PROD-029,1,24.79,24.12
ORD-2024-032058,1,PROD-032,1,19.72,19.18
ORD-2024-032058,2,PROD-041,2,11.83,17.09
ORD-2024-032059,1,PROD-027,1,21.13,19.1
ORD-2024-032059,2,PROD-029,1,24.79,11.4
ORD-2024-032059,3,PROD-028,1,17.18,12.67
ORD-2024-032060,1,PROD-033,1,52.11,50.71
ORD-2024-032060,2,PROD-008,1,9.9,9.66
ORD-2024-032061,1,PROD-003,2,14.37,27.67
ORD-2024-032062,1,PROD-006,2,32.39,62.36
ORD-2024-032063,1,PROD-038,2,7.89,9.6
ORD-2024-032064,1,PROD-014,1,9.9,6.91
ORD-2024-032065,1,PROD-004,3,20.28,60.26
ORD-2024-032066,1,PROD-048,1,55.77,53.9
ORD-2024-032067,1,PROD-046,1,259.15,135.04
ORD-2024-032068,1,PROD-004,1,20.28,11.19
ORD-2024-032069,1,PROD-004,1,20.28,17.71
ORD-2024-032070,1,PROD-006,1,32.39,29.81
ORD-2024-032070,2,PROD-002,2,11.9,21.52
ORD-2024-032071,1,PROD-001,1,12.9,11.88
ORD-2024-032072,1,PROD-010,3,38.03,109.96
ORD-2024-032072,2,PROD-034,3,9.01,26.56
ORD-2024-032072,3,PROD-035,1,10.14,9.53
ORD-2024-032073,1,PROD-053,1,53.52,48.18
ORD-2024-032074,1,PROD-034,1,9.01,4.05
ORD-2024-032074,2,PROD-016,2,8.9,9.01
ORD-2024-032075,1,PROD-004,1,20.28,18.77
ORD-2024-032076,1,PROD-024,1,8.73,7.04
ORD-2024-032076,2,PROD-034,2,9.01,16.48
ORD-2024-032076,3,PROD-017,1,12.5,9.93
ORD-2024-032077,1,PROD-006,2,32.39,64.31
ORD-2024-032078,1,PROD-005,1,20.28,19.72
ORD-2024-032079,1,PROD-044,1,40.85,39.96
ORD-2024-032080,1,PROD-010,1,38.03,36.98
ORD-2024-032080,2,PROD-001,2,12.9,21.91
ORD-2024-032080,3,PROD-040,3,15.21,44.21
ORD-2024-032081,1,PROD-001,1,12.9,12.69
ORD-2024-032082,1,PROD-001,1,12.9,11.47
ORD-2024-032083,1,PROD-031,1,53.52,51.27
ORD-2024-032083,2,PROD-038,3,7.89,21.51
ORD-2024-032084,1,PROD-039,1,8.17,7.93
ORD-2024-032084,2,PROD-030,1,49.3,49.05
ORD-2024-032085,1,PROD-004,1,20.28,16.39
ORD-2024-032086,1,PROD-026,1,14.65,12.4
ORD-2024-032086,2,PROD-020,1,10.14,7.84
ORD-2024-032087,1,PROD-006,1,32.39,25.39
ORD-2024-032088,1,PROD-005,1,20.28,14.89
ORD-2024-032089,1,PROD-002,1,11.9,6.38
ORD-2024-032090,1,PROD-035,2,10.14,12.44
ORD-2024-032090,2,PROD-008,3,9.9,19.08
ORD-2024-032091,1,PROD-004,1,20.28,18.81
ORD-2024-032092,1,PROD-041,3,11.83,24.56
ORD-2024-032092,2,PROD-033,3,52.11,138.87
ORD-2024-032093,1,PROD-037,4,9.86,19.4
ORD-2024-032094,1,PROD-029,1,24.79,20.7
ORD-2024-032095,1,PROD-004,1,20.28,17.86
ORD-2024-032096,1,PROD-005,1,20.28,11.46
ORD-2024-032096,2,PROD-027,1,21.13,17.48
ORD-2024-032096,3,PROD-037,4,9.86,30.18
ORD-2024-032097,1,PROD-007,1,17.18,9.13
ORD-2024-032097,2,PROD-027,1,21.13,9.51
ORD-2024-032098,1,PROD-007,3,17.18,43.4
ORD-2024-032098,2,PROD-003,1,14.37,13.9
ORD-2024-032099,1,PROD-002,1,11.9,11.35
ORD-2024-032099,2,PROD-008,1,9.9,9.73
ORD-2024-032100,1,PROD-014,1,9.9,8.84
ORD-2024-032101,1,PROD-050,1,61.97,46.82
ORD-2024-032101,2,PROD-022,1,9.01,7.66
ORD-2024-032102,1,PROD-004,1,20.28,15.21
ORD-2024-032103,1,PROD-005,1,20.28,13.58
ORD-2024-032104,1,PROD-002,1,11.9,10.7
ORD-2024-032105,1,PROD-001,1,12.9,11.02
ORD-2024-032106,1,PROD-003,1,14.37,11.83
ORD-2024-032106,2,PROD-008,1,9.9,8.51
ORD-2024-032106,3,PROD-041,1,11.83,11.02
ORD-2024-032107,1,PROD-005,1,20.28,20.14
ORD-2024-032108,1,PROD-001,2,12.9,22.32
ORD-2024-032108,2,PROD-003,1,14.37,13.14
ORD-2024-032109,1,PROD-005,1,20.28,19.77
ORD-2024-032110,1,PROD-044,1,40.85,40.46
ORD-2024-032111,1,PROD-027,1,21.13,19.3
ORD-2024-032112,1,PROD-029,1,24.79,24.29
ORD-2024-032113,1,PROD-010,1,38.03,31.5
ORD-2024-032114,1,PROD-010,1,38.03,36.59
ORD-2024-032114,2,PROD-005,3,20.28,59.47
ORD-2024-032115,1,PROD-006,3,32.39,81.14
ORD-2024-032116,1,PROD-001,1,12.9,11.51
ORD-2024-032117,1,PROD-019,3,29.58,84.84
ORD-2024-032118,1,PROD-004,1,20.28,18.89
ORD-2024-032119,1,PROD-036,2,11.55,22.62
ORD-2024-032120,1,PROD-005,1,20.28,18.82
ORD-2024-032121,1,PROD-039,3,8.17,20.13
ORD-2024-032122,1,PROD-001,2,12.9,24.46
ORD-2024-032123,1,PROD-035,3,10.14,29.5
ORD-2024-032123,2,PROD-038,4,7.89,29.86
ORD-2024-032123,3,PROD-001,1,12.9,12.77
ORD-2024-032124,1,PROD-007,2,17.18,32.79
ORD-2024-032125,1,PROD-011,2,14.9,27.62
ORD-2024-032125,2,PROD-005,1,20.28,17.84
ORD-2024-032126,1,PROD-010,1,38.03,35.81
ORD-2024-032127,1,PROD-036,1,11.55,11.24
ORD-2024-032128,1,PROD-031,2,53.52,83.72
ORD-2024-032129,1,PROD-006,2,32.39,59.18
ORD-2024-032130,1,PROD-033,3,52.11,146.4
ORD-2024-032131,1,PROD-037,4,9.86,34.51
ORD-2024-032132,1,PROD-052,1,46.48,38.54
ORD-2024-032132,2,PROD-001,1,12.9,9.94
ORD-2024-032133,1,PROD-035,1,10.14,10.01
ORD-2024-032133,2,PROD-013,2,11.9,23.02
ORD-2024-032133,3,PROD-001,2,12.9,24.96
ORD-2024-032134,1,PROD-052,1,46.48,46.3
ORD-2024-032135,1,PROD-004,1,20.28,19.29
ORD-2024-032135,2,PROD-035,1,10.14,9.44
ORD-2024-032135,3,PROD-044,1,40.85,34.02
ORD-2024-032136,1,PROD-001,2,12.9,25.21
ORD-2024-032137,1,PROD-007,1,17.18,15.89
ORD-2024-032138,1,PROD-012,2,18.5,35.68
ORD-2024-032138,2,PROD-005,3,20.28,57.54
ORD-2024-032138,3,PROD-017,1,12.5,12.37
ORD-2024-032139,1,PROD-023,1,7.89,7.73
ORD-2024-032140,1,PROD-005,2,20.28,33.76
ORD-2024-032140,2,PROD-027,1,21.13,19.17
ORD-2024-032141,1,PROD-001,1,12.9,12.53
ORD-2024-032141,2,PROD-034,2,9.01,17.6
ORD-2024-032142,1,PROD-010,2,38.03,67.23
ORD-2024-032142,2,PROD-035,2,10.14,18.17
ORD-2024-032143,1,PROD-046,1,259.15,246.74
ORD-2024-032143,2,PROD-005,1,20.28,19.72
ORD-2024-032144,1,PROD-032,2,19.72,37.46
ORD-2024-032144,2,PROD-001,2,12.9,25.13
ORD-2024-032144,3,PROD-041,1,11.83,11.72
ORD-2024-032144,4,PROD-010,1,38.03,37.46
ORD-2024-032144,5,PROD-006,1,32.39,31.42
ORD-2024-032145,1,PROD-040,1,15.21,14.58
ORD-2024-032146,1,PROD-003,1,14.37,13.72
ORD-2024-032146,2,PROD-032,2,19.72,33.11
ORD-2024-032147,1,PROD-040,2,15.21,29.07
ORD-2024-032147,2,PROD-006,1,32.39,31.72
ORD-2024-032147,3,PROD-028,1,17.18,16.68
ORD-2024-032147,4,PROD-005,2,20.28,39.53
ORD-2024-032147,5,PROD-007,2,17.18,33.7
ORD-2024-032148,1,PROD-001,1,12.9,11.81
ORD-2024-032149,1,PROD-006,1,32.39,26.35
ORD-2024-032149,2,PROD-001,1,12.9,11.09
ORD-2024-032149,3,PROD-042,1,73.24,65.73
ORD-2024-032149,4,PROD-002,1,11.9,11.2
ORD-2024-032149,5,PROD-003,1,14.37,13.03
ORD-2024-032150,1,PROD-008,1,9.9,9.6
ORD-2024-032151,1,PROD-027,1,21.13,20.9
ORD-2024-032152,1,PROD-007,1,17.18,16.73
ORD-2024-032153,1,PROD-004,1,20.28,19.35
ORD-2024-032153,2,PROD-041,2,11.83,21.39
ORD-2024-032153,3,PROD-035,1,10.14,9.37
ORD-2024-032154,1,PROD-034,1,9.01,5.18
ORD-2024-032155,1,PROD-011,1,14.9,11.02
ORD-2024-032155,2,PROD-008,2,9.9,13.56
ORD-2024-032155,3,PROD-034,2,9.01,17.25
ORD-2024-032156,1,PROD-052,1,46.48,38.52
ORD-2024-032157,1,PROD-035,1,10.14,10.05
ORD-2024-032157,2,PROD-001,1,12.9,12.65
ORD-2024-032158,1,PROD-005,1,20.28,20.03
ORD-2024-032159,1,PROD-005,1,20.28,17.84
ORD-2024-032159,2,PROD-001,1,12.9,12.47
ORD-2024-032160,1,PROD-004,1,20.28,18.84
ORD-2024-032161,1,PROD-005,2,20.28,29.23
ORD-2024-032162,1,PROD-011,1,14.9,12.94
ORD-2024-032163,1,PROD-032,2,19.72,36.41
ORD-2024-032163,2,PROD-034,2,9.01,16.09
ORD-2024-032164,1,PROD-007,2,17.18,32.61
ORD-2024-032165,1,PROD-028,2,17.18,33.17
ORD-2024-032165,2,PROD-005,2,20.28,37.8
ORD-2024-032166,1,PROD-001,2,12.9,23.73
ORD-2024-032166,2,PROD-041,2,11.83,20.76
ORD-2024-032166,3,PROD-042,2,73.24,84.61
ORD-2024-032167,1,PROD-012,2,18.5,25.82
ORD-2024-032168,1,PROD-006,1,32.39,25.31
ORD-2024-032169,1,PROD-005,1,20.28,18.11
ORD-2024-032169,2,PROD-045,2,72.68,128.35
ORD-2024-032170,1,PROD-002,2,11.9,23.19
ORD-2024-032170,2,PROD-005,1,20.28,19.71
ORD-2024-032171,1,PROD-003,2,14.37,25.86
ORD-2024-032172,1,PROD-037,1,9.86,9.02
ORD-2024-032172,2,PROD-001,1,12.9,12.15
ORD-2024-032173,1,PROD-002,3,11.9,33.75
ORD-2024-032174,1,PROD-021,2,15.49,30.18
ORD-2024-032174,2,PROD-034,1,9.01,8.44
ORD-2024-032175,1,PROD-036,2,11.55,20.41
ORD-2024-032175,2,PROD-007,2,17.18,33.95
ORD-2024-032176,1,PROD-019,2,29.58,57.74
ORD-2024-032177,1,PROD-001,1,12.9,12.65
ORD-2024-032178,1,PROD-020,1,10.14,7.92
ORD-2024-032179,1,PROD-003,2,14.37,28.05
ORD-2024-032179,2,PROD-006,1,32.39,32.16
ORD-2024-032179,3,PROD-029,1,24.79,23.86
ORD-2024-032180,1,PROD-006,3,32.39,93.28
ORD-2024-032180,2,PROD-022,1,9.01,8.18
ORD-2024-032180,3,PROD-025,2,21.97,32.34
ORD-2024-032180,4,PROD-044,1,40.85,33.37
ORD-2024-032180,5,PROD-001,1,12.9,12.33
ORD-2024-032181,1,PROD-001,1,12.9,11.51
ORD-2024-032181,2,PROD-002,1,11.9,11.53
ORD-2024-032182,1,PROD-003,1,14.37,13.92
ORD-2024-032182,2,PROD-006,1,32.39,31.27
ORD-2024-032182,3,PROD-031,1,53.52,50.79
ORD-2024-032183,1,PROD-001,1,12.9,12.43
ORD-2024-032184,1,PROD-003,2,14.37,25.48
ORD-2024-032184,2,PROD-005,2,20.28,31.83
ORD-2024-032185,1,PROD-005,1,20.28,17.38
ORD-2024-032185,2,PROD-038,2,7.89,8.31
ORD-2024-032186,1,PROD-008,1,9.9,9.38
ORD-2024-032186,2,PROD-023,1,7.89,7.55
ORD-2024-032187,1,PROD-001,1,12.9,9.68
ORD-2024-032187,2,PROD-015,1,26.76,25.31
ORD-2024-032188,1,PROD-003,1,14.37,13.65
ORD-2024-032189,1,PROD-002,1,11.9,11.39
ORD-2024-032190,1,PROD-031,2,53.52,95.27
ORD-2024-032190,2,PROD-005,1,20.28,19.67
ORD-2024-032190,3,PROD-003,1,14.37,12.87
ORD-2024-032191,1,PROD-004,1,20.28,18.88
ORD-2024-032192,1,PROD-008,1,9.9,5.98
ORD-2024-032192,2,PROD-034,1,9.01,7.74
ORD-2024-032193,1,PROD-042,2,73.24,139.27
ORD-2024-032193,2,PROD-002,3,11.9,34.28
ORD-2024-032193,3,PROD-003,1,14.37,12.15
ORD-2024-032194,1,PROD-008,1,9.9,9.6
ORD-2024-032194,2,PROD-002,3,11.9,33.7
ORD-2024-032195,1,PROD-016,2,8.9,17.17
ORD-2024-032195,2,PROD-037,1,9.86,8.26
ORD-2024-032196,1,PROD-017,1,12.5,11.63
ORD-2024-032197,1,PROD-035,1,10.14,9.59
ORD-2024-032197,2,PROD-020,1,10.14,8.43
ORD-2024-032197,3,PROD-010,1,38.03,36.92
ORD-2024-032198,1,PROD-004,1,20.28,15.5
ORD-2024-032199,1,PROD-028,1,17.18,17.05
ORD-2024-032199,2,PROD-021,1,15.49,15.3
ORD-2024-032200,1,PROD-005,2,20.28,39.16
ORD-2024-032200,2,PROD-001,1,12.9,11.16
ORD-2024-032201,1,PROD-027,1,21.13,19.89
ORD-2024-032201,2,PROD-019,1,29.58,27.41
ORD-2024-032201,3,PROD-034,1,9.01,8.9
ORD-2024-032202,1,PROD-049,1,80.28,73.89
ORD-2024-032202,2,PROD-001,2,12.9,23.34
ORD-2024-032203,1,PROD-003,1,14.37,13.55
ORD-2024-032203,2,PROD-032,2,19.72,38.26
ORD-2024-032203,3,PROD-002,2,11.9,21.92
ORD-2024-032203,4,PROD-001,1,12.9,12.73
ORD-2024-032204,1,PROD-041,1,11.83,9.82
ORD-2024-032205,1,PROD-054,1,59.15,56.44
ORD-2024-032206,1,PROD-016,3,8.9,25.15
ORD-2024-032206,2,PROD-007,2,17.18,31.7
ORD-2024-032207,1,PROD-001,1,12.9,11.11
ORD-2024-032207,2,PROD-032,1,19.72,17.87
ORD-2024-032207,3,PROD-037,1,9.86,9.22
ORD-2024-032208,1,PROD-003,2,14.37,23.24
ORD-2024-032209,1,PROD-003,1,14.37,13.8
ORD-2024-032210,1,PROD-023,1,7.89,7.15
ORD-2024-032210,2,PROD-022,1,9.01,8.05
ORD-2024-032211,1,PROD-006,2,32.39,55.49
ORD-2024-032212,1,PROD-017,1,12.5,11.99
ORD-2024-032213,1,PROD-041,1,11.83,11.51
ORD-2024-032213,2,PROD-034,2,9.01,17.78
ORD-2024-032213,3,PROD-003,1,14.37,13.92
ORD-2024-032214,1,PROD-053,1,53.52,51.3
ORD-2024-032215,1,PROD-013,1,11.9,10.84
ORD-2024-032216,1,PROD-004,1,20.28,17.55
ORD-2024-032217,1,PROD-021,1,15.49,13.85
ORD-2024-032218,1,PROD-003,2,14.37,27.21
ORD-2024-032218,2,PROD-001,3,12.9,38.08
ORD-2024-032219,1,PROD-035,2,10.14,14.66
ORD-2024-032220,1,PROD-002,1,11.9,11.14
ORD-2024-032221,1,PROD-005,1,20.28,18.82
ORD-2024-032222,1,PROD-006,1,32.39,31.4
ORD-2024-032222,2,PROD-007,2,17.18,31.38
ORD-2024-032222,3,PROD-017,1,12.5,11.86
ORD-2024-032223,1,PROD-033,1,52.11,48.57
ORD-2024-032223,2,PROD-005,1,20.28,19.32
ORD-2024-032224,1,PROD-039,2,8.17,15.01
ORD-2024-032224,2,PROD-022,2,9.01,17.0
ORD-2024-032224,3,PROD-029,1,24.79,16.76
ORD-2024-032225,1,PROD-005,1,20.28,16.65
ORD-2024-032226,1,PROD-001,1,12.9,12.7
ORD-2024-032227,1,PROD-003,2,14.37,27.52
ORD-2024-032227,2,PROD-032,3,19.72,57.23
ORD-2024-032228,1,PROD-002,1,11.9,9.32
ORD-2024-032229,1,PROD-010,1,38.03,26.34
ORD-2024-032230,1,PROD-041,1,11.83,10.4
ORD-2024-032231,1,PROD-002,2,11.9,22.3
ORD-2024-032232,1,PROD-002,2,11.9,22.88
ORD-2024-032232,2,PROD-001,1,12.9,12.67
ORD-2024-032233,1,PROD-005,3,20.28,48.79
ORD-2024-032234,1,PROD-002,1,11.9,10.63
ORD-2024-032234,2,PROD-033,2,52.11,101.75
ORD-2024-032235,1,PROD-003,1,14.37,14.27
ORD-2024-032236,1,PROD-005,3,20.28,52.36
ORD-2024-032237,1,PROD-005,1,20.28,17.3
ORD-2024-032238,1,PROD-007,2,17.18,26.82
ORD-2024-032239,1,PROD-007,2,17.18,31.71
ORD-2024-032239,2,PROD-053,1,53.52,50.05
ORD-2024-032240,1,PROD-005,1,20.28,17.83
ORD-2024-032241,1,PROD-003,1,14.37,13.11
ORD-2024-032242,1,PROD-002,1,11.9,11.07
ORD-2024-032243,1,PROD-004,2,20.28,38.38
ORD-2024-032243,2,PROD-002,1,11.9,10.39
ORD-2024-032243,3,PROD-034,1,9.01,8.56
ORD-2024-032244,1,PROD-035,1,10.14,9.37
ORD-2024-032245,1,PROD-035,1,10.14,8.92
ORD-2024-032245,2,PROD-005,1,20.28,18.77
ORD-2024-032245,3,PROD-036,1,11.55,10.1
ORD-2024-032245,4,PROD-040,1,15.21,13.12
ORD-2024-032246,1,PROD-002,1,11.9,11.57
ORD-2024-032247,1,PROD-006,1,32.39,30.19
ORD-2024-032247,2,PROD-038,1,7.89,7.74
ORD-2024-032247,3,PROD-004,2,20.28,39.61
ORD-2024-032248,1,PROD-005,1,20.28,18.3
ORD-2024-032249,1,PROD-041,1,11.83,11.78
ORD-2024-032250,1,PROD-016,2,8.9,16.76
ORD-2024-032251,1,PROD-035,1,10.14,8.76
ORD-2024-032252,1,PROD-008,2,9.9,16.27
ORD-2024-032253,1,PROD-055,1,74.65,64.47
ORD-2024-032254,1,PROD-052,1,46.48,44.1
ORD-2024-032254,2,PROD-002,1,11.9,10.43
ORD-2024-032255,1,PROD-007,1,17.18,14.55
ORD-2024-032255,2,PROD-037,3,9.86,28.37
ORD-2024-032256,1,PROD-008,1,9.9,8.67
ORD-2024-032257,1,PROD-045,1,72.68,69.74
ORD-2024-032258,1,PROD-032,1,19.72,17.0
ORD-2024-032259,1,PROD-002,1,11.9,11.55
ORD-2024-032259,2,PROD-004,1,20.28,20.18
ORD-2024-032259,3,PROD-010,3,38.03,107.99
ORD-2024-032259,4,PROD-040,2,15.21,29.52
ORD-2024-032260,1,PROD-030,1,49.3,46.4
ORD-2024-032261,1,PROD-004,1,20.28,19.16
ORD-2024-032262,1,PROD-013,1,11.9,11.48
ORD-2024-032262,2,PROD-022,1,9.01,8.0
ORD-2024-032263,1,PROD-026,1,14.65,14.29
ORD-2024-032263,2,PROD-022,1,9.01,8.95
ORD-2024-032264,1,PROD-021,1,15.49,13.17
ORD-2024-032265,1,PROD-005,1,20.28,18.79
ORD-2024-032266,1,PROD-038,1,7.89,7.71
ORD-2024-032267,1,PROD-022,1,9.01,8.23
ORD-2024-032268,1,PROD-004,3,20.28,58.55
ORD-2024-032269,1,PROD-027,1,21.13,20.61
ORD-2024-032270,1,PROD-041,1,11.83,8.69
ORD-2024-032271,1,PROD-006,1,32.39,30.54
ORD-2024-032272,1,PROD-022,1,9.01,7.22
ORD-2024-032273,1,PROD-006,2,32.39,60.91
ORD-2024-032274,1,PROD-040,1,15.21,13.0
ORD-2024-032275,1,PROD-028,1,17.18,16.78
ORD-2024-032275,2,PROD-042,2,73.24,144.06
ORD-2024-032276,1,PROD-045,1,72.68,37.63
ORD-2024-032276,2,PROD-034,1,9.01,7.12
ORD-2024-032277,1,PROD-038,3,7.89,21.07
ORD-2024-032277,2,PROD-010,1,38.03,32.99
ORD-2024-032278,1,PROD-005,1,20.28,19.35
ORD-2024-032278,2,PROD-034,2,9.01,16.18
ORD-2024-032278,3,PROD-041,1,11.83,11.52
ORD-2024-032278,4,PROD-044,1,40.85,39.35
ORD-2024-032279,1,PROD-032,3,19.72,48.26
ORD-2024-032280,1,PROD-001,2,12.9,17.65
ORD-2024-032280,2,PROD-034,3,9.01,19.33
ORD-2024-032280,3,PROD-045,1,72.68,65.58
ORD-2024-032281,1,PROD-002,1,11.9,8.55
ORD-2024-032282,1,PROD-008,3,9.9,29.07
ORD-2024-032282,2,PROD-005,1,20.28,18.79
ORD-2024-032282,3,PROD-035,1,10.14,8.95
ORD-2024-032283,1,PROD-002,2,11.9,0.0
ORD-2024-032284,1,PROD-038,1,7.89,7.53
ORD-2024-032285,1,PROD-036,1,11.55,7.4
ORD-2024-032286,1,PROD-032,3,19.72,48.64
ORD-2024-032286,2,PROD-029,1,24.79,22.1
ORD-2024-032287,1,PROD-021,1,15.49,12.87
ORD-2024-032288,1,PROD-002,2,11.9,22.96
ORD-2024-032288,2,PROD-030,2,49.3,96.28
ORD-2024-032289,1,PROD-034,1,9.01,7.15
ORD-2024-032289,2,PROD-016,2,8.9,16.48
ORD-2024-032289,3,PROD-006,1,32.39,31.53
ORD-2024-032290,1,PROD-039,3,8.17,23.11
ORD-2024-032291,1,PROD-013,1,11.9,11.33
ORD-2024-032292,1,PROD-002,1,11.9,10.02
ORD-2024-032292,2,PROD-026,1,14.65,12.95
ORD-2024-032293,1,PROD-008,1,9.9,9.59
ORD-2024-032294,1,PROD-032,1,19.72,19.24
ORD-2024-032294,2,PROD-016,1,8.9,8.75
ORD-2024-032294,3,PROD-005,1,20.28,20.22
ORD-2024-032294,4,PROD-001,2,12.9,25.4
ORD-2024-032295,1,PROD-004,2,20.28,24.66
ORD-2024-032295,2,PROD-035,1,10.14,9.43
ORD-2024-032295,3,PROD-007,1,17.18,15.37
ORD-2024-032296,1,PROD-033,2,52.11,95.58
ORD-2024-032297,1,PROD-037,1,9.86,8.09
ORD-2024-032298,1,PROD-027,2,21.13,40.87
ORD-2024-032299,1,PROD-005,2,20.28,39.45
ORD-2024-032300,1,PROD-006,1,32.39,29.35
ORD-2024-032301,1,PROD-014,1,9.9,9.88
ORD-2024-032302,1,PROD-001,2,12.9,24.57
ORD-2024-032303,1,PROD-001,2,12.9,22.36
ORD-2024-032303,2,PROD-041,3,11.83,33.4
ORD-2024-032304,1,PROD-002,1,11.9,7.13
ORD-2024-032305,1,PROD-005,1,20.28,19.78
ORD-2024-032305,2,PROD-034,2,9.01,16.73
ORD-2024-032306,1,PROD-001,2,12.9,22.98
ORD-2024-032307,1,PROD-045,1,72.68,68.04
ORD-2024-032308,1,PROD-038,1,7.89,7.36
ORD-2024-032309,1,PROD-010,2,38.03,70.77
ORD-2024-032310,1,PROD-034,1,9.01,8.28
ORD-2024-032311,1,PROD-007,2,17.18,26.3
ORD-2024-032312,1,PROD-019,3,29.58,84.04
ORD-2024-032313,1,PROD-035,1,10.14,9.98
ORD-2024-032313,2,PROD-042,1,73.24,69.71
ORD-2024-032313,3,PROD-040,1,15.21,14.84
ORD-2024-032314,1,PROD-004,1,20.28,19.72
ORD-2024-032315,1,PROD-006,2,32.39,56.67
ORD-2024-032316,1,PROD-050,1,61.97,57.94
ORD-2024-032317,1,PROD-006,2,32.39,63.87
ORD-2024-032317,2,PROD-007,1,17.18,17.03
ORD-2024-032318,1,PROD-004,1,20.28,15.4
ORD-2024-032318,2,PROD-005,2,20.28,36.73
ORD-2024-032318,3,PROD-023,2,7.89,15.0
ORD-2024-032319,1,PROD-007,3,17.18,47.73
ORD-2024-032319,2,PROD-002,1,11.9,10.4
ORD-2024-032320,1,PROD-005,1,20.28,19.64
ORD-2024-032321,1,PROD-003,3,14.37,40.25
ORD-2024-032321,2,PROD-041,1,11.83,11.67
ORD-2024-032322,1,PROD-024,1,8.73,7.88
ORD-2024-032322,2,PROD-052,1,46.48,43.67
ORD-2024-032323,1,PROD-002,3,11.9,30.36
ORD-2024-032324,1,PROD-003,2,14.37,28.44
ORD-2024-032324,2,PROD-001,2,12.9,24.86
ORD-2024-032324,3,PROD-005,1,20.28,18.61
ORD-2024-032325,1,PROD-030,1,49.3,49.06
ORD-2024-032325,2,PROD-048,1,55.77,51.29
ORD-2024-032325,3,PROD-027,1,21.13,20.93
ORD-2024-032326,1,PROD-027,2,21.13,39.92
ORD-2024-032327,1,PROD-042,2,73.24,138.47
ORD-2024-032328,1,PROD-002,1,11.9,11.66
ORD-2024-032328,2,PROD-001,2,12.9,24.98
ORD-2024-032329,1,PROD-050,1,61.97,60.71
ORD-2024-032330,1,PROD-036,2,11.55,22.73
ORD-2024-032330,2,PROD-037,1,9.86,7.44
ORD-2024-032330,3,PROD-004,1,20.28,13.86
ORD-2024-032331,1,PROD-004,2,20.28,38.37
ORD-2024-032332,1,PROD-024,1,8.73,5.71
ORD-2024-032333,1,PROD-003,2,14.37,24.4
ORD-2024-032333,2,PROD-034,1,9.01,8.78
ORD-2024-032334,1,PROD-050,1,61.97,39.92
ORD-2024-032335,1,PROD-037,2,9.86,11.8
ORD-2024-032335,2,PROD-049,1,80.28,79.39
ORD-2024-032336,1,PROD-004,3,20.28,56.6
ORD-2024-032336,2,PROD-006,2,32.39,61.61
ORD-2024-032337,1,PROD-035,2,10.14,19.82
ORD-2024-032338,1,PROD-012,1,18.5,14.05
ORD-2024-032338,2,PROD-032,2,19.72,35.13
ORD-2024-032338,3,PROD-004,2,20.28,33.39
ORD-2024-032339,1,PROD-035,3,10.14,28.72
ORD-2024-032340,1,PROD-004,2,20.28,37.14
ORD-2024-032340,2,PROD-025,2,21.97,42.58
ORD-2024-032340,3,PROD-041,1,11.83,11.69
ORD-2024-032341,1,PROD-001,2,12.9,25.21
ORD-2024-032342,1,PROD-028,1,17.18,16.13
ORD-2024-032342,2,PROD-035,2,10.14,19.74
ORD-2024-032343,1,PROD-011,1,14.9,14.25
ORD-2024-032344,1,PROD-042,1,73.24,70.52
ORD-2024-032345,1,PROD-024,1,8.73,8.54
ORD-2024-032345,2,PROD-027,1,21.13,18.73
ORD-2024-032346,1,PROD-011,1,14.9,10.82
ORD-2024-032347,1,PROD-002,1,11.9,10.9
ORD-2024-032348,1,PROD-005,3,20.28,53.99
ORD-2024-032349,1,PROD-007,1,17.18,15.6
ORD-2024-032349,2,PROD-039,2,8.17,15.01
ORD-2024-032349,3,PROD-002,1,11.9,11.67
ORD-2024-032350,1,PROD-014,3,9.9,23.02
ORD-2024-032350,2,PROD-001,1,12.9,8.14
ORD-2024-032350,3,PROD-031,2,53.52,98.41
ORD-2024-032351,1,PROD-037,1,9.86,9.64
ORD-2024-032351,2,PROD-004,1,20.28,19.32
ORD-2024-032352,1,PROD-029,2,24.79,44.18
ORD-2024-032353,1,PROD-022,1,9.01,5.68
ORD-2024-032353,2,PROD-021,2,15.49,18.17
ORD-2024-032353,3,PROD-037,2,9.86,11.37
ORD-2024-032354,1,PROD-014,1,9.9,6.86
ORD-2024-032355,1,PROD-011,1,14.9,10.92
ORD-2024-032355,2,PROD-001,1,12.9,9.69
ORD-2024-032355,3,PROD-007,1,17.18,16.38
ORD-2024-032356,1,PROD-050,1,61.97,61.47
ORD-2024-032357,1,PROD-038,1,7.89,4.07
ORD-2024-032358,1,PROD-001,1,12.9,11.8
ORD-2024-032358,2,PROD-005,3,20.28,53.96
ORD-2024-032358,3,PROD-006,2,32.39,62.1
ORD-2024-032359,1,PROD-002,1,11.9,10.52
ORD-2024-032359,2,PROD-034,4,9.01,34.05
ORD-2024-032360,1,PROD-026,1,14.65,14.19
ORD-2024-032361,1,PROD-021,1,15.49,14.6
ORD-2024-032362,1,PROD-016,3,8.9,19.28
ORD-2024-032363,1,PROD-034,1,9.01,7.77
ORD-2024-032363,2,PROD-036,1,11.55,8.57
ORD-2024-032364,1,PROD-051,1,36.06,31.94
ORD-2024-032365,1,PROD-011,3,14.9,37.51
ORD-2024-032365,2,PROD-041,1,11.83,9.65
ORD-2024-032366,1,PROD-005,2,20.28,38.35
ORD-2024-032367,1,PROD-006,2,32.39,58.51
ORD-2024-032368,1,PROD-010,2,38.03,68.72
ORD-2024-032369,1,PROD-007,1,17.18,16.48
ORD-2024-032369,2,PROD-001,2,12.9,25.46
ORD-2024-032369,3,PROD-002,1,11.9,11.5
ORD-2024-032370,1,PROD-001,1,12.9,11.71
ORD-2024-032371,1,PROD-014,2,9.9,18.24
ORD-2024-032371,2,PROD-031,1,53.52,52.95
ORD-2024-032371,3,PROD-004,2,20.28,37.21
ORD-2024-032372,1,PROD-006,1,32.39,25.19
ORD-2024-032373,1,PROD-013,1,11.9,9.4
ORD-2024-032373,2,PROD-014,1,9.9,5.44
ORD-2024-032374,1,PROD-003,1,14.37,11.62
ORD-2024-032375,1,PROD-001,1,12.9,7.96
ORD-2024-032375,2,PROD-035,3,10.14,27.97
ORD-2024-032375,3,PROD-038,1,7.89,7.34
ORD-2024-032375,4,PROD-056,1,101.41,94.63
ORD-2024-032376,1,PROD-004,2,20.28,37.02
ORD-2024-032376,2,PROD-037,1,9.86,6.11
ORD-2024-032376,3,PROD-005,2,20.28,36.51
ORD-2024-032377,1,PROD-048,1,55.77,46.79
ORD-2024-032377,2,PROD-024,1,8.73,7.22
ORD-2024-032378,1,PROD-036,2,11.55,20.49
ORD-2024-032379,1,PROD-002,3,11.9,30.29
ORD-2024-032380,1,PROD-007,2,17.18,29.62
ORD-2024-032380,2,PROD-012,1,18.5,18.23
ORD-2024-032381,1,PROD-032,2,19.72,34.39
ORD-2024-032382,1,PROD-001,2,12.9,24.15
ORD-2024-032383,1,PROD-004,2,20.28,38.94
ORD-2024-032384,1,PROD-005,1,20.28,19.83
ORD-2024-032384,2,PROD-003,3,14.37,42.78
ORD-2024-032384,3,PROD-042,3,73.24,183.4
ORD-2024-032385,1,PROD-017,2,12.5,22.21
ORD-2024-032386,1,PROD-034,3,9.01,25.7
ORD-2024-032387,1,PROD-032,1,19.72,17.56
ORD-2024-032388,1,PROD-004,3,20.28,60.28
ORD-2024-032388,2,PROD-012,2,18.5,35.15
ORD-2024-032389,1,PROD-007,1,17.18,14.78
ORD-2024-032390,1,PROD-004,1,20.28,18.24
ORD-2024-032390,2,PROD-006,1,32.39,25.37
ORD-2024-032390,3,PROD-007,1,17.18,16.37
ORD-2024-032391,1,PROD-005,2,20.28,38.37
ORD-2024-032391,2,PROD-034,1,9.01,7.79
ORD-2024-032392,1,PROD-002,1,11.9,11.83
ORD-2024-032393,1,PROD-005,1,20.28,17.95
ORD-2024-032394,1,PROD-007,2,17.18,31.95
ORD-2024-032395,1,PROD-035,1,10.14,6.55
ORD-2024-032396,1,PROD-032,3,19.72,47.66
ORD-2024-032397,1,PROD-042,1,73.24,67.57
ORD-2024-032398,1,PROD-002,1,11.9,11.82
ORD-2024-032398,2,PROD-014,1,9.9,9.29
ORD-2024-032398,3,PROD-001,2,12.9,24.87
ORD-2024-032399,1,PROD-017,2,12.5,22.47
ORD-2024-032400,1,PROD-005,2,20.28,36.08
ORD-2024-032401,1,PROD-006,1,32.39,29.3
ORD-2024-032401,2,PROD-035,2,10.14,18.19
ORD-2024-032401,3,PROD-034,1,9.01,8.64
ORD-2024-032402,1,PROD-031,2,53.52,103.27
ORD-2024-032403,1,PROD-001,2,12.9,25.07
ORD-2024-032404,1,PROD-030,1,49.3,44.65
ORD-2024-032405,1,PROD-007,1,17.18,16.61
ORD-2024-032406,1,PROD-032,3,19.72,55.27
ORD-2024-032407,1,PROD-051,1,36.06,30.65
ORD-2024-032408,1,PROD-011,1,14.9,13.44
ORD-2024-032409,1,PROD-004,1,20.28,19.87
ORD-2024-032409,2,PROD-014,1,9.9,9.45
ORD-2024-032410,1,PROD-002,3,11.9,34.05
ORD-2024-032411,1,PROD-004,1,20.28,18.13
ORD-2024-032411,2,PROD-005,1,20.28,19.13
ORD-2024-032412,1,PROD-010,1,38.03,31.98
ORD-2024-032413,1,PROD-024,1,8.73,8.5
ORD-2024-032413,2,PROD-010,1,38.03,30.2
ORD-2024-032414,1,PROD-014,3,9.9,27.13
ORD-2024-032415,1,PROD-027,1,21.13,20.68
ORD-2024-032416,1,PROD-003,1,14.37,13.94
ORD-2024-032417,1,PROD-036,1,11.55,9.74
ORD-2024-032417,2,PROD-007,1,17.18,14.67
ORD-2024-032418,1,PROD-001,2,12.9,25.46
ORD-2024-032418,2,PROD-035,3,10.14,29.4
ORD-2024-032419,1,PROD-031,2,53.52,99.72
ORD-2024-032419,2,PROD-039,3,8.17,22.91
ORD-2024-032419,3,PROD-002,1,11.9,10.88
ORD-2024-032419,4,PROD-011,1,14.9,11.1
ORD-2024-032420,1,PROD-035,1,10.14,8.49
ORD-2024-032421,1,PROD-005,3,20.28,45.52
ORD-2024-032421,2,PROD-006,2,32.39,55.14
ORD-2024-032422,1,PROD-003,1,14.37,12.85
ORD-2024-032423,1,PROD-003,1,14.37,12.87
ORD-2024-032424,1,PROD-006,1,32.39,22.77
ORD-2024-032425,1,PROD-041,2,11.83,14.66
ORD-2024-032426,1,PROD-037,1,9.86,8.12
ORD-2024-032426,2,PROD-032,2,19.72,35.78
ORD-2024-032427,1,PROD-051,1,36.06,35.77
ORD-2024-032428,1,PROD-005,2,20.28,40.11
ORD-2024-032428,2,PROD-002,1,11.9,11.83
ORD-2024-032428,3,PROD-004,1,20.28,18.93
ORD-2024-032429,1,PROD-037,2,9.86,16.72
ORD-2024-032430,1,PROD-002,2,11.9,19.6
ORD-2024-032431,1,PROD-005,1,20.28,18.36
ORD-2024-032432,1,PROD-005,1,20.28,18.74
ORD-2024-032432,2,PROD-008,1,9.9,8.78
ORD-2024-032433,1,PROD-039,1,8.17,7.62
ORD-2024-032433,2,PROD-041,4,11.83,45.74
ORD-2024-032433,3,PROD-007,1,17.18,16.64
ORD-2024-032433,4,PROD-032,1,19.72,18.59
ORD-2024-032434,1,PROD-003,1,14.37,11.85
ORD-2024-032435,1,PROD-005,2,20.28,40.13
ORD-2024-032436,1,PROD-026,1,14.65,14.17
ORD-2024-032436,2,PROD-035,1,10.14,7.28
ORD-2024-032437,1,PROD-004,1,20.28,19.93
ORD-2024-032438,1,PROD-007,1,17.18,14.52
ORD-2024-032439,1,PROD-044,1,40.85,34.14
ORD-2024-032440,1,PROD-005,2,20.28,32.06
ORD-2024-032441,1,PROD-033,1,52.11,44.7
ORD-2024-032442,1,PROD-002,1,11.9,11.72
ORD-2024-032442,2,PROD-003,2,14.37,27.23
ORD-2024-032442,3,PROD-001,2,12.9,23.61
ORD-2024-032443,1,PROD-004,1,20.28,17.69
ORD-2024-032443,2,PROD-006,2,32.39,60.91
ORD-2024-032443,3,PROD-003,2,14.37,27.99
ORD-2024-032444,1,PROD-024,1,8.73,7.05
ORD-2024-032444,2,PROD-027,1,21.13,18.93
ORD-2024-032445,1,PROD-005,1,20.28,18.92
ORD-2024-032446,1,PROD-002,3,11.9,33.73
ORD-2024-032447,1,PROD-024,1,8.73,6.73
ORD-2024-032447,2,PROD-028,2,17.18,30.96
ORD-2024-032447,3,PROD-022,1,9.01,8.07
ORD-2024-032447,4,PROD-006,1,32.39,29.7
ORD-2024-032448,1,PROD-013,2,11.9,23.48
ORD-2024-032449,1,PROD-035,2,10.14,19.01
ORD-2024-032450,1,PROD-017,2,12.5,21.05
ORD-2024-032450,2,PROD-040,2,15.21,25.08
ORD-2024-032451,1,PROD-001,1,12.9,10.12
ORD-2024-032452,1,PROD-003,2,14.37,23.67
ORD-2024-032453,1,PROD-002,1,11.9,9.99
ORD-2024-032453,2,PROD-005,1,20.28,17.53
ORD-2024-032453,3,PROD-004,1,20.28,17.36
ORD-2024-032454,1,PROD-044,1,40.85,38.92
ORD-2024-032455,1,PROD-030,1,49.3,36.3
ORD-2024-032456,1,PROD-034,3,9.01,25.89
ORD-2024-032457,1,PROD-036,2,11.55,19.97
ORD-2024-032458,1,PROD-044,1,40.85,39.75
ORD-2024-032458,2,PROD-029,2,24.79,38.94
ORD-2024-032459,1,PROD-042,3,73.24,183.64
ORD-2024-032460,1,PROD-004,1,20.28,18.19
ORD-2024-032461,1,PROD-004,1,20.28,16.06
ORD-2024-032462,1,PROD-005,2,20.28,33.49
ORD-2024-032463,1,PROD-005,2,20.28,37.6
ORD-2024-032463,2,PROD-035,1,10.14,9.14
ORD-2024-032463,3,PROD-017,2,12.5,24.54
ORD-2024-032464,1,PROD-005,2,20.28,30.33
ORD-2024-032465,1,PROD-027,1,21.13,19.1
ORD-2024-032465,2,PROD-002,1,11.9,9.89
ORD-2024-032465,3,PROD-041,1,11.83,7.98
ORD-2024-032466,1,PROD-036,1,11.55,5.92
ORD-2024-032467,1,PROD-002,2,11.9,21.0
ORD-2024-032468,1,PROD-055,1,74.65,64.51
ORD-2024-032469,1,PROD-001,1,12.9,11.05
ORD-2024-032470,1,PROD-034,1,9.01,8.93
ORD-2024-032471,1,PROD-004,1,20.28,19.73
ORD-2024-032472,1,PROD-020,1,10.14,8.69
ORD-2024-032473,1,PROD-006,1,32.39,29.05
ORD-2024-032474,1,PROD-017,1,12.5,11.74
ORD-2024-032475,1,PROD-039,1,8.17,7.84
ORD-2024-032475,2,PROD-060,1,42.25,42.16
ORD-2024-032475,3,PROD-005,1,20.28,19.95
ORD-2024-032476,1,PROD-034,1,9.01,8.13
ORD-2024-032477,1,PROD-041,2,11.83,21.24
ORD-2024-032477,2,PROD-004,2,20.28,31.42
ORD-2024-032477,3,PROD-040,1,15.21,14.95
ORD-2024-032478,1,PROD-003,1,14.37,13.21
ORD-2024-032479,1,PROD-041,2,11.83,20.87
ORD-2024-032480,1,PROD-008,1,9.9,9.48
ORD-2024-032481,1,PROD-021,1,15.49,14.78
ORD-2024-032481,2,PROD-006,1,32.39,25.28
ORD-2024-032482,1,PROD-032,2,19.72,38.96
ORD-2024-032483,1,PROD-004,1,20.28,18.05
ORD-2024-032483,2,PROD-006,1,32.39,31.48
ORD-2024-032483,3,PROD-005,1,20.28,18.08
ORD-2024-032484,1,PROD-052,1,46.48,44.32
ORD-2024-032484,2,PROD-041,1,11.83,11.16
ORD-2024-032484,3,PROD-010,2,38.03,70.5
ORD-2024-032485,1,PROD-001,1,12.9,12.1
ORD-2024-032485,2,PROD-003,2,14.37,28.2
ORD-2024-032486,1,PROD-001,1,12.9,12.33
ORD-2024-032487,1,PROD-008,2,9.9,15.48
ORD-2024-032487,2,PROD-011,2,14.9,27.59
ORD-2024-032488,1,PROD-023,1,7.89,7.73
ORD-2024-032489,1,PROD-006,1,32.39,30.6
ORD-2024-032489,2,PROD-004,2,20.28,36.67
ORD-2024-032489,3,PROD-005,1,20.28,19.19
ORD-2024-032490,1,PROD-001,1,12.9,12.64
ORD-2024-032491,1,PROD-005,3,20.28,49.0
ORD-2024-032491,2,PROD-040,1,15.21,14.24
ORD-2024-032492,1,PROD-011,1,14.9,10.96
ORD-2024-032493,1,PROD-012,1,18.5,15.43
ORD-2024-032493,2,PROD-001,2,12.9,22.73
ORD-2024-032494,1,PROD-031,2,53.52,96.53
ORD-2024-032495,1,PROD-024,1,8.73,7.86
ORD-2024-032495,2,PROD-050,1,61.97,59.49
ORD-2024-032495,3,PROD-028,1,17.18,15.4
ORD-2024-032496,1,PROD-001,1,12.9,12.17
ORD-2024-032497,1,PROD-021,1,15.49,15.25
ORD-2024-032498,1,PROD-005,2,20.28,37.78
ORD-2024-032498,2,PROD-032,1,19.72,17.67
ORD-2024-032499,1,PROD-056,1,101.41,100.55
ORD-2024-032500,1,PROD-040,1,15.21,14.21
ORD-2024-032501,1,PROD-046,1,259.15,236.37
ORD-2024-032502,1,PROD-001,2,12.9,21.45
ORD-2024-032502,2,PROD-028,1,17.18,14.68
ORD-2024-032502,3,PROD-041,3,11.83,27.94
ORD-2024-032503,1,PROD-002,1,11.9,11.75
ORD-2024-032504,1,PROD-039,2,8.17,15.13
ORD-2024-032504,2,PROD-004,2,20.28,37.64
ORD-2024-032504,3,PROD-001,1,12.9,10.8
ORD-2024-032505,1,PROD-004,2,20.28,36.95
ORD-2024-032505,2,PROD-005,1,20.28,18.0
ORD-2024-032505,3,PROD-014,1,9.9,9.73
ORD-2024-032506,1,PROD-005,2,20.28,38.89
ORD-2024-032507,1,PROD-023,1,7.89,7.57
ORD-2024-032508,1,PROD-039,1,8.17,7.14
ORD-2024-032509,1,PROD-001,1,12.9,11.5
ORD-2024-032510,1,PROD-003,3,14.37,37.89
ORD-2024-032511,1,PROD-021,1,15.49,15.07
ORD-2024-032512,1,PROD-006,2,32.39,59.1
ORD-2024-032513,1,PROD-011,2,14.9,26.53
ORD-2024-032514,1,PROD-001,1,12.9,12.61
ORD-2024-032515,1,PROD-017,2,12.5,24.79
ORD-2024-032516,1,PROD-004,1,20.28,19.84
ORD-2024-032516,2,PROD-035,1,10.14,9.62
ORD-2024-032517,1,PROD-024,1,8.73,6.99
ORD-2024-032517,2,PROD-051,1,36.06,32.32
ORD-2024-032518,1,PROD-011,3,14.9,40.73
ORD-2024-032519,1,PROD-001,2,12.9,24.48
ORD-2024-032519,2,PROD-039,1,8.17,8.03
ORD-2024-032519,3,PROD-033,1,52.11,51.24
ORD-2024-032520,1,PROD-035,1,10.14,7.59
ORD-2024-032521,1,PROD-010,2,38.03,73.91
ORD-2024-032522,1,PROD-051,1,36.06,25.75
ORD-2024-032522,2,PROD-019,2,29.58,56.38
ORD-2024-032522,3,PROD-005,1,20.28,18.09
ORD-2024-032523,1,PROD-044,1,40.85,37.17
ORD-2024-032523,2,PROD-010,3,38.03,103.33
ORD-2024-032524,1,PROD-001,2,12.9,25.31
ORD-2024-032524,2,PROD-013,1,11.9,11.57
ORD-2024-032524,3,PROD-005,2,20.28,38.99
ORD-2024-032525,1,PROD-028,1,17.18,16.18
ORD-2024-032526,1,PROD-001,1,12.9,11.31
ORD-2024-032526,2,PROD-005,2,20.28,37.33
ORD-2024-032527,1,PROD-016,1,8.9,8.63
ORD-2024-032527,2,PROD-003,1,14.37,13.23
ORD-2024-032528,1,PROD-001,1,12.9,11.89
ORD-2024-032529,1,PROD-031,1,53.52,44.88
ORD-2024-032530,1,PROD-005,1,20.28,19.93
ORD-2024-032530,2,PROD-035,2,10.14,17.54
ORD-2024-032531,1,PROD-010,1,38.03,37.04
ORD-2024-032532,1,PROD-039,3,8.17,23.97
ORD-2024-032533,1,PROD-017,1,12.5,9.67
ORD-2024-032533,2,PROD-005,1,20.28,15.99
ORD-2024-032533,3,PROD-006,1,32.39,27.37
ORD-2024-032534,1,PROD-004,1,20.28,19.32
ORD-2024-032534,2,PROD-007,3,17.18,49.8
ORD-2024-032534,3,PROD-035,3,10.14,24.3
ORD-2024-032535,1,PROD-004,1,20.28,19.88
ORD-2024-032535,2,PROD-007,2,17.18,33.38
ORD-2024-032535,3,PROD-035,3,10.14,29.2
ORD-2024-032535,4,PROD-002,1,11.9,11.04
ORD-2024-032536,1,PROD-047,1,108.45,96.86
ORD-2024-032536,2,PROD-003,1,14.37,12.7
ORD-2024-032537,1,PROD-047,1,108.45,102.73
ORD-2024-032537,2,PROD-004,1,20.28,20.25
ORD-2024-032537,3,PROD-020,1,10.14,9.95
ORD-2024-032538,1,PROD-034,1,9.01,7.15
ORD-2024-032538,2,PROD-008,1,9.9,6.62
ORD-2024-032539,1,PROD-004,1,20.28,19.79
ORD-2024-032540,1,PROD-006,1,32.39,29.89
ORD-2024-032540,2,PROD-034,1,9.01,8.8
ORD-2024-032541,1,PROD-001,1,12.9,10.95
ORD-2024-032542,1,PROD-056,1,101.41,96.07
ORD-2024-032543,1,PROD-001,1,12.9,9.67
ORD-2024-032544,1,PROD-004,2,20.28,32.05
ORD-2024-032545,1,PROD-001,2,12.9,24.88
ORD-2024-032546,1,PROD-006,2,32.39,57.73
ORD-2024-032547,1,PROD-026,1,14.65,13.84
ORD-2024-032547,2,PROD-006,1,32.39,28.42
ORD-2024-032548,1,PROD-003,3,14.37,35.57
ORD-2024-032549,1,PROD-001,2,12.9,22.52
ORD-2024-032550,1,PROD-003,1,14.37,13.53
ORD-2024-032551,1,PROD-003,1,14.37,11.8
ORD-2024-032551,2,PROD-021,1,15.49,12.25
ORD-2024-032551,3,PROD-036,1,11.55,10.2
ORD-2024-032552,1,PROD-007,2,17.18,30.61
ORD-2024-032552,2,PROD-041,3,11.83,35.11
ORD-2024-032553,1,PROD-022,1,9.01,7.78
ORD-2024-032554,1,PROD-004,1,20.28,15.05
ORD-2024-032554,2,PROD-034,2,9.01,16.31
ORD-2024-032555,1,PROD-003,2,14.37,27.29
ORD-2024-032555,2,PROD-032,1,19.72,17.68
ORD-2024-032556,1,PROD-041,4,11.83,35.75
ORD-2024-032556,2,PROD-001,1,12.9,11.61
ORD-2024-032556,3,PROD-032,1,19.72,18.08
ORD-2024-032557,1,PROD-003,1,14.37,12.73
ORD-2024-032557,2,PROD-034,4,9.01,34.76
ORD-2024-032557,3,PROD-001,2,12.9,24.15
ORD-2024-032558,1,PROD-027,1,21.13,20.86
ORD-2024-032558,2,PROD-002,2,11.9,23.53
ORD-2024-032559,1,PROD-027,1,21.13,19.46
ORD-2024-032559,2,PROD-003,1,14.37,13.76
ORD-2024-032560,1,PROD-007,1,17.18,15.55
ORD-2024-032561,1,PROD-002,3,11.9,33.67
ORD-2024-032562,1,PROD-031,2,53.52,98.93
ORD-2024-032562,2,PROD-004,1,20.28,20.01
ORD-2024-032562,3,PROD-026,2,14.65,28.27
ORD-2024-032563,1,PROD-034,2,9.01,14.92
ORD-2024-032564,1,PROD-001,1,12.9,12.2
ORD-2024-032565,1,PROD-041,2,11.83,22.87
ORD-2024-032565,2,PROD-002,1,11.9,11.51
ORD-2024-032565,3,PROD-001,1,12.9,12.62
ORD-2024-032566,1,PROD-006,1,32.39,28.9
ORD-2024-032567,1,PROD-011,3,14.9,44.4
ORD-2024-032567,2,PROD-020,1,10.14,9.88
ORD-2024-032568,1,PROD-005,2,20.28,38.4
ORD-2024-032569,1,PROD-017,1,12.5,10.61
ORD-2024-032570,1,PROD-003,1,14.37,12.92
ORD-2024-032570,2,PROD-004,3,20.28,55.29
ORD-2024-032571,1,PROD-047,1,108.45,97.91
ORD-2024-032572,1,PROD-001,2,12.9,25.13
ORD-2024-032573,1,PROD-048,2,55.77,102.87
ORD-2024-032574,1,PROD-047,1,108.45,93.56
ORD-2024-032575,1,PROD-006,1,32.39,29.38
ORD-2024-032576,1,PROD-035,1,10.14,9.42
ORD-2024-032577,1,PROD-028,2,17.18,33.41
ORD-2024-032577,2,PROD-006,1,32.39,30.46
ORD-2024-032578,1,PROD-041,2,11.83,17.88
ORD-2024-032579,1,PROD-001,2,12.9,23.41
ORD-2024-032579,2,PROD-030,1,49.3,47.89
ORD-2024-032580,1,PROD-010,1,38.03,35.6
ORD-2024-032580,2,PROD-036,3,11.55,32.08
ORD-2024-032580,3,PROD-002,3,11.9,33.08
ORD-2024-032580,4,PROD-007,2,17.18,33.48
ORD-2024-032581,1,PROD-019,1,29.58,28.0
ORD-2024-032581,2,PROD-035,2,10.14,19.58
ORD-2024-032582,1,PROD-025,1,21.97,21.16
ORD-2024-032582,2,PROD-002,2,11.9,23.04
ORD-2024-032582,3,PROD-036,2,11.55,22.58
ORD-2024-032583,1,PROD-006,1,32.39,26.29
ORD-2024-032583,2,PROD-041,1,11.83,10.83
ORD-2024-032584,1,PROD-006,1,32.39,32.03
ORD-2024-032584,2,PROD-015,2,26.76,50.42
ORD-2024-032585,1,PROD-006,1,32.39,30.57
ORD-2024-032585,2,PROD-013,1,11.9,10.39
ORD-2024-032586,1,PROD-016,2,8.9,16.34
ORD-2024-032587,1,PROD-024,1,8.73,8.45
ORD-2024-032587,2,PROD-036,1,11.55,10.3
ORD-2024-032587,3,PROD-030,1,49.3,39.96
ORD-2024-032588,1,PROD-026,1,14.65,14.51
ORD-2024-032588,2,PROD-004,1,20.28,17.7
ORD-2024-032589,1,PROD-027,1,21.13,19.77
ORD-2024-032590,1,PROD-047,1,108.45,103.36
ORD-2024-032591,1,PROD-029,1,24.79,21.82
ORD-2024-032591,2,PROD-042,1,73.24,67.51
ORD-2024-032592,1,PROD-026,2,14.65,28.74
ORD-2024-032593,1,PROD-007,1,17.18,16.81
ORD-2024-032593,2,PROD-011,1,14.9,14.78
ORD-2024-032594,1,PROD-001,1,12.9,12.58
ORD-2024-032595,1,PROD-040,2,15.21,27.4
ORD-2024-032596,1,PROD-034,1,9.01,8.96
ORD-2024-032596,2,PROD-014,1,9.9,9.77
ORD-2024-032596,3,PROD-004,3,20.28,59.17
ORD-2024-032597,1,PROD-022,1,9.01,8.55
ORD-2024-032597,2,PROD-006,3,32.39,95.08
ORD-2024-032598,1,PROD-015,1,26.76,24.81
ORD-2024-032599,1,PROD-001,2,12.9,25.32
ORD-2024-032600,1,PROD-026,1,14.65,13.52
ORD-2024-032600,2,PROD-001,3,12.9,34.66
ORD-2024-032601,1,PROD-003,1,14.37,13.3
ORD-2024-032601,2,PROD-005,2,20.28,34.82
ORD-2024-032601,3,PROD-040,2,15.21,28.38
ORD-2024-032601,4,PROD-004,2,20.28,31.64
ORD-2024-032601,5,PROD-002,2,11.9,21.65
ORD-2024-032602,1,PROD-002,1,11.9,10.86
ORD-2024-032602,2,PROD-036,2,11.55,22.41
ORD-2024-032602,3,PROD-001,3,12.9,35.47
ORD-2024-032603,1,PROD-001,1,12.9,11.28
ORD-2024-032604,1,PROD-019,2,29.58,53.62
ORD-2024-032605,1,PROD-008,2,9.9,19.43
ORD-2024-032606,1,PROD-005,1,20.28,18.53
ORD-2024-032607,1,PROD-003,2,14.37,26.92
ORD-2024-032608,1,PROD-007,1,17.18,15.92
ORD-2024-032608,2,PROD-034,4,9.01,34.96
ORD-2024-032609,1,PROD-014,2,9.9,15.35
ORD-2024-032609,2,PROD-005,2,20.28,27.01
ORD-2024-032610,1,PROD-001,1,12.9,12.11
ORD-2024-032611,1,PROD-006,1,32.39,26.25
ORD-2024-032612,1,PROD-023,1,7.89,6.92
ORD-2024-032612,2,PROD-035,2,10.14,18.36
ORD-2024-032612,3,PROD-031,1,53.52,51.0
ORD-2024-032613,1,PROD-040,1,15.21,12.58
ORD-2024-032614,1,PROD-013,1,11.9,11.66
ORD-2024-032615,1,PROD-004,3,20.28,56.75
ORD-2024-032616,1,PROD-041,2,11.83,21.59
ORD-2024-032616,2,PROD-010,1,38.03,37.72
ORD-2024-032616,3,PROD-037,2,9.86,18.77
ORD-2024-032616,4,PROD-056,1,101.41,86.21
ORD-2024-032617,1,PROD-020,1,10.14,7.11
ORD-2024-032618,1,PROD-001,1,12.9,12.4
ORD-2024-032619,1,PROD-010,1,38.03,37.08
ORD-2024-032620,1,PROD-034,2,9.01,17.1
ORD-2024-032620,2,PROD-013,3,11.9,34.39
ORD-2024-032620,3,PROD-027,1,21.13,19.81
ORD-2024-032620,4,PROD-010,1,38.03,37.69
ORD-2024-032621,1,PROD-015,1,26.76,25.44
ORD-2024-032622,1,PROD-049,1,80.28,64.51
ORD-2024-032622,2,PROD-023,1,7.89,4.48
ORD-2024-032623,1,PROD-019,1,29.58,29.09
ORD-2024-032624,1,PROD-029,1,24.79,22.31
ORD-2024-032624,2,PROD-008,2,9.9,17.54
ORD-2024-032625,1,PROD-051,1,36.06,35.49
ORD-2024-032625,2,PROD-054,1,59.15,58.92
ORD-2024-032626,1,PROD-045,1,72.68,71.32
ORD-2024-032626,2,PROD-054,1,59.15,56.12
ORD-2024-032627,1,PROD-008,2,9.9,17.41
ORD-2024-032627,2,PROD-013,1,11.9,11.46
ORD-2024-032628,1,PROD-004,2,20.28,30.37
ORD-2024-032628,2,PROD-016,1,8.9,7.15
ORD-2024-032629,1,PROD-026,1,14.65,14.18
ORD-2024-032630,1,PROD-041,3,11.83,34.44
ORD-2024-032631,1,PROD-027,2,21.13,38.43
ORD-2024-032631,2,PROD-001,2,12.9,25.46
ORD-2024-032632,1,PROD-004,1,20.28,15.54
ORD-2024-032633,1,PROD-006,1,32.39,30.09
ORD-2024-032634,1,PROD-050,1,61.97,58.16
ORD-2024-032635,1,PROD-007,3,17.18,47.43
ORD-2024-032636,1,PROD-010,1,38.03,34.3
ORD-2024-032637,1,PROD-035,1,10.14,10.1
ORD-2024-032638,1,PROD-001,1,12.9,10.68
ORD-2024-032639,1,PROD-002,3,11.9,35.21
ORD-2024-032640,1,PROD-019,1,29.58,26.98
ORD-2024-032641,1,PROD-027,1,21.13,19.56
ORD-2024-032641,2,PROD-005,1,20.28,19.96
ORD-2024-032641,3,PROD-040,3,15.21,43.43
ORD-2024-032642,1,PROD-012,1,18.5,16.5
ORD-2024-032643,1,PROD-044,1,40.85,38.92
ORD-2024-032644,1,PROD-002,2,11.9,20.04
ORD-2024-032644,2,PROD-007,3,17.18,36.59
ORD-2024-032644,3,PROD-041,4,11.83,43.21
ORD-2024-032644,4,PROD-036,2,11.55,21.93
ORD-2024-032645,1,PROD-032,1,19.72,15.98
ORD-2024-032646,1,PROD-002,1,11.9,10.97
ORD-2024-032647,1,PROD-006,1,32.39,26.45
ORD-2024-032648,1,PROD-032,4,19.72,76.13
ORD-2024-032649,1,PROD-038,2,7.89,14.48
ORD-2024-032650,1,PROD-005,1,20.28,19.8
ORD-2024-032650,2,PROD-037,2,9.86,17.95
ORD-2024-032651,1,PROD-020,1,10.14,9.56
ORD-2024-032651,2,PROD-006,1,32.39,31.78
ORD-2024-032652,1,PROD-001,1,12.9,12.84
ORD-2024-032653,1,PROD-003,1,14.37,11.32
ORD-2024-032653,2,PROD-037,1,9.86,9.51
ORD-2024-032654,1,PROD-042,1,73.24,66.16
ORD-2024-032654,2,PROD-032,1,19.72,16.5
ORD-2024-032655,1,PROD-036,1,11.55,10.75
ORD-2024-032656,1,PROD-006,3,32.39,93.51
ORD-2024-032656,2,PROD-002,1,11.9,9.59
ORD-2024-032657,1,PROD-049,1,80.28,66.38
ORD-2024-032657,2,PROD-004,1,20.28,18.42
ORD-2024-032658,1,PROD-011,3,14.9,39.03
ORD-2024-032659,1,PROD-016,3,8.9,23.34
ORD-2024-032660,1,PROD-005,2,20.28,32.21
ORD-2024-032661,1,PROD-020,1,10.14,9.83
ORD-2024-032661,2,PROD-010,3,38.03,107.29
ORD-2024-032661,3,PROD-028,1,17.18,15.67
ORD-2024-032662,1,PROD-004,1,20.28,19.45
ORD-2024-032662,2,PROD-008,2,9.9,19.28
ORD-2024-032663,1,PROD-002,1,11.9,11.71
ORD-2024-032664,1,PROD-003,3,14.37,40.48
ORD-2024-032665,1,PROD-011,2,14.9,25.06
ORD-2024-032665,2,PROD-036,1,11.55,10.42
ORD-2024-032666,1,PROD-022,2,9.01,15.59
ORD-2024-032667,1,PROD-010,1,38.03,37.5
ORD-2024-032667,2,PROD-002,2,11.9,17.23
ORD-2024-032667,3,PROD-006,2,32.39,62.76
ORD-2024-032668,1,PROD-004,2,20.28,35.49
ORD-2024-032668,2,PROD-005,2,20.28,38.05
ORD-2024-032668,3,PROD-026,1,14.65,13.83
ORD-2024-032669,1,PROD-002,3,11.9,29.27
ORD-2024-032669,2,PROD-004,1,20.28,19.11
ORD-2024-032670,1,PROD-036,1,11.55,10.08
ORD-2024-032670,2,PROD-025,1,21.97,20.55
ORD-2024-032671,1,PROD-001,1,12.9,12.44
ORD-2024-032672,1,PROD-007,1,17.18,16.92
ORD-2024-032673,1,PROD-005,1,20.28,19.67
ORD-2024-032674,1,PROD-022,1,9.01,8.11
ORD-2024-032674,2,PROD-004,1,20.28,16.79
ORD-2024-032675,1,PROD-022,1,9.01,6.37
ORD-2024-032676,1,PROD-004,1,20.28,19.2
ORD-2024-032676,2,PROD-005,3,20.28,58.21
ORD-2024-032676,3,PROD-038,3,7.89,23.14
ORD-2024-032676,4,PROD-001,2,12.9,24.04
ORD-2024-032677,1,PROD-003,1,14.37,14.04
ORD-2024-032678,1,PROD-006,1,32.39,27.65
ORD-2024-032679,1,PROD-050,1,61.97,53.59
ORD-2024-032680,1,PROD-011,1,14.9,10.08
ORD-2024-032681,1,PROD-037,1,9.86,9.15
ORD-2024-032681,2,PROD-041,2,11.83,21.34
ORD-2024-032681,3,PROD-036,1,11.55,11.28
ORD-2024-032681,4,PROD-005,1,20.28,18.77
ORD-2024-032682,1,PROD-034,3,9.01,16.76
ORD-2024-032683,1,PROD-007,1,17.18,16.32
ORD-2024-032683,2,PROD-002,1,11.9,11.81
ORD-2024-032684,1,PROD-037,2,9.86,16.98
ORD-2024-032684,2,PROD-007,3,17.18,48.53
ORD-2024-032684,3,PROD-033,4,52.11,174.38
ORD-2024-032685,1,PROD-006,1,32.39,26.69
ORD-2024-032686,1,PROD-002,1,11.9,10.9
ORD-2024-032686,2,PROD-039,1,8.17,6.73
ORD-2024-032686,3,PROD-051,1,36.06,33.48
ORD-2024-032686,4,PROD-005,2,20.28,37.66
ORD-2024-032687,1,PROD-053,1,53.52,24.08
ORD-2024-032688,1,PROD-027,1,21.13,15.5
ORD-2024-032688,2,PROD-001,3,12.9,29.86
ORD-2024-032688,3,PROD-028,1,17.18,13.83
ORD-2024-032689,1,PROD-013,3,11.9,31.61
ORD-2024-032689,2,PROD-004,1,20.28,13.54
ORD-2024-032690,1,PROD-002,1,11.9,10.69
ORD-2024-032691,1,PROD-005,2,20.28,38.2
ORD-2024-032692,1,PROD-006,2,32.39,52.76
ORD-2024-032693,1,PROD-014,1,9.9,9.77
ORD-2024-032694,1,PROD-005,1,20.28,19.9
ORD-2024-032694,2,PROD-041,3,11.83,29.87
ORD-2024-032695,1,PROD-038,1,7.89,7.58
ORD-2024-032696,1,PROD-004,3,20.28,58.95
ORD-2024-032697,1,PROD-001,1,12.9,12.73
ORD-2024-032698,1,PROD-015,1,26.76,24.5
ORD-2024-032698,2,PROD-002,1,11.9,10.5
ORD-2024-032698,3,PROD-041,4,11.83,42.05
ORD-2024-032698,4,PROD-035,2,10.14,19.88
ORD-2024-032699,1,PROD-011,1,14.9,12.13
ORD-2024-032699,2,PROD-004,1,20.28,17.98
ORD-2024-032700,1,PROD-010,2,38.03,62.59
ORD-2024-032700,2,PROD-004,1,20.28,18.22
ORD-2024-032701,1,PROD-003,1,14.37,14.36
ORD-2024-032701,2,PROD-036,3,11.55,34.26
ORD-2024-032702,1,PROD-001,1,12.9,12.6
ORD-2024-032703,1,PROD-005,1,20.28,17.34
ORD-2024-032703,2,PROD-042,1,73.24,71.83
ORD-2024-032704,1,PROD-024,1,8.73,7.22
ORD-2024-032704,2,PROD-013,1,11.9,10.25
ORD-2024-032705,1,PROD-038,2,7.89,15.53
ORD-2024-032705,2,PROD-035,4,10.14,37.55
ORD-2024-032705,3,PROD-026,1,14.65,14.06
ORD-2024-032706,1,PROD-044,1,40.85,38.83
ORD-2024-032707,1,PROD-002,1,11.9,11.53
ORD-2024-032707,2,PROD-034,1,9.01,7.43
ORD-2024-032707,3,PROD-004,1,20.28,17.61
ORD-2024-032708,1,PROD-042,2,73.24,144.88
ORD-2024-032708,2,PROD-001,1,12.9,11.21
ORD-2024-032709,1,PROD-019,1,29.58,28.7
ORD-2024-032709,2,PROD-004,1,20.28,19.62
ORD-2024-032710,1,PROD-039,1,8.17,7.24
ORD-2024-032711,1,PROD-039,1,8.17,6.57
ORD-2024-032711,2,PROD-002,1,11.9,9.99
ORD-2024-032712,1,PROD-035,1,10.14,9.84
ORD-2024-032712,2,PROD-034,2,9.01,16.06
ORD-2024-032712,3,PROD-004,1,20.28,18.48
ORD-2024-032712,4,PROD-001,2,12.9,23.39
ORD-2024-032712,5,PROD-010,1,38.03,33.25
ORD-2024-032713,1,PROD-044,1,40.85,30.98
ORD-2024-032713,2,PROD-034,3,9.01,19.89
ORD-2024-032714,1,PROD-002,1,11.9,10.07
ORD-2024-032714,2,PROD-023,1,7.89,6.9
ORD-2024-032715,1,PROD-003,1,14.37,13.74
ORD-2024-032715,2,PROD-014,1,9.9,8.82
ORD-2024-032715,3,PROD-001,1,12.9,11.44
ORD-2024-032715,4,PROD-036,3,11.55,29.43
ORD-2024-032716,1,PROD-034,1,9.01,7.95
ORD-2024-032716,2,PROD-006,1,32.39,27.64
ORD-2024-032717,1,PROD-038,3,7.89,21.57
ORD-2024-032717,2,PROD-015,2,26.76,47.33
ORD-2024-032717,3,PROD-003,3,14.37,40.93
ORD-2024-032717,4,PROD-008,1,9.9,7.82
ORD-2024-032718,1,PROD-004,2,20.28,38.78
ORD-2024-032718,2,PROD-007,1,17.18,16.59
ORD-2024-032719,1,PROD-005,1,20.28,19.05
ORD-2024-032719,2,PROD-039,1,8.17,7.12
ORD-2024-032720,1,PROD-005,1,20.28,18.97
ORD-2024-032720,2,PROD-035,1,10.14,9.25
ORD-2024-032720,3,PROD-008,1,9.9,9.73
ORD-2024-032721,1,PROD-036,1,11.55,11.47
ORD-2024-032722,1,PROD-044,1,40.85,39.44
ORD-2024-032723,1,PROD-017,1,12.5,12.25
ORD-2024-032724,1,PROD-041,2,11.83,17.11
ORD-2024-032725,1,PROD-004,3,20.28,52.49
ORD-2024-032725,2,PROD-036,3,11.55,33.03
ORD-2024-032725,3,PROD-001,1,12.9,12.65
ORD-2024-032726,1,PROD-002,1,11.9,11.78
ORD-2024-032727,1,PROD-003,1,14.37,13.3
ORD-2024-032727,2,PROD-041,1,11.83,10.36
ORD-2024-032728,1,PROD-032,1,19.72,17.83
ORD-2024-032729,1,PROD-004,1,20.28,19.97
ORD-2024-032730,1,PROD-021,2,15.49,27.45
ORD-2024-032730,2,PROD-012,2,18.5,34.5
ORD-2024-032730,3,PROD-034,3,9.01,24.35
ORD-2024-032730,4,PROD-023,2,7.89,14.33
ORD-2024-032731,1,PROD-034,2,9.01,17.9
ORD-2024-032732,1,PROD-040,1,15.21,14.57
ORD-2024-032732,2,PROD-005,2,20.28,37.35
ORD-2024-032732,3,PROD-050,1,61.97,58.43
ORD-2024-032733,1,PROD-001,1,12.9,12.16
ORD-2024-032734,1,PROD-035,1,10.14,9.83
ORD-2024-032735,1,PROD-004,1,20.28,19.32
ORD-2024-032735,2,PROD-005,3,20.28,58.16
ORD-2024-032736,1,PROD-030,1,49.3,45.51
ORD-2024-032737,1,PROD-020,1,10.14,8.01
ORD-2024-032738,1,PROD-039,2,8.17,13.89
ORD-2024-032739,1,PROD-001,1,12.9,10.9
ORD-2024-032739,2,PROD-014,3,9.9,26.87
ORD-2024-032739,3,PROD-036,2,11.55,19.36
ORD-2024-032740,1,PROD-007,1,17.18,15.12
ORD-2024-032741,1,PROD-038,2,7.89,15.03
ORD-2024-032742,1,PROD-047,1,108.45,107.91
ORD-2024-032742,2,PROD-020,2,10.14,18.69
ORD-2024-032743,1,PROD-015,3,26.76,64.2
ORD-2024-032744,1,PROD-010,1,38.03,30.41
ORD-2024-032744,2,PROD-040,1,15.21,10.21
ORD-2024-032745,1,PROD-004,1,20.28,17.12
ORD-2024-032745,2,PROD-034,1,9.01,7.43
ORD-2024-032746,1,PROD-005,2,20.28,34.09
ORD-2024-032746,2,PROD-032,1,19.72,16.49
ORD-2024-032746,3,PROD-024,1,8.73,6.41
ORD-2024-032747,1,PROD-006,2,32.39,56.5
ORD-2024-032747,2,PROD-002,1,11.9,11.08
ORD-2024-032747,3,PROD-034,2,9.01,16.06
ORD-2024-032747,4,PROD-014,3,9.9,26.84
ORD-2024-032748,1,PROD-007,1,17.18,16.18
ORD-2024-032748,2,PROD-010,1,38.03,35.63
ORD-2024-032749,1,PROD-038,3,7.89,18.42
ORD-2024-032750,1,PROD-052,1,46.48,43.51
ORD-2024-032751,1,PROD-014,1,9.9,9.36
ORD-2024-032752,1,PROD-001,1,12.9,11.94
ORD-2024-032752,2,PROD-053,1,53.52,48.85
ORD-2024-032752,3,PROD-052,1,46.48,41.89
ORD-2024-032753,1,PROD-010,2,38.03,74.0
ORD-2024-032753,2,PROD-005,2,20.28,39.58
ORD-2024-032754,1,PROD-006,1,32.39,26.24
ORD-2024-032754,2,PROD-002,1,11.9,11.09
ORD-2024-032754,3,PROD-001,2,12.9,23.85
ORD-2024-032754,4,PROD-017,1,12.5,11.24
ORD-2024-032755,1,PROD-013,1,11.9,9.5
ORD-2024-032755,2,PROD-012,1,18.5,14.5
ORD-2024-032756,1,PROD-011,2,14.9,29.05
ORD-2024-032757,1,PROD-017,1,12.5,11.5
ORD-2024-032758,1,PROD-008,1,9.9,9.16
ORD-2024-032758,2,PROD-002,1,11.9,10.76
ORD-2024-032758,3,PROD-032,1,19.72,17.86
ORD-2024-032759,1,PROD-021,2,15.49,22.03
ORD-2024-032759,2,PROD-003,1,14.37,12.26
ORD-2024-032760,1,PROD-035,1,10.14,9.64
ORD-2024-032761,1,PROD-032,3,19.72,53.15
ORD-2024-032762,1,PROD-005,1,20.28,18.65
ORD-2024-032763,1,PROD-011,1,14.9,13.83
ORD-2024-032764,1,PROD-002,3,11.9,31.59
ORD-2024-032764,2,PROD-034,2,9.01,17.37
ORD-2024-032764,3,PROD-013,2,11.9,22.64
ORD-2024-032765,1,PROD-010,1,38.03,33.35
ORD-2024-032766,1,PROD-002,1,11.9,9.63
ORD-2024-032767,1,PROD-006,1,32.39,31.6
ORD-2024-032767,2,PROD-032,1,19.72,18.1
ORD-2024-032768,1,PROD-004,1,20.28,17.89
ORD-2024-032768,2,PROD-044,1,40.85,38.11
ORD-2024-032769,1,PROD-005,1,20.28,19.59
ORD-2024-032770,1,PROD-005,1,20.28,15.71
ORD-2024-032770,2,PROD-008,1,9.9,9.51
ORD-2024-032770,3,PROD-002,1,11.9,10.29
ORD-2024-032771,1,PROD-023,2,7.89,15.5
ORD-2024-032772,1,PROD-036,1,11.55,11.12
ORD-2024-032773,1,PROD-022,1,9.01,8.14
ORD-2024-032773,2,PROD-035,1,10.14,9.95
ORD-2024-032773,3,PROD-037,1,9.86,8.36
ORD-2024-032774,1,PROD-037,1,9.86,8.79
ORD-2024-032774,2,PROD-003,1,14.37,12.63
ORD-2024-032775,1,PROD-001,2,12.9,25.05
ORD-2024-032775,2,PROD-017,2,12.5,24.11
ORD-2024-032776,1,PROD-035,2,10.14,18.47
ORD-2024-032777,1,PROD-001,1,12.9,11.32
ORD-2024-032777,2,PROD-019,1,29.58,23.99
ORD-2024-032777,3,PROD-010,1,38.03,36.43
ORD-2024-032778,1,PROD-036,1,11.55,10.15
ORD-2024-032779,1,PROD-003,1,14.37,12.93
ORD-2024-032780,1,PROD-002,2,11.9,21.71
ORD-2024-032780,2,PROD-007,2,17.18,31.13
ORD-2024-032781,1,PROD-002,1,11.9,10.07
ORD-2024-032782,1,PROD-040,1,15.21,11.67
ORD-2024-032783,1,PROD-011,1,14.9,14.71
ORD-2024-032784,1,PROD-010,2,38.03,55.81
ORD-2024-032785,1,PROD-023,1,7.89,7.23
ORD-2024-032786,1,PROD-034,1,9.01,7.03
ORD-2024-032787,1,PROD-005,2,20.28,33.21
ORD-2024-032788,1,PROD-016,1,8.9,6.89
ORD-2024-032788,2,PROD-005,1,20.28,19.62
ORD-2024-032789,1,PROD-004,1,20.28,19.56
ORD-2024-032790,1,PROD-007,2,17.18,31.88
ORD-2024-032791,1,PROD-007,1,17.18,16.1
ORD-2024-032792,1,PROD-004,2,20.28,40.23
ORD-2024-032792,2,PROD-040,1,15.21,14.59
ORD-2024-032792,3,PROD-037,1,9.86,9.84
ORD-2024-032792,4,PROD-001,1,12.9,12.23
ORD-2024-032793,1,PROD-001,1,12.9,10.13
ORD-2024-032794,1,PROD-001,1,12.9,11.81
ORD-2024-032795,1,PROD-016,1,8.9,6.3
ORD-2024-032796,1,PROD-010,1,38.03,29.85
ORD-2024-032797,1,PROD-022,1,9.01,4.05
ORD-2024-032798,1,PROD-002,2,11.9,19.58
ORD-2024-032798,2,PROD-001,1,12.9,11.18
ORD-2024-032798,3,PROD-042,2,73.24,120.61
ORD-2024-032799,1,PROD-023,1,7.89,6.87
ORD-2024-032800,1,PROD-006,1,32.39,28.56
ORD-2024-032801,1,PROD-001,2,12.9,23.77
ORD-2024-032802,1,PROD-054,1,59.15,58.57
ORD-2024-032803,1,PROD-004,1,20.28,17.08
ORD-2024-032804,1,PROD-005,1,20.28,19.86
ORD-2024-032804,2,PROD-023,1,7.89,7.66
ORD-2024-032805,1,PROD-016,2,8.9,17.63
ORD-2024-032806,1,PROD-036,1,11.55,10.33
ORD-2024-032807,1,PROD-007,2,17.18,30.04
ORD-2024-032807,2,PROD-035,2,10.14,19.27
ORD-2024-032808,1,PROD-031,1,53.52,51.69
ORD-2024-032809,1,PROD-031,1,53.52,50.12
ORD-2024-032809,2,PROD-054,1,59.15,57.41
ORD-2024-032809,3,PROD-036,3,11.55,33.71
ORD-2024-032810,1,PROD-005,2,20.28,27.88
ORD-2024-032811,1,PROD-006,1,32.39,29.03
ORD-2024-032812,1,PROD-019,1,29.58,28.16
ORD-2024-032813,1,PROD-004,2,20.28,36.19
ORD-2024-032814,1,PROD-006,1,32.39,31.63
ORD-2024-032815,1,PROD-036,1,11.55,9.82
ORD-2024-032816,1,PROD-001,2,12.9,23.68
ORD-2024-032816,2,PROD-040,1,15.21,14.75
ORD-2024-032816,3,PROD-014,2,9.9,19.42
ORD-2024-032816,4,PROD-022,1,9.01,8.79
ORD-2024-032817,1,PROD-016,2,8.9,17.21
ORD-2024-032818,1,PROD-005,1,20.28,19.85
ORD-2024-032818,2,PROD-006,1,32.39,31.37
ORD-2024-032818,3,PROD-041,1,11.83,10.91
ORD-2024-032819,1,PROD-007,2,17.18,15.46
ORD-2024-032819,2,PROD-041,1,11.83,10.4
ORD-2024-032820,1,PROD-003,1,14.37,12.82
ORD-2024-032821,1,PROD-003,2,14.37,26.97
ORD-2024-032822,1,PROD-010,1,38.03,37.03
ORD-2024-032822,2,PROD-006,1,32.39,31.59
ORD-2024-032822,3,PROD-041,1,11.83,11.15
ORD-2024-032823,1,PROD-011,2,14.9,26.31
ORD-2024-032823,2,PROD-024,1,8.73,8.31
ORD-2024-032823,3,PROD-041,1,11.83,11.49
ORD-2024-032824,1,PROD-005,1,20.28,17.81
ORD-2024-032825,1,PROD-017,2,12.5,24.56
ORD-2024-032826,1,PROD-010,1,38.03,35.24
ORD-2024-032827,1,PROD-039,1,8.17,7.44
ORD-2024-032827,2,PROD-020,1,10.14,9.24
ORD-2024-032827,3,PROD-001,1,12.9,11.39
ORD-2024-032827,4,PROD-006,2,32.39,54.53
ORD-2024-032827,5,PROD-032,2,19.72,36.12
ORD-2024-032828,1,PROD-041,2,11.83,20.69
ORD-2024-032828,2,PROD-022,1,9.01,8.63
ORD-2024-032829,1,PROD-040,1,15.21,14.17
ORD-2024-032829,2,PROD-035,1,10.14,9.67
ORD-2024-032830,1,PROD-005,2,20.28,36.36
ORD-2024-032830,2,PROD-034,2,9.01,15.87
ORD-2024-032830,3,PROD-032,1,19.72,17.83
ORD-2024-032831,1,PROD-008,1,9.9,8.45
ORD-2024-032832,1,PROD-007,1,17.18,16.91
ORD-2024-032833,1,PROD-004,1,20.28,20.03
ORD-2024-032834,1,PROD-002,2,11.9,22.04
ORD-2024-032835,1,PROD-004,1,20.28,18.83
ORD-2024-032835,2,PROD-034,2,9.01,17.36
ORD-2024-032836,1,PROD-005,1,20.28,16.07
ORD-2024-032837,1,PROD-005,2,20.28,38.52
ORD-2024-032838,1,PROD-048,1,55.77,52.96
ORD-2024-032838,2,PROD-039,1,8.17,7.69
ORD-2024-032839,1,PROD-006,2,32.39,54.43
ORD-2024-032840,1,PROD-020,2,10.14,16.15
ORD-2024-032840,2,PROD-004,2,20.28,38.48
ORD-2024-032840,3,PROD-038,1,7.89,6.03
ORD-2024-032841,1,PROD-001,2,12.9,24.39
ORD-2024-032842,1,PROD-004,1,20.28,18.56
ORD-2024-032842,2,PROD-035,1,10.14,9.55
ORD-2024-032842,3,PROD-008,1,9.9,9.16
ORD-2024-032843,1,PROD-004,1,20.28,17.54
ORD-2024-032843,2,PROD-001,2,12.9,23.46
ORD-2024-032844,1,PROD-005,1,20.28,16.94
ORD-2024-032845,1,PROD-021,1,15.49,14.83
ORD-2024-032846,1,PROD-024,1,8.73,8.68
ORD-2024-032846,2,PROD-035,1,10.14,9.71
ORD-2024-032846,3,PROD-004,2,20.28,38.52
ORD-2024-032847,1,PROD-038,2,7.89,8.72
ORD-2024-032848,1,PROD-015,1,26.76,18.93
ORD-2024-032849,1,PROD-007,1,17.18,16.84
ORD-2024-032850,1,PROD-048,1,55.77,51.58
ORD-2024-032850,2,PROD-029,2,24.79,41.75
ORD-2024-032851,1,PROD-036,1,11.55,11.08
ORD-2024-032852,1,PROD-007,3,17.18,38.56
ORD-2024-032853,1,PROD-026,1,14.65,12.32
ORD-2024-032854,1,PROD-041,2,11.83,22.34
ORD-2024-032855,1,PROD-005,1,20.28,16.07
ORD-2024-032855,2,PROD-004,2,20.28,34.72
ORD-2024-032855,3,PROD-040,3,15.21,40.43
ORD-2024-032856,1,PROD-001,1,12.9,12.13
ORD-2024-032857,1,PROD-020,1,10.14,9.4
ORD-2024-032857,2,PROD-001,1,12.9,11.55
ORD-2024-032858,1,PROD-031,1,53.52,31.8
ORD-2024-032858,2,PROD-005,1,20.28,13.77
ORD-2024-032858,3,PROD-001,2,12.9,20.13
ORD-2024-032859,1,PROD-044,1,40.85,37.06
ORD-2024-032859,2,PROD-004,2,20.28,35.59
ORD-2024-032860,1,PROD-034,1,9.01,8.57
ORD-2024-032860,2,PROD-007,2,17.18,29.5
ORD-2024-032861,1,PROD-007,1,17.18,17.01
ORD-2024-032861,2,PROD-005,1,20.28,19.46
ORD-2024-032862,1,PROD-039,1,8.17,7.31
ORD-2024-032863,1,PROD-006,1,32.39,30.18
ORD-2024-032864,1,PROD-006,2,32.39,63.46
ORD-2024-032865,1,PROD-005,1,20.28,19.0
ORD-2024-032865,2,PROD-011,3,14.9,40.68
ORD-2024-032866,1,PROD-007,2,17.18,32.79
ORD-2024-032867,1,PROD-001,2,12.9,25.32
ORD-2024-032868,1,PROD-011,1,14.9,13.75
ORD-2024-032869,1,PROD-002,1,11.9,11.2
ORD-2024-032870,1,PROD-023,1,7.89,5.22
ORD-2024-032870,2,PROD-005,1,20.28,16.05
ORD-2024-032870,3,PROD-020,1,10.14,8.2
ORD-2024-032871,1,PROD-023,1,7.89,7.08
ORD-2024-032871,2,PROD-022,2,9.01,14.1
ORD-2024-032871,3,PROD-006,1,32.39,32.2
ORD-2024-032872,1,PROD-005,1,20.28,19.71
ORD-2024-032873,1,PROD-041,1,11.83,10.91
ORD-2024-032874,1,PROD-014,2,9.9,15.66
ORD-2024-032874,2,PROD-026,1,14.65,14.08
ORD-2024-032874,3,PROD-033,1,52.11,47.62
ORD-2024-032874,4,PROD-006,1,32.39,26.43
ORD-2024-032874,5,PROD-003,2,14.37,23.05
ORD-2024-032875,1,PROD-001,2,12.9,23.38
ORD-2024-032876,1,PROD-028,1,17.18,15.25
ORD-2024-032877,1,PROD-012,1,18.5,15.8
ORD-2024-032877,2,PROD-041,2,11.83,14.96
ORD-2024-032878,1,PROD-038,1,7.89,7.75
ORD-2024-032878,2,PROD-041,3,11.83,34.13
ORD-2024-032879,1,PROD-001,1,12.9,12.51
ORD-2024-032880,1,PROD-005,1,20.28,19.62
ORD-2024-032880,2,PROD-042,3,73.24,193.68
ORD-2024-032881,1,PROD-001,2,12.9,18.84
ORD-2024-032881,2,PROD-023,1,7.89,6.12
ORD-2024-032882,1,PROD-002,1,11.9,10.29
ORD-2024-032882,2,PROD-021,1,15.49,14.1
ORD-2024-032883,1,PROD-001,1,12.9,11.64
ORD-2024-032884,1,PROD-036,1,11.55,10.32
ORD-2024-032884,2,PROD-029,1,24.79,20.56
ORD-2024-032885,1,PROD-002,1,11.9,11.78
ORD-2024-032885,2,PROD-040,2,15.21,29.67
ORD-2024-032885,3,PROD-038,2,7.89,15.59
ORD-2024-032886,1,PROD-041,2,11.83,23.12
ORD-2024-032887,1,PROD-044,1,40.85,40.58
ORD-2024-032888,1,PROD-015,1,26.76,24.65
ORD-2024-032889,1,PROD-054,1,59.15,49.06
ORD-2024-032890,1,PROD-024,1,8.73,8.31
ORD-2024-032890,2,PROD-005,1,20.28,18.69
ORD-2024-032891,1,PROD-031,2,53.52,105.64
ORD-2024-032891,2,PROD-037,1,9.86,9.33
ORD-2024-032891,3,PROD-025,1,21.97,
ORD-2024-032892,1,PROD-044,1,40.85,37.77
ORD-2024-032893,1,PROD-024,2,8.73,16.69
ORD-2024-032894,1,PROD-003,1,14.37,14.31
ORD-2024-032895,1,PROD-041,1,11.83,11.68
ORD-2024-032896,1,PROD-034,1,9.01,8.03
ORD-2024-032896,2,PROD-035,2,10.14,18.67
ORD-2024-032896,3,PROD-005,1,20.28,20.09
ORD-2024-032896,4,PROD-006,2,32.39,51.16
ORD-2024-032897,1,PROD-039,2,8.17,16.28
ORD-2024-032898,1,PROD-045,1,72.68,70.4
ORD-2024-032899,1,PROD-002,3,11.9,35.04
ORD-2024-032900,1,PROD-035,3,10.14,23.01
ORD-2024-032901,1,PROD-032,2,19.72,37.09
ORD-2024-032901,2,PROD-013,3,11.9,32.43
ORD-2024-032901,3,PROD-035,2,10.14,19.14
ORD-2024-032901,4,PROD-005,2,20.28,33.65
ORD-2024-032902,1,PROD-004,1,20.28,19.76
ORD-2024-032903,1,PROD-014,3,9.9,28.92
ORD-2024-032904,1,PROD-051,2,36.06,59.02
ORD-2024-032904,2,PROD-001,1,12.9,11.92
ORD-2024-032905,1,PROD-011,2,14.9,26.48
ORD-2024-032906,1,PROD-008,1,9.9,9.08
ORD-2024-032906,2,PROD-005,1,20.28,19.5
ORD-2024-032907,1,PROD-032,1,19.72,19.57
ORD-2024-032907,2,PROD-035,1,10.14,8.45
ORD-2024-032907,3,PROD-034,1,9.01,8.94
ORD-2024-032908,1,PROD-008,3,9.9,28.7
ORD-2024-032909,1,PROD-045,1,72.68,54.67
ORD-2024-032909,2,PROD-007,2,17.18,27.63
ORD-2024-032910,1,PROD-006,1,32.39,29.29
ORD-2024-032911,1,PROD-036,2,11.55,22.1
ORD-2024-032911,2,PROD-007,1,17.18,16.89
ORD-2024-032912,1,PROD-012,1,18.5,18.09
ORD-2024-032913,1,PROD-049,1,80.28,64.01
ORD-2024-032913,2,PROD-001,1,12.9,11.39
ORD-2024-032914,1, PROD-003 ,2,14.37,26.27
ORD-2024-032915,1,PROD-003,1,14.37,13.5
ORD-2024-032916,1,PROD-011,2,14.9,27.75
ORD-2024-032917,1,PROD-006,1,32.39,20.2
ORD-2024-032918,1,PROD-002,3,11.9,32.07
ORD-2024-032918,2,PROD-041,1,11.83,9.28
ORD-2024-032919,1,PROD-040,1,15.21,7.35
ORD-2024-032920,1,PROD-003,2,14.37,20.29
ORD-2024-032920,2,PROD-005,2,20.28,38.13
ORD-2024-032920,3,PROD-004,1,20.28,19.28
ORD-2024-032921,1,PROD-048,1,55.77,49.22
ORD-2024-032922,1,PROD-004,2,20.28,38.77
ORD-2024-032922,2,PROD-035,1,10.14,10.0
ORD-2024-032923,1,PROD-005,1,20.28,12.71
ORD-2024-032924,1,PROD-028,1,17.18,12.39
ORD-2024-032925,1,PROD-040,1,15.21,14.19
ORD-2024-032925,2,PROD-008,1,9.9,9.75
ORD-2024-032925,3,PROD-006,1,32.39,29.51
ORD-2024-032925,4,PROD-005,3,20.28,56.09
ORD-2024-032926,1,PROD-002,2,11.9,20.54
ORD-2024-032926,2,PROD-001,1,12.9,11.59
ORD-2024-032926,3,PROD-041,2,11.83,21.5
ORD-2024-032927,1,PROD-004,1,20.28,12.71
ORD-2024-032928,1,PROD-039,3,8.17,22.55
ORD-2024-032929,1,PROD-006,1,32.39,24.35
ORD-2024-032930,1,PROD-049,1,80.28,69.43
ORD-2024-032931,1,PROD-024,1,8.73,8.37
ORD-2024-032932,1,PROD-001,1,12.9,12.15
ORD-2024-032933,1,PROD-032,3,19.72,56.05
ORD-2024-032934,1,PROD-003,1,14.37,11.57
ORD-2024-032934,2,PROD-035,1,10.14,8.41
ORD-2024-032935,1,PROD-001,1,12.9,12.28
ORD-2024-032935,2,PROD-021,1,15.49,15.12
ORD-2024-032935,3,PROD-039,1,8.17,8.0
ORD-2024-032936,1,PROD-004,2,20.28,39.41
ORD-2024-032936,2,PROD-010,1,38.03,36.32
ORD-2024-032936,3,PROD-034,1,9.01,8.65
ORD-2024-032937,1,PROD-027,1,21.13,19.4
ORD-2024-032937,2,PROD-003,2,14.37,22.06
ORD-2024-032938,1,PROD-001,1,12.9,10.33
ORD-2024-032939,1,PROD-003,1,14.37,13.48
ORD-2024-032939,2,PROD-005,2,20.28,36.76
ORD-2024-032939,3,PROD-041,1,11.83,11.0
ORD-2024-032940,1,PROD-002,1,11.9,10.78
ORD-2024-032941,1,PROD-005,1,20.28,19.0
ORD-2024-032942,1,PROD-007,3,17.18,50.6
ORD-2024-032943,1,PROD-002,2,11.9,19.91
ORD-2024-032944,1,PROD-006,1,32.39,32.3
ORD-2024-032944,2,PROD-002,1,11.9,11.79
ORD-2024-032945,1,PROD-008,1,9.9,7.17
ORD-2024-032945,2,PROD-035,4,10.14,31.92
ORD-2024-032945,3,PROD-019,1,29.58,24.08
ORD-2024-032946,1,PROD-002,3,11.9,33.4
ORD-2024-032947,1,PROD-001,2,12.9,22.38
ORD-2024-032947,2,PROD-004,1,20.28,14.98
ORD-2024-032947,3,PROD-034,1,9.01,7.59
ORD-2024-032948,1,PROD-005,1,20.28,20.17
ORD-2024-032949,1,PROD-040,1,15.21,11.94
ORD-2024-032949,2,PROD-008,1,9.9,9.66
ORD-2024-032950,1,PROD-001,1,12.9,12.67
ORD-2024-032950,2,PROD-027,1,21.13,20.08
ORD-2024-032951,1,PROD-002,2,11.9,21.98
ORD-2024-032952,1,PROD-001,3,12.9,30.36
ORD-2024-032953,1,PROD-008,2,9.9,18.83
ORD-2024-032953,2,PROD-003,2,14.37,28.35
ORD-2024-032954,1,PROD-027,2,21.13,41.6
ORD-2024-032955,1,PROD-005,2,20.28,26.37
ORD-2024-032956,1,PROD-006,3,32.39,93.31
ORD-2024-032957,1,PROD-007,1,17.18,16.52
ORD-2024-032958,1,PROD-042,1,73.24,59.19
ORD-2024-032958,2,PROD-004,1,20.28,19.31
ORD-2024-032959,1,PROD-006,2,32.39,57.42
ORD-2024-032959,2,PROD-041,2,11.83,23.2
ORD-2024-032959,3,PROD-005,1,20.28,20.21
ORD-2024-032960,1,PROD-005,1,20.28,17.03
ORD-2024-032961,1,PROD-006,3,32.39,77.68
ORD-2024-032962,1,PROD-036,1,11.55,10.48
ORD-2024-032962,2,PROD-013,1,11.9,10.29
ORD-2024-032962,3,PROD-026,2,14.65,26.36
ORD-2024-032962,4,PROD-001,1,12.9,12.33
ORD-2024-032962,5,PROD-005,2,20.28,33.4
ORD-2024-032963,1,PROD-022,1,9.01,5.93
ORD-2024-032964,1,PROD-041,1,11.83,11.17
ORD-2024-032964,2,PROD-054,1,59.15,50.71
ORD-2024-032965,1,PROD-037,1,9.86,9.62
ORD-2024-032965,2,PROD-014,1,9.9,9.63
ORD-2024-032965,3,PROD-040,1,15.21,15.1
ORD-2024-032965,4,PROD-007,1,17.18,16.9
ORD-2024-032966,1,PROD-022,1,9.01,7.87
ORD-2024-032967,1,PROD-004,1,20.28,18.31
ORD-2024-032967,2,PROD-028,2,17.18,31.63
ORD-2024-032968,1,PROD-034,1,9.01,6.84
ORD-2024-032969,1,PROD-007,1,17.18,16.51
ORD-2024-032970,1,PROD-032,1,19.72,19.46
ORD-2024-032971,1,PROD-006,2,32.39,56.1
ORD-2024-032972,1,PROD-032,2,19.72,35.09
ORD-2024-032973,1,PROD-023,1,7.89,7.54
ORD-2024-032973,2,PROD-036,1,11.55,10.51
ORD-2024-032974,1,PROD-006,1,32.39,28.93
ORD-2024-032974,2,PROD-038,3,7.89,21.7
ORD-2024-032975,1,PROD-008,1,9.9,9.19
ORD-2024-032975,2,PROD-007,1,17.18,15.88
ORD-2024-032975,3,PROD-002,3,11.9,34.03
ORD-2024-032976,1,PROD-004,1,20.28,19.02
ORD-2024-032976,2,PROD-013,2,11.9,21.19
ORD-2024-032976,3,PROD-006,3,32.39,92.02
ORD-2024-032976,4,PROD-010,2,38.03,65.45
ORD-2024-032977,1,PROD-005,1,20.28,15.66
ORD-2024-032978,1,PROD-058,1,39.44,30.83
ORD-2024-032979,1,PROD-004,1,20.28,18.77
ORD-2024-032979,2,PROD-005,1,20.28,17.42
ORD-2024-032979,3,PROD-017,3,12.5,33.55
ORD-2024-032980,1,PROD-013,1,11.9,9.92
ORD-2024-032981,1,PROD-015,1,26.76,25.09
ORD-2024-032982,1,PROD-001,2,12.9,23.49
ORD-2024-032983,1,PROD-001,2,12.9,19.16
ORD-2024-032984,1,PROD-004,2,20.28,39.43
ORD-2024-032985,1,PROD-010,1,38.03,33.2
ORD-2024-032986,1,PROD-007,1,17.18,15.9
ORD-2024-032986,2,PROD-004,2,20.28,39.08
ORD-2024-032987,1,PROD-040,2,15.21,29.23
ORD-2024-032988,1,PROD-026,1,14.65,10.87
ORD-2024-032989,1,PROD-004,3,20.28,57.86
ORD-2024-032989,2,PROD-012,3,18.5,52.6
ORD-2024-032990,1,PROD-040,2,15.21,26.89
ORD-2024-032991,1,PROD-011,2,14.9,27.46
ORD-2024-032991,2,PROD-010,2,38.03,73.2
ORD-2024-032992,1,PROD-024,1,8.73,7.11
ORD-2024-032992,2,PROD-027,1,21.13,15.28
ORD-2024-032993,1,PROD-007,1,17.18,16.01
ORD-2024-032994,1,PROD-004,1,20.28,18.28
ORD-2024-032995,1,PROD-026,1,14.65,14.49
ORD-2024-032996,1,PROD-002,2,11.9,17.08
ORD-2024-032997,1,PROD-001,1,12.9,12.37
ORD-2024-032998,1,PROD-058,1,39.44,36.54
ORD-2024-032999,1,PROD-041,3,11.83,31.78
ORD-2024-032999,2,PROD-031,1,53.52,51.14
ORD-2024-033000,1,PROD-003,2,14.37,26.9
ORD-2024-033001,1,PROD-001,2,12.9,24.29
ORD-2024-033002,1,PROD-010,1,38.03,37.33
ORD-2024-033003,1,PROD-037,1,9.86,9.51
ORD-2024-033003,2,PROD-008,1,9.9,9.6
ORD-2024-033004,1,PROD-003,1,14.37,12.17
ORD-2024-033005,1,PROD-020,1,10.14,8.35
ORD-2024-033006,1,PROD-052,1,46.48,42.12
ORD-2024-033006,2,PROD-041,2,11.83,21.73
ORD-2024-033007,1,PROD-007,2,17.18,27.85
ORD-2024-033007,2,PROD-005,1,20.28,19.22
ORD-2024-033008,1,PROD-005,3,20.28,59.08
ORD-2024-033009,1,PROD-044,1,40.85,37.62
ORD-2024-033009,2,PROD-034,1,9.01,8.77
ORD-2024-033010,1,PROD-002,2,11.9,22.9
ORD-2024-033011,1,PROD-004,2,20.28,40.36
ORD-2024-033012,1,PROD-005,3,20.28,50.33
ORD-2024-033012,2,PROD-041,1,11.83,8.44
ORD-2024-033012,3,PROD-003,1,14.37,9.02
ORD-2024-033013,1,PROD-005,2,20.28,39.24
ORD-2024-033013,2,PROD-040,1,15.21,14.79
 ORD-2024-033013 ,3,PROD-032,1,19.72,18.49
ORD-2024-033014,1,PROD-001,2,12.9,15.04
ORD-2024-033015,1,PROD-003,2,14.37,27.42
ORD-2024-033016,1,PROD-033,1,52.11,47.22
ORD-2024-033016,2,PROD-035,2,10.14,19.05
ORD-2024-033016,3,PROD-016,1,8.9,8.51
ORD-2024-033017,1,PROD-006,3,32.39,85.85
ORD-2024-033017,2,PROD-004,1,20.28,18.59
ORD-2024-033018,1,PROD-022,1,9.01,8.95
ORD-2024-033019,1,PROD-033,1,52.11,48.47
ORD-2024-033019,2,PROD-027,1,21.13,17.67
ORD-2024-033020,1,PROD-005,3,20.28,56.84
ORD-2024-033020,2,PROD-013,1,11.9,10.91
ORD-2024-033020,3,PROD-008,1,9.9,7.62
ORD-2024-033021,1,PROD-005,1,20.28,18.95
ORD-2024-033022,1,PROD-010,2,38.03,61.3
ORD-2024-033023,1,PROD-038,1,7.89,6.62
ORD-2024-033023,2,PROD-019,2,29.58,48.91
ORD-2024-033023,3,PROD-008,2,9.9,14.1
ORD-2024-033024,1,PROD-005,1,20.28,19.66
ORD-2024-033025,1,PROD-036,1,11.55,11.1
ORD-2024-033025,2,PROD-013,1,11.9,10.96
ORD-2024-033026,1,PROD-007,1,17.18,10.87
ORD-2024-033026,2,PROD-015,1,26.76,23.18
ORD-2024-033027,1,PROD-023,1,7.89,-7.74
ORD-2024-033027,2,PROD-004,1,20.28,19.36
ORD-2024-033028,1,PROD-032,2,19.72,33.29
ORD-2024-033029,1,PROD-049,1,80.28,77.94
ORD-2024-033029,2,PROD-014,3,9.9,27.18
ORD-2024-033030,1,PROD-027,1,21.13,15.32
ORD-2024-033030,2,PROD-021,2,15.49,28.24
ORD-2024-033031,1,PROD-002,1,11.9,9.33
ORD-2024-033031,2,PROD-035,2,10.14,15.69
ORD-2024-033032,1,PROD-017,1,12.5,12.16
ORD-2024-033033,1,PROD-022,1,9.01,7.79
ORD-2024-033034,1,PROD-004,2,20.28,39.88
ORD-2024-033034,2,PROD-010,3,38.03,111.95
ORD-2024-033034,3,PROD-001,1,12.9,12.45
ORD-2024-033034,4,PROD-006,1,32.39,31.07
ORD-2024-033035,1,PROD-010,2,38.03,71.88
ORD-2024-033035,2,PROD-004,2,20.28,31.53
ORD-2024-033036,1,PROD-003,1,14.37,13.62
ORD-2024-033037,1,PROD-022,2,9.01,17.37
ORD-2024-033038,1,PROD-042,1,73.24,61.36
ORD-2024-033039,1,PROD-005,2,20.28,31.62
ORD-2024-033039,2,PROD-034,1,9.01,8.47
ORD-2024-033040,1,PROD-005,1,20.28,17.98
ORD-2024-033041,1,PROD-032,1,19.72,11.76
ORD-2024-033041,2,PROD-010,1,38.03,30.66
ORD-2024-033041,3,PROD-024,1,8.73,6.52
ORD-2024-033042,1,PROD-023,1,7.89,7.21
ORD-2024-033042,2,PROD-003,1,14.37,12.82
ORD-2024-033042,3,PROD-029,1,24.79,23.59
ORD-2024-033043,1,PROD-002,1,11.9,11.67
ORD-2024-033044,1,PROD-023,1,7.89,7.61
ORD-2024-033044,2,PROD-034,3,9.01,26.02
ORD-2024-033044,3,PROD-007,2,17.18,31.03
ORD-2024-033044,4,PROD-047,1,108.45,90.85
ORD-2024-033045,1,PROD-031,2,53.52,102.43
ORD-2024-033045,2, PROD-010 ,2,38.03,58.98
ORD-2024-033045,3,PROD-005,3,20.28,57.96
ORD-2024-033046,1,PROD-027,1,21.13,13.68
ORD-2024-033046,2,PROD-020,1,10.14,8.11
ORD-2024-033046,3,PROD-035,4,10.14,33.48
ORD-2024-033047,1,PROD-016,1,8.9,7.0
ORD-2024-033048,1,PROD-004,1,20.28,19.38
ORD-2024-033048,2,PROD-008,2,9.9,19.32
ORD-2024-033048,3,PROD-037,1,9.86,9.18
ORD-2024-033049,1,PROD-005,1,20.28,20.19
ORD-2024-033049,2,PROD-013,2,11.9,21.77
ORD-2024-033050,1,PROD-039,1,8.17,7.86
ORD-2024-033050,2,PROD-001,1,12.9,12.5
ORD-2024-033050,3,PROD-012,1,18.5,17.85
ORD-2024-033050,4,PROD-035,1,10.14,9.7
ORD-2024-033050,5,PROD-005,1,20.28,19.09
ORD-2024-033051,1,PROD-041,2,11.83,20.83
ORD-2024-033052,1,PROD-004,2,20.28,31.8
ORD-2024-033052,2,PROD-029,1,24.79,19.67
ORD-2024-033052,3,PROD-002,2,11.9,12.32
ORD-2024-033053,1,PROD-008,2,9.9,18.01
ORD-2024-033054,1,PROD-003,2,14.37,26.9
ORD-2024-033055,1,PROD-023,2,7.89,14.53
ORD-2024-033056,1,PROD-023,1,7.89,6.33
ORD-2024-033057,1,PROD-006,2,32.39,61.88
ORD-2024-033058,1,PROD-048,1,55.77,53.08
ORD-2024-033058,2,PROD-006,1,32.39,30.27
ORD-2024-033059,1,PROD-032,1,19.72,18.15
ORD-2024-033060,1,PROD-045,1,72.68,69.84
ORD-2024-033061,1,PROD-001,1,12.9,10.33
ORD-2024-033062,1,PROD-003,2,14.37,26.62
ORD-2024-033063,1,PROD-035,1,10.14,8.76
ORD-2024-033063,2,PROD-032,1,19.72,17.93
ORD-2024-033064,1,PROD-003,2,14.37,27.62
ORD-2024-033065,1,PROD-032,2,19.72,30.74
ORD-2024-033065,2,PROD-005,1,20.28,17.54
ORD-2024-033066,1,PROD-001,1,12.9,12.64
ORD-2024-033067,1,PROD-003,1,14.37,11.88
ORD-2024-033068,1,PROD-028,1,17.18,16.59
ORD-2024-033069,1,PROD-050,1,61.97,61.17
ORD-2024-033070,1,PROD-003,2,14.37,28.07
ORD-2024-033070,2,PROD-019,1,29.58,29.02
ORD-2024-033071,1,PROD-007,1,17.18,12.13
ORD-2024-033072,1,PROD-006,2,32.39,54.94
ORD-2024-033072,2,PROD-028,2,17.18,32.1
ORD-2024-033073,1,PROD-020,1,10.14,9.96
ORD-2024-033074,1,PROD-039,1,8.17,6.33
ORD-2024-033075,1,PROD-005,3,20.28,0.0
ORD-2024-033075,2,PROD-002,3,11.9,33.36
ORD-2024-033075,3,PROD-024,1,8.73,7.79
ORD-2024-033075,4,PROD-023,1,7.89,7.67
ORD-2024-033076,1,PROD-013,1,11.9,11.17
ORD-2024-033076,2,PROD-007,1,17.18,15.14
ORD-2024-033077,1,PROD-005,3,20.28,49.47
ORD-2024-033077,2,PROD-014,2,9.9,18.78
ORD-2024-033077,3,PROD-020,1,10.14,9.71
ORD-2024-033077,4,PROD-004,1,20.28,17.76
ORD-2024-033077,5,PROD-034,2,9.01,15.63
ORD-2024-033078,1,PROD-034,2,9.01,15.23
ORD-2024-033078,2,PROD-035,1,10.14,-9.63
ORD-2024-033078,3,PROD-004,2,20.28,38.55
ORD-2024-033079,1,PROD-001,1,12.9,12.51
ORD-2024-033079,2,PROD-024,1,8.73,8.56
ORD-2024-033079,3,PROD-047,1,108.45,107.07
ORD-2024-033079,4,PROD-044,1,40.85,36.36
ORD-2024-033079,5,PROD-013,1,11.9,9.72
ORD-2024-033080,1,PROD-025,1,21.97,18.4
ORD-2024-033081,1,PROD-021,2,15.49,29.97
ORD-2024-033081,2,PROD-025,1,21.97,20.84
ORD-2024-033082,1,PROD-007,1,17.18,15.79
ORD-2024-033082,2,PROD-035,2,10.14,16.85
ORD-2024-033082,3,PROD-001,1,12.9,10.64
ORD-2024-033083,1,PROD-053,1,53.52,45.66
ORD-2024-033084,1,PROD-007,1,17.18,16.13
ORD-2024-033084,2,PROD-003,1,14.37,14.01
ORD-2024-033084,3,PROD-042,4,73.24,247.84
ORD-2024-033084,4,PROD-035,2,10.14,12.68
ORD-2024-033085,1,PROD-012,1,18.5,18.03
ORD-2024-033085,2,PROD-038,2,7.89,15.22
ORD-2024-033085,3,PROD-032,2,19.72,37.6
ORD-2024-033085,4,PROD-051,1,36.06,34.43
ORD-2024-033086,1,PROD-042,1,73.24,65.53
ORD-2024-033087,1,PROD-002,1,11.9,11.81
ORD-2024-033087,2,PROD-039,1,8.17,8.02
ORD-2024-033088,1,PROD-008,1,9.9,9.01
ORD-2024-033089,1,PROD-038,1,7.89,5.0
ORD-2024-033090,1,PROD-005,1,20.28,17.91
ORD-2024-033091,1,PROD-052,1,46.48,43.02
ORD-2024-033092,1,PROD-007,2,17.18,29.44
ORD-2024-033093,1,PROD-004,1,20.28,19.96
ORD-2024-033094,1,PROD-040,2,15.21,22.61
ORD-2024-033094,2,PROD-032,1,19.72,16.81
ORD-2024-033095,1,PROD-038,1,7.89,5.9
ORD-2024-033095,2,PROD-004,1,20.28,19.1
ORD-2024-033095,3,PROD-053,1,53.52,42.2
ORD-2024-033096,1,PROD-008,1,9.9,7.67
ORD-2024-033097,1,PROD-003,1,14.37,13.6
ORD-2024-033098,1,PROD-004,1,20.28,19.4
ORD-2024-033099,1,PROD-028,1,17.18,9.38
ORD-2024-033099,2,PROD-045,1,72.68,53.5
ORD-2024-033099,3,PROD-039,2,8.17,14.68
ORD-2024-033100,1,PROD-030,1,49.3,28.87
ORD-2024-033101,1,PROD-004,1,20.28,19.11
ORD-2024-033102,1,PROD-046,1,259.15,234.84
ORD-2024-033103,1,PROD-013,1,11.9,10.48
ORD-2024-033103,2,PROD-036,1,11.55,10.57
ORD-2024-033103,3,PROD-037,2,9.86,16.85
ORD-2024-033104,1,PROD-048,1,55.77,54.15
ORD-2024-033105,1,PROD-034,3,9.01,26.19
ORD-2024-033105,2,PROD-006,1,32.39,26.93
ORD-2024-033106,1,PROD-010,1,38.03,35.62
ORD-2024-033107,1,PROD-005,2,20.28,40.14
ORD-2024-033108,1,PROD-060,1,42.25,25.64
ORD-2024-033109,1,PROD-035,2,10.14,19.9
ORD-2024-033110,1,PROD-006,1,32.39,29.23
ORD-2024-033110,2,PROD-045,1,72.68,65.27
ORD-2024-033110,3,PROD-004,3,20.28,59.92
ORD-2024-033111,1,PROD-029,1,24.79,24.75
ORD-2024-033112,1,PROD-023,2,7.89,14.63
ORD-2024-033113,1,PROD-005,2,20.28,38.44
ORD-2024-033113,2,PROD-024,1,8.73,5.51
ORD-2024-033113,3,PROD-035,1,10.14,8.88
ORD-2024-033114,1,PROD-034,2,9.01,16.83
ORD-2024-033114,2,PROD-002,1,11.9,10.85
ORD-2024-033114,3,PROD-006,1,32.39,26.97
ORD-2024-033114,4,PROD-032,1,19.72,18.76
ORD-2024-033115,1,PROD-007,1,17.18,16.9
ORD-2024-033115,2,PROD-008,1,9.9,9.27
ORD-2024-033116,1,PROD-024,1,8.73,8.7
ORD-2024-033116,2,PROD-004,1,20.28,19.8
ORD-2024-033116,3,PROD-014,1,9.9,9.75
ORD-2024-033116,4,PROD-002,2,11.9,23.31
ORD-2024-033117,1,PROD-040,2,15.21,27.63
ORD-2024-033118,1,PROD-005,1,20.28,17.12
ORD-2024-033119,1,PROD-033,2,52.11,101.61
ORD-2024-033119,2,PROD-001,1,12.9,11.2
ORD-2024-033120,1,PROD-007,1,17.18,16.67
ORD-2024-033120,2,PROD-004,2,20.28,39.72
ORD-2024-033121,1,PROD-004,2,20.28,39.22
ORD-2024-033122,1,PROD-020,2,10.14,19.27
ORD-2024-033123,1,PROD-006,1,32.39,30.68
ORD-2024-033123,2,PROD-035,2,10.14,16.78
ORD-2024-033123,3,PROD-005,1,20.28,19.64
ORD-2024-033124,1,PROD-020,1,10.14,9.05
ORD-2024-033125,1,PROD-010,1,38.03,35.75
ORD-2024-033126,1,PROD-024,1,8.73,8.31
ORD-2024-033127,1,PROD-001,1,12.9,12.7
ORD-2024-033128,1,PROD-021,1,15.49,13.22
ORD-2024-033129,1,PROD-042,2,73.24,140.93
ORD-2024-033129,2,PROD-001,1,12.9,12.64
ORD-2024-033130,1,PROD-011,1,14.9,14.82
ORD-2024-033130,2,PROD-001,1,12.9,12.76
ORD-2024-033131,1,PROD-006,2,32.39,57.98
ORD-2024-033132,1,PROD-001,1,12.9,8.24
ORD-2024-033133,1,PROD-005,2,20.28,37.05
ORD-2024-033133,2,PROD-014,1,9.9,7.68
ORD-2024-033134,1,PROD-004,3,20.28,27.38
ORD-2024-033135,1,PROD-007,1,17.18,12.3
ORD-2024-033136,1,PROD-041,2,11.83,11.69
ORD-2024-033137,1,PROD-002,3,11.9,25.11
ORD-2024-033137,2,PROD-034,1,9.01,6.86
ORD-2024-033138,1,PROD-004,2,20.28,34.49
ORD-2024-033138,2,PROD-001,1,12.9,11.45
ORD-2024-033138,3,PROD-034,1,9.01,8.06
ORD-2024-033139,1,PROD-002,2,11.9,21.47
ORD-2024-033139,2,PROD-019,1,29.58,24.76
ORD-2024-033139,3,PROD-037,1,9.86,9.37
ORD-2024-033140,1,PROD-058,1,39.44,39.13
ORD-2024-033141,1,PROD-013,2,11.9,23.68
ORD-2024-033142,1, PROD-059 ,1,52.11,50.91
ORD-2024-033142,2,PROD-016,1,8.9,8.36
ORD-2024-033143,1,PROD-005,1,20.28,19.81
ORD-2024-033144,1,PROD-001,3,12.9,38.34
ORD-2024-033145,1,PROD-036,1,11.55,11.22
ORD-2024-033146,1,PROD-025,1,21.97,19.88
ORD-2024-033147,1,PROD-022,1,9.01,8.49
ORD-2024-033147,2,PROD-028,1,17.18,16.5
ORD-2024-033148,1,PROD-006,1,32.39,26.37
ORD-2024-033149,1,PROD-038,2,7.89,15.07
ORD-2024-033149,2,PROD-001,1,12.9,12.24
ORD-2024-033150,1,PROD-006,2,32.39,49.29
ORD-2024-033150,2,PROD-025,1,21.97,21.71
ORD-2024-033150,3,PROD-015,2,26.76,30.21
ORD-2024-033151,1,PROD-021,1,15.49,15.0
ORD-2024-033152,1,PROD-024,1,8.73,7.48
ORD-2024-033153,1,PROD-052,1,46.48,42.27
ORD-2024-033154,1,PROD-025,1,21.97,21.31
ORD-2024-033155,1,PROD-006,1,32.39,31.07
ORD-2024-033156,1,PROD-004,2,20.28,22.43
ORD-2024-033157,1,PROD-037,1,9.86,8.29
ORD-2024-033158,1,PROD-002,1,11.9,11.4
ORD-2024-033158,2,PROD-047,1,108.45,101.62
ORD-2024-033158,3,PROD-005,1,20.28,19.22
ORD-2024-033159,1,PROD-008,2,9.9,18.38
ORD-2024-033160,1,PROD-007,1,17.18,13.62
ORD-2024-033161,1,PROD-052,1,46.48,40.93
ORD-2024-033162,1,PROD-005,2,20.28,38.51
ORD-2024-033163,1,PROD-008,1,9.9,8.74
ORD-2024-033164,1,PROD-017,1,12.5,12.25
ORD-2024-033165,1,PROD-026,1,14.65,13.98
ORD-2024-033165,2,PROD-006,3,32.39,86.69
ORD-2024-033166,1,PROD-013,1,11.9,8.43
ORD-2024-033166,2,PROD-006,2,32.39,53.04
ORD-2024-033167,1,PROD-003,1,14.37,13.74
ORD-2024-033168,1,PROD-032,1,19.72,17.05
ORD-2024-033169,1,PROD-003,1,14.37,11.96
ORD-2024-033170,1,PROD-001,2,12.9,19.53
ORD-2024-033170,2,PROD-003,2,14.37,27.42
ORD-2024-033170,3,PROD-007,1,17.18,14.0
ORD-2024-033170,4,PROD-035,1,10.14,9.0
ORD-2024-033171,1,PROD-003,1,14.37,12.65
ORD-2024-033172,1,PROD-035,2,10.14,17.0
ORD-2024-033172,2,PROD-032,2,19.72,34.54
ORD-2024-033172,3,PROD-059,1,52.11,47.79
ORD-2024-033173,1,PROD-004,1,20.28,16.14
ORD-2024-033174,1,PROD-036,2,11.55,22.86
ORD-2024-033175,1,PROD-004,2,20.28,34.18
ORD-2024-033175,2,PROD-035,1,10.14,9.57
ORD-2024-033175,3,PROD-002,2,11.9,23.03
ORD-2024-033176,1,PROD-027,1,21.13,20.53
ORD-2024-033176,2,PROD-041,3,11.83,34.76
ORD-2024-033177,1,PROD-020,1,10.14,8.15
ORD-2024-033178,1,PROD-005,1,20.28,16.84
ORD-2024-033179,1,PROD-005,2,20.28,33.62
ORD-2024-033179,2,PROD-004,2,20.28,31.93
ORD-2024-033180,1,PROD-040,2,15.21,29.1
ORD-2024-033181,1,PROD-034,1,9.01,8.09
ORD-2024-033181,2,PROD-036,2,11.55,21.9
ORD-2024-033182,1,PROD-001,1,12.9,12.24
ORD-2024-033182,2,PROD-007,1,17.18,16.24
ORD-2024-033183,1,PROD-038,3,7.89,22.4
ORD-2024-033184,1,PROD-034,2,9.01,16.35
ORD-2024-033184,2,PROD-015,1,26.76,18.28
ORD-2024-033184,3,PROD-006,1,32.39,26.9
ORD-2024-033185,1,PROD-032,4,19.72,72.62
ORD-2024-033186,1,PROD-008,1,9.9,8.85
ORD-2024-033186,2,PROD-038,3,7.89,22.82
ORD-2024-033187,1,PROD-026,1,14.65,13.94
ORD-2024-033188,1,PROD-044,1,40.85,34.38
ORD-2024-033189,1,PROD-011,1,14.9,14.02
ORD-2024-033189,2,PROD-041,2,11.83,21.94
ORD-2024-033190,1,PROD-004,1,20.28,18.69
ORD-2024-033191,1,PROD-004,1,20.28,20.16
ORD-2024-033192,1,PROD-005,3,20.28,58.01
ORD-2024-033192,2,PROD-007,1,17.18,16.51
ORD-2024-033192,3,PROD-049,1,80.28,73.23
ORD-2024-033193,1,PROD-006,1,32.39,27.82
ORD-2024-033193,2,PROD-040,1,15.21,13.79
ORD-2024-033194,1,PROD-034,1,9.01,8.91
ORD-2024-033195,1,PROD-026,1,14.65,8.6
ORD-2024-033195,2,PROD-027,1,21.13,14.73
ORD-2024-033195,3,PROD-006,1,32.39,26.64
ORD-2024-033196,1,PROD-028,1,17.18,17.01
ORD-2024-033197,1,PROD-005,1,20.28,20.0
ORD-2024-033197,2,PROD-003,1,14.37,13.75
ORD-2024-033197,3,PROD-016,1,8.9,8.64
ORD-2024-033198,1,PROD-040,1,15.21,10.37
ORD-2024-033199,1,PROD-011,2,14.9,27.78
ORD-2024-033199,2,PROD-028,1,17.18,15.93
ORD-2024-033199,3,PROD-002,1,11.9,11.47
ORD-2024-033199,4,PROD-036,3,11.55,29.16
ORD-2024-033200,1,PROD-035,2,10.14,19.31
ORD-2024-033201,1,PROD-026,1,14.65,8.91
ORD-2024-033201,2,PROD-004,2,20.28,33.88
ORD-2024-033202,1,PROD-001,2,12.9,22.81
ORD-2024-033202,2,PROD-041,1,11.83,10.45
ORD-2024-033203,1,PROD-003,1,14.37,13.5
ORD-2024-033204,1,PROD-008,1,9.9,8.8
ORD-2024-033204,2,PROD-022,2,9.01,17.39
ORD-2024-033204,3,PROD-013,1,11.9,11.44
ORD-2024-033205,1,PROD-010,2,38.03,72.66
ORD-2024-033205,2,PROD-041,1,11.83,10.96
ORD-2024-033206,1,PROD-001,1,12.9,9.89
ORD-2024-033207,1,PROD-006,1,32.39,30.36
ORD-2024-033208,1,PROD-002,1,11.9,11.19
ORD-2024-033209,1,PROD-005,3,20.28,57.82
ORD-2024-033209,2,PROD-002,2,11.9,23.05
ORD-2024-033209,3,PROD-004,2,20.28,39.67
ORD-2024-033209,4,PROD-034,1,9.01,7.82
ORD-2024-033210,1,PROD-003,3,14.37,40.7
ORD-2024-033210,2,PROD-006,1,32.39,27.98
ORD-2024-033211,1,PROD-030,1,49.3,46.67
ORD-2024-033211,2,PROD-048,1,55.77,53.68
ORD-2024-033211,3,PROD-028,1,17.18,16.01
ORD-2024-033212,1,PROD-034,3,9.01,26.15
ORD-2024-033212,2,PROD-044,1,40.85,38.18
ORD-2024-033213,1,PROD-007,1,17.18,16.55
ORD-2024-033213,2,PROD-003,3,14.37,42.61
ORD-2024-033213,3,PROD-011,1,14.9,14.14
ORD-2024-033213,4,PROD-046,1,259.15,245.83
ORD-2024-033214,1,PROD-001,1,12.9,7.02
ORD-2024-033214,2,PROD-055,1,74.65,69.14
ORD-2024-033215,1,PROD-020,1,10.14,9.51
ORD-2024-033216,1,PROD-050,1,61.97,48.49
ORD-2024-033217,1,PROD-044,1,40.85,37.88
ORD-2024-033217,2,PROD-025,1,21.97,20.75
ORD-2024-033218,1,PROD-010,3,38.03,109.46
ORD-2024-033218,2,PROD-030,1,49.3,48.77
ORD-2024-033219,1,PROD-002,1,11.9,10.36
ORD-2024-033220,1,PROD-007,1,17.18,12.82
ORD-2024-033221,1,PROD-044,1,40.85,39.85
ORD-2024-033221,2,PROD-008,1,9.9,9.64
ORD-2024-033222,1,PROD-006,2,32.39,64.05
ORD-2024-033222,2,PROD-042,1,73.24,71.59
ORD-2024-033223,1,PROD-005,2,20.28,40.19
ORD-2024-033223,2,PROD-034,2,9.01,17.79
ORD-2024-033223,3,PROD-002,1,11.9,11.54
ORD-2024-033224,1,PROD-034,1,9.01,8.4
ORD-2024-033225,1,PROD-002,2,11.9,23.26
ORD-2024-033225,2,PROD-039,1,8.17,7.21
ORD-2024-033225,3,PROD-036,2,11.55,21.39
ORD-2024-033225,4,PROD-010,1,38.03,34.47
ORD-2024-033226,1,PROD-005,1,20.28,19.65
ORD-2024-033227,1,PROD-005,2,20.28,37.08
ORD-2024-033228,1,PROD-052,1,46.48,0.0
ORD-2024-033229,1,PROD-032,2,19.72,35.87
ORD-2024-033230,1,PROD-002,3,11.9,30.15
ORD-2024-033230,2,PROD-034,2,9.01,16.74
ORD-2024-033231,1,PROD-003,1,14.37,12.64
ORD-2024-033232,1,PROD-041,2,11.83,22.28
ORD-2024-033232,2,PROD-007,1,17.18,14.28
ORD-2024-033232,3,PROD-037,2,9.86,18.19
ORD-2024-033233,1,PROD-030,1,49.3,41.49
ORD-2024-033233,2,PROD-022,1,9.01,7.82
ORD-2024-033233,3,PROD-002,1,11.9,11.79
ORD-2024-033233,4,PROD-027,1,21.13,17.82
ORD-2024-033234,1,PROD-023,1,7.89,7.68
ORD-2024-033235,1,PROD-003,2,14.37,24.06
ORD-2024-033236,1,PROD-037,2,9.86,17.45
ORD-2024-033237,1,PROD-022,1,9.01,8.74
ORD-2024-033238,1,PROD-034,3,9.01,26.35
ORD-2024-033239,1,PROD-002,1,11.9,10.07
ORD-2024-033240,1,PROD-032,2,19.72,36.5
ORD-2024-033240,2,PROD-021,1,15.49,14.74
ORD-2024-033240,3,PROD-004,2,20.28,36.86
ORD-2024-033240,4,PROD-053,1,53.52,51.15
ORD-2024-033241,1,PROD-022,1,9.01,5.93
ORD-2024-033242,1,PROD-002,1,11.9,10.75
ORD-2024-033243,1,PROD-004,1,20.28,19.69
ORD-2024-033244,1,PROD-003,2,14.37,25.94
ORD-2024-033245,1,PROD-041,3,11.83,33.52
ORD-2024-033245,2,PROD-003,1,14.37,11.18
ORD-2024-033246,1,PROD-007,1,17.18,16.03
ORD-2024-033246,2,PROD-027,1,21.13,20.52
ORD-2024-033246,3,PROD-022,1,9.01,8.63
ORD-2024-033247,1,PROD-040,1,15.21,14.45
ORD-2024-033248,1,PROD-052,1,46.48,36.79
ORD-2024-033248,2,PROD-010,2,38.03,62.82
ORD-2024-033249,1,PROD-011,1,14.9,13.36
ORD-2024-033250,1,PROD-006,1,32.39,30.92
ORD-2024-033251,1,PROD-038,1,7.89,7.43
ORD-2024-033252,1,PROD-008,1,9.9,8.43
ORD-2024-033253,1,PROD-031,1,53.52,50.81
ORD-2024-033253,2,PROD-032,1,19.72,19.2
ORD-2024-033253,3,PROD-004,2,20.28,37.79
ORD-2024-033253,4,PROD-017,1,12.5,11.5
ORD-2024-033254,1,PROD-007,1,17.18,14.09
ORD-2024-033255,1,PROD-049,1,80.28,72.88
ORD-2024-033256,1,PROD-006,2,32.39,61.07
ORD-2024-033256,2,PROD-013,1,11.9,11.58
ORD-2024-033257,1,PROD-004,3,20.28,51.58
ORD-2024-033257,2,PROD-013,2,11.9,18.68
ORD-2024-033257,3,PROD-021,2,15.49,21.52
ORD-2024-033258,1,PROD-052,1,46.48,29.54
ORD-2024-033259,1,PROD-007,1,17.18,16.15
ORD-2024-033259,2,PROD-021,2,15.49,20.18
ORD-2024-033259,3,PROD-005,1,20.28,14.75
ORD-2024-033260,1,PROD-021,2,15.49,30.18
ORD-2024-033260,2,PROD-041,2,11.83,15.5
ORD-2024-033260,3,PROD-026,1,14.65,11.22
ORD-2024-033261,1,PROD-013,2,11.9,21.59
ORD-2024-033262,1,PROD-023,1,7.89,7.56
ORD-2024-033262,2,PROD-040,2,15.21,29.62
ORD-2024-033262,3,PROD-020,1,10.14,10.0
ORD-2024-033262,4,PROD-022,1,9.01,8.87
ORD-2024-033262,5,PROD-002,2,11.9,23.12
ORD-2024-033263,1,PROD-044,1,40.85,39.73
ORD-2024-033264,1,PROD-020,1,10.14,9.0
ORD-2024-033265,1,PROD-005,1,20.28,19.61
ORD-2024-033265,2,PROD-034,1,9.01,8.34
ORD-2024-033266,1,PROD-033,1,52.11,50.3
ORD-2024-033267,1,PROD-022,1,9.01,8.58
ORD-2024-033268,1,PROD-004,1,20.28,18.73
ORD-2024-033268,2,PROD-011,1,14.9,9.41
ORD-2024-033269,1,PROD-029,2,24.79,31.02
ORD-2024-033270,1,PROD-005,1,20.28,17.58
ORD-2024-033271,1,PROD-040,1,15.21,14.97
ORD-2024-033271,2,PROD-034,2,9.01,17.65
ORD-2024-033271,3,PROD-001,1,12.9,12.1
ORD-2024-033271,4,PROD-044,1,40.85,39.89
ORD-2024-033272,1,PROD-004,1,20.28,18.59
ORD-2024-033272,2,PROD-035,1,10.14,8.31
ORD-2024-033273,1,PROD-017,1,12.5,9.56
ORD-2024-033273,2,PROD-008,3,9.9,28.54
ORD-2024-033274,1,PROD-007,1,17.18,16.11
ORD-2024-033275,1,PROD-025,1,21.97,20.66
ORD-2024-033275,2,PROD-014,1,9.9,8.63
ORD-2024-033276,1,PROD-037,1,9.86,8.4
ORD-2024-033276,2,PROD-002,1,11.9,10.2
ORD-2024-033276,3,PROD-042,1,73.24,68.62
ORD-2024-033277,1,PROD-011,3,14.9,41.79
ORD-2024-033277,2,PROD-024,1,8.73,3.93
ORD-2024-033278,1,PROD-015,1,26.76,25.36
ORD-2024-033279,1,PROD-004,2,20.28,39.08
ORD-2024-033280,1,PROD-001,1,12.9,10.73
ORD-2024-033281,1,PROD-003,1,14.37,14.21
ORD-2024-033281,2,PROD-001,1,12.9,12.0
ORD-2024-033281,3,PROD-008,1,9.9,9.24
ORD-2024-033282,1,PROD-036,2,11.55,18.91
ORD-2024-033282,2,PROD-032,1,19.72,17.96
ORD-2024-033282,3,PROD-004,2,20.28,33.23
ORD-2024-033282,4,PROD-028,1,17.18,16.34
ORD-2024-033283,1,PROD-025,1,21.97,13.27
ORD-2024-033284,1,PROD-029,2,24.79,46.91
ORD-2024-033285,1,PROD-001,1,12.9,12.54
ORD-2024-033286,1,PROD-004,1,20.28,18.36
ORD-2024-033287,1,PROD-001,2,12.9,22.21
ORD-2024-033288,1,PROD-003,1,14.37,13.58
ORD-2024-033288,2,PROD-002,1,11.9,11.01
ORD-2024-033289,1,PROD-013,1,11.9,10.05
ORD-2024-033290,1,PROD-002,2,11.9,17.79
ORD-2024-033290,2,PROD-041,3,11.83,31.97
ORD-2024-033291,1,PROD-004,2,20.28,32.71
ORD-2024-033292,1,PROD-020,2,10.14,12.17
ORD-2024-033292,2,PROD-053,1,53.52,34.79
ORD-2024-033293,1,PROD-054,1,59.15,58.77
ORD-2024-033294,1,PROD-020,1,10.14,9.91
ORD-2024-033295,1,PROD-004,2,20.28,39.73
ORD-2024-033296,1,PROD-014,2,9.9,13.02
ORD-2024-033297,1,PROD-034,3,9.01,21.53
ORD-2024-033297,2,PROD-007,1,17.18,16.35
ORD-2024-033297,3,PROD-005,1,20.28,19.14
ORD-2024-033298,1,PROD-047,2,108.45,205.86
ORD-2024-033299,1,PROD-004,1,20.28,19.78
ORD-2024-033299,2,PROD-034,1,9.01,8.78
ORD-2024-033300,1,PROD-004,1,20.28,19.82
ORD-2024-033301,1,PROD-001,1,12.9,12.32
ORD-2024-033302,1,PROD-004,1,20.28,20.08
ORD-2024-033303,1,PROD-038,1,7.89,7.57
ORD-2024-033303,2,PROD-001,3,12.9,37.57
ORD-2024-033304,1,PROD-002,2,11.9,21.83
ORD-2024-033305,1,PROD-032,3,19.72,54.02
ORD-2024-033305,2,PROD-039,1,8.17,7.29
ORD-2024-033305,3,PROD-002,2,11.9,19.51
ORD-2024-033306,1,PROD-002,1,11.9,11.53
ORD-2024-033306,2,PROD-005,1,20.28,17.11
ORD-2024-033306,3,PROD-039,4,8.17,28.27
ORD-2024-033307,1,PROD-004,1,20.28,20.13
ORD-2024-033307,2,PROD-001,1,12.9,12.64
ORD-2024-033308,1,PROD-005,1,20.28,18.97
ORD-2024-033308,2,PROD-003,1,14.37,13.24
ORD-2024-033309,1,PROD-036,1,11.55,10.88
ORD-2024-033310,1,PROD-008,1,9.9,9.58
ORD-2024-033311,1,PROD-002,1,11.9,9.87
ORD-2024-033311,2,PROD-001,2,12.9,19.32
ORD-2024-033312,1,PROD-020,1,10.14,9.74
ORD-2024-033313,1,PROD-014,1,9.9,9.77
ORD-2024-033314,1,PROD-001,1,12.9,10.74
ORD-2024-033314,2,PROD-003,1,14.37,7.81
ORD-2024-033315,1,PROD-002,1,11.9,11.5
ORD-2024-033315,2,PROD-004,2,20.28,39.28
ORD-2024-033316,1,PROD-004,1,20.28,18.2
ORD-2024-033317,1,PROD-028,1,17.18,8.35
ORD-2024-033318,1,PROD-039,3,8.17,20.77
ORD-2024-033319,1,PROD-003,1,14.37,13.84
ORD-2024-033319,2,PROD-037,3,9.86,26.61
ORD-2024-033319,3,PROD-005,1,20.28,19.95
ORD-2024-033319,4,PROD-040,1,15.21,15.06
ORD-2024-033319,5,PROD-034,1,9.01,8.7
ORD-2024-033320,1,PROD-054,1,59.15,56.05
ORD-2024-033321,1,PROD-006,1,32.39,30.51
ORD-2024-033322,1,PROD-002,1,11.9,9.02
ORD-2024-033323,1,PROD-040,3,15.21,33.56
ORD-2024-033323,2,PROD-052,1,46.48,42.72
ORD-2024-033323,3,PROD-032,3,19.72,57.95
ORD-2024-033324,1,PROD-001,1,12.9,11.81
ORD-2024-033325,1,PROD-010,1,38.03,36.76
ORD-2024-033325,2,PROD-041,4,11.83,45.59
ORD-2024-033325,3,PROD-051,1,36.06,35.21
ORD-2024-033326,1,PROD-050,1,61.97,54.99
ORD-2024-033327,1,PROD-006,1,32.39,29.74
ORD-2024-033328,1,PROD-040,1,15.21,14.82
ORD-2024-033328,2,PROD-047,1,108.45,102.96
ORD-2024-033329,1,PROD-001,2,12.9,19.24
ORD-2024-033329,2,PROD-012,1,18.5,17.54
ORD-2024-033329,3,PROD-007,1,17.18,13.92
ORD-2024-033330,1,PROD-007,1,17.18,15.2
ORD-2024-033330,2,PROD-002,1,11.9,10.71
ORD-2024-033330,3,PROD-010,1,38.03,30.25
ORD-2024-033331,1,PROD-001,2,12.9,20.03
ORD-2024-033332,1,PROD-012,3,18.5,51.34
ORD-2024-033332,2,PROD-005,1,20.28,17.58
ORD-2024-033333,1,PROD-038,1,7.89,7.79
ORD-2024-033334,1,PROD-027,1,21.13,18.14
ORD-2024-033335,1,PROD-005,1,20.28,20.14
ORD-2024-033336,1,PROD-040,2,15.21,29.95
ORD-2024-033336,2,PROD-010,2,38.03,74.6
ORD-2024-033337,1,PROD-002,3,11.9,33.79
ORD-2024-033337,2,PROD-004,1,20.28,19.84
ORD-2024-033337,3,PROD-027,1,21.13,20.37
ORD-2024-033338,1,PROD-004,2,20.28,31.95
ORD-2024-033339,1,PROD-030,1,49.3,45.41
ORD-2024-033340,1,PROD-017,3,12.5,33.06
ORD-2024-033340,2,PROD-007,1,17.18,14.41
ORD-2024-033341,1,PROD-028,2,17.18,33.88
ORD-2024-033342,1,PROD-001,1,12.9,11.08
ORD-2024-033343,1,PROD-008,1,9.9,9.19
ORD-2024-033344,1,PROD-039,1,8.17,7.82
ORD-2024-033345,1,PROD-004,1,20.28,20.02
ORD-2024-033346,1,PROD-001,1,12.9,11.84
ORD-2024-033346,2,PROD-037,2,9.86,15.61
ORD-2024-033347,1,PROD-042,3,73.24,183.88
ORD-2024-033347,2,PROD-005,1,20.28,17.79
ORD-2024-033347,3,PROD-034,2,9.01,14.99
ORD-2024-033348,1,PROD-034,2,9.01,17.31
ORD-2024-033349,1,PROD-003,2,14.37,25.61
ORD-2024-033349,2,PROD-005,1,20.28,14.94
ORD-2024-033349,3,PROD-007,1,17.18,16.29
ORD-2024-033350,1,PROD-040,3,15.21,40.68
ORD-2024-033351,1,PROD-001,2,12.9,22.64
ORD-2024-033352,1,PROD-038,4,7.89,29.06
ORD-2024-033352,2,PROD-034,2,9.01,14.77
ORD-2024-033353,1,PROD-012,1,18.5,18.35
ORD-2024-033354,1,PROD-001,1,12.9,10.8
ORD-2024-033355,1,PROD-039,1,8.17,7.71
ORD-2024-033356,1,PROD-013,1,11.9,9.98
ORD-2024-033357,1,PROD-011,1,14.9,10.22
ORD-2024-033357,2,PROD-005,1,20.28,10.17
ORD-2024-033358,1,PROD-012,2,18.5,24.38
ORD-2024-033358,2,PROD-020,1,10.14,9.8
ORD-2024-033358,3,PROD-008,2,9.9,12.35
ORD-2024-033359,1,PROD-050,1,61.97,57.33
ORD-2024-033360,1,PROD-025,1,21.97,21.6
ORD-2024-033360,2,PROD-038,1,7.89,7.68
ORD-2024-033361,1,PROD-012,1,18.5,14.73
ORD-2024-033362,1,PROD-032,1,19.72,19.11
ORD-2024-033362,2,PROD-007,2,17.18,32.1
ORD-2024-033363,1,PROD-004,2,20.28,38.07
ORD-2024-033364,1,PROD-003,3,14.37,42.55
ORD-2024-033364,2,PROD-045,1,72.68,63.31
ORD-2024-033364,3,PROD-020,1,10.14,8.93
ORD-2024-033365,1,PROD-035,2,10.14,15.4
ORD-2024-033366,1,PROD-003,2,14.37,25.33
ORD-2024-033366,2,PROD-007,2,17.18,32.13
ORD-2024-033367,1,PROD-005,1,20.28,19.7
ORD-2024-033368,1,PROD-015,1,26.76,25.74
ORD-2024-033368,2,PROD-042,2,73.24,141.46
ORD-2024-033369,1,PROD-001,1,12.9,11.18
ORD-2024-033370,1,PROD-002,2,11.9,22.74
ORD-2024-033370,2,PROD-007,2,17.18,32.32
ORD-2024-033370,3,PROD-037,2,9.86,18.23
ORD-2024-033371,1,PROD-005,1,20.28,16.87
ORD-2024-033371,2,PROD-010,1,38.03,32.19
ORD-2024-033372,1,PROD-003,2,14.37,28.33
ORD-2024-033372,2,PROD-041,1,11.83,11.64
ORD-2024-033372,3,PROD-001,1,12.9,12.43
ORD-2024-033373,1,PROD-016,1,8.9,6.08
ORD-2024-033373,2,PROD-004,2,20.28,34.23
ORD-2024-033373,3,PROD-032,1,19.72,19.4
ORD-2024-033373,4,PROD-041,4,11.83,34.77
ORD-2024-033374,1,PROD-025,1,21.97,19.84
ORD-2024-033375,1,PROD-034,3,9.01,25.74
ORD-2024-033375,2,PROD-035,1,10.14,8.07
ORD-2024-033376,1,PROD-044,1,40.85,35.87
ORD-2024-033377,1,PROD-004,1,20.28,10.36
ORD-2024-033378,1,PROD-005,1,20.28,17.53
ORD-2024-033378,2,PROD-034,3,9.01,12.16
ORD-2024-033379,1,PROD-005,2,20.28,37.04
ORD-2024-033380,1,PROD-021,1,15.49,15.26
ORD-2024-033381,1,PROD-037,2,9.86,17.79
ORD-2024-033381,2,PROD-007,1,17.18,14.18
ORD-2024-033381,3,PROD-034,1,9.01,8.45
ORD-2024-033382,1,PROD-032,2,19.72,39.18
ORD-2024-033383,1,PROD-005,1,20.28,15.25
ORD-2024-033384,1,PROD-007,1,17.18,16.32
ORD-2024-033384,2,PROD-034,1,9.01,8.66
ORD-2024-033385,1,PROD-013,3,11.9,33.87
ORD-2024-033386,1,PROD-011,1,14.9,13.35
ORD-2024-033386,2,PROD-036,2,11.55,19.96
ORD-2024-033387,1,PROD-007,1,17.18,16.55
ORD-2024-033387,2,PROD-027,2,21.13,40.73
ORD-2024-033387,3,PROD-006,3,32.39,91.44
ORD-2024-033387,4,PROD-012,1,18.5,17.76
ORD-2024-033388,1,PROD-011,3,14.9,44.04
ORD-2024-033388,2,PROD-034,2,9.01,17.72
ORD-2024-033388,3,PROD-008,1,9.9,9.64
ORD-2024-033388,4,PROD-001,1,12.9,12.53
ORD-2024-033388,5,PROD-007,1,17.18,17.09
ORD-2024-033389,1,PROD-004,1,20.28,16.03
ORD-2024-033390,1,PROD-008,3,9.9,28.95
ORD-2024-033391,1,PROD-001,1,12.9,12.34
ORD-2024-033391,2,PROD-006,1,32.39,30.39
ORD-2024-033392,1,PROD-008,2,9.9,17.82
ORD-2024-033392,2,PROD-013,1,11.9,11.66
ORD-2024-033392,3,PROD-001,2,12.9,21.66
ORD-2024-033393,1,PROD-002,2,11.9,23.18
ORD-2024-033394,1,PROD-028,2,17.18,33.62
ORD-2024-033395,1,PROD-002,3,11.9,32.09
ORD-2024-033395,2,PROD-034,2,9.01,13.44
ORD-2024-033395,3,PROD-010,2,38.03,72.23
ORD-2024-033396,1,PROD-002,2,11.9,23.16
ORD-2024-033397,1,PROD-004,2,20.28,38.92
ORD-2024-033398,1,PROD-006,1,32.39,31.59
ORD-2024-033398,2,PROD-002,2,11.9,23.57
ORD-2024-033399,1,PROD-023,1,7.89,7.36
ORD-2024-033400,1,PROD-004,1,20.28,18.59
ORD-2024-033401,1,PROD-027,1,21.13,16.26
ORD-2024-033402,1,PROD-001,2,12.9,24.27
ORD-2024-033403,1,PROD-004,1,20.28,13.93
ORD-2024-033404,1,PROD-041,2,11.83,22.66
ORD-2024-033404,2,PROD-022,1,9.01,8.61
ORD-2024-033405,1,PROD-051,1,36.06,34.37
ORD-2024-033405,2,PROD-005,2,20.28,40.11
ORD-2024-033406,1,PROD-008,3,9.9,25.91
ORD-2024-033406,2,PROD-011,2,14.9,27.72
ORD-2024-033407,1,PROD-007,1,17.18,15.23
ORD-2024-033408,1,PROD-006,1,32.39,30.05
ORD-2024-033408,2,PROD-037,1,9.86,9.21
ORD-2024-033409,1,PROD-002,2,11.9,21.69
ORD-2024-033409,2,PROD-003,1,14.37,13.38
ORD-2024-033409,3,PROD-004,1,20.28,19.07
ORD-2024-033410,1,PROD-013,1,11.9,11.58
ORD-2024-033411,1,PROD-017,1,12.5,6.43
ORD-2024-033411,2,PROD-029,1,24.79,20.33
ORD-2024-033412,1,PROD-001,2,12.9,22.43
ORD-2024-033412,2,PROD-036,3,11.55,31.6
ORD-2024-033413,1,PROD-044,1,40.85,40.29
ORD-2024-033414,1,PROD-005,1,20.28,18.8
ORD-2024-033415,1,PROD-020,1,10.14,9.28
ORD-2024-033416,1,PROD-005,1,20.28,19.5
ORD-2024-033417,1,PROD-054,1,59.15,55.42
ORD-2024-033418,1,PROD-027,1,21.13,21.04
ORD-2024-033418,2,PROD-010,2,38.03,73.9
ORD-2024-033418,3,PROD-035,1,10.14,9.91
ORD-2024-033419,1,PROD-012,1,18.5,15.37
ORD-2024-033419,2,PROD-011,1,14.9,14.58
ORD-2024-033420,1,PROD-001,2,12.9,22.6
ORD-2024-033421,1,PROD-034,1,9.01,7.76
ORD-2024-033421,2,PROD-013,2,11.9,21.48
ORD-2024-033422,1,PROD-044,1,40.85,38.73
ORD-2024-033422,2,PROD-006,2,32.39,62.45
ORD-2024-033423,1,PROD-035,1,10.14,9.76
ORD-2024-033423,2,PROD-007,1,17.18,12.7
ORD-2024-033424,1,PROD-006,1,32.39,28.36
ORD-2024-033425,1,PROD-003,2,14.37,27.8
ORD-2024-033426,1,PROD-007,1,17.18,16.47
ORD-2024-033427,1,PROD-016,3,8.9,17.64
ORD-2024-033428,1,PROD-031,1,53.52,48.93
ORD-2024-033429,1,PROD-026,1,14.65,13.3
ORD-2024-033430,1,PROD-005,2,20.28,38.38
ORD-2024-033430,2,PROD-035,3,10.14,28.91
ORD-2024-033431,1,PROD-010,2,38.03,64.86
ORD-2024-033432,1,PROD-005,3,20.28,60.12
ORD-2024-033433,1,PROD-002,1,11.9,11.71
ORD-2024-033434,1,PROD-017,2,12.5,24.48
ORD-2024-033434,2,PROD-008,1,9.9,9.17
ORD-2024-033434,3,PROD-004,1,20.28,20.03
ORD-2024-033435,1,PROD-005,2,20.28,36.44
ORD-2024-033435,2,PROD-002,1,11.9,11.44
ORD-2024-033435,3,PROD-003,2,14.37,24.64
ORD-2024-033436,1,PROD-008,1,9.9,8.98
ORD-2024-033436,2,PROD-032,1,19.72,19.18
ORD-2024-033437,1,PROD-032,4,19.72,78.04
ORD-2024-033438,1,PROD-005,2,20.28,38.65
ORD-2024-033439,1,PROD-005,1,20.28,20.04
ORD-2024-033439,2,PROD-035,4,10.14,38.67
ORD-2024-033440,1,PROD-008,2,9.9,18.13
ORD-2024-033441,1,PROD-006,1,32.39,30.95
ORD-2024-033442,1,PROD-017,1,12.5,10.94
ORD-2024-033443,1,PROD-030,2,49.3,89.15
ORD-2024-033444,1,PROD-006,1,32.39,29.95
ORD-2024-033444,2,PROD-040,2,15.21,30.13
ORD-2024-033444,3,PROD-032,2,19.72,38.56
ORD-2024-033445,1,PROD-030,1,49.3,44.76
ORD-2024-033446,1,PROD-002,1,11.9,10.31
ORD-2024-033447,1,PROD-050,1,61.97,57.51
ORD-2024-033447,2,PROD-022,1,9.01,8.96
ORD-2024-033448,1,PROD-022,1,9.01,8.86
ORD-2024-033448,2,PROD-001,3,12.9,37.7
ORD-2024-033448,3,PROD-027,1,21.13,20.16
ORD-2024-033448,4,PROD-020,2,10.14,19.43
ORD-2024-033448,5,PROD-026,2,14.65,29.01
ORD-2024-033449,1,PROD-003,1,14.37,14.03
ORD-2024-033450,1,PROD-005,1,20.28,19.69
ORD-2024-033450,2,PROD-026,1,14.65,8.96
ORD-2024-033451,1,PROD-039,1,8.17,5.19
ORD-2024-033451,2,PROD-027,2,21.13,40.55
ORD-2024-033451,3,PROD-003,1,14.37,13.68
ORD-2024-033451,4,PROD-033,1,52.11,48.26
ORD-2024-033452,1,PROD-033,1,52.11,50.5
ORD-2024-033453,1,PROD-039,1,8.17,7.71
ORD-2024-033453,2,PROD-021,1,15.49,14.82
ORD-2024-033453,3,PROD-001,2,12.9,25.06
ORD-2024-033453,4,PROD-012,2,18.5,34.46
ORD-2024-033454,1,PROD-002,3,11.9,33.78
ORD-2024-033454,2,PROD-003,1,14.37,13.84
ORD-2024-033454,3,PROD-041,2,11.83,20.94
ORD-2024-033455,1,PROD-030,1,49.3,41.4
ORD-2024-033455,2,PROD-004,2,20.28,33.29
ORD-2024-033456,1,PROD-002,2,11.9,22.95
ORD-2024-033457,1,PROD-026,1,14.65,8.57
ORD-2024-033457,2,PROD-021,1,15.49,15.15
ORD-2024-033457,3,PROD-049,1,80.28,43.65
ORD-2024-033458,1,PROD-004,1,20.28,19.18
ORD-2024-033459,1,PROD-005,3,20.28,52.42
ORD-2024-033459,2,PROD-002,1,11.9,9.89
ORD-2024-033460,1,PROD-022,1,9.01,6.98
ORD-2024-033461,1,PROD-002,2,11.9,23.07
ORD-2024-033461,2,PROD-019,1,29.58,27.54
ORD-2024-033461,3,PROD-038,3,7.89,21.02
ORD-2024-033462,1,PROD-051,2,36.06,68.96
ORD-2024-033462,2,PROD-015,1,26.76,26.09
ORD-2024-033463,1,PROD-001,1,12.9,12.6
ORD-2024-033464,1,PROD-006,1,32.39,31.5
ORD-2024-033465,1,PROD-004,1,20.28,19.95
ORD-2024-033465,2,PROD-003,2,14.37,27.6
ORD-2024-033466,1,PROD-005,1,20.28,17.67
ORD-2024-033467,1,PROD-011,1,14.9,6.7
ORD-2024-033468,1,PROD-034,3,9.01,22.9
ORD-2024-033469,1,PROD-035,1,10.14,9.69
ORD-2024-033469,2,PROD-007,2,17.18,30.0
ORD-2024-033470,1,PROD-036,3,11.55,25.41
ORD-2024-033471,1,PROD-021,1,15.49,14.35
ORD-2024-033472,1,PROD-005,2,20.28,37.77
ORD-2024-033473,1,PROD-012,2,18.5,32.37
ORD-2024-033473,2,PROD-001,2,12.9,25.15
ORD-2024-033474,1,PROD-027,2,21.13,39.94
ORD-2024-033474,2,PROD-008,1,9.9,9.66
ORD-2024-033474,3,PROD-005,1,20.28,20.17
ORD-2024-033475,1,PROD-044,1,40.85,40.05
ORD-2024-033476,1,PROD-037,1,9.86,8.82
ORD-2024-033476,2,PROD-028,2,17.18,29.86
ORD-2024-033476,3,PROD-040,1,15.21,14.47
ORD-2024-033477,1,PROD-038,3,7.89,20.53
ORD-2024-033477,2,PROD-021,2,15.49,27.36
ORD-2024-033477,3,PROD-005,3,20.28,56.31
ORD-2024-033478,1,PROD-003,2,14.37,24.65
ORD-2024-033478,2,PROD-002,3,11.9,34.38
ORD-2024-033479,1,PROD-039,2,8.17,13.86
ORD-2024-033480,1,PROD-008,1,9.9,7.89
ORD-2024-033481,1,PROD-007,1,17.18,16.07
ORD-2024-033481,2,PROD-027,1,21.13,20.39
ORD-2024-033482,1,PROD-005,1,20.28,18.69
ORD-2024-033482,2,PROD-035,1,10.14,8.27
ORD-2024-033483,1,PROD-005,1,20.28,19.44
ORD-2024-033483,2,PROD-028,1,17.18,15.99
ORD-2024-033484,1,PROD-004,1,20.28,9.13
ORD-2024-033485,1,PROD-006,3,32.39,93.41
ORD-2024-033485,2,PROD-004,1,20.28,17.42
ORD-2024-033485,3,PROD-034,1,9.01,7.87
ORD-2024-033485,4,PROD-001,1,12.9,9.27
ORD-2024-033486,1,PROD-039,2,8.17,14.81
ORD-2024-033486,2,PROD-029,2,24.79,47.22
ORD-2024-033486,3,PROD-003,1,14.37,10.64
ORD-2024-033487,1,PROD-005,1,20.28,18.84
ORD-2024-033487,2,PROD-004,1,20.28,19.81
ORD-2024-033487,3,PROD-002,2,11.9,23.5
ORD-2024-033488,1,PROD-001,1,12.9,11.25
ORD-2024-033488,2,PROD-005,1,20.28,15.64
ORD-2024-033488,3,PROD-002,1,11.9,11.14
ORD-2024-033489,1,PROD-030,1,49.3,39.68
ORD-2024-033490,1,PROD-037,2,9.86,19.28
ORD-2024-033490,2,PROD-006,2,32.39,63.67
ORD-2024-033491,1,PROD-025,1,21.97,21.62
ORD-2024-033492,1,PROD-006,1,32.39,30.66
ORD-2024-033492,2,PROD-045,1,72.68,69.69
ORD-2024-033493,1,PROD-008,1,9.9,9.8
ORD-2024-033494,1,PROD-005,2,20.28,39.04
ORD-2024-033495,1,PROD-052,2,46.48,88.87
ORD-2024-033496,1,PROD-002,1,11.9,9.59
ORD-2024-033496,2,PROD-035,1,10.14,9.6
ORD-2024-033496,3,PROD-007,1,17.18,15.26
ORD-2024-033497,1,PROD-036,1,11.55,9.13
ORD-2024-033497,2,PROD-004,1,20.28,19.13
ORD-2024-033498,1,PROD-004,2,20.28,29.68
ORD-2024-033498,2,PROD-032,2,19.72,20.14
ORD-2024-033499,1,PROD-010,2,38.03,60.63
ORD-2024-033500,1,PROD-044,1,40.85,34.9
ORD-2024-033501,1,PROD-006,1,32.39,27.77
ORD-2024-033502,1,PROD-032,2,19.72,33.48
ORD-2024-033503,1,PROD-007,3,17.18,51.45
ORD-2024-033503,2,PROD-006,3,32.39,95.82
ORD-2024-033504,1,PROD-002,1,11.9,10.83
ORD-2024-033505,1,PROD-003,1,14.37,12.46
ORD-2024-033505,2,PROD-008,1,9.9,9.16
ORD-2024-033505,3,PROD-013,2,11.9,20.73
ORD-2024-033505,4,PROD-022,1,9.01,7.24
ORD-2024-033506,1,PROD-001,1,12.9,9.49
ORD-2024-033507,1,PROD-045,1,72.68,50.87
ORD-2024-033507,2,PROD-013,3,11.9,26.64
ORD-2024-033508,1,PROD-015,1,26.76,24.75
ORD-2024-033508,2,PROD-039,2,8.17,15.92
ORD-2024-033509,1,PROD-001,2,12.9,24.89
ORD-2024-033510,1,PROD-002,1,11.9,9.33
ORD-2024-033511,1,PROD-002,3,11.9,33.7
ORD-2024-033512,1,PROD-021,1,15.49,15.32
ORD-2024-033513,1,PROD-036,1,11.55,9.53
ORD-2024-033514,1,PROD-006,2,32.39,62.25
ORD-2024-033515,1,PROD-040,1,15.21,14.26
ORD-2024-033515,2,PROD-017,1,12.5,10.94
ORD-2024-033516,1,PROD-031,1,53.52,50.84
ORD-2024-033517,1,PROD-007,2,17.18,29.43
ORD-2024-033517,2,PROD-004,1,20.28,18.94
ORD-2024-033517,3,PROD-005,1,20.28,14.81
ORD-2024-033517,4,PROD-025,1,21.97,17.69
ORD-2024-033518,1,PROD-052,1,46.48,44.58
ORD-2024-033518,2,PROD-037,1,9.86,9.21
ORD-2024-033519,1,PROD-003,1,14.37,13.81
ORD-2024-033520,1,PROD-041,1,11.83,9.32
ORD-2024-033521,1,PROD-020,1,10.14,9.66
ORD-2024-033522,1,PROD-004,1,20.28,19.61
ORD-2024-033522,2,PROD-008,1,9.9,9.56
ORD-2024-033522,3,PROD-024,2,8.73,16.56
ORD-2024-033522,4,PROD-044,1,40.85,38.85
ORD-2024-033523,1,PROD-007,1,17.18,17.0
ORD-2024-033524,1,PROD-039,2,8.17,14.31
ORD-2024-033525,1,PROD-036,2,11.55,20.18
ORD-2024-033525,2,PROD-005,2,20.28,31.92
ORD-2024-033526,1,PROD-030,1,49.3,47.79
ORD-2024-033526,2,PROD-036,1,11.55,9.99
ORD-2024-033526,3,PROD-040,3,15.21,43.23
ORD-2024-033527,1,PROD-027,1,21.13,20.43
ORD-2024-033528,1,PROD-008,2,9.9,19.41
ORD-2024-033529,1,PROD-005,2,20.28,31.79
ORD-2024-033530,1,PROD-023,1,7.89,7.48
ORD-2024-033530,2,PROD-004,1,20.28,19.49
ORD-2024-033531,1,PROD-004,2,20.28,37.25
ORD-2024-033532,1,PROD-030,1,49.3,46.67
ORD-2024-033533,1,PROD-005,2,20.28,37.03
ORD-2024-033534,1,PROD-021,2,15.49,22.52
ORD-2024-033535,1,PROD-022,1,9.01,5.89
ORD-2024-033536,1,PROD-041,2,11.83,16.86
ORD-2024-033536,2,PROD-028,1,17.18,11.64
ORD-2024-033537,1,PROD-007,2,17.18,32.71
ORD-2024-033538,1,PROD-001,1,12.9,12.55
ORD-2024-033539,1,PROD-005,2,20.28,33.93
ORD-2024-033539,2,PROD-038,1,7.89,7.05
ORD-2024-033539,3,PROD-042,1,73.24,65.16
ORD-2024-033540,1,PROD-007,1,17.18,16.79
ORD-2024-033541,1,PROD-044,1,40.85,39.4
ORD-2024-033542,1,PROD-001,2,12.9,24.54
ORD-2024-033543,1,PROD-021,2,15.49,28.56
ORD-2024-033544,1,PROD-020,1,10.14,9.49
ORD-2024-033544,2,PROD-037,1,9.86,8.31
ORD-2024-033545,1,PROD-001,2,12.9,24.31
ORD-2024-033545,2,PROD-047,1,108.45,74.9
ORD-2024-033546,1,PROD-004,1,20.28,19.58
ORD-2024-033547,1,PROD-039,1,8.17,6.44
ORD-2024-033547,2,PROD-007,2,17.18,31.28
ORD-2024-033548,1,PROD-053,1,53.52,51.9
ORD-2024-033549,1,PROD-006,1,32.39,31.13
ORD-2024-033549,2,PROD-041,2,11.83,20.63
ORD-2024-033550,1,PROD-004,1,20.28,19.5
ORD-2024-033551,1,PROD-035,2,10.14,18.63
ORD-2024-033552,1,PROD-008,2,9.9,18.14
ORD-2024-033553,1,PROD-007,1,17.18,14.68
ORD-2024-033553,2,PROD-033,3,52.11,153.11
ORD-2024-033554,1,PROD-034,3,9.01,23.63
ORD-2024-033555,1,PROD-039,3,8.17,22.17
ORD-2024-033556,1,PROD-002,2,11.9,20.4
ORD-2024-033557,1,PROD-056,1,101.41,100.23
ORD-2024-033558,1,PROD-003,3,14.37,38.91
ORD-2024-033558,2,PROD-005,3,20.28,48.22
ORD-2024-033558,3,PROD-047,1,108.45,91.73
ORD-2024-033559,1,PROD-001,3,12.9,32.8
ORD-2024-033560,1,PROD-004,2,20.28,39.99
ORD-2024-033561,1,PROD-034,1,9.01,8.93
ORD-2024-033561,2,PROD-013,1,11.9,11.21
ORD-2024-033561,3,PROD-008,1,9.9,9.76
ORD-2024-033562,1,PROD-019,2,29.58,50.78
ORD-2024-033563,1,PROD-041,1,11.83,11.45
ORD-2024-033563,2,PROD-003,2,14.37,22.0
ORD-2024-033564,1,PROD-001,1,12.9,10.09
ORD-2024-033565,1,PROD-001,2,12.9,22.18
ORD-2024-033565,2,PROD-038,1,7.89,7.77
ORD-2024-033566,1,PROD-001,1,12.9,12.5
ORD-2024-033566,2,PROD-051,1,36.06,35.81
ORD-2024-033566,3,PROD-005,1,20.28,19.61
ORD-2024-033567,1,PROD-041,2,11.83,21.76
ORD-2024-033567,2,PROD-008,1,9.9,7.83
ORD-2024-033568,1,PROD-008,2,9.9,19.55
ORD-2024-033569,1,PROD-004,1,20.28,19.41
ORD-2024-033570,1,PROD-034,2,9.01,10.72
ORD-2024-033571,1,PROD-038,2,7.89,14.8
ORD-2024-033572,1,PROD-012,2,18.5,30.49
ORD-2024-033572,2,PROD-036,3,11.55,27.54
ORD-2024-033573,1,PROD-005,2,20.28,29.07
ORD-2024-033573,2,PROD-006,2,32.39,46.62
ORD-2024-033573,3,PROD-034,1,9.01,7.48
ORD-2024-033574,1,PROD-012,3,18.5,55.03
ORD-2024-033575,1,PROD-035,2,10.14,16.17
ORD-2024-033576,1,PROD-001,1,12.9,12.82
ORD-2024-033576,2,PROD-040,3,15.21,44.35
ORD-2024-033577,1,PROD-040,2,15.21,29.61
ORD-2024-033578,1,PROD-002,1,11.9,8.03
ORD-2024-033578,2,PROD-008,1,9.9,8.04
ORD-2024-033578,3,PROD-001,1,12.9,12.87
ORD-2024-033578,4,PROD-005,1,20.28,17.49
ORD-2024-033579,1,PROD-005,3,20.28,57.32
ORD-2024-033580,1,PROD-028,1,17.18,16.4
ORD-2024-033581,1,PROD-039,3,8.17,18.46
ORD-2024-033582,1,PROD-001,1,12.9,12.55
ORD-2024-033582,2,PROD-005,1,20.28,19.62
ORD-2024-033583,1,PROD-022,2,9.01,16.32
ORD-2024-033583,2,PROD-029,1,24.79,24.02
ORD-2024-033583,3,PROD-001,2,12.9,18.33
ORD-2024-033583,4,PROD-005,1,20.28,17.77
ORD-2024-033583,5,PROD-041,1,11.83,10.91
ORD-2024-033584,1,PROD-005,3,20.28,53.45
ORD-2024-033584,2,PROD-010,2,38.03,71.73
ORD-2024-033584,3,PROD-030,1,49.3,48.39
ORD-2024-033585,1,PROD-038,4,7.89,30.24
ORD-2024-033586,1,PROD-036,1,11.55,8.61
ORD-2024-033587,1,PROD-005,2,20.28,37.27
ORD-2024-033587,2,PROD-041,1,11.83,11.25
ORD-2024-033588,1,PROD-041,1,11.83,10.75
ORD-2024-033588,2,PROD-017,2,12.5,22.93
ORD-2024-033588,3,PROD-039,1,8.17,6.95
ORD-2024-033589,1,PROD-001,1,12.9,10.73
ORD-2024-033589,2,PROD-004,2,20.28,39.85
ORD-2024-033589,3,PROD-024,1,8.73,8.27
ORD-2024-033589,4,PROD-020,1,10.14,7.27
ORD-2024-033589,5,PROD-005,1,20.28,18.74
ORD-2024-033590,1,PROD-003,1,14.37,14.07
ORD-2024-033591,1,PROD-006,3,32.39,84.22
ORD-2024-033592,1,PROD-008,2,9.9,16.36
ORD-2024-033593,1,PROD-028,2,17.18,32.93
ORD-2024-033594,1,PROD-002,1,11.9,7.7
ORD-2024-033595,1,PROD-004,1,20.28,19.77
ORD-2024-033595,2,PROD-044,1,40.85,40.2
ORD-2024-033596,1,PROD-032,1,19.72,12.6
ORD-2024-033597,1,PROD-017,2,12.5,24.46
ORD-2024-033597,2,PROD-001,1,12.9,12.33
ORD-2024-033598,1,PROD-004,1,20.28,16.69
ORD-2024-033598,2,PROD-025,2,21.97,26.53
ORD-2024-033598,3,PROD-032,1,19.72,12.91
ORD-2024-033599,1,PROD-003,3,14.37,31.65
ORD-2024-033599,2,PROD-004,1,20.28,18.87
ORD-2024-033599,3,PROD-048,1,55.77,52.93
ORD-2024-033600,1,PROD-004,2,20.28,39.12
ORD-2024-033600,2,PROD-032,1,19.72,19.57
ORD-2024-033600,3,PROD-020,1,10.14,5.83
ORD-2024-033601,1,PROD-005,1,20.28,19.68
ORD-2024-033602,1,PROD-006,1,32.39,31.86
ORD-2024-033603,1,PROD-024,2,8.73,15.4
ORD-2024-033603,2,PROD-005,2,20.28,40.4
ORD-2024-033603,3,PROD-028,1,17.18,14.65
ORD-2024-033604,1,PROD-002,1,11.9,10.13
ORD-2024-033605,1,PROD-006,2,32.39,64.48
ORD-2024-033606,1,PROD-005,2,20.28,-40.22
ORD-2024-033607,1,PROD-037,1,9.86,9.34
ORD-2024-033607,2,PROD-032,2,19.72,37.07
ORD-2024-033607,3,PROD-029,1,24.79,24.63
ORD-2024-033608,1,PROD-003,1,14.37,14.12
ORD-2024-033608,2,PROD-042,1,73.24,65.4
ORD-2024-033608,3,PROD-036,2,11.55,22.45
ORD-2024-033608,4,PROD-041,1,11.83,11.56
ORD-2024-033609,1,PROD-024,1,8.73,8.45
ORD-2024-033610,1,PROD-002,3,11.9,27.87
ORD-2024-033610,2,PROD-005,3,20.28,52.74
ORD-2024-033611,1,PROD-031,1,53.52,45.93
ORD-2024-033612,1,PROD-041,2,11.83,22.95
ORD-2024-033613,1,PROD-022,2,9.01,16.86
ORD-2024-033614,1,PROD-016,1,8.9,8.06
ORD-2024-033614,2,PROD-004,1,20.28,19.92
ORD-2024-033614,3,PROD-040,1,15.21,13.7
ORD-2024-033615,1,PROD-036,1,11.55,10.33
ORD-2024-033615,2,PROD-026,1,14.65,14.37
ORD-2024-033616,1,PROD-004,2,20.28,37.94
ORD-2024-033616,2,PROD-006,1,32.39,30.87
ORD-2024-033617,1,PROD-016,1,8.9,7.93
ORD-2024-033618,1,PROD-007,2,17.18,28.52
ORD-2024-033618,2,PROD-004,1,20.28,18.92
ORD-2024-033618,3,PROD-002,1,11.9,8.84
ORD-2024-033619,1,PROD-029,1,24.79,24.14
ORD-2024-033620,1,PROD-011,1,14.9,13.48
ORD-2024-033620,2,PROD-037,1,9.86,8.45
ORD-2024-033620,3,PROD-004,1,20.28,16.96
ORD-2024-033621,1,PROD-030,2,49.3,93.15
ORD-2024-033621,2,PROD-007,2,17.18,34.32
ORD-2024-033622,1,PROD-026,1,14.65,14.58
ORD-2024-033622,2,PROD-001,1,12.9,12.75
ORD-2024-033623,1,PROD-004,1,20.28,19.23
ORD-2024-033624,1,PROD-038,1,7.89,7.81
ORD-2024-033624,2,PROD-001,1,12.9,12.07
ORD-2024-033625,1,PROD-004,1,20.28,19.75
ORD-2024-033626,1,PROD-013,2,11.9,22.94
ORD-2024-033627,1,PROD-036,2,11.55,14.2
ORD-2024-033627,2,PROD-013,1,11.9,11.41
ORD-2024-033627,3,PROD-035,1,10.14,8.76
ORD-2024-033628,1,PROD-060,1,42.25,38.84
ORD-2024-033629,1,PROD-021,2,15.49,30.52
ORD-2024-033630,1,PROD-056,1,101.41,95.24
ORD-2024-033631,1,PROD-036,3,11.55,29.79
ORD-2024-033632,1,PROD-011,1,14.9,14.67
ORD-2024-033633,1,PROD-031,1,53.52,45.97
ORD-2024-033633,2,PROD-003,2,14.37,24.04
ORD-2024-033633,3,PROD-052,1,46.48,44.33
ORD-2024-033634,1,PROD-004,1,20.28,19.85
ORD-2024-033634,2,PROD-006,1,32.39,29.69
ORD-2024-033635,1,PROD-002,1,11.9,11.47
ORD-2024-033635,2,PROD-003,1,14.37,13.7
ORD-2024-033635,3,PROD-021,1,15.49,14.93
ORD-2024-033636,1,PROD-002,3,11.9,34.23
ORD-2024-033637,1,PROD-001,2,12.9,25.07
ORD-2024-033638,1,PROD-007,2,17.18,30.38
ORD-2024-033639,1,PROD-005,1,20.28,15.19
ORD-2024-033639,2,PROD-014,1,9.9,7.57
ORD-2024-033640,1,PROD-007,1,17.18,11.85
ORD-2024-033640,2,PROD-002,1,11.9,11.27
ORD-2024-033641,1,PROD-004,2,20.28,39.03
ORD-2024-033642,1,PROD-007,1,17.18,16.49
ORD-2024-033643,1,PROD-007,1,17.18,17.11
ORD-2024-033644,1,PROD-001,1,12.9,11.6
ORD-2024-033644,2,PROD-023,2,7.89,12.64
ORD-2024-033645,1,PROD-024,2,8.73,14.79
ORD-2024-033645,2,PROD-027,1,21.13,20.03
ORD-2024-033646,1,PROD-005,2,20.28,38.09
ORD-2024-033647,1,PROD-030,2,49.3,89.45
ORD-2024-033647,2,PROD-004,1,20.28,19.57
ORD-2024-033647,3,PROD-037,1,9.86,9.49
ORD-2024-033648,1,PROD-028,2,17.18,34.04
ORD-2024-033648,2,PROD-005,1,20.28,18.22
ORD-2024-033649,1,PROD-053,1,53.52,42.06
ORD-2024-033650,1,PROD-020,1,10.14,7.21
ORD-2024-033651,1,PROD-059,1,52.11,40.7
ORD-2024-033652,1,PROD-006,1,32.39,31.29
ORD-2024-033653,1,PROD-014,2,9.9,13.81
ORD-2024-033654,1,PROD-035,1,10.14,8.12
ORD-2024-033654,2,PROD-001,1,12.9,10.11
ORD-2024-033654,3,PROD-041,1,11.83,11.07
ORD-2024-033655,1,PROD-041,2,11.83,18.51
ORD-2024-033656,1,PROD-036,1,11.55,11.32
ORD-2024-033656,2,PROD-041,2,11.83,20.78
ORD-2024-033657,1,PROD-004,1,20.28,17.4
ORD-2024-033658,1,PROD-008,2,9.9,14.42
ORD-2024-033658,2,PROD-023,2,7.89,12.83
ORD-2024-033658,3,PROD-007,1,17.18,16.95
ORD-2024-033659,1,PROD-004,3,20.28,52.66
ORD-2024-033660,1,PROD-001,1,12.9,12.73
ORD-2024-033661,1,PROD-006,2,32.39,60.03
ORD-2024-033661,2,PROD-012,2,18.5,35.06
ORD-2024-033661,3,PROD-034,1,9.01,8.41
ORD-2024-033662,1,PROD-032,1,19.72,17.94
ORD-2024-033662,2,PROD-008,2,9.9,15.34
ORD-2024-033663,1,PROD-001,1,12.9,9.83
ORD-2024-033664,1,PROD-039,1,8.17,5.39
ORD-2024-033665,1,PROD-003,1,14.37,11.68
ORD-2024-033665,2,PROD-034,3,9.01,21.76
ORD-2024-033666,1,PROD-001,1,12.9,12.02
ORD-2024-033667,1,PROD-004,2,20.28,18.25
ORD-2024-033667,2,PROD-035,2,10.14,17.63
ORD-2024-033668,1,PROD-003,1,14.37,9.93
ORD-2024-033668,2,PROD-002,2,11.9,22.26
ORD-2024-033669,1,PROD-004,1,20.28,19.18
ORD-2024-033670,1,PROD-005,1,20.28,19.8
ORD-2024-033671,1,PROD-004,2,20.28,39.04
ORD-2024-033672,1,PROD-004,2,20.28,39.94
ORD-2024-033673,1,PROD-027,1,21.13,20.26
ORD-2024-033674,1,PROD-034,1,9.01,8.51
ORD-2024-033674,2,PROD-023,2,7.89,13.67
ORD-2024-033674,3,PROD-008,2,9.9,19.03
ORD-2024-033675,1,PROD-039,3,8.17,21.11
ORD-2024-033676,1,PROD-002,1,11.9,9.97
ORD-2024-033677,1,PROD-006,1,32.39,25.55
ORD-2024-033678,1,PROD-015,1,26.76,22.94
ORD-2024-033679,1,PROD-004,1,20.28,19.36
ORD-2024-033680,1,PROD-001,1,12.9,8.28
ORD-2024-033681,1,PROD-040,3,15.21,44.54
ORD-2024-033681,2,PROD-004,1,20.28,20.14
ORD-2024-033682,1,PROD-010,1,38.03,30.67
ORD-2024-033682,2,PROD-027,2,21.13,23.75
ORD-2024-033683,1,PROD-049,1,80.28,77.58
ORD-2024-033683,2,PROD-025,1,21.97,21.43
ORD-2024-033684,1,PROD-036,2,11.55,22.67
ORD-2024-033685,1,PROD-003,1,14.37,13.5
ORD-2024-033686,1,PROD-033,1,52.11,51.88
ORD-2024-033687,1,PROD-007,1,17.18,9.69
ORD-2024-033688,1,PROD-029,1,24.79,21.56
ORD-2024-033689,1,PROD-010,2,38.03,46.86
ORD-2024-033690,1,PROD-028,2,17.18,30.54
ORD-2024-033691,1,PROD-012,2,18.5,35.12
ORD-2024-033692,1,PROD-014,2,9.9,19.05
ORD-2024-033692,2,PROD-034,1,9.01,8.49
ORD-2024-033693,1,PROD-040,2,15.21,21.95
ORD-2024-033693,2,PROD-032,1,19.72,15.66
ORD-2024-033693,3,PROD-035,1,10.14,7.39
ORD-2024-033694,1,PROD-047,1,108.45,89.56
ORD-2024-033694,2,PROD-006,2,32.39,57.71
ORD-2024-033695,1,PROD-024,1,8.73,8.64
ORD-2024-033696,1,PROD-004,1,20.28,19.76
ORD-2024-033697,1,PROD-036,2,11.55,21.58
ORD-2024-033698,1,PROD-007,1,17.18,16.31
ORD-2024-033698,2,PROD-003,1,14.37,12.62
ORD-2024-033698,3,PROD-004,2,20.28,37.5
ORD-2024-033699,1,PROD-008,2,9.9,18.1
ORD-2024-033700,1,PROD-004,1,20.28,18.7
ORD-2024-033701,1,PROD-029,1,24.79,24.62
ORD-2024-033702,1,PROD-051,1,36.06,34.24
ORD-2024-033703,1,PROD-010,1,38.03,29.84
ORD-2024-033704,1,PROD-005,1,20.28,19.63
ORD-2024-033705,1,PROD-002,1,11.9,9.75
ORD-2024-033706,1,PROD-001,1,12.9,10.66
ORD-2024-033707,1,PROD-005,2,20.28,38.05
ORD-2024-033708,1,PROD-007,1,17.18,17.11
ORD-2024-033709,1,PROD-004,1,20.28,18.64
ORD-2024-033709,2,PROD-041,1,11.83,11.26
ORD-2024-033709,3,PROD-024,1,8.73,8.37
ORD-2024-033710,1,PROD-008,1,9.9,9.77
ORD-2024-033711,1,PROD-007,2,17.18,33.69
ORD-2024-033711,2,PROD-006,1,32.39,29.67
ORD-2024-033712,1,PROD-012,1,18.5,14.75
ORD-2024-033712,2,PROD-046,1,259.15,251.61
ORD-2024-033713,1,PROD-035,1,10.14,7.99
ORD-2024-033713,2,PROD-023,1,7.89,7.63
ORD-2024-033714,1,PROD-002,1,11.9,7.97
ORD-2024-033715,1,PROD-036,1,11.55,6.41
ORD-2024-033715,2,PROD-046,1,259.15,197.42
ORD-2024-033716,1,PROD-038,1,7.89,3.55
ORD-2024-033716,2,PROD-039,2,8.17,13.98
ORD-2024-033717,1,PROD-006,1,32.39,27.6
ORD-2024-033717,2,PROD-014,1,9.9,8.96
ORD-2024-033718,1,PROD-010,1,38.03,34.15
ORD-2024-033719,1,PROD-039,3,8.17,24.12
ORD-2024-033719,2,PROD-001,2,12.9,25.23
ORD-2024-033720,1,PROD-055,1,74.65,59.09
ORD-2024-033720,2,PROD-004,1,20.28,15.98
ORD-2024-033721,1,PROD-024,2,8.73,17.0
ORD-2024-033721,2,PROD-034,1,9.01,6.77
ORD-2024-033722,1,PROD-004,1,20.28,18.29
ORD-2024-033723,1,PROD-004,1,20.28,19.21
ORD-2024-033723,2,PROD-034,3,9.01,26.14
ORD-2024-033724,1,PROD-030,2,49.3,97.08
ORD-2024-033725,1,PROD-033,3,52.11,141.06
ORD-2024-033726,1,PROD-022,1,9.01,8.86
ORD-2024-033726,2,PROD-024,1,8.73,8.11
ORD-2024-033727,1,PROD-002,2,11.9,23.13
ORD-2024-033727,2,PROD-001,1,12.9,12.59
ORD-2024-033728,1,PROD-013,1,11.9,5.35
ORD-2024-033728,2,PROD-048,1,55.77,25.1
ORD-2024-033729,1,PROD-013,2,11.9,13.94
ORD-2024-033729,2,PROD-032,4,19.72,54.38
ORD-2024-033729,3,PROD-004,1,20.28,19.56
ORD-2024-033730,1,PROD-005,3,20.28,50.51
ORD-2024-033730,2,PROD-035,1,10.14,9.59
ORD-2024-033730,3,PROD-034,2,9.01,14.53
ORD-2024-033731,1,PROD-006,2,32.39,63.19
ORD-2024-033732,1,PROD-034,1,9.01,7.49
ORD-2024-033733,1,PROD-010,1,38.03,37.67
ORD-2024-033734,1,PROD-005,1,20.28,16.78
ORD-2024-033734,2,PROD-037,2,9.86,18.78
ORD-2024-033735,1,PROD-004,1,20.28,19.81
ORD-2024-033735,2,PROD-034,1,9.01,8.51
ORD-2024-033736,1,PROD-003,1,14.37,12.65
ORD-2024-033736,2,PROD-036,3,11.55,28.15
ORD-2024-033736,3,PROD-038,2,7.89,13.57
ORD-2024-033737,1,PROD-017,2,12.5,22.98
ORD-2024-033738,1,PROD-032,3,19.72,43.4
ORD-2024-033739,1,PROD-005,2,20.28,34.8
ORD-2024-033739,2,PROD-032,1,19.72,16.48
ORD-2024-033740,1,PROD-020,1,10.14,9.1
ORD-2024-033741,1,PROD-038,1,7.89,5.66
ORD-2024-033742,1,PROD-024,1,8.73,8.47
ORD-2024-033743,1,PROD-002,1,11.9,9.72
ORD-2024-033744,1,PROD-040,2,15.21,28.59
ORD-2024-033745,1,PROD-005,1,20.28,19.78
ORD-2024-033746,1,PROD-001,1,12.9,12.07
ORD-2024-033746,2,PROD-017,2,12.5,23.35
ORD-2024-033747,1,PROD-005,2,20.28,37.54
ORD-2024-033747,2,PROD-006,2,32.39,43.88
ORD-2024-033748,1,PROD-008,1,9.9,9.22
ORD-2024-033749,1,PROD-049,1,80.28,73.21
ORD-2024-033750,1,PROD-002,2,11.9,22.8
ORD-2024-033751,1,PROD-015,1,26.76,24.84
ORD-2024-033751,2,PROD-005,2,20.28,32.01
ORD-2024-033752,1,PROD-027,2,21.13,31.43
ORD-2024-033752,2,PROD-028,1,17.18,13.48
ORD-2024-033752,3,PROD-032,1,19.72,18.94
ORD-2024-033753,1,PROD-040,1,15.21,12.9
ORD-2024-033754,1,PROD-019,1,29.58,25.86
ORD-2024-033755,1,PROD-039,3,8.17,14.03
ORD-2024-033756,1,PROD-036,1,11.55,11.15
ORD-2024-033757,1,PROD-031,2,53.52,103.84
ORD-2024-033758,1,PROD-036,3,11.55,33.29
ORD-2024-033759,1,PROD-006,1,32.39,22.28
ORD-2024-033760,1,PROD-025,2,21.97,41.12
ORD-2024-033761,1,PROD-007,1,17.18,14.13
ORD-2024-033761,2,PROD-026,2,14.65,25.29
ORD-2024-033762,1,PROD-038,3,7.89,15.89
ORD-2024-033762,2,PROD-034,1,9.01,5.44
ORD-2024-033762,3,PROD-001,1,12.9,12.25
ORD-2024-033763,1,PROD-028,2,17.18,32.53
ORD-2024-033764,1,PROD-021,2,15.49,27.61
ORD-2024-033765,1,PROD-003,1,14.37,13.44
ORD-2024-033766,1,PROD-027,1,21.13,17.67
ORD-2024-033767,1,PROD-006,1,32.39,24.93
ORD-2024-033768,1,PROD-033,4,52.11,202.5
ORD-2024-033769,1,PROD-035,1,10.14,9.88
ORD-2024-033769,2,PROD-036,1,11.55,11.15
ORD-2024-033770,1,PROD-022,1,9.01,8.78
ORD-2024-033770,2,PROD-039,1,8.17,8.06
ORD-2024-033770,3,PROD-038,2,7.89,14.99
ORD-2024-033771,1,PROD-008,1,9.9,7.54
ORD-2024-033772,1,PROD-002,1,11.9,9.71
ORD-2024-033773,1,PROD-001,1,12.9,12.8
ORD-2024-033774,1,PROD-006,1,32.39,30.13
ORD-2024-033775,1,PROD-002,1,11.9,11.04
ORD-2024-033775,2,PROD-035,1,10.14,9.98
ORD-2024-033775,3,PROD-034,3,9.01,25.45
ORD-2024-033776,1,PROD-005,1,20.28,16.87
ORD-2024-033777,1,PROD-007,1,17.18,15.26
ORD-2024-033778,1,PROD-032,1,19.72,18.63
ORD-2024-033779,1,PROD-024,1,8.73,7.69
ORD-2024-033780,1,PROD-034,3,9.01,24.38
ORD-2024-033781,1,PROD-010,1,38.03,37.8
ORD-2024-033782,1,PROD-001,3,12.9,35.29
ORD-2024-033783,1,PROD-005,1,20.28,16.1
ORD-2024-033783,2,PROD-038,1,7.89,7.72
ORD-2024-033784,1,PROD-007,1,17.18,15.11
ORD-2024-033785,1,PROD-033,1,52.11,49.16
ORD-2024-033786,1,PROD-040,1,15.21,14.14
ORD-2024-033786,2,PROD-006,2,32.39,57.44
ORD-2024-033787,1,PROD-027,1,21.13,19.07
ORD-2024-033788,1,PROD-015,2,26.76,49.7
ORD-2024-033788,2,PROD-030,1,49.3,41.55
ORD-2024-033788,3,PROD-039,1,8.17,7.58
ORD-2024-033788,4,PROD-004,1,20.28,18.68
ORD-2024-033789,1,PROD-042,2,73.24,140.3
ORD-2024-033790,1,PROD-032,1,19.72,17.18
ORD-2024-033791,1,PROD-048,1,55.77,54.24
ORD-2024-033792,1,PROD-007,2,17.18,33.79
ORD-2024-033793,1,PROD-038,2,7.89,14.51
ORD-2024-033794,1,PROD-042,4,73.24,196.17
ORD-2024-033795,1,PROD-002,1,11.9,11.26
ORD-2024-033796,1,PROD-020,1,10.14,9.31
ORD-2024-033796,2,PROD-028,1,17.18,16.27
ORD-2024-033797,1,PROD-026,2,14.65,20.59
ORD-2024-033798,1,PROD-004,1,20.28,18.82
ORD-2024-033799,1,PROD-002,2,11.9,20.72
ORD-2024-033799,2,PROD-038,1,7.89,7.69
ORD-2024-033799,3,PROD-053,2,53.52,95.83
ORD-2024-033799,4,PROD-034,4,9.01,33.62
ORD-2024-033799,5,PROD-044,1,40.85,38.19
ORD-2024-033800,1,PROD-003,1,14.37,14.15
ORD-2024-033801,1,PROD-025,1,21.97,18.15
ORD-2024-033802,1,PROD-001,1,12.9,11.85
ORD-2024-033803,1,PROD-001,1,12.9,12.37
ORD-2024-033804,1,PROD-002,2,11.9,22.91
ORD-2024-033804,2,PROD-040,2,15.21,25.14
ORD-2024-033805,1,PROD-001,1,12.9,12.7
ORD-2024-033806,1,PROD-006,1,32.39,27.15
ORD-2024-033806,2,PROD-026,1,14.65,13.22
ORD-2024-033807,1,PROD-039,1,8.17,7.41
ORD-2024-033808,1,PROD-002,1,11.9,11.41
ORD-2024-033809,1,PROD-030,2,49.3,61.79
ORD-2024-033810,1,PROD-024,1,8.73,4.21
ORD-2024-033811,1,PROD-008,1,9.9,9.7
ORD-2024-033812,1,PROD-013,1,11.9,11.26
ORD-2024-033813,1,PROD-038,1,7.89,7.39
ORD-2024-033813,2,PROD-002,2,11.9,19.88
ORD-2024-033813,3,PROD-004,1,20.28,14.2
ORD-2024-033814,1,PROD-044,1,40.85,38.44
ORD-2024-033814,2,PROD-016,2,8.9,17.46
ORD-2024-033815,1,PROD-020,1,10.14,9.63
ORD-2024-033816,1,PROD-001,3,12.9,37.06
ORD-2024-033816,2,PROD-006,1,32.39,32.24
ORD-2024-033817,1,PROD-020,2,10.14,12.26
ORD-2024-033818,1,PROD-008,2,9.9,17.09
ORD-2024-033819,1,PROD-038,2,7.89,14.67
ORD-2024-033819,2,PROD-004,1,20.28,19.79
ORD-2024-033820,1,PROD-008,1,9.9,8.21
ORD-2024-033821,1,PROD-040,1,15.21,14.47
ORD-2024-033821,2,PROD-010,3,38.03,111.74
ORD-2024-033821,3,PROD-006,2,32.39,62.98
ORD-2024-033822,1,PROD-001,1,12.9,12.73
ORD-2024-033823,1,PROD-005,1,20.28,19.7
ORD-2024-033824,1,PROD-002,1,11.9,11.59
ORD-2024-033825,1,PROD-016,1,8.9,8.55
ORD-2024-033825,2,PROD-034,1,9.01,7.57
ORD-2024-033826,1,PROD-004,1,20.28,17.28
ORD-2024-033826,2,PROD-005,1,20.28,19.76
ORD-2024-033827,1,PROD-006,2,32.39,60.19
ORD-2024-033828,1,PROD-027,2,21.13,39.03
ORD-2024-033828,2,PROD-026,1,14.65,14.43
ORD-2024-033829,1,PROD-024,2,8.73,14.86
ORD-2024-033829,2,PROD-001,3,12.9,26.34
ORD-2024-033829,3,PROD-002,1,11.9,9.48
ORD-2024-033830,1,PROD-003,2,14.37,26.39
ORD-2024-033831,1,PROD-024,1,8.73,6.33
ORD-2024-033831,2,PROD-049,1,80.28,77.64
ORD-2024-033832,1,PROD-011,2,14.9,28.35
ORD-2024-033833,1,PROD-011,1,14.9,14.24
ORD-2024-033834,1,PROD-032,2,19.72,34.55
ORD-2024-033835,1,PROD-011,1,14.9,10.06
ORD-2024-033835,2,PROD-032,2,19.72,35.66
ORD-2024-033836,1,PROD-036,1,11.55,10.68
ORD-2024-033837,1,PROD-004,3,20.28,48.99
ORD-2024-033838,1,PROD-007,1,17.18,14.52
ORD-2024-033839,1,PROD-040,2,15.21,27.81
ORD-2024-033840,1,PROD-008,1,9.9,9.45
ORD-2024-033840,2,PROD-004,2,20.28,39.12
ORD-2024-033841,1,PROD-004,1,20.28,19.4
ORD-2024-033842,1,PROD-016,1,8.9,8.27
ORD-2024-033842,2,PROD-047,1,108.45,88.94
ORD-2024-033843,1,PROD-007,1,17.18,16.14
ORD-2024-033844,1,PROD-028,1,17.18,15.12
ORD-2024-033845,1,PROD-001,1,12.9,10.74
ORD-2024-033845,2,PROD-044,1,40.85,39.4
ORD-2024-033845,3,PROD-008,1,9.9,9.01
ORD-2024-033846,1,PROD-029,1,24.79,19.81
ORD-2024-033847,1,PROD-003,1,14.37,13.49
ORD-2024-033848,1,PROD-023,1,7.89,5.29
ORD-2024-033849,1,PROD-004,2,20.28,33.43
ORD-2024-033850,1,PROD-040,2,15.21,28.27
ORD-2024-033850,2,PROD-005,1,20.28,17.32
ORD-2024-033850,3,PROD-006,2,32.39,60.14
ORD-2024-033851,1,PROD-040,3,15.21,38.46
ORD-2024-033851,2,PROD-003,1,14.37,14.05
ORD-2024-033851,3,PROD-005,1,20.28,19.37
ORD-2024-033852,1,PROD-006,1,32.39,31.35
ORD-2024-033852,2,PROD-005,2,20.28,38.56
ORD-2024-033853,1,PROD-023,2,7.89,12.98
ORD-2024-033853,2,PROD-005,3,20.28,44.91
ORD-2024-033854,1,PROD-005,2,20.28,38.99
ORD-2024-033855,1,PROD-025,1,21.97,20.27
ORD-2024-033856,1,PROD-010,2,38.03,73.11
ORD-2024-033856,2,PROD-047,1,108.45,101.79
ORD-2024-033857,1,PROD-040,3,15.21,44.67
ORD-2024-033858,1,PROD-005,2,20.28,34.68
ORD-2024-033858,2,PROD-032,2,19.72,38.23
ORD-2024-033859,1,PROD-023,1,7.89,7.46
ORD-2024-033860,1,PROD-052,1,46.48,43.36
ORD-2024-033860,2,PROD-051,1,36.06,34.27
ORD-2024-033861,1,PROD-019,2,29.58,55.89
ORD-2024-033862,1,PROD-025,2,21.97,31.02
ORD-2024-033863,1,PROD-033,2,52.11,100.88
ORD-2024-033863,2,PROD-035,1,10.14,10.03
ORD-2024-033864,1,PROD-030,1,49.3,46.27
ORD-2024-033864,2,PROD-001,2,12.9,22.51
ORD-2024-033864,3,PROD-008,1,9.9,9.2
ORD-2024-033865,1,PROD-005,1,20.28,18.77
ORD-2024-033865,2,PROD-004,1,20.28,
ORD-2024-033866,1,PROD-003,1,14.37,13.45
ORD-2024-033867,1,PROD-022,1,9.01,8.63
ORD-2024-033868,1,PROD-034,1,9.01,8.27
ORD-2024-033869,1,PROD-004,1,20.28,18.11
ORD-2024-033869,2,PROD-034,1,9.01,8.35
ORD-2024-033869,3,PROD-058,1,39.44,36.65
ORD-2024-033870,1,PROD-006,2,32.39,64.29
ORD-2024-033870,2,PROD-032,2,19.72,37.29
ORD-2024-033871,1,PROD-016,1,8.9,7.24
ORD-2024-033872,1,PROD-019,2,29.58,56.2
ORD-2024-033872,2,PROD-022,1,9.01,7.77
ORD-2024-033872,3,PROD-005,1,20.28,18.26
ORD-2024-033873,1,PROD-003,2,14.37,27.83
ORD-2024-033874,1,PROD-003,2,14.37,27.94
ORD-2024-033875,1,PROD-001,1,12.9,11.53
ORD-2024-033875,2,PROD-006,1,32.39,18.3
ORD-2024-033876,1,PROD-001,1,12.9,12.74
ORD-2024-033877,1,PROD-002,1,11.9,11.62
ORD-2024-033878,1,PROD-006,3,32.39,94.74
ORD-2024-033878,2,PROD-044,1,40.85,37.44
ORD-2024-033878,3,PROD-034,1,9.01,8.71
ORD-2024-033879,1,PROD-046,1,259.15,251.01
ORD-2024-033879,2,PROD-017,2,12.5,21.95
ORD-2024-033880,1,PROD-004,2,20.28,40.32
ORD-2024-033881,1,PROD-014,1,9.9,9.63
ORD-2024-033882,1,PROD-008,1,9.9,5.45
ORD-2024-033882,2,PROD-015,1,26.76,17.19
ORD-2024-033882,3,PROD-021,1,15.49,14.02
ORD-2024-033883,1,PROD-004,2,20.28,39.93
ORD-2024-033884,1,PROD-022,2,9.01,13.99
ORD-2024-033885,1,PROD-040,4,15.21,47.75
ORD-2024-033886,1,PROD-030,1,49.3,45.0
ORD-2024-033886,2,PROD-026,1,14.65,14.13
ORD-2024-033887,1,PROD-026,2,14.65,27.88
ORD-2024-033887,2,PROD-004,1,20.28,19.92
ORD-2024-033887,3,PROD-010,1,38.03,37.44
ORD-2024-033888,1,PROD-021,1,15.49,14.0
ORD-2024-033889,1,PROD-032,2,19.72,37.87
ORD-2024-033889,2,PROD-038,1,7.89,7.26
ORD-2024-033889,3,PROD-017,1,12.5,11.2
ORD-2024-033890,1,PROD-007,2,17.18,31.88
ORD-2024-033890,2,PROD-005,1,20.28,16.45
ORD-2024-033891,1,PROD-017,1,12.5,12.43
ORD-2024-033891,2,PROD-035,1,10.14,9.47
ORD-2024-033891,3,PROD-023,1,7.89,7.47
ORD-2024-033892,1,PROD-004,1,20.28,17.71
ORD-2024-033892,2,PROD-003,2,14.37,14.76
ORD-2024-033893,1,PROD-004,1,20.28,20.04
ORD-2024-033894,1,PROD-001,2,12.9,24.9
ORD-2024-033895,1,PROD-005,2,20.28,29.69
ORD-2024-033896,1,PROD-035,1,10.14,9.25
ORD-2024-033897,1,PROD-035,1,10.14,8.44
ORD-2024-033897,2,PROD-004,2,20.28,32.2
ORD-2024-033898,1,PROD-001,2,12.9,24.84
ORD-2024-033899,1,PROD-038,1,7.89,3.61
ORD-2024-033899,2,PROD-012,1,18.5,12.69
ORD-2024-033899,3,PROD-053,1,53.52,24.37
ORD-2024-033900,1,PROD-027,1,21.13,15.98
ORD-2024-033900,2,PROD-007,3,17.18,45.16
ORD-2024-033900,3,PROD-037,1,9.86,8.04
ORD-2024-033901,1,PROD-008,3,9.9,24.49
ORD-2024-033902,1,PROD-003,2,14.37,28.31
ORD-2024-033903,1,PROD-001,1,12.9,10.28
ORD-2024-033903,2,PROD-021,1,15.49,11.81
ORD-2024-033904,1,PROD-022,1,9.01,6.97
ORD-2024-033905,1,PROD-035,4,10.14,21.07
ORD-2024-033906,1,PROD-040,1,15.21,14.39
ORD-2024-033907,1,PROD-023,1,7.89,7.55
ORD-2024-033907,2,PROD-002,1,11.9,10.77
ORD-2024-033908,1,PROD-040,1,15.21,14.29
ORD-2024-033909,1,PROD-001,1,12.9,11.86
ORD-2024-033910,1,PROD-024,1,8.73,7.86
ORD-2024-033910,2,PROD-006,2,32.39,56.81
ORD-2024-033911,1,PROD-002,1,11.9,11.1
ORD-2024-033912,1,PROD-007,1,17.18,16.53
ORD-2024-033912,2,PROD-030,2,49.3,96.84
ORD-2024-033912,3,PROD-039,3,8.17,23.77
ORD-2024-033913,1,PROD-004,1,20.28,18.44
ORD-2024-033914,1,PROD-004,3,20.28,37.43
ORD-2024-033915,1,PROD-041,2,11.83,22.81
ORD-2024-033915,2,PROD-031,1,53.52,50.95
ORD-2024-033916,1,PROD-002,1,11.9,11.53
ORD-2024-033916,2,PROD-005,2,20.28,38.03
ORD-2024-033917,1,PROD-001,1,12.9,9.28
ORD-2024-033917,2,PROD-045,1,72.68,68.03
ORD-2024-033917,3,PROD-004,1,20.28,18.41
ORD-2024-033917,4,PROD-014,1,9.9,8.91
ORD-2024-033918,1,PROD-002,1,11.9,11.75
ORD-2024-033919,1,PROD-035,1,10.14,9.34
ORD-2024-033919,2,PROD-001,1,12.9,11.32
ORD-2024-033920,1,PROD-019,2,29.58,55.55
ORD-2024-033920,2,PROD-003,2,14.37,23.36
ORD-2024-033921,1,PROD-003,1,14.37,13.91
ORD-2024-033921,2,PROD-005,2,20.28,33.91
ORD-2024-033921,3,PROD-032,2,19.72,32.81
ORD-2024-033922,1,PROD-011,1,14.9,13.65
ORD-2024-033923,1,PROD-008,1,9.9,9.68
ORD-2024-033924,1,PROD-032,1,19.72,15.6
ORD-2024-033924,2,PROD-058,1,39.44,29.38
ORD-2024-033925,1,PROD-010,1,38.03,34.85
ORD-2024-033926,1,PROD-014,1,9.9,5.42
ORD-2024-033926,2,PROD-024,1,8.73,7.29
ORD-2024-033927,1,PROD-051,2,36.06,44.89
ORD-2024-033928,1,PROD-011,2,14.9,28.46
ORD-2024-033928,2,PROD-003,1,14.37,12.68
ORD-2024-033929,1,PROD-044,1,40.85,37.26
ORD-2024-033930,1,PROD-002,1,11.9,10.15
ORD-2024-033930,2,PROD-003,1,14.37,10.74
ORD-2024-033930,3,PROD-040,3,15.21,35.29
ORD-2024-033931,1,PROD-022,2,9.01,16.06
ORD-2024-033932,1,PROD-025,1,21.97,18.32
ORD-2024-033933,1,PROD-014,1,9.9,9.67
ORD-2024-033933,2,PROD-005,1,20.28,19.35
ORD-2024-033934,1,PROD-012,2,18.5,36.39
ORD-2024-033934,2,PROD-011,3,14.9,43.54
ORD-2024-033935,1,PROD-033,2,52.11,95.46
ORD-2024-033935,2,PROD-035,1,10.14,9.63
ORD-2024-033935,3,PROD-005,1,20.28,19.38
ORD-2024-033936,1,PROD-038,1,7.89,7.09
ORD-2024-033937,1,PROD-051,1,36.06,24.96
ORD-2024-033938,1,PROD-015,2,26.76,47.75
ORD-2024-033938,2,PROD-026,2,14.65,21.83
ORD-2024-033939,1,PROD-003,1,14.37,13.93
ORD-2024-033939,2,PROD-006,1,32.39,30.66
ORD-2024-033939,3,PROD-034,3,9.01,26.88
ORD-2024-033940,1,PROD-030,1,49.3,34.09
ORD-2024-033941,1,PROD-005,3,20.28,60.26
ORD-2024-033941,2,PROD-015,1,26.76,26.19
ORD-2024-033942,1,PROD-004,2,20.28,38.35
ORD-2024-033943,1,PROD-002,1,11.9,10.35
ORD-2024-033944,1,PROD-004,1,20.28,20.17
ORD-2024-033945,1,PROD-014,1,9.9,8.62
ORD-2024-033946,1,PROD-004,1,20.28,18.7
ORD-2024-033947,1,PROD-002,2,11.9,23.14
ORD-2024-033948,1,PROD-004,2,20.28,19.97
ORD-2024-033948,2,PROD-052,2,46.48,48.53
ORD-2024-033948,3,PROD-041,1,11.83,9.63
ORD-2024-033949,1,PROD-053,1,53.52,44.37
ORD-2024-033950,1,PROD-004,1,20.28,19.18
ORD-2024-033951,1,PROD-041,1,11.83,10.68
ORD-2024-033952,1,PROD-034,2,9.01,13.84
ORD-2024-033953,1,PROD-011,3,14.9,41.39
ORD-2024-033953,2,PROD-033,2,52.11,100.27
ORD-2024-033954,1,PROD-005,1,20.28,16.8
ORD-2024-033954,2,PROD-001,1,12.9,12.77
ORD-2024-033955,1,PROD-001,1,12.9,12.14
ORD-2024-033956,1,PROD-005,2,20.28,39.31
ORD-2024-033956,2,PROD-008,1,9.9,9.59
ORD-2024-033956,3,PROD-025,1,21.97,20.7
ORD-2024-033957,1,PROD-013,2,11.9,22.81
ORD-2024-033958,1,PROD-046,1,259.15,242.67
ORD-2024-033958,2,PROD-032,3,19.72,51.2
ORD-2024-033959,1,PROD-052,2,46.48,79.08
ORD-2024-033959,2,PROD-001,1,12.9,5.8
ORD-2024-033959,3,PROD-027,1,21.13,20.44
ORD-2024-033960,1,PROD-008,1,9.9,8.41
ORD-2024-033960,2,PROD-037,2,9.86,15.64
ORD-2024-033961,1,PROD-002,2,11.9,20.12
ORD-2024-033962,1,PROD-035,1,10.14,9.58
ORD-2024-033963,1,PROD-053,1,53.52,51.67
ORD-2024-033963,2,PROD-003,1,14.37,9.41
ORD-2024-033964,1,PROD-003,3,14.37,37.67
ORD-2024-033965,1,PROD-002,1,11.9,9.93
ORD-2024-033966,1,PROD-007,1,17.18,15.86
ORD-2024-033967,1,PROD-003,1,14.37,13.84
ORD-2024-033968,1,PROD-027,1,21.13,16.75
ORD-2024-033969,1,PROD-016,1,8.9,6.35
ORD-2024-033969,2,PROD-006,1,32.39,28.66
ORD-2024-033970,1,PROD-017,1,12.5,11.21
ORD-2024-033970,2,PROD-013,1,11.9,10.48
ORD-2024-033971,1,PROD-035,2,10.14,17.98
ORD-2024-033972,1,PROD-002,1,11.9,11.54
ORD-2024-033973,1,PROD-006,1,32.39,25.63
ORD-2024-033973,2,PROD-027,1,21.13,12.26
ORD-2024-033974,1,PROD-047,1,108.45,89.56
ORD-2024-033975,1,PROD-027,1,21.13,20.11
ORD-2024-033975,2,PROD-006,2,32.39,55.84
ORD-2024-033976,1,PROD-047,1,108.45,95.73
ORD-2024-033977,1,PROD-011,1,14.9,13.75
ORD-2024-033978,1,PROD-008,1,9.9,9.54
ORD-2024-033979,1,PROD-004,2,20.28,37.25
ORD-2024-033979,2,PROD-008,1,9.9,9.31
ORD-2024-033979,3,PROD-049,1,80.28,76.96
ORD-2024-033980,1,PROD-038,1,7.89,7.69
ORD-2024-033980,2,PROD-007,3,17.18,50.22
ORD-2024-033980,3,PROD-021,1,15.49,15.07
ORD-2024-033981,1,PROD-001,3,12.9,37.55
ORD-2024-033982,1,PROD-003,2,14.37,27.9
ORD-2024-033983,1,PROD-004,1,20.28,19.61
ORD-2024-033984,1,PROD-010,1,38.03,37.28
ORD-2024-033984,2,PROD-035,1,10.14,9.27
ORD-2024-033984,3,PROD-021,1,15.49,13.75
ORD-2024-033985,1,PROD-032,1,19.72,18.9
ORD-2024-033985,2,PROD-002,1,11.9,11.51
ORD-2024-033985,3,PROD-012,1,18.5,17.93
ORD-2024-033986,1,PROD-038,3,7.89,21.77
ORD-2024-033986,2,PROD-001,1,12.9,12.4
ORD-2024-033987,1,PROD-024,1,8.73,7.02
ORD-2024-033987,2,PROD-028,2,17.18,31.25
ORD-2024-033987,3,PROD-020,1,10.14,7.34
ORD-2024-033987,4,PROD-049,1,80.28,73.66
ORD-2024-033988,1,PROD-041,4,11.83,43.44
ORD-2024-033989,1,PROD-041,2,11.83,23.11
ORD-2024-033990,1,PROD-006,1,32.39,25.51
ORD-2024-033990,2,PROD-041,1,11.83,9.06
ORD-2024-033991,1,PROD-021,1,15.49,15.11
ORD-2024-033992,1,PROD-034,1,9.01,8.92
ORD-2024-033993,1,PROD-036,1,11.55,8.6
ORD-2024-033993,2,PROD-008,2,9.9,18.25
ORD-2024-033994,1,PROD-024,1,8.73,7.05
ORD-2024-033995,1,PROD-004,1,20.28,17.13
ORD-2024-033996,1,PROD-032,1,19.72,18.86
ORD-2024-033996,2,PROD-036,3,11.55,34.53
ORD-2024-033996,3,PROD-005,2,20.28,40.43
ORD-2024-033996,4,PROD-002,1,11.9,11.54
ORD-2024-033997,1,PROD-007,1,17.18,16.12
ORD-2024-033998,1,PROD-032,1,19.72,18.86
ORD-2024-033998,2,PROD-004,2,20.28,38.45
ORD-2024-033998,3,PROD-027,1,21.13,19.8
ORD-2024-033999,1,PROD-001,1,12.9,12.45
ORD-2024-034000,1,PROD-042,1,73.24,57.07
ORD-2024-034001,1,PROD-005,2,20.28,36.75
ORD-2024-034001,2,PROD-020,2,10.14,17.72
ORD-2024-034002,1,PROD-032,2,19.72,36.32
ORD-2024-034003,1,PROD-004,1,20.28,17.18
ORD-2024-034004,1,PROD-038,1,7.89,6.47
ORD-2024-034005,1,PROD-036,2,11.55,21.77
ORD-2024-034006,1,PROD-032,1,19.72,18.99
ORD-2024-034007,1,PROD-006,1,32.39,30.14
ORD-2024-034007,2,PROD-019,1,29.58,28.38
ORD-2024-034007,3,PROD-002,1,11.9,10.57
ORD-2024-034008,1,PROD-035,2,10.14,18.41
ORD-2024-034008,2,PROD-001,2,12.9,22.97
ORD-2024-034008,3,PROD-003,3,14.37,40.84
ORD-2024-034008,4,PROD-006,1,32.39,30.5
ORD-2024-034009,1,PROD-001,1,12.9,11.06
ORD-2024-034010,1,PROD-025,2,21.97,39.69
ORD-2024-034011,1,PROD-010,1,38.03,27.35
ORD-2024-034011,2,PROD-007,1,17.18,16.18
ORD-2024-034012,1,PROD-007,1,17.18,15.26
ORD-2024-034013,1,PROD-029,1,24.79,22.43
ORD-2024-034013,2,PROD-004,2,20.28,35.39
ORD-2024-034013,3,PROD-014,2,9.9,18.64
ORD-2024-034014,1,PROD-056,1,101.41,79.87
ORD-2024-034015,1,PROD-004,1,20.28,19.19
ORD-2024-034015,2,PROD-001,1,12.9,12.57
ORD-2024-034015,3,PROD-044,1,40.85,39.23
ORD-2024-034016,1,PROD-003,1,14.37,12.09
ORD-2024-034016,2,PROD-004,2,20.28,33.26
ORD-2024-034016,3,PROD-007,1,17.18,10.73
ORD-2024-034017,1,PROD-006,2,32.39,63.16
ORD-2024-034018,1,PROD-008,2,9.9,13.13
ORD-2024-034018,2,PROD-039,1,8.17,7.86
ORD-2024-034019,1,PROD-004,3,20.28,56.93
ORD-2024-034019,2,PROD-034,2,9.01,17.62
ORD-2024-034020,1,PROD-017,3,12.5,29.96
ORD-2024-034021,1,PROD-002,1,11.9,8.69
ORD-2024-034022,1,PROD-004,3,20.28,48.02
ORD-2024-034023,1,PROD-035,2,10.14,11.35
ORD-2024-034024,1,PROD-048,1,55.77,47.88
ORD-2024-034025,1,PROD-004,2,20.28,40.44
ORD-2024-034025,2,PROD-053,1,53.52,51.09
ORD-2024-034026,1,PROD-007,3,17.18,36.94
ORD-2024-034027,1,PROD-037,1,9.86,9.28
ORD-2024-034028,1,PROD-046,1,259.15,250.83
ORD-2024-034029,1,PROD-007,1,17.18,17.04
ORD-2024-034030,1,PROD-033,1,52.11,48.7
ORD-2024-034030,2,PROD-002,2,11.9,21.52
ORD-2024-034031,1,PROD-033,1,52.11,51.31
ORD-2024-034032,1,PROD-036,1,11.55,10.49
ORD-2024-034033,1,PROD-010,2,38.03,70.29
ORD-2024-034034,1,PROD-053,1,53.52,53.08
ORD-2024-034034,2,PROD-007,3,17.18,48.6
ORD-2024-034034,3,PROD-005,1,20.28,20.23
ORD-2024-034035,1,PROD-004,3,20.28,56.02
ORD-2024-034036,1,PROD-014,1,9.9,8.92
ORD-2024-034037,1,PROD-003,1,14.37,12.93
ORD-2024-034037,2,PROD-019,2,29.58,56.48
ORD-2024-034037,3,PROD-013,2,11.9,20.79
ORD-2024-034038,1,PROD-030,1,49.3,37.26
ORD-2024-034038,2,PROD-010,1,38.03,35.62
ORD-2024-034039,1,PROD-003,1,14.37,13.04
ORD-2024-034039,2,PROD-038,1,7.89,6.11
ORD-2024-034039,3,PROD-035,2,10.14,14.77
ORD-2024-034040,1,PROD-006,2,32.39,56.0
ORD-2024-034041,1,PROD-044,1,40.85,40.52
ORD-2024-034042,1,PROD-001,1,12.9,12.75
ORD-2024-034043,1,PROD-044,2,40.85,62.39
ORD-2024-034044,1,PROD-034,1,9.01,7.72
ORD-2024-034045,1,PROD-032,1,19.72,18.67
ORD-2024-034046,1,PROD-013,2,11.9,21.65
ORD-2024-034047,1,PROD-001,1,12.9,12.7
ORD-2024-034047,2,PROD-034,2,9.01,17.58
ORD-2024-034048,1,PROD-012,3,18.5,50.58
ORD-2024-034048,2,PROD-051,1,36.06,35.37
ORD-2024-034048,3,PROD-010,3,38.03,97.8
ORD-2024-034049,1,PROD-004,1,20.28,18.74
ORD-2024-034049,2,PROD-035,1,10.14,9.59
ORD-2024-034050,1,PROD-041,2,11.83,13.42
ORD-2024-034051,1,PROD-021,1,15.49,14.65
ORD-2024-034052,1,PROD-008,1,9.9,9.57
ORD-2024-034053,1,PROD-004,1,20.28,18.86
ORD-2024-034053,2,PROD-020,1,10.14,8.62
ORD-2024-034053,3,PROD-041,3,11.83,27.29
ORD-2024-034054,1,PROD-001,1,12.9,11.29
ORD-2024-034055,1,PROD-002,2,11.9,19.67
ORD-2024-034055,2,PROD-016,1,8.9,8.0
ORD-2024-034055,3,PROD-024,2,8.73,16.0
ORD-2024-034055,4,PROD-041,2,11.83,21.64
ORD-2024-034056,1,PROD-041,1,11.83,11.33
ORD-2024-034056,2,PROD-003,2,14.37,27.86
ORD-2024-034057,1,PROD-012,1,18.5,18.19
ORD-2024-034057,2,PROD-022,2,9.01,16.2
ORD-2024-034058,1,PROD-004,2,20.28,39.17
ORD-2024-034059,1,PROD-021,1,15.49,14.7
ORD-2024-034059,2,PROD-001,1,12.9,11.89
ORD-2024-034060,1,PROD-014,1,9.9,8.11
ORD-2024-034061,1,PROD-035,2,10.14,17.1
ORD-2024-034061,2,PROD-020,1,10.14,9.64
ORD-2024-034062,1,PROD-005,1,20.28,19.51
ORD-2024-034063,1,PROD-005,1,20.28,19.9
ORD-2024-034063,2,PROD-002,1,11.9,10.83
ORD-2024-034063,3,PROD-010,2,38.03,75.25
ORD-2024-034064,1,PROD-042,2,73.24,143.54
ORD-2024-034064,2,PROD-001,2,12.9,25.36
ORD-2024-034065,1,PROD-047,1,108.45,105.0
ORD-2024-034066,1,PROD-008,2,9.9,18.43
ORD-2024-034067,1,PROD-002,1,11.9,10.76
ORD-2024-034068,1,PROD-046,1,259.15,225.31
ORD-2024-034069,1,PROD-006,3,32.39,79.42
ORD-2024-034069,2,PROD-029,1,24.79,21.33
ORD-2024-034069,3,PROD-041,1,11.83,9.39
ORD-2024-034070,1,PROD-004,1,20.28,19.22
ORD-2024-034071,1,PROD-032,1,19.72,19.3
ORD-2024-034071,2,PROD-035,4,10.14,39.24
ORD-2024-034072,1,PROD-022,2,9.01,16.83
ORD-2024-034073,1,PROD-016,1,8.9,8.52
ORD-2024-034074,1,PROD-006,1,32.39,31.7
ORD-2024-034074,2,PROD-010,1,38.03,32.9
ORD-2024-034075,1,PROD-031,1,53.52,51.6
ORD-2024-034076,1,PROD-017,1,12.5,12.03
ORD-2024-034076,2,PROD-041,4,11.83,35.64
ORD-2024-034077,1,PROD-001,1,12.9,12.51
ORD-2024-034077,2,PROD-013,1,11.9,11.04
ORD-2024-034078,1,PROD-034,2,9.01,
ORD-2024-034079,1,PROD-007,1,17.18,15.87
ORD-2024-034079,2,PROD-023,1,7.89,7.21
ORD-2024-034079,3,PROD-035,1,10.14,9.36
ORD-2024-034080,1,PROD-020,2,10.14,12.02
ORD-2024-034081,1,PROD-004,1,20.28,17.0
ORD-2024-034081,2,PROD-036,3,11.55,33.92
ORD-2024-034082,1,PROD-006,1,32.39,27.46
ORD-2024-034083,1,PROD-004,1,20.28,19.73
ORD-2024-034083,2,PROD-051,1,36.06,35.18
ORD-2024-034084,1,PROD-002,1,11.9,10.69
ORD-2024-034085,1,PROD-056,1,101.41,85.06
ORD-2024-034085,2,PROD-024,2,8.73,16.53
ORD-2024-034086,1,PROD-001,1,12.9,12.28
ORD-2024-034086,2,PROD-036,2,11.55,21.24
ORD-2024-034087,1,PROD-040,1,15.21,13.56
ORD-2024-034087,2,PROD-005,1,20.28,16.45
ORD-2024-034088,1,PROD-001,1,12.9,12.73
ORD-2024-034089,1,PROD-002,1,11.9,9.15
ORD-2024-034089,2,PROD-003,1,14.37,14.16
ORD-2024-034089,3,PROD-010,1,38.03,36.12
ORD-2024-034090,1,PROD-005,1,20.28,14.11
ORD-2024-034091,1,PROD-001,2,12.9,23.69
ORD-2024-034091,2,PROD-037,1,9.86,9.5
ORD-2024-034092,1,PROD-020,1,10.14,9.77
ORD-2024-034093,1,PROD-029,1,24.79,17.87
ORD-2024-034093,2,PROD-039,3,8.17,21.9
ORD-2024-034094,1,PROD-037,1,9.86,8.83
ORD-2024-034095,1,PROD-028,1,17.18,16.69
ORD-2024-034095,2,PROD-027,1,21.13,20.28
ORD-2024-034096,1,PROD-034,1,9.01,6.52
ORD-2024-034097,1,PROD-052,1,46.48,45.3
ORD-2024-034098,1,PROD-041,1,11.83,10.42
ORD-2024-034098,2,PROD-014,1,9.9,8.79
ORD-2024-034099,1,PROD-005,2,20.28,39.45
ORD-2024-034099,2,PROD-006,1,32.39,26.64
ORD-2024-034099,3,PROD-001,2,12.9,23.2
ORD-2024-034100,1,PROD-007,3,17.18,45.07
ORD-2024-034100,2,PROD-044,1,40.85,38.08
ORD-2024-034101,1,PROD-001,2,12.9,25.17
ORD-2024-034101,2,PROD-007,1,17.18,16.69
ORD-2024-034101,3,PROD-005,2,20.28,39.94
ORD-2024-034102,1,PROD-002,1,11.9,10.76
ORD-2024-034103,1,PROD-006,1,32.39,32.32
ORD-2024-034103,2,PROD-035,1,10.14,9.43
ORD-2024-034104,1,PROD-008,2,9.9,18.44
ORD-2024-034105,1,PROD-006,3,32.39,95.56
ORD-2024-034106,1,PROD-011,1,14.9,13.56
ORD-2024-034107,1,PROD-001,1,12.9,12.56
ORD-2024-034108,1,PROD-010,2,38.03,54.62
ORD-2024-034108,2,PROD-014,1,9.9,8.68
ORD-2024-034108,3,PROD-026,1,14.65,13.1
ORD-2024-034108,4,PROD-017,2,12.5,21.88
ORD-2024-034109,1,PROD-011,1,14.9,11.16
ORD-2024-034109,2,PROD-003,1,14.37,10.34
ORD-2024-034109,3,PROD-031,1,53.52,38.2
ORD-2024-034109,4,PROD-039,1,8.17,6.03
ORD-2024-034109,5,PROD-024,1,8.73,7.05
ORD-2024-034110,1,PROD-014,1,9.9,9.28
ORD-2024-034111,1,PROD-019,2,29.58,55.23
ORD-2024-034112,1,PROD-002,3,11.9,34.95
ORD-2024-034113,1,PROD-001,1,12.9,11.71
ORD-2024-034113,2,PROD-026,1,14.65,12.85
ORD-2024-034114,1,PROD-023,1,7.89,7.33
ORD-2024-034114,2,PROD-004,2,20.28,36.22
ORD-2024-034115,1,PROD-027,1,21.13,16.05
ORD-2024-034115,2,PROD-004,3,20.28,59.43
ORD-2024-034115,3,PROD-001,1,12.9,11.96
ORD-2024-034116,1,PROD-052,1,46.48,45.9
ORD-2024-034117,1,PROD-011,2,14.9,25.05
ORD-2024-034118,1,PROD-001,1,12.9,12.0
ORD-2024-034118,2,PROD-008,1,9.9,9.47
ORD-2024-034119,1,PROD-001,2,12.9,24.37
ORD-2024-034120,1,PROD-005,1,20.28,13.42
ORD-2024-034121,1,PROD-023,2,7.89,15.53
ORD-2024-034121,2,PROD-001,2,12.9,22.57
ORD-2024-034122,1,PROD-001,1,12.9,8.53
ORD-2024-034123,1,PROD-051,1,36.06,32.21
ORD-2024-034123,2,PROD-002,1,11.9,11.37
ORD-2024-034124,1,PROD-034,1,9.01,7.72
ORD-2024-034125,1,PROD-031,1,53.52,44.6
ORD-2024-034126,1,PROD-004,2,20.28,38.84
ORD-2024-034126,2,PROD-005,2,20.28,38.88
ORD-2024-034126,3,PROD-002,2,11.9,22.76
ORD-2024-034127,1,PROD-029,2,24.79,47.08
ORD-2024-034127,2,PROD-028,1,17.18,16.85
ORD-2024-034128,1,PROD-040,1,15.21,14.84
ORD-2024-034128,2,PROD-034,2,9.01,17.43
ORD-2024-034128,3,PROD-005,1,20.28,19.16
ORD-2024-034129,1,PROD-036,2,11.55,19.52
ORD-2024-034130,1,PROD-006,1,32.39,27.58
ORD-2024-034130,2,PROD-010,2,38.03,68.88
ORD-2024-034130,3,PROD-034,1,9.01,8.12
ORD-2024-034131,1,PROD-002,1,11.9,10.7
ORD-2024-034131,2,PROD-001,1,12.9,10.93
ORD-2024-034131,3,PROD-006,1,32.39,29.8
ORD-2024-034132,1,PROD-004,1,20.28,17.7
ORD-2024-034132,2,PROD-022,1,9.01,8.14
ORD-2024-034132,3,PROD-006,1,32.39,29.92
ORD-2024-034133,1,PROD-038,1,7.89,6.73
ORD-2024-034134,1,PROD-035,1,10.14,9.47
ORD-2024-034135,1,PROD-001,2,12.9,19.2
ORD-2024-034136,1,PROD-034,2,9.01,16.9
ORD-2024-034137,1,PROD-005,2,20.28,26.0
ORD-2024-034137,2,PROD-012,2,18.5,36.12
ORD-2024-034137,3,PROD-014,2,9.9,19.4
ORD-2024-034137,4,PROD-004,2,20.28,37.98
ORD-2024-034138,1,PROD-035,1,10.14,9.66
ORD-2024-034139,1,PROD-002,1,11.9,11.38
ORD-2024-034139,2,PROD-042,2,73.24,130.79
ORD-2024-034139,3,PROD-006,1,32.39,31.92
ORD-2024-034139,4,PROD-051,1,36.06,27.13
ORD-2024-034140,1,PROD-001,1,12.9,10.37
ORD-2024-034141,1,PROD-029,2,24.79,48.32
ORD-2024-034141,2,PROD-039,3,8.17,23.44
ORD-2024-034141,3,PROD-031,1,53.52,49.97
ORD-2024-034141,4,PROD-005,1,20.28,18.63
ORD-2024-034142,1,PROD-014,1,9.9,8.48
ORD-2024-034143,1,PROD-036,2,11.55,20.73
ORD-2024-034143,2,PROD-051,1,36.06,17.54
ORD-2024-034143,3,PROD-042,2,73.24,117.61
ORD-2024-034144,1,PROD-052,1,46.48,
ORD-2024-034145,1,PROD-010,1,38.03,31.57
ORD-2024-034145,2,PROD-014,2,9.9,16.44
ORD-2024-034146,1,PROD-007,1,17.18,15.41
ORD-2024-034147,1,PROD-004,2,20.28,29.23
ORD-2024-034148,1,PROD-006,1,32.39,31.78
ORD-2024-034149,1,PROD-002,2,11.9,20.03
ORD-2024-034149,2,PROD-001,1,12.9,8.15
ORD-2024-034150,1,PROD-001,3,12.9,36.22
ORD-2024-034151,1,PROD-007,1,17.18,10.93
ORD-2024-034151,2,PROD-042,2,73.24,107.85
ORD-2024-034151,3,PROD-004,2,20.28,31.68
ORD-2024-034152,1,PROD-004,1,20.28,19.5
ORD-2024-034152,2,PROD-034,2,9.01,16.81
ORD-2024-034153,1,PROD-039,3,8.17,22.92
ORD-2024-034154,1,PROD-032,1,19.72,16.15
ORD-2024-034154,2,PROD-041,3,11.83,30.51
ORD-2024-034154,3,PROD-020,2,10.14,16.97
ORD-2024-034155,1,PROD-003,2,14.37,26.91
ORD-2024-034155,2,PROD-028,1,17.18,14.46
ORD-2024-034156,1,PROD-005,2,20.28,39.11
ORD-2024-034156,2,PROD-022,2,9.01,15.75
ORD-2024-034157,1,PROD-039,1,8.17,8.04
ORD-2024-034157,2,PROD-005,2,20.28,40.03
ORD-2024-034157,3,PROD-004,1,20.28,20.18
ORD-2024-034157,4,PROD-035,2,10.14,20.19
ORD-2024-034158,1,PROD-042,2,73.24,120.32
ORD-2024-034159,1,PROD-019,3,29.58,87.87
ORD-2024-034159,2,PROD-031,1,53.52,50.41
ORD-2024-034160,1,PROD-037,1,9.86,5.35
ORD-2024-034160,2,PROD-040,3,15.21,41.28
ORD-2024-034161,1,PROD-020,2,10.14,17.87
ORD-2024-034161,2,PROD-005,1,20.28,18.9
ORD-2024-034161,3,PROD-034,1,9.01,8.18
ORD-2024-034162,1,PROD-023,1,7.89,7.58
ORD-2024-034163,1,PROD-021,1,15.49,11.49
ORD-2024-034163,2,PROD-001,2,12.9,22.85
ORD-2024-034164,1,PROD-058,1,39.44,30.2
ORD-2024-034165,1,PROD-025,1,21.97,13.45
ORD-2024-034166,1,PROD-022,1,9.01,8.28
ORD-2024-034167,1,PROD-041,1,11.83,9.06
ORD-2024-034167,2,PROD-004,1,20.28,19.86
ORD-2024-034167,3,PROD-008,2,9.9,18.79
ORD-2024-034167,4,PROD-051,1,36.06,33.29
ORD-2024-034167,5,PROD-032,2,19.72,36.69
ORD-2024-034168,1,PROD-019,1,29.58,27.48
ORD-2024-034169,1,PROD-004,2,20.28,32.22
ORD-2024-034169,2,PROD-030,2,49.3,95.43
ORD-2024-034170,1,PROD-013,2,11.9,21.97
ORD-2024-034171,1,PROD-003,1,14.37,12.98
ORD-2024-034171,2,PROD-034,3,9.01,25.32
ORD-2024-034171,3,PROD-008,1,9.9,8.85
ORD-2024-034171,4,PROD-004,3,20.28,56.16
ORD-2024-034171,5,PROD-007,1,17.18,15.63
ORD-2024-034172,1,PROD-029,1,24.79,19.71
ORD-2024-034173,1,PROD-002,1,11.9,10.81
ORD-2024-034174,1,PROD-001,2,12.9,25.09
ORD-2024-034175,1,PROD-001,2,12.9,23.61
ORD-2024-034175,2,PROD-039,3,8.17,22.54
ORD-2024-034175,3,PROD-027,1,21.13,19.89
ORD-2024-034176,1,PROD-026,1,14.65,14.54
ORD-2024-034176,2,PROD-047,2,108.45,216.36
ORD-2024-034177,1,PROD-002,1,11.9,7.73
ORD-2024-034178,1,PROD-038,4,7.89,27.96
ORD-2024-034179,1,PROD-051,1,36.06,35.3
ORD-2024-034179,2,PROD-001,1,12.9,12.26
ORD-2024-034180,1,PROD-034,2,9.01,16.94
ORD-2024-034181,1,PROD-004,1,20.28,19.25
ORD-2024-034182,1,PROD-001,2,12.9,22.05
ORD-2024-034182,2,PROD-002,2,11.9,21.73
ORD-2024-034183,1,PROD-028,2,17.18,23.79
ORD-2024-034183,2,PROD-006,3,32.39,75.97
ORD-2024-034184,1,PROD-039,1,8.17,7.36
ORD-2024-034184,2,PROD-003,1,14.37,12.02
ORD-2024-034185,1,PROD-005,2,20.28,38.3
ORD-2024-034185,2,PROD-047,1,108.45,105.21
ORD-2024-034186,1,PROD-024,1,8.73,8.14
ORD-2024-034186,2,PROD-007,1,17.18,15.56
ORD-2024-034187,1,PROD-001,1,12.9,12.6
ORD-2024-034187,2,PROD-004,1,20.28,18.01
ORD-2024-034188,1,PROD-003,2,14.37,27.32
ORD-2024-034189,1,PROD-042,1,73.24,70.01
ORD-2024-034190,1,PROD-026,2,14.65,27.64
ORD-2024-034191,1,PROD-001,1,12.9,11.96
ORD-2024-034192,1,PROD-038,1,7.89,7.59
ORD-2024-034192,2,PROD-040,2,15.21,27.47
ORD-2024-034193,1,PROD-032,1,19.72,16.22
ORD-2024-034193,2,PROD-006,1,32.39,25.86
ORD-2024-034194,1,PROD-002,1,11.9,10.81
ORD-2024-034195,1,PROD-022,1,9.01,8.62
ORD-2024-034195,2,PROD-032,2,19.72,34.77
ORD-2024-034196,1,PROD-010,1,38.03,29.78
ORD-2024-034197,1,PROD-038,1,7.89,7.32
ORD-2024-034198,1,PROD-035,1,10.14,9.7
ORD-2024-034199,1,PROD-023,1,7.89,7.3
ORD-2024-034199,2,PROD-002,2,11.9,20.02
ORD-2024-034200,1,PROD-002,2,11.9,23.05
ORD-2024-034200,2,PROD-039,1,8.17,8.08
ORD-2024-034201,1,PROD-001,1,12.9,11.68
ORD-2024-034202,1,PROD-020,1,10.14,9.32
ORD-2024-034202,2,PROD-031,1,53.52,49.62
ORD-2024-034203,1,PROD-002,1,11.9,10.51
ORD-2024-034203,2,PROD-056,1,101.41,79.05
ORD-2024-034204,1,PROD-007,1,17.18,16.39
ORD-2024-034204,2,PROD-002,1,11.9,10.86
ORD-2024-034204,3,PROD-012,3,18.5,42.4
ORD-2024-034205,1,PROD-005,1,20.28,18.06
ORD-2024-034206,1,PROD-031,2,53.52,90.04
ORD-2024-034207,1,PROD-028,2,17.18,33.01
ORD-2024-034208,1,PROD-034,1,9.01,7.65
ORD-2024-034209,1,PROD-013,2,11.9,21.81
ORD-2024-034210,1,PROD-010,1,38.03,31.76
ORD-2024-034210,2,PROD-002,1,11.9,11.12
ORD-2024-034210,3,PROD-027,1,21.13,15.84
ORD-2024-034211,1,PROD-038,1,7.89,6.69
ORD-2024-034212,1,PROD-004,1,20.28,19.24
ORD-2024-034212,2,PROD-035,1,10.14,7.98
ORD-2024-034213,1,PROD-004,2,20.28,37.45
ORD-2024-034213,2,PROD-001,1,12.9,11.3
ORD-2024-034213,3,PROD-039,2,8.17,10.38
ORD-2024-034213,4,PROD-035,3,10.14,29.27
ORD-2024-034214,1,PROD-001,3,12.9,36.97
ORD-2024-034214,2,PROD-039,1,8.17,7.49
ORD-2024-034215,1,PROD-011,1,14.9,7.1
ORD-2024-034215,2,PROD-006,1,32.39,28.83
ORD-2024-034216,1,PROD-001,1,12.9,10.15
ORD-2024-034217,1,PROD-004,1,20.28,19.25
ORD-2024-034218,1,PROD-007,3,17.18,48.49
ORD-2024-034218,2,PROD-034,2,9.01,17.51
ORD-2024-034219,1,PROD-036,2,11.55,22.76
ORD-2024-034220,1,PROD-005,1,20.28,19.38
ORD-2024-034221,1,PROD-036,3,11.55,30.29
ORD-2024-034222,1,PROD-002,2,11.9,22.46
ORD-2024-034223,1,PROD-045,1,72.68,68.33
ORD-2024-034223,2,PROD-038,2,7.89,14.96
ORD-2024-034224,1,PROD-035,3,10.14,28.04
ORD-2024-034225,1,PROD-008,3,9.9,22.5
ORD-2024-034226,1,PROD-004,1,20.28,19.93
ORD-2024-034227,1,PROD-002,2,11.9,22.44
ORD-2024-034227,2,PROD-001,2,12.9,23.41
ORD-2024-034227,3,PROD-034,4,9.01,35.03
ORD-2024-034227,4,PROD-037,1,9.86,9.02
ORD-2024-034228,1,PROD-023,2,7.89,14.4
ORD-2024-034229,1,PROD-012,1,18.5,17.48
ORD-2024-034230,1,PROD-007,1,17.18,16.46
ORD-2024-034231,1,PROD-001,3,12.9,38.13
ORD-2024-034232,1,PROD-059,1,52.11,39.58
ORD-2024-034233,1,PROD-019,1,29.58,27.1
ORD-2024-034234,1,PROD-032,2,19.72,38.79
ORD-2024-034234,2,PROD-027,1,21.13,15.84
ORD-2024-034235,1,PROD-015,3,26.76,79.24
ORD-2024-034236,1,PROD-039,3,8.17,23.14
ORD-2024-034236,2,PROD-053,1,53.52,47.22
ORD-2024-034237,1,PROD-015,2,26.76,27.28
ORD-2024-034238,1,PROD-016,1,8.9,8.04
ORD-2024-034239,1,PROD-004,1,20.28,16.81
ORD-2024-034239,2,PROD-040,1,15.21,11.29
ORD-2024-034240,1,PROD-034,2,9.01,16.06
ORD-2024-034241,1,PROD-013,1,11.9,9.78
ORD-2024-034242,1,PROD-008,2,9.9,19.05
ORD-2024-034243,1,PROD-001,2,12.9,24.4
ORD-2024-034243,2,PROD-002,1,11.9,11.34
ORD-2024-034244,1,PROD-007,1,17.18,15.83
ORD-2024-034244,2,PROD-003,3,14.37,33.38
ORD-2024-034245,1,PROD-032,1,19.72,18.64
ORD-2024-034245,2,PROD-008,1,9.9,8.66
ORD-2024-034245,3,PROD-036,1,11.55,9.94
ORD-2024-034245,4,PROD-020,1,10.14,8.42
ORD-2024-034246,1,PROD-042,1,73.24,64.2
ORD-2024-034247,1,PROD-002,2,11.9,18.76
ORD-2024-034247,2,PROD-001,2,12.9,25.33
ORD-2024-034247,3,PROD-003,1,14.37,13.59
ORD-2024-034248,1,PROD-002,1,11.9,11.51
ORD-2024-034248,2,PROD-040,2,15.21,28.12
ORD-2024-034248,3,PROD-004,1,20.28,18.23
ORD-2024-034248,4,PROD-035,2,10.14,18.08
ORD-2024-034249,1,PROD-027,1,21.13,20.45
ORD-2024-034250,1,PROD-033,1,52.11,33.07
ORD-2024-034251,1,PROD-001,1,12.9,10.63
ORD-2024-034252,1,PROD-006,3,32.39,79.11
ORD-2024-034253,1,PROD-023,1,7.89,6.85
ORD-2024-034253,2,PROD-041,1,11.83,10.89
ORD-2024-034254,1,PROD-002,3,11.9,34.95
ORD-2024-034255,1,PROD-032,2,19.72,38.04
ORD-2024-034256,1,PROD-005,1,20.28,19.14
ORD-2024-034256,2,PROD-027,1,21.13,19.71
ORD-2024-034256,3,PROD-001,1,12.9,12.15
ORD-2024-034257,1,PROD-049,1,80.28,77.4
ORD-2024-034258,1,PROD-006,1,32.39,31.16
ORD-2024-034259,1,PROD-019,1,29.58,20.56
ORD-2024-034259,2,PROD-028,1,17.18,11.74
ORD-2024-034259,3,PROD-032,3,19.72,53.48
ORD-2024-034260,1,PROD-007,2,17.18,28.98
ORD-2024-034261,1,PROD-002,2,11.9,21.96
ORD-2024-034262,1,PROD-034,1,9.01,8.55
ORD-2024-034263,1,PROD-005,1,20.28,19.8
ORD-2024-034263,2,PROD-003,2,14.37,28.26
ORD-2024-034263,3,PROD-016,1,8.9,8.3
ORD-2024-034263,4,PROD-041,2,11.83,23.52
ORD-2024-034264,1,PROD-034,1,9.01,7.55
ORD-2024-034265,1,PROD-033,1,52.11,48.15
ORD-2024-034265,2,PROD-003,3,14.37,39.99
ORD-2024-034266,1,PROD-005,1,20.28,19.15
ORD-2024-034266,2,PROD-035,1,10.14,9.93
ORD-2024-034267,1,PROD-007,1,17.18,16.38
ORD-2024-034267,2,PROD-004,1,20.28,19.29
ORD-2024-034268,1,PROD-010,1,38.03,33.26
ORD-2024-034269,1,PROD-002,3,11.9,30.21
ORD-2024-034269,2,PROD-032,1,19.72,16.36
ORD-2024-034269,3,PROD-017,2,12.5,22.91
ORD-2024-034270,1,PROD-006,1,32.39,30.17
ORD-2024-034271,1,PROD-001,1,12.9,12.17
ORD-2024-034271,2,PROD-056,1,101.41,97.73
ORD-2024-034272,1,PROD-005,1,20.28,20.14
ORD-2024-034272,2,PROD-034,2,9.01,17.61
ORD-2024-034272,3,PROD-006,2,32.39,63.74
ORD-2024-034273,1,PROD-013,1,11.9,11.1
ORD-2024-034274,1,PROD-004,2,20.28,39.51
ORD-2024-034274,2,PROD-013,2,11.9,22.91
ORD-2024-034275,1,PROD-006,1,32.39,30.76
ORD-2024-034276,1,PROD-037,3,9.86,24.9
ORD-2024-034277,1,PROD-031,2,53.52,102.44
ORD-2024-034278,1,PROD-032,1,19.72,12.23
ORD-2024-034278,2,PROD-002,1,11.9,10.57
ORD-2024-034279,1,PROD-005,1,20.28,14.94
ORD-2024-034280,1,PROD-004,2,20.28,39.91
ORD-2024-034280,2,PROD-017,2,12.5,21.85
ORD-2024-034281,1,PROD-001,2,12.9,20.74
ORD-2024-034282,1,PROD-008,1,9.9,9.29
ORD-2024-034283,1,PROD-016,1,8.9,7.92
ORD-2024-034284,1,PROD-022,1,9.01,8.02
ORD-2024-034284,2,PROD-004,2,20.28,35.0
ORD-2024-034285,1,PROD-001,1,12.9,11.3
ORD-2024-034285,2,PROD-035,1,10.14,9.83
ORD-2024-034286,1,PROD-034,1,9.01,8.76
ORD-2024-034286,2,PROD-033,1,52.11,50.88
ORD-2024-034287,1,PROD-005,2,20.28,38.07
ORD-2024-034288,1,PROD-022,1,9.01,7.27
ORD-2024-034289,1,PROD-002,2,11.9,20.93
ORD-2024-034290,1,PROD-035,1,10.14,9.01
ORD-2024-034291,1,PROD-001,1,12.9,12.69
ORD-2024-034292,1,PROD-039,2,8.17,13.28
ORD-2024-034293,1,PROD-027,1,21.13,15.35
ORD-2024-034293,2,PROD-033,1,52.11,47.98
ORD-2024-034294,1,PROD-006,2,32.39,62.5
ORD-2024-034295,1,PROD-008,1,9.9,8.48
ORD-2024-034296,1,PROD-006,1,32.39,25.41
ORD-2024-034297,1,PROD-003,1,14.37,13.83
ORD-2024-034297,2,PROD-005,1,20.28,19.49
ORD-2024-034297,3,PROD-035,1,10.14,9.93
ORD-2024-034297,4,PROD-006,1,32.39,28.91
ORD-2024-034297,5,PROD-034,1,9.01,8.0
ORD-2024-034298,1,PROD-038,1,7.89,7.25
ORD-2024-034299,1,PROD-033,2,52.11,85.48
ORD-2024-034300,1,PROD-001,1,12.9,12.37
ORD-2024-034300,2,PROD-005,2,20.28,38.55
ORD-2024-034301,1,PROD-037,1,9.86,7.77
ORD-2024-034301,2,PROD-004,3,20.28,47.92
ORD-2024-034302,1,PROD-037,1,9.86,7.51
ORD-2024-034302,2,PROD-023,1,7.89,3.55
ORD-2024-034302,3,PROD-003,3,14.37,30.96
ORD-2024-034303,1,PROD-035,1,10.14,9.31
ORD-2024-034304,1,PROD-010,1,38.03,37.06
ORD-2024-034305,1,PROD-005,1,20.28,19.21
ORD-2024-034305,2,PROD-034,1,9.01,8.41
ORD-2024-034306,1,PROD-055,1,74.65,58.59
ORD-2024-034307,1,PROD-012,1,18.5,12.38
ORD-2024-034308,1,PROD-041,2,11.83,21.72
ORD-2024-034309,1,PROD-005,3,20.28,57.96
ORD-2024-034309,2,PROD-031,1,53.52,34.54
ORD-2024-034309,3,PROD-024,1,8.73,8.01
ORD-2024-034309,4,PROD-004,1,20.28,18.59
ORD-2024-034310,1,PROD-007,3,17.18,26.85
ORD-2024-034311,1,PROD-023,2,7.89,15.21
ORD-2024-034311,2,PROD-041,2,11.83,22.67
ORD-2024-034312,1,PROD-041,1,11.83,11.59
ORD-2024-034313,1,PROD-035,3,10.14,28.24
ORD-2024-034314,1,PROD-010,1,38.03,32.35
ORD-2024-034314,2,PROD-004,1,20.28,19.49
ORD-2024-034314,3,PROD-003,2,14.37,27.6
ORD-2024-034315,1,PROD-032,1,19.72,17.81
ORD-2024-034316,1,PROD-025,1,21.97,19.46
ORD-2024-034317,1,PROD-004,1,20.28,17.72
ORD-2024-034317,2,PROD-015,1,26.76,25.51
ORD-2024-034318,1,PROD-001,3,12.9,38.2
ORD-2024-034319,1,PROD-040,2,15.21,15.93
ORD-2024-034319,2,PROD-034,2,9.01,11.2
ORD-2024-034320,1,PROD-005,2,20.28,37.18
ORD-2024-034321,1,PROD-007,1,17.18,15.97
ORD-2024-034322,1,PROD-010,1,38.03,36.96
ORD-2024-034323,1,PROD-022,1,9.01,8.57
ORD-2024-034324,1,PROD-053,1,53.52,46.05
ORD-2024-034325,1,PROD-033,1,52.11,47.87
ORD-2024-034326,1,PROD-039,1,8.17,8.01
ORD-2024-034327,1,PROD-027,1,21.13,18.15
ORD-2024-034327,2,PROD-054,1,59.15,54.18
ORD-2024-034328,1,PROD-001,2,12.9,20.27
ORD-2024-034328,2,PROD-011,1,14.9,11.46
ORD-2024-034329,1,PROD-035,1,10.14,8.71
ORD-2024-034329,2,PROD-003,1,14.37,14.08
ORD-2024-034329,3,PROD-041,4,11.83,42.54
ORD-2024-034330,1,PROD-028,1,17.18,12.49
ORD-2024-034330,2,PROD-005,1,20.28,17.79
ORD-2024-034330,3,PROD-025,1,21.97,15.9
ORD-2024-034331,1,PROD-045,1,72.68,67.44
ORD-2024-034332,1,PROD-027,1,21.13,18.0
ORD-2024-034332,2,PROD-034,2,9.01,16.1
ORD-2024-034333,1,PROD-038,1,7.89,7.75
ORD-2024-034333,2,PROD-002,1,11.9,11.34
ORD-2024-034334,1,PROD-006,2,32.39,64.35
ORD-2024-034335,1,PROD-042,2,73.24,140.02
ORD-2024-034335,2,PROD-006,1,32.39,29.24
ORD-2024-034335,3,PROD-005,1,20.28,19.64
ORD-2024-034335,4,PROD-049,1,80.28,75.91
ORD-2024-034335,5,PROD-034,1,9.01,8.27
ORD-2024-034336,1,PROD-006,2,32.39,61.18
ORD-2024-034337,1,PROD-005,1,20.28,9.13
ORD-2024-034338,1,PROD-004,1,20.28,18.89
ORD-2024-034339,1,PROD-003,1,14.37,13.07
ORD-2024-034339,2,PROD-042,1,73.24,0.0
ORD-2024-034340,1,PROD-003,1,14.37,13.91
ORD-2024-034341,1,PROD-021,1,15.49,8.28
ORD-2024-034342,1,PROD-005,2,20.28,39.26
ORD-2024-034343,1,PROD-007,1,17.18,17.04
ORD-2024-034343,2,PROD-010,3,38.03,112.68
ORD-2024-034344,1,PROD-008,3,9.9,24.89
ORD-2024-034344,2,PROD-024,2,8.73,14.62
ORD-2024-034344,3,PROD-001,2,12.9,23.76
ORD-2024-034345,1,PROD-006,1,32.39,28.34
ORD-2024-034346,1,PROD-002,1,11.9,11.25
ORD-2024-034346,2,PROD-007,3,17.18,50.84
ORD-2024-034347,1,PROD-020,1,10.14,9.92
ORD-2024-034348,1,PROD-001,2,12.9,23.41
ORD-2024-034349,1,PROD-001,2,12.9,18.7
ORD-2024-034350,1,PROD-022,2,9.01,15.21
ORD-2024-034350,2,PROD-029,1,24.79,19.42
ORD-2024-034351,1,PROD-034,1,9.01,8.34
ORD-2024-034351,2,PROD-004,1,20.28,19.48
ORD-2024-034352,1,PROD-053,1,53.52,45.55
ORD-2024-034352,2,PROD-034,1,9.01,8.06
ORD-2024-034353,1,PROD-022,1,9.01,8.13
ORD-2024-034353,2,PROD-041,2,11.83,21.57
ORD-2024-034353,3,PROD-020,1,10.14,9.08
ORD-2024-034354,1,PROD-042,2,73.24,132.97
ORD-2024-034355,1,PROD-037,1,9.86,9.57
ORD-2024-034356,1,PROD-001,1,12.9,10.15
ORD-2024-034356,2,PROD-044,2,40.85,62.45
ORD-2024-034356,3,PROD-034,3,9.01,23.38
ORD-2024-034357,1,PROD-002,1,11.9,11.65
ORD-2024-034357,2,PROD-041,1,11.83,11.71
ORD-2024-034357,3,PROD-039,2,8.17,16.0
ORD-2024-034358,1,PROD-007,2,17.18,29.13
ORD-2024-034358,2,PROD-035,1,10.14,9.85
ORD-2024-034359,1,PROD-004,2,20.28,35.66
ORD-2024-034360,1,PROD-005,1,20.28,15.63
ORD-2024-034360,2,PROD-041,2,11.83,22.56
ORD-2024-034360,3,PROD-035,2,10.14,18.74
ORD-2024-034360,4,PROD-040,2,15.21,26.35
ORD-2024-034361,1,PROD-003,3,14.37,35.52
ORD-2024-034361,2,PROD-006,2,32.39,63.01
ORD-2024-034362,1,PROD-006,1,32.39,31.52
ORD-2024-034362,2,PROD-005,1,20.28,
ORD-2024-034363,1,PROD-004,1,20.28,19.86
ORD-2024-034364,1,PROD-027,1,21.13,20.76
ORD-2024-034365,1,PROD-039,1,8.17,7.95
ORD-2024-034366,1,PROD-003,1,14.37,12.45
ORD-2024-034366,2,PROD-044,1,40.85,33.44
ORD-2024-034367,1,PROD-035,2,10.14,20.03
ORD-2024-034367,2,PROD-002,1,11.9,11.59
ORD-2024-034367,3,PROD-027,1,21.13,20.9
ORD-2024-034367,4,PROD-001,2,12.9,25.7
ORD-2024-034368,1,PROD-040,1,15.21,11.98
ORD-2024-034369,1,PROD-003,2,14.37,-26.34
ORD-2024-034369,2,PROD-044,1,40.85,40.25
ORD-2024-034370,1,PROD-020,1,10.14,9.74
ORD-2024-034371,1,PROD-041,3,11.83,33.49
ORD-2024-034371,2,PROD-005,1,20.28,18.27
ORD-2024-034372,1,PROD-006,2,32.39,55.74
ORD-2024-034372,2,PROD-004,1,20.28,17.37
ORD-2024-034372,3,PROD-016,1,8.9,8.56
ORD-2024-034373,1,PROD-001,2,12.9,19.42
ORD-2024-034374,1,PROD-041,2,11.83,17.74
ORD-2024-034375,1,PROD-013,3,11.9,32.89
ORD-2024-034375,2,PROD-002,1,11.9,9.88
ORD-2024-034376,1,PROD-010,1,38.03,37.01
ORD-2024-034377,1,PROD-019,1,29.58,27.69
ORD-2024-034377,2,PROD-003,1,14.37,13.49
ORD-2024-034378,1,PROD-037,2,9.86,17.05
ORD-2024-034379,1,PROD-021,1,15.49,15.1
ORD-2024-034380,1,PROD-001,2,12.9,21.41
ORD-2024-034381,1,PROD-053,1,53.52,
ORD-2024-034382,1,PROD-036,2,11.55,21.41
ORD-2024-034382,2,PROD-004,2,20.28,39.77
ORD-2024-034383,1,PROD-035,1,10.14,8.52
ORD-2024-034384,1,PROD-005,1,20.28,16.86
ORD-2024-034385,1,PROD-004,1,20.28,16.67
ORD-2024-034385,2,PROD-028,1,17.18,13.83
ORD-2024-034386,1,PROD-001,1,12.9,10.33
ORD-2024-034387,1,PROD-005,1,20.28,16.97
ORD-2024-034388,1,PROD-003,1,14.37,13.99
ORD-2024-034389,1,PROD-007,1,17.18,15.33
ORD-2024-034389,2,PROD-038,1,7.89,7.5
ORD-2024-034390,1,PROD-004,1,20.28,17.83
ORD-2024-034390,2,PROD-019,1,29.58,26.08
ORD-2024-034391,1,PROD-002,1,11.9,11.82
ORD-2024-034391,2,PROD-007,1,17.18,16.7
ORD-2024-034391,3,PROD-001,3,12.9,38.19
ORD-2024-034392,1,PROD-003,2,14.37,25.85
ORD-2024-034393,1,PROD-006,1,32.39,32.04
ORD-2024-034393,2,PROD-034,1,9.01,8.0
ORD-2024-034394,1,PROD-002,2,11.9,20.45
ORD-2024-034394,2,PROD-003,1,14.37,14.08
ORD-2024-034394,3,PROD-037,1,9.86,9.67
ORD-2024-034394,4,PROD-034,2,9.01,17.27
ORD-2024-034394,5,PROD-010,2,38.03,73.86
ORD-2024-034395,1,PROD-007,1,17.18,14.97
ORD-2024-034395,2,PROD-004,2,20.28,33.97
ORD-2024-034395,3,PROD-035,2,10.14,15.92
ORD-2024-034396,1,PROD-006,2,32.39,54.8
ORD-2024-034397,1,PROD-020,1,10.14,9.67
ORD-2024-034397,2,PROD-003,1,14.37,13.67
ORD-2024-034398,1,PROD-037,1,9.86,9.04
ORD-2024-034398,2,PROD-007,3,17.18,50.12
ORD-2024-034399,1,PROD-001,1,12.9,12.82
ORD-2024-034399,2,PROD-003,1,14.37,13.68
ORD-2024-034400,1,PROD-005,2,20.28,38.71
ORD-2024-034401,1,PROD-014,2,9.9,18.46
ORD-2024-034402,1,PROD-002,1,11.9,11.43
ORD-2024-034403,1,PROD-002,1,11.9,11.55
ORD-2024-034403,2,PROD-049,2,80.28,153.0
ORD-2024-034404,1,PROD-031,1,53.52,50.31
ORD-2024-034404,2,PROD-008,1,9.9,9.04
ORD-2024-034405,1,PROD-040,2,15.21,27.15
ORD-2024-034405,2,PROD-001,1,12.9,11.02
ORD-2024-034405,3,PROD-035,1,10.14,9.81
ORD-2024-034406,1,PROD-006,2,32.39,63.13
ORD-2024-034407,1,PROD-004,1,20.28,9.13
ORD-2024-034407,2,PROD-034,1,9.01,4.05
ORD-2024-034407,3,PROD-022,2,9.01,14.9
ORD-2024-034408,1,PROD-015,2,26.76,50.57
ORD-2024-034409,1,PROD-045,1,72.68,70.84
ORD-2024-034410,1,PROD-005,1,20.28,19.71
ORD-2024-034411,1,PROD-026,2,14.65,24.75
ORD-2024-034412,1,PROD-002,2,11.9,23.27
ORD-2024-034412,2,PROD-034,1,9.01,8.73
ORD-2024-034412,3,PROD-028,2,17.18,32.66
ORD-2024-034413,1,PROD-012,3,18.5,47.72
ORD-2024-034414,1,PROD-032,1,19.72,15.25
ORD-2024-034415,1,PROD-030,2,49.3,93.33
ORD-2024-034415,2,PROD-014,2,9.9,15.87
ORD-2024-034416,1,PROD-002,1,11.9,10.58
ORD-2024-034416,2,PROD-006,2,32.39,59.24
ORD-2024-034416,3,PROD-003,2,14.37,21.85
ORD-2024-034417,1,PROD-033,2,52.11,86.35
ORD-2024-034418,1,PROD-006,1,32.39,32.1
ORD-2024-034419,1,PROD-013,1,11.9,10.57
ORD-2024-034419,2,PROD-012,1,18.5,14.41
ORD-2024-034420,1,PROD-002,1,11.9,10.1
ORD-2024-034421,1,PROD-006,2,32.39,49.74
ORD-2024-034422,1,PROD-015,1,26.76,26.56
ORD-2024-034422,2,PROD-035,2,10.14,19.48
ORD-2024-034422,3,PROD-039,1,8.17,7.95
ORD-2024-034423,1,PROD-004,2,20.28,38.93
ORD-2024-034424,1,PROD-035,1,10.14,9.15
ORD-2024-034425,1,PROD-013,1,11.9,11.63
ORD-2024-034426,1,PROD-032,1,19.72,17.64
ORD-2024-034427,1,PROD-005,2,20.28,33.26
ORD-2024-034427,2,PROD-041,4,11.83,41.72
ORD-2024-034428,1,PROD-002,2,11.9,23.52
ORD-2024-034429,1,PROD-010,1,38.03,36.07
ORD-2024-034430,1,PROD-010,1,38.03,27.6
ORD-2024-034431,1,PROD-031,1,53.52,43.55
ORD-2024-034431,2,PROD-036,2,11.55,22.66
ORD-2024-034432,1,PROD-024,2,8.73,17.35
ORD-2024-034433,1,PROD-008,1,9.9,9.8
ORD-2024-034434,1,PROD-027,1,21.13,16.49
ORD-2024-034434,2,PROD-001,3,12.9,31.9
ORD-2024-034434,3,PROD-002,2,11.9,20.18
ORD-2024-034434,4,PROD-006,1,32.39,29.64
ORD-2024-034435,1,PROD-027,1,21.13,12.5
ORD-2024-034436,1,PROD-004,2,20.28,36.59
ORD-2024-034436,2,PROD-035,1,10.14,9.53
ORD-2024-034437,1,PROD-006,2,32.39,63.21
ORD-2024-034437,2,PROD-002,1,11.9,11.59
ORD-2024-034437,3,PROD-040,1,15.21,14.19
ORD-2024-034438,1,PROD-002,1,11.9,11.61
ORD-2024-034439,1,PROD-004,1,20.28,13.84
ORD-2024-034439,2,PROD-015,1,26.76,21.65
ORD-2024-034440,1,PROD-007,2,17.18,27.08
ORD-2024-034441,1,PROD-031,2,53.52,82.91
ORD-2024-034441,2,PROD-006,2,32.39,57.64
ORD-2024-034442,1,PROD-013,2,11.9,21.87
ORD-2024-034443,1,PROD-008,1,9.9,9.6
ORD-2024-034444,1,PROD-030,1,49.3,46.76
ORD-2024-034445,1,PROD-004,3,20.28,58.84
ORD-2024-034446,1,PROD-006,2,32.39,56.42
ORD-2024-034446,2,PROD-007,1,17.18,14.1
ORD-2024-034447,1,PROD-021,2,15.49,28.54
ORD-2024-034448,1,PROD-010,2,38.03,71.42
ORD-2024-034448,2,PROD-003,1,14.37,13.63
ORD-2024-034448,3,PROD-035,3,10.14,30.22
ORD-2024-034449,1,PROD-037,2,9.86,18.73
ORD-2024-034450,1,PROD-036,1,11.55,11.33
ORD-2024-034450,2,PROD-035,4,10.14,39.69
ORD-2024-034451,1,PROD-038,1,7.89,7.7
ORD-2024-034451,2,PROD-032,3,19.72,55.39
ORD-2024-034452,1,PROD-004,1,20.28,19.18
ORD-2024-034453,1,PROD-003,1,14.37,13.04
ORD-2024-034454,1,PROD-038,2,7.89,15.26
ORD-2024-034454,2,PROD-005,1,20.28,15.92
ORD-2024-034455,1,PROD-002,2,11.9,23.07
ORD-2024-034455,2,PROD-001,2,12.9,19.61
ORD-2024-034455,3,PROD-034,3,9.01,21.86
ORD-2024-034456,1,PROD-035,2,10.14,13.97
ORD-2024-034456,2,PROD-027,2,21.13,34.74
ORD-2024-034457,1,PROD-010,1,38.03,37.32
ORD-2024-034458,1,PROD-005,3,20.28,59.34
ORD-2024-034459,1,PROD-004,1,20.28,18.48
ORD-2024-034459,2,PROD-045,1,72.68,45.03
ORD-2024-034460,1,PROD-034,1,9.01,8.14
ORD-2024-034460,2,PROD-044,1,40.85,37.26
ORD-2024-034460,3,PROD-028,1,17.18,10.45
ORD-2024-034461,1,PROD-007,3,17.18,47.5
ORD-2024-034462,1,PROD-004,1,20.28,16.67
ORD-2024-034463,1,PROD-003,1,14.37,13.55
ORD-2024-034464,1,PROD-022,1,9.01,8.5
ORD-2024-034465,1,PROD-039,1,8.17,6.88
ORD-2024-034465,2,PROD-041,2,11.83,19.84
ORD-2024-034465,3,PROD-005,2,20.28,37.56
ORD-2024-034466,1,PROD-001,2,12.9,24.11
ORD-2024-034466,2,PROD-003,1,14.37,12.21
ORD-2024-034466,3,PROD-041,1,11.83,9.67
ORD-2024-034467,1,PROD-002,1,11.9,11.62
ORD-2024-034467,2,PROD-004,2,20.28,39.08
ORD-2024-034468,1,PROD-005,1,20.28,18.95
ORD-2024-034469,1,PROD-034,1,9.01,8.29
ORD-2024-034469,2,PROD-012,1,18.5,15.19
ORD-2024-034469,3,PROD-002,1,11.9,10.88
ORD-2024-034470,1,PROD-042,1,73.24,62.06
ORD-2024-034471,1,PROD-001,2,12.9,25.5
ORD-2024-034471,2,PROD-008,1,9.9,9.73
ORD-2024-034472,1,PROD-001,1,12.9,12.4
ORD-2024-034472,2,PROD-014,2,9.9,19.09
ORD-2024-034473,1,PROD-012,2,18.5,36.22
ORD-2024-034473,2,PROD-022,1,9.01,8.75
ORD-2024-034474,1,PROD-005,1,20.28,19.27
ORD-2024-034475,1,PROD-035,2,10.14,17.29
ORD-2024-034476,1,PROD-001,2,12.9,22.39
ORD-2024-034476,2,PROD-032,1,19.72,18.83
ORD-2024-034476,3,PROD-040,3,15.21,38.93
ORD-2024-034476,4,PROD-006,1,32.39,30.24
ORD-2024-034476,5,PROD-034,4,9.01,33.2
ORD-2024-034477,1,PROD-039,3,8.17,23.24
ORD-2024-034477,2,PROD-010,2,38.03,75.28
ORD-2024-034478,1,PROD-010,1,38.03,34.84
ORD-2024-034479,1,PROD-002,2,11.9,21.83
ORD-2024-034479,2,PROD-003,1,14.37,13.36
ORD-2024-034479,3,PROD-007,2,17.18,32.27
ORD-2024-034480,1,PROD-006,1,32.39,29.9
ORD-2024-034481,1,PROD-004,3,20.28,39.18
ORD-2024-034481,2,PROD-021,2,15.49,13.94
ORD-2024-034482,1,PROD-008,1,9.9,9.72
ORD-2024-034483,1,PROD-028,1,17.18,16.24
ORD-2024-034484,1,PROD-001,1,12.9,12.34
ORD-2024-034485,1,PROD-010,1,38.03,32.81
ORD-2024-034485,2,PROD-005,1,20.28,18.36
ORD-2024-034485,3,PROD-034,1,9.01,8.08
ORD-2024-034486,1,PROD-025,1,21.97,15.74
ORD-2024-034487,1,PROD-041,1,11.83,8.66
ORD-2024-034488,1,PROD-005,2,20.28,34.16
ORD-2024-034489,1,PROD-036,2,11.55,20.09
ORD-2024-034490,1,PROD-037,3,9.86,29.2
ORD-2024-034490,2,PROD-027,1,21.13,20.55
ORD-2024-034491,1,PROD-049,1,80.28,79.54
ORD-2024-034492,1,PROD-001,3,12.9,33.14
ORD-2024-034493,1,PROD-029,1,24.79,21.71
ORD-2024-034494,1,PROD-008,2,9.9,17.15
ORD-2024-034495,1,PROD-004,2,20.28,39.43
ORD-2024-034495,2,PROD-005,1,20.28,19.12
ORD-2024-034496,1,PROD-007,1,17.18,17.11
ORD-2024-034497,1,PROD-005,1,20.28,18.33
ORD-2024-034498,1,PROD-006,1,32.39,15.95
ORD-2024-034499,1,PROD-004,1,20.28,19.65
ORD-2024-034499,2,PROD-002,2,11.9,21.82
ORD-2024-034499,3,PROD-034,1,9.01,8.76
ORD-2024-034500,1,PROD-002,1,11.9,11.17
ORD-2024-034501,1,PROD-004,1,20.28,18.3
ORD-2024-034502,1,PROD-005,1,20.28,20.2
ORD-2024-034502,2,PROD-047,1,108.45,105.23
ORD-2024-034502,3,PROD-049,1,80.28,78.47
ORD-2024-034503,1,PROD-010,1,38.03,35.65
ORD-2024-034503,2,PROD-006,2,32.39,63.53
ORD-2024-034504,1,PROD-027,1,21.13,20.6
ORD-2024-034504,2,PROD-003,2,14.37,27.57
ORD-2024-034505,1,PROD-032,1,19.72,18.66
ORD-2024-034506,1,PROD-028,1,17.18,7.73
ORD-2024-034507,1,PROD-026,2,14.65,27.41
ORD-2024-034508,1,PROD-005,1,20.28,14.77
ORD-2024-034509,1,PROD-002,1,11.9,11.36
ORD-2024-034510,1,PROD-030,1,49.3,48.4
ORD-2024-034510,2,PROD-005,2,20.28,37.32
ORD-2024-034511,1,PROD-001,2,12.9,25.24
ORD-2024-034512,1,PROD-010,1,38.03,34.87
ORD-2024-034513,1,PROD-019,1,29.58,28.9
ORD-2024-034514,1,PROD-037,1,9.86,8.17
ORD-2024-034514,2,PROD-002,1,11.9,11.4
ORD-2024-034515,1,PROD-026,2,14.65,28.07
ORD-2024-034516,1,PROD-038,2,7.89,15.61
ORD-2024-034516,2,PROD-034,1,9.01,8.27
ORD-2024-034517,1,PROD-035,1,10.14,10.1
ORD-2024-034518,1,PROD-042,2,73.24,117.7
ORD-2024-034518,2,PROD-001,3,12.9,26.11
ORD-2024-034519,1,PROD-024,1,8.73,8.37
ORD-2024-034520,1,PROD-039,1,8.17,8.09
ORD-2024-034521,1,PROD-039,1,8.17,5.5
ORD-2024-034521,2,PROD-008,1,9.9,9.44
ORD-2024-034521,3,PROD-004,1,20.28,18.83
ORD-2024-034522,1,PROD-006,1,32.39,24.86
ORD-2024-034522,2,PROD-005,3,20.28,59.01
ORD-2024-034523,1,PROD-032,1,19.72,17.8
ORD-2024-034524,1,PROD-024,1,8.73,8.47
ORD-2024-034524,2,PROD-001,1,12.9,12.5
ORD-2024-034524,3,PROD-019,3,29.58,79.65
ORD-2024-034525,1,PROD-001,1,12.9,12.15
ORD-2024-034526,1,PROD-004,2,20.28,35.0
ORD-2024-034527,1,PROD-004,1,20.28,19.31
ORD-2024-034527,2,PROD-035,1,10.14,9.22
ORD-2024-034527,3,PROD-034,2,9.01,17.07
ORD-2024-034528,1,PROD-001,1,12.9,12.15
ORD-2024-034529,1,PROD-012,1,18.5,16.66
ORD-2024-034530,1,PROD-040,3,15.21,44.89
ORD-2024-034530,2,PROD-012,2,18.5,36.84
ORD-2024-034531,1,PROD-006,1,32.39,31.06
ORD-2024-034532,1,PROD-005,2,20.28,37.3
ORD-2024-034533,1,PROD-006,1,32.39,29.55
ORD-2024-034534,1,PROD-001,1,12.9,9.05
ORD-2024-034535,1,PROD-004,1,20.28,18.58
ORD-2024-034535,2,PROD-001,3,12.9,37.93
ORD-2024-034535,3,PROD-035,1,10.14,10.04
ORD-2024-034536,1,PROD-036,1,11.55,9.8
ORD-2024-034536,2,PROD-005,1,20.28,18.11
ORD-2024-034537,1,PROD-004,3,20.28,53.62
ORD-2024-034538,1,PROD-041,1,11.83,11.35
ORD-2024-034538,2,PROD-005,3,20.28,56.69
ORD-2024-034539,1,PROD-004,2,20.28,38.58
ORD-2024-034540,1,PROD-006,2,32.39,50.07
ORD-2024-034541,1,PROD-023,1,7.89,6.73
ORD-2024-034542,1,PROD-040,1,15.21,15.16
ORD-2024-034543,1,PROD-004,2,20.28,35.06
ORD-2024-034543,2,PROD-006,1,32.39,29.62
ORD-2024-034543,3,PROD-002,1,11.9,10.83
ORD-2024-034543,4,PROD-041,1,11.83,10.64
ORD-2024-034543,5,PROD-034,1,9.01,8.68
ORD-2024-034544,1,PROD-001,1,12.9,11.75
ORD-2024-034545,1,PROD-039,3,8.17,19.69
ORD-2024-034546,1,PROD-015,1,26.76,15.48
ORD-2024-034546,2,PROD-016,1,8.9,6.21
ORD-2024-034546,3,PROD-002,1,11.9,5.71
ORD-2024-034547,1,PROD-036,4,11.55,43.77
ORD-2024-034547,2,PROD-004,1,20.28,19.51
ORD-2024-034548,1,PROD-003,2,14.37,24.38
ORD-2024-034548,2,PROD-014,2,9.9,18.81
ORD-2024-034548,3,PROD-007,1,17.18,14.72
ORD-2024-034549,1,PROD-010,2,38.03,72.24
ORD-2024-034550,1,PROD-005,1,20.28,19.45
ORD-2024-034550,2,PROD-020,1,10.14,9.28
ORD-2024-034550,3,PROD-041,2,11.83,22.8
ORD-2024-034551,1,PROD-011,1,14.9,9.88
ORD-2024-034552,1,PROD-031,1,53.52,51.84
ORD-2024-034553,1,PROD-004,1,20.28,17.16
ORD-2024-034554,1,PROD-002,1,11.9,11.76
ORD-2024-034554,2,PROD-005,1,20.28,19.41
ORD-2024-034554,3,PROD-001,2,12.9,25.49
ORD-2024-034555,1,PROD-036,2,11.55,22.81
ORD-2024-034556,1,PROD-005,1,20.28,19.58
ORD-2024-034556,2,PROD-006,1,32.39,31.95
ORD-2024-034557,1,PROD-002,1,11.9,11.71
ORD-2024-034558,1,PROD-003,1,14.37,11.77
ORD-2024-034559,1,PROD-003,1,14.37,14.28
ORD-2024-034559,2,PROD-032,3,19.72,58.14
ORD-2024-034559,3,PROD-041,1,11.83,11.67
ORD-2024-034559,4,PROD-024,1,8.73,8.44
ORD-2024-034559,5,PROD-047,1,108.45,105.79
ORD-2024-034560,1,PROD-036,3,11.55,20.16
ORD-2024-034560,2,PROD-002,2,11.9,21.06
ORD-2024-034560,3,PROD-039,3,8.17,20.8
ORD-2024-034561,1,PROD-003,1,14.37,10.8
ORD-2024-034562,1,PROD-050,1,61.97,53.05
ORD-2024-034563,1,PROD-010,1,38.03,36.05
ORD-2024-034563,2,PROD-004,1,20.28,18.43
ORD-2024-034564,1,PROD-045,1,72.68,63.57
ORD-2024-034565,1,PROD-002,2,11.9,22.88
ORD-2024-034565,2,PROD-038,1,7.89,7.31
ORD-2024-034565,3,PROD-041,1,11.83,11.3
ORD-2024-034565,4,PROD-034,2,9.01,17.28
ORD-2024-034566,1,PROD-024,1,8.73,8.66
ORD-2024-034567,1,PROD-036,1,11.55,11.38
ORD-2024-034567,2,PROD-028,2,17.18,31.97
ORD-2024-034568,1,PROD-004,1,20.28,20.09
ORD-2024-034568,2,PROD-006,2,32.39,62.31
ORD-2024-034569,1,PROD-001,2,12.9,19.76
ORD-2024-034569,2,PROD-005,2,20.28,37.63
ORD-2024-034569,3,PROD-022,1,9.01,8.1
ORD-2024-034570,1,PROD-032,1,19.72,14.3
ORD-2024-034571,1,PROD-007,1,17.18,16.97
ORD-2024-034572,1,PROD-007,1,17.18,16.88
ORD-2024-034573,1,PROD-007,2,17.18,31.75
ORD-2024-034574,1,PROD-016,3,8.9,16.91
ORD-2024-034575,1,PROD-002,1,11.9,10.93
ORD-2024-034576,1,PROD-004,1,20.28,19.76
ORD-2024-034577,1,PROD-023,1,7.89,7.83
ORD-2024-034578,1,PROD-007,2,17.18,29.66
ORD-2024-034579,1,PROD-005,1,20.28,19.69
ORD-2024-034579,2,PROD-002,2,11.9,22.38
ORD-2024-034580,1,PROD-001,1,12.9,10.57
ORD-2024-034580,2,PROD-004,1,20.28,19.06
ORD-2024-034580,3,PROD-035,1,10.14,7.49
ORD-2024-034581,1,PROD-003,2,14.37,26.97
ORD-2024-034582,1,PROD-049,1,80.28,74.63
ORD-2024-034583,1,PROD-044,1,40.85,39.76
ORD-2024-034584,1,PROD-005,1,20.28,18.48
ORD-2024-034585,1,PROD-005,2,20.28,40.47
ORD-2024-034586,1,PROD-032,1,19.72,17.85
ORD-2024-034586,2,PROD-004,1,20.28,17.31
ORD-2024-034587,1,PROD-016,1,8.9,8.5
ORD-2024-034587,2,PROD-014,2,9.9,17.96
ORD-2024-034588,1,PROD-004,2,20.28,37.06
ORD-2024-034588,2,PROD-001,1,12.9,11.37
ORD-2024-034589,1,PROD-001,1,12.9,9.29
ORD-2024-034589,2,PROD-004,1,20.28,16.23
ORD-2024-034590,1,PROD-010,1,38.03,34.87
ORD-2024-034591,1,PROD-006,2,32.39,62.43
ORD-2024-034592,1,PROD-022,1,9.01,8.33
ORD-2024-034592,2,PROD-031,1,53.52,46.67
ORD-2024-034592,3,PROD-008,2,9.9,10.86
ORD-2024-034593,1,PROD-004,1,20.28,14.25
ORD-2024-034594,1,PROD-021,1,15.49,14.18
ORD-2024-034594,2,PROD-002,1,11.9,10.12
ORD-2024-034594,3,PROD-007,2,17.18,28.51
ORD-2024-034595,1,PROD-049,1,80.28,71.34
ORD-2024-034596,1,PROD-006,1,32.39,31.02
ORD-2024-034596,2,PROD-058,1,39.44,32.36
ORD-2024-034597,1,PROD-044,1,40.85,38.79
ORD-2024-034598,1,PROD-032,1,19.72,18.51
ORD-2024-034599,1,PROD-003,1,14.37,14.08
ORD-2024-034599,2,PROD-005,1,20.28,19.9
ORD-2024-034600,1,PROD-007,1,17.18,16.3
ORD-2024-034600,2,PROD-024,1,8.73,8.65
ORD-2024-034600,3,PROD-006,1,32.39,29.13
ORD-2024-034601,1,PROD-038,1,7.89,7.55
ORD-2024-034602,1,PROD-038,2,7.89,15.04
ORD-2024-034602,2,PROD-036,1,11.55,10.26
ORD-2024-034603,1,PROD-005,1,20.28,20.12
ORD-2024-034603,2,PROD-030,1,49.3,45.27
ORD-2024-034604,1,PROD-040,1,15.21,12.76
ORD-2024-034604,2,PROD-007,1,17.18,15.03
ORD-2024-034604,3,PROD-010,1,38.03,29.2
ORD-2024-034605,1,PROD-003,1,14.37,12.9
ORD-2024-034606,1,PROD-005,1,20.28,16.85
ORD-2024-034606,2,PROD-006,3,32.39,89.44
ORD-2024-034606,3,PROD-004,1,20.28,19.76
ORD-2024-034607,1,PROD-001,1,12.9,11.96
ORD-2024-034608,1,PROD-024,1,8.73,7.71
ORD-2024-034609,1,PROD-004,1,20.28,19.21
ORD-2024-034609,2,PROD-012,2,18.5,35.07
ORD-2024-034610,1,PROD-041,1,11.83,11.37
ORD-2024-034611,1,PROD-039,2,8.17,15.86
ORD-2024-034612,1,PROD-016,1,8.9,8.34
ORD-2024-034613,1,PROD-001,1,12.9,12.62
ORD-2024-034614,1,PROD-002,2,11.9,20.34
ORD-2024-034615,1,PROD-007,1,17.18,16.49
ORD-2024-034616,1,PROD-034,3,9.01,23.86
ORD-2024-034617,1,PROD-052,1,46.48,45.18
ORD-2024-034618,1,PROD-040,2,15.21,23.87
ORD-2024-034618,2,PROD-039,1,8.17,6.67
ORD-2024-034619,1,PROD-038,1,7.89,7.11
ORD-2024-034619,2,PROD-005,3,20.28,53.35
ORD-2024-034620,1,PROD-001,2,12.9,22.74
ORD-2024-034621,1,PROD-038,3,7.89,21.68
ORD-2024-034622,1,PROD-001,1,12.9,8.65
ORD-2024-034622,2,PROD-042,1,73.24,48.92
ORD-2024-034623,1,PROD-012,1,18.5,15.88
ORD-2024-034624,1,PROD-024,1,8.73,4.5
ORD-2024-034624,2,PROD-037,1,9.86,7.26
ORD-2024-034625,1,PROD-013,2,11.9,16.3
ORD-2024-034626,1,PROD-008,1,9.9,8.68
ORD-2024-034627,1,PROD-041,1,11.83,9.15
ORD-2024-034627,2,PROD-007,1,17.18,14.86
ORD-2024-034628,1,PROD-038,1,7.89,7.19
ORD-2024-034628,2,PROD-029,1,24.79,18.94
ORD-2024-034629,1,PROD-002,2,11.9,23.5
ORD-2024-034630,1,PROD-034,1,9.01,8.25
ORD-2024-034631,1,PROD-039,3,8.17,11.03
ORD-2024-034631,2,PROD-004,2,20.28,21.68
ORD-2024-034631,3,PROD-041,2,11.83,17.33
ORD-2024-034631,4,PROD-034,1,9.01,7.34
ORD-2024-034632,1,PROD-049,1,80.28,77.51
ORD-2024-034633,1,PROD-004,3,20.28,48.99
ORD-2024-034633,2,PROD-001,1,12.9,11.61
ORD-2024-034633,3,PROD-034,2,9.01,17.17
ORD-2024-034633,4,PROD-041,1,11.83,11.53
ORD-2024-034634,1,PROD-003,2,14.37,28.47
ORD-2024-034635,1,PROD-007,1,17.18,15.09
ORD-2024-034636,1,PROD-044,1,40.85,40.34
ORD-2024-034637,1,PROD-003,1,14.37,12.08
ORD-2024-034637,2,PROD-020,1,10.14,8.54
ORD-2024-034637,3,PROD-035,3,10.14,28.48
ORD-2024-034638,1,PROD-016,2,8.9,17.79
ORD-2024-034639,1,PROD-040,2,15.21,28.78
ORD-2024-034639,2,PROD-045,1,72.68,64.1
ORD-2024-034639,3,PROD-003,1,14.37,9.78
ORD-2024-034640,1,PROD-023,1,7.89,5.87
ORD-2024-034640,2,PROD-007,1,17.18,13.82
ORD-2024-034641,1,PROD-006,3,32.39,90.17
ORD-2024-034641,2,PROD-052,1,46.48,45.3
ORD-2024-034641,3,PROD-029,1,24.79,22.03
ORD-2024-034641,4,PROD-001,2,12.9,24.66
ORD-2024-034642,1,PROD-006,1,32.39,31.6
ORD-2024-034643,1,PROD-024,1,8.73,7.24
ORD-2024-034644,1,PROD-002,1,11.9,10.74
ORD-2024-034644,2,PROD-040,1,15.21,13.33
ORD-2024-034645,1,PROD-026,1,14.65,14.26
ORD-2024-034646,1,PROD-052,1,46.48,41.82
ORD-2024-034647,1,PROD-014,2,9.9,19.29
ORD-2024-034648,1,PROD-002,1,11.9,10.54
ORD-2024-034648,2,PROD-034,4,9.01,19.89
ORD-2024-034648,3,PROD-032,2,19.72,29.54
ORD-2024-034649,1,PROD-010,2,38.03,65.29
ORD-2024-034649,2,PROD-020,1,10.14,8.45
ORD-2024-034649,3,PROD-039,2,8.17,14.75
ORD-2024-034650,1,PROD-008,3,9.9,28.13
ORD-2024-034651,1,PROD-024,2,8.73,16.78
ORD-2024-034651,2,PROD-037,1,9.86,9.45
ORD-2024-034652,1,PROD-033,3,52.11,155.42
ORD-2024-034652,2,PROD-042,3,73.24,212.86
ORD-2024-034653,1,PROD-019,3,29.58,65.1
ORD-2024-034653,2,PROD-005,2,20.28,27.94
ORD-2024-034654,1,PROD-015,1,26.76,23.62
ORD-2024-034655,1,PROD-005,2,20.28,28.75
ORD-2024-034655,2,PROD-041,2,11.83,21.06
ORD-2024-034656,1,PROD-004,2,20.28,39.57
ORD-2024-034657,1,PROD-034,2,9.01,17.09
ORD-2024-034657,2,PROD-020,1,10.14,8.71
ORD-2024-034658,1,PROD-002,1,11.9,9.97
ORD-2024-034658,2,PROD-006,1,32.39,29.01
ORD-2024-034659,1,PROD-007,3,17.18,44.14
ORD-2024-034660,1,PROD-041,3,11.83,34.25
ORD-2024-034660,2,PROD-004,2,20.28,39.67
ORD-2024-034660,3,PROD-006,2,32.39,64.24
ORD-2024-034661,1,PROD-008,1,9.9,8.1
ORD-2024-034662,1,PROD-032,1,19.72,18.47
ORD-2024-034663,1,PROD-044,1,40.85,32.09
ORD-2024-034663,2,PROD-034,1,9.01,6.18
ORD-2024-034663,3,PROD-022,1,9.01,7.46
ORD-2024-034664,1,PROD-005,1,20.28,13.98
ORD-2024-034665,1,PROD-001,1,12.9,11.29
ORD-2024-034665,2,PROD-005,1,20.28,14.79
ORD-2024-034665,3,PROD-004,1,20.28,18.3
ORD-2024-034666,1,PROD-020,2,10.14,16.9
ORD-2024-034666,2,PROD-028,1,17.18,15.66
ORD-2024-034667,1,PROD-004,1,20.28,18.8
ORD-2024-034668,1,PROD-007,2,17.18,33.18
ORD-2024-034668,2,PROD-011,2,14.9,29.42
ORD-2024-034668,3,PROD-035,2,10.14,20.02
ORD-2024-034669,1,PROD-001,2,12.9,25.38
ORD-2024-034670,1,PROD-034,1,9.01,7.24
ORD-2024-034671,1,PROD-001,2,12.9,25.13
ORD-2024-034671,2,PROD-014,3,9.9,23.61
ORD-2024-034671,3,PROD-034,2,9.01,14.99
ORD-2024-034672,1,PROD-034,1,9.01,8.6
ORD-2024-034673,1,PROD-001,2,12.9,25.23
ORD-2024-034673,2,PROD-041,3,11.83,31.29
ORD-2024-034674,1,PROD-024,1,8.73,8.47
ORD-2024-034674,2,PROD-007,2,17.18,32.28
ORD-2024-034675,1,PROD-001,3,12.9,37.13
ORD-2024-034676,1,PROD-008,2,9.9,16.53
ORD-2024-034677,1,PROD-002,1,11.9,10.63
ORD-2024-034677,2,PROD-037,2,9.86,17.59
ORD-2024-034678,1,PROD-027,1,21.13,20.02
ORD-2024-034679,1,PROD-038,1,7.89,7.67
ORD-2024-034679,2,PROD-004,2,20.28,40.25
ORD-2024-034679,3,PROD-015,1,26.76,26.66
ORD-2024-034680,1,PROD-007,1,17.18,16.78
ORD-2024-034681,1,PROD-002,3,11.9,35.21
ORD-2024-034681,2,PROD-001,2,12.9,24.49
ORD-2024-034681,3,PROD-004,2,20.28,37.23
ORD-2024-034682,1,PROD-006,1,32.39,30.97
ORD-2024-034683,1,PROD-008,2,9.9,18.6
ORD-2024-034684,1,PROD-006,1,32.39,31.94
ORD-2024-034684,2,PROD-004,1,20.28,19.68
ORD-2024-034685,1,PROD-021,1,15.49,14.82
ORD-2024-034685,2,PROD-005,3,20.28,58.72
ORD-2024-034686,1,PROD-024,1,8.73,8.33
ORD-2024-034687,1,PROD-044,1,40.85,36.48
ORD-2024-034688,1,PROD-002,3,11.9,34.16
ORD-2024-034689,1,PROD-002,2,11.9,20.83
ORD-2024-034690,1,PROD-005,2,20.28,33.3
ORD-2024-034690,2,PROD-034,2,9.01,14.96
ORD-2024-034690,3,PROD-004,3,20.28,53.53
ORD-2024-034691,1,PROD-002,1,11.9,10.3
ORD-2024-034692,1,PROD-001,1,12.9,12.54
ORD-2024-034692,2,PROD-035,2,10.14,19.9
ORD-2024-034693,1,PROD-008,1,9.9,9.31
ORD-2024-034693,2,PROD-007,1,17.18,16.05
ORD-2024-034693,3,PROD-001,2,12.9,24.7
ORD-2024-034694,1,PROD-016,2,8.9,17.34
ORD-2024-034695,1,PROD-005,3,20.28,58.35
ORD-2024-034695,2,PROD-036,2,11.55,21.88
ORD-2024-034695,3,PROD-011,1,14.9,13.97
ORD-2024-034696,1,PROD-017,1,12.5,11.39
ORD-2024-034697,1,PROD-008,1,9.9,8.94
ORD-2024-034697,2,PROD-040,1,15.21,14.63
ORD-2024-034698,1,PROD-041,1,11.83,10.73
ORD-2024-034699,1,PROD-005,1,20.28,19.92
ORD-2024-034700,1,PROD-035,4,10.14,39.32
ORD-2024-034700,2,PROD-026,1,14.65,14.04
ORD-2024-034701,1,PROD-002,1,11.9,9.7
ORD-2024-034702,1,PROD-024,2,8.73,7.86
ORD-2024-034702,2,PROD-001,1,12.9,10.38
ORD-2024-034702,3,PROD-003,1,14.37,12.07
ORD-2024-034703,1,PROD-029,1,24.79,24.08
ORD-2024-034703,2,PROD-013,3,11.9,35.45
ORD-2024-034703,3,PROD-059,1,52.11,51.36
ORD-2024-034703,4,PROD-004,3,20.28,59.31
ORD-2024-034703,5,PROD-037,2,9.86,19.48
ORD-2024-034704,1,PROD-001,3,12.9,34.54
ORD-2024-034705,1,PROD-003,3,14.37,42.87
ORD-2024-034706,1,PROD-001,3,12.9,35.55
ORD-2024-034707,1,PROD-030,2,49.3,82.96
ORD-2024-034707,2,PROD-005,2,20.28,34.31
ORD-2024-034708,1,PROD-022,1,9.01,7.04
ORD-2024-034708,2,PROD-023,1,7.89,7.26
ORD-2024-034709,1,PROD-036,1,11.55,10.07
ORD-2024-034710,1,PROD-004,1,20.28,19.16
ORD-2024-034711,1,PROD-007,1,17.18,15.97
ORD-2024-034712,1,PROD-004,2,20.28,35.7
ORD-2024-034712,2,PROD-037,1,9.86,9.38
ORD-2024-034712,3,PROD-034,1,9.01,8.88
ORD-2024-034713,1,PROD-022,1,9.01,8.43
ORD-2024-034713,2,PROD-025,1,21.97,16.3
ORD-2024-034714,1,PROD-001,1,12.9,10.03
ORD-2024-034715,1,PROD-055,1,74.65,54.27
ORD-2024-034715,2,PROD-041,2,11.83,22.51
ORD-2024-034715,3,PROD-001,1,12.9,11.85
ORD-2024-034716,1,PROD-008,1,9.9,8.89
ORD-2024-034717,1,PROD-037,1,9.86,9.3
ORD-2024-034717,2,PROD-006,3,32.39,87.05
ORD-2024-034718,1,PROD-008,1,9.9,9.11
ORD-2024-034719,1,PROD-004,2,20.28,38.38
ORD-2024-034719,2,PROD-003,2,14.37,28.41
ORD-2024-034720,1,PROD-039,4,8.17,20.51
ORD-2024-034721,1,PROD-007,2,17.18,29.71
ORD-2024-034721,2,PROD-008,1,9.9,8.72
ORD-2024-034722,1,PROD-017,1,12.5,9.23
ORD-2024-034723,1,PROD-035,1,10.14,9.64
ORD-2024-034723,2,PROD-003,1,14.37,13.6
ORD-2024-034724,1,PROD-025,2,21.97,35.47
ORD-2024-034725,1,PROD-038,1,7.89,7.44
ORD-2024-034725,2,PROD-005,1,20.28,18.9
ORD-2024-034725,3,PROD-004,3,20.28,56.94
ORD-2024-034726,1,PROD-002,2,11.9,23.54
ORD-2024-034726,2,PROD-001,2,12.9,20.94
ORD-2024-034727,1,PROD-006,1,32.39,31.82
ORD-2024-034727,2,PROD-027,1,21.13,20.63
ORD-2024-034728,1,PROD-034,3,9.01,25.75
ORD-2024-034728,2,PROD-020,1,10.14,10.04
ORD-2024-034729,1,PROD-052,1,46.48,46.43
ORD-2024-034729,2,PROD-005,1,20.28,20.13
ORD-2024-034730,1,PROD-001,1,12.9,11.81
ORD-2024-034731,1,PROD-001,1,12.9,12.22
ORD-2024-034732,1,PROD-001,1,12.9,11.28
ORD-2024-034733,1,PROD-028,1,17.18,14.86
ORD-2024-034733,2,PROD-008,1,9.9,9.07
ORD-2024-034733,3,PROD-035,1,10.14,8.85
ORD-2024-034734,1,PROD-001,1,12.9,11.73
ORD-2024-034734,2,PROD-003,1,14.37,13.53
ORD-2024-034735,1,PROD-026,1,14.65,13.49
ORD-2024-034736,1,PROD-017,1,12.5,11.8
ORD-2024-034737,1,PROD-016,3,8.9,26.09
ORD-2024-034737,2,PROD-045,1,72.68,61.98
ORD-2024-034737,3,PROD-052,1,46.48,36.64
ORD-2024-034738,1,PROD-031,1,53.52,53.04
ORD-2024-034739,1,PROD-040,1,15.21,14.95
ORD-2024-034740,1,PROD-004,1,20.28,14.68
ORD-2024-034740,2,PROD-011,1,14.9,9.53
ORD-2024-034740,3,PROD-003,1,14.37,13.71
ORD-2024-034741,1,PROD-004,1,20.28,17.15
ORD-2024-034742,1,PROD-019,2,29.58,52.27
ORD-2024-034743,1,PROD-001,1,12.9,12.5
ORD-2024-034744,1,PROD-006,3,32.39,94.04
ORD-2024-034744,2,PROD-002,1,11.9,10.73
ORD-2024-034745,1,PROD-006,2,32.39,45.2
ORD-2024-034745,2,PROD-004,2,20.28,39.81
ORD-2024-034745,3,PROD-021,1,15.49,14.02
ORD-2024-034746,1,PROD-005,1,20.28,19.11
ORD-2024-034746,2,PROD-001,2,12.9,23.39
ORD-2024-034746,3,PROD-020,2,10.14,19.29
ORD-2024-034747,1,PROD-006,2,32.39,61.79
ORD-2024-034747,2,PROD-035,4,10.14,35.64
ORD-2024-034748,1,PROD-004,1,20.28,18.58
ORD-2024-034749,1,PROD-005,1,20.28,18.88
ORD-2024-034750,1,PROD-001,1,12.9,10.45
ORD-2024-034750,2,PROD-017,1,12.5,9.8
ORD-2024-034750,3,PROD-010,1,38.03,34.47
ORD-2024-034751,1,PROD-029,2,24.79,39.43
ORD-2024-034752,1,PROD-016,1,8.9,8.49
ORD-2024-034753,1,PROD-017,1,12.5,11.55
ORD-2024-034753,2,PROD-012,3,18.5,54.78
ORD-2024-034754,1,PROD-039,3,8.17,22.31
ORD-2024-034755,1,PROD-046,1,259.15,255.83
ORD-2024-034756,1,PROD-003,2,14.37,28.56
ORD-2024-034757,1,PROD-010,1,38.03,37.86
ORD-2024-034758,1,PROD-002,1,11.9,11.21
ORD-2024-034759,1,PROD-004,2,20.28,38.47
ORD-2024-034759,2,PROD-036,1,11.55,8.96
ORD-2024-034760,1,PROD-038,1,7.89,7.32
ORD-2024-034761,1,PROD-041,1,11.83,11.26
ORD-2024-034762,1,PROD-001,1,12.9,12.77
ORD-2024-034762,2,PROD-002,2,11.9,22.91
ORD-2024-034763,1,PROD-033,1,52.11,49.15
ORD-2024-034764,1,PROD-002,1,11.9,10.44
ORD-2024-034765,1,PROD-014,2,9.9,18.96
ORD-2024-034766,1,PROD-011,1,14.9,14.64
ORD-2024-034766,2,PROD-020,1,10.14,9.8
ORD-2024-034767,1,PROD-006,1,32.39,29.0
ORD-2024-034768,1,PROD-010,1,38.03,35.84
ORD-2024-034768,2,PROD-011,2,14.9,26.84
ORD-2024-034768,3,PROD-005,1,20.28,19.63
ORD-2024-034769,1,PROD-003,1,14.37,13.38
ORD-2024-034769,2,PROD-032,1,19.72,18.95
ORD-2024-034770,1,PROD-035,3,10.14,21.38
ORD-2024-034770,2,PROD-033,1,52.11,38.19
ORD-2024-034771,1,PROD-032,3,19.72,54.82
ORD-2024-034772,1,PROD-005,1,20.28,18.29
ORD-2024-034773,1,PROD-020,2,10.14,19.27
ORD-2024-034773,2,PROD-032,4,19.72,77.55
ORD-2024-034773,3,PROD-003,1,14.37,13.93
ORD-2024-034774,1,PROD-028,1,17.18,15.01
ORD-2024-034775,1,PROD-006,1,32.39,30.77
ORD-2024-034775,2,PROD-026,1,14.65,13.94
ORD-2024-034776,1,PROD-005,1,20.28,17.14
ORD-2024-034776,2,PROD-021,2,15.49,20.42
ORD-2024-034776,3,PROD-030,2,49.3,87.0
ORD-2024-034777,1,PROD-008,3,9.9,25.39
ORD-2024-034778,1,PROD-023,1,7.89,7.58
ORD-2024-034779,1,PROD-006,2,32.39,63.19
ORD-2024-034780,1,PROD-004,2,20.28,38.69
ORD-2024-034780,2,PROD-041,1,11.83,11.66
ORD-2024-034781,1,PROD-052,1,46.48,32.57
ORD-2024-034782,1,PROD-021,1,15.49,14.37
ORD-2024-034783,1,PROD-001,1,12.9,9.97
ORD-2024-034783,2,PROD-032,2,19.72,37.23
ORD-2024-034784,1,PROD-034,2,9.01,13.55
ORD-2024-034785,1,PROD-002,3,11.9,29.95
ORD-2024-034786,1,PROD-038,1,7.89,7.33
ORD-2024-034787,1,PROD-039,2,8.17,10.56
ORD-2024-034787,2,PROD-032,1,19.72,17.99
ORD-2024-034788,1,PROD-026,1,14.65,13.92
ORD-2024-034789,1,PROD-032,1,19.72,18.86
ORD-2024-034790,1,PROD-003,1,14.37,13.9
ORD-2024-034790,2,PROD-008,1,9.9,9.37
ORD-2024-034790,3,PROD-004,1,20.28,19.38
ORD-2024-034791,1,PROD-045,1,72.68,68.12
ORD-2024-034791,2,PROD-004,1,20.28,19.84
ORD-2024-034792,1,PROD-007,2,17.18,33.51
ORD-2024-034793,1,PROD-001,2,12.9,17.82
ORD-2024-034793,2,PROD-002,2,11.9,22.02
ORD-2024-034794,1,PROD-041,3,11.83,24.28
ORD-2024-034795,1,PROD-024,1,8.73,7.51
ORD-2024-034795,2,PROD-027,1,21.13,18.2
ORD-2024-034795,3,PROD-010,2,38.03,65.7
ORD-2024-034796,1,PROD-002,1,11.9,10.66
ORD-2024-034797,1,PROD-026,1,14.65,6.82
ORD-2024-034798,1,PROD-011,2,14.9,27.86
ORD-2024-034799,1,PROD-038,1,7.89,4.97
ORD-2024-034800,1,PROD-031,1,53.52,51.87
ORD-2024-034801,1,PROD-001,1,12.9,11.05
ORD-2024-034801,2,PROD-034,2,9.01,17.57
ORD-2024-034802,1,PROD-034,1,9.01,8.27
ORD-2024-034802,2,PROD-027,1,21.13,16.59
ORD-2024-034803,1,PROD-036,2,11.55,14.99
ORD-2024-034803,2,PROD-040,1,15.21,12.8
ORD-2024-034803,3,PROD-033,1,52.11,38.64
ORD-2024-034804,1,PROD-001,2,12.9,25.63
ORD-2024-034804,2,PROD-002,2,11.9,23.72
ORD-2024-034805,1,PROD-001,1,12.9,10.59
ORD-2024-034806,1,PROD-010,1,38.03,33.04
ORD-2024-034807,1,PROD-007,2,17.18,28.26
ORD-2024-034808,1,PROD-026,2,14.65,27.73
ORD-2024-034808,2,PROD-023,1,7.89,6.96
ORD-2024-034809,1,PROD-038,3,7.89,10.87
ORD-2024-034810,1,PROD-004,1,20.28,19.53
ORD-2024-034811,1,PROD-024,1,8.73,7.47
ORD-2024-034812,1,PROD-001,1,12.9,9.93
ORD-2024-034812,2,PROD-005,2,20.28,34.32
ORD-2024-034813,1,PROD-003,2,14.37,26.94
ORD-2024-034813,2,PROD-007,1,17.18,16.48
ORD-2024-034813,3,PROD-004,1,20.28,19.82
ORD-2024-034814,1,PROD-039,2,8.17,15.07
ORD-2024-034815,1,PROD-033,3,52.11,154.86
ORD-2024-034816,1,PROD-002,1,11.9,10.97
ORD-2024-034817,1,PROD-027,1,21.13,19.9
ORD-2024-034818,1,PROD-020,1,10.14,9.47
ORD-2024-034818,2,PROD-024,2,8.73,16.43
ORD-2024-034819,1,PROD-001,3,12.9,34.48
ORD-2024-034819,2,PROD-006,3,32.39,93.37
ORD-2024-034820,1,PROD-006,1,32.39,27.39
ORD-2024-034820,2,PROD-005,2,20.28,34.1
ORD-2024-034821,1,PROD-008,3,9.9,19.48
ORD-2024-034822,1,PROD-010,1,38.03,36.08
ORD-2024-034823,1,PROD-007,1,17.18,16.18
ORD-2024-034824,1,PROD-007,1,17.18,16.46
ORD-2024-034824,2,PROD-006,1,32.39,25.22
ORD-2024-034825,1,PROD-035,2,10.14,18.86
ORD-2024-034826,1,PROD-007,1,17.18,16.04
ORD-2024-034827,1,PROD-006,2,32.39,59.25
ORD-2024-034827,2,PROD-004,2,20.28,37.63
ORD-2024-034827,3,PROD-005,2,20.28,39.16
ORD-2024-034828,1,PROD-021,1,15.49,13.78
ORD-2024-034828,2,PROD-036,2,11.55,16.89
ORD-2024-034828,3,PROD-042,1,73.24,65.07
ORD-2024-034829,1,PROD-002,1,11.9,10.61
ORD-2024-034829,2,PROD-007,2,17.18,30.36
ORD-2024-034830,1,PROD-038,3,7.89,22.85
ORD-2024-034830,2,PROD-035,1,10.14,10.04
ORD-2024-034830,3,PROD-001,2,12.9,24.82
ORD-2024-034831,1,PROD-054,1,59.15,58.15
ORD-2024-034832,1,PROD-003,2,14.37,26.37
ORD-2024-034832,2,PROD-052,1,46.48,33.54
ORD-2024-034833,1,PROD-052,1,46.48,39.98
ORD-2024-034834,1,PROD-001,2,12.9,24.57
ORD-2024-034835,1,PROD-004,1,20.28,18.19
ORD-2024-034835,2,PROD-012,2,18.5,28.12
ORD-2024-034836,1,PROD-047,1,108.45,103.21
ORD-2024-034836,2,PROD-041,2,11.83,21.92
ORD-2024-034837,1,PROD-004,2,20.28,36.26
ORD-2024-034837,2,PROD-034,2,9.01,14.28
ORD-2024-034838,1,PROD-004,1,20.28,16.05
ORD-2024-034838,2,PROD-042,2,73.24,116.26
ORD-2024-034838,3,PROD-026,2,14.65,25.7
ORD-2024-034838,4,PROD-028,1,17.18,14.65
ORD-2024-034839,1,PROD-007,1,17.18,15.1
ORD-2024-034839,2,PROD-033,2,52.11,102.3
ORD-2024-034839,3,PROD-001,2,12.9,24.7
ORD-2024-034840,1,PROD-008,1,9.9,9.16
ORD-2024-034840,2,PROD-034,3,9.01,24.59
ORD-2024-034840,3,PROD-002,1,11.9,9.04
ORD-2024-034841,1,PROD-032,2,19.72,38.73
ORD-2024-034842,1,PROD-003,2,14.37,27.61
ORD-2024-034843,1,PROD-055,1,74.65,68.04
ORD-2024-034844,1,PROD-004,1,20.28,19.13
ORD-2024-034845,1,PROD-031,2,53.52,100.66
ORD-2024-034846,1,PROD-028,2,17.18,34.03
ORD-2024-034847,1,PROD-020,1,10.14,8.91
ORD-2024-034847,2,PROD-035,3,10.14,25.61
ORD-2024-034848,1,PROD-005,3,20.28,60.67
ORD-2024-034849,1,PROD-041,1,11.83,9.67
ORD-2024-034850,1,PROD-003,2,14.37,27.93
ORD-2024-034850,2,PROD-041,1,11.83,11.45
ORD-2024-034850,3,PROD-013,1,11.9,11.11
ORD-2024-034850,4,PROD-002,2,11.9,22.13
ORD-2024-034850,5,PROD-047,1,108.45,84.33
ORD-2024-034851,1,PROD-013,2,11.9,23.37
ORD-2024-034852,1,PROD-005,1,20.28,20.19
ORD-2024-034853,1,PROD-051,1,36.06,22.9
ORD-2024-034854,1,PROD-004,1,20.28,14.34
ORD-2024-034855,1,PROD-053,1,53.52,38.62
ORD-2024-034856,1,PROD-020,1,10.14,9.12
ORD-2024-034857,1,PROD-010,2,38.03,73.24
ORD-2024-034857,2,PROD-041,1,11.83,11.25
ORD-2024-034857,3,PROD-005,1,20.28,16.59
ORD-2024-034858,1,PROD-006,1,32.39,22.96
ORD-2024-034858,2,PROD-026,2,14.65,23.28
ORD-2024-034859,1,PROD-019,2,29.58,56.06
ORD-2024-034859,2,PROD-052,1,46.48,46.14
ORD-2024-034860,1,PROD-001,1,12.9,10.18
ORD-2024-034861,1,PROD-002,1,11.9,10.04
ORD-2024-034861,2,PROD-008,1,9.9,9.71
ORD-2024-034861,3,PROD-026,2,14.65,28.12
ORD-2024-034862,1,PROD-006,1,32.39,29.52
ORD-2024-034862,2,PROD-035,2,10.14,20.02
ORD-2024-034863,1,PROD-010,2,38.03,75.12
ORD-2024-034863,2,PROD-006,1,32.39,30.68
ORD-2024-034863,3,PROD-005,2,20.28,38.47
ORD-2024-034864,1,PROD-011,1,14.9,13.21
ORD-2024-034865,1,PROD-020,1,10.14,9.78
ORD-2024-034866,1,PROD-053,1,53.52,31.79
ORD-2024-034867,1,PROD-007,2,17.18,21.05
ORD-2024-034867,2,PROD-035,3,10.14,27.81
ORD-2024-034867,3,PROD-001,1,12.9,9.45
ORD-2024-034868,1,PROD-004,1,20.28,17.69
ORD-2024-034868,2,PROD-001,1,12.9,11.47
ORD-2024-034869,1,PROD-005,1,20.28,18.71
ORD-2024-034870,1,PROD-002,1,11.9,11.62
ORD-2024-034871,1,PROD-008,1,9.9,9.03
ORD-2024-034871,2,PROD-041,1,11.83,9.73
ORD-2024-034871,3,PROD-035,2,10.14,18.97
ORD-2024-034872,1,PROD-006,1,32.39,29.24
ORD-2024-034872,2,PROD-004,1,20.28,18.92
ORD-2024-034873,1,PROD-001,2,12.9,24.23
ORD-2024-034873,2,PROD-017,2,12.5,18.23
ORD-2024-034874,1,PROD-022,1,9.01,8.78
ORD-2024-034874,2,PROD-013,1,11.9,11.04
ORD-2024-034875,1,PROD-001,1,12.9,11.99
ORD-2024-034876,1,PROD-020,1,10.14,9.74
ORD-2024-034877,1,PROD-001,2,12.9,24.43
ORD-2024-034877,2,PROD-002,1,11.9,10.54
ORD-2024-034877,3,PROD-008,1,9.9,8.97
ORD-2024-034878,1,PROD-003,1,14.37,12.74
ORD-2024-034878,2,PROD-052,1,46.48,39.63
ORD-2024-034878,3,PROD-007,1,17.18,14.29
ORD-2024-034879,1,PROD-052,1,46.48,25.07
ORD-2024-034880,1,PROD-004,1,20.28,15.76
ORD-2024-034880,2,PROD-033,3,52.11,147.61
ORD-2024-034880,3,PROD-002,2,11.9,22.07
ORD-2024-034881,1,PROD-005,1,20.28,18.8
ORD-2024-034882,1,PROD-026,1,14.65,13.75
ORD-2024-034882,2,PROD-054,1,59.15,52.5
ORD-2024-034882,3,PROD-020,1,10.14,8.14
ORD-2024-034883,1,PROD-011,2,14.9,25.85
ORD-2024-034884,1,PROD-007,1,17.18,16.66
ORD-2024-034884,2,PROD-034,2,9.01,17.75
ORD-2024-034885,1,PROD-008,2,9.9,18.02
ORD-2024-034885,2,PROD-001,1,12.9,12.6
ORD-2024-034886,1,PROD-001,2,12.9,24.55
ORD-2024-034887,1,PROD-017,1,12.5,11.96
ORD-2024-034887,2,PROD-020,2,10.14,17.8
ORD-2024-034888,1,PROD-013,2,11.9,22.91
ORD-2024-034888,2,PROD-032,2,19.72,37.8
ORD-2024-034889,1,PROD-005,1,20.28,18.67
ORD-2024-034890,1,PROD-001,1,12.9,10.66
ORD-2024-034890,2,PROD-033,4,52.11,195.31
ORD-2024-034890,3,PROD-032,1,19.72,19.12
ORD-2024-034890,4,PROD-004,1,20.28,19.41
ORD-2024-034891,1,PROD-004,2,20.28,38.57
ORD-2024-034891,2,PROD-003,2,14.37,25.75
ORD-2024-034891,3,PROD-037,3,9.86,28.08
ORD-2024-034892,1,PROD-003,1,14.37,13.65
ORD-2024-034893,1,PROD-002,1,11.9,11.37
ORD-2024-034894,1,PROD-040,2,15.21,29.75
ORD-2024-034895,1,PROD-008,1,9.9,9.29
ORD-2024-034896,1,PROD-003,2,14.37,23.64
ORD-2024-034896,2,PROD-001,2,12.9,23.01
ORD-2024-034896,3,PROD-007,2,17.18,32.84
ORD-2024-034897,1,PROD-020,1,10.14,9.49
ORD-2024-034897,2,PROD-036,1,11.55,11.37
ORD-2024-034898,1,PROD-023,1,7.89,7.77
ORD-2024-034899,1,PROD-030,1,49.3,35.1
ORD-2024-034900,1,PROD-029,1,24.79,21.99
ORD-2024-034900,2,PROD-004,2,20.28,39.42
ORD-2024-034900,3,PROD-007,1,17.18,16.85
ORD-2024-034900,4,PROD-008,2,9.9,18.42
ORD-2024-034900,5,PROD-005,1,20.28,18.66
ORD-2024-034901,1,PROD-007,1,17.18,16.15
ORD-2024-034901,2,PROD-035,3,10.14,29.18
ORD-2024-034902,1,PROD-035,1,10.14,5.85
ORD-2024-034902,2,PROD-034,1,9.01,8.12
ORD-2024-034903,1,PROD-013,1,11.9,10.97
ORD-2024-034904,1,PROD-006,2,32.39,62.18
ORD-2024-034904,2,PROD-005,2,20.28,37.57
ORD-2024-034905,1,PROD-036,2,11.55,19.91
ORD-2024-034905,2,PROD-003,1,14.37,11.01
ORD-2024-034905,3,PROD-016,2,8.9,10.92
ORD-2024-034906,1,PROD-002,1,11.9,11.06
ORD-2024-034907,1,PROD-002,2,11.9,22.69
ORD-2024-034907,2,PROD-032,1,19.72,19.0
ORD-2024-034908,1,PROD-004,2,20.28,38.63
ORD-2024-034909,1,PROD-053,1,53.52,44.85
ORD-2024-034910,1,PROD-010,1,38.03,31.27
ORD-2024-034911,1,PROD-006,1,32.39,29.78
ORD-2024-034912,1,PROD-036,2,11.55,21.52
ORD-2024-034913,1,PROD-003,1,14.37,13.0
ORD-2024-034914,1,PROD-039,2,8.17,15.29
ORD-2024-034914,2,PROD-017,1,12.5,12.1
ORD-2024-034915,1,PROD-003,1,14.37,13.32
ORD-2024-034916,1,PROD-005,2,20.28,38.38
ORD-2024-034917,1,PROD-046,1,259.15,242.75
ORD-2024-034918,1,PROD-005,1,20.28,16.38
ORD-2024-034918,2,PROD-035,1,10.14,9.36
ORD-2024-034919,1,PROD-013,1,11.9,10.73
ORD-2024-034919,2,PROD-035,2,10.14,20.0
ORD-2024-034920,1,PROD-013,1,11.9,11.19
ORD-2024-034921,1,PROD-014,1,9.9,9.72
ORD-2024-034922,1,PROD-007,2,17.18,32.59
ORD-2024-034922,2,PROD-020,1,10.14,9.24
ORD-2024-034923,1,PROD-036,1,11.55,11.48
ORD-2024-034924,1,PROD-037,1,9.86,8.41
ORD-2024-034925,1,PROD-004,2,20.28,37.71
ORD-2024-034925,2,PROD-044,1,40.85,39.47
ORD-2024-034925,3,PROD-041,4,11.83,44.16
ORD-2024-034926,1,PROD-023,1,7.89,6.44
ORD-2024-034927,1,PROD-016,1,8.9,7.75
ORD-2024-034928,1,PROD-037,1,9.86,9.04
ORD-2024-034929,1,PROD-032,3,19.72,55.69
ORD-2024-034930,1,PROD-007,3,17.18,47.7
ORD-2024-034930,2,PROD-001,1,12.9,12.56
ORD-2024-034930,3,PROD-004,1,20.28,19.03
ORD-2024-034931,1,PROD-041,1,11.83,11.56
ORD-2024-034932,1,PROD-040,1,15.21,14.13
ORD-2024-034933,1,PROD-012,1,18.5,17.23
ORD-2024-034933,2,PROD-004,1,20.28,18.16
ORD-2024-034934,1,PROD-035,2,10.14,19.0
ORD-2024-034935,1,PROD-017,2,12.5,22.71
ORD-2024-034936,1,PROD-001,2,12.9,22.25
ORD-2024-034937,1,PROD-041,2,11.83,21.03
ORD-2024-034937,2,PROD-001,3,12.9,37.08
ORD-2024-034938,1,PROD-003,1,14.37,13.8
ORD-2024-034939,1,PROD-010,1,38.03,37.2
ORD-2024-034940,1,PROD-021,1,15.49,12.94
ORD-2024-034941,1,PROD-022,1,9.01,7.48
ORD-2024-034941,2,PROD-005,1,20.28,16.31
ORD-2024-034942,1,PROD-005,1,20.28,18.89
ORD-2024-034943,1,PROD-034,2,9.01,17.98
ORD-2024-034944,1,PROD-052,1,46.48,43.78
ORD-2024-034945,1,PROD-017,2,12.5,24.16
ORD-2024-034946,1,PROD-010,1,38.03,37.26
ORD-2024-034947,1,PROD-019,3,29.58,74.52
ORD-2024-034948,1,PROD-011,1,14.9,9.32
ORD-2024-034948,2,PROD-024,1,8.73,4.87
ORD-2024-034948,3,PROD-034,1,9.01,6.54
ORD-2024-034949,1,PROD-014,2,9.9,19.4
ORD-2024-034950,1,PROD-044,1,40.85,39.51
ORD-2024-034951,1,PROD-023,1,7.89,7.08
ORD-2024-034951,2,PROD-006,1,32.39,29.29
ORD-2024-034952,1,PROD-007,1,17.18,16.43
ORD-2024-034953,1,PROD-032,1,19.72,12.71
ORD-2024-034953,2,PROD-012,1,18.5,8.32
ORD-2024-034954,1,PROD-003,2,14.37,22.91
ORD-2024-034954,2,PROD-035,1,10.14,8.92
ORD-2024-034954,3,PROD-032,2,19.72,37.0
ORD-2024-034954,4,PROD-056,1,101.41,86.63
ORD-2024-034955,1,PROD-041,3,11.83,32.16
ORD-2024-034955,2,PROD-006,2,32.39,61.45
ORD-2024-034955,3,PROD-038,1,7.89,6.94
ORD-2024-034955,4,PROD-004,1,20.28,19.25
ORD-2024-034956,1,PROD-002,3,11.9,35.21
ORD-2024-034957,1,PROD-005,1,20.28,15.88
ORD-2024-034957,2,PROD-017,1,12.5,10.21
ORD-2024-034957,3,PROD-034,2,9.01,16.37
ORD-2024-034958,1,PROD-002,2,11.9,22.81
ORD-2024-034959,1,PROD-001,1,12.9,12.11
ORD-2024-034959,2,PROD-041,3,11.83,30.65
ORD-2024-034959,3,PROD-002,1,11.9,11.19
ORD-2024-034960,1,PROD-012,1,18.5,17.82
ORD-2024-034961,1,PROD-007,1,17.18,12.81
ORD-2024-034961,2,PROD-017,1,12.5,5.62
ORD-2024-034961,3,PROD-044,1,40.85,32.46
ORD-2024-034962,1,PROD-007,2,17.18,31.87
ORD-2024-034963,1,PROD-006,2,32.39,58.59
ORD-2024-034964,1,PROD-034,2,9.01,16.09
ORD-2024-034964,2,PROD-005,1,20.28,18.68
ORD-2024-034965,1,PROD-010,1,38.03,36.53
ORD-2024-034965,2,PROD-035,1,10.14,9.07
ORD-2024-034966,1,PROD-020,1,10.14,9.85
ORD-2024-034966,2,PROD-035,2,10.14,18.75
ORD-2024-034966,3,PROD-004,1,20.28,19.92
ORD-2024-034966,4,PROD-032,1,19.72,19.45
ORD-2024-034967,1,PROD-002,2,11.9,22.52
ORD-2024-034968,1,PROD-006,1,32.39,28.84
ORD-2024-034969,1,PROD-008,1,9.9,8.66
ORD-2024-034969,2,PROD-003,1,14.37,10.59
ORD-2024-034970,1,PROD-006,1,32.39,28.49
ORD-2024-034971,1,PROD-021,1,15.49,14.51
ORD-2024-034971,2,PROD-003,2,14.37,26.24
ORD-2024-034971,3,PROD-035,3,10.14,28.31
ORD-2024-034972,1,PROD-036,3,11.55,25.29
ORD-2024-034972,2,PROD-005,2,20.28,39.38
ORD-2024-034973,1,PROD-004,2,20.28,39.76
ORD-2024-034974,1,PROD-029,1,24.79,24.0
ORD-2024-034975,1,PROD-002,2,11.9,23.43
ORD-2024-034976,1,PROD-001,3,12.9,35.86
ORD-2024-034977,1,PROD-023,1,7.89,7.41
ORD-2024-034978,1,PROD-005,2,20.28,40.01
ORD-2024-034979,1,PROD-013,2,11.9,20.42
ORD-2024-034980,1,PROD-023,1,7.89,7.51
ORD-2024-034981,1,PROD-016,2,8.9,17.52
ORD-2024-034981,2,PROD-005,2,20.28,37.83
ORD-2024-034981,3,PROD-007,1,17.18,16.08
ORD-2024-034982,1,PROD-036,1,11.55,11.44
ORD-2024-034982,2,PROD-006,2,32.39,63.82
ORD-2024-034983,1,PROD-040,1,15.21,14.98
ORD-2024-034983,2,PROD-006,2,32.39,62.34
ORD-2024-034983,3,PROD-028,2,17.18,32.41
ORD-2024-034983,4,PROD-005,1,20.28,19.52
ORD-2024-034984,1,PROD-014,1,9.9,9.8
ORD-2024-034985,1,PROD-002,2,11.9,23.22
ORD-2024-034986,1,PROD-038,1,7.89,7.77
ORD-2024-034986,2,PROD-002,1,11.9,10.65
ORD-2024-034987,1,PROD-005,3,20.28,54.55
ORD-2024-034987,2,PROD-001,2,12.9,25.27
ORD-2024-034988,1,PROD-006,1,32.39,31.63
ORD-2024-034989,1,PROD-034,2,9.01,9.25
ORD-2024-034990,1,PROD-028,1,17.18,13.47
ORD-2024-034991,1,PROD-016,3,8.9,23.28
ORD-2024-034991,2,PROD-026,1,14.65,14.12
ORD-2024-034992,1,PROD-003,2,14.37,26.64
ORD-2024-034992,2,PROD-005,2,20.28,40.12
ORD-2024-034993,1,PROD-002,1,11.9,11.7
ORD-2024-034994,1,PROD-037,2,9.86,18.96
ORD-2024-034995,1,PROD-052,1,46.48,44.41
ORD-2024-034995,2,PROD-004,1,20.28,19.08
ORD-2024-034996,1,PROD-004,3,20.28,58.87
ORD-2024-034997,1,PROD-034,4,9.01,34.23
ORD-2024-034998,1,PROD-003,1,14.37,13.76
ORD-2024-034999,1,PROD-012,1,18.5,16.79
ORD-2024-035000,1,PROD-039,2,8.17,15.64
ORD-2024-035000,2,PROD-004,1,20.28,18.91
ORD-2024-035000,3,PROD-001,3,12.9,36.19
ORD-2024-035001,1,PROD-001,1,12.9,10.92
ORD-2024-035002,1,PROD-004,2,20.28,40.1
ORD-2024-035002,2,PROD-001,1,12.9,12.28
ORD-2024-035002,3,PROD-012,2,18.5,36.72
ORD-2024-035003,1,PROD-001,2,12.9,23.13
ORD-2024-035004,1,PROD-005,2,20.28,28.78
ORD-2024-035005,1,PROD-059,1,52.11,50.14
ORD-2024-035005,2,PROD-002,2,11.9,12.18
ORD-2024-035006,1,PROD-005,1,20.28,18.91
ORD-2024-035007,1,PROD-023,2,7.89,12.43
ORD-2024-035008,1,PROD-034,2,9.01,16.19
ORD-2024-035008,2,PROD-035,1,10.14,9.48
ORD-2024-035008,3,PROD-004,1,20.28,18.58
ORD-2024-035009,1,PROD-001,1,12.9,12.54
ORD-2024-035010,1,PROD-002,3,11.9,34.03
ORD-2024-035011,1,PROD-010,1,38.03,35.44
ORD-2024-035012,1,PROD-005,3,20.28,53.79
ORD-2024-035012,2,PROD-017,1,12.5,10.95
ORD-2024-035012,3,PROD-003,3,14.37,31.91
ORD-2024-035013,1,PROD-013,1,11.9,10.14
ORD-2024-035013,2,PROD-032,1,19.72,18.58
ORD-2024-035013,3,PROD-008,2,9.9,17.91
ORD-2024-035014,1,PROD-002,1,11.9,11.51
ORD-2024-035015,1,PROD-054,1,59.15,33.66
ORD-2024-035016,1,PROD-023,1,7.89,7.14
ORD-2024-035016,2,PROD-004,1,20.28,17.88
ORD-2024-035016,3,PROD-001,1,12.9,12.48
ORD-2024-035017,1,PROD-020,1,10.14,8.79
ORD-2024-035018,1,PROD-004,2,20.28,40.16
ORD-2024-035019,1,PROD-005,1,20.28,18.48
ORD-2024-035020,1,PROD-035,1,10.14,10.02
ORD-2024-035020,2,PROD-003,1,14.37,12.49
ORD-2024-035020,3,PROD-001,1,12.9,11.9
ORD-2024-035020,4,PROD-041,4,11.83,46.06
ORD-2024-035021,1,PROD-016,1,8.9,7.45
ORD-2024-035022,1,PROD-008,2,9.9,17.09
ORD-2024-035023,1,PROD-001,1,12.9,12.36
ORD-2024-035023,2,PROD-004,2,20.28,36.81
ORD-2024-035023,3,PROD-007,1,17.18,16.29
ORD-2024-035024,1,PROD-033,4,52.11,204.06
ORD-2024-035024,2,PROD-036,1,11.55,11.03
ORD-2024-035025,1,PROD-011,2,14.9,23.57
ORD-2024-035025,2,PROD-038,1,7.89,7.52
ORD-2024-035026,1,PROD-004,2,20.28,38.0
ORD-2024-035027,1,PROD-001,1,12.9,12.23
ORD-2024-035028,1,PROD-017,1,12.5,10.62
ORD-2024-035029,1,PROD-001,1,12.9,11.97
ORD-2024-035029,2,PROD-003,1,14.37,13.91
ORD-2024-035029,3,PROD-035,1,10.14,8.98
ORD-2024-035029,4,PROD-005,2,20.28,33.25
ORD-2024-035029,5,PROD-036,3,11.55,32.6
ORD-2024-035030,1,PROD-015,2,26.76,44.43
ORD-2024-035031,1,PROD-006,1,32.39,28.66
ORD-2024-035032,1,PROD-005,1,20.28,18.88
ORD-2024-035033,1,PROD-010,1,38.03,34.04
ORD-2024-035034,1,PROD-005,1,20.28,18.69
ORD-2024-035035,1,PROD-005,1,20.28,17.28
ORD-2024-035036,1,PROD-001,2,12.9,23.8
ORD-2024-035037,1,PROD-005,1,20.28,19.24
ORD-2024-035038,1,PROD-005,1,20.28,19.5
ORD-2024-035038,2,PROD-035,2,10.14,19.36
ORD-2024-035039,1,PROD-008,2,9.9,15.38
ORD-2024-035040,1,PROD-005,1,20.28,17.86
ORD-2024-035040,2,PROD-034,1,9.01,7.64
ORD-2024-035041,1,PROD-039,1,8.17,7.5
ORD-2024-035042,1,PROD-005,1,20.28,18.91
ORD-2024-035042,2,PROD-040,3,15.21,45.1
ORD-2024-035043,1,PROD-045,1,72.68,72.22
ORD-2024-035043,2,PROD-006,2,32.39,64.55
ORD-2024-035044,1,PROD-036,1,11.55,11.16
ORD-2024-035044,2,PROD-035,1,10.14,8.78
ORD-2024-035045,1,PROD-004,2,20.28,39.71
ORD-2024-035046,1,PROD-002,3,11.9,33.77
ORD-2024-035046,2,PROD-007,2,17.18,33.17
ORD-2024-035046,3,PROD-041,1,11.83,11.29
ORD-2024-035047,1,PROD-001,1,12.9,11.15
ORD-2024-035047,2,PROD-035,1,10.14,9.94
ORD-2024-035047,3,PROD-042,2,73.24,143.15
ORD-2024-035047,4,PROD-002,1,11.9,10.57
ORD-2024-035048,1,PROD-011,1,14.9,10.26
ORD-2024-035048,2,PROD-052,1,46.48,41.74
ORD-2024-035048,3,PROD-044,1,40.85,28.16
ORD-2024-035049,1,PROD-041,2,11.83,22.08
ORD-2024-035049,2,PROD-001,1,12.9,12.52
ORD-2024-035050,1,PROD-034,2,9.01,16.83
ORD-2024-035051,1,PROD-010,1,38.03,33.05
ORD-2024-035051,2,PROD-034,1,9.01,4.68
ORD-2024-035052,1,PROD-052,1,46.48,44.45
ORD-2024-035052,2,PROD-040,2,15.21,20.28
ORD-2024-035053,1,PROD-038,3,7.89,22.38
ORD-2024-035054,1,PROD-007,2,17.18,25.8
ORD-2024-035055,1,PROD-003,1,14.37,13.78
ORD-2024-035055,2,PROD-039,1,8.17,7.53
ORD-2024-035056,1,PROD-004,2,20.28,39.89
ORD-2024-035056,2,PROD-003,1,14.37,14.1
ORD-2024-035056,3,PROD-002,2,11.9,23.03
ORD-2024-035057,1,PROD-001,1,12.9,12.57
ORD-2024-035058,1,PROD-002,2,11.9,22.3
ORD-2024-035058,2,PROD-004,2,20.28,34.49
ORD-2024-035058,3,PROD-020,2,10.14,17.8
ORD-2024-035059,1,PROD-028,2,17.18,30.95
ORD-2024-035060,1,PROD-015,1,26.76,23.6
ORD-2024-035061,1,PROD-004,1,20.28,19.43
ORD-2024-035062,1,PROD-006,3,32.39,96.12
ORD-2024-035063,1,PROD-023,1,7.89,7.18
ORD-2024-035064,1,PROD-036,2,11.55,16.42
ORD-2024-035065,1,PROD-013,1,11.9,5.35
ORD-2024-035065,2,PROD-006,1,32.39,28.97
ORD-2024-035066,1,PROD-013,1,11.9,10.7
ORD-2024-035067,1,PROD-021,1,15.49,15.44
ORD-2024-035067,2,PROD-004,1,20.28,19.82
ORD-2024-035068,1,PROD-034,2,9.01,16.14
ORD-2024-035069,1,PROD-001,2,12.9,23.42
ORD-2024-035070,1,PROD-008,1,9.9,8.95
ORD-2024-035070,2,PROD-035,4,10.14,32.16
ORD-2024-035071,1,PROD-027,2,21.13,26.8
ORD-2024-035071,2,PROD-031,1,53.52,49.23
ORD-2024-035072,1,PROD-028,2,17.18,33.81
ORD-2024-035073,1,PROD-006,3,32.39,83.07
ORD-2024-035073,2,PROD-002,1,11.9,9.84
ORD-2024-035074,1,PROD-040,1,15.21,12.97
ORD-2024-035074,2,PROD-004,1,20.28,12.35
ORD-2024-035075,1,PROD-007,1,17.18,16.59
ORD-2024-035076,1,PROD-010,2,38.03,75.05
ORD-2024-035076,2,PROD-014,1,9.9,9.25
ORD-2024-035076,3,PROD-034,2,9.01,17.7
ORD-2024-035077,1,PROD-005,1,20.28,19.41
ORD-2024-035078,1,PROD-016,1,8.9,6.76
ORD-2024-035079,1,PROD-004,1,20.28,19.89
ORD-2024-035079,2,PROD-033,1,52.11,49.52
ORD-2024-035080,1,PROD-020,2,10.14,18.9
ORD-2024-035081,1,PROD-026,1,14.65,14.5
ORD-2024-035081,2,PROD-005,2,20.28,39.83
ORD-2024-035082,1,PROD-044,1,40.85,31.47
ORD-2024-035083,1,PROD-026,1,14.65,10.87
ORD-2024-035084,1,PROD-028,1,17.18,16.01
ORD-2024-035084,2,PROD-050,1,61.97,50.46
ORD-2024-035084,3,PROD-021,1,15.49,12.52
ORD-2024-035085,1,PROD-006,2,32.39,62.54
ORD-2024-035085,2,PROD-002,2,11.9,23.06
ORD-2024-035085,3,PROD-034,2,9.01,16.73
ORD-2024-035086,1,PROD-003,1,14.37,11.77
ORD-2024-035087,1,PROD-007,1,17.18,16.71
ORD-2024-035088,1,PROD-002,2,11.9,23.57
ORD-2024-035088,2,PROD-005,2,20.28,40.07
ORD-2024-035089,1,PROD-033,1,52.11,51.33
ORD-2024-035090,1,PROD-034,1,9.01,8.58
ORD-2024-035090,2,PROD-001,2,12.9,24.2
ORD-2024-035091,1,PROD-005,3,20.28,59.11
ORD-2024-035092,1,PROD-040,3,15.21,38.74
ORD-2024-035093,1,PROD-035,3,10.14,28.7
ORD-2024-035093,2,PROD-007,2,17.18,31.11
ORD-2024-035094,1,PROD-004,2,20.28,36.19
ORD-2024-035095,1,PROD-006,1,32.39,30.68
ORD-2024-035095,2,PROD-034,1,9.01,8.74
ORD-2024-035095,3,PROD-003,1,14.37,13.5
ORD-2024-035096,1,PROD-006,1,32.39,29.8
ORD-2024-035097,1,PROD-008,2,9.9,18.97
ORD-2024-035097,2,PROD-011,1,14.9,14.5
ORD-2024-035098,1,PROD-040,3,15.21,32.52
ORD-2024-035099,1,PROD-005,1,20.28,14.5
ORD-2024-035100,1,PROD-029,1,24.79,22.25
ORD-2024-035101,1,PROD-026,2,14.65,23.92
ORD-2024-035102,1,PROD-013,1,11.9,11.3
ORD-2024-035102,2,PROD-034,2,9.01,13.21
ORD-2024-035103,1,PROD-031,1,53.52,53.0
ORD-2024-035104,1,PROD-039,2,8.17,13.55
ORD-2024-035105,1,PROD-001,1,12.9,12.53
ORD-2024-035106,1,PROD-003,2,14.37,26.35
ORD-2024-035106,2,PROD-019,1,29.58,25.37
ORD-2024-035107,1,PROD-004,1,20.28,18.56
ORD-2024-035107,2,PROD-003,1,14.37,13.85
ORD-2024-035107,3,PROD-001,1,12.9,12.29
ORD-2024-035107,4,PROD-031,1,53.52,50.69
ORD-2024-035108,1,PROD-004,2,20.28,25.86
ORD-2024-035108,2,PROD-035,1,10.14,4.62
ORD-2024-035109,1,PROD-040,1,15.21,12.35
ORD-2024-035110,1,PROD-039,1,8.17,6.97
ORD-2024-035111,1,PROD-005,2,20.28,39.32
ORD-2024-035112,1,PROD-037,1,9.86,7.99
ORD-2024-035113,1,PROD-038,1,7.89,5.96
ORD-2024-035114,1,PROD-001,2,12.9,24.35
ORD-2024-035115,1,PROD-015,1,26.76,25.83
ORD-2024-035116,1,PROD-038,2,7.89,8.63
ORD-2024-035116,2,PROD-016,1,8.9,6.92
ORD-2024-035116,3,PROD-020,2,10.14,19.62
ORD-2024-035117,1,PROD-003,2,14.37,28.56
ORD-2024-035118,1,PROD-030,1,49.3,36.66
ORD-2024-035118,2,PROD-021,1,15.49,13.16
ORD-2024-035119,1,PROD-022,1,9.01,8.91
ORD-2024-035119,2,PROD-031,1,53.52,51.51
ORD-2024-035119,3,PROD-037,3,9.86,29.21
ORD-2024-035120,1,PROD-001,1,12.9,11.04
ORD-2024-035121,1,PROD-004,2,20.28,39.45
ORD-2024-035122,1,PROD-004,2,20.28,37.6
ORD-2024-035123,1,PROD-036,1,11.55,10.9
ORD-2024-035124,1,PROD-016,1,8.9,7.75
ORD-2024-035124,2,PROD-007,2,17.18,31.71
ORD-2024-035125,1,PROD-024,1,8.73,6.59
ORD-2024-035126,1,PROD-011,2,14.9,29.26
ORD-2024-035127,1,PROD-008,1,9.9,8.3
ORD-2024-035127,2,PROD-003,2,14.37,20.49
ORD-2024-035128,1,PROD-003,1,14.37,14.01
ORD-2024-035128,2,PROD-032,1,19.72,18.78
ORD-2024-035129,1,PROD-008,1,9.9,9.56
ORD-2024-035130,1,PROD-021,2,15.49,29.72
ORD-2024-035131,1,PROD-036,1,11.55,10.72
ORD-2024-035132,1,PROD-007,1,17.18,14.69
ORD-2024-035133,1,PROD-005,3,20.28,57.51
ORD-2024-035133,2,PROD-001,2,12.9,23.83
ORD-2024-035133,3,PROD-036,1,11.55,11.16
ORD-2024-035134,1,PROD-006,1,32.39,30.79
ORD-2024-035135,1,PROD-005,2,20.28,39.42
ORD-2024-035136,1,PROD-003,1,14.37,14.31
ORD-2024-035136,2,PROD-006,2,32.39,60.98
ORD-2024-035136,3,PROD-040,1,15.21,14.84
ORD-2024-035137,1,PROD-032,1,19.72,18.8
ORD-2024-035137,2,PROD-031,1,53.52,52.28
ORD-2024-035138,1,PROD-001,2,12.9,17.71
ORD-2024-035138,2,PROD-004,2,20.28,32.57
ORD-2024-035138,3,PROD-055,1,74.65,65.72
ORD-2024-035139,1,PROD-056,1,101.41,75.87
ORD-2024-035140,1,PROD-005,1,20.28,19.49
ORD-2024-035140,2,PROD-010,2,38.03,71.44
ORD-2024-035140,3,PROD-011,2,14.9,28.07
ORD-2024-035140,4,PROD-030,1,49.3,47.32
ORD-2024-035140,5,PROD-003,1,14.37,11.05
ORD-2024-035141,1,PROD-003,2,14.37,28.22
ORD-2024-035142,1,PROD-055,1,74.65,72.23
ORD-2024-035143,1,PROD-045,1,72.68,44.22
ORD-2024-035144,1,PROD-046,1,259.15,232.17
ORD-2024-035145,1,PROD-003,3,14.37,38.55
ORD-2024-035146,1,PROD-010,1,38.03,35.68
ORD-2024-035147,1,PROD-040,3,15.21,43.67
ORD-2024-035147,2,PROD-005,1,20.28,16.23
ORD-2024-035147,3,PROD-038,1,7.89,7.47
ORD-2024-035148,1,PROD-004,2,20.28,37.66
ORD-2024-035148,2,PROD-024,1,8.73,8.48
ORD-2024-035148,3,PROD-047,1,108.45,82.65
ORD-2024-035148,4,PROD-034,1,9.01,6.29
ORD-2024-035149,1,PROD-007,1,17.18,15.36
ORD-2024-035150,1,PROD-031,1,53.52,38.86
ORD-2024-035151,1,PROD-006,2,32.39,61.64
ORD-2024-035151,2,PROD-005,2,20.28,35.26
ORD-2024-035151,3,PROD-041,1,11.83,11.02
ORD-2024-035152,1,PROD-001,1,12.9,12.62
ORD-2024-035153,1,PROD-004,1,20.28,19.5
ORD-2024-035154,1,PROD-022,1,9.01,8.01
ORD-2024-035154,2,PROD-054,1,59.15,51.34
ORD-2024-035154,3,PROD-056,1,101.41,90.1
ORD-2024-035155,1,PROD-010,1,38.03,35.99
ORD-2024-035155,2,PROD-004,3,20.28,57.7
ORD-2024-035156,1,PROD-001,1,12.9,12.65
ORD-2024-035156,2,PROD-032,1,19.72,18.69
ORD-2024-035156,3,PROD-013,1,11.9,11.32
ORD-2024-035157,1,PROD-021,1,15.49,11.87
ORD-2024-035158,1,PROD-004,1,20.28,13.85
ORD-2024-035158,2,PROD-051,1,36.06,29.78
ORD-2024-035158,3,PROD-013,1,11.9,10.42
ORD-2024-035159,1,PROD-001,2,12.9,23.64
ORD-2024-035159,2,PROD-004,2,20.28,39.23
ORD-2024-035160,1,PROD-003,2,14.37,28.31
ORD-2024-035161,1,PROD-003,1,14.37,13.4
ORD-2024-035161,2,PROD-044,1,40.85,39.0
ORD-2024-035161,3,PROD-036,1,11.55,10.89
ORD-2024-035162,1,PROD-040,2,15.21,28.94
ORD-2024-035163,1,PROD-006,2,32.39,52.17
ORD-2024-035164,1,PROD-007,1,17.18,14.92
ORD-2024-035164,2,PROD-030,1,49.3,42.81
ORD-2024-035164,3,PROD-058,1,39.44,35.99
ORD-2024-035164,4,PROD-044,1,40.85,36.9
ORD-2024-035165,1,PROD-006,1,32.39,28.29
ORD-2024-035165,2,PROD-014,1,9.9,9.17
ORD-2024-035165,3,PROD-035,3,10.14,27.75
ORD-2024-035165,4,PROD-040,1,15.21,14.39
ORD-2024-035166,1,PROD-005,1,20.28,19.88
ORD-2024-035166,2,PROD-012,1,18.5,18.26
ORD-2024-035167,1,PROD-054,1,59.15,57.78
ORD-2024-035168,1,PROD-003,1,14.37,13.24
ORD-2024-035168,2,PROD-035,1,10.14,7.3
ORD-2024-035169,1,PROD-004,3,20.28,54.64
ORD-2024-035169,2,PROD-024,1,8.73,8.35
ORD-2024-035169,3,PROD-032,1,19.72,18.73
ORD-2024-035169,4,PROD-050,1,61.97,58.01
ORD-2024-035170,1,PROD-039,1,8.17,7.87
ORD-2024-035170,2,PROD-004,2,20.28,40.48
ORD-2024-035170,3,PROD-006,3,32.39,95.14
ORD-2024-035171,1,PROD-010,2,38.03,75.34
ORD-2024-035172,1,PROD-041,2,11.83,23.07
ORD-2024-035173,1,PROD-037,3,9.86,27.27
ORD-2024-035173,2,PROD-005,1,20.28,19.56
ORD-2024-035173,3,PROD-032,3,19.72,58.71
ORD-2024-035174,1,PROD-007,2,17.18,31.16
ORD-2024-035175,1,PROD-005,1,20.28,16.88
ORD-2024-035176,1,PROD-002,1,11.9,10.83
ORD-2024-035177,1,PROD-021,1,15.49,13.57
ORD-2024-035177,2,PROD-001,2,12.9,22.56
ORD-2024-035178,1,PROD-004,1,20.28,19.2
ORD-2024-035179,1,PROD-032,1,19.72,15.99
ORD-2024-035179,2,PROD-001,2,12.9,21.61
ORD-2024-035179,3,PROD-040,1,15.21,14.24
ORD-2024-035180,1,PROD-027,1,21.13,19.45
ORD-2024-035181,1,PROD-027,1,21.13,19.98
ORD-2024-035181,2,PROD-001,1,12.9,10.18
ORD-2024-035182,1,PROD-004,2,20.28,40.42
ORD-2024-035183,1,PROD-020,1,10.14,8.95
ORD-2024-035183,2,PROD-006,1,32.39,27.93
ORD-2024-035183,3,PROD-039,1,8.17,6.3
ORD-2024-035184,1,PROD-003,3,14.37,42.86
ORD-2024-035185,1,PROD-001,1,12.9,11.86
ORD-2024-035185,2,PROD-003,2,14.37,28.02
ORD-2024-035185,3,PROD-035,2,10.14,16.99
ORD-2024-035185,4,PROD-033,2,52.11,86.9
ORD-2024-035186,1,PROD-010,2,38.03,54.03
ORD-2024-035187,1,PROD-006,1,32.39,31.64
ORD-2024-035187,2,PROD-035,1,10.14,8.76
ORD-2024-035188,1,PROD-013,3,11.9,34.57
ORD-2024-035189,1,PROD-032,2,19.72,37.15
ORD-2024-035190,1,PROD-006,1,32.39,30.44
ORD-2024-035190,2,PROD-034,1,9.01,6.07
ORD-2024-035191,1,PROD-005,2,20.28,37.76
ORD-2024-035191,2,PROD-007,1,17.18,15.59
ORD-2024-035192,1,PROD-005,1,20.28,18.83
ORD-2024-035192,2,PROD-002,1,11.9,10.84
ORD-2024-035192,3,PROD-004,1,20.28,19.45
ORD-2024-035193,1,PROD-005,1,20.28,18.23
ORD-2024-035193,2,PROD-006,1,32.39,28.63
ORD-2024-035194,1,PROD-008,1,9.9,7.93
ORD-2024-035195,1,PROD-044,1,40.85,38.52
ORD-2024-035196,1,PROD-003,1,14.37,13.67
ORD-2024-035197,1,PROD-038,2,7.89,14.43
ORD-2024-035198,1,PROD-007,2,17.18,32.77
ORD-2024-035199,1,PROD-005,2,20.28,37.19
ORD-2024-035200,1,PROD-058,1,39.44,37.03
ORD-2024-035201,1,PROD-038,3,7.89,22.08
ORD-2024-035202,1,PROD-002,2,11.9,22.76
ORD-2024-035203,1,PROD-002,1,11.9,7.91
ORD-2024-035203,2,PROD-036,1,11.55,9.55
ORD-2024-035204,1,PROD-004,2,20.28,32.86
ORD-2024-035205,1,PROD-021,1,15.49,15.05
ORD-2024-035206,1,PROD-004,1,20.28,19.75
ORD-2024-035206,2,PROD-002,2,11.9,21.08
ORD-2024-035207,1,PROD-050,1,61.97,55.08
ORD-2024-035208,1,PROD-001,2,12.9,21.22
ORD-2024-035209,1,PROD-007,2,17.18,31.7
ORD-2024-035210,1,PROD-005,1,20.28,18.12
ORD-2024-035210,2,PROD-038,1,7.89,6.4
ORD-2024-035210,3,PROD-001,3,12.9,38.45
ORD-2024-035211,1,PROD-004,2,20.28,33.97
ORD-2024-035212,1,PROD-005,1,20.28,19.09
ORD-2024-035212,2,PROD-039,1,8.17,8.09
ORD-2024-035213,1,PROD-003,1,14.37,13.99
ORD-2024-035214,1,PROD-034,1,9.01,6.36
ORD-2024-035215,1,PROD-024,2,8.73,12.55
ORD-2024-035215,2,PROD-004,1,20.28,14.45
ORD-2024-035215,3,PROD-003,3,14.37,40.36
ORD-2024-035216,1,PROD-014,1,9.9,8.35
ORD-2024-035216,2,PROD-022,1,9.01,7.78
ORD-2024-035217,1,PROD-028,1,17.18,16.95
ORD-2024-035218,1,PROD-050,1,61.97,34.85
ORD-2024-035218,2,PROD-001,1,12.9,9.13
ORD-2024-035219,1,PROD-041,1,11.83,10.79
ORD-2024-035220,1,PROD-011,1,14.9,14.76
ORD-2024-035221,1,PROD-028,1,17.18,14.96
ORD-2024-035221,2,PROD-022,2,9.01,12.95
ORD-2024-035222,1,PROD-001,1,12.9,11.48
ORD-2024-035223,1,PROD-002,1,11.9,11.41
ORD-2024-035223,2,PROD-033,1,52.11,49.79
ORD-2024-035223,3,PROD-041,1,11.83,11.7
ORD-2024-035223,4,PROD-006,3,32.39,94.94
ORD-2024-035223,5,PROD-044,1,40.85,39.02
ORD-2024-035224,1,PROD-045,1,72.68,61.67
ORD-2024-035224,2,PROD-027,1,21.13,18.05
ORD-2024-035224,3,PROD-002,1,11.9,8.91
ORD-2024-035225,1,PROD-014,1,9.9,9.37
ORD-2024-035226,1,PROD-002,2,11.9,23.52
ORD-2024-035227,1,PROD-028,1,17.18,13.92
ORD-2024-035228,1,PROD-025,1,21.97,18.93
ORD-2024-035229,1,PROD-002,2,11.9,23.01
ORD-2024-035230,1,PROD-006,1,32.39,30.41
ORD-2024-035230,2,PROD-021,1,15.49,15.44
ORD-2024-035230,3,PROD-016,2,8.9,16.32
ORD-2024-035231,1,PROD-010,1,38.03,36.51
ORD-2024-035232,1,PROD-030,1,49.3,41.05
ORD-2024-035232,2,PROD-035,1,10.14,9.56
ORD-2024-035233,1,PROD-001,1,12.9,
ORD-2024-035234,1,PROD-013,2,11.9,22.41
ORD-2024-035234,2,PROD-010,2,38.03,68.98
ORD-2024-035235,1,PROD-039,3,8.17,23.22
ORD-2024-035235,2,PROD-008,3,9.9,26.78
ORD-2024-035235,3,PROD-038,1,7.89,7.36
ORD-2024-035236,1,PROD-006,1,32.39,31.18
ORD-2024-035237,1,PROD-002,1,11.9,11.6
ORD-2024-035237,2,PROD-034,1,9.01,8.68
ORD-2024-035238,1,PROD-021,1,15.49,13.58
ORD-2024-035239,1,PROD-006,1,32.39,31.89
ORD-2024-035239,2,PROD-001,2,12.9,22.08
ORD-2024-035240,1,PROD-006,2,32.39,52.15
ORD-2024-035241,1,PROD-028,1,17.18,16.78
ORD-2024-035242,1,PROD-040,3,15.21,43.86
ORD-2024-035243,1,PROD-005,1,20.28,17.01
ORD-2024-035244,1,PROD-028,2,17.18,31.37
ORD-2024-035245,1,PROD-004,1,20.28,20.22
ORD-2024-035246,1,PROD-005,1,20.28,19.24
ORD-2024-035246,2,PROD-004,1,20.28,19.86
ORD-2024-035247,1,PROD-020,1,10.14,8.91
ORD-2024-035247,2,PROD-047,1,108.45,50.48
ORD-2024-035248,1,PROD-006,2,32.39,63.11
ORD-2024-035248,2,PROD-032,4,19.72,75.54
ORD-2024-035249,1,PROD-016,1,8.9,6.58
ORD-2024-035250,1,PROD-002,2,11.9,20.58
ORD-2024-035251,1,PROD-003,2,14.37,22.86
ORD-2024-035251,2,PROD-040,3,15.21,39.55
ORD-2024-035251,3,PROD-001,1,12.9,11.08
ORD-2024-035252,1,PROD-003,1,14.37,12.14
ORD-2024-035253,1,PROD-005,1,20.28,15.92
ORD-2024-035254,1,PROD-004,2,20.28,40.1
ORD-2024-035255,1,PROD-001,2,12.9,21.8
ORD-2024-035256,1,PROD-008,2,9.9,19.53
ORD-2024-035257,1,PROD-034,3,9.01,15.1
ORD-2024-035258,1,PROD-041,1,11.83,11.26
ORD-2024-035259,1,PROD-006,1,32.39,32.24
ORD-2024-035259,2,PROD-024,1,8.73,8.54
ORD-2024-035259,3,PROD-034,1,9.01,8.54
ORD-2024-035260,1,PROD-015,2,26.76,45.27
ORD-2024-035261,1,PROD-002,3,11.9,33.14
ORD-2024-035261,2,PROD-003,1,14.37,13.8
ORD-2024-035261,3,PROD-052,1,46.48,45.15
ORD-2024-035262,1,PROD-007,1,17.18,10.67
ORD-2024-035263,1,PROD-037,1,9.86,8.94
ORD-2024-035264,1,PROD-002,1,11.9,7.86
ORD-2024-035265,1,PROD-007,3,17.18,41.42
ORD-2024-035266,1,PROD-005,3,20.28,27.38
ORD-2024-035267,1,PROD-023,1,7.89,6.6
ORD-2024-035267,2,PROD-004,3,20.28,41.11
ORD-2024-035268,1,PROD-001,1,12.9,12.14
ORD-2024-035269,1,PROD-003,1,14.37,12.88
ORD-2024-035270,1,PROD-005,2,20.28,38.44
ORD-2024-035270,2,PROD-001,1,12.9,11.85
ORD-2024-035270,3,PROD-036,1,11.55,10.42
ORD-2024-035271,1,PROD-008,1,9.9,9.48
ORD-2024-035272,1,PROD-055,1,74.65,47.26
ORD-2024-035273,1,PROD-006,1,32.39,31.56
ORD-2024-035274,1,PROD-044,1,40.85,39.02
ORD-2024-035274,2,PROD-007,1,17.18,16.68
ORD-2024-035275,1,PROD-028,1,17.18,15.64
ORD-2024-035276,1,PROD-001,1,12.9,12.46
 ORD-2024-035276 ,2,PROD-005,2,20.28,38.11
ORD-2024-035277,1,PROD-007,1,17.18,15.7
ORD-2024-035278,1,PROD-049,1,80.28,76.5
ORD-2024-035279,1,PROD-007,2,17.18,31.47
ORD-2024-035279,2,PROD-001,1,12.9,11.94
ORD-2024-035280,1,PROD-001,1,12.9,11.44
ORD-2024-035280,2,PROD-015,1,26.76,23.83
ORD-2024-035281,1,PROD-003,2,14.37,22.01
ORD-2024-035281,2,PROD-001,2,12.9,23.39
ORD-2024-035282,1,PROD-035,3,10.14,26.32
ORD-2024-035283,1,PROD-034,1,9.01,8.75
ORD-2024-035283,2,PROD-007,1,17.18,16.24
ORD-2024-035283,3,PROD-035,1,10.14,9.79
ORD-2024-035283,4,PROD-032,1,19.72,18.83
ORD-2024-035284,1,PROD-003,1,14.37,11.81
ORD-2024-035285,1,PROD-006,1,32.39,30.3
ORD-2024-035286,1,PROD-020,1,10.14,8.84
ORD-2024-035287,1,PROD-005,2,20.28,39.58
ORD-2024-035287,2,PROD-002,1,11.9,11.84
ORD-2024-035287,3,PROD-013,3,11.9,35.6
ORD-2024-035288,1,PROD-033,1,52.11,40.42
ORD-2024-035289,1,PROD-010,1,38.03,33.57
ORD-2024-035290,1,PROD-002,2,11.9,22.9
ORD-2024-035290,2,PROD-006,1,32.39,31.38
ORD-2024-035291,1,PROD-002,2,11.9,17.45
ORD-2024-035292,1,PROD-050,1,61.97,52.72
ORD-2024-035293,1,PROD-042,1,73.24,71.36
ORD-2024-035294,1,PROD-005,1,20.28,16.03
ORD-2024-035295,1,PROD-005,1,20.28,20.05
ORD-2024-035296,1,PROD-048,1,55.77,33.97
ORD-2024-035297,1,PROD-003,1,14.37,13.6
ORD-2024-035298,1,PROD-010,2,38.03,71.98
ORD-2024-035299,1,PROD-032,1,19.72,18.1
ORD-2024-035299,2,PROD-019,1,29.58,27.86
ORD-2024-035300,1,PROD-041,1,11.83,11.03
ORD-2024-035300,2,PROD-006,2,32.39,61.85
ORD-2024-035301,1,PROD-031,1,53.52,33.25
ORD-2024-035302,1,PROD-025,1,21.97,17.73
ORD-2024-035302,2,PROD-040,1,15.21,12.35
ORD-2024-035302,3,PROD-007,2,17.18,31.53
ORD-2024-035303,1,PROD-004,1,20.28,14.96
ORD-2024-035303,2,PROD-024,2,8.73,15.72
ORD-2024-035303,3,PROD-035,1,10.14,8.94
ORD-2024-035304,1,PROD-036,2,11.55,20.88
ORD-2024-035305,1,PROD-001,1,12.9,11.39
ORD-2024-035305,2,PROD-003,1,14.37,13.91
ORD-2024-035305,3,PROD-039,2,8.17,16.22
ORD-2024-035305,4,PROD-010,3,38.03,108.45
ORD-2024-035306,1,PROD-003,1,14.37,14.17
ORD-2024-035307,1,PROD-036,4,11.55,38.67
ORD-2024-035308,1,PROD-036,1,11.55,11.24
ORD-2024-035309,1,PROD-034,1,9.01,6.81
ORD-2024-035310,1,PROD-060,1,42.25,38.79
ORD-2024-035311,1,PROD-004,1,20.28,13.66
ORD-2024-035312,1,PROD-006,2,32.39,-61.65
ORD-2024-035312,2,PROD-031,2,53.52,91.48
ORD-2024-035312,3,PROD-040,2,15.21,26.48
ORD-2024-035312,4,PROD-034,1,9.01,8.91
ORD-2024-035313,1,PROD-055,1,74.65,71.57
ORD-2024-035314,1,PROD-002,1,11.9,9.73
ORD-2024-035314,2,PROD-013,1,11.9,11.03
ORD-2024-035315,1,PROD-059,1,52.11,48.89
ORD-2024-035316,1,PROD-027,1,21.13,19.06
ORD-2024-035316,2,PROD-048,1,55.77,51.05
ORD-2024-035317,1,PROD-003,1,14.37,10.84
ORD-2024-035317,2,PROD-006,1,32.39,27.4
ORD-2024-035317,3,PROD-035,2,10.14,18.51
ORD-2024-035318,1,PROD-002,2,11.9,23.41
ORD-2024-035319,1,PROD-006,1,32.39,29.49
ORD-2024-035320,1,PROD-038,1,7.89,4.43
ORD-2024-035321,1,PROD-002,1,11.9,9.76
ORD-2024-035322,1,PROD-003,1,14.37,9.71
ORD-2024-035322,2,PROD-034,1,9.01,8.51
ORD-2024-035323,1,PROD-042,4,73.24,274.15
ORD-2024-035324,1,PROD-013,1,11.9,11.63
ORD-2024-035325,1,PROD-031,1,53.52,49.23
ORD-2024-035325,2,PROD-005,2,20.28,37.64
ORD-2024-035326,1,PROD-003,1,14.37,13.97
ORD-2024-035327,1,PROD-005,2,20.28,33.03
ORD-2024-035328,1,PROD-002,1,11.9,11.56
ORD-2024-035328,2,PROD-020,1,10.14,9.66
ORD-2024-035329,1,PROD-033,1,52.11,49.0
ORD-2024-035329,2,PROD-005,2,20.28,37.97
ORD-2024-035329,3,PROD-003,2,14.37,28.17
ORD-2024-035330,1,PROD-036,2,11.55,22.66
ORD-2024-035331,1,PROD-001,1,12.9,12.06
ORD-2024-035332,1,PROD-001,1,12.9,12.05
ORD-2024-035333,1,PROD-024,2,8.73,12.47
ORD-2024-035333,2,PROD-030,1,49.3,43.54
ORD-2024-035334,1,PROD-026,1,14.65,14.12
ORD-2024-035334,2,PROD-006,2,32.39,61.85
ORD-2024-035335,1,PROD-005,1,20.28,16.58
ORD-2024-035335,2,PROD-001,1,12.9,12.11
ORD-2024-035335,3,PROD-038,3,7.89,22.41
ORD-2024-035336,1,PROD-006,3,32.39,93.82
ORD-2024-035336,2,PROD-002,2,11.9,23.5
ORD-2024-035336,3,PROD-005,2,20.28,38.84
ORD-2024-035337,1,PROD-020,1,10.14,9.51
ORD-2024-035338,1,PROD-040,3,15.21,29.33
ORD-2024-035338,2,PROD-035,2,10.14,15.01
ORD-2024-035338,3,PROD-010,1,38.03,33.04
ORD-2024-035339,1,PROD-005,1,20.28,9.13
ORD-2024-035340,1,PROD-002,1,11.9,11.66
ORD-2024-035340,2,PROD-034,3,9.01,22.78
ORD-2024-035340,3,PROD-001,3,12.9,36.17
ORD-2024-035341,1,PROD-002,2,11.9,20.51
ORD-2024-035341,2,PROD-034,1,9.01,4.37
ORD-2024-035341,3,PROD-017,1,12.5,8.55
ORD-2024-035342,1,PROD-026,2,14.65,27.33
ORD-2024-035343,1,PROD-014,2,9.9,14.16
ORD-2024-035344,1,PROD-006,1,32.39,26.79
ORD-2024-035344,2,PROD-002,1,11.9,10.71
ORD-2024-035344,3,PROD-036,2,11.55,17.41
ORD-2024-035345,1,PROD-002,2,11.9,21.4
ORD-2024-035345,2,PROD-042,1,73.24,63.87
ORD-2024-035346,1,PROD-014,2,9.9,15.98
ORD-2024-035346,2,PROD-032,2,19.72,34.59
ORD-2024-035346,3,PROD-025,2,21.97,40.3
ORD-2024-035347,1,PROD-010,1,38.03,36.35
ORD-2024-035347,2,PROD-004,1,20.28,19.17
ORD-2024-035347,3,PROD-001,1,12.9,11.5
ORD-2024-035348,1,PROD-032,1,19.72,17.87
ORD-2024-035348,2,PROD-012,2,18.5,34.74
ORD-2024-035349,1,PROD-002,1,11.9,11.65
ORD-2024-035349,2,PROD-010,2,38.03,71.85
ORD-2024-035350,1,PROD-056,1,101.41,80.53
ORD-2024-035351,1,PROD-004,1,20.28,16.51
ORD-2024-035351,2,PROD-001,1,12.9,9.72
ORD-2024-035352,1,PROD-042,3,73.24,202.74
ORD-2024-035352,2,PROD-010,3,38.03,90.03
ORD-2024-035353,1,PROD-006,1,32.39,29.73
ORD-2024-035354,1,PROD-010,1,38.03,34.42
ORD-2024-035354,2,PROD-035,4,10.14,30.53
ORD-2024-035355,1,PROD-008,1,9.9,8.56
ORD-2024-035356,1,PROD-032,2,19.72,38.0
ORD-2024-035356,2,PROD-004,2,20.28,38.8
ORD-2024-035357,1,PROD-002,3,11.9,34.95
ORD-2024-035358,1,PROD-001,1,12.9,8.83
ORD-2024-035359,1,PROD-039,2,8.17,15.62
ORD-2024-035359,2,PROD-008,1,9.9,8.88
ORD-2024-035359,3,PROD-035,2,10.14,18.99
ORD-2024-035360,1,PROD-027,1,21.13,20.28
ORD-2024-035360,2,PROD-008,2,9.9,19.33
ORD-2024-035360,3,PROD-004,2,20.28,38.96
ORD-2024-035360,4,PROD-001,1,12.9,11.94
ORD-2024-035361,1,PROD-004,2,20.28,40.13
ORD-2024-035362,1,PROD-036,1,11.55,11.11
ORD-2024-035363,1,PROD-008,1,9.9,8.86
ORD-2024-035363,2,PROD-007,1,17.18,15.78
ORD-2024-035364,1,PROD-001,1,12.9,12.01
ORD-2024-035364,2,PROD-034,3,9.01,24.67
ORD-2024-035365,1,PROD-007,3,17.18,49.86
ORD-2024-035366,1,PROD-004,1,20.28,19.81
ORD-2024-035366,2,PROD-001,1,12.9,12.25
ORD-2024-035366,3,PROD-039,1,8.17,7.95
ORD-2024-035367,1,PROD-004,1,20.28,18.75
ORD-2024-035368,1,PROD-003,1,14.37,10.85
ORD-2024-035368,2,PROD-005,2,20.28,30.26
ORD-2024-035369,1,PROD-004,1,20.28,18.48
ORD-2024-035370,1,PROD-005,1,20.28,18.08
ORD-2024-035371,1,PROD-020,2,10.14,16.92
ORD-2024-035371,2,PROD-040,2,15.21,29.98
ORD-2024-035372,1,PROD-051,1,36.06,34.12
ORD-2024-035373,1,PROD-029,1,24.79,21.18
ORD-2024-035373,2,PROD-016,1,8.9,8.25
ORD-2024-035374,1,PROD-002,2,11.9,22.97
ORD-2024-035375,1,PROD-039,1,8.17,7.64
ORD-2024-035376,1,PROD-021,2,15.49,29.78
ORD-2024-035377,1,PROD-023,1,7.89,5.94
ORD-2024-035378,1,PROD-021,1,15.49,14.79
ORD-2024-035379,1,PROD-002,1,11.9,11.57
ORD-2024-035379,2,PROD-047,2,108.45,200.03
ORD-2024-035380,1,PROD-036,3,11.55,30.61
ORD-2024-035381,1,PROD-011,2,14.9,28.09
ORD-2024-035381,2,PROD-005,1,20.28,16.68
ORD-2024-035381,3,PROD-027,1,21.13,19.45
ORD-2024-035381,4,PROD-037,1,9.86,7.31
ORD-2024-035382,1,PROD-008,1,9.9,8.99
ORD-2024-035383,1,PROD-051,2,36.06,70.31
ORD-2024-035384,1,PROD-039,3,8.17,23.74
ORD-2024-035385,1,PROD-011,1,14.9,13.04
ORD-2024-035385,2,PROD-004,1,20.28,19.77
ORD-2024-035386,1,PROD-005,1,20.28,19.48
ORD-2024-035387,1,PROD-014,3,9.9,28.16
ORD-2024-035388,1,PROD-005,1,20.28,18.41
ORD-2024-035388,2,PROD-008,1,9.9,9.19
ORD-2024-035389,1,PROD-027,1,21.13,18.86
ORD-2024-035390,1,PROD-014,1,9.9,9.51
ORD-2024-035391,1,PROD-002,1,11.9,11.66
ORD-2024-035391,2,PROD-036,1,11.55,11.44
ORD-2024-035391,3,PROD-041,2,11.83,23.43
ORD-2024-035391,4,PROD-007,2,17.18,33.38
ORD-2024-035392,1,PROD-002,1,11.9,10.17
ORD-2024-035393,1,PROD-020,1,10.14,9.44
ORD-2024-035393,2,PROD-001,2,12.9,21.83
ORD-2024-035393,3,PROD-005,1,20.28,16.24
ORD-2024-035394,1,PROD-002,1,11.9,10.44
ORD-2024-035395,1,PROD-006,1,32.39,31.1
ORD-2024-035395,2,PROD-020,1,10.14,9.27
ORD-2024-035395,3,PROD-012,1,18.5,17.38
ORD-2024-035396,1,PROD-004,1,20.28,17.78
ORD-2024-035397,1,PROD-041,2,11.83,21.42
ORD-2024-035398,1,PROD-023,1,7.89,5.34
ORD-2024-035399,1,PROD-002,1,11.9,11.63
ORD-2024-035399,2,PROD-017,1,12.5,11.13
ORD-2024-035399,3,PROD-001,1,12.9,10.86
ORD-2024-035400,1,PROD-005,2,20.28,38.05
ORD-2024-035401,1,PROD-002,1,11.9,10.28
ORD-2024-035401,2,PROD-004,3,20.28,56.25
ORD-2024-035401,3,PROD-036,1,11.55,10.54
ORD-2024-035402,1,PROD-056,1,101.41,59.3
ORD-2024-035403,1,PROD-001,2,12.9,21.13
ORD-2024-035404,1,PROD-019,2,29.58,58.66
ORD-2024-035405,1,PROD-032,1,19.72,18.73
ORD-2024-035406,1,PROD-007,1,17.18,15.82
ORD-2024-035406,2,PROD-039,4,8.17,28.12
ORD-2024-035407,1,PROD-007,2,17.18,29.23
ORD-2024-035408,1,PROD-004,1,20.28,19.63
ORD-2024-035409,1,PROD-026,1,14.65,14.13
ORD-2024-035410,1,PROD-056,1,101.41,87.0
ORD-2024-035411,1,PROD-002,1,11.9,11.59
ORD-2024-035411,2,PROD-017,1,12.5,9.91
ORD-2024-035412,1,PROD-050,1,61.97,60.41
ORD-2024-035412,2,PROD-012,1,18.5,17.75
ORD-2024-035413,1,PROD-020,2,10.14,18.94
ORD-2024-035414,1,PROD-041,3,11.83,32.33
ORD-2024-035415,1,PROD-003,1,14.37,13.77
ORD-2024-035416,1,PROD-002,3,11.9,32.84
ORD-2024-035416,2,PROD-001,1,12.9,12.65
ORD-2024-035417,1,PROD-001,2,12.9,21.55
ORD-2024-035418,1,PROD-038,1,7.89,7.3
ORD-2024-035418,2,PROD-001,1,12.9,12.51
ORD-2024-035418,3,PROD-033,3,52.11,151.33
ORD-2024-035418,4,PROD-042,1,73.24,69.81
ORD-2024-035419,1,PROD-040,1,15.21,14.99
ORD-2024-035419,2,PROD-041,3,11.83,28.44
ORD-2024-035420,1,PROD-051,1,36.06,34.37
ORD-2024-035420,2,PROD-012,1,18.5,18.11
ORD-2024-035421,1,PROD-004,3,20.28,55.33
ORD-2024-035421,2,PROD-006,2,32.39,61.53
ORD-2024-035421,3,PROD-005,2,20.28,31.39
ORD-2024-035422,1,PROD-034,2,9.01,16.81
ORD-2024-035422,2,PROD-052,1,46.48,43.06
ORD-2024-035422,3,PROD-013,1,11.9,10.79
ORD-2024-035423,1,PROD-019,3,29.58,78.38
ORD-2024-035423,2,PROD-006,2,32.39,63.61
ORD-2024-035424,1,PROD-016,1,8.9,7.43
ORD-2024-035425,1,PROD-028,1,17.18,16.35
ORD-2024-035425,2,PROD-036,1,11.55,9.61
ORD-2024-035426,1,PROD-002,2,11.9,23.01
ORD-2024-035426,2,PROD-027,1,21.13,20.77
ORD-2024-035426,3,PROD-003,2,14.37,27.78
ORD-2024-035427,1,PROD-011,1,14.9,14.08
ORD-2024-035427,2,PROD-004,1,20.28,16.5
ORD-2024-035428,1,PROD-041,3,11.83,34.43
ORD-2024-035429,1,PROD-005,2,20.28,25.78
ORD-2024-035430,1,PROD-008,1,9.9,9.63
ORD-2024-035430,2,PROD-027,2,21.13,38.23
ORD-2024-035431,1,PROD-003,2,14.37,27.17
ORD-2024-035431,2,PROD-001,2,12.9,23.58
ORD-2024-035431,3,PROD-002,1,11.9,10.83
ORD-2024-035432,1,PROD-010,1,38.03,25.21
ORD-2024-035433,1,PROD-020,1,10.14,9.59
ORD-2024-035433,2,PROD-002,1,11.9,11.81
ORD-2024-035434,1,PROD-002,1,11.9,11.2
ORD-2024-035434,2,PROD-001,3,12.9,36.18
ORD-2024-035435,1,PROD-002,2,11.9,23.04
ORD-2024-035436,1,PROD-001,1,12.9,11.94
ORD-2024-035436,2,PROD-052,1,46.48,44.3
ORD-2024-035436,3,PROD-032,3,19.72,58.83
ORD-2024-035437,1,PROD-038,1,7.89,7.32
ORD-2024-035438,1,PROD-032,1,19.72,15.94
ORD-2024-035439,1,PROD-033,2,52.11,102.81
ORD-2024-035439,2,PROD-002,1,11.9,11.58
ORD-2024-035439,3,PROD-007,2,17.18,32.82
ORD-2024-035439,4,PROD-005,1,20.28,19.71
ORD-2024-035439,5,PROD-036,2,11.55,20.83
ORD-2024-035440,1,PROD-001,2,12.9,25.27
ORD-2024-035440,2,PROD-027,1,21.13,19.09
ORD-2024-035441,1,PROD-036,4,11.55,43.91
ORD-2024-035442,1,PROD-029,2,24.79,49.03
ORD-2024-035443,1,PROD-001,1,12.9,12.76
ORD-2024-035443,2,PROD-025,1,21.97,21.78
ORD-2024-035444,1,PROD-004,1,20.28,19.73
ORD-2024-035445,1,PROD-033,2,52.11,100.44
ORD-2024-035446,1,PROD-011,2,14.9,28.39
ORD-2024-035447,1,PROD-002,2,11.9,22.47
ORD-2024-035447,2,PROD-005,1,20.28,19.35
ORD-2024-035447,3,PROD-004,2,20.28,39.5
ORD-2024-035448,1,PROD-037,1,9.86,9.75
ORD-2024-035448,2,PROD-006,3,32.39,95.91
ORD-2024-035448,3,PROD-032,2,19.72,38.13
ORD-2024-035449,1,PROD-027,2,21.13,31.9
ORD-2024-035450,1,PROD-003,2,14.37,27.43
ORD-2024-035451,1,PROD-023,2,7.89,15.16
ORD-2024-035452,1,PROD-010,1,38.03,20.18
ORD-2024-035453,1,PROD-014,3,9.9,25.9
ORD-2024-035453,2,PROD-005,3,20.28,58.42
ORD-2024-035454,1,PROD-030,1,49.3,40.31
ORD-2024-035454,2,PROD-038,1,7.89,6.78
ORD-2024-035455,1,PROD-006,1,32.39,29.99
ORD-2024-035456,1,PROD-006,3,32.39,63.96
ORD-2024-035456,2,PROD-021,1,15.49,12.66
ORD-2024-035457,1,PROD-023,2,7.89,11.74
ORD-2024-035458,1,PROD-034,2,9.01,16.86
ORD-2024-035459,1,PROD-034,2,9.01,13.1
ORD-2024-035459,2,PROD-021,1,15.49,13.03
ORD-2024-035460,1,PROD-007,1,17.18,16.83
ORD-2024-035460,2,PROD-005,1,20.28,17.78
ORD-2024-035460,3,PROD-035,1,10.14,9.23
ORD-2024-035460,4,PROD-036,2,11.55,20.48
ORD-2024-035461,1,PROD-004,2,20.28,36.5
ORD-2024-035461,2,PROD-034,3,9.01,24.68
ORD-2024-035461,3,PROD-020,1,10.14,7.9
ORD-2024-035462,1,PROD-015,2,26.76,48.33
ORD-2024-035463,1,PROD-034,2,9.01,16.24
ORD-2024-035463,2,PROD-036,2,11.55,20.48
ORD-2024-035463,3,PROD-006,1,32.39,31.65
ORD-2024-035464,1,PROD-022,1,9.01,8.53
ORD-2024-035465,1,PROD-005,1,20.28,18.6
ORD-2024-035465,2,PROD-035,2,10.14,19.12
ORD-2024-035466,1,PROD-002,1,11.9,10.91
ORD-2024-035467,1,PROD-003,2,14.37,28.02
ORD-2024-035467,2,PROD-001,1,12.9,10.78
ORD-2024-035467,3,PROD-007,1,17.18,15.54
ORD-2024-035468,1,PROD-038,1,7.89,7.75
ORD-2024-035469,1,PROD-005,1,20.28,18.5
ORD-2024-035470,1,PROD-036,1,11.55,10.73
ORD-2024-035470,2,PROD-001,1,12.9,12.56
ORD-2024-035470,3,PROD-007,3,17.18,50.28
ORD-2024-035470,4,PROD-002,1,11.9,10.75
ORD-2024-035471,1,PROD-004,2,20.28,35.08
ORD-2024-035472,1,PROD-002,1,11.9,11.18
ORD-2024-035473,1,PROD-016,1,8.9,8.45
ORD-2024-035473,2,PROD-038,1,7.89,7.48
ORD-2024-035474,1,PROD-050,1,61.97,42.82
ORD-2024-035474,2,PROD-020,1,10.14,9.66
ORD-2024-035475,1,PROD-038,1,7.89,7.58
ORD-2024-035476,1,PROD-031,2,53.52,93.61
ORD-2024-035477,1,PROD-028,2,17.18,26.75
ORD-2024-035478,1,PROD-022,1,9.01,6.88
ORD-2024-035478,2,PROD-019,1,29.58,27.06
ORD-2024-035478,3,PROD-023,2,7.89,14.8
ORD-2024-035479,1,PROD-004,1,20.28,17.67
ORD-2024-035480,1,PROD-003,1,14.37,13.21
ORD-2024-035481,1,PROD-032,4,19.72,67.8
ORD-2024-035481,2,PROD-004,1,20.28,19.78
ORD-2024-035481,3,PROD-035,1,10.14,7.23
ORD-2024-035482,1,PROD-003,1,14.37,13.86
ORD-2024-035482,2,PROD-033,2,52.11,101.41
ORD-2024-035482,3,PROD-001,2,12.9,24.92
ORD-2024-035483,1,PROD-028,1,17.18,16.19
ORD-2024-035484,1,PROD-005,2,20.28,39.25
ORD-2024-035484,2,PROD-004,2,20.28,40.43
ORD-2024-035484,3,PROD-003,1,14.37,12.87
ORD-2024-035484,4,PROD-019,2,29.58,57.36
ORD-2024-035484,5,PROD-034,1,9.01,7.97
ORD-2024-035485,1,PROD-002,3,11.9,34.31
ORD-2024-035485,2,PROD-006,2,32.39,62.56
ORD-2024-035486,1,PROD-004,1,20.28,20.12
ORD-2024-035486,2,PROD-007,1,17.18,17.01
ORD-2024-035486,3,PROD-019,2,29.58,57.56
ORD-2024-035487,1,PROD-002,1,11.9,11.65
ORD-2024-035487,2,PROD-007,2,17.18,31.74
ORD-2024-035488,1,PROD-006,1,32.39,31.76
ORD-2024-035489,1,PROD-011,1,14.9,13.61
ORD-2024-035489,2,PROD-004,3,20.28,52.54
ORD-2024-035489,3,PROD-034,3,9.01,26.54
ORD-2024-035490,1,PROD-040,1,15.21,14.67
ORD-2024-035491,1,PROD-005,1,20.28,17.6
ORD-2024-035492,1,PROD-001,2,12.9,17.09
ORD-2024-035492,2,PROD-007,1,17.18,8.81
ORD-2024-035493,1,PROD-037,3,9.86,26.84
ORD-2024-035494,1,PROD-005,1,20.28,17.61
ORD-2024-035494,2,PROD-034,1,9.01,7.93
ORD-2024-035495,1,PROD-006,2,32.39,59.33
ORD-2024-035496,1,PROD-039,3,8.17,22.51
ORD-2024-035496,2,PROD-032,1,19.72,9.89
ORD-2024-035497,1,PROD-013,1,11.9,11.79
ORD-2024-035498,1,PROD-001,1,12.9,12.14
ORD-2024-035499,1,PROD-030,1,49.3,45.06
ORD-2024-035500,1,PROD-001,1,12.9,11.16
ORD-2024-035501,1,PROD-038,2,7.89,10.75
ORD-2024-035501,2,PROD-031,1,53.52,44.31
ORD-2024-035502,1,PROD-034,1,9.01,5.72
ORD-2024-035502,2,PROD-008,3,9.9,27.57
ORD-2024-035503,1,PROD-044,1,40.85,37.28
ORD-2024-035504,1,PROD-022,1,9.01,8.89
ORD-2024-035505,1,PROD-015,2,26.76,51.64
ORD-2024-035506,1,PROD-006,1,32.39,31.62
ORD-2024-035507,1,PROD-005,2,20.28,40.48
ORD-2024-035508,1,PROD-001,2,12.9,23.77
ORD-2024-035508,2,PROD-011,1,14.9,13.82
ORD-2024-035508,3,PROD-034,1,9.01,8.77
ORD-2024-035508,4,PROD-021,1,15.49,14.82
ORD-2024-035509,1,PROD-004,1,20.28,18.15
ORD-2024-035510,1,PROD-005,2,20.28,37.41
ORD-2024-035511,1,PROD-014,1,9.9,9.6
ORD-2024-035511,2,PROD-024,1,8.73,8.46
ORD-2024-035512,1,PROD-031,2,53.52,103.89
ORD-2024-035513,1,PROD-001,1,12.9,12.58
ORD-2024-035514,1,PROD-001,1,12.9,12.21
ORD-2024-035515,1,PROD-010,1,38.03,35.73
ORD-2024-035516,1,PROD-006,1,32.39,28.72
ORD-2024-035517,1,PROD-001,2,12.9,22.04
ORD-2024-035518,1,PROD-027,2,21.13,32.43
ORD-2024-035519,1,PROD-032,3,19.72,50.94
ORD-2024-035520,1,PROD-001,2,12.9,22.85
ORD-2024-035520,2,PROD-005,1,20.28,18.93
ORD-2024-035521,1,PROD-026,2,14.65,25.31
ORD-2024-035522,1,PROD-008,3,9.9,27.72
ORD-2024-035523,1,PROD-026,1,14.65,13.72
ORD-2024-035524,1,PROD-004,2,20.28,32.76
ORD-2024-035525,1,PROD-021,1,15.49,14.57
ORD-2024-035525,2,PROD-001,1,12.9,12.27
ORD-2024-035526,1,PROD-040,1,15.21,14.83
ORD-2024-035527,1,PROD-006,1,32.39,27.95
ORD-2024-035528,1,PROD-037,1,9.86,6.8
ORD-2024-035528,2,PROD-005,1,20.28,15.7
ORD-2024-035529,1,PROD-036,1,11.55,9.0
ORD-2024-035530,1,PROD-037,2,9.86,19.45
ORD-2024-035531,1,PROD-039,1,8.17,6.96
ORD-2024-035532,1,PROD-005,2,20.28,33.63
ORD-2024-035533,1,PROD-004,1,20.28,18.51
ORD-2024-035534,1,PROD-005,1,20.28,19.48
ORD-2024-035535,1,PROD-001,1,12.9,8.16
ORD-2024-035535,2,PROD-026,2,14.65,19.1
ORD-2024-035536,1,PROD-003,2,14.37,27.48
ORD-2024-035537,1,PROD-005,1,20.28,15.21
ORD-2024-035537,2,PROD-003,1,14.37,13.08
ORD-2024-035537,3,PROD-034,3,9.01,23.1
ORD-2024-035537,4,PROD-007,2,17.18,30.99
ORD-2024-035538,1,PROD-044,1,40.85,38.38
ORD-2024-035538,2,PROD-004,3,20.28,56.91
ORD-2024-035539,1,PROD-004,2,20.28,39.15
ORD-2024-035540,1,PROD-004,1,20.28,18.02
ORD-2024-035541,1,PROD-001,1,12.9,11.42
ORD-2024-035541,2,PROD-034,1,9.01,7.71
ORD-2024-035542,1,PROD-019,1,29.58,28.55
ORD-2024-035543,1,PROD-006,2,32.39,59.73
ORD-2024-035544,1,PROD-036,2,11.55,19.71
ORD-2024-035545,1,PROD-006,3,32.39,83.14
ORD-2024-035546,1,PROD-026,2,14.65,22.56
ORD-2024-035547,1,PROD-017,1,12.5,10.69
ORD-2024-035547,2,PROD-027,1,21.13,18.18
ORD-2024-035547,3,PROD-001,1,12.9,11.45
ORD-2024-035548,1,PROD-005,1,20.28,18.8
ORD-2024-035548,2,PROD-019,1,29.58,29.18
ORD-2024-035548,3,PROD-007,1,17.18,16.83
ORD-2024-035548,4,PROD-030,1,49.3,48.49
ORD-2024-035549,1,PROD-046,1,259.15,252.08
ORD-2024-035549,2,PROD-005,1,20.28,19.93
ORD-2024-035550,1,PROD-026,2,14.65,20.77
ORD-2024-035550,2,PROD-006,1,32.39,25.58
ORD-2024-035551,1,PROD-002,1,11.9,10.3
ORD-2024-035552,1,PROD-033,1,52.11,50.27
ORD-2024-035553,1,PROD-005,1,20.28,17.85
ORD-2024-035554,1,PROD-004,2,20.28,39.26
ORD-2024-035555,1,PROD-006,1,32.39,27.83
ORD-2024-035556,1,PROD-031,2,53.52,104.21
ORD-2024-035557,1,PROD-003,2,14.37,27.02
ORD-2024-035557,2,PROD-004,1,20.28,19.93
ORD-2024-035557,3,PROD-040,3,15.21,42.29
ORD-2024-035558,1,PROD-021,1,15.49,15.07
ORD-2024-035559,1,PROD-004,1,20.28,19.66
ORD-2024-035559,2,PROD-020,1,10.14,8.32
ORD-2024-035560,1,PROD-030,1,49.3,44.99
ORD-2024-035561,1,PROD-029,1,24.79,17.12
ORD-2024-035562,1,PROD-002,1,11.9,11.38
ORD-2024-035563,1,PROD-011,2,14.9,27.05
ORD-2024-035563,2,PROD-035,2,10.14,20.02
ORD-2024-035563,3,PROD-003,1,14.37,13.21
ORD-2024-035564,1,PROD-038,1,7.89,7.48
ORD-2024-035565,1,PROD-005,1,20.28,19.12
ORD-2024-035565,2,PROD-008,1,9.9,9.67
ORD-2024-035565,3,PROD-037,1,9.86,9.69
ORD-2024-035566,1,PROD-038,2,7.89,15.16
ORD-2024-035567,1,PROD-017,1,12.5,7.91
ORD-2024-035567,2,PROD-040,1,15.21,14.21
ORD-2024-035567,3,PROD-052,1,46.48,44.7
ORD-2024-035567,4,PROD-034,3,9.01,24.49
ORD-2024-035568,1,PROD-002,2,11.9,22.94
ORD-2024-035569,1,PROD-003,1,14.37,14.14
ORD-2024-035570,1,PROD-004,1,20.28,16.8
ORD-2024-035571,1,PROD-023,1,7.89,7.02
ORD-2024-035572,1,PROD-003,2,14.37,19.54
ORD-2024-035573,1,PROD-041,2,11.83,14.39
ORD-2024-035574,1,PROD-006,1,32.39,29.13
ORD-2024-035574,2,PROD-001,1,12.9,12.23
ORD-2024-035575,1,PROD-036,4,11.55,43.15
ORD-2024-035575,2,PROD-014,2,9.9,18.66
ORD-2024-035576,1,PROD-025,1,21.97,19.12
ORD-2024-035577,1,PROD-022,1,9.01,8.92
ORD-2024-035578,1,PROD-008,1,9.9,9.37
ORD-2024-035579,1,PROD-013,1,11.9,11.66
ORD-2024-035580,1,PROD-002,2,11.9,22.95
ORD-2024-035581,1,PROD-022,1,9.01,8.02
ORD-2024-035581,2,PROD-001,3,12.9,36.66
ORD-2024-035582,1,PROD-028,2,17.18,30.02
ORD-2024-035582,2,PROD-027,2,21.13,40.42
ORD-2024-035583,1,PROD-046,1,259.15,249.04
ORD-2024-035583,2,PROD-005,1,20.28,19.57
ORD-2024-035584,1,PROD-027,1,21.13,20.6
ORD-2024-035584,2,PROD-036,1,11.55,9.84
ORD-2024-035585,1,PROD-035,1,10.14,8.16
ORD-2024-035585,2,PROD-006,3,32.39,87.74
ORD-2024-035586,1,PROD-010,3,38.03,102.78
ORD-2024-035587,1,PROD-003,1,14.37,12.81
ORD-2024-035588,1,PROD-001,1,12.9,12.28
ORD-2024-035589,1,PROD-004,1,20.28,16.72
ORD-2024-035590,1,PROD-006,1,32.39,29.82
ORD-2024-035590,2,PROD-021,1,15.49,14.0
ORD-2024-035590,3,PROD-034,3,9.01,26.07
ORD-2024-035591,1,PROD-022,1,9.01,8.9
ORD-2024-035591,2,PROD-031,2,53.52,106.63
ORD-2024-035591,3,PROD-003,2,14.37,27.84
ORD-2024-035592,1,PROD-004,2,20.28,39.13
ORD-2024-035593,1,PROD-025,2,21.97,39.11
ORD-2024-035594,1,PROD-059,1,52.11,47.43
ORD-2024-035595,1,PROD-035,3,10.14,27.28
ORD-2024-035595,2,PROD-007,1,17.18,16.96
ORD-2024-035596,1,PROD-004,1,20.28,19.67
ORD-2024-035596,2,PROD-038,1,7.89,7.31
ORD-2024-035597,1,PROD-017,1,12.5,8.43
ORD-2024-035598,1,PROD-012,3,18.5,52.74
ORD-2024-035599,1,PROD-039,1,8.17,7.61
ORD-2024-035600,1,PROD-002,3,11.9,30.48
ORD-2024-035601,1,PROD-011,1,14.9,14.62
ORD-2024-035602,1,PROD-008,1,9.9,9.53
ORD-2024-035603,1,PROD-051,1,36.06,35.85
ORD-2024-035604,1,PROD-035,1,10.14,9.74
ORD-2024-035604,2,PROD-003,2,14.37,26.52
ORD-2024-035605,1,PROD-008,3,9.9,19.79
ORD-2024-035606,1,PROD-023,1,7.89,7.24
ORD-2024-035607,1,PROD-044,1,40.85,35.93
ORD-2024-035608,1,PROD-006,3,32.39,74.46
ORD-2024-035609,1,PROD-007,1,17.18,15.87
ORD-2024-035610,1,PROD-045,1,72.68,70.34
ORD-2024-035610,2,PROD-033,2,52.11,91.24
ORD-2024-035611,1,PROD-051,1,36.06,25.88
ORD-2024-035612,1,PROD-006,2,32.39,63.74
ORD-2024-035613,1,PROD-011,3,14.9,41.13
ORD-2024-035614,1,PROD-012,1,18.5,15.6
ORD-2024-035614,2,PROD-048,1,55.77,36.32
ORD-2024-035615,1,PROD-041,1,11.83,10.59
ORD-2024-035616,1,PROD-014,2,9.9,19.54
ORD-2024-035617,1,PROD-016,1,8.9,8.34
ORD-2024-035618,1,PROD-010,1,38.03,32.5
ORD-2024-035619,1,PROD-050,1,61.97,59.47
ORD-2024-035620,1,PROD-037,1,9.86,9.57
ORD-2024-035620,2,PROD-034,1,9.01,8.3
ORD-2024-035620,3,PROD-015,1,26.76,25.11
ORD-2024-035621,1,PROD-006,3,32.39,92.19
ORD-2024-035622,1,PROD-004,1,20.28,12.15
ORD-2024-035623,1,PROD-002,1,11.9,11.43
ORD-2024-035623,2,PROD-044,1,40.85,34.12
ORD-2024-035624,1,PROD-024,2,8.73,11.58
ORD-2024-035625,1,PROD-003,1,14.37,12.78
ORD-2024-035625,2,PROD-024,1,8.73,7.18
ORD-2024-035625,3,PROD-001,1,12.9,9.43
ORD-2024-035626,1,PROD-010,3,38.03,95.09
ORD-2024-035627,1,PROD-008,1,9.9,8.05
ORD-2024-035627,2,PROD-001,1,12.9,11.95
ORD-2024-035627,3,PROD-004,1,20.28,18.9
ORD-2024-035628,1,PROD-020,1,10.14,7.96
ORD-2024-035628,2,PROD-022,1,9.01,8.65
ORD-2024-035629,1,PROD-022,2,9.01,17.34
ORD-2024-035630,1,PROD-026,1,14.65,14.46
ORD-2024-035631,1,PROD-038,1,7.89,6.41
ORD-2024-035632,1,PROD-008,3,9.9,25.06
ORD-2024-035632,2,PROD-038,1,7.89,7.63
ORD-2024-035633,1,PROD-038,1,7.89,7.49
ORD-2024-035633,2,PROD-006,1,32.39,26.8
ORD-2024-035634,1,PROD-054,1,59.15,51.1
ORD-2024-035635,1,PROD-010,3,38.03,112.42
ORD-2024-035636,1,PROD-008,1,9.9,9.71
ORD-2024-035636,2,PROD-001,3,12.9,37.35
ORD-2024-035637,1,PROD-006,1,32.39,32.15
ORD-2024-035637,2,PROD-041,1,11.83,11.67
ORD-2024-035638,1,PROD-023,1,7.89,7.41
ORD-2024-035638,2,PROD-008,3,9.9,27.74
ORD-2024-035639,1,PROD-050,1,61.97,52.28
ORD-2024-035640,1,PROD-014,1,9.9,9.73
ORD-2024-035641,1,PROD-046,1,259.15,209.19
ORD-2024-035641,2,PROD-016,1,8.9,6.05
ORD-2024-035642,1,PROD-042,2,73.24,113.8
ORD-2024-035643,1,PROD-002,1,11.9,11.28
ORD-2024-035644,1,PROD-001,3,12.9,33.85
ORD-2024-035645,1,PROD-037,2,9.86,18.69
ORD-2024-035646,1,PROD-040,1,15.21,14.59
ORD-2024-035646,2,PROD-035,1,10.14,8.83
ORD-2024-035646,3,PROD-016,1,8.9,8.49
ORD-2024-035646,4,PROD-038,2,7.89,14.15
ORD-2024-035647,1,PROD-014,1,9.9,7.38
ORD-2024-035647,2,PROD-004,1,20.28,15.76
ORD-2024-035647,3,PROD-007,1,17.18,14.35
ORD-2024-035648,1,PROD-007,1,17.18,16.58
ORD-2024-035648,2,PROD-014,1,9.9,9.5
ORD-2024-035649,1,PROD-002,1,11.9,11.16
ORD-2024-035649,2,PROD-004,1,20.28,14.61
ORD-2024-035650,1,PROD-004,1,20.28,19.88
ORD-2024-035650,2,PROD-005,1,20.28,19.43
ORD-2024-035650,3,PROD-001,1,12.9,12.51
ORD-2024-035651,1,PROD-025,1,21.97,21.37
ORD-2024-035651,2,PROD-022,1,9.01,8.44
ORD-2024-035652,1,PROD-002,1,11.9,11.23
ORD-2024-035652,2,PROD-041,1,11.83,11.5
ORD-2024-035652,3,PROD-006,1,32.39,30.49
ORD-2024-035653,1,PROD-017,3,12.5,29.27
ORD-2024-035653,2,PROD-004,1,20.28,16.1
ORD-2024-035654,1,PROD-002,2,11.9,22.64
ORD-2024-035655,1,PROD-007,1,17.18,15.44
ORD-2024-035655,2,PROD-041,1,11.83,8.44
ORD-2024-035656,1,PROD-047,1,108.45,104.1
ORD-2024-035657,1,PROD-014,1,9.9,8.01
ORD-2024-035657,2,PROD-046,1,259.15,192.32
ORD-2024-035658,1,PROD-015,3,26.76,71.72
ORD-2024-035659,1,PROD-004,1,20.28,15.83
ORD-2024-035659,2,PROD-037,1,9.86,6.71
ORD-2024-035659,3,PROD-035,2,10.14,16.76
ORD-2024-035660,1,PROD-007,2,17.18,33.19
ORD-2024-035661,1,PROD-007,3,17.18,40.11
ORD-2024-035661,2,PROD-010,2,38.03,70.82
ORD-2024-035662,1,PROD-006,2,32.39,62.16
ORD-2024-035663,1,PROD-010,2,38.03,72.89
ORD-2024-035663,2,PROD-008,1,9.9,8.95
ORD-2024-035664,1,PROD-016,2,8.9,15.29
ORD-2024-035664,2,PROD-019,2,29.58,51.75
ORD-2024-035665,1,PROD-038,2,7.89,12.59
ORD-2024-035666,1,PROD-041,1,11.83,11.1
ORD-2024-035667,1,PROD-015,2,26.76,41.63
ORD-2024-035668,1,PROD-001,2,12.9,16.49
ORD-2024-035669,1,PROD-049,1,80.28,78.14
ORD-2024-035670,1,PROD-001,1,12.9,11.76
ORD-2024-035670,2,PROD-041,1,11.83,8.85
ORD-2024-035671,1,PROD-026,2,14.65,27.69
ORD-2024-035672,1,PROD-025,1,21.97,16.31
ORD-2024-035673,1,PROD-001,2,12.9,18.65
ORD-2024-035674,1,PROD-026,1,14.65,12.47
ORD-2024-035675,1,PROD-025,1,21.97,16.79
ORD-2024-035676,1,PROD-050,1,61.97,53.86
ORD-2024-035677,1,PROD-010,2,38.03,64.19
ORD-2024-035678,1,PROD-025,1,21.97,20.12
ORD-2024-035678,2,PROD-020,1,10.14,8.1
ORD-2024-035679,1,PROD-006,1,32.39,29.96
ORD-2024-035679,2,PROD-047,1,108.45,107.13
ORD-2024-035679,3,PROD-035,3,10.14,26.52
ORD-2024-035680,1,PROD-006,2,32.39,64.25
ORD-2024-035680,2,PROD-005,3,20.28,60.06
ORD-2024-035681,1,PROD-006,1,32.39,31.96
ORD-2024-035682,1,PROD-014,1,9.9,8.84
ORD-2024-035682,2,PROD-041,1,11.83,10.82
ORD-2024-035683,1,PROD-041,1,11.83,10.33
ORD-2024-035684,1,PROD-001,3,12.9,37.11
ORD-2024-035685,1,PROD-032,3,19.72,57.63
ORD-2024-035686,1,PROD-006,3,32.39,81.05
ORD-2024-035687,1,PROD-002,1,11.9,11.63
ORD-2024-035687,2,PROD-027,2,21.13,41.2
ORD-2024-035688,1,PROD-037,1,9.86,9.07
ORD-2024-035689,1,PROD-021,2,15.49,26.94
ORD-2024-035690,1,PROD-017,1,12.5,11.94
ORD-2024-035691,1,PROD-003,1,14.37,12.03
ORD-2024-035692,1,PROD-050,1,61.97,56.27
ORD-2024-035693,1,PROD-021,1,15.49,12.78
ORD-2024-035694,1,PROD-005,1,20.28,19.93
ORD-2024-035695,1,PROD-004,1,20.28,17.94
ORD-2024-035696,1,PROD-035,4,10.14,36.77
ORD-2024-035697,1,PROD-002,1,11.9,11.44
ORD-2024-035697,2,PROD-034,2,9.01,15.54
ORD-2024-035698,1,PROD-006,1,32.39,28.51
ORD-2024-035699,1,PROD-027,1,21.13,19.37
ORD-2024-035699,2,PROD-040,1,15.21,14.09
ORD-2024-035699,3,PROD-041,1,11.83,10.54
ORD-2024-035699,4,PROD-005,1,20.28,18.28
ORD-2024-035699,5,PROD-026,1,14.65,13.05
ORD-2024-035700,1,PROD-041,1,11.83,11.68
ORD-2024-035701,1,PROD-026,1,14.65,14.17
ORD-2024-035702,1,PROD-005,1,20.28,18.72
ORD-2024-035703,1,PROD-047,1,108.45,105.46
ORD-2024-035704,1,PROD-016,1,8.9,7.25
ORD-2024-035705,1,PROD-011,3,14.9,42.92
ORD-2024-035705,2,PROD-027,1,21.13,19.31
ORD-2024-035705,3,PROD-034,2,9.01,16.16
ORD-2024-035706,1,PROD-051,1,36.06,33.07
ORD-2024-035707,1,PROD-053,1,53.52,51.79
ORD-2024-035708,1,PROD-008,1,9.9,4.46
ORD-2024-035708,2,PROD-005,3,20.28,32.39
ORD-2024-035708,3,PROD-006,1,32.39,14.59
ORD-2024-035709,1,PROD-007,1,17.18,14.68
ORD-2024-035710,1,PROD-006,1,32.39,31.69
ORD-2024-035711,1,PROD-012,3,18.5,51.4
ORD-2024-035712,1,PROD-003,1,14.37,12.02
ORD-2024-035712,2,PROD-014,1,9.9,5.73
ORD-2024-035713,1,PROD-028,1,17.18,17.08
ORD-2024-035713,2,PROD-052,1,46.48,28.73
ORD-2024-035714,1,PROD-004,1,20.28,17.4
ORD-2024-035715,1,PROD-003,1,14.37,12.94
ORD-2024-035715,2,PROD-035,1,10.14,9.86
ORD-2024-035715,3,PROD-038,1,7.89,7.7
ORD-2024-035715,4,PROD-006,2,32.39,61.66
ORD-2024-035716,1,PROD-038,1,7.89,6.63
ORD-2024-035717,1,PROD-001,2,12.9,19.41
ORD-2024-035718,1,PROD-002,1,11.9,10.85
ORD-2024-035719,1,PROD-004,2,20.28,39.52
ORD-2024-035719,2,PROD-003,1,14.37,13.25
ORD-2024-035720,1,PROD-044,1,40.85,18.38
ORD-2024-035720,2,PROD-030,2,49.3,73.73
ORD-2024-035721,1,PROD-022,1,9.01,7.85
ORD-2024-035721,2,PROD-015,2,26.76,41.0
ORD-2024-035721,3,PROD-003,2,14.37,24.46
ORD-2024-035722,1,PROD-003,2,14.37,27.65
ORD-2024-035723,1,PROD-004,2,20.28,36.83
ORD-2024-035723,2,PROD-005,1,20.28,18.33
ORD-2024-035724,1,PROD-016,1,8.9,7.89
ORD-2024-035725,1,PROD-004,1,20.28,13.32
ORD-2024-035725,2,PROD-036,1,11.55,9.39
ORD-2024-035726,1,PROD-005,1,20.28,19.28
ORD-2024-035726,2,PROD-034,1,9.01,8.78
ORD-2024-035726,3,PROD-001,1,12.9,9.14
ORD-2024-035727,1,PROD-002,1,11.9,9.55
ORD-2024-035728,1,PROD-007,1,17.18,13.13
ORD-2024-035729,1,PROD-010,1,38.03,36.4
ORD-2024-035730,1,PROD-042,1,73.24,68.41
ORD-2024-035731,1,PROD-006,2,32.39,59.33
ORD-2024-035732,1,PROD-024,1,8.73,
ORD-2024-035733,1,PROD-003,1,14.37,13.3
 ORD-2024-035734 ,1,PROD-001,2,12.9,24.1
ORD-2024-035734,2,PROD-034,1,9.01,8.16
ORD-2024-035734,3,PROD-006,1,32.39,32.15
ORD-2024-035735,1,PROD-004,2,20.28,37.29
ORD-2024-035736,1,PROD-004,1,20.28,18.81
ORD-2024-035736,2,PROD-026,1,14.65,13.04
ORD-2024-035737,1,PROD-013,1,11.9,10.98
ORD-2024-035738,1,PROD-007,1,17.18,16.39
ORD-2024-035739,1,PROD-035,1,10.14,9.94
ORD-2024-035740,1,PROD-005,2,20.28,36.04
ORD-2024-035740,2,PROD-028,1,17.18,14.27
ORD-2024-035741,1,PROD-033,3,52.11,149.42
ORD-2024-035741,2,PROD-007,1,17.18,15.88
ORD-2024-035741,3,PROD-001,1,12.9,10.79
ORD-2024-035742,1,PROD-002,1,11.9,9.81
ORD-2024-035742,2,PROD-001,3,12.9,36.66
ORD-2024-035743,1,PROD-005,3,20.28,51.67
ORD-2024-035743,2,PROD-035,2,10.14,18.33
ORD-2024-035744,1,PROD-005,3,20.28,52.75
ORD-2024-035745,1,PROD-051,1,36.06,25.63
ORD-2024-035746,1,PROD-033,1,52.11,48.62
ORD-2024-035747,1,PROD-044,2,40.85,78.64
ORD-2024-035748,1,PROD-006,1,32.39,28.07
ORD-2024-035748,2,PROD-038,1,7.89,7.34
ORD-2024-035748,3,PROD-037,1,9.86,7.93
ORD-2024-035748,4,PROD-011,3,14.9,42.45
ORD-2024-035749,1,PROD-005,1,20.28,14.82
ORD-2024-035749,2,PROD-004,1,20.28,19.59
ORD-2024-035749,3,PROD-003,2,14.37,26.13
ORD-2024-035750,1,PROD-044,1,40.85,38.55
ORD-2024-035751,1,PROD-004,3,20.28,60.09
ORD-2024-035752,1,PROD-002,2,11.9,23.6
ORD-2024-035752,2,PROD-004,1,20.28,16.24
ORD-2024-035753,1,PROD-042,2,73.24,126.66
ORD-2024-035753,2,PROD-002,3,11.9,32.93
ORD-2024-035754,1,PROD-013,3,11.9,32.54
ORD-2024-035755,1,PROD-008,1,9.9,9.66
ORD-2024-035756,1,PROD-040,2,15.21,23.08
ORD-2024-035757,1,PROD-005,1,20.28,19.63
ORD-2024-035758,1,PROD-036,4,11.55,42.54
ORD-2024-035758,2,PROD-005,1,20.28,15.98
ORD-2024-035758,3,PROD-001,2,12.9,24.17
ORD-2024-035759,1,PROD-052,2,46.48,61.55
ORD-2024-035759,2,PROD-036,1,11.55,10.17
ORD-2024-035760,1,PROD-003,1,14.37,11.25
ORD-2024-035761,1,PROD-006,3,32.39,87.24
ORD-2024-035762,1,PROD-006,2,32.39,63.24
ORD-2024-035762,2,PROD-060,1,42.25,39.06
ORD-2024-035763,1,PROD-007,3,17.18,45.25
ORD-2024-035764,1,PROD-005,1,20.28,19.82
ORD-2024-035765,1,PROD-020,1,10.14,10.03
ORD-2024-035766,1,PROD-003,2,14.37,22.47
ORD-2024-035767,1,PROD-005,3,20.28,57.6
ORD-2024-035768,1,PROD-001,1,12.9,11.45
ORD-2024-035768,2,PROD-004,1,20.28,19.69
ORD-2024-035769,1,PROD-028,2,17.18,26.53
ORD-2024-035770,1,PROD-041,3,11.83,31.84
ORD-2024-035770,2,PROD-034,1,9.01,7.68
ORD-2024-035770,3,PROD-006,2,32.39,57.12
ORD-2024-035771,1,PROD-040,1,15.21,11.34
ORD-2024-035772,1,PROD-010,1,38.03,32.55
ORD-2024-035773,1,PROD-004,1,20.28,15.35
ORD-2024-035774,1,PROD-012,1,18.5,13.27
ORD-2024-035774,2,PROD-001,1,12.9,10.5
ORD-2024-035775,1,PROD-038,1,7.89,7.25
ORD-2024-035776,1,PROD-023,2,7.89,14.76
ORD-2024-035776,2,PROD-035,1,10.14,8.65
ORD-2024-035777,1,PROD-001,1,12.9,12.71
ORD-2024-035778,1,PROD-025,1,21.97,19.85
ORD-2024-035779,1,PROD-006,1,32.39,27.92
ORD-2024-035780,1,PROD-045,1,72.68,68.06
ORD-2024-035780,2,PROD-032,2,19.72,37.9
ORD-2024-035781,1,PROD-001,2,12.9,24.39
ORD-2024-035782,1,PROD-005,2,20.28,39.08
ORD-2024-035783,1,PROD-050,1,61.97,53.24
ORD-2024-035784,1,PROD-014,3,9.9,20.38
ORD-2024-035785,1,PROD-004,1,20.28,15.57
ORD-2024-035785,2,PROD-031,1,53.52,52.05
ORD-2024-035785,3,PROD-036,1,11.55,11.0
ORD-2024-035786,1,PROD-005,1,20.28,19.62
ORD-2024-035787,1,PROD-040,1,15.21,14.5
ORD-2024-035788,1,PROD-035,1,10.14,8.9
ORD-2024-035789,1,PROD-016,1,8.9,8.1
ORD-2024-035790,1,PROD-022,2,9.01,16.16
ORD-2024-035791,1,PROD-003,1,14.37,12.2
ORD-2024-035791,2,PROD-041,2,11.83,21.44
ORD-2024-035792,1,PROD-022,2,9.01,16.19
ORD-2024-035793,1,PROD-022,1,9.01,8.0
ORD-2024-035794,1,PROD-040,2,15.21,28.56
ORD-2024-035795,1,PROD-032,1,19.72,19.38
ORD-2024-035795,2,PROD-039,1,8.17,6.36
ORD-2024-035796,1,PROD-038,1,7.89,7.68
ORD-2024-035796,2,PROD-035,2,10.14,19.89
ORD-2024-035796,3,PROD-002,1,11.9,11.34
ORD-2024-035797,1,PROD-013,1,11.9,10.32
ORD-2024-035797,2,PROD-022,2,9.01,16.44
ORD-2024-035797,3,PROD-001,2,12.9,22.46
ORD-2024-035798,1,PROD-028,1,17.18,15.28
ORD-2024-035798,2,PROD-022,2,9.01,14.61
ORD-2024-035798,3,PROD-026,1,14.65,14.51
ORD-2024-035798,4,PROD-001,2,12.9,24.18
ORD-2024-035799,1,PROD-001,1,12.9,9.6
ORD-2024-035800,1,PROD-041,1,11.83,10.95
ORD-2024-035800,2,PROD-034,1,9.01,7.06
ORD-2024-035800,3,PROD-037,2,9.86,17.69
ORD-2024-035801,1,PROD-035,2,10.14,17.47
ORD-2024-035802,1,PROD-027,1,21.13,19.07
ORD-2024-035803,1,PROD-035,1,10.14,9.87
ORD-2024-035803,2,PROD-053,1,53.52,51.9
ORD-2024-035804,1,PROD-040,2,15.21,28.93
ORD-2024-035805,1,PROD-004,1,20.28,13.98
ORD-2024-035806,1,PROD-034,1,9.01,7.14
ORD-2024-035807,1,PROD-005,1,20.28,19.45
ORD-2024-035807,2,PROD-034,2,9.01,17.28
ORD-2024-035807,3,PROD-038,1,7.89,7.44
ORD-2024-035807,4,PROD-002,1,11.9,0.0
ORD-2024-035807,5,PROD-006,2,32.39,59.17
ORD-2024-035808,1,PROD-008,1,9.9,9.37
ORD-2024-035808,2,PROD-035,1,10.14,8.99
ORD-2024-035808,3,PROD-017,2,12.5,24.29
ORD-2024-035809,1,PROD-002,1,11.9,11.77
ORD-2024-035810,1,PROD-027,2,21.13,37.96
ORD-2024-035810,2,PROD-004,1,20.28,17.67
ORD-2024-035811,1,PROD-002,2,11.9,22.68
ORD-2024-035812,1,PROD-004,1,20.28,17.83
ORD-2024-035813,1,PROD-027,1,21.13,20.71
ORD-2024-035813,2,PROD-001,1,12.9,12.5
ORD-2024-035814,1,PROD-002,3,11.9,33.73
ORD-2024-035814,2,PROD-014,2,9.9,19.27
ORD-2024-035815,1,PROD-044,1,40.85,31.79
ORD-2024-035816,1,PROD-002,1,11.9,11.58
ORD-2024-035817,1,PROD-017,1,12.5,11.78
ORD-2024-035818,1,PROD-019,1,29.58,23.5
ORD-2024-035819,1,PROD-005,2,20.28,38.74
ORD-2024-035820,1,PROD-017,2,12.5,22.83
ORD-2024-035821,1,PROD-041,2,11.83,18.67
ORD-2024-035822,1,PROD-005,2,20.28,39.56
ORD-2024-035823,1,PROD-003,1,14.37,9.01
ORD-2024-035823,2,PROD-038,2,7.89,15.25
ORD-2024-035824,1,PROD-029,1,24.79,21.5
ORD-2024-035824,2,PROD-035,2,10.14,18.28
ORD-2024-035825,1,PROD-023,1,7.89,4.39
ORD-2024-035826,1,PROD-020,2,10.14,17.35
ORD-2024-035826,2,PROD-022,2,9.01,15.98
ORD-2024-035826,3,PROD-016,1,8.9,7.23
ORD-2024-035827,1,PROD-016,2,8.9,12.87
ORD-2024-035827,2,PROD-032,1,19.72,14.91
ORD-2024-035827,3,PROD-038,1,7.89,7.07
ORD-2024-035828,1,PROD-008,3,9.9,27.59
ORD-2024-035829,1,PROD-035,1,10.14,8.83
ORD-2024-035830,1,PROD-008,1,9.9,9.12
ORD-2024-035830,2,PROD-014,3,9.9,29.13
ORD-2024-035830,3,PROD-003,1,14.37,14.16
ORD-2024-035831,1,PROD-020,1,10.14,8.37
ORD-2024-035832,1,PROD-005,1,20.28,18.17
ORD-2024-035833,1,PROD-028,1,17.18,13.2
ORD-2024-035834,1,PROD-007,2,17.18,31.15
ORD-2024-035835,1,PROD-006,1,32.39,31.5
ORD-2024-035836,1,PROD-022,2,9.01,16.69
ORD-2024-035836,2,PROD-007,1,17.18,16.61
ORD-2024-035837,1,PROD-005,1,20.28,17.48
ORD-2024-035838,1,PROD-023,1,7.89,7.0
ORD-2024-035838,2,PROD-059,1,52.11,29.81
ORD-2024-035838,3,PROD-001,1,12.9,7.82
ORD-2024-035839,1,PROD-005,1,20.28,19.78
ORD-2024-035839,2,PROD-015,1,26.76,23.9
ORD-2024-035840,1,PROD-004,1,20.28,17.66
ORD-2024-035841,1,PROD-037,1,9.86,8.27
ORD-2024-035842,1,PROD-003,1,14.37,13.37
ORD-2024-035842,2,PROD-029,1,24.79,22.7
ORD-2024-035842,3,PROD-034,2,9.01,17.09
ORD-2024-035843,1,PROD-040,1,15.21,15.08
ORD-2024-035843,2,PROD-007,1,17.18,16.15
ORD-2024-035844,1,PROD-020,1,10.14,9.09
ORD-2024-035845,1,PROD-021,1,15.49,12.62
ORD-2024-035846,1,PROD-001,2,12.9,23.43
ORD-2024-035847,1,PROD-004,2,20.28,37.12
ORD-2024-035848,1,PROD-031,1,53.52,51.34
ORD-2024-035849,1,PROD-013,1,11.9,10.76
ORD-2024-035850,1,PROD-006,3,32.39,63.69
ORD-2024-035851,1,PROD-017,2,12.5,21.66
ORD-2024-035851,2,PROD-048,1,55.77,52.93
ORD-2024-035851,3,PROD-038,4,7.89,29.24
ORD-2024-035852,1,PROD-002,1,11.9,10.84
ORD-2024-035853,1,PROD-004,2,20.28,38.47
ORD-2024-035854,1,PROD-005,2,20.28,39.4
ORD-2024-035855,1,PROD-002,3,11.9,27.52
ORD-2024-035856,1,PROD-015,1,26.76,23.54
ORD-2024-035857,1,PROD-022,1,9.01,7.72
ORD-2024-035858,1,PROD-019,3,29.58,78.87
ORD-2024-035859,1,PROD-025,1,21.97,20.53
ORD-2024-035859,2,PROD-019,2,29.58,57.96
ORD-2024-035860,1,PROD-035,1,10.14,8.74
ORD-2024-035861,1,PROD-013,2,11.9,21.74
ORD-2024-035862,1,PROD-039,2,8.17,13.25
ORD-2024-035862,2,PROD-008,2,9.9,17.49
ORD-2024-035863,1,PROD-005,2,20.28,39.32
ORD-2024-035863,2,PROD-034,1,9.01,8.45
ORD-2024-035864,1,PROD-017,1,12.5,11.97
ORD-2024-035865,1,PROD-014,2,9.9,17.67
ORD-2024-035866,1,PROD-027,1,21.13,19.71
ORD-2024-035866,2,PROD-040,1,15.21,12.24
ORD-2024-035867,1,PROD-004,1,20.28,17.04
ORD-2024-035868,1,PROD-030,1,49.3,48.98
ORD-2024-035869,1,PROD-003,1,14.37,14.08
ORD-2024-035870,1,PROD-002,2,11.9,20.71
ORD-2024-035870,2,PROD-006,1,32.39,31.98
ORD-2024-035870,3,PROD-001,1,12.9,11.89
ORD-2024-035871,1,PROD-007,1,17.18,16.29
ORD-2024-035871,2,PROD-053,1,53.52,52.46
ORD-2024-035872,1,PROD-004,2,20.28,32.88
ORD-2024-035873,1,PROD-017,3,12.5,32.63
ORD-2024-035874,1,PROD-006,3,32.39,91.86
ORD-2024-035875,1,PROD-035,3,10.14,23.67
ORD-2024-035875,2,PROD-006,2,32.39,55.36
ORD-2024-035875,3,PROD-025,1,21.97,20.34
ORD-2024-035876,1,PROD-012,1,18.5,16.79
ORD-2024-035876,2,PROD-005,1,20.28,16.96
ORD-2024-035877,1,PROD-005,1,20.28,17.03
ORD-2024-035878,1,PROD-026,1,14.65,13.33
ORD-2024-035879,1,PROD-001,2,12.9,24.55
ORD-2024-035880,1,PROD-005,1,20.28,16.85
ORD-2024-035881,1,PROD-033,1,52.11,49.59
ORD-2024-035882,1,PROD-047,1,108.45,104.01
ORD-2024-035883,1,PROD-047,1,108.45,92.18
ORD-2024-035884,1,PROD-032,4,19.72,64.11
ORD-2024-035885,1,PROD-048,1,55.77,55.29
ORD-2024-035885,2,PROD-040,1,15.21,13.65
ORD-2024-035886,1,PROD-029,1,24.79,20.32
ORD-2024-035886,2,PROD-030,2,49.3,90.19
ORD-2024-035886,3,PROD-006,1,32.39,28.27
ORD-2024-035887,1,PROD-036,2,11.55,22.46
ORD-2024-035888,1,PROD-029,2,24.79,49.35
ORD-2024-035888,2,PROD-024,1,8.73,7.18
ORD-2024-035888,3,PROD-004,1,20.28,19.39
ORD-2024-035888,4,PROD-023,1,7.89,7.77
ORD-2024-035889,1,PROD-004,3,20.28,59.83
ORD-2024-035889,2,PROD-052,1,46.48,41.99
ORD-2024-035890,1,PROD-001,2,12.9,25.73
ORD-2024-035891,1,PROD-002,1,11.9,11.48
ORD-2024-035891,2,PROD-035,2,10.14,17.11
ORD-2024-035892,1,PROD-019,1,29.58,22.48
ORD-2024-035892,2,PROD-014,3,9.9,26.74
ORD-2024-035893,1,PROD-004,3,20.28,56.59
ORD-2024-035894,1,PROD-032,3,19.72,56.65
ORD-2024-035895,1,PROD-002,2,11.9,23.65
ORD-2024-035896,1,PROD-007,1,17.18,16.88
ORD-2024-035897,1,PROD-017,1,12.5,12.08
ORD-2024-035898,1,PROD-002,1,11.9,8.92
ORD-2024-035898,2,PROD-010,1,38.03,28.95
ORD-2024-035899,1,PROD-008,2,9.9,19.16
ORD-2024-035899,2,PROD-005,2,20.28,37.36
ORD-2024-035900,1,PROD-002,1,11.9,11.83
ORD-2024-035901,1,PROD-003,2,14.37,27.45
ORD-2024-035901,2,PROD-002,2,11.9,22.88
ORD-2024-035901,3,PROD-006,2,32.39,64.04
ORD-2024-035902,1,PROD-005,1,20.28,19.43
ORD-2024-035903,1,PROD-028,1,17.18,17.01
ORD-2024-035904,1,PROD-030,1,49.3,47.23
ORD-2024-035905,1,PROD-036,2,11.55,19.97
ORD-2024-035906,1,PROD-007,1,17.18,15.3
ORD-2024-035906,2,PROD-004,1,20.28,18.9
ORD-2024-035906,3,PROD-021,1,15.49,12.9
ORD-2024-035907,1,PROD-002,1,11.9,9.45
ORD-2024-035907,2,PROD-001,2,12.9,21.38
ORD-2024-035907,3,PROD-005,2,20.28,36.49
ORD-2024-035908,1,PROD-001,1,12.9,12.72
ORD-2024-035909,1,PROD-011,1,14.9,14.76
ORD-2024-035910,1,PROD-004,1,20.28,16.88
ORD-2024-035910,2,PROD-024,1,8.73,7.98
ORD-2024-035911,1,PROD-002,1,11.9,8.2
ORD-2024-035912,1,PROD-036,1,11.55,11.37
ORD-2024-035912,2,PROD-038,3,7.89,21.5
ORD-2024-035912,3,PROD-005,2,20.28,37.92
ORD-2024-035913,1,PROD-037,1,9.86,8.9
ORD-2024-035914,1,PROD-005,1,20.28,19.49
ORD-2024-035915,1,PROD-007,2,17.18,25.55
ORD-2024-035916,1,PROD-039,4,8.17,29.02
ORD-2024-035916,2,PROD-006,2,32.39,60.73
ORD-2024-035916,3,PROD-010,1,38.03,35.12
ORD-2024-035917,1,PROD-007,1,17.18,15.23
ORD-2024-035917,2,PROD-032,1,19.72,16.99
ORD-2024-035918,1,PROD-032,1,19.72,16.71
ORD-2024-035918,2,PROD-004,1,20.28,19.64
ORD-2024-035919,1,PROD-006,1,32.39,14.58
ORD-2024-035920,1,PROD-008,2,9.9,18.55
ORD-2024-035920,2,PROD-041,1,11.83,7.57
ORD-2024-035921,1,PROD-030,1,49.3,44.47
ORD-2024-035922,1,PROD-041,1,11.83,11.56
ORD-2024-035923,1,PROD-003,1,14.37,13.74
ORD-2024-035923,2,PROD-033,1,52.11,47.37
ORD-2024-035924,1,PROD-004,1,20.28,19.57
ORD-2024-035924,2,PROD-037,2,9.86,19.35
ORD-2024-035925,1,PROD-040,2,15.21,25.76
ORD-2024-035926,1,PROD-039,1,8.17,6.28
ORD-2024-035926,2,PROD-004,1,20.28,19.46
ORD-2024-035927,1,PROD-006,1,32.39,22.14
ORD-2024-035928,1,PROD-005,2,20.28,38.4
ORD-2024-035928,2,PROD-001,1,12.9,11.14
ORD-2024-035928,3,PROD-041,2,11.83,18.72
ORD-2024-035929,1,PROD-007,1,17.18,15.61
ORD-2024-035930,1,PROD-013,1,11.9,11.37
ORD-2024-035931,1,PROD-013,1,11.9,10.61
ORD-2024-035932,1,PROD-059,1,52.11,50.05
ORD-2024-035933,1,PROD-027,1,21.13,14.85
ORD-2024-035934,1,PROD-002,1,11.9,11.43
ORD-2024-035934,2,PROD-001,2,12.9,23.12
ORD-2024-035935,1,PROD-036,2,11.55,20.23
ORD-2024-035936,1,PROD-001,1,12.9,11.13
ORD-2024-035937,1,PROD-004,1,20.28,19.31
ORD-2024-035937,2,PROD-034,2,9.01,17.93
ORD-2024-035937,3,PROD-001,1,12.9,12.69
ORD-2024-035938,1,PROD-028,1,17.18,16.11
ORD-2024-035939,1,PROD-056,1,101.41,58.84
ORD-2024-035940,1,PROD-038,3,7.89,22.2
ORD-2024-035941,1,PROD-048,1,55.77,55.26
ORD-2024-035941,2,PROD-002,1,11.9,11.59
ORD-2024-035942,1,PROD-006,3,32.39,93.39
ORD-2024-035943,1,PROD-002,1,11.9,11.72
ORD-2024-035943,2,PROD-038,1,7.89,7.57
ORD-2024-035943,3,PROD-010,1,38.03,37.32
ORD-2024-035943,4,PROD-021,1,15.49,14.8
ORD-2024-035944,1,PROD-020,1,10.14,8.06
ORD-2024-035944,2,PROD-024,1,8.73,7.93
ORD-2024-035944,3,PROD-001,1,12.9,11.89
ORD-2024-035945,1,PROD-004,1,20.28,20.16
ORD-2024-035946,1,PROD-010,1,38.03,37.51
ORD-2024-035946,2,PROD-001,3,12.9,37.52
ORD-2024-035946,3,PROD-040,4,15.21,53.48
ORD-2024-035947,1,PROD-005,2,20.28,36.96
ORD-2024-035948,1,PROD-001,1,12.9,12.26
ORD-2024-035948,2,PROD-006,1,32.39,31.48
ORD-2024-035949,1,PROD-001,1,12.9,10.36
ORD-2024-035950,1,PROD-039,2,8.17,11.09
ORD-2024-035951,1,PROD-002,2,11.9,22.88
ORD-2024-035952,1,PROD-002,1,11.9,11.08
ORD-2024-035952,2,PROD-016,2,8.9,15.82
ORD-2024-035953,1,PROD-033,2,52.11,99.54
ORD-2024-035954,1,PROD-024,1,8.73,5.22
ORD-2024-035954,2,PROD-032,2,19.72,17.75
ORD-2024-035955,1,PROD-050,1,61.97,29.68
ORD-2024-035956,1,PROD-051,1,36.06,23.45
ORD-2024-035956,2,PROD-052,1,46.48,32.59
ORD-2024-035957,1,PROD-005,1,20.28,19.83
ORD-2024-035958,1,PROD-005,1,20.28,19.29
ORD-2024-035958,2,PROD-001,1,12.9,11.27
ORD-2024-035959,1,PROD-027,1,21.13,18.53
ORD-2024-035960,1,PROD-025,1,21.97,20.92
ORD-2024-035961,1,PROD-027,2,21.13,40.19
ORD-2024-035961,2,PROD-005,1,20.28,18.46
ORD-2024-035962,1,PROD-029,1,24.79,23.25
ORD-2024-035962,2,PROD-041,3,11.83,33.14
ORD-2024-035962,3,PROD-030,1,49.3,47.5
ORD-2024-035963,1,PROD-004,1,20.28,13.62
ORD-2024-035964,1,PROD-040,1,15.21,13.61
ORD-2024-035965,1,PROD-024,1,8.73,8.56
ORD-2024-035966,1,PROD-020,1,10.14,9.69
ORD-2024-035966,2,PROD-042,1,73.24,68.65
ORD-2024-035967,1,PROD-005,2,20.28,40.13
ORD-2024-035968,1,PROD-001,2,12.9,25.49
ORD-2024-035968,2,PROD-003,1,14.37,13.87
ORD-2024-035968,3,PROD-030,1,49.3,47.85
ORD-2024-035969,1,PROD-002,1,11.9,10.92
ORD-2024-035970,1,PROD-021,2,15.49,30.91
ORD-2024-035971,1,PROD-029,1,24.79,11.16
ORD-2024-035972,1,PROD-006,1,32.39,32.18
ORD-2024-035972,2,PROD-045,1,72.68,66.6
ORD-2024-035972,3,PROD-010,1,38.03,37.65
ORD-2024-035973,1,PROD-010,1,38.03,33.98
ORD-2024-035973,2,PROD-022,1,9.01,8.22
ORD-2024-035974,1,PROD-028,1,17.18,11.36
ORD-2024-035974,2,PROD-004,1,20.28,19.55
ORD-2024-035974,3,PROD-013,1,11.9,7.69
ORD-2024-035974,4,PROD-005,1,20.28,14.09
ORD-2024-035975,1,PROD-005,1,20.28,18.48
ORD-2024-035976,1,PROD-032,2,19.72,35.41
ORD-2024-035976,2,PROD-037,1,9.86,9.2
ORD-2024-035976,3,PROD-008,1,9.9,9.62
ORD-2024-035976,4,PROD-044,1,40.85,40.0
ORD-2024-035976,5,PROD-024,2,8.73,16.51
ORD-2024-035977,1,PROD-032,2,19.72,32.3
ORD-2024-035978,1,PROD-039,1,8.17,8.1
ORD-2024-035979,1,PROD-022,2,9.01,13.69
ORD-2024-035980,1,PROD-005,1,20.28,19.18
ORD-2024-035981,1,PROD-002,1,11.9,10.83
ORD-2024-035982,1,PROD-004,2,20.28,39.02
ORD-2024-035982,2,PROD-002,1,11.9,11.67
ORD-2024-035983,1,PROD-059,1,52.11,46.33
ORD-2024-035984,1,PROD-054,1,59.15,58.81
ORD-2024-035985,1,PROD-001,3,12.9,36.42
ORD-2024-035986,1,PROD-013,1,11.9,11.41
ORD-2024-035987,1,PROD-008,2,9.9,19.44
ORD-2024-035988,1,PROD-004,1,20.28,19.69
ORD-2024-035989,1,PROD-032,4,19.72,77.79
ORD-2024-035990,1,PROD-005,2,20.28,39.08
ORD-2024-035991,1,PROD-002,3,11.9,28.93
ORD-2024-035992,1,PROD-004,1,20.28,18.09
ORD-2024-035992,2,PROD-010,2,38.03,75.13
ORD-2024-035992,3,PROD-034,1,9.01,8.19
ORD-2024-035993,1,PROD-042,3,73.24,217.41
ORD-2024-035994,1,PROD-001,1,12.9,10.81
ORD-2024-035994,2,PROD-006,1,32.39,30.34
ORD-2024-035995,1,PROD-029,1,24.79,20.88
ORD-2024-035995,2,PROD-004,1,20.28,19.33
ORD-2024-035996,1,PROD-003,1,14.37,12.84
ORD-2024-035996,2,PROD-004,2,20.28,31.87
ORD-2024-035997,1,PROD-003,1,14.37,13.34
ORD-2024-035997,2,PROD-006,3,32.39,85.69
ORD-2024-035997,3,PROD-005,2,20.28,32.92
ORD-2024-035998,1,PROD-010,1,38.03,32.83
ORD-2024-035998,2,PROD-004,2,20.28,35.63
ORD-2024-035999,1,PROD-036,2,11.55,22.69
ORD-2024-035999,2,PROD-005,2,20.28,37.19
ORD-2024-036000,1,PROD-041,1,11.83,11.37
ORD-2024-036000,2,PROD-023,1,7.89,6.14
ORD-2024-036000,3,PROD-012,1,18.5,16.36
ORD-2024-036001,1,PROD-001,1,12.9,12.75
ORD-2024-036002,1,PROD-027,1,21.13,18.72
ORD-2024-036003,1,PROD-004,2,20.28,39.59
ORD-2024-036003,2,PROD-015,1,26.76,25.99
ORD-2024-036004,1,PROD-026,1,14.65,14.38
ORD-2024-036005,1,PROD-006,1,32.39,26.27
ORD-2024-036005,2,PROD-034,2,9.01,8.39
ORD-2024-036005,3,PROD-017,1,12.5,10.26
ORD-2024-036006,1,PROD-011,1,14.9,12.69
ORD-2024-036007,1,PROD-032,1,19.72,14.53
ORD-2024-036007,2,PROD-034,3,9.01,22.78
ORD-2024-036008,1,PROD-006,1,32.39,30.76
ORD-2024-036009,1,PROD-001,1,12.9,12.11
ORD-2024-036010,1,PROD-001,1,12.9,12.57
ORD-2024-036011,1,PROD-004,2,20.28,37.21
ORD-2024-036011,2,PROD-048,2,55.77,83.21
ORD-2024-036011,3,PROD-033,1,52.11,45.71
ORD-2024-036011,4,PROD-041,1,11.83,10.37
ORD-2024-036012,1,PROD-001,1,12.9,12.78
ORD-2024-036013,1,PROD-007,2,17.18,32.99
ORD-2024-036014,1,PROD-041,4,11.83,36.0
ORD-2024-036015,1,PROD-005,2,20.28,34.44
ORD-2024-036015,2,PROD-002,1,11.9,9.19
ORD-2024-036016,1,PROD-022,1,9.01,5.24
ORD-2024-036017,1,PROD-035,1,10.14,9.22
ORD-2024-036017,2,PROD-008,1,9.9,8.78
ORD-2024-036017,3,PROD-001,2,12.9,24.12
ORD-2024-036018,1,PROD-006,2,32.39,60.42
ORD-2024-036018,2,PROD-005,3,20.28,55.58
ORD-2024-036018,3,PROD-034,1,9.01,8.17
ORD-2024-036019,1,PROD-010,1,38.03,37.06
ORD-2024-036020,1,PROD-004,1,20.28,19.41
ORD-2024-036021,1,PROD-035,2,10.14,16.1
ORD-2024-036022,1,PROD-034,3,9.01,26.57
ORD-2024-036023,1,PROD-023,2,7.89,11.36
ORD-2024-036024,1,PROD-055,1,74.65,58.66
ORD-2024-036025,1,PROD-005,2,20.28,39.83
ORD-2024-036026,1,PROD-003,3,14.37,35.8
ORD-2024-036027,1,PROD-041,2,11.83,20.3
ORD-2024-036027,2,PROD-003,1,14.37,10.63
ORD-2024-036028,1,PROD-001,2,12.9,23.86
ORD-2024-036029,1,PROD-001,1,12.9,12.76
ORD-2024-036029,2,PROD-034,1,9.01,8.42
ORD-2024-036030,1,PROD-010,1,38.03,33.94
ORD-2024-036031,1,PROD-001,3,12.9,36.13
ORD-2024-036032,1,PROD-041,2,11.83,22.38
ORD-2024-036033,1,PROD-023,2,7.89,14.73
ORD-2024-036034,1,PROD-005,1,20.28,18.75
ORD-2024-036034,2,PROD-031,2,53.52,105.79
ORD-2024-036034,3,PROD-006,1,32.39,28.01
ORD-2024-036034,4,PROD-021,2,15.49,28.9
ORD-2024-036035,1,PROD-004,1,20.28,17.66
ORD-2024-036035,2,PROD-010,2,38.03,61.4
ORD-2024-036036,1,PROD-021,1,15.49,14.15
ORD-2024-036036,2,PROD-039,1,8.17,4.45
ORD-2024-036036,3,PROD-052,1,46.48,45.15
ORD-2024-036037,1,PROD-035,1,10.14,8.2
ORD-2024-036038,1,PROD-001,1,12.9,12.3
ORD-2024-036038,2,PROD-004,2,20.28,37.08
ORD-2024-036038,3,PROD-041,1,11.83,11.06
ORD-2024-036039,1,PROD-024,1,8.73,4.12
ORD-2024-036039,2,PROD-026,1,14.65,13.91
ORD-2024-036040,1,PROD-040,1,15.21,13.49
ORD-2024-036040,2,PROD-029,2,24.79,42.33
ORD-2024-036041,1,PROD-004,1,20.28,19.83
ORD-2024-036041,2,PROD-026,1,14.65,13.58
ORD-2024-036042,1,PROD-006,1,32.39,28.45
ORD-2024-036043,1,PROD-025,2,21.97,36.56
ORD-2024-036044,1,PROD-001,1,12.9,11.93
ORD-2024-036045,1,PROD-013,1,11.9,11.64
ORD-2024-036046,1,PROD-001,2,12.9,24.6
ORD-2024-036047,1,PROD-002,2,11.9,21.58
ORD-2024-036048,1,PROD-003,3,14.37,40.08
ORD-2024-036049,1,PROD-040,2,15.21,28.43
ORD-2024-036050,1,PROD-002,1,11.9,9.29
ORD-2024-036051,1,PROD-035,1,10.14,9.42
ORD-2024-036051,2,PROD-006,1,32.39,30.26
ORD-2024-036051,3,PROD-002,1,11.9,11.8
ORD-2024-036051,4,PROD-001,1,12.9,11.96
ORD-2024-036051,5,PROD-029,1,24.79,22.68
ORD-2024-036052,1,PROD-052,1,46.48,42.53
ORD-2024-036053,1,PROD-004,3,20.28,58.49
ORD-2024-036054,1,PROD-005,1,20.28,18.46
ORD-2024-036055,1,PROD-036,2,11.55,22.25
ORD-2024-036055,2,PROD-041,2,11.83,20.1
ORD-2024-036056,1,PROD-019,1,29.58,26.82
ORD-2024-036056,2,PROD-034,1,9.01,8.11
ORD-2024-036056,3,PROD-040,2,15.21,26.37
ORD-2024-036057,1,PROD-010,3,38.03,113.57
ORD-2024-036058,1,PROD-045,1,72.68,54.93
ORD-2024-036058,2,PROD-008,2,9.9,17.84
ORD-2024-036058,3,PROD-005,2,20.28,26.93
ORD-2024-036059,1,PROD-005,2,20.28,35.74
ORD-2024-036060,1,PROD-013,1,11.9,9.3
ORD-2024-036060,2,PROD-015,1,26.76,24.26
ORD-2024-036060,3,PROD-004,2,20.28,35.52
ORD-2024-036061,1,PROD-035,3,10.14,23.34
ORD-2024-036062,1,PROD-035,2,10.14,18.81
ORD-2024-036063,1,PROD-006,1,32.39,27.36
ORD-2024-036063,2,PROD-003,1,14.37,13.43
ORD-2024-036064,1,PROD-010,1,38.03,33.86
ORD-2024-036064,2,PROD-005,1,20.28,17.31
ORD-2024-036064,3,PROD-002,2,11.9,17.86
ORD-2024-036064,4,PROD-003,2,14.37,25.85
ORD-2024-036065,1,PROD-002,2,11.9,20.5
ORD-2024-036066,1,PROD-020,1,10.14,10.04
ORD-2024-036067,1,PROD-005,3,20.28,56.7
ORD-2024-036067,2,PROD-013,1,11.9,10.82
ORD-2024-036068,1,PROD-053,1,53.52,47.63
ORD-2024-036069,1,PROD-006,1,32.39,29.24
ORD-2024-036069,2,PROD-008,1,9.9,9.69
ORD-2024-036069,3,PROD-004,1,20.28,19.05
