OrderID,LineNumber,ProductID,Quantity,UnitPrice,LineNetAmount
ORD-2026-000001,1,PROD-014,2,9.9,11.55
ORD-2026-000001,2,PROD-049,1,80.28,58.05
ORD-2026-000002,1,PROD-041,3,11.83,28.87
ORD-2026-000003,1,PROD-028,1,17.18,7.73
ORD-2026-000004,1,PROD-013,1,11.9,10.26
ORD-2026-000005,1,PROD-005,1,20.28,15.32
ORD-2026-000006,1,PROD-026,1,14.65,12.96
ORD-2026-000007,1,PROD-017,3,12.5,18.52
ORD-2026-000007,2,PROD-003,2,14.37,21.37
ORD-2026-000008,1,PROD-016,1,8.9,7.08
ORD-2026-000008,2,PROD-001,1,12.9,7.92
ORD-2026-000008,3,PROD-038,4,7.89,22.74
ORD-2026-000009,1,PROD-010,1,38.03,30.63
ORD-2026-000009,2,PROD-004,1,20.28,16.25
ORD-2026-000009,3,PROD-038,1,7.89,6.57
ORD-2026-000010,1,PROD-032,1,19.72,8.87
ORD-2026-000010,2,PROD-053,2,53.52,-51.4
ORD-2026-000011,1,PROD-011,1,14.9,12.71
ORD-2026-000012,1,PROD-005,2,20.28,36.25
ORD-2026-000013,1,PROD-052,2,46.48,56.44
ORD-2026-000013,2,PROD-006,1,32.39,27.42
ORD-2026-000014,1,PROD-006,2,32.39,63.83
ORD-2026-000015,1,PROD-042,1,73.24,64.99
ORD-2026-000015,2,PROD-041,2,11.83,21.39
ORD-2026-000016,1,PROD-006,1,32.39,27.95
ORD-2026-000017,1,PROD-001,1,12.9,6.12
ORD-2026-000018,1,PROD-034,1,9.01,8.6
ORD-2026-000019,1,PROD-016,2,8.9,12.05
ORD-2026-000019,2,PROD-041,2,11.83,15.56
ORD-2026-000020,1,PROD-027,1,21.13,16.42
ORD-2026-000020,2,PROD-004,2,20.28,35.0
ORD-2026-000021,1,PROD-019,1,29.58,16.78
ORD-2026-000022,1,PROD-010,1,38.03,35.5
ORD-2026-000022,2,PROD-035,1,10.14,9.75
ORD-2026-000022,3,PROD-005,2,20.28,38.56
ORD-2026-000022,4,PROD-004,2,20.28,37.86
ORD-2026-000022,5,PROD-001,1,12.9,12.76
ORD-2026-000023,1,PROD-031,1,53.52,42.81
ORD-2026-000023,2,PROD-008,2,9.9,11.17
ORD-2026-000024,1,PROD-047,1,108.45,95.02
ORD-2026-000025,1,PROD-020,2,10.14,16.54
ORD-2026-000026,1,PROD-027,1,21.13,12.6
ORD-2026-000026,2,PROD-022,2,9.01,14.96
ORD-2026-000026,3,PROD-053,1,53.52,32.17
ORD-2026-000027,1,PROD-010,1,38.03,22.66
ORD-2026-000028,1,PROD-035,1,10.14,5.73
ORD-2026-000029,1,PROD-034,3,9.01,16.79
ORD-2026-000030,1,PROD-001,1,12.9,11.68
ORD-2026-000030,2,PROD-010,1,38.03,36.04
ORD-2026-000030,3,PROD-044,1,40.85,38.68
ORD-2026-000031,1,PROD-036,1,11.55,10.03
ORD-2026-000032,1,PROD-020,1,10.14,7.72
ORD-2026-000033,1,PROD-016,1,8.9,7.14
ORD-2026-000033,2,PROD-007,2,17.18,32.34
ORD-2026-000034,1,PROD-021,1,15.49,13.94
ORD-2026-000034,2,PROD-037,1,9.86,9.41
ORD-2026-000034,3,PROD-017,1,12.5,11.73
ORD-2026-000035,1,PROD-029,1,24.79,17.91
ORD-2026-000036,1,PROD-001,1,12.9,11.96
ORD-2026-000036,2,PROD-040,2,15.21,27.61
ORD-2026-000037,1,PROD-038,1,7.89,3.77
ORD-2026-000038,1,PROD-002,1,11.9,11.18
ORD-2026-000039,1,PROD-046,2,259.15,443.87
ORD-2026-000039,2,PROD-050,1,61.97,56.57
ORD-2026-000040,1,PROD-032,1,19.72,9.43
ORD-2026-000040,2,PROD-006,2,32.39,42.42
ORD-2026-000041,1,PROD-001,1,12.9,11.01
ORD-2026-000041,2,PROD-039,2,8.17,13.44
ORD-2026-000042,1,PROD-004,2,20.28,34.22
ORD-2026-000043,1,PROD-026,2,14.65,23.18
ORD-2026-000044,1,PROD-015,3,26.76,79.33
ORD-2026-000044,2,PROD-051,1,36.06,35.54
ORD-2026-000045,1,PROD-032,1,19.72,11.63
ORD-2026-000046,1,PROD-034,1,9.01,7.87
ORD-2026-000046,2,PROD-005,2,20.28,39.88
ORD-2026-000047,1,PROD-005,1,20.28,18.96
ORD-2026-000047,2,PROD-034,4,9.01,31.59
ORD-2026-000048,1,PROD-039,1,8.17,4.25
ORD-2026-000049,1,PROD-006,1,32.39,25.84
ORD-2026-000049,2,PROD-022,1,9.01,8.6
ORD-2026-000050,1,PROD-029,1,24.79,15.5
ORD-2026-000050,2,PROD-036,1,11.55,10.38
ORD-2026-000051,1,PROD-001,2,12.9,20.01
ORD-2026-000052,1,PROD-001,1,12.9,12.03
ORD-2026-000052,2,PROD-006,1,32.39,29.64
ORD-2026-000053,1,PROD-006,2,32.39,54.05
ORD-2026-000053,2,PROD-026,1,14.65,9.88
ORD-2026-000054,1,PROD-040,1,15.21,14.9
ORD-2026-000054,2,PROD-001,1,12.9,10.07
ORD-2026-000054,3,PROD-005,1,20.28,18.8
ORD-2026-000055,1,PROD-041,3,11.83,15.97
ORD-2026-000055,2,PROD-002,2,11.9,19.68
ORD-2026-000056,1,PROD-016,1,8.9,8.38
ORD-2026-000057,1,PROD-023,1,7.89,3.55
ORD-2026-000058,1,PROD-005,2,20.28,31.99
ORD-2026-000059,1,PROD-051,2,36.06,66.44
ORD-2026-000060,1,PROD-030,1,49.3,41.28
ORD-2026-000060,2,PROD-001,1,12.9,11.51
ORD-2026-000060,3,PROD-052,1,46.48,37.87
ORD-2026-000060,4,PROD-002,2,11.9,22.36
ORD-2026-000061,1,PROD-004,1,20.28,17.82
ORD-2026-000062,1,PROD-025,2,21.97,39.64
ORD-2026-000062,2,PROD-004,1,20.28,13.39
ORD-2026-000063,1,PROD-001,1,12.9,9.31
ORD-2026-000064,1,PROD-013,3,11.9,31.93
ORD-2026-000064,2,PROD-025,2,21.97,42.69
ORD-2026-000065,1,PROD-055,1,74.65,67.12
ORD-2026-000066,1,PROD-022,1,9.01,5.25
ORD-2026-000067,1,PROD-022,1,9.01,7.34
ORD-2026-000067,2,PROD-004,1,20.28,15.61
ORD-2026-000068,1,PROD-032,1,19.72,14.91
ORD-2026-000069,1,PROD-010,1,38.03,27.9
ORD-2026-000070,1,PROD-023,1,7.89,6.9
ORD-2026-000071,1,PROD-001,1,12.9,11.97
ORD-2026-000072,1,PROD-001,1,12.9,11.51
ORD-2026-000073,1,PROD-022,2,9.01,16.01
ORD-2026-000073,2,PROD-013,2,11.9,20.72
ORD-2026-000074,1,PROD-002,1,11.9,11.39
ORD-2026-000075,1,PROD-041,2,11.83,10.65
ORD-2026-000075,2,PROD-012,1,18.5,10.75
ORD-2026-000076,1,PROD-006,1,32.39,28.1
ORD-2026-000077,1,PROD-044,1,40.85,18.38
ORD-2026-000078,1,PROD-019,1,29.58,24.79
ORD-2026-000078,2,PROD-046,1,259.15,178.71
ORD-2026-000078,3,PROD-010,1,38.03,30.08
ORD-2026-000079,1,PROD-012,2,18.5,32.64
ORD-2026-000080,1,PROD-002,2,11.9,19.41
ORD-2026-000081,1,PROD-027,2,21.13,34.31
ORD-2026-000081,2,PROD-023,1,7.89,6.17
ORD-2026-000082,1,PROD-004,1,20.28,17.36
ORD-2026-000082,2,PROD-038,1,7.89,7.55
ORD-2026-000083,1,PROD-015,1,26.76,25.72
ORD-2026-000084,1,PROD-053,1,53.52,24.08
ORD-2026-000084,2,PROD-001,2,12.9,18.76
ORD-2026-000085,1,PROD-003,1,14.37,10.73
ORD-2026-000085,2,PROD-006,2,32.39,41.76
ORD-2026-000086,1,PROD-034,1,9.01,5.76
ORD-2026-000086,2,PROD-038,2,7.89,11.18
ORD-2026-000087,1,PROD-051,1,36.06,33.24
ORD-2026-000088,1,PROD-021,1,15.49,11.98
ORD-2026-000089,1,PROD-007,2,17.18,-17.97
ORD-2026-000090,1,PROD-036,1,11.55,7.13
ORD-2026-000091,1,PROD-044,1,40.85,37.5
ORD-2026-000091,2,PROD-014,3,9.9,28.42
ORD-2026-000092,1,PROD-022,2,9.01,16.11
ORD-2026-000093,1,PROD-038,1,7.89,5.97
ORD-2026-000093,2,PROD-054,1,59.15,41.98
ORD-2026-000094,1,PROD-034,3,9.01,12.16
ORD-2026-000094,2,PROD-017,1,12.5,5.62
ORD-2026-000095,1,PROD-007,1,17.18,13.71
ORD-2026-000095,2,PROD-001,1,12.9,9.7
ORD-2026-000096,1,PROD-005,1,20.28,17.55
ORD-2026-000097,1,PROD-023,2,7.89,13.46
ORD-2026-000098,1,PROD-019,2,29.58,30.26
ORD-2026-000099,1,PROD-004,2,20.28,34.21
ORD-2026-000100,1,PROD-003,2,14.37,24.46
ORD-2026-000101,1,PROD-001,1,12.9,-12.57
ORD-2026-000102,1,PROD-004,1,20.28,13.97
ORD-2026-000103,1,PROD-015,1,26.76,23.49
ORD-2026-000104,1,PROD-007,1,17.18,15.72
ORD-2026-000105,1,PROD-015,1,26.76,24.84
ORD-2026-000105,2,PROD-022,1,9.01,8.38
ORD-2026-000105,3,PROD-004,3,20.28,46.49
ORD-2026-000105,4,PROD-008,2,9.9,19.01
ORD-2026-000105,5,PROD-010,1,38.03,33.53
ORD-2026-000106,1,PROD-007,3,17.18,47.53
ORD-2026-000106,2,PROD-022,1,9.01,8.33
ORD-2026-000106,3,PROD-038,2,7.89,15.02
ORD-2026-000107,1,PROD-024,1,8.73,5.62
ORD-2026-000107,2,PROD-005,1,20.28,18.77
ORD-2026-000108,1,PROD-017,1,12.5,8.01
ORD-2026-000109,1,PROD-055,1,74.65,44.55
ORD-2026-000110,1,PROD-040,2,15.21,28.21
ORD-2026-000111,1,PROD-041,3,11.83,32.22
ORD-2026-000112,1,PROD-003,1,14.37,13.81
ORD-2026-000112,2,PROD-032,3,19.72,56.92
ORD-2026-000113,1,PROD-017,2,12.5,17.03
ORD-2026-000113,2,PROD-032,1,19.72,13.13
ORD-2026-000114,1,PROD-008,1,9.9,7.08
ORD-2026-000114,2,PROD-041,1,11.83,6.4
ORD-2026-000115,1,PROD-042,1,73.24,69.42
ORD-2026-000116,1,PROD-003,1,14.37,13.95
ORD-2026-000117,1,PROD-006,1,32.39,27.71
ORD-2026-000118,1,PROD-041,1,11.83,7.01
ORD-2026-000118,2,PROD-004,2,20.28,33.15
ORD-2026-000119,1,PROD-019,1,29.58,14.64
ORD-2026-000119,2,PROD-034,1,9.01,6.12
ORD-2026-000119,3,PROD-027,1,21.13,17.1
ORD-2026-000120,1,PROD-010,1,38.03,28.37
ORD-2026-000120,2,PROD-041,1,11.83,6.39
ORD-2026-000121,1,PROD-006,1,32.39,30.69
ORD-2026-000122,1,PROD-002,2,11.9,23.68
ORD-2026-000123,1,PROD-002,1,11.9,10.38
ORD-2026-000124,1,PROD-020,1,10.14,4.56
ORD-2026-000124,2,PROD-011,1,14.9,12.94
ORD-2026-000125,1,PROD-056,1,101.41,45.63
ORD-2026-000126,1,PROD-054,1,59.15,26.62
ORD-2026-000127,1,PROD-041,3,11.83,29.04
ORD-2026-000128,1,PROD-034,1,9.01,8.63
ORD-2026-000128,2,PROD-001,3,12.9,28.12
ORD-2026-000129,1,PROD-005,1,20.28,20.02
ORD-2026-000130,1,PROD-004,1,20.28,9.15
ORD-2026-000130,2,PROD-035,3,10.14,20.76
ORD-2026-000131,1,PROD-032,2,19.72,31.23
ORD-2026-000132,1,PROD-054,1,59.15,30.89
ORD-2026-000133,1,PROD-025,2,21.97,29.4
ORD-2026-000134,1,PROD-023,2,7.89,12.97
ORD-2026-000135,1,PROD-026,1,14.65,9.45
ORD-2026-000135,2,PROD-027,2,21.13,32.94
ORD-2026-000136,1,PROD-021,1,15.49,11.35
ORD-2026-000136,2,PROD-013,2,11.9,11.7
ORD-2026-000137,1,PROD-015,1,26.76,16.32
ORD-2026-000138,1,PROD-013,1,11.9,11.39
ORD-2026-000138,2,PROD-041,1,11.83,7.73
ORD-2026-000139,1,PROD-004,3,20.28,27.38
ORD-2026-000139,2,PROD-036,2,11.55,10.39
ORD-2026-000140,1,PROD-030,1,49.3,39.09
ORD-2026-000141,1,PROD-021,1,15.49,12.5
ORD-2026-000142,1,PROD-008,3,9.9,15.97
ORD-2026-000143,1,PROD-020,1,10.14,9.48
ORD-2026-000144,1,PROD-040,1,15.21,9.03
ORD-2026-000144,2,PROD-003,1,14.37,9.63
ORD-2026-000145,1,PROD-035,2,10.14,18.22
ORD-2026-000145,2,PROD-006,1,32.39,27.73
ORD-2026-000146,1,PROD-004,2,20.28,24.86
ORD-2026-000146,2,PROD-053,1,53.52,34.64
ORD-2026-000146,3,PROD-034,1,9.01,8.34
ORD-2026-000147,1,PROD-022,1,9.01,-8.29
ORD-2026-000148,1,PROD-036,4,11.55,27.7
ORD-2026-000149,1,PROD-052,1,46.48,37.41
ORD-2026-000149,2,PROD-010,2,38.03,61.14
ORD-2026-000149,3,PROD-004,1,20.28,18.88
ORD-2026-000150,1,PROD-001,1,12.9,12.75
ORD-2026-000150,2,PROD-006,3,32.39,95.14
ORD-2026-000150,3,PROD-034,1,9.01,8.05
ORD-2026-000151,1,PROD-005,1,20.28,13.02
ORD-2026-000151,2,PROD-023,2,7.89,13.42
ORD-2026-000152,1,PROD-016,2,8.9,17.36
ORD-2026-000153,1,PROD-041,2,11.83,13.05
ORD-2026-000154,1,PROD-028,1,17.18,15.91
ORD-2026-000154,2,PROD-029,2,24.79,48.16
ORD-2026-000155,1,PROD-036,1,11.55,8.8
ORD-2026-000156,1,PROD-028,1,17.18,12.65
ORD-2026-000156,2,PROD-021,1,15.49,13.16
ORD-2026-000157,1,PROD-004,1,20.28,19.35
ORD-2026-000157,2,PROD-001,1,12.9,11.39
ORD-2026-000158,1,PROD-030,2,49.3,90.62
ORD-2026-000158,2,PROD-034,2,9.01,17.64
ORD-2026-000159,1,PROD-036,3,11.55,31.59
ORD-2026-000159,2,PROD-011,1,14.9,10.47
ORD-2026-000159,3,PROD-051,1,36.06,30.3
ORD-2026-000160,1,PROD-012,1,18.5,17.31
ORD-2026-000160,2,PROD-033,3,52.11,142.2
ORD-2026-000160,3,PROD-001,1,12.9,12.27
ORD-2026-000161,1,PROD-033,3,52.11,70.35
ORD-2026-000162,1,PROD-013,2,11.9,23.2
ORD-2026-000163,1,PROD-027,1,21.13,19.94
ORD-2026-000163,2,PROD-030,1,49.3,22.18
ORD-2026-000164,1,PROD-021,1,15.49,7.75
ORD-2026-000165,1,PROD-003,1,14.37,14.08
ORD-2026-000166,1,PROD-010,2,38.03,61.65
ORD-2026-000166,2,PROD-028,1,17.18,15.51
ORD-2026-000167,1,PROD-051,1,36.06,35.79
ORD-2026-000168,1,PROD-039,3,8.17,16.81
ORD-2026-000168,2,PROD-029,1,24.79,11.95
ORD-2026-000168,3,PROD-003,3,14.37,37.38
ORD-2026-000168,4,PROD-002,3,11.9,33.73
ORD-2026-000168,5,PROD-050,1,61.97,34.25
ORD-2026-000169,1,PROD-041,3,11.83,34.95
ORD-2026-000170,1,PROD-021,1,15.49,8.98
ORD-2026-000171,1,PROD-002,1,11.9,10.24
ORD-2026-000171,2,PROD-006,1,32.39,31.47
ORD-2026-000172,1,PROD-004,2,20.28,31.04
ORD-2026-000173,1,PROD-029,1,24.79,23.04
ORD-2026-000174,1,PROD-040,1,15.21,11.3
ORD-2026-000175,1,PROD-012,2,18.5,29.59
ORD-2026-000175,2,PROD-008,1,9.9,7.32
ORD-2026-000176,1,PROD-013,1,11.9,9.51
ORD-2026-000176,2,PROD-011,1,14.9,10.49
ORD-2026-000177,1,PROD-036,1,11.55,5.2
ORD-2026-000178,1,PROD-003,1,14.37,12.94
ORD-2026-000179,1,PROD-040,1,15.21,12.58
ORD-2026-000179,2,PROD-005,1,20.28,18.65
ORD-2026-000180,1,PROD-010,1,38.03,35.06
ORD-2026-000180,2,PROD-034,3,9.01,26.58
ORD-2026-000181,1,PROD-047,2,108.45,206.14
ORD-2026-000182,1,PROD-007,3,17.18,30.64
ORD-2026-000183,1,PROD-032,1,19.72,14.16
ORD-2026-000184,1,PROD-037,1,9.86,8.13
ORD-2026-000185,1,PROD-046,1,259.15,116.62
ORD-2026-000186,1,PROD-026,1,14.65,10.44
ORD-2026-000186,2,PROD-023,1,7.89,6.57
ORD-2026-000187,1,PROD-001,1,12.9,12.48
ORD-2026-000187,2,PROD-041,1,11.83,11.57
ORD-2026-000187,3,PROD-037,3,9.86,26.26
ORD-2026-000187,4,PROD-031,1,53.52,48.93
ORD-2026-000188,1,PROD-029,1,24.79,12.5
ORD-2026-000188,2,PROD-041,1,11.83,5.32
ORD-2026-000189,1,PROD-006,1,32.39,31.48
ORD-2026-000189,2,PROD-034,1,9.01,8.49
ORD-2026-000190,1,PROD-052,1,46.48,22.86
ORD-2026-000190,2,PROD-047,1,108.45,48.8
ORD-2026-000191,1,PROD-017,2,12.5,23.13
ORD-2026-000191,2,PROD-022,1,9.01,7.55
ORD-2026-000192,1,PROD-012,2,18.5,34.73
ORD-2026-000193,1,PROD-002,1,11.9,11.86
ORD-2026-000194,1,PROD-023,1,7.89,3.99
ORD-2026-000195,1,PROD-003,2,14.37,25.28
ORD-2026-000195,2,PROD-005,1,20.28,19.91
ORD-2026-000196,1,PROD-040,1,15.21,12.86
ORD-2026-000196,2,PROD-003,1,14.37,6.47
ORD-2026-000197,1,PROD-036,2,11.55,10.96
ORD-2026-000197,2,PROD-042,3,73.24,157.47
ORD-2026-000198,1,PROD-023,1,7.89,6.88
ORD-2026-000199,1,PROD-012,1,18.5,-13.89
ORD-2026-000200,1,PROD-016,1,8.9,7.14
ORD-2026-000200,2,PROD-004,1,20.28,19.55
ORD-2026-000200,3,PROD-037,1,9.86,8.22
ORD-2026-000201,1,PROD-032,2,19.72,29.52
ORD-2026-000202,1,PROD-027,1,21.13,19.57
ORD-2026-000203,1,PROD-022,1,9.01,8.63
ORD-2026-000204,1,PROD-004,1,20.28,19.67
ORD-2026-000204,2,PROD-034,1,9.01,8.53
ORD-2026-000204,3,PROD-050,1,61.97,56.97
ORD-2026-000205,1,PROD-036,1,11.55,10.11
ORD-2026-000206,1,PROD-036,1,11.55,5.2
ORD-2026-000207,1,PROD-010,3,38.03,55.63
ORD-2026-000207,2,PROD-034,1,9.01,5.45
ORD-2026-000208,1,PROD-004,1,20.28,16.81
ORD-2026-000209,1,PROD-041,1,11.83,11.45
ORD-2026-000209,2,PROD-010,1,38.03,36.38
ORD-2026-000209,3,PROD-011,1,14.9,13.96
ORD-2026-000210,1,PROD-003,2,14.37,28.22
ORD-2026-000211,1,PROD-044,1,40.85,39.57
ORD-2026-000212,1,PROD-049,1,80.28,77.86
ORD-2026-000212,2,PROD-006,1,32.39,15.25
ORD-2026-000213,1,PROD-001,1,12.9,10.72
ORD-2026-000213,2,PROD-003,3,14.37,40.44
ORD-2026-000213,3,PROD-055,1,74.65,63.78
ORD-2026-000213,4,PROD-052,1,46.48,43.66
ORD-2026-000213,5,PROD-017,2,12.5,19.41
ORD-2026-000214,1,PROD-013,1,11.9,6.37
ORD-2026-000215,1,PROD-024,2,8.73,16.9
ORD-2026-000216,1,PROD-024,1,8.73,6.16
ORD-2026-000217,1,PROD-002,3,11.9,27.35
ORD-2026-000217,2,PROD-041,4,11.83,42.7
ORD-2026-000217,3,PROD-035,3,10.14,17.03
ORD-2026-000218,1,PROD-058,1,39.44,32.64
ORD-2026-000219,1,PROD-001,1,12.9,12.24
ORD-2026-000220,1,PROD-024,1,8.73,6.52
ORD-2026-000220,2,PROD-027,1,21.13,20.66
ORD-2026-000221,1,PROD-002,1,11.9,11.17
ORD-2026-000222,1,PROD-027,2,21.13,41.3
ORD-2026-000222,2,PROD-002,1,11.9,10.3
ORD-2026-000223,1,PROD-006,2,32.39,64.05
ORD-2026-000223,2,PROD-041,2,11.83,22.74
ORD-2026-000223,3,PROD-044,1,40.85,39.74
ORD-2026-000224,1,PROD-003,2,14.37,16.7
ORD-2026-000225,1,PROD-035,4,10.14,39.89
ORD-2026-000225,2,PROD-007,3,17.18,50.78
ORD-2026-000226,1,PROD-006,2,32.39,63.34
ORD-2026-000227,1,PROD-024,2,8.73,7.86
ORD-2026-000227,2,PROD-039,3,8.17,15.63
ORD-2026-000228,1,PROD-002,1,11.9,9.52
ORD-2026-000228,2,PROD-032,1,19.72,15.62
ORD-2026-000229,1,PROD-015,1,26.76,26.5
ORD-2026-000230,1,PROD-035,1,10.14,9.98
ORD-2026-000230,2,PROD-002,1,11.9,11.46
ORD-2026-000231,1,PROD-014,1,9.9,7.27
ORD-2026-000231,2,PROD-012,1,18.5,8.32
ORD-2026-000231,3,PROD-049,1,80.28,62.23
ORD-2026-000232,1,PROD-003,2,14.37,26.56
ORD-2026-000233,1,PROD-044,1,40.85,36.07
ORD-2026-000234,1,PROD-038,1,7.89,5.38
ORD-2026-000235,1,PROD-001,1,12.9,12.48
ORD-2026-000235,2,PROD-050,1,61.97,56.13
ORD-2026-000235,3,PROD-034,2,9.01,17.68
ORD-2026-000236,1,PROD-042,4,73.24,267.74
ORD-2026-000236,2,PROD-012,2,18.5,26.22
ORD-2026-000237,1,PROD-034,2,9.01,10.92
ORD-2026-000238,1,PROD-037,3,9.86,24.85
ORD-2026-000238,2,PROD-004,1,20.28,19.14
ORD-2026-000238,3,PROD-024,1,8.73,7.74
ORD-2026-000238,4,PROD-020,1,10.14,9.1
ORD-2026-000239,1,PROD-058,1,39.44,19.68
ORD-2026-000240,1,PROD-010,2,38.03,36.67
ORD-2026-000241,1,PROD-007,1,17.18,15.15
ORD-2026-000242,1,PROD-017,1,12.5,10.25
ORD-2026-000242,2,PROD-041,3,11.83,30.35
ORD-2026-000243,1,PROD-006,3,32.39,69.56
ORD-2026-000244,1,PROD-004,2,20.28,36.87
ORD-2026-000245,1,PROD-011,2,14.9,13.41
ORD-2026-000245,2,PROD-035,1,10.14,6.56
ORD-2026-000246,1,PROD-032,1,19.72,19.3
ORD-2026-000246,2,PROD-005,1,20.28,19.64
ORD-2026-000247,1,PROD-047,1,108.45,48.8
ORD-2026-000248,1,PROD-004,2,20.28,34.53
ORD-2026-000249,1,PROD-004,1,20.28,18.66
ORD-2026-000250,1,PROD-033,2,52.11,51.41
ORD-2026-000251,1,PROD-041,1,11.83,6.63
ORD-2026-000251,2,PROD-014,2,9.9,18.02
ORD-2026-000251,3,PROD-007,1,17.18,9.12
ORD-2026-000252,1,PROD-041,1,11.83,11.37
ORD-2026-000253,1,PROD-037,1,9.86,9.22
ORD-2026-000254,1,PROD-028,1,17.18,13.95
ORD-2026-000254,2,PROD-042,1,73.24,58.14
ORD-2026-000254,3,PROD-004,2,20.28,32.05
ORD-2026-000255,1,PROD-016,2,8.9,13.43
ORD-2026-000256,1,PROD-001,1,12.9,11.51
ORD-2026-000256,2,PROD-017,1,12.5,7.65
ORD-2026-000256,3,PROD-003,1,14.37,8.6
ORD-2026-000257,1,PROD-040,1,15.21,14.88
ORD-2026-000257,2,PROD-004,2,20.28,39.27
ORD-2026-000258,1,PROD-005,2,20.28,37.68
ORD-2026-000258,2,PROD-010,1,38.03,34.19
ORD-2026-000258,3,PROD-003,1,14.37,13.18
ORD-2026-000259,1,PROD-008,1,9.9,9.52
ORD-2026-000259,2,PROD-001,1,12.9,12.57
ORD-2026-000259,3,PROD-011,2,14.9,28.62
ORD-2026-000260,1,PROD-010,1,38.03,36.2
ORD-2026-000261,1,PROD-039,1,8.17,6.87
ORD-2026-000262,1,PROD-013,1,11.9,10.42
ORD-2026-000262,2,PROD-040,4,15.21,56.43
ORD-2026-000262,3,PROD-031,1,53.52,45.16
ORD-2026-000263,1,PROD-028,1,17.18,16.77
ORD-2026-000263,2,PROD-022,1,9.01,8.18
ORD-2026-000264,1,PROD-051,1,36.06,35.37
ORD-2026-000265,1,PROD-004,1,20.28,18.71
ORD-2026-000266,1,PROD-017,2,12.5,24.15
ORD-2026-000267,1,PROD-016,1,8.9,8.84
ORD-2026-000268,1,PROD-022,1,9.01,8.85
ORD-2026-000268,2,PROD-047,1,108.45,108.01
ORD-2026-000269,1,PROD-016,1,8.9,7.22
ORD-2026-000269,2,PROD-039,1,8.17,6.96
ORD-2026-000269,3,PROD-024,2,8.73,16.82
ORD-2026-000270,1,PROD-048,1,55.77,52.89
ORD-2026-000270,2,PROD-001,1,12.9,10.55
ORD-2026-000271,1,PROD-041,2,11.83,20.51
ORD-2026-000272,1,PROD-006,1,32.39,28.0
ORD-2026-000273,1,PROD-004,3,20.28,52.73
ORD-2026-000274,1,PROD-002,2,11.9,23.79
ORD-2026-000274,2,PROD-001,1,12.9,11.1
ORD-2026-000275,1,PROD-002,1,11.9,11.38
ORD-2026-000275,2,PROD-004,3,20.28,54.38
ORD-2026-000276,1,PROD-005,3,20.28,56.58
ORD-2026-000276,2,PROD-041,2,11.83,17.56
ORD-2026-000277,1,PROD-053,1,53.52,50.21
ORD-2026-000278,1,PROD-003,1,14.37,13.12
ORD-2026-000279,1,PROD-002,2,11.9,21.19
ORD-2026-000280,1,PROD-034,1,9.01,8.82
ORD-2026-000280,2,PROD-035,1,10.14,9.63
ORD-2026-000281,1,PROD-011,1,14.9,14.13
ORD-2026-000282,1,PROD-021,2,15.49,27.81
ORD-2026-000283,1,PROD-044,1,40.85,36.21
ORD-2026-000284,1,PROD-024,1,8.73,7.31
ORD-2026-000285,1,PROD-010,2,38.03,66.79
ORD-2026-000286,1,PROD-027,2,21.13,40.83
ORD-2026-000286,2,PROD-007,1,17.18,13.24
ORD-2026-000286,3,PROD-034,1,9.01,8.33
ORD-2026-000287,1,PROD-058,1,39.44,21.51
ORD-2026-000287,2,PROD-003,2,14.37,22.21
ORD-2026-000288,1,PROD-042,1,73.24,50.42
ORD-2026-000288,2,PROD-010,1,38.03,17.11
ORD-2026-000288,3,PROD-023,1,7.89,4.8
ORD-2026-000289,1,PROD-005,1,20.28,17.94
ORD-2026-000290,1,PROD-002,1,11.9,11.65
ORD-2026-000291,1,PROD-041,1,11.83,11.52
ORD-2026-000292,1,PROD-025,1,21.97,19.57
ORD-2026-000293,1,PROD-022,2,9.01,17.08
ORD-2026-000293,2,PROD-013,3,11.9,29.61
ORD-2026-000294,1,PROD-041,1,11.83,11.29
ORD-2026-000294,2,PROD-004,1,20.28,18.85
ORD-2026-000294,3,PROD-049,1,80.28,72.4
ORD-2026-000295,1,PROD-005,2,20.28,36.93
ORD-2026-000296,1,PROD-001,1,12.9,11.82
ORD-2026-000297,1,PROD-041,1,11.83,10.21
ORD-2026-000298,1,PROD-023,2,7.89,13.6
ORD-2026-000299,1,PROD-001,2,12.9,23.88
ORD-2026-000300,1,PROD-051,1,36.06,34.95
ORD-2026-000300,2,PROD-035,3,10.14,29.32
ORD-2026-000301,1,PROD-002,1,11.9,11.21
ORD-2026-000301,2,PROD-036,1,11.55,10.51
ORD-2026-000301,3,PROD-011,1,14.9,13.98
ORD-2026-000302,1,PROD-002,2,11.9,21.85
ORD-2026-000303,1,PROD-001,2,12.9,18.72
ORD-2026-000303,2,PROD-005,1,20.28,18.2
ORD-2026-000304,1,PROD-032,2,19.72,32.88
ORD-2026-000305,1,PROD-039,2,8.17,15.56
ORD-2026-000305,2,PROD-007,1,17.18,16.54
ORD-2026-000306,1,PROD-022,1,9.01,8.33
ORD-2026-000307,1,PROD-023,1,7.89,6.93
ORD-2026-000308,1,PROD-005,1,20.28,19.79
ORD-2026-000309,1,PROD-038,2,7.89,15.25
ORD-2026-000310,1,PROD-023,2,7.89,9.6
ORD-2026-000310,2,PROD-017,1,12.5,7.91
ORD-2026-000310,3,PROD-031,1,53.52,47.03
ORD-2026-000311,1,PROD-040,2,15.21,28.96
ORD-2026-000312,1,PROD-038,4,7.89,23.77
ORD-2026-000313,1,PROD-027,1,21.13,20.3
ORD-2026-000313,2,PROD-016,2,8.9,13.06
ORD-2026-000313,3,PROD-004,2,20.28,38.34
ORD-2026-000314,1,PROD-028,1,17.18,-16.76
ORD-2026-000314,2,PROD-008,1,9.9,9.8
ORD-2026-000314,3,PROD-035,1,10.14,9.9
ORD-2026-000315,1,PROD-035,1,10.14,8.85
ORD-2026-000316,1,PROD-007,2,17.18,32.43
ORD-2026-000316,2,PROD-047,1,108.45,104.53
ORD-2026-000316,3,PROD-001,1,12.9,11.29
ORD-2026-000317,1,PROD-048,1,55.77,48.17
ORD-2026-000318,1,PROD-040,1,15.21,15.06
ORD-2026-000319,1,PROD-028,1,17.18,16.9
ORD-2026-000319,2,PROD-026,1,14.65,14.55
ORD-2026-000320,1,PROD-013,1,11.9,9.01
ORD-2026-000321,1,PROD-005,1,20.28,18.29
ORD-2026-000322,1,PROD-006,1,32.39,31.71
ORD-2026-000322,2,PROD-035,2,10.14,18.25
ORD-2026-000322,3,PROD-032,2,19.72,30.32
ORD-2026-000323,1,PROD-038,2,7.89,8.49
ORD-2026-000324,1,PROD-027,1,21.13,17.3
ORD-2026-000325,1,PROD-005,1,20.28,20.02
ORD-2026-000325,2,PROD-034,2,9.01,17.27
ORD-2026-000325,3,PROD-004,1,20.28,17.62
ORD-2026-000325,4,PROD-035,3,10.14,28.95
ORD-2026-000326,1,PROD-003,1,14.37,12.28
ORD-2026-000327,1,PROD-004,2,20.28,34.34
ORD-2026-000327,2,PROD-013,1,11.9,11.79
ORD-2026-000328,1,PROD-055,1,74.65,57.83
ORD-2026-000329,1,PROD-002,1,11.9,11.48
ORD-2026-000330,1,PROD-014,1,9.9,9.86
ORD-2026-000331,1,PROD-032,3,19.72,50.29
ORD-2026-000331,2,PROD-005,2,20.28,33.58
ORD-2026-000331,3,PROD-004,1,20.28,14.11
ORD-2026-000332,1,PROD-005,1,20.28,14.06
ORD-2026-000332,2,PROD-002,1,11.9,10.83
ORD-2026-000333,1,PROD-016,1,8.9,8.66
ORD-2026-000334,1, PROD-022 ,1,9.01,8.94
ORD-2026-000334,2,PROD-005,2,20.28,39.71
ORD-2026-000334,3,PROD-034,2,9.01,17.41
ORD-2026-000335,1,PROD-002,1,11.9,11.32
ORD-2026-000336,1,PROD-003,1,14.37,6.85
ORD-2026-000336,2,PROD-002,3,11.9,20.45
ORD-2026-000336,3,PROD-041,1,11.83,10.85
ORD-2026-000337,1,PROD-038,2,7.89,15.49
ORD-2026-000338,1,PROD-022,1,9.01,6.64
ORD-2026-000338,2,PROD-007,1,17.18,15.45
ORD-2026-000338,3,PROD-026,1,14.65,8.4
ORD-2026-000339,1,PROD-025,1,21.97,20.29
ORD-2026-000340,1,PROD-003,1,14.37,14.08
ORD-2026-000340,2,PROD-007,1,17.18,16.86
ORD-2026-000341,1,PROD-040,1,15.21,14.26
ORD-2026-000342,1,PROD-029,1,24.79,18.72
ORD-2026-000343,1,PROD-005,1,20.28,18.88
ORD-2026-000344,1,PROD-024,2,8.73,14.17
ORD-2026-000345,1,PROD-002,1,11.9,11.26
ORD-2026-000346,1,PROD-015,1,26.76,25.5
ORD-2026-000346,2,PROD-005,1,20.28,17.05
ORD-2026-000346,3,PROD-013,1,11.9,11.5
ORD-2026-000347,1,PROD-002,2,11.9,22.89
ORD-2026-000348,1,PROD-021,1,15.49,15.12
ORD-2026-000349,1,PROD-005,1,20.28,18.63
ORD-2026-000350,1,PROD-040,1,15.21,12.51
ORD-2026-000351,1,PROD-016,2,8.9,16.65
ORD-2026-000351,2,PROD-006,2,32.39,62.2
ORD-2026-000352,1,PROD-003,1,14.37,14.03
ORD-2026-000352,2,PROD-013,3,11.9,34.68
ORD-2026-000353,1,PROD-045,1,72.68,64.15
ORD-2026-000353,2,PROD-016,1,8.9,8.2
ORD-2026-000354,1,PROD-041,1,11.83,11.41
ORD-2026-000355,1,PROD-047,1,108.45,95.19
ORD-2026-000355,2,PROD-029,1,24.79,23.87
ORD-2026-000356,1,PROD-041,1,11.83,10.17
ORD-2026-000357,1,PROD-040,1,15.21,14.52
ORD-2026-000357,2,PROD-034,1,9.01,8.78
ORD-2026-000358,1,PROD-003,1,14.37,13.82
ORD-2026-000359,1,PROD-006,1,32.39,31.8
ORD-2026-000359,2,PROD-039,1,8.17,8.06
ORD-2026-000359,3,PROD-034,2,9.01,17.97
ORD-2026-000360,1,PROD-026,2,14.65,22.65
ORD-2026-000360,2,PROD-017,1,12.5,11.39
ORD-2026-000360,3,PROD-006,2,32.39,59.92
ORD-2026-000361,1,PROD-004,1,20.28,19.2
ORD-2026-000362,1,PROD-002,2,11.9,20.4
ORD-2026-000363,1,PROD-041,1,11.83,11.52
ORD-2026-000364,1,PROD-003,1,14.37,13.23
ORD-2026-000364,2,PROD-005,1,20.28,-18.71
ORD-2026-000365,1,PROD-049,1,80.28,77.37
ORD-2026-000366,1,PROD-001,1,12.9,10.24
ORD-2026-000366,2,PROD-035,1,10.14,8.72
ORD-2026-000367,1,PROD-036,3,11.55,24.7
ORD-2026-000367,2,PROD-008,3,9.9,17.53
ORD-2026-000367,3,PROD-035,2,10.14,18.36
ORD-2026-000368,1,PROD-002,1,11.9,10.7
ORD-2026-000369,1,PROD-004,1,20.28,18.23
ORD-2026-000369,2,PROD-044,1,40.85,39.49
ORD-2026-000369,3,PROD-041,1,11.83,11.05
ORD-2026-000370,1,PROD-020,1,10.14,9.41
ORD-2026-000370,2,PROD-041,2,11.83,21.31
ORD-2026-000371,1,PROD-010,1,38.03,36.38
ORD-2026-000371,2,PROD-005,1,20.28,20.02
ORD-2026-000371,3,PROD-047,1,108.45,106.93
ORD-2026-000372,1,PROD-032,1,19.72,17.44
ORD-2026-000373,1,PROD-007,1,17.18,15.9
ORD-2026-000374,1,PROD-035,2,10.14,13.78
ORD-2026-000375,1,PROD-016,1,8.9,7.68
ORD-2026-000375,2,PROD-005,1,20.28,18.12
ORD-2026-000376,1,PROD-005,1,20.28,18.61
ORD-2026-000376,2,PROD-002,2,11.9,23.43
ORD-2026-000377,1,PROD-022,1,9.01,8.7
ORD-2026-000377,2,PROD-016,1,8.9,8.71
ORD-2026-000378,1,PROD-019,2,29.58,54.86
ORD-2026-000379,1,PROD-001,1,12.9,6.88
ORD-2026-000380,1,PROD-034,1,9.01,8.3
ORD-2026-000381,1,PROD-003,2,14.37,26.24
ORD-2026-000381,2,PROD-002,1,11.9,10.73
ORD-2026-000381,3,PROD-041,1,11.83,11.21
ORD-2026-000382,1,PROD-040,2,15.21,29.64
ORD-2026-000382,2,PROD-026,1,14.65,13.54
ORD-2026-000383,1,PROD-052,1,46.48,40.65
ORD-2026-000384,1,PROD-029,2,24.79,49.4
ORD-2026-000384,2,PROD-008,3,9.9,26.87
ORD-2026-000384,3,PROD-004,2,20.28,40.48
ORD-2026-000385,1,PROD-002,3,11.9,33.08
ORD-2026-000385,2,PROD-039,4,8.17,30.42
ORD-2026-000385,3,PROD-021,1,15.49,14.47
ORD-2026-000386,1,PROD-003,1,14.37,13.07
ORD-2026-000387,1,PROD-010,1,38.03,36.55
ORD-2026-000387,2,PROD-036,1,11.55,10.64
ORD-2026-000387,3,PROD-002,1,11.9,11.13
ORD-2026-000387,4,PROD-039,1,8.17,7.88
ORD-2026-000388,1,PROD-020,2,10.14,19.75
ORD-2026-000388,2,PROD-006,1,32.39,32.25
ORD-2026-000388,3,PROD-028,2,17.18,34.11
ORD-2026-000389,1,PROD-034,1,9.01,7.33
ORD-2026-000390,1,PROD-005,3,20.28,53.71
ORD-2026-000390,2,PROD-041,1,11.83,11.47
ORD-2026-000390,3,PROD-002,2,11.9,23.06
ORD-2026-000391,1,PROD-014,1,9.9,8.65
ORD-2026-000391,2,PROD-001,2,12.9,24.69
ORD-2026-000392,1,PROD-003,2,14.37,24.4
ORD-2026-000392,2,PROD-004,1,20.28,20.12
ORD-2026-000393,1,PROD-040,1,15.21,8.91
ORD-2026-000394,1,PROD-005,1,20.28,19.15
ORD-2026-000395,1,PROD-039,1,8.17,7.41
ORD-2026-000395,2,PROD-036,1,11.55,10.94
ORD-2026-000395,3,PROD-029,1,24.79,22.53
ORD-2026-000396,1,PROD-005,1,20.28,18.95
ORD-2026-000396,2,PROD-003,1,14.37,13.78
ORD-2026-000396,3,PROD-041,2,11.83,17.48
ORD-2026-000397,1,PROD-014,3,9.9,28.64
ORD-2026-000397,2,PROD-037,2,9.86,17.31
ORD-2026-000398,1,PROD-026,1,14.65,12.36
ORD-2026-000399,1,PROD-006,2,32.39,60.77
ORD-2026-000400,1,PROD-003,1,14.37,14.11
ORD-2026-000401,1,PROD-002,3,11.9,33.47
ORD-2026-000401,2,PROD-041,2,11.83,20.92
ORD-2026-000402,1,PROD-023,1,7.89,6.46
ORD-2026-000402,2,PROD-004,2,20.28,36.73
ORD-2026-000403,1,PROD-028,1,17.18,16.95
ORD-2026-000404,1,PROD-040,1,15.21,14.99
ORD-2026-000405,1,PROD-002,1,11.9,8.83
ORD-2026-000406,1,PROD-034,4,9.01,33.78
ORD-2026-000407,1,PROD-039,2,8.17,14.94
ORD-2026-000407,2,PROD-013,1,11.9,11.83
ORD-2026-000407,3,PROD-028,1,17.18,16.49
ORD-2026-000408,1,PROD-012,3,18.5,40.55
ORD-2026-000408,2,PROD-001,1,12.9,-10.13
ORD-2026-000408,3,PROD-025,1,21.97,11.13
ORD-2026-000409,1,PROD-041,1,11.83,10.83
ORD-2026-000409,2,PROD-027,2,21.13,40.93
ORD-2026-000410,1,PROD-022,2,9.01,16.98
ORD-2026-000410,2,PROD-036,1,11.55,11.38
ORD-2026-000410,3,PROD-050,1,61.97,42.84
ORD-2026-000410,4,PROD-046,1,259.15,230.07
ORD-2026-000410,5,PROD-001,2,12.9,21.98
ORD-2026-000411,1,PROD-032,3,19.72,58.73
ORD-2026-000411,2,PROD-038,2,7.89,15.2
ORD-2026-000411,3,PROD-002,1,11.9,11.31
ORD-2026-000412,1,PROD-056,1,101.41,100.57
ORD-2026-000413,1,PROD-003,2,14.37,19.22
ORD-2026-000414,1,PROD-034,1,9.01,8.84
ORD-2026-000415,1,PROD-060,1,42.25,37.72
ORD-2026-000416,1,PROD-037,1,9.86,7.83
ORD-2026-000417,1,PROD-034,2,9.01,17.44
ORD-2026-000418,1,PROD-002,1,11.9,10.33
ORD-2026-000418,2,PROD-035,2,10.14,17.83
ORD-2026-000419,1,PROD-005,1,20.28,17.56
ORD-2026-000420,1,PROD-024,2,8.73,13.19
ORD-2026-000420,2,PROD-027,2,21.13,36.12
ORD-2026-000421,1,PROD-003,2,14.37,27.21
ORD-2026-000422,1,PROD-001,2,12.9,22.94
ORD-2026-000422,2,PROD-040,1,15.21,12.52
ORD-2026-000422,3,PROD-006,3,32.39,95.41
ORD-2026-000423,1,PROD-007,2,17.18,33.3
ORD-2026-000423,2,PROD-034,1,9.01,8.77
ORD-2026-000424,1,PROD-014,1,9.9,9.66
ORD-2026-000424,2,PROD-032,2,19.72,33.91
ORD-2026-000424,3,PROD-005,2,20.28,28.65
ORD-2026-000425,1,PROD-034,1,9.01,8.66
ORD-2026-000426,1,PROD-010,1,38.03,34.85
ORD-2026-000427,1,PROD-010,3,38.03,107.96
ORD-2026-000427,2,PROD-035,2,10.14,16.49
ORD-2026-000427,3,PROD-001,1,12.9,11.44
ORD-2026-000428,1,PROD-031,1,53.52,47.57
ORD-2026-000429,1,PROD-001,2,12.9,22.63
ORD-2026-000429,2,PROD-035,2,10.14,18.61
ORD-2026-000430,1,PROD-041,1,11.83,6.66
ORD-2026-000431,1,PROD-050,1,61.97,60.38
ORD-2026-000432,1,PROD-022,1,9.01,8.69
ORD-2026-000433,1,PROD-003,2,14.37,24.87
ORD-2026-000433,2,PROD-041,1,11.83,11.47
ORD-2026-000434,1,PROD-045,1,72.68,70.57
ORD-2026-000434,2,PROD-008,2,9.9,17.04
ORD-2026-000435,1,PROD-004,1,20.28,19.73
ORD-2026-000435,2,PROD-035,1,10.14,10.09
ORD-2026-000435,3,PROD-007,2,17.18,32.93
ORD-2026-000436,1,PROD-031,1,53.52,30.13
ORD-2026-000436,2,PROD-006,3,32.39,90.56
ORD-2026-000436,3,PROD-034,4,9.01,23.45
ORD-2026-000437,1,PROD-004,1,20.28,19.71
ORD-2026-000438,1,PROD-008,1,9.9,7.03
ORD-2026-000439,1,PROD-049,1,80.28,77.71
ORD-2026-000440,1,PROD-047,1,108.45,48.8
ORD-2026-000441,1,PROD-039,1,8.17,7.54
ORD-2026-000442,1,PROD-010,1,38.03,34.66
ORD-2026-000442,2,PROD-007,1,17.18,16.65
ORD-2026-000443,1,PROD-001,1,12.9,10.97
ORD-2026-000444,1,PROD-017,2,12.5,23.87
ORD-2026-000445,1,PROD-010,2,38.03,75.63
ORD-2026-000446,1,PROD-001,2,12.9,23.31
ORD-2026-000446,2,PROD-045,1,72.68,63.04
ORD-2026-000446,3,PROD-002,1,11.9,10.59
ORD-2026-000446,4,PROD-041,1,11.83,11.17
ORD-2026-000447,1,PROD-026,2,14.65,20.62
ORD-2026-000447,2,PROD-034,1,9.01,6.41
ORD-2026-000448,1,PROD-021,1,15.49,10.99
ORD-2026-000448,2,PROD-031,2,53.52,101.89
ORD-2026-000448,3,PROD-005,2,20.28,36.9
ORD-2026-000449,1,PROD-027,1,21.13,20.75
ORD-2026-000450,1,PROD-028,1,17.18,15.99
ORD-2026-000450,2,PROD-002,1,11.9,10.97
ORD-2026-000451,1,PROD-011,1,14.9,14.75
ORD-2026-000452,1,PROD-010,2,38.03,70.29
ORD-2026-000453,1,PROD-034,1,9.01,7.37
ORD-2026-000453,2,PROD-010,1,38.03,37.36
ORD-2026-000454,1,PROD-045,1,72.68,67.07
ORD-2026-000454,2,PROD-001,1,12.9,12.17
ORD-2026-000455,1,PROD-003,1,14.37,13.26
ORD-2026-000456,1,PROD-008,2,9.9,15.13
ORD-2026-000456,2,PROD-049,2,80.28,139.99
ORD-2026-000456,3,PROD-038,1,7.89,6.44
ORD-2026-000456,4,PROD-035,3,10.14,27.0
ORD-2026-000457,1,PROD-002,1,11.9,11.25
ORD-2026-000457,2,PROD-029,2,24.79,43.33
ORD-2026-000458,1,PROD-025,1,21.97,20.63
ORD-2026-000458,2,PROD-023,1,7.89,7.56
ORD-2026-000459,1,PROD-004,3,20.28,49.16
ORD-2026-000459,2,PROD-035,1,10.14,7.28
ORD-2026-000460,1,PROD-001,2,12.9,22.97
ORD-2026-000460,2,PROD-004,1,20.28,13.8
ORD-2026-000460,3,PROD-039,2,8.17,13.0
ORD-2026-000461,1,PROD-020,1,10.14,10.01
ORD-2026-000462,1,PROD-031,1,53.52,52.28
ORD-2026-000463,1,PROD-053,1,53.52,44.89
ORD-2026-000463,2,PROD-020,1,10.14,10.03
ORD-2026-000464,1,PROD-001,1,12.9,12.2
ORD-2026-000464,2,PROD-003,1,14.37,13.11
ORD-2026-000465,1,PROD-006,1,32.39,26.06
ORD-2026-000466,1,PROD-004,1,20.28,19.03
ORD-2026-000467,1,PROD-015,1,26.76,24.41
ORD-2026-000468,1,PROD-041,1,11.83,9.32
ORD-2026-000469,1,PROD-004,1,20.28,19.18
ORD-2026-000470,1,PROD-001,1,12.9,12.33
ORD-2026-000471,1,PROD-008,2,9.9,17.84
ORD-2026-000471,2,PROD-032,1,19.72,16.81
ORD-2026-000472,1,PROD-006,1,32.39,31.44
ORD-2026-000472,2,PROD-005,2,20.28,39.69
ORD-2026-000473,1,PROD-032,1,19.72,18.13
ORD-2026-000474,1,PROD-002,2,11.9,23.41
ORD-2026-000474,2,PROD-005,1,20.28,18.99
ORD-2026-000474,3,PROD-034,1,9.01,7.98
ORD-2026-000474,4,PROD-029,1,24.79,22.63
ORD-2026-000475,1,PROD-004,1,20.28,15.25
ORD-2026-000475,2,PROD-006,1,32.39,31.85
ORD-2026-000476,1,PROD-007,1,17.18,16.69
ORD-2026-000476,2,PROD-003,2,14.37,26.6
ORD-2026-000477,1,PROD-014,2,9.9,16.12
ORD-2026-000478,1,PROD-001,2,12.9,22.42
ORD-2026-000479,1,PROD-002,2,11.9,20.63
ORD-2026-000480,1,PROD-050,1,61.97,60.61
ORD-2026-000481,1,PROD-042,1,73.24,60.55
ORD-2026-000481,2,PROD-001,2,12.9,21.5
ORD-2026-000482,1,PROD-027,1,21.13,20.0
ORD-2026-000482,2,PROD-007,2,17.18,25.64
ORD-2026-000483,1,PROD-036,2,11.55,22.6
ORD-2026-000484,1,PROD-005,3,20.28,56.88
ORD-2026-000485,1,PROD-004,1,20.28,19.4
ORD-2026-000486,1,PROD-029,1,24.79,23.04
ORD-2026-000487,1,PROD-001,2,12.9,23.44
ORD-2026-000488,1,PROD-045,1,72.68,58.76
ORD-2026-000488,2,PROD-034,2,9.01,16.8
ORD-2026-000488,3,PROD-029,1,24.79,23.83
ORD-2026-000489,1,PROD-001,2,12.9,21.27
ORD-2026-000490,1,PROD-034,3,9.01,19.02
ORD-2026-000490,2,PROD-002,1,11.9,7.37
ORD-2026-000490,3,PROD-041,3,11.83,29.11
ORD-2026-000491,1,PROD-002,1,11.9,10.37
ORD-2026-000491,2,PROD-007,1,17.18,15.52
ORD-2026-000492,1,PROD-002,1,11.9,9.25
ORD-2026-000493,1,PROD-002,2,11.9,20.16
ORD-2026-000494,1,PROD-001,2,12.9,22.26
ORD-2026-000494,2,PROD-024,1,8.73,8.26
ORD-2026-000494,3,PROD-036,1,11.55,11.1
ORD-2026-000495,1,PROD-007,2,17.18,33.63
ORD-2026-000496,1,PROD-027,1,21.13,17.99
ORD-2026-000497,1,PROD-013,3,11.9,29.95
ORD-2026-000498,1,PROD-005,1,20.28,19.37
ORD-2026-000499,1,PROD-010,1,38.03,34.95
ORD-2026-000500,1,PROD-034,1,9.01,8.76
ORD-2026-000500,2,PROD-039,2,8.17,15.32
ORD-2026-000501,1,PROD-024,1,8.73,8.46
ORD-2026-000501,2,PROD-038,1,7.89,7.65
ORD-2026-000501,3,PROD-005,3,20.28,58.73
ORD-2026-000501,4,PROD-030,1,49.3,48.87
ORD-2026-000502,1,PROD-035,1,10.14,7.89
ORD-2026-000502,2,PROD-027,2,21.13,37.75
ORD-2026-000502,3,PROD-032,1,19.72,16.77
ORD-2026-000503,1,PROD-042,4,73.24,230.0
ORD-2026-000504,1,PROD-007,1,17.18,16.68
ORD-2026-000505,1,PROD-001,1,12.9,12.67
ORD-2026-000505,2,PROD-038,1,7.89,7.72
ORD-2026-000506,1,PROD-019,1,29.58,24.28
ORD-2026-000506,2,PROD-002,1,11.9,11.3
ORD-2026-000506,3,PROD-004,1,20.28,18.47
ORD-2026-000507,1,PROD-001,1,12.9,12.3
ORD-2026-000507,2,PROD-016,1,8.9,8.02
ORD-2026-000507,3,PROD-037,2,9.86,18.47
ORD-2026-000508,1,PROD-002,1,11.9,11.09
ORD-2026-000509,1,PROD-002,2,11.9,23.03
ORD-2026-000510,1,PROD-005,1,20.28,19.38
ORD-2026-000510,2,PROD-004,2,20.28,40.0
ORD-2026-000511,1,PROD-034,1,9.01,7.24
ORD-2026-000512,1,PROD-041,2,11.83,21.63
ORD-2026-000513,1,PROD-035,1,10.14,9.49
ORD-2026-000513,2,PROD-010,1,38.03,37.19
ORD-2026-000514,1,PROD-015,3,26.76,53.84
ORD-2026-000514,2,PROD-039,1,8.17,7.51
ORD-2026-000514,3,PROD-005,2,20.28,36.46
ORD-2026-000515,1,PROD-019,1,29.58,22.31
ORD-2026-000516,1,PROD-034,3,9.01,25.19
ORD-2026-000517,1,PROD-013,1,11.9,11.34
ORD-2026-000518,1,PROD-005,1,20.28,19.31
ORD-2026-000519,1,PROD-003,1,14.37,10.45
ORD-2026-000519,2,PROD-013,1,11.9,10.35
ORD-2026-000520,1,PROD-007,1,17.18,14.62
ORD-2026-000521,1,PROD-004,1,20.28,19.36
ORD-2026-000522,1,PROD-006,3,32.39,89.46
ORD-2026-000523,1,PROD-039,1,8.17,8.02
ORD-2026-000524,1,PROD-041,1,11.83,10.81
ORD-2026-000525,1,PROD-004,1,20.28,11.41
ORD-2026-000526,1,PROD-051,1,36.06,31.18
ORD-2026-000526,2,PROD-013,1,11.9,11.15
ORD-2026-000527,1,PROD-004,1,20.28,19.52
ORD-2026-000527,2,PROD-003,3,14.37,43.0
ORD-2026-000527,3,PROD-041,1,11.83,11.55
ORD-2026-000528,1,PROD-001,1,12.9,11.76
ORD-2026-000528,2,PROD-034,1,9.01,8.5
ORD-2026-000528,3,PROD-041,4,11.83,45.18
ORD-2026-000529,1,PROD-014,2,9.9,19.34
ORD-2026-000530,1,PROD-003,1,14.37,13.72
ORD-2026-000530,2,PROD-033,1,52.11,48.96
ORD-2026-000531,1,PROD-012,1,18.5,-17.26
ORD-2026-000531,2,PROD-001,1,12.9,12.15
ORD-2026-000531,3,PROD-027,1,21.13,19.81
ORD-2026-000532,1,PROD-001,2,12.9,23.83
ORD-2026-000532,2,PROD-034,2,9.01,12.66
ORD-2026-000532,3,PROD-038,2,7.89,13.19
ORD-2026-000533,1,PROD-003,1,14.37,12.17
ORD-2026-000534,1,PROD-008,2,9.9,18.67
ORD-2026-000535,1,PROD-006,1,32.39,31.04
ORD-2026-000536,1,PROD-006,1,32.39,28.61
ORD-2026-000536,2,PROD-041,1,11.83,9.49
ORD-2026-000537,1,PROD-002,1,11.9,11.42
ORD-2026-000537,2,PROD-041,3,11.83,32.47
ORD-2026-000538,1,PROD-038,1,7.89,7.3
ORD-2026-000539,1,PROD-005,1,20.28,18.86
ORD-2026-000540,1,PROD-005,2,20.28,39.26
ORD-2026-000541,1,PROD-010,1,38.03,31.25
ORD-2026-000542,1,PROD-036,3,11.55,30.52
ORD-2026-000542,2,PROD-026,1,14.65,12.32
ORD-2026-000542,3,PROD-007,2,17.18,33.51
ORD-2026-000542,4,PROD-032,1,19.72,17.19
ORD-2026-000543,1,PROD-025,2,21.97,34.15
ORD-2026-000544,1,PROD-008,1,9.9,9.75
ORD-2026-000545,1,PROD-034,3,9.01,22.42
ORD-2026-000546,1,PROD-006,1,32.39,22.87
ORD-2026-000547,1,PROD-052,1,46.48,40.97
ORD-2026-000547,2,PROD-001,2,12.9,24.32
ORD-2026-000548,1,PROD-006,1,32.39,31.28
ORD-2026-000548,2,PROD-035,2,10.14,18.73
ORD-2026-000548,3,PROD-051,1,36.06,33.15
ORD-2026-000549,1,PROD-025,1,21.97,21.89
ORD-2026-000550,1,PROD-008,2,9.9,14.14
ORD-2026-000551,1,PROD-033,1,52.11,48.67
ORD-2026-000551,2,PROD-002,1,11.9,11.12
ORD-2026-000552,1,PROD-010,1,38.03,35.66
ORD-2026-000552,2,PROD-008,1,9.9,8.88
ORD-2026-000553,1,PROD-008,1,9.9,9.75
ORD-2026-000553,2,PROD-004,1,20.28,19.64
ORD-2026-000554,1,PROD-032,1,19.72,15.03
ORD-2026-000555,1,PROD-038,2,7.89,11.89
ORD-2026-000556,1,PROD-041,1,11.83,7.57
ORD-2026-000557,1,PROD-002,3,11.9,34.66
ORD-2026-000558,1,PROD-045,1,72.68,60.71
ORD-2026-000558,2,PROD-006,2,32.39,58.54
ORD-2026-000559,1,PROD-044,1,40.85,37.92
ORD-2026-000560,1,PROD-041,3,11.83,26.54
ORD-2026-000561,1,PROD-023,2,7.89,7.1
ORD-2026-000562,1,PROD-006,1,32.39,15.3
ORD-2026-000563,1,PROD-002,1,11.9,11.03
ORD-2026-000564,1,PROD-002,1,11.9,11.63
ORD-2026-000565,1,PROD-007,2,17.18,34.25
ORD-2026-000566,1,PROD-005,1,20.28,19.22
ORD-2026-000567,1,PROD-004,1,20.28,18.35
ORD-2026-000568,1,PROD-008,1,9.9,9.41
ORD-2026-000568,2,PROD-019,1,29.58,26.05
ORD-2026-000569,1,PROD-028,1,17.18,16.78
ORD-2026-000570,1,PROD-001,1,12.9,10.2
ORD-2026-000571,1,PROD-004,2,20.28,38.46
ORD-2026-000571,2,PROD-017,1,12.5,12.1
ORD-2026-000571,3,PROD-002,2,11.9,22.72
ORD-2026-000571,4,PROD-016,1,8.9,8.79
ORD-2026-000571,5,PROD-034,3,9.01,25.79
ORD-2026-000572,1,PROD-036,1,11.55,10.99
ORD-2026-000572,2,PROD-013,1,11.9,11.02
ORD-2026-000572,3,PROD-050,2,61.97,113.75
ORD-2026-000573,1,PROD-034,1,9.01,8.35
ORD-2026-000573,2,PROD-002,1,11.9,11.82
ORD-2026-000574,1,PROD-010,1,38.03,35.46
ORD-2026-000575,1,PROD-005,1,20.28,19.04
ORD-2026-000576,1,PROD-013,1,11.9,11.65
ORD-2026-000577,1,PROD-006,3,32.39,91.21
ORD-2026-000578,1,PROD-053,1,53.52,53.25
ORD-2026-000579,1,PROD-031,1,53.52,47.76
ORD-2026-000580,1,PROD-004,1,20.28,20.08
ORD-2026-000580,2,PROD-049,1,80.28,74.45
ORD-2026-000581,1,PROD-038,1,7.89,7.01
ORD-2026-000582,1,PROD-005,1,20.28,18.01
ORD-2026-000582,2,PROD-006,3,32.39,88.92
ORD-2026-000583,1,PROD-003,3,14.37,40.64
ORD-2026-000583,2,PROD-044,1,40.85,37.07
ORD-2026-000583,3,PROD-017,2,12.5,24.09
ORD-2026-000583,4,PROD-041,1,11.83,11.44
ORD-2026-000583,5,PROD-040,3,15.21,42.18
ORD-2026-000584,1,PROD-034,2,9.01,16.66
ORD-2026-000585,1,PROD-030,1,49.3,48.4
ORD-2026-000586,1,PROD-004,2,20.28,39.67
ORD-2026-000587,1,PROD-016,2,8.9,14.66
ORD-2026-000587,2,PROD-004,2,20.28,35.85
ORD-2026-000588,1,PROD-004,2,20.28,38.35
ORD-2026-000589,1,PROD-002,1,11.9,10.9
ORD-2026-000590,1,PROD-045,1,72.68,58.42
ORD-2026-000591,1,PROD-007,2,17.18,30.45
ORD-2026-000591,2,PROD-035,3,10.14,27.22
ORD-2026-000591,3,PROD-040,1,15.21,13.02
ORD-2026-000592,1,PROD-040,2,15.21,30.35
ORD-2026-000593,1,PROD-008,1,9.9,8.83
ORD-2026-000594,1,PROD-032,1,19.72,18.65
ORD-2026-000595,1,PROD-019,1,29.58,23.05
ORD-2026-000596,1,PROD-034,2,9.01,17.6
ORD-2026-000596,2,PROD-003,1,14.37,11.78
ORD-2026-000597,1,PROD-005,2,20.28,33.36
ORD-2026-000598,1,PROD-016,1,8.9,8.29
ORD-2026-000599,1,PROD-023,1,7.89,6.43
ORD-2026-000599,2,PROD-051,1,36.06,33.32
ORD-2026-000600,1,PROD-047,1,108.45,103.5
ORD-2026-000600,2,PROD-001,1,12.9,12.76
ORD-2026-000601,1,PROD-004,2,20.28,39.17
ORD-2026-000602,1,PROD-006,3,32.39,72.03
ORD-2026-000602,2,PROD-034,1,9.01,6.25
ORD-2026-000603,1,PROD-007,1,17.18,16.84
ORD-2026-000603,2,PROD-036,2,11.55,23.02
ORD-2026-000604,1,PROD-004,1,20.28,19.56
ORD-2026-000605,1,PROD-027,1,21.13,20.42
ORD-2026-000605,2,PROD-002,2,11.9,21.91
ORD-2026-000606,1,PROD-044,1,40.85,40.23
ORD-2026-000606,2,PROD-002,1,11.9,11.87
ORD-2026-000607,1,PROD-035,1,10.14,9.77
ORD-2026-000607,2,PROD-044,1,40.85,34.65
ORD-2026-000607,3,PROD-014,1,9.9,9.37
ORD-2026-000608,1,PROD-003,1,14.37,-13.76
ORD-2026-000609,1,PROD-016,1,8.9,8.44
ORD-2026-000609,2,PROD-001,1,12.9,11.98
ORD-2026-000610,1,PROD-041,3,11.83,33.5
ORD-2026-000611,1,PROD-005,3,20.28,56.54
ORD-2026-000612,1,PROD-006,3,32.39,43.73
ORD-2026-000613,1,PROD-041,1,11.83,8.89
ORD-2026-000614,1,PROD-028,2,17.18,33.89
ORD-2026-000615,1,PROD-029,1,24.79,22.23
ORD-2026-000615,2,PROD-022,1,9.01,7.31
ORD-2026-000615,3,PROD-047,1,108.45,86.3
ORD-2026-000615,4,PROD-016,3,8.9,24.76
ORD-2026-000616,1,PROD-007,2,17.18,33.85
ORD-2026-000617,1,PROD-050,1,61.97,55.23
ORD-2026-000618,1,PROD-001,1,12.9,12.54
ORD-2026-000619,1,PROD-010,1,38.03,36.54
ORD-2026-000620,1,PROD-002,2,11.9,21.36
ORD-2026-000621,1,PROD-023,1,7.89,7.21
ORD-2026-000621,2,PROD-028,1,17.18,11.51
ORD-2026-000622,1,PROD-005,1,20.28,17.54
ORD-2026-000622,2,PROD-004,1,20.28,17.25
ORD-2026-000622,3,PROD-041,2,11.83,22.95
ORD-2026-000623,1,PROD-005,3,20.28,56.92
ORD-2026-000623,2,PROD-027,1,21.13,20.27
ORD-2026-000624,1,PROD-040,2,15.21,29.44
ORD-2026-000624,2,PROD-004,1,20.28,17.87
ORD-2026-000625,1,PROD-015,3,26.76,53.4
ORD-2026-000626,1,PROD-003,1,14.37,13.15
ORD-2026-000626,2,PROD-004,2,20.28,35.19
ORD-2026-000627,1,PROD-002,1,11.9,8.72
ORD-2026-000628,1,PROD-004,3,20.28,52.47
ORD-2026-000628,2,PROD-003,1,14.37,13.45
ORD-2026-000629,1,PROD-001,3,12.9,35.64
ORD-2026-000629,2,PROD-005,2,20.28,38.34
ORD-2026-000629,3,PROD-035,1,10.14,9.86
ORD-2026-000629,4,PROD-006,2,32.39,62.99
ORD-2026-000629,5,PROD-007,2,17.18,34.22
ORD-2026-000630,1,PROD-005,2,20.28,39.33
ORD-2026-000631,1,PROD-006,1,32.39,27.41
ORD-2026-000632,1,PROD-008,1,9.9,9.85
ORD-2026-000633,1,PROD-006,1,32.39,30.49
ORD-2026-000633,2,PROD-035,2,10.14,18.27
ORD-2026-000633,3,PROD-034,3,9.01,25.59
ORD-2026-000634,1,PROD-027,1,21.13,19.82
ORD-2026-000634,2,PROD-001,1,12.9,0.0
ORD-2026-000635,1,PROD-001,2,12.9,23.44
ORD-2026-000636,1,PROD-004,2,20.28,40.4
ORD-2026-000637,1,PROD-001,3,12.9,33.56
ORD-2026-000638,1,PROD-010,1,38.03,32.59
ORD-2026-000639,1,PROD-015,2,26.76,46.31
ORD-2026-000640,1,PROD-008,1,9.9,9.76
ORD-2026-000640,2,PROD-034,3,9.01,26.6
ORD-2026-000641,1,PROD-016,1,8.9,8.44
ORD-2026-000642,1,PROD-035,4,10.14,39.29
ORD-2026-000642,2,PROD-024,1,8.73,8.56
ORD-2026-000642,3,PROD-001,3,12.9,37.94
ORD-2026-000643,1,PROD-025,1,21.97,20.92
ORD-2026-000643,2,PROD-032,1,19.72,16.24
ORD-2026-000644,1,PROD-006,1,32.39,30.6
ORD-2026-000644,2,PROD-005,1,20.28,19.72
ORD-2026-000645,1,PROD-012,1,18.5,15.84
ORD-2026-000646,1,PROD-008,1,9.9,8.49
ORD-2026-000647,1,PROD-006,1,32.39,22.95
ORD-2026-000647,2,PROD-032,1,19.72,18.99
ORD-2026-000647,3,PROD-002,1,11.9,10.3
ORD-2026-000647,4,PROD-003,2,14.37,25.02
ORD-2026-000648,1,PROD-034,1,9.01,8.54
ORD-2026-000649,1,PROD-005,1,20.28,18.75
ORD-2026-000649,2,PROD-016,1,8.9,6.91
ORD-2026-000649,3,PROD-034,1,9.01,8.12
ORD-2026-000650,1,PROD-037,1,9.86,9.38
ORD-2026-000651,1,PROD-016,1,8.9,8.32
ORD-2026-000652,1,PROD-002,2,11.9,23.36
ORD-2026-000653,1,PROD-020,1,10.14,8.17
ORD-2026-000654,1,PROD-022,1,9.01,8.67
ORD-2026-000655,1,PROD-005,1,20.28,19.46
ORD-2026-000656,1,PROD-002,2,11.9,20.25
ORD-2026-000657,1,PROD-036,1,11.55,9.97
ORD-2026-000657,2,PROD-021,1,15.49,14.15
ORD-2026-000658,1,PROD-007,1,17.18,17.08
ORD-2026-000659,1,PROD-016,2,8.9,11.68
ORD-2026-000660,1,PROD-004,3,20.28,57.83
ORD-2026-000661,1,PROD-003,1,14.37,14.18
ORD-2026-000662,1,PROD-016,1,8.9,8.11
ORD-2026-000662,2,PROD-011,1,14.9,14.39
ORD-2026-000663,1,PROD-040,2,15.21,27.02
ORD-2026-000664,1,PROD-026,1,14.65,14.18
ORD-2026-000665,1,PROD-006,1,32.39,24.18
ORD-2026-000666,1,PROD-002,1,11.9,10.13
ORD-2026-000666,2,PROD-004,2,20.28,36.45
ORD-2026-000667,1,PROD-004,2,20.28,39.4
ORD-2026-000668,1,PROD-006,2,32.39,61.92
ORD-2026-000669,1,PROD-005,1,20.28,18.03
ORD-2026-000669,2,PROD-053,1,53.52,47.54
ORD-2026-000669,3,PROD-041,1,11.83,10.59
ORD-2026-000670,1,PROD-006,2,32.39,58.72
ORD-2026-000671,1,PROD-007,1,17.18,12.93
ORD-2026-000672,1,PROD-020,1,10.14,8.39
ORD-2026-000673,1,PROD-026,1,14.65,14.34
ORD-2026-000674,1,PROD-006,1,32.39,24.57
ORD-2026-000674,2,PROD-042,1,73.24,56.37
ORD-2026-000675,1,PROD-033,3,52.11,133.13
ORD-2026-000676,1,PROD-041,3,11.83,32.17
ORD-2026-000677,1,PROD-026,1,14.65,14.39
ORD-2026-000678,1,PROD-041,1,11.83,11.78
ORD-2026-000679,1,PROD-014,1,9.9,9.42
ORD-2026-000680,1,PROD-023,1,7.89,7.42
ORD-2026-000681,1,PROD-003,3,14.37,41.61
ORD-2026-000682,1,PROD-013,1,11.9,11.4
ORD-2026-000682,2,PROD-023,1,7.89,7.59
ORD-2026-000683,1,PROD-053,1,53.52,46.33
ORD-2026-000683,2,PROD-001,1,12.9,12.71
ORD-2026-000684,1,PROD-008,1,9.9,8.81
ORD-2026-000685,1,PROD-004,1,20.28,18.48
ORD-2026-000686,1,PROD-001,1,12.9,12.39
ORD-2026-000686,2,PROD-034,2,9.01,16.87
ORD-2026-000687,1,PROD-008,1,9.9,9.39
ORD-2026-000688,1,PROD-003,1,14.37,13.33
ORD-2026-000689,1,PROD-005,2,20.28,40.09
ORD-2026-000689,2,PROD-002,2,11.9,23.72
ORD-2026-000689,3,PROD-019,1,29.58,27.88
ORD-2026-000689,4,PROD-035,2,10.14,20.02
ORD-2026-000690,1,PROD-034,2,9.01,12.69
ORD-2026-000690,2,PROD-039,3,8.17,18.9
ORD-2026-000691,1,PROD-005,1,20.28,17.04
ORD-2026-000692,1,PROD-024,1,8.73,7.92
ORD-2026-000692,2,PROD-004,2,20.28,40.19
ORD-2026-000693,1,PROD-008,2,9.9,15.96
ORD-2026-000693,2,PROD-001,1,12.9,11.54
ORD-2026-000693,3,PROD-040,4,15.21,58.74
ORD-2026-000693,4,PROD-035,1,10.14,9.59
ORD-2026-000694,1,PROD-005,1,20.28,18.44
ORD-2026-000695,1,PROD-004,1,20.28,19.98
ORD-2026-000696,1,PROD-027,1,21.13,20.78
ORD-2026-000697,1,PROD-006,1,32.39,29.07
ORD-2026-000698,1,PROD-002,1,11.9,11.66
ORD-2026-000699,1,PROD-005,2,20.28,29.67
ORD-2026-000699,2,PROD-034,4,9.01,31.65
ORD-2026-000700,1,PROD-041,1,11.83,10.11
ORD-2026-000700,2,PROD-008,2,9.9,12.92
ORD-2026-000701,1,PROD-041,1,11.83,11.75
ORD-2026-000702,1,PROD-005,1,20.28,18.19
ORD-2026-000702,2,PROD-011,1,14.9,11.65
ORD-2026-000702,3,PROD-040,1,15.21,12.87
ORD-2026-000703,1,PROD-008,1,9.9,9.07
ORD-2026-000704,1,PROD-001,1,12.9,11.03
ORD-2026-000705,1,PROD-041,2,11.83,23.43
ORD-2026-000706,1,PROD-020,1,10.14,9.75
ORD-2026-000706,2,PROD-028,1,17.18,16.47
ORD-2026-000706,3,PROD-002,1,11.9,10.89
ORD-2026-000706,4,PROD-040,1,15.21,14.84
ORD-2026-000707,1,PROD-040,3,15.21,45.08
ORD-2026-000708,1,PROD-006,2,32.39,58.88
ORD-2026-000709,1,PROD-004,1,20.28,18.93
ORD-2026-000710,1,PROD-013,1,11.9,11.75
ORD-2026-000711,1,PROD-013,2,11.9,20.71
ORD-2026-000711,2,PROD-007,1,17.18,15.35
ORD-2026-000711,3,PROD-002,1,11.9,10.02
ORD-2026-000712,1,PROD-007,2,17.18,29.77
ORD-2026-000712,2,PROD-001,3,12.9,33.73
ORD-2026-000713,1,PROD-005,2,20.28,31.3
ORD-2026-000713,2,PROD-035,4,10.14,37.35
ORD-2026-000713,3,PROD-002,1,11.9,9.94
ORD-2026-000714,1,PROD-023,1,7.89,7.15
ORD-2026-000714,2,PROD-006,1,32.39,30.64
ORD-2026-000715,1,PROD-007,1,17.18,15.16
ORD-2026-000715,2,PROD-002,1,11.9,11.43
ORD-2026-000716,1,PROD-037,2,9.86,19.58
ORD-2026-000717,1,PROD-032,4,19.72,78.11
ORD-2026-000718,1,PROD-028,1,17.18,17.1
ORD-2026-000718,2,PROD-041,1,11.83,11.51
ORD-2026-000719,1,PROD-022,2,9.01,16.87
ORD-2026-000719,2,PROD-041,2,11.83,17.84
ORD-2026-000719,3,PROD-021,1,15.49,14.27
ORD-2026-000719,4,PROD-028,1,17.18,14.05
ORD-2026-000719,5,PROD-038,3,7.89,22.02
ORD-2026-000720,1,PROD-028,1,17.18,15.96
ORD-2026-000721,1,PROD-034,1,9.01,7.86
ORD-2026-000722,1,PROD-022,1,9.01,8.76
ORD-2026-000723,1,PROD-006,1,32.39,30.72
ORD-2026-000724,1,PROD-005,2,20.28,36.21
ORD-2026-000724,2,PROD-032,2,19.72,34.63
ORD-2026-000725,1,PROD-003,1,14.37,13.48
ORD-2026-000726,1,PROD-053,1,53.52,49.01
ORD-2026-000727,1,PROD-001,2,12.9,22.28
ORD-2026-000728,1,PROD-007,2,17.18,31.6
ORD-2026-000729,1,PROD-016,2,8.9,16.77
ORD-2026-000730,1,PROD-011,2,14.9,25.57
ORD-2026-000730,2,PROD-041,1,11.83,10.1
ORD-2026-000730,3,PROD-006,3,32.39,84.37
ORD-2026-000731,1,PROD-005,1,20.28,19.6
ORD-2026-000731,2,PROD-034,1,9.01,8.29
ORD-2026-000731,3,PROD-001,3,12.9,30.19
ORD-2026-000732,1,PROD-042,2,73.24,142.58
ORD-2026-000733,1,PROD-007,1,17.18,14.3
ORD-2026-000734,1,PROD-034,3,9.01,24.68
ORD-2026-000735,1,PROD-030,1,49.3,45.83
ORD-2026-000735,2,PROD-024,2,8.73,15.0
ORD-2026-000735,3,PROD-002,1,11.9,10.78
ORD-2026-000736,1,PROD-028,2,17.18,31.15
ORD-2026-000737,1,PROD-005,2,20.28,39.12
ORD-2026-000737,2,PROD-003,2,14.37,27.22
ORD-2026-000737,3,PROD-001,3,12.9,37.12
ORD-2026-000738,1,PROD-005,1,20.28,19.74
ORD-2026-000738,2,PROD-029,1,24.79,0.0
ORD-2026-000738,3,PROD-032,2,19.72,38.63
ORD-2026-000739,1,PROD-029,2,24.79,48.7
ORD-2026-000739,2,PROD-034,1,9.01,8.66
ORD-2026-000740,1,PROD-004,1,20.28,18.67
ORD-2026-000741,1,PROD-020,1,10.14,9.78
ORD-2026-000742,1,PROD-011,2,14.9,27.57
ORD-2026-000743,1,PROD-016,1,8.9,8.59
ORD-2026-000744,1,PROD-001,1,12.9,9.79
ORD-2026-000744,2,PROD-034,1,9.01,8.97
ORD-2026-000745,1,PROD-017,1,12.5,11.71
ORD-2026-000746,1,PROD-056,1,101.41,-94.0
ORD-2026-000747,1,PROD-016,2,8.9,13.65
ORD-2026-000748,1,PROD-006,1,32.39,30.62
ORD-2026-000749,1,PROD-004,1,20.28,19.71
ORD-2026-000749,2,PROD-040,3,15.21,38.39
ORD-2026-000750,1,PROD-016,3,8.9,25.98
ORD-2026-000750,2,PROD-052,1,46.48,39.3
ORD-2026-000751,1,PROD-037,4,9.86,32.81
ORD-2026-000751,2,PROD-006,1,32.39,24.08
ORD-2026-000751,3,PROD-040,1,15.21,14.37
ORD-2026-000751,4,PROD-010,1,38.03,35.92
ORD-2026-000752,1,PROD-004,1,20.28,18.75
ORD-2026-000753,1,PROD-038,1,7.89,7.44
ORD-2026-000754,1,PROD-016,2,8.9,17.71
ORD-2026-000755,1,PROD-001,2,12.9,23.1
ORD-2026-000756,1,PROD-001,1,12.9,12.42
ORD-2026-000757,1,PROD-005,1,20.28,19.13
ORD-2026-000758,1,PROD-041,2,11.83,20.68
ORD-2026-000759,1,PROD-008,1,9.9,5.62
ORD-2026-000760,1,PROD-005,2,20.28,39.06
ORD-2026-000761,1,PROD-028,1,17.18,16.02
ORD-2026-000762,1,PROD-035,4,10.14,38.76
ORD-2026-000763,1,PROD-029,2,24.79,41.74
ORD-2026-000764,1,PROD-012,1,18.5,15.38
ORD-2026-000765,1,PROD-007,1,17.18,16.07
ORD-2026-000766,1,PROD-023,1,7.89,7.63
ORD-2026-000766,2,PROD-006,2,32.39,63.94
ORD-2026-000767,1,PROD-022,1,9.01,6.41
ORD-2026-000767,2,PROD-032,2,19.72,27.9
ORD-2026-000767,3,PROD-012,2,18.5,34.51
ORD-2026-000767,4,PROD-003,1,14.37,13.26
ORD-2026-000768,1,PROD-027,2,21.13,41.09
ORD-2026-000769,1,PROD-004,1,20.28,17.09
ORD-2026-000770,1,PROD-002,1,11.9,11.68
ORD-2026-000771,1,PROD-015,2,26.76,0.0
ORD-2026-000771,2,PROD-002,1,11.9,10.87
ORD-2026-000771,3,PROD-004,1,20.28,19.74
ORD-2026-000772,1,PROD-028,1,17.18,14.29
ORD-2026-000772,2,PROD-008,2,9.9,19.19
ORD-2026-000772,3,PROD-003,1,14.37,13.36
ORD-2026-000773,1,PROD-006,1,32.39,30.46
ORD-2026-000774,1,PROD-020,1,10.14,10.08
ORD-2026-000775,1,PROD-029,1,24.79,21.96
ORD-2026-000776,1,PROD-010,1,38.03,33.32
ORD-2026-000776,2,PROD-035,1,10.14,8.02
ORD-2026-000777,1,PROD-025,1,21.97,21.75
ORD-2026-000778,1,PROD-005,1,20.28,14.04
ORD-2026-000779,1,PROD-039,1,8.17,7.08
ORD-2026-000780,1,PROD-007,1,17.18,16.13
ORD-2026-000780,2,PROD-005,2,20.28,36.23
ORD-2026-000781,1,PROD-003,2,14.37,24.14
ORD-2026-000782,1,PROD-034,4,9.01,33.18
ORD-2026-000783,1,PROD-005,2,20.28,39.29
ORD-2026-000783,2,PROD-013,1,11.9,10.68
ORD-2026-000784,1,PROD-037,1,9.86,8.94
ORD-2026-000784,2,PROD-022,1,9.01,7.79
ORD-2026-000785,1,PROD-016,2,8.9,14.07
ORD-2026-000786,1,PROD-044,1,40.85,36.36
ORD-2026-000786,2,PROD-006,2,32.39,42.2
ORD-2026-000787,1,PROD-007,3,17.18,40.9
ORD-2026-000788,1,PROD-001,1,12.9,12.33
ORD-2026-000788,2,PROD-050,1,61.97,60.56
ORD-2026-000788,3,PROD-034,2,9.01,15.51
ORD-2026-000789,1,PROD-001,2,12.9,20.64
ORD-2026-000790,1,PROD-010,1,38.03,35.93
ORD-2026-000791,1,PROD-006,2,32.39,64.26
ORD-2026-000792,1,PROD-025,1,21.97,20.83
ORD-2026-000793,1,PROD-032,3,19.72,50.68
ORD-2026-000794,1,PROD-041,1,11.83,11.22
ORD-2026-000795,1,PROD-004,1,20.28,19.41
ORD-2026-000796,1,PROD-008,1,9.9,9.77
ORD-2026-000796,2,PROD-006,1,32.39,31.5
ORD-2026-000796,3,PROD-033,1,52.11,50.32
ORD-2026-000797,1,PROD-051,1,36.06,35.7
ORD-2026-000798,1,PROD-038,2,7.89,14.02
ORD-2026-000799,1,PROD-025,2,21.97,39.79
ORD-2026-000799,2,PROD-002,1,11.9,7.67
ORD-2026-000800,1,PROD-037,4,9.86,35.84
ORD-2026-000801,1,PROD-012,3,18.5,44.88
ORD-2026-000801,2,PROD-021,1,15.49,13.24
ORD-2026-000802,1,PROD-007,1,17.18,17.03
ORD-2026-000803,1,PROD-006,2,32.39,50.63
ORD-2026-000804,1,PROD-005,1,20.28,19.93
ORD-2026-000805,1,PROD-001,1,12.9,12.49
ORD-2026-000805,2,PROD-004,1,20.28,19.8
ORD-2026-000805,3,PROD-002,2,11.9,23.22
ORD-2026-000806,1,PROD-011,2,14.9,27.87
ORD-2026-000807,1,PROD-007,2,17.18,15.46
ORD-2026-000807,2,PROD-041,1,11.83,6.21
ORD-2026-000808,1,PROD-013,1,11.9,11.71
ORD-2026-000809,1,PROD-024,2,8.73,14.2
ORD-2026-000810,1,PROD-035,1,10.14,7.89
ORD-2026-000810,2,PROD-001,2,12.9,24.62
ORD-2026-000811,1,PROD-006,1,32.39,29.59
ORD-2026-000811,2,PROD-013,1,11.9,10.92
ORD-2026-000811,3,PROD-027,1,21.13,20.74
ORD-2026-000812,1,PROD-017,1,12.5,11.93
ORD-2026-000813,1,PROD-005,1,20.28,16.95
ORD-2026-000814,1,PROD-044,1,40.85,29.78
ORD-2026-000814,2,PROD-004,1,20.28,12.37
ORD-2026-000815,1,PROD-004,1,20.28,19.13
ORD-2026-000815,2,PROD-001,1,12.9,12.72
ORD-2026-000815,3,PROD-003,1,14.37,13.13
ORD-2026-000816,1,PROD-032,1,19.72,18.1
ORD-2026-000816,2,PROD-008,2,9.9,17.29
ORD-2026-000816,3,PROD-040,1,15.21,13.93
ORD-2026-000817,1,PROD-004,2,20.28,38.17
ORD-2026-000817,2,PROD-006,1,32.39,31.53
ORD-2026-000818,1,PROD-004,1,20.28,19.78
ORD-2026-000819,1,PROD-004,1,20.28,18.02
ORD-2026-000820,1,PROD-021,1,15.49,14.35
ORD-2026-000820,2,PROD-014,3,9.9,26.68
ORD-2026-000821,1,PROD-006,1,32.39,29.55
ORD-2026-000822,1,PROD-032,2,19.72,33.11
ORD-2026-000822,2,PROD-038,2,7.89,14.69
ORD-2026-000823,1,PROD-005,1,20.28,19.76
ORD-2026-000824,1,PROD-007,3,17.18,51.42
ORD-2026-000824,2,PROD-021,2,15.49,30.27
ORD-2026-000824,3,PROD-003,2,14.37,27.96
ORD-2026-000824,4,PROD-010,1,38.03,37.02
ORD-2026-000825,1,PROD-001,1,12.9,10.55
ORD-2026-000826,1,PROD-001,1,12.9,11.86
ORD-2026-000826,2,PROD-027,1,21.13,17.77
ORD-2026-000826,3,PROD-034,1,9.01,7.73
ORD-2026-000827,1,PROD-040,4,15.21,54.17
ORD-2026-000827,2,PROD-008,2,9.9,18.15
ORD-2026-000828,1,PROD-041,3,11.83,28.48
ORD-2026-000829,1,PROD-032,3,19.72,58.0
ORD-2026-000829,2,PROD-035,2,10.14,17.97
ORD-2026-000830,1,PROD-051,1,36.06,32.45
ORD-2026-000830,2,PROD-014,1,9.9,9.53
ORD-2026-000831,1,PROD-002,1,11.9,10.96
ORD-2026-000831,2,PROD-034,1,9.01,8.92
ORD-2026-000832,1,PROD-002,1,11.9,10.8
ORD-2026-000832,2,PROD-016,2,8.9,15.94
ORD-2026-000833,1,PROD-007,1,17.18,16.1
ORD-2026-000833,2,PROD-010,1,38.03,32.66
ORD-2026-000834,1,PROD-011,1,14.9,14.15
ORD-2026-000834,2,PROD-048,1,55.77,46.82
ORD-2026-000835,1,PROD-003,3,14.37,42.14
ORD-2026-000836,1,PROD-038,3,7.89,23.23
ORD-2026-000837,1,PROD-021,1,15.49,12.76
ORD-2026-000837,2,PROD-028,1,17.18,15.91
ORD-2026-000837,3,PROD-040,2,15.21,29.47
ORD-2026-000837,4,PROD-026,2,14.65,27.18
ORD-2026-000837,5,PROD-051,1,36.06,26.77
ORD-2026-000838,1,PROD-053,1,53.52,50.03
ORD-2026-000838,2,PROD-023,1,7.89,6.93
ORD-2026-000839,1,PROD-022,1,9.01,8.58
ORD-2026-000839,2,PROD-034,1,9.01,8.58
ORD-2026-000840,1,PROD-006,1,32.39,31.8
ORD-2026-000840,2,PROD-038,3,7.89,19.88
ORD-2026-000841,1,PROD-011,2,14.9,29.0
ORD-2026-000842,1,PROD-001,2,12.9,23.44
ORD-2026-000842,2,PROD-042,1,73.24,65.98
ORD-2026-000842,3,PROD-048,1,55.77,52.5
ORD-2026-000843,1,PROD-005,3,20.28,55.91
ORD-2026-000844,1,PROD-007,1,17.18,16.36
ORD-2026-000845,1,PROD-002,2,11.9,19.52
ORD-2026-000845,2,PROD-034,2,9.01,17.2
ORD-2026-000845,3,PROD-010,3,38.03,101.52
ORD-2026-000846,1,PROD-002,1,11.9,11.18
ORD-2026-000847,1,PROD-036,1,11.55,11.19
ORD-2026-000848,1,PROD-004,1,20.28,16.88
ORD-2026-000848,2,PROD-010,2,38.03,62.38
ORD-2026-000848,3,PROD-033,1,52.11,48.32
ORD-2026-000849,1,PROD-031,1,53.52,52.98
ORD-2026-000849,2,PROD-023,1,7.89,7.45
ORD-2026-000850,1,PROD-060,1,42.25,38.72
ORD-2026-000851,1,PROD-007,1,17.18,16.84
ORD-2026-000852,1,PROD-016,1,8.9,7.46
ORD-2026-000853,1,PROD-016,1,8.9,8.55
ORD-2026-000853,2,PROD-034,2,9.01,17.09
ORD-2026-000853,3,PROD-004,1,20.28,18.67
ORD-2026-000854,1,PROD-003,1,14.37,13.52
ORD-2026-000854,2,PROD-010,2,38.03,70.25
ORD-2026-000855,1,PROD-040,2,15.21,21.19
ORD-2026-000856,1,PROD-012,1,18.5,17.32
ORD-2026-000856,2,PROD-026,1,14.65,10.29
ORD-2026-000856,3,PROD-032,3,19.72,47.01
ORD-2026-000856,4,PROD-005,2,20.28,38.48
ORD-2026-000857,1,PROD-020,2,10.14,18.99
ORD-2026-000858,1,PROD-022,1,9.01,6.65
ORD-2026-000859,1,PROD-001,3,12.9,35.06
ORD-2026-000859,2,PROD-005,1,20.28,19.26
ORD-2026-000859,3,PROD-041,2,11.83,20.83
ORD-2026-000860,1,PROD-036,3,11.55,32.36
ORD-2026-000861,1,PROD-003,2,14.37,28.15
ORD-2026-000862,1,PROD-005,1,20.28,18.49
ORD-2026-000863,1,PROD-047,1,108.45,103.67
ORD-2026-000864,1,PROD-005,1,20.28,18.01
ORD-2026-000865,1,PROD-006,1,32.39,30.33
ORD-2026-000866,1,PROD-047,1,108.45,101.36
ORD-2026-000866,2,PROD-038,2,7.89,13.36
ORD-2026-000867,1,PROD-004,1,20.28,16.14
ORD-2026-000868,1,PROD-051,1,36.06,34.74
ORD-2026-000868,2,PROD-020,1,10.14,9.2
ORD-2026-000869,1,PROD-001,1,12.9,12.26
ORD-2026-000870,1,PROD-004,1,20.28,19.3
ORD-2026-000871,1,PROD-012,1,18.5,18.45
ORD-2026-000872,1,PROD-006,2,32.39,59.19
ORD-2026-000872,2,PROD-005,1,20.28,17.8
ORD-2026-000872,3,PROD-001,1,12.9,11.88
ORD-2026-000872,4,PROD-007,1,17.18,15.43
ORD-2026-000872,5,PROD-004,3,20.28,52.68
ORD-2026-000873,1,PROD-002,2,11.9,18.03
ORD-2026-000874,1,PROD-023,1,7.89,7.15
ORD-2026-000875,1,PROD-007,1,17.18,16.81
ORD-2026-000875,2,PROD-017,1,12.5,11.87
ORD-2026-000876,1,PROD-028,2,17.18,29.66
ORD-2026-000877,1,PROD-005,1,20.28,20.16
ORD-2026-000877,2,PROD-007,2,17.18,32.9
ORD-2026-000878,1,PROD-004,1,20.28,15.45
ORD-2026-000878,2,PROD-034,2,9.01,13.6
ORD-2026-000879,1,PROD-035,1,10.14,9.85
ORD-2026-000880,1,PROD-026,1,14.65,13.98
ORD-2026-000881,1,PROD-008,1,9.9,7.31
ORD-2026-000882,1,PROD-033,1,52.11,48.03
ORD-2026-000882,2,PROD-047,1,108.45,93.4
ORD-2026-000882,3,PROD-005,1,20.28,19.19
ORD-2026-000883,1,PROD-004,2,20.28,38.64
ORD-2026-000884,1,PROD-032,1,19.72,18.53
ORD-2026-000885,1,PROD-006,1,32.39,31.47
ORD-2026-000886,1,PROD-035,1,10.14,9.58
ORD-2026-000887,1,PROD-015,1,26.76,21.7
ORD-2026-000888,1,PROD-005,1,20.28,19.37
ORD-2026-000888,2,PROD-041,1,11.83,10.61
ORD-2026-000889,1,PROD-013,1,11.9,11.32
ORD-2026-000889,2,PROD-031,1,53.52,48.42
ORD-2026-000889,3,PROD-032,1,19.72,18.52
ORD-2026-000889,4,PROD-007,2,17.18,33.82
ORD-2026-000890,1,PROD-001,1,12.9,11.25
ORD-2026-000891,1,PROD-035,2,10.14,17.77
ORD-2026-000891,2,PROD-003,1,14.37,13.91
ORD-2026-000892,1,PROD-036,2,11.55,21.83
ORD-2026-000892,2,PROD-006,1,32.39,27.97
ORD-2026-000893,1,PROD-012,1,18.5,14.48
ORD-2026-000893,2,PROD-001,1,12.9,10.82
ORD-2026-000894,1,PROD-038,2,7.89,12.46
ORD-2026-000894,2,PROD-017,2,12.5,23.61
ORD-2026-000894,3,PROD-020,1,10.14,7.77
ORD-2026-000894,4,PROD-047,1,108.45,89.96
ORD-2026-000894,5,PROD-039,3,8.17,21.33
ORD-2026-000895,1,PROD-032,1,19.72,18.26
ORD-2026-000895,2,PROD-035,2,10.14,14.6
ORD-2026-000895,3,PROD-004,1,20.28,12.95
ORD-2026-000895,4,PROD-034,4,9.01,32.17
ORD-2026-000895,5,PROD-003,2,14.37,24.0
ORD-2026-000896,1,PROD-008,1,9.9,9.65
ORD-2026-000897,1,PROD-006,3,32.39,93.3
ORD-2026-000897,2,PROD-010,1,38.03,37.74
ORD-2026-000898,1,PROD-041,1,11.83,7.36
ORD-2026-000898,2,PROD-003,2,14.37,12.93
ORD-2026-000899,1,PROD-037,1,9.86,9.42
ORD-2026-000900,1,PROD-010,1,38.03,34.09
ORD-2026-000900,2,PROD-035,2,10.14,18.69
ORD-2026-000901,1,PROD-002,2,11.9,23.23
ORD-2026-000902,1,PROD-038,1,7.89,7.0
ORD-2026-000902,2,PROD-035,3,10.14,30.06
ORD-2026-000902,3,PROD-017,1,12.5,12.4
ORD-2026-000903,1,PROD-007,1,17.18,16.82
ORD-2026-000903,2,PROD-016,3,8.9,26.41
ORD-2026-000904,1,PROD-005,1,20.28,18.58
ORD-2026-000904,2,PROD-004,1,20.28,19.8
ORD-2026-000905,1,PROD-002,1,11.9,9.63
ORD-2026-000905,2,PROD-028,1,17.18,14.03
ORD-2026-000906,1,PROD-005,1,20.28,17.88
ORD-2026-000907,1,PROD-003,1,14.37,10.96
ORD-2026-000908,1,PROD-011,2,14.9,21.26
ORD-2026-000909,1,PROD-013,1,11.9,9.98
ORD-2026-000909,2,PROD-058,1,39.44,33.05
ORD-2026-000909,3,PROD-010,1,38.03,36.33
ORD-2026-000910,1,PROD-036,1,11.55,10.55
ORD-2026-000910,2,PROD-006,1,32.39,28.26
ORD-2026-000910,3,PROD-011,2,14.9,17.29
ORD-2026-000911,1,PROD-002,2,11.9,22.18
ORD-2026-000911,2,PROD-026,1,14.65,14.49
ORD-2026-000912,1,PROD-001,1,12.9,12.48
ORD-2026-000912,2,PROD-041,2,11.83,22.32
ORD-2026-000913,1,PROD-006,1,32.39,30.96
ORD-2026-000913,2,PROD-036,2,11.55,22.42
ORD-2026-000913,3,PROD-005,1,20.28,19.96
ORD-2026-000914,1,PROD-041,1,11.83,11.16
ORD-2026-000915,1,PROD-004,1,20.28,17.44
ORD-2026-000916,1,PROD-005,2,20.28,34.35
ORD-2026-000917,1,PROD-016,1,8.9,8.61
ORD-2026-000917,2,PROD-001,2,12.9,25.64
ORD-2026-000918,1,PROD-016,1,8.9,5.7
ORD-2026-000919,1,PROD-002,1,11.9,11.15
ORD-2026-000920,1,PROD-006,1,32.39,30.05
ORD-2026-000921,1,PROD-001,1,12.9,12.19
ORD-2026-000921,2,PROD-002,1,11.9,9.24
ORD-2026-000921,3,PROD-005,2,20.28,39.77
ORD-2026-000922,1,PROD-001,1,12.9,12.47
ORD-2026-000922,2,PROD-004,1,20.28,19.4
ORD-2026-000922,3,PROD-053,1,53.52,47.92
ORD-2026-000923,1,PROD-010,2,38.03,74.41
ORD-2026-000924,1,PROD-003,2,14.37,27.88
ORD-2026-000925,1,PROD-002,2,11.9,22.08
ORD-2026-000925,2,PROD-044,1,40.85,24.42
ORD-2026-000925,3,PROD-050,1,61.97,53.97
ORD-2026-000925,4,PROD-046,1,259.15,250.88
ORD-2026-000926,1,PROD-005,2,20.28,39.46
ORD-2026-000926,2,PROD-035,1,10.14,10.08
ORD-2026-000926,3,PROD-003,1,14.37,13.91
ORD-2026-000927,1,PROD-001,3,12.9,34.97
ORD-2026-000928,1,PROD-040,1,15.21,13.21
ORD-2026-000929,1,PROD-001,1,12.9,12.67
ORD-2026-000929,2,PROD-034,3,9.01,26.54
ORD-2026-000930,1,PROD-002,1,11.9,10.18
ORD-2026-000930,2,PROD-029,1,24.79,19.34
ORD-2026-000931,1,PROD-020,1,10.14,9.19
ORD-2026-000932,1,PROD-051,1,36.06,34.31
ORD-2026-000932,2,PROD-032,1,19.72,17.68
ORD-2026-000933,1,PROD-041,1,11.83,11.14
ORD-2026-000934,1,PROD-032,2,19.72,38.28
ORD-2026-000934,2,PROD-006,1,32.39,30.06
ORD-2026-000935,1,PROD-015,1,26.76,25.03
ORD-2026-000936,1,PROD-034,1,9.01,8.48
ORD-2026-000937,1,PROD-041,1,11.83,10.24
ORD-2026-000938,1,PROD-006,2,32.39,61.4
ORD-2026-000939,1,PROD-037,1,9.86,8.84
 ORD-2026-000940 ,1,PROD-044,1,40.85,40.22
ORD-2026-000941,1,PROD-037,1,9.86,8.8
ORD-2026-000942,1,PROD-025,1,21.97,18.67
ORD-2026-000943,1,PROD-003,3,14.37,39.72
ORD-2026-000943,2,PROD-005,2,20.28,39.34
ORD-2026-000943,3,PROD-041,3,11.83,34.03
ORD-2026-000944,1,PROD-037,3,9.86,28.94
ORD-2026-000945,1,PROD-036,3,11.55,33.7
ORD-2026-000945,2,PROD-053,1,53.52,50.5
ORD-2026-000945,3,PROD-054,1,59.15,58.55
ORD-2026-000946,1,PROD-004,3,20.28,40.61
ORD-2026-000947,1,PROD-036,2,11.55,21.87
ORD-2026-000948,1,PROD-001,2,12.9,25.68
ORD-2026-000949,1,PROD-011,1,14.9,12.06
ORD-2026-000950,1,PROD-002,2,11.9,23.27
ORD-2026-000951,1,PROD-014,1,9.9,8.19
ORD-2026-000952,1,PROD-019,1,29.58,21.5
ORD-2026-000953,1,PROD-012,2,18.5,30.77
ORD-2026-000954,1,PROD-051,2,36.06,64.71
ORD-2026-000954,2,PROD-035,3,10.14,28.22
ORD-2026-000955,1,PROD-001,2,12.9,24.71
ORD-2026-000955,2,PROD-035,1,10.14,9.92
ORD-2026-000956,1,PROD-038,2,7.89,13.54
ORD-2026-000957,1,PROD-003,1,14.37,13.76
ORD-2026-000958,1,PROD-014,1,9.9,9.61
ORD-2026-000959,1,PROD-003,2,14.37,26.16
ORD-2026-000959,2,PROD-032,2,19.72,34.66
ORD-2026-000960,1,PROD-034,2,9.01,13.86
ORD-2026-000961,1,PROD-034,2,9.01,17.5
ORD-2026-000961,2,PROD-007,1,17.18,16.81
ORD-2026-000961,3,PROD-005,2,20.28,38.29
ORD-2026-000962,1,PROD-039,1,8.17,6.55
ORD-2026-000962,2,PROD-019,3,29.58,69.05
ORD-2026-000963,1,PROD-039,2,8.17,15.66
ORD-2026-000963,2,PROD-004,2,20.28,38.47
ORD-2026-000964,1,PROD-001,1,12.9,12.51
ORD-2026-000964,2,PROD-003,3,14.37,41.09
ORD-2026-000965,1,PROD-012,3,18.5,53.31
ORD-2026-000966,1,PROD-016,1,8.9,8.29
ORD-2026-000967,1,PROD-027,1,21.13,19.21
ORD-2026-000967,2,PROD-005,1,20.28,18.49
ORD-2026-000968,1,PROD-042,4,73.24,239.03
ORD-2026-000969,1,PROD-032,3,19.72,43.41
ORD-2026-000970,1,PROD-001,1,12.9,11.34
ORD-2026-000970,2,PROD-035,1,10.14,9.56
ORD-2026-000971,1,PROD-039,1,8.17,7.99
ORD-2026-000971,2,PROD-004,1,20.28,20.1
ORD-2026-000972,1,PROD-004,2,20.28,35.33
ORD-2026-000973,1,PROD-001,1,12.9,12.22
ORD-2026-000974,1,PROD-028,2,17.18,29.59
ORD-2026-000974,2,PROD-023,1,7.89,7.24
ORD-2026-000975,1,PROD-003,1,14.37,14.1
ORD-2026-000976,1,PROD-004,1,20.28,16.1
ORD-2026-000977,1,PROD-005,2,20.28,38.82
ORD-2026-000978,1,PROD-012,1,18.5,17.29
ORD-2026-000978,2,PROD-005,1,20.28,18.29
ORD-2026-000979,1,PROD-020,1,10.14,9.78
ORD-2026-000980,1,PROD-005,1,20.28,18.18
ORD-2026-000981,1,PROD-003,2,14.37,24.72
ORD-2026-000982,1,PROD-002,1,11.9,11.48
ORD-2026-000983,1,PROD-004,1,20.28,19.65
ORD-2026-000984,1,PROD-006,1,32.39,24.72
ORD-2026-000985,1,PROD-040,2,15.21,29.43
ORD-2026-000986,1,PROD-003,2,14.37,27.17
ORD-2026-000987,1,PROD-003,1,14.37,14.21
ORD-2026-000987,2,PROD-020,2,10.14,19.32
ORD-2026-000988,1,PROD-024,1,8.73,4.26
ORD-2026-000989,1,PROD-045,1,72.68,59.13
ORD-2026-000989,2,PROD-041,1,11.83,10.23
ORD-2026-000990,1,PROD-001,2,12.9,24.66
ORD-2026-000991,1,PROD-036,1,11.55,10.41
ORD-2026-000992,1,PROD-001,1,12.9,11.04
ORD-2026-000992,2,PROD-006,2,32.39,52.99
ORD-2026-000992,3,PROD-021,1,15.49,13.88
ORD-2026-000993,1,PROD-020,1,10.14,9.71
ORD-2026-000994,1,PROD-042,1,73.24,70.97
ORD-2026-000994,2,PROD-021,1,15.49,15.1
ORD-2026-000994,3,PROD-035,2,10.14,19.47
ORD-2026-000995,1,PROD-032,4,19.72,77.64
ORD-2026-000996,1,PROD-002,2,11.9,21.26
ORD-2026-000997,1,PROD-004,1,20.28,19.84
ORD-2026-000998,1,PROD-004,2,20.28,38.27
ORD-2026-000998,2,PROD-007,1,17.18,16.37
ORD-2026-000999,1,PROD-012,1,18.5,13.58
ORD-2026-000999,2,PROD-003,1,14.37,11.48
ORD-2026-000999,3,PROD-001,1,12.9,11.37
ORD-2026-001000,1,PROD-003,2,14.37,26.58
ORD-2026-001000,2,PROD-006,3,32.39,89.68
ORD-2026-001000,3,PROD-005,1,20.28,19.08
ORD-2026-001001,1,PROD-008,2,9.9,18.26
ORD-2026-001002,1,PROD-039,1,8.17,7.83
ORD-2026-001002,2,PROD-004,1,20.28,19.17
ORD-2026-001003,1,PROD-029,2,24.79,35.27
ORD-2026-001004,1,PROD-011,2,14.9,26.01
ORD-2026-001004,2,PROD-029,1,24.79,24.3
ORD-2026-001004,3,PROD-032,3,19.72,53.98
ORD-2026-001005,1,PROD-027,2,21.13,38.13
ORD-2026-001006,1,PROD-026,1,14.65,12.78
ORD-2026-001006,2,PROD-032,2,19.72,34.85
ORD-2026-001007,1,PROD-001,1,12.9,11.81
ORD-2026-001007,2,PROD-017,2,12.5,21.8
ORD-2026-001007,3,PROD-005,2,20.28,32.4
ORD-2026-001008,1,PROD-004,3,20.28,47.93
ORD-2026-001009,1,PROD-028,1,17.18,16.63
ORD-2026-001010,1,PROD-014,2,9.9,17.92
ORD-2026-001011,1,PROD-035,2,10.14,19.87
ORD-2026-001012,1,PROD-037,3,9.86,28.26
ORD-2026-001013,1,PROD-052,1,46.48,45.32
ORD-2026-001014,1,PROD-006,2,32.39,57.0
ORD-2026-001015,1,PROD-014,1,9.9,8.71
ORD-2026-001016,1,PROD-005,2,20.28,36.34
ORD-2026-001016,2,PROD-032,2,19.72,37.1
ORD-2026-001017,1,PROD-026,1,14.65,14.23
ORD-2026-001018,1,PROD-005,1,20.28,16.14
ORD-2026-001018,2,PROD-004,2,20.28,37.54
ORD-2026-001018,3,PROD-047,1,108.45,94.82
ORD-2026-001019,1,PROD-059,1,52.11,45.81
ORD-2026-001020,1,PROD-035,4,10.14,37.94
ORD-2026-001021,1,PROD-003,1,14.37,10.32
ORD-2026-001022,1,PROD-004,1,20.28,19.14
ORD-2026-001023,1,PROD-016,2,8.9,16.27
ORD-2026-001024,1,PROD-032,1,19.72,19.59
ORD-2026-001025,1,PROD-038,1,7.89,7.27
ORD-2026-001025,2,PROD-001,1,12.9,12.58
ORD-2026-001025,3,PROD-055,1,74.65,74.2
ORD-2026-001026,1,PROD-003,2,14.37,27.51
ORD-2026-001027,1,PROD-044,1,40.85,36.5
ORD-2026-001027,2,PROD-011,1,14.9,14.41
ORD-2026-001028,1,PROD-011,1,14.9,14.26
ORD-2026-001028,2,PROD-004,1,20.28,19.44
ORD-2026-001028,3,PROD-038,1,7.89,7.5
ORD-2026-001028,4,PROD-005,1,20.28,19.65
ORD-2026-001028,5,PROD-007,1,17.18,15.34
ORD-2026-001029,1,PROD-031,1,53.52,46.28
ORD-2026-001029,2,PROD-001,1,12.9,12.58
ORD-2026-001029,3,PROD-005,1,20.28,19.34
ORD-2026-001029,4,PROD-007,2,17.18,29.63
ORD-2026-001030,1,PROD-001,2,12.9,24.77
ORD-2026-001031,1,PROD-050,1,61.97,56.62
ORD-2026-001032,1,PROD-020,1,10.14,9.53
ORD-2026-001032,2,PROD-033,1,52.11,49.68
ORD-2026-001033,1,PROD-023,2,7.89,15.58
ORD-2026-001034,1,PROD-032,1,19.72,19.53
ORD-2026-001035,1,PROD-003,2,14.37,-28.27
ORD-2026-001035,2,PROD-019,1,29.58,24.05
ORD-2026-001035,3,PROD-056,1,101.41,94.95
ORD-2026-001036,1,PROD-017,1,12.5,11.27
ORD-2026-001037,1,PROD-049,1,80.28,73.69
ORD-2026-001038,1,PROD-004,1,20.28,19.95
ORD-2026-001038,2,PROD-041,2,11.83,22.97
ORD-2026-001038,3,PROD-003,2,14.37,28.28
ORD-2026-001038,4,PROD-029,1,24.79,24.17
ORD-2026-001038,5,PROD-006,2,32.39,63.41
ORD-2026-001039,1,PROD-044,1,40.85,31.34
ORD-2026-001039,2,PROD-004,2,20.28,40.19
ORD-2026-001039,3,PROD-041,1,11.83,10.79
ORD-2026-001040,1,PROD-021,1,15.49,15.08
ORD-2026-001041,1,PROD-032,1,19.72,19.22
ORD-2026-001042,1,PROD-039,2,8.17,14.62
ORD-2026-001043,1,PROD-004,2,20.28,38.67
ORD-2026-001043,2,PROD-032,3,19.72,48.88
ORD-2026-001043,3,PROD-006,1,32.39,-30.61
ORD-2026-001044,1,PROD-002,2,11.9,19.16
ORD-2026-001044,2,PROD-035,1,10.14,7.7
ORD-2026-001044,3,PROD-004,1,20.28,16.08
ORD-2026-001045,1,PROD-004,3,20.28,55.8
ORD-2026-001045,2,PROD-041,1,11.83,10.51
ORD-2026-001046,1,PROD-002,1,11.9,11.12
ORD-2026-001046,2,PROD-014,2,9.9,18.07
ORD-2026-001046,3,PROD-005,1,20.28,18.1
ORD-2026-001046,4,PROD-004,3,20.28,56.99
ORD-2026-001046,5,PROD-060,1,42.25,41.84
ORD-2026-001047,1,PROD-014,2,9.9,18.44
ORD-2026-001048,1,PROD-011,2,14.9,25.26
ORD-2026-001048,2,PROD-048,1,55.77,52.01
ORD-2026-001049,1,PROD-004,2,20.28,40.26
ORD-2026-001050,1,PROD-010,1,38.03,36.8
ORD-2026-001051,1,PROD-010,1,38.03,36.24
ORD-2026-001052,1,PROD-023,2,7.89,10.04
ORD-2026-001053,1,PROD-031,1,53.52,41.35
ORD-2026-001053,2,PROD-021,1,15.49,12.91
ORD-2026-001053,3,PROD-024,1,8.73,6.96
ORD-2026-001054,1,PROD-003,2,14.37,24.99
ORD-2026-001054,2,PROD-019,2,29.58,54.53
ORD-2026-001054,3,PROD-004,2,20.28,37.59
ORD-2026-001055,1,PROD-022,1,9.01,7.76
ORD-2026-001056,1,PROD-039,2,8.17,16.15
ORD-2026-001057,1,PROD-036,3,11.55,34.5
ORD-2026-001058,1,PROD-004,2,20.28,39.61
ORD-2026-001058,2,PROD-005,1,20.28,18.01
ORD-2026-001059,1,PROD-003,2,14.37,28.13
ORD-2026-001060,1,PROD-039,2,8.17,15.33
ORD-2026-001061,1,PROD-034,1,9.01,7.96
ORD-2026-001061,2,PROD-007,1,17.18,16.13
ORD-2026-001062,1,PROD-023,1,7.89,6.92
ORD-2026-001062,2,PROD-030,2,49.3,81.62
ORD-2026-001063,1,PROD-006,1,32.39,30.06
ORD-2026-001063,2,PROD-053,2,53.52,85.45
ORD-2026-001064,1,PROD-001,2,12.9,23.15
ORD-2026-001065,1,PROD-010,1,38.03,35.13
ORD-2026-001065,2,PROD-005,1,20.28,19.87
ORD-2026-001066,1,PROD-034,1,9.01,6.92
ORD-2026-001067,1,PROD-020,1,10.14,9.39
ORD-2026-001068,1,PROD-034,2,9.01,15.45
ORD-2026-001068,2,PROD-006,1,32.39,31.2
ORD-2026-001069,1,PROD-010,3,38.03,106.66
ORD-2026-001070,1,PROD-010,1,38.03,34.19
ORD-2026-001071,1,PROD-005,1,20.28,13.67
ORD-2026-001072,1,PROD-015,1,26.76,21.69
ORD-2026-001072,2,PROD-004,3,20.28,55.95
ORD-2026-001072,3,PROD-038,2,7.89,14.27
ORD-2026-001073,1,PROD-013,1,11.9,9.79
ORD-2026-001073,2,PROD-029,1,24.79,21.13
ORD-2026-001074,1,PROD-002,1,11.9,10.8
ORD-2026-001075,1,PROD-004,3,20.28,52.15
ORD-2026-001075,2,PROD-035,1,10.14,9.86
ORD-2026-001075,3,PROD-005,2,20.28,31.3
ORD-2026-001075,4,PROD-034,1,9.01,8.86
ORD-2026-001075,5,PROD-027,1,21.13,19.65
ORD-2026-001076,1,PROD-041,2,11.83,22.85
ORD-2026-001076,2,PROD-004,1,20.28,19.48
ORD-2026-001077,1,PROD-004,2,20.28,34.47
ORD-2026-001078,1,PROD-004,1,20.28,17.32
ORD-2026-001078,2,PROD-039,1,8.17,6.99
ORD-2026-001079,1,PROD-002,2,11.9,22.96
ORD-2026-001080,1,PROD-004,2,20.28,40.38
ORD-2026-001080,2,PROD-001,1,12.9,11.78
ORD-2026-001081,1,PROD-039,2,8.17,16.1
ORD-2026-001081,2,PROD-038,1,7.89,7.62
ORD-2026-001082,1,PROD-006,1,32.39,25.39
ORD-2026-001083,1,PROD-047,1,108.45,99.45
ORD-2026-001084,1,PROD-050,1,61.97,60.12
ORD-2026-001085,1,PROD-017,3,12.5,21.38
ORD-2026-001086,1,PROD-035,1,10.14,9.58
ORD-2026-001087,1,PROD-005,1,20.28,18.98
ORD-2026-001087,2,PROD-034,1,9.01,8.71
ORD-2026-001088,1,PROD-004,2,20.28,37.16
ORD-2026-001088,2,PROD-012,2,18.5,30.51
ORD-2026-001088,3,PROD-008,1,9.9,8.9
ORD-2026-001089,1,PROD-041,1,11.83,8.96
ORD-2026-001090,1,PROD-004,1,20.28,18.32
ORD-2026-001090,2,PROD-029,1,24.79,20.08
ORD-2026-001091,1,PROD-013,2,11.9,23.62
ORD-2026-001092,1,PROD-006,2,32.39,61.81
ORD-2026-001092,2,PROD-035,2,10.14,19.78
ORD-2026-001093,1,PROD-015,3,26.76,78.58
ORD-2026-001093,2,PROD-001,1,12.9,12.3
ORD-2026-001094,1,PROD-007,2,17.18,28.36
ORD-2026-001095,1,PROD-016,2,8.9,12.1
ORD-2026-001095,2,PROD-005,1,20.28,17.45
ORD-2026-001096,1,PROD-005,1,20.28,18.59
ORD-2026-001096,2,PROD-040,1,15.21,14.24
ORD-2026-001097,1,PROD-002,1,11.9,11.56
ORD-2026-001097,2,PROD-003,1,14.37,13.78
ORD-2026-001097,3,PROD-050,1,61.97,58.74
ORD-2026-001098,1,PROD-008,1,9.9,8.97
ORD-2026-001098,2,PROD-035,1,10.14,8.84
ORD-2026-001099,1,PROD-034,2,9.01,15.42
ORD-2026-001099,2,PROD-023,1,7.89,3.87
ORD-2026-001100,1,PROD-003,1,14.37,8.5
ORD-2026-001101,1,PROD-041,1,11.83,10.39
ORD-2026-001102,1,PROD-001,1,12.9,11.4
ORD-2026-001103,1,PROD-004,1,20.28,14.28
ORD-2026-001104,1,PROD-003,1,14.37,13.66
ORD-2026-001104,2,PROD-034,1,9.01,8.7
ORD-2026-001105,1,PROD-036,1,11.55,10.12
ORD-2026-001105,2,PROD-034,2,9.01,15.73
ORD-2026-001106,1,PROD-020,1,10.14,9.54
ORD-2026-001107,1,PROD-035,2,10.14,20.07
ORD-2026-001107,2,PROD-021,1,15.49,14.56
ORD-2026-001108,1,PROD-001,1,12.9,12.58
ORD-2026-001109,1,PROD-005,2,20.28,37.17
ORD-2026-001110,1,PROD-038,4,7.89,26.96
ORD-2026-001111,1,PROD-005,1,20.28,19.44
ORD-2026-001112,1,PROD-011,1,14.9,13.27
ORD-2026-001113,1,PROD-021,1,15.49,15.45
ORD-2026-001114,1,PROD-041,1,11.83,9.39
ORD-2026-001114,2,PROD-001,1,12.9,9.27
ORD-2026-001114,3,PROD-034,2,9.01,8.51
ORD-2026-001115,1,PROD-002,2,11.9,19.69
ORD-2026-001115,2,PROD-032,2,19.72,36.68
ORD-2026-001115,3,PROD-021,1,15.49,11.41
ORD-2026-001116,1,PROD-033,3,52.11,137.16
ORD-2026-001116,2,PROD-007,2,17.18,31.24
ORD-2026-001116,3,PROD-002,2,11.9,22.71
ORD-2026-001117,1,PROD-008,1,9.9,7.98
ORD-2026-001118,1,PROD-010,1,38.03,36.35
ORD-2026-001118,2,PROD-001,1,12.9,10.03
ORD-2026-001119,1,PROD-007,1,17.18,13.52
ORD-2026-001120,1,PROD-052,1,46.48,41.17
ORD-2026-001120,2,PROD-029,1,24.79,22.41
ORD-2026-001121,1,PROD-003,1,14.37,13.57
ORD-2026-001121,2,PROD-001,1,12.9,12.18
ORD-2026-001122,1,PROD-006,1,32.39,30.16
ORD-2026-001122,2,PROD-010,1,38.03,31.23
ORD-2026-001122,3,PROD-005,1,20.28,18.64
ORD-2026-001122,4,PROD-034,1,9.01,8.73
ORD-2026-001123,1,PROD-013,1,11.9,11.4
ORD-2026-001124,1,PROD-019,1,29.58,23.63
ORD-2026-001125,1,PROD-010,1,38.03,29.25
ORD-2026-001125,2,PROD-034,1,9.01,8.2
ORD-2026-001126,1,PROD-038,1,7.89,6.81
ORD-2026-001127,1,PROD-006,2,32.39,56.3
ORD-2026-001128,1,PROD-001,1,12.9,12.07
ORD-2026-001129,1,PROD-052,1,46.48,41.93
ORD-2026-001130,1,PROD-013,1,11.9,11.23
ORD-2026-001131,1,PROD-027,1,21.13,17.5
ORD-2026-001132,1,PROD-029,1,24.79,24.42
ORD-2026-001133,1,PROD-048,1,55.77,51.61
ORD-2026-001133,2,PROD-001,3,12.9,34.6
ORD-2026-001134,1,PROD-023,1,7.89,7.57
ORD-2026-001135,1,PROD-004,2,20.28,24.44
ORD-2026-001135,2,PROD-041,2,11.83,15.7
ORD-2026-001136,1,PROD-034,1,9.01,7.96
ORD-2026-001137,1,PROD-008,2,9.9,19.23
ORD-2026-001138,1,PROD-016,1,8.9,8.56
ORD-2026-001138,2,PROD-025,1,21.97,20.88
ORD-2026-001138,3,PROD-002,2,11.9,23.54
ORD-2026-001138,4,PROD-040,3,15.21,42.03
ORD-2026-001139,1,PROD-002,1,11.9,11.68
ORD-2026-001140,1,PROD-047,1,108.45,102.31
ORD-2026-001141,1,PROD-032,1,19.72,19.02
ORD-2026-001141,2,PROD-056,1,101.41,92.5
ORD-2026-001142,1,PROD-003,1,14.37,13.9
ORD-2026-001143,1,PROD-003,2,14.37,28.37
ORD-2026-001143,2,PROD-027,1,21.13,20.31
ORD-2026-001144,1,PROD-006,3,32.39,79.44
ORD-2026-001145,1,PROD-028,1,17.18,13.81
ORD-2026-001145,2,PROD-025,1,21.97,18.36
ORD-2026-001146,1,PROD-010,1,38.03,33.68
ORD-2026-001147,1,PROD-004,2,20.28,38.15
ORD-2026-001148,1,PROD-001,1,12.9,11.42
ORD-2026-001149,1,PROD-011,3,14.9,43.65
ORD-2026-001150,1,PROD-022,1,9.01,8.24
ORD-2026-001150,2,PROD-020,1,10.14,9.81
ORD-2026-001150,3,PROD-005,3,20.28,57.04
ORD-2026-001151,1,PROD-026,2,14.65,24.21
ORD-2026-001152,1,PROD-005,2,20.28,39.43
ORD-2026-001153,1,PROD-021,2,15.49,30.56
ORD-2026-001154,1,PROD-008,1,9.9,9.2
ORD-2026-001155,1,PROD-021,1,15.49,14.92
ORD-2026-001156,1,PROD-021,1,15.49,10.07
ORD-2026-001157,1,PROD-005,2,20.28,34.44
ORD-2026-001158,1,PROD-004,2,20.28,37.53
ORD-2026-001158,2,PROD-013,2,11.9,20.8
ORD-2026-001159,1,PROD-034,2,9.01,16.23
ORD-2026-001159,2,PROD-005,1,20.28,18.13
ORD-2026-001160,1,PROD-017,1,12.5,11.98
ORD-2026-001161,1,PROD-004,2,20.28,39.92
ORD-2026-001162,1,PROD-007,1,17.18,15.5
ORD-2026-001163,1,PROD-006,1,32.39,27.65
ORD-2026-001163,2,PROD-044,1,40.85,33.68
ORD-2026-001163,3,PROD-035,2,10.14,17.49
ORD-2026-001164,1,PROD-005,1,20.28,19.69
ORD-2026-001164,2,PROD-027,2,21.13,40.95
ORD-2026-001165,1,PROD-016,1,8.9,7.61
ORD-2026-001166,1,PROD-004,2,20.28,36.03
ORD-2026-001166,2,PROD-002,1,11.9,9.37
ORD-2026-001166,3,PROD-027,1,21.13,19.33
ORD-2026-001167,1,PROD-010,1,38.03,35.56
ORD-2026-001168,1,PROD-027,1,21.13,19.54
ORD-2026-001168,2,PROD-028,1,17.18,14.95
ORD-2026-001169,1,PROD-045,1,72.68,72.26
ORD-2026-001170,1,PROD-010,1,38.03,33.65
ORD-2026-001170,2,PROD-056,1,101.41,100.84
ORD-2026-001171,1,PROD-001,1,12.9,12.38
ORD-2026-001171,2,PROD-041,2,11.83,20.01
ORD-2026-001172,1,PROD-035,1,10.14,8.5
ORD-2026-001173,1,PROD-001,1,12.9,11.28
ORD-2026-001173,2,PROD-041,2,11.83,17.7
ORD-2026-001174,1,PROD-005,2,20.28,39.9
ORD-2026-001174,2,PROD-001,1,12.9,12.43
ORD-2026-001175,1,PROD-020,2,10.14,18.21
ORD-2026-001175,2,PROD-036,3,11.55,33.25
ORD-2026-001175,3,PROD-022,1,9.01,7.79
ORD-2026-001176,1,PROD-023,1,7.89,7.6
ORD-2026-001177,1,PROD-006,2,32.39,63.37
ORD-2026-001177,2,PROD-024,1,8.73,7.72
ORD-2026-001177,3,PROD-005,1,20.28,19.91
ORD-2026-001178,1,PROD-022,2,9.01,17.43
ORD-2026-001179,1,PROD-032,1,19.72,18.4
ORD-2026-001180,1,PROD-017,1,12.5,10.01
ORD-2026-001181,1,PROD-007,1,17.18,15.35
ORD-2026-001182,1,PROD-004,1,20.28,19.74
ORD-2026-001183,1,PROD-019,2,29.58,58.5
ORD-2026-001183,2,PROD-004,1,20.28,19.75
ORD-2026-001184,1,PROD-004,1,20.28,19.18
ORD-2026-001184,2,PROD-023,1,7.89,6.57
ORD-2026-001184,3,PROD-001,3,12.9,28.54
ORD-2026-001185,1,PROD-024,1,8.73,8.16
ORD-2026-001186,1,PROD-004,2,20.28,40.16
ORD-2026-001187,1,PROD-047,1,108.45,98.26
ORD-2026-001187,2,PROD-034,1,9.01,7.48
ORD-2026-001188,1,PROD-040,1,15.21,14.7
ORD-2026-001189,1,PROD-010,2,38.03,66.94
ORD-2026-001190,1,PROD-003,1,14.37,14.2
ORD-2026-001191,1,PROD-014,1,9.9,9.64
ORD-2026-001191,2,PROD-005,1,20.28,19.55
ORD-2026-001192,1,PROD-001,2,12.9,21.01
ORD-2026-001193,1,PROD-017,2,12.5,22.35
ORD-2026-001194,1,PROD-038,2,7.89,14.41
ORD-2026-001195,1,PROD-004,1,20.28,17.1
ORD-2026-001196,1,PROD-033,3,52.11,152.34
ORD-2026-001196,2,PROD-020,1,10.14,9.69
ORD-2026-001197,1,PROD-007,3,17.18,50.66
ORD-2026-001198,1,PROD-006,1,32.39,30.69
ORD-2026-001198,2,PROD-005,2,20.28,39.76
ORD-2026-001198,3,PROD-007,1,17.18,16.54
ORD-2026-001199,1,PROD-001,3,12.9,38.07
ORD-2026-001199,2,PROD-041,2,11.83,23.22
ORD-2026-001199,3,PROD-016,1,8.9,8.74
ORD-2026-001200,1,PROD-004,3,20.28,59.95
ORD-2026-001201,1,PROD-008,2,9.9,18.76
ORD-2026-001201,2,PROD-004,2,20.28,39.59
ORD-2026-001202,1,PROD-034,1,9.01,8.61
ORD-2026-001202,2,PROD-024,2,8.73,7.86
ORD-2026-001203,1,PROD-005,1,20.28,19.81
ORD-2026-001204,1,PROD-001,1,12.9,11.41
ORD-2026-001204,2,PROD-041,3,11.83,32.11
ORD-2026-001205,1,PROD-024,1,8.73,8.25
ORD-2026-001205,2,PROD-030,1,49.3,44.37
ORD-2026-001206,1,PROD-001,1,12.9,12.33
ORD-2026-001206,2,PROD-002,1,11.9,11.69
ORD-2026-001206,3,PROD-034,1,9.01,8.93
ORD-2026-001206,4,PROD-004,2,20.28,36.41
ORD-2026-001207,1,PROD-041,1,11.83,11.58
ORD-2026-001208,1,PROD-006,1,32.39,28.9
ORD-2026-001209,1,PROD-001,1,12.9,8.55
ORD-2026-001210,1,PROD-049,1,80.28,65.11
ORD-2026-001210,2,PROD-005,1,20.28,14.72
ORD-2026-001211,1,PROD-001,2,12.9,23.07
ORD-2026-001211,2,PROD-024,1,8.73,7.51
ORD-2026-001212,1,PROD-001,2,12.9,25.28
ORD-2026-001213,1,PROD-033,1,52.11,38.29
ORD-2026-001213,2,PROD-023,2,7.89,10.57
ORD-2026-001214,1,PROD-001,2,12.9,17.03
ORD-2026-001215,1,PROD-027,2,21.13,28.44
ORD-2026-001215,2,PROD-041,1,11.83,10.1
ORD-2026-001215,3,PROD-055,1,74.65,74.08
ORD-2026-001216,1,PROD-007,1,17.18,16.65
ORD-2026-001216,2,PROD-040,1,15.21,15.04
ORD-2026-001216,3,PROD-008,3,9.9,28.94
ORD-2026-001217,1,PROD-005,2,20.28,38.79
ORD-2026-001218,1,PROD-006,2,32.39,49.08
ORD-2026-001219,1,PROD-053,1,53.52,52.65
ORD-2026-001219,2,PROD-028,1,17.18,16.71
ORD-2026-001220,1,PROD-001,1,12.9,10.43
ORD-2026-001221,1,PROD-001,1,12.9,11.56
ORD-2026-001222,1,PROD-007,2,17.18,31.39
ORD-2026-001223,1,PROD-004,1,20.28,19.38
ORD-2026-001224,1,PROD-034,1,9.01,7.64
ORD-2026-001225,1,PROD-011,1,14.9,14.58
ORD-2026-001226,1,PROD-040,1,15.21,-14.93
ORD-2026-001226,2,PROD-003,2,14.37,23.68
ORD-2026-001227,1,PROD-001,1,12.9,10.8
ORD-2026-001227,2,PROD-039,2,8.17,16.15
ORD-2026-001227,3,PROD-033,1,52.11,45.65
ORD-2026-001228,1,PROD-003,1,14.37,12.99
ORD-2026-001229,1,PROD-026,1,14.65,13.45
ORD-2026-001230,1,PROD-004,1,20.28,18.02
ORD-2026-001231,1,PROD-005,2,20.28,39.25
ORD-2026-001231,2,PROD-006,1,32.39,28.85
ORD-2026-001232,1,PROD-015,1,26.76,-24.7
ORD-2026-001233,1,PROD-030,1,49.3,39.07
ORD-2026-001234,1,PROD-005,1,20.28,17.27
ORD-2026-001234,2,PROD-004,2,20.28,38.95
ORD-2026-001234,3,PROD-001,1,12.9,11.4
ORD-2026-001234,4,PROD-041,1,11.83,9.67
ORD-2026-001235,1,PROD-001,2,12.9,25.57
ORD-2026-001235,2,PROD-004,1,20.28,19.13
ORD-2026-001235,3,PROD-016,1,8.9,8.45
ORD-2026-001236,1,PROD-034,2,9.01,16.8
ORD-2026-001237,1,PROD-004,1,20.28,17.43
ORD-2026-001237,2,PROD-001,1,12.9,11.28
ORD-2026-001238,1,PROD-011,1,14.9,12.78
ORD-2026-001238,2,PROD-008,1,9.9,7.41
ORD-2026-001239,1,PROD-001,3,12.9,33.78
ORD-2026-001239,2,PROD-010,1,38.03,24.5
ORD-2026-001240,1,PROD-027,1,21.13,12.79
ORD-2026-001241,1,PROD-014,1,9.9,9.13
ORD-2026-001241,2,PROD-007,1,17.18,16.85
ORD-2026-001242,1,PROD-024,1,8.73,8.36
ORD-2026-001243,1,PROD-036,1,11.55,10.73
ORD-2026-001243,2,PROD-002,1,11.9,11.37
ORD-2026-001244,1,PROD-004,2,20.28,35.11
ORD-2026-001244,2,PROD-016,1,8.9,8.1
ORD-2026-001245,1,PROD-002,1,11.9,11.71
ORD-2026-001246,1,PROD-003,1,14.37,13.93
ORD-2026-001246,2,PROD-041,2,11.83,21.54
ORD-2026-001246,3,PROD-020,2,10.14,16.97
ORD-2026-001247,1,PROD-032,1,19.72,16.77
ORD-2026-001248,1,PROD-016,2,8.9,15.73
ORD-2026-001248,2,PROD-002,2,11.9,22.84
ORD-2026-001248,3,PROD-006,1,32.39,32.29
ORD-2026-001249,1,PROD-002,1,11.9,11.38
ORD-2026-001249,2,PROD-028,1,17.18,16.65
ORD-2026-001250,1,PROD-001,1,12.9,12.63
ORD-2026-001250,2,PROD-035,2,10.14,19.43
ORD-2026-001250,3,PROD-023,2,7.89,14.81
ORD-2026-001250,4,PROD-017,1,12.5,12.4
ORD-2026-001251,1,PROD-045,1,72.68,60.16
ORD-2026-001252,1,PROD-022,2,9.01,14.86
ORD-2026-001253,1,PROD-027,1,21.13,16.39
ORD-2026-001253,2,PROD-032,1,19.72,16.53
ORD-2026-001254,1,PROD-012,2,18.5,35.73
ORD-2026-001255,1,PROD-034,1,9.01,8.73
ORD-2026-001256,1,PROD-006,1,32.39,30.02
ORD-2026-001256,2,PROD-003,2,14.37,24.87
ORD-2026-001257,1,PROD-011,1,14.9,12.96
ORD-2026-001257,2,PROD-027,2,21.13,35.24
ORD-2026-001258,1,PROD-010,1,38.03,35.26
ORD-2026-001259,1,PROD-001,1,12.9,10.86
ORD-2026-001259,2,PROD-008,1,9.9,8.49
ORD-2026-001260,1,PROD-004,3,20.28,50.11
ORD-2026-001260,2,PROD-023,1,7.89,-7.07
ORD-2026-001260,3,PROD-028,1,17.18,16.7
ORD-2026-001261,1,PROD-024,2,8.73,12.1
ORD-2026-001261,2,PROD-034,2,9.01,16.81
ORD-2026-001262,1,PROD-034,1,9.01,7.71
ORD-2026-001262,2,PROD-037,3,9.86,29.06
ORD-2026-001263,1,PROD-016,1,8.9,7.86
ORD-2026-001264,1,PROD-016,2,8.9,15.33
ORD-2026-001265,1,PROD-029,1,24.79,23.48
ORD-2026-001266,1,PROD-032,4,19.72,73.8
ORD-2026-001266,2,PROD-017,2,12.5,18.86
ORD-2026-001266,3,PROD-026,1,14.65,11.99
ORD-2026-001267,1,PROD-005,1,20.28,19.12
ORD-2026-001268,1,PROD-004,1,20.28,19.21
ORD-2026-001269,1,PROD-005,1,20.28,19.27
ORD-2026-001270,1,PROD-038,1,7.89,7.4
ORD-2026-001271,1,PROD-001,2,12.9,24.5
ORD-2026-001271,2,PROD-041,1,11.83,11.49
ORD-2026-001271,3,PROD-017,2,12.5,22.27
ORD-2026-001272,1,PROD-001,1,12.9,12.58
ORD-2026-001273,1,PROD-011,1,14.9,14.48
ORD-2026-001273,2,PROD-007,2,17.18,33.84
ORD-2026-001274,1,PROD-007,1,17.18,14.45
ORD-2026-001275,1,PROD-008,3,9.9,26.09
ORD-2026-001276,1,PROD-003,1,14.37,9.76
ORD-2026-001276,2,PROD-037,2,9.86,18.6
ORD-2026-001277,1,PROD-004,1,20.28,18.83
ORD-2026-001278,1,PROD-016,2,8.9,15.29
ORD-2026-001278,2,PROD-038,2,7.89,14.2
ORD-2026-001279,1,PROD-023,1,7.89,7.48
ORD-2026-001279,2,PROD-005,2,20.28,40.13
ORD-2026-001280,1,PROD-026,1,14.65,14.53
ORD-2026-001281,1,PROD-006,3,32.39,94.97
ORD-2026-001282,1,PROD-002,1,11.9,11.64
ORD-2026-001282,2,PROD-039,1,8.17,7.4
ORD-2026-001283,1,PROD-005,1,20.28,18.24
ORD-2026-001284,1,PROD-041,1,11.83,8.91
ORD-2026-001285,1,PROD-003,1,14.37,10.21
ORD-2026-001285,2,PROD-004,2,20.28,27.66
ORD-2026-001285,3,PROD-039,1,8.17,7.87
ORD-2026-001286,1,PROD-004,2,20.28,37.26
ORD-2026-001286,2,PROD-011,1,14.9,13.84
ORD-2026-001287,1,PROD-016,2,8.9,16.36
ORD-2026-001287,2,PROD-041,1,11.83,9.85
ORD-2026-001288,1,PROD-035,1,10.14,9.27
ORD-2026-001289,1,PROD-002,2,11.9,19.14
ORD-2026-001289,2,PROD-041,1,11.83,9.97
ORD-2026-001290,1,PROD-003,2,14.37,26.69
ORD-2026-001291,1,PROD-002,1,11.9,10.46
ORD-2026-001292,1,PROD-020,1,10.14,8.54
ORD-2026-001292,2,PROD-023,2,7.89,11.81
ORD-2026-001292,3,PROD-037,2,9.86,17.1
ORD-2026-001293,1,PROD-004,2,20.28,39.89
ORD-2026-001294,1,PROD-041,1,11.83,10.82
ORD-2026-001294,2,PROD-004,2,20.28,31.68
ORD-2026-001294,3,PROD-032,1,19.72,18.41
ORD-2026-001295,1,PROD-014,1,9.9,6.92
ORD-2026-001295,2,PROD-005,1,20.28,19.11
ORD-2026-001296,1,PROD-004,2,20.28,34.69
ORD-2026-001296,2,PROD-011,1,14.9,13.69
ORD-2026-001297,1,PROD-004,1,20.28,17.8
ORD-2026-001298,1,PROD-053,1,53.52,52.72
ORD-2026-001299,1,PROD-010,3,38.03,95.35
ORD-2026-001299,2,PROD-001,3,12.9,28.59
ORD-2026-001300,1,PROD-041,1,11.83,10.76
ORD-2026-001300,2,PROD-045,1,72.68,67.13
ORD-2026-001301,1,PROD-050,1,61.97,59.97
ORD-2026-001302,1,PROD-002,2,11.9,22.28
ORD-2026-001302,2,PROD-046,2,259.15,436.88
ORD-2026-001303,1,PROD-003,1,14.37,13.43
ORD-2026-001304,1,PROD-020,1,10.14,8.74
ORD-2026-001304,2,PROD-052,1,46.48,38.65
ORD-2026-001305,1,PROD-035,1,10.14,9.62
ORD-2026-001306,1,PROD-029,1,24.79,21.84
ORD-2026-001307,1,PROD-005,1,20.28,18.88
ORD-2026-001308,1,PROD-031,2,53.52,97.51
ORD-2026-001308,2,PROD-005,1,20.28,19.16
ORD-2026-001308,3,PROD-004,1,20.28,19.02
ORD-2026-001308,4,PROD-038,2,7.89,14.45
ORD-2026-001308,5,PROD-025,1,21.97,21.59
ORD-2026-001309,1,PROD-051,1,36.06,32.19
ORD-2026-001309,2,PROD-034,4,9.01,33.31
ORD-2026-001310,1,PROD-007,2,17.18,33.92
ORD-2026-001310,2,PROD-026,2,14.65,25.78
ORD-2026-001311,1,PROD-005,1,20.28,19.35
ORD-2026-001311,2,PROD-034,3,9.01,25.59
ORD-2026-001312,1,PROD-002,1,11.9,10.36
ORD-2026-001313,1,PROD-002,1,11.9,10.67
ORD-2026-001314,1,PROD-004,1,20.28,16.94
ORD-2026-001315,1,PROD-005,1,20.28,19.25
ORD-2026-001316,1,PROD-014,1,9.9,8.36
ORD-2026-001317,1,PROD-036,1,11.55,9.61
ORD-2026-001318,1,PROD-001,1,12.9,11.96
ORD-2026-001319,1,PROD-003,3,14.37,41.86
ORD-2026-001319,2,PROD-034,2,9.01,16.91
ORD-2026-001319,3,PROD-026,1,14.65,14.14
ORD-2026-001320,1,PROD-038,3,7.89,14.0
ORD-2026-001321,1,PROD-007,1,17.18,16.39
ORD-2026-001322,1,PROD-008,2,9.9,17.44
ORD-2026-001322,2,PROD-005,2,20.28,27.47
ORD-2026-001322,3,PROD-040,1,15.21,13.2
ORD-2026-001322,4,PROD-031,1,53.52,42.57
ORD-2026-001322,5,PROD-007,1,17.18,14.89
ORD-2026-001323,1,PROD-028,1,17.18,13.75
ORD-2026-001323,2,PROD-027,2,21.13,32.84
ORD-2026-001324,1,PROD-005,2,20.28,33.36
ORD-2026-001324,2,PROD-017,1,12.5,10.51
ORD-2026-001324,3,PROD-048,1,55.77,49.75
ORD-2026-001325,1,PROD-007,1,17.18,14.06
ORD-2026-001325,2,PROD-016,1,8.9,8.4
ORD-2026-001326,1,PROD-044,1,40.85,36.01
ORD-2026-001326,2,PROD-016,1,8.9,8.42
ORD-2026-001327,1,PROD-005,1,20.28,17.01
ORD-2026-001328,1,PROD-037,1,9.86,9.4
ORD-2026-001329,1,PROD-051,1,36.06,35.64
ORD-2026-001329,2,PROD-005,1,20.28,20.1
ORD-2026-001330,1,PROD-036,2,11.55,22.22
ORD-2026-001331,1,PROD-007,1,17.18,17.0
ORD-2026-001332,1,PROD-006,2,32.39,45.34
ORD-2026-001333,1,PROD-001,1,12.9,11.75
ORD-2026-001334,1,PROD-008,2,9.9,18.29
ORD-2026-001335,1,PROD-048,1,55.77,31.74
ORD-2026-001336,1,PROD-006,1,32.39,32.09
ORD-2026-001337,1,PROD-001,1,12.9,8.93
ORD-2026-001338,1,PROD-003,1,14.37,11.43
ORD-2026-001339,1,PROD-002,2,11.9,22.75
ORD-2026-001339,2,PROD-054,1,59.15,54.24
ORD-2026-001340,1,PROD-005,2,20.28,38.58
ORD-2026-001340,2,PROD-033,2,52.11,100.76
ORD-2026-001341,1,PROD-006,3,32.39,94.23
ORD-2026-001341,2,PROD-038,3,7.89,23.35
ORD-2026-001342,1,PROD-005,1,20.28,18.82
ORD-2026-001342,2,PROD-002,3,11.9,34.86
ORD-2026-001343,1,PROD-006,2,32.39,59.35
ORD-2026-001343,2,PROD-008,2,9.9,19.67
ORD-2026-001344,1,PROD-001,1,12.9,10.97
ORD-2026-001345,1,PROD-003,1,14.37,14.09
ORD-2026-001346,1,PROD-007,1,17.18,14.83
ORD-2026-001346,2,PROD-001,1,12.9,12.15
ORD-2026-001347,1,PROD-013,1,11.9,11.47
ORD-2026-001347,2,PROD-041,1,11.83,11.2
ORD-2026-001347,3,PROD-010,1,38.03,32.84
ORD-2026-001348,1,PROD-001,1,12.9,12.38
ORD-2026-001348,2,PROD-004,1,20.28,19.67
ORD-2026-001349,1,PROD-004,2,20.28,36.18
ORD-2026-001350,1,PROD-002,2,11.9,22.71
ORD-2026-001351,1,PROD-006,1,32.39,31.78
ORD-2026-001352,1,PROD-002,2,11.9,21.26
ORD-2026-001352,2,PROD-008,2,9.9,16.98
ORD-2026-001352,3,PROD-005,2,20.28,30.51
ORD-2026-001353,1,PROD-002,2,11.9,22.69
ORD-2026-001354,1,PROD-003,1,14.37,11.38
ORD-2026-001354,2,PROD-005,1,20.28,17.68
ORD-2026-001354,3,PROD-037,2,9.86,19.18
ORD-2026-001355,1,PROD-007,2,17.18,34.03
ORD-2026-001356,1,PROD-004,2,20.28,33.69
ORD-2026-001357,1,PROD-004,2,20.28,28.58
ORD-2026-001357,2,PROD-034,1,9.01,6.01
ORD-2026-001358,1,PROD-038,1,7.89,7.1
ORD-2026-001359,1,PROD-001,1,12.9,12.0
ORD-2026-001360,1,PROD-013,1,11.9,11.48
ORD-2026-001361,1,PROD-001,1,12.9,12.54
ORD-2026-001362,1,PROD-001,1,12.9,11.39
ORD-2026-001363,1,PROD-023,2,7.89,14.93
ORD-2026-001363,2,PROD-008,1,9.9,9.55
ORD-2026-001364,1,PROD-001,1,12.9,12.3
ORD-2026-001364,2,PROD-035,1,10.14,9.42
ORD-2026-001364,3,PROD-005,2,20.28,37.18
ORD-2026-001365,1,PROD-005,1,20.28,18.23
ORD-2026-001365,2,PROD-014,2,9.9,18.61
ORD-2026-001366,1,PROD-003,2,14.37,25.36
ORD-2026-001367,1,PROD-004,1,20.28,19.71
ORD-2026-001368,1,PROD-004,1,20.28,17.91
ORD-2026-001369,1,PROD-001,1,12.9,12.79
ORD-2026-001369,2,PROD-047,1,108.45,102.07
ORD-2026-001370,1,PROD-049,1,80.28,78.71
ORD-2026-001371,1,PROD-033,2,52.11,102.33
ORD-2026-001371,2,PROD-044,1,40.85,40.17
ORD-2026-001371,3,PROD-026,1,14.65,14.27
ORD-2026-001372,1,PROD-011,1,14.9,13.77
ORD-2026-001372,2,PROD-005,1,20.28,19.09
ORD-2026-001373,1,PROD-007,1,17.18,15.85
ORD-2026-001373,2,PROD-005,1,20.28,20.07
ORD-2026-001373,3,PROD-035,1,10.14,9.92
ORD-2026-001374,1,PROD-029,1,24.79,23.51
ORD-2026-001375,1,PROD-051,1,36.06,33.65
ORD-2026-001375,2,PROD-003,2,14.37,23.81
ORD-2026-001376,1,PROD-005,2,20.28,38.24
ORD-2026-001376,2,PROD-001,1,12.9,10.8
ORD-2026-001376,3,PROD-008,2,9.9,15.1
ORD-2026-001376,4,PROD-028,1,17.18,16.17
ORD-2026-001377,1,PROD-004,2,20.28,38.45
ORD-2026-001377,2,PROD-031,2,53.52,99.58
ORD-2026-001378,1,PROD-003,1,14.37,13.75
ORD-2026-001379,1,PROD-054,1,59.15,55.46
ORD-2026-001380,1,PROD-020,1,10.14,9.53
ORD-2026-001380,2,PROD-022,2,9.01,16.69
ORD-2026-001380,3,PROD-037,2,9.86,17.44
ORD-2026-001381,1,PROD-058,1,39.44,37.02
ORD-2026-001382,1,PROD-038,4,7.89,29.71
ORD-2026-001383,1,PROD-004,1,20.28,19.12
ORD-2026-001383,2,PROD-020,1,10.14,9.74
ORD-2026-001384,1,PROD-003,1,14.37,11.92
ORD-2026-001385,1,PROD-001,1,12.9,12.26
ORD-2026-001386,1,PROD-023,1,7.89,7.01
ORD-2026-001387,1,PROD-003,1,14.37,13.94
ORD-2026-001388,1,PROD-007,1,17.18,15.3
ORD-2026-001388,2,PROD-040,3,15.21,43.81
ORD-2026-001388,3,PROD-027,2,21.13,39.05
ORD-2026-001389,1,PROD-047,1,108.45,89.0
ORD-2026-001389,2,PROD-017,1,12.5,11.77
ORD-2026-001390,1,PROD-001,2,12.9,23.2
ORD-2026-001391,1,PROD-041,1,11.83,11.04
ORD-2026-001392,1,PROD-004,2,20.28,37.91
ORD-2026-001393,1,PROD-035,1,10.14,9.36
ORD-2026-001394,1,PROD-021,2,15.49,29.59
ORD-2026-001394,2,PROD-005,1,20.28,18.3
ORD-2026-001395,1,PROD-010,3,38.03,93.71
ORD-2026-001396,1,PROD-036,4,11.55,43.52
ORD-2026-001396,2,PROD-001,1,12.9,12.42
ORD-2026-001397,1,PROD-040,1,15.21,14.2
ORD-2026-001397,2,PROD-003,1,14.37,11.06
ORD-2026-001397,3,PROD-006,1,32.39,27.4
ORD-2026-001398,1,PROD-036,1,11.55,11.03
ORD-2026-001399,1,PROD-027,2,21.13,40.13
ORD-2026-001399,2,PROD-053,1,53.52,49.53
ORD-2026-001399,3,PROD-032,4,19.72,74.87
ORD-2026-001400,1,PROD-048,1,55.77,53.23
ORD-2026-001401,1,PROD-001,2,12.9,21.74
ORD-2026-001402,1,PROD-004,1,20.28,19.4
ORD-2026-001403,1,PROD-048,1,55.77,51.17
ORD-2026-001403,2,PROD-034,1,9.01,8.43
ORD-2026-001404,1,PROD-001,1,12.9,12.33
ORD-2026-001404,2,PROD-004,1,20.28,0.0
ORD-2026-001405,1,PROD-054,1,59.15,52.61
ORD-2026-001406,1,PROD-003,1,14.37,13.87
ORD-2026-001406,2,PROD-051,1,36.06,35.19
ORD-2026-001407,1,PROD-001,1,12.9,12.69
ORD-2026-001408,1,PROD-007,2,17.18,31.21
ORD-2026-001409,1,PROD-010,2,38.03,73.29
ORD-2026-001409,2,PROD-002,1,11.9,0.0
ORD-2026-001410,1,PROD-015,2,26.76,52.68
ORD-2026-001411,1,PROD-038,3,7.89,22.87
ORD-2026-001412,1,PROD-002,1,11.9,10.87
ORD-2026-001413,1,PROD-041,1,11.83,8.23
ORD-2026-001413,2,PROD-050,1,61.97,45.01
ORD-2026-001413,3,PROD-007,3,17.18,44.55
ORD-2026-001414,1,PROD-035,3,10.14,26.97
ORD-2026-001414,2,PROD-003,2,14.37,24.0
ORD-2026-001414,3,PROD-005,2,20.28,39.27
ORD-2026-001414,4,PROD-029,1,24.79,23.55
ORD-2026-001415,1,PROD-038,2,7.89,14.35
ORD-2026-001416,1,PROD-002,1,11.9,10.19
ORD-2026-001417,1,PROD-003,1,14.37,14.0
ORD-2026-001418,1,PROD-007,3,17.18,46.32
ORD-2026-001419,1,PROD-023,1,7.89,7.22
ORD-2026-001420,1,PROD-003,2,14.37,28.4
ORD-2026-001421,1,PROD-004,1,20.28,15.36
ORD-2026-001421,2,PROD-012,2,18.5,32.18
ORD-2026-001422,1,PROD-002,2,11.9,21.03
ORD-2026-001423,1,PROD-004,2,20.28,39.35
ORD-2026-001424,1,PROD-041,2,11.83,18.41
ORD-2026-001424,2,PROD-016,1,8.9,8.7
ORD-2026-001425,1,PROD-002,1,11.9,11.87
ORD-2026-001425,2,PROD-041,1,11.83,11.33
ORD-2026-001425,3,PROD-005,3,20.28,57.87
ORD-2026-001426,1,PROD-001,1,12.9,12.25
ORD-2026-001427,1,PROD-039,1,8.17,7.21
ORD-2026-001427,2,PROD-008,2,9.9,15.52
ORD-2026-001427,3,PROD-005,1,20.28,14.53
ORD-2026-001428,1,PROD-005,1,20.28,19.19
ORD-2026-001429,1,PROD-005,2,20.28,39.06
ORD-2026-001430,1,PROD-001,1,12.9,12.31
ORD-2026-001431,1,PROD-047,1,108.45,106.3
ORD-2026-001432,1,PROD-024,1,8.73,8.58
ORD-2026-001433,1,PROD-004,1,20.28,17.53
ORD-2026-001434,1,PROD-001,2,12.9,24.5
ORD-2026-001435,1,PROD-034,1,9.01,8.48
ORD-2026-001436,1,PROD-037,3,9.86,29.31
ORD-2026-001436,2,PROD-028,1,17.18,16.63
ORD-2026-001437,1,PROD-002,3,11.9,34.69
ORD-2026-001438,1,PROD-006,1,32.39,0.0
ORD-2026-001438,2,PROD-013,1,11.9,11.79
ORD-2026-001438,3,PROD-034,1,9.01,8.71
ORD-2026-001439,1,PROD-002,1,11.9,11.52
ORD-2026-001439,2,PROD-032,2,19.72,32.17
ORD-2026-001439,3,PROD-056,1,101.41,94.62
ORD-2026-001439,4,PROD-040,2,15.21,27.3
ORD-2026-001440,1,PROD-016,1,8.9,8.41
ORD-2026-001441,1,PROD-001,1,12.9,12.75
ORD-2026-001441,2,PROD-034,1,9.01,8.43
ORD-2026-001442,1,PROD-021,2,15.49,26.56
ORD-2026-001443,1,PROD-001,1,12.9,11.98
ORD-2026-001443,2,PROD-035,3,10.14,21.19
ORD-2026-001444,1,PROD-003,1,14.37,10.08
ORD-2026-001444,2,PROD-005,1,20.28,15.06
ORD-2026-001445,1,PROD-023,1,7.89,6.86
ORD-2026-001445,2,PROD-041,1,11.83,9.74
ORD-2026-001446,1,PROD-007,2,17.18,33.32
ORD-2026-001446,2,PROD-035,2,10.14,16.57
ORD-2026-001446,3,PROD-044,1,40.85,40.16
ORD-2026-001446,4,PROD-020,1,10.14,9.81
ORD-2026-001446,5,PROD-006,2,32.39,59.95
ORD-2026-001447,1,PROD-038,1,7.89,6.41
ORD-2026-001447,2,PROD-049,2,80.28,124.37
ORD-2026-001448,1,PROD-006,2,32.39,63.37
ORD-2026-001449,1,PROD-008,1,9.9,9.43
ORD-2026-001450,1,PROD-014,1,9.9,7.54
ORD-2026-001450,2,PROD-034,1,9.01,8.13
ORD-2026-001450,3,PROD-027,1,21.13,18.6
ORD-2026-001450,4,PROD-016,3,8.9,24.22
ORD-2026-001450,5,PROD-001,2,12.9,15.54
ORD-2026-001451,1,PROD-042,2,73.24,115.97
ORD-2026-001452,1,PROD-008,2,9.9,19.62
ORD-2026-001452,2,PROD-041,2,11.83,23.32
ORD-2026-001453,1,PROD-022,1,9.01,8.05
ORD-2026-001453,2,PROD-007,2,17.18,31.88
ORD-2026-001453,3,PROD-004,1,20.28,17.11
ORD-2026-001454,1,PROD-003,2,14.37,27.16
ORD-2026-001455,1,PROD-040,3,15.21,37.95
ORD-2026-001456,1,PROD-004,3,20.28,49.53
ORD-2026-001457,1,PROD-006,1,32.39,30.81
ORD-2026-001458,1,PROD-036,3,11.55,34.13
ORD-2026-001459,1,PROD-004,1,20.28,18.92
ORD-2026-001459,2,PROD-005,1,20.28,17.43
ORD-2026-001460,1,PROD-004,1,20.28,17.99
ORD-2026-001461,1,PROD-027,1,21.13,18.61
ORD-2026-001461,2,PROD-001,1,12.9,12.19
ORD-2026-001461,3,PROD-038,1,7.89,6.95
ORD-2026-001462,1,PROD-039,1,8.17,7.72
ORD-2026-001463,1,PROD-002,1,11.9,10.52
ORD-2026-001464,1,PROD-004,2,20.28,38.48
ORD-2026-001465,1,PROD-001,1,12.9,12.49
ORD-2026-001466,1,PROD-042,2,73.24,140.27
ORD-2026-001466,2,PROD-003,1,14.37,14.01
ORD-2026-001466,3,PROD-004,2,20.28,38.86
ORD-2026-001467,1,PROD-001,2,12.9,25.1
ORD-2026-001467,2,PROD-047,1,108.45,107.7
ORD-2026-001467,3,PROD-039,1,8.17,7.84
ORD-2026-001468,1,PROD-022,1,9.01,8.82
ORD-2026-001469,1,PROD-006,2,32.39,54.86
ORD-2026-001470,1,PROD-038,3,7.89,22.49
ORD-2026-001471,1,PROD-004,1,20.28,18.49
ORD-2026-001471,2,PROD-024,1,8.73,8.39
ORD-2026-001472,1,PROD-023,1,7.89,7.34
ORD-2026-001472,2,PROD-003,3,14.37,35.33
ORD-2026-001472,3,PROD-027,2,21.13,37.75
ORD-2026-001473,1,PROD-008,1,9.9,9.46
ORD-2026-001474,1,PROD-006,2,32.39,63.33
ORD-2026-001475,1,PROD-003,1,14.37,12.68
ORD-2026-001476,1,PROD-023,1,7.89,7.45
ORD-2026-001477,1,PROD-054,1,59.15,51.67
ORD-2026-001478,1,PROD-035,2,10.14,19.05
ORD-2026-001478,2,PROD-017,1,12.5,12.26
ORD-2026-001478,3,PROD-001,1,12.9,12.51
ORD-2026-001479,1,PROD-005,3,20.28,52.09
ORD-2026-001479,2,PROD-020,1,10.14,9.63
ORD-2026-001480,1,PROD-005,1,20.28,18.19
ORD-2026-001481,1,PROD-051,1,36.06,36.03
ORD-2026-001482,1,PROD-041,1,11.83,-9.58
ORD-2026-001483,1,PROD-005,1,20.28,13.24
ORD-2026-001484,1,PROD-010,1,38.03,33.77
ORD-2026-001485,1,PROD-002,1,11.9,11.71
ORD-2026-001485,2,PROD-034,1,9.01,8.91
ORD-2026-001485,3,PROD-035,2,10.14,19.82
ORD-2026-001485,4,PROD-038,2,7.89,15.47
ORD-2026-001485,5,PROD-041,2,11.83,22.65
ORD-2026-001486,1,PROD-042,3,73.24,183.07
ORD-2026-001487,1,PROD-005,1,20.28,16.43
ORD-2026-001488,1,PROD-042,1,73.24,69.31
ORD-2026-001489,1,PROD-006,1,32.39,32.3
ORD-2026-001490,1,PROD-028,2,17.18,33.59
ORD-2026-001491,1,PROD-003,1,14.37,14.13
ORD-2026-001491,2,PROD-002,1,11.9,11.82
ORD-2026-001492,1,PROD-039,1,8.17,7.21
ORD-2026-001493,1,PROD-001,2,12.9,25.08
ORD-2026-001494,1,PROD-001,2,12.9,25.13
ORD-2026-001495,1,PROD-002,2,11.9,21.91
ORD-2026-001496,1,PROD-001,2,12.9,25.71
ORD-2026-001496,2,PROD-034,1,9.01,8.72
ORD-2026-001497,1,PROD-040,1,15.21,8.78
ORD-2026-001497,2,PROD-035,3,10.14,28.69
ORD-2026-001498,1,PROD-005,2,20.28,39.33
ORD-2026-001499,1,PROD-001,1,12.9,11.55
ORD-2026-001500,1,PROD-006,2,32.39,64.29
ORD-2026-001501,1,PROD-003,1,14.37,13.69
ORD-2026-001501,2,PROD-004,2,20.28,38.23
ORD-2026-001502,1,PROD-024,1,8.73,7.54
ORD-2026-001503,1,PROD-039,1,8.17,6.73
ORD-2026-001504,1,PROD-013,1,11.9,11.68
ORD-2026-001505,1,PROD-036,4,11.55,43.57
ORD-2026-001505,2,PROD-027,1,21.13,17.06
ORD-2026-001506,1,PROD-016,1,8.9,8.13
ORD-2026-001507,1,PROD-040,3,15.21,44.67
ORD-2026-001508,1,PROD-012,2,18.5,32.68
ORD-2026-001508,2,PROD-003,1,14.37,13.27
ORD-2026-001509,1,PROD-030,1,49.3,47.87
ORD-2026-001510,1,PROD-004,1,20.28,9.13
ORD-2026-001511,1,PROD-030,1,49.3,24.32
ORD-2026-001512,1,PROD-005,1,20.28,19.46
ORD-2026-001512,2,PROD-035,1,10.14,9.9
ORD-2026-001513,1,PROD-010,1,38.03,32.52
ORD-2026-001514,1,PROD-011,1,14.9,13.4
ORD-2026-001515,1,PROD-003,2,14.37,27.73
ORD-2026-001516,1,PROD-004,1,20.28,19.77
ORD-2026-001517,1,PROD-032,3,19.72,43.42
ORD-2026-001518,1,PROD-006,1,32.39,29.71
ORD-2026-001519,1,PROD-006,1,32.39,29.67
ORD-2026-001520,1,PROD-006,1,32.39,31.89
ORD-2026-001520,2,PROD-002,1,11.9,10.96
ORD-2026-001520,3,PROD-025,1,21.97,20.75
ORD-2026-001521,1,PROD-005,1,20.28,19.63
ORD-2026-001522,1,PROD-008,2,9.9,19.46
ORD-2026-001523,1,PROD-005,1,20.28,16.43
ORD-2026-001524,1,PROD-035,3,10.14,29.6
ORD-2026-001525,1,PROD-041,2,11.83,21.95
ORD-2026-001526,1,PROD-006,2,32.39,53.0
ORD-2026-001526,2,PROD-005,1,20.28,16.02
ORD-2026-001527,1,PROD-008,1,9.9,9.74
ORD-2026-001527,2,PROD-005,2,20.28,39.67
ORD-2026-001527,3,PROD-035,2,10.14,19.65
ORD-2026-001527,4,PROD-034,4,9.01,35.57
ORD-2026-001528,1,PROD-005,1,20.28,19.62
ORD-2026-001529,1,PROD-005,3,20.28,60.72
ORD-2026-001529,2,PROD-034,2,9.01,17.16
ORD-2026-001530,1,PROD-036,3,11.55,32.08
ORD-2026-001530,2,PROD-002,1,11.9,9.74
ORD-2026-001530,3,PROD-034,3,9.01,25.99
ORD-2026-001531,1,PROD-008,1,9.9,9.3
ORD-2026-001532,1,PROD-001,1,12.9,12.0
ORD-2026-001532,2,PROD-006,1,32.39,30.01
ORD-2026-001533,1,PROD-028,1,17.18,16.84
ORD-2026-001534,1,PROD-016,1,8.9,7.95
ORD-2026-001535,1,PROD-049,1,80.28,76.31
ORD-2026-001536,1,PROD-002,1,11.9,11.28
ORD-2026-001536,2,PROD-003,1,14.37,13.13
ORD-2026-001537,1,PROD-002,1,11.9,11.84
ORD-2026-001537,2,PROD-036,2,11.55,22.91
ORD-2026-001538,1,PROD-044,1,40.85,34.72
ORD-2026-001539,1,PROD-007,1,17.18,15.8
ORD-2026-001540,1,PROD-001,3,12.9,33.44
ORD-2026-001541,1,PROD-047,1,108.45,98.98
ORD-2026-001541,2,PROD-041,1,11.83,11.68
ORD-2026-001542,1,PROD-020,1,10.14,8.72
ORD-2026-001543,1,PROD-007,1,17.18,16.84
ORD-2026-001543,2,PROD-041,2,11.83,23.4
ORD-2026-001543,3,PROD-033,3,52.11,150.25
ORD-2026-001543,4,PROD-037,3,9.86,26.71
ORD-2026-001544,1,PROD-040,2,15.21,29.82
ORD-2026-001544,2,PROD-029,2,24.79,46.16
ORD-2026-001545,1,PROD-004,1,20.28,19.83
ORD-2026-001545,2,PROD-007,1,17.18,16.07
ORD-2026-001545,3,PROD-023,1,7.89,6.91
ORD-2026-001546,1,PROD-004,3,20.28,44.89
ORD-2026-001546,2,PROD-041,3,11.83,29.63
ORD-2026-001546,3,PROD-013,2,11.9,20.63
ORD-2026-001546,4,PROD-001,3,12.9,35.55
ORD-2026-001547,1,PROD-004,3,20.28,57.35
ORD-2026-001548,1,PROD-002,1,11.9,11.57
ORD-2026-001549,1,PROD-001,1,12.9,12.56
ORD-2026-001550,1,PROD-001,2,12.9,24.7
ORD-2026-001550,2,PROD-030,1,49.3,45.12
ORD-2026-001550,3,PROD-034,1,9.01,8.87
ORD-2026-001551,1,PROD-004,2,20.28,39.25
ORD-2026-001551,2,PROD-001,1,12.9,11.54
ORD-2026-001552,1,PROD-020,1,10.14,9.67
ORD-2026-001552,2,PROD-034,1,9.01,8.86
ORD-2026-001553,1,PROD-032,1,19.72,19.09
ORD-2026-001554,1,PROD-003,1,14.37,12.7
ORD-2026-001555,1,PROD-040,1,15.21,13.11
ORD-2026-001556,1,PROD-034,2,9.01,16.34
ORD-2026-001557,1,PROD-023,1,7.89,7.66
ORD-2026-001557,2,PROD-034,1,9.01,8.83
ORD-2026-001557,3,PROD-039,1,8.17,8.01
ORD-2026-001557,4,PROD-053,1,53.52,48.71
ORD-2026-001558,1,PROD-006,1,32.39,30.27
ORD-2026-001559,1,PROD-001,1,12.9,12.4
ORD-2026-001559,2,PROD-041,2,11.83,19.64
ORD-2026-001559,3,PROD-020,1,10.14,8.52
ORD-2026-001560,1,PROD-006,1,32.39,27.76
ORD-2026-001561,1,PROD-017,1,12.5,12.3
ORD-2026-001562,1,PROD-039,1,8.17,8.07
ORD-2026-001563,1,PROD-024,1,8.73,8.37
ORD-2026-001564,1,PROD-005,2,20.28,37.7
ORD-2026-001565,1,PROD-028,1,17.18,16.74
ORD-2026-001566,1,PROD-048,1,55.77,54.68
ORD-2026-001567,1,PROD-052,1,46.48,41.8
ORD-2026-001568,1,PROD-001,2,12.9,25.33
ORD-2026-001569,1,PROD-006,1,32.39,31.52
ORD-2026-001570,1,PROD-006,2,32.39,62.09
ORD-2026-001571,1,PROD-036,1,11.55,10.29
ORD-2026-001572,1,PROD-020,2,10.14,18.85
ORD-2026-001572,2,PROD-030,2,49.3,76.16
ORD-2026-001573,1,PROD-049,1,80.28,54.34
ORD-2026-001574,1,PROD-020,1,10.14,9.13
ORD-2026-001575,1,PROD-005,1,20.28,17.38
ORD-2026-001576,1,PROD-002,1,11.9,9.7
ORD-2026-001576,2,PROD-038,1,7.89,7.67
ORD-2026-001577,1,PROD-005,1,20.28,20.25
ORD-2026-001577,2,PROD-001,1,12.9,11.8
ORD-2026-001578,1,PROD-010,1,38.03,28.63
ORD-2026-001579,1,PROD-026,2,14.65,28.88
ORD-2026-001579,2,PROD-041,1,11.83,11.0
ORD-2026-001580,1,PROD-004,1,20.28,16.87
ORD-2026-001581,1,PROD-047,1,108.45,103.53
ORD-2026-001582,1,PROD-008,2,9.9,17.09
ORD-2026-001583,1,PROD-004,3,20.28,57.58
ORD-2026-001584,1,PROD-002,2,11.9,21.73
ORD-2026-001585,1,PROD-004,1,20.28,19.7
ORD-2026-001586,1,PROD-007,3,17.18,48.12
ORD-2026-001587,1,PROD-008,1,9.9,9.23
ORD-2026-001588,1,PROD-034,2,9.01,14.83
ORD-2026-001588,2,PROD-001,1,12.9,10.96
ORD-2026-001589,1,PROD-010,1,38.03,30.15
ORD-2026-001590,1,PROD-044,1,40.85,23.78
ORD-2026-001591,1,PROD-005,3,20.28,59.5
ORD-2026-001591,2,PROD-004,1,20.28,15.42
ORD-2026-001592,1,PROD-001,2,12.9,21.78
ORD-2026-001593,1,PROD-007,1,17.18,13.85
ORD-2026-001594,1,PROD-004,1,20.28,13.15
ORD-2026-001594,2,PROD-002,1,11.9,9.88
ORD-2026-001594,3,PROD-003,1,14.37,12.86
ORD-2026-001594,4,PROD-024,1,8.73,8.35
ORD-2026-001594,5,PROD-032,2,19.72,37.79
ORD-2026-001595,1,PROD-039,1,8.17,7.89
ORD-2026-001596,1,PROD-003,2,14.37,28.12
ORD-2026-001597,1,PROD-032,2,19.72,37.16
ORD-2026-001597,2,PROD-006,1,32.39,31.6
ORD-2026-001598,1,PROD-012,1,18.5,16.27
ORD-2026-001598,2,PROD-035,2,10.14,18.9
ORD-2026-001598,3,PROD-037,1,9.86,9.31
ORD-2026-001598,4,PROD-021,1,15.49,14.42
ORD-2026-001599,1,PROD-007,1,17.18,16.1
ORD-2026-001600,1,PROD-038,2,7.89,9.79
ORD-2026-001600,2,PROD-053,1,53.52,41.45
ORD-2026-001601,1,PROD-034,2,9.01,8.26
ORD-2026-001601,2,PROD-013,1,11.9,9.04
ORD-2026-001602,1,PROD-007,1,17.18,14.29
ORD-2026-001603,1,PROD-039,1,8.17,7.0
ORD-2026-001604,1,PROD-029,2,24.79,39.22
ORD-2026-001605,1,PROD-008,1,9.9,9.17
ORD-2026-001605,2,PROD-035,3,10.14,29.97
ORD-2026-001605,3,PROD-007,2,17.18,28.61
ORD-2026-001606,1,PROD-001,1,12.9,11.73
ORD-2026-001607,1,PROD-036,2,11.55,18.47
ORD-2026-001608,1,PROD-001,1,12.9,10.72
ORD-2026-001608,2,PROD-026,2,14.65,28.21
ORD-2026-001609,1,PROD-046,1,259.15,240.13
ORD-2026-001609,2,PROD-038,2,7.89,14.36
ORD-2026-001610,1,PROD-044,2,40.85,75.61
ORD-2026-001610,2,PROD-003,1,14.37,13.71
ORD-2026-001611,1,PROD-004,1,20.28,18.6
ORD-2026-001612,1,PROD-001,1,12.9,12.78
ORD-2026-001612,2,PROD-040,1,15.21,14.06
ORD-2026-001612,3,PROD-055,1,74.65,73.6
ORD-2026-001613,1,PROD-030,1,49.3,47.27
ORD-2026-001614,1,PROD-014,1,9.9,9.45
ORD-2026-001614,2,PROD-003,1,14.37,12.9
ORD-2026-001615,1,PROD-024,1,8.73,7.57
ORD-2026-001616,1,PROD-042,1,73.24,64.36
ORD-2026-001617,1,PROD-002,1,11.9,10.65
ORD-2026-001618,1,PROD-037,1,9.86,9.74
ORD-2026-001619,1,PROD-035,1,10.14,9.65
ORD-2026-001620,1,PROD-041,1,11.83,8.74
ORD-2026-001620,2,PROD-034,1,9.01,8.8
ORD-2026-001620,3,PROD-002,1,11.9,11.87
ORD-2026-001620,4,PROD-003,1,14.37,11.23
ORD-2026-001620,5,PROD-021,1,15.49,15.25
ORD-2026-001621,1,PROD-005,1,20.28,20.01
ORD-2026-001621,2,PROD-001,1,12.9,12.69
ORD-2026-001621,3,PROD-004,1,20.28,19.95
ORD-2026-001622,1,PROD-006,2,32.39,62.71
ORD-2026-001622,2,PROD-001,3,12.9,34.66
ORD-2026-001623,1,PROD-008,1,9.9,9.8
ORD-2026-001624,1,PROD-005,3,20.28,50.47
ORD-2026-001625,1,PROD-011,2,14.9,28.03
ORD-2026-001626,1,PROD-058,1,39.44,31.71
ORD-2026-001626,2,PROD-036,1,11.55,9.18
ORD-2026-001627,1,PROD-005,1,20.28,18.85
ORD-2026-001628,1,PROD-034,1,9.01,8.97
ORD-2026-001628,2,PROD-051,1,36.06,35.77
ORD-2026-001629,1,PROD-031,2,53.52,84.62
ORD-2026-001629,2,PROD-034,1,9.01,5.85
ORD-2026-001629,3,PROD-027,2,21.13,37.86
ORD-2026-001630,1,PROD-004,2,20.28,40.16
ORD-2026-001631,1,PROD-034,2,9.01,16.82
ORD-2026-001632,1,PROD-008,1,9.9,7.48
ORD-2026-001633,1,PROD-002,1,11.9,11.68
ORD-2026-001634,1,PROD-050,1,61.97,60.65
ORD-2026-001634,2,PROD-034,4,9.01,34.51
ORD-2026-001635,1,PROD-004,1,20.28,16.27
ORD-2026-001636,1,PROD-006,1,32.39,32.05
ORD-2026-001637,1,PROD-046,1,259.15,253.6
ORD-2026-001638,1,PROD-050,1,61.97,60.77
ORD-2026-001638,2,PROD-010,1,38.03,30.18
ORD-2026-001639,1,PROD-001,1,12.9,12.48
ORD-2026-001639,2,PROD-010,1,38.03,36.14
ORD-2026-001639,3,PROD-038,3,7.89,22.3
ORD-2026-001640,1,PROD-001,1,12.9,9.37
ORD-2026-001640,2,PROD-013,1,11.9,9.26
ORD-2026-001641,1,PROD-007,1,17.18,14.42
ORD-2026-001641,2,PROD-041,3,11.83,29.69
ORD-2026-001641,3,PROD-010,1,38.03,35.04
ORD-2026-001642,1,PROD-003,1,14.37,13.39
ORD-2026-001643,1,PROD-003,1,14.37,13.75
ORD-2026-001644,1,PROD-042,1,73.24,61.57
ORD-2026-001645,1,PROD-002,1,11.9,10.04
ORD-2026-001646,1,PROD-002,1,11.9,10.6
ORD-2026-001647,1,PROD-027,1,21.13,18.79
ORD-2026-001647,2,PROD-004,1,20.28,19.09
ORD-2026-001648,1,PROD-010,3,38.03,111.08
ORD-2026-001649,1,PROD-045,1,72.68,65.99
ORD-2026-001650,1,PROD-003,2,14.37,24.79
ORD-2026-001651,1,PROD-011,3,14.9,42.49
ORD-2026-001652,1,PROD-004,1,20.28,19.41
ORD-2026-001653,1,PROD-041,3,11.83,30.64
ORD-2026-001654,1,PROD-023,1,7.89,7.59
ORD-2026-001654,2,PROD-003,2,14.37,25.77
ORD-2026-001654,3,PROD-031,1,53.52,43.14
ORD-2026-001654,4,PROD-005,1,20.28,16.92
ORD-2026-001655,1,PROD-003,1,14.37,13.45
ORD-2026-001656,1,PROD-006,1,32.39,29.31
ORD-2026-001656,2,PROD-034,1,9.01,7.97
ORD-2026-001657,1,PROD-010,1,38.03,37.37
ORD-2026-001657,2,PROD-035,1,10.14,10.04
ORD-2026-001658,1,PROD-005,1,20.28,19.53
ORD-2026-001659,1,PROD-039,4,8.17,25.56
ORD-2026-001659,2,PROD-022,1,9.01,7.63
ORD-2026-001660,1,PROD-003,2,14.37,25.8
ORD-2026-001660,2,PROD-030,1,49.3,43.63
ORD-2026-001660,3,PROD-004,1,20.28,19.74
ORD-2026-001661,1,PROD-026,2,14.65,27.88
ORD-2026-001662,1,PROD-041,2,11.83,19.01
ORD-2026-001663,1,PROD-052,1,46.48,39.37
ORD-2026-001664,1,PROD-004,1,20.28,19.97
ORD-2026-001665,1,PROD-005,1,20.28,19.66
ORD-2026-001666,1,PROD-005,2,20.28,35.87
ORD-2026-001666,2,PROD-004,3,20.28,53.62
ORD-2026-001666,3,PROD-041,1,11.83,10.14
ORD-2026-001667,1,PROD-049,1,80.28,42.75
ORD-2026-001668,1,PROD-037,1,9.86,7.68
ORD-2026-001668,2,PROD-023,2,7.89,14.45
ORD-2026-001669,1,PROD-006,1,32.39,32.03
ORD-2026-001670,1,PROD-005,1,20.28,16.08
ORD-2026-001671,1,PROD-001,2,12.9,23.1
ORD-2026-001672,1,PROD-005,1,20.28,20.16
ORD-2026-001673,1,PROD-002,1,11.9,11.42
ORD-2026-001673,2,PROD-021,1,15.49,12.81
ORD-2026-001674,1,PROD-003,3,14.37,38.18
ORD-2026-001674,2,PROD-006,2,32.39,60.58
ORD-2026-001675,1,PROD-041,2,11.83,17.85
ORD-2026-001676,1,PROD-053,1,53.52,43.81
ORD-2026-001676,2,PROD-036,2,11.55,17.97
ORD-2026-001677,1,PROD-005,1,20.28,19.31
ORD-2026-001678,1,PROD-013,3,11.9,34.61
ORD-2026-001679,1,PROD-049,1,80.28,77.37
ORD-2026-001680,1,PROD-004,2,20.28,36.08
ORD-2026-001681,1,PROD-042,2,73.24,135.79
ORD-2026-001682,1,PROD-004,1,20.28,19.47
ORD-2026-001682,2,PROD-003,1,14.37,10.77
ORD-2026-001682,3,PROD-038,2,7.89,13.2
ORD-2026-001683,1,PROD-006,2,32.39,58.76
ORD-2026-001684,1,PROD-059,1,52.11,49.54
ORD-2026-001684,2,PROD-005,1,20.28,15.68
ORD-2026-001685,1,PROD-004,1,20.28,18.66
ORD-2026-001686,1,PROD-027,1,21.13,20.31
ORD-2026-001686,2,PROD-029,1,24.79,24.27
ORD-2026-001687,1,PROD-014,1,9.9,9.34
ORD-2026-001687,2,PROD-006,1,32.39,26.84
ORD-2026-001688,1,PROD-035,1,10.14,10.03
ORD-2026-001688,2,PROD-034,2,9.01,17.09
ORD-2026-001689,1,PROD-040,1,15.21,13.28
ORD-2026-001690,1,PROD-007,1,17.18,16.05
ORD-2026-001690,2,PROD-004,1,20.28,19.76
ORD-2026-001690,3,PROD-041,1,11.83,11.1
ORD-2026-001691,1,PROD-004,1,20.28,19.07
ORD-2026-001691,2,PROD-038,3,7.89,23.48
ORD-2026-001691,3,PROD-041,2,11.83,21.92
ORD-2026-001692,1,PROD-005,2,20.28,40.16
ORD-2026-001693,1,PROD-006,1,32.39,31.27
ORD-2026-001693,2,PROD-025,1,21.97,20.7
ORD-2026-001694,1,PROD-015,1,26.76,25.58
ORD-2026-001694,2,PROD-039,4,8.17,30.7
ORD-2026-001695,1,PROD-004,3,20.28,60.36
ORD-2026-001695,2,PROD-005,1,20.28,19.19
ORD-2026-001696,1,PROD-005,1,20.28,15.84
ORD-2026-001696,2,PROD-006,1,32.39,30.18
ORD-2026-001697,1,PROD-004,2,20.28,39.56
ORD-2026-001697,2,PROD-035,1,10.14,9.88
ORD-2026-001698,1,PROD-036,1,11.55,11.01
ORD-2026-001698,2,PROD-050,1,61.97,59.24
ORD-2026-001699,1,PROD-002,1,11.9,11.3
ORD-2026-001699,2,PROD-016,2,8.9,15.97
ORD-2026-001700,1,PROD-024,1,8.73,8.48
ORD-2026-001701,1,PROD-007,1,17.18,15.41
ORD-2026-001701,2,PROD-008,2,9.9,18.21
ORD-2026-001702,1,PROD-002,1,11.9,11.8
ORD-2026-001702,2,PROD-036,2,11.55,22.64
ORD-2026-001702,3,PROD-008,1,9.9,9.29
ORD-2026-001703,1,PROD-029,1,24.79,23.2
ORD-2026-001704,1,PROD-037,2,9.86,11.3
ORD-2026-001705,1,PROD-047,1,108.45,95.43
ORD-2026-001706,1,PROD-006,1,32.39,23.85
ORD-2026-001707,1,PROD-041,4,11.83,44.58
ORD-2026-001708,1,PROD-004,2,20.28,38.8
ORD-2026-001708,2,PROD-002,1,11.9,11.13
ORD-2026-001709,1,PROD-037,1,9.86,9.14
ORD-2026-001709,2,PROD-001,3,12.9,34.67
ORD-2026-001709,3,PROD-002,1,11.9,10.71
ORD-2026-001710,1,PROD-001,1,12.9,10.58
ORD-2026-001710,2,PROD-008,1,9.9,8.72
ORD-2026-001710,3,PROD-004,1,20.28,18.23
ORD-2026-001711,1,PROD-004,1,20.28,19.85
ORD-2026-001712,1,PROD-038,1,7.89,7.61
ORD-2026-001713,1,PROD-039,4,8.17,28.71
ORD-2026-001714,1,PROD-033,1,52.11,45.76
ORD-2026-001715,1,PROD-035,3,10.14,21.56
ORD-2026-001715,2,PROD-037,1,9.86,8.38
ORD-2026-001715,3,PROD-010,1,38.03,31.39
ORD-2026-001716,1,PROD-041,2,11.83,19.32
ORD-2026-001717,1,PROD-006,1,32.39,31.19
ORD-2026-001717,2,PROD-037,1,9.86,5.79
ORD-2026-001717,3,PROD-010,1,38.03,35.52
ORD-2026-001717,4,PROD-016,2,8.9,15.22
ORD-2026-001718,1,PROD-004,1,20.28,17.32
ORD-2026-001719,1,PROD-014,3,9.9,26.89
ORD-2026-001719,2,PROD-050,1,61.97,57.07
ORD-2026-001720,1,PROD-002,1,11.9,10.84
ORD-2026-001720,2,PROD-013,1,11.9,9.97
ORD-2026-001721,1,PROD-013,1,11.9,10.84
ORD-2026-001722,1,PROD-005,1,20.28,19.64
ORD-2026-001723,1,PROD-007,2,17.18,33.1
ORD-2026-001723,2,PROD-032,1,19.72,16.96
ORD-2026-001723,3,PROD-006,1,32.39,30.37
ORD-2026-001724,1,PROD-013,1,11.9,11.48
ORD-2026-001725,1,PROD-001,2,12.9,23.04
ORD-2026-001725,2,PROD-007,3,17.18,47.49
ORD-2026-001725,3,PROD-010,2,38.03,64.0
ORD-2026-001726,1,PROD-041,1,11.83,11.47
ORD-2026-001727,1,PROD-015,1,26.76,26.04
ORD-2026-001728,1,PROD-035,2,10.14,17.05
ORD-2026-001729,1,PROD-039,3,8.17,20.1
ORD-2026-001730,1,PROD-004,1,20.28,18.99
ORD-2026-001731,1,PROD-016,2,8.9,16.37
ORD-2026-001731,2,PROD-023,1,7.89,5.58
ORD-2026-001731,3,PROD-030,2,49.3,89.49
ORD-2026-001732,1,PROD-002,1,11.9,11.51
ORD-2026-001733,1,PROD-004,2,20.28,36.38
ORD-2026-001734,1,PROD-011,1,14.9,14.59
ORD-2026-001735,1,PROD-004,1,20.28,19.51
ORD-2026-001736,1,PROD-001,1,12.9,12.61
ORD-2026-001737,1,PROD-002,1,11.9,11.33
ORD-2026-001737,2,PROD-004,1,20.28,15.07
ORD-2026-001737,3,PROD-007,1,17.18,15.38
ORD-2026-001738,1,PROD-005,2,20.28,36.2
ORD-2026-001738,2,PROD-006,1,32.39,31.37
ORD-2026-001738,3,PROD-036,1,11.55,9.89
ORD-2026-001739,1,PROD-010,2,38.03,68.18
ORD-2026-001740,1,PROD-007,1,17.18,15.15
ORD-2026-001740,2,PROD-022,1,9.01,8.81
ORD-2026-001741,1,PROD-004,1,20.28,19.72
ORD-2026-001742,1,PROD-005,2,20.28,37.23
ORD-2026-001743,1,PROD-020,1,10.14,10.04
ORD-2026-001744,1,PROD-005,1,20.28,18.83
ORD-2026-001745,1,PROD-029,1,24.79,21.69
ORD-2026-001746,1,PROD-034,1,9.01,8.49
ORD-2026-001746,2,PROD-004,2,20.28,38.95
ORD-2026-001746,3,PROD-036,1,11.55,9.63
ORD-2026-001747,1,PROD-011,1,14.9,14.63
ORD-2026-001748,1,PROD-004,2,20.28,40.48
ORD-2026-001749,1,PROD-003,1,14.37,11.63
ORD-2026-001750,1,PROD-006,3,32.39,92.33
ORD-2026-001750,2,PROD-016,2,8.9,16.58
ORD-2026-001751,1,PROD-004,1,20.28,16.34
ORD-2026-001752,1,PROD-001,1,12.9,11.77
ORD-2026-001752,2,PROD-007,2,17.18,32.87
ORD-2026-001753,1,PROD-006,1,32.39,29.88
ORD-2026-001753,2,PROD-014,1,9.9,7.82
ORD-2026-001754,1,PROD-006,2,32.39,57.95
ORD-2026-001755,1,PROD-004,2,20.28,27.15
ORD-2026-001755,2,PROD-041,1,11.83,10.54
ORD-2026-001756,1,PROD-023,1,7.89,6.96
ORD-2026-001756,2,PROD-027,1,21.13,15.47
ORD-2026-001757,1,PROD-003,1,14.37,13.78
ORD-2026-001758,1,PROD-020,2,10.14,19.42
ORD-2026-001759,1,PROD-002,2,11.9,20.95
ORD-2026-001760,1,PROD-005,2,20.28,39.61
ORD-2026-001761,1,PROD-030,1,49.3,46.96
ORD-2026-001762,1,PROD-005,1,20.28,18.67
ORD-2026-001762,2,PROD-041,1,11.83,11.25
ORD-2026-001762,3,PROD-016,1,8.9,8.61
ORD-2026-001763,1,PROD-006,1,32.39,28.57
ORD-2026-001764,1,PROD-008,1,9.9,9.52
ORD-2026-001765,1,PROD-010,1,38.03,32.95
ORD-2026-001765,2,PROD-035,1,10.14,10.04
ORD-2026-001766,1,PROD-004,1,20.28,16.58
ORD-2026-001766,2,PROD-042,1,73.24,49.04
ORD-2026-001766,3,PROD-053,1,53.52,45.89
ORD-2026-001767,1,PROD-003,2,14.37,25.37
ORD-2026-001768,1,PROD-006,1,32.39,32.11
ORD-2026-001769,1,PROD-004,2,20.28,38.65
ORD-2026-001770,1,PROD-039,2,8.17,12.51
ORD-2026-001771,1,PROD-041,3,11.83,31.56
ORD-2026-001772,1,PROD-007,1,17.18,15.83
ORD-2026-001772,2,PROD-034,2,9.01,16.53
ORD-2026-001772,3,PROD-024,1,8.73,8.13
ORD-2026-001773,1,PROD-028,1,17.18,16.25
ORD-2026-001774,1,PROD-005,2,20.28,38.51
ORD-2026-001774,2,PROD-012,1,18.5,14.19
ORD-2026-001775,1,PROD-003,2,14.37,22.93
ORD-2026-001776,1,PROD-010,2,38.03,51.19
ORD-2026-001777,1,PROD-004,2,20.28,37.33
ORD-2026-001778,1,PROD-050,1,61.97,58.49
ORD-2026-001778,2,PROD-008,2,9.9,10.73
ORD-2026-001779,1,PROD-022,1,9.01,8.34
ORD-2026-001780,1,PROD-001,1,12.9,11.2
ORD-2026-001780,2,PROD-049,1,80.28,73.97
ORD-2026-001780,3,PROD-034,3,9.01,25.76
ORD-2026-001781,1,PROD-026,1,14.65,14.04
ORD-2026-001781,2,PROD-002,1,11.9,11.24
ORD-2026-001782,1,PROD-004,1,20.28,19.49
ORD-2026-001782,2,PROD-035,2,10.14,15.99
ORD-2026-001783,1,PROD-004,2,20.28,36.88
ORD-2026-001784,1,PROD-003,1,14.37,13.02
ORD-2026-001785,1,PROD-006,1,32.39,23.15
ORD-2026-001785,2,PROD-038,1,7.89,6.56
ORD-2026-001786,1,PROD-033,3,52.11,150.67
ORD-2026-001786,2,PROD-004,1,20.28,20.07
ORD-2026-001787,1,PROD-038,2,7.89,15.12
ORD-2026-001787,2,PROD-032,3,19.72,51.29
ORD-2026-001788,1,PROD-016,2,8.9,16.24
ORD-2026-001789,1,PROD-047,1,108.45,106.32
ORD-2026-001789,2,PROD-039,2,8.17,14.94
ORD-2026-001790,1,PROD-030,1,49.3,42.13
ORD-2026-001790,2,PROD-004,1,20.28,17.54
ORD-2026-001791,1,PROD-020,1,10.14,9.89
ORD-2026-001791,2,PROD-053,1,53.52,53.09
ORD-2026-001792,1,PROD-034,3,9.01,22.99
ORD-2026-001793,1,PROD-001,2,12.9,24.34
ORD-2026-001794,1,PROD-002,1,11.9,10.49
ORD-2026-001795,1,PROD-013,1,11.9,11.27
ORD-2026-001796,1,PROD-041,1,11.83,10.61
ORD-2026-001796,2,PROD-035,3,10.14,29.56
ORD-2026-001797,1,PROD-005,1,20.28,16.23
ORD-2026-001798,1,PROD-019,2,29.58,58.22
ORD-2026-001798,2,PROD-008,2,9.9,19.29
ORD-2026-001798,3,PROD-001,1,12.9,12.77
ORD-2026-001799,1,PROD-004,1,20.28,19.3
ORD-2026-001799,2,PROD-001,1,12.9,8.53
ORD-2026-001799,3,PROD-041,1,11.83,11.5
ORD-2026-001800,1,PROD-020,2,10.14,20.0
ORD-2026-001800,2,PROD-006,2,32.39,63.38
ORD-2026-001800,3,PROD-024,1,8.73,8.44
ORD-2026-001801,1,PROD-022,2,9.01,17.12
ORD-2026-001802,1,PROD-007,1,17.18,15.09
ORD-2026-001803,1,PROD-039,2,8.17,10.77
ORD-2026-001804,1,PROD-016,3,8.9,25.34
ORD-2026-001805,1,PROD-013,1,11.9,11.65
ORD-2026-001806,1,PROD-034,1,9.01,6.75
ORD-2026-001806,2,PROD-007,1,17.18,14.24
ORD-2026-001806,3,PROD-028,1,17.18,16.26
ORD-2026-001806,4,PROD-026,1,14.65,13.21
ORD-2026-001806,5,PROD-004,1,20.28,16.02
ORD-2026-001807,1,PROD-027,2,21.13,35.28
ORD-2026-001807,2,PROD-030,1,49.3,41.71
ORD-2026-001808,1,PROD-036,1,11.55,11.4
ORD-2026-001809,1,PROD-041,2,11.83,16.5
ORD-2026-001810,1,PROD-010,1,38.03,27.21
ORD-2026-001811,1,PROD-001,1,12.9,12.01
ORD-2026-001812,1,PROD-041,1,11.83,11.4
ORD-2026-001813,1,PROD-016,1,8.9,8.35
ORD-2026-001813,2,PROD-003,1,14.37,11.85
ORD-2026-001813,3,PROD-033,1,52.11,47.69
ORD-2026-001814,1,PROD-023,2,7.89,13.03
ORD-2026-001815,1,PROD-008,1,9.9,9.46
ORD-2026-001815,2,PROD-006,2,32.39,58.13
ORD-2026-001815,3,PROD-015,3,26.76,72.92
ORD-2026-001816,1,PROD-044,1,40.85,33.94
ORD-2026-001817,1,PROD-012,1,18.5,17.84
ORD-2026-001818,1,PROD-037,1,9.86,8.96
ORD-2026-001819,1,PROD-003,1,14.37,12.55
ORD-2026-001820,1,PROD-002,1,11.9,10.92
ORD-2026-001821,1,PROD-006,1,32.39,27.91
ORD-2026-001821,2,PROD-012,2,18.5,31.49
ORD-2026-001821,3,PROD-002,2,11.9,17.57
ORD-2026-001822,1,PROD-003,1,14.37,12.51
ORD-2026-001822,2,PROD-005,1,20.28,19.31
ORD-2026-001822,3,PROD-014,2,9.9,18.46
ORD-2026-001823,1,PROD-004,2,20.28,36.09
ORD-2026-001823,2,PROD-003,1,14.37,14.23
ORD-2026-001824,1,PROD-040,2,15.21,20.95
ORD-2026-001824,2,PROD-045,1,72.68,65.16
ORD-2026-001825,1,PROD-001,2,12.9,24.38
ORD-2026-001826,1,PROD-007,1,17.18,13.2
ORD-2026-001827,1,PROD-005,2,20.28,34.21
ORD-2026-001827,2,PROD-036,1,11.55,10.78
ORD-2026-001827,3,PROD-050,1,61.97,58.8
ORD-2026-001827,4,PROD-034,2,9.01,16.37
ORD-2026-001828,1,PROD-030,1,49.3,37.39
ORD-2026-001829,1,PROD-050,1,61.97,60.29
ORD-2026-001829,2,PROD-002,1,11.9,10.05
ORD-2026-001830,1,PROD-001,2,12.9,15.02
ORD-2026-001830,2,PROD-004,2,20.28,26.82
ORD-2026-001831,1,PROD-003,2,14.37,27.4
ORD-2026-001831,2,PROD-013,2,11.9,23.17
ORD-2026-001832,1,PROD-011,2,14.9,27.09
ORD-2026-001833,1,PROD-001,1,12.9,11.85
ORD-2026-001834,1,PROD-004,1,20.28,18.61
ORD-2026-001834,2,PROD-025,2,21.97,35.71
ORD-2026-001835,1,PROD-052,1,46.48,45.61
ORD-2026-001835,2,PROD-014,1,9.9,9.82
ORD-2026-001836,1,PROD-041,1,11.83,10.47
ORD-2026-001837,1,PROD-042,1,73.24,64.22
ORD-2026-001837,2,PROD-032,2,19.72,35.72
ORD-2026-001838,1,PROD-034,1,9.01,8.81
ORD-2026-001838,2,PROD-004,1,20.28,18.83
ORD-2026-001838,3,PROD-037,1,9.86,8.99
ORD-2026-001839,1,PROD-041,1,11.83,9.4
ORD-2026-001839,2,PROD-005,2,20.28,-36.93
ORD-2026-001840,1,PROD-004,1,20.28,17.63
ORD-2026-001841,1,PROD-004,1,20.28,16.37
ORD-2026-001841,2,PROD-034,2,9.01,17.16
ORD-2026-001842,1,PROD-036,2,11.55,17.71
ORD-2026-001843,1,PROD-041,1,11.83,9.8
ORD-2026-001843,2,PROD-012,2,18.5,33.73
ORD-2026-001844,1,PROD-002,1,11.9,11.79
ORD-2026-001845,1,PROD-010,2,38.03,71.2
ORD-2026-001845,2,PROD-003,1,14.37,12.1
ORD-2026-001845,3,PROD-004,2,20.28,35.64
ORD-2026-001846,1,PROD-008,1,9.9,6.14
ORD-2026-001846,2,PROD-007,1,17.18,16.09
ORD-2026-001847,1,PROD-004,2,20.28,38.97
ORD-2026-001848,1,PROD-039,1,8.17,7.37
ORD-2026-001848,2,PROD-044,1,40.85,38.25
ORD-2026-001848,3,PROD-028,1,17.18,17.05
ORD-2026-001849,1,PROD-002,2,11.9,23.17
ORD-2026-001849,2,PROD-024,1,8.73,8.57
ORD-2026-001849,3,PROD-017,1,12.5,12.39
ORD-2026-001850,1,PROD-044,1,40.85,39.24
ORD-2026-001850,2,PROD-035,3,10.14,29.45
ORD-2026-001851,1,PROD-007,1,17.18,16.84
ORD-2026-001851,2,PROD-003,1,14.37,13.88
ORD-2026-001851,3,PROD-027,2,21.13,40.32
ORD-2026-001851,4,PROD-034,2,9.01,14.94
ORD-2026-001852,1,PROD-003,3,14.37,40.72
ORD-2026-001853,1,PROD-032,2,19.72,36.92
ORD-2026-001854,1,PROD-023,1,7.89,6.93
ORD-2026-001855,1,PROD-022,1,9.01,6.38
ORD-2026-001856,1,PROD-004,1,20.28,18.08
ORD-2026-001857,1,PROD-026,1,14.65,12.92
ORD-2026-001857,2,PROD-004,2,20.28,35.65
ORD-2026-001857,3,PROD-032,1,19.72,18.38
ORD-2026-001858,1,PROD-008,1,9.9,9.48
ORD-2026-001858,2,PROD-039,3,8.17,23.63
ORD-2026-001859,1,PROD-002,1,11.9,11.62
ORD-2026-001859,2,PROD-014,2,9.9,16.93
ORD-2026-001860,1,PROD-038,2,7.89,14.15
ORD-2026-001861,1,PROD-005,2,20.28,37.25
ORD-2026-001861,2,PROD-002,1,11.9,10.46
ORD-2026-001862,1,PROD-051,2,36.06,70.96
ORD-2026-001862,2,PROD-020,1,10.14,9.89
ORD-2026-001863,1,PROD-005,2,20.28,40.06
ORD-2026-001864,1,PROD-004,1,20.28,19.86
ORD-2026-001864,2,PROD-034,1,9.01,8.59
ORD-2026-001865,1,PROD-032,2,19.72,37.55
ORD-2026-001866,1,PROD-003,1,14.37,12.64
ORD-2026-001867,1,PROD-044,1,40.85,38.06
ORD-2026-001868,1,PROD-002,1,11.9,8.42
ORD-2026-001869,1,PROD-019,1,29.58,28.75
ORD-2026-001870,1,PROD-041,1,11.83,11.64
ORD-2026-001871,1,PROD-020,1,10.14,9.11
ORD-2026-001871,2,PROD-023,1,7.89,7.43
ORD-2026-001872,1,PROD-032,3,19.72,56.36
ORD-2026-001872,2,PROD-006,1,32.39,29.73
ORD-2026-001872,3,PROD-034,3,9.01,22.93
ORD-2026-001873,1,PROD-007,1,17.18,13.5
ORD-2026-001874,1,PROD-002,1,11.9,10.88
ORD-2026-001874,2,PROD-047,1,108.45,93.05
ORD-2026-001875,1,PROD-041,2,11.83,22.85
ORD-2026-001876,1,PROD-035,2,10.14,19.22
ORD-2026-001876,2,PROD-034,1,9.01,8.58
ORD-2026-001877,1,PROD-029,1,24.79,22.74
ORD-2026-001878,1,PROD-005,1,20.28,16.64
ORD-2026-001878,2,PROD-032,3,19.72,40.33
ORD-2026-001878,3,PROD-036,2,11.55,17.5
ORD-2026-001879,1,PROD-004,3,20.28,49.18
ORD-2026-001879,2,PROD-034,1,9.01,8.77
ORD-2026-001880,1,PROD-002,1,11.9,10.97
ORD-2026-001881,1,PROD-037,3,9.86,26.15
ORD-2026-001882,1,PROD-010,1,38.03,36.42
ORD-2026-001883,1,PROD-006,1,32.39,30.55
ORD-2026-001884,1,PROD-024,1,8.73,7.91
ORD-2026-001885,1,PROD-004,1,20.28,19.17
ORD-2026-001885,2,PROD-041,2,11.83,21.09
ORD-2026-001886,1,PROD-001,1,12.9,12.19
ORD-2026-001887,1,PROD-007,1,17.18,7.73
ORD-2026-001888,1,PROD-022,2,9.01,16.38
ORD-2026-001888,2,PROD-004,2,20.28,38.77
ORD-2026-001889,1,PROD-005,3,20.28,44.29
ORD-2026-001889,2,PROD-026,2,14.65,20.3
ORD-2026-001889,3,PROD-039,3,8.17,21.21
ORD-2026-001890,1,PROD-010,1,38.03,36.73
ORD-2026-001891,1,PROD-023,2,7.89,14.99
ORD-2026-001892,1,PROD-004,1,20.28,19.85
ORD-2026-001892,2,PROD-001,1,12.9,11.47
ORD-2026-001893,1,PROD-020,1,10.14,8.25
ORD-2026-001894,1,PROD-005,1,20.28,18.3
ORD-2026-001894,2,PROD-035,2,10.14,19.69
ORD-2026-001895,1,PROD-028,1,17.18,12.5
ORD-2026-001895,2,PROD-014,3,9.9,27.18
ORD-2026-001896,1,PROD-036,3,11.55,33.29
ORD-2026-001897,1,PROD-022,1,9.01,8.89
ORD-2026-001898,1,PROD-008,1,9.9,9.21
ORD-2026-001898,2,PROD-005,1,20.28,0.0
ORD-2026-001898,3,PROD-040,2,15.21,29.42
ORD-2026-001899,1,PROD-004,1,20.28,19.99
ORD-2026-001900,1,PROD-001,1,12.9,12.47
ORD-2026-001901,1,PROD-003,2,14.37,28.03
ORD-2026-001902,1,PROD-017,1,12.5,11.15
ORD-2026-001902,2,PROD-037,2,9.86,19.07
ORD-2026-001902,3,PROD-032,3,19.72,55.15
ORD-2026-001903,1,PROD-003,2,14.37,19.72
ORD-2026-001904,1,PROD-010,1,38.03,34.66
ORD-2026-001905,1,PROD-015,1,26.76,
ORD-2026-001906,1,PROD-014,1,9.9,8.82
ORD-2026-001906,2,PROD-010,1,38.03,30.57
ORD-2026-001906,3,PROD-032,1,19.72,16.55
ORD-2026-001906,4,PROD-007,3,17.18,45.51
ORD-2026-001907,1,PROD-013,1,11.9,11.57
ORD-2026-001908,1,PROD-042,2,73.24,145.04
ORD-2026-001908,2,PROD-008,1,9.9,9.72
ORD-2026-001908,3,PROD-022,1,9.01,8.69
ORD-2026-001908,4,PROD-004,2,20.28,37.16
ORD-2026-001908,5,PROD-006,1,32.39,28.03
ORD-2026-001909,1,PROD-010,1,38.03,33.13
ORD-2026-001910,1,PROD-001,2,12.9,24.76
ORD-2026-001911,1,PROD-004,3,20.28,57.94
ORD-2026-001912,1,PROD-001,2,12.9,22.46
ORD-2026-001913,1,PROD-034,1,9.01,6.93
ORD-2026-001914,1,PROD-003,1,14.37,14.03
ORD-2026-001915,1,PROD-003,1,14.37,12.83
ORD-2026-001915,2,PROD-034,3,9.01,24.03
ORD-2026-001915,3,PROD-004,1,20.28,19.23
ORD-2026-001915,4,PROD-036,4,11.55,42.89
ORD-2026-001916,1,PROD-005,1,20.28,18.29
ORD-2026-001916,2,PROD-001,1,12.9,10.23
ORD-2026-001916,3,PROD-039,2,8.17,13.48
ORD-2026-001916,4,PROD-046,1,259.15,226.47
ORD-2026-001917,1,PROD-010,1,38.03,37.17
ORD-2026-001917,2,PROD-006,3,32.39,92.78
ORD-2026-001917,3,PROD-014,3,9.9,29.39
ORD-2026-001918,1,PROD-004,1,20.28,18.11
ORD-2026-001918,2,PROD-034,2,9.01,16.34
ORD-2026-001919,1,PROD-005,2,20.28,35.47
ORD-2026-001919,2,PROD-050,1,61.97,50.03
ORD-2026-001920,1,PROD-044,1,40.85,35.5
ORD-2026-001921,1,PROD-032,2,19.72,30.0
ORD-2026-001922,1,PROD-031,1,53.52,50.07
ORD-2026-001923,1,PROD-035,3,10.14,28.97
ORD-2026-001923,2,PROD-017,1,12.5,10.88
ORD-2026-001923,3,PROD-005,1,20.28,19.36
ORD-2026-001924,1,PROD-006,2,32.39,63.56
ORD-2026-001925,1,PROD-032,1,19.72,18.4
ORD-2026-001925,2,PROD-036,1,11.55,10.38
ORD-2026-001925,3,PROD-004,1,20.28,20.13
ORD-2026-001926,1,PROD-017,1,12.5,12.23
ORD-2026-001927,1,PROD-004,2,20.28,39.99
ORD-2026-001928,1,PROD-013,1,11.9,11.87
ORD-2026-001929,1,PROD-020,2,10.14,19.87
ORD-2026-001929,2,PROD-017,3,12.5,34.17
ORD-2026-001929,3,PROD-012,1,18.5,16.66
ORD-2026-001929,4,PROD-005,2,20.28,39.28
ORD-2026-001929,5,PROD-021,1,15.49,14.85
ORD-2026-001930,1,PROD-004,1,20.28,17.08
ORD-2026-001930,2,PROD-038,4,7.89,26.96
ORD-2026-001931,1,PROD-030,1,49.3,41.96
ORD-2026-001931,2,PROD-034,1,9.01,8.08
ORD-2026-001932,1,PROD-017,1,12.5,12.42
ORD-2026-001933,1,PROD-005,1,20.28,15.27
ORD-2026-001934,1,PROD-004,1,20.28,18.74
ORD-2026-001934,2,PROD-035,1,10.14,8.38
ORD-2026-001934,3,PROD-029,1,24.79,19.62
ORD-2026-001934,4,PROD-041,1,11.83,9.83
ORD-2026-001934,5,PROD-012,2,18.5,36.19
ORD-2026-001935,1,PROD-035,4,10.14,39.51
ORD-2026-001935,2,PROD-005,3,20.28,59.87
ORD-2026-001936,1,PROD-028,2,17.18,26.31
ORD-2026-001937,1,PROD-027,1,21.13,17.17
ORD-2026-001937,2,PROD-048,1,55.77,52.45
ORD-2026-001938,1,PROD-006,1,32.39,28.77
ORD-2026-001939,1,PROD-001,3,12.9,34.08
ORD-2026-001939,2,PROD-038,3,7.89,20.01
ORD-2026-001939,3,PROD-040,1,15.21,14.49
ORD-2026-001940,1,PROD-013,1,11.9,10.99
ORD-2026-001940,2,PROD-038,4,7.89,30.12
ORD-2026-001940,3,PROD-003,1,14.37,11.36
ORD-2026-001941,1,PROD-015,2,26.76,47.64
ORD-2026-001942,1,PROD-035,1,10.14,8.74
ORD-2026-001943,1,PROD-019,1,29.58,27.54
ORD-2026-001944,1,PROD-004,2,20.28,34.87
ORD-2026-001945,1,PROD-001,1,12.9,12.19
ORD-2026-001946,1,PROD-004,1,20.28,19.74
ORD-2026-001947,1,PROD-027,1,21.13,18.6
ORD-2026-001947,2,PROD-006,1,32.39,31.08
ORD-2026-001947,3,PROD-020,1,10.14,9.88
ORD-2026-001947,4,PROD-001,1,12.9,11.83
ORD-2026-001948,1,PROD-024,1,8.73,8.39
ORD-2026-001948,2,PROD-007,1,17.18,14.48
ORD-2026-001949,1,PROD-006,1,32.39,30.36
ORD-2026-001950,1,PROD-037,2,9.86,18.93
ORD-2026-001950,2,PROD-001,2,12.9,25.47
ORD-2026-001951,1,PROD-001,1,12.9,12.46
ORD-2026-001951,2,PROD-003,1,14.37,13.08
ORD-2026-001951,3,PROD-005,1,20.28,19.91
ORD-2026-001952,1,PROD-014,2,9.9,15.59
ORD-2026-001953,1,PROD-016,1,8.9,8.18
ORD-2026-001953,2,PROD-011,1,14.9,8.47
ORD-2026-001954,1,PROD-030,2,49.3,93.3
ORD-2026-001955,1,PROD-032,1,19.72,17.26
ORD-2026-001956,1,PROD-014,1,9.9,8.48
ORD-2026-001957,1,PROD-008,3,9.9,29.14
ORD-2026-001958,1,PROD-002,1,11.9,9.25
ORD-2026-001959,1,PROD-037,2,9.86,17.86
ORD-2026-001960,1,PROD-001,1,12.9,12.37
ORD-2026-001961,1,PROD-036,1,11.55,11.39
ORD-2026-001961,2,PROD-005,1,20.28,18.76
ORD-2026-001962,1,PROD-003,1,14.37,13.95
ORD-2026-001963,1,PROD-005,1,20.28,18.21
ORD-2026-001963,2,PROD-003,2,14.37,25.33
ORD-2026-001963,3,PROD-006,2,32.39,51.97
ORD-2026-001964,1,PROD-021,1,15.49,11.63
ORD-2026-001965,1,PROD-034,1,9.01,7.17
ORD-2026-001966,1,PROD-035,2,10.14,18.53
ORD-2026-001966,2,PROD-027,1,21.13,20.84
ORD-2026-001967,1,PROD-020,1,10.14,9.13
ORD-2026-001967,2,PROD-004,2,20.28,36.04
ORD-2026-001967,3,PROD-001,2,12.9,19.36
ORD-2026-001968,1,PROD-005,1,20.28,19.66
ORD-2026-001968,2,PROD-044,1,40.85,37.7
ORD-2026-001969,1,PROD-045,1,72.68,67.08
ORD-2026-001970,1,PROD-010,1,38.03,36.09
ORD-2026-001971,1,PROD-055,1,74.65,73.37
ORD-2026-001972,1,PROD-005,1,20.28,16.83
ORD-2026-001973,1,PROD-002,1,11.9,10.91
ORD-2026-001973,2,PROD-026,1,14.65,12.64
ORD-2026-001974,1,PROD-025,2,21.97,36.1
ORD-2026-001975,1,PROD-026,2,14.65,28.68
ORD-2026-001975,2,PROD-005,1,20.28,17.99
ORD-2026-001976,1,PROD-003,2,14.37,27.97
ORD-2026-001977,1,PROD-051,1,36.06,30.17
ORD-2026-001978,1,PROD-035,1,10.14,8.97
ORD-2026-001979,1,PROD-028,1,17.18,16.34
ORD-2026-001980,1,PROD-023,2,7.89,15.61
ORD-2026-001981,1,PROD-001,2,12.9,24.32
ORD-2026-001982,1,PROD-003,1,14.37,13.15
ORD-2026-001983,1,PROD-001,3,12.9,35.89
ORD-2026-001984,1,PROD-022,1,9.01,8.3
ORD-2026-001984,2,PROD-006,3,32.39,95.04
ORD-2026-001985,1,PROD-001,2,12.9,25.01
ORD-2026-001985,2,PROD-017,1,12.5,12.23
ORD-2026-001986,1,PROD-008,1,9.9,9.47
ORD-2026-001987,1,PROD-032,1,19.72,17.99
ORD-2026-001988,1,PROD-015,1,26.76,20.94
ORD-2026-001989,1,PROD-001,3,12.9,33.59
ORD-2026-001989,2,PROD-022,1,9.01,7.69
ORD-2026-001990,1,PROD-034,1,9.01,8.63
ORD-2026-001991,1,PROD-034,2,9.01,16.81
ORD-2026-001991,2,PROD-002,1,11.9,11.46
ORD-2026-001991,3,PROD-007,2,17.18,33.51
ORD-2026-001991,4,PROD-004,1,20.28,20.01
ORD-2026-001992,1,PROD-037,2,9.86,19.31
ORD-2026-001993,1,PROD-010,1,38.03,37.44
ORD-2026-001993,2,PROD-035,1,10.14,9.12
ORD-2026-001993,3,PROD-034,2,9.01,16.6
ORD-2026-001994,1,PROD-002,1,11.9,11.29
ORD-2026-001995,1,PROD-039,1,8.17,7.86
ORD-2026-001996,1,PROD-040,1,15.21,14.88
ORD-2026-001997,1,PROD-001,1,12.9,12.37
ORD-2026-001998,1,PROD-006,1,32.39,27.2
ORD-2026-001999,1,PROD-008,2,9.9,12.66
ORD-2026-002000,1,PROD-021,2,15.49,30.91
ORD-2026-002001,1,PROD-003,2,14.37,27.22
ORD-2026-002002,1,PROD-026,1,14.65,13.99
ORD-2026-002003,1,PROD-005,1,20.28,19.01
ORD-2026-002003,2,PROD-024,1,8.73,6.88
ORD-2026-002003,3,PROD-041,2,11.83,17.27
ORD-2026-002004,1,PROD-016,2,8.9,13.37
ORD-2026-002005,1,PROD-003,1,14.37,13.41
ORD-2026-002006,1,PROD-001,1,12.9,9.92
ORD-2026-002006,2,PROD-016,3,8.9,21.9
ORD-2026-002006,3,PROD-012,2,18.5,22.36
ORD-2026-002007,1,PROD-041,1,11.83,9.99
ORD-2026-002008,1,PROD-010,1,38.03,37.11
ORD-2026-002008,2,PROD-015,2,26.76,52.37
ORD-2026-002009,1,PROD-001,1,12.9,11.65
ORD-2026-002010,1,PROD-004,3,20.28,58.55
ORD-2026-002011,1,PROD-003,3,14.37,31.91
ORD-2026-002012,1,PROD-049,1,80.28,75.48
ORD-2026-002013,1,PROD-006,1,32.39,29.62
ORD-2026-002014,1,PROD-002,1,11.9,11.4
ORD-2026-002015,1,PROD-025,1,21.97,15.65
ORD-2026-002015,2,PROD-023,1,7.89,6.68
ORD-2026-002016,1,PROD-005,2,20.28,36.88
ORD-2026-002016,2,PROD-003,2,14.37,26.14
ORD-2026-002017,1,PROD-023,1,7.89,7.5
ORD-2026-002017,2,PROD-004,1,20.28,18.66
ORD-2026-002018,1,PROD-002,1,11.9,10.56
ORD-2026-002019,1,PROD-003,2,14.37,13.95
ORD-2026-002020,1,PROD-005,2,20.28,39.29
ORD-2026-002020,2,PROD-001,1,12.9,12.25
ORD-2026-002021,1,PROD-039,1,8.17,7.2
ORD-2026-002021,2,PROD-005,1,20.28,19.75
ORD-2026-002022,1,PROD-025,1,21.97,19.53
ORD-2026-002023,1,PROD-035,2,10.14,19.51
ORD-2026-002024,1,PROD-020,1,10.14,8.87
ORD-2026-002024,2,PROD-038,1,7.89,6.92
ORD-2026-002024,3,PROD-010,3,38.03,96.03
ORD-2026-002024,4,PROD-004,1,20.28,17.61
ORD-2026-002025,1,PROD-010,2,38.03,62.86
ORD-2026-002026,1,PROD-004,1,20.28,17.75
ORD-2026-002026,2,PROD-038,2,7.89,13.73
ORD-2026-002027,1,PROD-032,3,19.72,57.96
ORD-2026-002028,1,PROD-001,2,12.9,25.48
ORD-2026-002028,2,PROD-005,1,20.28,19.27
ORD-2026-002028,3,PROD-035,3,10.14,29.95
ORD-2026-002029,1,PROD-052,1,46.48,44.86
ORD-2026-002030,1,PROD-042,2,73.24,99.14
ORD-2026-002031,1,PROD-010,1,38.03,33.41
ORD-2026-002032,1,PROD-006,2,32.39,46.67
ORD-2026-002033,1,PROD-041,4,11.83,0.0
ORD-2026-002034,1,PROD-039,2,8.17,11.91
ORD-2026-002035,1,PROD-036,1,11.55,11.15
ORD-2026-002035,2,PROD-002,3,11.9,24.56
ORD-2026-002036,1,PROD-001,2,12.9,25.34
ORD-2026-002036,2,PROD-032,2,19.72,36.6
ORD-2026-002037,1,PROD-027,1,21.13,16.52
ORD-2026-002038,1,PROD-037,1,9.86,9.32
ORD-2026-002039,1,PROD-040,1,15.21,11.1
ORD-2026-002040,1,PROD-004,1,20.28,17.86
ORD-2026-002040,2,PROD-003,2,14.37,28.17
ORD-2026-002041,1,PROD-003,2,14.37,27.97
ORD-2026-002041,2,PROD-017,1,12.5,11.94
ORD-2026-002042,1,PROD-005,1,20.28,18.43
ORD-2026-002042,2,PROD-004,2,20.28,33.75
ORD-2026-002043,1,PROD-022,1,9.01,6.86
ORD-2026-002044,1,PROD-032,1,19.72,16.41
ORD-2026-002045,1,PROD-008,1,9.9,9.85
 ORD-2026-002046 ,1,PROD-026,1,14.65,14.31
ORD-2026-002047,1,PROD-050,1,61.97,59.49
ORD-2026-002047,2,PROD-001,3,12.9,37.94
ORD-2026-002048,1,PROD-041,3,11.83,32.19
ORD-2026-002049,1,PROD-032,2,19.72,33.4
ORD-2026-002049,2,PROD-034,2,9.01,17.62
ORD-2026-002050,1,PROD-032,1,19.72,18.52
ORD-2026-002051,1,PROD-054,1,59.15,54.19
ORD-2026-002052,1,PROD-014,2,9.9,14.21
ORD-2026-002053,1,PROD-007,1,17.18,15.58
ORD-2026-002054,1,PROD-003,2,14.37,28.04
ORD-2026-002055,1,PROD-056,1,101.41,99.94
ORD-2026-002056,1,PROD-004,2,20.28,40.21
ORD-2026-002057,1,PROD-024,1,8.73,6.92
ORD-2026-002057,2,PROD-028,2,17.18,27.66
 ORD-2026-002058 ,1,PROD-001,1,12.9,11.66
ORD-2026-002058,2,PROD-044,1,40.85,35.43
ORD-2026-002059,1,PROD-001,1,12.9,11.5
ORD-2026-002060,1,PROD-002,2,11.9,23.67
ORD-2026-002061,1,PROD-002,1,11.9,11.12
ORD-2026-002061,2,PROD-034,1,9.01,8.58
ORD-2026-002061,3,PROD-010,1,38.03,35.93
ORD-2026-002062,1,PROD-020,1,10.14,8.83
ORD-2026-002063,1,PROD-051,1,36.06,30.74
ORD-2026-002064,1,PROD-032,1,19.72,19.43
ORD-2026-002065,1,PROD-021,2,15.49,29.03
ORD-2026-002065,2,PROD-002,1,11.9,11.68
ORD-2026-002066,1,PROD-027,1,21.13,20.71
ORD-2026-002067,1,PROD-001,2,12.9,16.91
ORD-2026-002068,1,PROD-001,2,12.9,24.15
ORD-2026-002069,1,PROD-040,1,15.21,9.0
ORD-2026-002069,2,PROD-034,1,9.01,4.51
ORD-2026-002070,1,PROD-004,2,20.28,28.8
ORD-2026-002071,1,PROD-001,3,12.9,35.08
ORD-2026-002072,1,PROD-001,1,12.9,10.16
ORD-2026-002073,1,PROD-036,1,11.55,10.18
ORD-2026-002073,2,PROD-004,2,20.28,32.57
ORD-2026-002074,1,PROD-001,1,12.9,12.65
ORD-2026-002075,1,PROD-005,1,20.28,-18.38
ORD-2026-002075,2,PROD-023,1,7.89,7.65
ORD-2026-002076,1,PROD-039,2,8.17,15.32
ORD-2026-002076,2,PROD-007,2,17.18,33.07
ORD-2026-002077,1,PROD-034,2,9.01,17.67
ORD-2026-002078,1,PROD-008,2,9.9,19.17
ORD-2026-002078,2,PROD-032,3,19.72,45.76
ORD-2026-002079,1,PROD-008,1,9.9,9.15
ORD-2026-002080,1,PROD-032,1,19.72,15.93
ORD-2026-002081,1,PROD-001,1,12.9,12.3
ORD-2026-002082,1,PROD-003,2,14.37,28.23
ORD-2026-002083,1,PROD-004,2,20.28,34.75
ORD-2026-002083,2,PROD-034,1,9.01,8.22
ORD-2026-002084,1,PROD-040,1,15.21,14.06
ORD-2026-002084,2,PROD-028,2,17.18,30.11
ORD-2026-002084,3,PROD-001,1,12.9,12.19
ORD-2026-002084,4,PROD-034,2,9.01,17.93
ORD-2026-002085,1,PROD-001,2,12.9,23.22
ORD-2026-002085,2,PROD-005,2,20.28,39.7
ORD-2026-002085,3,PROD-035,3,10.14,28.42
ORD-2026-002086,1,PROD-032,2,19.72,37.25
ORD-2026-002087,1,PROD-024,1,8.73,7.36
ORD-2026-002088,1,PROD-004,1,20.28,11.72
ORD-2026-002089,1,PROD-037,2,9.86,19.04
ORD-2026-002090,1,PROD-007,3,17.18,45.1
ORD-2026-002090,2,PROD-016,2,8.9,17.39
ORD-2026-002090,3,PROD-041,1,11.83,10.76
ORD-2026-002090,4,PROD-039,1,8.17,7.02
ORD-2026-002090,5,PROD-047,1,108.45,99.73
ORD-2026-002091,1,PROD-053,1,53.52,46.39
ORD-2026-002091,2,PROD-004,3,20.28,51.22
ORD-2026-002092,1,PROD-020,2,10.14,18.8
ORD-2026-002093,1,PROD-004,1,20.28,19.3
ORD-2026-002093,2,PROD-028,1,17.18,16.53
ORD-2026-002094,1,PROD-042,1,73.24,70.98
ORD-2026-002095,1,PROD-005,2,20.28,35.25
ORD-2026-002095,2,PROD-004,1,20.28,15.61
ORD-2026-002096,1,PROD-005,1,20.28,18.08
ORD-2026-002097,1,PROD-030,1,49.3,46.57
ORD-2026-002097,2,PROD-005,1,20.28,20.01
ORD-2026-002097,3,PROD-034,1,9.01,8.64
ORD-2026-002097,4,PROD-002,1,11.9,-10.92
ORD-2026-002098,1,PROD-032,1,19.72,18.8
ORD-2026-002098,2,PROD-028,1,17.18,13.64
ORD-2026-002098,3,PROD-004,1,20.28,18.34
ORD-2026-002099,1,PROD-005,1,20.28,19.14
ORD-2026-002100,1,PROD-003,1,14.37,14.08
ORD-2026-002101,1,PROD-003,1,14.37,14.34
ORD-2026-002102,1,PROD-021,1,15.49,14.71
ORD-2026-002102,2,PROD-036,3,11.55,33.19
ORD-2026-002103,1,PROD-025,1,21.97,21.62
ORD-2026-002104,1,PROD-038,1,7.89,5.49
ORD-2026-002104,2,PROD-023,1,7.89,6.71
ORD-2026-002104,3,PROD-001,2,12.9,22.22
ORD-2026-002105,1,PROD-001,1,12.9,12.64
ORD-2026-002106,1,PROD-022,2,9.01,17.86
ORD-2026-002107,1,PROD-023,1,7.89,7.53
ORD-2026-002108,1,PROD-037,2,9.86,18.33
ORD-2026-002109,1,PROD-053,1,53.52,46.62
ORD-2026-002109,2,PROD-003,1,14.37,12.47
ORD-2026-002110,1,PROD-032,1,19.72,19.13
ORD-2026-002111,1,PROD-039,3,8.17,11.03
ORD-2026-002111,2,PROD-005,1,20.28,14.78
ORD-2026-002112,1,PROD-001,2,12.9,25.32
ORD-2026-002113,1,PROD-002,2,11.9,23.27
ORD-2026-002113,2,PROD-007,1,17.18,15.4
ORD-2026-002114,1,PROD-039,1,8.17,7.88
ORD-2026-002114,2,PROD-040,1,15.21,12.23
ORD-2026-002115,1,PROD-029,1,24.79,24.49
ORD-2026-002115,2,PROD-005,1,20.28,20.03
ORD-2026-002115,3,PROD-010,1,38.03,37.62
ORD-2026-002116,1,PROD-001,2,12.9,23.43
ORD-2026-002116,2,PROD-014,1,9.9,9.84
ORD-2026-002117,1,PROD-035,1,10.14,7.72
ORD-2026-002117,2,PROD-039,1,8.17,6.48
ORD-2026-002117,3,PROD-004,2,20.28,38.3
ORD-2026-002117,4,PROD-032,1,19.72,16.9
ORD-2026-002118,1,PROD-001,3,12.9,33.47
ORD-2026-002118,2,PROD-004,1,20.28,18.99
ORD-2026-002119,1,PROD-004,1,20.28,20.15
ORD-2026-002120,1,PROD-017,1,12.5,7.68
ORD-2026-002120,2,PROD-032,1,19.72,14.58
ORD-2026-002121,1,PROD-032,1,19.72,18.53
ORD-2026-002122,1,PROD-021,1,15.49,14.23
ORD-2026-002122,2,PROD-004,1,20.28,17.93
ORD-2026-002122,3,PROD-007,2,17.18,30.23
ORD-2026-002123,1,PROD-005,2,20.28,39.51
ORD-2026-002124,1,PROD-010,2,38.03,65.15
ORD-2026-002125,1,PROD-024,1,8.73,8.33
ORD-2026-002125,2,PROD-028,2,17.18,34.21
ORD-2026-002126,1,PROD-021,1,15.49,14.85
ORD-2026-002126,2,PROD-029,2,24.79,41.31
ORD-2026-002127,1,PROD-010,1,38.03,35.3
ORD-2026-002128,1,PROD-040,2,15.21,28.0
ORD-2026-002128,2,PROD-041,2,11.83,23.26
ORD-2026-002129,1,PROD-010,2,38.03,61.24
ORD-2026-002130,1,PROD-007,2,17.18,32.53
ORD-2026-002130,2,PROD-003,1,14.37,13.23
ORD-2026-002131,1,PROD-002,1,11.9,11.24
ORD-2026-002132,1,PROD-010,1,38.03,32.3
ORD-2026-002133,1,PROD-003,2,14.37,26.78
ORD-2026-002133,2,PROD-004,1,20.28,19.29
ORD-2026-002134,1,PROD-040,2,15.21,28.93
ORD-2026-002135,1,PROD-001,2,12.9,25.53
ORD-2026-002136,1,PROD-004,2,20.28,36.93
ORD-2026-002137,1,PROD-001,3,12.9,35.26
ORD-2026-002137,2,PROD-024,1,8.73,8.26
ORD-2026-002137,3,PROD-010,2,38.03,73.12
ORD-2026-002138,1,PROD-042,3,73.24,201.81
ORD-2026-002138,2,PROD-004,1,20.28,19.22
ORD-2026-002139,1,PROD-031,1,53.52,48.24
ORD-2026-002139,2,PROD-002,3,11.9,26.87
ORD-2026-002140,1,PROD-030,1,49.3,46.5
ORD-2026-002141,1,PROD-042,1,73.24,42.56
ORD-2026-002141,2,PROD-034,1,9.01,4.91
ORD-2026-002142,1,PROD-003,1,14.37,14.07
ORD-2026-002143,1,PROD-029,1,24.79,24.09
ORD-2026-002144,1,PROD-006,1,32.39,24.96
ORD-2026-002145,1,PROD-037,1,9.86,9.5
ORD-2026-002146,1,PROD-004,1,20.28,18.32
ORD-2026-002146,2,PROD-034,1,9.01,6.72
ORD-2026-002147,1,PROD-004,2,20.28,39.08
ORD-2026-002148,1,PROD-008,1,9.9,9.0
ORD-2026-002149,1,PROD-007,1,17.18,15.34
ORD-2026-002149,2,PROD-038,1,7.89,6.65
ORD-2026-002149,3,PROD-001,1,12.9,11.61
ORD-2026-002150,1,PROD-002,1,11.9,11.25
ORD-2026-002150,2,PROD-039,2,8.17,16.04
ORD-2026-002151,1,PROD-041,2,11.83,23.09
ORD-2026-002151,2,PROD-029,1,24.79,23.32
ORD-2026-002152,1,PROD-002,1,11.9,10.27
ORD-2026-002153,1,PROD-013,2,11.9,22.91
ORD-2026-002154,1,PROD-004,2,20.28,20.74
ORD-2026-002154,2,PROD-003,1,14.37,9.01
ORD-2026-002154,3,PROD-014,1,9.9,6.67
ORD-2026-002154,4,PROD-034,1,9.01,4.05
ORD-2026-002155,1,PROD-026,1,14.65,13.4
ORD-2026-002156,1,PROD-004,1,20.28,17.92
ORD-2026-002157,1,PROD-034,3,9.01,21.06
ORD-2026-002157,2,PROD-033,2,52.11,97.3
ORD-2026-002158,1,PROD-053,1,53.52,51.5
ORD-2026-002159,1,PROD-040,1,15.21,12.74
ORD-2026-002160,1,PROD-039,3,8.17,18.5
ORD-2026-002161,1,PROD-040,2,15.21,27.36
ORD-2026-002161,2,PROD-036,4,11.55,45.78
ORD-2026-002161,3,PROD-035,1,10.14,10.03
ORD-2026-002161,4,PROD-037,2,9.86,18.71
ORD-2026-002162,1,PROD-023,1,7.89,6.31
ORD-2026-002162,2,PROD-011,1,14.9,10.74
ORD-2026-002162,3,PROD-052,1,46.48,40.1
ORD-2026-002163,1,PROD-041,2,11.83,19.74
ORD-2026-002164,1,PROD-006,1,32.39,30.59
ORD-2026-002164,2,PROD-005,1,20.28,19.84
ORD-2026-002165,1,PROD-002,2,11.9,21.88
ORD-2026-002165,2,PROD-008,2,9.9,19.07
ORD-2026-002165,3,PROD-035,4,10.14,38.11
ORD-2026-002166,1,PROD-001,1,12.9,12.3
ORD-2026-002167,1,PROD-014,1,9.9,9.77
ORD-2026-002168,1,PROD-027,1,21.13,19.76
ORD-2026-002169,1,PROD-017,2,12.5,19.18
ORD-2026-002169,2,PROD-004,1,20.28,17.78
ORD-2026-002169,3,PROD-003,2,14.37,27.92
ORD-2026-002170,1,PROD-001,2,12.9,21.95
ORD-2026-002171,1,PROD-005,1,20.28,19.76
ORD-2026-002172,1,PROD-004,1,20.28,20.02
ORD-2026-002172,2,PROD-016,2,8.9,17.38
ORD-2026-002173,1,PROD-007,1,17.18,15.34
ORD-2026-002174,1,PROD-037,3,9.86,25.69
ORD-2026-002175,1,PROD-007,1,17.18,9.95
ORD-2026-002175,2,PROD-041,2,11.83,21.39
ORD-2026-002176,1,PROD-016,2,8.9,16.83
ORD-2026-002177,1,PROD-016,1,8.9,4.0
ORD-2026-002177,2,PROD-006,1,32.39,14.58
ORD-2026-002177,3,PROD-041,1,11.83,-9.28
ORD-2026-002178,1,PROD-003,1,14.37,11.82
ORD-2026-002178,2,PROD-007,1,17.18,15.57
ORD-2026-002178,3,PROD-016,1,8.9,8.32
ORD-2026-002178,4,PROD-020,1,10.14,9.52
ORD-2026-002179,1,PROD-010,1,38.03,36.63
ORD-2026-002180,1,PROD-004,1,20.28,15.37
ORD-2026-002180,2,PROD-047,1,108.45,90.52
ORD-2026-002180,3,PROD-032,4,19.72,55.4
ORD-2026-002181,1,PROD-040,4,15.21,59.8
ORD-2026-002182,1,PROD-004,2,20.28,39.33
ORD-2026-002183,1,PROD-021,1,15.49,14.9
ORD-2026-002183,2,PROD-002,2,11.9,18.31
ORD-2026-002183,3,PROD-039,1,8.17,7.69
ORD-2026-002184,1,PROD-033,1,52.11,50.83
ORD-2026-002185,1,PROD-004,1,20.28,18.77
ORD-2026-002186,1,PROD-004,1,20.28,18.21
ORD-2026-002187,1,PROD-027,2,21.13,40.07
ORD-2026-002187,2,PROD-015,1,26.76,25.05
ORD-2026-002188,1,PROD-056,1,101.41,97.23
ORD-2026-002189,1,PROD-004,2,20.28,36.26
ORD-2026-002190,1,PROD-022,1,9.01,8.82
ORD-2026-002191,1,PROD-014,2,9.9,17.0
ORD-2026-002192,1,PROD-006,2,32.39,-61.46
ORD-2026-002192,2,PROD-016,1,8.9,8.44
ORD-2026-002192,3,PROD-012,1,18.5,14.5
ORD-2026-002193,1,PROD-050,1,61.97,60.72
ORD-2026-002194,1,PROD-033,2,52.11,103.44
ORD-2026-002194,2,PROD-029,1,24.79,17.21
ORD-2026-002194,3,PROD-015,2,26.76,25.37
ORD-2026-002195,1,PROD-029,1,24.79,22.48
ORD-2026-002195,2,PROD-006,2,32.39,53.67
ORD-2026-002196,1,PROD-008,2,9.9,19.21
ORD-2026-002196,2,PROD-053,1,53.52,51.69
ORD-2026-002197,1,PROD-011,1,14.9,13.05
ORD-2026-002197,2,PROD-044,1,40.85,28.94
ORD-2026-002198,1,PROD-003,2,14.37,26.46
ORD-2026-002199,1,PROD-005,1,20.28,18.98
ORD-2026-002200,1,PROD-002,1,11.9,7.21
ORD-2026-002201,1,PROD-008,2,9.9,19.25
ORD-2026-002201,2,PROD-032,3,19.72,53.77
ORD-2026-002201,3,PROD-041,1,11.83,10.64
ORD-2026-002201,4,PROD-034,2,9.01,14.99
ORD-2026-002202,1,PROD-041,3,11.83,32.53
ORD-2026-002203,1,PROD-003,3,14.37,41.98
ORD-2026-002204,1,PROD-036,1,11.55,11.45
ORD-2026-002205,1,PROD-031,1,53.52,47.96
ORD-2026-002205,2,PROD-039,3,8.17,23.75
ORD-2026-002205,3,PROD-022,1,9.01,8.64
ORD-2026-002206,1,PROD-003,1,14.37,9.68
ORD-2026-002207,1,PROD-034,3,9.01,24.94
ORD-2026-002207,2,PROD-037,1,9.86,9.54
ORD-2026-002207,3,PROD-041,2,11.83,19.27
ORD-2026-002208,1,PROD-001,1,12.9,12.63
ORD-2026-002209,1,PROD-017,1,12.5,10.56
ORD-2026-002210,1,PROD-039,1,8.17,7.82
ORD-2026-002210,2,PROD-003,1,14.37,13.74
ORD-2026-002210,3,PROD-001,3,12.9,30.75
ORD-2026-002211,1,PROD-001,2,12.9,20.41
ORD-2026-002212,1,PROD-004,1,20.28,19.02
ORD-2026-002213,1,PROD-017,1,12.5,12.07
ORD-2026-002213,2,PROD-001,2,12.9,24.6
ORD-2026-002214,1,PROD-038,3,7.89,19.46
ORD-2026-002215,1,PROD-003,1,14.37,12.52
ORD-2026-002216,1,PROD-001,1,12.9,12.62
ORD-2026-002216,2,PROD-034,2,9.01,17.78
ORD-2026-002217,1,PROD-007,1,17.18,15.72
ORD-2026-002218,1,PROD-050,2,61.97,120.42
ORD-2026-002219,1,PROD-041,1,11.83,8.95
ORD-2026-002220,1,PROD-029,1,24.79,22.42
ORD-2026-002221,1,PROD-004,1,20.28,17.34
ORD-2026-002222,1,PROD-032,3,19.72,57.44
ORD-2026-002223,1,PROD-003,1,14.37,13.45
ORD-2026-002224,1,PROD-022,1,9.01,7.07
ORD-2026-002225,1,PROD-003,3,14.37,32.65
ORD-2026-002226,1,PROD-042,1,73.24,71.82
ORD-2026-002227,1,PROD-021,1,15.49,14.8
ORD-2026-002228,1,PROD-006,1,32.39,28.81
ORD-2026-002229,1,PROD-001,1,12.9,12.22
ORD-2026-002230,1,PROD-006,2,32.39,57.65
ORD-2026-002231,1,PROD-035,2,10.14,15.91
ORD-2026-002232,1,PROD-048,1,55.77,32.6
ORD-2026-002233,1,PROD-006,1,32.39,-32.2
ORD-2026-002234,1,PROD-002,1,11.9,11.37
ORD-2026-002235,1,PROD-050,1,61.97,59.87
ORD-2026-002236,1,PROD-006,1,32.39,31.59
ORD-2026-002237,1,PROD-038,2,7.89,15.16
ORD-2026-002238,1,PROD-019,3,29.58,86.06
ORD-2026-002238,2,PROD-032,1,19.72,18.41
ORD-2026-002239,1,PROD-005,1,20.28,16.54
ORD-2026-002239,2,PROD-035,4,10.14,39.1
ORD-2026-002239,3,PROD-036,3,11.55,34.23
ORD-2026-002240,1,PROD-044,1,40.85,28.91
ORD-2026-002241,1,PROD-012,1,18.5,15.32
ORD-2026-002242,1,PROD-005,1,20.28,17.09
ORD-2026-002243,1,PROD-005,2,20.28,40.28
ORD-2026-002244,1,PROD-008,1,9.9,9.65
ORD-2026-002244,2,PROD-014,1,9.9,9.36
ORD-2026-002244,3,PROD-010,1,38.03,35.39
ORD-2026-002245,1,PROD-017,2,12.5,17.69
ORD-2026-002246,1,PROD-003,2,14.37,26.77
ORD-2026-002247,1,PROD-005,1,20.28,18.67
ORD-2026-002247,2,PROD-031,1,53.52,51.1
ORD-2026-002247,3,PROD-047,2,108.45,213.34
ORD-2026-002248,1,PROD-017,2,12.5,24.31
ORD-2026-002249,1,PROD-007,2,17.18,31.93
ORD-2026-002250,1,PROD-008,1,9.9,7.42
ORD-2026-002251,1,PROD-005,1,20.28,19.54
ORD-2026-002251,2,PROD-034,1,9.01,7.44
ORD-2026-002251,3,PROD-044,1,40.85,-38.49
ORD-2026-002252,1,PROD-026,2,14.65,25.49
ORD-2026-002252,2,PROD-047,1,108.45,94.53
ORD-2026-002253,1,PROD-004,2,20.28,39.08
ORD-2026-002253,2,PROD-035,3,10.14,27.48
ORD-2026-002253,3,PROD-034,2,9.01,17.18
ORD-2026-002254,1,PROD-047,1,108.45,104.73
ORD-2026-002254,2,PROD-007,2,17.18,33.73
ORD-2026-002255,1,PROD-002,1,11.9,9.45
ORD-2026-002256,1,PROD-005,1,20.28,18.25
ORD-2026-002257,1,PROD-003,2,14.37,26.83
ORD-2026-002258,1,PROD-004,2,20.28,34.78
ORD-2026-002259,1,PROD-003,3,14.37,40.62
ORD-2026-002260,1,PROD-021,1,15.49,15.24
ORD-2026-002261,1,PROD-034,1,9.01,8.99
ORD-2026-002261,2,PROD-006,3,32.39,96.5
ORD-2026-002262,1,PROD-004,2,20.28,37.54
ORD-2026-002262,2,PROD-040,1,15.21,12.44
ORD-2026-002262,3,PROD-026,1,14.65,10.3
ORD-2026-002263,1,PROD-003,2,14.37,27.33
ORD-2026-002263,2,PROD-034,2,9.01,16.47
ORD-2026-002264,1,PROD-016,1,8.9,8.55
ORD-2026-002265,1,PROD-004,1,20.28,10.82
ORD-2026-002266,1,PROD-040,1,15.21,14.07
ORD-2026-002267,1,PROD-006,2,32.39,60.59
ORD-2026-002268,1,PROD-003,1,14.37,12.04
ORD-2026-002268,2,PROD-038,1,7.89,6.85
ORD-2026-002268,3,PROD-023,2,7.89,14.43
ORD-2026-002269,1,PROD-002,1,11.9,10.43
ORD-2026-002269,2,PROD-004,2,20.28,39.36
ORD-2026-002270,1,PROD-032,2,19.72,31.96
ORD-2026-002270,2,PROD-007,2,17.18,29.56
ORD-2026-002271,1,PROD-001,1,12.9,10.04
ORD-2026-002271,2,PROD-044,1,40.85,39.86
ORD-2026-002272,1,PROD-004,2,20.28,38.38
ORD-2026-002273,1,PROD-030,1,49.3,42.54
ORD-2026-002274,1,PROD-052,1,46.48,40.39
ORD-2026-002274,2,PROD-005,3,20.28,47.38
ORD-2026-002275,1,PROD-005,1,20.28,16.09
ORD-2026-002275,2,PROD-001,1,12.9,8.93
ORD-2026-002276,1,PROD-005,1,20.28,18.23
ORD-2026-002276,2,PROD-056,1,101.41,68.92
ORD-2026-002277,1,PROD-006,1,32.39,30.32
ORD-2026-002277,2,PROD-042,1,73.24,66.79
ORD-2026-002277,3,PROD-048,1,55.77,45.27
ORD-2026-002278,1,PROD-041,1,11.83,5.32
ORD-2026-002279,1,PROD-035,3,10.14,28.13
ORD-2026-002280,1,PROD-003,1,14.37,10.4
ORD-2026-002281,1,PROD-017,1,12.5,11.75
ORD-2026-002281,2,PROD-014,3,9.9,29.22
ORD-2026-002282,1,PROD-031,1,53.52,51.55
ORD-2026-002283,1,PROD-002,1,11.9,10.3
ORD-2026-002284,1,PROD-001,1,12.9,12.04
ORD-2026-002284,2,PROD-006,1,32.39,27.9
ORD-2026-002284,3,PROD-005,1,20.28,19.61
ORD-2026-002284,4,PROD-007,1,17.18,15.19
ORD-2026-002285,1,PROD-020,1,10.14,9.67
ORD-2026-002285,2,PROD-041,3,11.83,31.39
ORD-2026-002285,3,PROD-022,1,9.01,7.76
ORD-2026-002286,1,PROD-038,1,7.89,6.76
ORD-2026-002287,1,PROD-005,2,20.28,0.0
ORD-2026-002288,1,PROD-005,1,20.28,18.97
ORD-2026-002289,1,PROD-006,2,32.39,64.02
ORD-2026-002289,2,PROD-004,2,20.28,37.44
ORD-2026-002289,3,PROD-041,1,11.83,11.64
ORD-2026-002290,1,PROD-008,2,9.9,18.75
ORD-2026-002290,2,PROD-034,1,9.01,7.85
ORD-2026-002290,3,PROD-017,2,12.5,21.35
ORD-2026-002290,4,PROD-026,1,14.65,13.41
ORD-2026-002291,1,PROD-016,1,8.9,8.29
ORD-2026-002291,2,PROD-006,1,32.39,28.9
ORD-2026-002292,1,PROD-001,3,12.9,34.54
ORD-2026-002292,2,PROD-039,1,8.17,5.61
ORD-2026-002293,1,PROD-006,2,32.39,53.32
ORD-2026-002293,2,PROD-047,1,108.45,95.05
ORD-2026-002294,1,PROD-006,1,32.39,31.91
ORD-2026-002294,2,PROD-010,1,38.03,36.97
ORD-2026-002295,1,PROD-001,1,12.9,12.42
ORD-2026-002296,1,PROD-034,1,9.01,8.63
ORD-2026-002297,1,PROD-001,1,12.9,10.41
ORD-2026-002297,2,PROD-024,1,8.73,7.67
ORD-2026-002298,1,PROD-034,2,9.01,16.94
ORD-2026-002298,2,PROD-005,1,20.28,19.77
ORD-2026-002298,3,PROD-054,1,59.15,48.89
ORD-2026-002298,4,PROD-001,1,12.9,11.76
ORD-2026-002299,1,PROD-023,1,7.89,4.79
ORD-2026-002299,2,PROD-001,1,12.9,11.34
ORD-2026-002300,1,PROD-013,2,11.9,22.79
ORD-2026-002301,1,PROD-004,2,20.28,40.18
ORD-2026-002302,1,PROD-002,1,11.9,11.67
ORD-2026-002302,2,PROD-039,1,8.17,7.73
ORD-2026-002302,3,PROD-020,1,10.14,9.73
ORD-2026-002303,1,PROD-028,1,17.18,17.05
ORD-2026-002304,1,PROD-040,2,15.21,26.12
ORD-2026-002305,1,PROD-053,1,53.52,51.16
ORD-2026-002305,2,PROD-004,1,20.28,17.27
ORD-2026-002306,1,PROD-010,2,38.03,71.2
ORD-2026-002306,2,PROD-037,3,9.86,27.0
ORD-2026-002307,1,PROD-007,2,17.18,32.45
ORD-2026-002307,2,PROD-024,2,8.73,17.25
ORD-2026-002308,1,PROD-036,1,11.55,11.04
ORD-2026-002309,1,PROD-040,4,15.21,53.65
ORD-2026-002310,1,PROD-001,1,12.9,12.39
ORD-2026-002310,2,PROD-004,2,20.28,38.93
ORD-2026-002311,1,PROD-028,1,17.18,16.89
ORD-2026-002312,1,PROD-005,1,20.28,18.1
ORD-2026-002313,1,PROD-027,1,21.13,20.59
ORD-2026-002313,2,PROD-031,1,53.52,46.39
ORD-2026-002313,3,PROD-002,2,11.9,23.17
ORD-2026-002314,1,PROD-028,1,17.18,16.51
ORD-2026-002315,1,PROD-024,1,8.73,8.51
ORD-2026-002315,2,PROD-030,2,49.3,87.48
ORD-2026-002315,3,PROD-016,1,8.9,8.62
ORD-2026-002316,1,PROD-001,1,12.9,12.19
ORD-2026-002316,2,PROD-041,1,11.83,11.08
ORD-2026-002316,3,PROD-003,1,14.37,13.77
ORD-2026-002317,1,PROD-001,3,12.9,37.64
ORD-2026-002318,1,PROD-027,1,21.13,17.36
ORD-2026-002318,2,PROD-029,1,24.79,13.4
ORD-2026-002318,3,PROD-041,1,11.83,10.64
ORD-2026-002319,1,PROD-006,3,32.39,92.14
ORD-2026-002319,2,PROD-004,1,20.28,18.19
ORD-2026-002320,1,PROD-033,1,52.11,50.68
ORD-2026-002320,2,PROD-001,1,12.9,12.67
ORD-2026-002321,1,PROD-008,1,9.9,8.76
ORD-2026-002322,1,PROD-041,2,11.83,22.22
ORD-2026-002322,2,PROD-003,3,14.37,40.83
ORD-2026-002323,1,PROD-022,1,9.01,8.09
ORD-2026-002324,1,PROD-001,1,12.9,11.34
ORD-2026-002324,2,PROD-037,2,9.86,18.79
ORD-2026-002325,1,PROD-041,1,11.83,10.84
ORD-2026-002326,1,PROD-004,2,20.28,36.13
ORD-2026-002327,1,PROD-041,2,11.83,22.85
ORD-2026-002327,2,PROD-004,2,20.28,38.76
ORD-2026-002328,1,PROD-017,1,12.5,11.07
ORD-2026-002329,1,PROD-038,1,7.89,7.49
ORD-2026-002329,2,PROD-029,1,24.79,22.66
ORD-2026-002330,1,PROD-035,1,10.14,9.73
ORD-2026-002331,1,PROD-037,1,9.86,5.61
ORD-2026-002332,1,PROD-008,1,9.9,8.79
ORD-2026-002333,1,PROD-004,1,20.28,18.85
ORD-2026-002333,2,PROD-034,1,9.01,8.77
ORD-2026-002334,1,PROD-004,1,20.28,18.7
ORD-2026-002335,1,PROD-030,1,49.3,40.57
ORD-2026-002335,2,PROD-045,1,72.68,58.37
ORD-2026-002335,3,PROD-035,2,10.14,19.72
ORD-2026-002335,4,PROD-005,2,20.28,39.2
ORD-2026-002336,1,PROD-004,2,20.28,39.32
ORD-2026-002337,1,PROD-004,1,20.28,19.62
ORD-2026-002338,1,PROD-038,1,7.89,5.78
ORD-2026-002339,1,PROD-004,2,20.28,27.23
ORD-2026-002340,1,PROD-002,1,11.9,9.35
ORD-2026-002340,2,PROD-003,2,14.37,26.21
ORD-2026-002341,1,PROD-005,3,20.28,54.65
ORD-2026-002342,1,PROD-032,3,19.72,0.0
ORD-2026-002342,2, PROD-003 ,1,14.37,13.68
ORD-2026-002343,1,PROD-041,1,11.83,9.34
ORD-2026-002344,1,PROD-008,1,9.9,9.21
ORD-2026-002345,1,PROD-041,1,11.83,10.7
ORD-2026-002345,2,PROD-036,2,11.55,21.94
ORD-2026-002345,3,PROD-037,4,9.86,33.58
ORD-2026-002346,1,PROD-016,1,8.9,8.34
ORD-2026-002346,2,PROD-036,2,11.55,20.29
ORD-2026-002347,1,PROD-030,1,49.3,47.43
ORD-2026-002348,1,PROD-020,1,10.14,8.15
ORD-2026-002348,2,PROD-027,1,21.13,18.17
ORD-2026-002348,3,PROD-007,1,17.18,13.82
ORD-2026-002349,1,PROD-041,1,11.83,9.98
ORD-2026-002349,2,PROD-005,1,20.28,19.01
ORD-2026-002349,3,PROD-023,1,7.89,5.67
ORD-2026-002350,1,PROD-002,1,11.9,11.02
ORD-2026-002351,1,PROD-011,3,14.9,41.46
ORD-2026-002352,1,PROD-010,1,38.03,35.89
ORD-2026-002353,1,PROD-006,2,32.39,64.26
ORD-2026-002354,1,PROD-005,2,20.28,30.33
ORD-2026-002354,2,PROD-024,1,8.73,7.63
ORD-2026-002355,1,PROD-001,3,12.9,36.47
ORD-2026-002356,1,PROD-024,2,8.73,13.14
ORD-2026-002356,2,PROD-032,2,19.72,17.75
ORD-2026-002356,3,PROD-027,1,21.13,15.05
ORD-2026-002357,1,PROD-005,1,20.28,17.07
ORD-2026-002358,1,PROD-004,3,20.28,58.72
ORD-2026-002359,1,PROD-002,1,11.9,10.94
ORD-2026-002360,1,PROD-002,2,11.9,21.78
ORD-2026-002360,2,PROD-038,1,7.89,7.42
ORD-2026-002360,3,PROD-025,2,21.97,37.58
ORD-2026-002360,4,PROD-004,3,20.28,59.01
ORD-2026-002361,1,PROD-002,1,11.9,11.43
ORD-2026-002362,1,PROD-001,1,12.9,12.13
ORD-2026-002363,1,PROD-003,1,14.37,13.88
ORD-2026-002364,1,PROD-047,1,108.45,101.61
ORD-2026-002365,1,PROD-007,1,17.18,14.1
ORD-2026-002366,1,PROD-029,1,24.79,23.51
ORD-2026-002367,1,PROD-044,1,40.85,37.9
ORD-2026-002368,1,PROD-048,1,55.77,52.02
ORD-2026-002368,2,PROD-011,3,14.9,44.09
ORD-2026-002369,1,PROD-037,4,9.86,37.33
ORD-2026-002370,1,PROD-001,2,12.9,24.36
ORD-2026-002371,1,PROD-005,1,20.28,19.15
ORD-2026-002371,2,PROD-053,1,53.52,45.4
ORD-2026-002371,3,PROD-014,1,9.9,8.85
ORD-2026-002371,4,PROD-021,1,15.49,13.55
ORD-2026-002372,1,PROD-035,1,10.14,8.39
ORD-2026-002372,2,PROD-004,1,20.28,19.43
ORD-2026-002373,1,PROD-034,1,9.01,7.8
ORD-2026-002374,1,PROD-003,1,14.37,12.81
ORD-2026-002375,1,PROD-039,1,8.17,6.9
ORD-2026-002375,2,PROD-003,1,14.37,9.03
ORD-2026-002375,3,PROD-024,1,8.73,7.35
ORD-2026-002376,1,PROD-045,1,72.68,48.17
ORD-2026-002377,1,PROD-013,1,11.9,11.74
ORD-2026-002378,1,PROD-004,3,20.28,54.15
ORD-2026-002379,1,PROD-001,2,12.9,23.4
ORD-2026-002379,2,PROD-007,3,17.18,49.78
ORD-2026-002379,3,PROD-041,1,11.83,11.59
ORD-2026-002380,1,PROD-032,1,19.72,18.49
ORD-2026-002381,1,PROD-007,1,17.18,16.6
ORD-2026-002382,1,PROD-041,1,11.83,10.81
ORD-2026-002383,1,PROD-002,1,11.9,9.96
ORD-2026-002384,1,PROD-005,2,20.28,38.3
ORD-2026-002385,1,PROD-001,1,12.9,5.8
ORD-2026-002386,1,PROD-036,2,11.55,22.64
ORD-2026-002386,2,PROD-020,1,10.14,9.59
ORD-2026-002387,1,PROD-007,2,17.18,28.88
ORD-2026-002388,1,PROD-004,1,20.28,19.02
ORD-2026-002388,2,PROD-030,1,49.3,48.61
ORD-2026-002388,3,PROD-039,2,8.17,16.19
ORD-2026-002389,1,PROD-036,1,11.55,11.48
ORD-2026-002389,2,PROD-041,2,11.83,23.32
ORD-2026-002389,3,PROD-048,1,55.77,55.45
ORD-2026-002390,1,PROD-006,1,32.39,30.01
ORD-2026-002390,2,PROD-024,1,8.73,8.37
ORD-2026-002391,1,PROD-016,1,8.9,8.71
ORD-2026-002391,2,PROD-034,4,9.01,35.36
ORD-2026-002392,1,PROD-006,2,32.39,63.39
ORD-2026-002392,2,PROD-035,2,10.14,19.48
ORD-2026-002392,3,PROD-004,2,20.28,37.91
ORD-2026-002393,1,PROD-044,1,40.85,32.49
ORD-2026-002393,2,PROD-007,1,17.18,13.41
ORD-2026-002394,1,PROD-051,2,36.06,68.69
ORD-2026-002394,2,PROD-011,1,14.9,14.66
ORD-2026-002395,1,PROD-008,1,9.9,9.35
ORD-2026-002395,2,PROD-049,1,80.28,69.39
ORD-2026-002396,1,PROD-010,3,38.03,106.87
ORD-2026-002397,1,PROD-039,1,8.17,7.27
ORD-2026-002398,1,PROD-004,1,20.28,19.42
ORD-2026-002399,1,PROD-005,3,20.28,55.63
ORD-2026-002400,1,PROD-023,1,7.89,6.86
ORD-2026-002400,2,PROD-037,1,9.86,8.91
ORD-2026-002401,1,PROD-045,1,72.68,61.61
ORD-2026-002402,1,PROD-007,1,17.18,16.46
ORD-2026-002403,1,PROD-004,2,20.28,0.0
ORD-2026-002404,1,PROD-005,2,20.28,35.85
ORD-2026-002405,1,PROD-006,1,32.39,31.56
ORD-2026-002405,2,PROD-003,1,14.37,14.26
ORD-2026-002406,1,PROD-004,2,20.28,39.79
ORD-2026-002407,1,PROD-040,2,15.21,23.64
ORD-2026-002407,2,PROD-006,1,32.39,26.66
ORD-2026-002407,3,PROD-005,2,20.28,39.81
ORD-2026-002407,4,PROD-010,1,38.03,36.41
ORD-2026-002407,5,PROD-021,1,15.49,11.46
ORD-2026-002408,1,PROD-017,3,12.5,35.45
ORD-2026-002408,2,PROD-004,3,20.28,49.57
ORD-2026-002409,1,PROD-025,1,21.97,20.59
ORD-2026-002410,1,PROD-008,1,9.9,8.58
ORD-2026-002411,1,PROD-016,1,8.9,6.72
ORD-2026-002412,1,PROD-008,1,9.9,0.0
ORD-2026-002412,2,PROD-033,1,52.11,51.7
ORD-2026-002413,1,PROD-040,1,15.21,13.34
ORD-2026-002414,1,PROD-039,2,8.17,15.06
ORD-2026-002414,2,PROD-005,1,20.28,18.88
ORD-2026-002414,3,PROD-021,1,15.49,15.07
ORD-2026-002414,4,PROD-001,3,12.9,37.72
ORD-2026-002415,1,PROD-003,3,14.37,39.65
 ORD-2026-002416 ,1,PROD-021,1,15.49,10.23
ORD-2026-002417,1,PROD-001,1,12.9,12.31
ORD-2026-002417,2,PROD-034,1,9.01,8.66
ORD-2026-002417,3,PROD-031,1,53.52,51.52
ORD-2026-002418,1,PROD-001,2,12.9,24.26
ORD-2026-002418,2,PROD-004,1,20.28,18.97
ORD-2026-002419,1,PROD-005,1,20.28,19.12
ORD-2026-002420,1,PROD-011,2,14.9,28.98
ORD-2026-002421,1,PROD-004,1,20.28,19.36
ORD-2026-002422,1,PROD-032,1,19.72,18.98
ORD-2026-002422,2,PROD-012,3,18.5,53.79
ORD-2026-002423,1,PROD-001,2,12.9,22.07
ORD-2026-002424,1,PROD-041,1,11.83,11.15
ORD-2026-002424,2,PROD-032,3,19.72,56.4
ORD-2026-002425,1,PROD-003,3,14.37,41.7
ORD-2026-002425,2,PROD-035,4,10.14,35.89
ORD-2026-002426,1,PROD-039,1,8.17,3.73
ORD-2026-002427,1,PROD-004,1,20.28,19.11
ORD-2026-002428,1,PROD-012,2,18.5,35.17
ORD-2026-002429,1,PROD-035,1,10.14,8.87
ORD-2026-002429,2,PROD-005,2,20.28,37.64
ORD-2026-002430,1,PROD-010,2,38.03,38.65
ORD-2026-002431,1,PROD-028,1,17.18,15.37
ORD-2026-002432,1,PROD-025,1,21.97,20.55
ORD-2026-002432,2,PROD-027,2,21.13,42.07
ORD-2026-002432,3,PROD-041,2,11.83,21.99
ORD-2026-002433,1,PROD-021,2,15.49,29.8
ORD-2026-002433,2,PROD-007,1,17.18,14.83
ORD-2026-002433,3,PROD-027,2,21.13,36.39
ORD-2026-002434,1,PROD-002,1,11.9,10.63
ORD-2026-002434,2,PROD-041,2,11.83,22.29
ORD-2026-002435,1,PROD-005,2,20.28,35.9
ORD-2026-002435,2,PROD-011,1,14.9,14.2
ORD-2026-002435,3,PROD-014,1,9.9,9.51
ORD-2026-002436,1,PROD-008,2,9.9,17.8
ORD-2026-002437,1,PROD-002,3,11.9,34.0
ORD-2026-002438,1,PROD-029,1,24.79,22.32
ORD-2026-002438,2,PROD-048,1,55.77,51.76
ORD-2026-002439,1,PROD-005,3,20.28,58.91
ORD-2026-002439,2,PROD-038,1,7.89,7.45
ORD-2026-002440,1,PROD-041,1,11.83,5.49
ORD-2026-002440,2,PROD-001,2,12.9,25.23
ORD-2026-002441,1,PROD-002,2,11.9,18.42
ORD-2026-002441,2,PROD-034,3,9.01,21.89
ORD-2026-002442,1,PROD-013,2,11.9,21.51
ORD-2026-002442,2,PROD-005,1,20.28,18.59
ORD-2026-002443,1,PROD-025,1,21.97,15.89
ORD-2026-002444,1,PROD-007,1,17.18,15.47
ORD-2026-002445,1,PROD-010,1,38.03,25.97
ORD-2026-002446,1,PROD-034,1,9.01,8.54
ORD-2026-002447,1,PROD-003,2,14.37,27.81
ORD-2026-002448,1,PROD-008,3,9.9,27.18
ORD-2026-002448,2,PROD-044,1,40.85,37.84
ORD-2026-002448,3,PROD-032,4,19.72,71.01
ORD-2026-002449,1,PROD-007,1,17.18,14.66
ORD-2026-002450,1,PROD-015,3,26.76,73.94
ORD-2026-002450,2,PROD-031,1,53.52,49.62
ORD-2026-002451,1,PROD-007,1,17.18,11.68
ORD-2026-002452,1,PROD-005,2,20.28,39.96
ORD-2026-002453,1,PROD-005,1,20.28,18.26
ORD-2026-002454,1,PROD-008,1,9.9,9.67
ORD-2026-002455,1,PROD-005,2,20.28,36.22
ORD-2026-002456,1,PROD-007,1,17.18,16.74
ORD-2026-002456,2,PROD-035,2,10.14,16.39
ORD-2026-002457,1,PROD-008,1,9.9,9.26
ORD-2026-002457,2,PROD-035,2,10.14,17.98
ORD-2026-002458,1,PROD-041,3,11.83,27.38
ORD-2026-002459,1,PROD-035,1,10.14,9.98
ORD-2026-002459,2,PROD-004,1,20.28,19.54
ORD-2026-002460,1,PROD-005,2,20.28,38.37
ORD-2026-002460,2,PROD-004,2,20.28,32.84
ORD-2026-002461,1,PROD-003,2,14.37,27.9
ORD-2026-002462,1,PROD-008,1,9.9,9.51
ORD-2026-002462,2,PROD-030,2,49.3,97.71
ORD-2026-002462,3,PROD-006,1,32.39,28.91
ORD-2026-002463,1,PROD-002,1,11.9,10.87
ORD-2026-002463,2,PROD-034,2,9.01,14.76
ORD-2026-002463,3,PROD-037,2,9.86,17.52
ORD-2026-002464,1,PROD-004,1,20.28,18.98
ORD-2026-002465,1,PROD-007,2,17.18,30.63
ORD-2026-002466,1,PROD-041,1,11.83,11.36
ORD-2026-002467,1,PROD-035,3,10.14,29.65
ORD-2026-002468,1,PROD-041,2,11.83,22.69
ORD-2026-002469,1,PROD-019,2,29.58,56.49
ORD-2026-002469,2,PROD-024,2,8.73,14.82
ORD-2026-002469,3,PROD-001,1,12.9,12.63
ORD-2026-002470,1,PROD-050,1,61.97,55.84
ORD-2026-002470,2,PROD-002,1,11.9,11.29
ORD-2026-002471,1,PROD-003,1,14.37,13.35
ORD-2026-002472,1,PROD-040,3,15.21,43.66
ORD-2026-002472,2,PROD-002,1,11.9,11.6
ORD-2026-002473,1,PROD-019,2,29.58,40.9
ORD-2026-002474,1,PROD-042,1,73.24,69.7
ORD-2026-002474,2,PROD-001,1,12.9,12.69
ORD-2026-002474,3,PROD-016,1,8.9,7.45
ORD-2026-002474,4,PROD-032,1,19.72,19.51
ORD-2026-002475,1,PROD-019,2,29.58,58.27
ORD-2026-002476,1,PROD-041,2,11.83,19.91
ORD-2026-002477,1,PROD-027,1,21.13,18.78
ORD-2026-002478,1,PROD-001,1,12.9,12.04
ORD-2026-002479,1,PROD-004,2,20.28,37.94
ORD-2026-002479,2,PROD-041,1,11.83,11.79
ORD-2026-002479,3,PROD-013,2,11.9,23.01
ORD-2026-002480,1,PROD-049,1,80.28,78.91
ORD-2026-002481,1,PROD-033,1,52.11,47.55
ORD-2026-002481,2,PROD-035,3,10.14,30.3
ORD-2026-002482,1,PROD-040,1,15.21,14.63
ORD-2026-002482,2,PROD-008,1,9.9,8.36
ORD-2026-002483,1,PROD-021,1,15.49,13.83
ORD-2026-002484,1,PROD-010,2,38.03,65.02
ORD-2026-002485,1,PROD-034,2,9.01,16.74
ORD-2026-002486,1,PROD-004,1,20.28,17.52
ORD-2026-002487,1,PROD-007,1,17.18,16.09
ORD-2026-002488,1,PROD-036,2,11.55,15.73
ORD-2026-002488,2,PROD-003,3,14.37,33.2
ORD-2026-002489,1,PROD-005,1,20.28,20.06
ORD-2026-002490,1,PROD-003,1,14.37,10.16
ORD-2026-002491,1,PROD-041,1,11.83,10.97
ORD-2026-002492,1,PROD-019,2,29.58,43.08
ORD-2026-002492,2,PROD-049,1,80.28,58.28
ORD-2026-002493,1,PROD-003,1,14.37,13.4
ORD-2026-002493,2,PROD-051,2,36.06,70.63
ORD-2026-002494,1,PROD-032,1,19.72,19.07
ORD-2026-002495,1,PROD-014,1,9.9,9.3
ORD-2026-002495,2,PROD-027,1,21.13,20.96
ORD-2026-002495,3,PROD-004,1,20.28,18.87
ORD-2026-002496,1,PROD-002,1,11.9,9.1
ORD-2026-002496,2,PROD-034,1,9.01,8.34
ORD-2026-002497,1,PROD-005,1,20.28,17.38
ORD-2026-002498,1,PROD-021,1,15.49,10.71
ORD-2026-002498,2,PROD-034,4,9.01,34.89
ORD-2026-002499,1,PROD-001,1,12.9,12.37
ORD-2026-002500,1,PROD-041,1,11.83,9.51
ORD-2026-002500,2,PROD-028,2,17.18,25.99
ORD-2026-002500,3,PROD-005,2,20.28,30.79
ORD-2026-002501,1,PROD-001,1,12.9,11.39
ORD-2026-002502,1,PROD-034,4,9.01,33.96
ORD-2026-002503,1,PROD-028,1,17.18,15.44
ORD-2026-002504,1,PROD-003,2,14.37,24.63
ORD-2026-002505,1,PROD-013,2,11.9,13.39
ORD-2026-002506,1,PROD-004,1,20.28,14.96
ORD-2026-002507,1,PROD-003,1,14.37,12.79
ORD-2026-002508,1,PROD-004,1,20.28,20.08
ORD-2026-002509,1,PROD-040,1,15.21,13.76
ORD-2026-002510,1,PROD-011,1,14.9,14.56
ORD-2026-002511,1,PROD-007,3,17.18,45.34
ORD-2026-002511,2,PROD-037,3,9.86,25.19
ORD-2026-002511,3,PROD-041,2,11.83,17.96
ORD-2026-002512,1,PROD-056,1,101.41,95.08
ORD-2026-002513,1,PROD-002,1,11.9,11.26
ORD-2026-002513,2,PROD-011,1,14.9,14.23
ORD-2026-002513,3,PROD-031,1,53.52,52.17
ORD-2026-002514,1,PROD-024,1,8.73,8.07
ORD-2026-002515,1,PROD-014,2,9.9,16.22
ORD-2026-002515,2,PROD-002,1,11.9,10.28
 ORD-2026-002516 ,1,PROD-002,1,11.9,9.13
ORD-2026-002517,1,PROD-026,1,14.65,14.03
ORD-2026-002518,1,PROD-002,1,11.9,10.58
ORD-2026-002519,1,PROD-004,1,20.28,18.85
ORD-2026-002519,2,PROD-006,1,32.39,29.71
ORD-2026-002519,3,PROD-034,2,9.01,17.1
ORD-2026-002520,1,PROD-017,1,12.5,11.62
ORD-2026-002521,1,PROD-006,1,32.39,28.5
ORD-2026-002521,2,PROD-037,1,9.86,8.34
ORD-2026-002521,3,PROD-004,1,20.28,16.75
ORD-2026-002522,1,PROD-001,1,12.9,10.73
ORD-2026-002522,2,PROD-006,1,32.39,28.84
ORD-2026-002523,1,PROD-004,1,20.28,17.89
ORD-2026-002524,1,PROD-005,1,20.28,19.28
ORD-2026-002525,1,PROD-005,3,20.28,52.79
ORD-2026-002525,2,PROD-016,1,8.9,8.37
ORD-2026-002526,1,PROD-003,1,14.37,13.99
ORD-2026-002527,1,PROD-015,2,26.76,52.66
ORD-2026-002527,2,PROD-001,1,12.9,12.66
ORD-2026-002527,3,PROD-014,1,9.9,9.8
ORD-2026-002527,4,PROD-011,1,14.9,14.71
ORD-2026-002528,1,PROD-001,1,12.9,12.83
ORD-2026-002529,1,PROD-007,1,17.18,13.99
ORD-2026-002530,1,PROD-001,2,12.9,25.53
ORD-2026-002531,1,PROD-001,1,12.9,12.61
ORD-2026-002532,1,PROD-036,3,11.55,33.0
ORD-2026-002533,1,PROD-001,1,12.9,11.61
ORD-2026-002533,2,PROD-047,1,108.45,100.8
ORD-2026-002533,3,PROD-058,1,39.44,36.36
ORD-2026-002534,1,PROD-006,2,32.39,61.19
ORD-2026-002534,2,PROD-034,1,9.01,7.93
ORD-2026-002535,1,PROD-001,1,12.9,11.55
ORD-2026-002535,2,PROD-019,3,29.58,80.56
ORD-2026-002536,1,PROD-035,1,10.14,7.84
ORD-2026-002537,1,PROD-044,1,40.85,31.26
ORD-2026-002538,1,PROD-001,1,12.9,11.86
ORD-2026-002539,1,PROD-001,1,12.9,11.08
ORD-2026-002540,1,PROD-001,2,12.9,22.59
ORD-2026-002541,1,PROD-006,1,32.39,29.72
ORD-2026-002542,1,PROD-049,1,80.28,79.8
ORD-2026-002542,2,PROD-007,1,17.18,17.04
ORD-2026-002543,1,PROD-005,2,20.28,39.06
ORD-2026-002544,1,PROD-035,1,10.14,9.02
ORD-2026-002545,1,PROD-007,1,17.18,16.87
ORD-2026-002545,2,PROD-010,1,38.03,29.69
ORD-2026-002545,3,PROD-034,2,9.01,17.7
ORD-2026-002546,1,PROD-004,2,20.28,35.38
ORD-2026-002546,2,PROD-030,1,49.3,44.79
ORD-2026-002547,1,PROD-013,2,11.9,22.19
ORD-2026-002548,1,PROD-048,1,55.77,51.15
ORD-2026-002549,1,PROD-003,1,14.37,11.33
ORD-2026-002549,2,PROD-001,1,12.9,10.25
ORD-2026-002550,1,PROD-020,1,10.14,8.99
ORD-2026-002550,2,PROD-002,3,11.9,33.25
ORD-2026-002551,1,PROD-003,1,14.37,9.95
ORD-2026-002552,1,PROD-045,1,72.68,65.61
ORD-2026-002552,2,PROD-024,2,8.73,8.39
ORD-2026-002553,1,PROD-017,1,12.5,11.19
ORD-2026-002554,1,PROD-004,1,20.28,19.19
ORD-2026-002555,1,PROD-016,1,8.9,7.12
ORD-2026-002556,1,PROD-010,1,38.03,33.98
ORD-2026-002556,2,PROD-033,2,52.11,95.63
ORD-2026-002557,1,PROD-006,1,32.39,31.04
ORD-2026-002558,1,PROD-007,2,17.18,33.54
ORD-2026-002558,2,PROD-002,1,11.9,11.51
ORD-2026-002558,3,PROD-035,1,10.14,10.07
ORD-2026-002558,4,PROD-049,1,80.28,77.65
ORD-2026-002559,1,PROD-022,1,9.01,8.55
ORD-2026-002560,1,PROD-022,2,9.01,17.02
ORD-2026-002561,1,PROD-006,1,32.39,29.57
ORD-2026-002561,2,PROD-004,2,20.28,38.29
ORD-2026-002561,3,PROD-001,1,12.9,12.03
ORD-2026-002561,4,PROD-034,1,9.01,8.09
ORD-2026-002562,1,PROD-007,2,17.18,29.23
ORD-2026-002562,2,PROD-019,1,29.58,27.62
ORD-2026-002562,3,PROD-042,4,73.24,281.39
ORD-2026-002563,1,PROD-011,1,14.9,13.55
ORD-2026-002564,1,PROD-004,2,20.28,36.68
ORD-2026-002564,2,PROD-003,1,14.37,13.18
ORD-2026-002564,3,PROD-002,2,11.9,22.56
ORD-2026-002565,1,PROD-004,2,20.28,39.9
ORD-2026-002565,2,PROD-015,1,26.76,26.42
ORD-2026-002566,1,PROD-041,1,11.83,11.3
ORD-2026-002567,1,PROD-006,1,32.39,22.23
ORD-2026-002568,1,PROD-016,1,8.9,8.46
ORD-2026-002568,2,PROD-002,1,11.9,10.14
ORD-2026-002568,3,PROD-012,3,18.5,54.08
ORD-2026-002568,4,PROD-006,3,32.39,92.19
ORD-2026-002569,1,PROD-003,3,14.37,39.84
ORD-2026-002570,1,PROD-004,1,20.28,18.63
ORD-2026-002571,1,PROD-052,1,46.48,37.08
ORD-2026-002572,1,PROD-017,3,12.5,22.73
ORD-2026-002573,1,PROD-054,1,59.15,52.05
ORD-2026-002574,1,PROD-005,1,20.28,17.76
ORD-2026-002575,1,PROD-005,2,20.28,32.11
ORD-2026-002575,2,PROD-007,1,17.18,15.98
ORD-2026-002576,1,PROD-015,1,26.76,22.97
ORD-2026-002577,1,PROD-021,2,15.49,27.21
ORD-2026-002578,1,PROD-035,1,10.14,9.96
ORD-2026-002579,1,PROD-039,1,8.17,7.22
ORD-2026-002580,1,PROD-002,2,11.9,21.0
ORD-2026-002580,2,PROD-006,1,32.39,26.91
ORD-2026-002580,3,PROD-004,2,20.28,34.56
ORD-2026-002581,1,PROD-013,1,11.9,11.77
ORD-2026-002581,2,PROD-040,1,15.21,14.27
ORD-2026-002581,3,PROD-007,2,17.18,34.1
ORD-2026-002582,1,PROD-004,2,20.28,38.93
ORD-2026-002583,1,PROD-004,1,20.28,19.36
ORD-2026-002583,2,PROD-016,1,8.9,8.29
ORD-2026-002584,1,PROD-041,1,11.83,10.63
ORD-2026-002585,1,PROD-001,2,12.9,21.65
ORD-2026-002586,1,PROD-041,1,11.83,11.53
ORD-2026-002586,2,PROD-006,2,32.39,61.92
ORD-2026-002587,1,PROD-005,1,20.28,19.96
ORD-2026-002587,2,PROD-035,1,10.14,8.76
ORD-2026-002588,1,PROD-027,1,21.13,10.65
ORD-2026-002589,1,PROD-003,1,14.37,11.83
ORD-2026-002589,2,PROD-005,2,20.28,35.0
ORD-2026-002590,1,PROD-005,1,20.28,19.56
ORD-2026-002591,1,PROD-004,1,20.28,18.88
ORD-2026-002592,1,PROD-053,1,53.52,38.59
ORD-2026-002593,1,PROD-041,2,11.83,20.71
ORD-2026-002593,2,PROD-019,1,29.58,27.9
ORD-2026-002594,1,PROD-010,3,38.03,88.27
ORD-2026-002595,1,PROD-041,3,11.83,33.21
ORD-2026-002595,2,PROD-037,1,9.86,9.05
ORD-2026-002595,3,PROD-001,1,12.9,12.56
ORD-2026-002596,1,PROD-010,1,38.03,29.39
ORD-2026-002597,1,PROD-001,1,12.9,11.33
ORD-2026-002597,2,PROD-033,1,52.11,48.15
ORD-2026-002597,3,PROD-003,1,14.37,13.94
ORD-2026-002598,1,PROD-023,2,7.89,13.82
ORD-2026-002598,2,PROD-004,2,20.28,34.32
ORD-2026-002599,1,PROD-028,1,17.18,16.11
ORD-2026-002599,2,PROD-037,1,9.86,9.63
ORD-2026-002600,1,PROD-011,1,14.9,8.53
ORD-2026-002601,1,PROD-032,2,19.72,39.07
ORD-2026-002602,1,PROD-025,1,21.97,20.95
ORD-2026-002603,1,PROD-008,1,9.9,9.57
ORD-2026-002604,1,PROD-033,2,52.11,95.84
ORD-2026-002605,1,PROD-004,2,20.28,31.7
ORD-2026-002606,1,PROD-006,2,32.39,51.84
ORD-2026-002607,1,PROD-003,2,14.37,27.54
ORD-2026-002608,1,PROD-025,1,21.97,21.82
ORD-2026-002608,2,PROD-001,3,12.9,36.89
ORD-2026-002609,1,PROD-035,1,10.14,9.64
ORD-2026-002610,1,PROD-002,3,11.9,34.7
ORD-2026-002611,1,PROD-001,1,12.9,12.61
ORD-2026-002611,2,PROD-021,1,15.49,14.86
ORD-2026-002612,1,PROD-034,1,9.01,8.27
ORD-2026-002613,1,PROD-003,1,14.37,10.07
ORD-2026-002613,2,PROD-041,2,11.83,10.65
ORD-2026-002614,1,PROD-041,1,11.83,11.05
ORD-2026-002615,1,PROD-017,3,12.5,35.77
ORD-2026-002616,1,PROD-004,1,20.28,19.99
ORD-2026-002617,1,PROD-001,3,12.9,36.06
ORD-2026-002618,1,PROD-037,1,9.86,9.62
ORD-2026-002618,2,PROD-040,3,15.21,43.15
ORD-2026-002618,3,PROD-002,2,11.9,23.39
ORD-2026-002619,1,PROD-025,1,21.97,21.41
ORD-2026-002620,1,PROD-024,2,8.73,15.02
ORD-2026-002620,2,PROD-003,2,14.37,26.87
ORD-2026-002621,1,PROD-004,1,20.28,19.74
ORD-2026-002621,2,PROD-005,2,20.28,40.12
ORD-2026-002622,1,PROD-010,1,38.03,29.97
ORD-2026-002623,1,PROD-015,1,26.76,25.46
ORD-2026-002623,2,PROD-007,1,17.18,16.69
ORD-2026-002623,3,PROD-036,1,11.55,11.43
ORD-2026-002624,1,PROD-029,1,24.79,24.08
ORD-2026-002624,2,PROD-049,2,80.28,150.43
ORD-2026-002625,1,PROD-032,1,19.72,16.23
ORD-2026-002626,1,PROD-014,2,9.9,16.61
ORD-2026-002626,2,PROD-005,2,20.28,35.53
ORD-2026-002627,1,PROD-007,1,17.18,16.08
ORD-2026-002628,1,PROD-021,1,15.49,14.85
ORD-2026-002629,1,PROD-047,1,108.45,
ORD-2026-002629,2,PROD-032,2,19.72,28.29
ORD-2026-002630,1,PROD-002,2,11.9,22.61
ORD-2026-002631,1,PROD-036,1,11.55,10.13
ORD-2026-002632,1,PROD-010,1,38.03,30.63
ORD-2026-002632,2,PROD-034,2,9.01,16.1
ORD-2026-002633,1,PROD-001,1,12.9,0.0
ORD-2026-002634,1,PROD-031,1,53.52,49.29
ORD-2026-002635,1,PROD-035,2,10.14,19.49
ORD-2026-002636,1,PROD-025,1,21.97,15.15
ORD-2026-002637,1,PROD-031,1,53.52,50.58
ORD-2026-002638,1,PROD-005,1,20.28,19.85
ORD-2026-002639,1,PROD-036,1,11.55,11.41
ORD-2026-002640,1,PROD-006,1,32.39,32.21
ORD-2026-002641,1,PROD-038,2,7.89,15.62
ORD-2026-002642,1,PROD-003,2,14.37,28.01
ORD-2026-002642,2,PROD-044,1,40.85,39.58
ORD-2026-002642,3,PROD-034,1,9.01,8.63
ORD-2026-002643,1,PROD-039,1,8.17,7.84
ORD-2026-002643,2,PROD-005,1,20.28,18.37
ORD-2026-002643,3,PROD-012,1,18.5,16.43
ORD-2026-002643,4,PROD-022,2,9.01,17.65
ORD-2026-002644,1,PROD-004,1,20.28,13.37
ORD-2026-002644,2,PROD-029,1,24.79,18.23
ORD-2026-002644,3,PROD-001,1,12.9,10.04
ORD-2026-002644,4,PROD-034,2,9.01,14.99
ORD-2026-002645,1,PROD-005,1,20.28,19.53
ORD-2026-002646,1,PROD-024,2,8.73,16.77
ORD-2026-002646,2,PROD-039,4,8.17,31.04
ORD-2026-002647,1,PROD-002,1,11.9,10.0
ORD-2026-002648,1,PROD-035,1,10.14,9.76
ORD-2026-002648,2,PROD-039,3,8.17,23.55
ORD-2026-002648,3,PROD-001,1,12.9,12.16
ORD-2026-002648,4,PROD-007,1,17.18,15.85
ORD-2026-002649,1,PROD-037,1,9.86,9.74
ORD-2026-002649,2,PROD-034,2,9.01,16.15
ORD-2026-002650,1,PROD-001,1,12.9,9.99
ORD-2026-002651,1,PROD-006,1,32.39,31.62
ORD-2026-002651,2,PROD-010,1,38.03,34.4
ORD-2026-002651,3,PROD-014,1,9.9,8.96
ORD-2026-002651,4,PROD-003,2,14.37,24.4
ORD-2026-002652,1,PROD-040,3,15.21,36.51
ORD-2026-002653,1,PROD-028,1,17.18,15.57
ORD-2026-002654,1,PROD-002,2,11.9,22.17
ORD-2026-002654,2,PROD-010,1,38.03,34.62
ORD-2026-002654,3,PROD-032,3,19.72,56.33
ORD-2026-002655,1,PROD-007,2,17.18,32.05
ORD-2026-002655,2,PROD-027,2,21.13,39.53
ORD-2026-002655,3,PROD-001,1,12.9,11.94
ORD-2026-002655,4,PROD-004,2,20.28,38.02
ORD-2026-002656,1,PROD-005,1,20.28,20.04
ORD-2026-002657,1,PROD-042,1,73.24,62.42
ORD-2026-002658,1,PROD-045,1,72.68,66.29
ORD-2026-002658,2,PROD-032,2,19.72,36.13
ORD-2026-002659,1,PROD-037,1,9.86,9.09
ORD-2026-002660,1,PROD-028,1,17.18,15.89
ORD-2026-002660,2,PROD-027,2,21.13,41.05
ORD-2026-002661,1,PROD-006,2,32.39,58.0
ORD-2026-002661,2,PROD-004,2,20.28,37.47
ORD-2026-002661,3,PROD-041,2,11.83,18.6
ORD-2026-002662,1,PROD-005,3,20.28,58.64
ORD-2026-002662,2,PROD-038,1,7.89,5.6
ORD-2026-002663,1,PROD-038,1,7.89,7.14
ORD-2026-002663,2,PROD-016,2,8.9,13.47
ORD-2026-002664,1,PROD-006,1,32.39,31.65
ORD-2026-002664,2,PROD-003,1,14.37,13.17
ORD-2026-002665,1,PROD-004,1,20.28,18.38
ORD-2026-002666,1,PROD-025,1,21.97,19.72
ORD-2026-002667,1,PROD-017,1,12.5,8.89
ORD-2026-002667,2,PROD-001,1,12.9,10.1
ORD-2026-002667,3,PROD-007,3,17.18,47.67
ORD-2026-002668,1,PROD-044,1,40.85,38.67
ORD-2026-002669,1,PROD-013,1,11.9,9.64
ORD-2026-002669,2,PROD-038,2,7.89,15.28
ORD-2026-002670,1,PROD-032,2,19.72,25.19
ORD-2026-002671,1,PROD-003,1,14.37,14.1
ORD-2026-002671,2,PROD-005,1,20.28,19.68
ORD-2026-002672,1,PROD-029,1,24.79,23.27
ORD-2026-002673,1,PROD-006,2,32.39,59.13
ORD-2026-002673,2,PROD-031,1,53.52,48.85
ORD-2026-002673,3,PROD-039,3,8.17,21.96
ORD-2026-002673,4,PROD-005,1,20.28,17.52
ORD-2026-002674,1,PROD-004,1,20.28,19.98
ORD-2026-002675,1,PROD-037,1,9.86,8.52
ORD-2026-002675,2,PROD-041,3,11.83,34.12
ORD-2026-002676,1,PROD-005,2,20.28,40.01
ORD-2026-002677,1,PROD-039,1,8.17,7.45
ORD-2026-002677,2,PROD-002,1,11.9,10.75
ORD-2026-002678,1,PROD-001,1,12.9,12.52
ORD-2026-002679,1,PROD-014,1,9.9,4.47
ORD-2026-002680,1,PROD-004,1,20.28,19.7
ORD-2026-002681,1,PROD-006,1,32.39,31.09
ORD-2026-002681,2,PROD-005,1,20.28,19.1
ORD-2026-002681,3,PROD-035,1,10.14,9.7
ORD-2026-002682,1,PROD-016,1,8.9,7.14
ORD-2026-002683,1,PROD-017,2,12.5,24.52
ORD-2026-002683,2,PROD-045,2,72.68,137.05
ORD-2026-002684,1,PROD-032,3,19.72,37.42
ORD-2026-002685,1,PROD-004,1,20.28,18.37
ORD-2026-002685,2,PROD-001,1,12.9,11.97
ORD-2026-002685,3,PROD-002,2,11.9,23.09
ORD-2026-002686,1,PROD-001,1,12.9,11.99
ORD-2026-002687,1,PROD-033,3,52.11,153.56
ORD-2026-002687,2,PROD-034,1,9.01,7.86
ORD-2026-002688,1,PROD-016,1,8.9,8.45
ORD-2026-002689,1,PROD-035,1,10.14,10.05
ORD-2026-002689,2,PROD-005,2,20.28,39.03
ORD-2026-002689,3,PROD-032,1,19.72,19.51
ORD-2026-002690,1,PROD-034,3,9.01,25.33
ORD-2026-002691,1,PROD-007,1,17.18,14.69
ORD-2026-002691,2,PROD-026,2,14.65,25.85
ORD-2026-002692,1,PROD-002,2,11.9,23.72
ORD-2026-002693,1,PROD-001,3,12.9,37.92
ORD-2026-002693,2,PROD-008,1,9.9,9.0
ORD-2026-002694,1,PROD-030,1,49.3,42.96
ORD-2026-002695,1,PROD-004,1,20.28,17.51
ORD-2026-002696,1,PROD-020,1,10.14,9.97
ORD-2026-002696,2,PROD-034,1,9.01,8.8
ORD-2026-002697,1,PROD-023,2,7.89,15.5
ORD-2026-002697,2,PROD-035,1,10.14,9.96
ORD-2026-002698,1,PROD-016,1,8.9,8.83
ORD-2026-002698,2,PROD-003,1,14.37,13.82
ORD-2026-002699,1,PROD-053,1,53.52,50.85
ORD-2026-002700,1,PROD-052,1,46.48,46.39
ORD-2026-002701,1,PROD-004,1,20.28,19.6
ORD-2026-002701,2,PROD-042,3,73.24,190.45
ORD-2026-002701,3,PROD-040,3,15.21,35.22
ORD-2026-002702,1,PROD-022,1,9.01,8.99
ORD-2026-002702,2,PROD-006,2,32.39,29.15
ORD-2026-002703,1,PROD-006,2,32.39,53.35
ORD-2026-002704,1,PROD-004,1,20.28,18.48
ORD-2026-002704,2,PROD-016,1,8.9,7.87
ORD-2026-002705,1,PROD-016,2,8.9,13.08
ORD-2026-002705,2,PROD-004,2,20.28,35.85
ORD-2026-002706,1,PROD-055,1,74.65,68.85
ORD-2026-002707,1,PROD-029,2,24.79,45.29
ORD-2026-002707,2,PROD-023,1,7.89,7.33
ORD-2026-002708,1,PROD-008,2,9.9,15.52
ORD-2026-002708,2,PROD-016,1,8.9,7.72
ORD-2026-002709,1,PROD-001,1,12.9,9.95
ORD-2026-002710,1,PROD-035,3,10.14,29.22
ORD-2026-002711,1,PROD-004,3,20.28,54.21
ORD-2026-002712,1,PROD-040,2,15.21,28.56
ORD-2026-002712,2,PROD-035,1,10.14,8.98
ORD-2026-002713,1,PROD-059,1,52.11,47.62
ORD-2026-002714,1,PROD-050,1,61.97,53.86
ORD-2026-002714,2,PROD-041,1,11.83,10.85
ORD-2026-002715,1,PROD-004,2,20.28,27.76
ORD-2026-002716,1,PROD-003,3,14.37,24.5
ORD-2026-002716,2,PROD-007,1,17.18,14.86
ORD-2026-002717,1,PROD-006,1,32.39,31.05
ORD-2026-002718,1,PROD-006,1,32.39,27.74
ORD-2026-002718,2,PROD-041,1,11.83,11.21
ORD-2026-002719,1,PROD-024,1,8.73,6.04
ORD-2026-002719,2,PROD-001,2,12.9,24.3
ORD-2026-002720,1,PROD-006,2,32.39,60.01
ORD-2026-002721,1,PROD-007,2,17.18,27.29
ORD-2026-002722,1,PROD-027,1,21.13,19.86
ORD-2026-002723,1,PROD-001,3,12.9,34.6
ORD-2026-002723,2,PROD-034,2,9.01,16.84
ORD-2026-002723,3,PROD-016,2,8.9,15.73
ORD-2026-002723,4,PROD-003,2,14.37,-26.8
ORD-2026-002724,1,PROD-039,2,8.17,8.37
ORD-2026-002724,2,PROD-038,3,7.89,12.61
ORD-2026-002724,3,PROD-032,2,19.72,37.86
ORD-2026-002725,1,PROD-038,1,7.89,7.27
ORD-2026-002726,1,PROD-017,2,12.5,23.35
ORD-2026-002726,2,PROD-034,2,9.01,15.79
ORD-2026-002727,1,PROD-040,1,15.21,14.76
ORD-2026-002727,2,PROD-001,2,12.9,24.8
ORD-2026-002728,1,PROD-003,1,14.37,13.86
ORD-2026-002729,1,PROD-021,1,15.49,13.58
ORD-2026-002729,2,PROD-034,2,9.01,16.3
ORD-2026-002730,1,PROD-042,2,73.24,135.71
ORD-2026-002731,1,PROD-005,2,20.28,31.43
ORD-2026-002732,1,PROD-033,1,52.11,50.67
ORD-2026-002733,1,PROD-008,1,9.9,8.89
ORD-2026-002734,1,PROD-028,1,17.18,15.16
ORD-2026-002734,2,PROD-027,1,21.13,19.68
ORD-2026-002735,1,PROD-012,1,18.5,8.32
ORD-2026-002736,1,PROD-006,1,32.39,31.09
ORD-2026-002737,1,PROD-004,1,20.28,20.02
ORD-2026-002737,2,PROD-047,1,108.45,103.31
ORD-2026-002738,1,PROD-028,1,17.18,15.97
ORD-2026-002739,1,PROD-003,2,14.37,27.75
ORD-2026-002740,1,PROD-013,1,11.9,10.48
ORD-2026-002741,1,PROD-004,1,20.28,19.46
ORD-2026-002742,1,PROD-031,1,53.52,53.11
ORD-2026-002742,2,PROD-001,1,12.9,12.3
ORD-2026-002743,1,PROD-050,1,61.97,54.22
ORD-2026-002744,1,PROD-041,2,11.83,23.25
ORD-2026-002744,2,PROD-040,1,15.21,15.04
ORD-2026-002744,3,PROD-049,1,80.28,80.09
ORD-2026-002745,1,PROD-037,3,9.86,27.26
ORD-2026-002746,1,PROD-013,1,11.9,11.28
ORD-2026-002747,1,PROD-037,2,9.86,19.14
ORD-2026-002748,1,PROD-048,1,55.77,50.69
ORD-2026-002749,1,PROD-036,2,11.55,22.63
ORD-2026-002750,1,PROD-006,1,32.39,28.62
ORD-2026-002751,1,PROD-028,2,17.18,30.47
ORD-2026-002752,1,PROD-027,1,21.13,19.8
ORD-2026-002753,1,PROD-001,3,12.9,35.97
ORD-2026-002754,1,PROD-001,1,12.9,12.38
ORD-2026-002755,1,PROD-002,1,11.9,11.17
ORD-2026-002756,1,PROD-022,1,9.01,8.16
ORD-2026-002757,1,PROD-021,2,15.49,28.5
ORD-2026-002758,1,PROD-002,1,11.9,10.42
ORD-2026-002759,1,PROD-001,1,12.9,12.79
ORD-2026-002760,1,PROD-041,1,11.83,9.84
ORD-2026-002760,2,PROD-028,1,17.18,14.8
ORD-2026-002761,1,PROD-003,1,14.37,13.8
ORD-2026-002762,1,PROD-002,1,11.9,10.76
ORD-2026-002762,2,PROD-008,1,9.9,-9.0
ORD-2026-002762,3,PROD-031,1,53.52,47.2
ORD-2026-002763,1,PROD-001,1,12.9,8.16
ORD-2026-002764,1,PROD-004,2,20.28,40.17
ORD-2026-002765,1,PROD-033,1,52.11,48.1
ORD-2026-002765,2,PROD-035,1,10.14,8.8
ORD-2026-002765,3,PROD-021,2,15.49,29.98
ORD-2026-002765,4,PROD-007,1,17.18,16.62
ORD-2026-002766,1,PROD-007,1,17.18,16.59
ORD-2026-002767,1,PROD-005,3,20.28,58.87
ORD-2026-002768,1,PROD-007,1,17.18,16.05
ORD-2026-002769,1,PROD-013,1,11.9,9.53
ORD-2026-002770,1,PROD-005,1,20.28,19.79
ORD-2026-002771,1,PROD-035,2,10.14,17.77
ORD-2026-002772,1,PROD-016,2,8.9,17.03
ORD-2026-002773,1,PROD-010,1,38.03,30.36
ORD-2026-002773,2,PROD-001,3,12.9,30.75
ORD-2026-002773,3,PROD-034,2,9.01,15.15
ORD-2026-002774,1,PROD-023,1,7.89,6.26
ORD-2026-002775,1,PROD-054,1,59.15,46.77
ORD-2026-002776,1,PROD-002,1,11.9,10.53
ORD-2026-002776,2,PROD-005,2,20.28,39.68
ORD-2026-002776,3,PROD-001,1,12.9,11.94
ORD-2026-002776,4,PROD-006,3,32.39,86.34
ORD-2026-002777,1,PROD-041,2,11.83,20.24
ORD-2026-002777,2,PROD-052,1,46.48,37.87
ORD-2026-002777,3,PROD-004,2,20.28,39.12
ORD-2026-002778,1,PROD-001,1,12.9,12.23
ORD-2026-002779,1,PROD-035,2,10.14,18.11
ORD-2026-002779,2,PROD-005,1,20.28,16.91
ORD-2026-002780,1,PROD-007,2,17.18,32.82
ORD-2026-002780,2,PROD-034,1,9.01,8.88
ORD-2026-002781,1,PROD-025,2,21.97,31.44
ORD-2026-002782,1,PROD-004,2,20.28,35.99
ORD-2026-002783,1,PROD-013,2,11.9,23.33
ORD-2026-002783,2,PROD-004,2,20.28,39.72
ORD-2026-002783,3,PROD-035,4,10.14,39.64
ORD-2026-002784,1,PROD-045,1,72.68,58.61
ORD-2026-002785,1,PROD-028,1,17.18,16.38
ORD-2026-002786,1,PROD-001,2,12.9,24.78
ORD-2026-002786,2,PROD-005,1,20.28,17.15
ORD-2026-002787,1,PROD-003,2,14.37,23.98
ORD-2026-002788,1,PROD-034,2,9.01,17.49
ORD-2026-002789,1,PROD-008,1,9.9,9.78
ORD-2026-002790,1,PROD-002,1,11.9,11.49
ORD-2026-002791,1,PROD-007,1,17.18,15.0
ORD-2026-002791,2,PROD-006,1,32.39,30.28
ORD-2026-002792,1,PROD-028,1,17.18,16.67
ORD-2026-002792,2,PROD-021,1,15.49,14.77
ORD-2026-002792,3,PROD-007,1,17.18,15.8
ORD-2026-002793,1,PROD-036,1,11.55,11.18
ORD-2026-002794,1,PROD-034,1,9.01,8.49
ORD-2026-002794,2,PROD-032,2,19.72,36.29
ORD-2026-002795,1,PROD-031,2,53.52,74.62
ORD-2026-002796,1,PROD-016,3,8.9,19.68
ORD-2026-002797,1,PROD-014,1,9.9,9.35
ORD-2026-002798,1,PROD-008,1,9.9,9.58
ORD-2026-002798,2,PROD-034,1,9.01,7.48
ORD-2026-002798,3,PROD-027,2,21.13,41.03
ORD-2026-002799,1,PROD-001,2,12.9,25.12
ORD-2026-002800,1,PROD-041,1,11.83,9.12
ORD-2026-002801,1,PROD-017,2,12.5,20.08
ORD-2026-002802,1,PROD-028,2,17.18,30.09
ORD-2026-002802,2,PROD-041,1,11.83,6.36
ORD-2026-002803,1,PROD-040,1,15.21,13.51
ORD-2026-002804,1,PROD-044,1,40.85,30.97
ORD-2026-002805,1,PROD-001,1,12.9,12.1
ORD-2026-002805,2,PROD-004,1,20.28,17.01
ORD-2026-002805,3,PROD-034,3,9.01,23.96
ORD-2026-002806,1,PROD-003,1,14.37,14.09
ORD-2026-002806,2,PROD-049,1,80.28,71.86
ORD-2026-002806,3,PROD-017,3,12.5,30.01
ORD-2026-002807,1,PROD-016,3,8.9,25.2
ORD-2026-002808,1,PROD-005,1,20.28,18.34
ORD-2026-002808,2,PROD-004,1,20.28,18.36
ORD-2026-002808,3,PROD-033,1,52.11,49.67
ORD-2026-002809,1,PROD-010,2,38.03,72.27
 ORD-2026-002810 ,1,PROD-011,1,14.9,13.93
ORD-2026-002811,1,PROD-042,1,73.24,69.59
ORD-2026-002811,2,PROD-039,2,8.17,14.68
ORD-2026-002811,3,PROD-038,1,7.89,7.65
ORD-2026-002811,4,PROD-034,3,9.01,25.8
ORD-2026-002812,1,PROD-001,1,12.9,12.35
ORD-2026-002812,2,PROD-005,2,20.28,40.29
ORD-2026-002813,1,PROD-053,1,53.52,40.0
ORD-2026-002814,1,PROD-021,1,15.49,15.05
ORD-2026-002814,2,PROD-039,2,8.17,16.11
ORD-2026-002815,1,PROD-052,1,46.48,45.22
ORD-2026-002816,1,PROD-005,1,20.28,18.98
ORD-2026-002817,1,PROD-028,1,17.18,13.75
ORD-2026-002818,1,PROD-035,1,10.14,9.61
ORD-2026-002819,1,PROD-027,2,21.13,36.61
ORD-2026-002820,1,PROD-037,3,9.86,26.54
ORD-2026-002821,1,PROD-025,2,21.97,40.36
ORD-2026-002821,2,PROD-024,1,8.73,8.65
ORD-2026-002821,3,PROD-022,1,9.01,7.85
ORD-2026-002821,4,PROD-002,1,11.9,10.59
ORD-2026-002822,1,PROD-005,1,20.28,19.26
ORD-2026-002822,2,PROD-036,2,11.55,21.79
ORD-2026-002823,1,PROD-017,1,12.5,12.09
ORD-2026-002824,1,PROD-001,1,12.9,10.12
ORD-2026-002824,2,PROD-027,1,21.13,14.03
ORD-2026-002825,1,PROD-004,1,20.28,17.51
ORD-2026-002825,2,PROD-015,1,26.76,24.25
ORD-2026-002826,1,PROD-004,2,20.28,38.06
ORD-2026-002826,2,PROD-041,1,11.83,11.44
ORD-2026-002827,1,PROD-038,2,7.89,13.64
ORD-2026-002828,1,PROD-039,4,8.17,30.05
ORD-2026-002829,1,PROD-010,1,38.03,37.12
ORD-2026-002830,1,PROD-020,2,10.14,20.05
ORD-2026-002830,2,PROD-014,2,9.9,17.44
ORD-2026-002831,1,PROD-023,1,7.89,7.68
ORD-2026-002832,1,PROD-002,2,11.9,20.19
ORD-2026-002832,2,PROD-041,3,11.83,31.36
ORD-2026-002832,3,PROD-033,2,52.11,96.98
ORD-2026-002833,1,PROD-038,1,7.89,7.01
ORD-2026-002834,1,PROD-041,3,11.83,34.72
ORD-2026-002834,2,PROD-004,3,20.28,58.48
ORD-2026-002835,1,PROD-002,1,11.9,11.57
ORD-2026-002836,1,PROD-001,1,12.9,10.81
ORD-2026-002836,2,PROD-004,1,20.28,19.84
ORD-2026-002836,3,PROD-042,2,73.24,-143.21
ORD-2026-002836,4,PROD-051,2,36.06,65.28
ORD-2026-002837,1,PROD-001,2,12.9,24.31
ORD-2026-002838,1,PROD-005,1,20.28,17.48
ORD-2026-002839,1,PROD-005,1,20.28,15.88
ORD-2026-002839,2,PROD-024,1,8.73,8.21
ORD-2026-002840,1,PROD-006,1,32.39,31.69
ORD-2026-002840,2,PROD-034,1,9.01,8.74
ORD-2026-002840,3,PROD-041,2,11.83,22.89
ORD-2026-002841,1,PROD-006,2,32.39,60.12
ORD-2026-002841,2,PROD-039,3,8.17,23.71
ORD-2026-002842,1,PROD-004,1,20.28,15.31
ORD-2026-002843,1,PROD-010,2,38.03,74.75
ORD-2026-002843,2,PROD-004,1,20.28,18.31
ORD-2026-002844,1,PROD-003,2,14.37,26.29
ORD-2026-002845,1,PROD-037,2,9.86,18.9
ORD-2026-002846,1,PROD-029,1,24.79,23.21
ORD-2026-002847,1,PROD-014,2,9.9,14.66
ORD-2026-002847,2,PROD-004,1,20.28,16.41
ORD-2026-002848,1,PROD-003,1,14.37,10.8
ORD-2026-002848,2,PROD-004,2,20.28,37.36
ORD-2026-002849,1,PROD-001,1,12.9,12.18
ORD-2026-002849,2,PROD-040,1,15.21,12.8
ORD-2026-002849,3,PROD-032,1,19.72,16.37
ORD-2026-002850,1,PROD-003,1,14.37,13.65
ORD-2026-002850,2,PROD-041,2,11.83,22.42
ORD-2026-002850,3,PROD-015,3,26.76,57.37
ORD-2026-002850,4,PROD-007,1,17.18,16.1
ORD-2026-002850,5,PROD-011,1,14.9,13.23
ORD-2026-002851,1,PROD-001,1,12.9,12.1
ORD-2026-002852,1,PROD-027,2,21.13,40.5
ORD-2026-002853,1,PROD-017,1,12.5,11.53
ORD-2026-002854,1,PROD-007,1,17.18,14.16
ORD-2026-002854,2,PROD-050,2,61.97,102.14
ORD-2026-002855,1,PROD-021,1,15.49,14.9
ORD-2026-002856,1,PROD-035,3,10.14,28.2
ORD-2026-002856,2,PROD-023,1,7.89,7.01
ORD-2026-002857,1,PROD-026,2,14.65,27.4
ORD-2026-002858,1,PROD-034,3,9.01,23.56
ORD-2026-002859,1,PROD-036,1,11.55,8.69
ORD-2026-002860,1,PROD-003,1,14.37,12.97
ORD-2026-002860,2,PROD-007,1,17.18,13.19
ORD-2026-002860,3,PROD-002,1,11.9,9.75
ORD-2026-002861,1,PROD-032,1,19.72,18.4
ORD-2026-002861,2,PROD-007,2,17.18,30.65
ORD-2026-002861,3,PROD-041,3,11.83,27.35
ORD-2026-002862,1,PROD-002,1,11.9,9.1
ORD-2026-002863,1,PROD-039,1,8.17,7.5
ORD-2026-002863,2,PROD-035,1,10.14,7.73
ORD-2026-002863,3,PROD-002,3,11.9,33.36
ORD-2026-002864,1,PROD-011,3,14.9,33.86
ORD-2026-002865,1,PROD-001,1,12.9,12.35
ORD-2026-002865,2,PROD-004,2,20.28,34.83
ORD-2026-002865,3,PROD-007,2,17.18,25.39
ORD-2026-002865,4,PROD-015,1,26.76,25.24
ORD-2026-002866,1,PROD-006,2,32.39,58.44
ORD-2026-002867,1,PROD-017,1,12.5,12.18
ORD-2026-002868,1,PROD-004,1,20.28,16.85
ORD-2026-002869,1,PROD-001,3,12.9,36.72
ORD-2026-002870,1,PROD-004,1,20.28,13.35
ORD-2026-002870,2,PROD-035,1,10.14,9.84
ORD-2026-002870,3,PROD-033,2,52.11,99.01
ORD-2026-002871,1,PROD-004,1,20.28,19.36
ORD-2026-002872,1,PROD-023,1,7.89,5.29
ORD-2026-002873,1,PROD-019,1,29.58,26.01
ORD-2026-002873,2,PROD-027,1,21.13,20.12
ORD-2026-002873,3,PROD-004,2,20.28,33.05
ORD-2026-002874,1,PROD-032,2,19.72,36.26
ORD-2026-002874,2,PROD-021,1,15.49,14.4
ORD-2026-002875,1,PROD-010,1,38.03,34.53
ORD-2026-002875,2,PROD-030,2,49.3,83.77
ORD-2026-002875,3,PROD-040,2,15.21,28.99
ORD-2026-002876,1,PROD-052,1,46.48,37.96
ORD-2026-002877,1,PROD-024,1,8.73,8.13
ORD-2026-002877,2,PROD-003,1,14.37,13.78
ORD-2026-002877,3,PROD-025,1,21.97,21.77
ORD-2026-002877,4,PROD-026,1,14.65,14.07
ORD-2026-002878,1,PROD-038,3,7.89,22.45
ORD-2026-002878,2,PROD-001,1,12.9,12.36
ORD-2026-002878,3,PROD-003,1,14.37,14.07
ORD-2026-002879,1,PROD-020,1,10.14,9.88
ORD-2026-002880,1,PROD-036,4,11.55,43.0
ORD-2026-002880,2,PROD-004,2,20.28,39.3
ORD-2026-002881,1,PROD-034,1,9.01,8.41
ORD-2026-002881,2,PROD-005,2,20.28,34.81
ORD-2026-002881,3,PROD-008,2,9.9,18.98
ORD-2026-002882,1,PROD-052,1,46.48,44.03
ORD-2026-002883,1,PROD-001,1,12.9,12.28
ORD-2026-002884,1,PROD-010,1,38.03,30.86
ORD-2026-002884,2,PROD-011,3,14.9,41.16
ORD-2026-002885,1,PROD-042,1,73.24,71.5
ORD-2026-002885,2,PROD-001,2,12.9,18.48
ORD-2026-002886,1,PROD-041,1,11.83,11.23
ORD-2026-002886,2,PROD-004,2,20.28,38.39
ORD-2026-002887,1,PROD-002,2,11.9,22.31
ORD-2026-002887,2,PROD-001,2,12.9,24.79
ORD-2026-002887,3,PROD-044,1,40.85,38.58
 ORD-2026-002887 ,4,PROD-008,1,9.9,9.63
ORD-2026-002887,5,PROD-036,1,11.55,11.26
ORD-2026-002888,1,PROD-021,2,15.49,29.29
ORD-2026-002889,1,PROD-035,1,10.14,8.6
ORD-2026-002889,2,PROD-006,1,32.39,26.99
ORD-2026-002890,1,PROD-041,1,11.83,10.56
ORD-2026-002890,2,PROD-007,1,17.18,14.21
ORD-2026-002891,1,PROD-002,1,11.9,11.49
ORD-2026-002892,1,PROD-002,1,11.9,11.04
ORD-2026-002892,2,PROD-040,1,15.21,14.65
ORD-2026-002893,1,PROD-019,2,29.58,44.37
ORD-2026-002894,1,PROD-021,1,15.49,13.5
ORD-2026-002895,1,PROD-038,1,7.89,6.56
ORD-2026-002895,2,PROD-042,2,73.24,133.06
ORD-2026-002895,3,PROD-054,1,59.15,44.14
ORD-2026-002896,1,PROD-002,1,11.9,9.47
ORD-2026-002896,2,PROD-007,2,17.18,30.63
ORD-2026-002897,1,PROD-008,1,9.9,9.21
ORD-2026-002898,1,PROD-010,2,38.03,72.71
ORD-2026-002899,1,PROD-020,1,10.14,9.69
ORD-2026-002899,2,PROD-041,2,11.83,20.81
ORD-2026-002900,1,PROD-006,2,32.39,58.94
ORD-2026-002901,1,PROD-003,2,14.37,28.62
ORD-2026-002902,1,PROD-002,1,11.9,11.55
ORD-2026-002903,1,PROD-006,2,32.39,44.13
ORD-2026-002903,2,PROD-004,3,20.28,49.24
ORD-2026-002903,3,PROD-031,1,53.52,41.82
ORD-2026-002903,4,PROD-032,2,19.72,36.32
ORD-2026-002903,5,PROD-022,1,9.01,7.04
ORD-2026-002904,1,PROD-008,1,9.9,9.37
ORD-2026-002904,2,PROD-010,2,38.03,67.95
ORD-2026-002904,3,PROD-016,1,8.9,8.29
ORD-2026-002904,4,PROD-036,3,11.55,32.08
ORD-2026-002905,1,PROD-008,1,9.9,9.57
ORD-2026-002906,1,PROD-002,2,11.9,21.52
ORD-2026-002907,1,PROD-013,1,11.9,10.99
ORD-2026-002908,1,PROD-026,1,14.65,14.3
ORD-2026-002909,1,PROD-036,1,11.55,11.02
ORD-2026-002910,1,PROD-010,1,38.03,33.93
ORD-2026-002911,1,PROD-001,3,12.9,36.97
ORD-2026-002912,1,PROD-001,1,12.9,12.06
ORD-2026-002913,1,PROD-003,1,14.37,13.6
ORD-2026-002914,1,PROD-040,1,15.21,14.91
ORD-2026-002914,2,PROD-003,2,14.37,20.87
ORD-2026-002915,1,PROD-020,1,10.14,8.65
ORD-2026-002916,1,PROD-041,3,11.83,33.55
ORD-2026-002917,1,PROD-037,1,9.86,9.43
ORD-2026-002918,1,PROD-017,2,12.5,24.5
ORD-2026-002919,1,PROD-041,1,11.83,10.95
ORD-2026-002919,2,PROD-035,1,10.14,9.9
ORD-2026-002919,3,PROD-003,2,14.37,28.38
ORD-2026-002920,1,PROD-003,1,14.37,14.14
ORD-2026-002921,1,PROD-036,1,11.55,8.19
ORD-2026-002922,1,PROD-037,1,9.86,8.43
ORD-2026-002922,2,PROD-033,1,52.11,31.82
ORD-2026-002923,1,PROD-040,1,15.21,14.43
ORD-2026-002924,1,PROD-006,1,32.39,29.22
ORD-2026-002925,1,PROD-003,2,14.37,24.71
ORD-2026-002926,1,PROD-030,2,49.3,94.62
ORD-2026-002927,1,PROD-016,1,8.9,8.63
ORD-2026-002928,1,PROD-042,1,73.24,69.48
ORD-2026-002928,2,PROD-005,1,20.28,20.08
ORD-2026-002929,1,PROD-041,2,11.83,23.03
ORD-2026-002929,2,PROD-014,1,9.9,9.8
ORD-2026-002930,1,PROD-025,1,21.97,20.04
ORD-2026-002930,2,PROD-039,1,8.17,8.02
ORD-2026-002931,1,PROD-006,2,32.39,63.34
ORD-2026-002932,1,PROD-034,3,9.01,24.75
ORD-2026-002932,2,PROD-008,1,9.9,7.54
ORD-2026-002933,1,PROD-056,1,101.41,97.18
ORD-2026-002934,1,PROD-028,1,17.18,15.39
ORD-2026-002935,1,PROD-003,1,14.37,13.75
ORD-2026-002936,1,PROD-022,1,9.01,8.05
ORD-2026-002936,2,PROD-017,2,12.5,18.96
ORD-2026-002936,3,PROD-005,1,20.28,18.65
ORD-2026-002937,1,PROD-017,1,12.5,10.72
ORD-2026-002937,2,PROD-014,1,9.9,8.81
ORD-2026-002938,1,PROD-042,1,73.24,56.61
ORD-2026-002939,1,PROD-001,2,12.9,23.35
ORD-2026-002940,1,PROD-056,1,101.41,99.3
ORD-2026-002941,1,PROD-029,2,24.79,47.72
ORD-2026-002942,1,PROD-004,1,20.28,19.88
ORD-2026-002943,1,PROD-006,1,32.39,30.89
ORD-2026-002943,2,PROD-002,1,11.9,11.47
ORD-2026-002943,3,PROD-001,3,12.9,37.53
ORD-2026-002944,1,PROD-010,2,38.03,72.8
ORD-2026-002945,1,PROD-019,1,29.58,28.35
ORD-2026-002945,2,PROD-048,1,55.77,42.97
ORD-2026-002945,3,PROD-033,2,52.11,89.42
ORD-2026-002945,4,PROD-006,1,32.39,17.78
ORD-2026-002946,1,PROD-002,1,11.9,10.47
ORD-2026-002946,2,PROD-041,1,11.83,10.36
ORD-2026-002947,1,PROD-032,1,19.72,13.31
ORD-2026-002948,1,PROD-044,1,40.85,40.75
ORD-2026-002949,1,PROD-004,2,20.28,35.06
ORD-2026-002950,1,PROD-030,1,49.3,39.45
ORD-2026-002950,2,PROD-003,1,14.37,11.61
ORD-2026-002951,1,PROD-012,1,18.5,12.49
ORD-2026-002952,1,PROD-032,1,19.72,16.44
ORD-2026-002953,1,PROD-031,2,53.52,99.68
ORD-2026-002953,2,PROD-040,1,15.21,11.94
ORD-2026-002954,1,PROD-024,1,8.73,7.06
ORD-2026-002954,2,PROD-041,2,11.83,23.19
ORD-2026-002954,3,PROD-007,2,17.18,32.67
ORD-2026-002955,1,PROD-011,1,14.9,13.1
ORD-2026-002955,2,PROD-037,1,9.86,8.33
ORD-2026-002955,3,PROD-005,2,20.28,39.32
ORD-2026-002956,1,PROD-008,2,9.9,18.26
ORD-2026-002956,2,PROD-004,2,20.28,33.89
ORD-2026-002957,1,PROD-042,1,73.24,71.37
ORD-2026-002957,2,PROD-005,1,20.28,19.62
ORD-2026-002958,1,PROD-005,1,20.28,19.13
ORD-2026-002959,1,PROD-040,1,15.21,13.9
ORD-2026-002959,2,PROD-041,1,11.83,10.78
ORD-2026-002960,1,PROD-002,3,11.9,30.96
ORD-2026-002960,2,PROD-041,3,11.83,30.52
ORD-2026-002961,1,PROD-021,2,15.49,30.69
ORD-2026-002962,1,PROD-030,1,49.3,47.35
ORD-2026-002963,1,PROD-004,3,20.28,60.16
ORD-2026-002963,2,PROD-046,1,259.15,240.08
ORD-2026-002964,1,PROD-008,1,9.9,9.38
ORD-2026-002964,2,PROD-040,1,15.21,14.53
ORD-2026-002964,3,PROD-016,1,8.9,8.67
ORD-2026-002964,4,PROD-007,1,17.18,16.76
ORD-2026-002964,5,PROD-005,1,20.28,19.35
ORD-2026-002965,1,PROD-001,1,12.9,10.83
ORD-2026-002966,1,PROD-020,1,10.14,7.95
ORD-2026-002967,1,PROD-041,1,11.83,9.88
ORD-2026-002968,1,PROD-029,1,24.79,16.74
ORD-2026-002969,1,PROD-001,1,12.9,12.04
ORD-2026-002969,2,PROD-010,1,38.03,36.57
ORD-2026-002969,3,PROD-035,1,10.14,9.54
ORD-2026-002970,1,PROD-039,1,8.17,7.24
ORD-2026-002970,2,PROD-035,2,10.14,16.66
ORD-2026-002970,3,PROD-040,2,15.21,28.4
ORD-2026-002971,1,PROD-004,2,20.28,36.78
ORD-2026-002972,1,PROD-055,1,74.65,74.47
ORD-2026-002973,1,PROD-019,2,29.58,48.81
ORD-2026-002974,1,PROD-041,1,11.83,9.27
ORD-2026-002975,1,PROD-005,2,20.28,36.85
ORD-2026-002976,1,PROD-034,2,9.01,17.43
ORD-2026-002977,1,PROD-004,2,20.28,34.74
ORD-2026-002978,1,PROD-002,2,11.9,23.58
ORD-2026-002979,1,PROD-007,1,17.18,14.62
ORD-2026-002980,1,PROD-001,1,12.9,12.84
ORD-2026-002981,1,PROD-027,1,21.13,20.94
ORD-2026-002981,2,PROD-032,3,19.72,55.26
ORD-2026-002982,1,PROD-006,1,32.39,31.98
ORD-2026-002983,1,PROD-034,3,9.01,21.49
ORD-2026-002984,1,PROD-033,1,52.11,47.51
ORD-2026-002985,1,PROD-003,1,14.37,13.0
ORD-2026-002986,1,PROD-005,2,20.28,39.19
ORD-2026-002986,2,PROD-055,1,74.65,69.23
ORD-2026-002987,1,PROD-001,1,12.9,11.79
ORD-2026-002987,2,PROD-040,1,15.21,14.85
ORD-2026-002988,1,PROD-004,1,20.28,13.72
ORD-2026-002988,2,PROD-041,2,11.83,22.97
ORD-2026-002989,1,PROD-041,3,11.83,33.56
ORD-2026-002990,1,PROD-008,1,9.9,8.14
ORD-2026-002991,1,PROD-041,1,11.83,10.08
ORD-2026-002991,2,PROD-053,1,53.52,49.7
ORD-2026-002991,3,PROD-010,2,38.03,72.16
ORD-2026-002992,1,PROD-036,2,11.55,17.41
ORD-2026-002993,1,PROD-001,1,12.9,12.81
ORD-2026-002994,1,PROD-042,1,73.24,50.89
ORD-2026-002995,1,PROD-035,3,10.14,29.73
ORD-2026-002995,2,PROD-004,1,20.28,19.83
ORD-2026-002995,3,PROD-034,2,9.01,17.31
ORD-2026-002996,1,PROD-002,2,11.9,20.38
ORD-2026-002997,1,PROD-016,2,8.9,14.64
ORD-2026-002998,1,PROD-004,1,20.28,11.65
ORD-2026-002999,1,PROD-005,2,20.28,38.85
ORD-2026-003000,1,PROD-011,1,14.9,12.87
ORD-2026-003001,1,PROD-011,2,14.9,26.99
ORD-2026-003001,2,PROD-001,3,12.9,34.46
ORD-2026-003002,1,PROD-022,2,9.01,17.01
ORD-2026-003003,1,PROD-055,1,74.65,60.79
ORD-2026-003004,1,PROD-005,1,20.28,19.28
ORD-2026-003004,2,PROD-004,1,20.28,16.35
ORD-2026-003005,1,PROD-008,1,9.9,8.33
ORD-2026-003005,2,PROD-002,3,11.9,31.72
ORD-2026-003005,3,PROD-019,2,29.58,54.11
ORD-2026-003005,4,PROD-028,1,17.18,16.45
ORD-2026-003006,1,PROD-004,1,20.28,18.86
ORD-2026-003007,1,PROD-019,2,29.58,58.43
ORD-2026-003008,1,PROD-034,1,9.01,8.34
ORD-2026-003009,1,PROD-003,2,14.37,24.62
ORD-2026-003009,2,PROD-017,1,12.5,9.82
ORD-2026-003010,1,PROD-037,2,9.86,11.97
ORD-2026-003011,1,PROD-016,1,8.9,8.2
ORD-2026-003011,2,PROD-008,2,9.9,17.76
ORD-2026-003012,1,PROD-025,1,21.97,21.46
ORD-2026-003013,1,PROD-004,1,20.28,18.31
ORD-2026-003013,2,PROD-034,1,9.01,8.45
ORD-2026-003014,1,PROD-032,1,19.72,17.38
ORD-2026-003015,1,PROD-015,1,26.76,26.12
ORD-2026-003016,1,PROD-028,1,17.18,16.05
ORD-2026-003017,1,PROD-014,1,9.9,9.67
ORD-2026-003018,1,PROD-027,2,21.13,39.34
ORD-2026-003018,2,PROD-002,1,11.9,11.59
ORD-2026-003018,3,PROD-010,1,38.03,35.91
ORD-2026-003018,4,PROD-001,1,12.9,12.01
ORD-2026-003019,1,PROD-036,2,11.55,15.12
ORD-2026-003020,1,PROD-002,1,11.9,11.58
ORD-2026-003021,1,PROD-039,1,8.17,8.02
ORD-2026-003022,1,PROD-001,1,12.9,11.12
ORD-2026-003022,2,PROD-007,1,17.18,13.51
ORD-2026-003022,3,PROD-005,3,20.28,50.88
ORD-2026-003023,1,PROD-041,1,11.83,11.7
ORD-2026-003024,1,PROD-003,2,14.37,28.01
ORD-2026-003024,2,PROD-002,2,11.9,23.69
ORD-2026-003025,1,PROD-045,1,72.68,39.61
ORD-2026-003026,1,PROD-002,2,11.9,21.2
ORD-2026-003027,1,PROD-016,2,8.9,16.7
ORD-2026-003028,1,PROD-010,1,38.03,37.25
ORD-2026-003028,2,PROD-035,2,10.14,19.94
ORD-2026-003029,1,PROD-005,1,20.28,14.62
ORD-2026-003030,1,PROD-001,1,12.9,12.69
ORD-2026-003030,2,PROD-002,1,11.9,10.79
ORD-2026-003031,1,PROD-007,2,17.18,32.69
ORD-2026-003032,1,PROD-005,1,20.28,18.01
ORD-2026-003033,1,PROD-036,1,11.55,8.09
ORD-2026-003034,1,PROD-004,3,20.28,55.08
ORD-2026-003035,1,PROD-006,1,32.39,31.53
ORD-2026-003035,2,PROD-004,1,20.28,19.99
ORD-2026-003036,1,PROD-003,1,14.37,12.26
ORD-2026-003037,1,PROD-010,2,38.03,73.9
ORD-2026-003037,2,PROD-039,3,8.17,23.04
ORD-2026-003037,3,PROD-041,1,11.83,11.32
ORD-2026-003038,1,PROD-002,1,11.9,10.69
ORD-2026-003039,1,PROD-003,1,14.37,14.04
ORD-2026-003040,1,PROD-036,1,11.55,10.24
ORD-2026-003041,1,PROD-005,1,20.28,17.69
ORD-2026-003041,2,PROD-001,1,12.9,11.62
ORD-2026-003041,3,PROD-052,1,46.48,42.9
ORD-2026-003041,4,PROD-039,1,8.17,7.47
ORD-2026-003042,1,PROD-010,2,38.03,73.76
ORD-2026-003043,1,PROD-003,2,14.37,25.06
ORD-2026-003043,2,PROD-006,2,32.39,51.25
ORD-2026-003043,3,PROD-016,2,8.9,13.31
ORD-2026-003043,4,PROD-001,1,12.9,9.3
ORD-2026-003044,1,PROD-038,1,7.89,7.38
ORD-2026-003044,2,PROD-008,1,9.9,9.6
ORD-2026-003045,1,PROD-001,1,12.9,11.65
ORD-2026-003046,1,PROD-041,2,11.83,16.99
ORD-2026-003047,1,PROD-022,1,9.01,6.47
ORD-2026-003047,2,PROD-003,1,14.37,11.1
ORD-2026-003047,3,PROD-011,1,14.9,12.54
ORD-2026-003048,1,PROD-003,3,14.37,37.04
ORD-2026-003049,1,PROD-006,2,32.39,63.05
ORD-2026-003049,2,PROD-004,1,20.28,19.53
ORD-2026-003049,3,PROD-001,1,12.9,12.85
ORD-2026-003050,1,PROD-022,1,9.01,8.82
ORD-2026-003050,2,PROD-015,1,26.76,26.01
ORD-2026-003050,3,PROD-026,2,14.65,28.09
ORD-2026-003051,1,PROD-041,1,11.83,10.84
ORD-2026-003051,2,PROD-034,4,9.01,33.96
ORD-2026-003052,1,PROD-041,1,11.83,11.56
ORD-2026-003052,2,PROD-001,1,12.9,11.97
ORD-2026-003053,1,PROD-027,1,21.13,20.77
ORD-2026-003053,2,PROD-014,2,9.9,18.64
ORD-2026-003054,1,PROD-001,1,12.9,11.41
ORD-2026-003054,2,PROD-034,1,9.01,8.49
ORD-2026-003054,3,PROD-041,1,11.83,9.69
ORD-2026-003055,1,PROD-051,1,36.06,27.66
ORD-2026-003055,2,PROD-006,1,32.39,29.4
ORD-2026-003056,1,PROD-002,2,11.9,23.66
ORD-2026-003056,2,PROD-035,2,10.14,19.91
ORD-2026-003057,1,PROD-010,3,38.03,92.71
ORD-2026-003058,1,PROD-006,1,32.39,31.0
ORD-2026-003058,2,PROD-023,1,7.89,7.42
ORD-2026-003059,1,PROD-002,2,11.9,22.55
ORD-2026-003060,1,PROD-028,1,17.18,15.71
ORD-2026-003060,2,PROD-044,1,40.85,39.02
ORD-2026-003060,3,PROD-022,1,9.01,5.3
ORD-2026-003061,1,PROD-006,1,32.39,32.17
ORD-2026-003061,2,PROD-012,1,18.5,17.82
ORD-2026-003062,1,PROD-040,2,15.21,27.3
ORD-2026-003062,2,PROD-038,1,7.89,7.19
ORD-2026-003062,3,PROD-002,1,11.9,9.76
ORD-2026-003063,1,PROD-024,1,8.73,6.58
ORD-2026-003063,2,PROD-042,1,73.24,66.28
ORD-2026-003063,3,PROD-026,1,14.65,12.63
ORD-2026-003064,1,PROD-005,1,20.28,20.18
ORD-2026-003065,1,PROD-042,1,73.24,67.26
ORD-2026-003066,1, PROD-021 ,1,15.49,8.47
ORD-2026-003067,1,PROD-007,2,17.18,34.3
ORD-2026-003067,2,PROD-002,2,11.9,23.12
ORD-2026-003068,1,PROD-038,1,7.89,6.32
ORD-2026-003068,2,PROD-004,3,20.28,56.75
ORD-2026-003068,3,PROD-016,1,8.9,8.21
ORD-2026-003069,1,PROD-010,1,38.03,30.84
ORD-2026-003070,1,PROD-001,1,12.9,10.96
ORD-2026-003070,2,PROD-005,1,20.28,-13.05
ORD-2026-003071,1,PROD-007,1,17.18,16.65
ORD-2026-003071,2,PROD-002,1,11.9,11.82
ORD-2026-003071,3,PROD-010,2,38.03,70.52
ORD-2026-003072,1,PROD-053,1,53.52,47.6
ORD-2026-003073,1,PROD-006,2,32.39,55.2
ORD-2026-003073,2,PROD-041,4,11.83,40.84
ORD-2026-003073,3,PROD-035,3,10.14,25.33
ORD-2026-003074,1,PROD-001,2,12.9,19.95
ORD-2026-003074,2,PROD-005,1,20.28,14.95
ORD-2026-003075,1,PROD-001,2,12.9,23.2
ORD-2026-003075,2,PROD-013,2,11.9,23.07
ORD-2026-003076,1,PROD-005,2,20.28,34.39
ORD-2026-003077,1,PROD-003,2,14.37,27.27
ORD-2026-003078,1,PROD-010,1,38.03,36.45
ORD-2026-003079,1,PROD-008,1,9.9,9.07
ORD-2026-003079,2,PROD-002,1,11.9,11.16
ORD-2026-003080,1,PROD-030,1,49.3,41.46
ORD-2026-003081,1,PROD-045,1,72.68,50.45
ORD-2026-003082,1,PROD-036,3,11.55,32.62
ORD-2026-003083,1,PROD-005,1,20.28,20.06
ORD-2026-003083,2,PROD-041,1,11.83,9.87
ORD-2026-003083,3,PROD-042,1,73.24,67.94
ORD-2026-003084,1,PROD-014,1,9.9,8.52
ORD-2026-003085,1,PROD-053,1,53.52,50.53
ORD-2026-003085,2,PROD-002,1,11.9,11.56
ORD-2026-003086,1,PROD-023,1,7.89,7.05
ORD-2026-003086,2,PROD-007,1,17.18,15.29
ORD-2026-003087,1,PROD-023,2,7.89,15.29
ORD-2026-003087,2,PROD-031,2,53.52,103.9
ORD-2026-003087,3,PROD-003,3,14.37,32.67
ORD-2026-003088,1,PROD-003,2,14.37,24.05
ORD-2026-003089,1,PROD-022,1,9.01,8.72
ORD-2026-003089,2,PROD-001,2,12.9,22.6
ORD-2026-003090,1,PROD-014,1,9.9,8.02
ORD-2026-003091,1,PROD-052,1,46.48,38.91
ORD-2026-003092,1,PROD-010,2,38.03,72.01
ORD-2026-003092,2,PROD-036,1,11.55,10.71
ORD-2026-003092,3,PROD-052,1,46.48,43.48
ORD-2026-003093,1,PROD-037,1,9.86,9.1
ORD-2026-003093,2,PROD-006,1,32.39,31.49
ORD-2026-003094,1,PROD-003,1,14.37,13.18
ORD-2026-003094,2,PROD-008,1,9.9,9.15
ORD-2026-003094,3,PROD-007,1,17.18,14.98
ORD-2026-003095,1,PROD-008,2,9.9,17.26
ORD-2026-003095,2,PROD-012,2,18.5,33.69
ORD-2026-003096,1,PROD-011,1,14.9,13.57
ORD-2026-003096,2,PROD-002,1,11.9,11.46
ORD-2026-003097,1,PROD-044,1,40.85,35.0
ORD-2026-003098,1,PROD-019,1,29.58,28.59
ORD-2026-003098,2,PROD-038,2,7.89,14.4
ORD-2026-003099,1,PROD-024,1,8.73,5.71
ORD-2026-003100,1,PROD-002,2,11.9,21.18
ORD-2026-003101,1,PROD-001,1,12.9,12.19
ORD-2026-003102,1,PROD-023,1,7.89,7.69
ORD-2026-003102,2,PROD-008,2,9.9,18.26
ORD-2026-003102,3,PROD-036,2,11.55,20.12
ORD-2026-003103,1,PROD-036,1,11.55,7.18
ORD-2026-003104,1,PROD-037,1,9.86,9.62
ORD-2026-003105,1,PROD-004,2,20.28,31.09
ORD-2026-003106,1,PROD-041,2,11.83,21.24
ORD-2026-003107,1,PROD-001,1,12.9,12.2
ORD-2026-003107,2,PROD-044,1,40.85,35.88
ORD-2026-003107,3,PROD-005,1,20.28,19.39
ORD-2026-003108,1,PROD-034,1,9.01,7.68
ORD-2026-003109,1,PROD-034,1,9.01,8.9
ORD-2026-003110,1,PROD-020,1,10.14,8.99
ORD-2026-003110,2,PROD-027,2,21.13,40.12
ORD-2026-003111,1,PROD-004,3,20.28,58.66
ORD-2026-003112,1,PROD-004,1,20.28,18.23
ORD-2026-003112,2,PROD-005,3,20.28,58.37
ORD-2026-003112,3,PROD-035,2,10.14,19.68
ORD-2026-003113,1,PROD-001,1,12.9,12.58
ORD-2026-003114,1,PROD-002,1,11.9,9.88
ORD-2026-003115,1,PROD-028,1,17.18,13.9
ORD-2026-003116,1,PROD-014,1,9.9,9.32
ORD-2026-003117,1,PROD-011,1,14.9,14.53
ORD-2026-003118,1,PROD-035,2,10.14,19.74
ORD-2026-003118,2,PROD-001,1,12.9,12.49
ORD-2026-003118,3,PROD-015,1,26.76,25.88
ORD-2026-003119,1,PROD-023,1,7.89,7.38
ORD-2026-003120,1,PROD-006,2,32.39,59.92
ORD-2026-003121,1,PROD-004,1,20.28,18.17
ORD-2026-003121,2,PROD-001,3,12.9,34.95
ORD-2026-003121,3,PROD-010,2,38.03,74.68
ORD-2026-003122,1,PROD-005,1,20.28,19.76
ORD-2026-003123,1,PROD-013,1,11.9,11.31
ORD-2026-003124,1,PROD-036,4,11.55,39.61
ORD-2026-003125,1,PROD-008,2,9.9,16.73
ORD-2026-003126,1,PROD-059,1,52.11,34.67
ORD-2026-003127,1,PROD-003,1,14.37,13.75
ORD-2026-003128,1,PROD-031,2,53.52,99.2
ORD-2026-003128,2,PROD-002,1,11.9,9.49
ORD-2026-003129,1,PROD-005,1,20.28,18.72
ORD-2026-003130,1,PROD-002,1,11.9,10.77
ORD-2026-003131,1,PROD-033,2,52.11,95.96
ORD-2026-003131,2,PROD-037,3,9.86,26.68
ORD-2026-003131,3,PROD-021,2,15.49,20.62
ORD-2026-003132,1,PROD-032,4,19.72,65.94
ORD-2026-003132,2,PROD-034,1,9.01,7.41
ORD-2026-003133,1,PROD-051,1,36.06,32.06
ORD-2026-003133,2,PROD-007,1,17.18,15.85
ORD-2026-003134,1,PROD-005,1,20.28,17.04
ORD-2026-003135,1,PROD-025,1,21.97,20.97
ORD-2026-003136,1,PROD-022,1,9.01,8.88
ORD-2026-003137,1,PROD-024,2,8.73,14.99
ORD-2026-003137,2,PROD-022,2,9.01,16.61
ORD-2026-003138,1,PROD-002,1,11.9,9.93
ORD-2026-003138,2,PROD-042,4,73.24,284.58
ORD-2026-003138,3,PROD-027,2,21.13,34.35
ORD-2026-003138,4,PROD-012,1,18.5,17.01
ORD-2026-003139,1,PROD-002,2,11.9,15.74
ORD-2026-003139,2,PROD-016,1,8.9,7.98
ORD-2026-003140,1,PROD-040,2,15.21,23.17
ORD-2026-003140,2,PROD-036,2,11.55,22.48
ORD-2026-003141,1,PROD-013,1,11.9,10.18
ORD-2026-003141,2,PROD-019,2,29.58,58.43
ORD-2026-003141,3,PROD-001,2,12.9,20.54
ORD-2026-003141,4,PROD-028,1,17.18,14.38
ORD-2026-003141,5,PROD-004,1,20.28,19.25
ORD-2026-003142,1,PROD-048,1,55.77,47.76
ORD-2026-003142,2,PROD-005,1,20.28,13.62
ORD-2026-003143,1,PROD-022,1,9.01,7.96
ORD-2026-003143,2,PROD-025,1,21.97,20.91
ORD-2026-003144,1,PROD-026,1,14.65,9.88
ORD-2026-003144,2,PROD-039,1,8.17,6.17
ORD-2026-003145,1,PROD-013,1,11.9,9.88
ORD-2026-003146,1,PROD-021,2,15.49,28.25
ORD-2026-003147,1,PROD-041,2,11.83,22.97
ORD-2026-003148,1,PROD-012,2,18.5,29.25
ORD-2026-003149,1,PROD-032,1,19.72,18.73
ORD-2026-003150,1,PROD-002,1,11.9,10.16
ORD-2026-003150,2,PROD-034,1,9.01,8.01
ORD-2026-003151,1,PROD-002,2,11.9,20.15
ORD-2026-003152,1,PROD-005,1,20.28,16.42
ORD-2026-003152,2,PROD-035,4,10.14,39.44
ORD-2026-003153,1,PROD-001,1,12.9,12.64
ORD-2026-003154,1,PROD-016,2,8.9,14.53
ORD-2026-003155,1,PROD-001,1,12.9,11.66
ORD-2026-003156,1,PROD-007,1,17.18,14.97
ORD-2026-003157,1,PROD-006,1,32.39,30.14
ORD-2026-003158,1,PROD-010,1,38.03,31.9
ORD-2026-003159,1,PROD-005,1,20.28,18.27
ORD-2026-003160,1,PROD-045,1,72.68,71.31
ORD-2026-003160,2,PROD-021,2,15.49,30.38
ORD-2026-003161,1,PROD-041,1,11.83,10.13
ORD-2026-003162,1,PROD-001,1,12.9,12.2
ORD-2026-003163,1,PROD-002,1,11.9,-8.62
ORD-2026-003164,1,PROD-017,1,12.5,11.72
ORD-2026-003165,1,PROD-060,1,42.25,37.92
ORD-2026-003166,1,PROD-041,1,11.83,11.08
ORD-2026-003166,2,PROD-011,1,14.9,14.63
ORD-2026-003166,3,PROD-003,2,14.37,28.16
ORD-2026-003167,1,PROD-021,1,15.49,14.81
ORD-2026-003167,2,PROD-004,3,20.28,56.73
ORD-2026-003168,1,PROD-006,2,32.39,60.98
ORD-2026-003168,2,PROD-002,1,11.9,11.69
ORD-2026-003169,1,PROD-001,1,12.9,12.43
ORD-2026-003169,2,PROD-032,2,19.72,38.94
ORD-2026-003170,1,PROD-015,1,26.76,25.45
ORD-2026-003170,2,PROD-032,2,19.72,36.11
ORD-2026-003171,1,PROD-003,1,14.37,
ORD-2026-003172,1,PROD-004,1,20.28,19.71
ORD-2026-003172,2,PROD-053,1,53.52,51.32
ORD-2026-003173,1,PROD-004,2,20.28,39.75
ORD-2026-003173,2,PROD-013,1,11.9,9.64
ORD-2026-003174,1,PROD-005,1,20.28,19.37
ORD-2026-003175,1,PROD-003,1,14.37,13.66
ORD-2026-003175,2,PROD-030,1,49.3,48.51
ORD-2026-003175,3,PROD-008,1,9.9,9.87
ORD-2026-003175,4,PROD-022,2,9.01,17.45
ORD-2026-003176,1,PROD-041,1,11.83,11.12
ORD-2026-003176,2,PROD-001,2,12.9,22.04
ORD-2026-003177,1,PROD-027,2,21.13,31.01
ORD-2026-003177,2,PROD-002,2,11.9,22.28
ORD-2026-003177,3,PROD-039,3,8.17,22.0
ORD-2026-003178,1,PROD-035,1,10.14,9.95
ORD-2026-003178,2,PROD-060,1,42.25,40.91
ORD-2026-003178,3,PROD-006,2,32.39,62.9
ORD-2026-003179,1,PROD-024,2,8.73,17.27
ORD-2026-003180,1,PROD-038,3,7.89,22.95
ORD-2026-003181,1,PROD-030,1,49.3,37.64
ORD-2026-003182,1,PROD-037,3,9.86,27.77
ORD-2026-003183,1,PROD-013,2,11.9,23.39
ORD-2026-003184,1,PROD-003,1,14.37,12.85
ORD-2026-003184,2,PROD-010,1,38.03,29.89
ORD-2026-003184,3,PROD-034,4,9.01,28.67
ORD-2026-003185,1,PROD-021,1,15.49,13.74
ORD-2026-003185,2,PROD-020,1,10.14,8.18
ORD-2026-003186,1,PROD-022,1,9.01,8.95
ORD-2026-003187,1,PROD-002,1,11.9,11.81
ORD-2026-003187,2,PROD-001,3,12.9,37.24
ORD-2026-003187,3,PROD-004,2,20.28,39.44
ORD-2026-003187,4,PROD-005,1,20.28,20.24
ORD-2026-003188,1,PROD-022,1,9.01,8.88
ORD-2026-003189,1,PROD-005,1,20.28,17.26
ORD-2026-003190,1,PROD-006,1,32.39,28.43
ORD-2026-003191,1,PROD-001,1,12.9,12.6
ORD-2026-003191,2,PROD-035,1,10.14,9.99
ORD-2026-003191,3,PROD-034,2,9.01,17.87
ORD-2026-003191,4,PROD-003,2,14.37,28.0
ORD-2026-003192,1,PROD-006,3,32.39,81.04
ORD-2026-003193,1,PROD-017,1,12.5,11.34
ORD-2026-003193,2,PROD-001,1,12.9,12.54
ORD-2026-003193,3,PROD-021,1,15.49,15.13
ORD-2026-003194,1,PROD-001,1,12.9,11.51
ORD-2026-003195,1,PROD-004,1,20.28,18.7
ORD-2026-003196,1,PROD-025,1,21.97,19.3
ORD-2026-003197,1,PROD-017,1,12.5,11.59
ORD-2026-003197,2,PROD-041,4,11.83,44.33
ORD-2026-003198,1,PROD-012,2,18.5,32.93
ORD-2026-003199,1,PROD-004,1,20.28,16.83
ORD-2026-003199,2,PROD-003,2,14.37,21.03
ORD-2026-003200,1,PROD-003,2,14.37,25.66
ORD-2026-003201,1,PROD-002,1,11.9,9.94
ORD-2026-003202,1,PROD-003,1,14.37,13.96
ORD-2026-003203,1,PROD-017,2,12.5,24.91
ORD-2026-003203,2,PROD-041,1,11.83,11.55
ORD-2026-003203,3,PROD-013,1,11.9,10.89
ORD-2026-003204,1,PROD-001,1,12.9,12.23
ORD-2026-003204,2,PROD-010,2,38.03,60.59
ORD-2026-003205,1,PROD-015,1,26.76,23.91
ORD-2026-003205,2,PROD-040,1,15.21,11.04
ORD-2026-003205,3,PROD-020,1,10.14,9.46
ORD-2026-003206,1,PROD-048,1,55.77,54.22
ORD-2026-003206,2,PROD-003,2,14.37,27.85
ORD-2026-003206,3,PROD-041,1,11.83,11.58
ORD-2026-003207,1,PROD-012,1,18.5,17.37
ORD-2026-003207,2,PROD-024,1,8.73,7.47
ORD-2026-003208,1,PROD-002,1,11.9,11.29
ORD-2026-003209,1,PROD-034,1,9.01,8.44
ORD-2026-003210,1,PROD-001,2,12.9,22.43
ORD-2026-003210,2,PROD-014,2,9.9,18.55
ORD-2026-003210,3,PROD-041,2,11.83,17.39
ORD-2026-003211,1,PROD-005,1,20.28,18.89
ORD-2026-003211,2,PROD-035,2,10.14,19.99
ORD-2026-003212,1,PROD-016,3,8.9,25.79
ORD-2026-003213,1,PROD-022,2,9.01,17.68
ORD-2026-003213,2,PROD-031,1,53.52,52.11
ORD-2026-003213,3,PROD-001,3,12.9,36.8
ORD-2026-003214,1,PROD-038,4,7.89,25.73
ORD-2026-003215,1,PROD-003,1,14.37,10.97
ORD-2026-003215,2,PROD-041,2,11.83,19.28
ORD-2026-003216,1,PROD-006,1,32.39,19.78
ORD-2026-003217,1,PROD-020,1,10.14,9.79
ORD-2026-003218,1,PROD-007,1,17.18,15.64
ORD-2026-003219,1,PROD-002,1,11.9,11.38
ORD-2026-003220,1,PROD-014,1,9.9,9.66
ORD-2026-003221,1,PROD-004,1,20.28,18.75
ORD-2026-003222,1,PROD-004,1,20.28,20.1
ORD-2026-003222,2,PROD-041,3,11.83,35.18
ORD-2026-003222,3,PROD-031,1,53.52,52.05
ORD-2026-003223,1,PROD-054,1,59.15,54.24
ORD-2026-003223,2,PROD-001,1,12.9,11.16
ORD-2026-003223,3,PROD-002,3,11.9,32.11
ORD-2026-003224,1,PROD-004,1,20.28,18.09
ORD-2026-003225,1,PROD-001,1,12.9,-12.16
ORD-2026-003226,1,PROD-005,3,20.28,60.56
ORD-2026-003226,2,PROD-017,2,12.5,23.51
ORD-2026-003226,3,PROD-007,3,17.18,50.99
ORD-2026-003226,4,PROD-026,2,14.65,28.94
ORD-2026-003226,5,PROD-022,1,9.01,7.74
ORD-2026-003227,1,PROD-002,1,11.9,9.82
ORD-2026-003227,2,PROD-004,1,20.28,18.79
ORD-2026-003227,3,PROD-023,1,7.89,7.47
ORD-2026-003227,4,PROD-039,2,8.17,15.64
ORD-2026-003227,5,PROD-041,2,11.83,23.13
ORD-2026-003228,1,PROD-005,1,20.28,19.87
ORD-2026-003229,1,PROD-002,3,11.9,31.61
ORD-2026-003230,1,PROD-002,1,11.9,10.2
ORD-2026-003230,2,PROD-007,3,17.18,41.63
ORD-2026-003230,3,PROD-005,1,20.28,17.05
ORD-2026-003231,1,PROD-048,1,55.77,47.9
ORD-2026-003231,2,PROD-040,1,15.21,14.39
ORD-2026-003232,1,PROD-003,1,14.37,11.65
ORD-2026-003233,1,PROD-015,1,26.76,24.39
ORD-2026-003234,1,PROD-020,2,10.14,15.54
ORD-2026-003234,2,PROD-010,1,38.03,32.1
ORD-2026-003234,3,PROD-006,1,32.39,28.37
ORD-2026-003235,1,PROD-038,1,7.89,6.28
ORD-2026-003235,2,PROD-005,2,20.28,27.56
ORD-2026-003235,3,PROD-036,2,11.55,21.09
ORD-2026-003236,1,PROD-029,1,24.79,18.95
ORD-2026-003236,2,PROD-035,1,10.14,9.38
ORD-2026-003237,1,PROD-001,3,12.9,35.19
ORD-2026-003238,1,PROD-034,1,9.01,8.83
ORD-2026-003239,1,PROD-024,1,8.73,7.23
ORD-2026-003239,2,PROD-034,1,9.01,8.73
ORD-2026-003239,3,PROD-001,1,12.9,12.52
ORD-2026-003240,1,PROD-001,1,12.9,12.54
ORD-2026-003241,1,PROD-029,1,24.79,24.1
ORD-2026-003241,2,PROD-005,1,20.28,17.22
ORD-2026-003241,3,PROD-031,1,53.52,39.22
ORD-2026-003241,4,PROD-026,1,14.65,13.79
ORD-2026-003242,1,PROD-005,1,20.28,17.88
ORD-2026-003243,1,PROD-014,1,9.9,9.56
ORD-2026-003243,2,PROD-004,1,20.28,19.81
ORD-2026-003244,1,PROD-004,1,20.28,16.37
ORD-2026-003245,1,PROD-002,1,11.9,11.0
ORD-2026-003246,1,PROD-001,1,12.9,12.15
ORD-2026-003247,1,PROD-023,1,7.89,7.37
ORD-2026-003248,1,PROD-044,1,40.85,40.75
ORD-2026-003249,1,PROD-056,1,101.41,98.52
ORD-2026-003250,1,PROD-004,1,20.28,19.55
ORD-2026-003250,2,PROD-008,1,9.9,9.74
ORD-2026-003251,1,PROD-013,2,11.9,22.04
ORD-2026-003252,1,PROD-044,1,40.85,28.43
ORD-2026-003253,1,PROD-011,1,14.9,11.31
ORD-2026-003254,1,PROD-037,2,9.86,18.0
ORD-2026-003255,1,PROD-001,2,12.9,19.07
ORD-2026-003255,2,PROD-030,1,49.3,42.2
ORD-2026-003255,3,PROD-016,1,8.9,4.0
ORD-2026-003256,1,PROD-004,2,20.28,38.99
ORD-2026-003257,1,PROD-008,2,9.9,18.89
ORD-2026-003257,2,PROD-001,2,12.9,23.81
ORD-2026-003257,3,PROD-031,1,53.52,49.52
ORD-2026-003258,1,PROD-016,1,8.9,5.57
ORD-2026-003258,2,PROD-031,2,53.52,48.17
ORD-2026-003259,1,PROD-030,1,49.3,42.39
ORD-2026-003259,2,PROD-014,1,9.9,8.27
ORD-2026-003260,1,PROD-037,2,9.86,17.32
ORD-2026-003260,2,PROD-003,3,14.37,36.46
ORD-2026-003261,1,PROD-014,2,9.9,18.98
ORD-2026-003261,2,PROD-022,1,9.01,8.59
ORD-2026-003262,1,PROD-005,1,20.28,20.04
ORD-2026-003262,2,PROD-034,1,9.01,6.88
ORD-2026-003263,1,PROD-023,2,7.89,13.61
ORD-2026-003264,1,PROD-019,1,29.58,27.42
ORD-2026-003264,2,PROD-059,1,52.11,49.55
ORD-2026-003265,1,PROD-005,1,20.28,20.1
ORD-2026-003266,1,PROD-014,1,9.9,8.97
ORD-2026-003266,2,PROD-023,2,7.89,14.55
ORD-2026-003267,1,PROD-002,1,11.9,11.06
ORD-2026-003267,2,PROD-034,2,9.01,13.97
ORD-2026-003268,1,PROD-031,1,53.52,36.47
ORD-2026-003269,1,PROD-006,1,32.39,31.71
ORD-2026-003270,1,PROD-013,1,11.9,11.54
ORD-2026-003271,1,PROD-002,3,11.9,31.19
ORD-2026-003272,1,PROD-004,1,20.28,19.32
ORD-2026-003272,2,PROD-017,1,12.5,12.36
ORD-2026-003273,1,PROD-001,2,12.9,25.29
ORD-2026-003274,1,PROD-006,1,32.39,31.47
ORD-2026-003275,1,PROD-032,2,19.72,35.51
ORD-2026-003275,2,PROD-015,1,26.76,15.66
ORD-2026-003276,1,PROD-001,1,12.9,10.67
ORD-2026-003276,2,PROD-021,1,15.49,12.38
ORD-2026-003277,1,PROD-010,2,38.03,75.89
ORD-2026-003278,1,PROD-041,1,11.83,10.61
ORD-2026-003278,2,PROD-023,1,7.89,6.58
ORD-2026-003279,1,PROD-036,3,11.55,31.84
ORD-2026-003280,1,PROD-031,1,53.52,52.4
 ORD-2026-003280 ,2,PROD-019,1,29.58,28.64
ORD-2026-003280,3,PROD-037,2,9.86,19.63
ORD-2026-003280,4,PROD-026,1,14.65,14.21
ORD-2026-003281,1,PROD-001,1,12.9,12.55
ORD-2026-003281,2,PROD-040,2,15.21,25.29
ORD-2026-003282,1,PROD-020,1,10.14,10.09
ORD-2026-003283,1,PROD-024,1,8.73,7.59
ORD-2026-003283,2,PROD-004,1,20.28,19.49
ORD-2026-003284,1,PROD-004,2,20.28,39.31
ORD-2026-003285,1,PROD-035,1,10.14,9.49
ORD-2026-003285,2,PROD-003,1,14.37,11.58
ORD-2026-003286,1,PROD-035,3,10.14,27.62
ORD-2026-003287,1,PROD-008,2,9.9,18.76
ORD-2026-003288,1,PROD-023,1,7.89,6.33
ORD-2026-003289,1,PROD-047,1,108.45,97.1
ORD-2026-003290,1,PROD-002,2,11.9,22.46
ORD-2026-003290,2,PROD-003,1,14.37,11.88
ORD-2026-003291,1,PROD-024,1,8.73,3.93
ORD-2026-003292,1,PROD-022,2,9.01,13.15
ORD-2026-003293,1,PROD-004,2,20.28,32.93
ORD-2026-003293,2,PROD-029,2,24.79,47.53
ORD-2026-003294,1,PROD-005,1,20.28,17.11
ORD-2026-003294,2,PROD-035,1,10.14,8.85
ORD-2026-003295,1,PROD-002,1,11.9,9.99
ORD-2026-003295,2,PROD-001,2,12.9,24.58
ORD-2026-003295,3,PROD-041,3,11.83,29.65
ORD-2026-003296,1,PROD-040,2,15.21,18.43
ORD-2026-003297,1,PROD-001,2,12.9,24.32
ORD-2026-003297,2,PROD-002,2,11.9,20.87
ORD-2026-003297,3,PROD-011,3,14.9,43.47
ORD-2026-003297,4,PROD-003,1,14.37,12.48
ORD-2026-003297,5,PROD-033,1,52.11,49.66
ORD-2026-003298,1,PROD-005,2,20.28,39.84
ORD-2026-003299,1,PROD-007,1,17.18,14.96
ORD-2026-003299,2,PROD-026,2,14.65,28.0
ORD-2026-003299,3,PROD-024,2,8.73,14.69
ORD-2026-003299,4,PROD-008,2,9.9,17.11
ORD-2026-003299,5,PROD-044,1,40.85,40.09
ORD-2026-003300,1,PROD-044,1,40.85,40.49
ORD-2026-003300,2,PROD-022,2,9.01,17.42
ORD-2026-003301,1,PROD-001,2,12.9,24.3
ORD-2026-003302,1,PROD-017,1,12.5,11.99
ORD-2026-003303,1,PROD-032,1,19.72,17.97
ORD-2026-003304,1,PROD-001,1,12.9,12.03
ORD-2026-003304,2,PROD-003,2,14.37,25.48
ORD-2026-003305,1,PROD-001,1,12.9,12.25
ORD-2026-003306,1,PROD-024,2,8.73,16.93
ORD-2026-003306,2,PROD-038,4,7.89,27.06
ORD-2026-003307,1,PROD-003,2,14.37,25.6
ORD-2026-003308,1,PROD-023,1,7.89,7.52
ORD-2026-003309,1,PROD-036,3,11.55,-19.62
ORD-2026-003310,1,PROD-006,1,32.39,27.6
ORD-2026-003310,2,PROD-041,3,11.83,26.97
ORD-2026-003310,3,PROD-035,1,10.14,9.45
ORD-2026-003311,1,PROD-011,1,14.9,7.88
ORD-2026-003312,1, PROD-040 ,1,15.21,14.67
ORD-2026-003313,1,PROD-013,1,11.9,9.62
ORD-2026-003314,1,PROD-001,2,12.9,25.42
ORD-2026-003314,2,PROD-012,1,18.5,17.49
ORD-2026-003315,1,PROD-027,1,21.13,17.48
ORD-2026-003315,2,PROD-031,2,53.52,96.56
ORD-2026-003316,1,PROD-005,2,20.28,30.11
ORD-2026-003317,1,PROD-042,3,73.24,203.33
ORD-2026-003318,1,PROD-003,1,14.37,-13.97
ORD-2026-003318,2,PROD-006,1,32.39,29.81
ORD-2026-003319,1,PROD-002,1,11.9,10.44
ORD-2026-003319,2,PROD-004,1,20.28,19.32
ORD-2026-003319,3,PROD-006,1,32.39,30.31
ORD-2026-003320,1,PROD-037,2,9.86,18.18
ORD-2026-003321,1,PROD-005,2,20.28,38.35
ORD-2026-003321,2,PROD-001,2,12.9,25.09
ORD-2026-003321,3,PROD-004,1,20.28,19.66
ORD-2026-003322,1,PROD-034,1,9.01,8.83
ORD-2026-003323,1,PROD-012,1,18.5,17.49
ORD-2026-003324,1,PROD-023,1,7.89,7.32
ORD-2026-003325,1,PROD-034,2,9.01,16.82
ORD-2026-003326,1,PROD-007,2,17.18,31.65
ORD-2026-003327,1,PROD-019,1,29.58,24.5
ORD-2026-003327,2,PROD-039,4,8.17,30.43
ORD-2026-003328,1,PROD-007,1,17.18,17.01
ORD-2026-003328,2,PROD-004,2,20.28,-34.65
ORD-2026-003329,1,PROD-036,2,11.55,21.31
ORD-2026-003330,1,PROD-002,3,11.9,30.56
ORD-2026-003331,1,PROD-024,1,8.73,8.39
ORD-2026-003332,1,PROD-001,1,12.9,12.25
ORD-2026-003333,1,PROD-005,1,20.28,19.61
ORD-2026-003334,1,PROD-033,1,52.11,50.21
ORD-2026-003334,2,PROD-016,1,8.9,8.7
ORD-2026-003334,3,PROD-003,1,14.37,14.05
ORD-2026-003335,1,PROD-013,1,11.9,11.35
ORD-2026-003335,2,PROD-038,2,7.89,14.37
ORD-2026-003335,3,PROD-005,3,20.28,57.18
ORD-2026-003336,1,PROD-001,3,12.9,36.78
ORD-2026-003336,2,PROD-028,1,17.18,16.98
ORD-2026-003337,1,PROD-045,1,72.68,69.89
ORD-2026-003338,1,PROD-048,1,55.77,25.1
ORD-2026-003338,2,PROD-006,1,32.39,20.77
ORD-2026-003338,3,PROD-017,2,12.5,22.78
ORD-2026-003339,1,PROD-010,1,38.03,37.16
ORD-2026-003339,2,PROD-008,2,9.9,18.91
ORD-2026-003340,1,PROD-032,3,19.72,52.53
ORD-2026-003341,1,PROD-004,1,20.28,19.67
ORD-2026-003342,1,PROD-007,1,17.18,16.19
ORD-2026-003343,1,PROD-007,2,17.18,30.76
ORD-2026-003344,1,PROD-007,2,17.18,32.71
ORD-2026-003345,1,PROD-039,1,8.17,6.77
ORD-2026-003346,1,PROD-002,1,11.9,11.62
ORD-2026-003346,2,PROD-001,1,12.9,12.4
ORD-2026-003347,1,PROD-041,1,11.83,5.86
ORD-2026-003347,2,PROD-004,1,20.28,17.19
ORD-2026-003347,3,PROD-032,2,19.72,35.67
ORD-2026-003348,1,PROD-026,1,14.65,12.24
ORD-2026-003349,1,PROD-025,1,21.97,21.47
ORD-2026-003349,2,PROD-041,1,11.83,11.25
ORD-2026-003350,1,PROD-005,1,20.28,20.04
ORD-2026-003350,2,PROD-034,1,9.01,8.15
ORD-2026-003350,3,PROD-017,3,12.5,35.09
ORD-2026-003351,1,PROD-016,2,8.9,17.03
ORD-2026-003351,2,PROD-040,1,15.21,14.78
ORD-2026-003351,3,PROD-055,1,74.65,73.78
ORD-2026-003352,1,PROD-034,2,9.01,16.55
ORD-2026-003353,1,PROD-004,1,20.28,16.39
ORD-2026-003354,1,PROD-030,2,49.3,59.48
ORD-2026-003355,1,PROD-004,2,20.28,38.26
ORD-2026-003356,1,PROD-014,1,9.9,8.75
ORD-2026-003356,2,PROD-004,2,20.28,30.92
ORD-2026-003357,1,PROD-049,1,80.28,65.95
ORD-2026-003358,1,PROD-013,2,11.9,19.19
ORD-2026-003358,2,PROD-041,1,11.83,7.29
ORD-2026-003359,1,PROD-006,1,32.39,31.18
ORD-2026-003360,1,PROD-001,2,12.9,24.81
ORD-2026-003360,2,PROD-041,1,11.83,10.99
ORD-2026-003361,1,PROD-039,3,8.17,20.11
ORD-2026-003361,2,PROD-054,1,59.15,57.75
ORD-2026-003362,1,PROD-041,1,11.83,11.32
ORD-2026-003363,1,PROD-004,1,20.28,18.63
ORD-2026-003364,1,PROD-010,1,38.03,36.08
ORD-2026-003364,2,PROD-006,1,32.39,29.47
ORD-2026-003365,1,PROD-050,1,61.97,59.62
ORD-2026-003366,1,PROD-027,2,21.13,29.98
ORD-2026-003367,1,PROD-004,1,20.28,17.94
ORD-2026-003368,1,PROD-005,1,20.28,19.91
ORD-2026-003368,2,PROD-041,1,11.83,11.5
ORD-2026-003369,1,PROD-032,4,19.72,75.71
ORD-2026-003370,1,PROD-024,1,8.73,7.64
ORD-2026-003370,2,PROD-031,2,53.52,82.25
ORD-2026-003371,1,PROD-027,1,21.13,20.11
ORD-2026-003372,1,PROD-042,1,73.24,66.7
ORD-2026-003373,1,PROD-003,1,14.37,13.97
ORD-2026-003374,1,PROD-002,1,11.9,11.54
ORD-2026-003375,1,PROD-028,2,17.18,24.83
ORD-2026-003376,1,PROD-005,2,20.28,39.53
ORD-2026-003376,2,PROD-035,1,10.14,9.32
ORD-2026-003377,1,PROD-004,2,20.28,36.76
ORD-2026-003377,2,PROD-038,1,7.89,7.41
ORD-2026-003377,3,PROD-014,3,9.9,27.73
ORD-2026-003377,4,PROD-041,2,11.83,20.48
ORD-2026-003377,5,PROD-001,1,12.9,12.02
ORD-2026-003378,1,PROD-001,1,12.9,12.06
ORD-2026-003378,2,PROD-004,1,20.28,18.53
ORD-2026-003379,1,PROD-027,2,21.13,41.8
ORD-2026-003379,2,PROD-017,2,12.5,24.42
ORD-2026-003380,1,PROD-036,2,11.55,20.87
ORD-2026-003381,1,PROD-002,3,11.9,24.64
ORD-2026-003382,1,PROD-011,1,14.9,14.68
ORD-2026-003383,1,PROD-005,1,20.28,19.61
ORD-2026-003383,2,PROD-003,1,14.37,14.07
ORD-2026-003384,1,PROD-041,1,11.83,9.92
ORD-2026-003385,1,PROD-031,2,53.52,98.49
ORD-2026-003385,2,PROD-021,1,15.49,12.01
ORD-2026-003386,1,PROD-045,1,72.68,72.24
ORD-2026-003386,2,PROD-016,3,8.9,23.37
ORD-2026-003387,1,PROD-036,1,11.55,11.24
ORD-2026-003387,2,PROD-001,1,12.9,12.34
ORD-2026-003387,3,PROD-005,1,20.28,19.45
ORD-2026-003387,4,PROD-059,1,52.11,51.35
ORD-2026-003388,1,PROD-005,2,20.28,35.77
ORD-2026-003389,1,PROD-004,1,20.28,15.05
ORD-2026-003389,2,PROD-007,3,17.18,47.76
ORD-2026-003390,1,PROD-002,3,11.9,33.73
ORD-2026-003391,1,PROD-010,1,38.03,31.87
ORD-2026-003391,2,PROD-001,1,12.9,11.13
ORD-2026-003391,3,PROD-005,1,20.28,18.46
ORD-2026-003392,1,PROD-046,1,259.15,240.75
ORD-2026-003393,1,PROD-005,1,20.28,19.91
ORD-2026-003393,2,PROD-034,1,9.01,8.87
ORD-2026-003393,3,PROD-035,4,10.14,39.95
ORD-2026-003394,1,PROD-028,1,17.18,16.51
ORD-2026-003395,1,PROD-041,3,11.83,27.59
ORD-2026-003396,1,PROD-024,2,8.73,17.21
ORD-2026-003396,2,PROD-010,1,38.03,36.96
ORD-2026-003397,1,PROD-032,2,19.72,37.47
ORD-2026-003397,2,PROD-004,2,20.28,18.25
ORD-2026-003397,3,PROD-001,1,12.9,11.51
ORD-2026-003398,1,PROD-004,2,20.28,39.14
ORD-2026-003398,2,PROD-034,3,9.01,26.54
ORD-2026-003399,1,PROD-049,1,80.28,79.96
ORD-2026-003399,2,PROD-004,1,20.28,20.1
ORD-2026-003400,1,PROD-019,2,29.58,55.72
ORD-2026-003400,2,PROD-032,2,19.72,38.35
ORD-2026-003400,3,PROD-017,1,12.5,11.93
ORD-2026-003400,4,PROD-011,1,14.9,13.52
ORD-2026-003401,1,PROD-041,2,11.83,22.39
ORD-2026-003401,2,PROD-004,1,20.28,16.55
ORD-2026-003402,1,PROD-024,2,8.73,12.61
ORD-2026-003403,1,PROD-045,1,72.68,64.81
ORD-2026-003403,2,PROD-015,2,26.76,51.49
ORD-2026-003404,1,PROD-001,1,12.9,12.36
ORD-2026-003405,1,PROD-041,1,11.83,11.68
ORD-2026-003406,1,PROD-002,1,11.9,10.36
ORD-2026-003407,1,PROD-025,1,21.97,14.45
ORD-2026-003408,1,PROD-002,1,11.9,11.17
ORD-2026-003408,2,PROD-041,1,11.83,9.88
ORD-2026-003408,3,PROD-034,3,9.01,26.55
ORD-2026-003409,1,PROD-034,1,9.01,8.63
ORD-2026-003410,1,PROD-008,1,9.9,8.08
ORD-2026-003410,2,PROD-003,1,14.37,12.21
ORD-2026-003411,1,PROD-036,3,11.55,26.28
ORD-2026-003412,1,PROD-004,3,20.28,58.03
ORD-2026-003413,1,PROD-015,2,26.76,49.51
ORD-2026-003413,2,PROD-002,2,11.9,21.71
ORD-2026-003413,3,PROD-033,3,52.11,134.9
ORD-2026-003413,4,PROD-032,3,19.72,55.38
ORD-2026-003413,5,PROD-003,2,14.37,27.31
ORD-2026-003414,1,PROD-013,1,11.9,11.25
ORD-2026-003415,1,PROD-028,2,17.18,33.42
ORD-2026-003415,2,PROD-027,1,21.13,20.63
ORD-2026-003415,3,PROD-001,2,12.9,24.95
ORD-2026-003416,1,PROD-031,1,53.52,50.85
ORD-2026-003417,1,PROD-007,1,17.18,15.2
ORD-2026-003418,1,PROD-034,1,9.01,8.87
ORD-2026-003419,1,PROD-005,2,20.28,36.94
ORD-2026-003420,1,PROD-054,1,59.15,45.86
ORD-2026-003420,2,PROD-022,1,9.01,7.23
ORD-2026-003421,1,PROD-037,1,9.86,9.76
ORD-2026-003421,2,PROD-001,1,12.9,12.7
ORD-2026-003421,3,PROD-002,1,11.9,11.8
ORD-2026-003422,1,PROD-010,2,38.03,69.76
ORD-2026-003423,1,PROD-013,1,11.9,8.98
ORD-2026-003423,2,PROD-046,1,259.15,152.92
ORD-2026-003424,1,PROD-001,3,12.9,35.01
ORD-2026-003425,1,PROD-054,1,59.15,57.36
ORD-2026-003426,1,PROD-001,3,12.9,26.85
ORD-2026-003426,2,PROD-041,1,11.83,10.33
ORD-2026-003427,1,PROD-034,1,9.01,7.03
ORD-2026-003428,1,PROD-002,1,11.9,10.94
ORD-2026-003428,2,PROD-007,1,17.18,16.86
ORD-2026-003429,1,PROD-001,2,12.9,23.65
ORD-2026-003430,1,PROD-002,1,11.9,11.43
ORD-2026-003431,1,PROD-003,1,14.37,14.31
ORD-2026-003432,1,PROD-051,1,36.06,33.78
ORD-2026-003433,1,PROD-023,2,7.89,14.45
ORD-2026-003433,2,PROD-037,1,9.86,8.62
ORD-2026-003433,3,PROD-017,1,12.5,10.76
ORD-2026-003434,1,PROD-022,1,9.01,8.46
ORD-2026-003435,1,PROD-005,3,20.28,50.97
ORD-2026-003435,2,PROD-035,2,10.14,18.54
ORD-2026-003436,1,PROD-035,2,10.14,19.74
ORD-2026-003437,1,PROD-001,1,12.9,12.44
ORD-2026-003438,1,PROD-026,2,14.65,28.51
ORD-2026-003439,1,PROD-004,1,20.28,19.21
ORD-2026-003439,2,PROD-041,3,11.83,34.26
ORD-2026-003439,3,PROD-034,1,9.01,8.36
ORD-2026-003440,1,PROD-021,2,15.49,
ORD-2026-003441,1,PROD-001,3,12.9,35.32
ORD-2026-003442,1,PROD-004,1,20.28,19.57
ORD-2026-003442,2,PROD-034,1,9.01,8.61
ORD-2026-003443,1,PROD-003,1,14.37,12.63
ORD-2026-003443,2,PROD-044,1,40.85,29.24
ORD-2026-003443,3,PROD-041,1,11.83,11.0
ORD-2026-003444,1,PROD-005,2,20.28,37.25
ORD-2026-003444,2,PROD-003,1,14.37,14.11
ORD-2026-003444,3,PROD-004,1,20.28,18.25
ORD-2026-003444,4,PROD-041,3,11.83,32.02
ORD-2026-003445,1,PROD-014,2,9.9,19.07
ORD-2026-003445,2,PROD-031,2,53.52,101.82
ORD-2026-003445,3,PROD-032,2,19.72,36.72
ORD-2026-003446,1,PROD-004,2,20.28,22.43
ORD-2026-003446,2,PROD-010,1,38.03,33.08
ORD-2026-003446,3,PROD-005,2,20.28,33.38
ORD-2026-003447,1,PROD-012,3,18.5,55.04
ORD-2026-003448,1,PROD-044,1,40.85,40.09
ORD-2026-003448,2,PROD-002,2,11.9,23.23
ORD-2026-003449,1,PROD-016,1,8.9,8.33
ORD-2026-003450,1,PROD-023,1,7.89,5.71
ORD-2026-003450,2,PROD-045,1,72.68,60.48
ORD-2026-003451,1,PROD-002,1,11.9,11.03
ORD-2026-003452,1,PROD-029,1,24.79,22.02
ORD-2026-003452,2,PROD-006,1,32.39,28.74
ORD-2026-003453,1,PROD-020,1,10.14,9.08
ORD-2026-003454,1,PROD-021,1,15.49,13.9
ORD-2026-003455,1,PROD-004,3,20.28,55.44
ORD-2026-003456,1,PROD-007,2,17.18,32.5
ORD-2026-003457,1,PROD-032,1,19.72,14.68
ORD-2026-003458,1,PROD-051,1,36.06,35.25
ORD-2026-003458,2,PROD-004,3,20.28,57.25
ORD-2026-003459,1,PROD-027,1,21.13,20.49
ORD-2026-003460,1,PROD-013,1,11.9,11.56
ORD-2026-003461,1,PROD-001,1,12.9,12.49
ORD-2026-003462,1,PROD-002,2,11.9,18.56
ORD-2026-003462,2,PROD-005,3,20.28,59.43
ORD-2026-003462,3,PROD-034,1,9.01,8.1
ORD-2026-003463,1,PROD-046,1,259.15,247.1
ORD-2026-003463,2,PROD-008,1,9.9,8.6
ORD-2026-003464,1,PROD-020,1,10.14,8.7
ORD-2026-003465,1,PROD-006,2,32.39,64.61
ORD-2026-003466,1,PROD-004,2,20.28,28.86
ORD-2026-003467,1,PROD-041,1,11.83,11.36
ORD-2026-003467,2,PROD-007,1,17.18,-16.43
ORD-2026-003467,3,PROD-017,1,12.5,12.07
ORD-2026-003468,1,PROD-004,2,20.28,39.8
ORD-2026-003468,2,PROD-002,1,11.9,11.45
ORD-2026-003469,1,PROD-003,1,14.37,13.75
ORD-2026-003470,1,PROD-035,2,10.14,18.75
ORD-2026-003471,1,PROD-008,2,9.9,19.03
ORD-2026-003472,1,PROD-004,2,20.28,30.26
ORD-2026-003473,1,PROD-036,3,11.55,34.53
ORD-2026-003474,1,PROD-050,1,61.97,60.51
ORD-2026-003475,1,PROD-051,1,36.06,34.71
ORD-2026-003476,1,PROD-010,2,38.03,64.25
ORD-2026-003476,2,PROD-003,1,14.37,13.31
ORD-2026-003477,1,PROD-041,3,11.83,33.43
ORD-2026-003478,1,PROD-039,1,8.17,6.22
ORD-2026-003478,2,PROD-001,2,12.9,19.73
ORD-2026-003479,1,PROD-027,1,21.13,16.44
ORD-2026-003479,2,PROD-005,2,20.28,29.88
ORD-2026-003479,3,PROD-002,1,11.9,10.1
ORD-2026-003480,1,PROD-038,2,7.89,12.47
ORD-2026-003481,1,PROD-001,1,12.9,9.78
ORD-2026-003481,2,PROD-037,4,9.86,35.76
ORD-2026-003482,1,PROD-028,2,17.18,31.7
ORD-2026-003483,1,PROD-038,4,7.89,30.68
ORD-2026-003484,1,PROD-041,1,11.83,11.5
ORD-2026-003484,2,PROD-047,1,108.45,95.1
ORD-2026-003484,3,PROD-004,1,20.28,19.55
ORD-2026-003485,1,PROD-003,1,14.37,11.76
ORD-2026-003486,1,PROD-002,1,11.9,11.23
ORD-2026-003486,2,PROD-035,2,10.14,20.13
ORD-2026-003487,1,PROD-017,1,12.5,12.3
ORD-2026-003488,1,PROD-006,3,32.39,92.24
ORD-2026-003489,1,PROD-001,1,12.9,12.64
ORD-2026-003490,1,PROD-019,2,29.58,48.42
ORD-2026-003491,1,PROD-001,1,12.9,12.51
ORD-2026-003492,1,PROD-006,1,32.39,30.3
ORD-2026-003493,1,PROD-044,1,40.85,33.01
ORD-2026-003493,2,PROD-020,2,10.14,13.08
ORD-2026-003494,1,PROD-005,2,20.28,39.31
ORD-2026-003495,1,PROD-041,1,11.83,11.26
ORD-2026-003496,1,PROD-038,1,7.89,7.38
ORD-2026-003497,1,PROD-008,1,9.9,6.08
ORD-2026-003498,1,PROD-010,1,38.03,37.49
ORD-2026-003499,1,PROD-012,1,18.5,16.0
ORD-2026-003500,1,PROD-035,1,10.14,9.71
ORD-2026-003501,1,PROD-004,1,20.28,19.42
ORD-2026-003502,1,PROD-007,1,17.18,16.96
ORD-2026-003502,2,PROD-034,1,9.01,7.45
ORD-2026-003503,1,PROD-033,1,52.11,50.34
ORD-2026-003504,1,PROD-013,1,11.9,10.11
ORD-2026-003505,1,PROD-013,1,11.9,11.43
ORD-2026-003506,1,PROD-003,1,14.37,13.02
ORD-2026-003507,1,PROD-002,1,11.9,11.38
ORD-2026-003508,1,PROD-040,2,15.21,23.91
ORD-2026-003509,1,PROD-041,3,11.83,32.86
ORD-2026-003510,1,PROD-055,1,74.65,62.65
ORD-2026-003511,1,PROD-006,1,32.39,26.6
ORD-2026-003512,1,PROD-003,3,14.37,42.13
ORD-2026-003512,2,PROD-035,1,10.14,9.68
ORD-2026-003513,1,PROD-005,2,20.28,39.71
ORD-2026-003514,1,PROD-006,1,32.39,30.34
ORD-2026-003515,1,PROD-004,1,20.28,15.02
ORD-2026-003516,1,PROD-003,1,14.37,13.13
ORD-2026-003517,1,PROD-041,1,11.83,11.41
ORD-2026-003517,2,PROD-003,3,14.37,42.95
ORD-2026-003518,1,PROD-002,2,11.9,22.25
ORD-2026-003518,2,PROD-041,3,11.83,31.91
ORD-2026-003519,1,PROD-011,1,14.9,14.48
ORD-2026-003519,2,PROD-002,3,11.9,34.98
ORD-2026-003520,1,PROD-002,1,11.9,7.54
ORD-2026-003520,2,PROD-041,1,11.83,9.82
ORD-2026-003520,3,PROD-048,1,55.77,37.69
ORD-2026-003521,1,PROD-007,3,17.18,49.71
ORD-2026-003521,2,PROD-040,1,15.21,14.62
ORD-2026-003522,1,PROD-016,1,8.9,8.26
ORD-2026-003523,1,PROD-034,1,9.01,6.88
ORD-2026-003524,1,PROD-004,3,20.28,59.4
ORD-2026-003525,1,PROD-006,1,32.39,32.16
ORD-2026-003526,1,PROD-039,1,8.17,7.45
ORD-2026-003527,1,PROD-011,1,14.9,9.72
ORD-2026-003528,1,PROD-004,1,20.28,19.47
ORD-2026-003529,1,PROD-029,1,24.79,21.39
ORD-2026-003530,1,PROD-008,2,9.9,12.74
ORD-2026-003530,2,PROD-005,1,20.28,15.37
ORD-2026-003530,3,PROD-029,1,24.79,15.51
ORD-2026-003531,1,PROD-016,2,8.9,14.41
ORD-2026-003532,1,PROD-058,1,39.44,32.89
ORD-2026-003533,1,PROD-004,1,20.28,13.02
ORD-2026-003533,2,PROD-028,1,17.18,11.89
ORD-2026-003534,1,PROD-016,2,8.9,17.04
ORD-2026-003535,1,PROD-003,3,14.37,39.27
ORD-2026-003536,1,PROD-004,2,20.28,36.56
ORD-2026-003536,2,PROD-034,1,9.01,8.81
ORD-2026-003536,3,PROD-003,2,14.37,25.84
ORD-2026-003537,1,PROD-010,1,38.03,26.39
ORD-2026-003537,2,PROD-005,1,20.28,17.31
ORD-2026-003538,1,PROD-010,3,38.03,95.79
ORD-2026-003539,1,PROD-042,4,73.24,279.72
ORD-2026-003539,2,PROD-003,1,14.37,11.3
ORD-2026-003540,1,PROD-004,1,20.28,19.75
ORD-2026-003541,1,PROD-053,1,53.52,35.14
ORD-2026-003542,1,PROD-004,2,20.28,38.7
ORD-2026-003543,1,PROD-001,1,12.9,10.59
ORD-2026-003544,1,PROD-058,1,39.44,37.18
ORD-2026-003545,1,PROD-002,3,11.9,32.94
ORD-2026-003545,2,PROD-011,1,14.9,12.95
ORD-2026-003545,3,PROD-041,1,11.83,11.3
ORD-2026-003546,1,PROD-028,1,17.18,16.87
ORD-2026-003547,1,PROD-004,1,20.28,19.27
ORD-2026-003547,2,PROD-034,3,9.01,25.53
ORD-2026-003548,1,PROD-041,2,11.83,22.43
ORD-2026-003548,2,PROD-042,4,73.24,289.24
ORD-2026-003548,3,PROD-031,1,53.52,50.98
ORD-2026-003548,4,PROD-019,1,29.58,29.38
ORD-2026-003549,1,PROD-054,1,59.15,56.21
ORD-2026-003550,1,PROD-003,1,14.37,13.67
ORD-2026-003551,1,PROD-003,2,14.37,28.45
ORD-2026-003552,1,PROD-004,1,20.28,18.76
ORD-2026-003552,2,PROD-015,3,26.76,-77.78
ORD-2026-003553,1,PROD-021,1,15.49,14.85
ORD-2026-003553,2,PROD-026,2,14.65,27.35
ORD-2026-003554,1,PROD-016,1,8.9,7.63
ORD-2026-003555,1,PROD-006,1,32.39,30.98
ORD-2026-003556,1,PROD-007,1,17.18,16.11
ORD-2026-003557,1,PROD-011,1,14.9,12.56
ORD-2026-003557,2,PROD-034,2,9.01,15.87
ORD-2026-003558,1,PROD-008,1,9.9,8.09
ORD-2026-003559,1,PROD-006,2,32.39,57.5
ORD-2026-003559,2,PROD-034,2,9.01,16.18
ORD-2026-003559,3,PROD-031,2,53.52,101.98
ORD-2026-003560,1,PROD-001,1,12.9,11.66
ORD-2026-003561,1,PROD-039,2,8.17,13.33
ORD-2026-003562,1,PROD-005,1,20.28,20.22
ORD-2026-003563,1,PROD-020,1,10.14,8.9
ORD-2026-003564,1,PROD-034,1,9.01,8.84
ORD-2026-003565,1,PROD-001,2,12.9,24.75
ORD-2026-003566,1,PROD-015,1,26.76,26.05
ORD-2026-003567,1,PROD-038,4,7.89,28.53
ORD-2026-003567,2,PROD-020,1,10.14,8.8
ORD-2026-003567,3,PROD-001,1,12.9,9.0
ORD-2026-003568,1,PROD-008,1,9.9,9.38
ORD-2026-003569,1,PROD-002,2,11.9,22.78
ORD-2026-003569,2,PROD-003,1,14.37,13.92
ORD-2026-003570,1,PROD-001,1,12.9,9.36
ORD-2026-003571,1,PROD-010,1,38.03,32.1
ORD-2026-003572,1,PROD-006,2,32.39,63.63
ORD-2026-003573,1,PROD-020,1,10.14,9.37
ORD-2026-003574,1,PROD-006,1,32.39,25.14
ORD-2026-003575,1,PROD-022,1,9.01,6.91
ORD-2026-003576,1,PROD-002,1,11.9,10.98
ORD-2026-003577,1,PROD-007,2,17.18,28.38
ORD-2026-003578,1,PROD-040,3,15.21,43.95
ORD-2026-003578,2,PROD-035,3,10.14,23.01
ORD-2026-003578,3,PROD-058,1,39.44,37.51
ORD-2026-003579,1,PROD-049,1,80.28,53.75
ORD-2026-003580,1,PROD-002,1,11.9,10.73
ORD-2026-003580,2,PROD-046,1,259.15,212.3
ORD-2026-003581,1,PROD-036,1,11.55,10.96
ORD-2026-003582,1,PROD-058,1,39.44,38.18
ORD-2026-003583,1,PROD-005,1,20.28,17.96
ORD-2026-003584,1,PROD-017,1,12.5,11.48
ORD-2026-003584,2,PROD-001,3,12.9,38.46
ORD-2026-003585,1,PROD-010,1,38.03,37.5
ORD-2026-003586,1,PROD-021,1,15.49,14.73
ORD-2026-003587,1,PROD-033,1,52.11,51.05
ORD-2026-003588,1,PROD-006,2,32.39,55.54
ORD-2026-003588,2,PROD-004,2,20.28,36.51
ORD-2026-003588,3,PROD-034,2,9.01,15.81
ORD-2026-003589,1,PROD-002,2,11.9,21.39
ORD-2026-003590,1,PROD-028,1,17.18,16.9
ORD-2026-003590,2,PROD-004,1,20.28,19.26
ORD-2026-003590,3,PROD-001,1,12.9,12.56
ORD-2026-003591,1,PROD-002,2,11.9,21.44
ORD-2026-003591,2,PROD-007,2,17.18,28.91
ORD-2026-003591,3,PROD-019,2,29.58,51.59
ORD-2026-003592,1,PROD-004,3,20.28,48.42
ORD-2026-003592,2,PROD-005,1,20.28,19.83
ORD-2026-003592,3,PROD-034,2,9.01,16.17
ORD-2026-003592,4,PROD-013,2,11.9,19.78
ORD-2026-003593,1,PROD-037,2,9.86,14.66
ORD-2026-003593,2,PROD-011,1,14.9,11.73
ORD-2026-003594,1,PROD-001,2,12.9,25.61
ORD-2026-003595,1,PROD-024,1,8.73,8.35
ORD-2026-003596,1,PROD-004,1,20.28,20.08
ORD-2026-003596,2,PROD-034,2,9.01,17.43
ORD-2026-003597,1,PROD-034,1,9.01,8.41
ORD-2026-003597,2,PROD-003,1,14.37,12.45
ORD-2026-003597,3,PROD-032,1,19.72,18.03
ORD-2026-003598,1,PROD-006,1,32.39,28.39
ORD-2026-003599,1,PROD-006,1,32.39,28.08
ORD-2026-003600,1,PROD-002,1,11.9,10.73
ORD-2026-003600,2,PROD-021,1,15.49,14.74
ORD-2026-003601,1,PROD-001,1,12.9,11.94
ORD-2026-003602,1,PROD-037,3,9.86,28.29
ORD-2026-003602,2,PROD-001,1,12.9,11.2
ORD-2026-003602,3,PROD-032,1,19.72,18.79
ORD-2026-003602,4,PROD-034,2,9.01,14.57
ORD-2026-003603,1,PROD-001,1,12.9,10.59
ORD-2026-003604,1,PROD-001,2,12.9,23.15
ORD-2026-003605,1,PROD-020,1,10.14,9.54
ORD-2026-003606,1,PROD-006,1,32.39,31.21
ORD-2026-003607,1,PROD-037,3,9.86,25.53
ORD-2026-003607,2,PROD-020,1,10.14,7.24
ORD-2026-003608,1,PROD-016,3,8.9,24.2
ORD-2026-003608,2,PROD-010,2,38.03,71.99
ORD-2026-003609,1,PROD-005,1,20.28,17.22
ORD-2026-003610,1,PROD-036,1,11.55,11.34
ORD-2026-003611,1,PROD-001,3,12.9,38.56
ORD-2026-003612,1,PROD-016,1,8.9,8.81
ORD-2026-003613,1,PROD-002,1,11.9,9.84
ORD-2026-003614,1,PROD-001,2,12.9,23.94
ORD-2026-003614,2,PROD-042,1,73.24,69.48
ORD-2026-003615,1,PROD-050,1,61.97,59.19
ORD-2026-003615,2,PROD-003,1,14.37,11.81
ORD-2026-003616,1,PROD-004,1,20.28,17.37
ORD-2026-003616,2,PROD-041,1,11.83,9.9
ORD-2026-003616,3,PROD-034,1,9.01,7.31
ORD-2026-003617,1,PROD-001,1,12.9,12.05
ORD-2026-003617,2,PROD-035,2,10.14,16.68
ORD-2026-003618,1,PROD-041,1,11.83,11.14
ORD-2026-003618,2,PROD-032,2,19.72,38.72
ORD-2026-003619,1,PROD-004,2,20.28,35.92
ORD-2026-003619,2,PROD-035,2,10.14,18.45
ORD-2026-003619,3,PROD-042,3,73.24,181.93
ORD-2026-003620,1,PROD-005,2,20.28,29.27
ORD-2026-003621,1,PROD-022,1,9.01,8.09
ORD-2026-003621,2,PROD-038,1,7.89,6.85
ORD-2026-003622,1,PROD-035,1,10.14,9.81
ORD-2026-003623,1,PROD-001,1,12.9,-12.35
ORD-2026-003624,1,PROD-027,1,21.13,21.01
ORD-2026-003624,2,PROD-025,1,21.97,18.25
ORD-2026-003624,3,PROD-028,1,17.18,16.37
ORD-2026-003625,1,PROD-042,3,73.24,98.87
ORD-2026-003626,1,PROD-005,1,20.28,18.55
ORD-2026-003627,1,PROD-004,2,20.28,35.51
ORD-2026-003628,1,PROD-029,1,24.79,22.91
ORD-2026-003629,1,PROD-023,1,7.89,7.8
ORD-2026-003630,1,PROD-023,2,7.89,9.09
ORD-2026-003631,1,PROD-002,1,11.9,10.43
ORD-2026-003631,2,PROD-029,1,24.79,23.64
ORD-2026-003631,3,PROD-004,1,20.28,18.82
ORD-2026-003632,1,PROD-003,1,14.37,13.93
ORD-2026-003632,2,PROD-039,1,8.17,7.93
ORD-2026-003633,1,PROD-005,1,20.28,14.49
ORD-2026-003634,1,PROD-034,1,9.01,6.74
ORD-2026-003634,2,PROD-016,1,8.9,7.39
ORD-2026-003635,1,PROD-005,2,20.28,36.07
ORD-2026-003635,2,PROD-041,2,11.83,16.65
ORD-2026-003636,1,PROD-004,2,20.28,25.46
ORD-2026-003636,2,PROD-007,1,17.18,16.24
ORD-2026-003637,1,PROD-001,1,12.9,12.45
ORD-2026-003638,1,PROD-008,1,9.9,8.04
ORD-2026-003639,1,PROD-007,2,17.18,27.57
ORD-2026-003640,1,PROD-033,2,52.11,89.9
ORD-2026-003641,1,PROD-004,2,20.28,35.59
ORD-2026-003641,2,PROD-033,2,52.11,97.33
ORD-2026-003641,3,PROD-013,1,11.9,11.68
ORD-2026-003642,1,PROD-007,2,17.18,33.5
ORD-2026-003642,2,PROD-034,2,9.01,17.87
ORD-2026-003642,3,PROD-006,3,32.39,91.17
ORD-2026-003643,1,PROD-005,1,20.28,19.68
ORD-2026-003643,2,PROD-001,2,12.9,25.15
ORD-2026-003644,1,PROD-036,3,11.55,34.45
ORD-2026-003645,1,PROD-050,1,61.97,60.59
ORD-2026-003646,1,PROD-001,1,12.9,12.41
ORD-2026-003647,1,PROD-007,2,17.18,29.36
ORD-2026-003647,2,PROD-003,1,14.37,14.1
ORD-2026-003648,1,PROD-022,1,9.01,8.04
ORD-2026-003649,1,PROD-006,2,32.39,64.52
ORD-2026-003650,1,PROD-041,1,11.83,8.88
ORD-2026-003650,2,PROD-034,2,9.01,9.47
ORD-2026-003650,3,PROD-005,1,20.28,19.82
ORD-2026-003651,1,PROD-048,1,55.77,48.06
ORD-2026-003651,2,PROD-039,1,8.17,7.91
ORD-2026-003652,1,PROD-035,2,10.14,19.02
ORD-2026-003652,2,PROD-022,1,9.01,8.64
ORD-2026-003652,3,PROD-003,2,14.37,24.15
ORD-2026-003653,1,PROD-001,2,12.9,
ORD-2026-003653,2,PROD-034,4,9.01,33.69
ORD-2026-003653,3,PROD-002,1,11.9,10.06
ORD-2026-003654,1,PROD-019,1,29.58,26.3
ORD-2026-003655,1,PROD-004,2,20.28,
ORD-2026-003655,2,PROD-005,1,20.28,18.69
ORD-2026-003656,1,PROD-010,2,38.03,74.48
ORD-2026-003656,2,PROD-027,2,21.13,41.46
ORD-2026-003656,3,PROD-003,2,14.37,27.98
ORD-2026-003656,4,PROD-041,1,11.83,11.5
ORD-2026-003657,1,PROD-027,1,21.13,19.74
ORD-2026-003658,1,PROD-020,1,10.14,5.92
ORD-2026-003658,2,PROD-006,1,32.39,27.29
ORD-2026-003659,1,PROD-022,1,9.01,8.52
ORD-2026-003660,1,PROD-001,1,12.9,12.74
ORD-2026-003660,2,PROD-007,1,17.18,16.91
ORD-2026-003661,1,PROD-003,1,14.37,11.45
ORD-2026-003662,1,PROD-002,1,11.9,7.46
ORD-2026-003662,2,PROD-034,4,9.01,26.88
ORD-2026-003663,1,PROD-041,1,11.83,11.17
ORD-2026-003664,1,PROD-010,1,38.03,36.92
ORD-2026-003664,2,PROD-021,1,15.49,14.57
ORD-2026-003665,1,PROD-013,2,11.9,21.6
ORD-2026-003665,2,PROD-002,1,11.9,11.25
ORD-2026-003666,1,PROD-037,2,9.86,19.43
ORD-2026-003667,1,PROD-025,1,21.97,21.03
ORD-2026-003668,1,PROD-028,1,17.18,16.68
ORD-2026-003669,1,PROD-013,2,11.9,21.87
ORD-2026-003669,2,PROD-008,2,9.9,17.68
ORD-2026-003669,3,PROD-007,2,17.18,31.2
ORD-2026-003670,1,PROD-022,1,9.01,8.74
ORD-2026-003671,1,PROD-004,2,20.28,34.48
ORD-2026-003672,1,PROD-050,1,61.97,47.41
ORD-2026-003673,1,PROD-002,2,11.9,22.33
ORD-2026-003674,1,PROD-001,1,12.9,12.83
ORD-2026-003674,2,PROD-004,2,20.28,38.96
ORD-2026-003675,1,PROD-024,1,8.73,8.12
ORD-2026-003676,1,PROD-026,2,14.65,23.83
ORD-2026-003677,1,PROD-029,1,24.79,24.19
ORD-2026-003678,1,PROD-015,1,26.76,20.38
ORD-2026-003678,2,PROD-002,1,11.9,11.16
ORD-2026-003679,1,PROD-022,2,9.01,15.56
ORD-2026-003680,1,PROD-044,1,40.85,34.94
ORD-2026-003681,1,PROD-041,3,11.83,34.76
ORD-2026-003682,1,PROD-041,1,11.83,11.15
ORD-2026-003683,1,PROD-008,2,9.9,18.95
ORD-2026-003683,2,PROD-038,1,7.89,6.48
ORD-2026-003683,3,PROD-005,2,20.28,37.3
ORD-2026-003683,4,PROD-035,1,10.14,9.88
ORD-2026-003684,1,PROD-034,4,9.01,33.47
ORD-2026-003685,1,PROD-027,1,21.13,20.6
ORD-2026-003685,2,PROD-028,2,17.18,30.33
ORD-2026-003686,1,PROD-014,2,9.9,19.63
ORD-2026-003687,1,PROD-037,1,9.86,7.71
ORD-2026-003688,1,PROD-002,1,11.9,11.02
ORD-2026-003689,1,PROD-045,1,72.68,57.77
ORD-2026-003689,2,PROD-006,3,32.39,86.13
ORD-2026-003690,1,PROD-016,2,8.9,17.67
ORD-2026-003691,1,PROD-034,2,9.01,17.74
ORD-2026-003692,1,PROD-002,1,11.9,9.57
ORD-2026-003693,1,PROD-015,1,26.76,25.16
ORD-2026-003693,2,PROD-004,2,20.28,37.38
ORD-2026-003694,1,PROD-002,1,11.9,11.21
ORD-2026-003694,2,PROD-041,3,11.83,34.76
ORD-2026-003695,1,PROD-001,2,12.9,25.13
ORD-2026-003696,1,PROD-050,1,61.97,59.86
ORD-2026-003697,1,PROD-015,1,26.76,25.11
ORD-2026-003698,1,PROD-040,3,15.21,45.04
ORD-2026-003699,1,PROD-006,1,32.39,27.8
ORD-2026-003699,2,PROD-041,2,11.83,17.04
ORD-2026-003699,3,PROD-034,1,9.01,6.82
ORD-2026-003700,1,PROD-004,2,20.28,38.3
ORD-2026-003701,1,PROD-051,1,36.06,32.3
ORD-2026-003701,2,PROD-001,1,12.9,12.59
ORD-2026-003702,1,PROD-007,1,17.18,16.32
ORD-2026-003702,2,PROD-035,1,10.14,8.13
ORD-2026-003703,1,PROD-022,1,9.01,8.65
ORD-2026-003703,2,PROD-007,1,17.18,16.16
ORD-2026-003704,1,PROD-027,2,21.13,28.87
ORD-2026-003705,1,PROD-033,1,52.11,45.28
ORD-2026-003705,2,PROD-006,1,32.39,31.33
ORD-2026-003705,3,PROD-036,1,11.55,11.42
ORD-2026-003705,4,PROD-001,2,12.9,24.23
ORD-2026-003706,1,PROD-052,1,46.48,41.73
ORD-2026-003707,1,PROD-039,1,8.17,7.13
ORD-2026-003708,1,PROD-042,2,73.24,122.71
ORD-2026-003708,2,PROD-003,2,14.37,26.87
ORD-2026-003708,3,PROD-019,1,29.58,24.72
ORD-2026-003709,1,PROD-020,1,10.14,5.87
ORD-2026-003709,2,PROD-012,3,18.5,24.97
ORD-2026-003710,1,PROD-037,1,9.86,9.47
ORD-2026-003711,1,PROD-024,1,8.73,6.53
ORD-2026-003712,1,PROD-010,1,38.03,33.69
ORD-2026-003713,1,PROD-034,1,9.01,8.77
ORD-2026-003714,1,PROD-032,3,19.72,55.71
ORD-2026-003715,1,PROD-029,1,24.79,20.41
ORD-2026-003715,2,PROD-007,1,17.18,14.95
ORD-2026-003716,1,PROD-003,2,14.37,24.74
ORD-2026-003717,1,PROD-006,2,32.39,62.2
ORD-2026-003717,2,PROD-020,1,10.14,9.82
ORD-2026-003717,3,PROD-007,1,17.18,15.85
ORD-2026-003718,1,PROD-016,1,8.9,8.3
ORD-2026-003718,2,PROD-032,2,19.72,37.22
ORD-2026-003718,3,PROD-014,1,9.9,9.28
ORD-2026-003719,1,PROD-027,2,21.13,39.16
ORD-2026-003720,1,PROD-042,4,73.24,286.87
ORD-2026-003721,1,PROD-004,1,20.28,19.52
ORD-2026-003721,2,PROD-034,1,9.01,8.3
ORD-2026-003722,1,PROD-006,1,32.39,28.66
ORD-2026-003722,2,PROD-041,2,11.83,20.28
ORD-2026-003723,1,PROD-020,1,10.14,8.08
ORD-2026-003724,1,PROD-039,1,8.17,7.76
ORD-2026-003725,1,PROD-010,1,38.03,37.22
ORD-2026-003726,1,PROD-026,1,14.65,13.27
ORD-2026-003727,1,PROD-041,1,11.83,10.76
ORD-2026-003727,2,PROD-045,1,72.68,71.43
ORD-2026-003728,1,PROD-003,1,14.37,13.09
ORD-2026-003728,2,PROD-032,1,19.72,19.5
ORD-2026-003729,1,PROD-027,1,21.13,17.82
ORD-2026-003730,1,PROD-045,1,72.68,70.19
ORD-2026-003731,1,PROD-005,1,20.28,16.42
ORD-2026-003732,1,PROD-035,1,10.14,8.87
ORD-2026-003732,2,PROD-003,1,14.37,13.08
ORD-2026-003733,1,PROD-042,3,73.24,211.81
ORD-2026-003734,1,PROD-041,1,11.83,10.95
ORD-2026-003734,2,PROD-003,1,14.37,12.01
ORD-2026-003735,1,PROD-007,1,17.18,16.45
ORD-2026-003736,1,PROD-040,1,15.21,14.69
ORD-2026-003736,2,PROD-032,1,19.72,19.43
ORD-2026-003737,1,PROD-016,1,8.9,7.55
ORD-2026-003737,2,PROD-036,1,11.55,11.28
ORD-2026-003738,1,PROD-039,3,8.17,21.43
ORD-2026-003739,1,PROD-013,2,11.9,20.64
ORD-2026-003740,1,PROD-041,3,11.83,29.24
ORD-2026-003740,2,PROD-045,1,72.68,57.66
ORD-2026-003741,1,PROD-007,2,17.18,33.71
ORD-2026-003742,1,PROD-007,3,17.18,43.95
ORD-2026-003742,2,PROD-005,1,20.28,18.21
ORD-2026-003742,3,PROD-002,1,11.9,10.71
ORD-2026-003743,1,PROD-004,3,20.28,59.84
ORD-2026-003744,1,PROD-030,1,49.3,48.37
ORD-2026-003744,2,PROD-020,1,10.14,7.48
ORD-2026-003745,1,PROD-037,3,9.86,28.73
ORD-2026-003746,1,PROD-028,2,17.18,28.65
ORD-2026-003747,1,PROD-005,2,20.28,38.26
ORD-2026-003747,2,PROD-016,2,8.9,16.08
ORD-2026-003748,1,PROD-005,2,20.28,37.29
ORD-2026-003748,2,PROD-036,1,11.55,10.48
ORD-2026-003748,3,PROD-004,1,20.28,19.68
ORD-2026-003749,1,PROD-008,2,9.9,18.45
ORD-2026-003750,1,PROD-013,1,11.9,10.45
ORD-2026-003750,2,PROD-002,1,11.9,11.78
ORD-2026-003751,1,PROD-049,1,80.28,75.54
ORD-2026-003752,1,PROD-006,3,32.39,94.97
ORD-2026-003753,1,PROD-017,1,12.5,8.52
ORD-2026-003753,2,PROD-001,1,12.9,10.85
ORD-2026-003753,3,PROD-040,1,15.21,9.12
ORD-2026-003754,1,PROD-006,1,32.39,30.11
ORD-2026-003755,1,PROD-040,2,15.21,28.78
ORD-2026-003756,1,PROD-052,1,46.48,39.18
ORD-2026-003757,1,PROD-005,2,20.28,40.09
ORD-2026-003758,1,PROD-001,2,12.9,23.64
ORD-2026-003758,2,PROD-030,1,49.3,48.11
ORD-2026-003759,1,PROD-001,1,12.9,-8.27
ORD-2026-003760,1,PROD-001,2,12.9,22.64
ORD-2026-003761,1,PROD-001,1,12.9,12.41
ORD-2026-003762,1,PROD-006,2,32.39,61.22
ORD-2026-003762,2,PROD-010,1,38.03,36.49
ORD-2026-003763,1,PROD-004,1,20.28,19.88
ORD-2026-003764,1,PROD-005,2,20.28,35.39
ORD-2026-003765,1,PROD-006,1,32.39,31.11
ORD-2026-003765,2,PROD-025,2,21.97,40.28
ORD-2026-003766,1,PROD-006,3,32.39,96.11
ORD-2026-003767,1,PROD-020,1,10.14,9.93
ORD-2026-003767,2,PROD-001,1,12.9,12.68
ORD-2026-003767,3,PROD-004,1,20.28,19.99
ORD-2026-003768,1,PROD-002,3,11.9,32.61
ORD-2026-003769,1,PROD-005,1,20.28,19.91
ORD-2026-003769,2,PROD-052,1,46.48,46.36
ORD-2026-003770,1,PROD-032,3,19.72,50.04
ORD-2026-003771,1,PROD-032,2,19.72,38.15
ORD-2026-003772,1,PROD-038,3,7.89,19.31
ORD-2026-003772,2,PROD-006,1,32.39,30.71
ORD-2026-003772,3,PROD-026,2,14.65,26.69
ORD-2026-003773,1,PROD-005,2,20.28,40.17
ORD-2026-003773,2,PROD-004,2,20.28,37.98
ORD-2026-003773,3,PROD-001,3,12.9,36.61
ORD-2026-003774,1,PROD-002,1,11.9,11.35
ORD-2026-003775,1,PROD-010,1,38.03,35.56
ORD-2026-003776,1,PROD-003,1,14.37,14.33
ORD-2026-003777,1,PROD-038,3,7.89,22.57
ORD-2026-003777,2,PROD-020,1,10.14,9.75
ORD-2026-003778,1,PROD-004,2,20.28,36.2
ORD-2026-003779,1,PROD-023,1,7.89,7.75
ORD-2026-003780,1,PROD-002,1,11.9,10.46
ORD-2026-003781,1,PROD-006,1,32.39,29.69
ORD-2026-003781,2,PROD-007,1,17.18,17.08
ORD-2026-003782,1,PROD-029,1,24.79,19.51
ORD-2026-003783,1,PROD-024,1,8.73,8.29
ORD-2026-003783,2,PROD-001,1,12.9,12.29
ORD-2026-003783,3,PROD-027,1,21.13,21.03
ORD-2026-003784,1,PROD-034,2,9.01,16.82
ORD-2026-003785,1,PROD-032,1,19.72,19.24
ORD-2026-003786,1,PROD-041,1,11.83,10.87
ORD-2026-003787,1,PROD-001,2,12.9,23.23
ORD-2026-003788,1,PROD-002,2,11.9,23.31
ORD-2026-003788,2,PROD-003,1,14.37,14.13
ORD-2026-003788,3,PROD-011,1,14.9,13.81
ORD-2026-003788,4,PROD-028,1,17.18,16.88
ORD-2026-003789,1,PROD-037,1,9.86,9.78
ORD-2026-003789,2,PROD-035,1,10.14,9.88
ORD-2026-003790,1,PROD-052,1,46.48,28.25
ORD-2026-003791,1,PROD-001,2,12.9,25.21
ORD-2026-003791,2,PROD-008,1,9.9,8.44
ORD-2026-003792,1,PROD-005,1,20.28,19.55
ORD-2026-003793,1,PROD-007,1,17.18,15.4
ORD-2026-003794,1,PROD-020,2,10.14,19.95
ORD-2026-003794,2,PROD-037,1,9.86,8.97
ORD-2026-003795,1,PROD-004,1,20.28,18.22
ORD-2026-003795,2,PROD-041,1,11.83,9.87
ORD-2026-003795,3,PROD-003,3,14.37,41.69
ORD-2026-003795,4,PROD-005,2,20.28,37.43
ORD-2026-003796,1,PROD-047,1,108.45,103.87
ORD-2026-003797,1,PROD-001,3,12.9,35.68
ORD-2026-003797,2,PROD-005,2,20.28,37.59
ORD-2026-003798,1,PROD-004,1,20.28,20.09
ORD-2026-003798,2,PROD-040,1,15.21,13.32
ORD-2026-003798,3,PROD-003,1,14.37,12.82
ORD-2026-003799,1,PROD-001,2,12.9,25.29
ORD-2026-003800,1,PROD-040,1,15.21,14.35
ORD-2026-003801,1,PROD-036,2,11.55,19.07
ORD-2026-003801,2,PROD-059,1,52.11,50.64
ORD-2026-003802,1,PROD-028,1,17.18,12.97
ORD-2026-003803,1,PROD-004,1,20.28,18.9
ORD-2026-003803,2,PROD-025,1,21.97,20.71
ORD-2026-003803,3,PROD-034,1,9.01,8.2
ORD-2026-003804,1,PROD-036,1,11.55,8.74
ORD-2026-003804,2,PROD-029,1,24.79,22.99
ORD-2026-003805,1,PROD-002,1,11.9,0.0
ORD-2026-003805,2,PROD-034,1,9.01,8.1
ORD-2026-003806,1,PROD-038,1,7.89,6.66
ORD-2026-003806,2,PROD-003,1,14.37,13.39
ORD-2026-003806,3,PROD-019,1,29.58,29.16
ORD-2026-003807,1,PROD-021,1,15.49,14.56
ORD-2026-003807,2,PROD-002,2,11.9,22.87
ORD-2026-003807,3,PROD-023,1,7.89,7.13
ORD-2026-003808,1,PROD-011,1,14.9,9.73
ORD-2026-003808,2,PROD-002,1,11.9,10.84
ORD-2026-003808,3,PROD-015,1,26.76,23.02
ORD-2026-003808,4,PROD-051,1,36.06,30.77
ORD-2026-003809,1,PROD-001,1,12.9,10.47
ORD-2026-003809,2,PROD-006,1,32.39,29.59
ORD-2026-003809,3,PROD-037,2,9.86,18.73
ORD-2026-003810,1,PROD-021,2,15.49,30.08
ORD-2026-003810,2,PROD-004,1,20.28,18.45
ORD-2026-003810,3,PROD-007,1,17.18,15.64
ORD-2026-003811,1,PROD-046,1,259.15,245.83
ORD-2026-003811,2,PROD-004,3,20.28,52.33
ORD-2026-003812,1,PROD-021,2,15.49,30.73
ORD-2026-003812,2,PROD-008,2,9.9,19.13
ORD-2026-003812,3,PROD-005,1,20.28,18.79
ORD-2026-003812,4,PROD-006,1,32.39,31.55
ORD-2026-003813,1,PROD-026,1,14.65,13.82
ORD-2026-003814,1,PROD-029,1,24.79,20.1
ORD-2026-003815,1,PROD-001,2,12.9,-24.35
ORD-2026-003816,1,PROD-001,2,12.9,22.77
ORD-2026-003817,1,PROD-020,1,10.14,8.47
ORD-2026-003818,1,PROD-034,1,9.01,7.5
ORD-2026-003818,2,PROD-038,3,7.89,21.63
ORD-2026-003819,1,PROD-003,2,14.37,26.06
ORD-2026-003820,1,PROD-005,1,20.28,19.88
ORD-2026-003821,1,PROD-006,1,32.39,32.09
ORD-2026-003822,1,PROD-017,2,12.5,23.34
ORD-2026-003822,2,PROD-039,1,8.17,6.04
ORD-2026-003823,1,PROD-035,2,10.14,18.94
ORD-2026-003823,2,PROD-060,1,42.25,33.03
ORD-2026-003823,3,PROD-034,3,9.01,22.22
ORD-2026-003824,1,PROD-035,4,10.14,35.52
ORD-2026-003825,1,PROD-021,1,15.49,14.42
ORD-2026-003826,1,PROD-001,1,12.9,11.66
ORD-2026-003827,1,PROD-034,1,9.01,8.02
ORD-2026-003828,1,PROD-028,1,17.18,15.33
ORD-2026-003829,1,PROD-034,4,9.01,30.32
ORD-2026-003829,2,PROD-019,2,29.58,57.93
ORD-2026-003830,1,PROD-004,1,20.28,20.02
ORD-2026-003831,1,PROD-007,2,17.18,32.63
ORD-2026-003832,1,PROD-031,2,53.52,105.65
ORD-2026-003833,1,PROD-001,2,12.9,25.07
ORD-2026-003833,2,PROD-007,1,17.18,16.9
ORD-2026-003834,1,PROD-002,1,11.9,11.5
ORD-2026-003834,2,PROD-006,1,32.39,31.44
ORD-2026-003835,1,PROD-012,2,18.5,30.72
ORD-2026-003835,2,PROD-002,1,11.9,10.01
ORD-2026-003835,3,PROD-001,1,12.9,11.64
ORD-2026-003836,1,PROD-011,1,14.9,13.77
ORD-2026-003837,1,PROD-008,2,9.9,19.06
ORD-2026-003838,1,PROD-001,1,12.9,10.62
ORD-2026-003839,1,PROD-034,1,9.01,4.05
ORD-2026-003839,2,PROD-006,1,32.39,25.29
ORD-2026-003840,1,PROD-020,1,10.14,9.02
ORD-2026-003840,2,PROD-001,1,12.9,12.2
ORD-2026-003840,3,PROD-024,1,8.73,8.41
ORD-2026-003841,1,PROD-005,1,20.28,19.66
ORD-2026-003842,1,PROD-041,1,11.83,-11.07
ORD-2026-003843,1,PROD-039,1,8.17,8.0
ORD-2026-003844,1,PROD-007,2,17.18,20.54
ORD-2026-003845,1,PROD-003,1,14.37,12.17
ORD-2026-003845,2,PROD-039,2,8.17,14.23
ORD-2026-003845,3,PROD-040,2,15.21,24.51
ORD-2026-003846,1,PROD-016,2,8.9,17.52
ORD-2026-003847,1,PROD-004,1,20.28,17.38
ORD-2026-003848,1,PROD-041,1,11.83,11.3
ORD-2026-003848,2,PROD-036,2,11.55,17.72
ORD-2026-003848,3,PROD-022,1,9.01,8.11
ORD-2026-003849,1,PROD-001,2,12.9,11.61
ORD-2026-003850,1,PROD-024,2,8.73,14.93
ORD-2026-003850,2,PROD-003,1,14.37,9.41
ORD-2026-003851,1,PROD-004,1,20.28,19.76
ORD-2026-003852,1,PROD-014,1,9.9,9.73
ORD-2026-003852,2,PROD-034,2,9.01,17.73
ORD-2026-003853,1,PROD-007,3,17.18,38.89
ORD-2026-003853,2,PROD-039,2,8.17,12.71
ORD-2026-003853,3,PROD-027,2,21.13,38.17
ORD-2026-003854,1,PROD-008,1,9.9,9.35
ORD-2026-003855,1,PROD-011,2,14.9,28.57
ORD-2026-003855,2,PROD-036,2,11.55,18.63
ORD-2026-003855,3,PROD-032,1,19.72,17.17
ORD-2026-003855,4,PROD-004,2,20.28,34.67
ORD-2026-003855,5,PROD-023,1,7.89,7.04
ORD-2026-003856,1,PROD-003,1,14.37,14.14
ORD-2026-003856,2,PROD-002,1,11.9,11.06
ORD-2026-003856,3,PROD-040,1,15.21,14.27
ORD-2026-003857,1,PROD-006,1,32.39,31.48
ORD-2026-003857,2,PROD-028,1,17.18,16.72
ORD-2026-003858,1,PROD-007,2,17.18,26.41
ORD-2026-003858,2,PROD-023,1,7.89,5.74
ORD-2026-003858,3,PROD-011,2,14.9,28.91
ORD-2026-003859,1,PROD-021,1,15.49,13.83
ORD-2026-003859,2,PROD-007,1,17.18,15.03
ORD-2026-003859,3,PROD-037,1,9.86,8.35
ORD-2026-003860,1,PROD-007,2,17.18,28.07
ORD-2026-003861,1,PROD-016,1,8.9,8.46
ORD-2026-003862,1,PROD-040,2,15.21,29.85
ORD-2026-003863,1,PROD-027,2,21.13,38.22
ORD-2026-003864,1,PROD-007,2,17.18,31.81
ORD-2026-003865,1,PROD-002,1,11.9,8.23
ORD-2026-003866,1,PROD-034,4,9.01,32.81
ORD-2026-003867,1,PROD-023,1,7.89,7.55
ORD-2026-003867,2,PROD-003,1,14.37,13.86
ORD-2026-003868,1,PROD-023,2,7.89,15.46
ORD-2026-003869,1,PROD-002,1,11.9,9.68
ORD-2026-003870,1,PROD-045,1,72.68,62.15
ORD-2026-003871,1,PROD-011,1,14.9,12.0
ORD-2026-003871,2,PROD-033,4,52.11,199.46
ORD-2026-003872,1,PROD-002,2,11.9,23.37
ORD-2026-003873,1,PROD-034,2,9.01,15.8
ORD-2026-003874,1,PROD-011,1,14.9,13.05
ORD-2026-003874,2,PROD-004,2,20.28,39.16
ORD-2026-003875,1,PROD-007,1,17.18,16.61
ORD-2026-003876,1,PROD-005,1,20.28,18.73
ORD-2026-003877,1,PROD-002,1,11.9,7.51
ORD-2026-003878,1,PROD-004,2,20.28,35.51
ORD-2026-003879,1,PROD-004,1,20.28,19.06
ORD-2026-003879,2,PROD-007,3,17.18,46.61
ORD-2026-003879,3,PROD-041,1,11.83,11.32
ORD-2026-003880,1,PROD-036,2,11.55,22.08
ORD-2026-003880,2,PROD-033,2,52.11,102.65
ORD-2026-003880,3,PROD-013,1,11.9,11.4
ORD-2026-003881,1,PROD-010,3,38.03,104.29
ORD-2026-003881,2,PROD-050,1,61.97,52.22
ORD-2026-003881,3,PROD-011,2,14.9,27.39
ORD-2026-003881,4,PROD-041,2,11.83,22.59
ORD-2026-003882,1,PROD-005,1,20.28,17.05
ORD-2026-003882,2,PROD-002,1,11.9,9.92
ORD-2026-003882,3,PROD-038,3,7.89,21.67
ORD-2026-003883,1,PROD-002,2,11.9,22.07
ORD-2026-003884,1,PROD-025,1,21.97,21.28
ORD-2026-003884,2,PROD-005,1,20.28,18.16
ORD-2026-003885,1,PROD-004,1,20.28,16.12
ORD-2026-003885,2,PROD-005,2,20.28,38.8
ORD-2026-003885,3,PROD-034,2,9.01,14.39
ORD-2026-003886,1,PROD-010,2,38.03,70.14
ORD-2026-003887,1,PROD-012,1,18.5,17.84
ORD-2026-003888,1,PROD-037,1,9.86,9.62
ORD-2026-003889,1,PROD-008,1,9.9,9.21
ORD-2026-003890,1,PROD-008,3,9.9,29.03
ORD-2026-003891,1,PROD-004,1,20.28,19.67
ORD-2026-003891,2,PROD-001,2,12.9,25.44
ORD-2026-003891,3,PROD-037,1,9.86,9.62
ORD-2026-003892,1,PROD-042,2,73.24,117.49
ORD-2026-003892,2,PROD-006,2,32.39,61.91
ORD-2026-003892,3,PROD-004,1,20.28,18.56
ORD-2026-003893,1,PROD-054,1,59.15,49.47
ORD-2026-003894,1,PROD-024,1,8.73,6.76
ORD-2026-003895,1,PROD-023,1,7.89,7.59
ORD-2026-003895,2,PROD-010,1,38.03,31.16
ORD-2026-003896,1,PROD-046,1,259.15,245.26
ORD-2026-003897,1,PROD-025,2,21.97,41.51
ORD-2026-003897,2,PROD-007,1,17.18,17.0
ORD-2026-003897,3,PROD-034,3,9.01,25.98
ORD-2026-003898,1,PROD-051,1,36.06,24.37
ORD-2026-003898,2,PROD-032,3,19.72,46.34
ORD-2026-003899,1,PROD-005,2,20.28,39.49
ORD-2026-003899,2,PROD-022,1,9.01,7.49
ORD-2026-003900,1,PROD-010,2,38.03,72.8
ORD-2026-003900,2,PROD-005,1,20.28,16.86
ORD-2026-003901,1,PROD-034,2,9.01,17.29
ORD-2026-003902,1,PROD-006,1,32.39,28.92
ORD-2026-003903,1,PROD-028,2,17.18,28.35
ORD-2026-003904,1,PROD-001,2,12.9,16.26
ORD-2026-003905,1,PROD-001,3,12.9,24.56
ORD-2026-003906,1,PROD-004,2,20.28,37.89
ORD-2026-003906,2,PROD-023,1,7.89,6.82
ORD-2026-003906,3,PROD-034,2,9.01,16.32
ORD-2026-003907,1,PROD-021,2,15.49,26.6
ORD-2026-003907,2,PROD-006,2,32.39,62.82
ORD-2026-003908,1,PROD-035,3,10.14,29.95
ORD-2026-003908,2,PROD-049,2,80.28,148.47
ORD-2026-003908,3,PROD-004,2,20.28,39.53
ORD-2026-003908,4,PROD-037,1,9.86,9.43
ORD-2026-003908,5,PROD-027,1,21.13,19.83
ORD-2026-003909,1,PROD-006,2,32.39,63.01
ORD-2026-003910,1,PROD-006,1,32.39,26.19
ORD-2026-003910,2,PROD-028,1,17.18,16.06
ORD-2026-003910,3,PROD-032,1,19.72,14.09
ORD-2026-003911,1,PROD-008,2,9.9,19.1
ORD-2026-003912,1,PROD-005,1,20.28,17.4
ORD-2026-003913,1,PROD-002,1,11.9,11.53
ORD-2026-003913,2,PROD-005,1,20.28,18.97
ORD-2026-003914,1,PROD-013,1,11.9,10.81
ORD-2026-003914,2,PROD-029,2,24.79,44.89
ORD-2026-003915,1,PROD-016,2,8.9,16.41
ORD-2026-003915,2,PROD-027,1,21.13,19.3
ORD-2026-003915,3,PROD-049,1,80.28,74.55
ORD-2026-003915,4,PROD-041,4,11.83,44.92
ORD-2026-003916,1,PROD-003,1,14.37,14.09
ORD-2026-003917,1,PROD-004,1,20.28,19.0
ORD-2026-003918,1,PROD-004,3,20.28,50.19
ORD-2026-003919,1,PROD-039,3,8.17,23.94
ORD-2026-003919,2,PROD-011,1,14.9,14.88
ORD-2026-003920,1,PROD-020,1,10.14,9.82
ORD-2026-003920,2,PROD-005,3,20.28,59.17
ORD-2026-003920,3,PROD-008,2,9.9,19.44
ORD-2026-003921,1,PROD-012,1,18.5,17.8
ORD-2026-003922,1,PROD-036,1,11.55,9.8
ORD-2026-003922,2,PROD-040,1,15.21,14.45
ORD-2026-003923,1,PROD-008,1,9.9,9.12
ORD-2026-003923,2,PROD-011,2,14.9,28.23
ORD-2026-003923,3,PROD-007,2,17.18,29.04
ORD-2026-003924,1,PROD-002,2,11.9,23.01
ORD-2026-003924,2,PROD-003,2,14.37,28.17
ORD-2026-003924,3,PROD-004,2,20.28,38.79
ORD-2026-003925,1,PROD-004,3,20.28,53.33
ORD-2026-003925,2,PROD-044,1,40.85,37.82
ORD-2026-003926,1,PROD-006,3,32.39,81.43
ORD-2026-003926,2,PROD-020,1,10.14,9.66
ORD-2026-003926,3,PROD-034,1,9.01,8.64
ORD-2026-003927,1,PROD-023,2,7.89,14.35
ORD-2026-003928,1,PROD-031,2,53.52,85.25
ORD-2026-003928,2,PROD-035,1,10.14,7.43
ORD-2026-003929,1,PROD-013,1,11.9,10.72
ORD-2026-003929,2,PROD-019,2,29.58,56.88
ORD-2026-003929,3,PROD-007,1,17.18,15.77
ORD-2026-003930,1,PROD-004,2,20.28,28.29
ORD-2026-003931,1,PROD-021,1,15.49,12.33
ORD-2026-003931,2,PROD-028,1,17.18,16.24
ORD-2026-003931,3,PROD-003,2,14.37,26.06
ORD-2026-003932,1,PROD-023,1,7.89,6.24
ORD-2026-003933,1,PROD-034,1,9.01,8.77
ORD-2026-003933,2,PROD-036,4,11.55,44.76
ORD-2026-003934,1,PROD-042,2,73.24,139.95
ORD-2026-003935,1,PROD-006,2,32.39,57.81
ORD-2026-003935,2,PROD-005,2,20.28,34.59
ORD-2026-003935,3,PROD-004,1,20.28,18.86
ORD-2026-003936,1,PROD-006,1,32.39,29.27
ORD-2026-003936,2,PROD-007,1,17.18,16.88
ORD-2026-003936,3,PROD-033,1,52.11,50.64
ORD-2026-003937,1,PROD-049,1,80.28,75.21
ORD-2026-003938,1,PROD-003,1,14.37,12.42
ORD-2026-003938,2,PROD-005,2,20.28,37.07
ORD-2026-003938,3,PROD-040,1,15.21,13.17
ORD-2026-003939,1,PROD-008,1,9.9,9.25
ORD-2026-003939,2,PROD-035,1,10.14,8.64
ORD-2026-003940,1,PROD-007,2,17.18,33.17
ORD-2026-003940,2,PROD-002,2,11.9,21.28
ORD-2026-003941,1,PROD-006,2,32.39,56.49
ORD-2026-003941,2,PROD-001,2,12.9,24.09
ORD-2026-003941,3,PROD-004,3,20.28,59.03
ORD-2026-003942,1,PROD-005,1,20.28,19.11
ORD-2026-003943,1,PROD-007,1,17.18,16.59
ORD-2026-003943,2,PROD-041,3,11.83,33.57
ORD-2026-003943,3,PROD-034,1,9.01,7.46
ORD-2026-003944,1,PROD-034,3,9.01,26.88
ORD-2026-003944,2,PROD-005,2,20.28,39.27
ORD-2026-003944,3,PROD-001,1,12.9,12.37
ORD-2026-003944,4,PROD-011,1,14.9,14.07
ORD-2026-003945,1,PROD-008,1,9.9,9.17
ORD-2026-003945,2,PROD-005,1,20.28,20.02
ORD-2026-003945,3,PROD-042,1,73.24,65.67
ORD-2026-003946,1,PROD-008,2,9.9,15.95
ORD-2026-003946,2,PROD-032,1,19.72,14.99
ORD-2026-003947,1,PROD-016,1,8.9,6.04
ORD-2026-003947,2,PROD-002,1,11.9,10.03
ORD-2026-003948,1,PROD-002,1,11.9,11.71
ORD-2026-003949,1,PROD-039,1,8.17,7.9
ORD-2026-003949,2,PROD-034,4,9.01,33.31
ORD-2026-003949,3,PROD-053,1,53.52,52.0
ORD-2026-003950,1,PROD-027,1,21.13,18.86
ORD-2026-003951,1,PROD-001,2,12.9,24.01
ORD-2026-003952,1,PROD-035,1,10.14,7.78
ORD-2026-003953,1,PROD-015,1,26.76,18.64
ORD-2026-003953,2,PROD-036,2,11.55,21.21
ORD-2026-003953,3,PROD-005,2,20.28,33.97
ORD-2026-003954,1,PROD-004,2,20.28,40.48
ORD-2026-003955,1,PROD-004,2,20.28,40.37
ORD-2026-003955,2,PROD-052,1,46.48,46.43
ORD-2026-003956,1,PROD-006,1,32.39,28.78
ORD-2026-003956,2,PROD-036,1,11.55,
ORD-2026-003956,3,PROD-005,1,20.28,16.24
ORD-2026-003957,1,PROD-006,3,32.39,95.89
ORD-2026-003958,1,PROD-006,2,32.39,62.42
ORD-2026-003958,2,PROD-023,1,7.89,7.64
ORD-2026-003959,1,PROD-003,1,14.37,12.39
ORD-2026-003960,1,PROD-007,1,17.18,16.01
ORD-2026-003960,2,PROD-029,1,24.79,23.38
ORD-2026-003960,3,PROD-041,2,11.83,22.76
ORD-2026-003960,4,PROD-030,2,49.3,93.45
ORD-2026-003961,1,PROD-012,2,18.5,35.13
ORD-2026-003962,1,PROD-002,1,11.9,11.48
ORD-2026-003963,1,PROD-007,2,17.18,23.64
ORD-2026-003964,1,PROD-001,1,12.9,11.45
ORD-2026-003965,1,PROD-004,2,20.28,38.99
ORD-2026-003966,1,PROD-001,1,12.9,12.47
ORD-2026-003966,2,PROD-041,1,11.83,11.63
ORD-2026-003966,3,PROD-010,1,38.03,37.68
ORD-2026-003967,1,PROD-004,1,20.28,17.69
ORD-2026-003967,2,PROD-041,3,11.83,32.66
ORD-2026-003967,3,PROD-035,1,10.14,8.36
ORD-2026-003967,4,PROD-005,1,20.28,17.87
ORD-2026-003968,1,PROD-007,1,17.18,16.1
ORD-2026-003969,1,PROD-038,4,7.89,27.16
ORD-2026-003970,1,PROD-040,2,15.21,29.25
ORD-2026-003970,2,PROD-003,1,14.37,9.59
ORD-2026-003970,3,PROD-032,1,19.72,19.08
ORD-2026-003971,1,PROD-004,1,20.28,17.44
ORD-2026-003971,2,PROD-041,1,11.83,10.2
ORD-2026-003972,1,PROD-004,1,20.28,20.06
ORD-2026-003972,2,PROD-035,1,10.14,9.54
ORD-2026-003973,1,PROD-014,1,9.9,8.87
ORD-2026-003973,2,PROD-038,1,7.89,5.51
ORD-2026-003974,1,PROD-039,1,8.17,7.7
ORD-2026-003975,1,PROD-033,2,52.11,96.37
ORD-2026-003975,2,PROD-036,1,11.55,10.22
ORD-2026-003975,3,PROD-021,2,15.49,29.16
ORD-2026-003975,4,PROD-034,2,9.01,17.65
ORD-2026-003976,1,PROD-004,1,20.28,19.01
ORD-2026-003976,2,PROD-026,1,14.65,12.62
ORD-2026-003977,1,PROD-022,1,9.01,6.05
ORD-2026-003977,2,PROD-001,2,12.9,24.31
ORD-2026-003978,1,PROD-001,2,12.9,22.72
ORD-2026-003979,1,PROD-036,3,11.55,29.33
ORD-2026-003980,1,PROD-022,1,9.01,8.14
ORD-2026-003981,1,PROD-007,1,17.18,14.98
ORD-2026-003982,1,PROD-004,1,20.28,15.8
ORD-2026-003982,2,PROD-003,1,14.37,14.07
ORD-2026-003983,1,PROD-036,2,11.55,19.78
ORD-2026-003983,2,PROD-017,2,12.5,23.49
ORD-2026-003984,1,PROD-021,1,15.49,14.68
ORD-2026-003985,1,PROD-005,1,20.28,18.93
ORD-2026-003986,1,PROD-034,3,9.01,25.85
ORD-2026-003986,2,PROD-004,1,20.28,18.84
ORD-2026-003986,3,PROD-027,2,21.13,36.73
ORD-2026-003986,4,PROD-005,1,20.28,18.51
ORD-2026-003987,1,PROD-032,2,19.72,36.83
ORD-2026-003987,2,PROD-016,1,8.9,6.08
ORD-2026-003988,1,PROD-041,2,11.83,20.92
ORD-2026-003989,1,PROD-020,1,10.14,9.82
ORD-2026-003990,1,PROD-005,1,20.28,16.39
ORD-2026-003991,1,PROD-006,1,32.39,31.5
ORD-2026-003992,1,PROD-042,2,73.24,136.52
ORD-2026-003992,2,PROD-013,2,11.9,20.33
ORD-2026-003992,3,PROD-004,1,20.28,18.48
ORD-2026-003993,1,PROD-010,1,38.03,36.95
ORD-2026-003994,1,PROD-001,1,12.9,12.28
ORD-2026-003995,1,PROD-004,1,20.28,18.05
ORD-2026-003996,1,PROD-001,1,12.9,12.35
ORD-2026-003996,2,PROD-058,1,39.44,36.02
ORD-2026-003997,1,PROD-036,2,11.55,23.0
ORD-2026-003997,2,PROD-005,1,20.28,19.15
ORD-2026-003998,1,PROD-038,2,7.89,14.99
ORD-2026-003999,1,PROD-023,2,7.89,13.58
ORD-2026-004000,1,PROD-010,1,38.03,32.39
ORD-2026-004000,2,PROD-029,2,24.79,0.0
ORD-2026-004000,3,PROD-053,1,53.52,28.54
ORD-2026-004001,1,PROD-012,1,18.5,17.4
ORD-2026-004002,1,PROD-021,2,15.49,29.56
ORD-2026-004003,1,PROD-004,1,20.28,15.0
ORD-2026-004003,2,PROD-037,2,9.86,18.88
ORD-2026-004003,3,PROD-034,1,9.01,-6.72
ORD-2026-004003,4,PROD-035,1,10.14,8.58
ORD-2026-004004,1,PROD-028,1,17.18,7.73
ORD-2026-004004,2,PROD-011,3,14.9,35.77
ORD-2026-004004,3,PROD-053,2,53.52,87.41
ORD-2026-004005,1,PROD-001,2,12.9,25.45
ORD-2026-004005,2,PROD-008,1,9.9,9.74
ORD-2026-004006,1,PROD-031,1,53.52,51.54
ORD-2026-004007,1,PROD-006,1,32.39,25.94
ORD-2026-004008,1,PROD-050,1,61.97,55.39
ORD-2026-004008,2,PROD-003,1,14.37,12.99
ORD-2026-004009,1,PROD-037,1,9.86,7.31
ORD-2026-004010,1,PROD-001,1,12.9,12.63
ORD-2026-004010,2,PROD-040,1,15.21,15.1
ORD-2026-004010,3,PROD-008,1,9.9,9.79
ORD-2026-004011,1,PROD-027,2,21.13,41.45
ORD-2026-004012,1,PROD-033,1,52.11,42.41
ORD-2026-004013,1,PROD-045,1,72.68,61.03
ORD-2026-004014,1,PROD-050,1,61.97,27.89
ORD-2026-004014,2,PROD-038,1,7.89,5.11
ORD-2026-004015,1,PROD-042,1,73.24,69.44
ORD-2026-004015,2,PROD-024,2,8.73,17.02
ORD-2026-004015,3,PROD-001,1,12.9,12.35
ORD-2026-004016,1,PROD-004,1,20.28,18.27
ORD-2026-004017,1,PROD-050,1,61.97,47.08
ORD-2026-004018,1,PROD-041,1,11.83,11.32
ORD-2026-004018,2,PROD-035,1,10.14,8.76
ORD-2026-004019,1,PROD-033,1,52.11,39.64
ORD-2026-004020,1,PROD-020,1,10.14,7.49
ORD-2026-004020,2,PROD-041,1,11.83,11.3
ORD-2026-004021,1,PROD-012,3,18.5,52.77
ORD-2026-004022,1,PROD-002,1,11.9,11.9
ORD-2026-004022,2,PROD-003,2,14.37,28.27
ORD-2026-004023,1,PROD-024,1,8.73,7.63
ORD-2026-004024,1,PROD-001,1,12.9,10.68
ORD-2026-004025,1,PROD-005,1,20.28,20.03
ORD-2026-004025,2,PROD-044,1,40.85,36.58
ORD-2026-004025,3,PROD-002,1,11.9,10.63
ORD-2026-004026,1,PROD-040,1,15.21,13.36
ORD-2026-004026,2,PROD-034,3,9.01,25.11
ORD-2026-004026,3,PROD-039,3,8.17,22.25
ORD-2026-004027,1,PROD-007,1,17.18,12.21
ORD-2026-004027,2,PROD-008,3,9.9,25.73
ORD-2026-004027,3,PROD-034,2,9.01,15.83
ORD-2026-004028,1,PROD-005,2,20.28,39.1
ORD-2026-004029,1,PROD-001,1,12.9,11.23
ORD-2026-004030,1,PROD-001,1,12.9,11.78
ORD-2026-004031,1,PROD-014,1,9.9,6.75
ORD-2026-004032,1,PROD-020,1,10.14,8.72
ORD-2026-004033,1,PROD-001,1,12.9,10.22
ORD-2026-004033,2,PROD-002,1,11.9,11.12
ORD-2026-004033,3,PROD-035,2,10.14,18.89
ORD-2026-004033,4,PROD-026,2,14.65,22.31
ORD-2026-004034,1,PROD-005,1,20.28,18.01
ORD-2026-004035,1,PROD-039,2,8.17,16.13
ORD-2026-004036,1,PROD-003,2,14.37,28.25
ORD-2026-004037,1,PROD-008,2,9.9,19.53
ORD-2026-004037,2,PROD-012,1,18.5,16.09
ORD-2026-004038,1,PROD-036,2,11.55,15.2
ORD-2026-004038,2,PROD-006,2,32.39,48.93
ORD-2026-004039,1,PROD-005,2,20.28,34.44
ORD-2026-004040,1,PROD-024,1,8.73,8.55
ORD-2026-004041,1,PROD-004,2,20.28,39.5
ORD-2026-004042,1,PROD-010,1,38.03,35.18
ORD-2026-004043,1,PROD-001,1,12.9,12.51
ORD-2026-004043,2,PROD-004,1,20.28,15.5
ORD-2026-004044,1,PROD-036,2,11.55,10.39
ORD-2026-004044,2,PROD-003,1,14.37,11.45
ORD-2026-004044,3,PROD-004,1,20.28,16.28
ORD-2026-004045,1,PROD-004,1,20.28,-15.19
ORD-2026-004045,2,PROD-038,1,7.89,3.79
ORD-2026-004046,1,PROD-058,1,39.44,32.22
ORD-2026-004047,1,PROD-033,2,52.11,102.89
ORD-2026-004048,1,PROD-036,1,11.55,11.37
ORD-2026-004049,1,PROD-005,2,20.28,26.9
ORD-2026-004050,1,PROD-031,2,53.52,52.5
ORD-2026-004051,1,PROD-010,1,38.03,35.81
ORD-2026-004051,2,PROD-001,3,12.9,36.02
ORD-2026-004052,1,PROD-022,2,9.01,17.25
ORD-2026-004052,2,PROD-045,1,72.68,67.88
ORD-2026-004052,3,PROD-052,1,46.48,37.88
ORD-2026-004053,1,PROD-001,1,12.9,12.83
ORD-2026-004054,1,PROD-008,1,9.9,8.21
ORD-2026-004055,1,PROD-045,1,72.68,61.93
ORD-2026-004056,1,PROD-040,2,15.21,28.52
ORD-2026-004057,1,PROD-008,1,9.9,9.89
ORD-2026-004057,2,PROD-010,1,38.03,36.91
ORD-2026-004058,1,PROD-003,2,14.37,22.57
ORD-2026-004058,2,PROD-044,1,40.85,34.3
ORD-2026-004058,3,PROD-034,4,9.01,32.05
ORD-2026-004059,1,PROD-041,3,11.83,30.49
ORD-2026-004059,2,PROD-040,4,15.21,47.7
ORD-2026-004060,1,PROD-006,1,32.39,30.54
ORD-2026-004060,2,PROD-051,1,36.06,29.65
ORD-2026-004061,1,PROD-032,2,19.72,39.13
ORD-2026-004061,2,PROD-013,1,11.9,10.62
ORD-2026-004061,3,PROD-005,1,20.28,18.46
ORD-2026-004061,4,PROD-007,1,17.18,12.64
ORD-2026-004062,1,PROD-005,1,20.28,19.43
ORD-2026-004062,2,PROD-026,2,14.65,24.83
ORD-2026-004063,1,PROD-003,2,14.37,26.02
ORD-2026-004064,1,PROD-013,2,11.9,19.12
ORD-2026-004065,1,PROD-001,2,12.9,23.95
ORD-2026-004066,1,PROD-011,1,14.9,12.61
ORD-2026-004066,2,PROD-016,3,8.9,25.04
ORD-2026-004067,1,PROD-007,1,17.18,14.03
ORD-2026-004068,1,PROD-001,1,12.9,12.79
ORD-2026-004069,1,PROD-013,2,11.9,19.44
ORD-2026-004070,1,PROD-027,2,21.13,40.73
ORD-2026-004070,2,PROD-039,3,8.17,23.52
ORD-2026-004071,1,PROD-003,1,14.37,-14.18
ORD-2026-004071,2,PROD-035,3,10.14,29.23
ORD-2026-004072,1,PROD-006,1,32.39,32.33
ORD-2026-004072,2,PROD-040,4,15.21,58.96
ORD-2026-004073,1,PROD-029,1,24.79,11.16
ORD-2026-004073,2,PROD-004,3,20.28,52.21
ORD-2026-004074,1,PROD-003,3,14.37,31.91
ORD-2026-004074,2,PROD-029,1,24.79,21.09
ORD-2026-004075,1,PROD-003,1,14.37,8.94
ORD-2026-004075,2,PROD-034,1,9.01,7.97
ORD-2026-004076,1,PROD-004,1,20.28,19.12
ORD-2026-004077,1,PROD-014,3,9.9,28.9
ORD-2026-004078,1,PROD-019,1,29.58,23.6
ORD-2026-004078,2,PROD-040,1,15.21,13.94
ORD-2026-004079,1,PROD-044,2,40.85,68.62
ORD-2026-004080,1,PROD-007,1,17.18,15.24
ORD-2026-004081,1,PROD-006,2,32.39,54.65
ORD-2026-004081,2,PROD-038,1,7.89,7.71
ORD-2026-004081,3,PROD-005,2,20.28,34.53
ORD-2026-004081,4,PROD-054,1,59.15,50.34
ORD-2026-004082,1,PROD-034,2,9.01,17.51
ORD-2026-004082,2,PROD-026,1,14.65,12.38
ORD-2026-004082,3,PROD-012,1,18.5,17.11
ORD-2026-004083,1,PROD-032,2,19.72,37.87
ORD-2026-004084,1,PROD-040,1,15.21,12.0
ORD-2026-004085,1,PROD-022,1,9.01,8.85
ORD-2026-004086,1,PROD-008,2,9.9,19.26
ORD-2026-004087,1,PROD-019,2,29.58,48.88
ORD-2026-004087,2,PROD-039,2,8.17,15.48
ORD-2026-004088,1,PROD-017,1,12.5,9.62
ORD-2026-004088,2,PROD-005,1,20.28,19.65
ORD-2026-004088,3,PROD-041,2,11.83,21.05
ORD-2026-004089,1,PROD-004,1,20.28,20.02
ORD-2026-004090,1,PROD-007,2,17.18,33.34
ORD-2026-004091,1,PROD-004,2,20.28,39.4
ORD-2026-004091,2,PROD-016,1,8.9,7.55
ORD-2026-004092,1,PROD-004,1,20.28,18.87
ORD-2026-004092,2,PROD-052,1,46.48,44.03
ORD-2026-004093,1,PROD-001,2,12.9,21.77
ORD-2026-004093,2,PROD-032,2,19.72,36.94
ORD-2026-004094,1,PROD-026,2,14.65,25.61
ORD-2026-004094,2,PROD-035,2,10.14,17.5
ORD-2026-004095,1,PROD-001,2,12.9,25.08
ORD-2026-004096,1,PROD-033,4,52.11,192.31
ORD-2026-004097,1,PROD-035,2,10.14,15.35
ORD-2026-004098,1,PROD-004,1,20.28,19.1
ORD-2026-004098,2,PROD-016,1,8.9,8.08
ORD-2026-004099,1,PROD-024,1,8.73,7.62
ORD-2026-004099,2,PROD-006,1,32.39,28.94
ORD-2026-004100,1,PROD-037,1,9.86,9.35
ORD-2026-004100,2,PROD-034,3,9.01,25.89
ORD-2026-004101,1,PROD-008,1,9.9,8.83
ORD-2026-004101,2,PROD-041,2,11.83,20.81
ORD-2026-004102,1,PROD-001,3,12.9,38.4
ORD-2026-004103,1,PROD-006,3,32.39,92.13
ORD-2026-004104,1,PROD-051,1,36.06,31.33
ORD-2026-004104,2,PROD-001,2,12.9,23.82
ORD-2026-004105,1,PROD-007,1,17.18,16.27
ORD-2026-004105,2,PROD-002,1,11.9,11.53
ORD-2026-004106,1,PROD-002,1,11.9,10.93
ORD-2026-004106,2,PROD-004,2,20.28,39.42
ORD-2026-004106,3,PROD-001,1,12.9,11.7
ORD-2026-004107,1,PROD-003,1,14.37,13.37
ORD-2026-004107,2,PROD-036,2,11.55,21.56
ORD-2026-004108,1,PROD-003,1,14.37,13.16
ORD-2026-004109,1,PROD-037,1,9.86,9.38
ORD-2026-004110,1,PROD-007,1,17.18,14.89
ORD-2026-004111,1,PROD-005,1,20.28,18.82
ORD-2026-004111,2,PROD-002,1,11.9,10.89
ORD-2026-004111,3,PROD-034,3,9.01,26.01
ORD-2026-004112,1,PROD-012,1,18.5,16.47
ORD-2026-004113,1,PROD-032,2,19.72,37.53
ORD-2026-004114,1,PROD-005,1,20.28,16.21
ORD-2026-004115,1,PROD-027,1,21.13,
ORD-2026-004115,2,PROD-038,3,7.89,22.9
ORD-2026-004115,3,PROD-021,1,15.49,11.47
ORD-2026-004116,1,PROD-004,3,20.28,54.66
ORD-2026-004116,2,PROD-001,1,12.9,11.36
ORD-2026-004117,1,PROD-002,2,11.9,23.66
ORD-2026-004117,2,PROD-035,2,10.14,19.06
ORD-2026-004118,1,PROD-026,1,14.65,14.24
ORD-2026-004118,2,PROD-034,1,9.01,8.06
ORD-2026-004119,1,PROD-004,3,20.28,55.5
ORD-2026-004119,2,PROD-038,1,7.89,7.18
ORD-2026-004120,1,PROD-052,1,46.48,44.71
ORD-2026-004121,1,PROD-037,2,9.86,15.23
ORD-2026-004122,1,PROD-037,3,9.86,26.56
ORD-2026-004123,1,PROD-003,1,14.37,13.46
ORD-2026-004124,1,PROD-007,2,17.18,33.95
ORD-2026-004124,2,PROD-030,1,49.3,47.0
ORD-2026-004124,3,PROD-001,2,12.9,25.28
ORD-2026-004125,1,PROD-013,1,11.9,11.45
ORD-2026-004125,2,PROD-008,1,9.9,9.13
ORD-2026-004126,1,PROD-003,1,14.37,12.97
ORD-2026-004126,2,PROD-004,1,20.28,17.75
ORD-2026-004126,3,PROD-001,2,12.9,21.67
ORD-2026-004127,1,PROD-005,1,20.28,18.28
ORD-2026-004127,2,PROD-024,2,8.73,15.76
ORD-2026-004128,1,PROD-050,1,61.97,55.77
ORD-2026-004129,1,PROD-005,2,20.28,30.89
ORD-2026-004129,2,PROD-025,1,21.97,17.39
ORD-2026-004130,1,PROD-028,1,17.18,16.13
ORD-2026-004131,1,PROD-005,3,20.28,53.42
ORD-2026-004131,2,PROD-003,1,14.37,11.84
ORD-2026-004131,3,PROD-004,1,20.28,16.96
ORD-2026-004132,1,PROD-006,2,32.39,57.55
ORD-2026-004132,2,PROD-034,2,9.01,13.72
ORD-2026-004132,3,PROD-007,1,17.18,12.58
ORD-2026-004133,1,PROD-001,1,12.9,10.91
ORD-2026-004133,2,PROD-036,1,11.55,11.23
ORD-2026-004133,3,PROD-004,2,20.28,37.38
ORD-2026-004133,4,PROD-011,2,14.9,29.19
ORD-2026-004134,1,PROD-034,2,9.01,17.75
ORD-2026-004134,2,PROD-005,2,20.28,40.18
ORD-2026-004134,3,PROD-012,1,18.5,18.21
ORD-2026-004134,4,PROD-006,2,32.39,63.8
ORD-2026-004135,1,PROD-004,1,20.28,18.06
ORD-2026-004136,1,PROD-022,2,9.01,15.19
ORD-2026-004137,1,PROD-004,1,20.28,16.62
ORD-2026-004137,2,PROD-016,1,8.9,8.04
ORD-2026-004138,1,PROD-022,1,9.01,8.3
ORD-2026-004139,1,PROD-005,3,20.28,53.17
ORD-2026-004139,2,PROD-032,2,19.72,18.94
ORD-2026-004140,1,PROD-013,1,11.9,10.77
ORD-2026-004141,1,PROD-031,1,53.52,48.87
ORD-2026-004141,2,PROD-032,2,19.72,37.16
ORD-2026-004142,1,PROD-033,1,52.11,48.37
ORD-2026-004142,2,PROD-051,1,36.06,34.61
ORD-2026-004143,1,PROD-004,2,20.28,37.69
ORD-2026-004144,1,PROD-004,1,20.28,17.81
ORD-2026-004145,1,PROD-002,1,11.9,11.07
ORD-2026-004146,1,PROD-011,2,14.9,27.5
ORD-2026-004147,1,PROD-004,3,20.28,59.4
ORD-2026-004148,1,PROD-039,1,8.17,8.0
ORD-2026-004148,2,PROD-019,1,29.58,28.59
ORD-2026-004149,1,PROD-030,2,49.3,88.13
ORD-2026-004149,2,PROD-024,1,8.73,8.25
ORD-2026-004149,3,PROD-044,1,40.85,34.47
ORD-2026-004150,1,PROD-005,3,20.28,56.95
ORD-2026-004150,2,PROD-047,1,108.45,96.89
ORD-2026-004151,1,PROD-004,1,20.28,20.18
ORD-2026-004152,1,PROD-023,1,7.89,7.25
ORD-2026-004152,2,PROD-016,1,8.9,6.22
ORD-2026-004152,3,PROD-004,1,20.28,17.16
ORD-2026-004153,1,PROD-005,1,20.28,18.46
ORD-2026-004154,1,PROD-051,1,36.06,35.09
ORD-2026-004154,2,PROD-013,1,11.9,11.43
ORD-2026-004154,3,PROD-016,2,8.9,17.44
ORD-2026-004155,1,PROD-001,3,12.9,36.17
ORD-2026-004156,1,PROD-002,1,11.9,11.33
ORD-2026-004157,1,PROD-023,1,7.89,7.2
ORD-2026-004157,2,PROD-028,1,17.18,14.44
ORD-2026-004157,3,PROD-039,3,8.17,18.82
ORD-2026-004158,1,PROD-007,2,17.18,33.69
ORD-2026-004159,1,PROD-001,2,12.9,25.34
ORD-2026-004160,1,PROD-045,2,72.68,133.82
ORD-2026-004160,2,PROD-001,1,12.9,8.84
ORD-2026-004161,1,PROD-019,1,29.58,22.46
ORD-2026-004161,2,PROD-041,2,11.83,22.64
ORD-2026-004161,3,PROD-038,4,7.89,17.31
ORD-2026-004162,1,PROD-007,2,17.18,27.98
ORD-2026-004163,1,PROD-023,2,7.89,14.87
ORD-2026-004163,2,PROD-027,1,21.13,18.71
ORD-2026-004164,1,PROD-033,2,52.11,93.52
ORD-2026-004164,2,PROD-004,1,20.28,13.15
ORD-2026-004165,1,PROD-014,1,9.9,7.65
ORD-2026-004166,1,PROD-038,1,7.89,7.02
ORD-2026-004167,1,PROD-001,1,12.9,12.5
ORD-2026-004168,1,PROD-034,1,9.01,7.88
ORD-2026-004168,2,PROD-002,1,11.9,8.77
ORD-2026-004169,1,PROD-001,1,12.9,12.18
ORD-2026-004170,1,PROD-005,1,20.28,19.83
ORD-2026-004171,1,PROD-045,1,72.68,68.3
ORD-2026-004171,2,PROD-025,1,21.97,17.47
ORD-2026-004172,1,PROD-006,1,32.39,31.64
ORD-2026-004172,2,PROD-010,2,38.03,74.14
ORD-2026-004173,1,PROD-007,2,17.18,32.7
ORD-2026-004173,2,PROD-041,1,11.83,10.71
ORD-2026-004174,1,PROD-002,1,11.9,11.66
ORD-2026-004175,1,PROD-004,1,20.28,19.63
ORD-2026-004175,2,PROD-003,1,14.37,14.29
ORD-2026-004176,1,PROD-039,1,8.17,5.41
ORD-2026-004176,2,PROD-003,3,14.37,19.85
ORD-2026-004176,3,PROD-029,1,24.79,17.06
ORD-2026-004177,1,PROD-002,1,11.9,11.71
ORD-2026-004178,1,PROD-002,1,11.9,10.9
ORD-2026-004178,2,PROD-017,1,12.5,11.03
ORD-2026-004179,1,PROD-034,1,9.01,6.06
ORD-2026-004180,1,PROD-036,3,11.55,31.13
ORD-2026-004181,1,PROD-004,1,20.28,17.14
ORD-2026-004182,1,PROD-020,1,10.14,7.83
ORD-2026-004183,1,PROD-022,1,9.01,6.51
ORD-2026-004184,1,PROD-003,1,14.37,14.21
ORD-2026-004185,1,PROD-020,2,10.14,18.5
ORD-2026-004186,1,PROD-059,1,52.11,47.75
ORD-2026-004187,1,PROD-036,2,11.55,21.77
ORD-2026-004188,1,PROD-003,1,14.37,13.37
ORD-2026-004189,1,PROD-041,2,11.83,18.85
ORD-2026-004189,2,PROD-032,1,19.72,14.26
ORD-2026-004190,1,PROD-020,1,10.14,9.5
ORD-2026-004190,2,PROD-002,1,11.9,10.64
ORD-2026-004190,3,PROD-005,2,20.28,36.84
ORD-2026-004190,4,PROD-011,3,14.9,42.51
ORD-2026-004190,5,PROD-034,1,9.01,7.88
ORD-2026-004191,1,PROD-003,3,14.37,38.7
ORD-2026-004192,1,PROD-004,1,20.28,19.26
ORD-2026-004192,2,PROD-035,1,10.14,9.4
ORD-2026-004192,3,PROD-013,1,11.9,10.75
ORD-2026-004192,4,PROD-006,1,32.39,30.05
ORD-2026-004193,1,PROD-014,2,9.9,15.13
ORD-2026-004193,2,PROD-004,1,20.28,19.25
ORD-2026-004194,1,PROD-028,1,17.18,16.86
ORD-2026-004195,1,PROD-002,1,11.9,11.21
ORD-2026-004196,1,PROD-012,1,18.5,17.62
ORD-2026-004196,2,PROD-030,2,49.3,93.97
ORD-2026-004196,3,PROD-008,2,9.9,19.56
ORD-2026-004196,4,PROD-013,1,11.9,11.72
ORD-2026-004197,1,PROD-040,1,15.21,9.71
ORD-2026-004197,2,PROD-041,1,11.83,7.87
ORD-2026-004197,3,PROD-032,2,19.72,28.43
ORD-2026-004198,1,PROD-003,3,14.37,39.86
ORD-2026-004199,1,PROD-022,1,9.01,8.86
ORD-2026-004199,2,PROD-003,1,14.37,14.23
ORD-2026-004199,3,PROD-060,1,42.25,41.09
ORD-2026-004200,1,PROD-032,3,19.72,57.29
ORD-2026-004201,1,PROD-004,1,20.28,9.13
ORD-2026-004202,1,PROD-002,2,11.9,
ORD-2026-004202,2,PROD-007,1,17.18,16.44
ORD-2026-004202,3,PROD-006,2,32.39,59.08
ORD-2026-004203,1,PROD-024,1,8.73,6.5
ORD-2026-004204,1,PROD-034,2,9.01,17.69
ORD-2026-004204,2,PROD-027,1,21.13,20.66
ORD-2026-004205,1,PROD-022,1,9.01,5.92
ORD-2026-004206,1,PROD-032,1,19.72,18.05
ORD-2026-004206,2,PROD-004,1,20.28,17.96
ORD-2026-004206,3,PROD-001,3,12.9,38.16
ORD-2026-004206,4,PROD-011,1,14.9,14.6
ORD-2026-004207,1,PROD-003,1,14.37,12.35
ORD-2026-004208,1,PROD-005,1,20.28,19.41
ORD-2026-004208,2,PROD-039,1,8.17,6.84
ORD-2026-004209,1,PROD-010,1,38.03,36.26
ORD-2026-004209,2,PROD-020,1,10.14,8.47
ORD-2026-004209,3,PROD-019,2,29.58,51.0
ORD-2026-004209,4,PROD-051,2,36.06,51.62
ORD-2026-004209,5,PROD-002,1,11.9,10.43
ORD-2026-004210,1,PROD-002,3,11.9,35.31
ORD-2026-004210,2,PROD-003,1,14.37,14.06
ORD-2026-004211,1,PROD-040,3,15.21,42.22
ORD-2026-004212,1,PROD-053,1,53.52,52.8
ORD-2026-004212,2,PROD-025,1,21.97,21.51
ORD-2026-004213,1,PROD-008,1,9.9,9.55
ORD-2026-004214,1,PROD-005,2,20.28,40.15
ORD-2026-004215,1,PROD-002,2,11.9,23.21
ORD-2026-004216,1,PROD-007,2,17.18,32.81
ORD-2026-004217,1,PROD-027,2,21.13,41.56
ORD-2026-004218,1,PROD-013,1,11.9,11.68
ORD-2026-004218,2,PROD-036,1,11.55,11.09
ORD-2026-004218,3,PROD-034,1,9.01,8.74
ORD-2026-004219,1,PROD-003,1,14.37,13.98
ORD-2026-004219,2,PROD-035,2,10.14,19.55
ORD-2026-004220,1,PROD-003,1,14.37,12.71
ORD-2026-004221,1,PROD-036,1,11.55,10.14
ORD-2026-004221,2,PROD-020,1,10.14,9.94
ORD-2026-004221,3,PROD-004,1,20.28,15.56
ORD-2026-004222,1,PROD-032,2,19.72,31.61
ORD-2026-004223,1,PROD-041,1,11.83,10.55
ORD-2026-004223,2,PROD-002,1,11.9,11.09
ORD-2026-004223,3,PROD-004,1,20.28,15.82
ORD-2026-004223,4,PROD-010,1,38.03,37.38
ORD-2026-004223,5,PROD-016,1,8.9,8.47
ORD-2026-004224,1,PROD-004,1,20.28,19.15
ORD-2026-004225,1,PROD-006,1,32.39,29.54
ORD-2026-004226,1,PROD-010,2,38.03,59.57
ORD-2026-004227,1,PROD-003,2,14.37,23.96
ORD-2026-004227,2,PROD-035,2,10.14,17.32
ORD-2026-004227,3,PROD-024,2,8.73,16.4
ORD-2026-004228,1,PROD-032,1,19.72,18.3
ORD-2026-004228,2,PROD-029,1,24.79,22.87
ORD-2026-004229,1,PROD-040,1,15.21,12.39
ORD-2026-004230,1,PROD-002,1,11.9,11.2
ORD-2026-004231,1,PROD-036,4,11.55,35.62
ORD-2026-004232,1,PROD-005,1,20.28,20.03
ORD-2026-004232,2,PROD-007,1,17.18,16.86
ORD-2026-004233,1,PROD-027,1,21.13,16.55
ORD-2026-004233,2,PROD-033,4,52.11,192.49
ORD-2026-004233,3,PROD-002,1,11.9,10.28
ORD-2026-004233,4,PROD-008,1,9.9,8.31
ORD-2026-004234,1,PROD-004,1,20.28,16.68
ORD-2026-004235,1,PROD-037,2,9.86,15.02
ORD-2026-004235,2,PROD-027,1,21.13,18.01
ORD-2026-004236,1,PROD-006,1,32.39,29.24
ORD-2026-004236,2,PROD-035,2,10.14,19.79
ORD-2026-004237,1,PROD-006,1,32.39,29.15
ORD-2026-004238,1,PROD-007,1,17.18,14.52
ORD-2026-004238,2,PROD-001,3,12.9,31.47
ORD-2026-004238,3,PROD-037,4,9.86,28.67
ORD-2026-004239,1,PROD-005,1,20.28,19.74
ORD-2026-004240,1,PROD-006,1,32.39,30.03
ORD-2026-004241,1,PROD-001,2,12.9,21.75
ORD-2026-004242,1,PROD-033,2,52.11,101.19
ORD-2026-004242,2,PROD-041,3,11.83,34.53
ORD-2026-004242,3,PROD-006,3,32.39,91.36
ORD-2026-004243,1,PROD-004,1,20.28,20.03
ORD-2026-004244,1,PROD-010,1,38.03,36.9
ORD-2026-004245,1,PROD-007,2,17.18,32.95
ORD-2026-004245,2,PROD-011,2,14.9,26.83
ORD-2026-004245,3,PROD-053,1,53.52,49.16
ORD-2026-004245,4,PROD-045,1,72.68,67.86
ORD-2026-004246,1,PROD-044,1,40.85,29.99
ORD-2026-004246,2,PROD-001,1,12.9,10.64
ORD-2026-004247,1,PROD-010,1,38.03,32.36
ORD-2026-004247,2,PROD-032,1,19.72,19.53
ORD-2026-004247,3,PROD-050,1,61.97,60.02
ORD-2026-004248,1,PROD-041,1,11.83,11.53
ORD-2026-004248,2,PROD-005,1,20.28,18.91
ORD-2026-004249,1,PROD-036,2,11.55,20.88
ORD-2026-004249,2,PROD-040,1,15.21,12.54
ORD-2026-004249,3,PROD-020,1,10.14,9.94
ORD-2026-004249,4,PROD-003,2,14.37,25.98
ORD-2026-004250,1,PROD-003,1,14.37,13.94
ORD-2026-004251,1,PROD-003,1,14.37,11.66
ORD-2026-004251,2,PROD-034,3,9.01,24.46
ORD-2026-004251,3,PROD-002,1,11.9,8.68
ORD-2026-004252,1,PROD-004,3,20.28,58.16
ORD-2026-004253,1,PROD-034,1,9.01,6.55
ORD-2026-004254,1,PROD-010,1,38.03,32.44
ORD-2026-004255,1,PROD-041,1,11.83,10.36
ORD-2026-004255,2,PROD-004,1,20.28,18.93
ORD-2026-004255,3,PROD-008,1,9.9,7.93
ORD-2026-004256,1,PROD-012,1,18.5,18.37
ORD-2026-004257,1, PROD-050 ,2,61.97,98.27
ORD-2026-004258,1,PROD-002,2,11.9,21.35
ORD-2026-004259,1,PROD-006,2,32.39,61.19
ORD-2026-004260,1,PROD-007,2,17.18,23.42
ORD-2026-004260,2,PROD-001,2,12.9,23.96
ORD-2026-004260,3,PROD-036,1,11.55,8.37
ORD-2026-004261,1,PROD-034,3,9.01,24.11
ORD-2026-004262,1,PROD-037,1,9.86,9.77
ORD-2026-004263,1,PROD-010,1,38.03,30.01
ORD-2026-004263,2,PROD-014,1,9.9,6.18
ORD-2026-004264,1,PROD-020,1,10.14,9.69
ORD-2026-004265,1,PROD-007,2,17.18,33.8
ORD-2026-004265,2,PROD-008,2,9.9,19.11
ORD-2026-004265,3,PROD-003,1,14.37,13.28
ORD-2026-004266,1,PROD-026,1,14.65,14.16
ORD-2026-004267,1,PROD-004,3,20.28,50.45
ORD-2026-004268,1,PROD-005,2,20.28,37.36
ORD-2026-004268,2,PROD-035,3,10.14,28.46
ORD-2026-004269,1,PROD-003,1,14.37,13.24
ORD-2026-004269,2,PROD-028,1,17.18,17.04
ORD-2026-004269,3,PROD-034,3,9.01,26.17
ORD-2026-004270,1,PROD-015,1,26.76,19.47
ORD-2026-004271,1,PROD-017,3,12.5,36.67
ORD-2026-004272,1,PROD-021,1,15.49,11.42
ORD-2026-004272,2,PROD-050,1,61.97,-44.53
ORD-2026-004273,1,PROD-007,2,17.18,31.31
ORD-2026-004274,1,PROD-001,2,12.9,18.53
ORD-2026-004275,1,PROD-004,1,20.28,19.78
ORD-2026-004276,1,PROD-035,3,10.14,24.48
ORD-2026-004277,1,PROD-005,1,20.28,20.1
ORD-2026-004278,1,PROD-040,3,15.21,36.03
ORD-2026-004279,1,PROD-003,2,14.37,26.88
ORD-2026-004279,2,PROD-004,1,20.28,19.19
ORD-2026-004280,1,PROD-024,1,8.73,8.42
ORD-2026-004281,1,PROD-028,2,17.18,32.53
ORD-2026-004281,2,PROD-022,1,9.01,8.83
ORD-2026-004282,1,PROD-004,1,20.28,19.77
ORD-2026-004282,2,PROD-007,2,17.18,34.04
ORD-2026-004282,3,PROD-032,1,19.72,18.27
ORD-2026-004283,1,PROD-006,2,32.39,58.57
ORD-2026-004283,2,PROD-004,3,20.28,38.83
ORD-2026-004284,1,PROD-035,1,10.14,8.21
ORD-2026-004285,1,PROD-010,1,38.03,36.01
ORD-2026-004286,1,PROD-005,1,20.28,18.15
ORD-2026-004287,1,PROD-005,1,20.28,19.41
ORD-2026-004287,2,PROD-039,1,8.17,8.02
ORD-2026-004288,1,PROD-026,1,14.65,-13.98
ORD-2026-004288,2,PROD-006,1,32.39,32.27
ORD-2026-004289,1,PROD-027,2,21.13,41.88
ORD-2026-004290,1,PROD-008,1,9.9,7.97
ORD-2026-004291,1,PROD-014,1,9.9,9.19
ORD-2026-004292,1,PROD-010,1,38.03,33.32
ORD-2026-004293,1,PROD-011,1,14.9,12.47
ORD-2026-004294,1,PROD-027,2,21.13,31.61
ORD-2026-004294,2,PROD-006,1,32.39,25.11
ORD-2026-004295,1,PROD-051,1,36.06,33.45
ORD-2026-004295,2,PROD-002,3,11.9,33.6
ORD-2026-004296,1,PROD-020,1,10.14,8.8
ORD-2026-004297,1,PROD-031,1,53.52,50.4
ORD-2026-004298,1,PROD-010,1,38.03,37.43
ORD-2026-004298,2,PROD-005,1,20.28,19.98
ORD-2026-004298,3,PROD-035,3,10.14,30.29
ORD-2026-004299,1,PROD-008,1,9.9,9.68
ORD-2026-004299,2,PROD-029,1,24.79,20.05
ORD-2026-004299,3,PROD-041,3,11.83,33.29
ORD-2026-004300,1,PROD-005,1,20.28,15.16
ORD-2026-004300,2,PROD-002,1,11.9,10.71
ORD-2026-004301,1,PROD-008,1,9.9,9.83
ORD-2026-004301,2,PROD-001,2,12.9,20.8
ORD-2026-004302,1,PROD-003,3,14.37,39.62
ORD-2026-004302,2,PROD-035,2,10.14,18.4
ORD-2026-004303,1,PROD-017,1,12.5,12.23
ORD-2026-004303,2,PROD-006,1,32.39,27.57
ORD-2026-004304,1,PROD-055,1,74.65,33.59
ORD-2026-004305,1,PROD-030,1,49.3,46.86
ORD-2026-004305,2,PROD-007,1,17.18,16.64
ORD-2026-004306,1,PROD-004,2,20.28,35.54
ORD-2026-004306,2,PROD-026,1,14.65,13.93
ORD-2026-004306,3,PROD-002,3,11.9,-29.28
ORD-2026-004306,4,PROD-036,1,11.55,10.89
ORD-2026-004307,1,PROD-007,2,17.18,30.35
ORD-2026-004308,1,PROD-048,1,55.77,49.18
ORD-2026-004309,1,PROD-019,2,29.58,50.86
ORD-2026-004309,2,PROD-048,1,55.77,48.88
ORD-2026-004309,3,PROD-050,1,61.97,39.81
ORD-2026-004310,1,PROD-001,3,12.9,34.06
ORD-2026-004310,2,PROD-006,1,32.39,30.28
ORD-2026-004311,1,PROD-029,1,24.79,22.52
ORD-2026-004311,2,PROD-020,1,10.14,9.75
ORD-2026-004311,3,PROD-003,2,14.37,25.66
ORD-2026-004312,1,PROD-004,1,20.28,20.21
ORD-2026-004313,1,PROD-013,1,11.9,8.91
ORD-2026-004314,1,PROD-037,1,9.86,5.47
ORD-2026-004314,2,PROD-035,1,10.14,8.75
ORD-2026-004315,1,PROD-006,2,32.39,59.15
ORD-2026-004316,1,PROD-003,1,14.37,12.62
ORD-2026-004317,1,PROD-025,2,21.97,43.07
ORD-2026-004318,1,PROD-004,2,20.28,38.46
ORD-2026-004319,1,PROD-026,2,14.65,26.55
ORD-2026-004320,1,PROD-004,2,20.28,36.55
ORD-2026-004320,2,PROD-002,2,11.9,21.15
ORD-2026-004320,3,PROD-008,2,9.9,18.32
ORD-2026-004321,1,PROD-035,3,10.14,21.35
ORD-2026-004322,1,PROD-048,1,55.77,41.45
ORD-2026-004322,2,PROD-006,1,32.39,27.35
ORD-2026-004323,1,PROD-006,2,32.39,49.87
ORD-2026-004323,2,PROD-001,2,12.9,22.52
ORD-2026-004324,1,PROD-001,1,12.9,10.11
ORD-2026-004324,2,PROD-002,2,11.9,18.48
ORD-2026-004324,3,PROD-045,1,72.68,60.82
ORD-2026-004325,1,PROD-023,2,7.89,13.62
ORD-2026-004325,2,PROD-005,1,20.28,18.29
ORD-2026-004325,3,PROD-002,2,11.9,23.3
ORD-2026-004326,1,PROD-038,3,7.89,17.16
ORD-2026-004327,1,PROD-002,1,11.9,11.48
ORD-2026-004327,2,PROD-001,1,12.9,12.48
ORD-2026-004328,1,PROD-034,1,9.01,8.45
ORD-2026-004328,2,PROD-032,1,19.72,16.79
ORD-2026-004329,1,PROD-037,1,9.86,8.58
ORD-2026-004330,1,PROD-041,2,11.83,22.37
ORD-2026-004331,1,PROD-008,1,9.9,7.3
ORD-2026-004332,1,PROD-044,1,40.85,36.23
ORD-2026-004333,1,PROD-035,2,10.14,19.01
ORD-2026-004334,1,PROD-037,2,9.86,19.33
ORD-2026-004335,1,PROD-041,2,11.83,23.26
ORD-2026-004336,1,PROD-029,2,24.79,45.86
ORD-2026-004337,1,PROD-003,1,14.37,13.78
ORD-2026-004337,2,PROD-024,1,8.73,8.24
ORD-2026-004337,3,PROD-006,1,32.39,31.53
ORD-2026-004338,1,PROD-023,1,7.89,7.35
ORD-2026-004339,1,PROD-007,1,17.18,16.84
ORD-2026-004339,2,PROD-037,1,9.86,9.38
ORD-2026-004340,1,PROD-005,1,20.28,18.34
ORD-2026-004341,1,PROD-006,1,32.39,31.94
ORD-2026-004342,1,PROD-007,1,17.18,17.04
ORD-2026-004343,1,PROD-022,1,9.01,8.81
ORD-2026-004344,1,PROD-008,1,9.9,8.62
ORD-2026-004345,1,PROD-035,1,10.14,7.74
ORD-2026-004345,2,PROD-005,1,20.28,15.31
ORD-2026-004345,3,PROD-037,1,9.86,4.44
ORD-2026-004346,1,PROD-019,1,29.58,21.29
ORD-2026-004347,1,PROD-037,4,9.86,36.58
ORD-2026-004348,1,PROD-013,1,11.9,11.61
ORD-2026-004349,1,PROD-006,1,32.39,29.96
ORD-2026-004349,2,PROD-012,1,18.5,17.77
ORD-2026-004350,1,PROD-001,1,12.9,12.01
ORD-2026-004350,2,PROD-051,1,36.06,32.63
ORD-2026-004351,1,PROD-005,1,20.28,19.13
ORD-2026-004352,1,PROD-001,1,12.9,10.74
ORD-2026-004352,2,PROD-019,3,29.58,84.45
ORD-2026-004353,1,PROD-041,1,11.83,11.18
ORD-2026-004354,1,PROD-001,1,12.9,10.97
ORD-2026-004355,1,PROD-010,1,38.03,37.65
ORD-2026-004355,2,PROD-005,1,20.28,20.11
ORD-2026-004355,3,PROD-006,1,32.39,31.23
ORD-2026-004356,1,PROD-006,2,32.39,40.27
ORD-2026-004356,2,PROD-037,1,9.86,8.83
ORD-2026-004356,3,PROD-029,2,24.79,30.49
ORD-2026-004357,1,PROD-004,1,20.28,15.92
ORD-2026-004357,2,PROD-035,1,10.14,9.63
ORD-2026-004358,1,PROD-023,2,7.89,15.41
ORD-2026-004359,1,PROD-013,1,11.9,11.27
ORD-2026-004360,1,PROD-003,1,14.37,12.85
ORD-2026-004361,1,PROD-008,2,9.9,18.5
ORD-2026-004362,1,PROD-014,1,9.9,9.55
ORD-2026-004362,2,PROD-017,2,12.5,22.03
ORD-2026-004362,3,PROD-005,1,20.28,17.39
ORD-2026-004363,1,PROD-030,1,49.3,48.61
ORD-2026-004364,1,PROD-029,1,24.79,24.56
ORD-2026-004365,1,PROD-004,1,20.28,14.62
ORD-2026-004365,2,PROD-021,1,15.49,14.6
ORD-2026-004365,3,PROD-003,1,14.37,12.91
ORD-2026-004365,4,PROD-054,1,59.15,47.95
ORD-2026-004365,5,PROD-017,1,12.5,9.88
ORD-2026-004366,1,PROD-045,1,72.68,65.19
ORD-2026-004366,2,PROD-022,1,9.01,5.73
ORD-2026-004367,1,PROD-005,1,20.28,20.07
ORD-2026-004368,1,PROD-006,2,32.39,63.1
ORD-2026-004369,1,PROD-001,1,12.9,9.96
ORD-2026-004369,2,PROD-013,1,11.9,10.0
ORD-2026-004370,1,PROD-034,1,9.01,6.47
ORD-2026-004371,1,PROD-028,1,17.18,15.65
ORD-2026-004372,1,PROD-034,1,9.01,7.9
ORD-2026-004373,1,PROD-001,2,12.9,22.77
ORD-2026-004374,1,PROD-017,1,12.5,10.34
ORD-2026-004374,2,PROD-039,1,8.17,6.78
ORD-2026-004375,1,PROD-032,2,19.72,38.69
ORD-2026-004375,2,PROD-006,1,32.39,30.92
ORD-2026-004376,1,PROD-022,2,9.01,17.85
ORD-2026-004377,1,PROD-004,1,20.28,18.67
ORD-2026-004377,2,PROD-034,4,9.01,31.59
ORD-2026-004378,1,PROD-004,1,20.28,19.16
ORD-2026-004379,1,PROD-027,2,21.13,33.66
ORD-2026-004380,1,PROD-004,1,20.28,16.01
ORD-2026-004381,1,PROD-032,1,19.72,14.5
ORD-2026-004381,2,PROD-019,1,29.58,27.31
ORD-2026-004382,1,PROD-002,1,11.9,11.62
ORD-2026-004383,1,PROD-045,1,72.68,60.79
ORD-2026-004383,2,PROD-005,1,20.28,15.75
ORD-2026-004384,1,PROD-001,1,12.9,12.8
ORD-2026-004385,1,PROD-047,1,108.45,103.27
ORD-2026-004386,1, PROD-040 ,2,15.21,30.09
ORD-2026-004387,1,PROD-017,1,12.5,11.8
ORD-2026-004387,2,PROD-038,2,7.89,14.69
ORD-2026-004387,3,PROD-008,1,9.9,9.55
ORD-2026-004387,4,PROD-053,1,53.52,-48.09
ORD-2026-004388,1,PROD-010,2,38.03,74.2
ORD-2026-004388,2,PROD-019,1,29.58,29.23
ORD-2026-004389,1,PROD-015,1,26.76,26.22
ORD-2026-004389,2,PROD-013,1,11.9,9.66
ORD-2026-004390,1,PROD-038,1,7.89,7.27
ORD-2026-004390,2,PROD-003,1,14.37,0.0
ORD-2026-004390,3,PROD-039,2,8.17,15.46
ORD-2026-004391,1,PROD-015,2,26.76,49.17
ORD-2026-004391,2,PROD-041,2,11.83,21.49
ORD-2026-004392,1,PROD-024,1,8.73,8.59
ORD-2026-004393,1,PROD-004,3,20.28,47.81
ORD-2026-004394,1,PROD-005,1,20.28,19.88
ORD-2026-004394,2,PROD-040,1,15.21,14.4
ORD-2026-004395,1,PROD-010,1,38.03,36.29
ORD-2026-004396,1,PROD-006,1,32.39,19.35
ORD-2026-004397,1,PROD-001,3,12.9,35.47
ORD-2026-004398,1,PROD-016,3,8.9,22.88
ORD-2026-004399,1,PROD-001,1,12.9,12.33
ORD-2026-004399,2,PROD-032,3,19.72,56.77
ORD-2026-004400,1,PROD-039,3,8.17,23.22
ORD-2026-004401,1,PROD-004,1,20.28,18.0
ORD-2026-004401,2,PROD-038,1,7.89,7.02
ORD-2026-004402,1,PROD-017,3,12.5,32.7
ORD-2026-004402,2,PROD-027,1,21.13,17.85
ORD-2026-004402,3,PROD-036,2,11.55,21.52
ORD-2026-004403,1,PROD-005,1,20.28,18.15
ORD-2026-004404,1,PROD-035,1,10.14,9.66
ORD-2026-004404,2,PROD-002,1,11.9,11.44
ORD-2026-004404,3, PROD-038 ,1,7.89,7.78
ORD-2026-004405,1,PROD-004,1,20.28,13.82
ORD-2026-004405,2,PROD-022,1,9.01,6.86
ORD-2026-004405,3,PROD-027,1,21.13,16.28
ORD-2026-004406,1,PROD-001,1,12.9,12.6
ORD-2026-004406,2,PROD-011,1,14.9,13.47
ORD-2026-004406,3,PROD-012,2,18.5,36.47
ORD-2026-004406,4,PROD-034,3,9.01,26.58
ORD-2026-004406,5,PROD-037,2,9.86,19.47
ORD-2026-004407,1,PROD-050,1,61.97,59.27
ORD-2026-004407,2,PROD-003,1,14.37,13.63
ORD-2026-004408,1,PROD-008,1,9.9,8.76
ORD-2026-004409,1,PROD-041,1,11.83,10.33
ORD-2026-004410,1,PROD-003,1,14.37,11.14
ORD-2026-004411,1,PROD-037,3,9.86,27.27
ORD-2026-004411,2,PROD-005,1,20.28,17.42
ORD-2026-004412,1,PROD-001,1,12.9,8.15
ORD-2026-004412,2,PROD-035,1,10.14,9.48
ORD-2026-004413,1,PROD-002,1,11.9,11.59
ORD-2026-004414,1,PROD-005,1,20.28,19.16
ORD-2026-004415,1,PROD-002,1,11.9,9.62
ORD-2026-004416,1,PROD-002,1,11.9,10.0
ORD-2026-004417,1,PROD-027,1,21.13,19.33
ORD-2026-004418,1,PROD-037,3,9.86,27.66
ORD-2026-004419,1,PROD-027,1,21.13,15.19
ORD-2026-004419,2,PROD-003,2,14.37,25.36
ORD-2026-004420,1,PROD-005,1,20.28,18.42
ORD-2026-004421,1,PROD-006,2,32.39,64.09
ORD-2026-004422,1,PROD-005,1,20.28,19.28
ORD-2026-004422,2,PROD-002,3,11.9,30.86
ORD-2026-004422,3,PROD-034,2,9.01,16.95
ORD-2026-004423,1,PROD-001,1,12.9,12.2
ORD-2026-004423,2,PROD-034,1,9.01,7.66
ORD-2026-004424,1,PROD-036,1,11.55,11.51
ORD-2026-004424,2,PROD-040,1,15.21,14.55
ORD-2026-004424,3,PROD-006,2,32.39,55.99
ORD-2026-004425,1,PROD-007,1,17.18,16.64
ORD-2026-004426,1,PROD-015,2,26.76,49.66
ORD-2026-004426,2,PROD-037,1,9.86,8.37
ORD-2026-004426,3,PROD-026,1,14.65,13.73
ORD-2026-004427,1,PROD-036,3,11.55,30.63
ORD-2026-004428,1,PROD-006,3,32.39,91.83
ORD-2026-004428,2,PROD-004,1,20.28,19.46
ORD-2026-004429,1,PROD-026,1,14.65,14.07
ORD-2026-004430,1,PROD-013,2,11.9,21.06
ORD-2026-004430,2,PROD-032,2,19.72,33.57
ORD-2026-004430,3,PROD-006,1,32.39,30.93
ORD-2026-004431,1,PROD-001,2,12.9,21.87
ORD-2026-004432,1,PROD-039,3,8.17,23.86
ORD-2026-004432,2,PROD-015,1,26.76,24.34
ORD-2026-004433,1,PROD-025,1,21.97,19.04
ORD-2026-004434,1,PROD-006,2,32.39,48.11
ORD-2026-004435,1,PROD-041,3,11.83,28.22
ORD-2026-004435,2,PROD-021,1,15.49,14.9
ORD-2026-004435,3,PROD-016,1,8.9,8.52
ORD-2026-004436,1,PROD-029,1,24.79,23.68
ORD-2026-004436,2,PROD-032,4,19.72,75.93
ORD-2026-004437,1,PROD-034,4,9.01,32.57
ORD-2026-004438,1,PROD-002,2,11.9,22.9
ORD-2026-004439,1,PROD-027,1,21.13,20.66
ORD-2026-004440,1,PROD-026,2,14.65,28.54
ORD-2026-004440,2,PROD-054,1,59.15,56.42
ORD-2026-004441,1,PROD-003,1,14.37,13.97
ORD-2026-004441,2,PROD-006,1,32.39,31.53
ORD-2026-004441,3,PROD-005,1,20.28,18.22
ORD-2026-004442,1,PROD-004,3,20.28,59.17
ORD-2026-004442,2,PROD-013,1,11.9,11.63
ORD-2026-004443,1,PROD-004,1,20.28,18.78
ORD-2026-004443,2,PROD-006,1,32.39,29.51
ORD-2026-004444,1,PROD-039,1,8.17,7.72
ORD-2026-004444,2,PROD-025,2,21.97,43.21
ORD-2026-004444,3,PROD-036,1,11.55,11.46
ORD-2026-004445,1,PROD-028,2,17.18,19.22
ORD-2026-004445,2,PROD-001,1,12.9,6.8
ORD-2026-004445,3,PROD-020,2,10.14,17.72
ORD-2026-004446,1,PROD-003,2,14.37,26.5
ORD-2026-004446,2,PROD-010,1,38.03,36.82
ORD-2026-004447,1,PROD-041,2,11.83,21.99
ORD-2026-004448,1,PROD-058,1,39.44,33.99
ORD-2026-004449,1,PROD-010,2,38.03,73.1
ORD-2026-004449,2,PROD-041,1,11.83,11.42
ORD-2026-004450,1,PROD-037,1,9.86,9.63
ORD-2026-004450,2,PROD-032,1,19.72,14.08
ORD-2026-004451,1,PROD-007,1,17.18,15.82
ORD-2026-004451,2,PROD-029,1,24.79,23.71
ORD-2026-004452,1,PROD-039,1,8.17,6.66
ORD-2026-004452,2,PROD-001,3,12.9,37.68
ORD-2026-004452,3,PROD-010,1,38.03,30.38
ORD-2026-004453,1,PROD-023,1,7.89,5.19
ORD-2026-004453,2,PROD-052,1,46.48,20.92
ORD-2026-004454,1,PROD-008,1,9.9,7.31
ORD-2026-004454,2,PROD-023,2,7.89,14.87
ORD-2026-004454,3,PROD-041,1,11.83,10.6
ORD-2026-004455,1,PROD-015,1,26.76,26.06
ORD-2026-004456,1,PROD-006,2,32.39,62.63
ORD-2026-004456,2,PROD-007,1,17.18,16.71
ORD-2026-004456,3,PROD-041,1,11.83,10.57
ORD-2026-004456,4,PROD-040,1,15.21,13.42
ORD-2026-004457,1,PROD-042,1,73.24,66.22
ORD-2026-004457,2,PROD-023,1,7.89,7.09
ORD-2026-004458,1,PROD-044,1,40.85,33.01
ORD-2026-004459,1,PROD-001,2,12.9,24.96
ORD-2026-004460,1,PROD-034,1,9.01,6.12
ORD-2026-004460,2,PROD-041,1,11.83,10.43
ORD-2026-004461,1,PROD-020,2,10.14,10.01
ORD-2026-004461,2,PROD-044,1,40.85,28.74
ORD-2026-004461,3,PROD-041,1,11.83,9.26
ORD-2026-004462,1,PROD-047,1,108.45,98.14
ORD-2026-004463,1,PROD-037,1,9.86,8.62
ORD-2026-004464,1,PROD-004,1,20.28,20.01
ORD-2026-004465,1,PROD-041,1,11.83,10.64
ORD-2026-004465,2,PROD-040,2,15.21,25.33
ORD-2026-004465,3,PROD-003,2,14.37,26.45
ORD-2026-004466,1,PROD-001,1,12.9,10.79
ORD-2026-004467,1,PROD-010,3,38.03,107.22
ORD-2026-004467,2,PROD-006,1,32.39,32.25
ORD-2026-004467,3,PROD-042,2,73.24,142.79
ORD-2026-004468,1,PROD-022,1,9.01,8.67
ORD-2026-004469,1,PROD-004,2,20.28,33.98
ORD-2026-004470,1,PROD-020,2,10.14,15.3
ORD-2026-004471,1,PROD-001,1,12.9,11.85
ORD-2026-004472,1,PROD-019,1,29.58,28.43
ORD-2026-004472,2,PROD-016,2,8.9,15.65
ORD-2026-004473,1,PROD-010,1,38.03,36.48
ORD-2026-004474,1,PROD-042,1,73.24,71.04
ORD-2026-004475,1,PROD-036,3,11.55,32.4
ORD-2026-004476,1,PROD-006,1,32.39,26.52
ORD-2026-004477,1,PROD-002,1,11.9,11.34
ORD-2026-004477,2,PROD-041,1,11.83,11.1
ORD-2026-004477,3,PROD-035,3,10.14,30.29
ORD-2026-004477,4,PROD-034,4,9.01,35.82
ORD-2026-004478,1,PROD-005,1,20.28,19.61
ORD-2026-004478,2,PROD-006,2,32.39,64.35
ORD-2026-004479,1,PROD-036,2,11.55,20.61
ORD-2026-004480,1,PROD-006,1,32.39,31.2
ORD-2026-004481,1,PROD-008,1,9.9,8.48
ORD-2026-004481,2,PROD-010,1,38.03,36.06
ORD-2026-004481,3,PROD-040,1,15.21,14.7
ORD-2026-004481,4,PROD-017,1,12.5,11.62
ORD-2026-004481,5,PROD-004,2,20.28,39.01
ORD-2026-004482,1,PROD-015,1,26.76,26.2
ORD-2026-004482,2,PROD-055,1,74.65,72.59
ORD-2026-004482,3,PROD-001,2,12.9,25.63
ORD-2026-004483,1,PROD-042,1,73.24,66.08
ORD-2026-004484,1,PROD-036,1,11.55,11.03
ORD-2026-004484,2,PROD-006,1,32.39,30.04
ORD-2026-004485,1,PROD-037,2,9.86,17.96
ORD-2026-004485,2,PROD-041,2,11.83,19.94
ORD-2026-004485,3,PROD-005,2,20.28,36.06
ORD-2026-004486,1,PROD-053,1,53.52,39.94
ORD-2026-004487,1,PROD-022,1,9.01,8.56
ORD-2026-004488,1,PROD-001,1,12.9,12.78
ORD-2026-004489,1,PROD-025,1,21.97,21.49
ORD-2026-004490,1,PROD-006,1,32.39,30.49
ORD-2026-004490,2,PROD-023,1,7.89,7.62
ORD-2026-004490,3,PROD-027,1,21.13,20.24
ORD-2026-004491,1,PROD-003,1,14.37,11.66
ORD-2026-004492,1,PROD-010,1,38.03,34.3
ORD-2026-004493,1,PROD-041,2,11.83,23.37
ORD-2026-004493,2,PROD-007,2,17.18,32.45
ORD-2026-004494,1,PROD-006,1,32.39,29.26
ORD-2026-004495,1,PROD-014,2,9.9,17.82
ORD-2026-004496,1,PROD-005,1,20.28,17.1
ORD-2026-004496,2,PROD-027,2,21.13,38.5
ORD-2026-004497,1,PROD-039,1,8.17,8.0
ORD-2026-004497,2,PROD-004,1,20.28,20.22
ORD-2026-004498,1,PROD-006,1,32.39,29.42
ORD-2026-004499,1,PROD-010,2,38.03,64.84
ORD-2026-004500,1,PROD-034,2,9.01,17.08
ORD-2026-004501,1,PROD-006,3,32.39,95.39
ORD-2026-004502,1,PROD-016,2,8.9,-15.38
ORD-2026-004503,1,PROD-039,2,8.17,16.07
ORD-2026-004504,1,PROD-002,2,11.9,22.29
ORD-2026-004504,2,PROD-006,1,32.39,29.83
ORD-2026-004504,3,PROD-041,2,11.83,20.68
ORD-2026-004505,1,PROD-022,1,9.01,8.77
ORD-2026-004506,1,PROD-001,2,12.9,16.13
ORD-2026-004507,1,PROD-001,2,12.9,22.88
ORD-2026-004507,2,PROD-031,2,53.52,99.28
ORD-2026-004507,3,PROD-005,2,20.28,36.75
ORD-2026-004508,1,PROD-029,1,24.79,21.53
ORD-2026-004509,1,PROD-002,1,11.9,11.8
ORD-2026-004509,2,PROD-011,1,14.9,13.95
ORD-2026-004510,1,PROD-026,1,14.65,14.05
ORD-2026-004511,1,PROD-001,1,12.9,11.78
ORD-2026-004512,1,PROD-007,2,17.18,32.37
ORD-2026-004512,2,PROD-034,4,9.01,34.38
ORD-2026-004513,1,PROD-001,1,12.9,12.41
ORD-2026-004514,1,PROD-002,1,11.9,11.85
ORD-2026-004514,2,PROD-036,1,11.55,9.92
ORD-2026-004515,1,PROD-001,1,12.9,9.92
ORD-2026-004516,1,PROD-004,2,20.28,40.37
ORD-2026-004516,2,PROD-007,1,17.18,17.11
ORD-2026-004517,1,PROD-002,3,11.9,30.42
ORD-2026-004518,1,PROD-008,1,9.9,8.71
ORD-2026-004519,1,PROD-034,3,9.01,25.01
ORD-2026-004520,1,PROD-030,1,49.3,46.79
ORD-2026-004521,1,PROD-036,1,11.55,11.43
ORD-2026-004522,1,PROD-001,1,12.9,10.95
ORD-2026-004522,2,PROD-007,1,17.18,16.17
ORD-2026-004523,1,PROD-020,1,10.14,9.02
ORD-2026-004524,1,PROD-001,3,12.9,37.85
ORD-2026-004525,1,PROD-003,3,14.37,41.08
ORD-2026-004525,2,PROD-004,2,20.28,32.75
ORD-2026-004525,3,PROD-041,3,11.83,33.27
ORD-2026-004526,1,PROD-012,1,18.5,17.86
ORD-2026-004526,2,PROD-050,1,61.97,54.14
ORD-2026-004526,3,PROD-006,2,32.39,60.78
ORD-2026-004527,1,PROD-027,1,21.13,19.71
ORD-2026-004528,1,PROD-041,3,11.83,29.1
ORD-2026-004529,1,PROD-004,2,20.28,38.15
ORD-2026-004530,1,PROD-034,2,9.01,17.4
ORD-2026-004531,1,PROD-053,1,53.52,44.41
ORD-2026-004531,2,PROD-006,1,32.39,30.58
ORD-2026-004532,1,PROD-028,1,17.18,16.73
ORD-2026-004533,1,PROD-007,2,17.18,28.98
ORD-2026-004534,1,PROD-027,1,21.13,15.59
ORD-2026-004535,1,PROD-006,3,32.39,84.66
ORD-2026-004536,1,PROD-039,1,8.17,6.24
ORD-2026-004536,2,PROD-036,2,11.55,20.15
ORD-2026-004536,3,PROD-034,1,9.01,7.9
ORD-2026-004536,4,PROD-042,1,73.24,70.58
ORD-2026-004537,1,PROD-004,1,20.28,19.51
ORD-2026-004537,2,PROD-034,1,9.01,6.79
ORD-2026-004537,3,PROD-001,1,12.9,11.95
ORD-2026-004538,1,PROD-001,2,12.9,22.82
ORD-2026-004538,2,PROD-007,2,17.18,30.86
ORD-2026-004539,1,PROD-048,1,55.77,46.95
ORD-2026-004540,1,PROD-003,1,14.37,13.67
ORD-2026-004541,1,PROD-008,2,9.9,19.55
ORD-2026-004542,1,PROD-051,1,36.06,33.71
ORD-2026-004542,2,PROD-005,2,20.28,38.78
ORD-2026-004543,1,PROD-044,1,40.85,38.31
ORD-2026-004544,1,PROD-022,1,9.01,8.09
ORD-2026-004544,2,PROD-037,3,9.86,20.99
ORD-2026-004545,1,PROD-004,1,20.28,19.99
ORD-2026-004545,2,PROD-001,2,12.9,24.99
ORD-2026-004545,3,PROD-010,2,38.03,75.0
ORD-2026-004546,1,PROD-005,2,20.28,34.95
ORD-2026-004546,2,PROD-042,2,73.24,136.14
ORD-2026-004546,3,PROD-041,1,11.83,10.62
ORD-2026-004547,1,PROD-004,2,20.28,39.23
ORD-2026-004548,1,PROD-035,1,10.14,10.08
ORD-2026-004548,2,PROD-037,1,9.86,9.12
ORD-2026-004549,1,PROD-001,1,12.9,12.51
ORD-2026-004549,2,PROD-003,1,14.37,13.51
ORD-2026-004550,1,PROD-001,1,12.9,12.69
ORD-2026-004551,1,PROD-035,1,10.14,5.55
ORD-2026-004551,2,PROD-051,1,36.06,28.49
ORD-2026-004551,3,PROD-028,2,17.18,21.84
ORD-2026-004552,1,PROD-008,2,9.9,18.4
ORD-2026-004552,2,PROD-016,2,8.9,17.52
ORD-2026-004552,3,PROD-041,1,11.83,11.62
ORD-2026-004552,4,PROD-034,1,9.01,8.8
ORD-2026-004553,1,PROD-001,1,12.9,12.72
ORD-2026-004554,1,PROD-005,3,20.28,42.79
ORD-2026-004554,2,PROD-035,2,10.14,19.61
ORD-2026-004555,1,PROD-007,1,17.18,16.46
ORD-2026-004555,2,PROD-022,1,9.01,8.15
ORD-2026-004556,1,PROD-019,1,29.58,29.37
ORD-2026-004556,2,PROD-001,1,12.9,11.44
ORD-2026-004557,1,PROD-017,1,12.5,11.57
ORD-2026-004558,1,PROD-035,1,10.14,6.29
ORD-2026-004558,2,PROD-005,1,20.28,11.9
ORD-2026-004558,3,PROD-023,2,7.89,12.01
ORD-2026-004559,1,PROD-004,2,20.28,39.51
ORD-2026-004560,1,PROD-001,1,12.9,11.96
ORD-2026-004560,2,PROD-027,2,21.13,33.66
ORD-2026-004561,1,PROD-030,2,49.3,80.68
ORD-2026-004561,2,PROD-004,2,20.28,24.0
ORD-2026-004562,1,PROD-029,2,24.79,45.05
ORD-2026-004562,2,PROD-020,2,10.14,9.13
ORD-2026-004562,3,PROD-004,3,20.28,-44.81
ORD-2026-004563,1,PROD-007,1,17.18,16.44
ORD-2026-004564,1,PROD-021,1,15.49,13.92
ORD-2026-004565,1,PROD-005,3,20.28,54.79
ORD-2026-004565,2,PROD-041,3,11.83,34.37
ORD-2026-004566,1,PROD-003,1,14.37,13.3
ORD-2026-004567,1,PROD-033,2,52.11,101.69
ORD-2026-004567,2,PROD-055,1,74.65,71.74
ORD-2026-004568,1,PROD-001,1,12.9,12.32
ORD-2026-004568,2,PROD-032,2,19.72,38.49
ORD-2026-004568,3,PROD-002,1,11.9,11.06
ORD-2026-004569,1,PROD-015,1,26.76,25.99
ORD-2026-004570,1,PROD-003,2,14.37,20.79
ORD-2026-004570,2,PROD-020,2,10.14,15.72
ORD-2026-004570,3,PROD-010,1,38.03,37.39
ORD-2026-004571,1,PROD-007,2,17.18,30.61
ORD-2026-004572,1,PROD-019,3,29.58,79.16
ORD-2026-004573,1,PROD-036,2,11.55,22.64
ORD-2026-004574,1,PROD-058,1,39.44,36.98
ORD-2026-004575,1,PROD-021,1,15.49,15.3
ORD-2026-004576,1,PROD-005,2,20.28,40.04
ORD-2026-004577,1,PROD-004,2,20.28,36.37
ORD-2026-004578,1,PROD-013,1,11.9,11.24
ORD-2026-004579,1,PROD-003,1,14.37,14.28
ORD-2026-004579,2,PROD-004,2,20.28,37.74
ORD-2026-004579,3,PROD-002,1,11.9,11.34
ORD-2026-004580,1,PROD-053,1,53.52,46.51
ORD-2026-004581,1,PROD-016,1,8.9,8.74
ORD-2026-004581,2,PROD-013,2,11.9,21.57
ORD-2026-004582,1,PROD-017,1,12.5,10.45
ORD-2026-004583,1,PROD-027,1,21.13,20.6
ORD-2026-004584,1,PROD-005,2,20.28,39.42
ORD-2026-004585,1,PROD-026,1,14.65,10.4
ORD-2026-004586,1,PROD-046,1,259.15,197.91
ORD-2026-004587,1,PROD-040,1,15.21,15.14
ORD-2026-004587,2,PROD-005,2,20.28,37.92
ORD-2026-004588,1,PROD-003,1,14.37,13.6
ORD-2026-004589,1,PROD-011,3,14.9,40.23
ORD-2026-004590,1,PROD-008,3,9.9,27.55
ORD-2026-004591,1,PROD-028,2,17.18,28.07
ORD-2026-004592,1,PROD-006,1,32.39,28.3
ORD-2026-004593,1,PROD-030,1,49.3,45.5
ORD-2026-004594,1,PROD-021,1,15.49,9.05
ORD-2026-004595,1,PROD-035,2,10.14,17.33
ORD-2026-004596,1,PROD-026,1,14.65,13.19
ORD-2026-004596,2,PROD-035,1,10.14,8.86
ORD-2026-004596,3,PROD-004,2,20.28,38.42
ORD-2026-004597,1,PROD-005,2,20.28,36.76
ORD-2026-004597,2,PROD-008,1,9.9,9.38
ORD-2026-004597,3,PROD-041,4,11.83,44.03
ORD-2026-004598,1,PROD-041,1,11.83,11.6
ORD-2026-004599,1,PROD-041,3,11.83,26.89
ORD-2026-004600,1,PROD-005,1,20.28,19.98
ORD-2026-004600,2,PROD-002,1,11.9,11.27
ORD-2026-004601,1,PROD-025,1,21.97,21.18
ORD-2026-004601,2,PROD-032,4,19.72,77.22
ORD-2026-004602,1,PROD-016,1,8.9,8.82
ORD-2026-004603,1,PROD-011,2,14.9,29.16
ORD-2026-004603,2,PROD-041,1,11.83,11.1
ORD-2026-004604,1,PROD-003,1,14.37,13.66
ORD-2026-004605,1,PROD-004,1,20.28,19.92
ORD-2026-004606,1,PROD-041,1,11.83,10.73
ORD-2026-004607,1,PROD-001,2,12.9,23.35
ORD-2026-004607,2,PROD-007,2,17.18,26.77
ORD-2026-004607,3,PROD-010,1,38.03,-28.78
ORD-2026-004608,1,PROD-042,2,73.24,137.65
ORD-2026-004609,1,PROD-048,1,55.77,39.16
ORD-2026-004609,2,PROD-007,2,17.18,30.65
ORD-2026-004610,1,PROD-020,2,10.14,19.67
ORD-2026-004611,1,PROD-027,1,21.13,20.78
ORD-2026-004611,2,PROD-030,1,49.3,40.28
ORD-2026-004612,1,PROD-004,2,20.28,32.61
ORD-2026-004613,1,PROD-002,1,11.9,11.5
ORD-2026-004613,2,PROD-041,1,11.83,11.71
ORD-2026-004614,1,PROD-021,1,15.49,6.97
ORD-2026-004615,1,PROD-007,1,17.18,16.19
ORD-2026-004616,1,PROD-020,2,10.14,17.13
ORD-2026-004617,1,PROD-039,1,8.17,7.9
ORD-2026-004618,1,PROD-050,1,61.97,59.14
ORD-2026-004618,2,PROD-034,3,9.01,24.11
ORD-2026-004619,1,PROD-010,2,38.03,74.34
ORD-2026-004620,1,PROD-001,1,12.9,
ORD-2026-004621,1,PROD-008,1,9.9,9.74
ORD-2026-004621,2,PROD-003,1,14.37,11.95
ORD-2026-004621,3,PROD-002,1,11.9,10.08
ORD-2026-004622,1,PROD-004,2,20.28,38.37
ORD-2026-004623,1,PROD-005,2,20.28,33.67
ORD-2026-004624,1,PROD-014,1,9.9,9.22
ORD-2026-004625,1,PROD-041,1,11.83,11.39
ORD-2026-004626,1,PROD-033,2,52.11,101.35
ORD-2026-004626,2,PROD-007,1,17.18,16.39
ORD-2026-004626,3,PROD-001,1,12.9,11.85
ORD-2026-004627,1,PROD-004,1,20.28,19.17
ORD-2026-004628,1,PROD-001,2,12.9,25.26
ORD-2026-004628,2,PROD-041,1,11.83,11.31
ORD-2026-004629,1,PROD-005,1,20.28,15.26
ORD-2026-004630,1,PROD-002,1,11.9,11.43
ORD-2026-004631,1,PROD-005,1,20.28,17.72
ORD-2026-004631,2,PROD-034,3,9.01,25.81
ORD-2026-004631,3,PROD-001,1,12.9,10.71
ORD-2026-004632,1,PROD-007,2,17.18,20.96
ORD-2026-004633,1,PROD-041,1,11.83,10.39
ORD-2026-004634,1,PROD-006,1,32.39,28.04
ORD-2026-004634,2,PROD-038,1,7.89,5.3
ORD-2026-004634,3,PROD-041,1,11.83,5.32
ORD-2026-004635,1,PROD-006,1,32.39,30.22
ORD-2026-004635,2,PROD-002,1,11.9,10.0
ORD-2026-004636,1,PROD-027,1,21.13,17.49
ORD-2026-004636,2,PROD-041,2,11.83,18.79
ORD-2026-004637,1,PROD-024,1,8.73,8.26
ORD-2026-004638,1,PROD-002,1,11.9,11.66
ORD-2026-004638,2,PROD-035,1,10.14,10.09
ORD-2026-004639,1,PROD-017,1,12.5,11.26
ORD-2026-004640,1,PROD-041,3,11.83,30.96
ORD-2026-004640,2,PROD-029,1,24.79,21.31
ORD-2026-004640,3,PROD-006,1,32.39,26.04
ORD-2026-004641,1,PROD-011,1,14.9,14.69
ORD-2026-004642,1,PROD-003,2,14.37,27.99
ORD-2026-004642,2,PROD-014,3,9.9,26.53
ORD-2026-004643,1,PROD-003,1,14.37,12.42
ORD-2026-004643,2,PROD-005,2,20.28,32.75
ORD-2026-004643,3,PROD-010,1,38.03,36.63
ORD-2026-004644,1,PROD-025,1,21.97,20.43
ORD-2026-004645,1,PROD-007,2,17.18,32.1
ORD-2026-004645,2,PROD-005,1,20.28,17.44
ORD-2026-004646,1,PROD-004,2,20.28,36.19
ORD-2026-004646,2,PROD-010,1,38.03,37.67
ORD-2026-004646,3,PROD-007,1,17.18,16.65
ORD-2026-004647,1,PROD-035,1,10.14,9.21
ORD-2026-004647,2,PROD-006,1,32.39,28.42
ORD-2026-004648,1,PROD-036,1,11.55,11.21
ORD-2026-004649,1,PROD-021,1,15.49,14.43
ORD-2026-004650,1,PROD-001,1,12.9,11.98
ORD-2026-004651,1,PROD-010,1,38.03,36.81
ORD-2026-004651,2,PROD-034,1,9.01,8.03
ORD-2026-004652,1,PROD-023,1,7.89,7.6
ORD-2026-004652,2,PROD-001,2,12.9,25.16
ORD-2026-004652,3,PROD-010,3,38.03,109.2
ORD-2026-004653,1,PROD-004,2,20.28,39.07
ORD-2026-004654,1,PROD-006,1,32.39,28.79
ORD-2026-004655,1,PROD-004,3,20.28,58.84
ORD-2026-004655,2,PROD-033,1,52.11,50.62
ORD-2026-004655,3,PROD-041,2,11.83,22.25
ORD-2026-004656,1,PROD-038,1,7.89,5.66
ORD-2026-004656,2,PROD-035,3,10.14,18.08
ORD-2026-004656,3,PROD-042,3,73.24,141.92
ORD-2026-004657,1,PROD-026,2,14.65,25.68
ORD-2026-004658,1,PROD-005,1,20.28,19.7
ORD-2026-004658,2,PROD-006,3,32.39,95.33
ORD-2026-004658,3,PROD-010,3,38.03,98.23
ORD-2026-004659,1,PROD-015,1,26.76,21.53
ORD-2026-004660,1,PROD-004,2,20.28,36.07
ORD-2026-004661,1,PROD-041,2,11.83,21.42
ORD-2026-004662,1,PROD-024,1,8.73,8.21
ORD-2026-004662,2,PROD-001,1,12.9,12.42
ORD-2026-004663,1,PROD-002,2,11.9,20.85
ORD-2026-004664,1,PROD-001,1,12.9,11.77
ORD-2026-004665,1,PROD-010,2,38.03,67.1
ORD-2026-004665,2,PROD-034,1,9.01,8.78
ORD-2026-004666,1,PROD-041,2,11.83,20.67
ORD-2026-004666,2,PROD-040,4,15.21,56.15
ORD-2026-004667,1,PROD-004,1,20.28,19.59
ORD-2026-004668,1,PROD-001,1,12.9,11.12
ORD-2026-004669,1,PROD-031,1,53.52,34.1
ORD-2026-004669,2,PROD-007,2,17.18,30.46
ORD-2026-004670,1,PROD-032,1,19.72,17.05
ORD-2026-004670,2,PROD-008,2,9.9,15.64
ORD-2026-004670,3,PROD-005,1,20.28,18.16
ORD-2026-004671,1,PROD-020,1,10.14,7.91
ORD-2026-004671,2,PROD-010,2,38.03,66.82
ORD-2026-004672,1,PROD-005,2,20.28,37.95
ORD-2026-004672,2,PROD-040,2,15.21,30.08
ORD-2026-004673,1,PROD-004,2,20.28,38.65
ORD-2026-004673,2,PROD-034,4,9.01,34.49
ORD-2026-004674,1,PROD-004,1,20.28,19.07
ORD-2026-004675,1,PROD-005,1,20.28,16.4
ORD-2026-004675,2,PROD-034,2,9.01,17.16
ORD-2026-004676,1,PROD-023,1,7.89,7.78
ORD-2026-004677,1,PROD-038,2,7.89,14.36
ORD-2026-004678,1,PROD-052,1,46.48,43.13
ORD-2026-004678,2,PROD-002,2,11.9,21.47
ORD-2026-004679,1,PROD-032,2,19.72,36.06
ORD-2026-004679,2,PROD-051,1,36.06,33.11
ORD-2026-004679,3,PROD-008,1,9.9,9.41
ORD-2026-004679,4,PROD-001,1,12.9,11.98
ORD-2026-004679,5,PROD-020,2,10.14,17.14
ORD-2026-004680,1,PROD-001,1,12.9,11.16
ORD-2026-004681,1,PROD-004,3,20.28,48.6
ORD-2026-004681,2,PROD-036,3,11.55,32.41
ORD-2026-004682,1,PROD-039,2,8.17,14.99
ORD-2026-004682,2,PROD-004,1,20.28,20.13
ORD-2026-004682,3,PROD-002,1,11.9,11.11
ORD-2026-004683,1,PROD-042,1,73.24,60.06
ORD-2026-004683,2,PROD-026,1,14.65,10.84
ORD-2026-004684,1,PROD-004,1,20.28,19.34
ORD-2026-004685,1,PROD-002,1,11.9,11.09
ORD-2026-004686,1,PROD-004,3,20.28,-60.05
ORD-2026-004687,1,PROD-001,1,12.9,11.24
ORD-2026-004687,2,PROD-034,3,9.01,22.28
ORD-2026-004688,1,PROD-004,1,20.28,19.2
ORD-2026-004689,1,PROD-007,2,17.18,27.98
ORD-2026-004690,1,PROD-023,2,7.89,14.47
ORD-2026-004690,2,PROD-005,1,20.28,19.47
ORD-2026-004691,1,PROD-007,1,17.18,15.66
ORD-2026-004691,2,PROD-002,1,11.9,8.7
ORD-2026-004692,1,PROD-003,1,14.37,14.08
ORD-2026-004693,1,PROD-002,3,11.9,35.16
ORD-2026-004694,1,PROD-025,1,21.97,16.18
ORD-2026-004695,1,PROD-006,3,32.39,90.69
ORD-2026-004696,1,PROD-011,3,14.9,26.36
ORD-2026-004696,2,PROD-038,2,7.89,13.45
ORD-2026-004697,1,PROD-045,1,72.68,67.98
ORD-2026-004697,2,PROD-002,1,11.9,11.07
ORD-2026-004698,1,PROD-051,1,36.06,34.4
ORD-2026-004698,2,PROD-010,3,38.03,95.35
ORD-2026-004699,1,PROD-031,1,53.52,48.03
ORD-2026-004699,2,PROD-056,1,101.41,93.36
ORD-2026-004700,1,PROD-002,3,11.9,29.02
ORD-2026-004701,1,PROD-040,1,15.21,14.39
ORD-2026-004702,1,PROD-002,1,11.9,6.52
ORD-2026-004703,1,PROD-011,2,14.9,28.21
ORD-2026-004704,1,PROD-038,1,7.89,7.73
ORD-2026-004705,1,PROD-031,2,53.52,98.52
ORD-2026-004706,1,PROD-003,2,14.37,27.53
ORD-2026-004707,1,PROD-006,2,32.39,63.06
ORD-2026-004708,1,PROD-041,1,11.83,9.45
ORD-2026-004709,1,PROD-001,1,12.9,12.73
ORD-2026-004710,1,PROD-010,2,38.03,71.1
ORD-2026-004711,1,PROD-011,2,14.9,27.71
ORD-2026-004712,1,PROD-020,1,10.14,9.45
ORD-2026-004712,2,PROD-002,1,11.9,11.49
ORD-2026-004713,1,PROD-032,3,19.72,55.56
ORD-2026-004713,2,PROD-041,2,11.83,21.23
ORD-2026-004714,1,PROD-040,2,15.21,26.66
ORD-2026-004714,2,PROD-033,1,52.11,36.06
ORD-2026-004715,1,PROD-032,1,19.72,19.04
ORD-2026-004715,2,PROD-001,1,12.9,11.95
ORD-2026-004715,3,PROD-005,1,20.28,19.12
ORD-2026-004715,4,PROD-033,2,52.11,89.9
ORD-2026-004715,5,PROD-002,2,11.9,22.44
ORD-2026-004716,1,PROD-006,1,32.39,31.96
ORD-2026-004716,2,PROD-020,1,10.14,9.37
ORD-2026-004716,3,PROD-029,1,24.79,22.03
ORD-2026-004717,1,PROD-033,4,52.11,171.11
ORD-2026-004717,2,PROD-035,2,10.14,-16.36
ORD-2026-004718,1,PROD-023,2,7.89,14.5
ORD-2026-004719,1,PROD-007,1,17.18,14.32
ORD-2026-004719,2,PROD-005,2,20.28,37.58
ORD-2026-004719,3,PROD-041,1,11.83,11.48
ORD-2026-004720,1,PROD-035,3,10.14,24.89
ORD-2026-004721,1,PROD-006,1,32.39,27.04
ORD-2026-004721,2,PROD-005,3,20.28,58.2
ORD-2026-004722,1,PROD-008,2,9.9,16.33
ORD-2026-004723,1,PROD-037,3,9.86,26.15
ORD-2026-004723,2,PROD-044,1,40.85,35.47
ORD-2026-004723,3,PROD-002,1,11.9,10.05
ORD-2026-004723,4,PROD-004,2,20.28,37.46
ORD-2026-004724,1,PROD-003,1,14.37,14.14
ORD-2026-004724,2,PROD-034,2,9.01,17.31
ORD-2026-004725,1,PROD-027,1,21.13,18.56
ORD-2026-004725,2,PROD-039,2,8.17,14.67
ORD-2026-004725,3,PROD-017,1,12.5,10.89
ORD-2026-004726,1,PROD-022,1,9.01,8.29
ORD-2026-004727,1,PROD-004,1,20.28,17.54
ORD-2026-004727,2,PROD-022,2,9.01,17.06
ORD-2026-004728,1,PROD-008,1,9.9,9.07
ORD-2026-004728,2,PROD-034,2,9.01,17.86
ORD-2026-004728,3,PROD-001,1,12.9,10.74
ORD-2026-004729,1,PROD-001,2,12.9,24.27
ORD-2026-004730,1,PROD-005,1,20.28,15.16
ORD-2026-004730,2,PROD-020,1,10.14,8.77
ORD-2026-004731,1,PROD-038,1,7.89,7.35
ORD-2026-004731,2,PROD-041,1,11.83,11.32
ORD-2026-004731,3,PROD-001,1,12.9,11.85
ORD-2026-004732,1,PROD-016,2,8.9,12.45
ORD-2026-004732,2,PROD-052,1,46.48,43.47
ORD-2026-004732,3,PROD-004,1,20.28,14.26
ORD-2026-004733,1,PROD-060,1,42.25,40.63
ORD-2026-004733,2,PROD-001,2,12.9,-25.01
ORD-2026-004733,3,PROD-014,1,9.9,9.47
ORD-2026-004734,1,PROD-007,2,17.18,28.47
ORD-2026-004735,1,PROD-029,1,24.79,24.07
ORD-2026-004736,1,PROD-001,1,12.9,12.22
ORD-2026-004737,1,PROD-007,1,17.18,16.33
ORD-2026-004738,1,PROD-027,1,21.13,17.61
ORD-2026-004739,1,PROD-001,3,12.9,34.45
ORD-2026-004740,1,PROD-005,2,20.28,33.28
ORD-2026-004740,2,PROD-004,1,20.28,20.06
ORD-2026-004740,3,PROD-001,1,12.9,10.7
ORD-2026-004741,1,PROD-005,1,20.28,19.12
ORD-2026-004742,1,PROD-002,1,11.9,11.3
ORD-2026-004742,2,PROD-004,1,20.28,19.56
ORD-2026-004743,1,PROD-028,2,17.18,34.21
ORD-2026-004744,1,PROD-005,2,20.28,34.05
ORD-2026-004744,2,PROD-022,2,9.01,16.25
ORD-2026-004745,1,PROD-012,1,18.5,15.77
