OrderID,LineNumber,ProductID,Quantity,UnitPrice,LineNetAmount
ORD-2025-034666,1,PROD-041,1,11.83,9.64
ORD-2025-034667,1,PROD-011,1,14.9,6.7
ORD-2025-034667,2,PROD-017,1,12.5,5.62
ORD-2025-034668,1,PROD-002,1,11.9,7.82
ORD-2025-034668,2,PROD-022,2,9.01,15.81
ORD-2025-034669,1,PROD-023,1,7.89,7.77
ORD-2025-034670,1,PROD-035,1,10.14,7.95
ORD-2025-034670,2,PROD-010,2,38.03,65.85
ORD-2025-034671,1,PROD-035,4,10.14,34.31
ORD-2025-034672,1,PROD-034,3,9.01,25.26
ORD-2025-034672,2,PROD-031,1,53.52,38.17
ORD-2025-034673,1,PROD-001,3,12.9,25.38
ORD-2025-034674,1,PROD-014,1,9.9,9.84
ORD-2025-034675,1,PROD-008,2,9.9,18.33
ORD-2025-034676,1,PROD-022,1,9.01,8.45
ORD-2025-034676,2,PROD-004,1,20.28,9.13
ORD-2025-034677,1,PROD-005,2,20.28,34.39
ORD-2025-034677,2,PROD-012,1,18.5,15.71
ORD-2025-034678,1,PROD-056,1,101.41,60.59
ORD-2025-034679,1,PROD-001,2,12.9,19.65
ORD-2025-034680,1,PROD-006,1,32.39,30.25
ORD-2025-034680,2,PROD-002,2,11.9,20.46
ORD-2025-034681,1,PROD-037,3,9.86,20.85
ORD-2025-034682,1,PROD-026,1,14.65,12.68
ORD-2025-034683,1,PROD-002,2,11.9,22.48
ORD-2025-034684,1,PROD-012,1,18.5,18.29
ORD-2025-034685,1,PROD-006,2,32.39,63.8
ORD-2025-034685,2,PROD-007,1,17.18,15.17
ORD-2025-034685,3,PROD-034,2,9.01,14.52
ORD-2025-034686,1,PROD-037,1,9.86,6.8
ORD-2025-034686,2,PROD-023,1,7.89,3.94
ORD-2025-034687,1,PROD-003,2,14.37,26.11
ORD-2025-034688,1,PROD-032,1,19.72,9.02
ORD-2025-034689,1,PROD-006,1,32.39,25.63
ORD-2025-034690,1,PROD-053,1,53.52,24.08
ORD-2025-034691,1,PROD-004,2,20.28,32.35
ORD-2025-034692,1,PROD-039,1,8.17,8.1
ORD-2025-034692,2,PROD-021,1,15.49,14.67
ORD-2025-034693,1,PROD-036,1,11.55,9.94
ORD-2025-034693,2,PROD-004,2,20.28,37.9
ORD-2025-034694,1,PROD-002,1,11.9,11.72
ORD-2025-034695,1,PROD-003,1,14.37,12.96
ORD-2025-034695,2,PROD-005,2,20.28,37.33
ORD-2025-034695,3,PROD-007,2,17.18,32.72
ORD-2025-034696,1,PROD-006,1,32.39,26.03
ORD-2025-034697,1,PROD-006,3,32.39,87.08
ORD-2025-034698,1,PROD-026,1,14.65,12.04
ORD-2025-034698,2,PROD-023,1,7.89,4.49
ORD-2025-034699,1,PROD-007,2,17.18,33.6
ORD-2025-034700,1,PROD-002,1,11.9,11.14
ORD-2025-034700,2,PROD-038,1,7.89,7.67
ORD-2025-034701,1,PROD-001,1,12.9,11.96
ORD-2025-034702,1,PROD-047,1,108.45,54.8
ORD-2025-034702,2,PROD-001,1,12.9,8.08
ORD-2025-034703,1,PROD-016,3,8.9,18.49
ORD-2025-034703,2,PROD-053,1,53.52,24.08
ORD-2025-034704,1,PROD-033,3,52.11,154.16
ORD-2025-034705,1,PROD-010,1,38.03,35.22
ORD-2025-034706,1,PROD-031,1,53.52,43.32
ORD-2025-034706,2,PROD-006,2,32.39,48.65
ORD-2025-034706,3,PROD-051,2,36.06,60.63
ORD-2025-034707,1,PROD-002,1,11.9,10.49
ORD-2025-034707,2,PROD-049,1,80.28,70.51
ORD-2025-034707,3,PROD-060,1,42.25,40.6
ORD-2025-034708,1,PROD-044,1,40.85,35.08
ORD-2025-034709,1,PROD-024,2,8.73,16.86
ORD-2025-034710,1,PROD-005,1,20.28,16.07
ORD-2025-034710,2,PROD-052,1,46.48,42.49
ORD-2025-034710,3,PROD-007,2,17.18,30.5
ORD-2025-034711,1,PROD-002,1,11.9,10.76
ORD-2025-034712,1,PROD-005,2,20.28,30.99
ORD-2025-034713,1,PROD-003,1,14.37,12.41
ORD-2025-034713,2,PROD-024,1,8.73,8.3
ORD-2025-034714,1,PROD-028,1,17.18,13.87
ORD-2025-034714,2,PROD-032,1,19.72,17.33
ORD-2025-034715,1,PROD-010,2,38.03,59.6
ORD-2025-034716,1,PROD-053,1,53.52,50.95
ORD-2025-034716,2,PROD-014,1,9.9,8.0
ORD-2025-034717,1,PROD-020,1,10.14,6.94
ORD-2025-034718,1,PROD-023,1,7.89,6.91
ORD-2025-034719,1,PROD-003,1,14.37,14.2
ORD-2025-034720,1,PROD-055,1,74.65,65.91
ORD-2025-034720,2,PROD-006,1,32.39,26.82
ORD-2025-034720,3,PROD-048,1,55.77,46.31
ORD-2025-034721,1,PROD-028,1,17.18,7.73
ORD-2025-034722,1,PROD-003,1,14.37,13.97
ORD-2025-034723,1,PROD-006,1,32.39,28.78
ORD-2025-034724,1,PROD-002,1,11.9,10.38
ORD-2025-034724,2,PROD-034,2,9.01,10.83
ORD-2025-034725,1,PROD-054,1,59.15,28.53
ORD-2025-034726,1,PROD-027,1,21.13,18.51
ORD-2025-034727,1,PROD-021,1,15.49,8.8
ORD-2025-034727,2,PROD-019,1,29.58,13.31
ORD-2025-034728,1,PROD-001,1,12.9,9.38
ORD-2025-034729,1,PROD-020,2,10.14,19.78
ORD-2025-034730,1,PROD-055,1,74.65,61.12
ORD-2025-034731,1,PROD-016,1,8.9,6.55
ORD-2025-034731,2,PROD-029,2,24.79,29.91
ORD-2025-034732,1,PROD-041,1,11.83,9.83
ORD-2025-034733,1,PROD-006,3,32.39,89.56
ORD-2025-034734,1,PROD-019,1,29.58,-23.36
ORD-2025-034735,1,PROD-033,1,52.11,23.45
ORD-2025-034736,1,PROD-002,2,11.9,22.71
ORD-2025-034736,2,PROD-007,2,17.18,32.54
ORD-2025-034737,1,PROD-005,2,20.28,27.36
ORD-2025-034737,2,PROD-048,1,55.77,35.24
ORD-2025-034738,1,PROD-058,1,39.44,36.86
ORD-2025-034739,1,PROD-024,1,8.73,5.81
ORD-2025-034739,2,PROD-044,1,40.85,31.6
ORD-2025-034740,1,PROD-023,2,7.89,8.22
ORD-2025-034740,2,PROD-054,1,59.15,43.42
ORD-2025-034741,1,PROD-001,1,12.9,12.72
ORD-2025-034742,1,PROD-005,1,20.28,17.44
ORD-2025-034742,2,PROD-037,2,9.86,15.31
ORD-2025-034743,1,PROD-055,1,74.65,33.59
ORD-2025-034744,1,PROD-006,1,32.39,30.05
ORD-2025-034744,2,PROD-023,1,7.89,6.51
ORD-2025-034745,1,PROD-005,2,20.28,39.02
ORD-2025-034745,2,PROD-004,2,20.28,38.35
ORD-2025-034745,3,PROD-034,1,9.01,8.35
ORD-2025-034746,1,PROD-039,1,8.17,7.85
ORD-2025-034747,1,PROD-040,1,15.21,8.97
ORD-2025-034748,1,PROD-013,1,11.9,5.35
ORD-2025-034749,1,PROD-001,1,12.9,11.15
ORD-2025-034749,2,PROD-020,2,10.14,16.35
ORD-2025-034750,1,PROD-049,1,80.28,46.23
ORD-2025-034750,2,PROD-038,2,7.89,10.33
ORD-2025-034751,1,PROD-005,3,20.28,55.99
ORD-2025-034752,1,PROD-041,1,11.83,11.64
ORD-2025-034752,2,PROD-033,1,52.11,51.2
ORD-2025-034753,1,PROD-050,1,61.97,50.51
ORD-2025-034754,1,PROD-042,1,73.24,34.44
ORD-2025-034755,1,PROD-036,3,11.55,22.52
ORD-2025-034756,1,PROD-050,1,61.97,34.98
ORD-2025-034756,2,PROD-042,1,73.24,32.96
ORD-2025-034757,1,PROD-002,2,11.9,17.18
ORD-2025-034757,2,PROD-038,1,7.89,6.94
ORD-2025-034758,1,PROD-052,1,46.48,42.38
ORD-2025-034758,2,PROD-001,2,12.9,19.14
ORD-2025-034759,1,PROD-020,1,10.14,9.86
ORD-2025-034760,1,PROD-029,2,24.79,37.71
ORD-2025-034760,2,PROD-004,1,20.28,9.13
ORD-2025-034761,1,PROD-005,1,20.28,20.08
ORD-2025-034762,1,PROD-001,3,12.9,38.0
ORD-2025-034762,2,PROD-006,1,32.39,30.27
ORD-2025-034762,3,PROD-015,1,26.76,25.68
ORD-2025-034763,1,PROD-005,1,20.28,9.13
ORD-2025-034764,1,PROD-014,1,9.9,4.46
ORD-2025-034764,2,PROD-055,1,74.65,59.85
ORD-2025-034765,1,PROD-001,1,12.9,11.9
ORD-2025-034765,2,PROD-003,2,14.37,28.65
ORD-2025-034766,1,PROD-044,1,40.85,38.06
ORD-2025-034767,1,PROD-001,1,12.9,8.98
ORD-2025-034767,2,PROD-003,2,14.37,24.27
ORD-2025-034767,3,PROD-051,2,36.06,60.34
ORD-2025-034768,1,PROD-031,1,53.52,50.11
ORD-2025-034769,1,PROD-015,1,26.76,13.05
ORD-2025-034770,1,PROD-013,1,11.9,10.53
ORD-2025-034771,1,PROD-041,1,11.83,5.32
ORD-2025-034771,2,PROD-001,1,12.9,12.83
ORD-2025-034771,3,PROD-013,2,11.9,15.54
ORD-2025-034772,1,PROD-006,2,32.39,55.24
ORD-2025-034773,1,PROD-016,1,8.9,5.32
ORD-2025-034774,1,PROD-004,1,20.28,19.1
ORD-2025-034774,2,PROD-041,2,11.83,16.12
ORD-2025-034775,1,PROD-003,1,14.37,10.17
ORD-2025-034776,1,PROD-045,2,72.68,96.26
ORD-2025-034777,1,PROD-004,1,20.28,19.82
ORD-2025-034777,2,PROD-006,1,32.39,31.85
ORD-2025-034778,1,PROD-003,2,14.37,24.75
ORD-2025-034778,2,PROD-006,1,32.39,23.98
ORD-2025-034779,1,PROD-003,1,14.37,14.01
ORD-2025-034779,2,PROD-007,2,17.18,32.73
ORD-2025-034780,1,PROD-006,3,32.39,87.35
ORD-2025-034780,2,PROD-036,1,11.55,10.05
ORD-2025-034781,1,PROD-022,1,9.01,7.61
ORD-2025-034781,2,PROD-041,2,11.83,15.76
ORD-2025-034781,3,PROD-026,2,14.65,21.86
ORD-2025-034782,1,PROD-003,1,14.37,13.95
ORD-2025-034783,1,PROD-035,3,10.14,15.13
ORD-2025-034784,1,PROD-003,1,14.37,11.73
ORD-2025-034785,1,PROD-004,2,20.28,33.42
ORD-2025-034786,1,PROD-036,2,11.55,20.9
ORD-2025-034787,1,PROD-005,3,20.28,59.29
ORD-2025-034787,2,PROD-011,1,14.9,14.16
ORD-2025-034787,3,PROD-007,1,17.18,16.41
ORD-2025-034788,1,PROD-054,1,59.15,52.9
ORD-2025-034789,1,PROD-031,1,53.52,47.04
ORD-2025-034789,2,PROD-005,1,20.28,17.32
ORD-2025-034789,3,PROD-038,1,7.89,5.3
ORD-2025-034789,4,PROD-050,1,61.97,52.09
ORD-2025-034789,5,PROD-001,1,12.9,12.29
ORD-2025-034790,1,PROD-027,1,21.13,18.38
ORD-2025-034790,2,PROD-006,2,32.39,39.11
ORD-2025-034790,3,PROD-021,1,15.49,11.02
ORD-2025-034791,1,PROD-031,1,53.52,47.07
ORD-2025-034792,1,PROD-035,2,10.14,13.45
ORD-2025-034793,1,PROD-023,1,7.89,7.62
ORD-2025-034794,1,PROD-035,2,10.14,17.67
ORD-2025-034795,1,PROD-024,1,8.73,6.08
ORD-2025-034796,1,PROD-046,1,259.15,129.42
ORD-2025-034796,2,PROD-006,1,32.39,20.3
ORD-2025-034797,1,PROD-051,1,36.06,34.99
ORD-2025-034797,2,PROD-005,1,20.28,19.06
ORD-2025-034798,1,PROD-003,2,14.37,21.59
ORD-2025-034798,2,PROD-015,1,26.76,18.55
ORD-2025-034798,3,PROD-020,1,10.14,8.85
ORD-2025-034799,1,PROD-025,1,21.97,18.52
ORD-2025-034799,2,PROD-002,1,11.9,10.72
ORD-2025-034799,3,PROD-029,1,24.79,21.31
ORD-2025-034800,1,PROD-041,1,11.83,5.54
ORD-2025-034801,1,PROD-007,1,17.18,15.96
ORD-2025-034802,1,PROD-004,1,20.28,18.49
ORD-2025-034803,1,PROD-016,1,8.9,7.72
ORD-2025-034804,1,PROD-002,2,11.9,13.83
ORD-2025-034804,2,PROD-039,1,8.17,5.43
ORD-2025-034804,3,PROD-035,1,10.14,9.51
ORD-2025-034805,1,PROD-033,1,52.11,39.35
ORD-2025-034805,2,PROD-034,1,9.01,7.39
ORD-2025-034805,3,PROD-003,3,14.37,39.76
ORD-2025-034806,1,PROD-028,1,17.18,14.71
ORD-2025-034807,1,PROD-015,1,26.76,12.04
ORD-2025-034808,1,PROD-027,1,21.13,17.51
ORD-2025-034809,1,PROD-022,1,9.01,8.99
ORD-2025-034809,2,PROD-042,1,73.24,65.59
ORD-2025-034810,1,PROD-029,1,24.79,20.09
ORD-2025-034811,1,PROD-054,1,59.15,26.9
ORD-2025-034812,1,PROD-048,1,55.77,51.62
ORD-2025-034813,1,PROD-023,1,7.89,7.01
ORD-2025-034813,2,PROD-040,2,15.21,20.98
ORD-2025-034814,1,PROD-050,1,61.97,53.75
ORD-2025-034815,1,PROD-014,2,9.9,14.24
ORD-2025-034816,1,PROD-016,1,8.9,6.37
ORD-2025-034817,1,PROD-007,2,17.18,24.01
ORD-2025-034818,1,PROD-011,1,14.9,13.32
ORD-2025-034818,2,PROD-058,1,39.44,30.76
ORD-2025-034819,1,PROD-004,1,20.28,18.16
ORD-2025-034820,1,PROD-002,1,11.9,11.13
ORD-2025-034821,1,PROD-024,1,8.73,8.55
ORD-2025-034821,2,PROD-035,1,10.14,8.85
ORD-2025-034821,3,PROD-007,2,17.18,32.76
ORD-2025-034822,1,PROD-027,1,21.13,13.98
ORD-2025-034823,1,PROD-038,1,7.89,7.38
ORD-2025-034823,2,PROD-001,1,12.9,11.94
ORD-2025-034824,1,PROD-020,1,10.14,9.07
ORD-2025-034825,1,PROD-041,1,11.83,11.5
ORD-2025-034826,1,PROD-001,1,12.9,11.05
ORD-2025-034827,1,PROD-006,1,32.39,29.05
ORD-2025-034828,1,PROD-001,1,12.9,12.15
ORD-2025-034828,2,PROD-037,1,9.86,9.55
ORD-2025-034829,1,PROD-014,2,9.9,10.07
ORD-2025-034829,2,PROD-027,2,21.13,23.16
ORD-2025-034830,1,PROD-005,2,20.28,31.51
ORD-2025-034831,1,PROD-040,1,15.21,13.52
ORD-2025-034831,2,PROD-032,3,19.72,53.05
ORD-2025-034832,1,PROD-004,2,20.28,18.25
ORD-2025-034833,1,PROD-004,1,20.28,17.1
ORD-2025-034833,2,PROD-052,1,46.48,45.08
ORD-2025-034834,1,PROD-032,2,19.72,28.84
ORD-2025-034834,2,PROD-054,1,59.15,32.24
ORD-2025-034835,1,PROD-019,1,29.58,18.43
ORD-2025-034836,1,PROD-029,1,24.79,24.21
ORD-2025-034837,1,PROD-004,2,20.28,40.18
ORD-2025-034838,1,PROD-006,1,32.39,19.64
ORD-2025-034839,1,PROD-001,1,12.9,9.75
ORD-2025-034839,2,PROD-004,1,20.28,19.0
ORD-2025-034840,1,PROD-013,1,11.9,8.35
ORD-2025-034841,1,PROD-005,1,20.28,17.29
ORD-2025-034842,1,PROD-030,1,49.3,22.18
ORD-2025-034842,2,PROD-033,1,52.11,33.78
ORD-2025-034842,3,PROD-031,1,53.52,25.23
ORD-2025-034843,1,PROD-002,1,11.9,7.45
ORD-2025-034843,2,PROD-023,2,7.89,9.37
ORD-2025-034844,1,PROD-040,1,15.21,9.98
ORD-2025-034845,1,PROD-007,3,17.18,43.97
ORD-2025-034845,2,PROD-024,2,8.73,13.91
ORD-2025-034846,1,PROD-032,1,19.72,16.1
ORD-2025-034847,1,PROD-027,1,21.13,12.82
ORD-2025-034847,2,PROD-013,1,11.9,6.88
ORD-2025-034848,1,PROD-056,1,101.41,45.63
ORD-2025-034849,1,PROD-001,3,12.9,37.4
ORD-2025-034849,2,PROD-002,2,11.9,22.94
ORD-2025-034850,1,PROD-006,3,32.39,72.15
ORD-2025-034850,2,PROD-001,3,12.9,19.35
ORD-2025-034851,1,PROD-029,1,24.79,15.36
ORD-2025-034852,1,PROD-012,1,18.5,13.05
ORD-2025-034853,1,PROD-001,1,12.9,12.54
ORD-2025-034854,1,PROD-004,1,20.28,19.95
ORD-2025-034854,2,PROD-025,1,21.97,21.63
ORD-2025-034854,3,PROD-048,1,55.77,54.65
ORD-2025-034855,1,PROD-020,1,10.14,5.17
ORD-2025-034855,2,PROD-001,1,12.9,8.77
ORD-2025-034856,1,PROD-016,1,8.9,8.65
ORD-2025-034857,1,PROD-001,3,12.9,34.79
ORD-2025-034857,2,PROD-003,1,14.37,8.87
ORD-2025-034858,1,PROD-007,1,17.18,13.37
ORD-2025-034858,2,PROD-035,2,10.14,14.61
ORD-2025-034859,1,PROD-001,1,12.9,10.26
ORD-2025-034860,1,PROD-059,1,52.11,47.95
ORD-2025-034861,1,PROD-023,2,7.89,13.7
ORD-2025-034862,1,PROD-023,1,7.89,7.18
ORD-2025-034863,1,PROD-015,2,26.76,49.07
ORD-2025-034864,1,PROD-008,2,9.9,19.13
ORD-2025-034865,1,PROD-044,1,40.85,25.11
ORD-2025-034865,2,PROD-034,1,9.01,7.11
ORD-2025-034866,1,PROD-056,1,101.41,83.73
ORD-2025-034867,1,PROD-021,1,15.49,13.14
ORD-2025-034868,1,PROD-031,1,53.52,51.63
ORD-2025-034868,2,PROD-022,1,9.01,7.33
ORD-2025-034868,3,PROD-014,1,9.9,6.68
ORD-2025-034869,1,PROD-008,1,9.9,4.62
ORD-2025-034869,2,PROD-034,1,9.01,7.64
ORD-2025-034870,1,PROD-004,1,20.28,19.22
ORD-2025-034870,2,PROD-002,2,11.9,20.76
ORD-2025-034870,3,PROD-034,2,9.01,16.53
ORD-2025-034871,1,PROD-031,1,53.52,49.71
ORD-2025-034872,1,PROD-040,1,15.21,7.53
ORD-2025-034873,1,PROD-001,2,12.9,25.19
ORD-2025-034874,1,PROD-002,1,11.9,9.02
ORD-2025-034875,1,PROD-049,1,80.28,62.74
ORD-2025-034875,2,PROD-012,1,18.5,14.71
ORD-2025-034876,1,PROD-004,3,20.28,59.05
ORD-2025-034877,1,PROD-054,1,59.15,47.66
ORD-2025-034878,1,PROD-015,1,26.76,22.2
ORD-2025-034878,2,PROD-007,1,17.18,7.73
ORD-2025-034879,1,PROD-028,1,17.18,15.77
ORD-2025-034880,1,PROD-028,1,17.18,15.29
ORD-2025-034881,1,PROD-005,2,20.28,38.81
ORD-2025-034882,1,PROD-021,1,15.49,11.38
ORD-2025-034883,1,PROD-021,2,15.49,13.94
ORD-2025-034883,2,PROD-035,1,10.14,6.48
ORD-2025-034884,1,PROD-005,1,20.28,17.69
ORD-2025-034884,2,PROD-040,1,15.21,10.66
ORD-2025-034884,3,PROD-050,1,61.97,49.44
ORD-2025-034885,1,PROD-014,1,9.9,5.64
ORD-2025-034886,1,PROD-036,4,11.55,43.95
ORD-2025-034887,1,PROD-040,2,15.21,29.27
ORD-2025-034888,1,PROD-004,2,20.28,38.02
ORD-2025-034888,2,PROD-037,2,9.86,17.76
ORD-2025-034888,3,PROD-001,2,12.9,24.8
ORD-2025-034889,1,PROD-004,2,20.28,35.41
ORD-2025-034890,1,PROD-038,1,7.89,4.38
ORD-2025-034890,2,PROD-058,1,39.44,17.75
ORD-2025-034891,1,PROD-004,1,20.28,18.2
ORD-2025-034892,1,PROD-022,1,9.01,8.96
ORD-2025-034892,2,PROD-027,2,21.13,38.3
ORD-2025-034893,1,PROD-050,1,61.97,35.84
ORD-2025-034894,1,PROD-003,2,14.37,25.75
ORD-2025-034894,2,PROD-027,2,21.13,38.19
ORD-2025-034895,1,PROD-010,1,38.03,17.39
ORD-2025-034896,1,PROD-004,2,20.28,34.29
ORD-2025-034897,1,PROD-005,2,20.28,39.68
ORD-2025-034897,2,PROD-027,1,21.13,20.11
ORD-2025-034898,1,PROD-005,1,20.28,13.78
ORD-2025-034898,2,PROD-042,2,73.24,130.5
ORD-2025-034899,1,PROD-002,1,11.9,11.19
ORD-2025-034900,1,PROD-004,1,20.28,18.1
ORD-2025-034900,2,PROD-040,1,15.21,14.17
ORD-2025-034900,3,PROD-041,1,11.83,11.16
ORD-2025-034901,1,PROD-013,1,11.9,5.9
ORD-2025-034901,2,PROD-036,3,11.55,15.59
ORD-2025-034902,1,PROD-032,1,19.72,19.33
ORD-2025-034903,1,PROD-016,1,8.9,8.01
ORD-2025-034904,1,PROD-016,2,8.9,15.56
ORD-2025-034905,1,PROD-020,1,10.14,8.72
ORD-2025-034905,2,PROD-004,3,20.28,51.88
ORD-2025-034905,3,PROD-007,1,17.18,13.87
ORD-2025-034906,1,PROD-037,1,9.86,8.52
ORD-2025-034907,1,PROD-004,2,20.28,32.59
ORD-2025-034908,1,PROD-048,1,55.77,51.78
ORD-2025-034909,1,PROD-010,1,38.03,35.12
ORD-2025-034910,1,PROD-003,1,14.37,13.6
ORD-2025-034911,1,PROD-024,2,8.73,16.36
ORD-2025-034912,1,PROD-060,1,42.25,19.01
ORD-2025-034912,2,PROD-014,1,9.9,6.28
ORD-2025-034913,1,PROD-007,2,17.18,28.14
ORD-2025-034913,2,PROD-030,1,49.3,27.36
ORD-2025-034914,1,PROD-021,1,15.49,13.29
ORD-2025-034915,1,PROD-004,1,20.28,11.2
ORD-2025-034916,1,PROD-007,1,17.18,15.55
ORD-2025-034916,2,PROD-004,1,20.28,18.59
ORD-2025-034917,1,PROD-014,2,9.9,15.7
ORD-2025-034917,2,PROD-027,1,21.13,20.85
ORD-2025-034917,3,PROD-016,1,8.9,7.18
ORD-2025-034918,1,PROD-004,3,20.28,41.21
ORD-2025-034918,2,PROD-014,1,9.9,7.4
ORD-2025-034919,1,PROD-021,2,15.49,28.81
ORD-2025-034920,1,PROD-041,2,11.83,14.92
ORD-2025-034920,2,PROD-011,2,14.9,16.92
ORD-2025-034921,1,PROD-004,2,20.28,36.34
ORD-2025-034921,2,PROD-001,2,12.9,23.92
ORD-2025-034921,3,PROD-035,3,10.14,25.67
ORD-2025-034922,1,PROD-002,1,11.9,6.07
ORD-2025-034922,2,PROD-014,1,9.9,6.6
ORD-2025-034923,1,PROD-020,1,10.14,6.79
ORD-2025-034923,2,PROD-024,1,8.73,7.26
ORD-2025-034924,1,PROD-028,1,17.18,10.6
ORD-2025-034925,1,PROD-011,1,14.9,10.16
ORD-2025-034925,2,PROD-027,2,21.13,36.23
ORD-2025-034925,3,PROD-022,1,9.01,6.51
ORD-2025-034926,1,PROD-056,1,101.41,55.98
ORD-2025-034927,1,PROD-029,1,24.79,16.32
ORD-2025-034928,1,PROD-037,3,9.86,26.84
ORD-2025-034929,1,PROD-059,1,52.11,27.66
ORD-2025-034930,1,PROD-007,1,17.18,16.41
ORD-2025-034930,2,PROD-004,2,20.28,39.84
ORD-2025-034931,1,PROD-001,1,12.9,11.85
ORD-2025-034931,2,PROD-051,2,36.06,66.6
ORD-2025-034931,3,PROD-003,2,14.37,27.61
ORD-2025-034932,1,PROD-040,3,15.21,43.75
ORD-2025-034933,1,PROD-013,2,11.9,19.06
ORD-2025-034934,1,PROD-042,3,73.24,98.87
ORD-2025-034935,1,PROD-005,2,20.28,24.26
ORD-2025-034935,2,PROD-035,3,10.14,13.69
ORD-2025-034936,1,PROD-027,1,21.13,20.63
ORD-2025-034937,1,PROD-005,1,20.28,19.18
ORD-2025-034937,2,PROD-004,1,20.28,18.88
ORD-2025-034937,3,PROD-034,1,9.01,8.65
ORD-2025-034938,1,PROD-042,2,73.24,128.84
ORD-2025-034938,2,PROD-034,1,9.01,8.37
ORD-2025-034939,1,PROD-007,1,17.18,13.77
ORD-2025-034940,1,PROD-027,2,21.13,33.09
ORD-2025-034940,2,PROD-028,2,17.18,31.08
ORD-2025-034941,1,PROD-005,1,20.28,18.95
ORD-2025-034942,1,PROD-037,3,9.86,22.57
ORD-2025-034943,1,PROD-032,2,19.72,31.96
ORD-2025-034943,2,PROD-034,1,9.01,5.64
ORD-2025-034944,1,PROD-027,1,21.13,19.89
ORD-2025-034945,1,PROD-001,2,12.9,23.6
ORD-2025-034946,1,PROD-022,2,9.01,14.58
ORD-2025-034947,1,PROD-005,1,20.28,19.92
ORD-2025-034947,2,PROD-004,2,20.28,38.48
ORD-2025-034947,3,PROD-031,1,53.52,51.37
ORD-2025-034948,1,PROD-052,1,46.48,27.31
ORD-2025-034949,1,PROD-032,1,19.72,17.04
ORD-2025-034950,1,PROD-025,1,21.97,18.6
ORD-2025-034950,2,PROD-001,1,12.9,12.64
ORD-2025-034950,3,PROD-040,1,15.21,14.0
ORD-2025-034951,1,PROD-014,2,9.9,17.32
ORD-2025-034951,2,PROD-034,1,9.01,7.97
ORD-2025-034951,3,PROD-020,1,10.14,6.99
ORD-2025-034952,1,PROD-039,2,8.17,12.99
ORD-2025-034952,2,PROD-044,1,40.85,35.53
ORD-2025-034953,1,PROD-052,1,46.48,41.18
ORD-2025-034954,1,PROD-001,2,12.9,23.16
ORD-2025-034955,1,PROD-005,1,20.28,19.01
ORD-2025-034955,2,PROD-001,1,12.9,11.71
ORD-2025-034956,1,PROD-037,1,9.86,4.44
ORD-2025-034956,2,PROD-048,1,55.77,25.31
ORD-2025-034957,1,PROD-005,1,20.28,17.48
ORD-2025-034957,2,PROD-027,1,21.13,17.35
ORD-2025-034957,3,PROD-006,1,32.39,21.97
ORD-2025-034958,1,PROD-037,1,9.86,8.87
ORD-2025-034959,1,PROD-056,1,101.41,94.9
ORD-2025-034960,1,PROD-006,2,32.39,59.63
ORD-2025-034960,2,PROD-008,1,9.9,9.54
ORD-2025-034961,1,PROD-001,1,12.9,7.11
ORD-2025-034961,2,PROD-004,1,20.28,19.47
ORD-2025-034961,3,PROD-002,1,11.9,5.98
ORD-2025-034962,1,PROD-014,2,9.9,19.01
ORD-2025-034963,1,PROD-041,1,11.83,10.52
ORD-2025-034964,1,PROD-011,2,14.9,14.27
ORD-2025-034965,1,PROD-001,1,12.9,5.8
ORD-2025-034965,2,PROD-036,1,11.55,10.26
ORD-2025-034966,1,PROD-036,3,11.55,32.82
ORD-2025-034967,1,PROD-005,1,20.28,16.38
ORD-2025-034967,2,PROD-035,2,10.14,11.66
ORD-2025-034967,3,PROD-019,1,29.58,17.09
ORD-2025-034968,1,PROD-008,1,9.9,6.85
ORD-2025-034969,1,PROD-031,1,53.52,42.25
ORD-2025-034969,2,PROD-017,2,12.5,11.25
ORD-2025-034970,1,PROD-052,2,46.48,63.47
ORD-2025-034971,1,PROD-008,1,9.9,9.1
ORD-2025-034972,1,PROD-039,2,8.17,7.35
ORD-2025-034972,2,PROD-001,2,12.9,11.61
ORD-2025-034973,1,PROD-031,1,53.52,46.34
ORD-2025-034973,2,PROD-004,1,20.28,18.45
ORD-2025-034974,1,PROD-011,1,14.9,14.52
ORD-2025-034974,2,PROD-001,1,12.9,12.19
ORD-2025-034974,3,PROD-049,1,80.28,77.77
ORD-2025-034975,1,PROD-033,1,52.11,48.37
ORD-2025-034975,2,PROD-003,2,14.37,22.35
ORD-2025-034976,1,PROD-051,1,36.06,33.28
ORD-2025-034976,2,PROD-001,1,12.9,10.62
ORD-2025-034977,1,PROD-004,1,20.28,18.49
ORD-2025-034977,2,PROD-002,1,11.9,9.27
ORD-2025-034977,3,PROD-008,1,9.9,9.17
ORD-2025-034978,1,PROD-007,1,17.18,15.98
ORD-2025-034979,1,PROD-041,1,11.83,10.82
ORD-2025-034979,2,PROD-004,1,20.28,18.8
ORD-2025-034980,1,PROD-034,1,9.01,6.29
ORD-2025-034980,2,PROD-038,3,7.89,11.89
ORD-2025-034981,1,PROD-055,1,74.65,51.18
ORD-2025-034982,1,PROD-002,1,11.9,5.35
ORD-2025-034982,2,PROD-055,1,74.65,46.47
ORD-2025-034983,1,PROD-058,1,39.44,23.13
ORD-2025-034984,1,PROD-008,1,9.9,8.77
ORD-2025-034984,2,PROD-001,3,12.9,36.97
ORD-2025-034984,3,PROD-006,1,32.39,32.3
ORD-2025-034985,1,PROD-005,2,20.28,37.07
ORD-2025-034985,2,PROD-016,3,8.9,22.78
ORD-2025-034985,3,PROD-003,1,14.37,12.48
ORD-2025-034986,1,PROD-005,1,20.28,18.67
ORD-2025-034986,2,PROD-002,1,11.9,9.18
ORD-2025-034986,3,PROD-001,3,12.9,35.34
ORD-2025-034986,4,PROD-038,1,7.89,7.4
ORD-2025-034986,5,PROD-004,2,20.28,38.17
ORD-2025-034987,1,PROD-029,1,24.79,21.11
ORD-2025-034987,2,PROD-002,1,11.9,5.95
ORD-2025-034988,1,PROD-015,3,26.76,56.59
ORD-2025-034989,1,PROD-051,1,36.06,35.13
ORD-2025-034990,1,PROD-055,1,74.65,65.99
ORD-2025-034991,1,PROD-039,2,8.17,15.59
ORD-2025-034992,1,PROD-023,1,7.89,7.78
ORD-2025-034993,1,PROD-041,3,11.83,31.91
ORD-2025-034994,1,PROD-001,2,12.9,25.5
ORD-2025-034995,1,PROD-006,1,32.39,31.3
ORD-2025-034996,1,PROD-007,2,17.18,33.6
ORD-2025-034997,1,PROD-001,1,12.9,12.03
ORD-2025-034997,2,PROD-003,1,14.37,13.17
ORD-2025-034998,1,PROD-006,1,32.39,30.75
ORD-2025-034998,2,PROD-034,1,9.01,8.7
ORD-2025-034999,1,PROD-001,2,12.9,20.71
ORD-2025-034999,2,PROD-002,2,11.9,22.95
ORD-2025-035000,1,PROD-032,1,19.72,19.53
ORD-2025-035001,1,PROD-006,2,32.39,53.09
ORD-2025-035002,1,PROD-001,2,12.9,22.54
ORD-2025-035003,1,PROD-024,2,8.73,16.0
ORD-2025-035003,2,PROD-003,2,14.37,27.58
ORD-2025-035003,3,PROD-027,1,21.13,19.73
ORD-2025-035004,1,PROD-024,1,8.73,8.52
ORD-2025-035005,1,PROD-041,2,11.83,21.58
ORD-2025-035005,2,PROD-007,1,17.18,16.78
ORD-2025-035006,1,PROD-007,3,17.18,43.12
ORD-2025-035007,1,PROD-026,2,14.65,29.08
ORD-2025-035007,2,PROD-042,1,73.24,70.57
ORD-2025-035007,3,PROD-044,1,40.85,40.39
ORD-2025-035008,1,PROD-050,1,61.97,56.42
ORD-2025-035009,1,PROD-045,1,72.68,46.77
ORD-2025-035010,1,PROD-005,1,20.28,18.09
ORD-2025-035010,2,PROD-034,2,9.01,16.77
ORD-2025-035011,1,PROD-002,1,11.9,10.65
ORD-2025-035011,2,PROD-001,1,12.9,10.23
ORD-2025-035011,3,PROD-040,1,15.21,14.66
ORD-2025-035011,4,PROD-034,4,9.01,30.33
ORD-2025-035012,1,PROD-003,1,14.37,12.26
ORD-2025-035012,2,PROD-023,2,7.89,14.72
ORD-2025-035012,3,PROD-005,1,20.28,17.25
ORD-2025-035013,1,PROD-023,1,7.89,5.59
ORD-2025-035014,1,PROD-005,1,20.28,19.45
ORD-2025-035015,1,PROD-001,1,12.9,12.08
ORD-2025-035015,2,PROD-005,1,20.28,19.16
ORD-2025-035016,1,PROD-021,1,15.49,10.84
ORD-2025-035017,1,PROD-001,1,12.9,10.08
ORD-2025-035018,1,PROD-007,1,17.18,16.38
ORD-2025-035019,1,PROD-028,1,17.18,17.0
ORD-2025-035020,1,PROD-004,1,20.28,16.68
ORD-2025-035020,2,PROD-006,2,32.39,60.03
ORD-2025-035020,3,PROD-017,1,12.5,10.41
ORD-2025-035021,1,PROD-003,1,14.37,12.72
ORD-2025-035022,1,PROD-023,1,7.89,6.93
ORD-2025-035023,1,PROD-008,2,9.9,17.3
ORD-2025-035024,1,PROD-004,2,20.28,39.57
ORD-2025-035025,1,PROD-040,3,15.21,35.16
ORD-2025-035026,1,PROD-051,1,36.06,34.27
ORD-2025-035027,1,PROD-007,2,17.18,27.78
ORD-2025-035027,2,PROD-002,1,11.9,11.82
ORD-2025-035028,1,PROD-034,3,9.01,22.4
ORD-2025-035029,1,PROD-030,2,49.3,93.5
ORD-2025-035030,1,PROD-049,1,80.28,78.89
ORD-2025-035030,2,PROD-010,1,38.03,37.07
ORD-2025-035031,1,PROD-001,1,12.9,12.26
ORD-2025-035031,2,PROD-006,1,32.39,29.67
ORD-2025-035031,3,PROD-004,2,20.28,36.52
ORD-2025-035032,1,PROD-006,3,32.39,83.95
ORD-2025-035033,1,PROD-006,1,32.39,29.59
ORD-2025-035034,1,PROD-005,1,20.28,19.8
ORD-2025-035034,2,PROD-022,2,9.01,17.19
ORD-2025-035034,3,PROD-032,4,19.72,74.5
ORD-2025-035035,1,PROD-007,1,17.18,17.08
ORD-2025-035035,2,PROD-001,2,12.9,23.49
ORD-2025-035035,3,PROD-048,1,55.77,51.75
ORD-2025-035036,1,PROD-008,2,9.9,14.97
ORD-2025-035037,1,PROD-002,1,11.9,11.13
ORD-2025-035038,1,PROD-010,2,38.03,66.07
ORD-2025-035039,1,PROD-001,2,12.9,21.76
ORD-2025-035039,2,PROD-004,1,20.28,18.24
ORD-2025-035040,1,PROD-051,1,36.06,33.27
ORD-2025-035041,1,PROD-001,3,12.9,33.62
ORD-2025-035042,1,PROD-005,1,20.28,17.48
ORD-2025-035042,2,PROD-032,4,19.72,58.92
ORD-2025-035042,3,PROD-037,1,9.86,9.62
ORD-2025-035042,4,PROD-002,3,11.9,30.09
ORD-2025-035043,1,PROD-012,1,18.5,18.04
ORD-2025-035044,1,PROD-013,2,11.9,21.84
ORD-2025-035045,1,PROD-002,2,11.9,22.87
ORD-2025-035046,1,PROD-008,2,9.9,18.67
ORD-2025-035046,2,PROD-032,1,19.72,17.17
ORD-2025-035046,3,PROD-020,1,10.14,9.59
ORD-2025-035047,1,PROD-004,2,20.28,36.71
ORD-2025-035047,2,PROD-030,1,49.3,45.84
ORD-2025-035047,3,PROD-040,3,15.21,40.9
ORD-2025-035048,1,PROD-007,1,17.18,11.11
ORD-2025-035049,1,PROD-035,2,10.14,18.02
ORD-2025-035050,1,PROD-016,2,8.9,13.64
ORD-2025-035050,2,PROD-032,1,19.72,17.09
ORD-2025-035051,1,PROD-005,2,20.28,37.35
ORD-2025-035052,1,PROD-022,1,9.01,7.52
ORD-2025-035053,1,PROD-033,3,52.11,139.34
ORD-2025-035054,1,PROD-007,1,17.18,16.64
ORD-2025-035055,1,PROD-020,1,10.14,9.65
ORD-2025-035056,1,PROD-002,1,11.9,8.98
ORD-2025-035056,2,PROD-036,1,11.55,10.67
ORD-2025-035057,1,PROD-051,1,36.06,25.57
ORD-2025-035057,2,PROD-002,3,11.9,31.36
ORD-2025-035058,1,PROD-045,1,72.68,72.13
ORD-2025-035059,1,PROD-030,1,49.3,44.15
ORD-2025-035060,1,PROD-017,1,12.5,12.06
ORD-2025-035060,2,PROD-032,1,19.72,19.65
ORD-2025-035060,3,PROD-025,1,21.97,13.97
ORD-2025-035061,1,PROD-007,1,17.18,16.54
ORD-2025-035062,1,PROD-001,2,12.9,23.94
ORD-2025-035062,2,PROD-012,1,18.5,16.55
ORD-2025-035062,3,PROD-002,1,11.9,11.08
ORD-2025-035063,1,PROD-032,1,19.72,18.75
ORD-2025-035064,1,PROD-040,1,15.21,8.05
ORD-2025-035065,1,PROD-002,1,11.9,9.54
ORD-2025-035065,2,PROD-032,3,19.72,58.34
ORD-2025-035066,1,PROD-005,1,20.28,19.21
ORD-2025-035067,1,PROD-021,1,15.49,7.17
ORD-2025-035067,2,PROD-037,1,9.86,9.54
ORD-2025-035068,1,PROD-040,4,15.21,50.84
ORD-2025-035069,1,PROD-005,1,20.28,17.3
ORD-2025-035070,1,PROD-027,1,21.13,18.41
ORD-2025-035070,2,PROD-022,1,9.01,8.55
ORD-2025-035071,1,PROD-008,2,9.9,18.75
ORD-2025-035071,2,PROD-038,2,7.89,15.04
ORD-2025-035071,3,PROD-041,2,11.83,22.22
ORD-2025-035072,1,PROD-002,2,11.9,22.03
ORD-2025-035072,2,PROD-036,1,11.55,10.8
ORD-2025-035073,1,PROD-020,1,10.14,9.72
ORD-2025-035074,1,PROD-006,2,32.39,63.67
ORD-2025-035075,1,PROD-005,1,20.28,20.03
ORD-2025-035075,2,PROD-034,2,9.01,17.63
ORD-2025-035075,3,PROD-003,1,14.37,13.78
ORD-2025-035076,1,PROD-032,1,19.72,16.45
ORD-2025-035076,2,PROD-024,1,8.73,5.91
ORD-2025-035076,3,PROD-016,2,8.9,17.04
ORD-2025-035077,1,PROD-003,1,14.37,13.51
ORD-2025-035078,1,PROD-008,2,9.9,18.39
ORD-2025-035078,2,PROD-041,1,11.83,10.85
ORD-2025-035078,3,PROD-039,1,8.17,7.95
ORD-2025-035079,1,PROD-007,1,17.18,16.32
ORD-2025-035080,1,PROD-010,1,38.03,37.75
ORD-2025-035081,1,PROD-004,1,20.28,19.27
ORD-2025-035081,2,PROD-034,1,9.01,8.58
ORD-2025-035082,1,PROD-024,1,8.73,8.45
ORD-2025-035082,2,PROD-049,1,80.28,78.67
ORD-2025-035083,1,PROD-001,1,12.9,12.51
ORD-2025-035084,1,PROD-042,1,73.24,58.03
ORD-2025-035084,2,PROD-013,2,11.9,20.81
ORD-2025-035085,1,PROD-036,2,11.55,19.79
ORD-2025-035085,2,PROD-007,3,17.18,49.1
ORD-2025-035085,3,PROD-034,2,9.01,16.15
ORD-2025-035086,1,PROD-007,1,17.18,12.09
ORD-2025-035087,1,PROD-004,1,20.28,19.49
ORD-2025-035088,1,PROD-008,1,9.9,8.8
ORD-2025-035088,2,PROD-041,1,11.83,10.45
ORD-2025-035088,3,PROD-034,1,9.01,8.83
ORD-2025-035089,1,PROD-024,1,8.73,7.44
ORD-2025-035090,1,PROD-004,3,20.28,59.95
ORD-2025-035091,1,PROD-007,1,17.18,14.6
ORD-2025-035091,2,PROD-006,1,32.39,29.39
ORD-2025-035092,1,PROD-035,3,10.14,28.13
ORD-2025-035093,1,PROD-019,2,29.58,38.95
ORD-2025-035094,1,PROD-001,1,12.9,12.27
ORD-2025-035095,1,PROD-011,2,14.9,28.83
ORD-2025-035096,1,PROD-034,2,9.01,17.16
ORD-2025-035097,1,PROD-054,1,59.15,47.2
ORD-2025-035098,1,PROD-014,1,9.9,8.68
ORD-2025-035098,2,PROD-003,2,14.37,21.44
ORD-2025-035099,1,PROD-026,2,14.65,27.71
ORD-2025-035100,1,PROD-036,1,11.55,9.53
ORD-2025-035100,2,PROD-001,2,12.9,23.64
ORD-2025-035101,1,PROD-003,1,14.37,13.4
ORD-2025-035101,2,PROD-006,1,32.39,30.43
ORD-2025-035102,1,PROD-008,2,9.9,18.45
ORD-2025-035103,1,PROD-051,1,36.06,33.18
ORD-2025-035104,1,PROD-003,1,14.37,11.47
ORD-2025-035105,1,PROD-021,1,15.49,15.36
ORD-2025-035105,2,PROD-011,1,14.9,14.7
ORD-2025-035105,3,PROD-049,2,80.28,148.66
ORD-2025-035106,1,PROD-006,2,32.39,60.62
ORD-2025-035107,1,PROD-049,1,80.28,61.0
ORD-2025-035108,1,PROD-024,1,8.73,4.62
ORD-2025-035108,2,PROD-001,1,12.9,7.72
ORD-2025-035109,1,PROD-003,2,14.37,27.63
ORD-2025-035110,1,PROD-004,1,20.28,19.71
ORD-2025-035111,1,PROD-039,1,8.17,7.46
ORD-2025-035112,1,PROD-008,2,9.9,19.7
ORD-2025-035113,1,PROD-006,1,32.39,29.78
ORD-2025-035113,2,PROD-007,3,17.18,50.39
ORD-2025-035113,3,PROD-004,1,20.28,16.97
ORD-2025-035114,1,PROD-044,1,40.85,38.97
ORD-2025-035114,2,PROD-042,2,73.24,140.27
ORD-2025-035115,1,PROD-026,2,14.65,24.04
ORD-2025-035115,2,PROD-001,3,12.9,32.31
ORD-2025-035115,3,PROD-016,1,8.9,5.17
ORD-2025-035116,1,PROD-016,2,8.9,17.73
ORD-2025-035117,1,PROD-004,2,20.28,39.99
ORD-2025-035118,1,PROD-002,2,11.9,22.17
ORD-2025-035119,1,PROD-012,1,18.5,17.88
ORD-2025-035119,2,PROD-005,2,20.28,39.61
ORD-2025-035120,1,PROD-010,1,38.03,36.74
ORD-2025-035120,2,PROD-011,2,14.9,28.68
ORD-2025-035120,3,PROD-025,1,21.97,21.79
ORD-2025-035121,1,PROD-038,2,7.89,13.31
ORD-2025-035121,2,PROD-045,1,72.68,59.23
ORD-2025-035121,3,PROD-008,1,9.9,6.81
ORD-2025-035122,1,PROD-005,1,20.28,18.75
ORD-2025-035123,1,PROD-039,1,8.17,7.06
ORD-2025-035124,1,PROD-001,2,12.9,24.28
ORD-2025-035125,1,PROD-024,1,8.73,5.8
ORD-2025-035125,2,PROD-008,1,9.9,8.22
ORD-2025-035126,1,PROD-038,2,7.89,15.34
ORD-2025-035127,1,PROD-001,1,12.9,11.02
ORD-2025-035127,2,PROD-024,2,8.73,13.54
ORD-2025-035127,3,PROD-041,1,11.83,10.82
ORD-2025-035128,1,PROD-004,3,20.28,59.38
ORD-2025-035129,1,PROD-005,1,20.28,18.68
ORD-2025-035130,1,PROD-037,1,9.86,5.6
ORD-2025-035130,2,PROD-030,2,49.3,66.38
ORD-2025-035131,1,PROD-024,1,8.73,8.24
ORD-2025-035131,2,PROD-003,1,14.37,6.5
ORD-2025-035132,1,PROD-007,1,17.18,13.95
ORD-2025-035133,1,PROD-055,1,74.65,65.79
ORD-2025-035133,2,PROD-022,1,9.01,8.79
ORD-2025-035134,1,PROD-004,1,20.28,20.08
ORD-2025-035134,2,PROD-002,1,11.9,11.69
ORD-2025-035134,3,PROD-001,1,12.9,12.6
ORD-2025-035135,1,PROD-014,2,9.9,19.18
ORD-2025-035136,1,PROD-008,2,9.9,19.34
ORD-2025-035137,1,PROD-001,1,12.9,12.84
ORD-2025-035138,1,PROD-008,2,9.9,18.55
ORD-2025-035139,1,PROD-007,1,17.18,16.22
ORD-2025-035139,2,PROD-001,1,12.9,12.72
ORD-2025-035140,1,PROD-004,1,20.28,19.48
ORD-2025-035140,2,PROD-005,1,20.28,19.64
ORD-2025-035141,1,PROD-001,1,12.9,11.15
ORD-2025-035142,1,PROD-038,1,7.89,7.16
ORD-2025-035142,2,PROD-044,1,40.85,37.57
ORD-2025-035143,1,PROD-001,3,12.9,27.99
ORD-2025-035143,2,PROD-034,2,9.01,12.35
ORD-2025-035143,3,PROD-005,1,20.28,18.29
ORD-2025-035144,1,PROD-004,2,20.28,35.72
ORD-2025-035144,2,PROD-006,1,32.39,29.45
ORD-2025-035144,3,PROD-002,1,11.9,9.93
ORD-2025-035145,1,PROD-026,1,14.65,13.72
ORD-2025-035146,1,PROD-006,1,32.39,31.51
ORD-2025-035146,2,PROD-040,1,15.21,14.57
ORD-2025-035146,3,PROD-013,3,11.9,33.1
ORD-2025-035147,1,PROD-041,1,11.83,9.77
ORD-2025-035148,1,PROD-053,1,53.52,52.58
ORD-2025-035149,1,PROD-002,3,11.9,35.29
ORD-2025-035149,2,PROD-028,2,17.18,32.09
ORD-2025-035149,3,PROD-015,2,26.76,52.77
ORD-2025-035150,1,PROD-016,3,8.9,24.71
ORD-2025-035150,2,PROD-007,1,17.18,14.96
ORD-2025-035151,1,PROD-011,1,14.9,13.37
ORD-2025-035152,1,PROD-008,2,9.9,18.87
ORD-2025-035153,1,PROD-007,3,17.18,49.4
ORD-2025-035153,2,PROD-035,3,10.14,21.15
ORD-2025-035153,3,PROD-002,1,11.9,11.42
ORD-2025-035153,4,PROD-038,3,7.89,21.89
ORD-2025-035154,1,PROD-028,1,17.18,13.26
ORD-2025-035155,1,PROD-022,1,9.01,8.45
ORD-2025-035155,2,PROD-005,1,20.28,19.69
ORD-2025-035156,1,PROD-034,2,9.01,14.8
ORD-2025-035156,2,PROD-011,1,14.9,12.43
ORD-2025-035157,1,PROD-003,1,14.37,11.55
ORD-2025-035158,1,PROD-004,2,20.28,33.0
ORD-2025-035158,2,PROD-028,2,17.18,29.7
ORD-2025-035159,1,PROD-001,1,12.9,11.73
ORD-2025-035160,1,PROD-038,1,7.89,6.91
ORD-2025-035161,1,PROD-032,2,19.72,34.3
ORD-2025-035162,1,PROD-007,1,17.18,14.81
ORD-2025-035163,1,PROD-017,2,12.5,22.05
ORD-2025-035164,1,PROD-012,1,18.5,17.04
ORD-2025-035164,2,PROD-005,2,20.28,37.93
ORD-2025-035164,3,PROD-003,1,14.37,13.13
ORD-2025-035165,1,PROD-002,1,11.9,11.07
ORD-2025-035166,1,PROD-005,2,20.28,39.81
ORD-2025-035166,2,PROD-004,1,20.28,18.78
ORD-2025-035167,1,PROD-045,1,72.68,61.24
ORD-2025-035168,1,PROD-007,1,17.18,14.6
ORD-2025-035169,1,PROD-001,1,12.9,11.95
ORD-2025-035170,1,PROD-044,1,40.85,39.95
ORD-2025-035171,1,PROD-007,3,17.18,51.46
ORD-2025-035171,2,PROD-037,3,9.86,24.43
ORD-2025-035172,1,PROD-033,3,52.11,134.08
ORD-2025-035173,1,PROD-006,1,32.39,30.93
ORD-2025-035174,1,PROD-004,1,20.28,14.82
ORD-2025-035174,2,PROD-044,2,40.85,78.03
ORD-2025-035175,1,PROD-032,1,19.72,19.14
ORD-2025-035175,2,PROD-002,2,11.9,23.58
ORD-2025-035175,3,PROD-001,1,12.9,12.78
ORD-2025-035176,1,PROD-013,1,11.9,10.19
ORD-2025-035177,1,PROD-001,1,12.9,12.45
ORD-2025-035178,1,PROD-007,1,17.18,16.88
ORD-2025-035179,1,PROD-004,1,20.28,19.62
ORD-2025-035180,1,PROD-002,2,11.9,21.99
ORD-2025-035180,2,PROD-007,3,17.18,49.73
ORD-2025-035181,1,PROD-005,1,20.28,19.19
ORD-2025-035182,1,PROD-044,1,40.85,38.27
ORD-2025-035183,1,PROD-005,1,20.28,19.91
ORD-2025-035184,1,PROD-001,1,12.9,12.86
ORD-2025-035185,1,PROD-001,1,12.9,12.34
ORD-2025-035186,1,PROD-048,1,55.77,51.15
ORD-2025-035186,2,PROD-030,1,49.3,43.38
ORD-2025-035186,3,PROD-010,2,38.03,73.75
ORD-2025-035187,1,PROD-004,2,20.28,33.23
ORD-2025-035188,1,PROD-042,3,73.24,218.01
ORD-2025-035188,2,PROD-002,1,11.9,11.3
ORD-2025-035189,1,PROD-006,1,32.39,31.78
ORD-2025-035190,1,PROD-001,2,12.9,25.37
ORD-2025-035191,1,PROD-004,1,20.28,18.38
ORD-2025-035191,2,PROD-010,1,38.03,26.97
ORD-2025-035192,1,PROD-014,2,9.9,18.82
ORD-2025-035193,1,PROD-038,1,7.89,6.88
ORD-2025-035194,1,PROD-016,1,8.9,7.88
ORD-2025-035194,2,PROD-011,1,14.9,13.62
ORD-2025-035194,3,PROD-049,1,80.28,78.39
ORD-2025-035195,1,PROD-054,1,59.15,56.16
ORD-2025-035196,1,PROD-027,2,21.13,39.01
ORD-2025-035197,1,PROD-004,1,20.28,19.68
ORD-2025-035198,1,PROD-006,1,32.39,30.7
ORD-2025-035199,1,PROD-041,3,11.83,33.9
ORD-2025-035200,1,PROD-034,1,9.01,7.95
ORD-2025-035200,2,PROD-001,1,12.9,12.4
ORD-2025-035200,3,PROD-011,1,14.9,10.42
ORD-2025-035201,1,PROD-060,1,42.25,41.52
ORD-2025-035202,1,PROD-007,3,17.18,50.69
ORD-2025-035202,2,PROD-001,2,12.9,24.85
ORD-2025-035202,3,PROD-002,1,11.9,11.7
ORD-2025-035203,1,PROD-026,2,14.65,27.48
ORD-2025-035204,1,PROD-027,1,21.13,20.43
ORD-2025-035204,2,PROD-026,1,14.65,13.84
ORD-2025-035204,3,PROD-010,1,38.03,33.72
ORD-2025-035204,4,PROD-008,2,9.9,19.08
ORD-2025-035205,1,PROD-003,3,14.37,34.85
ORD-2025-035205,2,PROD-015,1,26.76,21.79
ORD-2025-035206,1,PROD-004,1,20.28,19.9
ORD-2025-035206,2,PROD-030,2,49.3,91.14
ORD-2025-035207,1,PROD-008,1,9.9,9.52
ORD-2025-035208,1,PROD-006,1,32.39,24.96
ORD-2025-035209,1,PROD-004,1,20.28,18.13
ORD-2025-035210,1,PROD-015,1,26.76,25.25
ORD-2025-035211,1,PROD-042,3,73.24,197.81
ORD-2025-035211,2,PROD-014,3,9.9,26.72
ORD-2025-035212,1,PROD-013,2,11.9,17.52
ORD-2025-035213,1,PROD-006,2,32.39,64.18
ORD-2025-035214,1,PROD-032,2,19.72,32.36
ORD-2025-035215,1,PROD-004,1,20.28,18.63
ORD-2025-035216,1,PROD-016,1,8.9,8.63
ORD-2025-035216,2,PROD-004,1,20.28,20.1
ORD-2025-035217,1,PROD-053,1,53.52,34.34
ORD-2025-035218,1,PROD-004,2,20.28,34.76
ORD-2025-035219,1,PROD-042,1,73.24,68.52
ORD-2025-035219,2,PROD-032,2,19.72,38.3
ORD-2025-035220,1,PROD-037,1,9.86,9.33
ORD-2025-035220,2,PROD-019,1,29.58,25.95
ORD-2025-035221,1,PROD-007,1,17.18,15.46
ORD-2025-035222,1,PROD-050,1,61.97,56.68
ORD-2025-035223,1,PROD-004,1,20.28,19.69
ORD-2025-035223,2,PROD-058,1,39.44,34.88
ORD-2025-035224,1,PROD-035,3,10.14,29.12
ORD-2025-035224,2,PROD-005,1,20.28,18.62
ORD-2025-035225,1,PROD-017,1,12.5,12.19
ORD-2025-035226,1,PROD-033,1,52.11,49.73
ORD-2025-035226,2,PROD-004,1,20.28,17.2
ORD-2025-035226,3,PROD-002,1,11.9,10.49
ORD-2025-035227,1,PROD-007,1,17.18,17.08
ORD-2025-035227,2,PROD-052,1,46.48,46.23
ORD-2025-035228,1,PROD-020,1,10.14,9.34
ORD-2025-035229,1,PROD-004,1,20.28,19.16
ORD-2025-035229,2,PROD-002,1,11.9,10.48
ORD-2025-035229,3,PROD-034,1,9.01,7.81
ORD-2025-035230,1,PROD-006,1,32.39,27.34
ORD-2025-035230,2,PROD-039,2,8.17,16.16
ORD-2025-035231,1,PROD-023,2,7.89,14.61
ORD-2025-035232,1,PROD-016,2,8.9,16.48
ORD-2025-035232,2,PROD-001,1,12.9,12.32
ORD-2025-035232,3,PROD-003,1,14.37,13.92
ORD-2025-035233,1,PROD-049,1,80.28,66.39
ORD-2025-035234,1,PROD-002,2,11.9,21.21
ORD-2025-035235,1,PROD-038,4,7.89,28.69
ORD-2025-035235,2,PROD-002,2,11.9,21.26
ORD-2025-035236,1,PROD-007,1,17.18,14.94
ORD-2025-035236,2,PROD-036,1,11.55,9.8
ORD-2025-035236,3,PROD-006,2,32.39,63.22
ORD-2025-035236,4,PROD-035,2,10.14,18.17
ORD-2025-035237,1,PROD-034,2,9.01,17.65
ORD-2025-035238,1,PROD-004,1,20.28,17.68
ORD-2025-035238,2,PROD-045,1,72.68,59.63
ORD-2025-035239,1,PROD-044,1,40.85,37.88
ORD-2025-035240,1,PROD-041,4,11.83,40.52
ORD-2025-035241,1,PROD-037,2,9.86,18.89
ORD-2025-035242,1,PROD-039,2,8.17,14.63
ORD-2025-035243,1,PROD-006,1,32.39,32.06
ORD-2025-035244,1,PROD-041,2,11.83,20.9
ORD-2025-035244,2,PROD-004,1,20.28,19.84
ORD-2025-035245,1,PROD-004,2,20.28,38.86
ORD-2025-035246,1,PROD-038,3,7.89,23.09
ORD-2025-035246,2,PROD-004,2,20.28,27.95
ORD-2025-035247,1,PROD-003,1,14.37,10.77
ORD-2025-035248,1,PROD-034,3,9.01,24.98
ORD-2025-035249,1,PROD-006,1,32.39,31.91
ORD-2025-035250,1,PROD-042,1,73.24,71.64
ORD-2025-035251,1,PROD-004,1,20.28,14.66
ORD-2025-035252,1,PROD-010,1,38.03,37.45
ORD-2025-035253,1,PROD-005,1,20.28,18.46
ORD-2025-035254,1,PROD-021,1,15.49,13.62
ORD-2025-035255,1,PROD-005,1,20.28,16.34
ORD-2025-035256,1,PROD-011,1,14.9,14.2
ORD-2025-035256,2,PROD-044,1,40.85,34.18
ORD-2025-035256,3,PROD-032,1,19.72,18.34
ORD-2025-035256,4,PROD-028,1,17.18,15.88
ORD-2025-035257,1,PROD-006,1,32.39,27.45
ORD-2025-035258,1,PROD-020,1,10.14,6.35
ORD-2025-035258,2,PROD-038,2,7.89,13.17
ORD-2025-035259,1,PROD-029,1,24.79,20.11
ORD-2025-035260,1,PROD-005,1,20.28,15.89
ORD-2025-035260,2,PROD-004,1,20.28,17.1
ORD-2025-035261,1,PROD-006,2,32.39,62.01
ORD-2025-035262,1,PROD-004,2,20.28,30.51
ORD-2025-035263,1,PROD-008,1,9.9,9.34
ORD-2025-035263,2,PROD-035,1,10.14,8.98
ORD-2025-035263,3,PROD-004,3,20.28,53.17
ORD-2025-035264,1,PROD-004,1,20.28,19.52
ORD-2025-035264,2,PROD-039,2,8.17,14.99
ORD-2025-035265,1,PROD-004,1,20.28,19.32
ORD-2025-035266,1,PROD-007,1,17.18,17.13
ORD-2025-035267,1,PROD-036,1,11.55,11.19
ORD-2025-035268,1,PROD-002,1,11.9,11.55
ORD-2025-035269,1,PROD-034,1,9.01,8.28
ORD-2025-035270,1,PROD-010,1,38.03,36.41
ORD-2025-035270,2,PROD-034,2,9.01,17.9
ORD-2025-035270,3,PROD-001,1,12.9,12.0
ORD-2025-035271,1,PROD-007,1,17.18,16.78
ORD-2025-035271,2,PROD-003,2,14.37,27.65
ORD-2025-035272,1,PROD-006,1,32.39,30.39
ORD-2025-035272,2,PROD-019,2,29.58,55.18
ORD-2025-035272,3,PROD-003,1,14.37,13.96
ORD-2025-035273,1,PROD-007,2,17.18,33.19
ORD-2025-035274,1,PROD-011,1,14.9,13.6
ORD-2025-035274,2,PROD-029,1,24.79,21.57
ORD-2025-035275,1,PROD-002,2,11.9,22.76
ORD-2025-035276,1,PROD-006,1,32.39,31.34
ORD-2025-035277,1,PROD-027,1,21.13,20.74
ORD-2025-035277,2,PROD-004,1,20.28,19.81
ORD-2025-035278,1,PROD-041,2,11.83,21.91
ORD-2025-035278,2,PROD-034,2,9.01,17.03
ORD-2025-035278,3,PROD-003,2,14.37,28.23
ORD-2025-035279,1,PROD-040,2,15.21,28.89
ORD-2025-035280,1,PROD-002,1,11.9,9.8
ORD-2025-035281,1,PROD-005,1,20.28,19.97
ORD-2025-035282,1,PROD-053,1,53.52,44.68
ORD-2025-035283,1,PROD-001,2,12.9,23.36
ORD-2025-035284,1,PROD-036,1,11.55,9.89
ORD-2025-035285,1,PROD-004,1,20.28,19.29
ORD-2025-035286,1,PROD-001,1,12.9,11.31
ORD-2025-035287,1,PROD-020,2,10.14,16.04
ORD-2025-035287,2,PROD-036,1,11.55,10.33
ORD-2025-035288,1,PROD-035,2,10.14,13.56
ORD-2025-035289,1,PROD-029,1,24.79,23.11
ORD-2025-035290,1,PROD-023,1,7.89,7.39
ORD-2025-035290,2,PROD-028,2,17.18,30.58
ORD-2025-035291,1,PROD-004,2,20.28,37.7
ORD-2025-035291,2,PROD-034,2,9.01,17.03
ORD-2025-035292,1,PROD-005,1,20.28,16.28
ORD-2025-035292,2,PROD-006,1,32.39,29.38
ORD-2025-035292,3,PROD-010,1,38.03,33.66
ORD-2025-035292,4,PROD-001,1,12.9,11.93
ORD-2025-035293,1,PROD-039,4,8.17,28.81
ORD-2025-035294,1,PROD-003,2,14.37,27.5
ORD-2025-035294,2,PROD-004,2,20.28,36.14
ORD-2025-035295,1,PROD-027,1,21.13,20.86
ORD-2025-035296,1,PROD-034,1,9.01,8.85
ORD-2025-035297,1,PROD-002,1,11.9,10.96
ORD-2025-035298,1,PROD-005,2,20.28,38.74
ORD-2025-035298,2,PROD-051,1,36.06,33.48
ORD-2025-035298,3,PROD-004,2,20.28,32.03
ORD-2025-035299,1,PROD-035,1,10.14,9.49
ORD-2025-035300,1,PROD-041,2,11.83,22.03
ORD-2025-035301,1,PROD-004,1,20.28,20.03
ORD-2025-035302,1,PROD-039,1,8.17,4.66
ORD-2025-035302,2,PROD-022,1,9.01,6.1
ORD-2025-035302,3,PROD-003,2,14.37,22.71
ORD-2025-035303,1,PROD-008,1,9.9,8.17
ORD-2025-035304,1,PROD-037,2,9.86,19.1
ORD-2025-035304,2,PROD-001,1,12.9,12.1
ORD-2025-035304,3,PROD-006,1,32.39,31.74
ORD-2025-035305,1,PROD-001,2,12.9,20.85
ORD-2025-035305,2,PROD-039,2,8.17,12.28
ORD-2025-035306,1,PROD-029,1,24.79,23.65
ORD-2025-035306,2,PROD-033,2,52.11,68.31
ORD-2025-035307,1,PROD-041,3,11.83,34.0
ORD-2025-035308,1,PROD-003,1,14.37,13.78
ORD-2025-035309,1,PROD-004,1,20.28,19.95
ORD-2025-035309,2,PROD-020,2,10.14,18.78
ORD-2025-035310,1,PROD-028,1,17.18,15.57
ORD-2025-035311,1,PROD-007,2,17.18,32.77
ORD-2025-035312,1,PROD-028,1,17.18,16.41
ORD-2025-035312,2,PROD-030,1,49.3,46.44
ORD-2025-035313,1,PROD-037,1,9.86,9.13
ORD-2025-035314,1,PROD-006,1,32.39,30.31
ORD-2025-035315,1,PROD-033,2,52.11,99.44
ORD-2025-035315,2,PROD-048,1,55.77,53.2
ORD-2025-035316,1,PROD-003,1,14.37,12.8
ORD-2025-035317,1,PROD-029,1,24.79,18.56
ORD-2025-035317,2,PROD-033,3,52.11,77.91
ORD-2025-035318,1,PROD-011,1,14.9,13.32
ORD-2025-035319,1,PROD-045,1,72.68,63.03
ORD-2025-035320,1,PROD-014,1,9.9,9.8
ORD-2025-035320,2,PROD-001,2,12.9,25.28
ORD-2025-035320,3,PROD-008,1,9.9,9.68
ORD-2025-035321,1,PROD-003,2,14.37,15.69
ORD-2025-035322,1,PROD-026,1,14.65,14.05
ORD-2025-035322,2,PROD-039,1,8.17,7.38
ORD-2025-035322,3,PROD-024,1,8.73,7.99
ORD-2025-035322,4,PROD-045,1,72.68,64.81
ORD-2025-035323,1,PROD-045,1,72.68,69.85
ORD-2025-035323,2,PROD-041,1,11.83,8.18
ORD-2025-035324,1,PROD-004,3,20.28,55.47
ORD-2025-035324,2,PROD-035,1,10.14,8.71
ORD-2025-035325,1,PROD-006,2,32.39,53.6
ORD-2025-035326,1,PROD-037,3,9.86,24.13
ORD-2025-035326,2,PROD-002,1,11.9,10.03
ORD-2025-035327,1,PROD-039,1,8.17,6.98
ORD-2025-035328,1,PROD-003,1,14.37,14.11
ORD-2025-035329,1,PROD-040,2,15.21,29.36
ORD-2025-035329,2,PROD-053,1,53.52,49.26
ORD-2025-035329,3,PROD-042,3,73.24,210.71
ORD-2025-035329,4,PROD-004,2,20.28,38.92
ORD-2025-035329,5,PROD-007,3,17.18,49.98
ORD-2025-035330,1,PROD-003,2,14.37,28.45
ORD-2025-035330,2,PROD-024,1,8.73,7.2
ORD-2025-035330,3,PROD-032,2,19.72,36.17
ORD-2025-035331,1,PROD-005,1,20.28,20.08
ORD-2025-035332,1,PROD-006,1,32.39,31.49
ORD-2025-035332,2,PROD-001,2,12.9,20.54
ORD-2025-035333,1,PROD-004,1,20.28,17.27
ORD-2025-035333,2,PROD-026,1,14.65,12.88
ORD-2025-035334,1,PROD-038,1,7.89,7.4
ORD-2025-035335,1,PROD-005,1,20.28,16.59
ORD-2025-035336,1,PROD-003,1,14.37,13.88
ORD-2025-035337,1,PROD-006,2,32.39,61.02
ORD-2025-035338,1,PROD-041,3,11.83,30.79
ORD-2025-035338,2,PROD-002,2,11.9,21.18
ORD-2025-035339,1,PROD-003,1,14.37,13.94
ORD-2025-035339,2,PROD-008,1,9.9,9.78
ORD-2025-035339,3,PROD-006,1,32.39,30.66
ORD-2025-035340,1,PROD-005,2,20.28,31.95
ORD-2025-035341,1,PROD-004,1,20.28,19.87
ORD-2025-035341,2,PROD-034,2,9.01,16.79
ORD-2025-035341,3,PROD-040,3,15.21,44.15
ORD-2025-035342,1,PROD-034,1,9.01,8.48
ORD-2025-035342,2,PROD-048,1,55.77,54.2
ORD-2025-035343,1,PROD-024,1,8.73,8.44
ORD-2025-035343,2,PROD-007,1,17.18,13.88
ORD-2025-035344,1,PROD-039,2,8.17,15.02
ORD-2025-035345,1,PROD-005,2,20.28,37.31
ORD-2025-035346,1,PROD-010,1,38.03,24.43
ORD-2025-035347,1,PROD-001,2,12.9,21.75
ORD-2025-035348,1,PROD-029,1,24.79,20.46
ORD-2025-035349,1,PROD-034,2,9.01,17.36
ORD-2025-035350,1,PROD-005,1,20.28,16.79
ORD-2025-035350,2,PROD-004,1,20.28,19.81
ORD-2025-035351,1,PROD-004,1,20.28,19.14
ORD-2025-035351,2,PROD-005,1,20.28,19.44
ORD-2025-035352,1,PROD-049,1,80.28,75.01
ORD-2025-035352,2,PROD-006,2,32.39,63.44
ORD-2025-035353,1,PROD-003,2,14.37,28.39
ORD-2025-035353,2,PROD-034,2,9.01,17.67
ORD-2025-035353,3,PROD-037,2,9.86,19.45
ORD-2025-035353,4,PROD-006,1,32.39,31.38
ORD-2025-035353,5,PROD-002,1,11.9,11.57
ORD-2025-035354,1,PROD-027,1,21.13,19.68
ORD-2025-035354,2,PROD-002,1,11.9,10.69
ORD-2025-035354,3,PROD-003,2,14.37,24.79
ORD-2025-035355,1,PROD-004,1,20.28,19.42
ORD-2025-035355,2,PROD-029,1,24.79,22.6
ORD-2025-035356,1,PROD-015,1,26.76,18.03
ORD-2025-035356,2,PROD-040,2,15.21,21.36
ORD-2025-035357,1,PROD-053,1,53.52,53.15
ORD-2025-035357,2,PROD-027,1,21.13,19.75
ORD-2025-035358,1,PROD-001,1,12.9,10.37
ORD-2025-035358,2,PROD-007,1,17.18,16.03
ORD-2025-035358,3,PROD-004,2,20.28,30.53
ORD-2025-035359,1,PROD-054,1,59.15,52.64
ORD-2025-035360,1,PROD-041,2,11.83,19.43
ORD-2025-035360,2,PROD-040,1,15.21,12.89
ORD-2025-035361,1,PROD-004,1,20.28,19.35
ORD-2025-035362,1,PROD-001,3,12.9,37.84
ORD-2025-035363,1,PROD-011,2,14.9,28.2
ORD-2025-035363,2,PROD-002,1,11.9,10.04
ORD-2025-035363,3,PROD-004,2,20.28,34.64
ORD-2025-035364,1,PROD-027,1,21.13,13.88
ORD-2025-035364,2,PROD-022,2,9.01,12.42
ORD-2025-035365,1,PROD-003,1,14.37,14.27
ORD-2025-035365,2,PROD-044,1,40.85,39.57
ORD-2025-035365,3,PROD-024,1,8.73,7.59
ORD-2025-035365,4,PROD-001,1,12.9,12.44
ORD-2025-035366,1,PROD-003,1,14.37,14.14
ORD-2025-035367,1,PROD-047,1,108.45,103.78
ORD-2025-035368,1,PROD-034,3,9.01,26.91
ORD-2025-035369,1,PROD-047,1,108.45,93.09
ORD-2025-035369,2,PROD-005,1,20.28,16.89
ORD-2025-035370,1,PROD-028,1,17.18,16.26
ORD-2025-035371,1,PROD-040,1,15.21,14.81
ORD-2025-035371,2,PROD-001,2,12.9,24.65
ORD-2025-035371,3,PROD-005,1,20.28,18.27
ORD-2025-035372,1,PROD-005,1,20.28,19.24
ORD-2025-035373,1,PROD-001,1,12.9,10.7
ORD-2025-035374,1,PROD-004,2,20.28,39.69
ORD-2025-035375,1,PROD-004,2,20.28,
ORD-2025-035375,2,PROD-041,1,11.83,8.01
ORD-2025-035375,3,PROD-047,1,108.45,92.36
ORD-2025-035375,4,PROD-036,2,11.55,14.16
ORD-2025-035376,1,PROD-036,1,11.55,9.49
ORD-2025-035376,2,PROD-035,1,10.14,9.83
ORD-2025-035377,1,PROD-003,2,14.37,26.04
ORD-2025-035378,1,PROD-003,1,14.37,12.64
ORD-2025-035379,1,PROD-039,2,8.17,15.42
ORD-2025-035380,1,PROD-012,1,18.5,16.96
ORD-2025-035380,2,PROD-004,2,20.28,34.35
ORD-2025-035381,1,PROD-002,1,11.9,9.06
ORD-2025-035381,2,PROD-034,1,9.01,8.67
ORD-2025-035382,1,PROD-023,2,7.89,12.12
ORD-2025-035383,1,PROD-005,1,20.28,19.45
ORD-2025-035384,1,PROD-027,1,21.13,20.22
ORD-2025-035384,2,PROD-004,2,20.28,38.42
ORD-2025-035385,1,PROD-019,2,29.58,52.19
ORD-2025-035386,1,PROD-024,1,8.73,7.65
ORD-2025-035386,2,PROD-044,1,40.85,39.18
ORD-2025-035386,3,PROD-012,2,18.5,33.53
ORD-2025-035387,1,PROD-041,1,11.83,11.16
ORD-2025-035387,2,PROD-034,1,9.01,8.2
ORD-2025-035387,3,PROD-005,1,20.28,19.2
ORD-2025-035388,1,PROD-001,1,12.9,12.17
ORD-2025-035389,1,PROD-003,2,14.37,25.46
ORD-2025-035389,2,PROD-001,1,12.9,12.72
ORD-2025-035390,1,PROD-006,2,32.39,55.24
ORD-2025-035391,1,PROD-003,1,14.37,13.42
ORD-2025-035391,2,PROD-035,1,10.14,10.06
ORD-2025-035391,3,PROD-005,3,20.28,55.64
ORD-2025-035392,1,PROD-002,2,11.9,19.47
ORD-2025-035393,1,PROD-032,1,19.72,19.25
ORD-2025-035394,1,PROD-040,1,15.21,14.8
ORD-2025-035394,2,PROD-013,2,11.9,23.49
ORD-2025-035394,3,PROD-006,1,32.39,30.54
ORD-2025-035394,4,PROD-012,2,18.5,35.68
ORD-2025-035395,1,PROD-010,1,38.03,37.06
ORD-2025-035395,2,PROD-027,1,21.13,19.97
ORD-2025-035396,1,PROD-004,2,20.28,38.48
ORD-2025-035397,1,PROD-052,1,46.48,41.88
ORD-2025-035398,1,PROD-048,1,55.77,53.52
ORD-2025-035399,1,PROD-006,2,32.39,58.03
ORD-2025-035400,1,PROD-004,2,20.28,39.94
ORD-2025-035401,1,PROD-001,2,12.9,25.04
ORD-2025-035402,1,PROD-037,1,9.86,8.27
ORD-2025-035402,2,PROD-001,1,12.9,9.34
ORD-2025-035403,1,PROD-001,3,12.9,32.88
ORD-2025-035404,1,PROD-008,1,9.9,8.31
ORD-2025-035404,2,PROD-006,3,32.39,86.01
ORD-2025-035404,3,PROD-035,4,10.14,31.64
ORD-2025-035404,4,PROD-034,1,9.01,8.25
ORD-2025-035405,1,PROD-002,1,11.9,11.42
ORD-2025-035406,1,PROD-008,2,9.9,16.59
ORD-2025-035407,1,PROD-005,1,20.28,18.41
ORD-2025-035408,1,PROD-036,2,11.55,21.77
ORD-2025-035408,2,PROD-001,2,12.9,24.86
ORD-2025-035409,1,PROD-008,2,9.9,14.43
ORD-2025-035410,1,PROD-006,3,32.39,90.88
ORD-2025-035411,1,PROD-028,1,17.18,16.3
ORD-2025-035412,1,PROD-005,1,20.28,19.45
ORD-2025-035413,1,PROD-023,2,7.89,14.71
ORD-2025-035413,2,PROD-002,1,11.9,11.67
ORD-2025-035413,3,PROD-034,1,9.01,8.55
ORD-2025-035414,1,PROD-001,2,12.9,21.8
ORD-2025-035415,1,PROD-001,2,12.9,24.79
ORD-2025-035415,2,PROD-003,2,14.37,26.01
ORD-2025-035416,1,PROD-004,1,20.28,17.23
ORD-2025-035417,1,PROD-005,1,20.28,17.47
ORD-2025-035417,2,PROD-040,3,15.21,45.31
ORD-2025-035417,3,PROD-029,1,24.79,21.85
ORD-2025-035418,1,PROD-011,1,14.9,12.77
ORD-2025-035419,1,PROD-033,2,52.11,99.82
ORD-2025-035419,2,PROD-003,1,14.37,12.37
ORD-2025-035420,1,PROD-031,1,53.52,51.08
ORD-2025-035420,2,PROD-049,1,80.28,75.4
ORD-2025-035420,3,PROD-041,1,11.83,10.21
ORD-2025-035421,1,PROD-027,1,21.13,17.75
ORD-2025-035421,2,PROD-006,2,32.39,60.37
ORD-2025-035421,3,PROD-002,1,11.9,11.22
ORD-2025-035422,1,PROD-005,1,20.28,17.79
ORD-2025-035423,1,PROD-004,1,20.28,18.91
ORD-2025-035423,2,PROD-002,2,11.9,20.53
ORD-2025-035424,1,PROD-044,1,40.85,39.81
ORD-2025-035425,1,PROD-007,1,17.18,16.25
ORD-2025-035425,2,PROD-040,3,15.21,42.27
ORD-2025-035426,1,PROD-004,2,20.28,36.74
ORD-2025-035427,1,PROD-023,1,7.89,7.05
ORD-2025-035428,1,PROD-040,1,15.21,13.67
ORD-2025-035429,1,PROD-008,3,9.9,28.72
ORD-2025-035430,1,PROD-045,1,72.68,40.23
ORD-2025-035431,1,PROD-006,3,32.39,80.98
ORD-2025-035432,1,PROD-005,1,20.28,18.12
ORD-2025-035433,1,PROD-004,2,20.28,33.74
ORD-2025-035433,2,PROD-030,2,49.3,68.86
ORD-2025-035433,3,PROD-003,2,14.37,24.15
ORD-2025-035434,1,PROD-003,1,14.37,11.33
ORD-2025-035434,2,PROD-004,1,20.28,17.43
ORD-2025-035435,1,PROD-006,2,32.39,61.55
ORD-2025-035436,1,PROD-001,1,12.9,8.35
ORD-2025-035437,1,PROD-053,1,53.52,51.46
ORD-2025-035438,1,PROD-015,1,26.76,17.57
ORD-2025-035438,2,PROD-003,2,14.37,27.95
ORD-2025-035438,3,PROD-007,1,17.18,13.36
ORD-2025-035439,1,PROD-031,1,53.52,47.48
ORD-2025-035440,1,PROD-005,1,20.28,18.75
ORD-2025-035441,1,PROD-014,1,9.9,9.36
ORD-2025-035441,2,PROD-004,3,20.28,59.96
ORD-2025-035442,1,PROD-033,2,52.11,97.77
ORD-2025-035443,1,PROD-035,1,10.14,9.0
ORD-2025-035444,1,PROD-034,2,9.01,15.67
ORD-2025-035444,2,PROD-003,1,14.37,13.55
ORD-2025-035444,3,PROD-002,1,11.9,11.46
ORD-2025-035445,1,PROD-039,2,8.17,14.56
ORD-2025-035446,1,PROD-013,1,11.9,11.72
ORD-2025-035446,2,PROD-005,2,20.28,39.65
ORD-2025-035447,1,PROD-010,1,38.03,32.68
ORD-2025-035448,1,PROD-041,2,11.83,23.11
ORD-2025-035449,1,PROD-004,1,20.28,19.08
ORD-2025-035450,1,PROD-020,1,10.14,8.78
ORD-2025-035450,2,PROD-007,1,17.18,17.1
ORD-2025-035451,1,PROD-004,1,20.28,16.74
ORD-2025-035452,1,PROD-010,2,38.03,62.26
ORD-2025-035453,1,PROD-002,2,11.9,16.74
ORD-2025-035454,1,PROD-020,1,10.14,9.11
ORD-2025-035454,2,PROD-006,1,32.39,30.99
ORD-2025-035454,3,PROD-005,2,20.28,35.06
ORD-2025-035454,4,PROD-042,2,73.24,121.81
ORD-2025-035454,5,PROD-045,1,72.68,67.28
ORD-2025-035455,1,PROD-005,1,20.28,16.37
ORD-2025-035455,2,PROD-006,1,32.39,28.65
ORD-2025-035455,3,PROD-001,2,12.9,22.91
ORD-2025-035455,4,PROD-014,2,9.9,17.8
ORD-2025-035456,1,PROD-031,2,53.52,97.38
ORD-2025-035457,1,PROD-005,1,20.28,19.27
ORD-2025-035457,2,PROD-002,1,11.9,10.57
ORD-2025-035458,1,PROD-014,1,9.9,8.58
ORD-2025-035459,1,PROD-015,1,26.76,23.18
ORD-2025-035460,1,PROD-007,1,17.18,15.65
ORD-2025-035461,1,PROD-020,2,10.14,19.91
ORD-2025-035462,1,PROD-021,1,15.49,14.78
ORD-2025-035463,1,PROD-006,3,32.39,86.16
ORD-2025-035464,1,PROD-002,1,11.9,10.24
ORD-2025-035465,1,PROD-014,2,9.9,15.03
ORD-2025-035465,2,PROD-032,3,19.72,57.53
ORD-2025-035465,3,PROD-031,1,53.52,45.41
ORD-2025-035466,1,PROD-007,2,17.18,31.2
ORD-2025-035466,2,PROD-034,4,9.01,34.92
ORD-2025-035466,3,PROD-041,1,11.83,10.79
ORD-2025-035467,1,PROD-004,1,20.28,15.39
ORD-2025-035467,2,PROD-005,2,20.28,30.16
ORD-2025-035467,3,PROD-041,1,11.83,10.53
ORD-2025-035468,1,PROD-050,1,61.97,56.65
ORD-2025-035469,1,PROD-002,2,11.9,20.59
ORD-2025-035469,2,PROD-004,1,20.28,20.1
ORD-2025-035470,1,PROD-019,1,29.58,25.92
ORD-2025-035471,1,PROD-002,1,11.9,11.35
ORD-2025-035472,1,PROD-011,1,14.9,11.48
ORD-2025-035472,2,PROD-013,2,11.9,23.72
ORD-2025-035472,3,PROD-027,1,21.13,18.95
ORD-2025-035472,4,PROD-032,2,19.72,35.45
ORD-2025-035472,5,PROD-001,1,12.9,12.47
ORD-2025-035473,1,PROD-003,3,14.37,39.92
ORD-2025-035474,1,PROD-020,2,10.14,19.13
ORD-2025-035475,1,PROD-007,1,17.18,14.42
ORD-2025-035476,1,PROD-033,3,52.11,150.89
ORD-2025-035477,1,PROD-001,2,12.9,23.08
ORD-2025-035477,2,PROD-041,1,11.83,11.16
ORD-2025-035477,3,PROD-007,1,17.18,15.78
ORD-2025-035478,1,PROD-004,1,20.28,19.29
ORD-2025-035478,2,PROD-040,4,15.21,49.3
ORD-2025-035479,1,PROD-021,2,15.49,25.42
ORD-2025-035479,2,PROD-007,1,17.18,15.89
ORD-2025-035480,1,PROD-001,3,12.9,33.14
ORD-2025-035481,1,PROD-032,1,19.72,18.8
ORD-2025-035481,2,PROD-034,3,9.01,26.62
ORD-2025-035482,1,PROD-040,1,15.21,14.15
ORD-2025-035483,1,PROD-008,2,9.9,19.39
ORD-2025-035483,2,PROD-021,1,15.49,14.27
ORD-2025-035484,1,PROD-010,1,38.03,36.93
ORD-2025-035484,2,PROD-023,1,7.89,5.91
ORD-2025-035484,3,PROD-038,2,7.89,0.0
ORD-2025-035485,1,PROD-019,1,29.58,27.82
ORD-2025-035486,1,PROD-053,1,53.52,45.64
ORD-2025-035486,2,PROD-014,1,9.9,8.84
ORD-2025-035486,3,PROD-002,1,11.9,11.01
ORD-2025-035487,1,PROD-002,1,11.9,10.84
ORD-2025-035487,2,PROD-003,1,14.37,11.36
ORD-2025-035487,3,PROD-035,1,10.14,8.9
ORD-2025-035488,1,PROD-038,3,7.89,22.52
ORD-2025-035488,2,PROD-004,1,20.28,19.53
ORD-2025-035489,1,PROD-025,1,21.97,18.0
ORD-2025-035490,1,PROD-011,2,14.9,26.78
ORD-2025-035491,1,PROD-028,1,17.18,11.85
ORD-2025-035492,1,PROD-002,1,11.9,10.5
ORD-2025-035492,2,PROD-035,2,10.14,19.91
ORD-2025-035492,3,PROD-037,4,9.86,36.0
ORD-2025-035493,1,PROD-005,1,20.28,18.45
ORD-2025-035493,2,PROD-002,2,11.9,22.21
ORD-2025-035493,3,PROD-004,2,20.28,38.5
ORD-2025-035494,1,PROD-020,1,10.14,9.99
ORD-2025-035494,2,PROD-035,1,10.14,10.09
ORD-2025-035494,3,PROD-034,1,9.01,8.97
ORD-2025-035495,1,PROD-005,2,20.28,29.35
ORD-2025-035496,1,PROD-014,3,9.9,26.73
ORD-2025-035497,1,PROD-004,1,20.28,18.27
ORD-2025-035497,2,PROD-040,2,15.21,25.19
ORD-2025-035498,1,PROD-008,1,9.9,9.53
ORD-2025-035499,1,PROD-034,1,9.01,8.38
ORD-2025-035500,1,PROD-004,1,20.28,19.19
ORD-2025-035500,2,PROD-041,3,11.83,31.63
ORD-2025-035501,1,PROD-006,3,32.39,88.27
ORD-2025-035502,1,PROD-036,2,11.55,19.84
ORD-2025-035502,2,PROD-012,1,18.5,14.17
ORD-2025-035503,1,PROD-003,1,14.37,14.21
ORD-2025-035504,1,PROD-039,2,8.17,15.43
ORD-2025-035504,2,PROD-045,1,72.68,72.35
ORD-2025-035505,1,PROD-004,1,20.28,18.56
ORD-2025-035506,1,PROD-016,2,8.9,16.04
ORD-2025-035507,1,PROD-026,1,14.65,14.14
ORD-2025-035507,2,PROD-027,2,21.13,39.99
ORD-2025-035507,3,PROD-041,3,11.83,34.84
ORD-2025-035507,4,PROD-020,1,10.14,10.12
ORD-2025-035507,5,PROD-021,1,15.49,15.12
ORD-2025-035508,1,PROD-008,2,9.9,15.21
ORD-2025-035508,2,PROD-015,2,26.76,47.02
ORD-2025-035509,1,PROD-008,1,9.9,8.85
ORD-2025-035510,1,PROD-001,2,12.9,24.38
ORD-2025-035510,2,PROD-004,1,20.28,19.87
ORD-2025-035511,1,PROD-035,2,10.14,17.95
ORD-2025-035511,2,PROD-001,1,12.9,9.2
ORD-2025-035512,1,PROD-022,1,9.01,8.81
ORD-2025-035512,2,PROD-027,1,21.13,20.88
ORD-2025-035512,3,PROD-002,1,11.9,11.57
ORD-2025-035513,1,PROD-013,2,11.9,21.62
ORD-2025-035514,1,PROD-004,1,20.28,11.5
ORD-2025-035514,2,PROD-035,2,10.14,18.69
ORD-2025-035514,3,PROD-040,3,15.21,43.16
ORD-2025-035514,4,PROD-012,1,18.5,18.15
ORD-2025-035515,1,PROD-003,1,14.37,13.96
ORD-2025-035515,2,PROD-006,1,32.39,31.98
ORD-2025-035515,3,PROD-004,1,20.28,19.6
ORD-2025-035516,1,PROD-007,3,17.18,51.01
ORD-2025-035516,2,PROD-013,1,11.9,10.77
ORD-2025-035517,1,PROD-034,2,9.01,16.55
ORD-2025-035517,2,PROD-006,2,32.39,62.49
ORD-2025-035518,1,PROD-034,1,9.01,4.05
ORD-2025-035519,1,PROD-034,3,9.01,22.46
ORD-2025-035520,1,PROD-030,1,49.3,48.26
ORD-2025-035521,1,PROD-024,1,8.73,7.91
ORD-2025-035521,2,PROD-023,1,7.89,6.66
ORD-2025-035521,3,PROD-029,1,24.79,23.34
ORD-2025-035521,4,PROD-021,1,15.49,14.73
ORD-2025-035521,5,PROD-030,1,49.3,45.32
ORD-2025-035522,1,PROD-008,2,9.9,18.3
ORD-2025-035523,1,PROD-013,1,11.9,10.45
ORD-2025-035524,1,PROD-003,2,14.37,25.04
ORD-2025-035525,1,PROD-016,1,8.9,8.27
ORD-2025-035526,1,PROD-008,1,9.9,9.87
ORD-2025-035526,2,PROD-007,1,17.18,16.48
ORD-2025-035527,1,PROD-032,1,19.72,16.42
ORD-2025-035527,2,PROD-053,1,53.52,36.95
ORD-2025-035527,3,PROD-021,1,15.49,14.62
ORD-2025-035528,1,PROD-041,2,11.83,21.21
ORD-2025-035529,1,PROD-002,1,11.9,10.1
ORD-2025-035529,2,PROD-048,1,55.77,53.43
ORD-2025-035530,1,PROD-013,2,11.9,21.92
ORD-2025-035530,2,PROD-040,1,15.21,14.79
ORD-2025-035531,1,PROD-041,1,11.83,10.79
ORD-2025-035532,1,PROD-034,2,9.01,16.97
ORD-2025-035532,2,PROD-005,1,20.28,18.87
ORD-2025-035533,1,PROD-005,1,20.28,19.56
ORD-2025-035534,1,PROD-004,1,20.28,17.62
ORD-2025-035535,1,PROD-002,2,11.9,22.55
ORD-2025-035535,2,PROD-011,1,14.9,14.3
ORD-2025-035536,1,PROD-006,1,32.39,29.43
ORD-2025-035536,2,PROD-007,1,17.18,16.81
ORD-2025-035536,3,PROD-001,1,12.9,12.66
ORD-2025-035536,4,PROD-016,2,8.9,17.08
ORD-2025-035537,1,PROD-003,1,14.37,14.2
ORD-2025-035537,2,PROD-038,1,7.89,7.77
ORD-2025-035537,3,PROD-035,2,10.14,18.46
ORD-2025-035538,1,PROD-034,1,9.01,7.72
ORD-2025-035538,2,PROD-025,1,21.97,20.97
ORD-2025-035538,3,PROD-004,1,20.28,16.99
ORD-2025-035539,1,PROD-005,1,20.28,17.75
ORD-2025-035539,2,PROD-004,1,20.28,17.3
ORD-2025-035540,1,PROD-022,1,9.01,8.45
ORD-2025-035541,1,PROD-026,2,14.65,21.37
ORD-2025-035541,2,PROD-005,1,20.28,16.58
ORD-2025-035541,3,PROD-004,2,20.28,33.11
ORD-2025-035542,1,PROD-005,1,20.28,17.0
ORD-2025-035543,1,PROD-004,1,20.28,19.81
ORD-2025-035543,2,PROD-020,2,10.14,20.17
ORD-2025-035543,3,PROD-008,1,9.9,9.34
ORD-2025-035543,4,PROD-001,2,12.9,25.54
ORD-2025-035543,5,PROD-006,2,32.39,59.71
ORD-2025-035544,1,PROD-006,1,32.39,30.72
ORD-2025-035545,1,PROD-022,1,9.01,8.83
ORD-2025-035546,1,PROD-027,1,21.13,17.29
ORD-2025-035546,2,PROD-038,2,7.89,15.32
ORD-2025-035546,3,PROD-026,1,14.65,6.59
ORD-2025-035547,1,PROD-052,1,46.48,26.92
ORD-2025-035547,2,PROD-034,1,9.01,7.95
ORD-2025-035548,1,PROD-001,1,12.9,11.28
ORD-2025-035549,1,PROD-003,2,14.37,25.71
ORD-2025-035549,2,PROD-041,1,11.83,9.57
ORD-2025-035550,1,PROD-028,1,17.18,15.09
ORD-2025-035551,1,PROD-034,1,9.01,7.98
ORD-2025-035552,1,PROD-034,3,9.01,22.29
ORD-2025-035552,2,PROD-001,1,12.9,10.55
ORD-2025-035553,1,PROD-003,2,14.37,26.12
ORD-2025-035554,1,PROD-039,1,8.17,4.48
ORD-2025-035554,2,PROD-007,1,17.18,16.78
ORD-2025-035555,1,PROD-040,1,15.21,14.89
ORD-2025-035556,1,PROD-026,1,14.65,12.55
ORD-2025-035556,2,PROD-015,1,26.76,24.17
ORD-2025-035556,3,PROD-050,1,61.97,53.36
ORD-2025-035557,1,PROD-034,3,9.01,25.22
ORD-2025-035558,1,PROD-003,1,14.37,14.05
ORD-2025-035558,2,PROD-034,3,9.01,23.65
ORD-2025-035558,3,PROD-010,2,38.03,69.08
ORD-2025-035558,4,PROD-004,1,20.28,17.48
ORD-2025-035559,1,PROD-008,1,9.9,9.6
ORD-2025-035559,2,PROD-003,2,14.37,28.13
ORD-2025-035560,1,PROD-003,1,14.37,14.03
ORD-2025-035560,2,PROD-039,2,8.17,16.09
ORD-2025-035561,1,PROD-040,1,15.21,14.46
ORD-2025-035562,1,PROD-021,1,15.49,15.01
ORD-2025-035563,1,PROD-026,2,14.65,28.6
ORD-2025-035563,2,PROD-053,1,53.52,46.45
ORD-2025-035563,3,PROD-041,3,11.83,28.95
ORD-2025-035564,1,PROD-047,1,108.45,106.43
ORD-2025-035564,2,PROD-008,1,9.9,9.17
ORD-2025-035565,1,PROD-004,2,20.28,38.36
ORD-2025-035566,1,PROD-012,1,18.5,17.62
ORD-2025-035566,2,PROD-051,1,36.06,35.39
ORD-2025-035567,1,PROD-007,3,17.18,50.95
ORD-2025-035568,1,PROD-026,1,14.65,8.54
ORD-2025-035569,1,PROD-035,1,10.14,5.38
ORD-2025-035569,2,PROD-029,1,24.79,17.79
ORD-2025-035570,1,PROD-028,2,17.18,33.89
ORD-2025-035571,1,PROD-005,2,20.28,37.02
ORD-2025-035572,1,PROD-007,1,17.18,16.47
ORD-2025-035573,1,PROD-003,1,14.37,13.82
ORD-2025-035574,1,PROD-001,1,12.9,6.75
ORD-2025-035575,1,PROD-052,1,46.48,45.82
ORD-2025-035576,1,PROD-004,1,20.28,18.65
ORD-2025-035577,1,PROD-008,2,9.9,15.13
ORD-2025-035578,1,PROD-005,2,20.28,39.64
ORD-2025-035579,1,PROD-037,1,9.86,8.1
ORD-2025-035579,2,PROD-005,3,20.28,56.08
ORD-2025-035580,1,PROD-004,2,20.28,39.12
ORD-2025-035581,1,PROD-036,2,11.55,21.84
ORD-2025-035582,1,PROD-002,1,11.9,11.31
ORD-2025-035582,2,PROD-019,1,29.58,25.0
ORD-2025-035583,1,PROD-008,2,9.9,18.43
ORD-2025-035584,1,PROD-001,1,12.9,10.29
ORD-2025-035585,1,PROD-014,3,9.9,25.34
ORD-2025-035585,2,PROD-005,1,20.28,18.39
ORD-2025-035585,3,PROD-006,2,32.39,62.27
ORD-2025-035586,1,PROD-027,1,21.13,19.35
ORD-2025-035587,1,PROD-008,3,9.9,27.84
ORD-2025-035588,1,PROD-003,1,14.37,13.81
ORD-2025-035589,1,PROD-007,1,17.18,15.51
ORD-2025-035590,1,PROD-004,1,20.28,19.84
ORD-2025-035590,2,PROD-023,1,7.89,7.32
ORD-2025-035591,1,PROD-001,2,12.9,25.43
ORD-2025-035592,1,PROD-005,1,20.28,14.38
ORD-2025-035593,1,PROD-005,2,20.28,37.98
ORD-2025-035594,1,PROD-001,1,12.9,10.49
ORD-2025-035595,1,PROD-014,1,9.9,9.79
ORD-2025-035595,2,PROD-005,1,20.28,18.64
ORD-2025-035596,1,PROD-004,1,20.28,18.73
ORD-2025-035596,2,PROD-029,2,24.79,46.54
ORD-2025-035597,1,PROD-038,1,7.89,6.41
ORD-2025-035598,1,PROD-004,1,20.28,17.62
ORD-2025-035599,1,PROD-020,1,10.14,8.13
ORD-2025-035600,1,PROD-005,1,20.28,19.85
ORD-2025-035600,2,PROD-004,1,20.28,19.14
ORD-2025-035601,1,PROD-002,2,11.9,23.32
ORD-2025-035602,1,PROD-028,1,17.18,15.71
ORD-2025-035602,2,PROD-017,1,12.5,11.92
ORD-2025-035603,1,PROD-003,1,14.37,13.62
ORD-2025-035604,1,PROD-004,2,20.28,38.65
ORD-2025-035605,1,PROD-034,1,9.01,8.35
ORD-2025-035606,1,PROD-008,1,9.9,9.3
ORD-2025-035606,2,PROD-004,1,20.28,19.63
ORD-2025-035607,1,PROD-005,1,20.28,15.63
ORD-2025-035608,1,PROD-055,1,74.65,68.3
ORD-2025-035609,1,PROD-003,1,14.37,14.11
ORD-2025-035610,1,PROD-036,2,11.55,21.51
ORD-2025-035611,1,PROD-006,1,32.39,30.34
ORD-2025-035612,1,PROD-001,1,12.9,11.27
ORD-2025-035613,1,PROD-006,2,32.39,63.96
ORD-2025-035613,2,PROD-004,3,20.28,58.99
ORD-2025-035614,1,PROD-002,1,11.9,11.03
ORD-2025-035615,1,PROD-024,2,8.73,15.86
ORD-2025-035615,2,PROD-029,2,24.79,47.25
ORD-2025-035615,3,PROD-004,1,20.28,18.85
ORD-2025-035616,1,PROD-010,2,38.03,70.04
ORD-2025-035616,2,PROD-004,1,20.28,18.79
ORD-2025-035617,1,PROD-001,1,12.9,11.75
ORD-2025-035618,1,PROD-001,1,12.9,12.42
 ORD-2025-035619 ,1,PROD-021,1,15.49,14.54
ORD-2025-035619,2,PROD-031,1,53.52,48.98
ORD-2025-035619,3,PROD-042,1,73.24,64.0
ORD-2025-035619,4,PROD-004,1,20.28,19.65
ORD-2025-035620,1,PROD-007,1,17.18,16.55
ORD-2025-035620,2,PROD-056,1,101.41,100.24
ORD-2025-035620,3,PROD-047,1,108.45,103.36
ORD-2025-035621,1,PROD-025,1,21.97,21.12
ORD-2025-035622,1,PROD-039,3,8.17,19.57
ORD-2025-035622,2,PROD-027,1,21.13,20.94
ORD-2025-035622,3,PROD-047,1,108.45,98.93
ORD-2025-035622,4,PROD-014,2,9.9,17.03
ORD-2025-035622,5,PROD-004,3,20.28,54.68
ORD-2025-035623,1,PROD-002,2,11.9,21.91
ORD-2025-035624,1,PROD-012,1,18.5,18.13
ORD-2025-035625,1,PROD-008,3,9.9,28.29
ORD-2025-035625,2,PROD-041,1,11.83,9.03
ORD-2025-035626,1,PROD-041,3,11.83,34.52
ORD-2025-035627,1,PROD-004,1,20.28,19.73
ORD-2025-035627,2,PROD-026,1,14.65,14.13
ORD-2025-035628,1,PROD-004,2,20.28,33.36
ORD-2025-035629,1,PROD-001,1,12.9,11.23
ORD-2025-035630,1,PROD-006,1,32.39,30.07
ORD-2025-035631,1,PROD-036,1,11.55,11.16
ORD-2025-035632,1,PROD-006,2,32.39,59.48
ORD-2025-035632,2,PROD-035,2,10.14,18.45
ORD-2025-035633,1,PROD-004,1,20.28,19.85
ORD-2025-035633,2,PROD-034,1,9.01,8.28
ORD-2025-035634,1,PROD-030,1,49.3,43.26
ORD-2025-035634,2,PROD-004,1,20.28,17.09
ORD-2025-035635,1,PROD-005,1,20.28,19.72
ORD-2025-035636,1,PROD-039,3,8.17,22.22
ORD-2025-035636,2,PROD-042,3,73.24,217.06
ORD-2025-035636,3,PROD-013,1,11.9,10.27
ORD-2025-035637,1,PROD-004,1,20.28,19.9
ORD-2025-035638,1,PROD-001,1,12.9,12.1
ORD-2025-035638,2,PROD-034,2,9.01,16.35
ORD-2025-035638,3,PROD-013,2,11.9,21.83
ORD-2025-035639,1,PROD-014,2,9.9,17.71
ORD-2025-035640,1,PROD-004,2,20.28,37.66
ORD-2025-035641,1,PROD-011,2,14.9,23.25
ORD-2025-035642,1,PROD-041,2,11.83,22.09
ORD-2025-035643,1,PROD-004,1,20.28,16.24
ORD-2025-035644,1,PROD-010,2,38.03,63.28
ORD-2025-035645,1,PROD-016,2,8.9,17.13
ORD-2025-035646,1,PROD-003,1,14.37,12.81
ORD-2025-035647,1,PROD-004,1,20.28,16.87
ORD-2025-035648,1,PROD-004,1,20.28,20.23
ORD-2025-035649,1,PROD-010,1,38.03,26.46
ORD-2025-035650,1,PROD-021,1,15.49,13.27
ORD-2025-035651,1,PROD-032,2,19.72,35.2
ORD-2025-035651,2,PROD-003,1,14.37,13.23
ORD-2025-035651,3,PROD-001,1,12.9,9.45
ORD-2025-035652,1,PROD-041,4,11.83,46.18
ORD-2025-035652,2,PROD-027,1,21.13,17.4
ORD-2025-035653,1,PROD-005,1,20.28,18.36
ORD-2025-035654,1,PROD-032,1,19.72,17.06
ORD-2025-035654,2,PROD-050,1,61.97,50.02
ORD-2025-035655,1,PROD-035,1,10.14,9.07
ORD-2025-035655,2,PROD-002,2,11.9,14.03
ORD-2025-035656,1,PROD-004,2,20.28,38.7
ORD-2025-035656,2,PROD-034,2,9.01,17.19
ORD-2025-035656,3,PROD-041,2,11.83,21.74
ORD-2025-035657,1,PROD-039,1,8.17,6.93
ORD-2025-035658,1,PROD-033,3,52.11,146.39
ORD-2025-035659,1,PROD-011,2,14.9,26.45
ORD-2025-035659,2,PROD-002,1,11.9,9.21
ORD-2025-035660,1,PROD-055,1,74.65,67.14
ORD-2025-035661,1,PROD-059,1,52.11,47.0
ORD-2025-035662,1,PROD-003,1,14.37,13.63
ORD-2025-035662,2,PROD-017,1,12.5,10.21
ORD-2025-035663,1,PROD-041,1,11.83,11.0
ORD-2025-035664,1,PROD-014,2,9.9,19.77
ORD-2025-035665,1,PROD-007,1,17.18,15.21
ORD-2025-035666,1,PROD-037,1,9.86,7.86
ORD-2025-035666,2,PROD-003,1,14.37,12.69
ORD-2025-035666,3,PROD-032,2,19.72,32.83
ORD-2025-035666,4,PROD-005,3,20.28,53.16
ORD-2025-035667,1,PROD-007,1,17.18,15.53
ORD-2025-035668,1,PROD-007,1,17.18,15.2
ORD-2025-035668,2,PROD-004,1,20.28,16.03
ORD-2025-035668,3,PROD-006,3,32.39,93.5
ORD-2025-035669,1,PROD-004,2,20.28,29.99
ORD-2025-035670,1,PROD-022,1,9.01,7.05
ORD-2025-035670,2,PROD-011,3,14.9,28.77
ORD-2025-035671,1,PROD-002,1,11.9,11.65
ORD-2025-035671,2,PROD-034,3,9.01,24.31
ORD-2025-035672,1,PROD-036,2,11.55,22.61
ORD-2025-035672,2,PROD-003,1,14.37,14.23
ORD-2025-035673,1,PROD-038,1,7.89,7.4
ORD-2025-035674,1,PROD-022,1,9.01,8.71
ORD-2025-035674,2,PROD-041,2,11.83,0.0
ORD-2025-035674,3,PROD-014,1,9.9,9.8
ORD-2025-035675,1,PROD-051,1,36.06,34.26
ORD-2025-035676,1,PROD-001,2,12.9,22.48
ORD-2025-035677,1,PROD-006,1,32.39,30.92
ORD-2025-035678,1,PROD-005,2,20.28,29.8
ORD-2025-035679,1,PROD-004,3,20.28,60.5
ORD-2025-035679,2,PROD-044,1,40.85,39.15
ORD-2025-035680,1,PROD-006,2,32.39,47.08
ORD-2025-035681,1,PROD-011,1,14.9,13.63
ORD-2025-035681,2,PROD-023,1,7.89,7.1
ORD-2025-035682,1,PROD-022,1,9.01,6.45
ORD-2025-035682,2,PROD-036,1,11.55,8.44
ORD-2025-035682,3,PROD-026,1,14.65,6.59
ORD-2025-035683,1,PROD-004,2,20.28,34.64
ORD-2025-035684,1,PROD-011,2,14.9,27.34
ORD-2025-035685,1,PROD-011,3,14.9,38.46
ORD-2025-035686,1,PROD-006,1,32.39,30.0
ORD-2025-035687,1,PROD-005,2,20.28,31.25
ORD-2025-035688,1,PROD-007,3,17.18,45.15
ORD-2025-035689,1,PROD-004,1,20.28,16.35
ORD-2025-035690,1,PROD-007,1,17.18,15.51
ORD-2025-035690,2,PROD-003,2,14.37,21.51
ORD-2025-035691,1,PROD-004,1,20.28,15.65
ORD-2025-035691,2,PROD-007,1,17.18,15.82
ORD-2025-035691,3,PROD-002,1,11.9,11.52
ORD-2025-035691,4,PROD-050,1,61.97,59.53
ORD-2025-035692,1,PROD-016,2,8.9,13.26
ORD-2025-035692,2,PROD-032,1,19.72,18.22
ORD-2025-035692,3,PROD-037,1,9.86,6.73
ORD-2025-035692,4,PROD-049,1,80.28,71.85
ORD-2025-035693,1,PROD-002,1,11.9,11.8
ORD-2025-035694,1,PROD-006,1,32.39,31.45
ORD-2025-035695,1,PROD-042,1,73.24,47.25
ORD-2025-035695,2,PROD-019,1,29.58,25.31
ORD-2025-035696,1,PROD-016,1,8.9,8.14
ORD-2025-035696,2,PROD-004,3,20.28,60.35
ORD-2025-035696,3,PROD-001,2,12.9,24.97
ORD-2025-035697,1,PROD-025,1,21.97,20.2
ORD-2025-035698,1,PROD-028,2,17.18,33.26
ORD-2025-035698,2,PROD-005,1,20.28,19.08
ORD-2025-035699,1,PROD-010,3,38.03,98.89
ORD-2025-035700,1,PROD-023,2,7.89,13.54
ORD-2025-035701,1,PROD-034,1,9.01,8.63
ORD-2025-035701,2,PROD-040,1,15.21,13.82
ORD-2025-035701,3,PROD-041,2,11.83,21.7
ORD-2025-035701,4,PROD-006,2,32.39,59.57
ORD-2025-035701,5,PROD-001,2,12.9,18.51
ORD-2025-035702,1,PROD-021,1,15.49,15.19
ORD-2025-035703,1,PROD-021,2,15.49,26.21
ORD-2025-035703,2,PROD-008,3,9.9,24.56
ORD-2025-035703,3,PROD-007,1,17.18,12.46
ORD-2025-035703,4,PROD-002,1,11.9,10.69
ORD-2025-035704,1,PROD-030,1,49.3,42.79
ORD-2025-035705,1,PROD-038,1,7.89,5.85
ORD-2025-035706,1,PROD-001,1,12.9,11.12
ORD-2025-035706,2,PROD-007,2,17.18,32.03
ORD-2025-035706,3,PROD-006,3,32.39,93.88
ORD-2025-035707,1,PROD-038,2,7.89,15.52
ORD-2025-035708,1,PROD-019,2,29.58,35.41
ORD-2025-035709,1,PROD-016,2,8.9,17.37
ORD-2025-035710,1,PROD-036,1,11.55,7.08
ORD-2025-035710,2,PROD-005,2,20.28,31.6
ORD-2025-035710,3,PROD-034,3,9.01,22.03
ORD-2025-035711,1,PROD-055,1,74.65,64.18
ORD-2025-035711,2,PROD-049,1,80.28,60.39
ORD-2025-035712,1,PROD-017,1,12.5,11.32
ORD-2025-035713,1,PROD-004,1,20.28,19.6
ORD-2025-035714,1,PROD-004,1,20.28,15.64
ORD-2025-035714,2,PROD-034,1,9.01,5.66
ORD-2025-035715,1,PROD-005,2,20.28,37.69
ORD-2025-035716,1,PROD-007,1,17.18,15.42
ORD-2025-035717,1,PROD-004,2,20.28,40.33
ORD-2025-035718,1,PROD-013,2,11.9,16.02
ORD-2025-035719,1,PROD-017,1,12.5,11.45
ORD-2025-035719,2,PROD-032,1,19.72,11.0
ORD-2025-035719,3,PROD-041,3,11.83,28.01
ORD-2025-035720,1,PROD-004,1,20.28,18.9
ORD-2025-035721,1,PROD-021,1,15.49,14.25
ORD-2025-035722,1,PROD-002,1,11.9,10.98
ORD-2025-035722,2,PROD-041,1,11.83,11.42
ORD-2025-035722,3,PROD-004,1,20.28,18.9
ORD-2025-035723,1,PROD-001,1,12.9,11.47
ORD-2025-035724,1,PROD-022,2,9.01,16.42
ORD-2025-035725,1,PROD-005,1,20.28,18.97
ORD-2025-035726,1,PROD-010,1,38.03,34.0
ORD-2025-035727,1,PROD-024,1,8.73,7.29
ORD-2025-035727,2,PROD-039,2,8.17,13.32
ORD-2025-035728,1,PROD-003,1,14.37,14.07
ORD-2025-035728,2,PROD-035,4,10.14,38.08
ORD-2025-035728,3,PROD-039,1,8.17,6.77
ORD-2025-035729,1,PROD-037,1,9.86,8.87
ORD-2025-035729,2,PROD-012,2,18.5,36.37
ORD-2025-035729,3,PROD-003,1,14.37,10.23
ORD-2025-035730,1,PROD-034,1,9.01,8.29
ORD-2025-035730,2,PROD-012,1,18.5,17.89
ORD-2025-035731,1,PROD-013,3,11.9,28.13
ORD-2025-035731,2,PROD-005,1,20.28,15.1
ORD-2025-035731,3,PROD-003,1,14.37,10.03
ORD-2025-035732,1,PROD-006,1,32.39,24.74
ORD-2025-035733,1,PROD-002,2,11.9,19.08
ORD-2025-035733,2,PROD-035,2,10.14,11.42
ORD-2025-035733,3,PROD-010,1,38.03,27.2
ORD-2025-035734,1,PROD-024,1,8.73,8.17
ORD-2025-035735,1,PROD-001,1,12.9,10.14
ORD-2025-035736,1,PROD-032,3,19.72,52.52
ORD-2025-035737,1,PROD-008,3,9.9,28.42
ORD-2025-035737,2,PROD-006,1,32.39,30.92
ORD-2025-035738,1,PROD-003,1,14.37,13.46
ORD-2025-035739,1,PROD-008,1,9.9,9.09
ORD-2025-035740,1,PROD-004,1,20.28,15.07
ORD-2025-035740,2,PROD-002,1,11.9,11.6
ORD-2025-035740,3,PROD-029,1,24.79,23.88
ORD-2025-035741,1,PROD-016,3,8.9,25.1
ORD-2025-035742,1,PROD-039,1,8.17,7.7
ORD-2025-035743,1,PROD-006,2,32.39,53.96
ORD-2025-035744,1,PROD-006,2,32.39,62.89
ORD-2025-035744,2,PROD-005,2,20.28,39.13
ORD-2025-035744,3,PROD-034,1,9.01,8.98
ORD-2025-035745,1,PROD-012,1,18.5,16.81
ORD-2025-035745,2,PROD-006,3,32.39,90.14
ORD-2025-035745,3,PROD-003,2,14.37,26.28
ORD-2025-035746,1,PROD-041,2,11.83,22.42
ORD-2025-035746,2,PROD-035,1,10.14,10.04
ORD-2025-035746,3,PROD-004,1,20.28,18.98
ORD-2025-035747,1,PROD-005,2,20.28,34.14
ORD-2025-035747,2,PROD-051,1,36.06,36.03
ORD-2025-035748,1,PROD-019,2,29.58,45.67
ORD-2025-035749,1,PROD-005,1,20.28,20.07
ORD-2025-035749,2,PROD-017,1,12.5,12.05
ORD-2025-035750,1,PROD-042,1,73.24,63.32
ORD-2025-035751,1,PROD-035,1,10.14,8.3
ORD-2025-035752,1,PROD-004,1,20.28,16.99
ORD-2025-035753,1,PROD-038,2,7.89,10.93
ORD-2025-035754,1,PROD-003,1,14.37,13.79
ORD-2025-035755,1,PROD-004,2,20.28,38.85
ORD-2025-035755,2,PROD-039,2,8.17,15.64
ORD-2025-035756,1,PROD-001,1,12.9,11.83
ORD-2025-035756,2,PROD-019,2,29.58,55.99
ORD-2025-035757,1,PROD-053,1,53.52,51.49
ORD-2025-035758,1,PROD-016,2,8.9,14.57
ORD-2025-035759,1,PROD-054,1,59.15,55.67
ORD-2025-035760,1,PROD-036,4,11.55,39.12
ORD-2025-035760,2,PROD-021,2,15.49,25.76
ORD-2025-035761,1,PROD-002,1,11.9,11.66
ORD-2025-035761,2,PROD-040,1,15.21,14.76
ORD-2025-035761,3,PROD-003,1,14.37,13.68
ORD-2025-035762,1,PROD-006,1,32.39,26.37
ORD-2025-035763,1,PROD-027,1,21.13,20.15
ORD-2025-035764,1,PROD-004,1,20.28,18.16
ORD-2025-035764,2,PROD-002,3,11.9,28.84
ORD-2025-035765,1,PROD-004,1,20.28,19.35
ORD-2025-035766,1,PROD-007,1,17.18,14.91
ORD-2025-035766,2,PROD-006,1,32.39,28.9
ORD-2025-035766,3,PROD-041,1,11.83,10.98
ORD-2025-035767,1,PROD-029,1,24.79,24.01
ORD-2025-035768,1,PROD-041,2,11.83,21.88
ORD-2025-035769,1,PROD-004,2,20.28,36.48
ORD-2025-035770,1,PROD-003,1,14.37,12.81
ORD-2025-035770,2,PROD-035,1,10.14,9.68
ORD-2025-035771,1,PROD-034,1,9.01,8.63
ORD-2025-035772,1,PROD-015,1,26.76,24.86
ORD-2025-035772,2,PROD-038,2,7.89,13.84
ORD-2025-035773,1,PROD-024,1,8.73,8.12
ORD-2025-035773,2,PROD-005,1,20.28,19.29
ORD-2025-035773,3,PROD-035,1,10.14,9.72
ORD-2025-035774,1,PROD-016,1,8.9,8.77
ORD-2025-035775,1,PROD-001,1,12.9,12.59
ORD-2025-035776,1,PROD-036,1,11.55,9.77
ORD-2025-035777,1,PROD-040,1,15.21,10.11
ORD-2025-035778,1,PROD-035,2,10.14,19.82
ORD-2025-035779,1,PROD-001,1,12.9,12.3
ORD-2025-035780,1,PROD-002,1,11.9,11.72
ORD-2025-035780,2,PROD-036,1,11.55,11.03
ORD-2025-035780,3,PROD-032,2,19.72,38.94
ORD-2025-035780,4,PROD-029,1,24.79,23.93
ORD-2025-035781,1,PROD-006,1,32.39,31.76
ORD-2025-035781,2,PROD-022,1,9.01,8.7
ORD-2025-035782,1,PROD-002,1,11.9,11.18
ORD-2025-035783,1,PROD-040,1,15.21,14.65
ORD-2025-035783,2,PROD-012,2,18.5,29.8
ORD-2025-035783,3,PROD-011,1,14.9,12.57
ORD-2025-035784,1,PROD-044,1,40.85,37.71
ORD-2025-035785,1,PROD-006,2,32.39,55.76
ORD-2025-035785,2,PROD-033,1,52.11,43.99
ORD-2025-035785,3,PROD-002,1,11.9,9.64
ORD-2025-035786,1,PROD-010,1,38.03,31.69
ORD-2025-035787,1,PROD-001,1,12.9,10.26
ORD-2025-035787,2,PROD-030,1,49.3,45.95
ORD-2025-035788,1,PROD-050,1,61.97,34.07
ORD-2025-035789,1,PROD-014,1,9.9,8.07
ORD-2025-035789,2,PROD-001,1,12.9,7.65
ORD-2025-035789,3,PROD-006,1,32.39,30.49
ORD-2025-035790,1,PROD-027,1,21.13,20.29
ORD-2025-035791,1,PROD-006,2,32.39,61.35
ORD-2025-035791,2,PROD-034,1,9.01,7.65
ORD-2025-035792,1,PROD-004,1,20.28,19.52
ORD-2025-035793,1,PROD-005,2,20.28,34.88
ORD-2025-035794,1,PROD-039,1,8.17,7.98
ORD-2025-035794,2,PROD-035,2,10.14,18.65
ORD-2025-035794,3,PROD-004,3,20.28,59.7
ORD-2025-035795,1,PROD-005,2,20.28,36.0
ORD-2025-035795,2,PROD-001,1,12.9,12.59
ORD-2025-035796,1,PROD-008,1,9.9,9.86
ORD-2025-035797,1,PROD-005,3,20.28,46.57
ORD-2025-035798,1,PROD-008,2,9.9,19.55
ORD-2025-035799,1,PROD-021,2,15.49,22.95
ORD-2025-035799,2,PROD-024,1,8.73,5.51
ORD-2025-035800,1,PROD-005,1,20.28,18.49
ORD-2025-035800,2,PROD-002,1,11.9,10.95
ORD-2025-035800,3,PROD-004,3,20.28,52.33
ORD-2025-035801,1,PROD-041,4,11.83,46.42
ORD-2025-035801,2,PROD-013,2,11.9,21.15
ORD-2025-035801,3,PROD-012,1,18.5,18.31
ORD-2025-035802,1,PROD-016,1,8.9,8.53
ORD-2025-035802,2,PROD-001,1,12.9,12.8
ORD-2025-035802,3,PROD-041,1,11.83,10.42
ORD-2025-035803,1,PROD-004,2,20.28,40.18
ORD-2025-035804,1,PROD-001,1,12.9,11.87
ORD-2025-035805,1,PROD-034,1,9.01,8.36
ORD-2025-035806,1,PROD-005,2,20.28,38.5
ORD-2025-035807,1,PROD-006,1,32.39,27.29
ORD-2025-035807,2,PROD-051,1,36.06,34.62
ORD-2025-035808,1,PROD-008,1,9.9,9.76
ORD-2025-035808,2,PROD-006,1,32.39,31.09
ORD-2025-035809,1,PROD-006,1,32.39,28.84
ORD-2025-035809,2,PROD-021,1,15.49,13.7
ORD-2025-035810,1,PROD-002,1,11.9,11.85
ORD-2025-035811,1,PROD-001,1,12.9,12.83
ORD-2025-035812,1,PROD-001,1,12.9,12.63
ORD-2025-035812,2,PROD-022,1,9.01,8.97
ORD-2025-035812,3,PROD-019,2,29.58,57.58
ORD-2025-035813,1,PROD-035,1,10.14,10.11
ORD-2025-035814,1,PROD-008,1,9.9,9.65
ORD-2025-035815,1,PROD-030,1,49.3,35.33
ORD-2025-035816,1,PROD-016,1,8.9,7.52
ORD-2025-035817,1,PROD-006,2,32.39,56.14
ORD-2025-035817,2,PROD-011,1,14.9,11.77
ORD-2025-035818,1,PROD-003,2,14.37,27.95
ORD-2025-035819,1,PROD-004,1,20.28,19.67
ORD-2025-035820,1,PROD-028,1,17.18,16.64
ORD-2025-035821,1,PROD-011,1,14.9,10.08
ORD-2025-035822,1,PROD-013,1,11.9,10.67
ORD-2025-035822,2,PROD-031,1,53.52,46.94
ORD-2025-035822,3,PROD-011,2,14.9,24.37
ORD-2025-035823,1,PROD-020,1,10.14,9.58
ORD-2025-035823,2,PROD-037,1,9.86,8.85
ORD-2025-035823,3,PROD-040,1,15.21,14.82
ORD-2025-035824,1,PROD-022,1,9.01,8.12
ORD-2025-035825,1,PROD-003,1,14.37,14.3
ORD-2025-035826,1,PROD-001,1,12.9,12.51
ORD-2025-035826,2,PROD-003,1,14.37,12.88
ORD-2025-035826,3,PROD-034,1,9.01,8.55
ORD-2025-035827,1,PROD-031,2,53.52,94.74
ORD-2025-035828,1,PROD-052,1,46.48,43.74
ORD-2025-035829,1,PROD-002,1,11.9,11.69
ORD-2025-035829,2,PROD-004,2,20.28,40.11
ORD-2025-035830,1,PROD-005,1,20.28,16.02
ORD-2025-035831,1,PROD-001,1,12.9,11.8
ORD-2025-035832,1,PROD-006,2,32.39,58.7
ORD-2025-035832,2,PROD-016,1,8.9,7.88
ORD-2025-035832,3,PROD-039,1,8.17,7.33
ORD-2025-035833,1,PROD-006,1,32.39,31.49
ORD-2025-035833,2,PROD-036,1,11.55,10.44
ORD-2025-035834,1,PROD-004,1,20.28,19.67
ORD-2025-035835,1,PROD-035,2,10.14,18.97
ORD-2025-035836,1,PROD-036,1,11.55,5.8
ORD-2025-035837,1,PROD-036,1,11.55,11.01
ORD-2025-035838,1,PROD-004,2,20.28,38.84
ORD-2025-035838,2,PROD-034,2,9.01,17.54
ORD-2025-035839,1,PROD-007,1,17.18,17.15
ORD-2025-035840,1,PROD-006,3,32.39,89.76
ORD-2025-035841,1,PROD-013,2,11.9,23.21
ORD-2025-035842,1,PROD-004,2,20.28,32.85
ORD-2025-035843,1,PROD-035,1,10.14,8.87
ORD-2025-035843,2,PROD-004,1,20.28,15.81
ORD-2025-035844,1,PROD-054,1,59.15,56.39
ORD-2025-035845,1,PROD-004,2,20.28,38.76
ORD-2025-035846,1,PROD-004,2,20.28,38.42
ORD-2025-035846,2,PROD-034,1,9.01,8.76
ORD-2025-035846,3,PROD-005,2,20.28,38.32
ORD-2025-035847,1,PROD-039,2,8.17,15.62
ORD-2025-035847,2,PROD-050,1,61.97,46.4
ORD-2025-035848,1,PROD-037,1,9.86,9.36
ORD-2025-035849,1,PROD-001,1,12.9,11.23
ORD-2025-035849,2,PROD-034,2,9.01,16.59
ORD-2025-035850,1,PROD-007,1,17.18,14.97
ORD-2025-035850,2,PROD-012,1,18.5,16.67
ORD-2025-035850,3,PROD-004,1,20.28,14.94
ORD-2025-035851,1,PROD-013,1,11.9,10.35
ORD-2025-035851,2,PROD-005,3,20.28,56.54
ORD-2025-035851,3,PROD-006,2,32.39,57.89
ORD-2025-035851,4,PROD-040,2,15.21,24.43
ORD-2025-035852,1,PROD-003,1,14.37,13.96
ORD-2025-035852,2,PROD-001,1,12.9,11.84
ORD-2025-035853,1,PROD-034,1,9.01,8.8
ORD-2025-035853,2,PROD-004,1,20.28,19.81
ORD-2025-035854,1,PROD-028,1,17.18,15.43
ORD-2025-035855,1,PROD-003,1,14.37,10.86
ORD-2025-035856,1,PROD-006,2,32.39,62.35
ORD-2025-035857,1,PROD-001,1,12.9,12.52
ORD-2025-035857,2,PROD-006,2,32.39,64.57
ORD-2025-035858,1,PROD-051,1,36.06,35.7
ORD-2025-035858,2,PROD-011,1,14.9,12.34
ORD-2025-035859,1,PROD-003,1,14.37,11.99
ORD-2025-035859,2,PROD-034,2,9.01,14.13
ORD-2025-035859,3,PROD-016,2,8.9,15.02
ORD-2025-035860,1,PROD-020,1,10.14,9.8
ORD-2025-035861,1,PROD-040,1,15.21,14.41
ORD-2025-035862,1,PROD-025,1,21.97,19.9
ORD-2025-035862,2,PROD-002,2,11.9,21.39
ORD-2025-035863,1,PROD-051,1,36.06,30.12
ORD-2025-035864,1,PROD-020,1,10.14,9.19
ORD-2025-035864,2,PROD-004,3,20.28,59.28
ORD-2025-035864,3,PROD-013,3,11.9,34.79
ORD-2025-035865,1,PROD-011,3,14.9,38.4
ORD-2025-035866,1,PROD-002,1,11.9,11.0
ORD-2025-035867,1,PROD-011,1,14.9,14.35
ORD-2025-035867,2,PROD-001,1,12.9,12.8
ORD-2025-035867,3,PROD-002,1,11.9,11.55
ORD-2025-035868,1,PROD-004,1,20.28,17.74
ORD-2025-035869,1,PROD-035,1,10.14,9.28
ORD-2025-035869,2,PROD-050,1,61.97,51.35
ORD-2025-035869,3,PROD-041,3,11.83,33.53
ORD-2025-035869,4,PROD-008,2,9.9,18.64
ORD-2025-035869,5,PROD-034,1,9.01,8.97
ORD-2025-035870,1,PROD-032,1,19.72,18.5
ORD-2025-035871,1,PROD-053,1,53.52,44.51
ORD-2025-035872,1,PROD-023,1,7.89,7.52
ORD-2025-035872,2,PROD-010,1,38.03,37.55
ORD-2025-035873,1,PROD-011,2,14.9,27.99
ORD-2025-035874,1,PROD-006,2,32.39,63.54
ORD-2025-035875,1,PROD-004,1,20.28,18.39
ORD-2025-035875,2,PROD-039,1,8.17,7.57
ORD-2025-035876,1,PROD-021,2,15.49,22.43
ORD-2025-035877,1,PROD-001,3,12.9,33.51
ORD-2025-035877,2,PROD-028,1,17.18,15.89
ORD-2025-035878,1,PROD-038,1,7.89,6.24
ORD-2025-035878,2,PROD-016,3,8.9,23.08
ORD-2025-035878,3,PROD-040,2,15.21,21.98
ORD-2025-035879,1,PROD-008,1,9.9,9.54
ORD-2025-035880,1,PROD-008,1,9.9,9.69
ORD-2025-035881,1,PROD-011,1,14.9,14.61
ORD-2025-035882,1,PROD-001,2,12.9,25.34
ORD-2025-035882,2,PROD-011,2,14.9,29.05
ORD-2025-035882,3,PROD-034,2,9.01,16.93
ORD-2025-035883,1,PROD-041,2,11.83,22.02
ORD-2025-035884,1,PROD-004,1,20.28,17.58
ORD-2025-035885,1,PROD-004,1,20.28,19.06
ORD-2025-035885,2,PROD-007,2,17.18,30.14
ORD-2025-035885,3,PROD-005,1,20.28,18.57
ORD-2025-035886,1,PROD-003,2,14.37,17.8
ORD-2025-035887,1,PROD-035,2,10.14,19.6
ORD-2025-035887,2,PROD-030,2,49.3,96.51
ORD-2025-035887,3,PROD-005,1,20.28,19.64
ORD-2025-035887,4,PROD-049,1,80.28,78.11
ORD-2025-035888,1,PROD-001,1,12.9,12.38
ORD-2025-035889,1,PROD-006,2,32.39,62.16
ORD-2025-035890,1,PROD-029,1,24.79,24.77
ORD-2025-035891,1,PROD-032,3,19.72,52.72
ORD-2025-035892,1,PROD-003,1,14.37,12.13
ORD-2025-035893,1,PROD-006,1,32.39,28.73
ORD-2025-035894,1,PROD-001,2,12.9,18.12
ORD-2025-035894,2,PROD-004,1,20.28,18.96
ORD-2025-035894,3,PROD-034,2,9.01,15.36
ORD-2025-035895,1,PROD-007,3,17.18,39.59
ORD-2025-035895,2,PROD-002,2,11.9,18.53
ORD-2025-035895,3,PROD-003,1,14.37,13.73
ORD-2025-035896,1,PROD-026,1,14.65,13.74
ORD-2025-035896,2,PROD-003,2,14.37,25.92
ORD-2025-035897,1,PROD-020,1,10.14,9.87
ORD-2025-035897,2,PROD-003,2,14.37,27.73
ORD-2025-035897,3,PROD-005,1,20.28,16.83
ORD-2025-035897,4,PROD-027,1,21.13,20.16
ORD-2025-035897,5,PROD-001,2,12.9,22.76
ORD-2025-035898,1,PROD-002,1,11.9,10.89
ORD-2025-035898,2,PROD-005,3,20.28,59.3
ORD-2025-035898,3,PROD-022,2,9.01,17.34
ORD-2025-035899,1,PROD-010,2,38.03,68.91
ORD-2025-035900,1,PROD-005,1,20.28,16.3
ORD-2025-035900,2,PROD-025,1,21.97,19.96
ORD-2025-035900,3,PROD-037,1,9.86,9.06
ORD-2025-035901,1,PROD-020,2,10.14,19.43
ORD-2025-035901,2,PROD-027,1,21.13,20.72
ORD-2025-035902,1,PROD-035,4,10.14,39.41
ORD-2025-035902,2,PROD-005,1,20.28,19.43
ORD-2025-035903,1,PROD-032,1,19.72,17.62
ORD-2025-035904,1,PROD-002,1,11.9,11.36
ORD-2025-035904,2,PROD-035,2,10.14,20.11
ORD-2025-035904,3,PROD-020,1,10.14,9.55
ORD-2025-035905,1,PROD-051,1,36.06,26.27
ORD-2025-035905,2,PROD-005,1,20.28,17.19
ORD-2025-035905,3,PROD-008,1,9.9,7.9
ORD-2025-035906,1,PROD-001,1,12.9,12.6
ORD-2025-035906,2,PROD-041,1,11.83,11.53
ORD-2025-035907,1,PROD-004,1,20.28,18.97
ORD-2025-035907,2,PROD-003,2,14.37,27.97
ORD-2025-035908,1,PROD-022,1,9.01,8.53
ORD-2025-035908,2,PROD-035,2,10.14,18.69
ORD-2025-035908,3,PROD-034,3,9.01,26.71
ORD-2025-035909,1,PROD-007,1,17.18,16.72
ORD-2025-035909,2,PROD-026,1,14.65,14.43
ORD-2025-035910,1,PROD-007,2,17.18,31.53
ORD-2025-035910,2,PROD-004,2,20.28,39.46
ORD-2025-035911,1,PROD-053,1,53.52,37.9
ORD-2025-035911,2,PROD-040,3,15.21,31.2
ORD-2025-035912,1,PROD-022,1,9.01,5.04
ORD-2025-035912,2,PROD-036,3,11.55,26.4
ORD-2025-035913,1,PROD-045,1,72.68,69.82
ORD-2025-035914,1,PROD-003,1,14.37,13.0
ORD-2025-035914,2,PROD-037,2,9.86,15.29
ORD-2025-035915,1,PROD-004,1,20.28,19.47
ORD-2025-035916,1,PROD-048,1,55.77,44.82
ORD-2025-035917,1,PROD-003,3,14.37,42.49
ORD-2025-035918,1,PROD-004,1,20.28,20.21
ORD-2025-035918,2,PROD-027,1,21.13,21.03
ORD-2025-035919,1,PROD-002,1,11.9,10.25
ORD-2025-035919,2,PROD-058,1,39.44,38.24
ORD-2025-035920,1,PROD-048,1,55.77,33.67
ORD-2025-035921,1,PROD-010,1,38.03,35.36
ORD-2025-035921,2,PROD-011,1,14.9,12.9
ORD-2025-035922,1,PROD-003,1,14.37,11.92
ORD-2025-035923,1,PROD-008,2,9.9,16.97
ORD-2025-035924,1,PROD-005,1,20.28,15.87
ORD-2025-035925,1,PROD-007,1,17.18,15.81
ORD-2025-035926,1,PROD-034,1,9.01,8.71
ORD-2025-035927,1,PROD-030,2,49.3,84.7
ORD-2025-035928,1,PROD-002,1,11.9,9.22
ORD-2025-035928,2,PROD-021,1,15.49,13.59
ORD-2025-035929,1,PROD-022,1,9.01,8.42
ORD-2025-035930,1,PROD-045,1,72.68,53.11
ORD-2025-035930,2,PROD-001,2,12.9,24.18
ORD-2025-035931,1,PROD-039,2,8.17,15.87
ORD-2025-035931,2,PROD-005,1,20.28,18.95
ORD-2025-035932,1,PROD-026,1,14.65,9.42
ORD-2025-035933,1,PROD-004,1,20.28,16.14
ORD-2025-035933,2,PROD-015,1,26.76,23.2
ORD-2025-035934,1,PROD-011,1,14.9,14.0
ORD-2025-035935,1, PROD-041 ,2,11.83,20.0
ORD-2025-035935,2,PROD-029,1,24.79,19.91
ORD-2025-035936,1,PROD-040,1,15.21,13.26
ORD-2025-035936,2,PROD-034,1,9.01,8.03
ORD-2025-035936,3,PROD-039,1,8.17,7.14
ORD-2025-035936,4,PROD-035,2,10.14,16.4
ORD-2025-035937,1,PROD-002,2,11.9,22.29
ORD-2025-035938,1,PROD-037,1,9.86,9.68
ORD-2025-035939,1,PROD-005,2,20.28,39.46
ORD-2025-035939,2,PROD-036,2,11.55,22.0
ORD-2025-035940,1,PROD-003,1,14.37,11.3
ORD-2025-035940,2,PROD-034,1,9.01,6.58
ORD-2025-035941,1,PROD-004,1,20.28,18.82
ORD-2025-035942,1,PROD-005,1,20.28,15.22
ORD-2025-035943,1,PROD-052,1,46.48,39.98
ORD-2025-035944,1,PROD-036,2,11.55,22.85
ORD-2025-035945,1,PROD-039,1,8.17,7.17
ORD-2025-035945,2,PROD-036,1,11.55,9.59
ORD-2025-035946,1,PROD-005,1,20.28,15.18
ORD-2025-035947,1,PROD-004,3,20.28,54.57
ORD-2025-035947,2,PROD-006,1,32.39,22.4
ORD-2025-035947,3,PROD-016,2,8.9,17.78
ORD-2025-035948,1,PROD-014,1,9.9,8.26
ORD-2025-035949,1,PROD-053,1,53.52,52.09
ORD-2025-035949,2,PROD-027,1,21.13,20.97
ORD-2025-035950,1,PROD-006,2,32.39,60.67
ORD-2025-035951,1,PROD-001,2,12.9,23.83
ORD-2025-035952,1,PROD-012,1,18.5,16.77
ORD-2025-035953,1,PROD-041,2,11.83,22.98
ORD-2025-035953,2,PROD-028,2,17.18,32.03
ORD-2025-035954,1,PROD-036,2,11.55,21.9
ORD-2025-035955,1,PROD-004,2,20.28,35.14
ORD-2025-035955,2,PROD-006,3,32.39,90.8
ORD-2025-035956,1,PROD-032,1,19.72,17.61
ORD-2025-035957,1,PROD-011,2,14.9,29.52
ORD-2025-035958,1,PROD-035,1,10.14,9.56
ORD-2025-035958,2,PROD-001,2,12.9,23.35
ORD-2025-035958,3,PROD-037,2,9.86,17.4
ORD-2025-035959,1,PROD-001,1,12.9,12.56
ORD-2025-035960,1,PROD-029,2,24.79,48.59
ORD-2025-035960,2,PROD-002,2,11.9,22.69
ORD-2025-035961,1,PROD-006,3,32.39,82.26
ORD-2025-035962,1,PROD-032,1,19.72,15.1
ORD-2025-035963,1,PROD-004,3,20.28,47.7
ORD-2025-035964,1,PROD-019,1,29.58,25.12
ORD-2025-035965,1,PROD-015,1,26.76,23.51
ORD-2025-035966,1,PROD-003,2,14.37,27.2
ORD-2025-035967,1,PROD-001,1,12.9,12.86
ORD-2025-035967,2,PROD-023,1,7.89,7.82
ORD-2025-035968,1,PROD-004,1,20.28,17.37
ORD-2025-035968,2,PROD-007,1,17.18,17.02
ORD-2025-035969,1,PROD-041,4,11.83,44.94
ORD-2025-035970,1,PROD-004,2,20.28,28.62
ORD-2025-035971,1,PROD-003,1,14.37,11.41
ORD-2025-035971,2,PROD-038,1,7.89,6.73
ORD-2025-035971,3,PROD-022,1,9.01,6.83
ORD-2025-035972,1,PROD-007,3,17.18,39.08
ORD-2025-035973,1,PROD-001,1,12.9,9.37
ORD-2025-035974,1,PROD-004,1,20.28,19.64
ORD-2025-035975,1,PROD-020,1,10.14,9.86
ORD-2025-035975,2,PROD-044,1,40.85,39.62
ORD-2025-035976,1,PROD-003,1,14.37,13.96
ORD-2025-035977,1,PROD-014,1,9.9,9.89
ORD-2025-035978,1,PROD-005,1,20.28,20.16
ORD-2025-035979,1,PROD-042,1,73.24,65.78
ORD-2025-035980,1,PROD-004,1,20.28,17.08
ORD-2025-035981,1,PROD-003,1,14.37,13.66
ORD-2025-035981,2,PROD-017,1,12.5,11.7
ORD-2025-035981,3,PROD-039,1,8.17,7.3
ORD-2025-035981,4,PROD-007,1,17.18,16.65
ORD-2025-035981,5,PROD-012,1,18.5,17.55
ORD-2025-035982,1,PROD-017,2,12.5,23.38
ORD-2025-035983,1,PROD-040,3,15.21,37.32
ORD-2025-035984,1,PROD-001,1,12.9,9.07
ORD-2025-035985,1,PROD-004,2,20.28,39.57
ORD-2025-035986,1,PROD-004,1,20.28,18.01
ORD-2025-035987,1,PROD-004,1,20.28,20.09
ORD-2025-035987,2,PROD-035,3,10.14,28.84
ORD-2025-035987,3,PROD-021,1,15.49,15.25
ORD-2025-035988,1,PROD-001,1,12.9,12.28
ORD-2025-035989,1,PROD-034,1,9.01,8.62
ORD-2025-035990,1,PROD-004,1,20.28,19.1
ORD-2025-035991,1,PROD-002,1,11.9,11.57
ORD-2025-035992,1,PROD-034,2,9.01,17.12
ORD-2025-035993,1,PROD-028,1,17.18,14.84
ORD-2025-035994,1,PROD-001,1,12.9,12.01
ORD-2025-035995,1,PROD-033,1,52.11,49.79
ORD-2025-035996,1,PROD-024,1,8.73,8.5
ORD-2025-035997,1,PROD-003,1,14.37,14.15
ORD-2025-035997,2,PROD-004,2,20.28,40.03
ORD-2025-035998,1,PROD-034,1,9.01,8.52
ORD-2025-035999,1,PROD-041,1,11.83,10.15
ORD-2025-035999,2,PROD-010,1,38.03,33.63
ORD-2025-036000,1,PROD-014,1,9.9,9.04
ORD-2025-036001,1,PROD-049,1,80.28,75.59
ORD-2025-036001,2,PROD-002,1,11.9,6.49
ORD-2025-036002,1,PROD-014,2,9.9,17.96
ORD-2025-036003,1,PROD-004,3,20.28,60.39
ORD-2025-036004,1,PROD-034,2,9.01,16.3
ORD-2025-036005,1,PROD-007,2,17.18,33.93
ORD-2025-036005,2,PROD-021,2,15.49,28.6
ORD-2025-036005,3,PROD-041,2,11.83,22.55
ORD-2025-036006,1,PROD-028,1,17.18,14.42
ORD-2025-036006,2,PROD-022,2,9.01,16.9
ORD-2025-036007,1,PROD-008,1,9.9,7.78
ORD-2025-036007,2,PROD-034,1,9.01,8.43
ORD-2025-036007,3,PROD-013,1,11.9,10.84
ORD-2025-036008,1,PROD-017,1,12.5,9.73
ORD-2025-036008,2,PROD-007,3,17.18,43.83
ORD-2025-036009,1,PROD-006,1,32.39,27.26
ORD-2025-036009,2,PROD-003,2,14.37,23.74
ORD-2025-036009,3,PROD-004,3,20.28,53.86
ORD-2025-036009,4,PROD-029,1,24.79,23.06
ORD-2025-036010,1,PROD-045,1,72.68,66.12
ORD-2025-036010,2,PROD-007,1,17.18,15.68
ORD-2025-036010,3,PROD-005,2,20.28,35.8
ORD-2025-036011,1,PROD-005,1,20.28,18.61
ORD-2025-036011,2,PROD-002,2,11.9,21.31
ORD-2025-036012,1,PROD-025,1,21.97,20.24
ORD-2025-036012,2,PROD-030,1,49.3,45.69
ORD-2025-036013,1,PROD-005,1,20.28,18.81
ORD-2025-036014,1,PROD-037,3,9.86,24.41
ORD-2025-036014,2,PROD-005,2,20.28,29.9
ORD-2025-036014,3,PROD-023,1,7.89,6.15
ORD-2025-036015,1,PROD-004,1,20.28,18.72
ORD-2025-036016,1,PROD-005,3,20.28,57.94
ORD-2025-036017,1,PROD-034,2,9.01,16.72
ORD-2025-036017,2,PROD-051,1,36.06,26.67
ORD-2025-036017,3,PROD-032,1,19.72,17.25
ORD-2025-036018,1,PROD-038,3,7.89,21.99
ORD-2025-036018,2,PROD-004,2,20.28,37.87
ORD-2025-036018,3,PROD-006,1,32.39,31.3
ORD-2025-036019,1,PROD-007,2,17.18,33.47
ORD-2025-036019,2,PROD-032,1,19.72,17.25
ORD-2025-036020,1,PROD-044,1,40.85,24.62
ORD-2025-036020,2,PROD-025,1,21.97,20.63
ORD-2025-036021,1,PROD-014,2,9.9,14.18
ORD-2025-036021,2,PROD-017,2,12.5,15.75
ORD-2025-036022,1,PROD-054,1,59.15,45.47
ORD-2025-036023,1,PROD-007,2,17.18,31.62
ORD-2025-036023,2,PROD-040,1,15.21,14.1
ORD-2025-036024,1,PROD-008,2,9.9,18.2
ORD-2025-036025,1,PROD-001,3,12.9,35.59
ORD-2025-036025,2,PROD-002,2,11.9,20.17
ORD-2025-036026,1,PROD-050,1,61.97,53.21
ORD-2025-036027,1,PROD-051,1,36.06,35.39
ORD-2025-036028,1,PROD-006,1,32.39,30.36
ORD-2025-036029,1,PROD-039,1,8.17,8.12
ORD-2025-036030,1,PROD-004,1,20.28,20.07
ORD-2025-036030,2,PROD-012,1,18.5,17.49
ORD-2025-036030,3,PROD-002,1,11.9,10.56
ORD-2025-036031,1,PROD-037,1,9.86,8.61
ORD-2025-036032,1,PROD-011,1,14.9,13.91
ORD-2025-036032,2,PROD-032,4,19.72,76.26
ORD-2025-036032,3,PROD-045,1,72.68,70.11
ORD-2025-036033,1,PROD-038,1,7.89,6.26
ORD-2025-036033,2,PROD-004,1,20.28,13.41
ORD-2025-036034,1,PROD-004,1,20.28,19.24
ORD-2025-036035,1,PROD-032,1,19.72,14.35
ORD-2025-036036,1,PROD-006,1,32.39,32.25
ORD-2025-036037,1,PROD-004,2,20.28,33.58
ORD-2025-036038,1,PROD-035,2,10.14,19.49
ORD-2025-036038,2,PROD-041,2,11.83,21.83
ORD-2025-036038,3,PROD-010,2,38.03,72.77
ORD-2025-036039,1,PROD-022,1,9.01,8.74
ORD-2025-036039,2,PROD-032,1,19.72,18.49
ORD-2025-036040,1,PROD-041,1,11.83,11.25
ORD-2025-036041,1,PROD-034,2,9.01,13.41
ORD-2025-036041,2,PROD-050,1,61.97,53.68
ORD-2025-036042,1,PROD-008,1,9.9,8.18
ORD-2025-036042,2,PROD-035,1,10.14,7.14
ORD-2025-036042,3,PROD-041,2,11.83,17.58
ORD-2025-036043,1,PROD-045,1,72.68,70.14
ORD-2025-036043,2,PROD-021,1,15.49,14.66
ORD-2025-036043,3,PROD-003,3,14.37,41.17
ORD-2025-036044,1,PROD-017,1,12.5,12.13
ORD-2025-036044,2,PROD-016,1,8.9,8.04
ORD-2025-036045,1,PROD-020,1,10.14,9.96
ORD-2025-036046,1,PROD-008,3,9.9,27.21
ORD-2025-036047,1,PROD-004,2,20.28,38.28
ORD-2025-036047,2,PROD-038,1,7.89,6.51
ORD-2025-036047,3,PROD-002,1,11.9,10.66
ORD-2025-036047,4,PROD-035,2,10.14,19.52
ORD-2025-036048,1,PROD-007,2,17.18,32.77
ORD-2025-036048,2,PROD-031,1,53.52,47.01
ORD-2025-036048,3,PROD-005,1,20.28,19.96
ORD-2025-036048,4,PROD-040,3,15.21,42.0
ORD-2025-036049,1,PROD-002,2,11.9,15.23
ORD-2025-036050,1,PROD-006,1,32.39,29.28
ORD-2025-036051,1,PROD-005,1,20.28,16.62
ORD-2025-036052,1,PROD-001,1,12.9,12.04
ORD-2025-036052,2,PROD-007,1,17.18,12.85
ORD-2025-036053,1,PROD-037,3,9.86,29.44
ORD-2025-036053,2,PROD-001,2,12.9,25.57
ORD-2025-036054,1,PROD-005,3,20.28,58.5
ORD-2025-036054,2,PROD-041,1,11.83,10.73
ORD-2025-036054,3,PROD-010,1,38.03,35.19
ORD-2025-036055,1,PROD-004,2,20.28,39.59
ORD-2025-036055,2,PROD-026,2,14.65,28.68
ORD-2025-036055,3,PROD-032,1,19.72,19.62
ORD-2025-036056,1,PROD-024,1,8.73,8.54
ORD-2025-036056,2,PROD-004,1,20.28,18.96
ORD-2025-036057,1,PROD-006,1,32.39,31.27
ORD-2025-036057,2,PROD-026,1,14.65,11.43
ORD-2025-036058,1,PROD-022,1,9.01,8.02
ORD-2025-036058,2,PROD-006,1,32.39,31.22
ORD-2025-036058,3,PROD-016,2,8.9,16.47
ORD-2025-036059,1,PROD-049,1,80.28,76.15
ORD-2025-036060,1,PROD-005,2,20.28,37.53
ORD-2025-036060,2,PROD-010,1,38.03,31.64
ORD-2025-036061,1,PROD-027,1,21.13,17.32
ORD-2025-036062,1,PROD-003,1,14.37,14.02
ORD-2025-036062,2,PROD-035,1,10.14,9.98
ORD-2025-036062,3,PROD-034,3,9.01,23.93
ORD-2025-036062,4,PROD-022,1,9.01,8.57
ORD-2025-036063,1,PROD-033,1,52.11,40.11
ORD-2025-036063,2,PROD-003,1,14.37,11.93
ORD-2025-036064,1,PROD-007,2,17.18,32.04
ORD-2025-036064,2,PROD-034,2,9.01,16.77
ORD-2025-036065,1,PROD-001,1,12.9,12.2
ORD-2025-036066,1,PROD-007,2,17.18,27.82
ORD-2025-036066,2,PROD-047,1,108.45,88.98
ORD-2025-036067,1,PROD-001,2,12.9,23.48
ORD-2025-036067,2,PROD-035,1,10.14,9.03
ORD-2025-036067,3,PROD-010,2,38.03,73.7
ORD-2025-036068,1,PROD-001,1,12.9,12.81
ORD-2025-036069,1,PROD-002,2,11.9,17.96
ORD-2025-036070,1,PROD-023,1,7.89,7.72
ORD-2025-036071,1,PROD-008,1,9.9,8.56
ORD-2025-036072,1,PROD-001,1,12.9,11.73
ORD-2025-036073,1,PROD-001,1,12.9,9.25
ORD-2025-036074,1,PROD-041,1,11.83,11.61
ORD-2025-036075,1,PROD-003,1,14.37,13.63
ORD-2025-036075,2,PROD-001,3,12.9,36.27
ORD-2025-036076,1,PROD-004,1,20.28,19.07
ORD-2025-036076,2,PROD-006,1,32.39,29.84
ORD-2025-036077,1,PROD-008,1,9.9,8.75
ORD-2025-036078,1,PROD-052,1,46.48,44.39
ORD-2025-036079,1,PROD-005,1,20.28,19.0
ORD-2025-036079,2,PROD-035,1,10.14,10.09
ORD-2025-036079,3,PROD-037,1,9.86,9.46
ORD-2025-036079,4,PROD-001,2,12.9,24.47
ORD-2025-036080,1,PROD-005,1,20.28,19.7
ORD-2025-036081,1,PROD-015,2,26.76,52.36
ORD-2025-036081,2,PROD-005,1,20.28,19.23
ORD-2025-036081,3,PROD-007,1,17.18,16.06
ORD-2025-036082,1,PROD-002,1,11.9,10.31
ORD-2025-036083,1,PROD-016,1,8.9,8.43
ORD-2025-036084,1,PROD-038,2,7.89,15.01
ORD-2025-036085,1,PROD-004,2,20.28,36.32
ORD-2025-036086,1,PROD-013,2,11.9,17.01
ORD-2025-036087,1,PROD-029,1,24.79,16.88
ORD-2025-036087,2,PROD-035,2,10.14,16.3
ORD-2025-036088,1,PROD-010,2,38.03,71.45
ORD-2025-036089,1,PROD-010,2,38.03,69.54
ORD-2025-036090,1,PROD-032,1,19.72,14.05
ORD-2025-036091,1,PROD-010,2,38.03,75.13
ORD-2025-036091,2,PROD-007,1,17.18,16.33
ORD-2025-036092,1,PROD-007,2,17.18,33.99
ORD-2025-036092,2,PROD-041,1,11.83,11.62
ORD-2025-036093,1,PROD-003,1,14.37,11.08
ORD-2025-036094,1,PROD-028,1,17.18,14.67
ORD-2025-036095,1,PROD-006,1,32.39,29.76
ORD-2025-036095,2,PROD-007,3,17.18,50.93
ORD-2025-036095,3,PROD-034,1,9.01,8.68
ORD-2025-036096,1,PROD-003,1,14.37,12.62
ORD-2025-036097,1,PROD-034,2,9.01,17.13
ORD-2025-036097,2,PROD-038,1,7.89,7.2
ORD-2025-036097,3,PROD-003,1,14.37,13.42
ORD-2025-036098,1,PROD-010,2,38.03,67.85
ORD-2025-036098,2,PROD-058,1,39.44,34.65
ORD-2025-036099,1,PROD-005,1,20.28,19.75
ORD-2025-036099,2,PROD-030,1,49.3,48.42
ORD-2025-036100,1,PROD-004,1,20.28,19.69
ORD-2025-036101,1,PROD-005,1,20.28,19.74
ORD-2025-036102,1,PROD-004,1,20.28,19.89
ORD-2025-036103,1,PROD-008,3,9.9,29.15
ORD-2025-036103,2,PROD-002,2,11.9,22.74
ORD-2025-036104,1,PROD-007,1,17.18,16.9
ORD-2025-036104,2,PROD-036,2,11.55,22.65
ORD-2025-036105,1,PROD-022,1,9.01,6.11
ORD-2025-036106,1,PROD-039,2,8.17,14.66
ORD-2025-036107,1,PROD-010,2,38.03,63.94
ORD-2025-036107,2,PROD-034,2,9.01,17.21
ORD-2025-036108,1,PROD-010,1,38.03,32.69
ORD-2025-036108,2,PROD-039,1,8.17,7.35
ORD-2025-036109,1,PROD-026,1,14.65,14.23
ORD-2025-036110,1,PROD-039,1,8.17,7.96
ORD-2025-036110,2,PROD-035,1,10.14,9.46
ORD-2025-036111,1,PROD-002,1,11.9,11.67
ORD-2025-036111,2,PROD-026,1,14.65,13.94
ORD-2025-036112,1,PROD-045,1,72.68,71.18
ORD-2025-036113,1,PROD-036,1,11.55,11.35
ORD-2025-036114,1,PROD-006,1,32.39,31.4
ORD-2025-036115,1,PROD-032,3,19.72,44.06
ORD-2025-036115,2,PROD-040,1,15.21,13.38
ORD-2025-036115,3,PROD-024,1,8.73,7.32
ORD-2025-036116,1,PROD-004,1,20.28,20.01
ORD-2025-036116,2,PROD-017,1,12.5,12.24
ORD-2025-036117,1,PROD-005,2,20.28,38.45
ORD-2025-036117,2,PROD-002,1,11.9,11.76
ORD-2025-036117,3,PROD-034,1,9.01,8.96
ORD-2025-036118,1,PROD-001,2,12.9,25.1
ORD-2025-036118,2,PROD-014,1,9.9,9.84
ORD-2025-036118,3,PROD-034,1,9.01,8.89
ORD-2025-036118,4,PROD-053,1,53.52,53.25
ORD-2025-036119,1,PROD-036,2,11.55,17.46
ORD-2025-036120,1,PROD-040,3,15.21,40.37
ORD-2025-036121,1,PROD-008,1,9.9,8.7
ORD-2025-036122,1,PROD-001,3,12.9,37.3
ORD-2025-036123,1,PROD-004,1,20.28,20.24
ORD-2025-036124,1,PROD-003,1,14.37,14.33
ORD-2025-036125,1,PROD-017,1,12.5,10.94
ORD-2025-036126,1,PROD-029,1,24.79,24.53
ORD-2025-036126,2,PROD-007,3,17.18,49.76
ORD-2025-036127,1,PROD-010,1,38.03,34.47
ORD-2025-036128,1,PROD-002,1,11.9,11.64
ORD-2025-036128,2,PROD-008,1,9.9,9.68
ORD-2025-036129,1,PROD-002,1,11.9,11.55
ORD-2025-036130,1,PROD-045,1,72.68,70.37
ORD-2025-036130,2,PROD-003,1,14.37,14.21
ORD-2025-036131,1,PROD-030,2,49.3,92.41
ORD-2025-036132,1,PROD-044,1,40.85,35.11
ORD-2025-036132,2,PROD-034,2,9.01,17.01
ORD-2025-036133,1,PROD-002,1,11.9,11.77
ORD-2025-036133,2,PROD-007,2,17.18,33.29
ORD-2025-036133,3,PROD-029,1,24.79,23.88
ORD-2025-036134,1,PROD-016,1,8.9,8.33
ORD-2025-036135,1,PROD-038,1,7.89,7.7
ORD-2025-036136,1,PROD-003,2,14.37,22.45
ORD-2025-036137,1,PROD-005,2,20.28,35.51
ORD-2025-036137,2,PROD-041,1,11.83,11.01
ORD-2025-036137,3,PROD-031,2,53.52,76.24
ORD-2025-036137,4,PROD-032,2,19.72,31.5
ORD-2025-036137,5,PROD-003,1,14.37,11.98
ORD-2025-036138,1,PROD-006,1,32.39,29.48
ORD-2025-036139,1,PROD-014,1,9.9,9.28
ORD-2025-036139,2,PROD-007,2,17.18,31.3
ORD-2025-036140,1,PROD-004,2,20.28,37.67
ORD-2025-036140,2,PROD-045,1,72.68,64.01
ORD-2025-036140,3,PROD-001,1,12.9,11.52
ORD-2025-036140,4,PROD-022,1,9.01,8.22
ORD-2025-036141,1,PROD-004,1,20.28,19.39
ORD-2025-036142,1,PROD-017,1,12.5,12.27
ORD-2025-036143,1,PROD-021,1,15.49,15.45
ORD-2025-036143,2,PROD-038,1,7.89,7.5
ORD-2025-036144,1,PROD-041,2,11.83,21.23
ORD-2025-036145,1,PROD-039,1,8.17,7.8
ORD-2025-036146,1,PROD-007,1,17.18,14.45
ORD-2025-036146,2,PROD-005,2,20.28,38.43
ORD-2025-036146,3,PROD-001,1,12.9,11.44
ORD-2025-036146,4,PROD-034,2,9.01,13.13
ORD-2025-036147,1,PROD-015,2,26.76,47.05
ORD-2025-036148,1,PROD-006,1,32.39,23.86
ORD-2025-036148,2,PROD-031,1,53.52,49.49
ORD-2025-036149,1,PROD-004,1,20.28,18.64
ORD-2025-036149,2,PROD-006,2,32.39,61.27
ORD-2025-036150,1,PROD-002,1,11.9,11.57
ORD-2025-036151,1,PROD-034,3,9.01,25.91
ORD-2025-036152,1,PROD-030,1,49.3,48.5
ORD-2025-036152,2,PROD-027,1,21.13,19.1
ORD-2025-036153,1,PROD-013,2,11.9,23.67
ORD-2025-036153,2,PROD-022,1,9.01,8.87
ORD-2025-036154,1,PROD-003,2,14.37,24.0
ORD-2025-036155,1,PROD-003,2,14.37,23.6
ORD-2025-036155,2,PROD-004,1,20.28,17.36
ORD-2025-036155,3,PROD-006,1,32.39,28.43
ORD-2025-036156,1,PROD-041,3,11.83,
ORD-2025-036157,1,PROD-052,1,46.48,43.17
ORD-2025-036158,1,PROD-003,1,14.37,12.78
ORD-2025-036158,2,PROD-015,1,26.76,24.65
ORD-2025-036158,3,PROD-037,1,9.86,9.29
ORD-2025-036159,1,PROD-040,1,15.21,13.15
ORD-2025-036159,2,PROD-035,1,10.14,9.47
ORD-2025-036160,1,PROD-001,3,12.9,36.41
ORD-2025-036161,1,PROD-026,2,14.65,25.09
ORD-2025-036161,2,PROD-002,2,11.9,19.72
ORD-2025-036162,1,PROD-001,3,12.9,31.46
ORD-2025-036163,1,PROD-037,1,9.86,9.56
ORD-2025-036163,2,PROD-032,1,19.72,0.0
ORD-2025-036164,1,PROD-005,1,20.28,19.29
ORD-2025-036164,2,PROD-004,1,20.28,18.39
ORD-2025-036164,3,PROD-006,2,32.39,59.05
ORD-2025-036165,1,PROD-006,1,32.39,27.29
ORD-2025-036166,1,PROD-022,1,9.01,8.72
ORD-2025-036166,2,PROD-041,1,11.83,11.73
ORD-2025-036167,1,PROD-036,1,11.55,10.04
ORD-2025-036167,2,PROD-001,3,12.9,32.52
ORD-2025-036167,3,PROD-050,1,61.97,45.07
ORD-2025-036168,1,PROD-016,1,8.9,7.5
ORD-2025-036169,1,PROD-001,2,12.9,24.32
ORD-2025-036169,2,PROD-035,1,10.14,9.7
ORD-2025-036169,3,PROD-027,1,21.13,19.53
ORD-2025-036170,1,PROD-004,1,20.28,20.05
ORD-2025-036171,1,PROD-026,1,14.65,13.0
ORD-2025-036171,2,PROD-001,1,12.9,11.39
ORD-2025-036172,1,PROD-004,3,20.28,58.13
ORD-2025-036172,2,PROD-030,1,49.3,48.07
ORD-2025-036172,3,PROD-016,1,8.9,8.64
ORD-2025-036173,1,PROD-040,2,15.21,19.4
ORD-2025-036174,1,PROD-008,3,9.9,25.88
ORD-2025-036175,1,PROD-002,1,11.9,9.05
ORD-2025-036176,1,PROD-002,1,11.9,9.84
ORD-2025-036177,1,PROD-034,2,9.01,17.84
ORD-2025-036177,2,PROD-010,1,38.03,37.9
ORD-2025-036178,1,PROD-023,1,7.89,6.69
ORD-2025-036179,1,PROD-038,2,7.89,11.61
ORD-2025-036179,2,PROD-004,1,20.28,18.31
ORD-2025-036180,1,PROD-032,3,19.72,49.74
ORD-2025-036181,1,PROD-038,1,7.89,7.72
ORD-2025-036181,2,PROD-011,3,14.9,38.52
ORD-2025-036181,3,PROD-010,1,38.03,37.81
ORD-2025-036182,1,PROD-031,1,53.52,38.73
ORD-2025-036183,1,PROD-005,2,20.28,39.72
ORD-2025-036183,2,PROD-010,1,38.03,37.18
ORD-2025-036183,3,PROD-035,2,10.14,18.89
ORD-2025-036184,1,PROD-044,1,40.85,36.71
ORD-2025-036184,2,PROD-023,1,7.89,4.56
ORD-2025-036185,1,PROD-005,1,20.28,17.93
ORD-2025-036185,2,PROD-013,2,11.9,19.64
ORD-2025-036186,1,PROD-044,1,40.85,30.41
ORD-2025-036186,2,PROD-007,2,17.18,27.53
ORD-2025-036187,1,PROD-008,2,9.9,17.54
ORD-2025-036187,2,PROD-044,1,40.85,35.3
ORD-2025-036187,3,PROD-034,2,9.01,17.08
ORD-2025-036188,1,PROD-010,1,38.03,36.51
ORD-2025-036189,1,PROD-023,1,7.89,5.53
ORD-2025-036189,2,PROD-034,1,9.01,7.76
ORD-2025-036189,3,PROD-005,1,20.28,18.46
ORD-2025-036190,1,PROD-004,2,20.28,36.8
ORD-2025-036190,2,PROD-007,1,17.18,16.41
ORD-2025-036191,1,PROD-053,1,53.52,40.03
ORD-2025-036192,1,PROD-029,2,24.79,46.34
ORD-2025-036193,1,PROD-021,1,15.49,12.77
ORD-2025-036193,2,PROD-031,1,53.52,37.11
ORD-2025-036193,3,PROD-038,2,7.89,13.53
ORD-2025-036194,1,PROD-004,3,20.28,59.05
ORD-2025-036194,2,PROD-034,1,9.01,8.42
ORD-2025-036194,3,PROD-005,1,20.28,19.75
ORD-2025-036195,1,PROD-006,1,32.39,31.81
ORD-2025-036196,1,PROD-039,1,8.17,7.9
ORD-2025-036196,2,PROD-001,2,12.9,23.17
ORD-2025-036197,1,PROD-029,1,24.79,24.37
ORD-2025-036197,2,PROD-001,1,12.9,10.92
ORD-2025-036198,1,PROD-040,2,15.21,29.18
ORD-2025-036198,2,PROD-005,1,20.28,20.1
ORD-2025-036199,1,PROD-021,1,15.49,14.32
ORD-2025-036200,1,PROD-012,1,18.5,17.98
ORD-2025-036200,2,PROD-006,1,32.39,32.1
ORD-2025-036201,1,PROD-030,1,49.3,40.82
ORD-2025-036202,1,PROD-002,2,11.9,21.23
ORD-2025-036202,2,PROD-004,1,20.28,17.41
ORD-2025-036203,1,PROD-036,1,11.55,10.37
ORD-2025-036203,2,PROD-020,1,10.14,9.93
ORD-2025-036203,3,PROD-006,2,32.39,62.65
ORD-2025-036203,4,PROD-049,1,80.28,74.22
ORD-2025-036203,5,PROD-003,2,14.37,27.43
ORD-2025-036204,1,PROD-005,2,20.28,34.58
ORD-2025-036204,2,PROD-004,2,20.28,38.34
ORD-2025-036205,1,PROD-055,1,74.65,65.71
ORD-2025-036206,1,PROD-005,2,20.28,35.6
ORD-2025-036207,1,PROD-044,1,40.85,39.29
ORD-2025-036208,1,PROD-006,2,32.39,60.25
ORD-2025-036209,1,PROD-038,1,7.89,7.55
ORD-2025-036209,2,PROD-005,1,20.28,18.59
ORD-2025-036209,3,PROD-032,3,19.72,54.74
ORD-2025-036210,1,PROD-006,1,32.39,28.93
ORD-2025-036210,2,PROD-034,2,9.01,18.0
ORD-2025-036210,3,PROD-002,2,11.9,18.16
ORD-2025-036211,1,PROD-005,1,20.28,17.85
ORD-2025-036212,1,PROD-003,1,14.37,14.24
ORD-2025-036212,2,PROD-034,3,9.01,26.98
ORD-2025-036212,3,PROD-011,2,14.9,28.08
ORD-2025-036213,1,PROD-028,1,17.18,16.08
ORD-2025-036213,2,PROD-001,1,12.9,8.97
ORD-2025-036214,1,PROD-022,1,9.01,5.9
ORD-2025-036215,1,PROD-041,1,11.83,11.15
ORD-2025-036216,1,PROD-007,1,17.18,15.96
ORD-2025-036217,1,PROD-007,2,17.18,26.99
ORD-2025-036217,2,PROD-010,1,38.03,36.01
ORD-2025-036217,3,PROD-035,1,10.14,9.69
ORD-2025-036217,4,PROD-041,2,11.83,22.01
ORD-2025-036218,1,PROD-003,1,14.37,13.58
ORD-2025-036218,2,PROD-013,1,11.9,11.25
ORD-2025-036218,3,PROD-032,1,19.72,18.31
ORD-2025-036219,1,PROD-005,2,20.28,36.32
ORD-2025-036220,1,PROD-002,1,11.9,10.46
ORD-2025-036221,1,PROD-005,2,20.28,39.01
ORD-2025-036221,2,PROD-023,1,7.89,7.74
ORD-2025-036221,3,PROD-034,1,9.01,8.1
ORD-2025-036221,4,PROD-019,1,29.58,28.14
ORD-2025-036222,1,PROD-001,1,12.9,11.27
ORD-2025-036222,2,PROD-035,1,10.14,9.07
ORD-2025-036223,1,PROD-013,3,11.9,29.98
ORD-2025-036224,1,PROD-010,2,38.03,63.0
ORD-2025-036225,1,PROD-039,1,8.17,7.39
ORD-2025-036226,1,PROD-007,2,17.18,30.61
ORD-2025-036227,1,PROD-010,1,38.03,33.32
ORD-2025-036228,1,PROD-004,2,20.28,37.04
ORD-2025-036229,1,PROD-002,1,11.9,10.14
ORD-2025-036230,1,PROD-027,2,21.13,37.89
ORD-2025-036230,2,PROD-023,1,7.89,7.33
ORD-2025-036230,3,PROD-001,2,12.9,18.47
ORD-2025-036230,4,PROD-029,1,24.79,23.04
ORD-2025-036231,1,PROD-034,1,9.01,8.49
ORD-2025-036231,2,PROD-004,1,20.28,20.03
ORD-2025-036231,3,PROD-026,1,14.65,14.51
ORD-2025-036231,4,PROD-005,2,20.28,36.97
ORD-2025-036232,1,PROD-023,1,7.89,7.62
ORD-2025-036233,1,PROD-005,1,20.28,19.74
ORD-2025-036234,1,PROD-022,1,9.01,7.83
ORD-2025-036235,1,PROD-022,1,9.01,8.78
ORD-2025-036235,2,PROD-034,3,9.01,25.93
ORD-2025-036235,3,PROD-001,1,12.9,12.46
ORD-2025-036236,1,PROD-003,1,14.37,13.4
ORD-2025-036236,2,PROD-032,3,19.72,54.24
ORD-2025-036237,1,PROD-012,1,18.5,18.22
ORD-2025-036238,1,PROD-023,1,7.89,7.45
ORD-2025-036238,2,PROD-028,2,17.18,30.61
ORD-2025-036239,1,PROD-004,1,20.28,18.43
ORD-2025-036240,1,PROD-004,1,20.28,17.67
ORD-2025-036241,1,PROD-005,1,20.28,16.81
ORD-2025-036242,1,PROD-026,1,14.65,13.11
ORD-2025-036242,2,PROD-003,3,14.37,41.12
ORD-2025-036242,3,PROD-007,1,17.18,15.24
ORD-2025-036242,4,PROD-020,1,10.14,9.61
ORD-2025-036243,1,PROD-022,1,9.01,8.59
ORD-2025-036243,2,PROD-039,1,8.17,7.69
ORD-2025-036244,1,PROD-007,2,17.18,25.07
ORD-2025-036245,1,PROD-055,1,74.65,63.06
ORD-2025-036246,1,PROD-006,1,32.39,24.13
ORD-2025-036247,1,PROD-060,1,42.25,40.41
ORD-2025-036247,2,PROD-001,1,12.9,12.6
ORD-2025-036248,1,PROD-001,1,12.9,12.14
ORD-2025-036248,2,PROD-015,2,26.76,52.49
ORD-2025-036248,3,PROD-045,1,72.68,72.04
ORD-2025-036249,1,PROD-002,1,11.9,11.52
ORD-2025-036249,2,PROD-001,1,12.9,12.77
ORD-2025-036250,1,PROD-004,1,20.28,17.42
ORD-2025-036250,2,PROD-008,1,9.9,9.58
ORD-2025-036251,1,PROD-004,1,20.28,17.2
ORD-2025-036251,2,PROD-002,2,11.9,20.13
ORD-2025-036251,3,PROD-034,3,9.01,23.42
ORD-2025-036252,1,PROD-004,1,20.28,18.58
ORD-2025-036252,2,PROD-041,2,11.83,22.99
ORD-2025-036253,1,PROD-042,1,73.24,64.7
ORD-2025-036253,2,PROD-001,1,12.9,12.09
ORD-2025-036253,3,PROD-005,1,20.28,18.6
ORD-2025-036254,1,PROD-034,1,9.01,8.17
ORD-2025-036254,2,PROD-004,1,20.28,16.14
ORD-2025-036254,3,PROD-007,1,17.18,15.47
ORD-2025-036255,1,PROD-035,1,10.14,8.96
ORD-2025-036256,1,PROD-002,2,11.9,22.64
ORD-2025-036256,2,PROD-034,1,9.01,8.74
ORD-2025-036257,1,PROD-033,2,52.11,84.87
ORD-2025-036258,1,PROD-006,2,32.39,63.69
ORD-2025-036258,2,PROD-041,1,11.83,11.29
ORD-2025-036259,1,PROD-005,1,20.28,18.62
ORD-2025-036259,2,PROD-006,2,32.39,63.74
ORD-2025-036260,1,PROD-032,1,19.72,16.02
ORD-2025-036260,2,PROD-040,1,15.21,9.67
ORD-2025-036260,3,PROD-005,3,20.28,52.25
ORD-2025-036261,1,PROD-001,1,12.9,12.57
ORD-2025-036261,2,PROD-034,1,9.01,8.32
ORD-2025-036262,1,PROD-014,1,9.9,7.12
ORD-2025-036262,2,PROD-007,1,17.18,15.5
ORD-2025-036263,1,PROD-056,1,101.41,87.13
ORD-2025-036264,1,PROD-005,2,20.28,37.03
ORD-2025-036264,2,PROD-002,2,11.9,19.68
ORD-2025-036264,3,PROD-004,1,20.28,19.81
ORD-2025-036265,1,PROD-002,1,11.9,10.85
ORD-2025-036266,1,PROD-025,1,21.97,18.76
ORD-2025-036266,2,PROD-053,1,53.52,43.5
ORD-2025-036267,1,PROD-003,2,14.37,24.36
ORD-2025-036267,2,PROD-004,3,20.28,53.61
ORD-2025-036267,3,PROD-041,1,11.83,8.94
ORD-2025-036268,1,PROD-004,1,20.28,18.25
ORD-2025-036268,2,PROD-034,1,9.01,8.15
ORD-2025-036269,1,PROD-022,1,9.01,6.93
ORD-2025-036270,1,PROD-027,2,21.13,39.26
ORD-2025-036270,2,PROD-016,2,8.9,15.44
ORD-2025-036270,3,PROD-040,3,15.21,45.06
ORD-2025-036270,4,PROD-039,2,8.17,14.37
ORD-2025-036271,1,PROD-040,2,15.21,27.41
ORD-2025-036272,1,PROD-052,1,46.48,44.79
ORD-2025-036272,2,PROD-005,2,20.28,40.3
ORD-2025-036272,3,PROD-037,3,9.86,28.84
ORD-2025-036273,1,PROD-001,1,12.9,12.0
ORD-2025-036273,2,PROD-029,1,24.79,22.3
ORD-2025-036274,1,PROD-039,2,8.17,15.14
ORD-2025-036275,1,PROD-003,1,14.37,11.76
ORD-2025-036276,1,PROD-006,1,32.39,26.43
ORD-2025-036277,1,PROD-031,1,53.52,45.82
ORD-2025-036277,2,PROD-033,3,52.11,143.9
ORD-2025-036278,1,PROD-040,1,15.21,11.16
ORD-2025-036278,2,PROD-006,1,32.39,30.18
ORD-2025-036279,1,PROD-038,1,7.89,6.81
ORD-2025-036279,2,PROD-020,1,10.14,8.04
ORD-2025-036279,3,PROD-004,1,20.28,15.25
ORD-2025-036279,4,PROD-037,1,9.86,8.51
ORD-2025-036280,1,PROD-052,1,46.48,43.87
ORD-2025-036281,1,PROD-040,2,15.21,30.16
ORD-2025-036282,1,PROD-040,1,15.21,13.67
ORD-2025-036282,2,PROD-029,1,24.79,19.67
ORD-2025-036282,3,PROD-032,3,19.72,47.48
ORD-2025-036283,1,PROD-007,1,17.18,14.56
ORD-2025-036283,2,PROD-001,1,12.9,9.73
ORD-2025-036284,1,PROD-035,4,10.14,36.49
ORD-2025-036284,2,PROD-005,1,20.28,17.83
ORD-2025-036284,3,PROD-008,3,9.9,28.87
ORD-2025-036285,1,PROD-002,2,11.9,21.47
ORD-2025-036285,2,PROD-041,3,11.83,32.58
ORD-2025-036285,3,PROD-027,1,21.13,16.63
ORD-2025-036286,1,PROD-003,1,14.37,13.52
ORD-2025-036287,1,PROD-004,1,20.28,19.62
ORD-2025-036288,1,PROD-045,1,72.68,67.51
ORD-2025-036289,1,PROD-003,1,14.37,12.15
ORD-2025-036289,2,PROD-044,1,40.85,31.48
ORD-2025-036290,1,PROD-005,2,20.28,36.93
ORD-2025-036290,2,PROD-002,2,11.9,23.42
ORD-2025-036290,3,PROD-028,2,17.18,33.4
ORD-2025-036291,1,PROD-004,2,20.28,38.39
ORD-2025-036291,2,PROD-020,1,10.14,9.72
ORD-2025-036292,1,PROD-002,1,11.9,10.69
ORD-2025-036293,1,PROD-024,2,8.73,13.29
ORD-2025-036294,1,PROD-024,2,8.73,14.57
 ORD-2025-036295 ,1,PROD-003,1,14.37,13.94
ORD-2025-036295,2,PROD-035,1,10.14,9.91
ORD-2025-036295,3,PROD-014,3,9.9,29.12
ORD-2025-036296,1,PROD-037,1,9.86,5.96
ORD-2025-036297,1,PROD-040,2,15.21,27.82
ORD-2025-036298,1,PROD-006,1,32.39,31.72
ORD-2025-036298,2,PROD-034,3,9.01,26.68
ORD-2025-036299,1,PROD-003,2,14.37,27.27
ORD-2025-036299,2,PROD-005,1,20.28,19.81
ORD-2025-036300,1,PROD-002,1,11.9,10.29
ORD-2025-036301,1,PROD-001,1,12.9,11.71
ORD-2025-036302,1,PROD-002,1,11.9,11.63
ORD-2025-036303,1,PROD-029,2,24.79,46.76
ORD-2025-036304,1,PROD-036,1,11.55,10.38
ORD-2025-036304,2,PROD-008,1,9.9,9.42
ORD-2025-036305,1,PROD-034,2,9.01,17.81
ORD-2025-036305,2,PROD-017,1,12.5,12.05
ORD-2025-036306,1,PROD-008,1,9.9,8.78
ORD-2025-036307,1,PROD-006,1,32.39,26.29
ORD-2025-036308,1,PROD-024,1,8.73,8.44
ORD-2025-036308,2,PROD-005,1,20.28,19.89
ORD-2025-036308,3,PROD-040,2,15.21,29.7
ORD-2025-036308,4,PROD-013,1,11.9,10.89
ORD-2025-036308,5,PROD-022,1,9.01,8.62
ORD-2025-036309,1,PROD-002,1,11.9,11.29
ORD-2025-036310,1,PROD-048,1,55.77,49.26
ORD-2025-036311,1,PROD-004,3,20.28,46.09
ORD-2025-036312,1,PROD-007,2,17.18,22.69
ORD-2025-036313,1,PROD-042,1,73.24,71.58
ORD-2025-036314,1,PROD-002,2,11.9,20.41
ORD-2025-036315,1,PROD-001,1,12.9,11.68
ORD-2025-036316,1,PROD-006,1,32.39,28.02
ORD-2025-036317,1,PROD-026,2,14.65,28.28
ORD-2025-036318,1,PROD-005,1,20.28,16.52
ORD-2025-036319,1,PROD-006,1,32.39,31.93
ORD-2025-036320,1,PROD-038,1,7.89,7.42
ORD-2025-036320,2,PROD-016,1,8.9,8.07
ORD-2025-036320,3,PROD-032,1,19.72,17.66
ORD-2025-036321,1,PROD-035,4,10.14,35.9
ORD-2025-036322,1,PROD-034,1,9.01,7.23
ORD-2025-036322,2,PROD-002,3,11.9,30.96
ORD-2025-036323,1,PROD-005,1,20.28,13.75
ORD-2025-036324,1,PROD-004,2,20.28,38.35
ORD-2025-036324,2,PROD-020,1,10.14,9.21
ORD-2025-036324,3,PROD-023,2,7.89,14.96
ORD-2025-036325,1,PROD-028,1,17.18,15.08
ORD-2025-036325,2,PROD-027,2,21.13,33.32
ORD-2025-036326,1,PROD-007,1,17.18,16.74
ORD-2025-036327,1,PROD-017,1,12.5,7.9
ORD-2025-036328,1,PROD-001,2,12.9,24.53
ORD-2025-036329,1,PROD-011,1,14.9,14.08
ORD-2025-036330,1,PROD-039,1,8.17,8.0
ORD-2025-036330,2,PROD-011,1,14.9,14.4
ORD-2025-036330,3,PROD-003,2,14.37,26.44
ORD-2025-036331,1,PROD-039,2,8.17,16.14
ORD-2025-036331,2,PROD-035,3,10.14,26.46
ORD-2025-036332,1,PROD-008,1,9.9,8.0
ORD-2025-036333,1,PROD-004,1,20.28,18.29
ORD-2025-036334,1,PROD-002,2,11.9,23.35
ORD-2025-036335,1,PROD-034,2,9.01,17.41
ORD-2025-036335,2,PROD-006,1,32.39,31.15
ORD-2025-036335,3,PROD-002,1,11.9,11.68
ORD-2025-036336,1,PROD-001,2,12.9,25.13
ORD-2025-036337,1,PROD-005,2,20.28,34.76
ORD-2025-036338,1,PROD-004,2,20.28,35.92
ORD-2025-036339,1,PROD-010,1,38.03,30.39
ORD-2025-036340,1,PROD-007,3,17.18,44.26
ORD-2025-036341,1,PROD-017,1,12.5,11.02
ORD-2025-036342,1,PROD-004,2,20.28,38.67
ORD-2025-036343,1,PROD-006,1,32.39,31.12
ORD-2025-036344,1,PROD-012,1,18.5,11.29
ORD-2025-036345,1,PROD-035,1,10.14,7.22
ORD-2025-036346,1,PROD-035,1,10.14,9.63
ORD-2025-036347,1,PROD-008,2,9.9,18.17
ORD-2025-036348,1,PROD-010,1,38.03,29.06
ORD-2025-036348,2,PROD-005,1,20.28,18.81
ORD-2025-036348,3,PROD-041,2,11.83,20.98
ORD-2025-036349,1,PROD-025,1,21.97,17.17
ORD-2025-036350,1,PROD-027,2,21.13,42.05
ORD-2025-036351,1,PROD-023,1,7.89,7.43
ORD-2025-036351,2,PROD-004,1,20.28,19.13
ORD-2025-036352,1,PROD-001,1,12.9,12.02
ORD-2025-036352,2,PROD-007,1,17.18,15.39
ORD-2025-036353,1,PROD-003,1,14.37,13.62
ORD-2025-036353,2,PROD-035,2,10.14,20.25
ORD-2025-036354,1,PROD-001,1,12.9,11.92
ORD-2025-036354,2,PROD-020,2,10.14,15.65
ORD-2025-036355,1,PROD-001,1,12.9,12.36
ORD-2025-036356,1,PROD-041,3,11.83,35.37
ORD-2025-036356,2,PROD-003,1,14.37,14.29
ORD-2025-036357,1,PROD-003,1,14.37,13.85
ORD-2025-036358,1,PROD-049,1,80.28,68.49
ORD-2025-036359,1,PROD-004,3,20.28,56.09
ORD-2025-036359,2,PROD-010,1,38.03,34.1
ORD-2025-036359,3,PROD-001,1,12.9,11.79
ORD-2025-036360,1,PROD-005,1,20.28,15.55
ORD-2025-036361,1,PROD-011,2,14.9,29.23
ORD-2025-036362,1,PROD-035,1,10.14,9.11
ORD-2025-036363,1,PROD-004,2,20.28,37.71
ORD-2025-036364,1,PROD-002,1,11.9,11.43
ORD-2025-036365,1,PROD-025,2,21.97,42.48
ORD-2025-036366,1,PROD-038,2,7.89,13.25
ORD-2025-036367,1,PROD-046,1,259.15,255.83
ORD-2025-036368,1,PROD-004,1,20.28,15.67
ORD-2025-036369,1,PROD-024,1,8.73,7.59
ORD-2025-036370,1,PROD-011,3,14.9,43.92
ORD-2025-036370,2,PROD-036,1,11.55,10.93
ORD-2025-036371,1,PROD-001,1,12.9,11.43
ORD-2025-036372,1,PROD-003,3,14.37,40.99
ORD-2025-036372,2,PROD-041,4,11.83,41.03
ORD-2025-036373,1,PROD-007,2,17.18,32.2
ORD-2025-036373,2,PROD-050,1,61.97,49.45
ORD-2025-036373,3,PROD-034,1,9.01,8.06
ORD-2025-036373,4,PROD-041,2,11.83,21.53
ORD-2025-036373,5,PROD-006,1,32.39,31.36
ORD-2025-036374,1,PROD-008,1,9.9,9.77
ORD-2025-036374,2,PROD-003,1,14.37,14.23
ORD-2025-036374,3,PROD-035,1,10.14,9.34
ORD-2025-036375,1,PROD-025,2,21.97,37.7
ORD-2025-036376,1,PROD-031,1,53.52,50.37
ORD-2025-036377,1,PROD-028,1,17.18,15.97
ORD-2025-036378,1,PROD-034,1,9.01,7.88
ORD-2025-036378,2,PROD-004,1,20.28,11.32
ORD-2025-036379,1,PROD-001,1,12.9,10.84
ORD-2025-036380,1,PROD-004,3,20.28,52.46
ORD-2025-036381,1,PROD-003,1,14.37,14.32
ORD-2025-036382,1,PROD-003,2,14.37,25.22
ORD-2025-036382,2,PROD-004,2,20.28,34.66
ORD-2025-036383,1,PROD-008,2,9.9,17.91
ORD-2025-036384,1,PROD-004,1,20.28,20.01
ORD-2025-036385,1,PROD-001,1,12.9,11.29
ORD-2025-036386,1,PROD-001,1,12.9,11.55
ORD-2025-036387,1,PROD-005,2,20.28,40.11
ORD-2025-036388,1,PROD-004,1,20.28,19.59
ORD-2025-036389,1,PROD-004,1,20.28,15.08
ORD-2025-036390,1,PROD-002,1,11.9,10.94
ORD-2025-036391,1,PROD-011,1,14.9,14.37
ORD-2025-036392,1,PROD-031,2,53.52,94.9
ORD-2025-036392,2,PROD-022,1,9.01,6.38
ORD-2025-036392,3,PROD-026,1,14.65,11.95
ORD-2025-036393,1,PROD-021,1,15.49,13.55
ORD-2025-036394,1,PROD-011,1,14.9,10.06
ORD-2025-036395,1,PROD-005,2,20.28,39.37
ORD-2025-036396,1,PROD-005,1,20.28,17.06
ORD-2025-036397,1,PROD-022,1,9.01,8.54
ORD-2025-036397,2,PROD-004,3,20.28,58.18
ORD-2025-036397,3,PROD-006,1,32.39,27.05
ORD-2025-036398,1,PROD-017,2,12.5,24.77
ORD-2025-036399,1,PROD-036,2,11.55,20.29
ORD-2025-036399,2,PROD-042,1,73.24,63.51
ORD-2025-036400,1,PROD-006,1,32.39,30.33
ORD-2025-036400,2,PROD-005,1,20.28,19.04
ORD-2025-036401,1,PROD-034,1,9.01,8.22
ORD-2025-036401,2,PROD-003,2,14.37,27.43
ORD-2025-036401,3,PROD-005,1,20.28,19.87
ORD-2025-036402,1,PROD-032,1,19.72,18.68
ORD-2025-036403,1,PROD-001,1,12.9,11.28
ORD-2025-036403,2,PROD-002,1,11.9,11.07
ORD-2025-036404,1,PROD-041,2,11.83,23.21
ORD-2025-036404,2,PROD-004,2,20.28,38.97
ORD-2025-036405,1,PROD-038,1,7.89,7.02
ORD-2025-036406,1,PROD-008,2,9.9,18.83
ORD-2025-036407,1,PROD-002,1,11.9,8.47
ORD-2025-036407,2,PROD-038,1,7.89,5.53
ORD-2025-036408,1,PROD-005,1,20.28,19.43
ORD-2025-036408,2,PROD-029,1,24.79,22.61
ORD-2025-036408,3,PROD-002,1,11.9,10.98
ORD-2025-036409,1,PROD-010,2,38.03,72.62
ORD-2025-036409,2,PROD-005,2,20.28,38.78
ORD-2025-036409,3,PROD-001,1,12.9,10.77
ORD-2025-036410,1,PROD-004,2,20.28,35.91
ORD-2025-036410,2,PROD-022,1,9.01,8.51
ORD-2025-036411,1,PROD-017,2,12.5,23.84
ORD-2025-036411,2,PROD-039,1,8.17,7.99
ORD-2025-036411,3,PROD-010,1,38.03,36.01
ORD-2025-036412,1,PROD-005,2,20.28,38.77
ORD-2025-036412,2,PROD-004,1,20.28,14.39
ORD-2025-036413,1,PROD-010,1,38.03,36.17
ORD-2025-036414,1,PROD-001,2,12.9,24.92
ORD-2025-036414,2,PROD-007,2,17.18,28.78
ORD-2025-036414,3,PROD-003,1,14.37,12.74
ORD-2025-036414,4,PROD-028,1,17.18,14.88
ORD-2025-036414,5,PROD-002,2,11.9,22.94
ORD-2025-036415,1,PROD-004,1,20.28,15.97
ORD-2025-036415,2,PROD-032,1,19.72,16.37
ORD-2025-036416,1,PROD-006,1,32.39,31.63
ORD-2025-036416,2,PROD-013,1,11.9,11.58
ORD-2025-036417,1,PROD-002,1,11.9,9.45
ORD-2025-036417,2,PROD-040,2,15.21,29.96
ORD-2025-036417,3,PROD-003,2,14.37,27.09
ORD-2025-036418,1,PROD-011,3,14.9,38.72
ORD-2025-036418,2,PROD-007,3,17.18,36.23
ORD-2025-036419,1,PROD-002,1,11.9,10.87
ORD-2025-036420,1,PROD-001,3,12.9,34.38
ORD-2025-036420,2,PROD-046,1,259.15,243.13
ORD-2025-036420,3,PROD-013,1,11.9,11.33
ORD-2025-036421,1,PROD-010,3,38.03,103.99
ORD-2025-036421,2,PROD-041,1,11.83,11.17
ORD-2025-036422,1,PROD-037,4,9.86,33.64
ORD-2025-036423,1,PROD-001,1,12.9,12.62
ORD-2025-036423,2,PROD-024,2,8.73,16.51
ORD-2025-036424,1,PROD-004,1,20.28,16.71
ORD-2025-036425,1,PROD-001,1,12.9,9.14
ORD-2025-036425,2,PROD-002,1,11.9,10.73
ORD-2025-036426,1,PROD-005,1,20.28,17.87
ORD-2025-036427,1,PROD-023,2,7.89,15.27
ORD-2025-036428,1,PROD-036,3,11.55,34.24
ORD-2025-036429,1,PROD-037,2,9.86,18.33
ORD-2025-036429,2,PROD-029,2,24.79,48.15
ORD-2025-036430,1,PROD-007,2,17.18,34.17
ORD-2025-036430,2,PROD-001,1,12.9,12.62
ORD-2025-036431,1,PROD-050,1,61.97,39.67
ORD-2025-036432,1,PROD-014,2,9.9,18.88
ORD-2025-036433,1,PROD-022,1,9.01,8.94
ORD-2025-036434,1,PROD-003,1,14.37,12.32
ORD-2025-036434,2,PROD-035,3,10.14,29.74
ORD-2025-036434,3,PROD-007,2,17.18,32.57
ORD-2025-036434,4,PROD-027,1,21.13,15.66
ORD-2025-036435,1,PROD-003,2,14.37,25.45
ORD-2025-036436,1,PROD-041,2,11.83,22.1
ORD-2025-036436,2,PROD-027,1,21.13,18.75
ORD-2025-036436,3,PROD-005,3,20.28,48.82
ORD-2025-036437,1,PROD-004,1,20.28,18.22
ORD-2025-036437,2,PROD-035,1,10.14,7.89
ORD-2025-036437,3,PROD-002,1,11.9,11.54
ORD-2025-036438,1,PROD-042,3,73.24,183.49
ORD-2025-036438,2,PROD-040,3,15.21,41.76
ORD-2025-036439,1,PROD-011,1,14.9,14.6
ORD-2025-036440,1,PROD-036,2,11.55,22.03
ORD-2025-036440,2,PROD-035,1,10.14,8.91
ORD-2025-036440,3,PROD-001,1,12.9,11.44
ORD-2025-036441,1,PROD-028,1,17.18,16.82
ORD-2025-036441,2,PROD-005,1,20.28,17.85
ORD-2025-036441,3,PROD-031,1,53.52,48.68
ORD-2025-036442,1,PROD-031,2,53.52,104.62
ORD-2025-036443,1,PROD-005,1,20.28,19.15
ORD-2025-036444,1,PROD-028,1,17.18,16.87
ORD-2025-036445,1,PROD-005,1,20.28,19.34
ORD-2025-036446,1,PROD-003,1,14.37,13.56
ORD-2025-036447,1,PROD-003,1,14.37,9.52
ORD-2025-036447,2,PROD-027,1,21.13,11.52
ORD-2025-036448,1,PROD-004,1,20.28,19.01
ORD-2025-036449,1,PROD-006,1,32.39,30.17
ORD-2025-036450,1,PROD-050,1,61.97,56.68
ORD-2025-036450,2,PROD-002,2,11.9,21.18
ORD-2025-036451,1,PROD-020,1,10.14,9.65
ORD-2025-036451,2,PROD-039,2,8.17,15.91
ORD-2025-036451,3,PROD-027,1,21.13,20.89
ORD-2025-036451,4,PROD-002,1,11.9,11.51
ORD-2025-036452,1,PROD-004,1,20.28,19.35
ORD-2025-036453,1,PROD-008,1,9.9,9.4
ORD-2025-036453,2,PROD-001,1,12.9,11.31
ORD-2025-036454,1,PROD-004,1,20.28,17.41
ORD-2025-036455,1,PROD-005,1,20.28,17.76
ORD-2025-036455,2,PROD-036,3,11.55,33.48
ORD-2025-036455,3,PROD-010,1,38.03,34.54
ORD-2025-036456,1,PROD-011,1,14.9,14.56
ORD-2025-036456,2,PROD-004,1,20.28,19.68
ORD-2025-036457,1,PROD-003,3,14.37,42.5
ORD-2025-036458,1,PROD-036,3,11.55,33.41
ORD-2025-036458,2,PROD-004,1,20.28,19.8
ORD-2025-036458,3,PROD-020,1,10.14,9.86
ORD-2025-036458,4,PROD-034,1,9.01,8.83
ORD-2025-036459,1,PROD-053,1,53.52,44.34
ORD-2025-036460,1,PROD-042,2,73.24,115.82
ORD-2025-036460,2,PROD-032,2,19.72,34.49
ORD-2025-036461,1,PROD-025,1,21.97,21.82
ORD-2025-036462,1,PROD-038,4,7.89,28.37
ORD-2025-036463,1,PROD-014,2,9.9,16.71
ORD-2025-036464,1,PROD-007,3,17.18,45.87
ORD-2025-036465,1,PROD-017,1,12.5,11.91
ORD-2025-036465,2,PROD-005,1,20.28,15.79
ORD-2025-036466,1,PROD-004,2,20.28,36.69
ORD-2025-036466,2,PROD-038,1,7.89,6.47
ORD-2025-036466,3,PROD-011,1,14.9,14.65
ORD-2025-036467,1,PROD-037,1,9.86,8.54
ORD-2025-036468,1,PROD-006,1,32.39,31.58
ORD-2025-036469,1,PROD-016,2,8.9,16.26
ORD-2025-036470,1,PROD-034,4,9.01,33.09
ORD-2025-036471,1,PROD-035,1,10.14,8.13
ORD-2025-036471,2,PROD-032,1,19.72,16.75
ORD-2025-036472,1,PROD-038,1,7.89,7.25
ORD-2025-036473,1,PROD-002,3,11.9,34.82
ORD-2025-036473,2,PROD-026,1,14.65,13.04
ORD-2025-036474,1,PROD-025,2,21.97,37.74
ORD-2025-036474,2,PROD-007,1,17.18,16.46
ORD-2025-036475,1,PROD-014,1,9.9,9.59
ORD-2025-036475,2,PROD-008,1,9.9,8.66
ORD-2025-036476,1,PROD-039,4,8.17,32.03
ORD-2025-036477,1,PROD-034,1,9.01,8.82
ORD-2025-036478,1,PROD-004,1,20.28,15.98
ORD-2025-036478,2,PROD-016,1,8.9,6.68
ORD-2025-036478,3,PROD-034,2,9.01,17.58
ORD-2025-036479,1,PROD-021,1,15.49,14.61
ORD-2025-036480,1,PROD-005,2,20.28,39.19
ORD-2025-036481,1,PROD-004,2,20.28,37.56
ORD-2025-036481,2,PROD-036,1,11.55,11.05
ORD-2025-036482,1,PROD-033,4,52.11,204.1
ORD-2025-036483,1,PROD-004,3,20.28,55.63
ORD-2025-036483,2,PROD-041,2,11.83,23.53
ORD-2025-036484,1,PROD-008,1,9.9,9.36
ORD-2025-036484,2,PROD-037,1,9.86,7.14
ORD-2025-036484,3,PROD-034,1,9.01,8.96
ORD-2025-036485,1,PROD-005,3,20.28,49.96
ORD-2025-036485,2,PROD-001,2,12.9,24.17
ORD-2025-036486,1,PROD-022,1,9.01,8.75
ORD-2025-036487,1,PROD-004,1,20.28,18.39
ORD-2025-036488,1,PROD-003,1,14.37,12.4
ORD-2025-036488,2,PROD-049,1,80.28,66.02
ORD-2025-036489,1,PROD-028,1,17.18,17.02
ORD-2025-036489,2,PROD-007,1,17.18,16.44
ORD-2025-036490,1,PROD-035,3,10.14,24.42
ORD-2025-036491,1,PROD-022,1,9.01,7.77
ORD-2025-036492,1,PROD-004,1,20.28,19.46
ORD-2025-036492,2,PROD-027,1,21.13,20.2
ORD-2025-036493,1,PROD-031,1,53.52,50.82
ORD-2025-036494,1,PROD-008,1,9.9,9.62
ORD-2025-036495,1,PROD-001,2,12.9,19.93
ORD-2025-036496,1,PROD-003,3,14.37,41.78
ORD-2025-036496,2,PROD-004,1,20.28,19.79
ORD-2025-036497,1,PROD-041,2,11.83,10.65
ORD-2025-036498,1,PROD-011,1,14.9,11.84
ORD-2025-036499,1,PROD-005,1,20.28,19.57
ORD-2025-036499,2,PROD-035,3,10.14,27.58
ORD-2025-036500,1,PROD-007,1,17.18,15.04
ORD-2025-036500,2,PROD-034,1,9.01,8.77
ORD-2025-036501,1,PROD-001,2,12.9,24.78
ORD-2025-036501,2,PROD-005,2,20.28,37.44
ORD-2025-036502,1,PROD-025,1,21.97,20.15
ORD-2025-036502,2,PROD-036,1,11.55,10.61
ORD-2025-036502,3,PROD-004,2,20.28,38.42
ORD-2025-036503,1,PROD-036,1,11.55,10.89
ORD-2025-036504,1,PROD-001,1,12.9,9.18
ORD-2025-036504,2,PROD-003,1,14.37,11.98
ORD-2025-036505,1,PROD-001,2,12.9,21.04
ORD-2025-036505,2,PROD-038,1,7.89,6.92
ORD-2025-036506,1,PROD-005,1,20.28,19.82
ORD-2025-036507,1,PROD-045,1,72.68,68.73
ORD-2025-036507,2,PROD-001,1,12.9,7.8
ORD-2025-036508,1,PROD-011,1,14.9,13.33
ORD-2025-036508,2,PROD-022,1,9.01,8.48
ORD-2025-036509,1,PROD-017,2,12.5,23.12
ORD-2025-036510,1,PROD-015,1,26.76,22.26
ORD-2025-036510,2,PROD-003,2,14.37,24.64
ORD-2025-036510,3,PROD-004,2,20.28,32.3
ORD-2025-036511,1,PROD-004,1,20.28,20.01
ORD-2025-036512,1,PROD-008,3,9.9,25.36
ORD-2025-036513,1,PROD-005,2,20.28,40.19
ORD-2025-036513,2,PROD-001,1,12.9,12.6
ORD-2025-036514,1,PROD-056,1,101.41,69.76
ORD-2025-036515,1,PROD-027,1,21.13,16.06
ORD-2025-036515,2,PROD-032,1,19.72,16.06
ORD-2025-036516,1,PROD-035,3,10.14,26.76
ORD-2025-036516,2,PROD-023,1,7.89,7.65
ORD-2025-036516,3,PROD-010,2,38.03,73.41
ORD-2025-036517,1,PROD-005,2,20.28,29.41
ORD-2025-036518,1,PROD-003,1,14.37,12.39
ORD-2025-036518,2,PROD-002,2,11.9,19.77
ORD-2025-036518,3,PROD-004,1,20.28,17.24
ORD-2025-036519,1,PROD-017,2,12.5,19.84
ORD-2025-036520,1,PROD-006,1,32.39,30.7
ORD-2025-036521,1,PROD-007,2,17.18,33.87
ORD-2025-036522,1,PROD-027,1,21.13,14.8
ORD-2025-036522,2,PROD-020,2,10.14,12.46
ORD-2025-036523,1,PROD-006,1,32.39,27.36
ORD-2025-036524,1,PROD-002,1,11.9,10.41
ORD-2025-036525,1,PROD-030,1,49.3,46.13
ORD-2025-036526,1,PROD-010,2,38.03,71.6
ORD-2025-036527,1,PROD-006,1,32.39,30.38
ORD-2025-036527,2,PROD-004,1,20.28,16.35
ORD-2025-036528,1,PROD-001,1,12.9,12.41
ORD-2025-036529,1,PROD-038,1,7.89,7.45
ORD-2025-036529,2,PROD-040,1,15.21,12.81
ORD-2025-036529,3,PROD-039,3,8.17,16.67
ORD-2025-036529,4,PROD-023,1,7.89,5.83
ORD-2025-036530,1,PROD-004,3,20.28,54.79
ORD-2025-036531,1,PROD-003,1,14.37,12.61
ORD-2025-036531,2,PROD-002,1,11.9,11.47
ORD-2025-036531,3,PROD-034,2,9.01,15.62
ORD-2025-036532,1,PROD-034,1,9.01,8.74
ORD-2025-036532,2,PROD-004,1,20.28,17.14
ORD-2025-036532,3,PROD-001,2,12.9,17.29
ORD-2025-036533,1,PROD-007,2,17.18,31.26
ORD-2025-036534,1,PROD-004,1,20.28,19.48
ORD-2025-036534,2,PROD-001,2,12.9,20.69
ORD-2025-036535,1,PROD-037,3,9.86,28.44
ORD-2025-036536,1,PROD-002,1,11.9,11.43
ORD-2025-036537,1,PROD-005,1,20.28,18.62
ORD-2025-036538,1,PROD-024,1,8.73,8.12
ORD-2025-036539,1,PROD-007,1,17.18,15.3
ORD-2025-036539,2,PROD-003,1,14.37,13.71
ORD-2025-036540,1,PROD-013,1,11.9,11.07
ORD-2025-036541,1,PROD-052,1,46.48,27.69
ORD-2025-036542,1,PROD-004,1,20.28,17.37
ORD-2025-036543,1,PROD-013,2,11.9,10.99
ORD-2025-036544,1,PROD-042,1,73.24,54.72
ORD-2025-036545,1,PROD-005,1,20.28,19.7
ORD-2025-036545,2,PROD-001,1,12.9,11.62
ORD-2025-036545,3,PROD-007,2,17.18,32.58
ORD-2025-036546,1,PROD-005,1,20.28,19.82
ORD-2025-036546,2,PROD-001,1,12.9,12.56
ORD-2025-036547,1,PROD-014,1,9.9,7.54
ORD-2025-036547,2,PROD-033,2,52.11,87.07
ORD-2025-036548,1,PROD-006,2,32.39,61.57
ORD-2025-036549,1,PROD-005,1,20.28,19.42
ORD-2025-036549,2,PROD-008,1,9.9,9.65
ORD-2025-036550,1,PROD-008,1,9.9,9.44
ORD-2025-036550,2,PROD-041,1,11.83,9.03
ORD-2025-036550,3,PROD-003,1,14.37,12.89
ORD-2025-036551,1,PROD-031,1,53.52,52.79
ORD-2025-036551,2,PROD-035,2,10.14,19.61
ORD-2025-036551,3,PROD-008,1,9.9,9.1
ORD-2025-036551,4,PROD-034,2,9.01,17.45
ORD-2025-036552,1,PROD-007,1,17.18,15.77
ORD-2025-036553,1,PROD-031,1,53.52,52.87
ORD-2025-036553,2,PROD-001,1,12.9,11.53
ORD-2025-036553,3,PROD-007,2,17.18,29.93
ORD-2025-036553,4,PROD-002,2,11.9,21.97
ORD-2025-036553,5,PROD-004,1,20.28,17.39
ORD-2025-036554,1,PROD-006,1,32.39,24.95
ORD-2025-036554,2,PROD-005,1,20.28,15.21
ORD-2025-036555,1,PROD-037,1,9.86,8.45
ORD-2025-036556,1,PROD-005,1,20.28,15.0
ORD-2025-036556,2,PROD-004,1,20.28,18.44
ORD-2025-036557,1,PROD-006,1,32.39,28.65
ORD-2025-036558,1,PROD-017,2,12.5,24.83
ORD-2025-036559,1,PROD-006,1,32.39,29.92
ORD-2025-036560,1,PROD-001,1,12.9,12.67
ORD-2025-036561,1,PROD-023,1,7.89,7.83
ORD-2025-036562,1,PROD-005,1,20.28,16.94
ORD-2025-036563,1,PROD-010,1,38.03,34.63
ORD-2025-036564,1,PROD-005,1,20.28,17.69
ORD-2025-036564,2,PROD-004,2,20.28,33.26
ORD-2025-036564,3,PROD-024,1,8.73,7.03
ORD-2025-036565,1,PROD-005,1,20.28,19.84
ORD-2025-036565,2,PROD-025,1,21.97,20.11
ORD-2025-036566,1,PROD-006,1,32.39,29.03
ORD-2025-036567,1,PROD-035,1,10.14,9.97
ORD-2025-036568,1,PROD-005,1,20.28,15.53
ORD-2025-036568,2,PROD-034,1,9.01,8.15
ORD-2025-036568,3,PROD-040,2,15.21,26.17
ORD-2025-036569,1,PROD-008,1,9.9,9.33
ORD-2025-036570,1,PROD-023,1,7.89,5.93
ORD-2025-036571,1,PROD-001,2,12.9,23.93
ORD-2025-036571,2,PROD-005,2,20.28,37.71
ORD-2025-036571,3,PROD-011,2,14.9,29.41
ORD-2025-036572,1,PROD-010,1,38.03,35.73
ORD-2025-036572,2,PROD-003,2,14.37,28.51
ORD-2025-036572,3,PROD-031,2,53.52,95.65
ORD-2025-036573,1,PROD-005,2,20.28,37.75
ORD-2025-036574,1,PROD-007,1,17.18,16.12
ORD-2025-036575,1,PROD-002,1,11.9,11.46
ORD-2025-036575,2,PROD-008,1,9.9,9.81
ORD-2025-036575,3,PROD-001,1,12.9,12.63
ORD-2025-036576,1,PROD-007,1,17.18,16.19
ORD-2025-036577,1,PROD-002,1,11.9,10.94
ORD-2025-036578,1,PROD-014,1,9.9,8.41
ORD-2025-036579,1,PROD-005,2,20.28,35.32
ORD-2025-036579,2,PROD-028,2,17.18,31.75
ORD-2025-036580,1,PROD-053,1,53.52,43.32
ORD-2025-036580,2,PROD-031,2,53.52,102.53
ORD-2025-036581,1,PROD-006,2,32.39,52.41
ORD-2025-036582,1,PROD-041,1,11.83,11.3
ORD-2025-036582,2,PROD-006,2,32.39,62.56
ORD-2025-036582,3,PROD-035,1,10.14,9.61
ORD-2025-036582,4,PROD-004,1,20.28,17.39
ORD-2025-036583,1,PROD-012,1,18.5,18.16
ORD-2025-036583,2,PROD-041,3,11.83,33.98
ORD-2025-036584,1,PROD-005,1,20.28,19.37
ORD-2025-036585,1,PROD-015,1,26.76,16.34
ORD-2025-036586,1,PROD-010,3,38.03,99.29
ORD-2025-036587,1,PROD-002,2,11.9,19.95
ORD-2025-036588,1,PROD-044,1,40.85,37.12
ORD-2025-036588,2,PROD-037,1,9.86,6.98
ORD-2025-036589,1,PROD-007,1,17.18,12.05
ORD-2025-036590,1,PROD-002,1,11.9,8.87
ORD-2025-036591,1,PROD-001,2,12.9,24.28
ORD-2025-036591,2,PROD-030,2,49.3,94.27
ORD-2025-036592,1,PROD-004,2,20.28,37.28
ORD-2025-036593,1,PROD-004,3,20.28,59.8
ORD-2025-036594,1,PROD-006,1,32.39,28.02
ORD-2025-036594,2,PROD-039,4,8.17,31.16
ORD-2025-036594,3,PROD-040,1,15.21,11.97
ORD-2025-036595,1,PROD-010,1,38.03,37.69
ORD-2025-036596,1,PROD-034,3,9.01,17.05
ORD-2025-036596,2,PROD-016,1,8.9,7.61
ORD-2025-036597,1,PROD-012,1,18.5,16.63
ORD-2025-036598,1,PROD-023,1,7.89,7.36
ORD-2025-036599,1,PROD-022,1,9.01,8.5
ORD-2025-036600,1,PROD-025,1,21.97,19.76
ORD-2025-036601,1,PROD-023,1,7.89,7.72
ORD-2025-036601,2,PROD-002,1,11.9,11.27
ORD-2025-036601,3,PROD-006,3,32.39,94.64
ORD-2025-036602,1,PROD-004,1,20.28,17.45
ORD-2025-036602,2,PROD-005,3,20.28,58.1
ORD-2025-036603,1,PROD-040,2,15.21,28.54
ORD-2025-036603,2,PROD-003,1,14.37,11.89
ORD-2025-036604,1,PROD-005,1,20.28,18.22
ORD-2025-036604,2,PROD-042,1,73.24,67.51
ORD-2025-036604,3,PROD-006,1,32.39,28.82
ORD-2025-036604,4,PROD-007,2,17.18,29.59
ORD-2025-036604,5,PROD-035,1,10.14,8.19
ORD-2025-036605,1,PROD-004,1,20.28,19.11
ORD-2025-036606,1,PROD-036,3,11.55,34.04
ORD-2025-036607,1,PROD-004,1,20.28,18.67
ORD-2025-036607,2,PROD-006,2,32.39,62.07
ORD-2025-036607,3,PROD-002,1,11.9,9.6
ORD-2025-036608,1,PROD-026,1,14.65,12.25
ORD-2025-036608,2,PROD-027,1,21.13,16.52
ORD-2025-036608,3,PROD-039,1,8.17,7.07
ORD-2025-036609,1,PROD-041,1,11.83,10.04
ORD-2025-036610,1,PROD-008,1,9.9,9.82
ORD-2025-036611,1,PROD-002,3,11.9,33.29
ORD-2025-036611,2,PROD-001,2,12.9,25.36
ORD-2025-036611,3,PROD-027,2,21.13,40.99
ORD-2025-036612,1,PROD-019,1,29.58,27.81
ORD-2025-036613,1,PROD-023,1,7.89,4.96
ORD-2025-036614,1,PROD-042,1,73.24,39.45
ORD-2025-036615,1,PROD-004,2,20.28,38.99
ORD-2025-036616,1,PROD-039,2,8.17,14.69
ORD-2025-036616,2,PROD-022,1,9.01,6.93
ORD-2025-036617,1,PROD-033,1,52.11,37.34
ORD-2025-036618,1,PROD-010,1,38.03,37.67
ORD-2025-036619,1,PROD-013,1,11.9,11.4
ORD-2025-036619,2,PROD-006,1,32.39,25.66
ORD-2025-036620,1,PROD-025,1,21.97,17.97
ORD-2025-036621,1,PROD-001,3,12.9,38.16
ORD-2025-036622,1,PROD-016,2,8.9,17.71
ORD-2025-036623,1,PROD-032,2,19.72,36.48
ORD-2025-036624,1,PROD-017,1,12.5,8.99
ORD-2025-036624,2,PROD-032,2,19.72,18.33
ORD-2025-036624,3,PROD-029,2,24.79,41.32
ORD-2025-036625,1,PROD-047,1,108.45,82.05
ORD-2025-036625,2,PROD-017,1,12.5,10.33
ORD-2025-036626,1,PROD-005,1,20.28,16.53
ORD-2025-036627,1,PROD-007,1,17.18,14.24
ORD-2025-036627,2,PROD-013,3,11.9,24.97
ORD-2025-036627,3,PROD-048,1,55.77,50.53
ORD-2025-036628,1,PROD-002,2,11.9,14.23
ORD-2025-036629,1,PROD-007,3,17.18,49.58
ORD-2025-036630,1,PROD-020,1,10.14,9.81
ORD-2025-036631,1,PROD-052,1,46.48,43.09
ORD-2025-036632,1,PROD-023,1,7.89,6.74
ORD-2025-036632,2,PROD-026,1,14.65,10.06
ORD-2025-036633,1,PROD-034,1,9.01,7.99
ORD-2025-036634,1,PROD-007,2,17.18,33.88
ORD-2025-036634,2,PROD-035,1,10.14,9.74
ORD-2025-036634,3,PROD-006,1,32.39,31.96
ORD-2025-036635,1,PROD-012,1,18.5,18.13
ORD-2025-036635,2,PROD-005,1,20.28,16.46
ORD-2025-036635,3,PROD-036,1,11.55,10.13
ORD-2025-036635,4,PROD-042,4,73.24,249.87
ORD-2025-036636,1,PROD-026,1,14.65,8.8
ORD-2025-036637,1,PROD-003,1,14.37,12.38
ORD-2025-036637,2,PROD-007,1,17.18,14.59
ORD-2025-036637,3,PROD-004,1,20.28,18.77
ORD-2025-036637,4,PROD-006,1,32.39,26.68
ORD-2025-036637,5,PROD-044,1,40.85,34.24
ORD-2025-036638,1,PROD-005,1,20.28,19.75
ORD-2025-036639,1,PROD-002,2,11.9,23.75
ORD-2025-036639,2,PROD-001,2,12.9,24.37
ORD-2025-036640,1,PROD-002,2,11.9,21.39
ORD-2025-036640,2,PROD-038,2,7.89,14.88
ORD-2025-036640,3,PROD-035,2,10.14,12.01
ORD-2025-036641,1,PROD-001,1,12.9,12.16
ORD-2025-036641,2,PROD-004,1,20.28,18.64
ORD-2025-036642,1,PROD-016,2,8.9,17.27
ORD-2025-036642,2,PROD-010,3,38.03,112.18
ORD-2025-036642,3,PROD-002,1,11.9,10.43
ORD-2025-036642,4,PROD-001,2,12.9,25.14
ORD-2025-036643,1,PROD-003,2,14.37,27.38
ORD-2025-036643,2,PROD-029,1,24.79,23.87
ORD-2025-036644,1,PROD-002,3,11.9,33.09
ORD-2025-036644,2,PROD-006,1,32.39,30.99
ORD-2025-036645,1,PROD-001,3,12.9,33.77
ORD-2025-036646,1,PROD-004,3,20.28,56.35
ORD-2025-036647,1,PROD-040,2,15.21,29.55
ORD-2025-036648,1,PROD-022,2,9.01,15.39
ORD-2025-036648,2,PROD-036,1,11.55,10.16
ORD-2025-036649,1,PROD-005,1,20.28,20.08
ORD-2025-036650,1,PROD-004,2,20.28,38.07
ORD-2025-036651,1,PROD-040,2,15.21,23.24
ORD-2025-036651,2,PROD-007,2,17.18,24.3
ORD-2025-036652,1,PROD-006,1,32.39,25.17
ORD-2025-036652,2,PROD-017,1,12.5,11.35
ORD-2025-036652,3,PROD-034,1,9.01,7.71
ORD-2025-036652,4,PROD-038,1,7.89,7.16
ORD-2025-036653,1,PROD-041,1,11.83,11.68
ORD-2025-036654,1,PROD-014,1,9.9,9.42
ORD-2025-036654,2,PROD-038,1,7.89,7.68
ORD-2025-036655,1,PROD-038,1,7.89,6.33
ORD-2025-036655,2,PROD-003,1,14.37,12.82
ORD-2025-036655,3,PROD-022,2,9.01,14.82
ORD-2025-036656,1,PROD-008,2,9.9,18.68
ORD-2025-036656,2,PROD-037,1,9.86,9.64
ORD-2025-036656,3,PROD-010,1,38.03,37.3
ORD-2025-036657,1,PROD-001,1,12.9,11.56
ORD-2025-036658,1,PROD-006,1,32.39,32.06
ORD-2025-036658,2,PROD-032,1,19.72,19.51
ORD-2025-036659,1,PROD-002,2,11.9,23.3
ORD-2025-036659,2,PROD-029,1,24.79,23.87
ORD-2025-036660,1,PROD-001,1,12.9,12.52
ORD-2025-036660,2,PROD-008,2,9.9,19.32
ORD-2025-036660,3,PROD-002,1,11.9,11.77
ORD-2025-036661,1,PROD-002,2,11.9,22.05
ORD-2025-036661,2,PROD-041,2,11.83,17.66
ORD-2025-036662,1,PROD-035,2,10.14,19.71
ORD-2025-036663,1,PROD-016,1,8.9,8.88
ORD-2025-036664,1,PROD-006,3,32.39,90.52
ORD-2025-036665,1,PROD-017,2,12.5,16.46
ORD-2025-036666,1,PROD-005,1,20.28,19.43
ORD-2025-036666,2,PROD-039,2,8.17,16.01
ORD-2025-036667,1,PROD-004,1,20.28,18.77
ORD-2025-036667,2,PROD-005,1,20.28,17.16
ORD-2025-036668,1,PROD-044,1,40.85,36.8
ORD-2025-036669,1,PROD-003,1,14.37,11.87
ORD-2025-036670,1,PROD-030,1,49.3,44.24
ORD-2025-036670,2,PROD-011,2,14.9,23.99
ORD-2025-036670,3,PROD-008,2,9.9,18.76
ORD-2025-036670,4,PROD-004,2,20.28,37.84
ORD-2025-036670,5,PROD-012,1,18.5,12.8
ORD-2025-036671,1,PROD-005,1,20.28,16.97
ORD-2025-036671,2,PROD-017,2,12.5,23.17
ORD-2025-036672,1,PROD-001,1,12.9,11.07
ORD-2025-036673,1,PROD-004,1,20.28,19.87
ORD-2025-036673,2,PROD-034,1,9.01,8.71
ORD-2025-036674,1,PROD-033,3,52.11,138.1
ORD-2025-036675,1,PROD-002,2,11.9,20.18
ORD-2025-036676,1,PROD-002,3,11.9,28.87
ORD-2025-036677,1,PROD-001,1,12.9,10.97
ORD-2025-036678,1,PROD-020,2,10.14,18.69
ORD-2025-036678,2,PROD-002,2,11.9,22.24
ORD-2025-036679,1,PROD-041,2,11.83,22.19
ORD-2025-036679,2,PROD-005,1,20.28,19.39
ORD-2025-036680,1,PROD-001,1,12.9,11.71
ORD-2025-036680,2,PROD-010,2,38.03,70.39
ORD-2025-036681,1,PROD-002,1,11.9,10.98
ORD-2025-036682,1,PROD-028,2,17.18,30.98
ORD-2025-036682,2,PROD-034,1,9.01,6.22
ORD-2025-036683,1,PROD-027,1,21.13,19.57
ORD-2025-036684,1,PROD-028,2,17.18,32.9
ORD-2025-036685,1,PROD-001,1,12.9,12.75
ORD-2025-036686,1,PROD-055,1,74.65,65.21
ORD-2025-036687,1,PROD-006,3,32.39,93.17
ORD-2025-036688,1,PROD-034,1,9.01,7.51
ORD-2025-036689,1,PROD-020,1,10.14,9.53
ORD-2025-036690,1,PROD-035,1,10.14,10.03
ORD-2025-036690,2,PROD-006,1,32.39,28.14
ORD-2025-036691,1,PROD-029,2,24.79,47.56
ORD-2025-036692,1,PROD-005,3,20.28,54.74
ORD-2025-036693,1,PROD-001,1,12.9,12.77
ORD-2025-036694,1,PROD-042,1,73.24,70.18
ORD-2025-036695,1,PROD-033,1,52.11,48.83
ORD-2025-036695,2,PROD-007,2,17.18,28.2
ORD-2025-036695,3,PROD-004,3,20.28,48.0
ORD-2025-036696,1,PROD-006,1,32.39,31.58
ORD-2025-036696,2,PROD-035,3,10.14,29.64
ORD-2025-036696,3,PROD-051,1,36.06,33.9
ORD-2025-036696,4,PROD-001,2,12.9,23.82
ORD-2025-036697,1,PROD-042,2,73.24,139.08
ORD-2025-036697,2,PROD-010,1,38.03,35.07
ORD-2025-036697,3,PROD-026,1,14.65,13.71
ORD-2025-036698,1,PROD-005,1,20.28,18.06
ORD-2025-036699,1,PROD-006,2,32.39,53.75
ORD-2025-036700,1,PROD-001,2,12.9,24.65
ORD-2025-036700,2,PROD-024,2,8.73,15.75
ORD-2025-036700,3,PROD-019,1,29.58,28.29
ORD-2025-036701,1,PROD-034,1,9.01,8.23
ORD-2025-036702,1,PROD-040,2,15.21,22.67
ORD-2025-036703,1,PROD-005,2,20.28,37.39
ORD-2025-036703,2,PROD-002,1,11.9,11.83
ORD-2025-036704,1,PROD-010,1,38.03,31.52
ORD-2025-036705,1,PROD-001,3,12.9,35.67
ORD-2025-036706,1,PROD-004,1,20.28,18.77
ORD-2025-036706,2,PROD-017,2,12.5,22.45
ORD-2025-036706,3,PROD-003,3,14.37,39.22
ORD-2025-036707,1,PROD-023,1,7.89,6.48
ORD-2025-036708,1,PROD-006,2,32.39,53.97
ORD-2025-036709,1,PROD-001,1,12.9,12.17
ORD-2025-036709,2,PROD-039,1,8.17,7.87
ORD-2025-036710,1,PROD-004,2,20.28,40.13
ORD-2025-036711,1,PROD-004,1,20.28,19.2
ORD-2025-036711,2,PROD-038,1,7.89,7.79
ORD-2025-036712,1,PROD-002,1,11.9,11.81
ORD-2025-036713,1,PROD-013,1,11.9,8.44
ORD-2025-036713,2,PROD-001,2,12.9,21.41
ORD-2025-036714,1,PROD-005,1,20.28,17.74
ORD-2025-036715,1,PROD-024,2,8.73,14.2
ORD-2025-036715,2,PROD-007,1,17.18,14.94
ORD-2025-036715,3,PROD-044,1,40.85,27.08
ORD-2025-036716,1,PROD-041,1,11.83,8.71
ORD-2025-036717,1,PROD-032,2,19.72,32.27
ORD-2025-036717,2,PROD-010,3,38.03,110.18
ORD-2025-036717,3,PROD-007,1,17.18,15.43
ORD-2025-036718,1,PROD-027,1,21.13,17.56
ORD-2025-036718,2,PROD-005,2,20.28,39.3
ORD-2025-036719,1,PROD-003,1,14.37,13.9
ORD-2025-036720,1,PROD-033,1,52.11,40.54
ORD-2025-036720,2,PROD-034,1,9.01,6.63
ORD-2025-036721,1,PROD-003,2,14.37,25.92
ORD-2025-036722,1,PROD-014,2,9.9,17.83
ORD-2025-036723,1,PROD-021,1,15.49,14.57
ORD-2025-036724,1,PROD-006,2,32.39,62.64
ORD-2025-036725,1,PROD-003,2,14.37,23.66
ORD-2025-036725,2,PROD-032,3,19.72,53.69
ORD-2025-036725,3,PROD-027,1,21.13,20.65
ORD-2025-036725,4,PROD-004,1,20.28,19.03
ORD-2025-036726,1,PROD-007,1,17.18,14.61
ORD-2025-036726,2,PROD-026,1,14.65,13.79
ORD-2025-036727,1,PROD-005,1,20.28,19.2
ORD-2025-036727,2,PROD-042,3,73.24,191.55
ORD-2025-036727,3,PROD-004,3,20.28,52.9
ORD-2025-036728,1,PROD-004,1,20.28,18.12
ORD-2025-036729,1,PROD-027,1,21.13,19.86
ORD-2025-036730,1,PROD-035,2,10.14,19.1
ORD-2025-036730,2,PROD-016,2,8.9,17.08
ORD-2025-036731,1,PROD-036,1,11.55,9.55
ORD-2025-036732,1,PROD-053,1,53.52,37.83
ORD-2025-036733,1,PROD-007,2,17.18,24.77
ORD-2025-036734,1,PROD-001,1,12.9,12.59
ORD-2025-036735,1,PROD-002,1,11.9,11.04
ORD-2025-036735,2,PROD-035,1,10.14,7.46
ORD-2025-036736,1,PROD-003,1,14.37,12.77
ORD-2025-036736,2,PROD-035,3,10.14,27.18
ORD-2025-036736,3,PROD-002,1,11.9,10.82
ORD-2025-036737,1,PROD-024,1,8.73,5.67
ORD-2025-036737,2,PROD-010,2,38.03,73.67
ORD-2025-036738,1,PROD-006,2,32.39,54.04
ORD-2025-036738,2,PROD-001,1,12.9,12.08
ORD-2025-036739,1,PROD-004,1,20.28,20.17
ORD-2025-036740,1,PROD-006,1,32.39,29.95
ORD-2025-036741,1,PROD-040,2,15.21,24.72
ORD-2025-036741,2,PROD-034,1,9.01,7.32
ORD-2025-036741,3,PROD-032,2,19.72,30.98
ORD-2025-036742,1,PROD-045,1,72.68,69.19
ORD-2025-036742,2,PROD-005,2,20.28,39.97
ORD-2025-036742,3,PROD-003,1,14.37,14.23
ORD-2025-036743,1,PROD-001,1,12.9,10.59
ORD-2025-036743,2,PROD-006,2,32.39,53.8
ORD-2025-036743,3,PROD-008,1,9.9,8.88
ORD-2025-036744,1,PROD-005,1,20.28,18.89
ORD-2025-036745,1,PROD-038,2,7.89,14.65
ORD-2025-036746,1,PROD-001,3,12.9,37.93
ORD-2025-036747,1,PROD-035,3,10.14,29.33
ORD-2025-036748,1,PROD-005,1,20.28,20.05
ORD-2025-036749,1,PROD-042,3,73.24,187.44
ORD-2025-036750,1,PROD-014,2,9.9,19.5
ORD-2025-036751,1,PROD-004,2,20.28,35.86
ORD-2025-036751,2,PROD-041,2,11.83,20.25
ORD-2025-036752,1,PROD-022,1,9.01,8.71
ORD-2025-036753,1,PROD-031,1,53.52,49.55
ORD-2025-036754,1,PROD-004,2,20.28,38.39
ORD-2025-036755,1,PROD-026,2,14.65,23.43
ORD-2025-036755,2,PROD-005,1,20.28,17.83
ORD-2025-036755,3,PROD-003,2,14.37,25.97
ORD-2025-036755,4,PROD-021,1,15.49,12.06
ORD-2025-036755,5,PROD-010,1,38.03,34.51
ORD-2025-036756,1,PROD-004,2,20.28,39.54
ORD-2025-036757,1,PROD-003,1,14.37,14.33
ORD-2025-036757,2,PROD-034,3,9.01,25.14
ORD-2025-036757,3,PROD-030,2,49.3,91.94
ORD-2025-036757,4,PROD-002,3,11.9,33.68
ORD-2025-036757,5,PROD-007,1,17.18,16.5
ORD-2025-036758,1,PROD-004,2,20.28,34.9
ORD-2025-036759,1,PROD-001,2,12.9,24.69
ORD-2025-036759,2,PROD-050,1,61.97,59.91
ORD-2025-036759,3,PROD-039,1,8.17,8.09
ORD-2025-036759,4,PROD-007,1,17.18,16.66
ORD-2025-036760,1,PROD-005,2,20.28,39.65
ORD-2025-036761,1,PROD-004,2,20.28,40.13
ORD-2025-036761,2,PROD-034,2,9.01,17.48
ORD-2025-036762,1,PROD-003,1,14.37,14.12
ORD-2025-036763,1,PROD-039,3,8.17,22.81
ORD-2025-036763,2,PROD-004,1,20.28,17.98
ORD-2025-036763,3,PROD-044,1,40.85,37.24
ORD-2025-036764,1,PROD-021,1,15.49,12.57
ORD-2025-036765,1,PROD-020,2,10.14,19.82
ORD-2025-036766,1,PROD-041,1,11.83,8.68
ORD-2025-036766,2,PROD-035,2,10.14,18.83
ORD-2025-036767,1,PROD-005,2,20.28,38.56
ORD-2025-036768,1,PROD-002,1,11.9,10.74
ORD-2025-036769,1,PROD-003,1,14.37,13.03
ORD-2025-036770,1,PROD-028,1,17.18,15.37
ORD-2025-036771,1,PROD-020,1,10.14,9.58
ORD-2025-036771,2,PROD-035,3,10.14,24.56
ORD-2025-036772,1,PROD-032,1,19.72,19.61
ORD-2025-036773,1,PROD-024,1,8.73,7.63
ORD-2025-036774,1,PROD-053,1,53.52,45.26
ORD-2025-036774,2,PROD-041,2,11.83,21.94
ORD-2025-036775,1,PROD-004,1,20.28,18.02
ORD-2025-036776,1,PROD-030,2,49.3,74.94
ORD-2025-036776,2,PROD-031,1,53.52,48.59
ORD-2025-036777,1,PROD-019,3,29.58,86.29
ORD-2025-036778,1,PROD-015,2,26.76,46.42
ORD-2025-036779,1,PROD-054,1,59.15,46.98
ORD-2025-036780,1,PROD-004,2,20.28,36.5
ORD-2025-036780,2,PROD-047,1,108.45,104.61
ORD-2025-036780,3,PROD-034,1,9.01,8.44
ORD-2025-036781,1,PROD-017,1,12.5,11.17
ORD-2025-036781,2,PROD-036,1,11.55,11.23
ORD-2025-036781,3,PROD-003,1,14.37,13.94
ORD-2025-036782,1,PROD-001,1,12.9,12.28
ORD-2025-036783,1,PROD-014,1,9.9,9.16
ORD-2025-036783,2,PROD-006,1,32.39,15.65
ORD-2025-036783,3,PROD-042,2,73.24,126.25
ORD-2025-036784,1,PROD-011,1,14.9,14.15
ORD-2025-036785,1,PROD-002,1,11.9,11.08
ORD-2025-036786,1,PROD-005,2,20.28,39.91
ORD-2025-036787,1,PROD-049,1,80.28,78.83
ORD-2025-036787,2,PROD-008,1,9.9,9.72
ORD-2025-036788,1,PROD-003,2,14.37,22.26
ORD-2025-036789,1,PROD-004,3,20.28,56.92
ORD-2025-036789,2,PROD-006,1,32.39,31.72
ORD-2025-036789,3,PROD-020,1,10.14,9.16
ORD-2025-036790,1,PROD-023,1,7.89,7.64
ORD-2025-036791,1,PROD-029,1,24.79,21.85
ORD-2025-036792,1,PROD-044,1,40.85,33.58
ORD-2025-036793,1,PROD-008,1,9.9,9.08
ORD-2025-036793,2,PROD-013,1,11.9,10.75
ORD-2025-036793,3,PROD-007,1,17.18,16.58
ORD-2025-036794,1,PROD-005,1,20.28,19.4
ORD-2025-036794,2,PROD-034,4,9.01,30.57
ORD-2025-036795,1,PROD-006,1,32.39,30.46
ORD-2025-036795,2,PROD-004,2,20.28,36.35
ORD-2025-036796,1,PROD-028,1,17.18,14.77
ORD-2025-036797,1,PROD-049,1,80.28,73.28
ORD-2025-036798,1,PROD-014,1,9.9,9.48
ORD-2025-036799,1,PROD-038,4,7.89,30.98
ORD-2025-036800,1,PROD-023,1,7.89,6.74
ORD-2025-036801,1,PROD-006,1,32.39,31.58
ORD-2025-036802,1,PROD-001,2,12.9,22.31
ORD-2025-036803,1,PROD-011,2,14.9,19.51
ORD-2025-036804,1,PROD-006,2,32.39,56.27
ORD-2025-036804,2,PROD-020,1,10.14,9.43
ORD-2025-036805,1,PROD-002,2,11.9,23.23
ORD-2025-036806,1,PROD-007,1,17.18,13.38
ORD-2025-036807,1,PROD-003,2,14.37,23.59
ORD-2025-036807,2,PROD-013,2,11.9,23.25
ORD-2025-036808,1,PROD-041,1,11.83,11.32
ORD-2025-036808,2,PROD-013,1,11.9,11.54
ORD-2025-036809,1,PROD-002,3,11.9,35.16
ORD-2025-036809,2,PROD-005,2,20.28,33.37
ORD-2025-036810,1,PROD-013,1,11.9,10.64
ORD-2025-036810,2,PROD-024,1,8.73,7.84
ORD-2025-036810,3,PROD-032,1,19.72,19.05
ORD-2025-036810,4,PROD-038,1,7.89,7.16
ORD-2025-036811,1,PROD-003,1,14.37,14.2
ORD-2025-036811,2,PROD-001,1,12.9,12.23
ORD-2025-036811,3,PROD-041,2,11.83,23.01
ORD-2025-036812,1,PROD-014,1,9.9,8.74
ORD-2025-036813,1,PROD-040,1,15.21,14.52
ORD-2025-036814,1,PROD-002,1,11.9,10.69
ORD-2025-036815,1,PROD-026,1,14.65,13.87
ORD-2025-036816,1,PROD-035,1,10.14,8.74
ORD-2025-036816,2,PROD-040,2,15.21,28.94
ORD-2025-036817,1,PROD-003,1,14.37,13.17
ORD-2025-036818,1,PROD-012,1,18.5,15.67
ORD-2025-036818,2,PROD-038,2,7.89,12.61
ORD-2025-036819,1,PROD-008,1,9.9,9.28
ORD-2025-036820,1,PROD-005,2,20.28,38.68
ORD-2025-036821,1,PROD-005,1,20.28,19.57
ORD-2025-036821,2,PROD-003,2,14.37,26.19
ORD-2025-036821,3,PROD-007,1,17.18,15.54
ORD-2025-036822,1,PROD-004,1,20.28,19.0
ORD-2025-036823,1,PROD-007,1,17.18,16.22
ORD-2025-036824,1,PROD-003,2,14.37,17.3
ORD-2025-036825,1,PROD-004,1,20.28,18.29
ORD-2025-036825,2,PROD-037,1,9.86,9.63
ORD-2025-036826,1,PROD-012,1,18.5,16.79
ORD-2025-036827,1,PROD-016,1,8.9,8.11
ORD-2025-036828,1,PROD-002,1,11.9,11.42
ORD-2025-036829,1,PROD-001,1,12.9,12.52
ORD-2025-036830,1,PROD-008,1,9.9,9.53
ORD-2025-036831,1,PROD-035,1,10.14,9.61
ORD-2025-036832,1,PROD-016,1,8.9,8.35
ORD-2025-036833,1,PROD-013,1,11.9,11.37
ORD-2025-036834,1,PROD-003,1,14.37,12.2
ORD-2025-036834,2,PROD-041,3,11.83,34.17
ORD-2025-036834,3,PROD-032,4,19.72,77.55
ORD-2025-036835,1,PROD-003,2,14.37,25.12
ORD-2025-036836,1,PROD-001,1,12.9,12.24
ORD-2025-036837,1,PROD-015,3,26.76,74.32
ORD-2025-036838,1,PROD-040,1,15.21,14.42
ORD-2025-036839,1,PROD-039,1,8.17,7.73
ORD-2025-036840,1,PROD-041,1,11.83,10.09
ORD-2025-036841,1,PROD-013,1,11.9,11.84
ORD-2025-036841,2,PROD-002,1,11.9,9.22
ORD-2025-036841,3,PROD-027,1,21.13,19.74
ORD-2025-036841,4,PROD-003,1,14.37,13.58
ORD-2025-036842,1,PROD-002,2,11.9,22.43
ORD-2025-036842,2,PROD-003,3,14.37,38.93
ORD-2025-036843,1,PROD-028,1,17.18,16.49
ORD-2025-036844,1,PROD-041,3,11.83,33.83
ORD-2025-036845,1,PROD-008,1,9.9,9.71
ORD-2025-036846,1,PROD-001,2,12.9,21.46
ORD-2025-036847,1,PROD-004,3,20.28,50.06
ORD-2025-036848,1,PROD-037,2,9.86,18.49
ORD-2025-036848,2,PROD-036,2,11.55,13.61
ORD-2025-036848,3,PROD-010,3,38.03,87.63
ORD-2025-036848,4,PROD-029,2,24.79,34.79
ORD-2025-036848,5,PROD-015,1,26.76,23.46
ORD-2025-036849,1,PROD-001,2,12.9,24.08
ORD-2025-036850,1,PROD-034,1,9.01,8.33
ORD-2025-036851,1,PROD-019,2,29.58,51.67
ORD-2025-036852,1,PROD-005,3,20.28,50.89
ORD-2025-036852,2,PROD-035,2,10.14,19.81
ORD-2025-036852,3,PROD-032,1,19.72,15.36
ORD-2025-036852,4,PROD-003,1,14.37,12.49
ORD-2025-036853,1,PROD-005,2,20.28,31.69
ORD-2025-036854,1,PROD-008,3,9.9,26.15
ORD-2025-036855,1,PROD-003,1,14.37,12.37
ORD-2025-036855,2,PROD-038,1,7.89,7.27
ORD-2025-036856,1,PROD-003,1,14.37,13.99
ORD-2025-036857,1,PROD-006,1,32.39,31.35
ORD-2025-036858,1,PROD-052,1,46.48,38.37
ORD-2025-036859,1,PROD-022,1,9.01,7.84
ORD-2025-036859,2,PROD-007,1,17.18,15.55
ORD-2025-036860,1,PROD-023,2,7.89,12.43
ORD-2025-036860,2,PROD-056,1,101.41,92.94
ORD-2025-036861,1,PROD-053,2,53.52,93.92
ORD-2025-036861,2,PROD-011,2,14.9,26.44
ORD-2025-036862,1,PROD-035,1,10.14,6.34
ORD-2025-036862,2,PROD-027,1,21.13,20.44
ORD-2025-036863,1,PROD-006,1,32.39,26.14
ORD-2025-036864,1,PROD-032,1,19.72,18.17
ORD-2025-036864,2,PROD-041,1,11.83,10.72
ORD-2025-036865,1,PROD-041,1,11.83,10.84
ORD-2025-036865,2,PROD-036,2,11.55,20.33
ORD-2025-036865,3,PROD-002,2,11.9,19.13
ORD-2025-036865,4,PROD-007,2,17.18,28.08
ORD-2025-036866,1,PROD-034,1,9.01,8.75
ORD-2025-036867,1,PROD-054,1,59.15,57.64
ORD-2025-036868,1,PROD-035,1,10.14,9.54
ORD-2025-036868,2,PROD-028,1,17.18,15.97
ORD-2025-036868,3,PROD-032,1,19.72,16.14
ORD-2025-036869,1,PROD-003,1,14.37,13.78
ORD-2025-036869,2,PROD-031,2,53.52,100.6
ORD-2025-036869,3,PROD-027,1,21.13,20.5
ORD-2025-036870,1,PROD-039,4,8.17,28.84
ORD-2025-036870,2,PROD-001,1,12.9,9.75
ORD-2025-036870,3,PROD-034,1,9.01,7.61
ORD-2025-036871,1,PROD-008,1,9.9,7.6
ORD-2025-036871,2,PROD-004,2,20.28,27.0
ORD-2025-036871,3,PROD-041,1,11.83,7.53
ORD-2025-036872,1,PROD-010,2,38.03,66.67
ORD-2025-036872,2,PROD-001,1,12.9,11.61
ORD-2025-036873,1,PROD-026,1,14.65,13.64
ORD-2025-036873,2,PROD-001,1,12.9,12.54
ORD-2025-036874,1,PROD-021,1,15.49,11.4
ORD-2025-036875,1,PROD-027,2,21.13,33.26
ORD-2025-036876,1,PROD-005,1,20.28,19.84
ORD-2025-036876,2,PROD-054,1,59.15,58.3
ORD-2025-036876,3,PROD-034,4,9.01,34.95
ORD-2025-036877,1,PROD-022,1,9.01,8.76
ORD-2025-036878,1,PROD-010,3,38.03,99.99
ORD-2025-036879,1,PROD-041,1,11.83,10.92
ORD-2025-036880,1,PROD-024,1,8.73,7.11
ORD-2025-036881,1,PROD-032,1,19.72,17.97
ORD-2025-036881,2,PROD-003,1,14.37,10.85
ORD-2025-036882,1,PROD-034,2,9.01,17.18
ORD-2025-036882,2,PROD-027,1,21.13,20.5
ORD-2025-036882,3,PROD-007,2,17.18,23.07
ORD-2025-036883,1,PROD-025,1,21.97,18.63
ORD-2025-036883,2,PROD-041,3,11.83,32.59
ORD-2025-036884,1,PROD-012,1,18.5,17.69
ORD-2025-036884,2,PROD-039,1,8.17,7.68
ORD-2025-036885,1,PROD-010,3,38.03,110.48
ORD-2025-036885,2,PROD-038,1,7.89,7.11
ORD-2025-036886,1,PROD-002,2,11.9,22.2
ORD-2025-036887,1,PROD-007,2,17.18,32.83
ORD-2025-036888,1,PROD-006,2,32.39,36.48
ORD-2025-036889,1,PROD-036,3,11.55,26.37
ORD-2025-036890,1,PROD-014,3,9.9,29.2
ORD-2025-036890,2,PROD-001,2,12.9,25.58
ORD-2025-036891,1,PROD-017,1,12.5,11.71
ORD-2025-036891,2,PROD-005,1,20.28,18.71
ORD-2025-036892,1,PROD-004,1,20.28,19.99
ORD-2025-036892,2,PROD-008,1,9.9,9.63
ORD-2025-036893,1,PROD-006,1,32.39,30.04
ORD-2025-036894,1,PROD-014,2,9.9,19.65
ORD-2025-036894,2,PROD-041,1,11.83,11.28
ORD-2025-036895,1,PROD-001,1,12.9,11.14
ORD-2025-036896,1,PROD-024,1,8.73,8.04
ORD-2025-036896,2,PROD-035,2,10.14,18.07
ORD-2025-036897,1,PROD-005,1,20.28,18.14
ORD-2025-036898,1,PROD-023,1,7.89,7.83
ORD-2025-036898,2,PROD-006,1,32.39,31.44
ORD-2025-036899,1,PROD-003,1,14.37,13.05
ORD-2025-036900,1,PROD-004,2,20.28,37.3
ORD-2025-036901,1,PROD-050,1,61.97,60.09
ORD-2025-036902,1,PROD-003,1,14.37,10.99
ORD-2025-036903,1,PROD-006,1,32.39,31.45
ORD-2025-036903,2,PROD-017,1,12.5,12.21
ORD-2025-036904,1,PROD-005,2,20.28,33.15
ORD-2025-036905,1,PROD-001,1,12.9,12.48
ORD-2025-036905,2,PROD-025,1,21.97,21.35
ORD-2025-036906,1,PROD-006,2,32.39,53.7
ORD-2025-036906,2,PROD-034,1,9.01,8.54
ORD-2025-036907,1,PROD-038,1,7.89,7.24
ORD-2025-036907,2,PROD-002,3,11.9,33.89
ORD-2025-036907,3,PROD-013,1,11.9,11.19
ORD-2025-036908,1,PROD-003,2,14.37,28.4
ORD-2025-036909,1,PROD-007,1,17.18,16.38
ORD-2025-036909,2,PROD-034,1,9.01,8.78
ORD-2025-036909,3,PROD-001,2,12.9,24.23
ORD-2025-036909,4,PROD-024,2,8.73,16.43
ORD-2025-036910,1,PROD-004,1,20.28,19.33
ORD-2025-036911,1,PROD-006,1,32.39,28.26
ORD-2025-036912,1,PROD-012,2,18.5,34.54
ORD-2025-036913,1,PROD-004,2,20.28,37.58
ORD-2025-036913,2,PROD-059,1,52.11,47.53
ORD-2025-036914,1,PROD-010,1,38.03,36.79
ORD-2025-036914,2,PROD-026,1,14.65,13.95
ORD-2025-036915,1,PROD-045,1,72.68,71.15
ORD-2025-036915,2,PROD-017,1,12.5,10.88
ORD-2025-036915,3,PROD-011,1,14.9,14.14
ORD-2025-036916,1,PROD-032,2,19.72,31.31
ORD-2025-036917,1,PROD-005,2,20.28,38.62
ORD-2025-036918,1,PROD-010,1,38.03,29.82
ORD-2025-036918,2,PROD-007,1,17.18,13.16
ORD-2025-036919,1,PROD-039,1,8.17,8.05
ORD-2025-036920,1,PROD-037,2,9.86,15.48
ORD-2025-036920,2,PROD-008,2,9.9,17.71
ORD-2025-036921,1,PROD-006,1,32.39,29.01
ORD-2025-036922,1,PROD-054,1,59.15,55.43
ORD-2025-036923,1,PROD-001,1,12.9,11.7
ORD-2025-036924,1,PROD-001,1,12.9,11.83
ORD-2025-036924,2,PROD-004,2,20.28,38.52
ORD-2025-036925,1,PROD-006,3,32.39,91.95
ORD-2025-036925,2,PROD-003,1,14.37,13.38
ORD-2025-036925,3,PROD-038,4,7.89,30.26
ORD-2025-036926,1,PROD-024,1,8.73,8.65
ORD-2025-036927,1,PROD-006,2,32.39,55.15
ORD-2025-036928,1,PROD-003,1,14.37,14.22
ORD-2025-036928,2,PROD-044,1,40.85,36.41
ORD-2025-036928,3,PROD-029,2,24.79,42.2
ORD-2025-036929,1,PROD-032,1,19.72,9.49
ORD-2025-036930,1,PROD-037,1,9.86,9.24
ORD-2025-036931,1,PROD-024,1,8.73,8.41
ORD-2025-036931,2,PROD-034,2,9.01,17.32
ORD-2025-036932,1,PROD-041,3,11.83,34.79
ORD-2025-036933,1,PROD-001,2,12.9,25.14
ORD-2025-036934,1,PROD-004,2,20.28,40.09
ORD-2025-036934,2,PROD-007,2,17.18,33.27
ORD-2025-036934,3,PROD-014,1,9.9,9.34
ORD-2025-036935,1,PROD-004,2,20.28,32.5
ORD-2025-036935,2,PROD-010,1,38.03,35.93
ORD-2025-036935,3,PROD-003,3,14.37,41.76
ORD-2025-036936,1,PROD-027,2,21.13,33.62
ORD-2025-036936,2,PROD-029,1,24.79,22.73
ORD-2025-036937,1,PROD-001,3,12.9,30.41
ORD-2025-036937,2,PROD-035,1,10.14,9.03
ORD-2025-036938,1,PROD-020,2,10.14,19.8
ORD-2025-036939,1,PROD-002,3,11.9,34.28
ORD-2025-036940,1,PROD-015,1,26.76,26.46
ORD-2025-036941,1,PROD-011,3,14.9,43.97
ORD-2025-036941,2,PROD-041,1,11.83,8.11
ORD-2025-036942,1,PROD-028,1,17.18,11.81
ORD-2025-036943,1,PROD-001,1,12.9,12.19
ORD-2025-036944,1,PROD-002,3,11.9,29.78
ORD-2025-036944,2,PROD-012,1,18.5,16.89
ORD-2025-036945,1,PROD-051,1,36.06,32.92
ORD-2025-036946,1,PROD-011,2,14.9,24.05
ORD-2025-036946,2,PROD-008,1,9.9,8.16
ORD-2025-036947,1,PROD-027,2,21.13,39.56
ORD-2025-036947,2,PROD-001,2,12.9,24.43
ORD-2025-036948,1,PROD-004,1,20.28,19.68
ORD-2025-036948,2,PROD-011,2,14.9,27.86
ORD-2025-036948,3,PROD-038,1,7.89,7.35
ORD-2025-036948,4,PROD-035,1,10.14,9.81
ORD-2025-036949,1,PROD-004,1,20.28,19.74
ORD-2025-036950,1,PROD-014,1,9.9,9.02
ORD-2025-036950,2,PROD-008,2,9.9,17.34
ORD-2025-036951,1,PROD-010,1,38.03,36.56
ORD-2025-036951,2,PROD-053,1,53.52,51.48
ORD-2025-036952,1,PROD-001,1,12.9,12.28
ORD-2025-036952,2,PROD-002,2,11.9,23.01
ORD-2025-036953,1,PROD-036,2,11.55,20.03
ORD-2025-036954,1,PROD-006,3,32.39,92.14
ORD-2025-036954,2,PROD-004,2,20.28,37.52
ORD-2025-036955,1,PROD-007,2,17.18,29.33
ORD-2025-036956,1,PROD-008,1,9.9,9.34
ORD-2025-036956,2,PROD-039,2,8.17,16.0
ORD-2025-036956,3,PROD-002,2,11.9,21.65
ORD-2025-036957,1,PROD-045,1,72.68,65.27
ORD-2025-036958,1,PROD-010,1,38.03,36.2
ORD-2025-036958,2,PROD-034,2,9.01,14.99
ORD-2025-036959,1,PROD-041,2,11.83,20.79
ORD-2025-036959,2,PROD-040,2,15.21,29.35
ORD-2025-036959,3,PROD-029,2,24.79,48.9
ORD-2025-036959,4,PROD-024,2,8.73,16.19
ORD-2025-036960,1,PROD-035,3,10.14,29.82
ORD-2025-036961,1,PROD-006,1,32.39,31.8
ORD-2025-036961,2,PROD-036,1,11.55,10.37
ORD-2025-036962,1,PROD-029,1,24.79,12.83
ORD-2025-036962,2,PROD-006,1,32.39,21.72
ORD-2025-036963,1,PROD-004,1,20.28,18.42
ORD-2025-036964,1,PROD-001,1,12.9,12.71
ORD-2025-036965,1,PROD-010,1,38.03,35.44
ORD-2025-036966,1,PROD-002,2,11.9,17.9
ORD-2025-036966,2,PROD-041,2,11.83,16.34
ORD-2025-036967,1,PROD-004,1,20.28,19.94
ORD-2025-036968,1,PROD-005,1,20.28,18.48
ORD-2025-036968,2,PROD-001,2,12.9,23.93
ORD-2025-036968,3,PROD-010,1,38.03,35.52
ORD-2025-036968,4,PROD-006,1,32.39,28.96
ORD-2025-036969,1,PROD-037,1,9.86,8.38
ORD-2025-036969,2,PROD-021,1,15.49,13.68
ORD-2025-036969,3,PROD-008,1,9.9,9.19
ORD-2025-036970,1,PROD-001,3,12.9,38.53
ORD-2025-036971,1,PROD-016,2,8.9,14.17
ORD-2025-036972,1,PROD-019,1,29.58,27.47
ORD-2025-036972,2,PROD-002,1,11.9,10.84
ORD-2025-036972,3,PROD-034,4,9.01,29.29
ORD-2025-036973,1,PROD-008,2,9.9,18.91
ORD-2025-036974,1,PROD-004,2,20.28,35.68
ORD-2025-036975,1,PROD-004,1,20.28,17.83
ORD-2025-036975,2,PROD-034,1,9.01,8.69
ORD-2025-036976,1,PROD-001,2,12.9,25.45
ORD-2025-036976,2,PROD-034,1,9.01,8.3
ORD-2025-036976,3,PROD-019,1,29.58,28.17
ORD-2025-036977,1,PROD-004,1,20.28,19.39
ORD-2025-036978,1,PROD-041,1,11.83,11.31
ORD-2025-036978,2,PROD-032,2,19.72,35.26
ORD-2025-036978,3,PROD-059,1,52.11,50.87
ORD-2025-036979,1,PROD-038,2,7.89,15.1
ORD-2025-036980,1,PROD-040,1,15.21,9.64
ORD-2025-036980,2,PROD-004,1,20.28,19.5
ORD-2025-036980,3,PROD-002,1,11.9,7.44
ORD-2025-036981,1,PROD-044,1,40.85,40.47
ORD-2025-036981,2,PROD-024,1,8.73,8.37
ORD-2025-036982,1,PROD-035,1,10.14,9.79
ORD-2025-036983,1,PROD-001,1,12.9,12.19
ORD-2025-036984,1,PROD-013,2,11.9,19.28
ORD-2025-036985,1,PROD-001,2,12.9,24.01
ORD-2025-036986,1,PROD-003,2,14.37,24.54
ORD-2025-036986,2,PROD-034,1,9.01,8.47
ORD-2025-036986,3,PROD-035,1,10.14,8.31
ORD-2025-036987,1,PROD-001,1,12.9,10.93
ORD-2025-036987,2,PROD-041,1,11.83,11.04
ORD-2025-036988,1,PROD-039,3,8.17,24.26
ORD-2025-036989,1,PROD-007,1,17.18,17.13
ORD-2025-036989,2,PROD-035,2,10.14,19.46
ORD-2025-036990,1,PROD-024,1,8.73,7.81
ORD-2025-036990,2,PROD-022,1,9.01,7.42
ORD-2025-036991,1,PROD-004,2,20.28,34.37
ORD-2025-036992,1,PROD-017,1,12.5,11.06
ORD-2025-036992,2,PROD-025,2,21.97,41.18
ORD-2025-036992,3,PROD-005,2,20.28,34.89
ORD-2025-036993,1,PROD-059,1,52.11,50.78
ORD-2025-036994,1,PROD-032,3,19.72,58.16
ORD-2025-036994,2,PROD-041,2,11.83,23.02
ORD-2025-036994,3,PROD-004,2,20.28,39.19
ORD-2025-036994,4,PROD-007,1,17.18,16.36
ORD-2025-036995,1,PROD-030,2,49.3,94.1
ORD-2025-036996,1,PROD-027,1,21.13,20.06
ORD-2025-036997,1,PROD-041,1,11.83,8.9
ORD-2025-036997,2,PROD-035,1,10.14,8.87
ORD-2025-036998,1,PROD-037,2,9.86,19.58
ORD-2025-036999,1,PROD-045,1,72.68,69.21
ORD-2025-037000,1,PROD-037,1,9.86,8.54
ORD-2025-037001,1,PROD-007,2,17.18,34.06
ORD-2025-037001,2,PROD-025,2,21.97,34.93
ORD-2025-037002,1,PROD-034,1,9.01,8.98
ORD-2025-037003,1,PROD-041,1,11.83,9.45
ORD-2025-037003,2,PROD-002,2,11.9,20.81
ORD-2025-037003,3,PROD-004,1,20.28,19.14
ORD-2025-037004,1,PROD-048,1,55.77,55.26
ORD-2025-037005,1,PROD-015,1,26.76,25.06
ORD-2025-037006,1,PROD-047,1,108.45,103.01
ORD-2025-037007,1,PROD-010,1,38.03,35.96
ORD-2025-037008,1,PROD-016,2,8.9,16.79
ORD-2025-037008,2,PROD-008,2,9.9,17.86
ORD-2025-037008,3,PROD-014,1,9.9,8.36
ORD-2025-037008,4,PROD-001,1,12.9,12.44
ORD-2025-037009,1,PROD-007,1,17.18,15.75
ORD-2025-037010,1,PROD-004,2,20.28,36.94
ORD-2025-037010,2,PROD-001,1,12.9,12.31
ORD-2025-037010,3,PROD-003,2,14.37,27.52
ORD-2025-037010,4,PROD-005,1,20.28,17.9
ORD-2025-037011,1,PROD-003,1,14.37,13.85
ORD-2025-037011,2,PROD-008,3,9.9,28.33
ORD-2025-037012,1,PROD-029,2,24.79,41.32
ORD-2025-037012,2,PROD-001,1,12.9,12.31
ORD-2025-037013,1,PROD-006,2,32.39,49.28
ORD-2025-037014,1,PROD-007,1,17.18,16.77
ORD-2025-037015,1,PROD-053,1,53.52,46.77
ORD-2025-037016,1,PROD-028,2,17.18,31.44
ORD-2025-037016,2,PROD-010,1,38.03,36.19
ORD-2025-037016,3,PROD-051,1,36.06,29.56
ORD-2025-037016,4,PROD-013,1,11.9,10.6
ORD-2025-037017,1,PROD-001,3,12.9,36.47
ORD-2025-037018,1,PROD-014,3,9.9,21.95
ORD-2025-037019,1,PROD-044,1,40.85,38.57
ORD-2025-037020,1,PROD-028,1,17.18,14.65
ORD-2025-037021,1,PROD-004,1,20.28,19.15
ORD-2025-037022,1,PROD-005,2,20.28,35.0
ORD-2025-037023,1,PROD-024,1,8.73,7.19
ORD-2025-037023,2,PROD-010,1,38.03,31.26
ORD-2025-037024,1,PROD-007,2,17.18,32.75
ORD-2025-037025,1,PROD-007,1,17.18,17.13
ORD-2025-037026,1,PROD-038,2,7.89,14.86
ORD-2025-037027,1,PROD-040,4,15.21,59.95
ORD-2025-037028,1,PROD-003,2,14.37,26.54
ORD-2025-037028,2,PROD-001,1,12.9,11.96
ORD-2025-037028,3,PROD-037,1,9.86,7.09
ORD-2025-037029,1,PROD-002,2,11.9,21.21
ORD-2025-037030,1,PROD-031,1,53.52,48.17
ORD-2025-037030,2,PROD-040,1,15.21,14.85
ORD-2025-037030,3,PROD-002,2,11.9,21.18
ORD-2025-037031,1,PROD-002,1,11.9,9.69
ORD-2025-037031,2,PROD-005,1,20.28,19.35
ORD-2025-037031,3,PROD-030,1,49.3,44.5
ORD-2025-037032,1,PROD-001,1,12.9,10.22
ORD-2025-037032,2,PROD-004,2,20.28,38.22
ORD-2025-037033,1,PROD-004,3,20.28,51.34
ORD-2025-037033,2,PROD-003,1,14.37,12.94
ORD-2025-037034,1,PROD-035,1,10.14,9.62
ORD-2025-037035,1,PROD-006,1,32.39,30.04
ORD-2025-037036,1,PROD-002,2,11.9,21.78
ORD-2025-037037,1,PROD-006,2,32.39,59.08
ORD-2025-037037,2,PROD-004,1,20.28,19.11
ORD-2025-037037,3,PROD-044,1,40.85,35.47
ORD-2025-037038,1,PROD-035,3,10.14,21.01
ORD-2025-037038,2,PROD-047,1,108.45,77.35
ORD-2025-037038,3,PROD-005,2,20.28,38.61
ORD-2025-037038,4,PROD-003,2,14.37,26.24
ORD-2025-037039,1,PROD-002,1,11.9,11.68
ORD-2025-037039,2,PROD-010,1,38.03,34.98
ORD-2025-037039,3,PROD-035,2,10.14,19.6
ORD-2025-037040,1,PROD-010,1,38.03,29.24
ORD-2025-037041,1,PROD-044,1,40.85,40.18
ORD-2025-037042,1,PROD-005,1,20.28,19.03
ORD-2025-037042,2,PROD-016,1,8.9,8.03
ORD-2025-037043,1,PROD-002,1,11.9,9.18
ORD-2025-037044,1,PROD-003,1,14.37,12.87
ORD-2025-037045,1,PROD-042,1,73.24,65.82
ORD-2025-037045,2,PROD-004,1,20.28,14.04
ORD-2025-037045,3,PROD-044,1,40.85,24.04
ORD-2025-037046,1,PROD-001,1,12.9,12.25
ORD-2025-037047,1,PROD-003,1,14.37,13.14
ORD-2025-037048,1,PROD-041,1,11.83,9.27
ORD-2025-037048,2,PROD-040,1,15.21,12.29
ORD-2025-037048,3,PROD-035,4,10.14,34.7
ORD-2025-037049,1,PROD-041,2,11.83,20.27
ORD-2025-037050,1,PROD-025,1,21.97,18.06
ORD-2025-037051,1,PROD-028,1,17.18,15.96
ORD-2025-037051,2,PROD-041,2,11.83,22.45
ORD-2025-037052,1,PROD-004,1,20.28,19.6
ORD-2025-037053,1,PROD-012,2,18.5,32.85
ORD-2025-037053,2,PROD-038,1,7.89,7.42
ORD-2025-037053,3,PROD-005,1,20.28,19.34
ORD-2025-037053,4,PROD-004,2,20.28,37.63
ORD-2025-037054,1,PROD-003,2,14.37,26.68
ORD-2025-037055,1,PROD-002,1,11.9,10.34
ORD-2025-037056,1,PROD-039,4,8.17,32.56
ORD-2025-037057,1,PROD-004,1,20.28,18.99
ORD-2025-037057,2,PROD-005,1,20.28,18.78
ORD-2025-037057,3,PROD-024,1,8.73,8.42
ORD-2025-037058,1,PROD-010,1,38.03,36.14
ORD-2025-037058,2,PROD-042,1,73.24,69.84
ORD-2025-037058,3,PROD-006,3,32.39,86.59
ORD-2025-037059,1,PROD-004,2,20.28,33.67
ORD-2025-037060,1,PROD-001,1,12.9,9.89
ORD-2025-037061,1,PROD-003,2,14.37,26.4
ORD-2025-037062,1,PROD-005,1,20.28,16.53
ORD-2025-037063,1,PROD-004,1,20.28,17.85
ORD-2025-037064,1,PROD-039,1,8.17,6.47
ORD-2025-037064,2,PROD-036,2,11.55,14.33
ORD-2025-037065,1,PROD-025,1,21.97,16.46
ORD-2025-037066,1,PROD-005,1,20.28,19.57
ORD-2025-037067,1,PROD-016,1,8.9,8.19
ORD-2025-037067,2,PROD-030,1,49.3,47.43
ORD-2025-037068,1,PROD-029,2,24.79,34.63
ORD-2025-037068,2,PROD-042,1,73.24,41.36
ORD-2025-037069,1,PROD-001,2,12.9,23.85
ORD-2025-037069,2,PROD-004,1,20.28,18.79
ORD-2025-037070,1,PROD-002,1,11.9,10.63
ORD-2025-037071,1,PROD-007,2,17.18,27.46
ORD-2025-037071,2,PROD-041,3,11.83,33.87
ORD-2025-037072,1,PROD-002,1,11.9,9.04
ORD-2025-037072,2,PROD-049,2,80.28,154.14
ORD-2025-037072,3,PROD-001,2,12.9,24.08
ORD-2025-037073,1,PROD-022,1,9.01,8.99
ORD-2025-037073,2,PROD-037,1,9.86,9.78
ORD-2025-037073,3,PROD-028,1,17.18,14.16
ORD-2025-037074,1,PROD-039,1,8.17,7.28
ORD-2025-037074,2,PROD-004,1,20.28,18.1
ORD-2025-037074,3,PROD-001,2,12.9,24.0
ORD-2025-037075,1,PROD-016,1,8.9,8.63
ORD-2025-037075,2,PROD-008,3,9.9,28.32
ORD-2025-037075,3,PROD-035,2,10.14,19.43
ORD-2025-037075,4,PROD-005,2,20.28,38.39
ORD-2025-037076,1,PROD-005,1,20.28,19.12
ORD-2025-037077,1,PROD-022,1,9.01,6.4
ORD-2025-037078,1,PROD-001,1,12.9,12.61
ORD-2025-037079,1,PROD-045,1,72.68,69.13
ORD-2025-037079,2,PROD-004,1,20.28,19.95
ORD-2025-037080,1,PROD-001,2,12.9,21.43
ORD-2025-037081,1,PROD-012,1,18.5,17.29
ORD-2025-037082,1,PROD-030,2,49.3,85.26
ORD-2025-037083,1,PROD-001,1,12.9,8.46
ORD-2025-037084,1,PROD-022,2,9.01,10.65
ORD-2025-037085,1,PROD-004,1,20.28,18.47
ORD-2025-037085,2,PROD-024,2,8.73,17.18
ORD-2025-037086,1,PROD-038,1,7.89,6.93
ORD-2025-037087,1,PROD-007,1,17.18,15.65
ORD-2025-037088,1,PROD-006,3,32.39,95.4
ORD-2025-037089,1,PROD-023,1,7.89,6.21
ORD-2025-037089,2,PROD-034,1,9.01,8.08
ORD-2025-037090,1,PROD-002,2,11.9,22.79
ORD-2025-037091,1,PROD-013,1,11.9,11.73
ORD-2025-037091,2,PROD-035,1,10.14,9.69
ORD-2025-037091,3,PROD-011,1,14.9,13.04
ORD-2025-037091,4,PROD-010,1,38.03,34.02
ORD-2025-037092,1,PROD-008,1,9.9,9.64
ORD-2025-037093,1,PROD-005,2,20.28,37.6
ORD-2025-037093,2,PROD-008,1,9.9,9.57
ORD-2025-037094,1,PROD-047,1,108.45,105.9
ORD-2025-037095,1,PROD-006,1,32.39,28.89
ORD-2025-037095,2,PROD-001,2,12.9,24.08
ORD-2025-037096,1,PROD-001,1,12.9,11.69
ORD-2025-037097,1,PROD-032,1,19.72,16.19
ORD-2025-037098,1,PROD-039,1,8.17,7.4
ORD-2025-037099,1,PROD-036,2,11.55,22.74
ORD-2025-037100,1,PROD-001,2,12.9,24.98
ORD-2025-037101,1,PROD-038,1,7.89,6.88
ORD-2025-037102,1,PROD-050,1,61.97,58.1
ORD-2025-037102,2,PROD-003,1,14.37,13.69
ORD-2025-037103,1,PROD-049,2,80.28,147.8
ORD-2025-037103,2,PROD-007,2,17.18,24.79
ORD-2025-037104,1,PROD-030,1,49.3,45.59
ORD-2025-037104,2,PROD-008,2,9.9,18.67
ORD-2025-037104,3,PROD-048,1,55.77,47.45
ORD-2025-037104,4,PROD-005,1,20.28,18.35
ORD-2025-037104,5,PROD-021,1,15.49,12.87
ORD-2025-037105,1,PROD-006,2,32.39,61.02
ORD-2025-037105,2,PROD-013,2,11.9,21.84
ORD-2025-037105,3,PROD-003,1,14.37,12.22
ORD-2025-037105,4,PROD-039,3,8.17,20.28
ORD-2025-037106,1,PROD-005,1,20.28,18.76
ORD-2025-037106,2,PROD-020,1,10.14,9.66
ORD-2025-037107,1,PROD-004,3,20.28,50.55
ORD-2025-037107,2,PROD-034,2,9.01,16.97
ORD-2025-037107,3,PROD-022,1,9.01,8.35
ORD-2025-037108,1,PROD-006,2,32.39,54.58
ORD-2025-037108,2,PROD-003,1,14.37,12.73
ORD-2025-037109,1,PROD-001,2,12.9,21.17
ORD-2025-037109,2,PROD-041,1,11.83,11.35
ORD-2025-037110,1,PROD-001,1,12.9,11.6
ORD-2025-037110,2,PROD-008,1,9.9,9.72
ORD-2025-037110,3,PROD-007,2,17.18,32.19
ORD-2025-037110,4,PROD-039,3,8.17,24.09
ORD-2025-037111,1,PROD-021,1,15.49,12.86
ORD-2025-037112,1,PROD-004,1,20.28,18.06
ORD-2025-037112,2,PROD-039,1,8.17,6.76
ORD-2025-037113,1,PROD-034,2,9.01,14.75
ORD-2025-037113,2,PROD-029,1,24.79,24.56
ORD-2025-037114,1,PROD-028,1,17.18,12.51
ORD-2025-037114,2,PROD-012,1,18.5,18.29
ORD-2025-037115,1,PROD-002,1,11.9,11.09
ORD-2025-037115,2,PROD-004,1,20.28,14.3
ORD-2025-037116,1,PROD-001,2,12.9,25.1
ORD-2025-037116,2,PROD-055,1,74.65,73.63
ORD-2025-037116,3,PROD-007,1,17.18,16.99
ORD-2025-037117,1,PROD-003,1,14.37,12.51
ORD-2025-037118,1,PROD-022,1,9.01,8.86
ORD-2025-037119,1,PROD-020,1,10.14,9.92
ORD-2025-037120,1,PROD-005,1,20.28,18.21
ORD-2025-037121,1,PROD-035,3,10.14,28.93
ORD-2025-037122,1,PROD-021,2,15.49,28.21
ORD-2025-037123,1,PROD-010,2,38.03,71.69
ORD-2025-037123,2,PROD-038,3,7.89,22.98
ORD-2025-037123,3,PROD-035,1,10.14,9.38
ORD-2025-037124,1,PROD-036,2,11.55,21.71
ORD-2025-037125,1,PROD-005,1,20.28,17.27
ORD-2025-037126,1,PROD-016,1,8.9,7.55
ORD-2025-037126,2,PROD-010,1,38.03,33.28
ORD-2025-037127,1,PROD-003,2,14.37,25.91
ORD-2025-037128,1,PROD-011,1,14.9,14.45
ORD-2025-037128,2,PROD-002,1,11.9,11.13
ORD-2025-037128,3,PROD-001,1,12.9,11.4
ORD-2025-037129,1,PROD-004,2,20.28,40.41
ORD-2025-037129,2,PROD-003,2,14.37,27.2
ORD-2025-037130,1,PROD-010,1,38.03,36.73
ORD-2025-037131,1,PROD-006,2,32.39,63.41
ORD-2025-037131,2,PROD-034,1,9.01,8.8
ORD-2025-037132,1,PROD-014,1,9.9,9.85
ORD-2025-037132,2,PROD-039,4,8.17,31.46
ORD-2025-037133,1,PROD-004,2,20.28,39.48
ORD-2025-037134,1,PROD-023,2,7.89,13.09
ORD-2025-037135,1,PROD-045,2,72.68,139.71
ORD-2025-037136,1,PROD-049,1,80.28,62.48
ORD-2025-037137,1,PROD-007,1,17.18,16.53
ORD-2025-037138,1,PROD-020,1,10.14,9.86
ORD-2025-037139,1,PROD-004,2,20.28,38.55
ORD-2025-037140,1,PROD-041,2,11.83,20.22
ORD-2025-037141,1,PROD-020,1,10.14,9.88
ORD-2025-037142,1,PROD-006,1,32.39,18.96
ORD-2025-037142,2,PROD-034,1,9.01,8.23
ORD-2025-037142,3,PROD-038,2,7.89,14.89
ORD-2025-037143,1,PROD-013,1,11.9,11.71
ORD-2025-037144,1,PROD-002,2,11.9,23.44
ORD-2025-037145,1,PROD-004,2,20.28,36.93
ORD-2025-037145,2,PROD-047,1,108.45,105.94
ORD-2025-037146,1,PROD-004,2,20.28,39.4
ORD-2025-037146,2,PROD-001,3,12.9,38.3
ORD-2025-037147,1,PROD-006,1,32.39,23.76
ORD-2025-037147,2,PROD-035,1,10.14,8.51
ORD-2025-037148,1,PROD-001,1,12.9,9.68
ORD-2025-037148,2,PROD-041,3,11.83,30.32
ORD-2025-037148,3,PROD-045,1,72.68,54.46
ORD-2025-037149,1,PROD-008,2,9.9,19.05
ORD-2025-037149,2,PROD-013,1,11.9,11.48
ORD-2025-037149,3,PROD-035,3,10.14,29.66
ORD-2025-037150,1,PROD-032,1,19.72,15.22
ORD-2025-037151,1,PROD-004,3,20.28,56.05
ORD-2025-037151,2,PROD-034,2,9.01,14.81
ORD-2025-037152,1,PROD-007,1,17.18,15.81
ORD-2025-037152,2,PROD-006,1,32.39,29.72
ORD-2025-037152,3,PROD-008,1,9.9,8.08
ORD-2025-037153,1,PROD-013,3,11.9,32.12
ORD-2025-037153,2,PROD-032,2,19.72,33.98
ORD-2025-037153,3,PROD-036,1,11.55,8.42
ORD-2025-037154,1,PROD-040,1,15.21,14.59
ORD-2025-037154,2,PROD-002,1,11.9,11.31
ORD-2025-037155,1,PROD-010,1,38.03,37.57
ORD-2025-037156,1,PROD-007,1,17.18,8.49
ORD-2025-037157,1,PROD-021,1,15.49,11.17
ORD-2025-037158,1,PROD-020,1,10.14,8.15
ORD-2025-037159,1,PROD-037,2,9.86,17.71
ORD-2025-037159,2,PROD-001,2,12.9,21.55
ORD-2025-037160,1,PROD-001,1,12.9,11.78
ORD-2025-037161,1,PROD-008,1,9.9,9.47
ORD-2025-037162,1,PROD-007,2,17.18,26.88
ORD-2025-037162,2,PROD-041,1,11.83,9.19
ORD-2025-037162,3,PROD-001,2,12.9,20.91
ORD-2025-037163,1,PROD-037,2,9.86,17.18
ORD-2025-037164,1,PROD-010,1,38.03,36.48
ORD-2025-037165,1,PROD-026,1,14.65,11.67
ORD-2025-037166,1,PROD-038,1,7.89,7.14
ORD-2025-037167,1,PROD-005,1,20.28,12.78
ORD-2025-037168,1,PROD-017,1,12.5,11.12
ORD-2025-037168,2,PROD-005,2,20.28,38.88
ORD-2025-037169,1,PROD-024,1,8.73,8.09
ORD-2025-037170,1,PROD-026,1,14.65,13.46
ORD-2025-037170,2,PROD-022,2,9.01,17.18
ORD-2025-037170,3,PROD-036,2,11.55,21.35
ORD-2025-037170,4,PROD-002,2,11.9,21.65
ORD-2025-037171,1,PROD-006,1,32.39,29.23
ORD-2025-037171,2,PROD-041,1,11.83,10.01
ORD-2025-037171,3,PROD-012,1,18.5,17.8
ORD-2025-037172,1,PROD-002,1,11.9,10.38
ORD-2025-037173,1,PROD-024,1,8.73,7.84
ORD-2025-037174,1,PROD-020,1,10.14,9.59
ORD-2025-037175,1,PROD-005,1,20.28,17.73
ORD-2025-037176,1,PROD-026,2,14.65,24.95
ORD-2025-037177,1,PROD-003,1,14.37,12.6
ORD-2025-037178,1,PROD-005,2,20.28,39.7
ORD-2025-037179,1,PROD-006,2,32.39,58.59
ORD-2025-037180,1,PROD-005,1,20.28,17.22
ORD-2025-037181,1,PROD-016,1,8.9,8.31
ORD-2025-037182,1,PROD-053,1,53.52,44.81
ORD-2025-037183,1,PROD-001,1,12.9,11.5
ORD-2025-037183,2,PROD-006,1,32.39,30.37
ORD-2025-037184,1,PROD-001,1,12.9,12.71
ORD-2025-037184,2,PROD-030,2,49.3,93.55
ORD-2025-037185,1,PROD-001,1,12.9,12.43
ORD-2025-037186,1,PROD-006,2,32.39,54.86
ORD-2025-037186,2,PROD-003,1,14.37,13.14
ORD-2025-037186,3,PROD-036,2,11.55,21.25
ORD-2025-037187,1,PROD-027,1,21.13,20.41
ORD-2025-037188,1,PROD-015,1,26.76,26.26
ORD-2025-037189,1,PROD-047,1,108.45,97.41
ORD-2025-037190,1,PROD-042,1,73.24,72.17
ORD-2025-037191,1,PROD-020,1,10.14,9.77
ORD-2025-037192,1,PROD-027,2,21.13,40.65
ORD-2025-037192,2,PROD-026,2,14.65,27.76
ORD-2025-037193,1,PROD-012,1,18.5,16.09
ORD-2025-037194,1,PROD-001,1,12.9,12.34
ORD-2025-037194,2,PROD-036,2,11.55,22.19
ORD-2025-037195,1,PROD-017,2,12.5,20.34
ORD-2025-037195,2,PROD-002,2,11.9,21.28
ORD-2025-037196,1,PROD-005,1,20.28,19.74
ORD-2025-037197,1,PROD-005,1,20.28,19.7
ORD-2025-037197,2,PROD-049,1,80.28,77.84
ORD-2025-037197,3,PROD-034,1,9.01,8.55
ORD-2025-037198,1,PROD-003,1,14.37,14.05
ORD-2025-037198,2,PROD-034,2,9.01,17.28
ORD-2025-037198,3,PROD-013,1,11.9,11.44
ORD-2025-037199,1,PROD-002,3,11.9,32.38
ORD-2025-037199,2,PROD-005,1,20.28,18.22
ORD-2025-037199,3,PROD-036,1,11.55,11.2
ORD-2025-037200,1,PROD-041,2,11.83,20.82
ORD-2025-037200,2,PROD-004,2,20.28,39.27
ORD-2025-037200,3,PROD-042,2,73.24,143.8
ORD-2025-037200,4,PROD-005,1,20.28,19.53
ORD-2025-037201,1,PROD-035,1,10.14,8.83
ORD-2025-037202,1,PROD-021,2,15.49,29.2
ORD-2025-037202,2,PROD-008,1,9.9,8.27
ORD-2025-037203,1,PROD-059,1,52.11,37.74
ORD-2025-037204,1,PROD-001,2,12.9,21.67
ORD-2025-037205,1,PROD-003,1,14.37,14.23
ORD-2025-037206,1,PROD-004,1,20.28,19.45
ORD-2025-037206,2,PROD-059,1,52.11,46.5
ORD-2025-037207,1,PROD-003,3,14.37,42.85
ORD-2025-037208,1,PROD-051,1,36.06,34.78
ORD-2025-037208,2,PROD-002,2,11.9,21.27
ORD-2025-037209,1,PROD-004,2,20.28,36.38
ORD-2025-037210,1,PROD-003,1,14.37,13.18
ORD-2025-037211,1,PROD-033,3,52.11,143.32
ORD-2025-037212,1,PROD-001,1,12.9,11.54
ORD-2025-037212,2,PROD-034,1,9.01,5.66
ORD-2025-037213,1,PROD-010,1,38.03,34.36
ORD-2025-037214,1,PROD-015,1,26.76,21.75
ORD-2025-037214,2,PROD-022,2,9.01,15.53
ORD-2025-037215,1,PROD-003,3,14.37,40.38
ORD-2025-037216,1,PROD-037,2,9.86,13.73
ORD-2025-037217,1,PROD-006,1,32.39,31.7
ORD-2025-037218,1,PROD-007,1,17.18,16.41
ORD-2025-037218,2,PROD-035,2,10.14,19.04
ORD-2025-037219,1,PROD-014,1,9.9,8.15
ORD-2025-037219,2,PROD-034,1,9.01,8.87
ORD-2025-037220,1,PROD-040,1,15.21,14.24
ORD-2025-037220,2,PROD-004,1,20.28,18.29
ORD-2025-037220,3,PROD-002,1,11.9,10.95
ORD-2025-037221,1,PROD-041,3,11.83,33.39
ORD-2025-037222,1,PROD-034,2,9.01,17.76
ORD-2025-037222,2,PROD-001,3,12.9,37.04
ORD-2025-037223,1,PROD-022,1,9.01,8.31
ORD-2025-037224,1,PROD-003,3,14.37,36.23
ORD-2025-037225,1,PROD-012,1,18.5,17.38
ORD-2025-037225,2,PROD-048,1,55.77,50.29
ORD-2025-037225,3,PROD-005,1,20.28,18.55
ORD-2025-037226,1,PROD-007,3,17.18,50.31
ORD-2025-037226,2,PROD-037,3,9.86,29.41
ORD-2025-037226,3,PROD-035,1,10.14,9.88
ORD-2025-037227,1,PROD-005,1,20.28,18.39
ORD-2025-037227,2,PROD-032,1,19.72,17.64
ORD-2025-037227,3,PROD-004,1,20.28,18.99
ORD-2025-037227,4,PROD-013,1,11.9,10.9
ORD-2025-037228,1,PROD-006,1,32.39,31.02
ORD-2025-037229,1,PROD-001,1,12.9,11.78
ORD-2025-037230,1,PROD-003,2,14.37,27.87
ORD-2025-037230,2,PROD-036,4,11.55,42.76
ORD-2025-037231,1,PROD-003,1,14.37,14.2
ORD-2025-037231,2,PROD-038,2,7.89,14.69
ORD-2025-037232,1,PROD-004,2,20.28,39.46
ORD-2025-037233,1,PROD-033,3,52.11,133.63
ORD-2025-037233,2,PROD-002,1,11.9,11.42
ORD-2025-037234,1,PROD-011,1,14.9,14.82
ORD-2025-037234,2,PROD-005,2,20.28,40.35
ORD-2025-037234,3,PROD-014,2,9.9,19.61
ORD-2025-037235,1,PROD-002,3,11.9,33.62
ORD-2025-037235,2,PROD-034,1,9.01,8.52
ORD-2025-037236,1,PROD-002,2,11.9,20.68
ORD-2025-037237,1,PROD-041,2,11.83,17.7
ORD-2025-037238,1,PROD-003,2,14.37,27.95
ORD-2025-037238,2,PROD-034,1,9.01,8.61
ORD-2025-037238,3,PROD-038,1,7.89,7.47
ORD-2025-037239,1,PROD-007,2,17.18,29.01
ORD-2025-037240,1,PROD-005,3,20.28,55.29
ORD-2025-037240,2,PROD-022,1,9.01,7.88
ORD-2025-037241,1,PROD-002,1,11.9,10.9
ORD-2025-037242,1,PROD-005,1,20.28,17.21
ORD-2025-037243,1,PROD-003,1,14.37,13.92
ORD-2025-037244,1,PROD-004,1,20.28,14.05
ORD-2025-037245,1,PROD-046,1,259.15,244.69
ORD-2025-037246,1,PROD-002,1,11.9,11.62
ORD-2025-037246,2,PROD-037,3,9.86,20.38
ORD-2025-037247,1,PROD-006,2,32.39,45.66
ORD-2025-037248,1,PROD-020,1,10.14,8.81
ORD-2025-037249,1,PROD-005,1,20.28,19.61
ORD-2025-037249,2,PROD-041,3,11.83,31.72
ORD-2025-037249,3,PROD-026,1,14.65,14.0
ORD-2025-037250,1,PROD-024,1,8.73,8.29
ORD-2025-037250,2,PROD-027,1,21.13,20.11
ORD-2025-037251,1,PROD-004,1,20.28,18.19
ORD-2025-037251,2,PROD-001,1,12.9,12.74
ORD-2025-037252,1,PROD-032,1,19.72,16.73
ORD-2025-037253,1,PROD-003,1,14.37,13.11
ORD-2025-037254,1,PROD-010,1,38.03,34.17
ORD-2025-037255,1,PROD-004,1,20.28,16.92
ORD-2025-037256,1,PROD-014,1,9.9,9.24
ORD-2025-037256,2,PROD-045,2,72.68,144.58
ORD-2025-037257,1,PROD-031,1,53.52,47.14
ORD-2025-037258,1,PROD-007,2,17.18,29.85
ORD-2025-037258,2,PROD-008,2,9.9,18.55
ORD-2025-037259,1,PROD-045,1,72.68,70.16
ORD-2025-037260,1,PROD-005,1,20.28,18.75
ORD-2025-037261,1,PROD-007,1,17.18,15.8
ORD-2025-037262,1,PROD-025,1,21.97,19.47
ORD-2025-037262,2,PROD-002,1,11.9,11.0
ORD-2025-037263,1,PROD-006,1,32.39,19.51
ORD-2025-037263,2,PROD-002,1,11.9,9.91
ORD-2025-037264,1,PROD-004,1,20.28,19.7
ORD-2025-037264,2,PROD-035,3,10.14,28.3
ORD-2025-037265,1,PROD-007,1,17.18,12.2
ORD-2025-037266,1,PROD-001,1,12.9,11.12
ORD-2025-037266,2,PROD-004,1,20.28,19.32
ORD-2025-037267,1,PROD-040,2,15.21,29.0
ORD-2025-037268,1,PROD-023,1,7.89,5.67
ORD-2025-037269,1,PROD-013,1,11.9,10.7
ORD-2025-037269,2,PROD-032,1,19.72,16.03
ORD-2025-037269,3,PROD-010,3,38.03,101.23
ORD-2025-037269,4,PROD-040,2,15.21,29.3
ORD-2025-037269,5,PROD-001,3,12.9,32.03
ORD-2025-037270,1,PROD-001,1,12.9,6.43
ORD-2025-037270,2,PROD-052,1,46.48,37.48
ORD-2025-037271,1,PROD-005,2,20.28,40.03
ORD-2025-037271,2,PROD-012,1,18.5,14.8
ORD-2025-037272,1,PROD-023,1,7.89,7.56
ORD-2025-037273,1,PROD-008,1,9.9,9.33
ORD-2025-037274,1,PROD-006,1,32.39,31.84
ORD-2025-037275,1,PROD-042,2,73.24,131.61
ORD-2025-037276,1,PROD-034,2,9.01,14.43
ORD-2025-037276,2,PROD-039,2,8.17,13.78
ORD-2025-037276,3,PROD-002,3,11.9,31.41
ORD-2025-037276,4,PROD-045,1,72.68,67.92
ORD-2025-037276,5,PROD-014,1,9.9,8.73
ORD-2025-037277,1,PROD-002,1,11.9,11.51
ORD-2025-037277,2,PROD-042,1,73.24,68.88
ORD-2025-037278,1,PROD-014,1,9.9,9.69
ORD-2025-037279,1,PROD-005,2,20.28,39.49
ORD-2025-037280,1,PROD-004,3,20.28,54.46
ORD-2025-037281,1,PROD-011,1,14.9,14.59
ORD-2025-037282,1,PROD-039,3,8.17,24.01
ORD-2025-037282,2,PROD-041,3,11.83,33.49
ORD-2025-037283,1,PROD-001,1,12.9,11.81
ORD-2025-037283,2,PROD-051,1,36.06,33.96
ORD-2025-037284,1,PROD-032,3,19.72,58.17
ORD-2025-037285,1,PROD-030,2,49.3,95.6
ORD-2025-037285,2,PROD-006,2,32.39,63.24
ORD-2025-037286,1,PROD-034,2,9.01,17.62
ORD-2025-037287,1,PROD-032,1,19.72,18.38
ORD-2025-037288,1,PROD-031,1,53.52,47.85
ORD-2025-037289,1,PROD-005,1,20.28,18.83
ORD-2025-037290,1,PROD-017,1,12.5,11.44
ORD-2025-037291,1,PROD-026,2,14.65,25.3
ORD-2025-037292,1,PROD-027,1,21.13,19.11
ORD-2025-037293,1,PROD-006,1,32.39,29.96
ORD-2025-037293,2,PROD-007,1,17.18,16.23
ORD-2025-037294,1,PROD-005,1,20.28,17.0
ORD-2025-037295,1,PROD-032,1,19.72,18.19
ORD-2025-037296,1,PROD-013,1,11.9,10.95
ORD-2025-037296,2,PROD-040,4,15.21,56.15
ORD-2025-037297,1,PROD-020,1,10.14,9.62
ORD-2025-037298,1,PROD-005,1,20.28,19.48
ORD-2025-037299,1,PROD-021,2,15.49,28.89
ORD-2025-037299,2,PROD-006,2,32.39,60.89
ORD-2025-037299,3,PROD-040,1,15.21,14.72
ORD-2025-037300,1,PROD-004,1,20.28,18.9
ORD-2025-037301,1,PROD-005,1,20.28,17.55
ORD-2025-037301,2,PROD-007,1,17.18,10.21
ORD-2025-037302,1,PROD-044,1,40.85,39.51
ORD-2025-037303,1,PROD-001,1,12.9,12.31
ORD-2025-037304,1,PROD-014,1,9.9,8.75
ORD-2025-037305,1,PROD-020,2,10.14,19.22
ORD-2025-037306,1,PROD-023,1,7.89,7.19
ORD-2025-037306,2,PROD-002,1,11.9,11.51
ORD-2025-037306,3,PROD-028,1,17.18,16.54
ORD-2025-037306,4,PROD-038,3,7.89,22.74
ORD-2025-037307,1,PROD-005,3,20.28,40.31
ORD-2025-037308,1,PROD-032,1,19.72,19.08
ORD-2025-037309,1,PROD-005,2,20.28,38.63
ORD-2025-037309,2,PROD-001,1,12.9,12.46
ORD-2025-037309,3,PROD-023,1,7.89,7.41
ORD-2025-037310,1,PROD-003,1,14.37,12.5
ORD-2025-037311,1,PROD-005,3,20.28,56.85
ORD-2025-037311,2,PROD-003,1,14.37,13.23
ORD-2025-037311,3,PROD-041,1,11.83,10.49
ORD-2025-037312,1,PROD-005,1,20.28,20.16
ORD-2025-037313,1,PROD-002,2,11.9,21.93
ORD-2025-037314,1,PROD-032,1,19.72,18.74
ORD-2025-037314,2,PROD-019,1,29.58,28.75
ORD-2025-037315,1,PROD-035,1,10.14,8.07
ORD-2025-037316,1,PROD-001,1,12.9,12.26
ORD-2025-037316,2,PROD-005,1,20.28,20.07
ORD-2025-037317,1,PROD-003,1,14.37,12.7
ORD-2025-037317,2,PROD-004,1,20.28,16.48
ORD-2025-037318,1,PROD-020,1,10.14,6.47
ORD-2025-037319,1,PROD-002,3,11.9,33.29
ORD-2025-037320,1,PROD-026,2,14.65,25.87
ORD-2025-037321,1,PROD-003,2,14.37,27.62
ORD-2025-037321,2,PROD-035,2,10.14,19.82
ORD-2025-037322,1,PROD-037,1,9.86,8.8
ORD-2025-037322,2,PROD-007,3,17.18,37.54
ORD-2025-037323,1,PROD-005,1,20.28,19.46
ORD-2025-037324,1,PROD-008,2,9.9,14.55
ORD-2025-037325,1,PROD-001,1,12.9,7.81
ORD-2025-037326,1,PROD-005,2,20.28,32.29
ORD-2025-037327,1,PROD-023,2,7.89,10.4
ORD-2025-037328,1,PROD-035,3,10.14,27.83
ORD-2025-037328,2,PROD-021,2,15.49,26.85
ORD-2025-037329,1,PROD-029,1,24.79,19.0
ORD-2025-037329,2,PROD-020,1,10.14,9.55
ORD-2025-037329,3,PROD-005,2,20.28,26.68
ORD-2025-037330,1,PROD-001,1,12.9,6.05
ORD-2025-037330,2,PROD-020,1,10.14,9.51
ORD-2025-037330,3,PROD-037,1,9.86,7.25
ORD-2025-037331,1,PROD-014,2,9.9,19.03
ORD-2025-037332,1,PROD-036,1,11.55,10.73
ORD-2025-037332,2,PROD-040,2,15.21,28.31
ORD-2025-037332,3,PROD-003,1,14.37,12.52
ORD-2025-037333,1,PROD-032,2,19.72,38.67
ORD-2025-037334,1,PROD-002,1,11.9,10.13
ORD-2025-037334,2,PROD-022,1,9.01,7.43
ORD-2025-037335,1,PROD-002,1,11.9,11.33
ORD-2025-037336,1,PROD-027,2,21.13,39.46
ORD-2025-037337,1,PROD-005,2,20.28,40.15
ORD-2025-037337,2,PROD-037,2,9.86,17.25
ORD-2025-037338,1,PROD-001,2,12.9,23.89
ORD-2025-037338,2,PROD-004,2,20.28,36.24
ORD-2025-037338,3,PROD-012,1,18.5,16.21
ORD-2025-037339,1,PROD-021,1,15.49,15.05
ORD-2025-037340,1,PROD-036,2,11.55,22.86
ORD-2025-037340,2,PROD-045,1,72.68,71.36
ORD-2025-037341,1,PROD-006,2,32.39,61.4
ORD-2025-037341,2,PROD-031,1,53.52,43.97
ORD-2025-037342,1,PROD-021,2,15.49,29.94
ORD-2025-037342,2,PROD-006,1,32.39,24.43
ORD-2025-037343,1,PROD-036,4,11.55,45.32
ORD-2025-037344,1,PROD-035,2,10.14,18.06
ORD-2025-037344,2,PROD-036,1,11.55,7.8
ORD-2025-037345,1,PROD-038,1,7.89,6.85
ORD-2025-037346,1,PROD-006,2,32.39,53.99
ORD-2025-037347,1,PROD-027,1,21.13,19.69
ORD-2025-037347,2,PROD-004,1,20.28,17.71
ORD-2025-037347,3,PROD-006,2,32.39,63.27
ORD-2025-037348,1,PROD-032,1,19.72,13.04
ORD-2025-037349,1,PROD-012,1,18.5,16.3
ORD-2025-037350,1,PROD-016,2,8.9,16.97
ORD-2025-037351,1,PROD-004,1,20.28,19.2
ORD-2025-037351,2,PROD-001,3,12.9,32.84
ORD-2025-037352,1,PROD-053,1,53.52,53.35
ORD-2025-037353,1,PROD-003,1,14.37,12.04
ORD-2025-037353,2,PROD-049,1,80.28,62.06
ORD-2025-037353,3,PROD-001,2,12.9,24.52
ORD-2025-037354,1,PROD-049,1,80.28,77.86
ORD-2025-037355,1,PROD-005,2,20.28,37.58
ORD-2025-037355,2,PROD-003,3,14.37,40.31
ORD-2025-037356,1,PROD-039,2,8.17,16.26
ORD-2025-037357,1,PROD-005,2,20.28,39.06
ORD-2025-037357,2,PROD-006,2,32.39,58.57
ORD-2025-037358,1,PROD-040,1,15.21,12.45
ORD-2025-037359,1,PROD-006,2,32.39,59.21
ORD-2025-037360,1,PROD-003,2,14.37,28.21
ORD-2025-037360,2,PROD-037,3,9.86,27.92
ORD-2025-037360,3,PROD-021,1,15.49,15.29
ORD-2025-037360,4,PROD-006,1,32.39,32.16
ORD-2025-037361,1,PROD-005,1,20.28,17.15
ORD-2025-037361,2,PROD-003,2,14.37,26.45
ORD-2025-037361,3,PROD-027,1,21.13,19.74
ORD-2025-037362,1,PROD-035,1,10.14,9.79
ORD-2025-037362,2,PROD-041,1,11.83,11.23
ORD-2025-037362,3,PROD-002,1,11.9,11.65
ORD-2025-037363,1,PROD-039,3,8.17,16.54
ORD-2025-037363,2,PROD-031,1,53.52,42.42
ORD-2025-037364,1,PROD-007,1,17.18,15.93
ORD-2025-037365,1,PROD-001,1,12.9,12.46
ORD-2025-037365,2,PROD-005,1,20.28,20.1
ORD-2025-037366,1,PROD-002,1,11.9,10.18
ORD-2025-037366,2,PROD-039,2,8.17,14.72
ORD-2025-037367,1,PROD-006,3,32.39,90.85
ORD-2025-037367,2,PROD-017,3,12.5,35.25
ORD-2025-037368,1,PROD-002,2,11.9,21.11
ORD-2025-037368,2,PROD-024,1,8.73,7.17
ORD-2025-037369,1,PROD-032,1,19.72,17.54
ORD-2025-037369,2,PROD-017,2,12.5,23.84
ORD-2025-037370,1,PROD-022,1,9.01,8.95
ORD-2025-037371,1,PROD-004,2,20.28,37.93
ORD-2025-037371,2,PROD-005,1,20.28,19.83
ORD-2025-037372,1,PROD-036,2,11.55,22.73
ORD-2025-037372,2,PROD-004,1,20.28,18.22
ORD-2025-037372,3,PROD-040,2,15.21,29.95
ORD-2025-037373,1,PROD-004,2,20.28,29.0
ORD-2025-037373,2,PROD-040,1,15.21,12.22
ORD-2025-037374,1,PROD-001,1,12.9,10.41
ORD-2025-037374,2,PROD-044,1,40.85,39.64
ORD-2025-037375,1,PROD-003,1,14.37,14.13
ORD-2025-037375,2,PROD-037,1,9.86,9.42
ORD-2025-037376,1,PROD-038,1,7.89,7.42
ORD-2025-037377,1,PROD-004,1,20.28,19.3
ORD-2025-037377,2,PROD-041,1,11.83,10.71
ORD-2025-037378,1,PROD-033,4,52.11,201.98
ORD-2025-037378,2,PROD-006,1,32.39,28.61
ORD-2025-037379,1,PROD-022,1,9.01,5.21
ORD-2025-037380,1,PROD-034,2,9.01,15.21
ORD-2025-037381,1,PROD-041,1,11.83,11.48
ORD-2025-037382,1,PROD-047,1,108.45,93.8
ORD-2025-037382,2,PROD-036,2,11.55,17.39
ORD-2025-037383,1,PROD-003,3,14.37,40.27
ORD-2025-037384,1,PROD-041,2,11.83,23.13
ORD-2025-037384,2,PROD-002,1,11.9,11.7
ORD-2025-037384,3,PROD-050,1,61.97,60.66
ORD-2025-037385,1,PROD-002,1,11.9,10.94
ORD-2025-037386,1,PROD-010,1,38.03,35.42
ORD-2025-037386,2,PROD-003,1,14.37,13.96
ORD-2025-037387,1,PROD-008,2,9.9,19.43
ORD-2025-037387,2,PROD-029,1,24.79,23.24
ORD-2025-037387,3,PROD-034,2,9.01,16.94
ORD-2025-037387,4,PROD-021,2,15.49,29.74
ORD-2025-037388,1,PROD-013,1,11.9,10.24
ORD-2025-037389,1,PROD-011,1,14.9,10.35
ORD-2025-037390,1,PROD-002,2,11.9,23.35
ORD-2025-037390,2,PROD-036,2,11.55,21.14
ORD-2025-037390,3,PROD-047,1,108.45,101.36
ORD-2025-037391,1,PROD-033,3,52.11,135.49
ORD-2025-037391,2,PROD-012,1,18.5,16.56
ORD-2025-037391,3,PROD-010,2,38.03,63.83
ORD-2025-037392,1,PROD-004,2,20.28,28.52
ORD-2025-037392,2,PROD-001,1,12.9,11.65
ORD-2025-037393,1,PROD-003,1,14.37,11.46
ORD-2025-037394,1,PROD-001,1,12.9,6.22
ORD-2025-037394,2,PROD-058,1,39.44,32.01
ORD-2025-037395,1,PROD-013,3,11.9,32.72
 ORD-2025-037395 ,2,PROD-004,2,20.28,35.34
ORD-2025-037396,1,PROD-028,1,17.18,16.9
ORD-2025-037397,1,PROD-040,2,15.21,24.18
ORD-2025-037397,2,PROD-001,2,12.9,21.29
ORD-2025-037397,3,PROD-032,2,19.72,38.4
ORD-2025-037397,4,PROD-030,1,49.3,43.13
ORD-2025-037398,1,PROD-004,2,20.28,32.55
ORD-2025-037399,1,PROD-006,2,32.39,59.26
ORD-2025-037400,1,PROD-004,1,20.28,18.73
ORD-2025-037401,1,PROD-011,3,14.9,38.96
ORD-2025-037402,1,PROD-036,1,11.55,10.05
ORD-2025-037403,1,PROD-024,2,8.73,12.84
ORD-2025-037403,2,PROD-042,3,73.24,186.41
ORD-2025-037404,1,PROD-041,2,11.83,16.2
ORD-2025-037405,1,PROD-004,1,20.28,17.96
ORD-2025-037406,1,PROD-034,1,9.01,8.67
ORD-2025-037407,1,PROD-041,1,11.83,10.47
ORD-2025-037407,2,PROD-034,1,9.01,7.56
ORD-2025-037407,3,PROD-001,2,12.9,23.42
ORD-2025-037408,1,PROD-034,1,9.01,8.62
ORD-2025-037408,2,PROD-005,1,20.28,19.33
ORD-2025-037409,1,PROD-036,1,11.55,10.83
ORD-2025-037409,2,PROD-034,1,9.01,7.48
ORD-2025-037409,3,PROD-005,1,20.28,18.74
ORD-2025-037410,1,PROD-007,2,17.18,30.28
ORD-2025-037411,1,PROD-044,2,40.85,47.97
ORD-2025-037412,1,PROD-004,1,20.28,18.82
ORD-2025-037413,1,PROD-006,2,32.39,57.74
ORD-2025-037414,1,PROD-001,2,12.9,25.11
ORD-2025-037414,2,PROD-033,3,52.11,150.17
ORD-2025-037415,1,PROD-026,1,14.65,14.06
ORD-2025-037416,1,PROD-040,1,15.21,12.26
ORD-2025-037417,1,PROD-027,1,21.13,12.98
ORD-2025-037418,1,PROD-023,1,7.89,7.33
ORD-2025-037418,2,PROD-004,1,20.28,19.07
ORD-2025-037419,1,PROD-001,1,12.9,11.66
ORD-2025-037420,1,PROD-010,2,38.03,74.39
ORD-2025-037420,2,PROD-011,2,14.9,29.02
ORD-2025-037421,1,PROD-040,4,15.21,54.15
ORD-2025-037422,1,PROD-005,1,20.28,17.76
ORD-2025-037423,1,PROD-038,1,7.89,7.4
ORD-2025-037424,1,PROD-001,2,12.9,24.93
ORD-2025-037424,2,PROD-044,1,40.85,39.05
ORD-2025-037424,3,PROD-014,2,9.9,19.21
ORD-2025-037425,1,PROD-002,1,11.9,11.59
ORD-2025-037426,1,PROD-033,2,52.11,83.68
ORD-2025-037426,2,PROD-020,1,10.14,9.75
ORD-2025-037426,3,PROD-006,2,32.39,58.87
ORD-2025-037427,1,PROD-033,2,52.11,102.63
ORD-2025-037428,1,PROD-033,3,52.11,147.2
ORD-2025-037429,1,PROD-001,1,12.9,11.88
ORD-2025-037430,1,PROD-036,1,11.55,10.34
ORD-2025-037431,1,PROD-006,2,32.39,63.83
ORD-2025-037432,1,PROD-011,1,14.9,14.46
ORD-2025-037433,1,PROD-005,1,20.28,19.44
ORD-2025-037434,1,PROD-039,1,8.17,7.86
ORD-2025-037434,2,PROD-034,1,9.01,8.14
ORD-2025-037435,1,PROD-005,2,20.28,39.67
ORD-2025-037436,1,PROD-016,1,8.9,6.85
ORD-2025-037436,2,PROD-041,1,11.83,10.97
ORD-2025-037437,1,PROD-002,2,11.9,22.89
ORD-2025-037438,1,PROD-003,1,14.37,14.1
ORD-2025-037438,2,PROD-004,1,20.28,18.31
ORD-2025-037439,1,PROD-006,1,32.39,26.13
ORD-2025-037440,1,PROD-014,1,9.9,9.8
ORD-2025-037441,1,PROD-038,2,7.89,15.63
ORD-2025-037442,1,PROD-020,2,10.14,18.41
ORD-2025-037443,1,PROD-022,2,9.01,17.9
ORD-2025-037444,1,PROD-028,1,17.18,13.43
ORD-2025-037444,2,PROD-033,2,52.11,88.65
ORD-2025-037444,3,PROD-051,1,36.06,29.01
ORD-2025-037445,1,PROD-001,2,12.9,23.16
ORD-2025-037445,2,PROD-004,1,20.28,17.97
ORD-2025-037445,3,PROD-035,1,10.14,8.14
ORD-2025-037446,1,PROD-004,1,20.28,17.77
ORD-2025-037446,2,PROD-035,1,10.14,9.64
ORD-2025-037447,1,PROD-040,1,15.21,13.95
ORD-2025-037448,1,PROD-020,1,10.14,9.62
ORD-2025-037448,2,PROD-001,1,12.9,12.38
ORD-2025-037448,3,PROD-041,1,11.83,11.49
ORD-2025-037449,1,PROD-002,1,11.9,10.95
ORD-2025-037450,1,PROD-005,1,20.28,19.74
ORD-2025-037450,2,PROD-012,1,18.5,17.13
ORD-2025-037450,3,PROD-003,1,14.37,13.74
ORD-2025-037451,1,PROD-006,2,32.39,58.11
ORD-2025-037451,2,PROD-034,1,9.01,5.54
ORD-2025-037452,1,PROD-001,2,12.9,22.35
ORD-2025-037452,2,PROD-012,1,18.5,13.78
ORD-2025-037452,3,PROD-003,2,14.37,25.42
ORD-2025-037453,1,PROD-049,1,80.28,78.67
ORD-2025-037453,2,PROD-036,1,11.55,11.15
ORD-2025-037454,1,PROD-001,1,12.9,12.45
ORD-2025-037455,1,PROD-004,3,20.28,52.59
ORD-2025-037456,1,PROD-004,1,20.28,19.6
ORD-2025-037457,1,PROD-005,2,20.28,36.78
ORD-2025-037457,2,PROD-025,2,21.97,41.65
ORD-2025-037457,3,PROD-013,2,11.9,20.03
ORD-2025-037458,1,PROD-019,1,29.58,25.66
ORD-2025-037459,1,PROD-017,1,12.5,11.43
ORD-2025-037459,2,PROD-034,1,9.01,8.36
ORD-2025-037459,3,PROD-032,1,19.72,16.21
ORD-2025-037460,1,PROD-002,1,11.9,10.77
ORD-2025-037460,2,PROD-035,4,10.14,40.07
ORD-2025-037461,1,PROD-040,2,15.21,29.63
ORD-2025-037462,1,PROD-002,1,11.9,10.81
ORD-2025-037463,1,PROD-006,2,32.39,64.12
ORD-2025-037463,2,PROD-002,1,11.9,11.68
ORD-2025-037464,1,PROD-023,1,7.89,6.59
ORD-2025-037465,1,PROD-003,2,14.37,28.03
ORD-2025-037466,1,PROD-016,1,8.9,8.41
ORD-2025-037467,1,PROD-013,1,11.9,10.48
ORD-2025-037468,1,PROD-005,2,20.28,39.63
ORD-2025-037469,1,PROD-020,2,10.14,17.98
ORD-2025-037470,1,PROD-006,1,32.39,31.85
ORD-2025-037471,1,PROD-041,3,11.83,35.05
ORD-2025-037472,1,PROD-028,2,17.18,32.86
ORD-2025-037472,2,PROD-050,1,61.97,59.18
ORD-2025-037472,3,PROD-026,2,14.65,28.06
ORD-2025-037473,1,PROD-041,1,11.83,11.69
ORD-2025-037474,1,PROD-004,1,20.28,19.02
ORD-2025-037474,2,PROD-006,2,32.39,59.64
ORD-2025-037475,1,PROD-014,3,9.9,24.25
ORD-2025-037475,2,PROD-011,1,14.9,12.59
ORD-2025-037476,1,PROD-041,1,11.83,10.97
ORD-2025-037476,2,PROD-003,2,14.37,27.39
ORD-2025-037476,3,PROD-038,1,7.89,7.75
ORD-2025-037477,1,PROD-016,2,8.9,15.61
ORD-2025-037477,2,PROD-029,1,24.79,21.8
ORD-2025-037477,3,PROD-003,2,14.37,27.14
ORD-2025-037478,1,PROD-004,1,20.28,12.18
ORD-2025-037479,1,PROD-005,3,20.28,58.55
ORD-2025-037479,2,PROD-040,2,15.21,26.46
ORD-2025-037479,3,PROD-036,2,11.55,22.46
ORD-2025-037480,1,PROD-003,2,14.37,22.08
ORD-2025-037480,2,PROD-004,1,20.28,14.92
ORD-2025-037481,1,PROD-048,1,55.77,43.67
ORD-2025-037482,1,PROD-021,2,15.49,30.67
ORD-2025-037483,1,PROD-001,1,12.9,11.72
ORD-2025-037483,2,PROD-005,2,20.28,37.37
ORD-2025-037483,3,PROD-003,3,14.37,40.9
ORD-2025-037484,1,PROD-035,2,10.14,19.51
ORD-2025-037485,1,PROD-001,3,12.9,34.71
ORD-2025-037485,2,PROD-003,2,14.37,27.75
ORD-2025-037485,3,PROD-011,1,14.9,13.99
ORD-2025-037486,1,PROD-003,3,14.37,38.15
ORD-2025-037487,1,PROD-011,1,14.9,14.0
ORD-2025-037487,2,PROD-002,3,11.9,31.3
ORD-2025-037488,1,PROD-024,2,8.73,16.65
ORD-2025-037489,1,PROD-041,1,11.83,10.93
ORD-2025-037490,1,PROD-041,2,11.83,23.42
ORD-2025-037491,1,PROD-036,1,11.55,10.37
ORD-2025-037491,2,PROD-005,1,20.28,18.7
ORD-2025-037492,1,PROD-007,1,17.18,16.06
ORD-2025-037492,2,PROD-002,1,11.9,11.5
ORD-2025-037492,3,PROD-006,1,32.39,30.28
ORD-2025-037493,1,PROD-013,2,11.9,23.45
ORD-2025-037494,1,PROD-021,1,15.49,9.2
ORD-2025-037495,1,PROD-001,1,12.9,10.91
ORD-2025-037495,2,PROD-004,1,20.28,18.17
ORD-2025-037495,3,PROD-034,2,9.01,17.92
ORD-2025-037496,1,PROD-005,2,20.28,31.9
ORD-2025-037497,1,PROD-010,1,38.03,36.56
ORD-2025-037497,2,PROD-002,1,11.9,10.88
ORD-2025-037497,3,PROD-001,3,12.9,34.24
ORD-2025-037497,4,PROD-005,1,20.28,18.49
ORD-2025-037497,5,PROD-039,2,8.17,13.37
ORD-2025-037498,1,PROD-032,4,19.72,69.31
ORD-2025-037499,1,PROD-008,3,9.9,26.6
ORD-2025-037499,2,PROD-035,1,10.14,8.7
ORD-2025-037499,3,PROD-041,1,11.83,11.71
ORD-2025-037500,1,PROD-021,1,15.49,15.03
ORD-2025-037500,2,PROD-028,2,17.18,32.43
ORD-2025-037500,3,PROD-022,1,9.01,8.14
ORD-2025-037501,1,PROD-027,1,21.13,20.09
ORD-2025-037501,2,PROD-045,1,72.68,68.82
ORD-2025-037502,1,PROD-051,1,36.06,29.51
ORD-2025-037503,1,PROD-040,2,15.21,28.35
ORD-2025-037503,2,PROD-001,1,12.9,11.96
ORD-2025-037504,1,PROD-004,2,20.28,39.79
ORD-2025-037504,2,PROD-041,1,11.83,11.65
ORD-2025-037504,3,PROD-021,1,15.49,15.43
ORD-2025-037505,1,PROD-042,1,73.24,68.03
ORD-2025-037505,2,PROD-011,2,14.9,27.58
ORD-2025-037505,3,PROD-004,1,20.28,18.21
ORD-2025-037506,1,PROD-006,2,32.39,60.3
ORD-2025-037506,2,PROD-037,1,9.86,9.42
ORD-2025-037506,3,PROD-032,2,19.72,36.18
ORD-2025-037507,1,PROD-048,1,55.77,48.02
ORD-2025-037507,2,PROD-034,1,9.01,7.23
ORD-2025-037508,1,PROD-003,1,14.37,13.53
ORD-2025-037508,2,PROD-006,1,32.39,30.1
ORD-2025-037509,1,PROD-007,1,17.18,15.46
ORD-2025-037510,1,PROD-042,1,73.24,68.09
ORD-2025-037511,1,PROD-003,2,14.37,25.07
ORD-2025-037511,2,PROD-036,1,11.55,10.55
ORD-2025-037512,1,PROD-005,1,20.28,19.4
ORD-2025-037512,2,PROD-019,1,29.58,28.0
ORD-2025-037513,1,PROD-014,1,9.9,8.46
ORD-2025-037514,1,PROD-010,2,38.03,74.37
ORD-2025-037515,1,PROD-049,1,80.28,69.59
ORD-2025-037516,1,PROD-004,1,20.28,17.65
ORD-2025-037516,2,PROD-001,1,12.9,11.06
ORD-2025-037517,1,PROD-044,1,40.85,33.2
ORD-2025-037518,1,PROD-044,1,40.85,33.94
ORD-2025-037518,2,PROD-038,3,7.89,17.82
ORD-2025-037519,1,PROD-028,1,17.18,8.84
ORD-2025-037519,2,PROD-027,1,21.13,14.71
ORD-2025-037520,1,PROD-034,1,9.01,8.26
ORD-2025-037521,1,PROD-001,2,12.9,23.5
ORD-2025-037521,2,PROD-006,1,32.39,20.72
ORD-2025-037521,3,PROD-035,1,10.14,9.77
ORD-2025-037522,1,PROD-034,1,9.01,8.14
ORD-2025-037522,2,PROD-039,2,8.17,14.16
ORD-2025-037523,1,PROD-016,2,8.9,15.81
ORD-2025-037524,1,PROD-042,2,73.24,144.58
ORD-2025-037525,1,PROD-006,2,32.39,61.39
ORD-2025-037525,2,PROD-008,2,9.9,16.97
ORD-2025-037526,1,PROD-003,1,14.37,13.94
ORD-2025-037526,2,PROD-034,2,9.01,16.95
ORD-2025-037527,1,PROD-040,2,15.21,23.17
ORD-2025-037527,2,PROD-006,1,32.39,31.0
ORD-2025-037528,1,PROD-003,1,14.37,13.58
ORD-2025-037529,1,PROD-023,1,7.89,7.58
ORD-2025-037530,1,PROD-006,1,32.39,31.94
ORD-2025-037531,1,PROD-022,1,9.01,8.47
ORD-2025-037531,2,PROD-031,2,53.52,102.83
ORD-2025-037532,1,PROD-010,1,38.03,32.55
ORD-2025-037533,1,PROD-005,1,20.28,18.59
ORD-2025-037533,2,PROD-035,1,10.14,9.13
ORD-2025-037533,3,PROD-007,2,17.18,30.53
ORD-2025-037534,1,PROD-004,1,20.28,19.71
ORD-2025-037535,1,PROD-042,1,73.24,67.08
ORD-2025-037536,1,PROD-030,1,49.3,47.18
ORD-2025-037536,2,PROD-001,1,12.9,11.13
ORD-2025-037537,1,PROD-016,1,8.9,8.4
ORD-2025-037538,1,PROD-004,3,20.28,58.94
ORD-2025-037538,2,PROD-032,1,19.72,19.53
ORD-2025-037538,3,PROD-046,1,259.15,250.73
ORD-2025-037539,1,PROD-011,3,14.9,43.55
ORD-2025-037540,1,PROD-035,1,10.14,9.49
ORD-2025-037540,2,PROD-021,1,15.49,14.58
ORD-2025-037540,3,PROD-004,1,20.28,19.81
ORD-2025-037541,1,PROD-016,2,8.9,17.66
ORD-2025-037542,1,PROD-008,1,9.9,9.57
ORD-2025-037542,2,PROD-036,1,11.55,11.12
ORD-2025-037542,3,PROD-005,1,20.28,19.53
ORD-2025-037543,1,PROD-039,1,8.17,7.79
ORD-2025-037544,1,PROD-055,1,74.65,71.84
ORD-2025-037545,1,PROD-029,2,24.79,46.11
ORD-2025-037545,2,PROD-013,3,11.9,30.22
ORD-2025-037546,1,PROD-006,3,32.39,90.1
ORD-2025-037547,1,PROD-001,1,12.9,12.47
ORD-2025-037548,1,PROD-010,2,38.03,61.82
ORD-2025-037549,1,PROD-022,1,9.01,4.43
ORD-2025-037549,2,PROD-007,2,17.18,23.74
ORD-2025-037549,3,PROD-020,1,10.14,7.57
ORD-2025-037550,1,PROD-006,1,32.39,29.56
ORD-2025-037550,2,PROD-002,1,11.9,10.41
ORD-2025-037551,1,PROD-006,1,32.39,24.8
ORD-2025-037552,1,PROD-010,1,38.03,35.4
ORD-2025-037552,2,PROD-005,1,20.28,17.01
ORD-2025-037552,3,PROD-040,1,15.21,13.12
ORD-2025-037553,1,PROD-016,2,8.9,16.82
ORD-2025-037554,1,PROD-006,1,32.39,29.55
ORD-2025-037555,1,PROD-013,2,11.9,23.44
ORD-2025-037556,1,PROD-004,3,20.28,59.29
ORD-2025-037557,1,PROD-001,2,12.9,25.05
ORD-2025-037558,1,PROD-001,1,12.9,10.09
ORD-2025-037559,1,PROD-005,1,20.28,19.41
ORD-2025-037560,1,PROD-011,1,14.9,14.03
ORD-2025-037561,1,PROD-007,1,17.18,15.5
ORD-2025-037561,2,PROD-003,2,14.37,26.73
ORD-2025-037561,3,PROD-014,3,9.9,28.34
ORD-2025-037561,4,PROD-034,2,9.01,17.25
ORD-2025-037561,5,PROD-002,1,11.9,11.78
ORD-2025-037562,1,PROD-005,3,20.28,48.05
ORD-2025-037562,2,PROD-001,1,12.9,11.79
ORD-2025-037563,1,PROD-002,2,11.9,13.88
ORD-2025-037564,1,PROD-041,1,11.83,10.59
ORD-2025-037564,2,PROD-008,2,9.9,16.78
ORD-2025-037565,1,PROD-048,1,55.77,47.7
ORD-2025-037566,1,PROD-002,2,11.9,23.2
ORD-2025-037566,2,PROD-026,1,14.65,13.83
ORD-2025-037566,3,PROD-034,1,9.01,8.99
ORD-2025-037566,4,PROD-004,1,20.28,19.64
ORD-2025-037567,1,PROD-006,1,32.39,30.21
ORD-2025-037568,1,PROD-010,1,38.03,29.56
ORD-2025-037568,2,PROD-005,1,20.28,19.02
ORD-2025-037569,1,PROD-004,1,20.28,13.95
ORD-2025-037570,1,PROD-004,2,20.28,36.98
ORD-2025-037571,1,PROD-032,1,19.72,18.12
ORD-2025-037572,1,PROD-004,1,20.28,19.67
ORD-2025-037572,2,PROD-042,1,73.24,72.3
ORD-2025-037572,3,PROD-026,1,14.65,14.3
ORD-2025-037572,4,PROD-006,1,32.39,31.42
ORD-2025-037573,1,PROD-045,1,72.68,68.22
ORD-2025-037574,1,PROD-032,1,19.72,19.45
ORD-2025-037575,1,PROD-002,1,11.9,10.55
ORD-2025-037575,2,PROD-031,1,53.52,34.79
ORD-2025-037575,3,PROD-005,1,20.28,18.63
ORD-2025-037576,1,PROD-034,3,9.01,26.8
ORD-2025-037577,1,PROD-012,2,18.5,34.37
ORD-2025-037578,1,PROD-028,1,17.18,16.1
ORD-2025-037579,1,PROD-008,1,9.9,9.52
ORD-2025-037579,2,PROD-041,2,11.83,21.01
ORD-2025-037580,1,PROD-041,1,11.83,9.97
ORD-2025-037581,1,PROD-038,1,7.89,7.68
ORD-2025-037581,2,PROD-017,1,12.5,11.58
ORD-2025-037582,1,PROD-005,1,20.28,17.42
ORD-2025-037582,2,PROD-008,1,9.9,8.81
ORD-2025-037583,1,PROD-001,3,12.9,32.87
ORD-2025-037584,1,PROD-004,2,20.28,37.07
ORD-2025-037585,1,PROD-005,1,20.28,19.76
ORD-2025-037586,1,PROD-040,4,15.21,58.87
ORD-2025-037587,1,PROD-039,3,8.17,24.0
ORD-2025-037588,1,PROD-033,1,52.11,48.74
ORD-2025-037589,1,PROD-037,3,9.86,29.33
ORD-2025-037590,1,PROD-030,1,49.3,45.76
ORD-2025-037590,2,PROD-021,2,15.49,29.6
ORD-2025-037591,1,PROD-001,1,12.9,12.58
ORD-2025-037591,2,PROD-034,2,9.01,17.52
ORD-2025-037592,1,PROD-039,1,8.17,7.53
ORD-2025-037592,2,PROD-032,1,19.72,17.05
ORD-2025-037592,3,PROD-030,2,49.3,80.36
ORD-2025-037592,4,PROD-023,1,7.89,6.6
ORD-2025-037593,1,PROD-024,1,8.73,8.45
ORD-2025-037594,1,PROD-027,2,21.13,41.42
ORD-2025-037594,2,PROD-028,1,17.18,16.75
ORD-2025-037594,3,PROD-007,2,17.18,33.99
ORD-2025-037595,1,PROD-006,2,32.39,64.49
ORD-2025-037596,1,PROD-002,1,11.9,11.76
ORD-2025-037597,1,PROD-016,1,8.9,8.42
ORD-2025-037597,2,PROD-002,2,11.9,22.84
ORD-2025-037598,1,PROD-040,2,15.21,29.75
ORD-2025-037598,2,PROD-007,2,17.18,32.79
ORD-2025-037598,3,PROD-002,1,11.9,11.51
ORD-2025-037599,1,PROD-020,2,10.14,19.68
ORD-2025-037599,2,PROD-032,1,19.72,18.94
ORD-2025-037600,1,PROD-038,2,7.89,9.15
ORD-2025-037601,1,PROD-023,2,7.89,-14.44
ORD-2025-037602,1,PROD-003,1,14.37,12.28
ORD-2025-037602,2,PROD-027,1,21.13,18.5
ORD-2025-037603,1,PROD-026,1,14.65,14.31
ORD-2025-037603,2,PROD-051,2,36.06,69.15
ORD-2025-037604,1,PROD-006,1,32.39,27.17
ORD-2025-037605,1,PROD-039,1,8.17,6.5
ORD-2025-037606,1,PROD-005,1,20.28,18.33
ORD-2025-037607,1,PROD-001,1,12.9,10.98
ORD-2025-037607,2,PROD-050,1,61.97,58.46
ORD-2025-037608,1,PROD-039,2,8.17,15.68
ORD-2025-037609,1,PROD-001,2,12.9,22.91
ORD-2025-037609,2,PROD-020,1,10.14,9.18
ORD-2025-037610,1,PROD-004,1,20.28,19.27
ORD-2025-037610,2,PROD-006,1,32.39,23.82
ORD-2025-037610,3,PROD-044,1,40.85,33.93
ORD-2025-037610,4,PROD-056,1,101.41,76.18
ORD-2025-037611,1,PROD-029,2,24.79,30.41
ORD-2025-037612,1,PROD-007,2,17.18,33.4
ORD-2025-037612,2,PROD-004,1,20.28,17.97
ORD-2025-037612,3,PROD-006,2,32.39,63.37
ORD-2025-037613,1,PROD-003,1,14.37,10.94
ORD-2025-037614,1,PROD-002,2,11.9,23.65
ORD-2025-037614,2,PROD-035,2,10.14,19.94
ORD-2025-037615,1,PROD-053,1,53.52,51.52
ORD-2025-037616,1,PROD-006,2,32.39,62.85
ORD-2025-037617,1,PROD-041,1,11.83,7.78
ORD-2025-037617,2,PROD-034,2,9.01,15.38
ORD-2025-037618,1,PROD-014,1,9.9,8.97
ORD-2025-037618,2,PROD-039,2,8.17,14.24
ORD-2025-037618,3,PROD-038,1,7.89,6.87
ORD-2025-037619,1,PROD-053,1,53.52,50.91
ORD-2025-037620,1,PROD-038,1,7.89,7.33
ORD-2025-037621,1,PROD-039,2,8.17,15.73
ORD-2025-037622,1,PROD-047,1,108.45,101.78
ORD-2025-037623,1,PROD-013,1,11.9,11.32
ORD-2025-037624,1,PROD-002,2,11.9,22.02
ORD-2025-037624,2,PROD-034,1,9.01,8.78
ORD-2025-037625,1,PROD-006,1,32.39,31.7
ORD-2025-037626,1,PROD-001,1,12.9,11.88
ORD-2025-037627,1,PROD-004,3,20.28,53.5
ORD-2025-037628,1,PROD-007,2,17.18,30.79
ORD-2025-037628,2,PROD-031,1,53.52,48.16
ORD-2025-037629,1,PROD-028,1,17.18,14.2
ORD-2025-037630,1,PROD-006,1,32.39,31.81
ORD-2025-037631,1,PROD-001,2,12.9,22.75
ORD-2025-037631,2,PROD-003,1,14.37,13.48
ORD-2025-037632,1,PROD-019,2,29.58,57.21
ORD-2025-037632,2,PROD-003,2,14.37,26.5
ORD-2025-037633,1,PROD-004,1,20.28,19.94
ORD-2025-037634,1,PROD-012,1,18.5,16.61
ORD-2025-037635,1,PROD-024,1,8.73,7.95
ORD-2025-037636,1,PROD-002,1,11.9,11.84
ORD-2025-037637,1,PROD-050,1,61.97,51.78
ORD-2025-037638,1,PROD-004,2,20.28,34.4
ORD-2025-037639,1,PROD-033,3,52.11,146.76
ORD-2025-037639,2,PROD-012,1,18.5,17.38
ORD-2025-037640,1,PROD-032,2,19.72,34.28
ORD-2025-037640,2,PROD-030,1,49.3,42.66
ORD-2025-037641,1,PROD-001,2,12.9,24.6
ORD-2025-037642,1,PROD-001,2,12.9,24.76
ORD-2025-037643,1,PROD-008,1,9.9,9.55
ORD-2025-037643,2,PROD-044,1,40.85,39.36
ORD-2025-037643,3,PROD-026,2,14.65,27.06
ORD-2025-037643,4,PROD-039,1,8.17,7.99
ORD-2025-037644,1,PROD-005,3,20.28,50.78
ORD-2025-037645,1,PROD-017,2,12.5,15.5
ORD-2025-037646,1,PROD-034,2,9.01,17.3
ORD-2025-037647,1,PROD-010,3,38.03,109.29
ORD-2025-037648,1,PROD-002,2,11.9,22.66
ORD-2025-037649,1,PROD-026,1,14.65,13.05
ORD-2025-037650,1,PROD-003,1,14.37,12.09
ORD-2025-037651,1,PROD-028,1,17.18,15.3
ORD-2025-037651,2,PROD-004,2,20.28,39.18
ORD-2025-037652,1,PROD-023,1,7.89,6.9
ORD-2025-037653,1,PROD-021,1,15.49,14.98
ORD-2025-037653,2,PROD-015,1,26.76,26.32
ORD-2025-037653,3,PROD-030,1,49.3,48.68
ORD-2025-037654,1,PROD-036,1,11.55,11.18
ORD-2025-037655,1,PROD-040,2,15.21,27.13
ORD-2025-037656,1,PROD-001,1,12.9,12.24
ORD-2025-037656,2,PROD-050,1,61.97,60.33
ORD-2025-037657,1,PROD-007,2,17.18,31.0
ORD-2025-037658,1,PROD-007,3,17.18,50.95
ORD-2025-037659,1,PROD-006,1,32.39,31.74
ORD-2025-037660,1,PROD-002,1,11.9,9.62
ORD-2025-037661,1,PROD-003,1,14.37,13.59
ORD-2025-037662,1,PROD-034,2,9.01,17.64
ORD-2025-037663,1,PROD-001,1,12.9,8.79
ORD-2025-037663,2,PROD-040,3,15.21,37.19
ORD-2025-037664,1,PROD-028,1,17.18,16.95
ORD-2025-037664,2,PROD-013,2,11.9,22.76
ORD-2025-037665,1,PROD-002,3,11.9,30.08
ORD-2025-037665,2,PROD-004,3,20.28,60.43
ORD-2025-037665,3,PROD-005,1,20.28,16.66
ORD-2025-037665,4,PROD-006,1,32.39,22.49
ORD-2025-037666,1,PROD-001,3,12.9,37.29
ORD-2025-037666,2,PROD-034,3,9.01,21.65
ORD-2025-037667,1,PROD-008,2,9.9,19.49
ORD-2025-037667,2,PROD-006,1,32.39,32.11
ORD-2025-037667,3,PROD-001,1,12.9,12.55
ORD-2025-037668,1,PROD-007,2,17.18,28.85
ORD-2025-037669,1,PROD-002,3,11.9,34.71
ORD-2025-037670,1,PROD-040,1,15.21,13.5
ORD-2025-037670,2,PROD-034,2,9.01,14.13
ORD-2025-037671,1,PROD-010,1,38.03,30.92
ORD-2025-037671,2,PROD-001,2,12.9,19.34
ORD-2025-037671,3,PROD-035,2,10.14,18.49
ORD-2025-037672,1,PROD-049,1,80.28,78.22
ORD-2025-037673,1,PROD-001,1,12.9,12.48
ORD-2025-037674,1,PROD-002,2,11.9,23.28
ORD-2025-037674,2,PROD-003,1,14.37,14.06
ORD-2025-037675,1,PROD-019,1,29.58,29.34
ORD-2025-037676,1,PROD-004,3,20.28,58.21
ORD-2025-037676,2,PROD-005,2,20.28,35.57
ORD-2025-037676,3,PROD-041,1,11.83,11.61
ORD-2025-037676,4,PROD-020,1,10.14,9.48
ORD-2025-037676,5,PROD-007,2,17.18,28.69
ORD-2025-037677,1,PROD-012,1,18.5,14.3
ORD-2025-037677,2,PROD-021,1,15.49,11.78
ORD-2025-037678,1,PROD-050,1,61.97,43.02
ORD-2025-037679,1,PROD-010,1,38.03,31.57
ORD-2025-037679,2,PROD-023,1,7.89,5.16
ORD-2025-037680,1,PROD-023,2,7.89,14.91
ORD-2025-037680,2,PROD-029,1,24.79,22.79
ORD-2025-037680,3,PROD-017,1,12.5,11.11
ORD-2025-037680,4,PROD-049,1,80.28,56.82
ORD-2025-037681,1,PROD-021,1,15.49,12.06
ORD-2025-037681,2,PROD-029,1,24.79,22.79
ORD-2025-037681,3,PROD-023,2,7.89,13.66
ORD-2025-037682,1,PROD-041,2,11.83,22.94
ORD-2025-037682,2,PROD-016,1,8.9,8.77
ORD-2025-037683,1,PROD-005,1,20.28,15.83
ORD-2025-037684,1,PROD-001,1,12.9,11.32
ORD-2025-037685,1,PROD-037,2,9.86,16.21
ORD-2025-037685,2,PROD-005,1,20.28,17.22
ORD-2025-037686,1,PROD-004,2,20.28,34.78
ORD-2025-037686,2,PROD-038,1,7.89,6.69
ORD-2025-037686,3,PROD-034,1,9.01,6.85
ORD-2025-037687,1,PROD-016,2,8.9,17.49
ORD-2025-037687,2,PROD-032,1,19.72,18.29
ORD-2025-037688,1,PROD-006,2,32.39,60.02
ORD-2025-037689,1,PROD-010,2,38.03,73.53
ORD-2025-037690,1,PROD-044,1,40.85,35.81
ORD-2025-037691,1,PROD-051,1,36.06,29.7
ORD-2025-037691,2,PROD-014,2,9.9,11.22
ORD-2025-037692,1,PROD-034,3,9.01,23.24
ORD-2025-037692,2,PROD-027,1,21.13,20.08
ORD-2025-037693,1,PROD-010,2,38.03,75.29
ORD-2025-037694,1,PROD-001,2,12.9,17.8
ORD-2025-037694,2,PROD-005,2,20.28,35.6
ORD-2025-037694,3,PROD-037,2,9.86,15.54
ORD-2025-037695,1,PROD-003,3,14.37,42.21
ORD-2025-037695,2,PROD-028,1,17.18,16.7
ORD-2025-037695,3,PROD-047,1,108.45,101.78
ORD-2025-037696,1,PROD-039,2,8.17,15.55
ORD-2025-037696,2,PROD-041,2,11.83,22.71
ORD-2025-037696,3,PROD-017,1,12.5,11.13
ORD-2025-037697,1,PROD-010,1,38.03,36.41
ORD-2025-037697,2,PROD-004,1,20.28,19.86
ORD-2025-037698,1,PROD-006,1,32.39,30.45
ORD-2025-037698,2,PROD-003,1,14.37,13.34
ORD-2025-037699,1,PROD-001,2,12.9,22.19
ORD-2025-037699,2,PROD-004,1,20.28,19.57
ORD-2025-037699,3,PROD-007,1,17.18,16.25
ORD-2025-037700,1,PROD-022,1,9.01,7.92
ORD-2025-037701,1,PROD-006,1,32.39,28.81
ORD-2025-037702,1,PROD-006,2,32.39,60.78
ORD-2025-037703,1,PROD-013,1,11.9,10.85
ORD-2025-037703,2,PROD-034,3,9.01,26.68
ORD-2025-037704,1,PROD-016,2,8.9,14.7
ORD-2025-037704,2,PROD-036,1,11.55,11.29
ORD-2025-037705,1,PROD-008,1,9.9,9.51
ORD-2025-037706,1,PROD-001,2,12.9,25.63
ORD-2025-037707,1,PROD-020,1,10.14,5.7
ORD-2025-037708,1,PROD-002,1,11.9,10.6
ORD-2025-037709,1,PROD-001,1,12.9,12.27
ORD-2025-037710,1,PROD-012,1,18.5,17.19
ORD-2025-037711,1,PROD-007,1,17.18,16.07
ORD-2025-037712,1,PROD-010,3,38.03,112.23
ORD-2025-037713,1,PROD-005,1,20.28,19.75
ORD-2025-037713,2,PROD-001,2,12.9,24.02
ORD-2025-037714,1,PROD-006,2,32.39,58.02
ORD-2025-037714,2,PROD-034,1,9.01,6.82
ORD-2025-037715,1,PROD-008,1,9.9,9.1
ORD-2025-037716,1,PROD-003,1,14.37,11.55
ORD-2025-037717,1,PROD-036,2,11.55,14.58
ORD-2025-037717,2,PROD-010,2,38.03,65.34
ORD-2025-037718,1,PROD-004,2,20.28,36.04
ORD-2025-037719,1,PROD-003,1,14.37,11.31
ORD-2025-037719,2,PROD-022,2,9.01,14.02
ORD-2025-037720,1,PROD-023,2,7.89,11.76
ORD-2025-037721,1,PROD-012,1,18.5,17.45
ORD-2025-037722,1,PROD-011,2,14.9,28.18
ORD-2025-037722,2,PROD-003,1,14.37,12.98
ORD-2025-037723,1,PROD-015,1,26.76,26.1
ORD-2025-037724,1,PROD-004,1,20.28,20.2
ORD-2025-037725,1,PROD-028,1,17.18,16.59
ORD-2025-037726,1,PROD-031,1,53.52,49.29
ORD-2025-037726,2,PROD-004,1,20.28,19.03
ORD-2025-037727,1,PROD-004,1,20.28,15.23
ORD-2025-037728,1,PROD-039,4,8.17,25.1
ORD-2025-037729,1,PROD-033,1,52.11,47.92
ORD-2025-037730,1,PROD-006,2,32.39,52.21
ORD-2025-037730,2,PROD-040,1,15.21,14.07
ORD-2025-037731,1,PROD-001,3,12.9,37.9
ORD-2025-037731,2,PROD-004,1,20.28,20.02
ORD-2025-037731,3,PROD-028,1,17.18,15.59
ORD-2025-037731,4,PROD-035,1,10.14,10.07
ORD-2025-037732,1,PROD-026,2,14.65,28.77
ORD-2025-037733,1,PROD-037,1,9.86,6.77
ORD-2025-037733,2,PROD-006,1,32.39,29.36
ORD-2025-037733,3,PROD-028,1,17.18,12.73
ORD-2025-037734,1,PROD-004,2,20.28,35.56
ORD-2025-037734,2,PROD-034,1,9.01,8.72
ORD-2025-037735,1,PROD-020,1,10.14,9.09
ORD-2025-037735,2,PROD-007,1,17.18,13.86
ORD-2025-037735,3,PROD-010,1,38.03,35.27
ORD-2025-037736,1,PROD-023,1,7.89,7.73
ORD-2025-037737,1,PROD-001,1,12.9,12.53
ORD-2025-037738,1,PROD-036,4,11.55,44.41
ORD-2025-037739,1,PROD-004,1,20.28,19.93
ORD-2025-037740,1,PROD-005,1,20.28,19.6
ORD-2025-037741,1,PROD-003,2,14.37,23.01
ORD-2025-037741,2,PROD-005,2,20.28,34.76
ORD-2025-037742,1,PROD-010,1,38.03,34.77
ORD-2025-037742,2,PROD-003,1,14.37,13.87
ORD-2025-037743,1,PROD-005,2,20.28,32.97
ORD-2025-037744,1,PROD-001,1,12.9,12.25
ORD-2025-037745,1,PROD-048,1,55.77,51.14
ORD-2025-037745,2,PROD-036,2,11.55,22.45
ORD-2025-037746,1,PROD-026,1,14.65,14.26
ORD-2025-037746,2,PROD-003,1,14.37,13.93
ORD-2025-037747,1,PROD-010,2,38.03,74.33
ORD-2025-037748,1,PROD-003,2,14.37,25.04
ORD-2025-037749,1,PROD-016,3,8.9,23.88
ORD-2025-037749,2,PROD-005,2,20.28,35.79
ORD-2025-037750,1,PROD-052,1,46.48,34.89
ORD-2025-037751,1,PROD-023,2,7.89,10.14
ORD-2025-037752,1,PROD-013,1,11.9,11.59
ORD-2025-037752,2,PROD-003,2,14.37,28.26
ORD-2025-037753,1,PROD-007,1,17.18,16.95
ORD-2025-037753,2,PROD-024,1,8.73,8.62
ORD-2025-037754,1,PROD-032,1,19.72,17.77
ORD-2025-037755,1,PROD-001,2,12.9,22.31
ORD-2025-037756,1,PROD-040,2,15.21,29.02
ORD-2025-037756,2,PROD-032,1,19.72,19.67
ORD-2025-037756,3,PROD-034,1,9.01,8.74
ORD-2025-037757,1,PROD-015,1,26.76,19.95
ORD-2025-037757,2,PROD-032,4,19.72,66.11
ORD-2025-037758,1,PROD-001,1,12.9,12.22
ORD-2025-037758,2,PROD-039,2,8.17,15.15
ORD-2025-037759,1,PROD-005,2,20.28,32.89
ORD-2025-037759,2,PROD-027,1,21.13,19.34
ORD-2025-037759,3,PROD-007,1,17.18,14.55
ORD-2025-037760,1,PROD-042,2,73.24,129.5
ORD-2025-037760,2,PROD-034,1,9.01,8.74
ORD-2025-037761,1,PROD-006,1,32.39,30.73
ORD-2025-037762,1,PROD-001,1,12.9,12.71
ORD-2025-037763,1,PROD-017,1,12.5,5.62
ORD-2025-037764,1,PROD-004,2,20.28,38.2
ORD-2025-037764,2,PROD-033,1,52.11,47.27
ORD-2025-037765,1,PROD-004,1,20.28,18.97
ORD-2025-037766,1,PROD-002,1,11.9,11.17
ORD-2025-037767,1,PROD-008,2,9.9,18.84
ORD-2025-037767,2,PROD-026,2,14.65,25.88
ORD-2025-037767,3,PROD-020,1,10.14,9.86
ORD-2025-037768,1,PROD-020,2,10.14,13.12
ORD-2025-037768,2,PROD-042,2,73.24,110.08
ORD-2025-037768,3,PROD-008,1,9.9,9.32
ORD-2025-037768,4,PROD-032,1,19.72,16.96
ORD-2025-037768,5,PROD-027,1,21.13,18.85
ORD-2025-037769,1,PROD-049,1,80.28,74.69
ORD-2025-037769,2,PROD-034,2,9.01,17.12
ORD-2025-037770,1,PROD-032,3,19.72,50.05
ORD-2025-037771,1,PROD-003,1,14.37,13.93
ORD-2025-037772,1,PROD-040,3,15.21,41.77
ORD-2025-037773,1,PROD-026,1,14.65,13.8
ORD-2025-037773,2,PROD-005,1,20.28,17.75
ORD-2025-037773,3,PROD-024,1,8.73,8.25
ORD-2025-037774,1,PROD-017,1,12.5,11.54
ORD-2025-037774,2,PROD-054,1,59.15,53.86
ORD-2025-037775,1,PROD-026,1,14.65,13.91
ORD-2025-037776,1,PROD-028,1,17.18,16.96
ORD-2025-037776,2,PROD-005,1,20.28,19.5
ORD-2025-037777,1,PROD-036,1,11.55,10.53
ORD-2025-037778,1,PROD-034,3,9.01,26.24
ORD-2025-037779,1,PROD-030,2,49.3,83.16
ORD-2025-037780,1,PROD-004,1,20.28,19.96
ORD-2025-037780,2,PROD-007,1,17.18,16.97
ORD-2025-037780,3,PROD-005,1,20.28,20.25
ORD-2025-037781,1,PROD-004,2,20.28,32.35
ORD-2025-037782,1,PROD-042,1,73.24,56.64
ORD-2025-037783,1,PROD-031,1,53.52,32.27
ORD-2025-037784,1,PROD-023,2,7.89,12.78
ORD-2025-037785,1,PROD-026,1,14.65,11.03
ORD-2025-037785,2,PROD-024,1,8.73,7.58
ORD-2025-037785,3,PROD-021,1,15.49,13.91
ORD-2025-037786,1,PROD-001,3,12.9,29.71
ORD-2025-037787,1,PROD-012,1,18.5,17.35
ORD-2025-037788,1,PROD-012,1,18.5,15.91
ORD-2025-037788,2,PROD-029,2,24.79,45.65
ORD-2025-037789,1,PROD-042,2,73.24,133.06
ORD-2025-037789,2,PROD-010,1,38.03,36.8
ORD-2025-037790,1,PROD-004,1,20.28,10.24
ORD-2025-037791,1,PROD-034,1,9.01,8.67
ORD-2025-037792,1,PROD-001,1,12.9,12.69
ORD-2025-037793,1,PROD-003,1,14.37,12.24
ORD-2025-037794,1,PROD-053,2,53.52,102.16
ORD-2025-037795,1,PROD-004,1,20.28,19.19
ORD-2025-037795,2,PROD-036,1,11.55,11.16
ORD-2025-037795,3,PROD-005,1,20.28,19.92
ORD-2025-037796,1,PROD-045,1,72.68,53.88
ORD-2025-037796,2,PROD-040,3,15.21,40.46
ORD-2025-037797,1,PROD-004,2,20.28,39.26
ORD-2025-037798,1,PROD-031,1,53.52,50.36
ORD-2025-037799,1,PROD-020,2,10.14,18.25
ORD-2025-037800,1,PROD-055,1,74.65,46.94
ORD-2025-037801,1,PROD-050,1,61.97,59.96
 ORD-2025-037801 ,2,PROD-004,2,20.28,37.76
ORD-2025-037802,1,PROD-035,1,10.14,9.11
ORD-2025-037803,1,PROD-004,1,20.28,20.19
ORD-2025-037803,2,PROD-036,3,11.55,23.36
ORD-2025-037803,3,PROD-038,3,7.89,20.82
ORD-2025-037803,4,PROD-021,1,15.49,14.28
ORD-2025-037804,1,PROD-008,1,9.9,9.42
ORD-2025-037804,2,PROD-034,2,9.01,17.7
ORD-2025-037805,1,PROD-004,3,20.28,49.12
ORD-2025-037806,1,PROD-001,1,12.9,12.35
ORD-2025-037807,1,PROD-010,2,38.03,68.74
ORD-2025-037807,2,PROD-041,3,11.83,33.32
ORD-2025-037807,3,PROD-005,1,20.28,18.51
ORD-2025-037808,1,PROD-016,1,8.9,6.87
ORD-2025-037809,1,PROD-006,2,32.39,62.97
ORD-2025-037810,1,PROD-003,2,14.37,25.68
ORD-2025-037810,2,PROD-004,3,20.28,56.71
ORD-2025-037811,1,PROD-008,1,9.9,9.62
ORD-2025-037812,1,PROD-027,1,21.13,18.39
ORD-2025-037813,1,PROD-006,2,32.39,63.08
ORD-2025-037813,2,PROD-042,3,73.24,209.52
ORD-2025-037813,3,PROD-007,1,17.18,16.01
ORD-2025-037814,1,PROD-025,1,21.97,21.0
ORD-2025-037815,1,PROD-005,1,20.28,18.52
ORD-2025-037815,2,PROD-034,3,9.01,26.15
ORD-2025-037816,1,PROD-007,1,17.18,15.46
ORD-2025-037817,1,PROD-052,1,46.48,45.74
ORD-2025-037817,2,PROD-007,1,17.18,11.67
ORD-2025-037818,1,PROD-005,1,20.28,19.52
ORD-2025-037819,1,PROD-029,1,24.79,15.2
ORD-2025-037820,1,PROD-001,2,12.9,24.59
ORD-2025-037820,2,PROD-005,1,20.28,16.92
ORD-2025-037820,3,PROD-036,1,11.55,9.96
ORD-2025-037821,1,PROD-029,1,24.79,21.14
ORD-2025-037822,1,PROD-030,1,49.3,48.37
ORD-2025-037822,2,PROD-026,1,14.65,14.4
ORD-2025-037822,3,PROD-007,1,17.18,16.08
ORD-2025-037823,1,PROD-040,2,15.21,25.91
ORD-2025-037823,2,PROD-007,3,17.18,35.21
ORD-2025-037823,3,PROD-015,2,26.76,41.18
ORD-2025-037824,1,PROD-002,1,11.9,11.32
ORD-2025-037825,1,PROD-003,2,14.37,23.4
ORD-2025-037826,1,PROD-056,1,101.41,90.56
ORD-2025-037827,1,PROD-052,1,46.48,32.57
ORD-2025-037827,2,PROD-032,1,19.72,11.51
ORD-2025-037828,1,PROD-020,1,10.14,9.15
ORD-2025-037828,2,PROD-028,2,17.18,34.14
ORD-2025-037828,3,PROD-011,1,14.9,14.45
ORD-2025-037829,1,PROD-017,1,12.5,11.25
ORD-2025-037829,2,PROD-053,2,53.52,89.52
ORD-2025-037830,1,PROD-004,1,20.28,16.9
ORD-2025-037830,2,PROD-027,1,21.13,19.91
ORD-2025-037831,1,PROD-027,1,21.13,19.49
ORD-2025-037831,2,PROD-004,1,20.28,19.02
ORD-2025-037832,1,PROD-037,1,9.86,9.3
ORD-2025-037833,1,PROD-011,2,14.9,28.5
ORD-2025-037834,1,PROD-005,3,20.28,50.33
ORD-2025-037835,1,PROD-015,1,26.76,19.64
ORD-2025-037836,1,PROD-010,1,38.03,36.19
ORD-2025-037836,2,PROD-001,3,12.9,38.47
ORD-2025-037837,1,PROD-028,1,17.18,7.73
ORD-2025-037837,2,PROD-032,4,19.72,53.6
ORD-2025-037838,1,PROD-021,1,15.49,13.52
ORD-2025-037839,1,PROD-038,1,7.89,4.88
ORD-2025-037839,2,PROD-013,1,11.9,11.17
ORD-2025-037839,3,PROD-004,1,20.28,16.05
ORD-2025-037839,4,PROD-048,1,55.77,51.72
ORD-2025-037839,5,PROD-045,1,72.68,64.66
ORD-2025-037840,1,PROD-003,2,14.37,24.99
ORD-2025-037841,1,PROD-002,2,11.9,22.7
ORD-2025-037841,2,PROD-034,3,9.01,26.64
ORD-2025-037842,1,PROD-004,1,20.28,19.09
ORD-2025-037843,1,PROD-023,1,7.89,6.42
ORD-2025-037844,1,PROD-008,1,9.9,9.53
ORD-2025-037845,1,PROD-005,1,20.28,18.6
ORD-2025-037845,2,PROD-004,2,20.28,39.52
ORD-2025-037846,1,PROD-002,1,11.9,10.79
ORD-2025-037847,1,PROD-005,1,20.28,18.93
ORD-2025-037848,1,PROD-001,1,12.9,12.67
ORD-2025-037849,1,PROD-004,1,20.28,18.83
ORD-2025-037849,2,PROD-008,1,9.9,8.94
ORD-2025-037849,3,PROD-014,2,9.9,18.67
ORD-2025-037849,4,PROD-037,1,9.86,9.37
ORD-2025-037850,1,PROD-029,1,24.79,24.17
ORD-2025-037850,2,PROD-038,1,7.89,7.5
ORD-2025-037851,1,PROD-006,2,32.39,59.89
ORD-2025-037852,1,PROD-010,2,38.03,64.84
ORD-2025-037853,1,PROD-004,2,20.28,34.58
ORD-2025-037853,2,PROD-050,1,61.97,61.43
ORD-2025-037853,3,PROD-001,1,12.9,11.95
ORD-2025-037853,4,PROD-041,2,11.83,21.93
ORD-2025-037854,1,PROD-003,1,14.37,11.59
ORD-2025-037855,1,PROD-019,2,29.58,55.27
ORD-2025-037855,2,PROD-004,2,20.28,36.35
ORD-2025-037856,1,PROD-037,1,9.86,7.77
ORD-2025-037857,1,PROD-004,2,20.28,32.88
ORD-2025-037858,1,PROD-032,2,19.72,36.66
ORD-2025-037859,1,PROD-005,2,20.28,37.83
ORD-2025-037860,1,PROD-001,1,12.9,12.06
ORD-2025-037860,2,PROD-041,2,11.83,22.86
ORD-2025-037860,3,PROD-040,4,15.21,52.08
ORD-2025-037861,1,PROD-037,4,9.86,38.82
ORD-2025-037861,2,PROD-022,1,9.01,8.47
ORD-2025-037862,1,PROD-004,2,20.28,40.48
ORD-2025-037863,1,PROD-012,1,18.5,18.21
ORD-2025-037863,2,PROD-003,3,14.37,42.26
ORD-2025-037863,3,PROD-004,2,20.28,39.91
ORD-2025-037864,1,PROD-022,1,9.01,4.05
ORD-2025-037865,1,PROD-005,1,20.28,19.64
ORD-2025-037865,2,PROD-021,1,15.49,15.28
ORD-2025-037865,3,PROD-004,1,20.28,19.85
ORD-2025-037865,4,PROD-001,2,12.9,24.78
ORD-2025-037865,5,PROD-006,1,32.39,31.91
ORD-2025-037866,1,PROD-035,1,10.14,7.56
ORD-2025-037867,1,PROD-053,1,53.52,52.29
ORD-2025-037868,1,PROD-028,1,17.18,14.2
ORD-2025-037869,1,PROD-030,2,49.3,80.95
ORD-2025-037870,1,PROD-004,1,20.28,19.02
ORD-2025-037871,1,PROD-005,1,20.28,19.75
ORD-2025-037872,1,PROD-049,1,80.28,77.7
ORD-2025-037872,2,PROD-028,2,17.18,33.36
ORD-2025-037873,1,PROD-004,1,20.28,19.75
ORD-2025-037873,2,PROD-011,2,14.9,29.37
ORD-2025-037874,1,PROD-004,3,20.28,55.94
ORD-2025-037875,1,PROD-010,3,38.03,111.07
ORD-2025-037876,1,PROD-004,1,20.28,19.04
ORD-2025-037876,2,PROD-050,1,61.97,55.21
ORD-2025-037877,1,PROD-007,2,17.18,32.02
ORD-2025-037878,1,PROD-012,1,18.5,17.46
ORD-2025-037878,2,PROD-004,1,20.28,15.25
ORD-2025-037878,3,PROD-013,2,11.9,22.48
ORD-2025-037879,1,PROD-031,1,53.52,36.21
ORD-2025-037880,1,PROD-006,3,32.39,90.75
ORD-2025-037881,1,PROD-040,1,15.21,13.93
ORD-2025-037882,1,PROD-028,1,17.18,16.25
ORD-2025-037882,2,PROD-002,1,11.9,11.14
ORD-2025-037882,3,PROD-052,1,46.48,45.35
ORD-2025-037883,1,PROD-027,1,21.13,20.88
ORD-2025-037883,2,PROD-004,1,20.28,19.08
ORD-2025-037884,1,PROD-023,2,7.89,14.5
ORD-2025-037885,1,PROD-005,1,20.28,19.29
ORD-2025-037885,2,PROD-032,2,19.72,37.92
ORD-2025-037886,1,PROD-006,1,32.39,29.9
ORD-2025-037886,2,PROD-014,2,9.9,18.24
ORD-2025-037887,1,PROD-002,2,11.9,22.55
ORD-2025-037888,1,PROD-036,3,11.55,31.08
ORD-2025-037889,1,PROD-036,1,11.55,9.15
ORD-2025-037889,2,PROD-028,1,17.18,15.99
ORD-2025-037890,1,PROD-033,2,52.11,97.01
ORD-2025-037891,1,PROD-007,1,17.18,15.63
ORD-2025-037891,2,PROD-023,1,7.89,6.73
ORD-2025-037892,1,PROD-001,1,12.9,11.86
ORD-2025-037892,2,PROD-028,1,17.18,16.66
ORD-2025-037893,1,PROD-023,1,7.89,7.11
ORD-2025-037893,2,PROD-029,2,24.79,41.79
ORD-2025-037893,3,PROD-011,2,14.9,25.54
ORD-2025-037894,1,PROD-017,2,12.5,23.45
ORD-2025-037894,2,PROD-004,1,20.28,19.32
ORD-2025-037895,1,PROD-034,1,9.01,8.65
ORD-2025-037895,2,PROD-006,2,32.39,64.12
ORD-2025-037896,1,PROD-016,2,8.9,14.08
ORD-2025-037897,1,PROD-019,1,29.58,26.87
ORD-2025-037898,1,PROD-026,1,14.65,13.63
ORD-2025-037899,1,PROD-001,2,12.9,24.63
ORD-2025-037899,2,PROD-017,1,12.5,11.91
ORD-2025-037900,1,PROD-022,2,9.01,16.53
ORD-2025-037900,2,PROD-028,1,17.18,13.31
ORD-2025-037901,1,PROD-023,1,7.89,7.31
ORD-2025-037901,2,PROD-031,1,53.52,45.47
ORD-2025-037901,3,PROD-028,2,17.18,27.33
ORD-2025-037902,1,PROD-005,1,20.28,19.62
ORD-2025-037902,2,PROD-034,2,9.01,16.38
ORD-2025-037903,1,PROD-013,1,11.9,9.79
ORD-2025-037903,2,PROD-048,1,55.77,50.51
ORD-2025-037904,1,PROD-049,1,80.28,69.93
ORD-2025-037905,1,PROD-001,1,12.9,12.13
ORD-2025-037906,1,PROD-050,1,61.97,59.41
ORD-2025-037907,1,PROD-007,1,17.18,14.78
ORD-2025-037907,2,PROD-006,3,32.39,71.83
ORD-2025-037907,3,PROD-027,2,21.13,39.79
ORD-2025-037908,1,PROD-004,1,20.28,17.87
ORD-2025-037909,1,PROD-001,2,12.9,22.75
ORD-2025-037910,1,PROD-050,1,61.97,48.66
ORD-2025-037911,1,PROD-036,1,11.55,10.62
ORD-2025-037912,1,PROD-036,2,11.55,21.4
ORD-2025-037913,1,PROD-021,1,15.49,14.42
ORD-2025-037914,1,PROD-001,2,12.9,21.92
ORD-2025-037914,2,PROD-021,1,15.49,15.19
ORD-2025-037915,1,PROD-041,3,11.83,35.08
ORD-2025-037916,1,PROD-038,1,7.89,5.94
ORD-2025-037917,1,PROD-004,2,20.28,38.47
ORD-2025-037917,2,PROD-034,4,9.01,29.86
ORD-2025-037917,3,PROD-035,1,10.14,9.34
ORD-2025-037918,1,PROD-003,1,14.37,11.12
ORD-2025-037919,1,PROD-005,1,20.28,18.69
ORD-2025-037920,1,PROD-020,2,10.14,17.49
ORD-2025-037920,2,PROD-008,1,9.9,9.01
ORD-2025-037921,1,PROD-007,1,17.18,16.36
ORD-2025-037922,1,PROD-027,1,21.13,20.24
ORD-2025-037922,2,PROD-035,2,10.14,19.04
ORD-2025-037922,3,PROD-014,1,9.9,7.47
ORD-2025-037922,4,PROD-021,1,15.49,14.32
ORD-2025-037923,1,PROD-001,1,12.9,10.83
ORD-2025-037923,2,PROD-020,1,10.14,9.13
ORD-2025-037924,1,PROD-008,2,9.9,19.36
ORD-2025-037925,1,PROD-017,2,12.5,21.85
ORD-2025-037925,2,PROD-037,1,9.86,9.61
ORD-2025-037925,3,PROD-041,3,11.83,32.58
ORD-2025-037925,4,PROD-016,1,8.9,8.54
ORD-2025-037926,1,PROD-029,1,24.79,21.88
ORD-2025-037927,1,PROD-037,4,9.86,38.13
ORD-2025-037927,2,PROD-007,2,17.18,30.68
ORD-2025-037928,1,PROD-028,1,17.18,16.34
ORD-2025-037929,1,PROD-002,2,11.9,21.87
ORD-2025-037930,1,PROD-030,1,49.3,43.67
ORD-2025-037930,2,PROD-021,1,15.49,12.37
ORD-2025-037931,1,PROD-006,1,32.39,31.82
ORD-2025-037932,1,PROD-001,1,12.9,9.92
ORD-2025-037933,1,PROD-007,1,17.18,15.33
ORD-2025-037933,2,PROD-002,3,11.9,33.28
ORD-2025-037933,3,PROD-041,2,11.83,23.24
ORD-2025-037933,4,PROD-005,2,20.28,36.23
ORD-2025-037934,1,PROD-002,1,11.9,11.59
ORD-2025-037935,1,PROD-035,1,10.14,6.09
ORD-2025-037936,1,PROD-005,2,20.28,33.13
ORD-2025-037936,2,PROD-003,1,14.37,13.84
ORD-2025-037937,1,PROD-022,1,9.01,8.96
ORD-2025-037938,1,PROD-010,1,38.03,33.57
ORD-2025-037939,1,PROD-001,1,12.9,11.89
ORD-2025-037940,1,PROD-007,2,17.18,25.23
ORD-2025-037941,1,PROD-001,1,12.9,9.9
ORD-2025-037942,1,PROD-006,1,32.39,30.38
ORD-2025-037943,1,PROD-041,1,11.83,10.8
ORD-2025-037943,2,PROD-011,2,14.9,28.83
ORD-2025-037943,3,PROD-002,2,11.9,16.63
ORD-2025-037943,4,PROD-001,2,12.9,18.45
ORD-2025-037944,1,PROD-040,1,15.21,13.37
ORD-2025-037945,1,PROD-040,1,15.21,14.46
ORD-2025-037945,2,PROD-004,1,20.28,16.99
ORD-2025-037946,1,PROD-001,2,12.9,25.69
ORD-2025-037946,2,PROD-007,2,17.18,33.97
ORD-2025-037947,1,PROD-005,1,20.28,19.34
ORD-2025-037948,1,PROD-054,1,59.15,55.87
ORD-2025-037948,2,PROD-024,1,8.73,8.47
ORD-2025-037949,1,PROD-036,2,11.55,21.45
ORD-2025-037950,1,PROD-003,1,14.37,13.95
ORD-2025-037951,1,PROD-039,1,8.17,7.54
ORD-2025-037952,1,PROD-004,2,20.28,39.48
ORD-2025-037953,1,PROD-001,1,12.9,10.95
ORD-2025-037953,2,PROD-007,2,17.18,28.48
ORD-2025-037954,1,PROD-004,1,20.28,19.46
ORD-2025-037954,2,PROD-001,1,12.9,10.82
ORD-2025-037955,1,PROD-019,1,29.58,25.04
ORD-2025-037956,1,PROD-011,2,14.9,25.49
ORD-2025-037957,1,PROD-005,2,20.28,37.4
ORD-2025-037957,2,PROD-035,1,10.14,8.59
ORD-2025-037957,3,PROD-034,1,9.01,6.01
ORD-2025-037958,1,PROD-051,1,36.06,30.95
ORD-2025-037958,2,PROD-002,1,11.9,10.09
ORD-2025-037959,1,PROD-010,3,38.03,92.41
ORD-2025-037960,1,PROD-032,1,19.72,16.78
ORD-2025-037960,2,PROD-002,1,11.9,11.09
ORD-2025-037961,1,PROD-003,2,14.37,28.27
ORD-2025-037962,1,PROD-001,1,12.9,10.09
ORD-2025-037962,2,PROD-006,1,32.39,24.48
ORD-2025-037962,3,PROD-005,1,20.28,18.54
ORD-2025-037963,1,PROD-036,2,11.55,16.91
ORD-2025-037963,2,PROD-006,1,32.39,22.84
ORD-2025-037963,3,PROD-005,1,20.28,17.97
ORD-2025-037964,1,PROD-001,2,12.9,24.6
ORD-2025-037964,2,PROD-034,1,9.01,7.92
ORD-2025-037965,1,PROD-002,2,11.9,22.32
ORD-2025-037965,2,PROD-005,1,20.28,17.77
ORD-2025-037965,3,PROD-004,2,20.28,37.49
ORD-2025-037966,1,PROD-017,2,12.5,19.51
ORD-2025-037967,1,PROD-004,2,20.28,30.0
ORD-2025-037967,2,PROD-051,1,36.06,32.37
ORD-2025-037968,1,PROD-004,1,20.28,18.98
ORD-2025-037969,1,PROD-005,1,20.28,19.27
ORD-2025-037969,2,PROD-013,2,11.9,21.26
ORD-2025-037970,1,PROD-013,1,11.9,11.4
ORD-2025-037970,2,PROD-054,1,59.15,55.66
ORD-2025-037971,1,PROD-054,1,59.15,42.52
ORD-2025-037972,1,PROD-005,1,20.28,18.73
ORD-2025-037973,1,PROD-038,2,7.89,13.26
ORD-2025-037973,2,PROD-005,2,20.28,39.98
ORD-2025-037974,1,PROD-020,1,10.14,9.09
ORD-2025-037974,2,PROD-006,1,32.39,32.01
ORD-2025-037975,1,PROD-014,2,9.9,19.5
ORD-2025-037975,2,PROD-006,1,32.39,31.51
ORD-2025-037976,1,PROD-006,3,32.39,87.93
ORD-2025-037976,2,PROD-002,2,11.9,22.79
ORD-2025-037977,1,PROD-003,2,14.37,27.02
ORD-2025-037978,1,PROD-034,1,9.01,8.52
ORD-2025-037979,1,PROD-003,3,14.37,41.77
ORD-2025-037980,1,PROD-001,3,12.9,34.79
ORD-2025-037981,1,PROD-001,1,12.9,11.78
ORD-2025-037981,2,PROD-041,1,11.83,9.52
ORD-2025-037982,1,PROD-006,3,32.39,83.72
ORD-2025-037983,1,PROD-007,2,17.18,33.66
ORD-2025-037984,1,PROD-010,2,38.03,63.45
ORD-2025-037984,2,PROD-034,4,9.01,32.84
ORD-2025-037984,3,PROD-001,2,12.9,25.39
ORD-2025-037985,1,PROD-013,1,11.9,11.65
ORD-2025-037985,2,PROD-008,1,9.9,9.55
ORD-2025-037985,3,PROD-005,2,20.28,39.38
ORD-2025-037986,1,PROD-001,1,12.9,9.99
ORD-2025-037987,1,PROD-028,1,17.18,14.61
ORD-2025-037988,1,PROD-015,1,26.76,23.08
ORD-2025-037988,2,PROD-030,1,49.3,31.84
ORD-2025-037988,3,PROD-004,2,20.28,21.05
ORD-2025-037989,1,PROD-003,1,14.37,12.74
ORD-2025-037989,2,PROD-036,2,11.55,17.87
ORD-2025-037990,1,PROD-017,1,12.5,11.07
ORD-2025-037990,2,PROD-024,1,8.73,6.4
ORD-2025-037990,3,PROD-006,1,32.39,31.0
ORD-2025-037990,4,PROD-023,1,7.89,7.28
ORD-2025-037990,5,PROD-004,2,20.28,36.99
ORD-2025-037991,1,PROD-004,1,20.28,19.79
ORD-2025-037992,1,PROD-004,1,20.28,17.63
ORD-2025-037992,2,PROD-001,1,12.9,12.48
ORD-2025-037993,1,PROD-021,1,15.49,14.93
ORD-2025-037994,1,PROD-005,1,20.28,19.06
ORD-2025-037994,2,PROD-044,1,40.85,38.96
ORD-2025-037994,3,PROD-035,1,10.14,8.17
ORD-2025-037995,1,PROD-027,1,21.13,11.22
ORD-2025-037995,2,PROD-036,1,11.55,9.75
ORD-2025-037996,1,PROD-040,1,15.21,9.98
ORD-2025-037997,1,PROD-048,1,55.77,53.8
ORD-2025-037997,2,PROD-011,2,14.9,28.14
ORD-2025-037998,1,PROD-002,1,11.9,9.85
ORD-2025-037998,2,PROD-034,2,9.01,12.93
ORD-2025-037998,3,PROD-005,3,20.28,49.3
ORD-2025-037999,1,PROD-038,1,7.89,7.3
ORD-2025-038000,1,PROD-006,1,32.39,24.91
ORD-2025-038000,2,PROD-017,1,12.5,10.77
ORD-2025-038001,1,PROD-004,3,20.28,49.68
ORD-2025-038001,2,PROD-007,3,17.18,47.0
ORD-2025-038002,1,PROD-005,1,20.28,19.72
ORD-2025-038003,1,PROD-002,2,11.9,23.4
ORD-2025-038003,2,PROD-041,4,11.83,44.92
ORD-2025-038004,1,PROD-004,2,20.28,35.04
ORD-2025-038005,1,PROD-005,2,20.28,38.19
ORD-2025-038005,2,PROD-034,1,9.01,8.53
ORD-2025-038005,3,PROD-035,1,10.14,7.71
ORD-2025-038005,4,PROD-004,1,20.28,19.45
ORD-2025-038006,1,PROD-003,3,14.37,38.06
ORD-2025-038007,1,PROD-004,2,20.28,37.64
ORD-2025-038008,1,PROD-006,2,32.39,62.0
ORD-2025-038008,2,PROD-001,1,12.9,12.63
ORD-2025-038008,3,PROD-005,1,20.28,18.88
ORD-2025-038009,1,PROD-003,2,14.37,27.73
ORD-2025-038010,1,PROD-029,1,24.79,23.76
ORD-2025-038011,1,PROD-052,1,46.48,42.08
ORD-2025-038011,2,PROD-005,1,20.28,19.47
ORD-2025-038012,1,PROD-003,2,14.37,26.51
ORD-2025-038012,2,PROD-008,2,9.9,19.11
ORD-2025-038013,1,PROD-007,2,17.18,31.31
ORD-2025-038013,2,PROD-002,1,11.9,10.44
ORD-2025-038013,3,PROD-001,1,12.9,12.7
ORD-2025-038013,4,PROD-026,2,14.65,27.43
ORD-2025-038014,1,PROD-008,1,9.9,7.68
ORD-2025-038015,1,PROD-002,2,11.9,22.57
ORD-2025-038015,2,PROD-020,1,10.14,7.77
ORD-2025-038015,3,PROD-033,4,52.11,203.04
ORD-2025-038016,1,PROD-038,1,7.89,7.83
ORD-2025-038016,2,PROD-005,1,20.28,16.45
ORD-2025-038017,1,PROD-003,1,14.37,12.29
ORD-2025-038017,2,PROD-045,2,72.68,134.94
ORD-2025-038017,3,PROD-035,2,10.14,19.91
ORD-2025-038018,1,PROD-006,1,32.39,29.15
ORD-2025-038019,1,PROD-011,1,14.9,14.1
ORD-2025-038020,1,PROD-004,1,20.28,18.96
ORD-2025-038020,2,PROD-021,2,15.49,29.45
ORD-2025-038021,1,PROD-026,1,14.65,14.17
 ORD-2025-038022 ,1,PROD-001,1,12.9,12.56
ORD-2025-038023,1,PROD-002,2,11.9,22.36
ORD-2025-038024,1,PROD-029,1,24.79,22.73
ORD-2025-038025,1,PROD-038,1,7.89,7.78
ORD-2025-038026,1,PROD-004,1,20.28,17.86
ORD-2025-038027,1,PROD-002,1,11.9,11.0
ORD-2025-038028,1,PROD-034,4,9.01,31.95
ORD-2025-038029,1,PROD-004,1,20.28,18.99
ORD-2025-038029,2,PROD-035,2,10.14,18.99
 ORD-2025-038029 ,3,PROD-006,2,32.39,59.11
ORD-2025-038030,1,PROD-003,1,14.37,14.15
ORD-2025-038031,1,PROD-041,3,11.83,33.01
ORD-2025-038032,1,PROD-038,1,7.89,6.7
ORD-2025-038033,1,PROD-026,1,14.65,12.59
ORD-2025-038034,1,PROD-008,3,9.9,29.59
ORD-2025-038035,1,PROD-004,1,20.28,19.94
ORD-2025-038035,2,PROD-038,2,7.89,14.06
ORD-2025-038036,1,PROD-001,2,12.9,25.23
ORD-2025-038037,1,PROD-022,2,9.01,10.86
ORD-2025-038037,2,PROD-025,1,21.97,20.53
ORD-2025-038038,1,PROD-020,1,10.14,9.33
ORD-2025-038039,1,PROD-004,1,20.28,19.67
ORD-2025-038040,1,PROD-001,1,12.9,12.33
ORD-2025-038040,2,PROD-006,3,32.39,83.11
ORD-2025-038041,1,PROD-038,2,7.89,14.0
ORD-2025-038041,2,PROD-034,2,9.01,15.87
ORD-2025-038042,1,PROD-001,2,12.9,25.1
ORD-2025-038042,2,PROD-034,2,9.01,15.83
ORD-2025-038042,3,PROD-004,3,20.28,36.16
ORD-2025-038043,1,PROD-005,2,20.28,39.89
ORD-2025-038044,1,PROD-005,2,20.28,39.64
ORD-2025-038044,2,PROD-041,1,11.83,11.17
ORD-2025-038044,3,PROD-039,3,8.17,22.99
ORD-2025-038045,1,PROD-003,3,14.37,32.91
ORD-2025-038045,2,PROD-020,1,10.14,8.78
ORD-2025-038046,1,PROD-005,1,20.28,18.83
ORD-2025-038047,1,PROD-003,2,14.37,24.69
ORD-2025-038047,2,PROD-016,1,8.9,8.42
ORD-2025-038048,1,PROD-032,1,19.72,-8.87
ORD-2025-038049,1,PROD-002,3,11.9,34.53
ORD-2025-038050,1,PROD-001,1,12.9,11.45
ORD-2025-038050,2,PROD-017,1,12.5,10.71
ORD-2025-038051,1,PROD-027,1,21.13,20.15
ORD-2025-038051,2,PROD-028,1,17.18,16.18
ORD-2025-038052,1,PROD-005,1,20.28,18.87
ORD-2025-038053,1,PROD-001,2,12.9,24.84
ORD-2025-038054,1,PROD-002,2,11.9,17.18
ORD-2025-038055,1,PROD-022,2,9.01,15.53
ORD-2025-038056,1,PROD-037,1,9.86,9.43
ORD-2025-038056,2,PROD-020,1,10.14,9.92
ORD-2025-038056,3,PROD-003,1,14.37,13.79
ORD-2025-038057,1,PROD-027,1,21.13,17.41
ORD-2025-038057,2,PROD-002,1,11.9,11.21
ORD-2025-038058,1,PROD-006,2,32.39,56.96
ORD-2025-038059,1,PROD-024,1,8.73,8.41
ORD-2025-038059,2,PROD-032,2,19.72,38.92
ORD-2025-038059,3,PROD-005,2,20.28,38.77
ORD-2025-038060,1,PROD-001,1,12.9,12.76
ORD-2025-038060,2,PROD-005,1,20.28,19.82
ORD-2025-038060,3,PROD-047,1,108.45,105.19
ORD-2025-038061,1,PROD-004,2,20.28,38.34
ORD-2025-038062,1,PROD-004,2,20.28,34.35
ORD-2025-038062,2,PROD-001,2,12.9,23.32
ORD-2025-038063,1,PROD-004,1,20.28,15.27
ORD-2025-038064,1,PROD-026,1,14.65,14.53
ORD-2025-038064,2,PROD-027,1,21.13,18.71
ORD-2025-038065,1,PROD-007,2,17.18,33.15
ORD-2025-038065,2,PROD-035,1,10.14,9.81
ORD-2025-038066,1,PROD-041,3,11.83,31.16
ORD-2025-038066,2,PROD-026,1,14.65,11.73
ORD-2025-038066,3,PROD-004,1,20.28,17.24
ORD-2025-038067,1,PROD-007,2,17.18,28.96
ORD-2025-038067,2,PROD-004,1,20.28,20.17
ORD-2025-038067,3,PROD-008,1,9.9,9.22
ORD-2025-038068,1,PROD-005,3,20.28,59.59
ORD-2025-038069,1,PROD-034,2,9.01,17.12
ORD-2025-038069,2,PROD-003,1,14.37,10.17
ORD-2025-038069,3,PROD-032,3,19.72,41.97
ORD-2025-038070,1,PROD-001,3,12.9,37.74
ORD-2025-038070,2,PROD-047,1,108.45,95.33
ORD-2025-038070,3,PROD-016,1,8.9,7.84
ORD-2025-038071,1,PROD-005,1,20.28,17.34
ORD-2025-038071,2,PROD-001,1,12.9,11.51
ORD-2025-038072,1,PROD-035,1,10.14,9.89
ORD-2025-038073,1,PROD-038,2,7.89,11.86
ORD-2025-038074,1,PROD-050,1,61.97,53.98
ORD-2025-038074,2,PROD-001,3,12.9,35.73
ORD-2025-038075,1,PROD-044,1,40.85,38.9
ORD-2025-038076,1,PROD-020,1,10.14,10.01
ORD-2025-038076,2,PROD-004,2,20.28,38.87
ORD-2025-038077,1,PROD-036,2,11.55,22.12
ORD-2025-038077,2,PROD-001,1,12.9,12.49
ORD-2025-038077,3,PROD-006,1,32.39,31.36
ORD-2025-038078,1,PROD-007,2,17.18,33.53
ORD-2025-038079,1,PROD-006,1,32.39,31.56
ORD-2025-038079,2,PROD-029,1,24.79,22.83
ORD-2025-038080,1,PROD-001,1,12.9,12.33
ORD-2025-038081,1,PROD-005,1,20.28,19.44
ORD-2025-038081,2,PROD-035,3,10.14,27.75
ORD-2025-038082,1,PROD-005,1,20.28,18.71
ORD-2025-038083,1,PROD-016,1,8.9,8.73
ORD-2025-038084,1,PROD-023,1,7.89,7.13
ORD-2025-038084,2,PROD-020,1,10.14,8.22
ORD-2025-038085,1,PROD-002,1,11.9,11.21
ORD-2025-038086,1,PROD-023,1,7.89,5.87
ORD-2025-038087,1,PROD-023,1,7.89,5.96
ORD-2025-038087,2,PROD-029,2,24.79,44.62
ORD-2025-038087,3,PROD-038,2,7.89,12.11
ORD-2025-038088,1,PROD-032,1,19.72,19.29
ORD-2025-038088,2,PROD-034,1,9.01,8.46
ORD-2025-038088,3,PROD-004,1,20.28,19.82
ORD-2025-038088,4,PROD-006,1,32.39,31.88
ORD-2025-038089,1,PROD-035,1,10.14,8.75
ORD-2025-038090,1,PROD-050,1,61.97,52.66
ORD-2025-038090,2,PROD-005,1,20.28,20.18
ORD-2025-038091,1,PROD-038,2,7.89,15.51
ORD-2025-038091,2,PROD-003,1,14.37,13.83
ORD-2025-038092,1,PROD-034,1,9.01,7.13
ORD-2025-038092,2,PROD-005,2,20.28,26.37
ORD-2025-038093,1,PROD-006,1,32.39,31.8
ORD-2025-038093,2,PROD-013,2,11.9,23.04
ORD-2025-038094,1,PROD-030,1,49.3,42.41
ORD-2025-038095,1,PROD-038,3,7.89,21.61
ORD-2025-038096,1,PROD-001,1,12.9,11.1
ORD-2025-038097,1,PROD-045,1,72.68,66.64
ORD-2025-038097,2,PROD-006,3,32.39,93.79
ORD-2025-038098,1,PROD-022,2,9.01,16.36
ORD-2025-038099,1,PROD-042,1,73.24,62.86
ORD-2025-038100,1,PROD-004,3,20.28,57.15
ORD-2025-038101,1,PROD-032,1,19.72,19.39
ORD-2025-038101,2,PROD-035,2,10.14,20.16
ORD-2025-038101,3,PROD-038,1,7.89,7.28
ORD-2025-038102,1,PROD-037,1,9.86,9.73
ORD-2025-038102,2,PROD-036,2,11.55,20.2
ORD-2025-038103,1,PROD-001,1,12.9,11.67
ORD-2025-038104,1,PROD-046,1,259.15,227.72
ORD-2025-038105,1,PROD-001,2,12.9,25.23
ORD-2025-038105,2,PROD-006,3,32.39,93.4
ORD-2025-038106,1,PROD-004,2,20.28,37.88
ORD-2025-038107,1,PROD-007,1,17.18,9.59
ORD-2025-038107,2,PROD-023,2,7.89,12.33
ORD-2025-038108,1,PROD-007,1,17.18,7.73
ORD-2025-038108,2,PROD-022,1,9.01,6.33
ORD-2025-038109,1,PROD-005,2,20.28,36.77
ORD-2025-038109,2,PROD-035,1,10.14,9.74
ORD-2025-038109,3,PROD-004,2,20.28,38.1
ORD-2025-038110,1,PROD-008,2,9.9,19.31
ORD-2025-038110,2,PROD-027,2,21.13,41.55
ORD-2025-038111,1,PROD-008,1,9.9,9.22
ORD-2025-038112,1,PROD-017,3,12.5,35.65
ORD-2025-038113,1,PROD-003,1,14.37,13.89
ORD-2025-038113,2,PROD-035,2,10.14,20.14
ORD-2025-038113,3,PROD-041,2,11.83,23.04
ORD-2025-038114,1,PROD-036,1,11.55,10.88
ORD-2025-038115,1,PROD-002,1,11.9,11.62
ORD-2025-038115,2,PROD-035,3,10.14,29.49
ORD-2025-038115,3,PROD-008,1,9.9,9.83
ORD-2025-038116,1,PROD-015,3,26.76,47.41
ORD-2025-038117,1,PROD-010,1,38.03,33.22
ORD-2025-038118,1,PROD-004,1,20.28,19.18
ORD-2025-038119,1,PROD-003,1,14.37,14.27
ORD-2025-038120,1,PROD-004,3,20.28,56.28
ORD-2025-038120,2,PROD-001,1,12.9,11.87
ORD-2025-038121,1,PROD-044,1,40.85,39.62
ORD-2025-038121,2,PROD-006,1,32.39,30.24
ORD-2025-038121,3,PROD-005,1,20.28,19.43
ORD-2025-038122,1,PROD-037,2,9.86,19.16
ORD-2025-038123,1,PROD-027,1,21.13,20.8
ORD-2025-038124,1,PROD-048,1,55.77,52.46
ORD-2025-038124,2,PROD-034,2,9.01,17.21
ORD-2025-038125,1,PROD-002,2,11.9,20.1
ORD-2025-038126,1,PROD-016,1,8.9,8.85
ORD-2025-038126,2,PROD-003,1,14.37,13.85
ORD-2025-038126,3,PROD-006,2,32.39,60.7
ORD-2025-038127,1,PROD-033,2,52.11,103.69
ORD-2025-038127,2,PROD-034,1,9.01,8.59
ORD-2025-038128,1,PROD-006,1,32.39,31.76
ORD-2025-038128,2,PROD-034,1,9.01,8.59
ORD-2025-038129,1,PROD-002,1,11.9,6.46
ORD-2025-038130,1,PROD-023,1,7.89,7.8
ORD-2025-038131,1,PROD-039,1,8.17,7.4
ORD-2025-038132,1,PROD-003,2,14.37,27.24
ORD-2025-038133,1,PROD-001,2,12.9,21.6
ORD-2025-038134,1,PROD-035,1,10.14,7.7
ORD-2025-038135,1,PROD-038,1,7.89,7.16
ORD-2025-038136,1,PROD-034,1,9.01,8.12
ORD-2025-038136,2,PROD-013,1,11.9,9.15
ORD-2025-038136,3,PROD-006,1,32.39,30.82
ORD-2025-038137,1,PROD-005,1,20.28,18.12
ORD-2025-038138,1,PROD-050,1,61.97,57.74
ORD-2025-038138,2,PROD-008,1,9.9,9.21
ORD-2025-038138,3,PROD-005,1,20.28,19.94
ORD-2025-038139,1,PROD-002,2,11.9,23.47
ORD-2025-038140,1,PROD-025,2,21.97,43.38
ORD-2025-038140,2,PROD-003,2,14.37,27.47
ORD-2025-038140,3,PROD-010,2,38.03,65.54
ORD-2025-038141,1,PROD-040,1,15.21,12.38
ORD-2025-038141,2,PROD-007,2,17.18,25.51
ORD-2025-038141,3,PROD-017,1,12.5,10.09
ORD-2025-038141,4,PROD-044,1,40.85,37.31
ORD-2025-038142,1,PROD-035,1,10.14,7.3
ORD-2025-038143,1,PROD-039,4,8.17,16.29
ORD-2025-038144,1,PROD-039,2,8.17,13.65
ORD-2025-038145,1,PROD-001,1,12.9,12.22
ORD-2025-038146,1,PROD-001,2,12.9,25.12
ORD-2025-038147,1,PROD-017,2,12.5,24.49
ORD-2025-038148,1,PROD-002,1,11.9,11.78
ORD-2025-038148,2,PROD-004,2,20.28,38.5
ORD-2025-038149,1,PROD-036,2,11.55,22.45
ORD-2025-038150,1,PROD-041,4,11.83,43.26
ORD-2025-038151,1,PROD-034,1,9.01,8.43
ORD-2025-038151,2,PROD-003,1,14.37,13.39
ORD-2025-038152,1,PROD-008,1,9.9,9.17
ORD-2025-038153,1,PROD-004,1,20.28,16.73
ORD-2025-038153,2,PROD-003,2,14.37,23.87
ORD-2025-038154,1,PROD-037,2,9.86,18.13
ORD-2025-038154,2,PROD-004,1,20.28,19.96
ORD-2025-038155,1,PROD-003,1,14.37,13.05
ORD-2025-038155,2,PROD-035,1,10.14,9.85
ORD-2025-038156,1,PROD-046,1,259.15,242.49
ORD-2025-038157,1,PROD-004,1,20.28,19.29
ORD-2025-038157,2,PROD-008,1,9.9,9.11
ORD-2025-038158,1,PROD-004,2,20.28,36.11
ORD-2025-038159,1,PROD-036,2,11.55,16.57
ORD-2025-038159,2,PROD-007,1,17.18,14.43
ORD-2025-038159,3,PROD-004,1,20.28,19.66
ORD-2025-038160,1,PROD-016,2,8.9,13.78
ORD-2025-038161,1,PROD-005,2,20.28,40.24
ORD-2025-038162,1,PROD-020,1,10.14,8.89
ORD-2025-038163,1,PROD-022,1,9.01,8.66
ORD-2025-038164,1,PROD-002,1,11.9,10.88
ORD-2025-038164,2,PROD-028,2,17.18,26.43
ORD-2025-038165,1,PROD-001,2,12.9,23.73
ORD-2025-038165,2,PROD-020,1,10.14,9.73
ORD-2025-038166,1,PROD-022,1,9.01,8.55
ORD-2025-038167,1,PROD-010,1,38.03,36.82
ORD-2025-038168,1,PROD-030,2,49.3,88.11
ORD-2025-038168,2,PROD-004,2,20.28,35.96
ORD-2025-038168,3,PROD-040,1,15.21,13.18
ORD-2025-038169,1,PROD-003,1,14.37,12.33
ORD-2025-038170,1,PROD-004,1,20.28,18.22
ORD-2025-038171,1,PROD-005,1,20.28,18.69
ORD-2025-038171,2,PROD-004,1,20.28,18.36
ORD-2025-038172,1,PROD-004,1,20.28,19.44
ORD-2025-038172,2,PROD-034,1,9.01,8.23
ORD-2025-038172,3,PROD-038,1,7.89,6.88
ORD-2025-038173,1,PROD-006,2,32.39,58.73
ORD-2025-038174,1,PROD-017,1,12.5,11.92
ORD-2025-038174,2,PROD-040,3,15.21,41.02
ORD-2025-038175,1,PROD-042,1,73.24,70.66
ORD-2025-038175,2,PROD-017,3,12.5,36.36
ORD-2025-038176,1,PROD-002,1,11.9,11.36
ORD-2025-038176,2,PROD-034,1,9.01,7.48
ORD-2025-038176,3,PROD-004,1,20.28,14.13
ORD-2025-038177,1,PROD-007,1,17.18,16.54
ORD-2025-038177,2,PROD-010,3,38.03,112.16
ORD-2025-038178,1,PROD-004,3,20.28,58.08
ORD-2025-038179,1,PROD-038,3,7.89,22.45
ORD-2025-038179,2,PROD-008,1,9.9,8.36
ORD-2025-038179,3,PROD-040,1,15.21,15.02
ORD-2025-038179,4,PROD-006,1,32.39,31.26
ORD-2025-038180,1,PROD-008,1,9.9,8.86
ORD-2025-038181,1,PROD-035,1,10.14,9.26
ORD-2025-038181,2,PROD-007,1,17.18,12.23
ORD-2025-038182,1,PROD-008,2,9.9,19.68
ORD-2025-038182,2,PROD-010,1,38.03,36.46
ORD-2025-038183,1,PROD-042,1,73.24,51.68
ORD-2025-038184,1,PROD-010,2,38.03,66.7
ORD-2025-038185,1,PROD-010,2,38.03,69.89
ORD-2025-038185,2,PROD-004,1,20.28,19.44
ORD-2025-038186,1,PROD-002,1,11.9,11.71
ORD-2025-038186,2,PROD-047,1,108.45,105.74
ORD-2025-038187,1,PROD-004,1,20.28,18.71
ORD-2025-038188,1,PROD-005,2,20.28,35.72
ORD-2025-038188,2,PROD-047,2,108.45,214.43
ORD-2025-038189,1,PROD-003,1,14.37,12.37
ORD-2025-038190,1,PROD-001,2,12.9,25.31
ORD-2025-038190,2,PROD-003,1,14.37,13.33
ORD-2025-038190,3,PROD-034,1,9.01,8.86
ORD-2025-038191,1,PROD-003,1,14.37,9.31
ORD-2025-038192,1,PROD-004,2,20.28,28.16
ORD-2025-038192,2,PROD-059,1,52.11,44.51
ORD-2025-038193,1,PROD-003,2,14.37,28.27
ORD-2025-038193,2,PROD-019,2,29.58,56.85
ORD-2025-038194,1,PROD-029,2,24.79,47.52
ORD-2025-038195,1,PROD-004,1,20.28,18.11
ORD-2025-038196,1,PROD-006,1,32.39,31.42
ORD-2025-038196,2,PROD-004,1,20.28,18.31
ORD-2025-038196,3,PROD-001,1,12.9,8.71
ORD-2025-038197,1,PROD-008,1,9.9,8.97
ORD-2025-038198,1,PROD-002,1,11.9,11.48
ORD-2025-038198,2,PROD-011,1,14.9,13.22
ORD-2025-038199,1,PROD-001,1,12.9,11.69
ORD-2025-038199,2,PROD-028,2,17.18,32.65
ORD-2025-038200,1,PROD-040,1,15.21,12.69
ORD-2025-038201,1,PROD-001,1,12.9,11.9
ORD-2025-038201,2,PROD-024,1,8.73,8.21
ORD-2025-038201,3,PROD-011,2,14.9,28.85
ORD-2025-038201,4,PROD-041,2,11.83,23.05
ORD-2025-038202,1,PROD-007,1,17.18,17.03
ORD-2025-038203,1,PROD-004,2,20.28,36.97
ORD-2025-038204,1,PROD-020,2,10.14,14.11
ORD-2025-038204,2,PROD-030,2,49.3,87.34
ORD-2025-038204,3,PROD-007,1,17.18,16.37
ORD-2025-038205,1,PROD-013,2,11.9,21.31
ORD-2025-038206,1,PROD-032,1,19.72,18.13
ORD-2025-038207,1,PROD-041,1,11.83,10.6
ORD-2025-038208,1,PROD-016,1,8.9,8.33
ORD-2025-038208,2,PROD-033,1,52.11,47.9
ORD-2025-038209,1,PROD-008,1,9.9,5.52
ORD-2025-038209,2,PROD-026,1,14.65,12.39
ORD-2025-038210,1,PROD-012,1,18.5,17.7
ORD-2025-038210,2,PROD-038,2,7.89,14.59
ORD-2025-038211,1,PROD-001,2,12.9,23.67
ORD-2025-038211,2,PROD-034,1,9.01,8.77
ORD-2025-038211,3,PROD-004,2,20.28,35.89
ORD-2025-038211,4,PROD-006,1,32.39,28.55
ORD-2025-038212,1,PROD-001,1,12.9,12.3
ORD-2025-038212,2,PROD-004,2,20.28,37.31
ORD-2025-038213,1,PROD-005,1,20.28,17.24
ORD-2025-038214,1,PROD-005,3,20.28,54.69
ORD-2025-038214,2,PROD-011,1,14.9,11.77
ORD-2025-038214,3,PROD-024,1,8.73,7.55
ORD-2025-038215,1,PROD-004,1,20.28,19.22
ORD-2025-038216,1,PROD-004,3,20.28,55.61
ORD-2025-038216,2,PROD-008,1,9.9,9.49
ORD-2025-038217,1,PROD-058,1,39.44,33.18
ORD-2025-038218,1,PROD-013,1,11.9,11.42
ORD-2025-038219,1,PROD-053,1,53.52,48.91
ORD-2025-038220,1,PROD-001,1,12.9,12.06
ORD-2025-038221,1,PROD-001,3,12.9,30.62
ORD-2025-038222,1,PROD-007,1,17.18,12.76
ORD-2025-038222,2,PROD-031,1,53.52,42.11
ORD-2025-038222,3,PROD-032,2,19.72,32.68
ORD-2025-038222,4,PROD-004,1,20.28,17.33
ORD-2025-038223,1,PROD-041,1,11.83,10.35
ORD-2025-038224,1,PROD-006,1,32.39,30.68
ORD-2025-038225,1,PROD-010,1,38.03,29.93
ORD-2025-038226,1,PROD-039,2,8.17,12.37
ORD-2025-038226,2,PROD-020,1,10.14,5.86
ORD-2025-038227,1,PROD-014,1,9.9,8.52
ORD-2025-038228,1,PROD-003,2,14.37,24.24
ORD-2025-038228,2,PROD-040,2,15.21,26.68
ORD-2025-038229,1,PROD-037,2,9.86,13.74
ORD-2025-038230,1,PROD-004,1,20.28,19.46
ORD-2025-038231,1,PROD-004,3,20.28,41.92
ORD-2025-038232,1,PROD-002,1,11.9,10.36
ORD-2025-038233,1,PROD-016,2,8.9,17.57
ORD-2025-038234,1,PROD-019,1,29.58,26.2
ORD-2025-038234,2,PROD-002,1,11.9,9.92
ORD-2025-038234,3,PROD-032,3,19.72,57.23
ORD-2025-038235,1,PROD-007,1,17.18,15.35
ORD-2025-038236,1,PROD-010,1,38.03,35.93
ORD-2025-038236,2,PROD-005,3,20.28,52.05
ORD-2025-038237,1,PROD-013,1,11.9,11.1
ORD-2025-038238,1,PROD-034,1,9.01,7.65
ORD-2025-038239,1,PROD-017,1,12.5,9.47
ORD-2025-038240,1,PROD-006,1,32.39,30.69
ORD-2025-038240,2,PROD-003,2,14.37,26.08
ORD-2025-038240,3,PROD-002,2,11.9,20.78
ORD-2025-038241,1,PROD-004,3,20.28,57.08
ORD-2025-038242,1,PROD-002,2,11.9,21.51
ORD-2025-038242,2,PROD-035,2,10.14,19.64
ORD-2025-038242,3,PROD-007,1,17.18,16.21
ORD-2025-038243,1,PROD-003,1,14.37,12.07
ORD-2025-038243,2,PROD-039,1,8.17,7.71
ORD-2025-038243,3,PROD-041,1,11.83,11.35
ORD-2025-038244,1,PROD-021,1,15.49,13.38
ORD-2025-038244,2,PROD-044,2,40.85,68.16
ORD-2025-038244,3,PROD-003,1,14.37,10.19
ORD-2025-038245,1,PROD-003,2,14.37,27.52
ORD-2025-038246,1,PROD-002,1,11.9,10.38
ORD-2025-038247,1,PROD-005,2,20.28,33.03
ORD-2025-038247,2,PROD-007,2,17.18,27.38
ORD-2025-038247,3,PROD-002,1,11.9,11.84
ORD-2025-038248,1,PROD-027,1,21.13,20.3
ORD-2025-038248,2,PROD-037,1,9.86,9.17
ORD-2025-038249,1,PROD-034,1,9.01,8.67
ORD-2025-038249,2,PROD-001,2,12.9,25.5
ORD-2025-038249,3,PROD-002,3,11.9,35.55
ORD-2025-038249,4,PROD-037,3,9.86,26.17
ORD-2025-038250,1,PROD-005,1,20.28,18.01
ORD-2025-038250,2,PROD-034,1,9.01,6.74
ORD-2025-038250,3,PROD-032,2,19.72,33.22
ORD-2025-038251,1,PROD-020,1,10.14,9.84
ORD-2025-038251,2,PROD-053,1,53.52,51.96
ORD-2025-038251,3,PROD-005,1,20.28,20.11
ORD-2025-038252,1,PROD-025,1,21.97,19.49
ORD-2025-038252,2,PROD-004,3,20.28,38.45
ORD-2025-038253,1,PROD-024,1,8.73,8.23
ORD-2025-038254,1,PROD-005,1,20.28,20.02
ORD-2025-038254,2,PROD-001,1,12.9,12.75
ORD-2025-038254,3,PROD-004,2,20.28,39.06
ORD-2025-038254,4,PROD-007,2,17.18,31.57
ORD-2025-038255,1,PROD-006,1,32.39,31.15
ORD-2025-038255,2,PROD-002,1,11.9,11.45
ORD-2025-038256,1,PROD-020,1,10.14,9.33
ORD-2025-038257,1,PROD-005,1,20.28,18.62
ORD-2025-038257,2,PROD-028,1,17.18,15.58
ORD-2025-038257,3,PROD-003,1,14.37,
ORD-2025-038257,4,PROD-020,2,10.14,19.22
ORD-2025-038258,1,PROD-004,1,20.28,17.67
ORD-2025-038259,1,PROD-032,2,19.72,38.13
ORD-2025-038259,2,PROD-031,2,53.52,105.63
ORD-2025-038260,1,PROD-014,2,9.9,15.25
ORD-2025-038260,2,PROD-042,1,73.24,60.75
ORD-2025-038261,1,PROD-035,1,10.14,9.4
ORD-2025-038261,2,PROD-032,1,19.72,17.6
ORD-2025-038262,1,PROD-021,1,15.49,14.68
ORD-2025-038262,2,PROD-017,1,12.5,11.52
ORD-2025-038262,3,PROD-004,2,20.28,38.97
ORD-2025-038263,1,PROD-001,1,12.9,11.06
ORD-2025-038264,1,PROD-017,2,12.5,24.28
ORD-2025-038264,2,PROD-005,1,20.28,17.44
ORD-2025-038265,1,PROD-011,1,14.9,11.16
ORD-2025-038265,2,PROD-037,1,9.86,8.79
ORD-2025-038266,1,PROD-052,1,46.48,22.91
ORD-2025-038267,1,PROD-060,1,42.25,37.26
ORD-2025-038268,1,PROD-021,2,15.49,30.31
ORD-2025-038268,2,PROD-015,1,26.76,26.63
ORD-2025-038268,3,PROD-013,1,11.9,9.09
ORD-2025-038269,1,PROD-016,3,8.9,13.64
ORD-2025-038270,1,PROD-001,3,12.9,35.46
ORD-2025-038270,2,PROD-028,1,17.18,16.7
ORD-2025-038271,1,PROD-023,2,7.89,12.2
ORD-2025-038272,1,PROD-001,1,12.9,12.46
ORD-2025-038273,1,PROD-028,1,17.18,9.88
ORD-2025-038274,1,PROD-002,2,11.9,19.23
ORD-2025-038275,1,PROD-023,1,7.89,6.76
ORD-2025-038276,1,PROD-052,1,46.48,44.57
ORD-2025-038277,1,PROD-040,1,15.21,13.04
ORD-2025-038277,2,PROD-004,1,20.28,18.99
ORD-2025-038278,1,PROD-005,2,20.28,39.31
ORD-2025-038279,1,PROD-008,2,9.9,19.36
ORD-2025-038280,1,PROD-005,3,20.28,54.43
ORD-2025-038281,1,PROD-032,1,19.72,16.65
ORD-2025-038282,1,PROD-054,1,59.15,51.98
ORD-2025-038282,2,PROD-004,1,20.28,18.44
ORD-2025-038283,1,PROD-010,1,38.03,32.61
ORD-2025-038284,1,PROD-005,1,20.28,19.25
ORD-2025-038284,2,PROD-047,1,108.45,89.04
ORD-2025-038285,1,PROD-046,1,259.15,204.86
ORD-2025-038286,1,PROD-010,3,38.03,98.78
ORD-2025-038286,2,PROD-036,1,11.55,10.47
ORD-2025-038287,1,PROD-052,1,46.48,41.58
ORD-2025-038288,1,PROD-004,1,20.28,16.56
ORD-2025-038288,2,PROD-012,2,18.5,25.54
ORD-2025-038288,3,PROD-014,2,9.9,16.69
ORD-2025-038289,1,PROD-001,1,12.9,11.83
ORD-2025-038290,1,PROD-030,1,49.3,46.39
ORD-2025-038290,2,PROD-034,1,9.01,8.26
ORD-2025-038291,1,PROD-006,1,32.39,28.41
ORD-2025-038292,1,PROD-002,1,11.9,9.1
ORD-2025-038293,1,PROD-004,2,20.28,37.43
ORD-2025-038294,1,PROD-002,2,11.9,16.86
ORD-2025-038295,1,PROD-013,1,11.9,10.83
ORD-2025-038295,2,PROD-006,1,32.39,30.42
ORD-2025-038296,1,PROD-007,1,17.18,16.24
ORD-2025-038297,1,PROD-003,2,14.37,14.5
ORD-2025-038298,1,PROD-001,1,12.9,12.38
ORD-2025-038298,2,PROD-020,1,10.14,9.99
ORD-2025-038298,3,PROD-023,1,7.89,7.35
ORD-2025-038299,1,PROD-004,2,20.28,35.82
ORD-2025-038300,1,PROD-028,1,17.18,16.19
ORD-2025-038301,1,PROD-023,1,7.89,7.21
ORD-2025-038302,1,PROD-002,1,11.9,11.06
ORD-2025-038302,2,PROD-007,2,17.18,31.22
ORD-2025-038303,1,PROD-034,1,9.01,8.76
ORD-2025-038303,2,PROD-050,1,61.97,61.21
ORD-2025-038304,1,PROD-001,3,12.9,33.63
ORD-2025-038305,1,PROD-004,1,20.28,17.6
ORD-2025-038306,1,PROD-001,1,12.9,11.67
ORD-2025-038307,1,PROD-034,2,9.01,17.9
ORD-2025-038307,2,PROD-014,1,9.9,9.37
ORD-2025-038308,1,PROD-048,1,55.77,54.57
ORD-2025-038308,2,PROD-012,1,18.5,18.18
ORD-2025-038309,1,PROD-041,3,11.83,31.71
ORD-2025-038309,2,PROD-007,1,17.18,15.31
ORD-2025-038310,1,PROD-022,1,9.01,7.2
ORD-2025-038311,1,PROD-002,2,11.9,21.88
ORD-2025-038312,1,PROD-040,1,15.21,8.78
ORD-2025-038312,2,PROD-034,3,9.01,22.93
ORD-2025-038313,1,PROD-005,1,20.28,19.28
ORD-2025-038314,1,PROD-030,2,49.3,91.9
ORD-2025-038315,1,PROD-038,1,7.89,4.26
ORD-2025-038315,2,PROD-034,4,9.01,23.49
ORD-2025-038316,1,PROD-038,1,7.89,7.66
ORD-2025-038316,2,PROD-041,1,11.83,9.99
ORD-2025-038316,3,PROD-015,1,26.76,24.07
ORD-2025-038317,1,PROD-027,1,21.13,17.64
ORD-2025-038318,1,PROD-006,1,32.39,28.65
ORD-2025-038318,2,PROD-015,2,26.76,49.54
ORD-2025-038319,1,PROD-002,1,11.9,8.21
ORD-2025-038319,2,PROD-003,1,14.37,11.4
ORD-2025-038320,1,PROD-029,1,24.79,19.66
ORD-2025-038321,1,PROD-026,1,14.65,14.45
 ORD-2025-038321 ,2,PROD-007,2,17.18,31.48
ORD-2025-038321,3,PROD-027,1,21.13,19.91
ORD-2025-038322,1,PROD-014,1,9.9,8.21
ORD-2025-038323,1,PROD-005,2,20.28,38.67
ORD-2025-038324,1,PROD-010,1,38.03,34.06
ORD-2025-038324,2,PROD-035,1,10.14,8.67
ORD-2025-038324,3,PROD-037,3,9.86,25.5
ORD-2025-038324,4,PROD-005,1,20.28,17.55
ORD-2025-038324,5,PROD-026,1,14.65,11.9
ORD-2025-038325,1,PROD-006,1,32.39,30.95
ORD-2025-038325,2,PROD-038,1,7.89,7.63
ORD-2025-038326,1,PROD-005,1,20.28,19.33
ORD-2025-038326,2,PROD-032,2,19.72,36.9
ORD-2025-038327,1,PROD-026,1,14.65,14.21
ORD-2025-038328,1,PROD-007,1,17.18,16.55
ORD-2025-038329,1,PROD-034,1,9.01,8.57
ORD-2025-038330,1,PROD-028,2,17.18,33.26
ORD-2025-038331,1,PROD-013,2,11.9,22.37
ORD-2025-038332,1,PROD-005,1,20.28,19.95
ORD-2025-038333,1,PROD-006,1,32.39,28.25
ORD-2025-038334,1,PROD-005,1,20.28,12.31
ORD-2025-038335,1,PROD-038,1,7.89,6.62
ORD-2025-038335,2,PROD-040,2,15.21,27.41
ORD-2025-038336,1,PROD-040,4,15.21,55.99
ORD-2025-038337,1,PROD-029,1,24.79,24.2
ORD-2025-038338,1,PROD-002,1,11.9,10.98
ORD-2025-038339,1,PROD-005,1,20.28,20.11
ORD-2025-038339,2,PROD-016,2,8.9,17.63
ORD-2025-038340,1,PROD-012,2,18.5,36.63
ORD-2025-038341,1,PROD-004,1,20.28,15.75
ORD-2025-038341,2,PROD-044,1,40.85,35.38
ORD-2025-038342,1,PROD-049,1,80.28,79.63
ORD-2025-038343,1,PROD-011,1,14.9,14.16
ORD-2025-038344,1,PROD-002,2,11.9,22.6
ORD-2025-038344,2,PROD-007,1,17.18,16.41
ORD-2025-038344,3,PROD-035,2,10.14,19.55
ORD-2025-038345,1,PROD-004,3,20.28,57.46
ORD-2025-038345,2,PROD-003,1,14.37,13.61
ORD-2025-038345,3,PROD-026,1,14.65,13.97
ORD-2025-038346,1,PROD-001,1,12.9,10.64
ORD-2025-038347,1,PROD-016,2,8.9,16.5
ORD-2025-038347,2,PROD-032,1,19.72,19.17
ORD-2025-038347,3,PROD-013,3,11.9,34.64
ORD-2025-038348,1,PROD-016,1,8.9,7.88
ORD-2025-038349,1,PROD-007,1,17.18,16.45
ORD-2025-038349,2,PROD-038,1,7.89,7.76
ORD-2025-038349,3,PROD-005,3,20.28,57.85
ORD-2025-038350,1,PROD-013,1,11.9,8.71
ORD-2025-038350,2,PROD-058,1,39.44,30.53
ORD-2025-038351,1,PROD-041,1,11.83,10.64
ORD-2025-038352,1,PROD-001,2,12.9,24.55
ORD-2025-038353,1,PROD-022,1,9.01,8.47
ORD-2025-038354,1,PROD-002,1,11.9,10.93
ORD-2025-038355,1,PROD-031,2,53.52,101.78
ORD-2025-038356,1,PROD-016,1,8.9,7.68
ORD-2025-038357,1,PROD-005,2,20.28,39.33
ORD-2025-038358,1,PROD-006,3,32.39,74.95
ORD-2025-038359,1,PROD-011,1,14.9,11.13
ORD-2025-038360,1,PROD-049,1,80.28,69.55
ORD-2025-038360,2,PROD-005,2,20.28,33.66
ORD-2025-038361,1,PROD-003,1,14.37,13.29
ORD-2025-038362,1,PROD-002,3,11.9,26.6
ORD-2025-038362,2,PROD-005,1,20.28,14.67
ORD-2025-038363,1,PROD-006,1,32.39,30.65
ORD-2025-038364,1,PROD-054,1,59.15,53.31
ORD-2025-038365,1,PROD-041,1,11.83,9.65
ORD-2025-038366,1,PROD-012,2,18.5,35.65
ORD-2025-038367,1,PROD-017,1,12.5,11.72
ORD-2025-038367,2,PROD-007,2,17.18,30.99
ORD-2025-038368,1,PROD-001,2,12.9,23.48
ORD-2025-038369,1,PROD-047,1,108.45,98.51
ORD-2025-038370,1,PROD-002,2,11.9,21.37
ORD-2025-038371,1,PROD-032,1,19.72,18.92
ORD-2025-038371,2,PROD-021,1,15.49,13.84
ORD-2025-038372,1,PROD-001,1,12.9,10.9
ORD-2025-038372,2,PROD-003,1,14.37,13.91
ORD-2025-038373,1,PROD-027,1,21.13,19.05
ORD-2025-038374,1,PROD-005,1,20.28,18.51
ORD-2025-038374,2,PROD-029,1,24.79,23.07
ORD-2025-038374,3,PROD-050,1,61.97,60.2
ORD-2025-038375,1,PROD-006,1,32.39,29.43
ORD-2025-038376,1,PROD-027,1,21.13,18.16
ORD-2025-038377,1,PROD-001,2,12.9,17.96
ORD-2025-038378,1,PROD-044,1,40.85,40.29
ORD-2025-038379,1,PROD-001,1,12.9,11.63
ORD-2025-038379,2,PROD-007,1,17.18,16.41
ORD-2025-038379,3,PROD-040,2,15.21,29.92
ORD-2025-038379,4,PROD-010,1,38.03,35.04
ORD-2025-038380,1,PROD-010,2,38.03,48.52
ORD-2025-038381,1,PROD-022,1,9.01,8.07
ORD-2025-038382,1,PROD-032,3,19.72,55.6
ORD-2025-038382,2,PROD-034,1,9.01,8.47
ORD-2025-038383,1,PROD-013,1,11.9,11.65
ORD-2025-038383,2,PROD-029,1,24.79,23.02
ORD-2025-038384,1,PROD-038,2,7.89,14.31
ORD-2025-038385,1,PROD-023,1,7.89,7.67
ORD-2025-038385,2,PROD-032,3,19.72,48.32
ORD-2025-038386,1,PROD-036,1,11.55,9.78
ORD-2025-038386,2,PROD-013,1,11.9,10.14
ORD-2025-038386,3,PROD-034,3,9.01,21.61
ORD-2025-038387,1,PROD-024,1,8.73,7.23
ORD-2025-038388,1,PROD-003,1,14.37,12.97
ORD-2025-038389,1,PROD-005,1,20.28,18.92
ORD-2025-038389,2,PROD-027,1,21.13,20.57
ORD-2025-038389,3,PROD-036,2,11.55,19.43
ORD-2025-038390,1,PROD-002,1,11.9,10.26
ORD-2025-038391,1,PROD-044,1,40.85,38.24
ORD-2025-038391,2,PROD-011,1,14.9,11.36
ORD-2025-038392,1,PROD-003,1,14.37,11.95
ORD-2025-038393,1,PROD-004,2,20.28,36.09
ORD-2025-038394,1,PROD-041,4,11.83,43.27
ORD-2025-038395,1,PROD-007,1,17.18,16.86
ORD-2025-038396,1,PROD-040,2,15.21,28.56
ORD-2025-038396,2,PROD-006,1,32.39,31.92
ORD-2025-038397,1,PROD-005,1,20.28,19.82
ORD-2025-038397,2,PROD-007,3,17.18,49.7
ORD-2025-038398,1,PROD-026,1,14.65,13.87
ORD-2025-038398,2,PROD-004,2,20.28,37.4
ORD-2025-038398,3,PROD-005,1,20.28,19.2
ORD-2025-038399,1,PROD-014,3,9.9,29.31
ORD-2025-038399,2,PROD-001,1,12.9,12.8
ORD-2025-038399,3,PROD-035,1,10.14,9.69
ORD-2025-038399,4,PROD-032,2,19.72,38.29
ORD-2025-038400,1,PROD-014,1,9.9,9.7
ORD-2025-038401,1,PROD-006,1,32.39,25.97
ORD-2025-038401,2,PROD-040,3,15.21,35.18
ORD-2025-038402,1,PROD-002,1,11.9,10.82
ORD-2025-038402,2,PROD-039,2,8.17,14.94
ORD-2025-038402,3,PROD-033,3,52.11,136.55
ORD-2025-038403,1,PROD-002,3,11.9,28.41
ORD-2025-038403,2,PROD-013,1,11.9,11.05
ORD-2025-038404,1,PROD-034,2,9.01,17.72
ORD-2025-038404,2,PROD-006,1,32.39,31.33
ORD-2025-038405,1,PROD-004,2,20.28,34.86
ORD-2025-038406,1,PROD-001,2,12.9,23.18
ORD-2025-038407,1,PROD-006,1,32.39,28.24
ORD-2025-038408,1,PROD-005,1,20.28,18.77
ORD-2025-038409,1,PROD-005,3,20.28,56.12
ORD-2025-038410,1,PROD-038,1,7.89,7.46
ORD-2025-038411,1,PROD-049,1,80.28,72.85
ORD-2025-038411,2,PROD-034,2,9.01,17.43
ORD-2025-038412,1,PROD-028,1,17.18,9.56
ORD-2025-038412,2,PROD-003,1,14.37,12.46
ORD-2025-038412,3,PROD-004,1,20.28,19.55
ORD-2025-038413,1,PROD-032,1,19.72,17.3
ORD-2025-038413,2,PROD-040,2,15.21,29.29
ORD-2025-038414,1,PROD-008,2,9.9,19.56
ORD-2025-038414,2,PROD-037,2,9.86,19.55
ORD-2025-038415,1,PROD-035,1,10.14,9.84
ORD-2025-038416,1,PROD-008,2,9.9,19.55
ORD-2025-038416,2,PROD-011,2,14.9,26.07
ORD-2025-038417,1,PROD-011,1,14.9,14.53
ORD-2025-038418,1,PROD-005,1,20.28,11.39
ORD-2025-038419,1,PROD-010,1,38.03,36.16
ORD-2025-038420,1,PROD-036,1,11.55,11.51
ORD-2025-038420,2,PROD-034,2,9.01,16.75
ORD-2025-038420,3,PROD-004,2,20.28,37.45
ORD-2025-038420,4,PROD-001,2,12.9,24.62
ORD-2025-038421,1,PROD-025,1,21.97,18.8
ORD-2025-038421,2,PROD-034,1,9.01,8.11
ORD-2025-038421,3,PROD-032,2,19.72,38.2
ORD-2025-038422,1,PROD-022,1,9.01,8.22
ORD-2025-038423,1,PROD-004,1,20.28,19.56
ORD-2025-038423,2,PROD-011,2,14.9,29.1
ORD-2025-038423,3,PROD-020,2,10.14,19.66
ORD-2025-038424,1,PROD-004,1,20.28,20.2
ORD-2025-038425,1,PROD-040,4,15.21,57.81
ORD-2025-038426,1,PROD-023,1,7.89,7.74
ORD-2025-038426,2,PROD-051,1,36.06,33.67
ORD-2025-038426,3,PROD-014,1,9.9,8.58
ORD-2025-038426,4,PROD-029,1,24.79,24.04
ORD-2025-038427,1,PROD-005,3,20.28,57.26
ORD-2025-038427,2,PROD-048,1,55.77,49.55
ORD-2025-038428,1,PROD-002,1,11.9,11.49
ORD-2025-038429,1,PROD-013,1,11.9,10.72
ORD-2025-038429,2,PROD-001,1,12.9,10.82
ORD-2025-038430,1,PROD-001,1,12.9,10.81
ORD-2025-038431,1,PROD-036,1,11.55,10.1
ORD-2025-038432,1,PROD-004,2,20.28,32.71
ORD-2025-038432,2,PROD-033,2,52.11,90.29
ORD-2025-038433,1,PROD-024,1,8.73,7.91
ORD-2025-038433,2,PROD-006,1,32.39,30.62
ORD-2025-038433,3,PROD-005,1,20.28,18.48
ORD-2025-038434,1,PROD-020,1,10.14,9.98
ORD-2025-038435,1,PROD-040,2,15.21,29.88
ORD-2025-038436,1,PROD-007,2,17.18,33.52
ORD-2025-038436,2,PROD-008,2,9.9,19.47
ORD-2025-038437,1,PROD-040,2,15.21,29.76
ORD-2025-038438,1,PROD-001,1,12.9,11.16
ORD-2025-038438,2,PROD-039,2,8.17,13.88
ORD-2025-038439,1,PROD-015,1,26.76,25.24
ORD-2025-038439,2,PROD-021,1,15.49,14.82
ORD-2025-038439,3,PROD-038,2,7.89,14.67
ORD-2025-038440,1,PROD-030,1,49.3,48.69
ORD-2025-038440,2,PROD-028,1,17.18,15.51
ORD-2025-038441,1,PROD-005,1,20.28,11.77
ORD-2025-038441,2,PROD-004,1,20.28,19.41
ORD-2025-038442,1,PROD-015,1,26.76,23.56
ORD-2025-038443,1,PROD-040,3,15.21,43.89
ORD-2025-038443,2,PROD-020,2,10.14,17.73
ORD-2025-038444,1,PROD-001,2,12.9,22.5
ORD-2025-038445,1,PROD-015,1,26.76,23.64
ORD-2025-038446,1,PROD-035,4,10.14,33.79
ORD-2025-038447,1,PROD-001,2,12.9,23.62
ORD-2025-038448,1,PROD-016,1,8.9,8.8
ORD-2025-038449,1,PROD-005,1,20.28,16.32
ORD-2025-038449,2,PROD-026,2,14.65,23.86
ORD-2025-038449,3,PROD-034,3,9.01,21.58
ORD-2025-038449,4,PROD-012,1,18.5,15.68
ORD-2025-038449,5,PROD-053,1,53.52,44.73
ORD-2025-038450,1,PROD-037,2,9.86,19.49
ORD-2025-038451,1,PROD-053,1,53.52,42.64
ORD-2025-038452,1,PROD-002,3,11.9,32.29
ORD-2025-038452,2,PROD-044,2,40.85,71.56
ORD-2025-038453,1,PROD-021,1,15.49,14.48
ORD-2025-038453,2,PROD-027,1,21.13,17.23
ORD-2025-038453,3,PROD-035,1,10.14,9.35
ORD-2025-038454,1,PROD-002,1,11.9,10.38
ORD-2025-038455,1,PROD-049,1,80.28,76.9
ORD-2025-038456,1,PROD-039,1,8.17,7.63
ORD-2025-038457,1,PROD-050,1,61.97,58.08
ORD-2025-038458,1,PROD-002,1,11.9,10.22
ORD-2025-038458,2,PROD-041,1,11.83,10.57
ORD-2025-038458,3,PROD-003,3,14.37,40.49
ORD-2025-038458,4,PROD-008,1,9.9,9.18
ORD-2025-038459,1,PROD-001,2,12.9,16.36
ORD-2025-038459,2,PROD-006,1,32.39,29.54
ORD-2025-038459,3,PROD-005,2,20.28,35.27
ORD-2025-038460,1,PROD-027,1,21.13,16.26
ORD-2025-038460,2,PROD-024,2,8.73,15.24
ORD-2025-038460,3,PROD-029,1,24.79,17.64
ORD-2025-038461,1,PROD-029,1,24.79,23.59
ORD-2025-038462,1,PROD-055,1,74.65,70.25
ORD-2025-038463,1,PROD-029,1,24.79,19.31
ORD-2025-038464,1,PROD-005,3,20.28,58.77
ORD-2025-038465,1,PROD-005,1,20.28,17.29
ORD-2025-038465,2,PROD-035,2,10.14,18.64
ORD-2025-038465,3,PROD-003,2,14.37,21.19
ORD-2025-038466,1,PROD-037,1,9.86,8.29
ORD-2025-038466,2,PROD-005,1,20.28,19.35
ORD-2025-038467,1,PROD-003,2,14.37,26.53
ORD-2025-038468,1,PROD-002,1,11.9,10.89
ORD-2025-038468,2,PROD-008,1,9.9,8.64
ORD-2025-038469,1,PROD-003,2,14.37,28.68
ORD-2025-038469,2,PROD-040,3,15.21,43.15
ORD-2025-038469,3,PROD-025,2,21.97,40.62
ORD-2025-038470,1,PROD-007,1,17.18,16.5
ORD-2025-038471,1,PROD-040,2,15.21,28.31
ORD-2025-038471,2,PROD-034,2,9.01,14.4
ORD-2025-038472,1,PROD-019,3,29.58,77.34
ORD-2025-038472,2,PROD-002,1,11.9,11.07
ORD-2025-038472,3,PROD-047,1,108.45,91.09
ORD-2025-038473,1,PROD-001,2,12.9,19.01
ORD-2025-038473,2,PROD-004,3,20.28,50.8
ORD-2025-038473,3,PROD-005,2,20.28,36.64
ORD-2025-038474,1,PROD-004,1,20.28,18.92
ORD-2025-038475,1,PROD-034,3,9.01,26.87
ORD-2025-038476,1,PROD-008,3,9.9,27.35
ORD-2025-038477,1,PROD-001,2,12.9,23.72
ORD-2025-038477,2,PROD-002,1,11.9,11.49
ORD-2025-038478,1,PROD-052,1,46.48,44.79
ORD-2025-038478,2,PROD-008,2,9.9,13.9
ORD-2025-038479,1,PROD-006,1,32.39,30.61
ORD-2025-038480,1,PROD-006,2,32.39,51.77
ORD-2025-038481,1,PROD-004,2,20.28,28.36
ORD-2025-038481,2,PROD-037,1,9.86,7.4
ORD-2025-038481,3,PROD-015,1,26.76,21.97
ORD-2025-038482,1,PROD-003,1,14.37,12.71
ORD-2025-038483,1,PROD-002,1,11.9,10.57
ORD-2025-038483,2,PROD-017,1,12.5,11.79
ORD-2025-038484,1,PROD-036,2,11.55,22.92
ORD-2025-038484,2,PROD-012,2,18.5,32.19
ORD-2025-038485,1,PROD-027,1,21.13,19.89
ORD-2025-038485,2,PROD-016,1,8.9,8.69
ORD-2025-038486,1,PROD-024,1,8.73,7.65
ORD-2025-038486,2,PROD-041,2,11.83,19.49
ORD-2025-038487,1,PROD-006,1,32.39,31.26
ORD-2025-038487,2,PROD-002,1,11.9,11.73
ORD-2025-038487,3,PROD-035,2,10.14,17.48
ORD-2025-038488,1,PROD-032,1,19.72,13.46
ORD-2025-038489,1,PROD-055,1,74.65,71.45
ORD-2025-038490,1,PROD-037,2,9.86,12.95
ORD-2025-038490,2,PROD-001,2,12.9,20.19
ORD-2025-038490,3,PROD-029,1,24.79,19.41
ORD-2025-038490,4,PROD-005,1,20.28,16.35
ORD-2025-038490,5,PROD-007,1,17.18,16.49
ORD-2025-038491,1,PROD-007,1,17.18,12.71
ORD-2025-038492,1,PROD-004,2,20.28,30.16
ORD-2025-038493,1,PROD-036,3,11.55,33.35
ORD-2025-038494,1,PROD-020,2,10.14,17.64
ORD-2025-038495,1,PROD-004,1,20.28,19.09
ORD-2025-038496,1,PROD-059,1,52.11,46.62
ORD-2025-038497,1,PROD-052,1,46.48,36.28
ORD-2025-038498,1,PROD-029,1,24.79,24.52
ORD-2025-038499,1,PROD-024,2,8.73,15.86
ORD-2025-038500,1,PROD-010,2,38.03,65.28
ORD-2025-038501,1,PROD-003,1,14.37,11.97
ORD-2025-038501,2,PROD-023,1,7.89,5.8
ORD-2025-038502,1,PROD-005,2,20.28,39.63
ORD-2025-038502,2,PROD-003,1,14.37,14.3
ORD-2025-038502,3,PROD-002,2,11.9,22.85
ORD-2025-038503,1,PROD-020,1,10.14,9.45
ORD-2025-038504,1,PROD-003,3,14.37,36.04
ORD-2025-038505,1,PROD-053,1,53.52,44.22
ORD-2025-038505,2,PROD-010,1,38.03,33.99
ORD-2025-038506,1,PROD-028,1,17.18,14.19
ORD-2025-038506,2,PROD-039,2,8.17,12.52
ORD-2025-038507,1,PROD-052,2,46.48,65.23
ORD-2025-038507,2,PROD-049,1,80.28,68.57
ORD-2025-038508,1,PROD-053,1,53.52,52.33
ORD-2025-038508,2,PROD-007,3,17.18,50.3
ORD-2025-038509,1,PROD-006,1,32.39,29.49
ORD-2025-038510,1,PROD-011,2,14.9,27.59
ORD-2025-038510,2,PROD-052,1,46.48,40.16
ORD-2025-038510,3,PROD-005,1,20.28,16.69
ORD-2025-038510,4,PROD-001,2,12.9,24.42
ORD-2025-038511,1,PROD-004,1,20.28,19.55
ORD-2025-038511,2,PROD-001,2,12.9,21.24
ORD-2025-038512,1,PROD-030,1,49.3,48.45
ORD-2025-038512,2,PROD-005,2,20.28,30.41
ORD-2025-038512,3,PROD-006,2,32.39,50.86
ORD-2025-038512,4,PROD-033,3,52.11,147.34
ORD-2025-038513,1,PROD-005,2,20.28,36.97
ORD-2025-038514,1,PROD-001,2,12.9,24.2
ORD-2025-038515,1,PROD-003,1,14.37,14.28
ORD-2025-038516,1,PROD-005,1,20.28,16.66
ORD-2025-038517,1,PROD-003,1,14.37,12.75
ORD-2025-038517,2,PROD-004,1,20.28,17.94
ORD-2025-038517,3,PROD-002,1,11.9,10.79
ORD-2025-038517,4,PROD-025,1,21.97,21.09
ORD-2025-038517,5,PROD-034,1,9.01,8.23
ORD-2025-038518,1,PROD-003,1,14.37,13.94
ORD-2025-038519,1,PROD-022,1,9.01,8.7
ORD-2025-038519,2,PROD-010,1,38.03,37.73
ORD-2025-038520,1,PROD-005,1,20.28,18.12
ORD-2025-038520,2,PROD-002,1,11.9,10.15
ORD-2025-038520,3,PROD-004,2,20.28,37.99
ORD-2025-038521,1,PROD-005,2,20.28,39.96
ORD-2025-038521,2,PROD-020,1,10.14,8.49
ORD-2025-038522,1,PROD-001,3,12.9,29.08
ORD-2025-038523,1,PROD-006,2,32.39,59.46
ORD-2025-038523,2,PROD-003,2,14.37,27.97
ORD-2025-038524,1,PROD-005,2,20.28,27.93
ORD-2025-038524,2,PROD-032,1,19.72,14.87
ORD-2025-038524,3,PROD-051,1,36.06,31.96
ORD-2025-038524,4,PROD-036,1,11.55,9.94
ORD-2025-038525,1,PROD-027,1,21.13,19.63
ORD-2025-038525,2,PROD-024,1,8.73,8.1
ORD-2025-038525,3,PROD-028,2,17.18,29.02
ORD-2025-038525,4,PROD-006,1,32.39,27.87
ORD-2025-038525,5,PROD-004,1,20.28,18.72
ORD-2025-038526,1,PROD-008,2,9.9,18.38
ORD-2025-038527,1,PROD-001,3,12.9,35.08
ORD-2025-038527,2,PROD-053,1,53.52,45.15
ORD-2025-038527,3,PROD-004,1,20.28,19.24
ORD-2025-038528,1,PROD-003,1,14.37,13.79
ORD-2025-038529,1,PROD-026,1,14.65,6.59
ORD-2025-038530,1,PROD-003,1,14.37,13.43
ORD-2025-038531,1,PROD-027,1,21.13,20.04
ORD-2025-038532,1,PROD-006,1,32.39,30.09
ORD-2025-038533,1,PROD-021,1,15.49,14.59
ORD-2025-038534,1,PROD-004,1,20.28,18.89
ORD-2025-038534,2,PROD-006,1,32.39,30.97
ORD-2025-038535,1,PROD-001,1,12.9,12.03
ORD-2025-038535,2,PROD-005,1,20.28,19.42
ORD-2025-038535,3,PROD-034,2,9.01,14.39
ORD-2025-038536,1,PROD-040,1,15.21,13.94
ORD-2025-038537,1,PROD-006,1,32.39,28.83
ORD-2025-038537,2,PROD-005,2,20.28,31.61
ORD-2025-038537,3,PROD-040,2,15.21,29.15
ORD-2025-038537,4,PROD-034,1,9.01,7.8
ORD-2025-038538,1,PROD-010,1,38.03,35.18
ORD-2025-038538,2,PROD-005,1,20.28,18.81
ORD-2025-038538,3,PROD-016,1,8.9,7.86
ORD-2025-038538,4,PROD-034,1,9.01,7.72
ORD-2025-038539,1,PROD-041,2,11.83,18.82
ORD-2025-038540,1,PROD-027,1,21.13,20.16
ORD-2025-038541,1,PROD-024,1,8.73,8.46
ORD-2025-038541,2,PROD-027,2,21.13,40.19
ORD-2025-038542,1,PROD-005,1,20.28,18.69
ORD-2025-038542,2,PROD-039,2,8.17,12.32
ORD-2025-038543,1,PROD-001,3,12.9,33.22
ORD-2025-038543,2,PROD-042,3,73.24,215.61
ORD-2025-038544,1,PROD-004,2,20.28,37.84
ORD-2025-038544,2,PROD-006,1,32.39,31.05
ORD-2025-038544,3,PROD-036,1,11.55,10.99
ORD-2025-038545,1,PROD-002,3,11.9,31.91
ORD-2025-038545,2,PROD-042,2,73.24,123.26
ORD-2025-038545,3,PROD-012,1,18.5,9.51
ORD-2025-038546,1,PROD-001,2,12.9,20.77
ORD-2025-038547,1,PROD-005,1,20.28,19.28
ORD-2025-038548,1,PROD-004,1,20.28,19.35
ORD-2025-038548,2,PROD-007,2,17.18,29.9
ORD-2025-038549,1,PROD-029,2,24.79,47.09
ORD-2025-038549,2,PROD-030,2,49.3,94.98
ORD-2025-038549,3,PROD-023,2,7.89,15.24
ORD-2025-038550,1,PROD-003,1,14.37,14.08
ORD-2025-038550,2,PROD-032,1,19.72,19.53
ORD-2025-038551,1,PROD-022,1,9.01,8.04
ORD-2025-038552,1,PROD-054,1,59.15,48.97
ORD-2025-038553,1,PROD-006,1,32.39,29.23
ORD-2025-038554,1,PROD-027,1,21.13,18.99
ORD-2025-038555,1,PROD-020,1,10.14,9.03
ORD-2025-038556,1,PROD-005,2,20.28,39.4
ORD-2025-038557,1,PROD-012,2,18.5,31.55
ORD-2025-038557,2,PROD-034,2,9.01,17.03
ORD-2025-038558,1,PROD-047,1,108.45,94.81
ORD-2025-038559,1,PROD-040,3,15.21,44.3
ORD-2025-038560,1,PROD-005,1,20.28,13.7
ORD-2025-038560,2,PROD-034,2,9.01,15.66
ORD-2025-038561,1,PROD-028,2,17.18,32.8
ORD-2025-038562,1,PROD-051,1,36.06,28.93
ORD-2025-038562,2,PROD-022,2,9.01,13.37
ORD-2025-038563,1,PROD-038,4,7.89,22.96
ORD-2025-038563,2,PROD-040,2,15.21,26.07
ORD-2025-038564,1,PROD-005,1,20.28,17.27
ORD-2025-038564,2,PROD-024,1,8.73,8.48
ORD-2025-038564,3,PROD-004,1,20.28,16.94
ORD-2025-038565,1,PROD-006,1,32.39,29.16
ORD-2025-038566,1,PROD-001,1,12.9,11.63
ORD-2025-038566,2,PROD-044,1,40.85,34.13
ORD-2025-038567,1,PROD-004,1,20.28,19.84
ORD-2025-038568,1,PROD-005,2,20.28,36.07
ORD-2025-038568,2,PROD-047,1,108.45,98.34
ORD-2025-038569,1,PROD-047,1,108.45,62.14
ORD-2025-038570,1,PROD-004,1,20.28,19.11
ORD-2025-038570,2,PROD-034,1,9.01,8.31
ORD-2025-038570,3,PROD-003,2,14.37,26.33
ORD-2025-038570,4,PROD-036,2,11.55,16.77
ORD-2025-038571,1,PROD-027,1,21.13,19.57
ORD-2025-038572,1,PROD-040,2,15.21,21.84
ORD-2025-038572,2,PROD-016,1,8.9,7.7
ORD-2025-038572,3,PROD-022,2,9.01,17.32
ORD-2025-038573,1,PROD-005,1,20.28,20.09
ORD-2025-038574,1,PROD-004,1,20.28,19.67
ORD-2025-038575,1,PROD-004,1,20.28,19.51
ORD-2025-038575,2,PROD-037,2,9.86,19.39
ORD-2025-038576,1,PROD-010,1,38.03,37.01
ORD-2025-038576,2,PROD-035,3,10.14,30.19
ORD-2025-038576,3,PROD-006,3,32.39,94.2
ORD-2025-038577,1,PROD-040,4,15.21,48.25
ORD-2025-038577,2,PROD-005,1,20.28,14.9
ORD-2025-038577,3,PROD-006,1,32.39,26.27
ORD-2025-038578,1,PROD-012,3,18.5,46.37
ORD-2025-038579,1,PROD-041,3,11.83,32.73
ORD-2025-038579,2,PROD-038,2,7.89,15.28
ORD-2025-038579,3,PROD-011,1,14.9,14.61
ORD-2025-038580,1,PROD-003,2,14.37,26.86
ORD-2025-038581,1,PROD-001,2,12.9,22.88
ORD-2025-038582,1,PROD-054,1,59.15,55.4
ORD-2025-038582,2,PROD-010,1,38.03,36.47
ORD-2025-038582,3,PROD-027,1,21.13,20.84
ORD-2025-038583,1,PROD-005,1,20.28,17.97
ORD-2025-038584,1,PROD-033,1,52.11,49.22
ORD-2025-038585,1,PROD-005,1,20.28,18.42
ORD-2025-038586,1,PROD-008,2,9.9,17.86
ORD-2025-038587,1,PROD-005,2,20.28,38.08
ORD-2025-038587,2,PROD-052,1,46.48,45.4
ORD-2025-038587,3,PROD-034,1,9.01,8.06
ORD-2025-038588,1,PROD-006,1,32.39,31.72
ORD-2025-038589,1,PROD-005,1,20.28,17.07
ORD-2025-038590,1,PROD-001,2,12.9,23.96
ORD-2025-038590,2,PROD-041,1,11.83,11.42
ORD-2025-038590,3,PROD-031,2,53.52,105.37
ORD-2025-038590,4,PROD-004,1,20.28,20.09
ORD-2025-038591,1,PROD-002,1,11.9,9.73
ORD-2025-038591,2,PROD-038,1,7.89,6.16
ORD-2025-038592,1,PROD-008,1,9.9,8.87
ORD-2025-038592,2,PROD-010,1,38.03,35.24
ORD-2025-038592,3,PROD-049,2,80.28,135.43
ORD-2025-038593,1,PROD-022,1,9.01,7.12
ORD-2025-038594,1,PROD-003,1,14.37,12.79
ORD-2025-038594,2,PROD-012,2,18.5,30.68
ORD-2025-038595,1,PROD-003,1,14.37,12.31
ORD-2025-038595,2,PROD-016,2,8.9,17.13
ORD-2025-038595,3,PROD-034,2,9.01,17.09
ORD-2025-038596,1,PROD-033,1,52.11,49.53
ORD-2025-038597,1,PROD-007,1,17.18,16.55
ORD-2025-038597,2,PROD-003,1,14.37,13.67
ORD-2025-038597,3,PROD-019,1,29.58,28.26
ORD-2025-038597,4,PROD-040,4,15.21,59.31
ORD-2025-038598,1,PROD-001,2,12.9,23.0
ORD-2025-038599,1,PROD-011,1,14.9,12.35
ORD-2025-038600,1,PROD-041,1,11.83,11.64
ORD-2025-038601,1,PROD-005,1,20.28,19.02
ORD-2025-038602,1,PROD-011,1,14.9,14.76
ORD-2025-038603,1,PROD-044,1,40.85,38.95
ORD-2025-038603,2,PROD-016,1,8.9,6.21
ORD-2025-038604,1,PROD-040,1,15.21,12.29
ORD-2025-038605,1,PROD-034,1,9.01,8.37
ORD-2025-038605,2,PROD-007,2,17.18,32.98
ORD-2025-038606,1,PROD-004,1,20.28,19.67
ORD-2025-038607,1,PROD-051,1,36.06,34.25
ORD-2025-038608,1,PROD-002,1,11.9,5.35
ORD-2025-038609,1,PROD-001,1,12.9,10.51
ORD-2025-038609,2,PROD-041,3,11.83,33.53
ORD-2025-038610,1,PROD-003,1,14.37,13.06
ORD-2025-038611,1,PROD-021,2,15.49,30.08
ORD-2025-038611,2,PROD-006,1,32.39,29.13
ORD-2025-038611,3,PROD-026,1,14.65,14.46
ORD-2025-038612,1,PROD-004,1,20.28,16.39
ORD-2025-038613,1,PROD-004,2,20.28,30.99
ORD-2025-038613,2,PROD-034,2,9.01,17.41
ORD-2025-038614,1,PROD-001,2,12.9,20.28
ORD-2025-038615,1,PROD-004,1,20.28,18.04
ORD-2025-038616,1,PROD-010,2,38.03,69.75
ORD-2025-038616,2,PROD-026,1,14.65,12.43
ORD-2025-038617,1,PROD-004,2,20.28,38.99
ORD-2025-038618,1,PROD-015,1,26.76,26.16
ORD-2025-038619,1,PROD-001,1,12.9,11.37
ORD-2025-038620,1,PROD-010,3,38.03,101.33
ORD-2025-038620,2,PROD-035,3,10.14,23.66
ORD-2025-038621,1,PROD-019,2,29.58,47.52
ORD-2025-038622,1,PROD-001,2,12.9,25.59
ORD-2025-038622,2,PROD-035,1,10.14,10.0
ORD-2025-038622,3,PROD-006,1,32.39,32.15
ORD-2025-038622,4,PROD-040,1,15.21,14.99
ORD-2025-038623,1,PROD-022,1,9.01,8.6
ORD-2025-038623,2,PROD-026,1,14.65,14.23
ORD-2025-038624,1,PROD-048,1,55.77,45.72
ORD-2025-038624,2,PROD-003,1,14.37,12.04
ORD-2025-038625,1,PROD-004,2,20.28,39.64
ORD-2025-038625,2,PROD-002,3,11.9,32.34
ORD-2025-038625,3,PROD-006,1,32.39,24.03
ORD-2025-038626,1,PROD-001,2,12.9,25.6
ORD-2025-038626,2,PROD-022,2,9.01,16.45
ORD-2025-038627,1,PROD-016,2,8.9,17.22
ORD-2025-038628,1,PROD-010,1,38.03,36.71
ORD-2025-038629,1,PROD-002,1,11.9,10.96
ORD-2025-038629,2,PROD-037,1,9.86,9.06
ORD-2025-038629,3,PROD-005,1,20.28,18.47
ORD-2025-038629,4,PROD-041,3,11.83,33.16
ORD-2025-038629,5,PROD-039,1,8.17,8.07
ORD-2025-038630,1,PROD-003,1,14.37,13.92
ORD-2025-038631,1,PROD-004,3,20.28,50.83
ORD-2025-038632,1,PROD-034,1,9.01,8.86
ORD-2025-038632,2,PROD-006,3,32.39,90.96
ORD-2025-038633,1,PROD-007,2,17.18,33.22
ORD-2025-038634,1,PROD-002,3,11.9,32.06
ORD-2025-038634,2,PROD-003,1,14.37,12.35
ORD-2025-038635,1,PROD-033,1,52.11,41.91
ORD-2025-038635,2,PROD-034,1,9.01,7.23
ORD-2025-038636,1,PROD-001,3,12.9,36.68
ORD-2025-038637,1,PROD-016,1,8.9,8.43
ORD-2025-038638,1,PROD-040,1,15.21,13.3
ORD-2025-038638,2,PROD-004,1,20.28,18.13
ORD-2025-038638,3,PROD-005,2,20.28,38.44
ORD-2025-038639,1,PROD-005,1,20.28,17.45
ORD-2025-038639,2,PROD-034,1,9.01,6.67
ORD-2025-038639,3,PROD-041,1,11.83,11.32
ORD-2025-038639,4,PROD-006,1,32.39,31.03
ORD-2025-038640,1,PROD-002,1,11.9,9.21
ORD-2025-038640,2,PROD-035,1,10.14,9.1
ORD-2025-038641,1,PROD-005,2,20.28,38.24
ORD-2025-038641,2,PROD-022,1,9.01,8.46
ORD-2025-038641,3,PROD-007,2,17.18,33.23
ORD-2025-038642,1,PROD-045,1,72.68,71.92
ORD-2025-038643,1,PROD-045,1,72.68,69.19
ORD-2025-038644,1,PROD-034,3,9.01,17.88
ORD-2025-038645,1,PROD-004,1,20.28,19.49
ORD-2025-038646,1,PROD-021,1,15.49,14.68
ORD-2025-038646,2,PROD-028,2,17.18,29.82
ORD-2025-038646,3,PROD-008,2,9.9,16.26
ORD-2025-038647,1,PROD-001,1,12.9,11.39
ORD-2025-038647,2,PROD-005,1,20.28,19.87
ORD-2025-038648,1,PROD-006,2,32.39,49.92
ORD-2025-038649,1,PROD-013,3,11.9,30.77
ORD-2025-038650,1,PROD-004,1,20.28,16.13
ORD-2025-038651,1,PROD-001,1,12.9,12.68
ORD-2025-038651,2,PROD-006,1,32.39,30.03
ORD-2025-038652,1,PROD-042,2,73.24,136.7
ORD-2025-038653,1,PROD-005,1,20.28,20.24
ORD-2025-038653,2,PROD-007,2,17.18,32.09
ORD-2025-038653,3,PROD-032,2,19.72,37.16
ORD-2025-038654,1,PROD-006,2,32.39,60.98
ORD-2025-038654,2,PROD-035,1,10.14,9.14
ORD-2025-038655,1,PROD-029,1,24.79,21.32
ORD-2025-038655,2,PROD-001,1,12.9,11.72
ORD-2025-038656,1,PROD-038,1,7.89,6.65
ORD-2025-038657,1,PROD-038,1,7.89,7.34
ORD-2025-038657,2,PROD-035,1,10.14,10.06
ORD-2025-038658,1,PROD-010,1,38.03,37.45
ORD-2025-038658,2,PROD-005,2,20.28,39.77
ORD-2025-038659,1,PROD-042,1,73.24,72.09
ORD-2025-038660,1,PROD-054,1,59.15,57.71
ORD-2025-038661,1,PROD-001,1,12.9,10.51
ORD-2025-038661,2,PROD-059,1,52.11,48.24
ORD-2025-038662,1,PROD-001,1,12.9,12.04
ORD-2025-038663,1,PROD-005,1,20.28,20.04
ORD-2025-038664,1,PROD-005,1,20.28,18.75
ORD-2025-038665,1,PROD-001,1,12.9,12.21
ORD-2025-038666,1,PROD-006,3,32.39,94.69
ORD-2025-038667,1,PROD-006,1,32.39,30.02
ORD-2025-038667,2,PROD-034,2,9.01,17.32
ORD-2025-038667,3,PROD-032,1,19.72,16.74
ORD-2025-038668,1,PROD-005,2,20.28,39.76
ORD-2025-038668,2,PROD-002,2,11.9,11.91
ORD-2025-038669,1,PROD-006,3,32.39,93.23
ORD-2025-038669,2,PROD-005,1,20.28,20.01
ORD-2025-038669,3,PROD-032,1,19.72,18.73
ORD-2025-038670,1,PROD-039,2,8.17,15.83
ORD-2025-038671,1,PROD-035,2,10.14,16.25
ORD-2025-038672,1,PROD-024,1,8.73,5.14
ORD-2025-038672,2,PROD-040,1,15.21,7.38
ORD-2025-038673,1,PROD-002,3,11.9,31.09
ORD-2025-038674,1,PROD-028,1,17.18,8.07
ORD-2025-038675,1,PROD-026,2,14.65,26.46
ORD-2025-038676,1,PROD-006,1,32.39,26.7
ORD-2025-038677,1,PROD-005,1,20.28,20.09
ORD-2025-038677,2,PROD-035,1,10.14,9.74
ORD-2025-038678,1,PROD-020,1,10.14,10.12
ORD-2025-038679,1,PROD-031,1,53.52,51.35
ORD-2025-038679,2,PROD-008,1,9.9,9.65
ORD-2025-038679,3,PROD-004,2,20.28,39.24
ORD-2025-038680,1,PROD-036,3,11.55,33.58
ORD-2025-038680,2,PROD-020,1,10.14,7.48
ORD-2025-038680,3,PROD-001,1,12.9,8.67
ORD-2025-038681,1,PROD-042,2,73.24,117.23
ORD-2025-038681,2,PROD-005,2,20.28,36.78
ORD-2025-038682,1,PROD-003,2,14.37,25.98
ORD-2025-038683,1,PROD-035,2,10.14,19.21
ORD-2025-038684,1,PROD-007,1,17.18,11.6
ORD-2025-038684,2,PROD-054,1,59.15,44.71
ORD-2025-038684,3,PROD-003,1,14.37,10.39
ORD-2025-038685,1,PROD-002,1,11.9,10.86
ORD-2025-038685,2,PROD-007,3,17.18,48.51
ORD-2025-038686,1,PROD-044,1,40.85,39.8
ORD-2025-038687,1,PROD-002,3,11.9,33.7
ORD-2025-038687,2,PROD-001,1,12.9,10.75
ORD-2025-038687,3,PROD-034,2,9.01,15.02
ORD-2025-038688,1,PROD-001,1,12.9,10.89
ORD-2025-038688,2,PROD-007,1,17.18,16.47
ORD-2025-038689,1,PROD-001,3,12.9,37.0
ORD-2025-038690,1,PROD-034,3,9.01,26.75
ORD-2025-038691,1,PROD-001,2,12.9,20.7
ORD-2025-038692,1,PROD-001,1,12.9,10.87
ORD-2025-038693,1,PROD-001,2,12.9,24.27
ORD-2025-038694,1,PROD-040,2,15.21,27.69
ORD-2025-038695,1,PROD-044,1,40.85,28.51
ORD-2025-038696,1,PROD-029,1,24.79,23.13
ORD-2025-038696,2,PROD-026,1,14.65,13.16
ORD-2025-038697,1,PROD-023,1,7.89,6.48
ORD-2025-038698,1,PROD-002,3,11.9,33.42
ORD-2025-038699,1,PROD-003,2,14.37,28.07
ORD-2025-038700,1,PROD-034,3,9.01,26.78
ORD-2025-038701,1,PROD-013,1,11.9,10.41
ORD-2025-038702,1,PROD-025,2,21.97,31.58
ORD-2025-038703,1,PROD-011,1,14.9,14.21
ORD-2025-038704,1,PROD-028,1,17.18,14.54
ORD-2025-038705,1,PROD-044,1,40.85,40.03
ORD-2025-038706,1,PROD-056,1,101.41,96.52
ORD-2025-038707,1,PROD-003,1,14.37,13.04
ORD-2025-038708,1,PROD-020,1,10.14,8.28
ORD-2025-038709,1,PROD-004,1,20.28,18.43
ORD-2025-038710,1,PROD-036,2,11.55,22.41
ORD-2025-038711,1,PROD-005,2,20.28,39.4
ORD-2025-038712,1,PROD-007,2,17.18,26.45
ORD-2025-038712,2,PROD-034,2,9.01,16.24
ORD-2025-038713,1,PROD-005,2,20.28,34.97
ORD-2025-038714,1,PROD-005,2,20.28,39.03
ORD-2025-038715,1,PROD-026,1,14.65,14.38
ORD-2025-038716,1,PROD-006,1,32.39,30.66
ORD-2025-038716,2,PROD-007,2,17.18,30.9
ORD-2025-038716,3,PROD-004,1,20.28,18.45
ORD-2025-038717,1,PROD-004,1,20.28,15.88
ORD-2025-038717,2,PROD-002,1,11.9,9.42
ORD-2025-038717,3,PROD-020,1,10.14,7.67
ORD-2025-038717,4,PROD-044,1,40.85,37.27
ORD-2025-038718,1,PROD-035,4,10.14,33.98
ORD-2025-038719,1,PROD-010,1,38.03,-34.88
ORD-2025-038719,2,PROD-036,1,11.55,11.08
ORD-2025-038720,1,PROD-041,2,11.83,22.79
ORD-2025-038720,2,PROD-006,3,32.39,88.4
ORD-2025-038720,3,PROD-004,3,20.28,51.82
ORD-2025-038721,1,PROD-010,1,38.03,34.56
ORD-2025-038721,2,PROD-047,1,108.45,86.3
ORD-2025-038722,1,PROD-040,1,15.21,9.78
ORD-2025-038722,2,PROD-038,3,7.89,21.42
ORD-2025-038723,1,PROD-007,2,17.18,33.45
ORD-2025-038724,1,PROD-005,1,20.28,19.3
ORD-2025-038724,2,PROD-013,1,11.9,11.6
ORD-2025-038724,3,PROD-035,3,10.14,29.52
ORD-2025-038724,4,PROD-034,1,9.01,8.92
ORD-2025-038725,1,PROD-024,1,8.73,6.24
ORD-2025-038726,1,PROD-001,2,12.9,23.0
ORD-2025-038726,2,PROD-004,1,20.28,19.04
ORD-2025-038726,3,PROD-042,2,73.24,143.1
ORD-2025-038727,1,PROD-022,1,9.01,8.22
ORD-2025-038728,1,PROD-040,3,15.21,42.82
ORD-2025-038729,1,PROD-005,1,20.28,18.5
ORD-2025-038730,1,PROD-017,1,12.5,12.44
ORD-2025-038731,1,PROD-042,1,73.24,70.03
ORD-2025-038731,2,PROD-021,1,15.49,14.93
ORD-2025-038731,3,PROD-033,4,52.11,199.5
ORD-2025-038731,4,PROD-004,2,20.28,38.3
ORD-2025-038731,5,PROD-032,3,19.72,52.03
ORD-2025-038732,1,PROD-032,1,19.72,17.73
ORD-2025-038733,1,PROD-007,1,17.18,15.17
ORD-2025-038734,1,PROD-007,1,17.18,16.58
ORD-2025-038734,2,PROD-042,1,73.24,69.31
ORD-2025-038735,1,PROD-004,1,20.28,20.02
ORD-2025-038736,1,PROD-013,1,11.9,11.59
ORD-2025-038736,2,PROD-032,1,19.72,17.17
ORD-2025-038737,1,PROD-003,3,14.37,40.57
ORD-2025-038738,1,PROD-005,1,20.28,20.01
ORD-2025-038738,2,PROD-026,1,14.65,14.61
ORD-2025-038739,1,PROD-007,2,17.18,27.12
ORD-2025-038739,2,PROD-010,2,38.03,61.81
ORD-2025-038740,1,PROD-038,1,7.89,7.36
ORD-2025-038741,1,PROD-037,1,9.86,8.68
ORD-2025-038742,1,PROD-004,1,20.28,19.45
ORD-2025-038743,1,PROD-019,1,29.58,26.81
ORD-2025-038744,1,PROD-005,1,20.28,19.13
ORD-2025-038745,1,PROD-005,1,20.28,19.86
ORD-2025-038746,1,PROD-004,3,20.28,57.85
ORD-2025-038747,1,PROD-004,1,20.28,20.01
ORD-2025-038747,2,PROD-007,1,17.18,16.83
ORD-2025-038748,1,PROD-041,2,11.83,21.71
ORD-2025-038749,1,PROD-005,1,20.28,20.01
ORD-2025-038750,1,PROD-030,1,49.3,41.47
ORD-2025-038750,2,PROD-020,1,10.14,9.3
ORD-2025-038750,3,PROD-004,1,20.28,19.72
ORD-2025-038751,1,PROD-037,1,9.86,5.84
ORD-2025-038751,2,PROD-011,1,14.9,13.16
ORD-2025-038751,3,PROD-017,1,12.5,9.56
ORD-2025-038752,1,PROD-006,1,32.39,19.9
ORD-2025-038753,1,PROD-006,1,32.39,28.78
ORD-2025-038754,1,PROD-010,2,38.03,74.53
ORD-2025-038755,1,PROD-005,1,20.28,18.44
ORD-2025-038756,1,PROD-005,1,20.28,13.5
ORD-2025-038756,2,PROD-002,2,11.9,20.82
ORD-2025-038757,1,PROD-003,2,14.37,26.14
ORD-2025-038758,1,PROD-024,2,8.73,17.08
ORD-2025-038759,1,PROD-039,2,8.17,15.9
ORD-2025-038759,2,PROD-003,2,14.37,27.46
ORD-2025-038760,1,PROD-001,2,12.9,24.91
ORD-2025-038761,1,PROD-001,1,12.9,11.85
ORD-2025-038762,1,PROD-008,2,9.9,18.05
ORD-2025-038763,1,PROD-001,1,12.9,12.64
ORD-2025-038764,1,PROD-001,1,12.9,12.05
ORD-2025-038764,2,PROD-035,1,10.14,8.87
ORD-2025-038765,1,PROD-049,1,80.28,73.79
ORD-2025-038766,1,PROD-024,1,8.73,6.72
ORD-2025-038767,1,PROD-032,3,19.72,52.91
ORD-2025-038768,1,PROD-034,2,9.01,16.0
ORD-2025-038769,1,PROD-005,1,20.28,19.72
ORD-2025-038769,2,PROD-037,2,9.86,19.03
ORD-2025-038770,1,PROD-021,1,15.49,14.31
ORD-2025-038770,2,PROD-034,2,9.01,13.9
ORD-2025-038771,1,PROD-010,3,38.03,108.39
ORD-2025-038771,2,PROD-034,4,9.01,29.97
ORD-2025-038771,3,PROD-001,3,12.9,37.02
ORD-2025-038772,1,PROD-006,3,32.39,95.07
ORD-2025-038773,1,PROD-029,1,24.79,21.95
ORD-2025-038774,1,PROD-037,2,9.86,18.69
ORD-2025-038774,2,PROD-001,2,12.9,24.63
ORD-2025-038775,1,PROD-001,1,12.9,10.15
ORD-2025-038776,1,PROD-010,1,38.03,25.4
ORD-2025-038776,2,PROD-041,1,11.83,6.05
ORD-2025-038777,1,PROD-007,2,17.18,32.55
ORD-2025-038778,1,PROD-006,1,32.39,31.12
ORD-2025-038778,2,PROD-037,3,9.86,28.45
ORD-2025-038779,1,PROD-028,1,17.18,15.72
ORD-2025-038780,1,PROD-028,2,17.18,24.08
ORD-2025-038781,1,PROD-012,2,18.5,33.6
ORD-2025-038782,1,PROD-007,2,17.18,30.92
ORD-2025-038783,1,PROD-002,2,11.9,23.23
ORD-2025-038783,2,PROD-038,1,7.89,7.79
ORD-2025-038783,3,PROD-033,1,52.11,51.17
ORD-2025-038784,1,PROD-026,1,14.65,14.03
ORD-2025-038785,1,PROD-003,1,14.37,13.61
ORD-2025-038785,2,PROD-034,1,9.01,7.41
ORD-2025-038785,3,PROD-004,3,20.28,60.34
ORD-2025-038786,1,PROD-007,1,17.18,15.38
ORD-2025-038787,1,PROD-005,1,20.28,16.82
ORD-2025-038788,1,PROD-021,1,15.49,15.21
ORD-2025-038788,2,PROD-035,1,10.14,9.11
ORD-2025-038789,1,PROD-051,1,36.06,30.94
ORD-2025-038790,1,PROD-032,1,19.72,18.3
ORD-2025-038791,1,PROD-010,1,38.03,35.81
ORD-2025-038791,2,PROD-032,2,19.72,38.7
ORD-2025-038792,1,PROD-010,1,38.03,35.47
ORD-2025-038792,2,PROD-034,1,9.01,8.41
ORD-2025-038792,3,PROD-007,2,17.18,33.73
ORD-2025-038793,1,PROD-002,2,11.9,23.52
ORD-2025-038794,1,PROD-001,1,12.9,12.85
ORD-2025-038795,1,PROD-007,1,17.18,16.98
ORD-2025-038795,2,PROD-003,2,14.37,27.21
ORD-2025-038795,3,PROD-001,2,12.9,25.49
ORD-2025-038795,4,PROD-004,1,20.28,20.08
ORD-2025-038796,1,PROD-041,1,11.83,9.26
ORD-2025-038797,1,PROD-037,2,9.86,17.45
ORD-2025-038798,1,PROD-004,1,20.28,19.75
ORD-2025-038799,1,PROD-023,1,7.89,6.56
ORD-2025-038800,1,PROD-006,1,32.39,31.06
ORD-2025-038801,1,PROD-001,2,12.9,23.0
ORD-2025-038802,1,PROD-004,1,20.28,15.63
ORD-2025-038803,1,PROD-041,1,11.83,10.55
ORD-2025-038803,2,PROD-003,2,14.37,23.06
ORD-2025-038804,1,PROD-049,1,80.28,36.13
ORD-2025-038804,2,PROD-002,1,11.9,10.38
ORD-2025-038805,1,PROD-052,1,46.48,35.6
ORD-2025-038806,1,PROD-034,1,9.01,8.69
ORD-2025-038807,1,PROD-001,1,12.9,12.74
ORD-2025-038808,1,PROD-002,2,11.9,21.12
ORD-2025-038809,1,PROD-002,2,11.9,21.63
ORD-2025-038810,1,PROD-002,1,11.9,11.57
ORD-2025-038811,1,PROD-001,1,12.9,12.34
ORD-2025-038811,2,PROD-007,2,17.18,30.25
ORD-2025-038812,1,PROD-022,1,9.01,7.61
ORD-2025-038813,1,PROD-034,1,9.01,8.77
ORD-2025-038814,1,PROD-016,1,8.9,8.29
ORD-2025-038815,1,PROD-021,1,15.49,13.6
ORD-2025-038816,1,PROD-050,1,61.97,55.71
ORD-2025-038817,1,PROD-004,3,20.28,48.39
ORD-2025-038817,2,PROD-003,1,14.37,14.21
ORD-2025-038818,1,PROD-007,2,17.18,29.15
ORD-2025-038819,1,PROD-004,1,20.28,19.83
ORD-2025-038820,1,PROD-004,1,20.28,17.77
ORD-2025-038821,1,PROD-004,1,20.28,19.71
ORD-2025-038821,2,PROD-044,1,40.85,38.24
ORD-2025-038822,1,PROD-003,1,14.37,12.33
ORD-2025-038823,1,PROD-010,2,38.03,55.99
ORD-2025-038823,2,PROD-003,2,14.37,28.65
ORD-2025-038824,1,PROD-004,1,20.28,18.79
ORD-2025-038824,2,PROD-001,1,12.9,0.0
ORD-2025-038825,1,PROD-003,1,14.37,13.73
ORD-2025-038825,2,PROD-002,1,11.9,11.43
ORD-2025-038826,1,PROD-039,1,8.17,7.77
ORD-2025-038826,2,PROD-044,1,40.85,40.14
ORD-2025-038826,3,PROD-003,1,14.37,14.01
ORD-2025-038827,1,PROD-007,1,17.18,15.26
ORD-2025-038827,2,PROD-038,1,7.89,7.21
ORD-2025-038828,1,PROD-011,2,14.9,28.67
ORD-2025-038829,1,PROD-003,1,14.37,12.08
ORD-2025-038829,2,PROD-001,1,12.9,12.14
ORD-2025-038830,1,PROD-006,1,32.39,30.41
ORD-2025-038830,2,PROD-013,1,11.9,11.7
ORD-2025-038831,1,PROD-035,3,10.14,23.65
ORD-2025-038832,1,PROD-005,2,20.28,33.0
ORD-2025-038833,1,PROD-004,1,20.28,19.07
ORD-2025-038834,1,PROD-001,1,12.9,12.82
ORD-2025-038835,1,PROD-029,1,24.79,22.68
ORD-2025-038836,1,PROD-030,1,49.3,44.18
ORD-2025-038836,2,PROD-006,1,32.39,30.19
ORD-2025-038836,3,PROD-008,2,9.9,11.59
ORD-2025-038837,1,PROD-002,1,11.9,7.9
ORD-2025-038838,1,PROD-023,1,7.89,7.8
ORD-2025-038839,1,PROD-002,3,11.9,19.21
ORD-2025-038840,1,PROD-006,1,32.39,30.5
ORD-2025-038840,2,PROD-039,1,8.17,5.34
ORD-2025-038841,1,PROD-005,1,20.28,14.12
ORD-2025-038842,1,PROD-014,2,9.9,18.93
ORD-2025-038842,2,PROD-006,1,32.39,30.93
ORD-2025-038842,3,PROD-024,1,8.73,8.11
ORD-2025-038843,1,PROD-054,1,59.15,55.21
ORD-2025-038843,2,PROD-040,1,15.21,13.93
ORD-2025-038844,1,PROD-001,1,12.9,12.61
ORD-2025-038845,1,PROD-001,1,12.9,9.91
ORD-2025-038846,1,PROD-026,1,14.65,12.74
ORD-2025-038846,2,PROD-039,2,8.17,9.75
ORD-2025-038847,1,PROD-014,2,9.9,19.23
ORD-2025-038848,1,PROD-007,2,17.18,28.41
ORD-2025-038849,1,PROD-039,4,8.17,30.19
ORD-2025-038850,1,PROD-007,1,17.18,16.79
ORD-2025-038850,2,PROD-004,2,20.28,38.68
ORD-2025-038851,1,PROD-021,1,15.49,15.29
ORD-2025-038852,1,PROD-036,1,11.55,11.35
ORD-2025-038853,1,PROD-034,1,9.01,8.8
ORD-2025-038854,1,PROD-037,4,9.86,37.13
ORD-2025-038855,1,PROD-027,1,21.13,20.69
ORD-2025-038855,2,PROD-014,2,9.9,19.08
ORD-2025-038855,3,PROD-039,3,8.17,23.25
ORD-2025-038855,4,PROD-026,1,14.65,14.36
ORD-2025-038856,1,PROD-023,2,7.89,13.83
ORD-2025-038856,2,PROD-054,1,59.15,48.56
ORD-2025-038857,1,PROD-004,1,20.28,17.74
ORD-2025-038858,1,PROD-041,2,11.83,21.44
ORD-2025-038858,2,PROD-053,1,53.52,47.24
ORD-2025-038858,3,PROD-023,1,7.89,7.75
ORD-2025-038859,1,PROD-006,1,32.39,31.01
ORD-2025-038860,1,PROD-001,1,12.9,12.46
ORD-2025-038860,2,PROD-014,2,9.9,16.89
ORD-2025-038860,3,PROD-004,1,20.28,19.51
ORD-2025-038860,4,PROD-041,1,11.83,9.71
ORD-2025-038860,5,PROD-032,1,19.72,18.61
ORD-2025-038861,1,PROD-013,1,11.9,6.27
ORD-2025-038862,1,PROD-022,2,9.01,16.39
ORD-2025-038863,1,PROD-041,1,11.83,9.93
ORD-2025-038864,1,PROD-001,2,12.9,24.22
ORD-2025-038865,1,PROD-028,1,17.18,15.35
ORD-2025-038866,1,PROD-030,1,49.3,47.65
ORD-2025-038866,2,PROD-008,1,9.9,8.7
ORD-2025-038866,3,PROD-004,1,20.28,18.5
ORD-2025-038867,1,PROD-033,1,52.11,37.47
ORD-2025-038867,2,PROD-040,1,15.21,12.63
ORD-2025-038868,1,PROD-006,3,32.39,96.18
ORD-2025-038869,1,PROD-002,2,11.9,22.52
ORD-2025-038869,2,PROD-004,3,20.28,59.54
ORD-2025-038870,1,PROD-048,1,55.77,52.97
ORD-2025-038871,1,PROD-007,1,17.18,15.39
ORD-2025-038872,1,PROD-003,1,14.37,11.9
ORD-2025-038872,2,PROD-001,1,12.9,11.79
ORD-2025-038872,3,PROD-044,1,40.85,27.71
ORD-2025-038873,1,PROD-008,2,9.9,16.98
ORD-2025-038873,2,PROD-038,2,7.89,14.81
ORD-2025-038874,1,PROD-034,1,9.01,7.98
ORD-2025-038875,1,PROD-019,2,29.58,57.73
ORD-2025-038875,2,PROD-001,2,12.9,24.44
ORD-2025-038875,3,PROD-041,1,11.83,11.0
ORD-2025-038876,1,PROD-027,1,21.13,20.07
ORD-2025-038876,2,PROD-003,2,14.37,27.29
ORD-2025-038877,1,PROD-051,1,36.06,29.96
ORD-2025-038877,2,PROD-004,1,20.28,16.1
ORD-2025-038878,1,PROD-005,3,20.28,57.42
ORD-2025-038879,1,PROD-004,2,20.28,38.65
ORD-2025-038879,2,PROD-034,1,9.01,8.86
ORD-2025-038880,1,PROD-004,2,20.28,39.24
ORD-2025-038880,2,PROD-015,2,26.76,52.09
ORD-2025-038880,3,PROD-039,1,8.17,7.53
ORD-2025-038880,4,PROD-003,1,14.37,13.62
ORD-2025-038880,5,PROD-038,1,7.89,7.79
ORD-2025-038881,1,PROD-038,1,7.89,7.34
ORD-2025-038882,1,PROD-026,1,14.65,13.21
ORD-2025-038882,2,PROD-001,2,12.9,24.03
ORD-2025-038882,3,PROD-003,3,14.37,32.6
ORD-2025-038883,1,PROD-006,1,32.39,29.38
ORD-2025-038884,1,PROD-035,4,10.14,30.42
ORD-2025-038884,2,PROD-033,2,52.11,75.24
ORD-2025-038884,3,PROD-041,2,11.83,18.89
ORD-2025-038885,1,PROD-002,3,11.9,33.38
ORD-2025-038886,1,PROD-007,2,17.18,34.1
ORD-2025-038887,1,PROD-022,1,9.01,4.05
ORD-2025-038888,1,PROD-006,1,32.39,22.79
ORD-2025-038888,2,PROD-038,1,7.89,7.68
ORD-2025-038889,1,PROD-010,2,38.03,52.34
ORD-2025-038889,2,PROD-005,1,20.28,14.67
ORD-2025-038890,1,PROD-016,1,8.9,8.86
ORD-2025-038891,1,PROD-021,2,15.49,24.8
ORD-2025-038892,1,PROD-034,3,9.01,19.6
ORD-2025-038892,2,PROD-028,1,17.18,13.81
ORD-2025-038892,3,PROD-035,4,10.14,30.83
ORD-2025-038893,1,PROD-033,2,52.11,75.39
ORD-2025-038894,1,PROD-051,1,36.06,31.57
ORD-2025-038895,1,PROD-042,1,73.24,55.11
ORD-2025-038896,1,PROD-002,2,11.9,19.71
ORD-2025-038896,2,PROD-035,1,10.14,9.86
ORD-2025-038896,3,PROD-004,1,20.28,18.31
ORD-2025-038896,4,PROD-024,1,8.73,6.39
ORD-2025-038896,5,PROD-007,2,17.18,32.12
ORD-2025-038897,1,PROD-033,2,52.11,102.38
ORD-2025-038897,2,PROD-006,1,32.39,29.48
ORD-2025-038897,3,PROD-014,2,9.9,15.93
ORD-2025-038897,4,PROD-004,1,20.28,17.53
ORD-2025-038898,1,PROD-014,2,9.9,17.56
ORD-2025-038899,1,PROD-004,2,20.28,39.16
ORD-2025-038900,1,PROD-005,2,20.28,32.33
ORD-2025-038901,1,PROD-001,1,12.9,12.08
ORD-2025-038902,1,PROD-023,1,7.89,7.58
ORD-2025-038903,1,PROD-005,1,20.28,17.11
ORD-2025-038904,1,PROD-026,1,14.65,9.11
ORD-2025-038905,1,PROD-003,2,14.37,20.8
ORD-2025-038906,1,PROD-006,1,32.39,26.41
ORD-2025-038907,1,PROD-040,1,15.21,10.97
ORD-2025-038907,2,PROD-010,1,38.03,36.65
ORD-2025-038907,3,PROD-005,1,20.28,18.28
ORD-2025-038908,1,PROD-017,1,12.5,8.68
ORD-2025-038908,2,PROD-004,2,20.28,38.14
ORD-2025-038908,3,PROD-019,1,29.58,23.85
ORD-2025-038909,1,PROD-004,1,20.28,18.86
ORD-2025-038910,1,PROD-005,2,20.28,37.74
ORD-2025-038910,2,PROD-001,1,12.9,9.8
ORD-2025-038911,1,PROD-029,1,24.79,13.98
ORD-2025-038912,1,PROD-027,2,21.13,38.2
ORD-2025-038913,1,PROD-016,2,8.9,16.84
ORD-2025-038914,1,PROD-006,2,32.39,61.39
ORD-2025-038915,1,PROD-031,1,53.52,41.78
ORD-2025-038915,2,PROD-003,1,14.37,9.52
ORD-2025-038916,1,PROD-037,1,9.86,9.73
ORD-2025-038917,1,PROD-014,1,9.9,8.7
ORD-2025-038917,2,PROD-001,1,12.9,11.61
ORD-2025-038918,1,PROD-055,1,74.65,61.78
ORD-2025-038919,1,PROD-030,1,49.3,44.81
ORD-2025-038920,1,PROD-021,2,15.49,25.12
ORD-2025-038920,2,PROD-024,2,8.73,15.72
ORD-2025-038921,1,PROD-032,2,19.72,32.84
ORD-2025-038921,2,PROD-008,2,9.9,17.93
ORD-2025-038922,1,PROD-005,1,20.28,19.27
ORD-2025-038922,2,PROD-014,2,9.9,18.65
ORD-2025-038923,1,PROD-012,1,18.5,15.37
ORD-2025-038924,1,PROD-024,1,8.73,8.23
ORD-2025-038924,2,PROD-005,3,20.28,60.16
ORD-2025-038925,1,PROD-006,1,32.39,31.18
ORD-2025-038926,1,PROD-030,1,49.3,48.0
ORD-2025-038926,2,PROD-005,1,20.28,19.93
ORD-2025-038927,1,PROD-060,1,42.25,37.4
ORD-2025-038927,2,PROD-001,1,12.9,11.28
ORD-2025-038927,3,PROD-041,2,11.83,23.06
ORD-2025-038928,1,PROD-004,2,20.28,35.64
ORD-2025-038928,2,PROD-003,1,14.37,13.46
ORD-2025-038928,3,PROD-006,1,32.39,30.79
ORD-2025-038929,1,PROD-003,1,14.37,10.28
ORD-2025-038929,2,PROD-005,1,20.28,15.13
ORD-2025-038930,1,PROD-001,1,12.9,10.88
ORD-2025-038930,2,PROD-035,1,10.14,7.44
ORD-2025-038930,3,PROD-030,1,49.3,43.13
ORD-2025-038931,1,PROD-007,1,17.18,15.97
ORD-2025-038931,2,PROD-032,2,19.72,24.44
ORD-2025-038932,1,PROD-034,2,9.01,14.45
ORD-2025-038932,2,PROD-004,1,20.28,15.39
ORD-2025-038932,3,PROD-040,2,15.21,25.17
ORD-2025-038933,1,PROD-037,4,9.86,37.32
ORD-2025-038934,1,PROD-007,1,17.18,14.75
ORD-2025-038935,1,PROD-004,1,20.28,18.26
ORD-2025-038936,1,PROD-007,2,17.18,25.04
ORD-2025-038937,1,PROD-002,1,11.9,11.19
ORD-2025-038938,1,PROD-019,2,29.58,53.85
ORD-2025-038939,1,PROD-055,1,74.65,58.59
ORD-2025-038940,1,PROD-005,1,20.28,19.38
ORD-2025-038940,2,PROD-003,1,14.37,12.39
ORD-2025-038940,3,PROD-002,3,11.9,30.92
ORD-2025-038941,1,PROD-006,2,32.39,62.14
ORD-2025-038942,1,PROD-042,3,73.24,160.59
ORD-2025-038942,2,PROD-011,2,14.9,29.59
ORD-2025-038943,1,PROD-002,2,11.9,22.93
ORD-2025-038944,1,PROD-001,1,12.9,10.7
ORD-2025-038945,1,PROD-040,3,15.21,37.99
ORD-2025-038946,1,PROD-021,1,15.49,12.37
ORD-2025-038946,2,PROD-005,1,20.28,17.05
ORD-2025-038947,1,PROD-040,1,15.21,13.1
ORD-2025-038947,2,PROD-002,1,11.9,9.65
ORD-2025-038947,3,PROD-032,4,19.72,66.77
ORD-2025-038948,1,PROD-008,3,9.9,28.6
ORD-2025-038949,1,PROD-037,1,9.86,8.1
ORD-2025-038949,2,PROD-008,2,9.9,15.23
ORD-2025-038950,1,PROD-006,2,32.39,57.59
ORD-2025-038950,2,PROD-023,1,7.89,6.54
ORD-2025-038951,1,PROD-022,2,9.01,17.25
ORD-2025-038952,1,PROD-002,2,11.9,18.46
ORD-2025-038953,1,PROD-004,1,20.28,16.71
ORD-2025-038954,1,PROD-011,1,14.9,14.21
ORD-2025-038954,2,PROD-004,1,20.28,18.83
ORD-2025-038955,1,PROD-004,1,20.28,15.91
ORD-2025-038956,1,PROD-011,1,14.9,14.57
ORD-2025-038956,2,PROD-014,3,9.9,29.52
ORD-2025-038956,3,PROD-002,3,11.9,35.51
ORD-2025-038957,1,PROD-005,1,20.28,19.79
ORD-2025-038957,2,PROD-038,2,7.89,15.51
ORD-2025-038957,3,PROD-041,1,11.83,11.68
ORD-2025-038958,1,PROD-004,1,20.28,16.36
ORD-2025-038958,2,PROD-013,1,11.9,11.67
ORD-2025-038959,1,PROD-041,1,11.83,5.32
ORD-2025-038960,1,PROD-041,2,11.83,21.51
ORD-2025-038960,2,PROD-002,2,11.9,21.21
ORD-2025-038961,1,PROD-004,3,20.28,56.89
ORD-2025-038962,1,PROD-044,1,40.85,35.8
ORD-2025-038963,1,PROD-001,1,12.9,12.34
ORD-2025-038963,2,PROD-003,1,14.37,13.51
ORD-2025-038963,3,PROD-035,4,10.14,38.31
ORD-2025-038964,1,PROD-042,1,73.24,64.69
ORD-2025-038965,1,PROD-001,3,12.9,33.75
ORD-2025-038965,2,PROD-004,2,20.28,39.96
ORD-2025-038966,1,PROD-004,1,20.28,19.16
ORD-2025-038967,1,PROD-006,2,32.39,63.65
ORD-2025-038968,1,PROD-019,1,29.58,27.36
ORD-2025-038969,1,PROD-052,1,46.48,41.91
ORD-2025-038969,2,PROD-004,3,20.28,33.02
ORD-2025-038970,1,PROD-007,1,17.18,16.84
ORD-2025-038970,2,PROD-004,1,20.28,19.97
ORD-2025-038971,1,PROD-015,2,26.76,49.38
ORD-2025-038972,1,PROD-053,1,53.52,48.83
ORD-2025-038973,1,PROD-024,1,8.73,8.1
ORD-2025-038974,1,PROD-003,1,14.37,12.83
ORD-2025-038975,1,PROD-013,1,11.9,11.51
ORD-2025-038976,1,PROD-012,1,18.5,17.9
ORD-2025-038977,1,PROD-039,1,8.17,7.82
ORD-2025-038977,2,PROD-054,1,59.15,47.4
ORD-2025-038977,3,PROD-040,4,15.21,56.74
ORD-2025-038978,1,PROD-001,2,12.9,25.34
ORD-2025-038978,2,PROD-026,1,14.65,14.13
ORD-2025-038978,3,PROD-020,1,10.14,9.98
ORD-2025-038978,4,PROD-005,2,20.28,40.07
ORD-2025-038978,5,PROD-002,1,11.9,11.21
ORD-2025-038979,1,PROD-010,1,38.03,31.17
ORD-2025-038979,2,PROD-035,1,10.14,8.98
ORD-2025-038979,3,PROD-005,1,20.28,16.9
ORD-2025-038980,1,PROD-004,1,20.28,17.58
ORD-2025-038980,2,PROD-001,1,12.9,10.41
ORD-2025-038980,3,PROD-006,3,32.39,84.34
ORD-2025-038981,1,PROD-003,1,14.37,13.05
ORD-2025-038982,1,PROD-015,3,26.76,77.96
ORD-2025-038982,2,PROD-041,1,11.83,11.41
ORD-2025-038983,1,PROD-023,1,7.89,7.45
ORD-2025-038983,2,PROD-014,2,9.9,18.13
ORD-2025-038984,1,PROD-026,1,14.65,10.75
ORD-2025-038984,2,PROD-049,1,80.28,55.83
ORD-2025-038985,1,PROD-036,1,11.55,10.17
ORD-2025-038986,1,PROD-001,1,12.9,10.67
ORD-2025-038986,2,PROD-008,1,9.9,9.73
ORD-2025-038987,1,PROD-002,1,11.9,10.57
ORD-2025-038988,1,PROD-033,3,52.11,144.64
ORD-2025-038988,2,PROD-005,1,20.28,15.54
ORD-2025-038988,3,PROD-003,2,14.37,27.36
ORD-2025-038989,1,PROD-005,1,20.28,18.17
ORD-2025-038989,2,PROD-040,1,15.21,13.33
ORD-2025-038990,1,PROD-007,1,17.18,15.82
ORD-2025-038990,2,PROD-002,1,11.9,9.85
ORD-2025-038991,1,PROD-003,1,14.37,13.71
ORD-2025-038992,1,PROD-004,1,20.28,19.35
ORD-2025-038993,1,PROD-003,1,14.37,14.3
ORD-2025-038994,1,PROD-038,4,7.89,30.73
ORD-2025-038995,1,PROD-001,1,12.9,11.28
ORD-2025-038995,2,PROD-041,2,11.83,20.53
ORD-2025-038996,1,PROD-004,1,20.28,19.33
ORD-2025-038997,1,PROD-017,3,12.5,36.08
ORD-2025-038998,1,PROD-004,1,20.28,19.39
ORD-2025-038999,1,PROD-002,1,11.9,11.12
ORD-2025-038999,2,PROD-004,1,20.28,20.16
ORD-2025-039000,1,PROD-004,2,20.28,38.94
ORD-2025-039000,2,PROD-006,1,32.39,31.46
ORD-2025-039000,3,PROD-002,1,11.9,11.74
ORD-2025-039001,1,PROD-005,1,20.28,18.67
ORD-2025-039002,1,PROD-005,2,20.28,31.6
ORD-2025-039002,2,PROD-020,1,10.14,9.73
ORD-2025-039003,1,PROD-030,2,49.3,95.54
ORD-2025-039003,2,PROD-007,2,17.18,33.43
ORD-2025-039003,3,PROD-005,2,20.28,39.54
ORD-2025-039004,1,PROD-001,1,12.9,12.61
ORD-2025-039005,1,PROD-027,1,21.13,19.97
ORD-2025-039005,2,PROD-010,2,38.03,72.68
ORD-2025-039006,1,PROD-007,3,17.18,46.94
ORD-2025-039007,1,PROD-040,1,15.21,14.72
ORD-2025-039008,1,PROD-010,1,38.03,36.69
ORD-2025-039009,1,PROD-028,2,17.18,31.53
ORD-2025-039009,2,PROD-010,1,38.03,31.6
ORD-2025-039009,3,PROD-026,2,14.65,27.85
ORD-2025-039010,1,PROD-035,1,10.14,6.05
ORD-2025-039010,2,PROD-004,1,20.28,10.04
ORD-2025-039011,1,PROD-041,2,11.83,22.25
ORD-2025-039012,1,PROD-011,1,14.9,13.88
ORD-2025-039013,1,PROD-008,1,9.9,9.86
ORD-2025-039013,2,PROD-005,1,20.28,19.81
ORD-2025-039013,3,PROD-044,1,40.85,38.49
ORD-2025-039014,1,PROD-023,1,7.89,7.6
ORD-2025-039015,1,PROD-010,2,38.03,75.42
ORD-2025-039016,1,PROD-004,1,20.28,17.23
ORD-2025-039016,2,PROD-035,2,10.14,17.18
ORD-2025-039017,1,PROD-051,1,36.06,35.51
ORD-2025-039017,2,PROD-034,2,9.01,17.27
ORD-2025-039018,1,PROD-010,1,38.03,35.98
ORD-2025-039018,2,PROD-001,3,12.9,36.06
ORD-2025-039019,1,PROD-038,2,7.89,15.02
ORD-2025-039019,2,PROD-001,2,12.9,21.44
ORD-2025-039019,3,PROD-004,1,20.28,16.15
ORD-2025-039020,1,PROD-042,1,73.24,68.03
ORD-2025-039021,1,PROD-044,1,40.85,35.04
ORD-2025-039021,2,PROD-005,2,20.28,37.31
ORD-2025-039022,1,PROD-053,1,53.52,50.32
ORD-2025-039022,2,PROD-034,1,9.01,8.09
ORD-2025-039023,1,PROD-042,4,73.24,290.41
ORD-2025-039024,1,PROD-010,2,38.03,68.0
ORD-2025-039024,2,PROD-007,1,17.18,15.28
ORD-2025-039025,1,PROD-005,2,20.28,38.81
ORD-2025-039025,2,PROD-022,1,9.01,8.76
ORD-2025-039026,1,PROD-055,1,74.65,58.28
ORD-2025-039027,1,PROD-032,1,19.72,18.5
ORD-2025-039027,2,PROD-001,2,12.9,21.83
ORD-2025-039027,3,PROD-006,1,32.39,29.87
ORD-2025-039028,1,PROD-037,2,9.86,17.67
ORD-2025-039029,1,PROD-006,2,32.39,41.16
ORD-2025-039030,1,PROD-005,2,20.28,33.86
ORD-2025-039030,2,PROD-041,1,11.83,11.43
ORD-2025-039030,3,PROD-002,1,11.9,9.06
ORD-2025-039031,1,PROD-032,4,19.72,76.24
ORD-2025-039032,1,PROD-002,1,11.9,11.76
ORD-2025-039032,2,PROD-001,2,12.9,25.2
ORD-2025-039032,3,PROD-010,1,38.03,37.46
ORD-2025-039033,1,PROD-039,1,8.17,8.09
ORD-2025-039034,1,PROD-005,2,20.28,35.95
ORD-2025-039035,1,PROD-050,1,61.97,59.09
ORD-2025-039035,2,PROD-003,3,14.37,42.0
ORD-2025-039036,1,PROD-052,1,46.48,45.67
ORD-2025-039037,1,PROD-022,1,9.01,8.12
ORD-2025-039038,1,PROD-006,2,32.39,58.74
ORD-2025-039039,1,PROD-040,3,15.21,43.74
ORD-2025-039040,1,PROD-004,1,20.28,18.89
ORD-2025-039041,1,PROD-007,1,17.18,14.26
ORD-2025-039041,2,PROD-035,2,10.14,19.95
ORD-2025-039042,1,PROD-001,2,12.9,23.56
ORD-2025-039043,1,PROD-035,3,10.14,24.98
ORD-2025-039043,2,PROD-004,3,20.28,53.27
ORD-2025-039044,1,PROD-021,1,15.49,14.8
ORD-2025-039045,1,PROD-004,1,20.28,19.36
ORD-2025-039045,2,PROD-035,2,10.14,17.08
ORD-2025-039046,1,PROD-005,2,20.28,38.63
ORD-2025-039046,2,PROD-001,1,12.9,11.82
ORD-2025-039046,3,PROD-008,1,9.9,9.19
ORD-2025-039047,1,PROD-037,1,9.86,9.54
ORD-2025-039047,2,PROD-007,2,17.18,34.05
ORD-2025-039048,1,PROD-005,2,20.28,37.24
ORD-2025-039049,1,PROD-005,2,20.28,27.16
ORD-2025-039050,1,PROD-004,1,20.28,18.98
ORD-2025-039050,2,PROD-035,1,10.14,9.77
ORD-2025-039050,3,PROD-039,3,8.17,23.95
ORD-2025-039051,1,PROD-028,1,17.18,14.07
ORD-2025-039052,1,PROD-037,2,9.86,16.14
ORD-2025-039053,1,PROD-041,4,11.83,46.84
ORD-2025-039053,2,PROD-001,1,12.9,11.96
ORD-2025-039053,3,PROD-024,1,8.73,7.96
ORD-2025-039054,1,PROD-045,1,72.68,65.46
ORD-2025-039054,2,PROD-012,1,18.5,16.95
ORD-2025-039055,1,PROD-037,1,9.86,7.49
ORD-2025-039056,1,PROD-035,1,10.14,8.66
ORD-2025-039057,1,PROD-016,1,8.9,8.74
ORD-2025-039057,2,PROD-003,1,14.37,13.85
ORD-2025-039057,3,PROD-048,1,55.77,46.3
ORD-2025-039058,1,PROD-016,1,8.9,6.69
ORD-2025-039058,2,PROD-035,1,10.14,8.97
ORD-2025-039059,1,PROD-004,1,20.28,18.19
ORD-2025-039060,1,PROD-013,1,11.9,11.79
ORD-2025-039061,1,PROD-037,1,9.86,9.73
ORD-2025-039062,1,PROD-022,1,9.01,8.35
