OrderID,LineNumber,ProductID,Quantity,UnitPrice,LineNetAmount
ORD-2024-013166,1,PROD-034,4,9.01,34.75
ORD-2024-013167,1,PROD-015,2,26.76,50.85
ORD-2024-013168,1,PROD-008,1,9.9,9.16
ORD-2024-013168,2,PROD-001,1,12.9,11.38
ORD-2024-013168,3,PROD-035,1,10.14,9.03
ORD-2024-013168,4,PROD-038,2,7.89,12.38
ORD-2024-013168,5,PROD-029,1,24.79,22.72
ORD-2024-013169,1,PROD-015,2,26.76,24.08
ORD-2024-013169,2,PROD-032,2,19.72,22.86
ORD-2024-013170,1,PROD-032,1,19.72,18.87
ORD-2024-013171,1,PROD-003,2,14.37,21.22
ORD-2024-013171,2,PROD-034,1,9.01,6.01
ORD-2024-013171,3,PROD-005,1,20.28,15.58
ORD-2024-013172,1,PROD-006,1,32.39,29.93
ORD-2024-013173,1,PROD-020,1,10.14,9.18
ORD-2024-013173,2,PROD-041,1,11.83,8.12
ORD-2024-013174,1,PROD-005,3,20.28,59.81
ORD-2024-013175,1,PROD-017,1,12.5,6.88
ORD-2024-013176,1,PROD-008,1,9.9,8.52
ORD-2024-013177,1,PROD-014,2,9.9,15.99
ORD-2024-013177,2,PROD-031,1,53.52,41.55
ORD-2024-013178,1,PROD-039,2,8.17,12.36
ORD-2024-013178,2,PROD-004,1,20.28,14.93
ORD-2024-013179,1,PROD-005,1,20.28,16.06
ORD-2024-013180,1,PROD-022,1,9.01,6.78
ORD-2024-013181,1,PROD-005,1,20.28,15.91
ORD-2024-013182,1,PROD-007,1,17.18,16.08
ORD-2024-013183,1,PROD-011,2,14.9,28.9
ORD-2024-013184,1,PROD-026,2,14.65,21.88
ORD-2024-013185,1,PROD-039,1,8.17,3.84
ORD-2024-013186,1,PROD-003,1,14.37,14.08
ORD-2024-013186,2,PROD-035,1,10.14,10.12
ORD-2024-013186,3,PROD-004,2,20.28,38.94
ORD-2024-013186,4,PROD-032,1,19.72,19.18
ORD-2024-013187,1,PROD-030,1,49.3,28.27
ORD-2024-013187,2,PROD-023,1,7.89,6.7
ORD-2024-013187,3,PROD-034,1,9.01,4.71
ORD-2024-013188,1,PROD-036,3,11.55,28.51
ORD-2024-013189,1,PROD-020,1,10.14,9.69
ORD-2024-013190,1,PROD-034,1,9.01,8.91
ORD-2024-013191,1,PROD-024,1,8.73,4.39
ORD-2024-013192,1,PROD-014,1,9.9,9.44
ORD-2024-013192,2,PROD-002,3,11.9,32.43
ORD-2024-013192,3,PROD-024,2,8.73,15.82
ORD-2024-013193,1,PROD-007,1,17.18,16.75
ORD-2024-013194,1,PROD-006,1,32.39,29.1
ORD-2024-013194,2,PROD-039,2,8.17,16.01
ORD-2024-013194,3,PROD-041,4,11.83,41.89
ORD-2024-013194,4,PROD-023,2,7.89,15.11
ORD-2024-013195,1,PROD-005,1,20.28,18.87
ORD-2024-013196,1,PROD-054,1,59.15,40.01
ORD-2024-013197,1,PROD-044,1,40.85,39.6
ORD-2024-013197,2,PROD-013,1,11.9,8.51
ORD-2024-013198,1,PROD-044,1,40.85,40.35
ORD-2024-013199,1,PROD-024,1,8.73,8.41
ORD-2024-013199,2,PROD-030,1,49.3,40.91
ORD-2024-013200,1,PROD-036,2,11.55,15.13
ORD-2024-013200,2,PROD-020,2,10.14,13.4
ORD-2024-013201,1,PROD-003,1,14.37,10.16
ORD-2024-013202,1,PROD-004,2,20.28,34.58
ORD-2024-013203,1,PROD-014,1,9.9,7.68
ORD-2024-013204,1,PROD-019,1,29.58,23.31
ORD-2024-013204,2,PROD-032,2,19.72,30.91
ORD-2024-013204,3,PROD-013,2,11.9,23.05
ORD-2024-013205,1,PROD-001,2,12.9,22.18
ORD-2024-013206,1,PROD-036,2,11.55,19.51
ORD-2024-013206,2,PROD-032,2,19.72,33.77
ORD-2024-013207,1,PROD-059,1,52.11,26.43
ORD-2024-013208,1,PROD-016,1,8.9,7.89
ORD-2024-013209,1,PROD-002,1,11.9,5.35
ORD-2024-013210,1,PROD-038,1,7.89,7.33
ORD-2024-013211,1,PROD-005,1,20.28,19.71
ORD-2024-013212,1,PROD-022,1,9.01,7.74
ORD-2024-013213,1,PROD-024,2,8.73,15.18
ORD-2024-013214,1,PROD-001,2,12.9,16.74
ORD-2024-013215,1,PROD-005,1,20.28,14.33
ORD-2024-013216,1,PROD-026,1,14.65,10.96
ORD-2024-013217,1,PROD-005,1,20.28,20.06
ORD-2024-013218,1,PROD-021,1,15.49,10.68
ORD-2024-013219,1,PROD-001,1,12.9,10.76
ORD-2024-013220,1,PROD-054,1,59.15,26.62
ORD-2024-013221,1,PROD-005,1,20.28,18.94
ORD-2024-013221,2,PROD-006,1,32.39,31.11
ORD-2024-013221,3,PROD-003,1,14.37,13.47
ORD-2024-013221,4,PROD-033,1,52.11,47.17
ORD-2024-013222,1,PROD-013,1,11.9,8.52
ORD-2024-013222,2,PROD-024,1,8.73,5.44
ORD-2024-013222,3,PROD-007,1,17.18,13.96
ORD-2024-013223,1,PROD-014,1,9.9,8.24
ORD-2024-013223,2,PROD-032,2,19.72,31.34
ORD-2024-013223,3,PROD-036,1,11.55,6.86
ORD-2024-013224,1,PROD-034,1,9.01,8.51
ORD-2024-013225,1,PROD-031,1,53.52,37.64
ORD-2024-013226,1,PROD-025,1,21.97,20.17
ORD-2024-013227,1,PROD-005,2,20.28,35.98
ORD-2024-013228,1,PROD-034,1,9.01,5.61
ORD-2024-013228,2,PROD-024,2,8.73,10.22
ORD-2024-013229,1,PROD-037,2,9.86,19.14
ORD-2024-013229,2,PROD-027,1,21.13,20.29
ORD-2024-013230,1,PROD-029,1,24.79,17.79
ORD-2024-013231,1,PROD-051,1,36.06,33.88
ORD-2024-013232,1,PROD-002,1,11.9,10.89
ORD-2024-013232,2,PROD-006,1,32.39,31.89
ORD-2024-013232,3,PROD-029,1,24.79,23.78
ORD-2024-013233,1,PROD-054,1,59.15,26.62
ORD-2024-013234,1,PROD-005,2,20.28,38.54
ORD-2024-013235,1,PROD-005,1,20.28,19.37
ORD-2024-013236,1,PROD-035,4,10.14,27.84
ORD-2024-013236,2,PROD-038,4,7.89,23.97
ORD-2024-013237,1, PROD-015 ,2,26.76,51.85
ORD-2024-013238,1,PROD-006,1,32.39,25.24
ORD-2024-013239,1,PROD-015,2,26.76,30.25
ORD-2024-013239,2,PROD-058,1,39.44,32.15
ORD-2024-013240,1,PROD-022,2,9.01,14.03
ORD-2024-013241,1,PROD-006,1,32.39,18.89
ORD-2024-013241,2,PROD-031,2,53.52,48.17
ORD-2024-013242,1,PROD-023,1,7.89,7.53
ORD-2024-013242,2,PROD-006,1,32.39,31.18
ORD-2024-013243,1,PROD-056,1,101.41,49.05
ORD-2024-013244,1,PROD-011,1,14.9,10.79
ORD-2024-013244,2,PROD-006,1,32.39,14.58
ORD-2024-013245,1,PROD-028,1,17.18,11.51
ORD-2024-013246,1,PROD-022,1,9.01,6.44
ORD-2024-013247,1,PROD-015,3,26.76,69.81
ORD-2024-013248,1,PROD-038,2,7.89,13.0
ORD-2024-013249,1,PROD-034,3,9.01,21.42
ORD-2024-013250,1,PROD-016,2,8.9,13.1
ORD-2024-013250,2,PROD-003,1,14.37,12.64
ORD-2024-013251,1,PROD-011,3,14.9,29.96
ORD-2024-013251,2,PROD-021,2,15.49,22.56
ORD-2024-013252,1,PROD-006,1,32.39,30.75
ORD-2024-013252,2,PROD-002,2,11.9,23.63
ORD-2024-013252,3,PROD-001,1,12.9,12.23
ORD-2024-013253,1,PROD-004,2,20.28,33.24
ORD-2024-013254,1,PROD-001,1,12.9,11.76
ORD-2024-013254,2,PROD-020,1,10.14,9.94
ORD-2024-013254,3,PROD-006,2,32.39,60.46
ORD-2024-013255,1,PROD-034,1,9.01,5.94
ORD-2024-013256,1,PROD-005,2,20.28,37.62
ORD-2024-013256,2,PROD-035,2,10.14,19.28
ORD-2024-013256,3,PROD-036,2,11.55,22.01
ORD-2024-013257,1,PROD-011,1,14.9,11.05
ORD-2024-013258,1,PROD-046,1,259.15,223.13
ORD-2024-013259,1,PROD-032,1,19.72,8.87
ORD-2024-013260,1,PROD-001,1,12.9,10.0
ORD-2024-013260,2,PROD-032,1,19.72,11.87
ORD-2024-013261,1,PROD-034,1,9.01,7.38
ORD-2024-013261,2,PROD-016,1,8.9,7.98
ORD-2024-013262,1,PROD-005,3,20.28,58.97
ORD-2024-013262,2,PROD-001,1,12.9,11.0
ORD-2024-013263,1,PROD-010,2,38.03,60.26
ORD-2024-013263,2,PROD-016,2,8.9,14.38
ORD-2024-013263,3,PROD-004,1,20.28,19.28
ORD-2024-013263,4,PROD-035,3,10.14,21.62
ORD-2024-013263,5,PROD-049,1,80.28,76.53
ORD-2024-013264,1,PROD-024,2,8.73,14.88
ORD-2024-013264,2,PROD-013,2,11.9,10.71
ORD-2024-013265,1,PROD-038,1,7.89,7.33
ORD-2024-013265,2,PROD-004,1,20.28,19.53
ORD-2024-013266,1,PROD-003,1,14.37,12.24
ORD-2024-013266,2,PROD-004,1,20.28,17.14
ORD-2024-013267,1,PROD-001,1,12.9,8.52
ORD-2024-013268,1,PROD-016,1,8.9,7.72
ORD-2024-013268,2,PROD-038,1,7.89,7.81
ORD-2024-013268,3,PROD-019,1,29.58,25.11
ORD-2024-013269,1,PROD-021,1,15.49,6.97
ORD-2024-013270,1,PROD-003,1,14.37,13.37
ORD-2024-013270,2,PROD-035,2,10.14,19.11
ORD-2024-013271,1,PROD-034,1,9.01,6.72
ORD-2024-013271,2,PROD-011,1,14.9,10.58
ORD-2024-013271,3,PROD-035,1,10.14,9.34
ORD-2024-013272,1,PROD-038,1,7.89,4.89
ORD-2024-013272,2,PROD-022,2,9.01,13.51
ORD-2024-013273,1,PROD-034,1,9.01,5.46
ORD-2024-013273,2,PROD-026,1,14.65,10.26
ORD-2024-013273,3,PROD-040,1,15.21,12.48
ORD-2024-013274,1,PROD-007,1,17.18,15.07
ORD-2024-013275,1,PROD-016,2,8.9,14.52
ORD-2024-013275,2,PROD-048,1,55.77,25.1
ORD-2024-013276,1,PROD-044,1,40.85,31.77
ORD-2024-013276,2,PROD-031,1,53.52,28.29
ORD-2024-013277,1,PROD-028,1,17.18,11.36
ORD-2024-013278,1,PROD-039,3,8.17,20.73
ORD-2024-013279,1,PROD-003,1,14.37,13.4
ORD-2024-013280,1,PROD-005,2,20.28,38.09
ORD-2024-013281,1,PROD-027,1,21.13,16.24
ORD-2024-013282,1,PROD-047,1,108.45,97.11
ORD-2024-013282,2,PROD-017,1,12.5,10.11
ORD-2024-013283,1,PROD-031,1,53.52,52.03
ORD-2024-013284,1,PROD-005,1,20.28,16.17
ORD-2024-013285,1,PROD-041,1,11.83,11.68
ORD-2024-013286,1,PROD-059,1,52.11,44.21
ORD-2024-013287,1,PROD-004,2,20.28,28.68
ORD-2024-013288,1,PROD-008,2,9.9,17.79
ORD-2024-013288,2,PROD-034,2,9.01,16.46
ORD-2024-013288,3,PROD-041,3,11.83,32.5
ORD-2024-013289,1,PROD-031,1,53.52,52.44
ORD-2024-013290,1,PROD-004,1,20.28,13.43
ORD-2024-013290,2,PROD-037,1,9.86,7.74
ORD-2024-013291,1,PROD-027,2,21.13,33.05
ORD-2024-013292,1,PROD-010,1,38.03,33.45
ORD-2024-013293,1,PROD-004,3,20.28,54.06
ORD-2024-013294,1,PROD-035,2,10.14,15.65
ORD-2024-013294,2,PROD-013,1,11.9,5.35
ORD-2024-013295,1,PROD-012,2,18.5,36.54
ORD-2024-013295,2,PROD-032,2,19.72,35.22
ORD-2024-013295,3,PROD-044,1,40.85,39.0
ORD-2024-013296,1,PROD-006,3,32.39,73.74
ORD-2024-013296,2,PROD-004,1,20.28,17.73
ORD-2024-013297,1,PROD-040,2,15.21,27.82
ORD-2024-013298,1,PROD-001,3,12.9,26.9
ORD-2024-013299,1,PROD-026,1,14.65,10.48
ORD-2024-013299,2,PROD-002,1,11.9,10.68
ORD-2024-013300,1,PROD-031,1,53.52,46.02
ORD-2024-013301,1,PROD-021,1,15.49,8.08
ORD-2024-013302,1,PROD-003,3,14.37,30.53
ORD-2024-013303,1,PROD-001,3,12.9,28.48
ORD-2024-013304,1,PROD-031,1,53.52,24.08
ORD-2024-013305,1,PROD-023,1,7.89,6.65
ORD-2024-013306,1,PROD-001,1,12.9,12.24
ORD-2024-013306,2,PROD-034,1,9.01,7.11
ORD-2024-013307,1,PROD-024,1,8.73,3.93
ORD-2024-013307,2,PROD-021,1,15.49,9.21
ORD-2024-013308,1,PROD-004,1,20.28,19.97
ORD-2024-013308,2,PROD-040,2,15.21,28.92
ORD-2024-013309,1,PROD-001,1,12.9,11.31
ORD-2024-013310,1,PROD-007,1,17.18,15.88
ORD-2024-013311,1,PROD-021,2,15.49,24.13
ORD-2024-013311,2,PROD-001,1,12.9,10.76
ORD-2024-013312,1,PROD-005,1,20.28,16.87
ORD-2024-013312,2,PROD-001,1,12.9,9.5
ORD-2024-013312,3,PROD-032,1,19.72,17.28
ORD-2024-013313,1,PROD-005,2,20.28,33.07
ORD-2024-013313,2,PROD-023,2,7.89,14.74
ORD-2024-013314,1,PROD-049,1,80.28,62.75
ORD-2024-013314,2,PROD-034,1,9.01,8.15
ORD-2024-013315,1,PROD-006,1,32.39,25.96
ORD-2024-013315,2,PROD-037,2,9.86,13.23
ORD-2024-013315,3,PROD-047,1,108.45,70.03
ORD-2024-013316,1,PROD-007,3,17.18,46.92
ORD-2024-013316,2,PROD-049,2,80.28,138.8
ORD-2024-013317,1,PROD-051,1,36.06,29.28
ORD-2024-013318,1,PROD-020,2,10.14,14.12
ORD-2024-013319,1,PROD-022,1,9.01,6.91
ORD-2024-013319,2,PROD-017,2,12.5,21.89
ORD-2024-013319,3,PROD-005,2,20.28,30.46
ORD-2024-013320,1,PROD-020,1,10.14,6.7
ORD-2024-013321,1,PROD-035,2,10.14,9.52
ORD-2024-013322,1,PROD-019,3,29.58,68.54
ORD-2024-013323,1,PROD-020,1,10.14,8.72
ORD-2024-013324,1,PROD-001,1,12.9,9.37
ORD-2024-013325,1,PROD-033,1,52.11,39.33
ORD-2024-013326,1,PROD-023,1,7.89,4.33
ORD-2024-013327,1,PROD-020,1,10.14,5.05
ORD-2024-013328,1,PROD-007,2,17.18,25.6
ORD-2024-013329,1,PROD-006,2,32.39,56.11
ORD-2024-013330,1,PROD-032,1,19.72,17.33
ORD-2024-013331,1,PROD-004,1,20.28,17.99
ORD-2024-013331,2,PROD-037,1,9.86,7.68
ORD-2024-013331,3,PROD-028,2,17.18,25.18
ORD-2024-013332,1,PROD-028,1,17.18,8.45
ORD-2024-013332,2,PROD-032,3,19.72,27.49
ORD-2024-013333,1,PROD-037,1,9.86,9.71
ORD-2024-013333,2,PROD-016,3,8.9,26.25
ORD-2024-013333,3,PROD-007,1,17.18,16.7
ORD-2024-013334,1,PROD-052,1,46.48,34.8
ORD-2024-013335,1,PROD-034,1,9.01,4.89
ORD-2024-013336,1,PROD-006,2,32.39,48.24
ORD-2024-013336,2,PROD-005,1,20.28,13.81
ORD-2024-013337,1,PROD-003,1,14.37,14.31
ORD-2024-013338,1,PROD-001,1,12.9,12.55
ORD-2024-013339,1,PROD-026,1,14.65,12.98
ORD-2024-013340,1,PROD-003,2,14.37,27.84
ORD-2024-013341,1,PROD-027,1,21.13,12.6
ORD-2024-013341,2,PROD-054,1,59.15,37.84
ORD-2024-013342,1,PROD-004,1,20.28,13.66
ORD-2024-013342,2,PROD-035,2,10.14,15.52
ORD-2024-013343,1,PROD-039,2,8.17,11.72
ORD-2024-013344,1,PROD-008,2,9.9,19.06
ORD-2024-013344,2,PROD-004,2,20.28,19.23
ORD-2024-013345,1,PROD-026,1,14.65,13.09
ORD-2024-013345,2,PROD-028,2,17.18,23.59
ORD-2024-013345,3,PROD-012,1,18.5,15.32
ORD-2024-013346,1,PROD-003,2,14.37,27.93
ORD-2024-013347,1,PROD-032,1,19.72,15.12
ORD-2024-013348,1,PROD-007,1,17.18,15.54
ORD-2024-013349,1,PROD-022,2,9.01,16.45
ORD-2024-013349,2,PROD-038,2,7.89,13.83
ORD-2024-013349,3,PROD-021,2,15.49,26.47
ORD-2024-013349,4,PROD-036,3,11.55,27.88
ORD-2024-013350,1,PROD-034,2,9.01,11.13
ORD-2024-013351,1,PROD-053,1,53.52,31.42
ORD-2024-013351,2,PROD-008,2,9.9,15.32
ORD-2024-013352,1,PROD-001,1,12.9,11.71
ORD-2024-013352,2,PROD-022,2,9.01,17.42
ORD-2024-013353,1,PROD-027,1,21.13,18.76
ORD-2024-013354,1,PROD-035,2,10.14,18.05
ORD-2024-013355,1,PROD-004,3,20.28,49.9
ORD-2024-013355,2,PROD-005,2,20.28,33.83
ORD-2024-013356,1,PROD-017,1,12.5,9.2
ORD-2024-013357,1,PROD-019,1,29.58,22.5
ORD-2024-013357,2,PROD-012,1,18.5,12.63
ORD-2024-013357,3,PROD-006,1,32.39,30.43
ORD-2024-013358,1,PROD-022,1,9.01,8.55
ORD-2024-013359,1,PROD-038,3,7.89,20.88
ORD-2024-013360,1,PROD-027,1,21.13,15.64
ORD-2024-013361,1,PROD-004,1,20.28,15.71
ORD-2024-013362,1,PROD-012,1,18.5,12.63
ORD-2024-013363,1,PROD-011,1,14.9,10.55
ORD-2024-013364,1,PROD-006,1,32.39,24.47
ORD-2024-013365,1,PROD-033,4,52.11,197.56
ORD-2024-013365,2,PROD-021,2,15.49,21.2
ORD-2024-013366,1,PROD-048,1,55.77,46.99
ORD-2024-013366,2,PROD-044,1,40.85,35.87
ORD-2024-013367,1,PROD-006,2,32.39,53.28
ORD-2024-013368,1,PROD-007,1,17.18,16.0
ORD-2024-013369,1,PROD-019,3,29.58,55.05
ORD-2024-013369,2,PROD-022,2,9.01,8.11
ORD-2024-013370,1,PROD-034,1,9.01,7.7
ORD-2024-013370,2,PROD-004,1,20.28,16.5
ORD-2024-013371,1,PROD-023,1,7.89,6.79
ORD-2024-013372,1,PROD-008,2,9.9,14.61
ORD-2024-013372,2,PROD-035,2,10.14,17.83
ORD-2024-013372,3,PROD-001,1,12.9,11.38
ORD-2024-013373,1,PROD-005,3,20.28,54.98
ORD-2024-013373,2,PROD-015,3,26.76,72.46
ORD-2024-013373,3,PROD-029,1,24.79,21.66
ORD-2024-013373,4,PROD-034,1,9.01,8.15
ORD-2024-013374,1,PROD-003,1,14.37,13.14
ORD-2024-013374,2,PROD-005,2,20.28,35.27
ORD-2024-013374,3,PROD-016,1,8.9,8.42
ORD-2024-013375,1,PROD-003,1,14.37,13.45
ORD-2024-013376,1,PROD-002,2,11.9,18.07
ORD-2024-013376,2,PROD-001,3,12.9,36.51
ORD-2024-013377,1,PROD-044,1,40.85,31.15
ORD-2024-013377,2,PROD-033,3,52.11,106.32
ORD-2024-013378,1,PROD-051,1,36.06,23.97
ORD-2024-013379,1,PROD-029,2,24.79,22.31
ORD-2024-013379,2,PROD-042,1,73.24,32.96
ORD-2024-013380,1,PROD-037,1,9.86,5.41
ORD-2024-013380,2,PROD-032,1,19.72,17.89
ORD-2024-013380,3,PROD-044,1,40.85,27.93
ORD-2024-013381,1,PROD-006,1,32.39,31.92
ORD-2024-013381,2,PROD-041,1,11.83,11.29
ORD-2024-013381,3,PROD-027,1,21.13,17.03
ORD-2024-013381,4,PROD-034,2,9.01,16.55
ORD-2024-013381,5,PROD-004,2,20.28,34.87
ORD-2024-013382,1,PROD-007,1,17.18,16.67
ORD-2024-013382,2,PROD-037,2,9.86,17.9
ORD-2024-013383,1,PROD-020,1,10.14,9.39
ORD-2024-013383,2,PROD-013,1,11.9,7.8
ORD-2024-013384,1,PROD-007,1,17.18,14.14
ORD-2024-013384,2,PROD-006,1,32.39,22.33
ORD-2024-013385,1,PROD-029,1,24.79,16.28
ORD-2024-013385,2,PROD-005,1,20.28,14.87
ORD-2024-013386,1,PROD-006,1,32.39,30.24
ORD-2024-013387,1,PROD-022,1,9.01,8.56
ORD-2024-013388,1,PROD-004,2,20.28,39.54
ORD-2024-013388,2,PROD-002,2,11.9,23.67
ORD-2024-013389,1,PROD-032,1,19.72,19.19
ORD-2024-013389,2,PROD-024,1,8.73,8.52
ORD-2024-013389,3,PROD-034,3,9.01,26.81
ORD-2024-013390,1,PROD-041,1,11.83,6.48
ORD-2024-013391,1,PROD-006,1,32.39,29.74
ORD-2024-013392,1,PROD-048,1,55.77,55.12
ORD-2024-013393,1,PROD-050,1,61.97,58.67
ORD-2024-013393,2,PROD-032,4,19.72,63.06
ORD-2024-013394,1,PROD-013,1,11.9,7.02
ORD-2024-013394,2,PROD-010,1,38.03,34.85
ORD-2024-013394,3,PROD-006,1,32.39,30.1
ORD-2024-013395,1,PROD-034,4,9.01,21.37
ORD-2024-013396,1,PROD-004,2,20.28,35.28
ORD-2024-013396,2,PROD-001,1,12.9,11.87
ORD-2024-013397,1,PROD-005,2,20.28,36.72
ORD-2024-013398,1,PROD-060,1,42.25,19.01
ORD-2024-013399,1,PROD-034,2,9.01,16.39
ORD-2024-013399,2,PROD-020,1,10.14,7.68
ORD-2024-013399,3,PROD-001,1,12.9,11.47
ORD-2024-013400,1,PROD-016,1,8.9,4.0
ORD-2024-013400,2,PROD-003,1,14.37,12.8
ORD-2024-013401,1,PROD-031,2,53.52,103.08
ORD-2024-013402,1,PROD-027,1,21.13,18.38
ORD-2024-013402,2,PROD-035,1,10.14,7.68
ORD-2024-013403,1,PROD-021,1,15.49,11.28
ORD-2024-013403,2,PROD-044,1,40.85,22.79
ORD-2024-013404,1,PROD-016,2,8.9,13.96
ORD-2024-013405,1,PROD-039,1,8.17,7.48
ORD-2024-013405,2,PROD-028,1,17.18,8.21
ORD-2024-013406,1,PROD-020,1,10.14,9.04
ORD-2024-013407,1,PROD-050,1,61.97,45.85
ORD-2024-013407,2,PROD-039,2,8.17,9.08
ORD-2024-013408,1,PROD-005,1,20.28,17.34
ORD-2024-013409,1,PROD-013,1,11.9,8.9
ORD-2024-013409,2,PROD-051,1,36.06,31.64
ORD-2024-013409,3,PROD-028,1,17.18,12.79
ORD-2024-013410,1,PROD-053,1,53.52,39.73
ORD-2024-013410,2,PROD-013,2,11.9,10.71
ORD-2024-013411,1,PROD-013,2,11.9,23.23
ORD-2024-013411,2,PROD-036,2,11.55,20.21
ORD-2024-013412,1,PROD-027,1,21.13,18.49
ORD-2024-013413,1,PROD-040,3,15.21,44.54
ORD-2024-013413,2,PROD-049,1,80.28,78.43
ORD-2024-013413,3,PROD-022,1,9.01,8.38
ORD-2024-013413,4,PROD-010,1,38.03,37.48
ORD-2024-013413,5,PROD-017,1,12.5,11.76
ORD-2024-013414,1,PROD-008,1,9.9,8.07
ORD-2024-013415,1,PROD-004,1,20.28,12.31
ORD-2024-013415,2,PROD-010,1,38.03,17.18
ORD-2024-013416,1,PROD-024,1,8.73,6.61
ORD-2024-013417,1,PROD-007,2,17.18,33.21
ORD-2024-013417,2,PROD-002,1,11.9,11.53
ORD-2024-013418,1,PROD-017,1,12.5,11.77
ORD-2024-013419,1,PROD-036,1,11.55,10.74
ORD-2024-013420,1,PROD-003,1,14.37,13.8
ORD-2024-013421,1,PROD-036,2,11.55,19.57
ORD-2024-013421,2,PROD-005,3,20.28,31.39
ORD-2024-013422,1,PROD-005,2,20.28,38.08
ORD-2024-013423,1,PROD-004,1,20.28,19.48
ORD-2024-013423,2,PROD-006,1,32.39,25.06
ORD-2024-013423,3,PROD-007,1,17.18,16.13
ORD-2024-013423,4,PROD-044,1,40.85,34.25
ORD-2024-013424,1,PROD-039,2,8.17,8.4
ORD-2024-013425,1,PROD-053,1,53.52,45.27
ORD-2024-013426,1,PROD-006,1,32.39,25.96
ORD-2024-013426,2,PROD-012,1,18.5,17.17
ORD-2024-013427,1,PROD-054,1,59.15,29.07
ORD-2024-013428,1,PROD-003,1,14.37,13.59
ORD-2024-013428,2,PROD-034,3,9.01,23.72
ORD-2024-013429,1,PROD-033,3,52.11,115.61
ORD-2024-013430,1,PROD-016,1,8.9,8.83
ORD-2024-013430,2,PROD-034,2,9.01,17.63
ORD-2024-013431,1,PROD-052,1,46.48,26.71
ORD-2024-013431,2,PROD-001,2,12.9,11.61
ORD-2024-013432,1,PROD-034,1,9.01,6.98
ORD-2024-013433,1,PROD-040,4,15.21,52.18
ORD-2024-013433,2,PROD-023,1,7.89,6.34
ORD-2024-013433,3,PROD-004,1,20.28,16.93
ORD-2024-013434,1,PROD-019,1,29.58,26.24
ORD-2024-013435,1,PROD-025,1,21.97,20.67
ORD-2024-013435,2,PROD-012,1,18.5,16.99
ORD-2024-013436,1,PROD-008,2,9.9,17.18
ORD-2024-013437,1,PROD-004,2,20.28,26.07
ORD-2024-013438,1,PROD-034,3,9.01,24.16
ORD-2024-013438,2,PROD-008,1,9.9,8.8
ORD-2024-013438,3,PROD-035,1,10.14,8.26
ORD-2024-013439,1,PROD-004,1,20.28,17.59
ORD-2024-013440,1,PROD-011,2,14.9,23.83
ORD-2024-013441,1,PROD-008,1,9.9,9.8
ORD-2024-013441,2,PROD-007,1,17.18,16.33
ORD-2024-013442,1,PROD-001,1,12.9,11.4
ORD-2024-013443,1,PROD-053,1,53.52,49.84
ORD-2024-013444,1,PROD-022,1,9.01,7.42
ORD-2024-013444,2,PROD-041,2,11.83,17.95
ORD-2024-013444,3,PROD-023,1,7.89,4.76
ORD-2024-013444,4,PROD-001,1,12.9,9.53
ORD-2024-013445,1,PROD-004,2,20.28,34.86
ORD-2024-013445,2,PROD-003,1,14.37,12.29
ORD-2024-013446,1,PROD-058,1,39.44,17.75
ORD-2024-013447,1,PROD-011,1,14.9,13.6
ORD-2024-013448,1,PROD-023,1,7.89,7.38
ORD-2024-013448,2,PROD-017,3,12.5,35.92
ORD-2024-013449,1,PROD-001,1,12.9,9.84
ORD-2024-013450,1,PROD-015,1,26.76,18.23
ORD-2024-013451,1,PROD-035,1,10.14,8.14
ORD-2024-013451,2,PROD-045,1,72.68,58.56
ORD-2024-013452,1,PROD-005,1,20.28,17.93
ORD-2024-013452,2,PROD-035,2,10.14,19.2
ORD-2024-013452,3,PROD-012,1,18.5,16.37
ORD-2024-013453,1,PROD-052,1,46.48,39.78
ORD-2024-013453,2,PROD-002,1,11.9,5.58
ORD-2024-013454,1,PROD-005,1,20.28,18.92
ORD-2024-013454,2,PROD-032,1,19.72,17.62
ORD-2024-013455,1,PROD-005,1,20.28,16.19
ORD-2024-013455,2,PROD-041,3,11.83,27.11
ORD-2024-013456,1,PROD-008,1,9.9,5.03
ORD-2024-013456,2,PROD-041,3,11.83,15.97
ORD-2024-013457,1,PROD-037,3,9.86,23.95
ORD-2024-013458,1,PROD-039,1,8.17,5.3
ORD-2024-013458,2,PROD-028,1,17.18,14.94
ORD-2024-013459,1,PROD-002,3,11.9,34.52
ORD-2024-013459,2,PROD-038,1,7.89,7.8
ORD-2024-013460,1,PROD-035,2,10.14,18.88
ORD-2024-013461,1,PROD-004,1,20.28,19.89
ORD-2024-013461,2,PROD-007,3,17.18,47.65
ORD-2024-013462,1,PROD-033,1,52.11,26.59
ORD-2024-013462,2,PROD-013,2,11.9,13.47
ORD-2024-013463,1,PROD-007,1,17.18,16.37
ORD-2024-013463,2,PROD-001,2,12.9,23.71
ORD-2024-013463,3,PROD-035,2,10.14,14.46
ORD-2024-013464,1,PROD-004,3,20.28,57.61
ORD-2024-013464,2,PROD-007,1,17.18,16.78
ORD-2024-013464,3,PROD-036,2,11.55,18.6
ORD-2024-013465,1,PROD-006,1,32.39,19.63
ORD-2024-013465,2,PROD-034,3,9.01,20.16
ORD-2024-013465,3,PROD-035,1,10.14,6.55
ORD-2024-013466,1,PROD-005,1,20.28,18.68
ORD-2024-013467,1,PROD-007,1,17.18,15.92
ORD-2024-013468,1,PROD-035,1,10.14,8.69
ORD-2024-013469,1,PROD-028,2,17.18,15.46
ORD-2024-013470,1,PROD-002,2,11.9,22.14
ORD-2024-013471,1,PROD-051,1,36.06,26.89
ORD-2024-013471,2,PROD-001,1,12.9,10.8
ORD-2024-013472,1,PROD-040,4,15.21,36.33
ORD-2024-013472,2,PROD-053,1,53.52,41.9
ORD-2024-013472,3,PROD-016,2,8.9,15.07
ORD-2024-013473,1,PROD-005,2,20.28,32.61
ORD-2024-013474,1,PROD-040,2,15.21,19.41
ORD-2024-013475,1,PROD-034,1,9.01,4.26
ORD-2024-013476,1,PROD-008,1,9.9,9.39
ORD-2024-013477,1,PROD-040,2,15.21,22.49
ORD-2024-013477,2,PROD-008,1,9.9,8.83
ORD-2024-013478,1,PROD-011,2,14.9,13.41
ORD-2024-013478,2,PROD-035,2,10.14,17.36
ORD-2024-013479,1,PROD-002,3,11.9,33.3
ORD-2024-013480,1,PROD-001,1,12.9,7.87
ORD-2024-013480,2,PROD-003,1,14.37,10.71
ORD-2024-013481,1,PROD-003,1,14.37,8.74
ORD-2024-013481,2,PROD-032,1,19.72,16.45
ORD-2024-013482,1,PROD-025,1,21.97,19.8
ORD-2024-013482,2,PROD-002,1,11.9,5.35
ORD-2024-013483,1,PROD-002,2,11.9,19.13
ORD-2024-013483,2,PROD-005,1,20.28,16.67
ORD-2024-013483,3,PROD-036,1,11.55,10.75
ORD-2024-013484,1,PROD-006,1,32.39,32.02
ORD-2024-013485,1,PROD-003,1,14.37,12.54
ORD-2024-013486,1,PROD-005,1,20.28,18.1
ORD-2024-013486,2,PROD-012,1,18.5,16.39
ORD-2024-013486,3,PROD-002,1,11.9,11.12
ORD-2024-013487,1,PROD-051,1,36.06,24.6
ORD-2024-013487,2,PROD-024,1,8.73,8.15
ORD-2024-013488,1,PROD-013,1,11.9,11.37
ORD-2024-013488,2,PROD-005,1,20.28,19.83
ORD-2024-013489,1,PROD-002,1,11.9,9.17
ORD-2024-013490,1,PROD-014,1,9.9,4.46
ORD-2024-013490,2,PROD-034,1,9.01,4.89
ORD-2024-013491,1,PROD-053,1,53.52,49.84
ORD-2024-013492,1,PROD-006,3,32.39,83.15
ORD-2024-013492,2,PROD-034,2,9.01,15.06
ORD-2024-013493,1,PROD-004,3,20.28,34.43
ORD-2024-013493,2,PROD-027,1,21.13,18.84
ORD-2024-013494,1,PROD-032,4,19.72,66.99
ORD-2024-013494,2,PROD-024,1,8.73,3.93
ORD-2024-013495,1,PROD-052,1,46.48,37.71
ORD-2024-013495,2,PROD-014,2,9.9,13.9
ORD-2024-013496,1,PROD-010,2,38.03,68.15
ORD-2024-013497,1,PROD-036,3,11.55,32.36
ORD-2024-013498,1,PROD-006,1,32.39,28.18
ORD-2024-013498,2,PROD-027,1,21.13,18.55
ORD-2024-013499,1,PROD-004,1,20.28,18.86
ORD-2024-013499,2,PROD-003,2,14.37,28.11
ORD-2024-013500,1,PROD-004,3,20.28,59.09
ORD-2024-013501,1,PROD-004,1,20.28,17.87
ORD-2024-013502,1,PROD-058,1,39.44,17.82
ORD-2024-013502,2,PROD-032,1,19.72,13.12
ORD-2024-013503,1,PROD-027,1,21.13,16.59
ORD-2024-013504,1,PROD-002,2,11.9,23.56
ORD-2024-013504,2,PROD-006,1,32.39,26.15
ORD-2024-013504,3,PROD-034,3,9.01,23.82
ORD-2024-013505,1,PROD-032,1,19.72,19.47
ORD-2024-013505,2,PROD-004,1,20.28,19.7
ORD-2024-013506,1,PROD-005,1,20.28,9.18
ORD-2024-013507,1,PROD-002,1,11.9,11.3
ORD-2024-013508,1,PROD-010,1,38.03,23.45
ORD-2024-013508,2,PROD-041,1,11.83,9.41
ORD-2024-013509,1,PROD-017,1,12.5,12.36
ORD-2024-013510,1,PROD-001,2,12.9,20.0
ORD-2024-013511,1,PROD-005,2,20.28,39.96
ORD-2024-013512,1,PROD-003,1,14.37,13.37
ORD-2024-013512,2,PROD-001,2,12.9,25.52
ORD-2024-013513,1,PROD-005,1,20.28,15.28
ORD-2024-013514,1,PROD-037,2,9.86,19.55
ORD-2024-013514,2,PROD-006,1,32.39,31.35
ORD-2024-013515,1,PROD-004,1,20.28,15.88
ORD-2024-013516,1,PROD-041,1,11.83,5.32
ORD-2024-013516,2,PROD-004,1,20.28,12.95
ORD-2024-013517,1,PROD-001,2,12.9,21.53
ORD-2024-013517,2,PROD-006,2,32.39,52.51
ORD-2024-013517,3,PROD-004,1,20.28,16.32
ORD-2024-013518,1,PROD-040,1,15.21,13.39
ORD-2024-013518,2,PROD-005,2,20.28,40.18
ORD-2024-013519,1,PROD-044,1,40.85,32.63
ORD-2024-013520,1,PROD-031,2,53.52,101.54
ORD-2024-013520,2,PROD-023,1,7.89,7.06
ORD-2024-013521,1,PROD-010,1,38.03,36.32
ORD-2024-013522,1,PROD-002,1,11.9,11.47
ORD-2024-013522,2,PROD-035,1,10.14,9.69
ORD-2024-013522,3,PROD-007,2,17.18,33.12
ORD-2024-013523,1,PROD-044,1,40.85,39.25
ORD-2024-013523,2,PROD-027,1,21.13,19.47
ORD-2024-013523,3,PROD-003,1,14.37,12.0
ORD-2024-013524,1,PROD-041,3,11.83,22.51
ORD-2024-013525,1,PROD-005,1,20.28,18.53
ORD-2024-013526,1,PROD-060,1,42.25,21.25
ORD-2024-013527,1,PROD-002,1,11.9,10.76
ORD-2024-013528,1,PROD-005,1,20.28,18.66
ORD-2024-013529,1,PROD-025,1,21.97,15.65
ORD-2024-013529,2,PROD-026,1,14.65,10.31
ORD-2024-013530,1,PROD-040,1,15.21,9.85
ORD-2024-013531,1,PROD-032,1,19.72,13.53
ORD-2024-013532,1,PROD-005,1,20.28,17.2
ORD-2024-013532,2,PROD-035,1,10.14,9.28
ORD-2024-013532,3,PROD-008,3,9.9,28.66
ORD-2024-013533,1,PROD-026,1,14.65,13.08
ORD-2024-013534,1,PROD-022,1,9.01,8.33
ORD-2024-013534,2,PROD-027,1,21.13,19.62
ORD-2024-013535,1,PROD-038,2,7.89,14.94
ORD-2024-013536,1,PROD-036,1,11.55,9.11
ORD-2024-013537,1,PROD-017,2,12.5,24.59
ORD-2024-013538,1,PROD-034,1,9.01,5.8
ORD-2024-013539,1,PROD-023,2,7.89,14.68
ORD-2024-013540,1,PROD-007,1,17.18,13.23
ORD-2024-013541,1,PROD-034,2,9.01,15.65
ORD-2024-013541,2,PROD-004,1,20.28,9.84
ORD-2024-013542,1,PROD-003,2,14.37,22.81
ORD-2024-013542,2,PROD-004,1,20.28,9.13
ORD-2024-013543,1,PROD-002,1,11.9,10.28
ORD-2024-013544,1,PROD-017,2,12.5,22.88
ORD-2024-013544,2,PROD-016,1,8.9,5.45
ORD-2024-013544,3,PROD-002,1,11.9,9.89
ORD-2024-013545,1,PROD-027,1,21.13,11.79
ORD-2024-013546,1,PROD-008,2,9.9,19.61
ORD-2024-013547,1,PROD-037,2,9.86,18.8
ORD-2024-013547,2,PROD-005,3,20.28,59.85
ORD-2024-013548,1,PROD-034,1,9.01,8.69
ORD-2024-013548,2,PROD-007,2,17.18,24.21
ORD-2024-013549,1,PROD-001,1,12.9,12.27
ORD-2024-013550,1,PROD-022,1,9.01,5.71
ORD-2024-013550,2,PROD-024,1,8.73,4.26
ORD-2024-013551,1,PROD-027,1,21.13,14.44
ORD-2024-013551,2,PROD-019,3,29.58,60.55
ORD-2024-013551,3,PROD-014,1,9.9,9.0
ORD-2024-013551,4,PROD-041,1,11.83,5.32
ORD-2024-013552,1,PROD-023,2,7.89,12.98
ORD-2024-013552,2,PROD-050,1,61.97,27.89
ORD-2024-013553,1,PROD-004,2,20.28,35.98
ORD-2024-013553,2,PROD-017,1,12.5,10.12
ORD-2024-013554,1,PROD-005,2,20.28,38.55
ORD-2024-013554,2,PROD-027,1,21.13,16.19
ORD-2024-013554,3,PROD-041,3,11.83,30.72
ORD-2024-013555,1,PROD-024,1,8.73,8.35
ORD-2024-013555,2,PROD-038,1,7.89,7.45
ORD-2024-013555,3,PROD-040,1,15.21,14.42
ORD-2024-013555,4,PROD-030,1,49.3,48.25
ORD-2024-013556,1,PROD-002,1,11.9,8.74
ORD-2024-013557,1,PROD-008,2,9.9,19.52
ORD-2024-013558,1,PROD-027,1,21.13,20.46
ORD-2024-013558,2,PROD-002,3,11.9,32.25
ORD-2024-013558,3,PROD-006,1,32.39,28.59
ORD-2024-013558,4,PROD-004,1,20.28,19.24
ORD-2024-013559,1,PROD-015,2,26.76,45.71
ORD-2024-013559,2,PROD-032,3,19.72,58.63
ORD-2024-013559,3,PROD-038,2,7.89,13.86
ORD-2024-013560,1,PROD-001,1,12.9,12.12
ORD-2024-013560,2,PROD-005,1,20.28,18.12
ORD-2024-013561,1,PROD-010,1,38.03,34.15
ORD-2024-013562,1,PROD-017,2,12.5,24.8
ORD-2024-013563,1,PROD-029,1,24.79,20.33
ORD-2024-013564,1,PROD-004,1,20.28,17.72
ORD-2024-013565,1,PROD-017,1,12.5,9.65
ORD-2024-013566,1,PROD-001,1,12.9,11.3
ORD-2024-013567,1,PROD-035,2,10.14,15.4
ORD-2024-013567,2,PROD-040,2,15.21,21.62
ORD-2024-013567,3,PROD-001,1,12.9,12.06
ORD-2024-013568,1,PROD-037,1,9.86,9.36
ORD-2024-013568,2,PROD-004,1,20.28,18.08
ORD-2024-013569,1,PROD-001,3,12.9,37.62
ORD-2024-013570,1,PROD-005,1,20.28,18.65
ORD-2024-013570,2,PROD-024,2,8.73,17.26
ORD-2024-013571,1,PROD-006,1,32.39,27.75
ORD-2024-013572,1,PROD-007,1,17.18,16.98
ORD-2024-013573,1,PROD-034,1,9.01,8.44
ORD-2024-013574,1,PROD-038,3,7.89,22.89
ORD-2024-013575,1,PROD-053,1,53.52,51.85
ORD-2024-013575,2,PROD-026,1,14.65,12.7
ORD-2024-013576,1,PROD-039,1,8.17,7.12
ORD-2024-013576,2,PROD-032,1,19.72,16.39
ORD-2024-013577,1,PROD-004,1,20.28,15.48
ORD-2024-013578,1,PROD-001,1,12.9,12.59
ORD-2024-013579,1,PROD-001,1,12.9,12.36
ORD-2024-013580,1,PROD-007,2,17.18,23.42
ORD-2024-013580,2,PROD-034,3,9.01,25.75
ORD-2024-013581,1,PROD-005,3,20.28,50.29
ORD-2024-013582,1,PROD-024,2,8.73,16.61
ORD-2024-013582,2,PROD-027,2,21.13,40.79
ORD-2024-013583,1,PROD-002,3,11.9,34.4
ORD-2024-013584,1,PROD-006,1,32.39,31.44
ORD-2024-013585,1,PROD-003,3,14.37,39.2
ORD-2024-013586,1,PROD-007,3,17.18,48.6
ORD-2024-013586,2,PROD-039,3,8.17,22.92
ORD-2024-013587,1,PROD-032,2,19.72,36.6
ORD-2024-013588,1,PROD-041,1,11.83,10.66
ORD-2024-013589,1,PROD-007,1,17.18,16.49
ORD-2024-013590,1,PROD-004,1,20.28,12.57
ORD-2024-013590,2,PROD-003,2,14.37,22.99
ORD-2024-013591,1,PROD-006,2,32.39,59.59
ORD-2024-013592,1,PROD-032,4,19.72,67.11
ORD-2024-013593,1,PROD-005,2,20.28,39.93
ORD-2024-013594,1,PROD-001,2,12.9,23.02
ORD-2024-013594,2,PROD-041,3,11.83,26.09
ORD-2024-013594,3,PROD-039,3,8.17,22.14
ORD-2024-013595,1,PROD-008,1,9.9,9.7
ORD-2024-013595,2,PROD-019,2,29.58,57.87
ORD-2024-013596,1,PROD-041,4,11.83,42.71
ORD-2024-013597,1,PROD-001,1,12.9,12.69
ORD-2024-013598,1,PROD-025,1,21.97,19.97
ORD-2024-013598,2,PROD-038,3,7.89,19.07
ORD-2024-013599,1,PROD-007,1,17.18,14.32
ORD-2024-013600,1,PROD-048,1,55.77,44.91
ORD-2024-013601,1,PROD-006,1,32.39,31.5
ORD-2024-013602,1,PROD-039,1,8.17,7.17
ORD-2024-013603,1,PROD-001,1,12.9,11.9
ORD-2024-013604,1,PROD-003,2,14.37,27.89
ORD-2024-013605,1,PROD-016,1,8.9,8.69
ORD-2024-013605,2,PROD-044,1,40.85,40.77
ORD-2024-013605,3,PROD-005,1,20.28,18.78
ORD-2024-013605,4,PROD-036,1,11.55,11.3
ORD-2024-013606,1,PROD-006,1,32.39,31.01
ORD-2024-013606,2,PROD-027,1,21.13,20.56
ORD-2024-013607,1,PROD-041,1,11.83,10.56
ORD-2024-013608,1,PROD-005,1,20.28,19.03
ORD-2024-013608,2,PROD-032,1,19.72,17.58
ORD-2024-013609,1,PROD-005,3,20.28,47.7
ORD-2024-013610,1,PROD-039,1,8.17,8.1
ORD-2024-013610,2,PROD-001,1,12.9,12.85
ORD-2024-013611,1,PROD-047,1,108.45,102.67
ORD-2024-013612,1,PROD-007,1,17.18,15.39
ORD-2024-013612,2,PROD-041,2,11.83,22.49
ORD-2024-013613,1,PROD-006,1,32.39,29.28
ORD-2024-013614,1,PROD-017,1,12.5,11.35
ORD-2024-013614,2,PROD-002,2,11.9,22.3
ORD-2024-013614,3,PROD-040,2,15.21,25.46
ORD-2024-013615,1,PROD-012,2,18.5,35.73
ORD-2024-013616,1,PROD-041,1,11.83,11.49
ORD-2024-013617,1,PROD-036,3,11.55,34.12
ORD-2024-013617,2,PROD-034,1,9.01,8.82
ORD-2024-013617,3,PROD-020,1,10.14,9.93
ORD-2024-013617,4,PROD-013,2,11.9,23.38
ORD-2024-013617,5,PROD-001,1,12.9,12.5
ORD-2024-013618,1,PROD-022,2,9.01,17.35
ORD-2024-013618,2,PROD-013,3,11.9,34.97
ORD-2024-013619,1,PROD-006,3,32.39,95.23
ORD-2024-013619,2,PROD-039,1,8.17,7.58
ORD-2024-013620,1,PROD-031,1,53.52,46.76
ORD-2024-013621,1,PROD-001,1,12.9,11.52
ORD-2024-013621,2,PROD-029,1,24.79,24.55
ORD-2024-013622,1,PROD-035,1,10.14,9.96
ORD-2024-013623,1,PROD-013,3,11.9,21.07
ORD-2024-013624,1,PROD-004,1,20.28,19.97
ORD-2024-013625,1,PROD-021,1,15.49,13.66
ORD-2024-013626,1,PROD-040,3,15.21,43.11
ORD-2024-013626,2,PROD-022,1,9.01,8.72
ORD-2024-013626,3,PROD-038,1,7.89,7.71
ORD-2024-013627,1,PROD-007,1,17.18,16.26
ORD-2024-013628,1,PROD-004,1,20.28,19.65
ORD-2024-013629,1,PROD-039,1,8.17,6.69
ORD-2024-013629,2,PROD-021,1,15.49,14.49
ORD-2024-013629,3,PROD-005,1,20.28,16.71
ORD-2024-013630,1,PROD-005,1,20.28,17.29
ORD-2024-013630,2,PROD-041,1,11.83,10.9
ORD-2024-013630,3,PROD-042,1,73.24,70.82
ORD-2024-013631,1,PROD-003,2,14.37,27.96
ORD-2024-013631,2,PROD-001,3,12.9,35.66
ORD-2024-013632,1,PROD-025,1,21.97,21.46
ORD-2024-013632,2,PROD-013,3,11.9,34.21
ORD-2024-013633,1,PROD-014,1,9.9,8.93
ORD-2024-013634,1,PROD-030,1,49.3,30.75
ORD-2024-013635,1,PROD-004,1,20.28,19.48
ORD-2024-013636,1,PROD-028,2,17.18,32.55
ORD-2024-013636,2,PROD-023,1,7.89,7.78
ORD-2024-013636,3,PROD-004,3,20.28,58.78
ORD-2024-013637,1,PROD-004,1,20.28,18.59
ORD-2024-013638,1,PROD-014,2,9.9,17.64
ORD-2024-013639,1,PROD-004,1,20.28,18.51
ORD-2024-013640,1,PROD-005,1,20.28,19.25
ORD-2024-013641,1,PROD-017,2,12.5,22.05
ORD-2024-013642,1,PROD-032,3,19.72,56.56
ORD-2024-013642,2,PROD-005,1,20.28,19.93
ORD-2024-013642,3,PROD-029,1,24.79,23.11
ORD-2024-013643,1,PROD-013,1,11.9,9.6
ORD-2024-013643,2,PROD-038,2,7.89,13.32
ORD-2024-013643,3,PROD-021,1,15.49,13.14
ORD-2024-013643,4,PROD-033,1,52.11,45.37
ORD-2024-013644,1,PROD-019,2,29.58,51.36
ORD-2024-013644,2,PROD-005,1,20.28,19.63
ORD-2024-013645,1,PROD-029,1,24.79,24.13
ORD-2024-013645,2,PROD-003,1,14.37,13.57
ORD-2024-013646,1,PROD-004,1,20.28,18.42
ORD-2024-013647,1,PROD-032,1,19.72,18.45
ORD-2024-013647,2,PROD-005,1,20.28,17.79
ORD-2024-013648,1,PROD-036,1,11.55,11.0
ORD-2024-013648,2,PROD-003,1,14.37,13.88
ORD-2024-013648,3,PROD-006,2,32.39,53.77
ORD-2024-013649,1,PROD-004,2,20.28,34.77
ORD-2024-013650,1,PROD-051,1,36.06,32.61
ORD-2024-013651,1,PROD-027,2,21.13,39.53
ORD-2024-013652,1,PROD-035,1,10.14,9.49
ORD-2024-013653,1,PROD-002,1,11.9,11.06
ORD-2024-013654,1,PROD-016,3,8.9,23.23
ORD-2024-013654,2,PROD-032,1,19.72,18.37
ORD-2024-013655,1,PROD-024,1,8.73,8.24
ORD-2024-013656,1,PROD-015,2,26.76,52.39
ORD-2024-013657,1,PROD-045,1,72.68,65.82
ORD-2024-013657,2,PROD-001,1,12.9,12.68
ORD-2024-013658,1,PROD-004,1,20.28,16.04
ORD-2024-013659,1,PROD-040,3,15.21,30.67
ORD-2024-013659,2,PROD-002,1,11.9,10.55
ORD-2024-013660,1,PROD-007,1,17.18,16.14
ORD-2024-013660,2,PROD-008,2,9.9,19.22
ORD-2024-013660,3,PROD-041,1,11.83,11.2
ORD-2024-013661,1,PROD-006,1,32.39,29.06
ORD-2024-013661,2,PROD-046,1,259.15,246.01
ORD-2024-013662,1,PROD-004,2,20.28,28.9
ORD-2024-013663,1,PROD-050,1,61.97,32.56
ORD-2024-013663,2,PROD-027,1,21.13,19.65
ORD-2024-013664,1,PROD-037,2,9.86,13.93
ORD-2024-013665,1,PROD-016,2,8.9,17.42
ORD-2024-013666,1,PROD-001,3,12.9,37.9
ORD-2024-013666,2,PROD-023,2,7.89,14.66
ORD-2024-013667,1,PROD-005,1,20.28,16.49
ORD-2024-013668,1,PROD-004,3,20.28,44.24
ORD-2024-013669,1,PROD-004,1,20.28,17.39
ORD-2024-013669,2,PROD-012,1,18.5,16.7
ORD-2024-013670,1,PROD-038,1,7.89,7.8
ORD-2024-013671,1,PROD-056,1,101.41,90.36
ORD-2024-013672,1,PROD-006,2,32.39,63.63
ORD-2024-013673,1,PROD-005,1,20.28,19.87
ORD-2024-013674,1,PROD-015,2,26.76,37.47
ORD-2024-013675,1,PROD-011,1,14.9,12.52
ORD-2024-013675,2,PROD-028,2,17.18,30.36
ORD-2024-013676,1,PROD-052,1,46.48,37.39
ORD-2024-013676,2,PROD-002,1,11.9,10.76
ORD-2024-013677,1,PROD-016,1,8.9,6.54
ORD-2024-013677,2,PROD-036,2,11.55,20.61
ORD-2024-013677,3,PROD-048,1,55.77,50.18
ORD-2024-013678,1,PROD-007,1,17.18,13.96
ORD-2024-013679,1,PROD-004,1,20.28,16.91
ORD-2024-013680,1,PROD-004,1,20.28,19.68
ORD-2024-013680,2,PROD-048,2,55.77,109.3
ORD-2024-013680,3,PROD-036,2,11.55,22.49
ORD-2024-013681,1,PROD-013,2,11.9,21.6
ORD-2024-013682,1,PROD-002,1,11.9,11.63
ORD-2024-013682,2,PROD-006,2,32.39,63.37
ORD-2024-013682,3,PROD-013,1,11.9,11.8
ORD-2024-013683,1,PROD-001,1,12.9,11.51
ORD-2024-013683,2,PROD-004,1,20.28,19.2
ORD-2024-013683,3,PROD-019,1,29.58,22.68
ORD-2024-013684,1,PROD-039,2,8.17,12.92
ORD-2024-013684,2,PROD-059,1,52.11,46.56
ORD-2024-013684,3,PROD-050,1,61.97,50.66
ORD-2024-013685,1,PROD-004,1,20.28,17.12
ORD-2024-013685,2,PROD-002,1,11.9,9.89
ORD-2024-013685,3,PROD-037,2,9.86,19.7
ORD-2024-013686,1,PROD-010,3,38.03,108.08
ORD-2024-013686,2,PROD-034,2,9.01,17.43
ORD-2024-013687,1,PROD-002,1,11.9,10.17
ORD-2024-013688,1,PROD-004,1,20.28,19.6
ORD-2024-013689,1,PROD-040,2,15.21,26.83
ORD-2024-013689,2,PROD-002,3,11.9,32.78
ORD-2024-013689,3,PROD-014,1,9.9,9.11
ORD-2024-013690,1,PROD-025,1,21.97,21.24
ORD-2024-013691,1,PROD-002,1,11.9,8.65
ORD-2024-013691,2,PROD-028,1,17.18,16.33
ORD-2024-013692,1,PROD-002,2,11.9,21.25
ORD-2024-013693,1,PROD-045,1,72.68,65.19
ORD-2024-013694,1,PROD-042,1,73.24,50.37
ORD-2024-013694,2,PROD-041,1,11.83,6.93
ORD-2024-013695,1,PROD-007,2,17.18,34.1
ORD-2024-013695,2,PROD-048,2,55.77,108.81
ORD-2024-013695,3,PROD-034,1,9.01,8.8
ORD-2024-013696,1,PROD-027,2,21.13,41.5
ORD-2024-013697,1,PROD-006,2,32.39,60.08
ORD-2024-013697,2,PROD-035,1,10.14,8.67
ORD-2024-013697,3,PROD-036,2,11.55,21.16
ORD-2024-013698,1,PROD-003,1,14.37,11.37
ORD-2024-013699,1,PROD-006,3,32.39,90.88
ORD-2024-013699,2,PROD-034,1,9.01,8.86
ORD-2024-013700,1,PROD-023,1,7.89,7.73
ORD-2024-013700,2,PROD-027,2,21.13,40.83
ORD-2024-013701,1,PROD-024,1,8.73,6.89
ORD-2024-013701,2,PROD-033,1,52.11,46.12
ORD-2024-013702,1,PROD-002,1,11.9,7.02
ORD-2024-013702,2,PROD-001,1,12.9,11.62
ORD-2024-013703,1,PROD-022,1,9.01,8.91
ORD-2024-013704,1,PROD-003,2,14.37,25.55
ORD-2024-013705,1,PROD-040,1,15.21,8.35
ORD-2024-013705,2,PROD-026,1,14.65,14.41
ORD-2024-013705,3,PROD-035,4,10.14,30.64
ORD-2024-013706,1,PROD-029,2,24.79,46.18
ORD-2024-013706,2,PROD-021,1,15.49,15.13
ORD-2024-013707,1,PROD-004,1,20.28,19.26
ORD-2024-013708,1,PROD-005,1,20.28,14.8
ORD-2024-013709,1,PROD-034,3,9.01,25.73
ORD-2024-013709,2,PROD-032,2,19.72,38.6
ORD-2024-013709,3,PROD-006,1,32.39,28.12
ORD-2024-013710,1,PROD-005,1,20.28,17.67
ORD-2024-013710,2,PROD-006,2,32.39,50.57
ORD-2024-013710,3,PROD-010,3,38.03,105.25
ORD-2024-013711,1,PROD-005,1,20.28,16.79
ORD-2024-013712,1,PROD-005,3,20.28,56.09
ORD-2024-013713,1,PROD-005,1,20.28,17.94
ORD-2024-013713,2,PROD-035,1,10.14,8.65
ORD-2024-013714,1,PROD-002,1,11.9,10.73
ORD-2024-013714,2,PROD-003,3,14.37,42.11
ORD-2024-013715,1,PROD-026,1,14.65,14.35
ORD-2024-013716,1,PROD-005,1,20.28,19.03
ORD-2024-013717,1,PROD-002,1,11.9,10.1
ORD-2024-013717,2,PROD-034,1,9.01,7.34
ORD-2024-013717,3,PROD-030,1,49.3,38.61
ORD-2024-013718,1,PROD-002,2,11.9,18.61
ORD-2024-013718,2,PROD-034,1,9.01,8.78
ORD-2024-013718,3,PROD-041,2,11.83,19.95
ORD-2024-013719,1,PROD-032,1,19.72,19.36
ORD-2024-013720,1,PROD-040,1,15.21,13.7
ORD-2024-013721,1,PROD-012,1,18.5,14.51
ORD-2024-013721,2,PROD-004,1,20.28,19.4
ORD-2024-013722,1,PROD-005,1,20.28,17.66
ORD-2024-013722,2,PROD-034,2,9.01,13.03
ORD-2024-013722,3,PROD-035,3,10.14,27.65
ORD-2024-013723,1,PROD-013,1,11.9,11.58
ORD-2024-013724,1,PROD-040,1,15.21,14.36
ORD-2024-013725,1,PROD-002,1,11.9,8.27
ORD-2024-013725,2,PROD-011,1,14.9,13.74
ORD-2024-013725,3,PROD-008,1,9.9,9.07
ORD-2024-013726,1,PROD-038,1,7.89,7.3
ORD-2024-013727,1,PROD-038,1,7.89,7.46
ORD-2024-013727,2,PROD-002,1,11.9,11.8
ORD-2024-013727,3,PROD-006,2,32.39,63.65
ORD-2024-013728,1,PROD-019,2,29.58,42.94
ORD-2024-013728,2,PROD-003,1,14.37,12.9
ORD-2024-013729,1,PROD-022,1,9.01,8.46
ORD-2024-013729,2,PROD-053,1,53.52,48.53
ORD-2024-013729,3,PROD-033,2,52.11,95.38
ORD-2024-013729,4,PROD-037,1,9.86,8.7
ORD-2024-013729,5,PROD-050,1,61.97,59.18
ORD-2024-013730,1,PROD-007,1,17.18,16.68
ORD-2024-013731,1,PROD-039,3,8.17,23.4
ORD-2024-013732,1,PROD-010,1,38.03,29.42
ORD-2024-013733,1,PROD-028,1,17.18,7.73
ORD-2024-013734,1,PROD-019,2,29.58,54.41
ORD-2024-013735,1,PROD-028,1,17.18,16.76
ORD-2024-013735,2,PROD-010,1,38.03,35.71
ORD-2024-013736,1,PROD-004,2,20.28,36.59
ORD-2024-013737,1,PROD-024,2,8.73,16.78
ORD-2024-013738,1,PROD-007,1,17.18,16.22
ORD-2024-013739,1,PROD-004,2,20.28,38.78
ORD-2024-013739,2,PROD-001,2,12.9,20.97
ORD-2024-013739,3,PROD-002,1,11.9,8.9
ORD-2024-013740,1,PROD-005,2,20.28,39.01
ORD-2024-013740,2,PROD-041,1,11.83,11.48
ORD-2024-013740,3,PROD-032,1,19.72,16.15
ORD-2024-013741,1,PROD-013,1,11.9,11.6
ORD-2024-013742,1,PROD-005,1,20.28,20.14
ORD-2024-013743,1,PROD-003,1,14.37,11.73
ORD-2024-013743,2,PROD-034,1,9.01,7.91
ORD-2024-013743,3,PROD-053,1,53.52,48.1
ORD-2024-013744,1,PROD-003,3,14.37,40.08
ORD-2024-013745,1,PROD-011,2,14.9,28.08
ORD-2024-013745,2,PROD-004,1,20.28,20.0
ORD-2024-013745,3,PROD-027,1,21.13,20.9
ORD-2024-013746,1,PROD-027,1,21.13,20.73
ORD-2024-013747,1,PROD-005,1,20.28,19.29
ORD-2024-013748,1,PROD-002,1,11.9,10.92
ORD-2024-013749,1,PROD-012,2,18.5,33.19
ORD-2024-013750,1,PROD-010,2,38.03,55.42
ORD-2024-013750,2,PROD-019,1,29.58,23.0
ORD-2024-013751,1,PROD-004,2,20.28,35.53
ORD-2024-013752,1,PROD-040,1,15.21,13.36
ORD-2024-013752,2,PROD-027,1,21.13,20.5
ORD-2024-013753,1,PROD-005,1,20.28,14.29
ORD-2024-013753,2,PROD-007,1,17.18,9.84
ORD-2024-013754,1,PROD-003,3,14.37,35.47
ORD-2024-013754,2,PROD-044,1,40.85,33.72
ORD-2024-013754,3,PROD-031,1,53.52,48.54
ORD-2024-013754,4,PROD-001,2,12.9,23.76
ORD-2024-013755,1,PROD-023,1,7.89,7.56
ORD-2024-013755,2,PROD-025,1,21.97,21.73
ORD-2024-013755,3,PROD-051,1,36.06,35.05
ORD-2024-013755,4,PROD-003,1,14.37,13.8
ORD-2024-013756,1,PROD-024,1,8.73,6.71
ORD-2024-013756,2,PROD-029,1,24.79,14.89
ORD-2024-013757,1,PROD-019,1,29.58,27.66
ORD-2024-013758,1,PROD-001,3,12.9,37.99
ORD-2024-013759,1,PROD-030,1,49.3,41.57
ORD-2024-013760,1,PROD-016,1,8.9,4.13
ORD-2024-013761,1,PROD-004,1,20.28,15.92
ORD-2024-013761,2,PROD-040,2,15.21,13.69
ORD-2024-013761,3,PROD-003,1,14.37,12.85
ORD-2024-013762,1,PROD-003,1,14.37,14.25
ORD-2024-013762,2,PROD-027,1,21.13,20.72
ORD-2024-013763,1,PROD-005,1,20.28,19.0
ORD-2024-013763,2,PROD-034,2,9.01,17.07
ORD-2024-013763,3,PROD-044,1,40.85,37.31
ORD-2024-013764,1,PROD-032,4,19.72,78.08
ORD-2024-013764,2,PROD-005,1,20.28,19.67
ORD-2024-013764,3,PROD-012,1,18.5,17.95
ORD-2024-013765,1,PROD-038,1,7.89,7.74
ORD-2024-013765,2,PROD-004,1,20.28,18.43
ORD-2024-013765,3,PROD-031,1,53.52,52.98
ORD-2024-013765,4,PROD-027,1,21.13,20.41
ORD-2024-013765,5,PROD-002,1,11.9,10.96
ORD-2024-013766,1,PROD-024,1,8.73,8.2
ORD-2024-013766,2,PROD-031,1,53.52,51.14
ORD-2024-013766,3,PROD-027,2,21.13,40.45
ORD-2024-013766,4,PROD-039,1,8.17,7.33
ORD-2024-013766,5,PROD-042,2,73.24,120.3
ORD-2024-013767,1,PROD-038,2,7.89,12.92
ORD-2024-013768,1,PROD-032,3,19.72,57.27
ORD-2024-013769,1,PROD-014,3,9.9,28.67
ORD-2024-013770,1,PROD-036,2,11.55,21.23
ORD-2024-013770,2,PROD-035,1,10.14,9.54
ORD-2024-013771,1,PROD-004,1,20.28,16.35
ORD-2024-013772,1,PROD-020,1,10.14,7.96
ORD-2024-013772,2,PROD-010,2,38.03,43.92
ORD-2024-013773,1,PROD-026,1,14.65,13.62
ORD-2024-013774,1,PROD-001,3,12.9,32.61
ORD-2024-013775,1,PROD-021,2,15.49,29.44
ORD-2024-013776,1,PROD-040,2,15.21,28.08
ORD-2024-013777,1,PROD-003,1,14.37,12.48
ORD-2024-013778,1,PROD-016,1,8.9,7.8
ORD-2024-013778,2,PROD-008,1,9.9,4.52
ORD-2024-013779,1,PROD-013,1,11.9,10.65
ORD-2024-013779,2,PROD-040,1,15.21,11.07
ORD-2024-013780,1,PROD-004,3,20.28,55.08
ORD-2024-013781,1,PROD-005,1,20.28,16.93
ORD-2024-013781,2,PROD-035,1,10.14,6.97
ORD-2024-013781,3,PROD-021,1,15.49,15.08
ORD-2024-013782,1,PROD-008,2,9.9,16.32
ORD-2024-013783,1,PROD-006,1,32.39,30.58
ORD-2024-013783,2,PROD-034,1,9.01,8.8
ORD-2024-013783,3,PROD-042,1,73.24,64.18
ORD-2024-013784,1,PROD-035,1,10.14,8.46
ORD-2024-013784,2,PROD-040,1,15.21,12.75
ORD-2024-013784,3,PROD-002,1,11.9,7.64
ORD-2024-013784,4,PROD-006,3,32.39,90.32
ORD-2024-013784,5,PROD-023,1,7.89,5.95
ORD-2024-013785,1,PROD-040,1,15.21,13.77
ORD-2024-013786,1,PROD-022,1,9.01,7.66
ORD-2024-013786,2,PROD-002,1,11.9,11.05
ORD-2024-013787,1,PROD-004,1,20.28,19.81
ORD-2024-013788,1,PROD-020,1,10.14,7.83
ORD-2024-013789,1,PROD-006,1,32.39,28.04
ORD-2024-013790,1,PROD-041,1,11.83,11.37
ORD-2024-013791,1,PROD-022,2,9.01,17.42
ORD-2024-013791,2,PROD-007,2,17.18,33.1
ORD-2024-013791,3,PROD-005,1,20.28,20.07
ORD-2024-013792,1,PROD-029,1,24.79,23.52
ORD-2024-013792,2,PROD-040,2,15.21,28.13
ORD-2024-013793,1,PROD-036,4,11.55,40.15
ORD-2024-013794,1,PROD-030,1,49.3,46.51
ORD-2024-013795,1,PROD-028,1,17.18,14.8
ORD-2024-013795,2,PROD-005,2,20.28,39.16
ORD-2024-013795,3,PROD-001,1,12.9,11.63
ORD-2024-013795,4,PROD-029,1,24.79,19.76
ORD-2024-013796,1,PROD-035,4,10.14,34.29
ORD-2024-013796,2,PROD-007,1,17.18,11.04
ORD-2024-013797,1,PROD-031,1,53.52,24.08
ORD-2024-013798,1,PROD-036,1,11.55,9.71
ORD-2024-013799,1,PROD-001,1,12.9,12.64
ORD-2024-013799,2,PROD-034,2,9.01,16.34
ORD-2024-013800,1,PROD-005,1,20.28,19.75
ORD-2024-013801,1,PROD-022,1,9.01,7.84
ORD-2024-013802,1,PROD-044,1,40.85,32.21
ORD-2024-013802,2,PROD-016,1,8.9,8.71
ORD-2024-013803,1,PROD-033,1,52.11,50.68
ORD-2024-013804,1,PROD-010,1,38.03,37.0
ORD-2024-013804,2,PROD-036,3,11.55,27.52
ORD-2024-013805,1,PROD-001,2,12.9,23.59
ORD-2024-013805,2,PROD-002,1,11.9,11.55
ORD-2024-013805,3,PROD-004,2,20.28,38.26
ORD-2024-013806,1,PROD-030,1,49.3,46.11
ORD-2024-013807,1,PROD-017,2,12.5,22.62
ORD-2024-013808,1,PROD-022,1,9.01,8.26
ORD-2024-013809,1,PROD-053,1,53.52,48.99
ORD-2024-013810,1,PROD-006,1,32.39,23.58
ORD-2024-013810,2,PROD-004,2,20.28,37.05
ORD-2024-013810,3,PROD-002,1,11.9,10.48
ORD-2024-013811,1,PROD-002,1,11.9,7.97
ORD-2024-013811,2,PROD-040,1,15.21,14.67
ORD-2024-013812,1,PROD-002,2,11.9,18.87
ORD-2024-013813,1,PROD-055,1,74.65,63.34
ORD-2024-013814,1,PROD-002,1,11.9,9.18
ORD-2024-013815,1,PROD-022,1,9.01,8.37
ORD-2024-013816,1,PROD-001,2,12.9,23.12
ORD-2024-013816,2,PROD-002,1,11.9,10.12
ORD-2024-013816,3,PROD-020,2,10.14,16.66
ORD-2024-013817,1,PROD-020,1,10.14,9.53
ORD-2024-013818,1,PROD-005,2,20.28,40.46
ORD-2024-013819,1,PROD-005,1,20.28,19.42
ORD-2024-013819,2,PROD-002,1,11.9,11.62
ORD-2024-013819,3,PROD-031,1,53.52,51.89
ORD-2024-013820,1,PROD-034,1,9.01,8.71
ORD-2024-013821,1,PROD-012,1,18.5,17.63
ORD-2024-013821,2,PROD-032,2,19.72,37.93
ORD-2024-013822,1,PROD-030,1,49.3,48.88
ORD-2024-013823,1,PROD-008,2,9.9,19.27
ORD-2024-013823,2,PROD-041,1,11.83,10.54
ORD-2024-013823,3,PROD-003,1,14.37,13.58
ORD-2024-013824,1,PROD-005,2,20.28,38.52
ORD-2024-013824,2,PROD-041,3,11.83,34.55
ORD-2024-013825,1,PROD-026,1,14.65,13.68
ORD-2024-013826,1,PROD-013,1,11.9,10.77
ORD-2024-013826,2,PROD-006,2,32.39,55.3
ORD-2024-013827,1,PROD-003,2,14.37,24.6
ORD-2024-013828,1,PROD-020,1,10.14,8.29
ORD-2024-013828,2,PROD-038,3,7.89,21.27
ORD-2024-013828,3,PROD-003,1,14.37,13.81
ORD-2024-013828,4,PROD-028,1,17.18,14.54
ORD-2024-013829,1,PROD-001,1,12.9,12.3
ORD-2024-013829,2,PROD-004,1,20.28,18.87
ORD-2024-013830,1,PROD-002,1,11.9,10.63
ORD-2024-013831,1,PROD-023,1,7.89,6.8
ORD-2024-013832,1,PROD-048,1,55.77,55.19
ORD-2024-013833,1,PROD-034,3,9.01,24.95
ORD-2024-013834,1,PROD-005,1,20.28,16.28
ORD-2024-013834,2,PROD-001,1,12.9,11.72
ORD-2024-013835,1,PROD-003,1,14.37,12.27
ORD-2024-013836,1,PROD-027,1,21.13,20.34
ORD-2024-013837,1,PROD-001,2,12.9,20.91
ORD-2024-013838,1,PROD-026,1,14.65,12.33
ORD-2024-013839,1,PROD-036,2,11.55,19.66
ORD-2024-013840,1,PROD-033,1,52.11,38.57
ORD-2024-013841,1,PROD-003,1,14.37,13.87
ORD-2024-013841,2,PROD-004,1,20.28,17.86
ORD-2024-013841,3,PROD-041,3,11.83,27.1
ORD-2024-013842,1,PROD-028,1,17.18,14.43
ORD-2024-013842,2,PROD-006,1,32.39,28.11
ORD-2024-013843,1,PROD-029,2,24.79,42.5
ORD-2024-013843,2,PROD-002,1,11.9,8.4
ORD-2024-013844,1,PROD-005,1,20.28,18.76
ORD-2024-013845,1,PROD-013,1,11.9,10.41
ORD-2024-013846,1,PROD-005,1,20.28,17.18
ORD-2024-013846,2,PROD-033,1,52.11,50.39
ORD-2024-013846,3,PROD-041,2,11.83,19.61
ORD-2024-013847,1,PROD-005,1,20.28,15.41
ORD-2024-013848,1,PROD-033,1,52.11,48.9
ORD-2024-013849,1,PROD-037,3,9.86,23.78
ORD-2024-013849,2,PROD-005,3,20.28,57.38
ORD-2024-013850,1,PROD-037,1,9.86,9.05
ORD-2024-013851,1,PROD-006,2,32.39,63.94
ORD-2024-013851,2,PROD-034,2,9.01,17.58
ORD-2024-013852,1,PROD-005,1,20.28,16.51
ORD-2024-013852,2,PROD-004,1,20.28,19.17
ORD-2024-013853,1,PROD-008,1,9.9,9.19
ORD-2024-013854,1,PROD-020,1,10.14,9.32
ORD-2024-013855,1,PROD-007,1,17.18,15.68
ORD-2024-013855,2,PROD-034,3,9.01,23.11
ORD-2024-013856,1,PROD-003,1,14.37,12.97
ORD-2024-013856,2,PROD-001,1,12.9,11.65
ORD-2024-013856,3,PROD-041,2,11.83,21.71
ORD-2024-013857,1,PROD-005,2,20.28,38.95
ORD-2024-013857,2,PROD-041,3,11.83,31.1
ORD-2024-013858,1,PROD-003,1,14.37,12.55
ORD-2024-013859,1,PROD-024,1,8.73,8.47
ORD-2024-013859,2,PROD-001,2,12.9,24.26
ORD-2024-013859,3,PROD-006,3,32.39,92.46
ORD-2024-013860,1,PROD-013,1,11.9,11.65
ORD-2024-013860,2,PROD-038,2,7.89,15.69
ORD-2024-013861,1,PROD-036,1,11.55,8.62
ORD-2024-013862,1,PROD-028,1,17.18,16.6
ORD-2024-013862,2,PROD-049,1,80.28,78.67
ORD-2024-013863,1,PROD-004,3,20.28,53.81
ORD-2024-013863,2,PROD-034,1,9.01,8.74
ORD-2024-013863,3,PROD-033,2,52.11,100.24
ORD-2024-013864,1,PROD-003,1,14.37,13.04
ORD-2024-013865,1,PROD-014,1,9.9,8.61
ORD-2024-013866,1,PROD-010,3,38.03,106.43
ORD-2024-013866,2,PROD-026,1,14.65,14.18
ORD-2024-013866,3,PROD-006,1,32.39,30.19
ORD-2024-013867,1,PROD-013,1,11.9,11.4
ORD-2024-013868,1,PROD-013,3,11.9,29.69
ORD-2024-013869,1,PROD-012,2,18.5,31.81
ORD-2024-013869,2,PROD-008,1,9.9,9.26
ORD-2024-013869,3,PROD-014,2,9.9,18.3
ORD-2024-013870,1,PROD-005,1,20.28,14.35
ORD-2024-013870,2,PROD-011,3,14.9,32.59
ORD-2024-013870,3,PROD-002,2,11.9,22.54
ORD-2024-013871,1,PROD-004,1,20.28,18.65
ORD-2024-013871,2,PROD-002,1,11.9,8.48
ORD-2024-013871,3,PROD-041,1,11.83,9.38
ORD-2024-013872,1,PROD-001,1,12.9,12.44
ORD-2024-013873,1,PROD-026,2,14.65,25.82
ORD-2024-013873,2,PROD-056,1,101.41,52.83
ORD-2024-013873,3,PROD-007,1,17.18,7.75
ORD-2024-013874,1,PROD-032,1,19.72,18.72
ORD-2024-013875,1,PROD-020,1,10.14,9.1
ORD-2024-013875,2,PROD-014,1,9.9,9.63
ORD-2024-013876,1,PROD-017,1,12.5,11.84
ORD-2024-013876,2,PROD-035,1,10.14,8.8
ORD-2024-013877,1,PROD-040,3,15.21,39.51
ORD-2024-013878,1,PROD-001,2,12.9,23.51
ORD-2024-013879,1,PROD-004,2,20.28,37.37
ORD-2024-013879,2,PROD-001,1,12.9,9.99
ORD-2024-013879,3,PROD-039,1,8.17,7.41
ORD-2024-013879,4,PROD-015,2,26.76,45.82
ORD-2024-013880,1,PROD-024,1,8.73,8.35
ORD-2024-013880,2,PROD-028,2,17.18,29.07
ORD-2024-013880,3,PROD-004,2,20.28,38.73
ORD-2024-013880,4,PROD-001,2,12.9,24.62
ORD-2024-013881,1,PROD-035,1,10.14,9.69
ORD-2024-013882,1,PROD-006,2,32.39,57.1
ORD-2024-013883,1,PROD-020,1,10.14,8.93
ORD-2024-013883,2,PROD-007,1,17.18,13.48
ORD-2024-013884,1,PROD-022,2,9.01,14.3
ORD-2024-013885,1,PROD-006,2,32.39,52.67
ORD-2024-013886,1,PROD-020,1,10.14,9.83
ORD-2024-013887,1,PROD-041,1,11.83,11.54
ORD-2024-013887,2,PROD-005,1,20.28,19.82
ORD-2024-013887,3,PROD-034,2,9.01,17.78
ORD-2024-013888,1,PROD-002,1,11.9,10.48
ORD-2024-013889,1,PROD-004,1,20.28,17.46
ORD-2024-013889,2,PROD-006,1,32.39,29.74
ORD-2024-013889,3,PROD-035,1,10.14,9.9
ORD-2024-013890,1,PROD-012,1,18.5,17.95
ORD-2024-013890,2,PROD-001,1,12.9,12.63
ORD-2024-013891,1,PROD-013,1,11.9,5.39
ORD-2024-013891,2,PROD-036,1,11.55,9.53
ORD-2024-013892,1,PROD-044,1,40.85,28.22
ORD-2024-013893,1,PROD-008,1,9.9,9.66
ORD-2024-013894,1,PROD-023,2,7.89,10.46
ORD-2024-013895,1,PROD-035,2,10.14,19.19
ORD-2024-013896,1,PROD-020,1,10.14,9.68
ORD-2024-013896,2,PROD-022,1,9.01,8.41
ORD-2024-013896,3,PROD-004,1,20.28,18.72
ORD-2024-013897,1,PROD-004,2,20.28,39.98
ORD-2024-013898,1,PROD-012,3,18.5,48.82
ORD-2024-013899,1,PROD-005,1,20.28,17.84
ORD-2024-013900,1,PROD-032,1,19.72,17.89
ORD-2024-013901,1,PROD-041,3,11.83,32.6
ORD-2024-013902,1,PROD-003,1,14.37,13.49
ORD-2024-013902,2,PROD-020,1,10.14,5.9
ORD-2024-013903,1,PROD-038,1,7.89,7.75
ORD-2024-013903,2,PROD-004,1,20.28,20.15
ORD-2024-013903,3,PROD-006,3,32.39,95.96
ORD-2024-013904,1,PROD-006,3,32.39,78.31
ORD-2024-013905,1,PROD-041,2,11.83,22.94
ORD-2024-013905,2,PROD-028,1,17.18,16.92
ORD-2024-013906,1,PROD-039,2,8.17,15.92
ORD-2024-013907,1,PROD-029,1,24.79,21.73
ORD-2024-013908,1,PROD-001,3,12.9,36.29
ORD-2024-013909,1,PROD-004,2,20.28,29.28
ORD-2024-013910,1,PROD-002,3,11.9,29.24
ORD-2024-013910,2,PROD-028,1,17.18,15.75
ORD-2024-013911,1,PROD-027,1,21.13,20.32
ORD-2024-013911,2,PROD-005,1,20.28,18.4
ORD-2024-013911,3,PROD-006,1,32.39,31.72
ORD-2024-013912,1,PROD-001,1,12.9,10.85
ORD-2024-013912,2,PROD-010,2,38.03,59.71
ORD-2024-013913,1,PROD-004,1,20.28,19.53
ORD-2024-013914,1,PROD-025,1,21.97,21.72
ORD-2024-013914,2,PROD-050,1,61.97,59.61
ORD-2024-013915,1,PROD-005,1,20.28,17.72
ORD-2024-013915,2,PROD-012,2,18.5,28.74
ORD-2024-013916,1,PROD-052,1,46.48,45.47
ORD-2024-013916,2,PROD-010,1,38.03,37.03
ORD-2024-013917,1,PROD-004,1,20.28,19.59
ORD-2024-013918,1,PROD-038,1,7.89,6.82
ORD-2024-013919,1,PROD-010,1,38.03,18.87
ORD-2024-013920,1,PROD-041,1,11.83,11.6
ORD-2024-013920,2,PROD-038,3,7.89,22.16
ORD-2024-013920,3,PROD-023,1,7.89,7.53
ORD-2024-013921,1,PROD-033,1,52.11,40.54
ORD-2024-013921,2,PROD-002,2,11.9,23.24
ORD-2024-013922,1,PROD-047,1,108.45,107.29
ORD-2024-013923,1,PROD-032,2,19.72,26.89
ORD-2024-013923,2,PROD-014,2,9.9,18.32
ORD-2024-013923,3,PROD-001,1,12.9,8.37
ORD-2024-013923,4,PROD-020,1,10.14,8.78
ORD-2024-013924,1,PROD-015,2,26.76,51.57
ORD-2024-013925,1,PROD-033,1,52.11,51.41
ORD-2024-013925,2,PROD-012,1,18.5,16.84
ORD-2024-013926,1,PROD-037,1,9.86,8.71
ORD-2024-013927,1,PROD-002,1,11.9,11.61
ORD-2024-013928,1,PROD-035,2,10.14,18.48
ORD-2024-013928,2,PROD-004,2,20.28,35.83
ORD-2024-013928,3,PROD-003,1,14.37,13.35
ORD-2024-013928,4,PROD-014,1,9.9,8.94
ORD-2024-013929,1,PROD-002,1,11.9,11.53
ORD-2024-013929,2,PROD-007,1,17.18,16.09
ORD-2024-013930,1,PROD-031,1,53.52,53.47
ORD-2024-013931,1,PROD-007,2,17.18,34.02
ORD-2024-013931,2,PROD-001,1,12.9,12.85
ORD-2024-013932,1,PROD-001,2,12.9,20.61
ORD-2024-013933,1,PROD-002,2,11.9,23.03
ORD-2024-013934,1,PROD-037,2,9.86,18.8
ORD-2024-013935,1,PROD-004,2,20.28,37.65
ORD-2024-013936,1,PROD-010,3,38.03,100.97
ORD-2024-013937,1,PROD-008,1,9.9,7.92
ORD-2024-013937,2,PROD-010,3,38.03,97.98
ORD-2024-013938,1,PROD-007,1,17.18,14.85
ORD-2024-013938,2,PROD-051,1,36.06,29.39
ORD-2024-013938,3,PROD-035,2,10.14,19.42
ORD-2024-013938,4,PROD-033,3,52.11,144.43
ORD-2024-013939,1,PROD-001,1,12.9,12.68
ORD-2024-013940,1,PROD-003,3,14.37,42.46
ORD-2024-013940,2,PROD-035,2,10.14,20.12
ORD-2024-013940,3,PROD-059,1,52.11,49.95
ORD-2024-013941,1,PROD-004,1,20.28,19.56
ORD-2024-013941,2,PROD-041,1,11.83,10.27
ORD-2024-013942,1,PROD-005,1,20.28,18.8
ORD-2024-013942,2,PROD-060,1,42.25,38.22
ORD-2024-013942,3,PROD-001,1,12.9,12.53
ORD-2024-013943,1,PROD-039,2,8.17,16.14
ORD-2024-013944,1,PROD-011,1,14.9,13.62
ORD-2024-013945,1,PROD-021,1,15.49,9.99
ORD-2024-013946,1,PROD-051,1,36.06,32.93
ORD-2024-013947,1,PROD-023,2,7.89,14.24
ORD-2024-013947,2,PROD-022,1,9.01,8.56
ORD-2024-013947,3,PROD-005,1,20.28,19.16
ORD-2024-013948,1,PROD-003,2,14.37,27.52
ORD-2024-013948,2,PROD-006,2,32.39,61.72
ORD-2024-013948,3,PROD-005,1,20.28,19.35
ORD-2024-013949,1,PROD-003,1,14.37,14.18
ORD-2024-013950,1,PROD-045,2,72.68,131.8
ORD-2024-013950,2,PROD-012,1,18.5,15.07
ORD-2024-013951,1,PROD-025,1,21.97,20.3
ORD-2024-013951,2,PROD-041,4,11.83,36.58
ORD-2024-013952,1,PROD-035,1,10.14,7.62
ORD-2024-013952,2,PROD-041,1,11.83,9.6
ORD-2024-013953,1,PROD-035,1,10.14,7.23
ORD-2024-013954,1,PROD-007,3,17.18,
ORD-2024-013955,1,PROD-008,3,9.9,25.19
ORD-2024-013956,1,PROD-028,1,17.18,16.34
ORD-2024-013956,2,PROD-022,1,9.01,8.41
ORD-2024-013957,1,PROD-006,1,32.39,30.26
ORD-2024-013958,1,PROD-008,1,9.9,8.27
ORD-2024-013959,1,PROD-019,2,29.58,57.63
ORD-2024-013959,2,PROD-008,3,9.9,26.89
ORD-2024-013959,3,PROD-001,2,12.9,22.45
ORD-2024-013959,4,PROD-042,1,73.24,69.51
ORD-2024-013960,1,PROD-004,1,20.28,20.23
ORD-2024-013961,1,PROD-013,1,11.9,9.79
ORD-2024-013961,2,PROD-005,1,20.28,14.08
ORD-2024-013962,1,PROD-026,2,14.65,28.72
ORD-2024-013963,1,PROD-002,1,11.9,10.06
ORD-2024-013963,2,PROD-034,1,9.01,8.26
ORD-2024-013964,1,PROD-037,2,9.86,19.18
ORD-2024-013964,2,PROD-007,2,17.18,33.45
ORD-2024-013964,3,PROD-022,2,9.01,17.68
ORD-2024-013964,4,PROD-004,3,20.28,59.1
ORD-2024-013965,1,PROD-040,3,15.21,44.82
ORD-2024-013966,1,PROD-004,1,20.28,19.24
ORD-2024-013967,1,PROD-039,1,8.17,7.01
ORD-2024-013968,1,PROD-028,1,17.18,16.43
ORD-2024-013968,2,PROD-002,3,11.9,34.4
ORD-2024-013968,3,PROD-030,2,49.3,95.4
ORD-2024-013969,1,PROD-005,1,20.28,19.48
ORD-2024-013970,1,PROD-036,2,11.55,16.56
ORD-2024-013970,2,PROD-012,1,18.5,17.75
ORD-2024-013971,1,PROD-005,2,20.28,37.17
ORD-2024-013971,2,PROD-003,1,14.37,14.06
ORD-2024-013971,3,PROD-002,2,11.9,22.52
ORD-2024-013972,1,PROD-027,1,21.13,18.77
ORD-2024-013972,2,PROD-011,1,14.9,14.61
ORD-2024-013973,1,PROD-001,1,12.9,11.81
ORD-2024-013973,2,PROD-003,1,14.37,13.37
ORD-2024-013974,1,PROD-032,2,19.72,37.41
ORD-2024-013974,2,PROD-040,1,15.21,13.22
ORD-2024-013975,1,PROD-014,1,9.9,8.76
ORD-2024-013976,1,PROD-035,2,10.14,18.71
ORD-2024-013977,1,PROD-005,2,20.28,35.17
ORD-2024-013977,2,PROD-040,1,15.21,12.0
ORD-2024-013978,1,PROD-004,2,20.28,37.05
ORD-2024-013979,1,PROD-006,1,32.39,29.07
ORD-2024-013979,2,PROD-034,1,9.01,8.19
ORD-2024-013979,3,PROD-024,2,8.73,16.57
ORD-2024-013980,1,PROD-047,1,108.45,100.66
ORD-2024-013981,1,PROD-012,1,18.5,17.98
ORD-2024-013981,2,PROD-033,1,52.11,39.18
ORD-2024-013981,3,PROD-042,3,73.24,192.78
ORD-2024-013982,1,PROD-005,2,20.28,37.52
ORD-2024-013983,1,PROD-019,3,29.58,87.34
ORD-2024-013984,1,PROD-001,1,12.9,10.05
ORD-2024-013985,1,PROD-010,1,38.03,35.31
ORD-2024-013985,2,PROD-001,1,12.9,12.65
ORD-2024-013985,3,PROD-033,2,52.11,103.55
ORD-2024-013986,1,PROD-001,1,12.9,11.94
ORD-2024-013987,1,PROD-005,1,20.28,19.3
ORD-2024-013988,1,PROD-021,1,15.49,14.55
ORD-2024-013988,2,PROD-004,2,20.28,40.26
ORD-2024-013989,1,PROD-001,2,12.9,25.17
ORD-2024-013990,1,PROD-001,2,12.9,23.69
ORD-2024-013990,2,PROD-037,1,9.86,7.22
ORD-2024-013990,3,PROD-034,3,9.01,25.0
ORD-2024-013991,1,PROD-004,2,20.28,28.85
ORD-2024-013992,1,PROD-012,1,18.5,18.24
ORD-2024-013993,1,PROD-014,2,9.9,19.44
ORD-2024-013994,1,PROD-002,2,11.9,21.89
ORD-2024-013994,2,PROD-038,1,7.89,7.44
ORD-2024-013995,1,PROD-004,1,20.28,19.65
ORD-2024-013996,1,PROD-001,2,12.9,24.47
ORD-2024-013997,1,PROD-001,1,12.9,11.06
ORD-2024-013998,1,PROD-047,1,108.45,104.32
ORD-2024-013999,1,PROD-014,1,9.9,8.18
ORD-2024-014000,1,PROD-004,1,20.28,18.17
ORD-2024-014000,2,PROD-017,2,12.5,21.57
ORD-2024-014000,3,PROD-035,2,10.14,17.83
ORD-2024-014001,1,PROD-038,3,7.89,20.55
ORD-2024-014002,1,PROD-002,2,11.9,21.52
ORD-2024-014003,1,PROD-038,4,7.89,31.16
ORD-2024-014004,1,PROD-002,2,11.9,22.08
ORD-2024-014005,1,PROD-020,1,10.14,10.12
ORD-2024-014006,1,PROD-041,2,11.83,23.46
ORD-2024-014007,1,PROD-005,1,20.28,19.71
ORD-2024-014007,2,PROD-038,1,7.89,7.71
ORD-2024-014008,1,PROD-002,3,11.9,33.17
ORD-2024-014008,2,PROD-007,2,17.18,26.9
ORD-2024-014009,1,PROD-001,1,12.9,12.38
ORD-2024-014009,2,PROD-023,1,7.89,7.52
ORD-2024-014010,1,PROD-002,2,11.9,23.66
ORD-2024-014010,2,PROD-003,1,14.37,11.38
ORD-2024-014011,1,PROD-007,1,17.18,14.77
ORD-2024-014012,1,PROD-010,2,38.03,73.87
ORD-2024-014013,1,PROD-027,1,21.13,20.46
ORD-2024-014013,2,PROD-004,1,20.28,18.77
ORD-2024-014014,1,PROD-010,3,38.03,101.31
ORD-2024-014014,2,PROD-040,3,15.21,36.93
ORD-2024-014015,1,PROD-006,1,32.39,26.47
ORD-2024-014016,1,PROD-004,1,20.28,20.06
ORD-2024-014016,2,PROD-034,2,9.01,15.95
ORD-2024-014016,3,PROD-028,1,17.18,16.01
ORD-2024-014017,1,PROD-021,1,15.49,10.0
ORD-2024-014018,1,PROD-035,2,10.14,17.99
ORD-2024-014019,1,PROD-022,2,9.01,16.36
ORD-2024-014019,2,PROD-007,1,17.18,14.43
ORD-2024-014020,1,PROD-032,1,19.72,16.96
ORD-2024-014021,1,PROD-029,2,24.79,48.79
ORD-2024-014021,2,PROD-022,1,9.01,8.11
ORD-2024-014022,1,PROD-035,1,10.14,9.79
ORD-2024-014023,1,PROD-004,1,20.28,0.0
ORD-2024-014024,1,PROD-001,1,12.9,11.08
ORD-2024-014024,2,PROD-027,1,21.13,19.9
ORD-2024-014025,1,PROD-004,2,20.28,39.14
ORD-2024-014025,2,PROD-032,1,19.72,19.06
ORD-2024-014026,1,PROD-042,2,73.24,142.41
ORD-2024-014026,2,PROD-005,1,20.28,14.4
ORD-2024-014027,1,PROD-029,2,24.79,45.98
ORD-2024-014028,1,PROD-002,1,11.9,11.79
ORD-2024-014029,1,PROD-051,1,36.06,31.55
ORD-2024-014029,2,PROD-022,2,9.01,16.69
ORD-2024-014030,1,PROD-032,2,19.72,36.79
ORD-2024-014031,1,PROD-037,1,9.86,8.42
ORD-2024-014031,2,PROD-040,2,15.21,25.28
ORD-2024-014032,1,PROD-012,1,18.5,8.61
ORD-2024-014033,1,PROD-001,1,12.9,10.57
ORD-2024-014034,1,PROD-013,1,11.9,11.06
ORD-2024-014035,1,PROD-028,2,17.18,28.01
ORD-2024-014036,1,PROD-006,2,32.39,36.56
ORD-2024-014037,1,PROD-003,1,14.37,13.89
ORD-2024-014038,1,PROD-008,2,9.9,19.09
ORD-2024-014039,1,PROD-004,3,20.28,48.61
ORD-2024-014039,2,PROD-001,1,12.9,11.63
ORD-2024-014039,3,PROD-040,1,15.21,13.54
ORD-2024-014040,1,PROD-035,1,10.14,9.0
ORD-2024-014040,2,PROD-004,2,20.28,38.3
ORD-2024-014041,1,PROD-021,1,15.49,14.02
ORD-2024-014042,1,PROD-022,1,9.01,7.98
ORD-2024-014042,2,PROD-035,1,10.14,10.0
ORD-2024-014042,3,PROD-001,2,12.9,21.03
ORD-2024-014043,1,PROD-020,1,10.14,9.75
ORD-2024-014043,2,PROD-005,3,20.28,51.17
ORD-2024-014044,1,PROD-001,1,12.9,12.56
ORD-2024-014044,2,PROD-052,1,46.48,45.18
ORD-2024-014044,3,PROD-006,2,32.39,61.93
ORD-2024-014045,1,PROD-039,1,8.17,8.03
ORD-2024-014046,1,PROD-005,1,20.28,19.54
ORD-2024-014046,2,PROD-006,1,32.39,31.18
ORD-2024-014047,1,PROD-007,1,17.18,16.72
ORD-2024-014048,1,PROD-034,1,9.01,8.39
ORD-2024-014049,1,PROD-003,1,14.37,14.05
ORD-2024-014049,2,PROD-026,1,14.65,12.81
ORD-2024-014050,1,PROD-005,2,20.28,34.57
ORD-2024-014050,2,PROD-034,2,9.01,16.41
ORD-2024-014050,3,PROD-004,2,20.28,38.67
ORD-2024-014051,1,PROD-048,1,55.77,54.59
ORD-2024-014052,1,PROD-008,1,9.9,9.2
ORD-2024-014053,1,PROD-004,2,20.28,29.3
ORD-2024-014054,1,PROD-004,1,20.28,17.59
ORD-2024-014054,2,PROD-002,2,11.9,22.34
ORD-2024-014054,3,PROD-003,2,14.37,26.02
ORD-2024-014055,1,PROD-042,1,73.24,65.43
ORD-2024-014056,1,PROD-048,1,55.77,53.2
ORD-2024-014057,1,PROD-005,1,20.28,17.01
ORD-2024-014058,1,PROD-008,1,9.9,9.8
ORD-2024-014059,1,PROD-037,2,9.86,18.51
ORD-2024-014059,2,PROD-006,1,32.39,26.33
ORD-2024-014060,1,PROD-005,3,20.28,54.1
ORD-2024-014061,1,PROD-004,1,20.28,18.47
ORD-2024-014062,1,PROD-003,2,14.37,27.66
ORD-2024-014062,2,PROD-031,2,53.52,90.08
ORD-2024-014062,3,PROD-002,1,11.9,9.99
ORD-2024-014063,1,PROD-005,1,20.28,19.82
ORD-2024-014063,2,PROD-047,1,108.45,103.92
ORD-2024-014063,3,PROD-041,1,11.83,11.57
ORD-2024-014064,1,PROD-022,1,9.01,6.56
ORD-2024-014064,2,PROD-004,2,20.28,37.15
ORD-2024-014064,3,PROD-008,1,9.9,9.46
ORD-2024-014065,1,PROD-012,1,18.5,17.86
ORD-2024-014066,1,PROD-008,2,9.9,17.73
ORD-2024-014067,1,PROD-037,1,9.86,9.44
ORD-2024-014068,1,PROD-005,1,20.28,18.78
ORD-2024-014068,2,PROD-037,4,9.86,38.06
ORD-2024-014069,1,PROD-007,2,17.18,25.43
ORD-2024-014070,1,PROD-056,1,101.41,100.92
ORD-2024-014071,1,PROD-001,1,12.9,12.51
ORD-2024-014072,1,PROD-032,1,19.72,19.4
ORD-2024-014072,2,PROD-042,2,73.24,139.99
ORD-2024-014072,3,PROD-007,1,17.18,17.03
ORD-2024-014073,1,PROD-017,3,12.5,32.66
ORD-2024-014074,1,PROD-017,1,12.5,11.56
ORD-2024-014074,2,PROD-047,1,108.45,103.6
ORD-2024-014074,3,PROD-007,3,17.18,47.72
ORD-2024-014074,4,PROD-004,1,20.28,19.37
ORD-2024-014075,1,PROD-040,1,15.21,12.8
ORD-2024-014076,1,PROD-008,1,9.9,7.26
ORD-2024-014077,1,PROD-045,1,72.68,40.58
ORD-2024-014077,2,PROD-003,1,14.37,11.75
ORD-2024-014078,1,PROD-022,1,9.01,8.21
ORD-2024-014079,1,PROD-050,1,61.97,55.45
ORD-2024-014079,2,PROD-024,1,8.73,4.9
ORD-2024-014080,1,PROD-025,1,21.97,21.7
ORD-2024-014081,1,PROD-010,1,38.03,27.73
ORD-2024-014081,2,PROD-035,4,10.14,33.0
ORD-2024-014081,3,PROD-047,1,108.45,63.95
ORD-2024-014082,1,PROD-038,1,7.89,7.81
ORD-2024-014083,1,PROD-020,1,10.14,8.63
ORD-2024-014084,1,PROD-010,1,38.03,36.96
ORD-2024-014085,1,PROD-004,2,20.28,28.64
ORD-2024-014086,1,PROD-037,1,9.86,9.63
ORD-2024-014087,1,PROD-001,2,12.9,24.47
ORD-2024-014087,2,PROD-005,2,20.28,39.93
ORD-2024-014088,1,PROD-003,1,14.37,10.52
ORD-2024-014089,1,PROD-014,2,9.9,16.93
ORD-2024-014090,1,PROD-005,2,20.28,40.02
ORD-2024-014091,1,PROD-004,1,20.28,19.82
ORD-2024-014091,2,PROD-047,1,108.45,80.85
ORD-2024-014092,1,PROD-053,1,53.52,51.37
ORD-2024-014093,1,PROD-001,1,12.9,10.25
ORD-2024-014094,1,PROD-002,1,11.9,8.87
ORD-2024-014095,1,PROD-031,1,53.52,51.73
ORD-2024-014096,1,PROD-011,2,14.9,20.68
ORD-2024-014097,1,PROD-024,1,8.73,5.79
ORD-2024-014098,1,PROD-016,1,8.9,4.92
ORD-2024-014098,2,PROD-002,1,11.9,11.04
ORD-2024-014099,1,PROD-003,1,14.37,13.12
ORD-2024-014100,1,PROD-038,1,7.89,7.39
ORD-2024-014101,1,PROD-008,2,9.9,19.2
ORD-2024-014101,2,PROD-051,1,36.06,32.98
ORD-2024-014101,3,PROD-014,1,9.9,9.32
ORD-2024-014102,1,PROD-036,2,11.55,21.67
ORD-2024-014103,1,PROD-004,1,20.28,17.56
ORD-2024-014104,1,PROD-023,2,7.89,13.21
ORD-2024-014105,1,PROD-006,1,32.39,31.83
ORD-2024-014106,1,PROD-003,1,14.37,13.98
ORD-2024-014106,2,PROD-027,1,21.13,20.97
ORD-2024-014107,1,PROD-007,1,17.18,15.22
ORD-2024-014108,1,PROD-059,1,52.11,47.86
ORD-2024-014109,1,PROD-027,1,21.13,15.79
ORD-2024-014109,2,PROD-042,1,73.24,72.42
ORD-2024-014110,1,PROD-008,2,9.9,17.97
ORD-2024-014111,1,PROD-004,2,20.28,38.15
ORD-2024-014112,1,PROD-002,1,11.9,11.46
ORD-2024-014113,1,PROD-006,3,32.39,73.85
ORD-2024-014114,1,PROD-037,2,9.86,19.14
ORD-2024-014114,2,PROD-003,1,14.37,13.16
ORD-2024-014115,1,PROD-010,1,38.03,37.49
ORD-2024-014116,1,PROD-006,1,32.39,29.16
ORD-2024-014117,1,PROD-004,2,20.28,30.16
ORD-2024-014118,1,PROD-041,1,11.83,9.25
ORD-2024-014119,1,PROD-001,2,12.9,21.11
ORD-2024-014119,2,PROD-004,1,20.28,16.36
ORD-2024-014120,1,PROD-001,1,12.9,12.66
ORD-2024-014121,1,PROD-056,1,101.41,91.24
ORD-2024-014122,1,PROD-004,2,20.28,38.34
ORD-2024-014123,1,PROD-006,1,32.39,31.09
ORD-2024-014124,1,PROD-029,1,24.79,18.34
ORD-2024-014125,1,PROD-021,1,15.49,13.56
ORD-2024-014126,1,PROD-011,1,14.9,13.05
ORD-2024-014127,1,PROD-011,1,14.9,11.83
 ORD-2024-014127 ,2,PROD-037,1,9.86,8.27
ORD-2024-014128,1,PROD-006,1,32.39,20.28
ORD-2024-014128,2,PROD-037,4,9.86,30.53
ORD-2024-014129,1,PROD-036,1,11.55,7.69
ORD-2024-014130,1,PROD-004,1,20.28,17.4
ORD-2024-014131,1,PROD-034,3,9.01,25.48
ORD-2024-014131,2,PROD-006,2,32.39,59.63
ORD-2024-014132,1,PROD-007,1,17.18,14.9
ORD-2024-014132,2,PROD-001,2,12.9,24.57
ORD-2024-014133,1,PROD-034,1,9.01,7.97
ORD-2024-014134,1,PROD-025,1,21.97,20.47
ORD-2024-014134,2,PROD-017,2,12.5,20.18
ORD-2024-014135,1,PROD-008,3,9.9,29.01
ORD-2024-014136,1,PROD-021,1,15.49,15.03
ORD-2024-014136,2,PROD-028,1,17.18,16.59
ORD-2024-014137,1,PROD-026,1,14.65,14.31
ORD-2024-014137,2,PROD-006,3,32.39,94.09
ORD-2024-014138,1,PROD-014,1,9.9,9.55
ORD-2024-014138,2,PROD-040,3,15.21,42.95
ORD-2024-014139,1,PROD-028,2,17.18,32.26
ORD-2024-014139,2,PROD-040,1,15.21,13.73
ORD-2024-014139,3,PROD-001,1,12.9,9.08
ORD-2024-014139,4,PROD-037,2,9.86,19.42
ORD-2024-014140,1,PROD-012,1,18.5,18.06
ORD-2024-014141,1,PROD-012,1,18.5,16.64
ORD-2024-014142,1,PROD-031,1,53.52,48.58
ORD-2024-014142,2,PROD-003,2,14.37,24.23
ORD-2024-014142,3,PROD-006,3,32.39,66.19
ORD-2024-014143,1,PROD-004,1,20.28,14.69
ORD-2024-014144,1,PROD-004,2,20.28,39.34
ORD-2024-014145,1,PROD-031,1,53.52,49.61
ORD-2024-014146,1,PROD-011,2,14.9,26.35
ORD-2024-014146,2,PROD-003,1,14.37,13.78
ORD-2024-014147,1,PROD-004,2,20.28,36.51
ORD-2024-014147,2,PROD-041,1,11.83,10.98
ORD-2024-014148,1,PROD-010,1,38.03,36.3
ORD-2024-014149,1,PROD-005,3,20.28,56.25
ORD-2024-014149,2,PROD-035,2,10.14,18.31
ORD-2024-014150,1,PROD-002,2,11.9,21.23
ORD-2024-014151,1,PROD-035,2,10.14,15.59
ORD-2024-014152,1,PROD-005,1,20.28,19.27
ORD-2024-014152,2,PROD-027,2,21.13,40.12
ORD-2024-014152,3,PROD-041,3,11.83,34.49
ORD-2024-014153,1,PROD-023,1,7.89,5.23
ORD-2024-014153,2,PROD-037,1,9.86,7.74
ORD-2024-014154,1,PROD-030,2,49.3,96.67
ORD-2024-014155,1,PROD-002,1,11.9,11.9
ORD-2024-014156,1,PROD-038,3,7.89,22.48
ORD-2024-014156,2,PROD-028,2,17.18,33.18
ORD-2024-014157,1,PROD-011,2,14.9,28.69
ORD-2024-014158,1,PROD-032,2,19.72,38.31
ORD-2024-014159,1,PROD-010,1,38.03,33.91
ORD-2024-014160,1,PROD-033,2,52.11,85.39
ORD-2024-014160,2,PROD-001,2,12.9,11.61
ORD-2024-014160,3,PROD-040,3,15.21,29.21
ORD-2024-014161,1,PROD-007,1,17.18,16.38
ORD-2024-014161,2,PROD-024,1,8.73,8.63
ORD-2024-014162,1,PROD-036,1,11.55,10.62
ORD-2024-014163,1,PROD-008,2,9.9,18.43
ORD-2024-014163,2,PROD-001,2,12.9,24.5
ORD-2024-014164,1,PROD-042,2,73.24,127.41
ORD-2024-014164,2,PROD-002,3,11.9,34.84
ORD-2024-014165,1,PROD-060,1,42.25,30.05
ORD-2024-014166,1,PROD-034,1,9.01,8.75
ORD-2024-014166,2,PROD-046,1,259.15,232.87
ORD-2024-014166,3,PROD-003,2,14.37,26.88
ORD-2024-014167,1,PROD-008,1,9.9,7.25
ORD-2024-014168,1,PROD-003,1,14.37,11.25
ORD-2024-014169,1,PROD-007,1,17.18,14.08
ORD-2024-014169,2,PROD-020,1,10.14,9.37
ORD-2024-014170,1,PROD-003,1,14.37,12.01
ORD-2024-014170,2,PROD-019,2,29.58,53.78
ORD-2024-014170,3,PROD-001,2,12.9,22.38
ORD-2024-014171,1,PROD-029,1,24.79,22.67
ORD-2024-014172,1,PROD-039,3,8.17,24.06
ORD-2024-014172,2,PROD-010,1,38.03,37.55
ORD-2024-014172,3,PROD-003,3,14.37,35.77
ORD-2024-014172,4,PROD-004,2,20.28,38.41
ORD-2024-014173,1,PROD-038,1,7.89,7.08
ORD-2024-014174,1,PROD-010,2,38.03,70.93
ORD-2024-014174,2,PROD-040,2,15.21,29.26
ORD-2024-014174,3,PROD-007,1,17.18,16.34
ORD-2024-014174,4,PROD-028,1,17.18,14.97
ORD-2024-014175,1,PROD-004,3,20.28,49.23
ORD-2024-014175,2,PROD-029,2,24.79,34.51
ORD-2024-014175,3,PROD-011,1,14.9,13.03
ORD-2024-014176,1,PROD-004,1,20.28,14.49
ORD-2024-014176,2,PROD-005,2,20.28,33.23
ORD-2024-014176,3,PROD-031,2,53.52,98.44
ORD-2024-014177,1,PROD-003,3,14.37,36.15
ORD-2024-014177,2,PROD-047,1,108.45,65.87
ORD-2024-014178,1,PROD-024,1,8.73,8.42
ORD-2024-014178,2,PROD-021,1,15.49,14.42
ORD-2024-014178,3,PROD-005,1,20.28,19.6
ORD-2024-014179,1,PROD-003,1,14.37,13.03
ORD-2024-014180,1,PROD-001,1,12.9,12.34
ORD-2024-014181,1,PROD-003,1,14.37,13.31
ORD-2024-014182,1,PROD-002,2,11.9,22.79
ORD-2024-014183,1,PROD-003,2,14.37,22.92
ORD-2024-014184,1,PROD-004,1,20.28,19.9
ORD-2024-014185,1,PROD-001,1,12.9,12.62
ORD-2024-014185,2,PROD-051,1,36.06,34.86
ORD-2024-014186,1,PROD-001,1,12.9,12.3
ORD-2024-014186,2,PROD-002,1,11.9,11.02
ORD-2024-014186,3,PROD-025,1,21.97,21.09
ORD-2024-014187,1,PROD-005,1,20.28,12.37
ORD-2024-014188,1,PROD-001,1,12.9,12.71
ORD-2024-014188,2,PROD-027,1,21.13,19.29
ORD-2024-014189,1,PROD-006,1,32.39,23.58
ORD-2024-014190,1,PROD-003,1,14.37,13.25
ORD-2024-014190,2,PROD-001,1,12.9,12.61
ORD-2024-014191,1,PROD-005,3,20.28,60.35
ORD-2024-014192,1,PROD-040,2,15.21,29.26
ORD-2024-014192,2,PROD-041,1,11.83,11.6
ORD-2024-014193,1,PROD-016,2,8.9,17.34
ORD-2024-014193,2,PROD-038,3,7.89,21.6
ORD-2024-014194,1,PROD-001,1,12.9,10.21
ORD-2024-014195,1,PROD-010,1,38.03,36.36
ORD-2024-014195,2,PROD-007,3,17.18,41.96
ORD-2024-014196,1,PROD-054,1,59.15,56.99
ORD-2024-014197,1,PROD-029,1,24.79,11.16
ORD-2024-014198,1,PROD-001,1,12.9,12.66
ORD-2024-014198,2,PROD-037,1,9.86,9.16
ORD-2024-014199,1,PROD-006,1,32.39,29.08
ORD-2024-014200,1,PROD-012,1,18.5,17.87
ORD-2024-014201,1,PROD-005,2,20.28,37.49
ORD-2024-014202,1,PROD-007,2,17.18,32.19
ORD-2024-014202,2,PROD-010,1,38.03,
ORD-2024-014202,3,PROD-004,1,20.28,16.71
ORD-2024-014203,1,PROD-027,1,21.13,16.72
ORD-2024-014204,1,PROD-006,3,32.39,71.08
ORD-2024-014204,2,PROD-005,1,20.28,19.25
ORD-2024-014204,3,PROD-034,2,9.01,15.99
ORD-2024-014205,1,PROD-004,2,20.28,40.38
ORD-2024-014206,1,PROD-053,1,53.52,51.31
ORD-2024-014206,2,PROD-034,1,9.01,8.14
ORD-2024-014206,3,PROD-011,2,14.9,17.18
ORD-2024-014207,1,PROD-003,2,14.37,26.63
ORD-2024-014207,2,PROD-044,1,40.85,35.72
ORD-2024-014207,3,PROD-035,1,10.14,8.9
ORD-2024-014208,1,PROD-022,1,9.01,4.99
ORD-2024-014208,2,PROD-034,1,9.01,6.85
ORD-2024-014208,3,PROD-017,1,12.5,9.41
ORD-2024-014209,1,PROD-020,2,10.14,12.15
ORD-2024-014209,2,PROD-005,1,20.28,19.14
ORD-2024-014209,3,PROD-004,2,20.28,35.47
ORD-2024-014210,1,PROD-005,1,20.28,18.16
ORD-2024-014210,2,PROD-004,1,20.28,15.59
ORD-2024-014210,3,PROD-036,1,11.55,10.16
ORD-2024-014211,1,PROD-032,2,19.72,38.44
ORD-2024-014212,1,PROD-006,1,32.39,31.77
ORD-2024-014212,2,PROD-035,1,10.14,10.05
ORD-2024-014212,3,PROD-033,1,52.11,51.46
ORD-2024-014213,1,PROD-040,1,15.21,13.84
ORD-2024-014214,1,PROD-007,1,17.18,15.71
ORD-2024-014215,1,PROD-004,1,20.28,16.54
ORD-2024-014216,1,PROD-033,3,52.11,144.17
ORD-2024-014216,2,PROD-001,1,12.9,12.3
 ORD-2024-014217 ,1,PROD-008,1,9.9,9.73
ORD-2024-014217,2,PROD-004,1,20.28,19.31
ORD-2024-014217,3,PROD-034,2,9.01,17.06
ORD-2024-014218,1,PROD-001,1,12.9,12.39
ORD-2024-014219,1,PROD-005,2,20.28,38.52
ORD-2024-014220,1,PROD-001,2,12.9,17.52
ORD-2024-014221,1,PROD-030,2,49.3,89.29
ORD-2024-014221,2,PROD-037,1,9.86,9.8
ORD-2024-014221,3,PROD-005,1,20.28,15.73
ORD-2024-014222,1,PROD-002,1,11.9,7.99
ORD-2024-014222,2,PROD-030,1,49.3,41.88
ORD-2024-014223,1,PROD-016,1,8.9,8.74
ORD-2024-014223,2,PROD-001,1,12.9,12.44
ORD-2024-014223,3,PROD-007,2,17.18,33.0
ORD-2024-014224,1,PROD-004,1,20.28,18.77
ORD-2024-014225,1,PROD-017,1,12.5,8.38
ORD-2024-014226,1,PROD-041,2,11.83,15.72
ORD-2024-014227,1,PROD-025,2,21.97,38.11
ORD-2024-014227,2,PROD-031,1,53.52,50.62
ORD-2024-014228,1,PROD-037,1,9.86,9.52
ORD-2024-014228,2,PROD-002,3,11.9,34.17
ORD-2024-014229,1,PROD-045,1,72.68,60.04
ORD-2024-014229,2,PROD-028,1,17.18,11.38
ORD-2024-014230,1,PROD-036,2,11.55,22.26
ORD-2024-014230,2,PROD-004,3,20.28,48.18
ORD-2024-014230,3,PROD-002,1,11.9,8.77
ORD-2024-014230,4,PROD-028,1,17.18,15.87
ORD-2024-014231,1,PROD-016,1,8.9,4.68
ORD-2024-014231,2,PROD-041,2,11.83,10.65
ORD-2024-014232,1,PROD-003,2,14.37,23.46
ORD-2024-014232,2,PROD-033,2,52.11,65.47
ORD-2024-014233,1,PROD-016,2,8.9,16.24
ORD-2024-014234,1,PROD-002,1,11.9,5.35
ORD-2024-014234,2,PROD-012,2,18.5,26.82
ORD-2024-014235,1,PROD-036,2,11.55,22.12
ORD-2024-014235,2,PROD-003,1,14.37,12.94
ORD-2024-014235,3,PROD-006,1,32.39,24.27
ORD-2024-014235,4,PROD-001,1,12.9,12.43
ORD-2024-014236,1,PROD-034,1,9.01,8.09
ORD-2024-014237,1,PROD-030,1,49.3,42.47
ORD-2024-014238,1,PROD-004,2,20.28,39.47
ORD-2024-014239,1,PROD-017,3,12.5,25.92
ORD-2024-014240,1,PROD-016,1,8.9,8.35
ORD-2024-014241,1,PROD-002,1,11.9,9.66
ORD-2024-014241,2,PROD-035,1,10.14,9.2
ORD-2024-014241,3,PROD-041,2,11.83,22.15
ORD-2024-014241,4,PROD-001,1,12.9,12.29
ORD-2024-014242,1,PROD-044,2,40.85,74.85
ORD-2024-014242,2,PROD-034,3,9.01,26.78
ORD-2024-014243,1,PROD-014,1,9.9,8.59
ORD-2024-014244,1,PROD-011,1,14.9,14.2
ORD-2024-014245,1,PROD-004,2,20.28,38.57
ORD-2024-014245,2,PROD-041,2,11.83,22.19
ORD-2024-014245,3,PROD-006,1,32.39,29.31
ORD-2024-014245,4,PROD-044,1,40.85,39.53
ORD-2024-014245,5,PROD-003,2,14.37,26.11
ORD-2024-014246,1,PROD-038,1,7.89,7.64
ORD-2024-014247,1,PROD-034,2,9.01,17.67
ORD-2024-014247,2,PROD-002,3,11.9,34.19
ORD-2024-014247,3,PROD-035,1,10.14,9.99
ORD-2024-014248,1,PROD-002,1,11.9,10.41
ORD-2024-014248,2,PROD-034,2,9.01,17.23
ORD-2024-014248,3,PROD-011,1,14.9,11.14
ORD-2024-014248,4,PROD-032,1,19.72,18.5
ORD-2024-014249,1,PROD-006,3,32.39,89.9
ORD-2024-014250,1,PROD-005,2,20.28,35.17
ORD-2024-014250,2,PROD-006,1,32.39,23.53
ORD-2024-014250,3,PROD-022,1,9.01,8.35
ORD-2024-014251,1,PROD-003,1,14.37,13.2
ORD-2024-014251,2,PROD-036,3,11.55,30.54
ORD-2024-014252,1,PROD-035,1,10.14,7.53
ORD-2024-014253,1,PROD-004,1,20.28,14.58
ORD-2024-014253,2,PROD-037,3,9.86,27.47
ORD-2024-014254,1,PROD-003,1,14.37,14.04
ORD-2024-014255,1,PROD-005,1,20.28,19.23
ORD-2024-014256,1,PROD-004,3,20.28,55.95
ORD-2024-014256,2,PROD-005,1,20.28,17.05
ORD-2024-014257,1,PROD-004,1,20.28,13.35
ORD-2024-014258,1,PROD-004,1,20.28,18.53
ORD-2024-014259,1,PROD-006,1,32.39,28.06
ORD-2024-014259,2,PROD-004,2,20.28,32.62
ORD-2024-014260,1,PROD-001,1,12.9,12.26
ORD-2024-014261,1,PROD-008,1,9.9,7.91
ORD-2024-014261,2,PROD-001,2,12.9,22.7
ORD-2024-014262,1,PROD-012,2,18.5,34.08
ORD-2024-014262,2,PROD-001,1,12.9,10.24
ORD-2024-014262,3,PROD-010,2,38.03,69.48
ORD-2024-014263,1,PROD-034,2,9.01,17.35
ORD-2024-014264,1,PROD-004,2,20.28,38.11
ORD-2024-014264,2,PROD-034,1,9.01,8.04
ORD-2024-014265,1,PROD-026,2,14.65,28.19
ORD-2024-014266,1,PROD-010,1,38.03,30.04
ORD-2024-014267,1,PROD-001,1,12.9,11.28
ORD-2024-014268,1,PROD-001,1,12.9,10.6
ORD-2024-014269,1,PROD-004,2,20.28,35.8
ORD-2024-014270,1,PROD-002,2,11.9,23.58
ORD-2024-014271,1,PROD-020,1,10.14,9.89
ORD-2024-014271,2,PROD-049,1,80.28,55.09
ORD-2024-014271,3,PROD-005,1,20.28,18.03
ORD-2024-014272,1,PROD-029,2,24.79,48.29
ORD-2024-014272,2,PROD-006,3,32.39,88.11
ORD-2024-014273,1,PROD-003,1,14.37,13.19
ORD-2024-014274,1,PROD-007,1,17.18,16.67
ORD-2024-014275,1,PROD-040,2,15.21,24.58
ORD-2024-014276,1,PROD-003,1,14.37,13.21
ORD-2024-014276,2,PROD-001,2,12.9,24.58
ORD-2024-014276,3,PROD-010,1,38.03,35.44
ORD-2024-014277,1,PROD-007,3,17.18,48.54
ORD-2024-014278,1,PROD-013,1,11.9,11.29
ORD-2024-014278,2,PROD-035,3,10.14,30.04
ORD-2024-014279,1,PROD-003,1,14.37,14.13
ORD-2024-014280,1,PROD-006,1,32.39,31.2
ORD-2024-014281,1,PROD-004,2,20.28,37.45
ORD-2024-014281,2,PROD-001,2,12.9,23.79
ORD-2024-014282,1,PROD-052,1,46.48,37.92
ORD-2024-014282,2,PROD-003,1,14.37,10.44
ORD-2024-014282,3,PROD-001,3,12.9,33.39
ORD-2024-014283,1,PROD-004,1,20.28,18.73
ORD-2024-014284,1,PROD-010,1,38.03,36.91
ORD-2024-014285,1,PROD-005,1,20.28,19.72
ORD-2024-014286,1,PROD-042,1,73.24,69.47
ORD-2024-014287,1,PROD-035,3,10.14,26.79
ORD-2024-014287,2,PROD-002,1,11.9,10.01
ORD-2024-014287,3,PROD-040,1,15.21,13.16
ORD-2024-014287,4,PROD-033,1,52.11,50.77
ORD-2024-014288,1,PROD-008,1,9.9,9.24
ORD-2024-014289,1,PROD-038,2,7.89,15.33
ORD-2024-014290,1,PROD-003,2,14.37,27.68
ORD-2024-014291,1,PROD-002,1,11.9,11.68
ORD-2024-014291,2,PROD-010,1,38.03,37.6
ORD-2024-014291,3,PROD-027,1,21.13,20.52
ORD-2024-014291,4,PROD-039,2,8.17,15.34
ORD-2024-014292,1,PROD-008,3,9.9,27.04
ORD-2024-014293,1,PROD-008,3,9.9,27.94
ORD-2024-014294,1,PROD-003,2,14.37,27.12
ORD-2024-014295,1,PROD-041,1,11.83,9.79
ORD-2024-014296,1,PROD-001,1,12.9,12.13
ORD-2024-014297,1,PROD-003,3,14.37,37.27
ORD-2024-014297,2,PROD-040,2,15.21,27.78
ORD-2024-014298,1,PROD-002,1,11.9,11.09
ORD-2024-014299,1,PROD-025,1,21.97,21.61
ORD-2024-014299,2,PROD-004,1,20.28,20.0
ORD-2024-014299,3,PROD-005,1,20.28,20.04
ORD-2024-014300,1,PROD-006,1,32.39,23.51
ORD-2024-014300,2,PROD-034,1,9.01,5.66
ORD-2024-014300,3,PROD-020,2,10.14,15.09
ORD-2024-014301,1,PROD-013,1,11.9,11.0
ORD-2024-014301,2,PROD-038,1,7.89,6.51
ORD-2024-014301,3,PROD-004,1,20.28,16.13
ORD-2024-014301,4,PROD-040,1,15.21,14.48
ORD-2024-014302,1,PROD-005,1,20.28,18.55
ORD-2024-014302,2,PROD-035,4,10.14,31.77
ORD-2024-014302,3,PROD-027,1,21.13,18.98
ORD-2024-014303,1,PROD-013,1,11.9,11.44
ORD-2024-014304,1,PROD-004,1,20.28,20.05
ORD-2024-014305,1,PROD-038,4,7.89,27.39
ORD-2024-014305,2,PROD-035,4,10.14,31.46
ORD-2024-014306,1,PROD-001,2,12.9,24.28
ORD-2024-014307,1,PROD-040,1,15.21,14.82
ORD-2024-014307,2,PROD-004,1,20.28,19.39
ORD-2024-014307,3,PROD-034,1,9.01,8.83
ORD-2024-014307,4,PROD-005,1,20.28,19.75
ORD-2024-014308,1,PROD-055,1,74.65,73.22
ORD-2024-014309,1,PROD-037,2,9.86,12.79
ORD-2024-014310,1,PROD-045,1,72.68,69.34
ORD-2024-014310,2,PROD-001,2,12.9,23.94
ORD-2024-014311,1,PROD-054,1,59.15,48.72
ORD-2024-014311,2,PROD-004,1,20.28,17.64
ORD-2024-014311,3,PROD-003,1,14.37,11.96
ORD-2024-014312,1,PROD-005,1,20.28,18.96
ORD-2024-014312,2,PROD-035,3,10.14,28.18
ORD-2024-014312,3,PROD-033,3,52.11,153.53
ORD-2024-014313,1,PROD-002,2,11.9,18.7
ORD-2024-014313,2,PROD-011,1,14.9,6.7
ORD-2024-014313,3,PROD-041,1,11.83,5.32
ORD-2024-014314,1,PROD-003,3,14.37,40.6
ORD-2024-014315,1,PROD-017,2,12.5,17.32
ORD-2024-014316,1,PROD-008,1,9.9,9.45
ORD-2024-014316,2,PROD-010,1,38.03,35.61
ORD-2024-014317,1,PROD-007,2,17.18,32.78
ORD-2024-014318,1,PROD-004,1,20.28,19.31
ORD-2024-014319,1,PROD-056,1,101.41,95.12
ORD-2024-014320,1,PROD-040,1,15.21,13.47
ORD-2024-014321,1,PROD-027,1,21.13,17.29
ORD-2024-014322,1,PROD-002,2,11.9,23.01
ORD-2024-014323,1,PROD-005,1,20.28,19.26
ORD-2024-014324,1,PROD-019,1,29.58,28.98
ORD-2024-014325,1,PROD-052,1,46.48,40.38
ORD-2024-014326,1,PROD-006,1,32.39,31.48
ORD-2024-014327,1,PROD-005,2,20.28,37.95
ORD-2024-014328,1,PROD-038,3,7.89,18.88
ORD-2024-014328,2,PROD-047,1,108.45,93.83
ORD-2024-014328,3,PROD-034,1,9.01,7.75
ORD-2024-014329,1,PROD-004,1,20.28,17.17
ORD-2024-014329,2,PROD-003,2,14.37,27.54
ORD-2024-014329,3,PROD-001,2,12.9,24.03
ORD-2024-014329,4,PROD-036,2,11.55,21.9
ORD-2024-014330,1,PROD-023,1,7.89,7.84
ORD-2024-014331,1,PROD-003,1,14.37,12.72
ORD-2024-014331,2,PROD-042,1,73.24,72.61
ORD-2024-014332,1,PROD-004,2,20.28,38.97
ORD-2024-014333,1,PROD-041,1,11.83,11.08
ORD-2024-014334,1,PROD-032,1,19.72,18.55
ORD-2024-014334,2,PROD-001,3,12.9,38.18
ORD-2024-014335,1,PROD-004,2,20.28,22.07
ORD-2024-014335,2,PROD-042,4,73.24,235.57
ORD-2024-014336,1,PROD-006,2,32.39,64.08
ORD-2024-014337,1,PROD-004,2,20.28,34.43
ORD-2024-014338,1,PROD-060,1,42.25,40.82
ORD-2024-014339,1,PROD-025,1,21.97,15.55
ORD-2024-014339,2,PROD-031,1,53.52,41.67
ORD-2024-014340,1,PROD-004,1,20.28,18.85
ORD-2024-014341,1,PROD-006,2,32.39,51.66
ORD-2024-014342,1,PROD-005,1,20.28,19.85
ORD-2024-014342,2,PROD-006,1,32.39,31.38
ORD-2024-014342,3,PROD-048,2,55.77,107.58
ORD-2024-014343,1,PROD-035,1,10.14,8.3
ORD-2024-014344,1,PROD-006,1,32.39,31.14
ORD-2024-014345,1,PROD-002,2,11.9,18.71
ORD-2024-014346,1,PROD-004,3,20.28,58.28
ORD-2024-014347,1,PROD-003,2,14.37,27.39
ORD-2024-014348,1,PROD-002,2,11.9,22.33
ORD-2024-014349,1,PROD-003,2,14.37,27.1
ORD-2024-014350,1,PROD-001,1,12.9,9.79
ORD-2024-014350,2,PROD-038,1,7.89,7.54
ORD-2024-014351,1,PROD-028,1,17.18,13.41
ORD-2024-014352,1,PROD-003,1,14.37,9.69
ORD-2024-014353,1,PROD-006,3,32.39,91.72
ORD-2024-014354,1,PROD-005,3,20.28,57.19
ORD-2024-014354,2,PROD-014,1,9.9,7.63
ORD-2024-014355,1,PROD-021,2,15.49,30.86
ORD-2024-014356,1,PROD-034,2,9.01,16.92
ORD-2024-014356,2,PROD-003,1,14.37,7.82
ORD-2024-014356,3,PROD-004,3,20.28,48.71
ORD-2024-014357,1,PROD-011,1,14.9,12.46
ORD-2024-014358,1,PROD-002,1,11.9,10.44
ORD-2024-014359,1,PROD-004,1,20.28,14.87
ORD-2024-014360,1,PROD-006,1,32.39,31.17
ORD-2024-014361,1,PROD-001,1,12.9,11.03
ORD-2024-014362,1,PROD-027,2,21.13,29.54
ORD-2024-014362,2,PROD-042,1,73.24,40.41
ORD-2024-014362,3,PROD-032,1,19.72,11.57
ORD-2024-014363,1,PROD-003,1,14.37,13.42
ORD-2024-014364,1,PROD-036,3,11.55,33.97
ORD-2024-014365,1,PROD-008,1,9.9,9.78
ORD-2024-014366,1,PROD-002,1,11.9,11.41
ORD-2024-014366,2,PROD-004,3,20.28,60.62
ORD-2024-014366,3,PROD-003,1,14.37,14.06
ORD-2024-014366,4,PROD-006,1,32.39,30.29
ORD-2024-014366,5,PROD-023,2,7.89,15.67
ORD-2024-014367,1,PROD-017,1,12.5,11.97
ORD-2024-014368,1,PROD-003,1,14.37,10.63
ORD-2024-014369,1,PROD-019,1,29.58,27.43
ORD-2024-014370,1,PROD-029,1,24.79,24.51
ORD-2024-014371,1,PROD-007,1,17.18,14.6
ORD-2024-014372,1,PROD-003,2,14.37,20.95
ORD-2024-014373,1,PROD-004,1,20.28,19.19
ORD-2024-014374,1,PROD-032,2,19.72,34.68
ORD-2024-014375,1,PROD-001,2,12.9,24.73
ORD-2024-014376,1,PROD-001,1,12.9,10.58
ORD-2024-014377,1,PROD-036,3,11.55,32.36
ORD-2024-014378,1,PROD-025,1,21.97,16.02
ORD-2024-014379,1,PROD-004,1,20.28,20.26
ORD-2024-014380,1,PROD-008,2,9.9,19.52
ORD-2024-014380,2,PROD-035,1,10.14,9.71
ORD-2024-014380,3,PROD-034,2,9.01,17.39
ORD-2024-014380,4,PROD-020,1,10.14,9.85
ORD-2024-014380,5,PROD-023,1,7.89,7.53
ORD-2024-014381,1,PROD-001,2,12.9,24.07
ORD-2024-014381,2,PROD-041,2,11.83,20.25
ORD-2024-014382,1,PROD-001,2,12.9,24.96
ORD-2024-014382,2,PROD-005,2,20.28,37.68
ORD-2024-014382,3,PROD-002,2,11.9,22.3
ORD-2024-014383,1,PROD-044,1,40.85,35.11
ORD-2024-014384,1,PROD-001,2,12.9,25.71
ORD-2024-014385,1,PROD-001,1,12.9,11.64
ORD-2024-014386,1,PROD-031,1,53.52,52.87
ORD-2024-014386,2,PROD-026,1,14.65,12.93
ORD-2024-014387,1,PROD-001,1,12.9,11.77
ORD-2024-014387,2,PROD-029,2,24.79,44.0
ORD-2024-014388,1,PROD-002,1,11.9,11.72
ORD-2024-014388,2,PROD-034,2,9.01,17.55
ORD-2024-014389,1,PROD-025,1,21.97,21.55
ORD-2024-014390,1,PROD-005,1,20.28,18.9
ORD-2024-014390,2,PROD-044,1,40.85,35.17
ORD-2024-014390,3,PROD-007,2,17.18,31.18
ORD-2024-014391,1,PROD-006,1,32.39,29.74
ORD-2024-014391,2,PROD-035,1,10.14,9.43
ORD-2024-014392,1,PROD-034,1,9.01,7.43
ORD-2024-014393,1,PROD-001,1,12.9,10.47
ORD-2024-014394,1,PROD-041,1,11.83,7.89
ORD-2024-014395,1,PROD-004,1,20.28,17.05
ORD-2024-014396,1,PROD-041,2,11.83,23.1
ORD-2024-014396,2,PROD-014,1,9.9,9.12
ORD-2024-014397,1,PROD-023,1,7.89,7.84
ORD-2024-014398,1,PROD-041,2,11.83,22.35
ORD-2024-014399,1,PROD-020,1,10.14,9.82
ORD-2024-014400,1,PROD-006,1,32.39,28.84
ORD-2024-014401,1,PROD-004,1,20.28,20.15
ORD-2024-014402,1,PROD-041,3,11.83,31.86
ORD-2024-014402,2,PROD-016,1,8.9,8.42
ORD-2024-014403,1,PROD-010,2,38.03,65.36
ORD-2024-014403,2,PROD-042,1,73.24,58.91
ORD-2024-014403,3,PROD-041,2,11.83,19.63
ORD-2024-014404,1,PROD-001,2,12.9,21.39
ORD-2024-014405,1,PROD-003,1,14.37,13.68
ORD-2024-014406,1,PROD-002,1,11.9,7.95
ORD-2024-014407,1,PROD-005,1,20.28,17.75
ORD-2024-014407,2,PROD-004,2,20.28,33.21
ORD-2024-014408,1,PROD-027,1,21.13,18.95
ORD-2024-014408,2,PROD-002,1,11.9,11.03
ORD-2024-014408,3,PROD-032,1,19.72,17.35
ORD-2024-014408,4,PROD-020,1,10.14,8.81
ORD-2024-014409,1,PROD-036,1,11.55,11.36
ORD-2024-014409,2,PROD-039,3,8.17,23.75
ORD-2024-014410,1,PROD-003,2,14.37,26.71
ORD-2024-014411,1,PROD-040,1,15.21,13.56
ORD-2024-014411,2,PROD-032,2,19.72,31.75
ORD-2024-014412,1,PROD-005,3,20.28,56.62
ORD-2024-014413,1,PROD-005,1,20.28,19.62
ORD-2024-014414,1,PROD-010,2,38.03,68.93
ORD-2024-014414,2,PROD-030,1,49.3,39.79
ORD-2024-014415,1,PROD-037,2,9.86,13.59
ORD-2024-014416,1,PROD-017,1,12.5,9.67
ORD-2024-014417,1,PROD-004,1,20.28,19.81
ORD-2024-014418,1,PROD-027,1,21.13,18.55
ORD-2024-014418,2,PROD-030,1,49.3,43.72
ORD-2024-014419,1,PROD-004,1,20.28,18.18
ORD-2024-014419,2,PROD-010,2,38.03,72.52
ORD-2024-014420,1,PROD-039,3,8.17,20.83
ORD-2024-014420,2,PROD-005,2,20.28,35.82
ORD-2024-014420,3,PROD-004,1,20.28,18.98
ORD-2024-014420,4,PROD-040,4,15.21,54.93
ORD-2024-014421,1,PROD-005,1,20.28,19.26
ORD-2024-014422,1,PROD-010,1,38.03,35.04
ORD-2024-014423,1,PROD-021,1,15.49,13.73
ORD-2024-014424,1,PROD-020,2,10.14,19.71
ORD-2024-014425,1,PROD-005,1,20.28,17.59
ORD-2024-014426,1,PROD-024,2,8.73,16.81
ORD-2024-014427,1,PROD-006,2,32.39,64.33
ORD-2024-014428,1,PROD-007,1,17.18,15.47
ORD-2024-014429,1,PROD-001,1,12.9,12.27
ORD-2024-014430,1,PROD-050,1,61.97,59.31
ORD-2024-014431,1,PROD-039,1,8.17,7.49
ORD-2024-014432,1,PROD-006,1,32.39,27.68
ORD-2024-014433,1,PROD-005,1,20.28,16.67
ORD-2024-014433,2,PROD-034,1,9.01,7.84
ORD-2024-014434,1,PROD-052,1,46.48,41.42
ORD-2024-014435,1,PROD-005,1,20.28,17.28
ORD-2024-014435,2,PROD-035,2,10.14,20.12
ORD-2024-014435,3,PROD-026,1,14.65,13.08
ORD-2024-014436,1,PROD-007,3,17.18,48.07
ORD-2024-014437,1,PROD-042,1,73.24,69.11
ORD-2024-014438,1,PROD-004,2,20.28,34.36
ORD-2024-014438,2,PROD-010,1,38.03,33.63
ORD-2024-014439,1,PROD-001,2,12.9,22.88
ORD-2024-014440,1,PROD-033,1,52.11,50.45
ORD-2024-014440,2,PROD-013,1,11.9,11.79
ORD-2024-014441,1,PROD-004,1,20.28,18.26
ORD-2024-014442,1,PROD-004,1,20.28,19.75
ORD-2024-014442,2,PROD-001,1,12.9,12.52
ORD-2024-014442,3,PROD-034,1,9.01,8.26
ORD-2024-014443,1,PROD-041,1,11.83,11.39
ORD-2024-014444,1,PROD-002,2,11.9,21.61
ORD-2024-014444,2,PROD-048,1,55.77,52.86
ORD-2024-014444,3,PROD-003,1,14.37,13.26
ORD-2024-014445,1,PROD-037,1,9.86,5.2
ORD-2024-014446,1,PROD-027,1,21.13,19.93
ORD-2024-014446,2,PROD-051,1,36.06,31.67
ORD-2024-014446,3,PROD-008,2,9.9,18.9
ORD-2024-014446,4,PROD-033,1,52.11,46.26
ORD-2024-014447,1,PROD-006,1,32.39,27.43
ORD-2024-014448,1,PROD-004,1,20.28,16.15
ORD-2024-014449,1,PROD-019,1,29.58,23.49
ORD-2024-014450,1,PROD-005,2,20.28,39.26
ORD-2024-014451,1,PROD-007,1,17.18,15.26
ORD-2024-014452,1,PROD-027,2,21.13,29.95
ORD-2024-014452,2,PROD-034,1,9.01,8.3
ORD-2024-014453,1,PROD-003,2,14.37,26.0
ORD-2024-014454,1,PROD-025,1,21.97,21.55
ORD-2024-014454,2,PROD-027,1,21.13,20.29
ORD-2024-014455,1,PROD-019,2,29.58,57.43
ORD-2024-014456,1,PROD-022,1,9.01,4.05
ORD-2024-014456,2,PROD-044,1,40.85,35.03
ORD-2024-014457,1,PROD-001,2,12.9,21.52
ORD-2024-014458,1,PROD-013,1,11.9,11.51
ORD-2024-014459,1,PROD-003,3,14.37,35.91
ORD-2024-014460,1,PROD-008,1,9.9,7.71
ORD-2024-014460,2,PROD-013,2,11.9,23.06
ORD-2024-014460,3,PROD-035,1,10.14,7.62
ORD-2024-014460,4,PROD-047,1,108.45,106.63
ORD-2024-014461,1,PROD-004,1,20.28,17.64
ORD-2024-014461,2,PROD-005,1,20.28,18.56
ORD-2024-014462,1,PROD-008,1,9.9,9.29
ORD-2024-014462,2,PROD-024,2,8.73,16.61
ORD-2024-014462,3,PROD-039,2,8.17,15.21
ORD-2024-014463,1,PROD-034,1,9.01,8.42
ORD-2024-014464,1,PROD-050,1,61.97,57.39
ORD-2024-014465,1,PROD-040,1,15.21,12.58
ORD-2024-014465,2,PROD-012,1,18.5,16.41
ORD-2024-014466,1,PROD-032,2,19.72,31.89
ORD-2024-014466,2,PROD-020,1,10.14,9.62
ORD-2024-014466,3,PROD-048,1,55.77,48.12
ORD-2024-014467,1,PROD-001,1,12.9,11.58
ORD-2024-014467,2,PROD-041,1,11.83,10.12
ORD-2024-014468,1,PROD-052,1,46.48,46.28
ORD-2024-014468,2,PROD-007,1,17.18,17.07
ORD-2024-014468,3,PROD-005,3,20.28,58.17
ORD-2024-014469,1,PROD-005,1,20.28,19.99
ORD-2024-014470,1,PROD-024,1,8.73,8.69
ORD-2024-014471,1,PROD-031,1,53.52,52.78
ORD-2024-014472,1,PROD-005,1,20.28,20.04
ORD-2024-014472,2,PROD-032,4,19.72,77.46
ORD-2024-014473,1,PROD-049,1,80.28,76.67
ORD-2024-014474,1,PROD-050,1,61.97,61.84
ORD-2024-014474,2,PROD-002,1,11.9,11.34
ORD-2024-014475,1,PROD-035,1,10.14,5.36
ORD-2024-014476,1,PROD-006,2,32.39,44.24
ORD-2024-014476,2,PROD-003,1,14.37,10.38
ORD-2024-014476,3,PROD-040,1,15.21,11.9
 ORD-2024-014477 ,1,PROD-005,2,20.28,34.27
ORD-2024-014478,1,PROD-035,2,10.14,19.01
ORD-2024-014479,1,PROD-032,1,19.72,18.52
ORD-2024-014479,2,PROD-006,1,32.39,28.8
ORD-2024-014479,3,PROD-002,1,11.9,9.37
ORD-2024-014480,1,PROD-052,2,46.48,63.14
ORD-2024-014480,2,PROD-006,1,32.39,18.09
ORD-2024-014481,1,PROD-028,2,17.18,32.94
ORD-2024-014481,2,PROD-024,1,8.73,8.46
ORD-2024-014481,3,PROD-049,2,80.28,156.22
ORD-2024-014481,4,PROD-030,1,49.3,48.52
ORD-2024-014482,1,PROD-006,1,32.39,25.88
ORD-2024-014483,1,PROD-003,1,14.37,11.67
ORD-2024-014484,1,PROD-040,3,15.21,33.84
ORD-2024-014484,2,PROD-002,1,11.9,10.58
ORD-2024-014484,3,PROD-001,1,12.9,9.51
ORD-2024-014485,1,PROD-022,1,9.01,7.87
ORD-2024-014486,1,PROD-007,1,17.18,16.14
ORD-2024-014487,1,PROD-004,2,20.28,36.18
ORD-2024-014488,1,PROD-039,2,8.17,12.89
ORD-2024-014489,1,PROD-020,2,10.14,19.53
ORD-2024-014490,1,PROD-006,1,32.39,31.71
ORD-2024-014491,1,PROD-015,1,26.76,24.0
ORD-2024-014491,2,PROD-046,1,259.15,145.25
ORD-2024-014491,3,PROD-051,1,36.06,27.29
ORD-2024-014492,1,PROD-036,3,11.55,30.01
ORD-2024-014492,2,PROD-014,1,9.9,9.16
ORD-2024-014493,1,PROD-004,1,20.28,19.77
ORD-2024-014493,2,PROD-033,4,52.11,151.49
ORD-2024-014494,1,PROD-001,1,12.9,12.02
ORD-2024-014495,1,PROD-045,1,72.68,68.08
ORD-2024-014496,1,PROD-001,1,12.9,9.23
ORD-2024-014496,2,PROD-041,1,11.83,6.61
ORD-2024-014496,3,PROD-034,1,9.01,8.39
ORD-2024-014497,1,PROD-004,2,20.28,34.8
ORD-2024-014498,1,PROD-004,1,20.28,20.16
ORD-2024-014498,2,PROD-029,1,24.79,21.88
ORD-2024-014498,3,PROD-010,2,38.03,43.26
ORD-2024-014499,1,PROD-003,1,14.37,12.0
ORD-2024-014500,1,PROD-003,2,14.37,25.85
ORD-2024-014501,1,PROD-003,1,14.37,9.92
ORD-2024-014502,1,PROD-001,2,12.9,20.41
ORD-2024-014502,2,PROD-005,2,20.28,35.94
ORD-2024-014503,1,PROD-003,2,14.37,25.74
ORD-2024-014504,1,PROD-010,1,38.03,34.27
ORD-2024-014504,2,PROD-031,1,53.52,46.92
ORD-2024-014505,1,PROD-052,1,46.48,44.24
ORD-2024-014505,2,PROD-016,1,8.9,7.6
ORD-2024-014506,1,PROD-035,2,10.14,19.53
ORD-2024-014507,1,PROD-006,1,32.39,31.33
ORD-2024-014507,2,PROD-004,1,20.28,19.59
ORD-2024-014507,3,PROD-015,1,26.76,26.31
ORD-2024-014508,1,PROD-001,2,12.9,23.6
ORD-2024-014509,1,PROD-030,1,49.3,29.75
ORD-2024-014509,2,PROD-002,1,11.9,10.82
ORD-2024-014509,3,PROD-033,2,52.11,84.3
ORD-2024-014509,4,PROD-013,1,11.9,11.16
ORD-2024-014510,1,PROD-051,1,36.06,34.44
ORD-2024-014510,2,PROD-030,1,49.3,48.07
ORD-2024-014511,1,PROD-035,2,10.14,19.28
ORD-2024-014512,1,PROD-028,1,17.18,14.76
ORD-2024-014513,1,PROD-059,1,52.11,51.16
ORD-2024-014514,1,PROD-034,2,9.01,17.04
ORD-2024-014515,1,PROD-034,3,9.01,25.1
ORD-2024-014515,2,PROD-003,2,14.37,26.88
ORD-2024-014516,1,PROD-036,2,11.55,21.22
ORD-2024-014517,1,PROD-047,1,108.45,91.26
ORD-2024-014517,2,PROD-003,2,14.37,26.22
ORD-2024-014518,1,PROD-029,1,24.79,21.64
ORD-2024-014519,1,PROD-035,3,10.14,29.56
ORD-2024-014519,2,PROD-025,2,21.97,41.63
ORD-2024-014520,1,PROD-007,1,17.18,16.79
ORD-2024-014521,1,PROD-031,1,53.52,48.89
ORD-2024-014521,2,PROD-028,2,17.18,32.48
ORD-2024-014522,1,PROD-004,1,20.28,16.77
ORD-2024-014522,2,PROD-006,2,32.39,59.65
ORD-2024-014523,1,PROD-030,1,49.3,44.93
ORD-2024-014523,2,PROD-036,2,11.55,20.15
ORD-2024-014524,1,PROD-007,2,17.18,25.11
ORD-2024-014524,2,PROD-006,2,32.39,47.09
ORD-2024-014524,3,PROD-037,1,9.86,8.55
ORD-2024-014524,4,PROD-003,2,14.37,27.68
ORD-2024-014525,1,PROD-001,1,12.9,11.29
ORD-2024-014526,1,PROD-027,1,21.13,20.35
ORD-2024-014526,2,PROD-003,1,14.37,13.98
ORD-2024-014527,1,PROD-001,2,12.9,18.29
ORD-2024-014527,2,PROD-028,1,17.18,13.64
ORD-2024-014528,1,PROD-024,1,8.73,
ORD-2024-014528,2,PROD-035,3,10.14,29.32
ORD-2024-014529,1,PROD-002,1,11.9,10.61
ORD-2024-014529,2,PROD-006,1,32.39,27.36
ORD-2024-014530,1,PROD-006,2,32.39,58.5
ORD-2024-014531,1,PROD-004,1,20.28,20.08
ORD-2024-014532,1,PROD-039,1,8.17,7.59
ORD-2024-014532,2,PROD-001,1,12.9,12.36
ORD-2024-014533,1,PROD-001,1,12.9,10.74
ORD-2024-014533,2,PROD-040,2,15.21,22.9
ORD-2024-014534,1,PROD-025,2,21.97,42.85
ORD-2024-014534,2,PROD-039,1,8.17,7.66
ORD-2024-014534,3,PROD-004,2,20.28,36.57
ORD-2024-014535,1,PROD-003,2,14.37,25.0
ORD-2024-014536,1,PROD-023,1,7.89,6.23
ORD-2024-014537,1,PROD-002,2,11.9,20.26
ORD-2024-014538,1,PROD-005,1,20.28,17.67
ORD-2024-014539,1,PROD-021,1,15.49,15.07
ORD-2024-014540,1,PROD-024,1,8.73,7.65
ORD-2024-014541,1,PROD-028,1,17.18,15.38
ORD-2024-014541,2,PROD-001,2,12.9,24.5
ORD-2024-014542,1,PROD-038,4,7.89,30.58
ORD-2024-014543,1,PROD-048,1,55.77,42.98
ORD-2024-014544,1,PROD-005,1,20.28,14.41
ORD-2024-014544,2,PROD-006,2,32.39,55.56
ORD-2024-014545,1,PROD-032,4,19.72,77.29
ORD-2024-014545,2,PROD-020,1,10.14,9.88
ORD-2024-014546,1,PROD-002,1,11.9,11.16
ORD-2024-014546,2,PROD-006,2,32.39,53.52
ORD-2024-014547,1,PROD-014,2,9.9,14.65
ORD-2024-014548,1,PROD-028,1,17.18,15.94
ORD-2024-014549,1,PROD-001,1,12.9,12.15
ORD-2024-014550,1,PROD-004,1,20.28,17.79
ORD-2024-014550,2,PROD-029,1,24.79,23.56
ORD-2024-014551,1,PROD-004,2,20.28,39.51
ORD-2024-014551,2,PROD-010,3,38.03,110.67
ORD-2024-014551,3,PROD-042,1,73.24,72.57
ORD-2024-014552,1,PROD-008,2,9.9,18.6
ORD-2024-014553,1,PROD-024,1,8.73,8.53
ORD-2024-014554,1,PROD-035,3,10.14,29.96
ORD-2024-014555,1,PROD-005,1,20.28,20.07
ORD-2024-014555,2,PROD-034,2,9.01,17.66
ORD-2024-014555,3,PROD-002,1,11.9,11.58
ORD-2024-014556,1,PROD-008,1,9.9,9.46
ORD-2024-014556,2,PROD-001,1,12.9,12.0
ORD-2024-014557,1,PROD-033,1,52.11,49.18
ORD-2024-014558,1,PROD-004,1,20.28,18.42
ORD-2024-014559,1,PROD-029,1,24.79,23.74
ORD-2024-014559,2,PROD-004,1,20.28,19.68
ORD-2024-014560,1,PROD-040,1,15.21,12.34
ORD-2024-014561,1,PROD-010,2,38.03,65.05
ORD-2024-014562,1,PROD-021,1,15.49,12.44
ORD-2024-014562,2,PROD-038,2,7.89,9.1
ORD-2024-014562,3,PROD-022,1,9.01,4.91
ORD-2024-014563,1,PROD-022,1,9.01,8.44
ORD-2024-014564,1,PROD-001,2,12.9,23.32
ORD-2024-014565,1,PROD-042,1,73.24,63.26
ORD-2024-014566,1,PROD-015,3,26.76,75.67
ORD-2024-014566,2,PROD-016,2,8.9,16.52
ORD-2024-014566,3,PROD-011,2,14.9,28.55
ORD-2024-014566,4,PROD-007,3,17.18,43.42
ORD-2024-014567,1,PROD-008,1,9.9,9.13
ORD-2024-014568,1,PROD-008,1,9.9,8.81
ORD-2024-014568,2,PROD-003,1,14.37,13.57
ORD-2024-014568,3,PROD-041,2,11.83,22.36
ORD-2024-014569,1,PROD-042,1,73.24,49.04
ORD-2024-014569,2,PROD-007,2,17.18,30.28
ORD-2024-014570,1,PROD-013,2,11.9,22.08
ORD-2024-014570,2,PROD-003,1,14.37,11.33
ORD-2024-014571,1,PROD-014,2,9.9,16.59
ORD-2024-014571,2,PROD-010,2,38.03,66.72
ORD-2024-014571,3,PROD-038,3,7.89,19.98
ORD-2024-014572,1,PROD-001,3,12.9,36.98
ORD-2024-014573,1,PROD-006,1,32.39,27.79
ORD-2024-014573,2,PROD-029,2,24.79,48.27
ORD-2024-014573,3,PROD-035,1,10.14,9.74
ORD-2024-014574,1,PROD-002,1,11.9,10.62
ORD-2024-014575,1,PROD-004,1,20.28,17.82
ORD-2024-014575,2,PROD-006,2,32.39,64.39
ORD-2024-014576,1,PROD-006,2,32.39,60.11
ORD-2024-014577,1,PROD-005,2,20.28,38.36
ORD-2024-014578,1,PROD-006,2,32.39,63.86
ORD-2024-014579,1,PROD-004,1,20.28,19.79
ORD-2024-014579,2,PROD-001,2,12.9,22.51
ORD-2024-014580,1,PROD-003,1,14.37,13.85
ORD-2024-014581,1,PROD-012,2,18.5,35.41
ORD-2024-014582,1,PROD-051,1,36.06,32.13
ORD-2024-014583,1,PROD-007,1,17.18,13.53
ORD-2024-014583,2,PROD-051,1,36.06,29.5
ORD-2024-014583,3,PROD-003,2,14.37,24.95
ORD-2024-014583,4, PROD-004 ,2,20.28,36.91
ORD-2024-014583,5,PROD-054,1,59.15,54.41
ORD-2024-014584,1,PROD-037,1,9.86,9.52
ORD-2024-014585,1,PROD-001,1,12.9,8.16
ORD-2024-014585,2,PROD-052,1,46.48,40.91
ORD-2024-014585,3,PROD-016,2,8.9,16.77
ORD-2024-014585,4,PROD-010,1,38.03,35.77
ORD-2024-014586,1,PROD-048,1,55.77,45.18
ORD-2024-014586,2,PROD-023,1,7.89,7.77
ORD-2024-014587,1,PROD-001,3,12.9,33.69
ORD-2024-014588,1,PROD-001,2,12.9,25.61
ORD-2024-014589,1,PROD-035,1,10.14,8.41
ORD-2024-014590,1,PROD-016,1,8.9,8.42
ORD-2024-014591,1,PROD-001,1,12.9,11.04
ORD-2024-014592,1,PROD-003,3,14.37,42.76
ORD-2024-014593,1,PROD-034,1,9.01,4.84
ORD-2024-014593,2,PROD-036,1,11.55,7.04
ORD-2024-014594,1,PROD-003,1,14.37,13.08
ORD-2024-014594,2,PROD-041,2,11.83,21.47
ORD-2024-014595,1,PROD-032,1,19.72,16.73
ORD-2024-014596,1,PROD-010,3,38.03,107.43
ORD-2024-014597,1,PROD-019,1,29.58,28.33
ORD-2024-014598,1,PROD-004,1,20.28,18.18
ORD-2024-014599,1,PROD-027,2,21.13,36.23
ORD-2024-014600,1,PROD-017,3,12.5,32.61
ORD-2024-014601,1,PROD-002,2,11.9,23.37
ORD-2024-014601,2,PROD-010,1,38.03,35.54
ORD-2024-014601,3,PROD-014,1,9.9,8.88
ORD-2024-014602,1,PROD-040,1,15.21,13.87
ORD-2024-014603,1,PROD-011,1,14.9,12.43
ORD-2024-014604,1,PROD-035,4,10.14,39.73
ORD-2024-014605,1,PROD-054,1,59.15,52.1
ORD-2024-014606,1,PROD-007,1,17.18,16.14
ORD-2024-014606,2,PROD-034,1,9.01,6.46
ORD-2024-014607,1,PROD-006,1,32.39,30.78
ORD-2024-014607,2,PROD-005,1,20.28,18.12
ORD-2024-014608,1,PROD-001,2,12.9,20.18
ORD-2024-014608,2,PROD-036,2,11.55,18.67
ORD-2024-014609,1,PROD-006,1,32.39,29.72
ORD-2024-014610,1,PROD-003,3,14.37,42.18
ORD-2024-014610,2,PROD-024,1,8.73,8.41
ORD-2024-014611,1,PROD-004,1,20.28,19.61
ORD-2024-014611,2,PROD-041,3,11.83,35.2
ORD-2024-014612,1,PROD-002,1,11.9,11.78
ORD-2024-014612,2,PROD-004,1,20.28,19.22
ORD-2024-014612,3,PROD-005,2,20.28,39.07
ORD-2024-014613,1,PROD-029,2,24.79,46.69
ORD-2024-014613,2,PROD-038,2,7.89,13.98
ORD-2024-014614,1,PROD-003,1,14.37,12.16
ORD-2024-014615,1,PROD-001,2,12.9,21.91
ORD-2024-014616,1,PROD-034,2,9.01,10.83
ORD-2024-014617,1,PROD-027,1,21.13,19.18
ORD-2024-014618,1,PROD-006,1,32.39,31.24
ORD-2024-014619,1,PROD-004,1,20.28,16.56
ORD-2024-014620,1,PROD-003,1,14.37,13.08
ORD-2024-014621,1,PROD-006,3,32.39,84.07
ORD-2024-014622,1,PROD-002,1,11.9,11.45
ORD-2024-014623,1,PROD-006,2,32.39,55.1
ORD-2024-014624,1,PROD-001,1,12.9,12.29
ORD-2024-014625,1,PROD-011,2,14.9,28.61
ORD-2024-014626,1,PROD-004,1,20.28,19.77
ORD-2024-014627,1,PROD-003,1,14.37,8.89
ORD-2024-014627,2,PROD-001,1,12.9,11.8
ORD-2024-014627,3,PROD-034,2,9.01,9.22
ORD-2024-014628,1,PROD-005,1,20.28,18.42
ORD-2024-014629,1,PROD-032,1,19.72,18.76
ORD-2024-014629,2,PROD-004,2,20.28,37.79
ORD-2024-014629,3,PROD-001,1,12.9,11.83
ORD-2024-014630,1,PROD-001,1,12.9,12.46
ORD-2024-014631,1,PROD-035,1,10.14,8.87
ORD-2024-014632,1,PROD-058,1,39.44,34.42
ORD-2024-014633,1,PROD-004,2,20.28,38.6
ORD-2024-014634,1,PROD-013,1,11.9,8.97
ORD-2024-014635,1,PROD-004,1,20.28,18.27
ORD-2024-014636,1,PROD-007,3,17.18,43.24
ORD-2024-014636,2,PROD-002,1,11.9,10.62
ORD-2024-014637,1,PROD-007,1,17.18,13.23
ORD-2024-014638,1,PROD-003,2,14.37,28.09
ORD-2024-014639,1,PROD-023,2,7.89,14.41
ORD-2024-014640,1,PROD-035,3,10.14,29.06
ORD-2024-014641,1,PROD-013,3,11.9,25.19
ORD-2024-014642,1,PROD-010,2,38.03,55.08
ORD-2024-014643,1,PROD-027,1,21.13,17.35
ORD-2024-014644,1,PROD-007,2,17.18,27.5
ORD-2024-014644,2,PROD-010,1,38.03,34.79
ORD-2024-014644,3,PROD-028,2,17.18,30.93
ORD-2024-014644,4,PROD-036,1,11.55,9.33
ORD-2024-014645,1,PROD-034,2,9.01,11.99
ORD-2024-014645,2,PROD-032,1,19.72,18.55
ORD-2024-014646,1,PROD-006,1,32.39,31.55
ORD-2024-014646,2,PROD-034,3,9.01,25.36
ORD-2024-014646,3,PROD-010,1,38.03,35.76
ORD-2024-014647,1,PROD-004,1,20.28,19.86
ORD-2024-014647,2,PROD-034,2,9.01,17.02
ORD-2024-014647,3,PROD-001,1,12.9,11.97
ORD-2024-014648,1,PROD-041,1,11.83,9.66
ORD-2024-014649,1,PROD-037,1,9.86,9.25
ORD-2024-014649,2,PROD-027,2,21.13,41.9
ORD-2024-014649,3,PROD-007,1,17.18,16.54
ORD-2024-014649,4,PROD-005,2,20.28,40.17
ORD-2024-014649,5,PROD-001,2,12.9,24.77
ORD-2024-014650,1,PROD-004,1,20.28,18.72
ORD-2024-014651,1,PROD-006,2,32.39,44.78
ORD-2024-014652,1,PROD-001,1,12.9,10.53
ORD-2024-014652,2,PROD-004,1,20.28,14.9
ORD-2024-014652,3,PROD-003,1,14.37,13.67
ORD-2024-014653,1,PROD-031,1,53.52,53.19
ORD-2024-014653,2,PROD-011,1,14.9,14.6
ORD-2024-014653,3,PROD-008,1,9.9,9.72
ORD-2024-014654,1,PROD-016,1,8.9,8.53
ORD-2024-014655,1,PROD-036,2,11.55,17.01
ORD-2024-014656,1,PROD-022,2,9.01,16.79
ORD-2024-014657,1,PROD-006,2,32.39,62.67
ORD-2024-014658,1,PROD-020,1,10.14,8.77
ORD-2024-014659,1,PROD-008,3,9.9,28.78
ORD-2024-014659,2,PROD-034,2,9.01,16.78
ORD-2024-014659,3,PROD-036,1,11.55,11.36
ORD-2024-014660,1,PROD-007,2,17.18,31.49
ORD-2024-014661,1,PROD-003,2,14.37,27.8
ORD-2024-014661,2,PROD-034,1,9.01,8.47
ORD-2024-014661,3,PROD-035,1,10.14,9.75
ORD-2024-014662,1,PROD-006,1,32.39,30.11
ORD-2024-014662,2,PROD-035,1,10.14,9.4
ORD-2024-014663,1,PROD-044,1,40.85,33.23
ORD-2024-014663,2,PROD-005,1,20.28,15.36
ORD-2024-014664,1,PROD-008,1,9.9,6.24
ORD-2024-014664,2,PROD-024,1,8.73,6.16
ORD-2024-014665,1,PROD-032,1,19.72,19.45
ORD-2024-014665,2,PROD-006,3,32.39,93.97
ORD-2024-014665,3,PROD-020,1,10.14,9.08
ORD-2024-014666,1,PROD-021,1,15.49,15.29
ORD-2024-014667,1,PROD-021,1,15.49,14.54
ORD-2024-014668,1,PROD-003,1,14.37,13.74
ORD-2024-014668,2,PROD-006,1,32.39,31.88
ORD-2024-014669,1,PROD-031,2,53.52,94.69
ORD-2024-014669,2,PROD-041,2,11.83,23.45
ORD-2024-014670,1,PROD-007,2,17.18,32.54
ORD-2024-014671,1,PROD-014,1,9.9,-9.72
ORD-2024-014671,2,PROD-025,1,21.97,21.66
ORD-2024-014672,1,PROD-005,2,20.28,30.95
ORD-2024-014673,1,PROD-005,2,20.28,37.18
ORD-2024-014673,2,PROD-035,1,10.14,8.95
ORD-2024-014674,1,PROD-038,2,7.89,15.4
ORD-2024-014674,2,PROD-014,3,9.9,28.81
ORD-2024-014675,1,PROD-039,2,8.17,15.84
ORD-2024-014675,2,PROD-013,1,11.9,10.78
ORD-2024-014676,1,PROD-014,1,9.9,9.64
ORD-2024-014676,2,PROD-002,2,11.9,18.48
ORD-2024-014677,1,PROD-006,3,32.39,92.21
ORD-2024-014678,1,PROD-039,3,8.17,20.37
ORD-2024-014679,1,PROD-032,1,19.72,18.94
ORD-2024-014679,2,PROD-005,2,20.28,35.9
ORD-2024-014680,1,PROD-032,3,19.72,55.37
ORD-2024-014680,2,PROD-039,3,8.17,21.04
ORD-2024-014680,3,PROD-025,1,21.97,11.74
ORD-2024-014681,1,PROD-004,1,20.28,18.56
ORD-2024-014682,1,PROD-005,3,20.28,55.41
ORD-2024-014683,1,PROD-006,1,32.39,32.37
ORD-2024-014684,1,PROD-026,2,14.65,27.08
ORD-2024-014685,1,PROD-052,1,46.48,35.61
ORD-2024-014685,2,PROD-002,2,11.9,22.47
ORD-2024-014686,1,PROD-035,2,10.14,19.74
ORD-2024-014686,2,PROD-026,1,14.65,14.15
ORD-2024-014686,3,PROD-004,1,20.28,19.92
ORD-2024-014686,4,PROD-001,1,12.9,12.01
ORD-2024-014687,1,PROD-036,2,11.55,18.15
ORD-2024-014688,1,PROD-006,2,32.39,63.49
ORD-2024-014688,2,PROD-001,2,12.9,25.45
ORD-2024-014689,1,PROD-001,1,12.9,12.4
ORD-2024-014689,2,PROD-007,1,17.18,14.77
ORD-2024-014690,1,PROD-032,1,19.72,15.61
ORD-2024-014691,1,PROD-002,3,11.9,32.12
ORD-2024-014692,1,PROD-003,2,14.37,28.33
ORD-2024-014693,1,PROD-002,2,11.9,19.79
ORD-2024-014694,1,PROD-002,2,11.9,21.54
ORD-2024-014695,1,PROD-017,1,12.5,11.94
ORD-2024-014696,1,PROD-011,2,14.9,28.21
ORD-2024-014697,1,PROD-003,1,14.37,10.59
ORD-2024-014698,1,PROD-034,1,9.01,8.92
ORD-2024-014699,1,PROD-048,1,55.77,42.5
ORD-2024-014699,2,PROD-028,1,17.18,15.33
ORD-2024-014700,1,PROD-007,2,17.18,33.49
ORD-2024-014701,1,PROD-029,2,24.79,45.04
ORD-2024-014702,1,PROD-002,1,11.9,11.77
ORD-2024-014702,2,PROD-026,2,14.65,28.38
ORD-2024-014702,3,PROD-034,1,9.01,8.63
ORD-2024-014703,1,PROD-056,1,101.41,99.94
ORD-2024-014704,1,PROD-020,2,10.14,19.9
ORD-2024-014705,1,PROD-002,1,11.9,10.83
ORD-2024-014706,1,PROD-030,2,49.3,78.9
ORD-2024-014706,2,PROD-035,2,10.14,18.68
ORD-2024-014707,1,PROD-008,1,9.9,9.27
ORD-2024-014707,2,PROD-044,1,40.85,38.6
ORD-2024-014708,1,PROD-003,1,14.37,13.17
ORD-2024-014709,1,PROD-029,1,24.79,22.74
ORD-2024-014710,1,PROD-031,1,53.52,36.81
ORD-2024-014711,1,PROD-002,3,11.9,32.54
ORD-2024-014711,2,PROD-027,1,21.13,16.4
ORD-2024-014712,1,PROD-019,1,29.58,24.39
ORD-2024-014713,1,PROD-002,1,11.9,11.23
ORD-2024-014713,2,PROD-038,1,7.89,5.26
ORD-2024-014714,1,PROD-022,1,9.01,8.66
ORD-2024-014715,1,PROD-021,1,15.49,10.35
ORD-2024-014715,2,PROD-037,1,9.86,8.79
ORD-2024-014716,1,PROD-001,2,12.9,25.52
ORD-2024-014717,1,PROD-034,1,9.01,5.58
ORD-2024-014718,1,PROD-010,1,38.03,32.58
ORD-2024-014719,1,PROD-010,3,38.03,90.3
ORD-2024-014720,1,PROD-012,1,18.5,15.75
ORD-2024-014721,1,PROD-052,1,46.48,37.14
ORD-2024-014722,1,PROD-030,2,49.3,91.36
ORD-2024-014722,2,PROD-015,1,26.76,16.52
ORD-2024-014722,3,PROD-019,2,29.58,54.7
ORD-2024-014723,1,PROD-010,2,38.03,68.33
ORD-2024-014724,1,PROD-032,1,19.72,19.42
ORD-2024-014725,1,PROD-039,1,8.17,8.07
ORD-2024-014726,1,PROD-041,1,11.83,11.17
ORD-2024-014727,1,PROD-023,1,7.89,6.84
ORD-2024-014728,1,PROD-004,1,20.28,19.43
ORD-2024-014729,1,PROD-005,1,20.28,16.89
ORD-2024-014729,2,PROD-016,3,8.9,21.17
ORD-2024-014730,1,PROD-016,1,8.9,8.2
ORD-2024-014731,1,PROD-001,3,12.9,36.46
ORD-2024-014731,2,PROD-004,1,20.28,19.44
ORD-2024-014731,3,PROD-042,2,73.24,137.65
ORD-2024-014732,1,PROD-042,1,73.24,57.38
ORD-2024-014732,2,PROD-027,2,21.13,30.33
ORD-2024-014732,3,PROD-003,2,14.37,26.96
ORD-2024-014733,1,PROD-023,1,7.89,7.1
ORD-2024-014734,1,PROD-053,1,53.52,50.29
ORD-2024-014735,1,PROD-005,1,20.28,18.78
ORD-2024-014736,1,PROD-014,1,9.9,9.36
ORD-2024-014737,1,PROD-004,1,20.28,20.09
ORD-2024-014738,1,PROD-003,1,14.37,13.35
ORD-2024-014738,2,PROD-034,1,9.01,8.73
ORD-2024-014739,1,PROD-034,1,9.01,8.49
ORD-2024-014740,1,PROD-003,1,14.37,14.21
ORD-2024-014741,1,PROD-005,3,20.28,53.14
ORD-2024-014742,1,PROD-006,1,32.39,29.8
ORD-2024-014742,2,PROD-007,1,17.18,14.11
ORD-2024-014743,1,PROD-003,1,14.37,13.98
ORD-2024-014743,2,PROD-032,3,19.72,57.77
ORD-2024-014744,1,PROD-003,1,14.37,13.56
ORD-2024-014744,2,PROD-001,3,12.9,35.92
ORD-2024-014745,1,PROD-028,1,17.18,13.63
ORD-2024-014746,1,PROD-002,1,11.9,11.4
ORD-2024-014747,1,PROD-001,3,12.9,33.43
ORD-2024-014747,2,PROD-008,2,9.9,13.74
ORD-2024-014748,1,PROD-001,1,12.9,9.3
ORD-2024-014748,2,PROD-044,1,40.85,27.58
ORD-2024-014748,3,PROD-012,3,18.5,35.99
ORD-2024-014749,1,PROD-006,2,32.39,58.8
ORD-2024-014750,1,PROD-001,1,12.9,12.48
ORD-2024-014750,2,PROD-020,1,10.14,10.0
ORD-2024-014750,3,PROD-035,3,10.14,27.5
ORD-2024-014751,1,PROD-004,1,20.28,16.56
ORD-2024-014752,1,PROD-010,1,38.03,35.87
ORD-2024-014753,1,PROD-036,1,11.55,11.23
ORD-2024-014753,2,PROD-035,1,10.14,7.83
ORD-2024-014753,3,PROD-028,2,17.18,28.41
ORD-2024-014754,1,PROD-048,1,55.77,52.45
ORD-2024-014755,1,PROD-019,1,29.58,28.36
ORD-2024-014756,1,PROD-006,1,32.39,26.84
ORD-2024-014757,1,PROD-001,1,12.9,12.02
ORD-2024-014758,1,PROD-034,1,9.01,7.44
ORD-2024-014758,2,PROD-001,1,12.9,12.66
ORD-2024-014758,3,PROD-023,1,7.89,7.56
ORD-2024-014759,1,PROD-010,3,38.03,107.83
ORD-2024-014760,1,PROD-004,1,20.28,18.75
ORD-2024-014760,2,PROD-005,2,20.28,37.76
ORD-2024-014761,1,PROD-002,1,11.9,10.83
ORD-2024-014761,2,PROD-010,1,38.03,35.66
ORD-2024-014762,1,PROD-040,1,15.21,15.01
ORD-2024-014762,2,PROD-014,2,9.9,9.4
ORD-2024-014763,1,PROD-036,2,11.55,22.13
ORD-2024-014764,1,PROD-005,2,20.28,40.18
ORD-2024-014765,1,PROD-024,1,8.73,8.41
ORD-2024-014766,1,PROD-033,1,52.11,50.84
ORD-2024-014766,2,PROD-034,1,9.01,8.67
ORD-2024-014767,1,PROD-001,1,12.9,12.36
ORD-2024-014767,2,PROD-030,2,49.3,83.1
ORD-2024-014768,1,PROD-020,1,10.14,9.1
ORD-2024-014768,2,PROD-008,2,9.9,14.5
ORD-2024-014769,1,PROD-010,1,38.03,33.2
ORD-2024-014769,2,PROD-007,2,17.18,31.27
ORD-2024-014770,1,PROD-047,1,108.45,87.89
ORD-2024-014771,1,PROD-001,1,12.9,12.77
ORD-2024-014772,1,PROD-021,1,15.49,15.08
ORD-2024-014773,1,PROD-040,1,15.21,14.59
ORD-2024-014774,1,PROD-002,2,11.9,23.48
ORD-2024-014775,1,PROD-047,1,108.45,78.16
ORD-2024-014776,1,PROD-003,3,14.37,34.13
ORD-2024-014777,1,PROD-051,1,36.06,34.04
ORD-2024-014777,2,PROD-003,1,14.37,13.08
ORD-2024-014778,1,PROD-002,1,11.9,11.4
ORD-2024-014778,2,PROD-008,2,9.9,17.39
ORD-2024-014778,3,PROD-001,3,12.9,38.39
ORD-2024-014779,1,PROD-004,1,20.28,17.94
ORD-2024-014779,2,PROD-003,1,14.37,14.07
ORD-2024-014779,3,PROD-044,1,40.85,35.39
ORD-2024-014780,1,PROD-025,2,21.97,39.68
ORD-2024-014781,1,PROD-002,1,11.9,11.58
ORD-2024-014782,1,PROD-039,1,8.17,6.58
ORD-2024-014782,2,PROD-003,1,14.37,14.14
ORD-2024-014783,1,PROD-040,2,15.21,27.34
ORD-2024-014783,2,PROD-001,1,12.9,10.99
ORD-2024-014783,3,PROD-008,1,9.9,9.61
ORD-2024-014784,1,PROD-029,1,24.79,22.26
ORD-2024-014785,1,PROD-023,1,7.89,7.65
ORD-2024-014785,2,PROD-004,1,20.28,15.78
ORD-2024-014786,1,PROD-054,1,59.15,47.69
ORD-2024-014787,1,PROD-002,1,11.9,8.58
ORD-2024-014788,1,PROD-002,3,11.9,33.48
ORD-2024-014789,1,PROD-007,2,17.18,32.73
ORD-2024-014790,1,PROD-008,2,9.9,19.24
ORD-2024-014791,1,PROD-007,1,17.18,14.84
ORD-2024-014792,1,PROD-034,1,9.01,7.82
ORD-2024-014793,1,PROD-019,1,29.58,25.86
ORD-2024-014794,1,PROD-028,1,17.18,15.83
ORD-2024-014795,1,PROD-003,1,14.37,13.26
ORD-2024-014796,1,PROD-025,1,21.97,20.05
ORD-2024-014797,1,PROD-002,2,11.9,16.75
ORD-2024-014797,2,PROD-004,3,20.28,51.85
ORD-2024-014798,1,PROD-007,2,17.18,31.97
ORD-2024-014798,2,PROD-013,1,11.9,10.72
ORD-2024-014798,3,PROD-041,1,11.83,11.09
ORD-2024-014799,1,PROD-005,2,20.28,40.17
ORD-2024-014799,2,PROD-027,1,21.13,20.45
ORD-2024-014800,1,PROD-017,2,12.5,23.88
ORD-2024-014800,2,PROD-004,1,20.28,19.59
ORD-2024-014800,3,PROD-027,1,21.13,20.51
ORD-2024-014801,1,PROD-050,1,61.97,60.06
ORD-2024-014802,1,PROD-036,2,11.55,19.97
ORD-2024-014802,2,PROD-001,1,12.9,12.25
ORD-2024-014802,3,PROD-033,4,52.11,196.64
ORD-2024-014803,1,PROD-003,2,14.37,12.93
ORD-2024-014803,2,PROD-044,2,40.85,61.38
ORD-2024-014804,1,PROD-034,3,9.01,26.37
ORD-2024-014805,1,PROD-004,1,20.28,18.62
ORD-2024-014805,2,PROD-048,1,55.77,46.29
ORD-2024-014805,3,PROD-010,2,38.03,75.63
ORD-2024-014806,1,PROD-003,3,14.37,42.63
ORD-2024-014807,1,PROD-006,1,32.39,26.17
ORD-2024-014808,1,PROD-008,3,9.9,27.92
ORD-2024-014808,2,PROD-037,1,9.86,9.26
ORD-2024-014808,3,PROD-035,1,10.14,9.4
ORD-2024-014809,1,PROD-017,1,12.5,11.29
ORD-2024-014810,1,PROD-044,1,40.85,36.11
ORD-2024-014810,2,PROD-001,1,12.9,10.89
ORD-2024-014811,1,PROD-005,2,20.28,33.6
ORD-2024-014811,2,PROD-002,2,11.9,18.16
ORD-2024-014811,3,PROD-022,1,9.01,8.49
ORD-2024-014812,1,PROD-020,2,10.14,17.08
ORD-2024-014813,1,PROD-058,1,39.44,36.83
ORD-2024-014813,2,PROD-003,1,14.37,13.91
ORD-2024-014814,1,PROD-001,2,12.9,11.61
ORD-2024-014814,2,PROD-029,2,24.79,36.43
ORD-2024-014815,1,PROD-001,2,12.9,25.59
ORD-2024-014815,2,PROD-010,1,38.03,37.44
ORD-2024-014816,1,PROD-001,2,12.9,24.35
ORD-2024-014817,1,PROD-002,2,11.9,21.53
ORD-2024-014818,1,PROD-001,1,12.9,11.56
ORD-2024-014819,1,PROD-027,1,21.13,15.9
ORD-2024-014819,2,PROD-004,1,20.28,13.95
ORD-2024-014820,1,PROD-027,1,21.13,19.24
ORD-2024-014820,2,PROD-002,3,11.9,31.24
ORD-2024-014821,1,PROD-016,2,8.9,14.73
ORD-2024-014822,1,PROD-023,1,7.89,6.79
ORD-2024-014822,2,PROD-027,2,21.13,37.98
ORD-2024-014823,1,PROD-022,2,9.01,16.39
ORD-2024-014823,2,PROD-027,2,21.13,41.51
ORD-2024-014824,1,PROD-004,1,20.28,17.75
ORD-2024-014824,2,PROD-039,3,8.17,22.76
ORD-2024-014824,3,PROD-031,1,53.52,50.14
ORD-2024-014824,4,PROD-034,1,9.01,7.99
ORD-2024-014824,5,PROD-022,2,9.01,15.05
ORD-2024-014825,1,PROD-003,2,14.37,27.43
ORD-2024-014825,2,PROD-013,2,11.9,23.61
ORD-2024-014826,1,PROD-005,2,20.28,36.73
ORD-2024-014827,1,PROD-017,2,12.5,23.69
ORD-2024-014827,2,PROD-021,1,15.49,13.42
ORD-2024-014828,1,PROD-004,1,20.28,17.77
ORD-2024-014829,1,PROD-034,1,9.01,6.25
ORD-2024-014830,1,PROD-007,2,17.18,33.17
ORD-2024-014831,1,PROD-004,1,20.28,18.88
ORD-2024-014831,2,PROD-006,1,32.39,29.4
ORD-2024-014832,1,PROD-036,1,11.55,11.27
ORD-2024-014832,2,PROD-008,1,9.9,9.25
ORD-2024-014832,3,PROD-024,1,8.73,7.79
ORD-2024-014832,4,PROD-004,2,20.28,32.45
ORD-2024-014833,1,PROD-037,2,9.86,17.36
ORD-2024-014834,1,PROD-006,1,32.39,23.86
ORD-2024-014835,1,PROD-010,1,38.03,36.15
ORD-2024-014836,1,PROD-037,1,9.86,6.84
ORD-2024-014837,1,PROD-010,1,38.03,36.09
ORD-2024-014838,1,PROD-041,1,11.83,11.48
ORD-2024-014839,1,PROD-003,1,14.37,12.96
ORD-2024-014840,1,PROD-003,1,14.37,13.81
ORD-2024-014840,2,PROD-038,2,7.89,14.4
ORD-2024-014841,1,PROD-022,1,9.01,8.88
ORD-2024-014841,2,PROD-001,1,12.9,12.67
ORD-2024-014841,3,PROD-003,2,14.37,26.53
ORD-2024-014841,4,PROD-011,1,14.9,13.84
ORD-2024-014842,1,PROD-036,1,11.55,10.38
ORD-2024-014842,2,PROD-005,3,20.28,60.29
ORD-2024-014842,3,PROD-033,1,52.11,46.46
ORD-2024-014843,1,PROD-006,2,32.39,48.03
ORD-2024-014844,1,PROD-012,2,18.5,35.75
ORD-2024-014845,1,PROD-003,3,14.37,41.8
ORD-2024-014845,2,PROD-038,3,7.89,22.81
ORD-2024-014846,1,PROD-011,1,14.9,13.65
ORD-2024-014847,1,PROD-005,1,20.28,19.26
ORD-2024-014847,2,PROD-028,1,17.18,13.32
ORD-2024-014848,1,PROD-036,1,11.55,11.46
ORD-2024-014849,1,PROD-001,3,12.9,34.83
ORD-2024-014849,2,PROD-016,2,8.9,13.96
ORD-2024-014849,3,PROD-006,1,32.39,26.79
ORD-2024-014850,1,PROD-002,2,11.9,22.52
ORD-2024-014850,2,PROD-039,1,8.17,6.32
ORD-2024-014850,3,PROD-041,2,11.83,22.72
ORD-2024-014851,1,PROD-001,3,12.9,36.46
ORD-2024-014852,1,PROD-002,1,11.9,10.07
ORD-2024-014852,2,PROD-034,1,9.01,7.7
ORD-2024-014852,3,PROD-024,1,8.73,7.76
ORD-2024-014853,1,PROD-005,2,20.28,36.85
ORD-2024-014854,1,PROD-013,1,11.9,8.2
ORD-2024-014854,2,PROD-002,1,11.9,11.13
ORD-2024-014855,1,PROD-006,1,32.39,31.81
ORD-2024-014855,2,PROD-041,2,11.83,22.47
ORD-2024-014856,1,PROD-034,3,9.01,26.24
ORD-2024-014856,2,PROD-032,1,19.72,17.76
ORD-2024-014857,1,PROD-004,2,20.28,40.23
ORD-2024-014857,2,PROD-034,1,9.01,8.71
ORD-2024-014858,1,PROD-003,1,14.37,13.29
ORD-2024-014859,1,PROD-040,2,15.21,14.92
ORD-2024-014860,1,PROD-008,2,9.9,15.17
ORD-2024-014861,1,PROD-001,1,12.9,12.85
ORD-2024-014862,1,PROD-005,2,20.28,32.22
ORD-2024-014862,2,PROD-010,2,38.03,67.05
ORD-2024-014862,3,PROD-050,1,61.97,44.43
ORD-2024-014863,1,PROD-024,1,8.73,6.0
ORD-2024-014864,1,PROD-010,1,38.03,28.34
ORD-2024-014864,2,PROD-033,1,52.11,39.8
ORD-2024-014865,1,PROD-005,2,20.28,39.44
ORD-2024-014865,2,PROD-002,2,11.9,22.89
ORD-2024-014866,1,PROD-001,1,12.9,9.9
ORD-2024-014866,2,PROD-035,1,10.14,8.72
ORD-2024-014867,1,PROD-006,1,32.39,27.61
ORD-2024-014867,2,PROD-005,2,20.28,35.6
ORD-2024-014868,1,PROD-001,1,12.9,12.51
ORD-2024-014869,1,PROD-024,1,8.73,8.34
ORD-2024-014869,2,PROD-035,2,10.14,-18.29
ORD-2024-014870,1,PROD-001,1,12.9,12.64
ORD-2024-014871,1,PROD-008,1,9.9,9.42
ORD-2024-014872,1,PROD-027,1,21.13,17.48
ORD-2024-014873,1,PROD-020,1,10.14,8.78
ORD-2024-014873,2,PROD-010,1,38.03,25.52
ORD-2024-014874,1,PROD-035,3,10.14,21.63
ORD-2024-014875,1,PROD-006,3,32.39,96.24
ORD-2024-014875,2,PROD-035,2,10.14,20.04
ORD-2024-014876,1,PROD-004,1,20.28,14.21
ORD-2024-014877,1,PROD-001,1,12.9,9.92
ORD-2024-014877,2,PROD-042,2,73.24,140.83
ORD-2024-014877,3,PROD-004,3,20.28,49.79
ORD-2024-014878,1,PROD-023,1,7.89,6.85
ORD-2024-014878,2,PROD-007,2,17.18,34.21
ORD-2024-014878,3,PROD-005,1,20.28,19.6
ORD-2024-014878,4,PROD-026,2,14.65,28.9
ORD-2024-014879,1,PROD-037,1,9.86,7.5
ORD-2024-014879,2,PROD-022,2,9.01,16.21
ORD-2024-014879,3,PROD-032,1,19.72,8.87
ORD-2024-014880,1,PROD-006,1,32.39,28.58
ORD-2024-014880,2,PROD-041,1,11.83,9.59
ORD-2024-014881,1,PROD-003,1,14.37,11.76
ORD-2024-014882,1,PROD-005,2,20.28,36.64
ORD-2024-014883,1,PROD-032,1,19.72,18.12
ORD-2024-014883,2,PROD-051,2,36.06,65.63
ORD-2024-014884,1,PROD-005,3,20.28,53.12
ORD-2024-014884,2,PROD-035,2,10.14,18.63
ORD-2024-014885,1,PROD-007,1,17.18,14.18
ORD-2024-014885,2,PROD-001,1,12.9,12.56
ORD-2024-014886,1,PROD-030,1,49.3,47.1
ORD-2024-014886,2,PROD-039,1,8.17,7.67
ORD-2024-014886,3,PROD-003,1,14.37,11.13
ORD-2024-014887,1,PROD-003,1,14.37,13.98
ORD-2024-014888,1,PROD-004,1,20.28,17.29
ORD-2024-014888,2,PROD-034,2,9.01,16.68
ORD-2024-014888,3,PROD-044,1,40.85,37.18
ORD-2024-014889,1,PROD-005,2,20.28,36.7
ORD-2024-014889,2,PROD-001,1,12.9,11.74
ORD-2024-014890,1,PROD-034,4,9.01,35.56
ORD-2024-014891,1,PROD-037,2,9.86,19.48
ORD-2024-014891,2,PROD-020,1,10.14,9.48
ORD-2024-014892,1,PROD-040,1,15.21,10.72
ORD-2024-014892,2,PROD-030,2,49.3,90.19
ORD-2024-014893,1,PROD-006,3,32.39,95.19
ORD-2024-014894,1,PROD-019,1,29.58,28.84
ORD-2024-014894,2,PROD-037,1,9.86,8.57
ORD-2024-014895,1,PROD-037,1,9.86,9.56
ORD-2024-014896,1,PROD-049,2,80.28,146.88
ORD-2024-014897,1,PROD-002,3,11.9,34.88
ORD-2024-014897,2,PROD-025,1,21.97,20.67
ORD-2024-014898,1,PROD-055,1,74.65,72.45
ORD-2024-014899,1,PROD-030,2,49.3,86.91
ORD-2024-014900,1,PROD-010,1,38.03,31.2
ORD-2024-014901,1,PROD-011,1,14.9,13.86
ORD-2024-014901,2,PROD-005,2,20.28,40.04
ORD-2024-014902,1,PROD-044,1,40.85,35.8
ORD-2024-014903,1,PROD-058,1,39.44,32.39
ORD-2024-014904,1,PROD-002,2,11.9,23.23
ORD-2024-014905,1, PROD-028 ,1,17.18,14.12
ORD-2024-014906,1,PROD-005,1,20.28,15.91
ORD-2024-014907,1,PROD-028,1,17.18,16.38
ORD-2024-014907,2,PROD-005,2,20.28,31.66
ORD-2024-014907,3,PROD-006,2,32.39,57.94
ORD-2024-014908,1,PROD-013,2,11.9,20.24
ORD-2024-014908,2,PROD-005,1,20.28,19.12
ORD-2024-014908,3,PROD-006,1,32.39,31.2
ORD-2024-014909,1,PROD-019,3,29.58,83.66
ORD-2024-014909,2,PROD-022,2,9.01,17.07
ORD-2024-014910,1,PROD-044,1,40.85,31.21
ORD-2024-014911,1,PROD-024,1,8.73,7.04
ORD-2024-014912,1,PROD-003,2,14.37,22.96
ORD-2024-014912,2,PROD-010,3,38.03,102.14
ORD-2024-014913,1,PROD-006,1,32.39,31.62
ORD-2024-014914,1,PROD-028,2,17.18,29.04
ORD-2024-014915,1,PROD-007,1,17.18,11.65
ORD-2024-014916,1,PROD-002,2,11.9,19.72
ORD-2024-014917,1,PROD-041,1,11.83,11.72
ORD-2024-014918,1,PROD-031,2,53.52,103.18
ORD-2024-014919,1,PROD-002,3,11.9,31.39
ORD-2024-014919,2,PROD-021,1,15.49,15.16
ORD-2024-014920,1,PROD-013,1,11.9,10.58
ORD-2024-014921,1,PROD-007,1,17.18,15.39
ORD-2024-014922,1,PROD-044,1,40.85,40.65
ORD-2024-014922,2,PROD-003,2,14.37,26.71
ORD-2024-014923,1,PROD-040,1,15.21,12.22
ORD-2024-014924,1,PROD-001,1,12.9,11.73
ORD-2024-014924,2,PROD-006,1,32.39,30.09
ORD-2024-014925,1,PROD-027,2,21.13,38.03
ORD-2024-014925,2,PROD-004,1,20.28,18.63
ORD-2024-014926,1,PROD-050,1,61.97,56.86
ORD-2024-014926,2,PROD-005,1,20.28,16.87
ORD-2024-014927,1,PROD-036,1,11.55,10.99
ORD-2024-014927,2,PROD-040,1,15.21,12.58
ORD-2024-014927,3,PROD-001,1,12.9,11.9
ORD-2024-014928,1,PROD-051,1,36.06,34.12
ORD-2024-014928,2,PROD-039,1,8.17,7.31
ORD-2024-014929,1,PROD-005,1,20.28,19.78
ORD-2024-014930,1,PROD-001,3,12.9,36.31
ORD-2024-014930,2,PROD-041,1,11.83,11.19
ORD-2024-014931,1,PROD-006,1,32.39,31.85
ORD-2024-014931,2,PROD-032,2,19.72,37.96
ORD-2024-014932,1,PROD-036,4,11.55,43.36
ORD-2024-014933,1,PROD-005,2,20.28,32.83
ORD-2024-014933,2,PROD-041,2,11.83,21.97
ORD-2024-014934,1,PROD-024,1,8.73,7.25
ORD-2024-014934,2,PROD-041,1,11.83,7.64
ORD-2024-014934,3,PROD-006,2,32.39,42.08
ORD-2024-014935,1,PROD-054,1,59.15,39.07
ORD-2024-014935,2,PROD-035,3,10.14,27.55
ORD-2024-014936,1,PROD-034,3,9.01,26.44
ORD-2024-014936,2,PROD-005,2,20.28,34.22
ORD-2024-014936,3,PROD-004,1,20.28,15.23
ORD-2024-014936,4,PROD-006,1,32.39,31.67
ORD-2024-014936,5,PROD-003,1,14.37,13.45
ORD-2024-014937,1,PROD-041,1,11.83,7.94
ORD-2024-014938,1,PROD-040,3,15.21,39.97
ORD-2024-014939,1,PROD-001,2,12.9,25.35
ORD-2024-014939,2,PROD-035,3,10.14,29.96
ORD-2024-014939,3,PROD-004,2,20.28,40.21
ORD-2024-014940,1,PROD-005,3,20.28,48.3
ORD-2024-014941,1,PROD-032,2,19.72,39.03
ORD-2024-014942,1,PROD-005,1,20.28,18.63
ORD-2024-014943,1,PROD-006,2,32.39,56.65
ORD-2024-014944,1,PROD-006,2,32.39,60.54
ORD-2024-014945,1,PROD-034,1,9.01,8.2
ORD-2024-014945,2,PROD-032,1,19.72,16.55
ORD-2024-014946,1,PROD-008,1,9.9,8.25
ORD-2024-014947,1,PROD-019,1,29.58,25.39
ORD-2024-014948,1,PROD-035,1,10.14,7.61
ORD-2024-014948,2,PROD-015,1,26.76,22.28
ORD-2024-014949,1,PROD-032,1,19.72,12.91
ORD-2024-014949,2,PROD-016,1,8.9,7.56
ORD-2024-014949,3,PROD-008,2,9.9,16.63
ORD-2024-014949,4,PROD-007,1,17.18,13.82
ORD-2024-014950,1,PROD-013,1,11.9,11.16
ORD-2024-014951,1,PROD-038,1,7.89,6.88
ORD-2024-014952,1,PROD-034,3,9.01,23.51
ORD-2024-014952,2,PROD-032,1,19.72,19.22
ORD-2024-014952,3,PROD-027,1,21.13,20.23
ORD-2024-014953,1,PROD-024,1,8.73,7.96
ORD-2024-014954,1,PROD-006,1,32.39,31.58
ORD-2024-014954,2,PROD-008,1,9.9,9.31
ORD-2024-014955,1,PROD-008,3,9.9,27.59
ORD-2024-014955,2,PROD-032,2,19.72,30.44
ORD-2024-014955,3,PROD-052,1,46.48,45.15
ORD-2024-014956,1,PROD-014,2,9.9,18.36
ORD-2024-014956,2,PROD-001,1,12.9,11.14
ORD-2024-014956,3,PROD-016,1,8.9,8.19
ORD-2024-014957,1,PROD-005,1,20.28,19.23
ORD-2024-014958,1,PROD-015,2,26.76,47.82
ORD-2024-014959,1,PROD-034,1,9.01,8.21
ORD-2024-014960,1,PROD-006,1,32.39,27.08
ORD-2024-014961,1,PROD-002,2,11.9,22.83
ORD-2024-014962,1,PROD-006,2,32.39,63.01
ORD-2024-014963,1,PROD-027,1,21.13,20.77
ORD-2024-014963,2,PROD-011,2,14.9,19.43
ORD-2024-014964,1,PROD-031,1,53.52,39.98
ORD-2024-014965,1,PROD-008,2,9.9,19.42
ORD-2024-014965,2,PROD-004,2,20.28,33.2
ORD-2024-014966,1,PROD-003,1,14.37,13.61
ORD-2024-014967,1,PROD-008,1,9.9,8.87
ORD-2024-014968,1,PROD-003,3,14.37,35.76
ORD-2024-014968,2,PROD-005,2,20.28,38.1
ORD-2024-014968,3,PROD-004,2,20.28,37.75
ORD-2024-014969,1,PROD-024,1,8.73,7.97
ORD-2024-014970,1,PROD-039,1,8.17,7.58
ORD-2024-014971,1,PROD-007,1,17.18,15.04
ORD-2024-014972,1,PROD-001,1,12.9,9.32
ORD-2024-014972,2,PROD-039,2,8.17,14.62
ORD-2024-014972,3,PROD-027,2,21.13,33.24
ORD-2024-014973,1,PROD-037,4,9.86,38.07
ORD-2024-014974,1,PROD-021,2,15.49,30.35
ORD-2024-014975,1,PROD-014,3,9.9,28.46
ORD-2024-014976,1,PROD-041,2,11.83,19.48
ORD-2024-014977,1,PROD-005,1,20.28,18.85
ORD-2024-014977,2,PROD-003,1,14.37,12.45
ORD-2024-014977,3,PROD-035,1,10.14,8.8
ORD-2024-014978,1,PROD-002,1,11.9,10.77
ORD-2024-014979,1,PROD-041,1,11.83,11.09
ORD-2024-014980,1,PROD-037,2,9.86,17.87
ORD-2024-014981,1,PROD-038,1,7.89,7.33
ORD-2024-014981,2,PROD-035,1,10.14,9.16
ORD-2024-014982,1,PROD-010,1,38.03,35.58
ORD-2024-014983,1,PROD-002,1,11.9,11.57
ORD-2024-014984,1,PROD-004,1,20.28,19.84
ORD-2024-014985,1,PROD-002,2,11.9,22.78
ORD-2024-014986,1,PROD-002,1,11.9,11.38
ORD-2024-014987,1,PROD-033,4,52.11,163.56
ORD-2024-014987,2,PROD-003,1,14.37,12.85
ORD-2024-014988,1,PROD-001,1,12.9,9.04
ORD-2024-014989,1,PROD-006,3,32.39,87.13
ORD-2024-014989,2,PROD-040,1,15.21,14.35
ORD-2024-014990,1,PROD-023,2,7.89,15.23
ORD-2024-014990,2,PROD-027,1,21.13,18.76
ORD-2024-014990,3,PROD-036,4,11.55,44.87
ORD-2024-014991,1,PROD-032,2,19.72,36.12
ORD-2024-014991,2,PROD-011,1,14.9,14.55
ORD-2024-014992,1,PROD-019,2,29.58,54.77
ORD-2024-014993,1,PROD-003,1,14.37,13.53
ORD-2024-014994,1,PROD-001,2,12.9,23.52
ORD-2024-014995,1,PROD-005,3,20.28,60.04
ORD-2024-014995,2,PROD-017,1,12.5,12.38
ORD-2024-014996,1,PROD-006,1,32.39,26.46
ORD-2024-014997,1,PROD-007,1,17.18,16.07
ORD-2024-014998,1,PROD-004,3,20.28,52.9
ORD-2024-014999,1,PROD-007,2,17.18,33.91
ORD-2024-014999,2,PROD-040,1,15.21,15.11
ORD-2024-014999,3,PROD-021,1,15.49,15.44
ORD-2024-014999,4,PROD-011,1,14.9,14.01
ORD-2024-015000,1,PROD-002,1,11.9,11.11
ORD-2024-015000,2,PROD-011,3,14.9,43.51
ORD-2024-015001,1,PROD-038,1,7.89,7.36
ORD-2024-015002,1,PROD-006,2,32.39,54.14
ORD-2024-015003,1,PROD-004,1,20.28,17.15
ORD-2024-015004,1,PROD-034,1,9.01,7.99
ORD-2024-015005,1,PROD-006,1,32.39,31.58
ORD-2024-015006,1,PROD-004,1,20.28,16.16
ORD-2024-015007,1,PROD-034,1,9.01,8.35
ORD-2024-015007,2,PROD-007,1,17.18,13.98
ORD-2024-015008,1,PROD-030,2,49.3,80.18
ORD-2024-015008,2,PROD-026,1,14.65,11.91
ORD-2024-015009,1,PROD-008,1,9.9,8.22
ORD-2024-015010,1,PROD-012,1,18.5,18.34
ORD-2024-015010,2,PROD-032,2,19.72,37.8
ORD-2024-015011,1,PROD-004,1,20.28,17.29
ORD-2024-015011,2,PROD-003,2,14.37,26.62
ORD-2024-015012,1,PROD-028,1,17.18,15.03
ORD-2024-015012,2,PROD-001,3,12.9,38.21
ORD-2024-015013,1,PROD-051,2,36.06,70.09
ORD-2024-015014,1,PROD-045,1,72.68,70.43
ORD-2024-015015,1,PROD-049,1,80.28,51.39
ORD-2024-015015,2,PROD-006,1,32.39,30.43
ORD-2024-015016,1,PROD-004,1,20.28,18.15
ORD-2024-015017,1,PROD-006,1,32.39,30.82
ORD-2024-015018,1,PROD-024,1,8.73,8.23
ORD-2024-015018,2,PROD-035,1,10.14,9.54
ORD-2024-015019,1,PROD-036,3,11.55,33.16
ORD-2024-015019,2,PROD-007,2,17.18,32.73
ORD-2024-015020,1,PROD-003,1,14.37,12.83
ORD-2024-015020,2,PROD-032,1,19.72,18.66
ORD-2024-015021,1,PROD-034,1,9.01,7.78
ORD-2024-015022,1,PROD-011,1,14.9,14.31
ORD-2024-015022,2,PROD-049,1,80.28,68.41
ORD-2024-015023,1,PROD-036,1,11.55,11.16
ORD-2024-015024,1,PROD-059,1,52.11,44.16
ORD-2024-015024,2,PROD-044,1,40.85,34.56
ORD-2024-015024,3,PROD-001,1,12.9,12.11
ORD-2024-015025,1,PROD-044,1,40.85,34.16
ORD-2024-015025,2,PROD-027,2,21.13,39.22
ORD-2024-015026,1,PROD-025,2,21.97,39.15
ORD-2024-015027,1,PROD-027,1,21.13,20.07
ORD-2024-015028,1,PROD-044,1,40.85,38.12
ORD-2024-015028,2,PROD-004,2,20.28,38.09
ORD-2024-015028,3,PROD-003,1,14.37,14.14
ORD-2024-015029,1,PROD-002,3,11.9,33.69
ORD-2024-015030,1,PROD-004,1,20.28,17.97
ORD-2024-015030,2,PROD-008,1,9.9,9.47
ORD-2024-015030,3,PROD-006,3,32.39,87.02
ORD-2024-015030,4,PROD-036,1,11.55,10.62
ORD-2024-015031,1,PROD-040,1,15.21,14.91
ORD-2024-015032,1,PROD-012,2,18.5,26.08
ORD-2024-015033,1,PROD-020,1,10.14,9.84
ORD-2024-015033,2,PROD-039,1,8.17,7.49
ORD-2024-015034,1,PROD-005,2,20.28,36.44
ORD-2024-015034,2,PROD-048,1,55.77,52.98
ORD-2024-015035,1,PROD-007,1,17.18,14.39
ORD-2024-015035,2,PROD-005,1,20.28,19.86
ORD-2024-015035,3,PROD-042,1,73.24,69.58
ORD-2024-015036,1,PROD-012,1,18.5,16.82
ORD-2024-015036,2,PROD-004,2,20.28,35.04
ORD-2024-015036,3,PROD-049,1,80.28,61.92
ORD-2024-015037,1,PROD-031,2,53.52,96.34
ORD-2024-015038,1,PROD-040,1,15.21,14.42
ORD-2024-015039,1,PROD-041,2,11.83,23.46
ORD-2024-015040,1,PROD-003,1,14.37,14.03
ORD-2024-015040,2,PROD-034,1,9.01,8.43
ORD-2024-015041,1,PROD-008,1,9.9,9.16
ORD-2024-015041,2,PROD-034,2,9.01,17.38
ORD-2024-015042,1,PROD-028,1,17.18,16.18
ORD-2024-015043,1,PROD-002,2,11.9,22.11
ORD-2024-015043,2,PROD-001,1,12.9,12.66
ORD-2024-015044,1,PROD-007,3,17.18,50.33
ORD-2024-015045,1,PROD-024,1,8.73,7.94
ORD-2024-015046,1,PROD-026,1,14.65,12.59
ORD-2024-015047,1,PROD-045,1,72.68,65.37
ORD-2024-015047,2,PROD-003,1,14.37,14.27
ORD-2024-015048,1,PROD-058,1,39.44,31.8
ORD-2024-015049,1,PROD-017,2,12.5,22.49
ORD-2024-015049,2,PROD-005,1,20.28,18.44
ORD-2024-015050,1,PROD-004,1,20.28,19.22
ORD-2024-015051,1,PROD-008,1,9.9,9.46
ORD-2024-015051,2,PROD-026,1,14.65,14.06
ORD-2024-015051,3,PROD-007,2,17.18,27.96
ORD-2024-015051,4,PROD-035,1,10.14,9.63
ORD-2024-015051,5,PROD-001,1,12.9,8.95
ORD-2024-015052,1,PROD-024,1,8.73,7.73
ORD-2024-015053,1,PROD-040,2,15.21,26.46
ORD-2024-015054,1,PROD-021,1,15.49,13.65
ORD-2024-015054,2,PROD-003,1,14.37,12.87
ORD-2024-015054,3,PROD-051,1,36.06,34.52
ORD-2024-015055,1,PROD-027,1,21.13,20.26
ORD-2024-015055,2,PROD-004,1,20.28,20.12
ORD-2024-015056,1,PROD-011,2,14.9,22.36
ORD-2024-015057,1,PROD-002,1,11.9,8.53
ORD-2024-015058,1,PROD-005,2,20.28,27.57
ORD-2024-015058,2,PROD-008,1,9.9,8.3
ORD-2024-015058,3,PROD-014,2,9.9,17.0
ORD-2024-015059,1,PROD-034,1,9.01,4.05
ORD-2024-015059,2,PROD-007,1,17.18,16.63
ORD-2024-015060,1,PROD-005,1,20.28,18.88
ORD-2024-015061,1,PROD-004,1,20.28,17.82
ORD-2024-015062,1,PROD-002,2,11.9,22.09
ORD-2024-015062,2,PROD-032,1,19.72,17.67
ORD-2024-015063,1,PROD-002,1,11.9,11.74
ORD-2024-015064,1,PROD-042,1,73.24,60.39
ORD-2024-015065,1,PROD-003,1,14.37,11.78
ORD-2024-015065,2,PROD-036,1,11.55,5.2
ORD-2024-015066,1,PROD-007,1,17.18,12.11
ORD-2024-015067,1,PROD-036,1,11.55,9.16
ORD-2024-015068,1,PROD-024,2,8.73,16.72
ORD-2024-015069,1,PROD-005,1,20.28,19.57
ORD-2024-015069,2,PROD-024,1,8.73,8.6
ORD-2024-015070,1,PROD-003,1,14.37,6.47
ORD-2024-015071,1,PROD-044,1,40.85,39.8
ORD-2024-015072,1,PROD-030,1,49.3,44.6
ORD-2024-015073,1,PROD-010,1,38.03,37.86
ORD-2024-015073,2,PROD-006,1,32.39,31.98
ORD-2024-015074,1,PROD-056,1,101.41,100.26
ORD-2024-015075,1,PROD-007,2,17.18,32.07
ORD-2024-015075,2,PROD-039,3,8.17,23.56
ORD-2024-015075,3,PROD-001,1,12.9,12.38
ORD-2024-015076,1,PROD-034,2,9.01,16.07
ORD-2024-015076,2,PROD-026,1,14.65,13.73
ORD-2024-015077,1,PROD-006,2,32.39,63.44
ORD-2024-015077,2,PROD-001,2,12.9,24.78
ORD-2024-015078,1,PROD-004,1,20.28,19.58
ORD-2024-015079,1,PROD-034,3,9.01,20.65
ORD-2024-015079,2,PROD-004,3,20.28,57.79
ORD-2024-015080,1,PROD-005,1,20.28,19.56
ORD-2024-015081,1,PROD-006,1,32.39,30.18
ORD-2024-015081,2,PROD-051,1,36.06,26.34
ORD-2024-015081,3,PROD-034,1,9.01,7.49
ORD-2024-015082,1,PROD-001,1,12.9,11.28
ORD-2024-015083,1,PROD-013,1,11.9,10.85
ORD-2024-015084,1,PROD-007,1,17.18,13.39
ORD-2024-015085,1,PROD-005,3,20.28,58.32
ORD-2024-015086,1,PROD-012,1,18.5,17.67
ORD-2024-015087,1,PROD-005,2,20.28,40.21
ORD-2024-015087,2,PROD-019,1,29.58,28.21
ORD-2024-015088,1,PROD-037,3,9.86,25.93
ORD-2024-015089,1,PROD-022,1,9.01,8.46
ORD-2024-015089,2,PROD-036,1,11.55,9.16
ORD-2024-015090,1,PROD-054,1,59.15,56.99
ORD-2024-015091,1,PROD-035,2,10.14,16.08
ORD-2024-015092,1,PROD-008,1,9.9,7.61
ORD-2024-015093,1,PROD-004,3,20.28,50.13
ORD-2024-015093,2,PROD-034,4,9.01,32.88
ORD-2024-015093,3,PROD-035,3,10.14,28.49
ORD-2024-015094,1,PROD-002,2,11.9,19.61
ORD-2024-015095,1,PROD-005,1,20.28,15.64
ORD-2024-015096,1,PROD-007,1,17.18,16.42
ORD-2024-015097,1,PROD-034,2,9.01,16.72
ORD-2024-015098,1,PROD-038,2,7.89,15.23
ORD-2024-015098,2,PROD-003,2,14.37,12.93
ORD-2024-015098,3,PROD-001,3,12.9,30.34
ORD-2024-015099,1,PROD-001,1,12.9,8.6
ORD-2024-015100,1,PROD-042,1,73.24,32.96
ORD-2024-015101,1,PROD-004,2,20.28,34.48
ORD-2024-015102,1,PROD-004,2,20.28,32.9
ORD-2024-015103,1,PROD-007,1,17.18,16.26
ORD-2024-015104,1,PROD-042,1,73.24,72.2
ORD-2024-015105,1,PROD-024,1,8.73,8.69
ORD-2024-015105,2,PROD-003,1,14.37,13.04
ORD-2024-015106,1,PROD-005,2,20.28,39.84
ORD-2024-015106,2,PROD-041,1,11.83,11.76
ORD-2024-015107,1,PROD-044,1,40.85,32.64
ORD-2024-015107,2,PROD-005,1,20.28,19.08
ORD-2024-015108,1,PROD-022,1,9.01,8.05
ORD-2024-015108,2,PROD-036,1,11.55,9.3
ORD-2024-015108,3,PROD-004,3,20.28,49.12
ORD-2024-015108,4,PROD-028,1,17.18,12.27
ORD-2024-015109,1,PROD-039,1,8.17,3.68
ORD-2024-015109,2,PROD-004,1,20.28,10.82
ORD-2024-015110,1,PROD-040,1,15.21,13.39
ORD-2024-015111,1,PROD-005,3,20.28,51.15
ORD-2024-015112,1,PROD-026,2,14.65,24.46
ORD-2024-015112,2,PROD-005,1,20.28,9.13
ORD-2024-015113,1,PROD-004,1,20.28,19.31
ORD-2024-015114,1,PROD-022,2,9.01,16.44
ORD-2024-015115,1,PROD-004,3,20.28,
ORD-2024-015116,1,PROD-002,2,11.9,17.75
ORD-2024-015116,2,PROD-001,2,12.9,23.54
ORD-2024-015117,1,PROD-003,1,14.37,13.66
ORD-2024-015118,1,PROD-003,2,14.37,27.79
ORD-2024-015118,2,PROD-041,2,11.83,16.87
ORD-2024-015118,3,PROD-001,3,12.9,31.86
ORD-2024-015118,4,PROD-004,1,20.28,15.19
ORD-2024-015118,5,PROD-010,1,38.03,33.74
ORD-2024-015119,1,PROD-036,1,11.55,11.26
ORD-2024-015119,2,PROD-002,1,11.9,11.58
ORD-2024-015120,1,PROD-010,2,38.03,72.84
ORD-2024-015120,2,PROD-023,1,7.89,7.32
ORD-2024-015121,1,PROD-004,1,20.28,19.63
ORD-2024-015121,2,PROD-022,1,9.01,8.65
ORD-2024-015122,1,PROD-007,2,17.18,31.31
ORD-2024-015122,2,PROD-034,4,9.01,30.8
ORD-2024-015123,1,PROD-040,1,15.21,12.38
ORD-2024-015123,2,PROD-034,2,9.01,16.0
ORD-2024-015123,3,PROD-004,2,20.28,34.52
ORD-2024-015124,1,PROD-034,1,9.01,8.79
ORD-2024-015124,2,PROD-001,2,12.9,24.96
ORD-2024-015125,1,PROD-007,1,17.18,13.02
ORD-2024-015125,2,PROD-010,1,38.03,32.71
ORD-2024-015125,3,PROD-005,1,20.28,17.35
ORD-2024-015125,4,PROD-042,1,73.24,62.93
ORD-2024-015126,1,PROD-006,1,32.39,25.7
ORD-2024-015126,2,PROD-001,1,12.9,12.59
ORD-2024-015126,3,PROD-016,1,8.9,8.11
ORD-2024-015127,1,PROD-003,2,14.37,27.0
ORD-2024-015128,1,PROD-005,2,20.28,38.23
ORD-2024-015128,2,PROD-042,2,73.24,140.42
ORD-2024-015128,3,PROD-001,2,12.9,25.68
ORD-2024-015129,1,PROD-020,1,10.14,6.09
ORD-2024-015130,1,PROD-016,1,8.9,8.48
ORD-2024-015130,2,PROD-032,3,19.72,48.81
ORD-2024-015130,3,PROD-002,1,11.9,8.86
ORD-2024-015131,1,PROD-034,1,9.01,7.74
ORD-2024-015131,2,PROD-022,1,9.01,7.77
ORD-2024-015131,3,PROD-011,1,14.9,12.61
ORD-2024-015132,1,PROD-001,1,12.9,12.48
ORD-2024-015133,1,PROD-033,1,52.11,42.71
ORD-2024-015134,1,PROD-003,3,14.37,41.94
ORD-2024-015135,1,PROD-032,1,19.72,19.19
ORD-2024-015135,2,PROD-023,1,7.89,7.45
ORD-2024-015135,3,PROD-025,1,21.97,20.82
ORD-2024-015135,4,PROD-034,2,9.01,15.8
ORD-2024-015136,1,PROD-002,1,11.9,10.77
ORD-2024-015136,2,PROD-006,1,32.39,28.07
ORD-2024-015137,1,PROD-034,1,9.01,8.95
ORD-2024-015138,1,PROD-014,2,9.9,11.54
ORD-2024-015138,2,PROD-037,1,9.86,7.01
ORD-2024-015138,3,PROD-031,1,53.52,41.78
ORD-2024-015139,1,PROD-045,2,72.68,125.63
ORD-2024-015140,1,PROD-013,2,11.9,20.59
ORD-2024-015141,1,PROD-002,2,11.9,23.57
ORD-2024-015142,1,PROD-013,2,11.9,20.49
ORD-2024-015143,1,PROD-031,1,53.52,52.42
ORD-2024-015144,1,PROD-006,1,32.39,26.46
ORD-2024-015145,1,PROD-002,1,11.9,11.3
ORD-2024-015146,1,PROD-006,1,32.39,29.76
ORD-2024-015147,1,PROD-004,1,20.28,15.87
ORD-2024-015147,2,PROD-034,2,9.01,17.49
ORD-2024-015147,3,PROD-005,1,20.28,14.08
ORD-2024-015147,4,PROD-042,2,73.24,133.81
ORD-2024-015148,1,PROD-001,2,12.9,23.47
ORD-2024-015148,2,PROD-010,2,38.03,54.37
ORD-2024-015149,1,PROD-022,2,9.01,17.38
ORD-2024-015149,2,PROD-006,1,32.39,30.52
ORD-2024-015149,3,PROD-027,1,21.13,18.98
ORD-2024-015149,4,PROD-048,1,55.77,54.07
ORD-2024-015150,1,PROD-004,3,20.28,59.33
ORD-2024-015150,2,PROD-034,3,9.01,26.26
ORD-2024-015150,3,PROD-008,1,9.9,9.59
ORD-2024-015151,1,PROD-035,2,10.14,17.38
ORD-2024-015152,1,PROD-004,1,20.28,18.64
ORD-2024-015153,1,PROD-032,1,19.72,16.18
ORD-2024-015153,2,PROD-010,1,38.03,29.74
ORD-2024-015154,1,PROD-024,2,8.73,15.6
ORD-2024-015155,1,PROD-003,1,14.37,14.05
ORD-2024-015155,2,PROD-035,3,10.14,29.71
ORD-2024-015156,1,PROD-036,1,11.55,10.51
ORD-2024-015157,1,PROD-017,1,12.5,12.21
ORD-2024-015158,1,PROD-030,1,49.3,46.01
ORD-2024-015159,1,PROD-026,1,14.65,14.19
ORD-2024-015159,2,PROD-008,1,9.9,9.25
ORD-2024-015159,3,PROD-004,2,20.28,39.27
ORD-2024-015160,1,PROD-029,1,24.79,24.56
ORD-2024-015160,2,PROD-006,3,32.39,91.59
ORD-2024-015160,3,PROD-023,1,7.89,7.63
ORD-2024-015160,4,PROD-007,2,17.18,33.73
ORD-2024-015161,1,PROD-021,2,15.49,29.66
ORD-2024-015162,1,PROD-005,2,20.28,38.97
ORD-2024-015162,2,PROD-040,2,15.21,30.01
ORD-2024-015163,1,PROD-008,1,9.9,9.7
ORD-2024-015164,1,PROD-002,1,11.9,10.3
ORD-2024-015165,1,PROD-034,1,9.01,7.11
ORD-2024-015165,2,PROD-020,1,10.14,9.56
ORD-2024-015165,3,PROD-005,1,20.28,16.41
ORD-2024-015166,1,PROD-024,1,8.73,6.79
ORD-2024-015167,1,PROD-051,1,36.06,35.49
ORD-2024-015167,2,PROD-004,1,20.28,20.05
ORD-2024-015168,1,PROD-007,3,17.18,50.49
ORD-2024-015169,1,PROD-030,1,49.3,39.28
ORD-2024-015170,1,PROD-053,1,53.52,51.13
ORD-2024-015170,2,PROD-024,1,8.73,8.31
ORD-2024-015171,1,PROD-037,1,9.86,9.79
ORD-2024-015172,1,PROD-020,1,10.14,6.67
ORD-2024-015173,1,PROD-035,2,10.14,20.03
ORD-2024-015173,2,PROD-004,1,20.28,19.51
ORD-2024-015174,1,PROD-007,2,17.18,32.9
ORD-2024-015175,1,PROD-004,3,20.28,48.37
ORD-2024-015176,1,PROD-004,1,20.28,19.04
ORD-2024-015177,1,PROD-001,2,12.9,25.34
ORD-2024-015177,2,PROD-038,4,7.89,31.38
ORD-2024-015177,3,PROD-045,1,72.68,42.18
ORD-2024-015178,1,PROD-036,3,11.55,31.02
ORD-2024-015178,2,PROD-035,1,10.14,4.56
ORD-2024-015179,1,PROD-003,2,14.37,28.13
ORD-2024-015180,1,PROD-004,1,20.28,19.0
ORD-2024-015180,2,PROD-002,2,11.9,23.06
ORD-2024-015180,3,PROD-034,1,9.01,8.67
ORD-2024-015181,1,PROD-015,2,26.76,33.93
ORD-2024-015182,1,PROD-004,1,20.28,16.65
ORD-2024-015182,2,PROD-002,2,11.9,22.26
ORD-2024-015183,1,PROD-038,1,7.89,7.63
ORD-2024-015184,1,PROD-008,1,9.9,8.48
ORD-2024-015184,2,PROD-035,4,10.14,34.83
ORD-2024-015184,3,PROD-005,1,20.28,19.02
ORD-2024-015185,1,PROD-005,1,20.28,17.21
ORD-2024-015186,1,PROD-038,1,7.89,5.76
ORD-2024-015187,1,PROD-005,1,20.28,16.69
ORD-2024-015187,2,PROD-022,1,9.01,4.37
ORD-2024-015187,3,PROD-044,1,40.85,33.21
ORD-2024-015188,1,PROD-004,2,20.28,39.22
ORD-2024-015188,2,PROD-023,1,7.89,7.51
ORD-2024-015189,1,PROD-003,1,14.37,13.71
ORD-2024-015190,1,PROD-010,1,38.03,36.13
ORD-2024-015191,1,PROD-002,3,11.9,32.04
ORD-2024-015191,2,PROD-021,2,15.49,28.11
ORD-2024-015191,3,PROD-005,1,20.28,17.29
ORD-2024-015192,1,PROD-010,1,38.03,36.32
ORD-2024-015193,1,PROD-003,1,14.37,13.91
ORD-2024-015193,2,PROD-005,1,20.28,20.09
ORD-2024-015193,3,PROD-034,4,9.01,34.35
ORD-2024-015194,1,PROD-016,1,8.9,8.02
ORD-2024-015194,2,PROD-008,1,9.9,9.21
ORD-2024-015194,3,PROD-020,1,10.14,8.28
ORD-2024-015195,1,PROD-008,2,9.9,15.85
ORD-2024-015195,2,PROD-049,1,80.28,71.5
ORD-2024-015196,1,PROD-021,1,15.49,15.47
ORD-2024-015197,1,PROD-034,3,9.01,24.78
ORD-2024-015198,1,PROD-003,2,14.37,23.65
ORD-2024-015198,2,PROD-051,1,36.06,21.22
ORD-2024-015199,1,PROD-032,1,19.72,16.19
ORD-2024-015200,1,PROD-006,2,32.39,44.16
ORD-2024-015201,1,PROD-022,1,9.01,7.65
ORD-2024-015202,1,PROD-004,1,20.28,19.83
ORD-2024-015202,2,PROD-006,1,32.39,31.94
ORD-2024-015203,1,PROD-032,4,19.72,71.62
ORD-2024-015204,1,PROD-022,1,9.01,7.17
ORD-2024-015205,1,PROD-004,1,20.28,16.89
ORD-2024-015206,1,PROD-002,1,11.9,11.67
ORD-2024-015207,1,PROD-015,3,26.76,75.73
ORD-2024-015207,2,PROD-040,2,15.21,29.16
ORD-2024-015207,3,PROD-028,1,17.18,12.46
ORD-2024-015207,4,PROD-023,1,7.89,6.51
ORD-2024-015208,1,PROD-015,2,26.76,52.56
ORD-2024-015209,1,PROD-033,3,52.11,145.95
ORD-2024-015210,1,PROD-029,1,24.79,24.6
ORD-2024-015211,1,PROD-013,1,11.9,11.48
ORD-2024-015212,1,PROD-004,2,20.28,32.38
ORD-2024-015212,2,PROD-042,2,73.24,108.82
ORD-2024-015213,1,PROD-002,2,11.9,20.31
ORD-2024-015214,1,PROD-049,1,80.28,59.74
ORD-2024-015215,1,PROD-040,1,15.21,12.86
ORD-2024-015216,1,PROD-008,1,9.9,7.88
ORD-2024-015217,1,PROD-004,2,20.28,40.29
ORD-2024-015217,2,PROD-035,1,10.14,8.63
ORD-2024-015218,1,PROD-022,1,9.01,8.28
ORD-2024-015219,1,PROD-041,1,11.83,11.32
ORD-2024-015220,1,PROD-012,2,18.5,34.86
ORD-2024-015220,2,PROD-004,1,20.28,20.03
ORD-2024-015221,1,PROD-039,1,8.17,7.25
ORD-2024-015221,2,PROD-001,1,12.9,11.51
ORD-2024-015222,1,PROD-013,1,11.9,9.89
ORD-2024-015223,1,PROD-014,1,9.9,8.71
ORD-2024-015224,1,PROD-020,1,10.14,8.12
ORD-2024-015225,1,PROD-006,1,32.39,28.63
ORD-2024-015225,2,PROD-034,1,9.01,8.88
ORD-2024-015225,3,PROD-007,2,17.18,28.49
ORD-2024-015226,1,PROD-031,1,53.52,46.6
ORD-2024-015227,1,PROD-010,1,38.03,35.52
ORD-2024-015228,1,PROD-010,2,38.03,34.23
ORD-2024-015229,1,PROD-034,2,9.01,17.79
ORD-2024-015230,1,PROD-002,3,11.9,32.24
ORD-2024-015230,2,PROD-004,2,20.28,40.04
ORD-2024-015231,1,PROD-024,1,8.73,8.2
ORD-2024-015232,1,PROD-005,1,20.28,16.14
ORD-2024-015233,1,PROD-011,1,14.9,14.75
ORD-2024-015233,2,PROD-008,1,9.9,9.52
ORD-2024-015233,3,PROD-013,1,11.9,11.83
ORD-2024-015234,1,PROD-024,1,8.73,8.47
ORD-2024-015235,1,PROD-022,1,9.01,8.53
ORD-2024-015236,1,PROD-028,1,17.18,16.41
ORD-2024-015237,1,PROD-001,1,12.9,11.8
ORD-2024-015237,2,PROD-031,2,53.52,103.7
ORD-2024-015237,3,PROD-003,3,14.37,38.52
ORD-2024-015238,1,PROD-053,1,53.52,49.93
ORD-2024-015239,1,PROD-016,1,8.9,8.54
ORD-2024-015240,1,PROD-011,2,14.9,25.48
ORD-2024-015240,2,PROD-026,1,14.65,11.82
ORD-2024-015240,3,PROD-012,2,18.5,28.07
ORD-2024-015241,1,PROD-035,1,10.14,9.32
ORD-2024-015241,2,PROD-005,2,20.28,34.66
ORD-2024-015242,1,PROD-049,1,80.28,75.29
ORD-2024-015243,1,PROD-007,1,17.18,16.19
ORD-2024-015243,2,PROD-001,3,12.9,33.91
ORD-2024-015243,3,PROD-004,2,20.28,39.08
ORD-2024-015244,1,PROD-035,1,10.14,9.78
ORD-2024-015244,2,PROD-007,1,17.18,17.02
ORD-2024-015244,3,PROD-034,2,9.01,17.58
ORD-2024-015244,4,PROD-021,1,15.49,13.18
ORD-2024-015245,1,PROD-059,1,52.11,44.77
ORD-2024-015246,1,PROD-002,1,11.9,10.49
ORD-2024-015246,2,PROD-008,1,9.9,4.75
ORD-2024-015246,3,PROD-042,1,73.24,54.42
ORD-2024-015247,1,PROD-004,2,20.28,35.95
ORD-2024-015248,1,PROD-010,2,38.03,68.42
ORD-2024-015249,1,PROD-005,1,20.28,18.02
ORD-2024-015250,1,PROD-001,1,12.9,12.42
ORD-2024-015250,2,PROD-006,2,32.39,58.51
ORD-2024-015251,1,PROD-011,2,14.9,28.74
ORD-2024-015252,1,PROD-044,1,40.85,36.01
ORD-2024-015253,1,PROD-024,1,8.73,7.97
ORD-2024-015254,1,PROD-001,2,12.9,25.22
ORD-2024-015254,2,PROD-006,2,32.39,59.66
ORD-2024-015255,1,PROD-004,2,20.28,40.07
ORD-2024-015256,1,PROD-004,2,20.28,25.25
ORD-2024-015256,2,PROD-041,2,11.83,13.02
ORD-2024-015256,3,PROD-025,1,21.97,14.55
ORD-2024-015257,1,PROD-014,1,9.9,9.42
ORD-2024-015258,1,PROD-005,1,20.28,19.78
ORD-2024-015259,1,PROD-035,1,10.14,9.0
ORD-2024-015260,1,PROD-007,2,17.18,32.23
ORD-2024-015261,1,PROD-005,2,20.28,36.93
ORD-2024-015261,2,PROD-028,1,17.18,15.74
ORD-2024-015262,1,PROD-006,2,32.39,54.13
ORD-2024-015263,1,PROD-052,1,46.48,34.61
ORD-2024-015264,1,PROD-039,2,8.17,15.47
ORD-2024-015265,1,PROD-039,3,8.17,23.37
ORD-2024-015266,1,PROD-040,2,15.21,28.66
ORD-2024-015267,1,PROD-048,1,55.77,53.2
ORD-2024-015268,1,PROD-001,1,12.9,10.84
ORD-2024-015269,1,PROD-005,1,20.28,19.81
ORD-2024-015269,2,PROD-041,1,11.83,10.92
ORD-2024-015270,1,PROD-010,1,38.03,35.2
ORD-2024-015271,1,PROD-021,1,15.49,14.07
ORD-2024-015272,1,PROD-008,1,9.9,8.52
ORD-2024-015272,2,PROD-031,1,53.52,53.36
ORD-2024-015273,1,PROD-002,1,11.9,11.4
ORD-2024-015274,1,PROD-048,1,55.77,54.17
ORD-2024-015274,2,PROD-012,1,18.5,18.32
ORD-2024-015275,1,PROD-040,2,15.21,25.33
ORD-2024-015275,2,PROD-017,3,12.5,25.69
ORD-2024-015276,1,PROD-016,2,8.9,16.89
ORD-2024-015276,2,PROD-040,3,15.21,44.81
ORD-2024-015277,1,PROD-008,1,9.9,8.96
ORD-2024-015277,2,PROD-005,1,20.28,18.55
ORD-2024-015278,1,PROD-002,2,11.9,20.31
ORD-2024-015278,2,PROD-001,1,12.9,9.98
ORD-2024-015279,1,PROD-004,1,20.28,18.29
ORD-2024-015280,1,PROD-015,2,26.76,36.67
ORD-2024-015281,1,PROD-046,1,259.15,249.17
ORD-2024-015282,1,PROD-016,1,8.9,8.55
ORD-2024-015283,1,PROD-002,2,11.9,21.35
ORD-2024-015284,1,PROD-005,2,20.28,36.52
ORD-2024-015285,1,PROD-032,1,19.72,16.99
ORD-2024-015285,2,PROD-001,1,12.9,10.53
ORD-2024-015286,1,PROD-012,1,18.5,17.78
ORD-2024-015286,2,PROD-030,1,49.3,39.73
ORD-2024-015287,1,PROD-012,1,18.5,8.64
ORD-2024-015288,1,PROD-005,1,20.28,18.69
ORD-2024-015289,1,PROD-002,1,11.9,11.39
ORD-2024-015290,1,PROD-026,1,14.65,6.85
ORD-2024-015290,2,PROD-059,1,52.11,39.13
ORD-2024-015291,1,PROD-002,2,11.9,19.59
ORD-2024-015291,2,PROD-041,3,11.83,26.31
ORD-2024-015292,1,PROD-006,1,32.39,31.8
ORD-2024-015293,1,PROD-017,3,12.5,36.75
ORD-2024-015294,1,PROD-032,1,19.72,13.22
ORD-2024-015294,2,PROD-004,2,20.28,24.04
ORD-2024-015294,3,PROD-012,1,18.5,17.36
ORD-2024-015295,1,PROD-006,1,32.39,30.86
ORD-2024-015296,1,PROD-027,1,21.13,16.76
ORD-2024-015296,2,PROD-013,2,11.9,18.89
ORD-2024-015297,1,PROD-003,2,14.37,27.4
ORD-2024-015298,1,PROD-015,2,26.76,47.61
ORD-2024-015299,1,PROD-032,1,19.72,17.14
ORD-2024-015300,1,PROD-032,4,19.72,65.87
ORD-2024-015300,2,PROD-022,1,9.01,7.03
ORD-2024-015301,1,PROD-035,2,10.14,18.76
ORD-2024-015302,1,PROD-037,3,9.86,24.88
ORD-2024-015302,2,PROD-035,2,10.14,18.62
ORD-2024-015303,1,PROD-041,1,11.83,11.46
ORD-2024-015303,2,PROD-006,1,32.39,30.92
ORD-2024-015304,1,PROD-053,1,53.52,52.62
ORD-2024-015305,1,PROD-041,2,11.83,22.36
ORD-2024-015306,1,PROD-035,1,10.14,8.8
ORD-2024-015306,2,PROD-038,1,7.89,6.05
ORD-2024-015306,3,PROD-002,1,11.9,10.73
ORD-2024-015306,4,PROD-008,1,9.9,9.14
ORD-2024-015307,1,PROD-001,1,12.9,9.65
ORD-2024-015308,1,PROD-007,2,17.18,25.6
ORD-2024-015309,1,PROD-002,1,11.9,11.04
ORD-2024-015310,1,PROD-001,2,12.9,25.62
ORD-2024-015311,1,PROD-001,1,12.9,12.83
ORD-2024-015312,1,PROD-034,1,9.01,8.96
ORD-2024-015313,1,PROD-035,1,10.14,10.12
ORD-2024-015314,1,PROD-036,1,11.55,8.68
ORD-2024-015314,2,PROD-006,1,32.39,27.0
ORD-2024-015314,3,PROD-020,1,10.14,9.68
ORD-2024-015315,1,PROD-039,3,8.17,23.99
ORD-2024-015316,1,PROD-050,1,61.97,44.85
ORD-2024-015317,1,PROD-001,1,12.9,11.92
ORD-2024-015318,1,PROD-019,1,29.58,27.65
ORD-2024-015319,1,PROD-039,2,8.17,16.06
ORD-2024-015319,2,PROD-001,1,12.9,12.65
ORD-2024-015319,3,PROD-004,1,20.28,19.47
ORD-2024-015319,4,PROD-002,1,11.9,11.72
ORD-2024-015320,1,PROD-007,1,17.18,14.84
ORD-2024-015320,2,PROD-034,3,9.01,23.65
ORD-2024-015320,3,PROD-004,1,20.28,15.2
ORD-2024-015321,1,PROD-024,2,8.73,14.95
ORD-2024-015321,2,PROD-037,1,9.86,9.07
ORD-2024-015322,1,PROD-003,3,14.37,41.7
ORD-2024-015323,1,PROD-036,3,11.55,24.89
ORD-2024-015323,2,PROD-031,1,53.52,37.07
ORD-2024-015324,1,PROD-004,1,20.28,18.25
ORD-2024-015325,1,PROD-004,1,20.28,17.35
ORD-2024-015326,1,PROD-001,2,12.9,23.47
ORD-2024-015327,1,PROD-029,1,24.79,24.04
ORD-2024-015327,2,PROD-011,1,14.9,14.27
ORD-2024-015328,1,PROD-034,1,9.01,8.17
ORD-2024-015328,2,PROD-016,1,8.9,7.59
ORD-2024-015328,3,PROD-007,2,17.18,32.54
ORD-2024-015329,1,PROD-028,1,17.18,13.35
ORD-2024-015329,2,PROD-038,3,7.89,22.15
ORD-2024-015330,1,PROD-033,3,52.11,145.26
ORD-2024-015330,2,PROD-003,2,14.37,25.9
ORD-2024-015331,1,PROD-002,1,11.9,11.11
ORD-2024-015331,2,PROD-003,1,14.37,12.31
ORD-2024-015332,1,PROD-005,1,20.28,9.13
ORD-2024-015332,2,PROD-006,2,32.39,57.29
ORD-2024-015333,1,PROD-017,1,12.5,12.1
ORD-2024-015334,1,PROD-026,1,14.65,12.61
ORD-2024-015334,2,PROD-013,1,11.9,11.22
ORD-2024-015334,3,PROD-028,2,17.18,31.79
ORD-2024-015335,1,PROD-001,2,12.9,25.05
ORD-2024-015336,1,PROD-005,1,20.28,17.61
ORD-2024-015336,2,PROD-035,2,10.14,19.37
ORD-2024-015337,1,PROD-020,1,10.14,7.9
ORD-2024-015337,2,PROD-054,1,59.15,26.62
ORD-2024-015337,3,PROD-027,1,21.13,13.07
ORD-2024-015338,1,PROD-007,1,17.18,14.8
ORD-2024-015338,2,PROD-008,2,9.9,19.7
ORD-2024-015338,3,PROD-041,1,11.83,10.27
ORD-2024-015339,1,PROD-005,1,20.28,19.24
ORD-2024-015340,1,PROD-008,1,9.9,9.28
ORD-2024-015341,1,PROD-032,2,19.72,28.81
ORD-2024-015341,2,PROD-003,2,14.37,24.61
ORD-2024-015341,3,PROD-008,3,9.9,27.15
ORD-2024-015342,1,PROD-001,1,12.9,12.56
ORD-2024-015342,2,PROD-035,2,10.14,19.69
ORD-2024-015343,1,PROD-001,1,12.9,10.53
ORD-2024-015344,1,PROD-006,3,32.39,89.04
ORD-2024-015345,1,PROD-029,2,24.79,45.51
ORD-2024-015345,2,PROD-001,1,12.9,12.24
ORD-2024-015345,3,PROD-011,3,14.9,32.57
ORD-2024-015345,4,PROD-004,1,20.28,18.2
ORD-2024-015346,1,PROD-010,1,38.03,37.92
ORD-2024-015346,2,PROD-034,1,9.01,7.87
ORD-2024-015347,1,PROD-027,2,21.13,37.19
ORD-2024-015348,1,PROD-034,3,9.01,26.42
ORD-2024-015349,1,PROD-041,4,11.83,45.7
ORD-2024-015349,2,PROD-003,1,14.37,13.45
ORD-2024-015349,3,PROD-035,1,10.14,9.37
ORD-2024-015350,1,PROD-007,1,17.18,15.66
ORD-2024-015350,2,PROD-041,1,11.83,10.86
ORD-2024-015351,1,PROD-033,1,52.11,50.71
ORD-2024-015352,1,PROD-006,2,32.39,60.13
ORD-2024-015352,2,PROD-002,1,11.9,10.98
ORD-2024-015353,1,PROD-014,2,9.9,17.22
ORD-2024-015353,2,PROD-020,1,10.14,8.4
ORD-2024-015353,3,PROD-005,1,20.28,19.96
ORD-2024-015354,1,PROD-005,1,20.28,17.51
ORD-2024-015355,1,PROD-001,2,12.9,24.66
ORD-2024-015355,2,PROD-047,1,108.45,89.45
ORD-2024-015355,3,PROD-039,1,8.17,7.04
ORD-2024-015356,1,PROD-010,2,38.03,67.17
ORD-2024-015357,1,PROD-023,1,7.89,7.39
ORD-2024-015358,1,PROD-025,2,21.97,37.26
ORD-2024-015359,1,PROD-021,1,15.49,15.23
ORD-2024-015359,2,PROD-022,1,9.01,8.55
ORD-2024-015359,3,PROD-036,1,11.55,11.27
ORD-2024-015359,4,PROD-003,2,14.37,26.52
ORD-2024-015360,1,PROD-021,1,15.49,15.14
ORD-2024-015361,1,PROD-003,1,14.37,12.74
ORD-2024-015362,1,PROD-005,1,20.28,14.61
ORD-2024-015362,2,PROD-003,1,14.37,12.0
ORD-2024-015363,1,PROD-004,1,20.28,16.78
ORD-2024-015363,2,PROD-034,2,9.01,15.45
ORD-2024-015363,3,PROD-041,1,11.83,11.7
ORD-2024-015363,4,PROD-027,1,21.13,19.53
ORD-2024-015364,1,PROD-006,1,32.39,31.44
 ORD-2024-015365 ,1,PROD-004,2,20.28,38.37
ORD-2024-015366,1,PROD-005,1,20.28,18.21
ORD-2024-015367,1,PROD-027,1,21.13,16.41
ORD-2024-015367,2,PROD-028,1,17.18,14.35
ORD-2024-015367,3,PROD-034,2,9.01,16.78
ORD-2024-015368,1,PROD-006,1,32.39,31.42
ORD-2024-015368,2,PROD-030,2,49.3,94.16
ORD-2024-015369,1,PROD-005,3,20.28,57.9
ORD-2024-015370,1,PROD-007,1,17.18,16.54
ORD-2024-015371,1,PROD-004,3,20.28,53.25
ORD-2024-015372,1,PROD-003,1,14.37,13.16
ORD-2024-015373,1,PROD-040,1,15.21,14.56
ORD-2024-015373,2,PROD-011,1,14.9,12.62
ORD-2024-015373,3,PROD-035,4,10.14,39.36
ORD-2024-015374,1,PROD-006,1,32.39,31.45
ORD-2024-015375,1,PROD-025,1,21.97,17.31
ORD-2024-015376,1,PROD-004,1,20.28,19.57
ORD-2024-015376,2,PROD-006,2,32.39,54.24
ORD-2024-015376,3,PROD-037,2,9.86,17.13
ORD-2024-015377,1,PROD-032,1,19.72,19.31
ORD-2024-015377,2,PROD-004,1,20.28,20.06
ORD-2024-015378,1,PROD-027,1,21.13,20.82
ORD-2024-015379,1,PROD-003,2,14.37,27.33
ORD-2024-015379,2,PROD-001,1,12.9,12.15
ORD-2024-015380,1,PROD-006,1,32.39,31.41
ORD-2024-015381,1,PROD-005,1,20.28,17.94
ORD-2024-015381,2,PROD-004,1,20.28,19.63
ORD-2024-015382,1,PROD-016,3,8.9,25.6
ORD-2024-015382,2,PROD-037,1,9.86,8.44
ORD-2024-015382,3,PROD-005,1,20.28,15.54
ORD-2024-015382,4,PROD-049,1,80.28,76.93
ORD-2024-015382,5,PROD-027,1,21.13,19.33
ORD-2024-015383,1,PROD-007,1,17.18,15.11
ORD-2024-015384,1,PROD-005,1,20.28,17.97
ORD-2024-015385,1,PROD-002,1,11.9,9.58
ORD-2024-015385,2,PROD-007,1,17.18,16.7
ORD-2024-015386,1,PROD-013,1,11.9,10.78
ORD-2024-015387,1,PROD-035,3,10.14,28.02
ORD-2024-015387,2,PROD-059,1,52.11,32.47
ORD-2024-015387,3,PROD-013,1,11.9,8.57
ORD-2024-015388,1,PROD-016,1,8.9,8.71
ORD-2024-015389,1,PROD-002,1,11.9,9.98
ORD-2024-015389,2,PROD-041,1,11.83,9.58
ORD-2024-015389,3,PROD-044,1,40.85,35.13
ORD-2024-015389,4,PROD-048,1,55.77,50.36
ORD-2024-015390,1,PROD-002,1,11.9,10.98
ORD-2024-015391,1,PROD-030,2,49.3,96.99
ORD-2024-015391,2,PROD-052,1,46.48,40.9
ORD-2024-015392,1,PROD-004,1,20.28,19.05
ORD-2024-015392,2,PROD-047,1,108.45,100.64
ORD-2024-015392,3,PROD-060,1,42.25,41.46
ORD-2024-015393,1,PROD-015,2,26.76,43.59
ORD-2024-015393,2,PROD-014,2,9.9,15.37
ORD-2024-015394,1,PROD-049,1,80.28,57.19
ORD-2024-015394,2,PROD-038,3,7.89,19.96
ORD-2024-015395,1,PROD-003,1,14.37,12.86
ORD-2024-015396,1,PROD-004,1,20.28,18.46
ORD-2024-015397,1,PROD-010,3,38.03,90.85
ORD-2024-015398,1,PROD-002,1,11.9,8.17
ORD-2024-015399,1,PROD-040,3,15.21,42.25
ORD-2024-015400,1,PROD-023,1,7.89,3.6
ORD-2024-015401,1,PROD-033,1,52.11,48.67
ORD-2024-015402,1,PROD-005,1,20.28,19.52
ORD-2024-015403,1,PROD-040,3,15.21,43.87
ORD-2024-015403,2,PROD-032,3,19.72,46.54
ORD-2024-015404,1,PROD-010,2,38.03,60.2
ORD-2024-015404,2,PROD-039,4,8.17,32.35
ORD-2024-015405,1,PROD-015,2,26.76,46.98
ORD-2024-015406,1,PROD-017,3,12.5,36.95
ORD-2024-015406,2,PROD-002,2,11.9,21.52
ORD-2024-015407,1,PROD-028,1,17.18,16.38
ORD-2024-015408,1,PROD-040,1,15.21,14.24
ORD-2024-015409,1,PROD-037,1,9.86,8.45
ORD-2024-015409,2,PROD-004,1,20.28,17.83
ORD-2024-015409,3,PROD-007,1,17.18,12.49
ORD-2024-015410,1,PROD-038,1,7.89,7.66
ORD-2024-015411,1,PROD-014,2,9.9,13.57
ORD-2024-015412,1,PROD-011,2,14.9,23.82
ORD-2024-015412,2,PROD-006,1,32.39,28.56
ORD-2024-015413,1,PROD-019,1,29.58,28.09
ORD-2024-015414,1,PROD-006,2,32.39,54.68
ORD-2024-015415,1,PROD-006,2,32.39,63.85
ORD-2024-015415,2,PROD-038,2,7.89,15.48
ORD-2024-015416,1,PROD-012,2,18.5,35.0
ORD-2024-015416,2,PROD-004,2,20.28,36.02
ORD-2024-015417,1,PROD-032,2,19.72,36.23
ORD-2024-015418,1,PROD-022,1,9.01,6.94
ORD-2024-015419,1,PROD-010,3,38.03,99.58
ORD-2024-015420,1,PROD-010,1,38.03,34.91
ORD-2024-015420,2,PROD-035,3,10.14,29.11
ORD-2024-015420,3,PROD-026,1,14.65,12.26
ORD-2024-015421,1,PROD-001,1,12.9,12.57
ORD-2024-015421,2,PROD-015,1,26.76,26.0
ORD-2024-015422,1,PROD-003,1,14.37,12.95
ORD-2024-015423,1,PROD-005,1,20.28,19.31
ORD-2024-015423,2,PROD-007,1,17.18,15.27
ORD-2024-015424,1,PROD-001,1,12.9,12.36
ORD-2024-015424,2,PROD-010,1,38.03,32.26
ORD-2024-015424,3,PROD-006,1,32.39,27.79
ORD-2024-015424,4,PROD-041,2,11.83,14.31
ORD-2024-015425,1,PROD-001,1,12.9,11.53
ORD-2024-015426,1,PROD-004,1,20.28,19.15
ORD-2024-015427,1,PROD-044,1,40.85,38.86
ORD-2024-015427,2,PROD-019,1,29.58,27.54
ORD-2024-015428,1,PROD-005,1,20.28,20.14
ORD-2024-015428,2,PROD-013,3,11.9,34.48
ORD-2024-015429,1,PROD-005,1,20.28,18.12
ORD-2024-015429,2,PROD-004,2,20.28,34.46
ORD-2024-015429,3,PROD-001,2,12.9,22.83
ORD-2024-015430,1,PROD-032,3,19.72,46.36
ORD-2024-015430,2,PROD-004,1,20.28,19.61
ORD-2024-015431,1,PROD-006,2,32.39,59.21
ORD-2024-015431,2,PROD-014,1,9.9,7.66
ORD-2024-015432,1,PROD-003,1,14.37,8.53
ORD-2024-015433,1,PROD-008,3,9.9,24.92
ORD-2024-015434,1,PROD-003,3,14.37,39.91
ORD-2024-015435,1,PROD-005,2,20.28,35.11
ORD-2024-015435,2,PROD-036,1,11.55,11.44
ORD-2024-015436,1,PROD-039,2,8.17,16.16
ORD-2024-015437,1,PROD-005,1,20.28,20.07
ORD-2024-015438,1,PROD-052,1,46.48,44.35
ORD-2024-015438,2,PROD-040,3,15.21,44.43
ORD-2024-015439,1,PROD-008,2,9.9,18.44
ORD-2024-015439,2,PROD-034,1,9.01,8.2
ORD-2024-015440,1,PROD-023,1,7.89,7.33
ORD-2024-015441,1,PROD-039,3,8.17,22.01
ORD-2024-015441,2,PROD-006,2,32.39,59.5
ORD-2024-015441,3,PROD-004,1,20.28,17.27
ORD-2024-015442,1,PROD-041,2,11.83,14.35
ORD-2024-015443,1,PROD-007,1,17.18,15.35
ORD-2024-015443,2,PROD-038,2,7.89,13.98
ORD-2024-015444,1,PROD-004,2,20.28,37.64
ORD-2024-015444,2,PROD-001,2,12.9,24.87
ORD-2024-015445,1,PROD-013,1,11.9,10.92
ORD-2024-015446,1,PROD-006,1,32.39,25.54
ORD-2024-015447,1,PROD-033,2,52.11,94.29
ORD-2024-015448,1,PROD-036,1,11.55,10.4
ORD-2024-015449,1,PROD-021,2,15.49,30.42
ORD-2024-015450,1,PROD-004,2,20.28,38.32
ORD-2024-015451,1,PROD-035,2,10.14,14.24
ORD-2024-015451,2,PROD-006,1,32.39,14.58
ORD-2024-015451,3,PROD-041,1,11.83,6.19
ORD-2024-015451,4,PROD-004,1,20.28,9.66
ORD-2024-015452,1,PROD-001,2,12.9,13.35
ORD-2024-015452,2,PROD-004,2,20.28,35.5
ORD-2024-015453,1,PROD-047,1,108.45,91.75
ORD-2024-015454,1,PROD-032,2,19.72,28.23
ORD-2024-015455,1,PROD-020,1,10.14,8.66
ORD-2024-015455,2,PROD-004,1,20.28,19.43
ORD-2024-015455,3,PROD-003,2,14.37,26.38
ORD-2024-015455,4,PROD-046,1,259.15,176.77
ORD-2024-015455,5,PROD-026,1,14.65,10.26
ORD-2024-015456,1,PROD-002,1,11.9,10.85
ORD-2024-015456,2,PROD-005,1,20.28,18.68
ORD-2024-015456,3,PROD-006,1,32.39,31.27
ORD-2024-015457,1,PROD-030,1,49.3,42.22
ORD-2024-015457,2,PROD-004,2,20.28,31.43
ORD-2024-015457,3,PROD-016,2,8.9,14.13
ORD-2024-015458,1,PROD-006,1,32.39,30.58
ORD-2024-015459,1,PROD-011,3,14.9,37.89
ORD-2024-015459,2,PROD-038,2,7.89,14.95
ORD-2024-015459,3,PROD-023,2,7.89,13.59
ORD-2024-015460,1,PROD-051,1,36.06,17.1
ORD-2024-015461,1,PROD-004,1,20.28,17.42
ORD-2024-015462,1,PROD-010,1,38.03,30.1
ORD-2024-015463,1,PROD-042,1,73.24,55.23
ORD-2024-015464,1,PROD-007,1,17.18,14.65
ORD-2024-015465,1,PROD-007,1,17.18,15.42
ORD-2024-015465,2,PROD-034,3,9.01,23.47
ORD-2024-015466,1,PROD-010,2,38.03,67.34
ORD-2024-015467,1,PROD-004,1,20.28,13.1
ORD-2024-015467,2,PROD-034,2,9.01,11.8
ORD-2024-015468,1,PROD-003,2,14.37,27.48
ORD-2024-015468,2,PROD-038,1,7.89,7.44
ORD-2024-015469,1,PROD-004,2,20.28,28.31
ORD-2024-015469,2,PROD-003,1,14.37,12.78
ORD-2024-015470,1,PROD-005,1,20.28,19.98
ORD-2024-015470,2,PROD-048,1,55.77,49.38
ORD-2024-015470,3,PROD-015,1,26.76,22.8
ORD-2024-015470,4,PROD-035,2,10.14,16.69
ORD-2024-015470,5,PROD-028,1,17.18,16.48
ORD-2024-015471,1,PROD-033,4,52.11,192.81
ORD-2024-015472,1,PROD-016,3,8.9,-12.89
ORD-2024-015473,1,PROD-029,1,24.79,23.02
ORD-2024-015474,1,PROD-015,2,26.76,51.78
ORD-2024-015474,2,PROD-026,1,14.65,14.27
ORD-2024-015474,3,PROD-029,1,24.79,23.6
ORD-2024-015474,4,PROD-037,1,9.86,9.18
ORD-2024-015475,1,PROD-004,2,20.28,39.37
ORD-2024-015476,1,PROD-001,1,12.9,12.15
ORD-2024-015476,2,PROD-005,1,20.28,17.49
ORD-2024-015477,1,PROD-008,1,9.9,9.39
ORD-2024-015478,1,PROD-041,2,11.83,17.26
ORD-2024-015479,1,PROD-008,2,9.9,18.92
ORD-2024-015479,2,PROD-002,2,11.9,20.97
ORD-2024-015480,1,PROD-024,2,8.73,15.45
ORD-2024-015480,2,PROD-004,1,20.28,16.99
ORD-2024-015481,1,PROD-002,3,11.9,23.22
ORD-2024-015481,2,PROD-020,1,10.14,5.16
ORD-2024-015481,3,PROD-034,4,9.01,25.83
ORD-2024-015482,1,PROD-012,1,18.5,14.44
ORD-2024-015483,1,PROD-001,1,12.9,12.78
ORD-2024-015483,2,PROD-044,1,40.85,38.84
ORD-2024-015484,1,PROD-007,2,17.18,32.6
ORD-2024-015485,1,PROD-048,1,55.77,55.6
ORD-2024-015485,2,PROD-037,2,9.86,16.59
ORD-2024-015486,1,PROD-044,1,40.85,23.4
ORD-2024-015487,1,PROD-001,1,12.9,9.49
ORD-2024-015488,1,PROD-007,2,17.18,25.11
ORD-2024-015488,2,PROD-011,1,14.9,11.42
ORD-2024-015489,1,PROD-004,1,20.28,17.48
ORD-2024-015489,2,PROD-002,2,11.9,18.68
ORD-2024-015490,1,PROD-034,4,9.01,31.92
ORD-2024-015491,1,PROD-002,1,11.9,11.04
ORD-2024-015492,1,PROD-004,1,20.28,15.45
ORD-2024-015492,2,PROD-022,1,9.01,7.18
ORD-2024-015493,1,PROD-024,2,8.73,16.67
ORD-2024-015493,2,PROD-028,1,17.18,16.33
ORD-2024-015494,1,PROD-001,1,12.9,12.46
ORD-2024-015495,1,PROD-004,1,20.28,19.39
ORD-2024-015496,1,PROD-005,1,20.28,19.47
ORD-2024-015497,1,PROD-001,2,12.9,21.03
ORD-2024-015498,1,PROD-038,1,7.89,6.31
ORD-2024-015499,1,PROD-028,1,17.18,13.57
ORD-2024-015500,1,PROD-006,2,32.39,57.08
ORD-2024-015501,1,PROD-017,2,12.5,12.77
ORD-2024-015501,2,PROD-002,2,11.9,20.41
ORD-2024-015502,1,PROD-044,1,40.85,40.2
ORD-2024-015502,2,PROD-041,1,11.83,11.59
ORD-2024-015503,1,PROD-035,1,10.14,8.87
ORD-2024-015503,2,PROD-004,2,20.28,26.38
ORD-2024-015504,1,PROD-004,1,20.28,16.53
ORD-2024-015505,1,PROD-001,1,12.9,10.91
ORD-2024-015506,1,PROD-042,1,73.24,32.96
ORD-2024-015506,2,PROD-021,1,15.49,6.97
ORD-2024-015507,1,PROD-020,1,10.14,9.88
ORD-2024-015507,2,PROD-023,1,7.89,7.52
ORD-2024-015508,1,PROD-037,3,9.86,17.83
ORD-2024-015509,1,PROD-006,1,32.39,29.07
ORD-2024-015510,1,PROD-046,1,259.15,253.16
ORD-2024-015511,1,PROD-033,1,52.11,47.52
ORD-2024-015511,2,PROD-002,2,11.9,22.97
ORD-2024-015511,3,PROD-005,2,20.28,38.7
ORD-2024-015512,1,PROD-040,2,15.21,28.55
ORD-2024-015513,1,PROD-002,1,11.9,11.44
ORD-2024-015513,2,PROD-004,2,20.28,37.78
ORD-2024-015514,1,PROD-020,2,10.14,16.76
ORD-2024-015515,1,PROD-005,1,20.28,19.99
ORD-2024-015516,1,PROD-003,1,14.37,14.31
ORD-2024-015517,1,PROD-004,2,20.28,40.22
ORD-2024-015518,1,PROD-044,1,40.85,39.4
ORD-2024-015519,1,PROD-022,2,9.01,14.8
ORD-2024-015520,1,PROD-002,1,11.9,11.62
ORD-2024-015520,2,PROD-039,2,8.17,13.37
ORD-2024-015520,3,PROD-036,2,11.55,21.28
ORD-2024-015521,1,PROD-013,1,11.9,11.35
ORD-2024-015522,1,PROD-016,3,8.9,26.01
ORD-2024-015523,1,PROD-002,1,11.9,11.39
ORD-2024-015524,1,PROD-005,1,20.28,17.59
ORD-2024-015525,1,PROD-003,1,14.37,13.66
ORD-2024-015526,1,PROD-013,2,11.9,15.65
ORD-2024-015527,1,PROD-007,1,17.18,13.21
ORD-2024-015527,2,PROD-047,2,108.45,172.22
ORD-2024-015527,3,PROD-024,1,8.73,7.1
ORD-2024-015527,4,PROD-021,2,15.49,29.21
ORD-2024-015528,1,PROD-001,1,12.9,10.87
ORD-2024-015529,1,PROD-002,1,11.9,11.27
ORD-2024-015530,1,PROD-029,1,24.79,21.9
ORD-2024-015530,2,PROD-021,1,15.49,13.69
ORD-2024-015530,3,PROD-033,1,52.11,50.37
ORD-2024-015531,1,PROD-030,2,49.3,91.54
ORD-2024-015531,2,PROD-038,1,7.89,7.59
ORD-2024-015532,1,PROD-002,1,11.9,9.59
ORD-2024-015532,2,PROD-004,2,20.28,29.56
ORD-2024-015533,1,PROD-039,3,8.17,24.2
ORD-2024-015534,1,PROD-005,1,20.28,18.41
ORD-2024-015534,2,PROD-006,2,32.39,55.99
ORD-2024-015534,3,PROD-035,1,10.14,7.95
ORD-2024-015535,1,PROD-031,1,53.52,47.21
ORD-2024-015536,1,PROD-015,1,26.76,24.48
ORD-2024-015537,1,PROD-004,1,20.28,18.18
ORD-2024-015537,2,PROD-017,2,12.5,23.09
ORD-2024-015537,3,PROD-033,1,52.11,50.68
ORD-2024-015537,4,PROD-039,2,8.17,14.83
ORD-2024-015538,1,PROD-008,3,9.9,25.36
ORD-2024-015538,2,PROD-034,1,9.01,8.53
ORD-2024-015539,1,PROD-012,2,18.5,30.85
ORD-2024-015540,1,PROD-036,2,11.55,22.55
ORD-2024-015540,2,PROD-045,1,72.68,59.87
ORD-2024-015540,3,PROD-004,1,20.28,20.01
ORD-2024-015541,1,PROD-004,2,20.28,34.91
ORD-2024-015542,1,PROD-005,1,20.28,19.09
ORD-2024-015543,1,PROD-002,3,11.9,32.6
ORD-2024-015544,1,PROD-002,3,11.9,35.21
ORD-2024-015544,2,PROD-037,2,9.86,19.15
ORD-2024-015544,3,PROD-044,1,40.85,39.53
ORD-2024-015545,1,PROD-032,1,19.72,17.34
ORD-2024-015546,1,PROD-045,1,72.68,49.2
ORD-2024-015547,1,PROD-001,3,12.9,38.4
ORD-2024-015548,1,PROD-001,2,12.9,25.15
ORD-2024-015548,2,PROD-006,2,32.39,62.69
ORD-2024-015549,1,PROD-001,2,12.9,25.03
ORD-2024-015550,1,PROD-010,1,38.03,32.58
ORD-2024-015551,1,PROD-016,2,8.9,16.54
ORD-2024-015552,1,PROD-004,2,20.28,39.36
ORD-2024-015552,2,PROD-035,1,10.14,8.69
ORD-2024-015552,3,PROD-008,2,9.9,18.06
ORD-2024-015553,1,PROD-017,2,12.5,23.92
ORD-2024-015554,1,PROD-004,2,20.28,33.52
ORD-2024-015555,1,PROD-004,2,20.28,36.06
ORD-2024-015555,2,PROD-028,1,17.18,12.59
ORD-2024-015556,1,PROD-010,1,38.03,37.53
ORD-2024-015557,1,PROD-041,1,11.83,11.46
ORD-2024-015558,1,PROD-008,1,9.9,8.93
ORD-2024-015559,1,PROD-001,1,12.9,10.5
ORD-2024-015560,1,PROD-038,1,7.89,6.72
ORD-2024-015561,1,PROD-008,1,9.9,8.95
ORD-2024-015562,1,PROD-001,3,12.9,28.14
ORD-2024-015563,1,PROD-005,1,20.28,14.59
ORD-2024-015564,1,PROD-008,1,9.9,9.36
ORD-2024-015564,2,PROD-035,1,10.14,8.66
ORD-2024-015564,3,PROD-029,1,24.79,24.51
ORD-2024-015565,1,PROD-034,2,9.01,16.42
ORD-2024-015566,1,PROD-008,1,9.9,9.47
ORD-2024-015567,1,PROD-004,1,20.28,15.28
ORD-2024-015568,1,PROD-038,1,7.89,7.61
ORD-2024-015569,1,PROD-040,1,15.21,6.84
ORD-2024-015570,1,PROD-039,3,8.17,16.21
ORD-2024-015571,1,PROD-041,3,11.83,34.43
ORD-2024-015572,1,PROD-001,3,12.9,17.41
ORD-2024-015572,2,PROD-007,3,17.18,41.32
ORD-2024-015573,1,PROD-012,1,18.5,15.95
ORD-2024-015573,2,PROD-007,1,17.18,15.95
ORD-2024-015573,3,PROD-041,3,11.83,33.69
ORD-2024-015574,1,PROD-003,1,14.37,12.92
ORD-2024-015574,2,PROD-035,1,10.14,9.82
ORD-2024-015575,1,PROD-011,2,14.9,23.32
ORD-2024-015575,2,PROD-033,3,52.11,86.81
ORD-2024-015576,1,PROD-001,1,12.9,12.6
ORD-2024-015577,1,PROD-007,2,17.18,30.99
ORD-2024-015578,1,PROD-004,2,20.28,38.74
ORD-2024-015579,1,PROD-028,1,17.18,15.42
ORD-2024-015579,2,PROD-014,3,9.9,23.45
ORD-2024-015580,1,PROD-004,2,20.28,38.49
ORD-2024-015581,1,PROD-002,3,11.9,34.96
ORD-2024-015581,2,PROD-040,1,15.21,14.66
ORD-2024-015581,3,PROD-034,1,9.01,8.17
ORD-2024-015582,1,PROD-032,1,19.72,18.54
ORD-2024-015583,1,PROD-038,1,7.89,7.79
ORD-2024-015584,1,PROD-003,3,14.37,39.06
ORD-2024-015585,1,PROD-008,1,9.9,8.37
ORD-2024-015586,1,PROD-004,1,20.28,13.56
ORD-2024-015587,1,PROD-022,1,9.01,8.96
ORD-2024-015588,1,PROD-021,2,15.49,28.24
ORD-2024-015588,2,PROD-004,1,20.28,17.81
ORD-2024-015588,3,PROD-001,1,12.9,12.52
ORD-2024-015589,1,PROD-053,1,53.52,47.24
ORD-2024-015590,1,PROD-006,1,32.39,30.75
ORD-2024-015591,1,PROD-037,1,9.86,9.32
ORD-2024-015592,1,PROD-010,2,38.03,64.96
ORD-2024-015592,2,PROD-005,1,20.28,18.41
ORD-2024-015593,1,PROD-001,2,12.9,20.53
ORD-2024-015593,2,PROD-003,1,14.37,9.89
ORD-2024-015593,3,PROD-034,1,9.01,7.84
ORD-2024-015593,4,PROD-007,1,17.18,14.52
ORD-2024-015594,1,PROD-021,2,15.49,28.83
ORD-2024-015595,1,PROD-001,1,12.9,8.13
ORD-2024-015596,1,PROD-049,1,80.28,67.83
ORD-2024-015596,2,PROD-038,2,7.89,14.13
ORD-2024-015597,1,PROD-024,2,8.73,13.46
ORD-2024-015598,1,PROD-050,1,61.97,54.28
ORD-2024-015599,1,PROD-038,3,7.89,22.77
ORD-2024-015599,2,PROD-031,1,53.52,43.78
ORD-2024-015600,1,PROD-002,1,11.9,10.76
ORD-2024-015601,1,PROD-006,1,32.39,30.86
ORD-2024-015602,1,PROD-047,1,108.45,95.72
ORD-2024-015603,1,PROD-001,1,12.9,6.8
ORD-2024-015604,1,PROD-007,1,17.18,16.39
ORD-2024-015604,2,PROD-001,1,12.9,11.74
ORD-2024-015605,1,PROD-014,3,9.9,26.14
ORD-2024-015606,1,PROD-015,1,26.76,25.68
ORD-2024-015606,2,PROD-003,1,14.37,13.94
ORD-2024-015607,1,PROD-015,1,26.76,24.39
ORD-2024-015607,2,PROD-004,1,20.28,15.69
ORD-2024-015608,1,PROD-003,3,14.37,42.33
ORD-2024-015609,1,PROD-006,1,32.39,31.34
ORD-2024-015610,1,PROD-010,2,38.03,72.8
ORD-2024-015611,1,PROD-020,1,10.14,9.51
ORD-2024-015611,2,PROD-006,1,32.39,25.5
ORD-2024-015611,3,PROD-004,3,20.28,39.56
ORD-2024-015612,1,PROD-006,1,32.39,30.03
ORD-2024-015613,1,PROD-002,1,11.9,11.68
ORD-2024-015613,2,PROD-020,1,10.14,9.55
ORD-2024-015613,3,PROD-035,3,10.14,29.85
ORD-2024-015614,1,PROD-004,2,20.28,31.74
ORD-2024-015615,1,PROD-020,1,10.14,9.59
ORD-2024-015616,1,PROD-006,2,32.39,64.02
ORD-2024-015617,1,PROD-005,2,20.28,38.46
ORD-2024-015617,2,PROD-039,1,8.17,7.57
ORD-2024-015617,3,PROD-010,1,38.03,34.85
ORD-2024-015617,4,PROD-007,2,17.18,32.58
ORD-2024-015617,5,PROD-008,2,9.9,18.01
ORD-2024-015618,1,PROD-021,1,15.49,14.66
ORD-2024-015619,1,PROD-001,2,12.9,25.04
ORD-2024-015620,1,PROD-001,2,12.9,25.73
ORD-2024-015621,1,PROD-003,3,14.37,36.42
ORD-2024-015622,1,PROD-002,3,11.9,34.29
ORD-2024-015623,1,PROD-044,1,40.85,38.31
ORD-2024-015623,2,PROD-034,3,9.01,25.4
ORD-2024-015624,1,PROD-005,1,20.28,19.44
ORD-2024-015624,2,PROD-008,2,9.9,18.93
ORD-2024-015625,1,PROD-021,1,15.49,14.84
ORD-2024-015626,1,PROD-040,2,15.21,27.93
ORD-2024-015626,2,PROD-027,2,21.13,35.08
ORD-2024-015627,1,PROD-006,2,32.39,62.07
ORD-2024-015627,2,PROD-044,1,40.85,28.89
ORD-2024-015627,3,PROD-005,2,20.28,37.83
ORD-2024-015627,4,PROD-021,1,15.49,14.34
ORD-2024-015628,1,PROD-013,1,11.9,11.69
ORD-2024-015629,1,PROD-001,2,12.9,24.83
ORD-2024-015630,1,PROD-054,1,59.15,49.9
ORD-2024-015631,1,PROD-016,2,8.9,17.14
ORD-2024-015632,1,PROD-047,1,108.45,95.64
ORD-2024-015632,2,PROD-015,2,26.76,49.33
ORD-2024-015633,1,PROD-002,1,11.9,11.6
ORD-2024-015633,2,PROD-034,1,9.01,8.79
ORD-2024-015634,1,PROD-016,1,8.9,7.25
ORD-2024-015634,2,PROD-037,1,9.86,8.27
ORD-2024-015634,3,PROD-004,2,20.28,29.48
ORD-2024-015634,4,PROD-033,2,52.11,88.36
ORD-2024-015634,5,PROD-022,2,9.01,16.02
ORD-2024-015635,1,PROD-004,1,20.28,19.96
ORD-2024-015636,1,PROD-003,2,14.37,25.77
ORD-2024-015637,1,PROD-034,3,9.01,25.47
ORD-2024-015638,1,PROD-034,3,9.01,26.44
ORD-2024-015639,1,PROD-004,1,20.28,20.22
ORD-2024-015639,2,PROD-006,2,32.39,62.77
ORD-2024-015640,1,PROD-035,1,10.14,6.55
ORD-2024-015640,2,PROD-048,1,55.77,48.35
ORD-2024-015640,3,PROD-028,1,17.18,15.12
ORD-2024-015641,1,PROD-005,1,20.28,14.84
ORD-2024-015641,2,PROD-003,2,14.37,26.55
ORD-2024-015642,1,PROD-002,3,11.9,34.19
ORD-2024-015642,2,PROD-040,1,15.21,15.06
ORD-2024-015642,3,PROD-001,1,12.9,12.66
ORD-2024-015642,4,PROD-030,1,49.3,48.41
ORD-2024-015643,1,PROD-047,1,108.45,99.99
ORD-2024-015643,2,PROD-010,2,38.03,71.46
ORD-2024-015644,1,PROD-053,1,53.52,52.83
ORD-2024-015645,1,PROD-011,2,14.9,27.71
ORD-2024-015646,1,PROD-012,1,18.5,15.21
ORD-2024-015646,2,PROD-004,1,20.28,18.28
ORD-2024-015646,3,PROD-002,1,11.9,10.33
ORD-2024-015647,1,PROD-004,1,20.28,18.15
ORD-2024-015647,2,PROD-034,3,9.01,18.53
ORD-2024-015648,1,PROD-032,1,19.72,15.56
ORD-2024-015649,1,PROD-007,2,17.18,33.81
ORD-2024-015650,1,PROD-002,3,11.9,28.91
ORD-2024-015651,1,PROD-036,2,11.55,22.19
ORD-2024-015652,1,PROD-002,2,11.9,22.81
ORD-2024-015652,2,PROD-004,3,20.28,52.75
ORD-2024-015653,1,PROD-004,3,20.28,56.97
ORD-2024-015654,1,PROD-007,2,17.18,29.88
ORD-2024-015654,2,PROD-011,2,14.9,28.69
ORD-2024-015655,1,PROD-042,1,73.24,68.12
ORD-2024-015656,1,PROD-010,3,38.03,110.68
ORD-2024-015656,2,PROD-022,2,9.01,17.39
ORD-2024-015657,1,PROD-037,1,9.86,9.13
ORD-2024-015657,2,PROD-035,2,10.14,20.1
ORD-2024-015657,3,PROD-006,2,32.39,62.53
ORD-2024-015658,1,PROD-050,1,61.97,60.26
ORD-2024-015658,2,PROD-014,1,9.9,9.01
ORD-2024-015659,1,PROD-011,3,14.9,42.59
ORD-2024-015659,2,PROD-019,1,29.58,26.02
ORD-2024-015660,1,PROD-006,1,32.39,31.96
ORD-2024-015661,1,PROD-015,1,26.76,22.27
ORD-2024-015661,2,PROD-004,1,20.28,16.81
ORD-2024-015661,3,PROD-002,1,11.9,10.22
ORD-2024-015662,1,PROD-056,1,101.41,98.92
ORD-2024-015663,1,PROD-021,1,15.49,12.05
ORD-2024-015664,1,PROD-017,3,12.5,26.4
ORD-2024-015665,1,PROD-003,1,14.37,13.5
ORD-2024-015665,2,PROD-004,1,20.28,18.58
ORD-2024-015666,1,PROD-003,2,14.37,23.48
ORD-2024-015666,2,PROD-006,2,32.39,53.62
ORD-2024-015666,3,PROD-045,1,72.68,51.97
ORD-2024-015667,1,PROD-020,1,10.14,8.61
ORD-2024-015667,2,PROD-023,1,7.89,6.57
ORD-2024-015668,1,PROD-035,1,10.14,9.84
ORD-2024-015669,1,PROD-015,2,26.76,49.49
ORD-2024-015669,2,PROD-035,1,10.14,9.84
ORD-2024-015670,1,PROD-004,2,20.28,38.72
ORD-2024-015671,1,PROD-003,1,14.37,13.82
ORD-2024-015672,1,PROD-042,2,73.24,127.42
ORD-2024-015672,2,PROD-034,1,9.01,5.46
ORD-2024-015672,3,PROD-015,1,26.76,17.39
ORD-2024-015673,1,PROD-004,1,20.28,17.31
ORD-2024-015673,2,PROD-014,3,9.9,27.7
ORD-2024-015674,1,PROD-060,1,42.25,32.22
ORD-2024-015675,1,PROD-007,1,17.18,16.06
ORD-2024-015676,1,PROD-024,1,8.73,8.67
ORD-2024-015676,2,PROD-006,3,32.39,95.49
ORD-2024-015677,1,PROD-004,1,20.28,19.51
ORD-2024-015677,2,PROD-041,2,11.83,23.21
ORD-2024-015678,1,PROD-041,2,11.83,23.2
ORD-2024-015679,1,PROD-005,2,20.28,37.95
ORD-2024-015680,1,PROD-004,1,20.28,19.67
ORD-2024-015681,1,PROD-026,1,14.65,13.59
ORD-2024-015682,1,PROD-032,1,19.72,18.72
ORD-2024-015683,1,PROD-002,1,11.9,9.17
ORD-2024-015684,1,PROD-006,1,32.39,25.1
ORD-2024-015684,2,PROD-005,1,20.28,19.42
ORD-2024-015684,3,PROD-002,1,11.9,11.39
ORD-2024-015685,1,PROD-042,3,73.24,202.69
ORD-2024-015686,1,PROD-005,2,20.28,39.2
ORD-2024-015687,1,PROD-008,2,9.9,17.89
ORD-2024-015687,2,PROD-006,1,32.39,29.78
ORD-2024-015688,1,PROD-001,3,12.9,31.6
ORD-2024-015689,1,PROD-038,1,7.89,7.64
ORD-2024-015689,2,PROD-032,1,19.72,17.37
ORD-2024-015690,1,PROD-022,2,9.01,11.7
ORD-2024-015690,2,PROD-010,1,38.03,30.82
ORD-2024-015690,3,PROD-038,2,7.89,14.22
ORD-2024-015691,1,PROD-047,1,108.45,87.54
ORD-2024-015692,1,PROD-024,2,8.73,16.34
ORD-2024-015693,1,PROD-006,1,32.39,24.63
ORD-2024-015694,1,PROD-042,1,73.24,72.24
ORD-2024-015694,2,PROD-025,1,21.97,20.46
ORD-2024-015695,1,PROD-058,1,39.44,38.97
ORD-2024-015696,1,PROD-004,1,20.28,20.01
ORD-2024-015697,1,PROD-021,1,15.49,14.0
ORD-2024-015698,1,PROD-048,1,55.77,53.81
ORD-2024-015698,2,PROD-002,1,11.9,11.73
ORD-2024-015699,1,PROD-002,1,11.9,10.93
ORD-2024-015700,1,PROD-005,1,20.28,20.21
ORD-2024-015701,1,PROD-007,1,17.18,16.49
ORD-2024-015701,2,PROD-026,1,14.65,11.66
ORD-2024-015701,3,PROD-001,2,12.9,24.51
ORD-2024-015702,1,PROD-001,3,12.9,36.66
ORD-2024-015703,1,PROD-008,2,9.9,17.61
ORD-2024-015703,2,PROD-003,2,14.37,23.04
ORD-2024-015704,1,PROD-008,2,9.9,16.55
ORD-2024-015704,2,PROD-003,1,14.37,12.76
ORD-2024-015705,1,PROD-008,1,9.9,9.57
ORD-2024-015706,1,PROD-039,1,8.17,6.77
ORD-2024-015706,2,PROD-005,1,20.28,19.27
ORD-2024-015706,3,PROD-040,1,15.21,14.13
ORD-2024-015707,1,PROD-008,2,9.9,18.8
ORD-2024-015707,2,PROD-010,1,38.03,37.78
ORD-2024-015707,3,PROD-006,2,32.39,63.45
ORD-2024-015708,1,PROD-029,1,24.79,22.4
ORD-2024-015708,2,PROD-007,1,17.18,14.23
ORD-2024-015708,3,PROD-001,3,12.9,37.4
ORD-2024-015709,1,PROD-005,1,20.28,20.0
ORD-2024-015709,2,PROD-032,1,19.72,19.11
ORD-2024-015710,1,PROD-005,2,20.28,33.59
ORD-2024-015711,1,PROD-002,1,11.9,10.77
ORD-2024-015712,1,PROD-001,2,12.9,21.61
ORD-2024-015712,2,PROD-004,2,20.28,36.84
ORD-2024-015712,3,PROD-035,1,10.14,9.37
ORD-2024-015713,1,PROD-001,1,12.9,12.03
ORD-2024-015714,1,PROD-006,1,32.39,28.42
ORD-2024-015714,2,PROD-035,2,10.14,20.14
ORD-2024-015715,1,PROD-035,1,10.14,5.71
ORD-2024-015716,1,PROD-005,3,20.28,40.54
ORD-2024-015717,1,PROD-022,1,9.01,8.25
ORD-2024-015718,1,PROD-017,1,12.5,11.65
ORD-2024-015718,2,PROD-014,2,9.9,19.27
ORD-2024-015719,1,PROD-004,1,20.28,16.77
ORD-2024-015719,2,PROD-037,1,9.86,7.86
ORD-2024-015720,1,PROD-023,1,7.89,7.13
ORD-2024-015721,1,PROD-029,1,24.79,21.06
ORD-2024-015722,1,PROD-013,2,11.9,22.36
ORD-2024-015723,1,PROD-033,3,52.11,154.56
ORD-2024-015724,1,PROD-044,2,40.85,59.94
ORD-2024-015724,2,PROD-014,1,9.9,8.02
ORD-2024-015725,1,PROD-028,1,17.18,12.47
ORD-2024-015726,1,PROD-004,1,20.28,16.63
ORD-2024-015727,1,PROD-011,1,14.9,14.1
ORD-2024-015728,1,PROD-021,1,15.49,15.1
ORD-2024-015729,1,PROD-021,1,15.49,14.88
ORD-2024-015729,2,PROD-053,1,53.52,51.11
ORD-2024-015730,1,PROD-003,1,14.37,13.33
ORD-2024-015730,2,PROD-022,1,9.01,8.57
ORD-2024-015730,3,PROD-005,1,20.28,19.19
ORD-2024-015731,1,PROD-039,3,8.17,23.14
ORD-2024-015732,1,PROD-004,1,20.28,19.31
ORD-2024-015733,1,PROD-007,1,17.18,16.84
ORD-2024-015734,1,PROD-006,1,32.39,23.52
ORD-2024-015734,2,PROD-035,2,10.14,18.93
ORD-2024-015734,3,PROD-046,1,259.15,207.09
ORD-2024-015735,1,PROD-004,1,20.28,19.84
ORD-2024-015736,1,PROD-006,1,32.39,25.91
ORD-2024-015736,2,PROD-035,1,10.14,8.99
ORD-2024-015736,3,PROD-021,1,15.49,14.86
ORD-2024-015737,1,PROD-002,1,11.9,10.42
ORD-2024-015738,1,PROD-001,1,12.9,11.84
ORD-2024-015739,1,PROD-005,1,20.28,19.45
ORD-2024-015739,2,PROD-027,1,21.13,19.3
ORD-2024-015740,1,PROD-049,1,80.28,75.98
ORD-2024-015740,2,PROD-027,1,21.13,20.33
ORD-2024-015741,1,PROD-005,1,20.28,19.15
ORD-2024-015742,1,PROD-028,1,17.18,15.23
ORD-2024-015742,2,PROD-027,1,21.13,17.75
ORD-2024-015743,1,PROD-004,1,20.28,18.91
ORD-2024-015744,1,PROD-005,2,20.28,37.92
ORD-2024-015745,1,PROD-027,1,21.13,20.48
ORD-2024-015746,1,PROD-001,2,12.9,23.23
ORD-2024-015746,2,PROD-004,1,20.28,19.47
ORD-2024-015747,1,PROD-029,1,24.79,24.15
ORD-2024-015748,1,PROD-021,2,15.49,25.37
ORD-2024-015749,1,PROD-002,1,11.9,6.85
ORD-2024-015750,1,PROD-012,1,18.5,18.15
ORD-2024-015750,2,PROD-036,2,11.55,22.72
ORD-2024-015751,1,PROD-007,1,17.18,15.01
ORD-2024-015752,1,PROD-055,1,74.65,62.86
ORD-2024-015753,1,PROD-030,1,49.3,37.34
ORD-2024-015754,1,PROD-035,1,10.14,9.42
ORD-2024-015755,1,PROD-006,1,32.39,29.18
ORD-2024-015756,1,PROD-002,1,11.9,10.42
ORD-2024-015756,2,PROD-031,1,53.52,51.36
ORD-2024-015756,3,PROD-029,1,24.79,21.63
ORD-2024-015757,1,PROD-008,1,9.9,7.04
ORD-2024-015757,2,PROD-001,2,12.9,24.31
ORD-2024-015757,3,PROD-010,3,38.03,111.52
ORD-2024-015758,1,PROD-002,2,11.9,22.59
ORD-2024-015759,1,PROD-027,2,21.13,38.25
ORD-2024-015760,1,PROD-002,1,11.9,10.07
ORD-2024-015760,2,PROD-003,1,14.37,14.16
ORD-2024-015761,1,PROD-006,1,32.39,29.44
ORD-2024-015761,2,PROD-041,1,11.83,10.99
ORD-2024-015761,3,PROD-034,1,9.01,8.79
ORD-2024-015761,4,PROD-003,2,14.37,26.54
ORD-2024-015762,1,PROD-027,2,21.13,39.3
ORD-2024-015763,1,PROD-029,2,24.79,48.35
ORD-2024-015763,2,PROD-050,1,61.97,59.5
ORD-2024-015763,3,PROD-027,1,21.13,20.44
ORD-2024-015764,1,PROD-013,1,11.9,10.81
ORD-2024-015765,1,PROD-032,1,19.72,17.39
ORD-2024-015766,1,PROD-011,1,14.9,14.22
ORD-2024-015766,2,PROD-045,1,72.68,66.96
ORD-2024-015766,3,PROD-005,1,20.28,15.01
ORD-2024-015767,1,PROD-008,2,9.9,18.63
ORD-2024-015767,2,PROD-010,1,38.03,36.21
ORD-2024-015767,3,PROD-014,1,9.9,9.06
ORD-2024-015768,1,PROD-019,3,29.58,86.49
ORD-2024-015769,1,PROD-020,1,10.14,6.93
ORD-2024-015770,1,PROD-006,2,32.39,57.92
ORD-2024-015771,1,PROD-046,1,259.15,220.38
ORD-2024-015771,2,PROD-007,2,17.18,26.88
ORD-2024-015772,1,PROD-002,3,11.9,30.16
ORD-2024-015773,1,PROD-002,1,11.9,10.41
ORD-2024-015773,2,PROD-041,1,11.83,10.81
ORD-2024-015773,3,PROD-040,1,15.21,14.03
ORD-2024-015773,4,PROD-038,3,7.89,22.56
ORD-2024-015774,1,PROD-038,1,7.89,7.66
ORD-2024-015774,2,PROD-031,1,53.52,51.82
ORD-2024-015774,3,PROD-001,1,12.9,12.81
ORD-2024-015775,1,PROD-004,2,20.28,38.99
ORD-2024-015775,2,PROD-026,1,14.65,14.38
ORD-2024-015775,3,PROD-005,1,20.28,18.98
ORD-2024-015776,1,PROD-002,2,11.9,23.1
ORD-2024-015776,2,PROD-034,2,9.01,17.61
ORD-2024-015777,1,PROD-004,3,20.28,58.33
ORD-2024-015778,1,PROD-019,3,29.58,68.37
ORD-2024-015779,1,PROD-053,1,53.52,51.0
ORD-2024-015779,2,PROD-004,1,20.28,18.82
ORD-2024-015780,1,PROD-036,3,11.55,21.27
ORD-2024-015780,2,PROD-001,2,12.9,24.34
ORD-2024-015780,3,PROD-015,1,26.76,26.18
ORD-2024-015781,1,PROD-005,1,20.28,20.07
ORD-2024-015782,1,PROD-011,1,14.9,13.96
ORD-2024-015782,2,PROD-036,2,11.55,19.79
ORD-2024-015783,1,PROD-034,4,9.01,29.5
ORD-2024-015784,1,PROD-022,1,9.01,8.6
ORD-2024-015785,1,PROD-005,2,20.28,40.4
ORD-2024-015785,2, PROD-035 ,1,10.14,9.97
ORD-2024-015785,3,PROD-038,1,7.89,7.72
ORD-2024-015785,4,PROD-017,2,12.5,24.71
ORD-2024-015786,1,PROD-002,3,11.9,34.53
ORD-2024-015787,1,PROD-034,1,9.01,8.34
ORD-2024-015787,2,PROD-006,3,32.39,91.92
ORD-2024-015788,1,PROD-034,4,9.01,26.77
ORD-2024-015788,2,PROD-032,2,19.72,29.25
ORD-2024-015788,3,PROD-001,1,12.9,6.33
ORD-2024-015788,4,PROD-036,1,11.55,10.12
ORD-2024-015789,1,PROD-007,1,17.18,13.66
ORD-2024-015789,2,PROD-034,4,9.01,30.09
ORD-2024-015789,3,PROD-004,2,20.28,32.03
ORD-2024-015789,4,PROD-005,1,20.28,18.29
ORD-2024-015789,5,PROD-020,1,10.14,8.8
ORD-2024-015790,1,PROD-039,2,8.17,13.16
ORD-2024-015791,1,PROD-005,1,20.28,20.23
ORD-2024-015791,2,PROD-027,1,21.13,21.01
ORD-2024-015792,1,PROD-002,1,11.9,10.61
ORD-2024-015793,1,PROD-006,2,32.39,49.99
ORD-2024-015794,1,PROD-004,1,20.28,19.25
ORD-2024-015795,1,PROD-052,2,46.48,78.59
ORD-2024-015795,2,PROD-020,2,10.14,17.84
ORD-2024-015796,1,PROD-012,1,18.5,16.64
ORD-2024-015797,1,PROD-008,1,9.9,8.51
ORD-2024-015797,2,PROD-001,3,12.9,17.73
ORD-2024-015798,1,PROD-003,3,14.37,39.83
ORD-2024-015798,2,PROD-033,2,52.11,102.15
ORD-2024-015798,3,PROD-002,3,11.9,34.58
ORD-2024-015799,1,PROD-027,1,21.13,20.5
ORD-2024-015799,2,PROD-003,1,14.37,14.26
ORD-2024-015799,3,PROD-007,1,17.18,16.72
ORD-2024-015799,4,PROD-005,3,20.28,52.71
ORD-2024-015800,1,PROD-002,1,11.9,11.1
ORD-2024-015801,1,PROD-041,3,11.83,34.0
ORD-2024-015801,2,PROD-005,3,20.28,59.86
ORD-2024-015801,3,PROD-004,1,20.28,19.28
ORD-2024-015802,1,PROD-041,1,11.83,10.63
ORD-2024-015803,1,PROD-038,2,7.89,15.31
ORD-2024-015804,1,PROD-027,2,21.13,32.94
ORD-2024-015804,2,PROD-039,1,8.17,7.2
ORD-2024-015804,3,PROD-030,1,49.3,40.75
ORD-2024-015804,4,PROD-050,1,61.97,55.27
ORD-2024-015805,1,PROD-006,2,32.39,60.46
ORD-2024-015806,1,PROD-002,1,11.9,10.45
ORD-2024-015806,2,PROD-024,1,8.73,7.88
ORD-2024-015807,1,PROD-026,1,14.65,12.58
ORD-2024-015808,1,PROD-028,1,17.18,15.89
ORD-2024-015808,2,PROD-035,2,10.14,19.33
ORD-2024-015808,3,PROD-029,1,24.79,23.82
ORD-2024-015808,4,PROD-004,1,20.28,18.65
ORD-2024-015808,5,PROD-006,3,32.39,95.76
ORD-2024-015809,1,PROD-038,2,7.89,15.36
ORD-2024-015810,1,PROD-003,2,14.37,27.86
ORD-2024-015811,1,PROD-036,1,11.55,9.74
ORD-2024-015812,1,PROD-019,2,29.58,43.51
ORD-2024-015812,2,PROD-026,2,14.65,24.34
ORD-2024-015812,3,PROD-034,1,9.01,7.64
ORD-2024-015813,1,PROD-006,1,32.39,31.37
ORD-2024-015813,2,PROD-005,1,20.28,19.59
ORD-2024-015813,3,PROD-041,3,11.83,34.63
ORD-2024-015814,1,PROD-060,1,42.25,38.43
ORD-2024-015815,1,PROD-015,1,26.76,23.76
ORD-2024-015816,1,PROD-001,1,12.9,8.96
ORD-2024-015817,1,PROD-005,1,20.28,18.66
ORD-2024-015818,1,PROD-035,1,10.14,8.41
ORD-2024-015818,2,PROD-053,1,53.52,36.54
ORD-2024-015818,3,PROD-041,1,11.83,8.71
ORD-2024-015819,1,PROD-005,3,20.28,60.58
ORD-2024-015819,2,PROD-001,1,12.9,12.68
ORD-2024-015819,3,PROD-002,2,11.9,23.25
ORD-2024-015820,1,PROD-002,2,11.9,22.84
ORD-2024-015820,2,PROD-041,2,11.83,21.66
ORD-2024-015820,3,PROD-001,1,12.9,12.38
ORD-2024-015821,1,PROD-046,1,259.15,207.37
ORD-2024-015822,1,PROD-005,2,20.28,39.71
ORD-2024-015822,2,PROD-003,3,14.37,39.75
ORD-2024-015822,3,PROD-034,3,9.01,26.59
ORD-2024-015823,1,PROD-003,3,14.37,23.56
ORD-2024-015823,2,PROD-006,1,32.39,18.1
ORD-2024-015823,3,PROD-042,1,73.24,61.87
ORD-2024-015824,1,PROD-001,2,12.9,22.52
ORD-2024-015824,2,PROD-031,1,53.52,49.53
ORD-2024-015824,3,PROD-004,2,20.28,38.37
ORD-2024-015825,1,PROD-008,1,9.9,9.16
ORD-2024-015826,1,PROD-020,2,10.14,16.94
ORD-2024-015827,1,PROD-004,1,20.28,19.34
ORD-2024-015828,1,PROD-021,1,15.49,15.07
ORD-2024-015828,2,PROD-037,1,9.86,9.45
ORD-2024-015829,1,PROD-005,1,20.28,17.81
ORD-2024-015830,1,PROD-027,1,21.13,20.64
ORD-2024-015831,1,PROD-001,1,12.9,12.12
ORD-2024-015831,2,PROD-053,1,53.52,50.8
ORD-2024-015831,3,PROD-060,1,42.25,39.31
ORD-2024-015832,1,PROD-032,1,19.72,18.79
ORD-2024-015832,2,PROD-037,3,9.86,29.19
ORD-2024-015833,1,PROD-002,1,11.9,11.39
ORD-2024-015834,1,PROD-050,1,61.97,47.98
ORD-2024-015835,1,PROD-014,2,9.9,17.64
ORD-2024-015835,2,PROD-050,1,61.97,58.05
ORD-2024-015835,3,PROD-026,1,14.65,13.03
ORD-2024-015836,1,PROD-001,1,12.9,11.76
ORD-2024-015837,1,PROD-013,1,11.9,11.62
ORD-2024-015837,2,PROD-014,1,9.9,9.35
ORD-2024-015837,3,PROD-038,2,7.89,15.5
ORD-2024-015837,4,PROD-030,2,49.3,93.18
ORD-2024-015837,5,PROD-026,2,14.65,26.29
ORD-2024-015838,1,PROD-010,2,38.03,70.68
ORD-2024-015839,1,PROD-004,1,20.28,19.45
ORD-2024-015840,1,PROD-005,2,20.28,35.31
ORD-2024-015841,1,PROD-001,1,12.9,8.87
ORD-2024-015842,1,PROD-040,1,15.21,11.55
ORD-2024-015843,1,PROD-007,1,17.18,16.84
ORD-2024-015844,1,PROD-005,2,20.28,34.62
ORD-2024-015845,1,PROD-001,2,12.9,21.67
ORD-2024-015846,1,PROD-005,1,20.28,19.69
ORD-2024-015847,1,PROD-027,1,21.13,20.85
ORD-2024-015847,2,PROD-026,1,14.65,14.57
ORD-2024-015847,3,PROD-021,1,15.49,15.06
ORD-2024-015848,1,PROD-029,1,24.79,23.68
ORD-2024-015849,1,PROD-013,2,11.9,19.62
ORD-2024-015849,2,PROD-024,1,8.73,7.06
ORD-2024-015850,1,PROD-004,1,20.28,16.93
ORD-2024-015850,2,PROD-028,1,17.18,14.51
ORD-2024-015851,1,PROD-022,1,9.01,8.87
ORD-2024-015852,1,PROD-038,1,7.89,7.15
ORD-2024-015852,2,PROD-037,4,9.86,39.04
ORD-2024-015853,1,PROD-033,3,52.11,77.23
ORD-2024-015854,1,PROD-019,1,29.58,28.37
ORD-2024-015855,1,PROD-004,2,20.28,39.93
ORD-2024-015856,1,PROD-004,2,20.28,34.05
ORD-2024-015856,2,PROD-037,1,9.86,8.11
ORD-2024-015856,3,PROD-022,1,9.01,8.8
ORD-2024-015857,1,PROD-055,1,74.65,69.63
ORD-2024-015858,1,PROD-003,1,14.37,13.93
ORD-2024-015858,2,PROD-034,2,9.01,16.9
ORD-2024-015859,1,PROD-002,1,11.9,8.1
ORD-2024-015860,1,PROD-002,1,11.9,10.96
ORD-2024-015860,2,PROD-021,1,15.49,14.88
ORD-2024-015861,1,PROD-031,1,53.52,44.27
ORD-2024-015861,2,PROD-035,3,10.14,27.7
ORD-2024-015862,1,PROD-027,1,21.13,21.01
ORD-2024-015863,1,PROD-015,3,26.76,75.5
ORD-2024-015863,2,PROD-002,1,11.9,10.65
ORD-2024-015864,1,PROD-056,1,101.41,45.63
ORD-2024-015865,1,PROD-006,2,32.39,57.02
ORD-2024-015865,2,PROD-003,1,14.37,14.08
ORD-2024-015865,3,PROD-029,1,24.79,24.49
ORD-2024-015866,1,PROD-008,2,9.9,19.21
ORD-2024-015866,2,PROD-035,1,10.14,9.86
ORD-2024-015867,1,PROD-034,1,9.01,6.61
ORD-2024-015867,2,PROD-040,2,15.21,21.73
ORD-2024-015867,3,PROD-004,2,20.28,35.88
ORD-2024-015867,4,PROD-016,2,8.9,12.18
ORD-2024-015867,5,PROD-010,1,38.03,31.09
ORD-2024-015868,1,PROD-001,1,12.9,12.52
ORD-2024-015868,2,PROD-003,1,14.37,13.39
ORD-2024-015868,3,PROD-014,1,9.9,8.7
ORD-2024-015869,1,PROD-001,1,12.9,11.06
ORD-2024-015869,2,PROD-008,1,9.9,9.72
ORD-2024-015870,1,PROD-006,1,32.39,31.57
ORD-2024-015871,1,PROD-010,1,38.03,32.77
ORD-2024-015872,1,PROD-038,2,7.89,13.56
ORD-2024-015873,1,PROD-002,1,11.9,11.65
ORD-2024-015874,1,PROD-032,2,19.72,35.57
ORD-2024-015874,2,PROD-024,1,8.73,-7.4
ORD-2024-015875,1,PROD-025,1,21.97,21.79
ORD-2024-015876,1,PROD-004,1,20.28,18.84
ORD-2024-015877,1,PROD-040,1,15.21,13.29
ORD-2024-015878,1,PROD-004,1,20.28,12.48
ORD-2024-015878,2,PROD-033,1,52.11,40.24
ORD-2024-015879,1,PROD-032,3,19.72,52.16
ORD-2024-015879,2,PROD-003,2,14.37,26.16
ORD-2024-015880,1,PROD-005,3,20.28,58.0
ORD-2024-015880,2,PROD-032,3,19.72,52.84
ORD-2024-015880,3,PROD-034,1,9.01,8.78
ORD-2024-015881,1,PROD-015,3,26.76,74.01
ORD-2024-015882,1,PROD-036,1,11.55,11.32
ORD-2024-015883,1,PROD-010,1,38.03,32.66
ORD-2024-015884,1,PROD-032,2,19.72,31.44
ORD-2024-015885,1,PROD-026,1,14.65,14.17
ORD-2024-015885,2,PROD-036,2,11.55,22.88
ORD-2024-015886,1,PROD-037,2,9.86,16.45
ORD-2024-015887,1,PROD-006,1,32.39,17.47
ORD-2024-015888,1,PROD-006,2,32.39,50.42
ORD-2024-015888,2,PROD-007,1,17.18,16.14
ORD-2024-015888,3,PROD-001,1,12.9,7.99
ORD-2024-015889,1,PROD-013,3,11.9,34.14
ORD-2024-015890,1,PROD-033,1,52.11,51.23
ORD-2024-015891,1,PROD-014,1,9.9,9.57
ORD-2024-015892,1,PROD-005,1,20.28,18.74
ORD-2024-015893,1,PROD-039,4,8.17,30.88
ORD-2024-015893,2,PROD-012,2,18.5,31.73
ORD-2024-015894,1,PROD-014,2,9.9,18.28
ORD-2024-015895,1,PROD-004,1,20.28,20.25
ORD-2024-015895,2,PROD-011,1,14.9,13.85
ORD-2024-015895,3,PROD-003,1,14.37,12.67
ORD-2024-015896,1,PROD-003,1,14.37,13.85
ORD-2024-015896,2,PROD-032,1,19.72,18.69
ORD-2024-015897,1,PROD-038,3,7.89,19.69
ORD-2024-015898,1,PROD-050,1,61.97,59.19
ORD-2024-015898,2,PROD-038,3,7.89,22.53
ORD-2024-015899,1,PROD-016,2,8.9,17.1
ORD-2024-015900,1,PROD-054,1,59.15,50.61
ORD-2024-015901,1,PROD-002,1,11.9,11.88
ORD-2024-015901,2,PROD-041,4,11.83,39.54
ORD-2024-015902,1,PROD-005,1,20.28,19.15
ORD-2024-015903,1,PROD-003,3,14.37,41.58
ORD-2024-015904,1,PROD-003,1,14.37,12.32
ORD-2024-015905,1,PROD-005,3,20.28,55.04
ORD-2024-015906,1,PROD-054,1,59.15,56.47
ORD-2024-015907,1,PROD-049,1,80.28,77.93
ORD-2024-015908,1,PROD-030,1,49.3,46.69
ORD-2024-015908,2,PROD-047,1,108.45,107.19
ORD-2024-015909,1,PROD-039,1,8.17,7.95
ORD-2024-015909,2,PROD-032,4,19.72,77.57
ORD-2024-015910,1,PROD-007,3,17.18,51.29
ORD-2024-015911,1,PROD-011,1,14.9,12.34
ORD-2024-015911,2,PROD-035,2,10.14,15.73
ORD-2024-015912,1,PROD-019,1,29.58,28.39
ORD-2024-015912,2,PROD-001,2,12.9,22.23
ORD-2024-015913,1,PROD-004,2,20.28,36.86
ORD-2024-015913,2,PROD-038,1,7.89,7.13
ORD-2024-015913,3,PROD-036,1,11.55,11.35
ORD-2024-015914,1,PROD-038,2,7.89,14.63
ORD-2024-015914,2,PROD-034,2,9.01,17.14
ORD-2024-015914,3,PROD-008,1,9.9,9.71
ORD-2024-015914,4,PROD-041,3,11.83,35.21
ORD-2024-015915,1,PROD-038,4,7.89,24.18
ORD-2024-015916,1,PROD-026,1,14.65,10.88
ORD-2024-015916,2,PROD-038,1,7.89,5.42
ORD-2024-015916,3,PROD-027,2,21.13,25.17
ORD-2024-015917,1,PROD-036,1,11.55,11.01
ORD-2024-015917,2,PROD-011,2,14.9,28.29
ORD-2024-015918,1,PROD-001,1,12.9,11.81
ORD-2024-015919,1,PROD-005,2,20.28,37.38
ORD-2024-015920,1,PROD-038,1,7.89,7.03
ORD-2024-015920,2,PROD-002,1,11.9,11.38
ORD-2024-015921,1,PROD-051,1,36.06,35.4
ORD-2024-015922,1,PROD-002,2,11.9,23.14
ORD-2024-015923,1,PROD-004,1,20.28,19.62
ORD-2024-015924,1,PROD-039,2,8.17,15.13
ORD-2024-015925,1,PROD-008,1,9.9,7.31
ORD-2024-015926,1,PROD-035,2,10.14,19.46
ORD-2024-015926,2,PROD-040,2,15.21,29.94
ORD-2024-015927,1,PROD-004,1,20.28,16.48
ORD-2024-015928,1,PROD-003,1,14.37,14.19
ORD-2024-015928,2,PROD-004,1,20.28,18.96
ORD-2024-015929,1,PROD-016,1,8.9,8.35
ORD-2024-015930,1,PROD-002,1,11.9,10.88
ORD-2024-015931,1,PROD-033,2,52.11,84.88
ORD-2024-015932,1,PROD-029,2,24.79,43.84
ORD-2024-015932,2,PROD-003,1,14.37,13.18
ORD-2024-015933,1,PROD-006,2,32.39,56.68
ORD-2024-015934,1,PROD-006,1,32.39,31.93
ORD-2024-015935,1,PROD-013,1,11.9,10.6
ORD-2024-015935,2,PROD-027,2,21.13,38.98
ORD-2024-015936,1,PROD-030,2,49.3,74.25
ORD-2024-015936,2,PROD-007,1,17.18,10.83
ORD-2024-015937,1,PROD-050,1,61.97,54.55
ORD-2024-015937,2,PROD-014,1,9.9,9.14
ORD-2024-015937,3,PROD-033,2,52.11,75.81
ORD-2024-015938,1,PROD-003,1,14.37,13.53
ORD-2024-015938,2,PROD-025,1,21.97,21.7
ORD-2024-015938,3,PROD-006,1,32.39,30.08
ORD-2024-015939,1,PROD-044,1,40.85,35.55
ORD-2024-015940,1,PROD-004,2,20.28,36.18
ORD-2024-015940,2,PROD-020,1,10.14,8.93
ORD-2024-015940,3,PROD-002,1,11.9,11.76
ORD-2024-015941,1,PROD-001,2,12.9,24.71
ORD-2024-015942,1,PROD-021,1,15.49,14.94
ORD-2024-015942,2,PROD-002,3,11.9,32.85
ORD-2024-015942,3,PROD-004,2,20.28,38.47
ORD-2024-015943,1,PROD-002,1,11.9,10.69
ORD-2024-015944,1,PROD-005,1,20.28,17.49
ORD-2024-015945,1,PROD-036,1,11.55,10.64
ORD-2024-015946,1,PROD-027,1,21.13,20.82
ORD-2024-015946,2,PROD-001,3,12.9,37.32
ORD-2024-015947,1,PROD-003,1,14.37,10.7
ORD-2024-015948,1,PROD-040,2,15.21,22.05
ORD-2024-015948,2,PROD-006,1,32.39,23.62
ORD-2024-015948,3,PROD-004,1,20.28,11.38
ORD-2024-015949,1,PROD-010,2,38.03,56.36
ORD-2024-015949,2,PROD-003,2,14.37,25.9
ORD-2024-015949,3,PROD-032,2,19.72,36.94
ORD-2024-015949,4,PROD-001,3,12.9,31.14
ORD-2024-015950,1,PROD-045,1,72.68,57.18
ORD-2024-015951,1,PROD-005,1,20.28,15.6
ORD-2024-015951,2,PROD-039,3,8.17,20.93
ORD-2024-015952,1,PROD-032,2,19.72,32.59
ORD-2024-015952,2,PROD-027,2,21.13,28.64
ORD-2024-015953,1,PROD-032,2,19.72,35.26
ORD-2024-015954,1,PROD-010,1,38.03,30.16
ORD-2024-015955,1,PROD-006,1,32.39,29.59
ORD-2024-015956,1,PROD-055,1,74.65,64.12
ORD-2024-015957,1,PROD-011,2,14.9,23.43
ORD-2024-015958,1,PROD-012,1,18.5,18.0
ORD-2024-015958,2,PROD-010,1,38.03,34.69
ORD-2024-015958,3,PROD-007,1,17.18,15.89
ORD-2024-015959,1,PROD-006,2,32.39,59.46
ORD-2024-015959,2,PROD-041,4,11.83,36.12
ORD-2024-015960,1,PROD-040,3,15.21,43.7
ORD-2024-015961,1,PROD-023,2,7.89,14.81
ORD-2024-015962,1,PROD-005,1,20.28,18.35
ORD-2024-015963,1,PROD-020,2,10.14,19.79
ORD-2024-015964,1,PROD-019,3,29.58,88.39
ORD-2024-015964,2,PROD-010,1,38.03,37.35
ORD-2024-015965,1,PROD-013,2,11.9,23.16
ORD-2024-015966,1,PROD-021,1,15.49,15.23
ORD-2024-015966,2,PROD-005,1,20.28,20.17
ORD-2024-015967,1,PROD-022,1,9.01,7.2
ORD-2024-015968,1,PROD-022,2,9.01,16.38
ORD-2024-015969,1,PROD-002,1,11.9,10.59
ORD-2024-015970,1,PROD-039,1,8.17,6.21
ORD-2024-015970,2,PROD-022,1,9.01,7.11
ORD-2024-015971,1,PROD-006,1,32.39,26.64
ORD-2024-015971,2,PROD-008,3,9.9,23.31
ORD-2024-015972,1,PROD-004,2,20.28,35.85
ORD-2024-015973,1,PROD-006,1,32.39,31.81
ORD-2024-015974,1,PROD-020,2,10.14,17.05
ORD-2024-015974,2,PROD-038,2,7.89,13.93
ORD-2024-015975,1,PROD-002,1,11.9,10.41
ORD-2024-015976,1,PROD-005,1,20.28,17.45
ORD-2024-015977,1,PROD-007,2,17.18,32.27
ORD-2024-015978,1,PROD-007,1,17.18,16.4
ORD-2024-015979,1,PROD-005,3,20.28,59.7
ORD-2024-015980,1,PROD-059,1,52.11,47.85
ORD-2024-015981,1,PROD-020,2,10.14,16.89
ORD-2024-015982,1,PROD-041,1,11.83,11.17
ORD-2024-015983,1,PROD-055,1,74.65,70.64
ORD-2024-015983,2,PROD-040,1,15.21,12.66
ORD-2024-015983,3,PROD-048,1,55.77,50.76
ORD-2024-015984,1,PROD-005,1,20.28,15.07
ORD-2024-015984,2,PROD-010,3,38.03,90.07
ORD-2024-015985,1,PROD-017,1,12.5,10.86
ORD-2024-015985,2,PROD-006,1,32.39,28.92
ORD-2024-015986,1,PROD-002,1,11.9,11.73
ORD-2024-015986,2,PROD-004,2,20.28,38.32
ORD-2024-015986,3,PROD-020,1,10.14,9.33
ORD-2024-015986,4,PROD-039,1,8.17,7.54
ORD-2024-015987,1,PROD-004,3,20.28,55.15
ORD-2024-015988,1,PROD-001,3,12.9,32.8
ORD-2024-015989,1,PROD-038,1,7.89,7.1
ORD-2024-015990,1,PROD-002,2,11.9,20.79
ORD-2024-015990,2,PROD-024,1,8.73,8.45
ORD-2024-015991,1,PROD-002,1,11.9,11.34
ORD-2024-015991,2,PROD-041,1,11.83,11.6
ORD-2024-015991,3,PROD-010,2,38.03,71.34
ORD-2024-015992,1,PROD-006,2,32.39,63.1
ORD-2024-015992,2,PROD-034,3,9.01,26.3
ORD-2024-015993,1,PROD-005,1,20.28,13.25
ORD-2024-015993,2,PROD-034,4,9.01,25.35
ORD-2024-015994,1,PROD-020,1,10.14,6.28
ORD-2024-015994,2,PROD-027,1,21.13,9.51
ORD-2024-015995,1,PROD-011,2,14.9,27.16
ORD-2024-015996,1,PROD-002,1,11.9,10.77
ORD-2024-015996,2,PROD-034,1,9.01,5.4
ORD-2024-015997,1,PROD-004,1,20.28,17.19
ORD-2024-015998,1,PROD-036,1,11.55,11.06
ORD-2024-015999,1,PROD-002,1,11.9,11.16
ORD-2024-016000,1,PROD-001,1,12.9,10.77
ORD-2024-016001,1,PROD-036,1,11.55,10.4
ORD-2024-016002,1,PROD-002,1,11.9,9.29
ORD-2024-016003,1,PROD-035,1,10.14,9.82
ORD-2024-016003,2,PROD-039,2,8.17,14.62
ORD-2024-016004,1,PROD-005,2,20.28,29.96
ORD-2024-016004,2,PROD-002,3,11.9,32.07
ORD-2024-016004,3,PROD-035,4,10.14,37.28
ORD-2024-016004,4,PROD-032,1,19.72,19.35
ORD-2024-016005,1,PROD-037,3,9.86,26.07
ORD-2024-016006,1,PROD-001,1,12.9,10.47
ORD-2024-016007,1,PROD-021,1,15.49,14.57
ORD-2024-016008,1,PROD-005,3,20.28,49.3
ORD-2024-016008,2,PROD-008,2,9.9,18.26
ORD-2024-016009,1,PROD-041,2,11.83,22.18
ORD-2024-016010,1,PROD-032,3,19.72,51.33
ORD-2024-016011,1,PROD-005,1,20.28,17.89
ORD-2024-016012,1,PROD-032,2,19.72,37.37
ORD-2024-016013,1,PROD-027,2,21.13,26.06
ORD-2024-016014,1,PROD-005,1,20.28,17.64
ORD-2024-016015,1,PROD-004,1,20.28,19.91
ORD-2024-016016,1,PROD-029,2,24.79,46.07
ORD-2024-016017,1,PROD-004,1,20.28,16.43
ORD-2024-016018,1,PROD-041,3,11.83,35.12
ORD-2024-016019,1,PROD-004,1,20.28,18.92
ORD-2024-016020,1,PROD-023,1,7.89,5.84
ORD-2024-016021,1,PROD-012,2,18.5,35.52
ORD-2024-016022,1,PROD-007,2,17.18,31.94
ORD-2024-016023,1,PROD-005,1,20.28,19.82
ORD-2024-016024,1,PROD-005,1,20.28,16.34
ORD-2024-016024,2,PROD-006,1,32.39,29.68
ORD-2024-016025,1,PROD-005,1,20.28,19.13
ORD-2024-016025,2,PROD-004,1,20.28,19.9
ORD-2024-016025,3,PROD-003,2,14.37,28.33
ORD-2024-016025,4,PROD-015,1,26.76,26.07
ORD-2024-016025,5,PROD-034,1,9.01,8.9
ORD-2024-016026,1,PROD-004,1,20.28,12.97
ORD-2024-016026,2,PROD-040,1,15.21,13.65
ORD-2024-016027,1,PROD-002,1,11.9,7.97
ORD-2024-016028,1,PROD-022,1,9.01,8.86
ORD-2024-016029,1,PROD-004,3,20.28,52.88
ORD-2024-016029,2,PROD-011,2,14.9,27.85
ORD-2024-016030,1,PROD-022,1,9.01,8.81
ORD-2024-016031,1,PROD-001,1,12.9,12.54
ORD-2024-016031,2,PROD-040,1,15.21,13.65
ORD-2024-016032,1,PROD-004,1,20.28,16.79
ORD-2024-016032,2,PROD-034,1,9.01,8.65
ORD-2024-016032,3,PROD-005,2,20.28,34.18
ORD-2024-016032,4,PROD-014,1,9.9,8.58
ORD-2024-016032,5,PROD-023,1,7.89,6.31
ORD-2024-016033,1,PROD-008,2,9.9,19.53
ORD-2024-016033,2,PROD-049,1,80.28,73.39
ORD-2024-016033,3,PROD-027,2,21.13,39.45
ORD-2024-016034,1,PROD-025,1,21.97,21.85
ORD-2024-016035,1,PROD-020,2,10.14,16.43
ORD-2024-016036,1,PROD-026,1,14.65,12.83
ORD-2024-016037,1,PROD-003,1,14.37,10.76
ORD-2024-016038,1,PROD-026,2,14.65,24.21
ORD-2024-016039,1,PROD-002,1,11.9,10.36
ORD-2024-016039,2,PROD-034,3,9.01,25.87
ORD-2024-016040,1,PROD-004,2,20.28,37.61
ORD-2024-016041,1,PROD-024,1,8.73,8.43
ORD-2024-016041,2,PROD-004,1,20.28,18.75
ORD-2024-016042,1,PROD-005,1,20.28,19.9
ORD-2024-016042,2,PROD-023,2,7.89,11.25
ORD-2024-016042,3,PROD-035,1,10.14,8.17
ORD-2024-016043,1,PROD-040,3,15.21,38.72
ORD-2024-016044,1,PROD-029,1,24.79,19.33
ORD-2024-016044,2,PROD-032,2,19.72,28.92
ORD-2024-016044,3,PROD-007,2,17.18,27.46
ORD-2024-016044,4,PROD-040,1,15.21,14.1
ORD-2024-016044,5,PROD-008,1,9.9,9.47
ORD-2024-016045,1,PROD-044,1,40.85,38.12
ORD-2024-016046,1,PROD-042,3,73.24,202.52
ORD-2024-016047,1,PROD-002,3,11.9,27.32
ORD-2024-016048,1,PROD-002,1,11.9,10.27
ORD-2024-016049,1,PROD-032,1,19.72,18.52
ORD-2024-016049,2,PROD-048,1,55.77,34.08
ORD-2024-016049,3,PROD-052,1,46.48,35.11
ORD-2024-016050,1,PROD-006,2,32.39,48.28
ORD-2024-016051,1,PROD-028,1,17.18,14.49
ORD-2024-016051,2,PROD-008,1,9.9,8.34
ORD-2024-016052,1,PROD-001,3,12.9,36.35
ORD-2024-016052,2,PROD-037,1,9.86,9.43
ORD-2024-016052,3,PROD-017,1,12.5,11.92
ORD-2024-016053,1,PROD-021,1,15.49,15.03
ORD-2024-016054,1,PROD-032,1,19.72,13.7
ORD-2024-016055,1,PROD-032,3,19.72,55.72
ORD-2024-016056,1,PROD-014,2,9.9,19.27
ORD-2024-016057,1,PROD-013,3,11.9,28.4
ORD-2024-016058,1,PROD-004,2,20.28,37.07
ORD-2024-016059,1,PROD-039,3,8.17,23.96
ORD-2024-016060,1,PROD-007,1,17.18,7.73
ORD-2024-016061,1,PROD-037,1,9.86,9.36
ORD-2024-016061,2,PROD-003,1,14.37,12.74
ORD-2024-016062,1,PROD-005,2,20.28,31.46
ORD-2024-016062,2,PROD-006,1,32.39,29.55
ORD-2024-016063,1,PROD-044,1,40.85,39.93
ORD-2024-016064,1,PROD-001,2,12.9,25.05
ORD-2024-016064,2,PROD-026,1,14.65,13.59
ORD-2024-016065,1,PROD-005,3,20.28,58.4
ORD-2024-016065,2,PROD-004,1,20.28,20.03
ORD-2024-016065,3,PROD-006,2,32.39,62.43
ORD-2024-016066,1,PROD-013,1,11.9,11.86
ORD-2024-016066,2,PROD-040,1,15.21,15.02
ORD-2024-016067,1,PROD-005,2,20.28,40.39
ORD-2024-016067,2,PROD-038,4,7.89,30.22
ORD-2024-016068,1,PROD-001,3,12.9,34.72
ORD-2024-016068,2,PROD-003,1,14.37,12.87
ORD-2024-016068,3,PROD-035,2,10.14,17.94
ORD-2024-016069,1,PROD-030,1,49.3,45.91
ORD-2024-016070,1,PROD-034,4,9.01,34.13
ORD-2024-016070,2,PROD-006,1,32.39,29.77
ORD-2024-016070,3,PROD-038,1,7.89,7.1
ORD-2024-016071,1,PROD-007,1,17.18,13.94
ORD-2024-016072,1,PROD-007,2,17.18,26.69
ORD-2024-016073,1,PROD-012,2,18.5,31.22
ORD-2024-016073,2,PROD-041,1,11.83,10.44
ORD-2024-016074,1,PROD-001,2,12.9,24.1
ORD-2024-016075,1,PROD-003,2,14.37,27.8
ORD-2024-016076,1,PROD-012,1,18.5,11.44
ORD-2024-016077,1,PROD-030,1,49.3,46.64
ORD-2024-016077,2,PROD-006,3,32.39,81.54
ORD-2024-016077,3,PROD-005,1,20.28,18.96
ORD-2024-016077,4,PROD-029,1,24.79,24.42
ORD-2024-016078,1,PROD-006,2,32.39,61.38
ORD-2024-016079,1,PROD-036,3,11.55,31.68
ORD-2024-016080,1,PROD-004,1,20.28,17.51
ORD-2024-016081,1,PROD-004,1,20.28,19.93
ORD-2024-016082,1,PROD-003,2,14.37,27.26
ORD-2024-016082,2,PROD-020,1,10.14,9.08
ORD-2024-016083,1,PROD-003,1,14.37,13.77
ORD-2024-016084,1,PROD-003,3,14.37,36.15
ORD-2024-016085,1,PROD-005,1,20.28,18.62
ORD-2024-016085,2,PROD-023,2,7.89,14.98
ORD-2024-016085,3,PROD-039,1,8.17,7.01
ORD-2024-016086,1,PROD-001,3,12.9,32.31
ORD-2024-016086,2,PROD-011,1,14.9,13.83
ORD-2024-016086,3,PROD-004,2,20.28,36.64
ORD-2024-016087,1,PROD-040,1,15.21,14.68
ORD-2024-016088,1,PROD-002,1,11.9,10.38
ORD-2024-016089,1,PROD-002,1,11.9,10.63
ORD-2024-016089,2,PROD-001,1,12.9,11.97
ORD-2024-016090,1,PROD-017,2,12.5,23.8
ORD-2024-016091,1,PROD-004,1,20.28,19.38
ORD-2024-016092,1,PROD-012,1,18.5,15.67
ORD-2024-016093,1,PROD-001,2,12.9,24.36
ORD-2024-016093,2,PROD-060,1,42.25,39.04
ORD-2024-016093,3,PROD-053,1,53.52,49.35
ORD-2024-016093,4,PROD-051,1,36.06,29.75
ORD-2024-016094,1,PROD-040,1,15.21,14.39
ORD-2024-016095,1,PROD-002,3,11.9,34.63
ORD-2024-016096,1,PROD-004,1,20.28,19.6
ORD-2024-016096,2,PROD-056,1,101.41,94.71
ORD-2024-016097,1,PROD-021,1,15.49,14.95
ORD-2024-016098,1,PROD-006,1,32.39,20.31
ORD-2024-016099,1,PROD-008,2,9.9,16.67
ORD-2024-016100,1,PROD-002,2,11.9,23.06
ORD-2024-016100,2,PROD-035,1,10.14,9.7
ORD-2024-016101,1,PROD-001,3,12.9,33.87
ORD-2024-016102,1,PROD-022,1,9.01,6.73
ORD-2024-016103,1,PROD-001,1,12.9,12.25
ORD-2024-016104,1,PROD-006,3,32.39,96.33
ORD-2024-016105,1,PROD-041,1,11.83,10.99
ORD-2024-016106,1,PROD-022,1,9.01,7.46
ORD-2024-016106,2,PROD-028,1,17.18,16.42
ORD-2024-016107,1,PROD-003,1,14.37,13.41
ORD-2024-016108,1,PROD-020,1,10.14,6.22
ORD-2024-016109,1,PROD-001,2,12.9,22.97
ORD-2024-016110,1,PROD-005,1,20.28,10.2
ORD-2024-016111,1,PROD-014,3,9.9,28.03
ORD-2024-016112,1,PROD-030,1,49.3,36.67
ORD-2024-016113,1,PROD-014,1,9.9,9.53
ORD-2024-016113,2,PROD-017,1,12.5,11.18
ORD-2024-016114,1,PROD-007,2,17.18,24.06
ORD-2024-016115,1,PROD-036,1,11.55,8.59
ORD-2024-016116,1,PROD-006,1,32.39,31.61
ORD-2024-016117,1,PROD-007,3,17.18,45.7
ORD-2024-016117,2,PROD-038,4,7.89,18.93
ORD-2024-016117,3,PROD-037,1,9.86,6.48
ORD-2024-016118,1,PROD-011,1,14.9,13.43
ORD-2024-016119,1,PROD-005,2,20.28,30.91
ORD-2024-016120,1,PROD-006,1,32.39,31.77
ORD-2024-016120,2,PROD-040,2,15.21,29.81
ORD-2024-016120,3,PROD-003,1,14.37,14.14
ORD-2024-016120,4,PROD-047,1,108.45,107.28
ORD-2024-016121,1,PROD-007,1,17.18,16.36
ORD-2024-016121,2,PROD-035,1,10.14,9.26
ORD-2024-016121,3,PROD-032,1,19.72,17.89
ORD-2024-016122,1,PROD-004,2,20.28,37.64
ORD-2024-016123,1,PROD-006,2,32.39,60.25
ORD-2024-016123,2,PROD-004,3,20.28,47.11
ORD-2024-016123,3,PROD-038,1,7.89,7.26
ORD-2024-016124,1,PROD-008,3,9.9,28.09
ORD-2024-016124,2,PROD-041,1,11.83,10.74
ORD-2024-016125,1,PROD-003,1,14.37,13.56
ORD-2024-016126,1,PROD-010,2,38.03,68.8
ORD-2024-016126,2,PROD-034,1,9.01,6.64
ORD-2024-016127,1,PROD-006,2,32.39,52.59
ORD-2024-016128,1,PROD-024,1,8.73,8.54
ORD-2024-016129,1,PROD-027,2,21.13,38.96
ORD-2024-016129,2,PROD-011,1,14.9,12.54
ORD-2024-016130,1,PROD-004,1,20.28,19.06
ORD-2024-016131,1,PROD-023,1,7.89,7.33
ORD-2024-016132,1,PROD-051,2,36.06,40.93
ORD-2024-016133,1,PROD-004,2,20.28,31.2
ORD-2024-016134,1,PROD-001,2,12.9,23.34
ORD-2024-016134,2,PROD-038,1,7.89,5.82
ORD-2024-016135,1,PROD-005,1,20.28,16.51
ORD-2024-016135,2,PROD-023,1,7.89,7.43
ORD-2024-016136,1,PROD-005,2,20.28,36.7
ORD-2024-016137,1,PROD-001,1,12.9,8.91
ORD-2024-016137,2,PROD-007,1,17.18,14.47
ORD-2024-016138,1,PROD-002,1,11.9,11.19
ORD-2024-016139,1,PROD-014,1,9.9,9.29
ORD-2024-016140,1,PROD-022,1,9.01,7.32
ORD-2024-016141,1,PROD-001,1,12.9,11.98
ORD-2024-016142,1,PROD-005,2,20.28,29.43
ORD-2024-016143,1,PROD-035,2,10.14,19.65
ORD-2024-016143,2,PROD-005,2,20.28,40.01
ORD-2024-016143,3,PROD-007,1,17.18,16.66
ORD-2024-016144,1,PROD-002,1,11.9,11.51
ORD-2024-016144,2,PROD-028,1,17.18,16.02
ORD-2024-016145,1,PROD-040,4,15.21,34.59
ORD-2024-016146,1,PROD-003,1,14.37,12.21
ORD-2024-016147,1,PROD-001,1,12.9,12.14
ORD-2024-016148,1,PROD-010,1,38.03,36.01
ORD-2024-016149,1,PROD-035,1,10.14,8.54
ORD-2024-016149,2,PROD-044,1,40.85,34.62
ORD-2024-016150,1,PROD-020,1,10.14,9.2
ORD-2024-016150,2,PROD-003,1,14.37,10.59
ORD-2024-016151,1,PROD-003,2,14.37,25.64
ORD-2024-016151,2,PROD-036,1,11.55,10.37
ORD-2024-016152,1,PROD-016,2,8.9,17.55
ORD-2024-016152,2,PROD-047,1,108.45,106.81
ORD-2024-016153,1,PROD-022,1,9.01,7.7
ORD-2024-016154,1,PROD-004,2,20.28,22.83
ORD-2024-016154,2,PROD-003,1,14.37,11.58
ORD-2024-016155,1,PROD-041,1,11.83,9.95
ORD-2024-016156,1,PROD-006,1,32.39,28.46
ORD-2024-016157,1,PROD-040,2,15.21,27.51
ORD-2024-016158,1,PROD-038,1,7.89,7.34
ORD-2024-016158,2,PROD-001,1,12.9,11.6
ORD-2024-016159,1,PROD-020,1,10.14,10.02
ORD-2024-016160,1,PROD-037,4,9.86,36.0
ORD-2024-016161,1,PROD-017,1,12.5,10.67
ORD-2024-016162,1,PROD-025,1,21.97,20.4
ORD-2024-016163,1,PROD-003,1,14.37,13.41
ORD-2024-016164,1,PROD-004,1,20.28,15.22
ORD-2024-016164,2,PROD-035,2,10.14,18.1
ORD-2024-016165,1,PROD-032,2,19.72,39.02
ORD-2024-016166,1,PROD-050,2,61.97,120.97
ORD-2024-016166,2,PROD-060,1,42.25,38.24
ORD-2024-016167,1,PROD-001,1,12.9,12.64
ORD-2024-016168,1,PROD-041,1,11.83,8.48
ORD-2024-016168,2,PROD-015,1,26.76,20.04
ORD-2024-016169,1,PROD-001,1,12.9,10.49
ORD-2024-016169,2,PROD-032,1,19.72,11.38
ORD-2024-016170,1,PROD-033,3,52.11,152.31
ORD-2024-016170,2,PROD-002,1,11.9,11.74
ORD-2024-016170,3,PROD-012,1,18.5,18.39
ORD-2024-016171,1,PROD-008,1,9.9,8.91
ORD-2024-016171,2,PROD-006,1,32.39,25.69
ORD-2024-016171,3,PROD-039,2,8.17,13.45
ORD-2024-016171,4,PROD-005,2,20.28,38.56
ORD-2024-016172,1,PROD-002,1,11.9,11.3
ORD-2024-016173,1,PROD-006,1,32.39,30.57
ORD-2024-016174,1,PROD-002,1,11.9,11.34
ORD-2024-016174,2,PROD-026,2,14.65,27.79
ORD-2024-016175,1,PROD-020,2,10.14,15.13
ORD-2024-016176,1,PROD-042,1,73.24,70.41
ORD-2024-016177,1,PROD-005,1,20.28,12.54
ORD-2024-016178,1,PROD-006,1,32.39,27.47
ORD-2024-016179,1,PROD-039,3,8.17,23.87
ORD-2024-016180,1,PROD-053,2,53.52,87.87
ORD-2024-016181,1,PROD-025,1,21.97,15.22
ORD-2024-016182,1,PROD-001,1,12.9,12.07
ORD-2024-016183,1,PROD-002,1,11.9,10.91
ORD-2024-016184,1,PROD-008,2,9.9,18.95
ORD-2024-016184,2,PROD-006,1,32.39,31.5
ORD-2024-016185,1,PROD-005,2,20.28,36.71
ORD-2024-016186,1,PROD-004,2,20.28,34.67
ORD-2024-016186,2,PROD-041,2,11.83,23.47
ORD-2024-016187,1,PROD-023,2,7.89,12.58
ORD-2024-016188,1,PROD-001,1,12.9,12.12
ORD-2024-016189,1,PROD-038,1,7.89,6.96
ORD-2024-016189,2,PROD-004,1,20.28,17.59
ORD-2024-016189,3,PROD-003,1,14.37,13.48
ORD-2024-016189,4,PROD-001,1,12.9,9.23
ORD-2024-016190,1,PROD-020,1,10.14,9.27
ORD-2024-016191,1,PROD-033,1,52.11,47.37
ORD-2024-016192,1,PROD-010,1,38.03,34.76
ORD-2024-016193,1,PROD-034,3,9.01,23.7
ORD-2024-016194,1,PROD-010,1,38.03,37.61
ORD-2024-016195,1,PROD-034,2,9.01,8.23
ORD-2024-016196,1,PROD-020,2,10.14,19.63
ORD-2024-016196,2,PROD-034,2,9.01,16.13
ORD-2024-016197,1,PROD-005,3,20.28,49.91
ORD-2024-016198,1,PROD-008,2,9.9,16.71
ORD-2024-016199,1,PROD-021,1,15.49,14.59
ORD-2024-016200,1,PROD-001,3,12.9,38.02
ORD-2024-016201,1,PROD-005,3,20.28,57.09
ORD-2024-016201,2,PROD-039,1,8.17,8.08
ORD-2024-016202,1,PROD-004,1,20.28,19.46
ORD-2024-016203,1,PROD-012,3,18.5,52.1
ORD-2024-016204,1,PROD-004,2,20.28,39.05
ORD-2024-016205,1,PROD-041,2,11.83,17.22
ORD-2024-016206,1,PROD-006,1,32.39,32.22
ORD-2024-016207,1,PROD-039,1,8.17,6.66
ORD-2024-016208,1,PROD-011,1,14.9,14.63
ORD-2024-016209,1,PROD-058,1,39.44,35.26
ORD-2024-016210,1,PROD-012,2,18.5,35.68
ORD-2024-016210,2,PROD-005,1,20.28,18.25
ORD-2024-016211,1,PROD-007,1,17.18,16.76
ORD-2024-016212,1,PROD-005,1,20.28,19.86
ORD-2024-016212,2,PROD-001,1,12.9,10.59
ORD-2024-016213,1,PROD-007,1,17.18,13.46
ORD-2024-016213,2,PROD-042,4,73.24,281.27
ORD-2024-016213,3,PROD-034,1,9.01,7.56
ORD-2024-016214,1,PROD-004,1,20.28,19.98
ORD-2024-016214,2,PROD-002,1,11.9,11.39
ORD-2024-016214,3,PROD-005,3,20.28,56.98
ORD-2024-016215,1,PROD-049,1,80.28,74.75
ORD-2024-016216,1,PROD-036,4,11.55,36.37
ORD-2024-016216,2,PROD-040,1,15.21,13.02
ORD-2024-016217,1,PROD-045,1,72.68,63.16
ORD-2024-016218,1,PROD-041,3,11.83,31.31
ORD-2024-016218,2,PROD-045,1,72.68,58.41
ORD-2024-016219,1,PROD-011,1,14.9,14.12
ORD-2024-016220,1,PROD-001,1,12.9,11.78
ORD-2024-016221,1,PROD-006,1,32.39,32.26
ORD-2024-016222,1,PROD-004,1,20.28,20.06
ORD-2024-016222,2,PROD-001,2,12.9,25.35
ORD-2024-016223,1,PROD-005,1,20.28,15.59
ORD-2024-016224,1,PROD-030,2,49.3,67.87
ORD-2024-016225,1,PROD-023,1,7.89,6.89
ORD-2024-016225,2,PROD-026,1,14.65,7.46
ORD-2024-016226,1,PROD-001,1,12.9,12.88
ORD-2024-016226,2,PROD-003,1,14.37,13.47
ORD-2024-016226,3,PROD-039,1,8.17,7.83
ORD-2024-016226,4,PROD-035,3,10.14,25.24
ORD-2024-016227,1,PROD-060,1,42.25,39.36
ORD-2024-016228,1,PROD-032,1,19.72,16.03
ORD-2024-016229,1,PROD-017,1,12.5,12.15
ORD-2024-016230,1,PROD-002,3,11.9,31.54
ORD-2024-016230,2,PROD-042,3,73.24,175.14
ORD-2024-016230,3,PROD-003,2,14.37,27.56
ORD-2024-016230,4,PROD-008,1,9.9,8.72
ORD-2024-016230,5,PROD-032,1,19.72,17.4
ORD-2024-016231,1,PROD-022,1,9.01,5.18
ORD-2024-016232,1,PROD-029,1,24.79,23.94
ORD-2024-016232,2,PROD-005,1,20.28,19.08
ORD-2024-016233,1,PROD-001,3,12.9,31.98
ORD-2024-016234,1,PROD-014,3,9.9,20.1
ORD-2024-016235,1,PROD-007,1,17.18,8.8
ORD-2024-016236,1,PROD-051,1,36.06,33.96
ORD-2024-016237,1,PROD-035,1,10.14,8.94
ORD-2024-016238,1,PROD-012,1,18.5,16.23
ORD-2024-016238,2,PROD-013,1,11.9,10.36
ORD-2024-016239,1,PROD-006,2,32.39,62.09
ORD-2024-016240,1,PROD-023,2,7.89,15.43
ORD-2024-016241,1,PROD-052,1,46.48,44.55
ORD-2024-016242,1,PROD-008,1,9.9,9.61
ORD-2024-016243,1,PROD-006,2,32.39,63.81
ORD-2024-016244,1,PROD-026,1,14.65,12.23
ORD-2024-016245,1,PROD-005,1,20.28,18.84
ORD-2024-016246,1,PROD-006,2,32.39,59.35
ORD-2024-016246,2,PROD-001,1,12.9,11.46
ORD-2024-016247,1,PROD-005,3,20.28,57.82
ORD-2024-016247,2,PROD-028,2,17.18,31.9
ORD-2024-016247,3,PROD-010,1,38.03,35.06
ORD-2024-016248,1,PROD-010,2,38.03,49.5
ORD-2024-016248,2,PROD-035,1,10.14,8.57
ORD-2024-016248,3,PROD-034,1,9.01,6.94
ORD-2024-016249,1,PROD-047,1,108.45,103.9
ORD-2024-016249,2,PROD-010,1,38.03,34.82
ORD-2024-016250,1,PROD-034,1,9.01,8.22
ORD-2024-016250,2,PROD-013,1,11.9,10.17
ORD-2024-016251,1,PROD-006,2,32.39,55.32
ORD-2024-016252,1,PROD-007,1,17.18,15.36
ORD-2024-016253,1,PROD-011,1,14.9,13.08
ORD-2024-016253,2,PROD-037,2,9.86,17.15
ORD-2024-016254,1,PROD-004,2,20.28,39.89
ORD-2024-016255,1,PROD-029,1,24.79,18.96
ORD-2024-016255,2,PROD-004,1,20.28,18.97
ORD-2024-016256,1,PROD-053,1,53.52,46.22
ORD-2024-016256,2,PROD-005,1,20.28,19.52
ORD-2024-016257,1,PROD-004,2,20.28,39.96
ORD-2024-016257,2,PROD-030,1,49.3,47.88
ORD-2024-016257,3,PROD-040,1,15.21,14.68
ORD-2024-016257,4,PROD-010,1,38.03,35.93
ORD-2024-016258,1,PROD-006,1,32.39,30.51
ORD-2024-016259,1,PROD-035,2,10.14,19.31
ORD-2024-016260,1,PROD-024,2,8.73,14.41
ORD-2024-016261,1,PROD-013,1,11.9,9.98
ORD-2024-016261,2,PROD-047,1,108.45,54.4
ORD-2024-016262,1,PROD-024,1,8.73,8.52
ORD-2024-016262,2,PROD-001,1,12.9,12.1
ORD-2024-016263,1,PROD-036,3,11.55,26.31
ORD-2024-016264,1,PROD-027,1,21.13,19.58
ORD-2024-016265,1,PROD-053,1,53.52,48.48
ORD-2024-016266,1,PROD-003,1,14.37,12.39
ORD-2024-016267,1,PROD-025,1,21.97,11.19
ORD-2024-016268,1,PROD-002,1,11.9,11.48
ORD-2024-016269,1,PROD-028,1,17.18,17.08
ORD-2024-016270,1,PROD-001,1,12.9,12.79
ORD-2024-016271,1,PROD-005,1,20.28,16.6
ORD-2024-016271,2,PROD-035,1,10.14,9.14
ORD-2024-016271,3,PROD-041,1,11.83,10.11
ORD-2024-016272,1,PROD-044,1,40.85,32.28
ORD-2024-016272,2,PROD-001,1,12.9,7.74
ORD-2024-016273,1,PROD-021,2,15.49,27.89
ORD-2024-016273,2,PROD-011,1,14.9,13.25
ORD-2024-016274,1,PROD-005,1,20.28,16.78
ORD-2024-016274,2,PROD-003,1,14.37,12.34
ORD-2024-016274,3,PROD-019,1,29.58,24.25
ORD-2024-016275,1,PROD-004,1,20.28,18.35
ORD-2024-016275,2,PROD-035,2,10.14,18.43
ORD-2024-016275,3,PROD-005,1,20.28,18.62
ORD-2024-016276,1,PROD-007,2,17.18,29.83
ORD-2024-016276,2,PROD-005,2,20.28,36.61
ORD-2024-016277,1,PROD-047,1,108.45,101.4
ORD-2024-016278,1,PROD-007,3,17.18,42.95
ORD-2024-016279,1,PROD-022,1,9.01,7.07
ORD-2024-016280,1,PROD-005,1,20.28,19.65
ORD-2024-016280,2,PROD-035,1,10.14,9.98
ORD-2024-016281,1,PROD-017,1,12.5,12.0
ORD-2024-016281,2,PROD-002,3,11.9,31.29
ORD-2024-016282,1,PROD-032,2,19.72,38.81
ORD-2024-016282,2,PROD-004,1,20.28,19.85
ORD-2024-016283,1,PROD-034,1,9.01,8.73
ORD-2024-016283,2,PROD-001,2,12.9,25.39
ORD-2024-016284,1,PROD-014,1,9.9,6.67
ORD-2024-016285,1,PROD-036,4,11.55,36.07
ORD-2024-016285,2,PROD-040,2,15.21,29.03
ORD-2024-016286,1,PROD-028,2,17.18,29.67
ORD-2024-016287,1,PROD-005,1,20.28,19.18
ORD-2024-016288,1,PROD-001,3,12.9,35.53
ORD-2024-016289,1,PROD-026,2,14.65,26.55
ORD-2024-016289,2,PROD-004,1,20.28,18.93
ORD-2024-016290,1,PROD-004,3,20.28,59.51
ORD-2024-016291,1,PROD-022,1,9.01,8.79
ORD-2024-016292,1,PROD-047,1,108.45,91.93
ORD-2024-016292,2,PROD-005,1,20.28,16.97
ORD-2024-016293,1,PROD-003,1,14.37,13.53
ORD-2024-016293,2,PROD-015,1,26.76,17.22
ORD-2024-016294,1,PROD-008,1,9.9,9.06
ORD-2024-016294,2,PROD-001,1,12.9,12.26
ORD-2024-016295,1,PROD-034,1,9.01,8.92
ORD-2024-016295,2,PROD-051,1,36.06,35.21
ORD-2024-016295,3,PROD-046,1,259.15,255.13
ORD-2024-016296,1,PROD-039,2,8.17,14.76
ORD-2024-016296,2,PROD-006,1,32.39,27.07
ORD-2024-016297,1,PROD-004,2,20.28,31.18
ORD-2024-016298,1,PROD-003,2,14.37,27.75
ORD-2024-016299,1,PROD-041,3,11.83,31.8
ORD-2024-016299,2,PROD-040,3,15.21,45.31
ORD-2024-016299,3,PROD-010,1,38.03,32.15
ORD-2024-016300,1,PROD-007,3,17.18,48.96
ORD-2024-016301,1,PROD-002,2,11.9,23.01
ORD-2024-016301,2,PROD-011,1,14.9,14.46
ORD-2024-016301,3,PROD-031,2,53.52,90.2
ORD-2024-016302,1,PROD-006,1,32.39,28.08
ORD-2024-016302,2,PROD-001,1,12.9,12.61
ORD-2024-016302,3,PROD-008,1,9.9,9.04
ORD-2024-016303,1,PROD-006,1,32.39,28.3
ORD-2024-016304,1,PROD-001,2,12.9,19.76
ORD-2024-016305,1,PROD-052,1,46.48,41.53
ORD-2024-016305,2,PROD-011,1,14.9,14.09
ORD-2024-016305,3,PROD-051,1,36.06,28.45
ORD-2024-016306,1,PROD-023,1,7.89,6.52
ORD-2024-016306,2,PROD-053,1,53.52,48.32
ORD-2024-016307,1,PROD-001,1,12.9,11.95
ORD-2024-016307,2,PROD-004,1,20.28,19.34
ORD-2024-016308,1,PROD-004,1,20.28,19.61
ORD-2024-016309,1,PROD-040,3,15.21,42.39
ORD-2024-016309,2,PROD-042,1,73.24,69.31
ORD-2024-016309,3,PROD-041,4,11.83,45.47
ORD-2024-016309,4,PROD-005,2,20.28,38.63
ORD-2024-016310,1,PROD-011,2,14.9,26.59
ORD-2024-016311,1,PROD-003,1,14.37,8.9
ORD-2024-016312,1,PROD-008,1,9.9,8.33
ORD-2024-016312,2,PROD-028,1,17.18,14.21
ORD-2024-016312,3,PROD-005,1,20.28,18.76
ORD-2024-016313,1, PROD-002 ,1,11.9,10.99
ORD-2024-016313,2,PROD-001,1,12.9,11.99
ORD-2024-016313,3,PROD-014,1,9.9,8.09
ORD-2024-016314,1,PROD-004,1,20.28,16.07
ORD-2024-016314,2,PROD-022,1,9.01,8.4
ORD-2024-016314,3,PROD-005,1,20.28,17.69
ORD-2024-016315,1,PROD-038,2,7.89,14.49
ORD-2024-016316,1,PROD-054,1,59.15,52.19
ORD-2024-016317,1,PROD-014,2,9.9,18.12
ORD-2024-016317,2,PROD-007,2,17.18,34.18
ORD-2024-016318,1,PROD-004,1,20.28,19.09
ORD-2024-016319,1,PROD-035,3,10.14,26.73
ORD-2024-016319,2,PROD-034,4,9.01,33.33
ORD-2024-016319,3,PROD-038,3,7.89,21.17
ORD-2024-016319,4,PROD-047,1,108.45,96.25
ORD-2024-016320,1,PROD-001,1,12.9,12.79
ORD-2024-016320,2,PROD-034,1,9.01,8.55
ORD-2024-016320,3,PROD-038,2,7.89,14.33
ORD-2024-016320,4,PROD-010,1,38.03,37.48
ORD-2024-016321,1,PROD-031,1,53.52,48.7
ORD-2024-016322,1,PROD-004,3,20.28,50.73
ORD-2024-016323,1,PROD-021,2,15.49,30.55
ORD-2024-016324,1,PROD-001,1,12.9,12.71
ORD-2024-016324,2,PROD-004,2,20.28,39.63
ORD-2024-016324,3,PROD-007,1,17.18,17.11
ORD-2024-016325,1,PROD-004,1,20.28,16.05
ORD-2024-016326,1,PROD-016,1,8.9,8.72
ORD-2024-016326,2,PROD-001,1,12.9,11.95
ORD-2024-016326,3,PROD-032,2,19.72,37.39
ORD-2024-016327,1,PROD-025,1,21.97,21.52
ORD-2024-016328,1,PROD-005,1,20.28,17.61
ORD-2024-016329,1,PROD-041,1,11.83,10.34
ORD-2024-016330,1,PROD-034,1,9.01,6.7
ORD-2024-016330,2,PROD-007,2,17.18,30.16
ORD-2024-016331,1,PROD-005,1,20.28,19.15
ORD-2024-016331,2,PROD-016,2,8.9,16.21
ORD-2024-016332,1,PROD-001,1,12.9,11.24
ORD-2024-016332,2,PROD-022,1,9.01,7.72
ORD-2024-016332,3,PROD-002,2,11.9,22.95
ORD-2024-016332,4,PROD-035,1,10.14,8.61
ORD-2024-016333,1,PROD-007,1,17.18,13.11
ORD-2024-016334,1,PROD-006,2,32.39,61.86
ORD-2024-016335,1,PROD-006,1,32.39,30.73
ORD-2024-016336,1,PROD-036,1,11.55,9.13
ORD-2024-016336,2,PROD-052,1,46.48,36.1
ORD-2024-016336,3,PROD-031,1,53.52,35.72
ORD-2024-016337,1,PROD-021,1,15.49,14.97
ORD-2024-016337,2,PROD-006,2,32.39,64.19
ORD-2024-016337,3,PROD-034,1,9.01,8.92
ORD-2024-016338,1,PROD-010,1,38.03,35.39
ORD-2024-016338,2,PROD-007,3,17.18,46.39
ORD-2024-016339,1,PROD-003,2,14.37,26.6
ORD-2024-016340,1,PROD-022,1,9.01,8.73
ORD-2024-016340,2,PROD-006,1,32.39,27.93
ORD-2024-016341,1,PROD-041,4,11.83,45.12
ORD-2024-016341,2,PROD-004,1,20.28,19.68
ORD-2024-016341,3,PROD-010,1,38.03,35.96
ORD-2024-016342,1,PROD-006,2,32.39,47.31
ORD-2024-016343,1,PROD-035,2,10.14,19.0
ORD-2024-016343,2,PROD-039,2,8.17,15.92
ORD-2024-016343,3,PROD-011,1,14.9,14.23
ORD-2024-016344,1,PROD-005,2,20.28,38.99
ORD-2024-016345,1,PROD-039,1,8.17,7.51
ORD-2024-016346,1,PROD-026,1,14.65,13.56
ORD-2024-016346,2,PROD-046,1,259.15,238.47
ORD-2024-016347,1,PROD-041,1,11.83,10.87
ORD-2024-016348,1,PROD-004,1,20.28,16.77
ORD-2024-016349,1,PROD-030,1,49.3,39.14
ORD-2024-016349,2,PROD-051,1,36.06,26.14
ORD-2024-016350,1,PROD-022,2,9.01,12.87
ORD-2024-016351,1,PROD-004,3,20.28,59.28
ORD-2024-016351,2,PROD-035,2,10.14,19.57
ORD-2024-016351,3,PROD-036,1,11.55,
ORD-2024-016352,1,PROD-007,1,17.18,16.55
ORD-2024-016353,1,PROD-008,1,9.9,9.28
ORD-2024-016353,2,PROD-030,1,49.3,45.47
ORD-2024-016354,1,PROD-049,1,80.28,69.57
ORD-2024-016355,1,PROD-013,1,11.9,8.77
ORD-2024-016356,1,PROD-037,1,9.86,8.52
ORD-2024-016357,1,PROD-005,1,20.28,19.03
ORD-2024-016358,1,PROD-014,1,9.9,8.37
ORD-2024-016359,1,PROD-016,2,8.9,11.17
ORD-2024-016359,2,PROD-040,1,15.21,11.41
ORD-2024-016359,3,PROD-026,2,14.65,23.52
ORD-2024-016360,1,PROD-030,1,49.3,48.62
ORD-2024-016361,1,PROD-002,1,11.9,11.37
ORD-2024-016362,1,PROD-006,2,32.39,62.09
ORD-2024-016362,2,PROD-007,1,17.18,14.32
ORD-2024-016363,1,PROD-016,1,8.9,8.76
ORD-2024-016363,2,PROD-006,2,32.39,64.09
ORD-2024-016363,3,PROD-038,1,7.89,7.19
ORD-2024-016364,1,PROD-029,2,24.79,39.47
ORD-2024-016365,1,PROD-020,1,10.14,9.37
ORD-2024-016366,1,PROD-001,2,12.9,22.91
ORD-2024-016366,2,PROD-021,1,15.49,14.89
ORD-2024-016366,3,PROD-037,1,9.86,9.64
ORD-2024-016366,4,PROD-007,3,17.18,50.76
ORD-2024-016367,1,PROD-012,2,18.5,36.02
ORD-2024-016367,2,PROD-008,1,9.9,8.71
ORD-2024-016368,1,PROD-006,2,32.39,58.25
ORD-2024-016369,1,PROD-038,2,7.89,14.24
ORD-2024-016370,1,PROD-023,1,7.89,7.6
ORD-2024-016371,1,PROD-003,1,14.37,14.26
ORD-2024-016372,1,PROD-010,1,38.03,34.78
ORD-2024-016372,2,PROD-039,1,8.17,5.9
ORD-2024-016373,1,PROD-027,1,21.13,20.47
ORD-2024-016373,2,PROD-008,1,9.9,9.26
ORD-2024-016373,3,PROD-040,1,15.21,14.93
ORD-2024-016373,4,PROD-035,1,10.14,9.16
ORD-2024-016373,5,PROD-041,2,11.83,22.0
ORD-2024-016374,1,PROD-012,1,18.5,17.35
ORD-2024-016374,2,PROD-041,1,11.83,11.19
ORD-2024-016374,3,PROD-004,1,20.28,14.72
ORD-2024-016375,1,PROD-017,1,12.5,12.22
ORD-2024-016376,1,PROD-035,3,10.14,27.68
ORD-2024-016377,1,PROD-005,1,20.28,18.57
ORD-2024-016378,1,PROD-020,1,10.14,9.58
ORD-2024-016378,2,PROD-029,1,24.79,20.76
ORD-2024-016379,1,PROD-010,2,38.03,72.78
ORD-2024-016380,1,PROD-036,4,11.55,41.92
ORD-2024-016381,1,PROD-003,1,14.37,12.79
ORD-2024-016382,1,PROD-038,2,7.89,15.48
ORD-2024-016382,2,PROD-010,2,38.03,74.47
ORD-2024-016382,3,PROD-003,3,14.37,42.13
ORD-2024-016382,4,PROD-034,1,9.01,8.89
ORD-2024-016383,1,PROD-004,2,20.28,38.66
ORD-2024-016384,1,PROD-024,1,8.73,7.88
ORD-2024-016385,1,PROD-041,1,11.83,10.86
ORD-2024-016386,1,PROD-001,1,12.9,12.37
ORD-2024-016387,1,PROD-006,1,32.39,17.03
ORD-2024-016388,1,PROD-037,2,9.86,17.79
ORD-2024-016388,2,PROD-013,1,11.9,11.1
ORD-2024-016388,3,PROD-032,2,19.72,38.05
ORD-2024-016389,1,PROD-024,1,8.73,7.02
ORD-2024-016390,1,PROD-003,1,14.37,11.29
ORD-2024-016391,1,PROD-024,1,8.73,8.17
ORD-2024-016392,1,PROD-004,3,20.28,52.02
ORD-2024-016393,1,PROD-021,1,15.49,15.04
ORD-2024-016394,1,PROD-005,1,20.28,18.79
ORD-2024-016395,1,PROD-006,1,32.39,30.85
ORD-2024-016396,1,PROD-002,2,11.9,21.45
ORD-2024-016397,1,PROD-010,1,38.03,33.81
ORD-2024-016397,2,PROD-002,2,11.9,20.28
ORD-2024-016397,3,PROD-037,2,9.86,15.68
ORD-2024-016398,1,PROD-038,1,7.89,7.74
ORD-2024-016398,2,PROD-041,1,11.83,10.6
ORD-2024-016398,3,PROD-021,1,15.49,14.71
ORD-2024-016399,1,PROD-005,1,20.28,19.44
ORD-2024-016399,2,PROD-004,3,20.28,59.17
ORD-2024-016399,3,PROD-032,2,19.72,34.59
ORD-2024-016400,1,PROD-040,1,15.21,14.21
ORD-2024-016401,1,PROD-012,2,18.5,34.97
ORD-2024-016402,1,PROD-003,1,14.37,11.9
ORD-2024-016403,1,PROD-010,1,38.03,32.8
ORD-2024-016404,1,PROD-003,1,14.37,12.9
ORD-2024-016404,2,PROD-012,3,18.5,50.68
ORD-2024-016404,3,PROD-001,1,12.9,12.57
ORD-2024-016405,1,PROD-005,2,20.28,37.27
ORD-2024-016406,1,PROD-031,1,53.52,40.44
ORD-2024-016406,2,PROD-001,1,12.9,8.53
ORD-2024-016407,1,PROD-053,1,53.52,29.43
ORD-2024-016408,1,PROD-024,1,8.73,7.12
ORD-2024-016409,1,PROD-008,1,9.9,8.1
ORD-2024-016410,1,PROD-002,3,11.9,29.56
ORD-2024-016410,2,PROD-001,1,12.9,10.17
ORD-2024-016411,1,PROD-005,3,20.28,58.52
ORD-2024-016411,2,PROD-004,1,20.28,19.52
ORD-2024-016412,1,PROD-032,1,19.72,15.78
ORD-2024-016412,2,PROD-040,2,15.21,21.65
ORD-2024-016413,1,PROD-004,2,20.28,33.93
ORD-2024-016413,2,PROD-013,3,11.9,20.17
ORD-2024-016414,1,PROD-016,1,8.9,7.41
ORD-2024-016415,1,PROD-006,3,32.39,84.95
ORD-2024-016415,2,PROD-004,1,20.28,18.71
ORD-2024-016415,3,PROD-034,2,9.01,15.44
ORD-2024-016415,4,PROD-001,1,12.9,12.42
ORD-2024-016415,5,PROD-038,1,7.89,7.43
ORD-2024-016416,1,PROD-001,1,12.9,7.57
ORD-2024-016416,2,PROD-035,1,10.14,6.6
ORD-2024-016417,1,PROD-050,1,61.97,60.97
ORD-2024-016418,1,PROD-006,2,32.39,61.18
ORD-2024-016418,2,PROD-017,1,12.5,12.19
ORD-2024-016419,1,PROD-027,2,21.13,39.18
ORD-2024-016419,2,PROD-003,1,14.37,13.28
ORD-2024-016420,1,PROD-050,1,61.97,60.42
ORD-2024-016420,2,PROD-014,2,9.9,19.3
ORD-2024-016421,1,PROD-035,3,10.14,29.66
ORD-2024-016421,2,PROD-008,1,9.9,9.84
ORD-2024-016422,1,PROD-003,1,14.37,13.78
ORD-2024-016423,1,PROD-032,1,19.72,18.68
ORD-2024-016424,1,PROD-012,1,18.5,15.68
ORD-2024-016424,2,PROD-002,2,11.9,23.07
ORD-2024-016425,1,PROD-006,3,32.39,95.6
ORD-2024-016426,1,PROD-040,2,15.21,21.56
ORD-2024-016427,1,PROD-014,1,9.9,8.58
ORD-2024-016428,1,PROD-031,1,53.52,47.93
ORD-2024-016429,1,PROD-001,1,12.9,12.36
ORD-2024-016430,1,PROD-007,2,17.18,32.06
ORD-2024-016431,1,PROD-023,1,7.89,7.25
ORD-2024-016432,1,PROD-038,2,7.89,13.69
ORD-2024-016432,2,PROD-060,1,42.25,19.01
ORD-2024-016433,1,PROD-001,2,12.9,22.14
ORD-2024-016433,2,PROD-006,1,32.39,30.83
ORD-2024-016433,3,PROD-038,2,7.89,14.31
ORD-2024-016434,1,PROD-044,1,40.85,32.53
ORD-2024-016434,2,PROD-016,1,8.9,6.44
ORD-2024-016435,1,PROD-039,4,8.17,28.35
ORD-2024-016436,1,PROD-016,1,8.9,8.75
ORD-2024-016437,1,PROD-007,2,17.18,33.98
ORD-2024-016438,1,PROD-005,3,20.28,51.06
ORD-2024-016439,1,PROD-039,2,8.17,15.28
ORD-2024-016439,2,PROD-005,1,20.28,16.92
ORD-2024-016439,3,PROD-032,1,19.72,18.68
ORD-2024-016440,1,PROD-037,1,9.86,8.13
ORD-2024-016441,1,PROD-001,2,12.9,24.54
ORD-2024-016442,1,PROD-029,1,24.79,24.72
ORD-2024-016442,2,PROD-011,3,14.9,43.06
ORD-2024-016443,1,PROD-045,1,72.68,60.38
ORD-2024-016444,1,PROD-002,1,11.9,10.82
ORD-2024-016444,2,PROD-006,1,32.39,29.3
ORD-2024-016445,1,PROD-049,1,80.28,73.47
ORD-2024-016446,1,PROD-005,1,20.28,19.8
ORD-2024-016447,1,PROD-003,2,14.37,27.23
ORD-2024-016447,2,PROD-008,2,9.9,17.89
ORD-2024-016448,1,PROD-055,1,74.65,60.27
ORD-2024-016449,1,PROD-004,2,20.28,37.33
ORD-2024-016450,1,PROD-020,2,10.14,17.64
ORD-2024-016451,1,PROD-013,1,11.9,10.16
ORD-2024-016452,1,PROD-002,1,11.9,11.65
ORD-2024-016452,2,PROD-036,2,11.55,22.6
ORD-2024-016453,1,PROD-003,1,14.37,12.04
ORD-2024-016454,1,PROD-017,1,12.5,11.74
ORD-2024-016454,2,PROD-034,1,9.01,8.1
ORD-2024-016455,1,PROD-004,1,20.28,19.58
ORD-2024-016456,1,PROD-013,1,11.9,11.3
ORD-2024-016456,2,PROD-007,2,17.18,33.14
ORD-2024-016457,1,PROD-011,1,14.9,14.03
ORD-2024-016458,1,PROD-033,1,52.11,49.45
ORD-2024-016459,1,PROD-001,2,12.9,22.46
ORD-2024-016459,2,PROD-028,1,17.18,16.42
ORD-2024-016460,1,PROD-002,1,11.9,8.75
ORD-2024-016460,2,PROD-024,1,8.73,6.46
ORD-2024-016461,1,PROD-034,2,9.01,16.76
ORD-2024-016461,2,PROD-005,1,20.28,19.83
ORD-2024-016462,1,PROD-004,1,20.28,19.5
ORD-2024-016463,1,PROD-005,1,20.28,18.41
ORD-2024-016464,1,PROD-015,1,26.76,26.21
ORD-2024-016465,1,PROD-039,3,8.17,23.44
ORD-2024-016466,1,PROD-004,1,20.28,18.74
ORD-2024-016466,2,PROD-041,1,11.83,11.44
ORD-2024-016467,1,PROD-037,1,9.86,8.55
ORD-2024-016467,2,PROD-005,3,20.28,39.6
ORD-2024-016468,1,PROD-015,1,26.76,23.18
ORD-2024-016468,2,PROD-002,1,11.9,10.37
ORD-2024-016468,3,PROD-040,2,15.21,20.63
ORD-2024-016469,1,PROD-022,1,9.01,7.85
ORD-2024-016469,2,PROD-004,1,20.28,18.71
ORD-2024-016470,1,PROD-022,2,9.01,17.93
ORD-2024-016471,1,PROD-028,1,17.18,14.57
ORD-2024-016472,1,PROD-002,1,11.9,11.22
ORD-2024-016472,2,PROD-005,1,20.28,19.74
ORD-2024-016472,3,PROD-004,1,20.28,18.33
ORD-2024-016473,1,PROD-040,2,15.21,20.22
ORD-2024-016473,2,PROD-004,1,20.28,12.01
ORD-2024-016473,3,PROD-052,1,46.48,31.81
ORD-2024-016474,1,PROD-006,2,32.39,29.99
ORD-2024-016474,2,PROD-015,1,26.76,24.01
ORD-2024-016474,3,PROD-047,1,108.45,100.03
ORD-2024-016475,1,PROD-003,2,14.37,28.07
ORD-2024-016475,2,PROD-005,1,20.28,20.01
ORD-2024-016475,3,PROD-050,1,61.97,60.29
ORD-2024-016476,1,PROD-001,1,12.9,11.54
ORD-2024-016476,2,PROD-028,1,17.18,15.72
ORD-2024-016477,1,PROD-003,3,14.37,42.19
ORD-2024-016477,2,PROD-035,3,10.14,30.16
ORD-2024-016478,1,PROD-034,1,9.01,6.88
ORD-2024-016479,1,PROD-014,2,9.9,15.21
ORD-2024-016480,1,PROD-002,2,11.9,21.23
ORD-2024-016480,2,PROD-041,1,11.83,10.44
ORD-2024-016480,3,PROD-001,1,12.9,12.38
ORD-2024-016481,1,PROD-003,1,14.37,13.56
ORD-2024-016482,1,PROD-002,1,11.9,9.47
ORD-2024-016483,1,PROD-048,1,55.77,52.99
ORD-2024-016483,2,PROD-041,1,11.83,10.41
ORD-2024-016484,1,PROD-039,1,8.17,6.97
ORD-2024-016484,2,PROD-029,1,24.79,22.84
ORD-2024-016485,1,PROD-004,3,20.28,53.34
ORD-2024-016485,2,PROD-019,1,29.58,25.55
ORD-2024-016486,1,PROD-001,1,12.9,12.25
ORD-2024-016487,1,PROD-004,2,20.28,35.73
ORD-2024-016488,1,PROD-035,3,10.14,27.15
ORD-2024-016489,1,PROD-006,3,32.39,85.06
ORD-2024-016490,1,PROD-026,1,14.65,11.1
ORD-2024-016491,1,PROD-035,4,10.14,34.96
ORD-2024-016491,2,PROD-040,1,15.21,11.51
ORD-2024-016492,1,PROD-019,1,29.58,28.29
ORD-2024-016493,1,PROD-016,2,8.9,16.59
ORD-2024-016494,1,PROD-013,1,11.9,10.56
ORD-2024-016494,2,PROD-036,1,11.55,8.88
ORD-2024-016495,1,PROD-021,1,15.49,14.59
ORD-2024-016496,1,PROD-001,1,12.9,12.4
ORD-2024-016497,1,PROD-027,1,21.13,18.54
ORD-2024-016498,1,PROD-012,2,18.5,35.79
ORD-2024-016499,1,PROD-032,2,19.72,38.7
ORD-2024-016500,1,PROD-040,1,15.21,14.98
ORD-2024-016501,1,PROD-045,2,72.68,141.87
ORD-2024-016501,2,PROD-008,1,9.9,9.04
ORD-2024-016502,1,PROD-006,1,32.39,29.24
ORD-2024-016502,2,PROD-008,2,9.9,16.63
ORD-2024-016502,3,PROD-004,1,20.28,17.68
ORD-2024-016502,4,PROD-015,1,26.76,21.37
ORD-2024-016502,5,PROD-036,2,11.55,19.52
ORD-2024-016503,1,PROD-021,1,15.49,15.18
ORD-2024-016503,2,PROD-028,1,17.18,16.62
ORD-2024-016504,1,PROD-001,2,12.9,25.67
ORD-2024-016505,1,PROD-039,1,8.17,7.6
ORD-2024-016506,1,PROD-019,1,29.58,28.26
ORD-2024-016507,1,PROD-002,2,11.9,22.35
ORD-2024-016507,2,PROD-060,1,42.25,38.39
ORD-2024-016507,3,PROD-034,2,9.01,15.26
ORD-2024-016507,4,PROD-007,2,17.18,30.91
ORD-2024-016508,1,PROD-002,2,11.9,23.01
ORD-2024-016508,2,PROD-034,3,9.01,25.91
ORD-2024-016509,1,PROD-007,1,17.18,16.82
ORD-2024-016510,1,PROD-004,1,20.28,15.64
ORD-2024-016511,1,PROD-026,1,14.65,13.32
ORD-2024-016511,2,PROD-037,1,9.86,9.1
ORD-2024-016511,3,PROD-005,2,20.28,39.29
ORD-2024-016512,1,PROD-055,1,74.65,69.46
ORD-2024-016513,1,PROD-022,1,9.01,8.92
ORD-2024-016514,1,PROD-023,1,7.89,7.51
ORD-2024-016514,2,PROD-031,1,53.52,34.72
ORD-2024-016515,1,PROD-004,1,20.28,18.88
ORD-2024-016515,2,PROD-006,1,32.39,30.85
ORD-2024-016516,1,PROD-023,1,7.89,7.13
ORD-2024-016517,1,PROD-004,1,20.28,19.37
ORD-2024-016517,2,PROD-005,2,20.28,39.14
ORD-2024-016517,3,PROD-039,2,8.17,15.55
ORD-2024-016518,1,PROD-005,1,20.28,18.37
ORD-2024-016518,2,PROD-024,1,8.73,6.96
ORD-2024-016519,1,PROD-006,1,32.39,31.37
ORD-2024-016520,1,PROD-027,1,21.13,19.71
ORD-2024-016520,2,PROD-006,2,32.39,50.17
ORD-2024-016521,1,PROD-016,2,8.9,12.38
ORD-2024-016521,2,PROD-038,2,7.89,12.18
ORD-2024-016522,1,PROD-040,3,15.21,39.09
ORD-2024-016523,1,PROD-023,2,7.89,12.99
ORD-2024-016524,1,PROD-013,3,11.9,30.67
ORD-2024-016525,1,PROD-028,1,17.18,16.53
ORD-2024-016525,2,PROD-037,2,9.86,18.46
ORD-2024-016525,3,PROD-024,2,8.73,15.87
ORD-2024-016526,1,PROD-007,1,17.18,15.87
ORD-2024-016527,1,PROD-020,1,10.14,9.61
ORD-2024-016527,2,PROD-004,1,20.28,19.87
ORD-2024-016528,1,PROD-026,1,14.65,12.77
ORD-2024-016529,1,PROD-002,1,11.9,9.51
ORD-2024-016529,2,PROD-034,1,9.01,5.91
ORD-2024-016529,3,PROD-033,1,52.11,38.32
ORD-2024-016530,1,PROD-011,1,14.9,11.35
ORD-2024-016531,1,PROD-001,2,12.9,21.06
ORD-2024-016532,1,PROD-002,1,11.9,9.94
ORD-2024-016533,1,PROD-006,1,32.39,25.91
ORD-2024-016534,1,PROD-003,1,14.37,13.46
ORD-2024-016535,1,PROD-035,3,10.14,26.08
ORD-2024-016536,1,PROD-035,1,10.14,8.46
ORD-2024-016537,1,PROD-026,1,14.65,11.13
ORD-2024-016538,1,PROD-014,1,9.9,7.75
ORD-2024-016538,2,PROD-020,2,10.14,17.77
ORD-2024-016538,3,PROD-031,1,53.52,45.6
ORD-2024-016539,1,PROD-004,3,20.28,58.21
ORD-2024-016539,2,PROD-002,1,11.9,10.37
ORD-2024-016540,1,PROD-008,1,9.9,9.16
ORD-2024-016541,1,PROD-004,1,20.28,19.71
ORD-2024-016542,1,PROD-038,1,7.89,5.05
ORD-2024-016543,1,PROD-019,1,29.58,27.13
ORD-2024-016543,2,PROD-001,1,12.9,11.38
ORD-2024-016543,3,PROD-038,2,7.89,15.12
ORD-2024-016544,1,PROD-036,2,11.55,20.46
ORD-2024-016545,1,PROD-014,1,9.9,8.53
ORD-2024-016546,1,PROD-026,1,14.65,12.89
ORD-2024-016547,1,PROD-041,1,11.83,11.43
ORD-2024-016547,2,PROD-006,1,32.39,32.13
ORD-2024-016547,3,PROD-010,1,38.03,36.59
ORD-2024-016548,1,PROD-004,1,20.28,18.96
ORD-2024-016548,2,PROD-034,4,9.01,27.2
ORD-2024-016548,3,PROD-006,1,32.39,25.65
ORD-2024-016549,1,PROD-005,1,20.28,19.3
ORD-2024-016550,1,PROD-010,1,38.03,37.85
ORD-2024-016551,1,PROD-016,2,8.9,15.01
ORD-2024-016552,1,PROD-029,1,24.79,23.79
ORD-2024-016553,1,PROD-031,2,53.52,92.65
ORD-2024-016554,1,PROD-010,1,38.03,27.83
ORD-2024-016555,1,PROD-006,3,32.39,87.3
ORD-2024-016556,1,PROD-004,2,20.28,38.43
ORD-2024-016556,2,PROD-036,1,11.55,11.39
ORD-2024-016556,3,PROD-040,2,15.21,27.58
ORD-2024-016556,4,PROD-006,1,32.39,31.11
ORD-2024-016556,5,PROD-008,1,9.9,9.63
ORD-2024-016557,1,PROD-034,2,9.01,15.09
ORD-2024-016558,1,PROD-032,3,19.72,56.76
ORD-2024-016558,2,PROD-035,1,10.14,8.96
ORD-2024-016559,1,PROD-003,1,14.37,12.63
ORD-2024-016559,2,PROD-001,1,12.9,9.82
ORD-2024-016560,1,PROD-029,1,24.79,23.92
ORD-2024-016560,2,PROD-046,1,259.15,251.66
ORD-2024-016561,1,PROD-005,1,20.28,16.6
ORD-2024-016562,1,PROD-007,1,17.18,13.02
ORD-2024-016563,1,PROD-005,1,20.28,19.73
ORD-2024-016563,2,PROD-006,2,32.39,58.83
ORD-2024-016564,1,PROD-001,1,12.9,11.89
ORD-2024-016565,1,PROD-034,1,9.01,7.66
ORD-2024-016565,2,PROD-015,2,26.76,43.75
ORD-2024-016565,3,PROD-007,1,17.18,16.38
ORD-2024-016565,4,PROD-003,2,14.37,27.07
ORD-2024-016566,1,PROD-001,2,12.9,23.96
ORD-2024-016566,2,PROD-035,2,10.14,19.19
ORD-2024-016567,1,PROD-002,3,11.9,35.38
ORD-2024-016567,2,PROD-004,1,20.28,19.96
ORD-2024-016568,1,PROD-034,3,9.01,25.12
ORD-2024-016568,2,PROD-031,1,53.52,53.15
ORD-2024-016568,3,PROD-005,1,20.28,19.89
ORD-2024-016569,1,PROD-041,2,11.83,22.27
ORD-2024-016569,2,PROD-026,1,14.65,12.82
ORD-2024-016570,1,PROD-035,3,10.14,25.62
ORD-2024-016570,2,PROD-031,1,53.52,43.01
ORD-2024-016571,1,PROD-005,1,20.28,10.18
ORD-2024-016571,2,PROD-002,1,11.9,7.65
ORD-2024-016572,1,PROD-005,1,20.28,16.85
ORD-2024-016573,1,PROD-002,2,11.9,22.94
ORD-2024-016574,1,PROD-042,2,73.24,141.82
ORD-2024-016575,1,PROD-028,1,17.18,15.16
ORD-2024-016576,1,PROD-005,1,20.28,18.87
ORD-2024-016577,1,PROD-041,1,11.83,9.73
ORD-2024-016577,2,PROD-001,2,12.9,22.53
ORD-2024-016577,3,PROD-004,1,20.28,14.72
ORD-2024-016578,1,PROD-004,2,20.28,37.62
ORD-2024-016579,1,PROD-005,1,20.28,19.78
ORD-2024-016579,2,PROD-004,2,20.28,36.91
ORD-2024-016579,3,PROD-049,1,80.28,69.19
ORD-2024-016579,4,PROD-016,1,8.9,8.58
ORD-2024-016579,5,PROD-003,2,14.37,28.45
ORD-2024-016580,1,PROD-005,1,20.28,14.87
ORD-2024-016580,2,PROD-004,1,20.28,16.29
ORD-2024-016580,3,PROD-037,1,9.86,4.44
ORD-2024-016581,1,PROD-001,2,12.9,25.16
ORD-2024-016582,1,PROD-001,1,12.9,12.62
ORD-2024-016582,2,PROD-052,1,46.48,46.15
ORD-2024-016583,1,PROD-035,3,10.14,26.28
ORD-2024-016584,1,PROD-005,1,20.28,17.64
ORD-2024-016585,1,PROD-007,1,17.18,13.08
ORD-2024-016586,1,PROD-008,3,9.9,24.3
ORD-2024-016587,1,PROD-051,1,36.06,35.7
ORD-2024-016587,2,PROD-037,3,9.86,28.69
ORD-2024-016588,1,PROD-030,1,49.3,47.96
ORD-2024-016588,2,PROD-003,3,14.37,41.36
ORD-2024-016588,3,PROD-007,1,17.18,15.74
ORD-2024-016589,1,PROD-021,1,15.49,12.4
ORD-2024-016590,1,PROD-039,2,8.17,13.55
ORD-2024-016591,1,PROD-041,1,11.83,9.06
ORD-2024-016592,1,PROD-052,1,46.48,35.41
ORD-2024-016593,1,PROD-010,1,38.03,37.04
ORD-2024-016594,1,PROD-023,1,7.89,7.62
ORD-2024-016594,2,PROD-032,1,19.72,19.05
ORD-2024-016594,3,PROD-035,3,10.14,29.6
ORD-2024-016595,1,PROD-005,2,20.28,39.69
ORD-2024-016595,2,PROD-001,2,12.9,20.74
ORD-2024-016595,3,PROD-006,2,32.39,59.52
ORD-2024-016596,1,PROD-026,2,14.65,28.64
ORD-2024-016597,1,PROD-049,1,80.28,77.38
ORD-2024-016598,1,PROD-038,1,7.89,7.71
ORD-2024-016599,1,PROD-007,1,17.18,16.83
ORD-2024-016599,2,PROD-004,2,20.28,39.7
ORD-2024-016600,1,PROD-004,1,20.28,19.28
ORD-2024-016601,1,PROD-059,1,52.11,30.48
ORD-2024-016602,1,PROD-014,1,9.9,9.19
ORD-2024-016603,1,PROD-051,1,36.06,32.93
ORD-2024-016604,1,PROD-014,1,9.9,8.71
ORD-2024-016604,2,PROD-037,1,9.86,8.08
ORD-2024-016605,1,PROD-027,1,21.13,18.86
ORD-2024-016605,2,PROD-014,1,9.9,7.95
ORD-2024-016606,1,PROD-042,1,73.24,64.93
ORD-2024-016607,1,PROD-002,2,11.9,17.32
ORD-2024-016608,1,PROD-010,1,38.03,33.02
ORD-2024-016608,2,PROD-007,2,17.18,27.95
ORD-2024-016608,3,PROD-006,2,32.39,59.65
ORD-2024-016609,1,PROD-038,3,7.89,22.02
ORD-2024-016610,1,PROD-005,1,20.28,19.42
ORD-2024-016611,1,PROD-030,1,49.3,46.88
ORD-2024-016612,1,PROD-003,1,14.37,14.29
ORD-2024-016612,2,PROD-010,1,38.03,34.4
ORD-2024-016612,3,PROD-007,1,17.18,16.57
ORD-2024-016613,1,PROD-001,1,12.9,10.61
ORD-2024-016613,2,PROD-027,2,21.13,41.28
ORD-2024-016613,3,PROD-035,1,10.14,8.69
ORD-2024-016614,1,PROD-004,3,20.28,59.93
ORD-2024-016614,2,PROD-041,4,11.83,45.13
ORD-2024-016614,3,PROD-027,2,21.13,40.44
ORD-2024-016615,1,PROD-006,2,32.39,61.91
ORD-2024-016616,1,PROD-002,1,11.9,11.5
ORD-2024-016617,1,PROD-007,1,17.18,13.83
ORD-2024-016618,1,PROD-040,2,15.21,25.97
ORD-2024-016618,2,PROD-010,2,38.03,65.78
ORD-2024-016619,1,PROD-026,1,14.65,7.57
ORD-2024-016619,2,PROD-001,1,12.9,11.88
ORD-2024-016620,1,PROD-025,1,21.97,18.58
ORD-2024-016620,2,PROD-008,2,9.9,19.24
ORD-2024-016621,1,PROD-034,2,9.01,14.65
ORD-2024-016621,2,PROD-012,1,18.5,16.23
ORD-2024-016622,1,PROD-004,1,20.28,17.84
ORD-2024-016623,1,PROD-028,1,17.18,16.94
ORD-2024-016624,1,PROD-004,1,20.28,18.44
ORD-2024-016624,2,PROD-006,2,32.39,60.0
ORD-2024-016624,3,PROD-035,2,10.14,17.28
ORD-2024-016625,1,PROD-002,1,11.9,11.61
ORD-2024-016626,1,PROD-058,1,39.44,30.94
ORD-2024-016627,1,PROD-033,1,52.11,49.45
ORD-2024-016627,2,PROD-021,2,15.49,27.7
ORD-2024-016627,3,PROD-036,2,11.55,22.51
ORD-2024-016628,1,PROD-004,1,20.28,18.48
ORD-2024-016628,2,PROD-034,1,9.01,7.48
ORD-2024-016629,1,PROD-030,1,49.3,47.22
ORD-2024-016629,2,PROD-022,2,9.01,17.34
ORD-2024-016629,3,PROD-006,1,32.39,31.38
ORD-2024-016630,1,PROD-010,1,38.03,26.72
ORD-2024-016630,2,PROD-034,1,9.01,8.68
ORD-2024-016631,1,PROD-038,2,7.89,15.04
ORD-2024-016631,2,PROD-008,1,9.9,9.69
ORD-2024-016632,1,PROD-034,1,9.01,7.86
ORD-2024-016633,1,PROD-039,4,8.17,28.36
ORD-2024-016634,1,PROD-002,3,11.9,33.44
ORD-2024-016635,1,PROD-016,2,8.9,16.8
ORD-2024-016636,1,PROD-007,3,17.18,45.51
ORD-2024-016637,1,PROD-007,1,17.18,16.82
ORD-2024-016638,1,PROD-036,2,11.55,22.84
ORD-2024-016639,1,PROD-007,1,17.18,15.94
ORD-2024-016640,1,PROD-002,1,11.9,10.47
ORD-2024-016641,1,PROD-007,1,17.18,16.23
ORD-2024-016641,2,PROD-006,2,32.39,61.5
ORD-2024-016642,1,PROD-006,2,32.39,60.21
ORD-2024-016642,2,PROD-034,4,9.01,30.18
ORD-2024-016642,3,PROD-001,2,12.9,24.58
ORD-2024-016643,1,PROD-023,1,7.89,5.3
ORD-2024-016644,1,PROD-004,1,20.28,19.77
ORD-2024-016644,2,PROD-026,1,14.65,14.35
ORD-2024-016645,1,PROD-020,1,10.14,9.66
ORD-2024-016646,1,PROD-007,3,17.18,45.2
ORD-2024-016646,2,PROD-001,3,12.9,36.24
ORD-2024-016647,1,PROD-005,3,20.28,57.43
ORD-2024-016648,1,PROD-027,1,21.13,16.81
ORD-2024-016648,2,PROD-004,1,20.28,14.18
ORD-2024-016649,1,PROD-004,1,20.28,19.06
ORD-2024-016649,2,PROD-005,2,20.28,39.59
ORD-2024-016650,1,PROD-032,1,19.72,14.57
ORD-2024-016651,1,PROD-003,3,14.37,39.11
ORD-2024-016651,2,PROD-001,1,12.9,11.28
ORD-2024-016652,1,PROD-008,1,9.9,9.57
ORD-2024-016653,1,PROD-017,1,12.5,10.35
ORD-2024-016653,2,PROD-003,2,14.37,22.7
ORD-2024-016653,3,PROD-051,1,36.06,26.83
ORD-2024-016654,1,PROD-010,2,38.03,64.2
ORD-2024-016655,1,PROD-001,2,12.9,23.09
ORD-2024-016655,2,PROD-035,1,10.14,8.99
ORD-2024-016655,3,PROD-007,2,17.18,33.18
ORD-2024-016655,4,PROD-023,1,7.89,7.27
ORD-2024-016656,1,PROD-032,2,19.72,31.4
ORD-2024-016656,2,PROD-013,1,11.9,10.68
ORD-2024-016657,1,PROD-035,2,10.14,19.83
ORD-2024-016658,1,PROD-007,2,17.18,33.07
ORD-2024-016659,1,PROD-036,1,11.55,11.48
ORD-2024-016660,1,PROD-002,2,11.9,23.21
ORD-2024-016660,2,PROD-012,1,18.5,17.4
ORD-2024-016660,3,PROD-003,2,14.37,26.55
ORD-2024-016661,1,PROD-005,1,20.28,15.22
ORD-2024-016662,1,PROD-040,2,15.21,28.23
ORD-2024-016663,1,PROD-027,1,21.13,19.82
ORD-2024-016664,1,PROD-002,1,11.9,11.6
ORD-2024-016664,2,PROD-032,1,19.72,14.49
ORD-2024-016665,1,PROD-002,1,11.9,10.53
ORD-2024-016665,2,PROD-003,3,14.37,37.74
ORD-2024-016666,1,PROD-022,1,9.01,8.4
ORD-2024-016667,1,PROD-058,1,39.44,36.85
ORD-2024-016668,1,PROD-007,2,17.18,31.51
ORD-2024-016669,1,PROD-032,2,19.72,31.32
ORD-2024-016670,1,PROD-001,1,12.9,11.24
ORD-2024-016670,2,PROD-033,3,52.11,152.05
ORD-2024-016671,1,PROD-004,2,20.28,38.78
ORD-2024-016671,2,PROD-001,1,12.9,12.73
ORD-2024-016671,3,PROD-035,1,10.14,9.84
ORD-2024-016672,1,PROD-038,2,7.89,14.61
ORD-2024-016672,2,PROD-002,2,11.9,21.63
ORD-2024-016673,1,PROD-024,2,8.73,16.93
ORD-2024-016673,2,PROD-005,1,20.28,12.57
ORD-2024-016674,1,PROD-001,3,12.9,38.27
ORD-2024-016675,1,PROD-005,1,20.28,18.92
ORD-2024-016675,2,PROD-004,3,20.28,44.67
ORD-2024-016675,3,PROD-039,1,8.17,6.97
ORD-2024-016675,4,PROD-001,1,12.9,12.03
ORD-2024-016676,1,PROD-005,1,20.28,19.49
ORD-2024-016677,1,PROD-010,1,38.03,32.29
ORD-2024-016677,2,PROD-014,1,9.9,8.22
ORD-2024-016678,1,PROD-001,2,12.9,24.96
ORD-2024-016678,2,PROD-029,1,24.79,24.52
ORD-2024-016678,3,PROD-010,1,38.03,35.92
ORD-2024-016679,1,PROD-029,2,24.79,41.73
ORD-2024-016680,1,PROD-005,1,20.28,18.9
ORD-2024-016680,2,PROD-035,3,10.14,29.08
ORD-2024-016681,1,PROD-001,1,12.9,11.28
ORD-2024-016681,2,PROD-004,2,20.28,35.17
ORD-2024-016682,1,PROD-008,1,9.9,7.74
ORD-2024-016683,1,PROD-003,1,14.37,12.91
ORD-2024-016683,2,PROD-007,1,17.18,15.76
ORD-2024-016683,3,PROD-001,1,12.9,11.01
ORD-2024-016684,1,PROD-040,2,15.21,23.12
ORD-2024-016684,2,PROD-004,2,20.28,39.31
ORD-2024-016684,3,PROD-006,1,32.39,29.02
ORD-2024-016685,1,PROD-039,4,8.17,31.75
ORD-2024-016686,1,PROD-008,3,9.9,28.81
ORD-2024-016687,1,PROD-038,2,7.89,12.97
ORD-2024-016687,2,PROD-034,1,9.01,8.16
ORD-2024-016687,3,PROD-037,1,9.86,8.93
ORD-2024-016687,4,PROD-006,1,32.39,28.47
ORD-2024-016688,1,PROD-016,1,8.9,8.36
ORD-2024-016688,2,PROD-027,2,21.13,-19.02
ORD-2024-016688,3,PROD-039,3,8.17,22.81
ORD-2024-016689,1,PROD-004,2,20.28,37.37
ORD-2024-016689,2,PROD-034,1,9.01,7.53
ORD-2024-016689,3,PROD-015,1,26.76,22.51
ORD-2024-016690,1,PROD-006,2,32.39,59.54
ORD-2024-016690,2,PROD-005,1,20.28,17.12
ORD-2024-016690,3,PROD-007,2,17.18,33.12
ORD-2024-016690,4,PROD-004,1,20.28,18.6
ORD-2024-016691,1,PROD-006,1,32.39,30.43
ORD-2024-016692,1,PROD-041,1,11.83,10.97
ORD-2024-016692,2,PROD-002,1,11.9,11.56
ORD-2024-016692,3,PROD-040,2,15.21,30.34
ORD-2024-016693,1,PROD-035,1,10.14,7.59
ORD-2024-016694,1,PROD-035,1,10.14,9.71
ORD-2024-016695,1,PROD-028,1,17.18,16.48
ORD-2024-016695,2,PROD-049,1,80.28,71.92
ORD-2024-016696,1,PROD-041,2,11.83,22.53
ORD-2024-016696,2,PROD-012,1,18.5,17.54
ORD-2024-016697,1,PROD-033,3,52.11,153.16
ORD-2024-016698,1,PROD-055,1,74.65,33.59
ORD-2024-016699,1,PROD-027,1,21.13,17.95
ORD-2024-016699,2,PROD-003,2,14.37,20.21
ORD-2024-016700,1,PROD-001,2,12.9,22.02
ORD-2024-016700,2,PROD-039,3,8.17,23.01
ORD-2024-016700,3,PROD-024,1,8.73,7.49
ORD-2024-016701,1,PROD-012,1,18.5,15.6
ORD-2024-016701,2,PROD-004,1,20.28,19.87
ORD-2024-016702,1,PROD-002,2,11.9,19.26
ORD-2024-016703,1,PROD-006,3,32.39,72.56
ORD-2024-016704,1,PROD-006,1,32.39,30.6
ORD-2024-016704,2,PROD-004,1,20.28,20.01
ORD-2024-016704,3,PROD-001,1,12.9,12.14
ORD-2024-016705,1,PROD-027,2,21.13,40.17
ORD-2024-016706,1,PROD-028,2,17.18,30.92
ORD-2024-016707,1,PROD-003,1,14.37,13.47
ORD-2024-016707,2,PROD-039,1,8.17,7.49
ORD-2024-016708,1,PROD-001,1,12.9,
ORD-2024-016709,1,PROD-034,1,9.01,6.59
ORD-2024-016710,1,PROD-037,3,9.86,28.48
ORD-2024-016710,2,PROD-001,1,12.9,11.88
ORD-2024-016711,1,PROD-044,1,40.85,38.53
ORD-2024-016711,2,PROD-003,1,14.37,13.04
ORD-2024-016712,1,PROD-002,1,11.9,10.23
ORD-2024-016713,1,PROD-002,2,11.9,19.78
ORD-2024-016714,1,PROD-011,3,14.9,33.12
ORD-2024-016714,2,PROD-008,2,9.9,13.33
ORD-2024-016715,1,PROD-032,1,19.72,18.24
ORD-2024-016716,1,PROD-006,1,32.39,32.17
ORD-2024-016716,2,PROD-035,1,10.14,9.92
ORD-2024-016717,1,PROD-039,2,8.17,12.85
ORD-2024-016718,1,PROD-032,1,19.72,19.28
ORD-2024-016718,2,PROD-028,2,17.18,33.6
ORD-2024-016718,3,PROD-042,1,73.24,70.4
ORD-2024-016719,1,PROD-026,1,14.65,13.01
ORD-2024-016720,1,PROD-013,2,11.9,15.04
ORD-2024-016721,1,PROD-028,1,17.18,16.61
ORD-2024-016722,1,PROD-037,2,9.86,13.75
ORD-2024-016723,1,PROD-005,1,20.28,17.93
ORD-2024-016723,2,PROD-034,2,9.01,17.03
ORD-2024-016724,1,PROD-033,1,52.11,51.32
ORD-2024-016725,1,PROD-004,2,20.28,34.28
ORD-2024-016725,2,PROD-034,1,9.01,7.44
ORD-2024-016725,3,PROD-026,2,14.65,26.55
ORD-2024-016726,1,PROD-039,1,8.17,5.6
ORD-2024-016727,1,PROD-004,1,20.28,19.04
ORD-2024-016728,1,PROD-032,2,19.72,27.87
ORD-2024-016729,1,PROD-024,1,8.73,7.68
ORD-2024-016729,2,PROD-056,1,101.41,95.38
ORD-2024-016730,1,PROD-004,1,20.28,18.18
ORD-2024-016731,1,PROD-003,2,14.37,26.71
ORD-2024-016732,1,PROD-004,1,20.28,17.78
ORD-2024-016733,1,PROD-002,2,11.9,22.6
ORD-2024-016734,1,PROD-030,1,49.3,48.5
ORD-2024-016734,2,PROD-005,1,20.28,20.21
ORD-2024-016735,1,PROD-004,1,20.28,20.08
ORD-2024-016735,2,PROD-001,2,12.9,22.03
ORD-2024-016736,1,PROD-020,1,10.14,8.51
ORD-2024-016736,2,PROD-036,1,11.55,10.39
ORD-2024-016737,1,PROD-039,1,8.17,5.63
ORD-2024-016737,2,PROD-019,1,29.58,28.57
ORD-2024-016738,1,PROD-010,1,38.03,30.1
ORD-2024-016738,2,PROD-005,1,20.28,18.73
ORD-2024-016738,3,PROD-041,1,11.83,10.37
ORD-2024-016738,4,PROD-004,2,20.28,36.79
ORD-2024-016738,5,PROD-039,2,8.17,15.1
ORD-2024-016739,1,PROD-012,1,18.5,15.53
ORD-2024-016739,2,PROD-005,1,20.28,14.97
ORD-2024-016739,3,PROD-002,1,11.9,10.68
ORD-2024-016740,1,PROD-001,3,12.9,36.77
ORD-2024-016741,1,PROD-016,1,8.9,8.19
ORD-2024-016741,2,PROD-038,1,7.89,7.72
ORD-2024-016741,3,PROD-002,2,11.9,22.5
ORD-2024-016742,1,PROD-027,1,21.13,10.76
ORD-2024-016742,2,PROD-030,1,49.3,26.1
ORD-2024-016742,3,PROD-023,2,7.89,12.32
ORD-2024-016743,1,PROD-001,3,12.9,35.99
ORD-2024-016743,2,PROD-035,2,10.14,15.21
ORD-2024-016743,3,PROD-008,2,9.9,16.44
ORD-2024-016744,1,PROD-015,1,26.76,26.54
ORD-2024-016745,1,PROD-002,2,11.9,20.02
ORD-2024-016745,2,PROD-006,1,32.39,29.16
ORD-2024-016745,3,PROD-041,2,11.83,22.03
ORD-2024-016746,1,PROD-007,1,17.18,16.73
ORD-2024-016746,2,PROD-041,2,11.83,23.31
ORD-2024-016747,1,PROD-034,1,9.01,8.19
ORD-2024-016748,1,PROD-035,1,10.14,9.57
ORD-2024-016749,1,PROD-005,1,20.28,18.45
ORD-2024-016750,1,PROD-045,1,72.68,70.01
ORD-2024-016751,1,PROD-002,1,11.9,11.43
ORD-2024-016752,1,PROD-001,1,12.9,11.98
ORD-2024-016752,2,PROD-036,1,11.55,10.02
ORD-2024-016752,3,PROD-035,1,10.14,6.87
ORD-2024-016753,1,PROD-001,2,12.9,21.89
ORD-2024-016753,2,PROD-035,1,10.14,9.35
ORD-2024-016753,3,PROD-021,2,15.49,27.3
ORD-2024-016754,1,PROD-033,1,52.11,45.43
ORD-2024-016755,1,PROD-044,1,40.85,33.21
ORD-2024-016756,1,PROD-006,2,32.39,57.78
ORD-2024-016756,2,PROD-015,1,26.76,26.27
ORD-2024-016757,1,PROD-027,1,21.13,15.93
ORD-2024-016757,2,PROD-039,1,8.17,6.05
ORD-2024-016758,1,PROD-021,2,15.49,30.36
ORD-2024-016759,1,PROD-001,3,12.9,34.32
ORD-2024-016759,2,PROD-004,1,20.28,17.75
ORD-2024-016760,1,PROD-002,2,11.9,22.79
ORD-2024-016761,1,PROD-007,1,17.18,14.89
ORD-2024-016762,1,PROD-045,1,72.68,63.74
ORD-2024-016763,1,PROD-041,1,11.83,11.64
ORD-2024-016764,1,PROD-015,1,26.76,24.22
ORD-2024-016764,2,PROD-032,1,19.72,17.64
ORD-2024-016764,3,PROD-003,1,14.37,12.27
ORD-2024-016764,4,PROD-044,1,40.85,37.66
ORD-2024-016764,5,PROD-029,1,24.79,23.29
ORD-2024-016765,1,PROD-005,3,20.28,59.1
ORD-2024-016765,2,PROD-034,3,9.01,25.33
ORD-2024-016766,1,PROD-022,1,9.01,8.7
ORD-2024-016767,1,PROD-041,1,11.83,11.54
ORD-2024-016767,2,PROD-006,1,32.39,28.77
ORD-2024-016768,1,PROD-026,1,14.65,14.36
ORD-2024-016769,1,PROD-010,2,38.03,68.58
ORD-2024-016769,2,PROD-012,3,18.5,52.44
ORD-2024-016770,1,PROD-004,1,20.28,19.7
ORD-2024-016770,2,PROD-028,1,17.18,14.69
ORD-2024-016771,1,PROD-023,1,7.89,6.48
ORD-2024-016772,1,PROD-002,2,11.9,23.1
ORD-2024-016773,1,PROD-013,1,11.9,9.56
ORD-2024-016773,2,PROD-052,1,46.48,40.41
ORD-2024-016774,1,PROD-002,2,11.9,22.85
ORD-2024-016774,2,PROD-006,1,32.39,31.59
ORD-2024-016775,1,PROD-017,1,12.5,5.67
ORD-2024-016775,2,PROD-024,2,8.73,16.37
ORD-2024-016775,3,PROD-011,3,14.9,38.21
ORD-2024-016776,1,PROD-015,1,26.76,22.28
ORD-2024-016777,1,PROD-011,1,14.9,11.05
ORD-2024-016778,1,PROD-005,3,20.28,53.98
ORD-2024-016778,2,PROD-029,1,24.79,22.7
ORD-2024-016778,3,PROD-008,1,9.9,9.56
ORD-2024-016778,4,PROD-010,2,38.03,69.67
ORD-2024-016778,5,PROD-036,1,11.55,10.62
ORD-2024-016779,1,PROD-030,2,49.3,70.73
ORD-2024-016780,1,PROD-044,1,40.85,35.82
ORD-2024-016781,1,PROD-001,1,12.9,11.8
ORD-2024-016781,2,PROD-019,2,29.58,50.95
ORD-2024-016782,1,PROD-010,1,38.03,36.61
ORD-2024-016783,1,PROD-003,3,14.37,41.94
ORD-2024-016784,1,PROD-016,1,8.9,8.48
ORD-2024-016785,1,PROD-021,2,15.49,28.51
ORD-2024-016786,1,PROD-001,1,12.9,12.41
ORD-2024-016786,2,PROD-041,2,11.83,23.44
ORD-2024-016787,1,PROD-040,2,15.21,28.51
ORD-2024-016788,1,PROD-007,2,17.18,29.57
ORD-2024-016789,1,PROD-040,1,15.21,14.69
ORD-2024-016789,2,PROD-008,2,9.9,14.82
ORD-2024-016789,3,PROD-046,1,259.15,181.35
ORD-2024-016790,1,PROD-004,1,20.28,19.88
ORD-2024-016790,2,PROD-015,1,26.76,19.31
ORD-2024-016791,1,PROD-004,1,20.28,15.82
ORD-2024-016792,1,PROD-004,3,20.28,56.26
ORD-2024-016792,2,PROD-003,2,14.37,28.13
ORD-2024-016792,3,PROD-047,1,108.45,106.17
ORD-2024-016793,1,PROD-045,1,72.68,64.0
ORD-2024-016794,1,PROD-002,1,11.9,10.63
ORD-2024-016795,1,PROD-049,1,80.28,78.14
ORD-2024-016795,2,PROD-036,3,11.55,32.44
ORD-2024-016796,1,PROD-007,1,17.18,15.48
ORD-2024-016797,1,PROD-042,1,73.24,59.02
ORD-2024-016798,1,PROD-037,4,9.86,31.6
ORD-2024-016798,2,PROD-005,1,20.28,19.59
ORD-2024-016798,3,PROD-002,2,11.9,19.64
ORD-2024-016798,4,PROD-041,1,11.83,10.55
ORD-2024-016799,1,PROD-006,1,32.39,30.2
ORD-2024-016800,1,PROD-005,1,20.28,13.67
ORD-2024-016800,2,PROD-053,1,53.52,45.21
ORD-2024-016801,1,PROD-012,1,18.5,18.02
ORD-2024-016801,2,PROD-005,1,20.28,16.34
ORD-2024-016801,3,PROD-039,1,8.17,5.84
ORD-2024-016802,1,PROD-002,1,11.9,11.66
ORD-2024-016803,1,PROD-005,1,20.28,17.69
ORD-2024-016803,2,PROD-014,1,9.9,7.58
ORD-2024-016803,3,PROD-010,2,38.03,67.97
ORD-2024-016804,1,PROD-048,1,55.77,53.2
ORD-2024-016804,2,PROD-007,1,17.18,16.77
ORD-2024-016805,1,PROD-006,2,32.39,45.95
ORD-2024-016806,1,PROD-050,1,61.97,58.34
ORD-2024-016806,2,PROD-002,2,11.9,23.07
ORD-2024-016807,1,PROD-033,1,52.11,50.77
ORD-2024-016807,2,PROD-017,2,12.5,24.79
ORD-2024-016807,3,PROD-006,2,32.39,62.1
ORD-2024-016807,4,PROD-027,1,21.13,20.42
ORD-2024-016808,1,PROD-001,1,12.9,11.31
ORD-2024-016809,1,PROD-006,1,32.39,27.75
ORD-2024-016810,1,PROD-039,1,8.17,8.07
ORD-2024-016811,1,PROD-001,1,12.9,12.72
ORD-2024-016811,2,PROD-027,1,21.13,20.29
ORD-2024-016812,1,PROD-019,1,29.58,27.1
ORD-2024-016812,2,PROD-039,2,8.17,14.55
ORD-2024-016812,3,PROD-041,3,11.83,32.9
ORD-2024-016813,1,PROD-026,1,14.65,11.01
ORD-2024-016813,2,PROD-032,1,19.72,15.18
ORD-2024-016813,3,PROD-039,2,8.17,10.79
ORD-2024-016814,1,PROD-003,1,14.37,12.96
ORD-2024-016815,1,PROD-005,2,20.28,39.74
ORD-2024-016815,2,PROD-006,3,32.39,94.01
ORD-2024-016815,3,PROD-056,1,101.41,97.12
ORD-2024-016816,1,PROD-032,1,19.72,16.85
ORD-2024-016817,1,PROD-036,2,11.55,17.96
ORD-2024-016818,1,PROD-006,2,32.39,62.45
ORD-2024-016818,2,PROD-004,1,20.28,19.7
ORD-2024-016819,1,PROD-006,1,32.39,29.26
ORD-2024-016819,2,PROD-027,2,21.13,37.56
ORD-2024-016819,3,PROD-037,3,9.86,26.96
ORD-2024-016819,4,PROD-017,1,12.5,9.57
ORD-2024-016819,5,PROD-023,2,7.89,14.4
ORD-2024-016820,1,PROD-032,1,19.72,17.55
ORD-2024-016820,2,PROD-002,3,11.9,30.48
ORD-2024-016821,1,PROD-001,1,12.9,6.1
ORD-2024-016822,1,PROD-035,3,10.14,28.06
ORD-2024-016822,2,PROD-034,2,9.01,17.68
ORD-2024-016823,1,PROD-041,1,11.83,11.41
ORD-2024-016823,2,PROD-004,1,20.28,19.27
ORD-2024-016824,1,PROD-006,2,32.39,61.42
ORD-2024-016825,1,PROD-007,1,17.18,14.77
ORD-2024-016825,2,PROD-008,1,9.9,9.44
ORD-2024-016826,1,PROD-004,2,20.28,28.24
ORD-2024-016826,2,PROD-001,2,12.9,19.31
ORD-2024-016827,1,PROD-042,1,73.24,70.01
ORD-2024-016828,1,PROD-010,2,38.03,34.23
ORD-2024-016829,1,PROD-053,1,53.52,44.38
ORD-2024-016830,1,PROD-023,2,7.89,14.05
ORD-2024-016831,1,PROD-005,1,20.28,19.12
ORD-2024-016831,2,PROD-042,2,73.24,135.32
ORD-2024-016831,3,PROD-001,2,12.9,20.92
ORD-2024-016832,1,PROD-035,3,10.14,28.37
ORD-2024-016832,2,PROD-004,1,20.28,19.46
ORD-2024-016832,3,PROD-002,1,11.9,11.01
ORD-2024-016833,1,PROD-004,1,20.28,19.38
ORD-2024-016834,1,PROD-010,1,38.03,34.66
ORD-2024-016834,2,PROD-040,1,15.21,12.74
ORD-2024-016835,1,PROD-035,2,10.14,15.89
ORD-2024-016836,1,PROD-004,2,20.28,40.26
ORD-2024-016837,1,PROD-004,3,20.28,58.94
ORD-2024-016837,2,PROD-019,1,29.58,28.03
ORD-2024-016838,1,PROD-037,1,9.86,8.67
ORD-2024-016838,2,PROD-006,2,32.39,59.03
ORD-2024-016838,3,PROD-004,2,20.28,38.73
ORD-2024-016839,1,PROD-027,1,21.13,15.73
ORD-2024-016839,2,PROD-010,2,38.03,73.66
ORD-2024-016840,1,PROD-006,1,32.39,22.81
ORD-2024-016840,2,PROD-002,2,11.9,15.06
ORD-2024-016840,3,PROD-003,1,14.37,7.74
ORD-2024-016841,1,PROD-039,1,8.17,6.92
ORD-2024-016842,1,PROD-017,3,12.5,33.97
ORD-2024-016843,1,PROD-007,1,17.18,17.12
ORD-2024-016844,1,PROD-004,1,20.28,19.18
ORD-2024-016845,1,PROD-005,2,20.28,39.61
ORD-2024-016846,1,PROD-002,2,11.9,11.22
ORD-2024-016846,2,PROD-001,1,12.9,12.05
ORD-2024-016847,1,PROD-005,1,20.28,19.27
ORD-2024-016848,1,PROD-032,1,19.72,18.97
ORD-2024-016848,2,PROD-002,1,11.9,11.74
ORD-2024-016849,1,PROD-001,1,12.9,12.63
ORD-2024-016850,1,PROD-010,1,38.03,33.82
ORD-2024-016851,1,PROD-001,2,12.9,24.92
ORD-2024-016852,1,PROD-005,2,20.28,31.45
ORD-2024-016852,2,PROD-040,4,15.21,50.56
ORD-2024-016852,3,PROD-001,1,12.9,10.23
ORD-2024-016853,1,PROD-008,1,9.9,9.21
ORD-2024-016853,2,PROD-006,1,32.39,25.56
ORD-2024-016854,1,PROD-014,1,9.9,8.71
ORD-2024-016854,2,PROD-003,2,14.37,26.47
ORD-2024-016855,1,PROD-028,2,17.18,15.46
ORD-2024-016856,1,PROD-001,1,12.9,11.91
ORD-2024-016857,1,PROD-033,1,52.11,44.9
ORD-2024-016858,1,PROD-001,2,12.9,25.41
ORD-2024-016859,1,PROD-003,1,14.37,13.7
ORD-2024-016860,1,PROD-019,2,29.58,48.59
ORD-2024-016861,1,PROD-034,4,9.01,25.36
ORD-2024-016861,2,PROD-007,1,17.18,15.37
ORD-2024-016862,1,PROD-041,3,11.83,30.36
ORD-2024-016863,1,PROD-001,2,12.9,25.31
ORD-2024-016863,2,PROD-021,1,15.49,15.25
ORD-2024-016863,3,PROD-040,3,15.21,43.16
ORD-2024-016864,1,PROD-010,2,38.03,63.73
ORD-2024-016865,1,PROD-003,1,14.37,13.3
ORD-2024-016865,2,PROD-006,1,32.39,31.5
ORD-2024-016866,1,PROD-021,1,15.49,13.08
ORD-2024-016867,1,PROD-037,3,9.86,28.67
ORD-2024-016867,2,PROD-039,1,8.17,7.5
ORD-2024-016868,1,PROD-024,1,8.73,8.27
ORD-2024-016869,1,PROD-007,2,17.18,29.38
ORD-2024-016870,1,PROD-008,2,9.9,18.87
ORD-2024-016871,1,PROD-010,3,38.03,101.62
ORD-2024-016872,1,PROD-003,2,14.37,22.97
ORD-2024-016873,1,PROD-004,3,20.28,53.34
ORD-2024-016874,1,PROD-007,1,17.18,14.52
ORD-2024-016875,1,PROD-004,1,20.28,18.04
ORD-2024-016875,2,PROD-029,1,24.79,12.97
ORD-2024-016875,3,PROD-034,2,9.01,16.57
ORD-2024-016876,1,PROD-008,2,9.9,19.65
ORD-2024-016876,2,PROD-005,2,20.28,38.34
ORD-2024-016877,1,PROD-005,1,20.28,18.28
ORD-2024-016877,2,PROD-015,1,26.76,22.79
ORD-2024-016877,3,PROD-041,2,11.83,22.29
ORD-2024-016878,1,PROD-004,1,20.28,20.02
ORD-2024-016879,1,PROD-038,3,7.89,18.61
ORD-2024-016880,1,PROD-035,1,10.14,9.62
ORD-2024-016880,2,PROD-002,2,11.9,23.11
ORD-2024-016880,3,PROD-005,3,20.28,57.52
ORD-2024-016880,4,PROD-032,1,19.72,18.6
ORD-2024-016881,1,PROD-004,2,20.28,36.12
ORD-2024-016882,1,PROD-031,2,53.52,100.35
ORD-2024-016882,2,PROD-007,1,17.18,15.01
ORD-2024-016883,1,PROD-035,1,10.14,9.16
ORD-2024-016884,1,PROD-003,1,14.37,10.97
ORD-2024-016885,1,PROD-007,2,17.18,32.6
ORD-2024-016885,2,PROD-004,1,20.28,18.58
ORD-2024-016885,3,PROD-001,2,12.9,21.89
ORD-2024-016886,1,PROD-001,1,12.9,12.38
ORD-2024-016886,2,PROD-023,1,7.89,7.84
ORD-2024-016887,1,PROD-006,1,32.39,30.29
ORD-2024-016888,1,PROD-001,1,12.9,12.36
ORD-2024-016888,2,PROD-003,1,14.37,12.86
ORD-2024-016889,1,PROD-005,1,20.28,19.16
ORD-2024-016890,1,PROD-003,2,14.37,26.19
ORD-2024-016891,1,PROD-029,1,24.79,23.82
ORD-2024-016891,2,PROD-012,3,18.5,55.18
ORD-2024-016892,1,PROD-007,1,17.18,12.91
ORD-2024-016892,2,PROD-004,3,20.28,53.87
ORD-2024-016892,3,PROD-001,1,12.9,8.64
ORD-2024-016893,1,PROD-003,1,14.37,11.83
ORD-2024-016893,2,PROD-047,1,108.45,105.16
ORD-2024-016893,3,PROD-001,2,12.9,11.61
ORD-2024-016894,1,PROD-008,1,9.9,9.05
ORD-2024-016895,1,PROD-003,1,14.37,10.52
ORD-2024-016896,1,PROD-001,1,12.9,12.45
ORD-2024-016897,1,PROD-027,1,21.13,13.48
ORD-2024-016898,1,PROD-033,1,52.11,49.7
ORD-2024-016898,2,PROD-032,3,19.72,53.65
ORD-2024-016899,1,PROD-034,1,9.01,5.73
ORD-2024-016899,2,PROD-006,1,32.39,28.38
ORD-2024-016900,1,PROD-003,1,14.37,13.26
ORD-2024-016900,2,PROD-002,1,11.9,11.75
ORD-2024-016900,3,PROD-033,3,52.11,150.05
ORD-2024-016901,1,PROD-001,2,12.9,23.54
ORD-2024-016902,1,PROD-014,1,9.9,9.14
ORD-2024-016902,2,PROD-034,3,9.01,24.7
ORD-2024-016903,1,PROD-004,1,20.28,19.75
ORD-2024-016904,1,PROD-002,1,11.9,10.24
ORD-2024-016905,1,PROD-029,1,24.79,24.73
ORD-2024-016906,1,PROD-036,4,11.55,45.3
ORD-2024-016907,1,PROD-036,3,11.55,28.43
ORD-2024-016908,1,PROD-002,1,11.9,9.67
ORD-2024-016909,1,PROD-005,2,20.28,38.87
ORD-2024-016910,1,PROD-029,1,24.79,24.51
ORD-2024-016910,2,PROD-004,3,20.28,55.09
ORD-2024-016911,1,PROD-003,2,14.37,24.52
ORD-2024-016912,1,PROD-004,1,20.28,19.94
ORD-2024-016913,1,PROD-001,1,12.9,12.5
ORD-2024-016913,2,PROD-006,2,32.39,58.31
ORD-2024-016914,1,PROD-008,1,9.9,9.42
ORD-2024-016915,1,PROD-004,2,20.28,34.05
ORD-2024-016915,2,PROD-035,3,10.14,24.9
ORD-2024-016915,3,PROD-015,2,26.76,44.65
ORD-2024-016916,1,PROD-002,2,11.9,23.62
ORD-2024-016916,2,PROD-038,1,7.89,7.83
ORD-2024-016917,1,PROD-001,1,12.9,12.41
ORD-2024-016917,2,PROD-034,2,9.01,17.87
ORD-2024-016917,3,PROD-041,3,11.83,34.06
ORD-2024-016917,4,PROD-006,2,32.39,63.48
ORD-2024-016918,1,PROD-010,3,38.03,91.8
ORD-2024-016919,1,PROD-026,1,14.65,14.32
ORD-2024-016919,2,PROD-027,1,21.13,18.62
ORD-2024-016920,1,PROD-041,3,11.83,24.15
ORD-2024-016920,2,PROD-006,1,32.39,31.19
ORD-2024-016921,1,PROD-022,1,9.01,7.44
ORD-2024-016922,1,PROD-022,1,9.01,8.5
ORD-2024-016923,1,PROD-003,2,14.37,21.46
ORD-2024-016923,2,PROD-007,3,17.18,44.56
ORD-2024-016923,3,PROD-012,2,18.5,32.76
ORD-2024-016923,4,PROD-041,3,11.83,29.74
ORD-2024-016923,5,PROD-017,1,12.5,10.47
ORD-2024-016924,1,PROD-025,2,21.97,42.75
ORD-2024-016924,2,PROD-004,1,20.28,17.01
ORD-2024-016924,3,PROD-049,2,80.28,135.75
ORD-2024-016925,1,PROD-003,3,14.37,38.29
ORD-2024-016925,2,PROD-040,1,15.21,14.05
ORD-2024-016925,3,PROD-004,2,20.28,28.27
ORD-2024-016926,1,PROD-001,1,12.9,11.72
ORD-2024-016926,2,PROD-017,2,12.5,22.63
ORD-2024-016927,1,PROD-038,1,7.89,7.08
ORD-2024-016928,1,PROD-024,1,8.73,8.41
ORD-2024-016929,1,PROD-040,1,15.21,14.2
ORD-2024-016929,2,PROD-034,1,9.01,7.34
ORD-2024-016930,1,PROD-001,2,12.9,24.96
ORD-2024-016931,1,PROD-035,3,10.14,30.17
ORD-2024-016931,2,PROD-036,1,11.55,11.49
ORD-2024-016932,1,PROD-031,1,53.52,48.98
ORD-2024-016933,1,PROD-002,1,11.9,11.26
ORD-2024-016933,2,PROD-034,1,9.01,8.77
ORD-2024-016934,1,PROD-020,2,10.14,19.49
ORD-2024-016935,1,PROD-005,1,20.28,19.87
ORD-2024-016936,1,PROD-004,1,20.28,17.59
ORD-2024-016936,2,PROD-034,2,9.01,13.73
ORD-2024-016937,1,PROD-006,1,32.39,30.38
ORD-2024-016938,1,PROD-002,1,11.9,10.34
ORD-2024-016939,1,PROD-033,2,52.11,103.45
ORD-2024-016940,1,PROD-022,2,9.01,14.83
ORD-2024-016941,1,PROD-024,1,8.73,7.58
ORD-2024-016942,1,PROD-001,2,12.9,23.04
ORD-2024-016942,2,PROD-038,1,7.89,7.86
ORD-2024-016943,1,PROD-005,1,20.28,18.95
ORD-2024-016943,2,PROD-032,1,19.72,19.02
ORD-2024-016944,1,PROD-007,2,17.18,31.26
ORD-2024-016945,1,PROD-038,2,7.89,7.1
ORD-2024-016946,1,PROD-020,1,10.14,9.3
ORD-2024-016946,2,PROD-034,1,9.01,8.84
ORD-2024-016947,1,PROD-017,2,12.5,23.47
ORD-2024-016948,1,PROD-007,1,17.18,16.84
ORD-2024-016948,2,PROD-004,2,20.28,39.8
ORD-2024-016949,1,PROD-001,1,12.9,11.72
ORD-2024-016950,1,PROD-053,1,53.52,51.0
ORD-2024-016950,2,PROD-001,1,12.9,11.6
ORD-2024-016950,3,PROD-006,1,32.39,32.14
ORD-2024-016951,1,PROD-034,2,9.01,17.61
ORD-2024-016951,2,PROD-005,1,20.28,12.87
ORD-2024-016952,1,PROD-017,1,12.5,9.75
ORD-2024-016952,2,PROD-011,2,14.9,27.07
ORD-2024-016953,1,PROD-001,1,12.9,11.99
ORD-2024-016953,2,PROD-006,2,32.39,60.52
ORD-2024-016953,3,PROD-035,1,10.14,9.02
ORD-2024-016954,1,PROD-010,1,38.03,33.69
ORD-2024-016955,1,PROD-034,1,9.01,5.71
ORD-2024-016956,1,PROD-001,2,12.9,16.95
ORD-2024-016957,1,PROD-003,1,14.37,14.03
ORD-2024-016958,1,PROD-054,1,59.15,55.62
ORD-2024-016959,1,PROD-001,1,12.9,12.83
ORD-2024-016959,2,PROD-016,1,8.9,7.99
ORD-2024-016959,3,PROD-044,1,40.85,38.71
ORD-2024-016960,1,PROD-021,2,15.49,22.58
ORD-2024-016961,1,PROD-007,1,17.18,14.56
ORD-2024-016961,2,PROD-037,1,9.86,7.86
ORD-2024-016962,1,PROD-003,1,14.37,12.72
ORD-2024-016962,2,PROD-042,1,73.24,63.69
ORD-2024-016962,3,PROD-034,2,9.01,14.61
ORD-2024-016963,1,PROD-014,1,9.9,9.7
ORD-2024-016964,1,PROD-008,1,9.9,7.86
ORD-2024-016964,2,PROD-033,3,52.11,0.0
ORD-2024-016964,3,PROD-004,1,20.28,18.94
ORD-2024-016965,1,PROD-005,2,20.28,36.72
ORD-2024-016965,2,PROD-027,2,21.13,34.47
ORD-2024-016965,3,PROD-034,2,9.01,15.51
ORD-2024-016965,4,PROD-006,3,32.39,82.43
ORD-2024-016966,1,PROD-002,1,11.9,10.93
ORD-2024-016967,1,PROD-027,1,21.13,11.65
ORD-2024-016967,2,PROD-024,1,8.73,6.65
ORD-2024-016968,1,PROD-039,1,8.17,4.65
ORD-2024-016969,1,PROD-004,3,20.28,59.6
ORD-2024-016970,1,PROD-024,1,8.73,8.22
ORD-2024-016970,2,PROD-038,1,7.89,6.35
ORD-2024-016971,1,PROD-028,1,17.18,12.32
ORD-2024-016972,1,PROD-025,2,21.97,42.35
ORD-2024-016973,1,PROD-024,1,8.73,7.28
ORD-2024-016974,1,PROD-024,2,8.73,13.39
ORD-2024-016974,2,PROD-028,2,17.18,24.81
ORD-2024-016974,3,PROD-006,1,32.39,19.1
ORD-2024-016975,1,PROD-004,1,20.28,20.01
ORD-2024-016976,1,PROD-001,1,12.9,12.57
ORD-2024-016976,2,PROD-002,1,11.9,11.5
ORD-2024-016976,3,PROD-035,2,10.14,19.7
ORD-2024-016976,4,PROD-034,2,9.01,16.69
ORD-2024-016977,1,PROD-044,1,40.85,33.82
ORD-2024-016978,1,PROD-005,1,20.28,17.75
ORD-2024-016979,1,PROD-031,1,53.52,48.22
ORD-2024-016980,1,PROD-003,1,14.37,13.9
ORD-2024-016981,1,PROD-051,1,36.06,30.54
ORD-2024-016982,1,PROD-001,1,12.9,12.21
ORD-2024-016983,1,PROD-005,1,20.28,19.6
ORD-2024-016984,1,PROD-003,2,14.37,27.21
ORD-2024-016985,1,PROD-028,1,17.18,15.89
ORD-2024-016985,2,PROD-002,2,11.9,17.16
ORD-2024-016985,3,PROD-005,1,20.28,18.66
ORD-2024-016986,1,PROD-060,1,42.25,40.15
ORD-2024-016987,1,PROD-001,1,12.9,10.93
ORD-2024-016987,2,PROD-024,1,8.73,8.16
