OrderID,LineNumber,ProductID,Quantity,UnitPrice,LineNetAmount
ORD-2025-030396,1,PROD-004,2,20.28,38.77
ORD-2025-030396,2,PROD-001,1,12.9,12.37
ORD-2025-030396,3,PROD-019,1,29.58,27.91
ORD-2025-030397,1,PROD-016,1,8.9,
ORD-2025-030398,1,PROD-002,1,11.9,11.4
ORD-2025-030398,2,PROD-017,3,12.5,35.76
ORD-2025-030399,1,PROD-026,2,14.65,28.03
ORD-2025-030400,1,PROD-007,3,17.18,28.0
ORD-2025-030401,1,PROD-004,2,20.28,37.35
ORD-2025-030401,2,PROD-002,3,11.9,33.18
ORD-2025-030401,3,PROD-041,1,11.83,10.25
ORD-2025-030402,1,PROD-006,1,32.39,25.75
ORD-2025-030403,1,PROD-026,1,14.65,12.43
ORD-2025-030404,1,PROD-022,2,9.01,16.99
 ORD-2025-030405 ,1,PROD-007,1,17.18,16.8
ORD-2025-030406,1,PROD-008,1,9.9,9.34
ORD-2025-030407,1,PROD-001,1,12.9,11.2
ORD-2025-030408,1,PROD-007,1,17.18,15.53
ORD-2025-030408,2,PROD-004,1,20.28,19.16
ORD-2025-030409,1,PROD-006,1,32.39,14.58
ORD-2025-030410,1,PROD-049,1,80.28,72.62
ORD-2025-030411,1,PROD-015,1,26.76,26.04
ORD-2025-030411,2,PROD-010,1,38.03,37.9
ORD-2025-030411,3,PROD-019,1,29.58,29.24
ORD-2025-030411,4,PROD-008,2,9.9,19.01
ORD-2025-030412,1,PROD-038,1,7.89,7.26
ORD-2025-030413,1,PROD-004,3,20.28,44.67
ORD-2025-030414,1,PROD-024,1,8.73,7.52
ORD-2025-030414,2,PROD-027,1,21.13,17.89
ORD-2025-030415,1,PROD-026,2,14.65,25.23
ORD-2025-030416,1,PROD-016,1,8.9,7.72
ORD-2025-030416,2,PROD-034,1,9.01,6.83
ORD-2025-030417,1,PROD-035,3,10.14,29.36
ORD-2025-030417,2,PROD-020,1,10.14,8.22
ORD-2025-030417,3,PROD-030,2,49.3,93.74
ORD-2025-030418,1,PROD-006,1,32.39,15.11
ORD-2025-030418,2,PROD-004,2,20.28,26.24
ORD-2025-030419,1,PROD-005,1,20.28,17.59
ORD-2025-030420,1,PROD-050,1,61.97,58.85
ORD-2025-030421,1,PROD-041,1,11.83,5.57
ORD-2025-030422,1,PROD-054,1,59.15,46.01
ORD-2025-030423,1,PROD-026,1,14.65,12.84
ORD-2025-030423,2,PROD-032,2,19.72,36.05
ORD-2025-030424,1,PROD-010,2,38.03,72.71
ORD-2025-030425,1,PROD-004,1,20.28,17.44
ORD-2025-030425,2,PROD-041,1,11.83,11.22
ORD-2025-030425,3,PROD-001,1,12.9,11.42
ORD-2025-030426,1,PROD-053,1,53.52,52.2
ORD-2025-030427,1,PROD-027,1,21.13,19.33
ORD-2025-030427,2,PROD-028,1,17.18,7.73
ORD-2025-030428,1,PROD-031,2,53.52,89.06
ORD-2025-030428,2,PROD-002,1,11.9,11.08
ORD-2025-030429,1,PROD-005,1,20.28,18.01
ORD-2025-030430,1,PROD-005,1,20.28,17.35
ORD-2025-030431,1,PROD-054,1,59.15,26.62
ORD-2025-030432,1,PROD-008,1,9.9,7.93
ORD-2025-030433,1,PROD-038,2,7.89,14.97
ORD-2025-030434,1,PROD-006,2,32.39,63.77
ORD-2025-030435,1,PROD-029,2,24.79,34.11
ORD-2025-030435,2,PROD-007,1,17.18,15.13
ORD-2025-030436,1,PROD-002,1,11.9,10.41
ORD-2025-030436,2,PROD-031,2,53.52,101.56
ORD-2025-030436,3,PROD-040,4,15.21,41.84
ORD-2025-030437,1,PROD-029,2,24.79,22.31
ORD-2025-030438,1,PROD-026,1,14.65,6.59
ORD-2025-030439,1,PROD-023,1,7.89,5.31
ORD-2025-030439,2,PROD-005,2,20.28,33.22
ORD-2025-030440,1,PROD-013,2,11.9,22.29
ORD-2025-030441,1,PROD-025,1,21.97,12.82
ORD-2025-030441,2,PROD-038,1,7.89,5.28
ORD-2025-030442,1,PROD-011,2,14.9,25.79
ORD-2025-030442,2,PROD-040,1,15.21,13.03
ORD-2025-030442,3,PROD-002,1,11.9,11.07
ORD-2025-030443,1,PROD-010,2,38.03,70.31
ORD-2025-030444,1,PROD-002,3,11.9,21.2
ORD-2025-030445,1,PROD-008,1,9.9,6.83
ORD-2025-030446,1,PROD-052,1,46.48,34.33
ORD-2025-030446,2,PROD-041,3,11.83,31.75
ORD-2025-030447,1,PROD-001,1,12.9,10.47
ORD-2025-030448,1,PROD-053,1,53.52,39.51
ORD-2025-030448,2,PROD-023,1,7.89,7.53
ORD-2025-030449,1,PROD-021,1,15.49,13.3
ORD-2025-030450,1,PROD-001,1,12.9,6.24
ORD-2025-030450,2,PROD-041,1,11.83,8.82
ORD-2025-030451,1,PROD-012,1,18.5,16.55
ORD-2025-030452,1,PROD-041,1,11.83,10.53
ORD-2025-030452,2,PROD-008,1,9.9,9.35
ORD-2025-030453,1,PROD-030,1,49.3,43.72
ORD-2025-030454,1,PROD-029,2,24.79,49.32
ORD-2025-030455,1,PROD-031,1,53.52,30.9
ORD-2025-030455,2,PROD-026,1,14.65,9.22
ORD-2025-030456,1,PROD-026,1,14.65,11.63
ORD-2025-030456,2,PROD-027,2,21.13,28.44
ORD-2025-030456,3,PROD-020,2,10.14,9.13
ORD-2025-030457,1,PROD-012,1,18.5,11.64
ORD-2025-030458,1,PROD-041,2,11.83,17.17
ORD-2025-030459,1,PROD-041,1,11.83,9.25
ORD-2025-030459,2,PROD-028,1,17.18,12.2
ORD-2025-030460,1,PROD-021,2,15.49,23.61
ORD-2025-030461,1,PROD-004,2,20.28,34.12
ORD-2025-030462,1,PROD-008,3,9.9,24.87
ORD-2025-030463,1,PROD-004,1,20.28,14.16
ORD-2025-030464,1,PROD-041,2,11.83,19.19
ORD-2025-030465,1,PROD-060,1,42.25,22.97
ORD-2025-030466,1,PROD-003,1,14.37,12.9
ORD-2025-030466,2,PROD-041,2,11.83,22.94
ORD-2025-030466,3,PROD-032,1,19.72,15.76
ORD-2025-030466,4,PROD-005,2,20.28,39.7
ORD-2025-030467,1,PROD-028,1,17.18,13.91
ORD-2025-030468,1,PROD-004,2,20.28,39.68
ORD-2025-030469,1,PROD-006,1,32.39,30.99
ORD-2025-030470,1,PROD-005,1,20.28,19.03
ORD-2025-030471,1,PROD-040,1,15.21,14.38
ORD-2025-030471,2,PROD-034,1,9.01,8.05
ORD-2025-030472,1,PROD-002,2,11.9,18.17
ORD-2025-030472,2,PROD-001,3,12.9,17.41
ORD-2025-030472,3,PROD-041,1,11.83,10.5
ORD-2025-030473,1,PROD-005,2,20.28,28.87
ORD-2025-030474,1,PROD-008,1,9.9,9.45
ORD-2025-030475,1,PROD-003,2,14.37,-25.32
ORD-2025-030476,1,PROD-003,1,14.37,6.56
ORD-2025-030477,1,PROD-007,1,17.18,15.8
ORD-2025-030478,1,PROD-001,1,12.9,12.29
ORD-2025-030478,2,PROD-008,1,9.9,8.94
ORD-2025-030478,3,PROD-036,1,11.55,9.47
ORD-2025-030479,1,PROD-008,1,9.9,6.29
ORD-2025-030480,1,PROD-045,1,72.68,66.38
ORD-2025-030481,1,PROD-001,1,12.9,12.64
ORD-2025-030482,1,PROD-006,1,32.39,30.37
ORD-2025-030483,1,PROD-032,2,19.72,27.52
ORD-2025-030484,1,PROD-004,1,20.28,19.05
ORD-2025-030484,2,PROD-003,1,14.37,14.0
ORD-2025-030485,1,PROD-013,2,11.9,10.71
ORD-2025-030485,2,PROD-001,1,12.9,7.03
ORD-2025-030486,1,PROD-040,2,15.21,27.2
ORD-2025-030487,1,PROD-035,4,10.14,36.33
ORD-2025-030488,1,PROD-026,2,14.65,25.71
ORD-2025-030488,2,PROD-005,2,20.28,38.04
ORD-2025-030489,1,PROD-038,2,7.89,7.1
ORD-2025-030490,1,PROD-028,1,17.18,11.49
ORD-2025-030490,2,PROD-006,1,32.39,23.86
ORD-2025-030491,1,PROD-044,1,40.85,28.47
ORD-2025-030492,1,PROD-008,2,9.9,11.59
ORD-2025-030493,1,PROD-036,1,11.55,8.57
ORD-2025-030494,1,PROD-004,1,20.28,11.71
ORD-2025-030495,1,PROD-028,1,17.18,9.7
ORD-2025-030495,2,PROD-049,1,80.28,46.51
ORD-2025-030496,1,PROD-005,2,20.28,36.97
ORD-2025-030497,1,PROD-025,2,21.97,19.77
ORD-2025-030497,2,PROD-034,1,9.01,4.05
ORD-2025-030498,1,PROD-010,1,38.03,37.49
ORD-2025-030499,1,PROD-001,2,12.9,22.88
ORD-2025-030500,1,PROD-036,1,11.55,8.05
ORD-2025-030501,1,PROD-005,2,20.28,33.93
ORD-2025-030502,1,PROD-052,1,46.48,42.19
ORD-2025-030503,1,PROD-029,1,24.79,24.27
ORD-2025-030503,2,PROD-025,1,21.97,20.83
ORD-2025-030504,1,PROD-052,1,46.48,43.12
ORD-2025-030505,1,PROD-002,1,11.9,10.9
ORD-2025-030505,2,PROD-008,2,9.9,19.0
ORD-2025-030506,1,PROD-041,1,11.83,10.37
ORD-2025-030507,1,PROD-060,1,42.25,40.53
ORD-2025-030508,1,PROD-011,2,14.9,16.59
ORD-2025-030509,1,PROD-010,2,38.03,56.17
ORD-2025-030509,2,PROD-012,2,18.5,31.13
ORD-2025-030509,3,PROD-039,2,8.17,12.61
ORD-2025-030510,1,PROD-024,1,8.73,8.61
ORD-2025-030511,1,PROD-011,1,14.9,7.83
ORD-2025-030511,2,PROD-038,1,7.89,6.62
ORD-2025-030512,1,PROD-023,2,7.89,9.49
ORD-2025-030512,2,PROD-028,2,17.18,19.38
ORD-2025-030513,1,PROD-007,1,17.18,12.65
ORD-2025-030514,1,PROD-021,2,15.49,27.62
ORD-2025-030514,2,PROD-038,2,7.89,12.6
ORD-2025-030514,3,PROD-034,1,9.01,6.44
ORD-2025-030515,1,PROD-011,1,14.9,12.62
ORD-2025-030515,2,PROD-007,2,17.18,29.49
ORD-2025-030515,3,PROD-004,3,20.28,51.69
ORD-2025-030516,1,PROD-027,1,21.13,13.6
ORD-2025-030516,2,PROD-019,1,29.58,26.11
ORD-2025-030516,3,PROD-033,3,52.11,116.51
ORD-2025-030517,1,PROD-028,1,17.18,13.69
ORD-2025-030518,1,PROD-006,1,32.39,31.76
ORD-2025-030518,2,PROD-003,2,14.37,21.67
ORD-2025-030519,1,PROD-024,1,8.73,8.24
ORD-2025-030519,2,PROD-005,1,20.28,19.06
ORD-2025-030519,3,PROD-004,1,20.28,18.94
ORD-2025-030520,1,PROD-013,2,11.9,23.0
ORD-2025-030521,1,PROD-036,3,11.55,28.23
ORD-2025-030522,1,PROD-013,2,11.9,14.92
ORD-2025-030523,1,PROD-028,1,17.18,14.31
ORD-2025-030524,1,PROD-008,3,9.9,25.31
ORD-2025-030524,2,PROD-003,2,14.37,22.78
ORD-2025-030525,1,PROD-012,3,18.5,35.98
ORD-2025-030526,1,PROD-005,2,20.28,32.79
ORD-2025-030527,1,PROD-006,1,32.39,28.46
ORD-2025-030528,1,PROD-001,1,12.9,12.76
ORD-2025-030528,2,PROD-006,3,32.39,95.72
ORD-2025-030528,3,PROD-042,1,73.24,72.27
ORD-2025-030529,1,PROD-036,1,11.55,7.1
ORD-2025-030529,2,PROD-001,2,12.9,17.4
ORD-2025-030529,3,PROD-017,1,12.5,10.14
ORD-2025-030530,1,PROD-005,1,20.28,9.13
ORD-2025-030530,2,PROD-006,1,32.39,14.58
ORD-2025-030531,1,PROD-028,1,17.18,13.94
ORD-2025-030531,2,PROD-060,1,42.25,31.61
ORD-2025-030532,1,PROD-016,1,8.9,8.41
ORD-2025-030533,1,PROD-036,1,11.55,10.97
ORD-2025-030534,1,PROD-006,2,32.39,62.95
ORD-2025-030535,1,PROD-011,1,14.9,12.22
ORD-2025-030536,1,PROD-001,1,12.9,10.82
ORD-2025-030536,2,PROD-041,3,11.83,33.11
ORD-2025-030537,1,PROD-039,2,8.17,14.99
ORD-2025-030537,2,PROD-030,2,49.3,84.93
ORD-2025-030538,1,PROD-026,1,14.65,10.57
ORD-2025-030538,2,PROD-029,1,24.79,14.37
ORD-2025-030539,1,PROD-002,1,11.9,11.19
ORD-2025-030540,1,PROD-030,1,49.3,43.53
ORD-2025-030541,1,PROD-001,2,12.9,25.56
ORD-2025-030541,2,PROD-010,1,38.03,35.49
ORD-2025-030541,3,PROD-037,1,9.86,9.41
ORD-2025-030541,4,PROD-004,1,20.28,19.45
ORD-2025-030542,1,PROD-053,1,53.52,30.05
ORD-2025-030542,2,PROD-042,1,73.24,63.34
ORD-2025-030543,1,PROD-026,1,14.65,6.59
ORD-2025-030543,2,PROD-046,1,259.15,222.92
ORD-2025-030544,1,PROD-008,2,9.9,14.88
ORD-2025-030544,2,PROD-041,2,11.83,18.91
ORD-2025-030544,3,PROD-040,1,15.21,10.12
ORD-2025-030545,1,PROD-030,2,49.3,
ORD-2025-030545,2,PROD-027,2,21.13,37.12
ORD-2025-030546,1,PROD-004,1,20.28,13.71
ORD-2025-030546,2,PROD-019,1,29.58,24.17
ORD-2025-030547,1,PROD-005,1,20.28,9.13
ORD-2025-030547,2,PROD-037,1,9.86,4.44
ORD-2025-030548,1,PROD-005,1,20.28,18.43
ORD-2025-030549,1,PROD-056,1,101.41,66.13
ORD-2025-030550,1,PROD-040,2,15.21,27.24
ORD-2025-030550,2,PROD-023,1,7.89,7.21
ORD-2025-030551,1,PROD-041,1,11.83,9.72
ORD-2025-030551,2,PROD-015,2,26.76,42.33
ORD-2025-030552,1,PROD-036,1,11.55,9.05
ORD-2025-030552,2,PROD-020,2,10.14,9.13
ORD-2025-030553,1,PROD-023,2,7.89,11.56
ORD-2025-030553,2,PROD-026,1,14.65,10.9
ORD-2025-030554,1,PROD-034,1,9.01,7.68
ORD-2025-030554,2,PROD-016,1,8.9,6.06
ORD-2025-030555,1,PROD-002,1,11.9,10.83
ORD-2025-030556,1,PROD-016,2,8.9,15.77
ORD-2025-030556,2,PROD-037,2,9.86,10.57
ORD-2025-030557,1,PROD-001,1,12.9,8.05
ORD-2025-030558,1,PROD-050,1,61.97,46.32
ORD-2025-030559,1,PROD-039,3,8.17,21.25
ORD-2025-030559,2,PROD-040,2,15.21,15.77
ORD-2025-030560,1,PROD-002,2,11.9,10.71
ORD-2025-030560,2,PROD-034,1,9.01,8.67
ORD-2025-030561,1,PROD-034,1,9.01,7.35
ORD-2025-030562,1,PROD-035,2,10.14,19.16
ORD-2025-030562,2,PROD-004,1,20.28,19.4
ORD-2025-030562,3,PROD-002,2,11.9,23.14
ORD-2025-030562,4,PROD-027,2,21.13,41.57
ORD-2025-030562,5,PROD-040,1,15.21,14.51
ORD-2025-030563,1,PROD-036,1,11.55,7.19
ORD-2025-030564,1,PROD-002,1,11.9,10.6
ORD-2025-030565,1,PROD-004,1,20.28,16.71
ORD-2025-030566,1,PROD-005,1,20.28,18.89
ORD-2025-030567,1,PROD-006,1,32.39,20.95
ORD-2025-030568,1,PROD-026,1,14.65,13.68
ORD-2025-030568,2,PROD-039,1,8.17,6.64
ORD-2025-030569,1,PROD-010,3,38.03,109.01
ORD-2025-030569,2,PROD-041,2,11.83,23.04
ORD-2025-030570,1,PROD-026,2,14.65,24.21
ORD-2025-030571,1,PROD-023,2,7.89,11.13
ORD-2025-030571,2,PROD-022,2,9.01,8.11
ORD-2025-030572,1,PROD-008,1,9.9,8.26
ORD-2025-030573,1,PROD-014,3,9.9,27.38
ORD-2025-030573,2,PROD-033,2,52.11,86.78
ORD-2025-030574,1,PROD-006,3,32.39,72.73
ORD-2025-030575,1,PROD-003,1,14.37,12.16
ORD-2025-030576,1,PROD-010,1,38.03,37.32
ORD-2025-030576,2,PROD-005,2,20.28,37.99
ORD-2025-030577,1,PROD-005,1,20.28,20.08
ORD-2025-030578,1,PROD-034,3,9.01,20.55
ORD-2025-030578,2,PROD-053,1,53.52,49.14
ORD-2025-030579,1,PROD-010,1,38.03,30.07
ORD-2025-030580,1,PROD-008,2,9.9,19.24
ORD-2025-030581,1,PROD-020,1,10.14,9.69
ORD-2025-030581,2,PROD-044,1,40.85,38.31
ORD-2025-030582,1,PROD-016,1,8.9,8.13
ORD-2025-030583,1,PROD-001,1,12.9,10.47
ORD-2025-030583,2,PROD-034,2,9.01,9.71
ORD-2025-030583,3,PROD-035,2,10.14,10.89
ORD-2025-030584,1,PROD-029,1,24.79,23.56
ORD-2025-030584,2,PROD-004,1,20.28,18.83
ORD-2025-030585,1,PROD-005,1,20.28,19.09
ORD-2025-030586,1,PROD-004,1,20.28,19.79
ORD-2025-030587,1,PROD-038,2,7.89,13.96
ORD-2025-030587,2,PROD-004,1,20.28,17.68
ORD-2025-030587,3,PROD-011,1,14.9,13.2
ORD-2025-030588,1,PROD-008,2,9.9,16.82
ORD-2025-030588,2,PROD-050,1,61.97,48.62
ORD-2025-030589,1,PROD-035,2,10.14,16.23
ORD-2025-030589,2,PROD-005,1,20.28,19.17
ORD-2025-030589,3,PROD-040,3,15.21,38.57
ORD-2025-030590,1,PROD-008,1,9.9,9.75
ORD-2025-030591,1,PROD-059,1,52.11,48.98
ORD-2025-030592,1,PROD-008,1,9.9,7.17
ORD-2025-030592,2,PROD-035,1,10.14,9.27
ORD-2025-030593,1,PROD-001,2,12.9,25.37
ORD-2025-030593,2,PROD-004,2,20.28,36.96
ORD-2025-030593,3,PROD-008,1,9.9,
ORD-2025-030594,1,PROD-039,4,8.17,16.87
ORD-2025-030595,1,PROD-004,1,20.28,19.24
ORD-2025-030595,2,PROD-041,3,11.83,29.94
ORD-2025-030596,1,PROD-048,1,55.77,54.57
ORD-2025-030597,1,PROD-033,1,52.11,27.39
ORD-2025-030597,2,PROD-016,3,8.9,20.7
ORD-2025-030598,1,PROD-002,1,11.9,11.0
ORD-2025-030599,1,PROD-021,1,15.49,12.82
ORD-2025-030600,1,PROD-001,1,12.9,12.51
ORD-2025-030601,1,PROD-036,1,11.55,5.28
ORD-2025-030602,1,PROD-006,1,32.39,30.83
ORD-2025-030603,1,PROD-002,2,11.9,21.02
ORD-2025-030604,1,PROD-016,3,8.9,26.28
ORD-2025-030604,2,PROD-006,1,32.39,31.87
ORD-2025-030605,1,PROD-025,1,21.97,19.1
ORD-2025-030605,2,PROD-001,1,12.9,7.35
ORD-2025-030605,3,PROD-040,2,15.21,24.39
ORD-2025-030605,4,PROD-041,3,11.83,27.48
ORD-2025-030606,1,PROD-017,2,12.5,24.49
ORD-2025-030607,1,PROD-035,1,10.14,5.47
ORD-2025-030607,2,PROD-011,1,14.9,13.26
ORD-2025-030607,3,PROD-034,1,9.01,7.94
ORD-2025-030608,1,PROD-001,1,12.9,12.55
ORD-2025-030608,2,PROD-008,2,9.9,19.66
ORD-2025-030608,3,PROD-041,2,11.83,23.24
ORD-2025-030609,1,PROD-040,1,15.21,12.92
ORD-2025-030610,1,PROD-039,1,8.17,6.68
ORD-2025-030611,1,PROD-022,1,9.01,8.63
ORD-2025-030611,2,PROD-044,1,40.85,34.91
ORD-2025-030611,3,PROD-037,1,9.86,8.14
ORD-2025-030612,1,PROD-008,2,9.9,9.9
ORD-2025-030612,2,PROD-030,2,49.3,61.28
ORD-2025-030613,1,PROD-039,1,8.17,7.18
ORD-2025-030614,1,PROD-002,2,11.9,23.5
ORD-2025-030615,1,PROD-025,2,21.97,42.11
ORD-2025-030616,1,PROD-002,1,11.9,9.82
ORD-2025-030617,1,PROD-028,1,17.18,16.52
ORD-2025-030617,2,PROD-008,1,9.9,9.34
ORD-2025-030617,3,PROD-026,1,14.65,14.34
ORD-2025-030618,1,PROD-046,1,259.15,219.81
ORD-2025-030619,1,PROD-020,1,10.14,8.28
ORD-2025-030620,1,PROD-022,1,9.01,7.02
ORD-2025-030620,2,PROD-010,3,38.03,67.45
ORD-2025-030621,1,PROD-041,2,11.83,23.36
ORD-2025-030622,1,PROD-011,2,14.9,22.49
ORD-2025-030622,2,PROD-031,1,53.52,25.38
ORD-2025-030623,1,PROD-035,1,10.14,8.03
ORD-2025-030624,1,PROD-007,1,17.18,7.73
ORD-2025-030624,2,PROD-036,3,11.55,15.59
ORD-2025-030625,1,PROD-004,3,20.28,57.8
ORD-2025-030625,2,PROD-022,1,9.01,8.72
ORD-2025-030626,1,PROD-001,1,12.9,12.03
ORD-2025-030627,1,PROD-014,1,9.9,9.81
ORD-2025-030627,2,PROD-037,1,9.86,9.39
ORD-2025-030628,1,PROD-060,1,42.25,19.14
ORD-2025-030628,2,PROD-016,1,8.9,4.0
ORD-2025-030629,1,PROD-006,2,32.39,38.79
ORD-2025-030630,1,PROD-041,4,11.83,37.23
ORD-2025-030630,2,PROD-021,1,15.49,12.26
ORD-2025-030630,3,PROD-044,1,40.85,29.43
ORD-2025-030631,1,PROD-025,1,21.97,20.41
ORD-2025-030632,1,PROD-005,3,20.28,52.24
ORD-2025-030633,1,PROD-004,1,20.28,13.09
ORD-2025-030634,1,PROD-004,2,20.28,40.05
ORD-2025-030634,2,PROD-003,2,14.37,28.55
ORD-2025-030634,3,PROD-030,1,49.3,44.5
ORD-2025-030635,1,PROD-004,2,20.28,38.07
ORD-2025-030635,2,PROD-051,1,36.06,35.01
ORD-2025-030636,1,PROD-035,1,10.14,6.4
ORD-2025-030636,2,PROD-036,3,11.55,26.64
ORD-2025-030637,1,PROD-010,1,38.03,23.06
ORD-2025-030638,1,PROD-008,1,9.9,9.53
ORD-2025-030638,2,PROD-041,3,11.83,22.54
ORD-2025-030639,1,PROD-002,2,11.9,22.7
ORD-2025-030639,2,PROD-013,1,11.9,11.45
ORD-2025-030640,1,PROD-005,1,20.28,15.13
ORD-2025-030640,2,PROD-040,4,15.21,43.12
ORD-2025-030641,1,PROD-041,1,11.83,8.62
ORD-2025-030641,2,PROD-005,2,20.28,37.36
ORD-2025-030641,3,PROD-022,1,9.01,8.48
ORD-2025-030642,1,PROD-030,1,49.3,41.23
ORD-2025-030643,1,PROD-042,2,73.24,65.92
ORD-2025-030644,1,PROD-011,1,14.9,13.35
ORD-2025-030645,1,PROD-034,2,9.01,10.08
ORD-2025-030646,1,PROD-054,1,59.15,52.63
ORD-2025-030647,1,PROD-014,1,9.9,9.72
ORD-2025-030647,2,PROD-008,1,9.9,9.34
ORD-2025-030648,1,PROD-015,1,26.76,23.76
ORD-2025-030649,1,PROD-006,1,32.39,27.0
ORD-2025-030650,1,PROD-008,3,9.9,19.85
ORD-2025-030650,2,PROD-050,1,61.97,27.89
ORD-2025-030651,1,PROD-006,2,32.39,43.21
ORD-2025-030651,2,PROD-008,1,9.9,7.98
ORD-2025-030652,1,PROD-033,1,52.11,37.56
ORD-2025-030652,2,PROD-003,1,14.37,11.87
ORD-2025-030653,1,PROD-003,1,14.37,9.2
ORD-2025-030653,2,PROD-022,1,9.01,6.13
ORD-2025-030654,1,PROD-023,1,7.89,5.94
ORD-2025-030654,2,PROD-040,2,15.21,14.24
ORD-2025-030655,1,PROD-001,1,12.9,11.98
ORD-2025-030655,2,PROD-035,2,10.14,18.5
ORD-2025-030655,3,PROD-034,1,9.01,7.96
ORD-2025-030656,1,PROD-033,1,52.11,35.6
ORD-2025-030657,1,PROD-045,1,72.68,53.82
ORD-2025-030658,1,PROD-030,1,49.3,37.72
ORD-2025-030659,1,PROD-006,3,32.39,86.08
ORD-2025-030659,2,PROD-010,1,38.03,35.74
ORD-2025-030659,3,PROD-024,1,8.73,8.01
ORD-2025-030660,1,PROD-055,1,74.65,43.93
ORD-2025-030661,1,PROD-010,1,38.03,34.61
ORD-2025-030662,1,PROD-002,2,11.9,22.22
ORD-2025-030663,1,PROD-033,1,52.11,43.8
ORD-2025-030663,2,PROD-006,1,32.39,30.34
ORD-2025-030663,3,PROD-014,1,9.9,9.21
ORD-2025-030664,1,PROD-034,1,9.01,8.79
ORD-2025-030664,2,PROD-028,1,17.18,11.82
ORD-2025-030664,3,PROD-005,1,20.28,18.38
ORD-2025-030664,4,PROD-013,2,11.9,23.4
ORD-2025-030664,5,PROD-015,1,26.76,25.51
ORD-2025-030665,1,PROD-014,1,9.9,7.17
ORD-2025-030666,1,PROD-034,1,9.01,8.87
ORD-2025-030667,1,PROD-001,3,12.9,29.3
ORD-2025-030667,2,PROD-008,1,9.9,7.99
ORD-2025-030668,1,PROD-001,1,12.9,10.87
ORD-2025-030669,1,PROD-040,1,15.21,7.09
ORD-2025-030670,1,PROD-029,1,24.79,23.5
ORD-2025-030670,2,PROD-014,1,9.9,7.86
ORD-2025-030670,3,PROD-034,1,9.01,6.64
ORD-2025-030671,1,PROD-055,1,74.65,33.59
ORD-2025-030672,1,PROD-004,1,20.28,19.53
ORD-2025-030672,2,PROD-034,2,9.01,17.19
ORD-2025-030673,1,PROD-030,2,49.3,64.92
ORD-2025-030673,2,PROD-044,1,40.85,18.8
ORD-2025-030674,1,PROD-013,1,11.9,9.04
ORD-2025-030674,2,PROD-037,3,9.86,22.14
ORD-2025-030675,1,PROD-005,2,20.28,37.17
ORD-2025-030675,2,PROD-035,2,10.14,18.12
ORD-2025-030676,1,PROD-027,1,21.13,11.56
ORD-2025-030677,1,PROD-004,2,20.28,39.79
ORD-2025-030677,2,PROD-007,3,17.18,50.58
ORD-2025-030678,1,PROD-037,2,9.86,16.66
ORD-2025-030678,2,PROD-010,1,38.03,35.79
ORD-2025-030679,1,PROD-037,1,9.86,7.56
ORD-2025-030679,2,PROD-034,3,9.01,17.99
ORD-2025-030680,1,PROD-029,1,24.79,21.98
ORD-2025-030681,1,PROD-008,1,9.9,5.84
ORD-2025-030681,2,PROD-026,2,14.65,16.04
ORD-2025-030682,1,PROD-004,1,20.28,13.61
ORD-2025-030682,2,PROD-019,2,29.58,50.23
ORD-2025-030682,3,PROD-040,2,15.21,23.18
ORD-2025-030683,1,PROD-004,2,20.28,34.35
ORD-2025-030684,1,PROD-033,1,52.11,42.05
ORD-2025-030685,1,PROD-041,3,11.83,32.51
ORD-2025-030686,1,PROD-007,1,17.18,15.16
ORD-2025-030687,1,PROD-041,2,11.83,16.47
ORD-2025-030687,2,PROD-004,2,20.28,27.37
ORD-2025-030688,1,PROD-016,1,8.9,8.65
ORD-2025-030688,2,PROD-044,1,40.85,39.97
ORD-2025-030689,1,PROD-055,1,74.65,55.65
ORD-2025-030690,1,PROD-035,1,10.14,7.89
ORD-2025-030690,2,PROD-041,1,11.83,10.87
ORD-2025-030691,1,PROD-035,1,10.14,5.97
ORD-2025-030691,2,PROD-032,1,19.72,9.59
ORD-2025-030692,1,PROD-004,1,20.28,18.75
ORD-2025-030692,2,PROD-007,1,17.18,16.76
ORD-2025-030692,3,PROD-024,1,8.73,8.31
ORD-2025-030692,4,PROD-015,1,26.76,25.09
ORD-2025-030693,1,PROD-004,1,20.28,18.6
ORD-2025-030694,1,PROD-020,1,10.14,8.47
ORD-2025-030695,1,PROD-002,1,11.9,11.85
ORD-2025-030696,1,PROD-041,1,11.83,9.91
ORD-2025-030697,1,PROD-002,3,11.9,33.87
ORD-2025-030697,2,PROD-004,1,20.28,19.59
ORD-2025-030698,1,PROD-039,1,8.17,3.68
ORD-2025-030699,1,PROD-004,1,20.28,15.34
ORD-2025-030699,2,PROD-007,1,17.18,14.54
ORD-2025-030700,1,PROD-039,1,8.17,7.83
ORD-2025-030700,2,PROD-005,1,20.28,18.23
ORD-2025-030701,1,PROD-002,1,11.9,6.84
ORD-2025-030701,2,PROD-054,1,59.15,26.62
ORD-2025-030702,1,PROD-017,2,12.5,22.15
ORD-2025-030703,1,PROD-005,1,20.28,19.46
ORD-2025-030703,2,PROD-003,3,14.37,39.55
ORD-2025-030704,1,PROD-060,1,42.25,41.29
ORD-2025-030705,1,PROD-004,1,20.28,13.75
ORD-2025-030706,1,PROD-039,2,8.17,13.08
ORD-2025-030707,1,PROD-022,1,9.01,4.05
ORD-2025-030708,1,PROD-005,1,20.28,19.89
ORD-2025-030708,2,PROD-010,2,38.03,73.57
ORD-2025-030709,1,PROD-060,1,42.25,19.01
ORD-2025-030710,1,PROD-002,2,11.9,21.52
ORD-2025-030711,1,PROD-008,2,9.9,18.4
ORD-2025-030712,1,PROD-002,2,11.9,21.8
ORD-2025-030713,1,PROD-005,2,20.28,36.5
ORD-2025-030713,2,PROD-037,2,9.86,10.65
ORD-2025-030714,1,PROD-002,1,11.9,9.26
ORD-2025-030714,2,PROD-005,1,20.28,16.93
ORD-2025-030715,1,PROD-024,2,8.73,15.04
ORD-2025-030715,2,PROD-005,1,20.28,16.18
ORD-2025-030716,1,PROD-007,2,17.18,15.46
ORD-2025-030716,2,PROD-041,1,11.83,5.32
ORD-2025-030717,1,PROD-039,1,8.17,3.68
ORD-2025-030718,1,PROD-012,2,18.5,35.51
ORD-2025-030719,1,PROD-039,1,8.17,5.63
ORD-2025-030719,2,PROD-020,1,10.14,7.06
ORD-2025-030720,1,PROD-004,1,20.28,18.53
ORD-2025-030721,1,PROD-006,2,32.39,43.93
ORD-2025-030722,1,PROD-002,1,11.9,11.08
ORD-2025-030722,2,PROD-023,1,7.89,7.58
ORD-2025-030722,3,PROD-004,1,20.28,19.62
ORD-2025-030723,1,PROD-007,2,17.18,30.11
ORD-2025-030724,1,PROD-002,1,11.9,9.97
ORD-2025-030724,2,PROD-014,1,9.9,9.33
ORD-2025-030724,3,PROD-032,2,19.72,37.65
ORD-2025-030725,1,PROD-026,1,14.65,14.23
ORD-2025-030726,1,PROD-004,2,20.28,36.99
ORD-2025-030726,2,PROD-003,1,14.37,13.93
ORD-2025-030726,3,PROD-007,2,17.18,33.98
ORD-2025-030727,1,PROD-023,1,7.89,7.61
ORD-2025-030727,2,PROD-005,2,20.28,35.76
ORD-2025-030728,1,PROD-040,3,15.21,42.78
ORD-2025-030729,1,PROD-002,1,11.9,10.76
ORD-2025-030730,1,PROD-008,2,9.9,18.4
ORD-2025-030730,2,PROD-002,1,11.9,11.43
ORD-2025-030731,1,PROD-015,1,26.76,21.72
ORD-2025-030731,2,PROD-003,1,14.37,13.42
ORD-2025-030732,1,PROD-007,1,17.18,16.95
ORD-2025-030733,1,PROD-014,1,9.9,6.88
ORD-2025-030733,2,PROD-022,1,9.01,6.81
ORD-2025-030734,1,PROD-007,1,17.18,10.51
ORD-2025-030734,2,PROD-020,1,10.14,6.39
ORD-2025-030734,3,PROD-004,2,20.28,35.64
ORD-2025-030735,1,PROD-008,2,9.9,18.78
ORD-2025-030735,2,PROD-019,2,29.58,56.83
ORD-2025-030735,3,PROD-001,2,12.9,23.78
ORD-2025-030736,1,PROD-060,1,42.25,34.71
ORD-2025-030737,1,PROD-038,1,7.89,6.66
ORD-2025-030738,1,PROD-037,2,9.86,18.32
ORD-2025-030739,1,PROD-034,1,9.01,8.94
ORD-2025-030740,1,PROD-015,3,26.76,75.92
ORD-2025-030740,2,PROD-008,1,9.9,9.7
ORD-2025-030740,3,PROD-001,1,12.9,11.6
ORD-2025-030741,1,PROD-006,1,32.39,31.72
ORD-2025-030742,1,PROD-040,1,15.21,14.16
ORD-2025-030742,2,PROD-035,1,10.14,9.38
ORD-2025-030743,1,PROD-035,1,10.14,10.05
ORD-2025-030744,1,PROD-048,1,55.77,54.39
ORD-2025-030745,1,PROD-028,1,17.18,16.86
ORD-2025-030746,1,PROD-021,2,15.49,15.14
ORD-2025-030746,2,PROD-006,1,32.39,25.01
ORD-2025-030746,3,PROD-022,2,9.01,14.97
ORD-2025-030747,1,PROD-004,3,20.28,41.13
ORD-2025-030748,1,PROD-014,1,9.9,6.29
ORD-2025-030749,1,PROD-011,1,14.9,11.49
ORD-2025-030750,1,PROD-011,1,14.9,14.83
ORD-2025-030751,1,PROD-027,1,21.13,15.86
ORD-2025-030751,2,PROD-007,1,17.18,15.97
ORD-2025-030752,1,PROD-010,2,38.03,73.57
ORD-2025-030752,2,PROD-001,2,12.9,25.28
ORD-2025-030753,1,PROD-036,2,11.55,22.82
ORD-2025-030753,2,PROD-006,1,32.39,31.5
ORD-2025-030753,3,PROD-001,1,12.9,12.39
ORD-2025-030754,1,PROD-007,1,17.18,16.5
ORD-2025-030754,2,PROD-001,1,12.9,10.62
ORD-2025-030754,3,PROD-021,2,15.49,26.67
ORD-2025-030755,1,PROD-004,1,20.28,20.13
ORD-2025-030756,1,PROD-005,3,20.28,45.65
ORD-2025-030757,1,PROD-001,1,12.9,12.85
ORD-2025-030757,2,PROD-033,1,52.11,51.05
ORD-2025-030758,1,PROD-001,1,12.9,11.97
ORD-2025-030759,1,PROD-004,1,20.28,19.45
ORD-2025-030759,2,PROD-036,1,11.55,11.24
ORD-2025-030759,3,PROD-011,1,14.9,14.72
ORD-2025-030760,1,PROD-026,2,14.65,25.62
ORD-2025-030761,1,PROD-039,2,8.17,9.83
ORD-2025-030762,1,PROD-022,1,9.01,8.19
ORD-2025-030762,2,PROD-001,1,12.9,12.0
ORD-2025-030763,1,PROD-042,1,73.24,67.81
ORD-2025-030763,2,PROD-010,1,38.03,35.81
ORD-2025-030764,1,PROD-050,1,61.97,55.09
ORD-2025-030765,1,PROD-008,1,9.9,9.15
ORD-2025-030765,2,PROD-038,2,7.89,15.58
ORD-2025-030765,3,PROD-010,2,38.03,70.08
ORD-2025-030766,1,PROD-022,2,9.01,15.57
ORD-2025-030766,2,PROD-024,1,8.73,6.93
ORD-2025-030767,1,PROD-052,1,46.48,44.63
ORD-2025-030768,1,PROD-003,2,14.37,28.59
ORD-2025-030769,1,PROD-008,2,9.9,18.7
ORD-2025-030769,2,PROD-034,2,9.01,14.5
ORD-2025-030770,1,PROD-045,1,72.68,42.07
ORD-2025-030771,1,PROD-037,2,9.86,19.23
ORD-2025-030772,1,PROD-008,1,9.9,9.81
ORD-2025-030772,2,PROD-013,2,11.9,23.08
ORD-2025-030772,3,PROD-001,2,12.9,25.57
ORD-2025-030773,1,PROD-001,1,12.9,12.57
ORD-2025-030774,1,PROD-002,1,11.9,11.14
ORD-2025-030774,2,PROD-034,1,9.01,8.52
ORD-2025-030775,1,PROD-001,2,12.9,24.82
ORD-2025-030776,1,PROD-007,3,17.18,49.5
ORD-2025-030777,1,PROD-023,1,7.89,5.19
ORD-2025-030777,2,PROD-030,1,49.3,41.03
ORD-2025-030778,1,PROD-032,1,19.72,18.65
ORD-2025-030779,1,PROD-014,1,9.9,9.75
ORD-2025-030779,2,PROD-022,2,9.01,14.89
ORD-2025-030780,1,PROD-011,1,14.9,13.69
ORD-2025-030781,1,PROD-005,2,20.28,40.14
ORD-2025-030781,2,PROD-035,1,10.14,9.9
ORD-2025-030781,3,PROD-036,1,11.55,11.46
ORD-2025-030781,4,PROD-041,1,11.83,10.93
ORD-2025-030782,1,PROD-005,1,20.28,17.34
ORD-2025-030783,1,PROD-002,1,11.9,9.84
ORD-2025-030783,2,PROD-023,1,7.89,7.02
ORD-2025-030783,3,PROD-004,2,20.28,38.55
ORD-2025-030784,1,PROD-019,2,29.58,53.56
ORD-2025-030785,1,PROD-052,1,46.48,44.88
ORD-2025-030785,2,PROD-001,1,12.9,11.87
ORD-2025-030786,1,PROD-035,4,10.14,39.54
ORD-2025-030787,1,PROD-002,2,11.9,21.63
ORD-2025-030788,1,PROD-008,1,9.9,7.57
ORD-2025-030789,1,PROD-002,1,11.9,10.34
ORD-2025-030789,2,PROD-041,1,11.83,11.08
ORD-2025-030790,1,PROD-027,2,21.13,35.16
ORD-2025-030790,2,PROD-028,1,17.18,15.72
ORD-2025-030791,1,PROD-004,1,20.28,19.1
ORD-2025-030791,2,PROD-039,2,8.17,15.4
ORD-2025-030791,3,PROD-007,1,17.18,16.73
ORD-2025-030791,4,PROD-021,1,15.49,15.26
ORD-2025-030792,1,PROD-011,1,14.9,13.16
ORD-2025-030793,1,PROD-010,2,38.03,72.21
ORD-2025-030793,2,PROD-026,2,14.65,28.29
ORD-2025-030794,1,PROD-001,2,12.9,20.7
ORD-2025-030794,2,PROD-006,1,32.39,30.01
ORD-2025-030794,3,PROD-035,1,10.14,9.37
ORD-2025-030794,4,PROD-051,1,36.06,33.69
ORD-2025-030794,5,PROD-015,1,26.76,25.26
ORD-2025-030795,1,PROD-002,1,11.9,11.27
ORD-2025-030796,1,PROD-028,2,17.18,32.29
ORD-2025-030797,1,PROD-004,1,20.28,17.49
ORD-2025-030797,2,PROD-003,2,14.37,22.73
ORD-2025-030798,1,PROD-007,1,17.18,16.47
ORD-2025-030799,1,PROD-028,1,17.18,16.28
ORD-2025-030800,1,PROD-029,1,24.79,12.01
ORD-2025-030801,1,PROD-006,1,32.39,31.94
ORD-2025-030801,2,PROD-003,2,14.37,28.11
ORD-2025-030802,1,PROD-004,2,20.28,38.33
ORD-2025-030803,1,PROD-002,2,11.9,20.36
ORD-2025-030804,1,PROD-008,3,9.9,26.77
ORD-2025-030805,1,PROD-006,1,32.39,31.99
ORD-2025-030806,1,PROD-008,3,9.9,22.77
ORD-2025-030807,1,PROD-004,1,20.28,18.74
ORD-2025-030808,1,PROD-002,2,11.9,22.26
ORD-2025-030808,2,PROD-003,1,14.37,13.87
ORD-2025-030808,3,PROD-040,1,15.21,14.62
ORD-2025-030808,4,PROD-033,2,52.11,102.68
ORD-2025-030809,1,PROD-036,1,11.55,10.44
ORD-2025-030810,1,PROD-012,1,18.5,16.62
ORD-2025-030810,2,PROD-008,1,9.9,9.19
ORD-2025-030811,1,PROD-027,1,21.13,21.06
ORD-2025-030811,2,PROD-023,1,7.89,7.48
ORD-2025-030812,1,PROD-041,2,11.83,22.06
ORD-2025-030812,2,PROD-035,1,10.14,9.19
ORD-2025-030812,3,PROD-007,2,17.18,30.41
ORD-2025-030813,1,PROD-021,1,15.49,14.3
ORD-2025-030814,1,PROD-008,1,9.9,8.23
ORD-2025-030815,1,PROD-014,2,9.9,12.73
ORD-2025-030816,1,PROD-004,2,20.28,39.16
ORD-2025-030817,1,PROD-019,1,29.58,29.32
ORD-2025-030817,2,PROD-032,1,19.72,18.97
ORD-2025-030817,3,PROD-006,2,32.39,63.41
ORD-2025-030817,4,PROD-036,1,11.55,11.38
ORD-2025-030818,1,PROD-004,1,20.28,19.12
ORD-2025-030818,2,PROD-034,4,9.01,35.38
ORD-2025-030819,1,PROD-021,1,15.49,13.07
ORD-2025-030820,1,PROD-030,1,49.3,41.49
ORD-2025-030821,1,PROD-015,1,26.76,25.91
ORD-2025-030821,2,PROD-008,2,9.9,19.24
ORD-2025-030821,3,PROD-046,1,259.15,253.94
ORD-2025-030822,1,PROD-006,1,32.39,29.31
ORD-2025-030822,2,PROD-004,1,20.28,18.31
ORD-2025-030823,1,PROD-005,2,20.28,34.1
ORD-2025-030823,2,PROD-020,1,10.14,9.42
ORD-2025-030823,3,PROD-021,1,15.49,10.97
ORD-2025-030823,4,PROD-035,2,10.14,18.55
ORD-2025-030824,1,PROD-005,2,20.28,37.26
ORD-2025-030824,2,PROD-041,2,11.83,21.06
ORD-2025-030824,3,PROD-003,1,14.37,13.83
ORD-2025-030825,1,PROD-002,1,11.9,11.43
ORD-2025-030826,1,PROD-041,2,11.83,20.91
ORD-2025-030826,2,PROD-017,1,12.5,11.97
ORD-2025-030827,1,PROD-006,2,32.39,63.5
ORD-2025-030827,2,PROD-016,1,8.9,7.81
ORD-2025-030827,3,PROD-036,1,11.55,10.49
ORD-2025-030828,1,PROD-036,1,11.55,10.3
ORD-2025-030829,1,PROD-052,1,46.48,41.67
ORD-2025-030829,2,PROD-008,1,9.9,9.45
ORD-2025-030830,1,PROD-019,2,29.58,57.82
ORD-2025-030831,1,PROD-035,1,10.14,9.41
ORD-2025-030832,1,PROD-022,1,9.01,8.76
ORD-2025-030832,2,PROD-025,2,21.97,42.71
ORD-2025-030832,3,PROD-005,1,20.28,19.62
ORD-2025-030832,4,PROD-006,1,32.39,31.06
ORD-2025-030833,1,PROD-008,1,9.9,8.98
ORD-2025-030834,1,PROD-005,1,20.28,20.04
ORD-2025-030835,1,PROD-007,1,17.18,14.99
ORD-2025-030836,1,PROD-001,1,12.9,10.44
ORD-2025-030837,1,PROD-037,1,9.86,9.19
ORD-2025-030837,2,PROD-004,1,20.28,19.17
ORD-2025-030838,1,PROD-012,1,18.5,17.98
ORD-2025-030839,1,PROD-060,1,42.25,39.0
ORD-2025-030840,1,PROD-014,3,9.9,28.68
ORD-2025-030841,1,PROD-008,2,9.9,18.69
ORD-2025-030842,1,PROD-011,2,14.9,27.51
ORD-2025-030842,2,PROD-005,2,20.28,36.71
ORD-2025-030842,3,PROD-002,1,11.9,11.83
ORD-2025-030843,1,PROD-004,1,20.28,19.68
ORD-2025-030844,1,PROD-038,4,7.89,29.66
ORD-2025-030845,1,PROD-028,1,17.18,15.79
ORD-2025-030845,2,PROD-001,1,12.9,9.69
ORD-2025-030846,1,PROD-038,1,7.89,7.09
ORD-2025-030847,1,PROD-008,1,9.9,8.58
ORD-2025-030848,1,PROD-008,2,9.9,14.42
ORD-2025-030849,1,PROD-038,3,7.89,20.26
ORD-2025-030849,2,PROD-034,2,9.01,15.82
ORD-2025-030849,3,PROD-004,1,20.28,17.37
ORD-2025-030850,1,PROD-001,1,12.9,11.68
ORD-2025-030851,1,PROD-004,2,20.28,35.36
ORD-2025-030851,2,PROD-008,1,9.9,8.63
ORD-2025-030852,1,PROD-003,2,14.37,28.06
ORD-2025-030852,2,PROD-010,1,38.03,35.2
ORD-2025-030852,3,PROD-007,2,17.18,30.57
ORD-2025-030853,1,PROD-038,1,7.89,7.12
ORD-2025-030854,1,PROD-035,3,10.14,29.67
ORD-2025-030855,1,PROD-026,1,14.65,9.48
ORD-2025-030856,1,PROD-012,1,18.5,18.34
ORD-2025-030857,1,PROD-008,1,9.9,7.73
ORD-2025-030858,1,PROD-006,1,32.39,30.35
ORD-2025-030859,1,PROD-005,1,20.28,14.96
ORD-2025-030859,2,PROD-001,2,12.9,25.0
ORD-2025-030859,3,PROD-017,1,12.5,11.98
ORD-2025-030859,4,PROD-006,2,32.39,58.37
ORD-2025-030860,1,PROD-011,2,14.9,27.31
ORD-2025-030860,2,PROD-023,2,7.89,15.05
ORD-2025-030861,1,PROD-008,1,9.9,9.11
ORD-2025-030861,2,PROD-040,4,15.21,56.08
ORD-2025-030862,1,PROD-050,1,61.97,56.05
ORD-2025-030863,1,PROD-037,1,9.86,9.63
ORD-2025-030863,2,PROD-007,1,17.18,15.37
ORD-2025-030864,1,PROD-010,1,38.03,35.36
ORD-2025-030864,2,PROD-005,3,20.28,46.11
ORD-2025-030865,1,PROD-013,1,11.9,11.58
ORD-2025-030865,2,PROD-002,1,11.9,9.87
ORD-2025-030865,3,PROD-004,1,20.28,17.31
ORD-2025-030866,1,PROD-007,1,17.18,16.93
ORD-2025-030866,2,PROD-002,2,11.9,23.32
ORD-2025-030867,1,PROD-058,1,39.44,33.11
ORD-2025-030868,1,PROD-005,1,20.28,19.12
ORD-2025-030868,2,PROD-020,1,10.14,9.82
ORD-2025-030869,1,PROD-041,1,11.83,10.3
ORD-2025-030870,1,PROD-008,1,9.9,8.89
ORD-2025-030871,1,PROD-005,1,20.28,16.42
ORD-2025-030871,2,PROD-037,1,9.86,9.14
ORD-2025-030871,3,PROD-017,2,12.5,24.6
ORD-2025-030872,1,PROD-038,1,7.89,7.53
ORD-2025-030873,1,PROD-021,2,15.49,30.12
ORD-2025-030874,1,PROD-006,2,32.39,57.27
ORD-2025-030875,1,PROD-008,1,9.9,8.86
ORD-2025-030876,1,PROD-004,2,20.28,35.29
ORD-2025-030877,1,PROD-006,1,32.39,29.14
ORD-2025-030878,1,PROD-007,1,17.18,14.16
ORD-2025-030879,1,PROD-004,1,20.28,12.97
ORD-2025-030879,2,PROD-030,2,49.3,92.91
ORD-2025-030879,3,PROD-044,1,40.85,33.44
ORD-2025-030880,1,PROD-008,2,9.9,17.3
ORD-2025-030881,1,PROD-004,1,20.28,18.46
ORD-2025-030882,1,PROD-006,3,32.39,94.64
ORD-2025-030883,1,PROD-003,1,14.37,13.16
ORD-2025-030883,2,PROD-037,2,9.86,17.87
ORD-2025-030883,3,PROD-012,2,18.5,32.94
ORD-2025-030884,1,PROD-041,1,11.83,11.76
ORD-2025-030884,2,PROD-011,2,14.9,29.05
ORD-2025-030885,1,PROD-006,1,32.39,24.53
ORD-2025-030885,2,PROD-029,2,24.79,40.69
ORD-2025-030886,1,PROD-002,1,11.9,10.23
ORD-2025-030887,1,PROD-003,1,14.37,13.68
ORD-2025-030887,2,PROD-008,3,9.9,27.98
ORD-2025-030888,1,PROD-001,1,12.9,5.8
ORD-2025-030889,1,PROD-041,2,11.83,22.56
ORD-2025-030890,1,PROD-051,1,36.06,33.17
ORD-2025-030891,1,PROD-008,2,9.9,19.32
ORD-2025-030892,1,PROD-033,1,52.11,31.51
ORD-2025-030892,2,PROD-006,1,32.39,23.52
ORD-2025-030892,3,PROD-020,2,10.14,9.13
ORD-2025-030893,1,PROD-004,1,20.28,19.95
ORD-2025-030894,1,PROD-052,1,46.48,36.84
ORD-2025-030895,1,PROD-006,1,32.39,30.26
ORD-2025-030896,1,PROD-005,1,20.28,19.76
ORD-2025-030897,1,PROD-017,1,12.5,11.66
ORD-2025-030898,1,PROD-005,1,20.28,17.64
ORD-2025-030899,1,PROD-029,1,24.79,17.16
ORD-2025-030900,1,PROD-003,1,14.37,13.14
ORD-2025-030900,2,PROD-004,1,20.28,18.88
ORD-2025-030900,3,PROD-035,2,10.14,19.13
ORD-2025-030901,1,PROD-033,1,52.11,28.88
ORD-2025-030901,2,PROD-040,4,15.21,52.38
ORD-2025-030902,1,PROD-008,1,9.9,6.65
ORD-2025-030902,2,PROD-003,1,14.37,12.23
ORD-2025-030903,1,PROD-017,2,12.5,24.69
ORD-2025-030903,2,PROD-005,1,20.28,19.05
ORD-2025-030903,3,PROD-013,1,11.9,10.56
ORD-2025-030904,1,PROD-003,1,14.37,13.54
ORD-2025-030904,2,PROD-034,1,9.01,8.66
ORD-2025-030905,1,PROD-006,1,32.39,26.87
ORD-2025-030906,1,PROD-024,1,8.73,6.43
ORD-2025-030907,1,PROD-004,1,20.28,19.35
ORD-2025-030908,1,PROD-006,1,32.39,28.37
ORD-2025-030909,1,PROD-026,1,14.65,14.36
ORD-2025-030909,2,PROD-007,3,17.18,42.2
ORD-2025-030910,1,PROD-040,4,15.21,58.16
ORD-2025-030911,1,PROD-022,1,9.01,8.53
ORD-2025-030912,1,PROD-007,1,17.18,16.39
ORD-2025-030913,1,PROD-034,2,9.01,16.85
ORD-2025-030914,1,PROD-001,1,12.9,11.39
ORD-2025-030914,2,PROD-002,1,11.9,8.74
ORD-2025-030915,1,PROD-038,3,7.89,22.49
ORD-2025-030916,1,PROD-006,1,32.39,25.88
ORD-2025-030916,2,PROD-021,1,15.49,14.99
ORD-2025-030916,3,PROD-003,2,14.37,22.58
ORD-2025-030917,1,PROD-027,1,21.13,19.96
ORD-2025-030918,1,PROD-016,2,8.9,17.34
ORD-2025-030918,2,PROD-044,2,40.85,81.02
ORD-2025-030919,1,PROD-014,2,9.9,19.31
ORD-2025-030920,1,PROD-029,1,24.79,21.99
ORD-2025-030920,2,PROD-034,2,9.01,17.1
ORD-2025-030921,1,PROD-005,1,20.28,19.07
ORD-2025-030922,1,PROD-008,1,9.9,9.26
ORD-2025-030923,1,PROD-003,2,14.37,28.08
ORD-2025-030924,1,PROD-001,1,12.9,10.5
ORD-2025-030924,2,PROD-002,3,11.9,29.81
ORD-2025-030925,1,PROD-008,2,9.9,15.78
ORD-2025-030925,2,PROD-005,2,20.28,38.15
ORD-2025-030926,1,PROD-007,1,17.18,16.07
ORD-2025-030926,2,PROD-014,2,9.9,15.7
ORD-2025-030926,3,PROD-005,3,20.28,59.49
ORD-2025-030927,1,PROD-015,1,26.76,23.4
ORD-2025-030928,1,PROD-001,1,12.9,10.96
ORD-2025-030929,1,PROD-040,1,15.21,14.74
ORD-2025-030929,2,PROD-006,2,32.39,58.47
ORD-2025-030929,3,PROD-007,1,17.18,16.1
ORD-2025-030930,1,PROD-002,1,11.9,10.09
ORD-2025-030931,1,PROD-034,1,9.01,8.57
ORD-2025-030932,1,PROD-001,2,12.9,14.35
ORD-2025-030932,2,PROD-002,1,11.9,10.4
ORD-2025-030932,3,PROD-028,1,17.18,16.01
ORD-2025-030932,4,PROD-035,3,10.14,22.06
ORD-2025-030933,1,PROD-037,2,9.86,18.51
ORD-2025-030933,2,PROD-017,1,12.5,12.06
ORD-2025-030933,3,PROD-003,2,14.37,23.47
ORD-2025-030934,1,PROD-006,3,32.39,92.75
ORD-2025-030934,2,PROD-034,2,9.01,16.29
ORD-2025-030934,3,PROD-023,2,7.89,14.93
ORD-2025-030935,1,PROD-001,2,12.9,24.38
ORD-2025-030936,1,PROD-008,1,9.9,9.25
ORD-2025-030937,1,PROD-022,1,9.01,8.83
ORD-2025-030938,1,PROD-005,1,20.28,19.3
ORD-2025-030939,1,PROD-060,1,42.25,36.34
ORD-2025-030940,1,PROD-039,4,8.17,31.62
ORD-2025-030940,2,PROD-002,1,11.9,10.88
ORD-2025-030941,1,PROD-005,1,20.28,15.91
ORD-2025-030942,1,PROD-011,2,14.9,29.41
ORD-2025-030942,2,PROD-032,2,19.72,38.84
ORD-2025-030943,1,PROD-004,2,20.28,37.5
ORD-2025-030943,2,PROD-041,4,11.83,38.61
ORD-2025-030944,1,PROD-006,1,32.39,31.64
ORD-2025-030944,2,PROD-004,2,20.28,39.79
ORD-2025-030944,3,PROD-010,2,38.03,74.07
ORD-2025-030945,1,PROD-004,1,20.28,18.98
ORD-2025-030945,2,PROD-041,4,11.83,41.64
ORD-2025-030946,1,PROD-008,2,9.9,16.17
ORD-2025-030946,2,PROD-053,2,53.52,98.36
ORD-2025-030947,1,PROD-049,1,80.28,67.8
ORD-2025-030948,1,PROD-007,2,17.18,29.7
ORD-2025-030949,1,PROD-027,1,21.13,20.28
ORD-2025-030949,2,PROD-007,1,17.18,15.32
ORD-2025-030950,1,PROD-013,2,11.9,21.44
ORD-2025-030950,2,PROD-027,1,21.13,18.82
ORD-2025-030951,1,PROD-005,3,20.28,48.62
ORD-2025-030952,1,PROD-014,1,9.9,9.15
ORD-2025-030953,1,PROD-001,1,12.9,12.23
ORD-2025-030954,1,PROD-005,1,20.28,19.22
ORD-2025-030955,1,PROD-002,2,11.9,21.66
ORD-2025-030956,1,PROD-037,1,9.86,8.77
ORD-2025-030956,2,PROD-036,1,11.55,11.32
ORD-2025-030957,1,PROD-008,1,9.9,8.65
ORD-2025-030957,2,PROD-029,1,24.79,21.89
ORD-2025-030957,3,PROD-040,1,15.21,14.65
ORD-2025-030958,1,PROD-003,1,14.37,12.24
ORD-2025-030959,1,PROD-014,1,9.9,9.46
ORD-2025-030960,1,PROD-052,1,46.48,38.48
ORD-2025-030960,2,PROD-034,1,9.01,8.19
ORD-2025-030961,1,PROD-015,2,26.76,41.75
ORD-2025-030961,2,PROD-030,1,49.3,41.3
ORD-2025-030962,1,PROD-005,2,20.28,20.88
ORD-2025-030963,1,PROD-017,2,12.5,24.53
ORD-2025-030963,2,PROD-008,1,9.9,9.6
ORD-2025-030964,1,PROD-030,1,49.3,48.26
ORD-2025-030964,2,PROD-021,1,15.49,15.24
ORD-2025-030965,1,PROD-017,2,12.5,21.86
ORD-2025-030965,2,PROD-011,2,14.9,28.85
ORD-2025-030966,1,PROD-050,1,61.97,57.11
ORD-2025-030967,1,PROD-011,2,14.9,26.44
ORD-2025-030967,2,PROD-006,1,32.39,27.06
ORD-2025-030968,1,PROD-007,1,17.18,12.89
ORD-2025-030968,2,PROD-035,1,10.14,9.38
ORD-2025-030969,1,PROD-013,1,11.9,10.44
ORD-2025-030969,2,PROD-004,2,20.28,39.47
ORD-2025-030969,3,PROD-026,1,14.65,14.5
ORD-2025-030970,1,PROD-001,3,12.9,37.92
ORD-2025-030971,1,PROD-008,1,9.9,8.86
ORD-2025-030972,1,PROD-040,1,15.21,13.5
ORD-2025-030973,1,PROD-006,2,32.39,47.32
ORD-2025-030973,2,PROD-046,1,259.15,206.26
ORD-2025-030973,3,PROD-034,1,9.01,8.41
ORD-2025-030974,1,PROD-053,1,53.52,44.67
ORD-2025-030975,1,PROD-004,2,20.28,32.03
ORD-2025-030976,1,PROD-041,2,11.83,23.62
ORD-2025-030976,2,PROD-008,1,9.9,9.45
ORD-2025-030976,3,PROD-034,1,9.01,8.52
ORD-2025-030977,1,PROD-008,3,9.9,29.39
ORD-2025-030978,1,PROD-035,3,10.14,14.92
ORD-2025-030978,2,PROD-008,2,9.9,13.27
ORD-2025-030978,3,PROD-001,1,12.9,11.54
ORD-2025-030979,1,PROD-010,1,38.03,36.33
ORD-2025-030979,2,PROD-035,3,10.14,29.14
ORD-2025-030980,1,PROD-041,1,11.83,11.53
ORD-2025-030980,2,PROD-010,3,38.03,101.95
ORD-2025-030980,3,PROD-034,2,9.01,16.86
ORD-2025-030981,1,PROD-044,1,40.85,39.97
ORD-2025-030982,1,PROD-007,2,17.18,28.97
ORD-2025-030982,2,PROD-006,2,32.39,58.89
ORD-2025-030982,3,PROD-041,1,11.83,11.43
ORD-2025-030982,4,PROD-036,2,11.55,21.15
ORD-2025-030983,1,PROD-003,2,14.37,27.59
ORD-2025-030984,1,PROD-032,1,19.72,17.09
ORD-2025-030985,1,PROD-003,1,14.37,13.37
ORD-2025-030986,1,PROD-003,1,14.37,13.29
ORD-2025-030987,1,PROD-022,1,9.01,8.1
ORD-2025-030988,1,PROD-013,2,11.9,22.31
ORD-2025-030989,1,PROD-051,1,36.06,27.46
ORD-2025-030990,1,PROD-041,1,11.83,8.98
ORD-2025-030991,1,PROD-002,1,11.9,10.6
ORD-2025-030992,1,PROD-005,2,20.28,38.39
ORD-2025-030992,2,PROD-035,2,10.14,19.06
ORD-2025-030992,3,PROD-008,1,9.9,8.75
ORD-2025-030992,4,PROD-012,1,18.5,17.73
ORD-2025-030993,1,PROD-025,1,21.97,18.76
ORD-2025-030994,1,PROD-033,1,52.11,50.0
ORD-2025-030994,2,PROD-001,2,12.9,25.65
ORD-2025-030995,1,PROD-058,1,39.44,29.18
ORD-2025-030996,1,PROD-019,3,29.58,84.84
ORD-2025-030996,2,PROD-041,1,11.83,11.3
ORD-2025-030996,3,PROD-001,1,12.9,12.21
ORD-2025-030997,1,PROD-045,1,72.68,69.22
ORD-2025-030998,1,PROD-035,3,10.14,27.52
ORD-2025-030999,1,PROD-028,1,17.18,16.95
ORD-2025-030999,2,PROD-003,1,14.37,14.03
ORD-2025-030999,3,PROD-044,1,40.85,35.52
ORD-2025-030999,4,PROD-041,1,11.83,9.94
ORD-2025-031000,1,PROD-028,2,17.18,20.16
ORD-2025-031001,1,PROD-040,2,15.21,26.7
ORD-2025-031001,2,PROD-008,1,9.9,8.35
ORD-2025-031002,1,PROD-006,1,32.39,31.3
ORD-2025-031003,1,PROD-007,1,17.18,15.44
ORD-2025-031004,1,PROD-004,1,20.28,19.5
ORD-2025-031004,2,PROD-006,1,32.39,32.0
ORD-2025-031005,1,PROD-007,1,17.18,16.48
ORD-2025-031005,2,PROD-010,3,38.03,111.85
ORD-2025-031006,1,PROD-029,1,24.79,16.07
ORD-2025-031007,1,PROD-008,3,9.9,26.66
ORD-2025-031007,2,PROD-004,3,20.28,39.54
ORD-2025-031007,3,PROD-007,2,17.18,31.71
ORD-2025-031008,1,PROD-004,1,20.28,16.66
ORD-2025-031008,2,PROD-034,1,9.01,8.23
ORD-2025-031009,1,PROD-029,1,24.79,20.76
ORD-2025-031010,1,PROD-004,1,20.28,19.18
ORD-2025-031011,1,PROD-003,1,14.37,13.79
ORD-2025-031012,1,PROD-029,1,24.79,21.88
ORD-2025-031013,1,PROD-005,1,20.28,19.33
ORD-2025-031014,1,PROD-010,3,38.03,107.72
ORD-2025-031014,2,PROD-028,1,17.18,17.11
ORD-2025-031014,3,PROD-035,1,10.14,10.06
ORD-2025-031015,1,PROD-034,1,9.01,8.88
ORD-2025-031016,1,PROD-011,1,14.9,12.18
ORD-2025-031016,2,PROD-032,2,19.72,33.23
ORD-2025-031017,1,PROD-006,3,32.39,86.7
ORD-2025-031017,2,PROD-039,3,8.17,23.64
ORD-2025-031018,1,PROD-021,1,15.49,14.08
ORD-2025-031018,2,PROD-003,2,14.37,27.43
ORD-2025-031019,1,PROD-004,2,20.28,21.34
ORD-2025-031020,1,PROD-044,1,40.85,39.71
ORD-2025-031020,2,PROD-052,1,46.48,45.78
ORD-2025-031021,1,PROD-008,1,9.9,9.38
ORD-2025-031021,2,PROD-035,1,10.14,8.99
ORD-2025-031021,3,PROD-026,1,14.65,14.05
ORD-2025-031022,1,PROD-010,2,38.03,67.32
ORD-2025-031022,2,PROD-003,1,14.37,12.71
ORD-2025-031023,1,PROD-003,1,14.37,11.61
ORD-2025-031023,2,PROD-037,3,9.86,22.28
ORD-2025-031024,1,PROD-035,1,10.14,8.6
ORD-2025-031025,1,PROD-013,1,11.9,11.35
ORD-2025-031025,2,PROD-007,1,17.18,16.38
ORD-2025-031025,3,PROD-038,2,7.89,15.56
ORD-2025-031026,1,PROD-002,1,11.9,11.75
ORD-2025-031026,2,PROD-026,1,14.65,14.48
ORD-2025-031027,1,PROD-002,1,11.9,7.69
ORD-2025-031028,1,PROD-003,1,14.37,11.67
ORD-2025-031029,1,PROD-002,1,11.9,11.39
ORD-2025-031030,1,PROD-005,1,20.28,18.06
ORD-2025-031031,1,PROD-007,1,17.18,15.43
ORD-2025-031032,1,PROD-036,1,11.55,11.48
ORD-2025-031033,1,PROD-006,1,32.39,29.07
ORD-2025-031033,2,PROD-003,1,14.37,13.43
ORD-2025-031033,3,PROD-049,1,80.28,76.1
ORD-2025-031033,4,PROD-034,2,9.01,15.12
ORD-2025-031034,1,PROD-048,1,55.77,53.93
ORD-2025-031034,2,PROD-021,1,15.49,9.0
ORD-2025-031035,1,PROD-004,1,20.28,19.07
ORD-2025-031035,2,PROD-034,1,9.01,8.46
ORD-2025-031036,1,PROD-001,3,12.9,37.09
ORD-2025-031037,1,PROD-036,1,11.55,11.19
ORD-2025-031038,1,PROD-034,1,9.01,8.32
ORD-2025-031039,1,PROD-004,2,20.28,33.67
ORD-2025-031039,2,PROD-008,1,9.9,9.39
ORD-2025-031040,1,PROD-030,1,49.3,45.88
ORD-2025-031040,2,PROD-034,2,9.01,17.08
ORD-2025-031041,1,PROD-002,3,11.9,34.01
ORD-2025-031041,2,PROD-034,1,9.01,8.56
ORD-2025-031042,1,PROD-040,4,15.21,55.84
ORD-2025-031043,1,PROD-049,1,80.28,78.72
ORD-2025-031043,2,PROD-034,1,9.01,8.11
ORD-2025-031044,1,PROD-001,1,12.9,11.35
ORD-2025-031044,2,PROD-041,1,11.83,10.71
ORD-2025-031045,1,PROD-028,1,17.18,16.6
ORD-2025-031046,1,PROD-004,2,20.28,40.11
ORD-2025-031047,1,PROD-004,1,20.28,19.71
ORD-2025-031047,2,PROD-001,1,12.9,11.72
ORD-2025-031048,1,PROD-010,1,38.03,35.95
ORD-2025-031049,1,PROD-006,1,32.39,26.55
ORD-2025-031049,2,PROD-001,1,12.9,10.88
ORD-2025-031050,1,PROD-006,1,32.39,27.8
ORD-2025-031051,1,PROD-008,2,9.9,17.42
ORD-2025-031052,1,PROD-008,1,9.9,9.65
ORD-2025-031052,2,PROD-001,1,12.9,11.1
ORD-2025-031053,1,PROD-042,1,73.24,68.37
ORD-2025-031053,2,PROD-008,3,9.9,25.35
ORD-2025-031054,1,PROD-007,1,17.18,16.77
ORD-2025-031054,2,PROD-021,2,15.49,25.3
ORD-2025-031055,1,PROD-008,1,9.9,7.82
ORD-2025-031056,1,PROD-001,2,12.9,25.13
ORD-2025-031057,1,PROD-003,1,14.37,8.93
ORD-2025-031057,2,PROD-010,2,38.03,71.26
ORD-2025-031057,3,PROD-001,2,12.9,24.39
ORD-2025-031058,1,PROD-042,1,73.24,72.68
ORD-2025-031058,2,PROD-016,2,8.9,17.6
ORD-2025-031058,3,PROD-006,1,32.39,32.01
ORD-2025-031059,1,PROD-008,2,9.9,18.03
ORD-2025-031059,2,PROD-037,3,9.86,28.36
ORD-2025-031060,1,PROD-011,1,14.9,14.11
ORD-2025-031060,2,PROD-042,4,73.24,286.9
ORD-2025-031061,1,PROD-006,1,32.39,32.15
ORD-2025-031061,2,PROD-003,2,14.37,28.01
ORD-2025-031062,1,PROD-008,1,9.9,9.49
ORD-2025-031062,2,PROD-060,1,42.25,40.92
ORD-2025-031063,1,PROD-004,1,20.28,19.89
ORD-2025-031063,2,PROD-014,1,9.9,9.54
ORD-2025-031063,3,PROD-034,2,9.01,16.4
ORD-2025-031064,1,PROD-003,1,14.37,8.45
ORD-2025-031065,1,PROD-041,1,11.83,8.31
ORD-2025-031066,1,PROD-008,2,9.9,18.05
ORD-2025-031067,1,PROD-039,1,8.17,6.05
ORD-2025-031068,1,PROD-006,1,32.39,26.07
ORD-2025-031069,1,PROD-021,1,15.49,13.57
ORD-2025-031070,1,PROD-013,1,11.9,11.18
ORD-2025-031070,2,PROD-006,1,32.39,20.48
ORD-2025-031070,3,PROD-032,2,19.72,28.59
ORD-2025-031071,1,PROD-021,1,15.49,14.09
ORD-2025-031071,2,PROD-023,1,7.89,7.32
ORD-2025-031072,1,PROD-015,1,26.76,25.74
ORD-2025-031073,1,PROD-041,1,11.83,9.83
ORD-2025-031073,2,PROD-008,2,9.9,17.7
ORD-2025-031073,3,PROD-006,2,32.39,59.06
ORD-2025-031074,1,PROD-037,1,9.86,9.02
ORD-2025-031075,1,PROD-040,2,15.21,21.98
ORD-2025-031076,1,PROD-008,3,9.9,27.7
ORD-2025-031076,2,PROD-036,1,11.55,11.45
ORD-2025-031077,1,PROD-006,1,32.39,31.1
ORD-2025-031078,1,PROD-050,1,61.97,60.77
ORD-2025-031078,2,PROD-008,1,9.9,8.87
ORD-2025-031079,1,PROD-007,2,17.18,27.83
ORD-2025-031079,2,PROD-032,3,19.72,47.67
ORD-2025-031080,1,PROD-003,1,14.37,11.21
ORD-2025-031081,1,PROD-001,2,12.9,21.04
ORD-2025-031081,2,PROD-032,3,19.72,32.3
ORD-2025-031082,1,PROD-008,1,9.9,6.99
ORD-2025-031083,1,PROD-005,1,20.28,19.74
ORD-2025-031083,2,PROD-001,1,12.9,11.68
ORD-2025-031084,1,PROD-001,2,12.9,21.5
ORD-2025-031084,2,PROD-006,3,32.39,83.35
ORD-2025-031085,1,PROD-032,1,19.72,18.96
ORD-2025-031085,2,PROD-007,1,17.18,15.49
ORD-2025-031085,3,PROD-017,2,12.5,23.61
ORD-2025-031086,1,PROD-005,2,20.28,29.07
ORD-2025-031087,1,PROD-001,1,12.9,12.63
ORD-2025-031088,1,PROD-020,1,10.14,9.64
ORD-2025-031088,2,PROD-031,2,53.52,100.16
ORD-2025-031089,1,PROD-005,1,20.28,18.25
ORD-2025-031089,2,PROD-004,1,20.28,16.96
ORD-2025-031089,3,PROD-008,1,9.9,9.03
ORD-2025-031090,1,PROD-008,1,9.9,8.88
ORD-2025-031091,1,PROD-044,1,40.85,36.49
ORD-2025-031091,2,PROD-004,1,20.28,19.47
ORD-2025-031092,1,PROD-017,2,12.5,23.82
ORD-2025-031093,1,PROD-056,1,101.41,77.65
ORD-2025-031094,1,PROD-003,1,14.37,11.33
ORD-2025-031095,1,PROD-013,3,11.9,31.28
ORD-2025-031096,1,PROD-002,1,11.9,8.62
ORD-2025-031096,2,PROD-032,4,19.72,62.1
ORD-2025-031097,1,PROD-002,1,11.9,8.47
ORD-2025-031098,1,PROD-008,2,9.9,17.35
ORD-2025-031098,2,PROD-026,1,14.65,10.75
ORD-2025-031098,3,PROD-014,2,9.9,19.19
ORD-2025-031099,1,PROD-028,2,17.18,31.66
ORD-2025-031100,1,PROD-002,2,11.9,21.15
ORD-2025-031101,1,PROD-003,2,14.37,27.35
ORD-2025-031102,1,PROD-036,1,11.55,10.78
ORD-2025-031102,2,PROD-003,1,14.37,14.0
ORD-2025-031103,1,PROD-027,2,21.13,37.23
ORD-2025-031103,2,PROD-037,1,9.86,9.19
ORD-2025-031103,3,PROD-008,1,9.9,9.58
ORD-2025-031104,1,PROD-003,1,14.37,14.13
ORD-2025-031105,1,PROD-005,1,20.28,19.97
ORD-2025-031106,1,PROD-012,2,18.5,36.52
ORD-2025-031107,1,PROD-008,1,9.9,9.86
ORD-2025-031108,1,PROD-042,1,73.24,57.27
ORD-2025-031109,1,PROD-001,1,12.9,11.92
ORD-2025-031109,2,PROD-028,1,17.18,16.93
ORD-2025-031109,3,PROD-041,1,11.83,11.55
ORD-2025-031109,4,PROD-033,2,52.11,92.33
ORD-2025-031110,1,PROD-013,3,11.9,31.89
ORD-2025-031111,1,PROD-011,1,14.9,13.31
ORD-2025-031111,2,PROD-004,2,20.28,38.77
ORD-2025-031112,1,PROD-047,1,108.45,106.21
ORD-2025-031113,1,PROD-001,1,12.9,11.79
ORD-2025-031113,2,PROD-028,1,17.18,16.61
ORD-2025-031114,1,PROD-004,1,20.28,17.89
ORD-2025-031115,1,PROD-021,2,15.49,25.23
ORD-2025-031116,1,PROD-008,1,9.9,9.29
ORD-2025-031116,2,PROD-020,1,10.14,8.44
ORD-2025-031117,1,PROD-005,1,20.28,15.31
ORD-2025-031118,1,PROD-013,2,11.9,16.93
ORD-2025-031119,1,PROD-022,1,9.01,7.88
ORD-2025-031120,1,PROD-053,1,53.52,48.88
ORD-2025-031121,1,PROD-002,1,11.9,11.52
ORD-2025-031122,1,PROD-006,1,32.39,30.7
ORD-2025-031122,2,PROD-002,1,11.9,11.12
ORD-2025-031122,3,PROD-023,2,7.89,14.62
ORD-2025-031123,1,PROD-026,1,14.65,13.68
ORD-2025-031123,2,PROD-032,1,19.72,19.07
ORD-2025-031123,3,PROD-006,1,32.39,31.28
ORD-2025-031124,1,PROD-015,2,26.76,52.78
ORD-2025-031124,2,PROD-036,1,11.55,11.22
ORD-2025-031125,1,PROD-002,1,11.9,10.11
ORD-2025-031125,2,PROD-034,2,9.01,17.88
ORD-2025-031126,1,PROD-010,2,38.03,70.83
ORD-2025-031127,1,PROD-008,1,9.9,8.88
ORD-2025-031128,1,PROD-025,2,21.97,42.73
ORD-2025-031129,1,PROD-002,1,11.9,11.13
ORD-2025-031130,1,PROD-034,2,9.01,16.93
ORD-2025-031130,2,PROD-004,1,20.28,16.84
ORD-2025-031130,3,PROD-021,1,15.49,15.16
ORD-2025-031131,1,PROD-008,3,9.9,24.18
ORD-2025-031131,2,PROD-034,1,9.01,7.85
ORD-2025-031132,1,PROD-027,1,21.13,19.05
ORD-2025-031133,1,PROD-035,1,10.14,9.64
ORD-2025-031134,1,PROD-007,1,17.18,16.78
ORD-2025-031134,2,PROD-020,1,10.14,9.94
ORD-2025-031134,3,PROD-004,1,20.28,20.0
ORD-2025-031135,1,PROD-011,1,14.9,12.74
ORD-2025-031136,1,PROD-036,1,11.55,10.85
ORD-2025-031137,1,PROD-028,1,17.18,14.38
ORD-2025-031137,2,PROD-002,1,11.9,11.07
ORD-2025-031137,3,PROD-023,1,7.89,7.48
ORD-2025-031138,1,PROD-005,1,20.28,19.92
ORD-2025-031138,2,PROD-036,3,11.55,29.5
ORD-2025-031138,3,PROD-032,1,19.72,16.97
ORD-2025-031139,1,PROD-041,2,11.83,19.99
ORD-2025-031140,1,PROD-005,1,20.28,17.87
ORD-2025-031140,2,PROD-001,1,12.9,12.32
ORD-2025-031141,1,PROD-005,2,20.28,37.16
ORD-2025-031141,2,PROD-016,1,8.9,8.49
ORD-2025-031142,1,PROD-006,1,32.39,31.67
ORD-2025-031143,1,PROD-037,2,9.86,19.01
ORD-2025-031143,2,PROD-034,2,9.01,17.9
ORD-2025-031144,1,PROD-006,2,32.39,59.93
ORD-2025-031145,1,PROD-011,2,14.9,29.49
ORD-2025-031146,1,PROD-034,1,9.01,7.95
ORD-2025-031147,1,PROD-001,1,12.9,11.48
ORD-2025-031147,2,PROD-004,1,20.28,18.55
ORD-2025-031148,1,PROD-001,1,12.9,11.83
ORD-2025-031149,1,PROD-006,3,32.39,87.74
ORD-2025-031149,2,PROD-032,1,19.72,19.46
ORD-2025-031150,1,PROD-040,2,15.21,
ORD-2025-031151,1,PROD-010,1,38.03,35.19
ORD-2025-031151,2,PROD-036,1,11.55,10.64
ORD-2025-031152,1,PROD-040,1,15.21,14.71
ORD-2025-031152,2,PROD-053,1,53.52,42.96
ORD-2025-031152,3,PROD-002,1,11.9,9.73
ORD-2025-031153,1,PROD-007,3,17.18,50.41
ORD-2025-031154,1,PROD-011,2,14.9,23.07
ORD-2025-031154,2,PROD-044,2,40.85,37.4
ORD-2025-031155,1,PROD-005,1,20.28,17.34
ORD-2025-031156,1,PROD-005,1,20.28,15.76
ORD-2025-031157,1,PROD-001,1,12.9,11.86
ORD-2025-031157,2,PROD-036,1,11.55,8.68
ORD-2025-031158,1,PROD-022,2,9.01,15.03
ORD-2025-031159,1,PROD-039,2,8.17,14.41
ORD-2025-031159,2,PROD-012,1,18.5,16.09
ORD-2025-031159,3,PROD-035,2,10.14,19.14
ORD-2025-031160,1,PROD-008,2,9.9,18.52
ORD-2025-031161,1,PROD-034,1,9.01,8.2
ORD-2025-031162,1,PROD-003,1,14.37,12.47
ORD-2025-031162,2,PROD-008,1,9.9,8.76
ORD-2025-031163,1,PROD-004,1,20.28,18.53
ORD-2025-031164,1,PROD-002,1,11.9,11.59
ORD-2025-031165,1,PROD-001,2,12.9,24.81
ORD-2025-031166,1,PROD-006,2,32.39,59.31
ORD-2025-031167,1,PROD-008,2,9.9,17.54
ORD-2025-031167,2,PROD-044,1,40.85,38.83
ORD-2025-031167,3,PROD-040,3,15.21,37.84
ORD-2025-031167,4,PROD-042,4,73.24,291.41
ORD-2025-031168,1,PROD-007,3,17.18,39.26
ORD-2025-031168,2,PROD-042,1,73.24,70.05
ORD-2025-031169,1,PROD-052,1,46.48,45.4
ORD-2025-031170,1,PROD-006,1,32.39,24.31
ORD-2025-031171,1,PROD-032,1,19.72,17.87
ORD-2025-031171,2,PROD-006,1,32.39,29.9
ORD-2025-031171,3,PROD-007,1,17.18,15.19
ORD-2025-031171,4,PROD-003,1,14.37,13.46
ORD-2025-031171,5,PROD-037,1,9.86,8.81
ORD-2025-031172,1,PROD-008,2,9.9,19.59
ORD-2025-031173,1,PROD-013,2,11.9,21.29
ORD-2025-031174,1,PROD-008,3,9.9,27.83
ORD-2025-031174,2,PROD-038,3,7.89,23.27
ORD-2025-031175,1,PROD-027,1,21.13,20.01
ORD-2025-031176,1,PROD-006,1,32.39,27.65
ORD-2025-031177,1,PROD-039,1,8.17,6.15
ORD-2025-031177,2,PROD-036,3,11.55,29.6
ORD-2025-031177,3,PROD-040,4,15.21,58.97
ORD-2025-031178,1,PROD-002,1,11.9,11.49
ORD-2025-031178,2,PROD-032,2,19.72,30.61
ORD-2025-031178,3,PROD-020,1,10.14,7.51
ORD-2025-031179,1,PROD-038,1,7.89,6.34
ORD-2025-031180,1,PROD-019,2,29.58,53.38
ORD-2025-031181,1,PROD-001,1,12.9,12.63
ORD-2025-031181,2,PROD-002,1,11.9,11.8
ORD-2025-031182,1,PROD-001,2,12.9,23.17
ORD-2025-031182,2,PROD-019,1,29.58,19.65
ORD-2025-031183,1,PROD-036,4,11.55,41.55
ORD-2025-031183,2,PROD-007,1,17.18,14.93
ORD-2025-031184,1,PROD-010,3,38.03,104.93
ORD-2025-031185,1,PROD-044,1,40.85,39.61
ORD-2025-031186,1,PROD-037,1,9.86,9.44
ORD-2025-031186,2,PROD-034,2,9.01,17.6
ORD-2025-031187,1,PROD-015,2,26.76,51.35
ORD-2025-031188,1,PROD-004,2,20.28,32.0
ORD-2025-031188,2,PROD-034,2,9.01,17.04
ORD-2025-031188,3,PROD-001,1,12.9,10.99
ORD-2025-031189,1,PROD-035,1,10.14,9.23
ORD-2025-031189,2,PROD-023,1,7.89,7.42
ORD-2025-031190,1,PROD-005,1,20.28,16.73
ORD-2025-031191,1,PROD-052,1,46.48,40.01
ORD-2025-031191,2,PROD-008,2,9.9,18.02
ORD-2025-031191,3,PROD-003,1,14.37,14.0
ORD-2025-031192,1,PROD-010,1,38.03,30.28
ORD-2025-031192,2,PROD-060,1,42.25,30.25
ORD-2025-031193,1,PROD-030,1,49.3,45.41
ORD-2025-031194,1,PROD-023,1,7.89,7.13
ORD-2025-031194,2,PROD-040,2,15.21,27.69
ORD-2025-031195,1,PROD-008,1,9.9,9.27
ORD-2025-031195,2,PROD-034,1,9.01,8.22
ORD-2025-031196,1,PROD-006,1,32.39,30.7
ORD-2025-031197,1,PROD-008,1,9.9,9.31
ORD-2025-031198,1,PROD-028,1,17.18,16.08
ORD-2025-031199,1,PROD-010,2,38.03,59.43
ORD-2025-031200,1,PROD-006,1,32.39,30.14
ORD-2025-031200,2,PROD-012,2,18.5,36.7
ORD-2025-031201,1,PROD-025,2,21.97,39.58
ORD-2025-031202,1,PROD-027,2,21.13,22.49
ORD-2025-031203,1,PROD-002,1,11.9,7.05
ORD-2025-031204,1,PROD-010,3,38.03,112.4
ORD-2025-031205,1,PROD-060,1,42.25,35.54
ORD-2025-031205,2,PROD-013,2,11.9,20.54
ORD-2025-031205,3,PROD-058,1,39.44,36.99
ORD-2025-031206,1,PROD-004,1,20.28,18.74
ORD-2025-031207,1,PROD-007,1,17.18,14.84
ORD-2025-031208,1,PROD-005,1,20.28,20.08
ORD-2025-031209,1,PROD-008,2,9.9,16.59
ORD-2025-031210,1,PROD-004,2,20.28,37.38
ORD-2025-031210,2,PROD-008,2,9.9,17.41
ORD-2025-031211,1,PROD-026,2,14.65,29.12
ORD-2025-031211,2,PROD-027,2,21.13,41.68
ORD-2025-031212,1,PROD-039,1,8.17,4.72
ORD-2025-031212,2,PROD-002,3,11.9,28.05
ORD-2025-031213,1,PROD-006,1,32.39,25.39
ORD-2025-031213,2,PROD-001,1,12.9,12.04
ORD-2025-031213,3,PROD-034,1,9.01,8.75
ORD-2025-031213,4,PROD-041,2,11.83,22.44
ORD-2025-031213,5,PROD-004,1,20.28,19.65
ORD-2025-031214,1,PROD-008,1,9.9,9.35
ORD-2025-031214,2,PROD-005,1,20.28,19.9
ORD-2025-031214,3,PROD-041,1,11.83,11.54
ORD-2025-031214,4,PROD-020,1,10.14,9.82
ORD-2025-031215,1,PROD-005,3,20.28,59.41
ORD-2025-031216,1,PROD-008,1,9.9,9.32
ORD-2025-031217,1,PROD-020,1,10.14,8.56
ORD-2025-031218,1,PROD-005,2,20.28,38.24
ORD-2025-031219,1,PROD-025,2,21.97,32.35
ORD-2025-031220,1,PROD-006,1,32.39,31.55
ORD-2025-031220,2,PROD-034,3,9.01,26.75
ORD-2025-031221,1,PROD-027,1,21.13,19.97
ORD-2025-031222,1,PROD-041,1,11.83,5.7
ORD-2025-031223,1,PROD-007,1,17.18,15.58
ORD-2025-031224,1,PROD-052,1,46.48,38.67
ORD-2025-031225,1,PROD-022,1,9.01,8.68
ORD-2025-031226,1,PROD-036,1,11.55,11.24
ORD-2025-031227,1,PROD-033,1,52.11,49.26
ORD-2025-031228,1,PROD-005,1,20.28,18.41
ORD-2025-031228,2,PROD-034,1,9.01,7.61
ORD-2025-031229,1,PROD-026,1,14.65,7.48
ORD-2025-031229,2,PROD-005,1,20.28,14.38
ORD-2025-031230,1,PROD-036,1,11.55,9.82
ORD-2025-031230,2,PROD-019,1,29.58,25.85
ORD-2025-031230,3,PROD-032,4,19.72,72.55
ORD-2025-031231,1,PROD-005,1,20.28,19.7
ORD-2025-031231,2,PROD-010,1,38.03,34.73
ORD-2025-031231,3,PROD-008,1,9.9,9.38
ORD-2025-031232,1,PROD-004,2,20.28,32.73
ORD-2025-031232,2,PROD-014,2,9.9,15.49
ORD-2025-031232,3,PROD-037,1,9.86,5.91
ORD-2025-031233,1,PROD-008,2,9.9,15.39
ORD-2025-031233,2,PROD-003,1,14.37,11.55
ORD-2025-031234,1,PROD-024,1,8.73,8.51
ORD-2025-031235,1,PROD-032,1,19.72,19.34
ORD-2025-031235,2,PROD-035,2,10.14,19.45
ORD-2025-031235,3,PROD-006,2,32.39,63.04
ORD-2025-031236,1,PROD-014,3,9.9,28.55
ORD-2025-031236,2,PROD-005,2,20.28,39.83
ORD-2025-031236,3,PROD-041,1,11.83,11.64
ORD-2025-031236,4,PROD-004,1,20.28,19.6
ORD-2025-031237,1,PROD-005,2,20.28,38.56
ORD-2025-031237,2,PROD-008,2,9.9,18.42
ORD-2025-031238,1,PROD-023,2,7.89,13.12
ORD-2025-031238,2,PROD-002,1,11.9,9.36
ORD-2025-031239,1,PROD-014,1,9.9,9.73
ORD-2025-031240,1,PROD-008,1,9.9,9.02
ORD-2025-031241,1,PROD-008,1,9.9,8.33
ORD-2025-031242,1,PROD-005,1,20.28,19.02
ORD-2025-031243,1,PROD-003,1,14.37,11.14
ORD-2025-031243,2,PROD-034,1,9.01,8.19
ORD-2025-031244,1,PROD-001,3,12.9,33.59
ORD-2025-031245,1,PROD-005,1,20.28,19.64
ORD-2025-031245,2,PROD-035,1,10.14,10.08
ORD-2025-031246,1,PROD-031,1,53.52,43.36
ORD-2025-031246,2,PROD-001,1,12.9,10.96
ORD-2025-031247,1,PROD-004,1,20.28,16.08
ORD-2025-031248,1,PROD-010,3,38.03,108.63
ORD-2025-031249,1,PROD-046,1,259.15,219.99
ORD-2025-031250,1,PROD-024,2,8.73,16.89
ORD-2025-031251,1,PROD-029,1,24.79,23.39
ORD-2025-031251,2,PROD-026,2,14.65,26.23
ORD-2025-031252,1,PROD-004,1,20.28,17.83
ORD-2025-031253,1,PROD-005,2,20.28,38.62
ORD-2025-031253,2,PROD-020,2,10.14,19.57
ORD-2025-031253,3,PROD-032,2,19.72,37.5
ORD-2025-031254,1,PROD-051,1,36.06,31.87
ORD-2025-031255,1,PROD-002,1,11.9,11.54
ORD-2025-031255,2,PROD-047,1,108.45,93.85
ORD-2025-031255,3,PROD-014,2,9.9,16.17
ORD-2025-031255,4,PROD-033,3,52.11,139.15
ORD-2025-031256,1,PROD-054,1,59.15,52.95
ORD-2025-031257,1,PROD-007,1,17.18,14.7
ORD-2025-031258,1,PROD-007,1,17.18,15.02
ORD-2025-031259,1,PROD-008,2,9.9,18.38
ORD-2025-031260,1,PROD-005,1,20.28,16.81
ORD-2025-031261,1,PROD-038,3,7.89,22.54
ORD-2025-031261,2,PROD-037,2,9.86,19.23
ORD-2025-031261,3,PROD-034,1,9.01,7.54
ORD-2025-031262,1,PROD-016,2,8.9,13.71
ORD-2025-031262,2,PROD-010,1,38.03,23.67
ORD-2025-031262,3,PROD-001,1,12.9,11.83
ORD-2025-031262,4,PROD-003,3,14.37,32.4
ORD-2025-031263,1,PROD-005,1,20.28,19.11
ORD-2025-031263,2,PROD-035,3,10.14,30.18
ORD-2025-031264,1,PROD-004,3,20.28,53.16
ORD-2025-031264,2,PROD-035,3,10.14,30.16
ORD-2025-031265,1,PROD-060,1,42.25,37.15
ORD-2025-031266,1,PROD-002,1,11.9,9.98
ORD-2025-031266,2,PROD-001,1,12.9,10.1
ORD-2025-031267,1,PROD-021,2,15.49,29.49
ORD-2025-031267,2,PROD-037,2,9.86,14.75
ORD-2025-031267,3,PROD-041,2,11.83,19.14
ORD-2025-031267,4,PROD-034,1,9.01,7.02
ORD-2025-031268,1,PROD-005,1,20.28,17.71
ORD-2025-031268,2,PROD-004,1,20.28,19.58
ORD-2025-031269,1,PROD-008,1,9.9,9.08
ORD-2025-031270,1,PROD-002,2,11.9,22.02
ORD-2025-031270,2,PROD-034,1,9.01,8.67
ORD-2025-031270,3,PROD-020,1,10.14,8.9
ORD-2025-031271,1,PROD-001,1,12.9,11.85
ORD-2025-031272,1,PROD-008,1,9.9,8.8
ORD-2025-031273,1,PROD-013,2,11.9,22.7
ORD-2025-031273,2,PROD-038,2,7.89,14.83
ORD-2025-031274,1,PROD-040,1,15.21,14.48
ORD-2025-031275,1,PROD-034,3,9.01,24.14
ORD-2025-031275,2,PROD-015,1,26.76,23.35
ORD-2025-031276,1,PROD-004,1,20.28,16.89
ORD-2025-031277,1,PROD-034,2,9.01,17.74
ORD-2025-031278,1,PROD-004,1,20.28,16.02
ORD-2025-031278,2,PROD-037,1,9.86,4.44
ORD-2025-031279,1,PROD-007,3,17.18,47.96
ORD-2025-031279,2,PROD-024,1,8.73,8.32
ORD-2025-031279,3,PROD-036,1,11.55,11.1
ORD-2025-031280,1,PROD-027,2,21.13,34.02
ORD-2025-031280,2,PROD-004,2,20.28,37.01
ORD-2025-031280,3,PROD-001,2,12.9,17.7
ORD-2025-031281,1,PROD-053,1,53.52,41.67
ORD-2025-031281,2,PROD-004,3,20.28,51.54
ORD-2025-031282,1,PROD-001,3,12.9,35.77
ORD-2025-031282,2,PROD-008,3,9.9,24.39
ORD-2025-031282,3,PROD-013,1,11.9,10.73
ORD-2025-031283,1,PROD-005,2,20.28,37.96
ORD-2025-031284,1,PROD-017,1,12.5,11.9
ORD-2025-031285,1,PROD-001,1,12.9,12.34
ORD-2025-031285,2,PROD-027,1,21.13,18.65
ORD-2025-031285,3,PROD-032,2,19.72,34.81
ORD-2025-031285,4,PROD-003,1,14.37,14.14
ORD-2025-031286,1,PROD-010,3,38.03,110.12
ORD-2025-031286,2,PROD-032,3,19.72,54.97
ORD-2025-031286,3,PROD-001,2,12.9,24.78
ORD-2025-031287,1,PROD-007,3,17.18,49.06
ORD-2025-031288,1,PROD-004,2,20.28,40.31
ORD-2025-031288,2,PROD-008,1,9.9,9.21
ORD-2025-031288,3,PROD-002,1,11.9,11.68
ORD-2025-031289,1,PROD-037,1,9.86,9.8
ORD-2025-031290,1,PROD-034,3,9.01,22.91
ORD-2025-031291,1,PROD-002,2,11.9,19.48
ORD-2025-031292,1,PROD-001,1,12.9,11.89
ORD-2025-031292,2,PROD-003,2,14.37,24.37
ORD-2025-031293,1,PROD-035,1,10.14,9.58
ORD-2025-031294,1,PROD-001,1,12.9,12.28
ORD-2025-031294,2,PROD-034,3,9.01,24.84
ORD-2025-031295,1,PROD-041,1,11.83,11.12
ORD-2025-031296,1,PROD-044,1,40.85,39.2
ORD-2025-031296,2,PROD-059,1,52.11,49.31
ORD-2025-031297,1,PROD-006,1,32.39,26.09
ORD-2025-031298,1,PROD-004,1,20.28,18.29
ORD-2025-031299,1,PROD-008,1,9.9,9.75
ORD-2025-031299,2,PROD-022,2,9.01,16.91
ORD-2025-031299,3,PROD-040,3,15.21,41.79
ORD-2025-031300,1,PROD-002,3,11.9,34.93
ORD-2025-031300,2,PROD-005,1,20.28,18.64
ORD-2025-031300,3,PROD-004,1,20.28,19.7
ORD-2025-031301,1,PROD-002,1,11.9,9.32
ORD-2025-031301,2,PROD-015,2,26.76,42.23
ORD-2025-031302,1,PROD-051,1,36.06,32.31
ORD-2025-031302,2,PROD-003,1,14.37,13.24
ORD-2025-031302,3,PROD-021,1,15.49,14.14
ORD-2025-031303,1,PROD-055,1,74.65,72.25
ORD-2025-031304,1,PROD-027,1,21.13,19.04
ORD-2025-031304,2,PROD-032,2,19.72,29.77
ORD-2025-031305,1,PROD-010,3,38.03,110.18
ORD-2025-031306,1,PROD-025,1,21.97,18.19
ORD-2025-031307,1,PROD-023,1,7.89,7.59
ORD-2025-031308,1,PROD-010,1,38.03,27.91
ORD-2025-031309,1,PROD-001,3,12.9,37.69
ORD-2025-031309,2,PROD-006,1,32.39,29.62
ORD-2025-031310,1,PROD-008,2,9.9,18.9
ORD-2025-031310,2,PROD-050,1,61.97,58.84
ORD-2025-031310,3,PROD-044,1,40.85,39.02
ORD-2025-031311,1,PROD-026,1,14.65,11.84
ORD-2025-031312,1,PROD-004,3,20.28,54.86
ORD-2025-031313,1,PROD-050,1,61.97,52.08
ORD-2025-031314,1,PROD-026,1,14.65,14.13
ORD-2025-031314,2,PROD-003,1,14.37,13.44
ORD-2025-031315,1,PROD-005,2,20.28,33.57
ORD-2025-031315,2,PROD-023,2,7.89,15.29
ORD-2025-031315,3,PROD-026,1,14.65,11.3
ORD-2025-031315,4,PROD-036,1,11.55,9.05
ORD-2025-031316,1,PROD-005,1,20.28,16.65
ORD-2025-031317,1,PROD-001,2,12.9,23.72
ORD-2025-031318,1,PROD-040,2,15.21,28.01
ORD-2025-031318,2,PROD-049,1,80.28,74.21
ORD-2025-031318,3,PROD-020,2,10.14,19.38
ORD-2025-031319,1,PROD-003,3,14.37,41.34
ORD-2025-031319,2,PROD-027,1,21.13,17.12
ORD-2025-031319,3,PROD-004,2,20.28,39.01
ORD-2025-031320,1,PROD-006,2,32.39,63.89
ORD-2025-031321,1,PROD-004,2,20.28,38.99
ORD-2025-031322,1,PROD-004,3,20.28,58.35
ORD-2025-031322,2,PROD-051,1,36.06,33.58
ORD-2025-031322,3,PROD-040,4,15.21,58.86
ORD-2025-031323,1,PROD-003,1,14.37,13.4
ORD-2025-031323,2,PROD-006,1,32.39,31.99
ORD-2025-031324,1,PROD-023,1,7.89,7.7
ORD-2025-031324,2,PROD-014,1,9.9,9.51
ORD-2025-031324,3,PROD-027,1,21.13,19.46
ORD-2025-031325,1,PROD-032,2,19.72,37.16
ORD-2025-031326,1,PROD-022,1,9.01,8.1
ORD-2025-031326,2,PROD-060,1,42.25,36.97
ORD-2025-031326,3,PROD-004,1,20.28,17.8
ORD-2025-031327,1,PROD-004,1,20.28,19.2
ORD-2025-031327,2,PROD-002,1,11.9,11.63
ORD-2025-031328,1,PROD-036,1,11.55,10.67
ORD-2025-031328,2,PROD-002,2,11.9,22.73
ORD-2025-031329,1,PROD-041,4,11.83,44.37
ORD-2025-031330,1,PROD-025,1,21.97,21.39
ORD-2025-031331,1,PROD-002,1,11.9,11.61
ORD-2025-031332,1,PROD-023,1,7.89,6.81
ORD-2025-031333,1,PROD-003,1,14.37,12.1
ORD-2025-031333,2,PROD-058,1,39.44,37.15
ORD-2025-031334,1,PROD-023,1,7.89,7.57
ORD-2025-031335,1,PROD-010,1,38.03,35.9
ORD-2025-031336,1,PROD-012,2,18.5,35.67
ORD-2025-031337,1,PROD-008,1,9.9,9.13
ORD-2025-031338,1,PROD-006,1,32.39,31.42
ORD-2025-031339,1,PROD-028,1,17.18,16.97
ORD-2025-031339,2,PROD-016,2,8.9,17.56
ORD-2025-031339,3,PROD-024,2,8.73,16.9
ORD-2025-031340,1,PROD-042,3,73.24,215.59
ORD-2025-031341,1,PROD-010,1,38.03,19.4
ORD-2025-031342,1,PROD-034,3,9.01,26.63
ORD-2025-031342,2,PROD-004,1,20.28,16.44
ORD-2025-031343,1,PROD-017,1,12.5,11.47
ORD-2025-031344,1,PROD-013,1,11.9,11.61
ORD-2025-031345,1,PROD-023,2,7.89,12.32
ORD-2025-031346,1,PROD-008,3,9.9,22.68
ORD-2025-031347,1,PROD-011,1,14.9,13.4
ORD-2025-031348,1,PROD-004,1,20.28,19.11
ORD-2025-031349,1,PROD-002,1,11.9,10.07
ORD-2025-031349,2,PROD-004,2,20.28,29.46
ORD-2025-031349,3,PROD-003,2,14.37,25.39
ORD-2025-031349,4,PROD-026,1,14.65,12.21
ORD-2025-031350,1,PROD-008,1,9.9,9.17
ORD-2025-031351,1,PROD-004,1,20.28,19.43
ORD-2025-031352,1,PROD-005,1,20.28,16.92
ORD-2025-031352,2,PROD-038,4,7.89,28.75
ORD-2025-031352,3,PROD-032,2,19.72,24.69
ORD-2025-031353,1,PROD-029,1,24.79,23.45
ORD-2025-031354,1,PROD-004,1,20.28,16.33
ORD-2025-031354,2,PROD-034,1,9.01,6.76
ORD-2025-031354,3,PROD-008,1,9.9,5.78
ORD-2025-031355,1,PROD-036,1,11.55,7.25
ORD-2025-031355,2,PROD-002,1,11.9,7.31
ORD-2025-031356,1,PROD-044,1,40.85,37.35
ORD-2025-031357,1,PROD-053,2,53.52,105.32
ORD-2025-031358,1,PROD-023,1,7.89,7.22
ORD-2025-031359,1,PROD-010,1,38.03,28.05
ORD-2025-031360,1,PROD-038,2,7.89,14.71
ORD-2025-031360,2,PROD-041,1,11.83,11.38
ORD-2025-031361,1,PROD-007,1,17.18,15.6
ORD-2025-031362,1,PROD-001,1,12.9,11.54
ORD-2025-031362,2,PROD-008,3,9.9,28.3
ORD-2025-031362,3,PROD-037,2,9.86,16.13
ORD-2025-031363,1,PROD-032,1,19.72,13.46
ORD-2025-031364,1,PROD-029,1,24.79,21.09
ORD-2025-031364,2,PROD-010,1,38.03,34.34
ORD-2025-031365,1,PROD-040,1,15.21,12.24
ORD-2025-031366,1,PROD-038,2,7.89,14.95
ORD-2025-031366,2,PROD-002,1,11.9,9.87
ORD-2025-031367,1,PROD-020,1,10.14,9.49
ORD-2025-031367,2,PROD-013,2,11.9,20.56
ORD-2025-031367,3,PROD-007,1,17.18,14.94
ORD-2025-031368,1,PROD-004,1,20.28,17.67
ORD-2025-031369,1,PROD-023,1,7.89,7.34
ORD-2025-031369,2,PROD-040,1,15.21,14.92
ORD-2025-031369,3,PROD-008,1,9.9,9.48
ORD-2025-031369,4,PROD-002,1,11.9,11.15
ORD-2025-031369,5,PROD-004,1,20.28,19.46
ORD-2025-031370,1,PROD-002,1,11.9,10.35
ORD-2025-031370,2,PROD-023,1,7.89,6.7
ORD-2025-031370,3,PROD-005,1,20.28,18.72
ORD-2025-031371,1,PROD-012,2,18.5,25.18
ORD-2025-031372,1,PROD-008,2,9.9,18.9
ORD-2025-031372,2,PROD-010,1,38.03,35.24
ORD-2025-031373,1,PROD-004,1,20.28,19.84
ORD-2025-031374,1,PROD-034,1,9.01,8.27
ORD-2025-031375,1,PROD-002,1,11.9,11.56
ORD-2025-031375,2,PROD-004,3,20.28,52.64
ORD-2025-031376,1,PROD-004,1,20.28,13.39
ORD-2025-031376,2,PROD-034,2,9.01,12.54
ORD-2025-031376,3,PROD-048,1,55.77,52.1
ORD-2025-031377,1,PROD-020,2,10.14,10.73
ORD-2025-031378,1,PROD-027,1,21.13,21.07
ORD-2025-031379,1,PROD-033,1,52.11,34.86
ORD-2025-031380,1,PROD-041,2,11.83,21.96
ORD-2025-031381,1,PROD-027,1,21.13,18.11
ORD-2025-031382,1,PROD-023,1,7.89,7.74
ORD-2025-031383,1,PROD-030,1,49.3,42.79
ORD-2025-031384,1,PROD-023,2,7.89,15.12
ORD-2025-031385,1,PROD-001,1,12.9,12.47
ORD-2025-031385,2,PROD-037,2,9.86,19.13
ORD-2025-031385,3,PROD-036,1,11.55,11.43
ORD-2025-031386,1,PROD-008,1,9.9,9.71
ORD-2025-031387,1,PROD-008,1,9.9,8.11
ORD-2025-031387,2,PROD-016,2,8.9,8.08
ORD-2025-031388,1,PROD-023,1,7.89,5.24
ORD-2025-031388,2,PROD-020,2,10.14,17.17
ORD-2025-031388,3,PROD-022,2,9.01,16.26
ORD-2025-031389,1,PROD-038,2,7.89,13.96
ORD-2025-031390,1,PROD-027,1,21.13,16.53
ORD-2025-031391,1,PROD-044,1,40.85,39.85
ORD-2025-031392,1,PROD-034,4,9.01,30.55
ORD-2025-031393,1,PROD-020,1,10.14,8.72
ORD-2025-031393,2,PROD-007,2,17.18,17.29
ORD-2025-031393,3,PROD-003,2,14.37,23.62
ORD-2025-031394,1,PROD-004,1,20.28,17.14
ORD-2025-031395,1,PROD-060,1,42.25,41.05
ORD-2025-031396,1,PROD-007,1,17.18,16.71
ORD-2025-031397,1,PROD-001,1,12.9,10.34
ORD-2025-031398,1,PROD-005,1,20.28,16.87
ORD-2025-031399,1,PROD-004,2,20.28,30.71
ORD-2025-031400,1,PROD-006,2,32.39,61.75
ORD-2025-031400,2,PROD-041,1,11.83,11.73
ORD-2025-031401,1,PROD-008,1,9.9,8.69
ORD-2025-031402,1,PROD-005,1,20.28,18.84
ORD-2025-031402,2,PROD-022,1,9.01,7.72
ORD-2025-031403,1,PROD-039,2,8.17,12.61
ORD-2025-031404,1,PROD-005,2,20.28,37.11
ORD-2025-031405,1,PROD-035,2,10.14,19.57
ORD-2025-031406,1,PROD-014,1,9.9,9.63
ORD-2025-031407,1,PROD-006,1,32.39,29.72
ORD-2025-031408,1,PROD-024,1,8.73,7.3
ORD-2025-031409,1,PROD-026,2,14.65,27.64
ORD-2025-031410,1,PROD-008,1,9.9,9.04
ORD-2025-031411,1,PROD-004,2,20.28,39.38
ORD-2025-031412,1,PROD-032,2,19.72,32.02
ORD-2025-031413,1,PROD-006,1,32.39,32.33
ORD-2025-031413,2,PROD-005,1,20.28,19.92
ORD-2025-031414,1,PROD-005,2,20.28,36.54
ORD-2025-031414,2,PROD-031,1,53.52,51.96
ORD-2025-031414,3,PROD-040,2,15.21,25.88
ORD-2025-031415,1,PROD-004,3,20.28,39.58
ORD-2025-031415,2,PROD-040,1,15.21,9.54
ORD-2025-031416,1,PROD-008,1,9.9,8.81
ORD-2025-031416,2,PROD-004,1,20.28,18.21
ORD-2025-031417,1,PROD-005,2,20.28,40.13
ORD-2025-031417,2,PROD-053,1,53.52,52.36
ORD-2025-031418,1,PROD-002,2,11.9,23.64
ORD-2025-031419,1,PROD-010,1,38.03,30.99
ORD-2025-031419,2,PROD-038,1,7.89,5.97
ORD-2025-031419,3,PROD-008,1,9.9,8.67
ORD-2025-031420,1,PROD-012,1,18.5,18.43
ORD-2025-031420,2,PROD-004,1,20.28,16.29
ORD-2025-031421,1,PROD-008,2,9.9,18.5
ORD-2025-031421,2,PROD-005,3,20.28,60.6
ORD-2025-031422,1,PROD-003,1,14.37,12.58
ORD-2025-031423,1,PROD-005,1,20.28,19.52
ORD-2025-031424,1,PROD-001,1,12.9,12.11
ORD-2025-031425,1,PROD-008,2,9.9,18.33
ORD-2025-031426,1,PROD-012,1,18.5,16.76
ORD-2025-031426,2,PROD-038,1,7.89,7.29
ORD-2025-031427,1,PROD-004,2,20.28,39.79
ORD-2025-031428,1,PROD-022,1,9.01,8.16
ORD-2025-031428,2,PROD-008,2,9.9,19.45
ORD-2025-031428,3,PROD-004,2,20.28,39.74
ORD-2025-031428,4,PROD-006,1,32.39,27.98
ORD-2025-031429,1,PROD-010,1,38.03,0.0
ORD-2025-031429,2,PROD-008,3,9.9,27.03
ORD-2025-031429,3,PROD-038,1,7.89,6.14
ORD-2025-031430,1,PROD-044,1,40.85,39.67
ORD-2025-031431,1,PROD-008,1,9.9,9.8
ORD-2025-031432,1,PROD-001,2,12.9,22.74
ORD-2025-031433,1,PROD-004,2,20.28,35.7
ORD-2025-031434,1,PROD-005,2,20.28,36.1
ORD-2025-031434,2,PROD-050,1,61.97,37.8
ORD-2025-031434,3,PROD-008,1,9.9,8.44
ORD-2025-031435,1,PROD-041,2,11.83,21.09
ORD-2025-031435,2,PROD-007,3,17.18,42.75
ORD-2025-031436,1,PROD-041,4,11.83,45.47
ORD-2025-031436,2,PROD-005,2,20.28,39.68
ORD-2025-031436,3,PROD-008,2,9.9,18.29
ORD-2025-031436,4,PROD-003,1,14.37,10.28
ORD-2025-031436,5,PROD-001,2,12.9,18.22
ORD-2025-031437,1,PROD-040,1,15.21,14.2
ORD-2025-031437,2,PROD-004,1,20.28,18.39
ORD-2025-031438,1,PROD-017,1,12.5,10.23
ORD-2025-031439,1,PROD-008,1,9.9,8.33
ORD-2025-031440,1,PROD-014,2,9.9,19.58
ORD-2025-031440,2,PROD-010,1,38.03,36.11
ORD-2025-031441,1,PROD-005,1,20.28,18.98
ORD-2025-031441,2,PROD-034,1,9.01,8.9
ORD-2025-031441,3,PROD-035,2,10.14,19.36
ORD-2025-031442,1,PROD-051,1,36.06,35.01
ORD-2025-031443,1,PROD-051,1,36.06,32.35
ORD-2025-031443,2,PROD-004,2,20.28,39.16
ORD-2025-031443,3,PROD-002,3,11.9,35.17
ORD-2025-031444,1,PROD-013,1,11.9,7.52
ORD-2025-031445,1,PROD-034,1,9.01,8.4
ORD-2025-031445,2,PROD-010,2,38.03,68.51
ORD-2025-031446,1,PROD-003,1,14.37,14.27
ORD-2025-031446,2,PROD-039,1,8.17,7.85
ORD-2025-031446,3,PROD-002,1,11.9,11.51
ORD-2025-031447,1,PROD-041,3,11.83,32.65
ORD-2025-031447,2,PROD-012,1,18.5,12.84
ORD-2025-031448,1,PROD-005,1,20.28,12.72
ORD-2025-031448,2,PROD-034,2,9.01,16.34
ORD-2025-031449,1,PROD-020,2,10.14,18.96
ORD-2025-031450,1,PROD-007,1,17.18,16.62
ORD-2025-031451,1,PROD-004,1,20.28,18.5
ORD-2025-031451,2,PROD-041,1,11.83,7.94
ORD-2025-031452,1,PROD-017,1,12.5,11.45
ORD-2025-031452,2,PROD-004,2,20.28,40.06
ORD-2025-031452,3,PROD-005,1,20.28,19.48
ORD-2025-031452,4,PROD-006,2,32.39,54.91
ORD-2025-031452,5,PROD-008,2,9.9,18.88
ORD-2025-031453,1,PROD-028,2,17.18,32.93
ORD-2025-031453,2,PROD-034,1,9.01,8.68
ORD-2025-031454,1,PROD-001,1,12.9,11.73
ORD-2025-031455,1,PROD-041,1,11.83,10.68
ORD-2025-031456,1,PROD-007,1,17.18,15.35
ORD-2025-031456,2,PROD-041,1,11.83,10.65
ORD-2025-031457,1,PROD-001,1,12.9,10.51
ORD-2025-031458,1,PROD-027,1,21.13,18.72
ORD-2025-031458,2,PROD-030,1,49.3,43.17
ORD-2025-031458,3,PROD-010,3,38.03,97.06
ORD-2025-031459,1,PROD-011,3,14.9,42.15
ORD-2025-031460,1,PROD-038,1,7.89,7.26
ORD-2025-031461,1,PROD-036,2,11.55,19.61
ORD-2025-031462,1,PROD-040,1,15.21,14.93
ORD-2025-031462,2,PROD-017,3,12.5,36.0
ORD-2025-031462,3,PROD-004,2,20.28,33.35
ORD-2025-031463,1,PROD-039,1,8.17,5.52
ORD-2025-031464,1,PROD-003,2,14.37,25.19
ORD-2025-031464,2,PROD-004,2,20.28,36.25
ORD-2025-031465,1,PROD-017,1,12.5,11.75
ORD-2025-031465,2,PROD-010,3,38.03,104.19
ORD-2025-031465,3,PROD-022,1,9.01,7.12
ORD-2025-031466,1,PROD-001,1,12.9,10.97
ORD-2025-031467,1,PROD-008,2,9.9,18.71
ORD-2025-031468,1,PROD-002,2,11.9,16.77
ORD-2025-031469,1,PROD-001,1,12.9,10.63
ORD-2025-031470,1,PROD-002,1,11.9,10.88
ORD-2025-031470,2,PROD-008,3,9.9,25.74
ORD-2025-031471,1,PROD-041,2,11.83,22.51
ORD-2025-031471,2,PROD-004,1,20.28,19.74
ORD-2025-031472,1,PROD-048,1,55.77,34.37
ORD-2025-031472,2,PROD-008,2,9.9,14.02
ORD-2025-031473,1,PROD-002,2,11.9,20.85
ORD-2025-031474,1,PROD-027,1,21.13,18.6
ORD-2025-031475,1,PROD-002,1,11.9,9.94
ORD-2025-031475,2,PROD-007,3,17.18,41.86
ORD-2025-031476,1,PROD-015,1,26.76,21.29
ORD-2025-031477,1,PROD-013,2,11.9,22.63
ORD-2025-031478,1,PROD-008,1,9.9,9.57
ORD-2025-031478,2,PROD-001,2,12.9,25.29
ORD-2025-031479,1,PROD-013,1,11.9,11.87
ORD-2025-031479,2,PROD-032,2,19.72,37.92
ORD-2025-031480,1,PROD-020,2,10.14,16.76
ORD-2025-031480,2,PROD-007,1,17.18,9.82
ORD-2025-031481,1,PROD-008,1,9.9,9.19
ORD-2025-031482,1,PROD-001,2,12.9,22.31
ORD-2025-031483,1,PROD-047,1,108.45,101.9
ORD-2025-031484,1,PROD-037,1,9.86,9.29
ORD-2025-031484,2,PROD-005,1,20.28,18.77
ORD-2025-031485,1,PROD-005,2,20.28,38.66
ORD-2025-031486,1,PROD-003,1,14.37,13.23
ORD-2025-031486,2,PROD-047,1,108.45,97.47
ORD-2025-031487,1,PROD-021,1,15.49,14.94
ORD-2025-031488,1,PROD-008,2,9.9,18.5
ORD-2025-031488,2,PROD-037,2,9.86,15.61
ORD-2025-031488,3,PROD-022,1,9.01,8.52
ORD-2025-031489,1,PROD-004,1,20.28,20.19
ORD-2025-031490,1,PROD-039,1,8.17,8.08
ORD-2025-031491,1,PROD-033,1,52.11,50.57
ORD-2025-031491,2,PROD-003,2,14.37,27.07
ORD-2025-031492,1,PROD-041,1,11.83,10.38
ORD-2025-031493,1,PROD-010,1,38.03,36.31
ORD-2025-031494,1,PROD-006,1,32.39,29.13
ORD-2025-031494,2,PROD-005,1,20.28,17.74
ORD-2025-031495,1,PROD-029,1,24.79,23.28
ORD-2025-031495,2,PROD-010,1,38.03,33.73
ORD-2025-031495,3,PROD-005,2,20.28,36.03
ORD-2025-031496,1,PROD-006,3,32.39,80.44
ORD-2025-031497,1,PROD-006,2,32.39,60.03
ORD-2025-031497,2,PROD-034,3,9.01,26.37
ORD-2025-031498,1,PROD-004,1,20.28,19.19
ORD-2025-031499,1,PROD-026,2,14.65,24.02
ORD-2025-031500,1,PROD-037,1,9.86,9.08
ORD-2025-031500,2,PROD-032,2,19.72,35.49
ORD-2025-031500,3,PROD-036,2,11.55,22.04
ORD-2025-031501,1,PROD-015,1,26.76,15.43
ORD-2025-031501,2,PROD-040,1,15.21,14.5
ORD-2025-031502,1,PROD-002,1,11.9,9.97
ORD-2025-031502,2,PROD-026,1,14.65,11.09
ORD-2025-031502,3,PROD-038,2,7.89,13.96
ORD-2025-031502,4,PROD-006,1,32.39,30.98
ORD-2025-031502,5,PROD-040,1,15.21,14.46
ORD-2025-031503,1,PROD-014,2,9.9,19.79
ORD-2025-031504,1,PROD-008,1,9.9,9.59
ORD-2025-031504,2,PROD-031,1,53.52,47.98
ORD-2025-031504,3,PROD-028,2,17.18,28.3
ORD-2025-031505,1,PROD-023,1,7.89,7.52
ORD-2025-031505,2,PROD-006,1,32.39,28.23
ORD-2025-031505,3,PROD-028,2,17.18,32.41
ORD-2025-031506,1,PROD-008,2,9.9,19.39
ORD-2025-031507,1,PROD-010,1,38.03,36.64
ORD-2025-031507,2,PROD-002,1,11.9,10.37
ORD-2025-031507,3,PROD-008,2,9.9,12.44
ORD-2025-031508,1,PROD-001,3,12.9,36.09
ORD-2025-031509,1,PROD-005,2,20.28,39.49
ORD-2025-031509,2,PROD-010,2,38.03,74.02
ORD-2025-031509,3,PROD-004,1,20.28,20.07
ORD-2025-031509,4,PROD-008,1,9.9,9.83
ORD-2025-031509,5,PROD-015,1,26.76,26.1
ORD-2025-031510,1,PROD-008,1,9.9,9.35
ORD-2025-031510,2,PROD-051,1,36.06,31.61
ORD-2025-031511,1,PROD-036,2,11.55,15.13
ORD-2025-031511,2,PROD-010,2,38.03,68.86
ORD-2025-031511,3,PROD-004,1,20.28,19.33
ORD-2025-031512,1,PROD-003,2,14.37,27.16
ORD-2025-031513,1,PROD-047,1,108.45,92.02
ORD-2025-031513,2,PROD-006,1,32.39,31.31
ORD-2025-031514,1,PROD-007,2,17.18,31.8
ORD-2025-031514,2,PROD-005,2,20.28,38.48
ORD-2025-031514,3,PROD-003,1,14.37,12.66
ORD-2025-031515,1,PROD-010,2,38.03,73.57
ORD-2025-031516,1,PROD-004,1,20.28,19.74
ORD-2025-031516,2,PROD-005,2,20.28,38.71
ORD-2025-031517,1,PROD-044,1,40.85,39.46
ORD-2025-031518,1,PROD-007,1,17.18,15.72
ORD-2025-031519,1,PROD-001,1,12.9,10.8
ORD-2025-031520,1,PROD-006,1,32.39,31.09
ORD-2025-031520,2,PROD-015,1,26.76,24.53
ORD-2025-031521,1,PROD-035,4,10.14,39.24
ORD-2025-031521,2,PROD-004,2,20.28,35.95
ORD-2025-031521,3,PROD-028,1,17.18,13.2
ORD-2025-031522,1,PROD-006,2,32.39,59.25
ORD-2025-031522,2,PROD-007,1,17.18,15.45
ORD-2025-031522,3,PROD-037,1,9.86,8.18
ORD-2025-031523,1,PROD-007,2,17.18,33.16
ORD-2025-031524,1,PROD-032,1,19.72,19.06
ORD-2025-031525,1,PROD-004,1,20.28,17.2
ORD-2025-031526,1,PROD-034,1,9.01,7.53
ORD-2025-031526,2,PROD-004,1,20.28,18.98
ORD-2025-031526,3,PROD-003,2,14.37,26.46
ORD-2025-031527,1,PROD-001,1,12.9,10.19
ORD-2025-031527,2,PROD-007,1,17.18,15.31
ORD-2025-031527,3,PROD-034,1,9.01,7.99
ORD-2025-031528,1,PROD-053,1,53.52,24.08
ORD-2025-031529,1,PROD-020,2,10.14,19.3
ORD-2025-031530,1,PROD-002,2,11.9,22.69
ORD-2025-031531,1,PROD-028,1,17.18,16.23
ORD-2025-031532,1,PROD-012,2,18.5,35.85
ORD-2025-031533,1,PROD-001,2,12.9,23.76
ORD-2025-031533,2,PROD-002,1,11.9,11.19
ORD-2025-031534,1,PROD-019,1,29.58,24.3
ORD-2025-031534,2,PROD-001,1,12.9,12.09
ORD-2025-031535,1,PROD-007,2,17.18,32.17
ORD-2025-031536,1,PROD-031,1,53.52,50.62
ORD-2025-031536,2,PROD-004,1,20.28,18.79
ORD-2025-031536,3,PROD-030,1,49.3,49.18
ORD-2025-031537,1,PROD-033,1,52.11,49.88
ORD-2025-031537,2,PROD-003,3,14.37,42.74
ORD-2025-031538,1,PROD-005,2,20.28,38.71
ORD-2025-031539,1,PROD-060,1,42.25,41.48
ORD-2025-031539,2,PROD-005,2,20.28,39.35
ORD-2025-031540,1,PROD-008,2,9.9,19.11
ORD-2025-031541,1,PROD-022,1,9.01,7.35
ORD-2025-031542,1,PROD-008,1,9.9,8.56
ORD-2025-031543,1,PROD-049,1,80.28,75.62
ORD-2025-031543,2,PROD-006,1,32.39,28.9
ORD-2025-031544,1,PROD-004,2,20.28,39.71
ORD-2025-031545,1,PROD-005,1,20.28,18.94
ORD-2025-031546,1,PROD-021,2,15.49,30.26
ORD-2025-031547,1,PROD-005,1,20.28,20.18
ORD-2025-031547,2,PROD-038,3,7.89,22.99
ORD-2025-031547,3,PROD-024,1,8.73,8.67
ORD-2025-031548,1,PROD-001,2,12.9,24.4
ORD-2025-031549,1,PROD-005,1,20.28,15.82
ORD-2025-031550,1,PROD-005,1,20.28,18.41
ORD-2025-031551,1,PROD-041,2,11.83,23.17
ORD-2025-031552,1,PROD-006,1,32.39,32.0
ORD-2025-031553,1,PROD-003,1,14.37,14.29
ORD-2025-031554,1,PROD-002,1,11.9,11.5
ORD-2025-031555,1,PROD-011,2,14.9,25.65
ORD-2025-031556,1,PROD-008,2,9.9,18.74
ORD-2025-031557,1,PROD-034,1,9.01,8.34
ORD-2025-031558,1,PROD-002,1,11.9,11.17
ORD-2025-031558,2,PROD-006,1,32.39,30.62
ORD-2025-031558,3,PROD-005,1,20.28,20.21
ORD-2025-031559,1,PROD-006,1,32.39,32.04
ORD-2025-031560,1,PROD-004,1,20.28,18.36
ORD-2025-031561,1,PROD-003,2,14.37,27.33
ORD-2025-031562,1,PROD-041,2,11.83,23.0
ORD-2025-031562,2,PROD-006,2,32.39,63.5
ORD-2025-031563,1,PROD-036,2,11.55,21.33
ORD-2025-031564,1,PROD-011,2,14.9,27.3
ORD-2025-031564,2,PROD-039,2,8.17,15.97
ORD-2025-031565,1,PROD-003,2,14.37,28.37
ORD-2025-031566,1,PROD-010,2,38.03,74.33
ORD-2025-031567,1,PROD-038,2,7.89,13.5
ORD-2025-031568,1,PROD-003,3,14.37,38.59
ORD-2025-031568,2,PROD-001,1,12.9,12.47
ORD-2025-031569,1,PROD-003,2,14.37,27.78
ORD-2025-031569,2,PROD-036,1,11.55,9.89
ORD-2025-031570,1,PROD-037,1,9.86,8.65
ORD-2025-031570,2,PROD-005,1,20.28,14.64
ORD-2025-031570,3,PROD-038,3,7.89,21.49
ORD-2025-031571,1,PROD-002,1,11.9,11.49
ORD-2025-031572,1,PROD-007,1,17.18,14.63
ORD-2025-031572,2,PROD-004,1,20.28,18.56
ORD-2025-031573,1,PROD-027,1,21.13,20.43
ORD-2025-031573,2,PROD-007,2,17.18,
ORD-2025-031574,1,PROD-015,1,26.76,26.44
ORD-2025-031574,2,PROD-004,1,20.28,19.3
ORD-2025-031574,3,PROD-051,1,36.06,32.07
ORD-2025-031575,1,PROD-008,3,9.9,26.18
ORD-2025-031576,1,PROD-010,1,38.03,34.5
ORD-2025-031576,2,PROD-005,1,20.28,19.02
ORD-2025-031576,3,PROD-044,1,40.85,26.85
ORD-2025-031577,1,PROD-002,1,11.9,11.47
ORD-2025-031578,1,PROD-005,1,20.28,19.1
ORD-2025-031578,2,PROD-034,4,9.01,34.09
ORD-2025-031578,3,PROD-014,1,9.9,9.35
ORD-2025-031578,4,PROD-044,1,40.85,39.41
ORD-2025-031579,1,PROD-042,1,73.24,62.97
ORD-2025-031579,2,PROD-005,1,20.28,17.54
ORD-2025-031580,1,PROD-008,2,9.9,18.82
ORD-2025-031581,1,PROD-037,3,9.86,26.81
ORD-2025-031582,1,PROD-004,2,20.28,37.39
ORD-2025-031583,1,PROD-007,1,17.18,14.68
ORD-2025-031584,1,PROD-016,2,8.9,16.43
ORD-2025-031584,2,PROD-003,2,14.37,23.81
ORD-2025-031585,1,PROD-027,1,21.13,20.61
ORD-2025-031585,2,PROD-060,1,42.25,40.93
ORD-2025-031586,1,PROD-005,2,20.28,36.49
ORD-2025-031586,2,PROD-006,1,32.39,30.7
ORD-2025-031587,1,PROD-027,1,21.13,18.96
ORD-2025-031587,2,PROD-001,1,12.9,11.62
ORD-2025-031587,3,PROD-028,1,17.18,14.75
ORD-2025-031588,1,PROD-003,1,14.37,12.21
ORD-2025-031589,1,PROD-032,3,19.72,53.56
ORD-2025-031590,1,PROD-004,1,20.28,19.3
ORD-2025-031591,1,PROD-005,1,20.28,18.12
ORD-2025-031592,1,PROD-001,1,12.9,12.23
ORD-2025-031592,2,PROD-052,1,46.48,38.55
ORD-2025-031593,1,PROD-004,3,20.28,52.33
ORD-2025-031593,2,PROD-006,1,32.39,31.07
ORD-2025-031594,1,PROD-004,1,20.28,19.5
ORD-2025-031594,2,PROD-036,2,11.55,20.74
ORD-2025-031594,3,PROD-034,1,9.01,8.78
ORD-2025-031595,1,PROD-005,3,20.28,41.78
ORD-2025-031595,2,PROD-034,3,9.01,22.72
ORD-2025-031596,1,PROD-035,2,10.14,17.76
ORD-2025-031597,1,PROD-001,2,12.9,18.34
ORD-2025-031598,1,PROD-008,1,9.9,7.82
ORD-2025-031598,2,PROD-005,1,20.28,11.05
ORD-2025-031598,3,PROD-035,1,10.14,9.79
ORD-2025-031599,1,PROD-007,1,17.18,17.12
ORD-2025-031600,1,PROD-036,1,11.55,11.12
ORD-2025-031601,1,PROD-008,2,9.9,18.28
ORD-2025-031602,1,PROD-005,1,20.28,19.49
ORD-2025-031603,1,PROD-041,1,11.83,11.13
ORD-2025-031603,2,PROD-005,1,20.28,15.6
ORD-2025-031603,3,PROD-036,2,11.55,23.01
ORD-2025-031604,1,PROD-011,3,14.9,38.68
ORD-2025-031604,2,PROD-032,1,19.72,15.78
ORD-2025-031604,3,PROD-004,1,20.28,19.48
ORD-2025-031604,4,PROD-025,2,21.97,39.11
ORD-2025-031604,5,PROD-001,1,12.9,12.02
ORD-2025-031605,1,PROD-034,1,9.01,8.96
ORD-2025-031606,1,PROD-007,1,17.18,14.74
ORD-2025-031607,1,PROD-048,2,55.77,82.96
ORD-2025-031607,2,PROD-024,1,8.73,5.93
ORD-2025-031608,1,PROD-011,2,14.9,27.03
ORD-2025-031609,1,PROD-008,3,9.9,25.71
ORD-2025-031610,1,PROD-038,2,7.89,14.18
ORD-2025-031610,2,PROD-004,1,20.28,18.54
ORD-2025-031610,3,PROD-035,2,10.14,19.31
ORD-2025-031611,1,PROD-051,1,36.06,30.86
ORD-2025-031612,1,PROD-039,2,8.17,13.86
ORD-2025-031612,2,PROD-001,1,12.9,12.66
ORD-2025-031613,1,PROD-005,1,20.28,17.67
ORD-2025-031613,2,PROD-001,1,12.9,11.48
ORD-2025-031613,3,PROD-002,3,11.9,33.51
ORD-2025-031614,1,PROD-005,1,20.28,17.17
ORD-2025-031614,2,PROD-042,3,73.24,207.22
ORD-2025-031615,1,PROD-025,1,21.97,18.77
ORD-2025-031615,2,PROD-041,2,11.83,20.74
ORD-2025-031616,1,PROD-022,1,9.01,7.91
ORD-2025-031616,2,PROD-039,4,8.17,27.67
ORD-2025-031617,1,PROD-007,1,17.18,17.03
ORD-2025-031617,2,PROD-003,1,14.37,14.31
ORD-2025-031618,1,PROD-003,1,14.37,14.19
ORD-2025-031619,1,PROD-006,1,32.39,29.8
ORD-2025-031620,1,PROD-007,3,17.18,51.43
ORD-2025-031620,2,PROD-004,1,20.28,18.51
ORD-2025-031620,3,PROD-008,1,9.9,9.77
ORD-2025-031620,4,PROD-027,1,21.13,21.0
ORD-2025-031621,1,PROD-036,1,11.55,11.26
ORD-2025-031621,2,PROD-025,2,21.97,42.71
ORD-2025-031621,3,PROD-003,1,14.37,13.76
ORD-2025-031622,1,PROD-052,2,46.48,80.57
ORD-2025-031623,1,PROD-001,2,12.9,24.15
ORD-2025-031624,1,PROD-054,1,59.15,47.79
ORD-2025-031624,2,PROD-006,2,32.39,59.8
ORD-2025-031625,1,PROD-003,1,14.37,13.74
ORD-2025-031625,2,PROD-006,2,32.39,56.97
ORD-2025-031626,1,PROD-037,2,9.86,16.79
ORD-2025-031627,1,PROD-002,1,11.9,11.21
ORD-2025-031628,1,PROD-020,1,10.14,9.9
ORD-2025-031629,1,PROD-005,2,20.28,35.1
ORD-2025-031630,1,PROD-037,3,9.86,28.53
ORD-2025-031630,2,PROD-008,1,9.9,9.69
ORD-2025-031631,1,PROD-003,1,14.37,12.89
ORD-2025-031631,2,PROD-029,1,24.79,22.75
ORD-2025-031632,1,PROD-013,1,11.9,9.77
ORD-2025-031632,2,PROD-003,1,14.37,12.69
ORD-2025-031633,1,PROD-054,1,59.15,45.1
ORD-2025-031634,1,PROD-003,2,14.37,28.28
ORD-2025-031634,2,PROD-034,1,9.01,8.8
ORD-2025-031635,1,PROD-008,1,9.9,9.64
ORD-2025-031636,1,PROD-010,1,38.03,33.52
ORD-2025-031636,2,PROD-034,1,9.01,8.15
ORD-2025-031636,3,PROD-002,3,11.9,33.52
ORD-2025-031637,1,PROD-016,1,8.9,8.32
ORD-2025-031638,1,PROD-002,2,11.9,23.55
ORD-2025-031638,2,PROD-035,1,10.14,10.06
ORD-2025-031639,1,PROD-036,2,11.55,22.8
ORD-2025-031639,2,PROD-016,1,8.9,8.34
ORD-2025-031640,1,PROD-004,2,20.28,36.13
ORD-2025-031640,2,PROD-010,2,38.03,66.32
ORD-2025-031641,1,PROD-008,1,9.9,9.04
ORD-2025-031641,2,PROD-035,3,10.14,28.2
ORD-2025-031642,1,PROD-015,1,26.76,25.49
ORD-2025-031643,1,PROD-005,2,20.28,36.71
ORD-2025-031644,1,PROD-036,1,11.55,11.34
ORD-2025-031644,2,PROD-005,2,20.28,39.51
ORD-2025-031644,3,PROD-026,1,14.65,14.43
ORD-2025-031645,1,PROD-003,2,14.37,24.98
ORD-2025-031646,1,PROD-002,2,11.9,21.32
ORD-2025-031647,1,PROD-025,2,21.97,37.0
ORD-2025-031648,1,PROD-002,2,11.9,16.32
ORD-2025-031648,2,PROD-008,2,9.9,17.99
ORD-2025-031649,1,PROD-038,1,7.89,7.77
ORD-2025-031649,2,PROD-008,1,9.9,9.66
ORD-2025-031649,3,PROD-049,1,80.28,79.21
ORD-2025-031649,4,PROD-001,2,12.9,24.97
ORD-2025-031650,1,PROD-008,3,9.9,29.47
ORD-2025-031650,2,PROD-003,2,14.37,27.69
ORD-2025-031651,1,PROD-007,1,17.18,17.04
ORD-2025-031652,1,PROD-006,1,32.39,31.38
ORD-2025-031653,1,PROD-004,3,20.28,48.1
ORD-2025-031653,2,PROD-030,1,49.3,39.29
ORD-2025-031654,1,PROD-006,1,32.39,31.98
ORD-2025-031654,2,PROD-038,3,7.89,22.69
ORD-2025-031655,1,PROD-051,1,36.06,32.81
ORD-2025-031656,1,PROD-016,1,8.9,0.0
ORD-2025-031657,1,PROD-034,3,9.01,20.19
ORD-2025-031657,2,PROD-001,2,12.9,19.11
ORD-2025-031657,3,PROD-020,1,10.14,9.85
ORD-2025-031658,1,PROD-040,3,15.21,42.11
ORD-2025-031659,1,PROD-036,1,11.55,11.14
ORD-2025-031660,1,PROD-041,1,11.83,9.34
ORD-2025-031660,2,PROD-060,1,42.25,38.57
ORD-2025-031661,1,PROD-055,1,74.65,64.0
ORD-2025-031661,2,PROD-047,1,108.45,91.91
ORD-2025-031662,1,PROD-001,2,12.9,25.36
ORD-2025-031663,1,PROD-037,1,9.86,9.26
ORD-2025-031663,2,PROD-005,2,20.28,38.22
ORD-2025-031664,1,PROD-005,2,20.28,33.6
ORD-2025-031665,1,PROD-005,3,20.28,59.31
ORD-2025-031666,1,PROD-013,1,11.9,8.72
ORD-2025-031666,2,PROD-011,1,14.9,13.67
ORD-2025-031666,3,PROD-007,2,17.18,31.55
ORD-2025-031667,1,PROD-054,1,59.15,54.96
ORD-2025-031668,1,PROD-044,1,40.85,37.39
ORD-2025-031668,2,PROD-008,1,9.9,9.3
ORD-2025-031669,1,PROD-036,1,11.55,10.11
ORD-2025-031669,2,PROD-011,1,14.9,13.81
ORD-2025-031669,3,PROD-004,1,20.28,20.11
ORD-2025-031670,1,PROD-010,1,38.03,36.77
ORD-2025-031671,1,PROD-028,1,17.18,14.59
ORD-2025-031672,1,PROD-039,1,8.17,7.71
ORD-2025-031672,2,PROD-002,2,11.9,22.88
ORD-2025-031672,3,PROD-013,2,11.9,23.5
ORD-2025-031673,1,PROD-008,1,9.9,9.57
ORD-2025-031673,2,PROD-035,1,10.14,10.13
ORD-2025-031674,1,PROD-008,1,9.9,8.44
ORD-2025-031674,2,PROD-002,1,11.9,11.08
ORD-2025-031674,3,PROD-001,1,12.9,10.04
ORD-2025-031674,4,PROD-005,1,20.28,17.22
ORD-2025-031675,1,PROD-003,3,14.37,41.28
ORD-2025-031676,1,PROD-013,1,11.9,11.44
ORD-2025-031676,2,PROD-044,1,40.85,27.9
ORD-2025-031677,1,PROD-034,2,9.01,17.27
ORD-2025-031677,2,PROD-001,2,12.9,25.3
ORD-2025-031678,1,PROD-010,2,38.03,74.5
ORD-2025-031679,1,PROD-006,1,32.39,30.18
ORD-2025-031680,1,PROD-010,1,38.03,33.53
ORD-2025-031681,1,PROD-006,1,32.39,28.28
ORD-2025-031681,2,PROD-002,1,11.9,11.43
ORD-2025-031682,1,PROD-027,1,21.13,19.03
ORD-2025-031683,1,PROD-007,1,17.18,12.88
ORD-2025-031684,1,PROD-011,1,14.9,13.29
ORD-2025-031684,2,PROD-017,3,12.5,31.72
ORD-2025-031684,3,PROD-008,2,9.9,16.21
ORD-2025-031685,1,PROD-001,1,12.9,12.06
ORD-2025-031685,2,PROD-041,4,11.83,45.43
ORD-2025-031685,3,PROD-060,1,42.25,39.63
ORD-2025-031686,1,PROD-023,1,7.89,7.84
ORD-2025-031686,2,PROD-031,2,53.52,105.06
ORD-2025-031687,1,PROD-007,2,17.18,28.1
ORD-2025-031687,2,PROD-051,1,36.06,30.75
ORD-2025-031687,3,PROD-002,2,11.9,19.75
ORD-2025-031688,1,PROD-001,2,12.9,24.59
ORD-2025-031689,1,PROD-002,2,11.9,21.9
ORD-2025-031690,1,PROD-008,1,9.9,9.22
ORD-2025-031691,1,PROD-011,2,14.9,21.48
ORD-2025-031692,1,PROD-006,2,32.39,60.34
ORD-2025-031693,1,PROD-004,2,20.28,35.22
ORD-2025-031693,2,PROD-005,1,20.28,18.89
ORD-2025-031693,3,PROD-008,1,9.9,8.69
ORD-2025-031694,1,PROD-001,1,12.9,12.31
ORD-2025-031695,1,PROD-026,1,14.65,11.84
ORD-2025-031696,1,PROD-002,1,11.9,11.53
ORD-2025-031696,2,PROD-004,2,20.28,38.12
ORD-2025-031697,1,PROD-007,1,17.18,16.44
ORD-2025-031697,2,PROD-034,4,9.01,35.61
ORD-2025-031697,3,PROD-044,1,40.85,38.07
ORD-2025-031697,4,PROD-038,2,7.89,15.26
ORD-2025-031698,1,PROD-004,1,20.28,15.48
ORD-2025-031699,1,PROD-001,2,12.9,25.57
ORD-2025-031699,2,PROD-006,1,32.39,28.99
ORD-2025-031700,1,PROD-004,1,20.28,19.55
ORD-2025-031700,2,PROD-014,1,9.9,8.44
ORD-2025-031701,1,PROD-008,1,9.9,8.58
ORD-2025-031702,1,PROD-008,1,9.9,7.18
ORD-2025-031703,1,PROD-003,1,14.37,14.19
ORD-2025-031704,1,PROD-005,1,20.28,19.51
ORD-2025-031705,1,PROD-003,3,14.37,33.78
ORD-2025-031706,1,PROD-006,2,32.39,63.02
ORD-2025-031706,2,PROD-004,1,20.28,19.74
ORD-2025-031707,1,PROD-006,1,32.39,26.07
ORD-2025-031708,1,PROD-040,2,15.21,27.67
ORD-2025-031709,1,PROD-006,2,32.39,61.53
ORD-2025-031710,1,PROD-008,2,9.9,19.51
ORD-2025-031710,2,PROD-034,1,9.01,8.63
ORD-2025-031711,1,PROD-001,2,12.9,25.21
ORD-2025-031711,2,PROD-003,3,14.37,42.54
ORD-2025-031712,1,PROD-023,1,7.89,7.17
ORD-2025-031712,2,PROD-038,1,7.89,6.93
ORD-2025-031713,1,PROD-036,3,11.55,24.97
ORD-2025-031714,1,PROD-048,1,55.77,43.97
ORD-2025-031715,1,PROD-046,1,259.15,144.66
ORD-2025-031716,1,PROD-005,1,20.28,17.43
ORD-2025-031716,2,PROD-021,1,15.49,15.15
ORD-2025-031717,1,PROD-030,1,49.3,47.73
ORD-2025-031717,2,PROD-005,1,20.28,17.95
ORD-2025-031718,1,PROD-005,2,20.28,38.54
ORD-2025-031718,2,PROD-008,3,9.9,27.86
ORD-2025-031718,3,PROD-036,2,11.55,22.55
ORD-2025-031719,1,PROD-005,1,20.28,15.17
ORD-2025-031720,1,PROD-036,2,11.55,21.43
ORD-2025-031721,1,PROD-050,1,61.97,57.04
ORD-2025-031722,1,PROD-008,2,9.9,18.68
ORD-2025-031723,1,PROD-004,1,20.28,19.58
ORD-2025-031724,1,PROD-047,1,108.45,107.04
ORD-2025-031724,2,PROD-013,1,11.9,8.55
ORD-2025-031725,1,PROD-008,1,9.9,8.54
ORD-2025-031726,1,PROD-014,3,9.9,29.36
ORD-2025-031726,2,PROD-004,1,20.28,19.59
ORD-2025-031727,1,PROD-008,1,9.9,7.38
ORD-2025-031727,2,PROD-035,2,10.14,18.2
ORD-2025-031728,1,PROD-007,2,17.18,30.96
ORD-2025-031729,1,PROD-005,3,20.28,55.59
ORD-2025-031730,1,PROD-034,1,9.01,7.79
ORD-2025-031731,1,PROD-006,1,32.39,31.6
ORD-2025-031731,2,PROD-019,1,29.58,27.51
ORD-2025-031732,1,PROD-001,2,12.9,24.68
ORD-2025-031733,1,PROD-008,3,9.9,29.4
ORD-2025-031734,1,PROD-038,1,7.89,6.07
ORD-2025-031735,1,PROD-038,2,7.89,14.49
ORD-2025-031736,1,PROD-012,3,18.5,24.97
ORD-2025-031737,1,PROD-003,1,14.37,13.56
ORD-2025-031738,1,PROD-006,1,32.39,30.98
ORD-2025-031738,2,PROD-001,2,12.9,25.58
ORD-2025-031739,1,PROD-001,1,12.9,12.09
 ORD-2025-031740 ,1,PROD-007,2,17.18,33.86
ORD-2025-031741,1,PROD-004,2,20.28,36.68
ORD-2025-031742,1,PROD-020,2,10.14,18.78
ORD-2025-031743,1,PROD-006,2,32.39,61.84
ORD-2025-031744,1,PROD-010,1,38.03,34.11
ORD-2025-031744,2,PROD-006,1,32.39,31.16
ORD-2025-031745,1,PROD-028,1,17.18,8.23
ORD-2025-031745,2,PROD-032,1,19.72,13.17
ORD-2025-031746,1,PROD-003,1,14.37,13.42
ORD-2025-031747,1,PROD-004,2,20.28,39.25
ORD-2025-031748,1,PROD-001,1,12.9,8.97
ORD-2025-031749,1,PROD-002,3,11.9,33.26
ORD-2025-031749,2,PROD-003,3,14.37,35.61
ORD-2025-031750,1,PROD-002,1,11.9,11.23
ORD-2025-031750,2,PROD-027,1,21.13,17.58
ORD-2025-031750,3,PROD-044,1,40.85,39.8
ORD-2025-031750,4,PROD-035,1,10.14,9.72
ORD-2025-031751,1,PROD-013,1,11.9,10.23
ORD-2025-031752,1,PROD-008,1,9.9,5.9
ORD-2025-031753,1,PROD-008,1,9.9,8.98
ORD-2025-031753,2,PROD-005,2,20.28,37.79
ORD-2025-031754,1,PROD-037,1,9.86,9.09
ORD-2025-031755,1,PROD-003,1,14.37,12.91
ORD-2025-031756,1,PROD-007,1,17.18,0.0
ORD-2025-031757,1,PROD-026,1,14.65,13.22
ORD-2025-031757,2,PROD-030,2,49.3,94.57
ORD-2025-031758,1,PROD-008,1,9.9,9.56
ORD-2025-031758,2,PROD-024,1,8.73,7.55
ORD-2025-031759,1,PROD-007,1,17.18,15.68
ORD-2025-031759,2,PROD-014,1,9.9,9.6
ORD-2025-031759,3,PROD-050,1,61.97,58.75
ORD-2025-031759,4,PROD-004,2,20.28,39.27
ORD-2025-031759,5,PROD-001,2,12.9,24.49
ORD-2025-031760,1,PROD-022,1,9.01,8.9
ORD-2025-031761,1,PROD-006,2,32.39,60.41
ORD-2025-031762,1,PROD-039,3,8.17,18.25
ORD-2025-031763,1,PROD-039,1,8.17,8.07
ORD-2025-031764,1,PROD-008,1,9.9,9.53
ORD-2025-031764,2,PROD-045,1,72.68,71.04
ORD-2025-031764,3,PROD-034,3,9.01,25.0
ORD-2025-031764,4,PROD-033,2,52.11,92.68
ORD-2025-031764,5,PROD-048,1,55.77,53.59
ORD-2025-031765,1,PROD-005,1,20.28,17.9
ORD-2025-031765,2,PROD-003,3,14.37,38.22
ORD-2025-031765,3,PROD-004,1,20.28,19.24
ORD-2025-031765,4,PROD-034,1,9.01,8.74
ORD-2025-031766,1,PROD-008,1,9.9,7.78
ORD-2025-031766,2,PROD-034,2,9.01,15.54
ORD-2025-031766,3,PROD-001,1,12.9,8.33
ORD-2025-031766,4,PROD-012,3,18.5,50.38
ORD-2025-031767,1,PROD-003,1,14.37,12.84
ORD-2025-031768,1,PROD-006,2,32.39,60.93
ORD-2025-031768,2,PROD-002,1,11.9,9.24
ORD-2025-031768,3,PROD-008,1,9.9,8.96
ORD-2025-031768,4,PROD-015,1,26.76,20.43
ORD-2025-031769,1,PROD-036,2,11.55,21.24
ORD-2025-031770,1,PROD-013,1,11.9,11.0
ORD-2025-031770,2,PROD-001,2,12.9,25.31
ORD-2025-031771,1,PROD-005,1,20.28,15.56
ORD-2025-031772,1,PROD-008,1,9.9,7.11
ORD-2025-031772,2,PROD-034,4,9.01,32.5
ORD-2025-031773,1,PROD-028,2,17.18,33.76
ORD-2025-031774,1,PROD-027,2,21.13,37.51
ORD-2025-031774,2,PROD-007,1,17.18,16.98
ORD-2025-031775,1,PROD-001,1,12.9,12.8
ORD-2025-031776,1,PROD-004,1,20.28,17.92
ORD-2025-031776,2,PROD-040,1,15.21,14.26
ORD-2025-031777,1,PROD-005,1,20.28,17.97
ORD-2025-031778,1,PROD-041,3,11.83,31.78
ORD-2025-031779,1,PROD-002,1,11.9,10.1
ORD-2025-031780,1,PROD-002,1,11.9,10.99
ORD-2025-031780,2,PROD-015,1,26.76,19.75
ORD-2025-031781,1,PROD-048,1,55.77,51.91
ORD-2025-031782,1,PROD-049,1,80.28,74.24
ORD-2025-031783,1,PROD-036,3,11.55,32.27
ORD-2025-031783,2,PROD-003,1,14.37,13.73
ORD-2025-031784,1,PROD-022,1,9.01,6.74
ORD-2025-031784,2,PROD-030,1,49.3,45.48
ORD-2025-031785,1,PROD-002,3,11.9,34.62
ORD-2025-031785,2,PROD-008,1,9.9,8.28
ORD-2025-031786,1,PROD-025,1,21.97,12.26
ORD-2025-031787,1,PROD-028,1,17.18,12.68
ORD-2025-031787,2,PROD-021,1,15.49,11.45
ORD-2025-031788,1,PROD-032,2,19.72,28.87
ORD-2025-031788,2,PROD-005,2,20.28,34.56
ORD-2025-031788,3,PROD-010,1,38.03,33.92
ORD-2025-031789,1,PROD-004,3,20.28,47.7
ORD-2025-031790,1,PROD-007,3,17.18,50.81
ORD-2025-031791,1,PROD-040,1,15.21,13.8
ORD-2025-031791,2,PROD-001,1,12.9,12.36
ORD-2025-031792,1,PROD-021,2,15.49,20.4
ORD-2025-031793,1,PROD-032,3,19.72,51.66
ORD-2025-031793,2,PROD-010,1,38.03,36.38
ORD-2025-031793,3,PROD-023,2,7.89,15.31
ORD-2025-031794,1,PROD-002,2,11.9,23.03
ORD-2025-031795,1,PROD-019,3,29.58,78.63
ORD-2025-031795,2,PROD-037,4,9.86,38.21
ORD-2025-031796,1,PROD-034,1,9.01,7.98
ORD-2025-031797,1,PROD-003,1,14.37,11.29
ORD-2025-031798,1,PROD-035,1,10.14,9.91
ORD-2025-031798,2,PROD-001,1,12.9,12.17
ORD-2025-031799,1,PROD-003,3,14.37,40.06
ORD-2025-031799,2,PROD-035,1,10.14,9.35
ORD-2025-031800,1,PROD-006,2,32.39,64.13
ORD-2025-031801,1,PROD-041,2,11.83,21.02
ORD-2025-031802,1,PROD-045,1,72.68,58.39
ORD-2025-031802,2,PROD-012,1,18.5,16.73
ORD-2025-031803,1,PROD-005,2,20.28,35.02
ORD-2025-031804,1,PROD-001,1,12.9,12.65
ORD-2025-031804,2,PROD-034,4,9.01,34.61
ORD-2025-031805,1,PROD-042,1,73.24,66.28
ORD-2025-031805,2,PROD-036,3,11.55,32.07
ORD-2025-031806,1,PROD-002,1,11.9,9.88
ORD-2025-031807,1,PROD-014,3,9.9,28.35
ORD-2025-031808,1,PROD-022,1,9.01,8.42
ORD-2025-031808,2,PROD-029,1,24.79,22.89
ORD-2025-031809,1,PROD-006,1,32.39,30.92
ORD-2025-031810,1,PROD-005,1,20.28,17.44
ORD-2025-031810,2,PROD-006,1,32.39,28.5
ORD-2025-031811,1,PROD-005,3,20.28,59.78
ORD-2025-031811,2,PROD-008,3,9.9,27.83
ORD-2025-031812,1,PROD-008,1,9.9,8.68
ORD-2025-031813,1,PROD-008,3,9.9,25.67
ORD-2025-031814,1,PROD-015,2,26.76,50.65
ORD-2025-031815,1,PROD-008,1,9.9,9.37
ORD-2025-031816,1,PROD-037,2,9.86,18.77
ORD-2025-031817,1,PROD-002,1,11.9,10.32
ORD-2025-031818,1,PROD-025,2,21.97,43.64
ORD-2025-031819,1,PROD-021,1,15.49,14.74
ORD-2025-031820,1,PROD-006,1,32.39,28.68
ORD-2025-031821,1,PROD-008,1,9.9,8.2
ORD-2025-031822,1,PROD-034,2,9.01,16.09
ORD-2025-031822,2,PROD-029,1,24.79,22.32
ORD-2025-031823,1,PROD-006,1,32.39,31.63
ORD-2025-031824,1,PROD-006,3,32.39,83.11
ORD-2025-031825,1,PROD-010,2,38.03,74.6
ORD-2025-031826,1,PROD-001,1,12.9,11.79
ORD-2025-031827,1,PROD-028,1,17.18,16.45
ORD-2025-031828,1,PROD-008,3,9.9,27.77
ORD-2025-031828,2,PROD-005,1,20.28,14.78
ORD-2025-031829,1,PROD-026,1,14.65,12.31
ORD-2025-031830,1,PROD-005,2,20.28,36.43
ORD-2025-031831,1,PROD-002,3,11.9,34.68
ORD-2025-031831,2,PROD-035,1,10.14,9.82
ORD-2025-031832,1,PROD-038,1,7.89,5.71
ORD-2025-031833,1,PROD-002,1,11.9,10.17
ORD-2025-031833,2,PROD-008,1,9.9,9.5
ORD-2025-031833,3,PROD-006,2,32.39,62.49
ORD-2025-031834,1,PROD-006,1,32.39,27.91
ORD-2025-031835,1,PROD-004,1,20.28,18.29
ORD-2025-031835,2,PROD-017,2,12.5,23.07
ORD-2025-031835,3,PROD-016,1,8.9,8.72
ORD-2025-031836,1,PROD-001,1,12.9,6.87
ORD-2025-031836,2,PROD-028,2,17.18,30.88
ORD-2025-031837,1,PROD-004,1,20.28,14.44
ORD-2025-031837,2,PROD-017,1,12.5,11.45
ORD-2025-031838,1,PROD-021,1,15.49,14.32
ORD-2025-031839,1,PROD-008,1,9.9,8.22
ORD-2025-031839,2,PROD-005,1,20.28,12.89
ORD-2025-031839,3,PROD-034,1,9.01,4.79
ORD-2025-031840,1,PROD-004,1,20.28,18.54
ORD-2025-031841,1,PROD-007,1,17.18,16.91
ORD-2025-031841,2,PROD-021,1,15.49,14.7
ORD-2025-031841,3,PROD-053,1,53.52,47.31
ORD-2025-031842,1,PROD-035,1,10.14,9.72
ORD-2025-031843,1,PROD-006,1,32.39,28.4
ORD-2025-031844,1,PROD-003,2,14.37,27.72
ORD-2025-031844,2,PROD-041,4,11.83,39.41
ORD-2025-031844,3,PROD-035,1,10.14,9.85
ORD-2025-031845,1,PROD-007,2,17.18,30.9
ORD-2025-031846,1,PROD-001,1,12.9,11.15
ORD-2025-031847,1,PROD-003,2,14.37,26.08
ORD-2025-031847,2,PROD-008,1,9.9,7.96
ORD-2025-031848,1,PROD-008,1,9.9,9.64
ORD-2025-031848,2,PROD-002,1,11.9,11.67
ORD-2025-031848,3,PROD-051,1,36.06,34.29
ORD-2025-031849,1,PROD-047,1,108.45,107.4
ORD-2025-031850,1,PROD-019,1,29.58,26.74
ORD-2025-031850,2,PROD-004,3,20.28,59.62
ORD-2025-031850,3,PROD-030,1,49.3,46.53
ORD-2025-031851,1,PROD-023,2,7.89,12.04
ORD-2025-031852,1,PROD-038,1,7.89,7.67
ORD-2025-031853,1,PROD-001,2,12.9,23.83
ORD-2025-031854,1,PROD-039,1,8.17,7.89
ORD-2025-031855,1,PROD-022,1,9.01,8.66
ORD-2025-031855,2,PROD-001,1,12.9,11.84
ORD-2025-031856,1,PROD-028,1,17.18,17.11
ORD-2025-031856,2,PROD-023,2,7.89,15.12
ORD-2025-031856,3,PROD-030,1,49.3,48.22
ORD-2025-031856,4,PROD-022,1,9.01,8.97
ORD-2025-031857,1,PROD-005,1,20.28,18.14
ORD-2025-031857,2,PROD-041,1,11.83,10.74
ORD-2025-031858,1,PROD-003,2,14.37,28.41
ORD-2025-031858,2,PROD-007,2,17.18,33.96
ORD-2025-031859,1,PROD-035,2,10.14,17.26
ORD-2025-031860,1,PROD-006,1,32.39,24.5
ORD-2025-031860,2,PROD-001,2,12.9,24.97
ORD-2025-031860,3,PROD-035,3,10.14,26.7
ORD-2025-031860,4,PROD-008,1,9.9,8.28
ORD-2025-031861,1,PROD-008,1,9.9,9.75
ORD-2025-031862,1,PROD-038,3,7.89,22.61
ORD-2025-031862,2,PROD-044,1,40.85,37.17
ORD-2025-031863,1,PROD-007,2,17.18,33.94
ORD-2025-031864,1,PROD-004,1,20.28,19.43
ORD-2025-031864,2,PROD-032,1,19.72,19.14
ORD-2025-031864,3,PROD-041,1,11.83,11.66
ORD-2025-031865,1,PROD-001,1,12.9,12.7
ORD-2025-031866,1,PROD-041,1,11.83,11.29
ORD-2025-031867,1,PROD-003,1,14.37,14.22
ORD-2025-031868,1,PROD-006,1,32.39,27.2
ORD-2025-031869,1,PROD-041,1,11.83,11.42
ORD-2025-031870,1,PROD-003,1,14.37,13.13
ORD-2025-031870,2,PROD-005,1,20.28,18.27
ORD-2025-031870,3,PROD-041,1,11.83,11.19
ORD-2025-031871,1,PROD-020,1,10.14,9.73
ORD-2025-031872,1,PROD-032,3,19.72,26.66
ORD-2025-031873,1,PROD-005,1,20.28,19.37
ORD-2025-031874,1,PROD-001,2,12.9,25.21
ORD-2025-031875,1,PROD-005,2,20.28,31.99
ORD-2025-031876,1,PROD-044,1,40.85,36.61
ORD-2025-031876,2,PROD-008,1,9.9,9.31
ORD-2025-031877,1,PROD-032,1,19.72,19.21
ORD-2025-031878,1,PROD-022,2,9.01,16.9
ORD-2025-031879,1,PROD-008,3,9.9,28.71
ORD-2025-031880,1,PROD-016,3,8.9,25.31
ORD-2025-031881,1,PROD-004,1,20.28,17.62
ORD-2025-031882,1,PROD-030,1,49.3,47.69
ORD-2025-031883,1,PROD-001,1,12.9,12.45
ORD-2025-031884,1,PROD-014,1,9.9,9.74
ORD-2025-031885,1,PROD-008,1,9.9,9.67
ORD-2025-031886,1,PROD-003,2,14.37,27.9
ORD-2025-031886,2,PROD-035,1,10.14,10.06
ORD-2025-031887,1,PROD-006,1,32.39,28.59
ORD-2025-031887,2,PROD-001,1,12.9,12.07
ORD-2025-031888,1,PROD-003,3,14.37,32.71
ORD-2025-031889,1,PROD-045,1,72.68,70.43
ORD-2025-031890,1,PROD-002,1,11.9,11.75
ORD-2025-031890,2,PROD-008,2,9.9,19.15
ORD-2025-031890,3,PROD-035,3,10.14,27.35
ORD-2025-031890,4,PROD-013,1,11.9,11.35
ORD-2025-031891,1,PROD-005,1,20.28,17.67
ORD-2025-031892,1,PROD-003,2,14.37,28.11
ORD-2025-031892,2,PROD-008,1,9.9,9.57
ORD-2025-031893,1,PROD-003,1,14.37,13.91
ORD-2025-031893,2,PROD-004,1,20.28,17.06
ORD-2025-031893,3,PROD-001,1,12.9,12.57
ORD-2025-031894,1,PROD-002,1,11.9,10.74
ORD-2025-031895,1,PROD-021,2,15.49,27.36
ORD-2025-031895,2,PROD-022,2,9.01,16.58
ORD-2025-031896,1,PROD-028,1,17.18,14.02
ORD-2025-031897,1,PROD-041,2,11.83,21.22
ORD-2025-031898,1,PROD-014,2,9.9,13.09
ORD-2025-031898,2,PROD-025,1,21.97,14.8
ORD-2025-031898,3,PROD-008,1,9.9,4.93
ORD-2025-031899,1,PROD-034,1,9.01,7.83
ORD-2025-031900,1,PROD-004,1,20.28,17.73
ORD-2025-031900,2,PROD-042,1,73.24,69.92
ORD-2025-031901,1,PROD-003,1,14.37,12.29
ORD-2025-031902,1,PROD-006,1,32.39,31.04
ORD-2025-031902,2,PROD-051,1,36.06,35.69
ORD-2025-031903,1,PROD-017,1,12.5,12.38
ORD-2025-031903,2,PROD-010,2,38.03,71.98
ORD-2025-031903,3,PROD-008,3,9.9,28.62
ORD-2025-031904,1,PROD-037,1,9.86,8.05
ORD-2025-031904,2,PROD-034,1,9.01,8.73
ORD-2025-031905,1,PROD-005,1,20.28,17.14
ORD-2025-031905,2,PROD-011,2,14.9,22.23
ORD-2025-031906,1,PROD-008,2,9.9,19.45
ORD-2025-031907,1,PROD-006,1,32.39,31.89
ORD-2025-031908,1,PROD-001,1,12.9,8.84
ORD-2025-031908,2,PROD-010,2,38.03,51.85
ORD-2025-031909,1,PROD-004,1,20.28,18.41
ORD-2025-031909,2,PROD-041,2,11.83,18.94
ORD-2025-031910,1,PROD-003,1,14.37,12.45
ORD-2025-031910,2,PROD-038,2,7.89,9.3
ORD-2025-031911,1,PROD-032,3,19.72,58.6
ORD-2025-031911,2,PROD-002,1,11.9,11.63
ORD-2025-031911,3,PROD-060,1,42.25,42.14
ORD-2025-031912,1,PROD-007,1,17.18,16.24
ORD-2025-031913,1,PROD-004,1,20.28,15.45
ORD-2025-031913,2,PROD-006,1,32.39,28.54
ORD-2025-031913,3,PROD-012,1,18.5,12.68
ORD-2025-031913,4,PROD-001,3,12.9,30.73
ORD-2025-031913,5,PROD-030,1,49.3,40.48
ORD-2025-031914,1,PROD-005,2,20.28,33.27
ORD-2025-031914,2,PROD-002,1,11.9,11.4
ORD-2025-031914,3,PROD-007,2,17.18,31.28
ORD-2025-031915,1,PROD-006,2,32.39,52.85
ORD-2025-031916,1,PROD-005,1,20.28,10.76
ORD-2025-031917,1,PROD-008,1,9.9,9.28
ORD-2025-031917,2,PROD-040,2,15.21,29.6
ORD-2025-031917,3,PROD-020,1,10.14,9.62
ORD-2025-031917,4,PROD-033,1,52.11,
ORD-2025-031918,1,PROD-022,1,9.01,8.25
ORD-2025-031918,2,PROD-004,2,20.28,33.65
ORD-2025-031918,3,PROD-005,1,20.28,16.82
ORD-2025-031919,1,PROD-004,1,20.28,18.17
ORD-2025-031919,2,PROD-027,2,21.13,38.36
ORD-2025-031919,3,PROD-035,1,10.14,8.3
ORD-2025-031920,1,PROD-017,1,12.5,12.25
ORD-2025-031921,1,PROD-002,2,11.9,23.56
ORD-2025-031922,1,PROD-012,1,18.5,16.44
ORD-2025-031923,1,PROD-003,2,14.37,25.53
ORD-2025-031924,1,PROD-051,1,36.06,34.53
ORD-2025-031925,1,PROD-029,1,24.79,24.38
ORD-2025-031926,1,PROD-008,2,9.9,19.59
ORD-2025-031926,2,PROD-035,1,10.14,9.7
ORD-2025-031927,1,PROD-050,1,61.97,34.19
ORD-2025-031928,1,PROD-002,1,11.9,11.83
ORD-2025-031928,2,PROD-035,1,10.14,10.11
ORD-2025-031929,1,PROD-006,2,32.39,59.46
ORD-2025-031930,1,PROD-038,1,7.89,7.42
ORD-2025-031931,1,PROD-024,2,8.73,15.78
ORD-2025-031931,2,PROD-017,1,12.5,11.58
ORD-2025-031931,3,PROD-002,1,11.9,11.35
ORD-2025-031932,1,PROD-035,2,10.14,19.73
ORD-2025-031932,2,PROD-040,2,15.21,27.31
ORD-2025-031932,3,PROD-001,2,12.9,21.52
ORD-2025-031932,4,PROD-010,1,38.03,29.13
ORD-2025-031933,1,PROD-003,1,14.37,12.61
ORD-2025-031933,2,PROD-005,3,20.28,56.28
ORD-2025-031933,3,PROD-053,1,53.52,46.62
ORD-2025-031934,1,PROD-028,1,17.18,15.81
ORD-2025-031934,2,PROD-022,2,9.01,12.5
ORD-2025-031934,3,PROD-059,1,52.11,48.88
ORD-2025-031934,4,PROD-036,1,11.55,8.16
ORD-2025-031935,1,PROD-006,1,32.39,30.41
ORD-2025-031935,2,PROD-039,1,8.17,7.36
ORD-2025-031936,1,PROD-016,1,8.9,8.38
ORD-2025-031937,1,PROD-035,3,10.14,27.78
ORD-2025-031937,2,PROD-001,1,12.9,12.32
ORD-2025-031937,3,PROD-007,1,17.18,13.12
ORD-2025-031938,1,PROD-004,1,20.28,19.66
ORD-2025-031939,1,PROD-004,1,20.28,17.62
ORD-2025-031939,2,PROD-008,2,9.9,18.77
ORD-2025-031939,3,PROD-039,1,8.17,6.55
ORD-2025-031939,4,PROD-002,1,11.9,10.65
ORD-2025-031939,5,PROD-032,1,19.72,17.21
ORD-2025-031940,1,PROD-004,3,20.28,50.09
ORD-2025-031940,2,PROD-037,2,9.86,17.13
ORD-2025-031941,1,PROD-020,1,10.14,7.77
ORD-2025-031942,1,PROD-004,2,20.28,35.34
ORD-2025-031942,2,PROD-035,3,10.14,29.36
ORD-2025-031943,1,PROD-029,1,24.79,23.95
ORD-2025-031943,2,PROD-006,1,32.39,29.09
ORD-2025-031943,3,PROD-030,1,49.3,
ORD-2025-031943,4,PROD-036,1,11.55,11.06
ORD-2025-031944,1,PROD-019,1,29.58,27.52
ORD-2025-031945,1,PROD-001,1,12.9,7.59
ORD-2025-031946,1,PROD-001,2,12.9,20.98
ORD-2025-031946,2,PROD-008,1,9.9,8.66
ORD-2025-031947,1,PROD-036,1,11.55,10.89
ORD-2025-031947,2,PROD-014,1,9.9,9.53
ORD-2025-031947,3,PROD-054,1,59.15,57.09
ORD-2025-031948,1,PROD-005,1,20.28,18.81
ORD-2025-031949,1,PROD-008,3,9.9,23.39
ORD-2025-031950,1,PROD-050,1,61.97,61.21
ORD-2025-031950,2,PROD-002,1,11.9,11.5
ORD-2025-031951,1,PROD-008,2,9.9,18.51
ORD-2025-031952,1,PROD-034,1,9.01,7.92
ORD-2025-031952,2,PROD-031,2,53.52,92.28
ORD-2025-031953,1,PROD-022,1,9.01,7.55
ORD-2025-031954,1,PROD-003,1,14.37,14.24
ORD-2025-031955,1,PROD-002,2,11.9,22.87
ORD-2025-031956,1,PROD-014,1,9.9,9.64
ORD-2025-031957,1,PROD-004,2,20.28,36.56
ORD-2025-031957,2,PROD-027,1,21.13,20.64
ORD-2025-031957,3,PROD-005,1,20.28,18.27
ORD-2025-031958,1,PROD-041,2,11.83,23.2
ORD-2025-031959,1,PROD-027,1,21.13,16.85
ORD-2025-031959,2,PROD-010,1,38.03,37.18
ORD-2025-031959,3,PROD-002,2,11.9,22.56
ORD-2025-031960,1,PROD-006,1,32.39,24.97
ORD-2025-031961,1,PROD-042,2,73.24,128.48
ORD-2025-031962,1,PROD-029,2,24.79,29.87
ORD-2025-031962,2,PROD-007,1,17.18,8.47
ORD-2025-031963,1,PROD-004,2,20.28,34.39
ORD-2025-031963,2,PROD-034,2,9.01,13.21
ORD-2025-031963,3,PROD-010,2,38.03,57.84
ORD-2025-031964,1,PROD-030,1,49.3,48.68
ORD-2025-031964,2,PROD-005,1,20.28,19.71
ORD-2025-031965,1,PROD-022,1,9.01,8.97
ORD-2025-031966,1,PROD-037,3,9.86,25.74
ORD-2025-031966,2,PROD-040,1,15.21,12.55
ORD-2025-031967,1,PROD-001,1,12.9,9.06
ORD-2025-031968,1,PROD-010,1,38.03,33.53
ORD-2025-031969,1,PROD-024,1,8.73,8.11
ORD-2025-031970,1,PROD-001,2,12.9,21.86
ORD-2025-031971,1,PROD-005,1,20.28,19.71
ORD-2025-031971,2,PROD-008,3,9.9,26.59
ORD-2025-031972,1,PROD-005,1,20.28,18.35
ORD-2025-031973,1,PROD-027,1,21.13,20.3
ORD-2025-031973,2,PROD-035,1,10.14,9.83
ORD-2025-031973,3,PROD-036,1,11.55,11.44
ORD-2025-031974,1,PROD-032,1,19.72,18.52
ORD-2025-031975,1,PROD-038,1,7.89,5.76
ORD-2025-031976,1,PROD-013,1,11.9,10.62
ORD-2025-031976,2,PROD-034,3,9.01,20.82
ORD-2025-031976,3,PROD-005,3,20.28,52.41
ORD-2025-031977,1,PROD-025,1,21.97,20.02
ORD-2025-031977,2,PROD-008,1,9.9,8.9
ORD-2025-031978,1,PROD-026,2,14.65,28.44
ORD-2025-031979,1,PROD-013,1,11.9,10.15
ORD-2025-031979,2,PROD-026,2,14.65,26.24
ORD-2025-031979,3,PROD-036,1,11.55,8.58
ORD-2025-031980,1,PROD-010,1,38.03,26.78
ORD-2025-031981,1,PROD-004,2,20.28,38.82
ORD-2025-031981,2,PROD-006,1,32.39,28.4
ORD-2025-031981,3,PROD-042,3,73.24,197.53
ORD-2025-031982,1,PROD-031,2,53.52,92.83
ORD-2025-031982,2,PROD-008,2,9.9,19.6
ORD-2025-031982,3,PROD-028,1,17.18,16.21
ORD-2025-031983,1,PROD-001,2,12.9,24.57
ORD-2025-031983,2,PROD-008,2,9.9,17.33
ORD-2025-031984,1,PROD-004,2,20.28,35.73
ORD-2025-031984,2,PROD-007,1,17.18,15.22
ORD-2025-031985,1,PROD-059,1,52.11,47.16
ORD-2025-031985,2,PROD-041,1,11.83,6.08
ORD-2025-031985,3,PROD-010,3,38.03,106.41
ORD-2025-031986,1,PROD-001,2,12.9,22.05
ORD-2025-031986,2,PROD-002,2,11.9,22.09
ORD-2025-031986,3,PROD-010,2,38.03,66.29
ORD-2025-031986,4,PROD-027,2,21.13,40.17
ORD-2025-031987,1,PROD-004,2,20.28,37.13
ORD-2025-031987,2,PROD-016,1,8.9,6.31
ORD-2025-031988,1,PROD-003,1,14.37,12.84
ORD-2025-031988,2,PROD-008,1,9.9,9.28
ORD-2025-031988,3,PROD-020,1,10.14,9.42
ORD-2025-031989,1,PROD-023,1,7.89,5.9
ORD-2025-031989,2,PROD-022,1,9.01,8.78
ORD-2025-031989,3,PROD-010,1,38.03,29.55
ORD-2025-031990,1,PROD-005,2,20.28,37.58
ORD-2025-031991,1,PROD-040,2,15.21,23.87
ORD-2025-031992,1,PROD-006,1,32.39,29.92
ORD-2025-031992,2,PROD-039,1,8.17,8.01
ORD-2025-031993,1,PROD-035,2,10.14,18.54
ORD-2025-031994,1,PROD-013,2,11.9,19.6
ORD-2025-031994,2,PROD-032,1,19.72,15.76
ORD-2025-031994,3,PROD-053,1,53.52,30.48
ORD-2025-031995,1,PROD-040,2,15.21,30.02
ORD-2025-031996,1,PROD-034,2,9.01,17.5
ORD-2025-031997,1,PROD-006,3,32.39,93.36
ORD-2025-031998,1,PROD-002,1,11.9,11.13
ORD-2025-031998,2,PROD-034,1,9.01,7.54
ORD-2025-031999,1,PROD-003,2,14.37,27.77
ORD-2025-032000,1,PROD-001,2,12.9,19.91
ORD-2025-032000,2,PROD-039,3,8.17,22.57
ORD-2025-032000,3,PROD-022,1,9.01,8.86
ORD-2025-032000,4,PROD-037,1,9.86,8.8
ORD-2025-032001,1,PROD-028,2,17.18,33.72
ORD-2025-032001,2,PROD-004,3,20.28,53.32
ORD-2025-032002,1,PROD-037,1,9.86,8.63
ORD-2025-032003,1,PROD-023,2,7.89,13.57
ORD-2025-032004,1,PROD-003,1,14.37,13.95
ORD-2025-032004,2,PROD-038,2,7.89,14.62
ORD-2025-032005,1,PROD-008,1,9.9,9.33
ORD-2025-032005,2,PROD-014,1,9.9,7.86
ORD-2025-032006,1,PROD-020,1,10.14,8.6
ORD-2025-032007,1,PROD-032,3,19.72,50.92
ORD-2025-032007,2,PROD-040,1,15.21,14.2
ORD-2025-032008,1,PROD-004,3,20.28,55.27
ORD-2025-032008,2,PROD-034,2,9.01,12.91
ORD-2025-032009,1,PROD-004,1,20.28,18.66
ORD-2025-032010,1,PROD-004,1,20.28,19.72
ORD-2025-032010,2,PROD-017,1,12.5,12.0
ORD-2025-032010,3,PROD-033,2,52.11,95.37
ORD-2025-032011,1,PROD-008,3,9.9,27.15
ORD-2025-032011,2,PROD-004,1,20.28,18.4
ORD-2025-032012,1,PROD-013,3,11.9,33.87
ORD-2025-032012,2,PROD-002,2,11.9,23.16
ORD-2025-032012,3,PROD-004,1,20.28,18.24
ORD-2025-032013,1,PROD-040,1,15.21,14.01
ORD-2025-032013,2,PROD-001,1,12.9,12.66
ORD-2025-032013,3,PROD-003,1,14.37,13.62
ORD-2025-032013,4,PROD-008,1,9.9,8.99
ORD-2025-032014,1,PROD-008,1,9.9,8.78
ORD-2025-032015,1,PROD-027,1,21.13,19.61
ORD-2025-032016,1,PROD-021,2,15.49,22.95
ORD-2025-032017,1,PROD-002,1,11.9,11.85
ORD-2025-032018,1,PROD-051,1,36.06,31.6
ORD-2025-032019,1,PROD-008,1,9.9,7.65
ORD-2025-032020,1,PROD-022,2,9.01,15.89
ORD-2025-032020,2,PROD-011,1,14.9,13.16
ORD-2025-032021,1,PROD-044,1,40.85,38.68
ORD-2025-032022,1,PROD-002,1,11.9,11.03
ORD-2025-032022,2,PROD-007,1,17.18,15.33
ORD-2025-032022,3,PROD-010,1,38.03,36.74
ORD-2025-032023,1,PROD-011,2,14.9,29.17
ORD-2025-032023,2,PROD-008,1,9.9,9.69
ORD-2025-032023,3,PROD-040,1,15.21,14.19
ORD-2025-032024,1,PROD-008,1,9.9,9.7
ORD-2025-032025,1,PROD-008,2,9.9,19.21
ORD-2025-032025,2,PROD-035,1,10.14,9.51
ORD-2025-032026,1,PROD-003,2,14.37,26.45
ORD-2025-032027,1,PROD-001,1,12.9,12.47
ORD-2025-032028,1,PROD-050,2,61.97,111.67
ORD-2025-032029,1,PROD-004,1,20.28,18.93
ORD-2025-032029,2,PROD-002,2,11.9,23.05
ORD-2025-032029,3,PROD-038,3,7.89,20.64
ORD-2025-032030,1,PROD-001,1,12.9,12.74
ORD-2025-032030,2,PROD-003,2,14.37,24.42
ORD-2025-032030,3,PROD-021,1,15.49,14.51
ORD-2025-032031,1,PROD-027,1,21.13,15.14
ORD-2025-032032,1,PROD-010,1,38.03,30.69
ORD-2025-032032,2,PROD-034,2,9.01,15.48
ORD-2025-032033,1,PROD-042,1,73.24,71.65
ORD-2025-032034,1,PROD-002,1,11.9,9.09
ORD-2025-032035,1,PROD-021,2,15.49,24.85
ORD-2025-032036,1,PROD-038,1,7.89,7.39
ORD-2025-032036,2,PROD-030,1,49.3,44.02
ORD-2025-032036,3,PROD-001,1,12.9,11.72
ORD-2025-032037,1,PROD-008,2,9.9,19.49
ORD-2025-032037,2,PROD-001,1,12.9,12.42
ORD-2025-032038,1,PROD-006,3,32.39,93.99
ORD-2025-032039,1,PROD-035,2,10.14,17.62
ORD-2025-032040,1,PROD-003,1,14.37,7.84
ORD-2025-032041,1,PROD-039,2,8.17,13.36
ORD-2025-032042,1,PROD-008,2,9.9,17.84
ORD-2025-032042,2,PROD-006,1,32.39,29.79
ORD-2025-032043,1,PROD-035,3,10.14,29.75
ORD-2025-032044,1,PROD-006,3,32.39,89.68
ORD-2025-032044,2,PROD-005,2,20.28,33.69
ORD-2025-032044,3,PROD-008,1,9.9,9.58
ORD-2025-032045,1,PROD-041,1,11.83,10.12
ORD-2025-032046,1,PROD-003,1,14.37,13.86
ORD-2025-032046,2,PROD-035,1,10.14,9.31
ORD-2025-032047,1,PROD-005,1,20.28,17.74
ORD-2025-032048,1,PROD-011,1,14.9,12.82
ORD-2025-032049,1,PROD-005,2,20.28,38.3
ORD-2025-032050,1,PROD-032,1,19.72,18.95
ORD-2025-032051,1,PROD-030,2,49.3,84.44
ORD-2025-032051,2,PROD-008,1,9.9,9.71
ORD-2025-032051,3,PROD-001,2,12.9,21.8
ORD-2025-032052,1,PROD-033,2,52.11,94.54
ORD-2025-032052,2,PROD-004,1,20.28,19.85
ORD-2025-032052,3,PROD-024,1,8.73,5.48
ORD-2025-032053,1,PROD-004,1,20.28,19.39
ORD-2025-032053,2,PROD-032,3,19.72,58.67
ORD-2025-032054,1,PROD-056,1,101.41,94.39
ORD-2025-032055,1,PROD-035,3,10.14,23.22
ORD-2025-032056,1,PROD-005,2,20.28,36.01
ORD-2025-032056,2,PROD-041,1,11.83,11.18
ORD-2025-032057,1,PROD-001,2,12.9,24.79
ORD-2025-032057,2,PROD-033,1,52.11,51.38
ORD-2025-032058,1,PROD-007,1,17.18,16.56
ORD-2025-032059,1,PROD-002,2,11.9,22.61
ORD-2025-032060,1,PROD-004,1,20.28,16.45
ORD-2025-032061,1,PROD-007,1,17.18,10.14
ORD-2025-032062,1,PROD-010,2,38.03,66.4
ORD-2025-032062,2,PROD-006,1,32.39,26.66
ORD-2025-032063,1,PROD-027,1,21.13,20.11
ORD-2025-032064,1,PROD-006,1,32.39,27.42
ORD-2025-032064,2,PROD-001,1,12.9,12.63
ORD-2025-032065,1,PROD-007,1,17.18,17.11
ORD-2025-032066,1,PROD-038,3,7.89,22.84
ORD-2025-032066,2,PROD-041,1,11.83,10.18
ORD-2025-032067,1,PROD-010,1,38.03,35.44
ORD-2025-032068,1,PROD-040,3,15.21,44.76
ORD-2025-032069,1,PROD-041,2,11.83,19.05
ORD-2025-032069,2,PROD-034,1,9.01,7.46
ORD-2025-032070,1,PROD-003,2,14.37,27.71
ORD-2025-032071,1,PROD-036,1,11.55,11.13
ORD-2025-032072,1,PROD-007,1,17.18,16.45
ORD-2025-032072,2,PROD-013,2,11.9,22.06
ORD-2025-032073,1,PROD-004,1,20.28,19.82
ORD-2025-032073,2,PROD-002,1,11.9,11.77
ORD-2025-032074,1,PROD-003,1,14.37,13.54
ORD-2025-032075,1,PROD-004,1,20.28,19.02
ORD-2025-032075,2,PROD-008,2,9.9,18.88
ORD-2025-032076,1,PROD-003,1,14.37,14.07
ORD-2025-032076,2,PROD-006,2,32.39,64.26
ORD-2025-032076,3,PROD-024,1,8.73,8.53
ORD-2025-032077,1,PROD-005,1,20.28,20.13
ORD-2025-032078,1,PROD-045,1,72.68,66.53
ORD-2025-032079,1,PROD-016,1,8.9,8.54
ORD-2025-032079,2,PROD-022,2,9.01,17.62
ORD-2025-032080,1,PROD-004,1,20.28,19.44
ORD-2025-032080,2,PROD-034,1,9.01,8.55
ORD-2025-032080,3,PROD-005,1,20.28,18.48
ORD-2025-032081,1,PROD-002,1,11.9,11.38
ORD-2025-032081,2,PROD-005,1,20.28,19.51
ORD-2025-032082,1,PROD-008,2,9.9,18.87
ORD-2025-032082,2,PROD-001,3,12.9,35.88
ORD-2025-032082,3,PROD-024,1,8.73,6.98
ORD-2025-032082,4,PROD-041,1,11.83,9.37
ORD-2025-032083,1,PROD-036,1,11.55,8.35
ORD-2025-032083,2,PROD-014,1,9.9,8.96
ORD-2025-032084,1,PROD-027,1,21.13,17.17
ORD-2025-032085,1,PROD-001,2,12.9,24.23
ORD-2025-032086,1,PROD-003,1,14.37,10.98
ORD-2025-032087,1,PROD-008,2,9.9,18.78
ORD-2025-032087,2,PROD-035,1,10.14,9.99
ORD-2025-032088,1,PROD-008,2,9.9,18.67
ORD-2025-032088,2,PROD-019,3,29.58,82.53
ORD-2025-032089,1,PROD-010,1,38.03,33.54
ORD-2025-032090,1,PROD-001,1,12.9,11.89
ORD-2025-032091,1,PROD-005,1,20.28,18.35
ORD-2025-032091,2,PROD-036,3,11.55,33.27
ORD-2025-032092,1,PROD-051,1,36.06,33.63
ORD-2025-032093,1,PROD-001,1,12.9,12.19
ORD-2025-032093,2,PROD-022,1,9.01,8.87
ORD-2025-032093,3,PROD-032,1,19.72,19.04
ORD-2025-032094,1,PROD-008,1,9.9,9.31
ORD-2025-032095,1,PROD-010,1,38.03,37.58
ORD-2025-032095,2,PROD-034,3,9.01,25.61
ORD-2025-032096,1,PROD-008,1,9.9,8.07
ORD-2025-032097,1,PROD-001,2,12.9,23.31
ORD-2025-032097,2,PROD-034,1,9.01,7.96
ORD-2025-032098,1,PROD-008,3,9.9,29.4
ORD-2025-032098,2,PROD-013,1,11.9,11.4
ORD-2025-032098,3,PROD-033,1,52.11,47.17
ORD-2025-032099,1,PROD-039,2,8.17,16.24
ORD-2025-032099,2,PROD-010,2,38.03,74.79
ORD-2025-032100,1,PROD-005,2,20.28,37.89
ORD-2025-032101,1,PROD-004,1,20.28,15.4
ORD-2025-032102,1,PROD-024,1,8.73,7.81
ORD-2025-032103,1,PROD-008,1,9.9,8.82
ORD-2025-032103,2,PROD-003,1,14.37,13.77
ORD-2025-032103,3,PROD-038,4,7.89,30.23
ORD-2025-032104,1,PROD-001,1,12.9,11.41
ORD-2025-032105,1,PROD-059,1,52.11,44.23
ORD-2025-032106,1,PROD-001,1,12.9,12.35
ORD-2025-032107,1,PROD-022,1,9.01,8.18
ORD-2025-032108,1,PROD-022,2,9.01,14.23
ORD-2025-032109,1,PROD-026,1,14.65,14.12
ORD-2025-032109,2,PROD-036,1,11.55,9.85
ORD-2025-032110,1,PROD-040,1,15.21,14.38
ORD-2025-032110,2,PROD-008,2,9.9,19.47
ORD-2025-032111,1,PROD-031,1,53.52,49.16
ORD-2025-032111,2,PROD-034,1,9.01,8.02
ORD-2025-032112,1,PROD-005,1,20.28,19.46
ORD-2025-032113,1,PROD-027,1,21.13,20.92
ORD-2025-032114,1,PROD-002,2,11.9,23.37
ORD-2025-032115,1,PROD-035,2,10.14,19.43
ORD-2025-032115,2,PROD-001,2,12.9,23.57
ORD-2025-032116,1,PROD-035,2,10.14,17.87
ORD-2025-032117,1,PROD-001,1,12.9,12.12
ORD-2025-032117,2,PROD-039,1,8.17,7.81
ORD-2025-032118,1,PROD-044,1,40.85,37.49
ORD-2025-032119,1,PROD-008,2,9.9,19.6
ORD-2025-032119,2,PROD-001,1,12.9,12.8
ORD-2025-032120,1,PROD-008,2,9.9,16.15
ORD-2025-032121,1,PROD-041,2,11.83,22.45
ORD-2025-032122,1,PROD-030,2,49.3,91.33
ORD-2025-032122,2,PROD-005,1,20.28,16.91
ORD-2025-032123,1,PROD-041,1,11.83,11.63
ORD-2025-032124,1,PROD-002,1,11.9,11.74
ORD-2025-032125,1,PROD-002,1,11.9,11.48
ORD-2025-032126,1,PROD-029,1,24.79,17.36
ORD-2025-032127,1,PROD-003,1,14.37,14.15
ORD-2025-032128,1,PROD-054,1,59.15,54.07
ORD-2025-032129,1,PROD-037,3,9.86,27.12
ORD-2025-032130,1,PROD-005,1,20.28,15.95
ORD-2025-032131,1,PROD-021,1,15.49,12.43
ORD-2025-032131,2,PROD-005,2,20.28,30.96
ORD-2025-032132,1,PROD-008,1,9.9,9.65
ORD-2025-032133,1,PROD-060,1,42.25,38.73
ORD-2025-032134,1,PROD-001,1,12.9,12.25
ORD-2025-032134,2,PROD-035,1,10.14,9.9
ORD-2025-032135,1,PROD-007,1,17.18,14.98
ORD-2025-032135,2,PROD-005,3,20.28,50.58
ORD-2025-032135,3,PROD-041,3,11.83,35.11
ORD-2025-032135,4,PROD-010,1,38.03,32.9
ORD-2025-032136,1,PROD-001,2,12.9,21.76
ORD-2025-032137,1,PROD-008,1,9.9,7.35
ORD-2025-032138,1,PROD-053,1,53.52,49.6
ORD-2025-032138,2,PROD-002,1,11.9,10.63
ORD-2025-032139,1,PROD-005,1,20.28,18.41
ORD-2025-032140,1,PROD-042,2,73.24,120.66
ORD-2025-032141,1,PROD-017,1,12.5,10.84
ORD-2025-032141,2,PROD-038,2,7.89,12.47
ORD-2025-032142,1,PROD-008,1,9.9,9.25
ORD-2025-032143,1,PROD-003,1,14.37,13.15
ORD-2025-032144,1,PROD-001,2,12.9,22.77
ORD-2025-032144,2,PROD-041,2,11.83,19.8
ORD-2025-032145,1,PROD-008,1,9.9,8.74
ORD-2025-032145,2,PROD-005,1,20.28,20.06
ORD-2025-032146,1,PROD-042,1,73.24,71.23
ORD-2025-032146,2,PROD-008,2,9.9,19.1
ORD-2025-032147,1,PROD-006,1,32.39,31.2
ORD-2025-032147,2,PROD-008,1,9.9,9.76
ORD-2025-032147,3,PROD-005,2,20.28,30.39
ORD-2025-032148,1,PROD-007,3,17.18,46.65
ORD-2025-032148,2,PROD-003,1,14.37,12.16
ORD-2025-032149,1,PROD-014,1,9.9,9.12
ORD-2025-032150,1,PROD-034,1,9.01,8.52
ORD-2025-032150,2,PROD-006,1,32.39,31.3
ORD-2025-032150,3,PROD-037,1,9.86,8.67
ORD-2025-032151,1,PROD-004,2,20.28,39.65
ORD-2025-032151,2,PROD-003,2,14.37,26.81
ORD-2025-032152,1,PROD-037,3,9.86,23.37
ORD-2025-032153,1,PROD-001,1,12.9,10.7
ORD-2025-032154,1,PROD-022,2,9.01,14.04
ORD-2025-032154,2,PROD-050,1,61.97,43.45
ORD-2025-032155,1,PROD-006,3,32.39,90.54
ORD-2025-032156,1,PROD-005,1,20.28,18.37
ORD-2025-032156,2,PROD-006,2,32.39,54.88
ORD-2025-032157,1,PROD-030,1,49.3,38.25
ORD-2025-032158,1,PROD-053,1,53.52,37.59
ORD-2025-032158,2,PROD-002,1,11.9,9.25
ORD-2025-032158,3,PROD-016,1,8.9,6.59
ORD-2025-032159,1,PROD-006,2,32.39,64.49
ORD-2025-032160,1,PROD-034,2,9.01,15.39
ORD-2025-032161,1,PROD-052,2,46.48,65.61
ORD-2025-032161,2,PROD-022,2,9.01,15.71
ORD-2025-032162,1,PROD-035,1,10.14,6.44
ORD-2025-032163,1,PROD-034,1,9.01,6.75
ORD-2025-032164,1,PROD-001,1,12.9,11.35
ORD-2025-032164,2,PROD-023,1,7.89,6.58
ORD-2025-032164,3,PROD-008,1,9.9,9.54
ORD-2025-032165,1,PROD-044,1,40.85,39.8
ORD-2025-032165,2,PROD-006,1,32.39,31.18
ORD-2025-032165,3,PROD-008,2,9.9,17.53
ORD-2025-032166,1,PROD-004,3,20.28,57.85
ORD-2025-032167,1,PROD-055,1,74.65,73.32
ORD-2025-032167,2,PROD-004,1,20.28,19.42
ORD-2025-032168,1,PROD-006,3,32.39,93.13
ORD-2025-032169,1,PROD-014,2,9.9,16.37
ORD-2025-032169,2,PROD-005,1,20.28,14.06
ORD-2025-032170,1,PROD-006,1,32.39,30.61
ORD-2025-032171,1,PROD-016,1,8.9,8.66
ORD-2025-032171,2,PROD-041,1,11.83,11.35
ORD-2025-032172,1,PROD-005,2,20.28,35.83
ORD-2025-032173,1,PROD-015,2,26.76,51.95
ORD-2025-032174,1,PROD-001,2,12.9,24.99
ORD-2025-032174,2,PROD-039,1,8.17,7.18
ORD-2025-032175,1,PROD-001,1,12.9,12.18
ORD-2025-032175,2,PROD-005,1,20.28,16.31
ORD-2025-032175,3,PROD-011,1,14.9,14.52
ORD-2025-032175,4,PROD-037,3,9.86,27.72
ORD-2025-032175,5,PROD-008,1,9.9,9.57
ORD-2025-032176,1,PROD-005,1,20.28,19.79
ORD-2025-032177,1,PROD-006,1,32.39,27.39
ORD-2025-032177,2,PROD-033,1,52.11,52.01
ORD-2025-032177,3,PROD-010,1,38.03,33.18
ORD-2025-032178,1,PROD-034,1,9.01,8.68
ORD-2025-032179,1,PROD-008,2,9.9,19.4
ORD-2025-032180,1,PROD-032,1,19.72,19.09
ORD-2025-032181,1,PROD-020,1,10.14,7.61
ORD-2025-032181,2,PROD-005,1,20.28,18.55
ORD-2025-032182,1,PROD-048,1,55.77,55.16
ORD-2025-032182,2,PROD-041,2,11.83,22.88
ORD-2025-032183,1,PROD-029,1,24.79,21.29
ORD-2025-032184,1,PROD-004,3,20.28,58.59
ORD-2025-032185,1,PROD-038,1,7.89,7.34
ORD-2025-032186,1,PROD-020,1,10.14,9.52
ORD-2025-032186,2,PROD-004,3,20.28,54.25
ORD-2025-032186,3,PROD-010,3,38.03,80.84
ORD-2025-032186,4,PROD-021,1,15.49,14.93
ORD-2025-032187,1,PROD-039,2,8.17,15.77
ORD-2025-032188,1,PROD-039,3,8.17,24.2
ORD-2025-032189,1,PROD-016,1,8.9,6.57
ORD-2025-032190,1,PROD-008,1,9.9,9.27
ORD-2025-032190,2,PROD-025,1,21.97,17.62
ORD-2025-032191,1,PROD-005,1,20.28,18.49
ORD-2025-032192,1,PROD-006,1,32.39,31.48
ORD-2025-032192,2,PROD-008,1,9.9,9.58
ORD-2025-032193,1,PROD-037,2,9.86,18.69
ORD-2025-032194,1,PROD-055,1,74.65,72.71
ORD-2025-032195,1,PROD-004,1,20.28,19.78
ORD-2025-032195,2,PROD-036,2,11.55,19.4
ORD-2025-032195,3,PROD-008,1,9.9,9.47
ORD-2025-032196,1,PROD-006,1,32.39,30.69
ORD-2025-032197,1,PROD-004,3,20.28,49.7
ORD-2025-032197,2,PROD-020,2,10.14,17.59
ORD-2025-032198,1,PROD-032,1,19.72,18.22
ORD-2025-032199,1,PROD-037,3,9.86,24.24
ORD-2025-032200,1,PROD-026,2,14.65,28.8
ORD-2025-032200,2,PROD-004,1,20.28,18.62
ORD-2025-032201,1,PROD-010,1,38.03,35.54
ORD-2025-032202,1,PROD-036,2,11.55,18.94
ORD-2025-032203,1,PROD-005,1,20.28,16.31
ORD-2025-032204,1,PROD-020,2,10.14,17.82
ORD-2025-032204,2,PROD-011,1,14.9,14.64
ORD-2025-032204,3,PROD-004,2,20.28,39.52
ORD-2025-032205,1,PROD-027,1,21.13,14.89
ORD-2025-032205,2,PROD-035,1,10.14,9.94
ORD-2025-032205,3,PROD-048,1,55.77,41.01
ORD-2025-032206,1,PROD-020,1,10.14,8.1
ORD-2025-032206,2,PROD-027,2,21.13,35.81
ORD-2025-032206,3,PROD-013,2,11.9,20.07
ORD-2025-032206,4,PROD-003,1,14.37,14.03
ORD-2025-032206,5,PROD-032,4,19.72,74.07
ORD-2025-032207,1,PROD-014,1,9.9,8.9
ORD-2025-032208,1,PROD-004,1,20.28,19.88
ORD-2025-032209,1,PROD-007,2,17.18,25.47
ORD-2025-032209,2,PROD-005,2,20.28,36.93
ORD-2025-032210,1,PROD-034,2,9.01,15.99
ORD-2025-032211,1,PROD-004,1,20.28,18.71
ORD-2025-032212,1,PROD-003,1,14.37,12.16
ORD-2025-032212,2,PROD-040,3,15.21,38.83
ORD-2025-032213,1,PROD-039,2,8.17,13.75
ORD-2025-032214,1,PROD-049,1,80.28,79.67
ORD-2025-032214,2,PROD-007,3,17.18,50.98
ORD-2025-032215,1,PROD-006,2,32.39,63.46
ORD-2025-032215,2,PROD-002,1,11.9,10.41
ORD-2025-032216,1,PROD-002,1,11.9,8.61
ORD-2025-032216,2,PROD-020,1,10.14,9.34
ORD-2025-032216,3,PROD-008,2,9.9,14.6
ORD-2025-032216,4,PROD-035,1,10.14,9.17
ORD-2025-032217,1,PROD-005,2,20.28,36.56
ORD-2025-032217,2,PROD-034,3,9.01,24.73
ORD-2025-032217,3,PROD-059,1,52.11,47.84
ORD-2025-032218,1,PROD-034,1,9.01,8.8
ORD-2025-032219,1,PROD-047,1,108.45,105.16
ORD-2025-032220,1,PROD-030,2,49.3,97.44
ORD-2025-032221,1,PROD-006,1,32.39,31.27
ORD-2025-032222,1,PROD-001,1,12.9,12.56
ORD-2025-032222,2,PROD-005,1,20.28,19.57
ORD-2025-032223,1,PROD-007,1,17.18,16.68
ORD-2025-032223,2,PROD-008,2,9.9,17.92
ORD-2025-032223,3,PROD-006,1,32.39,28.83
ORD-2025-032224,1,PROD-029,1,24.79,23.83
ORD-2025-032224,2,PROD-007,1,17.18,16.45
ORD-2025-032225,1,PROD-008,2,9.9,18.64
ORD-2025-032226,1,PROD-003,2,14.37,24.27
ORD-2025-032226,2,PROD-021,1,15.49,12.81
ORD-2025-032227,1,PROD-025,1,21.97,18.11
ORD-2025-032228,1,PROD-014,1,9.9,9.72
ORD-2025-032228,2,PROD-034,1,9.01,8.61
ORD-2025-032229,1,PROD-028,2,17.18,25.02
ORD-2025-032229,2,PROD-020,1,10.14,9.43
ORD-2025-032229,3,PROD-016,1,8.9,7.31
ORD-2025-032229,4,PROD-017,2,12.5,21.96
ORD-2025-032230,1,PROD-008,1,9.9,9.26
ORD-2025-032231,1,PROD-004,1,20.28,14.7
ORD-2025-032232,1,PROD-002,1,11.9,10.3
ORD-2025-032233,1,PROD-001,1,12.9,11.01
ORD-2025-032233,2,PROD-035,2,10.14,18.68
ORD-2025-032233,3,PROD-041,1,11.83,9.28
ORD-2025-032234,1,PROD-002,1,11.9,11.23
ORD-2025-032235,1,PROD-004,1,20.28,20.04
ORD-2025-032235,2,PROD-035,1,10.14,9.7
ORD-2025-032235,3,PROD-008,1,9.9,9.67
ORD-2025-032236,1,PROD-004,1,20.28,18.83
ORD-2025-032236,2,PROD-008,1,9.9,8.52
ORD-2025-032237,1,PROD-036,1,11.55,8.19
ORD-2025-032238,1,PROD-001,3,12.9,34.15
ORD-2025-032238,2,PROD-054,1,59.15,58.16
ORD-2025-032239,1,PROD-010,1,38.03,36.27
ORD-2025-032239,2,PROD-036,3,11.55,34.4
ORD-2025-032239,3,PROD-058,1,39.44,36.12
ORD-2025-032240,1,PROD-037,1,9.86,6.23
ORD-2025-032241,1,PROD-011,1,14.9,12.58
ORD-2025-032241,2,PROD-010,1,38.03,32.0
ORD-2025-032242,1,PROD-002,1,11.9,10.29
ORD-2025-032243,1,PROD-042,4,73.24,241.22
ORD-2025-032244,1,PROD-040,1,15.21,14.69
ORD-2025-032245,1,PROD-008,1,9.9,9.49
ORD-2025-032246,1,PROD-003,1,14.37,13.84
ORD-2025-032247,1,PROD-031,1,53.52,52.41
ORD-2025-032247,2,PROD-014,1,9.9,9.07
ORD-2025-032248,1,PROD-020,1,10.14,8.49
ORD-2025-032249,1,PROD-003,2,14.37,25.6
ORD-2025-032250,1,PROD-001,1,12.9,11.56
ORD-2025-032250,2,PROD-041,1,11.83,11.28
ORD-2025-032251,1,PROD-001,1,12.9,10.61
ORD-2025-032252,1,PROD-006,1,32.39,27.11
ORD-2025-032253,1,PROD-008,1,9.9,8.31
ORD-2025-032254,1,PROD-039,2,8.17,14.08
ORD-2025-032255,1,PROD-001,1,12.9,11.96
ORD-2025-032256,1,PROD-028,1,17.18,12.53
ORD-2025-032257,1,PROD-022,1,9.01,8.18
ORD-2025-032258,1,PROD-006,1,32.39,30.21
ORD-2025-032259,1,PROD-008,2,9.9,12.89
ORD-2025-032259,2,PROD-006,1,32.39,19.43
ORD-2025-032259,3,PROD-032,1,19.72,18.41
ORD-2025-032260,1,PROD-008,2,9.9,17.48
ORD-2025-032260,2,PROD-034,1,9.01,7.75
ORD-2025-032261,1,PROD-008,3,9.9,29.24
ORD-2025-032262,1,PROD-034,2,9.01,17.49
ORD-2025-032263,1,PROD-007,1,17.18,16.73
ORD-2025-032264,1,PROD-032,1,19.72,17.54
ORD-2025-032265,1,PROD-001,1,12.9,10.61
ORD-2025-032266,1,PROD-023,1,7.89,7.26
ORD-2025-032266,2,PROD-007,1,17.18,14.96
ORD-2025-032266,3,PROD-041,1,11.83,11.47
ORD-2025-032266,4,PROD-039,1,8.17,7.95
ORD-2025-032267,1,PROD-049,1,80.28,72.19
ORD-2025-032267,2,PROD-038,3,7.89,20.92
ORD-2025-032268,1,PROD-005,1,20.28,19.5
ORD-2025-032269,1,PROD-045,1,72.68,59.76
ORD-2025-032270,1,PROD-037,3,9.86,28.9
ORD-2025-032271,1,PROD-010,3,38.03,112.89
ORD-2025-032271,2,PROD-035,1,10.14,9.5
ORD-2025-032271,3,PROD-041,2,11.83,22.27
ORD-2025-032272,1,PROD-013,2,11.9,23.46
ORD-2025-032273,1,PROD-006,1,32.39,29.62
ORD-2025-032274,1,PROD-008,2,9.9,18.13
ORD-2025-032275,1,PROD-008,1,9.9,9.03
ORD-2025-032276,1,PROD-008,1,9.9,8.71
ORD-2025-032277,1,PROD-024,1,8.73,7.37
ORD-2025-032277,2,PROD-008,1,9.9,4.92
ORD-2025-032278,1,PROD-012,1,18.5,18.0
ORD-2025-032278,2,PROD-028,2,17.18,33.06
ORD-2025-032279,1,PROD-052,1,46.48,35.78
ORD-2025-032280,1,PROD-008,3,9.9,29.11
ORD-2025-032281,1,PROD-033,2,52.11,98.54
ORD-2025-032281,2,PROD-022,1,9.01,8.61
ORD-2025-032281,3,PROD-011,1,14.9,14.7
ORD-2025-032282,1,PROD-021,1,15.49,7.43
ORD-2025-032282,2,PROD-049,1,80.28,63.0
ORD-2025-032282,3,PROD-002,1,11.9,9.37
ORD-2025-032283,1,PROD-005,1,20.28,16.69
ORD-2025-032284,1,PROD-027,2,21.13,40.01
ORD-2025-032285,1,PROD-004,1,20.28,20.23
ORD-2025-032286,1,PROD-006,2,32.39,64.26
ORD-2025-032287,1,PROD-049,1,80.28,73.67
ORD-2025-032288,1,PROD-022,1,9.01,8.89
ORD-2025-032289,1,PROD-003,1,14.37,13.7
ORD-2025-032290,1,PROD-041,1,11.83,10.0
ORD-2025-032290,2,PROD-006,1,32.39,28.37
ORD-2025-032291,1,PROD-051,1,36.06,31.12
ORD-2025-032292,1,PROD-005,1,20.28,19.05
ORD-2025-032293,1,PROD-035,1,10.14,8.36
ORD-2025-032294,1,PROD-007,1,17.18,16.9
ORD-2025-032294,2,PROD-060,1,42.25,41.66
ORD-2025-032295,1,PROD-022,2,9.01,12.2
ORD-2025-032295,2,PROD-006,2,32.39,43.7
ORD-2025-032296,1,PROD-014,1,9.9,6.94
ORD-2025-032297,1,PROD-006,1,32.39,30.12
ORD-2025-032297,2,PROD-005,1,20.28,18.93
ORD-2025-032298,1,PROD-008,1,9.9,8.77
ORD-2025-032298,2,PROD-004,1,20.28,17.21
ORD-2025-032298,3,PROD-053,1,53.52,52.11
ORD-2025-032299,1,PROD-010,1,38.03,35.77
ORD-2025-032299,2,PROD-035,2,10.14,18.96
ORD-2025-032299,3,PROD-034,3,9.01,24.99
ORD-2025-032300,1,PROD-008,2,9.9,18.69
ORD-2025-032300,2,PROD-020,1,10.14,7.75
ORD-2025-032301,1,PROD-029,1,24.79,11.16
ORD-2025-032302,1,PROD-002,1,11.9,10.15
ORD-2025-032303,1,PROD-005,1,20.28,19.01
ORD-2025-032304,1,PROD-039,1,8.17,6.55
ORD-2025-032305,1,PROD-002,1,11.9,7.66
ORD-2025-032305,2,PROD-050,1,61.97,47.82
ORD-2025-032305,3,PROD-042,3,73.24,197.66
ORD-2025-032306,1,PROD-022,1,9.01,8.1
ORD-2025-032306,2,PROD-008,1,9.9,5.36
ORD-2025-032307,1,PROD-008,1,9.9,9.73
ORD-2025-032307,2,PROD-049,1,80.28,80.06
ORD-2025-032308,1,PROD-006,1,32.39,28.53
ORD-2025-032309,1,PROD-005,3,20.28,60.59
ORD-2025-032309,2,PROD-042,2,73.24,144.97
ORD-2025-032310,1,PROD-008,3,9.9,25.32
ORD-2025-032311,1,PROD-002,2,11.9,23.27
ORD-2025-032311,2,PROD-032,2,19.72,33.42
ORD-2025-032311,3,PROD-007,1,17.18,14.82
ORD-2025-032312,1,PROD-004,1,20.28,19.38
ORD-2025-032313,1,PROD-031,1,53.52,45.11
ORD-2025-032314,1,PROD-008,1,9.9,7.77
ORD-2025-032314,2,PROD-035,1,10.14,8.09
ORD-2025-032314,3,PROD-050,1,61.97,27.89
ORD-2025-032315,1,PROD-001,2,12.9,21.94
ORD-2025-032315,2,PROD-034,1,9.01,7.91
ORD-2025-032315,3,PROD-003,1,14.37,12.45
ORD-2025-032316,1,PROD-006,2,32.39,64.09
ORD-2025-032316,2,PROD-026,1,14.65,14.44
ORD-2025-032317,1,PROD-003,1,14.37,14.35
ORD-2025-032317,2,PROD-034,3,9.01,26.2
ORD-2025-032318,1,PROD-024,1,8.73,8.67
ORD-2025-032318,2,PROD-021,1,15.49,15.33
ORD-2025-032318,3,PROD-029,2,24.79,49.06
ORD-2025-032319,1,PROD-003,1,14.37,12.53
ORD-2025-032320,1,PROD-006,1,32.39,24.93
ORD-2025-032321,1,PROD-002,1,11.9,11.56
ORD-2025-032322,1,PROD-002,1,11.9,11.23
ORD-2025-032323,1,PROD-044,1,40.85,38.78
ORD-2025-032324,1,PROD-035,1,10.14,8.51
ORD-2025-032324,2,PROD-001,1,12.9,11.16
ORD-2025-032325,1,PROD-004,3,20.28,58.27
ORD-2025-032326,1,PROD-041,1,11.83,11.42
ORD-2025-032327,1,PROD-041,2,11.83,22.62
ORD-2025-032327,2,PROD-001,2,12.9,24.95
ORD-2025-032328,1,PROD-038,3,7.89,20.73
ORD-2025-032328,2,PROD-050,1,61.97,57.45
ORD-2025-032329,1,PROD-049,1,80.28,37.58
ORD-2025-032330,1,PROD-008,2,9.9,19.5
ORD-2025-032330,2,PROD-011,1,14.9,13.5
ORD-2025-032331,1,PROD-020,2,10.14,20.02
ORD-2025-032331,2,PROD-007,3,17.18,50.75
ORD-2025-032332,1,PROD-055,1,74.65,58.44
ORD-2025-032333,1,PROD-001,2,12.9,23.42
ORD-2025-032333,2,PROD-008,1,9.9,8.67
ORD-2025-032334,1,PROD-004,1,20.28,19.7
ORD-2025-032334,2,PROD-001,1,12.9,12.73
ORD-2025-032334,3,PROD-038,1,7.89,7.73
ORD-2025-032334,4,PROD-035,1,10.14,9.84
ORD-2025-032335,1,PROD-004,1,20.28,19.5
ORD-2025-032335,2,PROD-035,2,10.14,19.54
ORD-2025-032335,3,PROD-014,1,9.9,9.7
ORD-2025-032335,4,PROD-033,1,52.11,48.13
ORD-2025-032336,1,PROD-008,3,9.9,29.16
ORD-2025-032337,1,PROD-019,1,29.58,25.79
ORD-2025-032337,2,PROD-027,1,21.13,20.45
ORD-2025-032338,1,PROD-023,1,7.89,7.19
ORD-2025-032339,1,PROD-023,2,7.89,13.11
ORD-2025-032340,1,PROD-005,1,20.28,18.44
ORD-2025-032341,1,PROD-008,2,9.9,19.68
ORD-2025-032342,1,PROD-008,2,9.9,17.93
ORD-2025-032343,1,PROD-040,2,15.21,23.04
ORD-2025-032344,1,PROD-007,2,17.18,33.2
ORD-2025-032345,1,PROD-017,3,12.5,35.04
ORD-2025-032346,1,PROD-001,3,12.9,34.62
ORD-2025-032347,1,PROD-001,1,12.9,10.36
ORD-2025-032347,2,PROD-002,2,11.9,22.46
ORD-2025-032347,3,PROD-011,3,14.9,42.53
ORD-2025-032347,4,PROD-033,3,52.11,152.14
ORD-2025-032348,1,PROD-001,1,12.9,12.2
ORD-2025-032349,1,PROD-001,1,12.9,11.59
ORD-2025-032350,1,PROD-008,3,9.9,24.24
ORD-2025-032350,2,PROD-038,2,7.89,14.31
ORD-2025-032351,1,PROD-002,2,11.9,23.05
ORD-2025-032352,1,PROD-002,2,11.9,23.2
ORD-2025-032353,1,PROD-008,1,9.9,9.1
ORD-2025-032354,1,PROD-034,2,9.01,16.93
ORD-2025-032355,1,PROD-006,1,32.39,29.89
ORD-2025-032355,2,PROD-036,3,11.55,24.06
ORD-2025-032356,1,PROD-006,2,32.39,64.0
ORD-2025-032357,1,PROD-005,1,20.28,20.18
ORD-2025-032357,2,PROD-012,1,18.5,14.94
ORD-2025-032358,1,PROD-001,2,12.9,25.47
ORD-2025-032359,1,PROD-037,2,9.86,18.35
ORD-2025-032359,2,PROD-001,1,12.9,11.61
ORD-2025-032360,1,PROD-008,1,9.9,9.6
ORD-2025-032361,1,PROD-004,1,20.28,18.92
ORD-2025-032361,2,PROD-036,3,11.55,30.06
ORD-2025-032361,3,PROD-001,3,12.9,34.97
ORD-2025-032362,1,PROD-006,3,32.39,81.55
ORD-2025-032363,1,PROD-003,3,14.37,39.54
ORD-2025-032363,2,PROD-012,1,18.5,17.72
ORD-2025-032364,1,PROD-017,1,12.5,11.35
ORD-2025-032364,2,PROD-002,1,11.9,10.52
ORD-2025-032364,3,PROD-006,1,32.39,30.64
ORD-2025-032364,4,PROD-038,1,7.89,7.12
ORD-2025-032364,5,PROD-028,1,17.18,15.67
ORD-2025-032365,1,PROD-052,1,46.48,46.16
ORD-2025-032366,1,PROD-033,1,52.11,41.66
ORD-2025-032367,1,PROD-004,3,20.28,58.39
ORD-2025-032367,2,PROD-015,2,26.76,48.28
ORD-2025-032367,3,PROD-035,3,10.14,25.76
ORD-2025-032368,1,PROD-034,3,9.01,26.06
ORD-2025-032369,1,PROD-038,1,7.89,7.53
ORD-2025-032369,2,PROD-006,1,32.39,30.62
ORD-2025-032369,3,PROD-034,1,9.01,8.95
ORD-2025-032369,4,PROD-056,1,101.41,92.24
ORD-2025-032369,5,PROD-030,2,49.3,95.79
ORD-2025-032370,1,PROD-008,3,9.9,27.26
ORD-2025-032371,1,PROD-008,2,9.9,17.72
ORD-2025-032371,2,PROD-007,1,17.18,15.99
ORD-2025-032372,1,PROD-037,1,9.86,8.48
ORD-2025-032373,1,PROD-007,1,17.18,16.93
ORD-2025-032374,1,PROD-012,1,18.5,16.24
ORD-2025-032374,2,PROD-039,2,8.17,15.47
ORD-2025-032375,1,PROD-008,1,9.9,8.69
ORD-2025-032375,2,PROD-035,1,10.14,8.93
ORD-2025-032376,1,PROD-038,4,7.89,29.34
ORD-2025-032376,2,PROD-005,2,20.28,37.66
ORD-2025-032377,1,PROD-026,1,14.65,12.31
ORD-2025-032377,2,PROD-010,2,38.03,52.86
ORD-2025-032378,1,PROD-014,2,9.9,15.37
ORD-2025-032378,2,PROD-024,1,8.73,7.93
ORD-2025-032378,3,PROD-022,2,9.01,15.54
ORD-2025-032378,4,PROD-029,1,24.79,23.84
ORD-2025-032378,5,PROD-005,3,20.28,52.22
ORD-2025-032379,1,PROD-041,1,11.83,10.44
ORD-2025-032379,2,PROD-008,2,9.9,19.22
ORD-2025-032380,1,PROD-014,1,9.9,8.08
ORD-2025-032381,1,PROD-041,3,11.83,33.81
ORD-2025-032382,1,PROD-008,2,9.9,19.64
ORD-2025-032383,1,PROD-035,1,10.14,8.4
ORD-2025-032383,2,PROD-006,1,32.39,31.64
ORD-2025-032384,1,PROD-028,1,17.18,16.47
ORD-2025-032384,2,PROD-001,2,12.9,22.69
ORD-2025-032385,1,PROD-021,2,15.49,30.14
ORD-2025-032385,2,PROD-040,3,15.21,42.12
ORD-2025-032386,1,PROD-004,2,20.28,35.98
ORD-2025-032386,2,PROD-001,1,12.9,12.45
ORD-2025-032387,1,PROD-020,1,10.14,8.2
ORD-2025-032388,1,PROD-053,1,53.52,28.39
ORD-2025-032388,2,PROD-010,2,38.03,72.35
ORD-2025-032389,1,PROD-008,2,9.9,18.54
ORD-2025-032390,1,PROD-033,2,52.11,98.65
ORD-2025-032390,2,PROD-002,2,11.9,22.75
ORD-2025-032391,1,PROD-003,1,14.37,13.71
ORD-2025-032392,1,PROD-004,1,20.28,19.83
ORD-2025-032392,2,PROD-042,1,73.24,70.13
ORD-2025-032392,3,PROD-006,1,32.39,30.96
ORD-2025-032392,4,PROD-007,1,17.18,15.97
ORD-2025-032393,1,PROD-013,1,11.9,11.7
ORD-2025-032394,1,PROD-020,2,10.14,19.68
ORD-2025-032395,1,PROD-020,1,10.14,8.76
ORD-2025-032396,1,PROD-037,1,9.86,9.76
ORD-2025-032396,2,PROD-008,2,9.9,19.44
ORD-2025-032397,1,PROD-040,2,15.21,29.88
ORD-2025-032397,2,PROD-028,1,17.18,16.42
ORD-2025-032397,3,PROD-035,1,10.14,9.53
ORD-2025-032398,1,PROD-012,1,18.5,11.35
ORD-2025-032399,1,PROD-006,2,32.39,43.71
ORD-2025-032400,1,PROD-032,1,19.72,16.17
ORD-2025-032400,2,PROD-005,1,20.28,13.16
ORD-2025-032401,1,PROD-034,1,9.01,8.12
ORD-2025-032401,2,PROD-012,1,18.5,17.98
ORD-2025-032401,3,PROD-036,1,11.55,10.45
ORD-2025-032401,4,PROD-004,2,20.28,39.64
ORD-2025-032402,1,PROD-060,1,42.25,33.49
ORD-2025-032403,1,PROD-032,1,19.72,19.37
ORD-2025-032403,2,PROD-008,2,9.9,18.77
ORD-2025-032403,3,PROD-026,2,14.65,27.44
ORD-2025-032404,1,PROD-008,1,9.9,9.27
ORD-2025-032404,2,PROD-002,1,11.9,10.92
ORD-2025-032404,3,PROD-023,1,7.89,7.51
ORD-2025-032404,4,PROD-038,2,7.89,15.29
ORD-2025-032404,5,PROD-006,1,32.39,30.58
ORD-2025-032405,1,PROD-034,1,9.01,8.23
ORD-2025-032406,1,PROD-020,2,10.14,19.71
ORD-2025-032407,1,PROD-039,4,8.17,31.08
ORD-2025-032408,1,PROD-048,1,55.77,52.47
ORD-2025-032409,1,PROD-024,2,8.73,15.97
ORD-2025-032409,2,PROD-060,1,42.25,37.01
ORD-2025-032409,3,PROD-006,1,32.39,29.43
ORD-2025-032410,1,PROD-010,3,38.03,104.16
ORD-2025-032410,2,PROD-013,2,11.9,20.77
ORD-2025-032410,3,PROD-012,1,18.5,17.56
ORD-2025-032411,1,PROD-053,1,53.52,50.24
ORD-2025-032411,2,PROD-006,2,32.39,58.93
ORD-2025-032412,1,PROD-007,1,17.18,14.99
ORD-2025-032413,1,PROD-008,3,9.9,28.6
ORD-2025-032414,1,PROD-010,1,38.03,36.76
ORD-2025-032414,2,PROD-034,1,9.01,8.4
ORD-2025-032415,1,PROD-041,2,11.83,23.48
ORD-2025-032416,1,PROD-005,3,20.28,59.33
ORD-2025-032417,1,PROD-002,1,11.9,11.24
ORD-2025-032418,1,PROD-022,1,9.01,8.46
ORD-2025-032418,2,PROD-024,1,8.73,8.09
ORD-2025-032419,1,PROD-042,3,73.24,207.24
ORD-2025-032419,2,PROD-008,2,9.9,17.53
ORD-2025-032420,1,PROD-008,2,9.9,18.91
ORD-2025-032420,2,PROD-035,3,10.14,29.97
ORD-2025-032421,1,PROD-003,1,14.37,10.41
ORD-2025-032421,2,PROD-010,1,38.03,30.95
ORD-2025-032421,3,PROD-034,1,9.01,7.35
ORD-2025-032422,1,PROD-003,1,14.37,9.45
ORD-2025-032422,2,PROD-041,2,11.83,15.56
ORD-2025-032423,1,PROD-004,1,20.28,19.37
ORD-2025-032423,2,PROD-035,3,10.14,29.91
ORD-2025-032424,1,PROD-041,4,11.83,45.49
ORD-2025-032425,1,PROD-024,2,8.73,16.54
ORD-2025-032426,1,PROD-008,1,9.9,8.7
ORD-2025-032426,2,PROD-002,1,11.9,10.03
ORD-2025-032426,3,PROD-004,1,20.28,19.5
ORD-2025-032426,4,PROD-006,1,32.39,30.06
ORD-2025-032426,5,PROD-024,2,8.73,17.02
ORD-2025-032427,1,PROD-005,2,20.28,38.51
ORD-2025-032427,2,PROD-004,2,20.28,38.77
ORD-2025-032427,3,PROD-045,1,72.68,70.63
ORD-2025-032428,1,PROD-025,2,21.97,26.29
ORD-2025-032429,1,PROD-003,1,14.37,12.63
ORD-2025-032429,2,PROD-035,4,10.14,40.03
ORD-2025-032429,3,PROD-008,1,9.9,8.28
ORD-2025-032430,1,PROD-012,1,18.5,11.45
ORD-2025-032431,1,PROD-027,1,21.13,16.57
ORD-2025-032432,1,PROD-011,2,14.9,28.15
ORD-2025-032432,2,PROD-040,1,15.21,13.66
ORD-2025-032432,3,PROD-038,2,7.89,15.42
ORD-2025-032433,1,PROD-032,1,19.72,15.62
ORD-2025-032434,1,PROD-031,2,53.52,49.3
ORD-2025-032435,1,PROD-036,1,11.55,11.35
ORD-2025-032436,1,PROD-008,1,9.9,9.69
ORD-2025-032436,2,PROD-042,2,73.24,142.41
ORD-2025-032437,1,PROD-024,1,8.73,6.71
ORD-2025-032437,2,PROD-023,1,7.89,6.43
ORD-2025-032438,1,PROD-038,1,7.89,6.69
ORD-2025-032438,2,PROD-001,3,12.9,35.5
ORD-2025-032439,1,PROD-001,1,12.9,11.04
ORD-2025-032439,2,PROD-032,3,19.72,45.64
ORD-2025-032439,3,PROD-023,2,7.89,13.5
ORD-2025-032440,1,PROD-008,1,9.9,9.56
ORD-2025-032441,1,PROD-042,3,73.24,181.8
ORD-2025-032442,1,PROD-036,1,11.55,10.42
ORD-2025-032443,1,PROD-040,3,15.21,44.22
ORD-2025-032444,1,PROD-004,2,20.28,38.62
ORD-2025-032444,2,PROD-035,2,10.14,19.32
ORD-2025-032445,1,PROD-004,3,20.28,42.2
ORD-2025-032445,2,PROD-006,1,32.39,25.87
ORD-2025-032446,1,PROD-001,1,12.9,12.87
ORD-2025-032446,2,PROD-002,2,11.9,23.57
ORD-2025-032447,1,PROD-031,1,53.52,35.52
ORD-2025-032448,1,PROD-001,2,12.9,25.54
ORD-2025-032449,1,PROD-003,1,14.37,14.05
ORD-2025-032450,1,PROD-006,1,32.39,23.6
ORD-2025-032451,1,PROD-028,1,17.18,11.45
ORD-2025-032451,2,PROD-023,1,7.89,6.41
ORD-2025-032452,1,PROD-007,3,17.18,46.08
ORD-2025-032453,1,PROD-001,2,12.9,24.11
ORD-2025-032454,1,PROD-032,2,19.72,37.92
ORD-2025-032454,2,PROD-035,2,10.14,20.07
ORD-2025-032455,1,PROD-026,1,14.65,13.42
ORD-2025-032456,1,PROD-005,1,20.28,19.64
ORD-2025-032457,1,PROD-037,1,9.86,8.38
ORD-2025-032457,2,PROD-005,2,20.28,35.79
ORD-2025-032458,1,PROD-011,1,14.9,14.05
ORD-2025-032459,1,PROD-017,1,12.5,11.84
ORD-2025-032459,2,PROD-007,1,17.18,16.22
ORD-2025-032460,1,PROD-039,2,8.17,14.79
ORD-2025-032460,2,PROD-008,1,9.9,9.78
ORD-2025-032461,1,PROD-008,3,9.9,21.88
ORD-2025-032462,1,PROD-049,1,80.28,68.88
ORD-2025-032463,1,PROD-004,1,20.28,17.81
ORD-2025-032464,1,PROD-004,1,20.28,20.07
ORD-2025-032464,2,PROD-027,1,21.13,19.24
ORD-2025-032465,1,PROD-014,1,9.9,5.38
ORD-2025-032466,1,PROD-008,1,9.9,9.39
ORD-2025-032467,1,PROD-008,1,9.9,9.26
ORD-2025-032468,1,PROD-008,1,9.9,8.34
ORD-2025-032468,2,PROD-014,1,9.9,9.61
ORD-2025-032469,1,PROD-023,1,7.89,6.72
ORD-2025-032469,2,PROD-005,1,20.28,19.97
ORD-2025-032470,1,PROD-036,1,11.55,10.09
ORD-2025-032470,2,PROD-054,1,59.15,48.92
ORD-2025-032471,1,PROD-050,1,61.97,49.71
ORD-2025-032472,1,PROD-010,1,38.03,33.11
ORD-2025-032472,2,PROD-001,3,12.9,37.63
ORD-2025-032472,3,PROD-032,1,19.72,18.67
ORD-2025-032473,1,PROD-036,2,11.55,22.44
ORD-2025-032473,2,PROD-044,1,40.85,39.6
ORD-2025-032473,3,PROD-060,1,42.25,41.56
ORD-2025-032473,4,PROD-032,3,19.72,58.53
ORD-2025-032474,1,PROD-001,1,12.9,9.96
ORD-2025-032475,1,PROD-037,1,9.86,9.53
ORD-2025-032475,2,PROD-002,2,11.9,21.11
ORD-2025-032475,3,PROD-039,1,8.17,7.99
ORD-2025-032476,1,PROD-003,1,14.37,14.15
ORD-2025-032477,1,PROD-013,1,11.9,9.96
ORD-2025-032477,2,PROD-001,1,12.9,12.79
ORD-2025-032478,1,PROD-005,3,20.28,58.02
ORD-2025-032478,2,PROD-037,1,9.86,8.88
ORD-2025-032479,1,PROD-001,3,12.9,33.63
ORD-2025-032480,1,PROD-003,1,14.37,10.63
ORD-2025-032481,1,PROD-016,2,8.9,16.42
ORD-2025-032481,2,PROD-041,2,11.83,20.35
ORD-2025-032482,1,PROD-002,1,11.9,11.38
ORD-2025-032483,1,PROD-038,3,7.89,22.66
ORD-2025-032483,2,PROD-041,1,11.83,9.36
ORD-2025-032484,1,PROD-010,1,38.03,33.51
ORD-2025-032485,1,PROD-013,3,11.9,31.17
ORD-2025-032486,1,PROD-024,1,8.73,8.04
ORD-2025-032486,2,PROD-027,2,21.13,37.16
ORD-2025-032487,1,PROD-006,1,32.39,24.65
ORD-2025-032488,1,PROD-038,1,7.89,7.64
ORD-2025-032489,1,PROD-004,1,20.28,19.47
ORD-2025-032490,1,PROD-038,1,7.89,7.06
ORD-2025-032491,1,PROD-002,2,11.9,21.14
ORD-2025-032491,2,PROD-008,1,9.9,8.28
ORD-2025-032491,3,PROD-035,4,10.14,34.06
ORD-2025-032492,1,PROD-023,1,7.89,6.05
ORD-2025-032493,1,PROD-037,1,9.86,9.16
ORD-2025-032493,2,PROD-004,1,20.28,18.21
ORD-2025-032493,3,PROD-006,2,32.39,63.38
ORD-2025-032494,1,PROD-034,2,9.01,16.78
ORD-2025-032495,1,PROD-006,2,32.39,56.68
ORD-2025-032495,2,PROD-004,1,20.28,17.88
ORD-2025-032495,3,PROD-002,1,11.9,10.88
ORD-2025-032496,1,PROD-008,1,9.9,9.1
ORD-2025-032497,1,PROD-007,1,17.18,16.53
ORD-2025-032498,1,PROD-002,1,11.9,10.98
ORD-2025-032499,1,PROD-041,3,11.83,33.21
ORD-2025-032500,1,PROD-004,1,20.28,18.54
ORD-2025-032500,2,PROD-003,1,14.37,13.18
ORD-2025-032501,1,PROD-004,2,20.28,38.21
ORD-2025-032502,1,PROD-027,2,21.13,33.58
ORD-2025-032503,1,PROD-013,2,11.9,21.45
ORD-2025-032504,1,PROD-004,1,20.28,19.65
ORD-2025-032505,1,PROD-022,1,9.01,8.75
ORD-2025-032506,1,PROD-003,3,14.37,36.07
ORD-2025-032507,1,PROD-004,1,20.28,16.09
ORD-2025-032507,2,PROD-059,1,52.11,29.59
ORD-2025-032508,1,PROD-027,1,21.13,19.38
ORD-2025-032509,1,PROD-001,2,12.9,24.92
ORD-2025-032509,2,PROD-050,1,61.97,61.31
ORD-2025-032510,1,PROD-008,1,9.9,9.49
ORD-2025-032510,2,PROD-002,2,11.9,21.73
ORD-2025-032511,1,PROD-036,1,11.55,10.17
ORD-2025-032512,1,PROD-017,2,12.5,20.42
ORD-2025-032513,1,PROD-031,1,53.52,53.2
ORD-2025-032514,1,PROD-010,1,38.03,36.91
ORD-2025-032515,1,PROD-003,1,14.37,13.97
ORD-2025-032516,1,PROD-020,2,10.14,18.52
ORD-2025-032516,2,PROD-005,2,20.28,40.45
ORD-2025-032517,1,PROD-020,1,10.14,9.65
ORD-2025-032517,2,PROD-016,3,8.9,24.11
ORD-2025-032517,3,PROD-003,2,14.37,24.41
ORD-2025-032517,4,PROD-001,2,12.9,24.74
ORD-2025-032517,5,PROD-010,1,38.03,36.33
ORD-2025-032518,1,PROD-003,1,14.37,13.46
ORD-2025-032519,1,PROD-007,1,17.18,14.79
ORD-2025-032519,2,PROD-035,2,10.14,16.7
ORD-2025-032519,3,PROD-003,2,14.37,24.53
ORD-2025-032520,1,PROD-007,1,17.18,16.67
ORD-2025-032520,2,PROD-019,1,29.58,28.39
ORD-2025-032520,3,PROD-020,2,10.14,18.76
ORD-2025-032520,4,PROD-044,1,40.85,37.96
ORD-2025-032520,5,PROD-035,1,10.14,9.57
ORD-2025-032521,1,PROD-020,1,10.14,9.83
ORD-2025-032522,1,PROD-003,1,14.37,13.66
ORD-2025-032523,1,PROD-041,2,11.83,22.42
ORD-2025-032523,2,PROD-003,1,14.37,-13.71
ORD-2025-032524,1,PROD-010,1,38.03,35.31
ORD-2025-032524,2,PROD-040,1,15.21,14.91
ORD-2025-032525,1,PROD-008,2,9.9,18.02
ORD-2025-032525,2,PROD-002,1,11.9,10.71
ORD-2025-032525,3,PROD-045,1,72.68,69.42
ORD-2025-032526,1,PROD-005,2,20.28,39.9
ORD-2025-032526,2,PROD-003,2,14.37,25.48
ORD-2025-032527,1,PROD-047,1,108.45,61.85
ORD-2025-032527,2,PROD-007,1,17.18,14.77
ORD-2025-032528,1,PROD-001,1,12.9,8.27
ORD-2025-032529,1,PROD-006,1,32.39,30.83
ORD-2025-032530,1,PROD-037,2,9.86,17.04
ORD-2025-032530,2,PROD-021,2,15.49,29.24
ORD-2025-032531,1,PROD-027,2,21.13,36.36
ORD-2025-032532,1,PROD-059,1,52.11,23.45
ORD-2025-032533,1,PROD-023,2,7.89,15.77
ORD-2025-032534,1,PROD-032,2,19.72,30.39
ORD-2025-032535,1,PROD-005,1,20.28,17.67
ORD-2025-032536,1,PROD-035,3,10.14,28.05
ORD-2025-032537,1,PROD-032,3,19.72,51.48
ORD-2025-032538,1,PROD-033,2,52.11,100.45
ORD-2025-032538,2,PROD-034,2,9.01,16.71
ORD-2025-032538,3,PROD-008,1,9.9,8.93
ORD-2025-032538,4,PROD-032,1,19.72,19.04
ORD-2025-032539,1,PROD-032,1,19.72,18.64
ORD-2025-032539,2,PROD-014,1,9.9,8.27
ORD-2025-032539,3,PROD-036,1,11.55,11.16
ORD-2025-032540,1,PROD-001,1,12.9,11.19
ORD-2025-032541,1,PROD-001,3,12.9,37.6
ORD-2025-032542,1,PROD-019,2,29.58,57.15
ORD-2025-032543,1,PROD-007,1,17.18,15.9
ORD-2025-032544,1,PROD-017,1,12.5,12.4
ORD-2025-032544,2,PROD-001,1,12.9,12.76
ORD-2025-032545,1,PROD-015,2,26.76,51.67
ORD-2025-032546,1,PROD-003,2,14.37,27.92
ORD-2025-032546,2,PROD-035,2,10.14,19.7
ORD-2025-032547,1,PROD-007,1,17.18,15.66
ORD-2025-032547,2,PROD-017,1,12.5,12.47
ORD-2025-032547,3,PROD-035,2,10.14,15.43
ORD-2025-032548,1,PROD-027,1,21.13,18.11
ORD-2025-032549,1,PROD-006,1,32.39,27.69
ORD-2025-032550,1,PROD-004,2,20.28,40.11
ORD-2025-032551,1,PROD-027,1,21.13,20.57
ORD-2025-032551,2,PROD-052,1,46.48,46.06
ORD-2025-032552,1,PROD-010,1,38.03,37.1
ORD-2025-032553,1,PROD-001,1,12.9,12.18
ORD-2025-032553,2,PROD-042,2,73.24,143.59
ORD-2025-032554,1,PROD-051,1,36.06,20.13
ORD-2025-032555,1,PROD-035,3,10.14,24.29
ORD-2025-032556,1,PROD-010,1,38.03,33.91
ORD-2025-032556,2,PROD-022,1,9.01,8.54
ORD-2025-032556,3,PROD-007,1,17.18,16.02
ORD-2025-032557,1,PROD-023,1,7.89,7.43
ORD-2025-032557,2,PROD-012,1,18.5,18.01
ORD-2025-032557,3,PROD-010,1,38.03,36.11
ORD-2025-032558,1,PROD-001,1,12.9,11.14
ORD-2025-032559,1,PROD-033,2,52.11,95.94
ORD-2025-032560,1,PROD-008,1,9.9,8.63
ORD-2025-032560,2,PROD-001,3,12.9,34.42
ORD-2025-032561,1,PROD-005,1,20.28,17.39
ORD-2025-032561,2,PROD-035,4,10.14,35.48
ORD-2025-032562,1,PROD-044,1,40.85,36.78
ORD-2025-032563,1,PROD-008,2,9.9,18.0
ORD-2025-032564,1,PROD-039,1,8.17,5.01
ORD-2025-032564,2,PROD-029,1,24.79,16.98
ORD-2025-032564,3,PROD-041,3,11.83,31.56
ORD-2025-032565,1,PROD-008,2,9.9,14.57
ORD-2025-032566,1,PROD-004,1,20.28,19.38
ORD-2025-032566,2,PROD-035,3,10.14,29.06
ORD-2025-032567,1,PROD-010,1,38.03,37.68
ORD-2025-032568,1,PROD-044,1,40.85,40.38
ORD-2025-032569,1,PROD-002,2,11.9,21.47
ORD-2025-032570,1,PROD-032,1,19.72,16.65
ORD-2025-032571,1,PROD-002,1,11.9,11.25
ORD-2025-032572,1,PROD-031,1,53.52,51.5
ORD-2025-032573,1,PROD-003,2,14.37,26.64
ORD-2025-032573,2,PROD-004,2,20.28,39.75
ORD-2025-032574,1,PROD-001,1,12.9,12.68
ORD-2025-032575,1,PROD-002,3,11.9,34.36
ORD-2025-032576,1,PROD-030,1,49.3,44.47
ORD-2025-032576,2,PROD-036,4,11.55,44.56
ORD-2025-032577,1,PROD-034,2,9.01,15.63
ORD-2025-032577,2,PROD-044,1,40.85,37.66
ORD-2025-032577,3,PROD-004,1,20.28,14.85
ORD-2025-032578,1,PROD-005,2,20.28,35.43
ORD-2025-032578,2,PROD-035,1,10.14,7.41
ORD-2025-032578,3,PROD-004,1,20.28,18.06
ORD-2025-032579,1,PROD-002,1,11.9,10.92
ORD-2025-032580,1,PROD-005,1,20.28,19.85
ORD-2025-032581,1,PROD-014,1,9.9,9.6
ORD-2025-032581,2,PROD-004,1,20.28,19.5
ORD-2025-032582,1,PROD-011,2,14.9,28.98
ORD-2025-032583,1,PROD-001,1,12.9,11.71
ORD-2025-032583,2,PROD-035,1,10.14,7.97
ORD-2025-032584,1,PROD-029,1,24.79,24.58
ORD-2025-032584,2,PROD-021,2,15.49,29.17
ORD-2025-032585,1,PROD-004,2,20.28,39.54
ORD-2025-032586,1,PROD-001,2,12.9,21.17
ORD-2025-032587,1,PROD-007,1,17.18,14.34
ORD-2025-032588,1,PROD-002,2,11.9,22.78
ORD-2025-032589,1,PROD-044,1,40.85,37.17
ORD-2025-032589,2,PROD-002,2,11.9,22.2
ORD-2025-032590,1,PROD-008,1,9.9,9.07
ORD-2025-032590,2,PROD-040,2,15.21,27.31
ORD-2025-032590,3,PROD-002,1,11.9,11.31
ORD-2025-032591,1,PROD-002,3,11.9,32.95
ORD-2025-032592,1,PROD-023,2,7.89,14.5
ORD-2025-032593,1,PROD-004,1,20.28,17.8
ORD-2025-032593,2,PROD-002,1,11.9,11.01
ORD-2025-032593,3,PROD-044,1,40.85,40.1
ORD-2025-032594,1,PROD-039,2,8.17,16.02
ORD-2025-032594,2,PROD-005,1,20.28,20.13
ORD-2025-032594,3,PROD-001,2,12.9,24.44
ORD-2025-032595,1,PROD-001,1,12.9,12.12
ORD-2025-032596,1,PROD-024,1,8.73,8.21
ORD-2025-032597,1,PROD-007,1,17.18,15.63
ORD-2025-032597,2,PROD-038,1,7.89,7.44
ORD-2025-032598,1,PROD-006,1,32.39,29.41
ORD-2025-032599,1,PROD-005,2,20.28,35.94
ORD-2025-032600,1,PROD-060,1,42.25,39.65
ORD-2025-032601,1,PROD-051,1,36.06,33.63
ORD-2025-032601,2,PROD-005,1,20.28,17.18
ORD-2025-032602,1,PROD-036,2,11.55,22.08
ORD-2025-032603,1,PROD-023,1,7.89,7.4
ORD-2025-032604,1,PROD-040,3,15.21,38.67
ORD-2025-032605,1,PROD-010,1,38.03,32.67
ORD-2025-032606,1,PROD-006,1,32.39,31.63
ORD-2025-032606,2,PROD-026,1,14.65,14.27
ORD-2025-032607,1,PROD-005,1,20.28,18.12
ORD-2025-032608,1,PROD-001,1,12.9,12.53
ORD-2025-032609,1,PROD-020,2,10.14,16.55
ORD-2025-032609,2,PROD-008,2,9.9,16.38
ORD-2025-032610,1,PROD-004,1,20.28,14.33
ORD-2025-032610,2,PROD-006,1,32.39,29.97
ORD-2025-032610,3,PROD-041,2,11.83,23.15
ORD-2025-032611,1,PROD-014,1,9.9,7.26
ORD-2025-032611,2,PROD-008,2,9.9,13.89
ORD-2025-032612,1,PROD-040,1,15.21,14.21
ORD-2025-032612,2,PROD-020,1,10.14,9.42
ORD-2025-032612,3,PROD-001,2,12.9,21.3
ORD-2025-032613,1,PROD-026,1,14.65,11.59
ORD-2025-032614,1,PROD-006,1,32.39,29.87
ORD-2025-032614,2,PROD-002,1,11.9,11.19
ORD-2025-032614,3,PROD-003,1,14.37,13.55
ORD-2025-032615,1,PROD-006,1,32.39,29.37
ORD-2025-032616,1,PROD-002,2,11.9,19.44
ORD-2025-032616,2,PROD-008,2,9.9,17.39
ORD-2025-032617,1,PROD-003,1,14.37,12.26
ORD-2025-032618,1,PROD-053,1,53.52,51.4
ORD-2025-032618,2,PROD-008,1,9.9,9.44
ORD-2025-032619,1,PROD-003,2,14.37,23.73
ORD-2025-032619,2,PROD-028,1,17.18,15.84
ORD-2025-032619,3,PROD-038,1,7.89,7.52
ORD-2025-032620,1,PROD-008,1,9.9,9.73
ORD-2025-032620,2,PROD-034,4,9.01,34.11
ORD-2025-032621,1,PROD-038,1,7.89,6.12
ORD-2025-032622,1,PROD-014,1,9.9,9.52
ORD-2025-032622,2,PROD-006,1,32.39,28.72
ORD-2025-032623,1,PROD-031,1,53.52,50.87
ORD-2025-032623,2,PROD-022,1,9.01,8.81
ORD-2025-032624,1,PROD-041,3,11.83,34.29
ORD-2025-032624,2,PROD-006,2,32.39,49.3
ORD-2025-032625,1,PROD-004,2,20.28,35.86
ORD-2025-032626,1,PROD-008,1,9.9,9.27
ORD-2025-032627,1,PROD-037,2,9.86,15.54
ORD-2025-032628,1,PROD-006,2,32.39,63.46
ORD-2025-032629,1,PROD-003,2,14.37,26.88
ORD-2025-032629,2,PROD-027,1,21.13,19.16
ORD-2025-032629,3,PROD-035,1,10.14,8.68
ORD-2025-032630,1,PROD-001,2,12.9,21.85
ORD-2025-032630,2,PROD-005,1,20.28,15.6
ORD-2025-032630,3,PROD-036,3,11.55,30.51
ORD-2025-032631,1,PROD-008,1,9.9,9.43
ORD-2025-032631,2,PROD-005,2,20.28,37.41
ORD-2025-032631,3,PROD-034,3,9.01,25.75
ORD-2025-032631,4,PROD-041,1,11.83,11.45
ORD-2025-032631,5,PROD-031,2,53.52,104.31
ORD-2025-032632,1,PROD-024,1,8.73,7.34
ORD-2025-032632,2,PROD-003,1,14.37,12.91
ORD-2025-032632,3,PROD-001,3,12.9,34.37
ORD-2025-032632,4,PROD-036,3,11.55,26.35
ORD-2025-032633,1,PROD-044,1,40.85,38.92
ORD-2025-032634,1,PROD-002,3,11.9,35.02
ORD-2025-032635,1,PROD-004,2,20.28,40.2
ORD-2025-032635,2,PROD-024,1,8.73,7.6
ORD-2025-032636,1,PROD-005,2,20.28,37.19
ORD-2025-032637,1,PROD-003,1,14.37,12.52
ORD-2025-032637,2,PROD-001,1,12.9,11.69
ORD-2025-032638,1,PROD-004,2,20.28,33.0
ORD-2025-032638,2,PROD-034,2,9.01,16.94
ORD-2025-032638,3,PROD-035,2,10.14,18.97
ORD-2025-032639,1,PROD-001,1,12.9,11.48
ORD-2025-032640,1,PROD-034,2,9.01,17.91
ORD-2025-032641,1,PROD-003,1,14.37,14.12
ORD-2025-032642,1,PROD-004,3,20.28,55.49
ORD-2025-032642,2,PROD-045,1,72.68,66.89
ORD-2025-032642,3,PROD-034,1,9.01,8.46
ORD-2025-032643,1,PROD-036,3,11.55,32.99
ORD-2025-032643,2,PROD-005,2,20.28,39.49
ORD-2025-032643,3,PROD-048,1,55.77,52.47
ORD-2025-032643,4,PROD-034,2,9.01,17.89
ORD-2025-032644,1,PROD-008,1,9.9,9.05
ORD-2025-032645,1,PROD-001,1,12.9,11.91
ORD-2025-032646,1,PROD-016,2,8.9,17.4
ORD-2025-032647,1,PROD-004,1,20.28,18.64
ORD-2025-032648,1,PROD-022,1,9.01,6.64
ORD-2025-032648,2,PROD-003,1,14.37,13.89
ORD-2025-032649,1,PROD-028,1,17.18,15.41
ORD-2025-032650,1,PROD-001,2,12.9,18.41
ORD-2025-032651,1,PROD-002,2,11.9,23.7
ORD-2025-032651,2,PROD-005,1,20.28,19.65
ORD-2025-032652,1,PROD-005,2,20.28,40.42
ORD-2025-032653,1,PROD-001,1,12.9,12.59
ORD-2025-032653,2,PROD-004,2,20.28,40.0
ORD-2025-032654,1,PROD-007,1,17.18,16.52
ORD-2025-032654,2,PROD-002,1,11.9,11.76
ORD-2025-032654,3,PROD-035,1,10.14,8.05
ORD-2025-032655,1,PROD-023,1,7.89,6.85
ORD-2025-032656,1,PROD-045,1,72.68,67.56
ORD-2025-032656,2,PROD-037,1,9.86,8.04
ORD-2025-032657,1,PROD-060,1,42.25,37.82
ORD-2025-032657,2,PROD-006,2,32.39,57.12
ORD-2025-032658,1,PROD-004,2,20.28,37.0
ORD-2025-032658,2,PROD-008,2,9.9,18.71
ORD-2025-032659,1,PROD-006,1,32.39,26.94
ORD-2025-032660,1,PROD-008,1,9.9,9.66
ORD-2025-032661,1,PROD-005,3,20.28,42.5
ORD-2025-032662,1,PROD-012,1,18.5,18.2
ORD-2025-032662,2,PROD-037,2,9.86,19.6
ORD-2025-032663,1,PROD-020,2,10.14,18.44
ORD-2025-032664,1,PROD-007,1,17.18,16.48
ORD-2025-032664,2,PROD-042,2,73.24,143.54
ORD-2025-032664,3,PROD-004,1,20.28,17.4
ORD-2025-032664,4,PROD-001,1,12.9,12.3
ORD-2025-032665,1,PROD-032,1,19.72,13.52
ORD-2025-032666,1,PROD-004,2,20.28,36.04
ORD-2025-032666,2,PROD-044,1,40.85,32.19
ORD-2025-032667,1,PROD-047,1,108.45,95.07
ORD-2025-032667,2,PROD-035,1,10.14,9.19
ORD-2025-032668,1,PROD-003,1,14.37,10.71
ORD-2025-032669,1,PROD-040,3,15.21,32.56
ORD-2025-032669,2,PROD-024,1,8.73,6.4
ORD-2025-032670,1,PROD-002,1,11.9,10.89
ORD-2025-032670,2,PROD-027,1,21.13,20.62
ORD-2025-032671,1,PROD-033,1,52.11,50.54
ORD-2025-032672,1,PROD-040,2,15.21,27.93
ORD-2025-032673,1,PROD-032,1,19.72,17.83
ORD-2025-032674,1,PROD-003,2,14.37,27.22
ORD-2025-032675,1,PROD-001,1,12.9,9.82
ORD-2025-032675,2,PROD-006,1,32.39,28.94
ORD-2025-032676,1,PROD-004,1,20.28,20.03
ORD-2025-032677,1,PROD-052,1,46.48,45.86
ORD-2025-032677,2,PROD-006,1,32.39,31.14
ORD-2025-032678,1,PROD-008,1,9.9,9.87
ORD-2025-032679,1,PROD-013,1,11.9,11.5
ORD-2025-032680,1,PROD-001,1,12.9,11.91
ORD-2025-032680,2,PROD-039,1,8.17,6.42
ORD-2025-032680,3,PROD-012,3,18.5,50.68
ORD-2025-032681,1,PROD-051,1,36.06,32.57
ORD-2025-032681,2,PROD-005,1,20.28,15.37
ORD-2025-032682,1,PROD-021,1,15.49,14.18
ORD-2025-032683,1,PROD-005,3,20.28,59.51
ORD-2025-032684,1,PROD-032,1,19.72,19.43
ORD-2025-032684,2,PROD-007,1,17.18,15.26
ORD-2025-032684,3,PROD-004,2,20.28,33.56
ORD-2025-032685,1,PROD-027,2,21.13,31.29
ORD-2025-032685,2,PROD-028,1,17.18,13.68
ORD-2025-032685,3,PROD-039,1,8.17,6.63
ORD-2025-032685,4,PROD-047,1,108.45,87.02
ORD-2025-032686,1,PROD-021,2,15.49,29.77
ORD-2025-032687,1,PROD-034,1,9.01,8.5
ORD-2025-032687,2,PROD-001,2,12.9,20.93
ORD-2025-032688,1,PROD-004,1,20.28,19.44
ORD-2025-032689,1,PROD-008,3,9.9,29.31
ORD-2025-032690,1,PROD-032,1,19.72,19.51
ORD-2025-032691,1,PROD-001,2,12.9,25.17
ORD-2025-032691,2,PROD-004,2,20.28,37.06
ORD-2025-032691,3,PROD-020,2,10.14,20.15
ORD-2025-032692,1,PROD-012,2,18.5,29.71
ORD-2025-032693,1,PROD-039,1,8.17,7.6
ORD-2025-032694,1,PROD-001,2,12.9,16.99
ORD-2025-032695,1,PROD-024,1,8.73,8.01
ORD-2025-032695,2,PROD-032,1,19.72,18.82
ORD-2025-032695,3,PROD-004,2,20.28,39.02
ORD-2025-032696,1,PROD-022,1,9.01,7.76
ORD-2025-032696,2,PROD-038,2,7.89,14.33
ORD-2025-032696,3,PROD-001,2,12.9,25.33
ORD-2025-032696,4,PROD-029,1,24.79,23.97
ORD-2025-032697,1,PROD-007,1,17.18,16.65
ORD-2025-032698,1,PROD-002,1,11.9,11.49
ORD-2025-032699,1,PROD-012,1,18.5,17.15
ORD-2025-032699,2,PROD-034,3,9.01,26.38
ORD-2025-032699,3,PROD-008,3,9.9,28.31
ORD-2025-032700,1,PROD-008,2,9.9,18.9
ORD-2025-032700,2,PROD-028,1,17.18,16.66
ORD-2025-032700,3,PROD-024,1,8.73,8.43
ORD-2025-032700,4,PROD-001,3,12.9,37.95
ORD-2025-032700,5,PROD-004,1,20.28,19.71
ORD-2025-032701,1,PROD-002,1,11.9,11.77
ORD-2025-032701,2,PROD-039,1,8.17,8.0
ORD-2025-032702,1,PROD-019,1,29.58,24.31
ORD-2025-032702,2,PROD-044,1,40.85,33.53
ORD-2025-032703,1,PROD-046,1,259.15,250.16
ORD-2025-032703,2,PROD-005,1,20.28,17.39
ORD-2025-032704,1,PROD-023,2,7.89,14.34
ORD-2025-032704,2,PROD-010,1,38.03,34.17
ORD-2025-032705,1,PROD-040,2,15.21,24.66
ORD-2025-032706,1,PROD-001,1,12.9,12.05
ORD-2025-032707,1,PROD-002,1,11.9,11.44
ORD-2025-032707,2,PROD-004,1,20.28,15.18
ORD-2025-032708,1,PROD-005,3,20.28,57.66
ORD-2025-032709,1,PROD-004,1,20.28,17.55
ORD-2025-032710,1,PROD-020,1,10.14,9.76
ORD-2025-032710,2,PROD-002,1,11.9,9.76
ORD-2025-032711,1,PROD-008,2,9.9,18.39
ORD-2025-032711,2,PROD-002,2,11.9,22.29
ORD-2025-032712,1,PROD-004,1,20.28,-17.83
ORD-2025-032713,1,PROD-003,1,14.37,11.99
ORD-2025-032713,2,PROD-024,2,8.73,15.32
ORD-2025-032713,3,PROD-007,1,17.18,16.46
ORD-2025-032714,1,PROD-005,3,20.28,48.78
ORD-2025-032714,2,PROD-038,2,7.89,13.73
ORD-2025-032715,1,PROD-026,2,14.65,24.75
ORD-2025-032715,2,PROD-020,1,10.14,9.41
ORD-2025-032715,3,PROD-027,1,21.13,17.19
ORD-2025-032716,1,PROD-037,2,9.86,18.7
ORD-2025-032717,1,PROD-007,2,17.18,34.18
ORD-2025-032717,2,PROD-047,1,108.45,104.21
ORD-2025-032718,1,PROD-023,2,7.89,14.88
ORD-2025-032719,1,PROD-005,1,20.28,18.21
ORD-2025-032719,2,PROD-033,1,52.11,50.47
ORD-2025-032720,1,PROD-038,3,7.89,22.92
ORD-2025-032720,2,PROD-041,1,11.83,11.46
ORD-2025-032720,3,PROD-037,1,9.86,7.71
ORD-2025-032721,1,PROD-008,2,9.9,19.32
ORD-2025-032722,1,PROD-041,3,11.83,30.95
ORD-2025-032722,2,PROD-005,2,20.28,36.74
ORD-2025-032723,1,PROD-003,1,14.37,13.91
ORD-2025-032724,1,PROD-036,2,11.55,21.22
ORD-2025-032724,2,PROD-040,1,15.21,9.16
ORD-2025-032725,1,PROD-001,1,12.9,11.52
ORD-2025-032725,2,PROD-005,1,20.28,18.62
ORD-2025-032726,1,PROD-004,1,20.28,19.75
ORD-2025-032726,2,PROD-005,1,20.28,19.34
ORD-2025-032727,1,PROD-036,1,11.55,8.56
ORD-2025-032728,1,PROD-037,1,9.86,8.18
ORD-2025-032728,2,PROD-030,1,49.3,33.6
ORD-2025-032729,1,PROD-001,2,12.9,24.36
ORD-2025-032729,2,PROD-005,2,20.28,39.97
ORD-2025-032729,3,PROD-004,1,20.28,19.81
ORD-2025-032730,1,PROD-008,2,9.9,18.19
ORD-2025-032730,2,PROD-041,3,11.83,33.96
ORD-2025-032730,3,PROD-034,4,9.01,29.02
ORD-2025-032730,4,PROD-005,1,20.28,17.95
ORD-2025-032731,1,PROD-044,1,40.85,39.6
ORD-2025-032732,1,PROD-002,2,11.9,21.36
ORD-2025-032733,1,PROD-028,1,17.18,15.45
ORD-2025-032734,1,PROD-021,1,15.49,13.56
ORD-2025-032734,2,PROD-028,1,17.18,16.52
ORD-2025-032735,1,PROD-006,3,32.39,91.29
ORD-2025-032736,1,PROD-037,1,9.86,9.36
ORD-2025-032737,1,PROD-005,2,20.28,39.8
ORD-2025-032738,1,PROD-007,3,17.18,47.55
ORD-2025-032739,1,PROD-036,1,11.55,11.49
ORD-2025-032740,1,PROD-005,2,20.28,38.88
ORD-2025-032741,1,PROD-008,2,9.9,19.31
ORD-2025-032741,2,PROD-004,1,20.28,17.93
ORD-2025-032742,1,PROD-008,2,9.9,19.21
ORD-2025-032743,1,PROD-001,1,12.9,10.6
ORD-2025-032744,1,PROD-002,2,11.9,23.0
ORD-2025-032744,2,PROD-015,3,26.76,69.44
ORD-2025-032745,1,PROD-008,2,9.9,16.92
ORD-2025-032746,1,PROD-001,1,12.9,11.0
ORD-2025-032747,1,PROD-036,1,11.55,10.95
ORD-2025-032747,2,PROD-031,1,53.52,52.72
ORD-2025-032748,1,PROD-008,1,9.9,8.16
ORD-2025-032748,2,PROD-038,1,7.89,7.59
ORD-2025-032748,3,PROD-044,1,40.85,34.96
ORD-2025-032748,4,PROD-042,1,73.24,63.42
ORD-2025-032749,1,PROD-007,1,17.18,16.14
ORD-2025-032749,2,PROD-004,1,20.28,18.87
ORD-2025-032749,3,PROD-008,2,9.9,18.66
ORD-2025-032749,4,PROD-001,1,12.9,12.54
ORD-2025-032750,1,PROD-027,2,21.13,36.8
ORD-2025-032750,2,PROD-035,3,10.14,25.11
ORD-2025-032751,1,PROD-028,2,17.18,31.75
ORD-2025-032752,1,PROD-004,1,20.28,17.08
ORD-2025-032753,1,PROD-040,1,15.21,14.42
ORD-2025-032754,1,PROD-002,1,11.9,10.07
ORD-2025-032755,1,PROD-008,2,9.9,17.78
ORD-2025-032756,1,PROD-020,1,10.14,9.68
ORD-2025-032756,2,PROD-050,1,61.97,57.71
ORD-2025-032757,1,PROD-008,1,9.9,9.58
ORD-2025-032758,1,PROD-005,1,20.28,17.44
ORD-2025-032758,2,PROD-035,1,10.14,9.93
ORD-2025-032759,1,PROD-025,2,21.97,41.16
ORD-2025-032760,1,PROD-001,2,12.9,24.22
ORD-2025-032760,2,PROD-006,2,32.39,63.42
ORD-2025-032761,1,PROD-005,1,20.28,16.02
ORD-2025-032762,1,PROD-005,1,20.28,17.75
ORD-2025-032762,2,PROD-040,3,15.21,41.93
ORD-2025-032763,1,PROD-001,1,12.9,12.47
ORD-2025-032764,1,PROD-010,1,38.03,35.2
ORD-2025-032765,1,PROD-037,3,9.86,26.6
ORD-2025-032766,1,PROD-036,1,11.55,9.76
ORD-2025-032767,1,PROD-001,1,12.9,12.59
ORD-2025-032768,1,PROD-037,1,9.86,9.22
ORD-2025-032769,1,PROD-001,3,12.9,37.79
ORD-2025-032770,1,PROD-005,3,20.28,55.41
ORD-2025-032771,1,PROD-027,1,21.13,20.58
ORD-2025-032771,2,PROD-006,1,32.39,30.73
ORD-2025-032771,3,PROD-008,2,9.9,18.85
ORD-2025-032772,1,PROD-008,1,9.9,9.71
ORD-2025-032773,1,PROD-033,2,52.11,71.4
ORD-2025-032774,1,PROD-002,1,11.9,11.25
ORD-2025-032775,1,PROD-008,2,9.9,19.08
ORD-2025-032776,1,PROD-040,1,15.21,13.92
ORD-2025-032777,1,PROD-021,1,15.49,14.66
ORD-2025-032777,2,PROD-001,2,12.9,24.57
ORD-2025-032777,3,PROD-008,1,9.9,9.45
ORD-2025-032778,1,PROD-004,2,20.28,37.06
ORD-2025-032779,1,PROD-020,2,10.14,16.55
ORD-2025-032779,2,PROD-023,1,7.89,7.41
ORD-2025-032780,1,PROD-007,1,17.18,16.71
ORD-2025-032780,2,PROD-008,3,9.9,27.97
ORD-2025-032781,1,PROD-002,1,11.9,10.58
ORD-2025-032782,1,PROD-004,1,20.28,19.78
ORD-2025-032783,1,PROD-001,2,12.9,25.39
ORD-2025-032784,1,PROD-007,2,17.18,30.13
ORD-2025-032785,1,PROD-037,1,9.86,9.46
ORD-2025-032786,1,PROD-005,1,20.28,16.23
ORD-2025-032786,2,PROD-002,2,11.9,21.67
ORD-2025-032787,1,PROD-002,2,11.9,21.39
ORD-2025-032787,2,PROD-034,1,9.01,8.47
ORD-2025-032787,3,PROD-050,1,61.97,49.67
ORD-2025-032788,1,PROD-037,1,9.86,7.96
ORD-2025-032789,1,PROD-007,2,17.18,33.45
ORD-2025-032790,1,PROD-011,2,14.9,27.97
ORD-2025-032791,1,PROD-012,2,18.5,35.24
ORD-2025-032791,2,PROD-008,1,9.9,7.78
ORD-2025-032792,1,PROD-008,1,9.9,9.72
ORD-2025-032792,2,PROD-029,1,24.79,24.41
ORD-2025-032792,3,PROD-044,2,40.85,81.56
ORD-2025-032793,1,PROD-040,2,15.21,28.44
ORD-2025-032794,1,PROD-005,2,20.28,38.76
ORD-2025-032795,1,PROD-013,1,11.9,10.92
ORD-2025-032796,1,PROD-012,1,18.5,13.71
ORD-2025-032796,2,PROD-004,1,20.28,18.92
ORD-2025-032797,1,PROD-008,1,9.9,9.07
ORD-2025-032797,2,PROD-041,2,11.83,21.91
ORD-2025-032798,1,PROD-001,1,12.9,12.05
ORD-2025-032799,1,PROD-021,1,15.49,14.34
ORD-2025-032799,2,PROD-008,1,9.9,9.12
ORD-2025-032799,3,PROD-004,2,20.28,35.24
ORD-2025-032799,4,PROD-036,1,11.55,9.16
ORD-2025-032799,5,PROD-024,1,8.73,7.03
ORD-2025-032800,1,PROD-034,1,9.01,8.13
ORD-2025-032800,2,PROD-045,1,72.68,66.57
ORD-2025-032801,1,PROD-006,3,32.39,95.41
ORD-2025-032802,1,PROD-007,1,17.18,16.89
ORD-2025-032803,1,PROD-054,1,59.15,46.24
ORD-2025-032804,1,PROD-001,1,12.9,8.17
ORD-2025-032804,2,PROD-005,2,20.28,36.87
ORD-2025-032805,1,PROD-017,1,12.5,9.07
ORD-2025-032806,1,PROD-027,2,21.13,39.97
ORD-2025-032806,2,PROD-032,1,19.72,19.05
ORD-2025-032807,1,PROD-039,2,8.17,15.81
ORD-2025-032807,2,PROD-007,1,17.18,16.63
ORD-2025-032807,3,PROD-008,1,9.9,9.52
ORD-2025-032808,1,PROD-049,1,80.28,70.32
ORD-2025-032809,1,PROD-016,3,8.9,25.97
ORD-2025-032810,1,PROD-008,2,9.9,16.32
ORD-2025-032811,1,PROD-024,1,8.73,5.29
ORD-2025-032812,1,PROD-044,1,40.85,32.43
ORD-2025-032813,1,PROD-002,2,11.9,21.52
ORD-2025-032814,1,PROD-020,2,10.14,17.23
ORD-2025-032814,2,PROD-017,1,12.5,10.86
ORD-2025-032815,1,PROD-020,1,10.14,9.72
ORD-2025-032815,2,PROD-001,1,12.9,11.93
ORD-2025-032815,3,PROD-011,3,14.9,39.64
ORD-2025-032816,1,PROD-003,1,14.37,14.18
ORD-2025-032817,1,PROD-006,1,32.39,29.54
ORD-2025-032817,2,PROD-001,1,12.9,12.72
ORD-2025-032817,3,PROD-005,1,20.28,19.38
ORD-2025-032818,1,PROD-008,1,9.9,9.21
ORD-2025-032819,1,PROD-038,2,7.89,15.13
ORD-2025-032820,1,PROD-029,2,24.79,44.59
ORD-2025-032821,1,PROD-026,1,14.65,12.45
ORD-2025-032822,1,PROD-005,1,20.28,18.42
ORD-2025-032822,2,PROD-034,1,9.01,7.55
ORD-2025-032823,1,PROD-008,1,9.9,9.58
ORD-2025-032823,2,PROD-017,1,12.5,11.84
ORD-2025-032823,3,PROD-022,2,9.01,17.98
ORD-2025-032823,4,PROD-004,1,20.28,19.39
ORD-2025-032824,1,PROD-004,1,20.28,19.82
ORD-2025-032825,1,PROD-001,1,12.9,11.95
ORD-2025-032826,1,PROD-041,1,11.83,10.57
ORD-2025-032827,1,PROD-004,1,20.28,11.73
ORD-2025-032828,1,PROD-040,3,15.21,41.66
ORD-2025-032829,1,PROD-001,1,12.9,10.3
ORD-2025-032829,2,PROD-005,2,20.28,38.2
ORD-2025-032830,1,PROD-001,2,12.9,23.98
ORD-2025-032830,2,PROD-042,1,73.24,69.61
ORD-2025-032830,3,PROD-004,1,20.28,19.26
ORD-2025-032830,4,PROD-005,2,20.28,33.75
ORD-2025-032831,1,PROD-016,1,8.9,8.59
ORD-2025-032831,2,PROD-049,1,80.28,77.79
ORD-2025-032831,3,PROD-012,2,18.5,34.38
ORD-2025-032831,4,PROD-004,3,20.28,56.81
ORD-2025-032831,5,PROD-024,1,8.73,8.42
ORD-2025-032832,1,PROD-001,1,12.9,11.8
ORD-2025-032832,2,PROD-045,1,72.68,69.42
ORD-2025-032833,1,PROD-039,2,8.17,12.68
ORD-2025-032834,1,PROD-038,1,7.89,7.36
ORD-2025-032834,2,PROD-002,1,11.9,11.4
ORD-2025-032835,1,PROD-006,1,32.39,32.04
ORD-2025-032836,1,PROD-040,2,15.21,27.67
ORD-2025-032837,1,PROD-008,1,9.9,9.55
ORD-2025-032837,2,PROD-006,1,32.39,28.98
ORD-2025-032837,3,PROD-004,2,20.28,38.53
ORD-2025-032838,1,PROD-040,1,15.21,14.5
ORD-2025-032838,2,PROD-001,2,12.9,23.14
ORD-2025-032839,1,PROD-002,2,11.9,23.62
ORD-2025-032839,2,PROD-015,1,26.76,25.58
ORD-2025-032839,3,PROD-006,3,32.39,77.6
ORD-2025-032840,1,PROD-010,1,38.03,32.38
ORD-2025-032840,2,PROD-008,2,9.9,17.69
ORD-2025-032840,3,PROD-007,2,17.18,30.94
ORD-2025-032841,1,PROD-007,2,17.18,31.66
ORD-2025-032841,2,PROD-004,3,20.28,56.68
ORD-2025-032841,3,PROD-040,1,15.21,14.91
ORD-2025-032842,1,PROD-002,2,11.9,22.77
ORD-2025-032842,2,PROD-035,2,10.14,19.51
ORD-2025-032842,3,PROD-011,2,14.9,29.08
ORD-2025-032843,1,PROD-001,1,12.9,12.29
ORD-2025-032844,1,PROD-008,2,9.9,18.75
ORD-2025-032845,1,PROD-038,2,7.89,11.79
ORD-2025-032846,1,PROD-006,2,32.39,56.53
ORD-2025-032847,1,PROD-005,2,20.28,37.98
ORD-2025-032848,1,PROD-011,2,14.9,27.69
ORD-2025-032848,2,PROD-002,1,11.9,8.85
ORD-2025-032848,3,PROD-005,1,20.28,19.94
ORD-2025-032848,4,PROD-034,2,9.01,16.68
ORD-2025-032849,1,PROD-002,2,11.9,22.67
ORD-2025-032850,1,PROD-001,2,12.9,22.55
ORD-2025-032850,2,PROD-041,2,11.83,23.11
ORD-2025-032850,3,PROD-049,1,80.28,63.6
ORD-2025-032850,4,PROD-003,1,14.37,14.13
ORD-2025-032851,1,PROD-007,1,17.18,16.68
ORD-2025-032852,1,PROD-002,2,11.9,23.59
ORD-2025-032852,2,PROD-006,1,32.39,31.3
ORD-2025-032853,1,PROD-005,2,20.28,36.48
ORD-2025-032854,1,PROD-008,1,9.9,9.18
ORD-2025-032854,2,PROD-004,3,20.28,53.29
ORD-2025-032855,1,PROD-004,3,20.28,56.97
ORD-2025-032856,1,PROD-033,2,52.11,97.71
ORD-2025-032857,1,PROD-001,1,12.9,12.15
ORD-2025-032857,2,PROD-021,1,15.49,14.84
ORD-2025-032858,1,PROD-005,1,20.28,17.18
ORD-2025-032859,1,PROD-010,1,38.03,35.29
ORD-2025-032859,2,PROD-038,3,7.89,15.97
ORD-2025-032860,1,PROD-004,3,20.28,55.78
ORD-2025-032861,1,PROD-005,1,20.28,18.17
ORD-2025-032862,1,PROD-041,3,11.83,30.73
ORD-2025-032862,2,PROD-001,1,12.9,11.3
ORD-2025-032863,1,PROD-034,1,9.01,7.55
ORD-2025-032863,2,PROD-035,1,10.14,9.25
ORD-2025-032864,1,PROD-004,2,20.28,38.05
ORD-2025-032864,2,PROD-041,3,11.83,32.84
ORD-2025-032864,3,PROD-034,2,9.01,16.86
ORD-2025-032864,4,PROD-011,2,14.9,27.28
ORD-2025-032865,1,PROD-001,1,12.9,11.52
ORD-2025-032865,2,PROD-039,2,8.17,16.05
ORD-2025-032866,1,PROD-006,2,32.39,60.1
ORD-2025-032866,2,PROD-016,2,8.9,17.45
ORD-2025-032867,1,PROD-004,1,20.28,20.11
ORD-2025-032868,1,PROD-040,1,15.21,14.43
ORD-2025-032869,1,PROD-010,2,38.03,74.0
ORD-2025-032869,2,PROD-034,3,9.01,25.92
ORD-2025-032869,3,PROD-036,1,11.55,11.5
ORD-2025-032870,1,PROD-002,1,11.9,9.5
ORD-2025-032870,2,PROD-003,1,14.37,13.9
ORD-2025-032870,3,PROD-023,1,7.89,7.51
ORD-2025-032870,4,PROD-037,1,9.86,9.01
ORD-2025-032871,1,PROD-001,2,12.9,24.43
ORD-2025-032872,1,PROD-005,1,20.28,19.97
ORD-2025-032873,1,PROD-027,1,21.13,21.04
ORD-2025-032874,1,PROD-033,2,52.11,96.62
ORD-2025-032875,1,PROD-004,1,20.28,18.21
ORD-2025-032876,1,PROD-004,1,20.28,18.35
ORD-2025-032876,2,PROD-008,1,9.9,9.15
ORD-2025-032877,1,PROD-044,1,40.85,34.21
ORD-2025-032878,1,PROD-002,1,11.9,11.63
ORD-2025-032879,1,PROD-008,1,9.9,7.4
ORD-2025-032879,2,PROD-003,1,14.37,8.36
ORD-2025-032880,1,PROD-038,1,7.89,7.79
ORD-2025-032881,1,PROD-020,1,10.14,9.62
ORD-2025-032881,2,PROD-039,2,8.17,15.08
ORD-2025-032881,3,PROD-001,3,12.9,37.13
ORD-2025-032882,1,PROD-021,2,15.49,24.87
ORD-2025-032883,1,PROD-001,1,12.9,7.83
ORD-2025-032884,1,PROD-006,1,32.39,29.86
 ORD-2025-032884 ,2,PROD-002,1,11.9,9.94
ORD-2025-032884,3,PROD-029,1,24.79,21.35
ORD-2025-032884,4,PROD-011,2,14.9,26.62
ORD-2025-032884,5,PROD-007,1,17.18,15.24
ORD-2025-032885,1,PROD-024,1,8.73,8.55
ORD-2025-032886,1,PROD-028,2,17.18,33.87
ORD-2025-032887,1,PROD-036,3,11.55,29.73
ORD-2025-032887,2,PROD-006,2,32.39,57.25
ORD-2025-032887,3,PROD-011,2,14.9,26.33
ORD-2025-032888,1,PROD-004,1,20.28,19.5
ORD-2025-032889,1,PROD-004,1,20.28,19.99
ORD-2025-032890,1,PROD-013,1,11.9,7.95
ORD-2025-032890,2,PROD-032,1,19.72,16.52
ORD-2025-032890,3,PROD-041,3,11.83,33.33
ORD-2025-032891,1,PROD-002,1,11.9,11.69
ORD-2025-032892,1,PROD-003,1,14.37,13.6
ORD-2025-032892,2,PROD-004,2,20.28,38.26
ORD-2025-032893,1,PROD-010,2,38.03,73.9
ORD-2025-032894,1,PROD-036,2,11.55,22.69
ORD-2025-032895,1,PROD-007,2,17.18,29.63
ORD-2025-032895,2,PROD-006,1,32.39,27.49
ORD-2025-032896,1,PROD-026,1,14.65,11.62
ORD-2025-032896,2,PROD-039,1,8.17,7.54
ORD-2025-032897,1,PROD-003,2,14.37,24.36
ORD-2025-032898,1,PROD-024,1,8.73,8.28
ORD-2025-032898,2,PROD-030,1,49.3,44.46
ORD-2025-032899,1,PROD-023,1,7.89,7.63
ORD-2025-032900,1,PROD-006,1,32.39,25.78
ORD-2025-032901,1,PROD-004,1,20.28,16.19
ORD-2025-032902,1,PROD-005,1,20.28,19.21
ORD-2025-032902,2,PROD-001,1,12.9,12.57
ORD-2025-032903,1,PROD-005,1,20.28,19.19
ORD-2025-032904,1,PROD-006,2,32.39,62.43
ORD-2025-032904,2,PROD-036,1,11.55,11.31
ORD-2025-032904,3,PROD-011,1,14.9,14.13
ORD-2025-032904,4,PROD-027,1,21.13,19.99
ORD-2025-032905,1,PROD-005,2,20.28,33.19
ORD-2025-032906,1,PROD-045,1,72.68,71.04
ORD-2025-032906,2,PROD-008,2,9.9,19.58
ORD-2025-032907,1,PROD-013,2,11.9,22.44
ORD-2025-032908,1,PROD-015,2,26.76,51.91
ORD-2025-032908,2,PROD-020,1,10.14,10.02
ORD-2025-032909,1,PROD-007,1,17.18,16.85
ORD-2025-032909,2,PROD-029,1,24.79,23.84
ORD-2025-032909,3,PROD-006,1,32.39,32.24
ORD-2025-032910,1,PROD-021,2,15.49,30.04
ORD-2025-032910,2,PROD-025,2,21.97,33.68
ORD-2025-032911,1,PROD-007,1,17.18,16.8
ORD-2025-032911,2,PROD-003,1,14.37,9.75
ORD-2025-032912,1,PROD-008,1,9.9,9.76
ORD-2025-032913,1,PROD-041,1,11.83,11.7
ORD-2025-032914,1,PROD-028,1,17.18,16.45
ORD-2025-032915,1,PROD-017,1,12.5,11.51
ORD-2025-032915,2,PROD-038,1,7.89,7.07
ORD-2025-032916,1,PROD-004,1,20.28,19.97
ORD-2025-032916,2,PROD-008,1,9.9,9.82
ORD-2025-032917,1,PROD-003,1,14.37,13.31
ORD-2025-032917,2,PROD-004,2,20.28,38.64
ORD-2025-032917,3,PROD-048,1,55.77,52.49
ORD-2025-032917,4,PROD-040,2,15.21,29.41
ORD-2025-032918,1,PROD-029,1,24.79,23.43
ORD-2025-032918,2,PROD-001,1,12.9,12.16
ORD-2025-032918,3,PROD-024,1,8.73,8.24
ORD-2025-032919,1,PROD-030,1,49.3,46.02
ORD-2025-032919,2,PROD-039,1,8.17,6.91
ORD-2025-032919,3,PROD-003,1,14.37,8.48
ORD-2025-032920,1,PROD-006,1,32.39,30.57
ORD-2025-032921,1,PROD-004,2,20.28,34.63
ORD-2025-032921,2,PROD-022,1,9.01,8.69
ORD-2025-032921,3,PROD-006,1,32.39,31.65
ORD-2025-032921,4,PROD-012,1,18.5,17.98
ORD-2025-032921,5,PROD-036,1,11.55,10.73
ORD-2025-032922,1,PROD-004,1,20.28,19.81
ORD-2025-032923,1,PROD-005,2,20.28,37.32
ORD-2025-032923,2,PROD-003,1,14.37,12.19
ORD-2025-032924,1,PROD-017,1,12.5,11.78
ORD-2025-032925,1,PROD-024,1,8.73,5.85
ORD-2025-032926,1,PROD-037,2,9.86,17.08
ORD-2025-032927,1,PROD-025,1,21.97,18.01
ORD-2025-032928,1,PROD-004,1,20.28,19.96
ORD-2025-032929,1,PROD-027,1,21.13,20.13
ORD-2025-032929,2,PROD-052,1,46.48,32.92
ORD-2025-032930,1,PROD-004,1,20.28,14.81
ORD-2025-032931,1,PROD-002,1,11.9,11.64
ORD-2025-032932,1,PROD-002,1,11.9,11.43
ORD-2025-032932,2,PROD-010,1,38.03,36.39
ORD-2025-032932,3,PROD-006,1,32.39,31.54
ORD-2025-032933,1,PROD-004,2,20.28,38.27
ORD-2025-032934,1,PROD-001,2,12.9,25.34
ORD-2025-032934,2,PROD-035,1,10.14,9.92
ORD-2025-032935,1,PROD-026,1,14.65,14.18
ORD-2025-032936,1,PROD-001,1,12.9,11.38
ORD-2025-032936,2,PROD-035,1,10.14,9.25
ORD-2025-032937,1,PROD-012,1,18.5,17.48
ORD-2025-032938,1,PROD-005,3,20.28,53.87
ORD-2025-032939,1,PROD-044,1,40.85,36.59
ORD-2025-032940,1,PROD-016,1,8.9,7.78
ORD-2025-032941,1,PROD-008,2,9.9,19.24
ORD-2025-032941,2,PROD-041,1,11.83,11.05
ORD-2025-032942,1,PROD-004,1,20.28,16.93
ORD-2025-032943,1,PROD-005,2,20.28,38.06
ORD-2025-032944,1,PROD-034,2,9.01,16.83
ORD-2025-032945,1,PROD-020,2,10.14,18.04
ORD-2025-032946,1,PROD-004,1,20.28,17.72
ORD-2025-032946,2,PROD-006,1,32.39,25.26
ORD-2025-032947,1,PROD-041,2,11.83,18.53
ORD-2025-032948,1,PROD-007,1,17.18,15.12
ORD-2025-032949,1,PROD-035,2,10.14,17.43
ORD-2025-032949,2,PROD-021,1,15.49,11.5
ORD-2025-032949,3,PROD-017,2,12.5,15.84
ORD-2025-032950,1,PROD-008,2,9.9,19.41
ORD-2025-032951,1,PROD-008,2,9.9,18.85
ORD-2025-032951,2,PROD-016,2,8.9,17.63
ORD-2025-032952,1,PROD-015,1,26.76,13.67
ORD-2025-032953,1,PROD-007,1,17.18,14.19
ORD-2025-032954,1,PROD-004,3,20.28,60.15
ORD-2025-032954,2,PROD-052,1,46.48,46.22
ORD-2025-032955,1,PROD-048,2,55.77,110.09
ORD-2025-032956,1,PROD-005,1,20.28,19.62
ORD-2025-032957,1,PROD-028,1,17.18,15.07
ORD-2025-032958,1,PROD-005,1,20.28,19.31
ORD-2025-032959,1,PROD-003,2,14.37,24.08
ORD-2025-032960,1,PROD-013,1,11.9,11.63
ORD-2025-032961,1,PROD-005,2,20.28,39.53
ORD-2025-032961,2,PROD-041,1,11.83,11.65
ORD-2025-032962,1,PROD-011,1,14.9,11.82
ORD-2025-032963,1,PROD-040,1,15.21,11.41
ORD-2025-032963,2,PROD-012,1,18.5,17.4
ORD-2025-032964,1,PROD-037,2,9.86,16.82
ORD-2025-032965,1,PROD-001,2,12.9,22.45
ORD-2025-032965,2,PROD-035,3,10.14,26.53
ORD-2025-032965,3,PROD-008,2,9.9,18.54
ORD-2025-032966,1,PROD-050,1,61.97,59.74
ORD-2025-032966,2,PROD-026,1,14.65,13.83
ORD-2025-032967,1,PROD-006,1,32.39,27.97
ORD-2025-032968,1,PROD-028,2,17.18,30.5
ORD-2025-032969,1,PROD-035,2,10.14,16.58
ORD-2025-032970,1,PROD-002,2,11.9,20.88
ORD-2025-032970,2,PROD-008,1,9.9,9.33
ORD-2025-032971,1,PROD-021,1,15.49,13.76
ORD-2025-032971,2,PROD-027,2,21.13,34.94
ORD-2025-032972,1,PROD-039,3,8.17,22.87
ORD-2025-032972,2,PROD-004,1,20.28,19.4
ORD-2025-032973,1,PROD-038,1,7.89,6.84
ORD-2025-032974,1,PROD-036,1,11.55,10.52
ORD-2025-032975,1,PROD-040,2,15.21,29.1
ORD-2025-032976,1,PROD-004,1,20.28,18.52
ORD-2025-032977,1,PROD-034,3,9.01,24.92
ORD-2025-032977,2,PROD-035,2,10.14,19.38
ORD-2025-032977,3,PROD-006,1,32.39,30.73
ORD-2025-032978,1,PROD-005,3,20.28,58.41
ORD-2025-032979,1,PROD-040,2,15.21,29.89
ORD-2025-032979,2,PROD-002,2,11.9,23.2
ORD-2025-032980,1,PROD-041,2,11.83,21.38
ORD-2025-032981,1,PROD-029,2,24.79,44.57
ORD-2025-032981,2,PROD-001,3,12.9,36.99
ORD-2025-032981,3,PROD-004,3,20.28,59.21
ORD-2025-032982,1,PROD-035,3,10.14,28.11
ORD-2025-032983,1,PROD-008,2,9.9,16.75
ORD-2025-032983,2,PROD-003,2,14.37,25.04
ORD-2025-032984,1,PROD-014,2,9.9,19.49
ORD-2025-032984,2,PROD-041,1,11.83,6.8
ORD-2025-032985,1,PROD-029,1,24.79,21.05
ORD-2025-032985,2,PROD-044,1,40.85,37.97
ORD-2025-032986,1,PROD-036,1,11.55,8.68
ORD-2025-032986,2,PROD-006,2,32.39,63.2
ORD-2025-032986,3,PROD-008,1,9.9,8.59
ORD-2025-032987,1,PROD-014,1,9.9,9.46
ORD-2025-032988,1,PROD-034,1,9.01,6.97
ORD-2025-032989,1,PROD-002,1,11.9,10.91
ORD-2025-032989,2,PROD-028,1,17.18,15.57
ORD-2025-032990,1,PROD-032,2,19.72,37.53
ORD-2025-032990,2,PROD-003,2,14.37,27.52
ORD-2025-032991,1,PROD-035,1,10.14,9.59
ORD-2025-032992,1,PROD-004,1,20.28,16.09
ORD-2025-032993,1,PROD-007,1,17.18,16.82
ORD-2025-032993,2,PROD-011,1,14.9,14.05
ORD-2025-032993,3,PROD-034,1,9.01,8.91
ORD-2025-032994,1,PROD-034,1,9.01,8.22
ORD-2025-032995,1,PROD-027,1,21.13,17.82
ORD-2025-032996,1,PROD-002,1,11.9,11.18
ORD-2025-032997,1,PROD-028,2,17.18,32.69
ORD-2025-032997,2,PROD-008,2,9.9,17.27
ORD-2025-032997,3,PROD-010,1,38.03,31.96
ORD-2025-032998,1,PROD-006,2,32.39,58.35
ORD-2025-032999,1,PROD-001,2,12.9,21.12
ORD-2025-033000,1,PROD-001,1,12.9,11.57
ORD-2025-033001,1,PROD-036,3,11.55,33.72
ORD-2025-033002,1,PROD-005,1,20.28,17.75
ORD-2025-033002,2,PROD-034,2,9.01,15.76
ORD-2025-033003,1,PROD-016,1,8.9,8.13
ORD-2025-033003,2,PROD-008,1,9.9,9.52
ORD-2025-033004,1,PROD-013,1,11.9,11.77
ORD-2025-033004,2,PROD-035,1,10.14,9.54
ORD-2025-033005,1,PROD-030,1,49.3,47.4
ORD-2025-033006,1,PROD-031,2,53.52,62.82
ORD-2025-033006,2,PROD-022,1,9.01,8.5
ORD-2025-033007,1,PROD-006,1,32.39,31.79
ORD-2025-033008,1,PROD-006,2,32.39,55.67
ORD-2025-033008,2,PROD-005,1,20.28,16.72
ORD-2025-033008,3,PROD-014,3,9.9,27.46
ORD-2025-033009,1,PROD-011,1,14.9,9.69
ORD-2025-033010,1,PROD-010,2,38.03,68.9
ORD-2025-033010,2,PROD-034,3,9.01,23.62
ORD-2025-033010,3,PROD-002,2,11.9,22.93
ORD-2025-033011,1,PROD-002,1,11.9,10.88
ORD-2025-033012,1,PROD-014,1,9.9,8.69
ORD-2025-033012,2,PROD-008,2,9.9,17.51
ORD-2025-033013,1,PROD-005,3,20.28,58.87
ORD-2025-033014,1,PROD-020,1,10.14,8.54
ORD-2025-033015,1,PROD-004,2,20.28,35.78
ORD-2025-033016,1,PROD-004,1,20.28,15.75
ORD-2025-033016,2,PROD-002,1,11.9,9.73
ORD-2025-033016,3,PROD-001,1,12.9,11.74
ORD-2025-033016,4,PROD-024,1,8.73,8.55
ORD-2025-033017,1,PROD-034,2,9.01,17.71
ORD-2025-033018,1,PROD-036,1,11.55,9.26
ORD-2025-033019,1,PROD-027,1,21.13,19.99
ORD-2025-033020,1,PROD-006,1,32.39,31.27
ORD-2025-033020,2,PROD-016,1,8.9,8.83
ORD-2025-033021,1,PROD-049,1,80.28,65.17
ORD-2025-033022,1,PROD-008,1,9.9,8.3
ORD-2025-033023,1,PROD-038,2,7.89,15.29
ORD-2025-033023,2,PROD-003,2,14.37,24.25
ORD-2025-033024,1,PROD-039,1,8.17,7.2
ORD-2025-033025,1,PROD-010,1,38.03,37.68
ORD-2025-033025,2,PROD-007,2,17.18,34.27
ORD-2025-033026,1,PROD-017,2,12.5,11.61
ORD-2025-033026,2,PROD-040,3,15.21,45.15
ORD-2025-033027,1,PROD-006,1,32.39,28.04
ORD-2025-033028,1,PROD-003,2,14.37,22.06
ORD-2025-033029,1,PROD-039,1,8.17,7.14
ORD-2025-033030,1,PROD-003,3,14.37,39.99
ORD-2025-033031,1,PROD-003,1,14.37,14.25
ORD-2025-033032,1,PROD-051,1,36.06,35.32
ORD-2025-033033,1,PROD-060,1,42.25,29.22
ORD-2025-033033,2,PROD-020,1,10.14,
ORD-2025-033034,1,PROD-014,3,9.9,13.37
ORD-2025-033035,1,PROD-001,3,12.9,37.71
ORD-2025-033035,2,PROD-008,1,9.9,9.62
ORD-2025-033035,3,PROD-010,1,38.03,37.07
ORD-2025-033035,4,PROD-002,3,11.9,34.66
ORD-2025-033036,1,PROD-002,1,11.9,11.51
ORD-2025-033037,1,PROD-028,2,17.18,33.53
ORD-2025-033038,1,PROD-001,1,12.9,10.63
ORD-2025-033039,1,PROD-053,1,53.52,48.88
ORD-2025-033040,1,PROD-001,1,12.9,12.14
ORD-2025-033041,1,PROD-008,2,9.9,18.48
ORD-2025-033042,1,PROD-006,3,32.39,94.01
ORD-2025-033042,2,PROD-051,1,36.06,31.42
ORD-2025-033042,3,PROD-008,2,9.9,18.04
ORD-2025-033043,1,PROD-005,1,20.28,18.25
ORD-2025-033044,1,PROD-005,2,20.28,38.93
ORD-2025-033044,2,PROD-010,1,38.03,35.62
ORD-2025-033045,1,PROD-014,1,9.9,8.71
ORD-2025-033045,2,PROD-001,1,12.9,11.04
ORD-2025-033045,3,PROD-041,1,11.83,11.51
ORD-2025-033045,4,PROD-004,1,20.28,18.97
ORD-2025-033046,1,PROD-008,1,9.9,8.93
ORD-2025-033046,2,PROD-034,2,9.01,14.94
ORD-2025-033047,1,PROD-040,3,15.21,41.1
ORD-2025-033047,2,PROD-002,3,11.9,27.19
ORD-2025-033048,1,PROD-003,2,14.37,26.81
ORD-2025-033048,2,PROD-025,1,21.97,20.12
ORD-2025-033048,3,PROD-001,1,12.9,12.17
ORD-2025-033049,1,PROD-010,3,38.03,109.34
ORD-2025-033049,2,PROD-041,1,11.83,10.25
ORD-2025-033050,1,PROD-055,1,74.65,66.22
ORD-2025-033051,1,PROD-002,2,11.9,22.11
ORD-2025-033051,2,PROD-041,1,11.83,11.5
ORD-2025-033051,3,PROD-008,2,9.9,17.94
ORD-2025-033052,1,PROD-002,2,11.9,20.39
ORD-2025-033052,2,PROD-008,3,9.9,24.62
ORD-2025-033053,1,PROD-008,2,9.9,18.19
ORD-2025-033053,2,PROD-013,1,11.9,10.85
ORD-2025-033054,1,PROD-008,1,9.9,8.81
ORD-2025-033054,2,PROD-052,2,46.48,-88.82
ORD-2025-033054,3,PROD-004,1,20.28,16.81
ORD-2025-033054,4,PROD-024,1,8.73,6.9
ORD-2025-033054,5,PROD-041,1,11.83,9.52
ORD-2025-033055,1,PROD-052,1,46.48,45.28
ORD-2025-033055,2,PROD-038,2,7.89,15.38
ORD-2025-033056,1,PROD-008,3,9.9,22.12
ORD-2025-033056,2,PROD-038,2,7.89,7.74
ORD-2025-033056,3,PROD-041,3,11.83,31.42
ORD-2025-033057,1,PROD-004,3,20.28,49.77
ORD-2025-033058,1,PROD-008,2,9.9,17.31
ORD-2025-033058,2,PROD-028,1,17.18,15.83
ORD-2025-033059,1,PROD-004,2,20.28,31.19
ORD-2025-033059,2,PROD-007,2,17.18,32.21
ORD-2025-033060,1,PROD-017,2,12.5,23.13
ORD-2025-033060,2,PROD-029,1,24.79,21.23
ORD-2025-033061,1,PROD-013,3,11.9,31.79
ORD-2025-033062,1,PROD-040,1,15.21,12.11
ORD-2025-033063,1,PROD-001,1,12.9,11.34
ORD-2025-033064,1,PROD-014,2,9.9,16.9
ORD-2025-033065,1,PROD-006,1,32.39,31.78
ORD-2025-033066,1,PROD-001,1,12.9,11.95
ORD-2025-033067,1,PROD-030,1,49.3,49.09
ORD-2025-033067,2,PROD-006,1,32.39,31.65
ORD-2025-033068,1,PROD-011,1,14.9,14.54
ORD-2025-033069,1,PROD-004,1,20.28,19.94
ORD-2025-033069,2,PROD-035,1,10.14,9.95
ORD-2025-033069,3,PROD-001,2,12.9,25.43
ORD-2025-033070,1,PROD-004,2,20.28,
ORD-2025-033071,1,PROD-006,1,32.39,29.75
ORD-2025-033072,1,PROD-033,2,52.11,101.65
ORD-2025-033073,1,PROD-010,2,38.03,72.71
ORD-2025-033074,1,PROD-002,2,11.9,23.7
ORD-2025-033075,1,PROD-036,1,11.55,10.65
ORD-2025-033076,1,PROD-008,1,9.9,9.48
ORD-2025-033077,1,PROD-040,1,15.21,14.67
ORD-2025-033078,1,PROD-012,2,18.5,32.32
ORD-2025-033078,2,PROD-038,2,7.89,7.1
ORD-2025-033078,3,PROD-034,1,9.01,6.75
ORD-2025-033079,1,PROD-051,1,36.06,34.42
ORD-2025-033079,2,PROD-027,2,21.13,41.12
ORD-2025-033080,1,PROD-039,2,8.17,15.09
ORD-2025-033080,2,PROD-036,1,11.55,10.51
ORD-2025-033080,3,PROD-040,2,15.21,27.3
ORD-2025-033081,1,PROD-003,1,14.37,13.67
ORD-2025-033082,1,PROD-039,1,8.17,7.43
ORD-2025-033083,1,PROD-041,1,11.83,10.33
ORD-2025-033083,2,PROD-021,1,15.49,14.81
ORD-2025-033084,1,PROD-036,4,11.55,20.79
ORD-2025-033085,1,PROD-008,1,9.9,9.5
ORD-2025-033086,1,PROD-058,1,39.44,37.56
ORD-2025-033087,1,PROD-007,2,17.18,32.51
ORD-2025-033087,2,PROD-005,1,20.28,16.41
ORD-2025-033088,1,PROD-006,1,32.39,29.92
ORD-2025-033088,2,PROD-037,1,9.86,8.98
ORD-2025-033088,3,PROD-034,1,9.01,7.93
ORD-2025-033089,1,PROD-010,1,38.03,33.85
ORD-2025-033090,1,PROD-036,3,11.55,33.08
ORD-2025-033091,1,PROD-007,1,17.18,15.66
ORD-2025-033092,1,PROD-005,2,20.28,37.78
ORD-2025-033092,2,PROD-008,1,9.9,9.49
ORD-2025-033093,1,PROD-022,1,9.01,6.54
ORD-2025-033094,1,PROD-004,1,20.28,18.75
ORD-2025-033094,2,PROD-012,1,18.5,16.73
ORD-2025-033094,3,PROD-041,1,11.83,10.99
ORD-2025-033095,1,PROD-004,2,20.28,35.38
ORD-2025-033095,2,PROD-026,1,14.65,12.86
ORD-2025-033096,1,PROD-038,2,7.89,13.6
ORD-2025-033096,2,PROD-006,2,32.39,56.67
ORD-2025-033097,1,PROD-029,1,24.79,22.56
ORD-2025-033098,1,PROD-004,1,20.28,19.82
ORD-2025-033098,2,PROD-034,3,9.01,26.54
ORD-2025-033099,1,PROD-004,3,20.28,55.33
ORD-2025-033100,1,PROD-027,1,21.13,20.86
ORD-2025-033101,1,PROD-037,3,9.86,16.83
ORD-2025-033102,1,PROD-021,1,15.49,14.39
ORD-2025-033103,1,PROD-030,2,49.3,72.53
ORD-2025-033103,2,PROD-032,3,19.72,56.82
ORD-2025-033104,1,PROD-007,1,17.18,14.58
ORD-2025-033105,1,PROD-001,2,12.9,18.74
ORD-2025-033105,2,PROD-037,1,9.86,9.52
ORD-2025-033106,1,PROD-013,2,11.9,21.03
ORD-2025-033107,1,PROD-034,2,9.01,15.1
ORD-2025-033107,2,PROD-007,1,17.18,14.15
ORD-2025-033107,3,PROD-040,1,15.21,14.1
ORD-2025-033108,1,PROD-037,1,9.86,9.33
ORD-2025-033109,1,PROD-008,1,9.9,8.94
ORD-2025-033110,1,PROD-010,3,38.03,98.35
ORD-2025-033110,2,PROD-035,2,10.14,17.99
ORD-2025-033111,1,PROD-002,2,11.9,20.93
ORD-2025-033111,2,PROD-034,2,9.01,17.34
ORD-2025-033111,3,PROD-001,1,12.9,12.43
ORD-2025-033111,4,PROD-059,1,52.11,50.15
ORD-2025-033112,1,PROD-006,1,32.39,31.99
ORD-2025-033112,2,PROD-008,1,9.9,9.79
ORD-2025-033113,1,PROD-003,2,14.37,26.01
ORD-2025-033113,2,PROD-034,1,9.01,7.26
ORD-2025-033114,1,PROD-042,3,73.24,208.21
ORD-2025-033114,2,PROD-014,1,9.9,7.83
ORD-2025-033115,1,PROD-017,1,12.5,11.36
ORD-2025-033115,2,PROD-026,2,14.65,28.26
ORD-2025-033116,1,PROD-030,1,49.3,47.89
ORD-2025-033116,2,PROD-002,2,11.9,22.83
ORD-2025-033117,1,PROD-006,1,32.39,29.61
ORD-2025-033117,2,PROD-041,2,11.83,22.27
ORD-2025-033118,1,PROD-039,2,8.17,10.21
ORD-2025-033118,2,PROD-044,1,40.85,34.13
ORD-2025-033119,1,PROD-004,1,20.28,15.89
ORD-2025-033120,1,PROD-027,2,21.13,37.79
ORD-2025-033121,1,PROD-040,3,15.21,34.56
ORD-2025-033121,2,PROD-031,2,53.52,80.62
ORD-2025-033122,1,PROD-008,2,9.9,17.7
ORD-2025-033123,1,PROD-008,2,9.9,18.83
ORD-2025-033123,2,PROD-001,2,12.9,22.41
ORD-2025-033123,3,PROD-002,1,11.9,10.89
ORD-2025-033124,1,PROD-002,1,11.9,10.75
ORD-2025-033125,1,PROD-038,1,7.89,7.56
ORD-2025-033126,1,PROD-008,1,9.9,9.0
ORD-2025-033126,2,PROD-036,2,11.55,21.09
ORD-2025-033126,3,PROD-007,1,17.18,15.59
ORD-2025-033127,1,PROD-008,3,9.9,29.21
ORD-2025-033128,1,PROD-008,1,9.9,8.95
ORD-2025-033128,2,PROD-032,2,19.72,36.12
ORD-2025-033128,3,PROD-040,2,15.21,26.95
ORD-2025-033129,1,PROD-008,3,9.9,27.74
ORD-2025-033129,2,PROD-005,2,20.28,39.07
ORD-2025-033130,1,PROD-003,1,14.37,12.69
ORD-2025-033131,1,PROD-041,1,11.83,10.27
ORD-2025-033132,1,PROD-027,2,21.13,38.73
ORD-2025-033133,1,PROD-007,1,17.18,16.95
ORD-2025-033134,1,PROD-038,3,7.89,20.82
ORD-2025-033135,1,PROD-003,2,14.37,28.57
ORD-2025-033136,1,PROD-013,1,11.9,9.6
ORD-2025-033137,1,PROD-001,1,12.9,12.7
ORD-2025-033138,1,PROD-001,1,12.9,12.61
ORD-2025-033139,1,PROD-007,3,17.18,44.53
ORD-2025-033140,1,PROD-026,1,14.65,13.95
ORD-2025-033141,1,PROD-001,2,12.9,12.79
ORD-2025-033142,1,PROD-006,1,32.39,25.58
ORD-2025-033143,1,PROD-003,2,14.37,25.38
ORD-2025-033144,1,PROD-001,2,12.9,22.89
ORD-2025-033145,1,PROD-027,1,21.13,18.24
ORD-2025-033146,1,PROD-005,3,20.28,59.34
ORD-2025-033146,2,PROD-003,1,14.37,13.45
ORD-2025-033147,1,PROD-022,1,9.01,6.55
ORD-2025-033147,2,PROD-027,1,21.13,16.75
ORD-2025-033147,3,PROD-030,1,49.3,33.49
ORD-2025-033148,1,PROD-017,1,12.5,11.22
ORD-2025-033149,1,PROD-044,1,40.85,35.72
ORD-2025-033149,2,PROD-037,2,9.86,18.13
ORD-2025-033150,1,PROD-028,2,17.18,33.1
ORD-2025-033151,1,PROD-028,1,17.18,15.42
ORD-2025-033151,2,PROD-025,1,21.97,20.41
ORD-2025-033152,1,PROD-004,1,20.28,18.09
ORD-2025-033153,1,PROD-039,1,8.17,7.21
ORD-2025-033154,1,PROD-037,3,9.86,21.62
ORD-2025-033154,2,PROD-045,1,72.68,64.73
ORD-2025-033154,3,PROD-030,1,49.3,40.07
ORD-2025-033154,4,PROD-007,3,17.18,36.15
ORD-2025-033155,1,PROD-030,1,49.3,45.68
ORD-2025-033156,1,PROD-038,4,7.89,28.71
ORD-2025-033157,1,PROD-005,1,20.28,20.26
ORD-2025-033157,2,PROD-014,2,9.9,19.49
ORD-2025-033157,3,PROD-003,2,14.37,28.32
ORD-2025-033157,4,PROD-035,1,10.14,9.51
ORD-2025-033158,1,PROD-002,1,11.9,10.49
ORD-2025-033158,2,PROD-010,1,38.03,33.58
ORD-2025-033158,3,PROD-032,4,19.72,55.3
ORD-2025-033159,1,PROD-007,2,17.18,33.17
ORD-2025-033159,2,PROD-004,1,20.28,19.93
ORD-2025-033160,1,PROD-020,2,10.14,12.5
ORD-2025-033161,1,PROD-035,3,10.14,29.83
ORD-2025-033162,1,PROD-008,1,9.9,8.92
ORD-2025-033162,2,PROD-001,1,12.9,10.84
ORD-2025-033162,3,PROD-034,2,9.01,16.39
ORD-2025-033163,1,PROD-008,1,9.9,5.96
ORD-2025-033163,2,PROD-041,2,11.83,17.28
ORD-2025-033164,1,PROD-008,1,9.9,9.41
ORD-2025-033165,1,PROD-013,2,11.9,19.67
ORD-2025-033165,2,PROD-008,1,9.9,9.24
ORD-2025-033166,1,PROD-027,1,21.13,20.6
ORD-2025-033167,1,PROD-008,2,9.9,18.58
ORD-2025-033167,2,PROD-005,1,20.28,17.44
ORD-2025-033167,3,PROD-004,1,20.28,18.91
ORD-2025-033168,1,PROD-038,3,7.89,16.74
ORD-2025-033168,2,PROD-032,3,19.72,52.01
ORD-2025-033169,1,PROD-056,1,101.41,72.39
ORD-2025-033170,1,PROD-027,2,21.13,40.65
ORD-2025-033171,1,PROD-053,1,53.52,43.06
ORD-2025-033172,1,PROD-033,2,52.11,81.2
ORD-2025-033172,2,PROD-004,1,20.28,18.45
ORD-2025-033172,3,PROD-055,1,74.65,50.37
ORD-2025-033172,4,PROD-005,2,20.28,37.53
ORD-2025-033172,5,PROD-017,3,12.5,31.42
ORD-2025-033173,1,PROD-011,2,14.9,22.24
ORD-2025-033174,1,PROD-008,2,9.9,12.4
ORD-2025-033175,1,PROD-025,1,21.97,17.73
ORD-2025-033175,2,PROD-033,1,52.11,44.27
ORD-2025-033176,1,PROD-004,1,20.28,19.58
ORD-2025-033177,1,PROD-003,2,14.37,27.47
ORD-2025-033177,2,PROD-008,2,9.9,18.5
ORD-2025-033177,3,PROD-023,1,7.89,7.59
ORD-2025-033178,1,PROD-054,1,59.15,53.73
ORD-2025-033179,1,PROD-038,2,7.89,13.24
ORD-2025-033179,2,PROD-003,2,14.37,23.62
ORD-2025-033179,3,PROD-010,1,38.03,31.2
ORD-2025-033180,1,PROD-008,2,9.9,17.72
ORD-2025-033180,2,PROD-025,1,21.97,18.37
ORD-2025-033181,1,PROD-021,1,15.49,14.78
ORD-2025-033181,2,PROD-032,1,19.72,19.01
ORD-2025-033182,1,PROD-027,1,21.13,20.98
ORD-2025-033183,1,PROD-013,2,11.9,19.84
ORD-2025-033184,1,PROD-004,2,20.28,39.63
ORD-2025-033184,2,PROD-031,1,53.52,50.01
ORD-2025-033185,1,PROD-006,1,32.39,27.95
ORD-2025-033186,1,PROD-045,1,72.68,68.94
ORD-2025-033187,1,PROD-017,1,12.5,11.13
ORD-2025-033188,1,PROD-010,1,38.03,35.63
ORD-2025-033189,1,PROD-053,1,53.52,38.64
ORD-2025-033190,1,PROD-008,1,9.9,9.73
ORD-2025-033190,2,PROD-023,1,7.89,6.61
ORD-2025-033191,1,PROD-034,1,9.01,8.84
ORD-2025-033192,1,PROD-034,2,9.01,16.45
ORD-2025-033192,2,PROD-006,1,32.39,27.39
ORD-2025-033192,3,PROD-007,1,17.18,15.82
ORD-2025-033192,4,PROD-010,1,38.03,37.15
ORD-2025-033192,5,PROD-032,1,19.72,18.26
ORD-2025-033193,1,PROD-041,3,11.83,32.31
ORD-2025-033194,1,PROD-001,1,12.9,12.76
ORD-2025-033194,2,PROD-026,2,14.65,28.92
ORD-2025-033194,3,PROD-034,2,9.01,17.58
ORD-2025-033195,1,PROD-017,1,12.5,8.1
ORD-2025-033195,2,PROD-041,1,11.83,8.75
ORD-2025-033195,3,PROD-042,2,73.24,112.09
ORD-2025-033196,1,PROD-019,2,29.58,50.69
ORD-2025-033196,2,PROD-008,2,9.9,18.65
ORD-2025-033197,1,PROD-007,1,17.18,15.7
ORD-2025-033198,1,PROD-005,2,20.28,38.83
ORD-2025-033198,2,PROD-032,1,19.72,16.83
ORD-2025-033199,1,PROD-005,1,20.28,16.98
ORD-2025-033199,2,PROD-008,1,9.9,8.71
ORD-2025-033200,1,PROD-003,2,14.37,27.71
ORD-2025-033200,2,PROD-006,2,32.39,63.13
ORD-2025-033200,3,PROD-001,3,12.9,38.27
ORD-2025-033201,1,PROD-008,3,9.9,26.8
ORD-2025-033202,1,PROD-035,1,10.14,8.88
ORD-2025-033202,2,PROD-010,1,38.03,32.87
ORD-2025-033202,3,PROD-049,1,80.28,73.32
ORD-2025-033202,4,PROD-006,2,32.39,59.27
ORD-2025-033203,1,PROD-005,2,20.28,34.68
ORD-2025-033204,1,PROD-005,2,20.28,40.41
ORD-2025-033205,1,PROD-001,1,12.9,12.11
ORD-2025-033206,1,PROD-004,1,20.28,16.06
ORD-2025-033207,1,PROD-030,1,49.3,44.68
ORD-2025-033208,1,PROD-002,2,11.9,16.68
ORD-2025-033209,1,PROD-004,2,20.28,39.32
ORD-2025-033210,1,PROD-001,2,12.9,24.23
ORD-2025-033211,1,PROD-040,2,15.21,30.16
ORD-2025-033212,1,PROD-036,2,11.55,21.61
ORD-2025-033213,1,PROD-005,2,20.28,40.09
ORD-2025-033213,2,PROD-016,1,8.9,8.55
ORD-2025-033213,3,PROD-049,1,80.28,72.69
ORD-2025-033214,1,PROD-001,2,12.9,23.99
ORD-2025-033215,1,PROD-032,1,19.72,16.19
ORD-2025-033215,2,PROD-006,1,32.39,28.53
ORD-2025-033216,1,PROD-033,1,52.11,45.2
ORD-2025-033217,1,PROD-040,2,15.21,30.07
ORD-2025-033217,2,PROD-008,2,9.9,18.98
ORD-2025-033217,3,PROD-010,1,38.03,37.86
ORD-2025-033218,1,PROD-014,2,9.9,19.5
ORD-2025-033219,1,PROD-027,1,21.13,20.22
ORD-2025-033220,1,PROD-035,1,10.14,9.75
ORD-2025-033221,1,PROD-002,1,11.9,11.62
ORD-2025-033222,1,PROD-006,2,32.39,60.79
ORD-2025-033223,1,PROD-005,2,20.28,32.36
ORD-2025-033224,1,PROD-004,1,20.28,19.41
ORD-2025-033225,1,PROD-004,2,20.28,38.41
ORD-2025-033226,1,PROD-004,2,20.28,36.33
ORD-2025-033227,1,PROD-026,1,14.65,14.25
ORD-2025-033227,2,PROD-008,3,9.9,29.15
ORD-2025-033228,1,PROD-017,1,12.5,11.67
ORD-2025-033229,1,PROD-008,1,9.9,8.78
ORD-2025-033229,2,PROD-003,1,14.37,12.22
ORD-2025-033230,1,PROD-039,1,8.17,7.52
ORD-2025-033231,1,PROD-050,1,61.97,53.51
ORD-2025-033232,1,PROD-002,3,11.9,34.85
ORD-2025-033232,2,PROD-003,1,14.37,13.96
ORD-2025-033233,1,PROD-020,1,10.14,8.82
ORD-2025-033234,1,PROD-022,2,9.01,16.8
ORD-2025-033234,2,PROD-030,1,49.3,48.06
ORD-2025-033234,3,PROD-010,2,38.03,65.1
ORD-2025-033234,4,PROD-034,2,9.01,16.41
ORD-2025-033235,1,PROD-008,2,9.9,18.55
ORD-2025-033235,2,PROD-034,3,9.01,24.42
ORD-2025-033235,3,PROD-004,3,20.28,54.09
ORD-2025-033236,1,PROD-007,3,17.18,49.68
ORD-2025-033236,2,PROD-003,1,14.37,13.94
ORD-2025-033237,1,PROD-003,2,14.37,23.13
ORD-2025-033237,2,PROD-008,2,9.9,17.06
ORD-2025-033237,3,PROD-004,3,20.28,50.92
ORD-2025-033238,1,PROD-005,2,20.28,38.37
ORD-2025-033239,1,PROD-014,1,9.9,9.37
ORD-2025-033239,2,PROD-034,2,9.01,15.73
ORD-2025-033239,3,PROD-024,1,8.73,8.56
ORD-2025-033240,1,PROD-002,2,11.9,21.72
ORD-2025-033241,1,PROD-003,2,14.37,28.31
ORD-2025-033242,1,PROD-001,1,12.9,8.46
ORD-2025-033242,2,PROD-005,1,20.28,16.87
ORD-2025-033242,3,PROD-004,1,20.28,18.06
ORD-2025-033243,1,PROD-035,1,10.14,9.62
ORD-2025-033244,1,PROD-008,1,9.9,8.8
ORD-2025-033244,2,PROD-027,2,21.13,33.22
ORD-2025-033244,3,PROD-035,3,10.14,24.47
ORD-2025-033244,4,PROD-004,1,20.28,17.58
ORD-2025-033245,1,PROD-005,3,20.28,53.94
ORD-2025-033245,2,PROD-015,1,26.76,24.86
ORD-2025-033246,1,PROD-001,3,12.9,36.24
ORD-2025-033247,1,PROD-003,1,14.37,14.05
ORD-2025-033248,1,PROD-036,2,11.55,20.75
ORD-2025-033248,2,PROD-003,2,14.37,24.3
ORD-2025-033249,1,PROD-006,2,32.39,59.21
ORD-2025-033250,1,PROD-047,1,108.45,105.68
ORD-2025-033251,1,PROD-037,1,9.86,7.92
ORD-2025-033251,2,PROD-014,1,9.9,9.26
ORD-2025-033252,1,PROD-032,3,19.72,51.91
ORD-2025-033253,1,PROD-006,1,32.39,30.17
ORD-2025-033254,1,PROD-008,1,9.9,7.24
ORD-2025-033254,2,PROD-032,1,19.72,15.9
ORD-2025-033254,3,PROD-035,1,10.14,8.22
ORD-2025-033255,1,PROD-011,2,14.9,25.94
ORD-2025-033256,1,PROD-003,1,14.37,13.78
ORD-2025-033257,1,PROD-050,2,61.97,118.59
ORD-2025-033257,2,PROD-036,3,11.55,31.55
ORD-2025-033257,3,PROD-026,1,14.65,12.38
ORD-2025-033258,1,PROD-008,3,9.9,20.86
ORD-2025-033258,2,PROD-005,1,20.28,18.31
ORD-2025-033258,3,PROD-003,2,14.37,28.23
ORD-2025-033258,4,PROD-007,1,17.18,16.38
ORD-2025-033259,1,PROD-005,3,20.28,54.15
ORD-2025-033260,1,PROD-015,1,26.76,20.78
ORD-2025-033261,1,PROD-040,1,15.21,15.08
ORD-2025-033261,2,PROD-003,1,14.37,13.85
ORD-2025-033261,3,PROD-005,2,20.28,40.1
ORD-2025-033262,1,PROD-019,1,29.58,29.12
ORD-2025-033262,2,PROD-007,3,17.18,49.98
ORD-2025-033262,3,PROD-041,2,11.83,23.2
ORD-2025-033262,4,PROD-058,1,39.44,38.19
ORD-2025-033263,1,PROD-024,2,8.73,15.51
ORD-2025-033263,2,PROD-032,1,19.72,18.16
ORD-2025-033263,3,PROD-005,2,20.28,39.33
ORD-2025-033264,1,PROD-024,1,8.73,8.19
ORD-2025-033265,1,PROD-040,3,15.21,42.92
ORD-2025-033266,1,PROD-016,2,8.9,17.65
ORD-2025-033266,2,PROD-002,2,11.9,23.38
ORD-2025-033267,1,PROD-001,1,12.9,12.3
ORD-2025-033267,2,PROD-040,2,15.21,25.75
ORD-2025-033268,1,PROD-003,1,14.37,13.65
ORD-2025-033268,2,PROD-008,2,9.9,19.37
ORD-2025-033269,1,PROD-034,3,9.01,23.8
ORD-2025-033270,1,PROD-014,2,9.9,16.47
ORD-2025-033271,1,PROD-010,1,38.03,36.04
ORD-2025-033272,1,PROD-003,2,14.37,25.62
ORD-2025-033272,2,PROD-005,1,20.28,18.7
ORD-2025-033273,1,PROD-045,1,72.68,68.93
ORD-2025-033274,1,PROD-034,1,9.01,7.58
ORD-2025-033274,2,PROD-005,3,20.28,49.96
ORD-2025-033274,3,PROD-036,4,11.55,40.67
ORD-2025-033274,4,PROD-008,1,9.9,8.46
ORD-2025-033275,1,PROD-020,1,10.14,9.65
ORD-2025-033275,2,PROD-039,2,8.17,15.91
ORD-2025-033275,3,PROD-008,2,9.9,19.63
ORD-2025-033276,1,PROD-037,3,9.86,28.64
ORD-2025-033277,1,PROD-010,2,38.03,74.45
ORD-2025-033277,2,PROD-002,2,11.9,22.62
ORD-2025-033277,3,PROD-021,1,15.49,14.94
ORD-2025-033278,1,PROD-050,1,61.97,59.88
ORD-2025-033278,2,PROD-005,1,20.28,19.69
ORD-2025-033278,3,PROD-016,2,8.9,17.34
ORD-2025-033279,1,PROD-007,2,17.18,33.51
ORD-2025-033280,1,PROD-004,1,20.28,19.27
ORD-2025-033280,2,PROD-001,1,12.9,11.81
ORD-2025-033281,1,PROD-040,1,15.21,14.92
ORD-2025-033282,1,PROD-010,2,38.03,73.91
ORD-2025-033282,2,PROD-002,1,11.9,11.27
ORD-2025-033283,1,PROD-013,1,11.9,11.77
ORD-2025-033283,2,PROD-008,1,9.9,9.0
ORD-2025-033284,1,PROD-008,1,9.9,8.38
ORD-2025-033285,1,PROD-023,2,7.89,14.29
ORD-2025-033285,2,PROD-036,4,11.55,39.59
ORD-2025-033286,1,PROD-008,1,9.9,9.48
ORD-2025-033287,1,PROD-024,1,8.73,7.04
ORD-2025-033287,2,PROD-036,3,11.55,32.21
ORD-2025-033287,3,PROD-001,3,12.9,35.51
ORD-2025-033288,1,PROD-044,1,40.85,39.42
ORD-2025-033289,1,PROD-004,2,20.28,36.86
ORD-2025-033290,1,PROD-021,1,15.49,8.93
ORD-2025-033290,2,PROD-039,1,8.17,7.65
ORD-2025-033290,3,PROD-022,2,9.01,13.51
ORD-2025-033291,1,PROD-007,2,17.18,28.3
ORD-2025-033291,2,PROD-035,1,10.14,9.48
ORD-2025-033292,1,PROD-029,1,24.79,23.83
ORD-2025-033293,1,PROD-007,1,17.18,16.56
ORD-2025-033294,1,PROD-041,1,11.83,10.03
ORD-2025-033295,1,PROD-020,2,10.14,16.89
ORD-2025-033296,1,PROD-001,1,12.9,12.79
ORD-2025-033297,1,PROD-003,1,14.37,11.92
ORD-2025-033297,2,PROD-008,1,9.9,7.95
ORD-2025-033298,1,PROD-003,1,14.37,12.33
ORD-2025-033298,2,PROD-014,1,9.9,7.69
ORD-2025-033298,3,PROD-026,1,14.65,13.2
ORD-2025-033299,1,PROD-026,1,14.65,10.49
ORD-2025-033299,2,PROD-022,2,9.01,13.32
ORD-2025-033300,1,PROD-002,2,11.9,22.77
ORD-2025-033301,1,PROD-008,1,9.9,9.72
ORD-2025-033302,1,PROD-004,1,20.28,19.85
ORD-2025-033302,2,PROD-003,1,14.37,14.18
ORD-2025-033303,1,PROD-006,1,32.39,30.57
ORD-2025-033304,1,PROD-005,3,20.28,57.92
ORD-2025-033305,1,PROD-052,1,46.48,44.89
ORD-2025-033305,2,PROD-004,1,20.28,16.59
ORD-2025-033306,1,PROD-035,3,10.14,28.34
ORD-2025-033306,2,PROD-034,2,9.01,16.85
ORD-2025-033307,1,PROD-020,1,10.14,6.12
ORD-2025-033308,1,PROD-007,2,17.18,30.93
ORD-2025-033308,2,PROD-032,1,19.72,13.14
ORD-2025-033309,1,PROD-036,2,11.55,16.52
ORD-2025-033310,1,PROD-008,3,9.9,28.83
ORD-2025-033311,1,PROD-025,1,21.97,21.4
ORD-2025-033311,2,PROD-026,2,14.65,28.13
ORD-2025-033311,3,PROD-030,1,49.3,45.38
ORD-2025-033312,1,PROD-041,2,11.83,20.47
ORD-2025-033313,1,PROD-004,1,20.28,19.02
ORD-2025-033314,1,PROD-008,1,9.9,9.53
ORD-2025-033315,1,PROD-014,1,9.9,4.46
ORD-2025-033316,1,PROD-004,1,20.28,13.44
ORD-2025-033317,1,PROD-004,1,20.28,18.5
ORD-2025-033318,1,PROD-004,1,20.28,16.46
ORD-2025-033319,1,PROD-001,1,12.9,12.58
ORD-2025-033319,2,PROD-002,3,11.9,33.56
ORD-2025-033320,1,PROD-005,1,20.28,17.14
ORD-2025-033321,1,PROD-007,1,17.18,15.92
ORD-2025-033321,2,PROD-004,3,20.28,58.04
ORD-2025-033321,3,PROD-040,3,15.21,44.93
ORD-2025-033322,1,PROD-004,2,20.28,39.78
ORD-2025-033323,1,PROD-036,1,11.55,11.29
ORD-2025-033323,2,PROD-005,1,20.28,16.19
ORD-2025-033323,3,PROD-034,2,9.01,16.24
ORD-2025-033323,4,PROD-008,2,9.9,19.45
ORD-2025-033324,1,PROD-008,1,9.9,8.69
ORD-2025-033324,2,PROD-005,1,20.28,18.07
ORD-2025-033325,1,PROD-006,2,32.39,57.7
ORD-2025-033326,1,PROD-007,2,17.18,33.76
ORD-2025-033327,1,PROD-008,1,9.9,7.54
ORD-2025-033328,1,PROD-001,1,12.9,12.39
ORD-2025-033329,1,PROD-008,1,9.9,6.24
ORD-2025-033330,1,PROD-008,1,9.9,7.16
ORD-2025-033330,2,PROD-004,2,20.28,37.44
ORD-2025-033331,1,PROD-022,1,9.01,7.57
ORD-2025-033331,2,PROD-016,1,8.9,8.54
ORD-2025-033332,1,PROD-001,1,12.9,11.37
ORD-2025-033333,1,PROD-004,1,20.28,19.1
ORD-2025-033333,2,PROD-003,2,14.37,28.0
ORD-2025-033334,1,PROD-002,1,11.9,11.77
ORD-2025-033334,2,PROD-001,1,12.9,12.6
ORD-2025-033335,1,PROD-011,1,14.9,11.4
ORD-2025-033335,2,PROD-008,2,9.9,18.84
ORD-2025-033336,1,PROD-006,1,32.39,31.16
ORD-2025-033336,2,PROD-023,2,7.89,15.13
ORD-2025-033337,1,PROD-002,1,11.9,10.48
ORD-2025-033338,1,PROD-004,1,20.28,20.13
ORD-2025-033339,1,PROD-006,1,32.39,29.11
ORD-2025-033339,2,PROD-004,1,20.28,14.32
ORD-2025-033339,3,PROD-001,2,12.9,24.17
ORD-2025-033340,1,PROD-008,1,9.9,9.32
ORD-2025-033340,2,PROD-044,1,40.85,36.01
ORD-2025-033341,1,PROD-040,3,15.21,43.31
ORD-2025-033342,1,PROD-008,3,9.9,25.48
ORD-2025-033343,1,PROD-008,1,9.9,9.71
ORD-2025-033343,2,PROD-027,2,21.13,41.66
ORD-2025-033344,1,PROD-001,3,12.9,28.36
ORD-2025-033345,1,PROD-004,1,20.28,19.33
ORD-2025-033346,1,PROD-020,1,10.14,9.67
ORD-2025-033347,1,PROD-003,1,14.37,12.59
ORD-2025-033348,1,PROD-004,3,20.28,59.84
ORD-2025-033349,1,PROD-035,2,10.14,16.04
ORD-2025-033350,1,PROD-031,2,53.52,105.23
ORD-2025-033350,2,PROD-026,2,14.65,27.5
ORD-2025-033351,1,PROD-040,1,15.21,14.74
ORD-2025-033352,1,PROD-048,1,55.77,54.62
ORD-2025-033352,2,PROD-002,1,11.9,11.57
ORD-2025-033353,1,PROD-030,2,49.3,88.33
ORD-2025-033354,1,PROD-055,1,74.65,71.22
ORD-2025-033355,1,PROD-020,2,10.14,19.63
ORD-2025-033355,2,PROD-008,2,9.9,19.65
ORD-2025-033356,1,PROD-001,1,12.9,9.71
ORD-2025-033357,1,PROD-005,1,20.28,19.4
ORD-2025-033358,1,PROD-002,1,11.9,10.67
ORD-2025-033358,2,PROD-010,1,38.03,34.63
ORD-2025-033358,3,PROD-041,2,11.83,20.96
ORD-2025-033359,1,PROD-041,2,11.83,22.29
ORD-2025-033360,1,PROD-006,2,32.39,63.17
ORD-2025-033361,1,PROD-008,2,9.9,18.55
ORD-2025-033361,2,PROD-034,1,9.01,8.45
ORD-2025-033361,3,PROD-031,2,53.52,104.3
ORD-2025-033362,1,PROD-048,2,55.77,61.88
ORD-2025-033363,1,PROD-022,1,9.01,6.98
ORD-2025-033363,2,PROD-010,3,38.03,102.26
ORD-2025-033364,1,PROD-041,1,11.83,10.99
ORD-2025-033365,1,PROD-016,2,8.9,14.15
ORD-2025-033365,2,PROD-049,1,80.28,53.91
ORD-2025-033366,1,PROD-011,2,14.9,28.95
ORD-2025-033367,1,PROD-040,1,15.21,14.23
ORD-2025-033368,1,PROD-008,2,9.9,14.34
ORD-2025-033369,1,PROD-038,2,7.89,15.67
ORD-2025-033370,1,PROD-001,2,12.9,23.45
ORD-2025-033370,2,PROD-016,3,8.9,24.5
ORD-2025-033371,1,PROD-007,2,17.18,34.0
ORD-2025-033371,2,PROD-033,2,52.11,97.36
ORD-2025-033372,1,PROD-007,1,17.18,16.24
ORD-2025-033373,1,PROD-027,1,21.13,17.75
ORD-2025-033374,1,PROD-036,1,11.55,11.29
ORD-2025-033375,1,PROD-017,1,12.5,11.69
ORD-2025-033376,1,PROD-001,1,12.9,12.28
ORD-2025-033376,2,PROD-034,1,9.01,8.8
ORD-2025-033376,3,PROD-038,2,7.89,14.29
ORD-2025-033377,1,PROD-008,2,9.9,19.73
ORD-2025-033378,1,PROD-008,1,9.9,8.65
ORD-2025-033379,1,PROD-004,2,20.28,37.76
ORD-2025-033380,1,PROD-003,2,14.37,27.65
ORD-2025-033380,2,PROD-044,1,40.85,39.28
ORD-2025-033380,3,PROD-013,1,11.9,11.34
ORD-2025-033380,4,PROD-012,1,18.5,17.83
ORD-2025-033381,1,PROD-010,3,38.03,104.46
ORD-2025-033381,2,PROD-034,2,9.01,16.29
ORD-2025-033381,3,PROD-019,1,29.58,24.53
ORD-2025-033382,1,PROD-003,1,14.37,12.94
ORD-2025-033382,2,PROD-008,1,9.9,9.59
ORD-2025-033383,1,PROD-060,1,42.25,41.76
ORD-2025-033384,1,PROD-046,1,259.15,251.61
ORD-2025-033385,1,PROD-021,1,15.49,13.9
ORD-2025-033385,2,PROD-003,2,14.37,26.66
ORD-2025-033386,1,PROD-036,2,11.55,17.17
ORD-2025-033387,1,PROD-034,1,9.01,7.63
ORD-2025-033387,2,PROD-003,1,14.37,12.6
ORD-2025-033388,1,PROD-005,2,20.28,36.99
ORD-2025-033389,1,PROD-040,2,15.21,29.38
ORD-2025-033390,1,PROD-004,1,20.28,18.77
ORD-2025-033390,2,PROD-002,1,11.9,11.33
ORD-2025-033391,1,PROD-004,1,20.28,10.76
ORD-2025-033391,2,PROD-021,1,15.49,9.78
ORD-2025-033392,1,PROD-034,1,9.01,8.26
ORD-2025-033392,2,PROD-001,2,12.9,24.78
ORD-2025-033393,1,PROD-005,1,20.28,19.77
ORD-2025-033393,2,PROD-004,2,20.28,38.0
ORD-2025-033394,1,PROD-031,1,53.52,36.41
ORD-2025-033395,1,PROD-016,3,8.9,25.11
ORD-2025-033396,1,PROD-010,2,38.03,69.88
ORD-2025-033397,1,PROD-060,1,42.25,37.5
ORD-2025-033398,1,PROD-007,1,17.18,16.21
ORD-2025-033399,1,PROD-003,3,14.37,35.45
ORD-2025-033400,1,PROD-035,2,10.14,18.92
ORD-2025-033401,1,PROD-006,1,32.39,31.14
 ORD-2025-033401 ,2,PROD-002,3,11.9,32.4
ORD-2025-033401,3,PROD-004,3,20.28,54.55
ORD-2025-033402,1,PROD-001,2,12.9,25.52
ORD-2025-033402,2,PROD-008,1,9.9,9.62
ORD-2025-033403,1,PROD-004,2,20.28,39.64
ORD-2025-033403,2,PROD-025,2,21.97,43.14
ORD-2025-033404,1,PROD-007,1,17.18,16.3
ORD-2025-033405,1,PROD-035,2,10.14,10.89
ORD-2025-033405,2,PROD-033,3,52.11,99.19
ORD-2025-033406,1,PROD-008,2,9.9,18.24
ORD-2025-033406,2,PROD-005,1,20.28,17.63
ORD-2025-033407,1,PROD-011,3,14.9,34.56
ORD-2025-033407,2,PROD-029,2,24.79,45.79
ORD-2025-033407,3,PROD-053,1,53.52,45.07
ORD-2025-033408,1,PROD-008,1,9.9,9.52
ORD-2025-033409,1,PROD-001,1,12.9,11.82
ORD-2025-033410,1,PROD-003,2,14.37,25.37
ORD-2025-033410,2,PROD-008,1,9.9,9.41
ORD-2025-033411,1,PROD-042,2,73.24,117.24
ORD-2025-033412,1,PROD-010,2,38.03,61.68
ORD-2025-033413,1,PROD-010,1,38.03,37.2
ORD-2025-033413,2,PROD-023,1,7.89,7.75
ORD-2025-033414,1,PROD-032,2,19.72,34.47
ORD-2025-033415,1,PROD-020,1,10.14,9.69
ORD-2025-033415,2,PROD-005,2,20.28,34.84
ORD-2025-033415,3,PROD-008,1,9.9,7.94
ORD-2025-033416,1,PROD-035,1,10.14,9.55
ORD-2025-033417,1,PROD-056,1,101.41,97.47
ORD-2025-033418,1,PROD-007,2,17.18,25.85
ORD-2025-033419,1,PROD-012,1,18.5,16.04
ORD-2025-033420,1,PROD-001,2,12.9,22.69
ORD-2025-033421,1,PROD-008,1,9.9,7.21
ORD-2025-033421,2,PROD-036,2,11.55,17.59
ORD-2025-033422,1,PROD-027,1,21.13,16.93
ORD-2025-033423,1,PROD-027,1,21.13,17.28
ORD-2025-033423,2,PROD-002,1,11.9,8.66
ORD-2025-033424,1,PROD-026,1,14.65,12.83
ORD-2025-033425,1,PROD-050,1,61.97,60.73
ORD-2025-033425,2,PROD-029,1,24.79,24.56
ORD-2025-033426,1,PROD-002,1,11.9,11.71
ORD-2025-033427,1,PROD-022,1,9.01,7.56
ORD-2025-033428,1,PROD-005,2,20.28,33.18
ORD-2025-033429,1,PROD-004,1,20.28,19.84
ORD-2025-033429,2,PROD-008,2,9.9,17.7
ORD-2025-033430,1,PROD-001,2,12.9,24.24
ORD-2025-033431,1,PROD-007,1,17.18,16.71
ORD-2025-033432,1,PROD-001,3,12.9,23.13
ORD-2025-033433,1,PROD-007,1,17.18,16.28
ORD-2025-033434,1,PROD-028,1,17.18,15.51
ORD-2025-033435,1,PROD-039,2,8.17,11.23
ORD-2025-033435,2,PROD-006,1,32.39,24.06
ORD-2025-033436,1,PROD-004,2,20.28,38.39
ORD-2025-033436,2,PROD-034,1,9.01,8.38
ORD-2025-033436,3,PROD-027,1,21.13,20.71
ORD-2025-033437,1,PROD-002,2,11.9,20.23
ORD-2025-033437,2,PROD-041,2,11.83,22.14
ORD-2025-033437,3,PROD-039,2,8.17,15.35
ORD-2025-033438,1,PROD-008,2,9.9,15.99
ORD-2025-033439,1,PROD-002,1,11.9,10.57
ORD-2025-033440,1,PROD-004,1,20.28,18.48
ORD-2025-033440,2,PROD-003,2,14.37,24.52
ORD-2025-033440,3,PROD-005,1,20.28,17.88
ORD-2025-033440,4,PROD-038,3,7.89,19.12
ORD-2025-033441,1,PROD-003,2,14.37,26.58
ORD-2025-033442,1,PROD-032,3,19.72,57.88
ORD-2025-033443,1,PROD-006,1,32.39,30.94
ORD-2025-033443,2,PROD-040,1,15.21,14.3
ORD-2025-033443,3,PROD-001,1,12.9,11.43
ORD-2025-033444,1,PROD-038,1,7.89,7.58
ORD-2025-033445,1,PROD-027,1,21.13,17.24
ORD-2025-033445,2,PROD-008,2,9.9,19.01
ORD-2025-033446,1,PROD-031,1,53.52,52.52
ORD-2025-033446,2,PROD-008,1,9.9,8.08
ORD-2025-033446,3,PROD-028,1,17.18,14.73
ORD-2025-033447,1,PROD-003,1,14.37,14.35
ORD-2025-033447,2,PROD-060,1,42.25,38.59
ORD-2025-033447,3,PROD-036,2,11.55,22.27
ORD-2025-033448,1,PROD-001,1,12.9,11.34
ORD-2025-033449,1,PROD-007,1,17.18,16.33
ORD-2025-033450,1,PROD-005,1,20.28,20.03
ORD-2025-033451,1,PROD-045,1,72.68,66.52
ORD-2025-033451,2,PROD-022,2,9.01,15.63
ORD-2025-033452,1,PROD-003,2,14.37,24.3
ORD-2025-033453,1,PROD-010,3,38.03,96.38
ORD-2025-033453,2,PROD-008,2,9.9,15.71
ORD-2025-033454,1,PROD-032,2,19.72,37.82
ORD-2025-033455,1,PROD-004,1,20.28,18.43
ORD-2025-033456,1,PROD-029,1,24.79,23.78
ORD-2025-033457,1,PROD-010,1,38.03,36.93
ORD-2025-033458,1,PROD-004,2,20.28,38.48
ORD-2025-033458,2,PROD-008,1,9.9,9.83
ORD-2025-033458,3,PROD-001,3,12.9,38.34
ORD-2025-033459,1,PROD-048,1,55.77,43.03
ORD-2025-033460,1,PROD-036,2,11.55,20.68
ORD-2025-033461,1,PROD-001,1,12.9,11.8
ORD-2025-033461,2,PROD-052,1,46.48,41.69
ORD-2025-033462,1,PROD-001,1,12.9,12.47
ORD-2025-033463,1,PROD-008,2,9.9,16.94
ORD-2025-033464,1,PROD-001,1,12.9,12.68
ORD-2025-033465,1,PROD-034,1,9.01,8.84
ORD-2025-033466,1,PROD-008,2,9.9,18.59
ORD-2025-033467,1,PROD-027,2,21.13,42.07
ORD-2025-033468,1,PROD-032,1,19.72,16.55
ORD-2025-033469,1,PROD-005,2,20.28,34.69
ORD-2025-033470,1,PROD-006,1,32.39,31.4
ORD-2025-033470,2,PROD-037,1,9.86,8.49
ORD-2025-033471,1,PROD-008,2,9.9,14.45
ORD-2025-033472,1,PROD-010,1,38.03,36.9
ORD-2025-033473,1,PROD-051,1,36.06,35.19
ORD-2025-033473,2,PROD-004,1,20.28,18.59
ORD-2025-033474,1,PROD-005,1,20.28,16.68
ORD-2025-033475,1,PROD-053,1,53.52,48.47
ORD-2025-033475,2,PROD-004,3,20.28,51.29
ORD-2025-033476,1,PROD-019,2,29.58,57.32
ORD-2025-033477,1,PROD-008,3,9.9,22.93
ORD-2025-033478,1,PROD-026,2,14.65,27.64
ORD-2025-033478,2,PROD-028,1,17.18,16.72
ORD-2025-033479,1,PROD-011,1,14.9,14.41
ORD-2025-033479,2,PROD-006,3,32.39,96.77
ORD-2025-033479,3,PROD-003,1,14.37,13.85
ORD-2025-033480,1,PROD-005,1,20.28,19.75
ORD-2025-033481,1,PROD-037,1,9.86,8.1
ORD-2025-033481,2,PROD-004,1,20.28,15.86
ORD-2025-033482,1,PROD-022,2,9.01,17.17
ORD-2025-033482,2,PROD-001,1,12.9,11.99
ORD-2025-033482,3,PROD-041,1,11.83,11.14
ORD-2025-033483,1,PROD-031,2,53.52,93.24
ORD-2025-033483,2,PROD-060,1,42.25,33.83
ORD-2025-033484,1,PROD-020,1,10.14,9.87
ORD-2025-033484,2,PROD-010,1,38.03,24.17
ORD-2025-033484,3,PROD-035,2,10.14,15.57
ORD-2025-033485,1,PROD-039,1,8.17,5.96
ORD-2025-033485,2,PROD-025,1,21.97,14.28
ORD-2025-033486,1,PROD-041,2,11.83,22.56
ORD-2025-033486,2,PROD-003,2,14.37,27.85
ORD-2025-033487,1,PROD-017,1,12.5,12.18
ORD-2025-033488,1,PROD-008,1,9.9,9.35
ORD-2025-033489,1,PROD-036,1,11.55,11.29
ORD-2025-033489,2,PROD-008,1,9.9,8.79
ORD-2025-033489,3,PROD-035,2,10.14,18.87
ORD-2025-033490,1,PROD-041,1,11.83,9.93
ORD-2025-033491,1,PROD-011,1,14.9,14.2
ORD-2025-033491,2,PROD-032,2,19.72,38.38
ORD-2025-033492,1,PROD-006,1,32.39,
ORD-2025-033493,1,PROD-003,1,14.37,12.65
ORD-2025-033493,2,PROD-002,1,11.9,10.72
ORD-2025-033493,3,PROD-037,1,9.86,9.62
ORD-2025-033494,1,PROD-001,1,12.9,12.59
ORD-2025-033495,1,PROD-005,1,20.28,19.54
ORD-2025-033496,1,PROD-035,2,10.14,19.77
ORD-2025-033497,1,PROD-052,1,46.48,34.2
ORD-2025-033498,1,PROD-006,3,32.39,93.52
ORD-2025-033498,2,PROD-035,4,10.14,38.41
ORD-2025-033499,1,PROD-033,1,52.11,48.91
ORD-2025-033500,1,PROD-036,2,11.55,22.21
ORD-2025-033501,1,PROD-044,1,40.85,27.71
ORD-2025-033501,2,PROD-013,2,11.9,21.33
ORD-2025-033502,1,PROD-003,2,14.37,25.61
ORD-2025-033502,2,PROD-002,2,11.9,20.93
ORD-2025-033503,1,PROD-038,1,7.89,6.8
ORD-2025-033504,1,PROD-058,1,39.44,18.63
ORD-2025-033505,1,PROD-002,2,11.9,22.22
ORD-2025-033505,2,PROD-038,3,7.89,23.09
ORD-2025-033505,3,PROD-045,1,72.68,68.21
ORD-2025-033506,1,PROD-001,1,12.9,11.14
ORD-2025-033506,2,PROD-002,2,11.9,22.65
ORD-2025-033506,3,PROD-008,1,9.9,8.26
ORD-2025-033506,4,PROD-038,1,7.89,5.11
ORD-2025-033507,1,PROD-011,1,14.9,14.5
ORD-2025-033508,1,PROD-023,1,7.89,7.41
ORD-2025-033508,2,PROD-005,1,20.28,19.85
ORD-2025-033508,3,PROD-037,4,9.86,37.66
ORD-2025-033509,1,PROD-006,1,32.39,30.5
ORD-2025-033510,1,PROD-036,2,11.55,21.27
ORD-2025-033511,1,PROD-014,1,9.9,9.76
ORD-2025-033511,2,PROD-005,1,20.28,18.66
ORD-2025-033511,3,PROD-028,2,17.18,33.6
ORD-2025-033511,4,PROD-001,2,12.9,24.67
ORD-2025-033511,5,PROD-004,1,20.28,20.08
ORD-2025-033512,1,PROD-001,2,12.9,25.41
ORD-2025-033512,2,PROD-008,3,9.9,28.35
ORD-2025-033513,1,PROD-014,1,9.9,8.58
ORD-2025-033513,2,PROD-007,2,17.18,15.46
ORD-2025-033514,1,PROD-005,1,20.28,19.07
ORD-2025-033515,1,PROD-001,1,12.9,12.49
ORD-2025-033515,2,PROD-032,4,19.72,73.85
ORD-2025-033515,3,PROD-038,2,7.89,15.08
ORD-2025-033516,1,PROD-036,2,11.55,22.82
ORD-2025-033517,1,PROD-001,1,12.9,11.52
ORD-2025-033517,2,PROD-037,2,9.86,18.92
ORD-2025-033517,3,PROD-038,1,7.89,7.6
ORD-2025-033518,1,PROD-001,1,12.9,11.53
ORD-2025-033519,1,PROD-024,1,8.73,7.57
ORD-2025-033519,2,PROD-029,2,24.79,44.95
ORD-2025-033519,3,PROD-011,1,14.9,14.03
ORD-2025-033519,4,PROD-010,1,38.03,35.81
ORD-2025-033520,1,PROD-034,4,9.01,34.0
ORD-2025-033520,2,PROD-041,2,11.83,18.76
ORD-2025-033520,3,PROD-014,1,9.9,7.49
ORD-2025-033520,4,PROD-032,1,19.72,15.26
ORD-2025-033521,1,PROD-004,1,20.28,16.8
ORD-2025-033522,1,PROD-002,3,11.9,35.55
ORD-2025-033523,1,PROD-001,1,12.9,10.12
ORD-2025-033524,1,PROD-005,1,20.28,17.91
ORD-2025-033524,2,PROD-004,2,20.28,39.7
ORD-2025-033525,1,PROD-037,2,9.86,19.4
ORD-2025-033526,1,PROD-008,1,9.9,9.42
ORD-2025-033526,2,PROD-002,1,11.9,11.69
ORD-2025-033527,1,PROD-002,1,11.9,10.69
ORD-2025-033527,2,PROD-001,1,12.9,12.73
ORD-2025-033528,1,PROD-008,3,9.9,26.59
ORD-2025-033529,1,PROD-005,2,20.28,33.22
ORD-2025-033530,1,PROD-008,1,9.9,9.06
ORD-2025-033531,1,PROD-022,1,9.01,8.66
ORD-2025-033532,1,PROD-003,1,14.37,12.07
ORD-2025-033533,1,PROD-059,1,52.11,46.71
ORD-2025-033534,1,PROD-008,1,9.9,7.44
ORD-2025-033535,1,PROD-033,1,52.11,47.2
ORD-2025-033535,2,PROD-008,1,9.9,8.93
ORD-2025-033536,1,PROD-003,1,14.37,12.46
ORD-2025-033537,1,PROD-003,1,14.37,14.06
ORD-2025-033537,2,PROD-041,1,11.83,9.67
ORD-2025-033538,1,PROD-005,1,20.28,20.08
ORD-2025-033538,2,PROD-023,2,7.89,15.61
ORD-2025-033539,1,PROD-036,2,11.55,20.31
ORD-2025-033539,2,PROD-028,1,17.18,12.77
ORD-2025-033540,1,PROD-022,1,9.01,6.52
ORD-2025-033541,1,PROD-038,3,7.89,22.53
ORD-2025-033542,1,PROD-052,1,46.48,43.66
ORD-2025-033543,1,PROD-001,2,12.9,24.47
ORD-2025-033544,1,PROD-008,3,9.9,28.64
ORD-2025-033545,1,PROD-002,3,11.9,35.14
ORD-2025-033546,1,PROD-037,3,9.86,26.81
ORD-2025-033546,2,PROD-005,3,20.28,43.12
ORD-2025-033547,1,PROD-042,4,73.24,280.07
ORD-2025-033548,1,PROD-008,1,9.9,9.7
ORD-2025-033549,1,PROD-005,2,20.28,36.14
ORD-2025-033550,1,PROD-004,1,20.28,15.95
ORD-2025-033550,2,PROD-035,2,10.14,15.92
ORD-2025-033550,3,PROD-037,2,9.86,17.9
ORD-2025-033551,1,PROD-006,2,32.39,60.28
ORD-2025-033551,2,PROD-008,1,9.9,9.06
ORD-2025-033552,1,PROD-003,2,14.37,26.45
ORD-2025-033552,2,PROD-006,2,32.39,56.91
ORD-2025-033553,1,PROD-010,2,38.03,75.89
ORD-2025-033553,2,PROD-025,2,21.97,43.57
ORD-2025-033553,3,PROD-007,2,17.18,32.9
ORD-2025-033553,4,PROD-034,3,9.01,26.16
ORD-2025-033553,5,PROD-035,3,10.14,29.73
ORD-2025-033554,1,PROD-023,2,7.89,11.81
ORD-2025-033555,1,PROD-002,2,11.9,21.28
ORD-2025-033555,2,PROD-047,1,108.45,98.92
ORD-2025-033556,1,PROD-005,3,20.28,55.28
ORD-2025-033557,1,PROD-008,1,9.9,9.45
ORD-2025-033558,1,PROD-002,1,11.9,11.29
ORD-2025-033558,2,PROD-001,1,12.9,12.15
ORD-2025-033559,1,PROD-042,1,73.24,65.45
ORD-2025-033560,1,PROD-008,2,9.9,18.35
ORD-2025-033561,1,PROD-041,3,11.83,33.51
ORD-2025-033562,1,PROD-005,3,20.28,58.36
ORD-2025-033563,1,PROD-044,1,40.85,35.96
ORD-2025-033564,1,PROD-008,1,9.9,9.14
ORD-2025-033564,2,PROD-002,1,11.9,10.03
ORD-2025-033564,3,PROD-005,2,20.28,40.14
ORD-2025-033565,1,PROD-028,1,17.18,16.31
ORD-2025-033566,1,PROD-008,1,9.9,9.58
ORD-2025-033567,1,PROD-029,2,24.79,48.1
ORD-2025-033568,1,PROD-002,2,11.9,18.82
ORD-2025-033569,1,PROD-050,1,61.97,59.47
ORD-2025-033570,1,PROD-002,3,11.9,34.78
ORD-2025-033571,1,PROD-027,1,21.13,17.67
ORD-2025-033572,1,PROD-015,2,26.76,50.46
ORD-2025-033572,2,PROD-032,1,19.72,19.19
ORD-2025-033573,1,PROD-008,1,9.9,9.29
ORD-2025-033573,2,PROD-006,2,32.39,63.67
ORD-2025-033574,1,PROD-051,1,36.06,26.55
ORD-2025-033574,2,PROD-004,2,20.28,34.3
ORD-2025-033575,1,PROD-008,1,9.9,9.66
ORD-2025-033576,1,PROD-021,1,15.49,14.44
ORD-2025-033576,2,PROD-005,2,20.28,37.12
ORD-2025-033576,3,PROD-008,2,9.9,17.53
ORD-2025-033577,1,PROD-032,2,19.72,36.93
ORD-2025-033577,2,PROD-060,1,42.25,41.15
ORD-2025-033578,1,PROD-004,3,20.28,51.63
ORD-2025-033578,2,PROD-002,3,11.9,31.65
ORD-2025-033578,3,PROD-011,1,14.9,13.39
ORD-2025-033579,1,PROD-003,2,14.37,26.98
ORD-2025-033580,1,PROD-025,1,21.97,15.03
ORD-2025-033580,2,PROD-029,1,24.79,21.84
ORD-2025-033581,1,PROD-033,1,52.11,47.23
ORD-2025-033581,2,PROD-008,2,9.9,14.19
ORD-2025-033581,3,PROD-002,2,11.9,22.61
ORD-2025-033581,4,PROD-034,1,9.01,7.95
ORD-2025-033582,1,PROD-041,1,11.83,10.87
ORD-2025-033583,1,PROD-008,1,9.9,9.69
ORD-2025-033584,1,PROD-052,1,46.48,45.5
ORD-2025-033584,2,PROD-034,4,9.01,35.47
ORD-2025-033585,1,PROD-017,1,12.5,12.31
ORD-2025-033586,1,PROD-011,1,14.9,12.26
ORD-2025-033587,1,PROD-025,1,21.97,19.81
ORD-2025-033588,1,PROD-005,1,20.28,16.35
ORD-2025-033588,2,PROD-002,1,11.9,10.34
ORD-2025-033589,1,PROD-016,1,8.9,8.62
ORD-2025-033589,2,PROD-014,3,9.9,29.6
ORD-2025-033589,3,PROD-044,1,40.85,36.39
ORD-2025-033590,1,PROD-019,1,29.58,29.23
ORD-2025-033590,2,PROD-011,3,14.9,42.55
ORD-2025-033590,3,PROD-038,1,7.89,7.13
ORD-2025-033590,4,PROD-030,1,49.3,47.05
ORD-2025-033591,1,PROD-001,1,12.9,12.48
ORD-2025-033592,1,PROD-010,1,38.03,33.07
ORD-2025-033593,1,PROD-030,1,49.3,48.03
ORD-2025-033593,2,PROD-032,1,19.72,18.95
ORD-2025-033594,1,PROD-001,1,12.9,9.94
ORD-2025-033594,2,PROD-041,3,11.83,27.93
ORD-2025-033595,1,PROD-036,2,11.55,20.74
ORD-2025-033595,2,PROD-040,1,15.21,14.06
ORD-2025-033596,1,PROD-021,1,15.49,8.08
ORD-2025-033597,1,PROD-034,1,9.01,6.85
ORD-2025-033598,1,PROD-001,2,12.9,23.89
ORD-2025-033599,1,PROD-039,1,8.17,7.87
ORD-2025-033600,1,PROD-008,3,9.9,25.89
ORD-2025-033600,2,PROD-005,1,20.28,19.24
ORD-2025-033601,1,PROD-008,1,9.9,9.59
ORD-2025-033601,2,PROD-006,1,32.39,31.41
ORD-2025-033602,1,PROD-003,1,14.37,14.06
ORD-2025-033602,2,PROD-010,1,38.03,36.09
ORD-2025-033602,3,PROD-030,1,49.3,46.49
ORD-2025-033603,1,PROD-001,2,12.9,23.12
ORD-2025-033604,1,PROD-010,2,38.03,73.12
ORD-2025-033604,2,PROD-005,1,20.28,18.98
ORD-2025-033604,3,PROD-035,1,10.14,8.79
ORD-2025-033605,1,PROD-037,1,9.86,7.46
ORD-2025-033606,1,PROD-006,2,32.39,62.99
ORD-2025-033607,1,PROD-007,1,17.18,15.89
ORD-2025-033608,1,PROD-034,1,9.01,7.97
ORD-2025-033609,1,PROD-023,1,7.89,7.55
ORD-2025-033609,2,PROD-008,2,9.9,18.72
ORD-2025-033610,1,PROD-035,2,10.14,18.42
ORD-2025-033610,2,PROD-001,1,12.9,12.26
ORD-2025-033610,3,PROD-008,1,9.9,9.24
ORD-2025-033611,1,PROD-053,1,53.52,45.82
ORD-2025-033612,1,PROD-011,2,14.9,28.23
ORD-2025-033613,1,PROD-041,1,11.83,11.35
ORD-2025-033613,2,PROD-007,1,17.18,16.37
ORD-2025-033614,1,PROD-004,3,20.28,55.21
ORD-2025-033614,2,PROD-024,1,8.73,7.22
ORD-2025-033615,1,PROD-013,2,11.9,21.52
ORD-2025-033616,1,PROD-023,1,7.89,5.89
ORD-2025-033616,2,PROD-008,1,9.9,9.21
ORD-2025-033617,1,PROD-015,1,26.76,19.26
ORD-2025-033618,1,PROD-006,1,32.39,31.49
ORD-2025-033618,2,PROD-005,2,20.28,40.22
ORD-2025-033618,3,PROD-033,3,52.11,154.24
ORD-2025-033619,1,PROD-008,1,9.9,8.31
ORD-2025-033620,1,PROD-005,2,20.28,39.46
ORD-2025-033621,1,PROD-016,2,8.9,15.82
ORD-2025-033622,1,PROD-003,1,14.37,13.36
ORD-2025-033623,1,PROD-004,1,20.28,19.11
ORD-2025-033624,1,PROD-008,2,9.9,18.85
ORD-2025-033625,1,PROD-002,3,11.9,30.4
ORD-2025-033626,1,PROD-008,3,9.9,28.46
ORD-2025-033626,2,PROD-002,1,11.9,10.21
ORD-2025-033626,3,PROD-031,1,53.52,46.21
ORD-2025-033627,1,PROD-034,1,9.01,8.83
ORD-2025-033628,1,PROD-036,1,11.55,10.75
ORD-2025-033629,1,PROD-040,1,15.21,8.92
ORD-2025-033629,2,PROD-023,1,7.89,3.88
ORD-2025-033630,1,PROD-001,3,12.9,32.53
ORD-2025-033631,1,PROD-006,2,32.39,57.28
ORD-2025-033632,1,PROD-040,3,15.21,38.12
ORD-2025-033633,1,PROD-010,1,38.03,35.44
ORD-2025-033634,1,PROD-001,1,12.9,11.66
ORD-2025-033635,1,PROD-011,3,14.9,38.04
ORD-2025-033636,1,PROD-001,3,12.9,30.9
ORD-2025-033636,2,PROD-008,1,9.9,7.14
ORD-2025-033636,3,PROD-003,2,14.37,25.61
ORD-2025-033637,1,PROD-008,3,9.9,22.51
ORD-2025-033638,1,PROD-008,1,9.9,9.63
ORD-2025-033638,2,PROD-022,1,9.01,8.65
ORD-2025-033638,3,PROD-026,1,14.65,13.96
ORD-2025-033639,1,PROD-038,2,7.89,15.56
ORD-2025-033640,1,PROD-045,1,72.68,65.78
ORD-2025-033641,1,PROD-007,2,17.18,29.93
ORD-2025-033642,1,PROD-005,1,20.28,13.11
ORD-2025-033643,1,PROD-036,2,11.55,20.69
ORD-2025-033643,2,PROD-040,4,15.21,50.89
ORD-2025-033643,3,PROD-004,1,20.28,19.08
ORD-2025-033644,1,PROD-058,1,39.44,37.8
ORD-2025-033645,1,PROD-001,2,12.9,25.57
ORD-2025-033646,1,PROD-002,1,11.9,11.45
ORD-2025-033647,1,PROD-027,1,21.13,19.61
ORD-2025-033648,1,PROD-001,1,12.9,6.59
ORD-2025-033649,1,PROD-001,1,12.9,12.51
ORD-2025-033650,1,PROD-004,1,20.28,16.49
ORD-2025-033651,1,PROD-036,2,11.55,20.07
ORD-2025-033652,1,PROD-023,2,7.89,13.61
ORD-2025-033653,1,PROD-001,1,12.9,12.74
ORD-2025-033653,2,PROD-008,2,9.9,18.17
ORD-2025-033653,3,PROD-028,1,17.18,17.15
ORD-2025-033654,1,PROD-008,1,9.9,9.44
ORD-2025-033655,1,PROD-031,1,53.52,50.75
ORD-2025-033655,2,PROD-005,2,20.28,39.64
ORD-2025-033655,3,PROD-003,2,14.37,28.06
ORD-2025-033655,4,PROD-013,1,11.9,11.6
ORD-2025-033656,1,PROD-004,2,20.28,39.49
ORD-2025-033657,1,PROD-005,1,20.28,19.15
ORD-2025-033658,1,PROD-026,1,14.65,13.23
ORD-2025-033658,2,PROD-011,1,14.9,13.22
ORD-2025-033659,1,PROD-050,1,61.97,57.37
ORD-2025-033659,2,PROD-005,1,20.28,19.5
ORD-2025-033660,1,PROD-002,1,11.9,9.81
ORD-2025-033661,1,PROD-026,2,14.65,20.7
ORD-2025-033661,2,PROD-035,2,10.14,11.46
ORD-2025-033662,1,PROD-019,1,29.58,29.02
ORD-2025-033663,1,PROD-021,1,15.49,14.41
ORD-2025-033663,2,PROD-041,3,11.83,32.28
ORD-2025-033663,3,PROD-042,1,73.24,63.71
ORD-2025-033664,1,PROD-041,1,11.83,9.53
ORD-2025-033664,2,PROD-040,1,15.21,10.26
ORD-2025-033665,1,PROD-033,2,52.11,100.0
ORD-2025-033666,1,PROD-008,1,9.9,8.45
ORD-2025-033666,2,PROD-004,2,20.28,38.81
ORD-2025-033666,3,PROD-006,2,32.39,64.42
ORD-2025-033666,4,PROD-034,1,9.01,8.77
ORD-2025-033667,1,PROD-002,1,11.9,11.44
ORD-2025-033667,2,PROD-003,1,14.37,13.04
ORD-2025-033667,3,PROD-038,1,7.89,7.8
ORD-2025-033668,1,PROD-008,1,9.9,9.8
ORD-2025-033668,2,PROD-034,1,9.01,8.41
ORD-2025-033668,3,PROD-030,1,49.3,48.7
ORD-2025-033668,4,PROD-004,1,20.28,19.73
ORD-2025-033668,5,PROD-033,1,52.11,50.64
ORD-2025-033669,1,PROD-042,2,73.24,135.42
ORD-2025-033669,2,PROD-029,1,24.79,23.33
ORD-2025-033669,3,PROD-041,1,11.83,11.43
ORD-2025-033670,1,PROD-037,1,9.86,7.6
ORD-2025-033671,1,PROD-005,1,20.28,19.87
ORD-2025-033671,2,PROD-032,3,19.72,57.12
ORD-2025-033672,1,PROD-002,1,11.9,10.7
ORD-2025-033673,1,PROD-030,1,49.3,46.92
ORD-2025-033673,2,PROD-028,1,17.18,17.04
ORD-2025-033674,1,PROD-019,1,29.58,27.3
ORD-2025-033674,2,PROD-036,2,11.55,18.83
ORD-2025-033675,1,PROD-042,3,73.24,219.3
ORD-2025-033675,2,PROD-001,1,12.9,12.48
ORD-2025-033676,1,PROD-004,1,20.28,16.22
ORD-2025-033676,2,PROD-010,3,38.03,98.25
ORD-2025-033676,3,PROD-008,1,9.9,8.5
ORD-2025-033677,1,PROD-001,1,12.9,11.12
ORD-2025-033678,1,PROD-040,2,15.21,26.48
ORD-2025-033679,1,PROD-050,1,61.97,51.54
ORD-2025-033679,2,PROD-006,1,32.39,29.87
ORD-2025-033679,3,PROD-039,2,8.17,12.72
ORD-2025-033680,1,PROD-022,1,9.01,8.55
ORD-2025-033681,1,PROD-004,1,20.28,19.98
ORD-2025-033682,1,PROD-008,1,9.9,9.06
ORD-2025-033682,2,PROD-001,1,12.9,11.4
ORD-2025-033682,3,PROD-016,1,8.9,6.4
ORD-2025-033682,4,PROD-034,1,9.01,7.65
ORD-2025-033683,1,PROD-008,3,9.9,25.5
ORD-2025-033684,1,PROD-008,1,9.9,8.55
ORD-2025-033684,2,PROD-036,3,11.55,32.41
ORD-2025-033685,1,PROD-005,3,20.28,56.58
ORD-2025-033686,1,PROD-024,1,8.73,8.32
ORD-2025-033687,1,PROD-041,1,11.83,8.95
ORD-2025-033687,2,PROD-035,1,10.14,7.9
ORD-2025-033688,1,PROD-008,1,9.9,9.04
ORD-2025-033689,1,PROD-035,1,10.14,9.1
ORD-2025-033689,2,PROD-036,2,11.55,21.01
ORD-2025-033690,1,PROD-034,2,9.01,11.29
ORD-2025-033690,2,PROD-035,1,10.14,7.69
ORD-2025-033691,1,PROD-008,3,9.9,22.55
ORD-2025-033691,2,PROD-001,2,12.9,22.75
ORD-2025-033691,3,PROD-015,2,26.76,46.33
ORD-2025-033692,1,PROD-006,1,32.39,31.09
ORD-2025-033693,1,PROD-004,1,20.28,20.15
ORD-2025-033693,2,PROD-032,2,19.72,37.91
ORD-2025-033693,3,PROD-040,2,15.21,27.63
ORD-2025-033694,1,PROD-013,2,11.9,21.15
ORD-2025-033695,1,PROD-050,1,61.97,59.66
ORD-2025-033696,1,PROD-038,4,7.89,29.12
ORD-2025-033697,1,PROD-004,1,20.28,19.48
ORD-2025-033698,1,PROD-003,2,14.37,27.09
ORD-2025-033699,1,PROD-003,2,14.37,26.59
ORD-2025-033699,2,PROD-007,1,17.18,16.6
ORD-2025-033700,1,PROD-012,1,18.5,17.32
ORD-2025-033701,1,PROD-008,3,9.9,29.06
ORD-2025-033702,1,PROD-034,2,9.01,14.06
ORD-2025-033703,1,PROD-005,1,20.28,19.64
ORD-2025-033704,1,PROD-006,3,32.39,67.28
ORD-2025-033704,2,PROD-044,1,40.85,35.32
ORD-2025-033704,3,PROD-003,3,14.37,33.36
ORD-2025-033705,1,PROD-041,1,11.83,10.23
ORD-2025-033705,2,PROD-005,1,20.28,19.4
ORD-2025-033706,1,PROD-003,1,14.37,12.98
ORD-2025-033707,1,PROD-030,2,49.3,96.37
ORD-2025-033707,2,PROD-004,2,20.28,30.26
ORD-2025-033707,3,PROD-008,2,9.9,15.27
ORD-2025-033708,1,PROD-053,1,53.52,49.36
ORD-2025-033709,1,PROD-008,1,9.9,7.94
ORD-2025-033709,2,PROD-033,1,52.11,49.4
ORD-2025-033710,1,PROD-001,1,12.9,10.51
ORD-2025-033711,1,PROD-004,1,20.28,18.06
ORD-2025-033711,2,PROD-041,1,11.83,10.19
ORD-2025-033711,3,PROD-034,1,9.01,7.19
ORD-2025-033712,1,PROD-008,3,9.9,24.93
ORD-2025-033713,1,PROD-037,1,9.86,8.81
ORD-2025-033713,2,PROD-006,1,32.39,31.76
ORD-2025-033713,3,PROD-007,2,17.18,33.9
ORD-2025-033714,1,PROD-003,1,14.37,13.75
ORD-2025-033715,1,PROD-008,1,9.9,8.35
ORD-2025-033716,1,PROD-002,1,11.9,11.14
ORD-2025-033717,1,PROD-035,2,10.14,19.38
ORD-2025-033717,2,PROD-001,3,12.9,34.83
ORD-2025-033718,1,PROD-003,1,14.37,11.35
ORD-2025-033718,2,PROD-034,1,9.01,8.5
ORD-2025-033719,1,PROD-005,1,20.28,19.82
ORD-2025-033719,2,PROD-015,2,26.76,52.89
ORD-2025-033720,1,PROD-002,1,11.9,11.05
ORD-2025-033720,2,PROD-051,1,36.06,30.88
ORD-2025-033720,3,PROD-012,1,18.5,17.62
ORD-2025-033721,1,PROD-002,2,11.9,18.08
ORD-2025-033722,1,PROD-005,1,20.28,19.22
ORD-2025-033722,2,PROD-029,1,24.79,20.83
ORD-2025-033722,3,PROD-035,1,10.14,8.45
ORD-2025-033723,1,PROD-035,1,10.14,9.32
ORD-2025-033724,1,PROD-008,1,9.9,9.64
ORD-2025-033725,1,PROD-028,1,17.18,15.01
ORD-2025-033725,2,PROD-039,1,8.17,6.54
ORD-2025-033726,1,PROD-037,1,9.86,7.01
ORD-2025-033726,2,PROD-001,1,12.9,12.45
ORD-2025-033726,3,PROD-004,1,20.28,13.91
ORD-2025-033727,1,PROD-048,1,55.77,48.2
ORD-2025-033727,2,PROD-005,3,20.28,55.45
ORD-2025-033728,1,PROD-004,1,20.28,19.86
ORD-2025-033729,1,PROD-002,1,11.9,11.5
ORD-2025-033730,1,PROD-003,2,14.37,26.55
ORD-2025-033730,2,PROD-008,1,9.9,
ORD-2025-033730,3,PROD-001,2,12.9,20.39
ORD-2025-033731,1,PROD-032,2,19.72,36.27
ORD-2025-033731,2,PROD-008,1,9.9,9.73
ORD-2025-033732,1,PROD-008,2,9.9,15.64
ORD-2025-033732,2,PROD-035,1,10.14,6.41
ORD-2025-033733,1,PROD-008,2,9.9,19.57
ORD-2025-033734,1,PROD-006,2,32.39,61.09
ORD-2025-033734,2,PROD-041,1,11.83,11.1
ORD-2025-033734,3,PROD-020,2,10.14,18.36
ORD-2025-033735,1,PROD-002,2,11.9,22.89
ORD-2025-033735,2,PROD-010,1,38.03,31.39
ORD-2025-033736,1,PROD-027,1,21.13,19.79
ORD-2025-033737,1,PROD-003,1,14.37,13.48
ORD-2025-033738,1,PROD-006,1,32.39,31.24
ORD-2025-033738,2,PROD-020,2,10.14,19.52
ORD-2025-033738,3,PROD-005,1,20.28,20.14
ORD-2025-033739,1,PROD-038,2,7.89,14.1
ORD-2025-033740,1,PROD-023,1,7.89,6.96
ORD-2025-033740,2,PROD-005,1,20.28,15.65
ORD-2025-033740,3,PROD-034,3,9.01,24.56
ORD-2025-033741,1,PROD-058,1,39.44,36.08
ORD-2025-033742,1,PROD-002,1,11.9,9.98
ORD-2025-033743,1,PROD-017,3,12.5,36.47
ORD-2025-033744,1,PROD-034,1,9.01,4.05
ORD-2025-033744,2,PROD-029,1,24.79,17.42
ORD-2025-033744,3,PROD-038,2,7.89,13.37
ORD-2025-033745,1,PROD-001,1,12.9,11.9
ORD-2025-033745,2,PROD-005,2,20.28,36.84
ORD-2025-033746,1,PROD-002,2,11.9,21.5
ORD-2025-033747,1,PROD-010,2,38.03,68.2
ORD-2025-033748,1,PROD-005,1,20.28,12.49
ORD-2025-033749,1,PROD-003,3,14.37,37.2
ORD-2025-033750,1,PROD-023,1,7.89,6.84
ORD-2025-033751,1,PROD-026,1,14.65,12.12
ORD-2025-033752,1,PROD-041,1,11.83,11.26
ORD-2025-033753,1,PROD-038,2,7.89,14.68
ORD-2025-033754,1,PROD-021,1,15.49,13.81
ORD-2025-033755,1,PROD-027,1,21.13,17.49
ORD-2025-033756,1,PROD-032,4,19.72,78.47
ORD-2025-033756,2,PROD-008,2,9.9,19.32
ORD-2025-033756,3,PROD-003,2,14.37,27.28
ORD-2025-033757,1,PROD-003,1,14.37,13.52
ORD-2025-033758,1,PROD-001,1,12.9,11.67
ORD-2025-033758,2,PROD-005,2,20.28,40.1
ORD-2025-033759,1,PROD-008,1,9.9,9.6
ORD-2025-033760,1,PROD-028,2,17.18,28.26
ORD-2025-033761,1,PROD-015,1,26.76,22.68
ORD-2025-033762,1,PROD-032,2,19.72,32.42
ORD-2025-033762,2,PROD-007,1,17.18,15.67
ORD-2025-033763,1,PROD-052,1,46.48,45.69
ORD-2025-033764,1,PROD-032,1,19.72,19.33
ORD-2025-033765,1,PROD-021,1,15.49,15.13
ORD-2025-033765,2,PROD-038,4,7.89,30.46
ORD-2025-033766,1,PROD-005,2,20.28,37.5
ORD-2025-033766,2,PROD-041,1,11.83,10.94
ORD-2025-033767,1,PROD-017,1,12.5,12.43
ORD-2025-033768,1,PROD-001,3,12.9,37.73
ORD-2025-033769,1,PROD-035,2,10.14,12.87
ORD-2025-033770,1,PROD-003,1,14.37,12.68
ORD-2025-033771,1,PROD-006,1,32.39,15.76
ORD-2025-033772,1,PROD-033,2,52.11,89.1
ORD-2025-033772,2,PROD-036,1,11.55,9.15
ORD-2025-033773,1,PROD-002,3,11.9,33.77
ORD-2025-033773,2,PROD-003,1,14.37,13.86
ORD-2025-033774,1,PROD-003,3,14.37,35.95
ORD-2025-033774,2,PROD-041,2,11.83,19.45
ORD-2025-033775,1,PROD-001,1,12.9,12.03
ORD-2025-033776,1,PROD-004,1,20.28,14.09
ORD-2025-033777,1,PROD-004,1,20.28,18.85
ORD-2025-033777,2,PROD-008,2,9.9,17.88
ORD-2025-033778,1,PROD-007,2,17.18,30.5
ORD-2025-033778,2,PROD-060,1,42.25,34.63
ORD-2025-033779,1,PROD-008,2,9.9,8.91
ORD-2025-033780,1,PROD-004,1,20.28,18.98
ORD-2025-033781,1,PROD-032,1,19.72,16.65
ORD-2025-033782,1,PROD-008,2,9.9,19.05
ORD-2025-033782,2,PROD-002,1,11.9,11.12
ORD-2025-033783,1,PROD-034,1,9.01,8.92
ORD-2025-033784,1,PROD-008,1,9.9,9.81
ORD-2025-033785,1,PROD-005,3,20.28,54.64
ORD-2025-033786,1,PROD-020,1,10.14,8.21
ORD-2025-033787,1,PROD-004,3,20.28,58.25
ORD-2025-033787,2,PROD-008,3,9.9,27.43
ORD-2025-033788,1,PROD-003,2,14.37,26.67
ORD-2025-033789,1,PROD-004,1,20.28,16.2
ORD-2025-033790,1,PROD-012,2,18.5,33.65
ORD-2025-033791,1,PROD-008,1,9.9,8.33
ORD-2025-033792,1,PROD-002,1,11.9,11.25
ORD-2025-033793,1,PROD-042,1,73.24,72.29
ORD-2025-033794,1,PROD-027,2,21.13,40.02
ORD-2025-033794,2,PROD-001,3,12.9,37.36
ORD-2025-033794,3,PROD-041,1,11.83,11.12
ORD-2025-033795,1,PROD-004,1,20.28,19.56
ORD-2025-033795,2,PROD-019,1,29.58,27.49
ORD-2025-033795,3,PROD-054,1,59.15,57.19
ORD-2025-033796,1,PROD-013,1,11.9,11.76
ORD-2025-033797,1,PROD-008,1,9.9,9.6
ORD-2025-033797,2,PROD-041,1,11.83,10.85
ORD-2025-033798,1,PROD-039,2,8.17,16.11
ORD-2025-033799,1,PROD-007,1,17.18,16.75
ORD-2025-033799,2,PROD-042,2,73.24,139.38
ORD-2025-033799,3,PROD-008,2,9.9,19.09
ORD-2025-033800,1,PROD-001,2,12.9,24.49
ORD-2025-033800,2,PROD-034,1,9.01,8.8
ORD-2025-033801,1,PROD-006,1,32.39,31.12
ORD-2025-033802,1,PROD-006,2,32.39,57.78
ORD-2025-033802,2,PROD-039,1,8.17,6.09
ORD-2025-033803,1,PROD-003,3,14.37,36.45
ORD-2025-033804,1,PROD-035,1,10.14,7.38
ORD-2025-033804,2,PROD-032,3,19.72,44.22
ORD-2025-033804,3,PROD-006,2,32.39,56.26
ORD-2025-033805,1,PROD-001,2,12.9,25.44
ORD-2025-033805,2,PROD-042,3,73.24,98.87
ORD-2025-033806,1,PROD-034,1,9.01,7.55
ORD-2025-033806,2,PROD-028,1,17.18,13.52
ORD-2025-033807,1,PROD-048,1,55.77,53.34
ORD-2025-033807,2,PROD-013,1,11.9,10.91
ORD-2025-033808,1,PROD-004,1,20.28,17.87
ORD-2025-033808,2,PROD-039,1,8.17,7.29
ORD-2025-033809,1,PROD-047,1,108.45,96.99
ORD-2025-033810,1,PROD-027,1,21.13,12.82
ORD-2025-033810,2,PROD-034,1,9.01,6.07
ORD-2025-033811,1,PROD-004,2,20.28,37.1
ORD-2025-033812,1,PROD-034,4,9.01,35.26
ORD-2025-033812,2,PROD-004,2,20.28,38.43
ORD-2025-033813,1,PROD-022,2,9.01,17.28
ORD-2025-033814,1,PROD-001,2,12.9,22.93
ORD-2025-033815,1,PROD-002,1,11.9,8.84
ORD-2025-033815,2,PROD-006,2,32.39,52.58
ORD-2025-033816,1,PROD-002,1,11.9,11.62
ORD-2025-033817,1,PROD-049,1,80.28,66.62
ORD-2025-033817,2,PROD-015,2,26.76,34.16
ORD-2025-033818,1,PROD-022,2,9.01,17.74
ORD-2025-033819,1,PROD-045,1,72.68,70.73
ORD-2025-033820,1,PROD-023,1,7.89,7.71
ORD-2025-033821,1,PROD-008,2,9.9,17.64
ORD-2025-033822,1,PROD-041,2,11.83,23.39
ORD-2025-033822,2,PROD-002,3,11.9,35.15
ORD-2025-033823,1,PROD-002,1,11.9,11.46
ORD-2025-033823,2,PROD-010,2,38.03,74.33
ORD-2025-033823,3,PROD-041,3,11.83,34.76
ORD-2025-033824,1,PROD-029,1,24.79,22.41
ORD-2025-033824,2,PROD-033,2,52.11,101.55
ORD-2025-033824,3,PROD-023,2,7.89,14.3
ORD-2025-033825,1,PROD-001,2,12.9,23.69
ORD-2025-033826,1,PROD-022,1,9.01,4.42
ORD-2025-033826,2,PROD-001,1,12.9,7.46
ORD-2025-033826,3,PROD-032,2,19.72,30.37
ORD-2025-033827,1,PROD-005,2,20.28,37.42
ORD-2025-033827,2,PROD-001,3,12.9,37.9
ORD-2025-033827,3,PROD-038,1,7.89,7.59
ORD-2025-033828,1,PROD-008,1,9.9,9.15
ORD-2025-033829,1,PROD-005,2,20.28,37.02
ORD-2025-033829,2,PROD-003,2,14.37,26.12
ORD-2025-033830,1,PROD-044,1,40.85,36.48
ORD-2025-033831,1,PROD-004,2,20.28,35.79
ORD-2025-033832,1,PROD-041,4,11.83,45.66
ORD-2025-033833,1,PROD-040,2,15.21,27.34
ORD-2025-033834,1,PROD-033,1,52.11,50.34
ORD-2025-033834,2,PROD-008,1,9.9,9.64
ORD-2025-033834,3,PROD-001,1,12.9,12.36
ORD-2025-033834,4,PROD-005,1,20.28,19.56
ORD-2025-033835,1,PROD-022,1,9.01,8.68
ORD-2025-033835,2,PROD-003,1,14.37,13.59
ORD-2025-033835,3,PROD-023,1,7.89,7.54
ORD-2025-033835,4,PROD-008,1,9.9,9.5
ORD-2025-033836,1,PROD-044,1,40.85,32.26
ORD-2025-033837,1,PROD-008,1,9.9,9.45
ORD-2025-033837,2,PROD-005,2,20.28,37.51
ORD-2025-033838,1,PROD-015,1,26.76,25.33
ORD-2025-033839,1,PROD-003,2,14.37,18.82
ORD-2025-033839,2,PROD-051,1,36.06,34.07
ORD-2025-033839,3,PROD-040,3,15.21,36.88
ORD-2025-033840,1,PROD-012,2,18.5,32.86
ORD-2025-033841,1,PROD-007,1,17.18,16.9
ORD-2025-033842,1,PROD-010,2,38.03,68.27
ORD-2025-033842,2,PROD-025,1,21.97,15.99
ORD-2025-033842,3,PROD-035,2,10.14,19.24
ORD-2025-033843,1,PROD-013,1,11.9,6.87
ORD-2025-033844,1,PROD-026,1,14.65,8.76
ORD-2025-033845,1,PROD-001,1,12.9,11.95
ORD-2025-033846,1,PROD-004,2,20.28,38.99
ORD-2025-033847,1,PROD-035,3,10.14,25.73
ORD-2025-033848,1,PROD-041,1,11.83,11.04
ORD-2025-033849,1,PROD-022,1,9.01,6.83
ORD-2025-033850,1,PROD-048,1,55.77,48.7
ORD-2025-033850,2,PROD-008,3,9.9,29.01
ORD-2025-033851,1,PROD-023,1,7.89,7.08
ORD-2025-033851,2,PROD-060,1,42.25,33.61
ORD-2025-033851,3,PROD-024,1,8.73,8.29
ORD-2025-033852,1,PROD-005,2,20.28,39.69
ORD-2025-033852,2,PROD-059,1,52.11,50.66
ORD-2025-033852,3,PROD-003,1,14.37,12.68
ORD-2025-033853,1,PROD-001,2,12.9,25.41
ORD-2025-033854,1,PROD-006,1,32.39,28.79
ORD-2025-033854,2,PROD-004,2,20.28,39.68
ORD-2025-033854,3,PROD-035,2,10.14,17.99
ORD-2025-033855,1,PROD-020,2,10.14,13.8
ORD-2025-033855,2,PROD-006,1,32.39,30.53
ORD-2025-033855,3,PROD-004,1,20.28,17.9
ORD-2025-033856,1,PROD-030,1,49.3,49.21
ORD-2025-033856,2,PROD-007,1,17.18,17.09
ORD-2025-033857,1,PROD-005,3,20.28,44.44
ORD-2025-033858,1,PROD-001,1,12.9,12.63
ORD-2025-033858,2,PROD-053,1,53.52,46.95
ORD-2025-033859,1,PROD-004,1,20.28,19.05
ORD-2025-033860,1,PROD-024,2,8.73,16.71
ORD-2025-033861,1,PROD-004,1,20.28,17.91
ORD-2025-033862,1,PROD-032,3,19.72,58.39
ORD-2025-033863,1,PROD-004,1,20.28,19.32
ORD-2025-033864,1,PROD-001,2,12.9,18.67
ORD-2025-033865,1,PROD-008,1,9.9,9.51
ORD-2025-033865,2,PROD-022,2,9.01,16.77
ORD-2025-033866,1,PROD-003,3,14.37,40.36
ORD-2025-033867,1,PROD-005,2,20.28,38.53
ORD-2025-033868,1,PROD-002,2,11.9,16.31
ORD-2025-033868,2,PROD-034,1,9.01,8.75
ORD-2025-033868,3,PROD-008,1,9.9,9.49
ORD-2025-033869,1,PROD-004,2,20.28,38.52
ORD-2025-033869,2,PROD-008,1,9.9,9.81
ORD-2025-033870,1,PROD-011,1,14.9,13.33
ORD-2025-033871,1,PROD-008,1,9.9,9.61
ORD-2025-033872,1,PROD-015,2,26.76,49.68
ORD-2025-033872,2,PROD-032,2,19.72,34.42
ORD-2025-033873,1,PROD-053,1,53.52,49.3
ORD-2025-033874,1,PROD-036,1,11.55,9.3
ORD-2025-033874,2,PROD-003,2,14.37,27.46
ORD-2025-033874,3,PROD-032,2,19.72,38.0
ORD-2025-033875,1,PROD-032,1,19.72,17.69
ORD-2025-033876,1,PROD-003,1,14.37,11.02
ORD-2025-033876,2,PROD-038,3,7.89,21.56
ORD-2025-033876,3,PROD-034,1,9.01,7.68
ORD-2025-033877,1,PROD-006,1,32.39,28.2
ORD-2025-033877,2,PROD-060,1,42.25,32.63
ORD-2025-033877,3,PROD-007,2,17.18,28.7
ORD-2025-033878,1,PROD-029,1,24.79,22.62
ORD-2025-033878,2,PROD-035,1,10.14,9.63
ORD-2025-033879,1,PROD-005,2,20.28,37.19
ORD-2025-033880,1,PROD-004,2,20.28,35.83
ORD-2025-033880,2,PROD-032,2,19.72,36.84
ORD-2025-033881,1,PROD-060,1,42.25,41.48
ORD-2025-033882,1,PROD-008,1,9.9,9.0
ORD-2025-033883,1,PROD-041,1,11.83,9.42
ORD-2025-033884,1,PROD-001,1,12.9,12.0
ORD-2025-033884,2,PROD-010,1,38.03,37.81
ORD-2025-033885,1,PROD-036,1,11.55,8.81
ORD-2025-033886,1,PROD-008,2,9.9,19.44
ORD-2025-033887,1,PROD-032,1,19.72,14.83
ORD-2025-033887,2,PROD-006,2,32.39,45.95
ORD-2025-033887,3,PROD-008,2,9.9,17.89
ORD-2025-033888,1,PROD-029,1,24.79,17.95
ORD-2025-033888,2,PROD-006,1,32.39,29.47
ORD-2025-033888,3,PROD-002,2,11.9,22.78
ORD-2025-033888,4,PROD-041,1,11.83,11.68
ORD-2025-033889,1,PROD-007,1,17.18,16.82
ORD-2025-033889,2,PROD-008,2,9.9,18.73
ORD-2025-033889,3,PROD-034,1,9.01,8.53
ORD-2025-033890,1,PROD-008,2,9.9,19.45
ORD-2025-033890,2,PROD-004,1,20.28,20.17
ORD-2025-033890,3,PROD-053,1,53.52,49.8
ORD-2025-033891,1,PROD-012,2,18.5,21.88
ORD-2025-033892,1,PROD-002,1,11.9,11.72
ORD-2025-033893,1,PROD-003,2,14.37,27.07
ORD-2025-033893,2,PROD-002,1,11.9,11.69
ORD-2025-033894,1,PROD-001,3,12.9,27.2
ORD-2025-033895,1,PROD-025,1,21.97,18.55
ORD-2025-033896,1,PROD-003,1,14.37,13.26
ORD-2025-033897,1,PROD-007,2,17.18,31.7
ORD-2025-033897,2,PROD-002,1,11.9,11.71
ORD-2025-033897,3,PROD-015,2,26.76,51.03
ORD-2025-033897,4,PROD-005,2,20.28,38.59
ORD-2025-033898,1,PROD-001,2,12.9,23.1
ORD-2025-033899,1,PROD-036,1,11.55,10.35
ORD-2025-033899,2,PROD-004,1,20.28,14.13
ORD-2025-033900,1,PROD-006,1,32.39,31.44
ORD-2025-033901,1,PROD-053,1,53.52,51.59
ORD-2025-033902,1,PROD-042,1,73.24,66.0
ORD-2025-033903,1,PROD-050,1,61.97,61.65
ORD-2025-033904,1,PROD-002,1,11.9,9.66
ORD-2025-033905,1,PROD-011,1,14.9,11.64
ORD-2025-033906,1,PROD-013,1,11.9,11.38
ORD-2025-033906,2,PROD-015,1,26.76,26.13
ORD-2025-033907,1,PROD-004,2,20.28,38.68
ORD-2025-033908,1,PROD-003,2,14.37,27.94
ORD-2025-033908,2,PROD-004,2,20.28,39.26
ORD-2025-033909,1,PROD-026,1,14.65,14.37
ORD-2025-033910,1,PROD-011,1,14.9,13.78
ORD-2025-033911,1,PROD-051,1,36.06,32.53
ORD-2025-033911,2,PROD-003,1,14.37,10.67
ORD-2025-033912,1,PROD-026,1,14.65,12.79
ORD-2025-033913,1,PROD-041,4,11.83,41.08
ORD-2025-033914,1,PROD-001,1,12.9,11.91
ORD-2025-033914,2,PROD-035,2,10.14,15.94
ORD-2025-033914,3,PROD-011,1,14.9,14.0
ORD-2025-033915,1,PROD-008,2,9.9,16.0
ORD-2025-033916,1,PROD-035,1,10.14,9.33
ORD-2025-033917,1,PROD-016,1,8.9,7.2
ORD-2025-033918,1,PROD-003,2,14.37,25.66
ORD-2025-033918,2,PROD-038,2,7.89,12.82
ORD-2025-033918,3,PROD-021,1,15.49,12.97
ORD-2025-033919,1,PROD-020,1,10.14,7.7
ORD-2025-033920,1,PROD-004,2,20.28,40.05
ORD-2025-033921,1,PROD-005,1,20.28,20.19
ORD-2025-033922,1,PROD-006,1,32.39,27.78
ORD-2025-033923,1,PROD-038,1,7.89,6.64
ORD-2025-033923,2,PROD-003,2,14.37,25.62
ORD-2025-033923,3,PROD-008,2,9.9,18.86
ORD-2025-033924,1,PROD-008,1,9.9,8.69
ORD-2025-033925,1,PROD-020,2,10.14,14.23
ORD-2025-033926,1,PROD-008,1,9.9,8.89
ORD-2025-033927,1,PROD-007,1,17.18,15.69
ORD-2025-033928,1,PROD-038,1,7.89,7.54
ORD-2025-033929,1,PROD-005,1,20.28,14.18
ORD-2025-033929,2,PROD-050,1,61.97,54.52
ORD-2025-033929,3,PROD-030,2,49.3,85.81
ORD-2025-033930,1,PROD-006,1,32.39,24.99
ORD-2025-033930,2,PROD-036,2,11.55,18.29
ORD-2025-033930,3,PROD-035,1,10.14,9.2
ORD-2025-033931,1,PROD-006,1,32.39,30.84
ORD-2025-033931,2,PROD-008,1,9.9,-9.05
ORD-2025-033932,1,PROD-005,1,20.28,19.1
ORD-2025-033932,2,PROD-006,1,32.39,31.6
ORD-2025-033933,1,PROD-008,1,9.9,9.03
ORD-2025-033934,1,PROD-039,1,8.17,7.27
ORD-2025-033935,1,PROD-003,1,14.37,14.33
ORD-2025-033936,1,PROD-008,2,9.9,19.06
ORD-2025-033937,1,PROD-023,1,7.89,7.17
ORD-2025-033938,1,PROD-008,1,9.9,9.25
ORD-2025-033939,1,PROD-005,2,20.28,34.82
ORD-2025-033939,2,PROD-035,2,10.14,19.34
ORD-2025-033940,1,PROD-032,4,19.72,58.23
ORD-2025-033941,1,PROD-005,2,20.28,38.45
ORD-2025-033942,1,PROD-040,1,15.21,13.57
ORD-2025-033943,1,PROD-017,2,12.5,23.68
ORD-2025-033943,2,PROD-005,1,20.28,19.73
ORD-2025-033944,1,PROD-002,2,11.9,22.31
ORD-2025-033944,2,PROD-005,1,20.28,18.8
ORD-2025-033944,3,PROD-022,1,9.01,7.54
ORD-2025-033944,4,PROD-020,1,10.14,8.44
ORD-2025-033944,5,PROD-041,1,11.83,11.23
ORD-2025-033945,1,PROD-002,3,11.9,34.0
ORD-2025-033946,1,PROD-008,3,9.9,22.48
ORD-2025-033946,2,PROD-052,1,46.48,41.65
ORD-2025-033946,3,PROD-041,3,11.83,32.08
ORD-2025-033946,4,PROD-054,1,59.15,49.51
ORD-2025-033947,1,PROD-033,2,52.11,78.08
ORD-2025-033948,1,PROD-001,1,12.9,12.65
ORD-2025-033948,2,PROD-034,1,9.01,8.73
ORD-2025-033949,1,PROD-022,1,9.01,8.12
ORD-2025-033950,1,PROD-013,1,11.9,11.76
ORD-2025-033951,1,PROD-048,1,55.77,54.41
ORD-2025-033952,1,PROD-007,1,17.18,13.5
ORD-2025-033953,1,PROD-014,1,9.9,9.05
ORD-2025-033953,2,PROD-024,2,8.73,16.82
ORD-2025-033954,1,PROD-021,1,15.49,13.49
ORD-2025-033955,1,PROD-039,1,8.17,5.58
ORD-2025-033956,1,PROD-008,1,9.9,8.45
ORD-2025-033956,2,PROD-011,1,14.9,10.48
ORD-2025-033957,1,PROD-010,2,38.03,74.6
ORD-2025-033958,1,PROD-025,1,21.97,19.69
ORD-2025-033959,1,PROD-037,4,9.86,37.81
ORD-2025-033959,2,PROD-007,2,17.18,34.12
ORD-2025-033960,1,PROD-005,3,20.28,60.08
ORD-2025-033960,2,PROD-041,1,11.83,11.46
ORD-2025-033961,1,PROD-008,2,9.9,17.25
ORD-2025-033962,1,PROD-008,2,9.9,19.05
ORD-2025-033963,1,PROD-005,2,20.28,37.97
ORD-2025-033964,1,PROD-016,1,8.9,8.84
ORD-2025-033964,2,PROD-001,3,12.9,38.25
ORD-2025-033964,3,PROD-023,1,7.89,7.45
ORD-2025-033964,4,PROD-036,1,11.55,11.09
ORD-2025-033965,1,PROD-002,1,11.9,10.59
ORD-2025-033965,2,PROD-034,1,9.01,7.04
ORD-2025-033966,1,PROD-006,2,32.39,63.86
ORD-2025-033966,2,PROD-036,2,11.55,21.7
ORD-2025-033967,1,PROD-004,1,20.28,17.65
ORD-2025-033968,1,PROD-005,2,20.28,34.3
ORD-2025-033968,2,PROD-001,1,12.9,12.28
ORD-2025-033969,1,PROD-010,1,38.03,29.67
ORD-2025-033970,1,PROD-014,1,9.9,9.61
ORD-2025-033970,2,PROD-042,1,73.24,62.78
ORD-2025-033971,1,PROD-006,2,32.39,57.3
ORD-2025-033972,1,PROD-040,1,15.21,14.02
ORD-2025-033972,2,PROD-008,1,9.9,8.43
ORD-2025-033972,3,PROD-032,1,19.72,14.44
ORD-2025-033973,1,PROD-007,2,17.18,31.17
ORD-2025-033974,1,PROD-016,1,8.9,7.45
ORD-2025-033975,1,PROD-044,1,40.85,34.35
ORD-2025-033975,2,PROD-004,2,20.28,19.54
ORD-2025-033976,1,PROD-029,1,24.79,24.49
ORD-2025-033977,1,PROD-002,1,11.9,9.55
ORD-2025-033977,2,PROD-038,2,7.89,14.46
ORD-2025-033977,3,PROD-023,1,7.89,5.53
ORD-2025-033977,4,PROD-008,1,9.9,9.54
ORD-2025-033977,5,PROD-003,2,14.37,27.31
ORD-2025-033978,1,PROD-006,1,32.39,29.73
ORD-2025-033978,2,PROD-041,1,11.83,11.27
ORD-2025-033979,1,PROD-060,1,42.25,37.61
ORD-2025-033979,2,PROD-006,1,32.39,28.8
ORD-2025-033979,3,PROD-005,1,20.28,19.5
ORD-2025-033980,1,PROD-007,2,17.18,33.53
ORD-2025-033980,2,PROD-034,2,9.01,16.68
ORD-2025-033981,1,PROD-006,1,32.39,30.69
ORD-2025-033982,1,PROD-007,1,17.18,15.4
ORD-2025-033982,2,PROD-037,2,9.86,19.23
ORD-2025-033982,3,PROD-002,1,11.9,11.47
ORD-2025-033982,4,PROD-050,1,61.97,58.51
ORD-2025-033983,1,PROD-002,1,11.9,11.45
ORD-2025-033984,1,PROD-049,1,80.28,67.39
ORD-2025-033985,1,PROD-007,1,17.18,16.81
ORD-2025-033985,2,PROD-004,3,20.28,57.6
ORD-2025-033986,1,PROD-004,3,20.28,57.83
ORD-2025-033986,2,PROD-001,2,12.9,25.12
ORD-2025-033987,1,PROD-008,1,9.9,9.35
ORD-2025-033988,1,PROD-022,1,9.01,8.68
ORD-2025-033988,2,PROD-006,3,32.39,87.31
ORD-2025-033989,1,PROD-033,4,52.11,189.24
ORD-2025-033990,1,PROD-044,1,40.85,32.68
ORD-2025-033991,1,PROD-008,1,9.9,9.4
ORD-2025-033991,2,PROD-002,2,11.9,22.88
ORD-2025-033992,1,PROD-003,2,14.37,27.88
ORD-2025-033993,1,PROD-037,1,9.86,7.79
ORD-2025-033993,2,PROD-014,2,9.9,18.71
ORD-2025-033994,1,PROD-006,2,32.39,61.24
ORD-2025-033995,1,PROD-011,3,14.9,40.07
ORD-2025-033995,2,PROD-021,2,15.49,27.86
ORD-2025-033995,3,PROD-053,1,53.52,45.38
ORD-2025-033996,1,PROD-003,1,14.37,12.87
ORD-2025-033997,1,PROD-041,1,11.83,9.08
ORD-2025-033998,1,PROD-022,1,9.01,7.05
ORD-2025-033999,1,PROD-059,1,52.11,49.01
ORD-2025-034000,1,PROD-002,2,11.9,23.5
ORD-2025-034001,1,PROD-008,1,9.9,8.07
ORD-2025-034002,1,PROD-040,4,15.21,59.05
ORD-2025-034003,1,PROD-005,2,20.28,23.73
ORD-2025-034004,1,PROD-005,1,20.28,18.17
ORD-2025-034005,1,PROD-028,1,17.18,15.65
ORD-2025-034006,1,PROD-003,1,14.37,13.87
ORD-2025-034006,2,PROD-038,2,7.89,13.62
ORD-2025-034006,3,PROD-028,1,17.18,16.8
ORD-2025-034006,4,PROD-005,1,20.28,20.06
ORD-2025-034006,5,PROD-008,1,9.9,9.57
ORD-2025-034007,1,PROD-013,2,11.9,22.46
ORD-2025-034008,1,PROD-037,1,9.86,8.58
ORD-2025-034008,2,PROD-006,2,32.39,53.3
ORD-2025-034008,3,PROD-011,1,14.9,12.35
ORD-2025-034008,4,PROD-021,1,15.49,12.72
ORD-2025-034008,5,PROD-002,1,11.9,7.12
ORD-2025-034009,1,PROD-024,2,8.73,16.97
ORD-2025-034010,1,PROD-003,2,14.37,28.23
ORD-2025-034010,2,PROD-002,1,11.9,11.7
ORD-2025-034011,1,PROD-002,2,11.9,17.5
ORD-2025-034011,2,PROD-004,3,20.28,39.43
ORD-2025-034011,3,PROD-034,3,9.01,20.86
ORD-2025-034012,1,PROD-004,1,20.28,17.1
ORD-2025-034012,2,PROD-001,1,12.9,11.48
ORD-2025-034012,3,PROD-005,1,20.28,20.12
ORD-2025-034013,1,PROD-002,2,11.9,22.9
ORD-2025-034014,1,PROD-041,1,11.83,11.61
ORD-2025-034014,2,PROD-008,2,9.9,18.76
ORD-2025-034015,1,PROD-003,1,14.37,14.23
ORD-2025-034016,1,PROD-004,2,20.28,36.99
ORD-2025-034017,1,PROD-006,1,32.39,25.59
ORD-2025-034018,1,PROD-032,4,19.72,63.22
ORD-2025-034018,2,PROD-007,1,17.18,16.84
ORD-2025-034019,1,PROD-020,1,10.14,7.69
ORD-2025-034020,1,PROD-001,2,12.9,24.88
ORD-2025-034021,1,PROD-002,1,11.9,10.03
ORD-2025-034021,2,PROD-008,1,9.9,8.88
ORD-2025-034021,3,PROD-005,1,20.28,16.7
ORD-2025-034022,1,PROD-038,1,7.89,7.74
ORD-2025-034022,2,PROD-002,3,11.9,34.49
ORD-2025-034022,3,PROD-030,1,49.3,48.69
ORD-2025-034023,1,PROD-003,2,14.37,27.4
ORD-2025-034024,1,PROD-004,1,20.28,20.11
ORD-2025-034025,1,PROD-032,2,19.72,35.72
ORD-2025-034026,1,PROD-003,2,14.37,26.83
ORD-2025-034027,1,PROD-034,2,9.01,14.66
ORD-2025-034027,2,PROD-008,1,9.9,7.15
ORD-2025-034028,1,PROD-021,1,15.49,14.69
ORD-2025-034029,1,PROD-001,1,12.9,12.72
ORD-2025-034029,2,PROD-003,1,14.37,14.21
ORD-2025-034029,3,PROD-034,3,9.01,26.59
ORD-2025-034030,1,PROD-031,2,53.52,105.51
ORD-2025-034031,1,PROD-002,2,11.9,22.31
ORD-2025-034031,2,PROD-007,2,17.18,30.02
ORD-2025-034032,1,PROD-034,3,9.01,24.71
ORD-2025-034032,2,PROD-003,1,14.37,14.08
ORD-2025-034033,1,PROD-004,1,20.28,18.5
ORD-2025-034034,1,PROD-022,1,9.01,7.27
ORD-2025-034035,1,PROD-037,1,9.86,8.68
ORD-2025-034036,1,PROD-044,1,40.85,35.26
ORD-2025-034037,1,PROD-012,3,18.5,50.09
ORD-2025-034037,2,PROD-017,2,12.5,22.95
ORD-2025-034038,1,PROD-020,1,10.14,9.66
ORD-2025-034039,1,PROD-034,2,9.01,16.21
ORD-2025-034039,2,PROD-004,1,20.28,19.5
ORD-2025-034039,3,PROD-040,1,15.21,12.79
ORD-2025-034040,1,PROD-004,1,20.28,19.31
ORD-2025-034040,2,PROD-006,3,32.39,89.87
ORD-2025-034041,1,PROD-001,2,12.9,23.42
ORD-2025-034042,1,PROD-004,2,20.28,40.0
ORD-2025-034042,2,PROD-008,2,9.9,19.69
ORD-2025-034043,1,PROD-007,1,17.18,16.46
ORD-2025-034044,1,PROD-030,1,49.3,47.92
ORD-2025-034045,1,PROD-049,1,80.28,65.35
ORD-2025-034045,2,PROD-031,2,53.52,95.6
ORD-2025-034046,1,PROD-040,2,15.21,29.91
ORD-2025-034047,1,PROD-004,2,20.28,38.74
ORD-2025-034048,1,PROD-016,1,8.9,7.35
ORD-2025-034048,2,PROD-040,1,15.21,12.8
ORD-2025-034049,1,PROD-023,1,7.89,7.26
ORD-2025-034050,1,PROD-052,1,46.48,40.13
ORD-2025-034050,2,PROD-019,1,29.58,28.17
ORD-2025-034051,1,PROD-008,1,9.9,8.5
ORD-2025-034052,1,PROD-042,1,73.24,67.6
ORD-2025-034053,1,PROD-007,1,17.18,13.82
ORD-2025-034054,1,PROD-002,1,11.9,11.52
ORD-2025-034055,1,PROD-001,1,12.9,11.54
ORD-2025-034055,2,PROD-002,2,11.9,22.96
ORD-2025-034056,1,PROD-002,1,11.9,11.44
ORD-2025-034056,2,PROD-006,3,32.39,95.16
ORD-2025-034057,1,PROD-001,2,12.9,24.06
ORD-2025-034058,1,PROD-002,1,11.9,11.22
ORD-2025-034059,1,PROD-055,1,74.65,67.27
ORD-2025-034060,1,PROD-041,1,11.83,10.81
ORD-2025-034061,1,PROD-032,1,19.72,15.02
ORD-2025-034062,1,PROD-022,1,9.01,7.68
ORD-2025-034062,2,PROD-027,1,21.13,20.88
ORD-2025-034062,3,PROD-028,1,17.18,16.07
ORD-2025-034063,1,PROD-023,2,7.89,10.73
ORD-2025-034064,1,PROD-008,3,9.9,25.12
ORD-2025-034065,1,PROD-028,1,17.18,16.95
ORD-2025-034065,2,PROD-012,2,18.5,36.2
ORD-2025-034066,1,PROD-020,1,10.14,8.56
ORD-2025-034067,1,PROD-024,2,8.73,14.37
ORD-2025-034067,2,PROD-025,2,21.97,36.04
ORD-2025-034067,3,PROD-007,1,17.18,13.91
ORD-2025-034067,4,PROD-004,2,20.28,28.3
ORD-2025-034068,1,PROD-005,3,20.28,55.78
ORD-2025-034068,2,PROD-008,1,9.9,9.23
ORD-2025-034069,1,PROD-008,1,9.9,9.77
ORD-2025-034069,2,PROD-003,1,14.37,13.66
ORD-2025-034069,3,PROD-027,1,21.13,19.22
ORD-2025-034070,1,PROD-004,1,20.28,17.09
ORD-2025-034071,1,PROD-044,1,40.85,36.94
ORD-2025-034071,2,PROD-006,1,32.39,30.71
ORD-2025-034072,1,PROD-027,1,21.13,20.79
ORD-2025-034073,1,PROD-005,1,20.28,19.44
ORD-2025-034074,1,PROD-004,1,20.28,16.51
ORD-2025-034075,1,PROD-016,1,8.9,-8.38
ORD-2025-034076,1,PROD-030,1,49.3,45.6
ORD-2025-034077,1,PROD-007,1,17.18,16.23
ORD-2025-034078,1,PROD-038,1,7.89,7.39
ORD-2025-034079,1,PROD-006,1,32.39,31.84
ORD-2025-034080,1,PROD-048,1,55.77,54.75
ORD-2025-034081,1,PROD-008,1,9.9,9.69
ORD-2025-034082,1,PROD-008,2,9.9,19.29
ORD-2025-034083,1,PROD-026,1,14.65,14.24
ORD-2025-034084,1,PROD-004,2,20.28,34.09
ORD-2025-034085,1,PROD-010,1,38.03,30.29
ORD-2025-034086,1,PROD-027,1,21.13,20.29
ORD-2025-034087,1,PROD-060,1,42.25,24.77
ORD-2025-034088,1,PROD-008,2,9.9,17.55
ORD-2025-034089,1,PROD-005,1,20.28,19.67
ORD-2025-034089,2,PROD-044,1,40.85,39.44
ORD-2025-034090,1,PROD-021,1,15.49,13.81
ORD-2025-034091,1,PROD-034,1,9.01,6.95
ORD-2025-034092,1,PROD-003,2,14.37,27.02
ORD-2025-034093,1,PROD-010,1,38.03,36.28
ORD-2025-034094,1,PROD-036,1,11.55,10.37
ORD-2025-034095,1,PROD-001,1,12.9,12.18
ORD-2025-034096,1,PROD-021,1,15.49,12.87
ORD-2025-034097,1,PROD-001,1,12.9,12.67
ORD-2025-034097,2,PROD-034,1,9.01,8.82
ORD-2025-034098,1,PROD-036,2,11.55,22.17
ORD-2025-034098,2,PROD-049,1,80.28,78.57
ORD-2025-034099,1,PROD-001,1,12.9,8.74
ORD-2025-034100,1,PROD-026,1,14.65,14.58
ORD-2025-034101,1,PROD-013,2,11.9,21.69
ORD-2025-034101,2,PROD-030,2,49.3,87.77
ORD-2025-034102,1,PROD-003,2,14.37,19.26
ORD-2025-034102,2,PROD-034,1,9.01,6.49
ORD-2025-034103,1,PROD-001,1,12.9,10.01
ORD-2025-034103,2,PROD-006,1,32.39,21.72
ORD-2025-034104,1,PROD-003,2,14.37,26.3
ORD-2025-034105,1,PROD-028,1,17.18,16.58
ORD-2025-034106,1,PROD-013,1,11.9,11.69
ORD-2025-034107,1,PROD-020,2,10.14,19.62
ORD-2025-034107,2,PROD-027,1,21.13,19.91
ORD-2025-034107,3,PROD-005,1,20.28,19.12
ORD-2025-034107,4,PROD-003,3,14.37,42.48
ORD-2025-034108,1,PROD-050,1,61.97,54.12
ORD-2025-034108,2,PROD-005,2,20.28,39.45
ORD-2025-034109,1,PROD-001,1,12.9,12.7
ORD-2025-034110,1,PROD-026,2,14.65,19.1
ORD-2025-034111,1,PROD-020,1,10.14,9.47
ORD-2025-034112,1,PROD-010,1,38.03,31.17
ORD-2025-034113,1,PROD-002,2,11.9,23.25
ORD-2025-034114,1,PROD-035,1,10.14,9.78
ORD-2025-034114,2,PROD-004,3,20.28,56.62
ORD-2025-034115,1,PROD-005,1,20.28,16.89
ORD-2025-034115,2,PROD-010,1,38.03,31.26
ORD-2025-034115,3,PROD-001,3,12.9,32.39
ORD-2025-034116,1,PROD-021,1,15.49,11.66
ORD-2025-034116,2,PROD-038,1,7.89,5.36
ORD-2025-034117,1,PROD-007,1,17.18,16.78
ORD-2025-034118,1,PROD-034,2,9.01,15.56
ORD-2025-034118,2,PROD-006,1,32.39,30.86
ORD-2025-034118,3,PROD-011,1,14.9,12.89
ORD-2025-034119,1,PROD-006,1,32.39,25.69
ORD-2025-034119,2,PROD-008,1,9.9,9.11
ORD-2025-034120,1,PROD-006,2,32.39,62.55
ORD-2025-034120,2,PROD-052,1,46.48,44.67
ORD-2025-034121,1,PROD-060,1,42.25,41.16
ORD-2025-034122,1,PROD-034,2,9.01,16.92
ORD-2025-034122,2,PROD-036,1,11.55,8.08
ORD-2025-034123,1,PROD-020,1,10.14,8.52
ORD-2025-034123,2,PROD-041,3,11.83,33.06
ORD-2025-034124,1,PROD-032,2,19.72,37.98
ORD-2025-034125,1,PROD-038,2,7.89,14.68
ORD-2025-034125,2,PROD-005,1,20.28,19.34
ORD-2025-034125,3,PROD-008,1,9.9,9.01
ORD-2025-034126,1,PROD-010,1,38.03,26.91
ORD-2025-034126,2,PROD-022,2,9.01,14.61
ORD-2025-034127,1,PROD-004,1,20.28,18.75
ORD-2025-034128,1,PROD-005,1,20.28,20.07
ORD-2025-034129,1,PROD-032,4,19.72,74.95
ORD-2025-034129,2,PROD-007,1,17.18,15.99
ORD-2025-034130,1,PROD-001,2,12.9,25.62
ORD-2025-034131,1,PROD-004,2,20.28,36.36
ORD-2025-034132,1,PROD-002,1,11.9,11.43
ORD-2025-034132,2,PROD-041,2,11.83,23.19
ORD-2025-034133,1,PROD-008,1,9.9,7.95
ORD-2025-034133,2,PROD-001,1,12.9,10.86
ORD-2025-034133,3,PROD-006,1,32.39,25.14
ORD-2025-034134,1,PROD-002,2,11.9,23.47
ORD-2025-034134,2,PROD-004,2,20.28,34.42
 ORD-2025-034135 ,1,PROD-003,3,14.37,36.44
ORD-2025-034135,2,PROD-010,1,38.03,36.76
ORD-2025-034135,3,PROD-037,3,9.86,29.02
ORD-2025-034135,4,PROD-022,1,9.01,-8.55
ORD-2025-034135,5,PROD-035,2,10.14,19.91
ORD-2025-034136,1,PROD-007,3,17.18,47.22
ORD-2025-034136,2,PROD-004,1,20.28,17.81
ORD-2025-034137,1,PROD-001,2,12.9,25.02
ORD-2025-034138,1,PROD-014,3,9.9,28.94
ORD-2025-034139,1,PROD-003,1,14.37,12.49
ORD-2025-034139,2,PROD-053,1,53.52,49.08
ORD-2025-034140,1,PROD-010,1,38.03,33.04
ORD-2025-034141,1,PROD-026,1,14.65,13.81
ORD-2025-034141,2,PROD-048,1,55.77,53.15
ORD-2025-034141,3,PROD-006,2,32.39,58.01
ORD-2025-034142,1,PROD-005,1,20.28,-19.89
ORD-2025-034142,2,PROD-007,1,17.18,16.07
ORD-2025-034142,3,PROD-008,1,9.9,9.15
ORD-2025-034143,1,PROD-017,3,12.5,33.69
ORD-2025-034143,2,PROD-045,1,72.68,62.37
ORD-2025-034144,1,PROD-006,1,32.39,23.54
ORD-2025-034145,1,PROD-034,1,9.01,7.86
ORD-2025-034145,2,PROD-003,1,14.37,12.82
ORD-2025-034145,3,PROD-035,3,10.14,26.26
ORD-2025-034146,1,PROD-027,1,21.13,18.59
ORD-2025-034147,1,PROD-020,2,10.14,17.01
ORD-2025-034147,2,PROD-035,1,10.14,7.97
ORD-2025-034148,1,PROD-027,1,21.13,20.34
ORD-2025-034148,2,PROD-008,2,9.9,19.37
ORD-2025-034149,1,PROD-017,1,12.5,11.06
ORD-2025-034150,1,PROD-005,1,20.28,19.57
ORD-2025-034151,1,PROD-016,2,8.9,17.5
ORD-2025-034152,1,PROD-025,1,21.97,21.33
ORD-2025-034152,2,PROD-004,2,20.28,36.13
ORD-2025-034153,1,PROD-002,1,11.9,11.01
ORD-2025-034153,2,PROD-025,1,21.97,21.34
ORD-2025-034153,3,PROD-008,2,9.9,18.71
ORD-2025-034154,1,PROD-013,2,11.9,23.27
ORD-2025-034155,1,PROD-002,1,11.9,9.1
ORD-2025-034156,1,PROD-008,2,9.9,19.24
ORD-2025-034157,1,PROD-008,2,9.9,16.83
ORD-2025-034157,2,PROD-004,2,20.28,37.29
ORD-2025-034158,1,PROD-042,1,73.24,64.25
ORD-2025-034158,2,PROD-005,1,20.28,19.41
ORD-2025-034159,1,PROD-013,1,11.9,11.2
ORD-2025-034159,2,PROD-008,1,9.9,8.44
ORD-2025-034160,1,PROD-033,1,52.11,45.44
ORD-2025-034160,2,PROD-001,2,12.9,22.3
ORD-2025-034161,1,PROD-001,2,12.9,25.4
ORD-2025-034161,2,PROD-025,1,21.97,21.73
ORD-2025-034162,1,PROD-002,1,11.9,10.21
ORD-2025-034163,1,PROD-008,2,9.9,17.98
ORD-2025-034163,2,PROD-002,1,11.9,10.55
ORD-2025-034164,1,PROD-045,1,72.68,65.94
ORD-2025-034165,1,PROD-007,1,17.18,16.9
ORD-2025-034166,1,PROD-032,1,19.72,14.06
ORD-2025-034166,2,PROD-002,1,11.9,7.7
ORD-2025-034167,1,PROD-004,2,20.28,37.13
ORD-2025-034167,2,PROD-006,2,32.39,59.12
ORD-2025-034168,1,PROD-014,1,9.9,9.69
ORD-2025-034169,1,PROD-039,1,8.17,7.39
ORD-2025-034170,1,PROD-037,1,9.86,9.32
ORD-2025-034171,1,PROD-008,2,9.9,17.71
ORD-2025-034171,2,PROD-003,1,14.37,13.77
ORD-2025-034172,1,PROD-041,2,11.83,21.5
ORD-2025-034173,1,PROD-035,1,10.14,9.52
ORD-2025-034173,2,PROD-011,1,14.9,14.65
ORD-2025-034174,1,PROD-022,1,9.01,6.78
ORD-2025-034175,1,PROD-023,2,7.89,14.31
ORD-2025-034175,2,PROD-040,3,15.21,42.95
ORD-2025-034175,3,PROD-028,2,17.18,28.64
ORD-2025-034176,1,PROD-040,1,15.21,14.97
ORD-2025-034177,1,PROD-022,1,9.01,8.63
ORD-2025-034178,1,PROD-007,1,17.18,15.27
ORD-2025-034179,1,PROD-021,1,15.49,12.93
ORD-2025-034179,2,PROD-002,2,11.9,22.06
ORD-2025-034179,3,PROD-016,1,8.9,6.59
ORD-2025-034180,1,PROD-008,2,9.9,19.37
ORD-2025-034180,2,PROD-034,2,9.01,16.8
ORD-2025-034181,1,PROD-033,1,52.11,51.29
ORD-2025-034181,2,PROD-004,1,20.28,19.8
ORD-2025-034182,1,PROD-037,4,9.86,27.79
ORD-2025-034183,1,PROD-001,2,12.9,22.85
ORD-2025-034184,1,PROD-024,2,8.73,16.54
ORD-2025-034185,1,PROD-001,1,12.9,12.9
ORD-2025-034186,1,PROD-008,1,9.9,7.4
ORD-2025-034187,1,PROD-035,2,10.14,16.82
ORD-2025-034187,2,PROD-004,1,20.28,16.09
ORD-2025-034187,3,PROD-001,1,12.9,12.12
ORD-2025-034188,1,PROD-004,1,20.28,17.47
ORD-2025-034188,2,PROD-044,1,40.85,39.4
ORD-2025-034189,1,PROD-047,1,108.45,94.56
ORD-2025-034189,2,PROD-004,1,20.28,19.14
ORD-2025-034190,1,PROD-037,2,9.86,14.7
ORD-2025-034190,2,PROD-023,1,7.89,6.42
ORD-2025-034191,1,PROD-028,1,17.18,16.4
ORD-2025-034191,2,PROD-002,1,11.9,10.43
ORD-2025-034191,3,PROD-004,1,20.28,18.02
ORD-2025-034192,1,PROD-004,1,20.28,19.49
ORD-2025-034192,2,PROD-008,1,9.9,9.69
ORD-2025-034193,1,PROD-012,2,18.5,36.45
ORD-2025-034194,1,PROD-010,2,38.03,64.74
ORD-2025-034195,1,PROD-022,1,9.01,8.36
ORD-2025-034196,1,PROD-038,3,7.89,22.87
ORD-2025-034196,2,PROD-023,1,7.89,7.78
ORD-2025-034196,3,PROD-005,1,20.28,17.25
ORD-2025-034196,4,PROD-046,1,259.15,221.88
ORD-2025-034197,1,PROD-006,1,32.39,30.56
ORD-2025-034197,2,PROD-003,1,14.37,12.22
ORD-2025-034197,3,PROD-022,1,9.01,8.24
ORD-2025-034198,1,PROD-008,2,9.9,18.66
ORD-2025-034199,1,PROD-020,1,10.14,9.64
ORD-2025-034200,1,PROD-036,1,11.55,10.02
ORD-2025-034201,1,PROD-003,1,14.37,12.7
ORD-2025-034202,1,PROD-026,2,14.65,28.52
ORD-2025-034202,2,PROD-006,2,32.39,59.59
ORD-2025-034203,1,PROD-042,1,73.24,68.5
ORD-2025-034203,2,PROD-034,2,9.01,17.06
ORD-2025-034204,1,PROD-006,2,32.39,56.92
ORD-2025-034205,1,PROD-041,1,11.83,6.89
ORD-2025-034206,1,PROD-036,3,11.55,30.26
ORD-2025-034207,1,PROD-012,1,18.5,18.05
ORD-2025-034208,1,PROD-053,1,53.52,47.3
ORD-2025-034209,1,PROD-004,1,20.28,19.46
ORD-2025-034209,2,PROD-005,1,20.28,19.77
ORD-2025-034209,3,PROD-051,1,36.06,34.82
ORD-2025-034210,1,PROD-004,1,20.28,19.17
ORD-2025-034210,2,PROD-005,2,20.28,40.02
ORD-2025-034210,3,PROD-034,2,9.01,17.89
ORD-2025-034211,1,PROD-036,1,11.55,11.01
ORD-2025-034211,2,PROD-007,2,17.18,34.07
ORD-2025-034212,1,PROD-034,2,9.01,14.5
ORD-2025-034213,1,PROD-008,2,9.9,17.0
ORD-2025-034214,1,PROD-010,2,38.03,67.12
ORD-2025-034215,1,PROD-010,3,38.03,109.39
ORD-2025-034215,2,PROD-031,1,53.52,49.19
ORD-2025-034216,1,PROD-021,1,15.49,13.94
ORD-2025-034216,2,PROD-026,1,14.65,12.08
ORD-2025-034216,3,PROD-039,3,8.17,21.67
ORD-2025-034217,1,PROD-011,1,14.9,13.13
ORD-2025-034217,2,PROD-032,2,19.72,35.41
ORD-2025-034217,3,PROD-026,1,14.65,13.42
ORD-2025-034218,1,PROD-002,1,11.9,11.51
ORD-2025-034218,2,PROD-039,3,8.17,21.1
ORD-2025-034219,1,PROD-027,1,21.13,20.18
ORD-2025-034220,1,PROD-038,1,7.89,7.68
ORD-2025-034220,2,PROD-024,1,8.73,8.14
ORD-2025-034221,1,PROD-060,1,42.25,39.85
ORD-2025-034222,1,PROD-001,1,12.9,11.63
ORD-2025-034223,1,PROD-027,1,21.13,19.13
ORD-2025-034224,1,PROD-002,2,11.9,22.65
ORD-2025-034224,2,PROD-039,1,8.17,7.98
ORD-2025-034224,3,PROD-041,1,11.83,11.53
ORD-2025-034225,1,PROD-004,1,20.28,13.81
ORD-2025-034226,1,PROD-028,1,17.18,12.07
ORD-2025-034226,2,PROD-037,3,9.86,27.63
ORD-2025-034226,3,PROD-044,1,40.85,28.59
ORD-2025-034227,1,PROD-023,1,7.89,7.48
ORD-2025-034227,2,PROD-030,1,49.3,43.62
ORD-2025-034228,1,PROD-008,1,9.9,9.47
ORD-2025-034228,2,PROD-004,3,20.28,59.39
ORD-2025-034229,1,PROD-005,3,20.28,55.08
ORD-2025-034230,1,PROD-002,2,11.9,22.19
ORD-2025-034230,2,PROD-031,1,53.52,51.05
ORD-2025-034230,3,PROD-008,2,9.9,19.0
ORD-2025-034231,1,PROD-005,1,20.28,18.45
ORD-2025-034232,1,PROD-006,2,32.39,55.36
ORD-2025-034232,2,PROD-007,1,17.18,16.39
ORD-2025-034233,1,PROD-004,1,20.28,19.48
ORD-2025-034234,1,PROD-005,2,20.28,37.27
ORD-2025-034235,1,PROD-008,1,9.9,8.85
ORD-2025-034235,2,PROD-002,1,11.9,11.21
ORD-2025-034236,1,PROD-025,1,21.97,15.56
ORD-2025-034237,1,PROD-007,2,17.18,32.69
ORD-2025-034238,1,PROD-027,1,21.13,18.88
ORD-2025-034238,2,PROD-031,1,53.52,43.81
ORD-2025-034239,1,PROD-007,1,17.18,16.28
ORD-2025-034239,2,PROD-041,1,11.83,9.4
ORD-2025-034239,3,PROD-001,1,12.9,10.06
ORD-2025-034240,1,PROD-035,3,10.14,29.24
ORD-2025-034241,1,PROD-010,2,38.03,70.51
ORD-2025-034242,1,PROD-004,2,20.28,39.61
ORD-2025-034243,1,PROD-002,1,11.9,11.58
ORD-2025-034244,1,PROD-039,1,8.17,7.99
ORD-2025-034244,2,PROD-005,1,20.28,19.85
ORD-2025-034244,3,PROD-007,1,17.18,16.18
ORD-2025-034244,4,PROD-027,2,21.13,40.1
ORD-2025-034245,1,PROD-024,1,8.73,7.71
ORD-2025-034246,1,PROD-002,1,11.9,11.4
ORD-2025-034247,1,PROD-008,1,9.9,9.16
ORD-2025-034248,1,PROD-001,1,12.9,11.94
ORD-2025-034249,1,PROD-006,2,32.39,61.66
ORD-2025-034250,1,PROD-004,1,20.28,18.3
ORD-2025-034250,2,PROD-022,1,9.01,7.32
ORD-2025-034251,1,PROD-041,1,11.83,8.45
ORD-2025-034251,2,PROD-007,1,17.18,15.05
ORD-2025-034252,1,PROD-033,2,52.11,97.35
ORD-2025-034253,1,PROD-011,1,14.9,14.21
ORD-2025-034253,2,PROD-010,2,38.03,74.68
ORD-2025-034254,1,PROD-037,1,9.86,9.23
ORD-2025-034255,1,PROD-005,1,20.28,19.16
 ORD-2025-034255 ,2,PROD-001,2,12.9,23.46
ORD-2025-034256,1,PROD-027,2,21.13,29.09
ORD-2025-034257,1,PROD-020,1,10.14,5.07
ORD-2025-034257,2,PROD-021,1,15.49,13.23
ORD-2025-034258,1,PROD-007,1,17.18,15.13
ORD-2025-034259,1,PROD-021,1,15.49,11.14
ORD-2025-034260,1,PROD-038,1,7.89,7.68
ORD-2025-034261,1,PROD-004,2,20.28,35.81
ORD-2025-034261,2,PROD-003,2,14.37,28.17
ORD-2025-034261,3,PROD-034,3,9.01,23.68
ORD-2025-034261,4,PROD-007,1,17.18,16.42
ORD-2025-034262,1,PROD-019,1,29.58,27.33
ORD-2025-034263,1,PROD-040,1,15.21,13.89
ORD-2025-034263,2,PROD-041,1,11.83,10.61
ORD-2025-034264,1,PROD-032,2,19.72,37.49
ORD-2025-034264,2,PROD-004,1,20.28,19.13
ORD-2025-034265,1,PROD-034,1,9.01,8.51
ORD-2025-034265,2,PROD-016,1,8.9,8.8
ORD-2025-034265,3,PROD-004,1,20.28,17.07
ORD-2025-034265,4,PROD-020,1,10.14,8.35
ORD-2025-034266,1,PROD-042,1,73.24,61.97
ORD-2025-034266,2,PROD-006,2,32.39,59.09
ORD-2025-034267,1,PROD-040,1,15.21,15.0
ORD-2025-034268,1,PROD-001,1,12.9,12.6
ORD-2025-034268,2,PROD-013,2,11.9,23.49
ORD-2025-034268,3,PROD-036,1,11.55,11.25
ORD-2025-034268,4,PROD-002,1,11.9,11.61
ORD-2025-034269,1,PROD-005,1,20.28,19.73
ORD-2025-034270,1,PROD-011,1,14.9,10.9
ORD-2025-034271,1,PROD-036,2,11.55,17.33
ORD-2025-034271,2,PROD-003,2,14.37,23.36
ORD-2025-034271,3,PROD-004,1,20.28,18.13
ORD-2025-034271,4,PROD-005,1,20.28,18.4
ORD-2025-034271,5,PROD-002,1,11.9,10.58
ORD-2025-034272,1,PROD-004,1,20.28,16.93
ORD-2025-034272,2,PROD-034,1,9.01,8.14
ORD-2025-034273,1,PROD-005,2,20.28,32.68
ORD-2025-034273,2,PROD-035,2,10.14,9.13
ORD-2025-034273,3,PROD-034,1,9.01,5.65
ORD-2025-034274,1,PROD-038,1,7.89,7.53
ORD-2025-034274,2,PROD-008,2,9.9,14.7
ORD-2025-034275,1,PROD-006,1,32.39,26.61
ORD-2025-034276,1,PROD-010,1,38.03,35.31
ORD-2025-034277,1,PROD-006,1,32.39,31.86
ORD-2025-034278,1,PROD-008,1,9.9,8.46
ORD-2025-034279,1,PROD-037,1,9.86,9.18
ORD-2025-034279,2,PROD-007,1,17.18,16.36
ORD-2025-034280,1,PROD-001,1,12.9,12.22
ORD-2025-034281,1,PROD-002,1,11.9,11.03
ORD-2025-034281,2,PROD-003,1,14.37,14.18
ORD-2025-034281,3,PROD-004,1,20.28,19.66
ORD-2025-034281,4,PROD-034,1,9.01,8.58
ORD-2025-034282,1,PROD-033,2,52.11,79.68
ORD-2025-034283,1,PROD-004,1,20.28,19.47
ORD-2025-034283,2,PROD-032,1,19.72,16.89
ORD-2025-034284,1,PROD-035,2,10.14,16.39
ORD-2025-034285,1,PROD-010,1,38.03,34.92
ORD-2025-034285,2,PROD-038,1,7.89,7.66
ORD-2025-034286,1,PROD-010,2,38.03,74.79
ORD-2025-034287,1,PROD-005,1,20.28,19.06
ORD-2025-034288,1,PROD-001,2,12.9,25.18
ORD-2025-034289,1,PROD-004,2,20.28,38.75
ORD-2025-034290,1,PROD-005,1,20.28,19.03
ORD-2025-034290,2,PROD-020,1,10.14,9.71
ORD-2025-034290,3,PROD-034,2,9.01,15.6
ORD-2025-034290,4,PROD-036,2,11.55,22.16
ORD-2025-034290,5,PROD-041,1,11.83,11.6
ORD-2025-034291,1,PROD-040,1,15.21,13.65
ORD-2025-034292,1,PROD-002,1,11.9,9.33
ORD-2025-034292,2,PROD-034,2,9.01,15.84
ORD-2025-034293,1,PROD-006,1,32.39,29.14
ORD-2025-034294,1,PROD-001,1,12.9,11.69
ORD-2025-034294,2,PROD-034,1,9.01,7.88
ORD-2025-034294,3,PROD-002,1,11.9,10.37
ORD-2025-034294,4,PROD-008,1,9.9,9.71
ORD-2025-034295,1,PROD-012,1,18.5,16.16
ORD-2025-034295,2,PROD-004,1,20.28,18.91
ORD-2025-034296,1,PROD-060,1,42.25,37.32
ORD-2025-034297,1,PROD-040,1,15.21,13.63
ORD-2025-034298,1,PROD-001,1,12.9,11.88
ORD-2025-034299,1,PROD-008,1,9.9,9.13
ORD-2025-034299,2,PROD-036,1,11.55,11.26
ORD-2025-034300,1,PROD-003,1,14.37,13.51
ORD-2025-034301,1,PROD-005,1,20.28,17.96
ORD-2025-034301,2,PROD-015,1,26.76,23.5
ORD-2025-034302,1,PROD-035,1,10.14,8.94
ORD-2025-034303,1,PROD-001,1,12.9,12.52
ORD-2025-034303,2,PROD-020,1,10.14,9.93
ORD-2025-034303,3,PROD-052,1,46.48,44.86
ORD-2025-034304,1,PROD-015,1,26.76,24.82
ORD-2025-034305,1,PROD-042,1,73.24,56.08
ORD-2025-034306,1,PROD-038,1,7.89,6.99
ORD-2025-034306,2,PROD-036,1,11.55,5.5
ORD-2025-034306,3,PROD-026,1,14.65,10.96
ORD-2025-034307,1,PROD-023,2,7.89,14.11
ORD-2025-034307,2,PROD-012,1,18.5,16.1
ORD-2025-034308,1,PROD-008,2,9.9,18.68
ORD-2025-034309,1,PROD-036,1,11.55,11.22
ORD-2025-034309,2,PROD-007,1,17.18,15.82
ORD-2025-034309,3,PROD-006,1,32.39,31.68
ORD-2025-034310,1,PROD-024,1,8.73,7.84
ORD-2025-034310,2,PROD-039,2,8.17,15.56
ORD-2025-034311,1,PROD-055,1,74.65,43.71
ORD-2025-034312,1,PROD-022,1,9.01,8.22
ORD-2025-034312,2,PROD-041,2,11.83,20.6
ORD-2025-034313,1,PROD-010,1,38.03,31.52
ORD-2025-034313,2,PROD-036,2,11.55,16.68
ORD-2025-034314,1,PROD-008,2,9.9,18.6
ORD-2025-034314,2,PROD-004,1,20.28,18.99
ORD-2025-034314,3,PROD-040,1,15.21,14.75
ORD-2025-034315,1,PROD-005,1,20.28,16.45
ORD-2025-034316,1,PROD-034,1,9.01,7.43
ORD-2025-034316,2,PROD-006,1,32.39,26.73
ORD-2025-034316,3,PROD-001,1,12.9,10.58
ORD-2025-034317,1,PROD-003,2,14.37,26.69
ORD-2025-034317,2,PROD-034,1,9.01,8.26
ORD-2025-034318,1,PROD-041,2,11.83,22.14
ORD-2025-034318,2,PROD-002,2,11.9,22.47
ORD-2025-034318,3,PROD-003,1,14.37,13.75
ORD-2025-034318,4,PROD-004,2,20.28,39.23
ORD-2025-034319,1,PROD-040,2,15.21,28.65
ORD-2025-034319,2,PROD-003,1,14.37,11.64
ORD-2025-034320,1,PROD-021,1,15.49,15.0
ORD-2025-034320,2,PROD-034,2,9.01,15.67
ORD-2025-034321,1,PROD-005,1,20.28,20.06
ORD-2025-034322,1,PROD-038,2,7.89,15.33
ORD-2025-034323,1,PROD-022,2,9.01,16.74
ORD-2025-034324,1,PROD-037,2,9.86,17.61
ORD-2025-034325,1,PROD-037,2,9.86,18.13
ORD-2025-034325,2,PROD-012,1,18.5,14.42
ORD-2025-034326,1,PROD-035,3,10.14,27.48
ORD-2025-034327,1,PROD-007,1,17.18,14.29
ORD-2025-034327,2,PROD-047,1,108.45,105.11
ORD-2025-034328,1,PROD-026,1,14.65,9.53
ORD-2025-034328,2,PROD-028,1,17.18,11.2
ORD-2025-034328,3,PROD-030,1,49.3,43.3
ORD-2025-034329,1,PROD-039,2,8.17,14.7
ORD-2025-034329,2,PROD-034,1,9.01,8.64
ORD-2025-034330,1,PROD-049,1,80.28,42.51
ORD-2025-034330,2,PROD-013,1,11.9,9.49
ORD-2025-034331,1,PROD-026,1,14.65,14.4
ORD-2025-034332,1,PROD-008,1,9.9,8.94
ORD-2025-034332,2,PROD-041,1,11.83,10.7
ORD-2025-034332,3,PROD-051,1,36.06,32.65
ORD-2025-034332,4,PROD-034,2,9.01,16.93
ORD-2025-034333,1,PROD-036,2,11.55,22.62
ORD-2025-034334,1,PROD-014,1,9.9,9.22
ORD-2025-034335,1,PROD-001,1,12.9,8.58
ORD-2025-034335,2,PROD-038,2,7.89,7.1
ORD-2025-034335,3,PROD-034,2,9.01,13.97
ORD-2025-034336,1,PROD-040,2,15.21,28.68
ORD-2025-034337,1,PROD-024,1,8.73,3.93
ORD-2025-034338,1,PROD-039,2,8.17,12.2
ORD-2025-034339,1,PROD-008,1,9.9,8.23
ORD-2025-034340,1,PROD-028,1,17.18,14.26
ORD-2025-034341,1,PROD-030,2,49.3,64.99
ORD-2025-034342,1,PROD-004,2,20.28,37.94
ORD-2025-034342,2,PROD-002,1,11.9,10.56
ORD-2025-034342,3,PROD-040,1,15.21,12.94
ORD-2025-034343,1,PROD-034,1,9.01,8.83
ORD-2025-034344,1,PROD-004,2,20.28,37.09
ORD-2025-034344,2,PROD-031,1,53.52,50.94
ORD-2025-034345,1,PROD-040,1,15.21,12.36
ORD-2025-034346,1,PROD-008,1,9.9,8.54
ORD-2025-034347,1,PROD-006,2,32.39,56.28
ORD-2025-034348,1,PROD-001,1,12.9,12.01
ORD-2025-034349,1,PROD-008,1,9.9,9.71
ORD-2025-034350,1,PROD-007,2,17.18,31.6
ORD-2025-034351,1,PROD-035,3,10.14,23.19
ORD-2025-034352,1,PROD-004,1,20.28,16.06
ORD-2025-034352,2,PROD-001,2,12.9,25.26
ORD-2025-034352,3,PROD-041,1,11.83,10.93
ORD-2025-034353,1,PROD-006,2,32.39,56.91
ORD-2025-034354,1,PROD-028,2,17.18,27.2
ORD-2025-034354,2,PROD-016,2,8.9,14.26
ORD-2025-034354,3,PROD-008,1,9.9,9.75
ORD-2025-034355,1,PROD-040,2,15.21,29.56
ORD-2025-034356,1,PROD-040,1,15.21,14.47
ORD-2025-034357,1,PROD-004,1,20.28,19.51
ORD-2025-034358,1,PROD-004,1,20.28,18.15
ORD-2025-034358,2,PROD-003,1,14.37,13.93
ORD-2025-034359,1,PROD-004,3,20.28,36.41
ORD-2025-034360,1,PROD-036,2,11.55,18.3
ORD-2025-034360,2,PROD-034,2,9.01,11.85
ORD-2025-034360,3,PROD-028,1,17.18,11.18
ORD-2025-034361,1,PROD-005,3,20.28,52.54
ORD-2025-034361,2,PROD-006,2,32.39,62.67
ORD-2025-034362,1,PROD-008,1,9.9,8.6
ORD-2025-034362,2,PROD-055,1,74.65,35.04
ORD-2025-034362,3,PROD-035,1,10.14,8.47
ORD-2025-034363,1,PROD-004,1,20.28,19.49
ORD-2025-034363,2,PROD-048,1,55.77,52.26
ORD-2025-034364,1,PROD-036,1,11.55,10.79
ORD-2025-034364,2,PROD-039,2,8.17,11.34
ORD-2025-034364,3,PROD-011,1,14.9,13.9
ORD-2025-034365,1,PROD-020,1,10.14,8.75
ORD-2025-034366,1,PROD-008,2,9.9,19.39
ORD-2025-034367,1,PROD-022,1,9.01,6.49
ORD-2025-034367,2,PROD-034,2,9.01,14.54
ORD-2025-034367,3,PROD-028,1,17.18,13.55
ORD-2025-034368,1,PROD-006,1,32.39,28.51
ORD-2025-034368,2,PROD-034,1,9.01,6.7
ORD-2025-034369,1,PROD-041,1,11.83,11.64
ORD-2025-034369,2,PROD-001,1,12.9,12.77
ORD-2025-034369,3,PROD-004,2,20.28,37.55
ORD-2025-034370,1,PROD-004,2,20.28,39.93
ORD-2025-034371,1,PROD-036,1,11.55,11.12
ORD-2025-034372,1,PROD-008,3,9.9,27.36
ORD-2025-034372,2,PROD-004,1,20.28,19.9
ORD-2025-034373,1,PROD-001,3,12.9,38.06
ORD-2025-034374,1,PROD-023,1,7.89,7.77
ORD-2025-034374,2,PROD-008,1,9.9,8.79
ORD-2025-034374,3,PROD-037,2,9.86,16.65
ORD-2025-034375,1,PROD-007,1,17.18,16.94
ORD-2025-034375,2,PROD-016,2,8.9,17.64
ORD-2025-034376,1,PROD-033,1,52.11,49.26
ORD-2025-034376,2,PROD-005,2,20.28,30.95
ORD-2025-034377,1,PROD-022,1,9.01,8.68
ORD-2025-034378,1,PROD-035,2,10.14,19.81
ORD-2025-034378,2,PROD-008,1,9.9,9.8
ORD-2025-034379,1,PROD-037,2,9.86,18.3
ORD-2025-034380,1,PROD-004,1,20.28,19.12
ORD-2025-034381,1,PROD-032,1,19.72,18.21
ORD-2025-034381,2,PROD-035,3,10.14,27.52
ORD-2025-034381,3,PROD-022,1,9.01,7.9
ORD-2025-034382,1,PROD-001,1,12.9,12.65
ORD-2025-034382,2,PROD-014,1,9.9,9.56
ORD-2025-034382,3,PROD-011,1,14.9,14.32
ORD-2025-034383,1,PROD-004,1,20.28,19.78
ORD-2025-034383,2,PROD-037,3,9.86,28.15
ORD-2025-034384,1,PROD-036,1,11.55,7.3
ORD-2025-034385,1,PROD-004,2,20.28,38.29
ORD-2025-034385,2,PROD-041,2,11.83,23.17
ORD-2025-034385,3,PROD-037,1,9.86,9.12
ORD-2025-034386,1,PROD-036,1,11.55,10.96
ORD-2025-034387,1,PROD-006,2,32.39,62.48
ORD-2025-034387,2,PROD-036,1,11.55,11.15
ORD-2025-034387,3,PROD-034,2,9.01,17.55
ORD-2025-034388,1,PROD-001,1,12.9,11.99
ORD-2025-034389,1,PROD-008,1,9.9,8.55
ORD-2025-034390,1,PROD-060,1,42.25,39.91
ORD-2025-034391,1,PROD-023,1,7.89,6.29
ORD-2025-034391,2,PROD-026,2,14.65,23.67
ORD-2025-034392,1,PROD-001,2,12.9,24.42
ORD-2025-034392,2,PROD-037,1,9.86,9.67
ORD-2025-034393,1,PROD-011,1,14.9,14.53
ORD-2025-034394,1,PROD-021,1,15.49,15.1
ORD-2025-034395,1,PROD-001,2,12.9,22.38
ORD-2025-034396,1,PROD-001,1,12.9,12.28
ORD-2025-034397,1,PROD-013,2,11.9,22.56
ORD-2025-034398,1,PROD-020,1,10.14,9.88
ORD-2025-034399,1,PROD-019,1,29.58,21.48
ORD-2025-034400,1,PROD-003,2,14.37,27.77
ORD-2025-034400,2,PROD-035,2,10.14,18.96
ORD-2025-034401,1,PROD-030,1,49.3,45.5
ORD-2025-034401,2,PROD-021,1,15.49,14.5
ORD-2025-034402,1,PROD-007,1,17.18,15.81
ORD-2025-034403,1,PROD-035,2,10.14,19.72
ORD-2025-034404,1,PROD-004,1,20.28,19.92
ORD-2025-034405,1,PROD-012,3,18.5,53.27
ORD-2025-034405,2,PROD-039,2,8.17,15.73
ORD-2025-034405,3,PROD-001,2,12.9,25.36
ORD-2025-034406,1,PROD-002,1,11.9,11.58
ORD-2025-034407,1,PROD-005,1,20.28,18.94
ORD-2025-034408,1,PROD-044,1,40.85,38.15
ORD-2025-034408,2,PROD-037,1,9.86,9.0
ORD-2025-034409,1,PROD-048,1,55.77,51.58
ORD-2025-034410,1,PROD-003,3,14.37,28.32
ORD-2025-034411,1,PROD-041,1,11.83,10.38
ORD-2025-034411,2,PROD-020,1,10.14,9.53
ORD-2025-034412,1,PROD-008,2,9.9,14.1
ORD-2025-034412,2,PROD-036,1,11.55,11.14
ORD-2025-034413,1,PROD-004,1,20.28,18.81
ORD-2025-034414,1,PROD-006,1,32.39,24.12
ORD-2025-034415,1,PROD-020,1,10.14,9.85
ORD-2025-034416,1,PROD-003,3,14.37,41.83
ORD-2025-034417,1,PROD-008,1,9.9,9.82
ORD-2025-034418,1,PROD-005,3,20.28,52.88
ORD-2025-034419,1,PROD-002,1,11.9,11.68
ORD-2025-034419,2,PROD-053,1,53.52,53.41
ORD-2025-034420,1,PROD-023,1,7.89,7.18
ORD-2025-034420,2,PROD-039,2,8.17,16.15
ORD-2025-034421,1,PROD-036,2,11.55,22.65
ORD-2025-034422,1,PROD-051,1,36.06,34.38
ORD-2025-034423,1,PROD-020,1,10.14,9.5
ORD-2025-034424,1,PROD-051,1,36.06,33.25
ORD-2025-034425,1,PROD-002,1,11.9,10.24
ORD-2025-034425,2,PROD-035,1,10.14,9.45
ORD-2025-034426,1,PROD-033,1,52.11,50.84
ORD-2025-034426,2,PROD-003,2,14.37,27.08
ORD-2025-034426,3,PROD-051,1,36.06,35.92
ORD-2025-034427,1,PROD-046,1,259.15,219.79
ORD-2025-034427,2,PROD-008,1,9.9,8.97
ORD-2025-034428,1,PROD-030,1,49.3,43.71
ORD-2025-034428,2,PROD-036,1,11.55,11.12
ORD-2025-034429,1,PROD-031,1,53.52,34.87
ORD-2025-034430,1,PROD-008,1,9.9,8.0
ORD-2025-034430,2,PROD-001,1,12.9,11.18
ORD-2025-034430,3,PROD-004,2,20.28,37.38
ORD-2025-034431,1,PROD-040,1,15.21,14.5
ORD-2025-034432,1,PROD-012,2,18.5,34.21
ORD-2025-034433,1,PROD-032,3,19.72,43.8
ORD-2025-034434,1,PROD-004,2,20.28,39.23
ORD-2025-034434,2,PROD-001,2,12.9,25.47
ORD-2025-034435,1,PROD-052,1,46.48,44.72
ORD-2025-034436,1,PROD-010,1,38.03,36.36
ORD-2025-034436,2,PROD-021,2,15.49,29.27
ORD-2025-034436,3,PROD-005,1,20.28,19.69
ORD-2025-034437,1,PROD-008,2,9.9,17.81
ORD-2025-034438,1,PROD-005,1,20.28,19.9
ORD-2025-034438,2,PROD-034,3,9.01,26.96
ORD-2025-034439,1,PROD-015,1,26.76,21.19
ORD-2025-034440,1,PROD-001,1,12.9,11.71
ORD-2025-034441,1,PROD-010,2,38.03,67.37
ORD-2025-034442,1,PROD-005,3,20.28,41.71
ORD-2025-034443,1,PROD-001,3,12.9,37.7
ORD-2025-034443,2,PROD-035,1,10.14,8.41
ORD-2025-034444,1,PROD-023,1,7.89,7.15
ORD-2025-034444,2,PROD-004,1,20.28,19.98
ORD-2025-034445,1,PROD-002,1,11.9,11.3
ORD-2025-034446,1,PROD-002,1,11.9,11.1
ORD-2025-034447,1,PROD-006,2,32.39,44.86
ORD-2025-034448,1,PROD-008,2,9.9,18.83
ORD-2025-034449,1,PROD-008,1,9.9,9.12
ORD-2025-034450,1,PROD-012,2,18.5,35.72
ORD-2025-034450,2,PROD-008,2,9.9,19.43
ORD-2025-034450,3,PROD-002,3,11.9,33.63
ORD-2025-034450,4,PROD-038,1,7.89,7.6
ORD-2025-034451,1,PROD-017,1,12.5,11.64
ORD-2025-034452,1,PROD-002,1,11.9,10.9
ORD-2025-034453,1,PROD-003,2,14.37,27.38
ORD-2025-034454,1,PROD-020,1,10.14,9.33
ORD-2025-034455,1,PROD-002,2,11.9,23.51
ORD-2025-034456,1,PROD-006,1,32.39,31.87
ORD-2025-034456,2,PROD-008,1,9.9,9.51
ORD-2025-034456,3,PROD-010,2,38.03,65.95
ORD-2025-034457,1,PROD-038,3,7.89,22.5
ORD-2025-034457,2,PROD-023,1,7.89,7.18
ORD-2025-034458,1,PROD-033,1,52.11,46.22
ORD-2025-034459,1,PROD-002,2,11.9,23.54
ORD-2025-034460,1,PROD-005,2,20.28,35.21
ORD-2025-034461,1,PROD-005,2,20.28,39.45
ORD-2025-034461,2,PROD-041,1,11.83,10.39
ORD-2025-034462,1,PROD-003,2,14.37,25.93
ORD-2025-034463,1,PROD-001,1,12.9,9.74
ORD-2025-034463,2,PROD-036,1,11.55,9.69
ORD-2025-034463,3,PROD-042,1,73.24,51.88
ORD-2025-034464,1,PROD-032,1,19.72,12.98
ORD-2025-034464,2,PROD-024,1,8.73,8.17
ORD-2025-034465,1,PROD-008,2,9.9,19.42
ORD-2025-034465,2,PROD-001,1,12.9,12.79
ORD-2025-034466,1,PROD-036,1,11.55,10.34
ORD-2025-034467,1,PROD-001,1,12.9,12.55
ORD-2025-034468,1,PROD-008,1,9.9,9.45
ORD-2025-034468,2,PROD-044,1,40.85,36.86
ORD-2025-034469,1,PROD-005,2,20.28,34.67
ORD-2025-034470,1,PROD-001,1,12.9,12.73
ORD-2025-034470,2,PROD-035,1,10.14,10.01
ORD-2025-034471,1,PROD-005,2,20.28,36.37
ORD-2025-034471,2,PROD-034,2,9.01,17.48
ORD-2025-034471,3,PROD-004,3,20.28,58.33
ORD-2025-034472,1,PROD-004,1,20.28,20.02
ORD-2025-034473,1,PROD-004,1,20.28,19.57
ORD-2025-034474,1,PROD-044,1,40.85,35.89
ORD-2025-034474,2,PROD-004,3,20.28,58.48
ORD-2025-034475,1,PROD-024,1,8.73,8.34
ORD-2025-034476,1,PROD-006,2,32.39,63.03
ORD-2025-034476,2,PROD-041,2,11.83,23.49
ORD-2025-034476,3,PROD-028,2,17.18,29.72
ORD-2025-034477,1,PROD-004,2,20.28,39.87
ORD-2025-034477,2,PROD-035,1,10.14,9.58
ORD-2025-034477,3,PROD-005,1,20.28,18.12
ORD-2025-034478,1,PROD-026,1,14.65,14.14
ORD-2025-034478,2,PROD-008,2,9.9,19.31
ORD-2025-034479,1,PROD-003,1,14.37,11.68
ORD-2025-034480,1,PROD-010,1,38.03,33.88
ORD-2025-034481,1,PROD-045,1,72.68,66.18
ORD-2025-034482,1,PROD-027,1,21.13,20.19
ORD-2025-034482,2,PROD-028,1,17.18,8.16
ORD-2025-034483,1,PROD-024,1,8.73,7.21
ORD-2025-034484,1,PROD-003,2,14.37,27.23
ORD-2025-034484,2,PROD-034,2,9.01,17.96
ORD-2025-034485,1,PROD-002,2,11.9,22.38
ORD-2025-034485,2,PROD-007,1,17.18,12.94
ORD-2025-034486,1,PROD-006,3,32.39,80.36
ORD-2025-034486,2,PROD-002,1,11.9,11.15
ORD-2025-034487,1,PROD-004,1,20.28,19.61
ORD-2025-034488,1,PROD-001,1,12.9,11.95
ORD-2025-034489,1,PROD-032,2,19.72,37.33
ORD-2025-034490,1,PROD-016,2,8.9,17.25
ORD-2025-034491,1,PROD-026,2,14.65,28.72
ORD-2025-034491,2,PROD-034,1,9.01,8.77
ORD-2025-034492,1,PROD-001,2,12.9,21.13
ORD-2025-034493,1,PROD-001,1,12.9,12.25
ORD-2025-034493,2,PROD-039,1,8.17,7.36
ORD-2025-034493,3,PROD-005,2,20.28,36.9
ORD-2025-034494,1,PROD-034,1,9.01,8.98
ORD-2025-034494,2,PROD-003,1,14.37,14.16
ORD-2025-034495,1,PROD-008,1,9.9,9.3
ORD-2025-034495,2,PROD-004,2,20.28,36.04
ORD-2025-034495,3,PROD-034,2,9.01,16.25
ORD-2025-034496,1,PROD-006,2,32.39,50.7
ORD-2025-034497,1,PROD-003,1,14.37,13.45
ORD-2025-034497,2,PROD-002,1,11.9,11.28
ORD-2025-034498,1,PROD-002,2,11.9,23.24
ORD-2025-034499,1,PROD-036,2,11.55,19.17
ORD-2025-034500,1,PROD-013,1,11.9,8.51
ORD-2025-034500,2,PROD-028,1,17.18,12.88
ORD-2025-034501,1,PROD-029,1,24.79,23.35
ORD-2025-034501,2,PROD-008,1,9.9,9.68
ORD-2025-034502,1,PROD-014,2,9.9,13.04
ORD-2025-034503,1,PROD-029,1,24.79,21.4
ORD-2025-034504,1,PROD-008,1,9.9,8.5
ORD-2025-034505,1,PROD-029,2,24.79,25.83
ORD-2025-034505,2,PROD-017,1,12.5,8.86
ORD-2025-034506,1,PROD-035,4,10.14,30.64
ORD-2025-034507,1,PROD-035,2,10.14,19.75
ORD-2025-034507,2,PROD-024,1,8.73,7.14
ORD-2025-034507,3,PROD-030,2,49.3,97.01
ORD-2025-034508,1,PROD-008,2,9.9,16.21
ORD-2025-034508,2,PROD-020,1,10.14,9.87
ORD-2025-034509,1,PROD-039,1,8.17,7.64
ORD-2025-034510,1,PROD-008,3,9.9,29.01
ORD-2025-034511,1,PROD-004,1,20.28,20.21
ORD-2025-034512,1,PROD-005,1,20.28,19.46
ORD-2025-034512,2,PROD-010,2,38.03,70.22
ORD-2025-034512,3,PROD-047,1,108.45,99.54
ORD-2025-034512,4,PROD-035,1,10.14,9.79
ORD-2025-034512,5,PROD-032,2,19.72,38.89
ORD-2025-034513,1,PROD-039,3,8.17,23.71
ORD-2025-034514,1,PROD-005,1,20.28,17.12
ORD-2025-034515,1,PROD-027,1,21.13,19.19
ORD-2025-034515,2,PROD-047,1,108.45,105.11
ORD-2025-034516,1,PROD-005,2,20.28,38.61
ORD-2025-034517,1,PROD-005,2,20.28,37.45
ORD-2025-034517,2,PROD-034,1,9.01,8.83
ORD-2025-034518,1,PROD-008,1,9.9,7.65
ORD-2025-034519,1,PROD-010,1,38.03,36.19
ORD-2025-034520,1,PROD-033,1,52.11,49.81
ORD-2025-034521,1,PROD-008,2,9.9,18.58
ORD-2025-034522,1,PROD-001,1,12.9,9.89
ORD-2025-034523,1,PROD-052,1,46.48,46.05
ORD-2025-034523,2,PROD-014,1,9.9,8.96
ORD-2025-034524,1,PROD-052,1,46.48,37.24
ORD-2025-034524,2,PROD-005,1,20.28,20.1
ORD-2025-034525,1,PROD-006,1,32.39,31.75
ORD-2025-034526,1,PROD-052,1,46.48,44.92
ORD-2025-034526,2,PROD-016,1,8.9,8.76
ORD-2025-034527,1,PROD-034,1,9.01,8.46
ORD-2025-034527,2,PROD-007,1,17.18,16.53
ORD-2025-034528,1,PROD-027,1,21.13,17.73
ORD-2025-034528,2,PROD-004,1,20.28,16.07
ORD-2025-034529,1,PROD-035,1,10.14,8.62
ORD-2025-034529,2,PROD-012,2,18.5,35.19
ORD-2025-034529,3,PROD-034,2,9.01,16.3
ORD-2025-034530,1,PROD-054,1,59.15,56.19
ORD-2025-034531,1,PROD-007,1,17.18,13.37
ORD-2025-034532,1,PROD-002,2,11.9,23.53
ORD-2025-034533,1,PROD-008,1,9.9,7.76
ORD-2025-034534,1,PROD-029,2,24.79,43.64
ORD-2025-034535,1,PROD-004,2,20.28,32.63
ORD-2025-034536,1,PROD-050,2,61.97,108.63
ORD-2025-034537,1,PROD-002,2,11.9,22.77
ORD-2025-034537,2,PROD-008,2,9.9,19.5
ORD-2025-034538,1,PROD-031,2,53.52,101.07
ORD-2025-034539,1,PROD-007,2,17.18,31.5
ORD-2025-034540,1,PROD-002,1,11.9,10.95
ORD-2025-034541,1,PROD-016,1,8.9,8.52
ORD-2025-034542,1,PROD-014,1,9.9,8.3
ORD-2025-034543,1,PROD-004,1,20.28,18.48
ORD-2025-034543,2,PROD-021,1,15.49,14.2
ORD-2025-034544,1,PROD-004,1,20.28,18.8
ORD-2025-034545,1,PROD-005,3,20.28,58.98
ORD-2025-034546,1,PROD-005,1,20.28,20.07
ORD-2025-034547,1,PROD-020,2,10.14,17.19
ORD-2025-034548,1,PROD-036,2,11.55,17.34
ORD-2025-034548,2,PROD-017,3,12.5,32.66
ORD-2025-034548,3,PROD-035,4,10.14,38.11
ORD-2025-034548,4,PROD-010,2,38.03,69.69
ORD-2025-034548,5,PROD-014,2,9.9,13.81
ORD-2025-034549,1,PROD-042,1,73.24,64.48
ORD-2025-034549,2,PROD-007,1,17.18,16.67
ORD-2025-034550,1,PROD-026,2,14.65,27.06
ORD-2025-034551,1,PROD-015,2,26.76,47.08
ORD-2025-034552,1,PROD-006,2,32.39,60.61
ORD-2025-034552,2,PROD-001,1,12.9,10.53
ORD-2025-034552,3,PROD-028,2,17.18,20.01
ORD-2025-034553,1,PROD-002,2,11.9,14.48
ORD-2025-034554,1,PROD-060,1,42.25,41.74
ORD-2025-034555,1,PROD-007,1,17.18,15.48
ORD-2025-034556,1,PROD-025,1,21.97,18.93
ORD-2025-034557,1,PROD-002,1,11.9,10.78
ORD-2025-034558,1,PROD-008,1,9.9,8.59
ORD-2025-034559,1,PROD-056,1,101.41,96.96
ORD-2025-034560,1,PROD-023,1,7.89,7.64
ORD-2025-034560,2,PROD-020,1,10.14,9.39
ORD-2025-034561,1,PROD-013,2,11.9,22.02
ORD-2025-034562,1,PROD-005,3,20.28,53.46
ORD-2025-034563,1,PROD-006,1,32.39,30.83
ORD-2025-034563,2,PROD-004,3,20.28,54.58
ORD-2025-034564,1,PROD-039,2,8.17,14.35
ORD-2025-034565,1,PROD-039,4,8.17,23.03
ORD-2025-034566,1,PROD-003,3,14.37,41.61
ORD-2025-034566,2,PROD-034,2,9.01,15.42
ORD-2025-034567,1,PROD-001,2,12.9,22.1
ORD-2025-034568,1,PROD-001,1,12.9,12.34
ORD-2025-034569,1,PROD-020,1,10.14,9.66
ORD-2025-034569,2,PROD-048,1,55.77,50.9
ORD-2025-034570,1,PROD-008,1,9.9,8.9
ORD-2025-034571,1,PROD-022,1,9.01,8.44
ORD-2025-034572,1,PROD-008,1,9.9,9.83
ORD-2025-034573,1,PROD-001,1,12.9,11.27
ORD-2025-034573,2,PROD-013,1,11.9,10.6
ORD-2025-034574,1,PROD-048,1,55.77,51.83
ORD-2025-034575,1,PROD-005,1,20.28,18.8
ORD-2025-034576,1,PROD-004,1,20.28,18.28
ORD-2025-034577,1,PROD-008,1,9.9,9.19
ORD-2025-034578,1,PROD-008,1,9.9,9.37
ORD-2025-034579,1,PROD-016,2,8.9,13.88
ORD-2025-034579,2,PROD-020,1,10.14,9.8
ORD-2025-034580,1,PROD-008,2,9.9,19.15
ORD-2025-034581,1,PROD-026,1,14.65,14.15
ORD-2025-034582,1,PROD-004,2,20.28,39.02
ORD-2025-034583,1,PROD-032,2,19.72,38.78
ORD-2025-034584,1,PROD-034,2,9.01,17.7
ORD-2025-034585,1,PROD-048,1,55.77,51.17
ORD-2025-034586,1,PROD-008,2,9.9,19.38
ORD-2025-034586,2,PROD-044,1,40.85,40.36
ORD-2025-034586,3,PROD-022,2,9.01,17.23
ORD-2025-034587,1,PROD-007,1,17.18,16.17
ORD-2025-034588,1,PROD-029,1,24.79,19.62
ORD-2025-034589,1,PROD-013,1,11.9,7.37
ORD-2025-034590,1,PROD-052,1,46.48,43.78
ORD-2025-034591,1,PROD-007,1,17.18,15.21
ORD-2025-034592,1,PROD-004,2,20.28,40.32
ORD-2025-034593,1,PROD-008,2,9.9,19.18
ORD-2025-034593,2,PROD-010,1,38.03,35.37
ORD-2025-034594,1,PROD-032,2,19.72,33.12
ORD-2025-034594,2,PROD-051,1,36.06,28.97
ORD-2025-034594,3,PROD-034,1,9.01,5.75
ORD-2025-034595,1,PROD-029,2,24.79,46.99
ORD-2025-034596,1,PROD-013,2,11.9,21.97
ORD-2025-034596,2,PROD-032,3,19.72,51.18
ORD-2025-034597,1,PROD-017,1,12.5,11.11
ORD-2025-034597,2,PROD-004,1,20.28,19.55
ORD-2025-034598,1,PROD-030,1,49.3,46.41
ORD-2025-034599,1,PROD-003,1,14.37,13.81
ORD-2025-034600,1,PROD-005,2,20.28,38.73
ORD-2025-034601,1,PROD-001,1,12.9,12.44
ORD-2025-034602,1,PROD-002,1,11.9,11.4
ORD-2025-034603,1,PROD-038,2,7.89,15.23
ORD-2025-034603,2,PROD-011,1,14.9,13.15
ORD-2025-034603,3,PROD-042,1,73.24,70.55
ORD-2025-034603,4,PROD-045,1,72.68,68.95
ORD-2025-034604,1,PROD-002,1,11.9,10.82
ORD-2025-034605,1,PROD-011,1,14.9,14.03
ORD-2025-034605,2,PROD-036,1,11.55,11.13
ORD-2025-034605,3,PROD-001,1,12.9,11.72
ORD-2025-034606,1,PROD-023,1,7.89,7.63
ORD-2025-034606,2,PROD-007,2,17.18,32.51
ORD-2025-034606,3,PROD-024,2,8.73,16.79
ORD-2025-034607,1,PROD-013,2,11.9,21.02
ORD-2025-034608,1,PROD-008,1,9.9,8.25
ORD-2025-034609,1,PROD-012,2,18.5,23.87
ORD-2025-034610,1,PROD-004,2,20.28,35.45
ORD-2025-034610,2,PROD-030,2,49.3,94.47
ORD-2025-034610,3,PROD-005,1,20.28,17.12
ORD-2025-034611,1,PROD-014,3,9.9,25.06
ORD-2025-034611,2,PROD-008,2,9.9,17.88
ORD-2025-034611,3,PROD-001,1,12.9,12.53
ORD-2025-034612,1,PROD-008,2,9.9,13.48
ORD-2025-034612,2,PROD-022,1,9.01,4.05
ORD-2025-034613,1,PROD-038,2,7.89,15.19
ORD-2025-034613,2,PROD-003,1,14.37,11.41
ORD-2025-034613,3,PROD-050,1,61.97,55.07
ORD-2025-034614,1,PROD-034,1,9.01,4.49
ORD-2025-034615,1,PROD-008,1,9.9,9.21
ORD-2025-034616,1,PROD-041,1,11.83,10.74
ORD-2025-034616,2,PROD-036,1,11.55,11.31
ORD-2025-034617,1,PROD-004,1,20.28,18.54
ORD-2025-034618,1,PROD-002,2,11.9,23.72
ORD-2025-034619,1,PROD-006,2,32.39,57.31
ORD-2025-034620,1,PROD-006,2,32.39,58.52
ORD-2025-034620,2,PROD-004,3,20.28,60.38
ORD-2025-034620,3,PROD-034,2,9.01,16.36
ORD-2025-034621,1,PROD-003,1,14.37,13.64
ORD-2025-034622,1,PROD-035,1,10.14,7.33
ORD-2025-034622,2,PROD-005,1,20.28,11.4
ORD-2025-034623,1,PROD-023,1,7.89,6.21
ORD-2025-034623,2,PROD-003,1,14.37,11.32
ORD-2025-034624,1,PROD-036,1,11.55,10.01
ORD-2025-034625,1,PROD-016,2,8.9,16.62
ORD-2025-034626,1,PROD-021,1,15.49,13.88
ORD-2025-034626,2,PROD-030,1,49.3,43.54
ORD-2025-034627,1,PROD-035,2,10.14,19.08
ORD-2025-034628,1,PROD-005,2,20.28,39.09
ORD-2025-034629,1,PROD-005,1,20.28,18.86
ORD-2025-034630,1,PROD-016,2,8.9,15.59
ORD-2025-034630,2,PROD-003,3,14.37,39.24
ORD-2025-034631,1,PROD-005,1,20.28,18.83
ORD-2025-034631,2,PROD-034,1,9.01,7.89
ORD-2025-034631,3,PROD-004,1,20.28,19.12
ORD-2025-034631,4,PROD-011,2,14.9,29.14
ORD-2025-034632,1,PROD-005,1,20.28,20.18
ORD-2025-034633,1,PROD-003,3,14.37,40.99
ORD-2025-034634,1,PROD-007,2,17.18,33.72
ORD-2025-034634,2,PROD-034,1,9.01,8.37
ORD-2025-034634,3,PROD-010,1,38.03,30.68
ORD-2025-034635,1,PROD-059,1,52.11,34.09
ORD-2025-034636,1,PROD-002,2,11.9,23.38
ORD-2025-034636,2,PROD-001,2,12.9,25.56
ORD-2025-034636,3,PROD-042,1,73.24,71.57
ORD-2025-034636,4,PROD-054,1,59.15,58.58
ORD-2025-034637,1,PROD-007,1,17.18,14.59
ORD-2025-034637,2,PROD-039,3,8.17,23.92
ORD-2025-034637,3,PROD-006,1,32.39,30.89
ORD-2025-034638,1,PROD-002,1,11.9,10.53
ORD-2025-034639,1,PROD-008,3,9.9,25.2
ORD-2025-034640,1,PROD-008,1,9.9,9.76
ORD-2025-034641,1,PROD-002,2,11.9,22.52
ORD-2025-034641,2,PROD-036,4,11.55,43.41
ORD-2025-034642,1,PROD-011,1,14.9,14.43
ORD-2025-034642,2,PROD-004,1,20.28,19.62
ORD-2025-034643,1,PROD-007,2,17.18,29.87
ORD-2025-034644,1,PROD-016,1,8.9,8.82
ORD-2025-034645,1,PROD-034,2,9.01,17.37
ORD-2025-034646,1,PROD-001,2,12.9,24.52
ORD-2025-034647,1,PROD-032,1,19.72,14.58
ORD-2025-034648,1,PROD-024,1,8.73,8.22
ORD-2025-034648,2,PROD-005,2,20.28,36.11
ORD-2025-034648,3,PROD-041,2,11.83,20.85
ORD-2025-034649,1,PROD-032,1,19.72,19.57
ORD-2025-034650,1,PROD-008,1,9.9,9.38
ORD-2025-034650,2,PROD-003,2,14.37,26.41
ORD-2025-034650,3,PROD-034,1,9.01,7.27
ORD-2025-034651,1,PROD-032,1,19.72,17.54
ORD-2025-034652,1,PROD-004,2,20.28,37.31
ORD-2025-034652,2,PROD-003,3,14.37,34.76
ORD-2025-034653,1,PROD-010,1,38.03,32.93
ORD-2025-034653,2,PROD-008,1,9.9,9.4
ORD-2025-034654,1,PROD-046,1,259.15,236.76
ORD-2025-034655,1,PROD-001,2,12.9,24.63
ORD-2025-034656,1,PROD-007,1,17.18,16.94
ORD-2025-034657,1,PROD-029,1,24.79,23.28
ORD-2025-034657,2,PROD-022,2,9.01,16.38
ORD-2025-034657,3,PROD-038,1,7.89,7.78
ORD-2025-034658,1,PROD-038,1,7.89,7.71
ORD-2025-034658,2,PROD-005,1,20.28,19.39
ORD-2025-034659,1,PROD-027,2,21.13,35.11
ORD-2025-034660,1,PROD-008,2,9.9,18.41
ORD-2025-034661,1,PROD-005,2,20.28,29.43
ORD-2025-034661,2,PROD-054,1,59.15,55.92
ORD-2025-034661,3,PROD-031,1,53.52,37.65
ORD-2025-034662,1,PROD-039,4,8.17,26.03
ORD-2025-034663,1,PROD-017,2,12.5,19.48
ORD-2025-034663,2,PROD-008,1,9.9,8.96
ORD-2025-034663,3,PROD-005,2,20.28,33.23
ORD-2025-034664,1,PROD-002,1,11.9,8.92
ORD-2025-034665,1,PROD-002,1,11.9,7.59
ORD-2025-034665,2,PROD-006,1,32.39,23.79
