OrderID,LineNumber,ProductID,Quantity,UnitPrice,LineNetAmount
ORD-2023-031046,1,PROD-005,1,20.28,18.41
ORD-2023-031046,2,PROD-058,1,39.44,33.48
ORD-2023-031046,3,PROD-035,1,10.14,9.67
ORD-2023-031046,4,PROD-050,1,61.97,58.49
ORD-2023-031047,1,PROD-021,1,15.49,6.97
ORD-2023-031047,2,PROD-042,1,73.24,34.09
ORD-2023-031048,1,PROD-027,1,21.13,18.9
ORD-2023-031049,1,PROD-050,1,61.97,60.17
ORD-2023-031050,1,PROD-036,1,11.55,10.97
ORD-2023-031051,1,PROD-010,1,38.03,35.92
ORD-2023-031052,1,PROD-052,1,46.48,39.6
ORD-2023-031052,2,PROD-037,1,9.86,9.42
ORD-2023-031052,3,PROD-038,3,7.89,23.0
ORD-2023-031053,1,PROD-041,1,11.83,9.93
ORD-2023-031054,1,PROD-010,2,38.03,34.23
ORD-2023-031055,1,PROD-037,1,9.86,9.38
ORD-2023-031056,1,PROD-023,1,7.89,7.58
ORD-2023-031057,1,PROD-006,1,32.39,19.24
ORD-2023-031058,1,PROD-015,2,26.76,24.08
ORD-2023-031059,1,PROD-030,2,49.3,88.9
ORD-2023-031059,2,PROD-041,3,11.83,31.88
ORD-2023-031060,1,PROD-030,1,49.3,48.81
ORD-2023-031061,1,PROD-038,3,7.89,17.93
ORD-2023-031061,2,PROD-035,1,10.14,4.56
ORD-2023-031062,1,PROD-041,1,11.83,11.13
ORD-2023-031063,1,PROD-026,1,14.65,13.35
ORD-2023-031063,2,PROD-003,1,14.37,12.98
ORD-2023-031063,3,PROD-032,1,19.72,16.34
ORD-2023-031064,1,PROD-023,1,7.89,7.81
ORD-2023-031065,1,PROD-029,2,24.79,32.7
ORD-2023-031066,1,PROD-004,1,20.28,15.99
ORD-2023-031066,2,PROD-028,1,17.18,13.18
ORD-2023-031067,1,PROD-029,1,24.79,23.2
ORD-2023-031068,1,PROD-007,3,17.18,43.22
ORD-2023-031069,1,PROD-004,2,20.28,18.49
ORD-2023-031070,1,PROD-042,1,73.24,68.66
ORD-2023-031070,2,PROD-003,1,14.37,13.47
ORD-2023-031071,1,PROD-004,1,20.28,19.92
ORD-2023-031072,1,PROD-010,2,38.03,57.97
ORD-2023-031073,1,PROD-041,3,11.83,25.44
ORD-2023-031074,1,PROD-023,2,7.89,13.51
ORD-2023-031074,2,PROD-039,2,8.17,15.43
ORD-2023-031074,3,PROD-001,2,12.9,20.28
ORD-2023-031075,1,PROD-005,2,20.28,38.71
ORD-2023-031075,2,PROD-024,1,8.73,8.46
ORD-2023-031075,3,PROD-049,1,80.28,75.15
ORD-2023-031075,4,PROD-053,2,53.52,101.02
ORD-2023-031076,1,PROD-036,1,11.55,9.17
ORD-2023-031077,1,PROD-055,1,74.65,69.41
ORD-2023-031077,2,PROD-006,1,32.39,31.69
ORD-2023-031077,3,PROD-002,2,11.9,22.56
ORD-2023-031078,1,PROD-022,1,9.01,7.38
ORD-2023-031078,2,PROD-026,1,14.65,11.17
ORD-2023-031079,1,PROD-004,1,20.28,9.13
ORD-2023-031080,1,PROD-002,1,11.9,5.35
ORD-2023-031081,1,PROD-039,1,8.17,6.34
ORD-2023-031082,1,PROD-008,1,9.9,9.77
ORD-2023-031082,2,PROD-010,3,38.03,113.17
ORD-2023-031083,1,PROD-042,1,73.24,63.05
ORD-2023-031084,1,PROD-002,2,11.9,19.46
ORD-2023-031085,1,PROD-014,1,9.9,9.57
ORD-2023-031085,2,PROD-009,1,61.97,60.69
ORD-2023-031085,3,PROD-004,1,20.28,20.15
ORD-2023-031086,1,PROD-050,1,61.97,54.61
ORD-2023-031086,2,PROD-010,1,38.03,27.15
ORD-2023-031087,1,PROD-006,3,32.39,74.59
ORD-2023-031087,2,PROD-040,2,15.21,24.85
ORD-2023-031088,1,PROD-026,2,14.65,26.47
ORD-2023-031089,1,PROD-013,2,11.9,11.64
ORD-2023-031090,1,PROD-052,1,46.48,41.73
ORD-2023-031091,1,PROD-041,1,11.83,8.62
ORD-2023-031092,1,PROD-034,2,9.01,16.08
ORD-2023-031093,1,PROD-023,1,7.89,6.17
ORD-2023-031094,1,PROD-008,1,9.9,9.63
ORD-2023-031095,1,PROD-001,1,12.9,11.76
ORD-2023-031096,1,PROD-013,1,11.9,10.72
ORD-2023-031097,1,PROD-007,1,17.18,15.48
ORD-2023-031098,1,PROD-059,1,52.11,49.56
ORD-2023-031099,1,PROD-002,2,11.9,19.02
ORD-2023-031099,2,PROD-004,1,20.28,16.6
ORD-2023-031100,1,PROD-005,1,20.28,15.57
ORD-2023-031101,1,PROD-039,1,8.17,5.15
ORD-2023-031102,1,PROD-056,1,101.41,89.18
ORD-2023-031103,1,PROD-029,1,24.79,16.31
ORD-2023-031103,2,PROD-005,2,20.28,35.29
ORD-2023-031104,1,PROD-048,1,55.77,54.28
ORD-2023-031105,1,PROD-023,1,7.89,3.61
ORD-2023-031106,1,PROD-001,3,12.9,36.42
ORD-2023-031106,2,PROD-010,2,38.03,60.78
ORD-2023-031107,1,PROD-049,1,80.28,76.46
ORD-2023-031107,2,PROD-006,2,32.39,52.04
ORD-2023-031108,1,PROD-010,1,38.03,28.62
ORD-2023-031108,2,PROD-001,2,12.9,24.93
ORD-2023-031109,1,PROD-005,3,20.28,59.85
ORD-2023-031110,1,PROD-036,1,11.55,10.19
ORD-2023-031110,2,PROD-024,1,8.73,7.77
ORD-2023-031110,3,PROD-004,2,20.28,38.67
ORD-2023-031111,1,PROD-030,1,49.3,41.07
ORD-2023-031112,1,PROD-002,3,11.9,35.35
ORD-2023-031112,2,PROD-041,3,11.83,34.92
ORD-2023-031113,1,PROD-001,1,12.9,7.92
ORD-2023-031113,2,PROD-038,1,7.89,5.64
ORD-2023-031113,3,PROD-051,1,36.06,34.57
ORD-2023-031114,1,PROD-023,2,7.89,13.34
ORD-2023-031115,1,PROD-042,1,73.24,71.26
ORD-2023-031116,1,PROD-023,1,7.89,5.97
ORD-2023-031117,1,PROD-015,1,26.76,17.4
ORD-2023-031117,2,PROD-032,1,19.72,14.05
ORD-2023-031118,1,PROD-023,2,7.89,11.86
ORD-2023-031119,1,PROD-023,1,7.89,6.19
ORD-2023-031119,2,PROD-022,2,9.01,16.21
ORD-2023-031120,1,PROD-040,2,15.21,24.8
ORD-2023-031121,1,PROD-006,1,32.39,23.75
ORD-2023-031122,1,PROD-030,1,49.3,32.84
ORD-2023-031123,1,PROD-025,1,21.97,21.45
ORD-2023-031124,1,PROD-019,1,29.58,
ORD-2023-031124,2,PROD-054,1,59.15,54.82
ORD-2023-031125,1,PROD-042,1,73.24,66.22
ORD-2023-031125,2,PROD-034,2,9.01,16.03
ORD-2023-031125,3,PROD-039,1,8.17,7.98
ORD-2023-031126,1,PROD-041,1,11.83,8.42
ORD-2023-031126,2,PROD-024,1,8.73,4.93
ORD-2023-031127,1,PROD-040,1,15.21,12.26
ORD-2023-031127,2,PROD-016,1,8.9,4.68
ORD-2023-031127,3,PROD-041,2,11.83,10.9
ORD-2023-031128,1,PROD-001,3,12.9,34.12
ORD-2023-031129,1,PROD-002,2,11.9,23.18
ORD-2023-031130,1,PROD-003,1,14.37,13.56
ORD-2023-031130,2,PROD-004,2,20.28,40.17
ORD-2023-031131,1,PROD-010,2,38.03,34.23
ORD-2023-031132,1,PROD-035,2,10.14,13.05
ORD-2023-031132,2,PROD-046,1,259.15,224.79
ORD-2023-031133,1,PROD-042,3,73.24,182.76
ORD-2023-031133,2,PROD-002,3,11.9,19.88
ORD-2023-031134,1,PROD-006,1,32.39,26.74
ORD-2023-031134,2,PROD-041,3,11.83,29.98
ORD-2023-031134,3,PROD-001,1,12.9,10.11
ORD-2023-031135,1,PROD-008,1,9.9,7.86
ORD-2023-031136,1,PROD-006,1,32.39,27.22
ORD-2023-031136,2,PROD-035,2,10.14,19.38
ORD-2023-031137,1,PROD-004,3,20.28,28.23
ORD-2023-031138,1,PROD-029,1,24.79,17.28
ORD-2023-031139,1,PROD-054,1,59.15,54.04
ORD-2023-031139,2,PROD-003,2,14.37,26.6
ORD-2023-031140,1,PROD-030,1,49.3,37.26
ORD-2023-031140,2,PROD-022,1,9.01,8.22
ORD-2023-031141,1,PROD-004,1,20.28,13.75
ORD-2023-031142,1,PROD-054,1,59.15,33.56
ORD-2023-031143,1,PROD-051,1,36.06,34.04
ORD-2023-031144,1,PROD-040,1,15.21,12.69
ORD-2023-031145,1,PROD-001,2,12.9,24.81
ORD-2023-031145,2,PROD-005,1,20.28,18.59
ORD-2023-031146,1,PROD-016,1,8.9,4.0
ORD-2023-031147,1,PROD-045,1,72.68,62.71
ORD-2023-031147,2,PROD-030,1,49.3,22.29
ORD-2023-031148,1,PROD-034,1,9.01,8.18
ORD-2023-031149,1,PROD-023,1,7.89,4.54
ORD-2023-031150,1,PROD-004,1,20.28,19.09
ORD-2023-031150,2,PROD-034,1,9.01,7.96
ORD-2023-031150,3,PROD-047,1,108.45,100.25
ORD-2023-031151,1,PROD-001,1,12.9,11.85
ORD-2023-031152,1,PROD-035,2,10.14,10.72
ORD-2023-031152,2,PROD-049,1,80.28,57.43
ORD-2023-031153,1,PROD-056,1,101.41,87.81
ORD-2023-031154,1,PROD-015,2,26.76,53.29
ORD-2023-031155,1,PROD-047,1,108.45,101.66
ORD-2023-031155,2,PROD-002,1,11.9,8.16
ORD-2023-031156,1,PROD-035,1,10.14,9.63
ORD-2023-031157,1,PROD-017,1,12.5,8.49
ORD-2023-031157,2,PROD-037,2,9.86,14.48
ORD-2023-031158,1,PROD-006,1,32.39,27.8
ORD-2023-031159,1,PROD-022,2,9.01,16.38
ORD-2023-031160,1,PROD-015,1,26.76,15.6
ORD-2023-031161,1,PROD-014,2,9.9,15.0
ORD-2023-031162,1,PROD-010,2,38.03,66.74
ORD-2023-031163,1,PROD-054,1,59.15,26.62
ORD-2023-031164,1,PROD-003,2,14.37,26.92
ORD-2023-031165,1,PROD-005,1,20.28,17.38
ORD-2023-031166,1,PROD-032,1,19.72,17.25
ORD-2023-031166,2,PROD-006,2,32.39,56.18
ORD-2023-031166,3,PROD-036,1,11.55,10.88
ORD-2023-031167,1,PROD-042,1,73.24,55.49
ORD-2023-031168,1,PROD-014,1,9.9,5.31
ORD-2023-031169,1,PROD-040,2,15.21,13.69
ORD-2023-031170,1,PROD-041,1,11.83,10.06
ORD-2023-031170,2,PROD-010,1,38.03,35.71
ORD-2023-031171,1,PROD-040,2,15.21,16.72
ORD-2023-031172,1,PROD-005,1,20.28,20.04
ORD-2023-031172,2,PROD-004,2,20.28,39.74
ORD-2023-031172,3,PROD-006,2,32.39,50.59
ORD-2023-031173,1,PROD-032,1,19.72,15.95
ORD-2023-031174,1,PROD-010,1,38.03,36.88
ORD-2023-031175,1,PROD-030,2,49.3,48.83
ORD-2023-031176,1,PROD-002,1,11.9,9.97
ORD-2023-031177,1,PROD-027,1,21.13,9.51
ORD-2023-031177,2,PROD-046,1,259.15,232.25
ORD-2023-031178,1,PROD-022,1,9.01,7.81
ORD-2023-031179,1,PROD-003,1,14.37,12.65
ORD-2023-031179,2,PROD-005,3,20.28,57.66
ORD-2023-031180,1,PROD-007,2,17.18,22.02
ORD-2023-031180,2,PROD-010,3,38.03,102.21
ORD-2023-031181,1,PROD-041,1,11.83,9.78
ORD-2023-031182,1,PROD-027,2,21.13,19.02
ORD-2023-031182,2,PROD-056,1,101.41,56.71
ORD-2023-031183,1,PROD-005,2,20.28,39.68
ORD-2023-031183,2,PROD-048,1,55.77,54.42
ORD-2023-031184,1,PROD-030,2,49.3,86.74
ORD-2023-031184,2,PROD-028,1,17.18,10.26
ORD-2023-031185,1,PROD-008,1,9.9,7.22
ORD-2023-031185,2,PROD-030,1,49.3,34.02
ORD-2023-031186,1,PROD-004,1,20.28,10.89
ORD-2023-031186,2,PROD-007,1,17.18,14.39
ORD-2023-031186,3,PROD-021,1,15.49,15.45
ORD-2023-031187,1,PROD-042,1,73.24,52.66
ORD-2023-031187,2,PROD-008,2,9.9,17.28
ORD-2023-031187,3,PROD-034,1,9.01,8.17
ORD-2023-031188,1,PROD-042,2,73.24,66.36
ORD-2023-031188,2,PROD-008,1,9.9,7.25
ORD-2023-031188,3,PROD-006,1,32.39,17.99
ORD-2023-031189,1,PROD-001,2,12.9,21.3
ORD-2023-031190,1,PROD-030,1,49.3,45.19
ORD-2023-031191,1,PROD-049,1,80.28,76.95
ORD-2023-031192,1,PROD-002,1,11.9,5.35
ORD-2023-031192,2,PROD-026,1,14.65,8.51
ORD-2023-031193,1,PROD-002,1,11.9,10.95
ORD-2023-031193,2,PROD-031,1,53.52,45.79
ORD-2023-031193,3,PROD-034,2,9.01,15.76
ORD-2023-031194,1,PROD-035,3,10.14,28.31
ORD-2023-031195,1,PROD-008,1,9.9,8.62
ORD-2023-031196,1,PROD-003,2,14.37,28.44
ORD-2023-031197,1,PROD-005,2,20.28,30.8
ORD-2023-031197,2,PROD-033,1,52.11,47.5
ORD-2023-031197,3,PROD-040,3,15.21,37.76
ORD-2023-031198,1,PROD-002,1,11.9,9.7
ORD-2023-031198,2,PROD-001,1,12.9,7.34
ORD-2023-031199,1,PROD-004,1,20.28,19.51
ORD-2023-031200,1,PROD-049,1,80.28,72.48
ORD-2023-031201,1,PROD-035,1,10.14,6.51
ORD-2023-031201,2,PROD-049,1,80.28,67.1
ORD-2023-031202,1,PROD-002,2,11.9,21.6
ORD-2023-031202,2,PROD-006,2,32.39,52.25
ORD-2023-031202,3,PROD-003,1,14.37,13.47
ORD-2023-031203,1,PROD-004,3,20.28,58.54
ORD-2023-031204,1,PROD-040,2,15.21,28.15
ORD-2023-031205,1,PROD-033,1,52.11,23.45
ORD-2023-031206,1,PROD-003,2,14.37,22.93
ORD-2023-031207,1,PROD-042,2,73.24,108.35
ORD-2023-031207,2,PROD-041,1,11.83,6.57
ORD-2023-031208,1,PROD-005,1,20.28,13.04
ORD-2023-031208,2,PROD-004,2,20.28,32.08
ORD-2023-031208,3,PROD-038,1,7.89,7.13
ORD-2023-031209,1,PROD-015,1,26.76,17.74
ORD-2023-031210,1,PROD-049,1,80.28,62.31
ORD-2023-031211,1,PROD-008,1,9.9,9.22
ORD-2023-031212,1,PROD-021,1,15.49,15.05
ORD-2023-031212,2,PROD-049,1,80.28,75.41
ORD-2023-031212,3,PROD-028,2,17.18,31.55
ORD-2023-031213,1,PROD-019,2,29.58,26.62
ORD-2023-031214,1,PROD-028,2,17.18,33.92
ORD-2023-031214,2,PROD-024,1,8.73,8.67
ORD-2023-031214,3,PROD-010,2,38.03,74.18
ORD-2023-031215,1,PROD-044,1,40.85,33.01
ORD-2023-031215,2,PROD-040,1,15.21,13.34
ORD-2023-031216,1,PROD-048,1,55.77,50.02
ORD-2023-031216,2,PROD-031,1,53.52,27.21
ORD-2023-031217,1,PROD-058,1,39.44,23.98
ORD-2023-031218,1,PROD-002,1,11.9,9.4
ORD-2023-031219,1,PROD-014,2,9.9,13.7
ORD-2023-031219,2,PROD-058,1,39.44,24.09
ORD-2023-031220,1,PROD-002,2,11.9,17.16
ORD-2023-031221,1,PROD-010,2,38.03,59.47
ORD-2023-031221,2,PROD-001,1,12.9,9.1
ORD-2023-031222,1,PROD-010,1,38.03,37.73
ORD-2023-031223,1,PROD-006,1,32.39,29.62
ORD-2023-031223,2,PROD-044,1,40.85,37.93
ORD-2023-031224,1,PROD-002,1,11.9,11.78
ORD-2023-031225,1,PROD-042,4,73.24,131.83
ORD-2023-031225,2,PROD-030,1,49.3,47.19
ORD-2023-031226,1,PROD-032,1,19.72,15.4
ORD-2023-031226,2,PROD-020,2,10.14,16.81
ORD-2023-031227,1,PROD-023,2,7.89,8.89
ORD-2023-031228,1,PROD-016,1,8.9,8.13
ORD-2023-031228,2,PROD-010,2,38.03,72.87
ORD-2023-031228,3,PROD-037,2,9.86,15.36
ORD-2023-031228,4,PROD-020,1,10.14,9.54
ORD-2023-031229,1,PROD-036,1,11.55,11.05
ORD-2023-031230,1,PROD-009,2,61.97,110.98
ORD-2023-031230,2,PROD-017,1,12.5,11.92
ORD-2023-031230,3,PROD-007,2,17.18,33.99
ORD-2023-031231,1,PROD-001,2,12.9,18.14
ORD-2023-031231,2,PROD-034,1,9.01,7.19
ORD-2023-031232,1,PROD-040,2,15.21,20.67
ORD-2023-031232,2,PROD-005,1,20.28,17.82
ORD-2023-031232,3,PROD-003,2,14.37,22.82
ORD-2023-031233,1,PROD-006,1,32.39,29.98
ORD-2023-031234,1,PROD-010,1,38.03,37.19
ORD-2023-031235,1,PROD-033,2,52.11,73.31
ORD-2023-031236,1,PROD-010,1,38.03,19.75
ORD-2023-031237,1,PROD-005,3,20.28,56.82
ORD-2023-031238,1,PROD-003,1,14.37,13.46
ORD-2023-031239,1,PROD-001,1,12.9,11.47
ORD-2023-031240,1,PROD-039,1,8.17,7.66
ORD-2023-031241,1,PROD-030,2,49.3,88.22
ORD-2023-031241,2,PROD-024,1,8.73,7.91
ORD-2023-031242,1,PROD-010,1,38.03,37.32
ORD-2023-031243,1,PROD-005,1,20.28,19.65
ORD-2023-031244,1,PROD-006,1,32.39,25.79
ORD-2023-031244,2,PROD-032,1,19.72,15.87
ORD-2023-031245,1,PROD-058,1,39.44,27.01
ORD-2023-031246,1,PROD-001,1,12.9,11.75
ORD-2023-031247,1,PROD-002,2,11.9,17.97
ORD-2023-031248,1,PROD-054,1,59.15,44.63
ORD-2023-031249,1,PROD-038,3,7.89,19.59
ORD-2023-031249,2,PROD-036,2,11.55,20.8
ORD-2023-031249,3,PROD-006,1,32.39,28.3
ORD-2023-031250,1,PROD-004,1,20.28,9.13
ORD-2023-031250,2,PROD-037,2,9.86,14.39
ORD-2023-031251,1,PROD-011,1,14.9,13.31
ORD-2023-031252,1,PROD-006,1,32.39,27.99
ORD-2023-031252,2,PROD-002,1,11.9,9.55
ORD-2023-031253,1,PROD-005,1,20.28,10.33
ORD-2023-031253,2,PROD-024,1,8.73,6.9
ORD-2023-031254,1,PROD-002,1,11.9,6.03
ORD-2023-031255,1,PROD-004,2,20.28,39.42
ORD-2023-031255,2,PROD-044,1,40.85,40.2
ORD-2023-031255,3,PROD-010,1,38.03,33.48
ORD-2023-031256,1,PROD-051,1,36.06,27.8
ORD-2023-031256,2,PROD-014,2,9.9,14.25
ORD-2023-031257,1,PROD-019,2,29.58,58.42
ORD-2023-031258,1,PROD-004,1,20.28,10.73
ORD-2023-031258,2,PROD-041,2,11.83,16.92
ORD-2023-031259,1,PROD-027,1,21.13,18.71
ORD-2023-031260,1,PROD-034,3,9.01,26.32
ORD-2023-031261,1,PROD-051,1,36.06,24.99
ORD-2023-031261,2,PROD-037,2,9.86,14.46
ORD-2023-031262,1,PROD-031,1,53.52,51.65
ORD-2023-031262,2,PROD-054,1,59.15,58.22
ORD-2023-031263,1,PROD-047,1,108.45,105.7
ORD-2023-031264,1,PROD-005,2,20.28,32.31
ORD-2023-031265,1,PROD-008,1,9.9,9.18
ORD-2023-031265,2,PROD-005,1,20.28,19.51
ORD-2023-031266,1,PROD-006,2,32.39,46.51
ORD-2023-031267,1,PROD-052,1,46.48,37.2
ORD-2023-031268,1,PROD-019,2,29.58,52.83
ORD-2023-031268,2,PROD-005,1,20.28,19.35
ORD-2023-031269,1,PROD-054,1,59.15,58.87
ORD-2023-031270,1,PROD-031,1,53.52,24.08
ORD-2023-031270,2,PROD-022,1,9.01,7.14
ORD-2023-031271,1,PROD-054,1,59.15,45.93
ORD-2023-031272,1,PROD-031,1,53.52,46.82
ORD-2023-031272,2,PROD-004,1,20.28,17.83
ORD-2023-031272,3,PROD-039,2,8.17,13.0
ORD-2023-031273,1,PROD-036,1,11.55,10.9
ORD-2023-031273,2,PROD-007,1,17.18,16.68
ORD-2023-031274,1,PROD-016,1,8.9,5.23
ORD-2023-031274,2,PROD-033,1,52.11,30.23
ORD-2023-031275,1,PROD-024,1,8.73,8.39
ORD-2023-031276,1,PROD-031,1,53.52,29.08
ORD-2023-031276,2,PROD-036,2,11.55,22.12
ORD-2023-031277,1,PROD-043,1,107.04,92.27
ORD-2023-031278,1,PROD-046,1,259.15,176.46
ORD-2023-031279,1,PROD-032,1,19.72,13.35
ORD-2023-031279,2,PROD-020,1,10.14,8.07
ORD-2023-031280,1,PROD-008,2,9.9,18.0
ORD-2023-031281,1,PROD-036,3,11.55,34.07
ORD-2023-031282,1,PROD-026,2,14.65,16.37
ORD-2023-031282,2,PROD-006,3,32.39,67.98
ORD-2023-031283,1,PROD-002,1,11.9,9.65
ORD-2023-031283,2,PROD-001,1,12.9,10.99
ORD-2023-031284,1,PROD-001,2,12.9,21.84
ORD-2023-031285,1,PROD-050,1,61.97,57.05
ORD-2023-031286,1,PROD-017,1,12.5,11.68
ORD-2023-031287,1,PROD-035,1,10.14,9.86
ORD-2023-031288,1,PROD-030,1,49.3,33.29
ORD-2023-031289,1,PROD-013,1,11.9,10.32
ORD-2023-031290,1,PROD-036,1,11.55,7.61
ORD-2023-031290,2,PROD-010,1,38.03,23.96
ORD-2023-031291,1,PROD-058,1,39.44,23.06
ORD-2023-031292,1,PROD-041,3,11.83,30.13
ORD-2023-031292,2,PROD-032,2,19.72,34.42
ORD-2023-031293,1,PROD-029,1,24.79,11.16
ORD-2023-031294,1,PROD-038,1,7.89,6.26
ORD-2023-031294,2,PROD-016,1,8.9,6.51
ORD-2023-031295,1,PROD-019,3,29.58,73.65
ORD-2023-031295,2,PROD-035,2,10.14,17.27
ORD-2023-031295,3,PROD-043,1,107.04,101.22
ORD-2023-031296,1,PROD-005,1,20.28,16.08
ORD-2023-031297,1,PROD-007,2,17.18,25.74
ORD-2023-031298,1,PROD-058,1,39.44,26.6
ORD-2023-031299,1,PROD-022,2,9.01,13.31
ORD-2023-031299,2,PROD-035,3,10.14,23.6
ORD-2023-031300,1,PROD-056,1,101.41,58.41
ORD-2023-031301,1,PROD-011,3,14.9,31.64
ORD-2023-031302,1,PROD-004,1,20.28,19.83
ORD-2023-031302,2,PROD-019,2,29.58,54.84
ORD-2023-031303,1,PROD-055,1,74.65,33.59
ORD-2023-031304,1,PROD-006,3,32.39,90.94
ORD-2023-031305,1,PROD-050,1,61.97,55.74
ORD-2023-031306,1,PROD-056,1,101.41,68.96
ORD-2023-031307,1,PROD-049,1,80.28,73.08
ORD-2023-031308,1,PROD-031,1,53.52,51.14
ORD-2023-031309,1,PROD-039,1,8.17,7.23
ORD-2023-031310,1,PROD-037,4,9.86,33.92
ORD-2023-031311,1,PROD-003,1,14.37,10.73
ORD-2023-031311,2,PROD-002,1,11.9,10.17
ORD-2023-031312,1,PROD-041,1,11.83,7.98
ORD-2023-031313,1,PROD-012,1,18.5,15.78
ORD-2023-031313,2,PROD-042,2,73.24,100.65
ORD-2023-031314,1,PROD-003,1,14.37,13.88
ORD-2023-031314,2,PROD-034,1,9.01,8.0
ORD-2023-031315,1,PROD-056,1,101.41,54.74
ORD-2023-031316,1,PROD-022,1,9.01,7.42
ORD-2023-031317,1,PROD-005,1,20.28,18.82
ORD-2023-031318,1,PROD-055,1,74.65,48.41
ORD-2023-031318,2,PROD-028,1,17.18,16.57
ORD-2023-031319,1,PROD-026,1,14.65,11.44
ORD-2023-031320,1,PROD-027,1,21.13,20.68
ORD-2023-031321,1,PROD-006,1,32.39,26.25
ORD-2023-031322,1,PROD-009,2,61.97,115.97
ORD-2023-031323,1,PROD-004,1,20.28,20.06
ORD-2023-031323,2,PROD-027,1,21.13,20.97
ORD-2023-031324,1,PROD-007,2,17.18,32.86
ORD-2023-031324,2,PROD-028,1,17.18,15.01
ORD-2023-031325,1,PROD-031,1,53.52,30.71
ORD-2023-031325,2,PROD-052,1,46.48,20.92
ORD-2023-031326,1,PROD-027,1,21.13,20.8
ORD-2023-031327,1,PROD-030,1,49.3,45.04
ORD-2023-031328,1,PROD-030,1,49.3,46.06
ORD-2023-031329,1,PROD-010,2,38.03,58.09
ORD-2023-031329,2,PROD-041,2,11.83,18.43
ORD-2023-031330,1,PROD-004,2,20.28,18.25
ORD-2023-031330,2,PROD-027,1,21.13,11.68
ORD-2023-031331,1,PROD-010,1,38.03,28.77
ORD-2023-031331,2,PROD-034,1,9.01,6.77
ORD-2023-031332,1,PROD-008,3,9.9,28.9
ORD-2023-031333,1,PROD-001,1,12.9,7.93
ORD-2023-031333,2,PROD-021,2,15.49,30.09
ORD-2023-031333,3,PROD-034,2,9.01,16.58
ORD-2023-031334,1,PROD-029,1,24.79,23.78
ORD-2023-031335,1,PROD-050,1,61.97,52.87
ORD-2023-031335,2,PROD-003,3,14.37,29.68
ORD-2023-031336,1,PROD-004,1,20.28,17.66
ORD-2023-031336,2,PROD-041,1,11.83,9.61
ORD-2023-031337,1,PROD-028,1,17.18,14.9
ORD-2023-031338,1,PROD-034,3,9.01,21.41
ORD-2023-031339,1,PROD-041,3,11.83,27.77
ORD-2023-031340,1,PROD-027,1,21.13,20.11
ORD-2023-031341,1,PROD-004,1,20.28,19.28
ORD-2023-031341,2,PROD-034,1,9.01,8.55
ORD-2023-031342,1,PROD-005,2,20.28,25.65
ORD-2023-031342,2,PROD-015,1,26.76,12.87
ORD-2023-031343,1,PROD-054,1,59.15,26.62
ORD-2023-031344,1,PROD-011,3,14.9,42.69
ORD-2023-031344,2,PROD-004,2,20.28,26.34
ORD-2023-031345,1,PROD-021,1,15.49,13.97
ORD-2023-031346,1,PROD-042,2,73.24,141.0
ORD-2023-031346,2,PROD-001,1,12.9,11.73
ORD-2023-031347,1,PROD-021,2,15.49,25.5
ORD-2023-031348,1,PROD-055,1,74.65,69.99
ORD-2023-031349,1,PROD-042,2,73.24,94.68
ORD-2023-031349,2,PROD-010,1,38.03,24.0
ORD-2023-031350,1,PROD-054,1,59.15,26.62
ORD-2023-031351,1,PROD-004,2,20.28,36.81
ORD-2023-031351,2,PROD-041,2,11.83,21.61
ORD-2023-031351,3,PROD-002,1,11.9,9.42
ORD-2023-031352,1,PROD-011,1,14.9,
ORD-2023-031352,2,PROD-016,2,8.9,17.07
ORD-2023-031353,1,PROD-006,1,32.39,18.64
ORD-2023-031353,2,PROD-020,1,10.14,7.38
ORD-2023-031353,3,PROD-053,1,53.52,37.54
ORD-2023-031354,1,PROD-043,3,107.04,144.5
ORD-2023-031355,1,PROD-003,2,14.37,24.75
ORD-2023-031356,1,PROD-008,1,9.9,9.83
ORD-2023-031356,2,PROD-010,2,38.03,75.95
ORD-2023-031356,3,PROD-035,1,10.14,9.72
ORD-2023-031357,1,PROD-010,2,38.03,50.63
ORD-2023-031358,1,PROD-014,1,9.9,7.27
ORD-2023-031359,1,PROD-019,2,29.58,37.79
ORD-2023-031359,2,PROD-024,2,8.73,12.8
ORD-2023-031359,3,PROD-037,4,9.86,34.25
ORD-2023-031360,1,PROD-010,1,38.03,34.99
ORD-2023-031361,1,PROD-010,2,38.03,71.01
ORD-2023-031361,2,PROD-015,1,26.76,20.63
ORD-2023-031362,1,PROD-003,1,14.37,13.71
ORD-2023-031362,2,PROD-004,1,20.28,17.12
ORD-2023-031363,1,PROD-010,1,38.03,32.86
ORD-2023-031363,2,PROD-019,3,29.58,80.55
ORD-2023-031363,3,PROD-040,1,15.21,13.99
ORD-2023-031364,1,PROD-004,1,20.28,13.86
ORD-2023-031365,1,PROD-002,1,11.9,11.49
ORD-2023-031366,1,PROD-055,1,74.65,69.6
ORD-2023-031366,2,PROD-056,1,101.41,97.13
ORD-2023-031367,1,PROD-059,1,52.11,46.0
ORD-2023-031368,1,PROD-053,1,53.52,52.3
ORD-2023-031369,1,PROD-058,1,39.44,17.75
ORD-2023-031370,1,PROD-028,1,17.18,16.81
ORD-2023-031370,2,PROD-003,1,14.37,13.8
ORD-2023-031370,3,PROD-006,2,32.39,62.59
ORD-2023-031371,1,PROD-024,2,8.73,7.86
ORD-2023-031372,1,PROD-039,1,8.17,7.7
ORD-2023-031372,2,PROD-060,1,42.25,28.92
ORD-2023-031373,1,PROD-004,1,20.28,18.14
ORD-2023-031374,1,PROD-026,2,14.65,26.26
ORD-2023-031375,1,PROD-038,2,7.89,13.83
ORD-2023-031376,1,PROD-019,2,29.58,49.47
ORD-2023-031376,2,PROD-041,3,11.83,32.43
ORD-2023-031377,1,PROD-005,1,20.28,10.4
ORD-2023-031378,1,PROD-005,1,20.28,17.56
ORD-2023-031378,2,PROD-008,2,9.9,10.26
ORD-2023-031378,3,PROD-041,1,11.83,6.06
ORD-2023-031379,1,PROD-006,1,32.39,16.38
ORD-2023-031379,2,PROD-034,4,9.01,26.61
ORD-2023-031379,3,PROD-026,2,14.65,21.6
ORD-2023-031380,1,PROD-011,2,14.9,17.13
ORD-2023-031381,1,PROD-004,1,20.28,14.95
ORD-2023-031381,2,PROD-044,1,40.85,34.33
ORD-2023-031381,3,PROD-042,1,73.24,52.51
ORD-2023-031382,1,PROD-040,1,15.21,9.21
ORD-2023-031383,1,PROD-027,1,21.13,20.26
ORD-2023-031383,2,PROD-004,1,20.28,20.08
ORD-2023-031384,1,PROD-001,3,12.9,35.05
ORD-2023-031384,2,PROD-014,1,9.9,6.42
ORD-2023-031385,1,PROD-035,1,10.14,9.86
ORD-2023-031385,2,PROD-005,2,20.28,39.67
ORD-2023-031386,1,PROD-040,1,15.21,13.38
ORD-2023-031386,2,PROD-035,1,10.14,8.64
ORD-2023-031387,1,PROD-059,1,52.11,47.11
ORD-2023-031388,1,PROD-030,1,49.3,22.18
ORD-2023-031389,1,PROD-028,2,17.18,32.5
ORD-2023-031390,1,PROD-032,1,19.72,17.74
ORD-2023-031391,1,PROD-054,1,59.15,34.44
ORD-2023-031392,1,PROD-017,3,12.5,32.43
ORD-2023-031392,2,PROD-041,2,11.83,15.4
ORD-2023-031393,1,PROD-019,1,29.58,16.44
ORD-2023-031393,2,PROD-032,1,19.72,13.05
ORD-2023-031393,3,PROD-010,2,38.03,43.89
ORD-2023-031394,1,PROD-006,2,32.39,48.18
ORD-2023-031395,1,PROD-009,2,61.97,108.51
ORD-2023-031395,2,PROD-016,2,8.9,15.93
ORD-2023-031395,3,PROD-001,1,12.9,10.98
ORD-2023-031396,1,PROD-001,1,12.9,10.53
ORD-2023-031396,2,PROD-006,1,32.39,20.68
ORD-2023-031397,1,PROD-019,1,29.58,23.2
ORD-2023-031397,2,PROD-038,2,7.89,12.25
ORD-2023-031398,1,PROD-005,2,20.28,33.08
ORD-2023-031399,1,PROD-010,2,38.03,71.44
ORD-2023-031400,1,PROD-049,2,80.28,153.25
ORD-2023-031401,1,PROD-003,2,14.37,20.66
ORD-2023-031402,1,PROD-014,1,9.9,7.72
ORD-2023-031403,1,PROD-003,3,14.37,38.78
ORD-2023-031404,1,PROD-019,2,29.58,52.79
ORD-2023-031405,1,PROD-006,2,32.39,32.49
ORD-2023-031406,1,PROD-002,2,11.9,15.03
ORD-2023-031406,2,PROD-007,1,17.18,11.05
ORD-2023-031407,1,PROD-059,1,52.11,37.03
ORD-2023-031407,2,PROD-056,1,101.41,46.51
ORD-2023-031408,1,PROD-006,3,32.39,90.11
ORD-2023-031409,1,PROD-036,1,11.55,11.34
ORD-2023-031410,1,PROD-058,1,39.44,32.39
ORD-2023-031411,1,PROD-009,1,61.97,48.5
ORD-2023-031412,1,PROD-002,1,11.9,8.42
ORD-2023-031413,1,PROD-020,2,10.14,17.37
ORD-2023-031414,1,PROD-037,1,9.86,5.92
ORD-2023-031415,1,PROD-019,2,29.58,50.81
ORD-2023-031416,1,PROD-002,1,11.9,7.24
ORD-2023-031416,2,PROD-041,1,11.83,9.7
ORD-2023-031417,1,PROD-010,2,38.03,34.23
ORD-2023-031418,1,PROD-041,1,11.83,11.26
ORD-2023-031419,1,PROD-003,1,14.37,13.65
ORD-2023-031420,1,PROD-004,2,20.28,29.98
ORD-2023-031420,2,PROD-010,2,38.03,68.97
ORD-2023-031421,1,PROD-004,2,20.28,33.92
ORD-2023-031422,1,PROD-012,1,18.5,17.76
ORD-2023-031423,1,PROD-004,1,20.28,19.74
ORD-2023-031423,2,PROD-010,2,38.03,65.25
ORD-2023-031424,1,PROD-041,2,11.83,18.25
ORD-2023-031424,2,PROD-002,1,11.9,8.63
ORD-2023-031424,3,PROD-004,1,20.28,18.01
ORD-2023-031425,1,PROD-003,1,14.37,6.47
ORD-2023-031425,2,PROD-017,3,12.5,17.55
ORD-2023-031426,1,PROD-014,2,9.9,19.21
ORD-2023-031427,1,PROD-056,1,101.41,56.23
ORD-2023-031428,1,PROD-034,1,9.01,6.79
ORD-2023-031429,1,PROD-042,2,73.24,125.67
ORD-2023-031430,1,PROD-019,1,29.58,17.9
ORD-2023-031430,2,PROD-010,1,38.03,18.82
ORD-2023-031431,1,PROD-017,1,12.5,10.85
ORD-2023-031432,1,PROD-004,2,20.28,18.25
ORD-2023-031432,2,PROD-037,1,9.86,6.57
ORD-2023-031433,1,PROD-004,1,20.28,19.96
ORD-2023-031433,2, PROD-041 ,1,11.83,9.32
ORD-2023-031434,1,PROD-016,1,8.9,8.27
ORD-2023-031435,1,PROD-005,1,20.28,19.32
ORD-2023-031436,1,PROD-006,2,32.39,30.93
ORD-2023-031437,1,PROD-038,1,7.89,6.81
ORD-2023-031437,2,PROD-024,1,8.73,8.3
ORD-2023-031437,3,PROD-044,1,40.85,34.39
ORD-2023-031438,1,PROD-004,2,20.28,36.69
ORD-2023-031439,1,PROD-004,1,20.28,15.06
ORD-2023-031439,2,PROD-033,2,52.11,94.86
ORD-2023-031440,1,PROD-005,2,20.28,32.2
ORD-2023-031441,1,PROD-013,1,11.9,9.42
ORD-2023-031441,2,PROD-036,1,11.55,7.82
ORD-2023-031442,1,PROD-056,1,101.41,54.67
ORD-2023-031443,1,PROD-010,2,38.03,35.41
ORD-2023-031443,2,PROD-036,1,11.55,9.22
ORD-2023-031444,1,PROD-042,4,73.24,145.57
ORD-2023-031445,1,PROD-023,1,7.89,7.77
ORD-2023-031446,1,PROD-020,1,10.14,4.56
ORD-2023-031447,1,PROD-004,2,20.28,25.5
ORD-2023-031447,2,PROD-008,1,9.9,8.4
ORD-2023-031448,1,PROD-010,1,38.03,33.65
ORD-2023-031448,2,PROD-037,3,9.86,21.71
ORD-2023-031449,1,PROD-032,4,19.72,35.5
ORD-2023-031449,2,PROD-022,1,9.01,4.05
ORD-2023-031450,1,PROD-031,1,53.52,26.36
ORD-2023-031450,2,PROD-037,1,9.86,5.69
ORD-2023-031451,1,PROD-001,1,12.9,12.52
ORD-2023-031451,2,PROD-005,1,20.28,19.54
ORD-2023-031451,3,PROD-017,1,12.5,12.44
ORD-2023-031452,1,PROD-031,1,53.52,51.92
ORD-2023-031452,2,PROD-053,1,53.52,52.06
ORD-2023-031452,3,PROD-012,1,18.5,18.02
ORD-2023-031453,1,PROD-034,3,9.01,22.27
ORD-2023-031454,1,PROD-016,1,8.9,8.16
ORD-2023-031454,2,PROD-037,2,9.86,17.11
ORD-2023-031455,1,PROD-022,2,9.01,13.42
ORD-2023-031456,1,PROD-041,4,11.83,36.64
ORD-2023-031456,2,PROD-034,2,9.01,9.26
ORD-2023-031457,1,PROD-002,2,11.9,17.18
ORD-2023-031458,1,PROD-014,1,9.9,9.72
ORD-2023-031459,1,PROD-003,1,14.37,11.27
ORD-2023-031460,1,PROD-007,1,17.18,14.89
ORD-2023-031460,2,PROD-034,2,9.01,14.06
ORD-2023-031460,3,PROD-030,1,49.3,48.03
ORD-2023-031461,1,PROD-003,1,14.37,11.21
ORD-2023-031461,2,PROD-034,1,9.01,8.92
ORD-2023-031461,3,PROD-038,2,7.89,13.58
ORD-2023-031462,1,PROD-041,2,11.83,14.04
ORD-2023-031462,2,PROD-054,1,59.15,33.37
ORD-2023-031463,1,PROD-010,2,38.03,72.01
ORD-2023-031463,2,PROD-041,1,11.83,11.06
ORD-2023-031464,1,PROD-021,1,15.49,9.14
ORD-2023-031465,1,PROD-039,3,8.17,24.05
ORD-2023-031466,1,PROD-034,1,9.01,6.31
ORD-2023-031467,1,PROD-029,1,24.79,20.14
ORD-2023-031467,2,PROD-042,2,73.24,145.31
ORD-2023-031468,1,PROD-021,2,15.49,27.04
ORD-2023-031469,1,PROD-023,2,7.89,7.83
ORD-2023-031469,2,PROD-007,2,17.18,20.21
ORD-2023-031470,1,PROD-032,1,19.72,8.87
ORD-2023-031470,2,PROD-031,2,53.52,90.68
ORD-2023-031471,1,PROD-001,2,12.9,20.38
ORD-2023-031472,1,PROD-006,1,32.39,29.46
ORD-2023-031472,2,PROD-008,1,9.9,7.07
ORD-2023-031472,3,PROD-041,3,11.83,24.66
ORD-2023-031473,1,PROD-001,1,12.9,10.51
ORD-2023-031474,1,PROD-030,1,49.3,30.97
ORD-2023-031474,2,PROD-020,1,10.14,5.23
ORD-2023-031475,1,PROD-041,2,11.83,23.53
ORD-2023-031475,2,PROD-003,1,14.37,13.87
ORD-2023-031476,1,PROD-021,2,15.49,24.41
ORD-2023-031477,1,PROD-055,1,74.65,43.63
ORD-2023-031478,1,PROD-040,2,15.21,27.69
ORD-2023-031478,2,PROD-005,2,20.28,38.73
ORD-2023-031479,1,PROD-045,2,72.68,123.76
ORD-2023-031479,2,PROD-040,2,15.21,21.4
ORD-2023-031480,1,PROD-003,2,14.37,28.71
ORD-2023-031481,1,PROD-004,1,20.28,19.54
ORD-2023-031482,1,PROD-019,2,29.58,33.37
ORD-2023-031483,1,PROD-028,2,17.18,29.04
ORD-2023-031483,2,PROD-005,1,20.28,16.5
ORD-2023-031484,1,PROD-010,1,38.03,37.28
ORD-2023-031485,1,PROD-004,1,20.28,19.2
ORD-2023-031486,1,PROD-030,1,49.3,48.15
ORD-2023-031487,1,PROD-028,1,17.18,13.9
ORD-2023-031488,1,PROD-004,1,20.28,18.66
ORD-2023-031488,2,PROD-012,1,18.5,16.28
ORD-2023-031489,1,PROD-013,1,11.9,5.35
ORD-2023-031490,1,PROD-023,1,7.89,7.24
ORD-2023-031491,1,PROD-010,1,38.03,35.93
ORD-2023-031491,2,PROD-056,1,101.41,99.77
ORD-2023-031492,1,PROD-002,1,11.9,11.47
ORD-2023-031492,2,PROD-035,1,10.14,9.87
ORD-2023-031493,1,PROD-006,3,32.39,85.49
ORD-2023-031493,2,PROD-001,1,12.9,5.8
ORD-2023-031494,1,PROD-034,1,9.01,8.8
ORD-2023-031494,2,PROD-006,1,32.39,31.5
ORD-2023-031494,3,PROD-008,3,9.9,27.16
ORD-2023-031495,1,PROD-029,1,24.79,11.16
ORD-2023-031496,1,PROD-041,1,11.83,9.93
ORD-2023-031496,2,PROD-010,1,38.03,27.91
ORD-2023-031497,1,PROD-017,1,12.5,12.4
ORD-2023-031498,1,PROD-002,3,11.9,33.93
ORD-2023-031499,1,PROD-019,1,29.58,26.94
ORD-2023-031500,1,PROD-049,1,80.28,69.78
ORD-2023-031501,1,PROD-006,1,32.39,31.54
ORD-2023-031501,2,PROD-015,3,26.76,75.36
ORD-2023-031501,3,PROD-024,1,8.73,8.12
ORD-2023-031502,1,PROD-002,1,11.9,8.05
ORD-2023-031502,2,PROD-050,1,61.97,60.58
ORD-2023-031503,1,PROD-041,1,11.83,11.02
ORD-2023-031504,1,PROD-038,1,7.89,4.64
ORD-2023-031505,1,PROD-003,1,14.37,13.97
ORD-2023-031506,1,PROD-056,1,101.41,50.18
ORD-2023-031506,2,PROD-054,1,59.15,38.77
ORD-2023-031507,1,PROD-032,1,19.72,18.95
ORD-2023-031508,1,PROD-052,1,46.48,39.43
ORD-2023-031509,1,PROD-041,1,11.83,11.36
ORD-2023-031509,2,PROD-005,3,20.28,57.48
ORD-2023-031509,3,PROD-047,1,108.45,101.68
ORD-2023-031509,4,PROD-021,1,15.49,14.23
ORD-2023-031510,1,PROD-058,1,39.44,22.87
ORD-2023-031511,1,PROD-045,1,72.68,32.71
ORD-2023-031511,2,PROD-014,2,9.9,8.91
ORD-2023-031512,1,PROD-007,2,17.18,33.39
ORD-2023-031513,1,PROD-042,2,73.24,118.62
ORD-2023-031513,2,PROD-005,2,20.28,33.26
ORD-2023-031514,1,PROD-004,3,20.28,56.06
ORD-2023-031514,2,PROD-035,1,10.14,9.51
ORD-2023-031515,1,PROD-005,1,20.28,16.44
ORD-2023-031515,2,PROD-034,2,9.01,15.86
ORD-2023-031516,1,PROD-020,1,10.14,8.94
ORD-2023-031516,2,PROD-021,1,15.49,14.53
ORD-2023-031516,3,PROD-001,2,12.9,23.23
ORD-2023-031517,1,PROD-014,2,9.9,17.96
ORD-2023-031518,1,PROD-004,1,20.28,19.61
ORD-2023-031519,1,PROD-015,2,26.76,37.91
ORD-2023-031519,2,PROD-052,1,46.48,44.07
ORD-2023-031520,1,PROD-027,2,21.13,31.71
ORD-2023-031521,1,PROD-016,1,8.9,8.75
ORD-2023-031522,1,PROD-007,2,17.18,33.52
ORD-2023-031523,1,PROD-013,1,11.9,7.73
ORD-2023-031524,1,PROD-001,2,12.9,25.31
ORD-2023-031524,2,PROD-016,1,8.9,8.77
ORD-2023-031524,3,PROD-019,1,29.58,29.4
ORD-2023-031525,1,PROD-044,1,40.85,40.31
ORD-2023-031526,1,PROD-020,1,10.14,7.59
ORD-2023-031526,2,PROD-022,1,9.01,7.08
ORD-2023-031527,1,PROD-013,1,11.9,10.79
ORD-2023-031528,1,PROD-035,1,10.14,9.55
ORD-2023-031528,2,PROD-009,2,61.97,114.87
ORD-2023-031529,1,PROD-003,1,14.37,13.8
ORD-2023-031530,1,PROD-001,2,12.9,21.25
ORD-2023-031531,1,PROD-030,1,49.3,47.85
ORD-2023-031532,1,PROD-047,1,108.45,104.43
ORD-2023-031533,1,PROD-006,2,32.39,62.01
ORD-2023-031534,1,PROD-056,1,101.41,97.06
ORD-2023-031535,1,PROD-006,2,32.39,56.39
ORD-2023-031536,1,PROD-002,2,11.9,22.48
ORD-2023-031537,1,PROD-002,2,11.9,17.6
ORD-2023-031538,1,PROD-002,1,11.9,11.88
ORD-2023-031539,1,PROD-006,1,32.39,29.15
ORD-2023-031539,2,PROD-030,1,49.3,45.77
ORD-2023-031539,3,PROD-003,1,14.37,13.18
ORD-2023-031540,1,PROD-032,1,19.72,19.44
ORD-2023-031540,2,PROD-024,1,8.73,8.56
ORD-2023-031541,1,PROD-005,1,20.28,19.46
ORD-2023-031542,1,PROD-035,1,10.14,9.63
ORD-2023-031542,2,PROD-041,2,11.83,21.1
ORD-2023-031542,3,PROD-006,1,32.39,30.98
ORD-2023-031543,1,PROD-009,1,61.97,60.04
ORD-2023-031543,2,PROD-010,1,38.03,37.11
ORD-2023-031543,3,PROD-034,2,9.01,17.82
ORD-2023-031543,4,PROD-005,1,20.28,19.78
ORD-2023-031544,1,PROD-006,2,32.39,61.7
ORD-2023-031545,1,PROD-039,3,8.17,23.72
ORD-2023-031545,2,PROD-004,1,20.28,17.25
ORD-2023-031545,3,PROD-010,1,38.03,33.93
ORD-2023-031546,1,PROD-004,3,20.28,53.69
ORD-2023-031547,1,PROD-031,1,53.52,49.87
ORD-2023-031548,1,PROD-022,1,9.01,7.52
ORD-2023-031548,2,PROD-019,1,29.58,23.83
ORD-2023-031548,3,PROD-031,1,53.52,31.97
ORD-2023-031549,1,PROD-037,1,9.86,9.04
ORD-2023-031550,1,PROD-010,2,38.03,60.67
ORD-2023-031551,1,PROD-014,2,9.9,18.71
ORD-2023-031552,1,PROD-036,1,11.55,8.46
ORD-2023-031552,2,PROD-009,1,61.97,60.4
ORD-2023-031552,3,PROD-014,1,9.9,8.99
ORD-2023-031553,1,PROD-017,2,12.5,11.25
ORD-2023-031553,2,PROD-038,2,7.89,11.55
ORD-2023-031554,1,PROD-001,1,12.9,12.63
ORD-2023-031555,1,PROD-039,1,8.17,7.86
ORD-2023-031556,1,PROD-001,1,12.9,11.88
ORD-2023-031556,2,PROD-008,2,9.9,18.97
ORD-2023-031556,3,PROD-010,2,38.03,73.09
ORD-2023-031557,1,PROD-053,1,53.52,53.13
ORD-2023-031558,1,PROD-044,1,40.85,40.51
ORD-2023-031558,2,PROD-024,1,8.73,8.16
ORD-2023-031559,1,PROD-002,1,11.9,10.32
ORD-2023-031560,1,PROD-006,2,32.39,63.7
ORD-2023-031560,2,PROD-040,2,15.21,28.46
ORD-2023-031561,1,PROD-023,2,7.89,13.74
ORD-2023-031561,2,PROD-016,2,8.9,15.01
ORD-2023-031561,3,PROD-038,2,7.89,15.22
ORD-2023-031562,1,PROD-006,1,32.39,29.5
ORD-2023-031563,1,PROD-004,1,20.28,15.3
ORD-2023-031564,1,PROD-013,1,11.9,9.64
ORD-2023-031564,2,PROD-006,1,32.39,31.66
ORD-2023-031565,1,PROD-060,1,42.25,23.93
ORD-2023-031566,1,PROD-010,2,38.03,69.5
ORD-2023-031566,2,PROD-003,2,14.37,26.58
ORD-2023-031566,3,PROD-022,1,9.01,8.24
ORD-2023-031567,1,PROD-045,1,72.68,57.07
ORD-2023-031568,1,PROD-034,3,9.01,24.26
ORD-2023-031568,2,PROD-038,4,7.89,27.88
ORD-2023-031569,1,PROD-003,1,14.37,13.59
ORD-2023-031569,2,PROD-001,1,12.9,10.35
ORD-2023-031570,1,PROD-022,1,9.01,7.91
ORD-2023-031571,1,PROD-036,2,11.55,17.28
ORD-2023-031571,2,PROD-030,1,49.3,44.76
ORD-2023-031571,3,PROD-002,1,11.9,10.73
ORD-2023-031572,1,PROD-033,2,52.11,46.9
ORD-2023-031573,1,PROD-040,1,15.21,12.64
ORD-2023-031573,2,PROD-002,1,11.9,10.14
ORD-2023-031574,1,PROD-030,2,49.3,94.06
ORD-2023-031575,1,PROD-031,1,53.52,51.47
ORD-2023-031576,1,PROD-055,1,74.65,43.76
ORD-2023-031577,1,PROD-035,1,10.14,7.85
ORD-2023-031577,2,PROD-040,1,15.21,12.57
ORD-2023-031577,3,PROD-021,1,15.49,12.36
ORD-2023-031578,1,PROD-004,1,20.28,17.2
ORD-2023-031578,2,PROD-034,1,9.01,8.46
ORD-2023-031578,3,PROD-010,2,38.03,71.98
ORD-2023-031579,1,PROD-035,3,10.14,28.41
ORD-2023-031580,1,PROD-004,1,20.28,15.67
ORD-2023-031580,2,PROD-005,1,20.28,18.23
ORD-2023-031580,3,PROD-012,1,18.5,15.79
ORD-2023-031581,1,PROD-002,3,11.9,33.26
ORD-2023-031582,1,PROD-010,1,38.03,37.54
ORD-2023-031583,1,PROD-008,3,9.9,27.95
ORD-2023-031584,1,PROD-008,1,9.9,8.2
ORD-2023-031584,2,PROD-004,2,20.28,37.75
ORD-2023-031584,3,PROD-039,3,8.17,23.82
ORD-2023-031585,1,PROD-048,1,55.77,39.22
ORD-2023-031586,1,PROD-017,1,12.5,10.52
ORD-2023-031587,1,PROD-042,4,73.24,268.03
ORD-2023-031588,1,PROD-054,1,59.15,56.38
ORD-2023-031589,1,PROD-050,1,61.97,49.17
ORD-2023-031589,2,PROD-006,1,32.39,26.28
ORD-2023-031590,1,PROD-055,1,74.65,62.97
ORD-2023-031591,1,PROD-020,1,10.14,7.92
ORD-2023-031592,1,PROD-038,2,7.89,12.7
ORD-2023-031593,1,PROD-034,1,9.01,8.0
ORD-2023-031594,1,PROD-010,1,38.03,36.07
ORD-2023-031595,1,PROD-053,1,53.52,51.2
ORD-2023-031596,1,PROD-002,1,11.9,11.71
ORD-2023-031597,1,PROD-013,3,11.9,29.07
ORD-2023-031597,2,PROD-010,1,38.03,32.03
ORD-2023-031597,3,PROD-055,1,74.65,71.22
ORD-2023-031597,4,PROD-003,1,14.37,10.15
ORD-2023-031598,1,PROD-047,1,108.45,89.48
ORD-2023-031599,1,PROD-053,1,53.52,48.86
ORD-2023-031599,2,PROD-008,1,9.9,9.46
ORD-2023-031599,3,PROD-004,1,20.28,18.68
ORD-2023-031600,1,PROD-008,1,9.9,8.36
ORD-2023-031601,1,PROD-030,1,49.3,47.22
ORD-2023-031601,2,PROD-005,1,20.28,14.81
ORD-2023-031601,3,PROD-027,1,21.13,20.14
ORD-2023-031602,1,PROD-040,1,15.21,12.9
ORD-2023-031603,1,PROD-039,1,8.17,7.08
ORD-2023-031604,1,PROD-004,2,20.28,39.68
ORD-2023-031605,1,PROD-049,1,80.28,79.5
ORD-2023-031606,1,PROD-004,1,20.28,17.67
ORD-2023-031607,1,PROD-001,1,12.9,12.1
ORD-2023-031608,1,PROD-004,2,20.28,27.9
ORD-2023-031608,2,PROD-055,1,74.65,52.54
ORD-2023-031609,1,PROD-001,2,12.9,21.11
ORD-2023-031609,2,PROD-004,1,20.28,15.89
ORD-2023-031609,3,PROD-010,1,38.03,33.87
ORD-2023-031610,1,PROD-006,1,32.39,26.5
ORD-2023-031611,1,PROD-005,1,20.28,20.08
ORD-2023-031612,1,PROD-022,1,9.01,7.9
ORD-2023-031612,2,PROD-010,2,38.03,74.2
ORD-2023-031612,3,PROD-006,1,32.39,29.2
ORD-2023-031613,1,PROD-003,2,14.37,27.82
ORD-2023-031614,1,PROD-004,2,20.28,36.36
ORD-2023-031615,1,PROD-007,3,17.18,46.93
ORD-2023-031615,2,PROD-010,3,38.03,113.02
ORD-2023-031616,1,PROD-030,1,49.3,45.71
ORD-2023-031617,1,PROD-059,1,52.11,31.78
ORD-2023-031617,2,PROD-056,1,101.41,65.34
ORD-2023-031618,1,PROD-034,4,9.01,30.34
ORD-2023-031618,2,PROD-032,2,19.72,29.43
ORD-2023-031619,1,PROD-009,1,61.97,51.16
ORD-2023-031619,2,PROD-034,1,9.01,8.6
ORD-2023-031619,3,PROD-038,3,7.89,18.96
ORD-2023-031620,1,PROD-001,2,12.9,24.03
ORD-2023-031621,1,PROD-011,1,14.9,12.48
ORD-2023-031622,1,PROD-042,2,73.24,134.57
ORD-2023-031622,2,PROD-022,1,9.01,8.79
ORD-2023-031622,3,PROD-027,2,21.13,38.48
ORD-2023-031622,4,PROD-029,2,24.79,47.05
ORD-2023-031623,1,PROD-005,1,20.28,18.61
ORD-2023-031624,1,PROD-011,1,14.9,14.76
ORD-2023-031624,2,PROD-005,1,20.28,20.01
ORD-2023-031625,1,PROD-002,1,11.9,10.99
ORD-2023-031626,1,PROD-028,1,17.18,16.41
ORD-2023-031627,1,PROD-019,2,29.58,45.46
ORD-2023-031627,2,PROD-039,2,8.17,9.71
ORD-2023-031628,1,PROD-020,1,10.14,8.67
ORD-2023-031629,1,PROD-040,4,15.21,60.65
ORD-2023-031630,1,PROD-005,2,20.28,30.68
ORD-2023-031630,2,PROD-033,3,52.11,153.67
ORD-2023-031631,1,PROD-026,1,14.65,14.11
ORD-2023-031632,1,PROD-006,1,32.39,30.39
ORD-2023-031633,1,PROD-005,1,20.28,19.95
ORD-2023-031634,1,PROD-015,3,26.76,57.32
ORD-2023-031635,1,PROD-006,1,32.39,30.46
ORD-2023-031636,1,PROD-006,2,32.39,58.43
ORD-2023-031637,1,PROD-005,1,20.28,17.41
ORD-2023-031637,2,PROD-035,2,10.14,19.64
ORD-2023-031638,1,PROD-004,1,20.28,19.97
ORD-2023-031639,1,PROD-025,1,21.97,21.54
ORD-2023-031640,1,PROD-012,2,18.5,35.56
ORD-2023-031641,1,PROD-002,1,11.9,11.06
ORD-2023-031642,1,PROD-006,1,32.39,27.33
ORD-2023-031643,1,PROD-056,1,101.41,100.09
ORD-2023-031644,1,PROD-002,3,11.9,34.71
ORD-2023-031644,2,PROD-034,1,9.01,8.55
ORD-2023-031644,3,PROD-003,1,14.37,9.63
ORD-2023-031645,1,PROD-005,2,20.28,40.25
ORD-2023-031646,1,PROD-013,1,11.9,11.68
ORD-2023-031647,1,PROD-001,1,12.9,12.6
ORD-2023-031647,2,PROD-004,2,20.28,38.68
ORD-2023-031648,1,PROD-055,1,74.65,72.69
ORD-2023-031648,2,PROD-024,1,8.73,8.61
ORD-2023-031648,3,PROD-013,2,11.9,23.66
ORD-2023-031649,1,PROD-007,1,17.18,16.56
ORD-2023-031649,2,PROD-029,1,24.79,23.64
ORD-2023-031650,1,PROD-040,2,15.21,22.81
ORD-2023-031651,1,PROD-001,1,12.9,12.71
ORD-2023-031652,1,PROD-004,3,20.28,59.78
ORD-2023-031653,1,PROD-037,1,9.86,7.8
ORD-2023-031654,1,PROD-038,1,7.89,3.55
ORD-2023-031655,1,PROD-041,2,11.83,18.94
ORD-2023-031655,2,PROD-031,1,53.52,39.02
ORD-2023-031655,3,PROD-035,2,10.14,17.29
ORD-2023-031656,1,PROD-005,1,20.28,18.98
ORD-2023-031657,1,PROD-005,2,20.28,38.82
ORD-2023-031658,1,PROD-031,1,53.52,43.08
ORD-2023-031659,1,PROD-021,2,15.49,30.66
ORD-2023-031660,1,PROD-019,1,29.58,28.24
ORD-2023-031661,1,PROD-020,1,10.14,9.6
ORD-2023-031662,1,PROD-003,1,14.37,14.29
ORD-2023-031663,1,PROD-011,1,14.9,10.53
ORD-2023-031664,1,PROD-034,2,9.01,16.61
ORD-2023-031665,1,PROD-039,1,8.17,7.44
ORD-2023-031666,1,PROD-037,1,9.86,8.95
ORD-2023-031667,1,PROD-040,1,15.21,14.02
ORD-2023-031667,2,PROD-058,1,39.44,35.63
ORD-2023-031668,1,PROD-060,1,42.25,37.5
ORD-2023-031669,1,PROD-021,1,15.49,14.47
ORD-2023-031670,1,PROD-002,1,11.9,11.46
ORD-2023-031671,1,PROD-011,1,14.9,12.19
ORD-2023-031671,2,PROD-007,1,17.18,7.78
ORD-2023-031672,1,PROD-030,1,49.3,46.9
ORD-2023-031673,1,PROD-014,1,9.9,9.8
ORD-2023-031673,2,PROD-049,1,80.28,75.7
ORD-2023-031674,1,PROD-008,1,9.9,9.73
ORD-2023-031674,2,PROD-052,1,46.48,45.29
ORD-2023-031675,1,PROD-004,3,20.28,51.1
ORD-2023-031675,2,PROD-027,2,21.13,37.06
ORD-2023-031676,1,PROD-006,1,32.39,26.83
ORD-2023-031676,2,PROD-010,1,38.03,34.14
ORD-2023-031677,1,PROD-019,1,29.58,28.98
ORD-2023-031678,1,PROD-001,1,12.9,12.32
ORD-2023-031679,1,PROD-041,2,11.83,22.49
ORD-2023-031680,1,PROD-004,1,20.28,14.81
ORD-2023-031681,1,PROD-004,2,20.28,39.69
ORD-2023-031682,1,PROD-029,1,24.79,19.94
ORD-2023-031683,1,PROD-053,1,53.52,49.0
ORD-2023-031684,1,PROD-031,1,53.52,43.49
ORD-2023-031685,1,PROD-045,1,72.68,54.39
ORD-2023-031686,1,PROD-036,2,11.55,20.7
ORD-2023-031687,1,PROD-005,2,20.28,39.03
ORD-2023-031688,1,PROD-027,1,21.13,19.3
ORD-2023-031688,2,PROD-020,1,10.14,9.65
ORD-2023-031688,3,PROD-030,1,49.3,45.36
ORD-2023-031689,1,PROD-003,2,14.37,25.84
ORD-2023-031690,1,PROD-004,2,20.28,40.37
ORD-2023-031691,1,PROD-050,1,61.97,54.32
ORD-2023-031692,1,PROD-001,1,12.9,12.51
ORD-2023-031692,2,PROD-027,2,21.13,36.6
ORD-2023-031692,3,PROD-008,1,9.9,9.3
ORD-2023-031692,4,PROD-031,2,53.52,100.0
ORD-2023-031693,1,PROD-010,2,38.03,70.38
ORD-2023-031694,1,PROD-015,1,26.76,24.1
ORD-2023-031694,2,PROD-013,1,11.9,8.41
ORD-2023-031695,1,PROD-007,3,17.18,50.06
ORD-2023-031696,1,PROD-004,3,20.28,55.93
ORD-2023-031697,1,PROD-034,2,9.01,17.39
ORD-2023-031698,1,PROD-014,1,9.9,7.49
ORD-2023-031698,2,PROD-041,2,11.83,22.88
ORD-2023-031699,1,PROD-010,1,38.03,36.8
ORD-2023-031700,1,PROD-032,2,19.72,39.14
ORD-2023-031701,1,PROD-002,1,11.9,10.88
ORD-2023-031702,1,PROD-003,1,14.37,11.4
ORD-2023-031702,2,PROD-032,1,19.72,17.84
ORD-2023-031702,3,PROD-033,2,52.11,90.19
ORD-2023-031703,1,PROD-019,1,29.58,27.86
ORD-2023-031703,2,PROD-034,1,9.01,7.75
ORD-2023-031703,3,PROD-006,1,32.39,24.14
ORD-2023-031704,1,PROD-040,1,15.21,14.62
ORD-2023-031705,1,PROD-001,1,12.9,12.56
ORD-2023-031706,1,PROD-008,2,9.9,18.05
ORD-2023-031706,2,PROD-034,2,9.01,17.37
ORD-2023-031707,1,PROD-005,2,20.28,33.83
ORD-2023-031707,2,PROD-041,3,11.83,33.85
ORD-2023-031707,3,PROD-037,1,9.86,9.33
ORD-2023-031708,1,PROD-042,2,73.24,87.14
ORD-2023-031708,2,PROD-058,1,39.44,17.75
ORD-2023-031709,1,PROD-001,1,12.9,12.45
ORD-2023-031710,1,PROD-029,1,24.79,19.92
ORD-2023-031711,1,PROD-051,1,36.06,32.86
ORD-2023-031711,2,PROD-030,1,49.3,47.02
ORD-2023-031712,1,PROD-031,1,53.52,52.65
ORD-2023-031712,2,PROD-001,2,12.9,25.64
ORD-2023-031712,3,PROD-028,2,17.18,32.04
ORD-2023-031713,1,PROD-010,2,38.03,60.58
ORD-2023-031714,1,PROD-022,2,9.01,17.87
ORD-2023-031714,2,PROD-002,1,11.9,10.66
ORD-2023-031714,3,PROD-005,1,20.28,19.35
ORD-2023-031714,4,PROD-048,1,55.77,52.65
ORD-2023-031714,5,PROD-014,2,9.9,18.33
ORD-2023-031715,1,PROD-054,1,59.15,26.62
ORD-2023-031716,1,PROD-051,1,36.06,28.02
ORD-2023-031717,1,PROD-004,2,20.28,37.62
ORD-2023-031718,1,PROD-040,1,15.21,10.16
ORD-2023-031718,2,PROD-039,2,8.17,12.43
ORD-2023-031719,1,PROD-003,2,14.37,24.11
ORD-2023-031720,1,PROD-044,1,40.85,36.36
ORD-2023-031720,2,PROD-007,2,17.18,32.89
ORD-2023-031720,3,PROD-002,1,11.9,11.61
ORD-2023-031721,1,PROD-006,1,32.39,31.94
ORD-2023-031721,2,PROD-016,1,8.9,8.6
ORD-2023-031721,3,PROD-035,1,10.14,9.63
ORD-2023-031721,4,PROD-034,1,9.01,8.89
ORD-2023-031721,5,PROD-005,1,20.28,17.8
ORD-2023-031722,1,PROD-002,1,11.9,11.38
ORD-2023-031722,2,PROD-006,1,32.39,28.33
ORD-2023-031723,1,PROD-040,1,15.21,13.81
ORD-2023-031724,1,PROD-023,1,7.89,6.92
ORD-2023-031724,2,PROD-010,2,38.03,71.18
ORD-2023-031725,1,PROD-003,1,14.37,12.85
ORD-2023-031726,1,PROD-006,1,32.39,30.32
ORD-2023-031727,1,PROD-004,1,20.28,19.17
ORD-2023-031728,1,PROD-034,2,9.01,11.57
ORD-2023-031729,1,PROD-007,1,17.18,16.14
ORD-2023-031730,1,PROD-030,1,49.3,33.45
ORD-2023-031731,1,PROD-022,1,9.01,8.54
ORD-2023-031731,2,PROD-007,1,17.18,15.7
ORD-2023-031732,1,PROD-029,1,24.79,23.27
ORD-2023-031732,2,PROD-010,2,38.03,63.7
ORD-2023-031732,3,PROD-022,2,9.01,13.35
ORD-2023-031732,4,PROD-016,1,8.9,8.2
ORD-2023-031733,1,PROD-005,1,20.28,19.35
ORD-2023-031733,2,PROD-010,1,38.03,34.46
ORD-2023-031734,1,PROD-010,1,38.03,36.05
ORD-2023-031735,1,PROD-037,2,9.86,18.45
ORD-2023-031735,2,PROD-047,1,108.45,94.64
ORD-2023-031735,3,PROD-019,1,29.58,27.22
ORD-2023-031736,1,PROD-049,1,80.28,72.77
ORD-2023-031736,2,PROD-029,1,24.79,19.45
ORD-2023-031736,3,PROD-006,1,32.39,27.16
ORD-2023-031737,1,PROD-003,3,14.37,41.51
ORD-2023-031738,1,PROD-004,1,20.28,18.44
ORD-2023-031738,2,PROD-017,1,12.5,8.01
ORD-2023-031738,3,PROD-002,1,11.9,10.28
ORD-2023-031739,1,PROD-010,1,38.03,36.36
ORD-2023-031740,1,PROD-052,1,46.48,45.58
ORD-2023-031740,2,PROD-005,1,20.28,19.71
ORD-2023-031741,1,PROD-035,1,10.14,9.61
ORD-2023-031741,2,PROD-027,2,21.13,36.42
ORD-2023-031741,3,PROD-034,1,9.01,7.73
ORD-2023-031742,1,PROD-013,3,11.9,25.79
ORD-2023-031743,1,PROD-021,1,15.49,10.89
ORD-2023-031744,1,PROD-034,1,9.01,7.75
ORD-2023-031744,2,PROD-006,1,32.39,25.39
ORD-2023-031745,1,PROD-003,1,14.37,13.99
ORD-2023-031745,2,PROD-041,2,11.83,22.89
ORD-2023-031746,1,PROD-004,1,20.28,19.9
ORD-2023-031746,2,PROD-034,2,9.01,16.58
ORD-2023-031746,3,PROD-041,3,11.83,31.8
ORD-2023-031747,1,PROD-031,1,53.52,51.74
ORD-2023-031748,1,PROD-031,1,53.52,49.09
ORD-2023-031749,1,PROD-042,2,73.24,134.92
ORD-2023-031750,1,PROD-004,1,20.28,19.55
ORD-2023-031751,1,PROD-036,2,11.55,10.39
ORD-2023-031752,1,PROD-060,1,42.25,19.28
ORD-2023-031753,1,PROD-008,3,9.9,28.53
ORD-2023-031753,2,PROD-029,1,24.79,24.63
ORD-2023-031754,1,PROD-017,2,12.5,15.78
ORD-2023-031755,1,PROD-007,3,17.18,50.62
ORD-2023-031755,2,PROD-010,3,38.03,106.16
ORD-2023-031755,3,PROD-029,1,24.79,22.68
ORD-2023-031755,4,PROD-008,1,9.9,9.79
ORD-2023-031756,1,PROD-055,1,74.65,74.25
ORD-2023-031757,1,PROD-002,2,11.9,23.28
ORD-2023-031758,1,PROD-001,1,12.9,12.58
ORD-2023-031758,2,PROD-010,2,38.03,68.15
ORD-2023-031759,1,PROD-010,3,38.03,107.55
ORD-2023-031760,1,PROD-042,1,73.24,71.83
ORD-2023-031761,1,PROD-034,2,9.01,16.13
ORD-2023-031762,1,PROD-001,2,12.9,24.73
ORD-2023-031763,1,PROD-010,1,38.03,37.1
ORD-2023-031764,1,PROD-019,2,29.58,51.8
ORD-2023-031765,1,PROD-005,1,20.28,18.06
ORD-2023-031766,1,PROD-001,1,12.9,8.63
ORD-2023-031767,1,PROD-042,3,73.24,217.19
ORD-2023-031768,1,PROD-006,2,32.39,61.04
ORD-2023-031769,1,PROD-025,1,21.97,18.78
ORD-2023-031769,2,PROD-026,1,14.65,13.14
ORD-2023-031769,3,PROD-010,1,38.03,30.73
ORD-2023-031770,1,PROD-049,1,80.28,44.31
ORD-2023-031771,1,PROD-004,1,20.28,16.67
ORD-2023-031772,1,PROD-006,2,32.39,63.43
ORD-2023-031773,1,PROD-010,2,38.03,56.63
ORD-2023-031773,2,PROD-033,2,52.11,81.66
ORD-2023-031773,3,PROD-038,1,7.89,6.26
ORD-2023-031774,1,PROD-006,1,32.39,24.75
ORD-2023-031775,1,PROD-010,2,38.03,75.0
ORD-2023-031775,2,PROD-041,3,11.83,34.66
ORD-2023-031775,3,PROD-042,1,73.24,71.04
ORD-2023-031776,1,PROD-031,1,53.52,46.47
ORD-2023-031776,2,PROD-012,1,18.5,16.08
ORD-2023-031777,1,PROD-032,3,19.72,56.07
ORD-2023-031778,1,PROD-006,2,32.39,57.57
ORD-2023-031778,2,PROD-050,1,61.97,59.7
ORD-2023-031779,1,PROD-025,1,21.97,21.92
ORD-2023-031779,2,PROD-029,1,24.79,24.38
ORD-2023-031780,1,PROD-059,1,52.11,28.55
ORD-2023-031781,1,PROD-056,1,101.41,79.04
ORD-2023-031782,1,PROD-005,2,20.28,35.36
ORD-2023-031783,1,PROD-007,1,17.18,16.55
ORD-2023-031784,1,PROD-050,1,61.97,59.71
ORD-2023-031785,1,PROD-055,1,74.65,65.85
ORD-2023-031786,1,PROD-054,1,59.15,52.19
ORD-2023-031787,1,PROD-010,1,38.03,34.34
ORD-2023-031788,1,PROD-010,1,38.03,35.92
ORD-2023-031788,2,PROD-014,3,9.9,29.01
ORD-2023-031788,3,PROD-011,2,14.9,28.57
ORD-2023-031789,1,PROD-010,1,38.03,35.97
ORD-2023-031789,2,PROD-035,2,10.14,18.7
ORD-2023-031789,3,PROD-019,1,29.58,28.0
ORD-2023-031790,1,PROD-002,1,11.9,9.55
ORD-2023-031790,2,PROD-022,1,9.01,8.5
ORD-2023-031791,1,PROD-032,1,19.72,18.53
ORD-2023-031792,1,PROD-037,1,9.86,9.69
ORD-2023-031793,1,PROD-006,1,32.39,28.11
ORD-2023-031793,2,PROD-036,1,11.55,11.05
ORD-2023-031794,1,PROD-005,2,20.28,32.39
ORD-2023-031795,1,PROD-020,1,10.14,9.4
ORD-2023-031796,1,PROD-020,1,10.14,8.77
ORD-2023-031796,2,PROD-030,1,49.3,46.74
ORD-2023-031796,3,PROD-004,2,20.28,36.69
ORD-2023-031796,4,PROD-035,3,10.14,28.42
ORD-2023-031797,1,PROD-044,1,40.85,30.72
ORD-2023-031798,1,PROD-048,1,55.77,50.08
ORD-2023-031799,1,PROD-005,3,20.28,60.14
ORD-2023-031799,2,PROD-007,1,17.18,16.34
ORD-2023-031799,3,PROD-004,1,20.28,18.37
ORD-2023-031800,1,PROD-001,2,12.9,24.27
ORD-2023-031801,1,PROD-001,1,12.9,12.18
ORD-2023-031801,2,PROD-002,1,11.9,11.07
ORD-2023-031802,1,PROD-006,2,32.39,61.6
ORD-2023-031803,1,PROD-036,4,11.55,45.09
ORD-2023-031804,1,PROD-004,2,20.28,39.25
ORD-2023-031804,2,PROD-039,2,8.17,15.55
ORD-2023-031805,1,PROD-012,3,18.5,41.0
ORD-2023-031805,2,PROD-038,2,7.89,7.1
ORD-2023-031806,1,PROD-058,1,39.44,38.94
ORD-2023-031806,2,PROD-010,1,38.03,34.81
ORD-2023-031807,1,PROD-008,2,9.9,8.91
ORD-2023-031808,1,PROD-015,1,26.76,22.55
ORD-2023-031809,1,PROD-004,1,20.28,16.61
ORD-2023-031810,1,PROD-003,2,14.37,26.84
ORD-2023-031811,1,PROD-021,1,15.49,
ORD-2023-031811,2,PROD-028,2,17.18,30.86
ORD-2023-031812,1,PROD-010,1,38.03,32.34
ORD-2023-031813,1,PROD-002,1,11.9,11.23
ORD-2023-031813,2,PROD-010,1,38.03,36.88
ORD-2023-031813,3,PROD-012,2,18.5,35.5
ORD-2023-031813,4,PROD-035,3,10.14,30.13
ORD-2023-031814,1,PROD-030,1,49.3,47.98
ORD-2023-031814,2,PROD-005,2,20.28,39.82
ORD-2023-031814,3,PROD-003,1,14.37,14.09
ORD-2023-031815,1,PROD-031,1,53.52,43.95
ORD-2023-031815,2,PROD-030,1,49.3,44.89
ORD-2023-031815,3,PROD-007,2,17.18,29.66
ORD-2023-031815,4,PROD-060,1,42.25,39.65
ORD-2023-031815,5,PROD-028,1,17.18,15.11
ORD-2023-031816,1,PROD-004,1,20.28,16.3
ORD-2023-031816,2,PROD-032,2,19.72,35.05
ORD-2023-031816,3,PROD-042,3,73.24,201.7
ORD-2023-031816,4,PROD-031,2,53.52,96.64
ORD-2023-031816,5,PROD-010,1,38.03,37.26
ORD-2023-031817,1,PROD-003,3,14.37,36.68
ORD-2023-031817,2,PROD-035,3,10.14,27.21
ORD-2023-031817,3,PROD-005,3,20.28,50.17
ORD-2023-031818,1,PROD-011,2,14.9,13.41
ORD-2023-031819,1,PROD-002,1,11.9,11.14
ORD-2023-031819,2,PROD-010,1,38.03,32.79
ORD-2023-031820,1,PROD-010,1,38.03,33.2
ORD-2023-031821,1,PROD-038,3,7.89,18.15
ORD-2023-031822,1,PROD-001,1,12.9,11.48
ORD-2023-031822,2,PROD-042,3,73.24,167.93
ORD-2023-031822,3,PROD-039,3,8.17,20.77
ORD-2023-031823,1,PROD-008,1,9.9,7.38
ORD-2023-031823,2,PROD-010,2,38.03,54.98
ORD-2023-031824,1,PROD-001,1,12.9,10.93
ORD-2023-031825,1,PROD-034,1,9.01,8.3
ORD-2023-031826,1,PROD-023,1,7.89,7.68
ORD-2023-031826,2,PROD-035,3,10.14,28.64
ORD-2023-031826,3,PROD-045,1,72.68,67.64
ORD-2023-031827,1,PROD-027,1,21.13,10.56
ORD-2023-031828,1,PROD-045,1,72.68,58.17
ORD-2023-031829,1,PROD-006,2,32.39,54.23
ORD-2023-031830,1,PROD-004,3,20.28,53.21
ORD-2023-031831,1,PROD-056,1,101.41,65.31
ORD-2023-031831,2,PROD-005,2,20.28,32.96
ORD-2023-031832,1,PROD-030,2,49.3,79.38
ORD-2023-031833,1,PROD-002,2,11.9,21.36
ORD-2023-031833,2,PROD-001,2,12.9,24.16
ORD-2023-031833,3,PROD-022,2,9.01,16.17
ORD-2023-031833,4,PROD-003,3,14.37,34.44
ORD-2023-031834,1,PROD-003,2,14.37,26.31
ORD-2023-031835,1,PROD-035,2,10.14,19.84
ORD-2023-031836,1,PROD-006,3,32.39,93.69
ORD-2023-031837,1,PROD-022,2,9.01,15.2
ORD-2023-031838,1,PROD-040,4,15.21,51.73
ORD-2023-031838,2,PROD-038,1,7.89,7.75
ORD-2023-031839,1,PROD-001,1,12.9,10.72
ORD-2023-031840,1,PROD-043,1,107.04,89.46
ORD-2023-031841,1,PROD-004,1,20.28,16.82
ORD-2023-031842,1,PROD-005,3,20.28,50.56
ORD-2023-031842,2,PROD-027,1,21.13,17.02
ORD-2023-031843,1,PROD-002,1,11.9,11.62
ORD-2023-031844,1,PROD-006,3,32.39,92.47
ORD-2023-031845,1,PROD-034,1,9.01,8.44
ORD-2023-031846,1,PROD-040,3,15.21,34.26
ORD-2023-031846,2,PROD-010,1,38.03,33.77
ORD-2023-031846,3,PROD-005,1,20.28,18.14
ORD-2023-031846,4,PROD-059,1,52.11,50.1
ORD-2023-031847,1,PROD-006,1,32.39,30.47
ORD-2023-031848,1,PROD-010,2,38.03,69.74
ORD-2023-031849,1,PROD-034,2,9.01,14.36
ORD-2023-031849,2,PROD-003,1,14.37,10.8
ORD-2023-031849,3,PROD-010,1,38.03,32.62
ORD-2023-031850,1,PROD-005,1,20.28,18.63
ORD-2023-031850,2,PROD-043,3,107.04,304.16
ORD-2023-031850,3,PROD-002,1,11.9,9.1
ORD-2023-031850,4,PROD-007,1,17.18,16.23
ORD-2023-031850,5,PROD-041,1,11.83,10.04
ORD-2023-031851,1,PROD-043,1,107.04,92.21
ORD-2023-031851,2,PROD-037,2,9.86,13.54
ORD-2023-031851,3,PROD-040,3,15.21,42.31
ORD-2023-031852,1,PROD-039,3,8.17,22.71
ORD-2023-031853,1,PROD-024,1,8.73,8.45
ORD-2023-031854,1,PROD-021,1,15.49,11.62
ORD-2023-031855,1,PROD-023,1,7.89,5.33
ORD-2023-031856,1,PROD-007,1,17.18,11.47
ORD-2023-031856,2,PROD-034,1,9.01,8.14
ORD-2023-031856,3,PROD-001,2,12.9,16.22
ORD-2023-031856,4,PROD-010,1,38.03,24.37
ORD-2023-031857,1,PROD-049,1,80.28,78.9
ORD-2023-031858,1,PROD-006,1,32.39,31.38
ORD-2023-031859,1,PROD-052,1,46.48,33.96
ORD-2023-031860,1,PROD-044,1,40.85,38.49
ORD-2023-031860,2,PROD-004,2,20.28,32.98
ORD-2023-031861,1,PROD-002,2,11.9,23.11
ORD-2023-031861,2,PROD-034,1,9.01,7.87
ORD-2023-031861,3,PROD-049,1,80.28,76.64
ORD-2023-031861,4,PROD-033,1,52.11,50.0
ORD-2023-031861,5,PROD-023,1,7.89,7.59
ORD-2023-031862,1,PROD-055,1,74.65,59.52
ORD-2023-031863,1,PROD-001,2,12.9,25.66
ORD-2023-031863,2,PROD-042,1,73.24,61.19
ORD-2023-031863,3,PROD-010,3,38.03,112.56
ORD-2023-031864,1,PROD-002,1,11.9,9.25
ORD-2023-031865,1,PROD-050,1,61.97,48.05
ORD-2023-031866,1,PROD-004,1,20.28,16.23
ORD-2023-031866,2,PROD-028,1,17.18,14.04
ORD-2023-031867,1,PROD-023,1,7.89,7.03
ORD-2023-031867,2,PROD-026,2,14.65,28.13
ORD-2023-031867,3,PROD-051,1,36.06,31.1
ORD-2023-031868,1,PROD-009,1,61.97,52.76
ORD-2023-031868,2,PROD-007,1,17.18,16.82
ORD-2023-031868,3,PROD-034,1,9.01,6.61
ORD-2023-031869,1,PROD-056,1,101.41,86.75
ORD-2023-031870,1,PROD-010,1,38.03,36.42
ORD-2023-031870,2,PROD-035,3,10.14,24.19
ORD-2023-031871,1,PROD-041,1,11.83,10.28
ORD-2023-031871,2,PROD-006,2,32.39,61.91
ORD-2023-031872,1,PROD-004,2,20.28,40.5
ORD-2023-031873,1,PROD-010,2,38.03,74.67
ORD-2023-031873,2,PROD-035,3,10.14,30.17
ORD-2023-031873,3,PROD-041,1,11.83,11.81
ORD-2023-031874,1,PROD-010,1,38.03,29.52
ORD-2023-031874,2,PROD-040,1,15.21,14.42
ORD-2023-031875,1,PROD-030,2,49.3,48.64
ORD-2023-031876,1,PROD-029,1,24.79,23.85
ORD-2023-031877,1,PROD-042,1,73.24,71.53
ORD-2023-031877,2,PROD-003,1,14.37,13.72
ORD-2023-031877,3,PROD-035,3,10.14,30.02
ORD-2023-031878,1,PROD-034,2,9.01,17.5
ORD-2023-031879,1,PROD-010,1,38.03,35.09
ORD-2023-031880,1,PROD-004,1,20.28,17.4
ORD-2023-031880,2,PROD-002,1,11.9,11.45
ORD-2023-031880,3,PROD-036,1,11.55,10.54
ORD-2023-031880,4,PROD-010,2,38.03,64.77
ORD-2023-031881,1,PROD-014,2,9.9,16.24
ORD-2023-031881,2,PROD-023,1,7.89,6.75
ORD-2023-031881,3,PROD-052,1,46.48,41.44
ORD-2023-031881,4,PROD-011,1,14.9,11.84
ORD-2023-031882,1,PROD-039,2,8.17,13.47
ORD-2023-031883,1,PROD-037,2,9.86,19.27
ORD-2023-031883,2,PROD-010,2,38.03,69.95
ORD-2023-031884,1,PROD-041,4,11.83,44.11
ORD-2023-031885,1,PROD-023,1,7.89,6.48
ORD-2023-031885,2,PROD-042,4,73.24,251.27
ORD-2023-031886,1,PROD-036,1,11.55,10.9
ORD-2023-031887,1,PROD-039,1,8.17,8.12
ORD-2023-031888,1,PROD-012,2,18.5,26.66
ORD-2023-031889,1,PROD-001,1,12.9,12.27
ORD-2023-031890,1,PROD-035,1,10.14,8.5
ORD-2023-031891,1,PROD-029,1,24.79,22.11
ORD-2023-031892,1,PROD-011,1,14.9,12.57
ORD-2023-031893,1,PROD-039,4,8.17,21.14
ORD-2023-031894,1,PROD-001,1,12.9,10.8
ORD-2023-031895,1,PROD-051,1,36.06,35.8
ORD-2023-031896,1,PROD-003,1,14.37,13.82
ORD-2023-031896,2,PROD-001,1,12.9,12.57
ORD-2023-031897,1,PROD-010,1,38.03,32.72
ORD-2023-031897,2,PROD-060,1,42.25,25.7
ORD-2023-031898,1,PROD-003,2,14.37,21.37
ORD-2023-031899,1,PROD-005,1,20.28,17.15
ORD-2023-031900,1,PROD-026,1,14.65,14.09
ORD-2023-031901,1,PROD-006,1,32.39,30.72
ORD-2023-031902,1,PROD-010,1,38.03,37.12
ORD-2023-031903,1,PROD-022,1,9.01,7.92
ORD-2023-031903,2,PROD-034,2,9.01,13.64
ORD-2023-031903,3,PROD-003,1,14.37,13.87
ORD-2023-031904,1,PROD-001,1,12.9,12.84
ORD-2023-031905,1,PROD-001,2,12.9,19.64
ORD-2023-031906,1,PROD-026,1,14.65,11.3
ORD-2023-031906,2,PROD-010,1,38.03,37.13
ORD-2023-031907,1,PROD-006,2,32.39,63.15
ORD-2023-031908,1,PROD-002,1,11.9,11.22
ORD-2023-031909,1,PROD-037,4,9.86,36.57
ORD-2023-031910,1,PROD-021,2,15.49,25.51
ORD-2023-031910,2,PROD-004,1,20.28,18.26
ORD-2023-031911,1,PROD-006,1,32.39,28.2
ORD-2023-031911,2,PROD-004,1,20.28,13.92
ORD-2023-031912,1,PROD-001,1,12.9,12.14
ORD-2023-031913,1,PROD-008,1,9.9,9.04
ORD-2023-031914,1,PROD-030,2,49.3,88.47
ORD-2023-031915,1,PROD-006,2,32.39,58.19
ORD-2023-031916,1,PROD-006,1,32.39,30.54
ORD-2023-031916,2,PROD-008,2,9.9,18.12
ORD-2023-031916,3,PROD-005,1,20.28,17.09
ORD-2023-031917,1,PROD-001,1,12.9,9.27
ORD-2023-031918,1,PROD-055,1,74.65,58.34
ORD-2023-031919,1,PROD-003,1,14.37,13.94
ORD-2023-031920,1,PROD-036,1,11.55,9.09
ORD-2023-031921,1,PROD-016,2,8.9,14.54
ORD-2023-031922,1,PROD-007,1,17.18,13.54
ORD-2023-031923,1,PROD-005,2,20.28,38.21
ORD-2023-031924,1,PROD-004,1,20.28,19.9
ORD-2023-031925,1,PROD-005,1,20.28,17.07
ORD-2023-031926,1,PROD-001,2,12.9,21.26
ORD-2023-031927,1,PROD-053,1,53.52,51.27
ORD-2023-031927,2,PROD-006,3,32.39,87.57
ORD-2023-031928,1,PROD-037,2,9.86,13.96
ORD-2023-031929,1,PROD-016,1,8.9,8.02
ORD-2023-031929,2,PROD-035,1,10.14,8.74
ORD-2023-031929,3,PROD-038,1,7.89,7.71
ORD-2023-031930,1,PROD-047,1,108.45,103.82
ORD-2023-031930,2,PROD-004,1,20.28,19.83
ORD-2023-031931,1,PROD-010,1,38.03,31.63
ORD-2023-031932,1,PROD-019,1,29.58,27.58
ORD-2023-031932,2,PROD-035,1,10.14,8.83
ORD-2023-031933,1,PROD-010,2,38.03,72.34
ORD-2023-031933,2,PROD-039,2,8.17,12.66
ORD-2023-031934,1,PROD-029,2,24.79,49.08
ORD-2023-031935,1,PROD-005,2,20.28,31.88
ORD-2023-031936,1,PROD-031,1,53.52,43.69
ORD-2023-031936,2,PROD-014,2,9.9,17.86
ORD-2023-031937,1,PROD-005,1,20.28,16.58
ORD-2023-031938,1,PROD-026,1,14.65,11.56
ORD-2023-031939,1,PROD-010,1,38.03,32.12
ORD-2023-031939,2,PROD-009,1,61.97,53.1
ORD-2023-031940,1,PROD-002,2,11.9,-23.64
ORD-2023-031940,2,PROD-033,1,52.11,50.39
ORD-2023-031940,3,PROD-005,1,20.28,20.21
ORD-2023-031941,1,PROD-010,1,38.03,30.57
ORD-2023-031942,1,PROD-023,1,7.89,7.55
ORD-2023-031942,2,PROD-040,2,15.21,29.69
ORD-2023-031942,3,PROD-006,1,32.39,30.66
ORD-2023-031943,1,PROD-002,2,11.9,21.36
ORD-2023-031943,2,PROD-041,3,11.83,34.74
ORD-2023-031943,3,PROD-005,1,20.28,19.88
ORD-2023-031944,1,PROD-022,1,9.01,8.76
ORD-2023-031945,1,PROD-007,2,17.18,25.6
ORD-2023-031945,2,PROD-002,2,11.9,18.01
ORD-2023-031946,1,PROD-008,2,9.9,19.36
ORD-2023-031947,1,PROD-033,1,52.11,50.74
ORD-2023-031948,1,PROD-053,1,53.52,50.23
ORD-2023-031948,2,PROD-005,1,20.28,19.9
ORD-2023-031949,1,PROD-004,1,20.28,18.13
ORD-2023-031950,1,PROD-026,1,14.65,8.08
ORD-2023-031951,1,PROD-001,1,12.9,9.39
ORD-2023-031951,2,PROD-034,1,9.01,6.76
ORD-2023-031951,3,PROD-049,1,80.28,73.16
ORD-2023-031952,1,PROD-004,2,20.28,38.61
ORD-2023-031953,1,PROD-002,2,11.9,22.27
ORD-2023-031954,1,PROD-010,1,38.03,35.09
ORD-2023-031955,1,PROD-033,1,52.11,50.86
ORD-2023-031956,1,PROD-008,3,9.9,27.69
ORD-2023-031956,2,PROD-010,1,38.03,28.15
ORD-2023-031957,1,PROD-006,2,32.39,61.58
ORD-2023-031958,1,PROD-002,1,11.9,11.75
ORD-2023-031959,1,PROD-007,1,17.18,16.97
ORD-2023-031959,2,PROD-006,2,32.39,62.76
ORD-2023-031959,3,PROD-010,2,38.03,73.53
ORD-2023-031960,1,PROD-023,2,7.89,15.18
ORD-2023-031961,1,PROD-002,1,11.9,11.32
ORD-2023-031962,1,PROD-008,1,9.9,9.48
ORD-2023-031963,1,PROD-029,1,24.79,19.98
ORD-2023-031963,2,PROD-019,2,29.58,48.03
ORD-2023-031963,3,PROD-022,2,9.01,14.96
ORD-2023-031964,1,PROD-023,1,7.89,7.62
ORD-2023-031964,2,PROD-048,1,55.77,54.72
ORD-2023-031964,3,PROD-042,1,73.24,67.98
ORD-2023-031965,1,PROD-001,1,12.9,11.02
ORD-2023-031966,1,PROD-008,1,9.9,7.33
ORD-2023-031967,1,PROD-008,1,9.9,9.09
ORD-2023-031968,1,PROD-041,1,11.83,11.18
ORD-2023-031968,2,PROD-005,1,20.28,17.26
ORD-2023-031969,1,PROD-003,1,14.37,13.45
ORD-2023-031969,2,PROD-041,4,11.83,45.88
ORD-2023-031969,3,PROD-006,1,32.39,30.82
ORD-2023-031970,1,PROD-032,1,19.72,18.51
ORD-2023-031970,2,PROD-002,2,11.9,22.85
ORD-2023-031971,1,PROD-019,2,29.58,53.92
ORD-2023-031971,2,PROD-028,1,17.18,13.09
ORD-2023-031971,3,PROD-004,1,20.28,18.82
ORD-2023-031971,4,PROD-041,2,11.83,21.8
ORD-2023-031972,1,PROD-023,1,7.89,5.12
ORD-2023-031972,2,PROD-022,1,9.01,5.14
ORD-2023-031972,3,PROD-028,1,17.18,12.73
ORD-2023-031973,1,PROD-043,2,107.04,191.94
ORD-2023-031974,1,PROD-042,1,73.24,55.31
ORD-2023-031974,2,PROD-001,2,12.9,22.86
ORD-2023-031974,3,PROD-008,2,9.9,16.53
ORD-2023-031975,1,PROD-006,3,32.39,90.84
ORD-2023-031976,1,PROD-006,3,32.39,88.92
ORD-2023-031976,2,PROD-051,1,36.06,32.96
ORD-2023-031977,1,PROD-039,2,8.17,14.31
ORD-2023-031978,1,PROD-036,2,11.55,15.78
ORD-2023-031979,1,PROD-025,1,21.97,20.63
ORD-2023-031980,1,PROD-034,1,9.01,8.02
ORD-2023-031981,1,PROD-036,1,11.55,10.22
ORD-2023-031982,1,PROD-003,1,14.37,11.0
ORD-2023-031982,2,PROD-008,1,9.9,7.73
ORD-2023-031982,3,PROD-032,3,19.72,57.37
ORD-2023-031982,4,PROD-010,1,38.03,36.76
ORD-2023-031982,5,PROD-035,1,10.14,9.14
ORD-2023-031983,1,PROD-007,1,17.18,16.32
ORD-2023-031983,2,PROD-035,2,10.14,19.71
ORD-2023-031984,1,PROD-038,3,7.89,23.56
ORD-2023-031985,1,PROD-030,2,49.3,83.19
ORD-2023-031986,1,PROD-038,1,7.89,6.96
ORD-2023-031987,1,PROD-004,2,20.28,32.17
ORD-2023-031987,2,PROD-047,1,108.45,85.24
ORD-2023-031987,3,PROD-002,1,11.9,10.03
ORD-2023-031988,1,PROD-010,1,38.03,32.15
ORD-2023-031988,2,PROD-021,1,15.49,11.75
ORD-2023-031989,1, PROD-004 ,1,20.28,17.48
ORD-2023-031990,1,PROD-030,1,49.3,33.33
ORD-2023-031990,2,PROD-037,4,9.86,35.48
ORD-2023-031991,1,PROD-019,2,29.58,38.05
ORD-2023-031991,2,PROD-041,1,11.83,5.32
ORD-2023-031992,1,PROD-049,1,80.28,74.16
ORD-2023-031993,1,PROD-004,1,20.28,17.2
ORD-2023-031993,2,PROD-007,2,17.18,32.93
ORD-2023-031993,3,PROD-033,2,52.11,89.26
ORD-2023-031993,4,PROD-006,1,32.39,30.74
ORD-2023-031994,1,PROD-005,1,20.28,19.16
ORD-2023-031994,2,PROD-048,1,55.77,54.45
ORD-2023-031994,3,PROD-001,1,12.9,10.81
ORD-2023-031995,1,PROD-008,2,9.9,14.57
ORD-2023-031996,1,PROD-014,1,9.9,9.66
ORD-2023-031996,2,PROD-032,2,19.72,37.31
ORD-2023-031997,1,PROD-001,1,12.9,11.57
ORD-2023-031998,1,PROD-007,1,17.18,16.8
ORD-2023-031998,2,PROD-006,2,32.39,55.3
ORD-2023-031999,1,PROD-010,1,38.03,33.39
ORD-2023-032000,1,PROD-010,2,38.03,60.12
ORD-2023-032000,2,PROD-047,1,108.45,56.83
ORD-2023-032001,1,PROD-024,2,8.73,17.13
ORD-2023-032001,2,PROD-034,2,9.01,17.44
ORD-2023-032002,1,PROD-004,1,20.28,18.54
ORD-2023-032003,1,PROD-031,1,53.52,49.78
ORD-2023-032004,1,PROD-040,1,15.21,15.0
ORD-2023-032005,1,PROD-039,1,8.17,7.55
ORD-2023-032006,1,PROD-002,2,11.9,22.29
ORD-2023-032007,1,PROD-005,1,20.28,16.15
ORD-2023-032007,2,PROD-018,1,50.7,34.63
ORD-2023-032007,3,PROD-035,2,10.14,16.5
ORD-2023-032008,1,PROD-030,1,49.3,46.33
ORD-2023-032009,1,PROD-005,2,20.28,39.8
ORD-2023-032010,1,PROD-032,1,19.72,19.1
ORD-2023-032010,2,PROD-005,3,20.28,56.58
ORD-2023-032011,1,PROD-003,1,14.37,13.22
ORD-2023-032012,1,PROD-010,1,38.03,27.47
ORD-2023-032012,2,PROD-040,1,15.21,12.84
ORD-2023-032012,3,PROD-055,1,74.65,68.2
ORD-2023-032013,1,PROD-010,1,38.03,37.17
ORD-2023-032014,1,PROD-005,1,20.28,11.29
ORD-2023-032015,1,PROD-004,2,20.28,39.08
ORD-2023-032016,1,PROD-016,1,8.9,8.33
ORD-2023-032017,1,PROD-059,1,52.11,41.17
ORD-2023-032018,1,PROD-051,1,36.06,-30.29
ORD-2023-032018,2,PROD-010,1,38.03,31.66
ORD-2023-032019,1,PROD-042,2,73.24,110.65
ORD-2023-032020,1,PROD-058,1,39.44,32.46
ORD-2023-032021,1,PROD-010,1,38.03,33.92
ORD-2023-032021,2,PROD-024,1,8.73,7.48
ORD-2023-032022,1,PROD-041,3,11.83,34.57
ORD-2023-032023,1,PROD-004,1,20.28,20.02
ORD-2023-032023,2,PROD-005,1,20.28,20.05
ORD-2023-032024,1,PROD-027,1,21.13,20.17
ORD-2023-032025,1,PROD-008,2,9.9,17.51
ORD-2023-032026,1,PROD-003,1,14.37,14.27
ORD-2023-032027,1,PROD-006,1,32.39,22.3
ORD-2023-032028,1,PROD-007,1,17.18,15.31
ORD-2023-032029,1,PROD-010,1,38.03,36.92
ORD-2023-032030,1,PROD-001,1,12.9,12.27
ORD-2023-032030,2,PROD-044,1,40.85,35.43
ORD-2023-032031,1,PROD-031,2,53.52,101.0
ORD-2023-032032,1,PROD-010,1,38.03,37.15
ORD-2023-032033,1,PROD-060,1,42.25,36.62
ORD-2023-032033,2,PROD-005,1,20.28,19.84
ORD-2023-032034,1,PROD-003,1,14.37,14.2
ORD-2023-032034,2,PROD-005,2,20.28,39.59
ORD-2023-032034,3,PROD-034,1,9.01,8.73
ORD-2023-032035,1,PROD-005,1,20.28,20.07
ORD-2023-032036,1,PROD-035,1,10.14,9.59
ORD-2023-032036,2,PROD-036,1,11.55,10.79
ORD-2023-032036,3,PROD-001,1,12.9,11.7
ORD-2023-032036,4,PROD-003,1,14.37,13.2
ORD-2023-032037,1,PROD-039,3,8.17,20.96
ORD-2023-032037,2,PROD-004,3,20.28,54.59
ORD-2023-032037,3,PROD-002,1,11.9,11.31
ORD-2023-032038,1,PROD-017,2,12.5,15.07
ORD-2023-032038,2,PROD-036,4,11.55,20.79
ORD-2023-032039,1,PROD-005,2,20.28,38.56
ORD-2023-032040,1,PROD-006,2,32.39,57.52
ORD-2023-032041,1,PROD-002,3,11.9,31.18
ORD-2023-032042,1,PROD-010,2,38.03,71.06
ORD-2023-032042,2,PROD-012,1,18.5,17.25
ORD-2023-032042,3,PROD-016,1,8.9,8.63
ORD-2023-032043,1,PROD-002,1,11.9,10.65
ORD-2023-032044,1,PROD-010,3,38.03,109.87
ORD-2023-032045,1,PROD-017,1,12.5,12.17
ORD-2023-032045,2,PROD-019,1,29.58,28.24
ORD-2023-032046,1,PROD-004,1,20.28,17.33
ORD-2023-032047,1,PROD-010,1,38.03,29.69
ORD-2023-032048,1,PROD-001,1,12.9,10.26
ORD-2023-032049,1,PROD-021,1,15.49,12.99
ORD-2023-032050,1,PROD-010,2,38.03,72.05
ORD-2023-032051,1,PROD-019,1,29.58,26.75
ORD-2023-032052,1,PROD-010,2,38.03,70.77
ORD-2023-032053,1,PROD-005,2,20.28,34.2
ORD-2023-032053,2,PROD-041,4,11.83,45.6
ORD-2023-032053,3,PROD-008,2,9.9,18.11
ORD-2023-032054,1,PROD-004,1,20.28,16.66
ORD-2023-032054,2,PROD-001,1,12.9,11.88
ORD-2023-032054,3,PROD-022,1,9.01,7.35
ORD-2023-032055,1,PROD-044,1,40.85,38.18
ORD-2023-032056,1,PROD-006,1,32.39,31.35
ORD-2023-032056,2,PROD-040,1,15.21,14.94
ORD-2023-032057,1,PROD-021,2,15.49,29.57
ORD-2023-032057,2,PROD-003,1,14.37,14.13
ORD-2023-032058,1,PROD-005,2,20.28,39.37
ORD-2023-032059,1,PROD-042,1,73.24,60.39
ORD-2023-032060,1,PROD-008,2,9.9,19.74
ORD-2023-032061,1,PROD-003,2,14.37,25.8
ORD-2023-032061,2,PROD-060,1,42.25,40.22
ORD-2023-032062,1,PROD-022,1,9.01,8.67
ORD-2023-032062,2,PROD-004,2,20.28,35.72
ORD-2023-032063,1,PROD-056,1,101.41,65.44
ORD-2023-032064,1,PROD-007,1,17.18,16.96
ORD-2023-032065,1,PROD-016,1,8.9,8.27
ORD-2023-032065,2,PROD-007,2,17.18,32.77
ORD-2023-032065,3,PROD-037,1,9.86,9.55
ORD-2023-032066,1,PROD-006,1,32.39,31.0
ORD-2023-032067,1,PROD-003,1,14.37,13.71
ORD-2023-032068,1,PROD-005,1,20.28,19.3
ORD-2023-032068,2,PROD-004,1,20.28,20.03
ORD-2023-032069,1,PROD-031,1,53.52,50.64
ORD-2023-032069,2,PROD-009,1,61.97,57.33
ORD-2023-032070,1,PROD-019,1,29.58,29.32
ORD-2023-032070,2,PROD-005,2,20.28,40.44
ORD-2023-032070,3,PROD-038,1,7.89,7.34
ORD-2023-032070,4,PROD-035,1,10.14,10.07
ORD-2023-032071,1,PROD-056,1,101.41,92.5
ORD-2023-032072,1,PROD-003,2,14.37,16.37
ORD-2023-032073,1,PROD-007,2,17.18,24.17
ORD-2023-032073,2,PROD-053,1,53.52,34.04
ORD-2023-032074,1,PROD-010,1,38.03,19.06
ORD-2023-032075,1,PROD-029,1,24.79,19.33
ORD-2023-032075,2,PROD-030,1,49.3,30.16
ORD-2023-032076,1,PROD-011,2,14.9,27.84
ORD-2023-032077,1,PROD-040,1,15.21,13.75
ORD-2023-032078,1,PROD-042,1,73.24,70.2
ORD-2023-032079,1,PROD-021,1,15.49,13.05
ORD-2023-032080,1,PROD-019,2,29.58,43.38
ORD-2023-032081,1,PROD-023,1,7.89,7.87
ORD-2023-032082,1,PROD-060,1,42.25,19.01
ORD-2023-032082,2,PROD-030,2,49.3,91.21
ORD-2023-032083,1,PROD-005,1,20.28,18.95
ORD-2023-032083,2,PROD-017,1,12.5,11.97
ORD-2023-032084,1,PROD-003,1,14.37,12.67
ORD-2023-032084,2,PROD-031,1,53.52,46.06
ORD-2023-032085,1,PROD-003,1,14.37,11.03
ORD-2023-032085,2,PROD-027,1,21.13,17.83
ORD-2023-032085,3,PROD-007,3,17.18,50.04
ORD-2023-032085,4,PROD-041,1,11.83,9.87
ORD-2023-032086,1,PROD-036,3,11.55,31.03
ORD-2023-032086,2,PROD-053,1,53.52,46.86
ORD-2023-032086,3,PROD-004,2,20.28,36.37
ORD-2023-032087,1,PROD-002,1,11.9,9.12
ORD-2023-032088,1,PROD-010,1,38.03,32.76
ORD-2023-032088,2,PROD-028,1,17.18,16.72
ORD-2023-032088,3,PROD-020,1,10.14,9.54
ORD-2023-032088,4,PROD-006,1,32.39,27.91
ORD-2023-032089,1,PROD-010,1,38.03,35.12
ORD-2023-032089,2,PROD-005,1,20.28,19.58
ORD-2023-032089,3,PROD-031,2,53.52,99.13
ORD-2023-032090,1,PROD-005,1,20.28,16.2
ORD-2023-032091,1,PROD-005,1,20.28,19.64
ORD-2023-032091,2,PROD-042,3,73.24,215.63
ORD-2023-032091,3,PROD-035,1,10.14,9.77
ORD-2023-032092,1,PROD-035,1,10.14,7.45
ORD-2023-032093,1,PROD-005,1,20.28,18.71
ORD-2023-032093,2,PROD-016,2,8.9,16.89
ORD-2023-032094,1,PROD-010,3,38.03,112.53
ORD-2023-032094,2,PROD-005,2,20.28,39.37
ORD-2023-032094,3,PROD-011,1,14.9,14.39
ORD-2023-032095,1,PROD-039,2,8.17,13.6
ORD-2023-032096,1,PROD-005,3,20.28,58.85
ORD-2023-032097,1,PROD-034,1,9.01,6.91
ORD-2023-032098,1,PROD-031,1,53.52,40.8
ORD-2023-032098,2,PROD-006,2,32.39,61.61
ORD-2023-032098,3,PROD-028,1,17.18,14.84
ORD-2023-032099,1,PROD-014,1,9.9,9.35
ORD-2023-032099,2,PROD-052,1,46.48,42.6
ORD-2023-032099,3,PROD-003,2,14.37,28.39
ORD-2023-032099,4,PROD-020,1,10.14,9.46
ORD-2023-032099,5,PROD-024,1,8.73,7.85
ORD-2023-032100,1,PROD-052,1,46.48,45.47
ORD-2023-032100,2,PROD-042,1,73.24,68.44
ORD-2023-032101,1,PROD-015,1,26.76,23.07
ORD-2023-032102,1,PROD-006,1,32.39,30.39
ORD-2023-032103,1,PROD-033,3,52.11,127.13
ORD-2023-032104,1,PROD-005,1,20.28,19.76
ORD-2023-032104,2,PROD-001,1,12.9,12.5
ORD-2023-032105,1,PROD-030,1,49.3,38.16
ORD-2023-032106,1,PROD-035,2,10.14,16.22
ORD-2023-032106,2,PROD-045,2,72.68,142.45
ORD-2023-032106,3,PROD-001,2,12.9,23.06
ORD-2023-032107,1,PROD-051,1,36.06,32.87
ORD-2023-032108,1,PROD-003,2,14.37,24.98
ORD-2023-032109,1,PROD-030,1,49.3,38.85
ORD-2023-032110,1,PROD-035,3,10.14,22.97
ORD-2023-032110,2,PROD-040,1,15.21,14.19
ORD-2023-032111,1,PROD-010,1,38.03,36.75
ORD-2023-032112,1,PROD-005,1,20.28,15.43
ORD-2023-032112,2,PROD-004,2,20.28,39.22
ORD-2023-032113,1,PROD-042,1,73.24,72.47
ORD-2023-032114,1,PROD-059,1,52.11,42.36
ORD-2023-032115,1,PROD-001,2,12.9,25.18
ORD-2023-032115,2,PROD-004,1,20.28,19.29
ORD-2023-032116,1,PROD-019,1,29.58,23.18
ORD-2023-032116,2,PROD-005,3,20.28,53.62
ORD-2023-032116,3,PROD-003,1,14.37,13.08
ORD-2023-032117,1,PROD-020,2,10.14,19.28
ORD-2023-032118,1,PROD-017,3,12.5,35.07
ORD-2023-032119,1,PROD-002,1,11.9,10.6
ORD-2023-032120,1,PROD-002,2,11.9,23.29
ORD-2023-032120,2,PROD-021,1,15.49,15.01
ORD-2023-032121,1,PROD-034,3,9.01,25.09
ORD-2023-032121,2,PROD-006,1,32.39,30.8
ORD-2023-032122,1,PROD-040,1,15.21,15.03
ORD-2023-032123,1,PROD-042,1,73.24,65.29
ORD-2023-032123,2,PROD-006,1,32.39,28.26
ORD-2023-032123,3,PROD-001,1,12.9,12.47
ORD-2023-032123,4,PROD-007,1,17.18,16.31
ORD-2023-032124,1,PROD-005,1,20.28,18.26
ORD-2023-032125,1,PROD-010,1,38.03,36.19
ORD-2023-032125,2,PROD-004,2,20.28,38.88
ORD-2023-032126,1,PROD-034,1,9.01,8.16
ORD-2023-032126,2,PROD-030,1,49.3,44.21
ORD-2023-032126,3,PROD-040,4,15.21,55.9
ORD-2023-032127,1,PROD-001,1,12.9,12.44
ORD-2023-032127,2,PROD-004,2,20.28,39.28
ORD-2023-032128,1,PROD-004,2,20.28,29.08
ORD-2023-032129,1,PROD-055,1,74.65,72.52
ORD-2023-032130,1,PROD-021,2,15.49,26.81
ORD-2023-032131,1,PROD-015,3,26.76,71.46
ORD-2023-032132,1,PROD-010,2,38.03,67.45
ORD-2023-032133,1,PROD-004,1,20.28,19.32
ORD-2023-032133,2,PROD-006,2,32.39,58.02
ORD-2023-032134,1,PROD-034,2,9.01,15.15
ORD-2023-032135,1,PROD-003,1,14.37,10.82
ORD-2023-032136,1,PROD-006,1,32.39,31.92
ORD-2023-032136,2,PROD-003,2,14.37,27.32
ORD-2023-032137,1,PROD-008,1,9.9,9.34
ORD-2023-032138,1,PROD-006,3,32.39,84.24
ORD-2023-032139,1,PROD-001,1,12.9,12.43
ORD-2023-032140,1,PROD-004,1,20.28,18.25
ORD-2023-032141,1,PROD-042,1,73.24,72.05
ORD-2023-032142,1,PROD-042,2,73.24,142.1
ORD-2023-032143,1,PROD-030,1,49.3,41.49
ORD-2023-032144,1,PROD-010,1,38.03,29.91
ORD-2023-032144,2,PROD-019,1,29.58,23.73
ORD-2023-032145,1,PROD-004,2,20.28,33.31
ORD-2023-032146,1,PROD-005,1,20.28,19.88
ORD-2023-032146,2,PROD-034,2,9.01,17.69
ORD-2023-032147,1,PROD-032,1,19.72,12.37
ORD-2023-032148,1,PROD-016,2,8.9,12.96
ORD-2023-032149,1,PROD-020,2,10.14,18.33
ORD-2023-032149,2,PROD-010,2,38.03,75.02
ORD-2023-032149,3,PROD-007,2,17.18,33.64
ORD-2023-032150,1,PROD-001,2,12.9,23.13
ORD-2023-032150,2,PROD-002,2,11.9,22.84
ORD-2023-032150,3,PROD-032,1,19.72,19.27
ORD-2023-032150,4,PROD-006,1,32.39,31.93
ORD-2023-032151,1,PROD-003,2,14.37,27.82
ORD-2023-032152,1,PROD-040,2,15.21,29.78
ORD-2023-032153,1,PROD-002,1,11.9,8.6
ORD-2023-032154,1,PROD-030,1,49.3,24.78
ORD-2023-032155,1,PROD-019,1,29.58,28.43
ORD-2023-032156,1,PROD-002,1,11.9,10.37
ORD-2023-032156,2,PROD-005,1,20.28,15.44
ORD-2023-032157,1,PROD-001,2,12.9,21.29
ORD-2023-032157,2,PROD-055,1,74.65,72.28
ORD-2023-032158,1,PROD-006,1,32.39,31.05
ORD-2023-032158,2,PROD-027,1,21.13,20.04
ORD-2023-032158,3,PROD-035,1,10.14,9.2
ORD-2023-032158,4,PROD-001,2,12.9,23.95
ORD-2023-032159,1,PROD-030,1,49.3,45.33
ORD-2023-032160,1,PROD-010,3,38.03,98.77
ORD-2023-032160,2,PROD-006,2,32.39,60.98
ORD-2023-032161,1,PROD-006,1,32.39,32.12
ORD-2023-032161,2,PROD-004,3,20.28,53.92
ORD-2023-032161,3,PROD-005,1,20.28,16.92
ORD-2023-032162,1,PROD-040,1,15.21,11.28
ORD-2023-032163,1,PROD-013,1,11.9,8.21
ORD-2023-032163,2,PROD-006,1,32.39,28.58
ORD-2023-032163,3,PROD-002,2,11.9,22.19
ORD-2023-032164,1,PROD-004,2,20.28,36.43
ORD-2023-032165,1,PROD-046,1,259.15,233.99
ORD-2023-032165,2,PROD-015,2,26.76,52.07
ORD-2023-032166,1,PROD-007,2,17.18,31.76
ORD-2023-032167,1,PROD-001,1,12.9,12.29
ORD-2023-032167,2,PROD-036,1,11.55,10.64
ORD-2023-032167,3,PROD-035,1,10.14,9.95
ORD-2023-032167,4,PROD-007,2,17.18,33.48
ORD-2023-032167,5,PROD-040,1,15.21,14.37
ORD-2023-032168,1,PROD-038,1,7.89,5.76
ORD-2023-032169,1,PROD-005,1,20.28,14.38
ORD-2023-032169,2,PROD-034,2,9.01,9.35
ORD-2023-032170,1,PROD-010,1,38.03,36.0
ORD-2023-032170,2,PROD-029,1,24.79,24.03
ORD-2023-032171,1,PROD-007,1,17.18,16.68
ORD-2023-032172,1,PROD-042,1,73.24,71.46
ORD-2023-032173,1,PROD-003,2,14.37,27.02
ORD-2023-032173,2,PROD-034,2,9.01,17.14
ORD-2023-032174,1,PROD-010,2,38.03,72.5
ORD-2023-032175,1,PROD-035,1,10.14,9.3
ORD-2023-032176,1,PROD-026,1,14.65,11.72
ORD-2023-032177,1,PROD-021,2,15.49,29.82
ORD-2023-032177,2,PROD-059,1,52.11,49.97
ORD-2023-032178,1,PROD-056,1,101.41,90.3
ORD-2023-032179,1,PROD-033,1,52.11,51.18
ORD-2023-032180,1,PROD-005,2,20.28,39.83
ORD-2023-032181,1,PROD-008,2,9.9,18.12
ORD-2023-032181,2,PROD-034,3,9.01,25.89
ORD-2023-032182,1,PROD-010,2,38.03,66.71
ORD-2023-032182,2,PROD-036,1,11.55,9.39
ORD-2023-032183,1,PROD-054,1,59.15,49.79
ORD-2023-032184,1,PROD-008,2,9.9,18.57
ORD-2023-032185,1,PROD-034,2,9.01,16.83
ORD-2023-032186,1,PROD-042,2,73.24,117.36
ORD-2023-032187,1,PROD-017,1,12.5,9.59
ORD-2023-032188,1,PROD-056,1,101.41,65.76
ORD-2023-032189,1,PROD-021,1,15.49,14.37
ORD-2023-032189,2,PROD-016,1,8.9,7.6
ORD-2023-032189,3,PROD-002,1,11.9,9.53
ORD-2023-032190,1,PROD-003,2,14.37,23.18
ORD-2023-032190,2,PROD-006,1,32.39,31.56
ORD-2023-032190,3,PROD-010,1,38.03,30.33
ORD-2023-032191,1,PROD-004,1,20.28,17.65
ORD-2023-032191,2,PROD-003,1,14.37,14.26
ORD-2023-032192,1,PROD-003,1,14.37,13.91
ORD-2023-032193,1,PROD-010,2,38.03,71.21
ORD-2023-032193,2,PROD-014,2,9.9,15.82
ORD-2023-032194,1,PROD-006,2,32.39,61.55
ORD-2023-032195,1,PROD-002,3,11.9,34.19
ORD-2023-032195,2,PROD-001,1,12.9,11.85
ORD-2023-032195,3,PROD-034,4,9.01,32.95
ORD-2023-032196,1,PROD-029,2,24.79,47.82
ORD-2023-032196,2,PROD-045,1,72.68,56.6
ORD-2023-032196,3,PROD-030,2,49.3,76.03
ORD-2023-032197,1,PROD-009,1,61.97,60.31
ORD-2023-032197,2,PROD-032,2,19.72,35.05
ORD-2023-032197,3,PROD-018,3,50.7,149.73
ORD-2023-032198,1,PROD-048,1,55.77,44.98
ORD-2023-032199,1,PROD-004,2,20.28,35.72
ORD-2023-032200,1,PROD-006,1,32.39,28.39
ORD-2023-032201,1,PROD-001,2,12.9,11.61
ORD-2023-032201,2,PROD-036,2,11.55,20.58
ORD-2023-032202,1,PROD-040,1,15.21,14.43
ORD-2023-032203,1,PROD-001,1,12.9,12.81
ORD-2023-032204,1,PROD-011,1,14.9,14.47
ORD-2023-032205,1,PROD-021,1,15.49,12.3
ORD-2023-032206,1,PROD-002,2,11.9,22.0
ORD-2023-032206,2,PROD-037,1,9.86,8.64
ORD-2023-032206,3,PROD-008,1,9.9,7.02
ORD-2023-032207,1,PROD-058,1,39.44,38.79
ORD-2023-032208,1,PROD-010,1,38.03,35.09
ORD-2023-032208,2,PROD-004,1,20.28,20.11
ORD-2023-032208,3,PROD-035,1,10.14,9.95
ORD-2023-032209,1,PROD-036,1,11.55,6.33
ORD-2023-032209,2,PROD-040,3,15.21,33.12
ORD-2023-032210,1,PROD-014,2,9.9,19.44
ORD-2023-032211,1,PROD-050,1,61.97,54.53
ORD-2023-032212,1,PROD-001,1,12.9,12.24
ORD-2023-032213,1,PROD-039,1,8.17,5.26
ORD-2023-032214,1,PROD-004,3,20.28,46.62
ORD-2023-032214,2,PROD-010,1,38.03,33.12
ORD-2023-032215,1,PROD-022,2,9.01,17.03
ORD-2023-032215,2,PROD-037,1,9.86,9.57
ORD-2023-032216,1,PROD-010,2,38.03,58.26
ORD-2023-032217,1,PROD-056,1,101.41,79.0
ORD-2023-032218,1,PROD-003,1,14.37,11.02
ORD-2023-032219,1,PROD-008,2,9.9,16.37
ORD-2023-032220,1,PROD-027,1,21.13,20.55
ORD-2023-032220,2,PROD-003,1,14.37,13.98
ORD-2023-032220,3,PROD-004,1,20.28,19.31
 ORD-2023-032221 ,1,PROD-022,1,9.01,8.42
ORD-2023-032222,1,PROD-001,2,12.9,20.44
ORD-2023-032222,2,PROD-006,1,32.39,16.33
ORD-2023-032222,3,PROD-005,2,20.28,32.53
ORD-2023-032222,4,PROD-043,2,107.04,195.88
ORD-2023-032222,5,PROD-007,1,17.18,15.97
ORD-2023-032223,1,PROD-009,1,61.97,57.27
ORD-2023-032223,2,PROD-034,1,9.01,8.71
ORD-2023-032223,3,PROD-001,3,12.9,38.08
ORD-2023-032223,4,PROD-006,2,32.39,63.75
ORD-2023-032224,1,PROD-034,2,9.01,16.12
ORD-2023-032225,1,PROD-002,2,11.9,23.29
ORD-2023-032226,1,PROD-060,1,42.25,38.06
ORD-2023-032227,1,PROD-036,2,11.55,10.39
ORD-2023-032228,1,PROD-002,1,11.9,11.64
ORD-2023-032228,2,PROD-034,2,9.01,17.17
ORD-2023-032229,1,PROD-022,1,9.01,7.4
ORD-2023-032230,1,PROD-003,1,14.37,8.91
ORD-2023-032231,1,PROD-039,3,8.17,22.71
ORD-2023-032232,1,PROD-023,1,7.89,6.84
ORD-2023-032232,2,PROD-035,2,10.14,17.27
ORD-2023-032233,1,PROD-041,2,11.83,21.23
ORD-2023-032233,2,PROD-042,2,73.24,119.35
ORD-2023-032234,1,PROD-040,2,15.21,25.62
ORD-2023-032234,2,PROD-004,1,20.28,17.86
ORD-2023-032234,3,PROD-010,1,38.03,30.98
ORD-2023-032235,1,PROD-006,1,32.39,23.75
ORD-2023-032235,2,PROD-010,3,38.03,90.28
ORD-2023-032235,3,PROD-005,1,20.28,14.7
ORD-2023-032235,4,PROD-034,3,9.01,22.31
ORD-2023-032235,5,PROD-031,1,53.52,50.68
ORD-2023-032236,1,PROD-010,3,38.03,99.77
ORD-2023-032236,2,PROD-019,3,29.58,80.52
ORD-2023-032237,1,PROD-034,1,9.01,8.31
ORD-2023-032238,1,PROD-004,1,20.28,19.91
ORD-2023-032238,2,PROD-013,1,11.9,11.26
ORD-2023-032238,3,PROD-042,2,73.24,142.79
ORD-2023-032239,1,PROD-001,1,12.9,12.69
ORD-2023-032239,2,PROD-045,1,72.68,69.29
ORD-2023-032240,1,PROD-054,1,59.15,48.32
ORD-2023-032240,2,PROD-003,3,14.37,39.75
ORD-2023-032241,1,PROD-030,1,49.3,46.49
ORD-2023-032242,1,PROD-012,2,18.5,22.28
ORD-2023-032243,1,PROD-048,1,55.77,48.5
ORD-2023-032244,1,PROD-032,3,19.72,52.33
ORD-2023-032245,1,PROD-002,2,11.9,20.48
ORD-2023-032245,2,PROD-034,1,9.01,8.5
ORD-2023-032246,1,PROD-004,1,20.28,17.1
ORD-2023-032247,1,PROD-035,3,10.14,13.69
ORD-2023-032247,2,PROD-006,1,32.39,25.74
ORD-2023-032248,1,PROD-058,1,39.44,27.93
ORD-2023-032249,1,PROD-036,2,11.55,21.71
ORD-2023-032250,1,PROD-034,2,9.01,9.47
ORD-2023-032251,1,PROD-007,1,17.18,17.06
ORD-2023-032252,1,PROD-037,3,9.86,27.51
ORD-2023-032253,1,PROD-040,3,15.21,41.13
ORD-2023-032254,1,PROD-004,1,20.28,15.84
ORD-2023-032254,2,PROD-031,1,53.52,28.65
ORD-2023-032255,1,PROD-054,1,59.15,26.62
ORD-2023-032256,1,PROD-041,2,11.83,19.48
ORD-2023-032257,1,PROD-010,2,38.03,73.63
ORD-2023-032257,2,PROD-004,1,20.28,19.4
ORD-2023-032258,1,PROD-012,3,18.5,54.28
ORD-2023-032259,1,PROD-045,1,72.68,61.26
ORD-2023-032259,2,PROD-040,3,15.21,43.45
ORD-2023-032260,1,PROD-028,2,17.18,30.75
ORD-2023-032260,2,PROD-030,2,49.3,92.02
ORD-2023-032260,3,PROD-004,2,20.28,38.56
ORD-2023-032261,1,PROD-031,1,53.52,24.08
ORD-2023-032262,1,PROD-001,1,12.9,9.78
ORD-2023-032263,1,PROD-023,1,7.89,7.29
ORD-2023-032263,2,PROD-006,1,32.39,30.84
ORD-2023-032263,3,PROD-002,2,11.9,22.11
ORD-2023-032264,1,PROD-030,2,49.3,92.2
ORD-2023-032265,1,PROD-008,1,9.9,9.27
ORD-2023-032266,1,PROD-027,2,21.13,34.38
ORD-2023-032267,1,PROD-024,2,8.73,14.46
ORD-2023-032268,1,PROD-013,2,11.9,23.18
ORD-2023-032269,1,PROD-003,2,14.37,28.31
ORD-2023-032269,2,PROD-052,1,46.48,45.45
ORD-2023-032270,1,PROD-005,2,20.28,39.13
ORD-2023-032271,1,PROD-042,1,73.24,32.96
ORD-2023-032272,1,PROD-013,1,11.9,11.11
ORD-2023-032273,1,PROD-005,2,20.28,40.09
ORD-2023-032273,2,PROD-042,2,73.24,136.84
ORD-2023-032274,1,PROD-042,3,73.24,155.76
ORD-2023-032274,2,PROD-056,1,101.41,45.63
ORD-2023-032275,1,PROD-008,2,9.9,19.3
ORD-2023-032276,1,PROD-001,1,12.9,11.12
ORD-2023-032277,1,PROD-041,2,11.83,19.42
ORD-2023-032277,2,PROD-035,1,10.14,8.83
ORD-2023-032278,1,PROD-020,1,10.14,8.11
ORD-2023-032279,1,PROD-060,1,42.25,40.52
ORD-2023-032280,1,PROD-008,1,9.9,9.79
ORD-2023-032280,2,PROD-005,1,20.28,18.34
ORD-2023-032280,3,PROD-004,2,20.28,39.13
ORD-2023-032281,1,PROD-003,1,14.37,12.26
ORD-2023-032282,1,PROD-020,1,10.14,4.56
ORD-2023-032283,1,PROD-004,1,20.28,16.67
ORD-2023-032284,1,PROD-025,1,21.97,17.69
ORD-2023-032284,2,PROD-038,1,7.89,6.58
ORD-2023-032285,1,PROD-006,1,32.39,32.1
ORD-2023-032286,1,PROD-010,1,38.03,33.79
ORD-2023-032287,1,PROD-033,2,52.11,89.17
ORD-2023-032287,2,PROD-005,1,20.28,19.06
ORD-2023-032288,1,PROD-026,2,14.65,27.86
ORD-2023-032289,1,PROD-009,3,61.97,151.61
ORD-2023-032289,2,PROD-042,1,73.24,64.35
ORD-2023-032290,1,PROD-005,1,20.28,18.75
ORD-2023-032291,1,PROD-059,1,52.11,49.94
ORD-2023-032292,1,PROD-017,2,12.5,22.95
ORD-2023-032293,1,PROD-005,3,20.28,57.8
ORD-2023-032293,2,PROD-041,3,11.83,26.86
ORD-2023-032294,1,PROD-051,1,36.06,31.93
ORD-2023-032295,1,PROD-010,1,38.03,32.69
ORD-2023-032296,1,PROD-004,1,20.28,19.99
ORD-2023-032297,1,PROD-056,1,101.41,73.74
ORD-2023-032298,1,PROD-006,1,32.39,28.38
ORD-2023-032299,1,PROD-027,1,21.13,20.79
ORD-2023-032300,1,PROD-008,1,9.9,9.28
ORD-2023-032301,1,PROD-006,2,32.39,57.42
ORD-2023-032301,2,PROD-034,4,9.01,32.18
ORD-2023-032301,3,PROD-014,2,9.9,16.98
ORD-2023-032302,1,PROD-005,1,20.28,19.88
ORD-2023-032303,1,PROD-039,2,8.17,14.95
ORD-2023-032304,1,PROD-036,1,11.55,10.02
ORD-2023-032305,1,PROD-004,2,20.28,36.8
ORD-2023-032306,1,PROD-034,2,9.01,17.22
ORD-2023-032306,2,PROD-040,1,15.21,14.96
ORD-2023-032306,3,PROD-035,1,10.14,9.94
ORD-2023-032306,4,PROD-006,1,32.39,29.95
ORD-2023-032307,1,PROD-022,1,9.01,7.18
ORD-2023-032307,2,PROD-001,1,12.9,12.45
ORD-2023-032308,1,PROD-036,2,11.55,19.43
ORD-2023-032309,1,PROD-055,1,74.65,52.82
ORD-2023-032310,1,PROD-004,2,20.28,33.97
ORD-2023-032310,2,PROD-059,1,52.11,31.2
ORD-2023-032311,1,PROD-021,1,15.49,13.72
ORD-2023-032312,1,PROD-026,1,14.65,13.72
ORD-2023-032313,1,PROD-001,1,12.9,12.07
ORD-2023-032314,1,PROD-004,2,20.28,35.45
ORD-2023-032314,2,PROD-031,1,53.52,52.63
ORD-2023-032315,1,PROD-001,1,12.9,9.03
ORD-2023-032316,1,PROD-060,1,42.25,41.27
ORD-2023-032317,1,PROD-004,1,20.28,18.92
ORD-2023-032318,1,PROD-055,1,74.65,58.7
ORD-2023-032319,1,PROD-015,1,26.76,24.76
ORD-2023-032320,1,PROD-035,1,10.14,8.71
ORD-2023-032321,1,PROD-004,1,20.28,18.35
ORD-2023-032322,1,PROD-041,2,11.83,22.97
ORD-2023-032323,1,PROD-007,1,17.18,14.25
ORD-2023-032324,1,PROD-034,4,9.01,33.66
ORD-2023-032324,2,PROD-003,1,14.37,11.4
ORD-2023-032325,1,PROD-004,1,20.28,19.13
ORD-2023-032325,2,PROD-034,2,9.01,17.28
ORD-2023-032326,1,PROD-021,1,15.49,8.84
ORD-2023-032327,1,PROD-011,1,14.9,7.06
ORD-2023-032327,2,PROD-015,2,26.76,33.42
ORD-2023-032327,3,PROD-038,1,7.89,4.31
ORD-2023-032328,1,PROD-017,1,12.5,10.48
ORD-2023-032328,2,PROD-023,1,7.89,6.03
ORD-2023-032329,1,PROD-042,2,73.24,144.63
ORD-2023-032329,2,PROD-004,1,20.28,19.04
ORD-2023-032329,3,PROD-034,1,9.01,7.53
ORD-2023-032330,1,PROD-001,2,12.9,22.8
ORD-2023-032330,2,PROD-010,1,38.03,36.47
ORD-2023-032331,1,PROD-054,1,59.15,38.97
ORD-2023-032332,1,PROD-055,1,74.65,73.55
ORD-2023-032332,2,PROD-010,2,38.03,73.6
ORD-2023-032333,1,PROD-001,1,12.9,12.57
ORD-2023-032334,1,PROD-004,1,20.28,18.14
ORD-2023-032334,2,PROD-003,1,14.37,13.9
ORD-2023-032334,3,PROD-030,1,49.3,43.81
ORD-2023-032335,1,PROD-004,1,20.28,19.98
ORD-2023-032335,2,PROD-014,2,9.9,18.87
ORD-2023-032335,3,PROD-002,1,11.9,10.86
ORD-2023-032336,1,PROD-002,1,11.9,11.71
ORD-2023-032336,2,PROD-032,2,19.72,38.83
ORD-2023-032337,1,PROD-005,1,20.28,16.57
ORD-2023-032338,1,PROD-036,3,11.55,28.32
ORD-2023-032339,1,PROD-023,1,7.89,7.03
ORD-2023-032340,1,PROD-001,1,12.9,12.11
ORD-2023-032341,1,PROD-010,3,38.03,109.2
ORD-2023-032341,2,PROD-035,2,10.14,18.99
ORD-2023-032342,1,PROD-054,1,59.15,26.62
ORD-2023-032343,1,PROD-007,2,17.18,26.68
ORD-2023-032344,1,PROD-005,1,20.28,20.2
ORD-2023-032344,2,PROD-021,2,15.49,29.98
ORD-2023-032345,1,PROD-042,1,73.24,65.91
ORD-2023-032346,1,PROD-055,1,74.65,70.06
ORD-2023-032347,1,PROD-030,1,49.3,35.13
ORD-2023-032348,1,PROD-011,1,14.9,13.53
ORD-2023-032348,2,PROD-005,1,20.28,19.81
ORD-2023-032348,3,PROD-047,1,108.45,98.62
ORD-2023-032349,1,PROD-035,1,10.14,4.56
ORD-2023-032350,1,PROD-003,1,14.37,13.93
ORD-2023-032351,1,PROD-005,1,20.28,19.18
ORD-2023-032351,2,PROD-001,2,12.9,25.02
ORD-2023-032352,1,PROD-005,1,20.28,17.79
ORD-2023-032352,2,PROD-001,3,12.9,35.57
ORD-2023-032353,1,PROD-005,1,20.28,17.81
ORD-2023-032354,1,PROD-012,2,18.5,35.02
ORD-2023-032354,2,PROD-006,1,32.39,31.63
ORD-2023-032355,1,PROD-003,1,14.37,13.06
ORD-2023-032356,1,PROD-007,1,17.18,14.12
ORD-2023-032356,2,PROD-022,1,9.01,6.36
ORD-2023-032357,1,PROD-004,1,20.28,20.26
ORD-2023-032358,1,PROD-006,3,32.39,43.73
ORD-2023-032358,2,PROD-055,1,74.65,39.23
ORD-2023-032359,1,PROD-037,2,9.86,19.32
ORD-2023-032360,1,PROD-023,1,7.89,7.19
ORD-2023-032361,1,PROD-045,1,72.68,54.78
ORD-2023-032362,1,PROD-023,2,7.89,15.27
ORD-2023-032362,2,PROD-010,3,38.03,108.99
ORD-2023-032363,1,PROD-004,1,20.28,18.43
ORD-2023-032363,2,PROD-046,1,259.15,249.56
ORD-2023-032364,1,PROD-043,1,107.04,104.86
ORD-2023-032365,1,PROD-010,1,38.03,18.01
ORD-2023-032365,2,PROD-039,1,8.17,3.69
ORD-2023-032366,1,PROD-010,1,38.03,33.11
ORD-2023-032367,1,PROD-030,1,49.3,48.24
ORD-2023-032368,1,PROD-039,1,8.17,4.91
ORD-2023-032368,2,PROD-001,1,12.9,12.13
ORD-2023-032369,1,PROD-038,1,7.89,7.6
ORD-2023-032370,1,PROD-004,1,20.28,18.56
ORD-2023-032370,2,PROD-010,2,38.03,69.62
ORD-2023-032371,1,PROD-003,2,14.37,26.89
ORD-2023-032372,1,PROD-053,1,53.52,49.72
ORD-2023-032373,1,PROD-016,2,8.9,16.95
ORD-2023-032374,1,PROD-028,2,17.18,28.2
ORD-2023-032374,2,PROD-004,1,20.28,19.48
ORD-2023-032375,1,PROD-043,1,107.04,92.83
ORD-2023-032375,2,PROD-005,1,20.28,18.69
ORD-2023-032376,1,PROD-001,1,12.9,12.81
ORD-2023-032377,1,PROD-007,1,17.18,15.06
ORD-2023-032377,2,PROD-056,1,101.41,88.23
ORD-2023-032378,1,PROD-049,1,80.28,71.26
ORD-2023-032379,1,PROD-004,1,20.28,17.66
ORD-2023-032380,1,PROD-002,1,11.9,10.76
ORD-2023-032381,1,PROD-035,2,10.14,9.13
ORD-2023-032381,2,PROD-056,1,101.41,47.94
ORD-2023-032382,1,PROD-011,3,14.9,37.19
ORD-2023-032383,1,PROD-010,1,38.03,36.18
ORD-2023-032383,2,PROD-035,2,10.14,19.58
ORD-2023-032384,1,PROD-010,1,38.03,34.55
ORD-2023-032384,2,PROD-002,3,11.9,34.96
ORD-2023-032384,3,PROD-019,2,29.58,48.12
ORD-2023-032385,1,PROD-010,2,38.03,61.2
ORD-2023-032386,1,PROD-026,2,14.65,25.15
ORD-2023-032386,2,PROD-005,1,20.28,19.79
ORD-2023-032387,1,PROD-010,1,38.03,36.03
ORD-2023-032387,2,PROD-034,3,9.01,25.25
ORD-2023-032388,1,PROD-005,2,20.28,33.6
ORD-2023-032389,1,PROD-005,3,20.28,59.25
ORD-2023-032390,1,PROD-001,1,12.9,12.64
ORD-2023-032390,2,PROD-007,1,17.18,16.56
ORD-2023-032390,3,PROD-015,2,26.76,52.1
ORD-2023-032391,1,PROD-036,1,11.55,10.86
ORD-2023-032392,1,PROD-051,1,36.06,24.72
ORD-2023-032392,2,PROD-041,2,11.83,20.73
ORD-2023-032393,1,PROD-004,1,20.28,11.27
ORD-2023-032394,1,PROD-049,2,80.28,137.86
ORD-2023-032394,2,PROD-006,2,32.39,61.46
ORD-2023-032395,1,PROD-035,1,10.14,9.13
ORD-2023-032396,1,PROD-003,3,14.37,37.47
ORD-2023-032396,2,PROD-058,1,39.44,36.74
ORD-2023-032397,1,PROD-026,1,14.65,13.48
ORD-2023-032397,2,PROD-024,1,8.73,5.92
ORD-2023-032398,1,PROD-007,1,17.18,15.12
ORD-2023-032399,1,PROD-009,3,61.97,159.29
ORD-2023-032399,2,PROD-038,1,7.89,5.48
ORD-2023-032399,3,PROD-041,1,11.83,9.98
ORD-2023-032399,4,PROD-035,3,10.14,25.18
ORD-2023-032400,1,PROD-004,1,20.28,18.51
ORD-2023-032401,1,PROD-005,1,20.28,16.95
ORD-2023-032402,1,PROD-006,2,32.39,53.02
ORD-2023-032403,1,PROD-019,1,29.58,28.09
ORD-2023-032404,1,PROD-006,2,32.39,62.73
ORD-2023-032404,2,PROD-019,1,29.58,29.0
ORD-2023-032404,3,PROD-008,1,9.9,7.29
ORD-2023-032405,1,PROD-016,1,8.9,8.37
ORD-2023-032405,2,PROD-037,1,9.86,8.77
ORD-2023-032405,3,PROD-034,2,9.01,16.97
ORD-2023-032406,1,PROD-006,1,32.39,27.64
ORD-2023-032407,1,PROD-058,1,39.44,38.17
ORD-2023-032408,1,PROD-004,1,20.28,18.24
ORD-2023-032409,1,PROD-030,1,49.3,47.26
ORD-2023-032410,1,PROD-030,1,49.3,44.84
ORD-2023-032411,1,PROD-020,1,10.14,9.41
ORD-2023-032412,1,PROD-021,2,15.49,25.61
ORD-2023-032413,1,PROD-019,1,29.58,29.15
ORD-2023-032413,2,PROD-032,2,19.72,38.64
ORD-2023-032414,1,PROD-004,1,20.28,18.23
ORD-2023-032414,2,PROD-035,2,10.14,14.06
ORD-2023-032415,1,PROD-010,1,38.03,36.94
ORD-2023-032415,2,PROD-035,1,10.14,9.45
ORD-2023-032415,3,PROD-038,1,7.89,6.6
ORD-2023-032416,1,PROD-003,2,14.37,27.29
ORD-2023-032417,1,PROD-009,2,61.97,113.8
ORD-2023-032417,2,PROD-006,2,32.39,32.39
ORD-2023-032417,3,PROD-030,1,49.3,34.08
ORD-2023-032418,1,PROD-002,1,11.9,10.61
ORD-2023-032419,1,PROD-029,1,24.79,19.82
ORD-2023-032420,1,PROD-052,1,46.48,41.11
ORD-2023-032421,1,PROD-005,1,20.28,19.66
ORD-2023-032421,2,PROD-042,3,73.24,203.2
ORD-2023-032422,1,PROD-010,3,38.03,111.88
ORD-2023-032423,1,PROD-003,1,14.37,13.48
ORD-2023-032423,2,PROD-042,1,73.24,66.41
ORD-2023-032424,1,PROD-002,1,11.9,10.34
ORD-2023-032424,2,PROD-040,1,15.21,14.54
ORD-2023-032425,1,PROD-007,1,17.18,16.5
ORD-2023-032426,1,PROD-010,1,38.03,24.78
ORD-2023-032427,1,PROD-034,2,9.01,15.09
ORD-2023-032427,2,PROD-010,2,38.03,67.44
ORD-2023-032428,1,PROD-005,1,20.28,18.44
ORD-2023-032429,1,PROD-031,2,53.52,92.49
ORD-2023-032429,2,PROD-003,2,14.37,27.83
ORD-2023-032430,1,PROD-038,2,7.89,13.69
ORD-2023-032431,1,PROD-011,1,14.9,9.68
ORD-2023-032431,2,PROD-044,1,40.85,20.83
ORD-2023-032431,3,PROD-037,1,9.86,8.27
ORD-2023-032432,1,PROD-006,1,32.39,31.88
ORD-2023-032433,1,PROD-042,2,73.24,143.48
ORD-2023-032434,1,PROD-009,2,61.97,122.9
ORD-2023-032435,1,PROD-031,2,53.52,85.64
ORD-2023-032435,2,PROD-016,1,8.9,6.47
ORD-2023-032436,1,PROD-043,1,107.04,101.66
ORD-2023-032437,1,PROD-004,1,20.28,19.62
ORD-2023-032438,1,PROD-004,2,20.28,39.17
ORD-2023-032438,2,PROD-006,3,32.39,92.72
ORD-2023-032438,3,PROD-010,2,38.03,70.11
ORD-2023-032438,4,PROD-003,3,14.37,40.51
ORD-2023-032438,5,PROD-030,1,49.3,42.76
ORD-2023-032439,1,PROD-003,3,14.37,42.35
ORD-2023-032439,2,PROD-013,3,11.9,31.6
ORD-2023-032439,3,PROD-058,1,39.44,37.54
ORD-2023-032440,1,PROD-010,2,38.03,68.91
ORD-2023-032441,1,PROD-013,2,11.9,22.86
ORD-2023-032442,1,PROD-005,2,20.28,40.3
ORD-2023-032443,1,PROD-056,1,101.41,90.25
ORD-2023-032444,1,PROD-004,3,20.28,59.73
ORD-2023-032445,1,PROD-044,1,40.85,36.39
ORD-2023-032446,1,PROD-024,1,8.73,5.98
ORD-2023-032446,2,PROD-055,1,74.65,64.62
ORD-2023-032447,1,PROD-041,1,11.83,11.07
ORD-2023-032448,1,PROD-055,1,74.65,33.59
ORD-2023-032449,1,PROD-002,3,11.9,32.97
ORD-2023-032450,1,PROD-009,2,61.97,121.59
ORD-2023-032450,2,PROD-019,1,29.58,29.26
ORD-2023-032450,3,PROD-041,2,11.83,22.65
ORD-2023-032450,4,PROD-007,2,17.18,34.07
ORD-2023-032450,5,PROD-002,1,11.9,11.41
ORD-2023-032451,1,PROD-019,2,29.58,55.42
ORD-2023-032452,1,PROD-007,1,17.18,16.86
ORD-2023-032452,2,PROD-031,2,53.52,99.7
ORD-2023-032453,1,PROD-001,1,12.9,12.05
ORD-2023-032454,1,PROD-017,1,12.5,10.97
ORD-2023-032454,2,PROD-026,1,14.65,13.2
ORD-2023-032455,1,PROD-001,2,12.9,25.57
ORD-2023-032455,2,PROD-002,1,11.9,11.19
ORD-2023-032456,1,PROD-028,2,17.18,30.38
ORD-2023-032457,1,PROD-030,1,49.3,46.77
ORD-2023-032457,2,PROD-003,2,14.37,27.41
ORD-2023-032458,1,PROD-056,1,101.41,96.0
ORD-2023-032459,1,PROD-006,1,32.39,31.08
ORD-2023-032459,2,PROD-003,1,14.37,13.96
ORD-2023-032460,1,PROD-007,1,17.18,15.04
ORD-2023-032461,1,PROD-002,2,11.9,10.71
ORD-2023-032462,1,PROD-055,1,74.65,57.76
ORD-2023-032463,1,PROD-038,2,7.89,15.18
ORD-2023-032464,1,PROD-005,2,20.28,34.07
ORD-2023-032464,2,PROD-035,1,10.14,7.67
ORD-2023-032464,3,PROD-034,2,9.01,17.47
ORD-2023-032465,1,PROD-002,1,11.9,10.67
ORD-2023-032465,2,PROD-041,2,11.83,19.83
ORD-2023-032466,1,PROD-011,1,14.9,13.12
ORD-2023-032467,1,PROD-060,1,42.25,38.52
ORD-2023-032468,1,PROD-042,1,73.24,47.35
ORD-2023-032469,1,PROD-004,2,20.28,28.36
ORD-2023-032470,1,PROD-004,3,20.28,54.68
ORD-2023-032471,1,PROD-038,2,7.89,14.8
ORD-2023-032471,2,PROD-021,1,15.49,11.55
ORD-2023-032472,1,PROD-005,2,20.28,36.85
ORD-2023-032472,2,PROD-042,3,73.24,193.88
ORD-2023-032472,3,PROD-010,1,38.03,36.08
ORD-2023-032472,4,PROD-002,2,11.9,22.55
ORD-2023-032473,1,PROD-019,2,29.58,54.63
ORD-2023-032473,2,PROD-040,1,15.21,12.36
ORD-2023-032474,1,PROD-010,1,38.03,33.38
ORD-2023-032474,2,PROD-040,2,15.21,27.68
ORD-2023-032475,1,PROD-005,2,20.28,35.02
ORD-2023-032476,1,PROD-042,2,73.24,142.32
ORD-2023-032477,1,PROD-012,1,18.5,14.96
ORD-2023-032477,2,PROD-038,1,7.89,7.37
ORD-2023-032477,3,PROD-024,2,8.73,14.23
ORD-2023-032478,1,PROD-042,1,73.24,59.68
ORD-2023-032479,1,PROD-006,1,32.39,29.8
ORD-2023-032479,2,PROD-004,1,20.28,19.63
ORD-2023-032480,1,PROD-040,2,15.21,26.78
ORD-2023-032480,2,PROD-010,1,38.03,34.56
ORD-2023-032481,1,PROD-012,2,18.5,34.13
ORD-2023-032481,2, PROD-005 ,2,20.28,31.19
ORD-2023-032482,1,PROD-001,1,12.9,9.63
ORD-2023-032483,1,PROD-008,1,9.9,9.55
ORD-2023-032484,1,PROD-036,1,11.55,6.14
ORD-2023-032484,2,PROD-014,1,9.9,5.9
ORD-2023-032485,1,PROD-048,1,55.77,48.46
ORD-2023-032486,1,PROD-054,1,59.15,45.21
ORD-2023-032487,1,PROD-010,1,38.03,35.13
ORD-2023-032488,1,PROD-027,1,21.13,12.16
ORD-2023-032489,1,PROD-001,2,12.9,24.12
ORD-2023-032489,2,PROD-004,2,20.28,33.09
ORD-2023-032489,3,PROD-030,1,49.3,39.09
ORD-2023-032489,4,PROD-041,2,11.83,21.81
ORD-2023-032490,1,PROD-010,3,38.03,100.89
ORD-2023-032491,1,PROD-027,1,21.13,19.23
ORD-2023-032491,2,PROD-004,2,20.28,39.04
ORD-2023-032491,3,PROD-049,1,80.28,75.19
ORD-2023-032492,1,PROD-013,1,11.9,11.65
ORD-2023-032493,1,PROD-021,1,15.49,14.31
ORD-2023-032494,1,PROD-056,1,101.41,98.35
ORD-2023-032495,1,PROD-010,1,38.03,33.78
ORD-2023-032496,1,PROD-022,1,9.01,5.99
ORD-2023-032497,1,PROD-036,1,11.55,11.03
ORD-2023-032498,1,PROD-010,1,38.03,33.95
ORD-2023-032498,2,PROD-028,1,17.18,14.94
ORD-2023-032498,3,PROD-036,2,11.55,18.16
ORD-2023-032499,1,PROD-001,1,12.9,12.68
ORD-2023-032499,2,PROD-029,1,24.79,18.09
ORD-2023-032500,1,PROD-011,1,14.9,9.5
ORD-2023-032500,2,PROD-019,2,29.58,55.01
ORD-2023-032500,3,PROD-003,1,14.37,11.2
ORD-2023-032501,1,PROD-002,1,11.9,9.47
ORD-2023-032501,2,PROD-001,1,12.9,12.43
ORD-2023-032502,1,PROD-010,2,38.03,67.34
ORD-2023-032503,1,PROD-026,1,14.65,13.83
ORD-2023-032503,2,PROD-021,1,15.49,14.26
ORD-2023-032504,1,PROD-049,1,80.28,75.84
ORD-2023-032504,2,PROD-010,1,38.03,36.35
ORD-2023-032505,1,PROD-010,2,38.03,75.3
ORD-2023-032505,2,PROD-005,1,20.28,19.55
ORD-2023-032506,1,PROD-020,1,10.14,9.99
ORD-2023-032507,1,PROD-055,1,74.65,37.48
ORD-2023-032508,1,PROD-055,1,74.65,33.59
ORD-2023-032509,1,PROD-044,1,40.85,26.4
ORD-2023-032510,1,PROD-005,2,20.28,39.61
ORD-2023-032510,2,PROD-036,2,11.55,22.35
ORD-2023-032511,1,PROD-004,1,20.28,19.56
ORD-2023-032512,1,PROD-035,4,10.14,37.06
ORD-2023-032512,2,PROD-058,1,39.44,22.25
ORD-2023-032513,1,PROD-028,1,17.18,13.97
ORD-2023-032513,2,PROD-022,1,9.01,8.25
ORD-2023-032513,3,PROD-038,3,7.89,20.67
ORD-2023-032513,4,PROD-016,1,8.9,8.4
ORD-2023-032514,1,PROD-038,1,7.89,7.29
ORD-2023-032515,1,PROD-006,3,32.39,94.43
ORD-2023-032515,2,PROD-044,1,40.85,38.86
ORD-2023-032515,3,PROD-032,1,19.72,18.54
ORD-2023-032516,1,PROD-052,1,46.48,43.91
ORD-2023-032516,2,PROD-007,1,17.18,11.41
ORD-2023-032517,1,PROD-039,1,8.17,7.52
ORD-2023-032517,2,PROD-005,1,20.28,19.5
ORD-2023-032517,3,PROD-002,1,11.9,11.61
ORD-2023-032518,1,PROD-049,1,80.28,77.55
ORD-2023-032519,1,PROD-008,1,9.9,6.93
ORD-2023-032520,1,PROD-006,2,32.39,60.08
ORD-2023-032520,2,PROD-004,1,20.28,18.13
ORD-2023-032520,3,PROD-038,1,7.89,6.29
ORD-2023-032521,1,PROD-019,1,29.58,24.37
ORD-2023-032521,2,PROD-030,2,49.3,90.81
ORD-2023-032521,3,PROD-018,2,50.7,83.35
ORD-2023-032522,1,PROD-052,2,46.48,78.13
ORD-2023-032522,2,PROD-001,1,12.9,11.14
ORD-2023-032523,1,PROD-010,2,38.03,70.98
ORD-2023-032524,1,PROD-001,1,12.9,11.83
ORD-2023-032525,1,PROD-005,1,20.28,19.65
ORD-2023-032526,1,PROD-010,1,38.03,35.58
ORD-2023-032526,2,PROD-005,1,20.28,18.21
ORD-2023-032526,3,PROD-008,1,9.9,9.23
ORD-2023-032527,1,PROD-007,2,17.18,24.27
ORD-2023-032528,1,PROD-010,1,38.03,35.56
ORD-2023-032528,2,PROD-007,1,17.18,16.85
ORD-2023-032528,3,PROD-059,1,52.11,49.04
ORD-2023-032529,1,PROD-024,1,8.73,6.17
ORD-2023-032530,1,PROD-001,1,12.9,10.8
ORD-2023-032530,2,PROD-008,1,9.9,8.25
ORD-2023-032531,1,PROD-003,1,14.37,13.05
ORD-2023-032531,2,PROD-034,2,9.01,16.63
ORD-2023-032532,1,PROD-008,1,9.9,8.77
ORD-2023-032532,2,PROD-035,1,10.14,8.88
ORD-2023-032532,3,PROD-047,1,108.45,98.91
ORD-2023-032533,1,PROD-010,3,38.03,108.08
ORD-2023-032534,1,PROD-001,3,12.9,34.79
ORD-2023-032535,1,PROD-008,2,9.9,18.54
ORD-2023-032535,2,PROD-034,1,9.01,8.05
ORD-2023-032536,1,PROD-006,3,32.39,60.76
ORD-2023-032536,2,PROD-001,1,12.9,11.67
ORD-2023-032537,1,PROD-010,1,38.03,37.25
ORD-2023-032538,1,PROD-031,1,53.52,46.33
ORD-2023-032538,2,PROD-055,1,74.65,65.58
ORD-2023-032539,1,PROD-004,1,20.28,20.05
ORD-2023-032540,1,PROD-002,2,11.9,22.66
ORD-2023-032540,2,PROD-034,1,9.01,8.89
ORD-2023-032541,1,PROD-042,2,73.24,100.95
ORD-2023-032542,1,PROD-031,1,53.52,46.87
ORD-2023-032543,1,PROD-001,1,12.9,9.36
ORD-2023-032543,2,PROD-035,1,10.14,9.14
ORD-2023-032544,1,PROD-032,4,19.72,48.79
ORD-2023-032544,2,PROD-019,1,29.58,19.4
ORD-2023-032544,3,PROD-002,3,11.9,28.23
ORD-2023-032545,1,PROD-002,2,11.9,23.39
ORD-2023-032545,2,PROD-001,1,12.9,12.8
ORD-2023-032546,1,PROD-003,2,14.37,26.18
ORD-2023-032546,2,PROD-044,1,40.85,40.09
ORD-2023-032546,3,PROD-047,1,108.45,101.28
ORD-2023-032546,4,PROD-039,1,8.17,7.87
ORD-2023-032547,1,PROD-034,3,9.01,18.72
ORD-2023-032547,2,PROD-035,1,10.14,8.89
ORD-2023-032547,3,PROD-017,2,12.5,19.6
ORD-2023-032548,1,PROD-015,2,26.76,50.79
ORD-2023-032549,1,PROD-023,2,7.89,14.37
ORD-2023-032550,1,PROD-012,2,18.5,20.29
ORD-2023-032551,1,PROD-004,1,20.28,18.16
ORD-2023-032551,2,PROD-035,1,10.14,8.3
ORD-2023-032551,3,PROD-002,1,11.9,9.9
ORD-2023-032552,1,PROD-010,2,38.03,71.5
ORD-2023-032553,1,PROD-002,1,11.9,10.36
ORD-2023-032554,1,PROD-005,1,20.28,19.2
ORD-2023-032555,1,PROD-021,2,15.49,18.84
ORD-2023-032556,1,PROD-005,1,20.28,19.7
ORD-2023-032557,1,PROD-010,2,38.03,67.44
ORD-2023-032557,2,PROD-005,2,20.28,35.64
ORD-2023-032557,3,PROD-019,3,29.58,83.45
ORD-2023-032558,1,PROD-010,1,38.03,32.34
ORD-2023-032559,1,PROD-006,2,32.39,52.36
ORD-2023-032560,1,PROD-035,4,10.14,37.89
ORD-2023-032560,2,PROD-037,2,9.86,16.35
ORD-2023-032561,1,PROD-004,2,20.28,38.22
ORD-2023-032561,2,PROD-035,1,10.14,9.79
ORD-2023-032562,1,PROD-021,1,15.49,14.21
ORD-2023-032562,2,PROD-035,1,10.14,8.74
ORD-2023-032562,3,PROD-041,3,11.83,34.69
ORD-2023-032563,1,PROD-010,1,38.03,36.85
ORD-2023-032563,2,PROD-001,1,12.9,6.52
ORD-2023-032563,3,PROD-034,4,9.01,31.48
ORD-2023-032564,1,PROD-001,2,12.9,19.17
ORD-2023-032565,1,PROD-001,2,12.9,24.01
ORD-2023-032566,1, PROD-005 ,1,20.28,17.08
ORD-2023-032567,1,PROD-001,3,12.9,35.88
ORD-2023-032568,1,PROD-002,1,11.9,11.61
ORD-2023-032568,2,PROD-006,1,32.39,30.51
ORD-2023-032568,3,PROD-010,2,38.03,68.7
ORD-2023-032568,4,PROD-022,1,9.01,7.57
ORD-2023-032569,1,PROD-019,2,29.58,47.36
ORD-2023-032570,1,PROD-055,1,74.65,65.97
ORD-2023-032571,1,PROD-055,1,74.65,61.92
ORD-2023-032572,1,PROD-004,3,20.28,56.14
ORD-2023-032572,2,PROD-013,2,11.9,23.37
ORD-2023-032573,1,PROD-007,1,17.18,16.38
ORD-2023-032574,1,PROD-030,1,49.3,25.2
ORD-2023-032575,1,PROD-039,3,8.17,23.38
ORD-2023-032576,1,PROD-002,2,11.9,22.49
ORD-2023-032577,1,PROD-016,2,8.9,17.14
ORD-2023-032578,1,PROD-019,1,29.58,26.93
ORD-2023-032579,1,PROD-010,1,38.03,33.0
ORD-2023-032580,1,PROD-010,1,38.03,37.17
ORD-2023-032580,2,PROD-041,2,11.83,22.67
ORD-2023-032581,1,PROD-003,1,14.37,11.25
ORD-2023-032582,1,PROD-014,1,9.9,9.65
ORD-2023-032582,2,PROD-032,1,19.72,18.94
ORD-2023-032583,1,PROD-006,1,32.39,30.36
ORD-2023-032584,1,PROD-004,2,20.28,39.81
ORD-2023-032584,2,PROD-001,3,12.9,38.28
ORD-2023-032585,1,PROD-005,1,20.28,19.61
ORD-2023-032585,2,PROD-034,2,9.01,17.58
ORD-2023-032585,3,PROD-019,1,29.58,27.46
ORD-2023-032586,1,PROD-030,1,49.3,46.7
ORD-2023-032586,2,PROD-021,1,15.49,14.19
ORD-2023-032586,3,PROD-019,1,29.58,
ORD-2023-032587,1,PROD-035,1,10.14,7.97
ORD-2023-032588,1,PROD-007,1,17.18,15.44
ORD-2023-032588,2,PROD-040,1,15.21,14.66
ORD-2023-032589,1,PROD-021,1,15.49,14.3
ORD-2023-032590,1,PROD-001,1,12.9,12.29
ORD-2023-032590,2,PROD-049,1,80.28,71.85
ORD-2023-032590,3,PROD-033,1,52.11,44.29
ORD-2023-032591,1,PROD-004,2,20.28,31.87
ORD-2023-032592,1,PROD-001,1,12.9,8.52
ORD-2023-032593,1,PROD-030,2,49.3,70.79
ORD-2023-032593,2,PROD-006,3,32.39,69.76
ORD-2023-032593,3,PROD-003,1,14.37,11.43
ORD-2023-032594,1,PROD-010,2,38.03,72.79
ORD-2023-032595,1,PROD-034,2,9.01,14.4
ORD-2023-032596,1,PROD-001,3,12.9,35.07
ORD-2023-032597,1,PROD-026,2,14.65,27.71
ORD-2023-032598,1,PROD-010,1,38.03,23.37
ORD-2023-032598,2,PROD-002,2,11.9,22.95
ORD-2023-032598,3,PROD-003,1,14.37,13.82
ORD-2023-032599,1,PROD-035,2,10.14,18.57
ORD-2023-032600,1,PROD-001,3,12.9,36.33
ORD-2023-032600,2,PROD-036,2,11.55,20.44
ORD-2023-032601,1,PROD-010,1,38.03,31.72
ORD-2023-032602,1,PROD-026,1,14.65,11.88
ORD-2023-032602,2,PROD-020,1,10.14,9.61
ORD-2023-032603,1,PROD-052,1,46.48,39.4
ORD-2023-032603,2,PROD-005,1,20.28,19.32
ORD-2023-032604,1,PROD-054,1,59.15,58.8
ORD-2023-032605,1,PROD-042,2,73.24,137.44
ORD-2023-032606,1,PROD-004,1,20.28,20.09
ORD-2023-032607,1,PROD-039,1,8.17,7.25
ORD-2023-032608,1,PROD-034,3,9.01,24.04
ORD-2023-032608,2,PROD-003,1,14.37,13.02
ORD-2023-032608,3,PROD-026,1,14.65,14.08
ORD-2023-032609,1,PROD-033,1,52.11,51.6
ORD-2023-032610,1,PROD-027,1,21.13,19.42
ORD-2023-032611,1,PROD-006,2,32.39,54.56
ORD-2023-032611,2,PROD-038,2,7.89,15.1
ORD-2023-032612,1,PROD-004,3,20.28,60.6
ORD-2023-032613,1,PROD-023,2,7.89,15.04
ORD-2023-032614,1,PROD-040,3,15.21,44.48
ORD-2023-032614,2,PROD-001,3,12.9,37.64
ORD-2023-032614,3,PROD-004,2,20.28,37.6
ORD-2023-032615,1,PROD-027,1,21.13,16.73
ORD-2023-032615,2,PROD-017,1,12.5,10.79
ORD-2023-032616,1,PROD-051,1,36.06,27.0
ORD-2023-032617,1,PROD-034,1,9.01,8.92
ORD-2023-032618,1,PROD-038,4,7.89,30.75
ORD-2023-032619,1,PROD-006,1,32.39,30.57
ORD-2023-032620,1,PROD-005,1,20.28,16.7
ORD-2023-032620,2,PROD-017,1,12.5,7.84
ORD-2023-032620,3,PROD-035,1,10.14,5.76
ORD-2023-032621,1,PROD-042,3,73.24,184.52
ORD-2023-032622,1,PROD-054,1,59.15,29.32
ORD-2023-032623,1,PROD-058,1,39.44,21.79
ORD-2023-032624,1,PROD-054,1,59.15,26.62
ORD-2023-032625,1,PROD-030,1,49.3,48.57
ORD-2023-032626,1,PROD-005,1,20.28,19.4
ORD-2023-032626,2,PROD-032,2,19.72,36.07
ORD-2023-032626,3,PROD-030,1,49.3,46.68
ORD-2023-032626,4,PROD-035,1,10.14,9.4
ORD-2023-032626,5,PROD-027,1,21.13,20.71
ORD-2023-032627,1,PROD-005,1,20.28,19.78
ORD-2023-032627,2,PROD-037,1,9.86,9.73
ORD-2023-032628,1,PROD-031,1,53.52,51.8
ORD-2023-032629,1,PROD-026,2,14.65,28.28
ORD-2023-032629,2,PROD-036,1,11.55,11.38
ORD-2023-032630,1,PROD-011,2,14.9,22.99
ORD-2023-032631,1,PROD-023,1,7.89,5.61
ORD-2023-032632,1,PROD-005,3,20.28,60.43
ORD-2023-032633,1,PROD-010,1,38.03,36.6
ORD-2023-032634,1,PROD-021,1,15.49,13.94
ORD-2023-032635,1,PROD-006,1,32.39,27.82
ORD-2023-032635,2,PROD-001,1,12.9,9.93
ORD-2023-032636,1,PROD-010,1,38.03,35.49
ORD-2023-032637,1,PROD-046,1,259.15,206.15
ORD-2023-032638,1,PROD-001,2,12.9,21.48
ORD-2023-032639,1,PROD-010,1,38.03,34.43
ORD-2023-032640,1,PROD-007,2,17.18,33.8
ORD-2023-032641,1,PROD-055,1,74.65,71.28
ORD-2023-032641,2,PROD-031,1,53.52,42.85
ORD-2023-032642,1,PROD-011,1,14.9,12.38
ORD-2023-032642,2,PROD-035,1,10.14,8.34
ORD-2023-032643,1,PROD-004,1,20.28,19.5
ORD-2023-032644,1,PROD-048,1,55.77,43.9
ORD-2023-032645,1,PROD-010,1,38.03,37.87
ORD-2023-032646,1,PROD-002,1,11.9,11.4
ORD-2023-032647,1,PROD-010,1,38.03,32.87
ORD-2023-032648,1,PROD-041,1,11.83,11.65
ORD-2023-032648,2,PROD-010,1,38.03,37.11
ORD-2023-032649,1,PROD-044,1,40.85,31.43
ORD-2023-032649,2,PROD-004,1,20.28,17.59
ORD-2023-032650,1,PROD-042,2,73.24,137.76
ORD-2023-032650,2,PROD-010,2,38.03,61.48
ORD-2023-032650,3,PROD-002,1,11.9,10.78
ORD-2023-032651,1,PROD-010,2,38.03,62.89
ORD-2023-032651,2,PROD-034,1,9.01,4.93
ORD-2023-032652,1,PROD-041,3,11.83,25.27
ORD-2023-032652,2,PROD-030,1,49.3,22.18
ORD-2023-032652,3,PROD-022,1,9.01,4.41
ORD-2023-032653,1,PROD-007,2,17.18,18.9
ORD-2023-032654,1,PROD-002,1,11.9,11.13
ORD-2023-032655,1,PROD-013,1,11.9,11.68
ORD-2023-032656,1,PROD-005,2,20.28,37.74
ORD-2023-032657,1,PROD-010,1,38.03,37.78
ORD-2023-032658,1,PROD-035,1,10.14,8.99
ORD-2023-032659,1,PROD-010,1,38.03,36.72
ORD-2023-032659,2,PROD-004,2,20.28,39.74
ORD-2023-032660,1,PROD-002,2,11.9,23.38
ORD-2023-032661,1,PROD-005,3,20.28,47.78
ORD-2023-032662,1,PROD-055,1,74.65,53.85
ORD-2023-032663,1,PROD-008,1,9.9,7.97
ORD-2023-032664,1,PROD-008,1,9.9,8.29
ORD-2023-032665,1,PROD-036,1,11.55,11.4
ORD-2023-032665,2,PROD-030,1,49.3,45.83
ORD-2023-032665,3,PROD-020,1,10.14,9.18
ORD-2023-032666,1,PROD-015,1,26.76,24.92
ORD-2023-032667,1,PROD-038,1,7.89,7.55
ORD-2023-032668,1,PROD-019,2,29.58,47.29
ORD-2023-032669,1,PROD-029,1,24.79,23.22
ORD-2023-032669,2,PROD-002,2,11.9,22.89
ORD-2023-032669,3,PROD-033,1,52.11,49.85
ORD-2023-032670,1,PROD-005,3,20.28,52.81
ORD-2023-032671,1,PROD-055,1,74.65,69.09
ORD-2023-032672,1,PROD-012,3,18.5,54.67
ORD-2023-032673,1,PROD-059,1,52.11,46.07
ORD-2023-032674,1,PROD-001,1,12.9,7.45
ORD-2023-032674,2,PROD-034,3,9.01,21.12
ORD-2023-032675,1,PROD-006,2,32.39,62.12
ORD-2023-032675,2,PROD-004,3,20.28,54.2
ORD-2023-032676,1,PROD-001,1,12.9,10.28
ORD-2023-032677,1,PROD-015,2,26.76,39.31
ORD-2023-032678,1,PROD-005,1,20.28,19.84
ORD-2023-032678,2,PROD-036,1,11.55,11.41
ORD-2023-032679,1,PROD-036,1,11.55,11.03
ORD-2023-032679,2,PROD-021,1,15.49,13.97
ORD-2023-032680,1,PROD-006,2,32.39,57.31
ORD-2023-032680,2,PROD-050,1,61.97,56.13
ORD-2023-032681,1,PROD-024,1,8.73,6.74
ORD-2023-032682,1,PROD-005,1,20.28,19.73
ORD-2023-032683,1,PROD-029,1,24.79,20.79
ORD-2023-032683,2,PROD-041,1,11.83,8.81
ORD-2023-032684,1,PROD-001,1,12.9,12.7
ORD-2023-032684,2,PROD-005,2,20.28,39.68
ORD-2023-032684,3,PROD-021,2,15.49,27.69
ORD-2023-032685,1,PROD-005,1,20.28,18.61
ORD-2023-032686,1,PROD-041,3,11.83,33.28
ORD-2023-032687,1,PROD-006,1,32.39,16.41
ORD-2023-032687,2,PROD-031,1,53.52,26.2
ORD-2023-032688,1,PROD-003,1,14.37,13.63
ORD-2023-032688,2,PROD-001,1,12.9,12.44
ORD-2023-032688,3,PROD-008,3,9.9,27.95
ORD-2023-032689,1,PROD-029,1,24.79,24.43
ORD-2023-032689,2,PROD-035,1,10.14,8.58
ORD-2023-032690,1,PROD-002,1,11.9,11.63
ORD-2023-032691,1,PROD-055,1,74.65,61.28
ORD-2023-032692,1,PROD-010,2,38.03,73.47
ORD-2023-032692,2,PROD-002,1,11.9,10.97
ORD-2023-032692,3,PROD-027,1,21.13,18.8
ORD-2023-032693,1,PROD-032,2,19.72,37.11
ORD-2023-032693,2,PROD-044,1,40.85,20.38
ORD-2023-032693,3,PROD-042,2,73.24,137.12
ORD-2023-032694,1,PROD-007,2,17.18,29.9
ORD-2023-032694,2,PROD-034,2,9.01,17.52
ORD-2023-032694,3,PROD-014,2,9.9,15.96
ORD-2023-032695,1,PROD-004,2,20.28,37.36
ORD-2023-032696,1,PROD-024,1,8.73,7.49
ORD-2023-032696,2,PROD-054,1,59.15,55.6
ORD-2023-032696,3,PROD-030,1,49.3,42.56
ORD-2023-032697,1,PROD-038,1,7.89,7.77
ORD-2023-032698,1,PROD-006,2,32.39,62.71
ORD-2023-032698,2,PROD-014,1,9.9,9.5
ORD-2023-032698,3,PROD-032,2,19.72,38.3
ORD-2023-032698,4,PROD-042,1,73.24,72.29
ORD-2023-032699,1,PROD-026,1,14.65,13.81
ORD-2023-032699,2,PROD-001,1,12.9,11.84
ORD-2023-032700,1,PROD-010,1,38.03,36.21
ORD-2023-032700,2,PROD-035,1,10.14,9.28
ORD-2023-032700,3,PROD-002,1,11.9,11.19
ORD-2023-032701,1,PROD-010,1,38.03,26.59
ORD-2023-032702,1,PROD-002,1,11.9,8.72
ORD-2023-032703,1,PROD-039,2,8.17,15.13
ORD-2023-032703,2,PROD-042,3,73.24,199.09
ORD-2023-032704,1,PROD-004,1,20.28,19.53
ORD-2023-032704,2,PROD-034,2,9.01,17.11
ORD-2023-032704,3,PROD-031,2,53.52,93.29
ORD-2023-032705,1,PROD-003,1,14.37,14.23
ORD-2023-032706,1,PROD-003,1,14.37,12.79
ORD-2023-032706,2,PROD-027,1,21.13,18.39
ORD-2023-032707,1,PROD-004,1,20.28,19.97
ORD-2023-032708,1,PROD-043,3,107.04,274.01
ORD-2023-032709,1,PROD-009,1,61.97,59.4
ORD-2023-032709,2,PROD-040,1,15.21,14.73
ORD-2023-032710,1,PROD-017,1,12.5,12.02
ORD-2023-032711,1,PROD-010,1,38.03,37.73
ORD-2023-032712,1,PROD-054,1,59.15,55.54
ORD-2023-032713,1,PROD-030,1,49.3,48.04
ORD-2023-032714,1,PROD-002,1,11.9,11.21
ORD-2023-032714,2,PROD-020,1,10.14,8.63
ORD-2023-032714,3,PROD-027,1,21.13,20.3
ORD-2023-032715,1,PROD-006,1,32.39,27.32
ORD-2023-032715,2,PROD-050,1,61.97,49.18
ORD-2023-032715,3,PROD-010,2,38.03,58.34
ORD-2023-032716,1,PROD-001,1,12.9,12.56
ORD-2023-032717,1,PROD-039,2,8.17,15.73
ORD-2023-032718,1,PROD-028,1,17.18,7.73
ORD-2023-032719,1,PROD-003,2,14.37,25.83
ORD-2023-032720,1,PROD-003,1,14.37,14.02
ORD-2023-032720,2,PROD-034,1,9.01,8.54
ORD-2023-032720,3,PROD-042,1,73.24,71.2
ORD-2023-032721,1,PROD-012,1,18.5,15.54
ORD-2023-032721,2,PROD-003,1,14.37,10.97
ORD-2023-032722,1,PROD-030,1,49.3,47.25
ORD-2023-032723,1,PROD-038,3,7.89,16.83
ORD-2023-032724,1,PROD-003,3,14.37,42.67
ORD-2023-032725,1,PROD-017,1,12.5,11.11
ORD-2023-032725,2,PROD-031,1,53.52,40.18
ORD-2023-032726,1,PROD-001,1,12.9,12.12
ORD-2023-032727,1,PROD-001,3,12.9,34.08
ORD-2023-032728,1,PROD-004,1,20.28,19.56
ORD-2023-032728,2,PROD-037,2,9.86,19.4
ORD-2023-032729,1,PROD-037,2,9.86,14.7
ORD-2023-032730,1,PROD-002,3,11.9,33.0
ORD-2023-032731,1,PROD-020,1,10.14,9.82
ORD-2023-032732,1,PROD-001,2,12.9,20.73
ORD-2023-032732,2,PROD-037,1,9.86,8.35
ORD-2023-032733,1,PROD-008,1,9.9,8.78
ORD-2023-032734,1,PROD-037,1,9.86,9.45
ORD-2023-032734,2,PROD-005,1,20.28,19.64
ORD-2023-032735,1,PROD-010,1,38.03,32.72
ORD-2023-032736,1,PROD-019,1,29.58,28.49
ORD-2023-032736,2,PROD-001,1,12.9,12.37
ORD-2023-032736,3,PROD-002,1,11.9,10.15
ORD-2023-032736,4,PROD-032,1,19.72,18.55
ORD-2023-032736,5,PROD-010,3,38.03,106.87
ORD-2023-032737,1,PROD-042,1,73.24,66.55
ORD-2023-032738,1,PROD-004,2,20.28,39.02
ORD-2023-032739,1,PROD-020,1,10.14,7.98
ORD-2023-032740,1,PROD-028,1,17.18,16.92
ORD-2023-032741,1,PROD-055,1,74.65,38.39
ORD-2023-032742,1,PROD-047,1,108.45,96.7
ORD-2023-032742,2,PROD-035,2,10.14,19.85
ORD-2023-032743,1,PROD-010,1,38.03,35.18
ORD-2023-032744,1,PROD-010,2,38.03,65.22
ORD-2023-032744,2,PROD-026,1,14.65,13.74
ORD-2023-032744,3,PROD-041,1,11.83,11.27
ORD-2023-032745,1,PROD-059,1,52.11,37.56
ORD-2023-032746,1,PROD-027,1,21.13,12.6
ORD-2023-032747,1,PROD-010,3,38.03,106.4
ORD-2023-032748,1,PROD-029,1,24.79,22.97
ORD-2023-032749,1,PROD-006,1,32.39,24.87
ORD-2023-032749,2,PROD-011,1,14.9,13.11
ORD-2023-032750,1,PROD-036,1,11.55,11.04
ORD-2023-032751,1,PROD-028,1,17.18,14.27
ORD-2023-032751,2,PROD-006,2,32.39,57.77
ORD-2023-032752,1,PROD-006,2,32.39,48.93
ORD-2023-032753,1,PROD-028,1,17.18,13.0
ORD-2023-032753,2,PROD-031,1,53.52,24.08
ORD-2023-032754,1,PROD-032,1,19.72,18.68
ORD-2023-032755,1,PROD-010,2,38.03,61.04
ORD-2023-032756,1,PROD-041,1,11.83,5.32
ORD-2023-032757,1,PROD-059,1,52.11,47.22
ORD-2023-032758,1,PROD-042,1,73.24,70.79
ORD-2023-032759,1,PROD-042,3,73.24,200.23
ORD-2023-032760,1,PROD-004,2,20.28,38.45
ORD-2023-032760,2,PROD-010,2,38.03,71.73
ORD-2023-032760,3,PROD-036,1,11.55,10.81
ORD-2023-032761,1,PROD-019,2,29.58,56.33
ORD-2023-032762,1,PROD-008,1,9.9,7.93
ORD-2023-032762,2,PROD-002,3,11.9,34.01
ORD-2023-032763,1,PROD-029,1,24.79,13.54
ORD-2023-032764,1,PROD-005,2,20.28,39.07
ORD-2023-032764,2,PROD-016,2,8.9,17.07
ORD-2023-032765,1,PROD-012,2,18.5,31.53
ORD-2023-032765,2,PROD-056,1,101.41,77.44
ORD-2023-032766,1,PROD-004,1,20.28,18.78
ORD-2023-032767,1,PROD-038,2,7.89,14.8
ORD-2023-032768,1,PROD-032,4,19.72,61.7
ORD-2023-032768,2,PROD-040,1,15.21,13.09
ORD-2023-032768,3,PROD-004,1,20.28,15.84
ORD-2023-032769,1,PROD-010,1,38.03,34.14
ORD-2023-032770,1,PROD-006,2,32.39,59.78
ORD-2023-032771,1,PROD-014,1,9.9,6.89
ORD-2023-032772,1,PROD-030,1,49.3,22.18
ORD-2023-032772,2,PROD-028,1,17.18,14.57
ORD-2023-032772,3,PROD-034,1,9.01,5.99
ORD-2023-032773,1,PROD-039,1,8.17,7.22
ORD-2023-032774,1,PROD-003,2,14.37,24.74
ORD-2023-032775,1,PROD-001,1,12.9,11.98
ORD-2023-032776,1,PROD-010,1,38.03,27.59
ORD-2023-032777,1,PROD-043,1,107.04,67.63
ORD-2023-032777,2,PROD-058,1,39.44,31.27
ORD-2023-032778,1,PROD-036,1,11.55,9.14
ORD-2023-032779,1,PROD-028,1,17.18,16.53
ORD-2023-032779,2,PROD-037,2,9.86,17.13
ORD-2023-032780,1,PROD-001,1,12.9,12.24
ORD-2023-032780,2,PROD-027,1,21.13,18.48
ORD-2023-032780,3,PROD-007,1,17.18,15.03
ORD-2023-032781,1,PROD-002,1,11.9,11.02
ORD-2023-032781,2,PROD-006,1,32.39,30.31
ORD-2023-032782,1,PROD-003,1,14.37,13.05
ORD-2023-032783,1,PROD-003,2,14.37,22.38
ORD-2023-032784,1,PROD-021,1,15.49,14.7
ORD-2023-032784,2,PROD-047,1,108.45,95.96
ORD-2023-032784,3,PROD-010,1,38.03,36.5
ORD-2023-032785,1,PROD-028,1,17.18,16.5
ORD-2023-032786,1,PROD-042,2,73.24,121.72
ORD-2023-032787,1,PROD-035,3,10.14,29.69
ORD-2023-032787,2,PROD-034,3,9.01,23.31
ORD-2023-032787,3,PROD-003,1,14.37,11.89
ORD-2023-032788,1,PROD-011,1,14.9,12.78
ORD-2023-032789,1,PROD-028,1,17.18,15.02
ORD-2023-032790,1,PROD-005,1,20.28,17.27
ORD-2023-032790,2,PROD-004,1,20.28,17.27
ORD-2023-032790,3,PROD-054,1,59.15,46.13
ORD-2023-032790,4,PROD-007,2,17.18,31.4
ORD-2023-032791,1,PROD-038,3,7.89,18.93
ORD-2023-032792,1,PROD-006,1,32.39,30.69
ORD-2023-032792,2,PROD-031,1,53.52,49.97
ORD-2023-032792,3,PROD-010,1,38.03,34.81
ORD-2023-032793,1,PROD-007,1,17.18,16.17
ORD-2023-032794,1,PROD-004,2,20.28,38.87
ORD-2023-032794,2,PROD-049,1,80.28,79.32
ORD-2023-032794,3,PROD-033,2,52.11,103.81
ORD-2023-032794,4,PROD-003,1,14.37,13.57
ORD-2023-032794,5,PROD-035,1,10.14,9.5
ORD-2023-032795,1,PROD-005,2,20.28,38.94
ORD-2023-032795,2,PROD-021,1,15.49,14.0
ORD-2023-032796,1,PROD-009,1,61.97,55.68
ORD-2023-032796,2,PROD-034,3,9.01,25.62
ORD-2023-032796,3,PROD-017,2,12.5,23.95
ORD-2023-032797,1,PROD-004,1,20.28,17.7
ORD-2023-032797,2,PROD-035,2,10.14,17.94
ORD-2023-032798,1,PROD-020,1,10.14,9.57
ORD-2023-032799,1,PROD-001,2,12.9,24.46
ORD-2023-032800,1,PROD-042,1,73.24,48.26
ORD-2023-032801,1,PROD-005,3,20.28,57.89
ORD-2023-032801,2,PROD-006,2,32.39,61.66
ORD-2023-032801,3,PROD-010,1,38.03,33.93
ORD-2023-032802,1,PROD-003,1,14.37,12.71
ORD-2023-032803,1,PROD-002,1,11.9,11.54
ORD-2023-032803,2,PROD-039,3,8.17,24.18
ORD-2023-032803,3,PROD-041,4,11.83,42.48
ORD-2023-032804,1,PROD-010,1,38.03,37.14
ORD-2023-032804,2,PROD-004,1,20.28,18.09
ORD-2023-032804,3,PROD-005,2,20.28,40.35
ORD-2023-032805,1,PROD-010,2,38.03,68.68
ORD-2023-032806,1,PROD-009,1,61.97,56.14
ORD-2023-032807,1,PROD-010,1,38.03,31.17
ORD-2023-032808,1,PROD-024,1,8.73,8.04
ORD-2023-032808,2,PROD-027,1,21.13,20.33
ORD-2023-032809,1,PROD-006,2,32.39,53.51
ORD-2023-032810,1,PROD-009,2,61.97,72.41
ORD-2023-032811,1,PROD-005,1,20.28,17.96
ORD-2023-032811,2,PROD-035,3,10.14,22.99
ORD-2023-032811,3,PROD-041,4,11.83,37.12
ORD-2023-032812,1,PROD-004,2,20.28,34.8
ORD-2023-032812,2,PROD-042,1,73.24,62.46
ORD-2023-032813,1,PROD-010,2,38.03,71.61
ORD-2023-032814,1,PROD-059,1,52.11,25.12
ORD-2023-032814,2,PROD-042,1,73.24,38.78
ORD-2023-032815,1,PROD-003,2,14.37,28.57
ORD-2023-032816,1,PROD-059,1,52.11,42.65
ORD-2023-032817,1,PROD-004,2,20.28,38.59
ORD-2023-032818,1,PROD-042,2,73.24,128.52
ORD-2023-032818,2,PROD-024,2,8.73,16.9
ORD-2023-032818,3,PROD-004,2,20.28,29.13
ORD-2023-032819,1,PROD-030,1,49.3,28.57
ORD-2023-032820,1,PROD-051,1,36.06,16.52
ORD-2023-032821,1,PROD-030,2,49.3,89.83
ORD-2023-032821,2,PROD-004,1,20.28,19.15
ORD-2023-032822,1,PROD-054,1,59.15,56.7
ORD-2023-032823,1,PROD-010,2,38.03,54.85
ORD-2023-032823,2,PROD-040,3,15.21,37.91
ORD-2023-032823,3,PROD-021,1,15.49,10.1
ORD-2023-032824,1,PROD-020,2,10.14,15.37
ORD-2023-032825,1,PROD-030,1,49.3,42.85
ORD-2023-032826,1,PROD-052,1,46.48,42.67
ORD-2023-032827,1,PROD-004,1,20.28,15.23
ORD-2023-032827,2,PROD-042,3,73.24,213.28
ORD-2023-032828,1,PROD-002,1,11.9,11.05
ORD-2023-032828,2,PROD-004,2,20.28,40.22
ORD-2023-032829,1,PROD-053,1,53.52,
ORD-2023-032830,1,PROD-001,3,12.9,29.5
ORD-2023-032830,2,PROD-003,1,14.37,13.24
ORD-2023-032830,3,PROD-005,1,20.28,19.36
ORD-2023-032831,1,PROD-011,1,14.9,11.93
ORD-2023-032831,2,PROD-041,2,11.83,15.63
ORD-2023-032832,1,PROD-010,3,38.03,110.9
ORD-2023-032833,1,PROD-026,2,14.65,28.56
ORD-2023-032834,1,PROD-010,1,38.03,28.72
ORD-2023-032834,2,PROD-051,1,36.06,34.13
ORD-2023-032834,3,PROD-045,1,72.68,58.37
ORD-2023-032835,1,PROD-045,1,72.68,67.7
ORD-2023-032835,2,PROD-016,2,8.9,16.53
ORD-2023-032836,1,PROD-007,1,17.18,16.9
ORD-2023-032836,2,PROD-035,1,10.14,9.67
ORD-2023-032837,1,PROD-004,3,20.28,49.96
ORD-2023-032838,1,PROD-029,1,24.79,23.38
ORD-2023-032839,1,PROD-040,2,15.21,30.13
ORD-2023-032840,1,PROD-006,1,32.39,30.31
ORD-2023-032840,2,PROD-060,1,42.25,39.49
ORD-2023-032840,3,PROD-025,2,21.97,37.33
ORD-2023-032841,1,PROD-030,1,49.3,37.12
ORD-2023-032841,2,PROD-032,2,19.72,37.28
ORD-2023-032842,1,PROD-019,2,29.58,54.21
ORD-2023-032843,1,PROD-037,1,9.86,9.3
ORD-2023-032843,2,PROD-003,1,14.37,13.11
ORD-2023-032844,1,PROD-031,2,53.52,79.21
ORD-2023-032844,2,PROD-017,1,12.5,8.21
ORD-2023-032845,1,PROD-004,1,20.28,16.43
ORD-2023-032845,2,PROD-007,2,17.18,31.52
ORD-2023-032845,3,PROD-035,3,10.14,25.8
ORD-2023-032846,1,PROD-004,1,20.28,20.09
ORD-2023-032846,2,PROD-005,1,20.28,19.39
ORD-2023-032847,1,PROD-030,2,49.3,67.9
ORD-2023-032847,2,PROD-053,1,53.52,43.9
ORD-2023-032848,1,PROD-007,2,17.18,31.36
ORD-2023-032849,1,PROD-043,2,107.04,203.48
ORD-2023-032850,1,PROD-042,2,73.24,137.03
ORD-2023-032851,1,PROD-024,1,8.73,7.13
ORD-2023-032851,2,PROD-051,1,36.06,33.29
ORD-2023-032852,1,PROD-008,1,9.9,5.23
ORD-2023-032853,1,PROD-017,1,12.5,12.01
ORD-2023-032853,2,PROD-032,4,19.72,76.66
ORD-2023-032853,3,PROD-004,1,20.28,19.38
ORD-2023-032854,1,PROD-019,1,29.58,29.1
ORD-2023-032855,1,PROD-035,1,10.14,9.48
ORD-2023-032855,2,PROD-034,1,9.01,8.59
ORD-2023-032856,1,PROD-008,2,9.9,13.55
ORD-2023-032857,1,PROD-059,1,52.11,24.52
ORD-2023-032858,1,PROD-002,1,11.9,11.5
ORD-2023-032859,1,PROD-002,1,11.9,11.14
ORD-2023-032860,1,PROD-006,2,32.39,63.76
ORD-2023-032861,1,PROD-056,1,101.41,96.26
ORD-2023-032862,1,PROD-010,1,38.03,34.7
ORD-2023-032862,2,PROD-008,2,9.9,18.58
ORD-2023-032863,1,PROD-019,1,29.58,26.91
ORD-2023-032864,1,PROD-054,1,59.15,26.62
ORD-2023-032865,1,PROD-014,3,9.9,22.44
ORD-2023-032865,2,PROD-012,2,18.5,36.83
ORD-2023-032865,3,PROD-001,1,12.9,11.44
ORD-2023-032865,4,PROD-039,1,8.17,7.61
ORD-2023-032866,1,PROD-030,1,49.3,40.13
ORD-2023-032867,1,PROD-022,2,9.01,12.3
ORD-2023-032868,1,PROD-006,1,32.39,28.94
ORD-2023-032869,1,PROD-020,1,10.14,9.77
ORD-2023-032870,1,PROD-034,1,9.01,8.15
ORD-2023-032870,2,PROD-056,1,101.41,70.6
ORD-2023-032871,1,PROD-040,1,15.21,13.54
ORD-2023-032872,1,PROD-050,1,61.97,58.23
ORD-2023-032873,1,PROD-020,2,10.14,18.44
ORD-2023-032873,2,PROD-039,2,8.17,12.71
ORD-2023-032873,3,PROD-019,1,29.58,27.94
ORD-2023-032874,1,PROD-006,1,32.39,26.33
ORD-2023-032874,2,PROD-005,2,20.28,34.17
ORD-2023-032875,1,PROD-044,1,40.85,29.64
ORD-2023-032876,1,PROD-059,1,52.11,46.85
ORD-2023-032877,1,PROD-042,1,73.24,55.42
ORD-2023-032877,2,PROD-001,1,12.9,10.94
ORD-2023-032878,1,PROD-011,3,14.9,42.16
ORD-2023-032879,1,PROD-031,1,53.52,48.49
ORD-2023-032879,2,PROD-003,3,14.37,40.98
ORD-2023-032880,1,PROD-001,1,12.9,11.61
ORD-2023-032881,1,PROD-004,1,20.28,19.18
ORD-2023-032882,1,PROD-017,1,12.5,11.86
ORD-2023-032882,2,PROD-019,2,29.58,48.48
ORD-2023-032883,1,PROD-034,1,9.01,6.56
ORD-2023-032884,1,PROD-056,1,101.41,90.85
ORD-2023-032885,1,PROD-012,1,18.5,13.52
ORD-2023-032886,1,PROD-007,1,17.18,12.12
ORD-2023-032887,1,PROD-056,1,101.41,95.79
ORD-2023-032888,1,PROD-051,1,36.06,27.8
ORD-2023-032889,1,PROD-034,2,9.01,16.71
ORD-2023-032889,2,PROD-019,2,29.58,58.31
ORD-2023-032890,1,PROD-010,2,38.03,72.38
ORD-2023-032891,1,PROD-002,2,11.9,21.22
ORD-2023-032892,1,PROD-035,3,10.14,27.12
ORD-2023-032892,2,PROD-010,2,38.03,55.49
ORD-2023-032892,3,PROD-024,1,8.73,6.18
ORD-2023-032893,1,PROD-042,1,73.24,67.56
ORD-2023-032894,1,PROD-016,1,8.9,7.44
ORD-2023-032895,1,PROD-004,1,20.28,19.6
ORD-2023-032895,2,PROD-034,3,9.01,26.36
ORD-2023-032896,1,PROD-039,1,8.17,7.48
ORD-2023-032897,1,PROD-004,1,20.28,19.07
ORD-2023-032898,1,PROD-001,1,12.9,12.6
ORD-2023-032898,2,PROD-031,1,53.52,52.11
ORD-2023-032899,1,PROD-004,3,20.28,57.41
ORD-2023-032900,1,PROD-019,1,29.58,27.75
ORD-2023-032900,2,PROD-006,1,32.39,27.31
ORD-2023-032900,3,PROD-041,2,11.83,21.73
ORD-2023-032901,1,PROD-003,1,14.37,12.1
ORD-2023-032902,1,PROD-001,2,12.9,25.09
ORD-2023-032903,1,PROD-008,1,9.9,9.55
ORD-2023-032904,1,PROD-040,1,15.21,12.8
ORD-2023-032905,1,PROD-010,2,38.03,72.25
ORD-2023-032905,2,PROD-042,1,73.24,70.76
ORD-2023-032906,1,PROD-006,2,32.39,61.42
ORD-2023-032906,2,PROD-010,1,38.03,27.75
ORD-2023-032907,1,PROD-030,1,49.3,40.57
ORD-2023-032907,2,PROD-020,2,10.14,17.51
ORD-2023-032908,1,PROD-001,2,12.9,23.01
ORD-2023-032908,2,PROD-006,2,32.39,57.14
ORD-2023-032909,1,PROD-039,1,8.17,7.78
ORD-2023-032910,1,PROD-053,1,53.52,48.63
ORD-2023-032910,2,PROD-030,1,49.3,47.5
ORD-2023-032911,1,PROD-050,1,61.97,59.79
ORD-2023-032912,1,PROD-003,1,14.37,12.89
ORD-2023-032912,2,PROD-022,2,9.01,17.35
ORD-2023-032913,1,PROD-005,1,20.28,19.5
ORD-2023-032914,1,PROD-058,1,39.44,24.23
ORD-2023-032915,1,PROD-004,3,20.28,50.1
ORD-2023-032916,1,PROD-002,3,11.9,24.99
ORD-2023-032917,1,PROD-042,1,73.24,59.71
ORD-2023-032917,2,PROD-002,1,11.9,11.08
ORD-2023-032918,1,PROD-010,3,38.03,111.84
ORD-2023-032919,1,PROD-027,1,21.13,19.79
ORD-2023-032920,1,PROD-032,1,19.72,17.55
ORD-2023-032921,1,PROD-004,1,20.28,19.59
ORD-2023-032922,1,PROD-034,1,9.01,7.63
ORD-2023-032923,1,PROD-010,1,38.03,34.76
ORD-2023-032923,2,PROD-006,1,32.39,23.06
ORD-2023-032923,3,PROD-035,1,10.14,8.4
ORD-2023-032923,4,PROD-041,2,11.83,20.67
ORD-2023-032924,1,PROD-006,2,32.39,60.21
ORD-2023-032925,1,PROD-001,2,12.9,21.11
ORD-2023-032925,2,PROD-007,2,17.18,32.36
ORD-2023-032925,3,PROD-034,2,9.01,17.4
ORD-2023-032925,4,PROD-037,1,9.86,9.66
ORD-2023-032926,1,PROD-010,1,38.03,37.78
ORD-2023-032927,1,PROD-005,1,20.28,19.7
ORD-2023-032928,1,PROD-010,1,38.03,35.98
ORD-2023-032929,1,PROD-021,2,15.49,26.86
ORD-2023-032930,1,PROD-042,2,73.24,143.02
ORD-2023-032931,1,PROD-015,2,26.76,
ORD-2023-032932,1,PROD-013,1,11.9,7.35
ORD-2023-032932,2,PROD-002,1,11.9,11.21
ORD-2023-032933,1,PROD-030,1,49.3,42.98
ORD-2023-032933,2,PROD-010,1,38.03,35.97
ORD-2023-032934,1,PROD-006,1,32.39,27.05
ORD-2023-032935,1,PROD-022,1,9.01,7.04
ORD-2023-032936,1,PROD-011,2,14.9,27.42
ORD-2023-032936,2,PROD-008,2,9.9,19.11
ORD-2023-032937,1,PROD-004,3,20.28,58.91
ORD-2023-032938,1,PROD-037,2,9.86,17.07
ORD-2023-032939,1,PROD-032,2,19.72,39.03
ORD-2023-032940,1,PROD-005,2,20.28,40.5
ORD-2023-032941,1,PROD-001,1,12.9,10.79
ORD-2023-032941,2,PROD-005,3,20.28,50.89
ORD-2023-032942,1,PROD-029,1,24.79,21.14
ORD-2023-032943,1,PROD-009,1,61.97,53.39
ORD-2023-032943,2,PROD-010,2,38.03,73.2
ORD-2023-032944,1,PROD-045,1,72.68,63.97
ORD-2023-032945,1,PROD-026,1,14.65,7.75
ORD-2023-032946,1,PROD-006,2,32.39,56.3
ORD-2023-032946,2,PROD-034,3,9.01,25.78
ORD-2023-032947,1,PROD-013,2,11.9,10.71
ORD-2023-032947,2,PROD-017,2,12.5,11.25
ORD-2023-032948,1,PROD-008,1,9.9,9.25
ORD-2023-032948,2,PROD-001,2,12.9,23.48
ORD-2023-032948,3,PROD-005,1,20.28,16.56
ORD-2023-032948,4,PROD-034,1,9.01,8.14
ORD-2023-032948,5,PROD-054,1,59.15,51.67
ORD-2023-032949,1,PROD-001,1,12.9,12.7
ORD-2023-032950,1,PROD-033,1,52.11,51.28
ORD-2023-032950,2,PROD-006,1,32.39,31.94
ORD-2023-032950,3,PROD-008,1,9.9,9.52
ORD-2023-032951,1,PROD-004,1,20.28,17.53
ORD-2023-032952,1,PROD-009,1,61.97,44.22
ORD-2023-032953,1,PROD-010,1,38.03,37.03
ORD-2023-032954,1,PROD-038,2,7.89,15.4
ORD-2023-032955,1,PROD-001,3,12.9,35.03
ORD-2023-032956,1,PROD-039,1,8.17,7.27
ORD-2023-032957,1,PROD-006,1,32.39,29.39
ORD-2023-032957,2,PROD-023,1,7.89,6.42
ORD-2023-032958,1,PROD-004,1,20.28,20.05
ORD-2023-032959,1,PROD-006,1,32.39,30.24
ORD-2023-032960,1,PROD-008,1,9.9,9.63
ORD-2023-032960,2,PROD-006,1,32.39,30.94
ORD-2023-032961,1,PROD-001,1,12.9,10.93
ORD-2023-032961,2,PROD-007,2,17.18,31.99
ORD-2023-032961,3,PROD-032,2,19.72,34.88
ORD-2023-032962,1,PROD-001,1,12.9,10.19
ORD-2023-032962,2,PROD-019,2,29.58,53.36
ORD-2023-032962,3,PROD-012,1,18.5,17.54
ORD-2023-032963,1,PROD-042,1,73.24,67.85
ORD-2023-032963,2,PROD-002,1,11.9,10.91
ORD-2023-032964,1,PROD-027,1,21.13,15.73
ORD-2023-032965,1,PROD-052,1,46.48,38.59
ORD-2023-032965,2,PROD-032,3,19.72,46.6
ORD-2023-032966,1,PROD-036,2,11.55,22.36
ORD-2023-032966,2,PROD-032,1,19.72,18.32
ORD-2023-032967,1,PROD-011,1,14.9,13.79
ORD-2023-032968,1,PROD-031,2,53.52,86.67
ORD-2023-032969,1,PROD-033,1,52.11,48.8
ORD-2023-032969,2,PROD-005,1,20.28,15.41
ORD-2023-032969,3,PROD-054,1,59.15,56.93
ORD-2023-032970,1,PROD-006,3,32.39,88.5
ORD-2023-032971,1,PROD-010,1,38.03,37.68
ORD-2023-032971,2,PROD-034,3,9.01,25.3
ORD-2023-032972,1,PROD-001,2,12.9,20.97
ORD-2023-032973,1,PROD-027,2,21.13,40.17
ORD-2023-032974,1,PROD-007,2,17.18,33.93
ORD-2023-032975,1,PROD-003,3,14.37,39.89
ORD-2023-032976,1,PROD-034,1,9.01,8.98
ORD-2023-032976,2,PROD-042,1,73.24,71.34
ORD-2023-032976,3,PROD-041,1,11.83,11.48
ORD-2023-032977,1,PROD-060,1,42.25,30.44
ORD-2023-032978,1,PROD-019,1,29.58,28.6
ORD-2023-032978,2,PROD-042,3,73.24,146.03
ORD-2023-032978,3,PROD-005,3,20.28,56.55
ORD-2023-032979,1,PROD-022,1,9.01,8.23
ORD-2023-032980,1,PROD-040,4,15.21,41.43
ORD-2023-032980,2,PROD-030,2,49.3,95.84
ORD-2023-032981,1,PROD-004,1,20.28,16.77
ORD-2023-032981,2,PROD-032,2,19.72,35.28
ORD-2023-032982,1,PROD-043,1,107.04,87.56
ORD-2023-032983,1,PROD-005,2,20.28,37.95
ORD-2023-032984,1,PROD-023,1,7.89,7.52
ORD-2023-032985,1,PROD-027,1,21.13,19.64
ORD-2023-032986,1,PROD-004,2,20.28,38.31
ORD-2023-032987,1,PROD-010,1,38.03,31.49
ORD-2023-032988,1,PROD-010,2,38.03,65.57
ORD-2023-032988,2,PROD-021,2,15.49,21.26
ORD-2023-032988,3,PROD-005,1,20.28,16.48
ORD-2023-032989,1,PROD-032,2,19.72,25.57
ORD-2023-032990,1,PROD-005,2,20.28,30.58
ORD-2023-032991,1,PROD-005,2,20.28,38.58
ORD-2023-032991,2,PROD-003,2,14.37,27.76
ORD-2023-032991,3,PROD-032,1,19.72,19.23
ORD-2023-032992,1,PROD-014,1,9.9,7.39
ORD-2023-032993,1,PROD-002,1,11.9,11.73
ORD-2023-032993,2,PROD-003,1,14.37,13.62
ORD-2023-032994,1,PROD-004,1,20.28,10.3
ORD-2023-032995,1,PROD-007,3,17.18,49.98
ORD-2023-032996,1,PROD-035,2,10.14,11.78
ORD-2023-032997,1,PROD-031,1,53.52,24.08
ORD-2023-032998,1,PROD-020,1,10.14,5.81
ORD-2023-032998,2,PROD-004,1,20.28,16.26
ORD-2023-032999,1,PROD-040,3,15.21,44.98
ORD-2023-033000,1,PROD-005,2,20.28,35.31
ORD-2023-033000,2,PROD-044,1,40.85,39.51
ORD-2023-033001,1,PROD-036,1,11.55,11.27
ORD-2023-033002,1,PROD-014,2,9.9,18.92
ORD-2023-033003,1,PROD-002,2,11.9,22.71
ORD-2023-033003,2,PROD-028,1,17.18,16.13
ORD-2023-033004,1,PROD-045,1,72.68,32.71
ORD-2023-033005,1,PROD-015,1,26.76,13.87
ORD-2023-033006,1,PROD-007,2,17.18,23.16
ORD-2023-033006,2,PROD-039,1,8.17,7.36
ORD-2023-033007,1,PROD-008,2,9.9,18.87
ORD-2023-033007,2,PROD-005,1,20.28,19.33
ORD-2023-033008,1,PROD-005,3,20.28,58.95
ORD-2023-033008,2,PROD-035,3,10.14,27.78
ORD-2023-033008,3,PROD-047,1,108.45,103.24
ORD-2023-033009,1,PROD-041,2,11.83,23.19
ORD-2023-033010,1,PROD-002,1,11.9,10.9
ORD-2023-033010,2,PROD-005,3,20.28,56.42
ORD-2023-033011,1,PROD-042,1,73.24,54.1
ORD-2023-033012,1,PROD-034,1,9.01,8.29
ORD-2023-033013,1,PROD-004,2,20.28,39.85
ORD-2023-033014,1,PROD-003,2,14.37,27.49
ORD-2023-033015,1,PROD-022,1,9.01,8.5
ORD-2023-033016,1,PROD-016,1,8.9,8.76
ORD-2023-033017,1,PROD-004,2,20.28,40.14
ORD-2023-033018,1,PROD-010,1,38.03,36.34
ORD-2023-033019,1,PROD-056,1,101.41,100.45
ORD-2023-033020,1,PROD-030,2,49.3,76.79
ORD-2023-033020,2,PROD-031,1,53.52,43.68
ORD-2023-033021,1,PROD-021,1,15.49,14.57
ORD-2023-033021,2,PROD-054,1,59.15,57.5
ORD-2023-033021,3,PROD-005,1,20.28,20.02
ORD-2023-033021,4,PROD-026,1,14.65,13.8
ORD-2023-033022,1,PROD-006,2,32.39,57.91
ORD-2023-033023,1,PROD-006,1,32.39,29.12
ORD-2023-033024,1,PROD-044,1,40.85,38.08
ORD-2023-033025,1,PROD-029,1,24.79,21.74
ORD-2023-033026,1,PROD-025,1,21.97,17.88
ORD-2023-033027,1,PROD-053,2,53.52,101.8
ORD-2023-033027,2,PROD-032,4,19.72,72.26
ORD-2023-033028,1,PROD-050,1,61.97,41.3
ORD-2023-033029,1,PROD-010,1,38.03,36.98
ORD-2023-033030,1,PROD-011,2,14.9,26.48
ORD-2023-033030,2,PROD-028,1,17.18,16.17
ORD-2023-033031,1,PROD-027,1,21.13,18.96
ORD-2023-033032,1,PROD-015,2,26.76,52.93
ORD-2023-033033,1,PROD-045,1,72.68,71.97
ORD-2023-033034,1,PROD-032,2,19.72,34.2
ORD-2023-033035,1,PROD-042,4,73.24,163.5
ORD-2023-033036,1,PROD-020,1,10.14,9.98
ORD-2023-033037,1,PROD-010,3,38.03,108.2
ORD-2023-033037,2,PROD-027,2,21.13,42.1
ORD-2023-033038,1,PROD-007,3,17.18,51.02
ORD-2023-033039,1,PROD-010,1,38.03,35.52
ORD-2023-033040,1,PROD-015,1,26.76,24.83
ORD-2023-033041,1,PROD-032,1,19.72,15.94
ORD-2023-033041,2,PROD-010,1,38.03,33.03
ORD-2023-033041,3,PROD-007,2,17.18,28.71
ORD-2023-033042,1,PROD-007,2,17.18,32.22
ORD-2023-033043,1,PROD-042,1,73.24,72.41
ORD-2023-033044,1,PROD-006,1,32.39,30.08
ORD-2023-033045,1,PROD-033,2,52.11,102.5
ORD-2023-033045,2,PROD-010,1,38.03,35.87
ORD-2023-033046,1,PROD-004,1,20.28,18.04
ORD-2023-033047,1,PROD-026,1,14.65,6.59
ORD-2023-033048,1,PROD-028,2,17.18,30.2
ORD-2023-033049,1,PROD-004,1,20.28,16.45
ORD-2023-033049,2,PROD-010,1,38.03,27.54
ORD-2023-033050,1,PROD-003,2,14.37,23.49
ORD-2023-033050,2,PROD-035,1,10.14,8.96
ORD-2023-033050,3,PROD-039,1,8.17,6.57
ORD-2023-033051,1,PROD-054,1,59.15,56.0
ORD-2023-033052,1,PROD-002,2,11.9,20.74
ORD-2023-033053,1,PROD-037,2,9.86,12.46
ORD-2023-033054,1,PROD-005,1,20.28,18.31
ORD-2023-033055,1,PROD-024,1,8.73,7.76
ORD-2023-033056,1,PROD-006,1,32.39,28.17
ORD-2023-033056,2,PROD-044,1,40.85,36.28
ORD-2023-033056,3,PROD-035,2,10.14,19.84
ORD-2023-033056,4,PROD-028,2,17.18,33.93
ORD-2023-033057,1,PROD-044,1,40.85,36.27
ORD-2023-033057,2,PROD-017,1,12.5,11.63
ORD-2023-033058,1,PROD-001,2,12.9,24.06
ORD-2023-033058,2,PROD-035,2,10.14,17.84
ORD-2023-033058,3,PROD-010,1,38.03,32.17
ORD-2023-033058,4,PROD-004,1,20.28,18.69
ORD-2023-033059,1,PROD-027,2,21.13,36.34
ORD-2023-033060,1,PROD-042,3,73.24,98.87
ORD-2023-033060,2,PROD-054,1,59.15,26.62
ORD-2023-033061,1,PROD-002,2,11.9,20.0
ORD-2023-033061,2,PROD-013,2,11.9,14.57
ORD-2023-033061,3,PROD-038,2,7.89,14.73
ORD-2023-033062,1,PROD-004,2,20.28,35.66
ORD-2023-033062,2,PROD-001,1,12.9,8.04
ORD-2023-033063,1,PROD-024,2,8.73,14.07
ORD-2023-033064,1,PROD-024,1,8.73,8.52
ORD-2023-033064,2,PROD-035,2,10.14,19.36
ORD-2023-033064,3,PROD-032,1,19.72,18.8
ORD-2023-033065,1,PROD-022,2,9.01,17.19
ORD-2023-033066,1,PROD-006,2,32.39,63.85
ORD-2023-033066,2,PROD-024,1,8.73,8.66
ORD-2023-033066,3,PROD-004,1,20.28,19.48
ORD-2023-033066,4,PROD-034,2,9.01,17.74
ORD-2023-033066,5,PROD-039,3,8.17,23.98
ORD-2023-033067,1,PROD-054,1,59.15,57.3
ORD-2023-033067,2,PROD-001,1,12.9,12.81
ORD-2023-033068,1,PROD-001,1,12.9,12.36
ORD-2023-033068,2,PROD-008,2,9.9,17.98
ORD-2023-033069,1,PROD-031,1,53.52,45.71
ORD-2023-033070,1,PROD-002,1,11.9,11.5
ORD-2023-033071,1,PROD-032,2,19.72,19.7
ORD-2023-033071,2,PROD-010,2,38.03,71.87
ORD-2023-033071,3,PROD-002,3,11.9,32.59
ORD-2023-033072,1,PROD-005,2,20.28,23.7
ORD-2023-033073,1,PROD-021,1,15.49,8.59
ORD-2023-033074,1,PROD-033,1,52.11,43.05
ORD-2023-033075,1,PROD-005,1,20.28,19.36
ORD-2023-033076,1,PROD-022,1,9.01,7.58
ORD-2023-033076,2,PROD-043,2,107.04,205.11
ORD-2023-033076,3,PROD-032,2,19.72,34.66
ORD-2023-033077,1,PROD-004,2,20.28,39.91
ORD-2023-033077,2,PROD-037,1,9.86,9.52
ORD-2023-033078,1,PROD-045,1,72.68,67.53
ORD-2023-033078,2,PROD-059,1,52.11,28.81
ORD-2023-033079,1,PROD-014,1,9.9,8.99
ORD-2023-033080,1,PROD-027,1,21.13,11.12
ORD-2023-033080,2,PROD-038,1,7.89,4.86
ORD-2023-033081,1,PROD-004,2,20.28,36.59
ORD-2023-033082,1,PROD-004,1,20.28,16.05
ORD-2023-033083,1,PROD-058,1,39.44,34.14
ORD-2023-033084,1,PROD-001,1,12.9,11.99
ORD-2023-033085,1,PROD-004,1,20.28,18.19
ORD-2023-033086,1,PROD-004,1,20.28,17.99
ORD-2023-033086,2,PROD-023,1,7.89,6.34
ORD-2023-033087,1,PROD-046,1,259.15,253.5
ORD-2023-033088,1,PROD-006,1,32.39,28.89
ORD-2023-033089,1,PROD-033,1,52.11,38.82
ORD-2023-033089,2,PROD-003,3,14.37,42.78
ORD-2023-033089,3,PROD-005,2,20.28,39.42
ORD-2023-033090,1,PROD-002,1,11.9,11.78
ORD-2023-033091,1,PROD-043,1,107.04,51.17
ORD-2023-033091,2,PROD-060,1,42.25,24.59
ORD-2023-033092,1,PROD-002,1,11.9,9.78
ORD-2023-033093,1,PROD-019,1,29.58,28.96
ORD-2023-033094,1,PROD-010,1,38.03,36.49
ORD-2023-033095,1,PROD-004,1,20.28,18.51
ORD-2023-033095,2,PROD-016,2,8.9,15.86
ORD-2023-033096,1,PROD-049,1,80.28,79.11
ORD-2023-033097,1,PROD-026,1,14.65,14.01
ORD-2023-033098,1,PROD-001,3,12.9,36.07
ORD-2023-033099,1,PROD-001,2,12.9,23.32
ORD-2023-033100,1,PROD-003,1,14.37,13.63
ORD-2023-033101,1,PROD-003,1,14.37,13.25
ORD-2023-033101,2,PROD-002,3,11.9,27.87
ORD-2023-033102,1,PROD-008,1,9.9,9.79
ORD-2023-033103,1,PROD-002,2,11.9,21.4
ORD-2023-033103,2,PROD-005,1,20.28,20.13
ORD-2023-033103,3,PROD-010,2,38.03,71.44
ORD-2023-033104,1,PROD-029,1,24.79,19.71
ORD-2023-033105,1,PROD-013,1,11.9,10.71
ORD-2023-033105,2,PROD-006,1,32.39,31.07
ORD-2023-033105,3,PROD-009,2,61.97,121.89
ORD-2023-033106,1,PROD-003,3,14.37,42.19
ORD-2023-033107,1,PROD-020,1,10.14,9.83
ORD-2023-033107,2,PROD-007,2,17.18,32.35
ORD-2023-033108,1,PROD-007,2,17.18,32.36
ORD-2023-033108,2,PROD-031,1,53.52,48.1
ORD-2023-033109,1,PROD-030,1,49.3,47.41
ORD-2023-033109,2,PROD-037,2,9.86,18.43
ORD-2023-033110,1,PROD-030,1,49.3,47.04
ORD-2023-033111,1,PROD-035,3,10.14,27.45
ORD-2023-033112,1,PROD-032,1,19.72,16.86
ORD-2023-033113,1,PROD-003,1,14.37,13.82
ORD-2023-033114,1,PROD-025,1,21.97,21.57
ORD-2023-033114,2,PROD-010,1,38.03,36.47
ORD-2023-033115,1,PROD-010,1,38.03,21.81
ORD-2023-033116,1,PROD-040,1,15.21,13.74
ORD-2023-033116,2,PROD-004,1,20.28,19.0
ORD-2023-033117,1,PROD-023,1,7.89,7.34
ORD-2023-033117,2,PROD-019,2,29.58,51.06
ORD-2023-033117,3,PROD-001,1,12.9,11.84
ORD-2023-033117,4,PROD-042,1,73.24,66.4
ORD-2023-033118,1,PROD-010,1,38.03,36.49
ORD-2023-033118,2,PROD-007,1,17.18,16.77
ORD-2023-033118,3,PROD-038,1,7.89,7.53
ORD-2023-033119,1,PROD-012,1,18.5,17.07
ORD-2023-033119,2,PROD-028,2,17.18,29.8
ORD-2023-033120,1,PROD-035,2,10.14,19.41
ORD-2023-033120,2,PROD-006,1,32.39,30.49
ORD-2023-033121,1,PROD-006,1,32.39,31.79
ORD-2023-033122,1,PROD-023,1,7.89,6.32
ORD-2023-033122,2,PROD-006,1,32.39,26.3
ORD-2023-033122,3,PROD-022,1,9.01,6.71
ORD-2023-033123,1,PROD-004,1,20.28,12.2
ORD-2023-033123,2,PROD-041,1,11.83,9.18
ORD-2023-033124,1,PROD-033,4,52.11,166.19
ORD-2023-033124,2,PROD-001,1,12.9,11.24
ORD-2023-033125,1,PROD-056,1,101.41,86.66
ORD-2023-033126,1,PROD-038,4,7.89,30.52
ORD-2023-033127,1,PROD-042,1,73.24,58.87
ORD-2023-033128,1,PROD-028,2,17.18,25.22
ORD-2023-033128,2,PROD-035,2,10.14,19.2
ORD-2023-033128,3,PROD-030,1,49.3,45.96
ORD-2023-033129,1,PROD-006,2,32.39,56.71
ORD-2023-033130,1,PROD-015,1,26.76,23.13
ORD-2023-033131,1,PROD-045,1,72.68,69.7
ORD-2023-033131,2,PROD-034,4,9.01,35.43
ORD-2023-033131,3,PROD-004,2,20.28,40.1
ORD-2023-033132,1,PROD-041,3,11.83,30.6
ORD-2023-033133,1,PROD-028,1,17.18,14.41
ORD-2023-033134,1,PROD-002,1,11.9,10.62
ORD-2023-033135,1,PROD-050,1,61.97,61.24
ORD-2023-033135,2,PROD-001,1,12.9,12.26
ORD-2023-033136,1,PROD-006,1,32.39,29.97
ORD-2023-033136,2,PROD-004,1,20.28,19.67
ORD-2023-033136,3,PROD-032,3,19.72,55.46
ORD-2023-033136,4,PROD-041,3,11.83,34.7
ORD-2023-033137,1,PROD-001,1,12.9,6.97
ORD-2023-033138,1,PROD-056,1,101.41,93.35
ORD-2023-033138,2,PROD-004,2,20.28,29.51
ORD-2023-033139,1,PROD-006,1,32.39,24.81
ORD-2023-033140,1,PROD-034,2,9.01,14.59
ORD-2023-033141,1,PROD-019,2,29.58,55.56
ORD-2023-033141,2,PROD-038,2,7.89,15.32
ORD-2023-033142,1,PROD-048,1,55.77,46.08
ORD-2023-033143,1,PROD-032,4,19.72,72.26
ORD-2023-033144,1,PROD-028,1,17.18,14.59
ORD-2023-033145,1,PROD-053,1,53.52,49.69
ORD-2023-033146,1,PROD-041,1,11.83,9.33
ORD-2023-033146,2,PROD-040,3,15.21,28.29
ORD-2023-033147,1,PROD-005,2,20.28,38.33
ORD-2023-033147,2,PROD-017,1,12.5,12.17
ORD-2023-033148,1,PROD-003,2,14.37,27.21
ORD-2023-033149,1,PROD-002,1,11.9,10.56
ORD-2023-033149,2,PROD-004,1,20.28,19.81
ORD-2023-033149,3,PROD-005,1,20.28,19.2
ORD-2023-033150,1,PROD-015,1,26.76,23.5
ORD-2023-033150,2,PROD-024,1,8.73,6.65
ORD-2023-033151,1,PROD-005,1,20.28,17.56
ORD-2023-033152,1,PROD-001,2,12.9,24.51
ORD-2023-033153,1,PROD-009,2,61.97,95.3
ORD-2023-033153,2,PROD-041,2,11.83,22.18
ORD-2023-033153,3,PROD-002,1,11.9,10.86
ORD-2023-033154,1,PROD-052,1,46.48,20.92
ORD-2023-033155,1,PROD-041,1,11.83,11.14
ORD-2023-033156,1,PROD-004,3,20.28,58.34
ORD-2023-033156,2,PROD-007,1,17.18,16.95
ORD-2023-033157,1,PROD-031,1,53.52,52.47
ORD-2023-033157,2,PROD-030,2,49.3,83.27
ORD-2023-033158,1,PROD-002,3,11.9,30.49
ORD-2023-033159,1,PROD-029,2,24.79,43.54
ORD-2023-033159,2,PROD-026,1,14.65,10.51
ORD-2023-033160,1,PROD-042,1,73.24,68.29
ORD-2023-033161,1,PROD-020,2,10.14,9.13
ORD-2023-033161,2,PROD-007,1,17.18,10.44
ORD-2023-033162,1,PROD-058,1,39.44,28.08
ORD-2023-033163,1,PROD-033,2,52.11,103.27
ORD-2023-033163,2,PROD-031,2,53.52,100.98
ORD-2023-033164,1,PROD-005,1,20.28,15.54
ORD-2023-033164,2,PROD-003,1,14.37,12.48
ORD-2023-033164,3,PROD-002,1,11.9,8.24
ORD-2023-033165,1,PROD-002,3,11.9,34.88
ORD-2023-033166,1,PROD-001,2,12.9,23.87
ORD-2023-033166,2,PROD-012,1,18.5,15.83
ORD-2023-033166,3,PROD-034,2,9.01,17.53
ORD-2023-033167,1,PROD-007,2,17.18,32.17
ORD-2023-033168,1,PROD-002,1,11.9,11.58
ORD-2023-033169,1,PROD-006,1,32.39,30.36
ORD-2023-033170,1,PROD-003,1,14.37,13.56
ORD-2023-033170,2,PROD-008,2,9.9,17.84
ORD-2023-033171,1,PROD-009,2,61.97,95.45
ORD-2023-033172,1,PROD-006,1,32.39,30.05
ORD-2023-033173,1,PROD-058,1,39.44,20.08
ORD-2023-033174,1,PROD-007,1,17.18,11.56
ORD-2023-033174,2,PROD-012,1,18.5,8.32
ORD-2023-033175,1,PROD-005,1,20.28,9.13
ORD-2023-033176,1,PROD-021,2,15.49,25.36
ORD-2023-033176,2,PROD-029,2,24.79,39.13
ORD-2023-033176,3,PROD-052,1,46.48,32.97
ORD-2023-033177,1,PROD-003,2,14.37,27.71
ORD-2023-033178,1,PROD-007,3,17.18,49.28
ORD-2023-033178,2,PROD-019,1,29.58,27.39
ORD-2023-033179,1,PROD-010,2,38.03,72.63
ORD-2023-033179,2,PROD-002,3,11.9,31.41
ORD-2023-033180,1,PROD-005,2,20.28,38.47
ORD-2023-033180,2,PROD-010,1,38.03,29.21
ORD-2023-033180,3,PROD-039,1,8.17,7.49
ORD-2023-033181,1,PROD-002,1,11.9,11.54
ORD-2023-033181,2,PROD-005,1,20.28,19.89
ORD-2023-033182,1,PROD-005,1,20.28,19.22
ORD-2023-033183,1,PROD-026,1,14.65,14.27
ORD-2023-033184,1,PROD-032,3,19.72,28.96
ORD-2023-033185,1,PROD-006,1,32.39,30.5
ORD-2023-033185,2,PROD-056,1,101.41,95.95
ORD-2023-033186,1,PROD-001,2,12.9,24.3
ORD-2023-033186,2,PROD-003,3,14.37,41.17
ORD-2023-033186,3,PROD-002,2,11.9,22.99
ORD-2023-033187,1,PROD-037,2,9.86,17.53
ORD-2023-033187,2,PROD-028,1,17.18,14.59
ORD-2023-033188,1,PROD-039,1,8.17,7.62
ORD-2023-033188,2,PROD-002,2,11.9,23.45
ORD-2023-033188,3,PROD-059,1,52.11,49.55
ORD-2023-033188,4,PROD-031,1,53.52,51.37
ORD-2023-033189,1,PROD-006,1,32.39,28.79
ORD-2023-033190,1,PROD-042,2,73.24,128.84
ORD-2023-033191,1,PROD-017,1,12.5,9.15
ORD-2023-033191,2,PROD-040,1,15.21,14.77
ORD-2023-033191,3,PROD-021,1,15.49,13.51
ORD-2023-033192,1,PROD-010,1,38.03,35.98
ORD-2023-033193,1,PROD-028,1,17.18,15.16
ORD-2023-033194,1,PROD-004,2,20.28,39.85
ORD-2023-033195,1,PROD-017,1,12.5,10.09
ORD-2023-033196,1,PROD-032,1,19.72,15.6
ORD-2023-033197,1,PROD-006,1,32.39,27.77
ORD-2023-033197,2,PROD-004,3,20.28,49.22
ORD-2023-033198,1,PROD-037,1,9.86,5.2
ORD-2023-033199,1,PROD-035,1,10.14,8.59
ORD-2023-033199,2,PROD-026,2,14.65,25.86
ORD-2023-033200,1,PROD-004,2,20.28,38.39
ORD-2023-033200,2,PROD-008,1,9.9,8.33
ORD-2023-033201,1,PROD-002,1,11.9,11.46
ORD-2023-033202,1,PROD-002,1,11.9,10.74
ORD-2023-033203,1,PROD-001,1,12.9,12.41
ORD-2023-033204,1,PROD-016,1,8.9,6.28
ORD-2023-033204,2,PROD-023,2,7.89,15.25
ORD-2023-033204,3,PROD-049,1,80.28,68.77
ORD-2023-033204,4,PROD-029,2,24.79,48.63
ORD-2023-033205,1,PROD-027,2,21.13,41.71
ORD-2023-033206,1,PROD-005,1,20.28,16.97
ORD-2023-033207,1,PROD-008,1,9.9,9.0
ORD-2023-033207,2,PROD-032,1,19.72,19.43
ORD-2023-033208,1,PROD-016,2,8.9,14.91
ORD-2023-033208,2,PROD-001,1,12.9,12.53
ORD-2023-033208,3,PROD-034,2,9.01,17.29
ORD-2023-033209,1,PROD-003,1,14.37,12.64
ORD-2023-033209,2,PROD-004,1,20.28,17.73
ORD-2023-033209,3,PROD-006,2,32.39,63.62
ORD-2023-033209,4,PROD-002,1,11.9,9.94
ORD-2023-033210,1,PROD-001,2,12.9,24.11
ORD-2023-033211,1,PROD-004,1,20.28,16.69
ORD-2023-033211,2,PROD-031,2,53.52,102.95
ORD-2023-033211,3,PROD-003,2,14.37,25.63
ORD-2023-033212,1,PROD-030,1,49.3,39.07
ORD-2023-033213,1,PROD-014,3,9.9,26.15
ORD-2023-033214,1,PROD-041,1,11.83,11.04
ORD-2023-033214,2,PROD-042,1,73.24,71.8
ORD-2023-033215,1,PROD-024,2,8.73,16.05
ORD-2023-033216,1,PROD-055,1,74.65,69.42
ORD-2023-033217,1,PROD-034,2,9.01,15.06
ORD-2023-033218,1,PROD-040,1,15.21,14.81
ORD-2023-033218,2,PROD-004,1,20.28,19.9
ORD-2023-033219,1,PROD-001,1,12.9,8.58
ORD-2023-033220,1,PROD-041,3,11.83,31.03
ORD-2023-033221,1,PROD-055,1,74.65,60.12
ORD-2023-033222,1,PROD-002,1,11.9,11.14
ORD-2023-033223,1,PROD-024,2,8.73,14.51
ORD-2023-033223,2,PROD-042,1,73.24,70.97
ORD-2023-033223,3,PROD-011,3,14.9,39.33
ORD-2023-033224,1,PROD-010,1,38.03,22.33
ORD-2023-033225,1,PROD-029,1,24.79,20.43
ORD-2023-033226,1,PROD-015,1,26.76,16.66
ORD-2023-033227,1,PROD-036,2,11.55,20.34
ORD-2023-033228,1,PROD-004,1,20.28,15.66
ORD-2023-033229,1,PROD-005,1,20.28,19.38
ORD-2023-033229,2,PROD-034,1,9.01,8.87
ORD-2023-033230,1,PROD-030,1,49.3,40.1
ORD-2023-033230,2,PROD-041,2,11.83,23.37
ORD-2023-033231,1,PROD-008,2,9.9,17.58
ORD-2023-033232,1,PROD-016,1,8.9,6.93
ORD-2023-033232,2,PROD-035,1,10.14,4.86
ORD-2023-033232,3,PROD-034,2,9.01,11.24
ORD-2023-033233,1,PROD-042,3,73.24,201.2
ORD-2023-033233,2,PROD-036,4,11.55,33.39
ORD-2023-033233,3,PROD-032,4,19.72,77.63
ORD-2023-033234,1,PROD-016,1,8.9,8.36
ORD-2023-033235,1,PROD-013,1,11.9,11.75
ORD-2023-033236,1,PROD-002,1,11.9,11.35
ORD-2023-033236,2,PROD-005,1,20.28,20.2
ORD-2023-033236,3,PROD-003,2,14.37,24.89
ORD-2023-033236,4,PROD-006,1,32.39,28.51
ORD-2023-033237,1,PROD-021,2,15.49,25.08
ORD-2023-033237,2,PROD-013,2,11.9,22.08
ORD-2023-033238,1,PROD-004,1,20.28,19.09
ORD-2023-033239,1,PROD-042,3,73.24,159.85
ORD-2023-033240,1,PROD-027,1,21.13,21.09
ORD-2023-033241,1,PROD-023,1,7.89,7.2
ORD-2023-033241,2,PROD-019,1,29.58,29.06
ORD-2023-033241,3,PROD-001,1,12.9,10.4
ORD-2023-033242,1,PROD-001,1,12.9,12.06
ORD-2023-033242,2,PROD-019,2,29.58,53.95
ORD-2023-033242,3,PROD-010,1,38.03,29.4
ORD-2023-033242,4,PROD-006,1,32.39,25.07
ORD-2023-033243,1,PROD-003,1,14.37,14.21
ORD-2023-033243,2,PROD-042,3,73.24,214.49
ORD-2023-033243,3,PROD-004,1,20.28,18.05
ORD-2023-033244,1,PROD-010,2,38.03,70.93
ORD-2023-033244,2,PROD-003,1,14.37,10.66
ORD-2023-033245,1,PROD-006,3,32.39,90.86
ORD-2023-033246,1,PROD-042,1,73.24,70.51
ORD-2023-033247,1,PROD-003,1,14.37,11.81
ORD-2023-033248,1,PROD-044,1,40.85,35.96
ORD-2023-033248,2,PROD-010,1,38.03,36.6
ORD-2023-033249,1,PROD-034,3,9.01,26.04
ORD-2023-033250,1,PROD-030,1,49.3,39.62
ORD-2023-033251,1,PROD-040,2,15.21,28.97
ORD-2023-033251,2,PROD-002,1,11.9,9.99
ORD-2023-033252,1,PROD-002,1,11.9,11.22
ORD-2023-033252,2,PROD-042,2,73.24,131.64
ORD-2023-033252,3,PROD-010,1,38.03,36.88
ORD-2023-033253,1,PROD-010,3,38.03,78.85
ORD-2023-033254,1,PROD-010,1,38.03,37.24
ORD-2023-033255,1,PROD-004,2,20.28,38.63
ORD-2023-033256,1,PROD-005,1,20.28,13.37
ORD-2023-033256,2,PROD-003,2,14.37,26.53
ORD-2023-033257,1,PROD-003,1,14.37,13.57
ORD-2023-033258,1,PROD-010,2,38.03,75.62
ORD-2023-033259,1,PROD-037,2,9.86,18.21
ORD-2023-033260,1,PROD-055,1,74.65,71.09
ORD-2023-033261,1,PROD-033,1,52.11,44.33
ORD-2023-033262,1,PROD-007,2,17.18,25.79
ORD-2023-033262,2,PROD-004,2,20.28,35.4
ORD-2023-033262,3,PROD-003,1,14.37,12.89
ORD-2023-033263,1,PROD-056,1,101.41,82.22
ORD-2023-033264,1,PROD-038,1,7.89,6.94
ORD-2023-033264,2,PROD-006,2,32.39,54.86
ORD-2023-033265,1,PROD-010,1,38.03,31.7
ORD-2023-033266,1,PROD-019,1,29.58,16.99
ORD-2023-033267,1,PROD-006,2,32.39,59.57
ORD-2023-033268,1,PROD-007,1,17.18,16.99
ORD-2023-033269,1,PROD-005,1,20.28,20.04
ORD-2023-033270,1,PROD-040,1,15.21,12.62
ORD-2023-033270,2,PROD-005,1,20.28,9.13
ORD-2023-033271,1,PROD-028,1,17.18,17.0
ORD-2023-033272,1,PROD-004,1,20.28,19.13
ORD-2023-033273,1,PROD-008,1,9.9,9.4
ORD-2023-033274,1,PROD-004,1,20.28,20.08
ORD-2023-033275,1,PROD-023,2,7.89,13.75
ORD-2023-033276,1,PROD-042,2,73.24,133.87
ORD-2023-033277,1,PROD-003,1,14.37,13.77
ORD-2023-033278,1,PROD-028,2,17.18,31.87
ORD-2023-033278,2,PROD-041,3,11.83,33.69
ORD-2023-033279,1,PROD-001,2,12.9,23.09
ORD-2023-033280,1,PROD-024,1,8.73,8.16
ORD-2023-033281,1,PROD-030,1,49.3,43.14
ORD-2023-033281,2,PROD-042,1,73.24,69.75
ORD-2023-033282,1,PROD-056,1,101.41,81.04
ORD-2023-033283,1,PROD-050,1,61.97,56.16
ORD-2023-033283,2,PROD-037,1,9.86,7.68
ORD-2023-033284,1,PROD-010,2,38.03,70.17
ORD-2023-033285,1,PROD-013,2,11.9,22.0
ORD-2023-033286,1,PROD-003,1,14.37,13.97
ORD-2023-033286,2,PROD-005,1,20.28,19.4
ORD-2023-033287,1,PROD-031,1,53.52,30.83
ORD-2023-033287,2,PROD-022,1,9.01,5.52
ORD-2023-033288,1,PROD-032,1,19.72,16.07
ORD-2023-033288,2,PROD-019,3,29.58,83.85
ORD-2023-033288,3,PROD-007,1,17.18,14.54
ORD-2023-033289,1,PROD-054,1,59.15,33.44
ORD-2023-033290,1,PROD-006,1,32.39,30.99
ORD-2023-033291,1,PROD-006,2,32.39,58.72
ORD-2023-033292,1,PROD-007,3,17.18,39.09
ORD-2023-033293,1,PROD-056,1,101.41,98.95
ORD-2023-033293,2,PROD-020,1,10.14,8.59
ORD-2023-033294,1,PROD-048,1,55.77,35.98
ORD-2023-033294,2,PROD-058,1,39.44,24.48
ORD-2023-033295,1,PROD-030,1,49.3,26.73
ORD-2023-033296,1,PROD-053,1,53.52,44.77
ORD-2023-033296,2,PROD-013,1,11.9,10.63
ORD-2023-033297,1,PROD-032,1,19.72,18.62
ORD-2023-033297,2,PROD-005,1,20.28,17.5
ORD-2023-033298,1,PROD-037,1,9.86,8.12
ORD-2023-033299,1,PROD-010,1,38.03,31.17
ORD-2023-033300,1,PROD-002,1,11.9,10.89
ORD-2023-033301,1,PROD-020,1,10.14,9.99
ORD-2023-033301,2,PROD-007,1,17.18,16.97
ORD-2023-033301,3,PROD-027,1,21.13,20.33
ORD-2023-033302,1,PROD-009,3,61.97,151.24
ORD-2023-033303,1,PROD-029,1,24.79,24.7
ORD-2023-033304,1,PROD-034,2,9.01,16.76
ORD-2023-033305,1,PROD-011,2,14.9,29.52
ORD-2023-033305,2,PROD-051,1,36.06,35.47
ORD-2023-033305,3,PROD-032,1,19.72,19.53
ORD-2023-033306,1,PROD-005,2,20.28,26.49
ORD-2023-033306,2,PROD-058,1,39.44,32.68
ORD-2023-033307,1,PROD-005,1,20.28,19.43
ORD-2023-033307,2,PROD-006,1,32.39,29.15
ORD-2023-033307,3,PROD-001,1,12.9,12.01
ORD-2023-033307,4,PROD-033,2,52.11,91.52
ORD-2023-033308,1,PROD-002,2,11.9,23.41
ORD-2023-033308,2,PROD-035,2,10.14,19.87
ORD-2023-033309,1,PROD-001,3,12.9,31.63
ORD-2023-033309,2,PROD-034,2,9.01,16.83
ORD-2023-033310,1,PROD-031,1,53.52,38.61
ORD-2023-033310,2,PROD-060,1,42.25,25.6
ORD-2023-033311,1,PROD-016,1,8.9,7.19
ORD-2023-033312,1,PROD-037,1,9.86,9.4
ORD-2023-033313,1,PROD-028,1,17.18,7.73
ORD-2023-033313,2,PROD-054,1,59.15,44.68
ORD-2023-033314,1,PROD-012,2,18.5,36.01
ORD-2023-033315,1,PROD-037,2,9.86,18.11
ORD-2023-033315,2,PROD-009,3,61.97,175.0
ORD-2023-033315,3,PROD-007,1,17.18,16.87
ORD-2023-033316,1,PROD-028,2,17.18,33.71
ORD-2023-033317,1,PROD-024,1,8.73,8.0
ORD-2023-033318,1,PROD-051,1,36.06,29.54
ORD-2023-033318,2,PROD-010,2,38.03,71.82
ORD-2023-033319,1,PROD-024,1,8.73,7.76
ORD-2023-033319,2,PROD-054,1,59.15,41.03
ORD-2023-033320,1,PROD-030,1,49.3,47.93
ORD-2023-033321,1,PROD-007,1,17.18,12.25
ORD-2023-033322,1,PROD-005,1,20.28,18.65
ORD-2023-033322,2,PROD-047,1,108.45,92.22
ORD-2023-033323,1,PROD-032,2,19.72,37.24
ORD-2023-033323,2,PROD-055,1,74.65,65.32
ORD-2023-033323,3,PROD-014,1,9.9,9.5
ORD-2023-033324,1,PROD-033,4,52.11,99.15
ORD-2023-033325,1,PROD-005,1,20.28,19.98
ORD-2023-033326,1,PROD-025,2,21.97,42.14
ORD-2023-033326,2,PROD-004,2,20.28,39.96
ORD-2023-033327,1,PROD-031,1,53.52,24.08
ORD-2023-033327,2,PROD-044,1,40.85,20.72
ORD-2023-033328,1,PROD-036,1,11.55,11.16
ORD-2023-033328,2,PROD-020,1,10.14,9.99
ORD-2023-033328,3,PROD-006,2,32.39,57.2
ORD-2023-033328,4,PROD-056,1,101.41,88.12
ORD-2023-033329,1,PROD-005,2,20.28,35.88
ORD-2023-033329,2,PROD-035,2,10.14,18.68
ORD-2023-033330,1,PROD-042,1,73.24,68.73
ORD-2023-033331,1,PROD-001,1,12.9,11.16
ORD-2023-033332,1,PROD-005,3,20.28,59.64
ORD-2023-033333,1,PROD-035,1,10.14,9.69
ORD-2023-033334,1,PROD-036,2,11.55,22.01
ORD-2023-033334,2,PROD-017,2,12.5,24.58
ORD-2023-033335,1,PROD-020,1,10.14,8.39
ORD-2023-033336,1,PROD-012,1,18.5,17.78
ORD-2023-033337,1,PROD-034,1,9.01,7.74
ORD-2023-033337,2,PROD-001,1,12.9,10.4
ORD-2023-033338,1,PROD-010,1,38.03,36.95
ORD-2023-033338,2,PROD-006,1,32.39,29.43
ORD-2023-033338,3,PROD-003,1,14.37,12.84
ORD-2023-033339,1,PROD-054,1,59.15,42.39
ORD-2023-033340,1,PROD-004,1,20.28,19.98
ORD-2023-033341,1,PROD-035,2,10.14,18.68
ORD-2023-033342,1,PROD-007,2,17.18,31.54
ORD-2023-033343,1,PROD-014,1,9.9,8.16
ORD-2023-033344,1,PROD-038,4,7.89,29.57
ORD-2023-033344,2,PROD-009,1,61.97,57.67
ORD-2023-033345,1,PROD-002,2,11.9,22.14
ORD-2023-033345,2,PROD-010,1,38.03,34.73
ORD-2023-033346,1,PROD-011,2,14.9,24.2
ORD-2023-033346,2,PROD-002,1,11.9,11.15
ORD-2023-033347,1,PROD-007,1,17.18,16.79
ORD-2023-033348,1,PROD-023,2,7.89,15.72
ORD-2023-033349,1,PROD-010,1,38.03,17.11
ORD-2023-033350,1,PROD-031,1,53.52,49.97
ORD-2023-033350,2,PROD-010,3,38.03,103.5
ORD-2023-033350,3,PROD-056,1,101.41,95.86
ORD-2023-033350,4,PROD-005,1,20.28,18.52
ORD-2023-033351,1,PROD-054,1,59.15,42.05
ORD-2023-033352,1,PROD-002,2,11.9,22.79
ORD-2023-033352,2,PROD-041,2,11.83,16.31
ORD-2023-033352,3,PROD-003,1,14.37,13.65
ORD-2023-033353,1,PROD-004,1,20.28,19.07
ORD-2023-033353,2,PROD-010,1,38.03,36.43
ORD-2023-033354,1,PROD-006,1,32.39,32.02
ORD-2023-033355,1,PROD-059,1,52.11,51.01
ORD-2023-033356,1,PROD-054,1,59.15,47.21
ORD-2023-033357,1,PROD-035,3,10.14,27.91
ORD-2023-033357,2,PROD-034,3,9.01,22.55
ORD-2023-033358,1,PROD-008,1,9.9,9.42
ORD-2023-033358,2,PROD-002,1,11.9,9.52
ORD-2023-033359,1,PROD-051,1,36.06,29.67
ORD-2023-033360,1,PROD-002,1,11.9,8.97
ORD-2023-033360,2,PROD-058,1,39.44,34.02
ORD-2023-033361,1,PROD-027,1,21.13,18.06
ORD-2023-033361,2,PROD-001,2,12.9,23.82
ORD-2023-033362,1,PROD-042,1,73.24,69.44
ORD-2023-033363,1,PROD-027,1,21.13,20.03
ORD-2023-033363,2,PROD-005,2,20.28,38.97
ORD-2023-033364,1,PROD-042,1,73.24,69.78
ORD-2023-033365,1,PROD-002,2,11.9,20.06
ORD-2023-033366,1,PROD-001,2,12.9,24.39
ORD-2023-033367,1,PROD-008,3,9.9,28.16
ORD-2023-033367,2,PROD-013,1,11.9,11.86
ORD-2023-033367,3,PROD-043,3,107.04,312.1
ORD-2023-033367,4,PROD-004,3,20.28,60.26
ORD-2023-033368,1,PROD-008,1,9.9,9.35
ORD-2023-033369,1,PROD-025,2,21.97,42.57
ORD-2023-033369,2,PROD-033,3,52.11,136.05
ORD-2023-033370,1,PROD-010,1,38.03,35.33
ORD-2023-033371,1,PROD-005,1,20.28,19.27
ORD-2023-033371,2,PROD-011,1,14.9,9.18
ORD-2023-033372,1,PROD-019,2,29.58,48.32
ORD-2023-033373,1,PROD-036,2,11.55,20.08
ORD-2023-033374,1,PROD-056,1,101.41,94.73
ORD-2023-033375,1,PROD-001,3,12.9,38.24
ORD-2023-033376,1,PROD-039,2,8.17,13.25
ORD-2023-033377,1,PROD-029,1,24.79,22.22
ORD-2023-033377,2,PROD-023,2,7.89,12.97
ORD-2023-033378,1,PROD-004,2,20.28,28.55
ORD-2023-033378,2,PROD-035,1,10.14,9.23
ORD-2023-033379,1,PROD-030,1,49.3,34.48
ORD-2023-033380,1,PROD-022,2,9.01,15.4
ORD-2023-033380,2,PROD-033,3,52.11,104.24
ORD-2023-033381,1,PROD-004,3,20.28,55.29
ORD-2023-033381,2,PROD-001,1,12.9,11.98
ORD-2023-033382,1,PROD-042,2,73.24,143.87
ORD-2023-033383,1,PROD-004,1,20.28,16.62
ORD-2023-033383,2,PROD-012,1,18.5,15.99
ORD-2023-033383,3,PROD-001,2,12.9,23.64
ORD-2023-033384,1,PROD-002,1,11.9,7.27
ORD-2023-033384,2,PROD-021,1,15.49,13.58
ORD-2023-033385,1,PROD-024,1,8.73,7.57
ORD-2023-033386,1,PROD-010,1,38.03,32.17
ORD-2023-033387,1,PROD-005,1,20.28,19.42
ORD-2023-033388,1,PROD-001,1,12.9,5.8
ORD-2023-033389,1,PROD-001,1,12.9,12.72
ORD-2023-033390,1,PROD-032,2,19.72,35.31
ORD-2023-033390,2,PROD-010,2,38.03,59.05
ORD-2023-033391,1,PROD-024,1,8.73,8.67
ORD-2023-033392,1,PROD-005,2,20.28,37.27
ORD-2023-033392,2,PROD-004,2,20.28,40.19
ORD-2023-033393,1,PROD-011,1,14.9,14.72
ORD-2023-033394,1,PROD-010,1,38.03,32.48
ORD-2023-033394,2,PROD-044,1,40.85,35.83
ORD-2023-033394,3,PROD-016,1,8.9,8.45
ORD-2023-033395,1,PROD-004,1,20.28,18.39
ORD-2023-033396,1,PROD-001,2,12.9,25.17
ORD-2023-033397,1,PROD-038,2,7.89,13.85
ORD-2023-033398,1,PROD-035,1,10.14,9.67
ORD-2023-033399,1,PROD-023,2,7.89,14.65
ORD-2023-033400,1,PROD-046,1,259.15,247.28
ORD-2023-033400,2,PROD-054,1,59.15,56.18
ORD-2023-033401,1,PROD-056,1,101.41,97.85
ORD-2023-033402,1,PROD-015,1,26.76,26.52
ORD-2023-033403,1,PROD-042,2,73.24,138.32
ORD-2023-033403,2,PROD-001,1,12.9,12.6
ORD-2023-033404,1,PROD-010,1,38.03,-36.59
ORD-2023-033405,1,PROD-004,2,20.28,39.72
ORD-2023-033406,1,PROD-010,1,38.03,37.06
ORD-2023-033406,2,PROD-019,1,29.58,28.43
ORD-2023-033406,3,PROD-003,2,14.37,26.38
ORD-2023-033407,1,PROD-001,1,12.9,12.77
ORD-2023-033408,1,PROD-023,2,7.89,11.57
ORD-2023-033409,1,PROD-010,1,38.03,30.51
ORD-2023-033410,1,PROD-059,1,52.11,40.89
ORD-2023-033411,1,PROD-031,2,53.52,89.99
ORD-2023-033412,1,PROD-021,1,15.49,14.56
ORD-2023-033412,2,PROD-027,2,21.13,38.3
ORD-2023-033413,1,PROD-044,1,40.85,29.35
ORD-2023-033413,2,PROD-019,2,29.58,48.25
ORD-2023-033414,1,PROD-003,2,14.37,28.09
ORD-2023-033415,1,PROD-035,1,10.14,8.73
ORD-2023-033416,1,PROD-006,1,32.39,30.56
ORD-2023-033417,1,PROD-042,1,73.24,58.97
ORD-2023-033417,2,PROD-001,1,12.9,9.07
ORD-2023-033417,3,PROD-019,1,29.58,25.92
ORD-2023-033418,1,PROD-005,1,20.28,14.01
ORD-2023-033418,2,PROD-031,1,53.52,45.54
ORD-2023-033418,3,PROD-004,1,20.28,18.36
ORD-2023-033419,1,PROD-030,1,49.3,37.38
ORD-2023-033420,1,PROD-030,1,49.3,27.93
ORD-2023-033420,2,PROD-029,1,24.79,17.03
ORD-2023-033420,3,PROD-032,2,19.72,23.12
ORD-2023-033421,1,PROD-049,1,80.28,64.07
ORD-2023-033422,1,PROD-050,1,61.97,60.38
ORD-2023-033423,1,PROD-037,1,9.86,8.66
ORD-2023-033424,1,PROD-006,2,32.39,39.09
ORD-2023-033425,1,PROD-007,1,17.18,13.75
ORD-2023-033425,2,PROD-003,1,14.37,13.37
ORD-2023-033426,1,PROD-010,2,38.03,59.39
ORD-2023-033426,2,PROD-044,1,40.85,36.81
ORD-2023-033427,1,PROD-016,1,8.9,8.7
ORD-2023-033428,1,PROD-001,1,12.9,11.6
ORD-2023-033429,1,PROD-019,1,29.58,24.26
ORD-2023-033430,1,PROD-019,1,29.58,26.06
ORD-2023-033430,2,PROD-001,1,12.9,12.06
ORD-2023-033431,1,PROD-010,1,38.03,36.9
ORD-2023-033432,1,PROD-010,3,38.03,99.54
ORD-2023-033433,1,PROD-048,1,55.77,52.45
ORD-2023-033434,1,PROD-019,1,29.58,24.75
ORD-2023-033434,2,PROD-006,2,32.39,55.61
ORD-2023-033435,1,PROD-035,1,10.14,9.64
ORD-2023-033435,2,PROD-010,2,38.03,67.42
ORD-2023-033435,3,PROD-016,1,8.9,8.65
ORD-2023-033436,1,PROD-002,2,11.9,23.39
ORD-2023-033437,1,PROD-031,1,53.52,24.08
ORD-2023-033438,1,PROD-003,1,14.37,12.61
ORD-2023-033438,2,PROD-002,2,11.9,23.25
ORD-2023-033438,3,PROD-005,1,20.28,19.26
ORD-2023-033439,1,PROD-001,1,12.9,12.79
ORD-2023-033440,1,PROD-004,1,20.28,18.97
ORD-2023-033441,1,PROD-002,1,11.9,11.04
ORD-2023-033442,1,PROD-004,1,20.28,19.22
ORD-2023-033442,2,PROD-008,2,9.9,16.6
ORD-2023-033443,1,PROD-005,3,20.28,52.68
ORD-2023-033443,2,PROD-007,1,17.18,13.72
ORD-2023-033443,3,PROD-038,1,7.89,7.27
ORD-2023-033444,1,PROD-002,1,11.9,9.61
ORD-2023-033444,2,PROD-004,2,20.28,39.4
ORD-2023-033444,3,PROD-010,2,38.03,72.68
ORD-2023-033445,1,PROD-042,2,73.24,106.68
ORD-2023-033445,2,PROD-001,3,12.9,20.39
ORD-2023-033446,1,PROD-023,1,7.89,7.7
ORD-2023-033447,1,PROD-020,2,10.14,16.38
ORD-2023-033448,1,PROD-050,1,61.97,61.26
ORD-2023-033448,2,PROD-003,2,14.37,28.37
ORD-2023-033449,1,PROD-006,3,32.39,90.49
ORD-2023-033449,2,PROD-022,2,9.01,17.12
ORD-2023-033450,1,PROD-003,1,14.37,6.93
ORD-2023-033451,1,PROD-011,2,14.9,21.68
ORD-2023-033452,1,PROD-006,2,32.39,61.0
ORD-2023-033452,2,PROD-005,1,20.28,17.92
ORD-2023-033453,1,PROD-053,1,53.52,47.08
ORD-2023-033454,1,PROD-010,2,38.03,73.76
ORD-2023-033454,2,PROD-006,1,32.39,30.44
ORD-2023-033454,3,PROD-001,1,12.9,12.58
ORD-2023-033455,1,PROD-034,1,9.01,7.77
ORD-2023-033456,1,PROD-001,1,12.9,8.72
ORD-2023-033457,1,PROD-004,1,20.28,17.6
ORD-2023-033457,2,PROD-041,1,11.83,9.73
ORD-2023-033458,1,PROD-007,1,17.18,16.19
ORD-2023-033458,2,PROD-032,1,19.72,18.24
ORD-2023-033458,3,PROD-002,1,11.9,10.89
ORD-2023-033458,4,PROD-003,2,14.37,27.94
ORD-2023-033459,1,PROD-001,1,12.9,12.11
ORD-2023-033460,1,PROD-034,2,9.01,13.6
ORD-2023-033461,1,PROD-041,1,11.83,9.37
ORD-2023-033461,2,PROD-010,2,38.03,69.57
ORD-2023-033461,3,PROD-005,1,20.28,17.2
ORD-2023-033462,1,PROD-006,2,32.39,60.62
ORD-2023-033463,1,PROD-023,1,7.89,6.97
ORD-2023-033464,1,PROD-031,1,53.52,52.7
ORD-2023-033465,1,PROD-007,2,17.18,24.83
ORD-2023-033466,1,PROD-004,1,20.28,19.73
ORD-2023-033467,1,PROD-019,2,29.58,41.94
ORD-2023-033467,2,PROD-058,1,39.44,33.15
ORD-2023-033467,3,PROD-053,1,53.52,34.3
ORD-2023-033468,1,PROD-010,1,38.03,33.39
ORD-2023-033469,1,PROD-042,2,73.24,124.05
ORD-2023-033469,2,PROD-024,1,8.73,6.19
ORD-2023-033469,3,PROD-025,1,21.97,17.59
ORD-2023-033470,1,PROD-035,1,10.14,4.56
ORD-2023-033471,1,PROD-024,1,8.73,3.93
ORD-2023-033472,1,PROD-019,1,29.58,23.36
ORD-2023-033473,1,PROD-041,1,11.83,11.29
ORD-2023-033473,2,PROD-032,1,19.72,10.63
ORD-2023-033474,1,PROD-047,1,108.45,107.92
ORD-2023-033475,1,PROD-005,2,20.28,18.25
ORD-2023-033475,2,PROD-023,1,7.89,5.12
ORD-2023-033476,1,PROD-019,2,29.58,47.88
ORD-2023-033477,1,PROD-019,1,29.58,28.54
ORD-2023-033478,1,PROD-012,3,18.5,50.39
ORD-2023-033479,1,PROD-007,1,17.18,15.98
ORD-2023-033479,2,PROD-003,1,14.37,13.44
ORD-2023-033480,1,PROD-001,1,12.9,12.14
ORD-2023-033481,1,PROD-005,1,20.28,16.43
ORD-2023-033482,1,PROD-005,1,20.28,18.93
ORD-2023-033482,2,PROD-010,1,38.03,36.91
ORD-2023-033483,1,PROD-010,3,38.03,109.08
ORD-2023-033484,1,PROD-021,2,15.49,29.74
ORD-2023-033484,2,PROD-032,4,19.72,76.17
ORD-2023-033485,1,PROD-010,2,38.03,56.46
ORD-2023-033486,1,PROD-004,1,20.28,17.97
ORD-2023-033487,1,PROD-007,2,17.18,32.29
ORD-2023-033488,1,PROD-026,1,14.65,6.59
ORD-2023-033488,2,PROD-030,1,49.3,31.63
ORD-2023-033489,1,PROD-016,1,8.9,8.82
ORD-2023-033490,1,PROD-006,2,32.39,63.31
ORD-2023-033491,1,PROD-010,2,38.03,73.97
ORD-2023-033491,2,PROD-030,1,49.3,48.06
ORD-2023-033491,3,PROD-002,1,11.9,10.71
ORD-2023-033492,1,PROD-008,2,9.9,18.97
ORD-2023-033493,1,PROD-039,1,8.17,3.68
ORD-2023-033494,1,PROD-007,1,17.18,16.19
ORD-2023-033494,2,PROD-006,2,32.39,62.02
ORD-2023-033495,1,PROD-004,2,20.28,33.14
ORD-2023-033496,1,PROD-010,2,38.03,73.64
ORD-2023-033496,2,PROD-006,2,32.39,63.96
ORD-2023-033497,1,PROD-002,1,11.9,11.02
ORD-2023-033497,2,PROD-031,1,53.52,44.56
ORD-2023-033497,3,PROD-034,2,9.01,14.93
ORD-2023-033498,1,PROD-055,1,74.65,56.4
ORD-2023-033499,1,PROD-005,1,20.28,18.92
ORD-2023-033499,2,PROD-004,1,20.28,17.2
ORD-2023-033500,1,PROD-010,2,38.03,74.66
ORD-2023-033501,1,PROD-010,1,38.03,30.53
ORD-2023-033502,1,PROD-009,1,61.97,57.3
ORD-2023-033503,1,PROD-002,1,11.9,10.44
ORD-2023-033504,1,PROD-006,1,32.39,21.12
ORD-2023-033505,1,PROD-002,1,11.9,9.72
ORD-2023-033505,2,PROD-041,1,11.83,10.06
ORD-2023-033506,1,PROD-002,3,11.9,34.31
ORD-2023-033507,1,PROD-005,1,20.28,16.46
ORD-2023-033508,1,PROD-042,1,73.24,68.19
ORD-2023-033509,1,PROD-050,1,61.97,61.83
ORD-2023-033510,1,PROD-019,1,29.58,25.72
ORD-2023-033511,1,PROD-052,1,46.48,40.71
ORD-2023-033511,2,PROD-008,2,9.9,16.01
ORD-2023-033512,1,PROD-056,1,101.41,80.11
ORD-2023-033513,1,PROD-002,3,11.9,35.51
ORD-2023-033514,1,PROD-038,1,7.89,3.55
ORD-2023-033515,1,PROD-038,2,7.89,14.67
ORD-2023-033515,2,PROD-016,2,8.9,15.82
ORD-2023-033516,1,PROD-030,2,49.3,77.74
ORD-2023-033517,1,PROD-019,1,29.58,27.31
ORD-2023-033517,2,PROD-040,3,15.21,33.66
ORD-2023-033518,1,PROD-028,1,17.18,15.36
ORD-2023-033518,2,PROD-020,1,10.14,7.09
ORD-2023-033519,1,PROD-003,2,14.37,27.62
ORD-2023-033520,1,PROD-002,2,11.9,23.12
ORD-2023-033520,2,PROD-033,3,52.11,141.18
ORD-2023-033521,1,PROD-044,1,40.85,38.78
ORD-2023-033522,1,PROD-002,1,11.9,8.28
ORD-2023-033523,1,PROD-042,4,73.24,267.09
ORD-2023-033524,1,PROD-010,1,38.03,36.59
ORD-2023-033524,2,PROD-001,1,12.9,8.86
ORD-2023-033525,1,PROD-038,1,7.89,7.54
ORD-2023-033525,2,PROD-010,3,38.03,111.53
ORD-2023-033526,1,PROD-031,1,53.52,51.84
ORD-2023-033527,1,PROD-005,1,20.28,18.5
ORD-2023-033527,2,PROD-048,1,55.77,53.53
ORD-2023-033527,3,PROD-047,1,108.45,105.4
ORD-2023-033528,1,PROD-035,1,10.14,10.02
ORD-2023-033529,1,PROD-033,3,52.11,132.07
ORD-2023-033530,1,PROD-018,2,50.7,98.88
ORD-2023-033531,1,PROD-015,1,26.76,17.16
ORD-2023-033532,1,PROD-006,2,32.39,59.82
ORD-2023-033532,2,PROD-035,1,10.14,9.91
ORD-2023-033532,3,PROD-010,1,38.03,37.62
ORD-2023-033533,1,PROD-014,2,9.9,19.55
ORD-2023-033534,1,PROD-029,1,24.79,23.89
ORD-2023-033535,1,PROD-056,1,101.41,80.67
ORD-2023-033536,1,PROD-005,1,20.28,19.93
ORD-2023-033537,1,PROD-001,1,12.9,11.24
ORD-2023-033537,2,PROD-005,1,20.28,17.01
ORD-2023-033537,3,PROD-036,1,11.55,10.94
ORD-2023-033538,1,PROD-041,1,11.83,11.59
ORD-2023-033538,2,PROD-002,1,11.9,10.56
ORD-2023-033539,1,PROD-033,2,52.11,83.41
ORD-2023-033539,2,PROD-035,1,10.14,9.12
ORD-2023-033540,1,PROD-004,2,20.28,38.13
ORD-2023-033541,1,PROD-006,1,32.39,30.69
ORD-2023-033542,1,PROD-010,2,38.03,71.87
ORD-2023-033543,1,PROD-007,1,17.18,17.09
ORD-2023-033544,1,PROD-008,1,9.9,9.62
ORD-2023-033545,1,PROD-010,1,38.03,31.89
ORD-2023-033546,1,PROD-004,1,20.28,15.88
ORD-2023-033547,1,PROD-038,1,7.89,4.29
ORD-2023-033547,2,PROD-034,1,9.01,8.28
ORD-2023-033547,3,PROD-001,2,12.9,20.21
ORD-2023-033548,1,PROD-006,1,32.39,29.66
ORD-2023-033548,2,PROD-035,3,10.14,27.8
ORD-2023-033549,1,PROD-010,1,38.03,35.11
ORD-2023-033550,1,PROD-005,1,20.28,19.73
ORD-2023-033550,2,PROD-003,3,14.37,42.3
ORD-2023-033550,3,PROD-036,1,11.55,11.51
ORD-2023-033551,1,PROD-010,1,38.03,36.68
ORD-2023-033551,2,PROD-014,1,9.9,9.5
ORD-2023-033552,1,PROD-017,1,12.5,7.72
ORD-2023-033553,1,PROD-004,2,20.28,37.25
ORD-2023-033553,2,PROD-006,1,32.39,25.42
ORD-2023-033553,3,PROD-003,3,14.37,34.2
ORD-2023-033553,4,PROD-012,3,18.5,50.85
ORD-2023-033553,5,PROD-008,2,9.9,17.22
ORD-2023-033554,1,PROD-008,1,9.9,9.28
ORD-2023-033554,2,PROD-002,3,11.9,31.38
ORD-2023-033555,1,PROD-003,2,14.37,26.52
ORD-2023-033556,1,PROD-034,3,9.01,25.56
ORD-2023-033557,1,PROD-010,2,38.03,75.57
ORD-2023-033558,1,PROD-025,1,21.97,15.93
ORD-2023-033559,1,PROD-005,2,20.28,38.52
ORD-2023-033559,2,PROD-010,1,38.03,28.43
ORD-2023-033560,1,PROD-048,1,55.77,46.18
ORD-2023-033561,1,PROD-020,2,10.14,13.75
ORD-2023-033562,1,PROD-001,1,12.9,12.47
ORD-2023-033563,1,PROD-004,3,20.28,57.29
ORD-2023-033564,1,PROD-045,1,72.68,43.59
ORD-2023-033565,1,PROD-044,1,40.85,39.2
ORD-2023-033565,2,PROD-014,1,9.9,9.5
ORD-2023-033566,1,PROD-040,3,15.21,40.96
ORD-2023-033567,1,PROD-024,1,8.73,4.8
ORD-2023-033567,2,PROD-010,1,38.03,34.78
ORD-2023-033567,3,PROD-004,2,20.28,25.27
ORD-2023-033568,1,PROD-034,2,9.01,14.59
ORD-2023-033569,1,PROD-049,1,80.28,48.36
ORD-2023-033569,2,PROD-014,1,9.9,9.66
ORD-2023-033570,1,PROD-034,1,9.01,7.11
ORD-2023-033570,2,PROD-032,2,19.72,35.84
ORD-2023-033571,1,PROD-010,1,38.03,37.31
ORD-2023-033572,1,PROD-037,1,9.86,8.41
ORD-2023-033573,1,PROD-053,1,53.52,53.04
ORD-2023-033573,2,PROD-002,2,11.9,23.1
ORD-2023-033573,3,PROD-005,1,20.28,19.97
ORD-2023-033574,1,PROD-001,2,12.9,22.63
ORD-2023-033574,2,PROD-004,1,20.28,18.85
ORD-2023-033575,1,PROD-016,1,8.9,8.27
ORD-2023-033575,2,PROD-038,1,7.89,7.64
ORD-2023-033576,1,PROD-031,2,53.52,102.81
ORD-2023-033577,1,PROD-041,1,11.83,11.19
ORD-2023-033578,1,PROD-048,1,55.77,45.16
ORD-2023-033578,2,PROD-006,1,32.39,30.01
ORD-2023-033578,3,PROD-010,3,38.03,112.86
ORD-2023-033579,1,PROD-003,2,14.37,22.86
ORD-2023-033579,2,PROD-034,1,9.01,6.68
ORD-2023-033580,1,PROD-023,1,7.89,3.87
ORD-2023-033581,1,PROD-028,1,17.18,7.82
ORD-2023-033582,1,PROD-011,1,14.9,14.7
ORD-2023-033583,1,PROD-049,1,80.28,76.44
ORD-2023-033584,1,PROD-002,1,11.9,10.76
ORD-2023-033584,2,PROD-042,2,73.24,134.09
ORD-2023-033585,1,PROD-007,3,17.18,50.87
ORD-2023-033585,2,PROD-010,1,38.03,35.55
ORD-2023-033586,1,PROD-005,1,20.28,19.03
ORD-2023-033587,1,PROD-001,1,12.9,12.67
ORD-2023-033587,2,PROD-004,1,20.28,18.08
ORD-2023-033587,3,PROD-038,1,7.89,7.51
ORD-2023-033588,1,PROD-005,2,20.28,33.1
ORD-2023-033589,1,PROD-054,1,59.15,55.09
ORD-2023-033590,1,PROD-035,2,10.14,9.13
ORD-2023-033590,2,PROD-056,1,101.41,70.99
ORD-2023-033591,1,PROD-025,1,21.97,19.48
ORD-2023-033591,2,PROD-028,2,17.18,31.56
ORD-2023-033592,1,PROD-010,2,38.03,71.76
ORD-2023-033593,1,PROD-021,1,15.49,14.96
ORD-2023-033594,1,PROD-010,3,38.03,109.24
ORD-2023-033595,1,PROD-032,2,19.72,33.13
ORD-2023-033596,1,PROD-010,2,38.03,62.92
ORD-2023-033597,1,PROD-005,1,20.28,18.74
ORD-2023-033598,1,PROD-031,1,53.52,52.04
ORD-2023-033599,1,PROD-022,1,9.01,8.21
ORD-2023-033600,1,PROD-003,3,14.37,38.79
ORD-2023-033600,2,PROD-036,1,11.55,10.71
ORD-2023-033601,1,PROD-040,2,15.21,27.99
ORD-2023-033601,2,PROD-034,3,9.01,26.61
ORD-2023-033602,1,PROD-013,1,11.9,7.56
ORD-2023-033603,1,PROD-026,1,14.65,11.36
ORD-2023-033603,2,PROD-021,2,15.49,24.93
ORD-2023-033604,1,PROD-003,1,14.37,12.2
ORD-2023-033605,1,PROD-027,2,21.13,40.04
ORD-2023-033605,2,PROD-004,1,20.28,19.21
ORD-2023-033606,1,PROD-005,1,20.28,16.09
ORD-2023-033607,1,PROD-004,1,20.28,15.07
ORD-2023-033608,1,PROD-005,1,20.28,17.96
ORD-2023-033609,1,PROD-004,2,20.28,35.98
ORD-2023-033610,1,PROD-005,2,20.28,38.58
ORD-2023-033610,2,PROD-003,1,14.37,11.31
ORD-2023-033611,1,PROD-008,2,9.9,19.38
ORD-2023-033611,2,PROD-020,1,10.14,10.06
ORD-2023-033612,1,PROD-011,1,14.9,10.8
ORD-2023-033613,1,PROD-006,3,32.39,95.19
ORD-2023-033614,1,PROD-054,1,59.15,42.15
ORD-2023-033614,2,PROD-004,2,20.28,19.75
ORD-2023-033615,1,PROD-001,2,12.9,11.61
ORD-2023-033616,1,PROD-006,1,32.39,29.23
ORD-2023-033616,2,PROD-034,2,9.01,17.59
ORD-2023-033617,1,PROD-006,1,32.39,28.22
ORD-2023-033617,2,PROD-004,1,20.28,17.82
ORD-2023-033617,3,PROD-055,1,74.65,69.68
ORD-2023-033617,4,PROD-036,1,11.55,9.36
ORD-2023-033618,1,PROD-007,1,17.18,16.48
ORD-2023-033619,1,PROD-004,1,20.28,20.08
ORD-2023-033619,2,PROD-042,3,73.24,209.68
ORD-2023-033619,3,PROD-032,2,19.72,39.09
ORD-2023-033620,1,PROD-035,1,10.14,6.56
ORD-2023-033620,2,PROD-008,1,9.9,9.11
ORD-2023-033621,1,PROD-003,1,14.37,9.63
ORD-2023-033622,1,PROD-037,1,9.86,6.39
ORD-2023-033622,2,PROD-010,2,38.03,65.16
ORD-2023-033623,1,PROD-010,2,38.03,71.98
ORD-2023-033623,2,PROD-056,1,101.41,97.99
ORD-2023-033623,3,PROD-018,1,50.7,49.27
ORD-2023-033624,1,PROD-052,1,46.48,31.97
ORD-2023-033624,2,PROD-037,3,9.86,20.07
ORD-2023-033625,1,PROD-027,2,21.13,39.78
ORD-2023-033626,1,PROD-005,3,20.28,50.3
ORD-2023-033626,2,PROD-001,1,12.9,11.88
ORD-2023-033627,1,PROD-016,1,8.9,7.98
ORD-2023-033627,2,PROD-035,1,10.14,9.74
ORD-2023-033628,1,PROD-050,1,61.97,42.7
ORD-2023-033628,2,PROD-004,1,20.28,16.2
ORD-2023-033629,1,PROD-008,2,9.9,19.16
ORD-2023-033629,2,PROD-043,3,107.04,312.26
ORD-2023-033630,1,PROD-036,1,11.55,7.65
ORD-2023-033630,2,PROD-004,2,20.28,37.89
ORD-2023-033630,3,PROD-030,2,49.3,73.89
ORD-2023-033631,1,PROD-056,1,101.41,70.17
ORD-2023-033632,1,PROD-055,1,74.65,67.58
ORD-2023-033633,1,PROD-001,2,12.9,13.61
ORD-2023-033634,1,PROD-048,1,55.77,42.58
ORD-2023-033634,2,PROD-005,2,20.28,33.96
ORD-2023-033635,1,PROD-004,2,20.28,36.25
ORD-2023-033635,2,PROD-002,1,11.9,10.0
ORD-2023-033635,3,PROD-009,2,61.97,119.91
ORD-2023-033635,4,PROD-041,1,11.83,9.35
ORD-2023-033636,1,PROD-028,1,17.18,14.92
ORD-2023-033637,1,PROD-008,1,9.9,9.45
ORD-2023-033638,1,PROD-023,1,7.89,7.47
ORD-2023-033639,1,PROD-006,3,32.39,91.1
ORD-2023-033640,1,PROD-013,1,11.9,10.4
ORD-2023-033641,1,PROD-030,1,49.3,45.43
ORD-2023-033641,2,PROD-040,3,15.21,45.22
ORD-2023-033641,3,PROD-041,1,11.83,10.43
ORD-2023-033641,4,PROD-028,1,17.18,15.74
ORD-2023-033642,1,PROD-059,1,52.11,36.75
ORD-2023-033643,1,PROD-028,1,17.18,16.85
ORD-2023-033643,2,PROD-006,1,32.39,31.35
ORD-2023-033643,3,PROD-021,1,15.49,13.46
ORD-2023-033644,1,PROD-002,1,11.9,8.71
ORD-2023-033644,2,PROD-035,3,10.14,25.87
ORD-2023-033645,1,PROD-042,2,73.24,116.82
ORD-2023-033646,1,PROD-005,1,20.28,19.38
ORD-2023-033647,1,PROD-010,2,38.03,70.74
ORD-2023-033647,2,PROD-034,3,9.01,25.47
ORD-2023-033648,1,PROD-037,2,9.86,17.61
ORD-2023-033649,1,PROD-022,2,9.01,16.59
ORD-2023-033650,1,PROD-001,2,12.9,19.5
ORD-2023-033650,2,PROD-005,1,20.28,18.02
ORD-2023-033650,3,PROD-024,1,8.73,7.27
ORD-2023-033651,1,PROD-036,1,11.55,11.15
ORD-2023-033652,1,PROD-036,2,11.55,22.81
ORD-2023-033652,2,PROD-058,1,39.44,38.53
ORD-2023-033652,3,PROD-011,1,14.9,14.27
ORD-2023-033653,1,PROD-022,1,9.01,7.67
ORD-2023-033653,2,PROD-002,2,11.9,22.04
ORD-2023-033654,1,PROD-023,1,7.89,6.92
ORD-2023-033654,2,PROD-005,1,20.28,15.17
ORD-2023-033655,1,PROD-042,2,73.24,122.28
ORD-2023-033655,2,PROD-010,1,38.03,31.63
ORD-2023-033656,1,PROD-034,1,9.01,8.84
ORD-2023-033657,1,PROD-041,1,11.83,11.29
ORD-2023-033658,1,PROD-006,3,32.39,94.02
ORD-2023-033659,1,PROD-012,1,18.5,14.83
ORD-2023-033659,2,PROD-011,1,14.9,14.18
ORD-2023-033659,3,PROD-016,1,8.9,7.1
ORD-2023-033660,1,PROD-001,1,12.9,10.75
ORD-2023-033661,1,PROD-002,1,11.9,10.69
ORD-2023-033662,1,PROD-033,1,52.11,48.27
ORD-2023-033662,2,PROD-004,2,20.28,39.4
ORD-2023-033663,1,PROD-015,2,26.76,51.15
ORD-2023-033664,1,PROD-038,1,7.89,7.73
ORD-2023-033664,2,PROD-020,2,10.14,18.76
ORD-2023-033664,3,PROD-043,1,107.04,89.29
ORD-2023-033665,1,PROD-039,2,8.17,14.0
ORD-2023-033665,2,PROD-041,4,11.83,25.96
ORD-2023-033666,1,PROD-023,1,7.89,7.78
ORD-2023-033667,1,PROD-004,1,20.28,16.76
ORD-2023-033668,1,PROD-019,1,29.58,28.09
ORD-2023-033668,2,PROD-006,1,32.39,31.31
ORD-2023-033668,3,PROD-012,1,18.5,17.76
ORD-2023-033669,1,PROD-006,1,32.39,25.46
ORD-2023-033670,1,PROD-055,1,74.65,33.59
ORD-2023-033671,1,PROD-001,1,12.9,12.61
ORD-2023-033671,2,PROD-007,2,17.18,33.04
ORD-2023-033671,3,PROD-020,1,10.14,8.23
ORD-2023-033671,4,PROD-005,2,20.28,36.44
ORD-2023-033672,1,PROD-043,1,107.04,95.22
ORD-2023-033673,1,PROD-010,2,38.03,74.22
ORD-2023-033674,1,PROD-007,3,17.18,45.49
ORD-2023-033674,2,PROD-031,1,53.52,42.07
ORD-2023-033675,1,PROD-005,1,20.28,16.4
ORD-2023-033676,1,PROD-016,1,8.9,8.74
ORD-2023-033677,1,PROD-006,1,32.39,31.67
ORD-2023-033678,1,PROD-003,1,14.37,11.86
ORD-2023-033678,2,PROD-005,2,20.28,35.5
ORD-2023-033678,3,PROD-055,1,74.65,65.87
ORD-2023-033679,1,PROD-024,1,8.73,7.71
ORD-2023-033680,1,PROD-031,2,53.52,97.58
ORD-2023-033680,2,PROD-037,4,9.86,35.58
ORD-2023-033681,1,PROD-004,1,20.28,17.32
ORD-2023-033682,1,PROD-007,2,17.18,33.03
ORD-2023-033683,1,PROD-059,1,52.11,43.92
ORD-2023-033684,1,PROD-036,2,11.55,21.9
ORD-2023-033684,2,PROD-041,2,11.83,20.88
ORD-2023-033685,1,PROD-032,2,19.72,38.44
ORD-2023-033686,1,PROD-031,2,53.52,96.08
ORD-2023-033686,2,PROD-006,2,32.39,51.81
ORD-2023-033687,1,PROD-014,1,9.9,8.54
ORD-2023-033688,1,PROD-056,1,101.41,89.07
ORD-2023-033689,1,PROD-010,1,38.03,29.33
ORD-2023-033689,2,PROD-003,1,14.37,9.04
ORD-2023-033689,3,PROD-014,2,9.9,8.91
ORD-2023-033689,4,PROD-019,1,29.58,26.23
ORD-2023-033690,1,PROD-031,1,53.52,47.68
ORD-2023-033690,2,PROD-027,2,21.13,33.3
ORD-2023-033691,1,PROD-005,1,20.28,12.33
ORD-2023-033691,2,PROD-034,1,9.01,4.05
ORD-2023-033692,1,PROD-007,2,17.18,33.24
ORD-2023-033692,2,PROD-004,2,20.28,34.26
ORD-2023-033693,1,PROD-001,1,12.9,11.94
ORD-2023-033694,1,PROD-023,1,7.89,7.07
ORD-2023-033694,2,PROD-028,2,17.18,16.99
ORD-2023-033695,1,PROD-010,1,38.03,31.3
ORD-2023-033695,2,PROD-004,3,20.28,52.55
ORD-2023-033696,1,PROD-041,1,11.83,10.56
ORD-2023-033697,1,PROD-024,1,8.73,5.23
ORD-2023-033698,1,PROD-004,2,20.28,39.93
ORD-2023-033698,2,PROD-035,2,10.14,20.13
ORD-2023-033698,3,PROD-034,3,9.01,26.64
ORD-2023-033699,1,PROD-025,1,21.97,20.13
ORD-2023-033700,1,PROD-020,1,10.14,8.79
ORD-2023-033701,1,PROD-004,1,20.28,17.16
ORD-2023-033701,2,PROD-041,3,11.83,32.87
ORD-2023-033701,3,PROD-010,3,38.03,111.19
ORD-2023-033702,1,PROD-019,2,29.58,56.59
ORD-2023-033703,1,PROD-010,3,38.03,109.37
ORD-2023-033703,2,PROD-001,1,12.9,10.5
ORD-2023-033704,1,PROD-025,2,21.97,30.28
ORD-2023-033705,1,PROD-003,3,14.37,41.76
ORD-2023-033706,1,PROD-024,2,8.73,16.17
ORD-2023-033707,1,PROD-021,1,15.49,13.58
ORD-2023-033707,2,PROD-012,1,18.5,16.54
ORD-2023-033707,3,PROD-039,1,8.17,7.79
ORD-2023-033708,1,PROD-001,1,12.9,10.04
ORD-2023-033709,1,PROD-019,1,29.58,21.68
ORD-2023-033710,1,PROD-003,1,14.37,13.18
ORD-2023-033711,1,PROD-013,2,11.9,17.76
ORD-2023-033711,2,PROD-003,1,14.37,9.72
ORD-2023-033712,1,PROD-015,2,26.76,51.71
ORD-2023-033713,1,PROD-041,2,11.83,10.65
ORD-2023-033713,2,PROD-010,2,38.03,66.26
ORD-2023-033713,3,PROD-039,1,8.17,6.51
ORD-2023-033714,1,PROD-005,1,20.28,18.33
ORD-2023-033715,1,PROD-036,2,11.55,21.44
ORD-2023-033715,2,PROD-011,1,14.9,13.75
ORD-2023-033716,1,PROD-037,3,9.86,26.12
ORD-2023-033717,1,PROD-006,1,32.39,23.4
ORD-2023-033718,1,PROD-032,4,19.72,78.1
ORD-2023-033719,1,PROD-001,2,12.9,12.38
ORD-2023-033719,2,PROD-006,1,32.39,31.15
ORD-2023-033720,1,PROD-014,1,9.9,8.71
ORD-2023-033720,2,PROD-037,2,9.86,18.18
ORD-2023-033720,3,PROD-026,1,14.65,12.35
ORD-2023-033721,1,PROD-001,1,12.9,12.18
ORD-2023-033721,2,PROD-002,2,11.9,20.64
ORD-2023-033721,3,PROD-034,2,9.01,17.82
ORD-2023-033722,1,PROD-038,1,7.89,7.51
ORD-2023-033723,1,PROD-030,1,49.3,46.82
ORD-2023-033723,2,PROD-001,1,12.9,11.65
ORD-2023-033723,3,PROD-005,1,20.28,19.63
ORD-2023-033724,1,PROD-042,1,73.24,69.53
ORD-2023-033725,1,PROD-015,1,26.76,24.96
ORD-2023-033726,1,PROD-005,2,20.28,38.6
ORD-2023-033727,1,PROD-041,2,11.83,21.62
ORD-2023-033728,1,PROD-003,1,14.37,14.13
ORD-2023-033728,2,PROD-040,1,15.21,15.07
ORD-2023-033729,1,PROD-030,1,49.3,41.06
ORD-2023-033730,1,PROD-015,1,26.76,25.93
ORD-2023-033731,1,PROD-010,2,38.03,69.9
ORD-2023-033731,2,PROD-041,4,11.83,46.44
ORD-2023-033732,1,PROD-003,2,14.37,27.03
ORD-2023-033732,2,PROD-041,1,11.83,11.61
ORD-2023-033732,3,PROD-032,2,19.72,38.11
ORD-2023-033733,1,PROD-003,1,14.37,12.95
ORD-2023-033734,1,PROD-004,2,20.28,37.3
ORD-2023-033735,1,PROD-001,1,12.9,9.07
ORD-2023-033736,1,PROD-047,1,108.45,97.12
ORD-2023-033737,1,PROD-015,1,26.76,21.65
ORD-2023-033737,2,PROD-004,2,20.28,32.71
ORD-2023-033738,1,PROD-035,1,10.14,9.69
ORD-2023-033738,2,PROD-036,1,11.55,10.64
ORD-2023-033739,1,PROD-060,1,42.25,26.56
ORD-2023-033740,1,PROD-056,1,101.41,90.06
ORD-2023-033741,1,PROD-047,1,108.45,102.42
ORD-2023-033742,1,PROD-003,1,14.37,13.91
ORD-2023-033743,1,PROD-004,3,20.28,54.57
ORD-2023-033744,1,PROD-010,2,38.03,39.23
ORD-2023-033745,1,PROD-010,1,38.03,37.79
ORD-2023-033745,2,PROD-008,1,9.9,9.79
ORD-2023-033746,1,PROD-012,1,18.5,13.14
ORD-2023-033747,1,PROD-032,1,19.72,18.49
ORD-2023-033748,1,PROD-020,2,10.14,19.22
ORD-2023-033748,2,PROD-039,3,8.17,23.97
ORD-2023-033749,1,PROD-027,1,21.13,17.83
ORD-2023-033750,1,PROD-029,1,24.79,21.98
ORD-2023-033750,2,PROD-005,1,20.28,20.02
ORD-2023-033750,3,PROD-012,1,18.5,17.64
ORD-2023-033751,1,PROD-006,2,32.39,61.61
ORD-2023-033752,1,PROD-042,1,73.24,66.83
ORD-2023-033753,1,PROD-029,1,24.79,23.93
ORD-2023-033753,2,PROD-056,1,101.41,99.81
ORD-2023-033754,1,PROD-004,1,20.28,16.51
ORD-2023-033755,1,PROD-009,1,61.97,61.03
ORD-2023-033756,1,PROD-015,1,26.76,26.27
ORD-2023-033756,2,PROD-053,1,53.52,50.97
ORD-2023-033756,3,PROD-006,3,32.39,96.08
ORD-2023-033757,1,PROD-010,2,38.03,73.47
ORD-2023-033758,1,PROD-027,1,21.13,16.76
ORD-2023-033758,2,PROD-036,1,11.55,8.53
ORD-2023-033759,1,PROD-030,1,49.3,41.99
ORD-2023-033759,2,PROD-002,1,11.9,9.91
ORD-2023-033760,1,PROD-006,2,32.39,56.0
ORD-2023-033760,2,PROD-035,2,10.14,19.95
ORD-2023-033761,1,PROD-029,1,24.79,21.53
ORD-2023-033761,2,PROD-056,1,101.41,45.63
ORD-2023-033762,1,PROD-001,2,12.9,22.48
ORD-2023-033762,2,PROD-003,2,14.37,27.64
ORD-2023-033763,1,PROD-004,3,20.28,58.31
ORD-2023-033763,2,PROD-032,1,19.72,18.34
ORD-2023-033764,1,PROD-055,1,74.65,40.97
ORD-2023-033765,1,PROD-032,1,19.72,18.88
ORD-2023-033766,1,PROD-003,1,14.37,6.47
ORD-2023-033766,2,PROD-040,3,15.21,26.84
ORD-2023-033767,1,PROD-010,1,38.03,33.65
ORD-2023-033768,1,PROD-010,1,38.03,36.32
ORD-2023-033768,2,PROD-037,2,9.86,18.16
ORD-2023-033769,1,PROD-010,1,38.03,30.74
ORD-2023-033770,1,PROD-032,2,19.72,38.18
ORD-2023-033770,2,PROD-031,2,53.52,99.56
ORD-2023-033771,1,PROD-035,2,10.14,19.56
ORD-2023-033771,2,PROD-005,2,20.28,39.55
ORD-2023-033771,3,PROD-002,2,11.9,21.95
ORD-2023-033772,1,PROD-011,2,14.9,18.71
ORD-2023-033772,2,PROD-013,2,11.9,15.76
ORD-2023-033772,3,PROD-006,2,32.39,44.38
ORD-2023-033772,4,PROD-037,1,9.86,9.34
ORD-2023-033773,1,PROD-038,3,7.89,19.64
ORD-2023-033774,1,PROD-002,2,11.9,22.06
ORD-2023-033775,1,PROD-039,2,8.17,13.57
ORD-2023-033776,1,PROD-026,1,14.65,11.24
ORD-2023-033776,2,PROD-001,1,12.9,11.45
ORD-2023-033776,3,PROD-010,1,38.03,35.76
ORD-2023-033776,4,PROD-036,3,11.55,31.57
ORD-2023-033777,1,PROD-045,2,72.68,126.8
ORD-2023-033778,1,PROD-005,2,20.28,37.32
ORD-2023-033779,1,PROD-032,1,19.72,16.64
ORD-2023-033780,1,PROD-042,4,73.24,275.62
ORD-2023-033780,2,PROD-030,1,49.3,48.1
ORD-2023-033780,3,PROD-034,1,9.01,8.76
ORD-2023-033781,1,PROD-046,1,259.15,241.27
ORD-2023-033781,2,PROD-003,1,14.37,11.59
ORD-2023-033782,1,PROD-001,2,12.9,25.44
ORD-2023-033782,2,PROD-006,1,32.39,31.03
ORD-2023-033783,1,PROD-016,1,8.9,8.79
ORD-2023-033784,1,PROD-042,4,73.24,282.65
ORD-2023-033785,1,PROD-021,2,15.49,30.04
ORD-2023-033785,2,PROD-008,2,9.9,17.9
ORD-2023-033786,1,PROD-004,1,20.28,18.21
ORD-2023-033787,1,PROD-060,1,42.25,37.96
ORD-2023-033788,1,PROD-005,1,20.28,18.16
ORD-2023-033788,2,PROD-034,2,9.01,17.14
ORD-2023-033788,3,PROD-049,1,80.28,75.41
ORD-2023-033789,1,PROD-055,1,74.65,59.68
ORD-2023-033790,1,PROD-032,2,19.72,35.72
ORD-2023-033790,2,PROD-054,1,59.15,51.96
ORD-2023-033791,1,PROD-010,1,38.03,32.0
ORD-2023-033791,2,PROD-034,3,9.01,21.09
ORD-2023-033792,1,PROD-004,1,20.28,20.11
ORD-2023-033792,2,PROD-010,1,38.03,36.67
ORD-2023-033792,3,PROD-006,1,32.39,32.19
ORD-2023-033793,1,PROD-006,1,32.39,21.14
ORD-2023-033794,1,PROD-012,1,18.5,18.35
ORD-2023-033794,2,PROD-041,2,11.83,20.66
ORD-2023-033794,3,PROD-032,2,19.72,37.95
ORD-2023-033795,1,PROD-019,3,29.58,85.49
ORD-2023-033796,1,PROD-002,2,11.9,22.59
ORD-2023-033796,2,PROD-004,1,20.28,17.3
ORD-2023-033797,1,PROD-019,1,29.58,28.86
ORD-2023-033797,2,PROD-051,1,36.06,31.03
ORD-2023-033798,1,PROD-026,1,14.65,7.71
ORD-2023-033799,1,PROD-002,2,11.9,22.73
ORD-2023-033800,1,PROD-006,3,32.39,88.81
ORD-2023-033801,1,PROD-041,1,11.83,10.37
ORD-2023-033802,1,PROD-001,2,12.9,25.15
ORD-2023-033803,1,PROD-014,2,9.9,19.0
ORD-2023-033803,2,PROD-006,2,32.39,57.82
ORD-2023-033804,1,PROD-003,1,14.37,6.47
ORD-2023-033804,2,PROD-035,1,10.14,7.83
ORD-2023-033805,1,PROD-055,1,74.65,71.37
ORD-2023-033806,1,PROD-005,3,20.28,39.89
ORD-2023-033806,2,PROD-006,1,32.39,32.2
ORD-2023-033807,1,PROD-039,1,8.17,6.84
ORD-2023-033808,1,PROD-042,1,73.24,68.11
ORD-2023-033808,2,PROD-038,2,7.89,14.91
ORD-2023-033808,3,PROD-007,1,17.18,15.1
ORD-2023-033808,4,PROD-054,1,59.15,56.04
ORD-2023-033808,5,PROD-010,2,38.03,68.0
ORD-2023-033809,1,PROD-047,2,108.45,205.32
ORD-2023-033809,2,PROD-040,1,15.21,14.76
ORD-2023-033810,1,PROD-006,1,32.39,25.11
ORD-2023-033811,1,PROD-005,1,20.28,16.5
ORD-2023-033812,1,PROD-006,3,32.39,78.24
ORD-2023-033812,2,PROD-002,3,11.9,31.33
ORD-2023-033813,1,PROD-001,1,12.9,12.29
ORD-2023-033813,2,PROD-020,1,10.14,9.18
ORD-2023-033814,1,PROD-054,1,59.15,41.43
ORD-2023-033815,1,PROD-027,1,21.13,19.02
ORD-2023-033816,1,PROD-021,1,15.49,10.88
ORD-2023-033816,2,PROD-045,1,72.68,59.33
ORD-2023-033816,3,PROD-042,1,73.24,54.41
ORD-2023-033816,4,PROD-010,3,38.03,94.88
ORD-2023-033817,1,PROD-006,1,32.39,19.12
ORD-2023-033818,1,PROD-002,1,11.9,9.65
ORD-2023-033818,2,PROD-041,1,11.83,9.5
ORD-2023-033818,3,PROD-033,2,52.11,96.23
ORD-2023-033819,1,PROD-007,2,17.18,32.65
ORD-2023-033819,2,PROD-003,3,14.37,42.01
ORD-2023-033820,1,PROD-003,2,14.37,20.76
ORD-2023-033820,2,PROD-005,1,20.28,19.14
ORD-2023-033820,3,PROD-041,1,11.83,9.52
ORD-2023-033821,1,PROD-036,2,11.55,17.51
ORD-2023-033821,2,PROD-022,1,9.01,8.48
ORD-2023-033822,1,PROD-060,1,42.25,23.91
ORD-2023-033823,1,PROD-004,3,20.28,53.18
ORD-2023-033824,1,PROD-034,3,9.01,21.72
ORD-2023-033825,1,PROD-035,1,10.14,10.03
ORD-2023-033826,1,PROD-012,3,18.5,49.71
ORD-2023-033827,1,PROD-041,2,11.83,22.11
ORD-2023-033828,1,PROD-014,3,9.9,27.06
ORD-2023-033829,1,PROD-010,1,38.03,37.51
ORD-2023-033830,1,PROD-042,3,73.24,203.26
ORD-2023-033830,2,PROD-031,2,53.52,98.52
ORD-2023-033831,1,PROD-006,3,32.39,93.43
ORD-2023-033832,1,PROD-005,2,20.28,33.44
ORD-2023-033832,2,PROD-018,1,50.7,43.54
ORD-2023-033832,3,PROD-014,1,9.9,9.07
ORD-2023-033833,1,PROD-010,1,38.03,36.36
ORD-2023-033833,2,PROD-005,1,20.28,19.65
ORD-2023-033834,1,PROD-011,1,14.9,13.76
ORD-2023-033835,1,PROD-006,1,32.39,28.65
ORD-2023-033836,1,PROD-002,3,11.9,28.79
ORD-2023-033837,1,PROD-058,1,39.44,31.63
ORD-2023-033838,1,PROD-002,1,11.9,9.24
ORD-2023-033838,2,PROD-005,3,20.28,55.68
ORD-2023-033838,3,PROD-014,2,9.9,19.7
ORD-2023-033838,4,PROD-030,1,49.3,40.53
ORD-2023-033839,1,PROD-015,3,26.76,55.28
ORD-2023-033840,1,PROD-038,1,7.89,6.72
ORD-2023-033841,1,PROD-001,2,12.9,20.14
ORD-2023-033842,1,PROD-005,1,20.28,19.51
ORD-2023-033843,1,PROD-004,2,20.28,36.25
ORD-2023-033843,2,PROD-007,2,17.18,33.06
ORD-2023-033844,1,PROD-008,1,9.9,6.9
ORD-2023-033844,2,PROD-032,2,19.72,25.23
ORD-2023-033845,1,PROD-008,1,9.9,8.69
ORD-2023-033846,1,PROD-016,1,8.9,8.36
ORD-2023-033847,1,PROD-003,2,14.37,27.29
ORD-2023-033847,2,PROD-005,1,20.28,17.94
ORD-2023-033848,1,PROD-007,1,17.18,16.65
ORD-2023-033849,1,PROD-005,2,20.28,33.6
ORD-2023-033849,2,PROD-001,2,12.9,20.71
ORD-2023-033850,1,PROD-008,1,9.9,9.67
ORD-2023-033851,1,PROD-001,1,12.9,12.52
ORD-2023-033852,1,PROD-004,2,20.28,38.74
ORD-2023-033852,2,PROD-002,1,11.9,10.89
ORD-2023-033852,3,PROD-001,2,12.9,22.76
ORD-2023-033853,1,PROD-011,2,14.9,28.12
ORD-2023-033853,2,PROD-007,1,17.18,16.68
ORD-2023-033854,1,PROD-006,2,32.39,63.85
ORD-2023-033854,2,PROD-044,1,40.85,35.83
ORD-2023-033854,3,PROD-037,4,9.86,35.83
ORD-2023-033855,1,PROD-004,2,20.28,36.99
ORD-2023-033856,1,PROD-034,2,9.01,17.84
ORD-2023-033856,2,PROD-004,1,20.28,19.53
ORD-2023-033857,1,PROD-010,2,38.03,73.85
ORD-2023-033857,2,PROD-009,1,61.97,60.45
ORD-2023-033858,1,PROD-010,2,38.03,68.39
ORD-2023-033859,1,PROD-010,1,38.03,26.61
ORD-2023-033859,2,PROD-026,2,14.65,25.81
ORD-2023-033860,1,PROD-003,1,14.37,11.24
ORD-2023-033860,2,PROD-010,1,38.03,35.27
ORD-2023-033861,1,PROD-005,2,20.28,27.98
ORD-2023-033862,1,PROD-006,1,32.39,29.11
ORD-2023-033863,1,PROD-055,1,74.65,60.19
ORD-2023-033864,1,PROD-008,1,9.9,9.45
ORD-2023-033865,1,PROD-001,3,12.9,38.55
ORD-2023-033865,2,PROD-036,3,11.55,28.86
ORD-2023-033865,3,PROD-008,1,9.9,8.85
ORD-2023-033866,1,PROD-035,3,10.14,25.26
ORD-2023-033867,1,PROD-004,1,20.28,19.59
ORD-2023-033867,2,PROD-034,1,9.01,8.65
ORD-2023-033868,1,PROD-011,1,14.9,14.2
ORD-2023-033868,2,PROD-014,2,9.9,18.58
ORD-2023-033869,1,PROD-007,1,17.18,14.74
ORD-2023-033870,1,PROD-022,1,9.01,8.26
ORD-2023-033870,2,PROD-005,1,20.28,19.54
ORD-2023-033870,3,PROD-001,1,12.9,12.83
ORD-2023-033871,1,PROD-011,2,14.9,23.19
ORD-2023-033872,1,PROD-025,1,21.97,19.76
ORD-2023-033872,2,PROD-002,3,11.9,34.09
ORD-2023-033873,1,PROD-001,2,12.9,22.98
ORD-2023-033874,1,PROD-054,1,59.15,41.35
ORD-2023-033874,2,PROD-001,1,12.9,8.74
ORD-2023-033875,1,PROD-003,1,14.37,12.61
ORD-2023-033875,2,PROD-037,1,9.86,8.09
ORD-2023-033876,1,PROD-047,1,108.45,107.5
ORD-2023-033876,2,PROD-028,1,17.18,17.1
ORD-2023-033877,1,PROD-019,2,29.58,51.62
ORD-2023-033877,2,PROD-026,1,14.65,11.98
ORD-2023-033877,3,PROD-037,2,9.86,17.66
ORD-2023-033878,1,PROD-001,1,12.9,11.18
ORD-2023-033878,2,PROD-036,1,11.55,10.48
ORD-2023-033879,1,PROD-031,2,53.52,101.88
ORD-2023-033880,1,PROD-015,1,26.76,24.94
ORD-2023-033881,1,PROD-038,3,7.89,19.65
ORD-2023-033882,1,PROD-006,1,32.39,26.51
ORD-2023-033882,2,PROD-040,1,15.21,11.65
ORD-2023-033882,3,PROD-025,1,21.97,11.71
ORD-2023-033883,1,PROD-003,1,14.37,13.97
ORD-2023-033884,1,PROD-034,1,9.01,7.82
ORD-2023-033885,1,PROD-005,3,20.28,46.06
ORD-2023-033886,1,PROD-043,1,107.04,80.27
ORD-2023-033887,1,PROD-003,1,14.37,14.34
ORD-2023-033888,1,PROD-004,2,20.28,32.03
ORD-2023-033889,1,PROD-004,2,20.28,39.47
ORD-2023-033889,2,PROD-034,2,9.01,16.78
ORD-2023-033890,1,PROD-030,1,49.3,44.24
ORD-2023-033891,1,PROD-006,1,32.39,31.44
ORD-2023-033892,1,PROD-035,1,10.14,8.14
ORD-2023-033892,2,PROD-007,1,17.18,16.93
ORD-2023-033892,3,PROD-001,1,12.9,12.23
ORD-2023-033892,4,PROD-036,3,11.55,28.73
ORD-2023-033892,5,PROD-041,2,11.83,23.09
ORD-2023-033893,1,PROD-004,1,20.28,16.34
ORD-2023-033893,2,PROD-034,1,9.01,7.72
ORD-2023-033893,3,PROD-042,1,73.24,65.24
ORD-2023-033893,4,PROD-024,1,8.73,7.86
ORD-2023-033894,1,PROD-010,1,38.03,36.15
ORD-2023-033895,1,PROD-028,2,17.18,33.95
ORD-2023-033895,2,PROD-013,1,11.9,11.28
ORD-2023-033895,3,PROD-007,1,17.18,16.8
ORD-2023-033896,1,PROD-022,1,9.01,7.98
ORD-2023-033896,2,PROD-030,1,49.3,47.19
ORD-2023-033897,1,PROD-010,1,38.03,35.23
ORD-2023-033897,2,PROD-034,2,9.01,13.67
ORD-2023-033897,3,PROD-005,1,20.28,16.92
ORD-2023-033898,1,PROD-058,1,39.44,29.64
ORD-2023-033899,1,PROD-003,1,14.37,14.12
ORD-2023-033900,1,PROD-003,1,14.37,13.9
ORD-2023-033901,1,PROD-003,2,14.37,21.74
ORD-2023-033901,2,PROD-002,1,11.9,10.66
ORD-2023-033902,1,PROD-042,1,73.24,32.96
ORD-2023-033902,2,PROD-004,1,20.28,13.16
ORD-2023-033903,1,PROD-003,1,14.37,13.86
ORD-2023-033903,2,PROD-010,2,38.03,72.6
ORD-2023-033904,1,PROD-056,1,101.41,79.06
ORD-2023-033905,1,PROD-004,1,20.28,18.08
ORD-2023-033906,1,PROD-005,1,20.28,13.12
ORD-2023-033906,2,PROD-019,1,29.58,17.6
ORD-2023-033906,3,PROD-030,1,49.3,33.71
ORD-2023-033907,1,PROD-040,1,15.21,10.96
ORD-2023-033908,1,PROD-028,1,17.18,15.81
ORD-2023-033909,1,PROD-005,1,20.28,20.16
ORD-2023-033909,2,PROD-004,1,20.28,19.43
ORD-2023-033910,1,PROD-004,2,20.28,34.02
ORD-2023-033910,2,PROD-034,2,9.01,16.35
ORD-2023-033910,3,PROD-047,1,108.45,90.69
ORD-2023-033911,1,PROD-010,1,38.03,33.45
ORD-2023-033912,1,PROD-050,1,61.97,59.73
ORD-2023-033913,1,PROD-001,1,12.9,10.48
ORD-2023-033913,2,PROD-034,2,9.01,13.32
ORD-2023-033913,3,PROD-043,1,107.04,99.55
ORD-2023-033914,1,PROD-023,1,7.89,4.67
ORD-2023-033915,1,PROD-042,2,73.24,146.32
ORD-2023-033915,2,PROD-041,3,11.83,34.77
ORD-2023-033915,3,PROD-030,1,49.3,48.64
ORD-2023-033916,1,PROD-030,2,49.3,64.29
ORD-2023-033917,1,PROD-031,1,53.52,48.15
ORD-2023-033918,1,PROD-001,1,12.9,11.96
ORD-2023-033919,1,PROD-046,1,259.15,247.59
ORD-2023-033920,1,PROD-004,1,20.28,20.18
ORD-2023-033921,1,PROD-003,1,14.37,14.0
ORD-2023-033922,1,PROD-035,2,10.14,11.11
ORD-2023-033923,1,PROD-038,2,7.89,14.06
ORD-2023-033923,2,PROD-004,1,20.28,18.04
ORD-2023-033924,1,PROD-001,1,12.9,12.4
ORD-2023-033924,2,PROD-005,3,20.28,56.8
ORD-2023-033924,3,PROD-022,1,9.01,8.59
ORD-2023-033925,1,PROD-042,2,73.24,102.83
ORD-2023-033926,1,PROD-019,2,29.58,51.37
ORD-2023-033926,2,PROD-001,1,12.9,10.27
ORD-2023-033927,1,PROD-017,1,12.5,10.3
ORD-2023-033927,2,PROD-005,3,20.28,46.84
ORD-2023-033928,1,PROD-004,1,20.28,17.44
ORD-2023-033929,1,PROD-001,1,12.9,10.66
ORD-2023-033929,2,PROD-026,1,14.65,14.31
ORD-2023-033929,3,PROD-005,1,20.28,16.26
ORD-2023-033930,1,PROD-019,1,29.58,20.12
ORD-2023-033931,1,PROD-019,1,29.58,28.15
ORD-2023-033931,2,PROD-035,1,10.14,9.1
ORD-2023-033931,3,PROD-008,2,9.9,18.13
ORD-2023-033932,1,PROD-002,1,11.9,10.37
ORD-2023-033933,1,PROD-049,1,80.28,68.12
ORD-2023-033933,2,PROD-003,1,14.37,13.01
ORD-2023-033934,1,PROD-031,2,53.52,99.19
ORD-2023-033935,1,PROD-046,1,259.15,218.52
ORD-2023-033935,2,PROD-005,1,20.28,16.75
ORD-2023-033936,1,PROD-039,1,8.17,7.34
ORD-2023-033937,1,PROD-058,1,39.44,21.65
ORD-2023-033938,1,PROD-021,2,15.49,29.23
ORD-2023-033939,1,PROD-005,1,20.28,19.14
ORD-2023-033939,2,PROD-004,1,20.28,19.81
ORD-2023-033939,3,PROD-007,1,17.18,17.04
ORD-2023-033939,4,PROD-035,1,10.14,10.08
ORD-2023-033940,1,PROD-038,4,7.89,28.87
ORD-2023-033940,2,PROD-040,2,15.21,28.42
ORD-2023-033941,1,PROD-010,2,38.03,72.08
ORD-2023-033942,1,PROD-035,1,10.14,9.01
ORD-2023-033943,1,PROD-020,2,10.14,14.72
ORD-2023-033944,1,PROD-002,2,11.9,16.95
ORD-2023-033944,2,PROD-035,1,10.14,5.58
ORD-2023-033945,1,PROD-002,1,11.9,11.39
ORD-2023-033946,1,PROD-008,2,9.9,19.19
ORD-2023-033947,1,PROD-030,1,49.3,47.58
ORD-2023-033948,1,PROD-045,1,72.68,72.21
ORD-2023-033949,1,PROD-005,2,20.28,32.6
ORD-2023-033950,1,PROD-003,1,14.37,12.66
ORD-2023-033950,2,PROD-010,2,38.03,65.83
ORD-2023-033950,3,PROD-038,2,7.89,14.68
ORD-2023-033950,4,PROD-042,1,73.24,58.02
ORD-2023-033950,5,PROD-054,1,59.15,43.74
ORD-2023-033951,1,PROD-035,3,10.14,28.9
ORD-2023-033952,1,PROD-001,3,12.9,36.85
ORD-2023-033952,2,PROD-033,1,52.11,50.42
ORD-2023-033953,1,PROD-005,2,20.28,38.62
ORD-2023-033954,1,PROD-004,1,20.28,18.63
ORD-2023-033954,2,PROD-010,3,38.03,102.78
ORD-2023-033954,3,PROD-020,1,10.14,9.44
ORD-2023-033955,1,PROD-036,2,11.55,21.99
ORD-2023-033955,2,PROD-010,3,38.03,110.05
ORD-2023-033955,3,PROD-034,3,9.01,26.32
ORD-2023-033956,1,PROD-005,1,20.28,17.83
ORD-2023-033957,1,PROD-019,1,29.58,27.12
ORD-2023-033957,2,PROD-005,2,20.28,36.24
ORD-2023-033957,3,PROD-033,2,52.11,95.58
ORD-2023-033958,1,PROD-028,1,17.18,15.01
ORD-2023-033958,2,PROD-027,1,21.13,20.08
ORD-2023-033958,3,PROD-026,1,14.65,13.16
ORD-2023-033958,4,PROD-031,1,53.52,45.95
ORD-2023-033958,5,PROD-003,1,14.37,11.92
ORD-2023-033959,1,PROD-010,2,38.03,69.34
ORD-2023-033960,1,PROD-004,2,20.28,25.68
ORD-2023-033961,1,PROD-007,1,17.18,14.63
ORD-2023-033961,2,PROD-042,1,73.24,64.72
ORD-2023-033962,1,PROD-001,1,12.9,12.37
ORD-2023-033962,2,PROD-031,2,53.52,105.35
ORD-2023-033963,1,PROD-033,3,52.11,136.69
ORD-2023-033964,1,PROD-029,2,24.79,47.1
ORD-2023-033964,2,PROD-027,1,21.13,20.88
ORD-2023-033964,3,PROD-040,2,15.21,28.33
ORD-2023-033965,1,PROD-039,1,8.17,7.38
ORD-2023-033966,1,PROD-033,2,52.11,102.64
ORD-2023-033967,1,PROD-039,1,8.17,4.27
ORD-2023-033968,1,PROD-042,1,73.24,55.27
ORD-2023-033969,1,PROD-001,1,12.9,12.36
ORD-2023-033969,2,PROD-004,2,20.28,39.68
ORD-2023-033970,1,PROD-014,1,9.9,9.1
ORD-2023-033970,2,PROD-015,1,26.76,24.06
ORD-2023-033971,1,PROD-023,2,7.89,12.42
ORD-2023-033971,2,PROD-060,1,42.25,37.16
ORD-2023-033972,1,PROD-010,2,38.03,59.47
ORD-2023-033972,2,PROD-034,3,9.01,23.79
ORD-2023-033972,3,PROD-002,1,11.9,10.67
ORD-2023-033973,1,PROD-023,2,7.89,15.05
ORD-2023-033974,1,PROD-007,2,17.18,30.68
ORD-2023-033975,1,PROD-051,1,36.06,35.68
ORD-2023-033976,1,PROD-042,2,73.24,116.14
ORD-2023-033977,1,PROD-014,1,9.9,7.38
ORD-2023-033977,2,PROD-034,2,9.01,8.11
ORD-2023-033978,1,PROD-002,1,11.9,8.08
ORD-2023-033978,2,PROD-016,1,8.9,6.58
ORD-2023-033978,3,PROD-034,2,9.01,13.69
ORD-2023-033979,1,PROD-013,1,11.9,8.93
ORD-2023-033980,1,PROD-002,3,11.9,33.22
ORD-2023-033981,1,PROD-005,1,20.28,18.02
ORD-2023-033981,2,PROD-010,1,38.03,35.09
ORD-2023-033982,1,PROD-028,1,17.18,15.4
ORD-2023-033983,1,PROD-042,1,73.24,72.56
ORD-2023-033984,1,PROD-052,1,46.48,42.45
ORD-2023-033985,1,PROD-054,1,59.15,44.72
ORD-2023-033986,1,PROD-054,1,59.15,43.08
ORD-2023-033987,1,PROD-004,1,20.28,19.45
ORD-2023-033987,2,PROD-036,3,11.55,30.62
ORD-2023-033988,1,PROD-006,1,32.39,31.01
ORD-2023-033989,1,PROD-035,2,10.14,18.84
ORD-2023-033990,1,PROD-004,3,20.28,54.93
ORD-2023-033990,2,PROD-030,1,49.3,45.73
ORD-2023-033990,3,PROD-010,1,38.03,32.74
ORD-2023-033991,1,PROD-038,1,7.89,5.11
ORD-2023-033991,2,PROD-054,1,59.15,45.07
ORD-2023-033992,1,PROD-038,2,7.89,13.42
ORD-2023-033992,2,PROD-053,1,53.52,48.44
ORD-2023-033992,3,PROD-034,2,9.01,14.48
ORD-2023-033992,4,PROD-035,2,10.14,18.14
ORD-2023-033993,1,PROD-010,1,38.03,27.85
ORD-2023-033993,2,PROD-028,1,17.18,16.56
ORD-2023-033993,3,PROD-001,3,12.9,26.98
ORD-2023-033994,1,PROD-041,1,11.83,8.17
ORD-2023-033995,1,PROD-003,1,14.37,13.61
ORD-2023-033995,2,PROD-034,1,9.01,7.67
ORD-2023-033996,1,PROD-038,2,7.89,14.47
ORD-2023-033996,2,PROD-033,1,52.11,38.79
ORD-2023-033997,1,PROD-043,1,107.04,91.93
ORD-2023-033998,1,PROD-001,1,12.9,11.13
ORD-2023-033998,2,PROD-034,1,9.01,8.13
ORD-2023-033999,1,PROD-031,1,53.52,50.16
ORD-2023-033999,2,PROD-060,1,42.25,39.75
ORD-2023-033999,3,PROD-001,1,12.9,11.4
ORD-2023-033999,4,PROD-026,1,14.65,13.2
ORD-2023-033999,5,PROD-030,2,49.3,85.06
ORD-2023-034000,1,PROD-004,1,20.28,17.79
ORD-2023-034001,1,PROD-008,1,9.9,6.78
ORD-2023-034001,2,PROD-035,2,10.14,10.88
ORD-2023-034002,1,PROD-045,1,72.68,65.64
ORD-2023-034002,2,PROD-012,2,18.5,26.24
ORD-2023-034003,1,PROD-054,1,59.15,55.03
ORD-2023-034004,1,PROD-049,1,80.28,74.83
ORD-2023-034005,1,PROD-021,1,15.49,11.38
ORD-2023-034005,2,PROD-031,2,53.52,75.54
ORD-2023-034006,1,PROD-020,1,10.14,8.79
ORD-2023-034007,1,PROD-019,1,29.58,28.44
ORD-2023-034007,2,PROD-004,1,20.28,18.98
ORD-2023-034008,1,PROD-003,1,14.37,13.93
ORD-2023-034009,1,PROD-006,1,32.39,31.44
ORD-2023-034009,2,PROD-035,3,10.14,29.54
ORD-2023-034010,1,PROD-003,2,14.37,20.03
ORD-2023-034011,1,PROD-010,1,38.03,37.63
ORD-2023-034012,1,PROD-009,1,61.97,52.76
ORD-2023-034012,2,PROD-030,2,49.3,91.29
ORD-2023-034013,1,PROD-010,3,38.03,90.2
ORD-2023-034013,2,PROD-053,1,53.52,43.46
ORD-2023-034014,1,PROD-048,1,55.77,52.79
ORD-2023-034014,2,PROD-004,1,20.28,20.06
ORD-2023-034015,1,PROD-054,1,59.15,49.98
ORD-2023-034016,1,PROD-015,1,26.76,20.62
ORD-2023-034016,2,PROD-032,2,19.72,33.56
ORD-2023-034016,3,PROD-004,2,20.28,39.42
ORD-2023-034017,1,PROD-042,1,73.24,65.86
ORD-2023-034017,2,PROD-026,1,14.65,6.84
ORD-2023-034018,1,PROD-047,1,108.45,88.45
ORD-2023-034018,2,PROD-022,1,9.01,6.39
ORD-2023-034019,1,PROD-010,3,38.03,96.95
ORD-2023-034019,2,PROD-034,1,9.01,8.37
ORD-2023-034019,3,PROD-041,1,11.83,10.52
ORD-2023-034019,4,PROD-001,1,12.9,10.16
ORD-2023-034020,1,PROD-032,4,19.72,60.52
ORD-2023-034020,2,PROD-001,1,12.9,11.34
ORD-2023-034021,1,PROD-010,2,38.03,70.04
ORD-2023-034022,1,PROD-008,1,9.9,8.25
ORD-2023-034023,1,PROD-003,1,14.37,12.85
ORD-2023-034024,1,PROD-022,1,9.01,8.06
ORD-2023-034024,2,PROD-049,1,80.28,75.56
ORD-2023-034025,1,PROD-023,1,7.89,7.71
ORD-2023-034026,1,PROD-007,2,17.18,32.61
ORD-2023-034027,1,PROD-005,2,20.28,34.67
ORD-2023-034028,1,PROD-017,1,12.5,11.52
ORD-2023-034029,1,PROD-049,1,80.28,75.01
ORD-2023-034030,1,PROD-001,1,12.9,12.01
ORD-2023-034031,1,PROD-037,2,9.86,8.87
ORD-2023-034032,1,PROD-029,2,24.79,46.82
ORD-2023-034033,1,PROD-056,1,101.41,88.63
ORD-2023-034034,1,PROD-002,1,11.9,11.21
ORD-2023-034035,1,PROD-003,2,14.37,26.52
ORD-2023-034036,1,PROD-037,2,9.86,17.41
ORD-2023-034037,1,PROD-020,2,10.14,19.38
ORD-2023-034038,1,PROD-007,1,17.18,16.83
ORD-2023-034038,2,PROD-001,1,12.9,11.98
ORD-2023-034039,1,PROD-034,1,9.01,8.09
ORD-2023-034040,1,PROD-010,1,38.03,34.22
ORD-2023-034041,1,PROD-019,2,29.58,52.49
ORD-2023-034042,1,PROD-036,2,11.55,22.59
ORD-2023-034043,1,PROD-055,1,74.65,57.27
ORD-2023-034044,1,PROD-042,1,73.24,67.86
ORD-2023-034044,2,PROD-031,1,53.52,44.0
ORD-2023-034045,1,PROD-001,3,12.9,35.24
ORD-2023-034045,2,PROD-005,1,20.28,19.52
ORD-2023-034046,1,PROD-010,1,38.03,37.05
ORD-2023-034047,1,PROD-036,2,11.55,19.42
ORD-2023-034047,2,PROD-042,2,73.24,129.31
ORD-2023-034048,1,PROD-004,2,20.28,25.29
ORD-2023-034049,1,PROD-045,1,72.68,71.54
ORD-2023-034049,2,PROD-002,1,11.9,10.02
ORD-2023-034050,1,PROD-010,2,38.03,70.74
ORD-2023-034050,2,PROD-027,2,21.13,38.81
ORD-2023-034051,1,PROD-026,1,14.65,14.41
ORD-2023-034051,2,PROD-010,3,38.03,110.33
ORD-2023-034052,1,PROD-044,1,40.85,32.72
ORD-2023-034053,1,PROD-040,1,15.21,13.89
ORD-2023-034053,2,PROD-004,2,20.28,40.1
ORD-2023-034054,1,PROD-011,2,14.9,22.69
ORD-2023-034055,1,PROD-051,1,36.06,33.38
ORD-2023-034056,1,PROD-017,1,12.5,7.78
ORD-2023-034057,1,PROD-013,3,11.9,31.13
ORD-2023-034058,1,PROD-009,1,61.97,60.48
ORD-2023-034059,1,PROD-002,2,11.9,21.48
ORD-2023-034059,2,PROD-010,2,38.03,70.04
ORD-2023-034060,1,PROD-009,2,61.97,115.83
ORD-2023-034060,2,PROD-005,1,20.28,19.45
ORD-2023-034061,1,PROD-020,1,10.14,8.86
ORD-2023-034061,2,PROD-041,2,11.83,22.97
ORD-2023-034061,3,PROD-004,1,20.28,18.96
ORD-2023-034062,1,PROD-014,1,9.9,8.42
ORD-2023-034062,2,PROD-003,2,14.37,22.55
ORD-2023-034063,1,PROD-016,1,8.9,8.39
ORD-2023-034064,1,PROD-060,1,42.25,27.17
ORD-2023-034065,1,PROD-001,1,12.9,12.67
ORD-2023-034066,1,PROD-015,1,26.76,18.78
ORD-2023-034067,1,PROD-027,2,21.13,28.66
ORD-2023-034068,1,PROD-010,3,38.03,103.19
ORD-2023-034069,1,PROD-011,1,14.9,11.78
ORD-2023-034070,1,PROD-010,1,38.03,35.03
ORD-2023-034070,2,PROD-011,3,14.9,40.99
ORD-2023-034070,3,PROD-034,3,9.01,23.43
ORD-2023-034070,4,PROD-054,1,59.15,55.15
ORD-2023-034071,1,PROD-001,1,12.9,9.45
ORD-2023-034071,2,PROD-007,1,17.18,13.77
ORD-2023-034072,1,PROD-013,2,11.9,20.7
ORD-2023-034073,1,PROD-013,2,11.9,21.42
ORD-2023-034073,2,PROD-004,3,20.28,55.88
ORD-2023-034074,1,PROD-037,2,9.86,19.01
ORD-2023-034074,2,PROD-035,3,10.14,13.69
ORD-2023-034075,1,PROD-011,2,14.9,24.67
ORD-2023-034076,1,PROD-052,1,46.48,38.42
ORD-2023-034077,1,PROD-020,1,10.14,9.22
ORD-2023-034078,1,PROD-054,1,59.15,35.92
ORD-2023-034079,1,PROD-027,2,21.13,36.85
ORD-2023-034080,1,PROD-001,1,12.9,10.26
ORD-2023-034080,2,PROD-035,2,10.14,16.21
ORD-2023-034080,3,PROD-019,2,29.58,42.58
ORD-2023-034081,1,PROD-022,1,9.01,8.17
ORD-2023-034081,2,PROD-027,1,21.13,18.1
ORD-2023-034082,1,PROD-015,1,26.76,24.19
ORD-2023-034083,1,PROD-039,2,8.17,14.55
ORD-2023-034083,2,PROD-005,1,20.28,16.44
ORD-2023-034083,3,PROD-004,1,20.28,17.95
ORD-2023-034084,1,PROD-020,1,10.14,9.56
ORD-2023-034084,2,PROD-002,1,11.9,10.73
ORD-2023-034084,3,PROD-004,3,20.28,58.92
ORD-2023-034084,4,PROD-006,1,32.39,31.28
ORD-2023-034085,1,PROD-035,1,10.14,9.76
ORD-2023-034086,1,PROD-004,1,20.28,12.63
ORD-2023-034087,1,PROD-001,1,12.9,12.65
ORD-2023-034087,2,PROD-011,1,14.9,13.27
ORD-2023-034088,1,PROD-007,1,17.18,16.3
ORD-2023-034088,2,PROD-059,1,52.11,47.11
ORD-2023-034088,3,PROD-035,2,10.14,19.02
ORD-2023-034088,4,PROD-005,1,20.28,19.45
ORD-2023-034089,1,PROD-027,1,21.13,20.41
ORD-2023-034090,1,PROD-019,1,29.58,25.05
ORD-2023-034091,1,PROD-003,2,14.37,25.53
ORD-2023-034092,1,PROD-003,1,14.37,13.62
ORD-2023-034093,1,PROD-004,1,20.28,19.4
ORD-2023-034093,2,PROD-034,1,9.01,8.42
ORD-2023-034094,1,PROD-006,3,32.39,89.01
ORD-2023-034094,2,PROD-005,2,20.28,39.31
ORD-2023-034094,3,PROD-004,1,20.28,18.43
ORD-2023-034094,4,PROD-024,1,8.73,7.88
ORD-2023-034095,1,PROD-002,1,11.9,10.34
ORD-2023-034095,2,PROD-028,1,17.18,14.84
ORD-2023-034096,1,PROD-019,1,29.58,22.48
ORD-2023-034096,2,PROD-024,2,8.73,15.01
ORD-2023-034097,1,PROD-027,2,21.13,41.29
ORD-2023-034097,2,PROD-020,1,10.14,9.57
ORD-2023-034097,3,PROD-022,1,9.01,8.57
ORD-2023-034097,4,PROD-039,2,8.17,15.31
ORD-2023-034097,5,PROD-003,2,14.37,28.08
ORD-2023-034098,1,PROD-005,2,20.28,29.9
ORD-2023-034099,1,PROD-005,1,20.28,18.16
ORD-2023-034100,1,PROD-001,1,12.9,12.59
ORD-2023-034100,2,PROD-035,3,10.14,28.91
ORD-2023-034101,1,PROD-054,1,59.15,55.94
ORD-2023-034102,1,PROD-006,2,32.39,59.31
ORD-2023-034103,1,PROD-010,2,38.03,67.03
ORD-2023-034104,1,PROD-003,1,14.37,13.8
ORD-2023-034105,1,PROD-005,3,20.28,55.58
ORD-2023-034106,1,PROD-004,1,20.28,19.69
ORD-2023-034106,2,PROD-041,1,11.83,11.18
ORD-2023-034107,1,PROD-042,2,73.24,138.86
ORD-2023-034107,2,PROD-035,2,10.14,19.92
ORD-2023-034108,1,PROD-005,2,20.28,36.76
ORD-2023-034109,1,PROD-001,1,12.9,12.55
ORD-2023-034110,1,PROD-032,1,19.72,17.53
ORD-2023-034111,1,PROD-002,2,11.9,21.22
ORD-2023-034111,2,PROD-041,1,11.83,9.95
ORD-2023-034112,1,PROD-039,1,8.17,5.03
ORD-2023-034112,2,PROD-008,1,9.9,5.55
ORD-2023-034113,1,PROD-034,4,9.01,16.22
ORD-2023-034114,1,PROD-025,1,21.97,19.28
ORD-2023-034115,1,PROD-041,4,11.83,37.79
ORD-2023-034116,1,PROD-006,1,32.39,28.01
ORD-2023-034117,1,PROD-046,1,259.15,178.66
ORD-2023-034118,1,PROD-008,1,9.9,8.93
ORD-2023-034118,2,PROD-020,1,10.14,9.86
ORD-2023-034118,3,PROD-006,3,32.39,94.85
ORD-2023-034119,1,PROD-026,2,14.65,27.85
ORD-2023-034119,2,PROD-004,3,20.28,58.49
ORD-2023-034120,1,PROD-034,3,9.01,26.59
ORD-2023-034120,2,PROD-053,2,53.52,97.95
ORD-2023-034120,3,PROD-028,1,17.18,14.88
ORD-2023-034121,1,PROD-036,1,11.55,11.05
ORD-2023-034122,1,PROD-032,1,19.72,18.72
ORD-2023-034122,2,PROD-010,2,38.03,51.22
ORD-2023-034123,1,PROD-001,1,12.9,7.65
ORD-2023-034124,1,PROD-004,1,20.28,14.64
ORD-2023-034125,1,PROD-001,1,12.9,10.85
ORD-2023-034126,1,PROD-034,2,9.01,17.06
ORD-2023-034127,1,PROD-027,1,21.13,19.84
ORD-2023-034127,2,PROD-031,1,53.52,48.99
ORD-2023-034128,1,PROD-005,2,20.28,38.7
ORD-2023-034129,1,PROD-059,1,52.11,47.7
ORD-2023-034130,1,PROD-006,1,32.39,29.74
ORD-2023-034130,2,PROD-034,1,9.01,8.31
ORD-2023-034130,3,PROD-031,1,53.52,49.98
ORD-2023-034131,1,PROD-029,1,24.79,24.38
ORD-2023-034132,1,PROD-051,1,36.06,33.34
ORD-2023-034132,2,PROD-001,1,12.9,11.43
ORD-2023-034133,1,PROD-003,1,14.37,14.33
ORD-2023-034134,1,PROD-002,1,11.9,11.55
ORD-2023-034135,1,PROD-030,2,49.3,86.64
ORD-2023-034136,1,PROD-006,1,32.39,30.41
ORD-2023-034136,2,PROD-022,2,9.01,14.41
ORD-2023-034137,1,PROD-001,2,12.9,25.25
ORD-2023-034137,2,PROD-003,2,14.37,25.3
ORD-2023-034137,3,PROD-012,1,18.5,17.93
ORD-2023-034138,1,PROD-038,1,7.89,7.82
ORD-2023-034139,1,PROD-004,1,20.28,19.98
ORD-2023-034139,2,PROD-007,3,17.18,48.23
ORD-2023-034140,1,PROD-029,1,24.79,11.16
ORD-2023-034141,1,PROD-001,2,12.9,24.82
ORD-2023-034141,2,PROD-010,2,38.03,74.88
ORD-2023-034142,1,PROD-017,2,12.5,21.78
ORD-2023-034142,2,PROD-036,2,11.55,20.63
ORD-2023-034142,3,PROD-013,1,11.9,11.77
ORD-2023-034143,1,PROD-005,1,20.28,20.04
ORD-2023-034143,2,PROD-030,1,49.3,43.56
ORD-2023-034143,3,PROD-006,2,32.39,61.04
ORD-2023-034144,1,PROD-021,1,15.49,14.51
ORD-2023-034144,2,PROD-032,1,19.72,15.49
ORD-2023-034145,1,PROD-001,1,12.9,12.39
ORD-2023-034145,2,PROD-005,1,20.28,17.61
ORD-2023-034146,1,PROD-003,2,14.37,27.12
ORD-2023-034146,2,PROD-006,2,32.39,62.95
ORD-2023-034147,1,PROD-028,1,17.18,14.15
ORD-2023-034148,1,PROD-055,1,74.65,72.54
ORD-2023-034149,1,PROD-007,1,17.18,12.58
ORD-2023-034149,2,PROD-001,2,12.9,23.94
ORD-2023-034149,3,PROD-011,1,14.9,14.8
ORD-2023-034150,1,PROD-016,3,8.9,20.65
ORD-2023-034151,1,PROD-039,1,8.17,7.49
ORD-2023-034152,1,PROD-007,1,17.18,16.96
ORD-2023-034152,2,PROD-005,1,20.28,17.51
ORD-2023-034153,1,PROD-003,1,14.37,13.58
ORD-2023-034153,2,PROD-033,2,52.11,73.7
ORD-2023-034153,3,PROD-005,1,20.28,19.13
ORD-2023-034154,1,PROD-005,2,20.28,36.46
ORD-2023-034155,1,PROD-003,3,14.37,22.61
ORD-2023-034155,2,PROD-010,1,38.03,29.02
ORD-2023-034156,1,PROD-014,1,9.9,9.44
ORD-2023-034157,1,PROD-006,1,32.39,31.67
ORD-2023-034158,1,PROD-026,1,14.65,11.39
ORD-2023-034159,1,PROD-002,1,11.9,9.06
ORD-2023-034159,2,PROD-005,2,20.28,37.67
ORD-2023-034160,1,PROD-001,1,12.9,11.52
ORD-2023-034161,1,PROD-004,1,20.28,18.24
ORD-2023-034162,1,PROD-026,1,14.65,7.49
ORD-2023-034162,2,PROD-029,2,24.79,34.49
ORD-2023-034163,1,PROD-055,1,74.65,55.22
ORD-2023-034163,2,PROD-019,2,29.58,46.7
ORD-2023-034164,1,PROD-056,1,101.41,75.23
ORD-2023-034164,2,PROD-038,1,7.89,5.76
ORD-2023-034165,1,PROD-056,1,101.41,55.82
ORD-2023-034165,2,PROD-003,1,14.37,8.53
ORD-2023-034166,1,PROD-013,1,11.9,10.16
ORD-2023-034167,1,PROD-003,1,14.37,13.27
ORD-2023-034167,2,PROD-036,1,11.55,9.81
ORD-2023-034167,3,PROD-008,1,9.9,9.22
ORD-2023-034168,1,PROD-004,1,20.28,18.98
ORD-2023-034169,1,PROD-040,2,15.21,23.83
ORD-2023-034169,2,PROD-028,2,17.18,23.52
ORD-2023-034169,3,PROD-041,1,11.83,9.63
ORD-2023-034170,1,PROD-044,1,40.85,40.11
ORD-2023-034171,1,PROD-041,2,11.83,22.45
ORD-2023-034172,1,PROD-042,1,73.24,63.06
ORD-2023-034172,2,PROD-010,2,38.03,72.6
ORD-2023-034172,3,PROD-040,3,15.21,34.99
ORD-2023-034173,1,PROD-010,2,38.03,60.61
ORD-2023-034174,1,PROD-008,1,9.9,9.22
ORD-2023-034175,1,PROD-042,2,73.24,139.52
ORD-2023-034175,2,PROD-027,1,21.13,18.57
ORD-2023-034175,3,PROD-006,1,32.39,27.7
ORD-2023-034175,4,PROD-040,1,15.21,13.56
ORD-2023-034175,5,PROD-010,1,38.03,35.57
ORD-2023-034176,1,PROD-015,1,26.76,22.29
ORD-2023-034177,1,PROD-041,1,11.83,8.27
ORD-2023-034177,2,PROD-004,2,20.28,36.21
ORD-2023-034178,1,PROD-010,2,38.03,74.65
ORD-2023-034179,1,PROD-001,1,12.9,11.59
ORD-2023-034180,1,PROD-030,1,49.3,42.9
ORD-2023-034181,1,PROD-041,1,11.83,11.59
ORD-2023-034181,2,PROD-045,1,72.68,59.41
ORD-2023-034182,1,PROD-030,1,49.3,38.23
ORD-2023-034182,2,PROD-039,1,8.17,7.35
ORD-2023-034183,1,PROD-014,1,9.9,9.64
ORD-2023-034184,1,PROD-001,2,12.9,25.44
ORD-2023-034185,1,PROD-002,2,11.9,22.95
ORD-2023-034186,1,PROD-027,1,21.13,19.86
ORD-2023-034187,1,PROD-016,2,8.9,16.7
ORD-2023-034188,1,PROD-045,1,72.68,70.0
ORD-2023-034189,1,PROD-001,1,12.9,12.56
ORD-2023-034190,1,PROD-060,1,42.25,36.57
ORD-2023-034191,1,PROD-005,1,20.28,9.29
ORD-2023-034192,1,PROD-001,1,12.9,11.34
ORD-2023-034192,2,PROD-004,1,20.28,19.53
ORD-2023-034193,1,PROD-010,1,38.03,37.71
ORD-2023-034193,2,PROD-035,2,10.14,19.96
ORD-2023-034194,1,PROD-032,1,19.72,18.41
ORD-2023-034194,2,PROD-002,2,11.9,20.88
ORD-2023-034194,3,PROD-006,3,32.39,80.32
ORD-2023-034195,1,PROD-034,3,9.01,25.95
ORD-2023-034195,2,PROD-007,3,17.18,45.16
ORD-2023-034196,1,PROD-036,1,11.55,11.19
ORD-2023-034197,1,PROD-003,2,14.37,26.91
ORD-2023-034197,2,PROD-007,1,17.18,15.13
ORD-2023-034197,3,PROD-044,1,40.85,39.72
ORD-2023-034197,4,PROD-035,3,10.14,28.02
ORD-2023-034198,1,PROD-020,1,10.14,9.67
ORD-2023-034198,2,PROD-002,1,11.9,11.79
ORD-2023-034198,3,PROD-004,1,20.28,20.08
ORD-2023-034199,1,PROD-030,2,49.3,82.91
ORD-2023-034199,2,PROD-008,1,9.9,6.94
ORD-2023-034200,1,PROD-034,2,9.01,16.7
ORD-2023-034201,1,PROD-042,1,73.24,61.82
ORD-2023-034201,2,PROD-034,1,9.01,7.83
ORD-2023-034201,3,PROD-020,1,10.14,8.09
ORD-2023-034201,4,PROD-059,1,52.11,47.8
ORD-2023-034202,1,PROD-003,3,14.37,41.58
ORD-2023-034203,1,PROD-033,2,52.11,102.28
ORD-2023-034204,1,PROD-035,1,10.14,10.08
ORD-2023-034205,1,PROD-025,1,21.97,14.22
ORD-2023-034206,1,PROD-010,2,38.03,73.93
ORD-2023-034206,2,PROD-003,1,14.37,14.18
ORD-2023-034207,1,PROD-019,2,29.58,44.68
ORD-2023-034207,2,PROD-008,1,9.9,7.74
ORD-2023-034208,1,PROD-013,1,11.9,9.85
ORD-2023-034208,2,PROD-041,2,11.83,20.87
ORD-2023-034208,3,PROD-038,1,7.89,5.29
ORD-2023-034209,1,PROD-004,1,20.28,19.27
ORD-2023-034210,1,PROD-031,2,53.52,96.7
ORD-2023-034211,1,PROD-004,2,20.28,32.25
ORD-2023-034211,2,PROD-001,1,12.9,8.25
ORD-2023-034212,1,PROD-001,2,12.9,25.16
ORD-2023-034212,2,PROD-009,2,61.97,119.75
ORD-2023-034213,1,PROD-035,1,10.14,5.02
ORD-2023-034214,1,PROD-004,1,20.28,16.73
ORD-2023-034214,2,PROD-006,1,32.39,29.15
ORD-2023-034214,3,PROD-007,1,17.18,15.85
ORD-2023-034215,1,PROD-004,2,20.28,39.44
ORD-2023-034215,2,PROD-035,1,10.14,9.11
ORD-2023-034216,1,PROD-005,3,20.28,34.04
ORD-2023-034216,2,PROD-056,1,101.41,45.63
ORD-2023-034217,1,PROD-004,1,20.28,18.95
ORD-2023-034217,2,PROD-035,1,10.14,9.7
ORD-2023-034217,3,PROD-041,1,11.83,10.47
ORD-2023-034218,1,PROD-010,1,38.03,34.61
ORD-2023-034219,1,PROD-003,2,14.37,25.29
ORD-2023-034220,1,PROD-002,2,11.9,22.87
ORD-2023-034221,1,PROD-031,1,53.52,45.47
ORD-2023-034222,1,PROD-031,1,53.52,52.48
ORD-2023-034223,1,PROD-022,1,9.01,4.67
ORD-2023-034223,2,PROD-006,1,32.39,14.58
ORD-2023-034224,1,PROD-031,1,53.52,38.89
ORD-2023-034224,2,PROD-022,1,9.01,5.55
ORD-2023-034225,1,PROD-005,2,20.28,38.45
ORD-2023-034225,2,PROD-037,1,9.86,9.08
ORD-2023-034226,1,PROD-010,1,38.03,36.2
ORD-2023-034226,2,PROD-037,2,9.86,16.68
ORD-2023-034227,1,PROD-010,1,38.03,35.6
ORD-2023-034227,2,PROD-021,2,15.49,29.14
ORD-2023-034227,3,PROD-022,1,9.01,8.3
ORD-2023-034228,1,PROD-007,1,17.18,15.82
ORD-2023-034228,2,PROD-001,1,12.9,8.82
ORD-2023-034229,1,PROD-056,1,101.41,96.36
ORD-2023-034230,1,PROD-001,1,12.9,12.72
ORD-2023-034230,2,PROD-042,3,73.24,211.04
ORD-2023-034231,1,PROD-052,1,46.48,44.71
ORD-2023-034231,2,PROD-004,2,20.28,40.33
ORD-2023-034232,1,PROD-006,1,32.39,31.82
ORD-2023-034233,1,PROD-001,1,12.9,10.08
ORD-2023-034234,1,PROD-007,1,17.18,16.54
ORD-2023-034235,1,PROD-005,1,20.28,17.45
ORD-2023-034235,2,PROD-010,1,38.03,37.15
ORD-2023-034235,3,PROD-026,1,14.65,13.91
ORD-2023-034236,1,PROD-042,1,73.24,67.79
ORD-2023-034237,1,PROD-039,3,8.17,21.9
ORD-2023-034238,1,PROD-010,1,38.03,33.16
ORD-2023-034239,1,PROD-024,2,8.73,14.87
ORD-2023-034240,1,PROD-006,2,32.39,63.68
ORD-2023-034240,2,PROD-010,1,38.03,33.75
ORD-2023-034240,3,PROD-014,1,9.9,8.78
ORD-2023-034241,1,PROD-006,1,32.39,30.64
ORD-2023-034242,1,PROD-051,1,36.06,16.23
ORD-2023-034243,1,PROD-020,1,10.14,9.6
ORD-2023-034244,1,PROD-030,1,49.3,48.25
ORD-2023-034244,2,PROD-002,2,11.9,20.9
ORD-2023-034244,3,PROD-014,1,9.9,9.35
ORD-2023-034245,1,PROD-010,1,38.03,35.76
ORD-2023-034246,1,PROD-003,1,14.37,12.62
ORD-2023-034246,2,PROD-028,1,17.18,15.62
ORD-2023-034246,3,PROD-021,2,15.49,29.72
ORD-2023-034246,4,PROD-010,1,38.03,33.18
ORD-2023-034247,1,PROD-056,1,101.41,87.56
ORD-2023-034247,2,PROD-004,1,20.28,16.58
ORD-2023-034248,1,PROD-008,1,9.9,6.72
ORD-2023-034248,2,PROD-021,1,15.49,11.66
ORD-2023-034248,3,PROD-060,1,42.25,37.71
ORD-2023-034249,1,PROD-028,2,17.18,26.08
ORD-2023-034250,1,PROD-010,1,38.03,36.51
ORD-2023-034251,1,PROD-040,1,15.21,10.42
ORD-2023-034252,1,PROD-021,2,15.49,29.37
ORD-2023-034253,1,PROD-003,3,14.37,36.39
ORD-2023-034253,2,PROD-034,2,9.01,16.76
ORD-2023-034254,1,PROD-003,2,14.37,25.98
ORD-2023-034255,1,PROD-027,1,21.13,18.74
ORD-2023-034255,2,PROD-001,2,12.9,24.28
ORD-2023-034255,3,PROD-012,1,18.5,14.62
ORD-2023-034256,1,PROD-017,2,12.5,17.72
ORD-2023-034256,2,PROD-046,1,259.15,240.96
ORD-2023-034257,1,PROD-060,1,42.25,32.42
ORD-2023-034258,1,PROD-006,1,32.39,31.05
ORD-2023-034258,2,PROD-010,2,38.03,74.09
ORD-2023-034259,1,PROD-026,2,14.65,28.94
ORD-2023-034259,2,PROD-053,1,53.52,52.7
ORD-2023-034260,1,PROD-036,2,11.55,20.14
ORD-2023-034260,2,PROD-006,1,32.39,31.52
ORD-2023-034260,3,PROD-005,1,20.28,17.78
ORD-2023-034261,1,PROD-001,1,12.9,11.78
ORD-2023-034262,1,PROD-050,1,61.97,50.9
ORD-2023-034263,1,PROD-004,3,20.28,59.19
ORD-2023-034264,1,PROD-004,1,20.28,18.03
ORD-2023-034265,1,PROD-006,2,32.39,62.55
ORD-2023-034266,1,PROD-001,2,12.9,24.57
ORD-2023-034267,1,PROD-010,1,38.03,30.58
ORD-2023-034268,1,PROD-013,3,11.9,34.71
ORD-2023-034269,1,PROD-011,2,14.9,29.16
ORD-2023-034270,1,PROD-005,3,20.28,52.09
ORD-2023-034270,2,PROD-006,2,32.39,59.11
ORD-2023-034271,1,PROD-036,1,11.55,10.75
ORD-2023-034272,1,PROD-056,1,101.41,73.77
ORD-2023-034273,1,PROD-006,2,32.39,61.66
ORD-2023-034274,1,PROD-049,1,80.28,72.16
ORD-2023-034274,2,PROD-038,2,7.89,15.24
ORD-2023-034275,1,PROD-003,3,14.37,
ORD-2023-034275,2,PROD-019,1,29.58,25.48
ORD-2023-034276,1,PROD-005,1,20.28,19.81
ORD-2023-034276,2,PROD-001,2,12.9,20.94
ORD-2023-034276,3,PROD-035,3,10.14,28.53
ORD-2023-034277,1,PROD-035,3,10.14,23.45
ORD-2023-034277,2,PROD-053,1,53.52,33.24
ORD-2023-034278,1,PROD-001,1,12.9,12.33
ORD-2023-034278,2,PROD-059,1,52.11,50.66
ORD-2023-034279,1,PROD-050,1,61.97,50.43
ORD-2023-034279,2,PROD-006,1,32.39,27.25
ORD-2023-034280,1,PROD-010,2,38.03,71.82
ORD-2023-034281,1,PROD-004,2,20.28,33.69
ORD-2023-034282,1,PROD-017,2,12.5,22.44
ORD-2023-034283,1,PROD-022,1,9.01,6.73
ORD-2023-034283,2,PROD-030,2,49.3,91.22
ORD-2023-034283,3,PROD-013,1,11.9,7.12
ORD-2023-034284,1,PROD-022,1,9.01,6.32
ORD-2023-034285,1,PROD-004,1,20.28,19.28
ORD-2023-034285,2,PROD-016,2,8.9,15.14
ORD-2023-034285,3,PROD-002,2,11.9,20.69
ORD-2023-034286,1,PROD-010,1,38.03,37.67
ORD-2023-034286,2,PROD-030,1,49.3,47.69
ORD-2023-034287,1,PROD-003,2,14.37,25.25
ORD-2023-034288,1,PROD-041,1,11.83,7.18
ORD-2023-034288,2,PROD-055,1,74.65,40.95
ORD-2023-034289,1,PROD-012,2,18.5,36.25
ORD-2023-034289,2,PROD-035,1,10.14,9.91
ORD-2023-034290,1,PROD-033,1,52.11,42.05
ORD-2023-034290,2,PROD-004,2,20.28,33.1
ORD-2023-034290,3,PROD-003,1,14.37,14.16
ORD-2023-034290,4,PROD-030,1,49.3,40.81
ORD-2023-034291,1,PROD-019,1,29.58,27.44
ORD-2023-034292,1,PROD-004,2,20.28,36.16
ORD-2023-034293,1,PROD-038,1,7.89,7.3
ORD-2023-034294,1,PROD-031,1,53.52,50.9
ORD-2023-034294,2,PROD-021,2,15.49,29.6
ORD-2023-034294,3,PROD-037,2,9.86,18.64
ORD-2023-034295,1,PROD-044,1,40.85,40.05
ORD-2023-034296,1,PROD-027,2,21.13,38.93
ORD-2023-034296,2,PROD-030,1,49.3,47.46
ORD-2023-034297,1,PROD-011,3,14.9,20.11
ORD-2023-034297,2,PROD-060,1,42.25,21.37
ORD-2023-034298,1,PROD-031,1,53.52,52.22
ORD-2023-034299,1,PROD-037,1,9.86,9.58
ORD-2023-034300,1,PROD-010,1,38.03,30.9
ORD-2023-034300,2,PROD-007,1,17.18,14.07
ORD-2023-034301,1,PROD-022,1,9.01,6.71
ORD-2023-034301,2,PROD-003,1,14.37,12.58
ORD-2023-034302,1,PROD-005,3,20.28,58.65
ORD-2023-034302,2,PROD-030,2,49.3,98.36
ORD-2023-034302,3,PROD-051,1,36.06,34.47
ORD-2023-034303,1,PROD-001,2,12.9,24.34
ORD-2023-034304,1,PROD-054,1,59.15,58.06
ORD-2023-034305,1,PROD-003,1,14.37,13.07
ORD-2023-034306,1,PROD-054,1,59.15,26.62
ORD-2023-034307,1,PROD-030,1,49.3,45.15
ORD-2023-034308,1,PROD-002,1,11.9,11.16
ORD-2023-034309,1,PROD-043,1,107.04,105.73
ORD-2023-034309,2,PROD-028,2,17.18,32.36
ORD-2023-034310,1,PROD-019,1,29.58,28.15
ORD-2023-034310,2,PROD-013,2,11.9,21.63
ORD-2023-034310,3,PROD-032,1,19.72,18.69
ORD-2023-034311,1,PROD-014,2,9.9,19.54
ORD-2023-034312,1,PROD-051,1,36.06,28.3
ORD-2023-034313,1,PROD-006,1,32.39,25.29
ORD-2023-034314,1,PROD-016,1,8.9,7.55
ORD-2023-034314,2,PROD-030,2,49.3,69.07
ORD-2023-034315,1,PROD-050,1,61.97,52.79
ORD-2023-034316,1,PROD-004,1,20.28,19.71
ORD-2023-034317,1,PROD-054,1,59.15,37.16
ORD-2023-034318,1,PROD-021,1,15.49,13.4
ORD-2023-034318,2,PROD-025,1,21.97,20.15
ORD-2023-034319,1,PROD-029,1,24.79,17.99
ORD-2023-034319,2,PROD-010,1,38.03,35.82
ORD-2023-034320,1,PROD-006,1,32.39,28.03
ORD-2023-034321,1,PROD-010,1,38.03,28.56
ORD-2023-034322,1,PROD-028,1,17.18,16.12
ORD-2023-034323,1,PROD-054,1,59.15,40.04
ORD-2023-034324,1,PROD-032,1,19.72,8.87
ORD-2023-034325,1,PROD-042,2,73.24,134.15
ORD-2023-034325,2,PROD-010,2,38.03,61.32
ORD-2023-034325,3,PROD-039,1,8.17,5.86
ORD-2023-034325,4,PROD-035,1,10.14,9.21
ORD-2023-034326,1,PROD-007,2,17.18,23.94
ORD-2023-034326,2,PROD-010,1,38.03,31.93
ORD-2023-034327,1,PROD-031,2,53.52,104.34
ORD-2023-034328,1,PROD-027,1,21.13,18.66
ORD-2023-034328,2,PROD-031,1,53.52,48.65
ORD-2023-034328,3,PROD-033,1,52.11,44.13
ORD-2023-034329,1,PROD-008,2,9.9,18.2
ORD-2023-034329,2,PROD-044,1,40.85,38.94
ORD-2023-034329,3,PROD-007,1,17.18,16.25
ORD-2023-034329,4,PROD-035,2,10.14,19.69
ORD-2023-034329,5,PROD-004,1,20.28,19.7
ORD-2023-034330,1,PROD-006,1,32.39,30.34
ORD-2023-034330,2,PROD-022,1,9.01,5.72
ORD-2023-034331,1,PROD-021,2,15.49,26.81
ORD-2023-034331,2,PROD-007,2,17.18,30.22
ORD-2023-034332,1,PROD-004,1,20.28,19.27
ORD-2023-034333,1,PROD-003,1,14.37,13.82
ORD-2023-034334,1,PROD-021,1,15.49,14.14
ORD-2023-034335,1,PROD-032,4,19.72,67.99
ORD-2023-034335,2,PROD-005,2,20.28,29.42
ORD-2023-034336,1,PROD-042,2,73.24,124.26
ORD-2023-034337,1,PROD-013,3,11.9,34.82
ORD-2023-034338,1,PROD-006,1,32.39,18.8
ORD-2023-034339,1,PROD-024,2,8.73,16.6
ORD-2023-034339,2,PROD-008,2,9.9,14.29
ORD-2023-034339,3,PROD-003,1,14.37,9.92
ORD-2023-034340,1,PROD-006,1,32.39,32.0
ORD-2023-034340,2,PROD-026,1,14.65,12.59
ORD-2023-034341,1,PROD-005,2,20.28,27.53
ORD-2023-034342,1,PROD-060,1,42.25,38.75
ORD-2023-034343,1,PROD-009,1,61.97,56.07
ORD-2023-034344,1,PROD-004,1,20.28,17.04
ORD-2023-034345,1,PROD-019,1,29.58,19.12
ORD-2023-034346,1,PROD-008,2,9.9,17.87
ORD-2023-034346,2,PROD-028,1,17.18,12.57
ORD-2023-034347,1,PROD-010,1,38.03,34.33
ORD-2023-034348,1,PROD-005,1,20.28,19.19
ORD-2023-034349,1,PROD-036,3,11.55,19.74
ORD-2023-034350,1,PROD-003,1,14.37,12.57
ORD-2023-034351,1,PROD-019,1,29.58,26.0
ORD-2023-034352,1,PROD-036,2,11.55,21.06
ORD-2023-034353,1,PROD-002,1,11.9,10.5
ORD-2023-034353,2,PROD-037,3,9.86,16.02
ORD-2023-034354,1,PROD-002,1,11.9,9.88
ORD-2023-034355,1,PROD-004,1,20.28,15.36
ORD-2023-034356,1,PROD-019,1,29.58,28.53
ORD-2023-034357,1,PROD-005,1,20.28,18.19
ORD-2023-034357,2,PROD-034,1,9.01,8.88
ORD-2023-034357,3,PROD-042,1,73.24,66.47
ORD-2023-034358,1,PROD-034,1,9.01,8.96
ORD-2023-034358,2,PROD-049,1,80.28,78.71
ORD-2023-034359,1,PROD-042,2,73.24,140.05
ORD-2023-034360,1,PROD-055,1,74.65,56.86
ORD-2023-034361,1,PROD-005,2,20.28,27.1
ORD-2023-034362,1,PROD-056,1,101.41,72.33
ORD-2023-034363,1,PROD-001,1,12.9,6.81
ORD-2023-034364,1,PROD-004,1,20.28,11.19
ORD-2023-034364,2,PROD-010,1,38.03,17.11
ORD-2023-034364,3,PROD-011,1,14.9,11.64
ORD-2023-034364,4,PROD-015,2,26.76,35.79
ORD-2023-034365,1,PROD-007,1,17.18,16.11
ORD-2023-034366,1,PROD-019,1,29.58,21.64
ORD-2023-034366,2,PROD-001,1,12.9,9.45
ORD-2023-034366,3,PROD-013,2,11.9,20.56
ORD-2023-034367,1,PROD-004,1,20.28,18.49
ORD-2023-034367,2,PROD-033,1,52.11,50.66
ORD-2023-034368,1,PROD-028,1,17.18,15.15
ORD-2023-034368,2,PROD-022,1,9.01,6.95
ORD-2023-034368,3,PROD-008,1,9.9,8.19
ORD-2023-034369,1,PROD-001,2,12.9,24.92
ORD-2023-034370,1,PROD-044,1,40.85,30.83
ORD-2023-034370,2,PROD-029,1,24.79,21.21
ORD-2023-034371,1,PROD-010,3,38.03,107.39
ORD-2023-034371,2,PROD-026,1,14.65,10.87
ORD-2023-034371,3,PROD-002,1,11.9,10.26
ORD-2023-034371,4,PROD-016,1,8.9,7.29
ORD-2023-034372,1,PROD-013,2,11.9,21.43
ORD-2023-034373,1,PROD-021,2,15.49,16.87
ORD-2023-034373,2,PROD-005,1,20.28,9.13
ORD-2023-034374,1,PROD-006,3,32.39,62.62
ORD-2023-034374,2,PROD-055,1,74.65,45.57
ORD-2023-034375,1,PROD-006,1,32.39,29.03
ORD-2023-034376,1,PROD-005,1,20.28,14.51
ORD-2023-034376,2,PROD-035,1,10.14,8.62
ORD-2023-034377,1,PROD-001,1,12.9,12.44
ORD-2023-034378,1,PROD-027,1,21.13,14.64
ORD-2023-034379,1,PROD-006,2,32.39,57.43
ORD-2023-034380,1,PROD-004,2,20.28,37.82
ORD-2023-034380,2,PROD-010,1,38.03,35.21
ORD-2023-034381,1,PROD-022,1,9.01,8.71
ORD-2023-034382,1,PROD-040,1,15.21,13.63
ORD-2023-034383,1,PROD-001,2,12.9,23.4
ORD-2023-034383,2,PROD-005,1,20.28,18.27
ORD-2023-034384,1,PROD-024,1,8.73,7.73
ORD-2023-034384,2,PROD-022,2,9.01,16.72
ORD-2023-034385,1,PROD-010,1,38.03,36.33
ORD-2023-034385,2,PROD-034,1,9.01,7.78
ORD-2023-034386,1,PROD-008,2,9.9,17.84
ORD-2023-034387,1,PROD-006,1,32.39,28.6
ORD-2023-034388,1,PROD-039,1,8.17,6.99
ORD-2023-034388,2,PROD-034,2,9.01,11.84
ORD-2023-034389,1,PROD-001,2,12.9,12.35
ORD-2023-034390,1,PROD-031,1,53.52,46.9
ORD-2023-034391,1,PROD-007,1,17.18,16.42
ORD-2023-034391,2,PROD-050,1,61.97,47.25
ORD-2023-034392,1,PROD-027,1,21.13,17.43
ORD-2023-034393,1,PROD-001,3,12.9,37.7
ORD-2023-034394,1,PROD-031,1,53.52,48.74
ORD-2023-034394,2,PROD-044,1,40.85,38.56
ORD-2023-034395,1,PROD-004,1,20.28,16.39
ORD-2023-034395,2,PROD-028,2,17.18,33.31
ORD-2023-034395,3,PROD-003,1,14.37,9.64
ORD-2023-034396,1,PROD-023,2,7.89,12.49
ORD-2023-034397,1,PROD-038,1,7.89,6.74
ORD-2023-034397,2,PROD-003,1,14.37,12.82
ORD-2023-034398,1,PROD-007,2,17.18,32.51
ORD-2023-034399,1,PROD-001,1,12.9,9.4
ORD-2023-034400,1,PROD-019,1,29.58,26.15
ORD-2023-034401,1,PROD-054,1,59.15,28.54
ORD-2023-034402,1,PROD-001,2,12.9,22.57
ORD-2023-034403,1,PROD-054,1,59.15,56.93
ORD-2023-034403,2,PROD-059,1,52.11,32.63
ORD-2023-034404,1,PROD-016,3,8.9,20.36
ORD-2023-034405,1,PROD-003,2,14.37,27.87
ORD-2023-034405,2,PROD-045,1,72.68,65.32
ORD-2023-034405,3,PROD-059,1,52.11,48.87
ORD-2023-034405,4,PROD-019,1,29.58,28.56
ORD-2023-034406,1,PROD-005,2,20.28,40.32
ORD-2023-034406,2,PROD-034,1,9.01,8.88
ORD-2023-034406,3,PROD-010,1,38.03,37.77
ORD-2023-034407,1,PROD-020,1,10.14,8.21
ORD-2023-034408,1,PROD-004,2,20.28,39.0
ORD-2023-034409,1,PROD-043,2,107.04,208.88
ORD-2023-034410,1,PROD-021,1,15.49,15.24
ORD-2023-034411,1,PROD-002,1,11.9,11.31
ORD-2023-034412,1,PROD-051,1,36.06,26.81
ORD-2023-034413,1,PROD-010,2,38.03,72.24
ORD-2023-034414,1,PROD-006,3,32.39,92.42
ORD-2023-034415,1,PROD-037,2,9.86,19.39
ORD-2023-034416,1,PROD-030,1,49.3,47.13
ORD-2023-034416,2,PROD-004,1,20.28,18.59
ORD-2023-034417,1,PROD-005,1,20.28,13.29
ORD-2023-034418,1,PROD-001,2,12.9,19.52
ORD-2023-034419,1,PROD-005,1,20.28,19.43
ORD-2023-034420,1,PROD-004,2,20.28,26.23
ORD-2023-034421,1,PROD-021,2,15.49,27.45
ORD-2023-034421,2,PROD-002,1,11.9,8.14
ORD-2023-034422,1,PROD-001,2,12.9,25.67
ORD-2023-034422,2,PROD-051,1,36.06,35.43
ORD-2023-034423,1,PROD-005,2,20.28,39.06
ORD-2023-034424,1,PROD-041,2,11.83,18.13
ORD-2023-034425,1,PROD-004,1,20.28,20.25
ORD-2023-034426,1,PROD-038,1,7.89,4.53
ORD-2023-034427,1,PROD-010,1,38.03,36.09
ORD-2023-034428,1,PROD-039,3,8.17,22.81
ORD-2023-034429,1,PROD-020,1,10.14,8.77
ORD-2023-034430,1,PROD-051,1,36.06,16.23
ORD-2023-034431,1,PROD-005,2,20.28,37.01
ORD-2023-034432,1,PROD-041,2,11.83,23.26
ORD-2023-034432,2,PROD-001,2,12.9,24.57
ORD-2023-034433,1,PROD-022,2,9.01,17.16
ORD-2023-034433,2,PROD-036,1,11.55,9.88
ORD-2023-034433,3,PROD-015,1,26.76,25.22
ORD-2023-034434,1,PROD-022,1,9.01,8.91
ORD-2023-034434,2,PROD-009,2,61.97,119.7
ORD-2023-034434,3,PROD-002,1,11.9,9.93
ORD-2023-034435,1,PROD-054,1,59.15,44.72
ORD-2023-034436,1,PROD-012,1,18.5,16.91
ORD-2023-034436,2,PROD-026,1,14.65,14.48
ORD-2023-034437,1,PROD-006,1,32.39,30.96
ORD-2023-034438,1,PROD-010,1,38.03,36.35
ORD-2023-034439,1,PROD-032,1,19.72,17.23
ORD-2023-034440,1,PROD-010,1,38.03,36.18
ORD-2023-034440,2,PROD-001,2,12.9,21.37
ORD-2023-034441,1,PROD-020,1,10.14,9.68
ORD-2023-034442,1,PROD-029,1,24.79,11.16
ORD-2023-034443,1,PROD-017,1,12.5,8.68
ORD-2023-034443,2,PROD-049,1,80.28,50.22
ORD-2023-034444,1,PROD-002,1,11.9,11.65
ORD-2023-034445,1,PROD-032,2,19.72,33.01
ORD-2023-034446,1,PROD-028,1,17.18,16.9
ORD-2023-034447,1,PROD-006,2,32.39,0.0
ORD-2023-034448,1,PROD-005,1,20.28,19.54
ORD-2023-034449,1,PROD-010,1,38.03,37.68
ORD-2023-034450,1,PROD-006,1,32.39,26.24
ORD-2023-034451,1,PROD-007,2,17.18,29.41
ORD-2023-034452,1,PROD-006,1,32.39,30.04
ORD-2023-034453,1,PROD-011,1,14.9,10.74
ORD-2023-034454,1,PROD-009,1,61.97,58.33
ORD-2023-034454,2,PROD-002,1,11.9,10.23
ORD-2023-034454,3,PROD-004,1,20.28,16.57
ORD-2023-034455,1,PROD-022,2,9.01,10.9
ORD-2023-034456,1,PROD-003,1,14.37,12.39
ORD-2023-034456,2,PROD-006,1,32.39,30.76
ORD-2023-034457,1,PROD-006,1,32.39,29.76
ORD-2023-034458,1,PROD-006,1,32.39,23.92
ORD-2023-034459,1,PROD-005,1,20.28,16.55
ORD-2023-034459,2,PROD-030,2,49.3,95.82
ORD-2023-034459,3,PROD-008,1,9.9,8.17
ORD-2023-034460,1,PROD-004,2,20.28,37.67
ORD-2023-034461,1,PROD-030,1,49.3,31.37
ORD-2023-034462,1,PROD-002,1,11.9,11.2
ORD-2023-034463,1,PROD-010,1,38.03,34.43
ORD-2023-034464,1,PROD-005,1,20.28,18.75
ORD-2023-034464,2,PROD-004,3,20.28,51.63
ORD-2023-034464,3,PROD-007,1,17.18,16.48
ORD-2023-034465,1,PROD-031,1,53.52,48.49
ORD-2023-034466,1,PROD-037,3,9.86,28.21
ORD-2023-034467,1,PROD-001,3,12.9,30.76
ORD-2023-034468,1,PROD-002,1,11.9,11.57
ORD-2023-034469,1,PROD-010,1,38.03,34.88
ORD-2023-034469,2,PROD-013,1,11.9,10.29
ORD-2023-034469,3,PROD-035,3,10.14,27.48
ORD-2023-034469,4,PROD-007,2,17.18,33.44
ORD-2023-034469,5,PROD-002,1,11.9,8.44
ORD-2023-034470,1,PROD-006,1,32.39,30.36
ORD-2023-034470,2,PROD-005,1,20.28,18.93
ORD-2023-034471,1,PROD-029,1,24.79,23.0
ORD-2023-034471,2,PROD-027,2,21.13,33.11
ORD-2023-034471,3,PROD-002,1,11.9,10.82
ORD-2023-034472,1,PROD-019,1,29.58,27.19
ORD-2023-034472,2,PROD-006,3,32.39,81.26
ORD-2023-034472,3,PROD-003,3,14.37,39.9
ORD-2023-034472,4,PROD-011,1,14.9,13.8
ORD-2023-034473,1,PROD-002,1,11.9,7.85
ORD-2023-034474,1,PROD-055,1,74.65,71.73
ORD-2023-034475,1,PROD-032,1,19.72,10.76
ORD-2023-034475,2,PROD-055,1,74.65,33.59
ORD-2023-034476,1,PROD-016,2,8.9,16.54
ORD-2023-034476,2,PROD-060,1,42.25,23.87
ORD-2023-034477,1,PROD-038,1,7.89,7.29
ORD-2023-034477,2,PROD-002,1,11.9,9.16
ORD-2023-034478,1,PROD-006,1,32.39,29.44
ORD-2023-034478,2,PROD-008,2,9.9,18.44
ORD-2023-034479,1,PROD-007,1,17.18,16.43
ORD-2023-034480,1,PROD-008,1,9.9,5.57
ORD-2023-034480,2,PROD-034,1,9.01,7.03
ORD-2023-034481,1,PROD-026,1,14.65,12.4
ORD-2023-034482,1,PROD-042,2,73.24,136.28
ORD-2023-034483,1,PROD-005,1,20.28,19.64
ORD-2023-034484,1,PROD-001,2,12.9,18.8
ORD-2023-034485,1,PROD-055,1,74.65,69.84
ORD-2023-034486,1,PROD-001,2,12.9,25.41
ORD-2023-034487,1,PROD-041,2,11.83,22.71
ORD-2023-034488,1,PROD-022,1,9.01,6.73
ORD-2023-034488,2,PROD-027,1,21.13,13.79
ORD-2023-034488,3,PROD-030,2,49.3,66.19
ORD-2023-034489,1,PROD-004,2,20.28,37.89
ORD-2023-034490,1,PROD-009,3,61.97,83.66
ORD-2023-034490,2,PROD-002,2,11.9,20.17
ORD-2023-034491,1,PROD-035,2,10.14,19.49
ORD-2023-034491,2,PROD-002,1,11.9,10.93
ORD-2023-034492,1,PROD-002,2,11.9,15.37
ORD-2023-034493,1,PROD-038,2,7.89,-13.52
ORD-2023-034494,1,PROD-006,1,32.39,16.27
ORD-2023-034495,1,PROD-010,2,38.03,56.6
ORD-2023-034495,2,PROD-004,2,20.28,29.49
ORD-2023-034496,1,PROD-024,1,8.73,8.6
ORD-2023-034496,2,PROD-027,1,21.13,16.5
ORD-2023-034496,3,PROD-004,1,20.28,16.0
ORD-2023-034497,1,PROD-042,3,73.24,166.81
ORD-2023-034497,2,PROD-041,1,11.83,7.45
ORD-2023-034498,1,PROD-031,2,53.52,93.2
ORD-2023-034499,1,PROD-040,2,15.21,26.9
ORD-2023-034499,2,PROD-034,2,9.01,15.67
ORD-2023-034500,1,PROD-002,1,11.9,11.06
ORD-2023-034500,2,PROD-005,1,20.28,19.87
ORD-2023-034500,3,PROD-045,1,72.68,56.6
ORD-2023-034500,4,PROD-035,2,10.14,16.08
ORD-2023-034501,1,PROD-001,1,12.9,11.16
ORD-2023-034501,2,PROD-041,1,11.83,11.23
ORD-2023-034502,1,PROD-030,1,49.3,47.67
ORD-2023-034502,2,PROD-006,2,32.39,57.9
ORD-2023-034502,3,PROD-013,2,11.9,20.5
ORD-2023-034503,1,PROD-020,1,10.14,4.96
ORD-2023-034504,1,PROD-005,2,20.28,37.46
ORD-2023-034504,2,PROD-022,1,9.01,7.77
ORD-2023-034504,3,PROD-014,1,9.9,9.16
ORD-2023-034505,1,PROD-041,3,11.83,30.95
ORD-2023-034505,2,PROD-023,1,7.89,5.89
ORD-2023-034506,1,PROD-002,1,11.9,10.29
ORD-2023-034507,1,PROD-006,1,32.39,27.01
ORD-2023-034508,1,PROD-010,2,38.03,71.28
ORD-2023-034508,2,PROD-006,1,32.39,28.95
ORD-2023-034508,3,PROD-004,1,20.28,15.48
ORD-2023-034509,1,PROD-010,1,38.03,36.5
ORD-2023-034510,1,PROD-010,1,38.03,35.97
ORD-2023-034511,1,PROD-004,1,20.28,19.32
ORD-2023-034511,2,PROD-034,1,9.01,8.69
ORD-2023-034511,3,PROD-001,2,12.9,25.63
ORD-2023-034511,4,PROD-036,1,11.55,11.26
ORD-2023-034512,1,PROD-006,1,32.39,31.9
ORD-2023-034512,2,PROD-035,3,10.14,29.22
ORD-2023-034513,1,PROD-060,1,42.25,37.27
ORD-2023-034514,1,PROD-030,1,49.3,35.89
ORD-2023-034515,1,PROD-003,1,14.37,13.92
ORD-2023-034516,1,PROD-041,2,11.83,12.74
ORD-2023-034516,2,PROD-056,1,101.41,95.6
ORD-2023-034517,1,PROD-013,1,11.9,10.31
ORD-2023-034518,1,PROD-007,1,17.18,16.5
ORD-2023-034519,1,PROD-014,1,9.9,9.35
ORD-2023-034520,1,PROD-056,1,101.41,100.71
ORD-2023-034521,1,PROD-002,2,11.9,23.05
ORD-2023-034521,2,PROD-034,2,9.01,17.65
ORD-2023-034522,1,PROD-002,3,11.9,34.48
ORD-2023-034522,2,PROD-005,2,20.28,39.59
ORD-2023-034522,3,PROD-036,1,11.55,11.34
ORD-2023-034523,1,PROD-007,1,17.18,8.94
ORD-2023-034523,2,PROD-003,2,14.37,24.39
ORD-2023-034524,1,PROD-014,1,9.9,8.63
ORD-2023-034524,2,PROD-010,1,38.03,34.92
ORD-2023-034525,1,PROD-023,1,7.89,7.67
ORD-2023-034526,1,PROD-039,2,8.17,16.19
ORD-2023-034527,1,PROD-035,2,10.14,15.49
ORD-2023-034528,1,PROD-005,2,20.28,35.78
ORD-2023-034528,2,PROD-011,1,14.9,14.11
ORD-2023-034529,1,PROD-055,1,74.65,71.84
ORD-2023-034529,2,PROD-006,1,32.39,31.02
ORD-2023-034530,1,PROD-055,1,74.65,33.59
ORD-2023-034531,1,PROD-010,1,38.03,34.21
ORD-2023-034531,2,PROD-034,1,9.01,7.92
ORD-2023-034531,3,PROD-035,1,10.14,9.55
ORD-2023-034532,1,PROD-010,1,38.03,24.47
ORD-2023-034533,1,PROD-036,2,11.55,18.13
ORD-2023-034534,1,PROD-001,3,12.9,37.31
ORD-2023-034534,2,PROD-033,3,52.11,151.42
ORD-2023-034534,3,PROD-038,2,7.89,15.67
ORD-2023-034534,4,PROD-019,2,29.58,55.29
ORD-2023-034535,1,PROD-003,1,14.37,13.48
ORD-2023-034535,2,PROD-013,1,11.9,10.77
ORD-2023-034536,1,PROD-038,2,7.89,14.45
ORD-2023-034537,1,PROD-035,1,10.14,9.74
ORD-2023-034538,1,PROD-007,3,17.18,46.43
ORD-2023-034539,1,PROD-019,2,29.58,56.13
ORD-2023-034540,1,PROD-007,2,17.18,32.83
ORD-2023-034541,1,PROD-027,1,21.13,18.52
ORD-2023-034542,1,PROD-001,2,12.9,21.74
ORD-2023-034543,1,PROD-032,1,19.72,15.21
ORD-2023-034543,2,PROD-034,1,9.01,6.79
ORD-2023-034543,3,PROD-044,1,40.85,38.64
ORD-2023-034544,1,PROD-004,2,20.28,36.67
ORD-2023-034545,1,PROD-007,2,17.18,22.51
ORD-2023-034545,2,PROD-001,1,12.9,6.88
ORD-2023-034546,1,PROD-005,1,20.28,18.05
ORD-2023-034546,2,PROD-035,2,10.14,17.52
ORD-2023-034546,3,PROD-006,3,32.39,94.22
ORD-2023-034546,4,PROD-041,1,11.83,10.49
ORD-2023-034547,1,PROD-011,2,14.9,27.26
ORD-2023-034547,2,PROD-008,1,9.9,8.51
ORD-2023-034548,1,PROD-004,2,20.28,33.9
ORD-2023-034548,2,PROD-010,1,38.03,24.7
ORD-2023-034549,1,PROD-002,1,11.9,11.01
ORD-2023-034550,1,PROD-006,2,32.39,38.73
ORD-2023-034550,2,PROD-038,1,7.89,6.21
ORD-2023-034551,1,PROD-006,1,32.39,31.14
ORD-2023-034552,1,PROD-005,1,20.28,19.71
ORD-2023-034552,2,PROD-004,2,20.28,38.65
ORD-2023-034553,1,PROD-006,1,32.39,31.18
ORD-2023-034554,1,PROD-054,1,59.15,26.62
ORD-2023-034555,1,PROD-007,2,17.18,25.77
ORD-2023-034556,1,PROD-030,1,49.3,40.39
ORD-2023-034557,1,PROD-008,1,9.9,9.79
ORD-2023-034558,1,PROD-005,1,20.28,12.28
ORD-2023-034558,2,PROD-027,1,21.13,11.88
ORD-2023-034559,1,PROD-007,2,17.18,24.36
ORD-2023-034559,2,PROD-008,2,9.9,16.83
ORD-2023-034560,1,PROD-019,1,29.58,27.99
ORD-2023-034561,1,PROD-006,2,32.39,63.41
ORD-2023-034562,1,PROD-054,1,59.15,44.42
ORD-2023-034563,1,PROD-012,1,18.5,14.01
ORD-2023-034563,2,PROD-011,1,14.9,13.42
ORD-2023-034564,1,PROD-036,1,11.55,10.99
ORD-2023-034565,1,PROD-010,2,38.03,74.46
ORD-2023-034566,1,PROD-008,1,9.9,9.23
ORD-2023-034567,1,PROD-030,1,49.3,33.89
ORD-2023-034567,2,PROD-026,1,14.65,12.93
ORD-2023-034568,1,PROD-006,2,32.39,60.87
ORD-2023-034568,2,PROD-048,1,55.77,53.86
ORD-2023-034568,3,PROD-004,1,20.28,19.84
ORD-2023-034569,1,PROD-004,1,20.28,19.09
ORD-2023-034569,2,PROD-023,1,7.89,7.01
ORD-2023-034570,1,PROD-054,1,59.15,56.62
ORD-2023-034571,1,PROD-038,3,7.89,12.4
ORD-2023-034572,1,PROD-007,1,17.18,16.91
ORD-2023-034573,1,PROD-006,1,32.39,32.01
ORD-2023-034573,2,PROD-035,1,10.14,8.92
ORD-2023-034573,3,PROD-051,1,36.06,28.4
ORD-2023-034574,1,PROD-002,1,11.9,10.47
ORD-2023-034574,2,PROD-007,1,17.18,14.88
ORD-2023-034574,3,PROD-039,1,8.17,7.15
ORD-2023-034574,4,PROD-010,2,38.03,61.87
ORD-2023-034575,1,PROD-002,1,11.9,10.68
ORD-2023-034575,2,PROD-003,1,14.37,6.47
ORD-2023-034575,3,PROD-036,3,11.55,22.49
ORD-2023-034576,1,PROD-005,1,20.28,19.08
ORD-2023-034577,1,PROD-010,1,38.03,37.36
ORD-2023-034578,1,PROD-015,2,26.76,43.92
ORD-2023-034579,1,PROD-020,1,10.14,9.95
ORD-2023-034579,2,PROD-027,1,21.13,20.68
ORD-2023-034580,1,PROD-027,1,21.13,20.44
ORD-2023-034581,1,PROD-034,1,9.01,7.03
ORD-2023-034581,2,PROD-003,1,14.37,6.47
ORD-2023-034582,1,PROD-023,1,7.89,6.9
ORD-2023-034582,2,PROD-006,1,32.39,22.95
ORD-2023-034583,1,PROD-029,1,24.79,23.47
ORD-2023-034583,2,PROD-032,3,19.72,46.03
ORD-2023-034583,3,PROD-004,1,20.28,19.06
ORD-2023-034584,1,PROD-006,1,32.39,23.59
ORD-2023-034585,1,PROD-024,1,8.73,7.47
ORD-2023-034586,1,PROD-031,1,53.52,51.39
ORD-2023-034586,2,PROD-016,2,8.9,13.9
ORD-2023-034586,3,PROD-022,1,9.01,8.21
ORD-2023-034587,1,PROD-008,1,9.9,7.66
ORD-2023-034587,2,PROD-034,1,9.01,8.15
ORD-2023-034588,1,PROD-006,3,32.39,55.67
ORD-2023-034588,2,PROD-037,1,9.86,7.14
ORD-2023-034588,3,PROD-002,2,11.9,20.73
ORD-2023-034588,4,PROD-010,2,38.03,58.89
ORD-2023-034589,1,PROD-042,1,73.24,61.86
ORD-2023-034590,1,PROD-038,1,7.89,7.7
ORD-2023-034590,2,PROD-060,1,42.25,36.12
ORD-2023-034591,1,PROD-058,1,39.44,38.29
ORD-2023-034592,1,PROD-002,2,11.9,21.7
ORD-2023-034592,2,PROD-001,2,12.9,23.14
ORD-2023-034592,3,PROD-041,2,11.83,21.83
ORD-2023-034593,1,PROD-028,2,17.18,34.06
ORD-2023-034593,2,PROD-010,2,38.03,74.55
ORD-2023-034594,1,PROD-010,1,38.03,36.78
ORD-2023-034594,2,PROD-001,2,12.9,24.28
ORD-2023-034595,1,PROD-031,2,53.52,101.61
ORD-2023-034595,2,PROD-060,1,42.25,38.82
ORD-2023-034596,1,PROD-019,1,29.58,25.78
ORD-2023-034597,1,PROD-011,1,14.9,11.17
ORD-2023-034598,1,PROD-011,1,14.9,10.91
ORD-2023-034599,1,PROD-047,1,108.45,98.96
ORD-2023-034600,1,PROD-001,1,12.9,12.76
ORD-2023-034601,1,PROD-010,1,38.03,35.82
ORD-2023-034602,1,PROD-005,1,20.28,18.23
ORD-2023-034603,1,PROD-001,1,12.9,11.36
ORD-2023-034603,2,PROD-044,1,40.85,37.39
ORD-2023-034603,3,PROD-032,1,19.72,18.39
ORD-2023-034604,1,PROD-047,1,108.45,90.49
ORD-2023-034605,1,PROD-024,1,8.73,8.5
ORD-2023-034606,1,PROD-030,2,49.3,82.26
ORD-2023-034607,1,PROD-053,1,53.52,51.84
ORD-2023-034607,2,PROD-038,3,7.89,22.69
ORD-2023-034608,1,PROD-004,1,20.28,16.99
ORD-2023-034608,2,PROD-002,2,11.9,19.07
ORD-2023-034608,3,PROD-034,4,9.01,31.65
ORD-2023-034609,1,PROD-019,1,29.58,25.2
ORD-2023-034609,2,PROD-039,1,8.17,6.02
ORD-2023-034610,1,PROD-006,2,32.39,52.3
ORD-2023-034611,1,PROD-031,1,53.52,53.2
ORD-2023-034611,2,PROD-010,3,38.03,111.56
ORD-2023-034612,1,PROD-002,1,11.9,11.1
ORD-2023-034613,1,PROD-047,1,108.45,101.43
ORD-2023-034614,1,PROD-037,3,9.86,26.73
ORD-2023-034614,2,PROD-026,1,14.65,11.11
ORD-2023-034615,1,PROD-001,1,12.9,12.19
ORD-2023-034615,2,PROD-012,1,18.5,17.18
ORD-2023-034616,1,PROD-031,1,53.52,42.04
ORD-2023-034617,1,PROD-001,1,12.9,12.39
ORD-2023-034618,1,PROD-009,1,61.97,56.32
ORD-2023-034619,1,PROD-001,1,12.9,
ORD-2023-034620,1,PROD-001,1,12.9,10.44
ORD-2023-034620,2,PROD-041,2,11.83,15.13
ORD-2023-034620,3,PROD-004,2,20.28,37.86
ORD-2023-034621,1,PROD-037,3,9.86,26.87
ORD-2023-034621,2,PROD-004,2,20.28,35.32
ORD-2023-034622,1,PROD-030,1,49.3,39.34
ORD-2023-034622,2,PROD-023,1,7.89,7.07
ORD-2023-034622,3,PROD-035,2,10.14,19.65
ORD-2023-034622,4,PROD-036,2,11.55,21.6
ORD-2023-034623,1,PROD-036,2,11.55,19.73
ORD-2023-034624,1,PROD-030,1,49.3,25.75
ORD-2023-034624,2,PROD-028,2,17.18,22.97
ORD-2023-034624,3,PROD-015,1,26.76,26.05
ORD-2023-034625,1,PROD-034,1,9.01,8.24
ORD-2023-034625,2,PROD-005,1,20.28,14.7
ORD-2023-034625,3,PROD-035,2,10.14,18.08
ORD-2023-034626,1,PROD-005,1,20.28,14.51
ORD-2023-034627,1,PROD-052,1,46.48,43.62
ORD-2023-034627,2,PROD-007,2,17.18,29.94
ORD-2023-034628,1,PROD-047,1,108.45,96.26
ORD-2023-034629,1,PROD-030,2,49.3,84.11
ORD-2023-034629,2,PROD-039,1,8.17,8.04
ORD-2023-034630,1,PROD-024,1,8.73,7.91
ORD-2023-034630,2,PROD-008,1,9.9,9.7
ORD-2023-034630,3,PROD-003,1,14.37,14.05
ORD-2023-034631,1,PROD-001,1,12.9,12.39
ORD-2023-034632,1,PROD-019,2,29.58,33.28
ORD-2023-034633,1,PROD-004,3,20.28,56.34
ORD-2023-034633,2,PROD-005,2,20.28,30.46
ORD-2023-034634,1,PROD-004,1,20.28,11.57
ORD-2023-034635,1,PROD-054,1,59.15,39.16
ORD-2023-034636,1,PROD-021,1,15.49,13.69
ORD-2023-034637,1,PROD-040,1,15.21,13.36
ORD-2023-034638,1,PROD-010,1,38.03,32.32
ORD-2023-034638,2,PROD-022,1,9.01,5.02
ORD-2023-034639,1,PROD-027,2,21.13,31.33
ORD-2023-034639,2,PROD-021,2,15.49,24.85
ORD-2023-034640,1,PROD-007,1,17.18,15.17
ORD-2023-034641,1,PROD-013,1,11.9,11.63
ORD-2023-034641,2,PROD-038,2,7.89,11.07
ORD-2023-034641,3,PROD-034,3,9.01,22.46
ORD-2023-034642,1,PROD-040,3,15.21,26.94
ORD-2023-034643,1,PROD-001,2,12.9,25.63
ORD-2023-034643,2,PROD-047,1,108.45,101.96
ORD-2023-034644,1,PROD-030,1,49.3,47.66
ORD-2023-034645,1,PROD-032,1,19.72,18.21
ORD-2023-034646,1,PROD-005,1,20.28,17.5
ORD-2023-034646,2,PROD-031,2,53.52,96.56
ORD-2023-034647,1,PROD-045,1,72.68,52.94
ORD-2023-034647,2,PROD-007,1,17.18,15.52
ORD-2023-034648,1,PROD-046,1,259.15,240.26
ORD-2023-034649,1,PROD-007,1,17.18,16.92
ORD-2023-034650,1,PROD-029,1,24.79,15.3
ORD-2023-034651,1,PROD-013,1,11.9,11.49
ORD-2023-034652,1,PROD-006,1,32.39,14.58
ORD-2023-034652,2,PROD-039,1,8.17,5.89
ORD-2023-034652,3,PROD-002,1,11.9,10.94
ORD-2023-034653,1,PROD-027,2,21.13,41.28
ORD-2023-034654,1,PROD-012,1,18.5,17.77
ORD-2023-034654,2,PROD-048,2,55.77,62.71
ORD-2023-034655,1,PROD-032,2,19.72,36.57
ORD-2023-034656,1,PROD-030,1,49.3,33.14
ORD-2023-034657,1,PROD-004,2,20.28,34.83
ORD-2023-034657,2,PROD-016,3,8.9,26.12
ORD-2023-034658,1,PROD-044,1,40.85,35.53
ORD-2023-034659,1,PROD-040,3,15.21,40.54
ORD-2023-034660,1,PROD-023,2,7.89,15.41
ORD-2023-034660,2,PROD-041,1,11.83,11.23
ORD-2023-034661,1,PROD-009,1,61.97,49.58
ORD-2023-034662,1,PROD-026,1,14.65,10.59
ORD-2023-034662,2,PROD-004,1,20.28,18.61
ORD-2023-034662,3,PROD-038,1,7.89,7.37
ORD-2023-034663,1,PROD-053,1,53.52,46.96
ORD-2023-034664,1,PROD-041,1,11.83,10.54
ORD-2023-034665,1,PROD-008,1,9.9,7.76
ORD-2023-034666,1,PROD-010,2,38.03,63.96
ORD-2023-034667,1,PROD-032,3,19.72,32.18
ORD-2023-034668,1,PROD-014,1,9.9,9.73
ORD-2023-034668,2,PROD-019,1,29.58,28.95
ORD-2023-034669,1,PROD-048,1,55.77,50.97
ORD-2023-034670,1,PROD-009,1,61.97,58.56
ORD-2023-034670,2,PROD-004,2,20.28,38.93
ORD-2023-034670,3,PROD-031,2,53.52,102.34
ORD-2023-034670,4,PROD-014,1,9.9,9.23
ORD-2023-034670,5,PROD-028,2,17.18,32.26
ORD-2023-034671,1,PROD-034,1,9.01,7.27
ORD-2023-034671,2,PROD-002,1,11.9,9.87
ORD-2023-034671,3,PROD-035,1,10.14,9.45
ORD-2023-034672,1,PROD-036,2,11.55,19.29
ORD-2023-034673,1,PROD-036,2,11.55,19.9
ORD-2023-034674,1,PROD-001,1,12.9,12.5
ORD-2023-034675,1,PROD-002,2,11.9,23.34
ORD-2023-034675,2,PROD-005,1,20.28,19.05
ORD-2023-034676,1,PROD-059,1,52.11,25.79
ORD-2023-034677,1,PROD-035,1,10.14,8.48
ORD-2023-034678,1,PROD-058,1,39.44,34.99
ORD-2023-034679,1,PROD-007,2,17.18,23.18
ORD-2023-034680,1,PROD-045,1,72.68,44.68
ORD-2023-034680,2,PROD-033,2,52.11,84.99
ORD-2023-034681,1,PROD-023,2,7.89,15.34
ORD-2023-034682,1,PROD-020,1,10.14,7.79
ORD-2023-034682,2,PROD-006,1,32.39,17.31
ORD-2023-034682,3,PROD-022,1,9.01,8.79
ORD-2023-034683,1,PROD-002,1,11.9,11.47
ORD-2023-034683,2,PROD-032,1,19.72,19.08
ORD-2023-034684,1,PROD-001,3,12.9,34.21
ORD-2023-034684,2,PROD-005,3,20.28,58.25
ORD-2023-034685,1,PROD-010,1,38.03,35.94
ORD-2023-034686,1,PROD-044,1,40.85,39.07
ORD-2023-034687,1,PROD-039,1,8.17,5.34
ORD-2023-034688,1,PROD-006,1,32.39,31.89
ORD-2023-034689,1,PROD-032,2,19.72,38.13
ORD-2023-034690,1,PROD-005,1,20.28,18.32
ORD-2023-034691,1,PROD-036,1,11.55,10.64
ORD-2023-034692,1,PROD-039,1,8.17,5.97
ORD-2023-034693,1,PROD-030,2,49.3,80.21
ORD-2023-034694,1,PROD-019,1,29.58,27.95
ORD-2023-034695,1,PROD-056,1,101.41,83.04
ORD-2023-034696,1,PROD-023,1,7.89,7.51
ORD-2023-034697,1,PROD-036,1,11.55,10.23
ORD-2023-034698,1,PROD-031,2,53.52,104.34
ORD-2023-034699,1,PROD-006,2,32.39,57.33
ORD-2023-034699,2,PROD-034,2,9.01,16.51
ORD-2023-034699,3,PROD-004,1,20.28,19.74
ORD-2023-034700,1,PROD-007,1,17.18,16.31
ORD-2023-034700,2,PROD-002,1,11.9,11.21
ORD-2023-034701,1,PROD-034,2,9.01,8.11
ORD-2023-034701,2,PROD-054,1,59.15,29.03
ORD-2023-034702,1,PROD-003,2,14.37,25.41
ORD-2023-034702,2,PROD-030,1,49.3,41.21
ORD-2023-034703,1,PROD-028,1,17.18,16.45
ORD-2023-034703,2,PROD-050,2,61.97,80.54
ORD-2023-034703,3,PROD-032,1,19.72,12.33
ORD-2023-034704,1,PROD-020,1,10.14,9.57
ORD-2023-034705,1,PROD-020,1,10.14,8.46
ORD-2023-034705,2,PROD-024,2,8.73,15.33
ORD-2023-034705,3,PROD-048,1,55.77,46.7
ORD-2023-034706,1,PROD-019,2,29.58,35.17
ORD-2023-034707,1,PROD-010,1,38.03,37.58
ORD-2023-034708,1,PROD-006,1,32.39,23.6
ORD-2023-034709,1,PROD-036,3,11.55,34.4
ORD-2023-034710,1,PROD-034,1,9.01,4.56
ORD-2023-034711,1,PROD-001,2,12.9,25.23
ORD-2023-034711,2,PROD-039,1,8.17,8.02
ORD-2023-034711,3,PROD-005,2,20.28,36.16
ORD-2023-034712,1,PROD-042,1,73.24,62.67
ORD-2023-034713,1,PROD-002,1,11.9,
ORD-2023-034713,2,PROD-032,1,19.72,13.07
ORD-2023-034714,1,PROD-021,1,15.49,15.17
ORD-2023-034714,2,PROD-050,1,61.97,54.68
ORD-2023-034715,1,PROD-006,3,32.39,95.49
ORD-2023-034715,2,PROD-012,1,18.5,17.66
ORD-2023-034715,3,PROD-038,1,7.89,7.79
ORD-2023-034716,1,PROD-030,1,49.3,48.27
ORD-2023-034716,2,PROD-022,1,9.01,8.64
ORD-2023-034717,1,PROD-002,1,11.9,10.55
ORD-2023-034718,1,PROD-030,1,49.3,49.03
ORD-2023-034718,2,PROD-005,1,20.28,19.53
ORD-2023-034719,1,PROD-004,1,20.28,19.07
ORD-2023-034720,1,PROD-008,1,9.9,4.59
ORD-2023-034721,1,PROD-028,1,17.18,10.33
ORD-2023-034721,2,PROD-004,1,20.28,9.13
ORD-2023-034722,1,PROD-047,1,108.45,97.5
ORD-2023-034723,1,PROD-030,1,49.3,37.16
ORD-2023-034724,1,PROD-001,3,12.9,36.57
ORD-2023-034725,1,PROD-034,1,9.01,8.16
ORD-2023-034726,1,PROD-004,3,20.28,56.7
ORD-2023-034727,1,PROD-011,1,14.9,14.5
ORD-2023-034727,2,PROD-014,1,9.9,9.84
ORD-2023-034727,3,PROD-008,1,9.9,9.32
ORD-2023-034728,1,PROD-030,1,49.3,42.66
ORD-2023-034729,1,PROD-006,1,32.39,29.77
ORD-2023-034730,1,PROD-010,1,38.03,17.11
ORD-2023-034730,2,PROD-055,1,74.65,59.12
ORD-2023-034731,1,PROD-001,1,12.9,8.08
ORD-2023-034732,1,PROD-024,1,8.73,7.94
ORD-2023-034733,1,PROD-001,1,12.9,12.72
ORD-2023-034733,2,PROD-028,1,17.18,14.29
ORD-2023-034734,1,PROD-010,1,38.03,33.87
ORD-2023-034735,1,PROD-011,1,14.9,13.94
ORD-2023-034736,1,PROD-013,1,11.9,11.51
ORD-2023-034736,2,PROD-001,2,12.9,25.26
ORD-2023-034737,1,PROD-032,3,19.72,57.39
ORD-2023-034738,1,PROD-005,1,20.28,17.64
ORD-2023-034739,1,PROD-001,2,12.9,22.97
ORD-2023-034739,2,PROD-046,1,259.15,217.95
ORD-2023-034739,3,PROD-004,1,20.28,15.48
ORD-2023-034739,4,PROD-058,1,39.44,27.68
ORD-2023-034740,1,PROD-004,1,20.28,19.75
ORD-2023-034741,1,PROD-055,1,74.65,67.65
ORD-2023-034742,1,PROD-020,1,10.14,9.76
ORD-2023-034743,1,PROD-012,1,18.5,17.23
ORD-2023-034744,1,PROD-010,1,38.03,36.65
ORD-2023-034745,1,PROD-030,1,49.3,31.63
ORD-2023-034746,1,PROD-031,1,53.52,53.39
ORD-2023-034747,1,PROD-005,3,20.28,55.16
ORD-2023-034748,1,PROD-017,2,12.5,21.52
ORD-2023-034748,2,PROD-003,3,14.37,39.97
ORD-2023-034748,3,PROD-035,1,10.14,9.64
ORD-2023-034749,1,PROD-032,2,19.72,34.19
ORD-2023-034750,1,PROD-056,1,101.41,86.71
ORD-2023-034751,1,PROD-051,1,36.06,16.23
ORD-2023-034751,2,PROD-003,1,14.37,12.03
ORD-2023-034752,1,PROD-001,2,12.9,25.22
ORD-2023-034753,1,PROD-042,1,73.24,68.14
ORD-2023-034753,2,PROD-004,2,20.28,35.42
ORD-2023-034753,3,PROD-021,1,15.49,14.52
ORD-2023-034753,4,PROD-005,2,20.28,21.43
ORD-2023-034754,1,PROD-019,1,29.58,13.31
ORD-2023-034754,2,PROD-006,2,32.39,29.15
ORD-2023-034755,1,PROD-002,1,11.9,10.64
ORD-2023-034755,2,PROD-010,1,38.03,36.44
ORD-2023-034755,3,PROD-006,1,32.39,27.63
ORD-2023-034756,1,PROD-006,2,32.39,64.11
ORD-2023-034757,1,PROD-014,2,9.9,19.22
ORD-2023-034758,1,PROD-017,1,12.5,12.19
ORD-2023-034758,2,PROD-047,2,108.45,210.24
ORD-2023-034758,3,PROD-010,1,38.03,34.79
ORD-2023-034759,1,PROD-010,2,38.03,71.47
ORD-2023-034760,1,PROD-040,3,15.21,41.06
ORD-2023-034761,1,PROD-030,2,49.3,95.55
ORD-2023-034762,1,PROD-040,1,15.21,14.97
ORD-2023-034763,1,PROD-056,1,101.41,86.19
ORD-2023-034764,1,PROD-009,3,61.97,179.64
ORD-2023-034764,2,PROD-035,1,10.14,9.93
ORD-2023-034764,3,PROD-041,1,11.83,11.3
ORD-2023-034765,1,PROD-036,1,11.55,10.67
ORD-2023-034765,2,PROD-004,2,20.28,32.44
ORD-2023-034765,3,PROD-012,1,18.5,17.57
ORD-2023-034766,1,PROD-003,3,14.37,41.98
ORD-2023-034766,2,PROD-039,1,8.17,8.07
ORD-2023-034767,1,PROD-035,1,10.14,8.06
ORD-2023-034768,1,PROD-056,1,101.41,81.61
ORD-2023-034769,1,PROD-042,1,73.24,54.51
ORD-2023-034769,2,PROD-008,1,9.9,8.36
ORD-2023-034769,3,PROD-034,1,9.01,8.5
ORD-2023-034770,1,PROD-010,2,38.03,74.02
ORD-2023-034771,1,PROD-033,1,52.11,48.59
ORD-2023-034772,1,PROD-039,3,8.17,23.71
ORD-2023-034773,1,PROD-004,1,20.28,19.43
ORD-2023-034774,1,PROD-041,1,11.83,11.37
ORD-2023-034775,1,PROD-005,1,20.28,19.44
ORD-2023-034776,1,PROD-058,1,39.44,35.71
ORD-2023-034777,1,PROD-039,2,8.17,11.82
ORD-2023-034778,1,PROD-019,2,29.58,54.49
ORD-2023-034779,1,PROD-040,1,15.21,12.7
ORD-2023-034779,2,PROD-004,1,20.28,16.53
ORD-2023-034780,1,PROD-012,2,18.5,33.95
ORD-2023-034781,1,PROD-033,3,52.11,140.9
ORD-2023-034782,1,PROD-010,1,38.03,37.29
ORD-2023-034783,1,PROD-010,1,38.03,30.17
ORD-2023-034784,1,PROD-009,3,61.97,181.09
ORD-2023-034785,1,PROD-059,1,52.11,41.81
ORD-2023-034786,1,PROD-005,1,20.28,17.19
ORD-2023-034786,2,PROD-038,2,7.89,13.94
ORD-2023-034787,1,PROD-054,1,59.15,37.23
ORD-2023-034788,1,PROD-001,1,12.9,8.06
ORD-2023-034789,1,PROD-004,1,20.28,18.96
ORD-2023-034789,2,PROD-034,1,9.01,8.51
ORD-2023-034790,1,PROD-012,1,18.5,13.89
ORD-2023-034791,1,PROD-017,2,12.5,15.43
ORD-2023-034792,1,PROD-001,1,12.9,12.17
ORD-2023-034792,2,PROD-004,2,20.28,34.71
ORD-2023-034792,3,PROD-031,2,53.52,100.7
ORD-2023-034792,4,PROD-035,1,10.14,8.76
ORD-2023-034793,1,PROD-006,1,32.39,31.46
ORD-2023-034794,1,PROD-001,1,12.9,10.49
ORD-2023-034795,1,PROD-001,3,12.9,37.68
ORD-2023-034795,2,PROD-030,1,49.3,45.02
ORD-2023-034795,3,PROD-010,1,38.03,-35.49
ORD-2023-034796,1,PROD-003,2,14.37,27.1
ORD-2023-034796,2,PROD-038,2,7.89,14.81
ORD-2023-034796,3,PROD-034,3,9.01,24.84
ORD-2023-034797,1,PROD-039,1,8.17,7.7
ORD-2023-034797,2,PROD-040,2,15.21,29.22
ORD-2023-034798,1,PROD-038,3,7.89,22.51
ORD-2023-034799,1,PROD-054,1,59.15,57.49
ORD-2023-034800,1,PROD-007,2,17.18,29.92
ORD-2023-034801,1,PROD-030,1,49.3,22.18
ORD-2023-034801,2,PROD-039,1,8.17,6.87
ORD-2023-034802,1,PROD-026,1,14.65,6.59
ORD-2023-034802,2,PROD-054,1,59.15,26.62
ORD-2023-034803,1,PROD-005,2,20.28,38.36
ORD-2023-034804,1,PROD-005,2,20.28,38.11
ORD-2023-034804,2,PROD-038,2,7.89,13.63
ORD-2023-034805,1,PROD-013,3,11.9,30.49
ORD-2023-034805,2,PROD-037,2,9.86,16.55
ORD-2023-034805,3,PROD-012,1,18.5,16.38
ORD-2023-034806,1,PROD-036,1,11.55,8.56
ORD-2023-034806,2,PROD-008,1,9.9,8.31
ORD-2023-034807,1,PROD-022,1,9.01,8.85
ORD-2023-034808,1,PROD-029,1,24.79,11.68
ORD-2023-034808,2,PROD-023,2,7.89,12.17
ORD-2023-034809,1,PROD-022,1,9.01,8.83
ORD-2023-034809,2,PROD-029,1,24.79,22.27
ORD-2023-034809,3,PROD-027,1,21.13,20.38
ORD-2023-034810,1,PROD-004,1,20.28,19.76
ORD-2023-034810,2,PROD-034,1,9.01,8.24
ORD-2023-034810,3,PROD-037,2,9.86,16.21
ORD-2023-034810,4,PROD-009,1,61.97,43.47
ORD-2023-034811,1,PROD-013,3,11.9,32.92
ORD-2023-034812,1,PROD-010,1,38.03,36.35
ORD-2023-034813,1,PROD-019,2,29.58,44.97
ORD-2023-034814,1,PROD-002,1,11.9,11.01
ORD-2023-034815,1,PROD-002,1,11.9,11.55
ORD-2023-034816,1,PROD-016,1,8.9,8.89
ORD-2023-034817,1,PROD-010,1,38.03,33.39
ORD-2023-034817,2,PROD-031,1,53.52,39.06
ORD-2023-034817,3,PROD-052,1,46.48,41.21
ORD-2023-034817,4,PROD-004,1,20.28,12.69
ORD-2023-034817,5,PROD-001,3,12.9,27.71
ORD-2023-034818,1,PROD-027,2,21.13,37.2
ORD-2023-034819,1,PROD-042,4,73.24,226.75
ORD-2023-034820,1,PROD-010,2,38.03,66.54
ORD-2023-034821,1,PROD-029,2,24.79,26.97
ORD-2023-034822,1,PROD-060,1,42.25,22.77
ORD-2023-034823,1,PROD-007,1,17.18,13.89
ORD-2023-034824,1,PROD-007,2,17.18,27.72
ORD-2023-034824,2,PROD-026,1,14.65,7.98
ORD-2023-034825,1,PROD-027,2,21.13,40.14
ORD-2023-034826,1,PROD-024,1,8.73,8.05
ORD-2023-034827,1,PROD-001,2,12.9,24.0
ORD-2023-034827,2,PROD-005,3,20.28,51.02
ORD-2023-034828,1,PROD-036,3,11.55,33.32
ORD-2023-034828,2,PROD-013,1,11.9,10.02
ORD-2023-034829,1,PROD-017,1,12.5,10.52
ORD-2023-034829,2,PROD-005,1,20.28,19.35
ORD-2023-034829,3,PROD-045,1,72.68,65.27
ORD-2023-034830,1,PROD-003,1,14.37,6.91
ORD-2023-034830,2,PROD-034,1,9.01,4.05
ORD-2023-034831,1,PROD-042,1,73.24,65.67
ORD-2023-034832,1,PROD-040,1,15.21,12.51
ORD-2023-034833,1,PROD-004,1,20.28,20.08
ORD-2023-034833,2,PROD-035,2,10.14,19.7
ORD-2023-034834,1,PROD-038,1,7.89,4.74
ORD-2023-034835,1,PROD-021,1,15.49,12.53
ORD-2023-034836,1,PROD-022,1,9.01,4.47
ORD-2023-034836,2,PROD-059,1,52.11,23.45
ORD-2023-034837,1,PROD-010,1,38.03,36.12
ORD-2023-034838,1,PROD-007,1,17.18,16.99
ORD-2023-034839,1,PROD-029,1,24.79,11.69
ORD-2023-034839,2,PROD-013,1,11.9,8.72
ORD-2023-034840,1,PROD-004,1,20.28,19.37
ORD-2023-034841,1,PROD-031,2,53.52,91.71
ORD-2023-034842,1,PROD-041,2,11.83,22.64
ORD-2023-034843,1,PROD-003,3,14.37,38.67
ORD-2023-034843,2,PROD-041,2,11.83,21.33
ORD-2023-034843,3,PROD-008,2,9.9,16.94
ORD-2023-034844,1,PROD-003,1,14.37,12.9
ORD-2023-034845,1,PROD-055,1,74.65,58.66
ORD-2023-034846,1,PROD-030,2,49.3,87.3
ORD-2023-034847,1,PROD-020,1,10.14,8.72
ORD-2023-034848,1,PROD-007,1,17.18,15.65
ORD-2023-034848,2,PROD-047,1,108.45,104.63
ORD-2023-034849,1,PROD-019,1,29.58,24.69
ORD-2023-034850,1,PROD-004,2,20.28,32.25
ORD-2023-034851,1,PROD-033,2,52.11,99.84
ORD-2023-034852,1,PROD-035,1,10.14,4.56
ORD-2023-034852,2,PROD-027,1,21.13,9.51
ORD-2023-034852,3,PROD-055,1,74.65,54.67
ORD-2023-034853,1,PROD-049,1,80.28,79.21
ORD-2023-034853,2,PROD-056,1,101.41,96.85
ORD-2023-034853,3,PROD-006,2,32.39,60.36
ORD-2023-034854,1,PROD-034,2,9.01,11.81
ORD-2023-034855,1,PROD-002,1,11.9,10.99
ORD-2023-034856,1,PROD-024,1,8.73,8.44
ORD-2023-034856,2,PROD-030,1,49.3,45.16
ORD-2023-034856,3,PROD-010,2,38.03,72.77
ORD-2023-034857,1,PROD-002,1,11.9,5.35
ORD-2023-034857,2,PROD-020,1,10.14,4.81
ORD-2023-034857,3,PROD-038,1,7.89,4.76
ORD-2023-034858,1,PROD-001,2,12.9,24.78
ORD-2023-034858,2,PROD-002,3,11.9,31.28
ORD-2023-034858,3,PROD-037,1,9.86,9.55
ORD-2023-034858,4,PROD-005,1,20.28,18.69
ORD-2023-034859,1,PROD-010,1,38.03,36.09
ORD-2023-034859,2,PROD-031,1,53.52,51.76
ORD-2023-034859,3,PROD-035,1,10.14,9.76
ORD-2023-034860,1,PROD-005,1,20.28,19.81
ORD-2023-034860,2,PROD-006,2,32.39,58.59
ORD-2023-034860,3,PROD-013,2,11.9,22.04
ORD-2023-034861,1,PROD-028,2,17.18,31.6
ORD-2023-034862,1,PROD-013,1,11.9,7.73
ORD-2023-034862,2,PROD-019,1,29.58,22.81
ORD-2023-034862,3,PROD-017,2,12.5,17.06
ORD-2023-034863,1,PROD-001,2,12.9,19.72
ORD-2023-034864,1,PROD-010,2,38.03,69.95
ORD-2023-034864,2,PROD-039,1,8.17,7.86
ORD-2023-034864,3,PROD-001,1,12.9,12.23
ORD-2023-034864,4,PROD-038,1,7.89,7.51
ORD-2023-034865,1,PROD-037,4,9.86,35.41
ORD-2023-034865,2,PROD-004,1,20.28,19.42
ORD-2023-034866,1,PROD-002,1,11.9,10.65
ORD-2023-034867,1,PROD-034,1,9.01,8.83
ORD-2023-034868,1,PROD-055,1,74.65,61.96
ORD-2023-034868,2,PROD-020,2,10.14,15.08
ORD-2023-034869,1,PROD-010,1,38.03,36.71
ORD-2023-034869,2, PROD-022 ,1,9.01,8.79
ORD-2023-034870,1,PROD-001,3,12.9,34.01
ORD-2023-034871,1,PROD-019,2,29.58,53.64
ORD-2023-034872,1,PROD-036,1,11.55,9.76
ORD-2023-034872,2,PROD-006,2,32.39,59.2
ORD-2023-034872,3,PROD-004,2,20.28,38.05
ORD-2023-034873,1,PROD-009,3,61.97,177.79
ORD-2023-034874,1,PROD-001,2,12.9,18.73
ORD-2023-034875,1,PROD-022,1,9.01,8.7
ORD-2023-034876,1,PROD-048,2,55.77,109.14
ORD-2023-034876,2,PROD-001,1,12.9,12.54
ORD-2023-034877,1,PROD-003,1,14.37,14.1
ORD-2023-034877,2,PROD-001,1,12.9,12.8
ORD-2023-034878,1,PROD-030,1,49.3,45.7
ORD-2023-034879,1,PROD-006,2,32.39,64.1
ORD-2023-034879,2,PROD-034,2,9.01,17.76
ORD-2023-034879,3,PROD-033,2,52.11,101.79
ORD-2023-034880,1,PROD-023,2,7.89,11.21
ORD-2023-034880,2,PROD-020,1,10.14,9.46
ORD-2023-034881,1,PROD-041,2,11.83,22.14
ORD-2023-034881,2,PROD-006,1,32.39,26.66
ORD-2023-034882,1,PROD-010,2,38.03,66.67
ORD-2023-034882,2,PROD-009,1,61.97,54.12
ORD-2023-034883,1,PROD-035,1,10.14,7.3
ORD-2023-034883,2,PROD-034,2,9.01,11.15
ORD-2023-034884,1,PROD-019,2,29.58,53.49
ORD-2023-034884,2,PROD-004,2,20.28,37.15
ORD-2023-034885,1,PROD-046,1,259.15,167.57
ORD-2023-034886,1,PROD-048,1,55.77,51.43
ORD-2023-034887,1,PROD-020,1,10.14,7.78
ORD-2023-034887,2,PROD-034,2,9.01,13.04
ORD-2023-034888,1,PROD-015,1,26.76,19.52
ORD-2023-034888,2,PROD-028,1,17.18,12.24
ORD-2023-034889,1,PROD-054,1,59.15,31.41
ORD-2023-034890,1,PROD-009,3,61.97,170.11
ORD-2023-034890,2,PROD-039,1,8.17,7.79
ORD-2023-034890,3,PROD-001,2,12.9,-24.01
ORD-2023-034890,4,PROD-034,2,9.01,17.55
ORD-2023-034890,5,PROD-006,1,32.39,30.6
ORD-2023-034891,1,PROD-056,1,101.41,88.04
ORD-2023-034892,1,PROD-055,1,74.65,36.8
ORD-2023-034892,2,PROD-052,1,46.48,28.75
ORD-2023-034893,1,PROD-004,1,20.28,18.98
ORD-2023-034893,2,PROD-013,1,11.9,11.52
ORD-2023-034894,1,PROD-041,1,11.83,11.09
ORD-2023-034895,1,PROD-006,1,32.39,30.37
ORD-2023-034896,1,PROD-036,1,11.55,5.2
ORD-2023-034896,2,PROD-027,1,21.13,18.47
ORD-2023-034897,1,PROD-009,1,61.97,59.44
ORD-2023-034897,2,PROD-043,2,107.04,200.89
ORD-2023-034897,3,PROD-032,3,19.72,56.26
ORD-2023-034898,1,PROD-002,2,11.9,22.49
ORD-2023-034899,1,PROD-059,1,52.11,35.08
ORD-2023-034900,1,PROD-004,2,20.28,35.62
ORD-2023-034901,1,PROD-028,1,17.18,7.82
ORD-2023-034902,1,PROD-030,2,49.3,96.77
ORD-2023-034902,2,PROD-022,1,9.01,8.32
ORD-2023-034902,3,PROD-005,1,20.28,18.74
ORD-2023-034903,1,PROD-054,1,59.15,26.62
ORD-2023-034904,1,PROD-049,1,80.28,79.53
ORD-2023-034905,1,PROD-001,1,12.9,11.28
ORD-2023-034906,1,PROD-005,1,20.28,15.31
ORD-2023-034906,2,PROD-003,1,14.37,13.58
ORD-2023-034907,1,PROD-001,1,12.9,12.61
ORD-2023-034907,2,PROD-039,1,8.17,7.66
ORD-2023-034907,3,PROD-035,2,10.14,19.9
ORD-2023-034908,1,PROD-024,2,8.73,13.08
ORD-2023-034909,1,PROD-009,2,61.97,110.74
ORD-2023-034909,2,PROD-010,3,38.03,103.39
ORD-2023-034909,3,PROD-035,2,10.14,15.74
ORD-2023-034910,1,PROD-025,1,21.97,10.18
ORD-2023-034910,2,PROD-030,1,49.3,36.04
ORD-2023-034911,1,PROD-024,1,8.73,7.42
ORD-2023-034912,1,PROD-039,2,8.17,14.77
ORD-2023-034913,1,PROD-019,1,29.58,17.76
ORD-2023-034914,1,PROD-003,1,14.37,13.44
ORD-2023-034914,2,PROD-037,2,9.86,18.48
ORD-2023-034914,3,PROD-038,1,7.89,7.43
ORD-2023-034915,1,PROD-011,1,14.9,13.26
ORD-2023-034916,1,PROD-001,2,12.9,23.42
ORD-2023-034916,2,PROD-037,1,9.86,8.78
ORD-2023-034917,1,PROD-005,1,20.28,18.62
ORD-2023-034917,2,PROD-007,2,17.18,31.93
ORD-2023-034918,1,PROD-058,1,39.44,25.79
ORD-2023-034919,1,PROD-026,2,14.65,26.75
ORD-2023-034920,1,PROD-028,1,17.18,16.6
ORD-2023-034921,1,PROD-006,1,32.39,30.5
ORD-2023-034922,1,PROD-010,1,38.03,37.51
ORD-2023-034923,1,PROD-010,1,38.03,36.26
ORD-2023-034924,1,PROD-035,1,10.14,9.82
ORD-2023-034925,1,PROD-035,1,10.14,9.58
ORD-2023-034926,1,PROD-040,3,15.21,45.29
ORD-2023-034927,1,PROD-011,2,14.9,28.36
ORD-2023-034928,1,PROD-018,2,50.7,97.92
ORD-2023-034929,1,PROD-009,1,61.97,48.37
ORD-2023-034930,1,PROD-036,1,11.55,5.2
ORD-2023-034931,1,PROD-056,1,101.41,59.61
ORD-2023-034932,1,PROD-019,1,29.58,26.34
ORD-2023-034933,1,PROD-026,1,14.65,12.62
ORD-2023-034934,1,PROD-044,1,40.85,37.48
ORD-2023-034935,1,PROD-001,1,12.9,11.89
ORD-2023-034936,1,PROD-016,1,8.9,4.57
ORD-2023-034937,1,PROD-001,2,12.9,24.17
ORD-2023-034938,1,PROD-002,1,11.9,10.39
ORD-2023-034939,1,PROD-023,1,7.89,6.88
ORD-2023-034940,1,PROD-040,2,15.21,17.21
ORD-2023-034941,1,PROD-011,2,14.9,23.64
ORD-2023-034941,2,PROD-016,2,8.9,12.95
ORD-2023-034942,1,PROD-010,1,38.03,36.28
ORD-2023-034942,2,PROD-001,1,12.9,10.99
ORD-2023-034943,1,PROD-008,1,9.9,9.76
ORD-2023-034943,2,PROD-025,1,21.97,20.84
ORD-2023-034943,3,PROD-034,2,9.01,17.21
ORD-2023-034944,1,PROD-003,1,14.37,13.34
ORD-2023-034945,1,PROD-030,1,49.3,44.38
ORD-2023-034946,1,PROD-003,2,14.37,26.96
ORD-2023-034946,2,PROD-035,1,10.14,9.3
ORD-2023-034946,3,PROD-030,1,49.3,44.24
ORD-2023-034947,1,PROD-004,2,20.28,38.3
ORD-2023-034948,1,PROD-002,1,11.9,11.47
ORD-2023-034949,1,PROD-001,1,12.9,12.28
ORD-2023-034949,2,PROD-004,1,20.28,19.38
ORD-2023-034950,1,PROD-023,2,7.89,7.1
ORD-2023-034951,1,PROD-033,1,52.11,28.36
ORD-2023-034952,1,PROD-023,2,7.89,15.45
ORD-2023-034952,2,PROD-009,2,61.97,104.32
ORD-2023-034953,1,PROD-010,1,38.03,20.85
ORD-2023-034954,1,PROD-010,1,38.03,34.63
ORD-2023-034955,1,PROD-059,1,52.11,47.78
ORD-2023-034956,1,PROD-004,1,20.28,18.22
ORD-2023-034956,2,PROD-035,1,10.14,9.32
ORD-2023-034956,3,PROD-041,1,11.83,10.26
ORD-2023-034957,1,PROD-001,1,12.9,11.19
ORD-2023-034957,2,PROD-007,1,17.18,16.2
ORD-2023-034958,1,PROD-054,1,59.15,54.47
ORD-2023-034959,1,PROD-007,1,17.18,14.8
ORD-2023-034959,2,PROD-008,1,9.9,9.51
ORD-2023-034959,3,PROD-005,2,20.28,33.19
ORD-2023-034960,1,PROD-001,1,12.9,12.63
ORD-2023-034961,1,PROD-005,1,20.28,19.18
ORD-2023-034962,1,PROD-005,1,20.28,9.65
ORD-2023-034962,2,PROD-011,1,14.9,11.65
ORD-2023-034963,1,PROD-003,2,14.37,12.93
ORD-2023-034963,2,PROD-042,2,73.24,92.27
ORD-2023-034964,1,PROD-001,3,12.9,37.96
ORD-2023-034964,2,PROD-007,2,17.18,29.09
ORD-2023-034965,1,PROD-015,1,26.76,22.82
ORD-2023-034965,2,PROD-001,1,12.9,10.03
ORD-2023-034965,3,PROD-010,3,38.03,92.88
ORD-2023-034966,1,PROD-013,2,11.9,21.78
ORD-2023-034966,2,PROD-032,2,19.72,35.34
ORD-2023-034967,1,PROD-004,2,20.28,24.27
ORD-2023-034968,1,PROD-020,1,10.14,9.85
ORD-2023-034969,1,PROD-038,1,7.89,7.48
ORD-2023-034969,2,PROD-006,1,32.39,29.77
ORD-2023-034969,3,PROD-042,3,73.24,215.04
ORD-2023-034970,1,PROD-005,1,20.28,17.19
ORD-2023-034970,2,PROD-033,3,52.11,151.12
ORD-2023-034971,1,PROD-011,2,14.9,18.35
ORD-2023-034971,2,PROD-016,1,8.9,4.0
ORD-2023-034971,3,PROD-028,1,17.18,14.5
ORD-2023-034972,1,PROD-009,1,61.97,
ORD-2023-034972,2,PROD-032,1,19.72,18.11
ORD-2023-034972,3,PROD-041,2,11.83,
ORD-2023-034973,1,PROD-004,1,20.28,16.02
ORD-2023-034974,1,PROD-001,2,12.9,19.31
ORD-2023-034975,1,PROD-007,1,17.18,14.97
ORD-2023-034975,2,PROD-034,3,9.01,22.36
ORD-2023-034976,1,PROD-003,2,14.37,26.85
ORD-2023-034977,1,PROD-036,1,11.55,10.64
ORD-2023-034977,2,PROD-002,1,11.9,11.3
ORD-2023-034977,3,PROD-006,1,32.39,32.07
ORD-2023-034977,4,PROD-044,2,40.85,71.07
ORD-2023-034978,1,PROD-002,1,11.9,11.37
ORD-2023-034978,2,PROD-034,2,9.01,17.38
ORD-2023-034978,3,PROD-003,2,14.37,27.33
ORD-2023-034979,1,PROD-006,2,32.39,63.52
ORD-2023-034979,2,PROD-038,3,7.89,22.41
ORD-2023-034980,1,PROD-032,1,19.72,16.8
ORD-2023-034980,2,PROD-013,1,11.9,8.71
ORD-2023-034980,3,PROD-040,2,15.21,25.44
ORD-2023-034981,1,PROD-041,1,11.83,10.85
ORD-2023-034982,1,PROD-006,1,32.39,17.7
ORD-2023-034983,1,PROD-010,2,38.03,60.71
ORD-2023-034984,1,PROD-017,1,12.5,5.62
ORD-2023-034984,2,PROD-007,2,17.18,29.34
ORD-2023-034985,1,PROD-027,1,21.13,19.96
ORD-2023-034986,1,PROD-010,3,38.03,85.17
ORD-2023-034987,1,PROD-051,2,36.06,68.56
ORD-2023-034987,2,PROD-042,2,73.24,127.88
ORD-2023-034988,1,PROD-041,3,11.83,31.6
ORD-2023-034988,2,PROD-008,2,9.9,19.63
ORD-2023-034988,3,PROD-002,2,11.9,22.17
ORD-2023-034988,4,PROD-005,1,20.28,19.64
ORD-2023-034989,1,PROD-015,1,26.76,26.37
ORD-2023-034989,2,PROD-012,2,18.5,36.18
ORD-2023-034989,3,PROD-004,1,20.28,19.81
ORD-2023-034990,1,PROD-055,1,74.65,67.17
ORD-2023-034991,1,PROD-010,1,38.03,31.24
ORD-2023-034991,2,PROD-035,1,10.14,9.37
ORD-2023-034992,1,PROD-042,1,73.24,58.24
ORD-2023-034992,2,PROD-045,1,72.68,50.1
ORD-2023-034992,3,PROD-003,1,14.37,10.93
ORD-2023-034993,1,PROD-005,1,20.28,15.12
ORD-2023-034994,1,PROD-015,3,26.76,60.15
ORD-2023-034995,1,PROD-027,1,21.13,16.73
ORD-2023-034996,1,PROD-024,1,8.73,8.15
ORD-2023-034997,1,PROD-005,2,20.28,34.18
ORD-2023-034998,1,PROD-038,3,7.89,23.47
ORD-2023-034998,2,PROD-006,1,32.39,31.87
ORD-2023-034999,1,PROD-001,3,12.9,30.71
ORD-2023-035000,1,PROD-054,1,59.15,47.44
ORD-2023-035000,2,PROD-014,1,9.9,9.79
ORD-2023-035000,3,PROD-002,2,11.9,23.29
ORD-2023-035001,1,PROD-003,1,14.37,12.13
ORD-2023-035002,1,PROD-010,2,38.03,72.51
ORD-2023-035003,1,PROD-007,1,17.18,15.29
ORD-2023-035004,1,PROD-033,2,52.11,100.7
ORD-2023-035005,1,PROD-026,2,14.65,24.39
ORD-2023-035006,1,PROD-031,1,53.52,30.04
ORD-2023-035006,2,PROD-027,1,21.13,18.06
ORD-2023-035007,1,PROD-055,1,74.65,70.44
ORD-2023-035008,1,PROD-031,1,53.52,44.41
ORD-2023-035008,2,PROD-027,1,21.13,17.52
ORD-2023-035009,1,PROD-042,1,73.24,32.96
ORD-2023-035010,1,PROD-033,1,52.11,51.6
ORD-2023-035011,1,PROD-003,1,14.37,13.39
ORD-2023-035012,1,PROD-004,1,20.28,18.7
ORD-2023-035012,2,PROD-001,2,12.9,25.18
ORD-2023-035013,1,PROD-030,1,49.3,36.16
ORD-2023-035014,1,PROD-014,1,9.9,8.34
ORD-2023-035015,1,PROD-001,1,12.9,12.53
ORD-2023-035016,1,PROD-004,1,20.28,16.08
ORD-2023-035017,1,PROD-001,2,12.9,19.83
ORD-2023-035018,1,PROD-002,3,11.9,18.47
ORD-2023-035018,2,PROD-034,3,9.01,12.16
ORD-2023-035019,1,PROD-026,1,14.65,14.48
ORD-2023-035019,2,PROD-043,1,107.04,99.08
ORD-2023-035020,1,PROD-042,1,73.24,65.07
ORD-2023-035020,2,PROD-027,2,21.13,38.55
ORD-2023-035020,3,PROD-003,2,14.37,27.35
ORD-2023-035020,4,PROD-005,1,20.28,18.74
ORD-2023-035020,5,PROD-041,3,11.83,32.6
ORD-2023-035021,1,PROD-004,1,20.28,18.6
ORD-2023-035022,1,PROD-023,1,7.89,7.77
ORD-2023-035022,2,PROD-019,2,29.58,58.64
ORD-2023-035022,3,PROD-030,2,49.3,95.02
ORD-2023-035023,1,PROD-042,1,73.24,69.69
ORD-2023-035023,2,PROD-010,1,38.03,34.34
ORD-2023-035023,3,PROD-002,2,11.9,23.0
ORD-2023-035024,1,PROD-026,2,14.65,25.3
ORD-2023-035025,1,PROD-021,1,15.49,15.21
ORD-2023-035026,1,PROD-050,1,61.97,39.33
ORD-2023-035026,2,PROD-039,2,8.17,7.35
ORD-2023-035027,1,PROD-010,1,38.03,35.29
ORD-2023-035028,1,PROD-010,1,38.03,35.5
ORD-2023-035029,1,PROD-001,2,12.9,20.41
ORD-2023-035030,1,PROD-034,2,9.01,17.44
ORD-2023-035031,1,PROD-004,1,20.28,18.52
ORD-2023-035032,1,PROD-036,1,11.55,10.92
ORD-2023-035032,2,PROD-010,1,38.03,33.31
ORD-2023-035032,3,PROD-030,1,49.3,45.3
ORD-2023-035033,1,PROD-033,2,52.11,87.31
ORD-2023-035033,2,PROD-032,1,19.72,17.22
ORD-2023-035033,3,PROD-040,2,15.21,29.79
ORD-2023-035034,1,PROD-022,2,9.01,15.57
ORD-2023-035034,2,PROD-001,2,12.9,22.95
ORD-2023-035035,1,PROD-005,1,20.28,18.12
ORD-2023-035035,2,PROD-035,1,10.14,9.09
ORD-2023-035035,3,PROD-040,4,15.21,52.1
ORD-2023-035036,1,PROD-005,1,20.28,18.06
ORD-2023-035036,2,PROD-034,1,9.01,8.65
ORD-2023-035037,1,PROD-019,1,29.58,27.23
ORD-2023-035037,2,PROD-028,1,17.18,14.42
ORD-2023-035038,1,PROD-051,1,36.06,34.71
ORD-2023-035038,2,PROD-010,2,38.03,67.39
ORD-2023-035039,1,PROD-014,1,9.9,9.15
ORD-2023-035039,2,PROD-054,1,59.15,57.13
ORD-2023-035040,1,PROD-002,1,11.9,10.64
ORD-2023-035041,1,PROD-039,1,8.17,5.98
ORD-2023-035041,2,PROD-001,1,12.9,10.54
ORD-2023-035041,3,PROD-029,1,24.79,15.3
ORD-2023-035042,1,PROD-010,1,38.03,30.26
ORD-2023-035043,1,PROD-001,2,12.9,23.34
ORD-2023-035043,2,PROD-054,1,59.15,30.23
ORD-2023-035044,1,PROD-023,1,7.89,4.36
ORD-2023-035044,2,PROD-002,2,11.9,20.51
ORD-2023-035045,1,PROD-037,1,9.86,5.75
ORD-2023-035046,1,PROD-021,1,15.49,14.94
ORD-2023-035046,2,PROD-012,2,18.5,33.2
ORD-2023-035046,3,PROD-034,2,9.01,17.56
ORD-2023-035047,1,PROD-001,1,12.9,9.57
ORD-2023-035048,1,PROD-059,1,52.11,46.6
ORD-2023-035049,1,PROD-011,1,14.9,12.69
ORD-2023-035049,2,PROD-045,1,72.68,66.35
ORD-2023-035050,1,PROD-001,2,12.9,24.32
ORD-2023-035050,2,PROD-051,1,36.06,33.23
ORD-2023-035051,1,PROD-006,1,32.39,30.78
ORD-2023-035051,2,PROD-038,2,7.89,15.59
ORD-2023-035052,1,PROD-010,1,38.03,36.95
ORD-2023-035052,2,PROD-034,2,9.01,17.51
ORD-2023-035052,3,PROD-006,2,32.39,63.83
ORD-2023-035053,1,PROD-006,1,32.39,26.67
ORD-2023-035054,1,PROD-015,2,26.76,36.74
ORD-2023-035055,1,PROD-036,2,11.55,20.1
ORD-2023-035055,2,PROD-003,2,14.37,27.51
ORD-2023-035055,3,PROD-005,3,20.28,60.58
ORD-2023-035056,1,PROD-005,1,20.28,18.09
ORD-2023-035057,1,PROD-023,1,7.89,5.29
ORD-2023-035058,1,PROD-019,1,29.58,25.0
ORD-2023-035058,2,PROD-042,1,73.24,58.02
ORD-2023-035059,1,PROD-006,1,32.39,30.46
ORD-2023-035059,2,PROD-055,1,74.65,61.22
ORD-2023-035060,1,PROD-029,1,24.79,24.39
ORD-2023-035060,2,PROD-030,1,49.3,45.36
ORD-2023-035060,3,PROD-005,3,20.28,59.31
ORD-2023-035061,1,PROD-060,1,42.25,24.71
ORD-2023-035062,1,PROD-005,1,20.28,14.98
ORD-2023-035062,2,PROD-023,1,7.89,3.55
ORD-2023-035063,1,PROD-001,2,12.9,23.46
ORD-2023-035064,1,PROD-006,2,32.39,60.55
ORD-2023-035065,1,PROD-001,1,12.9,12.49
ORD-2023-035066,1,PROD-003,2,14.37,25.97
ORD-2023-035066,2,PROD-019,2,29.58,56.41
ORD-2023-035066,3,PROD-010,1,38.03,31.72
ORD-2023-035067,1,PROD-023,1,7.89,6.52
ORD-2023-035067,2,PROD-045,1,72.68,54.52
ORD-2023-035068,1,PROD-030,1,49.3,39.18
ORD-2023-035069,1,PROD-031,1,53.52,51.74
ORD-2023-035070,1,PROD-003,1,14.37,13.64
ORD-2023-035070,2,PROD-035,1,10.14,9.43
ORD-2023-035070,3,PROD-019,2,29.58,53.05
ORD-2023-035071,1,PROD-006,1,32.39,28.21
ORD-2023-035072,1,PROD-030,1,49.3,35.74
ORD-2023-035073,1,PROD-012,1,18.5,17.88
ORD-2023-035073,2,PROD-004,1,20.28,19.19
ORD-2023-035073,3,PROD-010,1,38.03,34.36
ORD-2023-035074,1,PROD-025,1,21.97,21.24
ORD-2023-035075,1,PROD-052,1,46.48,39.02
ORD-2023-035076,1,PROD-006,2,32.39,58.2
ORD-2023-035077,1,PROD-017,1,12.5,5.62
ORD-2023-035077,2,PROD-056,1,101.41,84.03
ORD-2023-035078,1,PROD-019,1,29.58,24.05
ORD-2023-035079,1,PROD-010,1,38.03,36.61
ORD-2023-035079,2,PROD-035,4,10.14,30.48
ORD-2023-035079,3,PROD-004,1,20.28,15.95
ORD-2023-035080,1,PROD-032,2,19.72,39.23
ORD-2023-035080,2,PROD-013,1,11.9,11.58
ORD-2023-035081,1,PROD-002,2,11.9,10.71
ORD-2023-035081,2,PROD-008,2,9.9,15.14
ORD-2023-035082,1,PROD-060,1,42.25,30.31
ORD-2023-035083,1,PROD-003,1,14.37,13.57
ORD-2023-035083,2,PROD-005,1,20.28,18.5
ORD-2023-035084,1,PROD-032,1,19.72,11.35
ORD-2023-035085,1,PROD-001,1,12.9,12.42
ORD-2023-035085,2,PROD-002,1,11.9,10.81
ORD-2023-035085,3,PROD-003,3,14.37,35.61
ORD-2023-035086,1,PROD-036,1,11.55,9.88
ORD-2023-035086,2,PROD-004,2,20.28,39.57
ORD-2023-035086,3,PROD-006,1,32.39,28.72
ORD-2023-035087,1,PROD-005,3,20.28,60.73
ORD-2023-035087,2,PROD-054,1,59.15,55.39
ORD-2023-035088,1,PROD-004,2,20.28,24.13
ORD-2023-035088,2,PROD-049,1,80.28,57.05
ORD-2023-035089,1,PROD-019,3,29.58,86.38
ORD-2023-035089,2,PROD-032,1,19.72,19.34
ORD-2023-035089,3,PROD-011,2,14.9,28.97
ORD-2023-035090,1,PROD-008,2,9.9,19.23
ORD-2023-035091,1,PROD-036,3,11.55,30.01
ORD-2023-035092,1,PROD-005,2,20.28,33.69
ORD-2023-035093,1,PROD-056,1,101.41,45.63
ORD-2023-035093,2,PROD-035,4,10.14,37.67
ORD-2023-035094,1,PROD-051,1,36.06,24.56
ORD-2023-035094,2,PROD-001,2,12.9,23.33
ORD-2023-035094,3,PROD-035,1,10.14,9.15
ORD-2023-035095,1,PROD-001,2,12.9,24.2
ORD-2023-035095,2,PROD-034,1,9.01,8.68
ORD-2023-035096,1,PROD-008,1,9.9,9.83
ORD-2023-035097,1,PROD-019,1,29.58,27.64
ORD-2023-035097,2,PROD-032,1,19.72,19.4
ORD-2023-035097,3,PROD-029,1,24.79,24.54
ORD-2023-035097,4,PROD-048,1,55.77,54.37
ORD-2023-035098,1,PROD-004,1,20.28,18.77
ORD-2023-035099,1,PROD-003,1,14.37,12.34
ORD-2023-035099,2,PROD-005,3,20.28,59.57
ORD-2023-035099,3,PROD-007,1,17.18,13.17
ORD-2023-035100,1,PROD-004,1,20.28,19.43
ORD-2023-035101,1,PROD-001,1,12.9,11.0
ORD-2023-035102,1,PROD-017,1,12.5,9.89
ORD-2023-035103,1,PROD-005,1,20.28,18.62
ORD-2023-035104,1,PROD-021,2,15.49,26.34
ORD-2023-035104,2,PROD-031,2,53.52,96.42
ORD-2023-035105,1,PROD-004,2,20.28,38.63
ORD-2023-035106,1,PROD-010,1,38.03,34.45
ORD-2023-035107,1,PROD-001,1,12.9,11.72
ORD-2023-035107,2,PROD-030,1,49.3,41.21
ORD-2023-035108,1,PROD-042,4,73.24,280.1
ORD-2023-035108,2,PROD-007,1,17.18,16.72
ORD-2023-035108,3,PROD-035,1,10.14,9.85
ORD-2023-035109,1,PROD-010,3,38.03,111.77
ORD-2023-035110,1,PROD-010,3,38.03,111.15
ORD-2023-035110,2,PROD-008,1,9.9,9.3
ORD-2023-035110,3,PROD-036,4,11.55,44.81
ORD-2023-035111,1,PROD-006,2,32.39,48.76
ORD-2023-035111,2,PROD-058,1,39.44,31.58
ORD-2023-035111,3,PROD-034,1,9.01,6.6
ORD-2023-035111,4,PROD-035,1,10.14,7.86
ORD-2023-035112,1,PROD-005,1,20.28,16.45
ORD-2023-035113,1,PROD-026,2,14.65,24.3
ORD-2023-035114,1,PROD-001,3,12.9,36.82
ORD-2023-035114,2,PROD-037,2,9.86,16.59
ORD-2023-035115,1,PROD-005,3,20.28,57.2
ORD-2023-035115,2,PROD-008,2,9.9,19.07
ORD-2023-035115,3,PROD-003,2,14.37,28.11
ORD-2023-035116,1,PROD-007,1,17.18,14.49
ORD-2023-035116,2,PROD-035,1,10.14,8.65
ORD-2023-035117,1,PROD-021,2,15.49,29.05
ORD-2023-035117,2,PROD-004,1,20.28,20.25
ORD-2023-035117,3,PROD-009,1,61.97,60.02
ORD-2023-035118,1,PROD-034,2,9.01,13.1
ORD-2023-035119,1,PROD-055,1,74.65,56.74
ORD-2023-035120,1,PROD-006,2,32.39,51.77
ORD-2023-035120,2,PROD-012,1,18.5,14.6
ORD-2023-035120,3,PROD-028,1,17.18,16.06
ORD-2023-035121,1,PROD-045,1,72.68,67.05
ORD-2023-035122,1,PROD-006,1,32.39,20.04
ORD-2023-035123,1,PROD-010,2,38.03,73.41
ORD-2023-035123,2,PROD-004,1,20.28,17.9
ORD-2023-035124,1,PROD-027,1,21.13,19.35
ORD-2023-035125,1,PROD-031,2,53.52,104.55
ORD-2023-035126,1,PROD-039,1,8.17,3.68
ORD-2023-035126,2,PROD-019,2,29.58,43.22
ORD-2023-035127,1,PROD-004,2,20.28,37.75
ORD-2023-035127,2,PROD-002,3,11.9,31.39
ORD-2023-035128,1,PROD-007,2,17.18,32.44
ORD-2023-035128,2,PROD-010,1,38.03,35.51
ORD-2023-035129,1,PROD-004,1,20.28,17.52
ORD-2023-035129,2,PROD-005,2,20.28,36.65
ORD-2023-035129,3,PROD-042,2,73.24,127.34
ORD-2023-035130,1,PROD-004,2,20.28,38.71
ORD-2023-035131,1,PROD-021,2,15.49,29.8
ORD-2023-035132,1,PROD-006,1,32.39,30.17
ORD-2023-035132,2,PROD-034,2,9.01,16.29
ORD-2023-035133,1,PROD-006,2,32.39,63.59
ORD-2023-035134,1,PROD-001,1,12.9,12.64
ORD-2023-035134,2,PROD-014,2,9.9,19.0
ORD-2023-035135,1,PROD-044,1,40.85,35.82
ORD-2023-035136,1,PROD-003,3,14.37,36.14
ORD-2023-035137,1,PROD-032,1,19.72,19.46
ORD-2023-035138,1,PROD-002,1,11.9,10.02
ORD-2023-035138,2,PROD-030,1,49.3,42.26
ORD-2023-035139,1,PROD-004,1,20.28,10.13
ORD-2023-035139,2,PROD-028,1,17.18,12.93
ORD-2023-035139,3,PROD-014,2,9.9,8.91
ORD-2023-035140,1,PROD-042,1,73.24,35.89
ORD-2023-035140,2,PROD-014,1,9.9,8.43
ORD-2023-035141,1,PROD-038,2,7.89,13.09
ORD-2023-035141,2,PROD-006,1,32.39,28.83
ORD-2023-035142,1,PROD-006,1,32.39,30.16
ORD-2023-035142,2,PROD-007,2,17.18,32.01
ORD-2023-035143,1,PROD-021,1,15.49,13.9
ORD-2023-035143,2,PROD-056,1,101.41,61.99
ORD-2023-035143,3,PROD-005,2,20.28,34.16
ORD-2023-035144,1,PROD-056,1,101.41,98.78
ORD-2023-035145,1,PROD-035,3,10.14,27.23
ORD-2023-035146,1,PROD-006,1,32.39,30.37
ORD-2023-035147,1,PROD-003,1,14.37,12.58
ORD-2023-035147,2,PROD-019,2,29.58,54.63
ORD-2023-035147,3,PROD-002,1,11.9,11.82
ORD-2023-035148,1,PROD-029,2,24.79,40.89
ORD-2023-035148,2,PROD-026,1,14.65,8.22
ORD-2023-035149,1,PROD-024,1,8.73,5.85
ORD-2023-035149,2,PROD-027,1,21.13,15.25
ORD-2023-035149,3,PROD-051,1,36.06,26.43
ORD-2023-035150,1,PROD-005,1,20.28,18.95
ORD-2023-035151,1,PROD-031,1,53.52,33.87
ORD-2023-035151,2,PROD-022,1,9.01,7.34
ORD-2023-035152,1,PROD-055,1,74.65,43.19
ORD-2023-035153,1,PROD-005,2,20.28,39.49
ORD-2023-035154,1,PROD-005,2,20.28,37.95
ORD-2023-035155,1,PROD-005,1,20.28,19.65
ORD-2023-035155,2,PROD-043,2,107.04,202.86
ORD-2023-035156,1,PROD-005,2,20.28,32.27
ORD-2023-035156,2,PROD-010,1,38.03,35.79
ORD-2023-035157,1,PROD-038,1,7.89,6.94
ORD-2023-035158,1,PROD-036,1,11.55,10.97
ORD-2023-035159,1,PROD-010,2,38.03,65.48
ORD-2023-035159,2,PROD-022,1,9.01,7.93
ORD-2023-035160,1,PROD-007,1,17.18,16.9
ORD-2023-035160,2,PROD-056,1,101.41,96.24
ORD-2023-035160,3,PROD-030,2,49.3,97.03
ORD-2023-035161,1,PROD-013,1,11.9,8.58
ORD-2023-035162,1,PROD-007,1,17.18,16.96
ORD-2023-035162,2,PROD-001,3,12.9,37.6
ORD-2023-035162,3,PROD-038,1,7.89,7.74
ORD-2023-035163,1,PROD-041,3,11.83,34.96
ORD-2023-035164,1,PROD-010,1,38.03,37.39
ORD-2023-035165,1,PROD-037,1,9.86,9.72
ORD-2023-035166,1,PROD-031,1,53.52,25.96
ORD-2023-035167,1,PROD-030,1,49.3,47.62
ORD-2023-035168,1,PROD-037,2,9.86,16.94
ORD-2023-035169,1,PROD-030,1,49.3,40.52
ORD-2023-035169,2,PROD-031,2,53.52,98.59
ORD-2023-035170,1,PROD-032,1,19.72,19.51
ORD-2023-035170,2,PROD-031,2,53.52,98.56
ORD-2023-035170,3,PROD-051,1,36.06,32.84
ORD-2023-035171,1,PROD-010,2,38.03,73.56
ORD-2023-035172,1,PROD-026,2,14.65,29.16
ORD-2023-035173,1,PROD-054,1,59.15,55.02
ORD-2023-035174,1,PROD-026,1,14.65,10.73
ORD-2023-035175,1,PROD-055,1,74.65,59.3
ORD-2023-035176,1,PROD-003,2,14.37,23.45
ORD-2023-035177,1,PROD-042,1,73.24,36.64
ORD-2023-035178,1,PROD-015,2,26.76,38.58
ORD-2023-035179,1,PROD-045,2,72.68,125.27
ORD-2023-035179,2,PROD-038,1,7.89,3.95
ORD-2023-035180,1,PROD-027,1,21.13,19.82
ORD-2023-035180,2,PROD-004,1,20.28,19.97
ORD-2023-035181,1,PROD-028,1,17.18,9.77
ORD-2023-035181,2,PROD-027,1,21.13,15.68
ORD-2023-035182,1,PROD-005,2,20.28,39.83
ORD-2023-035182,2,PROD-051,1,36.06,33.81
ORD-2023-035183,1,PROD-029,1,24.79,11.16
ORD-2023-035184,1,PROD-038,3,7.89,22.25
ORD-2023-035184,2,PROD-001,1,12.9,12.04
ORD-2023-035185,1,PROD-005,1,20.28,18.94
ORD-2023-035186,1,PROD-049,1,80.28,68.49
ORD-2023-035186,2,PROD-005,2,20.28,37.27
ORD-2023-035187,1,PROD-054,1,59.15,58.54
ORD-2023-035188,1,PROD-042,1,73.24,61.57
ORD-2023-035189,1,PROD-010,1,38.03,35.03
ORD-2023-035190,1,PROD-001,2,12.9,24.69
ORD-2023-035191,1,PROD-007,1,17.18,7.99
ORD-2023-035191,2,PROD-051,1,36.06,31.55
ORD-2023-035191,3,PROD-002,1,11.9,8.88
ORD-2023-035191,4,PROD-008,2,9.9,17.16
ORD-2023-035192,1,PROD-020,1,10.14,9.6
ORD-2023-035193,1,PROD-041,1,11.83,10.69
ORD-2023-035193,2,PROD-010,1,38.03,34.3
ORD-2023-035194,1,PROD-007,1,17.18,14.04
ORD-2023-035194,2,PROD-008,1,9.9,5.85
ORD-2023-035195,1,PROD-014,1,9.9,9.41
ORD-2023-035196,1,PROD-010,1,38.03,30.1
ORD-2023-035196,2,PROD-007,1,17.18,10.41
ORD-2023-035197,1,PROD-006,1,32.39,29.69
ORD-2023-035198,1,PROD-010,1,38.03,37.33
ORD-2023-035199,1,PROD-031,1,53.52,35.08
ORD-2023-035199,2,PROD-043,4,107.04,368.95
ORD-2023-035200,1,PROD-001,2,12.9,23.15
ORD-2023-035201,1,PROD-011,2,14.9,29.61
ORD-2023-035201,2,PROD-042,2,73.24,145.32
ORD-2023-035201,3,PROD-001,1,12.9,12.61
ORD-2023-035202,1,PROD-024,1,8.73,7.93
ORD-2023-035203,1,PROD-034,1,9.01,8.75
ORD-2023-035204,1,PROD-037,3,9.86,19.82
ORD-2023-035204,2,PROD-004,2,20.28,37.99
ORD-2023-035204,3,PROD-005,1,20.28,14.22
ORD-2023-035205,1,PROD-001,2,12.9,20.84
ORD-2023-035205,2,PROD-007,1,17.18,14.22
ORD-2023-035206,1,PROD-042,4,73.24,145.78
ORD-2023-035207,1,PROD-060,1,42.25,34.02
ORD-2023-035208,1,PROD-045,1,72.68,71.92
ORD-2023-035209,1,PROD-028,1,17.18,12.34
ORD-2023-035210,1,PROD-001,1,12.9,10.87
ORD-2023-035211,1,PROD-030,1,49.3,46.14
ORD-2023-035212,1,PROD-021,1,15.49,12.22
ORD-2023-035212,2,PROD-009,1,61.97,48.58
ORD-2023-035212,3,PROD-022,1,9.01,7.47
ORD-2023-035213,1,PROD-005,2,20.28,35.3
ORD-2023-035214,1,PROD-006,1,32.39,24.03
ORD-2023-035214,2,PROD-029,2,24.79,40.24
ORD-2023-035214,3,PROD-035,2,10.14,18.68
ORD-2023-035215,1,PROD-050,1,61.97,48.07
ORD-2023-035216,1,PROD-005,2,20.28,20.35
ORD-2023-035216,2,PROD-034,1,9.01,6.91
ORD-2023-035217,1,PROD-006,1,32.39,29.91
ORD-2023-035217,2,PROD-034,1,9.01,7.05
ORD-2023-035217,3,PROD-032,1,19.72,16.08
ORD-2023-035218,1,PROD-006,1,32.39,26.52
ORD-2023-035218,2,PROD-019,3,29.58,59.5
ORD-2023-035219,1,PROD-040,1,15.21,14.66
ORD-2023-035220,1,PROD-023,1,7.89,5.53
ORD-2023-035220,2,PROD-006,2,32.39,62.38
ORD-2023-035221,1,PROD-048,1,55.77,51.35
ORD-2023-035221,2,PROD-004,1,20.28,18.9
ORD-2023-035221,3,PROD-005,1,20.28,16.47
ORD-2023-035222,1,PROD-008,3,9.9,29.42
ORD-2023-035223,1,PROD-008,1,9.9,9.83
ORD-2023-035224,1,PROD-017,1,12.5,12.09
ORD-2023-035225,1,PROD-015,1,26.76,21.87
ORD-2023-035226,1,PROD-010,2,38.03,69.37
ORD-2023-035227,1,PROD-012,2,18.5,34.1
ORD-2023-035228,1,PROD-036,3,11.55,29.87
ORD-2023-035228,2,PROD-008,1,9.9,7.51
ORD-2023-035228,3,PROD-012,3,18.5,46.75
ORD-2023-035228,4,PROD-010,1,38.03,30.62
ORD-2023-035228,5,PROD-001,1,12.9,7.02
ORD-2023-035229,1,PROD-051,1,36.06,28.22
ORD-2023-035229,2,PROD-007,1,17.18,15.28
ORD-2023-035230,1,PROD-030,1,49.3,35.47
ORD-2023-035230,2,PROD-001,2,12.9,16.1
ORD-2023-035230,3,PROD-002,3,11.9,32.55
ORD-2023-035231,1,PROD-006,1,32.39,29.11
ORD-2023-035232,1,PROD-042,1,73.24,69.04
ORD-2023-035232,2,PROD-033,2,52.11,100.86
ORD-2023-035233,1,PROD-031,1,53.52,53.37
ORD-2023-035234,1,PROD-002,1,11.9,9.9
ORD-2023-035235,1,PROD-038,2,7.89,14.73
ORD-2023-035236,1,PROD-019,2,29.58,51.22
ORD-2023-035236,2,PROD-038,1,7.89,6.5
ORD-2023-035237,1,PROD-049,1,80.28,66.69
ORD-2023-035237,2,PROD-015,1,26.76,22.41
ORD-2023-035238,1,PROD-010,2,38.03,72.76
ORD-2023-035239,1,PROD-038,3,7.89,23.53
ORD-2023-035239,2,PROD-004,1,20.28,19.29
ORD-2023-035240,1,PROD-006,2,32.39,64.24
ORD-2023-035240,2,PROD-001,2,12.9,23.82
ORD-2023-035241,1,PROD-001,2,12.9,24.7
ORD-2023-035242,1,PROD-055,1,74.65,55.86
ORD-2023-035243,1,PROD-029,1,24.79,11.16
ORD-2023-035244,1,PROD-014,1,9.9,9.42
ORD-2023-035245,1,PROD-038,1,7.89,7.43
ORD-2023-035246,1,PROD-003,1,14.37,12.49
ORD-2023-035247,1,PROD-005,3,20.28,56.05
ORD-2023-035248,1,PROD-008,1,9.9,4.63
ORD-2023-035248,2,PROD-036,3,11.55,23.2
ORD-2023-035248,3,PROD-042,1,73.24,46.19
ORD-2023-035249,1,PROD-031,1,53.52,47.6
ORD-2023-035249,2,PROD-004,1,20.28,19.87
ORD-2023-035250,1,PROD-040,1,15.21,12.98
ORD-2023-035250,2,PROD-001,2,12.9,23.6
ORD-2023-035251,1,PROD-019,3,29.58,88.32
ORD-2023-035252,1,PROD-017,1,12.5,11.29
ORD-2023-035252,2,PROD-016,2,8.9,15.06
ORD-2023-035252,3,PROD-001,1,12.9,11.75
ORD-2023-035253,1,PROD-026,1,14.65,11.83
ORD-2023-035253,2,PROD-003,2,14.37,26.84
ORD-2023-035254,1,PROD-042,2,73.24,144.81
ORD-2023-035254,2,PROD-013,1,11.9,11.64
ORD-2023-035255,1,PROD-003,1,14.37,13.8
ORD-2023-035256,1,PROD-056,1,101.41,82.83
ORD-2023-035257,1,PROD-006,1,32.39,24.94
ORD-2023-035257,2,PROD-030,2,49.3,91.54
ORD-2023-035258,1,PROD-001,1,12.9,12.37
ORD-2023-035258,2,PROD-034,2,9.01,17.17
ORD-2023-035258,3,PROD-035,2,10.14,17.34
ORD-2023-035258,4,PROD-041,1,11.83,10.08
ORD-2023-035258,5,PROD-027,1,21.13,19.0
ORD-2023-035259,1,PROD-019,2,29.58,51.55
ORD-2023-035259,2,PROD-011,2,14.9,24.17
ORD-2023-035259,3,PROD-044,1,40.85,38.5
ORD-2023-035259,4,PROD-042,3,73.24,170.35
ORD-2023-035260,1,PROD-050,1,61.97,53.98
ORD-2023-035260,2,PROD-012,1,18.5,15.35
ORD-2023-035261,1,PROD-005,3,20.28,42.42
ORD-2023-035262,1,PROD-006,2,32.39,58.55
ORD-2023-035262,2,PROD-020,1,10.14,8.75
ORD-2023-035262,3,PROD-003,2,14.37,24.03
ORD-2023-035263,1,PROD-010,2,38.03,70.82
ORD-2023-035263,2,PROD-036,1,11.55,11.1
ORD-2023-035264,1,PROD-001,1,12.9,11.71
ORD-2023-035264,2,PROD-012,2,18.5,32.7
ORD-2023-035265,1,PROD-006,2,32.39,55.32
ORD-2023-035266,1,PROD-005,1,20.28,17.46
ORD-2023-035266,2,PROD-026,1,14.65,12.11
ORD-2023-035267,1,PROD-001,3,12.9,32.34
ORD-2023-035267,2,PROD-032,2,19.72,32.29
ORD-2023-035268,1,PROD-004,2,20.28,32.33
ORD-2023-035268,2,PROD-032,3,19.72,46.42
ORD-2023-035268,3,PROD-046,1,259.15,222.69
ORD-2023-035269,1,PROD-007,1,17.18,16.52
ORD-2023-035269,2,PROD-001,2,12.9,15.3
ORD-2023-035270,1,PROD-028,1,17.18,15.53
ORD-2023-035270,2,PROD-007,1,17.18,14.84
ORD-2023-035270,3,PROD-035,4,10.14,35.78
ORD-2023-035270,4,PROD-020,1,10.14,9.9
ORD-2023-035271,1,PROD-001,2,12.9,18.73
ORD-2023-035271,2,PROD-039,2,8.17,14.53
ORD-2023-035271,3,PROD-036,1,11.55,10.07
ORD-2023-035272,1,PROD-026,2,14.65,19.38
ORD-2023-035273,1,PROD-002,1,11.9,11.43
ORD-2023-035273,2,PROD-019,1,29.58,27.33
ORD-2023-035273,3,PROD-032,1,19.72,18.78
ORD-2023-035273,4,PROD-034,2,9.01,17.45
ORD-2023-035273,5,PROD-041,2,11.83,23.52
ORD-2023-035274,1,PROD-018,1,50.7,41.24
ORD-2023-035275,1,PROD-001,1,12.9,10.46
ORD-2023-035276,1,PROD-006,1,32.39,29.38
ORD-2023-035276,2,PROD-033,4,52.11,134.05
ORD-2023-035276,3,PROD-005,2,20.28,35.72
ORD-2023-035277,1,PROD-040,1,15.21,11.11
ORD-2023-035278,1,PROD-003,1,14.37,13.32
ORD-2023-035278,2,PROD-024,1,8.73,8.12
ORD-2023-035278,3,PROD-053,1,53.52,50.07
ORD-2023-035278,4,PROD-010,2,38.03,66.4
ORD-2023-035279,1,PROD-006,1,32.39,27.33
ORD-2023-035280,1,PROD-002,3,11.9,31.42
ORD-2023-035281,1,PROD-042,1,73.24,69.03
ORD-2023-035281,2,PROD-060,1,42.25,39.53
ORD-2023-035282,1,PROD-002,1,11.9,10.03
ORD-2023-035283,1,PROD-026,1,14.65,13.42
ORD-2023-035284,1,PROD-005,1,20.28,17.92
ORD-2023-035285,1,PROD-013,3,11.9,16.07
ORD-2023-035286,1,PROD-034,1,9.01,5.96
ORD-2023-035286,2,PROD-003,1,14.37,11.25
ORD-2023-035287,1,PROD-056,1,101.41,69.36
ORD-2023-035288,1,PROD-040,3,15.21,44.96
ORD-2023-035289,1,PROD-020,1,10.14,8.95
ORD-2023-035290,1,PROD-035,3,10.14,20.66
ORD-2023-035290,2,PROD-032,4,19.72,60.84
ORD-2023-035291,1,PROD-039,1,8.17,7.88
ORD-2023-035291,2,PROD-010,1,38.03,35.44
ORD-2023-035292,1,PROD-002,2,11.9,19.67
ORD-2023-035293,1,PROD-034,3,9.01,23.13
ORD-2023-035294,1,PROD-003,2,14.37,28.22
ORD-2023-035295,1,PROD-002,2,11.9,22.66
ORD-2023-035296,1,PROD-010,1,38.03,28.34
ORD-2023-035296,2,PROD-001,1,12.9,10.07
ORD-2023-035296,3,PROD-035,3,10.14,25.93
ORD-2023-035297,1,PROD-046,1,259.15,246.63
ORD-2023-035297,2,PROD-036,3,11.55,33.57
ORD-2023-035298,1,PROD-021,2,15.49,29.82
ORD-2023-035298,2,PROD-034,1,9.01,8.23
ORD-2023-035298,3,PROD-005,3,20.28,59.38
ORD-2023-035299,1,PROD-034,1,9.01,8.53
ORD-2023-035300,1,PROD-058,1,39.44,17.75
ORD-2023-035301,1,PROD-027,2,21.13,34.61
ORD-2023-035302,1,PROD-003,1,14.37,13.65
ORD-2023-035303,1,PROD-003,2,14.37,27.66
ORD-2023-035304,1,PROD-013,3,11.9,30.99
ORD-2023-035304,2,PROD-040,2,15.21,20.34
ORD-2023-035305,1,PROD-041,1,11.83,5.32
ORD-2023-035306,1,PROD-011,1,14.9,11.45
ORD-2023-035307,1,PROD-052,1,46.48,42.7
ORD-2023-035308,1,PROD-017,1,12.5,10.49
ORD-2023-035309,1,PROD-058,1,39.44,34.27
ORD-2023-035310,1,PROD-019,1,29.58,22.23
ORD-2023-035311,1,PROD-056,1,101.41,78.85
ORD-2023-035312,1,PROD-006,1,32.39,28.46
ORD-2023-035313,1,PROD-039,1,8.17,6.79
ORD-2023-035314,1,PROD-006,1,32.39,31.39
ORD-2023-035315,1,PROD-027,1,21.13,17.41
ORD-2023-035315,2,PROD-006,2,32.39,45.65
ORD-2023-035316,1,PROD-010,1,38.03,36.7
ORD-2023-035317,1,PROD-010,1,38.03,35.79
ORD-2023-035318,1,PROD-001,2,12.9,22.97
ORD-2023-035319,1,PROD-010,2,38.03,34.23
ORD-2023-035319,2,PROD-034,3,9.01,15.41
ORD-2023-035320,1,PROD-052,2,46.48,88.24
ORD-2023-035320,2,PROD-009,1,61.97,51.22
ORD-2023-035321,1,PROD-002,1,11.9,11.1
ORD-2023-035322,1,PROD-030,1,49.3,45.67
ORD-2023-035323,1,PROD-030,1,49.3,48.05
ORD-2023-035324,1,PROD-006,2,32.39,60.93
ORD-2023-035324,2,PROD-035,1,10.14,9.15
ORD-2023-035324,3,PROD-001,1,12.9,11.96
ORD-2023-035325,1,PROD-033,1,52.11,39.76
ORD-2023-035326,1,PROD-010,1,38.03,32.39
ORD-2023-035326,2,PROD-035,2,10.14,15.57
ORD-2023-035327,1,PROD-029,1,24.79,21.45
ORD-2023-035328,1,PROD-007,1,17.18,15.78
ORD-2023-035329,1,PROD-010,1,38.03,36.86
ORD-2023-035329,2,PROD-034,2,9.01,17.38
ORD-2023-035330,1,PROD-010,1,38.03,37.45
ORD-2023-035331,1,PROD-002,1,11.9,9.36
ORD-2023-035331,2,PROD-004,1,20.28,19.52
ORD-2023-035332,1,PROD-025,1,21.97,19.89
ORD-2023-035333,1,PROD-053,1,53.52,50.89
ORD-2023-035334,1,PROD-006,1,32.39,31.19
ORD-2023-035334,2,PROD-010,3,38.03,112.78
ORD-2023-035334,3,PROD-050,1,61.97,54.92
ORD-2023-035335,1,PROD-048,1,55.77,49.71
ORD-2023-035336,1,PROD-002,3,11.9,31.62
ORD-2023-035337,1,PROD-059,1,52.11,43.49
ORD-2023-035338,1,PROD-029,1,24.79,23.15
ORD-2023-035339,1,PROD-041,2,11.83,22.83
ORD-2023-035340,1,PROD-005,2,20.28,36.08
ORD-2023-035340,2,PROD-004,3,20.28,56.4
ORD-2023-035340,3,PROD-010,3,38.03,104.67
ORD-2023-035341,1,PROD-013,1,11.9,7.24
ORD-2023-035341,2,PROD-031,1,53.52,42.7
ORD-2023-035341,3,PROD-010,2,38.03,62.6
ORD-2023-035342,1,PROD-002,3,11.9,35.26
ORD-2023-035342,2,PROD-024,2,8.73,7.86
ORD-2023-035343,1,PROD-020,2,10.14,16.12
ORD-2023-035344,1,PROD-039,1,8.17,7.1
ORD-2023-035345,1,PROD-002,3,11.9,30.68
ORD-2023-035345,2,PROD-056,1,101.41,45.63
ORD-2023-035346,1,PROD-056,1,101.41,67.94
ORD-2023-035347,1,PROD-004,2,20.28,35.28
ORD-2023-035348,1,PROD-032,1,19.72,11.98
ORD-2023-035349,1,PROD-005,2,20.28,37.73
ORD-2023-035349,2,PROD-031,1,53.52,47.86
ORD-2023-035350,1,PROD-005,1,20.28,11.97
ORD-2023-035350,2,PROD-028,1,17.18,10.99
ORD-2023-035351,1,PROD-030,1,49.3,49.02
ORD-2023-035351,2,PROD-029,2,24.79,40.7
ORD-2023-035352,1,PROD-038,1,7.89,7.56
ORD-2023-035352,2,PROD-019,1,29.58,23.53
ORD-2023-035352,3,PROD-017,1,12.5,11.18
ORD-2023-035353,1,PROD-006,2,32.39,58.52
ORD-2023-035354,1,PROD-012,2,18.5,32.12
ORD-2023-035355,1,PROD-041,1,11.83,11.11
ORD-2023-035356,1,PROD-019,1,29.58,23.07
ORD-2023-035356,2,PROD-045,1,72.68,66.47
ORD-2023-035356,3,PROD-026,1,14.65,10.62
ORD-2023-035356,4,PROD-035,3,10.14,24.49
ORD-2023-035357,1,PROD-010,2,38.03,72.99
ORD-2023-035358,1,PROD-042,2,73.24,71.2
ORD-2023-035358,2,PROD-041,2,11.83,23.15
ORD-2023-035359,1,PROD-031,2,53.52,48.17
ORD-2023-035359,2,PROD-012,2,18.5,26.85
ORD-2023-035360,1,PROD-002,2,11.9,20.24
ORD-2023-035361,1,PROD-055,1,74.65,54.83
ORD-2023-035362,1,PROD-004,1,20.28,19.82
ORD-2023-035363,1,PROD-006,3,32.39,95.55
ORD-2023-035364,1,PROD-048,1,55.77,38.3
ORD-2023-035365,1,PROD-010,1,38.03,36.71
ORD-2023-035366,1,PROD-006,1,32.39,31.49
ORD-2023-035366,2,PROD-010,3,38.03,108.98
ORD-2023-035367,1,PROD-041,2,11.83,20.2
ORD-2023-035368,1,PROD-055,1,74.65,61.21
ORD-2023-035369,1,PROD-039,4,8.17,24.28
ORD-2023-035369,2,PROD-034,1,9.01,7.46
ORD-2023-035370,1,PROD-028,1,17.18,13.85
ORD-2023-035370,2,PROD-021,1,15.49,13.11
ORD-2023-035370,3,PROD-025,1,21.97,9.89
ORD-2023-035371,1,PROD-008,1,9.9,4.46
ORD-2023-035371,2,PROD-049,1,80.28,70.67
ORD-2023-035372,1,PROD-002,2,11.9,23.57
ORD-2023-035372,2,PROD-042,1,73.24,71.97
ORD-2023-035373,1,PROD-037,1,9.86,7.23
ORD-2023-035374,1,PROD-020,1,10.14,7.98
ORD-2023-035374,2,PROD-008,1,9.9,8.88
ORD-2023-035375,1,PROD-012,1,18.5,18.11
ORD-2023-035376,1,PROD-042,1,73.24,60.94
ORD-2023-035376,2,PROD-002,2,11.9,16.48
ORD-2023-035376,3,PROD-027,1,21.13,16.69
ORD-2023-035377,1,PROD-053,1,53.52,32.41
ORD-2023-035377,2,PROD-023,1,7.89,4.66
ORD-2023-035378,1,PROD-026,2,14.65,24.23
ORD-2023-035379,1,PROD-026,1,14.65,11.1
ORD-2023-035379,2,PROD-022,2,9.01,14.12
ORD-2023-035380,1,PROD-032,1,19.72,18.78
ORD-2023-035381,1,PROD-001,1,12.9,10.1
ORD-2023-035382,1,PROD-020,1,10.14,5.21
ORD-2023-035383,1,PROD-060,1,42.25,33.02
ORD-2023-035384,1,PROD-024,1,8.73,5.61
ORD-2023-035384,2,PROD-004,2,20.28,26.59
ORD-2023-035385,1,PROD-031,1,53.52,47.5
ORD-2023-035385,2,PROD-004,1,20.28,18.3
ORD-2023-035385,3,PROD-008,1,9.9,8.1
ORD-2023-035386,1,PROD-041,2,11.83,16.51
ORD-2023-035386,2,PROD-040,4,15.21,47.36
ORD-2023-035386,3,PROD-031,1,53.52,38.83
ORD-2023-035387,1,PROD-060,1,42.25,33.24
ORD-2023-035387,2,PROD-011,1,14.9,8.71
ORD-2023-035388,1,PROD-003,1,14.37,8.9
ORD-2023-035388,2,PROD-035,1,10.14,9.48
ORD-2023-035389,1,PROD-032,1,19.72,17.95
ORD-2023-035389,2,PROD-003,1,14.37,9.45
ORD-2023-035389,3,PROD-009,1,61.97,32.4
ORD-2023-035390,1,PROD-054,1,59.15,29.78
ORD-2023-035390,2,PROD-012,1,18.5,13.61
ORD-2023-035391,1,PROD-012,2,18.5,17.45
ORD-2023-035392,1,PROD-001,1,12.9,11.72
ORD-2023-035392,2,PROD-005,2,20.28,37.1
ORD-2023-035392,3,PROD-010,1,38.03,30.2
ORD-2023-035393,1,PROD-042,2,73.24,127.39
ORD-2023-035394,1,PROD-037,1,9.86,9.5
ORD-2023-035395,1,PROD-004,2,20.28,39.88
ORD-2023-035395,2,PROD-022,1,9.01,8.9
ORD-2023-035395,3,PROD-006,1,32.39,28.6
ORD-2023-035396,1,PROD-008,1,9.9,9.64
ORD-2023-035397,1,PROD-001,1,12.9,12.84
ORD-2023-035398,1,PROD-006,1,32.39,26.89
ORD-2023-035399,1,PROD-010,1,38.03,33.54
ORD-2023-035400,1,PROD-022,1,9.01,8.67
ORD-2023-035401,1,PROD-059,1,52.11,50.85
ORD-2023-035402,1,PROD-011,2,14.9,27.57
ORD-2023-035402,2,PROD-010,2,38.03,58.8
ORD-2023-035402,3,PROD-005,2,20.28,35.9
ORD-2023-035402,4,PROD-026,1,14.65,11.11
ORD-2023-035403,1,PROD-001,2,12.9,15.62
ORD-2023-035404,1,PROD-010,2,38.03,69.35
ORD-2023-035405,1,PROD-036,1,11.55,10.15
ORD-2023-035406,1,PROD-006,1,32.39,29.12
ORD-2023-035407,1,PROD-001,2,12.9,20.35
ORD-2023-035408,1,PROD-006,2,32.39,62.56
ORD-2023-035409,1,PROD-004,2,20.28,28.44
ORD-2023-035409,2,PROD-012,1,18.5,16.21
ORD-2023-035409,3,PROD-029,2,24.79,41.94
ORD-2023-035410,1,PROD-002,3,11.9,32.35
ORD-2023-035410,2,PROD-007,1,17.18,11.99
ORD-2023-035411,1,PROD-010,3,38.03,93.37
ORD-2023-035412,1,PROD-039,1,8.17,8.0
ORD-2023-035413,1,PROD-030,1,49.3,26.48
ORD-2023-035414,1,PROD-007,1,17.18,8.99
ORD-2023-035415,1,PROD-027,1,21.13,17.99
ORD-2023-035415,2,PROD-006,1,32.39,30.5
ORD-2023-035415,3,PROD-026,1,14.65,14.24
ORD-2023-035416,1,PROD-017,1,12.5,9.17
ORD-2023-035417,1,PROD-030,1,49.3,35.67
ORD-2023-035418,1,PROD-056,1,101.41,45.63
ORD-2023-035419,1,PROD-015,1,26.76,25.2
ORD-2023-035420,1,PROD-002,1,11.9,7.81
ORD-2023-035421,1,PROD-059,1,52.11,42.8
ORD-2023-035422,1,PROD-015,1,26.76,22.79
ORD-2023-035422,2,PROD-035,2,10.14,19.42
ORD-2023-035423,1,PROD-005,1,20.28,19.44
ORD-2023-035423,2,PROD-060,1,42.25,39.14
ORD-2023-035424,1,PROD-023,1,7.89,6.21
ORD-2023-035424,2,PROD-030,1,49.3,44.24
ORD-2023-035425,1,PROD-010,1,38.03,34.81
ORD-2023-035426,1,PROD-036,1,11.55,10.85
ORD-2023-035426,2,PROD-007,2,17.18,33.0
ORD-2023-035427,1,PROD-050,1,61.97,59.65
ORD-2023-035427,2,PROD-023,1,7.89,7.86
ORD-2023-035428,1,PROD-041,4,11.83,34.53
ORD-2023-035429,1,PROD-054,1,59.15,40.96
ORD-2023-035430,1,PROD-024,2,8.73,17.26
ORD-2023-035430,2,PROD-041,1,11.83,10.0
ORD-2023-035431,1,PROD-001,1,12.9,10.88
ORD-2023-035431,2,PROD-005,1,20.28,19.98
ORD-2023-035432,1,PROD-053,1,53.52,29.35
ORD-2023-035433,1,PROD-009,2,61.97,85.53
ORD-2023-035433,2,PROD-035,2,10.14,13.69
ORD-2023-035434,1,PROD-025,2,21.97,24.04
ORD-2023-035435,1,PROD-010,3,38.03,77.54
ORD-2023-035436,1,PROD-011,1,14.9,12.56
ORD-2023-035436,2,PROD-038,1,7.89,7.5
ORD-2023-035437,1,PROD-027,1,21.13,14.82
ORD-2023-035437,2,PROD-008,1,9.9,8.92
ORD-2023-035438,1,PROD-018,3,50.7,124.25
ORD-2023-035439,1,PROD-008,1,9.9,8.84
ORD-2023-035439,2,PROD-014,1,9.9,9.08
ORD-2023-035440,1,PROD-001,1,12.9,9.88
ORD-2023-035441,1,PROD-049,1,80.28,36.23
ORD-2023-035442,1,PROD-014,1,9.9,9.48
ORD-2023-035443,1,PROD-056,1,101.41,67.72
ORD-2023-035444,1,PROD-035,1,10.14,8.04
ORD-2023-035444,2,PROD-018,1,50.7,39.93
ORD-2023-035445,1,PROD-037,2,9.86,16.64
ORD-2023-035446,1,PROD-008,2,9.9,18.89
ORD-2023-035447,1,PROD-010,1,38.03,31.96
ORD-2023-035448,1,PROD-011,2,14.9,19.36
ORD-2023-035448,2,PROD-032,1,19.72,17.94
ORD-2023-035449,1,PROD-010,2,38.03,73.94
ORD-2023-035450,1,PROD-006,1,32.39,32.3
ORD-2023-035450,2,PROD-014,2,9.9,19.54
ORD-2023-035451,1,PROD-025,1,21.97,20.06
ORD-2023-035452,1,PROD-002,1,11.9,10.58
ORD-2023-035453,1,PROD-021,1,15.49,12.37
ORD-2023-035453,2,PROD-019,1,29.58,28.64
ORD-2023-035454,1,PROD-002,3,11.9,35.55
ORD-2023-035454,2,PROD-039,1,8.17,7.65
ORD-2023-035454,3,PROD-042,1,73.24,70.21
ORD-2023-035455,1,PROD-006,1,32.39,22.57
ORD-2023-035455,2,PROD-005,1,20.28,18.42
ORD-2023-035455,3,PROD-003,1,14.37,13.54
ORD-2023-035456,1,PROD-006,3,32.39,94.43
ORD-2023-035457,1,PROD-056,1,101.41,46.44
ORD-2023-035458,1,PROD-006,2,32.39,63.27
ORD-2023-035459,1,PROD-043,3,107.04,308.02
ORD-2023-035460,1,PROD-001,1,12.9,11.81
ORD-2023-035461,1,PROD-055,1,74.65,52.76
ORD-2023-035461,2,PROD-056,1,101.41,52.01
ORD-2023-035462,1,PROD-014,1,9.9,8.72
ORD-2023-035463,1,PROD-006,1,32.39,27.95
ORD-2023-035463,2,PROD-007,2,17.18,31.13
ORD-2023-035464,1,PROD-056,1,101.41,91.69
ORD-2023-035465,1,PROD-036,2,11.55,19.71
ORD-2023-035465,2,PROD-034,2,9.01,15.71
ORD-2023-035466,1,PROD-037,2,9.86,17.24
ORD-2023-035467,1,PROD-035,1,10.14,8.94
ORD-2023-035467,2,PROD-003,2,14.37,28.12
ORD-2023-035467,3,PROD-005,2,20.28,36.8
ORD-2023-035468,1,PROD-024,2,8.73,13.42
ORD-2023-035469,1,PROD-006,2,32.39,47.19
ORD-2023-035470,1,PROD-044,1,40.85,24.03
ORD-2023-035471,1,PROD-036,1,11.55,9.17
ORD-2023-035471,2,PROD-034,1,9.01,8.03
ORD-2023-035472,1,PROD-030,1,49.3,44.55
ORD-2023-035473,1,PROD-010,3,38.03,107.35
ORD-2023-035473,2,PROD-056,1,101.41,74.45
ORD-2023-035474,1,PROD-039,4,8.17,30.14
ORD-2023-035474,2,PROD-006,1,32.39,32.3
ORD-2023-035475,1,PROD-020,1,10.14,8.65
ORD-2023-035475,2,PROD-006,2,32.39,53.22
ORD-2023-035475,3,PROD-005,2,20.28,40.23
ORD-2023-035476,1,PROD-008,1,9.9,7.31
ORD-2023-035477,1,PROD-003,1,14.37,13.44
ORD-2023-035478,1,PROD-030,1,49.3,46.1
ORD-2023-035479,1,PROD-008,2,9.9,18.1
ORD-2023-035480,1,PROD-039,1,8.17,7.89
ORD-2023-035480,2,PROD-001,2,12.9,24.78
ORD-2023-035480,3,PROD-027,1,21.13,18.61
ORD-2023-035481,1,PROD-030,1,49.3,36.31
ORD-2023-035482,1,PROD-005,1,20.28,18.9
ORD-2023-035482,2,PROD-034,2,9.01,17.8
ORD-2023-035482,3,PROD-002,2,11.9,23.35
ORD-2023-035483,1,PROD-038,4,7.89,28.9
ORD-2023-035484,1,PROD-003,2,14.37,18.26
ORD-2023-035484,2,PROD-035,1,10.14,8.89
ORD-2023-035484,3,PROD-001,1,12.9,9.57
ORD-2023-035485,1,PROD-002,1,11.9,9.31
ORD-2023-035486,1,PROD-004,1,20.28,17.81
ORD-2023-035486,2,PROD-005,1,20.28,19.57
ORD-2023-035486,3,PROD-024,1,8.73,6.72
ORD-2023-035487,1,PROD-010,2,38.03,74.6
ORD-2023-035488,1,PROD-005,2,20.28,37.45
ORD-2023-035489,1,PROD-006,1,32.39,31.46
ORD-2023-035490,1,PROD-010,1,38.03,29.82
ORD-2023-035490,2,PROD-022,2,9.01,16.2
ORD-2023-035491,1,PROD-013,2,11.9,22.1
ORD-2023-035492,1,PROD-024,1,8.73,3.96
ORD-2023-035493,1,PROD-026,2,14.65,23.99
ORD-2023-035494,1,PROD-039,1,8.17,6.3
ORD-2023-035494,2,PROD-041,2,11.83,22.38
ORD-2023-035494,3,PROD-030,1,49.3,32.36
ORD-2023-035495,1,PROD-014,1,9.9,8.95
ORD-2023-035496,1,PROD-024,1,8.73,8.05
ORD-2023-035497,1,PROD-034,2,9.01,17.35
ORD-2023-035498,1,PROD-006,1,32.39,31.86
ORD-2023-035498,2,PROD-004,3,20.28,46.76
ORD-2023-035499,1,PROD-040,1,15.21,13.58
ORD-2023-035499,2,PROD-010,2,38.03,56.07
ORD-2023-035499,3,PROD-002,2,11.9,18.79
ORD-2023-035500,1,PROD-032,2,19.72,30.8
ORD-2023-035501,1,PROD-041,4,11.83,37.75
ORD-2023-035501,2,PROD-008,1,9.9,8.08
ORD-2023-035502,1,PROD-026,1,14.65,13.73
ORD-2023-035502,2,PROD-019,1,29.58,29.5
ORD-2023-035503,1,PROD-020,1,10.14,9.37
ORD-2023-035504,1,PROD-005,2,20.28,21.31
ORD-2023-035505,1,PROD-040,3,15.21,36.64
ORD-2023-035505,2,PROD-004,1,20.28,17.79
ORD-2023-035506,1,PROD-001,1,12.9,9.04
ORD-2023-035506,2,PROD-022,1,9.01,7.88
ORD-2023-035507,1,PROD-020,2,10.14,17.65
ORD-2023-035508,1,PROD-030,1,49.3,47.59
ORD-2023-035509,1,PROD-001,1,12.9,10.94
ORD-2023-035510,1,PROD-004,1,20.28,11.5
ORD-2023-035511,1,PROD-008,1,9.9,9.06
ORD-2023-035512,1,PROD-004,2,20.28,39.61
ORD-2023-035513,1, PROD-019 ,1,29.58,20.66
ORD-2023-035514,1,PROD-006,2,32.39,59.68
ORD-2023-035515,1,PROD-002,1,11.9,11.01
ORD-2023-035515,2,PROD-019,3,29.58,67.4
ORD-2023-035515,3,PROD-034,1,9.01,5.97
ORD-2023-035516,1,PROD-029,1,24.79,17.17
ORD-2023-035516,2,PROD-003,1,14.37,11.29
ORD-2023-035517,1,PROD-004,1,20.28,18.11
ORD-2023-035518,1,PROD-019,3,29.58,87.84
ORD-2023-035518,2,PROD-042,1,73.24,43.8
ORD-2023-035518,3,PROD-037,2,9.86,18.39
ORD-2023-035519,1,PROD-019,1,29.58,26.35
ORD-2023-035520,1,PROD-007,2,17.18,32.67
ORD-2023-035520,2,PROD-004,3,20.28,58.95
ORD-2023-035520,3,PROD-009,1,61.97,57.63
ORD-2023-035521,1,PROD-010,1,38.03,37.76
ORD-2023-035522,1,PROD-031,2,53.52,105.0
ORD-2023-035523,1,PROD-054,1,59.15,39.35
ORD-2023-035524,1,PROD-038,1,7.89,7.65
ORD-2023-035524,2,PROD-011,1,14.9,
ORD-2023-035525,1,PROD-010,1,38.03,33.03
ORD-2023-035525,2,PROD-012,1,18.5,15.24
ORD-2023-035526,1,PROD-007,1,17.18,13.88
ORD-2023-035526,2,PROD-003,2,14.37,16.15
ORD-2023-035526,3,PROD-036,1,11.55,8.65
ORD-2023-035527,1,PROD-004,1,20.28,19.37
ORD-2023-035527,2,PROD-007,2,17.18,32.46
ORD-2023-035528,1,PROD-021,1,15.49,15.34
ORD-2023-035528,2,PROD-035,1,10.14,9.86
ORD-2023-035528,3,PROD-028,1,17.18,16.83
ORD-2023-035529,1,PROD-021,2,15.49,28.8
ORD-2023-035530,1,PROD-011,1,14.9,8.85
ORD-2023-035530,2,PROD-005,2,20.28,32.89
ORD-2023-035531,1,PROD-006,3,32.39,91.75
ORD-2023-035531,2,PROD-010,1,38.03,34.21
ORD-2023-035532,1,PROD-035,2,10.14,18.64
ORD-2023-035533,1,PROD-024,2,8.73,17.17
ORD-2023-035534,1,PROD-020,1,10.14,7.43
ORD-2023-035535,1,PROD-004,2,20.28,28.04
ORD-2023-035536,1,PROD-024,1,8.73,7.82
ORD-2023-035536,2,PROD-030,1,49.3,33.48
ORD-2023-035536,3,PROD-006,2,32.39,48.64
ORD-2023-035537,1,PROD-032,1,19.72,17.47
ORD-2023-035537,2,PROD-042,3,73.24,98.87
ORD-2023-035538,1,PROD-040,3,15.21,40.23
ORD-2023-035539,1,PROD-009,2,61.97,102.02
ORD-2023-035539,2,PROD-036,2,11.55,20.54
ORD-2023-035540,1,PROD-006,3,32.39,87.71
ORD-2023-035541,1,PROD-006,1,32.39,31.49
ORD-2023-035542,1,PROD-040,1,15.21,13.55
ORD-2023-035542,2,PROD-001,2,12.9,25.15
ORD-2023-035543,1,PROD-012,1,18.5,10.02
ORD-2023-035543,2,PROD-030,2,49.3,85.24
ORD-2023-035544,1,PROD-026,1,14.65,9.83
ORD-2023-035545,1,PROD-009,1,61.97,32.04
ORD-2023-035546,1,PROD-002,1,11.9,10.31
ORD-2023-035546,2,PROD-042,1,73.24,67.7
ORD-2023-035546,3,PROD-034,1,9.01,8.09
ORD-2023-035547,1,PROD-041,3,11.83,35.06
ORD-2023-035548,1,PROD-052,1,46.48,41.92
ORD-2023-035549,1,PROD-010,2,38.03,67.86
ORD-2023-035549,2,PROD-011,2,14.9,24.08
ORD-2023-035549,3,PROD-039,2,8.17,13.44
ORD-2023-035550,1,PROD-019,1,29.58,28.0
ORD-2023-035550,2,PROD-051,1,36.06,35.32
ORD-2023-035551,1,PROD-004,1,20.28,17.84
ORD-2023-035551,2,PROD-010,1,38.03,33.61
ORD-2023-035552,1,PROD-033,3,52.11,142.14
ORD-2023-035552,2,PROD-001,1,12.9,12.88
ORD-2023-035553,1,PROD-005,1,20.28,19.77
ORD-2023-035553,2,PROD-010,1,38.03,33.77
ORD-2023-035554,1,PROD-006,1,32.39,26.26
ORD-2023-035555,1,PROD-044,1,40.85,34.57
ORD-2023-035556,1,PROD-019,2,29.58,54.42
ORD-2023-035556,2,PROD-028,2,17.18,30.07
ORD-2023-035557,1,PROD-055,1,74.65,72.19
ORD-2023-035558,1,PROD-013,1,11.9,9.12
ORD-2023-035559,1,PROD-010,1,38.03,37.08
ORD-2023-035559,2,PROD-029,1,24.79,23.9
ORD-2023-035560,1,PROD-001,2,12.9,22.56
ORD-2023-035560,2,PROD-041,1,11.83,11.1
ORD-2023-035560,3,PROD-036,1,11.55,10.65
ORD-2023-035561,1,PROD-008,1,9.9,9.45
ORD-2023-035561,2,PROD-031,1,53.52,44.51
ORD-2023-035562,1,PROD-003,1,14.37,13.1
ORD-2023-035563,1,PROD-010,1,38.03,34.52
ORD-2023-035563,2,PROD-005,2,20.28,38.37
ORD-2023-035564,1,PROD-037,2,9.86,18.73
ORD-2023-035565,1,PROD-030,2,49.3,97.73
ORD-2023-035565,2,PROD-008,1,9.9,9.47
ORD-2023-035565,3,PROD-004,1,20.28,19.33
ORD-2023-035566,1,PROD-019,1,29.58,27.07
ORD-2023-035567,1,PROD-060,1,42.25,41.51
ORD-2023-035568,1,PROD-059,1,52.11,28.84
ORD-2023-035568,2,PROD-038,1,7.89,4.0
ORD-2023-035569,1,PROD-008,1,9.9,7.04
ORD-2023-035570,1,PROD-056,1,101.41,66.31
ORD-2023-035571,1, PROD-040 ,3,15.21,35.68
ORD-2023-035572,1,PROD-045,1,72.68,55.19
ORD-2023-035572,2,PROD-035,2,10.14,9.13
ORD-2023-035573,1,PROD-042,3,73.24,171.43
ORD-2023-035574,1,PROD-011,1,14.9,13.84
ORD-2023-035575,1,PROD-003,1,14.37,11.57
ORD-2023-035575,2,PROD-035,1,10.14,8.08
ORD-2023-035576,1,PROD-039,3,8.17,21.73
ORD-2023-035577,1,PROD-003,2,14.37,22.63
ORD-2023-035577,2,PROD-034,2,9.01,16.51
ORD-2023-035577,3,PROD-014,1,9.9,9.13
ORD-2023-035578,1,PROD-010,1,38.03,36.01
ORD-2023-035579,1,PROD-036,1,11.55,10.79
ORD-2023-035579,2,PROD-001,2,12.9,25.66
ORD-2023-035579,3,PROD-031,1,53.52,47.52
ORD-2023-035580,1,PROD-001,1,12.9,12.54
ORD-2023-035581,1,PROD-001,1,12.9,11.73
ORD-2023-035582,1,PROD-038,1,7.89,7.2
ORD-2023-035583,1,PROD-006,2,32.39,62.05
ORD-2023-035584,1,PROD-035,1,10.14,9.47
ORD-2023-035584,2,PROD-001,3,12.9,36.71
ORD-2023-035584,3,PROD-034,2,9.01,12.73
ORD-2023-035585,1,PROD-001,2,12.9,23.72
ORD-2023-035586,1,PROD-004,2,20.28,39.82
ORD-2023-035586,2,PROD-006,1,32.39,30.68
ORD-2023-035587,1,PROD-023,1,7.89,7.47
ORD-2023-035588,1,PROD-036,2,11.55,22.86
ORD-2023-035589,1,PROD-014,1,9.9,9.67
ORD-2023-035590,1,PROD-004,1,20.28,19.29
ORD-2023-035591,1,PROD-004,3,20.28,55.94
ORD-2023-035592,1,PROD-052,1,46.48,39.15
ORD-2023-035593,1,PROD-035,2,10.14,19.61
ORD-2023-035594,1,PROD-001,1,12.9,10.96
ORD-2023-035594,2,PROD-005,1,20.28,17.52
ORD-2023-035595,1,PROD-031,1,53.52,43.98
ORD-2023-035595,2,PROD-056,1,101.41,76.21
ORD-2023-035596,1,PROD-006,1,32.39,30.34
ORD-2023-035597,1,PROD-038,1,7.89,7.32
ORD-2023-035597,2,PROD-035,1,10.14,9.15
ORD-2023-035598,1,PROD-023,1,7.89,6.44
ORD-2023-035598,2,PROD-026,1,14.65,11.4
ORD-2023-035599,1,PROD-017,3,12.5,29.32
ORD-2023-035599,2,PROD-007,1,17.18,10.13
ORD-2023-035599,3,PROD-023,2,7.89,12.16
ORD-2023-035600,1,PROD-016,1,8.9,7.96
ORD-2023-035601,1,PROD-050,1,61.97,40.63
ORD-2023-035602,1,PROD-005,1,20.28,19.63
ORD-2023-035603,1,PROD-001,1,12.9,10.81
ORD-2023-035604,1,PROD-011,2,14.9,26.49
ORD-2023-035605,1,PROD-016,3,8.9,23.97
ORD-2023-035605,2,PROD-010,3,38.03,51.34
ORD-2023-035606,1,PROD-023,1,7.89,4.08
ORD-2023-035607,1,PROD-024,1,8.73,8.46
ORD-2023-035608,1,PROD-002,1,11.9,11.43
ORD-2023-035608,2,PROD-001,1,12.9,10.77
ORD-2023-035609,1,PROD-055,1,74.65,53.57
ORD-2023-035610,1,PROD-004,3,20.28,59.03
ORD-2023-035610,2,PROD-058,1,39.44,37.22
ORD-2023-035611,1,PROD-017,1,12.5,12.29
ORD-2023-035611,2,PROD-059,1,52.11,50.55
ORD-2023-035612,1,PROD-005,2,20.28,31.56
ORD-2023-035613,1,PROD-037,2,9.86,17.19
ORD-2023-035613,2,PROD-015,1,26.76,25.93
ORD-2023-035613,3,PROD-002,2,11.9,21.77
ORD-2023-035613,4,PROD-012,1,18.5,15.5
ORD-2023-035614,1,PROD-005,2,20.28,38.3
ORD-2023-035614,2,PROD-001,1,12.9,11.15
ORD-2023-035614,3,PROD-034,4,9.01,34.72
ORD-2023-035615,1,PROD-004,2,20.28,38.74
ORD-2023-035616,1,PROD-007,2,17.18,31.09
ORD-2023-035616,2,PROD-004,1,20.28,19.78
ORD-2023-035616,3,PROD-038,1,7.89,6.67
ORD-2023-035617,1,PROD-029,2,24.79,43.21
ORD-2023-035618,1,PROD-005,1,20.28,19.88
ORD-2023-035618,2,PROD-015,1,26.76,23.96
ORD-2023-035619,1,PROD-024,1,8.73,3.93
ORD-2023-035620,1,PROD-041,2,11.83,22.03
ORD-2023-035621,1,PROD-034,2,9.01,15.99
ORD-2023-035621,2,PROD-002,2,11.9,21.66
ORD-2023-035622,1,PROD-002,1,11.9,9.57
ORD-2023-035623,1,PROD-005,1,20.28,15.17
ORD-2023-035623,2,PROD-021,1,15.49,14.15
ORD-2023-035624,1,PROD-054,1,59.15,53.83
ORD-2023-035625,1,PROD-024,2,8.73,12.72
ORD-2023-035626,1,PROD-030,1,49.3,43.19
ORD-2023-035627,1,PROD-005,2,20.28,28.69
ORD-2023-035627,2,PROD-021,1,15.49,7.85
ORD-2023-035627,3,PROD-030,1,49.3,40.67
ORD-2023-035628,1,PROD-039,3,8.17,20.96
ORD-2023-035629,1,PROD-010,1,38.03,36.56
ORD-2023-035629,2,PROD-050,1,61.97,52.25
ORD-2023-035629,3,PROD-001,1,12.9,11.94
ORD-2023-035630,1,PROD-010,1,38.03,30.62
ORD-2023-035631,1,PROD-023,1,7.89,7.55
ORD-2023-035631,2,PROD-010,2,38.03,55.0
ORD-2023-035631,3,PROD-005,1,20.28,17.22
ORD-2023-035632,1,PROD-029,2,24.79,45.65
ORD-2023-035632,2,PROD-016,1,8.9,8.26
ORD-2023-035633,1,PROD-023,2,7.89,14.62
ORD-2023-035633,2,PROD-010,1,38.03,35.24
ORD-2023-035633,3,PROD-004,2,20.28,29.03
ORD-2023-035633,4,PROD-020,1,10.14,8.96
ORD-2023-035633,5,PROD-017,2,12.5,21.52
ORD-2023-035634,1,PROD-019,1,29.58,23.9
ORD-2023-035635,1,PROD-010,1,38.03,36.03
ORD-2023-035636,1,PROD-004,1,20.28,19.76
ORD-2023-035636,2,PROD-037,2,9.86,18.78
ORD-2023-035636,3,PROD-010,1,38.03,36.2
ORD-2023-035637,1,PROD-001,2,12.9,25.06
ORD-2023-035637,2,PROD-015,1,26.76,26.11
ORD-2023-035637,3,PROD-010,1,38.03,37.41
ORD-2023-035638,1,PROD-005,2,20.28,27.19
ORD-2023-035638,2,PROD-055,1,74.65,33.59
ORD-2023-035639,1,PROD-011,1,14.9,9.61
ORD-2023-035639,2,PROD-051,1,36.06,24.76
ORD-2023-035640,1,PROD-021,1,15.49,12.74
ORD-2023-035641,1,PROD-059,1,52.11,34.71
ORD-2023-035642,1,PROD-008,1,9.9,9.71
ORD-2023-035642,2,PROD-039,1,8.17,7.33
ORD-2023-035643,1,PROD-032,3,19.72,54.76
ORD-2023-035643,2,PROD-002,2,11.9,21.88
ORD-2023-035643,3,PROD-003,1,14.37,12.75
ORD-2023-035644,1,PROD-030,1,49.3,43.79
ORD-2023-035645,1,PROD-001,1,12.9,11.77
ORD-2023-035646,1,PROD-030,1,49.3,45.95
ORD-2023-035646,2,PROD-026,2,14.65,20.16
ORD-2023-035647,1,PROD-037,1,9.86,9.3
ORD-2023-035647,2,PROD-002,1,11.9,9.68
ORD-2023-035648,1,PROD-005,1,20.28,15.64
ORD-2023-035649,1,PROD-003,1,14.37,11.22
ORD-2023-035649,2,PROD-034,2,9.01,17.24
ORD-2023-035649,3,PROD-001,2,12.9,22.95
ORD-2023-035650,1,PROD-004,2,20.28,39.47
ORD-2023-035651,1,PROD-010,2,38.03,75.25
ORD-2023-035651,2,PROD-006,1,32.39,31.84
ORD-2023-035652,1,PROD-031,1,53.52,50.99
ORD-2023-035653,1,PROD-005,2,20.28,30.53
ORD-2023-035654,1,PROD-054,1,59.15,26.62
ORD-2023-035655,1,PROD-039,3,8.17,14.79
ORD-2023-035656,1,PROD-006,1,32.39,30.03
ORD-2023-035657,1,PROD-056,1,101.41,78.33
ORD-2023-035658,1,PROD-019,1,29.58,28.14
ORD-2023-035658,2,PROD-010,1,38.03,36.99
ORD-2023-035659,1,PROD-032,3,19.72,57.37
ORD-2023-035659,2,PROD-010,2,38.03,68.25
ORD-2023-035659,3,PROD-006,1,32.39,27.26
ORD-2023-035660,1,PROD-010,3,38.03,97.31
ORD-2023-035661,1,PROD-005,1,20.28,17.71
ORD-2023-035662,1,PROD-031,2,53.52,75.08
ORD-2023-035663,1,PROD-001,3,12.9,36.34
ORD-2023-035663,2,PROD-006,1,32.39,31.59
ORD-2023-035663,3,PROD-034,2,9.01,17.82
ORD-2023-035664,1,PROD-007,1,17.18,15.6
ORD-2023-035664,2,PROD-002,1,11.9,10.31
ORD-2023-035665,1,PROD-003,3,14.37,40.61
ORD-2023-035666,1,PROD-006,1,32.39,32.03
ORD-2023-035666,2,PROD-012,1,18.5,18.02
ORD-2023-035666,3,PROD-026,1,14.65,14.21
ORD-2023-035666,4,PROD-035,3,10.14,28.76
ORD-2023-035666,5,PROD-053,1,53.52,51.27
ORD-2023-035667,1,PROD-006,1,32.39,27.56
ORD-2023-035668,1,PROD-005,1,20.28,19.85
ORD-2023-035669,1,PROD-054,1,59.15,47.27
ORD-2023-035670,1,PROD-029,1,24.79,20.76
ORD-2023-035670,2,PROD-041,4,11.83,42.09
ORD-2023-035670,3,PROD-038,2,7.89,14.46
ORD-2023-035670,4,PROD-002,1,11.9,11.32
ORD-2023-035671,1,PROD-001,1,12.9,11.82
ORD-2023-035672,1,PROD-011,2,14.9,26.97
ORD-2023-035673,1,PROD-019,1,29.58,20.69
ORD-2023-035674,1,PROD-010,1,38.03,30.54
ORD-2023-035675,1,PROD-015,1,26.76,16.26
ORD-2023-035676,1,PROD-012,3,18.5,48.75
ORD-2023-035677,1,PROD-005,1,20.28,18.23
ORD-2023-035677,2,PROD-001,1,12.9,12.4
ORD-2023-035678,1,PROD-007,1,17.18,15.65
ORD-2023-035679,1,PROD-022,1,9.01,8.41
ORD-2023-035680,1,PROD-012,2,18.5,32.45
ORD-2023-035680,2,PROD-041,1,11.83,9.34
ORD-2023-035681,1,PROD-001,1,12.9,10.42
ORD-2023-035681,2,PROD-002,2,11.9,22.96
ORD-2023-035682,1,PROD-055,1,74.65,62.2
ORD-2023-035683,1,PROD-060,1,42.25,41.21
ORD-2023-035684,1,PROD-007,1,17.18,14.63
ORD-2023-035684,2,PROD-044,1,40.85,38.02
ORD-2023-035685,1,PROD-010,2,38.03,51.49
ORD-2023-035685,2,PROD-006,1,32.39,14.58
ORD-2023-035686,1,PROD-002,2,11.9,10.71
ORD-2023-035687,1,PROD-006,3,32.39,93.91
ORD-2023-035687,2,PROD-032,3,19.72,48.56
ORD-2023-035687,3,PROD-014,2,9.9,18.47
ORD-2023-035688,1,PROD-015,1,26.76,25.72
ORD-2023-035688,2,PROD-041,1,11.83,10.98
ORD-2023-035688,3,PROD-042,1,73.24,47.65
ORD-2023-035689,1,PROD-015,1,26.76,21.05
ORD-2023-035690,1,PROD-001,1,12.9,12.12
ORD-2023-035691,1,PROD-042,3,73.24,175.45
ORD-2023-035692,1,PROD-006,1,32.39,28.15
ORD-2023-035692,2,PROD-041,1,11.83,7.32
ORD-2023-035692,3,PROD-030,1,49.3,43.68
ORD-2023-035692,4,PROD-027,2,21.13,39.34
ORD-2023-035692,5,PROD-007,1,17.18,15.82
ORD-2023-035693,1,PROD-004,1,20.28,19.18
ORD-2023-035694,1,PROD-055,1,74.65,69.8
ORD-2023-035695,1,PROD-034,2,9.01,17.8
ORD-2023-035696,1,PROD-033,1,52.11,45.63
ORD-2023-035697,1,PROD-012,2,18.5,32.65
ORD-2023-035697,2,PROD-005,3,20.28,42.53
ORD-2023-035698,1,PROD-008,2,9.9,17.31
ORD-2023-035699,1,PROD-056,1,101.41,89.48
ORD-2023-035700,1,PROD-010,2,38.03,73.32
ORD-2023-035701,1,PROD-053,1,53.52,39.09
ORD-2023-035702,1,PROD-039,3,8.17,23.77
ORD-2023-035703,1,PROD-001,3,12.9,32.24
ORD-2023-035704,1,PROD-058,1,39.44,17.75
ORD-2023-035705,1,PROD-030,2,49.3,44.37
ORD-2023-035706,1,PROD-028,1,17.18,14.13
ORD-2023-035707,1,PROD-006,3,32.39,90.57
ORD-2023-035708,1,PROD-032,1,19.72,19.01
ORD-2023-035709,1,PROD-007,1,17.18,16.33
ORD-2023-035709,2,PROD-054,1,59.15,56.82
ORD-2023-035710,1,PROD-007,2,17.18,32.9
ORD-2023-035710,2,PROD-004,1,20.28,18.74
ORD-2023-035710,3,PROD-034,3,9.01,23.46
ORD-2023-035711,1,PROD-009,1,61.97,53.55
ORD-2023-035712,1,PROD-052,1,46.48,36.13
ORD-2023-035713,1,PROD-036,2,11.55,17.51
ORD-2023-035713,2,PROD-042,1,73.24,66.38
ORD-2023-035714,1,PROD-036,1,11.55,8.77
ORD-2023-035714,2,PROD-008,1,9.9,9.22
ORD-2023-035714,3,PROD-038,2,7.89,15.31
ORD-2023-035715,1,PROD-004,1,20.28,18.53
ORD-2023-035715,2,PROD-035,3,10.14,26.87
ORD-2023-035715,3,PROD-003,1,14.37,13.51
ORD-2023-035716,1,PROD-041,1,11.83,11.47
ORD-2023-035717,1,PROD-010,1,38.03,37.51
ORD-2023-035718,1,PROD-005,2,20.28,39.62
ORD-2023-035719,1,PROD-010,2,38.03,72.84
ORD-2023-035719,2,PROD-006,2,32.39,62.46
ORD-2023-035720,1,PROD-017,1,12.5,10.98
ORD-2023-035720,2,PROD-005,1,20.28,18.13
ORD-2023-035721,1,PROD-017,1,12.5,8.63
ORD-2023-035721,2,PROD-039,2,8.17,11.86
ORD-2023-035722,1,PROD-001,1,12.9,9.52
ORD-2023-035723,1,PROD-020,1,10.14,9.22
ORD-2023-035723,2,PROD-054,1,59.15,50.51
ORD-2023-035723,3,PROD-014,2,9.9,17.87
ORD-2023-035724,1,PROD-007,2,17.18,33.8
ORD-2023-035725,1,PROD-005,1,20.28,19.0
ORD-2023-035726,1,PROD-010,1,38.03,34.58
ORD-2023-035727,1,PROD-033,1,52.11,50.95
ORD-2023-035727,2,PROD-002,2,11.9,21.11
ORD-2023-035728,1,PROD-006,3,32.39,73.43
ORD-2023-035728,2,PROD-001,1,12.9,12.8
ORD-2023-035729,1,PROD-024,1,8.73,8.44
 ORD-2023-035730 ,1,PROD-014,1,9.9,8.74
ORD-2023-035731,1,PROD-005,1,20.28,20.16
ORD-2023-035731,2,PROD-040,1,15.21,14.61
ORD-2023-035732,1,PROD-002,2,11.9,23.73
ORD-2023-035733,1,PROD-059,1,52.11,32.86
ORD-2023-035733,2,PROD-055,1,74.65,33.59
ORD-2023-035734,1,PROD-050,2,61.97,121.19
ORD-2023-035735,1,PROD-055,1,74.65,56.02
ORD-2023-035736,1,PROD-006,1,32.39,31.2
ORD-2023-035737,1,PROD-013,1,11.9,7.92
ORD-2023-035737,2,PROD-008,1,9.9,4.87
ORD-2023-035738,1,PROD-003,1,14.37,14.12
ORD-2023-035738,2,PROD-034,2,9.01,17.14
ORD-2023-035738,3,PROD-010,1,38.03,36.98
ORD-2023-035738,4,PROD-022,2,9.01,17.87
ORD-2023-035738,5,PROD-012,1,18.5,17.66
ORD-2023-035739,1,PROD-031,1,53.52,52.88
ORD-2023-035739,2,PROD-030,2,49.3,87.77
ORD-2023-035740,1,PROD-024,1,8.73,8.53
ORD-2023-035741,1,PROD-011,1,14.9,8.73
ORD-2023-035741,2,PROD-033,1,52.11,44.93
ORD-2023-035741,3,PROD-004,1,20.28,17.92
ORD-2023-035742,1,PROD-031,1,53.52,53.15
ORD-2023-035742,2,PROD-003,1,14.37,12.66
ORD-2023-035743,1,PROD-022,1,9.01,8.37
ORD-2023-035744,1,PROD-031,2,53.52,103.35
ORD-2023-035745,1,PROD-005,2,20.28,38.11
ORD-2023-035745,2,PROD-016,1,8.9,8.39
ORD-2023-035745,3,PROD-001,1,12.9,12.72
ORD-2023-035746,1,PROD-026,1,14.65,12.91
ORD-2023-035747,1,PROD-010,3,38.03,110.96
ORD-2023-035748,1,PROD-019,2,29.58,56.51
ORD-2023-035748,2,PROD-036,3,11.55,15.59
ORD-2023-035749,1,PROD-004,1,20.28,15.73
ORD-2023-035750,1,PROD-004,1,20.28,14.62
ORD-2023-035751,1,PROD-006,2,32.39,48.47
ORD-2023-035751,2,PROD-034,1,9.01,7.52
ORD-2023-035751,3,PROD-004,1,20.28,15.38
ORD-2023-035751,4,PROD-010,1,38.03,28.5
ORD-2023-035752,1,PROD-030,1,49.3,41.99
ORD-2023-035753,1,PROD-030,2,49.3,77.45
ORD-2023-035754,1,PROD-031,1,53.52,39.45
ORD-2023-035754,2,PROD-027,1,21.13,18.46
ORD-2023-035754,3,PROD-001,1,12.9,11.4
ORD-2023-035755,1,PROD-002,1,11.9,11.7
ORD-2023-035756,1,PROD-002,1,11.9,10.93
ORD-2023-035757,1,PROD-035,1,10.14,9.25
ORD-2023-035758,1,PROD-010,1,38.03,36.75
ORD-2023-035759,1,PROD-008,2,9.9,17.2
ORD-2023-035759,2,PROD-052,1,46.48,45.39
ORD-2023-035760,1,PROD-010,2,38.03,67.66
ORD-2023-035761,1,PROD-056,1,101.41,90.93
ORD-2023-035762,1,PROD-011,2,14.9,25.12
ORD-2023-035762,2,PROD-019,1,29.58,27.52
ORD-2023-035763,1,PROD-049,1,80.28,63.36
ORD-2023-035764,1,PROD-007,2,17.18,30.91
ORD-2023-035764,2,PROD-011,1,14.9,13.94
ORD-2023-035764,3,PROD-047,1,108.45,105.39
ORD-2023-035764,4,PROD-013,2,11.9,23.48
ORD-2023-035765,1,PROD-039,1,8.17,7.71
ORD-2023-035765,2,PROD-002,1,11.9,10.87
ORD-2023-035765,3,PROD-004,1,20.28,17.24
ORD-2023-035766,1,PROD-026,1,14.65,6.82
ORD-2023-035766,2,PROD-058,1,39.44,24.83
ORD-2023-035767,1,PROD-022,1,9.01,8.75
ORD-2023-035767,2,PROD-010,2,38.03,57.66
ORD-2023-035768,1,PROD-030,1,49.3,22.18
ORD-2023-035768,2,PROD-005,2,20.28,36.37
ORD-2023-035769,1,PROD-029,1,24.79,14.58
ORD-2023-035770,1,PROD-004,1,20.28,13.36
ORD-2023-035771,1,PROD-004,2,20.28,39.88
ORD-2023-035771,2,PROD-010,1,38.03,37.41
ORD-2023-035772,1,PROD-003,1,14.37,13.82
ORD-2023-035772,2,PROD-058,1,39.44,38.94
ORD-2023-035773,1,PROD-019,2,29.58,26.62
ORD-2023-035774,1,PROD-027,1,21.13,20.35
ORD-2023-035775,1,PROD-006,2,32.39,64.19
ORD-2023-035776,1,PROD-003,1,14.37,14.12
ORD-2023-035777,1,PROD-002,1,11.9,6.06
ORD-2023-035778,1,PROD-010,3,38.03,101.22
ORD-2023-035779,1,PROD-004,1,20.28,12.57
ORD-2023-035779,2,PROD-020,1,10.14,9.37
ORD-2023-035780,1,PROD-052,1,46.48,40.99
ORD-2023-035780,2,PROD-007,1,17.18,14.42
ORD-2023-035781,1,PROD-007,3,17.18,46.46
ORD-2023-035782,1,PROD-036,1,11.55,11.04
ORD-2023-035783,1,PROD-007,1,17.18,16.75
ORD-2023-035783,2,PROD-039,1,8.17,8.04
ORD-2023-035783,3,PROD-010,3,38.03,113.36
ORD-2023-035784,1,PROD-029,1,24.79,21.3
ORD-2023-035785,1,PROD-009,1,61.97,53.4
ORD-2023-035786,1,PROD-056,1,101.41,74.76
ORD-2023-035787,1,PROD-034,1,9.01,7.2
ORD-2023-035788,1,PROD-015,1,26.76,25.38
ORD-2023-035788,2,PROD-032,1,19.72,16.72
ORD-2023-035788,3,PROD-034,3,9.01,25.91
ORD-2023-035789,1,PROD-020,1,10.14,6.98
ORD-2023-035790,1,PROD-005,2,20.28,40.45
ORD-2023-035790,2,PROD-039,2,8.17,15.86
ORD-2023-035791,1,PROD-005,1,20.28,19.32
ORD-2023-035791,2,PROD-010,2,38.03,75.21
ORD-2023-035791,3,PROD-006,3,32.39,96.1
ORD-2023-035792,1,PROD-024,1,8.73,8.65
ORD-2023-035793,1,PROD-016,1,8.9,6.85
ORD-2023-035794,1,PROD-041,2,11.83,23.17
ORD-2023-035795,1,PROD-003,1,14.37,13.32
ORD-2023-035795,2,PROD-010,3,38.03,104.97
ORD-2023-035795,3,PROD-024,2,8.73,14.48
ORD-2023-035796,1,PROD-031,2,53.52,87.03
ORD-2023-035797,1,PROD-022,1,9.01,7.7
ORD-2023-035798,1,PROD-035,1,10.14,5.93
ORD-2023-035798,2,PROD-010,2,38.03,67.08
ORD-2023-035798,3,PROD-002,2,11.9,21.84
ORD-2023-035798,4,PROD-004,2,20.28,38.88
ORD-2023-035799,1,PROD-041,3,11.83,34.61
ORD-2023-035799,2,PROD-007,1,17.18,16.45
ORD-2023-035799,3,PROD-030,1,49.3,48.32
ORD-2023-035800,1,PROD-038,1,7.89,6.86
ORD-2023-035800,2,PROD-005,1,20.28,17.1
ORD-2023-035800,3,PROD-007,3,17.18,47.7
ORD-2023-035801,1,PROD-059,1,52.11,42.5
ORD-2023-035802,1,PROD-009,1,61.97,52.09
ORD-2023-035803,1,PROD-010,2,38.03,73.59
ORD-2023-035804,1,PROD-053,1,53.52,33.58
ORD-2023-035804,2,PROD-022,1,9.01,7.43
ORD-2023-035805,1,PROD-030,2,49.3,97.52
ORD-2023-035805,2,PROD-042,3,73.24,214.86
ORD-2023-035805,3,PROD-001,1,12.9,12.43
ORD-2023-035806,1,PROD-020,2,10.14,18.44
ORD-2023-035806,2,PROD-010,1,38.03,30.27
ORD-2023-035806,3,PROD-005,1,20.28,19.33
ORD-2023-035807,1,PROD-041,1,11.83,10.98
ORD-2023-035807,2,PROD-027,1,21.13,16.73
ORD-2023-035807,3,PROD-010,3,38.03,106.13
ORD-2023-035807,4,PROD-021,1,15.49,14.62
ORD-2023-035807,5,PROD-004,1,20.28,20.03
ORD-2023-035808,1,PROD-008,3,9.9,28.25
ORD-2023-035809,1,PROD-004,1,20.28,20.22
ORD-2023-035809,2,PROD-030,1,49.3,49.16
ORD-2023-035809,3,PROD-053,1,53.52,51.25
ORD-2023-035809,4,PROD-005,2,20.28,38.69
ORD-2023-035810,1,PROD-042,3,73.24,197.9
ORD-2023-035811,1,PROD-003,2,14.37,28.06
ORD-2023-035811,2,PROD-006,1,32.39,29.92
ORD-2023-035811,3,PROD-025,1,21.97,21.34
ORD-2023-035812,1,PROD-045,1,72.68,42.8
ORD-2023-035812,2,PROD-049,1,80.28,44.71
ORD-2023-035813,1,PROD-042,3,73.24,218.82
ORD-2023-035813,2,PROD-049,1,80.28,59.29
ORD-2023-035814,1,PROD-040,3,15.21,39.09
ORD-2023-035815,1,PROD-031,1,53.52,24.08
ORD-2023-035816,1,PROD-005,3,20.28,57.67
ORD-2023-035817,1,PROD-016,2,8.9,14.18
ORD-2023-035817,2,PROD-022,1,9.01,6.32
ORD-2023-035817,3,PROD-032,3,19.72,41.74
ORD-2023-035818,1,PROD-031,1,53.52,38.11
ORD-2023-035818,2,PROD-029,1,24.79,23.06
ORD-2023-035818,3,PROD-022,1,9.01,6.33
ORD-2023-035819,1,PROD-045,1,72.68,64.96
ORD-2023-035820,1,PROD-004,2,20.28,36.01
ORD-2023-035821,1,PROD-030,1,49.3,35.56
ORD-2023-035822,1,PROD-001,1,12.9,11.22
ORD-2023-035823,1,PROD-054,1,59.15,51.58
ORD-2023-035823,2,PROD-027,1,21.13,18.28
ORD-2023-035824,1,PROD-035,3,10.14,23.95
ORD-2023-035825,1,PROD-005,1,20.28,16.81
ORD-2023-035826,1,PROD-010,2,38.03,71.28
ORD-2023-035827,1,PROD-002,1,11.9,10.72
ORD-2023-035828,1,PROD-002,2,11.9,18.26
ORD-2023-035828,2,PROD-008,1,9.9,9.42
ORD-2023-035828,3,PROD-004,2,20.28,36.59
ORD-2023-035829,1,PROD-008,1,9.9,4.46
ORD-2023-035830,1,PROD-002,1,11.9,11.51
ORD-2023-035831,1,PROD-019,1,29.58,26.57
ORD-2023-035832,1,PROD-010,1,38.03,37.06
ORD-2023-035832,2,PROD-041,1,11.83,11.77
ORD-2023-035833,1,PROD-060,1,42.25,39.3
ORD-2023-035834,1,PROD-019,1,29.58,27.47
ORD-2023-035834,2,PROD-002,1,11.9,10.79
ORD-2023-035835,1,PROD-048,1,55.77,44.78
ORD-2023-035836,1,PROD-006,1,32.39,31.9
ORD-2023-035837,1,PROD-031,1,53.52,51.52
ORD-2023-035838,1,PROD-025,1,21.97,12.87
ORD-2023-035838,2,PROD-023,2,7.89,11.67
ORD-2023-035839,1,PROD-008,1,9.9,9.1
ORD-2023-035840,1,PROD-030,2,49.3,60.19
ORD-2023-035841,1,PROD-004,1,20.28,12.28
ORD-2023-035842,1,PROD-042,3,73.24,116.85
ORD-2023-035843,1,PROD-022,2,9.01,16.9
ORD-2023-035844,1,PROD-053,1,53.52,34.46
ORD-2023-035845,1,PROD-044,1,40.85,36.03
ORD-2023-035846,1,PROD-030,1,49.3,32.17
ORD-2023-035846,2,PROD-028,1,17.18,8.33
ORD-2023-035847,1,PROD-004,2,20.28,34.93
ORD-2023-035848,1,PROD-006,1,32.39,32.16
ORD-2023-035848,2,PROD-042,1,73.24,68.17
ORD-2023-035848,3,PROD-003,2,14.37,27.27
ORD-2023-035849,1,PROD-060,1,42.25,37.27
ORD-2023-035850,1,PROD-001,1,12.9,11.99
ORD-2023-035851,1,PROD-030,2,49.3,97.48
ORD-2023-035851,2,PROD-042,2,73.24,141.65
ORD-2023-035852,1,PROD-005,1,20.28,17.97
ORD-2023-035853,1,PROD-031,2,53.52,82.9
ORD-2023-035853,2,PROD-010,3,38.03,88.01
ORD-2023-035853,3,PROD-004,1,20.28,16.38
ORD-2023-035854,1,PROD-007,1,17.18,17.16
ORD-2023-035855,1,PROD-010,2,38.03,72.58
ORD-2023-035855,2,PROD-030,2,49.3,91.05
ORD-2023-035855,3,PROD-004,2,20.28,36.65
ORD-2023-035855,4,PROD-002,1,11.9,11.67
ORD-2023-035856,1,PROD-004,2,20.28,38.1
ORD-2023-035857,1,PROD-037,4,9.86,29.62
ORD-2023-035858,1,PROD-017,1,12.5,11.54
ORD-2023-035859,1,PROD-034,3,9.01,22.96
ORD-2023-035860,1,PROD-004,1,20.28,18.88
ORD-2023-035860,2,PROD-035,1,10.14,9.69
ORD-2023-035860,3,PROD-011,1,14.9,11.77
ORD-2023-035861,1,PROD-040,2,15.21,22.32
ORD-2023-035862,1,PROD-058,1,39.44,30.16
ORD-2023-035863,1,PROD-006,1,32.39,31.36
ORD-2023-035864,1,PROD-021,1,15.49,15.07
ORD-2023-035865,1,PROD-006,1,32.39,28.4
ORD-2023-035865,2,PROD-035,3,10.14,28.21
ORD-2023-035866,1, PROD-034 ,1,9.01,8.35
ORD-2023-035866,2,PROD-008,1,9.9,8.86
ORD-2023-035866,3,PROD-006,1,32.39,31.65
ORD-2023-035867,1,PROD-049,2,80.28,154.75
ORD-2023-035867,2,PROD-007,2,17.18,33.08
ORD-2023-035868,1,PROD-029,2,24.79,46.75
ORD-2023-035869,1,PROD-028,1,17.18,16.05
ORD-2023-035870,1,PROD-005,1,20.28,19.92
ORD-2023-035870,2,PROD-030,2,49.3,98.24
ORD-2023-035871,1,PROD-016,3,8.9,12.02
ORD-2023-035871,2,PROD-021,2,15.49,13.94
ORD-2023-035872,1,PROD-003,1,14.37,12.01
ORD-2023-035872,2,PROD-035,3,10.14,27.34
ORD-2023-035873,1,PROD-028,1,17.18,13.31
ORD-2023-035874,1,PROD-004,2,20.28,40.22
ORD-2023-035875,1,PROD-017,1,12.5,10.37
ORD-2023-035876,1,PROD-036,1,11.55,6.69
ORD-2023-035876,2,PROD-050,1,61.97,27.89
ORD-2023-035877,1,PROD-038,1,7.89,6.04
ORD-2023-035878,1,PROD-004,1,20.28,14.66
ORD-2023-035879,1,PROD-051,1,36.06,33.55
ORD-2023-035879,2,PROD-004,2,20.28,39.48
ORD-2023-035879,3,PROD-008,1,9.9,9.55
ORD-2023-035880,1,PROD-033,3,52.11,106.02
ORD-2023-035880,2,PROD-023,1,7.89,4.0
ORD-2023-035881,1,PROD-010,1,38.03,35.06
ORD-2023-035882,1,PROD-028,1,17.18,8.39
ORD-2023-035883,1,PROD-010,3,38.03,106.58
ORD-2023-035884,1,PROD-006,1,32.39,27.43
ORD-2023-035884,2,PROD-030,2,49.3,94.87
ORD-2023-035885,1,PROD-002,1,11.9,11.24
ORD-2023-035886,1,PROD-014,1,9.9,8.57
ORD-2023-035887,1,PROD-026,2,14.65,28.64
ORD-2023-035888,1,PROD-010,1,38.03,35.79
ORD-2023-035888,2,PROD-004,2,20.28,33.45
ORD-2023-035889,1,PROD-004,1,20.28,18.2
ORD-2023-035889,2,PROD-034,1,9.01,7.82
ORD-2023-035889,3,PROD-010,1,38.03,34.95
ORD-2023-035889,4,PROD-006,1,32.39,26.09
ORD-2023-035890,1,PROD-010,2,38.03,74.39
ORD-2023-035890,2,PROD-008,1,9.9,9.15
ORD-2023-035891,1,PROD-031,2,53.52,68.78
ORD-2023-035892,1,PROD-006,1,32.39,30.71
ORD-2023-035893,1,PROD-034,3,9.01,26.23
ORD-2023-035893,2,PROD-001,1,12.9,12.06
ORD-2023-035893,3,PROD-047,1,108.45,102.46
ORD-2023-035894,1,PROD-002,3,11.9,32.39
ORD-2023-035895,1,PROD-005,1,20.28,19.65
ORD-2023-035896,1,PROD-010,2,38.03,37.96
ORD-2023-035897,1,PROD-039,3,8.17,20.95
ORD-2023-035897,2,PROD-010,1,38.03,32.7
ORD-2023-035898,1,PROD-036,2,11.55,18.59
ORD-2023-035898,2,PROD-019,2,29.58,55.86
ORD-2023-035898,3,PROD-004,2,20.28,36.24
ORD-2023-035899,1,PROD-054,1,59.15,28.76
ORD-2023-035900,1,PROD-044,1,40.85,34.77
ORD-2023-035900,2,PROD-034,2,9.01,12.5
ORD-2023-035901,1,PROD-039,2,8.17,13.31
ORD-2023-035901,2,PROD-021,1,15.49,14.49
ORD-2023-035902,1,PROD-006,2,32.39,58.1
ORD-2023-035902,2,PROD-003,1,14.37,13.94
ORD-2023-035903,1,PROD-002,2,11.9,20.86
ORD-2023-035904,1,PROD-007,1,17.18,16.6
ORD-2023-035905,1,PROD-036,4,11.55,42.49
ORD-2023-035906,1,PROD-002,2,11.9,23.04
ORD-2023-035907,1,PROD-013,1,11.9,9.31
ORD-2023-035907,2,PROD-048,1,55.77,51.54
ORD-2023-035908,1,PROD-034,1,9.01,6.09
ORD-2023-035909,1,PROD-026,1,14.65,12.58
ORD-2023-035909,2,PROD-010,1,38.03,34.03
ORD-2023-035909,3,PROD-030,1,49.3,45.64
ORD-2023-035909,4,PROD-028,1,17.18,16.85
ORD-2023-035910,1,PROD-054,1,59.15,53.44
ORD-2023-035911,1,PROD-004,1,20.28,19.89
ORD-2023-035911,2,PROD-034,2,9.01,17.3
ORD-2023-035911,3,PROD-035,2,10.14,17.25
ORD-2023-035912,1,PROD-010,1,38.03,31.47
ORD-2023-035913,1,PROD-001,1,12.9,12.61
ORD-2023-035914,1,PROD-002,1,11.9,5.35
ORD-2023-035914,2,PROD-022,2,9.01,11.92
ORD-2023-035915,1,PROD-007,1,17.18,16.05
ORD-2023-035916,1,PROD-001,2,12.9,24.19
ORD-2023-035917,1,PROD-001,2,12.9,23.95
ORD-2023-035917,2,PROD-019,1,29.58,26.93
ORD-2023-035918,1,PROD-028,1,17.18,14.35
ORD-2023-035919,1,PROD-010,2,38.03,61.29
ORD-2023-035919,2,PROD-034,1,9.01,8.48
ORD-2023-035920,1,PROD-035,2,10.14,19.54
ORD-2023-035920,2,PROD-034,2,9.01,16.62
ORD-2023-035920,3,PROD-010,2,38.03,74.68
ORD-2023-035921,1,PROD-014,1,9.9,8.57
ORD-2023-035922,1,PROD-010,1,38.03,32.6
ORD-2023-035923,1,PROD-005,1,20.28,20.15
ORD-2023-035923,2,PROD-036,2,11.55,22.88
ORD-2023-035924,1,PROD-010,2,38.03,50.94
ORD-2023-035925,1,PROD-058,1,39.44,30.15
ORD-2023-035926,1,PROD-045,1,72.68,61.04
ORD-2023-035927,1,PROD-010,1,38.03,37.49
ORD-2023-035928,1,PROD-001,1,12.9,11.69
ORD-2023-035928,2,PROD-010,1,38.03,32.81
ORD-2023-035928,3,PROD-039,1,8.17,8.03
ORD-2023-035929,1,PROD-004,1,20.28,19.04
ORD-2023-035929,2,PROD-024,1,8.73,7.19
ORD-2023-035930,1,PROD-001,1,12.9,11.99
ORD-2023-035931,1,PROD-012,1,18.5,17.74
ORD-2023-035931,2,PROD-041,2,11.83,23.37
ORD-2023-035931,3,PROD-030,1,49.3,45.1
ORD-2023-035932,1,PROD-035,2,10.14,16.56
ORD-2023-035933,1,PROD-008,1,9.9,9.6
ORD-2023-035934,1,PROD-012,1,18.5,17.88
ORD-2023-035934,2,PROD-004,1,20.28,19.46
ORD-2023-035935,1,PROD-003,1,14.37,10.92
ORD-2023-035935,2,PROD-006,2,32.39,37.66
ORD-2023-035935,3,PROD-027,1,21.13,15.37
ORD-2023-035935,4,PROD-026,2,14.65,18.59
ORD-2023-035935,5,PROD-034,1,9.01,-8.44
ORD-2023-035936,1,PROD-045,1,72.68,46.28
ORD-2023-035936,2,PROD-016,1,8.9,4.0
ORD-2023-035937,1,PROD-034,1,9.01,8.25
ORD-2023-035937,2,PROD-010,2,38.03,69.99
ORD-2023-035937,3,PROD-004,2,20.28,34.09
ORD-2023-035938,1,PROD-058,1,39.44,38.54
ORD-2023-035938,2,PROD-010,1,38.03,33.12
ORD-2023-035939,1,PROD-041,1,11.83,11.61
ORD-2023-035940,1,PROD-034,1,9.01,8.2
ORD-2023-035940,2,PROD-005,1,20.28,18.3
ORD-2023-035941,1,PROD-030,1,49.3,39.47
ORD-2023-035942,1,PROD-007,2,17.18,33.63
ORD-2023-035942,2,PROD-041,1,11.83,11.3
ORD-2023-035943,1,PROD-036,2,11.55,19.4
ORD-2023-035944,1,PROD-010,1,38.03,37.71
ORD-2023-035944,2,PROD-034,2,9.01,17.33
ORD-2023-035944,3,PROD-049,1,80.28,77.61
ORD-2023-035945,1,PROD-006,1,32.39,26.34
ORD-2023-035945,2,PROD-035,3,10.14,29.64
ORD-2023-035946,1,PROD-036,3,11.55,19.04
ORD-2023-035947,1,PROD-006,1,32.39,23.12
ORD-2023-035948,1,PROD-003,1,14.37,11.87
ORD-2023-035949,1,PROD-006,1,32.39,28.31
ORD-2023-035949,2,PROD-031,1,53.52,51.06
ORD-2023-035949,3,PROD-010,1,38.03,30.83
ORD-2023-035950,1,PROD-032,1,19.72,19.58
ORD-2023-035951,1,PROD-023,2,7.89,12.57
ORD-2023-035951,2,PROD-030,2,49.3,57.63
ORD-2023-035951,3,PROD-016,1,8.9,6.62
ORD-2023-035952,1,PROD-033,1,52.11,41.29
ORD-2023-035953,1,PROD-035,2,10.14,13.12
ORD-2023-035953,2,PROD-038,2,7.89,14.46
ORD-2023-035954,1,PROD-010,3,38.03,104.75
ORD-2023-035955,1,PROD-005,1,20.28,15.69
ORD-2023-035956,1,PROD-014,1,9.9,9.15
ORD-2023-035956,2,PROD-009,2,61.97,61.71
ORD-2023-035957,1,PROD-003,1,14.37,13.63
ORD-2023-035958,1,PROD-002,1,11.9,11.68
ORD-2023-035958,2,PROD-003,2,14.37,28.43
ORD-2023-035959,1,PROD-006,1,32.39,26.71
ORD-2023-035959,2,PROD-001,1,12.9,11.61
ORD-2023-035959,3,PROD-010,1,38.03,32.86
ORD-2023-035960,1,PROD-007,1,17.18,16.01
ORD-2023-035961,1,PROD-003,1,14.37,13.96
ORD-2023-035961,2,PROD-041,2,11.83,21.9
ORD-2023-035962,1,PROD-035,2,10.14,14.78
ORD-2023-035963,1,PROD-029,1,24.79,22.89
ORD-2023-035964,1,PROD-015,1,26.76,26.36
ORD-2023-035964,2,PROD-005,2,20.28,37.75
ORD-2023-035965,1,PROD-020,2,10.14,16.05
ORD-2023-035965,2,PROD-034,2,9.01,16.47
ORD-2023-035966,1,PROD-004,1,20.28,19.64
ORD-2023-035967,1,PROD-005,2,20.28,37.8
ORD-2023-035968,1,PROD-012,2,18.5,30.93
ORD-2023-035969,1,PROD-002,2,11.9,10.71
ORD-2023-035970,1,PROD-058,1,39.44,38.74
ORD-2023-035971,1,PROD-007,1,17.18,14.93
ORD-2023-035971,2,PROD-010,3,38.03,96.23
ORD-2023-035972,1,PROD-016,2,8.9,16.93
ORD-2023-035972,2,PROD-038,4,7.89,30.64
ORD-2023-035973,1,PROD-055,1,74.65,34.6
ORD-2023-035974,1,PROD-004,2,20.28,33.59
ORD-2023-035975,1,PROD-039,4,8.17,31.15
ORD-2023-035976,1,PROD-030,2,49.3,69.75
ORD-2023-035977,1,PROD-036,2,11.55,14.28
ORD-2023-035977,2,PROD-051,1,36.06,30.56
ORD-2023-035978,1,PROD-002,1,11.9,10.01
ORD-2023-035978,2,PROD-013,2,11.9,21.98
ORD-2023-035978,3,PROD-026,1,14.65,13.39
ORD-2023-035979,1,PROD-031,1,53.52,39.18
ORD-2023-035980,1,PROD-059,1,52.11,43.52
ORD-2023-035981,1,PROD-004,2,20.28,38.26
ORD-2023-035981,2,PROD-019,1,29.58,26.3
ORD-2023-035981,3,PROD-038,3,7.89,22.87
ORD-2023-035982,1,PROD-008,2,9.9,15.36
ORD-2023-035983,1,PROD-010,2,38.03,71.76
ORD-2023-035984,1,PROD-010,1,38.03,37.06
ORD-2023-035985,1,PROD-034,4,9.01,33.29
ORD-2023-035985,2,PROD-017,3,12.5,26.23
ORD-2023-035985,3,PROD-038,2,7.89,13.81
ORD-2023-035986,1,PROD-035,1,10.14,6.84
ORD-2023-035987,1,PROD-017,1,12.5,11.92
ORD-2023-035987,2,PROD-035,2,10.14,18.56
ORD-2023-035988,1,PROD-041,1,11.83,10.58
ORD-2023-035989,1,PROD-001,1,12.9,12.5
ORD-2023-035989,2,PROD-010,1,38.03,35.78
ORD-2023-035989,3,PROD-032,1,19.72,18.21
ORD-2023-035990,1,PROD-044,1,40.85,31.59
ORD-2023-035991,1,PROD-003,1,14.37,12.58
ORD-2023-035992,1,PROD-010,1,38.03,28.61
ORD-2023-035992,2,PROD-001,1,12.9,8.66
ORD-2023-035992,3,PROD-038,1,7.89,6.72
ORD-2023-035993,1,PROD-030,2,49.3,53.13
ORD-2023-035993,2,PROD-059,1,52.11,42.51
ORD-2023-035994,1,PROD-004,1,20.28,19.07
ORD-2023-035994,2,PROD-006,1,32.39,28.82
ORD-2023-035994,3,PROD-012,3,18.5,41.64
ORD-2023-035994,4,PROD-027,1,21.13,20.43
ORD-2023-035994,5,PROD-019,1,29.58,26.82
ORD-2023-035995,1,PROD-012,1,18.5,15.75
ORD-2023-035995,2,PROD-032,1,19.72,18.94
ORD-2023-035996,1,PROD-006,1,32.39,31.88
ORD-2023-035997,1,PROD-022,1,9.01,8.57
ORD-2023-035997,2,PROD-050,1,61.97,61.27
ORD-2023-035997,3,PROD-004,1,20.28,19.69
ORD-2023-035998,1,PROD-056,1,101.41,45.63
ORD-2023-035999,1,PROD-013,1,11.9,11.5
ORD-2023-036000,1,PROD-011,2,14.9,14.76
ORD-2023-036001,1,PROD-020,2,10.14,19.92
ORD-2023-036002,1,PROD-008,2,9.9,11.56
ORD-2023-036003,1,PROD-010,1,38.03,37.2
ORD-2023-036003,2,PROD-005,2,20.28,39.38
ORD-2023-036004,1,PROD-014,1,9.9,9.33
ORD-2023-036005,1,PROD-008,1,9.9,6.34
ORD-2023-036006,1,PROD-006,1,32.39,29.08
ORD-2023-036007,1,PROD-015,2,26.76,31.74
ORD-2023-036008,1,PROD-010,1,38.03,37.52
ORD-2023-036009,1,PROD-015,1,26.76,15.9
ORD-2023-036010,1,PROD-005,2,20.28,40.25
ORD-2023-036011,1,PROD-002,1,11.9,11.14
ORD-2023-036011,2,PROD-003,1,14.37,13.73
ORD-2023-036011,3,PROD-010,3,38.03,95.98
ORD-2023-036012,1,PROD-004,1,20.28,19.83
ORD-2023-036013,1,PROD-006,1,32.39,18.51
ORD-2023-036014,1,PROD-038,4,7.89,20.16
ORD-2023-036014,2,PROD-056,1,101.41,77.41
ORD-2023-036015,1,PROD-004,2,20.28,37.12
ORD-2023-036015,2,PROD-041,1,11.83,10.78
ORD-2023-036016,1,PROD-004,1,20.28,19.07
ORD-2023-036017,1,PROD-058,1,39.44,24.56
ORD-2023-036018,1,PROD-039,3,8.17,22.89
ORD-2023-036019,1,PROD-004,2,20.28,24.29
ORD-2023-036020,1,PROD-047,1,108.45,106.04
ORD-2023-036021,1,PROD-028,1,17.18,15.14
ORD-2023-036022,1,PROD-027,2,21.13,19.02
ORD-2023-036022,2,PROD-001,1,12.9,10.15
ORD-2023-036023,1,PROD-005,2,20.28,37.66
ORD-2023-036024,1,PROD-001,2,12.9,24.92
ORD-2023-036024,2,PROD-026,2,14.65,26.43
ORD-2023-036025,1,PROD-003,1,14.37,8.71
ORD-2023-036025,2,PROD-034,2,9.01,12.0
ORD-2023-036026,1,PROD-060,1,42.25,19.01
ORD-2023-036027,1,PROD-033,1,52.11,50.59
ORD-2023-036028,1,PROD-005,2,20.28,31.54
ORD-2023-036028,2,PROD-012,1,18.5,17.87
ORD-2023-036029,1,PROD-006,1,32.39,30.85
ORD-2023-036030,1,PROD-032,1,19.72,15.03
ORD-2023-036030,2,PROD-037,1,9.86,5.61
ORD-2023-036031,1,PROD-042,2,73.24,141.63
ORD-2023-036032,1,PROD-031,1,53.52,49.15
ORD-2023-036033,1,PROD-001,1,12.9,12.82
ORD-2023-036033,2,PROD-002,2,11.9,23.32
ORD-2023-036033,3,PROD-004,1,20.28,20.09
ORD-2023-036034,1,PROD-050,1,61.97,54.53
ORD-2023-036035,1,PROD-038,1,7.89,7.57
ORD-2023-036036,1,PROD-013,2,11.9,10.71
ORD-2023-036037,1,PROD-010,1,38.03,32.09
ORD-2023-036038,1,PROD-035,2,10.14,18.78
ORD-2023-036039,1,PROD-002,1,11.9,11.85
ORD-2023-036040,1,PROD-030,2,49.3,89.33
ORD-2023-036040,2,PROD-031,1,53.52,48.37
ORD-2023-036040,3,PROD-035,1,10.14,9.02
ORD-2023-036041,1,PROD-005,1,20.28,14.71
ORD-2023-036042,1,PROD-026,2,14.65,26.54
ORD-2023-036042,2,PROD-004,3,20.28,50.17
ORD-2023-036042,3,PROD-003,3,14.37,40.05
ORD-2023-036043,1,PROD-003,1,14.37,12.78
ORD-2023-036043,2,PROD-032,4,19.72,70.01
ORD-2023-036044,1,PROD-021,1,15.49,10.86
ORD-2023-036045,1,PROD-024,2,8.73,16.21
ORD-2023-036045,2,PROD-026,1,14.65,9.32
ORD-2023-036046,1,PROD-002,2,11.9,23.21
ORD-2023-036046,2,PROD-006,2,32.39,63.21
ORD-2023-036047,1,PROD-054,1,59.15,55.02
ORD-2023-036048,1,PROD-039,3,8.17,22.84
ORD-2023-036048,2,PROD-042,2,73.24,144.0
ORD-2023-036049,1,PROD-005,1,20.28,19.85
ORD-2023-036049,2,PROD-060,1,42.25,41.12
ORD-2023-036050,1,PROD-004,2,20.28,37.76
ORD-2023-036051,1,PROD-013,1,11.9,10.78
ORD-2023-036052,1,PROD-028,1,17.18,8.22
ORD-2023-036053,1,PROD-052,1,46.48,36.16
ORD-2023-036053,2,PROD-027,1,21.13,12.63
ORD-2023-036054,1,PROD-010,1,38.03,29.13
ORD-2023-036055,1,PROD-030,2,49.3,83.84
ORD-2023-036056,1,PROD-036,1,11.55,8.68
ORD-2023-036056,2,PROD-032,2,19.72,38.37
ORD-2023-036057,1,PROD-010,1,38.03,37.4
ORD-2023-036058,1,PROD-037,1,9.86,9.1
ORD-2023-036059,1,PROD-041,2,11.83,11.57
ORD-2023-036060,1,PROD-021,1,15.49,14.96
ORD-2023-036061,1,PROD-005,2,20.28,35.04
ORD-2023-036061,2,PROD-041,3,11.83,30.82
ORD-2023-036062,1,PROD-007,1,17.18,11.45
ORD-2023-036063,1,PROD-002,1,11.9,10.1
ORD-2023-036063,2,PROD-010,2,38.03,69.19
ORD-2023-036063,3,PROD-006,1,32.39,31.67
ORD-2023-036063,4,PROD-004,3,20.28,57.92
ORD-2023-036063,5,PROD-034,4,9.01,33.19
ORD-2023-036064,1,PROD-044,1,40.85,38.53
ORD-2023-036065,1,PROD-023,1,7.89,7.59
ORD-2023-036066,1,PROD-032,2,19.72,37.93
ORD-2023-036067,1,PROD-033,1,52.11,47.44
ORD-2023-036068,1,PROD-028,2,17.18,22.95
ORD-2023-036069,1,PROD-004,1,20.28,18.1
ORD-2023-036069,2,PROD-006,1,32.39,31.65
ORD-2023-036069,3,PROD-003,2,14.37,27.54
ORD-2023-036070,1,PROD-005,1,20.28,14.73
ORD-2023-036070,2,PROD-002,1,11.9,11.27
ORD-2023-036070,3,PROD-027,1,21.13,14.24
ORD-2023-036071,1,PROD-001,2,12.9,23.61
ORD-2023-036072,1,PROD-002,1,11.9,7.52
ORD-2023-036073,1,PROD-001,1,12.9,10.81
ORD-2023-036073,2,PROD-003,1,14.37,13.56
ORD-2023-036074,1,PROD-041,2,11.83,14.84
ORD-2023-036074,2,PROD-031,2,53.52,51.45
ORD-2023-036075,1,PROD-001,3,12.9,25.58
ORD-2023-036075,2,PROD-020,1,10.14,8.78
ORD-2023-036076,1,PROD-010,3,38.03,109.34
ORD-2023-036077,1,PROD-015,1,26.76,26.18
ORD-2023-036077,2,PROD-002,1,11.9,11.21
ORD-2023-036078,1,PROD-031,1,53.52,47.4
ORD-2023-036078,2,PROD-004,1,20.28,18.16
ORD-2023-036079,1,PROD-010,1,38.03,37.43
ORD-2023-036080,1,PROD-021,1,15.49,6.97
ORD-2023-036081,1,PROD-036,1,11.55,8.48
ORD-2023-036082,1,PROD-041,1,11.83,11.59
ORD-2023-036083,1,PROD-042,1,73.24,42.41
ORD-2023-036083,2,PROD-016,1,8.9,4.0
ORD-2023-036084,1,PROD-005,3,20.28,51.22
ORD-2023-036084,2,PROD-004,2,20.28,32.91
ORD-2023-036085,1,PROD-019,1,29.58,19.81
ORD-2023-036086,1,PROD-011,2,14.9,15.11
ORD-2023-036087,1,PROD-001,2,12.9,25.11
ORD-2023-036088,1,PROD-002,1,11.9,11.46
ORD-2023-036089,1,PROD-019,1,29.58,28.07
ORD-2023-036090,1,PROD-014,1,9.9,7.93
ORD-2023-036090,2,PROD-001,1,12.9,8.23
ORD-2023-036091,1,PROD-054,1,59.15,52.66
ORD-2023-036092,1,PROD-006,1,32.39,30.57
ORD-2023-036093,1,PROD-010,2,38.03,69.59
ORD-2023-036093,2,PROD-026,1,14.65,11.61
ORD-2023-036093,3,PROD-005,1,20.28,17.9
ORD-2023-036094,1,PROD-006,1,32.39,27.21
ORD-2023-036095,1,PROD-026,1,14.65,12.13
 ORD-2023-036095 ,2,PROD-030,1,49.3,46.12
ORD-2023-036096,1,PROD-003,1,14.37,13.97
ORD-2023-036097,1,PROD-038,1,7.89,7.12
ORD-2023-036097,2,PROD-041,2,11.83,18.46
ORD-2023-036098,1,PROD-006,1,32.39,29.52
ORD-2023-036099,1,PROD-004,1,20.28,14.27
ORD-2023-036100,1,PROD-012,1,18.5,14.43
ORD-2023-036101,1,PROD-001,1,12.9,12.1
ORD-2023-036102,1,PROD-042,1,73.24,70.43
ORD-2023-036102,2,PROD-006,1,32.39,29.12
ORD-2023-036102,3,PROD-002,1,11.9,11.75
ORD-2023-036102,4,PROD-008,1,9.9,8.99
ORD-2023-036102,5,PROD-010,2,38.03,66.13
ORD-2023-036103,1,PROD-049,1,80.28,36.13
ORD-2023-036103,2,PROD-060,1,42.25,24.7
ORD-2023-036104,1,PROD-010,1,38.03,37.52
ORD-2023-036105,1,PROD-012,2,18.5,23.42
ORD-2023-036106,1,PROD-001,2,12.9,24.27
ORD-2023-036106,2,PROD-034,1,9.01,7.95
ORD-2023-036107,1,PROD-053,1,53.52,45.37
ORD-2023-036108,1,PROD-028,1,17.18,10.46
ORD-2023-036108,2,PROD-024,1,8.73,5.89
ORD-2023-036109,1,PROD-042,1,73.24,69.16
ORD-2023-036110,1,PROD-042,4,73.24,250.42
ORD-2023-036110,2,PROD-026,1,14.65,13.4
ORD-2023-036111,1,PROD-010,2,38.03,67.84
ORD-2023-036111,2,PROD-037,4,9.86,37.29
ORD-2023-036112,1,PROD-005,1,20.28,19.27
ORD-2023-036113,1,PROD-006,2,32.39,63.39
ORD-2023-036114,1,PROD-032,2,19.72,34.86
ORD-2023-036115,1,PROD-035,1,10.14,9.79
ORD-2023-036116,1,PROD-031,1,53.52,47.18
ORD-2023-036116,2,PROD-006,2,32.39,64.33
ORD-2023-036117,1,PROD-010,3,38.03,71.52
ORD-2023-036117,2,PROD-034,2,9.01,9.33
ORD-2023-036117,3,PROD-041,3,11.83,29.17
ORD-2023-036118,1,PROD-014,1,9.9,9.7
ORD-2023-036118,2,PROD-032,4,19.72,76.67
ORD-2023-036119,1,PROD-037,1,9.86,9.23
ORD-2023-036119,2,PROD-001,1,12.9,11.7
ORD-2023-036120,1,PROD-001,1,12.9,12.06
ORD-2023-036121,1,PROD-011,1,14.9,13.87
ORD-2023-036122,1,PROD-002,1,11.9,11.19
ORD-2023-036122,2,PROD-038,1,7.89,7.67
ORD-2023-036123,1,PROD-023,1,7.89,5.27
ORD-2023-036124,1,PROD-006,1,32.39,26.99
ORD-2023-036125,1,PROD-005,1,20.28,16.62
ORD-2023-036125,2,PROD-006,2,32.39,55.03
ORD-2023-036126,1,PROD-048,1,55.77,51.3
ORD-2023-036126,2,PROD-014,2,9.9,19.41
ORD-2023-036126,3,PROD-054,1,59.15,57.51
ORD-2023-036127,1,PROD-039,1,8.17,3.68
ORD-2023-036128,1,PROD-005,1,20.28,14.83
ORD-2023-036129,1,PROD-002,1,11.9,10.1
ORD-2023-036130,1,PROD-005,1,20.28,19.84
ORD-2023-036131,1,PROD-010,1,38.03,37.04
ORD-2023-036131,2,PROD-038,1,7.89,6.62
ORD-2023-036132,1,PROD-010,1,38.03,30.96
ORD-2023-036132,2,PROD-055,1,74.65,56.02
ORD-2023-036133,1,PROD-014,1,9.9,8.71
ORD-2023-036134,1,PROD-033,2,52.11,88.75
ORD-2023-036134,2,PROD-034,2,9.01,17.16
ORD-2023-036135,1,PROD-020,1,10.14,8.42
ORD-2023-036136,1,PROD-031,1,53.52,49.68
ORD-2023-036137,1,PROD-005,1,20.28,18.52
ORD-2023-036137,2,PROD-036,3,11.55,28.23
ORD-2023-036138,1,PROD-002,2,11.9,22.98
ORD-2023-036139,1,PROD-003,1,14.37,13.99
ORD-2023-036140,1,PROD-032,2,19.72,39.2
ORD-2023-036140,2,PROD-006,2,32.39,63.73
ORD-2023-036141,1,PROD-034,1,9.01,5.84
ORD-2023-036142,1,PROD-019,2,29.58,37.02
ORD-2023-036143,1,PROD-035,1,10.14,9.37
ORD-2023-036144,1,PROD-023,2,7.89,9.18
ORD-2023-036144,2,PROD-031,1,53.52,31.34
ORD-2023-036145,1,PROD-008,1,9.9,9.65
ORD-2023-036145,2,PROD-039,1,8.17,7.57
ORD-2023-036146,1,PROD-031,1,53.52,51.46
ORD-2023-036146,2,PROD-002,2,11.9,20.52
ORD-2023-036147,1,PROD-001,1,12.9,11.74
ORD-2023-036148,1,PROD-005,1,20.28,13.89
ORD-2023-036148,2,PROD-010,3,38.03,78.05
ORD-2023-036148,3,PROD-004,1,20.28,17.97
ORD-2023-036148,4,PROD-012,2,18.5,33.73
ORD-2023-036148,5,PROD-035,2,10.14,14.52
ORD-2023-036149,1,PROD-033,2,52.11,87.07
ORD-2023-036150,1,PROD-002,1,11.9,11.24
ORD-2023-036150,2,PROD-038,1,7.89,7.27
ORD-2023-036151,1,PROD-034,2,9.01,11.79
ORD-2023-036152,1,PROD-004,2,20.28,24.53
ORD-2023-036153,1,PROD-050,1,61.97,52.53
ORD-2023-036153,2,PROD-001,1,12.9,11.72
ORD-2023-036154,1,PROD-011,1,14.9,11.75
ORD-2023-036155,1,PROD-005,3,20.28,50.59
ORD-2023-036156,1,PROD-006,3,32.39,90.51
ORD-2023-036156,2,PROD-010,1,38.03,18.24
ORD-2023-036156,3,PROD-034,1,9.01,6.36
ORD-2023-036157,1,PROD-006,2,32.39,57.91
ORD-2023-036158,1,PROD-048,1,55.77,25.1
ORD-2023-036159,1,PROD-027,1,21.13,19.16
ORD-2023-036159,2,PROD-001,1,12.9,12.04
ORD-2023-036160,1,PROD-004,2,20.28,33.88
ORD-2023-036161,1,PROD-007,1,17.18,16.69
ORD-2023-036162,1,PROD-017,2,12.5,20.43
ORD-2023-036162,2,PROD-005,1,20.28,16.93
ORD-2023-036163,1,PROD-036,2,11.55,21.94
ORD-2023-036163,2,PROD-007,1,17.18,17.03
ORD-2023-036163,3,PROD-004,3,20.28,60.36
ORD-2023-036164,1,PROD-038,1,7.89,6.47
ORD-2023-036164,2,PROD-010,1,38.03,29.49
ORD-2023-036165,1,PROD-047,1,108.45,101.76
ORD-2023-036166,1,PROD-034,3,9.01,24.31
ORD-2023-036167,1,PROD-006,1,32.39,26.23
ORD-2023-036167,2,PROD-030,1,49.3,45.85
ORD-2023-036167,3,PROD-011,1,14.9,11.63
ORD-2023-036168,1,PROD-020,1,10.14,6.38
ORD-2023-036169,1,PROD-034,2,9.01,14.73
ORD-2023-036169,2,PROD-031,1,53.52,34.94
ORD-2023-036169,3,PROD-032,1,19.72,8.87
ORD-2023-036170,1,PROD-001,1,12.9,12.63
ORD-2023-036171,1,PROD-035,4,10.14,38.6
ORD-2023-036171,2,PROD-033,1,52.11,42.65
ORD-2023-036172,1,PROD-006,2,32.39,57.52
ORD-2023-036173,1,PROD-005,3,20.28,59.03
ORD-2023-036173,2,PROD-030,1,49.3,28.03
ORD-2023-036174,1,PROD-006,1,32.39,20.03
ORD-2023-036175,1,PROD-010,1,38.03,32.68
ORD-2023-036176,1,PROD-004,3,20.28,58.68
ORD-2023-036177,1,PROD-004,1,20.28,19.0
ORD-2023-036178,1,PROD-011,2,14.9,28.8
ORD-2023-036179,1,PROD-054,1,59.15,26.62
ORD-2023-036179,2,PROD-030,1,49.3,43.98
ORD-2023-036180,1,PROD-056,1,101.41,86.36
ORD-2023-036181,1,PROD-027,1,21.13,13.15
ORD-2023-036182,1,PROD-006,1,32.39,31.36
ORD-2023-036182,2,PROD-001,1,12.9,12.37
ORD-2023-036183,1,PROD-006,1,32.39,30.78
ORD-2023-036184,1,PROD-008,1,9.9,9.62
ORD-2023-036185,1,PROD-045,1,72.68,70.3
ORD-2023-036185,2,PROD-032,2,19.72,36.2
ORD-2023-036186,1,PROD-029,1,24.79,21.83
ORD-2023-036187,1,PROD-004,1,20.28,17.0
ORD-2023-036188,1,PROD-007,2,17.18,32.28
ORD-2023-036189,1,PROD-003,1,14.37,13.98
ORD-2023-036190,1,PROD-038,1,7.89,7.68
ORD-2023-036191,1,PROD-021,1,15.49,13.73
ORD-2023-036191,2,PROD-027,2,21.13,37.6
ORD-2023-036192,1,PROD-038,1,7.89,3.55
ORD-2023-036193,1,PROD-015,1,26.76,13.08
ORD-2023-036193,2,PROD-039,3,8.17,21.07
ORD-2023-036194,1,PROD-014,1,9.9,9.62
ORD-2023-036195,1,PROD-041,2,11.83,17.44
ORD-2023-036196,1,PROD-006,2,32.39,58.71
ORD-2023-036196,2,PROD-004,2,20.28,39.7
ORD-2023-036197,1,PROD-006,1,32.39,29.8
ORD-2023-036197,2,PROD-003,2,14.37,27.35
ORD-2023-036197,3,PROD-005,2,20.28,34.07
ORD-2023-036198,1,PROD-009,2,61.97,120.16
ORD-2023-036198,2,PROD-005,1,20.28,19.21
ORD-2023-036199,1,PROD-006,1,32.39,31.72
ORD-2023-036200,1,PROD-020,1,10.14,6.63
ORD-2023-036201,1,PROD-002,1,11.9,11.05
ORD-2023-036202,1,PROD-015,1,26.76,25.39
ORD-2023-036202,2,PROD-001,2,12.9,24.94
ORD-2023-036203,1,PROD-001,1,12.9,11.43
ORD-2023-036204,1,PROD-004,2,20.28,40.22
ORD-2023-036204,2,PROD-034,3,9.01,25.12
ORD-2023-036205,1,PROD-010,1,38.03,25.73
ORD-2023-036206,1,PROD-008,1,9.9,9.46
ORD-2023-036206,2,PROD-042,1,73.24,70.65
ORD-2023-036207,1,PROD-006,1,32.39,30.14
ORD-2023-036208,1,PROD-053,1,53.52,51.26
ORD-2023-036209,1,PROD-039,1,8.17,7.53
ORD-2023-036209,2,PROD-014,1,9.9,9.06
ORD-2023-036210,1,PROD-005,2,20.28,38.79
ORD-2023-036210,2,PROD-010,1,38.03,33.49
ORD-2023-036211,1,PROD-034,2,9.01,15.98
ORD-2023-036212,1,PROD-030,1,49.3,40.33
ORD-2023-036212,2,PROD-004,1,20.28,19.55
ORD-2023-036213,1,PROD-002,2,11.9,22.76
ORD-2023-036214,1,PROD-006,1,32.39,27.83
ORD-2023-036215,1,PROD-008,2,9.9,18.23
ORD-2023-036216,1,PROD-028,1,17.18,8.66
ORD-2023-036217,1,PROD-049,1,80.28,67.2
ORD-2023-036217,2,PROD-035,2,10.14,17.73
ORD-2023-036218,1,PROD-013,1,11.9,10.8
ORD-2023-036219,1,PROD-030,1,49.3,42.85
ORD-2023-036220,1,PROD-010,1,38.03,33.78
ORD-2023-036220,2,PROD-038,2,7.89,14.4
ORD-2023-036220,3,PROD-041,2,11.83,15.47
ORD-2023-036221,1,PROD-055,1,74.65,53.52
ORD-2023-036222,1,PROD-004,1,20.28,20.07
ORD-2023-036223,1,PROD-021,2,15.49,19.35
ORD-2023-036224,1,PROD-019,1,29.58,24.36
ORD-2023-036225,1,PROD-003,1,14.37,11.26
ORD-2023-036226,1,PROD-037,3,9.86,23.95
ORD-2023-036226,2,PROD-040,2,15.21,13.69
ORD-2023-036227,1,PROD-054,1,59.15,48.12
ORD-2023-036228,1,PROD-032,3,19.72,54.23
ORD-2023-036229,1,PROD-010,1,38.03,36.28
ORD-2023-036229,2,PROD-004,1,20.28,19.11
ORD-2023-036230,1,PROD-010,1,38.03,37.97
ORD-2023-036231,1,PROD-028,1,17.18,13.46
ORD-2023-036231,2,PROD-030,1,49.3,39.02
ORD-2023-036231,3,PROD-019,1,29.58,22.83
ORD-2023-036232,1,PROD-005,3,20.28,56.34
ORD-2023-036232,2,PROD-042,1,73.24,63.52
ORD-2023-036232,3,PROD-044,1,40.85,37.59
 ORD-2023-036233 ,1,PROD-004,2,20.28,38.38
ORD-2023-036234,1,PROD-058,1,39.44,29.32
ORD-2023-036235,1,PROD-049,1,80.28,69.31
ORD-2023-036235,2,PROD-008,1,9.9,8.84
ORD-2023-036236,1,PROD-006,1,32.39,28.59
ORD-2023-036237,1,PROD-027,1,21.13,20.03
ORD-2023-036237,2,PROD-002,3,11.9,32.28
ORD-2023-036237,3,PROD-013,1,11.9,11.6
ORD-2023-036238,1,PROD-026,1,14.65,12.02
ORD-2023-036238,2,PROD-030,1,49.3,39.03
ORD-2023-036238,3,PROD-002,1,11.9,10.79
ORD-2023-036239,1,PROD-001,3,12.9,38.31
ORD-2023-036240,1,PROD-001,1,12.9,12.19
ORD-2023-036241,1,PROD-003,1,14.37,12.09
ORD-2023-036242,1,PROD-058,1,39.44,34.41
ORD-2023-036243,1,PROD-003,1,14.37,13.95
ORD-2023-036243,2,PROD-051,1,36.06,35.0
ORD-2023-036244,1,PROD-035,4,10.14,33.84
ORD-2023-036244,2,PROD-002,1,11.9,10.88
ORD-2023-036244,3,PROD-010,3,38.03,97.35
ORD-2023-036245,1,PROD-035,1,10.14,8.1
ORD-2023-036246,1,PROD-005,1,20.28,19.05
ORD-2023-036247,1,PROD-013,1,11.9,5.35
ORD-2023-036248,1,PROD-008,1,9.9,7.52
ORD-2023-036249,1,PROD-006,1,32.39,29.17
ORD-2023-036249,2,PROD-004,3,20.28,59.2
ORD-2023-036249,3,PROD-001,1,12.9,11.21
ORD-2023-036250,1,PROD-006,2,32.39,46.69
ORD-2023-036251,1,PROD-027,1,21.13,20.87
ORD-2023-036252,1,PROD-007,1,17.18,15.98
ORD-2023-036253,1,PROD-031,1,53.52,24.08
ORD-2023-036253,2,PROD-040,2,15.21,21.68
ORD-2023-036254,1,PROD-007,2,17.18,28.04
ORD-2023-036254,2,PROD-008,1,9.9,9.58
ORD-2023-036254,3,PROD-032,1,19.72,17.47
ORD-2023-036255,1,PROD-026,2,14.65,28.28
ORD-2023-036256,1,PROD-002,2,11.9,16.95
ORD-2023-036256,2,PROD-028,1,17.18,14.22
ORD-2023-036256,3,PROD-017,1,12.5,9.99
ORD-2023-036257,1,PROD-007,1,17.18,16.93
ORD-2023-036258,1,PROD-059,1,52.11,50.32
ORD-2023-036259,1,PROD-041,1,11.83,11.04
ORD-2023-036260,1,PROD-009,2,61.97,76.36
ORD-2023-036260,2,PROD-041,1,11.83,8.87
ORD-2023-036261,1,PROD-006,1,32.39,14.58
ORD-2023-036261,2,PROD-017,1,12.5,
ORD-2023-036262,1,PROD-020,2,10.14,12.96
ORD-2023-036262,2,PROD-004,1,20.28,19.05
ORD-2023-036263,1,PROD-056,1,101.41,84.44
ORD-2023-036263,2,PROD-010,1,38.03,24.12
ORD-2023-036264,1,PROD-002,1,11.9,6.45
ORD-2023-036265,1,PROD-002,1,11.9,10.88
ORD-2023-036266,1,PROD-059,1,52.11,23.45
ORD-2023-036267,1,PROD-004,1,20.28,14.3
ORD-2023-036267,2,PROD-051,1,36.06,25.21
ORD-2023-036267,3,PROD-023,2,7.89,15.08
ORD-2023-036268,1,PROD-004,1,20.28,15.36
ORD-2023-036269,1,PROD-021,1,15.49,11.58
ORD-2023-036269,2,PROD-035,1,10.14,6.31
ORD-2023-036270,1,PROD-002,3,11.9,34.19
ORD-2023-036271,1,PROD-031,1,53.52,36.96
ORD-2023-036272,1,PROD-038,2,7.89,14.89
ORD-2023-036272,2,PROD-010,2,38.03,72.77
ORD-2023-036272,3,PROD-027,1,21.13,19.45
ORD-2023-036273,1,PROD-001,2,12.9,24.89
ORD-2023-036274,1,PROD-002,1,11.9,11.69
ORD-2023-036274,2,PROD-037,1,9.86,9.18
ORD-2023-036275,1,PROD-006,1,32.39,25.13
ORD-2023-036276,1,PROD-003,1,14.37,13.52
ORD-2023-036276,2,PROD-010,2,38.03,74.0
ORD-2023-036277,1,PROD-030,1,49.3,38.44
ORD-2023-036278,1,PROD-003,3,14.37,35.19
ORD-2023-036278,2,PROD-004,1,20.28,15.52
ORD-2023-036279,1,PROD-041,3,11.83,34.34
ORD-2023-036279,2,PROD-013,2,11.9,23.16
ORD-2023-036279,3,PROD-002,2,11.9,23.24
ORD-2023-036280,1,PROD-022,2,9.01,15.43
ORD-2023-036281,1,PROD-020,2,10.14,19.21
ORD-2023-036282,1,PROD-033,2,52.11,98.36
ORD-2023-036283,1,PROD-005,1,20.28,18.51
ORD-2023-036284,1,PROD-004,2,20.28,38.51
ORD-2023-036284,2,PROD-010,1,38.03,36.6
ORD-2023-036285,1,PROD-005,1,20.28,17.75
ORD-2023-036285,2,PROD-007,1,17.18,15.09
ORD-2023-036286,1,PROD-025,2,21.97,43.67
ORD-2023-036286,2,PROD-010,1,38.03,36.89
ORD-2023-036286,3,PROD-002,2,11.9,22.81
ORD-2023-036286,4,PROD-004,1,20.28,19.63
ORD-2023-036286,5,PROD-043,1,107.04,92.77
ORD-2023-036287,1,PROD-007,1,17.18,16.05
ORD-2023-036288,1,PROD-041,1,11.83,11.12
ORD-2023-036289,1,PROD-002,2,11.9,22.75
ORD-2023-036289,2,PROD-040,4,15.21,47.02
ORD-2023-036290,1,PROD-040,1,15.21,14.5
ORD-2023-036291,1,PROD-001,3,12.9,23.09
ORD-2023-036292,1,PROD-040,1,15.21,10.82
ORD-2023-036293,1,PROD-010,2,38.03,64.36
ORD-2023-036294,1,PROD-030,1,49.3,34.55
ORD-2023-036294,2,PROD-005,2,20.28,36.28
ORD-2023-036295,1,PROD-056,1,101.41,95.75
ORD-2023-036296,1,PROD-035,1,10.14,8.07
ORD-2023-036297,1,PROD-001,1,12.9,11.48
ORD-2023-036297,2,PROD-003,2,14.37,28.57
ORD-2023-036297,3,PROD-004,1,20.28,19.0
ORD-2023-036298,1,PROD-039,2,8.17,15.37
ORD-2023-036299,1,PROD-007,2,17.18,21.9
ORD-2023-036300,1,PROD-029,1,24.79,19.29
ORD-2023-036300,2,PROD-019,1,29.58,26.55
ORD-2023-036301,1,PROD-001,1,12.9,5.8
ORD-2023-036302,1,PROD-003,3,14.37,40.41
ORD-2023-036303,1,PROD-054,1,59.15,51.86
ORD-2023-036303,2,PROD-055,1,74.65,45.6
ORD-2023-036304,1,PROD-015,1,26.76,25.34
ORD-2023-036304,2,PROD-037,1,9.86,7.91
ORD-2023-036305,1,PROD-036,4,11.55,41.21
ORD-2023-036305,2,PROD-002,1,11.9,9.69
ORD-2023-036306,1,PROD-002,1,11.9,11.61
ORD-2023-036306,2,PROD-010,1,38.03,35.27
ORD-2023-036306,3,PROD-031,1,53.52,46.37
ORD-2023-036307,1,PROD-031,1,53.52,26.95
ORD-2023-036308,1,PROD-008,3,9.9,25.67
ORD-2023-036309,1,PROD-016,2,8.9,8.01
ORD-2023-036309,2,PROD-038,2,7.89,7.1
ORD-2023-036310,1,PROD-028,1,17.18,13.66
ORD-2023-036310,2,PROD-039,2,8.17,12.3
ORD-2023-036311,1,PROD-010,2,38.03,70.93
ORD-2023-036311,2,PROD-005,2,20.28,36.63
ORD-2023-036312,1,PROD-037,1,9.86,9.79
ORD-2023-036313,1,PROD-051,1,36.06,33.67
ORD-2023-036314,1,PROD-008,1,9.9,9.67
ORD-2023-036314,2,PROD-010,1,38.03,36.47
ORD-2023-036315,1,PROD-004,1,20.28,13.66
ORD-2023-036315,2,PROD-010,1,38.03,25.35
ORD-2023-036315,3,PROD-034,4,9.01,32.92
ORD-2023-036316,1,PROD-004,2,20.28,35.49
ORD-2023-036317,1,PROD-033,1,52.11,46.3
ORD-2023-036317,2,PROD-015,2,26.76,49.03
ORD-2023-036317,3,PROD-041,1,11.83,9.1
ORD-2023-036318,1,PROD-004,1,20.28,15.39
ORD-2023-036318,2,PROD-014,2,9.9,17.72
ORD-2023-036319,1,PROD-027,1,21.13,15.84
ORD-2023-036319,2,PROD-032,2,19.72,30.02
ORD-2023-036320,1,PROD-043,2,107.04,197.32
ORD-2023-036321,1,PROD-019,2,29.58,57.47
ORD-2023-036322,1,PROD-042,2,73.24,139.73
ORD-2023-036323,1,PROD-040,1,15.21,9.78
ORD-2023-036324,1,PROD-048,1,55.77,43.58
ORD-2023-036324,2,PROD-037,1,9.86,5.66
ORD-2023-036325,1,PROD-030,1,49.3,47.99
ORD-2023-036325,2,PROD-045,1,72.68,65.11
ORD-2023-036326,1,PROD-030,1,49.3,42.88
ORD-2023-036326,2,PROD-024,1,8.73,7.29
ORD-2023-036327,1,PROD-027,1,21.13,14.48
ORD-2023-036328,1,PROD-052,1,46.48,41.86
ORD-2023-036328,2,PROD-019,3,29.58,73.9
ORD-2023-036329,1,PROD-020,1,10.14,8.66
ORD-2023-036330,1,PROD-005,2,20.28,37.87
ORD-2023-036330,2,PROD-040,2,15.21,29.25
ORD-2023-036330,3,PROD-010,1,38.03,32.31
ORD-2023-036331,1,PROD-034,1,9.01,7.13
ORD-2023-036331,2,PROD-010,2,38.03,72.58
ORD-2023-036331,3,PROD-005,2,20.28,39.09
ORD-2023-036332,1,PROD-013,1,11.9,11.02
ORD-2023-036333,1,PROD-012,1,18.5,17.73
ORD-2023-036334,1,PROD-015,1,26.76,26.56
ORD-2023-036335,1,PROD-035,1,10.14,9.09
ORD-2023-036336,1,PROD-040,1,15.21,12.24
ORD-2023-036337,1,PROD-019,1,29.58,21.0
ORD-2023-036338,1,PROD-026,1,14.65,11.15
ORD-2023-036339,1,PROD-055,1,74.65,68.38
ORD-2023-036339,2,PROD-003,1,14.37,11.42
ORD-2023-036340,1,PROD-051,1,36.06,32.71
ORD-2023-036340,2,PROD-039,1,8.17,6.96
ORD-2023-036341,1,PROD-007,2,17.18,25.35
ORD-2023-036342,1,PROD-031,1,53.52,43.44
ORD-2023-036342,2,PROD-005,1,20.28,12.71
ORD-2023-036342,3,PROD-027,1,21.13,19.57
ORD-2023-036343,1,PROD-004,2,20.28,39.38
ORD-2023-036344,1,PROD-041,3,11.83,34.08
ORD-2023-036345,1,PROD-003,1,14.37,13.15
ORD-2023-036346,1,PROD-051,1,36.06,33.01
ORD-2023-036347,1,PROD-035,2,10.14,18.27
ORD-2023-036348,1,PROD-037,2,9.86,19.44
ORD-2023-036349,1,PROD-007,1,17.18,17.01
ORD-2023-036350,1,PROD-007,1,17.18,14.98
ORD-2023-036351,1,PROD-010,1,38.03,35.17
ORD-2023-036352,1,PROD-010,1,38.03,33.6
ORD-2023-036352,2,PROD-023,1,7.89,6.55
ORD-2023-036353,1,PROD-004,1,20.28,14.64
ORD-2023-036353,2,PROD-027,1,21.13,20.09
ORD-2023-036353,3,PROD-035,1,10.14,9.07
ORD-2023-036354,1,PROD-053,1,53.52,31.41
ORD-2023-036355,1,PROD-015,2,26.76,48.41
ORD-2023-036355,2,PROD-030,1,49.3,41.49
ORD-2023-036356,1,PROD-007,1,17.18,15.3
ORD-2023-036357,1,PROD-032,4,19.72,57.46
ORD-2023-036358,1,PROD-001,1,12.9,12.16
ORD-2023-036359,1,PROD-023,2,7.89,14.09
ORD-2023-036359,2,PROD-011,1,14.9,12.38
ORD-2023-036360,1,PROD-006,3,32.39,81.09
ORD-2023-036361,1,PROD-055,1,74.65,33.59
ORD-2023-036361,2,PROD-003,2,14.37,18.72
ORD-2023-036362,1,PROD-056,1,101.41,45.63
ORD-2023-036363,1,PROD-019,1,29.58,22.32
ORD-2023-036363,2,PROD-010,2,38.03,68.55
ORD-2023-036364,1,PROD-006,1,32.39,31.16
ORD-2023-036365,1,PROD-019,1,29.58,25.92
ORD-2023-036366,1,PROD-010,2,38.03,73.18
ORD-2023-036366,2,PROD-034,1,9.01,8.84
ORD-2023-036367,1,PROD-010,1,38.03,36.81
ORD-2023-036368,1,PROD-004,2,20.28,19.31
ORD-2023-036368,2,PROD-043,1,107.04,90.49
ORD-2023-036368,3,PROD-035,3,10.14,29.08
ORD-2023-036369,1,PROD-007,1,17.18,16.37
ORD-2023-036369,2,PROD-019,1,29.58,25.44
ORD-2023-036369,3,PROD-014,1,9.9,9.67
ORD-2023-036370,1,PROD-006,1,32.39,30.6
ORD-2023-036370,2,PROD-056,1,101.41,97.2
ORD-2023-036370,3,PROD-021,2,15.49,29.82
ORD-2023-036371,1,PROD-030,1,49.3,45.14
ORD-2023-036372,1,PROD-007,2,17.18,31.39
ORD-2023-036372,2,PROD-001,2,12.9,25.05
ORD-2023-036373,1,PROD-042,1,73.24,59.13
ORD-2023-036374,1,PROD-025,1,21.97,11.27
ORD-2023-036375,1,PROD-006,1,32.39,29.55
ORD-2023-036376,1,PROD-001,2,12.9,22.15
ORD-2023-036376,2,PROD-040,2,15.21,28.57
ORD-2023-036377,1,PROD-004,2,20.28,35.97
ORD-2023-036378,1,PROD-008,1,9.9,9.73
ORD-2023-036379,1,PROD-010,2,38.03,73.95
ORD-2023-036379,2,PROD-031,1,53.52,45.69
ORD-2023-036380,1,PROD-039,3,8.17,20.36
ORD-2023-036381,1,PROD-011,3,14.9,42.11
ORD-2023-036382,1,PROD-005,1,20.28,19.16
ORD-2023-036383,1,PROD-015,1,26.76,21.33
ORD-2023-036383,2,PROD-013,2,11.9,16.22
ORD-2023-036384,1,PROD-050,1,61.97,51.6
ORD-2023-036384,2,PROD-005,1,20.28,17.28
ORD-2023-036385,1,PROD-005,1,20.28,13.08
ORD-2023-036386,1,PROD-004,1,20.28,19.86
ORD-2023-036387,1,PROD-037,1,9.86,9.42
ORD-2023-036387,2,PROD-034,3,9.01,25.11
ORD-2023-036388,1,PROD-024,1,8.73,7.61
ORD-2023-036388,2,PROD-043,1,107.04,75.21
ORD-2023-036388,3,PROD-017,1,12.5,6.91
ORD-2023-036388,4,PROD-030,1,49.3,37.0
ORD-2023-036389,1,PROD-020,1,10.14,9.92
ORD-2023-036390,1,PROD-001,1,12.9,8.02
ORD-2023-036391,1,PROD-021,2,15.49,28.98
ORD-2023-036391,2,PROD-052,1,46.48,38.01
ORD-2023-036392,1,PROD-032,4,19.72,43.35
ORD-2023-036392,2,PROD-014,1,9.9,7.79
ORD-2023-036393,1,PROD-042,3,73.24,109.2
ORD-2023-036394,1,PROD-038,1,7.89,6.64
ORD-2023-036394,2,PROD-034,1,9.01,6.31
ORD-2023-036394,3,PROD-006,1,32.39,27.85
ORD-2023-036395,1,PROD-007,1,17.18,15.21
ORD-2023-036395,2,PROD-001,1,12.9,11.34
ORD-2023-036395,3,PROD-010,1,38.03,35.12
ORD-2023-036396,1,PROD-006,1,32.39,30.45
ORD-2023-036396,2,PROD-007,1,17.18,9.9
ORD-2023-036397,1,PROD-021,1,15.49,10.26
ORD-2023-036398,1,PROD-038,1,7.89,6.53
ORD-2023-036399,1,PROD-034,1,9.01,7.92
ORD-2023-036399,2,PROD-010,1,38.03,17.36
ORD-2023-036400,1,PROD-024,1,8.73,3.93
ORD-2023-036401,1,PROD-005,1,20.28,17.05
ORD-2023-036402,1,PROD-053,1,53.52,51.79
ORD-2023-036403,1,PROD-033,2,52.11,102.13
ORD-2023-036403,2,PROD-032,1,19.72,15.2
ORD-2023-036404,1,PROD-021,1,15.49,13.45
ORD-2023-036404,2,PROD-002,2,11.9,21.87
ORD-2023-036405,1,PROD-016,1,8.9,8.77
ORD-2023-036405,2,PROD-003,3,14.37,40.29
ORD-2023-036406,1,PROD-002,1,11.9,10.38
ORD-2023-036406,2,PROD-030,1,49.3,43.75
ORD-2023-036407,1,PROD-005,1,20.28,20.08
ORD-2023-036408,1,PROD-036,3,11.55,25.37
ORD-2023-036409,1,PROD-032,2,19.72,34.73
ORD-2023-036410,1,PROD-001,1,12.9,11.07
ORD-2023-036411,1,PROD-037,1,9.86,9.43
ORD-2023-036412,1,PROD-016,2,8.9,17.11
ORD-2023-036412,2,PROD-013,1,11.9,5.6
ORD-2023-036412,3,PROD-025,1,21.97,18.04
ORD-2023-036413,1,PROD-014,2,9.9,19.46
ORD-2023-036414,1,PROD-002,2,11.9,19.14
ORD-2023-036415,1,PROD-022,1,9.01,4.05
ORD-2023-036416,1,PROD-058,1,39.44,29.8
ORD-2023-036416,2,PROD-004,1,20.28,17.8
ORD-2023-036417,1,PROD-022,1,9.01,5.84
ORD-2023-036417,2,PROD-001,2,12.9,22.62
ORD-2023-036417,3,PROD-026,1,14.65,9.02
ORD-2023-036418,1,PROD-008,1,9.9,7.8
ORD-2023-036418,2,PROD-002,1,11.9,9.69
ORD-2023-036419,1,PROD-031,1,53.52,51.12
ORD-2023-036419,2,PROD-001,1,12.9,12.61
ORD-2023-036419,3,PROD-002,2,11.9,23.74
ORD-2023-036420,1,PROD-021,1,15.49,14.39
ORD-2023-036421,1,PROD-002,1,11.9,11.5
ORD-2023-036421,2,PROD-004,1,20.28,17.52
ORD-2023-036421,3,PROD-003,2,14.37,25.47
ORD-2023-036422,1,PROD-003,2,14.37,26.94
ORD-2023-036422,2,PROD-031,1,53.52,51.73
ORD-2023-036423,1,PROD-014,1,9.9,7.99
ORD-2023-036424,1,PROD-021,2,15.49,25.85
ORD-2023-036425,1,PROD-042,1,73.24,56.86
ORD-2023-036426,1,PROD-029,1,24.79,15.79
ORD-2023-036426,2,PROD-003,1,14.37,13.84
ORD-2023-036427,1,PROD-016,1,8.9,8.11
ORD-2023-036427,2,PROD-034,1,9.01,7.91
ORD-2023-036428,1,PROD-030,2,49.3,92.99
ORD-2023-036429,1,PROD-007,1,17.18,12.24
ORD-2023-036429,2,PROD-001,1,12.9,5.8
ORD-2023-036430,1,PROD-005,3,20.28,55.68
ORD-2023-036430,2,PROD-007,1,17.18,16.51
ORD-2023-036431,1,PROD-002,1,11.9,11.71
ORD-2023-036431,2,PROD-004,3,20.28,57.96
ORD-2023-036431,3,PROD-034,3,9.01,25.29
ORD-2023-036431,4,PROD-036,1,11.55,11.13
ORD-2023-036432,1,PROD-005,2,20.28,39.74
ORD-2023-036432,2,PROD-003,1,14.37,13.73
ORD-2023-036433,1,PROD-010,1,38.03,33.16
ORD-2023-036433,2,PROD-003,1,14.37,11.37
ORD-2023-036433,3,PROD-038,2,7.89,15.12
ORD-2023-036434,1,PROD-019,2,29.58,47.37
ORD-2023-036434,2,PROD-041,1,11.83,10.27
ORD-2023-036435,1,PROD-023,1,7.89,6.8
ORD-2023-036435,2,PROD-006,2,32.39,55.91
ORD-2023-036435,3,PROD-003,1,14.37,10.15
ORD-2023-036435,4,PROD-001,2,12.9,23.89
ORD-2023-036436,1,PROD-012,2,18.5,32.4
ORD-2023-036437,1,PROD-004,3,20.28,59.13
ORD-2023-036437,2,PROD-005,2,20.28,40.19
ORD-2023-036438,1,PROD-059,1,52.11,27.54
ORD-2023-036439,1,PROD-060,1,42.25,39.84
ORD-2023-036440,1,PROD-040,1,15.21,14.78
ORD-2023-036441,1,PROD-015,1,26.76,17.78
ORD-2023-036441,2,PROD-041,1,11.83,7.26
ORD-2023-036442,1,PROD-028,1,17.18,15.84
ORD-2023-036442,2,PROD-025,1,21.97,20.08
ORD-2023-036442,3,PROD-045,2,72.68,138.95
ORD-2023-036443,1,PROD-027,1,21.13,19.45
ORD-2023-036443,2,PROD-049,1,80.28,77.23
ORD-2023-036444,1,PROD-003,3,14.37,40.43
ORD-2023-036444,2,PROD-034,4,9.01,34.56
ORD-2023-036445,1,PROD-003,1,14.37,14.06
ORD-2023-036446,1,PROD-047,1,108.45,105.83
ORD-2023-036447,1,PROD-032,1,19.72,17.06
ORD-2023-036448,1,PROD-004,1,20.28,19.85
ORD-2023-036448,2,PROD-005,1,20.28,19.6
ORD-2023-036449,1,PROD-003,1,14.37,12.56
ORD-2023-036449,2,PROD-052,1,46.48,25.28
ORD-2023-036449,3,PROD-039,1,8.17,7.76
ORD-2023-036450,1,PROD-016,1,8.9,6.72
ORD-2023-036450,2,PROD-030,1,49.3,31.2
ORD-2023-036451,1,PROD-053,1,53.52,50.6
ORD-2023-036452,1,PROD-010,1,38.03,36.73
ORD-2023-036453,1,PROD-030,1,49.3,41.5
ORD-2023-036453,2,PROD-022,2,9.01,13.91
ORD-2023-036453,3,PROD-023,1,7.89,6.72
ORD-2023-036454,1,PROD-004,1,20.28,20.23
ORD-2023-036454,2,PROD-010,1,38.03,37.35
ORD-2023-036454,3,PROD-034,1,9.01,8.95
ORD-2023-036455,1,PROD-010,1,38.03,35.78
ORD-2023-036455,2,PROD-005,1,20.28,17.81
ORD-2023-036455,3,PROD-006,1,32.39,30.96
ORD-2023-036456,1,PROD-034,3,9.01,17.43
ORD-2023-036457,1,PROD-024,2,8.73,15.83
ORD-2023-036458,1,PROD-020,1,10.14,9.98
ORD-2023-036459,1,PROD-020,1,10.14,8.83
ORD-2023-036460,1,PROD-010,1,38.03,24.13
ORD-2023-036460,2,PROD-019,1,29.58,20.13
ORD-2023-036460,3,PROD-052,1,46.48,37.67
ORD-2023-036461,1,PROD-008,1,9.9,8.79
ORD-2023-036461,2,PROD-004,2,20.28,40.08
ORD-2023-036462,1,PROD-010,1,38.03,37.46
ORD-2023-036462,2,PROD-006,2,32.39,49.24
ORD-2023-036463,1,PROD-056,1,101.41,90.34
ORD-2023-036464,1,PROD-021,1,15.49,15.33
ORD-2023-036464,2,PROD-035,1,10.14,9.25
ORD-2023-036464,3,PROD-059,1,52.11,49.51
ORD-2023-036464,4,PROD-041,3,11.83,34.46
ORD-2023-036465,1,PROD-002,1,11.9,10.62
ORD-2023-036466,1,PROD-027,1,21.13,19.87
ORD-2023-036466,2,PROD-030,1,49.3,38.47
ORD-2023-036466,3,PROD-041,1,11.83,10.52
ORD-2023-036467,1,PROD-001,2,12.9,24.31
ORD-2023-036468,1,PROD-019,1,29.58,26.2
ORD-2023-036468,2,PROD-004,1,20.28,19.69
ORD-2023-036468,3,PROD-032,1,19.72,19.32
ORD-2023-036469,1,PROD-028,1,17.18,7.73
ORD-2023-036470,1,PROD-006,1,32.39,15.57
ORD-2023-036470,2,PROD-034,1,9.01,4.05
ORD-2023-036471,1,PROD-019,3,29.58,86.82
ORD-2023-036471,2,PROD-027,1,21.13,19.16
ORD-2023-036472,1,PROD-035,2,10.14,13.86
ORD-2023-036472,2,PROD-046,1,259.15,246.24
ORD-2023-036472,3,PROD-003,1,14.37,9.87
ORD-2023-036473,1,PROD-010,1,38.03,35.68
ORD-2023-036474,1,PROD-010,1,38.03,36.4
