OrderID,CustomerID,OrderDate,OrderDiscountPct,BasketItemCount
ORD-2023-010754,CUST-02012,2023-05-16,0.55,1
ORD-2023-010755,CUST-02013,2023-05-23,0.5058,2
ORD-2023-010756,CUST-02014,2023-05-13,0.1756,1
ORD-2023-010757,CUST-02015,2023-05-31,0.1293,1
ORD-2023-010758,CUST-02016,2023-05-25,0.008,2
ORD-2023-010759,CUST-02017,2023-05-05,0.4447,1
ORD-2023-010760,CUST-02018,2023-05-30,0.3244,1
ORD-2023-010761,CUST-02019,2023-05-30,0.4759,2
ORD-2023-010762,CUST-02020,2023-05-27,0.0123,3
ORD-2023-010763,CUST-02021,2023-05-22,0.1906,2
ORD-2023-010764,CUST-02022,2023-05-31,0.4056,1
ORD-2023-010765,CUST-02023,2023-05-18,0.1278,1
ORD-2023-010766,CUST-02024,2023-05-29,0.1975,2
ORD-2023-010767,CUST-02025,2023-05-28,0.55,1
ORD-2023-010768,CUST-02026,2023-05-27,0.0384,2
ORD-2023-010769,CUST-02027,2023-05-17,0.1618,2
ORD-2023-010770,CUST-02028,2023-05-30,0.1571,1
ORD-2023-010771,CUST-02029,2023-05-31,0.1219,1
ORD-2023-010772,CUST-02030,2023-05-09,0.263,1
ORD-2023-010773,CUST-02031,2023-05-27,0.55,1
ORD-2023-010774,CUST-02032,2023-05-26,0.3921,1
ORD-2023-010775,CUST-02033,2023-05-31,0.4813,1
ORD-2023-010776,CUST-02034,2023-05-28,0.55,1
ORD-2023-010777,CUST-02035,2023-05-26,0.2719,1
ORD-2023-010778,CUST-02036,2023-05-28,0.4304,1
ORD-2023-010779,CUST-02037,2023-05-30,0.057,1
ORD-2023-010780,CUST-02038,2023-05-15,0.2527,2
ORD-2023-010781,CUST-02039,2023-05-20,0.2614,1
ORD-2023-010782,CUST-02040,2023-05-31,0.2817,1
ORD-2023-010783,CUST-02041,2023-05-25,0.0148,1
ORD-2023-010784,CUST-02042,2023-05-27,0.0422,1
ORD-2023-010785,CUST-02043,2023-05-27,0.4627,2
ORD-2023-010786,CUST-02044,2023-05-09,0.0908,3
ORD-2023-010787,CUST-02045,2023-05-17,0.0328,2
ORD-2023-010788,CUST-02046,2023-05-21,0.4017,1
ORD-2023-010789,CUST-02047,2023-05-15,0.045,3
ORD-2023-010790,CUST-02048,2023-05-26,0.4663,1
ORD-2023-010791,CUST-02049,2023-05-31,0.0572,2
ORD-2023-010792,CUST-02050,2023-05-27,0.5218,2
ORD-2023-010793,CUST-02051,2023-05-24,0.374,3
ORD-2023-010794,CUST-02052,2023-05-21,0.2671,2
ORD-2023-010795,CUST-02053,2023-05-29,0.452,2
ORD-2023-010796,CUST-02054,2023-05-29,0.1809,1
ORD-2023-010797,CUST-02055,2023-05-26,0.0483,2
ORD-2023-010798,CUST-02056,2023-05-24,0.1611,2
ORD-2023-010799,CUST-02057,2023-05-17,0.2835,1
ORD-2023-010800,CUST-02058,2023-05-16,0.212,1
ORD-2023-010801,CUST-02059,2023-05-16,0.0674,4
ORD-2023-010802,CUST-02060,2023-05-31,0.0594,1
ORD-2023-010803,CUST-02061,2023-05-23,0.0672,2
ORD-2023-010804,CUST-02062,2023-05-25,0.0018,1
ORD-2023-010805,CUST-02063,2023-05-18,0.0144,2
ORD-2023-010806,CUST-02064,2023-05-11,0.2485,2
ORD-2023-010807,CUST-02065,2023-05-30,0.0943,2
ORD-2023-010808,CUST-02066,2023-05-20,0.2603,3
ORD-2023-010809,CUST-02067,2023-05-30,0.123,3
ORD-2023-010810,CUST-02068,2023-05-15,0.0473,1
ORD-2023-010811,CUST-02069,2023-05-31,0.0035,1
ORD-2023-010812,CUST-02070,2023-05-31,0.0629,1
ORD-2023-010813,CUST-02071,2023-05-21,0.1844,1
ORD-2023-010814,CUST-02072,2023-05-19,0.1075,1
ORD-2023-010815,CUST-02073,2023-05-30,0.1154,3
ORD-2023-010816,CUST-02074,2023-05-20,0.0972,1
ORD-2023-010817,CUST-02075,2023-05-15,0.1919,1
ORD-2023-010818,CUST-02076,2023-05-27,0.1619,1
ORD-2023-010819,CUST-02077,2023-05-29,0.3254,1
ORD-2023-010820,CUST-02078,2023-05-15,0.0248,2
ORD-2023-010821,CUST-02079,2023-05-16,0.55,1
ORD-2023-010822,CUST-02080,2023-05-21,0.1778,1
ORD-2023-010823,CUST-02081,2023-05-21,0.0191,1
ORD-2023-010824,CUST-02082,2023-05-31,0.3188,1
ORD-2023-010825,CUST-02083,2023-05-21,0.2821,1
ORD-2023-010826,CUST-02084,2023-05-29,0.3292,2
ORD-2023-010827,CUST-02085,2023-05-29,0.1034,2
ORD-2023-010828,CUST-02086,2023-05-18,0.08,2
ORD-2023-010829,CUST-02087,2023-05-30,0.55,1
ORD-2023-010830,CUST-02088,2023-05-24,0.55,1
ORD-2023-010831,CUST-02089,2023-05-28,0.4632,2
ORD-2023-010832,CUST-02090,2023-05-28,0.55,1
ORD-2023-010833,CUST-02091,2023-05-22,0.2071,1
ORD-2023-010834,CUST-02092,2023-05-30,0.206,2
ORD-2023-010835,CUST-02093,2023-05-25,0.55,1
ORD-2023-010836,CUST-02094,2023-05-23,0.1747,2
ORD-2023-010837,CUST-02095,2023-05-30,0.2867,4
ORD-2023-010838,CUST-02096,2023-05-31,0.202,1
ORD-2023-010839,CUST-02097,2023-05-09,0.55,1
ORD-2023-010840,CUST-02098,2023-05-08,0.0151,1
ORD-2023-010841,CUST-02099,2023-05-31,0.0301,3
ORD-2023-010842,CUST-02100,2023-05-12,0.2607,3
ORD-2023-010843,CUST-02101,2023-05-29,0.2599,1
ORD-2023-010844,CUST-02102,2023-05-16,0.3372,1
ORD-2023-010845,CUST-02103,2023-05-29,0.55,1
ORD-2023-010846,CUST-02104,2023-05-21,0.1945,1
ORD-2023-010847,CUST-02105,2023-05-22,0.0953,1
ORD-2023-010848,CUST-02106,2023-05-21,0.3799,2
ORD-2023-010849,CUST-02107,2023-05-31,0.1633,1
ORD-2023-010850,CUST-02108,2023-05-10,0.4201,1
ORD-2023-010851,CUST-02109,2023-05-25,0.2078,2
ORD-2023-010852,CUST-02110,2023-05-29,0.062,2
ORD-2023-010853,CUST-02111,2023-05-31,0.3203,2
ORD-2023-010854,CUST-02112,2023-05-30,0.3792,1
ORD-2023-010855,CUST-02113,2023-05-21,0.2886,2
ORD-2023-010856,CUST-02114,2023-05-27,0.0729,1
ORD-2023-010857,CUST-02115,2023-05-30,0.0111,4
ORD-2023-010858,CUST-02116,2023-05-26,0.007,1
ORD-2023-010859,CUST-02117,2023-05-21,0.3451,2
ORD-2023-010860,CUST-02118,2023-05-09,0.0934,1
ORD-2023-010861,CUST-02119,2023-05-24,0.1508,2
ORD-2023-010862,CUST-02120,2023-05-31,0.0907,1
ORD-2023-010863,CUST-02121,2023-05-21,0.0258,1
ORD-2023-010864,CUST-02122,2023-05-31,0.0285,1
ORD-2023-010865,CUST-02123,2023-05-24,0.0969,1
ORD-2023-010866,CUST-02124,2023-05-13,0.2634,2
ORD-2023-010867,CUST-02125,2023-05-15,0.2709,1
ORD-2023-010868,CUST-02126,2023-05-25,0.3609,2
ORD-2023-010869,CUST-02127,2023-05-19,0.2366,2
ORD-2023-010870,CUST-02128,2023-05-26,0.063,1
ORD-2023-010871,,2023-05-26,0.2472,2
ORD-2023-010872,CUST-02130,2023-05-27,0.4968,2
ORD-2023-010873,CUST-02131,2023-05-31,0.0604,3
ORD-2023-010874,CUST-02132,2023-05-23,0.0252,1
ORD-2023-010875,CUST-02133,2023-05-28,0.1086,3
ORD-2023-010876,CUST-02134,2023-05-29,0.1482,1
ORD-2023-010877,CUST-02135,2023-05-23,0.3094,2
ORD-2023-010878,,2023-05-15,0.0286,1
ORD-2023-010879,CUST-02137,2023-05-30,0.0963,3
ORD-2023-010880,CUST-02138,2023-05-24,0.0619,1
ORD-2023-010881,CUST-02139,2023-05-31,0.1202,2
ORD-2023-010882,CUST-02140,2023-05-20,0.3883,2
ORD-2023-010883,CUST-02141,2023-05-29,0.1699,2
ORD-2023-010884,CUST-02142,2023-05-29,0.55,1
ORD-2023-010885,CUST-02143,2023-05-19,0.1889,1
ORD-2023-010886,CUST-02144,2023-05-11,0.0532,1
ORD-2023-010887,CUST-02145,2023-05-29,0.2495,1
ORD-2023-010888,CUST-02146,2023-05-27,0.2843,1
ORD-2023-010889,CUST-02147,2023-05-23,0.0769,1
ORD-2023-010890,CUST-02148,2023-05-30,0.212,1
ORD-2023-010891,CUST-02149,2023-05-29,0.0123,3
ORD-2023-010892,CUST-02150,2023-05-21,0.2128,1
ORD-2023-010893,CUST-02151,2023-05-17,0.4685,2
ORD-2023-010894,CUST-02152,2023-05-31,0.2662,1
ORD-2023-010895,CUST-02153,2023-05-10,0.0742,1
ORD-2023-010896,CUST-02154,2023-05-29,0.0501,1
ORD-2023-010897,CUST-02155,2023-05-28,0.2248,3
ORD-2023-010898,CUST-02156,2023-05-31,0.0659,2
ORD-2023-010899,CUST-02157,2023-05-30,0.4811,1
ORD-2023-010900,CUST-02158,2023-05-17,0.2577,2
ORD-2023-010901,CUST-02159,2023-05-30,0.2297,1
ORD-2023-010902,CUST-02160,2023-05-24,0.0143,1
ORD-2023-010903,CUST-02161,2023-05-28,0.1608,1
ORD-2023-010904,CUST-02162,2023-05-14,0.5277,1
ORD-2023-010905,CUST-02163,2023-05-27,0.55,1
ORD-2023-010906,CUST-02164,2023-05-19,0.1061,1
ORD-2023-010907,CUST-02165,2023-05-29,0.1162,1
ORD-2023-010908,CUST-02166,2023-05-15,0.094,3
ORD-2023-010909,CUST-02167,2023-05-17,0.0424,1
ORD-2023-010910,CUST-02168,2023-05-24,0.0737,3
ORD-2023-010911,CUST-02169,2023-05-30,0.1618,1
ORD-2023-010912,CUST-02170,2023-05-23,0.2863,2
ORD-2023-010913,CUST-02171,2023-05-16,0.0921,2
ORD-2023-010914,CUST-02172,2023-05-21,0.0084,1
ORD-2023-010915,CUST-02173,2023-05-18,0.55,1
ORD-2023-010916,CUST-02174,2023-05-28,0.0871,3
ORD-2023-010917,CUST-02175,2023-05-15,0.0885,4
ORD-2023-010918,CUST-02176,2023-05-28,0.0837,3
ORD-2023-010919,CUST-02177,2023-05-28,0.1287,2
ORD-2023-010920,CUST-02178,2023-05-25,0.1117,3
ORD-2023-010921,CUST-02179,2023-05-31,0.0326,2
ORD-2023-010922,CUST-02180,2023-05-29,0.0412,1
ORD-2023-010923,CUST-02181,2023-05-20,0.0749,3
ORD-2023-010924,CUST-02182,2023-05-21,0.0572,1
ORD-2023-010925,CUST-02183,2023-05-23,0.0376,3
ORD-2023-010926,CUST-02184,2023-05-22,0.3063,1
ORD-2023-010927,CUST-02185,2023-05-28,0.4093,2
ORD-2023-010928,CUST-02186,2023-05-20,0.4987,1
ORD-2023-010929,CUST-02187,2023-05-21,0.55,1
ORD-2023-010930,CUST-02188,2023-05-29,0.1294,1
ORD-2023-010931,CUST-02189,2023-05-21,0.3126,1
ORD-2023-010932,CUST-02190,2023-05-10,0.0491,3
ORD-2023-010933,CUST-02191,2023-05-31,0.0829,1
ORD-2023-010934,CUST-02192,2023-05-27,0.2657,2
ORD-2023-010935,CUST-02193,2023-05-21,0.1465,2
ORD-2023-010936,CUST-02194,2023-05-14,0.4759,1
ORD-2023-010937,CUST-02195,2023-05-24,0.3431,2
ORD-2023-010938,CUST-02196,2023-05-19,0.0882,1
ORD-2023-010939,CUST-02197,2023-05-31,0.4881,2
ORD-2023-010940,CUST-02198,2023-05-27,0.4197,1
ORD-2023-010941,CUST-02199,2023-05-28,0.1461,2
ORD-2023-010942,CUST-02200,2023-05-27,0.1069,1
ORD-2023-010943,CUST-02201,2023-05-30,0.0421,1
ORD-2023-010944,CUST-02202,2023-05-26,0.4566,1
ORD-2023-010945,CUST-02203,2023-05-21,0.0331,1
ORD-2023-010946,CUST-02204,2023-05-02,0.3492,1
ORD-2023-010947,CUST-02205,2023-05-23,0.1888,1
ORD-2023-010948,CUST-02206,2023-05-30,0.3633,2
ORD-2023-010949,CUST-02207,2023-05-18,0.0135,1
ORD-2023-010950,CUST-02208,2023-05-31,0.0175,1
ORD-2023-010951,CUST-02209,2023-05-24,0.1974,2
ORD-2023-010952,CUST-02210,2023-05-30,0.2447,1
ORD-2023-010953,CUST-02211,2023-05-15,0.1715,1
ORD-2023-010954,CUST-02212,2023-05-29,0.1322,1
ORD-2023-010955,CUST-02213,2023-05-27,0.5094,1
ORD-2023-010956,CUST-02214,2023-05-10,0.1401,1
ORD-2023-010957,CUST-02215,2023-05-23,0.0727,2
ORD-2023-010958,CUST-02216,2023-05-21,0.0857,2
ORD-2023-010959,CUST-02217,2023-05-05,0.4251,1
ORD-2023-010960,CUST-02218,2023-05-31,0.0997,1
ORD-2023-010961,CUST-02219,2023-05-22,0.12,1
ORD-2023-010962,CUST-02220,2023-05-31,0.1028,1
ORD-2023-010963,CUST-02221,2023-05-30,0.2835,2
ORD-2023-010964,CUST-02222,2023-05-25,0.2207,2
ORD-2023-010965,CUST-02223,2023-05-30,0.2138,1
ORD-2023-010966,CUST-02224,2023-05-16,0.1336,3
ORD-2023-010967,CUST-02225,2023-05-23,0.1812,2
ORD-2023-010968,CUST-02226,2023-05-15,0.0234,4
ORD-2023-010969,CUST-02227,2023-05-27,0.4236,1
ORD-2023-010970,CUST-02228,2023-05-09,0.55,1
ORD-2023-010971,CUST-02229,2023-05-25,0.1303,1
ORD-2023-010972,CUST-02230,2023-05-06,0.0924,4
ORD-2023-010973,CUST-02231,2023-05-28,0.1251,1
ORD-2023-010974,CUST-02232,2023-05-09,0.4125,2
ORD-2023-010975,CUST-02233,2023-05-16,0.3846,2
ORD-2023-010976,CUST-02234,2023-05-25,0.1666,1
ORD-2023-010977,CUST-02235,2023-05-29,0.1332,1
ORD-2023-010978,CUST-02236,2023-05-31,0.2274,1
ORD-2023-010979,CUST-02237,2023-05-31,0.2722,1
ORD-2023-010980,CUST-02238,2023-05-31,0.0538,1
ORD-2023-010981,,2023-05-30,0.3376,1
ORD-2023-010982,CUST-02240,2023-05-27,0.2017,3
ORD-2023-010983,CUST-02241,2023-05-31,0.1005,2
ORD-2023-010984,CUST-02242,2023-05-18,0.0658,2
ORD-2023-010985,CUST-02243,2023-05-31,0.55,1
ORD-2023-010986,CUST-02244,2023-05-30,0.0831,2
ORD-2023-010987,CUST-02245,2023-05-31,0.406,2
ORD-2023-010988,CUST-02246,2023-05-24,0.0894,1
ORD-2023-010989,CUST-02247,2023-05-18,0.0553,3
ORD-2023-010990,CUST-02248,2023-05-23,0.55,2
ORD-2023-010991,CUST-02249,2023-05-19,0.0358,5
ORD-2023-010992,CUST-02250,2023-05-20,0.4964,2
ORD-2023-010993,CUST-02251,2023-05-31,0.0555,2
ORD-2023-010994,CUST-02252,2023-05-28,0.4874,2
ORD-2023-010995,CUST-02253,2023-05-28,0.3067,1
ORD-2023-010996,CUST-02254,2023-05-06,0.1423,1
ORD-2023-010997,CUST-02255,2023-05-18,0.0907,1
ORD-2023-010998,CUST-02256,2023-05-25,0.2717,2
ORD-2023-010999,CUST-02257,2023-05-23,0.116,1
ORD-2023-011000,CUST-02258,2023-05-12,0.2252,2
ORD-2023-011001,CUST-02259,2023-05-23,0.1258,3
ORD-2023-011002,CUST-02260,2023-05-26,0.1432,1
ORD-2023-011003,CUST-02261,2023-05-26,0.0695,1
ORD-2023-011004,CUST-02262,2023-05-11,0.3268,1
ORD-2023-011005,CUST-02263,2023-05-27,0.0857,1
ORD-2023-011006,CUST-02264,2023-05-29,0.181,1
ORD-2023-011007,CUST-02265,2023-05-08,0.2572,1
ORD-2023-011008,CUST-02266,2023-05-28,0.1169,2
ORD-2023-011009,CUST-02267,2023-05-23,0.159,1
ORD-2023-011010,CUST-02268,2023-05-30,0.2613,1
ORD-2023-011011,CUST-02269,2023-05-25,0.2052,2
ORD-2023-011012,CUST-02270,2023-05-29,0.0854,3
ORD-2023-011013,CUST-02271,2023-05-18,0.2547,1
ORD-2023-011014,CUST-02272,2023-05-28,0.1327,1
ORD-2023-011015,CUST-02273,2023-05-31,0.2555,1
ORD-2023-011016,CUST-02274,2023-05-11,0.0194,1
ORD-2023-011017,CUST-02275,2023-05-25,0.4082,3
ORD-2023-011018,CUST-02276,2023-05-24,0.1555,1
ORD-2023-011019,CUST-02277,2023-05-05,0.3835,2
ORD-2023-011020,CUST-02278,2023-05-29,0.0426,1
ORD-2023-011021,CUST-02279,2023-05-18,0.0312,1
ORD-2023-011022,CUST-02280,2023-05-19,0.2539,3
ORD-2023-011023,CUST-02281,2023-05-29,0.0604,3
ORD-2023-011024,CUST-02282,2023-05-19,0.4645,2
ORD-2023-011025,CUST-02283,2023-05-23,0.0065,1
ORD-2023-011026,CUST-02284,2023-05-20,0.5458,1
ORD-2023-011027,CUST-02285,2023-05-29,0.1981,3
ORD-2023-011028,CUST-02286,2023-05-24,0.2369,3
ORD-2023-011029,CUST-02287,2023-05-11,0.012,1
ORD-2023-011030,CUST-02288,2023-05-24,0.0788,1
ORD-2023-011031,CUST-02289,2023-05-15,0.1193,2
ORD-2023-011032,CUST-02290,2023-05-25,0.55,1
ORD-2023-011033,CUST-02291,2023-05-20,0.1073,1
ORD-2023-011034,CUST-02292,2023-05-23,0.0809,1
ORD-2023-011035,CUST-02293,2023-05-31,0.267,1
ORD-2023-011036,CUST-02294,2023-05-31,0.2366,1
ORD-2023-011037,CUST-02295,2023-05-21,0.2081,1
ORD-2023-011038,CUST-02296,2023-05-29,0.129,1
ORD-2023-011039,CUST-02297,2023-05-18,0.2495,2
ORD-2023-011040,CUST-02298,2023-05-28,0.0292,1
ORD-2023-011041,CUST-02299,2023-05-31,0.0573,2
ORD-2023-011042,CUST-02300,2023-05-05,0.0641,3
ORD-2023-011043,CUST-02301,2023-05-25,0.087,1
ORD-2023-011044,CUST-02302,2023-05-27,0.1931,1
ORD-2023-011045,CUST-02303,2023-05-12,0.0355,4
ORD-2023-011046,CUST-02304,2023-05-27,0.3995,1
ORD-2023-011047,CUST-02305,2023-05-26,0.2478,1
ORD-2023-011048,CUST-02306,2023-05-21,0.4949,2
ORD-2023-011049,CUST-02307,2023-05-31,0.55,2
ORD-2023-011050,CUST-02308,2023-05-28,0.1618,1
ORD-2023-011051,CUST-02309,2023-05-22,0.028,2
ORD-2023-011052,CUST-02310,2023-05-06,0.1551,1
ORD-2023-011053,CUST-02311,2023-05-31,0.2325,1
ORD-2023-011054,CUST-02312,2023-05-25,0.4415,1
ORD-2023-011055,CUST-02313,2023-05-23,0.4374,1
ORD-2023-011056,CUST-02314,2023-05-23,0.3119,1
ORD-2023-011057,CUST-02315,2023-05-30,0.4377,1
ORD-2023-011058,CUST-02316,2023-05-22,0.0634,2
ORD-2023-011059,CUST-02317,2023-05-30,0.3378,1
ORD-2023-011060,CUST-02318,2023-05-31,0.3359,2
ORD-2023-011061,CUST-02319,2023-05-23,0.3264,2
ORD-2023-011062,CUST-02320,2023-05-30,0.2302,3
ORD-2023-011063,CUST-02321,2023-05-30,0.0153,2
ORD-2023-011064,CUST-02322,2023-05-26,0.1578,2
ORD-2023-011065,CUST-02323,2023-05-16,0.0948,4
ORD-2023-011066,CUST-02324,2023-05-20,0.1526,2
ORD-2023-011067,CUST-02325,2023-05-29,0.3839,2
ORD-2023-011068,CUST-02326,2023-05-29,0.1561,1
ORD-2023-011069,CUST-02327,2023-05-30,0.0888,1
ORD-2023-011070,CUST-02328,2023-05-03,0.3072,1
ORD-2023-011071,CUST-02329,2023-05-26,0.332,3
ORD-2023-011072,CUST-02330,2023-05-19,0.1625,2
ORD-2023-011073,CUST-02331,2023-05-28,0.311,2
ORD-2023-011074,CUST-02332,2023-05-30,0.5147,1
ORD-2023-011075,CUST-02333,2023-05-08,0.0768,1
ORD-2023-011076,CUST-02334,2023-05-10,0.1545,1
ORD-2023-011077,CUST-02335,2023-05-22,0.0414,2
ORD-2023-011078,CUST-02336,2023-05-29,0.0537,1
ORD-2023-011079,CUST-02337,2023-05-26,0.1283,1
ORD-2023-011080,CUST-02338,2023-05-25,0.004,1
ORD-2023-011081,CUST-02339,2023-05-30,0.2418,2
ORD-2023-011082,CUST-02340,2023-05-30,0.0137,1
ORD-2023-011083,CUST-02341,2023-05-08,0.197,1
ORD-2023-011084,CUST-02342,2023-05-22,0.2168,2
ORD-2023-011085,CUST-02343,2023-05-30,0.0535,1
ORD-2023-011086,CUST-02344,2023-05-27,0.115,2
ORD-2023-011087,CUST-02345,2023-05-27,0.322,1
ORD-2023-011088,CUST-02346,2023-05-06,0.0372,1
ORD-2023-011089,CUST-02347,2023-05-30,0.0485,1
ORD-2023-011090,CUST-02348,2023-05-30,0.2342,1
ORD-2023-011091,CUST-02349,2023-05-17,0.0452,1
ORD-2023-011092,CUST-02350,2023-05-25,0.4134,1
ORD-2023-011093,CUST-02351,2023-05-25,0.0269,1
ORD-2023-011094,CUST-02352,2023-05-25,0.2176,2
ORD-2023-011095,CUST-02353,2023-05-16,0.5399,2
ORD-2023-011096,CUST-02354,2023-05-22,0.1698,1
ORD-2023-011097,CUST-02355,2023-05-16,0.0664,1
ORD-2023-011098,CUST-02356,2023-05-30,0.4106,2
ORD-2023-011099,CUST-02357,2023-05-18,0.4503,2
ORD-2023-011100,CUST-02358,2023-05-26,0.0904,1
ORD-2023-011101,CUST-02359,2023-05-31,0.4413,1
ORD-2023-011102,CUST-02360,2023-05-31,0.0189,1
ORD-2023-011103,CUST-02361,2023-05-31,0.2483,1
ORD-2023-011104,CUST-02362,2023-05-28,0.2392,1
ORD-2023-011105,CUST-02363,2023-05-29,0.0362,1
ORD-2023-011106,CUST-02364,2023-05-31,0.0849,2
ORD-2023-011107,CUST-02365,2023-05-16,0.0553,2
ORD-2023-011108,CUST-02366,2023-05-31,0.2372,1
ORD-2023-011109,CUST-02367,2023-05-31,0.55,2
ORD-2023-011110,CUST-02368,2023-05-23,0.0197,1
ORD-2023-011111,CUST-02369,2023-05-26,0.1775,1
ORD-2023-011112,CUST-02370,2023-05-05,0.0073,1
ORD-2023-011113,CUST-02371,2023-05-30,0.2889,2
ORD-2023-011114,CUST-02372,2023-05-12,0.3793,2
ORD-2023-011115,CUST-02373,2023-05-16,0.3836,1
ORD-2023-011116,CUST-02374,2023-05-30,0.0268,2
ORD-2023-011117,CUST-02375,2023-05-26,0.1358,1
ORD-2023-011118,CUST-02376,2023-05-30,0.1488,1
ORD-2023-011119,CUST-02377,2023-05-28,0.3644,2
ORD-2023-011120,CUST-02378,2023-05-30,0.3986,1
ORD-2023-011121,CUST-02379,2023-05-29,0.1725,1
ORD-2023-011122,CUST-02380,2023-05-31,0.0608,1
ORD-2023-011123,CUST-02381,2023-05-23,0.0512,1
ORD-2023-011124,CUST-02382,2023-05-25,0.1807,3
ORD-2023-011125,CUST-02383,2023-05-30,0.1634,3
ORD-2023-011126,CUST-02384,2023-05-26,0.0726,1
ORD-2023-011127,CUST-02385,2023-05-27,0.55,1
ORD-2023-011128,CUST-02386,2023-05-29,0.1618,1
ORD-2023-011129,CUST-02387,2023-05-31,0.0968,1
ORD-2023-011130,CUST-02388,2023-05-21,0.1658,1
ORD-2023-011131,CUST-02389,2023-05-21,0.1134,2
ORD-2023-011132,CUST-02390,2023-05-24,0.4551,2
ORD-2023-011133,CUST-02391,2023-05-20,0.0399,1
ORD-2023-011134,CUST-02392,2023-05-22,0.2698,2
ORD-2023-011135,CUST-02393,2023-05-30,0.0345,3
ORD-2023-011136,CUST-02394,2023-05-30,0.4542,2
ORD-2023-011137,CUST-02395,2023-05-15,0.1444,2
ORD-2023-011138,CUST-02396,2023-05-06,0.55,1
ORD-2023-011139,CUST-02397,2023-05-23,0.2427,1
ORD-2023-011140,CUST-02398,2023-05-27,0.4227,1
ORD-2023-011141,CUST-02399,2023-05-31,0.0367,1
ORD-2023-011142,CUST-02400,2023-05-23,0.0802,1
ORD-2023-011143,CUST-02401,2023-05-29,0.135,1
ORD-2023-011144,CUST-02402,2023-05-29,0.1235,1
ORD-2023-011145,CUST-02403,2023-05-31,0.1315,3
ORD-2023-011146,CUST-02404,2023-05-18,0.0219,1
ORD-2023-011147,CUST-02405,2023-05-23,0.1221,1
ORD-2023-011148,CUST-02406,2023-05-29,0.1143,1
ORD-2023-011149,CUST-02407,2023-05-19,0.0932,1
ORD-2023-011150,CUST-02408,2023-05-21,0.0498,1
ORD-2023-011151,CUST-02409,2023-05-09,0.3944,2
ORD-2023-011152,CUST-02410,2023-05-23,0.1999,1
ORD-2023-011153,CUST-02411,2023-05-14,0.0743,2
ORD-2023-011154,CUST-02412,2023-05-07,0.0135,1
ORD-2023-011155,CUST-02413,2023-05-11,0.053,1
ORD-2023-011156,CUST-02414,2023-05-20,0.55,1
ORD-2023-011157,CUST-02415,2023-05-30,0.1484,2
ORD-2023-011158,CUST-02416,2023-05-22,0.1472,1
ORD-2023-011159,CUST-02417,2023-05-30,0.1637,3
ORD-2023-011160,CUST-02418,2023-05-24,0.2715,3
ORD-2023-011161,CUST-02419,2023-05-13,0.3934,1
ORD-2023-011162,CUST-02420,2023-05-20,0.1214,1
ORD-2023-011163,CUST-02421,2023-05-31,0.3148,2
ORD-2023-011164,CUST-02422,2023-05-22,0.0624,2
ORD-2023-011165,CUST-02423,2023-05-31,0.0961,1
ORD-2023-011166,CUST-02424,2023-05-23,0.1195,1
ORD-2023-011167,CUST-02425,2023-05-23,0.0879,1
ORD-2023-011168,CUST-02426,2023-05-31,0.4644,1
ORD-2023-011169,CUST-02427,2023-05-29,0.55,1
ORD-2023-011170,CUST-02428,2023-05-14,0.1757,2
ORD-2023-011171,CUST-02429,2023-05-20,0.0948,2
ORD-2023-011172,CUST-02430,2023-05-23,0.3118,1
ORD-2023-011173,CUST-02431,2023-05-30,0.446,1
ORD-2023-011174,CUST-02432,2023-05-29,0.184,1
ORD-2023-011175,CUST-02433,2023-05-19,0.0489,1
ORD-2023-011176,CUST-02434,2023-05-31,0.3527,1
ORD-2023-011177,CUST-02435,2023-05-25,0.0996,1
ORD-2023-011178,CUST-02436,2023-05-23,0.1415,1
ORD-2023-011179,CUST-02437,2023-05-18,0.1526,2
ORD-2023-011180,CUST-02438,2023-05-22,0.1947,1
ORD-2023-011181,CUST-02439,2023-05-29,0.2126,1
ORD-2023-011182,CUST-02440,2023-05-25,0.0408,3
ORD-2023-011183,CUST-02441,2023-05-08,0.3492,2
ORD-2023-011184,CUST-02442,2023-05-28,0.508,2
ORD-2023-011185,CUST-02443,2023-05-26,0.2202,1
ORD-2023-011186,CUST-02444,2023-05-19,0.1268,1
ORD-2023-011187,CUST-02445,2023-05-25,0.4967,1
ORD-2023-011188,CUST-02446,2023-05-31,0.3969,2
ORD-2023-011189,CUST-02447,2023-05-21,0.1515,1
ORD-2023-011190,CUST-02448,2023-05-25,0.0638,1
ORD-2023-011191,CUST-02449,2023-05-31,0.0634,1
ORD-2023-011192,CUST-02450,2023-05-26,0.55,1
ORD-2023-011193,CUST-02451,2023-05-31,0.0274,1
ORD-2023-011194,CUST-02452,2023-05-28,0.0786,1
ORD-2023-011195,CUST-02453,2023-05-27,0.3055,1
ORD-2023-011196,CUST-02454,2023-05-31,0.0121,1
ORD-2023-011197,CUST-02455,2023-05-23,0.1945,1
ORD-2023-011198,CUST-02456,2023-05-27,0.084,1
ORD-2023-011199,CUST-02457,2023-05-24,0.1677,1
ORD-2023-011200,CUST-02458,2023-05-27,0.1536,2
ORD-2023-011201,CUST-02459,2023-05-18,0.0901,3
ORD-2023-011202,CUST-02460,2023-05-27,0.4061,2
ORD-2023-011203,CUST-02461,2023-05-15,0.3096,1
ORD-2023-011204,CUST-02462,2023-05-30,0.3203,2
ORD-2023-011205,CUST-02463,2023-05-31,0.349,2
ORD-2023-011206,CUST-02464,2023-05-30,0.0435,2
ORD-2023-011207,CUST-02465,2023-05-07,0.2399,2
ORD-2023-011208,CUST-02310,2023-05-17,0.241,2
ORD-2023-011209,CUST-00082,2023-05-15,0.1777,1
ORD-2023-011210,CUST-00943,2023-05-21,0.0199,3
ORD-2023-011211,CUST-00422,2023-05-30,0.0223,1
ORD-2023-011212,CUST-01346,2023-05-05,0.3801,1
ORD-2023-011213,CUST-01798,2023-05-29,0.0591,1
ORD-2023-011214,CUST-02067,2023-05-28,0.0223,1
ORD-2023-011215,CUST-01790,2023-05-13,0.1275,1
ORD-2023-011216,CUST-01525,2023-05-06,0.0886,1
ORD-2023-011217,CUST-00490,2023-05-23,0.0991,3
ORD-2023-011218,CUST-01666,2023-05-07,0.0651,4
ORD-2023-011219,CUST-00779,2023-05-04,0.1375,3
ORD-2023-011220,CUST-01012,2023-05-09,0.0789,1
ORD-2023-011221,CUST-01908,2023-05-20,0.0847,3
ORD-2023-011222,CUST-01259,2023-05-28,0.1908,2
ORD-2023-011223,CUST-01488,2023-05-03,0.038,2
ORD-2023-011224,CUST-02072,2023-05-25,0.133,2
ORD-2023-011225,CUST-00721,2023-05-02,0.1712,2
ORD-2023-011226,CUST-00422,2023-05-01,0.0947,2
ORD-2023-011227,CUST-01670,2023-05-01,0.0865,1
ORD-2023-011228,CUST-01239,2023-05-15,0.1895,3
ORD-2023-011229,CUST-01487,2023-05-17,0.0076,1
ORD-2023-011230,CUST-02391,2023-05-21,0.0532,3
ORD-2023-011231,CUST-02292,2023-05-11,0.0952,1
ORD-2023-011232,CUST-00494,2023-05-23,0.1548,1
ORD-2023-011233,CUST-01070,2023-05-13,0.1145,1
ORD-2023-011234,CUST-00950,2023-05-05,0.0359,2
ORD-2023-011235,CUST-01912,2023-05-04,0.55,2
ORD-2023-011236,CUST-00482,2023-05-03,0.0966,2
ORD-2023-011237,CUST-00178,2023-05-01,0.4476,1
ORD-2023-011238,CUST-01720,2023-05-15,0.1314,3
ORD-2023-011239,CUST-00274,2023-05-03,0.1028,1
ORD-2023-011240,CUST-00035,2023-05-30,0.0585,1
ORD-2023-011241,CUST-01796,2023-05-21,0.1039,1
ORD-2023-011242,CUST-02037,2023-05-28,0.0405,1
ORD-2023-011243,CUST-01023,2023-05-13,0.4708,3
ORD-2023-011244,CUST-01252,2023-05-14,0.0353,1
ORD-2023-011245,CUST-01122,2023-05-14,0.3,1
ORD-2023-011246,CUST-01589,2023-05-24,0.2646,1
ORD-2023-011247,CUST-01539,2023-05-09,0.1938,2
ORD-2023-011248,CUST-00128,2023-05-30,0.053,1
ORD-2023-011249,CUST-01050,2023-05-18,0.0515,2
ORD-2023-011250,CUST-00493,2023-05-07,0.0613,3
ORD-2023-011251,CUST-00702,2023-05-23,0.0402,1
ORD-2023-011252,CUST-01085,2023-05-14,0.0905,1
ORD-2023-011253,CUST-00700,2023-05-11,0.154,1
ORD-2023-011254,CUST-00363,2023-05-06,0.1362,4
ORD-2023-011255,CUST-00721,2023-05-12,0.0703,1
ORD-2023-011256,CUST-01757,2023-05-25,0.0658,2
ORD-2023-011257,CUST-01390,2023-05-29,0.0637,4
ORD-2023-011258,CUST-00557,2023-05-15,0.186,1
ORD-2023-011259,CUST-02180,2023-05-08,0.1577,3
ORD-2023-011260,CUST-00543,2023-05-28,0.0876,3
ORD-2023-011261,CUST-01724,2023-05-05,0.1082,3
ORD-2023-011262,CUST-00090,2023-05-25,0.0415,1
ORD-2023-011263,CUST-00155,2023-05-14,0.0529,2
ORD-2023-011264,CUST-02037,2023-05-09,0.0335,1
ORD-2023-011265,CUST-01184,2023-05-10,0.0274,1
ORD-2023-011266,CUST-02412,2023-05-18,0.0349,1
ORD-2023-011267,CUST-01752,2023-05-04,0.0912,3
ORD-2023-011268,CUST-01658,2023-05-29,0.0326,1
ORD-2023-011269,CUST-01547,2023-05-10,0.3143,2
ORD-2023-011270,CUST-01482,2023-05-19,0.3181,1
ORD-2023-011271,CUST-01399,2023-05-10,0.0995,1
ORD-2023-011272,CUST-01846,2023-05-12,0.1549,2
ORD-2023-011273,CUST-00458,2023-05-03,0.1173,4
ORD-2023-011274,CUST-00291,2023-05-29,0.0664,2
ORD-2023-011275,CUST-01182,2023-05-21,0.0673,3
ORD-2023-011276,CUST-02072,2023-05-03,0.0106,1
ORD-2023-011277,CUST-01320,2023-05-31,0.1412,1
ORD-2023-011278,CUST-01363,2023-05-06,0.1722,1
ORD-2023-011279,CUST-01757,2023-05-20,0.0241,1
ORD-2023-011280,CUST-00471,2023-05-23,0.103,4
ORD-2023-011281,CUST-00747,2023-05-29,0.2528,2
ORD-2023-011282,CUST-01930,2023-05-13,0.0916,1
ORD-2023-011283,CUST-01550,2023-05-04,0.0802,1
ORD-2023-011284,CUST-01598,2023-05-20,0.0864,2
ORD-2023-011285,CUST-00554,2023-05-28,0.0293,3
ORD-2023-011286,CUST-01488,2023-05-31,0.1062,4
ORD-2023-011287,CUST-02368,2023-05-28,0.0435,2
ORD-2023-011288,CUST-02011,2023-05-18,0.0597,1
ORD-2023-011289,CUST-01487,2023-05-06,0.0159,1
ORD-2023-011290,CUST-01264,2023-05-19,0.2624,2
ORD-2023-011291,CUST-02305,2023-05-12,0.3311,1
ORD-2023-011292,CUST-00818,2023-05-16,0.2183,2
ORD-2023-011293,CUST-01004,2023-05-27,0.0606,1
ORD-2023-011294,CUST-00478,2023-05-10,0.0868,1
ORD-2023-011295,CUST-01684,2023-05-24,0.1298,1
ORD-2023-011296,CUST-01193,2023-05-28,0.3903,1
ORD-2023-011297,CUST-00956,2023-05-04,0.1089,1
ORD-2023-011298,CUST-00476,2023-05-10,0.0844,3
ORD-2023-011299,CUST-01017,2023-05-04,0.0476,1
ORD-2023-011300,CUST-01380,2023-05-19,0.2397,1
ORD-2023-011301,CUST-01580,2023-05-01,0.0341,1
ORD-2023-011302,CUST-02085,2023-05-29,0.0636,1
ORD-2023-011303,CUST-00880,2023-05-29,0.0588,2
ORD-2023-011304,CUST-00640,2023-05-25,0.1199,1
ORD-2023-011305,CUST-01684,2023-05-24,0.3177,1
ORD-2023-011306,CUST-00895,2023-05-14,0.139,1
ORD-2023-011307,CUST-01376,2023-05-15,0.1419,4
ORD-2023-011308,CUST-00096,2023-05-26,0.0977,2
ORD-2023-011309,CUST-01684,2023-05-07,0.1407,2
ORD-2023-011310,CUST-02164,2023-05-28,0.1088,1
ORD-2023-011311,CUST-00396,2023-05-13,0.2103,1
ORD-2023-011312,CUST-01516,2023-05-03,0.0412,2
ORD-2023-011313,CUST-01289,2023-05-02,0.1009,1
ORD-2023-011314,CUST-00493,2023-05-25,0.0473,1
ORD-2023-011315,CUST-00363,2023-05-30,0.1281,3
ORD-2023-011316,CUST-00358,2023-05-05,0.1378,1
ORD-2023-011317,CUST-00020,2023-05-20,0.0188,1
ORD-2023-011318,CUST-00835,2023-05-21,0.0737,2
ORD-2023-011319,CUST-00974,2023-05-19,0.2788,3
ORD-2023-011320,CUST-01158,2023-05-29,0.0574,3
ORD-2023-011321,CUST-02425,2023-05-06,0.0184,1
ORD-2023-011322,CUST-01687,2023-05-07,0.0732,1
ORD-2023-011323,CUST-02310,2023-05-05,0.1321,1
ORD-2023-011324,CUST-01860,2023-05-29,0.0948,1
ORD-2023-011325,CUST-00737,2023-05-31,0.1598,1
ORD-2023-011326,CUST-00943,2023-05-22,0.025,1
ORD-2023-011327,CUST-01158,2023-05-02,0.0445,2
ORD-2023-011328,CUST-01785,2023-05-19,0.1638,1
ORD-2023-011329,CUST-00410,2023-05-30,0.0234,1
ORD-2023-011330,CUST-00797,2023-05-30,0.1243,1
ORD-2023-011331,CUST-00984,2023-05-09,0.2677,1
ORD-2023-011332,CUST-01355,2023-05-02,0.0829,1
ORD-2023-011333,CUST-01571,2023-05-11,0.0623,1
ORD-2023-011334,CUST-01023,2023-05-19,0.1081,2
ORD-2023-011335,CUST-01589,2023-05-14,0.0794,1
ORD-2023-011336,CUST-00113,2023-05-08,0.1399,1
ORD-2023-011337,CUST-01148,2023-05-13,0.0839,1
ORD-2023-011338,CUST-01604,2023-05-23,0.1242,2
ORD-2023-011339,CUST-00263,2023-05-16,0.0203,1
ORD-2023-011340,CUST-01589,2023-05-28,0.1209,2
ORD-2023-011341,CUST-01614,2023-05-13,0.0168,1
ORD-2023-011342,CUST-01564,2023-05-07,0.1783,2
ORD-2023-011343,CUST-02407,2023-05-30,0.1223,5
ORD-2023-011344,CUST-02085,2023-05-28,0.0883,1
ORD-2023-011345,CUST-01938,2023-05-18,0.3212,2
ORD-2023-011346,CUST-00192,2023-05-21,0.094,3
ORD-2023-011347,CUST-02363,2023-05-22,0.0631,1
ORD-2023-011348,CUST-02037,2023-05-22,0.0739,1
ORD-2023-011349,CUST-01264,2023-05-12,0.0925,2
ORD-2023-011350,CUST-01765,2023-05-28,0.0601,2
ORD-2023-011351,CUST-01775,2023-05-30,0.1876,1
ORD-2023-011352,CUST-01820,2023-05-23,0.0701,1
ORD-2023-011353,CUST-01565,2023-05-14,0.0959,1
ORD-2023-011354,CUST-01390,2023-05-10,0.1221,1
ORD-2023-011355,CUST-01250,2023-05-14,0.1957,1
ORD-2023-011356,CUST-01680,2023-05-26,0.048,1
ORD-2023-011357,CUST-01874,2023-05-10,0.112,1
ORD-2023-011358,CUST-01126,2023-05-16,0.136,1
ORD-2023-011359,CUST-01038,2023-05-31,0.1442,1
ORD-2023-011360,CUST-02037,2023-05-18,0.1184,1
ORD-2023-011361,CUST-00613,2023-05-07,0.0372,1
ORD-2023-011362,CUST-00064,2023-05-05,0.0285,1
ORD-2023-011363,CUST-00264,2023-05-01,0.025,1
ORD-2023-011364,CUST-01017,2023-05-31,0.0291,3
ORD-2023-011365, CUST-00273 ,2023-05-28,0.0105,1
ORD-2023-011366,CUST-02443,2023-05-07,0.2597,1
ORD-2023-011367,CUST-01779,2023-05-26,0.1922,3
ORD-2023-011368,CUST-00593,2023-05-10,0.3659,1
ORD-2023-011369,CUST-00906,2023-05-02,0.147,2
ORD-2023-011370,CUST-00192,2023-05-11,0.0405,1
ORD-2023-011371,CUST-00475,2023-05-28,0.2344,1
ORD-2023-011372,CUST-00009,2023-05-21,0.2562,1
ORD-2023-011373,CUST-01599,2023-05-05,0.0843,1
ORD-2023-011374,CUST-00432,2023-05-22,0.1182,3
ORD-2023-011375,CUST-01778,2023-05-22,0.1848,1
ORD-2023-011376,CUST-01034,2023-05-06,0.3023,1
ORD-2023-011377,CUST-01257,2023-05-16,0.0154,2
ORD-2023-011378,CUST-01571,2023-05-13,0.0657,1
ORD-2023-011379,CUST-02459,2023-05-31,0.1263,1
ORD-2023-011380,CUST-00514,2023-05-24,0.0191,1
ORD-2023-011381,CUST-00964,2023-05-24,0.0473,2
ORD-2023-011382,CUST-01390,2023-05-12,0.0488,4
ORD-2023-011383,CUST-01308,2023-05-30,0.0912,2
ORD-2023-011384,CUST-00027,2023-05-25,0.1083,1
ORD-2023-011385,CUST-00005,2023-05-28,0.1458,1
ORD-2023-011386,CUST-00252,2023-05-03,0.07,1
ORD-2023-011387,CUST-01436,2023-05-11,0.1879,5
ORD-2023-011388,,2023-05-09,0.0212,2
ORD-2023-011389,CUST-02011,2023-05-10,0.1588,1
ORD-2023-011390,CUST-01071,2023-05-31,0.1063,1
ORD-2023-011391,CUST-01860,2023-05-07,0.0758,2
ORD-2023-011392,CUST-00855,2023-05-01,0.267,1
ORD-2023-011393,CUST-02212,2023-05-22,0.1181,1
ORD-2023-011394,CUST-00222,2023-05-27,0.2135,1
ORD-2023-011395,CUST-01158,2023-05-25,0.1063,2
ORD-2023-011396,CUST-02067,2023-05-19,0.1595,1
ORD-2023-011397,CUST-01132,2023-05-12,0.2122,1
ORD-2023-011398,CUST-01831,2023-05-22,0.0815,1
ORD-2023-011399,CUST-00879,,0.1728,1
ORD-2023-011400,CUST-01312,2023-05-26,0.0598,1
ORD-2023-011401,CUST-02110,2023-05-06,0.0449,1
ORD-2023-011402,CUST-01630,2023-05-03,0.1014,2
ORD-2023-011403,CUST-01182,2023-05-21,0.0134,1
ORD-2023-011404,CUST-01103,2023-05-25,0.0364,1
ORD-2023-011405,CUST-00932,2023-05-16,0.098,1
ORD-2023-011406,CUST-02256,2023-05-01,0.0749,3
ORD-2023-011407,CUST-01711,2023-05-06,0.0034,1
ORD-2023-011408,CUST-00301,2023-05-24,0.145,1
ORD-2023-011409,CUST-01448,2023-05-27,0.0538,1
ORD-2023-011410,CUST-01108,2023-05-18,0.1311,3
ORD-2023-011411,CUST-01085,2023-05-05,0.0311,1
ORD-2023-011412,CUST-01548,2023-05-29,0.249,2
ORD-2023-011413,CUST-01630,2023-05-03,0.1824,2
ORD-2023-011414,CUST-01342,2023-05-27,0.1124,2
ORD-2023-011415,CUST-00023,2023-05-07,0.2163,1
ORD-2023-011416,CUST-01103,2023-05-09,0.0584,1
ORD-2023-011417,CUST-01160,2023-05-24,0.55,1
ORD-2023-011418,CUST-00863,2023-05-09,0.0389,2
ORD-2023-011419,CUST-00917,2023-05-21,0.0369,2
ORD-2023-011420,CUST-00804,2023-05-09,0.153,1
ORD-2023-011421,CUST-01757,2023-05-05,0.0323,2
ORD-2023-011422,CUST-00843,2023-05-02,0.1459,2
ORD-2023-011423,CUST-01001,2023-05-10,0.1548,1
ORD-2023-011424,CUST-01721,2023-05-12,0.1156,1
ORD-2023-011425,CUST-01450,2023-05-25,0.199,1
ORD-2023-011426,CUST-00397,2023-05-19,0.0226,2
ORD-2023-011427,CUST-01798,2023-05-26,0.027,3
ORD-2023-011428,CUST-01471,2023-05-08,0.0489,3
ORD-2023-011429,CUST-01155,2023-05-03,0.2898,3
ORD-2023-011430,CUST-01285,2023-05-07,0.026,1
ORD-2023-011431,CUST-01079,2023-05-08,0.5485,1
ORD-2023-011432,CUST-00393,2023-05-03,0.1698,3
ORD-2023-011433,CUST-00950,2023-05-17,0.0238,1
ORD-2023-011434,CUST-00394,2023-05-09,0.073,1
ORD-2023-011435,CUST-02007,2023-05-04,0.2302,1
ORD-2023-011436,CUST-02416,2023-05-29,0.1883,1
ORD-2023-011437,CUST-01860,2023-05-15,0.121,1
ORD-2023-011438,CUST-00600,2023-05-21,0.1519,1
ORD-2023-011439,CUST-00790,2023-05-15,0.2204,1
ORD-2023-011440,CUST-01169,2023-05-12,0.0946,1
ORD-2023-011441,CUST-01413,2023-05-09,0.15,1
ORD-2023-011442,CUST-00502,2023-05-25,0.0542,1
ORD-2023-011443,CUST-01231,2023-05-14,0.0192,2
ORD-2023-011444,CUST-00460,2023-05-25,0.0756,1
ORD-2023-011445,CUST-01071,2023-05-24,0.1871,1
ORD-2023-011446,CUST-01831,2023-05-05,0.1855,1
ORD-2023-011447,CUST-00876,2023-05-02,0.1442,4
ORD-2023-011448,CUST-01037,2023-05-16,0.011,2
ORD-2023-011449,CUST-01863,2023-05-14,0.057,1
ORD-2023-011450,CUST-00570,2023-05-26,0.1359,2
ORD-2023-011451,CUST-00350,2023-05-22,0.0305,1
ORD-2023-011452,CUST-02289,2023-05-25,0.0203,1
ORD-2023-011453,CUST-01239,2023-05-05,0.1251,1
ORD-2023-011454,CUST-00721,2023-05-15,0.0246,2
ORD-2023-011455,CUST-01129,2023-05-05,0.1418,1
ORD-2023-011456,CUST-01184,2023-05-25,0.0537,1
ORD-2023-011457,CUST-01630,2023-05-09,0.1891,1
ORD-2023-011458,CUST-01976,2023-05-15,0.1211,1
ORD-2023-011459,CUST-00680,2023-05-06,0.1325,1
ORD-2023-011460,CUST-00268,2023-05-28,0.1613,2
ORD-2023-011461,CUST-00826,2023-05-20,0.3815,1
ORD-2023-011462,CUST-00562,2023-05-12,0.3008,2
ORD-2023-011463,CUST-01494,2023-05-06,0.1458,2
ORD-2023-011464,,2023-05-28,0.0723,2
ORD-2023-011465,CUST-00630,2023-05-22,0.1652,3
ORD-2023-011466,CUST-01726,2023-05-08,0.0204,1
ORD-2023-011467,CUST-01012,2023-05-11,0.121,2
ORD-2023-011468,CUST-00514,2023-05-16,0.0238,1
ORD-2023-011469,CUST-02212,2023-05-07,0.0308,1
ORD-2023-011470,CUST-00779,2023-05-16,0.2262,1
ORD-2023-011471,CUST-02289,2023-05-24,0.086,1
ORD-2023-011472,CUST-01923,2023-05-05,0.0146,1
ORD-2023-011473,CUST-01593,2023-05-12,0.0372,2
ORD-2023-011474,CUST-01146,2023-05-25,0.2566,2
ORD-2023-011475,CUST-01124,2023-05-31,0.3012,2
ORD-2023-011476,CUST-00413,2023-05-27,0.0258,1
ORD-2023-011477,CUST-01896,2023-05-19,0.1917,2
ORD-2023-011478,CUST-00691,2023-05-04,0.0412,1
ORD-2023-011479,CUST-02391,2023-05-23,0.0756,4
ORD-2023-011480,CUST-00836,2023-05-12,0.55,1
ORD-2023-011481,CUST-00127,2023-05-05,0.2067,1
ORD-2023-011482,CUST-01304,2023-05-09,0.0433,2
ORD-2023-011483,CUST-01366,2023-05-05,0.1213,1
ORD-2023-011484,CUST-00132,2023-05-12,0.2436,3
ORD-2023-011485,CUST-01798,2023-05-09,0.1199,1
ORD-2023-011486,CUST-01680,2023-05-15,0.0222,2
ORD-2023-011487,CUST-00420,2023-05-01,0.0926,3
ORD-2023-011488,CUST-00113,2023-05-20,0.1332,1
ORD-2023-011489,CUST-01648,2023-05-17,0.1014,1
ORD-2023-011490,CUST-00790,2023-05-09,0.0769,1
ORD-2023-011491,CUST-01193,2023-05-22,0.0889,1
ORD-2023-011492,CUST-00737,2023-05-10,0.0917,2
ORD-2023-011493,CUST-01657,2023-05-22,0.0804,1
ORD-2023-011494,CUST-00068,2023-05-17,0.0594,2
ORD-2023-011495,CUST-02072,2023-05-02,0.2675,2
ORD-2023-011496,CUST-01031,2023-05-28,0.0726,1
ORD-2023-011497,CUST-01000,2023-05-24,0.0552,2
ORD-2023-011498,CUST-00930,2023-05-09,0.0352,1
ORD-2023-011499,CUST-02391,2023-05-06,0.1227,1
ORD-2023-011500,CUST-01915,2023-05-05,0.0013,1
ORD-2023-011501,CUST-00670,2023-05-05,0.0884,3
ORD-2023-011502,CUST-02212,2023-05-13,0.2241,2
ORD-2023-011503,CUST-01164,2023-05-19,0.0046,1
ORD-2023-011504,CUST-02296,2023-05-04,0.1114,1
ORD-2023-011505,CUST-02212,2023-05-19,0.2197,1
ORD-2023-011506,CUST-00222,2023-05-04,0.1455,1
ORD-2023-011507,CUST-01034,2023-05-20,0.0974,1
ORD-2023-011508,CUST-00348,2023-05-01,0.1776,3
ORD-2023-011509,,2023-05-21,0.0722,2
ORD-2023-011510,CUST-00818,2023-05-06,0.1002,2
ORD-2023-011511,CUST-00502,2023-05-16,0.1486,1
ORD-2023-011512,CUST-02067,2023-05-08,0.1056,2
ORD-2023-011513,CUST-01250,2023-05-03,0.0941,1
ORD-2023-011514,CUST-01724,2023-05-03,0.0994,1
ORD-2023-011515,CUST-00462,2023-05-17,0.0249,2
ORD-2023-011516,CUST-01286,2023-05-20,0.1113,1
ORD-2023-011517,CUST-00983,2023-05-20,0.15,2
ORD-2023-011518,CUST-00838,2023-05-14,0.0566,1
ORD-2023-011519,CUST-01103,2023-05-25,0.0174,2
ORD-2023-011520,CUST-00393,2023-05-15,0.1103,1
ORD-2023-011521,CUST-01530,2023-05-24,0.0856,3
ORD-2023-011522,CUST-00721,2023-05-03,0.0792,1
ORD-2023-011523,CUST-00096,2023-05-12,0.0501,1
ORD-2023-011524,CUST-01308,2023-05-17,0.093,1
ORD-2023-011525,CUST-00411,2023-05-10,0.0927,1
ORD-2023-011526,CUST-01546,2023-05-20,0.2695,1
ORD-2023-011527,CUST-02368,2023-05-10,0.052,2
ORD-2023-011528,CUST-02407,2023-05-18,0.1168,2
ORD-2023-011529,CUST-02065,2023-05-25,0.0377,2
ORD-2023-011530,CUST-01222,2023-05-17,0.065,2
ORD-2023-011531,CUST-02458,2023-05-02,0.1288,3
ORD-2023-011532,CUST-00737,2023-05-06,0.0881,2
ORD-2023-011533,CUST-00658,2023-05-15,0.2517,1
ORD-2023-011534,CUST-01274,2023-05-23,0.0425,3
ORD-2023-011535,CUST-01197,2023-05-05,0.2966,3
ORD-2023-011536,CUST-00741,2023-05-05,0.0603,3
ORD-2023-011537,CUST-01923,2023-05-19,0.0408,2
ORD-2023-011538,CUST-01231,2023-05-15,0.046,1
ORD-2023-011539,CUST-00785,2023-05-16,0.0661,1
ORD-2023-011540,CUST-01923,2023-05-16,0.0283,1
ORD-2023-011541,CUST-01633,2023-05-11,0.4184,1
ORD-2023-011542,CUST-00192,2023-05-11,0.0183,1
ORD-2023-011543,CUST-00570,2023-05-27,0.0415,3
ORD-2023-011544,CUST-00983,2023-05-23,0.0544,1
ORD-2023-011545,CUST-00284,2023-05-03,0.214,1
ORD-2023-011546,CUST-00067,2023-05-20,0.1575,2
ORD-2023-011547,CUST-00548,2023-05-25,0.0308,1
ORD-2023-011548,CUST-00785,2023-05-04,0.0202,1
ORD-2023-011549,CUST-01957,2023-05-05,0.2226,1
ORD-2023-011550,CUST-01755,2023-05-13,0.0531,1
ORD-2023-011551,CUST-01798,2023-05-12,0.0522,1
ORD-2023-011552,CUST-00382,2023-05-29,0.105,1
ORD-2023-011553,CUST-01973,2023-05-21,0.1199,1
ORD-2023-011554,CUST-02407,2023-05-02,0.1147,3
ORD-2023-011555,CUST-00917,2023-05-03,0.0471,2
ORD-2023-011556,CUST-01158,2023-05-31,0.247,1
ORD-2023-011557,CUST-00950,2023-05-27,0.1068,2
ORD-2023-011558,CUST-00455,2023-05-23,0.4222,1
ORD-2023-011559,CUST-00422,2023-05-16,0.1146,1
ORD-2023-011560,CUST-00779,2023-05-10,0.0563,2
ORD-2023-011561,CUST-00245,2023-05-05,0.0631,1
ORD-2023-011562,CUST-00275,2023-05-08,0.1519,3
ORD-2023-011563,CUST-01390,2023-05-29,0.1346,2
ORD-2023-011564,CUST-01390,2023-05-09,0.1041,1
ORD-2023-011565,CUST-00394,2023-05-27,0.466,1
ORD-2023-011566,CUST-01164,2023-05-01,0.1083,2
ORD-2023-011567,CUST-01503,2023-05-22,0.0675,1
ORD-2023-011568,CUST-02149,2023-05-17,0.0234,2
ORD-2023-011569,CUST-00633,2023-05-06,0.1808,2
ORD-2023-011570,CUST-00607,2023-05-07,0.0261,3
ORD-2023-011571,CUST-01711,2023-05-11,0.0413,2
ORD-2023-011572,CUST-00600,2023-05-11,0.0547,2
ORD-2023-011573,CUST-01159,2023-05-10,0.0342,1
ORD-2023-011574,CUST-01519,2023-05-08,0.2055,2
ORD-2023-011575,CUST-01164,2023-05-14,0.124,1
ORD-2023-011576,CUST-01290,2023-05-06,0.0565,1
ORD-2023-011577,CUST-01390,2023-05-21,0.0924,3
ORD-2023-011578,CUST-01863,2023-05-20,0.0732,1
ORD-2023-011579,CUST-00981,2023-05-12,0.2721,3
ORD-2023-011580,CUST-01398,2023-05-21,0.0395,2
ORD-2023-011581,CUST-02381,2023-05-06,0.1321,1
ORD-2023-011582,CUST-01729,2023-05-31,0.0244,2
ORD-2023-011583,CUST-01765,2023-05-09,0.0177,1
ORD-2023-011584,CUST-00382,2023-05-28,0.0621,1
ORD-2023-011585,CUST-01589,2023-05-23,0.2126,2
ORD-2023-011586,CUST-00246,2023-05-25,0.5064,1
ORD-2023-011587,CUST-00104,2023-05-22,0.09,1
ORD-2023-011588,CUST-00418,2023-05-30,0.1522,2
ORD-2023-011589,CUST-01606,2023-05-03,0.2336,2
ORD-2023-011590,CUST-01603,2023-05-11,0.021,1
ORD-2023-011591,CUST-00393,2023-05-30,0.0596,1
ORD-2023-011592,CUST-02164,2023-05-20,0.0205,1
ORD-2023-011593,CUST-02057,2023-05-05,0.1232,1
ORD-2023-011594,CUST-00737,2023-05-05,0.0828,1
ORD-2023-011595,CUST-01520,2023-05-05,0.0394,1
ORD-2023-011596,CUST-02006,2023-05-01,0.0382,3
ORD-2023-011597,CUST-01724,2023-05-08,0.0946,2
ORD-2023-011598,CUST-01159,2023-05-16,0.0218,1
ORD-2023-011599,CUST-00382,2023-05-21,0.0462,3
ORD-2023-011600,CUST-00456,2023-05-29,0.1001,1
ORD-2023-011601,CUST-00554,2023-05-01,0.0436,1
ORD-2023-011602,CUST-00397,2023-05-12,0.0449,1
ORD-2023-011603,CUST-01585,2023-05-11,0.055,1
ORD-2023-011604,CUST-00432,2023-05-19,0.082,1
ORD-2023-011605,CUST-00402,2023-05-05,0.0572,2
ORD-2023-011606,CUST-00127,2023-05-17,0.0318,1
ORD-2023-011607,CUST-01765,2023-05-26,0.0467,2
ORD-2023-011608,CUST-01501,2023-05-07,0.0431,1
ORD-2023-011609,CUST-00393,2023-05-23,0.0653,1
ORD-2023-011610,CUST-02358,2023-05-20,0.0296,2
ORD-2023-011611,CUST-01342,2023-05-20,0.0741,1
ORD-2023-011612,CUST-00863,2023-05-10,0.0169,1
ORD-2023-011613,CUST-01488,2023-05-05,0.0491,1
ORD-2023-011614,CUST-00152,2023-05-28,0.122,1
ORD-2023-011615,CUST-01474,2023-05-28,0.2654,1
ORD-2023-011616,CUST-02416,2023-05-06,0.1771,2
ORD-2023-011617,CUST-00915,2023-05-11,0.0538,1
ORD-2023-011618,CUST-00700,2023-05-11,0.0538,1
ORD-2023-011619,CUST-00453,2023-05-03,0.0671,1
ORD-2023-011620,CUST-01158,2023-05-02,0.0898,1
ORD-2023-011621,CUST-02334,2023-05-09,0.4081,1
ORD-2023-011622,CUST-00039,2023-05-29,0.0791,2
ORD-2023-011623,CUST-01765,2023-05-14,0.0282,1
ORD-2023-011624,CUST-01662,2023-05-27,0.0949,1
ORD-2023-011625,CUST-01680,2023-05-22,0.0573,3
ORD-2023-011626,CUST-02374,2023-05-08,0.0097,1
ORD-2023-011627,CUST-02006,2023-05-15,0.0555,1
ORD-2023-011628,CUST-01103,2023-05-31,0.0217,2
ORD-2023-011629,CUST-01086,2023-05-30,0.0867,1
ORD-2023-011630,CUST-01436,2023-05-03,0.1333,1
ORD-2023-011631,CUST-00786,2023-05-24,0.0437,1
ORD-2023-011632,CUST-01277,2023-05-05,0.1334,2
ORD-2023-011633,CUST-00983,2023-05-30,0.0725,5
ORD-2023-011634,CUST-00585,2023-05-14,0.0405,1
ORD-2023-011635,CUST-00892,2023-05-13,0.1042,1
ORD-2023-011636,CUST-00651,2023-05-09,0.1036,2
ORD-2023-011637,CUST-01860,2023-05-20,0.1153,4
ORD-2023-011638,CUST-00328,2023-05-14,0.1061,2
ORD-2023-011639,CUST-00328,2023-05-19,0.0135,1
ORD-2023-011640,CUST-00983,2023-05-17,0.0866,2
ORD-2023-011641,CUST-00564,2023-05-18,0.1317,4
ORD-2023-011642,CUST-01304,2023-05-13,0.0447,2
ORD-2023-011643,CUST-01264,2023-05-30,0.0943,4
ORD-2023-011644,CUST-01589,2023-05-30,0.1475,2
ORD-2023-011645,CUST-01396,2023-05-05,0.0662,1
ORD-2023-011646,CUST-00207,2023-05-27,0.2668,1
ORD-2023-011647,CUST-01308,2023-05-30,0.0612,1
ORD-2023-011648,CUST-01809,2023-05-07,0.183,1
ORD-2023-011649,CUST-00340,2023-05-24,0.2974,3
ORD-2023-011650,CUST-00273,2023-05-30,0.0564,1
ORD-2023-011651,CUST-01923,2023-05-23,0.0493,4
ORD-2023-011652,CUST-00394,2023-05-05,0.088,4
ORD-2023-011653,CUST-00144,2023-05-11,0.0457,1
ORD-2023-011654,CUST-01385,2023-05-30,0.1969,1
ORD-2023-011655,CUST-00721,2023-05-23,0.0777,2
ORD-2023-011656,CUST-02246,2023-05-28,0.097,3
ORD-2023-011657,CUST-01049,2023-05-24,0.1172,1
ORD-2023-011658,CUST-00260,2023-05-22,0.0222,1
ORD-2023-011659,CUST-02423,2023-05-29,0.0505,5
ORD-2023-011660,CUST-00509,2023-05-02,0.0465,1
ORD-2023-011661,CUST-00127,2023-05-03,0.1335,1
ORD-2023-011662,CUST-00085,2023-05-16,0.1571,5
ORD-2023-011663,CUST-01571,2023-05-28,0.0248,1
ORD-2023-011664,CUST-01452,2023-05-23,0.0841,2
ORD-2023-011665,CUST-01520,2023-05-16,0.1421,1
ORD-2023-011666,CUST-00301,2023-05-05,0.3437,2
ORD-2023-011667,CUST-01512,2023-05-10,0.0499,3
ORD-2023-011668,CUST-01012,2023-05-27,0.0778,4
ORD-2023-011669,CUST-00158,2023-05-20,0.0573,1
ORD-2023-011670,CUST-00938,2023-05-14,0.1097,1
ORD-2023-011671,CUST-00480,2023-05-14,0.1165,1
ORD-2023-011672,CUST-01835,2023-05-29,0.0643,3
ORD-2023-011673,CUST-01543,2023-05-09,0.2164,1
ORD-2023-011674,CUST-00796,2023-05-21,0.0637,2
ORD-2023-011675,CUST-00362,2023-05-07,0.0348,1
ORD-2023-011676,CUST-01182,2023-05-06,0.0857,1
ORD-2023-011677,CUST-02164,2023-05-24,0.0677,2
ORD-2023-011678,CUST-01037,2023-05-24,0.0212,1
ORD-2023-011679,CUST-00493,2023-05-10,0.0199,1
ORD-2023-011680,CUST-01860,2023-05-17,0.0292,1
ORD-2023-011681,CUST-00229,2023-05-22,0.2661,1
ORD-2023-011682,CUST-02459,2023-05-08,0.07,1
ORD-2023-011683,CUST-00759,2023-05-26,0.0546,1
ORD-2023-011684,CUST-01450,2023-05-12,0.0439,3
ORD-2023-011685,CUST-01738,2023-05-04,0.0492,1
ORD-2023-011686,CUST-00382,2023-05-18,0.0571,2
ORD-2023-011687,CUST-01130,2023-05-20,0.0108,1
ORD-2023-011688,CUST-01132,2023-05-27,0.1744,3
ORD-2023-011689,CUST-00192,2023-05-30,0.059,1
ORD-2023-011690,CUST-00183,2023-05-10,0.1661,3
ORD-2023-011691,CUST-01996,2023-05-09,0.1037,2
ORD-2023-011692,CUST-00382,2023-05-20,0.0723,4
ORD-2023-011693,CUST-00456,2023-05-28,0.0307,1
ORD-2023-011694,CUST-01850,2023-05-05,0.0796,2
ORD-2023-011695,CUST-00700,2023-05-22,0.0627,1
ORD-2023-011696,CUST-00476,2023-05-14,0.0457,1
ORD-2023-011697,CUST-02435,2023-05-03,0.1362,2
ORD-2023-011698,CUST-02007,2023-05-19,0.085,2
ORD-2023-011699,CUST-01184,2023-05-24,0.2104,2
ORD-2023-011700,CUST-01061,2023-05-11,0.034,2
ORD-2023-011701,CUST-00691,2023-05-26,0.0559,1
ORD-2023-011702,CUST-01603,2023-05-30,0.026,3
ORD-2023-011703,CUST-00818,2023-05-26,0.2693,1
ORD-2023-011704,CUST-01728,2023-05-07,0.0973,2
ORD-2023-011705,CUST-00708,2023-05-24,0.0184,2
ORD-2023-011706,CUST-00048,2023-05-04,0.1401,1
ORD-2023-011707,CUST-02412,2023-05-01,0.0462,2
ORD-2023-011708,CUST-01130,2023-05-23,0.0441,1
ORD-2023-011709,CUST-00401,2023-05-01,0.2345,2
ORD-2023-011710,CUST-00737,2023-05-04,0.1074,3
ORD-2023-011711,CUST-00068,2023-05-12,0.1149,1
ORD-2023-011712,CUST-01130,2023-05-30,0.0267,1
ORD-2023-011713,CUST-01367,2023-05-31,0.0201,2
ORD-2023-011714,CUST-00244,2023-05-15,0.2203,2
ORD-2023-011715,CUST-00860,2023-05-31,0.0742,1
ORD-2023-011716,CUST-01257,2023-05-20,0.0545,1
ORD-2023-011717,CUST-01674,2023-05-19,0.2946,3
ORD-2023-011718,CUST-00039,2023-05-09,0.1882,1
ORD-2023-011719,CUST-01075,2023-05-09,0.0686,1
ORD-2023-011720,CUST-02292,2023-05-28,0.1339,1
ORD-2023-011721,CUST-01881,2023-05-05,0.0639,1
ORD-2023-011722,CUST-01879,2023-05-26,0.0801,1
ORD-2023-011723,CUST-00329,2023-05-31,0.1322,1
ORD-2023-011724,CUST-00330,2023-05-29,0.1515,1
ORD-2023-011725,CUST-01623,2023-05-30,0.0129,1
ORD-2023-011726,CUST-01686,2023-05-12,0.0064,1
ORD-2023-011727,CUST-00584,2023-05-14,0.0348,2
ORD-2023-011728,CUST-01732,2023-05-19,0.0609,2
ORD-2023-011729,CUST-01571,2023-05-06,0.0354,3
ORD-2023-011730,CUST-02246,2023-05-31,0.0814,4
ORD-2023-011731,CUST-01710,2023-05-13,0.0308,1
ORD-2023-011732,CUST-01436,2023-05-20,0.1622,1
ORD-2023-011733,CUST-00039,2023-05-14,0.0929,1
ORD-2023-011734,CUST-00372,2023-05-07,0.112,1
ORD-2023-011735,CUST-01349,2023-05-16,0.1106,1
ORD-2023-011736,CUST-01666,2023-05-09,0.1198,2
ORD-2023-011737,CUST-02292,2023-05-24,0.1067,2
ORD-2023-011738,CUST-00658,2023-05-23,0.0992,2
ORD-2023-011739,CUST-00759,2023-05-16,0.0184,2
ORD-2023-011740,CUST-01680,2023-05-16,0.0982,3
ORD-2023-011741,CUST-02279,2023-05-21,0.0343,1
ORD-2023-011742,CUST-01202,2023-05-12,0.1056,1
ORD-2023-011743,CUST-00410,2023-05-25,0.139,1
ORD-2023-011744,CUST-00022,2023-05-27,0.1552,1
ORD-2023-011745,CUST-01999,2023-05-14,0.0554,1
ORD-2023-011746,CUST-02364,2023-05-04,0.0439,1
ORD-2023-011747,CUST-01765,2023-05-18,0.0356,1
ORD-2023-011748,CUST-01398,2023-05-21,0.0715,2
ORD-2023-011749,CUST-02044,2023-05-18,0.0515,1
ORD-2023-011750,CUST-00304,2023-05-21,0.365,2
ORD-2023-011751,CUST-01689,2023-05-23,0.5467,1
ORD-2023-011752,CUST-02065,2023-05-22,0.1179,1
ORD-2023-011753,CUST-01670,2023-05-01,0.1142,2
ORD-2023-011754,CUST-00365,2023-05-07,0.1012,1
ORD-2023-011755,CUST-00697,2023-05-29,0.1305,1
ORD-2023-011756,CUST-00817,2023-05-21,0.1992,2
ORD-2023-011757,CUST-02368,2023-05-30,0.0741,1
ORD-2023-011758,CUST-00946,2023-05-19,0.1381,2
ORD-2023-011759,CUST-00891,2023-05-15,0.0591,3
ORD-2023-011760,CUST-02391,2023-05-14,0.0498,2
ORD-2023-011761,CUST-01382,2023-05-01,0.05,1
ORD-2023-011762,CUST-00229,2023-05-18,0.0641,1
ORD-2023-011763,CUST-01520,2023-05-06,0.0732,2
ORD-2023-011764,CUST-02416,2023-05-04,0.0798,3
ORD-2023-011765,CUST-00366,2023-05-12,0.3504,1
ORD-2023-011766,CUST-01132,2023-05-09,0.1287,2
ORD-2023-011767,CUST-00022,2023-05-24,0.0528,1
ORD-2023-011768,CUST-01516,2023-05-23,0.0165,1
ORD-2023-011769,CUST-00653,2023-05-21,0.2108,1
ORD-2023-011770,CUST-00779,,0.1047,1
ORD-2023-011771,CUST-01605,2023-05-17,0.0641,1
ORD-2023-011772,CUST-01623,2023-05-25,0.0456,2
ORD-2023-011773,CUST-01605,2023-05-28,0.0432,3
ORD-2023-011774,CUST-00890,2023-05-10,0.5015,1
ORD-2023-011775,CUST-01085,2023-05-07,0.1124,2
ORD-2023-011776,CUST-00930,2023-05-31,0.0272,1
ORD-2023-011777,CUST-00601,2023-05-26,0.1247,2
ORD-2023-011778,CUST-00029,2023-05-09,0.138,2
ORD-2023-011779,CUST-00240,2023-05-11,0.0463,4
ORD-2023-011780,CUST-00614,2023-05-09,0.1107,2
ORD-2023-011781,CUST-00468,2023-05-17,0.1533,2
ORD-2023-011782,CUST-01037,2023-05-04,0.046,3
ORD-2023-011783,CUST-00983,2023-05-22,0.1305,1
ORD-2023-011784,CUST-01541,2023-05-12,0.2579,3
ORD-2023-011785,CUST-00700,2023-05-01,0.0572,3
ORD-2023-011786,CUST-00961,2023-05-07,0.0216,2
ORD-2023-011787,CUST-00571,2023-05-02,0.0198,3
ORD-2023-011788,CUST-01407,2023-05-27,0.0261,2
ORD-2023-011789,CUST-02341,2023-05-01,0.077,1
ORD-2023-011790,CUST-02413,2023-05-05,0.1384,2
ORD-2023-011791,CUST-02164,2023-05-27,0.0338,1
ORD-2023-011792,CUST-01274,2023-05-11,0.0844,1
ORD-2023-011793,CUST-01717,2023-05-10,0.1375,1
ORD-2023-011794,CUST-01037,2023-05-03,0.008,1
ORD-2023-011795,CUST-01798,2023-05-15,0.0383,1
ORD-2023-011796,CUST-01508,2023-05-06,0.083,1
ORD-2023-011797,CUST-01257,2023-05-02,0.0371,2
ORD-2023-011798,CUST-00623,2023-05-27,0.405,1
ORD-2023-011799,CUST-00198,2023-05-30,0.0736,2
ORD-2023-011800,CUST-00611,2023-05-20,0.1341,1
ORD-2023-011801,CUST-00223,2023-05-07,0.054,3
ORD-2023-011802,CUST-00456,2023-05-10,0.0656,2
ORD-2023-011803,CUST-00062,2023-05-21,0.2097,1
ORD-2023-011804,CUST-01743,2023-05-16,0.0151,1
ORD-2023-011805,CUST-01247,2023-05-25,0.3491,1
ORD-2023-011806,CUST-00930,2023-05-20,0.0445,1
ORD-2023-011807,CUST-01684,2023-05-30,0.1233,2
ORD-2023-011808,CUST-01352,2023-05-03,0.1472,1
ORD-2023-011809,CUST-00584,2023-05-07,0.0333,2
ORD-2023-011810,CUST-00445,2023-05-05,0.1922,2
ORD-2023-011811,CUST-00096,2023-05-14,0.173,1
ORD-2023-011812,CUST-00876,2023-05-27,0.0341,1
ORD-2023-011813,CUST-01863,2023-05-12,0.1752,1
ORD-2023-011814,CUST-01170,2023-05-06,0.1289,1
ORD-2023-011815,CUST-01202,2023-05-21,0.1023,2
ORD-2023-011816,CUST-00434,2023-05-07,0.0889,1
ORD-2023-011817,CUST-01292,2023-05-04,0.0136,2
ORD-2023-011818,CUST-01147,2023-05-18,0.0703,2
ORD-2023-011819,CUST-01233,2023-05-16,0.2519,2
ORD-2023-011820,CUST-00996,2023-05-05,0.0154,2
ORD-2023-011821,CUST-01158,2023-05-10,0.0629,3
ORD-2023-011822,CUST-01093,2023-05-13,0.055,1
ORD-2023-011823,CUST-01910,2023-05-04,0.1475,1
ORD-2023-011824,CUST-00456,2023-05-21,0.051,1
ORD-2023-011825,CUST-02292,2023-05-05,0.1304,1
ORD-2023-011826,CUST-02155,2023-05-30,0.1516,1
ORD-2023-011827,CUST-00867,2023-05-16,0.0972,3
ORD-2023-011828,CUST-00133,2023-05-08,0.0162,1
ORD-2023-011829,CUST-00291,2023-05-28,0.1845,1
ORD-2023-011830,CUST-00747,2023-05-02,0.2587,1
ORD-2023-011831,CUST-02459,2023-05-18,0.0197,1
ORD-2023-011832,CUST-00407,2023-05-23,0.0238,1
ORD-2023-011833,CUST-01958,2023-05-12,0.0625,1
ORD-2023-011834,CUST-00238,2023-05-31,0.0878,1
ORD-2023-011835,CUST-00096,2023-05-21,0.1216,2
ORD-2023-011836,CUST-01873,2023-05-28,0.1361,1
ORD-2023-011837,CUST-01487,2023-05-31,0.0549,2
ORD-2023-011838,CUST-00384,2023-05-23,0.0203,1
ORD-2023-011839,CUST-00350,2023-05-21,0.0195,1
ORD-2023-011840,CUST-00500,2023-05-13,0.126,1
ORD-2023-011841,CUST-01670,2023-05-29,0.1739,2
ORD-2023-011842,CUST-01308,2023-05-26,0.066,1
ORD-2023-011843,CUST-00356,2023-05-04,0.1032,2
ORD-2023-011844,CUST-01033,2023-05-26,0.3967,2
ORD-2023-011845,CUST-00301,2023-05-04,0.0475,1
ORD-2023-011846,CUST-01132,2023-05-10,0.0626,1
ORD-2023-011847,CUST-00892,2023-05-18,0.09,2
ORD-2023-011848,CUST-00116,2023-05-19,0.2021,2
ORD-2023-011849,CUST-01264,2023-05-18,0.1666,1
ORD-2023-011850,CUST-00172,2023-05-29,0.041,1
ORD-2023-011851,CUST-01092,2023-05-15,0.1471,1
ORD-2023-011852,CUST-00013,2023-05-28,0.0922,1
ORD-2023-011853,CUST-02224,2023-05-10,0.0369,2
ORD-2023-011854,CUST-00559,2023-05-13,0.0222,1
ORD-2023-011855,CUST-02251,2023-05-29,0.0278,3
ORD-2023-011856,CUST-00394,2023-05-31,0.0954,1
ORD-2023-011857,CUST-00357,2023-05-21,0.1062,2
ORD-2023-011858,CUST-00066,2023-05-07,0.0788,1
ORD-2023-011859,CUST-01630,2023-05-13,0.1893,1
ORD-2023-011860,CUST-01990,2023-05-01,0.3931,1
ORD-2023-011861,CUST-00619,2023-05-10,0.1026,1
ORD-2023-011862,CUST-01349,2023-05-07,0.0088,1
ORD-2023-011863,CUST-02003,2023-05-15,0.0233,1
ORD-2023-011864,CUST-01132,2023-05-11,0.0775,1
ORD-2023-011865,CUST-02279,2023-05-30,0.0461,3
ORD-2023-011866,CUST-00177,2023-05-07,0.12,1
ORD-2023-011867,CUST-01326,2023-05-13,0.063,1
ORD-2023-011868,CUST-00242,2023-05-01,0.0983,1
ORD-2023-011869,CUST-00065,2023-05-04,0.0106,1
ORD-2023-011870,CUST-00037,2023-05-23,0.0383,1
ORD-2023-011871,CUST-01999,2023-05-21,0.0859,1
ORD-2023-011872,CUST-00422,2023-05-23,0.0318,2
ORD-2023-011873,CUST-00026,2023-05-03,0.1029,2
ORD-2023-011874,CUST-01831,2023-05-05,0.2141,2
ORD-2023-011875,CUST-01630,2023-05-22,0.0933,1
ORD-2023-011876,CUST-01809,2023-05-07,0.2392,1
ORD-2023-011877,CUST-02251,2023-05-26,0.0465,1
ORD-2023-011878,CUST-02110,2023-05-27,0.0115,1
ORD-2023-011879,CUST-01436,2023-05-08,0.0723,2
ORD-2023-011880,CUST-01103,2023-05-16,0.0228,1
ORD-2023-011881,CUST-01399,2023-05-14,0.016,1
ORD-2023-011882,CUST-02310,2023-05-01,0.234,1
ORD-2023-011883,CUST-01743,2023-05-08,0.0587,2
ORD-2023-011884,CUST-01351,2023-05-10,0.1002,2
ORD-2023-011885,CUST-01189,2023-05-18,0.1643,3
ORD-2023-011886,CUST-00824,2023-05-13,0.1063,3
ORD-2023-011887,CUST-02305,2023-05-13,0.0651,1
ORD-2023-011888,CUST-01076,2023-05-01,0.3805,1
ORD-2023-011889,CUST-01791,2023-05-02,0.1841,1
ORD-2023-011890,CUST-00950,2023-05-28,0.0927,3
ORD-2023-011891,CUST-01009,2023-05-27,0.3254,3
ORD-2023-011892,CUST-00554,2023-05-19,0.0438,5
ORD-2023-011893,CUST-01130,2023-05-14,0.0482,1
ORD-2023-011894,CUST-02393,2023-05-05,0.0298,2
ORD-2023-011895,CUST-00643,2023-05-27,0.3956,1
ORD-2023-011896,,2023-05-12,0.0412,1
ORD-2023-011897,CUST-00348,2023-05-13,0.1513,2
ORD-2023-011898,CUST-02412,2023-05-17,0.0031,1
ORD-2023-011899,CUST-02374,2023-05-30,0.0258,1
ORD-2023-011900,CUST-00410,2023-05-07,0.0928,2
ORD-2023-011901,CUST-01257,2023-05-12,0.0125,1
ORD-2023-011902,CUST-00218,2023-05-28,0.2624,2
ORD-2023-011903,CUST-00600,2023-05-15,0.0997,1
ORD-2023-011904,CUST-00393,2023-05-10,0.0431,1
ORD-2023-011905,CUST-01249,2023-05-01,0.2585,2
ORD-2023-011906,CUST-01662,2023-05-27,0.0539,2
ORD-2023-011907,CUST-00192,2023-05-10,0.1526,1
ORD-2023-011908,CUST-00453,2023-05-22,0.0274,2
ORD-2023-011909,CUST-00482,2023-05-21,0.1538,3
ORD-2023-011910,CUST-01908,2023-05-11,0.1006,1
ORD-2023-011911,CUST-01232,2023-05-16,0.0841,1
ORD-2023-011912,CUST-01846,2023-05-31,0.1069,2
ORD-2023-011913,CUST-01680,2023-05-14,0.0488,2
ORD-2023-011914,CUST-01356,2023-05-04,0.0808,1
ORD-2023-011915,CUST-00554,2023-05-29,0.0794,1
ORD-2023-011916,CUST-02110,2023-05-17,0.0399,2
ORD-2023-011917,CUST-00127,2023-05-03,0.0897,3
ORD-2023-011918,CUST-00630,2023-05-11,0.169,2
ORD-2023-011919,CUST-01202,2023-05-22,0.0462,1
ORD-2023-011920,CUST-00748,2023-05-26,0.1376,1
ORD-2023-011921,CUST-01400,2023-05-13,0.153,1
ORD-2023-011922,CUST-00462,2023-05-04,0.1101,1
ORD-2023-011923,CUST-00759,2023-05-01,0.1343,1
ORD-2023-011924,CUST-01737,2023-05-30,0.0858,1
ORD-2023-011925,CUST-01852,2023-05-01,0.0341,1
ORD-2023-011926,CUST-00651,2023-05-31,0.2963,2
ORD-2023-011927,CUST-00410,2023-05-04,0.0284,1
ORD-2023-011928,CUST-00106,2023-05-06,0.0475,2
ORD-2023-011929,CUST-01852,2023-05-09,0.1222,2
ORD-2023-011930,CUST-00085,2023-05-05,0.1279,1
ORD-2023-011931,CUST-01387,2023-05-03,0.243,1
ORD-2023-011932,CUST-00872,2023-05-12,0.0723,3
ORD-2023-011933,CUST-01860,2023-05-07,0.0127,1
ORD-2023-011934,CUST-02279,2023-05-10,0.0327,5
ORD-2023-011935,CUST-00205,2023-05-10,0.0826,4
ORD-2023-011936,CUST-00397,2023-05-29,0.0239,3
ORD-2023-011937,CUST-01599,2023-05-17,0.0497,4
ORD-2023-011938,CUST-01449,2023-05-15,0.1419,2
ORD-2023-011939,CUST-00104,2023-05-20,0.0453,1
ORD-2023-011940,CUST-00683,2023-05-07,0.1531,1
ORD-2023-011941,CUST-00417,2023-05-20,0.2399,2
ORD-2023-011942,CUST-01292,2023-05-08,0.0506,2
ORD-2023-011943,CUST-00811,2023-05-19,0.1823,2
ORD-2023-011944,CUST-00360,2023-05-11,0.2578,1
ORD-2023-011945,CUST-02110,2023-05-30,0.0376,1
ORD-2023-011946,CUST-00080,2023-05-12,0.2431,1
ORD-2023-011947,CUST-01846,2023-05-27,0.0372,1
ORD-2023-011948,CUST-02423,2023-05-01,0.0336,2
ORD-2023-011949,CUST-00372,2023-05-02,0.0545,2
ORD-2023-011950,CUST-00641,2023-05-19,0.1225,1
ORD-2023-011951,CUST-00502,2023-05-05,0.1099,1
ORD-2023-011952,CUST-01421,2023-05-19,0.0727,4
ORD-2023-011953,CUST-00068,2023-05-28,0.1633,1
ORD-2023-011954,CUST-00571,2023-05-18,0.054,1
ORD-2023-011955,CUST-01474,2023-05-19,0.1857,1
ORD-2023-011956,CUST-00295,2023-05-09,0.1735,2
ORD-2023-011957,CUST-01091,2023-05-30,0.1916,1
ORD-2023-011958,CUST-00104,2023-05-04,0.0963,1
ORD-2023-011959,CUST-00168,2023-05-20,0.111,1
ORD-2023-011960,CUST-01911,2023-05-17,0.1973,1
ORD-2023-011961,CUST-00931,2023-05-21,0.2956,1
ORD-2023-011962,CUST-01863,2023-05-28,0.085,2
ORD-2023-011963,CUST-01697,2023-05-31,0.2404,1
ORD-2023-011964,CUST-01270,2023-05-30,0.1826,3
ORD-2023-011965,CUST-02451,2023-05-02,0.0206,1
ORD-2023-011966,CUST-00328,2023-05-17,0.097,2
ORD-2023-011967,CUST-00687,2023-05-24,0.0338,3
ORD-2023-011968,CUST-01721,2023-05-23,0.1729,1
ORD-2023-011969,CUST-00554,2023-05-07,0.1201,1
ORD-2023-011970,CUST-00275,2023-05-21,0.1231,2
ORD-2023-011971,CUST-01530,2023-05-11,0.1355,2
ORD-2023-011972,CUST-00205,2023-05-09,0.0381,1
ORD-2023-011973,CUST-01137,2023-05-03,0.2054,2
ORD-2023-011974,CUST-00350,2023-05-26,0.0221,1
ORD-2023-011975,CUST-01373,2023-05-03,0.0466,1
ORD-2023-011976,CUST-00108,2023-05-31,0.0806,3
ORD-2023-011977,CUST-00329,2023-05-10,0.2381,1
ORD-2023-011978,CUST-01279,2023-05-05,0.163,1
ORD-2023-011979,CUST-01161,2023-05-29,0.0398,1
ORD-2023-011980,CUST-01086,2023-05-22,0.0184,2
ORD-2023-011981,CUST-01134,2023-05-06,0.1978,2
ORD-2023-011982,CUST-00219,2023-05-21,0.1909,1
ORD-2023-011983,CUST-00988,2023-05-30,0.0802,1
ORD-2023-011984,CUST-00502,2023-05-21,0.0542,1
ORD-2023-011985,CUST-01488,2023-05-12,0.0443,1
ORD-2023-011986,CUST-02412,2023-05-11,0.0111,2
ORD-2023-011987,CUST-01225,2023-05-28,0.0309,2
ORD-2023-011988,CUST-01386,2023-05-26,0.0352,3
ORD-2023-011989,CUST-01580,2023-05-22,0.3893,1
ORD-2023-011990,CUST-01394,2023-05-31,0.0666,5
ORD-2023-011991,CUST-00318,2023-05-26,0.3625,1
ORD-2023-011992,CUST-00942,2023-05-26,0.3019,3
ORD-2023-011993,CUST-00026,2023-05-07,0.0848,1
ORD-2023-011994,CUST-00565,2023-05-23,0.0061,1
ORD-2023-011995,CUST-00362,2023-05-15,0.0111,1
ORD-2023-011996,CUST-01726,2023-05-18,0.0373,1
ORD-2023-011997,CUST-01923,2023-05-25,0.0251,1
ORD-2023-011998,CUST-02044,2023-05-11,0.0888,1
ORD-2023-011999,CUST-00580,2023-05-29,0.0527,1
ORD-2023-012000,CUST-02010,2023-05-24,0.055,1
ORD-2023-012001,CUST-01999,2023-05-11,0.297,2
ORD-2023-012002,CUST-00273,2023-05-12,0.097,2
ORD-2023-012003,CUST-00502,2023-05-25,0.0768,1
ORD-2023-012004,CUST-00865,2023-05-14,0.0785,1
ORD-2023-012005,CUST-02333,2023-05-29,0.0634,1
ORD-2023-012006,CUST-01318,2023-05-01,0.1082,1
ORD-2023-012007,CUST-01757,2023-05-19,0.0106,1
ORD-2023-012008,CUST-00218,2023-05-30,0.1315,2
ORD-2023-012009,CUST-00304,2023-05-14,0.0479,1
ORD-2023-012010,CUST-01565,2023-05-04,0.0289,1
ORD-2023-012011,CUST-00721,2023-05-02,0.1272,1
ORD-2023-012012,CUST-00161,2023-05-25,0.1304,3
ORD-2023-012013,CUST-02322,2023-05-10,0.1666,1
ORD-2023-012014,CUST-02037,2023-05-14,0.0065,1
ORD-2023-012015,CUST-01111,2023-05-27,0.2524,1
ORD-2023-012016,CUST-01846,2023-05-04,0.0574,1
ORD-2023-012017,CUST-01130,2023-05-22,0.0977,1
ORD-2023-012018,CUST-01367,2023-05-01,0.1168,1
ORD-2023-012019,CUST-01514,2023-05-27,0.0395,3
ORD-2023-012020,CUST-00564,2023-05-25,0.1138,3
ORD-2023-012021,CUST-01318,2023-05-16,0.2658,2
ORD-2023-012022,CUST-00373,2023-05-09,0.0916,1
ORD-2023-012023,CUST-02459,2023-05-05,0.1211,1
ORD-2023-012024,CUST-01226,2023-05-03,0.1203,3
ORD-2023-012025,CUST-01183,2023-05-23,0.0497,1
ORD-2023-012026,CUST-01182,2023-05-01,0.0223,2
ORD-2023-012027,CUST-01488,2023-05-06,0.0032,1
ORD-2023-012028,CUST-01290,2023-05-31,0.0577,1
ORD-2023-012029,CUST-00029,2023-05-27,0.1235,1
ORD-2023-012030,CUST-01086,2023-05-24,0.0357,4
ORD-2023-012031,CUST-00161,2023-05-01,0.0992,1
ORD-2023-012032,CUST-00679,2023-05-24,0.1764,4
ORD-2023-012033,CUST-00493,2023-05-18,0.0961,2
ORD-2023-012034,CUST-02368,2023-05-14,0.0259,2
ORD-2023-012035,CUST-01782,2023-05-22,0.1582,1
ORD-2023-012036,CUST-00969,2023-05-14,0.0579,3
ORD-2023-012037,CUST-00090,2023-05-20,0.0621,1
ORD-2023-012038,CUST-01267,2023-05-24,0.0352,1
ORD-2023-012039,CUST-01520,2023-05-03,0.0533,3
ORD-2023-012040,CUST-01364,2023-05-14,0.1131,3
ORD-2023-012041,CUST-01177,2023-05-26,0.1038,1
ORD-2023-012042,CUST-01104,2023-05-18,0.1319,3
ORD-2023-012043,CUST-00954,2023-05-11,0.1901,1
ORD-2023-012044,CUST-02044,2023-05-03,0.0253,2
ORD-2023-012045,CUST-00506,2023-05-16,0.0642,1
ORD-2023-012046,CUST-00639,2023-05-08,0.0952,2
ORD-2023-012047,CUST-00365,2023-05-01,0.2648,1
ORD-2023-012048,CUST-01519,2023-05-26,0.0278,1
ORD-2023-012049,CUST-01161,2023-05-01,0.0908,2
ORD-2023-012050,CUST-00216,2023-05-28,0.0241,2
ORD-2023-012051,CUST-01143,2023-05-23,0.1582,1
ORD-2023-012052,CUST-00564,2023-05-29,0.1971,1
ORD-2023-012053,CUST-00798,2023-05-12,0.4152,1
ORD-2023-012054,CUST-00898,2023-05-25,0.0896,1
ORD-2023-012055,CUST-02190,2023-05-26,0.0378,1
ORD-2023-012056,CUST-00307,2023-05-26,0.0822,2
ORD-2023-012057,CUST-00057,2023-05-28,0.1298,1
ORD-2023-012058,CUST-01623,2023-05-02,0.0385,1
ORD-2023-012059,CUST-02412,2023-05-26,0.0339,1
ORD-2023-012060,CUST-01252,2023-05-31,0.0254,3
ORD-2023-012061,CUST-01231,2023-05-06,0.0545,1
ORD-2023-012062,CUST-01665,2023-05-23,0.0196,3
ORD-2023-012063,CUST-01060,2023-05-20,0.0058,1
ORD-2023-012064,CUST-01589,2023-05-27,0.0215,1
ORD-2023-012065,CUST-01189,2023-05-17,0.0845,2
ORD-2023-012066,CUST-01257,2023-05-06,0.0246,1
ORD-2023-012067,CUST-00329,2023-05-10,0.1648,1
ORD-2023-012068,CUST-00950,2023-05-23,0.0539,1
ORD-2023-012069,CUST-02423,2023-05-26,0.0446,2
ORD-2023-012070,CUST-00680,2023-05-31,0.5162,1
ORD-2023-012071,CUST-02440,2023-05-08,0.0412,2
ORD-2023-012072,CUST-01410,2023-05-21,0.167,3
ORD-2023-012073,CUST-00413,2023-05-13,0.0198,4
ORD-2023-012074,CUST-01796,2023-05-20,0.1339,1
ORD-2023-012075,CUST-01049,2023-05-23,0.0366,1
ORD-2023-012076,CUST-01593,2023-05-07,0.0279,1
ORD-2023-012077,CUST-01337,2023-05-09,0.0272,2
ORD-2023-012078,CUST-00118,2023-05-14,0.0652,1
ORD-2023-012079,CUST-02065,2023-05-11,0.032,1
ORD-2023-012080,CUST-00784,2023-05-18,0.0539,1
ORD-2023-012081,CUST-01570,2023-05-09,0.0754,2
ORD-2023-012082,CUST-00376,2023-05-19,0.0469,1
ORD-2023-012083,CUST-00954,2023-05-15,0.1145,2
ORD-2023-012084,CUST-00282,2023-05-21,0.1463,1
ORD-2023-012085,CUST-00488,2023-05-23,0.1879,1
ORD-2023-012086,CUST-01230,2023-05-01,0.1205,3
ORD-2023-012087,CUST-00737,2023-05-15,0.0323,1
ORD-2023-012088,CUST-01684,2023-05-26,0.2115,1
ORD-2023-012089,CUST-00600,2023-05-10,0.0842,1
ORD-2023-012090,CUST-01270,2023-05-26,0.0853,1
ORD-2023-012091,CUST-01556,2023-05-04,0.2444,1
ORD-2023-012092,CUST-00698,2023-05-30,0.2722,2
ORD-2023-012093,CUST-01831,2023-05-25,0.0213,2
ORD-2023-012094,CUST-02156,2023-05-11,0.066,1
ORD-2023-012095,CUST-00671,2023-05-23,0.0777,3
ORD-2023-012096,CUST-02212,2023-05-24,0.0389,1
ORD-2023-012097,CUST-01012,2023-05-06,0.0837,2
ORD-2023-012098,CUST-00026,2023-05-21,0.0129,1
ORD-2023-012099,CUST-00888,2023-05-25,0.0095,1
ORD-2023-012100,CUST-02289,2023-05-06,0.0669,3
ORD-2023-012101,CUST-01236,2023-05-24,0.0679,3
ORD-2023-012102,CUST-00930,2023-05-13,0.0262,1
ORD-2023-012103,CUST-00968,2023-05-21,0.087,2
ORD-2023-012104,CUST-01403,2023-05-08,0.0941,1
ORD-2023-012105,CUST-01308,2023-05-17,0.1371,2
ORD-2023-012106,CUST-01960,2023-05-09,0.0223,2
ORD-2023-012107,CUST-01790,2023-05-17,0.1589,1
ORD-2023-012108,CUST-00180,2023-05-07,0.0315,3
ORD-2023-012109,CUST-00818,2023-05-30,0.2496,1
ORD-2023-012110,CUST-00311,2023-05-03,0.321,1
ORD-2023-012111,CUST-02358,2023-05-31,0.0368,2
ORD-2023-012112,CUST-00291,2023-05-23,0.0531,2
ORD-2023-012113,CUST-00397,2023-05-20,0.0833,2
ORD-2023-012114,CUST-01196,2023-05-24,0.3095,2
ORD-2023-012115,CUST-02149,2023-05-28,0.0279,1
ORD-2023-012116,CUST-00972,2023-05-22,0.1088,2
ORD-2023-012117,CUST-00552,2023-05-19,0.2151,1
ORD-2023-012118,CUST-01064,2023-05-19,0.0181,3
ORD-2023-012119,CUST-01757,2023-05-09,0.0334,2
ORD-2023-012120,CUST-00127,2023-05-25,0.0683,1
ORD-2023-012121,CUST-01820,2023-05-03,0.1059,1
ORD-2023-012122,CUST-00097,2023-05-24,0.1524,1
ORD-2023-012123,CUST-00291,2023-05-26,0.0931,1
ORD-2023-012124,CUST-01738,2023-05-13,0.0421,1
ORD-2023-012125,CUST-00114,2023-05-15,0.047,1
ORD-2023-012126,CUST-00384,2023-05-08,0.0064,2
ORD-2023-012127,CUST-01720,2023-05-02,0.1637,2
ORD-2023-012128,CUST-00158,2023-05-13,0.047,1
ORD-2023-012129,CUST-01487,2023-05-17,0.0051,3
ORD-2023-012130,CUST-01820,2023-05-06,0.1059,1
ORD-2023-012131,CUST-01003,2023-05-30,0.1604,1
ORD-2023-012132,CUST-02007,2023-05-23,0.1693,1
ORD-2023-012133,CUST-02249,2023-05-09,0.1258,2
ORD-2023-012134,CUST-00863,2023-05-28,0.0594,2
ORD-2023-012135,CUST-01954,2023-05-01,0.2512,2
ORD-2023-012136,CUST-00876,2023-05-06,0.2007,2
ORD-2023-012137,CUST-01665,2023-05-25,0.0383,1
ORD-2023-012138,CUST-01488,2023-05-24,0.0405,2
ORD-2023-012139,CUST-00214,2023-05-11,0.1211,2
ORD-2023-012140,CUST-00535,2023-05-23,0.2141,2
ORD-2023-012141,CUST-01599,2023-05-11,0.0514,1
ORD-2023-012142,CUST-01930,2023-05-20,0.1615,1
ORD-2023-012143,CUST-00215,2023-05-27,0.0399,1
ORD-2023-012144,CUST-00203,2023-05-23,0.027,2
ORD-2023-012145,CUST-01274,2023-05-03,0.0049,1
ORD-2023-012146,CUST-00983,2023-05-23,0.0928,2
ORD-2023-012147,CUST-00106,2023-05-12,0.0297,1
ORD-2023-012148,CUST-01037,2023-05-17,0.0296,2
ORD-2023-012149,CUST-00791,2023-05-20,0.0627,1
ORD-2023-012150,CUST-01678,2023-05-18,0.1526,1
ORD-2023-012151,CUST-01465,2023-05-23,0.0642,4
ORD-2023-012152,CUST-01683,2023-05-26,0.2047,1
ORD-2023-012153,CUST-01086,2023-05-06,0.0604,1
ORD-2023-012154,CUST-02459,2023-05-15,0.1225,2
ORD-2023-012155,CUST-00413,2023-05-28,0.032,1
ORD-2023-012156,CUST-01184,2023-05-26,0.0126,1
ORD-2023-012157,CUST-00055,2023-05-19,0.0593,1
ORD-2023-012158,CUST-00728,2023-05-14,0.1575,3
ORD-2023-012159,CUST-00731,2023-05-27,0.0858,1
ORD-2023-012160,CUST-01792,2023-05-23,0.155,1
ORD-2023-012161,CUST-00893,2023-05-07,0.3037,1
ORD-2023-012162,CUST-00279,2023-05-25,0.3146,3
ORD-2023-012163,CUST-00123,2023-05-28,0.2003,1
ORD-2023-012164,CUST-00599,2023-05-13,0.3942,2
ORD-2023-012165,CUST-01850,2023-05-03,0.0549,1
ORD-2023-012166,CUST-00670,2023-05-13,0.0449,1
ORD-2023-012167,CUST-00301,2023-05-08,0.2063,1
ORD-2023-012168,CUST-00953,2023-05-12,0.2091,3
ORD-2023-012169,CUST-00649,2023-05-21,0.0261,1
ORD-2023-012170,CUST-00362,2023-05-15,0.047,2
ORD-2023-012171,CUST-00863,2023-05-01,0.0464,3
ORD-2023-012172,CUST-00105,2023-05-26,0.2046,1
ORD-2023-012173,CUST-01831,2023-05-18,0.1521,1
ORD-2023-012174,CUST-00340,2023-05-13,0.3031,1
ORD-2023-012175,CUST-00394,2023-05-26,0.2107,1
ORD-2023-012176,CUST-01062,2023-05-10,0.0515,1
ORD-2023-012177,CUST-00784,2023-05-30,0.061,2
ORD-2023-012178,CUST-00160,2023-05-11,0.3672,2
ORD-2023-012179,CUST-01708,2023-05-30,0.1468,1
ORD-2023-012180,CUST-00539,2023-05-22,0.0522,1
ORD-2023-012181,CUST-02085,2023-05-14,0.1151,2
ORD-2023-012182,CUST-00462,2023-05-22,0.0313,2
ORD-2023-012183,CUST-01164,2023-05-12,0.1386,2
ORD-2023-012184,CUST-00407,2023-05-31,0.0798,1
ORD-2023-012185,CUST-00767,2023-05-20,0.0984,4
ORD-2023-012186,CUST-00129,2023-05-25,0.05,2
ORD-2023-012187,CUST-01320,2023-05-26,0.0528,2
ORD-2023-012188,CUST-01444,2023-05-21,0.1755,1
ORD-2023-012189,CUST-01648,2023-05-16,0.0918,2
ORD-2023-012190,CUST-01954,2023-05-21,0.1131,1
ORD-2023-012191,CUST-00476,2023-05-11,0.106,1
ORD-2023-012192,CUST-01257,2023-05-07,0.0439,2
ORD-2023-012193,CUST-00662,2023-05-10,0.319,3
ORD-2023-012194,CUST-01487,2023-05-08,0.0126,3
ORD-2023-012195,CUST-01074,2023-05-19,0.1494,1
ORD-2023-012196,CUST-01862,2023-05-31,0.1964,1
ORD-2023-012197,CUST-00434,2023-05-02,0.1199,1
ORD-2023-012198,CUST-00414,2023-05-16,0.0459,2
ORD-2023-012199,CUST-00372,2023-05-18,0.0598,3
ORD-2023-012200,CUST-02251,2023-05-28,0.0305,3
ORD-2023-012201,CUST-01230,2023-05-06,0.0097,1
ORD-2023-012202,CUST-01830,2023-05-26,0.0252,1
ORD-2023-012203,CUST-00673,2023-05-31,0.0864,2
ORD-2023-012204,CUST-01184,2023-05-28,0.1698,1
ORD-2023-012205,CUST-01831,2023-05-23,0.2166,3
ORD-2023-012206,CUST-00222,2023-05-03,0.0297,1
ORD-2023-012207,CUST-00210,2023-05-14,0.1699,1
ORD-2023-012208,CUST-02249,2023-05-06,0.0256,1
ORD-2023-012209,CUST-01517,2023-05-28,0.0144,1
ORD-2023-012210,CUST-00695,2023-05-30,0.1895,2
ORD-2023-012211,CUST-01566,2023-05-11,0.1334,2
ORD-2023-012212,CUST-00239,2023-05-19,0.0952,1
ORD-2023-012213,CUST-01921,2023-05-11,0.0581,2
ORD-2023-012214,CUST-00753,2023-05-21,0.1173,2
ORD-2023-012215,CUST-01630,2023-05-16,0.0739,1
ORD-2023-012216,CUST-01045,2023-05-17,0.1477,3
ORD-2023-012217,CUST-00179,2023-05-29,0.1031,1
ORD-2023-012218,CUST-01554,2023-05-05,0.0953,2
ORD-2023-012219,CUST-01398,2023-05-03,0.0173,2
ORD-2023-012220,CUST-00759,2023-05-17,0.088,4
ORD-2023-012221,CUST-00039,2023-05-29,0.1114,1
ORD-2023-012222,CUST-00982,2023-05-30,0.3293,3
ORD-2023-012223,CUST-02065,2023-05-13,0.0757,1
ORD-2023-012224,CUST-01385,2023-05-16,0.239,1
ORD-2023-012225,CUST-01878,2023-05-12,0.1164,1
ORD-2023-012226,CUST-01233,2023-05-05,0.3081,4
ORD-2023-012227,CUST-00876,2023-05-02,0.0659,1
ORD-2023-012228,CUST-00571,2023-05-30,0.0722,1
ORD-2023-012229,CUST-00317,2023-05-05,0.0063,1
ORD-2023-012230,CUST-00944,2023-05-27,0.0402,4
ORD-2023-012231,CUST-00541,2023-05-06,0.1004,1
ORD-2023-012232,CUST-00603,2023-05-29,0.2116,3
ORD-2023-012233,CUST-00880,2023-05-06,0.0278,1
ORD-2023-012234,CUST-00816,2023-05-11,0.1556,2
ORD-2023-012235,CUST-01632,2023-05-24,0.0268,1
ORD-2023-012236,CUST-01401,2023-05-17,0.062,1
ORD-2023-012237,CUST-01066,2023-05-27,0.1446,1
ORD-2023-012238,CUST-00759,2023-05-12,0.0575,1
ORD-2023-012239,CUST-00192,2023-05-14,0.0844,2
ORD-2023-012240,CUST-02337,2023-05-17,0.0966,4
ORD-2023-012241,CUST-02003,2023-05-25,0.0314,2
ORD-2023-012242,CUST-01651,2023-05-10,0.109,2
ORD-2023-012243,CUST-02217,2023-05-01,0.1213,1
ORD-2023-012244,CUST-01755,2023-05-27,0.0814,1
ORD-2023-012245,CUST-01510,2023-05-19,0.0626,2
ORD-2023-012246,CUST-00612,2023-05-30,0.4016,3
ORD-2023-012247,CUST-00630,2023-05-03,0.1221,2
ORD-2023-012248,CUST-02416,2023-05-04,0.1667,1
ORD-2023-012249,CUST-01261,2023-05-01,0.131,1
ORD-2023-012250,CUST-00020,2023-05-11,0.0441,1
ORD-2023-012251,CUST-01729,2023-05-16,0.016,2
ORD-2023-012252,CUST-00462,2023-05-24,0.0368,2
ORD-2023-012253,CUST-00590,2023-05-29,0.0148,1
ORD-2023-012254,CUST-00462,2023-05-26,0.0569,1
ORD-2023-012255,CUST-02249,2023-05-10,0.0774,1
ORD-2023-012256,CUST-02391,2023-05-05,0.1329,1
ORD-2023-012257,CUST-01017,2023-05-14,0.0202,2
ORD-2023-012258,CUST-00397,2023-05-18,0.0375,1
ORD-2023-012259,CUST-00327,2023-05-12,0.1191,2
ORD-2023-012260,CUST-02143,2023-05-16,0.0468,1
ORD-2023-012261,CUST-00178,2023-05-07,0.1516,3
ORD-2023-012262,CUST-01038,2023-05-22,0.1228,1
ORD-2023-012263,CUST-01050,2023-05-14,0.0097,1
ORD-2023-012264,CUST-00447,2023-05-19,0.1355,3
ORD-2023-012265,CUST-01177,2023-05-17,0.072,2
ORD-2023-012266,CUST-00413,2023-05-27,0.0367,2
ORD-2023-012267,CUST-02341,2023-05-12,0.0893,1
ORD-2023-012268,CUST-02246,2023-05-21,0.0582,3
ORD-2023-012269,CUST-01884,2023-05-24,0.0913,3
ORD-2023-012270,CUST-00395,2023-05-09,0.2203,2
ORD-2023-012271,CUST-00317,2023-05-29,0.0275,1
ORD-2023-012272,CUST-00965,2023-05-23,0.2617,1
ORD-2023-012273,CUST-00930,2023-05-13,0.0188,2
ORD-2023-012274,CUST-01710,2023-05-23,0.0212,2
ORD-2023-012275,CUST-01631,2023-05-25,0.0861,1
ORD-2023-012276,CUST-01921,2023-05-11,0.1385,1
ORD-2023-012277,CUST-00824,2023-05-08,0.2274,1
ORD-2023-012278,CUST-01085,2023-05-05,0.0926,3
ORD-2023-012279,CUST-01173,2023-05-28,0.0622,2
ORD-2023-012280,CUST-00825,2023-05-29,0.1665,2
ORD-2023-012281,CUST-01060,2023-05-12,0.0212,1
ORD-2023-012282,CUST-00181,2023-05-12,0.1801,1
ORD-2023-012283,CUST-01798,2023-05-17,0.1208,1
ORD-2023-012284,CUST-00350,2023-05-09,0.0644,1
ORD-2023-012285,CUST-00564,2023-05-28,0.0591,2
ORD-2023-012286,CUST-00676,2023-05-07,0.2951,1
ORD-2023-012287,CUST-01824,2023-05-24,0.0826,1
ORD-2023-012288,CUST-01225,2023-05-18,0.0253,3
ORD-2023-012289,CUST-00376,2023-05-25,0.0196,1
ORD-2023-012290,CUST-00814,2023-05-24,0.0588,3
ORD-2023-012291,CUST-01674,2023-05-27,0.1341,3
ORD-2023-012292,CUST-01226,2023-05-01,0.1341,1
ORD-2023-012293,CUST-01561,2023-05-06,0.1422,2
ORD-2023-012294,CUST-00348,2023-05-12,0.1032,1
ORD-2023-012295,CUST-00476,2023-05-01,0.0679,2
ORD-2023-012296,CUST-00504,2023-05-14,0.144,1
ORD-2023-012297,CUST-00029,2023-05-31,0.0881,2
ORD-2023-012298,CUST-00647,2023-05-08,0.0563,1
ORD-2023-012299,CUST-00751,2023-05-08,0.0635,1
ORD-2023-012300,CUST-01325,2023-05-22,0.2308,2
ORD-2023-012301,CUST-00554,2023-05-22,0.0598,1
ORD-2023-012302,CUST-02423,2023-05-13,0.1069,1
ORD-2023-012303,CUST-00394,2023-05-07,0.0291,1
ORD-2023-012304,CUST-00560,2023-05-17,0.0777,1
ORD-2023-012305,CUST-00987,2023-05-24,0.0414,1
ORD-2023-012306,CUST-00411,2023-05-21,0.0305,1
ORD-2023-012307,CUST-02072,2023-05-09,0.0515,2
ORD-2023-012308,CUST-01684,2023-05-03,0.0148,2
ORD-2023-012309,CUST-01562,2023-05-06,0.0372,1
ORD-2023-012310,CUST-02072,2023-05-31,0.1261,1
ORD-2023-012311,CUST-01452,2023-05-05,0.0926,1
ORD-2023-012312,CUST-01667,2023-05-27,0.3998,3
ORD-2023-012313,CUST-02044,2023-05-04,0.0685,2
ORD-2023-012314,CUST-00818,2023-05-31,0.136,3
ORD-2023-012315,CUST-00818,2023-05-06,0.1915,4
ORD-2023-012316,CUST-00458,2023-05-12,0.1099,1
ORD-2023-012317,CUST-01648,2023-05-08,0.1723,3
ORD-2023-012318,CUST-00176,2023-05-06,0.0228,1
ORD-2023-012319,CUST-01936,2023-05-17,0.057,2
ORD-2023-012320,CUST-00482,2023-05-24,0.0862,1
ORD-2023-012321,CUST-00127,2023-05-24,0.088,1
ORD-2023-012322,CUST-00785,2023-05-03,0.0545,1
ORD-2023-012323,CUST-00695,2023-05-25,0.2229,1
ORD-2023-012324,CUST-02433,2023-05-08,0.0277,1
ORD-2023-012325,CUST-00646,2023-05-21,0.118,2
ORD-2023-012326,CUST-00517,2023-05-01,0.0293,2
ORD-2023-012327,CUST-01620,2023-05-16,0.2881,1
ORD-2023-012328,CUST-01487,2023-05-01,0.0273,2
ORD-2023-012329,CUST-00740,2023-05-14,0.0613,3
ORD-2023-012330,CUST-01571,2023-05-13,0.0246,1
ORD-2023-012331,CUST-01059,2023-05-07,0.0773,1
ORD-2023-012332,CUST-01733,2023-05-08,0.1325,1
ORD-2023-012333,CUST-01623,2023-05-04,0.0418,1
ORD-2023-012334,CUST-01623,2023-05-10,0.069,2
ORD-2023-012335,CUST-01970,2023-05-26,0.1371,1
ORD-2023-012336,,2023-05-28,0.2005,1
ORD-2023-012337,CUST-00294,2023-05-12,0.3003,2
ORD-2023-012338,CUST-00113,2023-05-01,0.2475,2
ORD-2023-012339,CUST-00240,2023-05-13,0.0349,1
ORD-2023-012340,CUST-00472,2023-05-11,0.0938,1
ORD-2023-012341,CUST-02407,2023-05-31,0.0468,1
ORD-2023-012342,CUST-00898,2023-05-14,0.098,1
ORD-2023-012343,CUST-02358,2023-05-21,0.0585,3
ORD-2023-012344,CUST-01951,2023-05-08,0.1771,1
ORD-2023-012345,CUST-00337,2023-05-14,0.0616,3
ORD-2023-012346,CUST-01202,2023-05-11,0.0876,3
ORD-2023-012347,CUST-01818,2023-05-17,0.2182,1
ORD-2023-012348,CUST-01755,2023-05-02,0.0142,1
ORD-2023-012349,CUST-01652,2023-05-24,0.1363,3
ORD-2023-012350,CUST-02449,2023-05-07,0.2019,2
ORD-2023-012351,CUST-01601,2023-05-19,0.0662,3
ORD-2023-012352,CUST-02065,2023-05-10,0.0817,1
ORD-2023-012353,CUST-01717,2023-05-30,0.1537,1
ORD-2023-012354,CUST-00497,2023-05-06,0.1098,2
ORD-2023-012355,CUST-00837,2023-05-14,0.1568,2
ORD-2023-012356,CUST-00413,2023-05-30,0.024,2
ORD-2023-012357,CUST-00133,2023-05-26,0.0459,1
ORD-2023-012358,CUST-00029,2023-05-14,0.0623,2
ORD-2023-012359,CUST-01493,2023-05-28,0.1083,1
ORD-2023-012360,CUST-00090,2023-05-23,0.0586,1
ORD-2023-012361,CUST-00147,2023-05-16,0.0911,3
ORD-2023-012362,CUST-01326,2023-05-26,0.1427,4
ORD-2023-012363,CUST-00176,2023-05-15,0.0116,2
ORD-2023-012364,CUST-00163,2023-05-03,0.0476,1
ORD-2023-012365,CUST-01287,2023-05-27,0.0909,2
ORD-2023-012366,CUST-00508,2023-05-23,0.072,1
ORD-2023-012367,CUST-01264,2023-05-08,0.3843,1
ORD-2023-012368,CUST-01596,2023-05-06,0.1115,2
ORD-2023-012369,CUST-00267,2023-05-01,0.0404,2
ORD-2023-012370,CUST-00187,2023-05-07,0.2665,1
ORD-2023-012371,CUST-00630,2023-05-04,0.0406,1
ORD-2023-012372,,2023-05-21,0.2149,2
ORD-2023-012373,CUST-00202,2023-05-01,0.0643,2
ORD-2023-012374,CUST-01566,2023-05-03,0.1987,2
ORD-2023-012375,CUST-00202,2023-05-15,0.0811,3
ORD-2023-012376,CUST-00273,2023-05-12,0.0501,1
ORD-2023-012377,CUST-02067,2023-05-03,0.1158,1
ORD-2023-012378,CUST-01182,2023-05-16,0.0279,1
ORD-2023-012379,CUST-00014,2023-05-14,0.0662,3
ORD-2023-012380,CUST-00359,2023-05-30,0.0253,2
ORD-2023-012381,CUST-01896,2023-05-27,0.3502,1
ORD-2023-012382,CUST-00020,2023-05-27,0.0267,3
ORD-2023-012383,CUST-01558,2023-05-28,0.4534,2
ORD-2023-012384,CUST-00641,2023-05-17,0.0421,2
ORD-2023-012385,CUST-01186,2023-05-05,0.0671,2
ORD-2023-012386,CUST-01571,2023-05-19,0.0158,1
ORD-2023-012387,CUST-01632,2023-05-15,0.1117,2
ORD-2023-012388,CUST-02149,2023-05-11,0.0248,4
ORD-2023-012389,CUST-00458,2023-05-07,0.0745,1
ORD-2023-012390,CUST-00107,2023-05-07,0.2765,1
ORD-2023-012391,CUST-00368,2023-05-14,0.1914,2
ORD-2023-012392,CUST-01267,2023-05-31,0.0582,1
ORD-2023-012393,CUST-00106,2023-05-01,0.0528,1
ORD-2023-012394,CUST-00299,2023-05-12,0.1025,2
ORD-2023-012395,CUST-01104,2023-05-25,0.2019,1
ORD-2023-012396,CUST-00240,2023-05-01,0.0226,1
ORD-2023-012397,CUST-01256,2023-05-31,0.2382,1
ORD-2023-012398,CUST-00273,2023-05-28,0.0448,1
ORD-2023-012399,CUST-01113,2023-05-22,0.0857,4
ORD-2023-012400,CUST-01283,2023-05-04,0.1748,1
ORD-2023-012401,CUST-01359,2023-05-15,0.3306,1
ORD-2023-012402,CUST-00412,2023-05-05,0.087,1
ORD-2023-012403,CUST-01305,2023-05-05,0.0837,1
ORD-2023-012404,CUST-00317,2023-05-20,0.0129,3
ORD-2023-012405,CUST-01105,2023-05-18,0.108,2
ORD-2023-012406,CUST-02381,2023-05-10,0.0121,1
ORD-2023-012407,CUST-01750,2023-05-26,0.0156,2
ORD-2023-012408,CUST-01367,2023-05-08,0.0574,3
ORD-2023-012409,CUST-00630,2023-05-04,0.0837,4
ORD-2023-012410,CUST-00075,2023-05-26,0.0606,1
ORD-2023-012411,CUST-00118,2023-05-27,0.0529,1
ORD-2023-012412,CUST-01278,2023-05-26,0.1643,1
ORD-2023-012413,CUST-00539,2023-05-20,0.0749,1
ORD-2023-012414,CUST-01513,2023-05-11,0.1313,1
ORD-2023-012415,CUST-01849,2023-05-30,0.0149,1
ORD-2023-012416,CUST-01398,2023-05-05,0.0282,1
ORD-2023-012417,CUST-00772,2023-05-14,0.2534,2
ORD-2023-012418,CUST-01551,2023-05-08,0.1264,1
ORD-2023-012419,CUST-01866,2023-05-24,0.0009,1
ORD-2023-012420,CUST-00535,2023-05-22,0.0522,1
ORD-2023-012421,CUST-01012,2023-05-05,0.0532,1
ORD-2023-012422,CUST-00101,2023-05-03,0.0977,1
ORD-2023-012423,CUST-00346,2023-05-05,0.297,1
ORD-2023-012424,CUST-00964,2023-05-12,0.0335,1
ORD-2023-012425,CUST-01947,2023-05-26,0.1172,1
ORD-2023-012426,CUST-00252,2023-05-11,0.1331,1
ORD-2023-012427,CUST-00172,2023-05-15,0.0302,1
ORD-2023-012428,CUST-00233,2023-05-17,0.0505,1
ORD-2023-012429,CUST-00250,2023-05-03,0.1625,1
ORD-2023-012430,CUST-01279,2023-05-22,0.0546,3
ORD-2023-012431,CUST-01930,2023-05-14,0.101,2
ORD-2023-012432,CUST-01435,2023-05-31,0.0867,5
ORD-2023-012433,CUST-00725,2023-05-31,0.1823,3
ORD-2023-012434,CUST-01693,2023-05-10,0.2279,1
ORD-2023-012435,CUST-00160,2023-05-17,0.1283,1
ORD-2023-012436,CUST-00581,2023-05-05,0.2952,3
ORD-2023-012437,CUST-01538,2023-05-30,0.2191,2
ORD-2023-012438,CUST-01640,2023-05-20,0.0764,1
ORD-2023-012439,CUST-02044,2023-05-23,0.1187,1
ORD-2023-012440,CUST-01724,2023-05-05,0.0958,5
ORD-2023-012441,CUST-00823,2023-05-11,0.0237,1
ORD-2023-012442,CUST-01186,2023-05-28,0.0117,2
ORD-2023-012443,CUST-00039,2023-05-24,0.0088,1
ORD-2023-012444,CUST-00699,2023-05-11,0.1046,1
ORD-2023-012445,CUST-00941,2023-05-11,0.2199,1
ORD-2023-012446,CUST-02289,2023-05-16,0.046,3
ORD-2023-012447,CUST-01940,2023-05-14,0.0829,1
ORD-2023-012448,CUST-01899,2023-05-18,0.2135,4
ORD-2023-012449,CUST-00769,2023-05-20,0.1372,1
ORD-2023-012450,CUST-00381,2023-05-29,0.0884,1
ORD-2023-012451,CUST-01506,2023-05-03,0.1992,1
ORD-2023-012452,CUST-01789,2023-05-28,0.0893,1
ORD-2023-012453,CUST-00409,2023-05-16,0.0404,3
ORD-2023-012454,CUST-01007,2023-05-02,0.1767,3
ORD-2023-012455,CUST-01264,2023-05-26,0.0892,2
ORD-2023-012456,CUST-02336,2023-05-23,0.0548,2
ORD-2023-012457,CUST-00413,2023-05-14,0.0304,2
ORD-2023-012458,CUST-01613,2023-05-22,0.0212,1
ORD-2023-012459,CUST-00110,2023-05-16,0.2599,3
ORD-2023-012460,CUST-00072,2023-05-26,0.0728,2
ORD-2023-012461,CUST-02358,2023-05-31,0.087,1
ORD-2023-012462,CUST-01460,2023-05-28,0.0188,1
ORD-2023-012463,CUST-00535,2023-05-04,0.1614,3
ORD-2023-012464,CUST-01280,2023-05-16,0.094,1
ORD-2023-012465,CUST-01376,2023-05-15,0.0894,2
ORD-2023-012466,CUST-01559,2023-05-21,0.0514,1
ORD-2023-012467,CUST-00801,2023-05-08,0.163,1
ORD-2023-012468,CUST-01598,2023-05-02,0.1272,1
ORD-2023-012469,CUST-00362,2023-05-23,0.02,1
ORD-2023-012470,CUST-00825,2023-05-16,0.1352,3
ORD-2023-012471,CUST-00906,2023-05-18,0.1,1
ORD-2023-012472,CUST-01921,2023-05-25,0.1861,1
ORD-2023-012473,CUST-00748,2023-05-15,0.013,1
ORD-2023-012474,CUST-01289,2023-05-18,0.1312,1
ORD-2023-012475,CUST-00625,2023-05-10,0.2714,2
ORD-2023-012476,CUST-00896,2023-05-15,0.2188,1
ORD-2023-012477,CUST-01458,2023-05-03,0.4141,2
ORD-2023-012478,CUST-00595,2023-05-22,0.1107,3
ORD-2023-012479,CUST-00916,2023-05-26,0.0665,1
ORD-2023-012480,CUST-01325,2023-05-03,0.1583,1
ORD-2023-012481,CUST-01826,2023-05-21,0.0488,2
ORD-2023-012482,CUST-01520,2023-05-06,0.0636,4
ORD-2023-012483,CUST-00363,2023-05-01,0.0618,1
ORD-2023-012484,CUST-01734,2023-05-02,0.1493,1
ORD-2023-012485,CUST-01402,2023-05-08,0.0985,2
ORD-2023-012486,CUST-01510,2023-05-12,0.05,1
ORD-2023-012487,CUST-00457,2023-05-28,0.1718,1
ORD-2023-012488,CUST-00330,2023-05-31,0.1699,3
ORD-2023-012489,CUST-01003,2023-05-01,0.1326,1
ORD-2023-012490,CUST-00057,2023-05-23,0.2026,1
ORD-2023-012491,CUST-00915,2023-05-06,0.0533,2
ORD-2023-012492,CUST-00229,2023-05-24,0.1264,1
ORD-2023-012493,CUST-01516,2023-05-24,0.0849,1
ORD-2023-012494,CUST-01524,2023-05-07,0.0145,1
ORD-2023-012495,CUST-00100,2023-05-09,0.3218,3
ORD-2023-012496,CUST-01743,2023-05-28,0.0218,1
ORD-2023-012497,CUST-01357,,0.045,2
ORD-2023-012498,CUST-00334,2023-05-30,0.0189,3
ORD-2023-012499,CUST-00677,2023-05-07,0.0839,1
ORD-2023-012500,CUST-02085,2023-05-20,0.0792,4
ORD-2023-012501,CUST-01111,2023-05-23,0.2404,1
ORD-2023-012502,CUST-00101,2023-05-12,0.3285,1
ORD-2023-012503,CUST-01832,2023-05-20,0.0093,1
ORD-2023-012504,CUST-00354,2023-05-06,0.1451,3
ORD-2023-012505,CUST-02246,2023-05-17,0.033,3
ORD-2023-012506,CUST-00565,2023-05-24,0.0248,1
ORD-2023-012507,CUST-00340,2023-05-08,0.2447,3
ORD-2023-012508,CUST-00991,2023-05-23,0.0612,1
ORD-2023-012509,CUST-00691,2023-05-24,0.1114,3
ORD-2023-012510,CUST-01878,2023-05-28,0.0612,5
ORD-2023-012511,CUST-00995,2023-05-05,0.1932,1
ORD-2023-012512,CUST-01316,2023-05-18,0.0473,1
ORD-2023-012513,CUST-00198,2023-05-08,0.2301,1
ORD-2023-012514,CUST-02249,2023-05-01,0.1286,1
ORD-2023-012515,CUST-02374,2023-05-21,0.0018,1
ORD-2023-012516,CUST-00370,2023-05-21,0.2314,1
ORD-2023-012517,CUST-01884,2023-05-14,0.2401,1
ORD-2023-012518,CUST-00350,2023-05-03,0.0482,2
ORD-2023-012519,CUST-00837,2023-05-02,0.0825,3
ORD-2023-012520,CUST-01011,2023-05-10,0.1522,1
ORD-2023-012521,CUST-01407,2023-05-10,0.0671,1
ORD-2023-012522,CUST-01000,2023-05-02,0.0834,1
ORD-2023-012523,CUST-00860,2023-05-23,0.1155,1
ORD-2023-012524,CUST-00272,2023-05-30,0.0387,1
ORD-2023-012525,CUST-01161,2023-05-25,0.038,2
ORD-2023-012526,CUST-00300,2023-05-08,0.0759,1
ORD-2023-012527,CUST-00736,2023-05-13,0.5184,1
ORD-2023-012528,CUST-00337,2023-05-29,0.1744,1
ORD-2023-012529,CUST-02425,2023-05-26,0.1764,3
ORD-2023-012530,CUST-01835,2023-05-22,0.0548,1
ORD-2023-012531,CUST-00039,2023-05-17,0.2066,1
ORD-2023-012532,CUST-01004,2023-05-19,0.0239,2
ORD-2023-012533,CUST-01086,2023-05-22,0.0384,1
ORD-2023-012534,CUST-01450,2023-05-09,0.1166,1
ORD-2023-012535,CUST-00096,2023-05-29,0.1245,1
ORD-2023-012536,CUST-01757,2023-05-04,0.0569,1
ORD-2023-012537,CUST-00104,2023-05-12,0.1218,1
ORD-2023-012538,CUST-01477,2023-05-26,0.035,1
ORD-2023-012539,CUST-00057,2023-05-26,0.0599,1
ORD-2023-012540,CUST-01016,2023-05-08,0.0817,1
ORD-2023-012541,CUST-01867,2023-05-18,0.0486,1
ORD-2023-012542,CUST-00761,2023-05-27,0.3321,2
ORD-2023-012543,CUST-00352,2023-05-02,0.0826,3
ORD-2023-012544,CUST-01729,2023-05-18,0.0196,4
ORD-2023-012545,CUST-00997,2023-05-26,0.2219,2
ORD-2023-012546,CUST-01012,2023-05-26,0.0571,1
ORD-2023-012547,CUST-01997,2023-05-04,0.1187,3
ORD-2023-012548,CUST-00616,2023-05-15,0.0858,1
ORD-2023-012549,CUST-01209,2023-05-27,0.2285,1
ORD-2023-012550,CUST-01066,2023-05-10,0.1348,1
ORD-2023-012551,CUST-01536,2023-05-07,0.0795,3
ORD-2023-012552,CUST-01545,2023-05-11,0.2547,1
ORD-2023-012553,CUST-01619,2023-05-12,0.031,3
ORD-2023-012554,CUST-00758,2023-05-31,0.1771,1
ORD-2023-012555,CUST-00239,2023-05-29,0.1391,2
ORD-2023-012556,CUST-01308,2023-05-27,0.0732,1
ORD-2023-012557,CUST-01637,2023-05-25,0.4652,3
ORD-2023-012558,CUST-01652,2023-05-14,0.1527,5
ORD-2023-012559,CUST-00601,2023-05-25,0.0608,3
ORD-2023-012560,CUST-00493,2023-05-25,0.1448,1
ORD-2023-012561,CUST-01915,2023-05-18,0.0193,1
ORD-2023-012562,CUST-01108,2023-05-12,0.1412,2
ORD-2023-012563,CUST-01656,2023-05-06,0.223,5
ORD-2023-012564,CUST-00029,2023-05-18,0.0673,2
ORD-2023-012565,CUST-00506,2023-05-26,0.1068,3
ORD-2023-012566,CUST-01405,2023-05-04,0.1688,3
ORD-2023-012567,CUST-00269,2023-05-19,0.1333,1
ORD-2023-012568,CUST-00048,2023-05-26,0.1202,1
ORD-2023-012569,CUST-00895,2023-05-19,0.11,1
ORD-2023-012570,CUST-01480,2023-05-11,0.0606,2
ORD-2023-012571,CUST-00972,2023-05-24,0.0453,2
ORD-2023-012572,CUST-00758,2023-05-01,0.3854,1
ORD-2023-012573,CUST-00630,2023-05-21,0.101,1
ORD-2023-012574,CUST-00635,2023-05-31,0.0406,2
ORD-2023-012575,CUST-02341,2023-05-15,0.1305,1
ORD-2023-012576,CUST-00227,2023-05-31,0.0363,1
ORD-2023-012577,CUST-01617,2023-05-03,0.1958,2
ORD-2023-012578,CUST-00863,2023-05-21,0.0534,4
ORD-2023-012579,CUST-01555,2023-05-29,0.4807,2
ORD-2023-012580,CUST-00607,2023-05-23,0.0334,1
ORD-2023-012581,CUST-01973,2023-05-31,0.3173,1
ORD-2023-012582,CUST-01132,2023-05-27,0.1889,3
ORD-2023-012583,CUST-00761,2023-05-11,0.1519,2
ORD-2023-012584,CUST-00303,2023-05-04,0.135,1
ORD-2023-012585,CUST-01202,2023-05-03,0.0574,3
ORD-2023-012586,CUST-00903,2023-05-24,0.0782,1
ORD-2023-012587,CUST-00505,2023-05-08,0.1571,1
ORD-2023-012588,CUST-00194,2023-05-21,0.015,1
ORD-2023-012589,CUST-00010,2023-05-25,0.1106,3
ORD-2023-012590,CUST-01280,2023-05-20,0.3852,1
ORD-2023-012591,CUST-01364,2023-05-15,0.1709,1
ORD-2023-012592,CUST-01592,2023-05-23,0.0676,1
ORD-2023-012593,CUST-01663,2023-05-20,0.2222,2
ORD-2023-012594,CUST-01184,2023-05-19,0.1126,1
ORD-2023-012595,CUST-00233,2023-05-19,0.0444,2
ORD-2023-012596,CUST-01413,2023-05-23,0.1312,2
ORD-2023-012597,CUST-00350,2023-05-27,0.1204,1
ORD-2023-012598,CUST-00218,2023-05-25,0.0775,2
ORD-2023-012599,CUST-00779,2023-05-19,0.1006,1
ORD-2023-012600,CUST-01398,2023-05-27,0.0617,1
ORD-2023-012601,CUST-01587,2023-05-27,0.3736,1
ORD-2023-012602,CUST-01721,2023-05-06,0.0933,1
ORD-2023-012603,CUST-00597,2023-05-03,0.1267,1
ORD-2023-012604,CUST-01910,2023-05-24,0.1769,2
ORD-2023-012605,CUST-00700,2023-05-12,0.2292,1
ORD-2023-012606,CUST-00476,2023-05-20,0.0102,1
ORD-2023-012607,CUST-01400,2023-05-29,0.1684,4
ORD-2023-012608,CUST-00238,2023-05-28,0.1317,2
ORD-2023-012609,CUST-01923,2023-05-05,0.0177,1
ORD-2023-012610,CUST-01909,2023-05-21,0.1453,2
ORD-2023-012611,CUST-01971,2023-05-01,0.3783,2
ORD-2023-012612,CUST-01458,2023-05-12,0.1662,3
ORD-2023-012613,CUST-01190,2023-05-30,0.1681,1
ORD-2023-012614,CUST-01686,2023-05-15,0.0406,1
ORD-2023-012615,CUST-02249,2023-05-24,0.0057,1
ORD-2023-012616,CUST-00631,2023-05-03,0.1185,3
ORD-2023-012617,CUST-00560,2023-05-21,0.1532,1
ORD-2023-012618,CUST-01790,2023-05-01,0.0765,1
ORD-2023-012619,CUST-00019,2023-05-05,0.0192,1
ORD-2023-012620,CUST-01446,2023-05-10,0.0605,2
ORD-2023-012621,CUST-01779,2023-05-15,0.1033,1
ORD-2023-012622,CUST-01796,2023-05-17,0.0518,1
ORD-2023-012623,CUST-01039,2023-05-10,0.3242,1
ORD-2023-012624,CUST-00595,2023-05-05,0.1208,4
ORD-2023-012625,CUST-02279,2023-05-13,0.0313,1
ORD-2023-012626,CUST-00411,2023-05-06,0.0709,2
ORD-2023-012627,CUST-00402,2023-05-13,0.0265,1
ORD-2023-012628,CUST-01904,2023-05-27,0.526,1
ORD-2023-012629,CUST-01247,2023-05-26,0.1195,4
ORD-2023-012630,CUST-01613,2023-05-08,0.0249,2
ORD-2023-012631,CUST-01623,2023-05-16,0.0526,2
ORD-2023-012632,CUST-01309,2023-05-29,0.1673,1
ORD-2023-012633,CUST-02011,2023-05-15,0.1606,2
ORD-2023-012634,CUST-00961,2023-05-24,0.0719,1
ORD-2023-012635,CUST-00779,2023-05-09,0.1312,5
ORD-2023-012636,CUST-01035,2023-05-03,0.1832,3
ORD-2023-012637,CUST-01554,2023-05-30,0.0862,1
ORD-2023-012638,CUST-01593,2023-05-18,0.0329,1
ORD-2023-012639,CUST-00785,2023-05-30,0.055,1
ORD-2023-012640, CUST-00035 ,2023-05-07,0.3626,1
ORD-2023-012641,CUST-01289,2023-05-11,0.0835,1
ORD-2023-012642,CUST-01554,2023-05-14,0.1439,1
ORD-2023-012643,CUST-01068,2023-05-16,0.1361,2
ORD-2023-012644,CUST-00915,2023-05-13,0.1045,1
ORD-2023-012645,CUST-02085,2023-05-30,0.0561,3
ORD-2023-012646,CUST-00064,2023-05-04,0.0135,1
ORD-2023-012647,CUST-01460,2023-05-13,0.0423,3
ORD-2023-012648,CUST-00759,2023-05-05,0.0905,1
ORD-2023-012649,CUST-01889,2023-05-14,0.0367,1
ORD-2023-012650,CUST-02145,2023-05-08,0.1251,1
ORD-2023-012651,CUST-01191,2023-05-19,0.1935,3
ORD-2023-012652,CUST-01002,2023-05-24,0.4216,2
ORD-2023-012653,CUST-00217,2023-05-24,0.0397,1
ORD-2023-012654,CUST-01833,2023-05-25,0.1258,3
ORD-2023-012655,CUST-00217,2023-05-19,0.412,1
ORD-2023-012656,CUST-01077,2023-05-17,0.0359,1
ORD-2023-012657,CUST-00512,2023-05-11,0.55,1
ORD-2023-012658,CUST-00863,2023-05-09,0.0483,5
ORD-2023-012659,CUST-01944,2023-05-11,0.1565,1
ORD-2023-012660,CUST-01635,2023-05-26,0.1313,2
ORD-2023-012661,CUST-00508,2023-05-28,0.0756,1
ORD-2023-012662,CUST-00672,2023-05-07,0.0174,1
ORD-2023-012663,,2023-05-11,0.021,2
ORD-2023-012664,CUST-00297,2023-05-26,0.1152,1
ORD-2023-012665,CUST-02007,2023-05-09,0.0532,2
ORD-2023-012666,CUST-00493,2023-05-14,0.2374,1
ORD-2023-012667,CUST-00133,2023-05-15,0.0361,2
ORD-2023-012668,CUST-00570,2023-05-14,0.2074,2
ORD-2023-012669,CUST-01616,2023-05-05,0.0336,2
ORD-2023-012670,CUST-00357,2023-05-13,0.2434,1
ORD-2023-012671,CUST-01680,2023-05-19,0.0467,2
ORD-2023-012672,CUST-00388,2023-05-04,0.1685,1
ORD-2023-012673,CUST-01262,2023-05-23,0.0245,1
ORD-2023-012674,CUST-02292,2023-05-20,0.0874,3
ORD-2023-012675,CUST-00480,2023-05-18,0.1292,1
ORD-2023-012676,CUST-01391,2023-05-24,0.4222,3
ORD-2023-012677,CUST-00762,2023-05-19,0.2964,1
ORD-2023-012678,CUST-01918,2023-05-24,0.0511,1
ORD-2023-012679,CUST-00362,2023-05-09,0.0609,1
ORD-2023-012680,CUST-01601,2023-05-06,0.0424,1
ORD-2023-012681,CUST-00363,2023-05-21,0.1331,1
ORD-2023-012682,CUST-01428,2023-05-04,0.0771,1
ORD-2023-012683,CUST-02022,2023-05-13,0.1891,2
ORD-2023-012684,CUST-00410,2023-05-09,0.0468,2
ORD-2023-012685,CUST-01999,2023-05-18,0.1157,4
ORD-2023-012686,CUST-01678,2023-05-20,0.2002,1
ORD-2023-012687,CUST-00410,2023-05-24,0.0642,1
ORD-2023-012688,CUST-01738,2023-05-24,0.0058,1
ORD-2023-012689,CUST-00571,2023-05-12,0.0836,2
ORD-2023-012690,CUST-00824,2023-05-12,0.2709,2
ORD-2023-012691,CUST-00683,2023-05-25,0.0504,1
ORD-2023-012692,CUST-01917,2023-05-16,0.073,1
ORD-2023-012693,CUST-02116,2023-05-04,0.0254,1
ORD-2023-012694,CUST-01832,2023-05-23,0.0637,1
ORD-2023-012695,,2023-05-09,0.1566,1
ORD-2023-012696,CUST-01664,2023-05-04,0.2325,1
ORD-2023-012697,CUST-00497,2023-05-05,0.0199,1
ORD-2023-012698,CUST-01876,2023-05-25,0.059,2
ORD-2023-012699,CUST-01957,2023-05-31,0.0796,1
ORD-2023-012700,CUST-00362,2023-05-24,0.0199,1
ORD-2023-012701,CUST-00252,2023-05-19,0.0242,1
ORD-2023-012702,CUST-00622,,0.0135,1
ORD-2023-012703,CUST-02251,2023-05-01,0.0423,2
ORD-2023-012704,CUST-01134,2023-05-07,0.0908,1
ORD-2023-012705,CUST-00040,2023-05-16,0.1838,3
ORD-2023-012706,CUST-01752,2023-05-20,0.0747,1
ORD-2023-012707,CUST-01058,2023-05-31,0.0041,1
ORD-2023-012708,CUST-01342,2023-05-09,0.0238,2
ORD-2023-012709,CUST-01265,2023-05-01,0.0545,2
ORD-2023-012710,CUST-00482,2023-05-20,0.1116,4
ORD-2023-012711,CUST-02149,2023-05-05,0.0313,4
ORD-2023-012712,CUST-00359,2023-05-26,0.0147,1
ORD-2023-012713,CUST-01526,2023-05-09,0.357,1
ORD-2023-012714,CUST-00064,2023-05-12,0.0936,1
ORD-2023-012715,CUST-01327,2023-05-01,0.0181,1
ORD-2023-012716,CUST-01878,2023-05-13,0.065,1
ORD-2023-012717,CUST-00834,2023-05-02,0.1547,3
ORD-2023-012718,CUST-00327,2023-05-10,0.1783,1
ORD-2023-012719,CUST-00180,2023-05-28,0.0331,1
ORD-2023-012720,CUST-01473,2023-05-28,0.0796,1
ORD-2023-012721,CUST-00969,2023-05-25,0.0445,1
ORD-2023-012722,CUST-01160,2023-05-06,0.0761,1
ORD-2023-012723,CUST-01104,2023-05-18,0.2362,5
ORD-2023-012724,CUST-00876,2023-05-20,0.1281,1
ORD-2023-012725,CUST-01062,2023-05-25,0.0727,2
ORD-2023-012726,CUST-00785,2023-05-02,0.1112,1
ORD-2023-012727,CUST-01726,2023-05-17,0.0835,1
ORD-2023-012728,CUST-00021,2023-05-12,0.2058,1
ORD-2023-012729,,2023-05-12,0.1338,1
ORD-2023-012730,CUST-00738,2023-05-17,0.071,3
ORD-2023-012731,CUST-00513,2023-05-30,0.0404,1
ORD-2023-012732,CUST-00259,2023-05-30,0.0864,1
ORD-2023-012733,CUST-01566,2023-05-25,0.1408,1
ORD-2023-012734,CUST-00376,2023-05-28,0.0261,2
ORD-2023-012735,CUST-00104,2023-05-26,0.1415,3
ORD-2023-012736,CUST-00337,2023-05-05,0.0889,1
ORD-2023-012737,CUST-01373,2023-05-19,0.0357,1
ORD-2023-012738,CUST-01945,2023-05-24,0.1641,1
ORD-2023-012739,CUST-01227,2023-05-18,0.0241,1
ORD-2023-012740,CUST-01436,2023-05-27,0.2178,5
ORD-2023-012741,CUST-00033,2023-05-11,0.0803,2
ORD-2023-012742,CUST-01615,2023-05-26,0.1905,1
ORD-2023-012743,CUST-01920,2023-05-30,0.0391,1
ORD-2023-012744,CUST-00422,2023-05-06,0.1194,2
ORD-2023-012745,CUST-01506,2023-05-15,0.1783,2
ORD-2023-012746,,2023-05-07,0.0648,1
ORD-2023-012747,CUST-00812,2023-05-09,0.0423,1
ORD-2023-012748,CUST-01085,2023-05-22,0.0825,1
ORD-2023-012749,CUST-01434,2023-05-25,0.0431,3
ORD-2023-012750,CUST-01474,2023-05-18,0.1586,2
ORD-2023-012751,CUST-02373,2023-05-29,0.0776,1
ORD-2023-012752,CUST-00357,2023-05-18,0.0398,1
ORD-2023-012753,CUST-00163,2023-05-12,0.0296,2
ORD-2023-012754,CUST-00950,2023-05-17,0.1822,2
ORD-2023-012755,CUST-01105,2023-05-24,0.0696,1
ORD-2023-012756,CUST-02423,2023-05-05,0.0214,1
ORD-2023-012757,CUST-00917,2023-05-19,0.0503,1
ORD-2023-012758,CUST-00253,2023-05-30,0.1387,1
ORD-2023-012759,CUST-00144,2023-05-26,0.106,2
ORD-2023-012760,CUST-01999,2023-05-31,0.1009,1
ORD-2023-012761,CUST-01944,2023-05-24,0.1094,2
ORD-2023-012762,CUST-01471,2023-05-18,0.0147,2
ORD-2023-012763,CUST-01470,2023-05-29,0.2521,2
ORD-2023-012764,CUST-01318,2023-05-03,0.2281,1
ORD-2023-012765,CUST-01451,2023-05-21,0.0985,1
ORD-2023-012766,CUST-00548,2023-05-06,0.1073,1
ORD-2023-012767,CUST-01436,2023-05-19,0.1483,1
ORD-2023-012768,CUST-01915,2023-05-19,0.0317,2
ORD-2023-012769,CUST-00564,2023-05-14,0.1093,4
ORD-2023-012770,CUST-00836,2023-05-07,0.2138,1
ORD-2023-012771,CUST-00814,2023-05-20,0.026,1
ORD-2023-012772,CUST-01380,2023-05-13,0.1783,1
ORD-2023-012773,,2023-05-13,0.1169,3
ORD-2023-012774,CUST-01403,2023-05-24,0.0088,1
ORD-2023-012775,CUST-00244,2023-05-04,0.2377,3
ORD-2023-012776,CUST-02001,2023-05-05,0.1692,3
ORD-2023-012777,CUST-00345,2023-05-21,0.1013,1
ORD-2023-012778,CUST-00571,2023-05-05,0.077,2
ORD-2023-012779,CUST-01283,2023-05-06,0.0739,2
ORD-2023-012780,CUST-01259,2023-05-22,0.1123,2
ORD-2023-012781,CUST-00371,2023-05-31,0.0608,1
ORD-2023-012782,CUST-00623,2023-05-28,0.1656,2
ORD-2023-012783,CUST-01711,2023-05-26,0.0151,1
ORD-2023-012784,CUST-01101,2023-05-03,0.0722,3
ORD-2023-012785,CUST-02009,2023-05-14,0.1184,3
ORD-2023-012786,CUST-00943,2023-05-28,0.0169,1
ORD-2023-012787,CUST-00704,2023-05-22,0.0529,1
ORD-2023-012788,CUST-01451,2023-05-21,0.0657,1
ORD-2023-012789,CUST-01182,2023-05-13,0.0413,2
ORD-2023-012790,CUST-01164,2023-05-29,0.4711,1
ORD-2023-012791,CUST-00619,2023-05-25,0.2416,4
ORD-2023-012792,CUST-00857,2023-05-30,0.2483,2
ORD-2023-012793,CUST-00003,2023-05-11,0.1168,1
ORD-2023-012794,CUST-00478,2023-05-14,0.0574,1
ORD-2023-012795,CUST-00095,2023-05-07,0.1239,4
ORD-2023-012796,CUST-01966,2023-05-06,0.0346,1
ORD-2023-012797,CUST-00833,2023-05-08,0.3005,1
ORD-2023-012798,CUST-02387,2023-05-11,0.2037,3
ORD-2023-012799,CUST-00941,2023-05-02,0.1984,2
ORD-2023-012800,CUST-00187,2023-05-08,0.1136,1
ORD-2023-012801,CUST-01492,2023-05-21,0.3039,1
ORD-2023-012802,CUST-01283,2023-05-27,0.0827,4
ORD-2023-012803,CUST-01288,2023-05-06,0.1092,1
ORD-2023-012804,CUST-02285,2023-05-31,0.3249,2
ORD-2023-012805,CUST-01852,2023-05-08,0.2337,2
ORD-2023-012806,CUST-01426,2023-05-10,0.0984,1
ORD-2023-012807,CUST-00740,2023-05-11,0.0639,1
ORD-2023-012808,CUST-01862,2023-05-07,0.3719,2
ORD-2023-012809,CUST-01047,2023-05-10,0.3784,1
ORD-2023-012810,CUST-01997,2023-05-23,0.1903,1
ORD-2023-012811,CUST-00016,2023-05-02,0.2386,2
ORD-2023-012812,CUST-01928,2023-05-03,0.0192,1
ORD-2023-012813,CUST-00370,2023-05-29,0.2938,1
ORD-2023-012814,CUST-01086,2023-05-19,0.13,1
ORD-2023-012815,CUST-01433,2023-05-24,0.1833,1
ORD-2023-012816,CUST-01520,2023-05-28,0.0628,2
ORD-2023-012817,CUST-01407,2023-05-11,0.0429,2
ORD-2023-012818,CUST-00854,2023-05-17,0.0502,2
ORD-2023-012819,CUST-00898,2023-05-14,0.1836,1
ORD-2023-012820,CUST-01863,2023-05-23,0.1644,3
ORD-2023-012821,CUST-01231,2023-05-29,0.0522,1
ORD-2023-012822,CUST-00931,2023-05-07,0.2838,2
ORD-2023-012823,CUST-00284,2023-05-03,0.2019,1
ORD-2023-012824,CUST-00763,2023-05-07,0.0561,2
ORD-2023-012825,CUST-00969,2023-05-21,0.2223,3
ORD-2023-012826,CUST-02289,2023-05-08,0.036,3
ORD-2023-012827,CUST-00798,2023-05-04,0.0971,2
ORD-2023-012828,CUST-00053,2023-05-10,0.0566,1
ORD-2023-012829,CUST-00319,2023-05-02,0.0687,1
ORD-2023-012830,CUST-00421,2023-05-13,0.1111,3
ORD-2023-012831,CUST-00295,2023-05-24,0.179,1
ORD-2023-012832,CUST-00611,2023-05-22,0.0984,2
ORD-2023-012833,CUST-00700,2023-05-07,0.026,2
ORD-2023-012834,CUST-00375,2023-05-20,0.1647,1
ORD-2023-012835,CUST-00129,2023-05-15,0.1079,1
ORD-2023-012836,CUST-02374,2023-05-03,0.0006,1
ORD-2023-012837,CUST-01695,2023-05-14,0.2619,3
ORD-2023-012838,CUST-00538,2023-05-02,0.3528,1
ORD-2023-012839,CUST-01317,2023-05-11,0.1647,1
ORD-2023-012840,CUST-02416,2023-05-11,0.1481,1
ORD-2023-012841,CUST-00233,2023-05-24,0.0141,2
ORD-2023-012842,CUST-02049,2023-05-01,0.1195,2
ORD-2023-012843,CUST-01395,2023-05-20,0.0848,1
ORD-2023-012844,CUST-00592,2023-05-16,0.0273,2
ORD-2023-012845,CUST-01934,2023-05-06,0.0426,1
ORD-2023-012846,CUST-01570,2023-05-21,0.1421,1
ORD-2023-012847,CUST-00331,2023-05-20,0.0288,1
ORD-2023-012848,CUST-00301,2023-05-19,0.0857,1
ORD-2023-012849,CUST-00580,2023-05-03,0.1107,2
ORD-2023-012850,CUST-00920,2023-05-12,0.1215,2
ORD-2023-012851,CUST-01444,2023-05-01,0.091,3
ORD-2023-012852,CUST-01613,2023-05-14,0.0261,1
ORD-2023-012853,CUST-00577,2023-05-03,0.0389,1
ORD-2023-012854,CUST-00760,2023-05-06,0.0878,3
ORD-2023-012855,CUST-00375,2023-05-31,0.2194,2
ORD-2023-012856,CUST-00511,2023-05-20,0.1462,2
ORD-2023-012857,CUST-00722,2023-05-05,0.1704,3
ORD-2023-012858,CUST-00483,2023-05-17,0.3447,1
ORD-2023-012859,CUST-02363,2023-05-10,0.014,1
ORD-2023-012860,CUST-01930,2023-05-03,0.1152,2
ORD-2023-012861,CUST-00640,2023-05-07,0.4198,1
ORD-2023-012862,CUST-01724,2023-05-18,0.0774,1
ORD-2023-012863,CUST-01500,2023-05-18,0.0733,1
ORD-2023-012864,CUST-02251,2023-05-07,0.0812,1
ORD-2023-012865,CUST-00419,2023-05-03,0.0746,5
ORD-2023-012866,CUST-00200,2023-05-25,0.0532,1
ORD-2023-012867,CUST-01347,2023-05-28,0.3006,2
ORD-2023-012868,CUST-01557,2023-05-25,0.1078,1
ORD-2023-012869,CUST-00174,2023-05-07,0.115,1
ORD-2023-012870,CUST-01420,2023-05-30,0.3353,2
ORD-2023-012871,CUST-01847,2023-05-24,0.0808,1
ORD-2023-012872,CUST-01293,2023-05-16,0.2547,1
ORD-2023-012873,CUST-01350,2023-05-13,0.1112,1
ORD-2023-012874,CUST-01430,2023-05-20,0.3637,3
ORD-2023-012875,CUST-01656,2023-05-13,0.1011,1
ORD-2023-012876,CUST-01299,2023-05-20,0.2646,1
ORD-2023-012877,CUST-00812,2023-05-19,0.0933,1
ORD-2023-012878,CUST-00801,2023-05-21,0.1649,3
ORD-2023-012879,CUST-00531,2023-05-28,0.021,1
ORD-2023-012880,CUST-01523,2023-05-25,0.0913,1
ORD-2023-012881,CUST-00305,2023-05-06,0.2637,2
ORD-2023-012882,CUST-02149,2023-05-24,0.0486,1
ORD-2023-012883,CUST-00670,2023-05-01,0.0191,1
ORD-2023-012884,CUST-00487,2023-05-04,0.1367,2
ORD-2023-012885,CUST-02310,2023-05-16,0.0812,1
ORD-2023-012886,CUST-00349,2023-05-20,0.1011,1
ORD-2023-012887,CUST-01740,2023-05-03,0.0485,1
ORD-2023-012888,CUST-00456,2023-05-07,0.0773,1
ORD-2023-012889,CUST-01546,2023-05-31,0.3575,2
ORD-2023-012890,CUST-01089,2023-05-24,0.1171,1
ORD-2023-012891,CUST-00796,2023-05-13,0.0764,2
ORD-2023-012892,CUST-01464,2023-05-02,0.0617,1
ORD-2023-012893,CUST-00784,2023-05-27,0.1541,3
ORD-2023-012894,CUST-00766,2023-05-02,0.2046,1
ORD-2023-012895,CUST-01064,2023-05-25,0.0858,2
ORD-2023-012896,CUST-02433,2023-05-09,0.0247,3
ORD-2023-012897,CUST-01975,2023-05-12,0.4306,3
ORD-2023-012898,CUST-02078,2023-05-23,0.0313,1
ORD-2023-012899,CUST-01956,2023-05-06,0.4297,2
ORD-2023-012900,CUST-01102,2023-05-10,0.13,1
ORD-2023-012901,CUST-01016,2023-05-11,0.1038,2
ORD-2023-012902,CUST-01420,2023-05-11,0.0832,2
ORD-2023-012903,CUST-01966,2023-05-08,0.1797,2
ORD-2023-012904,CUST-00965,2023-05-06,0.1572,3
ORD-2023-012905,CUST-01836,2023-05-29,0.0046,1
ORD-2023-012906,CUST-01930,2023-05-16,0.2008,3
ORD-2023-012907,CUST-01134,2023-05-01,0.0473,3
ORD-2023-012908,CUST-02310,2023-05-01,0.1706,1
ORD-2023-012909,CUST-01394,2023-05-25,0.1784,1
ORD-2023-012910,CUST-01197,2023-05-25,0.299,1
ORD-2023-012911,CUST-02448,2023-05-01,0.018,1
ORD-2023-012912,CUST-00632,2023-05-16,0.1251,1
ORD-2023-012913,CUST-00447,2023-05-14,0.1457,1
ORD-2023-012914,CUST-00989,2023-05-13,0.0873,1
ORD-2023-012915,CUST-00476,2023-05-22,0.0932,1
ORD-2023-012916,CUST-01735,2023-05-20,0.1966,1
ORD-2023-012917,CUST-01632,2023-05-16,0.1668,1
ORD-2023-012918,CUST-00840,2023-05-14,0.0346,1
ORD-2023-012919,CUST-02425,2023-05-13,0.1597,1
ORD-2023-012920,CUST-00871,2023-05-22,0.1969,3
ORD-2023-012921,CUST-01555,2023-05-13,0.2652,1
ORD-2023-012922,CUST-00751,2023-05-22,0.0402,4
ORD-2023-012923,CUST-00834,2023-05-16,0.3131,1
ORD-2023-012924,CUST-00930,2023-05-26,0.0098,1
ORD-2023-012925,CUST-02425,2023-05-13,0.1213,1
ORD-2023-012926,CUST-01888,2023-05-01,0.0251,3
ORD-2023-012927,CUST-00633,2023-05-06,0.2858,2
ORD-2023-012928,CUST-00005,2023-05-08,0.1278,1
ORD-2023-012929,CUST-00858,2023-05-06,0.0137,1
ORD-2023-012930,CUST-00164,2023-05-29,0.1009,3
ORD-2023-012931,CUST-01103,2023-05-31,0.0236,2
ORD-2023-012932,CUST-00177,2023-05-22,0.1512,1
ORD-2023-012933,CUST-01102,2023-05-08,0.0439,1
ORD-2023-012934,CUST-01765,2023-05-26,0.0294,1
ORD-2023-012935,CUST-00462,2023-05-13,0.0455,4
ORD-2023-012936,CUST-00259,2023-05-03,0.0945,3
ORD-2023-012937,CUST-01026,2023-05-10,0.0924,2
ORD-2023-012938,CUST-00363,2023-05-16,0.0566,2
ORD-2023-012939,CUST-01008,2023-05-20,0.011,2
ORD-2023-012940,CUST-00033,2023-05-04,0.106,2
ORD-2023-012941,CUST-01398,2023-05-05,0.0248,1
ORD-2023-012942,CUST-00840,2023-05-23,0.1501,2
ORD-2023-012943,CUST-01376,2023-05-31,0.1457,1
ORD-2023-012944,CUST-01853,2023-05-28,0.1671,2
ORD-2023-012945,CUST-01418,2023-05-09,0.082,2
ORD-2023-012946,CUST-01416,2023-05-02,0.032,3
ORD-2023-012947,CUST-00521,2023-05-30,0.1532,2
ORD-2023-012948,CUST-00407,2023-05-11,0.0268,2
ORD-2023-012949,CUST-01951,2023-05-05,0.024,1
ORD-2023-012950,CUST-00458,2023-05-28,0.2616,1
ORD-2023-012951,CUST-00180,2023-05-26,0.0111,1
ORD-2023-012952,CUST-00393,2023-05-06,0.1428,2
ORD-2023-012953,CUST-01849,2023-05-31,0.0513,2
ORD-2023-012954,CUST-01917,2023-05-27,0.0878,2
ORD-2023-012955,CUST-01876,2023-05-20,0.1102,1
ORD-2023-012956,CUST-00712,2023-05-09,0.2574,3
ORD-2023-012957,CUST-01998,2023-05-13,0.2435,3
ORD-2023-012958,CUST-02154,2023-05-05,0.0408,1
ORD-2023-012959,CUST-00953,2023-05-12,0.2781,3
ORD-2023-012960,CUST-00932,2023-05-04,0.0487,5
ORD-2023-012961,CUST-00259,2023-05-09,0.2215,2
ORD-2023-012962,CUST-00688,2023-05-23,0.084,1
ORD-2023-012963,CUST-00105,2023-05-19,0.1387,3
ORD-2023-012964,CUST-01350,2023-05-12,0.3431,1
ORD-2023-012965,CUST-01626,2023-05-24,0.338,1
ORD-2023-012966,CUST-00993,2023-05-09,0.0721,1
ORD-2023-012967,CUST-01114,2023-05-18,0.0218,2
ORD-2023-012968,CUST-02178,2023-05-10,0.1106,1
ORD-2023-012969,CUST-01936,2023-05-25,0.0619,1
ORD-2023-012970,CUST-00605,2023-05-28,0.1716,3
ORD-2023-012971,CUST-01374,2023-05-20,0.3845,1
ORD-2023-012972,CUST-01907,2023-05-11,0.1808,2
ORD-2023-012973,CUST-00352,2023-05-14,0.1234,4
ORD-2023-012974,CUST-00920,2023-05-11,0.1511,3
ORD-2023-012975,CUST-01371,2023-05-19,0.1189,1
ORD-2023-012976,CUST-01866,2023-05-06,0.0218,2
ORD-2023-012977,CUST-02024,2023-05-16,0.201,2
ORD-2023-012978,CUST-02341,2023-05-07,0.0815,3
ORD-2023-012979,CUST-00728,2023-05-10,0.0425,1
ORD-2023-012980,CUST-01297,2023-05-14,0.1177,1
ORD-2023-012981,CUST-00466,2023-05-01,0.086,2
ORD-2023-012982,CUST-01067,2023-05-08,0.1104,2
ORD-2023-012983,CUST-00129,2023-05-20,0.0613,4
ORD-2023-012984,CUST-00696,2023-05-02,0.1035,1
ORD-2023-012985,CUST-00363,2023-05-20,0.0784,4
ORD-2023-012986,CUST-00203,2023-05-18,0.1105,1
ORD-2023-012987,CUST-01386,2023-05-20,0.0042,1
ORD-2023-012988,CUST-01681,2023-05-14,0.4121,1
ORD-2023-012989,CUST-00907,2023-05-05,0.2993,3
ORD-2023-012990, CUST-01771 ,2023-05-29,0.0203,1
ORD-2023-012991,CUST-01010,2023-05-13,0.3161,1
ORD-2023-012992,CUST-01664,2023-05-28,0.3943,2
ORD-2023-012993,CUST-00274,2023-05-23,0.1342,1
ORD-2023-012994,CUST-00556,2023-05-23,0.2034,1
ORD-2023-012995,CUST-01940,2023-05-07,0.2196,2
ORD-2023-012996,CUST-00025,2023-05-23,0.0253,1
ORD-2023-012997,CUST-00975,2023-05-07,0.0573,1
ORD-2023-012998,CUST-01169,2023-05-23,0.0643,3
ORD-2023-012999,CUST-00858,2023-05-08,0.04,1
ORD-2023-013000,CUST-00291,2023-05-13,0.0462,1
ORD-2023-013001,CUST-01278,2023-05-28,0.1239,3
ORD-2023-013002,CUST-01939,2023-05-15,0.3993,1
ORD-2023-013003,CUST-02279,2023-05-30,0.04,1
ORD-2023-013004,CUST-01225,2023-05-26,0.056,3
ORD-2023-013005,CUST-00167,2023-05-27,0.1246,1
ORD-2023-013006,CUST-01777,2023-05-19,0.2021,1
ORD-2023-013007,CUST-01370,2023-05-27,0.0708,3
ORD-2023-013008,CUST-00988,2023-05-31,0.0525,4
ORD-2023-013009,CUST-01055,2023-05-15,0.1431,2
ORD-2023-013010,CUST-00671,2023-05-31,0.0619,2
ORD-2023-013011,CUST-00208,2023-05-06,0.3164,3
ORD-2023-013012,CUST-01089,2023-05-10,0.0765,2
ORD-2023-013013,CUST-00458,2023-05-25,0.1264,2
ORD-2023-013014,CUST-00616,2023-05-27,0.2838,1
ORD-2023-013015,CUST-00626,2023-05-06,0.426,2
ORD-2023-013016,CUST-00269,2023-05-28,0.0277,1
ORD-2023-013017,CUST-00563,2023-05-17,0.1286,1
ORD-2023-013018,CUST-00017,2023-05-31,0.0551,2
ORD-2023-013019,CUST-00434,2023-05-10,0.1106,4
ORD-2023-013020,CUST-01773,2023-05-06,0.1102,3
ORD-2023-013021,CUST-00084,2023-05-08,0.1855,2
ORD-2023-013022,CUST-01621,2023-05-25,0.084,2
ORD-2023-013023,CUST-01978,2023-05-26,0.1915,3
ORD-2023-013024,CUST-00219,2023-05-09,0.5354,1
ORD-2023-013025,CUST-00387,2023-05-09,0.0413,1
ORD-2023-013026,CUST-02208,2023-05-10,0.0123,3
ORD-2023-013027,CUST-01231,2023-05-25,0.0895,1
ORD-2023-013028,CUST-00330,2023-05-18,0.1081,4
ORD-2023-013029,CUST-01463,2023-05-03,0.0348,1
ORD-2023-013030,CUST-00349,2023-05-01,0.1532,3
ORD-2023-013031,CUST-00720,2023-05-18,0.0588,1
ORD-2023-013032,CUST-01844,2023-05-25,0.3438,2
ORD-2023-013033,CUST-00478,2023-05-03,0.0477,2
ORD-2023-013034,CUST-01340,2023-05-12,0.1722,1
ORD-2023-013035,CUST-01719,2023-05-03,0.1229,2
ORD-2023-013036,CUST-00190,2023-05-16,0.0156,1
ORD-2023-013037,CUST-01604,2023-05-08,0.1515,3
ORD-2023-013038,CUST-01428,2023-05-21,0.0945,1
ORD-2023-013039,CUST-01778,2023-05-21,0.0913,1
ORD-2023-013040,CUST-00938,2023-05-13,0.0743,1
ORD-2023-013041,CUST-01585,2023-05-05,0.55,1
ORD-2023-013042,CUST-01556,2023-05-29,0.1101,2
ORD-2023-013043,CUST-00318,2023-05-23,0.4025,1
ORD-2023-013044,CUST-01920,2023-05-07,0.1328,2
ORD-2023-013045,CUST-01998,2023-05-24,0.1534,3
ORD-2023-013046,CUST-00646,2023-05-20,0.1222,2
ORD-2023-013047,CUST-00606,2023-05-07,0.1253,3
ORD-2023-013048,CUST-00661,2023-05-25,0.0243,1
ORD-2023-013049,CUST-00613,2023-05-13,0.0316,3
ORD-2023-013050,CUST-00416,2023-05-26,0.1065,1
ORD-2023-013051,CUST-01865,2023-05-24,0.1046,1
ORD-2023-013052,CUST-02355,2023-05-14,0.0472,1
ORD-2023-013053,CUST-01141,2023-05-04,0.1389,3
ORD-2023-013054,CUST-02110,2023-05-04,0.0533,2
ORD-2023-013055,CUST-01846,2023-05-21,0.1173,2
ORD-2023-013056,CUST-00465,2023-05-30,0.0435,1
ORD-2023-013057,CUST-00356,2023-05-08,0.0245,1
ORD-2023-013058,CUST-01451,2023-05-07,0.0906,1
ORD-2023-013059,CUST-01438,2023-05-03,0.2904,1
ORD-2023-013060,CUST-01564,2023-05-16,0.2196,2
ORD-2023-013061,CUST-00438,2023-05-07,0.2324,4
ORD-2023-013062,CUST-01775,2023-05-18,0.082,2
ORD-2023-013063,CUST-00114,2023-05-07,0.1436,3
ORD-2023-013064,CUST-00672,2023-05-31,0.0495,1
ORD-2023-013065,CUST-00041,2023-05-21,0.0618,1
ORD-2023-013066,CUST-01503,2023-05-19,0.1332,2
ORD-2023-013067,CUST-00805,2023-05-07,0.2492,1
ORD-2023-013068,CUST-00624,2023-05-04,0.0963,2
ORD-2023-013069,CUST-00212,2023-05-05,0.1333,1
ORD-2023-013070,CUST-01687,2023-05-18,0.0551,1
ORD-2023-013071,CUST-01999,2023-05-15,0.2472,2
ORD-2023-013072,CUST-00310,2023-05-01,0.4195,2
ORD-2023-013073,CUST-00751,2023-05-27,0.0616,1
ORD-2023-013074,CUST-00021,2023-05-05,0.066,1
ORD-2023-013075,CUST-00661,2023-05-03,0.0158,1
ORD-2023-013076,CUST-01549,2023-05-31,0.4164,1
ORD-2023-013077,CUST-00910,2023-05-24,0.2396,2
ORD-2023-013078,CUST-00939,2023-05-24,0.1729,2
ORD-2023-013079,CUST-01139,2023-05-12,0.0367,2
ORD-2023-013080,CUST-02007,2023-05-14,0.078,5
ORD-2023-013081,CUST-00008,2023-05-07,0.2419,2
ORD-2023-013082,CUST-01136,2023-05-03,0.3367,3
ORD-2023-013083,CUST-00719,2023-05-07,0.3955,1
ORD-2023-013084,CUST-01278,2023-05-27,0.1515,2
ORD-2023-013085,CUST-01304,2023-05-12,0.062,3
ORD-2023-013086,CUST-00331,2023-05-08,0.0751,1
ORD-2023-013087,CUST-02337,2023-05-07,0.129,1
ORD-2023-013088,CUST-01619,2023-05-08,0.0209,1
ORD-2023-013089,CUST-01270,2023-05-07,0.0978,3
ORD-2023-013090,CUST-00800,2023-05-04,0.1615,1
ORD-2023-013091,CUST-01127,2023-05-10,0.1796,1
ORD-2023-013092,CUST-00160,2023-05-20,0.1983,2
ORD-2023-013093,CUST-00600,2023-05-13,0.0485,1
ORD-2023-013094,CUST-00529,2023-05-10,0.2179,2
ORD-2023-013095,CUST-01872,2023-05-10,0.3764,1
ORD-2023-013096,CUST-01658,2023-05-04,0.0167,1
ORD-2023-013097,CUST-01522,2023-05-29,0.0576,3
ORD-2023-013098,,2023-05-08,0.0701,1
ORD-2023-013099,CUST-00492,2023-05-18,0.1211,3
ORD-2023-013100,CUST-01543,2023-05-13,0.2549,2
ORD-2023-013101,CUST-01826,2023-05-24,0.082,1
ORD-2023-013102,CUST-02389,2023-05-30,0.0955,2
ORD-2023-013103,CUST-00702,2023-05-27,0.0082,1
ORD-2023-013104,CUST-00407,2023-05-14,0.0218,1
ORD-2023-013105,CUST-00756,2023-05-21,0.188,3
ORD-2023-013106,CUST-00407,2023-05-13,0.0239,1
ORD-2023-013107,CUST-01136,2023-05-21,0.55,1
ORD-2023-013108,CUST-01979,2023-05-03,0.4337,1
ORD-2023-013109,CUST-00743,2023-05-17,0.0957,3
ORD-2023-013110,CUST-00262,2023-05-31,0.1687,1
ORD-2023-013111,CUST-00556,2023-05-05,0.0763,1
ORD-2023-013112,CUST-00659,2023-05-31,0.0537,1
ORD-2023-013113,CUST-00438,2023-05-30,0.2096,3
ORD-2023-013114,CUST-02341,2023-05-04,0.2457,1
ORD-2023-013115,CUST-00846,2023-05-11,0.0126,1
ORD-2023-013116,CUST-00414,2023-05-17,0.0428,2
ORD-2023-013117,CUST-01403,2023-05-22,0.0306,3
ORD-2023-013118,CUST-01662,2023-05-30,0.0751,2
ORD-2023-013119,CUST-00661,2023-05-23,0.0184,2
ORD-2023-013120,CUST-00752,2023-05-01,0.0147,1
ORD-2023-013121,CUST-02081,2023-05-22,0.0143,3
ORD-2023-013122,CUST-01208,2023-05-29,0.55,1
ORD-2023-013123,CUST-02177,2023-05-11,0.1801,1
ORD-2023-013124,CUST-01018,2023-05-19,0.0885,1
ORD-2023-013125,CUST-01159,2023-05-20,0.083,1
ORD-2023-013126,CUST-01096,2023-05-14,0.0202,1
ORD-2023-013127,CUST-01866,2023-05-12,0.0283,2
ORD-2023-013128,CUST-01737,2023-05-22,0.0672,2
ORD-2023-013129,CUST-01501,2023-05-06,0.0275,1
ORD-2023-013130,CUST-01302,2023-05-22,0.1171,2
ORD-2023-013131,CUST-00172,2023-05-13,0.0296,3
ORD-2023-013132,CUST-01779,2023-05-06,0.1834,1
ORD-2023-013133,CUST-01096,2023-05-24,0.297,1
ORD-2023-013134,CUST-00447,2023-05-14,0.1137,2
ORD-2023-013135,CUST-00509,2023-05-30,0.1199,1
ORD-2023-013136,CUST-00066,2023-05-05,0.1161,2
ORD-2023-013137,CUST-00964,2023-05-24,0.0153,1
ORD-2023-013138,CUST-01370,2023-05-17,0.0885,3
ORD-2023-013139,CUST-01830,2023-05-18,0.0191,2
ORD-2023-013140,CUST-01355,2023-05-01,0.0611,1
ORD-2023-013141,CUST-00771,2023-05-26,0.0438,2
ORD-2023-013142,CUST-01096,2023-05-20,0.0924,3
ORD-2023-013143,CUST-00407,2023-05-06,0.0209,2
ORD-2023-013144,CUST-01341,,0.0777,2
ORD-2023-013145,CUST-01084,2023-05-27,0.1752,1
ORD-2023-013146,CUST-00876,2023-05-06,0.0415,1
ORD-2023-013147,CUST-01444,2023-05-25,0.0288,1
ORD-2023-013148,CUST-02168,2023-05-31,0.0481,1
ORD-2023-013149,CUST-00010,2023-05-11,0.0441,2
ORD-2023-013150,CUST-01686,2023-05-14,0.0386,2
ORD-2023-013151,CUST-00301,2023-05-23,0.2054,2
ORD-2023-013152,CUST-00832,2023-05-04,0.4607,1
ORD-2023-013153,CUST-02340,2023-05-18,0.2499,3
ORD-2023-013154,CUST-00049,2023-05-02,0.0509,3
ORD-2023-013155,CUST-01192,2023-05-17,0.0996,1
ORD-2023-013156,CUST-00565,2023-05-20,0.016,1
ORD-2023-013157,CUST-02407,2023-05-17,0.1351,1
ORD-2023-013158,CUST-00492,2023-05-19,0.285,1
ORD-2023-013159,CUST-01742,2023-05-07,0.0305,1
ORD-2023-013160,CUST-01092,2023-05-14,0.0825,2
ORD-2023-013161,,2023-05-24,0.1936,1
ORD-2023-013162,CUST-00238,2023-05-06,0.1703,2
ORD-2023-013163,CUST-01231,2023-05-06,0.0585,2
ORD-2023-013164,CUST-00273,2023-05-12,0.0984,3
ORD-2023-013165,CUST-01422,2023-05-09,0.2152,2
ORD-2023-013166,CUST-00511,2023-05-16,0.167,1
ORD-2023-013167,CUST-00147,2023-05-27,0.0283,1
ORD-2023-013168,CUST-01060,2023-05-11,0.0049,3
ORD-2023-013169,CUST-01501,2023-05-13,0.0944,1
ORD-2023-013170,CUST-01611,2023-05-28,0.2124,2
ORD-2023-013171,CUST-00639,2023-05-08,0.1923,3
ORD-2023-013172,CUST-00771,2023-05-15,0.0663,3
ORD-2023-013173,CUST-00025,2023-05-16,0.011,1
ORD-2023-013174,CUST-00472,2023-05-26,0.1008,1
ORD-2023-013175,CUST-01577,2023-05-29,0.0415,1
ORD-2023-013176,CUST-01431,2023-05-28,0.1516,2
ORD-2023-013177,CUST-00343,2023-05-10,0.0332,1
ORD-2023-013178,CUST-01004,2023-05-25,0.0329,1
ORD-2023-013179,CUST-00079,2023-05-31,0.2202,1
ORD-2023-013180,CUST-01002,2023-05-28,0.3015,1
ORD-2023-013181,CUST-00104,2023-05-31,0.0409,1
ORD-2023-013182,CUST-00115,2023-05-09,0.0364,2
ORD-2023-013183,CUST-02127,2023-05-23,0.1438,1
ORD-2023-013184,CUST-01784,2023-05-14,0.0345,1
ORD-2023-013185,CUST-02267,2023-05-16,0.0819,1
ORD-2023-013186,CUST-00409,2023-05-20,0.0225,3
ORD-2023-013187,CUST-01173,2023-05-26,0.0433,2
ORD-2023-013188,CUST-00585,2023-05-20,0.0959,1
ORD-2023-013189,CUST-01316,2023-05-23,0.0187,2
ORD-2023-013190,CUST-02055,2023-05-17,0.0581,2
ORD-2023-013191,CUST-00116,2023-05-24,0.0838,2
ORD-2023-013192,CUST-01239,2023-05-19,0.2708,1
ORD-2023-013193,CUST-01823,2023-05-24,0.1389,1
ORD-2023-013194,CUST-01114,2023-05-16,0.0294,1
ORD-2023-013195,CUST-00108,2023-05-26,0.1001,1
ORD-2023-013196,CUST-01890,2023-05-29,0.0321,2
ORD-2023-013197,CUST-00938,2023-05-18,0.0896,1
ORD-2023-013198,CUST-01637,2023-05-31,0.166,2
ORD-2023-013199,CUST-00507,2023-05-03,0.4065,1
ORD-2023-013200,CUST-01973,2023-05-06,0.1679,3
ORD-2023-013201,CUST-02020,2023-05-03,0.0235,1
ORD-2023-013202,CUST-00112,2023-05-15,0.0435,1
ORD-2023-013203,CUST-00028,2023-05-18,0.1572,2
ORD-2023-013204,CUST-02425,2023-05-11,0.1943,2
ORD-2023-013205,CUST-00398,2023-05-03,0.3985,1
ORD-2023-013206,CUST-00797,2023-05-21,0.0478,1
ORD-2023-013207,CUST-01709,2023-05-27,0.3858,1
ORD-2023-013208,CUST-00327,2023-05-19,0.2714,2
ORD-2023-013209,CUST-00409,2023-05-22,0.0191,1
ORD-2023-013210,CUST-02368,2023-05-03,0.0227,1
ORD-2023-013211,CUST-01930,2023-05-06,0.2414,1
ORD-2023-013212,CUST-00974,2023-05-29,0.4283,1
ORD-2023-013213,CUST-00781,2023-05-29,0.0627,1
ORD-2023-013214,CUST-01629,2023-05-07,0.1887,1
ORD-2023-013215,CUST-00257,2023-05-16,0.0016,1
ORD-2023-013216,CUST-01234,2023-05-30,0.1065,1
ORD-2023-013217,CUST-01285,2023-05-14,0.1732,1
ORD-2023-013218,CUST-01524,2023-05-12,0.0394,1
ORD-2023-013219,CUST-01990,2023-05-06,0.3859,1
ORD-2023-013220,CUST-00112,2023-05-23,0.0947,2
ORD-2023-013221,CUST-01326,2023-05-07,0.0657,1
ORD-2023-013222,CUST-00613,2023-05-01,0.0302,1
ORD-2023-013223,CUST-00511,2023-05-27,0.1611,3
ORD-2023-013224,CUST-01941,2023-05-12,0.2312,1
ORD-2023-013225,CUST-01227,2023-05-20,0.0207,1
ORD-2023-013226,CUST-01007,2023-05-04,0.086,2
ORD-2023-013227,CUST-00830,2023-05-22,0.2875,3
ORD-2023-013228,CUST-00813,2023-05-25,0.0279,1
ORD-2023-013229,CUST-00237,2023-05-29,0.018,1
ORD-2023-013230,CUST-00508,2023-05-20,0.0363,2
ORD-2023-013231,CUST-01114,2023-05-24,0.0221,1
ORD-2023-013232,CUST-01312,2023-05-02,0.1747,2
ORD-2023-013233,CUST-00791,2023-05-06,0.1191,3
ORD-2023-013234,CUST-00016,2023-05-24,0.3382,1
ORD-2023-013235,CUST-00755,2023-05-27,0.0733,1
ORD-2023-013236,CUST-01846,2023-05-22,0.0899,2
ORD-2023-013237,CUST-01428,2023-05-01,0.1177,3
ORD-2023-013238,CUST-00265,2023-05-03,0.1388,2
ORD-2023-013239,CUST-01865,2023-05-26,0.0684,1
ORD-2023-013240,CUST-00355,2023-05-17,0.4067,1
ORD-2023-013241,CUST-02324,2023-05-30,0.0943,1
ORD-2023-013242,CUST-01939,,0.256,1
ORD-2023-013243,CUST-00468,2023-05-02,0.0255,1
ORD-2023-013244,CUST-01614,2023-05-04,0.0595,1
ORD-2023-013245,CUST-00556,2023-05-04,0.1229,2
ORD-2023-013246,CUST-01183,2023-05-13,0.1908,1
ORD-2023-013247,CUST-01823,2023-05-08,0.1667,2
ORD-2023-013248,CUST-00846,2023-05-09,0.3533,1
ORD-2023-013249,CUST-00382,2023-05-04,0.0913,2
ORD-2023-013250,CUST-01907,2023-05-09,0.0308,1
ORD-2023-013251,CUST-00038,2023-05-29,0.2875,3
ORD-2023-013252,CUST-01460,2023-05-28,0.0225,1
ORD-2023-013253,CUST-00952,2023-05-23,0.1557,1
ORD-2023-013254,CUST-01663,2023-05-18,0.2573,1
ORD-2023-013255,CUST-01303,2023-05-28,0.2056,1
ORD-2023-013256,CUST-01243,2023-05-07,0.1691,1
ORD-2023-013257,CUST-02095,2023-05-21,0.2267,1
ORD-2023-013258,CUST-00592,2023-05-29,0.0366,2
ORD-2023-013259,CUST-01489,2023-05-19,0.0259,1
ORD-2023-013260,CUST-02324,2023-05-19,0.1348,3
ORD-2023-013261,CUST-02119,2023-05-03,0.1201,3
ORD-2023-013262,CUST-01978,2023-05-20,0.2564,2
ORD-2023-013263,CUST-00333,2023-05-28,0.0746,1
ORD-2023-013264,CUST-00771,2023-05-16,0.1087,1
ORD-2023-013265,CUST-00216,2023-05-08,0.0212,1
ORD-2023-013266,CUST-00521,2023-05-03,0.1537,3
ORD-2023-013267,CUST-02389,2023-05-15,0.0829,1
ORD-2023-013268,CUST-01411,2023-05-15,0.1253,1
ORD-2023-013269,CUST-00174,2023-05-22,0.1262,3
ORD-2023-013270,CUST-00984,2023-05-06,0.2363,2
ORD-2023-013271,CUST-00236,2023-05-27,0.386,1
ORD-2023-013272,CUST-00482,2023-05-28,0.0262,2
ORD-2023-013273,CUST-00331,2023-05-15,0.0618,2
ORD-2023-013274,CUST-01542,2023-05-12,0.2117,1
ORD-2023-013275,CUST-00303,2023-05-20,0.1872,1
ORD-2023-013276,CUST-01245,2023-05-19,0.08,1
ORD-2023-013277,CUST-01230,2023-05-12,0.1704,1
ORD-2023-013278,CUST-00269,2023-05-24,0.3228,1
ORD-2023-013279,CUST-00033,2023-05-01,0.0744,1
ORD-2023-013280,CUST-00281,2023-05-01,0.0642,2
ORD-2023-013281,CUST-00908,2023-05-07,0.0487,3
ORD-2023-013282,CUST-00437,2023-05-14,0.2705,3
ORD-2023-013283,CUST-01522,2023-05-02,0.096,1
ORD-2023-013284,CUST-00343,2023-05-18,0.0773,1
ORD-2023-013285,CUST-01912,2023-05-22,0.542,2
ORD-2023-013286,CUST-00677,2023-05-31,0.0278,3
ORD-2023-013287,CUST-01044,2023-05-21,0.1975,1
ORD-2023-013288,CUST-01503,2023-05-24,0.0239,1
ORD-2023-013289,CUST-00756,2023-05-20,0.2757,2
ORD-2023-013290,CUST-00084,2023-05-22,0.2069,1
ORD-2023-013291,CUST-00560,2023-05-30,0.1512,2
ORD-2023-013292,CUST-01174,2023-05-03,0.1978,1
ORD-2023-013293,CUST-00029,2023-05-23,0.0897,2
ORD-2023-013294,CUST-01320,2023-05-09,0.0608,2
ORD-2023-013295,CUST-00581,2023-05-17,0.342,1
ORD-2023-013296,CUST-01356,2023-05-17,0.0515,2
ORD-2023-013297,CUST-01049,2023-05-26,0.0399,3
ORD-2023-013298,CUST-01202,2023-05-12,0.1577,2
ORD-2023-013299,CUST-00455,2023-05-24,0.1878,1
ORD-2023-013300,CUST-01994,2023-05-08,0.2367,2
ORD-2023-013301,CUST-00232,2023-05-28,0.1534,3
ORD-2023-013302,CUST-01898,2023-05-12,0.21,1
ORD-2023-013303,CUST-00903,2023-05-27,0.1604,2
ORD-2023-013304,CUST-00776,2023-05-05,0.0302,2
ORD-2023-013305,CUST-01843,2023-05-12,0.078,1
ORD-2023-013306,CUST-01053,2023-05-05,0.2896,1
ORD-2023-013307,CUST-00150,2023-05-06,0.2772,3
ORD-2023-013308,CUST-01312,2023-05-12,0.1658,2
ORD-2023-013309,CUST-00081,2023-05-16,0.1887,2
ORD-2023-013310,CUST-01652,2023-05-13,0.059,2
ORD-2023-013311,CUST-02016,2023-05-04,0.0329,2
ORD-2023-013312,CUST-02156,2023-05-17,0.0497,1
ORD-2023-013313,CUST-01497,2023-05-10,0.0199,1
ORD-2023-013314,CUST-00725,2023-05-16,0.1622,1
ORD-2023-013315,CUST-00203,2023-05-09,0.032,1
ORD-2023-013316,CUST-00741,2023-05-23,0.025,3
ORD-2023-013317,CUST-00227,2023-05-27,0.0672,1
ORD-2023-013318,CUST-00935,2023-05-04,0.1979,1
ORD-2023-013319,CUST-00313,2023-05-31,0.2874,2
ORD-2023-013320,CUST-01341,2023-05-13,0.056,2
ORD-2023-013321,CUST-01508,2023-05-15,0.0455,1
ORD-2023-013322,CUST-00384,2023-05-02,0.0102,1
ORD-2023-013323,CUST-01659,2023-05-23,0.2534,1
ORD-2023-013324,CUST-00274,2023-05-02,0.0926,2
ORD-2023-013325,CUST-00865,2023-05-17,0.0691,2
ORD-2023-013326,CUST-00402,2023-05-23,0.0348,1
ORD-2023-013327,CUST-00989,2023-05-10,0.1708,1
ORD-2023-013328,CUST-01522,2023-05-27,0.0986,3
ORD-2023-013329,CUST-00163,2023-05-29,0.0431,3
ORD-2023-013330,CUST-02301,2023-05-17,0.1202,1
ORD-2023-013331,CUST-00196,2023-05-26,0.3578,1
ORD-2023-013332,CUST-01181,2023-05-21,0.2806,1
ORD-2023-013333,CUST-01059,2023-05-08,0.0984,2
ORD-2023-013334,CUST-01108,2023-05-07,0.2165,2
ORD-2023-013335,CUST-01079,2023-05-27,0.2448,1
ORD-2023-013336,CUST-00738,2023-05-26,0.2762,1
ORD-2023-013337,CUST-02321,2023-05-15,0.0222,1
ORD-2023-013338,CUST-00593,2023-05-28,0.0435,1
ORD-2023-013339,CUST-00606,2023-05-17,0.1141,1
ORD-2023-013340,CUST-00472,2023-05-14,0.179,2
ORD-2023-013341,CUST-02007,2023-05-10,0.0254,1
ORD-2023-013342,CUST-02009,2023-05-22,0.3821,1
ORD-2023-013343,CUST-00468,2023-05-29,0.0519,1
ORD-2023-013344,CUST-01840,2023-05-06,0.0107,4
ORD-2023-013345,CUST-01505,2023-05-20,0.1055,1
ORD-2023-013346,CUST-01607,2023-05-21,0.0446,2
ORD-2023-013347,CUST-00312,2023-05-17,0.4511,1
ORD-2023-013348,CUST-00980,2023-05-05,0.2431,1
ORD-2023-013349,CUST-01221,2023-05-16,0.0649,2
ORD-2023-013350,CUST-00466,2023-05-27,0.0874,1
ORD-2023-013351,CUST-00400,2023-05-21,0.0417,1
ORD-2023-013352,CUST-01092,2023-05-21,0.0471,3
ORD-2023-013353,CUST-00483,2023-05-29,0.254,1
ORD-2023-013354,CUST-01151,2023-05-13,0.0532,1
ORD-2023-013355,CUST-01354,2023-05-13,0.4027,1
ORD-2023-013356,CUST-00436,2023-05-30,0.0852,3
ORD-2023-013357,CUST-01481,2023-05-20,0.1764,2
ORD-2023-013358,CUST-00675,2023-05-19,0.1825,3
ORD-2023-013359,CUST-00209,2023-05-10,0.1384,1
ORD-2023-013360,CUST-00946,2023-05-10,0.0568,1
ORD-2023-013361,CUST-00297,2023-05-29,0.0766,1
ORD-2023-013362,CUST-01545,2023-05-18,0.1743,4
ORD-2023-013363,CUST-00311,2023-05-30,0.1565,2
ORD-2023-013364,CUST-00569,2023-05-03,0.3192,2
ORD-2023-013365,CUST-02207,2023-05-24,0.0521,2
ORD-2023-013366,CUST-02132,2023-05-09,0.2163,2
ORD-2023-013367,CUST-01491,2023-05-09,0.0243,2
ORD-2023-013368,CUST-02221,2023-05-15,0.3891,2
ORD-2023-013369,CUST-02224,2023-05-29,0.161,3
ORD-2023-013370,CUST-00053,2023-05-23,0.3371,1
ORD-2023-013371,CUST-01770,2023-05-18,0.1605,2
ORD-2023-013372,CUST-02068,2023-05-24,0.0379,3
ORD-2023-013373,CUST-00132,2023-05-18,0.1036,2
ORD-2023-013374,CUST-00205,2023-05-02,0.091,1
ORD-2023-013375,CUST-00098,2023-05-15,0.0766,2
ORD-2023-013376,CUST-02059,2023-05-19,0.0782,2
ORD-2023-013377,CUST-01130,2023-05-22,0.0291,1
ORD-2023-013378,CUST-01405,2023-05-17,0.4641,1
ORD-2023-013379,CUST-01395,2023-05-24,0.1559,2
ORD-2023-013380,CUST-00593,2023-05-26,0.0658,1
ORD-2023-013381,CUST-00975,2023-05-26,0.0127,1
ORD-2023-013382,CUST-01006,2023-05-22,0.0742,1
ORD-2023-013383,CUST-01314,2023-05-09,0.1765,1
ORD-2023-013384,CUST-00597,2023-05-10,0.3717,2
ORD-2023-013385,CUST-01650,2023-05-28,0.0271,1
ORD-2023-013386,CUST-01659,2023-05-28,0.1691,2
ORD-2023-013387,CUST-00509,2023-05-03,0.0643,1
ORD-2023-013388,CUST-01512,2023-05-21,0.1341,1
ORD-2023-013389,CUST-01240,2023-05-30,0.0926,3
ORD-2023-013390,CUST-02238,2023-05-16,0.0213,1
ORD-2023-013391,CUST-00536,2023-05-04,0.3861,1
ORD-2023-013392,CUST-00903,2023-05-06,0.1454,3
ORD-2023-013393,CUST-01260,2023-05-08,0.0759,3
ORD-2023-013394,CUST-01639,2023-05-20,0.1953,1
ORD-2023-013395,CUST-01778,2023-05-17,0.1929,1
ORD-2023-013396,CUST-00267,2023-05-04,0.0702,2
ORD-2023-013397,CUST-01349,2023-05-16,0.0634,3
ORD-2023-013398,CUST-01614,2023-05-22,0.0517,2
ORD-2023-013399,CUST-01030,2023-05-30,0.1869,1
ORD-2023-013400,CUST-01650,2023-05-07,0.07,3
ORD-2023-013401,CUST-00014,2023-05-28,0.0795,2
ORD-2023-013402,CUST-01565,2023-05-28,0.1284,3
ORD-2023-013403,CUST-00345,2023-05-13,0.157,2
ORD-2023-013404,CUST-00475,2023-05-12,0.3394,2
ORD-2023-013405,CUST-00559,2023-05-03,0.0482,3
ORD-2023-013406,CUST-01908,2023-05-26,0.0398,1
ORD-2023-013407,CUST-01960,2023-05-23,0.0836,2
ORD-2023-013408,CUST-01693,2023-05-17,0.1649,1
ORD-2023-013409,CUST-01693,2023-05-05,0.1496,2
ORD-2023-013410,CUST-01626,2023-05-20,0.2916,1
ORD-2023-013411,CUST-00785,2023-05-14,0.0132,1
ORD-2023-013412,CUST-01245,2023-05-29,0.1141,2
ORD-2023-013413,CUST-01885,2023-05-21,0.0791,1
ORD-2023-013414,CUST-00672,2023-05-14,0.0105,2
ORD-2023-013415,CUST-00144,2023-05-26,0.1033,2
ORD-2023-013416,CUST-01133,2023-05-26,0.2245,3
ORD-2023-013417,CUST-01247,2023-05-31,0.1718,1
ORD-2023-013418,CUST-00422,2023-05-16,0.071,1
ORD-2023-013419,CUST-00319,2023-05-09,0.0648,2
ORD-2023-013420,CUST-01319,2023-05-16,0.2325,1
ORD-2023-013421,CUST-01631,2023-05-03,0.0545,3
ORD-2023-013422,CUST-00536,2023-05-13,0.55,1
ORD-2023-013423,CUST-01905,2023-05-06,0.1372,4
ORD-2023-013424,CUST-00152,2023-05-01,0.0552,3
ORD-2023-013425,CUST-00392,2023-05-18,0.0388,1
ORD-2023-013426,CUST-01129,2023-05-11,0.0182,1
ORD-2023-013427,CUST-01854,2023-05-21,0.0347,1
ORD-2023-013428,CUST-01075,2023-05-11,0.1383,1
ORD-2023-013429,CUST-00723,2023-05-25,0.0137,2
ORD-2023-013430,CUST-02083,2023-05-31,0.1329,1
ORD-2023-013431,CUST-01374,2023-05-27,0.1204,1
ORD-2023-013432,CUST-01607,2023-05-30,0.3163,1
ORD-2023-013433,CUST-01277,2023-05-26,0.2187,1
ORD-2023-013434,CUST-02278,2023-05-15,0.0402,1
ORD-2023-013435,CUST-01863,2023-05-30,0.0302,1
ORD-2023-013436,CUST-00967,2023-05-15,0.2182,2
ORD-2023-013437,CUST-01533,2023-05-31,0.1285,1
ORD-2023-013438,CUST-00592,2023-05-28,0.036,1
ORD-2023-013439,CUST-02010,2023-05-18,0.0097,1
ORD-2023-013440,CUST-00257,2023-05-19,0.1037,1
ORD-2023-013441,CUST-01570,2023-05-25,0.0037,1
ORD-2023-013442,CUST-01106,2023-05-14,0.0223,1
ORD-2023-013443,CUST-00456,2023-05-06,0.0274,1
ORD-2023-013444,CUST-01299,2023-05-10,0.1095,1
ORD-2023-013445,CUST-00379,2023-05-15,0.0479,2
ORD-2023-013446,CUST-00933,2023-05-11,0.0219,1
ORD-2023-013447,CUST-01995,2023-05-02,0.1074,2
ORD-2023-013448,CUST-01530,2023-05-06,0.0939,3
ORD-2023-013449,CUST-01771,2023-05-10,0.0114,1
ORD-2023-013450,CUST-00097,2023-05-16,0.0669,1
ORD-2023-013451,CUST-01071,2023-05-05,0.0319,1
ORD-2023-013452,CUST-00265,2023-05-30,0.3075,1
ORD-2023-013453,CUST-00816,2023-05-13,0.1468,1
ORD-2023-013454,CUST-01422,2023-05-29,0.2205,3
ORD-2023-013455,CUST-00200,2023-05-20,0.1203,4
ORD-2023-013456,CUST-00990,2023-05-10,0.2348,3
ORD-2023-013457,CUST-00440,2023-05-05,0.1897,2
ORD-2023-013458,CUST-02437,2023-05-25,0.0896,2
ORD-2023-013459,CUST-00564,2023-05-30,0.0926,2
ORD-2023-013460,,2023-05-12,0.2938,1
ORD-2023-013461,CUST-00037,2023-05-01,0.0826,1
ORD-2023-013462,CUST-02374,2023-05-18,0.0844,1
ORD-2023-013463,CUST-00795,2023-05-05,0.297,1
ORD-2023-013464,CUST-00318,2023-05-22,0.1588,1
ORD-2023-013465,CUST-00633,2023-05-17,0.3412,1
ORD-2023-013466,CUST-01658,2023-05-28,0.0677,1
ORD-2023-013467,CUST-01310,2023-05-28,0.1074,1
ORD-2023-013468,CUST-01332,2023-05-16,0.4474,2
ORD-2023-013469,CUST-02164,2023-05-05,0.0291,1
ORD-2023-013470,CUST-00987,2023-05-29,0.0891,2
ORD-2023-013471,CUST-00270,2023-05-12,0.1257,2
ORD-2023-013472,CUST-01426,2023-05-28,0.3329,1
ORD-2023-013473,CUST-00908,2023-05-25,0.0255,3
ORD-2023-013474,CUST-01101,2023-05-03,0.0537,1
ORD-2023-013475,CUST-00183,2023-05-22,0.2074,2
ORD-2023-013476,CUST-01702,2023-05-11,0.0053,1
ORD-2023-013477,CUST-00453,2023-05-12,0.0693,1
ORD-2023-013478,CUST-02054,2023-05-31,0.1212,1
ORD-2023-013479,CUST-01354,2023-05-28,0.1484,1
ORD-2023-013480,CUST-01162,2023-05-16,0.2195,2
ORD-2023-013481,CUST-01388,2023-05-31,0.0819,2
ORD-2023-013482,CUST-00514,2023-05-15,0.0061,1
ORD-2023-013483,CUST-01946,2023-05-24,0.0637,1
ORD-2023-013484,CUST-00976,2023-05-11,0.2096,2
ORD-2023-013485,CUST-01749,2023-05-25,0.0168,1
ORD-2023-013486,CUST-01386,2023-05-06,0.0304,1
ORD-2023-013487,CUST-00458,2023-05-18,0.1484,4
ORD-2023-013488,CUST-00687,2023-05-30,0.0327,3
ORD-2023-013489,CUST-01762,2023-05-20,0.2942,1
ORD-2023-013490,CUST-01471,2023-05-23,0.0132,1
ORD-2023-013491,CUST-02314,2023-05-19,0.1191,1
ORD-2023-013492,CUST-00325,2023-05-02,0.0411,2
ORD-2023-013493,CUST-00796,2023-05-25,0.1642,1
ORD-2023-013494,CUST-00607,2023-05-05,0.0112,2
ORD-2023-013495,CUST-00176,2023-05-27,0.0353,2
ORD-2023-013496,CUST-01366,2023-05-01,0.088,3
ORD-2023-013497,CUST-00377,2023-05-11,0.0655,1
ORD-2023-013498,CUST-01256,2023-05-26,0.2904,2
ORD-2023-013499,CUST-02399,2023-05-26,0.0705,1
ORD-2023-013500,CUST-00506,2023-05-08,0.1245,1
ORD-2023-013501,CUST-01232,2023-05-08,0.1321,1
ORD-2023-013502,CUST-00979,2023-05-22,0.1585,3
ORD-2023-013503,CUST-01789,2023-05-06,0.3876,1
ORD-2023-013504,CUST-01226,2023-05-30,0.1536,2
ORD-2023-013505,CUST-01506,2023-05-19,0.3373,2
ORD-2023-013506,CUST-00559,2023-05-06,0.068,2
ORD-2023-013507,CUST-00675,2023-05-04,0.4595,1
ORD-2023-013508,CUST-00947,2023-05-20,0.1565,1
ORD-2023-013509,CUST-01884,2023-05-16,0.2831,1
ORD-2023-013510,CUST-01452,2023-05-01,0.1167,1
ORD-2023-013511,CUST-00580,2023-05-09,0.0202,1
ORD-2023-013512,CUST-01888,2023-05-25,0.0603,1
ORD-2023-013513,CUST-00371,2023-05-03,0.0733,1
ORD-2023-013514,CUST-00891,2023-05-09,0.0791,1
ORD-2023-013515,CUST-01849,2023-05-20,0.0174,1
ORD-2023-013516,CUST-00871,2023-05-10,0.0682,2
ORD-2023-013517,CUST-01740,2023-05-10,0.1559,1
ORD-2023-013518,CUST-00148,2023-05-01,0.0077,1
ORD-2023-013519,CUST-01649,2023-05-30,0.1057,5
ORD-2023-013520,CUST-01683,2023-05-13,0.1122,1
ORD-2023-013521,CUST-00221,2023-05-28,0.2667,1
ORD-2023-013522,CUST-01720,2023-05-19,0.0119,1
ORD-2023-013523,CUST-00425,2023-05-25,0.289,1
ORD-2023-013524,CUST-01972,2023-05-14,0.0063,1
ORD-2023-013525,CUST-01029,2023-05-31,0.0218,1
ORD-2023-013526,CUST-00688,2023-05-11,0.0206,1
ORD-2023-013527,CUST-00956,2023-05-27,0.0851,1
ORD-2023-013528,CUST-01651,2023-05-06,0.0467,2
ORD-2023-013529,CUST-01016,2023-05-11,0.1164,1
ORD-2023-013530,CUST-00735,2023-05-25,0.55,1
ORD-2023-013531,CUST-00501,2023-05-29,0.1036,1
ORD-2023-013532,CUST-00022,2023-05-01,0.0993,1
ORD-2023-013533,CUST-00414,2023-05-03,0.0221,1
ORD-2023-013534,CUST-01603,2023-05-09,0.0256,1
ORD-2023-013535,CUST-02329,2023-05-25,0.3285,3
ORD-2023-013536,CUST-01455,2023-05-12,0.0314,1
ORD-2023-013537,CUST-00681,2023-05-04,0.3034,2
ORD-2023-013538,CUST-00305,2023-05-06,0.1577,1
ORD-2023-013539,CUST-01325,2023-05-11,0.1251,1
ORD-2023-013540,CUST-00620,2023-05-27,0.1297,2
ORD-2023-013541,CUST-00794,2023-05-09,0.0771,1
ORD-2023-013542,CUST-01843,2023-05-19,0.3649,3
ORD-2023-013543,CUST-00792,2023-05-14,0.3207,1
ORD-2023-013544,CUST-00049,2023-05-07,0.0526,1
ORD-2023-013545,CUST-01044,2023-05-23,0.2705,1
ORD-2023-013546,CUST-00614,2023-05-21,0.0649,1
ORD-2023-013547,CUST-00605,2023-05-12,0.068,2
ORD-2023-013548,CUST-01876,2023-05-02,0.0258,1
ORD-2023-013549,CUST-00833,2023-05-31,0.0591,1
ORD-2023-013550,CUST-02413,2023-05-26,0.0626,1
ORD-2023-013551,CUST-00148,2023-05-20,0.0384,1
ORD-2023-013552,CUST-01524,2023-05-19,0.0104,1
ORD-2023-013553,CUST-01767,2023-05-19,0.1613,1
ORD-2023-013554,CUST-01301,2023-05-08,0.1077,1
ORD-2023-013555,CUST-00147,2023-05-28,0.2225,2
ORD-2023-013556,CUST-00010,2023-05-09,0.0837,2
ORD-2023-013557,CUST-01724,2023-05-02,0.0109,1
ORD-2023-013558,CUST-02003,2023-05-24,0.0423,1
ORD-2023-013559,CUST-01941,2023-05-19,0.169,1
ORD-2023-013560,CUST-01172,2023-05-16,0.3456,1
ORD-2023-013561,CUST-00611,2023-05-26,0.101,1
ORD-2023-013562,CUST-00517,2023-05-06,0.3349,1
ORD-2023-013563,CUST-01669,2023-05-15,0.5208,2
ORD-2023-013564,CUST-01762,2023-05-17,0.1897,1
ORD-2023-013565,CUST-01332,2023-05-05,0.194,3
ORD-2023-013566,CUST-02417,2023-05-06,0.1605,2
ORD-2023-013567,CUST-02190,2023-05-04,0.0231,1
ORD-2023-013568,CUST-00037,2023-05-14,0.1449,1
ORD-2023-013569,CUST-01112,2023-05-07,0.2652,1
ORD-2023-013570,CUST-00440,2023-05-20,0.3178,2
ORD-2023-013571,CUST-01395,2023-05-13,0.0701,1
ORD-2023-013572,CUST-00804,2023-05-10,0.1713,2
ORD-2023-013573,CUST-02261,2023-05-07,0.132,1
ORD-2023-013574,CUST-00379,2023-05-07,0.051,4
ORD-2023-013575,CUST-00989,2023-05-09,0.0947,3
ORD-2023-013576,CUST-01301,2023-05-09,0.0762,1
ORD-2023-013577,CUST-01149,2023-05-11,0.0328,2
ORD-2023-013578,CUST-01610,2023-05-05,0.1318,1
ORD-2023-013579,CUST-01165,2023-05-29,0.2251,1
ORD-2023-013580,CUST-01252,2023-05-17,0.0297,3
ORD-2023-013581,CUST-01783,2023-05-13,0.0077,1
ORD-2023-013582,CUST-00194,2023-05-14,0.2109,1
ORD-2023-013583,CUST-01666,2023-05-19,0.1464,1
ORD-2023-013584,CUST-01431,2023-05-16,0.1191,1
ORD-2023-013585,CUST-01286,2023-05-29,0.0685,1
ORD-2023-013586,CUST-00699,2023-05-18,0.0629,3
ORD-2023-013587,,2023-05-28,0.0245,1
ORD-2023-013588,CUST-00291,2023-05-22,0.049,1
ORD-2023-013589,CUST-00354,2023-05-02,0.2093,2
ORD-2023-013590,CUST-00466,2023-05-25,0.0428,2
ORD-2023-013591,CUST-00181,2023-05-12,0.0709,2
ORD-2023-013592,CUST-01256,2023-05-11,0.136,1
ORD-2023-013593,CUST-01525,2023-05-28,0.035,1
ORD-2023-013594,CUST-02404,2023-05-22,0.0527,1
ORD-2023-013595,CUST-01151,2023-05-14,0.0658,2
ORD-2023-013596,CUST-00600,2023-05-14,0.0663,1
ORD-2023-013597,CUST-00531,2023-05-31,0.0176,1
ORD-2023-013598,CUST-00463,2023-05-02,0.1192,1
ORD-2023-013599,CUST-00891,2023-05-15,0.0901,2
ORD-2023-013600,CUST-00386,2023-05-27,0.1367,3
ORD-2023-013601,CUST-00352,2023-05-16,0.0659,1
ORD-2023-013602,CUST-00027,2023-05-16,0.0683,3
ORD-2023-013603,CUST-00690,2023-05-10,0.035,2
ORD-2023-013604,CUST-00053,2023-05-13,0.0317,1
ORD-2023-013605,CUST-00460,2023-05-07,0.1498,3
ORD-2023-013606,CUST-00916,2023-05-19,0.3644,1
ORD-2023-013607,CUST-00187,2023-05-16,0.0611,1
ORD-2023-013608,CUST-00814,2023-05-08,0.0415,2
ORD-2023-013609,CUST-01508,2023-05-17,0.0094,1
ORD-2023-013610,CUST-00487,2023-05-22,0.0712,1
ORD-2023-013611,CUST-00003,2023-05-01,0.1284,1
ORD-2023-013612,CUST-01558,2023-05-11,0.1654,1
ORD-2023-013613,CUST-01410,2023-05-08,0.1857,3
ORD-2023-013614,CUST-02300,2023-05-31,0.0975,1
ORD-2023-013615,CUST-01356,2023-05-03,0.0174,1
ORD-2023-013616,CUST-00304,2023-05-17,0.4932,1
ORD-2023-013617,CUST-00396,2023-05-15,0.4989,1
ORD-2023-013618,CUST-00140,2023-05-06,0.0404,1
ORD-2023-013619,CUST-00088,2023-05-11,0.205,3
ORD-2023-013620,CUST-02358,2023-05-23,0.0329,2
ORD-2023-013621,CUST-01186,2023-05-03,0.032,3
ORD-2023-013622,CUST-00579,2023-05-12,0.0723,5
ORD-2023-013623,CUST-01795,2023-05-01,0.1806,2
ORD-2023-013624,CUST-00820,2023-05-26,0.1373,1
ORD-2023-013625,CUST-01715,2023-05-30,0.0707,2
ORD-2023-013626,CUST-01411,2023-05-16,0.1754,2
ORD-2023-013627,CUST-00532,2023-05-05,0.1036,1
ORD-2023-013628,CUST-00786,2023-05-21,0.0356,3
ORD-2023-013629,CUST-01496,2023-05-26,0.0533,3
ORD-2023-013630,CUST-01918,2023-05-25,0.1066,1
ORD-2023-013631,CUST-00038,2023-05-14,0.3204,2
ORD-2023-013632,CUST-00946,2023-05-17,0.1241,2
ORD-2023-013633,CUST-00766,2023-05-20,0.1798,1
ORD-2023-013634,CUST-01730,2023-05-15,0.058,2
ORD-2023-013635,CUST-01656,2023-05-13,0.3638,2
ORD-2023-013636,CUST-02016,2023-05-24,0.0227,2
ORD-2023-013637,CUST-01415,2023-05-07,0.3866,1
ORD-2023-013638,CUST-02246,2023-05-08,0.0102,1
ORD-2023-013639,CUST-02457,2023-05-31,0.1397,2
ORD-2023-013640,CUST-01305,2023-05-05,0.0552,1
ORD-2023-013641,CUST-00065,2023-05-10,0.0213,1
ORD-2023-013642,CUST-00550,2023-05-14,0.3236,3
ORD-2023-013643,CUST-00543,2023-05-24,0.3574,1
ORD-2023-013644,CUST-01650,2023-05-05,0.0278,4
ORD-2023-013645,CUST-01466,2023-05-21,0.2313,1
ORD-2023-013646,CUST-00482,2023-05-20,0.0564,4
ORD-2023-013647,CUST-00349,2023-05-04,0.0358,3
ORD-2023-013648,CUST-00641,2023-05-09,0.0632,2
ORD-2023-013649,CUST-00373,2023-05-09,0.5189,1
ORD-2023-013650,CUST-02314,2023-05-30,0.1246,1
ORD-2023-013651,CUST-00239,2023-05-24,0.2113,1
ORD-2023-013652,CUST-00990,2023-05-12,0.1697,1
ORD-2023-013653,CUST-01102,2023-05-03,0.0682,1
ORD-2023-013654,CUST-01542,2023-05-04,0.282,1
ORD-2023-013655,CUST-00907,2023-05-12,0.3517,2
ORD-2023-013656,CUST-00956,2023-05-06,0.3003,1
ORD-2023-013657,CUST-01909,2023-05-17,0.1135,3
ORD-2023-013658,CUST-01105,2023-05-15,0.0283,1
ORD-2023-013659,CUST-00949,2023-05-30,0.0823,1
ORD-2023-013660,CUST-01985,2023-05-24,0.0509,1
ORD-2023-013661,CUST-01607,2023-05-24,0.1893,1
ORD-2023-013662,CUST-00196,2023-05-07,0.1914,1
ORD-2023-013663,CUST-00072,2023-05-28,0.0331,1
ORD-2023-013664,CUST-01579,2023-05-07,0.1561,1
ORD-2023-013665,CUST-00872,2023-05-23,0.0647,1
ORD-2023-013666,CUST-01704,2023-05-17,0.0399,1
ORD-2023-013667,CUST-01855,2023-05-21,0.1489,1
ORD-2023-013668,CUST-01519,2023-05-21,0.197,2
ORD-2023-013669,CUST-01199,2023-05-08,0.1368,1
ORD-2023-013670,CUST-02167,2023-05-31,0.0452,2
ORD-2023-013671,CUST-01201,2023-05-14,0.34,2
ORD-2023-013672,CUST-02312,2023-05-04,0.2415,3
ORD-2023-013673,CUST-01956,2023-05-14,0.364,3
ORD-2023-013674,CUST-00912,2023-05-26,0.3862,1
ORD-2023-013675,CUST-00150,2023-05-03,0.1822,1
ORD-2023-013676,CUST-00821,2023-05-28,0.0551,1
ORD-2023-013677,CUST-01510,2023-05-20,0.129,1
ORD-2023-013678,CUST-00676,2023-05-12,0.55,1
ORD-2023-013679,CUST-00986,2023-05-20,0.264,3
ORD-2023-013680,CUST-00895,2023-05-12,0.1076,1
ORD-2023-013681,CUST-01314,2023-05-10,0.0815,2
ORD-2023-013682,CUST-00722,2023-05-30,0.3627,3
ORD-2023-013683,CUST-01958,2023-05-29,0.0964,3
ORD-2023-013684,CUST-01156,2023-05-25,0.182,1
ORD-2023-013685,CUST-01780,2023-05-17,0.0092,2
ORD-2023-013686,CUST-00260,2023-05-10,0.1181,1
ORD-2023-013687,CUST-01084,2023-05-02,0.3426,1
ORD-2023-013688,CUST-00920,2023-05-05,0.1261,1
ORD-2023-013689,CUST-00096,2023-05-21,0.0919,1
ORD-2023-013690,CUST-00471,2023-05-06,0.55,1
ORD-2023-013691,CUST-01355,2023-05-05,0.0428,3
ORD-2023-013692,CUST-00280,2023-05-28,0.0514,2
ORD-2023-013693, CUST-00882 ,2023-05-28,0.1478,1
ORD-2023-013694,CUST-00045,2023-05-16,0.3876,2
ORD-2023-013695,CUST-01660,2023-05-29,0.0867,3
ORD-2023-013696,CUST-00199,2023-05-27,0.0259,1
ORD-2023-013697,CUST-00980,2023-05-11,0.0765,2
ORD-2023-013698,CUST-01314,2023-05-06,0.0757,1
ORD-2023-013699,CUST-01063,2023-05-07,0.4734,1
ORD-2023-013700,CUST-01907,2023-05-08,0.0849,2
ORD-2023-013701,CUST-01537,2023-05-03,0.2044,2
ORD-2023-013702,CUST-00062,2023-05-03,0.0538,1
ORD-2023-013703,CUST-01160,2023-05-14,0.1764,1
ORD-2023-013704,CUST-00683,2023-05-09,0.0945,1
ORD-2023-013705,CUST-00770,2023-05-01,0.0501,1
ORD-2023-013706,CUST-00505,2023-05-29,0.0933,2
ORD-2023-013707,CUST-01243,2023-05-21,0.1696,1
ORD-2023-013708,CUST-01885,2023-05-31,0.103,1
ORD-2023-013709,CUST-01173,2023-05-13,0.0506,2
ORD-2023-013710,CUST-00074,2023-05-06,0.2742,3
ORD-2023-013711,CUST-00473,2023-05-15,0.0675,5
ORD-2023-013712,CUST-01400,2023-05-23,0.0784,1
ORD-2023-013713,CUST-01847,2023-05-22,0.075,2
ORD-2023-013714,CUST-01997,2023-05-25,0.1554,1
ORD-2023-013715,CUST-01983,2023-05-12,0.029,1
ORD-2023-013716,CUST-02082,2023-05-02,0.0396,2
ORD-2023-013717,CUST-01293,2023-05-19,0.2441,1
ORD-2023-013718,CUST-00193,2023-05-19,0.2863,2
ORD-2023-013719,CUST-00270,2023-05-30,0.1686,1
ORD-2023-013720,CUST-01157,2023-05-19,0.55,1
ORD-2023-013721,CUST-00155,2023-05-30,0.0475,1
ORD-2023-013722,CUST-01316,2023-05-09,0.0222,3
ORD-2023-013723,CUST-01431,2023-05-01,0.0776,1
ORD-2023-013724,CUST-00228,2023-05-07,0.0201,1
ORD-2023-013725,CUST-01584,2023-05-24,0.0415,2
ORD-2023-013726,CUST-00871,2023-05-05,0.1495,1
ORD-2023-013727,CUST-00099,2023-05-03,0.0648,1
ORD-2023-013728,CUST-00660,2023-05-03,0.3418,1
ORD-2023-013729,CUST-01845,2023-05-26,0.0897,2
ORD-2023-013730,CUST-01710,2023-05-03,0.0295,1
ORD-2023-013731,CUST-00984,2023-05-13,0.271,2
ORD-2023-013732,CUST-01084,2023-05-13,0.4226,1
ORD-2023-013733,CUST-01944,2023-05-08,0.216,1
ORD-2023-013734,CUST-00097,2023-05-23,0.1038,1
ORD-2023-013735,CUST-00752,2023-05-24,0.1041,4
ORD-2023-013736,CUST-00669,2023-05-27,0.3737,1
ORD-2023-013737,CUST-00420,2023-05-15,0.1953,2
ORD-2023-013738,CUST-01089,2023-05-16,0.0266,2
ORD-2023-013739,CUST-01037,2023-05-05,0.0534,1
ORD-2023-013740,CUST-01732,2023-05-19,0.2185,1
ORD-2023-013741,CUST-00464,2023-05-26,0.0115,1
ORD-2023-013742,CUST-01598,2023-05-28,0.1417,1
ORD-2023-013743,CUST-00003,2023-05-29,0.0465,2
ORD-2023-013744,CUST-01795,2023-05-07,0.5066,1
ORD-2023-013745,CUST-01895,2023-05-29,0.0788,1
ORD-2023-013746,CUST-00820,2023-05-21,0.0226,1
ORD-2023-013747,CUST-00743,2023-05-07,0.1861,2
ORD-2023-013748,CUST-00994,2023-05-31,0.096,1
ORD-2023-013749,CUST-00486,2023-05-20,0.1017,1
ORD-2023-013750,CUST-01531,2023-05-08,0.1082,1
ORD-2023-013751,CUST-01837,2023-05-23,0.0248,2
ORD-2023-013752,CUST-00620,2023-05-17,0.3029,3
ORD-2023-013753,CUST-00483,2023-05-31,0.2156,1
ORD-2023-013754,CUST-01620,2023-05-07,0.3639,1
ORD-2023-013755,CUST-02067,2023-05-19,0.0805,2
ORD-2023-013756,CUST-01222,2023-05-31,0.1729,1
ORD-2023-013757,CUST-00059,2023-05-24,0.0597,4
ORD-2023-013758,CUST-02349,2023-05-29,0.1205,2
ORD-2023-013759,CUST-00017,2023-05-04,0.0978,1
ORD-2023-013760,CUST-00571,2023-05-13,0.0457,1
ORD-2023-013761,CUST-00028,2023-05-21,0.2609,1
ORD-2023-013762,CUST-00561,2023-05-22,0.1731,1
ORD-2023-013763,CUST-02131,2023-05-02,0.0519,3
ORD-2023-013764,CUST-00748,2023-05-10,0.196,1
ORD-2023-013765,CUST-00910,2023-05-31,0.24,1
ORD-2023-013766,CUST-01934,2023-05-12,0.0949,1
ORD-2023-013767,CUST-01969,2023-05-02,0.2967,1
ORD-2023-013768,CUST-02343,2023-05-14,0.1248,1
ORD-2023-013769,CUST-00383,2023-05-18,0.5049,1
ORD-2023-013770,CUST-01631,2023-05-12,0.0386,4
ORD-2023-013771,CUST-00830,2023-05-21,0.143,3
ORD-2023-013772,CUST-01725,2023-05-16,0.0571,1
ORD-2023-013773,CUST-00480,2023-05-09,0.0953,4
ORD-2023-013774,CUST-00072,2023-05-13,0.1426,1
ORD-2023-013775,CUST-01323,2023-05-27,0.194,1
ORD-2023-013776,CUST-01050,2023-05-22,0.0342,2
ORD-2023-013777,CUST-00069,2023-05-31,0.0446,1
ORD-2023-013778,CUST-01177,2023-05-18,0.0422,2
ORD-2023-013779,CUST-01401,2023-05-02,0.1136,1
ORD-2023-013780,CUST-00820,2023-05-18,0.0453,1
ORD-2023-013781,CUST-01541,2023-05-04,0.2451,1
ORD-2023-013782,CUST-01416,2023-05-11,0.0474,1
ORD-2023-013783,CUST-00245,2023-05-20,0.0511,1
ORD-2023-013784,CUST-00371,2023-05-23,0.0096,2
ORD-2023-013785,CUST-01275,2023-05-05,0.1534,1
ORD-2023-013786,CUST-02001,2023-05-09,0.0398,1
ORD-2023-013787,CUST-00856,2023-05-28,0.352,2
ORD-2023-013788,CUST-00168,2023-05-14,0.0502,1
ORD-2023-013789,CUST-00365,2023-05-16,0.0433,1
ORD-2023-013790,CUST-01773,2023-05-27,0.1168,2
ORD-2023-013791,CUST-00872,2023-05-04,0.0203,1
ORD-2023-013792,CUST-01683,2023-05-02,0.0686,2
ORD-2023-013793,CUST-00153,2023-05-29,0.0174,2
ORD-2023-013794,CUST-00755,2023-05-19,0.3813,1
ORD-2023-013795,CUST-00079,2023-05-01,0.1656,1
ORD-2023-013796,CUST-00415,2023-05-04,0.2633,1
ORD-2023-013797,CUST-00277,2023-05-19,0.1105,1
ORD-2023-013798,CUST-01085,2023-05-28,0.1269,2
ORD-2023-013799,CUST-01435,2023-05-18,0.1789,2
ORD-2023-013800,CUST-00608,2023-05-02,0.0496,1
ORD-2023-013801,CUST-00395,2023-05-15,0.2459,1
ORD-2023-013802,CUST-01112,2023-05-25,0.2807,1
ORD-2023-013803,CUST-00474,2023-05-31,0.1482,4
ORD-2023-013804,CUST-00157,2023-05-28,0.3238,1
ORD-2023-013805,CUST-01190,2023-05-25,0.2354,3
ORD-2023-013806,CUST-00490,2023-05-18,0.0292,1
ORD-2023-013807,CUST-00277,2023-05-20,0.1102,2
ORD-2023-013808,CUST-01606,2023-05-24,0.2163,2
ORD-2023-013809,CUST-00803,2023-05-08,0.0181,3
ORD-2023-013810,CUST-01616,2023-05-03,0.0671,2
ORD-2023-013811,CUST-00502,2023-05-24,0.2612,1
ORD-2023-013812,CUST-01065,2023-05-31,0.1132,1
ORD-2023-013813,CUST-00084,2023-05-11,0.0803,1
ORD-2023-013814,CUST-01969,2023-05-22,0.2777,3
ORD-2023-013815,CUST-02219,2023-05-27,0.1366,1
ORD-2023-013816,CUST-00840,2023-05-05,0.0846,1
ORD-2023-013817,CUST-00077,2023-05-22,0.0388,3
ORD-2023-013818,CUST-00618,2023-05-01,0.0134,1
ORD-2023-013819,CUST-01793,2023-05-24,0.0935,1
ORD-2023-013820,CUST-00299,2023-05-02,0.135,2
ORD-2023-013821,CUST-00428,2023-05-23,0.3355,1
ORD-2023-013822,CUST-01619,2023-05-06,0.0487,2
ORD-2023-013823,CUST-01375,2023-05-28,0.0418,1
ORD-2023-013824,CUST-00069,2023-05-06,0.0353,2
ORD-2023-013825,CUST-00293,2023-05-20,0.2115,2
ORD-2023-013826,CUST-00247,2023-05-14,0.2002,3
ORD-2023-013827,CUST-00339,2023-05-14,0.0999,1
ORD-2023-013828,CUST-01414,2023-05-08,0.0193,3
ORD-2023-013829,CUST-01784,2023-05-17,0.0232,2
ORD-2023-013830,CUST-01880,2023-05-29,0.2439,2
ORD-2023-013831,CUST-00227,2023-05-15,0.0454,4
ORD-2023-013832,CUST-00077,2023-05-07,0.0158,1
ORD-2023-013833,CUST-00797,2023-05-04,0.0956,1
ORD-2023-013834,CUST-00167,2023-05-28,0.2204,1
ORD-2023-013835,CUST-00390,2023-05-01,0.0187,1
ORD-2023-013836,CUST-00669,2023-05-14,0.0394,1
ORD-2023-013837,CUST-01335,2023-05-06,0.0716,3
ORD-2023-013838,CUST-01513,2023-05-22,0.1032,1
ORD-2023-013839,CUST-00446,2023-05-29,0.0529,2
ORD-2023-013840,CUST-00846,2023-05-31,0.1507,1
ORD-2023-013841,CUST-01873,2023-05-31,0.3669,2
ORD-2023-013842,CUST-01346,2023-05-18,0.1455,1
ORD-2023-013843,CUST-00153,2023-05-23,0.0164,1
ORD-2023-013844,CUST-00155,2023-05-07,0.0785,1
ORD-2023-013845,CUST-02369,2023-05-11,0.0723,1
ORD-2023-013846,CUST-00772,2023-05-04,0.2479,1
ORD-2023-013847,CUST-00415,2023-05-19,0.1442,1
ORD-2023-013848,CUST-00973,2023-05-07,0.0304,1
ORD-2023-013849,CUST-00781,2023-05-03,0.0387,2
ORD-2023-013850,CUST-01413,2023-05-02,0.1979,1
ORD-2023-013851,CUST-01043,2023-05-10,0.1253,1
ORD-2023-013852,CUST-01357,2023-05-31,0.0663,3
ORD-2023-013853,CUST-01868,2023-05-05,0.37,2
ORD-2023-013854,CUST-00987,2023-05-24,0.1891,1
ORD-2023-013855,CUST-01496,2023-05-15,0.1732,2
ORD-2023-013856,CUST-00997,2023-05-03,0.216,1
ORD-2023-013857,CUST-01819,2023-05-19,0.1915,3
ORD-2023-013858,CUST-00923,2023-05-15,0.2216,2
ORD-2023-013859,CUST-00617,2023-05-19,0.0877,2
ORD-2023-013860,CUST-02020,2023-05-13,0.0494,2
ORD-2023-013861,CUST-01042,2023-05-23,0.2707,1
ORD-2023-013862,CUST-01526,2023-05-04,0.2452,3
ORD-2023-013863,CUST-01433,2023-05-19,0.0415,1
ORD-2023-013864,CUST-01478,2023-05-20,0.0768,3
ORD-2023-013865,CUST-00200,2023-05-13,0.0954,2
ORD-2023-013866,CUST-00837,2023-05-23,0.0057,1
ORD-2023-013867,CUST-02166,2023-05-19,0.1378,2
ORD-2023-013868,CUST-01039,2023-05-26,0.0807,2
ORD-2023-013869,CUST-00224,2023-05-25,0.1395,1
ORD-2023-013870,CUST-00640,2023-05-23,0.146,1
ORD-2023-013871,CUST-00190,2023-05-08,0.0223,1
ORD-2023-013872,CUST-00861,2023-05-12,0.109,3
ORD-2023-013873,CUST-00294,2023-05-12,0.1053,1
ORD-2023-013874,CUST-01791,2023-05-07,0.2345,2
ORD-2023-013875,CUST-00900,2023-05-29,0.1838,1
ORD-2023-013876,CUST-01910,2023-05-08,0.0529,2
ORD-2023-013877,CUST-01415,2023-05-19,0.5485,1
ORD-2023-013878,CUST-01042,2023-05-21,0.1763,2
ORD-2023-013879,CUST-00412,2023-05-08,0.088,2
ORD-2023-013880,CUST-01007,2023-05-17,0.0216,1
ORD-2023-013881,CUST-00713,2023-05-02,0.1083,1
ORD-2023-013882,CUST-01740,2023-05-28,0.0385,2
ORD-2023-013883,CUST-01277,2023-05-09,0.1061,2
ORD-2023-013884,CUST-00712,2023-05-16,0.3878,1
ORD-2023-013885,CUST-00988,2023-05-25,0.1312,1
ORD-2023-013886,CUST-01146,2023-05-31,0.329,3
ORD-2023-013887,CUST-00157,2023-05-27,0.3554,2
ORD-2023-013888,CUST-01001,2023-05-21,0.2022,1
ORD-2023-013889,CUST-00699,2023-05-20,0.139,1
ORD-2023-013890,CUST-01732,2023-05-24,0.0647,1
ORD-2023-013891,CUST-00723,2023-05-14,0.0236,2
ORD-2023-013892,CUST-01588,2023-05-07,0.0774,4
ORD-2023-013893,CUST-02049,2023-05-01,0.145,1
ORD-2023-013894,CUST-00961,2023-05-05,0.0531,2
ORD-2023-013895,CUST-00842,2023-05-22,0.1587,1
ORD-2023-013896,CUST-01214,2023-05-25,0.1141,3
ORD-2023-013897,CUST-00826,2023-05-23,0.2379,3
ORD-2023-013898,CUST-00625,2023-05-13,0.1458,1
ORD-2023-013899,CUST-00123,2023-05-09,0.1435,2
ORD-2023-013900,CUST-00910,2023-05-01,0.086,3
ORD-2023-013901,CUST-00686,2023-05-29,0.0586,1
ORD-2023-013902,CUST-01667,2023-05-22,0.55,1
ORD-2023-013903,CUST-00182,2023-05-31,0.0708,1
ORD-2023-013904,CUST-00095,2023-05-29,0.0738,1
