OrderID,CustomerID,OrderDate,OrderDiscountPct,BasketItemCount
ORD-2025-039063,CUST-13246,2025-10-27,0.3647,1
ORD-2025-039064,CUST-13247,2025-10-30,0.3478,1
ORD-2025-039065,CUST-13248,2025-10-22,0.0864,1
ORD-2025-039066,CUST-13249,2025-10-15,0.3919,1
ORD-2025-039067,CUST-13250,2025-10-22,0.2386,1
ORD-2025-039068,CUST-13251,2025-10-20,0.0862,1
ORD-2025-039069,CUST-13252,2025-10-23,0.4241,1
ORD-2025-039070,CUST-13253,2025-10-18,0.2597,1
ORD-2025-039071,,2025-10-31,0.1695,1
ORD-2025-039072,CUST-13255,2025-10-16,0.55,1
ORD-2025-039073,CUST-13256,2025-10-30,0.4438,2
ORD-2025-039074,CUST-13257,2025-10-30,0.2233,2
ORD-2025-039075,CUST-13258,2025-10-22,0.0697,2
ORD-2025-039076,CUST-13259,2025-10-25,0.188,1
ORD-2025-039077,CUST-13260,2025-10-26,0.0621,1
ORD-2025-039078,CUST-13261,2025-10-26,0.1633,1
ORD-2025-039079,CUST-13262,2025-10-21,0.1654,2
ORD-2025-039080,CUST-13263,2025-10-24,0.055,1
ORD-2025-039081,CUST-13264,2025-10-24,0.1038,1
ORD-2025-039082,CUST-13265,2025-10-30,0.1134,1
ORD-2025-039083,CUST-13266,2025-10-28,0.0147,2
ORD-2025-039084,CUST-13267,2025-10-28,0.2613,1
ORD-2025-039085,CUST-13268,2025-10-26,0.4229,1
ORD-2025-039086,CUST-13269,2025-10-28,0.0987,2
ORD-2025-039087,CUST-13270,2025-10-18,0.2413,1
ORD-2025-039088,CUST-13271,2025-10-28,0.4036,1
ORD-2025-039089,CUST-13272,2025-10-28,0.0944,2
ORD-2025-039090,CUST-13273,2025-10-31,0.55,1
ORD-2025-039091,CUST-13274,2025-10-15,0.1955,1
ORD-2025-039092,CUST-13275,2025-10-24,0.1813,3
ORD-2025-039093,CUST-13276,2025-10-27,0.4353,1
ORD-2025-039094,CUST-13277,2025-10-11,0.3365,1
ORD-2025-039095,CUST-13278,2025-10-18,0.55,1
ORD-2025-039096,CUST-13279,2025-10-27,0.0543,2
ORD-2025-039097,CUST-13280,2025-10-31,0.5299,2
ORD-2025-039098,CUST-13281,2025-10-22,0.1535,3
ORD-2025-039099,CUST-13282,2025-10-23,0.2899,1
ORD-2025-039100,CUST-13283,2025-10-30,0.0518,1
ORD-2025-039101,CUST-13284,2025-10-09,0.1008,1
ORD-2025-039102,CUST-13285,2025-10-28,0.0514,3
ORD-2025-039103,CUST-13286,2025-10-18,0.0082,1
ORD-2025-039104,CUST-13287,2025-10-31,0.0108,2
ORD-2025-039105,CUST-13288,2025-10-20,0.1553,2
ORD-2025-039106,CUST-13289,2025-10-29,0.0186,1
ORD-2025-039107,CUST-13290,2025-10-12,0.0939,1
ORD-2025-039108,CUST-13291,2025-10-17,0.1259,1
ORD-2025-039109,CUST-13292,2025-10-28,0.0182,1
ORD-2025-039110,CUST-13293,2025-10-28,0.2761,2
ORD-2025-039111,CUST-13294,2025-10-26,0.1463,2
ORD-2025-039112,CUST-13295,2025-10-26,0.2036,1
ORD-2025-039113,CUST-13296,2025-10-31,0.3648,2
ORD-2025-039114,CUST-13297,2025-10-17,0.2513,1
ORD-2025-039115,CUST-13298,2025-10-31,0.1721,4
ORD-2025-039116,CUST-13299,2025-10-16,0.141,3
ORD-2025-039117,CUST-13300,2025-10-20,0.516,1
ORD-2025-039118,CUST-13301,2025-10-03,0.55,1
ORD-2025-039119,CUST-13302,2025-10-27,0.0938,1
ORD-2025-039120,CUST-13303,2025-10-20,0.2131,1
ORD-2025-039121,CUST-13304,2025-10-31,0.3354,2
ORD-2025-039122,CUST-13305,2025-10-17,0.1814,1
ORD-2025-039123,CUST-13306,2025-10-21,0.0833,1
ORD-2025-039124,CUST-13307,2025-10-09,0.2224,1
ORD-2025-039125,CUST-13308,2025-10-30,0.1026,2
ORD-2025-039126,CUST-13309,2025-10-30,0.1538,1
ORD-2025-039127,CUST-13310,2025-10-28,0.2565,2
ORD-2025-039128,CUST-13311,2025-10-31,0.0288,1
ORD-2025-039129,CUST-13312,2025-10-30,0.4155,2
ORD-2025-039130,CUST-13313,2025-10-25,0.4957,1
ORD-2025-039131,CUST-13314,2025-10-31,0.157,1
ORD-2025-039132,CUST-13315,2025-10-23,0.0358,1
ORD-2025-039133,CUST-13316,2025-10-26,0.4475,1
ORD-2025-039134,CUST-13317,2025-10-31,0.0595,3
ORD-2025-039135,CUST-13318,2025-10-28,0.0341,3
ORD-2025-039136,CUST-13319,2025-10-28,0.2004,1
ORD-2025-039137,CUST-13320,2025-10-12,0.0874,2
ORD-2025-039138,CUST-13321,2025-10-11,0.0539,2
ORD-2025-039139,CUST-13322,2025-10-24,0.1055,1
ORD-2025-039140,CUST-13323,2025-10-24,0.1852,1
ORD-2025-039141,CUST-13324,2025-10-31,0.2265,3
ORD-2025-039142,CUST-13325,2025-10-31,0.2903,2
ORD-2025-039143,CUST-13326,2025-10-08,0.0585,2
ORD-2025-039144,CUST-13327,2025-10-29,0.2373,3
ORD-2025-039145,CUST-13328,2025-10-28,0.5005,1
ORD-2025-039146,CUST-13329,2025-10-23,0.0943,2
ORD-2025-039147,CUST-13330,2025-10-29,0.3563,2
ORD-2025-039148,CUST-13331,2025-10-31,0.024,2
ORD-2025-039149,CUST-13332,2025-10-24,0.329,1
ORD-2025-039150,CUST-13333,2025-10-31,0.5237,1
ORD-2025-039151,CUST-13334,2025-10-20,0.3304,1
ORD-2025-039152,CUST-13335,2025-10-27,0.3306,1
ORD-2025-039153,CUST-13336,2025-10-30,0.2594,2
ORD-2025-039154,CUST-13337,2025-10-18,0.31,1
ORD-2025-039155,,2025-10-25,0.55,1
ORD-2025-039156,CUST-13339,2025-10-26,0.0778,2
ORD-2025-039157,CUST-13340,2025-10-28,0.0199,1
ORD-2025-039158,CUST-13341,2025-10-21,0.0671,1
ORD-2025-039159,CUST-13342,2025-10-28,0.198,1
ORD-2025-039160,CUST-13343,2025-10-16,0.4848,1
ORD-2025-039161,CUST-13344,2025-10-16,0.5062,1
ORD-2025-039162,CUST-13345,2025-10-06,0.2926,2
ORD-2025-039163,CUST-13346,2025-10-23,0.0057,1
ORD-2025-039164,CUST-13347,2025-10-26,0.3108,2
ORD-2025-039165,CUST-13348,2025-10-29,0.1749,1
ORD-2025-039166,CUST-13349,2025-10-24,0.1212,1
ORD-2025-039167,CUST-13350,2025-10-16,0.1313,2
ORD-2025-039168,CUST-13351,2025-10-31,0.3268,2
ORD-2025-039169,CUST-13352,2025-10-28,0.1795,2
ORD-2025-039170,CUST-13353,2025-10-29,0.4663,1
ORD-2025-039171,CUST-13354,2025-10-23,0.0862,1
ORD-2025-039172,CUST-13355,2025-10-30,0.201,1
ORD-2025-039173,CUST-13356,2025-10-31,0.0754,1
ORD-2025-039174,CUST-13357,2025-10-21,0.2642,1
ORD-2025-039175,CUST-13358,2025-10-19,0.362,1
ORD-2025-039176,CUST-13359,2025-10-29,0.3494,2
ORD-2025-039177,CUST-13360,2025-10-18,0.1656,2
ORD-2025-039178,CUST-13361,2025-10-26,0.0287,1
ORD-2025-039179,CUST-13362,2025-10-24,0.1496,2
ORD-2025-039180,CUST-13363,2025-10-31,0.496,2
ORD-2025-039181,CUST-13364,2025-10-07,0.0895,1
ORD-2025-039182,CUST-13365,2025-10-26,0.2187,2
ORD-2025-039183,CUST-13366,2025-10-30,0.2078,2
ORD-2025-039184,CUST-13367,2025-10-31,0.4319,2
ORD-2025-039185,CUST-13368,2025-10-13,0.0152,1
ORD-2025-039186,CUST-13369,2025-10-22,0.018,3
ORD-2025-039187,CUST-13370,2025-10-24,0.3927,1
ORD-2025-039188,CUST-13371,2025-10-19,0.2006,2
ORD-2025-039189,CUST-13372,2025-10-12,0.1281,1
ORD-2025-039190,CUST-13373,2025-10-26,0.0756,3
ORD-2025-039191,CUST-13374,2025-10-13,0.2431,2
ORD-2025-039192,CUST-13375,2025-10-13,0.55,1
ORD-2025-039193,CUST-13376,2025-10-28,0.4077,2
ORD-2025-039194,CUST-13377,2025-10-10,0.0855,1
ORD-2025-039195,CUST-13378,2025-10-26,0.1201,1
ORD-2025-039196,CUST-13379,2025-10-29,0.2396,1
ORD-2025-039197,CUST-13380,2025-10-25,0.3013,2
ORD-2025-039198,CUST-13381,2025-10-13,0.2778,1
ORD-2025-039199,CUST-13382,2025-10-27,0.1156,3
ORD-2025-039200,CUST-13383,2025-10-20,0.0893,1
ORD-2025-039201,CUST-13384,2025-10-28,0.2508,1
ORD-2025-039202,CUST-13385,2025-10-31,0.0211,1
ORD-2025-039203,CUST-13386,2025-10-30,0.2787,1
ORD-2025-039204,CUST-13387,2025-10-14,0.2192,2
ORD-2025-039205,CUST-13388,2025-10-22,0.4481,1
ORD-2025-039206,CUST-13389,2025-10-24,0.1227,1
ORD-2025-039207,CUST-13390,2025-10-14,0.2889,1
ORD-2025-039208,CUST-13391,2025-10-12,0.5465,1
ORD-2025-039209,CUST-13392,2025-10-26,0.4536,2
ORD-2025-039210,CUST-13393,2025-10-09,0.1885,1
ORD-2025-039211,CUST-13394,2025-10-31,0.0941,3
ORD-2025-039212,CUST-13395,2025-10-19,0.1082,2
ORD-2025-039213,CUST-13396,2025-10-17,0.4747,1
ORD-2025-039214,CUST-13397,2025-10-26,0.1149,1
ORD-2025-039215,CUST-13398,2025-10-27,0.3024,1
ORD-2025-039216,CUST-13399,2025-10-08,0.0196,1
ORD-2025-039217,CUST-13400,2025-10-17,0.1354,2
ORD-2025-039218,CUST-13401,2025-10-11,0.5382,1
ORD-2025-039219,CUST-13402,2025-10-21,0.1232,5
ORD-2025-039220,CUST-13403,2025-10-25,0.0808,1
ORD-2025-039221,CUST-13404,2025-10-26,0.046,2
ORD-2025-039222,CUST-13405,2025-10-26,0.2253,1
ORD-2025-039223,CUST-13406,2025-10-31,0.2874,2
ORD-2025-039224,CUST-13407,2025-10-25,0.0849,2
ORD-2025-039225,CUST-13408,2025-10-30,0.0893,1
ORD-2025-039226,CUST-13409,2025-10-24,0.474,2
ORD-2025-039227,CUST-13410,2025-10-30,0.3128,3
ORD-2025-039228,CUST-13411,2025-10-30,0.0687,1
ORD-2025-039229,CUST-13412,2025-10-30,0.5384,1
ORD-2025-039230,CUST-13413,2025-10-17,0.0889,1
ORD-2025-039231,CUST-13414,2025-10-08,0.3642,1
ORD-2025-039232,CUST-13415,2025-10-26,0.1131,2
ORD-2025-039233,CUST-13416,2025-10-31,0.1338,1
ORD-2025-039234,CUST-13417,2025-10-22,0.55,2
ORD-2025-039235,CUST-13418,2025-10-23,0.2201,1
ORD-2025-039236,CUST-13419,2025-10-31,0.4019,1
ORD-2025-039237,CUST-13420,2025-10-10,0.3927,2
ORD-2025-039238,CUST-13421,2025-10-14,0.4716,1
ORD-2025-039239,CUST-13422,2025-10-27,0.3768,1
ORD-2025-039240,CUST-13423,2025-10-30,0.065,2
ORD-2025-039241,CUST-13424,2025-10-26,0.1391,1
ORD-2025-039242,CUST-13425,2025-10-28,0.0452,3
ORD-2025-039243,CUST-13426,2025-10-18,0.0359,1
ORD-2025-039244,CUST-13427,2025-10-29,0.55,2
ORD-2025-039245,CUST-13428,2025-10-17,0.1327,1
ORD-2025-039246,CUST-13429,2025-10-16,0.0292,1
ORD-2025-039247,CUST-13430,2025-10-13,0.0256,1
ORD-2025-039248,CUST-13431,2025-10-23,0.1112,3
ORD-2025-039249,CUST-13432,2025-10-20,0.1465,2
ORD-2025-039250,CUST-13433,2025-10-27,0.046,1
ORD-2025-039251,CUST-13434,2025-10-29,0.0268,1
ORD-2025-039252,CUST-13435,2025-10-10,0.1065,1
ORD-2025-039253,CUST-13436,2025-10-28,0.1004,1
ORD-2025-039254,CUST-13437,2025-10-11,0.2246,3
ORD-2025-039255,CUST-13438,2025-10-28,0.3884,1
ORD-2025-039256,CUST-13439,2025-10-31,0.0589,1
ORD-2025-039257,CUST-13440,2025-10-30,0.0233,2
ORD-2025-039258,CUST-13441,2025-10-22,0.4817,2
ORD-2025-039259,CUST-13442,2025-10-29,0.2942,3
ORD-2025-039260,CUST-13443,2025-10-31,0.0135,1
ORD-2025-039261,CUST-13444,2025-10-16,0.0218,1
ORD-2025-039262,CUST-13445,2025-10-23,0.55,1
ORD-2025-039263,CUST-13446,2025-10-30,0.2529,1
ORD-2025-039264,CUST-13447,2025-10-22,0.2108,1
ORD-2025-039265,CUST-13448,2025-10-10,0.2771,1
ORD-2025-039266,CUST-13449,2025-10-25,0.0291,1
ORD-2025-039267,CUST-13450,2025-10-18,0.4115,1
ORD-2025-039268,CUST-13451,2025-10-27,0.4486,2
ORD-2025-039269,CUST-13452,2025-10-21,0.136,1
ORD-2025-039270,CUST-13453,2025-10-21,0.1016,2
ORD-2025-039271,CUST-13454,2025-10-28,0.0503,2
ORD-2025-039272,CUST-13455,2025-10-31,0.1492,1
ORD-2025-039273,CUST-13456,2025-10-30,0.4528,2
ORD-2025-039274,CUST-13457,2025-10-22,0.0476,1
ORD-2025-039275,CUST-13458,2025-10-25,0.1401,1
ORD-2025-039276,CUST-13459,2025-10-12,0.3089,1
ORD-2025-039277,CUST-13460,2025-10-15,0.0866,2
ORD-2025-039278,CUST-13461,2025-10-18,0.3548,1
ORD-2025-039279,CUST-13462,2025-10-26,0.0914,1
ORD-2025-039280,CUST-13463,2025-10-27,0.3145,1
ORD-2025-039281,CUST-13464,2025-10-20,0.3082,1
ORD-2025-039282,CUST-13465,2025-10-21,0.0869,2
ORD-2025-039283,CUST-13466,2025-10-10,0.1219,1
ORD-2025-039284,CUST-13467,2025-10-21,0.3664,2
ORD-2025-039285,CUST-13468,2025-10-16,0.4773,1
ORD-2025-039286,CUST-13469,2025-10-27,0.2725,1
ORD-2025-039287,CUST-13470,2025-10-24,0.1606,3
ORD-2025-039288,CUST-13471,2025-10-31,0.222,1
ORD-2025-039289,CUST-13472,2025-10-16,0.55,1
ORD-2025-039290,CUST-13473,2025-10-25,0.1611,1
ORD-2025-039291,CUST-13474,2025-10-29,0.2713,2
ORD-2025-039292,CUST-13475,2025-10-30,0.202,1
ORD-2025-039293,CUST-13476,2025-10-28,0.1689,1
ORD-2025-039294,CUST-13477,2025-10-28,0.2239,1
ORD-2025-039295,CUST-13478,2025-10-31,0.1862,3
ORD-2025-039296,CUST-13479,2025-10-31,0.2999,1
ORD-2025-039297,CUST-13480,2025-10-29,0.3146,1
ORD-2025-039298,CUST-13481,2025-10-28,0.401,2
ORD-2025-039299,CUST-13482,2025-10-12,0.1268,1
ORD-2025-039300,CUST-13483,2025-10-28,0.2419,1
ORD-2025-039301,CUST-13484,2025-10-29,0.0535,3
ORD-2025-039302,CUST-13485,2025-10-29,0.3119,2
ORD-2025-039303,,2025-10-24,0.1288,2
ORD-2025-039304,CUST-13487,2025-10-31,0.235,3
ORD-2025-039305,CUST-13488,2025-10-31,0.0368,1
ORD-2025-039306,CUST-13489,2025-10-23,0.3684,1
ORD-2025-039307,CUST-13490,2025-10-31,0.3422,2
ORD-2025-039308,CUST-13491,2025-10-03,0.0363,2
ORD-2025-039309,CUST-13492,2025-10-16,0.4974,1
ORD-2025-039310,CUST-13493,2025-10-25,0.2177,1
ORD-2025-039311,CUST-13494,2025-10-31,0.3726,1
ORD-2025-039312,CUST-13495,2025-10-27,0.0874,1
ORD-2025-039313,CUST-13496,2025-10-31,0.1751,2
ORD-2025-039314,CUST-13497,2025-10-28,0.2414,2
ORD-2025-039315,CUST-13498,2025-10-23,0.1261,1
ORD-2025-039316,CUST-13499,2025-10-23,0.5132,1
ORD-2025-039317,CUST-13500,2025-10-22,0.3766,1
ORD-2025-039318,CUST-13501,2025-10-29,0.0355,1
ORD-2025-039319,CUST-13502,2025-10-15,0.1408,1
ORD-2025-039320,CUST-13503,2025-10-13,0.4792,1
ORD-2025-039321,CUST-13504,2025-10-31,0.1235,1
ORD-2025-039322,CUST-13505,2025-10-30,0.0439,1
ORD-2025-039323,CUST-13506,2025-10-30,0.2285,2
ORD-2025-039324,CUST-13507,2025-10-19,0.5342,1
ORD-2025-039325,CUST-13508,2025-10-29,0.0214,1
ORD-2025-039326,CUST-13509,2025-10-25,0.3657,2
ORD-2025-039327,CUST-13510,2025-10-19,0.2973,1
ORD-2025-039328,CUST-13511,2025-10-17,0.0102,2
ORD-2025-039329,CUST-13512,2025-10-25,0.5211,1
ORD-2025-039330,CUST-13513,2025-10-27,0.4005,1
ORD-2025-039331,CUST-13514,2025-10-29,0.1405,2
ORD-2025-039332,CUST-13515,2025-10-24,0.0335,3
ORD-2025-039333,CUST-13516,2025-10-27,0.0086,1
ORD-2025-039334,CUST-13517,2025-10-21,0.0684,1
ORD-2025-039335,CUST-13518,2025-10-29,0.0412,2
ORD-2025-039336,CUST-13519,2025-10-30,0.382,2
ORD-2025-039337,CUST-13520,2025-10-24,0.0159,1
ORD-2025-039338,CUST-13521,2025-10-21,0.55,1
ORD-2025-039339,CUST-13522,2025-10-30,0.0663,2
ORD-2025-039340,CUST-13523,2025-10-30,0.1085,4
ORD-2025-039341,CUST-13524,2025-10-26,0.1273,1
ORD-2025-039342,CUST-13525,2025-10-22,0.3125,2
ORD-2025-039343,CUST-13526,2025-10-26,0.0259,1
ORD-2025-039344,CUST-13527,2025-10-30,0.2165,2
ORD-2025-039345,CUST-13528,2025-10-23,0.0465,2
ORD-2025-039346,CUST-13529,2025-10-28,0.337,2
ORD-2025-039347,CUST-13530,2025-10-25,0.0711,1
ORD-2025-039348,CUST-13531,2025-10-26,0.0541,1
ORD-2025-039349,CUST-13532,2025-10-25,0.3195,1
ORD-2025-039350,CUST-13533,2025-10-31,0.55,2
ORD-2025-039351,CUST-13534,2025-10-16,0.442,2
ORD-2025-039352,CUST-13535,2025-10-30,0.018,2
ORD-2025-039353,CUST-13536,2025-10-23,0.1586,1
ORD-2025-039354,CUST-13537,2025-10-11,0.1691,2
ORD-2025-039355,CUST-13538,2025-10-30,0.2453,1
ORD-2025-039356,CUST-13539,2025-10-02,0.1759,1
ORD-2025-039357,CUST-13540,2025-10-27,0.0547,2
ORD-2025-039358,CUST-13541,2025-10-23,0.0328,1
ORD-2025-039359,CUST-13542,2025-10-29,0.0203,1
ORD-2025-039360,CUST-13543,2025-10-31,0.4484,1
ORD-2025-039361,CUST-13544,2025-10-21,0.2423,1
ORD-2025-039362,CUST-13545,2025-10-28,0.5162,2
ORD-2025-039363,CUST-13546,2025-10-02,0.1668,3
ORD-2025-039364,CUST-13547,2025-10-20,0.2603,2
ORD-2025-039365,CUST-13548,2025-10-31,0.0889,1
ORD-2025-039366,CUST-13549,2025-10-21,0.3716,2
ORD-2025-039367,CUST-13550,2025-10-28,0.1021,2
ORD-2025-039368,CUST-13551,2025-10-22,0.1558,1
ORD-2025-039369,CUST-13552,2025-10-30,0.119,1
ORD-2025-039370,CUST-13553,2025-10-26,0.1716,1
ORD-2025-039371,CUST-13554,2025-10-28,0.0277,1
ORD-2025-039372,CUST-13555,2025-10-31,0.0419,1
ORD-2025-039373,CUST-13556,2025-10-31,0.55,1
ORD-2025-039374,CUST-13557,2025-10-31,0.1723,2
ORD-2025-039375,CUST-13558,2025-10-16,0.0603,1
ORD-2025-039376,CUST-13559,2025-10-25,0.1332,1
ORD-2025-039377,CUST-13560,2025-10-20,0.2492,2
ORD-2025-039378,CUST-13561,2025-10-24,0.0701,3
ORD-2025-039379,CUST-13562,2025-10-16,0.1148,2
ORD-2025-039380,CUST-13563,2025-10-10,0.493,1
ORD-2025-039381,CUST-13564,2025-10-31,0.3808,2
ORD-2025-039382,CUST-13565,2025-10-30,0.1268,1
ORD-2025-039383,CUST-13566,2025-10-27,0.1778,1
ORD-2025-039384,CUST-13567,2025-10-31,0.0168,1
ORD-2025-039385,CUST-13568,2025-10-13,0.3699,1
ORD-2025-039386,CUST-13569,2025-10-15,0.0331,1
ORD-2025-039387,CUST-13570,2025-10-29,0.2985,2
ORD-2025-039388,CUST-08988,2025-10-09,0.0345,1
ORD-2025-039389,CUST-01715,2025-10-27,0.0209,2
ORD-2025-039390,CUST-12403,2025-10-24,0.0383,2
ORD-2025-039391,CUST-05098,2025-10-16,0.0496,3
ORD-2025-039392,CUST-10530,2025-10-11,0.0205,1
ORD-2025-039393,CUST-11603,2025-10-25,0.0235,2
ORD-2025-039394,CUST-00753,2025-10-04,0.0498,1
ORD-2025-039395,CUST-11507,2025-10-05,0.1458,1
ORD-2025-039396,CUST-08931,2025-10-31,0.091,2
ORD-2025-039397,CUST-00876,2025-10-22,0.1561,1
ORD-2025-039398,CUST-01503,2025-10-21,0.0593,1
ORD-2025-039399,CUST-04338,2025-10-11,0.0627,1
ORD-2025-039400,CUST-06797,2025-10-24,0.0551,3
ORD-2025-039401,CUST-13460,2025-10-14,0.1992,2
ORD-2025-039402,CUST-07970,2025-10-04,0.0052,2
ORD-2025-039403,CUST-00903,2025-10-27,0.0226,1
ORD-2025-039404,CUST-12253,2025-10-26,0.2069,2
ORD-2025-039405,CUST-06559,2025-10-20,0.4235,1
ORD-2025-039406,CUST-10510,2025-10-09,0.0414,3
ORD-2025-039407,CUST-05079,2025-10-17,0.0487,3
ORD-2025-039408,CUST-04760,2025-10-07,0.0641,1
ORD-2025-039409,CUST-10107,2025-10-15,0.0167,1
ORD-2025-039410,CUST-10253,2025-10-23,0.1436,2
ORD-2025-039411,CUST-01975,2025-10-15,0.1707,1
ORD-2025-039412,CUST-03387,2025-10-18,0.1534,1
ORD-2025-039413,CUST-04841,2025-10-16,0.0478,1
ORD-2025-039414,CUST-13226,2025-10-23,0.0093,1
ORD-2025-039415,CUST-11069,2025-10-06,0.0241,3
ORD-2025-039416,CUST-09320,2025-10-25,0.0129,2
ORD-2025-039417,CUST-11648,2025-10-18,0.29,3
ORD-2025-039418,CUST-06540,2025-10-19,0.06,1
ORD-2025-039419,CUST-06070,2025-10-05,0.1865,2
ORD-2025-039420,CUST-05053,2025-10-07,0.1216,2
ORD-2025-039421,CUST-05966,2025-10-18,0.029,1
ORD-2025-039422,CUST-06059,2025-10-07,0.1786,1
ORD-2025-039423,CUST-02576,2025-10-03,0.0957,2
ORD-2025-039424,CUST-02929,2025-10-30,0.5363,1
ORD-2025-039425,CUST-09513,2025-10-17,0.1199,2
ORD-2025-039426,CUST-02834,2025-10-25,0.0576,1
ORD-2025-039427,CUST-06790,2025-10-16,0.0293,1
ORD-2025-039428,CUST-01879,2025-10-19,0.1943,3
ORD-2025-039429,CUST-07804,2025-10-20,0.1481,3
ORD-2025-039430,CUST-01231,2025-10-26,0.0565,3
ORD-2025-039431,CUST-08030,2025-10-01,0.0145,1
ORD-2025-039432,CUST-12204,2025-10-14,0.0271,1
ORD-2025-039433,CUST-08355,2025-10-21,0.0132,2
ORD-2025-039434,CUST-10554,2025-10-04,0.0078,2
ORD-2025-039435,CUST-05400,2025-10-11,0.0463,1
ORD-2025-039436,CUST-10690,2025-10-24,0.1426,2
ORD-2025-039437,CUST-06913,2025-10-06,0.1343,1
ORD-2025-039438,CUST-11643,2025-10-27,0.1198,1
ORD-2025-039439,CUST-02527,2025-10-05,0.1928,1
ORD-2025-039440,CUST-08075,2025-10-02,0.0272,1
ORD-2025-039441,CUST-00986,2025-10-25,0.1901,1
ORD-2025-039442,CUST-02216,2025-10-06,0.1882,3
ORD-2025-039443,CUST-12252,2025-10-07,0.0864,2
ORD-2025-039444,CUST-01209,2025-10-05,0.222,1
ORD-2025-039445,CUST-07212,2025-10-17,0.093,1
ORD-2025-039446,CUST-04243,2025-10-12,0.4071,2
ORD-2025-039447,,2025-10-23,0.011,2
ORD-2025-039448,CUST-00462,2025-10-17,0.0657,1
ORD-2025-039449,CUST-00675,2025-10-27,0.3599,1
ORD-2025-039450,CUST-04892,2025-10-28,0.2127,1
ORD-2025-039451,CUST-12222,2025-10-26,0.0307,1
ORD-2025-039452,CUST-06487,2025-10-29,0.2022,2
ORD-2025-039453,CUST-08872,2025-10-28,0.0459,4
ORD-2025-039454,CUST-10278,2025-10-08,0.0101,1
ORD-2025-039455,CUST-04079,2025-10-31,0.1803,2
ORD-2025-039456,CUST-01999,2025-10-23,0.1147,2
ORD-2025-039457,CUST-09250,2025-10-21,0.0436,1
ORD-2025-039458,CUST-00462,2025-10-12,0.1251,1
ORD-2025-039459,CUST-09833,2025-10-23,0.0241,1
ORD-2025-039460,CUST-03035,2025-10-08,0.0827,2
ORD-2025-039461,CUST-07702,2025-10-09,0.1324,1
ORD-2025-039462,CUST-01584,2025-10-15,0.1028,1
ORD-2025-039463,CUST-08789,2025-10-31,0.132,1
ORD-2025-039464,CUST-03775,2025-10-28,0.1269,5
ORD-2025-039465,CUST-04335,2025-10-07,0.0537,1
ORD-2025-039466,,2025-10-31,0.2239,1
ORD-2025-039467,CUST-07139,2025-10-31,0.2122,1
ORD-2025-039468,CUST-04487,2025-10-23,0.0576,1
ORD-2025-039469,CUST-02014,2025-10-13,0.2487,1
ORD-2025-039470,CUST-02727,2025-10-23,0.0215,2
ORD-2025-039471,CUST-05229,2025-10-09,0.0559,2
ORD-2025-039472,CUST-10654,2025-10-17,0.129,3
ORD-2025-039473,CUST-00301,2025-10-15,0.1777,2
ORD-2025-039474,CUST-04332,2025-10-20,0.0886,1
ORD-2025-039475,CUST-12117,2025-10-09,0.0504,1
ORD-2025-039476,CUST-00976,2025-10-05,0.2504,1
ORD-2025-039477,CUST-03218,2025-10-09,0.3048,1
ORD-2025-039478,,2025-10-26,0.0974,1
ORD-2025-039479,CUST-07961,2025-10-24,0.2834,1
ORD-2025-039480,CUST-06157,2025-10-24,0.0316,1
ORD-2025-039481,CUST-10791,2025-10-24,0.079,1
ORD-2025-039482,CUST-12703,2025-10-22,0.0495,1
ORD-2025-039483,CUST-10648,2025-10-16,0.2149,1
ORD-2025-039484,CUST-12576,2025-10-23,0.55,1
ORD-2025-039485,CUST-09537,2025-10-23,0.0564,1
ORD-2025-039486,CUST-04564,2025-10-13,0.079,1
ORD-2025-039487,CUST-08691,2025-10-07,0.1275,4
ORD-2025-039488,CUST-05733,2025-10-25,0.0699,1
ORD-2025-039489,CUST-09996,2025-10-23,0.1474,1
ORD-2025-039490,CUST-09169,2025-10-08,0.0213,1
ORD-2025-039491,CUST-01418,2025-10-25,0.0253,1
ORD-2025-039492,CUST-06053,2025-10-22,0.1395,1
ORD-2025-039493,CUST-08877,2025-10-30,0.0699,2
ORD-2025-039494,CUST-04006,2025-10-28,0.1513,1
ORD-2025-039495,CUST-03854,2025-10-11,0.0051,1
ORD-2025-039496,CUST-08088,2025-10-09,0.0745,1
ORD-2025-039497,CUST-06384,2025-10-15,0.204,1
ORD-2025-039498,CUST-09387,2025-10-12,0.0255,2
ORD-2025-039499,CUST-11360,2025-10-02,0.1834,1
ORD-2025-039500,CUST-10107,2025-10-01,0.0102,1
ORD-2025-039501,CUST-12839,2025-10-30,0.0706,1
ORD-2025-039502,CUST-08472,2025-10-16,0.1006,3
ORD-2025-039503,CUST-08535,2025-10-19,0.2376,1
ORD-2025-039504,CUST-03213,2025-10-11,0.1014,1
ORD-2025-039505,CUST-11143,2025-10-27,0.1269,3
ORD-2025-039506,CUST-02246,2025-10-02,0.0647,3
ORD-2025-039507,CUST-04706,2025-10-11,0.0194,1
ORD-2025-039508,CUST-00863,2025-10-17,0.0354,1
ORD-2025-039509,CUST-13517,2025-10-24,0.0977,1
ORD-2025-039510,CUST-01630,2025-10-05,0.1198,2
ORD-2025-039511,CUST-10049,2025-10-10,0.1019,1
ORD-2025-039512,CUST-03094,2025-10-12,0.0988,2
ORD-2025-039513,CUST-07826,2025-10-21,0.295,1
ORD-2025-039514,CUST-05666,2025-10-19,0.0346,2
ORD-2025-039515,CUST-01923,2025-10-07,0.0113,1
ORD-2025-039516,CUST-02617,2025-10-22,0.0138,3
ORD-2025-039517,CUST-10458,2025-10-29,0.0454,1
ORD-2025-039518,CUST-07145,2025-10-02,0.0235,3
ORD-2025-039519,CUST-12006,2025-10-25,0.55,1
ORD-2025-039520,CUST-01520,2025-10-25,0.0431,2
ORD-2025-039521,CUST-01733,2025-10-16,0.1372,2
ORD-2025-039522,CUST-05168,2025-10-15,0.0449,2
ORD-2025-039523,CUST-06523,2025-10-25,0.0092,1
ORD-2025-039524,CUST-04172,2025-10-20,0.1774,2
ORD-2025-039525,CUST-09438,2025-10-22,0.0234,1
ORD-2025-039526,CUST-09916,2025-10-26,0.0058,1
ORD-2025-039527,CUST-01373,2025-10-22,0.0015,1
ORD-2025-039528,CUST-04014,2025-10-23,0.0278,1
ORD-2025-039529,CUST-01278,2025-10-28,0.0165,1
ORD-2025-039530,CUST-11040,2025-10-11,0.0542,1
ORD-2025-039531,CUST-10346,2025-10-23,0.0192,1
ORD-2025-039532,CUST-01510,2025-10-16,0.0607,3
ORD-2025-039533,CUST-00964,2025-10-10,0.024,1
ORD-2025-039534,CUST-11868,2025-10-04,0.0556,1
ORD-2025-039535,CUST-08887,2025-10-20,0.1639,1
ORD-2025-039536,CUST-05895,2025-10-29,0.052,1
ORD-2025-039537,CUST-11755,2025-10-26,0.1278,1
ORD-2025-039538,CUST-01129,2025-10-05,0.0222,1
ORD-2025-039539,CUST-12327,2025-10-22,0.046,1
ORD-2025-039540,CUST-10800,2025-10-07,0.0964,1
ORD-2025-039541,CUST-10820,2025-10-30,0.1818,1
ORD-2025-039542,CUST-09943,2025-10-17,0.0363,1
ORD-2025-039543,CUST-12526,2025-10-29,0.1425,3
ORD-2025-039544,CUST-05904,2025-10-29,0.0339,1
ORD-2025-039545,CUST-01616,2025-10-23,0.1711,1
ORD-2025-039546,CUST-09406,2025-10-08,0.0367,2
ORD-2025-039547,CUST-09089,2025-10-28,0.1094,1
ORD-2025-039548,CUST-09854,2025-10-26,0.0807,1
ORD-2025-039549,CUST-06983,2025-10-14,0.0603,2
ORD-2025-039550,CUST-07312,2025-10-07,0.0127,2
ORD-2025-039551,CUST-01693,2025-10-21,0.0248,1
ORD-2025-039552,CUST-05900,2025-10-05,0.1022,1
ORD-2025-039553,CUST-09272,2025-10-10,0.2391,1
ORD-2025-039554,CUST-12323,2025-10-02,0.0481,2
ORD-2025-039555,CUST-11009,2025-10-06,0.1808,1
ORD-2025-039556,CUST-13014,2025-10-19,0.0578,1
ORD-2025-039557,CUST-11397,2025-10-11,0.2042,1
ORD-2025-039558,CUST-10096,2025-10-30,0.0115,1
ORD-2025-039559,CUST-04304,2025-10-30,0.1305,1
ORD-2025-039560,CUST-11100,2025-10-14,0.0276,4
ORD-2025-039561,CUST-07066,2025-10-29,0.1666,1
ORD-2025-039562,CUST-04050,2025-10-16,0.043,2
ORD-2025-039563,CUST-02497,2025-10-05,0.1019,1
ORD-2025-039564,CUST-10660,2025-10-11,0.0402,1
ORD-2025-039565,CUST-12429,2025-10-30,0.0406,1
ORD-2025-039566,CUST-04662,2025-10-10,0.0287,1
ORD-2025-039567,CUST-03718,2025-10-20,0.0302,1
ORD-2025-039568,CUST-09368,2025-10-31,0.0243,2
ORD-2025-039569,CUST-05320,2025-10-13,0.1369,1
ORD-2025-039570,CUST-02037,2025-10-24,0.0576,3
ORD-2025-039571,CUST-03633,2025-10-02,0.0799,1
ORD-2025-039572,CUST-00277,2025-10-20,0.1033,1
ORD-2025-039573,CUST-06316,2025-10-12,0.1171,1
ORD-2025-039574,CUST-01683,2025-10-22,0.1094,1
ORD-2025-039575,CUST-13164,2025-10-13,0.0788,1
ORD-2025-039576,CUST-06065,2025-10-29,0.0906,4
ORD-2025-039577,CUST-10085,2025-10-05,0.0328,1
ORD-2025-039578,CUST-07837,2025-10-25,0.0912,1
ORD-2025-039579,CUST-01480,2025-10-05,0.0545,3
ORD-2025-039580,CUST-09449,2025-10-28,0.1489,2
ORD-2025-039581,CUST-01709,2025-10-23,0.3351,1
ORD-2025-039582,CUST-10050,2025-10-08,0.0498,1
ORD-2025-039583,CUST-12312,2025-10-30,0.0223,1
ORD-2025-039584,CUST-03607,2025-10-25,0.3468,1
ORD-2025-039585,CUST-10642,2025-10-24,0.0586,1
ORD-2025-039586,CUST-03266,2025-10-12,0.2513,3
ORD-2025-039587,CUST-06810,2025-10-21,0.0495,1
ORD-2025-039588,CUST-00045,2025-10-11,0.4651,1
ORD-2025-039589,CUST-06845,2025-10-13,0.107,3
ORD-2025-039590,CUST-07761,2025-10-25,0.1398,2
ORD-2025-039591,CUST-02622,2025-10-23,0.0753,3
ORD-2025-039592,CUST-01186,2025-10-28,0.0554,1
ORD-2025-039593,CUST-06515,2025-10-16,0.2122,3
ORD-2025-039594,CUST-06992,2025-10-20,0.017,1
ORD-2025-039595,CUST-10532,2025-10-14,0.0233,1
ORD-2025-039596,CUST-10678,2025-10-27,0.1117,2
ORD-2025-039597,CUST-11322,2025-10-03,0.0014,1
ORD-2025-039598,CUST-05328,2025-10-29,0.0233,1
ORD-2025-039599,CUST-04146,2025-10-28,0.0203,2
ORD-2025-039600,CUST-07851,2025-10-12,0.087,1
ORD-2025-039601,CUST-08722,2025-10-04,0.0892,2
ORD-2025-039602,CUST-04419,2025-10-10,0.1875,2
ORD-2025-039603,CUST-03383,2025-10-01,0.0691,1
ORD-2025-039604,CUST-06956,2025-10-09,0.227,1
ORD-2025-039605,CUST-07130,2025-10-27,0.0518,1
ORD-2025-039606,CUST-01603,2025-10-17,0.0208,2
ORD-2025-039607,CUST-10143,2025-10-10,0.2752,2
ORD-2025-039608,CUST-13049,2025-10-09,0.0707,2
ORD-2025-039609,CUST-08526,2025-10-16,0.3282,2
ORD-2025-039610,CUST-01489,2025-10-29,0.0361,1
ORD-2025-039611,CUST-05310,2025-10-29,0.151,2
ORD-2025-039612,CUST-03594,2025-10-02,0.0603,2
ORD-2025-039613,CUST-09769,2025-10-06,0.097,1
ORD-2025-039614,CUST-12790,2025-10-09,0.0809,1
ORD-2025-039615,CUST-08945,2025-10-21,0.0621,1
ORD-2025-039616,CUST-02349,2025-10-09,0.1411,1
ORD-2025-039617,CUST-13078,2025-10-26,0.0394,1
ORD-2025-039618,CUST-13036,2025-10-16,0.04,1
ORD-2025-039619,CUST-08256,2025-10-02,0.144,4
ORD-2025-039620,CUST-08674,2025-10-18,0.0866,1
ORD-2025-039621,CUST-04965,2025-10-29,0.0892,2
ORD-2025-039622,CUST-07752,2025-10-24,0.3835,1
ORD-2025-039623,CUST-00363,2025-10-30,0.0757,2
ORD-2025-039624,CUST-00876,2025-10-01,0.1857,1
ORD-2025-039625,CUST-05516,2025-10-20,0.0146,1
ORD-2025-039626,CUST-08256,2025-10-18,0.0833,3
ORD-2025-039627,CUST-03241,2025-10-22,0.032,1
ORD-2025-039628,CUST-01589,2025-10-01,0.0968,2
ORD-2025-039629,CUST-11775,2025-10-29,0.1019,1
ORD-2025-039630,CUST-01936,2025-10-19,0.1183,1
ORD-2025-039631,CUST-01264,2025-10-09,0.1009,1
ORD-2025-039632,CUST-05731,2025-10-09,0.2589,1
ORD-2025-039633,CUST-09421,2025-10-22,0.1004,1
ORD-2025-039634,CUST-06920,2025-10-13,0.0946,1
ORD-2025-039635,CUST-12399,2025-10-30,0.0872,2
ORD-2025-039636,CUST-09177,2025-10-22,0.1561,1
ORD-2025-039637,CUST-10622,2025-10-13,0.0596,2
ORD-2025-039638,CUST-00250,2025-10-19,0.1264,2
ORD-2025-039639,CUST-11629,2025-10-31,0.0668,1
ORD-2025-039640,CUST-08440,2025-10-11,0.0727,1
ORD-2025-039641,CUST-05608,2025-10-09,0.0118,1
ORD-2025-039642,CUST-12029,2025-10-16,0.0785,2
ORD-2025-039643,CUST-05987,2025-10-03,0.037,1
ORD-2025-039644,CUST-02667,2025-10-18,0.0726,3
ORD-2025-039645,CUST-08210,2025-10-26,0.0176,1
ORD-2025-039646,CUST-00410,2025-10-11,0.0669,2
ORD-2025-039647,CUST-07750,2025-10-23,0.3194,3
ORD-2025-039648,CUST-05734,2025-10-28,0.0957,3
ORD-2025-039649,CUST-09792,2025-10-13,0.0995,1
ORD-2025-039650,CUST-09159,2025-10-06,0.1988,1
ORD-2025-039651,CUST-12996,2025-10-10,0.0118,1
ORD-2025-039652,CUST-03468,2025-10-11,0.0458,2
ORD-2025-039653,CUST-12760,2025-10-05,0.4318,2
ORD-2025-039654,CUST-02727,2025-10-19,0.0633,1
ORD-2025-039655,CUST-13113,2025-10-07,0.2289,3
ORD-2025-039656,CUST-04005,2025-10-24,0.2517,1
ORD-2025-039657,CUST-10128,2025-10-11,0.0615,1
ORD-2025-039658,CUST-03743,2025-10-22,0.2349,2
ORD-2025-039659,CUST-07152,2025-10-14,0.2521,3
ORD-2025-039660,CUST-04017,2025-10-18,0.0717,1
ORD-2025-039661,CUST-01721,2025-10-09,0.1449,1
ORD-2025-039662,CUST-02859,2025-10-05,0.3081,1
ORD-2025-039663,CUST-06210,2025-10-04,0.0189,2
ORD-2025-039664,CUST-08174,2025-10-10,0.0717,3
ORD-2025-039665,CUST-10181,2025-10-08,0.0104,1
ORD-2025-039666,CUST-09848,2025-10-02,0.0785,1
ORD-2025-039667,CUST-07592,2025-10-31,0.0394,4
ORD-2025-039668,CUST-06316,2025-10-25,0.0517,1
ORD-2025-039669,CUST-11255,2025-10-10,0.0756,1
ORD-2025-039670,CUST-12893,2025-10-16,0.0324,1
ORD-2025-039671,CUST-02391,2025-10-06,0.0768,2
ORD-2025-039672,CUST-05264,2025-10-13,0.0706,1
ORD-2025-039673,CUST-00247,2025-10-30,0.2012,2
ORD-2025-039674,CUST-10002,2025-10-13,0.1019,2
ORD-2025-039675,CUST-01637,2025-10-29,0.0977,1
ORD-2025-039676,CUST-10744,2025-10-22,0.091,1
ORD-2025-039677,CUST-04023,2025-10-08,0.0485,1
ORD-2025-039678,CUST-00980,2025-10-07,0.108,1
ORD-2025-039679,CUST-01632,2025-10-20,0.1283,1
ORD-2025-039680,CUST-04053,2025-10-04,0.0787,1
ORD-2025-039681,CUST-06263,2025-10-16,0.213,4
ORD-2025-039682,CUST-11553,2025-10-23,0.0683,2
ORD-2025-039683,CUST-11392,2025-10-07,0.0485,2
ORD-2025-039684,CUST-01831,2025-10-31,0.1861,2
ORD-2025-039685,CUST-04835,2025-10-01,0.116,2
ORD-2025-039686,CUST-04110,2025-10-27,0.0971,5
ORD-2025-039687,CUST-08972,2025-10-28,0.0371,1
ORD-2025-039688,CUST-08271,2025-10-18,0.0569,2
ORD-2025-039689,CUST-02341,2025-10-27,0.2298,1
ORD-2025-039690,CUST-12750,2025-10-20,0.0354,1
ORD-2025-039691,CUST-00407,2025-10-06,0.0232,2
ORD-2025-039692,CUST-09606,2025-10-14,0.0563,2
ORD-2025-039693,CUST-08349,2025-10-04,0.0661,2
ORD-2025-039694,CUST-10041,2025-10-19,0.1189,1
ORD-2025-039695,CUST-03401,2025-10-20,0.039,1
ORD-2025-039696,CUST-12703,2025-10-11,0.0377,1
ORD-2025-039697,CUST-12561,2025-10-21,0.55,1
ORD-2025-039698,CUST-00571,2025-10-20,0.038,2
ORD-2025-039699,CUST-13198,2025-10-30,0.205,2
ORD-2025-039700,CUST-09895,2025-10-13,0.024,1
ORD-2025-039701,CUST-00096,2025-10-30,0.1352,1
ORD-2025-039702,CUST-04884,2025-10-07,0.0905,3
ORD-2025-039703,CUST-11603,2025-10-04,0.0181,4
ORD-2025-039704,CUST-10535,2025-10-16,0.1663,2
ORD-2025-039705,CUST-13014,2025-10-14,0.0075,1
ORD-2025-039706,CUST-06716,2025-10-08,0.051,2
ORD-2025-039707,CUST-12808,2025-10-01,0.0486,4
ORD-2025-039708,CUST-11273,2025-10-04,0.0916,1
ORD-2025-039709,CUST-08527,2025-10-30,0.0437,3
ORD-2025-039710,CUST-05069,2025-10-12,0.4038,2
ORD-2025-039711,CUST-11469,2025-10-22,0.0634,2
ORD-2025-039712,CUST-04908,2025-10-05,0.1108,1
ORD-2025-039713,,2025-10-06,0.1106,1
ORD-2025-039714,CUST-03326,2025-10-09,0.0337,1
ORD-2025-039715,CUST-05420,2025-10-02,0.05,1
ORD-2025-039716,CUST-05753,2025-10-24,0.1605,3
ORD-2025-039717,CUST-03057,2025-10-07,0.0532,2
ORD-2025-039718,CUST-01407,2025-10-25,0.0428,1
ORD-2025-039719,CUST-06262,2025-10-03,0.2859,2
ORD-2025-039720,CUST-03479,2025-10-24,0.0422,1
ORD-2025-039721,CUST-01852,2025-10-24,0.0921,3
ORD-2025-039722,CUST-06912,2025-10-30,0.1702,1
ORD-2025-039723,CUST-05509,2025-10-21,0.2499,1
ORD-2025-039724,CUST-05415,2025-10-07,0.1099,2
ORD-2025-039725,CUST-09559,2025-10-17,0.0247,1
ORD-2025-039726,CUST-06147,2025-10-10,0.026,3
ORD-2025-039727,CUST-12634,2025-10-13,0.0865,1
ORD-2025-039728,CUST-11888,2025-10-07,0.0192,1
ORD-2025-039729,CUST-05264,2025-10-28,0.1834,1
ORD-2025-039730,CUST-12067,2025-10-28,0.2463,2
ORD-2025-039731,CUST-10690,2025-10-19,0.1462,3
ORD-2025-039732,CUST-12520,2025-10-17,0.0461,3
ORD-2025-039733,CUST-02412,2025-10-24,0.0258,1
ORD-2025-039734,CUST-12741,2025-10-24,0.0568,1
ORD-2025-039735,CUST-02072,2025-10-30,0.0678,3
ORD-2025-039736,CUST-07657,2025-10-03,0.067,2
ORD-2025-039737,CUST-10062,2025-10-11,0.1605,4
ORD-2025-039738,CUST-06226,2025-10-20,0.2145,1
ORD-2025-039739,CUST-05730,2025-10-04,0.0658,1
ORD-2025-039740,CUST-03229,2025-10-23,0.0758,3
ORD-2025-039741,CUST-05957,2025-10-03,0.0575,1
ORD-2025-039742,CUST-04012,2025-10-14,0.0811,1
ORD-2025-039743,CUST-03934,2025-10-17,0.0399,2
ORD-2025-039744,CUST-11676,2025-10-26,0.0279,1
ORD-2025-039745,CUST-05573,2025-10-30,0.0606,3
ORD-2025-039746,CUST-03393,2025-10-23,0.0764,4
ORD-2025-039747,CUST-10096,2025-10-23,0.0932,2
ORD-2025-039748,CUST-08011,2025-10-03,0.034,1
ORD-2025-039749,CUST-07185,2025-10-03,0.1884,2
ORD-2025-039750,CUST-07240,2025-10-10,0.0375,2
ORD-2025-039751,CUST-12198,2025-10-23,0.0744,2
ORD-2025-039752,CUST-04727,2025-10-27,0.1134,2
ORD-2025-039753,CUST-03609,2025-10-01,0.1632,2
ORD-2025-039754,CUST-07433,2025-10-03,0.1176,4
ORD-2025-039755,CUST-12473,2025-10-03,0.0422,1
ORD-2025-039756,CUST-08469,2025-10-27,0.0275,5
ORD-2025-039757,CUST-07145,2025-10-30,0.0138,1
ORD-2025-039758,CUST-10578,2025-10-14,0.2197,1
ORD-2025-039759,CUST-01390,2025-10-02,0.1575,1
ORD-2025-039760,CUST-08383,2025-10-21,0.0646,3
ORD-2025-039761,CUST-00554,2025-10-24,0.0771,1
ORD-2025-039762,CUST-09186,2025-10-08,0.0928,1
ORD-2025-039763,CUST-06294,2025-10-13,0.1773,1
ORD-2025-039764,CUST-07134,2025-10-10,0.211,1
ORD-2025-039765,CUST-12392,2025-10-01,0.4971,1
ORD-2025-039766,CUST-06724,2025-10-24,0.1332,2
ORD-2025-039767,CUST-03582,2025-10-10,0.1503,1
ORD-2025-039768,CUST-11458,2025-10-05,0.2072,1
ORD-2025-039769,CUST-03271,2025-10-11,0.0884,3
ORD-2025-039770,CUST-08324,2025-10-12,0.055,1
ORD-2025-039771,CUST-08370,2025-10-23,0.046,2
ORD-2025-039772,CUST-11676,2025-10-11,0.0166,1
ORD-2025-039773,CUST-11204,2025-10-15,0.1307,1
ORD-2025-039774,CUST-12335,2025-10-24,0.0918,4
ORD-2025-039775,CUST-09774,2025-10-14,0.0571,2
ORD-2025-039776,CUST-07752,2025-10-14,0.056,1
ORD-2025-039777,CUST-09453,2025-10-01,0.1621,2
ORD-2025-039778,CUST-08129,2025-10-26,0.0898,1
ORD-2025-039779,CUST-08811,2025-10-15,0.0897,3
ORD-2025-039780,CUST-10820,2025-10-23,0.1947,3
ORD-2025-039781,CUST-09452,2025-10-23,0.0905,3
ORD-2025-039782,CUST-05538,2025-10-25,0.1474,2
ORD-2025-039783,CUST-02312,2025-10-13,0.2687,3
ORD-2025-039784,CUST-11330,2025-10-08,0.1586,1
ORD-2025-039785,CUST-11507,2025-10-26,0.2521,1
ORD-2025-039786,CUST-09856,2025-10-18,0.0869,1
ORD-2025-039787,CUST-10696,2025-10-02,0.0121,1
ORD-2025-039788,CUST-10278,2025-10-21,0.022,2
ORD-2025-039789,CUST-02398,2025-10-02,0.2659,1
ORD-2025-039790,CUST-03066,2025-10-27,0.0584,1
ORD-2025-039791,CUST-02110,2025-10-01,0.1211,1
ORD-2025-039792,CUST-01004,2025-10-22,0.0328,1
ORD-2025-039793,CUST-01630,2025-10-17,0.0889,2
ORD-2025-039794,CUST-11922,2025-10-30,0.1096,3
ORD-2025-039795,CUST-04487,2025-10-18,0.0947,1
ORD-2025-039796,CUST-03718,2025-10-14,0.0073,1
ORD-2025-039797,CUST-03393,2025-10-17,0.0578,2
ORD-2025-039798,CUST-09916,2025-10-06,0.0117,1
ORD-2025-039799,CUST-02156,2025-10-02,0.0612,3
ORD-2025-039800,CUST-12821,2025-10-22,0.0385,3
ORD-2025-039801,CUST-10181,2025-10-12,0.0105,2
ORD-2025-039802,CUST-12458,2025-10-01,0.0699,1
ORD-2025-039803,CUST-00785,2025-10-27,0.1699,1
ORD-2025-039804,CUST-10957,2025-10-24,0.0819,1
ORD-2025-039805,CUST-02374,2025-10-27,0.0227,2
ORD-2025-039806,CUST-00493,2025-10-26,0.0809,1
ORD-2025-039807,CUST-03861,2025-10-12,0.0317,1
ORD-2025-039808,CUST-12233,2025-10-16,0.1397,1
ORD-2025-039809,CUST-01436,2025-10-31,0.1511,3
ORD-2025-039810,CUST-08610,2025-10-26,0.0652,3
ORD-2025-039811,CUST-02699,2025-10-28,0.1285,2
ORD-2025-039812,CUST-02407,2025-10-01,0.2007,1
ORD-2025-039813,CUST-04662,2025-10-27,0.0638,1
ORD-2025-039814,CUST-03446,2025-10-04,0.1863,1
ORD-2025-039815,CUST-05722,2025-10-07,0.0424,1
ORD-2025-039816,CUST-00697,2025-10-11,0.1647,1
ORD-2025-039817,CUST-06724,2025-10-06,0.0694,1
ORD-2025-039818,CUST-08657,2025-10-09,0.0127,1
ORD-2025-039819,CUST-10820,2025-10-01,0.1197,2
ORD-2025-039820,CUST-08222,2025-10-03,0.2499,1
ORD-2025-039821,CUST-07871,2025-10-17,0.0325,1
ORD-2025-039822,CUST-10650,2025-10-08,0.0381,1
ORD-2025-039823,CUST-09764,2025-10-26,0.0555,2
ORD-2025-039824,CUST-10301,2025-10-24,0.1076,1
ORD-2025-039825,CUST-00104,2025-10-02,0.0572,1
ORD-2025-039826,CUST-10718,2025-10-07,0.0353,3
ORD-2025-039827,CUST-00456,2025-10-29,0.1012,1
ORD-2025-039828,CUST-08320,2025-10-07,0.03,1
ORD-2025-039829,CUST-06585,2025-10-09,0.0273,1
ORD-2025-039830,CUST-11652,2025-10-22,0.1344,1
ORD-2025-039831,CUST-10201,2025-10-29,0.098,1
ORD-2025-039832,CUST-11405,2025-10-06,0.0265,1
ORD-2025-039833,CUST-12118,2025-10-28,0.0358,2
ORD-2025-039834,CUST-03609,2025-10-01,0.0888,1
ORD-2025-039835,CUST-07657,2025-10-26,0.2237,1
ORD-2025-039836,CUST-07076,2025-10-15,0.0579,2
ORD-2025-039837,CUST-03878,2025-10-20,0.3628,1
ORD-2025-039838,CUST-02428,2025-10-31,0.2187,1
ORD-2025-039839,CUST-09580,2025-10-30,0.1442,4
ORD-2025-039840,CUST-09589,2025-10-22,0.0644,2
ORD-2025-039841,CUST-04863,2025-10-18,0.1691,1
ORD-2025-039842,CUST-11479,2025-10-16,0.0909,2
ORD-2025-039843,CUST-07212,2025-10-26,0.0995,1
ORD-2025-039844,CUST-04277,2025-10-04,0.0312,1
ORD-2025-039845,CUST-08760,2025-10-13,0.0169,5
ORD-2025-039846,CUST-09391,2025-10-29,0.01,1
ORD-2025-039847,CUST-01545,2025-10-09,0.2207,1
ORD-2025-039848,CUST-09827,2025-10-03,0.55,1
ORD-2025-039849,CUST-07098,2025-10-25,0.0217,1
ORD-2025-039850,CUST-02679,2025-10-29,0.03,3
ORD-2025-039851,CUST-07881,2025-10-29,0.0858,3
ORD-2025-039852,CUST-13457,2025-10-10,0.0467,1
ORD-2025-039853,CUST-12261,2025-10-05,0.1219,2
ORD-2025-039854,CUST-00259,2025-10-24,0.0619,1
ORD-2025-039855,CUST-12948,2025-10-26,0.0557,2
ORD-2025-039856,CUST-05902,2025-10-17,0.1439,1
ORD-2025-039857,CUST-00564,2025-10-10,0.1217,2
ORD-2025-039858,CUST-11396,2025-10-10,0.0814,1
ORD-2025-039859,CUST-11005,2025-10-14,0.0879,3
ORD-2025-039860,CUST-01623,2025-10-28,0.0379,4
ORD-2025-039861,CUST-07937,2025-10-16,0.122,3
ORD-2025-039862,CUST-10643,2025-10-21,0.058,3
ORD-2025-039863,CUST-13091,2025-10-22,0.0876,1
ORD-2025-039864,CUST-08542,2025-10-23,0.1248,4
ORD-2025-039865,CUST-11255,2025-10-24,0.0207,1
ORD-2025-039866,CUST-07252,2025-10-07,0.1248,1
ORD-2025-039867,CUST-08120,2025-10-18,0.0602,3
ORD-2025-039868,CUST-11302,2025-10-20,0.2233,3
ORD-2025-039869,CUST-05572,2025-10-29,0.0357,1
ORD-2025-039870,CUST-03185,2025-10-23,0.0489,3
ORD-2025-039871,CUST-12465,2025-10-27,0.0255,1
ORD-2025-039872,CUST-03076,2025-10-30,0.0415,1
ORD-2025-039873,CUST-04742,2025-10-06,0.0581,1
ORD-2025-039874,CUST-07761,2025-10-07,0.1206,1
ORD-2025-039875,CUST-09884,2025-10-31,0.3161,3
ORD-2025-039876,CUST-07467,2025-10-13,0.2593,3
ORD-2025-039877,CUST-12872,2025-10-09,0.0907,4
ORD-2025-039878,CUST-08160,2025-10-08,0.0271,1
ORD-2025-039879,CUST-02257,,0.0556,1
ORD-2025-039880,CUST-12367,2025-10-29,0.1175,3
ORD-2025-039881,CUST-08542,2025-10-18,0.0781,4
ORD-2025-039882,CUST-01149,2025-10-19,0.0559,1
ORD-2025-039883,CUST-08202,2025-10-18,0.0233,1
ORD-2025-039884,CUST-05030,2025-10-20,0.1238,1
ORD-2025-039885,CUST-13364,2025-10-19,0.045,1
ORD-2025-039886,CUST-09338,2025-10-28,0.1401,1
ORD-2025-039887,CUST-05389,2025-10-16,0.0502,1
ORD-2025-039888,CUST-10143,2025-10-15,0.0947,2
ORD-2025-039889,CUST-02513,2025-10-04,0.0158,1
ORD-2025-039890,CUST-00003,2025-10-10,0.0908,1
ORD-2025-039891,CUST-11471,2025-10-25,0.1391,4
ORD-2025-039892,CUST-09417,2025-10-28,0.1011,3
ORD-2025-039893,CUST-08838,2025-10-17,0.0895,4
ORD-2025-039894,CUST-13205,2025-10-17,0.1437,1
ORD-2025-039895,CUST-06337,2025-10-26,0.0225,2
ORD-2025-039896,CUST-00564,2025-10-21,0.0637,3
ORD-2025-039897,CUST-05196,2025-10-09,0.1252,4
ORD-2025-039898,CUST-02867,2025-10-30,0.0328,2
ORD-2025-039899,CUST-04846,2025-10-23,0.1876,1
ORD-2025-039900,CUST-09267,2025-10-09,0.0852,1
ORD-2025-039901,CUST-05766,2025-10-23,0.1398,1
ORD-2025-039902,CUST-06913,2025-10-18,0.0752,1
ORD-2025-039903,CUST-09051,2025-10-10,0.0083,1
ORD-2025-039904,CUST-01775,2025-10-27,0.2766,1
ORD-2025-039905,CUST-07135,2025-10-18,0.1526,2
ORD-2025-039906,CUST-01398,2025-10-25,0.0116,1
ORD-2025-039907,CUST-04520,2025-10-01,0.0256,1
ORD-2025-039908,CUST-07130,2025-10-08,0.0221,2
ORD-2025-039909,CUST-08288,2025-10-08,0.0347,1
ORD-2025-039910,CUST-11405,2025-10-06,0.4392,1
ORD-2025-039911,CUST-05311,2025-10-25,0.093,1
ORD-2025-039912,CUST-05995,2025-10-12,0.0273,1
ORD-2025-039913,CUST-04561,2025-10-10,0.0732,1
ORD-2025-039914,CUST-06337,2025-10-21,0.0177,1
ORD-2025-039915,CUST-00946,2025-10-31,0.1281,1
ORD-2025-039916,CUST-09549,2025-10-27,0.052,3
ORD-2025-039917,CUST-03925,2025-10-04,0.3373,1
ORD-2025-039918,CUST-12157,2025-10-16,0.0528,3
ORD-2025-039919,CUST-03836,2025-10-11,0.0663,1
ORD-2025-039920,CUST-06594,2025-10-16,0.1182,2
ORD-2025-039921,CUST-01386,2025-10-19,0.0307,2
ORD-2025-039922,CUST-06111,2025-10-28,0.1488,2
ORD-2025-039923,CUST-04767,2025-10-07,0.0352,1
ORD-2025-039924,CUST-13037,2025-10-30,0.158,3
ORD-2025-039925,CUST-06446,2025-10-12,0.0743,3
ORD-2025-039926,CUST-05581,2025-10-03,0.0423,1
ORD-2025-039927,CUST-13523,2025-10-21,0.1208,2
ORD-2025-039928,CUST-02762,2025-10-20,0.1236,3
ORD-2025-039929,CUST-13032,2025-10-29,0.0178,1
ORD-2025-039930,CUST-09401,2025-10-05,0.085,4
ORD-2025-039931,CUST-08873,2025-10-05,0.097,1
ORD-2025-039932,CUST-12827,2025-10-18,0.0191,1
ORD-2025-039933,CUST-05765,2025-10-12,0.0251,3
ORD-2025-039934,CUST-08934,2025-10-18,0.0868,1
ORD-2025-039935,CUST-06598,2025-10-05,0.0517,1
ORD-2025-039936,CUST-09145,2025-10-10,0.0466,2
ORD-2025-039937,CUST-04662,2025-10-19,0.0492,1
ORD-2025-039938,CUST-13460,2025-10-12,0.1387,2
ORD-2025-039939,CUST-00462,2025-10-13,0.0582,1
ORD-2025-039940,CUST-07507,2025-10-09,0.099,1
ORD-2025-039941,CUST-00925,2025-10-22,0.55,2
ORD-2025-039942,CUST-09387,2025-10-21,0.0594,1
ORD-2025-039943,CUST-05513,2025-10-16,0.0064,1
ORD-2025-039944,CUST-03998,2025-10-28,0.0549,1
ORD-2025-039945,CUST-05796,2025-10-28,0.0121,1
ORD-2025-039946,CUST-11232,2025-10-25,0.2146,1
ORD-2025-039947,CUST-00397,2025-10-14,0.0166,1
ORD-2025-039948,CUST-00226,2025-10-08,0.1605,2
ORD-2025-039949,CUST-04492,2025-10-13,0.0563,1
ORD-2025-039950,CUST-02423,2025-10-12,0.0612,2
ORD-2025-039951,CUST-10704,2025-10-08,0.1217,1
ORD-2025-039952,CUST-02838,2025-10-15,0.0391,1
ORD-2025-039953,CUST-08075,2025-10-20,0.0417,1
ORD-2025-039954,CUST-04798,2025-10-01,0.0521,3
ORD-2025-039955,CUST-07433,2025-10-21,0.0665,1
ORD-2025-039956,CUST-01086,2025-10-02,0.0077,2
ORD-2025-039957,CUST-12624,2025-10-13,0.0242,2
ORD-2025-039958,CUST-01571,2025-10-15,0.0977,1
ORD-2025-039959,CUST-07304,2025-10-11,0.229,1
ORD-2025-039960,CUST-07463,2025-10-01,0.0543,1
ORD-2025-039961,CUST-01257,2025-10-22,0.0393,2
ORD-2025-039962,CUST-04110,2025-10-07,0.0905,2
ORD-2025-039963,CUST-03545,2025-10-19,0.2524,1
ORD-2025-039964,CUST-03401,2025-10-17,0.0738,3
ORD-2025-039965,CUST-07802,2025-10-05,0.0088,2
ORD-2025-039966,CUST-13074,2025-10-14,0.1187,3
ORD-2025-039967, CUST-03057 ,2025-10-13,0.0564,2
ORD-2025-039968,CUST-12403,2025-10-12,0.0262,1
ORD-2025-039969,CUST-04014,2025-10-12,0.064,1
ORD-2025-039970,CUST-05887,2025-10-19,0.0321,3
ORD-2025-039971,CUST-10911,2025-10-05,0.0725,1
ORD-2025-039972,CUST-06637,2025-10-04,0.2263,3
ORD-2025-039973,CUST-08132,2025-10-05,0.1936,1
ORD-2025-039974,CUST-08180,2025-10-22,0.0903,4
ORD-2025-039975,CUST-07021,2025-10-22,0.0813,1
ORD-2025-039976,CUST-01729,2025-10-22,0.0047,1
ORD-2025-039977,CUST-07725,2025-10-15,0.0525,1
ORD-2025-039978,CUST-06059,2025-10-30,0.0907,3
ORD-2025-039979,CUST-03270,2025-10-10,0.0847,1
ORD-2025-039980,CUST-02776,2025-10-01,0.0246,2
ORD-2025-039981,CUST-07212,2025-10-31,0.0828,2
ORD-2025-039982,CUST-04326,2025-10-28,0.0405,1
ORD-2025-039983,CUST-10557,2025-10-11,0.0473,3
ORD-2025-039984,CUST-11458,2025-10-27,0.0744,1
ORD-2025-039985,CUST-12714,2025-10-11,0.3424,1
ORD-2025-039986,CUST-12578,2025-10-21,0.1355,1
ORD-2025-039987,CUST-00600,2025-10-16,0.0764,1
ORD-2025-039988,CUST-09571,2025-10-19,0.0879,2
ORD-2025-039989,CUST-08387,2025-10-30,0.1173,2
ORD-2025-039990,CUST-00458,2025-10-09,0.1593,1
ORD-2025-039991,CUST-09705,2025-10-12,0.105,1
ORD-2025-039992,CUST-12118,2025-10-19,0.0198,2
ORD-2025-039993,CUST-10078,2025-10-14,0.1351,2
ORD-2025-039994,CUST-01631,2025-10-09,0.0189,1
ORD-2025-039995,CUST-00107,2025-10-25,0.1742,2
ORD-2025-039996,CUST-12142,2025-10-12,0.0726,2
ORD-2025-039997,CUST-09600,2025-10-16,0.0177,1
ORD-2025-039998,CUST-03437,2025-10-24,0.0906,2
ORD-2025-039999,CUST-03372,2025-10-23,0.1203,4
ORD-2025-040000,CUST-12723,2025-10-06,0.1244,1
ORD-2025-040001,CUST-04885,2025-10-03,0.1952,1
ORD-2025-040002,CUST-07098,2025-10-29,0.0635,2
ORD-2025-040003,CUST-04644,2025-10-24,0.0127,1
ORD-2025-040004,CUST-11775,2025-10-26,0.024,1
ORD-2025-040005,CUST-12643,2025-10-23,0.1487,2
ORD-2025-040006,CUST-05476,2025-10-03,0.0397,3
ORD-2025-040007,CUST-09975,2025-10-06,0.0153,2
ORD-2025-040008,CUST-00495,2025-10-18,0.1,2
ORD-2025-040009,CUST-08387,,0.1173,1
ORD-2025-040010,CUST-01724,2025-10-03,0.1175,3
ORD-2025-040011,CUST-11314,2025-10-16,0.1019,1
ORD-2025-040012,CUST-02504,2025-10-29,0.0794,1
ORD-2025-040013,CUST-06506,2025-10-08,0.1275,2
ORD-2025-040014,CUST-00267,2025-10-19,0.0509,2
ORD-2025-040015,CUST-05415,2025-10-26,0.1737,1
ORD-2025-040016,CUST-01559,2025-10-27,0.0516,1
ORD-2025-040017,CUST-12851,2025-10-04,0.3198,2
ORD-2025-040018,CUST-09769,2025-10-31,0.0728,1
ORD-2025-040019,,2025-10-17,0.0448,1
ORD-2025-040020,CUST-02797,2025-10-09,0.0408,1
ORD-2025-040021,CUST-12067,2025-10-06,0.092,3
ORD-2025-040022,CUST-12261,2025-10-12,0.1315,3
ORD-2025-040023,CUST-11396,2025-10-19,0.0352,1
ORD-2025-040024,CUST-01613,2025-10-12,0.0172,1
ORD-2025-040025,CUST-09157,2025-10-03,0.1379,1
ORD-2025-040026,CUST-05293,2025-10-05,0.0307,1
ORD-2025-040027,CUST-13081,2025-10-29,0.1213,2
ORD-2025-040028,CUST-08462,2025-10-30,0.1792,1
ORD-2025-040029,CUST-10267,2025-10-12,0.2446,3
ORD-2025-040030,CUST-02782,2025-10-14,0.1194,1
ORD-2025-040031,CUST-08132,2025-10-25,0.0973,1
ORD-2025-040032,CUST-07702,2025-10-22,0.0929,2
ORD-2025-040033,CUST-08342,2025-10-21,0.0426,3
ORD-2025-040034,CUST-00273,2025-10-23,0.1358,1
ORD-2025-040035,CUST-09843,2025-10-01,0.1667,3
ORD-2025-040036,CUST-10278,2025-10-18,0.0201,3
ORD-2025-040037,CUST-11398,2025-10-01,0.0313,4
ORD-2025-040038,CUST-03685,2025-10-08,0.2152,1
ORD-2025-040039,CUST-07160,2025-10-05,0.0252,2
ORD-2025-040040,CUST-12487,2025-10-16,0.0535,3
ORD-2025-040041,CUST-04837,2025-10-09,0.4009,1
ORD-2025-040042,CUST-08205,2025-10-21,0.0348,1
ORD-2025-040043,CUST-10409,2025-10-11,0.0441,1
ORD-2025-040044,CUST-01582,2025-10-22,0.2989,1
ORD-2025-040045,CUST-09174,2025-10-15,0.0269,2
ORD-2025-040046,CUST-08143,2025-10-08,0.0307,2
ORD-2025-040047,CUST-02212,2025-10-26,0.247,1
ORD-2025-040048,CUST-08758,2025-10-25,0.0349,1
ORD-2025-040049,CUST-11383,2025-10-05,0.0741,1
ORD-2025-040050,CUST-06845,2025-10-18,0.1999,1
ORD-2025-040051,CUST-02435,2025-10-26,0.1362,1
ORD-2025-040052,CUST-09531,2025-10-22,0.0277,1
ORD-2025-040053,CUST-07043,2025-10-23,0.0832,1
ORD-2025-040054,CUST-11458,2025-10-29,0.0854,2
ORD-2025-040055,CUST-05310,2025-10-25,0.04,1
ORD-2025-040056,CUST-12537,2025-10-27,0.2105,1
ORD-2025-040057,CUST-11556,2025-10-11,0.1919,2
ORD-2025-040058,CUST-10222,2025-10-16,0.4883,1
ORD-2025-040059,CUST-11829,2025-10-19,0.0168,2
ORD-2025-040060,CUST-04478,2025-10-03,0.0411,1
ORD-2025-040061,CUST-03570,2025-10-15,0.0789,1
ORD-2025-040062,CUST-01367,2025-10-18,0.0758,2
ORD-2025-040063,CUST-07045,2025-10-27,0.199,1
ORD-2025-040064,CUST-04533,2025-10-21,0.1033,2
ORD-2025-040065,CUST-11586,2025-10-23,0.1127,2
ORD-2025-040066,CUST-01846,2025-10-30,0.0274,1
ORD-2025-040067,CUST-02810,2025-10-23,0.0297,3
ORD-2025-040068,CUST-04442,2025-10-13,0.0945,3
ORD-2025-040069,CUST-04425,2025-10-04,0.0506,1
ORD-2025-040070,CUST-00112,2025-10-24,0.0711,1
ORD-2025-040071,CUST-00759,2025-10-24,0.0867,2
ORD-2025-040072,CUST-05919,2025-10-04,0.2417,1
ORD-2025-040073,CUST-06069,2025-10-27,0.0511,1
ORD-2025-040074,CUST-07076,2025-10-12,0.0573,2
ORD-2025-040075,CUST-08027,2025-10-16,0.0668,2
ORD-2025-040076,CUST-12750,2025-10-23,0.0619,3
ORD-2025-040077,CUST-10834,2025-10-11,0.0576,1
ORD-2025-040078,CUST-10097,2025-10-22,0.0119,1
ORD-2025-040079,CUST-12016,2025-10-22,0.0205,1
ORD-2025-040080,CUST-07671,2025-10-08,0.0609,2
ORD-2025-040081,CUST-09058,2025-10-27,0.081,2
ORD-2025-040082,CUST-11978,2025-10-20,0.0756,1
ORD-2025-040083,CUST-13183,2025-10-02,0.0418,1
ORD-2025-040084,CUST-10204,2025-10-21,0.0898,3
ORD-2025-040085,CUST-05151,2025-10-02,0.2189,2
ORD-2025-040086,CUST-08469,2025-10-15,0.0426,1
ORD-2025-040087,CUST-02810,2025-10-01,0.0498,1
ORD-2025-040088,CUST-00229,2025-10-24,0.1192,1
ORD-2025-040089,CUST-10056,2025-10-02,0.0493,3
ORD-2025-040090,CUST-01865,2025-10-01,0.2252,2
ORD-2025-040091,CUST-08030,2025-10-24,0.0233,3
ORD-2025-040092,CUST-02525,2025-10-25,0.1501,2
ORD-2025-040093,CUST-08261,2025-10-21,0.1243,1
ORD-2025-040094,CUST-09631,2025-10-21,0.3065,1
ORD-2025-040095,CUST-00222,2025-10-25,0.0723,2
ORD-2025-040096,CUST-09086,2025-10-10,0.3335,1
ORD-2025-040097,CUST-08216,2025-10-09,0.0718,2
ORD-2025-040098,CUST-02839,2025-10-01,0.3058,1
ORD-2025-040099,CUST-06327,2025-10-21,0.0818,2
ORD-2025-040100,CUST-10859,2025-10-12,0.0901,4
ORD-2025-040101,CUST-01278,2025-10-09,0.0993,1
ORD-2025-040102,CUST-03450,2025-10-09,0.0848,1
ORD-2025-040103,CUST-03311,2025-10-18,0.1493,1
ORD-2025-040104,CUST-06502,2025-10-17,0.1125,1
ORD-2025-040105,CUST-06231,2025-10-31,0.1764,2
ORD-2025-040106,CUST-12903,2025-10-16,0.1423,1
ORD-2025-040107,CUST-04916,2025-10-03,0.0323,1
ORD-2025-040108,CUST-10140,2025-10-26,0.324,2
ORD-2025-040109,CUST-10592,2025-10-09,0.0607,1
ORD-2025-040110,CUST-07267,2025-10-13,0.0777,1
ORD-2025-040111,CUST-07789,2025-10-28,0.3691,1
ORD-2025-040112,CUST-11902,2025-10-30,0.1042,1
ORD-2025-040113,CUST-03213,2025-10-23,0.0198,1
ORD-2025-040114,CUST-11692,2025-10-23,0.0131,1
ORD-2025-040115,CUST-09032,2025-10-02,0.1962,1
ORD-2025-040116,CUST-06256,2025-10-29,0.1021,1
ORD-2025-040117,CUST-07528,2025-10-27,0.0605,3
ORD-2025-040118,CUST-02863,2025-10-05,0.4441,1
ORD-2025-040119,CUST-12671,2025-10-14,0.1128,3
ORD-2025-040120,CUST-10541,2025-10-29,0.2464,1
ORD-2025-040121,CUST-01395,2025-10-30,0.0476,2
ORD-2025-040122,CUST-04098,2025-10-13,0.0398,1
ORD-2025-040123,CUST-09562,2025-10-26,0.0061,1
ORD-2025-040124,CUST-10241,2025-10-16,0.0734,1
ORD-2025-040125,CUST-10427,2025-10-19,0.176,3
ORD-2025-040126,CUST-05393,2025-10-05,0.167,1
ORD-2025-040127,CUST-02451,2025-10-21,0.0057,1
ORD-2025-040128,CUST-06992,2025-10-03,0.1029,2
ORD-2025-040129,CUST-01765,2025-10-28,0.0355,1
ORD-2025-040130,CUST-07485,2025-10-19,0.0861,1
ORD-2025-040131,CUST-07658,2025-10-29,0.1045,2
ORD-2025-040132,CUST-02434,2025-10-11,0.1573,1
ORD-2025-040133,CUST-04334,2025-10-23,0.0133,1
ORD-2025-040134,CUST-09759,2025-10-09,0.0886,1
ORD-2025-040135,CUST-05011,2025-10-21,0.1107,2
ORD-2025-040136,CUST-09179,2025-10-08,0.1046,2
ORD-2025-040137,CUST-10397,2025-10-01,0.046,2
ORD-2025-040138,CUST-03954,2025-10-03,0.0656,1
ORD-2025-040139,CUST-10879,2025-10-06,0.0812,5
ORD-2025-040140,CUST-00482,2025-10-05,0.0706,2
ORD-2025-040141,CUST-01651,2025-10-31,0.1274,1
ORD-2025-040142,CUST-03272,2025-10-16,0.1055,1
ORD-2025-040143,CUST-11621,2025-10-31,0.1037,1
ORD-2025-040144,CUST-04337,2025-10-15,0.0558,1
ORD-2025-040145,CUST-08546,2025-10-18,0.1132,1
ORD-2025-040146,CUST-12316,2025-10-23,0.0634,1
ORD-2025-040147,CUST-01451,2025-10-06,0.1121,2
ORD-2025-040148,CUST-06513,2025-10-12,0.0446,1
ORD-2025-040149,CUST-06414,2025-10-15,0.0095,1
ORD-2025-040150,CUST-01398,2025-10-02,0.0712,2
ORD-2025-040151,CUST-01483,2025-10-09,0.1359,1
ORD-2025-040152,CUST-13041,2025-10-19,0.0504,1
ORD-2025-040153,CUST-10278,2025-10-01,0.0031,1
ORD-2025-040154,CUST-01710,2025-10-02,0.0378,1
ORD-2025-040155,CUST-02550,2025-10-23,0.3592,1
ORD-2025-040156,CUST-13298,2025-10-14,0.166,3
ORD-2025-040157,CUST-03309,2025-10-09,0.1887,2
ORD-2025-040158,CUST-08126,2025-10-15,0.04,2
ORD-2025-040159,CUST-11641,2025-10-22,0.4202,1
ORD-2025-040160,CUST-05986,2025-10-26,0.0967,1
ORD-2025-040161,CUST-01903,2025-10-07,0.0798,2
ORD-2025-040162,CUST-12603,2025-10-31,0.1666,1
ORD-2025-040163,CUST-06607,2025-10-21,0.0592,2
ORD-2025-040164,CUST-06267,2025-10-20,0.0306,1
ORD-2025-040165,CUST-09606,2025-10-10,0.0177,1
ORD-2025-040166,CUST-04697,2025-10-24,0.0507,2
ORD-2025-040167,CUST-00686,2025-10-25,0.2604,3
ORD-2025-040168,CUST-10160,2025-10-25,0.2668,2
ORD-2025-040169,CUST-03607,2025-10-07,0.41,1
ORD-2025-040170,CUST-06404,2025-10-07,0.0738,3
ORD-2025-040171,CUST-00476,2025-10-10,0.2286,1
ORD-2025-040172,CUST-13548,2025-10-03,0.1034,3
ORD-2025-040173,CUST-02556,2025-10-01,0.0315,1
ORD-2025-040174,CUST-11147,2025-10-13,0.196,2
ORD-2025-040175,CUST-02836,2025-10-13,0.0421,1
ORD-2025-040176,CUST-05700,2025-10-01,0.1897,1
ORD-2025-040177,CUST-00065,2025-10-19,0.0122,1
ORD-2025-040178,CUST-10462,2025-10-15,0.0964,3
ORD-2025-040179,CUST-07752,2025-10-31,0.0783,1
ORD-2025-040180,CUST-07871,2025-10-20,0.0673,2
ORD-2025-040181,CUST-02167,2025-10-09,0.0364,2
ORD-2025-040182,CUST-11360,2025-10-09,0.2538,1
ORD-2025-040183,CUST-00259,2025-10-01,0.0686,2
ORD-2025-040184,CUST-08070,2025-10-02,0.08,2
ORD-2025-040185,CUST-09082,2025-10-23,0.0255,2
ORD-2025-040186,CUST-09589,2025-10-26,0.1534,1
ORD-2025-040187,CUST-08278,2025-10-14,0.0818,1
ORD-2025-040188,CUST-00362,2025-10-04,0.0328,3
ORD-2025-040189,CUST-01918,2025-10-14,0.4076,1
ORD-2025-040190,CUST-02881,2025-10-18,0.1038,1
ORD-2025-040191,CUST-09405,2025-10-14,0.1326,3
ORD-2025-040192,CUST-06502,2025-10-08,0.1667,1
ORD-2025-040193,CUST-11663,2025-10-23,0.5359,1
ORD-2025-040194,CUST-05973,2025-10-02,0.1393,1
ORD-2025-040195,CUST-12486,2025-10-25,0.1151,2
ORD-2025-040196,CUST-13439,2025-10-08,0.0537,1
ORD-2025-040197,CUST-03102,2025-10-05,0.1288,1
ORD-2025-040198,CUST-09568,2025-10-17,0.2176,3
ORD-2025-040199,CUST-12118,2025-10-02,0.0425,3
ORD-2025-040200,CUST-01770,2025-10-13,0.0766,3
ORD-2025-040201,CUST-02959,2025-10-19,0.0459,2
ORD-2025-040202,CUST-00337,2025-10-30,0.0566,1
ORD-2025-040203,CUST-07781,2025-10-11,0.0202,1
ORD-2025-040204,CUST-06094,2025-10-23,0.077,1
ORD-2025-040205,CUST-07238,,0.3245,2
ORD-2025-040206,CUST-03468,2025-10-04,0.0398,2
ORD-2025-040207,CUST-10825,2025-10-21,0.1308,1
ORD-2025-040208,CUST-07482,2025-10-11,0.1015,4
ORD-2025-040209,CUST-08813,2025-10-21,0.006,2
ORD-2025-040210,CUST-07837,2025-10-10,0.1259,5
ORD-2025-040211,CUST-05945,2025-10-18,0.025,1
ORD-2025-040212,CUST-10266,2025-10-21,0.2545,3
ORD-2025-040213,CUST-12601,2025-10-04,0.2558,2
ORD-2025-040214,CUST-11510,2025-10-26,0.057,1
ORD-2025-040215,CUST-00876,2025-10-04,0.0648,2
ORD-2025-040216,CUST-07454,2025-10-05,0.0638,1
ORD-2025-040217,CUST-07943,2025-10-26,0.3352,1
ORD-2025-040218,CUST-11852,2025-10-28,0.0998,1
ORD-2025-040219,CUST-05904,2025-10-03,0.077,1
ORD-2025-040220,CUST-07704,2025-10-17,0.0247,1
ORD-2025-040221,CUST-07264,2025-10-30,0.1344,2
ORD-2025-040222,CUST-07256,2025-10-17,0.0507,5
ORD-2025-040223,CUST-11844,2025-10-19,0.0073,1
ORD-2025-040224,CUST-13049,2025-10-20,0.0893,1
ORD-2025-040225,CUST-11442,2025-10-20,0.1361,3
ORD-2025-040226,CUST-00968,2025-10-07,0.0454,1
ORD-2025-040227,CUST-09404,2025-10-30,0.0062,1
ORD-2025-040228,CUST-10772,2025-10-27,0.1606,1
ORD-2025-040229,CUST-02459,2025-10-16,0.0437,1
ORD-2025-040230,CUST-12086,2025-10-18,0.1398,5
ORD-2025-040231,CUST-07549,2025-10-25,0.0522,1
ORD-2025-040232,CUST-02149,2025-10-29,0.0054,1
ORD-2025-040233,CUST-08755,2025-10-28,0.0219,1
ORD-2025-040234,CUST-11081,2025-10-19,0.052,2
ORD-2025-040235,CUST-03071,2025-10-30,0.1154,1
ORD-2025-040236,CUST-09173,2025-10-06,0.0919,1
ORD-2025-040237,CUST-13032,2025-10-25,0.0142,1
ORD-2025-040238,CUST-12803,2025-10-21,0.108,1
ORD-2025-040239,CUST-10397,2025-10-30,0.1064,1
ORD-2025-040240,CUST-09478,2025-10-31,0.0383,1
ORD-2025-040241,CUST-10027,2025-10-01,0.0024,1
ORD-2025-040242,CUST-02746,2025-10-18,0.126,1
ORD-2025-040243,CUST-05825,2025-10-07,0.1943,1
ORD-2025-040244,CUST-11871,2025-10-09,0.0674,3
ORD-2025-040245,CUST-02007,2025-10-24,0.1962,2
ORD-2025-040246,CUST-09089,2025-10-24,0.1457,3
ORD-2025-040247,CUST-08785,2025-10-21,0.0202,1
ORD-2025-040248,CUST-11774,2025-10-07,0.0879,2
ORD-2025-040249,CUST-06282,2025-10-27,0.1533,2
ORD-2025-040250,CUST-05075,2025-10-25,0.0613,2
ORD-2025-040251,CUST-07630,2025-10-22,0.1,3
ORD-2025-040252,CUST-03608,2025-10-05,0.0729,2
ORD-2025-040253,CUST-08873,2025-10-20,0.0539,1
ORD-2025-040254,CUST-12323,2025-10-08,0.0532,1
ORD-2025-040255,CUST-05328,2025-10-04,0.0321,1
ORD-2025-040256,CUST-04985,2025-10-12,0.1077,3
ORD-2025-040257,CUST-00218,2025-10-06,0.1022,1
ORD-2025-040258,CUST-07447,2025-10-22,0.1324,1
ORD-2025-040259,CUST-04014,2025-10-04,0.0227,3
ORD-2025-040260,CUST-12313,2025-10-03,0.0991,1
ORD-2025-040261,CUST-08830,2025-10-24,0.0005,1
ORD-2025-040262,CUST-07211,2025-10-19,0.0226,1
ORD-2025-040263,CUST-08285,2025-10-10,0.0521,1
ORD-2025-040264,CUST-09267,2025-10-03,0.0268,2
ORD-2025-040265,CUST-02965,2025-10-02,0.1139,1
ORD-2025-040266,CUST-04170,2025-10-31,0.1402,1
ORD-2025-040267,CUST-08045,2025-10-07,0.0933,1
ORD-2025-040268,CUST-07273,2025-10-02,0.0434,1
ORD-2025-040269,CUST-10657,2025-10-21,0.1637,2
ORD-2025-040270,CUST-00482,2025-10-22,0.169,1
ORD-2025-040271,CUST-08725,2025-10-20,0.0542,1
ORD-2025-040272,CUST-02776,2025-10-27,0.054,1
ORD-2025-040273,CUST-07069,2025-10-20,0.1784,1
ORD-2025-040274,CUST-11613,2025-10-05,0.0378,3
ORD-2025-040275,CUST-12202,2025-10-06,0.0358,2
ORD-2025-040276,CUST-06100,2025-10-17,0.1162,1
ORD-2025-040277,CUST-02358,2025-10-07,0.1078,1
ORD-2025-040278,CUST-01376,2025-10-28,0.2317,3
ORD-2025-040279,CUST-11166,2025-10-14,0.0864,2
ORD-2025-040280,CUST-13095,2025-10-06,0.2219,2
ORD-2025-040281,CUST-06825,2025-10-08,0.2786,4
ORD-2025-040282,CUST-13286,2025-10-24,0.0264,2
ORD-2025-040283,CUST-01436,2025-10-12,0.0627,1
ORD-2025-040284,CUST-12825,2025-10-01,0.0392,4
ORD-2025-040285,CUST-13187,2025-10-09,0.2429,1
ORD-2025-040286,CUST-03832,2025-10-30,0.1018,1
ORD-2025-040287,CUST-08053,2025-10-15,0.2497,1
ORD-2025-040288,CUST-00784,2025-10-26,0.1411,1
ORD-2025-040289,CUST-00600,2025-10-14,0.0717,3
ORD-2025-040290,CUST-01945,2025-10-01,0.175,1
ORD-2025-040291,CUST-06825,2025-10-24,0.1195,1
ORD-2025-040292,CUST-02636,2025-10-19,0.1027,1
ORD-2025-040293,CUST-08951,2025-10-28,0.0693,1
ORD-2025-040294,CUST-09679,2025-10-05,0.0527,1
ORD-2025-040295,CUST-08556,2025-10-22,0.3843,1
ORD-2025-040296,CUST-08850,2025-10-14,0.1237,1
ORD-2025-040297,CUST-06428,2025-10-10,0.0505,3
ORD-2025-040298,CUST-12692,2025-10-17,0.2217,1
ORD-2025-040299,CUST-02487,2025-10-24,0.0707,1
ORD-2025-040300,CUST-11792,2025-10-25,0.2186,1
ORD-2025-040301,CUST-07212,2025-10-14,0.0831,3
ORD-2025-040302,CUST-04673,2025-10-29,0.0753,1
ORD-2025-040303,CUST-12624,2025-10-28,0.0473,2
ORD-2025-040304,CUST-08054,2025-10-10,0.0391,5
ORD-2025-040305,CUST-12440,2025-10-07,0.2666,3
ORD-2025-040306,CUST-13151,2025-10-29,0.0882,1
ORD-2025-040307,,2025-10-13,0.073,1
ORD-2025-040308,CUST-10358,2025-10-13,0.0245,1
ORD-2025-040309,CUST-11382,2025-10-17,0.0411,1
ORD-2025-040310,CUST-00422,2025-10-24,0.0707,3
ORD-2025-040311,CUST-06920,2025-10-04,0.0499,3
ORD-2025-040312,CUST-09409,2025-10-22,0.0147,1
ORD-2025-040313,CUST-00912,2025-10-08,0.1731,3
ORD-2025-040314,CUST-11730,2025-10-03,0.088,1
ORD-2025-040315,CUST-05013,2025-10-05,0.0115,2
ORD-2025-040316,CUST-07495,2025-10-29,0.0854,1
ORD-2025-040317,CUST-07639,2025-10-24,0.2128,1
ORD-2025-040318,CUST-11852,2025-10-26,0.0336,1
ORD-2025-040319,CUST-00564,2025-10-27,0.093,4
ORD-2025-040320,CUST-12041,2025-10-16,0.1326,1
ORD-2025-040321,CUST-11922,2025-10-29,0.1455,1
ORD-2025-040322,CUST-12204,2025-10-30,0.0255,2
ORD-2025-040323,CUST-07773,2025-10-22,0.0806,1
ORD-2025-040324,CUST-04997,2025-10-12,0.0708,2
ORD-2025-040325,CUST-03244,2025-10-13,0.0681,1
ORD-2025-040326,CUST-04304,2025-10-28,0.0782,1
ORD-2025-040327,CUST-07630,2025-10-22,0.2313,1
ORD-2025-040328,CUST-01264,2025-10-04,0.1413,2
ORD-2025-040329,CUST-11826,2025-10-28,0.1619,2
ORD-2025-040330,CUST-00114,2025-10-24,0.135,3
ORD-2025-040331,CUST-09729,2025-10-29,0.0298,1
ORD-2025-040332,CUST-09525,2025-10-26,0.0835,1
ORD-2025-040333,CUST-00820,2025-10-03,0.1003,2
ORD-2025-040334,CUST-12675,2025-10-04,0.0706,3
ORD-2025-040335,CUST-03677,2025-10-19,0.1443,1
ORD-2025-040336,CUST-05516,2025-10-05,0.1006,1
ORD-2025-040337,CUST-07026,2025-10-23,0.2596,2
ORD-2025-040338,CUST-06399,2025-10-30,0.0818,1
ORD-2025-040339,CUST-10098,2025-10-24,0.1848,1
ORD-2025-040340,CUST-04273,2025-10-11,0.0189,1
ORD-2025-040341,CUST-09404,2025-10-27,0.1772,1
ORD-2025-040342,CUST-11804,2025-10-03,0.0442,1
ORD-2025-040343,CUST-02622,2025-10-24,0.0541,3
ORD-2025-040344,CUST-02778,2025-10-07,0.0418,1
ORD-2025-040345,CUST-03467,2025-10-16,0.1562,3
ORD-2025-040346,CUST-09253,2025-10-03,0.1098,1
ORD-2025-040347,CUST-05638,2025-10-02,0.1445,2
ORD-2025-040348,CUST-03321,2025-10-08,0.0444,1
ORD-2025-040349,CUST-06888,2025-10-31,0.0783,2
ORD-2025-040350,CUST-00039,2025-10-21,0.0993,3
ORD-2025-040351,CUST-02956,2025-10-01,0.2659,3
ORD-2025-040352,CUST-10532,2025-10-25,0.0356,1
ORD-2025-040353,CUST-03326,2025-10-03,0.1165,2
ORD-2025-040354,CUST-09569,2025-10-10,0.1275,2
ORD-2025-040355,CUST-07639,2025-10-06,0.0067,1
ORD-2025-040356,CUST-09826,2025-10-21,0.0078,1
ORD-2025-040357,CUST-06316,2025-10-27,0.0542,1
ORD-2025-040358,CUST-07906,2025-10-25,0.0151,2
ORD-2025-040359,CUST-04513,2025-10-05,0.0681,2
ORD-2025-040360,CUST-06082,2025-10-18,0.1014,2
ORD-2025-040361,CUST-09575,2025-10-03,0.0364,1
ORD-2025-040362,CUST-09377,2025-10-09,0.0978,3
ORD-2025-040363,CUST-05320,2025-10-04,0.0115,1
ORD-2025-040364,CUST-12632,2025-10-01,0.064,1
ORD-2025-040365,CUST-04949,2025-10-03,0.0495,3
ORD-2025-040366,CUST-09251,2025-10-02,0.0907,1
ORD-2025-040367,CUST-01614,2025-10-31,0.0442,2
ORD-2025-040368,CUST-04170,2025-10-28,0.2012,1
ORD-2025-040369,CUST-03571,2025-10-17,0.0848,1
ORD-2025-040370,CUST-01757,2025-10-04,0.0667,2
ORD-2025-040371,CUST-08387,2025-10-27,0.057,1
ORD-2025-040372,CUST-08438,2025-10-16,0.1068,2
ORD-2025-040373,CUST-07321,2025-10-02,0.1418,1
ORD-2025-040374,CUST-03681,2025-10-19,0.0815,3
ORD-2025-040375,CUST-00474,2025-10-02,0.1932,2
ORD-2025-040376,CUST-04125,2025-10-17,0.1318,1
ORD-2025-040377,CUST-07944,2025-10-12,0.0302,1
ORD-2025-040378,CUST-07133,2025-10-10,0.1507,3
ORD-2025-040379,CUST-06324,2025-10-23,0.1395,1
ORD-2025-040380,CUST-01047,2025-10-21,0.3898,1
ORD-2025-040381,,2025-10-09,0.007,3
ORD-2025-040382,CUST-04487,2025-10-25,0.0821,1
ORD-2025-040383,CUST-07704,2025-10-31,0.2191,1
ORD-2025-040384, CUST-12356 ,2025-10-21,0.0663,1
ORD-2025-040385,CUST-11366,2025-10-29,0.041,4
ORD-2025-040386,CUST-08223,2025-10-21,0.0721,1
ORD-2025-040387,CUST-01680,2025-10-21,0.043,2
ORD-2025-040388,CUST-10128,2025-10-16,0.1653,1
ORD-2025-040389,CUST-12016,2025-10-20,0.0547,1
ORD-2025-040390,CUST-07732,2025-10-24,0.1023,1
ORD-2025-040391,CUST-04176,2025-10-05,0.0284,2
ORD-2025-040392,CUST-05046,2025-10-03,0.0154,1
ORD-2025-040393,CUST-07674,2025-10-28,0.1127,1
ORD-2025-040394,CUST-01683,2025-10-15,0.2118,1
ORD-2025-040395,CUST-09803,2025-10-07,0.1074,3
ORD-2025-040396,CUST-11920,2025-10-07,0.0782,2
ORD-2025-040397,CUST-09124,2025-10-11,0.074,2
ORD-2025-040398,CUST-11612,2025-10-28,0.0323,2
ORD-2025-040399,CUST-06653,2025-10-06,0.0445,2
ORD-2025-040400,CUST-01520,2025-10-04,0.0896,1
ORD-2025-040401,CUST-00581,2025-10-06,0.2918,3
ORD-2025-040402,CUST-07641,2025-10-16,0.0653,1
ORD-2025-040403,CUST-12053,2025-10-26,0.2524,3
ORD-2025-040404,CUST-10834,2025-10-26,0.1336,1
ORD-2025-040405,CUST-12312,2025-10-31,0.0269,1
ORD-2025-040406,CUST-05079,2025-10-16,0.0298,1
ORD-2025-040407,CUST-10615,2025-10-07,0.052,1
ORD-2025-040408,CUST-05573,2025-10-16,0.0378,1
ORD-2025-040409,,2025-10-05,0.0383,2
ORD-2025-040410,CUST-11249,2025-10-01,0.0527,1
ORD-2025-040411,CUST-10346,2025-10-16,0.0025,1
ORD-2025-040412,CUST-09571,2025-10-09,0.1179,2
ORD-2025-040413,CUST-03250,2025-10-16,0.0169,1
ORD-2025-040414,CUST-08027,2025-10-31,0.0409,1
ORD-2025-040415,CUST-04607,2025-10-09,0.069,1
ORD-2025-040416,CUST-00097,2025-10-10,0.0979,1
ORD-2025-040417,CUST-03204,2025-10-12,0.047,1
ORD-2025-040418,,2025-10-21,0.0286,1
ORD-2025-040419,CUST-04277,2025-10-02,0.0621,3
ORD-2025-040420,CUST-04662,2025-10-12,0.0367,3
ORD-2025-040421,CUST-11810,2025-10-03,0.1699,2
ORD-2025-040422,CUST-02667,2025-10-08,0.127,3
ORD-2025-040423,CUST-03389,2025-10-17,0.1362,1
ORD-2025-040424,CUST-11035,2025-10-09,0.0896,3
ORD-2025-040425,CUST-08827,2025-10-08,0.0333,3
ORD-2025-040426,CUST-08421,2025-10-13,0.0063,1
ORD-2025-040427,CUST-09655,2025-10-14,0.2269,1
ORD-2025-040428,CUST-10541,2025-10-10,0.1016,2
ORD-2025-040429,CUST-07485,2025-10-24,0.0406,1
ORD-2025-040430,CUST-12734,2025-10-15,0.0603,1
ORD-2025-040431,CUST-05426,2025-10-02,0.0647,4
ORD-2025-040432,CUST-12887,,0.1338,1
ORD-2025-040433,CUST-00291,2025-10-13,0.0751,3
ORD-2025-040434,CUST-11397,2025-10-23,0.1178,3
ORD-2025-040435,CUST-10062,2025-10-07,0.0737,2
ORD-2025-040436,CUST-02681,2025-10-15,0.1555,1
ORD-2025-040437,CUST-05075,2025-10-31,0.0649,2
ORD-2025-040438,CUST-13161,2025-10-12,0.0712,1
ORD-2025-040439,CUST-04242,2025-10-10,0.1511,2
ORD-2025-040440,CUST-07463,2025-10-21,0.0579,2
ORD-2025-040441,CUST-00127,2025-10-25,0.1052,2
ORD-2025-040442,CUST-10062,2025-10-25,0.1703,1
ORD-2025-040443,CUST-03083,2025-10-17,0.0303,1
ORD-2025-040444,CUST-11213,2025-10-25,0.1297,1
ORD-2025-040445,CUST-11889,2025-10-26,0.3159,1
ORD-2025-040446,CUST-07463,2025-10-24,0.1288,1
ORD-2025-040447,CUST-02391,2025-10-17,0.0617,1
ORD-2025-040448,CUST-10458,2025-10-12,0.0539,2
ORD-2025-040449,CUST-12632,2025-10-23,0.0558,2
ORD-2025-040450,CUST-06513,2025-10-05,0.0382,2
ORD-2025-040451,CUST-00382,2025-10-02,0.058,1
ORD-2025-040452,CUST-05168,2025-10-11,0.1225,2
ORD-2025-040453,CUST-05243,2025-10-07,0.0763,3
ORD-2025-040454,CUST-11670,2025-10-01,0.0488,1
ORD-2025-040455,CUST-00377,2025-10-20,0.2186,1
ORD-2025-040456,CUST-04700,2025-10-09,0.0796,1
ORD-2025-040457,CUST-11637,2025-10-13,0.2011,1
ORD-2025-040458,CUST-03607,2025-10-13,0.0594,1
ORD-2025-040459,CUST-07883,2025-10-22,0.0293,2
ORD-2025-040460,CUST-01390,2025-10-26,0.1505,2
ORD-2025-040461,CUST-11554,2025-10-15,0.1557,1
ORD-2025-040462,CUST-08934,2025-10-30,0.0842,3
ORD-2025-040463,CUST-04159,2025-10-26,0.182,1
ORD-2025-040464,CUST-08285,2025-10-14,0.0097,1
ORD-2025-040465,CUST-10563,2025-10-07,0.0689,3
ORD-2025-040466,CUST-05966,2025-10-21,0.0576,1
ORD-2025-040467,CUST-01864,2025-10-11,0.2428,1
ORD-2025-040468,CUST-11223,2025-10-14,0.0185,2
ORD-2025-040469,CUST-02513,2025-10-20,0.0357,2
ORD-2025-040470,CUST-03051,2025-10-09,0.0568,1
ORD-2025-040471,CUST-06828,2025-10-14,0.138,3
ORD-2025-040472,CUST-02246,2025-10-15,0.0262,2
ORD-2025-040473,CUST-11174,2025-10-07,0.0769,2
ORD-2025-040474,CUST-00434,2025-10-05,0.1447,1
ORD-2025-040475,CUST-03215,2025-10-31,0.0896,1
ORD-2025-040476,CUST-03925,2025-10-18,0.1365,1
ORD-2025-040477,CUST-09393,2025-10-25,0.1481,3
ORD-2025-040478,CUST-09841,2025-10-04,0.0317,1
ORD-2025-040479,CUST-02074,2025-10-04,0.0356,2
ORD-2025-040480,CUST-11220,2025-10-06,0.0608,3
ORD-2025-040481,CUST-13078,2025-10-01,0.0741,3
ORD-2025-040482,CUST-04326,2025-10-26,0.0388,1
ORD-2025-040483,CUST-03508,2025-10-03,0.0571,2
ORD-2025-040484,CUST-11789,2025-10-18,0.362,1
ORD-2025-040485,CUST-04680,2025-10-04,0.0416,1
ORD-2025-040486,CUST-00541,2025-10-24,0.4391,1
ORD-2025-040487,CUST-00025,2025-10-06,0.0485,3
ORD-2025-040488,CUST-06455,2025-10-03,0.0412,2
ORD-2025-040489,CUST-12041,2025-10-30,0.0356,2
ORD-2025-040490,CUST-01684,2025-10-04,0.3272,1
ORD-2025-040491,CUST-03681,2025-10-11,0.0554,2
ORD-2025-040492,CUST-10746,2025-10-10,0.0618,1
ORD-2025-040493,CUST-01053,2025-10-05,0.1172,1
ORD-2025-040494,CUST-00476,2025-10-17,0.0764,3
ORD-2025-040495,CUST-13155,2025-10-25,0.0568,2
ORD-2025-040496,CUST-03970,2025-10-05,0.0463,1
ORD-2025-040497,CUST-12314,2025-10-04,0.0615,1
ORD-2025-040498,CUST-02448,2025-10-13,0.0628,3
ORD-2025-040499,CUST-08674,2025-10-28,0.0253,2
ORD-2025-040500,CUST-02965,2025-10-08,0.1221,2
ORD-2025-040501,CUST-04027,2025-10-28,0.0067,1
ORD-2025-040502,CUST-05887,2025-10-02,0.0809,2
ORD-2025-040503,CUST-00192,2025-10-01,0.0617,3
ORD-2025-040504,CUST-02222,2025-10-02,0.102,2
ORD-2025-040505,CUST-09905,2025-10-11,0.1525,1
ORD-2025-040506,CUST-08126,2025-10-21,0.056,3
ORD-2025-040507,CUST-07451,2025-10-12,0.0538,2
ORD-2025-040508,CUST-02072,2025-10-10,0.0567,1
ORD-2025-040509,CUST-12834,2025-10-18,0.0627,1
ORD-2025-040510,CUST-01732,2025-10-12,0.1326,1
ORD-2025-040511,CUST-06292,2025-10-08,0.124,1
ORD-2025-040512,CUST-08691,2025-10-06,0.1312,2
ORD-2025-040513,CUST-05316,2025-10-22,0.064,1
ORD-2025-040514,CUST-04644,2025-10-07,0.0236,4
ORD-2025-040515,CUST-05752,2025-10-18,0.39,2
ORD-2025-040516,CUST-07091,2025-10-24,0.2054,1
ORD-2025-040517,CUST-08152,2025-10-08,0.0758,1
ORD-2025-040518,CUST-07317,2025-10-28,0.2946,3
ORD-2025-040519,CUST-01936,2025-10-26,0.0497,4
ORD-2025-040520,CUST-07238,2025-10-24,0.0922,1
ORD-2025-040521,CUST-02790,2025-10-08,0.0236,1
ORD-2025-040522,CUST-07749,2025-10-11,0.0946,2
ORD-2025-040523,CUST-10007,2025-10-08,0.0445,1
ORD-2025-040524,CUST-09803,2025-10-06,0.153,1
ORD-2025-040525,CUST-01103,2025-10-09,0.0506,1
ORD-2025-040526,CUST-03881,2025-10-30,0.019,1
ORD-2025-040527,CUST-05427,2025-10-16,0.0245,1
ORD-2025-040528,CUST-05602,2025-10-14,0.0153,2
ORD-2025-040529,CUST-05345,2025-10-11,0.1348,3
ORD-2025-040530,CUST-08441,2025-10-06,0.2285,1
ORD-2025-040531,CUST-07319,2025-10-06,0.0063,1
ORD-2025-040532,CUST-08324,2025-10-16,0.0896,2
ORD-2025-040533,CUST-07768,2025-10-11,0.1048,1
ORD-2025-040534,CUST-10322,2025-10-15,0.1201,1
ORD-2025-040535,CUST-12041,2025-10-15,0.0479,4
ORD-2025-040536,CUST-10130,2025-10-18,0.0581,2
ORD-2025-040537,CUST-06954,2025-10-10,0.093,1
ORD-2025-040538,CUST-00867,2025-10-04,0.1282,2
ORD-2025-040539,CUST-02246,2025-10-05,0.0506,2
ORD-2025-040540,CUST-07471,2025-10-06,0.0947,1
ORD-2025-040541,CUST-03649,2025-10-19,0.1842,1
ORD-2025-040542,CUST-07019,2025-10-28,0.0702,2
ORD-2025-040543,CUST-12672,2025-10-16,0.1789,2
ORD-2025-040544,CUST-11847,2025-10-23,0.0684,1
ORD-2025-040545,CUST-05273,2025-10-26,0.0648,1
ORD-2025-040546,CUST-00728,2025-10-24,0.0667,2
ORD-2025-040547,CUST-11459,2025-10-10,0.0868,2
ORD-2025-040548,CUST-08256,2025-10-04,0.0525,1
ORD-2025-040549,CUST-03829,2025-10-21,0.0886,2
ORD-2025-040550,CUST-07582,2025-10-07,0.0231,2
ORD-2025-040551,CUST-02474,2025-10-14,0.1111,3
ORD-2025-040552,CUST-02818,2025-10-24,0.1367,1
ORD-2025-040553,CUST-03834,2025-10-17,0.1391,3
ORD-2025-040554,CUST-01431,2025-10-23,0.0822,1
ORD-2025-040555,CUST-03653,2025-10-03,0.1725,1
ORD-2025-040556,CUST-05369,2025-10-08,0.0637,1
ORD-2025-040557,CUST-07480,2025-10-01,0.1973,2
ORD-2025-040558,CUST-05732,2025-10-11,0.0633,3
ORD-2025-040559,CUST-01435,2025-10-03,0.1679,1
ORD-2025-040560,CUST-09412,2025-10-17,0.0656,1
ORD-2025-040561,CUST-00205,2025-10-28,0.1615,1
ORD-2025-040562,CUST-08931,2025-10-22,0.0412,1
ORD-2025-040563,CUST-04680,2025-10-14,0.1156,3
ORD-2025-040564,CUST-10563,2025-10-07,0.0235,1
ORD-2025-040565,CUST-13129,2025-10-20,0.0689,2
ORD-2025-040566,CUST-04168,2025-10-19,0.0335,2
ORD-2025-040567,CUST-12163,2025-10-25,0.1074,5
ORD-2025-040568,CUST-03676,2025-10-27,0.0739,2
ORD-2025-040569,CUST-01390,2025-10-01,0.1744,1
ORD-2025-040570,CUST-01075,2025-10-07,0.1444,3
ORD-2025-040571,CUST-06630,2025-10-19,0.1396,3
ORD-2025-040572,CUST-08041,2025-10-25,0.1144,1
ORD-2025-040573,CUST-01798,2025-10-24,0.0534,2
ORD-2025-040574,CUST-09731,2025-10-06,0.0216,1
ORD-2025-040575,CUST-09000,2025-10-09,0.0238,1
ORD-2025-040576,CUST-03780,2025-10-13,0.2571,2
ORD-2025-040577,CUST-08957,2025-10-26,0.0238,1
ORD-2025-040578,CUST-10142,2025-10-13,0.026,1
ORD-2025-040579,CUST-05206,2025-10-12,0.0623,1
ORD-2025-040580,CUST-08929,2025-10-18,0.0473,1
ORD-2025-040581,CUST-09595,2025-10-02,0.1353,2
ORD-2025-040582,CUST-07823,2025-10-24,0.1548,3
ORD-2025-040583,CUST-13059,2025-10-29,0.2597,3
ORD-2025-040584,CUST-03634,2025-10-01,0.0266,2
ORD-2025-040585,CUST-01357,2025-10-07,0.0693,1
ORD-2025-040586,CUST-06342,2025-10-21,0.19,3
ORD-2025-040587,CUST-01596,2025-10-19,0.2342,1
ORD-2025-040588,CUST-10189,2025-10-09,0.4198,1
ORD-2025-040589,CUST-11250,2025-10-29,0.0374,3
ORD-2025-040590,CUST-07004,2025-10-27,0.0507,3
ORD-2025-040591,CUST-12649,2025-10-04,0.0359,1
ORD-2025-040592,CUST-09006,2025-10-23,0.0113,1
ORD-2025-040593,CUST-00239,2025-10-02,0.2139,4
ORD-2025-040594,CUST-12238,2025-10-14,0.2288,1
ORD-2025-040595,CUST-05872,2025-10-27,0.0813,1
ORD-2025-040596,CUST-04012,2025-10-03,0.0672,1
ORD-2025-040597,CUST-07480,2025-10-09,0.1699,1
ORD-2025-040598,CUST-10442,2025-10-01,0.1737,1
ORD-2025-040599,CUST-02800,2025-10-27,0.3661,2
ORD-2025-040600,CUST-11819,2025-10-30,0.1199,1
ORD-2025-040601,CUST-08459,2025-10-04,0.0673,3
ORD-2025-040602,CUST-06720,2025-10-01,0.1366,3
ORD-2025-040603,CUST-13224,2025-10-12,0.1151,1
ORD-2025-040604,CUST-06455,2025-10-10,0.0299,2
ORD-2025-040605,CUST-12251,2025-10-12,0.0575,3
ORD-2025-040606,CUST-02610,2025-10-16,0.1294,1
ORD-2025-040607,CUST-03605,2025-10-21,0.2382,2
ORD-2025-040608,CUST-05471,2025-10-29,0.1521,2
ORD-2025-040609,CUST-11420,2025-10-09,0.2003,1
ORD-2025-040610,CUST-03324,2025-10-08,0.1425,1
ORD-2025-040611,CUST-00588,2025-10-10,0.0803,2
ORD-2025-040612,CUST-04563,2025-10-26,0.0206,2
ORD-2025-040613,CUST-11685,2025-10-23,0.0869,1
ORD-2025-040614,CUST-07979,2025-10-16,0.126,1
ORD-2025-040615,CUST-03742,2025-10-03,0.1008,3
ORD-2025-040616,CUST-04893,2025-10-30,0.1543,2
ORD-2025-040617,CUST-03690,2025-10-06,0.0361,3
ORD-2025-040618,CUST-05982,2025-10-04,0.2473,2
ORD-2025-040619,CUST-01494,2025-10-08,0.3784,1
ORD-2025-040620,CUST-04307,2025-10-19,0.0846,1
ORD-2025-040621,CUST-00295,2025-10-18,0.2723,1
ORD-2025-040622,CUST-13293,2025-10-16,0.0469,1
ORD-2025-040623,CUST-08152,2025-10-12,0.0629,2
ORD-2025-040624,CUST-02007,2025-10-26,0.1293,3
ORD-2025-040625,CUST-02834,2025-10-20,0.0258,2
ORD-2025-040626,CUST-09506,2025-10-22,0.2243,1
ORD-2025-040627,CUST-06502,2025-10-01,0.1495,4
ORD-2025-040628,CUST-10304,2025-10-08,0.1147,2
ORD-2025-040629,CUST-01659,2025-10-14,0.0926,1
ORD-2025-040630,CUST-05671,2025-10-10,0.0319,3
ORD-2025-040631,CUST-08256,2025-10-25,0.1852,2
ORD-2025-040632,CUST-11273,2025-10-18,0.0145,1
ORD-2025-040633,CUST-00550,2025-10-08,0.3987,1
ORD-2025-040634,CUST-03276,2025-10-22,0.2505,2
ORD-2025-040635,CUST-09008,2025-10-21,0.1707,1
ORD-2025-040636,CUST-10338,2025-10-29,0.0477,1
ORD-2025-040637,CUST-08579,2025-10-28,0.2462,3
ORD-2025-040638,CUST-08767,2025-10-02,0.1201,1
ORD-2025-040639,CUST-03775,2025-10-29,0.0304,1
ORD-2025-040640,CUST-04276,2025-10-18,0.0876,1
ORD-2025-040641,CUST-07181,2025-10-08,0.0758,1
ORD-2025-040642,CUST-11842,2025-10-17,0.0782,1
ORD-2025-040643,CUST-05756,2025-10-01,0.038,1
ORD-2025-040644,CUST-04268,,0.1339,2
ORD-2025-040645,CUST-01231,2025-10-31,0.072,1
ORD-2025-040646,CUST-09643,2025-10-21,0.1269,3
ORD-2025-040647,CUST-13091,2025-10-28,0.0478,3
ORD-2025-040648,CUST-07048,2025-10-30,0.0807,1
ORD-2025-040649,CUST-01497,2025-10-22,0.0072,1
ORD-2025-040650,CUST-00820,2025-10-06,0.1711,1
ORD-2025-040651,CUST-03727,2025-10-09,0.1193,1
ORD-2025-040652,CUST-03991,2025-10-17,0.0105,1
ORD-2025-040653,CUST-07524,2025-10-13,0.1185,1
ORD-2025-040654,CUST-11469,2025-10-26,0.1022,1
ORD-2025-040655,CUST-09406,2025-10-07,0.0668,1
ORD-2025-040656,CUST-08114,2025-10-07,0.0236,1
ORD-2025-040657,CUST-09524,2025-10-24,0.1107,1
ORD-2025-040658,CUST-09239,2025-10-12,0.1296,1
ORD-2025-040659,CUST-10541,2025-10-18,0.1012,1
ORD-2025-040660,CUST-01202,2025-10-08,0.0844,1
ORD-2025-040661,CUST-13143,2025-10-22,0.1082,2
ORD-2025-040662,CUST-04338,2025-10-27,0.0664,1
ORD-2025-040663,CUST-10085,2025-10-11,0.0186,1
ORD-2025-040664,CUST-04542,2025-10-31,0.021,1
ORD-2025-040665,CUST-12150,2025-10-13,0.1589,2
ORD-2025-040666,CUST-05676,2025-10-20,0.0366,1
ORD-2025-040667,CUST-07616,2025-10-24,0.0944,1
ORD-2025-040668,CUST-05426,2025-10-28,0.0924,1
ORD-2025-040669,CUST-09176,2025-10-21,0.1618,2
ORD-2025-040670,CUST-13002,2025-10-31,0.35,2
ORD-2025-040671,CUST-02797,2025-10-28,0.0091,1
ORD-2025-040672,CUST-11219,2025-10-19,0.1231,1
ORD-2025-040673,CUST-06954,2025-10-24,0.0192,1
ORD-2025-040674,CUST-12098,2025-10-29,0.1736,1
ORD-2025-040675,CUST-07610,2025-10-05,0.2893,1
ORD-2025-040676,CUST-02821,2025-10-19,0.068,2
ORD-2025-040677,CUST-05979,2025-10-25,0.1662,1
ORD-2025-040678,CUST-04266,2025-10-30,0.0194,2
ORD-2025-040679,CUST-00863,2025-10-26,0.0759,1
ORD-2025-040680,CUST-07156,2025-10-24,0.048,1
ORD-2025-040681,CUST-06070,2025-10-25,0.1391,2
ORD-2025-040682,CUST-07823,2025-10-29,0.1348,2
ORD-2025-040683,CUST-10552,2025-10-28,0.1405,2
ORD-2025-040684,CUST-06790,2025-10-06,0.0455,1
ORD-2025-040685,CUST-07961,2025-10-24,0.1355,2
ORD-2025-040686,CUST-09595,2025-10-13,0.0272,1
ORD-2025-040687,CUST-02416,2025-10-07,0.1403,3
ORD-2025-040688,CUST-09731,2025-10-10,0.0347,1
ORD-2025-040689,CUST-03738,2025-10-24,0.035,1
ORD-2025-040690,CUST-11848,2025-10-11,0.0249,1
ORD-2025-040691,CUST-05604,2025-10-08,0.1644,1
ORD-2025-040692,CUST-05196,2025-10-08,0.2271,1
ORD-2025-040693,CUST-06956,2025-10-08,0.115,1
ORD-2025-040694,CUST-00558,2025-10-01,0.0708,1
ORD-2025-040695,CUST-11716,2025-10-22,0.1441,1
ORD-2025-040696,CUST-04319,2025-10-20,0.0822,2
ORD-2025-040697,CUST-01740,2025-10-23,0.0707,1
ORD-2025-040698,CUST-00172,2025-10-20,0.0289,5
ORD-2025-040699,CUST-07433,2025-10-10,0.1637,1
ORD-2025-040700,CUST-03254,2025-10-24,0.1819,2
ORD-2025-040701,CUST-04727,2025-10-31,0.0942,5
ORD-2025-040702,CUST-05516,2025-10-02,0.0438,3
ORD-2025-040703,CUST-04240,2025-10-24,0.147,2
ORD-2025-040704,CUST-01304,2025-10-09,0.031,1
ORD-2025-040705,CUST-08368,2025-10-20,0.0607,1
ORD-2025-040706,CUST-12574,2025-10-06,0.0721,1
ORD-2025-040707,CUST-12733,2025-10-31,0.0847,1
ORD-2025-040708,CUST-12882,2025-10-17,0.0494,1
ORD-2025-040709,CUST-07851,2025-10-03,0.043,1
ORD-2025-040710,CUST-09404,2025-10-07,0.1251,2
ORD-2025-040711,CUST-09521,2025-10-23,0.1122,1
ORD-2025-040712,CUST-00164,2025-10-05,0.2654,2
ORD-2025-040713,CUST-05406,2025-10-26,0.1059,3
ORD-2025-040714,CUST-08588,2025-10-13,0.2177,3
ORD-2025-040715,CUST-02403,2025-10-15,0.0598,3
ORD-2025-040716,CUST-10704,2025-10-16,0.272,1
ORD-2025-040717,CUST-06502,2025-10-05,0.1345,3
ORD-2025-040718,CUST-04706,2025-10-19,0.009,3
ORD-2025-040719,CUST-06170,2025-10-22,0.034,1
ORD-2025-040720,CUST-06045,2025-10-13,0.0412,2
ORD-2025-040721,CUST-12254,2025-10-10,0.0393,2
ORD-2025-040722,CUST-04594,2025-10-25,0.0532,1
ORD-2025-040723,CUST-04446,2025-10-07,0.0674,1
ORD-2025-040724,CUST-08084,2025-10-14,0.0548,2
ORD-2025-040725,CUST-06697,2025-10-19,0.1622,3
ORD-2025-040726,CUST-08065,2025-10-21,0.0793,1
ORD-2025-040727,CUST-11837,2025-10-05,0.0126,1
ORD-2025-040728,CUST-09371,2025-10-01,0.0589,1
ORD-2025-040729,CUST-02110,2025-10-11,0.0522,2
ORD-2025-040730,CUST-05765,2025-10-12,0.0266,3
ORD-2025-040731,CUST-00493,2025-10-06,0.0379,1
ORD-2025-040732,CUST-05194,2025-10-28,0.3447,1
ORD-2025-040733,CUST-04027,2025-10-16,0.0444,1
ORD-2025-040734,CUST-07399,2025-10-11,0.0601,1
ORD-2025-040735,CUST-10703,2025-10-14,0.0526,2
ORD-2025-040736,CUST-00301,2025-10-14,0.0854,1
ORD-2025-040737,CUST-02585,2025-10-22,0.0688,1
ORD-2025-040738,CUST-04612,2025-10-11,0.0946,1
ORD-2025-040739,CUST-07823,2025-10-21,0.0821,1
ORD-2025-040740,CUST-09016,2025-10-17,0.358,1
ORD-2025-040741,CUST-09803,2025-10-27,0.1514,2
ORD-2025-040742,CUST-10435,2025-10-27,0.1568,2
ORD-2025-040743,CUST-05196,2025-10-29,0.1204,1
ORD-2025-040744,CUST-07399,2025-10-08,0.0919,1
ORD-2025-040745,CUST-02310,2025-10-13,0.1657,2
ORD-2025-040746,CUST-03571,2025-10-19,0.0749,1
ORD-2025-040747,CUST-05264,2025-10-28,0.0434,1
ORD-2025-040748,CUST-11366,2025-10-08,0.0258,1
ORD-2025-040749,CUST-09880,2025-10-13,0.0402,1
ORD-2025-040750,CUST-07057,2025-10-26,0.2862,1
ORD-2025-040751,CUST-02820,2025-10-24,0.0356,2
ORD-2025-040752,CUST-13183,2025-10-28,0.0547,3
ORD-2025-040753,CUST-13104,2025-10-29,0.0777,5
ORD-2025-040754,CUST-03736,2025-10-12,0.0814,3
ORD-2025-040755,CUST-11318,2025-10-01,0.1977,1
ORD-2025-040756,CUST-08972,2025-10-27,0.0491,1
ORD-2025-040757,CUST-02999,2025-10-13,0.1088,1
ORD-2025-040758,CUST-02776,2025-10-09,0.0337,3
ORD-2025-040759,CUST-01846,2025-10-03,0.0919,1
ORD-2025-040760,CUST-01186,2025-10-14,0.1099,1
ORD-2025-040761,CUST-12520,2025-10-02,0.0174,2
ORD-2025-040762,CUST-10762,2025-10-15,0.0071,1
ORD-2025-040763,CUST-08782,2025-10-15,0.0158,1
ORD-2025-040764,CUST-01494,2025-10-11,0.3754,2
ORD-2025-040765,CUST-11292,2025-10-23,0.0147,1
ORD-2025-040766,CUST-01103,2025-10-27,0.0333,1
ORD-2025-040767,CUST-08703,2025-10-28,0.0745,2
ORD-2025-040768,CUST-08785,2025-10-23,0.0116,2
ORD-2025-040769,CUST-11936,2025-10-24,0.0205,2
ORD-2025-040770,CUST-09818,2025-10-12,0.3593,1
ORD-2025-040771,CUST-06756,2025-10-05,0.0454,1
ORD-2025-040772,CUST-10957,2025-10-01,0.1489,1
ORD-2025-040773,CUST-01598,2025-10-13,0.1371,2
ORD-2025-040774,CUST-10832,2025-10-13,0.3432,1
ORD-2025-040775,CUST-08674,2025-10-31,0.0177,1
ORD-2025-040776,CUST-00362,2025-10-17,0.0677,1
ORD-2025-040777,CUST-04349,2025-10-31,0.0374,2
ORD-2025-040778,CUST-07018,2025-10-26,0.091,1
ORD-2025-040779,CUST-08786,2025-10-27,0.3265,1
ORD-2025-040780,CUST-11444,2025-10-15,0.219,1
ORD-2025-040781,CUST-00564,2025-10-26,0.0474,4
ORD-2025-040782,CUST-03833,2025-10-28,0.0897,3
ORD-2025-040783,CUST-03978,2025-10-21,0.1085,2
ORD-2025-040784,CUST-00182,2025-10-25,0.031,2
ORD-2025-040785,CUST-03154,2025-10-23,0.0997,4
ORD-2025-040786,CUST-08316,2025-10-26,0.0825,1
ORD-2025-040787,CUST-10827,2025-10-02,0.0127,3
ORD-2025-040788,CUST-09380,2025-10-15,0.2822,3
ORD-2025-040789,CUST-01923,2025-10-19,0.019,3
ORD-2025-040790,CUST-02423,2025-10-21,0.0221,1
ORD-2025-040791,CUST-02576,2025-10-19,0.0504,1
ORD-2025-040792,CUST-13171,2025-10-17,0.1179,1
ORD-2025-040793,CUST-06984,2025-10-14,0.0173,3
ORD-2025-040794,CUST-10630,2025-10-04,0.0992,1
ORD-2025-040795,CUST-00578,2025-10-14,0.1738,1
ORD-2025-040796,CUST-10302,2025-10-22,0.0838,1
ORD-2025-040797,CUST-05734,2025-10-27,0.1343,3
ORD-2025-040798,CUST-04615,2025-10-29,0.2416,1
ORD-2025-040799,CUST-11781,2025-10-08,0.0817,3
ORD-2025-040800,CUST-12251,2025-10-08,0.0539,2
ORD-2025-040801,CUST-07110,2025-10-07,0.0604,2
ORD-2025-040802,CUST-12713,2025-10-29,0.142,2
ORD-2025-040803,CUST-09537,2025-10-27,0.2399,2
ORD-2025-040804,CUST-06400,2025-10-28,0.0545,3
ORD-2025-040805,CUST-12847,2025-10-02,0.0297,1
ORD-2025-040806,CUST-04366,2025-10-24,0.0361,3
ORD-2025-040807,CUST-00728,2025-10-11,0.1057,1
ORD-2025-040808,CUST-04154,2025-10-30,0.0495,1
ORD-2025-040809,CUST-03932,2025-10-13,0.0956,1
ORD-2025-040810,CUST-04689,2025-10-14,0.0191,1
ORD-2025-040811,CUST-05654,2025-10-18,0.0345,1
ORD-2025-040812,CUST-01846,2025-10-03,0.1314,1
ORD-2025-040813,CUST-06513,2025-10-26,0.0427,5
ORD-2025-040814,CUST-13486,2025-10-06,0.0132,4
ORD-2025-040815,CUST-03888,2025-10-22,0.1202,5
ORD-2025-040816,CUST-09752,2025-10-15,0.0839,3
ORD-2025-040817,CUST-02622,2025-10-29,0.0336,1
ORD-2025-040818,CUST-02289,2025-10-06,0.0649,2
ORD-2025-040819,CUST-04854,2025-10-05,0.0293,3
ORD-2025-040820,CUST-12799,2025-10-22,0.2396,2
ORD-2025-040821,CUST-06943,2025-10-03,0.0545,1
ORD-2025-040822,CUST-07035,2025-10-17,0.0143,1
ORD-2025-040823,CUST-04701,2025-10-19,0.0565,1
ORD-2025-040824,CUST-06926,2025-10-09,0.0947,3
ORD-2025-040825,CUST-07200,2025-10-23,0.0326,2
ORD-2025-040826,CUST-08873,2025-10-30,0.1522,2
ORD-2025-040827,CUST-02937,2025-10-13,0.0372,1
ORD-2025-040828,CUST-01158,2025-10-24,0.0423,1
ORD-2025-040829,CUST-02975,2025-10-08,0.1359,1
ORD-2025-040830,CUST-11603,2025-10-04,0.0062,1
ORD-2025-040831,CUST-12903,2025-10-26,0.1325,1
ORD-2025-040832,CUST-03393,2025-10-20,0.0626,1
ORD-2025-040833,CUST-00779,2025-10-08,0.0885,4
ORD-2025-040834,CUST-06051,2025-10-29,0.0772,2
ORD-2025-040835,CUST-11598,2025-10-11,0.0797,1
ORD-2025-040836,CUST-02621,2025-10-23,0.0807,1
ORD-2025-040837,CUST-05638,2025-10-28,0.0067,1
ORD-2025-040838,CUST-04046,2025-10-01,0.0461,1
ORD-2025-040839,CUST-02416,2025-10-02,0.0813,1
ORD-2025-040840,CUST-10753,2025-10-28,0.1072,1
ORD-2025-040841,CUST-08030,2025-10-13,0.0401,3
ORD-2025-040842,CUST-03832,2025-10-22,0.0797,3
ORD-2025-040843,CUST-01790,2025-10-09,0.2016,2
ORD-2025-040844,CUST-04046,2025-10-14,0.0392,2
ORD-2025-040845,CUST-07749,2025-10-17,0.2052,1
ORD-2025-040846,CUST-09792,2025-10-21,0.373,1
ORD-2025-040847,CUST-06510,2025-10-06,0.1412,1
ORD-2025-040848,CUST-07248,2025-10-10,0.0893,1
ORD-2025-040849,CUST-02892,2025-10-19,0.0186,2
ORD-2025-040850,CUST-04005,2025-10-04,0.0973,1
ORD-2025-040851,CUST-08396,2025-10-12,0.2243,1
ORD-2025-040852,CUST-06437,2025-10-03,0.0983,1
ORD-2025-040853,CUST-07095,2025-10-10,0.0781,2
ORD-2025-040854,CUST-02698,2025-10-04,0.2957,1
ORD-2025-040855,CUST-07570,2025-10-29,0.1488,1
ORD-2025-040856,CUST-03901,2025-10-15,0.0945,1
ORD-2025-040857,CUST-09895,2025-10-28,0.0287,2
ORD-2025-040858,CUST-04027,2025-10-22,0.0952,1
ORD-2025-040859,CUST-03832,2025-10-05,0.176,1
ORD-2025-040860,CUST-04103,2025-10-21,0.081,1
ORD-2025-040861,CUST-08856,2025-10-02,0.1861,1
ORD-2025-040862,CUST-09498,2025-10-30,0.2319,1
ORD-2025-040863,CUST-02965,2025-10-28,0.0962,2
ORD-2025-040864,CUST-10360,2025-10-12,0.1504,2
ORD-2025-040865,CUST-12086,2025-10-09,0.0814,1
ORD-2025-040866,CUST-07450,2025-10-13,0.0703,2
ORD-2025-040867,CUST-05733,2025-10-31,0.2447,1
ORD-2025-040868,CUST-06573,2025-10-28,0.1705,5
ORD-2025-040869,CUST-12630,2025-10-18,0.0758,2
ORD-2025-040870,CUST-10096,2025-10-26,0.0277,1
ORD-2025-040871,CUST-02085,2025-10-03,0.1076,1
ORD-2025-040872,CUST-13430,2025-10-20,0.1398,2
ORD-2025-040873,CUST-12326,2025-10-30,0.2097,1
ORD-2025-040874,CUST-01430,2025-10-03,0.1653,1
ORD-2025-040875,CUST-11198,2025-10-25,0.0542,3
ORD-2025-040876,CUST-02986,2025-10-30,0.0597,2
ORD-2025-040877,CUST-01179,2025-10-31,0.2468,2
ORD-2025-040878,CUST-05401,2025-10-25,0.0282,1
ORD-2025-040879,CUST-11366,2025-10-28,0.0321,1
ORD-2025-040880,CUST-02374,,0.0082,1
ORD-2025-040881,CUST-07163,2025-10-13,0.0127,1
ORD-2025-040882,CUST-03058,2025-10-03,0.0805,1
ORD-2025-040883,CUST-12264,2025-10-15,0.0334,1
ORD-2025-040884,CUST-11637,2025-10-14,0.1586,1
ORD-2025-040885,CUST-07818,2025-10-08,0.206,3
ORD-2025-040886,CUST-01487,2025-10-13,0.0133,2
ORD-2025-040887,CUST-00972,2025-10-18,0.0764,2
ORD-2025-040888,CUST-12064,2025-10-14,0.0609,1
ORD-2025-040889,CUST-03998,2025-10-30,0.1181,3
ORD-2025-040890,CUST-09531,2025-10-22,0.0882,1
ORD-2025-040891,CUST-13041,2025-10-22,0.0459,2
ORD-2025-040892,CUST-06077,2025-10-27,0.0121,1
ORD-2025-040893,CUST-10742,2025-10-07,0.0279,3
ORD-2025-040894,CUST-02022,2025-10-04,0.1723,1
ORD-2025-040895,CUST-09777,2025-10-08,0.047,1
ORD-2025-040896,CUST-05313,2025-10-28,0.3521,1
ORD-2025-040897,CUST-01111,2025-10-08,0.0505,1
ORD-2025-040898,CUST-00907,2025-10-18,0.1352,2
ORD-2025-040899,CUST-11471,2025-10-21,0.3181,1
ORD-2025-040900,CUST-11779,2025-10-27,0.1145,3
ORD-2025-040901,CUST-05182,2025-10-04,0.1128,3
ORD-2025-040902,CUST-01601,2025-10-02,0.0618,1
ORD-2025-040903,CUST-06160,2025-10-01,0.547,1
ORD-2025-040904,CUST-09434,2025-10-22,0.0376,1
ORD-2025-040905,CUST-11224,2025-10-30,0.0938,2
ORD-2025-040906,CUST-05717,2025-10-12,0.0364,3
ORD-2025-040907,CUST-13091,2025-10-26,0.0925,2
ORD-2025-040908,CUST-05420,2025-10-23,0.1292,2
ORD-2025-040909,CUST-08256,2025-10-03,0.1225,1
ORD-2025-040910,CUST-03401,2025-10-14,0.0475,1
ORD-2025-040911,CUST-07285,2025-10-15,0.1295,1
ORD-2025-040912,CUST-12470,2025-10-30,0.0792,2
ORD-2025-040913,CUST-02834,2025-10-07,0.0672,1
ORD-2025-040914,CUST-09371,2025-10-05,0.1068,3
ORD-2025-040915,CUST-00350,2025-10-11,0.0318,2
ORD-2025-040916,CUST-10966,2025-10-09,0.0353,1
ORD-2025-040917,CUST-02556,2025-10-08,0.0969,2
ORD-2025-040918,CUST-07168,2025-10-30,0.0435,2
ORD-2025-040919,CUST-11159,2025-10-02,0.0405,1
ORD-2025-040920,CUST-11492,2025-10-01,0.0393,1
ORD-2025-040921,CUST-02838,2025-10-28,0.1086,3
ORD-2025-040922,CUST-05819,2025-10-23,0.1106,1
ORD-2025-040923,CUST-04773,2025-10-23,0.1968,1
ORD-2025-040924,CUST-13355,2025-10-21,0.1518,2
ORD-2025-040925,CUST-10788,2025-10-05,0.089,1
ORD-2025-040926,CUST-11660,2025-10-01,0.193,2
ORD-2025-040927,CUST-07200,2025-10-15,0.1148,2
ORD-2025-040928,CUST-00246,2025-10-03,0.4187,1
ORD-2025-040929,CUST-10280,2025-10-31,0.0386,3
ORD-2025-040930,CUST-04383,2025-10-10,0.0275,2
ORD-2025-040931,CUST-08871,2025-10-22,0.0317,3
ORD-2025-040932,CUST-01257,2025-10-23,0.0241,2
ORD-2025-040933,CUST-05765,2025-10-22,0.0232,1
ORD-2025-040934,CUST-08513,2025-10-14,0.1611,1
ORD-2025-040935,CUST-09893,2025-10-31,0.01,1
ORD-2025-040936,CUST-04271,2025-10-31,0.011,1
ORD-2025-040937,CUST-13355,2025-10-10,0.2155,1
ORD-2025-040938,CUST-02919,2025-10-03,0.0277,1
ORD-2025-040939,CUST-00607,2025-10-05,0.0472,1
ORD-2025-040940,CUST-07275,2025-10-13,0.1257,1
ORD-2025-040941,CUST-04790,2025-10-11,0.2026,1
ORD-2025-040942,CUST-08174,2025-10-09,0.0604,1
ORD-2025-040943,CUST-11507,2025-10-22,0.2342,1
ORD-2025-040944,CUST-02823,2025-10-21,0.3159,1
ORD-2025-040945,CUST-03947,2025-10-15,0.1271,1
ORD-2025-040946,CUST-02533,2025-10-02,0.2109,1
ORD-2025-040947,CUST-11492,2025-10-25,0.0607,1
ORD-2025-040948,CUST-02374,2025-10-17,0.0719,2
ORD-2025-040949,CUST-11469,2025-10-09,0.0776,2
ORD-2025-040950,CUST-07749,2025-10-30,0.1858,2
ORD-2025-040951,CUST-11407,2025-10-17,0.2577,1
ORD-2025-040952,CUST-09208,2025-10-30,0.2352,1
ORD-2025-040953,CUST-07063,2025-10-18,0.021,3
ORD-2025-040954,CUST-02067,2025-10-12,0.1034,2
ORD-2025-040955,CUST-10575,2025-10-29,0.376,2
ORD-2025-040956,CUST-04012,2025-10-20,0.1009,1
ORD-2025-040957,CUST-09095,2025-10-10,0.0588,2
ORD-2025-040958,CUST-05803,2025-10-20,0.3611,1
ORD-2025-040959,CUST-02412,2025-10-15,0.0179,4
ORD-2025-040960,CUST-12653,2025-10-05,0.0534,1
ORD-2025-040961,CUST-00611,2025-10-10,0.1708,1
ORD-2025-040962,CUST-02065,2025-10-21,0.0361,2
ORD-2025-040963,CUST-12313,2025-10-14,0.0379,1
ORD-2025-040964,CUST-02504,2025-10-15,0.1303,2
ORD-2025-040965,CUST-04063,2025-10-22,0.0246,1
ORD-2025-040966,CUST-03468,2025-10-22,0.008,1
ORD-2025-040967,CUST-10719,2025-10-06,0.111,1
ORD-2025-040968,CUST-10082,2025-10-14,0.0689,3
ORD-2025-040969,,2025-10-05,0.0305,3
ORD-2025-040970,CUST-02155,2025-10-23,0.2067,3
ORD-2025-040971,CUST-05848,2025-10-03,0.2371,1
ORD-2025-040972,CUST-03086,2025-10-30,0.2165,1
ORD-2025-040973,CUST-10690,2025-10-05,0.0927,3
ORD-2025-040974,CUST-03600,2025-10-16,0.381,1
ORD-2025-040975,CUST-06237,2025-10-12,0.0728,1
ORD-2025-040976,CUST-12480,2025-10-08,0.0881,1
ORD-2025-040977,CUST-00630,2025-10-24,0.0489,1
ORD-2025-040978,CUST-07035,2025-10-20,0.0302,1
ORD-2025-040979,CUST-11459,2025-10-06,0.2076,2
ORD-2025-040980,CUST-08871,2025-10-27,0.0341,4
ORD-2025-040981,CUST-12459,2025-10-05,0.0877,1
ORD-2025-040982,CUST-12254,2025-10-11,0.0415,1
ORD-2025-040983,CUST-02392,2025-10-16,0.278,1
ORD-2025-040984,CUST-00630,2025-10-26,0.1278,2
ORD-2025-040985,CUST-12991,2025-10-11,0.0797,2
ORD-2025-040986,CUST-02349,2025-10-19,0.0846,2
ORD-2025-040987,CUST-00961,2025-10-19,0.0469,1
ORD-2025-040988,CUST-09205,2025-10-26,0.052,3
ORD-2025-040989,CUST-00052,2025-10-17,0.0423,1
ORD-2025-040990,CUST-11356,2025-10-13,0.0719,1
ORD-2025-040991,CUST-10151,2025-10-08,0.059,1
ORD-2025-040992,CUST-12180,2025-10-09,0.0722,1
ORD-2025-040993,CUST-05982,2025-10-19,0.1184,1
ORD-2025-040994,CUST-12607,2025-10-01,0.1144,2
ORD-2025-040995,CUST-13281,2025-10-29,0.1909,1
ORD-2025-040996,CUST-11405,2025-10-30,0.0907,1
ORD-2025-040997,CUST-08358,2025-10-21,0.0795,1
ORD-2025-040998,CUST-10255,2025-10-23,0.0193,1
ORD-2025-040999,CUST-06294,2025-10-06,0.0639,1
ORD-2025-041000,CUST-11130,2025-10-17,0.2616,2
ORD-2025-041001,CUST-03861,2025-10-20,0.1395,1
ORD-2025-041002,CUST-02020,2025-10-28,0.0415,1
ORD-2025-041003,CUST-12671,2025-10-16,0.0292,2
ORD-2025-041004,CUST-10089,2025-10-17,0.1206,1
ORD-2025-041005,CUST-03724,2025-10-20,0.0167,2
ORD-2025-041006,CUST-12163,2025-10-27,0.0425,1
ORD-2025-041007,CUST-01605,2025-10-24,0.0596,1
ORD-2025-041008,CUST-01846,2025-10-29,0.0727,1
ORD-2025-041009,CUST-08582,2025-10-26,0.1261,3
ORD-2025-041010,CUST-12664,2025-10-27,0.0813,1
ORD-2025-041011,CUST-12385,2025-10-24,0.0017,1
ORD-2025-041012,CUST-04291,2025-10-13,0.1449,1
ORD-2025-041013,CUST-11255,2025-10-02,0.0495,1
ORD-2025-041014,CUST-08431,2025-10-11,0.0121,1
ORD-2025-041015,CUST-11215,2025-10-25,0.2338,4
ORD-2025-041016,CUST-10765,2025-10-15,0.0895,1
ORD-2025-041017,CUST-12632,2025-10-14,0.1137,1
ORD-2025-041018,CUST-09150,2025-10-25,0.0365,1
ORD-2025-041019,CUST-07459,2025-10-12,0.1002,3
ORD-2025-041020,CUST-05759,2025-10-19,0.223,1
ORD-2025-041021,CUST-09267,2025-10-10,0.1877,1
ORD-2025-041022,CUST-12750,2025-10-23,0.0413,1
ORD-2025-041023,CUST-05176,2025-10-10,0.223,1
ORD-2025-041024,CUST-00350,2025-10-18,0.0257,1
ORD-2025-041025,CUST-03172,2025-10-26,0.1063,1
ORD-2025-041026,CUST-03035,2025-10-10,0.1628,5
ORD-2025-041027,CUST-08937,2025-10-29,0.0517,2
ORD-2025-041028,CUST-00393,2025-10-25,0.0433,1
ORD-2025-041029,CUST-11729,2025-10-19,0.219,1
ORD-2025-041030,CUST-12883,2025-10-22,0.1302,1
ORD-2025-041031,CUST-11193,2025-10-15,0.1507,3
ORD-2025-041032,CUST-00882,2025-10-13,0.0453,1
ORD-2025-041033,CUST-00493,2025-10-27,0.0492,1
ORD-2025-041034,CUST-04103,2025-10-18,0.0709,3
ORD-2025-041035,CUST-08030,2025-10-16,0.0059,1
ORD-2025-041036,CUST-05759,2025-10-23,0.1367,2
ORD-2025-041037,CUST-09233,2025-10-04,0.1157,1
ORD-2025-041038,CUST-11571,2025-10-29,0.0955,1
ORD-2025-041039,CUST-04168,2025-10-03,0.108,1
ORD-2025-041040,CUST-04216,2025-10-22,0.0217,1
ORD-2025-041041,CUST-06627,2025-10-06,0.0417,1
ORD-2025-041042,CUST-13355,2025-10-02,0.1227,2
ORD-2025-041043,CUST-06568,2025-10-17,0.1647,3
ORD-2025-041044,CUST-07681,2025-10-10,0.0597,1
ORD-2025-041045,CUST-11918,2025-10-22,0.0717,2
ORD-2025-041046,CUST-00737,2025-10-29,0.1682,2
ORD-2025-041047,CUST-09144,2025-10-20,0.0941,2
ORD-2025-041048,CUST-06999,2025-10-04,0.2452,1
ORD-2025-041049,CUST-04442,2025-10-15,0.1689,1
ORD-2025-041050,CUST-11861,2025-10-10,0.2105,1
ORD-2025-041051,CUST-11673,2025-10-20,0.1282,2
ORD-2025-041052,CUST-06550,2025-10-12,0.0778,3
ORD-2025-041053,CUST-11631,2025-10-12,0.194,2
ORD-2025-041054,CUST-12151,2025-10-06,0.0454,1
ORD-2025-041055,CUST-00317,2025-10-12,0.0459,1
ORD-2025-041056,CUST-01686,2025-10-31,0.0198,1
ORD-2025-041057,CUST-13004,2025-10-10,0.2138,2
ORD-2025-041058,CUST-05310,2025-10-12,0.0227,1
ORD-2025-041059,CUST-11400,2025-10-01,0.3608,1
ORD-2025-041060,CUST-12814,2025-10-26,0.0991,3
ORD-2025-041061,CUST-06625,2025-10-28,0.3253,1
ORD-2025-041062,CUST-08013,2025-10-26,0.0129,2
ORD-2025-041063,CUST-06675,2025-10-07,0.1142,1
ORD-2025-041064,CUST-03035,2025-10-21,0.0609,2
ORD-2025-041065,CUST-06292,2025-10-31,0.0098,1
ORD-2025-041066,CUST-12306,2025-10-07,0.1425,5
ORD-2025-041067,CUST-00835,2025-10-21,0.185,1
ORD-2025-041068,CUST-08324,2025-10-06,0.082,1
ORD-2025-041069,CUST-12622,2025-10-26,0.0931,1
ORD-2025-041070,CUST-05606,2025-10-16,0.156,2
ORD-2025-041071,CUST-07412,2025-10-15,0.0367,2
ORD-2025-041072,CUST-09324,2025-10-09,0.4495,1
ORD-2025-041073,CUST-02696,2025-10-01,0.1796,2
ORD-2025-041074,CUST-09660,2025-10-05,0.0458,1
ORD-2025-041075,CUST-06690,2025-10-16,0.2215,1
ORD-2025-041076,CUST-12723,2025-10-12,0.0841,5
ORD-2025-041077,CUST-08767,,0.0939,2
ORD-2025-041078,CUST-07415,2025-10-21,0.0194,3
ORD-2025-041079,CUST-08657,2025-10-06,0.0584,1
ORD-2025-041080,CUST-09731,2025-10-01,0.0528,1
ORD-2025-041081,CUST-06975,2025-10-18,0.1046,1
ORD-2025-041082,CUST-04525,2025-10-15,0.0284,3
ORD-2025-041083,CUST-01390,2025-10-29,0.1894,1
ORD-2025-041084,CUST-06077,2025-10-27,0.0413,2
ORD-2025-041085,CUST-10276,2025-10-27,0.0234,1
ORD-2025-041086,CUST-00876,2025-10-21,0.0896,1
ORD-2025-041087,CUST-12683,2025-10-02,0.1864,3
ORD-2025-041088,CUST-07411,2025-10-13,0.0771,1
ORD-2025-041089,CUST-00759,2025-10-09,0.1552,3
ORD-2025-041090,CUST-02138,2025-10-02,0.1544,2
ORD-2025-041091,CUST-09818,2025-10-14,0.0982,1
ORD-2025-041092,CUST-07482,2025-10-23,0.0347,1
ORD-2025-041093,CUST-11943,2025-10-04,0.1356,2
ORD-2025-041094,CUST-06513,2025-10-12,0.0395,2
ORD-2025-041095,CUST-10788,2025-10-02,0.1452,1
ORD-2025-041096,CUST-09332,2025-10-29,0.0593,1
ORD-2025-041097,CUST-01907,2025-10-15,0.0732,1
ORD-2025-041098,CUST-03923,2025-10-30,0.0824,1
ORD-2025-041099,CUST-13430,2025-10-14,0.1383,1
ORD-2025-041100,CUST-04525,2025-10-20,0.0644,2
ORD-2025-041101,CUST-08535,2025-10-31,0.3495,2
ORD-2025-041102,CUST-11024,2025-10-17,0.0146,2
ORD-2025-041103,CUST-02585,2025-10-25,0.1418,2
ORD-2025-041104,CUST-10993,2025-10-20,0.0482,1
ORD-2025-041105,CUST-00614,2025-10-03,0.0198,1
ORD-2025-041106,CUST-06442,2025-10-20,0.3218,1
ORD-2025-041107,CUST-05659,2025-10-01,0.0928,3
ORD-2025-041108,CUST-10847,2025-10-26,0.0755,1
ORD-2025-041109,CUST-04361,2025-10-24,0.0562,1
ORD-2025-041110,CUST-01039,2025-10-31,0.1492,2
ORD-2025-041111,CUST-10383,2025-10-02,0.0669,2
ORD-2025-041112,CUST-00329,2025-10-27,0.3528,1
ORD-2025-041113,CUST-11928,2025-10-17,0.0278,2
ORD-2025-041114,CUST-03838,2025-10-31,0.0492,1
ORD-2025-041115,CUST-10802,2025-10-25,0.0467,1
ORD-2025-041116,CUST-04958,2025-10-13,0.022,1
ORD-2025-041117,CUST-08930,2025-10-17,0.55,1
ORD-2025-041118,CUST-11730,2025-10-20,0.0583,1
ORD-2025-041119,,2025-10-30,0.0778,1
ORD-2025-041120,CUST-11204,2025-10-07,0.1801,2
ORD-2025-041121,CUST-10397,2025-10-12,0.0189,1
ORD-2025-041122,CUST-07878,2025-10-03,0.0614,2
ORD-2025-041123,CUST-06571,2025-10-28,0.0918,1
ORD-2025-041124,CUST-08133,2025-10-23,0.0348,2
ORD-2025-041125,CUST-12477,2025-10-22,0.0226,1
ORD-2025-041126,CUST-12254,2025-10-06,0.0157,2
ORD-2025-041127,CUST-07348,2025-10-17,0.1133,3
ORD-2025-041128,CUST-04749,2025-10-18,0.1567,1
ORD-2025-041129,CUST-11062,2025-10-06,0.2163,1
ORD-2025-041130,CUST-02423,2025-10-07,0.1005,2
ORD-2025-041131,CUST-10648,2025-10-19,0.0421,2
ORD-2025-041132,CUST-02249,2025-10-30,0.0215,1
ORD-2025-041133,CUST-12002,2025-10-03,0.0573,2
ORD-2025-041134,CUST-05516,2025-10-26,0.0656,1
ORD-2025-041135,CUST-02168,2025-10-06,0.1971,1
ORD-2025-041136,CUST-09104,2025-10-06,0.1065,2
ORD-2025-041137,CUST-09928,2025-10-07,0.0149,1
ORD-2025-041138,CUST-07851,2025-10-06,0.1313,1
ORD-2025-041139,CUST-06550,2025-10-20,0.06,1
ORD-2025-041140,CUST-07463,2025-10-26,0.0757,4
ORD-2025-041141,CUST-06381,2025-10-07,0.1497,4
ORD-2025-041142,CUST-08015,2025-10-02,0.0196,1
ORD-2025-041143,CUST-06467,2025-10-09,0.0534,1
ORD-2025-041144,CUST-11198,2025-10-01,0.0697,1
ORD-2025-041145,CUST-02519,2025-10-16,0.0868,3
ORD-2025-041146,CUST-12892,2025-10-09,0.0919,1
ORD-2025-041147,CUST-08158,2025-10-22,0.0681,2
ORD-2025-041148,CUST-00393,2025-10-24,0.1809,1
ORD-2025-041149,CUST-07888,2025-10-13,0.2049,3
ORD-2025-041150,CUST-02657,2025-10-16,0.1671,2
ORD-2025-041151,CUST-02065,2025-10-08,0.0601,1
ORD-2025-041152,CUST-11204,2025-10-05,0.0755,4
ORD-2025-041153,CUST-01860,2025-10-16,0.0109,1
ORD-2025-041154,CUST-04555,2025-10-16,0.0479,1
ORD-2025-041155,CUST-07095,2025-10-06,0.0947,1
ORD-2025-041156,CUST-12022,2025-10-19,0.2295,3
ORD-2025-041157,CUST-06822,2025-10-27,0.1575,1
ORD-2025-041158,CUST-04613,2025-10-12,0.0607,2
ORD-2025-041159,CUST-03775,2025-10-27,0.0575,4
ORD-2025-041160,CUST-10547,2025-10-15,0.0406,3
ORD-2025-041161,CUST-03402,2025-10-12,0.0167,1
ORD-2025-041162,CUST-03667,2025-10-05,0.1575,2
ORD-2025-041163,CUST-04797,2025-10-13,0.111,1
ORD-2025-041164,CUST-06327,2025-10-27,0.1151,2
ORD-2025-041165,CUST-07035,2025-10-28,0.0962,2
ORD-2025-041166,CUST-08132,2025-10-09,0.0466,1
ORD-2025-041167,CUST-03604,2025-10-31,0.1209,2
ORD-2025-041168,CUST-12802,2025-10-14,0.1307,1
ORD-2025-041169,CUST-11521,2025-10-09,0.1173,1
ORD-2025-041170,CUST-10397,2025-10-08,0.0163,2
ORD-2025-041171,CUST-06713,2025-10-11,0.1276,1
ORD-2025-041172,CUST-09774,2025-10-21,0.1747,1
ORD-2025-041173, CUST-11133 ,2025-10-26,0.0277,3
ORD-2025-041174,CUST-04644,2025-10-28,0.0418,1
ORD-2025-041175,CUST-08385,2025-10-15,0.1598,1
ORD-2025-041176,CUST-06212,2025-10-31,0.0773,4
ORD-2025-041177,CUST-12206,2025-10-02,0.0208,1
ORD-2025-041178,CUST-13551,2025-10-21,0.1008,1
ORD-2025-041179,CUST-05734,2025-10-04,0.3495,1
ORD-2025-041180,CUST-11510,2025-10-09,0.111,1
ORD-2025-041181,CUST-07540,2025-10-28,0.2619,1
ORD-2025-041182,CUST-06453,2025-10-31,0.0183,1
ORD-2025-041183,CUST-07116,2025-10-02,0.1137,3
ORD-2025-041184,CUST-08873,2025-10-26,0.185,1
ORD-2025-041185,CUST-05337,2025-10-25,0.0566,1
ORD-2025-041186,CUST-00384,2025-10-24,0.0235,3
ORD-2025-041187,CUST-12208,2025-10-31,0.0704,1
ORD-2025-041188,CUST-12434,2025-10-08,0.056,2
ORD-2025-041189,CUST-12029,2025-10-30,0.0069,1
ORD-2025-041190,CUST-08214,2025-10-11,0.0992,1
ORD-2025-041191,CUST-12090,2025-10-07,0.0201,3
ORD-2025-041192,CUST-12335,2025-10-21,0.0587,1
ORD-2025-041193,CUST-05542,2025-10-03,0.0802,1
ORD-2025-041194,CUST-12949,2025-10-10,0.0391,1
ORD-2025-041195,CUST-08226,2025-10-01,0.375,1
ORD-2025-041196,CUST-08029,2025-10-14,0.3548,1
ORD-2025-041197,CUST-13281,2025-10-15,0.0475,2
ORD-2025-041198,CUST-05420,2025-10-14,0.1904,3
ORD-2025-041199,CUST-07996,2025-10-30,0.0173,1
ORD-2025-041200,CUST-04521,2025-10-19,0.0313,3
ORD-2025-041201,CUST-07085,2025-10-10,0.0587,1
ORD-2025-041202,CUST-09498,2025-10-09,0.3893,3
ORD-2025-041203,CUST-07684,2025-10-29,0.047,1
ORD-2025-041204,CUST-06381,2025-10-23,0.0134,1
ORD-2025-041205,CUST-01960,2025-10-11,0.0548,2
ORD-2025-041206,CUST-07855,2025-10-25,0.1079,1
ORD-2025-041207,,2025-10-11,0.0773,2
ORD-2025-041208,CUST-02499,2025-10-02,0.0107,1
ORD-2025-041209,CUST-02072,2025-10-17,0.137,2
ORD-2025-041210,CUST-07322,2025-10-21,0.1791,1
ORD-2025-041211,CUST-00291,2025-10-05,0.0812,1
ORD-2025-041212,CUST-02780,2025-10-09,0.1925,1
ORD-2025-041213,CUST-06900,2025-10-19,0.1652,1
ORD-2025-041214,CUST-05295,2025-10-06,0.0422,1
ORD-2025-041215,CUST-03936,2025-10-09,0.0912,1
ORD-2025-041216,CUST-06899,2025-10-24,0.1214,2
ORD-2025-041217,CUST-01687,2025-10-14,0.1708,2
ORD-2025-041218,CUST-11681,2025-10-16,0.0867,1
ORD-2025-041219,CUST-04900,2025-10-27,0.0974,1
ORD-2025-041220,CUST-03178,2025-10-13,0.085,1
ORD-2025-041221,CUST-03967,2025-10-04,0.0642,1
ORD-2025-041222,CUST-13096,2025-10-25,0.0471,2
ORD-2025-041223,CUST-07153,2025-10-23,0.0317,1
ORD-2025-041224,CUST-11991,2025-10-25,0.0053,1
ORD-2025-041225,CUST-08274,2025-10-21,0.0449,1
ORD-2025-041226,CUST-04251,2025-10-15,0.0465,2
ORD-2025-041227,CUST-09369,2025-10-26,0.0423,2
ORD-2025-041228,CUST-01354,2025-10-25,0.3365,2
ORD-2025-041229,CUST-10732,2025-10-11,0.0636,2
ORD-2025-041230,CUST-06765,2025-10-12,0.1452,2
ORD-2025-041231,CUST-08553,2025-10-02,0.0601,2
ORD-2025-041232,CUST-03309,2025-10-31,0.064,2
ORD-2025-041233,CUST-12245,2025-10-25,0.1165,1
ORD-2025-041234,CUST-11959,2025-10-06,0.0191,1
ORD-2025-041235,CUST-08785,2025-10-11,0.0028,1
ORD-2025-041236,CUST-03374,2025-10-28,0.0946,1
ORD-2025-041237,CUST-02424,2025-10-08,0.1794,1
ORD-2025-041238,CUST-07173,2025-10-18,0.0175,1
ORD-2025-041239,CUST-05538,2025-10-07,0.1408,3
ORD-2025-041240,CUST-07540,2025-10-17,0.0556,2
ORD-2025-041241,CUST-03795,2025-10-06,0.0463,1
ORD-2025-041242,CUST-02644,2025-10-12,0.0109,1
ORD-2025-041243,CUST-08513,2025-10-31,0.11,3
ORD-2025-041244,CUST-12225,2025-10-30,0.1193,1
ORD-2025-041245,CUST-13460,2025-10-02,0.0364,1
ORD-2025-041246,CUST-03828,2025-10-27,0.2043,1
ORD-2025-041247,CUST-03727,2025-10-03,0.114,1
ORD-2025-041248,CUST-05547,2025-10-11,0.0503,1
ORD-2025-041249,CUST-02762,2025-10-09,0.0505,1
ORD-2025-041250,CUST-03244,2025-10-26,0.073,3
ORD-2025-041251,CUST-08490,2025-10-13,0.1159,3
ORD-2025-041252,CUST-09511,2025-10-26,0.0149,1
ORD-2025-041253,CUST-01384,2025-10-15,0.1056,1
ORD-2025-041254,CUST-11361,2025-10-25,0.2041,3
ORD-2025-041255,CUST-07299,2025-10-25,0.068,2
ORD-2025-041256,CUST-09893,2025-10-08,0.0088,1
ORD-2025-041257,CUST-08550,2025-10-27,0.2602,1
ORD-2025-041258,CUST-05759,2025-10-10,0.1309,2
ORD-2025-041259,CUST-06508,2025-10-23,0.1086,1
ORD-2025-041260,CUST-00504,2025-10-16,0.1955,2
ORD-2025-041261,CUST-12949,2025-10-11,0.0398,2
ORD-2025-041262,CUST-12803,2025-10-11,0.2586,1
ORD-2025-041263,CUST-06845,2025-10-01,0.1269,1
ORD-2025-041264,CUST-00413,2025-10-07,0.0175,1
ORD-2025-041265,CUST-11466,2025-10-17,0.0124,2
ORD-2025-041266,CUST-03740,2025-10-08,0.032,1
ORD-2025-041267,CUST-04841,2025-10-14,0.1886,3
ORD-2025-041268,CUST-12138,2025-10-01,0.0369,1
ORD-2025-041269,CUST-02425,2025-10-13,0.1605,1
ORD-2025-041270,CUST-12313,2025-10-12,0.0637,1
ORD-2025-041271,CUST-04892,2025-10-01,0.0595,3
ORD-2025-041272,CUST-05982,2025-10-15,0.0654,1
ORD-2025-041273,CUST-09491,2025-10-17,0.0489,1
ORD-2025-041274,CUST-07035,2025-10-03,0.0341,1
ORD-2025-041275,CUST-03677,2025-10-03,0.041,1
ORD-2025-041276,CUST-08830,2025-10-06,0.0492,1
ORD-2025-041277,CUST-11637,2025-10-13,0.0715,1
ORD-2025-041278,CUST-12908,2025-10-28,0.0345,4
ORD-2025-041279,CUST-10042,2025-10-09,0.1093,4
ORD-2025-041280,CUST-09044,2025-10-29,0.0228,1
ORD-2025-041281,CUST-06764,2025-10-01,0.0647,3
ORD-2025-041282,CUST-06545,,0.0136,1
ORD-2025-041283,CUST-06236,2025-10-20,0.0741,1
ORD-2025-041284,,2025-10-31,0.0748,1
ORD-2025-041285,CUST-04986,2025-10-30,0.0343,1
ORD-2025-041286,CUST-07691,2025-10-03,0.1128,3
ORD-2025-041287,CUST-08972,2025-10-14,0.0637,1
ORD-2025-041288,CUST-04437,2025-10-27,0.0028,1
ORD-2025-041289,CUST-11475,2025-10-29,0.0295,1
ORD-2025-041290,CUST-02870,2025-10-09,0.1249,3
ORD-2025-041291,CUST-08309,2025-10-09,0.1436,4
ORD-2025-041292,CUST-11686,2025-10-13,0.1902,2
ORD-2025-041293,CUST-04012,2025-10-03,0.0798,3
ORD-2025-041294,CUST-05924,2025-10-08,0.1091,1
ORD-2025-041295,CUST-01487,2025-10-27,0.0148,1
ORD-2025-041296,CUST-06823,2025-10-06,0.55,1
ORD-2025-041297,CUST-04011,2025-10-30,0.19,3
ORD-2025-041298,CUST-11081,2025-10-09,0.0107,1
ORD-2025-041299,CUST-04014,2025-10-10,0.15,1
ORD-2025-041300,CUST-03890,2025-10-14,0.0284,3
ORD-2025-041301,CUST-05208,2025-10-01,0.1824,1
ORD-2025-041302,CUST-06407,2025-10-12,0.0124,1
ORD-2025-041303,CUST-08272,2025-10-12,0.1163,2
ORD-2025-041304,CUST-05966,2025-10-26,0.1403,1
ORD-2025-041305,CUST-04170,2025-10-14,0.0433,1
ORD-2025-041306,CUST-02937,2025-10-29,0.1145,2
ORD-2025-041307,CUST-12078,2025-10-28,0.0471,1
ORD-2025-041308,CUST-00381,2025-10-09,0.1097,1
ORD-2025-041309,CUST-01390,2025-10-02,0.0139,1
ORD-2025-041310,CUST-01345,2025-10-29,0.0408,2
ORD-2025-041311,CUST-08285,2025-10-04,0.0184,1
ORD-2025-041312,CUST-01536,2025-10-11,0.0266,1
ORD-2025-041313,CUST-07929,2025-10-07,0.2406,1
ORD-2025-041314,CUST-06467,2025-10-25,0.181,1
ORD-2025-041315,CUST-13041,2025-10-28,0.019,3
ORD-2025-041316,CUST-06374,2025-10-23,0.0328,1
ORD-2025-041317,CUST-12434,2025-10-11,0.0998,1
ORD-2025-041318,CUST-06489,2025-10-12,0.0335,1
ORD-2025-041319,CUST-03822,2025-10-02,0.0531,1
ORD-2025-041320,CUST-13403,2025-10-13,0.1194,1
ORD-2025-041321,CUST-03185,2025-10-14,0.1189,3
ORD-2025-041322,CUST-09239,2025-10-21,0.2063,2
ORD-2025-041323,CUST-01399,2025-10-12,0.0641,2
ORD-2025-041324,CUST-03140,2025-10-06,0.1655,1
ORD-2025-041325,CUST-03002,2025-10-07,0.0691,1
ORD-2025-041326,CUST-00687,2025-10-14,0.0665,1
ORD-2025-041327,CUST-13161,2025-10-15,0.1335,1
ORD-2025-041328,CUST-10881,2025-10-07,0.0266,1
ORD-2025-041329,CUST-08428,2025-10-15,0.1163,3
ORD-2025-041330,CUST-00943,2025-10-11,0.028,1
ORD-2025-041331,CUST-02292,2025-10-10,0.1573,2
ORD-2025-041332,CUST-02762,2025-10-31,0.063,2
ORD-2025-041333,CUST-00422,2025-10-12,0.0373,1
ORD-2025-041334,CUST-02423,2025-10-15,0.0457,3
ORD-2025-041335,CUST-00950,2025-10-31,0.0126,1
ORD-2025-041336,CUST-09371,2025-10-28,0.0554,2
ORD-2025-041337,CUST-12403,2025-10-11,0.0315,1
ORD-2025-041338,CUST-04487,2025-10-21,0.2292,1
ORD-2025-041339,CUST-03890,2025-10-06,0.0274,1
ORD-2025-041340,CUST-09642,2025-10-01,0.3786,2
ORD-2025-041341,CUST-03309,2025-10-08,0.0515,1
ORD-2025-041342,CUST-05822,2025-10-09,0.0855,2
ORD-2025-041343,CUST-00504,2025-10-04,0.1295,3
ORD-2025-041344,CUST-08053,2025-10-30,0.1037,2
ORD-2025-041345,CUST-04174,2025-10-03,0.096,3
ORD-2025-041346,CUST-05426,2025-10-21,0.2023,3
ORD-2025-041347,CUST-10657,2025-10-11,0.1987,2
ORD-2025-041348,CUST-08642,2025-10-26,0.0419,2
ORD-2025-041349,CUST-07210,2025-10-19,0.2177,1
ORD-2025-041350,CUST-04962,2025-10-05,0.3015,1
ORD-2025-041351,CUST-06151,2025-10-27,0.0673,2
ORD-2025-041352,CUST-05657,2025-10-13,0.0613,3
ORD-2025-041353,CUST-03238,2025-10-21,0.1129,3
ORD-2025-041354,CUST-10639,2025-10-22,0.0901,3
ORD-2025-041355,CUST-02576,,0.1487,1
ORD-2025-041356,CUST-08389,2025-10-15,0.1332,2
ORD-2025-041357,CUST-08582,2025-10-07,0.264,1
ORD-2025-041358,CUST-09107,2025-10-09,0.0181,1
ORD-2025-041359,CUST-09395,2025-10-31,0.1876,3
ORD-2025-041360,CUST-12581,2025-10-22,0.5279,1
ORD-2025-041361,CUST-11395,2025-10-12,0.067,1
ORD-2025-041362,CUST-00843,2025-10-30,0.1149,2
ORD-2025-041363,CUST-00397,2025-10-09,0.0241,1
ORD-2025-041364,CUST-10151,2025-10-28,0.351,1
ORD-2025-041365,CUST-12875,2025-10-09,0.2226,1
ORD-2025-041366,CUST-08586,2025-10-26,0.0561,2
ORD-2025-041367,CUST-03170,2025-10-12,0.0358,1
ORD-2025-041368,CUST-01130,2025-10-27,0.036,1
ORD-2025-041369,CUST-07098,2025-10-06,0.0497,1
ORD-2025-041370,CUST-05648,2025-10-13,0.196,1
ORD-2025-041371,CUST-07544,2025-10-14,0.1315,1
ORD-2025-041372,CUST-05269,2025-10-20,0.1751,2
ORD-2025-041373,CUST-02513,2025-10-04,0.0188,1
ORD-2025-041374,CUST-11637,2025-10-05,0.0708,3
ORD-2025-041375,CUST-11583,2025-10-30,0.0524,1
ORD-2025-041376,CUST-10879,2025-10-12,0.0874,4
ORD-2025-041377,CUST-12458,2025-10-27,0.0203,2
ORD-2025-041378,CUST-11459,2025-10-28,0.0941,2
ORD-2025-041379,CUST-09420,2025-10-24,0.1679,2
ORD-2025-041380,CUST-10151,2025-10-24,0.322,1
ORD-2025-041381,CUST-00127,2025-10-29,0.0141,2
ORD-2025-041382,CUST-01798,2025-10-03,0.0196,1
ORD-2025-041383,CUST-02820,2025-10-05,0.0779,2
ORD-2025-041384,CUST-01796,2025-10-26,0.2761,1
ORD-2025-041385,CUST-00426,2025-10-26,0.0556,3
ORD-2025-041386,CUST-06954,2025-10-13,0.0699,5
ORD-2025-041387,CUST-12702,2025-10-27,0.3654,1
ORD-2025-041388,CUST-00198,2025-10-17,0.061,1
ORD-2025-041389,CUST-09578,2025-10-22,0.0573,1
ORD-2025-041390,CUST-11349,2025-10-16,0.1309,3
ORD-2025-041391,CUST-00785,2025-10-12,0.0839,1
ORD-2025-041392,CUST-11249,2025-10-16,0.0609,1
ORD-2025-041393,CUST-02123,2025-10-18,0.1243,1
ORD-2025-041394,CUST-12251,2025-10-21,0.039,3
ORD-2025-041395,CUST-02065,2025-10-09,0.0654,1
ORD-2025-041396,CUST-07293,2025-10-04,0.0922,2
ORD-2025-041397,CUST-09053,2025-10-17,0.0887,2
ORD-2025-041398,CUST-09387,2025-10-14,0.0313,1
ORD-2025-041399,CUST-11562,2025-10-26,0.3209,1
ORD-2025-041400,CUST-12187,2025-10-12,0.0322,1
ORD-2025-041401,CUST-05864,2025-10-28,0.0665,1
ORD-2025-041402,CUST-09624,2025-10-07,0.2293,1
ORD-2025-041403,CUST-06329,2025-10-18,0.1046,1
ORD-2025-041404,CUST-02310,2025-10-19,0.1167,2
ORD-2025-041405,CUST-11921,2025-10-15,0.1634,1
ORD-2025-041406,CUST-01595,2025-10-03,0.0353,1
ORD-2025-041407,CUST-02278,2025-10-15,0.0409,4
ORD-2025-041408,CUST-08705,2025-10-02,0.1019,1
ORD-2025-041409,CUST-06917,2025-10-01,0.1236,1
ORD-2025-041410,CUST-10201,,0.1142,2
ORD-2025-041411,CUST-10765,2025-10-08,0.0526,1
ORD-2025-041412,CUST-09002,2025-10-11,0.0133,1
ORD-2025-041413,CUST-01375,2025-10-26,0.0409,1
ORD-2025-041414,CUST-10742,2025-10-15,0.0257,1
ORD-2025-041415,CUST-06310,2025-10-30,0.1052,1
ORD-2025-041416,CUST-12475,2025-10-04,0.0644,1
ORD-2025-041417,CUST-02249,2025-10-24,0.0471,2
ORD-2025-041418,CUST-10089,2025-10-07,0.1422,2
ORD-2025-041419,CUST-05999,2025-10-15,0.0588,3
ORD-2025-041420,CUST-04231,2025-10-27,0.0103,1
ORD-2025-041421,CUST-07181,2025-10-22,0.0599,2
ORD-2025-041422,CUST-13324,2025-10-29,0.0805,2
ORD-2025-041423,CUST-10686,2025-10-10,0.1752,1
ORD-2025-041424,CUST-02011,2025-10-20,0.1672,3
ORD-2025-041425,CUST-04036,2025-10-20,0.1482,1
ORD-2025-041426,CUST-10864,2025-10-04,0.1489,2
ORD-2025-041427,CUST-05085,2025-10-20,0.1484,1
ORD-2025-041428,CUST-07440,2025-10-22,0.0504,2
ORD-2025-041429,CUST-09036,2025-10-14,0.2933,1
ORD-2025-041430,CUST-07752,2025-10-02,0.0521,1
ORD-2025-041431,CUST-00267,2025-10-20,0.2318,1
ORD-2025-041432,CUST-06148,2025-10-25,0.1399,4
ORD-2025-041433,CUST-04463,2025-10-08,0.1913,1
ORD-2025-041434,CUST-00273,2025-10-30,0.0532,2
ORD-2025-041435,CUST-05759,2025-10-23,0.0716,1
ORD-2025-041436,CUST-02838,2025-10-08,0.0921,4
ORD-2025-041437,CUST-02769,2025-10-13,0.0088,1
ORD-2025-041438,CUST-07524,2025-10-18,0.1236,2
ORD-2025-041439,CUST-02211,2025-10-27,0.4184,1
ORD-2025-041440,CUST-12608,2025-10-25,0.0526,3
ORD-2025-041441,CUST-03032,2025-10-30,0.1257,1
ORD-2025-041442,CUST-11359,2025-10-03,0.1672,1
ORD-2025-041443,CUST-04151,2025-10-14,0.0859,3
ORD-2025-041444,CUST-11041,2025-10-18,0.3072,1
ORD-2025-041445,CUST-06697,2025-10-29,0.1724,3
ORD-2025-041446,CUST-05759,,0.2018,1
ORD-2025-041447,CUST-05060,2025-10-23,0.0575,3
ORD-2025-041448,CUST-05826,2025-10-03,0.09,1
ORD-2025-041449,CUST-13129,2025-10-07,0.0953,4
ORD-2025-041450,CUST-04281,2025-10-29,0.1816,1
ORD-2025-041451,CUST-11958,2025-10-06,0.1205,1
ORD-2025-041452,CUST-02920,2025-10-11,0.0726,1
ORD-2025-041453,CUST-07679,2025-10-16,0.0127,4
ORD-2025-041454,CUST-04790,2025-10-07,0.1421,2
ORD-2025-041455,CUST-01326,2025-10-16,0.0843,1
ORD-2025-041456,CUST-04014,2025-10-04,0.0631,1
ORD-2025-041457,CUST-12273,2025-10-28,0.1069,1
ORD-2025-041458,CUST-12033,2025-10-24,0.0557,1
ORD-2025-041459,CUST-11922,2025-10-02,0.198,2
ORD-2025-041460,CUST-11850,2025-10-04,0.1468,1
ORD-2025-041461,CUST-05983,2025-10-01,0.066,1
ORD-2025-041462,CUST-03681,2025-10-13,0.0273,4
ORD-2025-041463,CUST-01016,2025-10-22,0.1427,3
ORD-2025-041464,CUST-04264,2025-10-23,0.0303,3
ORD-2025-041465,CUST-04560,2025-10-10,0.2039,2
ORD-2025-041466,CUST-09202,2025-10-13,0.0263,1
ORD-2025-041467,CUST-02215,2025-10-20,0.1149,2
ORD-2025-041468,CUST-02727,2025-10-23,0.0832,1
ORD-2025-041469,CUST-12877,2025-10-23,0.0227,3
ORD-2025-041470,CUST-09311,2025-10-19,0.0723,1
ORD-2025-041471,CUST-05764,2025-10-15,0.0336,1
ORD-2025-041472,CUST-09513,2025-10-29,0.133,2
ORD-2025-041473,CUST-05420,2025-10-16,0.0676,1
ORD-2025-041474,CUST-12896,2025-10-07,0.468,1
ORD-2025-041475,CUST-05679,2025-10-17,0.189,1
ORD-2025-041476,CUST-12334,2025-10-14,0.1514,1
ORD-2025-041477,CUST-04492,2025-10-14,0.1181,1
ORD-2025-041478,CUST-04166,2025-10-03,0.159,3
ORD-2025-041479,CUST-10137,2025-10-21,0.0896,1
ORD-2025-041480,,2025-10-23,0.1857,1
ORD-2025-041481,CUST-03326,2025-10-10,0.076,3
ORD-2025-041482,CUST-00683,2025-10-27,0.1093,1
ORD-2025-041483,CUST-01749,2025-10-31,0.0544,2
ORD-2025-041484,CUST-05516,2025-10-19,0.0521,5
ORD-2025-041485,CUST-04277,2025-10-08,0.0829,5
ORD-2025-041486,CUST-00759,2025-10-29,0.119,1
ORD-2025-041487,CUST-13185,2025-10-22,0.0147,1
ORD-2025-041488,CUST-11057,2025-10-29,0.082,1
ORD-2025-041489,CUST-12634,2025-10-26,0.067,1
ORD-2025-041490,CUST-01050,2025-10-26,0.1043,3
ORD-2025-041491,CUST-08060,2025-10-20,0.2124,3
ORD-2025-041492,CUST-12071,2025-10-21,0.0893,3
ORD-2025-041493,CUST-02225,2025-10-04,0.4516,1
ORD-2025-041494,CUST-12732,2025-10-05,0.0941,3
ORD-2025-041495,CUST-13021,2025-10-17,0.0728,4
ORD-2025-041496,CUST-07339,2025-10-10,0.0966,1
ORD-2025-041497,CUST-04446,2025-10-24,0.014,3
ORD-2025-041498,CUST-10358,2025-10-13,0.0332,1
ORD-2025-041499,CUST-04869,2025-10-16,0.0969,1
ORD-2025-041500,CUST-13091,2025-10-13,0.0346,1
ORD-2025-041501,CUST-07293,2025-10-18,0.0314,2
ORD-2025-041502,CUST-13034,2025-10-31,0.0515,3
ORD-2025-041503,CUST-09803,2025-10-29,0.0158,1
ORD-2025-041504,CUST-03347,2025-10-21,0.0871,2
ORD-2025-041505,CUST-09314,2025-10-11,0.1077,2
ORD-2025-041506,CUST-10190,2025-10-23,0.1372,1
ORD-2025-041507,CUST-05900,2025-10-11,0.187,3
ORD-2025-041508,CUST-11643,2025-10-29,0.0633,1
ORD-2025-041509,CUST-13142,2025-10-25,0.0797,2
ORD-2025-041510,CUST-02820,2025-10-27,0.0151,3
ORD-2025-041511,CUST-00035,2025-10-24,0.2259,2
ORD-2025-041512,CUST-00717,2025-10-19,0.0648,2
ORD-2025-041513,CUST-06059,2025-10-04,0.0687,1
ORD-2025-041514,CUST-11984,2025-10-29,0.0897,2
ORD-2025-041515,CUST-08143,2025-10-06,0.04,3
ORD-2025-041516,CUST-05995,2025-10-22,0.0994,1
ORD-2025-041517,CUST-04704,2025-10-21,0.0895,1
ORD-2025-041518,CUST-05638,2025-10-19,0.0525,1
ORD-2025-041519,CUST-11343,2025-10-15,0.2017,3
ORD-2025-041520,CUST-03148,2025-10-23,0.1315,1
ORD-2025-041521,CUST-01130,2025-10-04,0.0191,1
ORD-2025-041522,CUST-12859,2025-10-17,0.2207,4
ORD-2025-041523,CUST-04797,2025-10-21,0.2811,2
ORD-2025-041524,CUST-02477,2025-10-10,0.0447,1
ORD-2025-041525,CUST-05180,2025-10-11,0.08,3
ORD-2025-041526,CUST-01132,2025-10-01,0.1646,1
ORD-2025-041527,CUST-08462,2025-10-30,0.0462,1
ORD-2025-041528,CUST-00200,2025-10-06,0.0878,1
ORD-2025-041529,CUST-12476,2025-10-05,0.1852,2
ORD-2025-041530,CUST-05379,2025-10-10,0.0105,1
ORD-2025-041531,CUST-03490,2025-10-15,0.1404,1
ORD-2025-041532,CUST-12930,2025-10-23,0.1125,3
ORD-2025-041533,CUST-04491,2025-10-05,0.0763,3
ORD-2025-041534,CUST-08026,2025-10-18,0.0663,2
ORD-2025-041535,CUST-03174,2025-10-22,0.2174,2
ORD-2025-041536,CUST-06790,2025-10-02,0.0111,4
ORD-2025-041537,CUST-07192,2025-10-13,0.0739,1
ORD-2025-041538,CUST-03908,2025-10-03,0.0215,3
ORD-2025-041539,CUST-06480,2025-10-09,0.0723,1
ORD-2025-041540,CUST-12841,2025-10-26,0.235,1
ORD-2025-041541,CUST-09952,2025-10-18,0.1894,1
ORD-2025-041542,CUST-09351,2025-10-20,0.055,3
ORD-2025-041543,CUST-06825,2025-10-12,0.2094,1
ORD-2025-041544,CUST-05347,2025-10-22,0.1111,1
ORD-2025-041545,CUST-07684,2025-10-23,0.0456,1
ORD-2025-041546,CUST-08084,2025-10-04,0.028,1
ORD-2025-041547,CUST-04491,2025-10-23,0.1885,2
ORD-2025-041548,CUST-07450,2025-10-04,0.0801,1
ORD-2025-041549,CUST-07610,2025-10-22,0.0568,1
ORD-2025-041550,CUST-12395,2025-10-05,0.1419,2
ORD-2025-041551,CUST-10788,2025-10-11,0.0936,1
ORD-2025-041552,CUST-11871,2025-10-29,0.1816,1
ORD-2025-041553,CUST-11147,2025-10-17,0.0504,1
ORD-2025-041554,CUST-10768,2025-10-24,0.0694,3
ORD-2025-041555,CUST-03449,2025-10-02,0.0933,1
ORD-2025-041556,CUST-12725,2025-10-14,0.4595,1
ORD-2025-041557,CUST-12908,2025-10-12,0.0754,4
ORD-2025-041558,CUST-04326,2025-10-04,0.0632,1
ORD-2025-041559,CUST-10834,2025-10-15,0.1998,1
ORD-2025-041560,CUST-02068,2025-10-03,0.0115,1
ORD-2025-041561,CUST-06996,2025-10-04,0.1003,1
ORD-2025-041562,CUST-02164,2025-10-30,0.0577,2
ORD-2025-041563,CUST-06825,2025-10-12,0.134,3
ORD-2025-041564,CUST-06077,2025-10-19,0.0321,3
ORD-2025-041565,CUST-05522,2025-10-12,0.0355,3
ORD-2025-041566,CUST-07346,2025-10-02,0.019,1
ORD-2025-041567,CUST-01159,2025-10-28,0.1044,3
ORD-2025-041568,CUST-10916,2025-10-11,0.0366,2
ORD-2025-041569,CUST-08887,2025-10-05,0.181,2
ORD-2025-041570,CUST-08887,2025-10-19,0.1581,2
ORD-2025-041571,CUST-03470,2025-10-31,0.1268,3
ORD-2025-041572,CUST-01724,2025-10-19,0.1232,2
ORD-2025-041573,CUST-12274,2025-10-24,0.0502,2
ORD-2025-041574,CUST-11160,2025-10-01,0.1557,4
ORD-2025-041575,CUST-04270,2025-10-30,0.1274,1
ORD-2025-041576,CUST-00863,2025-10-30,0.0419,2
ORD-2025-041577,CUST-02423,2025-10-17,0.0628,3
ORD-2025-041578,CUST-11349,2025-10-09,0.1076,1
ORD-2025-041579,CUST-12344,2025-10-17,0.0485,2
ORD-2025-041580,CUST-08913,2025-10-03,0.0746,1
ORD-2025-041581,CUST-11397,2025-10-06,0.1234,2
ORD-2025-041582,CUST-11670,2025-10-06,0.0216,1
ORD-2025-041583,CUST-10125,2025-10-01,0.0422,1
ORD-2025-041584,CUST-08824,2025-10-13,0.1304,5
ORD-2025-041585,CUST-04787,2025-10-11,0.1112,2
ORD-2025-041586,CUST-07504,2025-10-30,0.0843,1
ORD-2025-041587,CUST-12748,2025-10-14,0.1253,1
ORD-2025-041588,CUST-06737,2025-10-06,0.0925,3
ORD-2025-041589,CUST-07016,2025-10-28,0.1142,3
ORD-2025-041590,CUST-04521,2025-10-10,0.0129,3
ORD-2025-041591,CUST-12346,2025-10-28,0.0495,1
ORD-2025-041592,CUST-03454,2025-10-19,0.0365,1
ORD-2025-041593,CUST-05188,2025-10-11,0.14,2
ORD-2025-041594,CUST-01102,2025-10-01,0.0547,3
ORD-2025-041595,CUST-08623,2025-10-07,0.2505,1
ORD-2025-041596,CUST-05264,2025-10-03,0.0558,1
ORD-2025-041597,CUST-10201,2025-10-21,0.2531,1
ORD-2025-041598,CUST-03629,2025-10-05,0.2288,1
ORD-2025-041599,CUST-00456,2025-10-18,0.0174,1
ORD-2025-041600,CUST-07768,2025-10-24,0.063,1
ORD-2025-041601,CUST-12908,2025-10-24,0.0374,3
ORD-2025-041602,CUST-11798,2025-10-08,0.0423,2
ORD-2025-041603,CUST-01184,2025-10-12,0.1467,1
ORD-2025-041604,CUST-08324,2025-10-29,0.0838,1
ORD-2025-041605,CUST-04266,2025-10-03,0.1321,2
ORD-2025-041606,CUST-04231,2025-10-20,0.0204,1
ORD-2025-041607,CUST-12599,2025-10-24,0.1186,1
ORD-2025-041608,CUST-07443,2025-10-30,0.0067,1
ORD-2025-041609,CUST-05406,2025-10-08,0.104,1
ORD-2025-041610,CUST-01680,2025-10-20,0.0276,1
ORD-2025-041611,CUST-01489,2025-10-06,0.045,5
ORD-2025-041612,CUST-07641,2025-10-30,0.021,2
ORD-2025-041613,CUST-11333,2025-10-14,0.0393,1
ORD-2025-041614,CUST-12861,2025-10-22,0.1775,1
ORD-2025-041615,CUST-08972,2025-10-15,0.0644,2
ORD-2025-041616,CUST-10358,2025-10-17,0.0296,1
ORD-2025-041617,CUST-08817,2025-10-31,0.0846,1
ORD-2025-041618,CUST-02699,2025-10-30,0.042,1
ORD-2025-041619,CUST-06446,2025-10-08,0.1122,2
ORD-2025-041620,CUST-00005,2025-10-18,0.0579,1
ORD-2025-041621,CUST-02249,2025-10-31,0.0266,1
ORD-2025-041622,CUST-03481,2025-10-06,0.1759,2
ORD-2025-041623,CUST-07943,2025-10-22,0.1878,1
ORD-2025-041624,CUST-08942,2025-10-27,0.0353,1
ORD-2025-041625,CUST-04609,2025-10-25,0.0154,1
ORD-2025-041626,CUST-07491,2025-10-27,0.0744,1
ORD-2025-041627,CUST-12537,2025-10-26,0.0031,1
ORD-2025-041628,CUST-11311,2025-10-17,0.0208,5
ORD-2025-041629,CUST-09108,2025-10-13,0.0235,2
ORD-2025-041630,CUST-05987,,0.0771,4
ORD-2025-041631,CUST-09694,2025-10-13,0.0105,1
ORD-2025-041632,CUST-03250,2025-10-21,0.0687,2
ORD-2025-041633,CUST-01301,2025-10-03,0.0323,2
ORD-2025-041634,CUST-12116,2025-10-14,0.3258,2
ORD-2025-041635,CUST-01280,2025-10-25,0.0859,1
ORD-2025-041636,CUST-02068,2025-10-15,0.0553,1
ORD-2025-041637,CUST-01370,2025-10-09,0.015,1
ORD-2025-041638,CUST-06500,2025-10-09,0.1055,1
ORD-2025-041639,CUST-04790,2025-10-16,0.1473,1
ORD-2025-041640,CUST-00382,2025-10-15,0.1194,1
ORD-2025-041641,CUST-06109,2025-10-13,0.0496,1
ORD-2025-041642,CUST-09058,2025-10-02,0.0419,1
ORD-2025-041643,CUST-08811,2025-10-09,0.0614,1
ORD-2025-041644,CUST-06704,2025-10-30,0.033,1
ORD-2025-041645,CUST-13355,2025-10-22,0.0799,2
ORD-2025-041646,CUST-03018,2025-10-11,0.0344,4
ORD-2025-041647,CUST-12180,2025-10-20,0.2079,3
ORD-2025-041648,CUST-07173,2025-10-18,0.155,1
ORD-2025-041649,CUST-06992,2025-10-09,0.0717,4
ORD-2025-041650,CUST-08053,2025-10-16,0.2094,1
ORD-2025-041651,CUST-08582,2025-10-18,0.0991,2
ORD-2025-041652,CUST-08728,2025-10-06,0.2506,1
ORD-2025-041653,CUST-13253,2025-10-11,0.0628,1
ORD-2025-041654,CUST-00843,2025-10-25,0.0459,1
ORD-2025-041655,CUST-05288,2025-10-28,0.0697,5
ORD-2025-041656,CUST-11805,2025-10-02,0.0363,1
ORD-2025-041657,CUST-01230,2025-10-09,0.0821,1
ORD-2025-041658,CUST-01398,2025-10-17,0.0352,1
ORD-2025-041659,CUST-07490,2025-10-13,0.2792,1
ORD-2025-041660,CUST-10130,2025-10-31,0.0508,1
ORD-2025-041661,CUST-07404,2025-10-03,0.0169,1
ORD-2025-041662,CUST-07698,2025-10-26,0.1056,2
ORD-2025-041663,CUST-08687,2025-10-08,0.1057,1
ORD-2025-041664,CUST-03740,2025-10-30,0.1112,2
ORD-2025-041665,CUST-05247,2025-10-22,0.0946,1
ORD-2025-041666,CUST-03333,2025-10-16,0.0075,1
ORD-2025-041667,CUST-11204,2025-10-13,0.1736,2
ORD-2025-041668,CUST-00858,2025-10-02,0.0121,1
ORD-2025-041669,CUST-03121,2025-10-01,0.0524,1
ORD-2025-041670,CUST-12473,2025-10-16,0.0745,3
ORD-2025-041671,CUST-02496,2025-10-12,0.1993,1
ORD-2025-041672,CUST-05972,2025-10-28,0.128,1
ORD-2025-041673,CUST-12033,2025-10-23,0.0649,2
ORD-2025-041674,CUST-06154,2025-10-22,0.0147,3
ORD-2025-041675,CUST-08971,2025-10-23,0.1752,1
ORD-2025-041676,CUST-02626,2025-10-07,0.0666,1
ORD-2025-041677,CUST-04833,2025-10-16,0.0227,2
ORD-2025-041678,CUST-09335,2025-10-14,0.2545,1
ORD-2025-041679,CUST-01390,2025-10-03,0.1232,2
ORD-2025-041680,CUST-00330,2025-10-26,0.0053,1
ORD-2025-041681,CUST-02836,2025-10-17,0.0378,1
ORD-2025-041682,CUST-11763,2025-10-14,0.0925,1
ORD-2025-041683,CUST-10513,2025-10-16,0.1155,2
ORD-2025-041684,CUST-01164,2025-10-07,0.2684,1
ORD-2025-041685,CUST-05270,2025-10-11,0.0322,2
ORD-2025-041686,CUST-02615,2025-10-07,0.1717,3
ORD-2025-041687,CUST-10050,2025-10-12,0.0553,3
ORD-2025-041688,CUST-07211,2025-10-17,0.1256,1
ORD-2025-041689,CUST-01130,2025-10-23,0.0151,1
ORD-2025-041690,CUST-11652,2025-10-01,0.1989,1
ORD-2025-041691,CUST-10597,2025-10-14,0.2299,1
ORD-2025-041692,CUST-00053,2025-10-10,0.1508,1
ORD-2025-041693,CUST-13014,2025-10-02,0.0961,1
ORD-2025-041694,CUST-02449,2025-10-02,0.0503,2
ORD-2025-041695,CUST-07253,2025-10-26,0.1184,1
ORD-2025-041696,CUST-06202,2025-10-09,0.0268,1
ORD-2025-041697,CUST-11629,2025-10-11,0.2743,1
ORD-2025-041698,CUST-07951,2025-10-11,0.1943,2
ORD-2025-041699,CUST-05378,2025-10-28,0.0352,1
ORD-2025-041700,CUST-00096,2025-10-27,0.0274,2
ORD-2025-041701,CUST-12671,2025-10-03,0.02,1
ORD-2025-041702,CUST-10759,2025-10-04,0.0371,2
ORD-2025-041703,CUST-06208,2025-10-13,0.0962,1
ORD-2025-041704,CUST-03359,2025-10-09,0.0242,1
ORD-2025-041705,CUST-07193,2025-10-12,0.0412,1
ORD-2025-041706,CUST-09553,2025-10-31,0.2389,3
ORD-2025-041707,CUST-09825,2025-10-24,0.2574,1
ORD-2025-041708,CUST-04701,2025-10-03,0.109,1
ORD-2025-041709,CUST-10253,2025-10-28,0.0871,3
ORD-2025-041710,CUST-00790,2025-10-29,0.1041,3
ORD-2025-041711,CUST-04886,2025-10-26,0.0045,1
ORD-2025-041712,CUST-08792,2025-10-01,0.2981,2
ORD-2025-041713,CUST-04769,2025-10-28,0.1391,1
ORD-2025-041714,CUST-11873,2025-10-14,0.2369,1
ORD-2025-041715,CUST-11684,2025-10-28,0.0907,1
ORD-2025-041716,CUST-00473,2025-10-22,0.1429,1
ORD-2025-041717,CUST-01288,2025-10-28,0.0765,1
ORD-2025-041718,CUST-04576,2025-10-01,0.0416,2
ORD-2025-041719,CUST-01757,2025-10-15,0.0578,2
ORD-2025-041720,CUST-08836,2025-10-14,0.1246,2
ORD-2025-041721,CUST-02816,2025-10-22,0.1091,2
ORD-2025-041722,CUST-04919,2025-10-23,0.043,2
ORD-2025-041723,CUST-03401,2025-10-30,0.0253,1
ORD-2025-041724,CUST-02246,2025-10-28,0.0405,3
ORD-2025-041725,CUST-05109,2025-10-20,0.0384,4
ORD-2025-041726,CUST-07038,2025-10-10,0.0322,1
ORD-2025-041727,CUST-01064,2025-10-19,0.0055,1
ORD-2025-041728,CUST-01589,2025-10-10,0.2174,1
ORD-2025-041729,CUST-10983,2025-10-12,0.55,1
ORD-2025-041730,CUST-08895,2025-10-21,0.0413,1
ORD-2025-041731,CUST-07131,2025-10-17,0.2225,2
ORD-2025-041732,CUST-09318,2025-10-18,0.0294,1
ORD-2025-041733,CUST-03677,2025-10-03,0.0515,1
ORD-2025-041734,CUST-12625,2025-10-07,0.0581,1
ORD-2025-041735,,2025-10-20,0.091,5
ORD-2025-041736,CUST-05676,2025-10-20,0.0322,1
ORD-2025-041737,CUST-11562,2025-10-05,0.1159,1
ORD-2025-041738,CUST-12811,2025-10-18,0.1931,1
ORD-2025-041739,CUST-10880,2025-10-27,0.0317,1
ORD-2025-041740,CUST-04722,2025-10-26,0.2324,2
ORD-2025-041741,CUST-01113,2025-10-18,0.12,3
ORD-2025-041742,CUST-09774,2025-10-24,0.2559,1
ORD-2025-041743,CUST-13092,2025-10-07,0.0419,1
ORD-2025-041744,CUST-10588,2025-10-08,0.2918,1
ORD-2025-041745,CUST-10036,2025-10-01,0.17,1
ORD-2025-041746,CUST-03874,2025-10-07,0.0073,1
ORD-2025-041747,CUST-11402,2025-10-12,0.1802,2
ORD-2025-041748,CUST-10743,2025-10-21,0.2845,3
ORD-2025-041749,CUST-11676,2025-10-04,0.0381,1
ORD-2025-041750,CUST-02292,2025-10-15,0.1183,1
ORD-2025-041751,CUST-05176,2025-10-08,0.0814,4
ORD-2025-041752,CUST-01779,2025-10-24,0.0895,1
ORD-2025-041753,CUST-06539,2025-10-27,0.1946,1
ORD-2025-041754,CUST-07192,2025-10-22,0.069,1
ORD-2025-041755,CUST-02149,2025-10-10,0.0632,1
ORD-2025-041756,CUST-03326,2025-10-20,0.066,4
ORD-2025-041757,CUST-00571,2025-10-14,0.013,2
ORD-2025-041758,CUST-07907,2025-10-30,0.2951,1
ORD-2025-041759,CUST-03736,2025-10-07,0.1734,2
ORD-2025-041760,CUST-04524,2025-10-17,0.0779,3
ORD-2025-041761,CUST-08274,2025-10-03,0.0081,2
ORD-2025-041762,CUST-10520,2025-10-30,0.1118,3
ORD-2025-041763,CUST-12206,2025-10-25,0.0385,4
ORD-2025-041764,CUST-09707,2025-10-25,0.0597,1
ORD-2025-041765,CUST-03334,2025-10-10,0.0407,1
ORD-2025-041766,CUST-08973,2025-10-20,0.3007,2
ORD-2025-041767,CUST-09600,2025-10-18,0.1351,1
ORD-2025-041768,CUST-00176,2025-10-22,0.0117,2
ORD-2025-041769,CUST-03110,2025-10-14,0.0099,1
ORD-2025-041770,CUST-09513,2025-10-15,0.1374,1
ORD-2025-041771,CUST-12012,2025-10-11,0.0948,2
ORD-2025-041772,CUST-01611,2025-10-31,0.2028,2
ORD-2025-041773,CUST-04644,2025-10-18,0.0121,1
ORD-2025-041774,CUST-00362,2025-10-10,0.0796,2
ORD-2025-041775,CUST-08609,2025-10-01,0.0445,1
ORD-2025-041776,CUST-02337,2025-10-21,0.0715,2
ORD-2025-041777,CUST-02519,2025-10-10,0.0502,2
ORD-2025-041778,CUST-10423,2025-10-21,0.0903,2
ORD-2025-041779,CUST-04332,2025-10-02,0.1443,4
ORD-2025-041780,CUST-07063,2025-10-13,0.0629,1
ORD-2025-041781,CUST-05631,2025-10-18,0.0833,2
ORD-2025-041782,CUST-04905,2025-10-04,0.2431,1
ORD-2025-041783,CUST-10580,2025-10-14,0.0398,1
ORD-2025-041784,CUST-02919,2025-10-31,0.0341,1
ORD-2025-041785,CUST-03490,2025-10-07,0.0618,2
ORD-2025-041786,CUST-02589,2025-10-06,0.0535,1
ORD-2025-041787,CUST-11397,2025-10-04,0.2634,1
ORD-2025-041788,CUST-11589,2025-10-27,0.055,1
ORD-2025-041789,CUST-03640,2025-10-24,0.1596,1
ORD-2025-041790,CUST-06046,2025-10-08,0.0397,2
ORD-2025-041791,CUST-00812,2025-10-25,0.1968,1
ORD-2025-041792,CUST-04446,2025-10-21,0.0262,2
ORD-2025-041793,CUST-07686,2025-10-18,0.1841,1
ORD-2025-041794,CUST-12153,2025-10-10,0.2983,1
ORD-2025-041795,CUST-01012,2025-10-11,0.0897,2
ORD-2025-041796,CUST-08133,2025-10-24,0.1576,1
ORD-2025-041797,CUST-12475,2025-10-01,0.2034,2
ORD-2025-041798,CUST-04036,2025-10-13,0.0986,1
ORD-2025-041799,CUST-07630,2025-10-04,0.0884,1
ORD-2025-041800,CUST-00386,2025-10-15,0.0878,1
ORD-2025-041801,CUST-00113,2025-10-22,0.169,3
ORD-2025-041802,CUST-07928,2025-10-05,0.1024,1
ORD-2025-041803,CUST-02924,2025-10-09,0.0163,1
ORD-2025-041804,CUST-10474,2025-10-07,0.0366,1
ORD-2025-041805,CUST-05987,2025-10-30,0.2337,1
ORD-2025-041806,CUST-12041,2025-10-21,0.1287,2
ORD-2025-041807,CUST-07211,2025-10-29,0.1284,1
ORD-2025-041808,CUST-02288,2025-10-07,0.0784,2
ORD-2025-041809,CUST-10969,2025-10-18,0.55,1
ORD-2025-041810,CUST-07482,2025-10-07,0.1205,1
ORD-2025-041811,CUST-04098,2025-10-13,0.0099,1
ORD-2025-041812,CUST-05377,2025-10-19,0.1403,1
ORD-2025-041813,,2025-10-03,0.076,3
ORD-2025-041814,CUST-00983,2025-10-06,0.0443,2
ORD-2025-041815,CUST-01471,2025-10-15,0.032,3
ORD-2025-041816,CUST-04151,2025-10-26,0.1139,2
ORD-2025-041817,CUST-01630,2025-10-16,0.0525,2
ORD-2025-041818,CUST-11405,2025-10-26,0.3612,1
ORD-2025-041819,CUST-08355,2025-10-26,0.0881,1
ORD-2025-041820,CUST-10201,2025-10-21,0.0841,1
ORD-2025-041821,CUST-12542,2025-10-27,0.0169,1
ORD-2025-041822,CUST-06881,2025-10-04,0.0783,4
ORD-2025-041823,CUST-11753,2025-10-28,0.0752,2
ORD-2025-041824,CUST-12212,2025-10-01,0.128,3
ORD-2025-041825,CUST-05819,2025-10-28,0.0315,1
ORD-2025-041826,CUST-12776,2025-10-01,0.031,1
ORD-2025-041827,CUST-07103,2025-10-16,0.0562,2
ORD-2025-041828,CUST-05130,2025-10-05,0.2418,2
ORD-2025-041829,CUST-04264,2025-10-29,0.0231,2
ORD-2025-041830,CUST-02404,2025-10-01,0.0779,2
ORD-2025-041831,CUST-12180,2025-10-28,0.0531,2
ORD-2025-041832,CUST-13215,2025-10-24,0.018,1
ORD-2025-041833,CUST-12736,2025-10-13,0.0766,1
ORD-2025-041834,CUST-08302,2025-10-11,0.0401,1
ORD-2025-041835,CUST-01257,2025-10-07,0.0158,3
ORD-2025-041836,CUST-08951,2025-10-23,0.3714,1
ORD-2025-041837,CUST-08053,2025-10-10,0.1504,1
ORD-2025-041838,CUST-02072,2025-10-29,0.0964,1
ORD-2025-041839,CUST-00923,2025-10-14,0.0704,1
ORD-2025-041840,CUST-03643,2025-10-15,0.359,1
ORD-2025-041841,CUST-00741,2025-10-01,0.0295,2
ORD-2025-041842,CUST-08553,2025-10-08,0.0665,4
ORD-2025-041843,CUST-03236,2025-10-01,0.075,3
ORD-2025-041844,CUST-05886,2025-10-27,0.1101,1
ORD-2025-041845,CUST-04680,2025-10-06,0.2041,2
ORD-2025-041846,CUST-08697,2025-10-04,0.0299,1
ORD-2025-041847,CUST-06737,2025-10-19,0.0234,1
ORD-2025-041848,CUST-07252,2025-10-17,0.1605,2
ORD-2025-041849,CUST-03083,2025-10-24,0.1913,1
ORD-2025-041850,CUST-12587,2025-10-24,0.0466,3
ORD-2025-041851,CUST-10041,2025-10-27,0.0986,2
ORD-2025-041852,CUST-12937,2025-10-04,0.0402,3
ORD-2025-041853,CUST-10096,2025-10-10,0.0303,2
ORD-2025-041854,CUST-08285,2025-10-12,0.0509,1
ORD-2025-041855,CUST-08594,2025-10-17,0.0877,1
ORD-2025-041856,CUST-11727,2025-10-23,0.1363,1
ORD-2025-041857,CUST-09058,2025-10-25,0.1106,3
ORD-2025-041858,CUST-06016,2025-10-06,0.1354,2
ORD-2025-041859,CUST-09387,2025-10-21,0.1467,1
ORD-2025-041860,CUST-01436,2025-10-09,0.0343,1
ORD-2025-041861,CUST-12571,2025-10-31,0.0481,2
ORD-2025-041862,CUST-02762,2025-10-27,0.0982,1
ORD-2025-041863,CUST-01259,2025-10-28,0.3005,1
ORD-2025-041864,CUST-08959,2025-10-15,0.1376,3
ORD-2025-041865,CUST-12877,2025-10-29,0.0133,3
ORD-2025-041866,CUST-03998,2025-10-15,0.0397,1
ORD-2025-041867,CUST-09333,2025-10-22,0.0661,1
ORD-2025-041868,CUST-09233,2025-10-22,0.1307,2
ORD-2025-041869,CUST-06208,2025-10-08,0.1208,1
ORD-2025-041870,CUST-12612,2025-10-14,0.3062,1
ORD-2025-041871,CUST-05223,2025-10-19,0.0609,3
ORD-2025-041872,CUST-03890,2025-10-16,0.0313,1
ORD-2025-041873,CUST-04958,2025-10-03,0.0092,1
ORD-2025-041874,CUST-03372,2025-10-30,0.0985,2
ORD-2025-041875,CUST-04262,2025-10-10,0.0792,1
ORD-2025-041876,CUST-08984,2025-10-29,0.5014,1
ORD-2025-041877,CUST-13036,2025-10-09,0.1472,1
ORD-2025-041878,CUST-05182,2025-10-06,0.0586,1
ORD-2025-041879,CUST-05419,2025-10-04,0.0148,1
ORD-2025-041880,CUST-12251,2025-10-04,0.0192,5
ORD-2025-041881,CUST-10735,2025-10-22,0.0982,2
ORD-2025-041882,CUST-00903,2025-10-03,0.0596,2
ORD-2025-041883,CUST-07935,2025-10-07,0.444,1
ORD-2025-041884,CUST-06419,2025-10-08,0.0714,1
ORD-2025-041885,CUST-05581,2025-10-21,0.2305,1
ORD-2025-041886,CUST-05956,2025-10-07,0.0191,1
ORD-2025-041887,CUST-05400,2025-10-24,0.1234,2
ORD-2025-041888,CUST-13298,2025-10-01,0.1642,2
ORD-2025-041889,CUST-01883,2025-10-06,0.1279,2
ORD-2025-041890,CUST-07948,2025-10-08,0.2152,2
ORD-2025-041891,CUST-03945,2025-10-29,0.0709,1
ORD-2025-041892,CUST-08429,2025-10-02,0.2319,1
ORD-2025-041893,CUST-13162,2025-10-06,0.0596,3
ORD-2025-041894,CUST-02847,2025-10-07,0.1035,1
ORD-2025-041895,CUST-06986,2025-10-13,0.0254,3
ORD-2025-041896,CUST-02215,2025-10-04,0.0799,3
ORD-2025-041897,CUST-06059,2025-10-11,0.0526,1
ORD-2025-041898,CUST-12057,2025-10-26,0.3194,3
ORD-2025-041899,CUST-08120,2025-10-23,0.1625,2
ORD-2025-041900,CUST-11298,2025-10-14,0.2403,1
ORD-2025-041901, CUST-08309 ,2025-10-06,0.2767,4
ORD-2025-041902,CUST-08840,2025-10-03,0.0588,1
ORD-2025-041903,CUST-00600,2025-10-11,0.1209,4
ORD-2025-041904,CUST-10788,2025-10-09,0.0424,2
ORD-2025-041905,CUST-01137,2025-10-23,0.0541,1
ORD-2025-041906,CUST-05659,2025-10-04,0.1755,2
ORD-2025-041907,CUST-12521,2025-10-16,0.2307,1
ORD-2025-041908,CUST-06627,2025-10-05,0.2662,1
ORD-2025-041909,CUST-13155,2025-10-14,0.1813,1
ORD-2025-041910,CUST-07704,2025-10-20,0.0342,1
ORD-2025-041911,CUST-01189,2025-10-08,0.0398,1
ORD-2025-041912,CUST-03415,2025-10-08,0.0381,1
ORD-2025-041913,CUST-11241,2025-10-28,0.0089,1
ORD-2025-041914,CUST-09621,2025-10-10,0.1394,2
ORD-2025-041915,CUST-00246,2025-10-26,0.037,1
ORD-2025-041916,CUST-11404,2025-10-18,0.0374,2
ORD-2025-041917,CUST-05208,2025-10-04,0.0494,1
ORD-2025-041918,CUST-11853,2025-10-04,0.2353,1
ORD-2025-041919,CUST-09592,2025-10-26,0.0388,1
ORD-2025-041920,CUST-04460,2025-10-22,0.1883,1
ORD-2025-041921,CUST-10097,2025-10-21,0.0131,2
ORD-2025-041922,CUST-06583,2025-10-22,0.0683,1
ORD-2025-041923,CUST-12165,2025-10-21,0.0209,2
ORD-2025-041924,CUST-04461,2025-10-21,0.0516,1
ORD-2025-041925,CUST-11109,2025-10-11,0.0365,2
ORD-2025-041926,CUST-01570,2025-10-22,0.0866,1
ORD-2025-041927,CUST-04534,2025-10-04,0.0186,4
ORD-2025-041928,CUST-08582,2025-10-28,0.0863,1
ORD-2025-041929,CUST-07513,2025-10-10,0.0876,1
ORD-2025-041930,CUST-03224,2025-10-17,0.0612,1
ORD-2025-041931,CUST-03338,2025-10-17,0.09,1
ORD-2025-041932,CUST-00092,2025-10-09,0.1635,1
ORD-2025-041933,CUST-04672,2025-10-13,0.0058,2
ORD-2025-041934,CUST-10815,2025-10-13,0.0772,5
ORD-2025-041935,CUST-10820,2025-10-28,0.1788,1
ORD-2025-041936,CUST-07573,2025-10-18,0.1029,2
ORD-2025-041937,CUST-05219,2025-10-27,0.1302,1
ORD-2025-041938,CUST-12696,2025-10-18,0.2974,1
ORD-2025-041939,CUST-08387,2025-10-15,0.138,2
ORD-2025-041940,CUST-05735,2025-10-03,0.0268,2
ORD-2025-041941,CUST-11922,2025-10-24,0.2424,1
ORD-2025-041942,CUST-09701,2025-10-24,0.0719,3
ORD-2025-041943,CUST-12908,2025-10-13,0.0489,2
ORD-2025-041944,CUST-10062,2025-10-07,0.1356,1
ORD-2025-041945,CUST-11753,2025-10-27,0.0475,3
ORD-2025-041946,CUST-07068,2025-10-05,0.142,3
ORD-2025-041947,CUST-11560,2025-10-30,0.121,1
ORD-2025-041948,CUST-12118,2025-10-06,0.0655,1
ORD-2025-041949,CUST-02669,2025-10-27,0.106,1
ORD-2025-041950,CUST-09445,2025-10-04,0.0703,2
ORD-2025-041951,CUST-11690,2025-10-23,0.1911,1
ORD-2025-041952,CUST-01895,2025-10-11,0.1933,1
ORD-2025-041953,CUST-02166,2025-10-07,0.0414,1
ORD-2025-041954,CUST-13118,2025-10-05,0.1156,1
ORD-2025-041955,CUST-02433,2025-10-28,0.0232,3
ORD-2025-041956,CUST-01057,2025-10-19,0.2325,2
ORD-2025-041957,CUST-03131,2025-10-28,0.0971,2
ORD-2025-041958,CUST-10439,2025-10-05,0.0642,1
ORD-2025-041959,CUST-08739,2025-10-28,0.1895,1
ORD-2025-041960,CUST-08325,2025-10-14,0.0247,1
ORD-2025-041961,CUST-12745,2025-10-12,0.1131,1
ORD-2025-041962,CUST-08886,2025-10-03,0.054,3
ORD-2025-041963,CUST-12537,2025-10-23,0.0608,3
ORD-2025-041964,CUST-09580,2025-10-25,0.1004,1
ORD-2025-041965,CUST-07211,2025-10-05,0.0339,4
ORD-2025-041966,CUST-13024,2025-10-31,0.3001,1
ORD-2025-041967,CUST-11050,2025-10-31,0.0507,2
ORD-2025-041968,CUST-12006,2025-10-25,0.4988,1
ORD-2025-041969,CUST-02581,2025-10-22,0.2385,1
ORD-2025-041970,CUST-12803,2025-10-24,0.2197,1
ORD-2025-041971,CUST-05754,2025-10-25,0.0551,1
ORD-2025-041972,CUST-12585,2025-10-16,0.1932,1
ORD-2025-041973,CUST-13457,2025-10-11,0.0947,5
ORD-2025-041974,CUST-06250,2025-10-08,0.1639,1
ORD-2025-041975,CUST-08463,2025-10-14,0.2118,1
ORD-2025-041976,CUST-10202,2025-10-26,0.0316,2
ORD-2025-041977,CUST-13373,2025-10-06,0.1192,2
ORD-2025-041978,CUST-01085,2025-10-04,0.044,1
ORD-2025-041979,CUST-11305,2025-10-11,0.3714,1
ORD-2025-041980,CUST-00818,2025-10-11,0.0967,2
ORD-2025-041981,CUST-12358,2025-10-03,0.0513,1
ORD-2025-041982,CUST-07706,2025-10-20,0.0374,1
ORD-2025-041983,CUST-11527,2025-10-04,0.0156,1
ORD-2025-041984,CUST-11989,2025-10-27,0.1806,2
ORD-2025-041985,CUST-06934,2025-10-01,0.0655,1
ORD-2025-041986, CUST-06149 ,2025-10-07,0.2171,1
ORD-2025-041987,CUST-11425,2025-10-07,0.1618,1
ORD-2025-041988,CUST-07838,2025-10-11,0.2317,1
ORD-2025-041989,CUST-02417,2025-10-28,0.0088,1
ORD-2025-041990,CUST-00814,2025-10-31,0.0179,3
ORD-2025-041991,CUST-03838,2025-10-21,0.037,1
ORD-2025-041992,CUST-00502,2025-10-13,0.0448,1
ORD-2025-041993,CUST-03607,2025-10-01,0.0461,1
ORD-2025-041994,CUST-06080,2025-10-26,0.0812,1
ORD-2025-041995,CUST-06148,2025-10-19,0.0268,1
ORD-2025-041996,CUST-11883,2025-10-19,0.2985,3
ORD-2025-041997,CUST-04478,2025-10-20,0.0687,2
ORD-2025-041998,CUST-00133,2025-10-31,0.0721,2
ORD-2025-041999,CUST-05353,2025-10-01,0.013,3
ORD-2025-042000,CUST-11755,2025-10-28,0.0889,1
ORD-2025-042001,CUST-08233,2025-10-17,0.0607,3
ORD-2025-042002,CUST-04706,2025-10-31,0.0222,2
ORD-2025-042003,CUST-01231,2025-10-11,0.0865,2
ORD-2025-042004,CUST-11982,2025-10-03,0.1062,2
ORD-2025-042005,CUST-01923,2025-10-17,0.0178,2
ORD-2025-042006,CUST-05187,2025-10-26,0.0287,3
ORD-2025-042007,CUST-06748,2025-10-15,0.0208,1
ORD-2025-042008,CUST-12370,2025-10-22,0.046,1
ORD-2025-042009,CUST-10003,2025-10-07,0.2455,2
ORD-2025-042010,CUST-13281,2025-10-09,0.0877,1
ORD-2025-042011,CUST-04624,2025-10-21,0.063,1
ORD-2025-042012,CUST-12459,2025-10-10,0.0742,1
ORD-2025-042013,CUST-00892,2025-10-26,0.0817,1
ORD-2025-042014,CUST-12019,2025-10-08,0.2554,1
ORD-2025-042015,CUST-02203,2025-10-01,0.0437,1
ORD-2025-042016,CUST-03143,2025-10-07,0.0265,1
ORD-2025-042017,CUST-09556,2025-10-26,0.0221,5
ORD-2025-042018,CUST-05142,2025-10-07,0.0336,1
ORD-2025-042019,CUST-13032,2025-10-17,0.0128,3
ORD-2025-042020,CUST-13215,2025-10-06,0.0367,2
ORD-2025-042021,CUST-01164,2025-10-18,0.0051,1
ORD-2025-042022,CUST-09774,2025-10-06,0.1914,1
ORD-2025-042023,CUST-09592,2025-10-14,0.1255,3
ORD-2025-042024,CUST-06487,2025-10-15,0.0997,3
ORD-2025-042025,CUST-01333,2025-10-18,0.0691,3
ORD-2025-042026,CUST-06237,2025-10-09,0.184,1
ORD-2025-042027,CUST-01148,2025-10-20,0.2008,1
ORD-2025-042028,CUST-12663,2025-10-09,0.2044,1
ORD-2025-042029,CUST-07040,2025-10-27,0.2213,3
ORD-2025-042030,CUST-08716,2025-10-08,0.0919,1
ORD-2025-042031,CUST-10056,2025-10-20,0.0681,1
ORD-2025-042032,CUST-05978,2025-10-25,0.1412,3
ORD-2025-042033,CUST-09420,2025-10-09,0.0551,1
ORD-2025-042034,CUST-01403,2025-10-11,0.0273,3
ORD-2025-042035,CUST-03740,2025-10-10,0.1119,1
ORD-2025-042036,CUST-11448,2025-10-21,0.0347,2
ORD-2025-042037,CUST-08691,2025-10-25,0.1849,2
ORD-2025-042038,CUST-13171,2025-10-16,0.0725,2
ORD-2025-042039,CUST-12616,2025-10-23,0.4104,2
ORD-2025-042040,CUST-01930,2025-10-07,0.1484,1
ORD-2025-042041,CUST-11193,2025-10-07,0.1508,1
ORD-2025-042042,CUST-03626,2025-10-29,0.2207,2
ORD-2025-042043,CUST-09525,2025-10-24,0.0663,1
ORD-2025-042044,CUST-11666,2025-10-07,0.075,1
ORD-2025-042045,CUST-00608,2025-10-14,0.1721,2
ORD-2025-042046,CUST-13523,2025-10-10,0.0465,1
ORD-2025-042047,CUST-10062,2025-10-15,0.2182,1
ORD-2025-042048,CUST-00252,2025-10-26,0.052,3
ORD-2025-042049,CUST-01835,2025-10-15,0.0278,4
ORD-2025-042050,CUST-03289,2025-10-04,0.119,3
ORD-2025-042051,CUST-05904,2025-10-20,0.0294,1
ORD-2025-042052,CUST-02474,2025-10-20,0.0484,3
ORD-2025-042053,CUST-09776,2025-10-20,0.0272,1
ORD-2025-042054,CUST-04686,2025-10-19,0.0594,1
ORD-2025-042055,CUST-10968,2025-10-27,0.1029,1
ORD-2025-042056,CUST-09052,2025-10-21,0.1657,5
ORD-2025-042057,CUST-03543,2025-10-02,0.2777,2
ORD-2025-042058,CUST-09163,2025-10-01,0.2206,1
ORD-2025-042059,CUST-09177,2025-10-14,0.0684,1
ORD-2025-042060,CUST-07018,2025-10-22,0.3086,2
ORD-2025-042061,CUST-05400,2025-10-13,0.15,1
ORD-2025-042062,CUST-09972,2025-10-09,0.1181,3
ORD-2025-042063,CUST-10638,2025-10-28,0.2104,1
ORD-2025-042064,CUST-11682,2025-10-17,0.0601,1
ORD-2025-042065,CUST-06873,2025-10-03,0.0573,1
ORD-2025-042066,CUST-10206,2025-10-18,0.0481,2
ORD-2025-042067,CUST-07890,2025-10-05,0.1084,1
ORD-2025-042068,CUST-11692,2025-10-28,0.027,1
ORD-2025-042069,CUST-10344,2025-10-22,0.1269,1
ORD-2025-042070,CUST-04029,2025-10-26,0.0323,1
ORD-2025-042071,CUST-04046,2025-10-29,0.2696,1
ORD-2025-042072,CUST-08733,2025-10-09,0.0307,1
ORD-2025-042073,CUST-03978,2025-10-19,0.0812,3
ORD-2025-042074,CUST-09802,2025-10-26,0.1126,3
ORD-2025-042075,CUST-11492,2025-10-09,0.0233,2
ORD-2025-042076,CUST-11215,2025-10-21,0.1401,5
ORD-2025-042077,CUST-04436,2025-10-16,0.0638,1
ORD-2025-042078,CUST-05615,2025-10-21,0.0523,3
ORD-2025-042079,CUST-01721,2025-10-21,0.0758,1
ORD-2025-042080,CUST-03393,2025-10-15,0.045,1
ORD-2025-042081,CUST-05662,2025-10-14,0.0922,2
ORD-2025-042082,CUST-04036,2025-10-14,0.1203,1
ORD-2025-042083,CUST-02496,2025-10-19,0.0665,1
ORD-2025-042084,CUST-08743,2025-10-10,0.0543,2
ORD-2025-042085,CUST-12703,2025-10-25,0.0532,3
ORD-2025-042086,CUST-05916,2025-10-02,0.0651,4
ORD-2025-042087,CUST-03774,2025-10-30,0.0898,2
ORD-2025-042088,CUST-00274,2025-10-10,0.1462,1
ORD-2025-042089,CUST-06943,2025-10-08,0.0464,1
ORD-2025-042090,CUST-06952,2025-10-06,0.2,2
ORD-2025-042091,CUST-11933,2025-10-16,0.1558,1
ORD-2025-042092,CUST-06833,2025-10-02,0.1303,3
ORD-2025-042093,CUST-02067,2025-10-12,0.1136,1
ORD-2025-042094,CUST-03134,2025-10-30,0.1856,1
ORD-2025-042095,CUST-03736,2025-10-05,0.0872,1
ORD-2025-042096,CUST-10082,2025-10-12,0.098,3
ORD-2025-042097,CUST-11193,2025-10-18,0.0522,1
ORD-2025-042098,CUST-10007,2025-10-02,0.0824,3
ORD-2025-042099,CUST-11290,2025-10-23,0.1251,3
ORD-2025-042100,CUST-05457,2025-10-09,0.1327,2
ORD-2025-042101,CUST-10827,2025-10-15,0.0339,2
ORD-2025-042102,CUST-02368,2025-10-11,0.0046,1
ORD-2025-042103,CUST-10704,2025-10-28,0.0754,1
ORD-2025-042104,CUST-11599,2025-10-11,0.0143,3
ORD-2025-042105,CUST-11444,2025-10-13,0.2531,2
ORD-2025-042106,CUST-05295,2025-10-18,0.0912,1
ORD-2025-042107,CUST-11394,2025-10-26,0.1987,1
ORD-2025-042108,CUST-12226,2025-10-05,0.059,4
ORD-2025-042109,CUST-08376,2025-10-19,0.2893,1
ORD-2025-042110,CUST-07524,2025-10-24,0.0958,1
ORD-2025-042111,CUST-07105,2025-10-20,0.1847,1
ORD-2025-042112,CUST-12458,2025-10-21,0.042,4
ORD-2025-042113,CUST-03267,2025-10-06,0.0612,1
ORD-2025-042114,CUST-06661,2025-10-24,0.0934,1
ORD-2025-042115,CUST-06810,2025-10-01,0.0182,1
ORD-2025-042116,CUST-00180,2025-10-07,0.0405,2
ORD-2025-042117,CUST-10879,2025-10-25,0.0499,1
ORD-2025-042118,CUST-10612,2025-10-23,0.2039,2
ORD-2025-042119,CUST-03965,2025-10-18,0.1529,1
ORD-2025-042120,CUST-03998,2025-10-16,0.1297,1
ORD-2025-042121,CUST-03987,2025-10-01,0.1693,1
ORD-2025-042122,CUST-11022,2025-10-22,0.2156,3
ORD-2025-042123,CUST-01182,2025-10-23,0.0198,2
ORD-2025-042124,CUST-08785,2025-10-05,0.0017,1
ORD-2025-042125,CUST-06489,2025-10-24,0.0616,2
ORD-2025-042126,CUST-03236,2025-10-03,0.138,1
ORD-2025-042127,CUST-03356,2025-10-15,0.0724,1
ORD-2025-042128,CUST-02639,2025-10-13,0.0147,1
ORD-2025-042129,CUST-02007,2025-10-06,0.2027,1
ORD-2025-042130,CUST-00411,2025-10-15,0.2227,1
ORD-2025-042131,CUST-03727,2025-10-30,0.15,2
ORD-2025-042132,CUST-04886,2025-10-02,0.0053,1
ORD-2025-042133,CUST-09006,2025-10-17,0.0443,1
ORD-2025-042134,CUST-01485,2025-10-04,0.307,3
ORD-2025-042135,CUST-08304,2025-10-26,0.0164,4
ORD-2025-042136,CUST-02782,2025-10-27,0.0558,1
ORD-2025-042137,CUST-01930,2025-10-21,0.128,1
ORD-2025-042138,CUST-07212,2025-10-08,0.1058,3
ORD-2025-042139,CUST-00579,2025-10-31,0.1237,3
ORD-2025-042140,CUST-10472,2025-10-12,0.0868,2
ORD-2025-042141,CUST-04546,2025-10-11,0.1175,2
ORD-2025-042142,CUST-03661,2025-10-22,0.1189,1
ORD-2025-042143,CUST-08315,2025-10-13,0.0639,1
ORD-2025-042144,CUST-01798,2025-10-27,0.0428,3
ORD-2025-042145,CUST-07553,2025-10-07,0.0145,1
ORD-2025-042146,CUST-06690,2025-10-15,0.1127,3
ORD-2025-042147,CUST-09222,2025-10-27,0.0395,2
ORD-2025-042148,CUST-08373,2025-10-11,0.2623,1
ORD-2025-042149,CUST-07068,2025-10-12,0.0564,3
ORD-2025-042150,CUST-09413,2025-10-05,0.0345,1
ORD-2025-042151,CUST-06080,2025-10-04,0.0598,1
ORD-2025-042152,CUST-06661,2025-10-19,0.1933,1
ORD-2025-042153,CUST-10033,2025-10-26,0.0938,1
ORD-2025-042154,CUST-01849,2025-10-11,0.0141,2
ORD-2025-042155,CUST-02454,2025-10-22,0.0591,2
ORD-2025-042156,CUST-02459,2025-10-28,0.04,1
ORD-2025-042157,CUST-06931,2025-10-04,0.037,1
ORD-2025-042158,CUST-05168,2025-10-21,0.0839,5
ORD-2025-042159,CUST-12569,2025-10-26,0.0486,1
ORD-2025-042160,CUST-09755,2025-10-17,0.1101,2
ORD-2025-042161,CUST-01711,2025-10-30,0.0232,2
ORD-2025-042162,CUST-05035,2025-10-17,0.1237,3
ORD-2025-042163,CUST-12491,2025-10-04,0.274,3
ORD-2025-042164,CUST-00362,2025-10-09,0.0397,1
ORD-2025-042165,CUST-01530,2025-10-21,0.1469,1
ORD-2025-042166,CUST-00935,2025-10-06,0.146,1
ORD-2025-042167,CUST-00464,2025-10-04,0.1191,1
ORD-2025-042168,CUST-13162,2025-10-28,0.1692,1
ORD-2025-042169,CUST-12262,2025-10-05,0.2337,1
ORD-2025-042170,CUST-09116,2025-10-19,0.0499,1
ORD-2025-042171,CUST-05734,2025-10-21,0.0359,2
ORD-2025-042172,CUST-12284,2025-10-12,0.1198,1
ORD-2025-042173,CUST-03989,2025-10-24,0.1432,2
ORD-2025-042174,CUST-05929,2025-10-13,0.0266,1
ORD-2025-042175,CUST-12041,2025-10-16,0.0414,1
ORD-2025-042176,CUST-08315,2025-10-20,0.0747,5
ORD-2025-042177,CUST-04332,2025-10-11,0.065,1
ORD-2025-042178,CUST-08425,2025-10-02,0.2888,1
ORD-2025-042179,CUST-07721,2025-10-01,0.089,1
ORD-2025-042180,CUST-09857,2025-10-22,0.1083,2
ORD-2025-042181,CUST-06011,2025-10-14,0.0891,3
ORD-2025-042182,CUST-01520,2025-10-25,0.0481,1
ORD-2025-042183,CUST-07344,2025-10-18,0.033,1
ORD-2025-042184,CUST-07480,2025-10-07,0.059,1
ORD-2025-042185,CUST-07980,2025-10-29,0.3383,1
ORD-2025-042186,CUST-05098,2025-10-29,0.0705,3
ORD-2025-042187,CUST-08908,2025-10-13,0.0049,3
ORD-2025-042188,CUST-11665,2025-10-10,0.0904,1
ORD-2025-042189,CUST-07455,2025-10-12,0.1293,1
ORD-2025-042190,CUST-07622,2025-10-15,0.0022,1
ORD-2025-042191,CUST-04873,2025-10-22,0.0041,1
ORD-2025-042192,CUST-07018,2025-10-08,0.331,2
ORD-2025-042193,CUST-12309,2025-10-27,0.0433,3
ORD-2025-042194,CUST-04033,2025-10-20,0.0998,3
ORD-2025-042195,CUST-00737,2025-10-29,0.0733,1
ORD-2025-042196,CUST-00784,2025-10-01,0.0286,3
ORD-2025-042197,CUST-08617,2025-10-06,0.0607,1
ORD-2025-042198,CUST-10556,2025-10-30,0.1042,2
ORD-2025-042199,CUST-07871,2025-10-09,0.0641,3
ORD-2025-042200,CUST-09556,2025-10-13,0.0297,2
ORD-2025-042201, CUST-11745 ,2025-10-20,0.1817,2
ORD-2025-042202,CUST-09174,2025-10-30,0.0205,1
ORD-2025-042203,CUST-09916,2025-10-29,0.007,1
ORD-2025-042204,CUST-09961,2025-10-04,0.0217,2
ORD-2025-042205,CUST-10378,2025-10-25,0.5416,1
ORD-2025-042206,CUST-02920,2025-10-10,0.1207,1
ORD-2025-042207,CUST-05581,2025-10-07,0.0839,3
ORD-2025-042208,CUST-01231,2025-10-29,0.0416,1
ORD-2025-042209,CUST-04187,2025-10-13,0.326,3
ORD-2025-042210,CUST-11922,2025-10-21,0.1049,1
ORD-2025-042211,CUST-06373,2025-10-03,0.0448,3
ORD-2025-042212,CUST-01132,2025-10-02,0.1204,1
ORD-2025-042213,CUST-07130,2025-10-05,0.0286,1
ORD-2025-042214,CUST-01349,2025-10-14,0.1172,1
ORD-2025-042215,CUST-08700,2025-10-16,0.0708,2
ORD-2025-042216,CUST-09826,2025-10-12,0.0647,1
ORD-2025-042217,CUST-10338,2025-10-24,0.0247,1
ORD-2025-042218,CUST-10930,2025-10-25,0.1434,2
ORD-2025-042219,CUST-10253,2025-10-31,0.0773,1
ORD-2025-042220,CUST-11779,2025-10-23,0.0893,1
ORD-2025-042221,CUST-05819,2025-10-09,0.032,1
ORD-2025-042222,CUST-08562,2025-10-31,0.0232,3
ORD-2025-042223,CUST-08938,2025-10-25,0.0522,1
ORD-2025-042224,CUST-02621,2025-10-17,0.0839,1
ORD-2025-042225,CUST-10825,2025-10-29,0.0875,1
ORD-2025-042226,CUST-11730,2025-10-17,0.0535,1
ORD-2025-042227,CUST-11953,2025-10-13,0.0549,1
ORD-2025-042228,CUST-01049,2025-10-16,0.0267,3
ORD-2025-042229,CUST-12156,2025-10-30,0.2426,1
ORD-2025-042230,CUST-05272,2025-10-26,0.0735,2
ORD-2025-042231,CUST-08514,2025-10-10,0.0824,2
ORD-2025-042232,,2025-10-31,0.1084,5
ORD-2025-042233,CUST-00064,2025-10-06,0.0303,2
ORD-2025-042234,CUST-06059,2025-10-18,0.0822,4
ORD-2025-042235,CUST-07381,2025-10-27,0.1286,2
ORD-2025-042236,CUST-00096,2025-10-21,0.0512,1
ORD-2025-042237,CUST-10496,2025-10-16,0.2122,2
ORD-2025-042238,CUST-04614,2025-10-26,0.5227,2
ORD-2025-042239,CUST-12336,2025-10-09,0.0943,1
ORD-2025-042240,CUST-10089,2025-10-27,0.1993,4
ORD-2025-042241,CUST-06446,2025-10-05,0.0871,5
ORD-2025-042242,CUST-03470,2025-10-16,0.1842,2
ORD-2025-042243,CUST-04664,2025-10-28,0.2083,2
ORD-2025-042244,CUST-12947,2025-10-02,0.0054,1
ORD-2025-042245,CUST-06296,2025-10-06,0.037,3
ORD-2025-042246,CUST-07149,2025-10-22,0.348,1
ORD-2025-042247,,2025-10-04,0.0222,1
ORD-2025-042248,CUST-11777,2025-10-15,0.0479,2
ORD-2025-042249,CUST-10695,2025-10-16,0.0838,1
ORD-2025-042250,CUST-05625,2025-10-17,0.0531,1
ORD-2025-042251,CUST-03643,2025-10-30,0.1622,1
ORD-2025-042252,CUST-06494,2025-10-14,0.112,1
ORD-2025-042253,CUST-06266,2025-10-15,0.0841,2
ORD-2025-042254,CUST-02360,2025-10-22,0.014,1
ORD-2025-042255,CUST-00020,2025-10-17,0.0286,1
ORD-2025-042256,CUST-04109,2025-10-26,0.0105,2
ORD-2025-042257,CUST-10267,2025-10-24,0.2261,1
ORD-2025-042258,CUST-05547,2025-10-02,0.097,1
ORD-2025-042259,CUST-04911,2025-10-03,0.2087,2
ORD-2025-042260,CUST-03846,2025-10-13,0.1005,1
ORD-2025-042261,CUST-12206,2025-10-08,0.0436,2
ORD-2025-042262,CUST-09532,2025-10-11,0.0497,2
ORD-2025-042263,CUST-01885,2025-10-25,0.0673,1
ORD-2025-042264,CUST-09554,2025-10-13,0.3314,1
ORD-2025-042265,CUST-06025,2025-10-03,0.1187,1
ORD-2025-042266,CUST-00353,2025-10-07,0.0503,1
ORD-2025-042267,CUST-03292,2025-10-08,0.0577,2
ORD-2025-042268,CUST-06730,2025-10-17,0.0168,2
ORD-2025-042269,CUST-11302,2025-10-15,0.1648,1
ORD-2025-042270,CUST-08746,2025-10-06,0.0019,1
ORD-2025-042271,CUST-05847,2025-10-30,0.0244,2
ORD-2025-042272,CUST-00833,2025-10-12,0.1049,3
ORD-2025-042273,CUST-03297,2025-10-04,0.042,1
ORD-2025-042274,CUST-02224,2025-10-24,0.1467,1
ORD-2025-042275,CUST-03216,2025-10-06,0.0832,2
ORD-2025-042276,CUST-00759,2025-10-02,0.0419,1
ORD-2025-042277,CUST-02709,2025-10-28,0.0862,2
ORD-2025-042278,CUST-10930,2025-10-26,0.55,1
ORD-2025-042279,CUST-13486,2025-10-24,0.0719,2
ORD-2025-042280,CUST-09312,2025-10-07,0.0324,1
ORD-2025-042281,CUST-13526,2025-10-31,0.0106,1
ORD-2025-042282,CUST-02982,2025-10-30,0.1521,1
ORD-2025-042283,CUST-11816,2025-10-11,0.1442,1
ORD-2025-042284,CUST-05659,2025-10-14,0.0892,1
ORD-2025-042285,CUST-07888,2025-10-10,0.2253,1
ORD-2025-042286,CUST-06316,2025-10-04,0.0553,3
ORD-2025-042287,CUST-06489,2025-10-01,0.0881,1
ORD-2025-042288,CUST-02727,2025-10-21,0.0153,1
ORD-2025-042289,CUST-09534,2025-10-20,0.0409,1
ORD-2025-042290,CUST-11147,2025-10-01,0.097,2
ORD-2025-042291,CUST-06690,2025-10-03,0.0781,1
ORD-2025-042292,CUST-12681,2025-10-21,0.0408,2
ORD-2025-042293,CUST-10642,2025-10-17,0.1116,1
ORD-2025-042294,CUST-11748,2025-10-14,0.0822,2
ORD-2025-042295,CUST-11295,2025-10-09,0.0159,1
ORD-2025-042296,CUST-02246,2025-10-03,0.164,1
ORD-2025-042297,CUST-01658,2025-10-17,0.0182,1
ORD-2025-042298,CUST-11424,2025-10-25,0.1715,1
ORD-2025-042299,CUST-10097,2025-10-16,0.0292,4
ORD-2025-042300,CUST-11312,2025-10-30,0.0571,3
ORD-2025-042301,CUST-07691,2025-10-03,0.0929,2
ORD-2025-042302,CUST-12454,2025-10-25,0.0884,1
ORD-2025-042303,CUST-12516,2025-10-22,0.0635,1
ORD-2025-042304,CUST-00127,2025-10-16,0.1296,1
ORD-2025-042305,CUST-04504,2025-10-14,0.1354,1
ORD-2025-042306,CUST-03998,2025-10-16,0.0807,2
ORD-2025-042307,CUST-12789,2025-10-13,0.1024,3
ORD-2025-042308,CUST-02496,2025-10-09,0.1715,1
ORD-2025-042309,CUST-02049,2025-10-11,0.1117,1
ORD-2025-042310,CUST-12903,2025-10-17,0.0813,1
ORD-2025-042311,CUST-05168,2025-10-08,0.0939,1
ORD-2025-042312,CUST-13155,,0.0752,1
ORD-2025-042313,CUST-08427,2025-10-15,0.0388,2
ORD-2025-042314,CUST-06318,2025-10-22,0.1322,2
ORD-2025-042315,CUST-08236,2025-10-07,0.308,2
ORD-2025-042316,CUST-05050,2025-10-14,0.0581,2
ORD-2025-042317,CUST-09078,2025-10-19,0.0548,1
ORD-2025-042318,CUST-08114,2025-10-13,0.0517,1
ORD-2025-042319,CUST-07768,2025-10-23,0.1008,1
ORD-2025-042320,CUST-02341,2025-10-08,0.1222,1
ORD-2025-042321,CUST-01860,2025-10-18,0.0888,1
ORD-2025-042322,CUST-03929,2025-10-29,0.1215,1
ORD-2025-042323,CUST-02639,2025-10-02,0.0772,1
ORD-2025-042324,CUST-02820,2025-10-03,0.0316,1
ORD-2025-042325,CUST-01308,2025-10-10,0.0762,1
ORD-2025-042326,CUST-03338,2025-10-27,0.1123,3
ORD-2025-042327,CUST-12671,2025-10-30,0.2132,1
ORD-2025-042328,CUST-07216,2025-10-04,0.0755,3
ORD-2025-042329,CUST-04453,2025-10-18,0.0282,1
ORD-2025-042330,CUST-07914,2025-10-23,0.1248,3
ORD-2025-042331,CUST-12911,2025-10-20,0.0909,2
ORD-2025-042332,CUST-07959,2025-10-04,0.1182,1
ORD-2025-042333,CUST-08160,2025-10-02,0.0206,1
ORD-2025-042334,CUST-11779,2025-10-13,0.0831,1
ORD-2025-042335,CUST-08166,2025-10-08,0.0988,3
ORD-2025-042336,CUST-12365,2025-10-18,0.0642,2
ORD-2025-042337,CUST-12852,2025-10-19,0.0852,3
ORD-2025-042338,CUST-07583,2025-10-03,0.0376,2
ORD-2025-042339,CUST-05723,2025-10-03,0.2587,1
ORD-2025-042340,CUST-04419,2025-10-22,0.1004,2
ORD-2025-042341,CUST-01380,2025-10-09,0.0637,1
ORD-2025-042342,CUST-11692,2025-10-30,0.0542,3
ORD-2025-042343,CUST-05295,2025-10-22,0.0429,1
ORD-2025-042344,CUST-01400,2025-10-14,0.1792,1
ORD-2025-042345,CUST-02471,2025-10-20,0.0831,1
ORD-2025-042346,CUST-05079,2025-10-26,0.0475,1
ORD-2025-042347,CUST-00892,2025-10-03,0.1011,1
ORD-2025-042348,CUST-05079,2025-10-19,0.019,2
ORD-2025-042349,CUST-01356,2025-10-10,0.2332,2
ORD-2025-042350,CUST-04655,2025-10-28,0.4126,1
ORD-2025-042351,CUST-00295,2025-10-03,0.1682,1
ORD-2025-042352,CUST-02708,2025-10-21,0.0882,2
ORD-2025-042353,CUST-09333,2025-10-15,0.1923,2
ORD-2025-042354,CUST-02070,2025-10-26,0.2059,1
ORD-2025-042355,CUST-10060,2025-10-19,0.0341,1
ORD-2025-042356,CUST-09906,2025-10-09,0.0237,3
ORD-2025-042357,CUST-11175,2025-10-03,0.0385,1
ORD-2025-042358,CUST-01908,2025-10-17,0.0245,1
ORD-2025-042359,CUST-12212,2025-10-29,0.094,1
ORD-2025-042360,CUST-02007,2025-10-03,0.2656,1
ORD-2025-042361,CUST-07192,2025-10-26,0.1375,1
ORD-2025-042362,CUST-05659,2025-10-08,0.0848,1
ORD-2025-042363,CUST-03126,2025-10-01,0.1407,1
ORD-2025-042364,CUST-03401,2025-10-31,0.0439,3
ORD-2025-042365,CUST-06491,2025-10-24,0.0722,1
ORD-2025-042366,CUST-06643,2025-10-12,0.0279,2
ORD-2025-042367,CUST-00968,2025-10-21,0.1309,2
ORD-2025-042368,CUST-02754,2025-10-11,0.0844,3
ORD-2025-042369,CUST-12750,2025-10-18,0.0445,1
ORD-2025-042370,CUST-01677,2025-10-30,0.1166,1
ORD-2025-042371,CUST-07344,2025-10-13,0.0627,3
ORD-2025-042372,CUST-03006,2025-10-31,0.015,3
ORD-2025-042373,CUST-09947,2025-10-28,0.0106,1
ORD-2025-042374,CUST-09962,2025-10-09,0.0459,1
ORD-2025-042375,CUST-05400,2025-10-24,0.1763,1
ORD-2025-042376,CUST-09348,2025-10-10,0.1093,1
ORD-2025-042377,CUST-04560,2025-10-15,0.1032,1
ORD-2025-042378,CUST-07218,2025-10-20,0.3471,1
ORD-2025-042379,CUST-11597,2025-10-17,0.1419,1
ORD-2025-042380,CUST-07513,2025-10-22,0.0556,3
ORD-2025-042381,CUST-08013,2025-10-19,0.0177,2
ORD-2025-042382,CUST-03372,2025-10-16,0.1178,1
ORD-2025-042383,CUST-03490,2025-10-23,0.0829,4
ORD-2025-042384,CUST-08320,2025-10-21,0.0206,2
ORD-2025-042385,CUST-11753,2025-10-20,0.2924,1
ORD-2025-042386,CUST-00275,2025-10-23,0.27,2
ORD-2025-042387,CUST-06784,2025-10-18,0.073,1
ORD-2025-042388,CUST-11295,2025-10-10,0.0086,3
ORD-2025-042389,CUST-13355,2025-10-13,0.1263,1
ORD-2025-042390,CUST-09357,2025-10-24,0.0908,1
ORD-2025-042391,CUST-11781,2025-10-09,0.0843,1
ORD-2025-042392,CUST-04229,2025-10-12,0.0739,1
ORD-2025-042393,CUST-06974,2025-10-18,0.4878,2
ORD-2025-042394,CUST-00447,2025-10-11,0.2375,2
ORD-2025-042395,CUST-03083,2025-10-15,0.0953,3
ORD-2025-042396,CUST-11753,2025-10-25,0.094,1
ORD-2025-042397,CUST-04170,2025-10-17,0.3906,1
ORD-2025-042398,CUST-11448,2025-10-05,0.0257,2
ORD-2025-042399,CUST-03731,2025-10-08,0.2467,1
ORD-2025-042400,CUST-02519,2025-10-13,0.027,1
ORD-2025-042401,CUST-04170,2025-10-29,0.1234,1
ORD-2025-042402,CUST-02908,2025-10-29,0.4033,1
ORD-2025-042403,CUST-08320,2025-10-08,0.0799,1
ORD-2025-042404,CUST-04849,2025-10-06,0.0466,5
ORD-2025-042405,CUST-08142,2025-10-18,0.1515,2
ORD-2025-042406,CUST-07348,2025-10-09,0.0938,1
ORD-2025-042407,CUST-10457,2025-10-28,0.2864,1
ORD-2025-042408,CUST-04973,2025-10-11,0.1085,2
ORD-2025-042409,CUST-12537,2025-10-28,0.0638,3
ORD-2025-042410,CUST-07702,2025-10-08,0.1226,1
ORD-2025-042411,CUST-09553,2025-10-26,0.1136,1
ORD-2025-042412,CUST-06502,2025-10-04,0.1161,2
ORD-2025-042413,CUST-07884,2025-10-05,0.1825,1
ORD-2025-042414,,2025-10-31,0.093,4
ORD-2025-042415,CUST-10142,2025-10-05,0.0473,1
ORD-2025-042416,CUST-01295,2025-10-03,0.0242,1
ORD-2025-042417,CUST-06514,2025-10-12,0.0132,1
ORD-2025-042418,CUST-02146,2025-10-19,0.1023,1
ORD-2025-042419,CUST-02044,2025-10-20,0.0392,1
ORD-2025-042420,CUST-12148,2025-10-24,0.0056,1
ORD-2025-042421,CUST-10592,2025-10-11,0.1222,1
ORD-2025-042422,CUST-02006,2025-10-18,0.0104,2
ORD-2025-042423,CUST-09571,2025-10-09,0.068,3
ORD-2025-042424,CUST-11263,2025-10-21,0.1522,1
ORD-2025-042425,CUST-10541,2025-10-05,0.1302,4
ORD-2025-042426,CUST-01593,2025-10-21,0.0387,1
ORD-2025-042427,CUST-07752,2025-10-27,0.025,1
ORD-2025-042428,CUST-02807,2025-10-19,0.1584,1
ORD-2025-042429,CUST-01779,2025-10-15,0.0958,2
ORD-2025-042430,CUST-01037,2025-10-08,0.1329,1
ORD-2025-042431,CUST-11198,2025-10-16,0.0196,1
ORD-2025-042432,CUST-13146,2025-10-27,0.1077,1
ORD-2025-042433,CUST-02888,2025-10-20,0.1097,3
ORD-2025-042434,CUST-12454,2025-10-24,0.1117,2
ORD-2025-042435,CUST-05676,2025-10-20,0.0815,1
ORD-2025-042436,CUST-07661,2025-10-29,0.0734,1
ORD-2025-042437,CUST-01132,2025-10-12,0.1335,1
ORD-2025-042438,CUST-02018,2025-10-03,0.3194,1
ORD-2025-042439,CUST-00671,2025-10-03,0.2065,1
ORD-2025-042440,CUST-10080,2025-10-01,0.041,1
ORD-2025-042441,CUST-07889,2025-10-13,0.1692,3
ORD-2025-042442,CUST-07804,2025-10-15,0.2004,2
ORD-2025-042443,CUST-11373,2025-10-20,0.2318,3
ORD-2025-042444,CUST-09058,2025-10-28,0.0289,1
ORD-2025-042445,CUST-04525,2025-10-01,0.0872,1
ORD-2025-042446,CUST-08167,2025-10-02,0.3971,1
ORD-2025-042447,CUST-10751,2025-10-23,0.2857,2
ORD-2025-042448,CUST-08288,2025-10-23,0.065,2
ORD-2025-042449,CUST-10442,2025-10-21,0.052,5
ORD-2025-042450,CUST-02653,2025-10-25,0.0235,2
ORD-2025-042451,CUST-11877,2025-10-29,0.1624,2
ORD-2025-042452,CUST-00242,2025-10-26,0.3074,2
ORD-2025-042453,CUST-08602,2025-10-07,0.0837,2
ORD-2025-042454,CUST-07726,2025-10-29,0.1164,2
ORD-2025-042455,CUST-07991,2025-10-23,0.2171,1
ORD-2025-042456,CUST-10943,2025-10-01,0.0145,3
ORD-2025-042457,CUST-00253,2025-10-11,0.0868,1
ORD-2025-042458,CUST-08458,2025-10-14,0.1286,1
ORD-2025-042459,CUST-02035,2025-10-14,0.2528,3
ORD-2025-042460,CUST-04141,2025-10-20,0.0658,2
ORD-2025-042461,CUST-09930,2025-10-01,0.1897,2
ORD-2025-042462,CUST-11579,2025-10-05,0.2,1
ORD-2025-042463,CUST-08094,2025-10-18,0.3036,3
ORD-2025-042464,CUST-09051,2025-10-04,0.0914,1
ORD-2025-042465,CUST-13095,2025-10-09,0.1682,2
ORD-2025-042466,CUST-01130,2025-10-30,0.0364,1
ORD-2025-042467,CUST-03836,2025-10-23,0.1557,2
ORD-2025-042468,CUST-12630,2025-10-05,0.054,1
ORD-2025-042469,CUST-02212,2025-10-12,0.0976,2
ORD-2025-042470,CUST-02279,2025-10-10,0.0315,3
ORD-2025-042471,CUST-12915,2025-10-29,0.2001,1
ORD-2025-042472,CUST-02937,2025-10-01,0.1223,1
ORD-2025-042473,CUST-09898,2025-10-26,0.0204,2
ORD-2025-042474,CUST-06392,2025-10-07,0.0517,1
ORD-2025-042475,CUST-09664,2025-10-27,0.1661,1
ORD-2025-042476,CUST-06421,2025-10-09,0.1428,1
ORD-2025-042477,CUST-01319,2025-10-20,0.3335,1
ORD-2025-042478,CUST-09525,2025-10-27,0.1036,1
ORD-2025-042479,CUST-10919,2025-10-04,0.263,1
ORD-2025-042480,CUST-02950,2025-10-28,0.1749,2
ORD-2025-042481,CUST-00910,2025-10-07,0.1343,1
ORD-2025-042482,CUST-05127,2025-10-31,0.0759,2
ORD-2025-042483,CUST-13100,2025-10-24,0.1174,1
ORD-2025-042484,CUST-08084,2025-10-25,0.031,1
ORD-2025-042485,CUST-13528,2025-10-25,0.0084,1
ORD-2025-042486,CUST-09936,2025-10-26,0.0568,2
ORD-2025-042487,CUST-01304,2025-10-09,0.0581,1
ORD-2025-042488,CUST-09142,2025-10-24,0.1194,1
ORD-2025-042489,CUST-00422,2025-10-10,0.06,4
ORD-2025-042490,CUST-04153,2025-10-30,0.1102,1
ORD-2025-042491,CUST-02168,2025-10-03,0.0511,1
ORD-2025-042492,CUST-09412,2025-10-30,0.0829,2
ORD-2025-042493,CUST-09895,2025-10-02,0.0429,2
ORD-2025-042494,CUST-03891,2025-10-21,0.0738,1
ORD-2025-042495,CUST-11562,2025-10-22,0.1308,1
ORD-2025-042496,CUST-02761,2025-10-16,0.195,1
ORD-2025-042497,CUST-00157,2025-10-21,0.415,3
ORD-2025-042498,CUST-08932,2025-10-14,0.0959,1
ORD-2025-042499,CUST-06242,2025-10-24,0.0352,1
ORD-2025-042500,CUST-01971,2025-10-06,0.1992,2
ORD-2025-042501,CUST-10111,2025-10-29,0.125,1
ORD-2025-042502,CUST-10003,2025-10-11,0.1274,2
ORD-2025-042503,CUST-04105,2025-10-07,0.1872,1
ORD-2025-042504,CUST-06316,2025-10-22,0.0067,1
ORD-2025-042505,CUST-05950,2025-10-05,0.0639,1
ORD-2025-042506,CUST-12877,2025-10-04,0.0128,1
ORD-2025-042507,CUST-12347,2025-10-26,0.1128,3
ORD-2025-042508,CUST-00140,2025-10-22,0.0748,2
ORD-2025-042509,CUST-05113,2025-10-11,0.0574,1
ORD-2025-042510,CUST-09554,2025-10-24,0.0715,5
ORD-2025-042511,CUST-07083,2025-10-30,0.062,2
ORD-2025-042512,CUST-09202,2025-10-06,0.1157,1
ORD-2025-042513,CUST-11322,2025-10-15,0.1371,1
ORD-2025-042514,CUST-02636,2025-10-17,0.0225,1
ORD-2025-042515,CUST-08513,2025-10-03,0.0852,2
ORD-2025-042516,CUST-11779,2025-10-16,0.0986,1
ORD-2025-042517,CUST-04310,2025-10-31,0.1272,1
ORD-2025-042518,CUST-00407,2025-10-09,0.0163,1
ORD-2025-042519,CUST-07693,2025-10-15,0.0244,2
ORD-2025-042520,CUST-11612,2025-10-03,0.0217,1
ORD-2025-042521,CUST-01232,2025-10-05,0.1338,3
ORD-2025-042522,CUST-09392,2025-10-12,0.0794,2
ORD-2025-042523,CUST-03326,2025-10-30,0.0332,1
ORD-2025-042524,CUST-04654,2025-10-13,0.1775,3
ORD-2025-042525,CUST-00737,2025-10-21,0.0361,1
ORD-2025-042526,CUST-03008,2025-10-16,0.0232,2
ORD-2025-042527,CUST-06299,2025-10-31,0.0949,1
ORD-2025-042528,CUST-01577,2025-10-16,0.0828,3
ORD-2025-042529,CUST-12770,2025-10-17,0.2659,3
ORD-2025-042530,CUST-08747,2025-10-03,0.0112,1
ORD-2025-042531,CUST-02787,2025-10-18,0.1,2
ORD-2025-042532,CUST-01487,2025-10-28,0.0375,2
ORD-2025-042533,CUST-04459,2025-10-02,0.0282,1
ORD-2025-042534,CUST-13021,2025-10-27,0.073,1
ORD-2025-042535,CUST-00273,2025-10-06,0.0726,3
ORD-2025-042536,CUST-03467,2025-10-31,0.0539,3
ORD-2025-042537,CUST-09501,2025-10-15,0.0703,5
ORD-2025-042538,CUST-10309,2025-10-25,0.0919,2
ORD-2025-042539,CUST-12359,2025-10-16,0.0278,1
ORD-2025-042540,CUST-10549,2025-10-30,0.1246,2
ORD-2025-042541,CUST-08691,2025-10-30,0.0567,1
ORD-2025-042542,CUST-04749,2025-10-08,0.1493,1
ORD-2025-042543,CUST-11471,2025-10-17,0.0925,1
ORD-2025-042544,CUST-02955,2025-10-29,0.0653,2
ORD-2025-042545,CUST-13146,2025-10-08,0.0233,2
ORD-2025-042546,CUST-12705,2025-10-16,0.1335,1
ORD-2025-042547,CUST-02037,2025-10-13,0.0459,3
ORD-2025-042548,CUST-03044,2025-10-13,0.0518,1
ORD-2025-042549,CUST-10627,2025-10-31,0.1437,2
ORD-2025-042550,CUST-01158,2025-10-06,0.0794,4
ORD-2025-042551,CUST-12559,2025-10-23,0.0142,1
ORD-2025-042552,CUST-08958,2025-10-21,0.1104,1
ORD-2025-042553,CUST-12064,2025-10-20,0.0638,2
ORD-2025-042554,CUST-12736,2025-10-20,0.1871,1
ORD-2025-042555,CUST-09069,2025-10-11,0.2594,1
ORD-2025-042556,CUST-11554,2025-10-30,0.2074,3
ORD-2025-042557,CUST-06956,2025-10-25,0.1195,1
ORD-2025-042558,CUST-11312,2025-10-05,0.0953,2
ORD-2025-042559,CUST-09500,2025-10-02,0.0894,1
ORD-2025-042560,CUST-01998,2025-10-02,0.43,1
ORD-2025-042561,CUST-10584,2025-10-19,0.1269,5
ORD-2025-042562,CUST-12578,2025-10-22,0.1858,1
ORD-2025-042563,CUST-01164,2025-10-25,0.1018,1
ORD-2025-042564,CUST-06020,2025-10-02,0.0134,1
ORD-2025-042565,CUST-00096,2025-10-04,0.1076,1
ORD-2025-042566,CUST-09845,2025-10-11,0.0707,1
ORD-2025-042567,CUST-03401,2025-10-02,0.0914,2
ORD-2025-042568,CUST-00920,2025-10-14,0.0894,3
ORD-2025-042569,CUST-03431,2025-10-12,0.0421,4
ORD-2025-042570,CUST-06525,2025-10-03,0.2616,1
ORD-2025-042571,CUST-02381,2025-10-20,0.1179,1
ORD-2025-042572,CUST-05436,2025-10-07,0.0757,1
ORD-2025-042573,CUST-06697,2025-10-29,0.0558,1
ORD-2025-042574,CUST-11250,2025-10-08,0.034,1
ORD-2025-042575,CUST-07271,2025-10-09,0.0231,3
ORD-2025-042576,CUST-00669,2025-10-27,0.4553,1
ORD-2025-042577,CUST-03967,2025-10-05,0.0637,1
ORD-2025-042578,CUST-03114,2025-10-02,0.0541,3
ORD-2025-042579,CUST-09787,2025-10-16,0.1711,1
ORD-2025-042580,CUST-08597,2025-10-13,0.0751,1
ORD-2025-042581,CUST-11249,2025-10-03,0.0472,1
ORD-2025-042582,CUST-13548,2025-10-10,0.0271,1
ORD-2025-042583,CUST-06299,2025-10-11,0.0952,1
ORD-2025-042584,CUST-07959,2025-10-14,0.0888,2
ORD-2025-042585,CUST-04046,2025-10-14,0.0866,1
ORD-2025-042586,CUST-11783,2025-10-21,0.0196,1
ORD-2025-042587,CUST-04760,2025-10-10,0.0311,1
ORD-2025-042588,CUST-07231,2025-10-10,0.0404,1
ORD-2025-042589,CUST-05918,2025-10-22,0.1257,3
ORD-2025-042590,CUST-07837,2025-10-06,0.0581,2
ORD-2025-042591,CUST-06490,2025-10-21,0.0305,1
ORD-2025-042592,CUST-03134,2025-10-18,0.0613,1
ORD-2025-042593,CUST-08697,2025-10-19,0.2245,2
ORD-2025-042594,CUST-10720,2025-10-06,0.1431,2
ORD-2025-042595,CUST-05180,2025-10-20,0.0696,2
ORD-2025-042596,CUST-06455,2025-10-21,0.0639,2
ORD-2025-042597,CUST-12278,2025-10-24,0.2004,2
ORD-2025-042598,CUST-13457,2025-10-13,0.1576,3
ORD-2025-042599,CUST-00814,2025-10-19,0.0221,1
ORD-2025-042600,CUST-06170,2025-10-06,0.0286,1
ORD-2025-042601,CUST-07877,2025-10-04,0.0216,2
ORD-2025-042602,CUST-00319,2025-10-24,0.0307,2
ORD-2025-042603,CUST-00702,2025-10-18,0.023,1
ORD-2025-042604,CUST-02896,2025-10-21,0.0186,1
ORD-2025-042605,CUST-04815,2025-10-13,0.1748,2
ORD-2025-042606,CUST-05940,2025-10-19,0.2003,1
ORD-2025-042607,CUST-03342,2025-10-12,0.0352,1
ORD-2025-042608,CUST-01363,2025-10-20,0.2482,1
ORD-2025-042609,CUST-12668,2025-10-15,0.0121,2
ORD-2025-042610,CUST-12406,2025-10-21,0.0616,2
ORD-2025-042611,CUST-07639,2025-10-21,0.0459,1
ORD-2025-042612,CUST-11147,2025-10-02,0.1852,2
ORD-2025-042613,CUST-10832,2025-10-22,0.1154,2
ORD-2025-042614,CUST-07183,2025-10-18,0.0123,4
ORD-2025-042615,CUST-02765,2025-10-25,0.105,3
ORD-2025-042616,CUST-12403,2025-10-13,0.0237,2
ORD-2025-042617,CUST-01012,2025-10-26,0.0666,1
ORD-2025-042618,CUST-04110,2025-10-31,0.047,3
ORD-2025-042619,CUST-11302,2025-10-14,0.1718,2
ORD-2025-042620,CUST-01980,2025-10-07,0.2651,3
ORD-2025-042621,CUST-09654,2025-10-16,0.0792,1
ORD-2025-042622,CUST-11437,2025-10-13,0.0582,1
ORD-2025-042623,CUST-08830,2025-10-05,0.0862,1
ORD-2025-042624,CUST-06555,2025-10-26,0.0471,1
ORD-2025-042625,CUST-04735,2025-10-01,0.0392,1
ORD-2025-042626,CUST-03445,2025-10-08,0.077,1
ORD-2025-042627,CUST-12809,2025-10-08,0.0576,2
ORD-2025-042628,CUST-07592,2025-10-08,0.0601,1
ORD-2025-042629,CUST-01357,2025-10-04,0.0322,2
ORD-2025-042630,CUST-13430,2025-10-12,0.2304,1
ORD-2025-042631,CUST-04896,2025-10-02,0.0912,2
ORD-2025-042632,CUST-04245,2025-10-21,0.2045,2
ORD-2025-042633,CUST-11652,2025-10-12,0.1129,2
ORD-2025-042634,CUST-08376,2025-10-02,0.2276,1
ORD-2025-042635,CUST-00072,2025-10-03,0.0928,1
ORD-2025-042636,CUST-06489,2025-10-19,0.0438,1
ORD-2025-042637,CUST-07063,2025-10-17,0.0242,1
ORD-2025-042638,CUST-07610,2025-10-10,0.0829,1
ORD-2025-042639,CUST-01202,2025-10-28,0.056,4
ORD-2025-042640,CUST-01680,2025-10-18,0.0482,2
ORD-2025-042641,CUST-03612,2025-10-05,0.1208,2
ORD-2025-042642,CUST-05995,2025-10-12,0.1367,2
ORD-2025-042643,CUST-11469,2025-10-21,0.0823,1
ORD-2025-042644,CUST-08999,2025-10-25,0.0449,2
ORD-2025-042645,CUST-08050,2025-10-24,0.0125,1
ORD-2025-042646,CUST-11179,2025-10-07,0.1203,1
ORD-2025-042647,CUST-12520,2025-10-20,0.0345,1
ORD-2025-042648,CUST-03723,2025-10-23,0.0225,3
ORD-2025-042649,CUST-05288,2025-10-29,0.0423,1
ORD-2025-042650,CUST-03890,2025-10-17,0.0338,1
ORD-2025-042651,CUST-01044,2025-10-13,0.0334,2
ORD-2025-042652,CUST-04534,2025-10-26,0.0318,4
ORD-2025-042653,CUST-09404,2025-10-12,0.0151,1
ORD-2025-042654,CUST-04609,2025-10-03,0.0924,2
ORD-2025-042655,CUST-05116,2025-10-16,0.0504,1
ORD-2025-042656,CUST-10079,2025-10-23,0.0904,4
ORD-2025-042657,CUST-07262,2025-10-06,0.2563,1
ORD-2025-042658,CUST-03835,2025-10-25,0.3496,1
ORD-2025-042659,CUST-08819,2025-10-14,0.0306,2
ORD-2025-042660,CUST-07802,2025-10-28,0.0258,4
ORD-2025-042661,CUST-07408,2025-10-31,0.1354,2
ORD-2025-042662,CUST-08302,2025-10-14,0.0265,1
ORD-2025-042663,CUST-05188,2025-10-01,0.0551,3
ORD-2025-042664,CUST-04521,2025-10-09,0.0428,2
ORD-2025-042665,CUST-05893,2025-10-01,0.0283,2
ORD-2025-042666,CUST-06713,2025-10-30,0.0798,2
ORD-2025-042667,CUST-12559,2025-10-15,0.0559,2
ORD-2025-042668,CUST-02486,2025-10-07,0.3083,2
ORD-2025-042669,CUST-10741,2025-10-14,0.1421,4
ORD-2025-042670,CUST-01335,2025-10-26,0.117,2
ORD-2025-042671,CUST-07823,2025-10-28,0.3264,1
ORD-2025-042672,CUST-06697,2025-10-01,0.0561,1
ORD-2025-042673,CUST-12608,2025-10-16,0.0963,1
ORD-2025-042674,CUST-01693,2025-10-24,0.1159,3
ORD-2025-042675,CUST-05471,2025-10-22,0.0704,1
ORD-2025-042676,CUST-05756,2025-10-10,0.0979,1
ORD-2025-042677,CUST-03216,2025-10-20,0.0776,1
ORD-2025-042678,CUST-06956,2025-10-16,0.1198,1
ORD-2025-042679,CUST-08421,2025-10-29,0.0051,1
ORD-2025-042680,CUST-09873,2025-10-05,0.1779,2
ORD-2025-042681,CUST-04563,2025-10-28,0.0066,1
ORD-2025-042682,CUST-07173,2025-10-04,0.1961,2
ORD-2025-042683,CUST-03468,2025-10-17,0.1192,1
ORD-2025-042684,CUST-10960,2025-10-10,0.0346,2
ORD-2025-042685,CUST-11603,2025-10-28,0.0282,1
ORD-2025-042686,CUST-05719,2025-10-18,0.0948,1
ORD-2025-042687,CUST-07513,2025-10-07,0.0453,2
ORD-2025-042688,CUST-09314,2025-10-18,0.0773,1
ORD-2025-042689,CUST-08871,2025-10-01,0.0048,1
ORD-2025-042690,CUST-02613,2025-10-11,0.2066,1
ORD-2025-042691,CUST-05416,2025-10-24,0.0201,1
ORD-2025-042692,CUST-11672,2025-10-21,0.0588,1
ORD-2025-042693,CUST-13161,2025-10-17,0.055,1
ORD-2025-042694,CUST-11692,2025-10-14,0.0099,1
ORD-2025-042695,CUST-00930,2025-10-14,0.0126,4
ORD-2025-042696,CUST-12709,2025-10-28,0.2578,3
ORD-2025-042697,CUST-12480,2025-10-03,0.0402,3
ORD-2025-042698,CUST-07711,2025-10-04,0.0983,1
ORD-2025-042699,CUST-10243,2025-10-09,0.0778,1
ORD-2025-042700,CUST-05130,2025-10-09,0.0622,3
ORD-2025-042701,CUST-10208,2025-10-19,0.2619,2
ORD-2025-042702,CUST-11138,2025-10-15,0.118,1
ORD-2025-042703,CUST-07592,2025-10-27,0.0172,3
ORD-2025-042704,CUST-05295,2025-10-09,0.0489,1
ORD-2025-042705,CUST-01999,2025-10-16,0.1686,1
ORD-2025-042706,CUST-06961,2025-10-09,0.1979,1
ORD-2025-042707,CUST-04790,2025-10-29,0.1252,4
ORD-2025-042708,CUST-07284,2025-10-25,0.0961,3
ORD-2025-042709,CUST-02044,2025-10-15,0.0553,1
ORD-2025-042710,CUST-05638,2025-10-03,0.1963,1
ORD-2025-042711,CUST-11753,2025-10-18,0.0504,4
ORD-2025-042712,CUST-11175,2025-10-31,0.1847,1
ORD-2025-042713,CUST-06598,2025-10-28,0.0472,2
ORD-2025-042714,CUST-03520,2025-10-27,0.1887,1
ORD-2025-042715,CUST-07289,2025-10-11,0.1228,3
ORD-2025-042716,CUST-12719,2025-10-22,0.0576,1
ORD-2025-042717,CUST-02834,2025-10-27,0.0315,1
ORD-2025-042718,CUST-03585,2025-10-21,0.1294,1
ORD-2025-042719,CUST-00721,2025-10-16,0.0569,1
ORD-2025-042720,CUST-08842,2025-10-07,0.0599,3
ORD-2025-042721,CUST-09181,2025-10-29,0.0292,3
ORD-2025-042722,CUST-06484,2025-10-03,0.0899,1
ORD-2025-042723,CUST-09434,2025-10-13,0.0964,1
ORD-2025-042724,CUST-12706,2025-10-12,0.1239,2
ORD-2025-042725,CUST-12529,2025-10-29,0.1378,4
ORD-2025-042726,CUST-05720,2025-10-19,0.0565,1
ORD-2025-042727,CUST-04814,2025-10-05,0.1526,1
ORD-2025-042728,CUST-12643,2025-10-30,0.0365,1
ORD-2025-042729,CUST-12937,2025-10-13,0.1991,1
ORD-2025-042730,CUST-08471,2025-10-23,0.1837,2
ORD-2025-042731,CUST-13092,2025-10-09,0.0365,3
ORD-2025-042732,CUST-11626,2025-10-27,0.0243,1
ORD-2025-042733,CUST-02215,2025-10-01,0.0775,1
ORD-2025-042734,CUST-09111,2025-10-28,0.0369,1
ORD-2025-042735,CUST-09181,2025-10-30,0.0737,2
ORD-2025-042736,CUST-07684,2025-10-26,0.0048,1
ORD-2025-042737,CUST-00343,2025-10-02,0.0062,1
ORD-2025-042738,CUST-12778,2025-10-09,0.186,3
ORD-2025-042739,CUST-08822,2025-10-13,0.1576,1
ORD-2025-042740,CUST-08871,2025-10-05,0.025,1
ORD-2025-042741,CUST-02989,2025-10-24,0.0506,1
ORD-2025-042742,CUST-01883,2025-10-03,0.0247,1
ORD-2025-042743,CUST-13298,2025-10-21,0.191,3
ORD-2025-042744,CUST-12289,2025-10-29,0.122,1
ORD-2025-042745,CUST-06076,2025-10-17,0.2273,1
ORD-2025-042746,CUST-07889,2025-10-19,0.1234,2
ORD-2025-042747,CUST-10165,2025-10-04,0.0848,1
ORD-2025-042748,CUST-03649,2025-10-09,0.085,2
ORD-2025-042749,CUST-01398,2025-10-25,0.0336,4
ORD-2025-042750,CUST-09053,2025-10-21,0.169,2
ORD-2025-042751,CUST-12204,2025-10-09,0.0285,1
ORD-2025-042752,CUST-10563,2025-10-28,0.1764,3
ORD-2025-042753,CUST-04261,2025-10-22,0.0618,2
ORD-2025-042754,CUST-06148,2025-10-09,0.2153,1
ORD-2025-042755,CUST-11241,2025-10-08,0.0435,4
ORD-2025-042756,CUST-09962,2025-10-20,0.1506,3
ORD-2025-042757,CUST-00544,2025-10-26,0.257,3
ORD-2025-042758,CUST-03829,2025-10-06,0.0775,2
ORD-2025-042759,CUST-00482,2025-10-25,0.0405,1
ORD-2025-042760,CUST-02407,2025-10-14,0.3014,1
ORD-2025-042761,CUST-09404,2025-10-14,0.0944,1
ORD-2025-042762,CUST-12382,2025-10-09,0.1606,2
ORD-2025-042763,CUST-02665,2025-10-24,0.2618,3
ORD-2025-042764,CUST-03487,2025-10-01,0.0591,1
ORD-2025-042765,CUST-10051,2025-10-20,0.0938,1
ORD-2025-042766,CUST-07881,2025-10-31,0.0585,1
ORD-2025-042767,CUST-07704,2025-10-18,0.0102,1
ORD-2025-042768,CUST-07639,2025-10-09,0.1475,1
ORD-2025-042769,CUST-02626,2025-10-17,0.0331,1
ORD-2025-042770,CUST-01630,2025-10-25,0.0068,1
ORD-2025-042771,CUST-06431,2025-10-24,0.0269,1
ORD-2025-042772,CUST-04366,2025-10-01,0.0797,2
ORD-2025-042773,CUST-10383,2025-10-25,0.0485,2
ORD-2025-042774,CUST-08893,2025-10-29,0.0249,1
ORD-2025-042775,CUST-02212,2025-10-25,0.2282,1
ORD-2025-042776,CUST-01085,2025-10-09,0.057,1
ORD-2025-042777,CUST-00039,2025-10-29,0.1039,3
ORD-2025-042778,CUST-09630,2025-10-11,0.2054,1
ORD-2025-042779,CUST-04533,2025-10-30,0.0272,1
ORD-2025-042780,CUST-13231,2025-10-24,0.1177,1
ORD-2025-042781,CUST-10720,2025-10-06,0.1215,3
ORD-2025-042782,CUST-03637,2025-10-25,0.1665,1
ORD-2025-042783,CUST-04986,2025-10-30,0.0656,4
ORD-2025-042784,CUST-11672,2025-10-15,0.0672,5
ORD-2025-042785,CUST-00595,2025-10-01,0.0928,1
ORD-2025-042786,CUST-08174,2025-10-23,0.0974,3
ORD-2025-042787,CUST-11273,2025-10-22,0.0327,1
ORD-2025-042788,CUST-09267,2025-10-16,0.1743,1
ORD-2025-042789,CUST-10486,2025-10-08,0.0228,1
ORD-2025-042790,CUST-12587,2025-10-07,0.0471,1
ORD-2025-042791,CUST-08084,2025-10-23,0.117,1
ORD-2025-042792,CUST-07238,2025-10-31,0.1361,2
ORD-2025-042793,CUST-04329,2025-10-12,0.2216,1
ORD-2025-042794,CUST-12745,2025-10-23,0.0702,2
ORD-2025-042795,CUST-12486,2025-10-14,0.1953,1
ORD-2025-042796,CUST-09951,2025-10-05,0.0739,1
ORD-2025-042797,CUST-04074,2025-10-19,0.167,1
ORD-2025-042798,CUST-06077,2025-10-23,0.0124,1
ORD-2025-042799,CUST-02420,2025-10-20,0.1753,2
ORD-2025-042800,CUST-13122,2025-10-08,0.1194,1
ORD-2025-042801,CUST-12372,2025-10-10,0.55,1
ORD-2025-042802,CUST-04824,2025-10-29,0.1178,3
ORD-2025-042803,CUST-06051,2025-10-19,0.1194,3
ORD-2025-042804,CUST-08549,2025-10-13,0.0033,1
ORD-2025-042805,CUST-12264,2025-10-07,0.0105,1
ORD-2025-042806,CUST-05494,2025-10-22,0.1173,3
ORD-2025-042807,CUST-12470,2025-10-25,0.0773,4
ORD-2025-042808,CUST-03216,2025-10-02,0.1198,2
ORD-2025-042809,CUST-12774,2025-10-23,0.181,1
ORD-2025-042810,CUST-12815,2025-10-31,0.0381,1
ORD-2025-042811,CUST-05733,2025-10-21,0.1647,1
ORD-2025-042812,CUST-02762,2025-10-26,0.0186,3
ORD-2025-042813,CUST-08714,2025-10-26,0.025,1
ORD-2025-042814,CUST-08370,2025-10-15,0.2927,3
ORD-2025-042815,CUST-00950,2025-10-30,0.134,4
ORD-2025-042816,CUST-05572,2025-10-04,0.1163,1
ORD-2025-042817,CUST-12703,2025-10-31,0.0985,1
ORD-2025-042818,CUST-08309,2025-10-19,0.0857,1
ORD-2025-042819,CUST-06100,2025-10-24,0.1199,1
ORD-2025-042820,CUST-13039,2025-10-07,0.04,1
ORD-2025-042821,CUST-13014,2025-10-29,0.1191,4
ORD-2025-042822,CUST-02477,2025-10-14,0.0316,1
ORD-2025-042823,CUST-04159,2025-10-29,0.0869,1
ORD-2025-042824,CUST-07639,2025-10-23,0.1094,2
ORD-2025-042825,CUST-04817,2025-10-25,0.2669,1
ORD-2025-042826,CUST-09764,2025-10-09,0.0863,5
ORD-2025-042827,CUST-07232,2025-10-20,0.1407,2
ORD-2025-042828,CUST-09764,2025-10-30,0.0088,2
ORD-2025-042829,CUST-11100,2025-10-30,0.0174,5
ORD-2025-042830,CUST-02113,2025-10-17,0.097,1
ORD-2025-042831,CUST-10444,2025-10-16,0.1345,2
ORD-2025-042832,CUST-00413,2025-10-27,0.0209,1
ORD-2025-042833,CUST-11804,2025-10-24,0.0504,2
ORD-2025-042834,CUST-10295,2025-10-14,0.1446,2
ORD-2025-042835,CUST-11869,2025-10-20,0.1143,2
ORD-2025-042836,CUST-04797,2025-10-09,0.3179,1
ORD-2025-042837,CUST-04916,2025-10-21,0.1344,3
ORD-2025-042838,CUST-03598,2025-10-22,0.0903,2
ORD-2025-042839,CUST-11771,2025-10-27,0.14,1
ORD-2025-042840,CUST-05035,2025-10-24,0.1758,4
ORD-2025-042841,CUST-08045,2025-10-27,0.1003,1
ORD-2025-042842,CUST-05610,2025-10-26,0.1168,3
ORD-2025-042843,CUST-04277,2025-10-01,0.0693,1
ORD-2025-042844,CUST-04669,2025-10-25,0.0209,1
ORD-2025-042845,CUST-05966,2025-10-28,0.0952,2
ORD-2025-042846,CUST-00394,2025-10-14,0.0461,1
ORD-2025-042847,CUST-07877,2025-10-19,0.0208,2
ORD-2025-042848,CUST-08222,2025-10-10,0.066,1
ORD-2025-042849,CUST-02780,2025-10-02,0.1001,2
ORD-2025-042850,CUST-01765,2025-10-21,0.0486,2
ORD-2025-042851,CUST-10904,2025-10-12,0.0515,2
ORD-2025-042852,CUST-06912,2025-10-15,0.0681,3
ORD-2025-042853,CUST-05986,2025-10-03,0.0605,1
ORD-2025-042854,,2025-10-11,0.4055,1
ORD-2025-042855,CUST-02639,2025-10-06,0.0208,1
ORD-2025-042856,CUST-05420,2025-10-30,0.0947,2
ORD-2025-042857,CUST-00752,2025-10-31,0.2221,1
ORD-2025-042858,CUST-01593,2025-10-13,0.0492,1
ORD-2025-042859,CUST-00020,2025-10-02,0.0083,2
ORD-2025-042860,CUST-11302,2025-10-10,0.2853,1
ORD-2025-042861,CUST-02358,2025-10-27,0.04,1
ORD-2025-042862,CUST-04082,2025-10-04,0.1157,1
ORD-2025-042863,CUST-09044,2025-10-28,0.0529,2
ORD-2025-042864,CUST-06810,2025-10-14,0.0436,2
ORD-2025-042865,CUST-12911,2025-10-30,0.0343,1
ORD-2025-042866,CUST-06913,2025-10-09,0.2133,4
ORD-2025-042867,CUST-10563,2025-10-19,0.2218,2
ORD-2025-042868,CUST-12335,2025-10-18,0.142,2
ORD-2025-042869,CUST-07889,2025-10-11,0.0757,1
ORD-2025-042870,CUST-05808,2025-10-23,0.1129,3
ORD-2025-042871,CUST-01184,2025-10-08,0.0545,2
ORD-2025-042872,CUST-03649,2025-10-04,0.2653,1
ORD-2025-042873,CUST-06810,2025-10-24,0.0315,2
ORD-2025-042874,CUST-00357,2025-10-17,0.0897,2
ORD-2025-042875,CUST-11627,2025-10-24,0.0223,1
ORD-2025-042876,CUST-09995,2025-10-03,0.1147,1
ORD-2025-042877,CUST-03204,2025-10-16,0.1191,2
ORD-2025-042878,CUST-00291,2025-10-17,0.0961,1
ORD-2025-042879,CUST-06712,2025-10-20,0.1613,1
ORD-2025-042880,CUST-09785,2025-10-07,0.4082,1
ORD-2025-042881,CUST-10142,2025-10-14,0.0396,2
ORD-2025-042882,CUST-02626,2025-10-08,0.0102,1
ORD-2025-042883,CUST-01811,2025-10-09,0.14,1
ORD-2025-042884,CUST-09772,2025-10-09,0.0319,4
ORD-2025-042885,CUST-05379,2025-10-01,0.1833,2
ORD-2025-042886,CUST-06465,2025-10-28,0.0703,3
ORD-2025-042887,CUST-00796,2025-10-08,0.0821,2
ORD-2025-042888,CUST-11028,2025-10-07,0.0326,1
ORD-2025-042889,CUST-04112,2025-10-05,0.4978,1
ORD-2025-042890,CUST-11582,2025-10-29,0.2381,2
ORD-2025-042891,CUST-04360,2025-10-27,0.0279,3
ORD-2025-042892,CUST-11430,2025-10-12,0.1736,1
ORD-2025-042893,CUST-07560,2025-10-12,0.0552,1
ORD-2025-042894,CUST-07312,2025-10-14,0.0388,1
ORD-2025-042895,CUST-10522,2025-10-08,0.0325,1
ORD-2025-042896,CUST-10700,2025-10-19,0.2916,3
ORD-2025-042897,CUST-05077,2025-10-29,0.1363,1
ORD-2025-042898,CUST-04005,2025-10-11,0.1495,1
ORD-2025-042899,CUST-07965,2025-10-11,0.4446,1
ORD-2025-042900,CUST-10621,2025-10-20,0.1192,1
ORD-2025-042901,,2025-10-25,0.0267,1
ORD-2025-042902,CUST-06982,2025-10-11,0.0225,2
ORD-2025-042903,CUST-12183,2025-10-19,0.0312,1
ORD-2025-042904,CUST-09210,2025-10-17,0.0799,1
ORD-2025-042905,CUST-08438,2025-10-30,0.1584,1
ORD-2025-042906,CUST-12608,2025-10-28,0.0325,3
ORD-2025-042907,CUST-12578,2025-10-25,0.2587,2
ORD-2025-042908,CUST-10890,2025-10-23,0.3561,2
ORD-2025-042909,CUST-10576,2025-10-15,0.3127,1
ORD-2025-042910,CUST-13083,2025-10-13,0.133,1
ORD-2025-042911,CUST-10201,2025-10-17,0.0722,2
ORD-2025-042912,CUST-10190,2025-10-11,0.0923,4
ORD-2025-042913,CUST-07450,2025-10-09,0.0449,1
ORD-2025-042914,CUST-09174,2025-10-23,0.0176,1
ORD-2025-042915,CUST-02797,2025-10-17,0.0144,3
ORD-2025-042916,CUST-10788,2025-10-21,0.0539,1
ORD-2025-042917,CUST-00172,2025-10-05,0.0598,1
ORD-2025-042918,CUST-04036,2025-10-06,0.1281,1
ORD-2025-042919,CUST-07540,2025-10-25,0.0326,1
ORD-2025-042920,CUST-05947,2025-10-25,0.2618,1
ORD-2025-042921,CUST-10319,2025-10-26,0.0812,1
ORD-2025-042922,CUST-06416,2025-10-02,0.0462,1
ORD-2025-042923,CUST-08800,2025-10-22,0.1624,2
ORD-2025-042924,CUST-07048,2025-10-12,0.1656,2
ORD-2025-042925,CUST-12956,2025-10-29,0.0331,1
ORD-2025-042926,CUST-01101,2025-10-20,0.0743,2
ORD-2025-042927,CUST-11507,2025-10-25,0.3191,1
ORD-2025-042928,CUST-04835,2025-10-09,0.2264,1
ORD-2025-042929,CUST-02110,2025-10-14,0.0291,2
ORD-2025-042930,CUST-10130,2025-10-18,0.0133,4
ORD-2025-042931,CUST-12111,2025-10-20,0.2357,1
ORD-2025-042932,CUST-03997,2025-10-04,0.0103,2
ORD-2025-042933,CUST-04315,2025-10-27,0.0628,1
ORD-2025-042934,CUST-05050,2025-10-29,0.0991,1
ORD-2025-042935,CUST-02622,2025-10-24,0.0454,3
ORD-2025-042936,CUST-12780,2025-10-02,0.0299,2
ORD-2025-042937,CUST-07871,2025-10-07,0.0864,1
ORD-2025-042938,CUST-06481,2025-10-24,0.0946,1
ORD-2025-042939,CUST-12455,2025-10-01,0.1255,1
ORD-2025-042940,CUST-10763,2025-10-14,0.034,1
ORD-2025-042941,CUST-03834,2025-10-13,0.0874,1
ORD-2025-042942,CUST-12545,2025-10-13,0.0722,1
ORD-2025-042943,CUST-07524,2025-10-19,0.0528,1
ORD-2025-042944,CUST-09493,2025-10-26,0.0457,1
ORD-2025-042945,CUST-04607,2025-10-10,0.009,1
ORD-2025-042946,CUST-02797,2025-10-16,0.0233,4
ORD-2025-042947,CUST-08765,2025-10-02,0.142,2
ORD-2025-042948,CUST-12780,2025-10-06,0.0461,2
ORD-2025-042949,CUST-12614,2025-10-07,0.0506,1
ORD-2025-042950,CUST-00337,2025-10-12,0.1841,2
ORD-2025-042951,CUST-01780,2025-10-11,0.0744,1
ORD-2025-042952,CUST-11396,2025-10-27,0.0278,1
ORD-2025-042953,CUST-03493,2025-10-21,0.3796,1
ORD-2025-042954,CUST-00661,2025-10-08,0.0219,1
ORD-2025-042955,CUST-01231,2025-10-26,0.0954,1
ORD-2025-042956,CUST-12498,2025-10-03,0.0885,1
ORD-2025-042957,CUST-11826,2025-10-10,0.0753,1
ORD-2025-042958,CUST-05130,2025-10-02,0.0775,1
ORD-2025-042959,CUST-12108,2025-10-26,0.1802,2
ORD-2025-042960,CUST-09418,2025-10-21,0.0507,1
ORD-2025-042961,CUST-06302,2025-10-12,0.0413,1
ORD-2025-042962,CUST-12795,2025-10-05,0.1263,1
ORD-2025-042963,CUST-12780,,0.0273,1
ORD-2025-042964,CUST-05571,2025-10-24,0.0186,2
ORD-2025-042965,CUST-07630,2025-10-05,0.3827,1
ORD-2025-042966,CUST-03874,2025-10-18,0.0924,1
ORD-2025-042967,CUST-04723,2025-10-26,0.1013,1
ORD-2025-042968,CUST-02425,2025-10-23,0.1117,3
ORD-2025-042969,CUST-00027,2025-10-02,0.0927,1
ORD-2025-042970,CUST-09805,2025-10-28,0.0092,1
ORD-2025-042971,CUST-02762,2025-10-04,0.0437,1
ORD-2025-042972,,2025-10-18,0.0009,1
ORD-2025-042973,CUST-13133,2025-10-21,0.318,1
ORD-2025-042974,CUST-12071,2025-10-13,0.2289,1
ORD-2025-042975,CUST-10768,2025-10-26,0.0797,1
ORD-2025-042976,CUST-01684,2025-10-07,0.0257,1
ORD-2025-042977,CUST-02558,2025-10-17,0.3851,1
ORD-2025-042978,CUST-04854,2025-10-20,0.0498,2
ORD-2025-042979,CUST-03917,2025-10-23,0.0147,1
ORD-2025-042980,CUST-02802,2025-10-01,0.0144,2
ORD-2025-042981,CUST-02037,2025-10-26,0.0651,1
ORD-2025-042982,CUST-04368,2025-10-24,0.0528,1
ORD-2025-042983,CUST-07228,2025-10-22,0.1222,1
ORD-2025-042984,CUST-01982,2025-10-26,0.4444,1
ORD-2025-042985,CUST-11884,2025-10-07,0.0219,1
ORD-2025-042986,CUST-11670,2025-10-30,0.0749,2
ORD-2025-042987,CUST-06381,2025-10-08,0.1042,1
ORD-2025-042988,CUST-04919,2025-10-19,0.0885,1
ORD-2025-042989,CUST-02776,2025-10-04,0.0697,2
ORD-2025-042990,CUST-11629,2025-10-19,0.0871,1
ORD-2025-042991,CUST-11795,2025-10-22,0.0655,2
ORD-2025-042992,CUST-02585,2025-10-08,0.3246,1
ORD-2025-042993,CUST-12847,2025-10-26,0.0082,1
ORD-2025-042994,CUST-12605,2025-10-31,0.049,2
ORD-2025-042995,CUST-11735,2025-10-04,0.1223,1
ORD-2025-042996,CUST-05774,2025-10-13,0.0613,1
ORD-2025-042997,CUST-03519,2025-10-17,0.0408,1
ORD-2025-042998,CUST-11577,2025-10-29,0.1583,2
ORD-2025-042999,CUST-02841,2025-10-14,0.1319,1
ORD-2025-043000,CUST-01758,2025-10-31,0.3269,1
ORD-2025-043001,CUST-10142,2025-10-29,0.0442,2
ORD-2025-043002,CUST-09238,2025-10-24,0.2365,1
ORD-2025-043003,CUST-13122,2025-10-06,0.0753,2
ORD-2025-043004,CUST-04749,2025-10-20,0.161,1
ORD-2025-043005,CUST-10253,2025-10-07,0.0789,2
ORD-2025-043006,CUST-10406,2025-10-21,0.1075,2
ORD-2025-043007,CUST-09624,2025-10-06,0.2916,2
ORD-2025-043008,CUST-12204,2025-10-13,0.0498,3
ORD-2025-043009,CUST-09335,2025-10-07,0.1337,1
ORD-2025-043010,CUST-09842,2025-10-12,0.0244,3
ORD-2025-043011,CUST-07312,2025-10-18,0.023,1
ORD-2025-043012,CUST-04064,2025-10-02,0.1722,3
ORD-2025-043013,CUST-01655,2025-10-09,0.0734,2
ORD-2025-043014,CUST-03183,2025-10-10,0.1459,1
ORD-2025-043015,CUST-13129,2025-10-12,0.0824,2
ORD-2025-043016,CUST-08274,2025-10-24,0.0054,1
ORD-2025-043017,CUST-02225,2025-10-24,0.191,2
ORD-2025-043018,CUST-01809,2025-10-04,0.1362,1
ORD-2025-043019,CUST-07408,2025-10-09,0.0642,2
ORD-2025-043020,CUST-02971,2025-10-02,0.0299,1
ORD-2025-043021,CUST-02358,2025-10-16,0.0901,2
ORD-2025-043022,CUST-07173,2025-10-01,0.1024,5
ORD-2025-043023,CUST-03991,2025-10-02,0.0799,4
ORD-2025-043024,CUST-04892,2025-10-18,0.063,3
ORD-2025-043025,CUST-05328,2025-10-08,0.0365,1
ORD-2025-043026,CUST-10759,2025-10-17,0.027,1
ORD-2025-043027,CUST-00838,2025-10-18,0.0653,2
ORD-2025-043028,CUST-00476,2025-10-14,0.0632,2
ORD-2025-043029,CUST-03213,2025-10-07,0.0216,2
ORD-2025-043030,CUST-09954,2025-10-04,0.0093,1
ORD-2025-043031,CUST-07014,2025-10-01,0.1293,1
ORD-2025-043032,CUST-04271,2025-10-16,0.0118,1
ORD-2025-043033,CUST-02669,2025-10-30,0.1519,2
ORD-2025-043034,CUST-03057,2025-10-31,0.042,1
ORD-2025-043035,CUST-08285,2025-10-20,0.0403,3
ORD-2025-043036,CUST-03861,2025-10-26,0.1017,1
ORD-2025-043037,CUST-07373,2025-10-31,0.1136,3
ORD-2025-043038,CUST-07035,2025-10-26,0.0397,2
ORD-2025-043039,CUST-08302,2025-10-12,0.0568,1
ORD-2025-043040,CUST-09606,2025-10-26,0.0505,2
ORD-2025-043041,CUST-06170,2025-10-01,0.032,1
ORD-2025-043042,CUST-07164,2025-10-25,0.1163,3
ORD-2025-043043,CUST-07178,2025-10-05,0.0639,1
ORD-2025-043044,CUST-04701,2025-10-28,0.0653,1
ORD-2025-043045,CUST-09253,2025-10-24,0.1062,1
ORD-2025-043046,CUST-01017,2025-10-01,0.0568,3
ORD-2025-043047,CUST-11471,2025-10-29,0.062,1
ORD-2025-043048,CUST-00721,2025-10-25,0.0759,1
ORD-2025-043049,CUST-00239,2025-10-15,0.1764,3
ORD-2025-043050,CUST-10615,2025-10-23,0.0488,1
ORD-2025-043051,CUST-04128,2025-10-21,0.0528,3
ORD-2025-043052,CUST-01132,2025-10-05,0.1284,2
ORD-2025-043053,CUST-04027,2025-10-12,0.0301,1
ORD-2025-043054,CUST-01930,2025-10-20,0.0783,1
ORD-2025-043055,CUST-04422,2025-10-31,0.1559,1
ORD-2025-043056,CUST-04530,2025-10-18,0.0526,2
ORD-2025-043057,CUST-06690,2025-10-24,0.1432,1
ORD-2025-043058,CUST-10116,2025-10-14,0.0613,1
ORD-2025-043059,CUST-08831,2025-10-28,0.0263,2
ORD-2025-043060,CUST-06414,2025-10-07,0.0487,2
ORD-2025-043061,CUST-07649,2025-10-26,0.2485,1
ORD-2025-043062,CUST-08389,2025-10-18,0.0347,3
ORD-2025-043063,CUST-09404,2025-10-06,0.0833,1
ORD-2025-043064,CUST-11042,2025-10-23,0.0621,2
ORD-2025-043065,CUST-08311,2025-10-12,0.5118,2
ORD-2025-043066,CUST-02706,2025-10-08,0.0724,1
ORD-2025-043067,CUST-03029,2025-10-29,0.048,3
ORD-2025-043068,CUST-04151,2025-10-05,0.0962,5
ORD-2025-043069,CUST-06576,2025-10-06,0.1053,1
ORD-2025-043070,CUST-08812,2025-10-19,0.0791,1
ORD-2025-043071,CUST-06117,2025-10-26,0.2169,3
ORD-2025-043072,CUST-09965,2025-10-06,0.1077,1
ORD-2025-043073,CUST-04932,2025-10-20,0.0179,2
ORD-2025-043074,CUST-04939,2025-10-17,0.0939,1
ORD-2025-043075,CUST-09027,2025-10-16,0.0888,3
ORD-2025-043076,CUST-03975,2025-10-26,0.0506,2
ORD-2025-043077,CUST-00096,2025-10-28,0.0574,1
ORD-2025-043078,CUST-07635,2025-10-19,0.2295,2
ORD-2025-043079,CUST-06610,2025-10-30,0.1656,1
ORD-2025-043080,CUST-00863,2025-10-25,0.0218,1
ORD-2025-043081,CUST-12568,2025-10-21,0.2183,2
ORD-2025-043082,CUST-05436,2025-10-20,0.1381,3
ORD-2025-043083,CUST-10230,2025-10-15,0.0836,3
ORD-2025-043084,CUST-04710,2025-10-08,0.0729,2
ORD-2025-043085,CUST-00670,2025-10-29,0.0459,2
ORD-2025-043086,CUST-12432,2025-10-04,0.0251,3
ORD-2025-043087,CUST-04368,2025-10-18,0.068,1
ORD-2025-043088,CUST-03736,2025-10-09,0.094,1
ORD-2025-043089,CUST-05013,2025-10-24,0.0167,1
ORD-2025-043090,CUST-09058,2025-10-27,0.0445,2
ORD-2025-043091,CUST-07903,2025-10-21,0.0792,3
ORD-2025-043092,CUST-11273,2025-10-23,0.0463,4
ORD-2025-043093,CUST-05193,2025-10-05,0.2639,1
ORD-2025-043094,CUST-10179,2025-10-23,0.1817,1
ORD-2025-043095,CUST-00838,2025-10-19,0.0349,1
ORD-2025-043096,CUST-09048,2025-10-06,0.0269,1
ORD-2025-043097,CUST-02119,2025-10-18,0.101,2
ORD-2025-043098,CUST-10128,2025-10-20,0.0381,1
ORD-2025-043099,CUST-09239,2025-10-02,0.0897,1
ORD-2025-043100,CUST-06845,2025-10-10,0.0213,1
ORD-2025-043101,CUST-08979,2025-10-11,0.1062,2
ORD-2025-043102,CUST-04370,2025-10-05,0.0422,1
ORD-2025-043103,CUST-06799,2025-10-14,0.0571,2
ORD-2025-043104,CUST-12356,2025-10-21,0.0395,1
ORD-2025-043105,CUST-08972,2025-10-23,0.0506,1
ORD-2025-043106,CUST-01182,2025-10-25,0.0638,1
ORD-2025-043107,CUST-04534,2025-10-22,0.0123,1
ORD-2025-043108,CUST-04607,2025-10-10,0.0115,1
ORD-2025-043109,CUST-06162,2025-10-27,0.1483,1
ORD-2025-043110,CUST-09883,2025-10-26,0.0842,3
ORD-2025-043111,CUST-08852,2025-10-16,0.0654,1
ORD-2025-043112,CUST-06396,2025-10-05,0.1,3
ORD-2025-043113,CUST-04885,2025-10-24,0.1139,3
ORD-2025-043114,CUST-10036,2025-10-30,0.0393,1
ORD-2025-043115,CUST-02585,2025-10-17,0.1562,3
ORD-2025-043116,CUST-01384,2025-10-24,0.0756,1
ORD-2025-043117,CUST-00409,2025-10-15,0.0378,1
ORD-2025-043118,CUST-01226,2025-10-18,0.0796,1
ORD-2025-043119,CUST-08819,2025-10-09,0.0869,1
ORD-2025-043120,CUST-08674,2025-10-27,0.0391,1
ORD-2025-043121,CUST-10331,2025-10-14,0.108,2
ORD-2025-043122,CUST-09008,2025-10-08,0.0705,1
ORD-2025-043123,CUST-09617,2025-10-29,0.1054,2
ORD-2025-043124,CUST-06016,2025-10-14,0.0458,1
ORD-2025-043125,CUST-05809,2025-10-27,0.212,1
ORD-2025-043126,CUST-05181,2025-10-16,0.1078,1
ORD-2025-043127,CUST-03524,2025-10-21,0.1247,2
ORD-2025-043128,CUST-01355,2025-10-30,0.0711,3
ORD-2025-043129,CUST-01704,2025-10-28,0.0701,1
ORD-2025-043130,CUST-11249,2025-10-11,0.0943,1
ORD-2025-043131,CUST-12997,2025-10-12,0.0664,2
ORD-2025-043132,CUST-08439,2025-10-11,0.0947,1
ORD-2025-043133,CUST-00123,2025-10-16,0.1316,2
ORD-2025-043134,CUST-08107,2025-10-29,0.3121,1
ORD-2025-043135,CUST-06716,2025-10-07,0.0438,1
ORD-2025-043136,CUST-00313,2025-10-26,0.2289,1
ORD-2025-043137,CUST-04749,2025-10-21,0.0029,2
ORD-2025-043138,CUST-03683,2025-10-29,0.0995,3
ORD-2025-043139,CUST-08516,2025-10-21,0.1425,3
ORD-2025-043140,CUST-08027,2025-10-10,0.045,1
ORD-2025-043141,CUST-06007,2025-10-11,0.0504,3
ORD-2025-043142,CUST-01130,2025-10-16,0.022,4
ORD-2025-043143,CUST-11458,2025-10-24,0.1167,1
ORD-2025-043144,CUST-07623,2025-10-19,0.0655,2
ORD-2025-043145,CUST-07755,2025-10-24,0.0517,1
ORD-2025-043146,CUST-03832,2025-10-31,0.2737,1
ORD-2025-043147,CUST-05702,2025-10-06,0.1593,2
ORD-2025-043148,CUST-06942,2025-10-12,0.1843,2
ORD-2025-043149,CUST-01510,2025-10-01,0.0658,2
ORD-2025-043150,CUST-02308,2025-10-19,0.2121,1
ORD-2025-043151,CUST-11817,2025-10-30,0.1145,1
ORD-2025-043152,CUST-02067,2025-10-18,0.0981,1
ORD-2025-043153,CUST-06983,2025-10-25,0.0232,2
ORD-2025-043154,CUST-00900,2025-10-09,0.2086,1
ORD-2025-043155,CUST-08819,2025-10-03,0.0397,3
ORD-2025-043156,CUST-00853,2025-10-04,0.0533,1
ORD-2025-043157,CUST-12587,2025-10-06,0.0353,1
ORD-2025-043158,CUST-07827,2025-10-24,0.0223,1
ORD-2025-043159,CUST-01831,2025-10-22,0.1885,5
ORD-2025-043160,CUST-01720,2025-10-27,0.155,1
ORD-2025-043161,CUST-06173,2025-10-17,0.2585,1
ORD-2025-043162,CUST-00846,2025-10-12,0.1221,1
ORD-2025-043163,CUST-07410,2025-10-12,0.232,1
ORD-2025-043164,CUST-07706,2025-10-06,0.0891,3
ORD-2025-043165,CUST-03436,2025-10-24,0.0248,2
ORD-2025-043166,CUST-09664,2025-10-28,0.0723,1
ORD-2025-043167,CUST-09325,2025-10-28,0.2901,1
ORD-2025-043168,CUST-00458,2025-10-11,0.0881,1
ORD-2025-043169,CUST-08758,2025-10-19,0.0335,2
ORD-2025-043170,CUST-06713,2025-10-28,0.093,1
ORD-2025-043171,CUST-00363,2025-10-12,0.04,3
ORD-2025-043172,CUST-09889,2025-10-23,0.1231,1
ORD-2025-043173,CUST-06713,2025-10-11,0.093,5
ORD-2025-043174,CUST-00727,2025-10-23,0.1595,3
ORD-2025-043175,CUST-02932,2025-10-18,0.4594,1
ORD-2025-043176,CUST-03711,2025-10-15,0.0636,1
ORD-2025-043177,CUST-08836,2025-10-23,0.0656,2
ORD-2025-043178,CUST-10820,2025-10-24,0.1148,2
ORD-2025-043179,CUST-09532,2025-10-28,0.0152,1
ORD-2025-043180,CUST-10429,2025-10-15,0.0235,1
ORD-2025-043181,CUST-10755,2025-10-01,0.0477,1
ORD-2025-043182,CUST-10679,2025-10-12,0.0948,2
ORD-2025-043183,CUST-10592,2025-10-01,0.1935,1
ORD-2025-043184,CUST-02251,2025-10-28,0.0311,1
ORD-2025-043185,CUST-09247,2025-10-13,0.0317,3
ORD-2025-043186,CUST-05673,2025-10-18,0.299,1
ORD-2025-043187,CUST-08496,2025-10-01,0.0523,1
ORD-2025-043188,CUST-05090,2025-10-03,0.0976,1
ORD-2025-043189,CUST-00502,2025-10-02,0.1305,1
ORD-2025-043190,CUST-00681,2025-10-25,0.4033,1
ORD-2025-043191,CUST-04621,2025-10-27,0.3056,1
ORD-2025-043192,CUST-13219,2025-10-15,0.2984,3
ORD-2025-043193,,2025-10-22,0.0539,2
ORD-2025-043194,CUST-07440,2025-10-24,0.0232,1
ORD-2025-043195,CUST-06381,2025-10-29,0.0973,2
ORD-2025-043196,CUST-08480,2025-10-05,0.1268,1
ORD-2025-043197,CUST-00343,2025-10-28,0.0592,1
ORD-2025-043198,CUST-10531,2025-10-27,0.2493,2
ORD-2025-043199,CUST-00661,2025-10-12,0.0279,1
ORD-2025-043200,CUST-06455,2025-10-21,0.0692,1
ORD-2025-043201,CUST-10902,2025-10-27,0.1355,1
ORD-2025-043202,CUST-13126,2025-10-13,0.0822,2
ORD-2025-043203,CUST-10799,2025-10-26,0.0405,1
ORD-2025-043204,CUST-09250,2025-10-11,0.0304,1
ORD-2025-043205,CUST-08079,2025-10-12,0.225,3
ORD-2025-043206,CUST-05305,2025-10-28,0.0814,1
ORD-2025-043207,CUST-07164,2025-10-15,0.1069,3
ORD-2025-043208,CUST-12864,2025-10-22,0.1369,3
ORD-2025-043209,CUST-09571,2025-10-18,0.0401,1
ORD-2025-043210,CUST-11527,2025-10-21,0.019,1
ORD-2025-043211,CUST-07886,2025-10-04,0.1304,2
ORD-2025-043212,CUST-02334,2025-10-12,0.3692,2
ORD-2025-043213,CUST-08202,2025-10-20,0.0384,1
ORD-2025-043214,CUST-12827,2025-10-20,0.0108,1
ORD-2025-043215,CUST-09901,2025-10-08,0.0266,2
ORD-2025-043216,CUST-12343,2025-10-27,0.3688,1
ORD-2025-043217,CUST-02875,2025-10-03,0.1295,2
ORD-2025-043218,CUST-09388,2025-10-21,0.0892,3
ORD-2025-043219,,2025-10-19,0.1912,2
ORD-2025-043220,CUST-05022,2025-10-27,0.0084,1
ORD-2025-043221,CUST-07959,2025-10-12,0.2642,1
ORD-2025-043222,CUST-04790,2025-10-21,0.1504,3
ORD-2025-043223,CUST-10354,2025-10-27,0.1989,1
ORD-2025-043224,CUST-12495,2025-10-31,0.0689,2
ORD-2025-043225,CUST-02143,2025-10-19,0.0992,2
ORD-2025-043226,CUST-08184,2025-10-24,0.1238,3
ORD-2025-043227,CUST-08129,2025-10-27,0.3201,1
ORD-2025-043228,CUST-10096,2025-10-20,0.025,3
ORD-2025-043229,CUST-06490,2025-10-27,0.0199,3
ORD-2025-043230,CUST-10763,2025-10-28,0.0665,2
ORD-2025-043231,CUST-01182,2025-10-05,0.0674,2
ORD-2025-043232,CUST-03670,2025-10-14,0.0668,1
ORD-2025-043233,CUST-02114,2025-10-05,0.1756,2
ORD-2025-043234,CUST-00455,2025-10-21,0.2924,1
ORD-2025-043235,CUST-02811,2025-10-02,0.0514,2
ORD-2025-043236,CUST-11204,2025-10-25,0.0731,1
ORD-2025-043237,CUST-04712,2025-10-02,0.1114,3
ORD-2025-043238,CUST-10073,2025-10-30,0.1683,1
ORD-2025-043239,CUST-10407,2025-10-01,0.0454,1
ORD-2025-043240,CUST-05796,2025-10-12,0.0347,4
ORD-2025-043241,CUST-00467,2025-10-28,0.0059,1
ORD-2025-043242,CUST-11867,2025-10-23,0.2124,1
ORD-2025-043243,CUST-02906,2025-10-30,0.1028,1
ORD-2025-043244,CUST-12653,2025-10-28,0.1453,4
ORD-2025-043245,CUST-08767,2025-10-08,0.0306,2
ORD-2025-043246,CUST-11609,2025-10-28,0.3924,3
ORD-2025-043247,CUST-00917,2025-10-17,0.0202,1
ORD-2025-043248,CUST-08535,2025-10-18,0.0744,1
ORD-2025-043249,CUST-03481,2025-10-29,0.1709,1
ORD-2025-043250,CUST-05982,2025-10-01,0.1221,2
ORD-2025-043251,CUST-03882,2025-10-16,0.2906,1
ORD-2025-043252,CUST-08691,2025-10-02,0.1118,2
ORD-2025-043253,CUST-08462,2025-10-16,0.1618,1
ORD-2025-043254,CUST-04036,2025-10-24,0.0579,1
ORD-2025-043255,CUST-12753,2025-10-24,0.2104,1
ORD-2025-043256,CUST-04774,2025-10-30,0.0556,2
ORD-2025-043257,CUST-04117,2025-10-24,0.1239,1
ORD-2025-043258,CUST-09797,2025-10-08,0.2034,3
ORD-2025-043259,CUST-02355,2025-10-04,0.0057,1
ORD-2025-043260,CUST-02131,2025-10-25,0.1173,1
ORD-2025-043261,CUST-06443,2025-10-08,0.1365,1
ORD-2025-043262,CUST-02425,2025-10-23,0.0596,1
ORD-2025-043263,CUST-03118,2025-10-26,0.2278,1
ORD-2025-043264,CUST-01934,2025-10-12,0.0342,2
ORD-2025-043265,CUST-02996,2025-10-16,0.1555,2
ORD-2025-043266,CUST-11427,2025-10-05,0.113,1
ORD-2025-043267,CUST-09177,2025-10-15,0.2338,1
ORD-2025-043268,CUST-13202,2025-10-02,0.0669,2
ORD-2025-043269,CUST-11215,2025-10-24,0.3163,3
ORD-2025-043270,CUST-12203,2025-10-09,0.0844,1
ORD-2025-043271,CUST-11903,2025-10-10,0.0643,2
ORD-2025-043272,CUST-07679,2025-10-17,0.0397,3
ORD-2025-043273,CUST-12642,2025-10-21,0.141,2
ORD-2025-043274,CUST-11863,2025-10-30,0.1635,1
ORD-2025-043275,CUST-05887,2025-10-16,0.0435,2
ORD-2025-043276,CUST-03213,2025-10-09,0.113,3
ORD-2025-043277,CUST-01945,2025-10-31,0.1181,1
ORD-2025-043278,CUST-00101,2025-10-04,0.202,3
ORD-2025-043279,CUST-06053,2025-10-15,0.0613,3
ORD-2025-043280,CUST-11446,2025-10-29,0.0931,2
ORD-2025-043281,CUST-10909,2025-10-01,0.2901,2
ORD-2025-043282,CUST-12559,2025-10-12,0.1078,3
ORD-2025-043283,CUST-03987,2025-10-05,0.1207,2
ORD-2025-043284,CUST-07235,2025-10-20,0.1144,2
ORD-2025-043285,CUST-07440,2025-10-15,0.0825,1
ORD-2025-043286,CUST-12356,2025-10-04,0.0724,2
ORD-2025-043287,CUST-02596,2025-10-05,0.1733,1
ORD-2025-043288,CUST-03204,2025-10-03,0.0913,2
ORD-2025-043289,CUST-08824,2025-10-12,0.1414,1
ORD-2025-043290,CUST-04291,2025-10-24,0.2219,4
ORD-2025-043291,CUST-06016,2025-10-24,0.2596,1
ORD-2025-043292,CUST-08019,2025-10-21,0.076,2
ORD-2025-043293,CUST-09513,2025-10-29,0.1162,1
ORD-2025-043294,CUST-01999,2025-10-12,0.0678,1
ORD-2025-043295,CUST-01134,2025-10-10,0.0807,1
ORD-2025-043296,CUST-02062,2025-10-27,0.011,1
ORD-2025-043297,CUST-03172,2025-10-24,0.1069,1
ORD-2025-043298,CUST-08152,2025-10-11,0.0763,2
ORD-2025-043299,CUST-01863,2025-10-21,0.1644,4
ORD-2025-043300,CUST-09361,2025-10-24,0.0883,2
ORD-2025-043301,CUST-04706,2025-10-12,0.0074,1
ORD-2025-043302,CUST-12114,2025-10-13,0.1288,2
ORD-2025-043303,CUST-03236,2025-10-23,0.0927,3
ORD-2025-043304,CUST-00393,2025-10-09,0.16,1
ORD-2025-043305,CUST-05027,2025-10-23,0.1373,2
ORD-2025-043306,CUST-09647,2025-10-05,0.4349,1
ORD-2025-043307,CUST-03741,2025-10-18,0.0759,2
ORD-2025-043308,CUST-06828,2025-10-17,0.0834,2
ORD-2025-043309,CUST-00273,2025-10-16,0.0487,1
ORD-2025-043310,CUST-09239,2025-10-07,0.0213,1
ORD-2025-043311,CUST-01571,2025-10-22,0.024,1
ORD-2025-043312,CUST-01866,2025-10-05,0.0503,3
ORD-2025-043313,CUST-01089,2025-10-04,0.0709,2
ORD-2025-043314,CUST-08209,2025-10-06,0.1724,2
ORD-2025-043315,CUST-02943,2025-10-06,0.1183,3
ORD-2025-043316,CUST-12098,2025-10-02,0.1008,1
ORD-2025-043317,CUST-10181,2025-10-03,0.0168,1
ORD-2025-043318,CUST-03225,2025-10-22,0.0253,1
ORD-2025-043319,CUST-05282,2025-10-16,0.0557,2
ORD-2025-043320,CUST-04096,2025-10-28,0.3665,1
ORD-2025-043321,CUST-08152,2025-10-11,0.0982,1
ORD-2025-043322,CUST-01107,2025-10-09,0.1559,1
ORD-2025-043323,CUST-05657,2025-10-06,0.0917,1
ORD-2025-043324,CUST-02778,2025-10-25,0.0469,2
ORD-2025-043325,CUST-00529,2025-10-06,0.0529,1
ORD-2025-043326,CUST-05727,2025-10-07,0.0472,2
ORD-2025-043327,CUST-12171,2025-10-06,0.1202,2
ORD-2025-043328,CUST-10976,2025-10-07,0.0915,1
ORD-2025-043329,CUST-04642,2025-10-10,0.0214,1
ORD-2025-043330,CUST-01767,2025-10-09,0.0875,1
ORD-2025-043331,CUST-02681,2025-10-11,0.1772,1
ORD-2025-043332,CUST-04884,2025-10-29,0.1062,3
ORD-2025-043333,CUST-05825,2025-10-14,0.0567,1
ORD-2025-043334,CUST-12295,2025-10-12,0.0908,1
ORD-2025-043335,CUST-10704,2025-10-16,0.1582,2
ORD-2025-043336,CUST-10129,2025-10-16,0.194,3
ORD-2025-043337,CUST-08458,2025-10-25,0.0756,1
ORD-2025-043338,CUST-04483,2025-10-06,0.0706,2
ORD-2025-043339,CUST-11500,2025-10-26,0.1239,1
ORD-2025-043340,CUST-05998,2025-10-20,0.051,3
ORD-2025-043341,CUST-02682,2025-10-11,0.0186,1
ORD-2025-043342,CUST-12016,2025-10-20,0.0169,1
ORD-2025-043343,CUST-02289,2025-10-07,0.0429,2
ORD-2025-043344,CUST-07604,2025-10-05,0.0866,3
ORD-2025-043345,CUST-00065,2025-10-28,0.0368,1
ORD-2025-043346,CUST-06077,2025-10-22,0.0393,1
ORD-2025-043347,CUST-12132,2025-10-09,0.1053,2
ORD-2025-043348,CUST-01798,2025-10-04,0.0908,1
ORD-2025-043349,,2025-10-06,0.5264,2
ORD-2025-043350,CUST-03545,2025-10-24,0.2451,2
ORD-2025-043351,CUST-12277,2025-10-26,0.2779,1
ORD-2025-043352,CUST-12191,2025-10-06,0.1818,1
ORD-2025-043353,CUST-12587,2025-10-29,0.0374,3
ORD-2025-043354,CUST-13095,2025-10-06,0.0738,1
ORD-2025-043355,CUST-03018,2025-10-24,0.0661,1
ORD-2025-043356,CUST-10397,2025-10-14,0.0298,2
ORD-2025-043357,CUST-08236,2025-10-12,0.1018,3
ORD-2025-043358,CUST-12319,2025-10-10,0.0519,1
ORD-2025-043359,CUST-12180,2025-10-06,0.0857,2
ORD-2025-043360,CUST-02381,2025-10-03,0.0119,1
ORD-2025-043361,CUST-12313,2025-10-09,0.0555,2
ORD-2025-043362,CUST-00468,2025-10-22,0.1278,1
ORD-2025-043363,CUST-12949,2025-10-10,0.0506,1
ORD-2025-043364,CUST-07130,2025-10-03,0.0354,3
ORD-2025-043365,CUST-09880,2025-10-25,0.0605,2
ORD-2025-043366,CUST-13215,2025-10-07,0.0289,4
ORD-2025-043367,CUST-09975,2025-10-09,0.0773,1
ORD-2025-043368,CUST-07890,2025-10-11,0.0576,3
ORD-2025-043369,CUST-09412,2025-10-01,0.0628,3
ORD-2025-043370,CUST-12480,2025-10-11,0.019,1
ORD-2025-043371,CUST-01680,2025-10-24,0.1362,1
ORD-2025-043372,CUST-07823,2025-10-14,0.1521,2
ORD-2025-043373,CUST-12573,2025-10-22,0.0255,1
ORD-2025-043374,CUST-11109,2025-10-16,0.0408,3
ORD-2025-043375,CUST-02249,2025-10-24,0.0411,2
ORD-2025-043376,CUST-08909,2025-10-01,0.064,2
ORD-2025-043377,CUST-09995,2025-10-29,0.0791,2
ORD-2025-043378,CUST-02425,2025-10-16,0.1346,1
ORD-2025-043379,CUST-10615,2025-10-10,0.0836,1
ORD-2025-043380,CUST-08236,2025-10-05,0.0829,2
ORD-2025-043381,CUST-12875,2025-10-05,0.0456,1
ORD-2025-043382,CUST-11332,2025-10-27,0.1402,2
ORD-2025-043383,CUST-12127,2025-10-30,0.0803,3
ORD-2025-043384,CUST-09569,2025-10-29,0.1142,1
ORD-2025-043385,CUST-10194,2025-10-30,0.2342,1
ORD-2025-043386,CUST-03380,2025-10-04,0.031,1
ORD-2025-043387,CUST-07833,2025-10-07,0.0688,2
ORD-2025-043388,CUST-03588,2025-10-14,0.196,1
ORD-2025-043389,CUST-07400,2025-10-02,0.2388,1
ORD-2025-043390,CUST-13403,2025-10-08,0.1108,4
ORD-2025-043391,CUST-04326,2025-10-12,0.0425,2
ORD-2025-043392,CUST-06674,2025-10-29,0.0445,5
ORD-2025-043393,CUST-12008,2025-10-25,0.0501,1
ORD-2025-043394,CUST-01326,2025-10-29,0.0671,1
ORD-2025-043395,CUST-08466,2025-10-31,0.0733,3
ORD-2025-043396,CUST-13129,2025-10-25,0.0862,4
ORD-2025-043397,CUST-12458,2025-10-13,0.0876,3
ORD-2025-043398,CUST-04326,2025-10-04,0.0763,3
ORD-2025-043399,CUST-02220,2025-10-23,0.0448,1
ORD-2025-043400,CUST-00748,2025-10-14,0.0371,1
ORD-2025-043401,CUST-05181,2025-10-26,0.0566,1
ORD-2025-043402,CUST-09524,2025-10-20,0.0508,3
ORD-2025-043403,CUST-04130,2025-10-22,0.0825,1
ORD-2025-043404,CUST-07248,2025-10-27,0.0942,2
ORD-2025-043405,CUST-04377,2025-10-21,0.1263,1
ORD-2025-043406,CUST-08274,2025-10-04,0.019,1
ORD-2025-043407,CUST-05223,2025-10-08,0.0712,3
ORD-2025-043408,CUST-12868,2025-10-19,0.2348,1
ORD-2025-043409,CUST-07340,2025-10-01,0.042,1
ORD-2025-043410,CUST-01103,2025-10-04,0.0417,1
ORD-2025-043411,CUST-10039,2025-10-16,0.4012,1
ORD-2025-043412,CUST-07837,2025-10-16,0.0902,1
ORD-2025-043413,CUST-08995,2025-10-15,0.0122,1
ORD-2025-043414,CUST-09224,2025-10-19,0.0312,2
ORD-2025-043415,CUST-11407,2025-10-21,0.1557,2
ORD-2025-043416,CUST-06765,2025-10-17,0.105,1
ORD-2025-043417,CUST-04753,2025-10-23,0.11,1
ORD-2025-043418,CUST-11672,2025-10-31,0.0968,1
ORD-2025-043419,CUST-11073,2025-10-19,0.192,1
ORD-2025-043420,CUST-10690,2025-10-13,0.1627,1
ORD-2025-043421,CUST-11359,2025-10-16,0.0969,1
ORD-2025-043422,CUST-03056,2025-10-26,0.0573,1
ORD-2025-043423,CUST-01202,2025-10-08,0.2753,1
ORD-2025-043424,CUST-05733,2025-10-07,0.0791,2
ORD-2025-043425,CUST-12557,2025-10-03,0.2045,2
ORD-2025-043426,CUST-08143,2025-10-04,0.023,3
ORD-2025-043427,CUST-02251,2025-10-24,0.0425,1
ORD-2025-043428,CUST-10750,2025-10-09,0.0324,1
ORD-2025-043429,CUST-00956,2025-10-10,0.0793,2
ORD-2025-043430,CUST-00785,2025-10-28,0.1952,1
ORD-2025-043431,CUST-12580,2025-10-07,0.0656,1
ORD-2025-043432,CUST-12101,2025-10-28,0.0721,1
ORD-2025-043433,CUST-05538,2025-10-31,0.1391,2
ORD-2025-043434,CUST-09058,2025-10-10,0.1993,1
ORD-2025-043435,CUST-05864,2025-10-22,0.1096,5
ORD-2025-043436,CUST-08902,2025-10-25,0.1289,1
ORD-2025-043437,CUST-07310,2025-10-03,0.0549,2
ORD-2025-043438,CUST-06873,2025-10-25,0.0725,2
ORD-2025-043439,CUST-08629,2025-10-12,0.107,1
ORD-2025-043440,CUST-12367,2025-10-16,0.0884,4
ORD-2025-043441,CUST-00200,2025-10-09,0.1625,2
ORD-2025-043442,CUST-11870,2025-10-30,0.0384,1
ORD-2025-043443,CUST-03372,2025-10-16,0.0516,1
ORD-2025-043444,CUST-11694,2025-10-19,0.093,1
ORD-2025-043445,CUST-08456,2025-10-15,0.1924,4
ORD-2025-043446,CUST-05302,2025-10-27,0.0839,1
ORD-2025-043447,CUST-06053,2025-10-22,0.0293,2
ORD-2025-043448,CUST-02301,2025-10-02,0.1248,2
ORD-2025-043449,CUST-03774,2025-10-16,0.1417,1
ORD-2025-043450,CUST-12470,2025-10-17,0.1363,1
ORD-2025-043451,CUST-02389,2025-10-13,0.1815,1
ORD-2025-043452,CUST-04270,2025-10-09,0.1958,1
ORD-2025-043453,CUST-04435,2025-10-04,0.5036,2
ORD-2025-043454,CUST-06414,2025-10-21,0.074,1
ORD-2025-043455,CUST-05766,2025-10-26,0.1146,2
ORD-2025-043456,CUST-08440,2025-10-17,0.0385,1
ORD-2025-043457,CUST-09491,2025-10-21,0.1163,1
ORD-2025-043458,CUST-06399,2025-10-19,0.0709,3
ORD-2025-043459,CUST-12344,2025-10-17,0.1124,1
ORD-2025-043460,CUST-12634,2025-10-19,0.1241,1
ORD-2025-043461,CUST-11737,2025-10-18,0.2754,1
ORD-2025-043462,CUST-05346,2025-10-11,0.1189,1
ORD-2025-043463,CUST-03238,2025-10-14,0.0143,1
ORD-2025-043464,CUST-04096,2025-10-06,0.1707,3
ORD-2025-043465,CUST-12113,2025-10-17,0.0494,1
ORD-2025-043466,CUST-04159,2025-10-08,0.0581,1
ORD-2025-043467,CUST-07248,2025-10-15,0.1088,2
ORD-2025-043468,,2025-10-21,0.0991,1
ORD-2025-043469,CUST-02700,2025-10-14,0.0622,1
ORD-2025-043470,CUST-09371,2025-10-14,0.0478,1
ORD-2025-043471,CUST-03326,2025-10-23,0.0166,1
ORD-2025-043472,CUST-03325,2025-10-10,0.0614,1
ORD-2025-043473,CUST-11763,2025-10-31,0.1081,1
ORD-2025-043474,CUST-06993,2025-10-08,0.2357,1
ORD-2025-043475,CUST-09177,2025-10-20,0.0862,1
ORD-2025-043476,CUST-06182,2025-10-28,0.1147,1
ORD-2025-043477,CUST-04262,2025-10-16,0.2677,1
ORD-2025-043478,CUST-11691,2025-10-10,0.0473,1
ORD-2025-043479,CUST-08913,,0.1804,1
ORD-2025-043480,CUST-06165,2025-10-22,0.0832,1
ORD-2025-043481,CUST-07355,2025-10-10,0.0635,2
ORD-2025-043482,CUST-07446,2025-10-04,0.202,3
ORD-2025-043483,CUST-08515,2025-10-11,0.0014,1
ORD-2025-043484,CUST-11407,2025-10-10,0.1254,1
ORD-2025-043485,CUST-12774,2025-10-07,0.5474,1
ORD-2025-043486,CUST-02820,2025-10-21,0.0522,1
ORD-2025-043487,CUST-07536,2025-10-12,0.4861,1
ORD-2025-043488,CUST-07843,2025-10-25,0.1842,2
ORD-2025-043489,CUST-13202,2025-10-22,0.0326,1
ORD-2025-043490,CUST-00930,2025-10-21,0.0111,3
ORD-2025-043491,CUST-05080,2025-10-30,0.1395,1
ORD-2025-043492,CUST-07837,2025-10-28,0.1775,3
ORD-2025-043493,CUST-07804,2025-10-24,0.0828,1
ORD-2025-043494,CUST-05656,2025-10-20,0.0844,1
ORD-2025-043495,CUST-11513,2025-10-11,0.017,1
ORD-2025-043496,CUST-08415,2025-10-09,0.109,1
ORD-2025-043497,CUST-10274,2025-10-09,0.1505,1
ORD-2025-043498,CUST-13253,2025-10-06,0.0789,1
ORD-2025-043499,CUST-04332,2025-10-27,0.1641,3
ORD-2025-043500,CUST-02110,2025-10-20,0.0334,1
ORD-2025-043501,CUST-11581,2025-10-18,0.0464,2
ORD-2025-043502,CUST-04077,2025-10-20,0.0114,1
ORD-2025-043503,CUST-04675,2025-10-05,0.1423,1
ORD-2025-043504,CUST-05251,2025-10-30,0.3394,2
ORD-2025-043505,CUST-02622,2025-10-13,0.0784,2
ORD-2025-043506,CUST-05638,2025-10-17,0.08,1
ORD-2025-043507,CUST-08027,2025-10-17,0.0839,1
ORD-2025-043508,CUST-09864,2025-10-27,0.0486,1
ORD-2025-043509,CUST-08767,2025-10-05,0.0529,2
ORD-2025-043510,CUST-11240,2025-10-01,0.1933,1
ORD-2025-043511,CUST-07961,2025-10-18,0.2403,2
ORD-2025-043512,CUST-07482,2025-10-08,0.0937,1
ORD-2025-043513,CUST-10173,2025-10-08,0.0864,1
ORD-2025-043514,CUST-00737,2025-10-14,0.0461,4
ORD-2025-043515,CUST-06467,2025-10-29,0.1635,1
ORD-2025-043516,CUST-02681,2025-10-03,0.0665,1
ORD-2025-043517,CUST-10036,2025-10-24,0.0243,1
ORD-2025-043518,CUST-05744,2025-10-09,0.0509,1
ORD-2025-043519,CUST-08945,2025-10-15,0.0163,2
ORD-2025-043520,CUST-04749,2025-10-04,0.0577,2
ORD-2025-043521,CUST-06627,2025-10-28,0.1079,1
ORD-2025-043522,CUST-04609,2025-10-08,0.0894,2
ORD-2025-043523,CUST-06350,2025-10-31,0.1301,1
ORD-2025-043524,CUST-12732,2025-10-26,0.0824,2
ORD-2025-043525,CUST-05586,2025-10-07,0.0458,1
ORD-2025-043526,CUST-13004,2025-10-05,0.0826,1
ORD-2025-043527,CUST-11349,2025-10-31,0.1244,2
ORD-2025-043528,CUST-03604,2025-10-29,0.0547,2
ORD-2025-043529,CUST-07617,2025-10-04,0.0854,1
ORD-2025-043530,CUST-02880,2025-10-19,0.1207,1
ORD-2025-043531,CUST-05419,2025-10-26,0.0318,1
ORD-2025-043532,CUST-08535,2025-10-13,0.1241,1
ORD-2025-043533,CUST-10122,2025-10-14,0.0362,1
ORD-2025-043534,CUST-06170,2025-10-15,0.0199,1
ORD-2025-043535,CUST-09777,2025-10-25,0.0714,2
ORD-2025-043536,CUST-02475,2025-10-15,0.0159,1
ORD-2025-043537,CUST-12460,2025-10-12,0.1111,1
ORD-2025-043538,CUST-06111,2025-10-10,0.0744,1
ORD-2025-043539,CUST-11674,2025-10-08,0.1611,3
ORD-2025-043540,CUST-11883,2025-10-08,0.1894,3
ORD-2025-043541,CUST-08871,2025-10-27,0.0347,1
ORD-2025-043542,CUST-09169,2025-10-13,0.2328,1
ORD-2025-043543,CUST-01791,2025-10-04,0.1475,1
ORD-2025-043544,CUST-12847,2025-10-26,0.0058,1
ORD-2025-043545,CUST-07779,2025-10-07,0.4384,1
ORD-2025-043546,CUST-01274,2025-10-25,0.0766,3
ORD-2025-043547,CUST-10877,2025-10-09,0.0773,1
ORD-2025-043548,CUST-07625,2025-10-20,0.0603,1
ORD-2025-043549,CUST-01539,2025-10-09,0.1329,1
ORD-2025-043550,CUST-10009,2025-10-29,0.079,1
ORD-2025-043551,CUST-03520,2025-10-26,0.117,2
ORD-2025-043552,CUST-12709,2025-10-27,0.248,2
ORD-2025-043553,CUST-03610,2025-10-26,0.0761,1
ORD-2025-043554,CUST-12245,2025-10-11,0.0949,1
ORD-2025-043555,CUST-10354,2025-10-15,0.1431,2
ORD-2025-043556,CUST-05366,2025-10-29,0.3267,1
ORD-2025-043557,CUST-07087,2025-10-31,0.0135,1
ORD-2025-043558,CUST-04237,2025-10-25,0.2732,1
ORD-2025-043559,CUST-08300,2025-10-13,0.1095,3
ORD-2025-043560,CUST-05832,2025-10-26,0.0192,1
ORD-2025-043561,CUST-02006,2025-10-05,0.0225,2
ORD-2025-043562,CUST-00539,2025-10-02,0.0067,1
ORD-2025-043563,CUST-09926,2025-10-09,0.3901,2
ORD-2025-043564,CUST-02681,2025-10-30,0.0339,1
ORD-2025-043565,CUST-07479,2025-10-27,0.2132,2
ORD-2025-043566,CUST-09434,2025-10-26,0.197,1
ORD-2025-043567,CUST-11789,2025-10-01,0.2743,1
ORD-2025-043568,CUST-03700,2025-10-06,0.55,1
ORD-2025-043569,CUST-12454,2025-10-24,0.0689,1
ORD-2025-043570,CUST-01525,2025-10-10,0.0642,3
ORD-2025-043571,CUST-00651,2025-10-22,0.1985,2
ORD-2025-043572,CUST-03115,2025-10-05,0.0515,1
ORD-2025-043573,CUST-05909,2025-10-01,0.1433,1
ORD-2025-043574,CUST-01884,2025-10-22,0.0695,1
ORD-2025-043575,CUST-02496,2025-10-21,0.0816,1
ORD-2025-043576,CUST-00180,2025-10-13,0.043,3
ORD-2025-043577,CUST-05733,2025-10-16,0.0486,1
ORD-2025-043578,CUST-13348,2025-10-17,0.1114,1
ORD-2025-043579,CUST-02407,2025-10-06,0.133,2
ORD-2025-043580,CUST-01674,2025-10-13,0.0199,1
ORD-2025-043581,CUST-05347,2025-10-15,0.0058,1
ORD-2025-043582,CUST-08409,2025-10-31,0.0362,1
ORD-2025-043583,CUST-05912,2025-10-03,0.1272,1
ORD-2025-043584,CUST-06821,2025-10-31,0.1935,1
ORD-2025-043585,CUST-08597,2025-10-22,0.0133,1
ORD-2025-043586,CUST-00192,2025-10-16,0.0125,1
ORD-2025-043587,CUST-05391,2025-10-28,0.0351,1
ORD-2025-043588,CUST-08172,2025-10-07,0.0252,1
ORD-2025-043589,CUST-13075,2025-10-24,0.1744,1
ORD-2025-043590,CUST-05264,2025-10-06,0.1141,1
ORD-2025-043591,CUST-13143,2025-10-30,0.076,2
ORD-2025-043592,CUST-10458,2025-10-18,0.0739,1
ORD-2025-043593,CUST-00535,2025-10-14,0.052,1
ORD-2025-043594,CUST-02346,2025-10-29,0.0335,1
ORD-2025-043595,CUST-04026,2025-10-04,0.0305,1
ORD-2025-043596,CUST-05333,2025-10-01,0.0169,1
ORD-2025-043597,CUST-08079,2025-10-11,0.0592,1
ORD-2025-043598,CUST-01724,2025-10-19,0.1332,1
ORD-2025-043599,CUST-05256,2025-10-21,0.058,2
ORD-2025-043600,CUST-08042,2025-10-13,0.0734,1
ORD-2025-043601,CUST-13092,2025-10-28,0.0258,1
ORD-2025-043602,CUST-03410,,0.1174,1
ORD-2025-043603,CUST-10295,2025-10-17,0.1161,2
ORD-2025-043604,CUST-08433,2025-10-14,0.0067,2
ORD-2025-043605,CUST-07018,2025-10-18,0.26,2
ORD-2025-043606,CUST-12212,2025-10-18,0.0188,2
ORD-2025-043607,CUST-02600,2025-10-14,0.0697,3
ORD-2025-043608,CUST-07914,2025-10-26,0.1755,1
ORD-2025-043609,CUST-11143,2025-10-03,0.1611,1
ORD-2025-043610,CUST-13050,2025-10-09,0.0365,1
ORD-2025-043611,CUST-09688,2025-10-25,0.4633,1
ORD-2025-043612,CUST-06035,2025-10-11,0.0568,1
ORD-2025-043613,CUST-01319,2025-10-26,0.1182,1
ORD-2025-043614,CUST-01757,2025-10-04,0.0325,4
ORD-2025-043615,CUST-12295,2025-10-18,0.0083,1
ORD-2025-043616,CUST-00630,2025-10-02,0.063,2
ORD-2025-043617,CUST-05513,2025-10-16,0.065,1
ORD-2025-043618,,2025-10-06,0.0306,1
ORD-2025-043619,CUST-01527,2025-10-14,0.2731,1
ORD-2025-043620,CUST-04784,2025-10-19,0.0517,1
ORD-2025-043621,CUST-01524,2025-10-15,0.0076,3
ORD-2025-043622,CUST-00571,2025-10-17,0.0557,1
ORD-2025-043623,CUST-12786,2025-10-21,0.1593,1
ORD-2025-043624,CUST-13253,2025-10-09,0.0233,1
ORD-2025-043625,CUST-05036,2025-10-22,0.2139,1
ORD-2025-043626,CUST-07802,2025-10-25,0.0139,1
ORD-2025-043627,CUST-13015,2025-10-30,0.2706,1
ORD-2025-043628,CUST-05850,2025-10-22,0.1671,1
ORD-2025-043629,CUST-03272,2025-10-16,0.0168,2
ORD-2025-043630,CUST-08886,2025-10-14,0.05,2
ORD-2025-043631,CUST-07561,2025-10-14,0.0378,1
ORD-2025-043632,CUST-03890,2025-10-10,0.0683,1
ORD-2025-043633,CUST-05617,2025-10-14,0.0199,2
ORD-2025-043634,CUST-11161,2025-10-19,0.3396,2
ORD-2025-043635,CUST-11015,2025-10-07,0.0416,2
ORD-2025-043636,CUST-11620,2025-10-14,0.0253,1
ORD-2025-043637,CUST-06531,2025-10-09,0.0892,1
ORD-2025-043638,CUST-08222,2025-10-11,0.0787,1
ORD-2025-043639,CUST-02807,2025-10-12,0.2719,1
ORD-2025-043640,CUST-01096,2025-10-29,0.0608,1
ORD-2025-043641,CUST-05404,2025-10-23,0.1361,1
ORD-2025-043642,CUST-00975,2025-10-17,0.0476,3
ORD-2025-043643,CUST-04718,2025-10-05,0.3956,1
ORD-2025-043644,CUST-04487,2025-10-13,0.0466,1
ORD-2025-043645,CUST-04841,2025-10-02,0.0496,1
ORD-2025-043646,CUST-04105,2025-10-11,0.0061,1
ORD-2025-043647,CUST-10795,2025-10-02,0.4363,1
ORD-2025-043648,CUST-02924,2025-10-13,0.0398,2
ORD-2025-043649,CUST-08850,2025-10-21,0.1105,2
ORD-2025-043650,CUST-07610,2025-10-18,0.2736,1
ORD-2025-043651,CUST-12163,2025-10-25,0.0676,1
ORD-2025-043652,CUST-09311,2025-10-21,0.0152,1
ORD-2025-043653,CUST-00853,2025-10-09,0.2246,1
ORD-2025-043654,CUST-09842,2025-10-11,0.0107,1
ORD-2025-043655,CUST-07200,2025-10-06,0.1352,1
ORD-2025-043656,CUST-00737,2025-10-18,0.0808,3
ORD-2025-043657,CUST-12235,2025-10-12,0.3372,1
ORD-2025-043658,CUST-06206,2025-10-11,0.2568,3
ORD-2025-043659,CUST-02412,2025-10-24,0.0032,1
ORD-2025-043660,CUST-07854,2025-10-21,0.132,1
ORD-2025-043661,CUST-05720,2025-10-12,0.1039,1
ORD-2025-043662,CUST-00076,2025-10-06,0.0912,1
ORD-2025-043663,CUST-12755,2025-10-30,0.0069,1
ORD-2025-043664,CUST-13092,2025-10-08,0.0188,3
ORD-2025-043665,CUST-10720,2025-10-28,0.3667,1
ORD-2025-043666,CUST-01702,2025-10-04,0.0688,5
ORD-2025-043667,CUST-03494,2025-10-22,0.0126,3
ORD-2025-043668,CUST-09895,2025-10-04,0.0187,1
ORD-2025-043669,CUST-04916,2025-10-26,0.1607,1
ORD-2025-043670,CUST-13122,2025-10-29,0.1662,1
ORD-2025-043671,CUST-05379,2025-10-28,0.0444,3
ORD-2025-043672,CUST-11160,2025-10-11,0.0171,1
ORD-2025-043673,CUST-05966,2025-10-25,0.1564,1
ORD-2025-043674,CUST-06047,2025-10-18,0.1938,1
ORD-2025-043675,CUST-09543,2025-10-26,0.3236,1
ORD-2025-043676,CUST-02503,2025-10-08,0.094,1
ORD-2025-043677,CUST-04657,2025-10-05,0.3018,1
ORD-2025-043678,CUST-12175,2025-10-12,0.0758,2
ORD-2025-043679,CUST-10940,2025-10-04,0.1267,3
ORD-2025-043680,CUST-12332,2025-10-08,0.0299,2
ORD-2025-043681,CUST-04628,2025-10-23,0.3912,1
ORD-2025-043682,CUST-09597,2025-10-28,0.188,2
ORD-2025-043683,CUST-05872,2025-10-18,0.0697,1
ORD-2025-043684,CUST-06148,2025-10-08,0.1573,4
ORD-2025-043685,CUST-09305,2025-10-02,0.0586,3
ORD-2025-043686,CUST-01863,2025-10-13,0.3391,1
ORD-2025-043687,CUST-12611,2025-10-20,0.0428,1
ORD-2025-043688,CUST-03057,2025-10-10,0.1026,2
ORD-2025-043689,CUST-10890,2025-10-17,0.2659,2
ORD-2025-043690,CUST-12312,2025-10-28,0.0826,3
ORD-2025-043691,CUST-01129,2025-10-11,0.1539,1
ORD-2025-043692,CUST-08028,2025-10-03,0.0534,1
ORD-2025-043693,CUST-09420,2025-10-29,0.0421,3
ORD-2025-043694,CUST-11641,2025-10-25,0.0725,1
ORD-2025-043695,CUST-03891,2025-10-24,0.0406,1
ORD-2025-043696,CUST-10815,2025-10-03,0.1906,1
ORD-2025-043697,CUST-01108,2025-10-06,0.2776,3
ORD-2025-043698,CUST-11694,2025-10-09,0.0767,2
ORD-2025-043699,CUST-05510,2025-10-02,0.0209,1
ORD-2025-043700,CUST-11013,2025-10-17,0.445,2
ORD-2025-043701,CUST-05568,2025-10-29,0.3259,1
ORD-2025-043702,CUST-00303,2025-10-28,0.3033,1
ORD-2025-043703,CUST-06085,2025-10-12,0.0988,1
ORD-2025-043704,CUST-00956,2025-10-01,0.1096,3
ORD-2025-043705,CUST-01665,2025-10-28,0.0103,1
ORD-2025-043706,CUST-08765,2025-10-14,0.0656,3
ORD-2025-043707,CUST-02471,2025-10-08,0.0499,1
ORD-2025-043708,CUST-11147,2025-10-21,0.1045,1
ORD-2025-043709,CUST-08741,2025-10-31,0.3045,3
ORD-2025-043710,CUST-06883,2025-10-30,0.1501,2
ORD-2025-043711,CUST-03490,2025-10-13,0.1365,2
ORD-2025-043712,CUST-00363,2025-10-26,0.1261,3
ORD-2025-043713,CUST-12605,2025-10-25,0.0108,2
ORD-2025-043714,CUST-08665,2025-10-05,0.1405,2
ORD-2025-043715,CUST-07200,2025-10-25,0.0976,1
ORD-2025-043716,CUST-00363,2025-10-14,0.1016,1
ORD-2025-043717,CUST-02299,2025-10-05,0.0557,2
ORD-2025-043718,CUST-10165,2025-10-01,0.0436,3
ORD-2025-043719,CUST-08742,2025-10-18,0.061,3
ORD-2025-043720,CUST-09297,2025-10-05,0.0686,3
ORD-2025-043721,CUST-09644,2025-10-12,0.162,1
ORD-2025-043722,CUST-02341,2025-10-02,0.1533,3
ORD-2025-043723,CUST-09895,2025-10-04,0.0287,2
ORD-2025-043724,CUST-06461,2025-10-30,0.3098,1
ORD-2025-043725,CUST-03837,2025-10-31,0.0608,1
ORD-2025-043726,CUST-03210,2025-10-31,0.0326,1
ORD-2025-043727,CUST-09773,2025-10-03,0.1347,2
ORD-2025-043728,CUST-09180,2025-10-05,0.1929,2
ORD-2025-043729,CUST-05487,2025-10-15,0.1432,1
ORD-2025-043730,CUST-07630,2025-10-07,0.126,3
ORD-2025-043731,CUST-12823,2025-10-15,0.1519,1
ORD-2025-043732,CUST-11586,2025-10-23,0.2719,1
ORD-2025-043733,CUST-09106,2025-10-13,0.0205,2
ORD-2025-043734,CUST-04012,2025-10-07,0.2199,1
ORD-2025-043735,CUST-02782,2025-10-21,0.0407,1
ORD-2025-043736,CUST-02073,2025-10-25,0.1498,3
ORD-2025-043737,CUST-04231,2025-10-26,0.0322,1
ORD-2025-043738,CUST-00699,2025-10-11,0.1015,2
ORD-2025-043739,CUST-07684,2025-10-24,0.0383,1
ORD-2025-043740,CUST-02110,2025-10-09,0.038,2
ORD-2025-043741,CUST-08759,2025-10-05,0.2093,2
ORD-2025-043742,CUST-11198,2025-10-17,0.0496,1
ORD-2025-043743,CUST-13281,2025-10-23,0.136,1
ORD-2025-043744,CUST-00891,2025-10-05,0.1172,3
ORD-2025-043745,CUST-03250,2025-10-05,0.1194,1
ORD-2025-043746,CUST-03661,2025-10-14,0.063,2
ORD-2025-043747,CUST-00029,2025-10-20,0.0434,3
ORD-2025-043748,CUST-10429,2025-10-09,0.0261,3
ORD-2025-043749,CUST-11577,2025-10-04,0.1098,2
ORD-2025-043750,CUST-11228,2025-10-19,0.3222,1
ORD-2025-043751,CUST-10916,2025-10-23,0.0309,1
ORD-2025-043752,CUST-02358,2025-10-26,0.0658,1
ORD-2025-043753,CUST-09025,2025-10-23,0.2925,1
ORD-2025-043754,CUST-08294,2025-10-27,0.1625,2
ORD-2025-043755,CUST-07906,2025-10-22,0.0263,4
ORD-2025-043756,CUST-09051,2025-10-12,0.2013,1
ORD-2025-043757,CUST-03098,2025-10-24,0.041,1
ORD-2025-043758,CUST-07761,2025-10-06,0.1115,1
ORD-2025-043759,CUST-13229,2025-10-28,0.0239,1
ORD-2025-043760,CUST-08508,2025-10-02,0.1848,1
ORD-2025-043761,CUST-05877,2025-10-08,0.043,1
ORD-2025-043762,CUST-07728,2025-10-22,0.2336,1
ORD-2025-043763,CUST-03904,2025-10-30,0.0233,1
ORD-2025-043764,CUST-02792,2025-10-17,0.0185,1
ORD-2025-043765,CUST-08541,2025-10-05,0.1116,2
ORD-2025-043766,CUST-01308,2025-10-10,0.2306,3
ORD-2025-043767,CUST-12056,2025-10-15,0.0079,1
ORD-2025-043768,CUST-09405,2025-10-26,0.0873,3
ORD-2025-043769,CUST-06825,2025-10-18,0.1721,2
ORD-2025-043770,CUST-05369,2025-10-11,0.0434,1
ORD-2025-043771,CUST-06863,2025-10-11,0.0467,2
ORD-2025-043772,CUST-07227,2025-10-15,0.0123,1
ORD-2025-043773,CUST-07368,2025-10-08,0.0936,1
ORD-2025-043774,CUST-10128,2025-10-16,0.0393,2
ORD-2025-043775,CUST-09808,2025-10-20,0.2706,1
ORD-2025-043776,CUST-12100,2025-10-12,0.0234,3
ORD-2025-043777,CUST-02651,2025-10-26,0.1863,2
ORD-2025-043778,CUST-10762,2025-10-10,0.0322,2
ORD-2025-043779,CUST-09129,2025-10-30,0.0578,1
ORD-2025-043780,CUST-11444,2025-10-08,0.0936,2
ORD-2025-043781,CUST-09524,2025-10-25,0.1375,1
ORD-2025-043782,CUST-09250,2025-10-02,0.0766,2
ORD-2025-043783,CUST-12798,2025-10-29,0.3222,1
ORD-2025-043784,CUST-07810,2025-10-11,0.0142,1
ORD-2025-043785,CUST-12600,2025-10-15,0.0705,1
ORD-2025-043786,CUST-01488,2025-10-17,0.1057,2
ORD-2025-043787,CUST-00964,2025-10-10,0.0516,1
ORD-2025-043788,CUST-00837,,0.1634,1
ORD-2025-043789,CUST-12387,2025-10-17,0.0324,2
ORD-2025-043790,CUST-12206,2025-10-21,0.0815,2
ORD-2025-043791,CUST-00462,2025-10-19,0.0481,1
ORD-2025-043792,CUST-02261,2025-10-01,0.0881,1
ORD-2025-043793,CUST-11042,2025-10-20,0.1597,1
ORD-2025-043794,CUST-04446,2025-10-29,0.0342,2
ORD-2025-043795,CUST-12727,2025-10-12,0.2023,3
ORD-2025-043796,CUST-07451,2025-10-10,0.0993,1
ORD-2025-043797,CUST-04624,2025-10-16,0.05,3
ORD-2025-043798,CUST-06506,2025-10-11,0.1025,2
ORD-2025-043799,CUST-07907,2025-10-29,0.1902,1
ORD-2025-043800,CUST-07312,2025-10-08,0.014,1
ORD-2025-043801,CUST-00049,2025-10-17,0.0354,1
ORD-2025-043802,CUST-04508,2025-10-31,0.0532,1
ORD-2025-043803,CUST-08542,2025-10-27,0.0175,3
ORD-2025-043804,CUST-08654,2025-10-21,0.0102,1
ORD-2025-043805,CUST-03997,2025-10-21,0.0256,2
ORD-2025-043806,CUST-04609,2025-10-03,0.0809,2
ORD-2025-043807,CUST-02057,2025-10-08,0.1175,1
ORD-2025-043808,CUST-03363,2025-10-26,0.0591,1
ORD-2025-043809,CUST-08873,2025-10-17,0.1021,1
ORD-2025-043810,CUST-05825,2025-10-08,0.179,1
ORD-2025-043811,CUST-11788,2025-10-11,0.3307,1
ORD-2025-043812,CUST-08893,2025-10-29,0.0659,2
ORD-2025-043813,CUST-01038,2025-10-10,0.1406,3
ORD-2025-043814,CUST-05596,2025-10-02,0.1195,4
ORD-2025-043815,CUST-10959,2025-10-20,0.0033,1
ORD-2025-043816, CUST-06487 ,2025-10-11,0.1414,5
