OrderID,CustomerID,OrderDate,OrderDiscountPct,BasketItemCount
ORD-2025-043817,CUST-13571,2025-11-28,0.2435,1
ORD-2025-043818,CUST-13572,2025-11-03,0.038,1
ORD-2025-043819,CUST-13573,2025-11-30,0.143,1
ORD-2025-043820,CUST-13574,2025-11-29,0.0307,1
ORD-2025-043821,,2025-11-26,0.0782,3
ORD-2025-043822,CUST-13576,2025-11-30,0.069,1
ORD-2025-043823,CUST-13577,2025-11-29,0.0903,2
ORD-2025-043824,CUST-13578,2025-11-12,0.2895,2
ORD-2025-043825,CUST-13579,2025-11-29,0.3223,2
ORD-2025-043826,CUST-13580,2025-11-26,0.1928,1
ORD-2025-043827,CUST-13581,2025-11-20,0.0151,1
ORD-2025-043828,CUST-13582,2025-11-24,0.047,1
ORD-2025-043829,CUST-13583,2025-11-22,0.0228,2
ORD-2025-043830,CUST-13584,2025-11-24,0.1536,1
ORD-2025-043831,CUST-13585,2025-11-12,0.2542,3
ORD-2025-043832,CUST-13586,2025-11-30,0.0728,2
ORD-2025-043833,CUST-13587,2025-11-28,0.0406,1
ORD-2025-043834,CUST-13588,2025-11-18,0.0688,1
ORD-2025-043835,CUST-13589,2025-11-06,0.0611,1
ORD-2025-043836,CUST-13590,2025-11-30,0.0857,1
ORD-2025-043837,CUST-13591,2025-11-28,0.148,3
ORD-2025-043838,CUST-13592,2025-11-30,0.3095,2
ORD-2025-043839,CUST-13593,2025-11-21,0.2315,1
ORD-2025-043840,CUST-13594,2025-11-16,0.456,2
ORD-2025-043841,CUST-13595,2025-11-22,0.0164,1
ORD-2025-043842,CUST-13596,2025-11-25,0.3028,1
ORD-2025-043843,CUST-13597,2025-11-12,0.4156,2
ORD-2025-043844,CUST-13598,2025-11-26,0.55,1
ORD-2025-043845,CUST-13599,2025-11-23,0.3132,1
ORD-2025-043846,CUST-13600,2025-11-30,0.2056,1
ORD-2025-043847,CUST-13601,2025-11-23,0.3181,2
ORD-2025-043848,CUST-13602,2025-11-11,0.0364,1
ORD-2025-043849,CUST-13603,2025-11-24,0.1832,1
ORD-2025-043850,CUST-13604,2025-11-15,0.2462,2
ORD-2025-043851,CUST-13605,2025-11-23,0.1873,1
ORD-2025-043852,CUST-13606,2025-11-25,0.4499,1
ORD-2025-043853,CUST-13607,2025-11-27,0.0439,2
ORD-2025-043854,CUST-13608,2025-11-16,0.55,1
ORD-2025-043855,CUST-13609,2025-11-20,0.1204,2
ORD-2025-043856,CUST-13610,2025-11-24,0.0708,3
ORD-2025-043857,CUST-13611,2025-11-22,0.55,1
ORD-2025-043858,CUST-13612,2025-11-14,0.0608,3
ORD-2025-043859,CUST-13613,2025-11-30,0.1677,3
ORD-2025-043860,CUST-13614,2025-11-23,0.2588,1
ORD-2025-043861,CUST-13615,2025-11-30,0.2065,1
ORD-2025-043862,CUST-13616,2025-11-20,0.0336,1
ORD-2025-043863,CUST-13617,2025-11-13,0.0855,3
ORD-2025-043864,CUST-13618,2025-11-19,0.55,1
ORD-2025-043865,CUST-13619,2025-11-28,0.3112,2
ORD-2025-043866,CUST-13620,2025-11-05,0.0789,1
ORD-2025-043867,CUST-13621,2025-11-08,0.1743,1
ORD-2025-043868,CUST-13622,2025-11-18,0.1275,1
ORD-2025-043869,CUST-13623,2025-11-28,0.1005,3
ORD-2025-043870,CUST-13624,2025-11-30,0.0301,1
ORD-2025-043871,CUST-13625,2025-11-11,0.116,2
ORD-2025-043872,CUST-13626,2025-11-24,0.1277,1
ORD-2025-043873,CUST-13627,2025-11-26,0.0769,2
ORD-2025-043874,CUST-13628,2025-11-30,0.1387,2
ORD-2025-043875,CUST-13629,2025-11-19,0.0573,1
ORD-2025-043876,CUST-13630,2025-11-25,0.1688,1
ORD-2025-043877,CUST-13631,2025-11-29,0.0459,1
ORD-2025-043878,CUST-13632,2025-11-25,0.2032,2
ORD-2025-043879,CUST-13633,2025-11-27,0.2047,1
ORD-2025-043880,CUST-13634,2025-11-20,0.0183,3
ORD-2025-043881,CUST-13635,2025-11-15,0.4191,1
ORD-2025-043882,CUST-13636,2025-11-29,0.3368,1
ORD-2025-043883,CUST-13637,2025-11-26,0.263,2
ORD-2025-043884,CUST-13638,2025-11-22,0.1034,1
ORD-2025-043885,CUST-13639,2025-11-29,0.4575,2
ORD-2025-043886,CUST-13640,2025-11-26,0.0704,1
ORD-2025-043887,CUST-13641,2025-11-11,0.55,1
ORD-2025-043888,CUST-13642,2025-11-06,0.2878,1
ORD-2025-043889,CUST-13643,2025-11-30,0.2419,2
ORD-2025-043890,CUST-13644,2025-11-11,0.4227,1
ORD-2025-043891,CUST-13645,2025-11-16,0.1638,1
ORD-2025-043892,CUST-13646,2025-11-29,0.0912,3
ORD-2025-043893,CUST-13647,2025-11-27,0.3468,2
ORD-2025-043894,CUST-13648,2025-11-30,0.1618,2
ORD-2025-043895,CUST-13649,2025-11-27,0.1188,3
ORD-2025-043896,CUST-13650,2025-11-30,0.457,1
ORD-2025-043897,CUST-13651,2025-11-02,0.3934,1
ORD-2025-043898,CUST-13652,2025-11-24,0.1384,3
ORD-2025-043899,CUST-13653,2025-11-29,0.3451,3
ORD-2025-043900,CUST-13654,2025-11-22,0.3168,1
ORD-2025-043901,CUST-13655,2025-11-25,0.0205,2
ORD-2025-043902,CUST-13656,2025-11-24,0.0177,2
ORD-2025-043903,CUST-13657,2025-11-23,0.2997,1
ORD-2025-043904,CUST-13658,2025-11-28,0.0542,1
ORD-2025-043905,CUST-13659,2025-11-30,0.1025,2
ORD-2025-043906,CUST-13660,2025-11-21,0.0846,1
ORD-2025-043907,CUST-13661,2025-11-26,0.4133,2
ORD-2025-043908,CUST-13662,2025-11-21,0.1701,1
ORD-2025-043909,CUST-13663,2025-11-28,0.0106,1
ORD-2025-043910,CUST-13664,2025-11-28,0.55,1
ORD-2025-043911,CUST-13665,2025-11-06,0.4749,2
ORD-2025-043912,CUST-13666,2025-11-10,0.2725,2
ORD-2025-043913,CUST-13667,2025-11-18,0.237,2
ORD-2025-043914,,2025-11-24,0.2397,2
ORD-2025-043915,CUST-13669,2025-11-21,0.2293,2
ORD-2025-043916,CUST-13670,2025-11-30,0.0293,1
ORD-2025-043917,CUST-13671,2025-11-27,0.2166,5
ORD-2025-043918,CUST-13672,2025-11-28,0.4587,2
ORD-2025-043919,CUST-13673,2025-11-27,0.2542,2
ORD-2025-043920,CUST-13674,2025-11-26,0.0902,1
ORD-2025-043921,CUST-13675,2025-11-16,0.0903,2
ORD-2025-043922,CUST-13676,2025-11-25,0.4559,1
ORD-2025-043923,CUST-13677,2025-11-28,0.1833,2
ORD-2025-043924,CUST-13678,2025-11-21,0.0726,2
ORD-2025-043925,CUST-13679,2025-11-24,0.0966,1
ORD-2025-043926,CUST-13680,2025-11-28,0.0513,2
ORD-2025-043927,CUST-13681,2025-11-29,0.029,1
ORD-2025-043928,CUST-13682,2025-11-30,0.0237,2
ORD-2025-043929,CUST-13683,2025-11-30,0.4748,1
ORD-2025-043930,CUST-13684,2025-11-08,0.0947,3
ORD-2025-043931,CUST-13685,2025-11-26,0.2712,1
ORD-2025-043932,CUST-13686,2025-11-13,0.0523,2
ORD-2025-043933,CUST-13687,2025-11-28,0.0603,2
ORD-2025-043934,CUST-13688,2025-11-30,0.2086,1
ORD-2025-043935,CUST-13689,2025-11-24,0.2931,1
ORD-2025-043936,CUST-13690,2025-11-27,0.5337,2
ORD-2025-043937,CUST-13691,2025-11-24,0.0108,1
ORD-2025-043938,CUST-13692,2025-11-30,0.2344,1
ORD-2025-043939,CUST-13693,2025-11-21,0.1834,1
ORD-2025-043940,CUST-13694,2025-11-24,0.4406,2
ORD-2025-043941,CUST-13695,2025-11-27,0.0226,1
ORD-2025-043942,CUST-13696,2025-11-20,0.2489,1
ORD-2025-043943,CUST-13697,2025-11-18,0.0845,2
ORD-2025-043944,CUST-13698,2025-11-30,0.0539,1
ORD-2025-043945,CUST-13699,2025-11-10,0.1297,1
ORD-2025-043946,CUST-13700,2025-11-29,0.2677,1
ORD-2025-043947,CUST-13701,2025-11-19,0.4998,2
ORD-2025-043948,CUST-13702,2025-11-10,0.55,1
ORD-2025-043949,CUST-13703,2025-11-18,0.1963,1
ORD-2025-043950,CUST-13704,2025-11-30,0.1739,1
ORD-2025-043951,CUST-13705,2025-11-28,0.1201,1
ORD-2025-043952,CUST-13706,2025-11-21,0.329,2
ORD-2025-043953,CUST-13707,2025-11-16,0.3518,1
ORD-2025-043954,CUST-13708,2025-11-28,0.3665,2
ORD-2025-043955,CUST-13709,2025-11-17,0.1082,2
ORD-2025-043956,CUST-13710,2025-11-24,0.0833,3
ORD-2025-043957,CUST-13711,2025-11-17,0.1306,1
ORD-2025-043958,CUST-13712,2025-11-29,0.0458,1
ORD-2025-043959,CUST-13713,2025-11-21,0.55,1
ORD-2025-043960,CUST-13714,2025-11-27,0.158,4
ORD-2025-043961,CUST-13715,2025-11-24,0.0076,1
ORD-2025-043962,CUST-13716,2025-11-29,0.1919,3
ORD-2025-043963,CUST-13717,2025-11-24,0.2887,1
ORD-2025-043964,CUST-13718,2025-11-24,0.2512,1
ORD-2025-043965,CUST-13719,2025-11-24,0.2859,2
ORD-2025-043966,CUST-13720,2025-11-16,0.108,3
ORD-2025-043967,CUST-13721,2025-11-26,0.1257,1
ORD-2025-043968,CUST-13722,2025-11-30,0.2174,1
ORD-2025-043969,CUST-13723,2025-11-19,0.1091,2
ORD-2025-043970,CUST-13724,2025-11-04,0.2312,1
ORD-2025-043971,CUST-13725,2025-11-30,0.1706,2
ORD-2025-043972,CUST-13726,2025-11-26,0.2761,1
ORD-2025-043973,CUST-13727,2025-11-24,0.1447,2
ORD-2025-043974,CUST-13728,2025-11-28,0.2502,1
ORD-2025-043975,CUST-13729,2025-11-25,0.0113,1
ORD-2025-043976,CUST-13730,2025-11-05,0.1065,1
ORD-2025-043977,CUST-13731,2025-11-29,0.0742,1
ORD-2025-043978,CUST-13732,2025-11-10,0.0788,1
ORD-2025-043979,CUST-13733,2025-11-28,0.3022,1
ORD-2025-043980,CUST-13734,2025-11-28,0.016,1
ORD-2025-043981,CUST-13735,2025-11-22,0.55,1
ORD-2025-043982,CUST-13736,2025-11-29,0.5419,1
ORD-2025-043983,CUST-13737,2025-11-30,0.0757,1
ORD-2025-043984,CUST-13738,2025-11-18,0.4435,2
ORD-2025-043985,CUST-13739,2025-11-19,0.55,1
ORD-2025-043986,CUST-13740,2025-11-22,0.128,1
ORD-2025-043987,CUST-13741,2025-11-21,0.1861,1
ORD-2025-043988,CUST-13742,2025-11-29,0.0963,3
ORD-2025-043989,CUST-13743,2025-11-07,0.2131,2
ORD-2025-043990,CUST-13744,2025-11-30,0.0427,1
ORD-2025-043991,CUST-13745,2025-11-22,0.2053,2
ORD-2025-043992,CUST-13746,2025-11-20,0.1424,3
ORD-2025-043993,CUST-13747,2025-11-30,0.0788,2
ORD-2025-043994,CUST-13748,2025-11-28,0.0866,3
ORD-2025-043995,CUST-13749,2025-11-22,0.2018,1
ORD-2025-043996,CUST-13750,2025-11-29,0.1786,2
ORD-2025-043997,CUST-13751,2025-11-22,0.1118,1
ORD-2025-043998,CUST-13752,2025-11-30,0.0679,2
ORD-2025-043999,CUST-13753,2025-11-25,0.2843,1
ORD-2025-044000,CUST-13754,2025-11-01,0.2902,1
ORD-2025-044001,CUST-13755,2025-11-15,0.1156,1
ORD-2025-044002,CUST-13756,2025-11-30,0.0675,1
ORD-2025-044003,CUST-13757,2025-11-30,0.1512,4
ORD-2025-044004,CUST-13758,2025-11-11,0.0096,1
ORD-2025-044005,CUST-13759,2025-11-26,0.368,1
ORD-2025-044006,CUST-13760,2025-11-13,0.1036,1
ORD-2025-044007,CUST-13761,2025-11-23,0.4643,2
ORD-2025-044008,CUST-13762,2025-11-23,0.154,1
ORD-2025-044009,CUST-13763,2025-11-13,0.4932,2
ORD-2025-044010,CUST-13764,2025-11-18,0.3152,1
ORD-2025-044011,CUST-13765,2025-11-26,0.0987,1
ORD-2025-044012,CUST-13766,2025-11-30,0.2295,1
ORD-2025-044013,CUST-13767,2025-11-30,0.0665,3
ORD-2025-044014,CUST-13768,2025-11-30,0.1235,2
ORD-2025-044015,CUST-13769,2025-11-30,0.2568,2
ORD-2025-044016,CUST-13770,2025-11-30,0.3313,1
ORD-2025-044017,CUST-13771,2025-11-16,0.375,3
ORD-2025-044018,CUST-13772,2025-11-19,0.191,1
ORD-2025-044019,CUST-13773,2025-11-29,0.3243,2
ORD-2025-044020,CUST-13774,2025-11-14,0.1338,1
ORD-2025-044021,CUST-13775,2025-11-27,0.3682,1
ORD-2025-044022,CUST-13776,2025-11-09,0.3736,3
ORD-2025-044023,CUST-13777,2025-11-26,0.3047,1
ORD-2025-044024,CUST-13778,2025-11-22,0.2087,1
ORD-2025-044025,CUST-13779,2025-11-11,0.1376,1
ORD-2025-044026,CUST-13780,2025-11-29,0.1067,1
ORD-2025-044027,CUST-13781,2025-11-17,0.0581,1
ORD-2025-044028,CUST-13782,2025-11-28,0.2517,1
ORD-2025-044029,CUST-13783,2025-11-22,0.1662,3
ORD-2025-044030,CUST-13784,2025-11-19,0.3776,3
ORD-2025-044031,CUST-13785,2025-11-25,0.2633,1
ORD-2025-044032,CUST-13786,2025-11-29,0.175,1
ORD-2025-044033,CUST-13787,2025-11-30,0.4622,1
ORD-2025-044034,CUST-13788,2025-11-12,0.286,1
ORD-2025-044035,CUST-13789,2025-11-04,0.2094,2
ORD-2025-044036,CUST-13790,2025-11-29,0.5387,1
ORD-2025-044037,CUST-13791,2025-11-28,0.1164,3
ORD-2025-044038,CUST-13792,2025-11-28,0.1867,2
ORD-2025-044039,CUST-13793,2025-11-22,0.2914,3
ORD-2025-044040,CUST-13794,2025-11-28,0.2408,1
ORD-2025-044041,CUST-13795,2025-11-29,0.55,1
ORD-2025-044042,CUST-13796,2025-11-23,0.1163,1
ORD-2025-044043,CUST-13797,2025-11-20,0.5099,2
ORD-2025-044044,CUST-13798,2025-11-28,0.4054,1
ORD-2025-044045,CUST-13799,2025-11-15,0.2336,1
ORD-2025-044046,CUST-13800,2025-11-20,0.3845,1
ORD-2025-044047,CUST-13801,2025-11-26,0.0407,1
ORD-2025-044048,CUST-13802,2025-11-21,0.1034,1
ORD-2025-044049,CUST-13803,2025-11-29,0.131,1
ORD-2025-044050,CUST-13804,2025-11-26,0.069,1
ORD-2025-044051,CUST-13805,2025-11-22,0.3585,2
ORD-2025-044052,CUST-13806,2025-11-25,0.4854,1
ORD-2025-044053,CUST-13807,2025-11-22,0.0667,1
ORD-2025-044054,CUST-13808,2025-11-13,0.55,1
ORD-2025-044055,CUST-13809,2025-11-14,0.0838,2
ORD-2025-044056,CUST-13810,2025-11-05,0.4034,1
ORD-2025-044057,CUST-13811,2025-11-30,0.2036,1
ORD-2025-044058,CUST-13812,2025-11-30,0.0026,2
ORD-2025-044059,CUST-13813,2025-11-28,0.1024,3
ORD-2025-044060,CUST-13814,2025-11-13,0.0807,3
ORD-2025-044061,CUST-13815,2025-11-24,0.2036,3
ORD-2025-044062,CUST-13816,2025-11-24,0.0405,1
ORD-2025-044063,CUST-13817,2025-11-30,0.2263,1
ORD-2025-044064,CUST-13818,2025-11-30,0.3991,1
ORD-2025-044065,CUST-13819,2025-11-26,0.0349,2
ORD-2025-044066,CUST-13820,2025-11-24,0.0788,2
ORD-2025-044067,CUST-13821,2025-11-13,0.0663,1
ORD-2025-044068,CUST-13822,2025-11-30,0.55,1
ORD-2025-044069,CUST-13823,2025-11-05,0.078,3
ORD-2025-044070,CUST-13824,2025-11-26,0.0164,1
ORD-2025-044071,CUST-13825,2025-11-12,0.1715,1
ORD-2025-044072,CUST-13826,2025-11-16,0.2187,1
ORD-2025-044073,CUST-13827,2025-11-17,0.0333,1
ORD-2025-044074,CUST-13828,2025-11-24,0.1218,2
ORD-2025-044075,CUST-13829,2025-11-30,0.0252,1
ORD-2025-044076,CUST-13830,2025-11-28,0.2071,1
ORD-2025-044077,CUST-13831,2025-11-30,0.0307,5
ORD-2025-044078,CUST-13832,2025-11-30,0.1588,1
ORD-2025-044079,CUST-13833,2025-11-11,0.143,1
ORD-2025-044080,CUST-13834,2025-11-23,0.3583,2
ORD-2025-044081,CUST-13835,2025-11-25,0.0114,1
ORD-2025-044082,CUST-13836,2025-11-18,0.3657,2
ORD-2025-044083,CUST-13837,2025-11-26,0.1342,2
ORD-2025-044084,CUST-13838,2025-11-14,0.1085,1
ORD-2025-044085,CUST-13839,2025-11-28,0.1965,1
ORD-2025-044086,CUST-13840,2025-11-07,0.5178,2
ORD-2025-044087,CUST-13841,2025-11-23,0.2045,2
ORD-2025-044088,CUST-13842,2025-11-14,0.4285,2
ORD-2025-044089,CUST-13843,2025-11-29,0.2307,1
ORD-2025-044090,CUST-13844,2025-11-15,0.3666,1
ORD-2025-044091,CUST-13845,2025-11-29,0.55,1
ORD-2025-044092,CUST-13846,2025-11-25,0.3612,1
ORD-2025-044093,CUST-13847,2025-11-19,0.55,1
ORD-2025-044094,CUST-13848,2025-11-29,0.0208,2
ORD-2025-044095,,2025-11-30,0.2373,2
ORD-2025-044096,CUST-13850,2025-11-18,0.0905,1
ORD-2025-044097,CUST-13851,2025-11-20,0.1294,1
ORD-2025-044098,CUST-13852,2025-11-26,0.024,1
ORD-2025-044099,CUST-13853,2025-11-25,0.479,1
ORD-2025-044100,CUST-13854,2025-11-26,0.0383,1
ORD-2025-044101,CUST-13855,2025-11-23,0.1993,3
ORD-2025-044102,CUST-13856,2025-11-30,0.1427,1
ORD-2025-044103,CUST-13857,2025-11-21,0.4368,1
ORD-2025-044104,CUST-13858,2025-11-22,0.3527,1
ORD-2025-044105,CUST-13859,2025-11-27,0.4787,2
ORD-2025-044106,CUST-13860,2025-11-28,0.4766,2
ORD-2025-044107,CUST-13861,2025-11-21,0.073,2
ORD-2025-044108,CUST-13862,2025-11-15,0.0725,1
ORD-2025-044109,,2025-11-17,0.1008,1
ORD-2025-044110,CUST-13864,2025-11-23,0.1001,1
ORD-2025-044111,CUST-13865,2025-11-13,0.0995,1
ORD-2025-044112,CUST-13866,2025-11-29,0.0288,1
ORD-2025-044113,CUST-13867,2025-11-06,0.163,1
ORD-2025-044114,CUST-13868,2025-11-09,0.2679,3
ORD-2025-044115,CUST-13869,2025-11-18,0.2171,1
ORD-2025-044116,CUST-13870,2025-11-22,0.0135,2
ORD-2025-044117,CUST-13871,2025-11-27,0.0249,1
ORD-2025-044118,CUST-13872,2025-11-15,0.1025,1
ORD-2025-044119,CUST-13873,2025-11-29,0.0368,3
ORD-2025-044120,CUST-13874,2025-11-29,0.0621,1
ORD-2025-044121,CUST-13875,2025-11-28,0.2329,1
ORD-2025-044122,CUST-13876,2025-11-26,0.16,2
ORD-2025-044123,CUST-13877,2025-11-23,0.4812,1
ORD-2025-044124,CUST-13878,2025-11-21,0.3464,1
ORD-2025-044125, CUST-13879 ,2025-11-30,0.4351,1
ORD-2025-044126,CUST-13880,2025-11-17,0.218,3
ORD-2025-044127,CUST-13881,2025-11-08,0.0099,1
ORD-2025-044128,CUST-13882,2025-11-18,0.0419,2
ORD-2025-044129,CUST-13883,2025-11-29,0.0158,1
ORD-2025-044130,CUST-13884,2025-11-22,0.0856,1
ORD-2025-044131,CUST-13885,2025-11-06,0.0413,1
ORD-2025-044132,CUST-13886,2025-11-04,0.1142,1
ORD-2025-044133,CUST-13887,2025-11-12,0.3618,1
ORD-2025-044134,CUST-13888,2025-11-28,0.168,2
ORD-2025-044135,CUST-13889,2025-11-17,0.2179,3
ORD-2025-044136,,2025-11-11,0.55,1
ORD-2025-044137,CUST-13891,2025-11-30,0.1857,3
ORD-2025-044138,CUST-13892,2025-11-24,0.2821,2
ORD-2025-044139,CUST-13893,2025-11-30,0.1821,2
ORD-2025-044140,CUST-13894,2025-11-28,0.1155,3
ORD-2025-044141,CUST-13895,2025-11-26,0.1592,3
ORD-2025-044142,CUST-06634,2025-11-19,0.0329,1
ORD-2025-044143,CUST-09202,2025-11-02,0.1048,1
ORD-2025-044144,CUST-11761,2025-11-18,0.1413,3
ORD-2025-044145,CUST-00903,2025-11-30,0.0809,2
ORD-2025-044146,CUST-09555,2025-11-08,0.3055,3
ORD-2025-044147,CUST-02572,2025-11-26,0.0303,1
ORD-2025-044148,CUST-11510,2025-11-21,0.0713,1
ORD-2025-044149,CUST-02119,2025-11-08,0.0685,1
ORD-2025-044150,CUST-11396,2025-11-24,0.0995,3
ORD-2025-044151,CUST-08582,2025-11-30,0.0641,2
ORD-2025-044152,CUST-00816,2025-11-19,0.1375,3
ORD-2025-044153,CUST-01444,2025-11-29,0.1441,2
ORD-2025-044154,CUST-00825,2025-11-19,0.0797,3
ORD-2025-044155,,2025-11-21,0.1633,1
ORD-2025-044156,CUST-08931,2025-11-15,0.14,1
ORD-2025-044157,CUST-06489,2025-11-17,0.0174,1
ORD-2025-044158,CUST-08743,2025-11-02,0.075,2
ORD-2025-044159,CUST-05523,2025-11-27,0.2293,2
ORD-2025-044160,CUST-00394,2025-11-20,0.1153,2
ORD-2025-044161,CUST-05592,2025-11-27,0.2451,1
ORD-2025-044162,CUST-11042,2025-11-06,0.0503,1
ORD-2025-044163,CUST-09495,2025-11-03,0.0705,3
ORD-2025-044164,CUST-05616,2025-11-22,0.2892,1
ORD-2025-044165,CUST-02585,2025-11-14,0.0988,1
ORD-2025-044166,CUST-12029,2025-11-26,0.0051,1
ORD-2025-044167,CUST-05757,2025-11-02,0.3839,3
ORD-2025-044168,CUST-05659,2025-11-25,0.0972,3
ORD-2025-044169,CUST-00273,2025-11-20,0.0225,1
ORD-2025-044170,CUST-05602,2025-11-11,0.0171,1
ORD-2025-044171,CUST-11813,2025-11-15,0.093,2
ORD-2025-044172,CUST-02067,2025-11-28,0.0447,3
ORD-2025-044173,CUST-11302,2025-11-30,0.2051,3
ORD-2025-044174,CUST-02727,2025-11-12,0.0093,1
ORD-2025-044175,CUST-10879,2025-11-15,0.0715,1
ORD-2025-044176,CUST-05130,2025-11-19,0.2526,2
ORD-2025-044177,CUST-02269,2025-11-12,0.2754,1
ORD-2025-044178,CUST-09157,2025-11-04,0.1233,1
ORD-2025-044179,CUST-04326,2025-11-26,0.058,1
ORD-2025-044180,CUST-07681,2025-11-07,0.1927,1
ORD-2025-044181,CUST-08174,2025-11-03,0.1035,1
ORD-2025-044182,CUST-13253,2025-11-13,0.1401,1
ORD-2025-044183,CUST-07935,2025-11-29,0.4375,1
ORD-2025-044184,CUST-04749,2025-11-09,0.0375,1
ORD-2025-044185,CUST-12189,2025-11-09,0.0485,3
ORD-2025-044186,CUST-12105,2025-11-27,0.1817,1
ORD-2025-044187,CUST-04239,2025-11-14,0.0253,3
ORD-2025-044188,CUST-01012,2025-11-09,0.053,1
ORD-2025-044189,CUST-07918,2025-11-05,0.0825,2
ORD-2025-044190,CUST-02622,2025-11-23,0.0457,2
ORD-2025-044191,CUST-05995,2025-11-19,0.063,1
ORD-2025-044192,CUST-09705,2025-11-06,0.1263,1
ORD-2025-044193,CUST-07312,2025-11-05,0.0157,1
ORD-2025-044194,CUST-10103,2025-11-17,0.025,1
ORD-2025-044195,CUST-11513,2025-11-24,0.0635,2
ORD-2025-044196,CUST-11312,2025-11-07,0.2136,1
ORD-2025-044197,CUST-09556,2025-11-10,0.0532,1
ORD-2025-044198,CUST-04854,2025-11-11,0.0302,1
ORD-2025-044199,CUST-08285,2025-11-01,0.0223,3
ORD-2025-044200,CUST-06730,2025-11-07,0.0184,2
ORD-2025-044201,CUST-09202,2025-11-11,0.0829,2
ORD-2025-044202,CUST-09845,2025-11-15,0.0342,2
ORD-2025-044203,CUST-13016,2025-11-23,0.1287,1
ORD-2025-044204,CUST-06146,2025-11-11,0.3643,1
ORD-2025-044205,CUST-07671,2025-11-04,0.0916,1
ORD-2025-044206,CUST-07433,2025-11-23,0.0668,2
ORD-2025-044207,CUST-00872,2025-11-24,0.0699,1
ORD-2025-044208,CUST-02085,2025-11-23,0.0968,5
ORD-2025-044209,CUST-11407,2025-11-13,0.1509,1
ORD-2025-044210,CUST-09107,2025-11-02,0.0445,2
ORD-2025-044211,CUST-10532,2025-11-17,0.033,1
ORD-2025-044212,CUST-12206,2025-11-26,0.0898,1
ORD-2025-044213,CUST-07450,2025-11-05,0.0737,2
ORD-2025-044214,CUST-03677,2025-11-05,0.0815,2
ORD-2025-044215,CUST-01460,2025-11-08,0.05,5
ORD-2025-044216,CUST-08607,2025-11-15,0.0515,1
ORD-2025-044217,CUST-10103,2025-11-05,0.0901,3
ORD-2025-044218,CUST-01130,2025-11-07,0.0433,1
ORD-2025-044219,CUST-01509,2025-11-18,0.0618,1
ORD-2025-044220,CUST-06053,2025-11-15,0.2183,1
ORD-2025-044221,CUST-07327,2025-11-27,0.1006,1
ORD-2025-044222,CUST-06343,2025-11-28,0.0428,1
ORD-2025-044223,CUST-07679,2025-11-08,0.0246,1
ORD-2025-044224,CUST-09631,2025-11-21,0.1264,2
ORD-2025-044225,CUST-02621,2025-11-01,0.0906,3
ORD-2025-044226,CUST-03204,2025-11-12,0.0561,2
ORD-2025-044227,CUST-12745,2025-11-08,0.1661,2
ORD-2025-044228,CUST-09975,2025-11-26,0.0442,1
ORD-2025-044229,CUST-13142,2025-11-02,0.1192,2
ORD-2025-044230,CUST-10204,2025-11-01,0.0237,3
ORD-2025-044231,CUST-11397,2025-11-02,0.1222,1
ORD-2025-044232,CUST-12587,2025-11-15,0.0885,1
ORD-2025-044233,CUST-12308,2025-11-13,0.1193,1
ORD-2025-044234,CUST-09959,2025-11-22,0.1597,1
ORD-2025-044235,CUST-07151,2025-11-18,0.013,1
ORD-2025-044236,CUST-09131,2025-11-19,0.0305,1
ORD-2025-044237,CUST-11042,2025-11-06,0.0171,2
ORD-2025-044238,CUST-12720,2025-11-07,0.0487,1
ORD-2025-044239,CUST-08236,2025-11-11,0.16,1
ORD-2025-044240,CUST-06395,2025-11-23,0.0623,3
ORD-2025-044241,CUST-11788,2025-11-10,0.194,1
ORD-2025-044242,CUST-01891,2025-11-19,0.4445,2
ORD-2025-044243,CUST-05426,2025-11-16,0.0991,1
ORD-2025-044244,CUST-03372,2025-11-19,0.1224,1
ORD-2025-044245,CUST-05264,2025-11-02,0.0365,1
ORD-2025-044246,CUST-07513,2025-11-24,0.1309,1
ORD-2025-044247,CUST-05359,2025-11-01,0.3241,1
ORD-2025-044248,CUST-12587,2025-11-18,0.0614,1
ORD-2025-044249,CUST-06231,2025-11-06,0.1754,3
ORD-2025-044250,CUST-05553,2025-11-23,0.1093,1
ORD-2025-044251,CUST-04567,2025-11-12,0.2166,1
ORD-2025-044252,CUST-05030,2025-11-22,0.1529,1
ORD-2025-044253,CUST-05420,2025-11-18,0.1321,1
ORD-2025-044254,CUST-11340,2025-11-15,0.1333,1
ORD-2025-044255,CUST-08130,2025-11-06,0.2608,3
ORD-2025-044256,CUST-10888,2025-11-29,0.046,2
ORD-2025-044257,CUST-08132,2025-11-02,0.4106,1
ORD-2025-044258,CUST-12373,2025-11-01,0.1183,1
ORD-2025-044259,CUST-06021,2025-11-24,0.0189,1
ORD-2025-044260,CUST-10902,2025-11-01,0.1207,2
ORD-2025-044261,CUST-12536,2025-11-19,0.4122,1
ORD-2025-044262,CUST-03145,2025-11-09,0.1745,1
ORD-2025-044263,CUST-11008,2025-11-02,0.0269,1
ORD-2025-044264,CUST-03512,2025-11-27,0.0242,1
ORD-2025-044265,CUST-08656,2025-11-29,0.0857,1
ORD-2025-044266,CUST-07414,2025-11-17,0.0239,2
ORD-2025-044267,CUST-00728,2025-11-19,0.1352,1
ORD-2025-044268,CUST-06399,2025-11-09,0.0251,1
ORD-2025-044269,CUST-01791,2025-11-30,0.1012,2
ORD-2025-044270,CUST-11804,2025-11-06,0.0585,1
ORD-2025-044271,CUST-05193,2025-11-28,0.1537,1
ORD-2025-044272,CUST-11177,2025-11-29,0.4732,1
ORD-2025-044273,CUST-02452,2025-11-28,0.1511,1
ORD-2025-044274,CUST-01466,2025-11-13,0.4734,3
ORD-2025-044275,CUST-10883,2025-11-05,0.0371,1
ORD-2025-044276,CUST-00363,2025-11-14,0.0249,2
ORD-2025-044277,CUST-00138,2025-11-24,0.1351,1
ORD-2025-044278,CUST-09624,2025-11-02,0.0791,1
ORD-2025-044279,CUST-11297,2025-11-01,0.1593,1
ORD-2025-044280,CUST-05481,2025-11-26,0.5036,1
ORD-2025-044281,CUST-09387,2025-11-25,0.132,2
ORD-2025-044282,CUST-06077,2025-11-04,0.0236,2
ORD-2025-044283,CUST-10484,2025-11-13,0.0865,2
ORD-2025-044284,CUST-04750,2025-11-19,0.159,2
ORD-2025-044285,CUST-11551,2025-11-14,0.1773,2
ORD-2025-044286,CUST-07433,2025-11-24,0.3744,2
ORD-2025-044287,CUST-01085,2025-11-05,0.2203,1
ORD-2025-044288,CUST-12471,2025-11-16,0.0554,1
ORD-2025-044289,CUST-01037,2025-11-22,0.1714,1
ORD-2025-044290,CUST-08609,2025-11-25,0.1173,3
ORD-2025-044291,CUST-00025,2025-11-06,0.1555,1
ORD-2025-044292,CUST-08355,2025-11-22,0.0267,1
ORD-2025-044293,CUST-01599,2025-11-11,0.1498,1
ORD-2025-044294,CUST-05977,2025-11-27,0.55,1
ORD-2025-044295,CUST-00906,2025-11-15,0.0881,1
ORD-2025-044296,CUST-04492,2025-11-16,0.02,1
ORD-2025-044297,CUST-12189,2025-11-30,0.0043,1
ORD-2025-044298,CUST-12144,2025-11-17,0.2526,1
ORD-2025-044299,CUST-10829,2025-11-02,0.0111,1
ORD-2025-044300,CUST-09339,2025-11-20,0.0707,1
ORD-2025-044301,CUST-09777,2025-11-06,0.1095,1
ORD-2025-044302,CUST-11175,2025-11-03,0.1044,1
ORD-2025-044303,CUST-02639,2025-11-01,0.0234,4
ORD-2025-044304,CUST-01787,2025-11-01,0.1716,1
ORD-2025-044305,CUST-02786,2025-11-16,0.0309,1
ORD-2025-044306,CUST-10541,2025-11-10,0.1008,2
ORD-2025-044307,CUST-02698,2025-11-29,0.2899,1
ORD-2025-044308,CUST-01435,2025-11-09,0.3095,2
ORD-2025-044309,CUST-12204,2025-11-05,0.0363,1
ORD-2025-044310,CUST-07877,2025-11-29,0.023,3
ORD-2025-044311,CUST-00907,2025-11-19,0.0122,1
ORD-2025-044312,CUST-13535,2025-11-19,0.0554,1
ORD-2025-044313,CUST-06312,2025-11-30,0.3509,2
ORD-2025-044314,CUST-10494,2025-11-09,0.057,1
ORD-2025-044315,CUST-00600,2025-11-18,0.0889,1
ORD-2025-044316,CUST-12413,2025-11-11,0.0403,1
ORD-2025-044317,CUST-07513,2025-11-18,0.1406,1
ORD-2025-044318,CUST-12868,2025-11-26,0.0973,3
ORD-2025-044319,CUST-05950,2025-11-19,0.0498,1
ORD-2025-044320,CUST-09475,2025-11-18,0.55,1
ORD-2025-044321,CUST-11638,2025-11-08,0.55,1
ORD-2025-044322,CUST-04896,2025-11-30,0.09,2
ORD-2025-044323,CUST-11631,2025-11-23,0.0736,1
ORD-2025-044324,CUST-07131,2025-11-07,0.1131,1
ORD-2025-044325,CUST-12313,2025-11-15,0.0429,1
ORD-2025-044326,CUST-09826,2025-11-25,0.0303,3
ORD-2025-044327,CUST-12668,2025-11-17,0.0251,2
ORD-2025-044328,CUST-12171,2025-11-26,0.0745,1
ORD-2025-044329,CUST-11115,2025-11-23,0.1943,2
ORD-2025-044330,CUST-13183,2025-11-08,0.0822,2
ORD-2025-044331,CUST-04650,2025-11-13,0.3243,2
ORD-2025-044332,CUST-05904,2025-11-28,0.0717,2
ORD-2025-044333,CUST-02615,2025-11-24,0.3764,2
ORD-2025-044334,,2025-11-06,0.1323,4
ORD-2025-044335,CUST-02289,2025-11-27,0.0229,2
ORD-2025-044336,CUST-11476,2025-11-04,0.504,1
ORD-2025-044337,CUST-12314,2025-11-11,0.0193,2
ORD-2025-044338,CUST-10768,2025-11-24,0.0955,1
ORD-2025-044339,CUST-04760,2025-11-19,0.0657,2
ORD-2025-044340,CUST-00625,2025-11-13,0.0076,1
ORD-2025-044341,CUST-01487,2025-11-22,0.0216,2
ORD-2025-044342,CUST-08421,2025-11-07,0.0183,1
ORD-2025-044343,CUST-09377,2025-11-18,0.0322,1
ORD-2025-044344,CUST-08632,2025-11-16,0.55,1
ORD-2025-044345,CUST-11643,2025-11-01,0.0131,1
ORD-2025-044346,CUST-07954,2025-11-02,0.0554,1
ORD-2025-044347,CUST-03825,2025-11-04,0.0752,2
ORD-2025-044348,CUST-10072,2025-11-08,0.0905,1
ORD-2025-044349,CUST-07451,2025-11-01,0.0517,1
ORD-2025-044350,CUST-02567,2025-11-04,0.0508,2
ORD-2025-044351,CUST-11888,2025-11-26,0.0485,3
ORD-2025-044352,CUST-11305,2025-11-08,0.2654,1
ORD-2025-044353,CUST-09568,2025-11-13,0.3483,1
ORD-2025-044354,CUST-00400,2025-11-28,0.0583,1
ORD-2025-044355,CUST-08298,2025-11-14,0.0441,3
ORD-2025-044356,CUST-01158,2025-11-06,0.182,1
ORD-2025-044357,CUST-01831,2025-11-28,0.2477,1
ORD-2025-044358,CUST-00700,2025-11-08,0.0408,1
ORD-2025-044359,CUST-03850,2025-11-21,0.1352,1
ORD-2025-044360,CUST-01790,2025-11-22,0.0556,2
ORD-2025-044361,CUST-00197,2025-11-03,0.55,1
ORD-2025-044362,CUST-12254,2025-11-27,0.0306,1
ORD-2025-044363,CUST-01164,2025-11-10,0.1056,1
ORD-2025-044364,CUST-07480,2025-11-05,0.1076,1
ORD-2025-044365,CUST-11641,2025-11-14,0.147,4
ORD-2025-044366,CUST-03240,2025-11-22,0.101,1
ORD-2025-044367,CUST-11471,2025-11-27,0.1123,3
ORD-2025-044368,CUST-13671,2025-11-16,0.1446,1
ORD-2025-044369,CUST-02425,2025-11-07,0.2071,3
ORD-2025-044370,CUST-08893,2025-11-03,0.0378,1
ORD-2025-044371,CUST-10542,,0.1801,1
ORD-2025-044372,CUST-10370,2025-11-19,0.0183,1
ORD-2025-044373,CUST-02072,2025-11-05,0.054,2
ORD-2025-044374,CUST-13092,2025-11-19,0.1349,1
ORD-2025-044375,CUST-09513,2025-11-10,0.1059,1
ORD-2025-044376,CUST-01642,2025-11-01,0.55,1
ORD-2025-044377,CUST-13362,2025-11-21,0.3298,2
ORD-2025-044378,CUST-08738,2025-11-17,0.0384,1
ORD-2025-044379,CUST-08160,2025-11-22,0.0294,4
ORD-2025-044380,CUST-12180,2025-11-05,0.1242,1
ORD-2025-044381,CUST-10662,2025-11-03,0.2159,1
ORD-2025-044382,CUST-01042,2025-11-22,0.2478,1
ORD-2025-044383,CUST-11438,2025-11-22,0.3318,1
ORD-2025-044384,CUST-00123,2025-11-26,0.3329,3
ORD-2025-044385,CUST-06234,2025-11-17,0.1235,2
ORD-2025-044386,CUST-00476,2025-11-14,0.2125,1
ORD-2025-044387,CUST-09202,2025-11-10,0.1008,1
ORD-2025-044388,CUST-08158,2025-11-30,0.1198,2
ORD-2025-044389,CUST-02513,2025-11-25,0.0239,1
ORD-2025-044390,CUST-08143,2025-11-08,0.0158,3
ORD-2025-044391,CUST-00301,2025-11-25,0.1592,1
ORD-2025-044392,CUST-01619,2025-11-03,0.0054,1
ORD-2025-044393,CUST-05093,2025-11-05,0.0327,2
ORD-2025-044394,CUST-04735,2025-11-26,0.0217,1
ORD-2025-044395,CUST-01571,2025-11-16,0.0752,2
ORD-2025-044396,CUST-03740,2025-11-02,0.0536,1
ORD-2025-044397,CUST-11397,2025-11-16,0.1442,4
ORD-2025-044398,CUST-07082,2025-11-09,0.2451,1
ORD-2025-044399,CUST-08425,2025-11-13,0.1246,3
ORD-2025-044400,CUST-00930,2025-11-12,0.0276,1
ORD-2025-044401,CUST-06540,2025-11-05,0.1328,1
ORD-2025-044402,CUST-03727,2025-11-08,0.0782,2
ORD-2025-044403,CUST-08813,2025-11-10,0.0065,1
ORD-2025-044404,CUST-00781,2025-11-09,0.0124,1
ORD-2025-044405,CUST-08668,2025-11-08,0.1555,1
ORD-2025-044406,CUST-06045,2025-11-06,0.0579,2
ORD-2025-044407,CUST-04027,2025-11-07,0.068,2
ORD-2025-044408,CUST-04790,2025-11-03,0.0156,1
ORD-2025-044409,CUST-13551,2025-11-13,0.0439,1
ORD-2025-044410,CUST-05419,2025-11-22,0.0482,1
ORD-2025-044411,CUST-11392,2025-11-10,0.0226,1
ORD-2025-044412,CUST-06467,2025-11-03,0.0295,1
ORD-2025-044413,CUST-04006,2025-11-03,0.0704,1
ORD-2025-044414,CUST-10957,2025-11-14,0.0509,1
ORD-2025-044415,CUST-04491,2025-11-14,0.2563,1
ORD-2025-044416,CUST-07610,2025-11-10,0.1098,1
ORD-2025-044417,CUST-07749,2025-11-24,0.1122,1
ORD-2025-044418,CUST-07301,2025-11-21,0.0291,1
ORD-2025-044419,CUST-08537,2025-11-12,0.1056,1
ORD-2025-044420,CUST-12897,2025-11-14,0.1643,1
ORD-2025-044421,CUST-08289,2025-11-23,0.0285,1
ORD-2025-044422,CUST-08543,2025-11-09,0.0462,2
ORD-2025-044423,CUST-02416,2025-11-01,0.0654,1
ORD-2025-044424,CUST-04027,2025-11-10,0.0545,1
ORD-2025-044425,CUST-02292,2025-11-06,0.2456,2
ORD-2025-044426,CUST-05819,2025-11-26,0.0747,2
ORD-2025-044427,CUST-00863,2025-11-14,0.0412,1
ORD-2025-044428,CUST-01533,2025-11-10,0.1709,2
ORD-2025-044429,CUST-08324,2025-11-17,0.061,3
ORD-2025-044430,CUST-08314,2025-11-11,0.5367,2
ORD-2025-044431,CUST-01757,2025-11-15,0.0482,4
ORD-2025-044432,CUST-08128,2025-11-13,0.2692,1
ORD-2025-044433,CUST-12344,2025-11-14,0.1661,1
ORD-2025-044434,CUST-08356,2025-11-27,0.0881,2
ORD-2025-044435,CUST-04896,2025-11-17,0.1083,3
ORD-2025-044436,CUST-04503,2025-11-05,0.1736,1
ORD-2025-044437,CUST-12847,2025-11-26,0.0453,2
ORD-2025-044438,CUST-01958,2025-11-25,0.1442,2
ORD-2025-044439,CUST-11527,2025-11-03,0.0125,1
ORD-2025-044440,CUST-11953,2025-11-05,0.138,1
ORD-2025-044441,CUST-04445,2025-11-18,0.0625,2
ORD-2025-044442,CUST-02405,2025-11-30,0.1663,1
ORD-2025-044443,CUST-04103,2025-11-18,0.0949,3
ORD-2025-044444,CUST-13161,2025-11-26,0.0756,2
ORD-2025-044445,,2025-11-11,0.4337,1
ORD-2025-044446,CUST-07283,2025-11-26,0.018,1
ORD-2025-044447,CUST-03582,2025-11-17,0.0406,2
ORD-2025-044448,CUST-04749,2025-11-20,0.0877,1
ORD-2025-044449,CUST-00026,2025-11-01,0.2728,2
ORD-2025-044450,CUST-10263,2025-11-29,0.0788,2
ORD-2025-044451,CUST-04446,2025-11-23,0.0188,1
ORD-2025-044452,CUST-09632,2025-11-16,0.0281,1
ORD-2025-044453,CUST-09478,2025-11-27,0.0275,2
ORD-2025-044454,CUST-03740,2025-11-19,0.1194,1
ORD-2025-044455,CUST-09089,2025-11-11,0.0855,2
ORD-2025-044456,CUST-04660,2025-11-19,0.1072,1
ORD-2025-044457,CUST-10491,2025-11-10,0.3576,1
ORD-2025-044458,CUST-00058,2025-11-15,0.2859,1
ORD-2025-044459,CUST-05516,2025-11-06,0.0504,2
ORD-2025-044460,CUST-10826,2025-11-28,0.0912,3
ORD-2025-044461,CUST-10459,2025-11-30,0.0776,1
ORD-2025-044462,CUST-03285,2025-11-23,0.0628,1
ORD-2025-044463,CUST-03565,2025-11-04,0.0414,1
ORD-2025-044464,CUST-06399,2025-11-16,0.144,1
ORD-2025-044465,CUST-11612,2025-11-24,0.0443,1
ORD-2025-044466,CUST-01520,2025-11-12,0.0426,2
ORD-2025-044467,CUST-00672,2025-11-07,0.025,1
ORD-2025-044468,CUST-04182,2025-11-19,0.1577,2
ORD-2025-044469,CUST-01719,2025-11-17,0.2467,1
ORD-2025-044470,CUST-13215,2025-11-10,0.0487,1
ORD-2025-044471,CUST-02746,2025-11-13,0.2927,1
ORD-2025-044472,CUST-02288,2025-11-13,0.0712,2
ORD-2025-044473,CUST-03663,2025-11-08,0.2296,1
ORD-2025-044474,CUST-08763,2025-11-08,0.0439,3
ORD-2025-044475,CUST-12520,2025-11-26,0.0465,1
ORD-2025-044476,CUST-11652,2025-11-20,0.2343,1
ORD-2025-044477,CUST-04767,2025-11-05,0.0356,1
ORD-2025-044478,CUST-06984,2025-11-11,0.0071,1
ORD-2025-044479,CUST-04644,2025-11-28,0.031,1
ORD-2025-044480,CUST-13780,2025-11-18,0.0627,1
ORD-2025-044481,CUST-01732,2025-11-18,0.1787,1
ORD-2025-044482,CUST-01088,2025-11-21,0.2358,2
ORD-2025-044483,CUST-07890,2025-11-20,0.0612,1
ORD-2025-044484,CUST-12877,2025-11-26,0.0181,2
ORD-2025-044485,CUST-06237,2025-11-21,0.0768,1
ORD-2025-044486,CUST-10815,2025-11-06,0.2816,1
ORD-2025-044487,CUST-09253,2025-11-24,0.136,1
ORD-2025-044488,CUST-00224,2025-11-21,0.0898,1
ORD-2025-044489,CUST-07649,2025-11-18,0.0697,1
ORD-2025-044490,CUST-09792,2025-11-16,0.2711,1
ORD-2025-044491,CUST-02576,2025-11-02,0.0822,2
ORD-2025-044492,CUST-02149,2025-11-01,0.0463,2
ORD-2025-044493,CUST-10079,2025-11-09,0.0045,1
ORD-2025-044494,CUST-02416,2025-11-01,0.0361,1
ORD-2025-044495,CUST-08570,2025-11-21,0.0969,1
ORD-2025-044496,CUST-01496,2025-11-04,0.2253,1
ORD-2025-044497,CUST-09030,2025-11-13,0.2849,3
ORD-2025-044498,CUST-03839,2025-11-06,0.55,1
ORD-2025-044499,CUST-12323,2025-11-27,0.0614,5
ORD-2025-044500,CUST-04256,2025-11-19,0.0023,1
ORD-2025-044501,CUST-02110,2025-11-28,0.0329,1
ORD-2025-044502,CUST-07352,2025-11-29,0.409,1
ORD-2025-044503,CUST-07370,2025-11-28,0.0936,2
ORD-2025-044504,CUST-01305,2025-11-16,0.2146,2
ORD-2025-044505,CUST-04802,2025-11-10,0.0222,3
ORD-2025-044506,CUST-03590,2025-11-14,0.1001,1
ORD-2025-044507,CUST-08799,2025-11-16,0.2304,1
ORD-2025-044508,CUST-12643,2025-11-12,0.0887,2
ORD-2025-044509,CUST-02667,2025-11-11,0.1132,2
ORD-2025-044510,CUST-02423,2025-11-01,0.0177,1
ORD-2025-044511,CUST-01071,2025-11-08,0.1135,1
ORD-2025-044512,CUST-08464,2025-11-07,0.0333,1
ORD-2025-044513,CUST-06489,2025-11-28,0.0591,3
ORD-2025-044514,CUST-02838,2025-11-15,0.0401,2
ORD-2025-044515,CUST-09165,2025-11-08,0.0434,4
ORD-2025-044516,CUST-07649,2025-11-19,0.1058,2
ORD-2025-044517,CUST-04666,2025-11-14,0.2,2
ORD-2025-044518,CUST-07277,2025-11-15,0.0368,1
ORD-2025-044519,CUST-05982,2025-11-18,0.0427,1
ORD-2025-044520,CUST-12163,2025-11-18,0.2572,1
ORD-2025-044521,CUST-01279,2025-11-20,0.116,2
ORD-2025-044522,CUST-01792,2025-11-08,0.55,1
ORD-2025-044523,CUST-03391,2025-11-14,0.0108,2
ORD-2025-044524,CUST-04905,2025-11-13,0.3214,1
ORD-2025-044525,CUST-12726,2025-11-12,0.2777,2
ORD-2025-044526,CUST-07238,2025-11-26,0.0821,1
ORD-2025-044527,CUST-05765,2025-11-01,0.0553,5
ORD-2025-044528,CUST-05264,2025-11-19,0.038,1
ORD-2025-044529,CUST-07146,2025-11-11,0.0498,2
ORD-2025-044530,CUST-04770,2025-11-19,0.314,1
ORD-2025-044531,CUST-04697,2025-11-04,0.1513,5
ORD-2025-044532,CUST-09895,2025-11-11,0.0229,1
ORD-2025-044533,CUST-11603,2025-11-23,0.047,1
ORD-2025-044534,CUST-07451,2025-11-14,0.0475,1
ORD-2025-044535,CUST-04184,2025-11-29,0.4007,2
ORD-2025-044536,CUST-06399,2025-11-06,0.0914,1
ORD-2025-044537,CUST-04985,2025-11-26,0.1552,1
ORD-2025-044538,CUST-11255,2025-11-03,0.1028,2
ORD-2025-044539,CUST-00975,2025-11-18,0.0157,1
ORD-2025-044540,CUST-03218,2025-11-27,0.1736,5
ORD-2025-044541,CUST-08174,2025-11-07,0.0537,2
ORD-2025-044542,CUST-03609,2025-11-26,0.0495,2
ORD-2025-044543,CUST-11147,2025-11-29,0.2037,1
ORD-2025-044544,CUST-03401,2025-11-11,0.0419,1
ORD-2025-044545,CUST-02965,2025-11-06,0.1403,1
ORD-2025-044546,CUST-03529,2025-11-16,0.3797,1
ORD-2025-044547,CUST-02062,2025-11-12,0.0509,1
ORD-2025-044548,CUST-10567,2025-11-20,0.1383,5
ORD-2025-044549,CUST-08198,2025-11-05,0.5053,1
ORD-2025-044550,,2025-11-27,0.0776,2
ORD-2025-044551,CUST-06053,2025-11-15,0.2035,1
ORD-2025-044552,CUST-10136,2025-11-16,0.1206,1
ORD-2025-044553,CUST-03224,2025-11-24,0.0432,1
ORD-2025-044554,CUST-08024,2025-11-19,0.0878,1
ORD-2025-044555,CUST-08387,2025-11-23,0.1552,2
ORD-2025-044556,CUST-01709,2025-11-30,0.278,3
ORD-2025-044557,CUST-01757,2025-11-24,0.009,1
ORD-2025-044558,CUST-00897,2025-11-07,0.3868,1
ORD-2025-044559,CUST-08152,2025-11-25,0.2174,1
ORD-2025-044560,CUST-09008,2025-11-27,0.2237,1
ORD-2025-044561,CUST-09731,2025-11-05,0.0163,1
ORD-2025-044562,CUST-00933,2025-11-19,0.0249,4
ORD-2025-044563,CUST-08820,2025-11-23,0.108,3
ORD-2025-044564,CUST-03343,2025-11-07,0.164,1
ORD-2025-044565,CUST-07649,2025-11-30,0.033,1
ORD-2025-044566,CUST-02576,2025-11-10,0.0243,1
ORD-2025-044567,CUST-01024,2025-11-22,0.2451,1
ORD-2025-044568,CUST-00179,2025-11-06,0.0254,1
ORD-2025-044569,CUST-01934,2025-11-19,0.0519,2
ORD-2025-044570,CUST-03680,2025-11-05,0.1191,1
ORD-2025-044571,CUST-08222,2025-11-28,0.0433,1
ORD-2025-044572,CUST-10765,2025-11-28,0.0693,1
ORD-2025-044573,CUST-10957,2025-11-08,0.099,1
ORD-2025-044574,CUST-12578,2025-11-30,0.0528,1
ORD-2025-044575,CUST-00422,2025-11-07,0.0767,1
ORD-2025-044576,CUST-02679,2025-11-05,0.0321,1
ORD-2025-044577,CUST-07173,2025-11-14,0.0816,1
ORD-2025-044578,CUST-13403,2025-11-14,0.1168,3
ORD-2025-044579,CUST-07120,2025-11-12,0.3229,3
ORD-2025-044580,CUST-11193,2025-11-22,0.0683,1
ORD-2025-044581,CUST-10097,2025-11-20,0.0192,1
ORD-2025-044582,CUST-11273,2025-11-12,0.0405,1
ORD-2025-044583,CUST-03786,2025-11-12,0.1469,1
ORD-2025-044584,CUST-12498,2025-11-04,0.252,3
ORD-2025-044585,CUST-06151,2025-11-21,0.0164,1
ORD-2025-044586,CUST-02496,2025-11-02,0.1573,1
ORD-2025-044587,CUST-00226,,0.1047,4
ORD-2025-044588,CUST-10526,2025-11-17,0.5316,1
ORD-2025-044589,CUST-12750,2025-11-19,0.1534,1
ORD-2025-044590,CUST-02104,2025-11-06,0.2244,1
ORD-2025-044591,CUST-07035,2025-11-30,0.0576,1
ORD-2025-044592,CUST-11950,2025-11-12,0.1538,1
ORD-2025-044593,CUST-08951,2025-11-15,0.2493,3
ORD-2025-044594,CUST-06992,2025-11-14,0.032,1
ORD-2025-044595,CUST-08159,2025-11-17,0.1083,3
ORD-2025-044596,CUST-03250,2025-11-21,0.0979,1
ORD-2025-044597,CUST-02396,2025-11-24,0.4614,2
ORD-2025-044598,CUST-10430,2025-11-22,0.4213,1
ORD-2025-044599,CUST-09037,2025-11-23,0.035,1
ORD-2025-044600,CUST-09764,2025-11-30,0.1307,2
ORD-2025-044601,CUST-08993,2025-11-03,0.0932,1
ORD-2025-044602,CUST-00020,2025-11-06,0.0086,2
ORD-2025-044603,CUST-04419,2025-11-07,0.1655,1
ORD-2025-044604,CUST-03919,2025-11-06,0.0,1
ORD-2025-044605,CUST-13214,2025-11-26,0.2196,2
ORD-2025-044606, CUST-09169 ,2025-11-13,0.0311,1
ORD-2025-044607,CUST-10396,2025-11-21,0.2075,1
ORD-2025-044608,CUST-11938,2025-11-08,0.2177,1
ORD-2025-044609,CUST-09691,2025-11-30,0.1601,1
ORD-2025-044610,CUST-01130,2025-11-28,0.027,4
ORD-2025-044611,CUST-10271,2025-11-07,0.1312,1
ORD-2025-044612,CUST-01450,2025-11-28,0.1435,1
ORD-2025-044613,CUST-12886,2025-11-29,0.362,1
ORD-2025-044614,CUST-00880,2025-11-18,0.1638,3
ORD-2025-044615,CUST-00447,2025-11-07,0.1923,1
ORD-2025-044616,CUST-09387,2025-11-07,0.0348,3
ORD-2025-044617,CUST-11215,2025-11-07,0.1128,1
ORD-2025-044618,CUST-05203,2025-11-13,0.4707,1
ORD-2025-044619,CUST-08613,2025-11-23,0.0867,1
ORD-2025-044620,CUST-09382,2025-11-01,0.2315,2
ORD-2025-044621,CUST-10832,2025-11-21,0.0905,1
ORD-2025-044622,CUST-10879,2025-11-06,0.0466,2
ORD-2025-044623,CUST-04233,2025-11-22,0.0438,1
ORD-2025-044624,CUST-07438,2025-11-21,0.4366,1
ORD-2025-044625,CUST-12592,2025-11-02,0.1686,1
ORD-2025-044626,CUST-12838,2025-11-20,0.4161,1
ORD-2025-044627,CUST-10639,2025-11-25,0.0565,2
ORD-2025-044628,CUST-10287,2025-11-10,0.4083,2
ORD-2025-044629,CUST-05839,2025-11-10,0.0569,1
ORD-2025-044630,CUST-08027,2025-11-27,0.0244,1
ORD-2025-044631,CUST-03719,2025-11-19,0.0428,1
ORD-2025-044632,CUST-11573,2025-11-07,0.0801,1
ORD-2025-044633,CUST-07992,2025-11-08,0.0903,1
ORD-2025-044634,CUST-10690,2025-11-21,0.0388,1
ORD-2025-044635,CUST-04159,2025-11-10,0.0257,1
ORD-2025-044636,CUST-07804,2025-11-28,0.0884,2
ORD-2025-044637,CUST-08309,2025-11-28,0.0482,1
ORD-2025-044638,CUST-12932,2025-11-09,0.0699,1
ORD-2025-044639,CUST-13171,2025-11-01,0.0823,1
ORD-2025-044640,CUST-04151,2025-11-25,0.0477,1
ORD-2025-044641,CUST-07211,2025-11-27,0.1907,1
ORD-2025-044642,CUST-09890,2025-11-03,0.2567,3
ORD-2025-044643,CUST-11641,2025-11-14,0.2542,1
ORD-2025-044644,CUST-11396,2025-11-22,0.0439,1
ORD-2025-044645,CUST-11273,2025-11-12,0.0349,1
ORD-2025-044646,CUST-02493,2025-11-24,0.1193,1
ORD-2025-044647,CUST-11291,2025-11-20,0.01,1
ORD-2025-044648,CUST-05656,2025-11-17,0.0837,2
ORD-2025-044649,CUST-03591,2025-11-18,0.55,1
ORD-2025-044650,CUST-01561,2025-11-30,0.1131,2
ORD-2025-044651,CUST-05079,2025-11-03,0.0271,1
ORD-2025-044652,CUST-03603,2025-11-19,0.21,1
ORD-2025-044653,CUST-00029,2025-11-30,0.1169,2
ORD-2025-044654,CUST-03374,2025-11-19,0.1563,1
ORD-2025-044655,CUST-03987,2025-11-23,0.2015,1
ORD-2025-044656,CUST-10452,2025-11-27,0.0229,3
ORD-2025-044657,CUST-02752,2025-11-13,0.12,1
ORD-2025-044658,CUST-11317,2025-11-11,0.0389,2
ORD-2025-044659,CUST-07871,2025-11-12,0.043,1
ORD-2025-044660,CUST-11302,2025-11-05,0.1919,1
ORD-2025-044661,CUST-07482,2025-11-11,0.1676,1
ORD-2025-044662,CUST-09181,2025-11-22,0.0471,1
ORD-2025-044663,CUST-12458,2025-11-26,0.2037,3
ORD-2025-044664,CUST-07976,2025-11-01,0.1568,2
ORD-2025-044665,CUST-07033,2025-11-30,0.0207,3
ORD-2025-044666,CUST-02496,2025-11-21,0.1492,2
ORD-2025-044667,CUST-11672,2025-11-02,0.2509,1
ORD-2025-044668,CUST-11492,2025-11-13,0.0141,1
ORD-2025-044669,CUST-04159,2025-11-30,0.1447,1
ORD-2025-044670,CUST-08005,2025-11-12,0.3943,1
ORD-2025-044671,CUST-07181,2025-11-29,0.1479,1
ORD-2025-044672,CUST-11786,2025-11-17,0.5486,1
ORD-2025-044673,CUST-07479,2025-11-04,0.1112,2
ORD-2025-044674,CUST-07244,2025-11-22,0.1445,2
ORD-2025-044675,CUST-04151,2025-11-22,0.0698,1
ORD-2025-044676,CUST-00950,2025-11-24,0.0704,1
ORD-2025-044677,CUST-11899,2025-11-01,0.1901,2
ORD-2025-044678,CUST-01301,2025-11-12,0.0623,1
ORD-2025-044679,CUST-02168,2025-11-15,0.0595,1
ORD-2025-044680,CUST-03873,2025-11-05,0.213,1
ORD-2025-044681,CUST-11069,2025-11-02,0.0247,1
ORD-2025-044682,CUST-06956,2025-11-21,0.0303,4
ORD-2025-044683,CUST-05429,2025-11-18,0.1975,2
ORD-2025-044684,CUST-04492,2025-11-23,0.064,1
ORD-2025-044685,CUST-03727,2025-11-13,0.0558,1
ORD-2025-044686,CUST-07095,2025-11-22,0.1358,1
ORD-2025-044687,CUST-08270,2025-11-15,0.5191,2
ORD-2025-044688,CUST-01947,2025-11-01,0.0603,4
ORD-2025-044689,CUST-05734,2025-11-09,0.1239,1
ORD-2025-044690,CUST-12611,2025-11-24,0.0282,2
ORD-2025-044691,CUST-13387,2025-11-18,0.3393,1
ORD-2025-044692,CUST-08180,2025-11-07,0.0485,1
ORD-2025-044693,CUST-06828,2025-11-07,0.0708,2
ORD-2025-044694,CUST-11309,2025-11-19,0.0381,1
ORD-2025-044695,CUST-02937,2025-11-30,0.0744,2
ORD-2025-044696,CUST-11778,2025-11-15,0.0345,1
ORD-2025-044697,CUST-06105,2025-11-26,0.1221,1
ORD-2025-044698,CUST-07136,2025-11-27,0.55,2
ORD-2025-044699,CUST-00393,2025-11-10,0.0734,1
ORD-2025-044700,CUST-08663,2025-11-28,0.3306,1
ORD-2025-044701,CUST-02301,2025-11-17,0.1615,2
ORD-2025-044702,CUST-11492,2025-11-03,0.0718,2
ORD-2025-044703,CUST-10522,2025-11-07,0.0815,3
ORD-2025-044704,CUST-05538,2025-11-08,0.2093,2
ORD-2025-044705,CUST-09103,2025-11-09,0.0106,1
ORD-2025-044706,CUST-04955,2025-11-13,0.0263,2
ORD-2025-044707,CUST-11255,2025-11-15,0.0618,1
ORD-2025-044708,CUST-09887,2025-11-09,0.1971,2
ORD-2025-044709,CUST-01785,2025-11-12,0.1136,1
ORD-2025-044710,CUST-12035,2025-11-10,0.1716,3
ORD-2025-044711,CUST-07583,2025-11-21,0.0118,1
ORD-2025-044712,CUST-10765,2025-11-03,0.1071,1
ORD-2025-044713,CUST-08222,2025-11-04,0.0127,1
ORD-2025-044714,CUST-13671,2025-11-23,0.1354,2
ORD-2025-044715,CUST-03667,2025-11-03,0.231,2
ORD-2025-044716,CUST-05050,2025-11-07,0.0707,1
ORD-2025-044717,CUST-03091,2025-11-25,0.226,2
ORD-2025-044718,CUST-13602,2025-11-28,0.0525,3
ORD-2025-044719,CUST-13076,2025-11-06,0.0859,3
ORD-2025-044720,CUST-03832,2025-11-13,0.0279,1
ORD-2025-044721,CUST-08381,2025-11-24,0.1198,2
ORD-2025-044722,CUST-04299,2025-11-28,0.4989,2
ORD-2025-044723,CUST-04342,2025-11-22,0.4976,1
ORD-2025-044724,CUST-06484,2025-11-20,0.1078,3
ORD-2025-044725,CUST-05987,2025-11-11,0.169,1
ORD-2025-044726,CUST-01687,2025-11-03,0.0489,1
ORD-2025-044727,CUST-09304,2025-11-16,0.0382,3
ORD-2025-044728,CUST-10415,2025-11-29,0.0363,1
ORD-2025-044729,CUST-09870,2025-11-17,0.0845,2
ORD-2025-044730,CUST-01225,2025-11-08,0.0142,1
ORD-2025-044731,CUST-02762,2025-11-26,0.0527,2
ORD-2025-044732,CUST-12436,2025-11-09,0.0623,2
ORD-2025-044733,CUST-06256,2025-11-28,0.0087,1
ORD-2025-044734,CUST-13584,2025-11-30,0.049,1
ORD-2025-044735,CUST-07033,2025-11-09,0.0507,2
ORD-2025-044736,CUST-06718,2025-11-01,0.0676,1
ORD-2025-044737,CUST-07706,2025-11-10,0.1109,1
ORD-2025-044738,CUST-06991,2025-11-09,0.2661,2
ORD-2025-044739,CUST-09654,2025-11-18,0.4241,1
ORD-2025-044740,CUST-02782,2025-11-05,0.0353,2
ORD-2025-044741,CUST-06756,2025-11-14,0.0081,2
ORD-2025-044742,CUST-00779,2025-11-13,0.0506,3
ORD-2025-044743,CUST-00775,2025-11-02,0.55,1
ORD-2025-044744,CUST-05369,2025-11-21,0.0877,1
ORD-2025-044745,CUST-00049,2025-11-05,0.0958,2
ORD-2025-044746,CUST-12247,2025-11-26,0.0874,1
ORD-2025-044747,CUST-03250,2025-11-14,0.0422,1
ORD-2025-044748,CUST-02085,2025-11-04,0.2491,1
ORD-2025-044749,CUST-03964,2025-11-26,0.1712,2
ORD-2025-044750,CUST-05357,2025-11-27,0.5124,2
ORD-2025-044751,CUST-11458,2025-11-26,0.1462,2
ORD-2025-044752,CUST-12634,2025-11-26,0.0117,1
ORD-2025-044753,CUST-04506,2025-11-17,0.2423,1
ORD-2025-044754,CUST-07582,2025-11-22,0.0829,1
ORD-2025-044755,CUST-10172,2025-11-27,0.0867,1
ORD-2025-044756,CUST-10712,2025-11-24,0.0386,1
ORD-2025-044757,CUST-10948,2025-11-15,0.1312,1
ORD-2025-044758,CUST-11448,2025-11-05,0.0262,1
ORD-2025-044759,CUST-03328,2025-11-13,0.343,1
ORD-2025-044760,CUST-06487,2025-11-08,0.2051,1
ORD-2025-044761,CUST-05419,2025-11-17,0.0364,1
ORD-2025-044762,CUST-02836,2025-11-29,0.0015,1
ORD-2025-044763,CUST-04487,2025-11-27,0.074,1
ORD-2025-044764,CUST-04989,2025-11-13,0.2642,1
ORD-2025-044765,CUST-05242,2025-11-15,0.4341,1
ORD-2025-044766,CUST-03413,2025-11-06,0.0359,2
ORD-2025-044767,CUST-04870,2025-11-27,0.1846,1
ORD-2025-044768,CUST-07238,2025-11-24,0.0727,4
ORD-2025-044769,CUST-11144,2025-11-09,0.0177,1
ORD-2025-044770,CUST-00397,2025-11-04,0.0092,2
ORD-2025-044771,CUST-03581,2025-11-01,0.3683,3
ORD-2025-044772,CUST-09749,2025-11-19,0.0551,1
ORD-2025-044773,CUST-06829,2025-11-01,0.16,1
ORD-2025-044774,CUST-12254,2025-11-28,0.0167,1
ORD-2025-044775,CUST-11949,2025-11-01,0.0941,1
ORD-2025-044776,CUST-07358,2025-11-14,0.0557,1
ORD-2025-044777,CUST-13099,2025-11-05,0.4571,1
ORD-2025-044778,CUST-08800,2025-11-08,0.2049,2
ORD-2025-044779,CUST-03897,2025-11-06,0.1348,1
ORD-2025-044780,CUST-03936,2025-11-06,0.0925,1
ORD-2025-044781,CUST-05036,2025-11-23,0.0384,1
ORD-2025-044782,CUST-02527,2025-11-05,0.0906,1
ORD-2025-044783,CUST-01367,2025-11-17,0.0222,1
ORD-2025-044784,CUST-12520,2025-11-10,0.0314,2
ORD-2025-044785,CUST-10036,2025-11-10,0.0915,1
ORD-2025-044786,CUST-09513,2025-11-25,0.184,2
ORD-2025-044787,CUST-01117,2025-11-05,0.1741,1
ORD-2025-044788,CUST-03461,2025-11-21,0.0562,1
ORD-2025-044789,CUST-03873,2025-11-17,0.1678,1
ORD-2025-044790,CUST-08930,2025-11-08,0.186,1
ORD-2025-044791,CUST-03250,2025-11-05,0.0326,1
ORD-2025-044792,CUST-08256,2025-11-29,0.1039,2
ORD-2025-044793,CUST-10860,2025-11-01,0.2231,1
ORD-2025-044794,CUST-12016,2025-11-14,0.0552,1
ORD-2025-044795,CUST-06202,2025-11-04,0.0213,1
ORD-2025-044796,CUST-07105,2025-11-05,0.139,3
ORD-2025-044797,CUST-09481,2025-11-22,0.2059,2
ORD-2025-044798,CUST-08756,2025-11-28,0.55,1
ORD-2025-044799,CUST-07851,2025-11-12,0.1542,4
ORD-2025-044800,CUST-08943,2025-11-09,0.2425,1
ORD-2025-044801,CUST-02065,2025-11-02,0.0088,1
ORD-2025-044802,CUST-01897,2025-11-24,0.4411,1
ORD-2025-044803,CUST-04159,2025-11-22,0.1003,2
ORD-2025-044804,CUST-02641,2025-11-09,0.0327,1
ORD-2025-044805,CUST-11804,2025-11-11,0.076,2
ORD-2025-044806,CUST-11963,2025-11-19,0.0847,1
ORD-2025-044807,CUST-02212,2025-11-18,0.1451,1
ORD-2025-044808,CUST-11903,2025-11-25,0.0379,2
ORD-2025-044809,CUST-04098,2025-11-21,0.0365,1
ORD-2025-044810,CUST-06208,2025-11-12,0.0756,1
ORD-2025-044811,CUST-11020,2025-11-27,0.0509,1
ORD-2025-044812,CUST-08030,2025-11-11,0.0269,2
ORD-2025-044813,CUST-04727,2025-11-25,0.0919,1
ORD-2025-044814,CUST-10746,2025-11-08,0.0753,2
ORD-2025-044815,CUST-02160,2025-11-12,0.0303,4
ORD-2025-044816,CUST-08691,2025-11-18,0.1872,1
ORD-2025-044817,CUST-03143,2025-11-09,0.0306,1
ORD-2025-044818,CUST-00891,2025-11-26,0.0711,3
ORD-2025-044819,CUST-09895,2025-11-30,0.0433,1
ORD-2025-044820,CUST-05196,2025-11-08,0.3899,1
ORD-2025-044821,CUST-05682,2025-11-15,0.2425,1
ORD-2025-044822,CUST-10263,2025-11-29,0.0628,2
ORD-2025-044823,CUST-07591,2025-11-21,0.2346,2
ORD-2025-044824,CUST-04986,2025-11-20,0.0601,1
ORD-2025-044825,CUST-11279,2025-11-15,0.4288,2
ORD-2025-044826,CUST-12787,2025-11-17,0.2201,2
ORD-2025-044827,CUST-07490,2025-11-11,0.0386,2
ORD-2025-044828,CUST-04841,2025-11-12,0.269,1
ORD-2025-044829,CUST-13032,2025-11-30,0.0503,1
ORD-2025-044830,CUST-11005,2025-11-24,0.1159,1
ORD-2025-044831,CUST-10811,2025-11-22,0.0242,1
ORD-2025-044832,CUST-06222,2025-11-19,0.0585,1
ORD-2025-044833,CUST-13142,2025-11-24,0.0705,2
ORD-2025-044834,CUST-08421,2025-11-10,0.0524,2
ORD-2025-044835,CUST-06913,2025-11-05,0.1562,1
ORD-2025-044836,CUST-01160,2025-11-01,0.0675,2
ORD-2025-044837,CUST-06077,2025-11-18,0.0051,2
ORD-2025-044838,CUST-06805,2025-11-08,0.4391,1
ORD-2025-044839,CUST-05814,2025-11-20,0.0356,1
ORD-2025-044840,CUST-11384,2025-11-23,0.0057,1
ORD-2025-044841,CUST-01964,2025-11-12,0.3571,1
ORD-2025-044842,CUST-09589,2025-11-09,0.1284,2
ORD-2025-044843,CUST-08715,2025-11-16,0.55,1
ORD-2025-044844,CUST-01016,2025-11-11,0.0521,2
ORD-2025-044845,CUST-13032,2025-11-20,0.0415,1
ORD-2025-044846,CUST-04230,2025-11-20,0.1641,3
ORD-2025-044847,CUST-01981,2025-11-30,0.233,2
ORD-2025-044848,CUST-10791,2025-11-03,0.0029,1
ORD-2025-044849,CUST-04382,2025-11-15,0.0238,1
ORD-2025-044850,CUST-01747,2025-11-07,0.3021,3
ORD-2025-044851,CUST-08288,2025-11-07,0.0529,1
ORD-2025-044852,CUST-03409,2025-11-12,0.0772,1
ORD-2025-044853,CUST-08314,2025-11-18,0.55,1
ORD-2025-044854,CUST-03980,2025-11-12,0.1568,2
ORD-2025-044855,CUST-04916,2025-11-17,0.066,2
ORD-2025-044856,CUST-02626,2025-11-27,0.1113,2
ORD-2025-044857,CUST-06012,2025-11-26,0.3032,1
ORD-2025-044858,CUST-13560,2025-11-28,0.3023,1
ORD-2025-044859,CUST-10563,2025-11-03,0.0986,1
ORD-2025-044860,CUST-00755,2025-11-10,0.4302,1
ORD-2025-044861,CUST-10704,2025-11-21,0.1354,2
ORD-2025-044862,CUST-02412,2025-11-01,0.0145,2
ORD-2025-044863,CUST-05346,2025-11-27,0.0519,2
ORD-2025-044864,CUST-05581,2025-11-24,0.0532,1
ORD-2025-044865,CUST-01390,2025-11-15,0.1232,3
ORD-2025-044866,CUST-07781,2025-11-05,0.0478,2
ORD-2025-044867,CUST-12688,2025-11-13,0.0193,1
ORD-2025-044868,CUST-06144,2025-11-16,0.1758,2
ORD-2025-044869,CUST-02191,2025-11-28,0.049,1
ORD-2025-044870,CUST-04026,2025-11-15,0.0408,2
ORD-2025-044871,CUST-08462,2025-11-26,0.1979,1
ORD-2025-044872,CUST-06053,2025-11-11,0.0852,2
ORD-2025-044873,CUST-05819,2025-11-24,0.1632,1
ORD-2025-044874,CUST-05035,2025-11-20,0.126,4
ORD-2025-044875,CUST-05165,2025-11-08,0.0328,3
ORD-2025-044876,CUST-00291,2025-11-02,0.0748,1
ORD-2025-044877,CUST-11803,2025-11-25,0.1007,1
ORD-2025-044878,CUST-10201,2025-11-19,0.1396,2
ORD-2025-044879,CUST-07524,2025-11-13,0.0134,1
ORD-2025-044880,CUST-12745,2025-11-27,0.0708,1
ORD-2025-044881,CUST-02784,2025-11-13,0.4397,1
ORD-2025-044882,CUST-01771,2025-11-04,0.0299,1
ORD-2025-044883,CUST-04196,2025-11-15,0.2146,2
ORD-2025-044884,CUST-06638,2025-11-28,0.3605,2
ORD-2025-044885,CUST-08887,2025-11-25,0.0638,1
ORD-2025-044886,CUST-11643,2025-11-10,0.0882,2
ORD-2025-044887,,2025-11-25,0.0735,2
ORD-2025-044888,CUST-06550,2025-11-22,0.1237,1
ORD-2025-044889,CUST-06720,2025-11-13,0.0539,1
ORD-2025-044890,CUST-10425,2025-11-01,0.0995,1
ORD-2025-044891,CUST-02274,2025-11-01,0.1264,1
ORD-2025-044892,,2025-11-22,0.0271,1
ORD-2025-044893,CUST-06789,2025-11-13,0.0619,2
ORD-2025-044894,CUST-07867,2025-11-16,0.1249,3
ORD-2025-044895,CUST-00458,2025-11-11,0.1748,2
ORD-2025-044896,CUST-09731,2025-11-01,0.0101,3
ORD-2025-044897,CUST-07735,2025-11-10,0.2079,1
ORD-2025-044898,CUST-08451,,0.3115,1
ORD-2025-044899,CUST-03967,2025-11-25,0.044,3
ORD-2025-044900,CUST-13014,2025-11-07,0.1136,2
ORD-2025-044901,CUST-10215,2025-11-17,0.0287,1
ORD-2025-044902,CUST-07765,2025-11-04,0.3556,3
ORD-2025-044903,CUST-07524,2025-11-15,0.0966,2
ORD-2025-044904,CUST-08655,2025-11-18,0.2399,2
ORD-2025-044905,CUST-06403,2025-11-24,0.0145,2
ORD-2025-044906,CUST-04735,2025-11-09,0.0241,1
ORD-2025-044907,CUST-09220,2025-11-25,0.1895,1
ORD-2025-044908,CUST-08931,2025-11-07,0.0607,1
ORD-2025-044909,CUST-00362,2025-11-04,0.037,2
ORD-2025-044910,CUST-04381,2025-11-20,0.0875,1
ORD-2025-044911,CUST-01231,2025-11-18,0.0273,1
ORD-2025-044912,CUST-10742,2025-11-07,0.0897,1
ORD-2025-044913,CUST-03109,2025-11-03,0.1338,1
ORD-2025-044914,CUST-01788,2025-11-27,0.436,1
ORD-2025-044915,CUST-00295,2025-11-04,0.1257,1
ORD-2025-044916,CUST-08850,2025-11-14,0.1404,3
ORD-2025-044917,CUST-02777,2025-11-21,0.0353,1
ORD-2025-044918,CUST-09496,2025-11-17,0.55,1
ORD-2025-044919,CUST-10522,2025-11-12,0.0195,1
ORD-2025-044920,CUST-04170,2025-11-03,0.0059,1
ORD-2025-044921,CUST-11255,2025-11-28,0.1213,1
ORD-2025-044922,CUST-07739,2025-11-01,0.2323,2
ORD-2025-044923,CUST-11382,2025-11-19,0.041,1
ORD-2025-044924,CUST-13486,2025-11-28,0.0724,1
ORD-2025-044925,CUST-05705,2025-11-15,0.5115,1
ORD-2025-044926,CUST-10325,2025-11-28,0.4339,2
ORD-2025-044927,CUST-06799,2025-11-30,0.0951,1
ORD-2025-044928,CUST-05667,2025-11-11,0.1167,1
ORD-2025-044929,CUST-06734,2025-11-06,0.0433,4
ORD-2025-044930,CUST-12254,2025-11-23,0.0417,3
ORD-2025-044931,CUST-13075,2025-11-08,0.0339,3
ORD-2025-044932,CUST-02109,2025-11-14,0.3627,1
ORD-2025-044933,CUST-04562,2025-11-21,0.4642,1
ORD-2025-044934,CUST-07781,2025-11-21,0.0605,1
ORD-2025-044935,CUST-09201,2025-11-28,0.1465,2
ORD-2025-044936,CUST-02072,2025-11-16,0.101,1
ORD-2025-044937,CUST-03270,2025-11-02,0.0872,1
ORD-2025-044938,CUST-03965,2025-11-09,0.0245,2
ORD-2025-044939,CUST-02921,2025-11-11,0.3603,1
ORD-2025-044940,CUST-10636,2025-11-14,0.0204,1
ORD-2025-044941,CUST-11312,2025-11-17,0.0557,2
ORD-2025-044942,CUST-10642,2025-11-16,0.1414,1
ORD-2025-044943,CUST-10611,2025-11-07,0.1545,1
ORD-2025-044944,CUST-13206,2025-11-10,0.1508,2
ORD-2025-044945,CUST-03491,2025-11-10,0.1586,1
ORD-2025-044946,CUST-05521,2025-11-15,0.0848,3
ORD-2025-044947,CUST-07404,2025-11-30,0.0295,2
ORD-2025-044948,CUST-06443,2025-11-25,0.3108,3
ORD-2025-044949,CUST-09052,2025-11-14,0.2161,1
ORD-2025-044950,CUST-07674,2025-11-09,0.1206,1
ORD-2025-044951,CUST-05581,2025-11-08,0.1763,3
ORD-2025-044952,CUST-13133,2025-11-14,0.2071,1
ORD-2025-044953,CUST-11382,2025-11-07,0.108,1
ORD-2025-044954,CUST-07890,2025-11-20,0.1613,2
ORD-2025-044955,CUST-12224,2025-11-30,0.0045,1
ORD-2025-044956,CUST-02133,2025-11-16,0.1089,1
ORD-2025-044957,CUST-00202,2025-11-20,0.0787,1
ORD-2025-044958,CUST-08433,2025-11-15,0.0206,1
ORD-2025-044959,CUST-06348,2025-11-19,0.3512,2
ORD-2025-044960,CUST-13049,2025-11-10,0.0708,1
ORD-2025-044961,CUST-04609,2025-11-29,0.0466,1
ORD-2025-044962,CUST-12918,2025-11-02,0.0053,1
ORD-2025-044963,CUST-07625,2025-11-02,0.0243,2
ORD-2025-044964,CUST-11331,2025-11-29,0.4239,2
ORD-2025-044965,CUST-08937,2025-11-20,0.0691,2
ORD-2025-044966,CUST-08236,2025-11-29,0.1283,1
ORD-2025-044967,CUST-12634,2025-11-04,0.0079,1
ORD-2025-044968,CUST-10796,2025-11-20,0.0515,1
ORD-2025-044969,CUST-07408,2025-11-26,0.1129,2
ORD-2025-044970,CUST-05995,2025-11-08,0.1058,1
ORD-2025-044971,CUST-00673,2025-11-17,0.1268,2
ORD-2025-044972,CUST-03508,2025-11-08,0.1216,1
ORD-2025-044973,CUST-06873,2025-11-01,0.063,2
ORD-2025-044974,CUST-00950,2025-11-09,0.0798,3
ORD-2025-044975,CUST-07005,2025-11-12,0.2652,1
ORD-2025-044976,CUST-03773,2025-11-13,0.0442,2
ORD-2025-044977,CUST-03501,2025-11-17,0.0688,1
ORD-2025-044978,CUST-08302,2025-11-08,0.1001,1
ORD-2025-044979,CUST-05057,2025-11-23,0.2169,1
ORD-2025-044980,CUST-05180,2025-11-27,0.0987,3
ORD-2025-044981,CUST-02358,2025-11-27,0.0705,4
ORD-2025-044982,CUST-10522,2025-11-15,0.0313,3
ORD-2025-044983,CUST-02082,2025-11-24,0.5027,1
ORD-2025-044984,CUST-04436,2025-11-21,0.084,1
ORD-2025-044985,CUST-05766,2025-11-10,0.103,2
ORD-2025-044986,CUST-12559,2025-11-18,0.1975,1
ORD-2025-044987,CUST-06952,2025-11-07,0.161,2
ORD-2025-044988,CUST-11184,2025-11-13,0.0421,3
ORD-2025-044989,CUST-12261,2025-11-30,0.2336,2
ORD-2025-044990,CUST-03197,2025-11-21,0.1689,1
ORD-2025-044991,CUST-06926,2025-11-02,0.0342,1
ORD-2025-044992,CUST-00876,2025-11-10,0.0723,1
ORD-2025-044993,CUST-12134,2025-11-02,0.2207,3
ORD-2025-044994,CUST-00410,2025-11-28,0.0545,2
ORD-2025-044995,CUST-03630,2025-11-30,0.4622,2
ORD-2025-044996,CUST-07684,2025-11-23,0.0118,1
ORD-2025-044997,CUST-00924,2025-11-10,0.2713,1
ORD-2025-044998,CUST-05073,2025-11-07,0.04,1
ORD-2025-044999,CUST-11444,2025-11-16,0.4072,1
ORD-2025-045000,CUST-13472,2025-11-24,0.3074,2
ORD-2025-045001,CUST-12671,2025-11-04,0.0388,1
ORD-2025-045002,CUST-02164,2025-11-10,0.0345,1
ORD-2025-045003,CUST-04114,2025-11-19,0.1472,1
ORD-2025-045004,,2025-11-03,0.0451,1
ORD-2025-045005,CUST-08256,2025-11-08,0.1218,1
ORD-2025-045006,CUST-12033,2025-11-26,0.0968,2
ORD-2025-045007,CUST-08053,2025-11-03,0.0751,2
ORD-2025-045008,CUST-11753,2025-11-12,0.2106,1
ORD-2025-045009,CUST-10522,2025-11-30,0.0307,1
ORD-2025-045010,CUST-03643,2025-11-12,0.0422,1
ORD-2025-045011,CUST-11352,2025-11-24,0.0481,1
ORD-2025-045012,CUST-00987,2025-11-23,0.0676,1
ORD-2025-045013,CUST-11137,2025-11-10,0.1502,4
ORD-2025-045014,CUST-10128,2025-11-11,0.1564,3
ORD-2025-045015,CUST-12323,2025-11-03,0.0431,1
ORD-2025-045016,CUST-06218,2025-11-18,0.0187,1
ORD-2025-045017,CUST-09169,2025-11-14,0.0933,1
ORD-2025-045018,CUST-12672,2025-11-15,0.3108,2
ORD-2025-045019,CUST-11753,2025-11-19,0.1451,5
ORD-2025-045020,CUST-08514,2025-11-06,0.253,3
ORD-2025-045021,CUST-03797,2025-11-07,0.1975,2
ORD-2025-045022,CUST-11367,2025-11-03,0.026,4
ORD-2025-045023,CUST-10368,2025-11-05,0.55,1
ORD-2025-045024,CUST-10642,2025-11-28,0.0943,1
ORD-2025-045025,CUST-07018,2025-11-18,0.09,2
ORD-2025-045026,CUST-13586,2025-11-13,0.153,3
ORD-2025-045027,CUST-08279,2025-11-18,0.1017,1
ORD-2025-045028,CUST-02037,2025-11-09,0.0618,1
ORD-2025-045029,CUST-02920,2025-11-18,0.1835,2
ORD-2025-045030,CUST-06148,2025-11-26,0.3233,1
ORD-2025-045031,CUST-07749,2025-11-05,0.194,1
ORD-2025-045032,CUST-01571,2025-11-18,0.0378,2
ORD-2025-045033,CUST-00410,2025-11-26,0.0353,3
ORD-2025-045034,CUST-12372,2025-11-09,0.2258,1
ORD-2025-045035,CUST-08542,2025-11-06,0.1844,1
ORD-2025-045036,CUST-06573,2025-11-26,0.1006,1
ORD-2025-045037,CUST-10885,2025-11-27,0.298,2
ORD-2025-045038,CUST-12344,2025-11-23,0.0537,2
ORD-2025-045039,CUST-04841,2025-11-02,0.0759,1
ORD-2025-045040,CUST-12903,2025-11-27,0.0875,3
ORD-2025-045041,CUST-05075,2025-11-13,0.0486,3
ORD-2025-045042,CUST-10181,2025-11-23,0.0548,1
ORD-2025-045043,CUST-04327,2025-11-10,0.0382,1
ORD-2025-045044,CUST-11534,2025-11-16,0.4673,2
ORD-2025-045045,CUST-10733,2025-11-13,0.55,1
ORD-2025-045046,CUST-01820,2025-11-13,0.0591,1
ORD-2025-045047,CUST-00983,2025-11-17,0.1428,4
ORD-2025-045048,CUST-09181,2025-11-05,0.0761,1
ORD-2025-045049,CUST-05711,2025-11-10,0.0241,1
ORD-2025-045050,CUST-10815,2025-11-16,0.069,4
ORD-2025-045051,CUST-02459,2025-11-21,0.0943,1
ORD-2025-045052,CUST-00945,2025-11-11,0.4742,2
ORD-2025-045053,CUST-08850,2025-11-27,0.1164,1
ORD-2025-045054,CUST-01204,2025-11-25,0.0621,1
ORD-2025-045055,CUST-04291,2025-11-07,0.0996,2
ORD-2025-045056,CUST-05246,2025-11-17,0.3748,2
ORD-2025-045057,CUST-00407,2025-11-16,0.038,1
ORD-2025-045058,CUST-07454,2025-11-21,0.0856,1
ORD-2025-045059,CUST-02467,2025-11-12,0.2363,3
ORD-2025-045060,CUST-06514,2025-11-07,0.0103,2
ORD-2025-045061,CUST-08042,2025-11-12,0.0831,1
ORD-2025-045062,CUST-02389,2025-11-02,0.1329,1
ORD-2025-045063,CUST-09140,2025-11-07,0.1208,1
ORD-2025-045064,CUST-13649,2025-11-06,0.0691,2
ORD-2025-045065,CUST-07389,2025-11-18,0.0228,1
ORD-2025-045066,CUST-13240,2025-11-14,0.1728,1
ORD-2025-045067,CUST-07440,2025-11-13,0.0922,2
ORD-2025-045068,CUST-08566,2025-11-01,0.2646,2
ORD-2025-045069,CUST-04012,2025-11-02,0.0337,1
ORD-2025-045070,CUST-13055,2025-11-18,0.2481,2
ORD-2025-045071,CUST-05418,2025-11-08,0.1495,1
ORD-2025-045072,CUST-03051,2025-11-07,0.0177,1
ORD-2025-045073,CUST-07411,2025-11-20,0.0932,1
ORD-2025-045074,CUST-04166,2025-11-27,0.0201,1
ORD-2025-045075,CUST-12598,2025-11-06,0.0363,1
ORD-2025-045076,CUST-02820,2025-11-19,0.0508,5
ORD-2025-045077,CUST-05328,2025-11-12,0.0404,2
ORD-2025-045078,CUST-05181,2025-11-23,0.0375,2
ORD-2025-045079,CUST-08394,2025-11-27,0.3151,2
ORD-2025-045080,CUST-13021,2025-11-14,0.0344,2
ORD-2025-045081,CUST-08830,2025-11-03,0.0391,1
ORD-2025-045082,CUST-08348,2025-11-29,0.0909,2
ORD-2025-045083,CUST-06799,2025-11-16,0.0528,1
ORD-2025-045084,CUST-00601,2025-11-07,0.027,1
ORD-2025-045085,CUST-06296,2025-11-05,0.0243,1
ORD-2025-045086,CUST-12204,2025-11-16,0.0172,2
ORD-2025-045087,CUST-08222,2025-11-01,0.0536,1
ORD-2025-045088,CUST-04986,2025-11-06,0.2457,1
ORD-2025-045089,CUST-05079,2025-11-24,0.1426,1
ORD-2025-045090,CUST-10253,2025-11-09,0.1174,2
ORD-2025-045091,CUST-04873,2025-11-27,0.0237,3
ORD-2025-045092,CUST-04858,2025-11-01,0.0592,1
ORD-2025-045093,CUST-08386,2025-11-28,0.036,1
ORD-2025-045094,CUST-04332,2025-11-30,0.319,1
ORD-2025-045095,CUST-12580,2025-11-10,0.0895,1
ORD-2025-045096,CUST-04886,2025-11-06,0.0099,1
ORD-2025-045097,CUST-09961,2025-11-29,0.015,1
ORD-2025-045098,CUST-07048,2025-11-13,0.1205,3
ORD-2025-045099,CUST-02782,2025-11-19,0.078,2
ORD-2025-045100,CUST-00999,2025-11-09,0.219,2
ORD-2025-045101,CUST-03522,2025-11-27,0.1484,1
ORD-2025-045102,CUST-11104,2025-11-30,0.045,2
ORD-2025-045103,CUST-01371,2025-11-24,0.4452,2
ORD-2025-045104,CUST-04242,2025-11-26,0.014,1
ORD-2025-045105,CUST-08496,2025-11-27,0.0217,1
ORD-2025-045106,CUST-09532,2025-11-30,0.0169,1
ORD-2025-045107,CUST-09478,2025-11-29,0.0371,1
ORD-2025-045108,CUST-12048,2025-11-06,0.55,1
ORD-2025-045109,CUST-08429,2025-11-12,0.1712,2
ORD-2025-045110,CUST-04767,2025-11-15,0.0884,1
ORD-2025-045111,CUST-12677,2025-11-24,0.0165,2
ORD-2025-045112,CUST-08132,2025-11-20,0.1156,4
ORD-2025-045113,CUST-09418,2025-11-26,0.027,1
ORD-2025-045114,CUST-10450,2025-11-20,0.3369,1
ORD-2025-045115,CUST-08824,2025-11-02,0.1598,3
ORD-2025-045116,CUST-02965,2025-11-02,0.0865,1
ORD-2025-045117,CUST-10564,2025-11-30,0.178,1
ORD-2025-045118,CUST-00356,2025-11-28,0.1281,2
ORD-2025-045119,CUST-01684,2025-11-07,0.1012,2
ORD-2025-045120,CUST-03030,2025-11-01,0.0976,1
ORD-2025-045121,CUST-01522,2025-11-22,0.0171,1
ORD-2025-045122,CUST-01487,2025-11-27,0.0176,2
ORD-2025-045123,CUST-11779,2025-11-15,0.0642,2
ORD-2025-045124,CUST-09821,2025-11-10,0.2105,3
ORD-2025-045125,CUST-11455,2025-11-12,0.3612,3
ORD-2025-045126,CUST-06992,2025-11-16,0.1231,1
ORD-2025-045127,CUST-00571,2025-11-23,0.0673,1
ORD-2025-045128,CUST-09764,2025-11-26,0.0366,1
ORD-2025-045129,CUST-04036,2025-11-03,0.143,4
ORD-2025-045130,CUST-10484,2025-11-27,0.0379,2
ORD-2025-045131,CUST-03914,2025-11-20,0.155,3
ORD-2025-045132,CUST-04002,2025-11-05,0.1146,1
ORD-2025-045133,CUST-11665,2025-11-04,0.0661,3
ORD-2025-045134,CUST-07928,2025-11-11,0.1856,1
ORD-2025-045135,CUST-06725,2025-11-18,0.0384,1
ORD-2025-045136,CUST-00190,2025-11-04,0.0472,3
ORD-2025-045137,CUST-10654,2025-11-24,0.1189,1
ORD-2025-045138,CUST-00339,2025-11-14,0.2235,2
ORD-2025-045139,CUST-12124,2025-11-30,0.0491,1
ORD-2025-045140,CUST-04958,2025-11-21,0.0187,1
ORD-2025-045141,CUST-03433,2025-11-07,0.0699,2
ORD-2025-045142,CUST-10349,2025-11-18,0.075,1
ORD-2025-045143,CUST-12835,2025-11-17,0.0961,1
ORD-2025-045144,CUST-07244,2025-11-02,0.1285,1
ORD-2025-045145,CUST-04310,2025-11-03,0.1176,1
ORD-2025-045146,CUST-13253,2025-11-17,0.1189,1
ORD-2025-045147,CUST-13517,2025-11-27,0.0694,2
ORD-2025-045148,CUST-11358,2025-11-14,0.1578,1
ORD-2025-045149,CUST-11366,2025-11-08,0.0778,3
ORD-2025-045150,CUST-02626,2025-11-19,0.0623,1
ORD-2025-045151,CUST-11623,2025-11-16,0.2948,1
ORD-2025-045152,CUST-11198,2025-11-21,0.0193,1
ORD-2025-045153,CUST-07961,2025-11-07,0.0572,1
ORD-2025-045154,CUST-00039,2025-11-20,0.049,3
ORD-2025-045155,CUST-10114,2025-11-16,0.0965,1
ORD-2025-045156,CUST-12092,2025-11-22,0.2736,1
ORD-2025-045157,CUST-10000,2025-11-24,0.4603,2
ORD-2025-045158,CUST-08871,2025-11-14,0.02,2
ORD-2025-045159,CUST-07012,2025-11-28,0.2173,2
ORD-2025-045160,CUST-11443,2025-11-09,0.4756,2
ORD-2025-045161,CUST-09811,2025-11-05,0.0484,3
ORD-2025-045162,CUST-08465,2025-11-30,0.3785,1
ORD-2025-045163,CUST-01757,2025-11-03,0.0512,2
ORD-2025-045164,CUST-07319,2025-11-08,0.0241,1
ORD-2025-045165,CUST-02822,2025-11-07,0.0262,1
ORD-2025-045166,CUST-07540,2025-11-14,0.1293,2
ORD-2025-045167,CUST-07382,2025-11-02,0.4435,1
ORD-2025-045168,CUST-12153,2025-11-18,0.3499,1
ORD-2025-045169,CUST-02327,2025-11-08,0.0417,2
ORD-2025-045170,CUST-03114,2025-11-13,0.1258,2
ORD-2025-045171,CUST-00045,2025-11-13,0.0787,1
ORD-2025-045172,CUST-07974,2025-11-25,0.0429,1
ORD-2025-045173,CUST-05000,2025-11-29,0.0295,1
ORD-2025-045174,CUST-07063,2025-11-06,0.0079,1
ORD-2025-045175,CUST-11620,2025-11-04,0.042,2
ORD-2025-045176,CUST-09975,2025-11-14,0.0557,3
ORD-2025-045177,CUST-03934,2025-11-30,0.0978,3
ORD-2025-045178,CUST-10784,2025-11-04,0.2825,1
ORD-2025-045179,CUST-09130,2025-11-16,0.0077,1
ORD-2025-045180,CUST-13025,2025-11-14,0.0439,1
ORD-2025-045181,CUST-08271,2025-11-29,0.1533,1
ORD-2025-045182,CUST-08285,2025-11-20,0.0271,1
ORD-2025-045183,CUST-01493,2025-11-30,0.0742,1
ORD-2025-045184,CUST-11904,2025-11-19,0.2289,1
ORD-2025-045185,CUST-12335,2025-11-09,0.0431,3
ORD-2025-045186,CUST-05492,2025-11-12,0.1468,1
ORD-2025-045187,CUST-03495,2025-11-28,0.0317,1
ORD-2025-045188,CUST-02018,2025-11-02,0.0398,1
ORD-2025-045189,CUST-07211,2025-11-23,0.155,2
ORD-2025-045190,CUST-04162,2025-11-07,0.0512,1
ORD-2025-045191,CUST-02847,2025-11-29,0.1937,3
ORD-2025-045192,CUST-01757,2025-11-24,0.0315,1
ORD-2025-045193,CUST-10089,2025-11-28,0.1872,2
ORD-2025-045194,CUST-07541,2025-11-21,0.0283,1
ORD-2025-045195,CUST-05711,2025-11-23,0.043,3
ORD-2025-045196,CUST-04005,2025-11-01,0.0903,1
ORD-2025-045197,CUST-08019,2025-11-30,0.08,1
ORD-2025-045198,CUST-06111,2025-11-20,0.2008,3
ORD-2025-045199,CUST-04902,2025-11-06,0.0515,5
ORD-2025-045200,CUST-01859,2025-11-26,0.5488,1
ORD-2025-045201,CUST-10142,2025-11-10,0.0208,1
ORD-2025-045202,CUST-10253,2025-11-18,0.1875,1
ORD-2025-045203,CUST-05987,2025-11-27,0.1126,2
ORD-2025-045204,CUST-11585,2025-11-12,0.0512,1
ORD-2025-045205,CUST-10508,2025-11-19,0.4234,1
ORD-2025-045206,CUST-04701,2025-11-18,0.0796,3
ORD-2025-045207,CUST-11992,2025-11-22,0.55,2
ORD-2025-045208,CUST-06381,2025-11-04,0.1982,3
ORD-2025-045209,CUST-00394,2025-11-19,0.1316,3
ORD-2025-045210,CUST-09951,2025-11-11,0.0799,1
ORD-2025-045211,CUST-10062,2025-11-28,0.2861,1
ORD-2025-045212,CUST-00413,2025-11-27,0.0388,1
ORD-2025-045213,CUST-03213,2025-11-07,0.0572,4
ORD-2025-045214,CUST-03439,2025-11-02,0.29,1
ORD-2025-045215,CUST-12041,2025-11-02,0.0768,1
ORD-2025-045216,CUST-08871,2025-11-10,0.0288,2
ORD-2025-045217,CUST-08152,2025-11-29,0.087,2
ORD-2025-045218,CUST-13021,2025-11-14,0.0635,1
ORD-2025-045219,CUST-13094,2025-11-16,0.0916,1
ORD-2025-045220,CUST-04521,2025-11-28,0.0103,1
ORD-2025-045221,CUST-03736,2025-11-08,0.0828,3
ORD-2025-045222,CUST-08463,2025-11-14,0.0929,2
ORD-2025-045223,CUST-12937,2025-11-06,0.0089,1
ORD-2025-045224,CUST-04710,2025-11-05,0.0485,1
ORD-2025-045225,CUST-02530,2025-11-19,0.1832,1
ORD-2025-045226,CUST-12908,2025-11-16,0.078,1
ORD-2025-045227,CUST-05137,2025-11-17,0.1253,3
ORD-2025-045228,CUST-09525,2025-11-22,0.1552,1
ORD-2025-045229,CUST-00406,2025-11-29,0.2262,1
ORD-2025-045230,CUST-03918,2025-11-19,0.1855,2
ORD-2025-045231,CUST-09058,2025-11-30,0.1171,3
ORD-2025-045232,CUST-09606,2025-11-24,0.0956,1
ORD-2025-045233,CUST-05056,2025-11-26,0.1346,1
ORD-2025-045234,CUST-05576,2025-11-07,0.3386,1
ORD-2025-045235,CUST-04701,2025-11-26,0.0483,2
ORD-2025-045236,CUST-01913,2025-11-01,0.0768,1
ORD-2025-045237,CUST-03590,2025-11-22,0.0307,1
ORD-2025-045238,CUST-10397,2025-11-27,0.0371,3
ORD-2025-045239,CUST-11682,2025-11-16,0.0378,2
ORD-2025-045240,CUST-02748,2025-11-24,0.1464,2
ORD-2025-045241,CUST-03401,2025-11-16,0.0649,3
ORD-2025-045242,CUST-05035,2025-11-26,0.0776,3
ORD-2025-045243,CUST-08204,2025-11-01,0.4114,2
ORD-2025-045244,CUST-13164,2025-11-10,0.1047,3
ORD-2025-045245,CUST-09279,2025-11-20,0.5233,2
ORD-2025-045246,CUST-07836,2025-11-20,0.2014,1
ORD-2025-045247,CUST-12451,2025-11-07,0.1589,1
ORD-2025-045248,CUST-13374,2025-11-05,0.119,3
ORD-2025-045249,CUST-01999,2025-11-07,0.0737,5
ORD-2025-045250,CUST-04726,2025-11-23,0.0585,2
ORD-2025-045251,CUST-07480,2025-11-01,0.2336,1
ORD-2025-045252,CUST-04291,2025-11-28,0.0651,2
ORD-2025-045253,CUST-10881,2025-11-18,0.0327,1
ORD-2025-045254,CUST-08256,2025-11-03,0.2135,1
ORD-2025-045255,CUST-07217,2025-11-01,0.0335,1
ORD-2025-045256,CUST-02183,2025-11-22,0.0153,2
ORD-2025-045257,CUST-12970,2025-11-17,0.1157,2
ORD-2025-045258,CUST-00759,2025-11-05,0.1492,4
ORD-2025-045259,CUST-08313,2025-11-16,0.0575,3
ORD-2025-045260,CUST-03460,2025-11-01,0.0279,1
ORD-2025-045261,CUST-12734,2025-11-12,0.0685,4
ORD-2025-045262,CUST-00353,2025-11-17,0.0298,3
ORD-2025-045263,CUST-04864,2025-11-06,0.1238,1
ORD-2025-045264,CUST-08293,2025-11-28,0.0964,1
ORD-2025-045265,CUST-09629,2025-11-04,0.0618,1
ORD-2025-045266,CUST-09314,2025-11-12,0.0383,1
ORD-2025-045267,CUST-07454,2025-11-29,0.1648,1
ORD-2025-045268,CUST-09452,2025-11-07,0.1794,1
ORD-2025-045269,CUST-10852,2025-11-04,0.2815,1
ORD-2025-045270, CUST-12989 ,2025-11-25,0.2939,1
ORD-2025-045271,CUST-04297,2025-11-16,0.1043,4
ORD-2025-045272,CUST-09905,2025-11-27,0.3078,1
ORD-2025-045273,CUST-13586,2025-11-24,0.0679,2
ORD-2025-045274,CUST-12396,2025-11-16,0.0305,1
ORD-2025-045275,CUST-11887,2025-11-15,0.2186,2
ORD-2025-045276,CUST-12937,2025-11-11,0.0913,1
ORD-2025-045277,CUST-09893,2025-11-15,0.0296,1
ORD-2025-045278,CUST-12643,2025-11-08,0.0158,1
ORD-2025-045279,CUST-11510,2025-11-12,0.0808,1
ORD-2025-045280,CUST-07348,2025-11-27,0.0678,3
ORD-2025-045281,CUST-11263,2025-11-26,0.3706,2
ORD-2025-045282,CUST-09253,2025-11-14,0.0774,1
ORD-2025-045283,CUST-06734,2025-11-05,0.0701,2
ORD-2025-045284,CUST-10036,2025-11-07,0.1195,2
ORD-2025-045285,CUST-09961,2025-11-18,0.0689,2
ORD-2025-045286,CUST-06208,2025-11-20,0.0578,2
ORD-2025-045287,CUST-10957,2025-11-11,0.1679,1
ORD-2025-045288,CUST-05544,2025-11-17,0.0371,1
ORD-2025-045289,CUST-08767,2025-11-14,0.0512,4
ORD-2025-045290,CUST-01086,2025-11-22,0.0467,1
ORD-2025-045291,CUST-07592,2025-11-14,0.0815,3
ORD-2025-045292,CUST-06109,2025-11-26,0.037,3
ORD-2025-045293,CUST-13194,2025-11-26,0.358,1
ORD-2025-045294,CUST-07058,2025-11-26,0.1811,1
ORD-2025-045295,CUST-11994,2025-11-08,0.3551,2
ORD-2025-045296,CUST-10025,2025-11-25,0.0605,1
ORD-2025-045297,CUST-13551,2025-11-03,0.0313,3
ORD-2025-045298,CUST-11399,2025-11-16,0.0763,2
ORD-2025-045299,CUST-03854,2025-11-06,0.1332,4
ORD-2025-045300,CUST-04005,2025-11-21,0.0947,5
ORD-2025-045301,CUST-02790,2025-11-01,0.0222,2
ORD-2025-045302,CUST-10324,2025-11-07,0.1416,1
ORD-2025-045303,CUST-04692,2025-11-25,0.55,2
ORD-2025-045304,CUST-10007,2025-11-21,0.1012,1
ORD-2025-045305,CUST-04332,2025-11-14,0.1357,1
ORD-2025-045306,CUST-02870,2025-11-26,0.1088,1
ORD-2025-045307,CUST-03795,2025-11-11,0.0731,1
ORD-2025-045308,CUST-12240,2025-11-08,0.2989,2
ORD-2025-045309,CUST-08767,2025-11-02,0.0431,1
ORD-2025-045310,CUST-01308,2025-11-03,0.1324,2
ORD-2025-045311,CUST-06470,2025-11-18,0.1645,1
ORD-2025-045312,CUST-09069,2025-11-19,0.128,3
ORD-2025-045313,CUST-03156,2025-11-15,0.0484,3
ORD-2025-045314,CUST-09414,2025-11-23,0.3312,3
ORD-2025-045315,CUST-03178,2025-11-05,0.4006,1
ORD-2025-045316,CUST-00472,2025-11-18,0.1982,1
ORD-2025-045317,CUST-07301,2025-11-13,0.0189,2
ORD-2025-045318,CUST-00759,2025-11-10,0.0791,2
ORD-2025-045319,CUST-10458,2025-11-29,0.1914,2
ORD-2025-045320,CUST-02110,2025-11-16,0.0412,1
ORD-2025-045321,CUST-00835,2025-11-26,0.1986,1
ORD-2025-045322,CUST-04862,2025-11-13,0.1601,3
ORD-2025-045323,CUST-04022,2025-11-11,0.2489,1
ORD-2025-045324,CUST-07269,2025-11-12,0.2746,1
ORD-2025-045325,CUST-12827,2025-11-26,0.0317,1
ORD-2025-045326,CUST-05902,2025-11-16,0.2014,1
ORD-2025-045327,,2025-11-22,0.0089,1
ORD-2025-045328,CUST-05220,2025-11-12,0.0138,1
ORD-2025-045329,CUST-01997,2025-11-15,0.113,1
ORD-2025-045330,CUST-07157,2025-11-03,0.0216,3
ORD-2025-045331,CUST-00382,2025-11-11,0.0126,1
ORD-2025-045332,CUST-04723,2025-11-06,0.0916,1
ORD-2025-045333,CUST-06790,2025-11-27,0.0122,3
ORD-2025-045334,CUST-00910,2025-11-18,0.1362,2
ORD-2025-045335,CUST-07125,2025-11-04,0.0543,1
ORD-2025-045336,CUST-13095,2025-11-03,0.0866,3
ORD-2025-045337,CUST-13651,2025-11-01,0.322,1
ORD-2025-045338,CUST-06583,2025-11-15,0.1076,3
ORD-2025-045339,CUST-09379,2025-11-30,0.55,1
ORD-2025-045340,CUST-12951,2025-11-27,0.4711,1
ORD-2025-045341,CUST-01846,2025-11-21,0.0443,2
ORD-2025-045342,CUST-08367,2025-11-12,0.276,1
ORD-2025-045343,CUST-11393,2025-11-27,0.2432,1
ORD-2025-045344,CUST-13135,2025-11-20,0.267,1
ORD-2025-045345,CUST-02110,2025-11-02,0.0683,1
ORD-2025-045346,CUST-04877,2025-11-27,0.1788,2
ORD-2025-045347,CUST-10592,2025-11-09,0.0707,1
ORD-2025-045348,CUST-06419,2025-11-01,0.0723,1
ORD-2025-045349,CUST-00462,2025-11-29,0.0681,3
ORD-2025-045350,CUST-02301,2025-11-13,0.0699,2
ORD-2025-045351,CUST-05427,2025-11-01,0.042,1
ORD-2025-045352,CUST-03854,2025-11-20,0.0689,1
ORD-2025-045353,CUST-07641,2025-11-13,0.117,1
ORD-2025-045354,CUST-08442,2025-11-02,0.028,1
ORD-2025-045355,CUST-12635,2025-11-25,0.3133,1
ORD-2025-045356,CUST-12737,2025-11-17,0.0177,1
ORD-2025-045357,CUST-08850,2025-11-16,0.1291,2
ORD-2025-045358,CUST-04270,2025-11-05,0.0798,2
ORD-2025-045359,CUST-02881,2025-11-28,0.0903,1
ORD-2025-045360,CUST-02003,2025-11-21,0.0153,1
ORD-2025-045361,CUST-06586,2025-11-23,0.3515,1
ORD-2025-045362,CUST-12643,2025-11-13,0.0427,3
ORD-2025-045363,CUST-12642,2025-11-28,0.1489,1
ORD-2025-045364,CUST-07649,2025-11-23,0.175,1
ORD-2025-045365,CUST-05723,2025-11-03,0.0188,1
ORD-2025-045366,CUST-11198,2025-11-23,0.0421,2
ORD-2025-045367,CUST-02341,2025-11-27,0.0748,1
ORD-2025-045368,CUST-12821,2025-11-27,0.0227,2
ORD-2025-045369,CUST-09638,2025-11-30,0.3088,1
ORD-2025-045370,CUST-04358,2025-11-02,0.398,1
ORD-2025-045371,CUST-10647,2025-11-25,0.36,2
ORD-2025-045372,CUST-02936,2025-11-14,0.172,1
ORD-2025-045373,CUST-11877,2025-11-20,0.1087,2
ORD-2025-045374,CUST-11330,2025-11-10,0.0785,3
ORD-2025-045375,CUST-02838,2025-11-13,0.1561,1
ORD-2025-045376,CUST-08806,2025-11-22,0.2042,2
ORD-2025-045377,CUST-07182,2025-11-12,0.0269,2
ORD-2025-045378,CUST-09818,2025-11-26,0.2227,1
ORD-2025-045379,CUST-00840,2025-11-01,0.0449,1
ORD-2025-045380,CUST-04053,2025-11-25,0.1205,3
ORD-2025-045381,CUST-09840,2025-11-12,0.0436,2
ORD-2025-045382,CUST-12825,2025-11-03,0.1629,2
ORD-2025-045383,CUST-09335,2025-11-02,0.0621,1
ORD-2025-045384,CUST-05659,2025-11-15,0.0331,1
ORD-2025-045385,CUST-10314,2025-11-30,0.0832,1
ORD-2025-045386,CUST-00239,2025-11-17,0.1036,1
ORD-2025-045387,CUST-02246,2025-11-20,0.067,1
ORD-2025-045388,,2025-11-22,0.1161,1
ORD-2025-045389,CUST-03677,2025-11-25,0.0995,2
ORD-2025-045390,CUST-04607,2025-11-07,0.0118,1
ORD-2025-045391,CUST-11243,2025-11-24,0.1091,1
ORD-2025-045392,CUST-07433,2025-11-05,0.1109,3
ORD-2025-045393,CUST-08069,2025-11-09,0.1136,2
ORD-2025-045394,CUST-08015,2025-11-28,0.0304,2
ORD-2025-045395,CUST-03252,2025-11-06,0.5123,1
ORD-2025-045396,CUST-03035,2025-11-11,0.1577,2
ORD-2025-045397,CUST-08433,2025-11-20,0.0044,1
ORD-2025-045398,CUST-02626,,0.0555,4
ORD-2025-045399,CUST-01958,2025-11-11,0.0843,1
ORD-2025-045400,CUST-04525,2025-11-06,0.021,1
ORD-2025-045401,CUST-11073,2025-11-03,0.1199,1
ORD-2025-045402,CUST-09387,2025-11-12,0.0492,4
ORD-2025-045403,CUST-03476,2025-11-26,0.2153,2
ORD-2025-045404,CUST-05932,2025-11-10,0.233,1
ORD-2025-045405,CUST-10240,2025-11-01,0.0932,1
ORD-2025-045406,CUST-12884,2025-11-21,0.2143,2
ORD-2025-045407,CUST-12107,2025-11-02,0.1482,3
ORD-2025-045408,CUST-12441,2025-11-17,0.1026,3
ORD-2025-045409,CUST-13780,2025-11-10,0.1209,4
ORD-2025-045410,CUST-01394,2025-11-16,0.0756,1
ORD-2025-045411,CUST-05759,2025-11-01,0.0616,2
ORD-2025-045412,CUST-00464,2025-11-30,0.3677,1
ORD-2025-045413,CUST-02669,2025-11-27,0.0172,1
ORD-2025-045414,CUST-01841,2025-11-11,0.3246,1
ORD-2025-045415,CUST-11973,2025-11-01,0.1483,1
ORD-2025-045416,CUST-07370,2025-11-12,0.0556,3
ORD-2025-045417,CUST-03866,2025-11-04,0.1323,3
ORD-2025-045418,CUST-08329,2025-11-04,0.0145,1
ORD-2025-045419,CUST-05459,2025-11-23,0.0252,3
ORD-2025-045420,CUST-13171,2025-11-02,0.0396,1
ORD-2025-045421,CUST-08101,2025-11-13,0.55,2
ORD-2025-045422,CUST-09126,2025-11-04,0.0382,1
ORD-2025-045423,CUST-08298,2025-11-21,0.0371,2
ORD-2025-045424,CUST-11322,2025-11-12,0.0184,1
ORD-2025-045425,CUST-04700,2025-11-26,0.5036,1
ORD-2025-045426,CUST-12050,2025-11-14,0.1009,1
ORD-2025-045427,CUST-07463,2025-11-23,0.0172,1
ORD-2025-045428,CUST-10639,2025-11-07,0.095,1
ORD-2025-045429,CUST-13241,2025-11-08,0.1006,1
ORD-2025-045430,CUST-12470,2025-11-07,0.082,1
ORD-2025-045431,CUST-03120,2025-11-15,0.1616,1
ORD-2025-045432,CUST-04762,2025-11-18,0.1601,1
ORD-2025-045433,CUST-02600,2025-11-15,0.055,3
ORD-2025-045434,CUST-07871,2025-11-05,0.0189,1
ORD-2025-045435,CUST-10151,2025-11-16,0.0898,1
ORD-2025-045436,CUST-06956,2025-11-16,0.0676,1
ORD-2025-045437,CUST-06446,2025-11-19,0.101,1
ORD-2025-045438,CUST-10201,2025-11-05,0.0312,1
ORD-2025-045439,CUST-11637,2025-11-10,0.4814,1
ORD-2025-045440,CUST-06487,2025-11-21,0.0396,1
ORD-2025-045441,CUST-06459,2025-11-01,0.2111,1
ORD-2025-045442,CUST-05827,2025-11-22,0.1502,1
ORD-2025-045443,CUST-09916,2025-11-30,0.0183,1
ORD-2025-045444,CUST-13298,2025-11-21,0.1149,2
ORD-2025-045445,CUST-00177,2025-11-27,0.2827,1
ORD-2025-045446,CUST-11951,2025-11-17,0.1192,1
ORD-2025-045447,CUST-03924,2025-11-29,0.016,1
ORD-2025-045448,CUST-09457,2025-11-04,0.0508,1
ORD-2025-045449,CUST-05995,2025-11-10,0.0224,2
ORD-2025-045450,CUST-04680,2025-11-13,0.0927,1
ORD-2025-045451,CUST-06815,2025-11-23,0.55,1
ORD-2025-045452,CUST-08428,2025-11-02,0.1809,3
ORD-2025-045453,CUST-09698,2025-11-30,0.0422,2
ORD-2025-045454,CUST-00418,2025-11-03,0.1442,1
ORD-2025-045455,CUST-06009,2025-11-22,0.55,1
ORD-2025-045456,CUST-06513,2025-11-05,0.0334,1
ORD-2025-045457,CUST-02962,2025-11-30,0.0439,1
ORD-2025-045458,CUST-04098,2025-11-16,0.0126,1
ORD-2025-045459,CUST-05110,2025-11-12,0.327,1
ORD-2025-045460,CUST-01229,2025-11-27,0.2119,1
ORD-2025-045461,CUST-09318,2025-11-18,0.0467,1
ORD-2025-045462,CUST-08133,2025-11-16,0.0203,2
ORD-2025-045463,CUST-07313,2025-11-11,0.1137,3
ORD-2025-045464,CUST-06790,2025-11-13,0.0186,2
ORD-2025-045465,CUST-11131,2025-11-07,0.0173,1
ORD-2025-045466,CUST-03643,2025-11-19,0.3486,1
ORD-2025-045467,CUST-11201,2025-11-06,0.0795,1
ORD-2025-045468,CUST-02834,2025-11-09,0.0372,2
ORD-2025-045469,CUST-10864,2025-11-15,0.0571,1
ORD-2025-045470,CUST-02368,2025-11-15,0.0443,1
ORD-2025-045471,CUST-07802,2025-11-18,0.0131,1
ORD-2025-045472,CUST-04024,2025-11-04,0.1159,1
ORD-2025-045473,CUST-12634,2025-11-26,0.0371,2
ORD-2025-045474,CUST-11676,2025-11-23,0.0223,1
ORD-2025-045475,CUST-05168,2025-11-25,0.1331,1
ORD-2025-045476,CUST-13155,2025-11-07,0.0487,1
ORD-2025-045477,CUST-03490,2025-11-20,0.2229,1
ORD-2025-045478,CUST-05808,2025-11-12,0.0458,1
ORD-2025-045479,CUST-06825,2025-11-21,0.113,1
ORD-2025-045480,CUST-10593,2025-11-05,0.4252,1
ORD-2025-045481,CUST-09786,2025-11-06,0.3785,1
ORD-2025-045482,CUST-05130,2025-11-25,0.1066,3
ORD-2025-045483,CUST-03213,2025-11-03,0.2409,1
ORD-2025-045484,CUST-08931,2025-11-28,0.1567,1
ORD-2025-045485,CUST-00836,2025-11-14,0.1112,3
ORD-2025-045486,CUST-05653,2025-11-02,0.0151,3
ORD-2025-045487,CUST-02389,2025-11-15,0.1434,2
ORD-2025-045488,CUST-01483,2025-11-16,0.3371,1
ORD-2025-045489,CUST-08053,2025-11-27,0.2467,2
ORD-2025-045490,CUST-07390,2025-11-28,0.0728,2
ORD-2025-045491,CUST-09841,2025-11-05,0.0639,2
ORD-2025-045492,CUST-03945,2025-11-06,0.2378,1
ORD-2025-045493,CUST-07639,2025-11-29,0.0978,1
ORD-2025-045494,CUST-06341,2025-11-02,0.1161,3
ORD-2025-045495,CUST-10837,2025-11-18,0.1258,3
ORD-2025-045496,CUST-03890,2025-11-20,0.0199,1
ORD-2025-045497,CUST-06992,2025-11-09,0.1141,1
ORD-2025-045498,CUST-07368,2025-11-28,0.1764,4
ORD-2025-045499,CUST-07609,2025-11-17,0.55,1
ORD-2025-045500,CUST-06059,2025-11-19,0.0986,3
ORD-2025-045501,CUST-06059,2025-11-04,0.0788,2
ORD-2025-045502,CUST-00407,2025-11-17,0.0207,4
ORD-2025-045503,CUST-07752,2025-11-30,0.0513,1
ORD-2025-045504,CUST-02191,2025-11-03,0.1312,1
ORD-2025-045505,CUST-10142,2025-11-15,0.0166,1
ORD-2025-045506,CUST-03216,2025-11-01,0.1246,2
ORD-2025-045507,CUST-04908,2025-11-04,0.0402,1
ORD-2025-045508,CUST-02368,2025-11-28,0.0502,4
ORD-2025-045509,CUST-03626,2025-11-11,0.0719,1
ORD-2025-045510,CUST-09256,2025-11-18,0.3531,1
ORD-2025-045511,CUST-01577,2025-11-28,0.0841,1
ORD-2025-045512,CUST-02797,2025-11-28,0.0146,1
ORD-2025-045513,CUST-04270,2025-11-19,0.0806,2
ORD-2025-045514,CUST-13253,2025-11-03,0.1435,1
ORD-2025-045515,CUST-07890,2025-11-27,0.1435,1
ORD-2025-045516,CUST-11753,2025-11-02,0.1351,3
ORD-2025-045517,CUST-05076,2025-11-30,0.0636,1
ORD-2025-045518,CUST-05004,2025-11-08,0.0856,2
ORD-2025-045519,CUST-12180,2025-11-23,0.1863,2
ORD-2025-045520,CUST-05819,2025-11-22,0.0816,1
ORD-2025-045521,CUST-03386,2025-11-08,0.0691,1
ORD-2025-045522,CUST-04482,2025-11-19,0.0647,1
ORD-2025-045523,CUST-13075,2025-11-26,0.0367,3
ORD-2025-045524,CUST-06659,2025-11-27,0.1461,1
ORD-2025-045525,CUST-11458,2025-11-21,0.0973,2
ORD-2025-045526,CUST-01909,2025-11-12,0.1669,1
ORD-2025-045527,CUST-08535,2025-11-06,0.2571,2
ORD-2025-045528,CUST-12697,2025-11-21,0.3927,2
ORD-2025-045529,CUST-00413,2025-11-13,0.018,1
ORD-2025-045530,CUST-09282,2025-11-05,0.0431,1
ORD-2025-045531,CUST-05950,2025-11-07,0.0629,1
ORD-2025-045532,CUST-10576,2025-11-06,0.0729,1
ORD-2025-045533,CUST-09211,2025-11-02,0.1167,3
ORD-2025-045534,CUST-06185,2025-11-01,0.2083,2
ORD-2025-045535,CUST-09253,2025-11-12,0.0922,4
ORD-2025-045536,CUST-00972,2025-11-27,0.1138,1
ORD-2025-045537,CUST-00226,2025-11-21,0.0119,1
ORD-2025-045538,CUST-07160,2025-11-15,0.0283,1
ORD-2025-045539,CUST-09968,2025-11-07,0.0675,2
ORD-2025-045540,CUST-12756,2025-11-30,0.2382,1
ORD-2025-045541,CUST-07802,2025-11-10,0.0306,2
ORD-2025-045542,CUST-10704,2025-11-27,0.1408,4
ORD-2025-045543,CUST-11255,2025-11-25,0.0682,1
ORD-2025-045544,CUST-02669,2025-11-21,0.2037,1
ORD-2025-045545,CUST-10923,2025-11-20,0.5317,1
ORD-2025-045546,CUST-06082,2025-11-08,0.1772,1
ORD-2025-045547,CUST-02279,2025-11-06,0.0143,1
ORD-2025-045548,CUST-02834,2025-11-07,0.0801,2
ORD-2025-045549,CUST-00785,2025-11-13,0.0815,3
ORD-2025-045550,CUST-00407,2025-11-26,0.0299,2
ORD-2025-045551,CUST-11759,2025-11-20,0.2792,1
ORD-2025-045552,CUST-03954,2025-11-22,0.0529,3
ORD-2025-045553,CUST-04274,2025-11-05,0.2264,1
ORD-2025-045554,CUST-04462,2025-11-07,0.0283,2
ORD-2025-045555,CUST-12847,2025-11-16,0.0341,1
ORD-2025-045556,CUST-12559,2025-11-21,0.0933,1
ORD-2025-045557,CUST-03035,2025-11-09,0.3845,2
ORD-2025-045558,CUST-11309,2025-11-15,0.0606,1
ORD-2025-045559,CUST-05887,2025-11-03,0.042,1
ORD-2025-045560,CUST-05067,2025-11-12,0.55,1
ORD-2025-045561,CUST-05825,2025-11-12,0.0939,2
ORD-2025-045562,CUST-12295,2025-11-24,0.1158,1
ORD-2025-045563,CUST-06532,2025-11-23,0.0886,3
ORD-2025-045564,CUST-03094,2025-11-10,0.0778,1
ORD-2025-045565,CUST-09981,2025-11-22,0.1232,4
ORD-2025-045566,CUST-11995,2025-11-24,0.3723,2
ORD-2025-045567,CUST-11562,2025-11-10,0.0412,1
ORD-2025-045568,CUST-05487,2025-11-03,0.1934,3
ORD-2025-045569,CUST-05017,2025-11-03,0.0207,1
ORD-2025-045570,CUST-13156,2025-11-13,0.5337,1
ORD-2025-045571,CUST-07436,2025-11-08,0.2078,3
ORD-2025-045572,CUST-07561,2025-11-19,0.0109,1
ORD-2025-045573,CUST-06615,2025-11-22,0.1288,3
ORD-2025-045574,CUST-04657,2025-11-02,0.1978,1
ORD-2025-045575,CUST-09606,2025-11-07,0.0435,1
ORD-2025-045576,CUST-09916,2025-11-04,0.022,1
ORD-2025-045577,CUST-09659,2025-11-01,0.1769,1
ORD-2025-045578,CUST-07157,2025-11-27,0.0251,1
ORD-2025-045579,CUST-11852,2025-11-17,0.05,1
ORD-2025-045580,CUST-00413,2025-11-29,0.0285,3
ORD-2025-045581,CUST-08707,2025-11-03,0.1346,3
ORD-2025-045582,CUST-09170,2025-11-15,0.55,1
ORD-2025-045583,CUST-05717,2025-11-27,0.0829,1
ORD-2025-045584,CUST-13245,2025-11-23,0.0455,1
ORD-2025-045585,CUST-11293,2025-11-29,0.0456,1
ORD-2025-045586,CUST-12501,2025-11-05,0.55,1
ORD-2025-045587,CUST-09027,2025-11-15,0.0433,3
ORD-2025-045588,CUST-11652,2025-11-17,0.033,1
ORD-2025-045589,CUST-00049,2025-11-26,0.1299,2
ORD-2025-045590,CUST-07173,2025-11-28,0.0854,5
ORD-2025-045591,CUST-07051,2025-11-01,0.3117,1
ORD-2025-045592,CUST-04856,2025-11-16,0.0554,1
ORD-2025-045593,CUST-05264,2025-11-25,0.0661,1
ORD-2025-045594,CUST-02037,2025-11-29,0.0581,2
ORD-2025-045595,CUST-07452,2025-11-11,0.053,2
ORD-2025-045596,CUST-11992,2025-11-26,0.1572,1
ORD-2025-045597,CUST-02626,2025-11-28,0.0797,4
ORD-2025-045598,CUST-06467,2025-11-28,0.0493,4
ORD-2025-045599,CUST-00818,2025-11-17,0.1646,2
ORD-2025-045600,CUST-01164,2025-11-07,0.0436,3
ORD-2025-045601,CUST-05569,2025-11-10,0.0352,1
ORD-2025-045602,CUST-05014,2025-11-21,0.0971,1
ORD-2025-045603,CUST-01264,2025-11-10,0.2579,1
ORD-2025-045604,CUST-09580,2025-11-21,0.0797,4
ORD-2025-045605,CUST-11042,2025-11-20,0.0515,3
ORD-2025-045606,CUST-05145,2025-11-16,0.2851,2
ORD-2025-045607,CUST-10452,2025-11-12,0.0303,3
ORD-2025-045608,CUST-01641,2025-11-10,0.3171,1
ORD-2025-045609,CUST-11730,2025-11-14,0.0569,2
ORD-2025-045610,CUST-05952,2025-11-22,0.0344,3
ORD-2025-045611,CUST-12851,2025-11-10,0.1422,1
ORD-2025-045612,CUST-10781,2025-11-06,0.187,2
ORD-2025-045613,CUST-01765,2025-11-19,0.0595,3
ORD-2025-045614,CUST-12949,2025-11-24,0.0431,1
ORD-2025-045615,CUST-04676,2025-11-18,0.3564,1
ORD-2025-045616,CUST-00600,2025-11-21,0.066,3
ORD-2025-045617,CUST-11684,2025-11-08,0.0627,1
ORD-2025-045618,CUST-13155,2025-11-12,0.0052,1
ORD-2025-045619,CUST-03586,2025-11-25,0.0062,1
ORD-2025-045620,CUST-09789,2025-11-29,0.1641,1
ORD-2025-045621,CUST-04740,2025-11-09,0.0975,1
ORD-2025-045622,CUST-01831,2025-11-30,0.1611,2
ORD-2025-045623,CUST-02088,2025-11-22,0.1089,2
ORD-2025-045624,CUST-05766,2025-11-14,0.04,1
ORD-2025-045625,CUST-00426,2025-11-17,0.005,1
ORD-2025-045626,CUST-02823,2025-11-18,0.1798,1
ORD-2025-045627,CUST-11869,2025-11-07,0.1356,1
ORD-2025-045628,CUST-06213,2025-11-13,0.1276,1
ORD-2025-045629,CUST-11510,2025-11-20,0.1147,3
ORD-2025-045630,CUST-08113,2025-11-28,0.0652,1
ORD-2025-045631,CUST-08616,2025-11-11,0.0272,1
ORD-2025-045632,CUST-11250,2025-11-13,0.0558,1
ORD-2025-045633,CUST-03376,2025-11-27,0.55,1
ORD-2025-045634,CUST-07014,2025-11-20,0.0813,1
ORD-2025-045635,CUST-01863,2025-11-25,0.1073,1
ORD-2025-045636,CUST-04877,2025-11-26,0.1693,1
ORD-2025-045637,CUST-01164,2025-11-17,0.0665,1
ORD-2025-045638,CUST-00099,2025-11-26,0.0684,1
ORD-2025-045639,CUST-00291,2025-11-24,0.1243,1
ORD-2025-045640,CUST-01746,2025-11-07,0.1055,1
ORD-2025-045641,CUST-05420,2025-11-09,0.0697,4
ORD-2025-045642,CUST-08944,2025-11-21,0.398,1
ORD-2025-045643,CUST-03836,2025-11-24,0.0619,1
ORD-2025-045644,CUST-07035,2025-11-19,0.0374,2
ORD-2025-045645,CUST-10089,2025-11-18,0.2527,2
ORD-2025-045646,CUST-03677,2025-11-24,0.1528,1
ORD-2025-045647,CUST-02600,2025-11-15,0.0291,1
ORD-2025-045648,CUST-02821,2025-11-22,0.0924,1
ORD-2025-045649,CUST-03964,2025-11-09,0.2949,1
ORD-2025-045650,CUST-12614,2025-11-03,0.185,1
ORD-2025-045651,CUST-00779,2025-11-06,0.2337,2
ORD-2025-045652,CUST-02072,2025-11-07,0.1288,1
ORD-2025-045653,CUST-05577,2025-11-24,0.0956,1
ORD-2025-045654,CUST-00382,2025-11-20,0.1084,2
ORD-2025-045655,CUST-11835,2025-11-21,0.3201,3
ORD-2025-045656,CUST-06795,2025-11-23,0.0189,1
ORD-2025-045657,CUST-09716,2025-11-03,0.0478,1
ORD-2025-045658,CUST-01308,2025-11-26,0.3197,1
ORD-2025-045659,CUST-08830,2025-11-10,0.011,2
ORD-2025-045660,CUST-12808,2025-11-23,0.0109,1
ORD-2025-045661,CUST-02585,2025-11-24,0.1367,4
ORD-2025-045662,CUST-08901,2025-11-23,0.0295,3
ORD-2025-045663,CUST-02636,2025-11-17,0.0478,1
ORD-2025-045664,CUST-01285,2025-11-06,0.1666,1
ORD-2025-045665,CUST-08714,2025-11-20,0.0604,2
ORD-2025-045666,CUST-04560,2025-11-01,0.0823,3
ORD-2025-045667,CUST-01292,2025-11-06,0.0186,1
ORD-2025-045668,CUST-02906,2025-11-01,0.0211,1
ORD-2025-045669,CUST-10049,2025-11-17,0.0357,1
ORD-2025-045670,CUST-06447,2025-11-17,0.309,2
ORD-2025-045671,CUST-11469,2025-11-23,0.1641,2
ORD-2025-045672,CUST-04235,2025-11-24,0.3408,3
ORD-2025-045673,CUST-13223,2025-11-30,0.2258,3
ORD-2025-045674,CUST-03949,2025-11-07,0.2527,2
ORD-2025-045675,CUST-04170,2025-11-17,0.2494,1
ORD-2025-045676,CUST-06153,2025-11-03,0.1895,1
ORD-2025-045677,CUST-13469,2025-11-29,0.3024,1
ORD-2025-045678,CUST-12186,2025-11-22,0.0049,1
ORD-2025-045679,CUST-02085,2025-11-22,0.0587,1
ORD-2025-045680,CUST-13245,2025-11-20,0.1744,1
ORD-2025-045681,CUST-02813,2025-11-14,0.2521,1
ORD-2025-045682,CUST-10516,2025-11-07,0.0483,1
ORD-2025-045683,CUST-12454,2025-11-16,0.1643,1
ORD-2025-045684,CUST-05339,2025-11-23,0.1125,1
ORD-2025-045685,CUST-02521,2025-11-13,0.5315,2
ORD-2025-045686,CUST-04499,2025-11-10,0.0167,1
ORD-2025-045687,CUST-08547,2025-11-10,0.0836,2
ORD-2025-045688,CUST-08168,2025-11-28,0.55,1
ORD-2025-045689,CUST-12344,2025-11-28,0.079,2
ORD-2025-045690,CUST-07113,2025-11-27,0.0355,1
ORD-2025-045691,CUST-05390,2025-11-10,0.1507,1
ORD-2025-045692,CUST-04872,2025-11-13,0.332,2
ORD-2025-045693,CUST-02669,2025-11-29,0.0949,1
ORD-2025-045694,CUST-07516,2025-11-14,0.0513,1
ORD-2025-045695,CUST-08930,2025-11-09,0.185,1
ORD-2025-045696,CUST-00394,2025-11-06,0.1906,2
ORD-2025-045697,CUST-03204,2025-11-10,0.0876,2
ORD-2025-045698,CUST-12864,2025-11-16,0.1988,1
ORD-2025-045699,CUST-00615,2025-11-13,0.206,1
ORD-2025-045700,CUST-05672,2025-11-16,0.045,1
ORD-2025-045701,CUST-01716,2025-11-01,0.1383,1
ORD-2025-045702,CUST-01085,2025-11-26,0.0801,1
ORD-2025-045703,CUST-02644,2025-11-30,0.0627,1
ORD-2025-045704,CUST-01086,2025-11-25,0.0913,1
ORD-2025-045705,CUST-09691,2025-11-24,0.0754,2
ORD-2025-045706,CUST-08817,2025-11-22,0.1495,1
ORD-2025-045707,CUST-02437,2025-11-02,0.0364,2
ORD-2025-045708,CUST-09467,2025-11-18,0.0219,1
ORD-2025-045709,CUST-07560,2025-11-13,0.0299,2
ORD-2025-045710,CUST-08982,2025-11-09,0.0578,2
ORD-2025-045711,CUST-04190,2025-11-01,0.0857,1
ORD-2025-045712,CUST-03872,2025-11-21,0.4794,1
ORD-2025-045713,CUST-10181,2025-11-03,0.0114,1
ORD-2025-045714,CUST-01132,2025-11-30,0.1115,2
ORD-2025-045715,CUST-06959,2025-11-19,0.3357,1
ORD-2025-045716,CUST-05328,2025-11-07,0.0193,1
ORD-2025-045717,CUST-09121,2025-11-25,0.0389,1
ORD-2025-045718,CUST-00301,2025-11-17,0.081,1
ORD-2025-045719,CUST-11750,2025-11-29,0.23,3
ORD-2025-045720,CUST-13171,2025-11-16,0.0485,1
ORD-2025-045721,CUST-03490,2025-11-14,0.0551,1
ORD-2025-045722,CUST-10820,2025-11-30,0.1722,1
ORD-2025-045723,CUST-12601,2025-11-20,0.3856,2
ORD-2025-045724,CUST-09250,2025-11-07,0.0154,1
ORD-2025-045725,CUST-03507,2025-11-19,0.0678,1
ORD-2025-045726,CUST-01436,2025-11-19,0.2335,2
ORD-2025-045727,CUST-05294,2025-11-04,0.0115,1
ORD-2025-045728,CUST-09964,2025-11-01,0.0663,1
ORD-2025-045729,CUST-02190,2025-11-19,0.0295,1
ORD-2025-045730,CUST-00571,2025-11-12,0.0326,3
ORD-2025-045731,CUST-01488,2025-11-22,0.0615,1
ORD-2025-045732,CUST-08015,2025-11-30,0.0314,1
ORD-2025-045733,CUST-13145,2025-11-20,0.55,1
ORD-2025-045734,CUST-11670,2025-11-07,0.1101,1
ORD-2025-045735,CUST-11444,2025-11-29,0.1982,1
ORD-2025-045736,CUST-09533,2025-11-27,0.1471,2
ORD-2025-045737,CUST-06272,2025-11-06,0.0672,1
ORD-2025-045738,CUST-12011,2025-11-17,0.5489,2
ORD-2025-045739,CUST-05952,2025-11-26,0.2149,1
ORD-2025-045740,CUST-05887,2025-11-22,0.0413,1
ORD-2025-045741,CUST-05400,2025-11-12,0.0164,1
ORD-2025-045742,CUST-09858,2025-11-01,0.0839,2
ORD-2025-045743,CUST-11100,2025-11-05,0.0155,1
ORD-2025-045744,CUST-05954,2025-11-06,0.0186,3
ORD-2025-045745,CUST-13682,2025-11-22,0.0422,1
ORD-2025-045746,CUST-05311,2025-11-11,0.1208,1
ORD-2025-045747,CUST-04758,2025-11-24,0.0059,1
ORD-2025-045748,CUST-05699,2025-11-21,0.2472,2
ORD-2025-045749,CUST-02067,2025-11-11,0.0745,1
ORD-2025-045750,CUST-06992,2025-11-20,0.202,1
ORD-2025-045751,CUST-04908,2025-11-25,0.0997,2
ORD-2025-045752,CUST-06059,2025-11-03,0.0733,1
ORD-2025-045753,CUST-09948,2025-11-10,0.0279,1
ORD-2025-045754,CUST-09202,2025-11-17,0.0844,1
ORD-2025-045755,CUST-06931,2025-11-19,0.014,1
ORD-2025-045756,CUST-10201,2025-11-27,0.156,1
ORD-2025-045757,CUST-02476,2025-11-08,0.0749,1
ORD-2025-045758,CUST-05904,2025-11-18,0.0206,2
ORD-2025-045759,CUST-00784,2025-11-05,0.054,1
ORD-2025-045760,CUST-08488,2025-11-18,0.1131,1
ORD-2025-045761,CUST-12518,2025-11-14,0.55,1
ORD-2025-045762,CUST-06680,2025-11-29,0.2405,1
ORD-2025-045763,CUST-03457,2025-11-18,0.1207,2
ORD-2025-045764,CUST-07524,2025-11-27,0.123,1
ORD-2025-045765,CUST-00291,2025-11-20,0.1,1
ORD-2025-045766,CUST-10513,2025-11-09,0.044,2
ORD-2025-045767,CUST-01783,2025-11-08,0.0283,1
ORD-2025-045768,CUST-10499,2025-11-07,0.2276,2
ORD-2025-045769,CUST-11355,2025-11-09,0.1476,2
ORD-2025-045770,CUST-07212,2025-11-13,0.069,1
ORD-2025-045771,CUST-01012,2025-11-07,0.1551,2
ORD-2025-045772,CUST-07348,2025-11-05,0.1143,4
ORD-2025-045773,CUST-06234,2025-11-04,0.2052,1
ORD-2025-045774,CUST-11100,2025-11-27,0.0115,1
ORD-2025-045775,CUST-10943,2025-11-21,0.0241,1
ORD-2025-045776,CUST-08075,2025-11-14,0.0625,1
ORD-2025-045777,CUST-00444,2025-11-05,0.4343,1
ORD-2025-045778,CUST-02116,2025-11-17,0.0222,2
ORD-2025-045779,CUST-00458,2025-11-26,0.0809,1
ORD-2025-045780,CUST-12643,2025-11-17,0.0287,3
ORD-2025-045781,CUST-12204,2025-11-17,0.029,2
ORD-2025-045782,CUST-07450,2025-11-16,0.0974,2
ORD-2025-045783,CUST-06873,2025-11-14,0.0316,1
ORD-2025-045784,CUST-01390,2025-11-12,0.0422,2
ORD-2025-045785,CUST-02835,2025-11-24,0.116,1
ORD-2025-045786,CUST-00699,2025-11-27,0.0474,3
ORD-2025-045787,CUST-03520,2025-11-02,0.095,1
ORD-2025-045788,CUST-08490,2025-11-07,0.1669,3
ORD-2025-045789,CUST-10125,2025-11-18,0.0625,3
ORD-2025-045790,CUST-06454,2025-11-23,0.1604,1
ORD-2025-045791,CUST-01060,2025-11-12,0.058,2
ORD-2025-045792,CUST-00023,2025-11-26,0.0878,1
ORD-2025-045793,CUST-06126,2025-11-21,0.0866,1
ORD-2025-045794,CUST-00690,2025-11-01,0.0453,2
ORD-2025-045795,CUST-12949,2025-11-18,0.1351,1
ORD-2025-045796,CUST-01504,2025-11-27,0.549,1
ORD-2025-045797,CUST-09267,2025-11-19,0.0864,1
ORD-2025-045798,CUST-11042,2025-11-04,0.0121,1
ORD-2025-045799,CUST-05676,2025-11-30,0.1189,3
ORD-2025-045800,CUST-04368,2025-11-13,0.0923,1
ORD-2025-045801,CUST-04916,2025-11-07,0.0747,2
ORD-2025-045802,CUST-04920,,0.0507,3
ORD-2025-045803,CUST-12937,2025-11-12,0.0721,1
ORD-2025-045804,CUST-09368,2025-11-10,0.023,1
ORD-2025-045805,CUST-04841,2025-11-09,0.0648,1
ORD-2025-045806,CUST-13430,2025-11-06,0.1413,2
ORD-2025-045807,CUST-12944,2025-11-04,0.0069,1
ORD-2025-045808,CUST-09803,2025-11-04,0.1126,3
ORD-2025-045809,CUST-03681,2025-11-07,0.103,1
ORD-2025-045810,CUST-02924,2025-11-24,0.0622,3
ORD-2025-045811,CUST-00218,2025-11-09,0.0149,1
ORD-2025-045812,CUST-10815,2025-11-26,0.2041,2
ORD-2025-045813,CUST-00362,2025-11-19,0.0661,1
ORD-2025-045814,CUST-11176,2025-11-04,0.486,1
ORD-2025-045815,CUST-03560,2025-11-16,0.0237,1
ORD-2025-045816,CUST-10711,2025-11-17,0.0122,1
ORD-2025-045817,CUST-05235,2025-11-06,0.1179,1
ORD-2025-045818,CUST-06011,2025-11-14,0.1117,1
ORD-2025-045819,CUST-13155,2025-11-02,0.0687,4
ORD-2025-045820,CUST-09267,2025-11-05,0.1031,2
ORD-2025-045821,CUST-00456,2025-11-05,0.0763,2
ORD-2025-045822,CUST-11309,,0.0191,1
ORD-2025-045823,CUST-11692,2025-11-09,0.0527,1
ORD-2025-045824,CUST-02374,2025-11-09,0.0181,1
ORD-2025-045825,CUST-04680,2025-11-24,0.3879,1
ORD-2025-045826,CUST-09595,2025-11-03,0.1912,1
ORD-2025-045827,CUST-12928,2025-11-25,0.1042,1
ORD-2025-045828,CUST-02681,2025-11-14,0.0061,1
ORD-2025-045829,CUST-09239,2025-11-29,0.1209,2
ORD-2025-045830,CUST-02852,2025-11-10,0.022,1
ORD-2025-045831,CUST-10655,2025-11-10,0.3466,2
ORD-2025-045832,CUST-08393,2025-11-30,0.0384,2
ORD-2025-045833,CUST-04450,2025-11-18,0.1495,4
ORD-2025-045834,CUST-13584,2025-11-15,0.1902,1
ORD-2025-045835,CUST-13457,2025-11-28,0.113,1
ORD-2025-045836,CUST-08515,2025-11-22,0.0138,1
ORD-2025-045837,CUST-11606,2025-11-18,0.4094,1
ORD-2025-045838,CUST-06394,2025-11-04,0.155,1
ORD-2025-045839,CUST-09631,2025-11-28,0.0985,1
ORD-2025-045840,CUST-03270,2025-11-12,0.0643,1
ORD-2025-045841,CUST-10253,2025-11-02,0.0379,2
ORD-2025-045842,CUST-11670,2025-11-06,0.0584,1
ORD-2025-045843,CUST-12019,2025-11-27,0.2933,1
ORD-2025-045844,CUST-09522,2025-11-26,0.1585,3
ORD-2025-045845,CUST-08306,2025-11-17,0.2573,3
ORD-2025-045846,CUST-03257,2025-11-03,0.2627,1
ORD-2025-045847,CUST-05199,2025-11-08,0.1752,3
ORD-2025-045848,CUST-10064,2025-11-07,0.4265,1
ORD-2025-045849,CUST-07761,2025-11-17,0.1257,1
ORD-2025-045850,CUST-13429,2025-11-24,0.0676,1
ORD-2025-045851,CUST-06713,2025-11-01,0.0705,1
ORD-2025-045852,CUST-08180,2025-11-05,0.0737,1
ORD-2025-045853,CUST-13457,2025-11-29,0.1952,2
ORD-2025-045854,CUST-09089,2025-11-02,0.118,4
ORD-2025-045855,CUST-06327,2025-11-27,0.0523,1
ORD-2025-045856,CUST-08691,2025-11-17,0.0849,1
ORD-2025-045857,CUST-09928,2025-11-02,0.1065,1
ORD-2025-045858,CUST-12314,2025-11-03,0.0411,1
ORD-2025-045859,CUST-10185,2025-11-14,0.0936,2
ORD-2025-045860,CUST-08524,2025-11-20,0.0838,2
ORD-2025-045861,CUST-08532,2025-11-15,0.1953,3
ORD-2025-045862,CUST-11005,2025-11-03,0.0826,1
ORD-2025-045863,CUST-07965,2025-11-06,0.2343,1
ORD-2025-045864,CUST-11178,2025-11-23,0.4755,2
ORD-2025-045865,CUST-10131,2025-11-10,0.0296,1
ORD-2025-045866,CUST-00689,2025-11-23,0.1143,1
ORD-2025-045867,CUST-04521,2025-11-03,0.0178,2
ORD-2025-045868,CUST-06943,2025-11-17,0.0437,1
ORD-2025-045869,CUST-04749,2025-11-28,0.2121,1
ORD-2025-045870,CUST-04534,2025-11-12,0.0485,4
ORD-2025-045871,CUST-02404,2025-11-08,0.0482,1
ORD-2025-045872,CUST-01315,2025-11-25,0.1439,1
ORD-2025-045873,CUST-00641,2025-11-29,0.0679,3
ORD-2025-045874,CUST-08830,2025-11-24,0.019,2
ORD-2025-045875,CUST-10026,2025-11-29,0.0598,2
ORD-2025-045876,CUST-13364,2025-11-18,0.0534,1
ORD-2025-045877,CUST-10945,2025-11-04,0.5113,1
ORD-2025-045878,CUST-03883,2025-11-14,0.0326,3
ORD-2025-045879,CUST-07711,2025-11-27,0.0475,2
ORD-2025-045880,CUST-01308,2025-11-12,0.1958,2
ORD-2025-045881,CUST-09389,2025-11-26,0.0685,1
ORD-2025-045882,CUST-08129,2025-11-06,0.1602,1
ORD-2025-045883,CUST-01923,2025-11-29,0.0167,1
ORD-2025-045884,CUST-07667,2025-11-03,0.0177,2
ORD-2025-045885,CUST-06466,2025-11-11,0.161,1
ORD-2025-045886,CUST-05887,2025-11-05,0.0601,4
ORD-2025-045887,CUST-04750,2025-11-09,0.0839,1
ORD-2025-045888,CUST-12908,2025-11-21,0.0293,3
ORD-2025-045889,CUST-03408,2025-11-05,0.1016,1
ORD-2025-045890,CUST-02007,2025-11-05,0.2317,1
ORD-2025-045891,CUST-03439,2025-11-16,0.1171,1
ORD-2025-045892,CUST-03597,2025-11-29,0.1639,1
ORD-2025-045893,CUST-13129,2025-11-20,0.0728,2
ORD-2025-045894,CUST-10592,2025-11-04,0.155,1
ORD-2025-045895,CUST-05764,2025-11-25,0.0641,2
ORD-2025-045896,CUST-10788,2025-11-15,0.0654,2
ORD-2025-045897,CUST-02625,2025-11-27,0.0357,1
ORD-2025-045898,CUST-08304,2025-11-28,0.0197,3
ORD-2025-045899,CUST-07851,2025-11-23,0.3752,1
ORD-2025-045900,CUST-04828,2025-11-18,0.1923,3
ORD-2025-045901,CUST-02596,2025-11-18,0.1209,3
ORD-2025-045902,CUST-09909,2025-11-17,0.1199,2
ORD-2025-045903,CUST-10820,2025-11-27,0.2744,1
ORD-2025-045904,CUST-07454,2025-11-23,0.0743,2
ORD-2025-045905,CUST-09127,2025-11-05,0.0078,1
ORD-2025-045906,CUST-04697,2025-11-20,0.1845,3
ORD-2025-045907,CUST-04822,2025-11-18,0.421,2
ORD-2025-045908,CUST-09874,2025-11-13,0.1616,1
ORD-2025-045909,CUST-11311,2025-11-23,0.0234,1
ORD-2025-045910,CUST-02606,2025-11-25,0.1202,1
ORD-2025-045911,CUST-08046,2025-11-20,0.0516,3
ORD-2025-045912,CUST-02776,2025-11-13,0.0834,1
ORD-2025-045913,CUST-02365,2025-11-10,0.0527,3
ORD-2025-045914,CUST-07302,2025-11-20,0.0909,1
ORD-2025-045915,CUST-04985,2025-11-24,0.1163,3
ORD-2025-045916,CUST-12454,2025-11-26,0.1368,1
ORD-2025-045917,CUST-07585,2025-11-22,0.0486,2
ORD-2025-045918,CUST-09916,2025-11-14,0.0095,1
ORD-2025-045919,CUST-09412,2025-11-04,0.042,2
ORD-2025-045920,CUST-12205,2025-11-22,0.0485,2
ORD-2025-045921,CUST-09401,2025-11-24,0.0728,3
ORD-2025-045922,CUST-01032,2025-11-03,0.5042,2
ORD-2025-045923, CUST-00737 ,2025-11-18,0.1059,1
ORD-2025-045924,CUST-11273,2025-11-07,0.0338,1
ORD-2025-045925,CUST-11852,2025-11-27,0.1109,1
ORD-2025-045926,CUST-12226,2025-11-14,0.1392,1
ORD-2025-045927,CUST-03129,2025-11-11,0.3532,2
ORD-2025-045928,CUST-09078,2025-11-11,0.0708,2
ORD-2025-045929,CUST-03238,2025-11-01,0.0427,1
ORD-2025-045930,CUST-11852,2025-11-30,0.0334,2
ORD-2025-045931,CUST-12171,2025-11-20,0.0451,2
ORD-2025-045932,CUST-02639,2025-11-30,0.0485,2
ORD-2025-045933,CUST-10834,2025-11-17,0.0103,1
ORD-2025-045934,CUST-10760,2025-11-16,0.0395,1
ORD-2025-045935,CUST-08349,2025-11-10,0.0522,2
ORD-2025-045936,CUST-02223,2025-11-20,0.2281,1
ORD-2025-045937,CUST-05825,2025-11-10,0.3109,1
ORD-2025-045938,CUST-12356,2025-11-13,0.0321,2
ORD-2025-045939,CUST-08850,2025-11-16,0.1151,1
ORD-2025-045940,CUST-12568,2025-11-04,0.0949,1
ORD-2025-045941,CUST-08469,2025-11-28,0.0377,1
ORD-2025-045942,CUST-12800,2025-11-21,0.0833,1
ORD-2025-045943,CUST-10838,2025-11-28,0.0961,1
ORD-2025-045944,CUST-11710,2025-11-12,0.173,1
ORD-2025-045945,CUST-02442,2025-11-20,0.3757,1
ORD-2025-045946,CUST-03216,2025-11-12,0.066,1
ORD-2025-045947,CUST-11719,2025-11-05,0.5002,1
ORD-2025-045948,CUST-12150,2025-11-10,0.266,3
ORD-2025-045949,CUST-06639,2025-11-14,0.0361,3
ORD-2025-045950,CUST-07035,2025-11-23,0.0579,1
ORD-2025-045951,CUST-02681,2025-11-02,0.0603,1
ORD-2025-045952,CUST-04729,2025-11-03,0.4444,1
ORD-2025-045953,CUST-00833,2025-11-18,0.3335,1
ORD-2025-045954,CUST-11398,2025-11-11,0.0193,1
ORD-2025-045955,CUST-10066,2025-11-22,0.1007,3
ORD-2025-045956,CUST-01571,2025-11-07,0.025,1
ORD-2025-045957,CUST-09420,2025-11-02,0.1676,2
ORD-2025-045958,CUST-06316,2025-11-15,0.0286,1
ORD-2025-045959,CUST-09975,2025-11-06,0.0429,1
ORD-2025-045960,CUST-11104,2025-11-11,0.1913,1
ORD-2025-045961,CUST-12587,2025-11-20,0.0402,2
ORD-2025-045962,CUST-00903,2025-11-07,0.0647,1
ORD-2025-045963,CUST-01465,2025-11-10,0.1192,1
ORD-2025-045964,CUST-01517,2025-11-02,0.0556,1
ORD-2025-045965,CUST-08273,2025-11-30,0.0235,1
ORD-2025-045966,CUST-07441,2025-11-21,0.0349,1
ORD-2025-045967,CUST-07577,2025-11-10,0.1915,1
ORD-2025-045968,CUST-10056,2025-11-03,0.0667,3
ORD-2025-045969,CUST-12276,2025-11-10,0.026,1
ORD-2025-045970,CUST-10765,2025-11-21,0.0888,1
ORD-2025-045971,CUST-04231,2025-11-27,0.0298,1
ORD-2025-045972,CUST-09707,2025-11-23,0.1989,2
ORD-2025-045973,CUST-11193,2025-11-14,0.111,1
ORD-2025-045974,CUST-13885,2025-11-05,0.1299,2
ORD-2025-045975,CUST-05982,2025-11-28,0.1448,4
ORD-2025-045976,CUST-04266,2025-11-02,0.0642,2
ORD-2025-045977,CUST-02358,2025-11-24,0.0179,1
ORD-2025-045978,CUST-12608,2025-11-25,0.0758,2
ORD-2025-045979,CUST-05264,2025-11-01,0.0868,4
ORD-2025-045980,CUST-13364,2025-11-25,0.0651,2
ORD-2025-045981,CUST-01164,2025-11-23,0.1826,4
ORD-2025-045982,CUST-12397,2025-11-28,0.092,2
ORD-2025-045983,CUST-11672,2025-11-29,0.0585,1
ORD-2025-045984,CUST-07463,2025-11-06,0.0692,1
ORD-2025-045985,CUST-10755,2025-11-27,0.1695,1
ORD-2025-045986,CUST-01689,2025-11-19,0.2809,2
ORD-2025-045987,CUST-04151,2025-11-23,0.0304,2
ORD-2025-045988,CUST-00482,2025-11-21,0.1157,2
ORD-2025-045989,CUST-02816,2025-11-03,0.049,1
ORD-2025-045990,CUST-10146,2025-11-29,0.1731,2
ORD-2025-045991,CUST-12163,2025-11-03,0.179,2
ORD-2025-045992,CUST-11775,2025-11-03,0.1616,3
ORD-2025-045993,CUST-00824,2025-11-08,0.0537,1
ORD-2025-045994,CUST-06918,2025-11-02,0.1099,1
ORD-2025-045995,CUST-13439,2025-11-19,0.0818,1
ORD-2025-045996,CUST-00092,2025-11-14,0.3623,2
ORD-2025-045997,CUST-03216,2025-11-10,0.0917,1
ORD-2025-045998,CUST-08284,2025-11-18,0.0255,1
ORD-2025-045999,CUST-10440,2025-11-01,0.035,2
ORD-2025-046000,CUST-08535,2025-11-20,0.1725,2
ORD-2025-046001,CUST-00493,2025-11-04,0.0711,1
ORD-2025-046002,CUST-01186,2025-11-17,0.0953,1
ORD-2025-046003,CUST-02358,2025-11-12,0.0803,1
ORD-2025-046004,CUST-04033,2025-11-30,0.0476,1
ORD-2025-046005,CUST-00462,2025-11-18,0.0505,4
ORD-2025-046006,CUST-12578,2025-11-29,0.191,1
ORD-2025-046007,CUST-06237,2025-11-06,0.0366,1
ORD-2025-046008,CUST-01049,2025-11-13,0.0128,1
ORD-2025-046009,CUST-02208,2025-11-28,0.0243,1
ORD-2025-046010,CUST-10563,2025-11-24,0.106,1
ORD-2025-046011,CUST-09369,2025-11-20,0.0652,4
ORD-2025-046012,CUST-05825,2025-11-24,0.1144,1
ORD-2025-046013,CUST-13584,2025-11-07,0.0378,3
ORD-2025-046014,CUST-03368,2025-11-17,0.1122,1
ORD-2025-046015,CUST-08129,2025-11-04,0.1011,2
ORD-2025-046016,CUST-07823,2025-11-05,0.0101,1
ORD-2025-046017,CUST-12251,2025-11-06,0.0385,1
ORD-2025-046018,CUST-07262,2025-11-07,0.0774,1
ORD-2025-046019,CUST-03391,2025-11-09,0.0296,1
ORD-2025-046020,CUST-04670,2025-11-23,0.0845,3
ORD-2025-046021,CUST-10241,2025-11-09,0.0283,1
ORD-2025-046022,CUST-01206,2025-11-24,0.0561,1
ORD-2025-046023,CUST-04607,2025-11-14,0.0281,4
ORD-2025-046024,CUST-06894,2025-11-11,0.1595,2
ORD-2025-046025,,2025-11-20,0.1904,1
ORD-2025-046026,CUST-12696,2025-11-17,0.163,3
ORD-2025-046027,CUST-09229,2025-11-19,0.0932,2
ORD-2025-046028,CUST-08222,2025-11-24,0.0677,1
ORD-2025-046029,CUST-05419,2025-11-19,0.0381,4
ORD-2025-046030,CUST-06070,2025-11-12,0.1045,1
ORD-2025-046031,CUST-06487,2025-11-05,0.1761,1
ORD-2025-046032,CUST-11363,2025-11-10,0.0213,2
ORD-2025-046033,CUST-03832,2025-11-30,0.0579,2
ORD-2025-046034,CUST-09938,2025-11-25,0.2189,1
ORD-2025-046035,CUST-10877,2025-11-08,0.0386,1
ORD-2025-046036,CUST-10414,2025-11-08,0.3462,3
ORD-2025-046037,CUST-00564,2025-11-28,0.0394,1
ORD-2025-046038,CUST-02379,2025-11-30,0.1793,2
ORD-2025-046039,CUST-04023,2025-11-22,0.0496,1
ORD-2025-046040,CUST-11160,2025-11-21,0.1212,1
ORD-2025-046041,CUST-10709,2025-11-13,0.1118,2
ORD-2025-046042,CUST-02159,2025-11-20,0.1402,2
ORD-2025-046043,CUST-13032,2025-11-24,0.0253,1
ORD-2025-046044,CUST-12935,2025-11-08,0.2721,1
ORD-2025-046045,CUST-04326,2025-11-08,0.0031,1
ORD-2025-046046,CUST-00273,2025-11-11,0.0399,4
ORD-2025-046047,CUST-12920,2025-11-04,0.0324,2
ORD-2025-046048,CUST-05243,2025-11-14,0.0571,1
ORD-2025-046049,CUST-01599,2025-11-03,0.0387,1
ORD-2025-046050,CUST-05073,2025-11-02,0.0163,1
ORD-2025-046051,CUST-03622,2025-11-02,0.1834,1
ORD-2025-046052,CUST-10756,2025-11-21,0.0314,1
ORD-2025-046053,CUST-09994,2025-11-25,0.0802,1
ORD-2025-046054,CUST-04626,2025-11-19,0.2742,2
ORD-2025-046055,CUST-03987,2025-11-05,0.0719,1
ORD-2025-046056,CUST-05904,2025-11-08,0.019,2
ORD-2025-046057,CUST-11596,2025-11-22,0.2115,2
ORD-2025-046058,CUST-01202,2025-11-16,0.1086,3
ORD-2025-046059,CUST-05008,2025-11-09,0.0874,1
ORD-2025-046060,CUST-01305,2025-11-29,0.1103,1
ORD-2025-046061,CUST-12087,2025-11-18,0.0372,1
ORD-2025-046062,CUST-08988,2025-11-15,0.1037,1
ORD-2025-046063,CUST-00852,2025-11-03,0.5173,1
ORD-2025-046064,CUST-06352,2025-11-29,0.4259,1
ORD-2025-046065,CUST-11527,2025-11-15,0.0383,1
ORD-2025-046066,CUST-11249,2025-11-11,0.0341,1
ORD-2025-046067,CUST-07594,2025-11-21,0.0221,1
ORD-2025-046068,CUST-04368,2025-11-25,0.0664,2
ORD-2025-046069,CUST-10472,2025-11-12,0.0675,1
ORD-2025-046070,CUST-05436,2025-11-27,0.0342,1
ORD-2025-046071,CUST-00078,2025-11-27,0.0588,2
ORD-2025-046072,CUST-05282,2025-11-28,0.0057,1
ORD-2025-046073,CUST-12703,2025-11-21,0.0038,1
ORD-2025-046074,CUST-11633,2025-11-02,0.0126,1
ORD-2025-046075,CUST-08616,2025-11-10,0.084,1
ORD-2025-046076,CUST-09103,2025-11-22,0.0421,1
ORD-2025-046077,,2025-11-08,0.0923,1
ORD-2025-046078,CUST-08535,2025-11-28,0.3158,1
ORD-2025-046079,CUST-01798,2025-11-28,0.0331,2
ORD-2025-046080,CUST-11017,2025-11-26,0.1824,2
ORD-2025-046081,CUST-03832,2025-11-11,0.098,2
ORD-2025-046082,CUST-01439,2025-11-25,0.2948,1
ORD-2025-046083,CUST-07181,2025-11-09,0.0165,3
ORD-2025-046084,CUST-09524,2025-11-12,0.073,1
ORD-2025-046085,CUST-01010,2025-11-07,0.264,1
ORD-2025-046086,CUST-05214,,0.3524,1
ORD-2025-046087,CUST-03775,2025-11-22,0.0904,3
ORD-2025-046088,CUST-03641,2025-11-13,0.1576,2
ORD-2025-046089,CUST-12875,2025-11-12,0.0668,2
ORD-2025-046090,CUST-00458,2025-11-23,0.0773,4
ORD-2025-046091,CUST-11407,2025-11-11,0.088,2
ORD-2025-046092,CUST-11360,2025-11-15,0.177,2
ORD-2025-046093,CUST-02146,2025-11-24,0.0627,1
ORD-2025-046094,CUST-01390,2025-11-12,0.0804,1
ORD-2025-046095,CUST-12587,2025-11-30,0.0298,1
ORD-2025-046096,CUST-08131,2025-11-16,0.1517,1
ORD-2025-046097,CUST-01308,2025-11-06,0.0965,1
ORD-2025-046098,CUST-05328,2025-11-17,0.0158,1
ORD-2025-046099,CUST-02924,2025-11-14,0.0315,3
ORD-2025-046100,CUST-09810,2025-11-08,0.2889,1
ORD-2025-046101,CUST-10977,2025-11-18,0.3529,1
ORD-2025-046102,CUST-09181,2025-11-27,0.0638,2
ORD-2025-046103,CUST-11937,2025-11-29,0.1826,3
ORD-2025-046104,CUST-03725,2025-11-02,0.5047,1
ORD-2025-046105,CUST-07018,2025-11-12,0.1445,1
ORD-2025-046106,CUST-11322,2025-11-22,0.0138,1
ORD-2025-046107,CUST-13138,2025-11-09,0.201,1
ORD-2025-046108,CUST-00858,2025-11-24,0.0807,1
ORD-2025-046109,CUST-08416,2025-11-27,0.2085,1
ORD-2025-046110,CUST-09044,2025-11-21,0.0139,1
ORD-2025-046111,CUST-06326,2025-11-09,0.0536,2
ORD-2025-046112,CUST-07211,2025-11-14,0.0555,1
ORD-2025-046113,CUST-04524,2025-11-21,0.1978,3
ORD-2025-046114,CUST-07181,2025-11-02,0.1488,2
ORD-2025-046115,CUST-09945,2025-11-16,0.5074,2
ORD-2025-046116,CUST-10128,2025-11-20,0.0348,1
ORD-2025-046117,CUST-00930,2025-11-13,0.0057,1
ORD-2025-046118,CUST-08385,2025-11-17,0.1289,3
ORD-2025-046119,CUST-12583,2025-11-15,0.3329,2
ORD-2025-046120,CUST-10834,2025-11-04,0.069,1
ORD-2025-046121,CUST-06784,2025-11-02,0.0571,1
ORD-2025-046122,CUST-05379,2025-11-15,0.2356,1
ORD-2025-046123,CUST-10533,2025-11-06,0.55,1
ORD-2025-046124,CUST-02527,2025-11-05,0.0447,1
ORD-2025-046125,CUST-04266,2025-11-16,0.1313,1
ORD-2025-046126,CUST-00624,2025-11-07,0.0903,3
ORD-2025-046127,CUST-00593,2025-11-30,0.0376,3
ORD-2025-046128,CUST-06413,2025-11-16,0.55,1
ORD-2025-046129,CUST-05413,2025-11-03,0.3396,2
ORD-2025-046130,CUST-08887,2025-11-08,0.1271,1
ORD-2025-046131,CUST-02391,2025-11-21,0.0921,1
ORD-2025-046132,CUST-04920,2025-11-14,0.0991,4
ORD-2025-046133,CUST-03736,2025-11-12,0.0642,4
ORD-2025-046134,CUST-08403,2025-11-17,0.2286,1
ORD-2025-046135,CUST-02164,2025-11-13,0.0253,2
ORD-2025-046136,CUST-01408,2025-11-25,0.3562,2
ORD-2025-046137,CUST-07479,2025-11-09,0.1507,2
ORD-2025-046138,CUST-10089,2025-11-26,0.1344,1
ORD-2025-046139,CUST-01601,2025-11-13,0.047,1
ORD-2025-046140,CUST-13452,2025-11-10,0.1822,2
ORD-2025-046141,CUST-01348,2025-11-06,0.2859,1
ORD-2025-046142,CUST-05987,2025-11-29,0.1872,1
ORD-2025-046143,CUST-11450,2025-11-12,0.1964,1
ORD-2025-046144,CUST-04706,2025-11-04,0.0027,1
ORD-2025-046145,CUST-02384,2025-11-08,0.0425,1
ORD-2025-046146,CUST-01684,2025-11-24,0.0859,2
ORD-2025-046147,CUST-11720,2025-11-25,0.406,1
ORD-2025-046148,CUST-08988,2025-11-12,0.0578,2
ORD-2025-046149,CUST-06877,2025-11-07,0.3664,1
ORD-2025-046150,CUST-08908,2025-11-24,0.027,3
ORD-2025-046151,CUST-05181,2025-11-07,0.0295,1
ORD-2025-046152,CUST-04442,2025-11-14,0.0832,1
ORD-2025-046153,CUST-10626,2025-11-08,0.0681,1
ORD-2025-046154,CUST-07443,2025-11-26,0.0203,1
ORD-2025-046155,CUST-05225,2025-11-26,0.1185,2
ORD-2025-046156,CUST-09535,2025-11-04,0.337,1
ORD-2025-046157,CUST-04644,2025-11-11,0.0407,1
ORD-2025-046158,CUST-10765,2025-11-12,0.1379,1
ORD-2025-046159,CUST-03369,2025-11-20,0.1493,1
ORD-2025-046160,CUST-04701,2025-11-06,0.0796,1
ORD-2025-046161,CUST-07192,2025-11-21,0.0907,2
ORD-2025-046162,CUST-00434,2025-11-07,0.0144,1
ORD-2025-046163,CUST-07085,2025-11-25,0.0716,3
ORD-2025-046164,CUST-02042,2025-11-01,0.045,1
ORD-2025-046165,CUST-09600,2025-11-11,0.1709,2
ORD-2025-046166,CUST-07760,2025-11-23,0.0719,2
ORD-2025-046167,CUST-10144,2025-11-29,0.1148,2
ORD-2025-046168,CUST-02333,2025-11-24,0.0638,1
ORD-2025-046169,CUST-02482,2025-11-04,0.4913,2
ORD-2025-046170,CUST-01530,2025-11-25,0.1218,1
ORD-2025-046171,CUST-08706,2025-11-09,0.1404,1
ORD-2025-046172,CUST-10704,2025-11-25,0.2612,1
ORD-2025-046173,CUST-12974,2025-11-05,0.0711,2
ORD-2025-046174,CUST-02341,2025-11-11,0.0172,1
ORD-2025-046175,CUST-06943,2025-11-13,0.0989,1
ORD-2025-046176,CUST-06016,2025-11-15,0.1316,2
ORD-2025-046177,CUST-08893,2025-11-16,0.0659,1
ORD-2025-046178,CUST-13530,2025-11-24,0.1252,1
ORD-2025-046179,CUST-11397,2025-11-29,0.1305,1
ORD-2025-046180,CUST-07483,2025-11-01,0.0397,1
ORD-2025-046181,CUST-04010,2025-11-13,0.1893,1
ORD-2025-046182,CUST-03738,2025-11-04,0.0647,2
ORD-2025-046183,CUST-03890,2025-11-18,0.0343,3
ORD-2025-046184,CUST-06502,2025-11-21,0.0153,1
ORD-2025-046185,CUST-09755,2025-11-07,0.2013,1
ORD-2025-046186,CUST-07837,2025-11-06,0.1764,2
ORD-2025-046187,CUST-02310,2025-11-01,0.1728,1
ORD-2025-046188,CUST-01278,2025-11-08,0.0919,4
ORD-2025-046189,CUST-08084,,0.1451,1
ORD-2025-046190,CUST-00414,2025-11-26,0.0334,3
ORD-2025-046191,CUST-12981,2025-11-17,0.1426,2
ORD-2025-046192,CUST-13141,2025-11-01,0.0217,1
ORD-2025-046193,CUST-05496,2025-11-19,0.0073,1
ORD-2025-046194,CUST-12033,2025-11-01,0.0316,1
ORD-2025-046195,CUST-00273,2025-11-15,0.0727,3
ORD-2025-046196,CUST-12975,2025-11-18,0.1151,1
ORD-2025-046197,CUST-09138,2025-11-05,0.5018,1
ORD-2025-046198,CUST-02255,2025-11-05,0.0255,1
ORD-2025-046199,CUST-09158,2025-11-19,0.0272,1
ORD-2025-046200,CUST-07834,2025-11-08,0.55,1
ORD-2025-046201,CUST-02471,2025-11-05,0.0742,2
ORD-2025-046202,CUST-11593,2025-11-23,0.0826,1
ORD-2025-046203,CUST-11974,2025-11-07,0.3177,1
ORD-2025-046204,CUST-11270,2025-11-10,0.1037,2
ORD-2025-046205,CUST-06954,2025-11-06,0.0174,1
ORD-2025-046206,CUST-05982,2025-11-21,0.0878,1
ORD-2025-046207,CUST-03378,2025-11-08,0.0107,1
ORD-2025-046208,CUST-03094,2025-11-20,0.129,1
ORD-2025-046209,CUST-08469,2025-11-18,0.0603,1
ORD-2025-046210,CUST-00616,2025-11-22,0.115,3
ORD-2025-046211,CUST-08952,2025-11-29,0.0139,1
ORD-2025-046212,CUST-04202,2025-11-18,0.1585,1
ORD-2025-046213,CUST-08355,2025-11-08,0.0197,1
ORD-2025-046214,CUST-11312,2025-11-11,0.1991,2
ORD-2025-046215,CUST-00096,2025-11-08,0.1777,2
ORD-2025-046216,CUST-02762,2025-11-22,0.0455,1
ORD-2025-046217,CUST-06327,2025-11-25,0.1212,1
ORD-2025-046218,CUST-03204,2025-11-16,0.0601,2
ORD-2025-046219,CUST-09580,2025-11-06,0.0729,4
ORD-2025-046220,CUST-07482,2025-11-19,0.2359,1
ORD-2025-046221,CUST-10082,2025-11-16,0.0577,1
ORD-2025-046222,CUST-02525,2025-11-22,0.1409,1
ORD-2025-046223,CUST-00785,2025-11-19,0.0713,2
ORD-2025-046224,CUST-03373,2025-11-03,0.2554,1
ORD-2025-046225,CUST-00144,2025-11-04,0.0869,2
ORD-2025-046226,CUST-11474,2025-11-25,0.1326,1
ORD-2025-046227,CUST-00674,2025-11-28,0.268,2
ORD-2025-046228,CUST-03866,2025-11-21,0.3222,1
ORD-2025-046229,CUST-11730,2025-11-26,0.0515,1
ORD-2025-046230,CUST-00098,2025-11-16,0.0289,1
ORD-2025-046231,CUST-09239,2025-11-30,0.0677,2
ORD-2025-046232,CUST-12346,2025-11-05,0.1557,2
ORD-2025-046233,CUST-07399,2025-11-26,0.1143,1
ORD-2025-046234,CUST-11425,2025-11-12,0.0689,1
ORD-2025-046235,CUST-12098,2025-11-24,0.101,3
ORD-2025-046236,CUST-12356,2025-11-01,0.1227,3
ORD-2025-046237,CUST-08200,2025-11-28,0.2756,1
ORD-2025-046238,CUST-01184,2025-11-04,0.0314,2
ORD-2025-046239,CUST-07113,2025-11-26,0.0579,1
ORD-2025-046240,CUST-06212,2025-11-22,0.0169,3
ORD-2025-046241,CUST-11637,2025-11-20,0.2165,1
ORD-2025-046242,CUST-11143,2025-11-25,0.1473,1
ORD-2025-046243,CUST-00248,2025-11-03,0.3539,1
ORD-2025-046244,CUST-07761,2025-11-30,0.0955,1
ORD-2025-046245,CUST-00584,2025-11-15,0.1304,3
ORD-2025-046246,CUST-05322,2025-11-29,0.4612,1
ORD-2025-046247,CUST-00548,2025-11-27,0.037,1
ORD-2025-046248,CUST-07525,2025-11-23,0.1487,1
ORD-2025-046249,,2025-11-02,0.1545,2
ORD-2025-046250,CUST-00600,2025-11-26,0.0577,1
ORD-2025-046251,CUST-04448,2025-11-19,0.293,2
ORD-2025-046252,CUST-02292,2025-11-05,0.0331,1
ORD-2025-046253,CUST-11175,2025-11-21,0.0329,1
ORD-2025-046254,CUST-09460,2025-11-12,0.3115,1
ORD-2025-046255,CUST-13006,2025-11-19,0.0762,1
ORD-2025-046256,CUST-02888,2025-11-17,0.0416,1
ORD-2025-046257,CUST-08328,2025-11-16,0.0669,1
ORD-2025-046258,CUST-03890,2025-11-25,0.02,3
ORD-2025-046259,CUST-11309,2025-11-18,0.01,1
ORD-2025-046260,CUST-09859,2025-11-21,0.0728,1
ORD-2025-046261,CUST-11170,2025-11-01,0.1765,1
ORD-2025-046262,CUST-10143,2025-11-22,0.1658,1
ORD-2025-046263,CUST-01837,2025-11-02,0.035,1
ORD-2025-046264,CUST-13350,2025-11-04,0.3393,1
ORD-2025-046265,CUST-02513,2025-11-15,0.0049,1
ORD-2025-046266,CUST-03204,2025-11-14,0.0532,3
ORD-2025-046267,CUST-11404,2025-11-18,0.39,1
ORD-2025-046268,CUST-01684,2025-11-24,0.0959,2
ORD-2025-046269,CUST-05436,2025-11-24,0.0247,1
ORD-2025-046270,CUST-11619,2025-11-30,0.176,1
ORD-2025-046271,CUST-03449,2025-11-05,0.1602,1
ORD-2025-046272,CUST-03012,2025-11-22,0.3149,1
ORD-2025-046273,CUST-04994,2025-11-01,0.1773,1
ORD-2025-046274,CUST-02250,2025-11-22,0.4984,1
ORD-2025-046275,CUST-08126,2025-11-07,0.0473,2
ORD-2025-046276,CUST-03599,2025-11-16,0.045,1
ORD-2025-046277,CUST-00862,2025-11-15,0.2265,2
ORD-2025-046278,CUST-11024,2025-11-21,0.093,2
ORD-2025-046279,CUST-00906,2025-11-21,0.1833,1
ORD-2025-046280,CUST-02055,2025-11-03,0.0861,1
ORD-2025-046281,CUST-07444,2025-11-26,0.043,1
ORD-2025-046282,CUST-01475,2025-11-12,0.1391,1
ORD-2025-046283,CUST-02324,2025-11-25,0.0742,3
ORD-2025-046284,CUST-05206,2025-11-13,0.0172,1
ORD-2025-046285,CUST-10429,2025-11-29,0.0069,1
ORD-2025-046286,CUST-00671,2025-11-25,0.0688,1
ORD-2025-046287,CUST-03931,2025-11-05,0.1089,2
ORD-2025-046288,CUST-07868,2025-11-27,0.2486,1
ORD-2025-046289,CUST-00661,2025-11-29,0.0226,1
ORD-2025-046290,CUST-03401,2025-11-25,0.0759,3
ORD-2025-046291,CUST-06237,2025-11-30,0.0191,1
ORD-2025-046292,CUST-05849,2025-11-13,0.0114,2
ORD-2025-046293,CUST-04826,2025-11-23,0.1393,4
ORD-2025-046294,CUST-09251,2025-11-12,0.0221,1
ORD-2025-046295,CUST-08790,2025-11-11,0.1523,1
ORD-2025-046296,CUST-05420,2025-11-20,0.0799,1
ORD-2025-046297,CUST-08931,2025-11-25,0.0813,1
ORD-2025-046298,CUST-02099,2025-11-28,0.0166,1
ORD-2025-046299,CUST-05076,2025-11-24,0.0522,1
ORD-2025-046300,CUST-06059,2025-11-26,0.0134,1
ORD-2025-046301,CUST-08878,2025-11-04,0.4691,2
ORD-2025-046302,CUST-11168,2025-11-01,0.205,1
ORD-2025-046303,CUST-08150,2025-11-28,0.1512,1
ORD-2025-046304,CUST-00204,2025-11-12,0.4098,1
ORD-2025-046305,CUST-00646,2025-11-02,0.2581,3
ORD-2025-046306,CUST-00066,2025-11-08,0.0705,2
ORD-2025-046307,CUST-09358,2025-11-23,0.0354,1
ORD-2025-046308,CUST-09975,2025-11-28,0.0207,1
ORD-2025-046309,CUST-12759,2025-11-20,0.1802,1
ORD-2025-046310,CUST-11670,2025-11-28,0.0638,2
ORD-2025-046311,CUST-09250,2025-11-19,0.0664,1
ORD-2025-046312,CUST-05638,2025-11-13,0.0639,1
ORD-2025-046313,CUST-01700,2025-11-08,0.28,1
ORD-2025-046314,CUST-12016,2025-11-02,0.1243,1
ORD-2025-046315,CUST-01680,2025-11-24,0.0463,1
ORD-2025-046316,CUST-07326,2025-11-24,0.1701,2
ORD-2025-046317,CUST-12028,2025-11-19,0.0935,1
ORD-2025-046318,CUST-01863,2025-11-13,0.2223,1
ORD-2025-046319,CUST-07028,2025-11-04,0.1436,4
ORD-2025-046320,CUST-12578,2025-11-10,0.1276,2
ORD-2025-046321,CUST-00104,2025-11-10,0.1167,1
ORD-2025-046322,CUST-05661,2025-11-09,0.0239,1
ORD-2025-046323,CUST-03740,2025-11-02,0.1209,2
ORD-2025-046324,CUST-05369,2025-11-20,0.0128,1
ORD-2025-046325,CUST-12227,2025-11-27,0.1439,2
ORD-2025-046326,CUST-12928,2025-11-24,0.0708,2
ORD-2025-046327,CUST-07063,2025-11-19,0.0292,1
ORD-2025-046328,CUST-10201,2025-11-20,0.31,1
ORD-2025-046329,CUST-11257,2025-11-12,0.043,1
ORD-2025-046330,CUST-09250,2025-11-16,0.0244,1
ORD-2025-046331,CUST-01923,2025-11-15,0.0125,1
ORD-2025-046332,CUST-05130,2025-11-08,0.1319,1
ORD-2025-046333,CUST-01103,2025-11-30,0.0361,1
ORD-2025-046334,CUST-04393,2025-11-30,0.2519,1
ORD-2025-046335,CUST-02776,2025-11-02,0.0201,1
ORD-2025-046336,CUST-08556,2025-11-18,0.1269,5
ORD-2025-046337,CUST-09609,2025-11-09,0.0081,2
ORD-2025-046338,CUST-00414,2025-11-26,0.0183,1
ORD-2025-046339,CUST-00818,2025-11-13,0.0831,1
ORD-2025-046340,CUST-08027,2025-11-24,0.1569,1
ORD-2025-046341,CUST-13013,2025-11-17,0.1503,2
ORD-2025-046342,CUST-06019,2025-11-20,0.0546,1
ORD-2025-046343,CUST-03609,2025-11-29,0.1209,1
ORD-2025-046344,CUST-07752,2025-11-28,0.0275,2
ORD-2025-046345,CUST-03736,2025-11-28,0.1155,1
ORD-2025-046346,CUST-10881,2025-11-18,0.0045,1
ORD-2025-046347,CUST-08053,2025-11-20,0.1152,1
ORD-2025-046348,CUST-02937,2025-11-04,0.0485,1
ORD-2025-046349,CUST-07745,2025-11-19,0.4957,1
ORD-2025-046350,CUST-12754,2025-11-10,0.2702,1
ORD-2025-046351,CUST-11603,2025-11-01,0.0905,1
ORD-2025-046352,CUST-10028,2025-11-02,0.0565,1
ORD-2025-046353,CUST-07890,2025-11-17,0.1663,1
ORD-2025-046354,CUST-08720,2025-11-17,0.0221,1
ORD-2025-046355,CUST-09476,2025-11-12,0.08,2
ORD-2025-046356,CUST-03045,2025-11-23,0.3249,1
ORD-2025-046357,,2025-11-27,0.0511,2
ORD-2025-046358,CUST-10788,2025-11-26,0.1046,1
ORD-2025-046359,CUST-00190,2025-11-24,0.07,1
ORD-2025-046360,CUST-07461,2025-11-13,0.1982,2
ORD-2025-046361,CUST-06147,2025-11-26,0.0742,1
ORD-2025-046362,CUST-12323,2025-11-24,0.0554,1
ORD-2025-046363,CUST-08143,2025-11-10,0.0301,1
ORD-2025-046364,CUST-08934,2025-11-04,0.0697,1
ORD-2025-046365,CUST-12335,2025-11-11,0.1037,2
ORD-2025-046366,CUST-10235,2025-11-09,0.55,1
ORD-2025-046367,CUST-09724,2025-11-17,0.1435,3
ORD-2025-046368,CUST-11187,2025-11-18,0.1229,1
ORD-2025-046369,CUST-00277,2025-11-13,0.0808,3
ORD-2025-046370,CUST-01824,2025-11-19,0.0629,3
ORD-2025-046371,CUST-02261,2025-11-30,0.0396,1
ORD-2025-046372,CUST-11231,2025-11-26,0.2139,3
ORD-2025-046373,CUST-06905,2025-11-23,0.3559,2
ORD-2025-046374,CUST-07671,2025-11-20,0.0526,1
ORD-2025-046375,CUST-08329,2025-11-21,0.1117,1
ORD-2025-046376,CUST-05229,2025-11-03,0.0068,1
ORD-2025-046377,CUST-02820,2025-11-18,0.0164,2
ORD-2025-046378,CUST-06790,2025-11-01,0.0051,1
ORD-2025-046379,CUST-05133,2025-11-27,0.1563,1
ORD-2025-046380,CUST-04749,2025-11-27,0.1049,1
ORD-2025-046381,CUST-00234,2025-11-19,0.224,1
ORD-2025-046382,CUST-10035,2025-11-01,0.0212,1
ORD-2025-046383,CUST-02007,2025-11-26,0.3184,1
ORD-2025-046384,CUST-07622,2025-11-28,0.1183,2
ORD-2025-046385,CUST-04690,2025-11-05,0.0103,1
ORD-2025-046386,CUST-11787,2025-11-12,0.1369,2
ORD-2025-046387,CUST-08785,2025-11-18,0.0172,1
ORD-2025-046388,CUST-10078,2025-11-01,0.0094,1
ORD-2025-046389,CUST-04985,2025-11-06,0.1054,1
ORD-2025-046390,CUST-05042,2025-11-12,0.059,2
ORD-2025-046391,CUST-07098,2025-11-11,0.0896,2
ORD-2025-046392,CUST-08163,2025-11-15,0.3089,1
ORD-2025-046393,CUST-12734,2025-11-04,0.0673,1
ORD-2025-046394,CUST-12356,2025-11-21,0.026,3
ORD-2025-046395,CUST-12365,2025-11-16,0.0954,1
ORD-2025-046396,CUST-06563,2025-11-16,0.0241,2
ORD-2025-046397,CUST-00838,2025-11-15,0.0222,1
ORD-2025-046398,CUST-01132,2025-11-12,0.2258,1
ORD-2025-046399,CUST-07482,2025-11-25,0.1994,1
ORD-2025-046400,CUST-04797,2025-11-04,0.1199,5
ORD-2025-046401,CUST-10155,2025-11-06,0.55,1
ORD-2025-046402,CUST-00795,2025-11-03,0.1587,3
ORD-2025-046403,CUST-08404,2025-11-23,0.1286,1
ORD-2025-046404,CUST-02289,2025-11-14,0.049,1
ORD-2025-046405,CUST-09525,2025-11-01,0.0574,2
ORD-2025-046406,CUST-11954,2025-11-26,0.2401,2
ORD-2025-046407,CUST-05578,2025-11-13,0.2953,2
ORD-2025-046408,CUST-11922,2025-11-21,0.1354,3
ORD-2025-046409,CUST-07412,2025-11-27,0.2179,2
ORD-2025-046410,CUST-04479,2025-11-28,0.0268,3
ORD-2025-046411,CUST-01520,2025-11-20,0.0476,2
ORD-2025-046412,CUST-00057,2025-11-05,0.0363,1
ORD-2025-046413,CUST-09744,2025-11-29,0.1511,2
ORD-2025-046414,CUST-03485,2025-11-20,0.0596,3
ORD-2025-046415,CUST-12180,2025-11-04,0.1761,1
ORD-2025-046416,CUST-04346,2025-11-17,0.3593,1
ORD-2025-046417,CUST-09517,2025-11-24,0.4983,1
ORD-2025-046418,CUST-11407,2025-11-21,0.1344,2
ORD-2025-046419,CUST-08030,2025-11-25,0.0369,1
ORD-2025-046420,CUST-00192,2025-11-02,0.0775,2
ORD-2025-046421,CUST-04176,2025-11-14,0.0165,1
ORD-2025-046422,CUST-11720,2025-11-10,0.4961,2
ORD-2025-046423,CUST-05419,2025-11-26,0.0095,1
ORD-2025-046424,CUST-00493,2025-11-12,0.1887,1
ORD-2025-046425,CUST-10856,2025-11-17,0.4808,1
ORD-2025-046426,CUST-12737,2025-11-22,0.1029,1
ORD-2025-046427,CUST-13286,2025-11-22,0.0092,1
ORD-2025-046428,CUST-05417,2025-11-24,0.1076,3
ORD-2025-046429,CUST-09801,2025-11-01,0.0736,1
ORD-2025-046430,CUST-10863,2025-11-25,0.55,1
ORD-2025-046431,CUST-12118,2025-11-22,0.0244,1
ORD-2025-046432,CUST-02289,2025-11-18,0.0573,1
ORD-2025-046433,CUST-01202,2025-11-13,0.074,1
ORD-2025-046434,CUST-02776,2025-11-08,0.0162,1
ORD-2025-046435,CUST-07949,2025-11-11,0.0081,1
ORD-2025-046436,CUST-09515,2025-11-30,0.0343,1
ORD-2025-046437,CUST-10765,2025-11-26,0.0689,1
ORD-2025-046438,CUST-05822,2025-11-20,0.0709,1
ORD-2025-046439,CUST-06327,2025-11-16,0.0411,1
ORD-2025-046440,CUST-07711,2025-11-29,0.1819,1
ORD-2025-046441,CUST-08863,2025-11-20,0.55,1
ORD-2025-046442,CUST-02341,2025-11-01,0.0752,2
ORD-2025-046443,CUST-06148,2025-11-22,0.0218,1
ORD-2025-046444,CUST-01264,2025-11-12,0.095,1
ORD-2025-046445,CUST-06011,2025-11-09,0.0874,3
ORD-2025-046446,CUST-01980,2025-11-26,0.2821,1
ORD-2025-046447,CUST-01226,2025-11-06,0.0902,1
ORD-2025-046448,CUST-13016,2025-11-28,0.1657,3
ORD-2025-046449,CUST-11081,2025-11-03,0.0735,4
ORD-2025-046450,CUST-05461,2025-11-20,0.0739,1
ORD-2025-046451,CUST-10633,2025-11-07,0.3522,1
ORD-2025-046452,CUST-07999,2025-11-06,0.0221,2
ORD-2025-046453,CUST-12994,2025-11-28,0.55,1
ORD-2025-046454,CUST-03861,2025-11-07,0.1658,1
ORD-2025-046455,CUST-06303,2025-11-01,0.0667,3
ORD-2025-046456,CUST-08013,2025-11-03,0.0381,4
ORD-2025-046457,CUST-09151,2025-11-23,0.0382,1
ORD-2025-046458,CUST-13106,2025-11-30,0.4555,1
ORD-2025-046459,CUST-12012,2025-11-13,0.0943,3
ORD-2025-046460,CUST-07245,2025-11-06,0.2653,1
ORD-2025-046461,CUST-03769,2025-11-01,0.035,1
ORD-2025-046462,CUST-03489,2025-11-09,0.0721,2
ORD-2025-046463,CUST-07684,2025-11-21,0.0083,1
ORD-2025-046464,CUST-00450,2025-11-22,0.2381,2
ORD-2025-046465,CUST-02044,2025-11-05,0.1826,1
ORD-2025-046466,CUST-12567,2025-11-29,0.0106,1
ORD-2025-046467,CUST-03987,2025-11-06,0.4833,1
ORD-2025-046468,CUST-12202,2025-11-13,0.0289,1
ORD-2025-046469,CUST-00482,2025-11-05,0.0297,2
ORD-2025-046470,CUST-00039,2025-11-28,0.1048,1
ORD-2025-046471,CUST-10253,2025-11-04,0.284,1
ORD-2025-046472,CUST-05727,2025-11-09,0.0911,2
ORD-2025-046473,CUST-00210,2025-11-10,0.2456,3
ORD-2025-046474,CUST-03326,2025-11-06,0.1075,1
ORD-2025-046475,CUST-04170,2025-11-02,0.1679,1
ORD-2025-046476,CUST-13521,2025-11-29,0.5116,2
ORD-2025-046477,CUST-08084,2025-11-19,0.0494,1
ORD-2025-046478,CUST-08037,2025-11-05,0.1036,1
ORD-2025-046479,CUST-03901,2025-11-12,0.0316,1
ORD-2025-046480,CUST-04170,2025-11-17,0.264,4
ORD-2025-046481,CUST-07277,2025-11-12,0.0516,1
ORD-2025-046482,CUST-03610,2025-11-19,0.1699,2
ORD-2025-046483,CUST-05643,2025-11-26,0.1171,2
ORD-2025-046484,CUST-10543,2025-11-11,0.0805,1
ORD-2025-046485,CUST-01930,2025-11-12,0.1008,1
ORD-2025-046486,CUST-13523,2025-11-26,0.0399,3
ORD-2025-046487,CUST-04098,2025-11-09,0.0182,2
ORD-2025-046488,CUST-01863,2025-11-17,0.1298,1
ORD-2025-046489,CUST-10420,2025-11-26,0.35,1
ORD-2025-046490,CUST-08285,2025-11-28,0.0331,3
ORD-2025-046491,CUST-06845,2025-11-19,0.1333,1
ORD-2025-046492,CUST-10915,2025-11-27,0.0884,1
ORD-2025-046493,CUST-11968,2025-11-10,0.0499,1
ORD-2025-046494,CUST-10839,2025-11-21,0.0163,1
ORD-2025-046495,CUST-06690,2025-11-30,0.0754,1
ORD-2025-046496,CUST-10182,2025-11-25,0.2618,1
ORD-2025-046497,CUST-01999,2025-11-07,0.0604,2
ORD-2025-046498,CUST-08027,2025-11-24,0.0183,1
ORD-2025-046499,CUST-01827,2025-11-26,0.0756,1
ORD-2025-046500,CUST-03567,2025-11-15,0.3059,1
ORD-2025-046501,CUST-09311,2025-11-15,0.0518,2
ORD-2025-046502,CUST-11145,2025-11-23,0.1525,1
ORD-2025-046503,CUST-07368,2025-11-17,0.1041,1
ORD-2025-046504,CUST-09887,2025-11-13,0.118,3
ORD-2025-046505,CUST-00666,2025-11-16,0.3194,2
ORD-2025-046506,CUST-11871,2025-11-24,0.0553,3
ORD-2025-046507,CUST-07077,2025-11-25,0.5191,2
ORD-2025-046508,CUST-08976,2025-11-12,0.2478,1
ORD-2025-046509,CUST-00863,2025-11-19,0.0327,2
ORD-2025-046510,CUST-10879,2025-11-10,0.1216,1
ORD-2025-046511,CUST-11302,2025-11-18,0.1139,5
ORD-2025-046512,CUST-03579,2025-11-26,0.179,1
ORD-2025-046513,CUST-08972,2025-11-26,0.0658,2
ORD-2025-046514,CUST-04886,2025-11-15,0.0335,1
ORD-2025-046515,CUST-07297,2025-11-07,0.5254,2
ORD-2025-046516,CUST-10541,2025-11-21,0.1076,3
ORD-2025-046517,CUST-02288,2025-11-19,0.105,4
ORD-2025-046518,CUST-02196,2025-11-13,0.046,2
ORD-2025-046519,CUST-12986,2025-11-04,0.3216,2
ORD-2025-046520,CUST-00027,2025-11-17,0.0183,3
ORD-2025-046521,CUST-02215,2025-11-06,0.0799,3
ORD-2025-046522,CUST-07674,2025-11-25,0.0172,1
ORD-2025-046523,CUST-00600,2025-11-29,0.1377,2
ORD-2025-046524,CUST-11198,2025-11-28,0.0842,1
ORD-2025-046525,CUST-00407,2025-11-28,0.043,1
ORD-2025-046526,CUST-09404,2025-11-20,0.0935,3
ORD-2025-046527,CUST-05342,2025-11-15,0.1119,1
ORD-2025-046528,CUST-05431,2025-11-19,0.094,1
ORD-2025-046529,,2025-11-23,0.2277,1
ORD-2025-046530,CUST-07893,2025-11-24,0.245,1
ORD-2025-046531,CUST-13551,2025-11-11,0.0337,1
ORD-2025-046532,CUST-04701,2025-11-18,0.1781,1
ORD-2025-046533,CUST-02732,2025-11-19,0.005,1
ORD-2025-046534,CUST-12486,2025-11-23,0.1492,1
ORD-2025-046535,CUST-05419,2025-11-23,0.0578,3
ORD-2025-046536,CUST-11589,2025-11-02,0.1276,1
ORD-2025-046537,CUST-00590,2025-11-21,0.1149,1
ORD-2025-046538,CUST-11778,2025-11-02,0.0348,4
ORD-2025-046539,CUST-03924,2025-11-11,0.0253,1
ORD-2025-046540,CUST-02708,2025-11-21,0.2881,1
ORD-2025-046541,CUST-08735,2025-11-27,0.2098,2
ORD-2025-046542,CUST-11273,2025-11-21,0.0112,1
ORD-2025-046543,CUST-07810,2025-11-11,0.1866,1
ORD-2025-046544,CUST-01818,2025-11-13,0.0897,2
ORD-2025-046545,CUST-03664,2025-11-10,0.2903,2
ORD-2025-046546,CUST-02072,2025-11-14,0.1296,2
ORD-2025-046547,CUST-11295,2025-11-26,0.0295,2
ORD-2025-046548,CUST-07900,2025-11-28,0.299,3
ORD-2025-046549,CUST-06970,2025-11-13,0.1934,1
ORD-2025-046550,CUST-07728,2025-11-19,0.069,2
ORD-2025-046551,CUST-11779,2025-11-04,0.0782,3
ORD-2025-046552,CUST-03114,2025-11-27,0.1399,2
ORD-2025-046553,CUST-08469,2025-11-13,0.0486,1
ORD-2025-046554,CUST-03415,2025-11-03,0.1061,1
ORD-2025-046555,CUST-07312,2025-11-12,0.0143,1
ORD-2025-046556,CUST-06446,2025-11-11,0.2605,1
ORD-2025-046557,CUST-11368,2025-11-01,0.4053,2
ORD-2025-046558,CUST-07630,2025-11-08,0.2331,1
ORD-2025-046559,CUST-00412,2025-11-22,0.1044,1
ORD-2025-046560,CUST-11127,2025-11-19,0.0078,1
ORD-2025-046561,CUST-03881,2025-11-17,0.0326,4
ORD-2025-046562,CUST-09317,2025-11-01,0.2583,3
ORD-2025-046563,CUST-10089,2025-11-23,0.1467,1
ORD-2025-046564,CUST-02636,2025-11-15,0.0148,1
ORD-2025-046565,CUST-11672,2025-11-29,0.0595,1
ORD-2025-046566,CUST-04841,2025-11-07,0.0948,1
ORD-2025-046567,CUST-13279,2025-11-21,0.1312,3
ORD-2025-046568,CUST-12846,2025-11-02,0.2107,1
ORD-2025-046569,CUST-11430,2025-11-11,0.1944,1
ORD-2025-046570,CUST-08275,2025-11-26,0.2678,1
ORD-2025-046571,CUST-11848,2025-11-11,0.1714,1
ORD-2025-046572,CUST-07157,2025-11-30,0.0207,2
ORD-2025-046573,CUST-03464,2025-11-13,0.0188,1
ORD-2025-046574,CUST-11947,2025-11-13,0.103,1
ORD-2025-046575,CUST-09453,2025-11-10,0.2056,1
ORD-2025-046576,CUST-08251,2025-11-03,0.3665,2
ORD-2025-046577,CUST-06853,2025-11-10,0.201,1
ORD-2025-046578,CUST-11585,2025-11-27,0.1724,1
ORD-2025-046579,CUST-04181,2025-11-27,0.3859,2
ORD-2025-046580,CUST-12954,2025-11-16,0.0224,3
ORD-2025-046581,CUST-04270,2025-11-26,0.2312,1
ORD-2025-046582,CUST-00163,2025-11-06,0.0388,4
ORD-2025-046583,CUST-06136,2025-11-25,0.0931,3
ORD-2025-046584,CUST-07192,2025-11-01,0.1634,1
ORD-2025-046585,CUST-07641,2025-11-01,0.0277,2
ORD-2025-046586,CUST-09355,2025-11-04,0.2036,2
ORD-2025-046587,CUST-05960,2025-11-19,0.0495,1
ORD-2025-046588,CUST-07868,2025-11-15,0.0851,1
ORD-2025-046589,CUST-04231,2025-11-20,0.0685,2
ORD-2025-046590,CUST-11217,2025-11-18,0.0395,1
ORD-2025-046591,CUST-01497,2025-11-22,0.0247,2
ORD-2025-046592,CUST-02810,2025-11-29,0.0519,1
ORD-2025-046593,CUST-07641,2025-11-20,0.0582,1
ORD-2025-046594,CUST-13502,2025-11-23,0.1472,2
ORD-2025-046595,CUST-09374,2025-11-28,0.1664,2
ORD-2025-046596,CUST-01352,2025-11-27,0.0289,1
ORD-2025-046597,CUST-03880,2025-11-12,0.3351,2
ORD-2025-046598,CUST-09951,2025-11-16,0.1175,2
ORD-2025-046599,CUST-12519,2025-11-16,0.183,1
ORD-2025-046600,CUST-04014,2025-11-18,0.1371,2
ORD-2025-046601,CUST-09632,2025-11-11,0.0722,1
ORD-2025-046602,CUST-05426,2025-11-26,0.106,1
ORD-2025-046603,CUST-12750,2025-11-22,0.0313,1
ORD-2025-046604,CUST-04280,2025-11-15,0.19,3
ORD-2025-046605,CUST-06199,2025-11-07,0.1649,2
ORD-2025-046606,CUST-08472,2025-11-26,0.069,1
ORD-2025-046607,CUST-11914,2025-11-19,0.0678,1
ORD-2025-046608,CUST-00116,2025-11-22,0.0824,3
ORD-2025-046609,CUST-04995,2025-11-29,0.0915,1
ORD-2025-046610, CUST-07961 ,2025-11-16,0.1336,1
ORD-2025-046611,CUST-04027,2025-11-26,0.0539,2
ORD-2025-046612,CUST-00523,2025-11-16,0.55,1
ORD-2025-046613,CUST-03539,2025-11-07,0.0606,3
ORD-2025-046614,CUST-09369,2025-11-16,0.0505,1
ORD-2025-046615,CUST-00105,2025-11-09,0.146,1
ORD-2025-046616,CUST-09597,2025-11-10,0.2414,3
ORD-2025-046617,CUST-00700,2025-11-23,0.1761,2
ORD-2025-046618,CUST-05602,2025-11-14,0.0036,1
ORD-2025-046619,CUST-13094,2025-11-17,0.1352,2
ORD-2025-046620,CUST-08197,2025-11-18,0.0147,1
ORD-2025-046621,CUST-02069,2025-11-22,0.0124,4
ORD-2025-046622,CUST-11152,2025-11-05,0.2745,3
ORD-2025-046623,CUST-05597,2025-11-04,0.0639,1
ORD-2025-046624,CUST-08377,2025-11-28,0.0254,3
ORD-2025-046625,CUST-09290,2025-11-15,0.0595,3
ORD-2025-046626,CUST-02644,2025-11-30,0.3018,1
ORD-2025-046627,CUST-07192,2025-11-21,0.0492,3
ORD-2025-046628,CUST-01973,2025-11-19,0.0833,5
ORD-2025-046629,CUST-08113,2025-11-16,0.0314,3
ORD-2025-046630,CUST-06986,2025-11-12,0.0461,3
ORD-2025-046631,CUST-13155,2025-11-29,0.0464,1
ORD-2025-046632,CUST-01824,2025-11-08,0.0601,1
ORD-2025-046633,CUST-00954,2025-11-26,0.0404,2
ORD-2025-046634,CUST-04551,2025-11-21,0.4639,1
ORD-2025-046635,CUST-13014,2025-11-13,0.084,1
ORD-2025-046636,CUST-01556,2025-11-06,0.3419,1
ORD-2025-046637,CUST-00958,2025-11-10,0.3269,1
ORD-2025-046638,CUST-13083,2025-11-26,0.0988,1
ORD-2025-046639, CUST-10815 ,2025-11-11,0.1686,1
ORD-2025-046640,,2025-11-11,0.1986,1
ORD-2025-046641,CUST-12785,2025-11-20,0.0707,2
ORD-2025-046642,CUST-05382,2025-11-17,0.2396,1
ORD-2025-046643,CUST-04165,2025-11-30,0.1862,2
ORD-2025-046644,CUST-10130,2025-11-26,0.0344,3
ORD-2025-046645,CUST-01264,2025-11-22,0.1094,1
ORD-2025-046646,CUST-02534,2025-11-19,0.219,1
ORD-2025-046647,CUST-10873,2025-11-18,0.0297,1
ORD-2025-046648,CUST-07438,2025-11-26,0.1791,2
ORD-2025-046649,CUST-00493,2025-11-26,0.0731,1
ORD-2025-046650,CUST-01168,2025-11-06,0.4319,1
ORD-2025-046651,CUST-02279,2025-11-04,0.0156,1
ORD-2025-046652,CUST-00737,2025-11-23,0.0601,2
ORD-2025-046653,CUST-06954,2025-11-03,0.067,1
ORD-2025-046654,CUST-13369,2025-11-11,0.023,3
ORD-2025-046655,CUST-03681,2025-11-24,0.1133,1
ORD-2025-046656,CUST-02933,2025-11-14,0.0126,1
ORD-2025-046657,CUST-07219,2025-11-16,0.0206,2
ORD-2025-046658,CUST-07060,2025-11-29,0.0418,1
ORD-2025-046659,CUST-01518,2025-11-14,0.3777,1
ORD-2025-046660,CUST-10957,2025-11-24,0.0817,3
ORD-2025-046661,CUST-04727,2025-11-01,0.0758,1
ORD-2025-046662,CUST-04896,2025-11-07,0.2375,2
ORD-2025-046663,CUST-12559,2025-11-29,0.061,3
ORD-2025-046664,CUST-11753,2025-11-05,0.1223,1
ORD-2025-046665,CUST-03268,2025-11-17,0.222,2
ORD-2025-046666,CUST-00805,2025-11-23,0.1965,1
ORD-2025-046667,CUST-06316,2025-11-17,0.0516,2
ORD-2025-046668,CUST-01184,2025-11-11,0.153,2
ORD-2025-046669,CUST-02289,2025-11-24,0.0297,1
ORD-2025-046670,CUST-01241,2025-11-27,0.0977,5
ORD-2025-046671,CUST-08445,2025-11-13,0.5073,1
ORD-2025-046672,CUST-06210,2025-11-01,0.0345,1
ORD-2025-046673,CUST-10532,2025-11-03,0.0293,3
ORD-2025-046674,CUST-03237,2025-11-26,0.2595,1
ORD-2025-046675,CUST-05659,2025-11-25,0.1107,1
ORD-2025-046676,CUST-01846,2025-11-22,0.0469,3
ORD-2025-046677,CUST-06845,2025-11-14,0.13,3
ORD-2025-046678,CUST-10358,2025-11-11,0.0574,1
ORD-2025-046679,CUST-04164,2025-11-02,0.5446,2
ORD-2025-046680,CUST-03442,2025-11-21,0.3815,2
ORD-2025-046681,CUST-03489,2025-11-28,0.1321,2
ORD-2025-046682,CUST-11069,2025-11-02,0.0304,3
ORD-2025-046683,CUST-07210,2025-11-05,0.2573,1
ORD-2025-046684,CUST-06214,2025-11-10,0.0418,1
ORD-2025-046685,CUST-13131,2025-11-09,0.0622,3
ORD-2025-046686,CUST-03718,2025-11-01,0.0777,2
ORD-2025-046687,CUST-01831,2025-11-30,0.0843,1
ORD-2025-046688,CUST-12204,2025-11-10,0.0148,1
ORD-2025-046689,CUST-07540,2025-11-20,0.0199,1
ORD-2025-046690,CUST-10409,2025-11-08,0.0189,3
ORD-2025-046691,CUST-08586,2025-11-06,0.0254,3
ORD-2025-046692,CUST-01616,2025-11-02,0.1167,3
ORD-2025-046693,CUST-07949,2025-11-06,0.0322,2
ORD-2025-046694,CUST-09745,2025-11-25,0.4677,2
ORD-2025-046695,CUST-06059,2025-11-18,0.1374,2
ORD-2025-046696,CUST-03677,2025-11-15,0.1071,2
ORD-2025-046697,CUST-08030,2025-11-26,0.0258,1
ORD-2025-046698,CUST-11505,2025-11-29,0.0792,2
ORD-2025-046699,CUST-06327,2025-11-30,0.1078,4
ORD-2025-046700,CUST-09000,2025-11-03,0.0161,1
ORD-2025-046701,CUST-00029,2025-11-13,0.0951,1
ORD-2025-046702,CUST-06357,2025-11-23,0.2302,2
ORD-2025-046703,CUST-04394,2025-11-21,0.2107,2
ORD-2025-046704,CUST-11228,2025-11-08,0.1942,3
ORD-2025-046705,CUST-09177,2025-11-25,0.1371,1
ORD-2025-046706,CUST-01850,2025-11-20,0.1166,1
ORD-2025-046707,CUST-05306,2025-11-06,0.1935,2
ORD-2025-046708,CUST-08328,2025-11-30,0.049,1
ORD-2025-046709,CUST-06825,2025-11-07,0.1757,1
ORD-2025-046710,CUST-00705,2025-11-20,0.3544,1
ORD-2025-046711,CUST-01078,2025-11-23,0.4112,2
ORD-2025-046712,CUST-01738,2025-11-02,0.0391,4
ORD-2025-046713,CUST-08372,2025-11-09,0.0095,1
ORD-2025-046714,CUST-00671,2025-11-07,0.0966,2
ORD-2025-046715,CUST-12561,2025-11-16,0.1801,2
ORD-2025-046716,CUST-00571,2025-11-22,0.0238,1
ORD-2025-046717,CUST-11672,2025-11-13,0.0866,3
ORD-2025-046718,CUST-01195,2025-11-15,0.55,1
ORD-2025-046719,CUST-03447,2025-11-24,0.049,2
ORD-2025-046720,CUST-07702,2025-11-15,0.219,1
ORD-2025-046721,CUST-10051,2025-11-23,0.1864,1
ORD-2025-046722,CUST-10903,2025-11-02,0.2776,2
ORD-2025-046723,CUST-12480,2025-11-06,0.0451,2
ORD-2025-046724,CUST-07212,2025-11-07,0.0723,1
ORD-2025-046725,CUST-01390,2025-11-14,0.105,1
ORD-2025-046726,,2025-11-13,0.3507,3
ORD-2025-046727,CUST-07284,2025-11-29,0.1023,1
ORD-2025-046728,CUST-08088,2025-11-14,0.1042,2
ORD-2025-046729,CUST-12180,2025-11-09,0.0909,1
ORD-2025-046730,CUST-02707,2025-11-10,0.0468,1
ORD-2025-046731,CUST-06873,2025-11-02,0.0281,1
ORD-2025-046732,CUST-01036,2025-11-10,0.3753,2
ORD-2025-046733,CUST-00748,2025-11-13,0.0815,2
ORD-2025-046734,CUST-07446,2025-11-10,0.2182,1
ORD-2025-046735,CUST-12677,2025-11-14,0.0495,2
ORD-2025-046736,CUST-11005,2025-11-25,0.0828,4
ORD-2025-046737,CUST-08728,2025-11-18,0.0516,1
ORD-2025-046738,CUST-11160,2025-11-02,0.0972,1
ORD-2025-046739,CUST-03861,2025-11-23,0.2865,1
ORD-2025-046740,CUST-09399,2025-11-21,0.1918,1
ORD-2025-046741,CUST-01189,2025-11-30,0.1398,2
ORD-2025-046742,CUST-09305,2025-11-09,0.0934,3
ORD-2025-046743,CUST-02162,2025-11-27,0.1545,1
ORD-2025-046744,CUST-11753,2025-11-08,0.1895,1
ORD-2025-046745,CUST-07070,2025-11-29,0.4676,2
ORD-2025-046746,CUST-03660,2025-11-13,0.0877,2
ORD-2025-046747,CUST-09415,2025-11-17,0.0698,1
ORD-2025-046748,CUST-13075,2025-11-09,0.0601,4
ORD-2025-046749,CUST-10584,2025-11-17,0.0695,1
ORD-2025-046750,CUST-08030,2025-11-17,0.0607,1
ORD-2025-046751,CUST-02044,2025-11-19,0.1967,1
ORD-2025-046752,CUST-03774,2025-11-12,0.0276,2
ORD-2025-046753,CUST-05377,2025-11-23,0.1875,1
ORD-2025-046754,CUST-03489,2025-11-15,0.0988,1
ORD-2025-046755,CUST-12113,2025-11-15,0.0333,1
ORD-2025-046756,CUST-02263,2025-11-26,0.1731,4
ORD-2025-046757,CUST-12631,2025-11-10,0.1649,1
ORD-2025-046758,CUST-03143,2025-11-19,0.0171,1
ORD-2025-046759,CUST-04520,2025-11-03,0.0313,3
ORD-2025-046760,CUST-13450,2025-11-03,0.2809,1
ORD-2025-046761,CUST-02448,2025-11-20,0.0507,1
ORD-2025-046762,CUST-09895,2025-11-29,0.0274,1
ORD-2025-046763,CUST-10026,2025-11-05,0.0293,1
ORD-2025-046764,CUST-05517,2025-11-01,0.1029,1
ORD-2025-046765,CUST-00510,2025-11-27,0.3076,2
ORD-2025-046766,CUST-10289,2025-11-11,0.0589,2
ORD-2025-046767,CUST-02764,2025-11-08,0.0451,1
ORD-2025-046768,CUST-08659,2025-11-25,0.0812,3
ORD-2025-046769,CUST-05604,2025-11-30,0.0821,1
ORD-2025-046770,CUST-02279,2025-11-18,0.0115,2
ORD-2025-046771,CUST-07249,2025-11-30,0.1474,1
ORD-2025-046772,CUST-06283,2025-11-26,0.0789,2
ORD-2025-046773,CUST-12467,2025-11-07,0.0668,2
ORD-2025-046774,CUST-10982,2025-11-18,0.3891,2
ORD-2025-046775,CUST-01571,2025-11-30,0.0547,1
ORD-2025-046776,CUST-11829,2025-11-01,0.006,1
ORD-2025-046777,CUST-07250,2025-11-12,0.55,1
ORD-2025-046778,CUST-03981,2025-11-30,0.1166,2
ORD-2025-046779,CUST-00053,2025-11-23,0.0988,3
ORD-2025-046780,CUST-09559,2025-11-19,0.146,3
ORD-2025-046781,CUST-13281,2025-11-20,0.2878,1
ORD-2025-046782,CUST-06032,2025-11-23,0.1153,2
ORD-2025-046783,CUST-09387,2025-11-01,0.022,1
ORD-2025-046784,CUST-02527,2025-11-30,0.0778,4
ORD-2025-046785,CUST-02249,2025-11-29,0.0389,2
ORD-2025-046786,CUST-12495,2025-11-03,0.1703,1
ORD-2025-046787,CUST-08455,2025-11-23,0.2859,1
ORD-2025-046788,CUST-07540,2025-11-28,0.0885,1
ORD-2025-046789,CUST-07281,2025-11-08,0.032,1
ORD-2025-046790,CUST-04271,2025-11-14,0.0365,2
ORD-2025-046791,CUST-05081,2025-11-09,0.3341,1
ORD-2025-046792,CUST-00096,2025-11-02,0.1579,1
ORD-2025-046793,CUST-12356,2025-11-11,0.0654,2
ORD-2025-046794,CUST-04981,2025-11-16,0.55,1
ORD-2025-046795,CUST-11548,2025-11-19,0.1055,1
ORD-2025-046796,CUST-04620,2025-11-16,0.2447,5
ORD-2025-046797,CUST-13734,2025-11-16,0.0205,1
ORD-2025-046798,CUST-01316,2025-11-24,0.0107,1
ORD-2025-046799,CUST-04735,2025-11-30,0.0149,1
ORD-2025-046800,CUST-05733,2025-11-29,0.04,1
ORD-2025-046801,CUST-11396,2025-11-04,0.0522,3
ORD-2025-046802,CUST-07200,2025-11-24,0.0295,1
ORD-2025-046803,CUST-08596,2025-11-14,0.0382,3
ORD-2025-046804,CUST-06635,2025-11-08,0.0599,2
ORD-2025-046805,CUST-06573,2025-11-15,0.1231,3
ORD-2025-046806,CUST-03718,2025-11-21,0.0212,1
ORD-2025-046807,CUST-01724,2025-11-09,0.0945,1
ORD-2025-046808,CUST-02838,2025-11-28,0.1658,1
ORD-2025-046809,CUST-07490,2025-11-03,0.1353,2
ORD-2025-046810,CUST-09711,2025-11-13,0.0332,1
ORD-2025-046811,CUST-07749,2025-11-15,0.0384,1
ORD-2025-046812,CUST-07020,2025-11-16,0.1116,1
ORD-2025-046813,CUST-01089,2025-11-17,0.1314,1
ORD-2025-046814,CUST-00630,2025-11-19,0.0758,2
ORD-2025-046815,CUST-09848,2025-11-25,0.0663,2
ORD-2025-046816,CUST-04233,2025-11-12,0.0978,2
ORD-2025-046817,CUST-10522,2025-11-22,0.0637,1
ORD-2025-046818,CUST-02172,2025-11-04,0.0639,4
ORD-2025-046819,CUST-01083,2025-11-14,0.55,1
ORD-2025-046820,CUST-09387,2025-11-03,0.0153,1
ORD-2025-046821,CUST-08999,2025-11-29,0.0904,1
ORD-2025-046822,CUST-00934,2025-11-19,0.4954,1
ORD-2025-046823,CUST-03836,2025-11-10,0.1029,1
ORD-2025-046824,CUST-05035,2025-11-30,0.0388,1
ORD-2025-046825,CUST-13274,2025-11-19,0.1707,2
ORD-2025-046826,CUST-01000,2025-11-07,0.1081,1
ORD-2025-046827,CUST-08762,2025-11-23,0.0043,1
ORD-2025-046828,CUST-08967,2025-11-16,0.1116,1
ORD-2025-046829,CUST-04863,2025-11-05,0.129,1
ORD-2025-046830,CUST-09783,2025-11-24,0.1,3
ORD-2025-046831,CUST-04231,2025-11-18,0.0138,1
ORD-2025-046832,CUST-12520,2025-11-19,0.0646,1
ORD-2025-046833,CUST-08797,2025-11-16,0.1239,1
ORD-2025-046834,CUST-11396,2025-11-25,0.103,3
ORD-2025-046835,CUST-04523,2025-11-18,0.5326,2
ORD-2025-046836,CUST-06397,2025-11-24,0.1737,1
ORD-2025-046837,CUST-04534,2025-11-02,0.0238,1
ORD-2025-046838,CUST-06739,2025-11-19,0.1484,1
ORD-2025-046839,CUST-05426,2025-11-19,0.033,2
ORD-2025-046840,CUST-03970,2025-11-25,0.0215,4
ORD-2025-046841,CUST-05602,2025-11-27,0.0077,2
ORD-2025-046842,CUST-03238,2025-11-30,0.0254,4
ORD-2025-046843,CUST-08929,2025-11-21,0.0274,1
ORD-2025-046844,CUST-04262,2025-11-20,0.1977,1
ORD-2025-046845,CUST-09979,2025-11-24,0.5262,1
ORD-2025-046846,CUST-08844,2025-11-29,0.0705,1
ORD-2025-046847,CUST-03740,2025-11-05,0.0977,1
ORD-2025-046848,CUST-07151,2025-11-10,0.0052,1
ORD-2025-046849,CUST-05522,2025-11-20,0.0038,1
ORD-2025-046850,CUST-07238,2025-11-30,0.1381,1
ORD-2025-046851,CUST-08083,2025-11-06,0.4476,1
ORD-2025-046852,CUST-11953,2025-11-01,0.0405,1
ORD-2025-046853,CUST-10067,2025-11-28,0.0372,1
ORD-2025-046854,CUST-02669,2025-11-29,0.0818,4
ORD-2025-046855,CUST-00925,2025-11-17,0.55,1
ORD-2025-046856,CUST-13187,2025-11-01,0.1038,2
ORD-2025-046857,CUST-00554,2025-11-12,0.108,2
ORD-2025-046858,CUST-11304,2025-11-20,0.428,2
ORD-2025-046859,CUST-01257,2025-11-09,0.0154,4
ORD-2025-046860,CUST-13161,2025-11-18,0.0747,4
ORD-2025-046861,CUST-08714,2025-11-28,0.1411,1
ORD-2025-046862,CUST-09420,2025-11-14,0.1191,2
ORD-2025-046863,CUST-04841,2025-11-14,0.114,1
ORD-2025-046864,CUST-10056,2025-11-14,0.145,1
ORD-2025-046865,CUST-04480,2025-11-09,0.0232,1
ORD-2025-046866,CUST-00350,2025-11-27,0.0522,1
ORD-2025-046867,CUST-13014,2025-11-07,0.0374,1
ORD-2025-046868,CUST-00026,2025-11-18,0.2448,1
ORD-2025-046869,CUST-13663,2025-11-30,0.117,1
ORD-2025-046870,CUST-12488,2025-11-05,0.0776,1
ORD-2025-046871,CUST-05022,2025-11-18,0.0251,1
ORD-2025-046872,CUST-10295,2025-11-09,0.2079,3
ORD-2025-046873,CUST-12290,2025-11-02,0.0957,2
ORD-2025-046874,CUST-00867,2025-11-19,0.063,1
ORD-2025-046875,CUST-10897,2025-11-22,0.0788,1
ORD-2025-046876,CUST-11629,2025-11-02,0.18,1
ORD-2025-046877,CUST-11601,2025-11-19,0.3359,1
ORD-2025-046878,CUST-08212,2025-11-27,0.0986,3
ORD-2025-046879,CUST-12108,2025-11-02,0.1277,1
ORD-2025-046880,CUST-04525,2025-11-08,0.1199,1
ORD-2025-046881,CUST-09010,2025-11-06,0.1083,1
ORD-2025-046882,CUST-12984,2025-11-21,0.0218,3
ORD-2025-046883,CUST-00041,2025-11-02,0.2485,1
ORD-2025-046884,CUST-11249,2025-11-11,0.1149,1
ORD-2025-046885,CUST-02727,2025-11-15,0.0113,1
ORD-2025-046886,CUST-11089,2025-11-14,0.2044,2
ORD-2025-046887,CUST-00785,2025-11-13,0.0693,1
ORD-2025-046888,CUST-02795,2025-11-08,0.1658,2
ORD-2025-046889,CUST-09117,2025-11-22,0.0651,1
ORD-2025-046890,CUST-09419,2025-11-25,0.0976,1
ORD-2025-046891,CUST-08717,2025-11-06,0.1606,1
ORD-2025-046892,CUST-03520,2025-11-24,0.1377,1
ORD-2025-046893,CUST-11678,2025-11-06,0.4371,1
ORD-2025-046894,CUST-02007,2025-11-17,0.1965,2
ORD-2025-046895,CUST-08691,2025-11-13,0.1319,2
ORD-2025-046896,CUST-00061,2025-11-03,0.3456,1
ORD-2025-046897,CUST-10815,2025-11-21,0.1323,2
ORD-2025-046898,CUST-07414,2025-11-07,0.0335,3
ORD-2025-046899,CUST-06664,2025-11-22,0.0116,1
ORD-2025-046900,CUST-06254,2025-11-13,0.1251,1
ORD-2025-046901,CUST-06113,2025-11-01,0.55,1
ORD-2025-046902,CUST-08160,2025-11-19,0.0124,2
ORD-2025-046903,CUST-01037,2025-11-04,0.0218,2
ORD-2025-046904,CUST-10768,2025-11-21,0.0179,1
ORD-2025-046905,CUST-08903,2025-11-27,0.1107,1
ORD-2025-046906,CUST-05141,2025-11-23,0.0373,3
ORD-2025-046907,CUST-11322,2025-11-15,0.0453,4
ORD-2025-046908,CUST-07731,2025-11-29,0.1228,3
ORD-2025-046909,CUST-01522,2025-11-29,0.2321,2
ORD-2025-046910,CUST-10054,2025-11-11,0.1622,1
ORD-2025-046911,CUST-11124,2025-11-23,0.5378,1
ORD-2025-046912,CUST-05328,2025-11-03,0.0287,2
ORD-2025-046913,CUST-03474,2025-11-12,0.1338,1
ORD-2025-046914,CUST-13458,2025-11-07,0.0847,1
ORD-2025-046915,CUST-07607,2025-11-24,0.1639,1
ORD-2025-046916,CUST-11641,2025-11-23,0.053,2
ORD-2025-046917,CUST-07819,2025-11-11,0.4134,1
ORD-2025-046918,CUST-09826,2025-11-17,0.0566,1
ORD-2025-046919,CUST-08285,2025-11-23,0.0327,2
ORD-2025-046920,CUST-09329,2025-11-28,0.0133,4
ORD-2025-046921,CUST-07871,2025-11-02,0.0409,1
ORD-2025-046922,CUST-01530,2025-11-08,0.2267,1
ORD-2025-046923,CUST-02425,2025-11-10,0.1641,2
ORD-2025-046924,CUST-13192,2025-11-10,0.0571,1
ORD-2025-046925,CUST-11677,2025-11-21,0.0794,1
ORD-2025-046926,CUST-00029,2025-11-16,0.1281,4
ORD-2025-046927,CUST-02621,2025-11-06,0.0551,1
ORD-2025-046928,CUST-07974,2025-11-13,0.1865,2
ORD-2025-046929,CUST-10143,2025-11-14,0.1346,1
ORD-2025-046930,CUST-07943,2025-11-25,0.3104,3
ORD-2025-046931,CUST-10085,2025-11-18,0.0296,1
ORD-2025-046932,CUST-10144,2025-11-08,0.1888,2
ORD-2025-046933,CUST-07063,2025-11-16,0.0402,1
ORD-2025-046934,CUST-04261,2025-11-23,0.0659,1
ORD-2025-046935,CUST-09731,2025-11-26,0.0114,1
ORD-2025-046936,CUST-02007,2025-11-07,0.0946,1
ORD-2025-046937,CUST-01547,2025-11-23,0.1759,3
ORD-2025-046938,CUST-12537,2025-11-26,0.0842,1
ORD-2025-046939,CUST-12921,2025-11-28,0.3368,1
ORD-2025-046940,CUST-05654,2025-11-18,0.0147,1
ORD-2025-046941,CUST-11405,2025-11-13,0.0784,4
ORD-2025-046942,CUST-09556,2025-11-14,0.0264,3
ORD-2025-046943,CUST-12075,2025-11-25,0.359,1
ORD-2025-046944,CUST-01478,2025-11-16,0.0262,1
ORD-2025-046945,CUST-10458,2025-11-05,0.0301,1
ORD-2025-046946,CUST-12025,2025-11-30,0.55,1
ORD-2025-046947,CUST-05964,2025-11-20,0.2354,1
ORD-2025-046948,CUST-13054,2025-11-24,0.0101,1
ORD-2025-046949,CUST-13171,2025-11-01,0.115,1
ORD-2025-046950,CUST-13146,2025-11-03,0.1129,2
ORD-2025-046951,CUST-04685,2025-11-17,0.4707,1
ORD-2025-046952,CUST-12744,2025-11-07,0.4412,3
ORD-2025-046953,CUST-04128,2025-11-18,0.0925,2
ORD-2025-046954,CUST-10482,2025-11-04,0.3667,2
ORD-2025-046955,CUST-07944,2025-11-01,0.0066,1
ORD-2025-046956,CUST-11963,2025-11-15,0.2203,1
ORD-2025-046957,CUST-06284,2025-11-11,0.3181,2
ORD-2025-046958,CUST-01724,2025-11-13,0.0336,1
ORD-2025-046959,CUST-08440,2025-11-17,0.0308,1
ORD-2025-046960,CUST-04170,2025-11-18,0.1498,1
ORD-2025-046961,CUST-12893,2025-11-04,0.0098,1
ORD-2025-046962,CUST-09504,2025-11-26,0.2667,2
ORD-2025-046963,CUST-01860,2025-11-22,0.0912,3
ORD-2025-046964,CUST-12107,2025-11-06,0.1702,3
ORD-2025-046965,CUST-12448,2025-11-12,0.121,3
ORD-2025-046966,CUST-00587,2025-11-17,0.3859,1
ORD-2025-046967,CUST-07684,2025-11-14,0.0134,1
ORD-2025-046968,CUST-11109,2025-11-05,0.0624,1
ORD-2025-046969,CUST-11859,2025-11-16,0.2432,2
ORD-2025-046970,CUST-01571,2025-11-29,0.0393,1
ORD-2025-046971,CUST-04526,2025-11-09,0.1839,1
ORD-2025-046972,CUST-10842,2025-11-21,0.1813,1
ORD-2025-046973,CUST-04704,2025-11-05,0.0176,1
ORD-2025-046974,CUST-05079,2025-11-20,0.1173,1
ORD-2025-046975,CUST-05180,2025-11-16,0.1985,1
ORD-2025-046976,CUST-07393,2025-11-15,0.3386,1
ORD-2025-046977,CUST-11312,2025-11-22,0.0622,3
ORD-2025-046978,CUST-11397,2025-11-25,0.1572,1
ORD-2025-046979,CUST-06017,2025-11-07,0.55,1
ORD-2025-046980,CUST-00952,2025-11-19,0.1867,1
ORD-2025-046981,CUST-00670,2025-11-26,0.0746,5
ORD-2025-046982,CUST-05114,2025-11-14,0.0922,3
ORD-2025-046983,CUST-05130,2025-11-01,0.134,2
ORD-2025-046984,CUST-08154,2025-11-03,0.2054,1
ORD-2025-046985,CUST-12946,2025-11-03,0.4506,1
ORD-2025-046986,CUST-05759,2025-11-17,0.112,1
ORD-2025-046987,CUST-02583,2025-11-18,0.0872,2
ORD-2025-046988,CUST-08181,2025-11-05,0.55,1
ORD-2025-046989,CUST-07987,2025-11-11,0.55,1
ORD-2025-046990,CUST-05538,2025-11-23,0.1102,2
ORD-2025-046991,CUST-07567,2025-11-26,0.4568,1
ORD-2025-046992,CUST-10762,2025-11-13,0.0142,1
ORD-2025-046993,CUST-11069,2025-11-22,0.0125,1
ORD-2025-046994,CUST-10486,2025-11-22,0.0239,5
ORD-2025-046995,CUST-07098,2025-11-01,0.092,1
ORD-2025-046996,CUST-10029,2025-11-02,0.1753,2
ORD-2025-046997,CUST-08132,2025-11-10,0.1528,4
ORD-2025-046998,CUST-02901,2025-11-03,0.013,2
ORD-2025-046999,CUST-04170,2025-11-15,0.0748,1
ORD-2025-047000,CUST-05482,2025-11-19,0.55,1
ORD-2025-047001,CUST-02249,2025-11-05,0.0443,2
ORD-2025-047002,CUST-07340,2025-11-08,0.0118,3
ORD-2025-047003,CUST-07867,2025-11-16,0.2501,3
ORD-2025-047004,CUST-09602,2025-11-20,0.0511,3
ORD-2025-047005,CUST-00365,2025-11-25,0.3014,1
ORD-2025-047006,CUST-11245,2025-11-14,0.3865,2
ORD-2025-047007,CUST-12891,2025-11-30,0.2542,1
ORD-2025-047008,CUST-01524,2025-11-27,0.0104,1
ORD-2025-047009,CUST-09769,2025-11-18,0.0799,2
ORD-2025-047010,CUST-01349,2025-11-05,0.027,3
ORD-2025-047011,CUST-05053,2025-11-16,0.0347,1
ORD-2025-047012,CUST-04277,2025-11-27,0.0513,3
ORD-2025-047013,CUST-05879,2025-11-06,0.0039,1
ORD-2025-047014,CUST-00917,2025-11-04,0.0494,1
ORD-2025-047015,CUST-11530,2025-11-02,0.2646,1
ORD-2025-047016,CUST-12780,2025-11-13,0.1292,1
ORD-2025-047017,CUST-08588,2025-11-12,0.353,2
ORD-2025-047018,CUST-00950,2025-11-20,0.224,1
ORD-2025-047019,CUST-01231,2025-11-29,0.0729,1
ORD-2025-047020,CUST-08420,2025-11-12,0.03,1
ORD-2025-047021,CUST-09006,2025-11-03,0.0751,1
ORD-2025-047022,CUST-01210,2025-11-08,0.145,2
ORD-2025-047023,CUST-05676,2025-11-12,0.0527,1
ORD-2025-047024,CUST-01295,2025-11-23,0.0216,3
ORD-2025-047025,CUST-11207,2025-11-15,0.1702,1
ORD-2025-047026,CUST-05373,2025-11-01,0.3817,1
ORD-2025-047027,CUST-07451,2025-11-28,0.039,4
ORD-2025-047028,CUST-07462,2025-11-19,0.1194,1
ORD-2025-047029,CUST-12935,2025-11-24,0.1032,2
ORD-2025-047030,CUST-05468,2025-11-20,0.2714,2
ORD-2025-047031,CUST-04446,2025-11-05,0.0507,2
ORD-2025-047032,CUST-12903,2025-11-06,0.1139,1
ORD-2025-047033,CUST-08697,2025-11-28,0.1343,1
ORD-2025-047034,CUST-01134,2025-11-03,0.1695,1
ORD-2025-047035,CUST-05236,2025-11-26,0.3879,1
ORD-2025-047036,CUST-02797,2025-11-13,0.0559,1
ORD-2025-047037,CUST-11366,2025-11-06,0.0566,2
ORD-2025-047038,CUST-01931,2025-11-30,0.1119,3
ORD-2025-047039,CUST-10069,2025-11-09,0.0197,1
ORD-2025-047040,CUST-09731,2025-11-16,0.0233,1
ORD-2025-047041,CUST-10701,2025-11-20,0.5153,1
ORD-2025-047042,CUST-00564,2025-11-28,0.0922,3
ORD-2025-047043,CUST-03527,2025-11-14,0.0207,1
ORD-2025-047044,CUST-07370,2025-11-21,0.013,1
ORD-2025-047045,CUST-05638,2025-11-06,0.1479,1
ORD-2025-047046,CUST-11195,2025-11-04,0.0358,1
ORD-2025-047047,CUST-05000,2025-11-27,0.0412,2
ORD-2025-047048,CUST-01108,2025-11-20,0.1632,1
ORD-2025-047049,CUST-11302,2025-11-13,0.0206,1
ORD-2025-047050,CUST-07293,2025-11-26,0.0541,1
ORD-2025-047051,CUST-07200,2025-11-01,0.0455,1
ORD-2025-047052,CUST-08616,2025-11-19,0.0565,2
ORD-2025-047053,CUST-13279,2025-11-13,0.0943,1
ORD-2025-047054,CUST-08014,2025-11-05,0.1266,2
ORD-2025-047055,CUST-02325,2025-11-18,0.2856,1
ORD-2025-047056,CUST-01256,2025-11-08,0.221,1
ORD-2025-047057,CUST-03873,2025-11-21,0.167,4
ORD-2025-047058,CUST-02120,2025-11-17,0.2768,3
ORD-2025-047059,CUST-06077,2025-11-22,0.0657,1
ORD-2025-047060,CUST-01132,2025-11-03,0.141,4
ORD-2025-047061,CUST-08538,2025-11-02,0.0983,1
ORD-2025-047062,CUST-05036,2025-11-30,0.0374,3
ORD-2025-047063,CUST-00037,2025-11-27,0.0477,3
ORD-2025-047064,CUST-02314,2025-11-08,0.3304,1
ORD-2025-047065,CUST-09177,2025-11-10,0.2575,4
ORD-2025-047066,CUST-07450,2025-11-24,0.1317,1
ORD-2025-047067,CUST-06414,2025-11-22,0.0997,1
ORD-2025-047068,CUST-02391,2025-11-19,0.0663,3
ORD-2025-047069,CUST-02977,2025-11-25,0.0588,1
ORD-2025-047070,CUST-09050,2025-11-14,0.0574,1
ORD-2025-047071,,2025-11-23,0.3837,3
ORD-2025-047072,CUST-10060,2025-11-13,0.0192,1
ORD-2025-047073,CUST-04622,2025-11-05,0.14,2
ORD-2025-047074,CUST-03851,2025-11-05,0.0523,5
ORD-2025-047075,CUST-09752,2025-11-22,0.2476,1
ORD-2025-047076,CUST-08129,2025-11-25,0.1247,1
ORD-2025-047077,CUST-12777,2025-11-28,0.0115,1
ORD-2025-047078,CUST-06005,2025-11-17,0.1532,2
ORD-2025-047079,CUST-02180,2025-11-09,0.103,2
ORD-2025-047080,CUST-08236,2025-11-26,0.089,1
ORD-2025-047081,CUST-07024,2025-11-30,0.2735,1
ORD-2025-047082,CUST-11398,2025-11-07,0.0187,1
ORD-2025-047083,CUST-09069,2025-11-23,0.1741,1
ORD-2025-047084,CUST-01093,2025-11-05,0.0508,2
ORD-2025-047085,CUST-11604,2025-11-22,0.4005,2
ORD-2025-047086,CUST-10615,2025-11-03,0.0679,4
ORD-2025-047087,CUST-10834,2025-11-06,0.1734,1
ORD-2025-047088,CUST-05452,2025-11-02,0.0486,1
ORD-2025-047089,CUST-02423,2025-11-21,0.0943,3
ORD-2025-047090,CUST-06370,2025-11-29,0.2658,1
ORD-2025-047091,CUST-06161,2025-11-28,0.0531,3
ORD-2025-047092,CUST-10128,2025-11-10,0.1248,2
ORD-2025-047093,CUST-06080,2025-11-30,0.1616,3
ORD-2025-047094,CUST-04560,2025-11-15,0.2636,1
ORD-2025-047095,CUST-04796,2025-11-18,0.1709,1
ORD-2025-047096,CUST-06487,2025-11-24,0.0998,5
ORD-2025-047097,CUST-07135,2025-11-21,0.0394,1
ORD-2025-047098,CUST-06128,2025-11-12,0.427,2
ORD-2025-047099,CUST-05522,2025-11-05,0.0068,1
ORD-2025-047100,CUST-04696,2025-11-10,0.2118,1
ORD-2025-047101,CUST-10510,2025-11-20,0.0058,1
ORD-2025-047102,CUST-02212,2025-11-30,0.1062,1
ORD-2025-047103,CUST-01975,2025-11-27,0.3636,1
ORD-2025-047104,CUST-04070,2025-11-15,0.4022,2
ORD-2025-047105,CUST-05410,2025-11-13,0.1836,1
ORD-2025-047106,CUST-11082,2025-11-22,0.0241,1
ORD-2025-047107,CUST-03917,2025-11-17,0.0085,1
ORD-2025-047108,CUST-10126,2025-11-14,0.0997,1
ORD-2025-047109,CUST-10642,2025-11-05,0.038,1
ORD-2025-047110,CUST-06531,2025-11-06,0.2108,1
ORD-2025-047111,CUST-09240,2025-11-03,0.1396,1
ORD-2025-047112,CUST-11280,2025-11-23,0.0835,1
ORD-2025-047113,CUST-12382,2025-11-18,0.1177,3
ORD-2025-047114,CUST-03479,2025-11-18,0.1396,1
ORD-2025-047115,CUST-08261,2025-11-23,0.0889,5
ORD-2025-047116,CUST-01057,2025-11-14,0.2205,1
ORD-2025-047117,CUST-13293,2025-11-18,0.1517,1
ORD-2025-047118,CUST-11100,2025-11-06,0.0318,1
ORD-2025-047119,CUST-10195,2025-11-18,0.0489,2
ORD-2025-047120,CUST-05553,2025-11-29,0.01,2
ORD-2025-047121,CUST-11904,2025-11-09,0.1824,1
ORD-2025-047122,CUST-09589,2025-11-25,0.027,1
ORD-2025-047123,CUST-13022,2025-11-27,0.33,2
ORD-2025-047124,CUST-07463,2025-11-14,0.09,2
ORD-2025-047125,CUST-02238,2025-11-25,0.0304,1
ORD-2025-047126,CUST-02490,2025-11-06,0.396,1
ORD-2025-047127,CUST-06960,2025-11-04,0.1362,3
ORD-2025-047128,CUST-05109,2025-11-10,0.0312,1
ORD-2025-047129,CUST-07979,2025-11-27,0.0181,2
ORD-2025-047130,CUST-04924,2025-11-03,0.1401,2
ORD-2025-047131,CUST-09169,2025-11-30,0.1485,1
ORD-2025-047132,CUST-09458,2025-11-17,0.1163,2
ORD-2025-047133,CUST-12580,2025-11-25,0.0541,1
ORD-2025-047134,CUST-08279,2025-11-30,0.1791,1
ORD-2025-047135,CUST-06316,2025-11-15,0.0487,4
ORD-2025-047136,CUST-08309,2025-11-07,0.096,5
ORD-2025-047137,CUST-01771,2025-11-29,0.0147,1
ORD-2025-047138,CUST-00671,2025-11-24,0.027,1
ORD-2025-047139,CUST-05733,2025-11-21,0.0887,2
ORD-2025-047140,CUST-03942,2025-11-29,0.2107,2
ORD-2025-047141,CUST-01765,2025-11-09,0.0771,3
ORD-2025-047142,CUST-11134,2025-11-07,0.1461,1
ORD-2025-047143,CUST-02844,2025-11-13,0.0488,3
ORD-2025-047144,CUST-00876,2025-11-10,0.1413,1
ORD-2025-047145,CUST-07652,2025-11-10,0.55,2
ORD-2025-047146,CUST-11147,2025-11-11,0.21,2
ORD-2025-047147,CUST-06576,2025-11-11,0.058,3
ORD-2025-047148,CUST-05307,2025-11-24,0.3719,3
ORD-2025-047149,CUST-10788,2025-11-10,0.0265,2
ORD-2025-047150,CUST-03114,2025-11-15,0.0996,1
ORD-2025-047151,CUST-11140,2025-11-29,0.3773,2
ORD-2025-047152,CUST-05966,2025-11-16,0.2033,3
ORD-2025-047153,CUST-12949,2025-11-27,0.0025,1
ORD-2025-047154,CUST-04673,2025-11-19,0.1746,1
ORD-2025-047155,CUST-11555,2025-11-28,0.5029,2
ORD-2025-047156,CUST-05141,2025-11-09,0.0617,2
ORD-2025-047157,CUST-05516,2025-11-20,0.0101,1
ORD-2025-047158,CUST-01304,2025-11-16,0.0807,3
ORD-2025-047159,CUST-09893,2025-11-08,0.0137,3
ORD-2025-047160,CUST-13883,2025-11-24,0.0243,3
ORD-2025-047161,CUST-01487,2025-11-14,0.0342,1
ORD-2025-047162,CUST-09873,2025-11-02,0.046,1
ORD-2025-047163,CUST-09961,2025-11-24,0.0141,1
ORD-2025-047164,CUST-01660,2025-11-25,0.2661,1
ORD-2025-047165,CUST-13460,2025-11-19,0.0226,1
ORD-2025-047166,CUST-00600,2025-11-10,0.1342,5
ORD-2025-047167,CUST-08909,2025-11-03,0.1901,1
ORD-2025-047168,CUST-13325,2025-11-10,0.2787,1
ORD-2025-047169,CUST-00064,2025-11-09,0.0349,1
ORD-2025-047170,CUST-10684,2025-11-22,0.2125,3
ORD-2025-047171,CUST-12117,2025-11-12,0.2468,1
ORD-2025-047172,CUST-10209,2025-11-09,0.4158,1
ORD-2025-047173,CUST-11492,2025-11-10,0.0315,1
ORD-2025-047174,CUST-09164,2025-11-24,0.3651,1
ORD-2025-047175,CUST-12968,2025-11-30,0.2448,2
ORD-2025-047176,CUST-09817,2025-11-29,0.1442,1
ORD-2025-047177,CUST-06936,2025-11-03,0.55,1
ORD-2025-047178,CUST-03678,2025-11-24,0.0224,2
ORD-2025-047179,CUST-09474,2025-11-10,0.364,1
ORD-2025-047180,CUST-08767,2025-11-20,0.0289,2
ORD-2025-047181,CUST-06256,2025-11-09,0.329,1
ORD-2025-047182,CUST-08440,2025-11-06,0.0234,1
ORD-2025-047183,CUST-06231,2025-11-01,0.1502,2
ORD-2025-047184,CUST-13551,2025-11-01,0.0121,1
ORD-2025-047185,CUST-12892,2025-11-08,0.0858,1
ORD-2025-047186,CUST-06913,2025-11-08,0.2898,1
ORD-2025-047187,CUST-12178,2025-11-07,0.0738,1
ORD-2025-047188,CUST-10704,2025-11-14,0.1011,2
ORD-2025-047189,CUST-03325,2025-11-15,0.0425,2
ORD-2025-047190,CUST-04609,2025-11-17,0.0354,4
ORD-2025-047191,CUST-04576,2025-11-04,0.0301,5
ORD-2025-047192,CUST-11246,2025-11-14,0.1207,1
ORD-2025-047193,CUST-12387,2025-11-14,0.1789,1
ORD-2025-047194,CUST-13032,2025-11-10,0.0105,1
ORD-2025-047195,CUST-00456,2025-11-28,0.0307,1
ORD-2025-047196,CUST-13042,2025-11-11,0.0687,1
ORD-2025-047197,CUST-00820,2025-11-01,0.1104,2
ORD-2025-047198,CUST-04320,2025-11-24,0.1595,1
ORD-2025-047199,CUST-00700,2025-11-24,0.0406,1
ORD-2025-047200,CUST-12455,2025-11-16,0.0197,1
ORD-2025-047201,CUST-04218,2025-11-12,0.3802,1
ORD-2025-047202,CUST-01161,2025-11-21,0.014,1
ORD-2025-047203,CUST-02776,2025-11-13,0.0454,1
ORD-2025-047204,CUST-13584,2025-11-14,0.0679,1
ORD-2025-047205,CUST-01092,2025-11-12,0.0442,1
ORD-2025-047206,CUST-02083,2025-11-05,0.55,1
ORD-2025-047207,CUST-13281,2025-11-28,0.1069,1
ORD-2025-047208,CUST-09951,2025-11-20,0.1186,2
ORD-2025-047209,CUST-10278,2025-11-07,0.0197,2
ORD-2025-047210,CUST-06017,2025-11-10,0.55,1
ORD-2025-047211,CUST-03184,2025-11-09,0.0126,1
ORD-2025-047212,CUST-10426,2025-11-28,0.5035,1
ORD-2025-047213,CUST-08616,2025-11-13,0.1083,1
ORD-2025-047214,CUST-08355,2025-11-22,0.0185,1
ORD-2025-047215,CUST-08991,2025-11-04,0.1259,2
ORD-2025-047216,CUST-12491,2025-11-09,0.1472,1
ORD-2025-047217,CUST-02060,2025-11-25,0.0805,1
ORD-2025-047218,CUST-02965,2025-11-01,0.089,1
ORD-2025-047219,CUST-02496,2025-11-07,0.2687,2
ORD-2025-047220,CUST-09418,2025-11-27,0.1813,1
ORD-2025-047221,CUST-01992,2025-11-28,0.1882,1
ORD-2025-047222,CUST-08301,2025-11-08,0.0632,1
ORD-2025-047223,CUST-09053,2025-11-30,0.333,2
ORD-2025-047224,CUST-10759,2025-11-09,0.0034,1
ORD-2025-047225,CUST-12458,2025-11-22,0.045,1
ORD-2025-047226,CUST-03218,2025-11-25,0.0438,1
ORD-2025-047227,CUST-04697,2025-11-17,0.0368,1
ORD-2025-047228,CUST-01218,2025-11-01,0.2968,1
ORD-2025-047229,CUST-01231,2025-11-11,0.0751,2
ORD-2025-047230,CUST-07912,2025-11-14,0.1496,2
ORD-2025-047231,CUST-02802,2025-11-28,0.0188,1
ORD-2025-047232,CUST-00554,2025-11-14,0.0281,3
ORD-2025-047233,CUST-13638,2025-11-16,0.0917,2
ORD-2025-047234,CUST-11833,2025-11-08,0.1424,1
ORD-2025-047235,CUST-08462,2025-11-06,0.1192,1
ORD-2025-047236,CUST-07348,2025-11-07,0.1264,1
ORD-2025-047237,CUST-13107,2025-11-12,0.1335,4
ORD-2025-047238,CUST-06996,2025-11-09,0.212,1
ORD-2025-047239,CUST-00930,2025-11-10,0.0265,1
ORD-2025-047240,CUST-03743,2025-11-11,0.1547,3
ORD-2025-047241,CUST-13298,2025-11-10,0.1507,3
ORD-2025-047242,CUST-04438,2025-11-07,0.0368,1
ORD-2025-047243,CUST-04918,2025-11-03,0.0898,3
ORD-2025-047244,CUST-09961,2025-11-04,0.0537,2
ORD-2025-047245,CUST-06202,2025-11-17,0.0294,2
ORD-2025-047246,CUST-12118,2025-11-06,0.0393,1
ORD-2025-047247,CUST-00796,2025-11-10,0.0906,1
ORD-2025-047248,CUST-10397,2025-11-03,0.0411,2
ORD-2025-047249,CUST-04934,2025-11-11,0.242,1
ORD-2025-047250,CUST-01308,2025-11-19,0.1884,2
ORD-2025-047251,CUST-09014,2025-11-10,0.0723,2
ORD-2025-047252,CUST-07592,2025-11-20,0.0165,1
ORD-2025-047253,CUST-11317,2025-11-23,0.0461,1
ORD-2025-047254,CUST-11531,2025-11-29,0.1937,1
ORD-2025-047255,CUST-11492,2025-11-13,0.0695,1
ORD-2025-047256,CUST-07348,2025-11-29,0.0505,2
ORD-2025-047257,CUST-12703,2025-11-19,0.0314,1
ORD-2025-047258,CUST-03021,2025-11-05,0.0486,1
ORD-2025-047259,CUST-01055,2025-11-27,0.5278,2
ORD-2025-047260,CUST-03387,2025-11-16,0.0496,1
ORD-2025-047261,CUST-00482,2025-11-18,0.067,1
ORD-2025-047262,CUST-09403,2025-11-05,0.2377,2
ORD-2025-047263,CUST-09149,2025-11-29,0.55,1
ORD-2025-047264,CUST-06455,2025-11-29,0.0702,1
ORD-2025-047265,CUST-11418,2025-11-03,0.221,1
ORD-2025-047266,CUST-10788,2025-11-02,0.1612,1
ORD-2025-047267,CUST-00696,2025-11-11,0.0784,1
ORD-2025-047268,CUST-04760,2025-11-09,0.0452,5
ORD-2025-047269,CUST-05198,2025-11-25,0.1704,1
ORD-2025-047270,CUST-12432,2025-11-12,0.0778,1
ORD-2025-047271,CUST-01160,2025-11-02,0.0338,1
ORD-2025-047272,CUST-12950,2025-11-04,0.2082,3
ORD-2025-047273,CUST-07369,2025-11-08,0.55,1
ORD-2025-047274,CUST-07646,2025-11-22,0.0435,1
ORD-2025-047275,CUST-10039,2025-11-11,0.0763,1
ORD-2025-047276,CUST-13253,2025-11-09,0.1094,2
ORD-2025-047277,CUST-04332,2025-11-30,0.165,1
ORD-2025-047278,CUST-09418,2025-11-06,0.0663,4
ORD-2025-047279,CUST-02868,2025-11-07,0.4617,1
ORD-2025-047280,CUST-10133,2025-11-26,0.1023,1
ORD-2025-047281,CUST-12032,2025-11-08,0.3684,2
ORD-2025-047282,CUST-06123,2025-11-10,0.2847,1
ORD-2025-047283,CUST-12999,2025-11-14,0.1169,1
ORD-2025-047284,CUST-07922,2025-11-29,0.2286,3
ORD-2025-047285,CUST-04986,2025-11-18,0.1513,1
ORD-2025-047286,CUST-10358,2025-11-09,0.0663,1
ORD-2025-047287,CUST-04015,2025-11-15,0.4459,2
ORD-2025-047288,CUST-04128,2025-11-30,0.0763,1
ORD-2025-047289,CUST-07109,2025-11-13,0.3795,1
ORD-2025-047290,CUST-02037,2025-11-11,0.0249,1
ORD-2025-047291,CUST-04811,2025-11-16,0.2063,1
ORD-2025-047292,CUST-08093,2025-11-20,0.1969,1
ORD-2025-047293,CUST-03774,2025-11-01,0.1859,3
ORD-2025-047294,CUST-02715,2025-11-08,0.2164,1
ORD-2025-047295,CUST-04843,2025-11-20,0.2045,1
ORD-2025-047296,CUST-08355,2025-11-09,0.0147,1
ORD-2025-047297,CUST-10913,2025-11-25,0.0298,1
ORD-2025-047298,CUST-02609,2025-11-24,0.0383,1
ORD-2025-047299,CUST-08400,2025-11-22,0.0297,1
ORD-2025-047300,CUST-02622,2025-11-10,0.0317,2
ORD-2025-047301,CUST-10807,2025-11-26,0.55,1
ORD-2025-047302,CUST-03777,2025-11-16,0.1355,1
ORD-2025-047303,CUST-00779,2025-11-18,0.0821,3
ORD-2025-047304,CUST-01616,2025-11-27,0.0706,2
ORD-2025-047305,CUST-07663,2025-11-29,0.0494,2
ORD-2025-047306,CUST-07130,2025-11-25,0.0171,2
ORD-2025-047307,CUST-00751,2025-11-26,0.1046,2
ORD-2025-047308,CUST-08852,2025-11-23,0.0781,1
ORD-2025-047309,CUST-08274,2025-11-22,0.0408,1
ORD-2025-047310,CUST-07752,2025-11-09,0.0638,1
ORD-2025-047311,CUST-12503,2025-11-16,0.1494,1
ORD-2025-047312,CUST-07851,2025-11-12,0.0154,1
ORD-2025-047313,CUST-13125,2025-11-30,0.2982,1
ORD-2025-047314,CUST-02322,2025-11-15,0.3126,3
ORD-2025-047315,CUST-07705,2025-11-01,0.0464,1
ORD-2025-047316,CUST-11471,2025-11-23,0.0506,4
ORD-2025-047317,CUST-13092,2025-11-13,0.0026,1
ORD-2025-047318,CUST-08317,2025-11-21,0.2945,1
ORD-2025-047319,CUST-07262,2025-11-07,0.0454,1
ORD-2025-047320,CUST-04519,2025-11-29,0.1004,2
ORD-2025-047321,CUST-12471,2025-11-05,0.073,2
ORD-2025-047322,CUST-09333,2025-11-20,0.0528,1
ORD-2025-047323,CUST-10398,2025-11-02,0.07,5
ORD-2025-047324,CUST-09975,2025-11-09,0.1536,1
ORD-2025-047325,CUST-01085,2025-11-07,0.0761,3
ORD-2025-047326,CUST-05734,2025-11-15,0.2187,1
ORD-2025-047327,CUST-11260,2025-11-24,0.1384,3
ORD-2025-047328,CUST-02337,2025-11-17,0.1205,2
ORD-2025-047329,CUST-11963,2025-11-28,0.148,1
ORD-2025-047330,CUST-10913,2025-11-14,0.0368,5
ORD-2025-047331,CUST-08151,2025-11-07,0.2665,3
ORD-2025-047332,CUST-09404,2025-11-29,0.0358,1
ORD-2025-047333,CUST-03890,2025-11-03,0.0414,3
ORD-2025-047334,CUST-12318,2025-11-03,0.1799,1
ORD-2025-047335,CUST-02591,2025-11-29,0.0772,1
ORD-2025-047336,CUST-06558,2025-11-30,0.4122,2
ORD-2025-047337,CUST-10062,2025-11-02,0.2432,1
ORD-2025-047338,CUST-04036,2025-11-15,0.0835,1
ORD-2025-047339,CUST-06072,2025-11-21,0.0189,3
ORD-2025-047340,CUST-12873,2025-11-07,0.327,2
ORD-2025-047341,CUST-01398,2025-11-02,0.0594,1
ORD-2025-047342,CUST-06627,2025-11-12,0.1459,2
ORD-2025-047343,CUST-03479,2025-11-20,0.1218,1
ORD-2025-047344,CUST-05759,2025-11-19,0.0308,1
ORD-2025-047345,CUST-10143,2025-11-28,0.3907,1
ORD-2025-047346,CUST-12312,2025-11-27,0.2238,1
ORD-2025-047347,CUST-03809,2025-11-09,0.1517,1
ORD-2025-047348,CUST-08475,2025-11-06,0.0375,2
ORD-2025-047349,CUST-08318,2025-11-20,0.125,2
ORD-2025-047350,CUST-09965,2025-11-13,0.0058,1
ORD-2025-047351,CUST-03950,2025-11-17,0.0933,3
ORD-2025-047352,CUST-07768,2025-11-21,0.0591,1
ORD-2025-047353,CUST-04319,2025-11-23,0.1336,1
ORD-2025-047354,CUST-12344,2025-11-13,0.0384,2
ORD-2025-047355,CUST-07610,2025-11-07,0.1841,1
ORD-2025-047356,CUST-05040,2025-11-26,0.274,1
ORD-2025-047357,CUST-07271,2025-11-17,0.0485,1
ORD-2025-047358,CUST-04534,2025-11-14,0.0076,2
ORD-2025-047359,CUST-09406,2025-11-10,0.0379,1
ORD-2025-047360,CUST-01765,2025-11-03,0.0639,3
ORD-2025-047361,CUST-13153,2025-11-15,0.1705,1
ORD-2025-047362,CUST-04886,2025-11-27,0.0129,1
ORD-2025-047363,CUST-02223,2025-11-07,0.0375,1
ORD-2025-047364,CUST-11652,2025-11-15,0.289,1
ORD-2025-047365,CUST-00502,2025-11-30,0.1143,1
ORD-2025-047366,CUST-05634,2025-11-05,0.3767,1
ORD-2025-047367,CUST-02636,2025-11-15,0.0757,2
ORD-2025-047368,CUST-01390,2025-11-12,0.0653,1
ORD-2025-047369,CUST-11333,2025-11-23,0.1098,1
ORD-2025-047370,CUST-00456,2025-11-15,0.1053,1
ORD-2025-047371,CUST-04105,2025-11-20,0.0227,1
ORD-2025-047372,CUST-12997,2025-11-30,0.1059,1
ORD-2025-047373,CUST-13005,2025-11-05,0.55,1
ORD-2025-047374,CUST-02149,2025-11-28,0.0164,2
ORD-2025-047375,CUST-06828,2025-11-16,0.0551,3
ORD-2025-047376,CUST-08440,2025-11-12,0.0392,1
ORD-2025-047377,CUST-02799,2025-11-20,0.1349,1
ORD-2025-047378,CUST-04478,2025-11-16,0.1173,1
ORD-2025-047379,CUST-09167,2025-11-25,0.1131,1
ORD-2025-047380,CUST-00203,2025-11-24,0.1218,2
ORD-2025-047381,CUST-13007,2025-11-15,0.0109,2
ORD-2025-047382,CUST-03643,2025-11-01,0.0917,2
ORD-2025-047383,CUST-06418,2025-11-08,0.0407,1
ORD-2025-047384,CUST-06697,2025-11-02,0.1235,3
ORD-2025-047385,CUST-08120,2025-11-03,0.0492,1
ORD-2025-047386,CUST-11871,2025-11-26,0.0988,1
ORD-2025-047387,CUST-10820,2025-11-01,0.1674,2
ORD-2025-047388,CUST-03012,2025-11-30,0.0437,1
ORD-2025-047389,CUST-12033,2025-11-18,0.0597,1
ORD-2025-047390,CUST-03991,2025-11-04,0.0972,1
ORD-2025-047391,CUST-04831,2025-11-25,0.0121,1
ORD-2025-047392,CUST-05987,2025-11-14,0.0935,1
ORD-2025-047393,CUST-03224,2025-11-27,0.0726,3
ORD-2025-047394,CUST-00840,2025-11-09,0.0815,1
ORD-2025-047395,CUST-12115,2025-11-08,0.0458,1
ORD-2025-047396,CUST-07655,2025-11-12,0.3598,1
ORD-2025-047397,CUST-07525,2025-11-21,0.0756,3
ORD-2025-047398,CUST-11641,2025-11-14,0.09,1
ORD-2025-047399,CUST-00034,2025-11-06,0.4207,2
ORD-2025-047400,CUST-01501,2025-11-27,0.0448,3
ORD-2025-047401,CUST-07673,2025-11-26,0.0094,1
ORD-2025-047402,CUST-00350,2025-11-09,0.0605,2
ORD-2025-047403,CUST-10080,2025-11-13,0.1232,2
ORD-2025-047404,CUST-13162,2025-11-01,0.1584,2
ORD-2025-047405,CUST-04374,2025-11-27,0.183,1
ORD-2025-047406,CUST-02710,2025-11-02,0.072,1
ORD-2025-047407,CUST-07211,2025-11-21,0.1085,3
ORD-2025-047408,CUST-12417,2025-11-29,0.0211,1
ORD-2025-047409,CUST-00779,2025-11-10,0.4174,1
ORD-2025-047410,CUST-12763,2025-11-14,0.2558,2
ORD-2025-047411,CUST-01741,2025-11-23,0.1046,1
ORD-2025-047412,CUST-12212,2025-11-25,0.0927,2
ORD-2025-047413,CUST-13192,2025-11-23,0.0268,2
ORD-2025-047414,CUST-09951,2025-11-28,0.1842,4
ORD-2025-047415,CUST-11871,2025-11-16,0.0829,1
ORD-2025-047416,CUST-04929,2025-11-24,0.0228,1
ORD-2025-047417,CUST-10980,2025-11-10,0.0766,1
ORD-2025-047418,CUST-08824,2025-11-15,0.0183,1
ORD-2025-047419,CUST-13258,2025-11-25,0.039,1
ORD-2025-047420,CUST-08010,2025-11-12,0.0164,1
ORD-2025-047421,CUST-09995,2025-11-23,0.1607,1
ORD-2025-047422,CUST-12104,2025-11-10,0.023,2
ORD-2025-047423,CUST-03527,2025-11-11,0.0324,1
ORD-2025-047424,CUST-07703,2025-11-25,0.0277,3
ORD-2025-047425,CUST-07365,2025-11-03,0.041,1
ORD-2025-047426,CUST-05168,2025-11-30,0.0487,1
ORD-2025-047427,CUST-02479,2025-11-29,0.1008,1
ORD-2025-047428,CUST-03057,2025-11-14,0.0206,1
ORD-2025-047429,CUST-02585,2025-11-11,0.1498,1
ORD-2025-047430,CUST-05256,2025-11-02,0.2423,3
ORD-2025-047431,CUST-09551,2025-11-22,0.55,1
ORD-2025-047432,CUST-12036,2025-11-18,0.0297,1
ORD-2025-047433,CUST-04368,2025-11-14,0.2414,1
ORD-2025-047434,CUST-11973,2025-11-08,0.1157,3
ORD-2025-047435,CUST-08143,2025-11-09,0.0222,1
ORD-2025-047436,CUST-06873,2025-11-25,0.0766,1
ORD-2025-047437,CUST-00956,2025-11-23,0.1431,1
ORD-2025-047438,CUST-01377,2025-11-27,0.1945,2
ORD-2025-047439,CUST-09965,2025-11-24,0.0099,2
ORD-2025-047440,CUST-03251,2025-11-03,0.2021,1
ORD-2025-047441,CUST-00983,2025-11-26,0.0679,1
ORD-2025-047442,CUST-04686,2025-11-07,0.0534,2
ORD-2025-047443,CUST-06522,2025-11-08,0.0986,1
ORD-2025-047444,CUST-03363,2025-11-14,0.091,1
ORD-2025-047445,CUST-08421,2025-11-21,0.0116,1
ORD-2025-047446,CUST-04273,2025-11-03,0.0161,1
ORD-2025-047447,CUST-11598,2025-11-13,0.1818,1
ORD-2025-047448,CUST-04012,2025-11-01,0.1021,2
ORD-2025-047449,CUST-07482,2025-11-04,0.15,2
ORD-2025-047450,CUST-05971,2025-11-06,0.3832,2
ORD-2025-047451,CUST-08107,2025-11-07,0.1731,2
ORD-2025-047452,CUST-08027,2025-11-15,0.0478,1
ORD-2025-047453,CUST-07322,2025-11-21,0.0983,1
ORD-2025-047454,CUST-12163,2025-11-05,0.0494,1
ORD-2025-047455,CUST-09287,2025-11-14,0.0533,1
ORD-2025-047456,CUST-12125,2025-11-28,0.1509,2
ORD-2025-047457,CUST-10181,2025-11-11,0.0101,3
ORD-2025-047458,CUST-10770,2025-11-02,0.0937,1
ORD-2025-047459,CUST-11922,2025-11-15,0.0941,2
ORD-2025-047460,CUST-05087,2025-11-19,0.1824,1
ORD-2025-047461,CUST-02207,2025-11-02,0.02,2
ORD-2025-047462,CUST-12893,2025-11-03,0.0507,1
ORD-2025-047463,CUST-02341,2025-11-03,0.1021,2
ORD-2025-047464,CUST-06380,2025-11-28,0.1449,1
ORD-2025-047465,CUST-08216,2025-11-23,0.0319,3
ORD-2025-047466,CUST-07785,2025-11-11,0.0886,1
ORD-2025-047467,,2025-11-26,0.0211,1
ORD-2025-047468,CUST-02782,2025-11-29,0.0208,2
ORD-2025-047469,CUST-09716,2025-11-29,0.1007,4
ORD-2025-047470,CUST-08031,2025-11-16,0.1753,2
ORD-2025-047471,CUST-11056,2025-11-07,0.1781,1
ORD-2025-047472,CUST-00181,2025-11-01,0.0334,2
ORD-2025-047473,CUST-09901,2025-11-17,0.0362,3
ORD-2025-047474,CUST-08590,2025-11-23,0.0477,1
ORD-2025-047475,CUST-11779,2025-11-28,0.1373,1
ORD-2025-047476,CUST-05295,2025-11-26,0.0668,1
ORD-2025-047477,CUST-11643,2025-11-17,0.0679,1
ORD-2025-047478,CUST-02023,2025-11-28,0.2018,3
ORD-2025-047479,CUST-00769,2025-11-15,0.2495,1
ORD-2025-047480,CUST-12459,2025-11-05,0.0997,1
ORD-2025-047481,CUST-11745,2025-11-28,0.1038,3
ORD-2025-047482,CUST-10654,2025-11-01,0.0343,1
ORD-2025-047483,CUST-04296,2025-11-03,0.4512,2
ORD-2025-047484,CUST-07729,2025-11-05,0.0465,2
ORD-2025-047485,CUST-05987,2025-11-06,0.0585,2
ORD-2025-047486,CUST-09250,2025-11-07,0.0714,5
ORD-2025-047487,CUST-03854,2025-11-30,0.0618,1
ORD-2025-047488,CUST-04624,2025-11-16,0.0711,3
ORD-2025-047489,CUST-02834,2025-11-14,0.0799,1
ORD-2025-047490,CUST-05581,2025-11-01,0.0638,1
ORD-2025-047491,CUST-02085,2025-11-05,0.1265,1
ORD-2025-047492,CUST-01474,2025-11-26,0.1141,1
ORD-2025-047493,CUST-06308,2025-11-26,0.3814,1
ORD-2025-047494,CUST-10590,2025-11-08,0.0749,1
ORD-2025-047495,CUST-03718,2025-11-18,0.013,2
ORD-2025-047496,CUST-03649,2025-11-01,0.1249,2
ORD-2025-047497,CUST-04114,2025-11-03,0.1296,1
ORD-2025-047498,CUST-04457,2025-11-20,0.0695,3
ORD-2025-047499,CUST-00476,2025-11-29,0.0869,1
ORD-2025-047500,CUST-07450,2025-11-04,0.0649,1
ORD-2025-047501,CUST-05733,2025-11-16,0.1903,1
ORD-2025-047502,CUST-10833,2025-11-26,0.55,1
ORD-2025-047503,CUST-11215,2025-11-02,0.0972,3
ORD-2025-047504,CUST-11922,2025-11-11,0.1647,1
ORD-2025-047505,CUST-00410,2025-11-04,0.0518,2
ORD-2025-047506,CUST-01909,2025-11-03,0.0569,3
ORD-2025-047507,CUST-10262,2025-11-29,0.2205,3
ORD-2025-047508,CUST-10774,2025-11-13,0.1155,1
ORD-2025-047509,CUST-12723,2025-11-02,0.0445,1
ORD-2025-047510,CUST-00888,2025-11-21,0.1636,1
ORD-2025-047511,CUST-12592,2025-11-15,0.0283,1
ORD-2025-047512,CUST-04487,2025-11-17,0.1164,2
ORD-2025-047513,CUST-02044,2025-11-03,0.1293,2
ORD-2025-047514,CUST-02459,2025-11-04,0.0068,1
ORD-2025-047515,CUST-08513,2025-11-14,0.1499,3
ORD-2025-047516,CUST-06630,2025-11-28,0.0388,1
ORD-2025-047517,CUST-13494,2025-11-21,0.4299,1
ORD-2025-047518,CUST-13010,2025-11-20,0.2827,2
ORD-2025-047519,CUST-07749,2025-11-12,0.1043,2
ORD-2025-047520,CUST-04629,2025-11-04,0.1309,3
ORD-2025-047521,CUST-07641,2025-11-11,0.0713,1
ORD-2025-047522,CUST-00554,2025-11-06,0.1672,1
ORD-2025-047523,CUST-12559,2025-11-01,0.2825,1
ORD-2025-047524,CUST-02576,2025-11-28,0.2116,1
ORD-2025-047525,CUST-13221,2025-11-30,0.0921,1
ORD-2025-047526,CUST-09112,2025-11-24,0.4422,1
ORD-2025-047527,CUST-06027,2025-11-13,0.0384,3
ORD-2025-047528,CUST-07971,2025-11-02,0.1615,2
ORD-2025-047529,CUST-08951,2025-11-14,0.0701,1
ORD-2025-047530,CUST-09037,2025-11-29,0.046,2
ORD-2025-047531,CUST-06011,2025-11-12,0.1106,1
ORD-2025-047532,CUST-01386,2025-11-17,0.0207,2
ORD-2025-047533,CUST-11527,2025-11-23,0.0093,1
ORD-2025-047534,CUST-05345,2025-11-05,0.0475,1
ORD-2025-047535,CUST-10570,2025-11-16,0.14,2
ORD-2025-047536,CUST-11273,2025-11-17,0.0514,2
ORD-2025-047537,CUST-10495,2025-11-11,0.0019,1
ORD-2025-047538,CUST-12328,2025-11-25,0.0134,1
ORD-2025-047539,CUST-08369,2025-11-08,0.55,1
ORD-2025-047540,CUST-05742,2025-11-28,0.1464,1
ORD-2025-047541,CUST-12421,2025-11-18,0.2768,1
ORD-2025-047542,CUST-03057,2025-11-04,0.0451,2
ORD-2025-047543,CUST-02519,2025-11-28,0.2956,2
ORD-2025-047544,CUST-06395,2025-11-26,0.1395,2
ORD-2025-047545,CUST-08689,2025-11-04,0.4033,1
ORD-2025-047546,CUST-05542,2025-11-20,0.0881,3
ORD-2025-047547,CUST-07130,2025-11-02,0.0215,1
ORD-2025-047548,CUST-11521,2025-11-20,0.0404,1
ORD-2025-047549,CUST-11466,2025-11-21,0.0577,2
ORD-2025-047550,CUST-08129,2025-11-23,0.1244,1
ORD-2025-047551,CUST-01099,2025-11-02,0.0391,3
ORD-2025-047552,CUST-10437,2025-11-21,0.1673,1
ORD-2025-047553,CUST-04835,2025-11-16,0.1159,2
ORD-2025-047554,CUST-02072,2025-11-08,0.0067,1
ORD-2025-047555,CUST-07221,2025-11-12,0.065,3
ORD-2025-047556,CUST-03554,2025-11-22,0.1434,1
ORD-2025-047557,CUST-11684,2025-11-25,0.0928,1
ORD-2025-047558,CUST-11971,2025-11-27,0.4451,1
ORD-2025-047559,,2025-11-17,0.0275,2
ORD-2025-047560,CUST-01363,2025-11-28,0.3889,2
ORD-2025-047561,CUST-13096,2025-11-14,0.0356,3
ORD-2025-047562,CUST-13373,2025-11-01,0.2106,1
ORD-2025-047563,CUST-10570,2025-11-19,0.1526,3
ORD-2025-047564,CUST-04014,2025-11-09,0.066,3
ORD-2025-047565,CUST-04231,2025-11-27,0.0668,1
ORD-2025-047566,CUST-10756,2025-11-13,0.0756,1
ORD-2025-047567,CUST-02459,2025-11-03,0.0725,1
ORD-2025-047568,CUST-10281,2025-11-24,0.3337,3
ORD-2025-047569,CUST-12295,2025-11-02,0.1103,1
ORD-2025-047570,CUST-02407,2025-11-17,0.1535,3
ORD-2025-047571,CUST-08245,2025-11-14,0.3375,3
ORD-2025-047572,CUST-00360,2025-11-10,0.0461,1
ORD-2025-047573,CUST-12724,2025-11-30,0.345,1
ORD-2025-047574,CUST-04271,2025-11-28,0.0492,1
ORD-2025-047575,CUST-09774,2025-11-02,0.159,1
ORD-2025-047576,CUST-13235,2025-11-09,0.5231,1
ORD-2025-047577,CUST-12334,2025-11-27,0.1844,2
ORD-2025-047578,CUST-11622,2025-11-26,0.2972,1
ORD-2025-047579,CUST-00237,2025-11-08,0.0914,1
ORD-2025-047580,CUST-04579,2025-11-12,0.1061,2
ORD-2025-047581,CUST-09242,2025-11-13,0.0242,1
ORD-2025-047582,CUST-04027,2025-11-11,0.0715,1
ORD-2025-047583,CUST-04521,2025-11-28,0.0358,1
ORD-2025-047584,CUST-07903,2025-11-14,0.0393,1
ORD-2025-047585,CUST-04266,2025-11-04,0.0658,1
ORD-2025-047586,CUST-07330,2025-11-11,0.0585,1
ORD-2025-047587,CUST-12459,2025-11-06,0.1597,5
ORD-2025-047588,CUST-12645,2025-11-30,0.1901,1
ORD-2025-047589,CUST-01529,2025-11-20,0.2558,1
ORD-2025-047590,CUST-05876,2025-11-07,0.1576,1
ORD-2025-047591,CUST-12473,2025-11-11,0.0303,3
ORD-2025-047592,CUST-12335,2025-11-16,0.1596,1
ORD-2025-047593,CUST-10406,2025-11-22,0.0096,1
ORD-2025-047594,CUST-00176,2025-11-03,0.0196,1
ORD-2025-047595,CUST-09876,2025-11-09,0.1465,1
ORD-2025-047596,CUST-12540,2025-11-09,0.3828,1
ORD-2025-047597,CUST-12542,2025-11-27,0.11,1
ORD-2025-047598,CUST-04288,2025-11-21,0.3322,2
ORD-2025-047599,CUST-12101,2025-11-24,0.0636,1
ORD-2025-047600,CUST-13248,2025-11-06,0.3437,1
ORD-2025-047601,CUST-05837,2025-11-05,0.0831,2
ORD-2025-047602,CUST-08053,2025-11-01,0.0614,2
ORD-2025-047603,CUST-12147,2025-11-29,0.55,1
ORD-2025-047604,CUST-08616,2025-11-16,0.1976,3
ORD-2025-047605,CUST-05531,2025-11-14,0.0684,3
ORD-2025-047606,CUST-11506,2025-11-14,0.148,1
ORD-2025-047607, CUST-00076 ,2025-11-16,0.0849,2
ORD-2025-047608,CUST-09738,2025-11-26,0.1306,1
ORD-2025-047609,CUST-05264,2025-11-25,0.0415,1
ORD-2025-047610,CUST-10127,2025-11-19,0.0566,3
ORD-2025-047611,CUST-04492,2025-11-13,0.0623,1
ORD-2025-047612,CUST-08315,2025-11-18,0.135,1
ORD-2025-047613,,2025-11-27,0.2132,2
ORD-2025-047614,CUST-07702,2025-11-10,0.0418,1
ORD-2025-047615,CUST-11119,2025-11-14,0.0577,1
ORD-2025-047616,CUST-08363,2025-11-26,0.1324,1
ORD-2025-047617,CUST-04955,2025-11-21,0.0789,2
ORD-2025-047618,CUST-11257,2025-11-09,0.0574,2
ORD-2025-047619,CUST-04986,2025-11-19,0.0238,1
ORD-2025-047620,CUST-01070,2025-11-25,0.1504,1
ORD-2025-047621,CUST-04952,2025-11-27,0.0351,1
ORD-2025-047622,CUST-10424,2025-11-03,0.1867,1
ORD-2025-047623,CUST-03881,2025-11-27,0.0264,1
ORD-2025-047624,CUST-09666,2025-11-13,0.2823,2
ORD-2025-047625,CUST-04712,2025-11-22,0.169,2
ORD-2025-047626,CUST-07145,2025-11-24,0.0178,1
ORD-2025-047627,CUST-08842,2025-11-10,0.0701,2
ORD-2025-047628,CUST-08963,2025-11-30,0.4475,1
ORD-2025-047629,CUST-06271,2025-11-16,0.0984,1
ORD-2025-047630,CUST-13065,2025-11-28,0.3389,1
ORD-2025-047631,CUST-01526,2025-11-17,0.4008,2
ORD-2025-047632,CUST-08214,2025-11-09,0.0554,3
ORD-2025-047633,CUST-00983,2025-11-19,0.0538,1
ORD-2025-047634,CUST-01724,2025-11-21,0.084,2
ORD-2025-047635,CUST-10302,2025-11-14,0.0345,2
ORD-2025-047636,CUST-11175,2025-11-29,0.166,1
ORD-2025-047637,CUST-13821,2025-11-21,0.0221,1
ORD-2025-047638,CUST-03013,2025-11-25,0.4738,1
ORD-2025-047639,CUST-12524,2025-11-26,0.1194,1
ORD-2025-047640,CUST-04034,2025-11-29,0.2114,2
ORD-2025-047641,CUST-12665,2025-11-09,0.2606,2
ORD-2025-047642,CUST-02762,2025-11-20,0.0428,1
ORD-2025-047643,CUST-06046,2025-11-13,0.0456,2
ORD-2025-047644,CUST-04413,2025-11-18,0.2185,1
ORD-2025-047645,CUST-04326,2025-11-29,0.0516,4
ORD-2025-047646,CUST-10021,2025-11-23,0.0232,1
ORD-2025-047647,CUST-13883,2025-11-14,0.0229,3
ORD-2025-047648,CUST-07771,2025-11-28,0.027,1
ORD-2025-047649,CUST-04533,2025-11-17,0.116,1
ORD-2025-047650,CUST-11577,2025-11-17,0.0705,1
ORD-2025-047651,CUST-11557,2025-11-29,0.1634,1
ORD-2025-047652,CUST-07293,2025-11-17,0.0214,1
ORD-2025-047653,CUST-08030,2025-11-21,0.0571,4
ORD-2025-047654,CUST-11568,2025-11-20,0.0634,2
ORD-2025-047655,CUST-07349,2025-11-17,0.1626,3
ORD-2025-047656,CUST-07471,2025-11-11,0.0767,2
ORD-2025-047657,CUST-01866,2025-11-11,0.0236,1
ORD-2025-047658,CUST-13193,2025-11-08,0.0158,2
ORD-2025-047659,CUST-07570,2025-11-03,0.0194,1
ORD-2025-047660,CUST-10130,2025-11-02,0.0551,1
ORD-2025-047661,CUST-08469,2025-11-17,0.0022,1
ORD-2025-047662,CUST-04123,2025-11-02,0.2688,1
ORD-2025-047663,CUST-09144,2025-11-02,0.0789,1
ORD-2025-047664,CUST-04896,2025-11-08,0.1117,2
ORD-2025-047665,CUST-04582,2025-11-21,0.236,2
ORD-2025-047666,CUST-08303,2025-11-05,0.0101,1
ORD-2025-047667,CUST-12226,2025-11-06,0.1336,1
ORD-2025-047668,CUST-05379,2025-11-03,0.0165,3
ORD-2025-047669,CUST-05904,2025-11-09,0.0171,3
ORD-2025-047670, CUST-12780 ,2025-11-11,0.0052,1
ORD-2025-047671,CUST-11218,2025-11-01,0.3674,1
ORD-2025-047672,CUST-07041,2025-11-02,0.55,1
ORD-2025-047673,CUST-10293,2025-11-28,0.3256,1
ORD-2025-047674,CUST-07982,2025-11-25,0.3096,1
ORD-2025-047675,CUST-10541,2025-11-07,0.1001,2
ORD-2025-047676,CUST-06939,2025-11-01,0.0491,1
ORD-2025-047677,CUST-10314,2025-11-04,0.1668,1
ORD-2025-047678,CUST-06790,2025-11-09,0.0155,2
ORD-2025-047679,CUST-08180,2025-11-05,0.1244,1
ORD-2025-047680,CUST-12239,2025-11-25,0.2935,2
ORD-2025-047681,CUST-10345,2025-11-20,0.425,3
ORD-2025-047682,CUST-10231,2025-11-09,0.1264,1
ORD-2025-047683,CUST-07389,2025-11-04,0.1921,3
ORD-2025-047684,CUST-08542,2025-11-03,0.0859,1
ORD-2025-047685,CUST-02834,2025-11-14,0.0597,4
ORD-2025-047686,CUST-11231,2025-11-07,0.159,1
ORD-2025-047687,CUST-02110,2025-11-04,0.0155,5
ORD-2025-047688,CUST-01317,2025-11-13,0.5157,2
ORD-2025-047689,CUST-05887,2025-11-26,0.0577,4
ORD-2025-047690,CUST-10697,2025-11-13,0.2407,1
ORD-2025-047691,CUST-02599,2025-11-23,0.1696,1
ORD-2025-047692,CUST-09253,2025-11-06,0.1331,2
ORD-2025-047693,CUST-07790,2025-11-28,0.5362,1
ORD-2025-047694,CUST-06943,2025-11-02,0.0721,2
ORD-2025-047695,CUST-07682,2025-11-28,0.0258,3
ORD-2025-047696,CUST-13466,2025-11-19,0.0939,1
ORD-2025-047697,CUST-13682,2025-11-23,0.0236,1
ORD-2025-047698,CUST-04036,2025-11-28,0.1201,1
ORD-2025-047699,CUST-06513,2025-11-16,0.0359,1
ORD-2025-047700,CUST-04023,2025-11-14,0.1053,2
ORD-2025-047701,CUST-10491,2025-11-26,0.2315,2
ORD-2025-047702,CUST-08850,2025-11-29,0.1954,1
ORD-2025-047703,CUST-11625,2025-11-03,0.0587,1
ORD-2025-047704,CUST-12374,2025-11-30,0.0965,5
ORD-2025-047705,CUST-07804,2025-11-04,0.093,2
ORD-2025-047706,CUST-13885,2025-11-29,0.0457,4
ORD-2025-047707,CUST-00498,2025-11-19,0.2295,3
ORD-2025-047708,CUST-07706,2025-11-03,0.1136,1
ORD-2025-047709,CUST-09580,2025-11-09,0.0317,1
ORD-2025-047710,CUST-08517,2025-11-05,0.4064,1
ORD-2025-047711,CUST-06576,2025-11-07,0.0502,1
ORD-2025-047712,CUST-08871,2025-11-23,0.0607,1
ORD-2025-047713,CUST-02292,2025-11-21,0.1944,2
ORD-2025-047714,CUST-09782,2025-11-02,0.0963,2
ORD-2025-047715,CUST-01436,2025-11-03,0.2007,1
ORD-2025-047716,CUST-10162,2025-11-04,0.1889,1
ORD-2025-047717,CUST-00177,2025-11-09,0.1751,1
ORD-2025-047718,CUST-08674,2025-11-14,0.0697,4
ORD-2025-047719,CUST-04638,2025-11-17,0.0887,3
ORD-2025-047720,CUST-00794,2025-11-25,0.1072,2
ORD-2025-047721,CUST-02212,2025-11-20,0.1088,1
ORD-2025-047722,CUST-00273,2025-11-10,0.0857,1
ORD-2025-047723,CUST-04041,2025-11-05,0.3111,1
ORD-2025-047724,CUST-07851,2025-11-04,0.0504,2
ORD-2025-047725,CUST-07958,2025-11-18,0.105,3
ORD-2025-047726,CUST-01798,2025-11-02,0.0588,1
ORD-2025-047727,CUST-00639,2025-11-17,0.1807,1
ORD-2025-047728,CUST-07173,2025-11-16,0.0476,1
ORD-2025-047729,CUST-02875,2025-11-20,0.1918,3
ORD-2025-047730,CUST-12299,2025-11-12,0.4043,1
ORD-2025-047731,CUST-09124,2025-11-25,0.0151,1
ORD-2025-047732,CUST-06836,2025-11-15,0.0226,2
ORD-2025-047733,CUST-06151,2025-11-11,0.0584,3
ORD-2025-047734,CUST-10495,2025-11-16,0.017,2
ORD-2025-047735,CUST-07851,2025-11-06,0.1344,1
ORD-2025-047736,CUST-02420,2025-11-12,0.3848,1
ORD-2025-047737,CUST-12914,2025-11-21,0.5169,1
ORD-2025-047738,CUST-03998,2025-11-16,0.0879,2
ORD-2025-047739,CUST-05431,2025-11-24,0.0914,3
ORD-2025-047740,CUST-11252,2025-11-26,0.1611,1
ORD-2025-047741,CUST-07758,2025-11-21,0.55,1
ORD-2025-047742,CUST-10456,2025-11-18,0.1805,2
ORD-2025-047743,CUST-12671,2025-11-26,0.0141,1
ORD-2025-047744,CUST-09642,2025-11-10,0.3917,3
ORD-2025-047745,CUST-00650,2025-11-11,0.3673,3
ORD-2025-047746,CUST-13253,2025-11-19,0.1164,1
ORD-2025-047747,CUST-03326,2025-11-16,0.0565,1
ORD-2025-047748,CUST-10760,2025-11-30,0.2726,1
ORD-2025-047749,CUST-10783,2025-11-02,0.55,1
ORD-2025-047750,CUST-09276,2025-11-24,0.494,2
ORD-2025-047751,CUST-12538,2025-11-16,0.2115,1
ORD-2025-047752,CUST-07064,2025-11-05,0.0724,1
ORD-2025-047753,CUST-01780,2025-11-24,0.0736,1
ORD-2025-047754,CUST-05776,2025-11-17,0.2664,1
ORD-2025-047755,CUST-09239,2025-11-06,0.2278,1
ORD-2025-047756,CUST-03276,2025-11-12,0.1308,1
ORD-2025-047757,CUST-04760,2025-11-14,0.0639,2
ORD-2025-047758,CUST-10142,2025-11-04,0.0122,2
ORD-2025-047759,CUST-11166,2025-11-28,0.0789,2
ORD-2025-047760,CUST-03035,2025-11-24,0.0771,1
ORD-2025-047761,CUST-00616,2025-11-20,0.2882,1
ORD-2025-047762,CUST-11953,2025-11-21,0.1379,2
ORD-2025-047763,CUST-08024,2025-11-17,0.1293,2
ORD-2025-047764,CUST-12217,2025-11-22,0.069,2
ORD-2025-047765,CUST-00245,2025-11-18,0.0539,2
ORD-2025-047766,CUST-09598,2025-11-07,0.0674,3
ORD-2025-047767,CUST-09294,2025-11-01,0.1301,2
ORD-2025-047768,CUST-12101,2025-11-18,0.1237,1
ORD-2025-047769,CUST-06446,2025-11-03,0.0356,1
ORD-2025-047770,CUST-09406,2025-11-20,0.0722,1
ORD-2025-047771,CUST-05419,2025-11-24,0.0997,1
ORD-2025-047772,CUST-04787,2025-11-04,0.1264,1
ORD-2025-047773,CUST-01930,2025-11-02,0.1126,1
ORD-2025-047774,CUST-06414,2025-11-21,0.0693,1
ORD-2025-047775,CUST-11759,2025-11-10,0.55,1
ORD-2025-047776,CUST-11244,2025-11-16,0.4954,1
ORD-2025-047777,CUST-11821,2025-11-02,0.027,2
ORD-2025-047778,CUST-06237,2025-11-25,0.0918,3
ORD-2025-047779,CUST-08397,2025-11-27,0.4801,2
ORD-2025-047780,CUST-12632,2025-11-19,0.2189,1
ORD-2025-047781,CUST-00482,2025-11-08,0.1559,1
ORD-2025-047782,CUST-02358,2025-11-26,0.033,2
ORD-2025-047783,CUST-02176,2025-11-11,0.0254,3
ORD-2025-047784,CUST-07355,2025-11-21,0.0179,2
ORD-2025-047785,CUST-02924,2025-11-12,0.0246,2
ORD-2025-047786,CUST-08903,2025-11-21,0.0734,1
ORD-2025-047787,CUST-06040,2025-11-16,0.4492,2
ORD-2025-047788,CUST-08421,2025-11-03,0.0165,2
ORD-2025-047789,CUST-10826,2025-11-20,0.0576,1
ORD-2025-047790,CUST-09950,2025-11-13,0.0236,1
ORD-2025-047791,CUST-02469,2025-11-24,0.0334,2
ORD-2025-047792,CUST-02820,2025-11-30,0.015,1
ORD-2025-047793,CUST-04231,2025-11-05,0.0349,2
ORD-2025-047794,CUST-03106,2025-11-10,0.0223,2
ORD-2025-047795,CUST-03643,2025-11-18,0.1315,2
ORD-2025-047796,CUST-06198,2025-11-13,0.1517,1
ORD-2025-047797,CUST-11583,2025-11-02,0.1206,1
ORD-2025-047798,CUST-06238,2025-11-08,0.2355,1
ORD-2025-047799,CUST-08300,2025-11-05,0.1059,1
ORD-2025-047800,CUST-02231,2025-11-03,0.0968,1
ORD-2025-047801,CUST-11820,2025-11-23,0.0622,2
ORD-2025-047802,CUST-13183,2025-11-11,0.0933,1
ORD-2025-047803,CUST-02562,2025-11-22,0.1728,1
ORD-2025-047804,CUST-05713,2025-11-15,0.0437,1
ORD-2025-047805,CUST-00273,2025-11-03,0.0157,1
ORD-2025-047806,CUST-06925,2025-11-09,0.0207,1
ORD-2025-047807,CUST-12537,2025-11-08,0.0691,2
ORD-2025-047808,CUST-01044,2025-11-04,0.0987,1
ORD-2025-047809,CUST-00422,2025-11-08,0.1103,3
ORD-2025-047810,CUST-10976,2025-11-30,0.0246,2
ORD-2025-047811,CUST-09070,2025-11-15,0.3994,2
ORD-2025-047812,CUST-09094,2025-11-05,0.2899,1
ORD-2025-047813,CUST-06446,2025-11-17,0.1593,2
ORD-2025-047814,CUST-08174,2025-11-16,0.1437,3
ORD-2025-047815,CUST-01166,2025-11-29,0.2829,1
ORD-2025-047816,CUST-04135,2025-11-20,0.1023,3
ORD-2025-047817,CUST-05992,2025-11-29,0.0857,3
ORD-2025-047818,CUST-09135,2025-11-09,0.2928,1
ORD-2025-047819,CUST-11682,2025-11-20,0.1135,4
ORD-2025-047820,CUST-11819,2025-11-15,0.1287,2
ORD-2025-047821,CUST-06873,2025-11-16,0.1035,1
ORD-2025-047822,CUST-00876,2025-11-12,0.2259,3
ORD-2025-047823,CUST-00535,2025-11-18,0.0622,3
ORD-2025-047824,CUST-12608,2025-11-09,0.0568,1
ORD-2025-047825,CUST-06016,2025-11-17,0.0978,4
ORD-2025-047826,CUST-09963,2025-11-14,0.1176,1
ORD-2025-047827,CUST-07760,2025-11-01,0.1106,1
ORD-2025-047828,CUST-09747,2025-11-03,0.055,2
ORD-2025-047829,CUST-12033,2025-11-16,0.0692,1
ORD-2025-047830,CUST-09764,2025-11-20,0.0702,1
ORD-2025-047831,CUST-03327,2025-11-18,0.0037,1
ORD-2025-047832,CUST-13530,2025-11-19,0.1708,3
ORD-2025-047833,CUST-05916,2025-11-28,0.1622,2
ORD-2025-047834,CUST-11096,2025-11-17,0.1068,1
ORD-2025-047835,CUST-11612,2025-11-19,0.0124,1
ORD-2025-047836,CUST-04805,2025-11-21,0.1282,1
ORD-2025-047837,CUST-06687,2025-11-08,0.1607,3
ORD-2025-047838,CUST-06020,2025-11-06,0.0075,3
ORD-2025-047839,CUST-05577,2025-11-08,0.1683,1
ORD-2025-047840,CUST-13355,2025-11-13,0.182,1
ORD-2025-047841,CUST-01720,2025-11-04,0.1599,1
ORD-2025-047842,CUST-09769,2025-11-10,0.1746,1
ORD-2025-047843,CUST-02610,2025-11-22,0.2787,1
ORD-2025-047844,CUST-05598,2025-11-18,0.2563,3
ORD-2025-047845,CUST-08295,2025-11-22,0.5271,1
ORD-2025-047846,CUST-11816,2025-11-25,0.0947,1
ORD-2025-047847,CUST-02638,2025-11-16,0.3907,1
ORD-2025-047848,CUST-12261,2025-11-09,0.0548,2
ORD-2025-047849,CUST-03289,2025-11-04,0.0424,1
ORD-2025-047850,CUST-11312,2025-11-30,0.0814,1
ORD-2025-047851,CUST-05759,2025-11-26,0.1033,3
ORD-2025-047852,CUST-04521,2025-11-01,0.0169,2
ORD-2025-047853,CUST-00039,2025-11-05,0.1652,1
ORD-2025-047854,CUST-03544,2025-11-25,0.0294,2
ORD-2025-047855,CUST-04276,2025-11-28,0.0606,1
ORD-2025-047856,CUST-03393,2025-11-08,0.047,1
ORD-2025-047857,CUST-08182,2025-11-26,0.0557,1
ORD-2025-047858,CUST-04989,2025-11-12,0.3569,2
ORD-2025-047859,CUST-03218,2025-11-17,0.2818,1
ORD-2025-047860,CUST-12921,2025-11-15,0.2681,1
ORD-2025-047861,CUST-06121,2025-11-23,0.0311,1
ORD-2025-047862,CUST-00250,2025-11-04,0.1828,3
ORD-2025-047863,CUST-03967,2025-11-30,0.0344,1
ORD-2025-047864,CUST-12059,2025-11-17,0.1793,1
ORD-2025-047865,CUST-04216,2025-11-10,0.076,1
ORD-2025-047866,CUST-08262,2025-11-20,0.0537,1
ORD-2025-047867,CUST-00409,2025-11-29,0.0401,1
ORD-2025-047868,CUST-06399,2025-11-11,0.129,2
ORD-2025-047869,CUST-05879,2025-11-07,0.0624,3
ORD-2025-047870,CUST-05575,2025-11-18,0.1049,2
ORD-2025-047871,CUST-07065,2025-11-13,0.1016,2
ORD-2025-047872,CUST-03523,2025-11-12,0.009,2
ORD-2025-047873,CUST-03606,2025-11-28,0.3141,2
ORD-2025-047874,CUST-03419,2025-11-16,0.3008,2
ORD-2025-047875,CUST-07540,2025-11-07,0.14,1
ORD-2025-047876,CUST-00613,2025-11-13,0.017,1
ORD-2025-047877,CUST-04749,2025-11-22,0.1158,3
ORD-2025-047878,CUST-00456,2025-11-25,0.0323,1
ORD-2025-047879,CUST-07368,2025-11-03,0.1555,1
ORD-2025-047880,CUST-07822,2025-11-17,0.0365,1
ORD-2025-047881,CUST-08424,2025-11-23,0.0417,1
ORD-2025-047882,CUST-09703,2025-11-25,0.0242,4
ORD-2025-047883,CUST-06825,2025-11-10,0.3997,1
ORD-2025-047884,CUST-00380,2025-11-30,0.3979,1
ORD-2025-047885,CUST-02278,2025-11-10,0.0606,1
ORD-2025-047886,CUST-11461,2025-11-22,0.2842,1
ORD-2025-047887,CUST-07625,2025-11-28,0.009,1
ORD-2025-047888,CUST-06611,2025-11-21,0.0478,1
ORD-2025-047889,CUST-08926,2025-11-06,0.2386,1
ORD-2025-047890,CUST-07069,2025-11-02,0.0802,1
ORD-2025-047891,CUST-13161,2025-11-29,0.0598,2
ORD-2025-047892,CUST-10240,2025-11-15,0.0293,1
ORD-2025-047893,CUST-08830,2025-11-19,0.0369,2
ORD-2025-047894,CUST-05676,2025-11-27,0.0421,4
ORD-2025-047895,CUST-05862,2025-11-28,0.056,1
ORD-2025-047896,CUST-13460,2025-11-18,0.019,1
ORD-2025-047897,CUST-11890,2025-11-27,0.1729,1
ORD-2025-047898,CUST-06740,2025-11-16,0.2021,1
ORD-2025-047899,CUST-04482,2025-11-30,0.0406,1
ORD-2025-047900,CUST-11714,2025-11-15,0.3409,1
ORD-2025-047901,CUST-12135,2025-11-06,0.0219,1
ORD-2025-047902,CUST-06079,2025-11-13,0.1543,2
ORD-2025-047903,CUST-00422,2025-11-13,0.0813,1
ORD-2025-047904,CUST-09609,2025-11-26,0.0097,1
ORD-2025-047905,CUST-05369,2025-11-10,0.1029,3
ORD-2025-047906,CUST-01060,2025-11-24,0.0414,3
ORD-2025-047907,CUST-03106,2025-11-30,0.0027,2
ORD-2025-047908,CUST-05613,2025-11-03,0.0466,1
ORD-2025-047909,CUST-03936,2025-11-10,0.1116,1
ORD-2025-047910,CUST-06466,2025-11-06,0.149,1
ORD-2025-047911,CUST-07134,2025-11-25,0.0795,3
ORD-2025-047912,CUST-13041,2025-11-20,0.0275,1
ORD-2025-047913,CUST-05459,2025-11-09,0.0204,1
ORD-2025-047914,CUST-12651,2025-11-02,0.1273,2
ORD-2025-047915,CUST-02310,2025-11-26,0.1641,1
ORD-2025-047916,CUST-12619,2025-11-14,0.1508,4
ORD-2025-047917,CUST-13077,2025-11-19,0.55,2
ORD-2025-047918,CUST-09051,2025-11-02,0.0207,2
ORD-2025-047919,CUST-06783,2025-11-15,0.406,2
ORD-2025-047920,CUST-01860,2025-11-14,0.0283,1
ORD-2025-047921,CUST-02604,2025-11-13,0.0523,1
ORD-2025-047922,CUST-01584,2025-11-07,0.1378,1
ORD-2025-047923,CUST-10358,2025-11-17,0.2779,1
ORD-2025-047924,CUST-12267,2025-11-08,0.2396,4
ORD-2025-047925,CUST-05583,2025-11-15,0.0251,2
ORD-2025-047926,CUST-04802,2025-11-14,0.0115,1
ORD-2025-047927,CUST-05060,2025-11-13,0.0733,1
ORD-2025-047928,CUST-05076,2025-11-10,0.0555,3
ORD-2025-047929,CUST-04689,2025-11-07,0.1615,1
ORD-2025-047930,CUST-07599,2025-11-24,0.0164,1
ORD-2025-047931,CUST-11095,2025-11-27,0.0699,1
ORD-2025-047932,CUST-03854,2025-11-14,0.1242,1
ORD-2025-047933,CUST-09422,2025-11-17,0.103,1
ORD-2025-047934,CUST-13021,2025-11-19,0.0517,2
ORD-2025-047935,CUST-02844,2025-11-18,0.0568,1
ORD-2025-047936,CUST-03021,2025-11-18,0.0345,2
ORD-2025-047937,CUST-12910,2025-11-26,0.3029,1
ORD-2025-047938,CUST-09519,2025-11-01,0.042,1
ORD-2025-047939,CUST-12666,2025-11-06,0.119,1
ORD-2025-047940,CUST-11920,2025-11-22,0.0906,1
ORD-2025-047941,CUST-08180,2025-11-07,0.032,4
ORD-2025-047942,CUST-05859,2025-11-20,0.1061,1
ORD-2025-047943,CUST-00832,2025-11-26,0.0668,1
ORD-2025-047944,CUST-10422,2025-11-22,0.042,2
ORD-2025-047945,CUST-05391,2025-11-14,0.0665,4
ORD-2025-047946,CUST-10120,2025-11-23,0.2453,1
ORD-2025-047947,CUST-12736,2025-11-21,0.0343,1
ORD-2025-047948,CUST-01274,2025-11-03,0.0637,2
ORD-2025-047949,CUST-00502,2025-11-13,0.1192,3
ORD-2025-047950,CUST-01865,2025-11-17,0.1282,1
ORD-2025-047951,CUST-09095,2025-11-06,0.0938,1
ORD-2025-047952,CUST-13298,2025-11-01,0.102,2
ORD-2025-047953,CUST-08793,2025-11-06,0.4493,2
ORD-2025-047954,CUST-01448,2025-11-20,0.1825,1
ORD-2025-047955,CUST-10631,2025-11-14,0.0733,1
ORD-2025-047956,CUST-07067,2025-11-20,0.0921,1
ORD-2025-047957,CUST-02183,2025-11-24,0.0705,1
ORD-2025-047958,CUST-09916,2025-11-29,0.0194,2
ORD-2025-047959,CUST-04385,2025-11-18,0.1991,2
ORD-2025-047960,CUST-10916,2025-11-15,0.1043,1
ORD-2025-047961,CUST-11251,2025-11-03,0.1153,3
ORD-2025-047962,CUST-10133,2025-11-10,0.0499,1
ORD-2025-047963,CUST-08660,2025-11-27,0.0271,4
ORD-2025-047964,CUST-09128,2025-11-25,0.0584,1
ORD-2025-047965,CUST-05400,2025-11-05,0.0522,1
ORD-2025-047966,CUST-03326,2025-11-27,0.0537,3
ORD-2025-047967,CUST-09764,2025-11-15,0.0526,1
ORD-2025-047968,CUST-12790,2025-11-30,0.1433,3
ORD-2025-047969,CUST-02412,2025-11-10,0.0649,2
ORD-2025-047970,CUST-12894,2025-11-12,0.0858,1
ORD-2025-047971,CUST-04886,2025-11-18,0.0122,1
ORD-2025-047972,CUST-04550,2025-11-29,0.2231,1
ORD-2025-047973,CUST-05420,2025-11-13,0.1143,1
ORD-2025-047974,CUST-06489,2025-11-30,0.1156,1
ORD-2025-047975,CUST-01798,2025-11-02,0.089,2
ORD-2025-047976,CUST-06697,2025-11-22,0.08,1
ORD-2025-047977,CUST-07460,2025-11-29,0.3008,1
ORD-2025-047978,CUST-12634,2025-11-02,0.0526,2
ORD-2025-047979,CUST-12124,2025-11-10,0.0603,3
ORD-2025-047980,CUST-00393,2025-11-17,0.1041,2
ORD-2025-047981,CUST-07310,2025-11-24,0.0628,2
ORD-2025-047982,CUST-05393,2025-11-05,0.1802,1
ORD-2025-047983,CUST-06809,2025-11-19,0.1732,1
ORD-2025-047984,CUST-13439,2025-11-02,0.0651,2
ORD-2025-047985,CUST-10851,2025-11-04,0.0878,1
ORD-2025-047986,CUST-04014,2025-11-22,0.0251,1
ORD-2025-047987,CUST-02391,2025-11-30,0.0598,4
ORD-2025-047988,CUST-00980,2025-11-10,0.1467,2
ORD-2025-047989,CUST-04136,2025-11-15,0.4871,1
ORD-2025-047990,CUST-12065,2025-11-27,0.55,1
ORD-2025-047991,CUST-04262,2025-11-18,0.0672,1
ORD-2025-047992,CUST-08273,2025-11-25,0.0356,2
ORD-2025-047993,CUST-05875,2025-11-15,0.135,3
ORD-2025-047994,CUST-11692,2025-11-26,0.0612,1
ORD-2025-047995,CUST-09639,2025-11-26,0.0667,1
ORD-2025-047996,CUST-04261,2025-11-06,0.0631,3
ORD-2025-047997,CUST-12933,2025-11-10,0.4321,2
ORD-2025-047998,CUST-12475,2025-11-30,0.2033,2
ORD-2025-047999,CUST-08949,2025-11-06,0.0702,1
ORD-2025-048000,CUST-04266,2025-11-07,0.042,1
ORD-2025-048001,CUST-11692,2025-11-01,0.043,2
ORD-2025-048002,CUST-06155,2025-11-04,0.1413,2
ORD-2025-048003,CUST-10075,2025-11-22,0.2856,1
ORD-2025-048004,CUST-04164,2025-11-04,0.55,1
ORD-2025-048005,CUST-12883,2025-11-10,0.4108,2
ORD-2025-048006,CUST-00983,2025-11-22,0.1093,5
ORD-2025-048007,CUST-11306,2025-11-05,0.2572,4
ORD-2025-048008,CUST-00876,2025-11-13,0.1595,4
ORD-2025-048009,CUST-11945,2025-11-23,0.3466,3
ORD-2025-048010,CUST-13095,2025-11-26,0.1816,2
ORD-2025-048011,CUST-07944,2025-11-14,0.0346,1
ORD-2025-048012,CUST-04366,2025-11-16,0.0518,1
ORD-2025-048013,CUST-08428,2025-11-13,0.0797,1
ORD-2025-048014,CUST-04841,2025-11-05,0.0239,1
ORD-2025-048015,CUST-12658,2025-11-01,0.291,2
ORD-2025-048016,CUST-02456,2025-11-04,0.3563,2
ORD-2025-048017,CUST-08838,2025-11-02,0.0598,1
ORD-2025-048018,CUST-13486,2025-11-02,0.094,2
ORD-2025-048019,CUST-05745,2025-11-23,0.0237,1
ORD-2025-048020,CUST-07212,2025-11-22,0.1378,1
ORD-2025-048021,CUST-12648,2025-11-17,0.1422,1
ORD-2025-048022,CUST-05983,2025-11-10,0.0402,1
ORD-2025-048023,CUST-01216,2025-11-04,0.4958,2
ORD-2025-048024,CUST-12326,2025-11-01,0.0805,1
ORD-2025-048025,CUST-12749,2025-11-14,0.55,1
ORD-2025-048026,CUST-03727,2025-11-20,0.0413,1
ORD-2025-048027,CUST-10750,2025-11-25,0.0351,1
ORD-2025-048028,CUST-11005,2025-11-10,0.1444,1
ORD-2025-048029,CUST-00397,2025-11-21,0.039,3
ORD-2025-048030,CUST-12929,2025-11-17,0.0056,1
ORD-2025-048031,CUST-08281,2025-11-16,0.0243,2
ORD-2025-048032,CUST-04749,2025-11-14,0.1952,1
ORD-2025-048033,CUST-07129,2025-11-27,0.1944,2
ORD-2025-048034,CUST-01103,2025-11-04,0.0173,4
ORD-2025-048035,CUST-05864,2025-11-09,0.1739,1
ORD-2025-048036,CUST-05648,2025-11-11,0.1674,2
ORD-2025-048037,CUST-11175,2025-11-06,0.1517,1
ORD-2025-048038,CUST-10718,2025-11-23,0.0147,2
ORD-2025-048039,CUST-09573,2025-11-03,0.147,1
ORD-2025-048040,CUST-05176,2025-11-29,0.036,1
ORD-2025-048041,CUST-02467,2025-11-27,0.1511,4
ORD-2025-048042,CUST-11999,2025-11-19,0.2225,1
ORD-2025-048043,CUST-02471,2025-11-06,0.0957,2
ORD-2025-048044,CUST-04394,2025-11-03,0.0173,1
ORD-2025-048045,CUST-03158,2025-11-01,0.2291,2
ORD-2025-048046,CUST-04709,2025-11-09,0.2215,2
ORD-2025-048047,CUST-04364,2025-11-27,0.0562,1
ORD-2025-048048,CUST-07855,2025-11-01,0.1066,1
ORD-2025-048049,CUST-12344,2025-11-22,0.0598,1
ORD-2025-048050,CUST-08288,2025-11-15,0.0167,1
ORD-2025-048051,CUST-04603,2025-11-27,0.0402,1
ORD-2025-048052,CUST-00457,2025-11-24,0.3612,1
ORD-2025-048053,CUST-01520,2025-11-09,0.1031,3
ORD-2025-048054,CUST-02407,2025-11-16,0.0823,3
ORD-2025-048055,CUST-08597,2025-11-23,0.177,1
ORD-2025-048056,CUST-05676,2025-11-07,0.0357,1
ORD-2025-048057,CUST-10967,2025-11-16,0.1287,1
ORD-2025-048058,CUST-11440,2025-11-03,0.174,1
ORD-2025-048059,CUST-05893,2025-11-21,0.0118,1
ORD-2025-048060,CUST-12251,2025-11-29,0.0448,1
ORD-2025-048061,CUST-13595,2025-11-25,0.0293,1
ORD-2025-048062,CUST-12018,2025-11-24,0.1372,1
ORD-2025-048063,CUST-13131,2025-11-08,0.0893,1
ORD-2025-048064,CUST-03023,2025-11-10,0.3291,1
ORD-2025-048065,CUST-08145,2025-11-17,0.1121,2
ORD-2025-048066,CUST-02090,2025-11-17,0.3136,2
ORD-2025-048067,CUST-07671,2025-11-12,0.0401,1
ORD-2025-048068,CUST-01727,2025-11-10,0.1644,1
ORD-2025-048069,CUST-12430,2025-11-04,0.1212,3
ORD-2025-048070,CUST-05710,2025-11-20,0.014,1
ORD-2025-048071,CUST-09174,2025-11-26,0.0153,2
ORD-2025-048072,CUST-02803,2025-11-18,0.1022,1
ORD-2025-048073,CUST-12458,2025-11-27,0.0625,3
ORD-2025-048074,CUST-11160,2025-11-26,0.3493,1
ORD-2025-048075,CUST-05995,2025-11-12,0.1375,1
ORD-2025-048076,CUST-12736,2025-11-14,0.064,1
ORD-2025-048077,CUST-07479,2025-11-11,0.0498,1
ORD-2025-048078,CUST-09532,2025-11-12,0.0027,1
ORD-2025-048079,CUST-11349,2025-11-01,0.0929,1
ORD-2025-048080,CUST-04270,2025-11-15,0.0597,1
ORD-2025-048081,CUST-06047,2025-11-13,0.0812,1
ORD-2025-048082,CUST-04609,2025-11-12,0.0206,1
ORD-2025-048083,CUST-02872,2025-11-26,0.0291,1
ORD-2025-048084,CUST-03185,2025-11-24,0.0294,1
ORD-2025-048085,CUST-04368,2025-11-01,0.0851,1
ORD-2025-048086,CUST-05181,2025-11-29,0.1046,1
ORD-2025-048087,CUST-09008,2025-11-23,0.2987,1
ORD-2025-048088,CUST-00382,2025-11-06,0.0891,1
ORD-2025-048089,CUST-09036,2025-11-30,0.1089,1
ORD-2025-048090,CUST-09177,2025-11-05,0.1211,1
ORD-2025-048091,CUST-01269,2025-11-17,0.0136,1
ORD-2025-048092,CUST-13050,2025-11-23,0.0988,1
ORD-2025-048093,CUST-04438,2025-11-30,0.0251,1
ORD-2025-048094,CUST-11843,2025-11-05,0.0483,1
ORD-2025-048095,CUST-01428,2025-11-14,0.0789,2
ORD-2025-048096,CUST-13162,2025-11-08,0.1454,2
ORD-2025-048097,CUST-13004,2025-11-04,0.0472,2
ORD-2025-048098,CUST-00679,2025-11-30,0.1095,1
ORD-2025-048099,CUST-00813,2025-11-15,0.2446,3
ORD-2025-048100,CUST-02589,2025-11-20,0.0085,1
ORD-2025-048101,CUST-02779,2025-11-13,0.022,1
ORD-2025-048102,CUST-12952,2025-11-30,0.3289,1
ORD-2025-048103,CUST-09676,2025-11-28,0.55,1
ORD-2025-048104,CUST-00104,2025-11-16,0.2521,1
ORD-2025-048105,CUST-08260,2025-11-22,0.0864,2
ORD-2025-048106,CUST-05167,2025-11-03,0.55,1
ORD-2025-048107,CUST-02634,2025-11-10,0.55,1
ORD-2025-048108,CUST-11311,2025-11-13,0.0583,2
ORD-2025-048109,CUST-04141,2025-11-04,0.0477,1
ORD-2025-048110,CUST-01333,2025-11-26,0.0791,1
ORD-2025-048111,CUST-06627,2025-11-20,0.0612,1
ORD-2025-048112,CUST-12507,2025-11-11,0.0826,2
ORD-2025-048113,CUST-09894,2025-11-21,0.0297,1
ORD-2025-048114,CUST-08293,2025-11-09,0.033,2
ORD-2025-048115,CUST-05990,2025-11-23,0.0221,1
ORD-2025-048116,CUST-13240,2025-11-12,0.1845,1
ORD-2025-048117,CUST-01436,2025-11-24,0.0658,1
ORD-2025-048118,CUST-11775,2025-11-08,0.1066,1
ORD-2025-048119,CUST-01341,2025-11-30,0.0561,1
ORD-2025-048120,CUST-11397,2025-11-07,0.0781,2
ORD-2025-048121,CUST-11769,2025-11-17,0.2725,1
ORD-2025-048122,CUST-06011,2025-11-28,0.1839,3
ORD-2025-048123,CUST-02425,2025-11-07,0.0783,1
ORD-2025-048124,CUST-11956,2025-11-22,0.2523,2
ORD-2025-048125,CUST-08274,2025-11-12,0.0349,4
ORD-2025-048126,CUST-11562,2025-11-14,0.1269,1
ORD-2025-048127,CUST-04048,2025-11-22,0.0838,1
ORD-2025-048128,CUST-06694,2025-11-26,0.068,2
ORD-2025-048129,CUST-04303,2025-11-13,0.55,1
ORD-2025-048130,CUST-11679,2025-11-10,0.0254,1
ORD-2025-048131,CUST-04936,2025-11-30,0.1141,2
ORD-2025-048132,CUST-02261,2025-11-18,0.2125,1
ORD-2025-048133,CUST-00456,2025-11-29,0.0504,4
ORD-2025-048134,CUST-10508,2025-11-01,0.1231,1
ORD-2025-048135,CUST-00495,2025-11-26,0.1283,2
ORD-2025-048136,CUST-11349,2025-11-23,0.1084,2
ORD-2025-048137,CUST-03681,2025-11-11,0.0995,2
ORD-2025-048138,CUST-10735,2025-11-12,0.0742,3
ORD-2025-048139,CUST-09009,2025-11-10,0.4532,1
ORD-2025-048140,CUST-02196,2025-11-26,0.2083,1
ORD-2025-048141,CUST-09298,2025-11-15,0.4675,2
ORD-2025-048142,CUST-12467,2025-11-09,0.0144,1
ORD-2025-048143,CUST-02299,2025-11-04,0.0507,1
ORD-2025-048144,CUST-04572,2025-11-25,0.2353,1
ORD-2025-048145,CUST-01650,2025-11-22,0.0539,5
ORD-2025-048146,CUST-03736,2025-11-09,0.0616,1
ORD-2025-048147,CUST-03401,2025-11-05,0.0401,1
ORD-2025-048148,CUST-02706,2025-11-26,0.2846,3
ORD-2025-048149,CUST-11337,2025-11-12,0.0378,2
ORD-2025-048150,CUST-01085,2025-11-29,0.0232,1
ORD-2025-048151,CUST-08873,2025-11-28,0.2719,1
ORD-2025-048152,CUST-07065,2025-11-17,0.1081,1
ORD-2025-048153,CUST-08674,2025-11-14,0.0348,2
ORD-2025-048154,CUST-04800,2025-11-15,0.1671,1
ORD-2025-048155,CUST-08272,2025-11-23,0.0803,2
ORD-2025-048156,CUST-09716,2025-11-08,0.0701,2
ORD-2025-048157,CUST-03890,2025-11-30,0.0205,1
ORD-2025-048158,CUST-06545,2025-11-24,0.0311,1
ORD-2025-048159,CUST-06996,2025-11-06,0.1134,2
ORD-2025-048160,CUST-08542,2025-11-05,0.0198,1
ORD-2025-048161,CUST-07152,2025-11-14,0.3241,2
ORD-2025-048162,CUST-08214,2025-11-18,0.0769,3
ORD-2025-048163,CUST-11775,2025-11-18,0.0356,1
ORD-2025-048164,CUST-08271,2025-11-04,0.1894,3
ORD-2025-048165,CUST-12521,2025-11-02,0.1844,2
ORD-2025-048166,CUST-05947,2025-11-16,0.0799,1
ORD-2025-048167,CUST-06065,2025-11-14,0.0645,2
ORD-2025-048168,CUST-05739,2025-11-25,0.2553,2
ORD-2025-048169,CUST-00127,2025-11-06,0.1645,2
ORD-2025-048170,CUST-05176,2025-11-21,0.0758,2
ORD-2025-048171,CUST-07509,2025-11-26,0.5046,2
ORD-2025-048172,CUST-02797,2025-11-12,0.0357,2
ORD-2025-048173,CUST-01666,2025-11-16,0.0898,1
ORD-2025-048174,CUST-05210,2025-11-15,0.3807,2
ORD-2025-048175,CUST-04141,2025-11-09,0.0645,1
ORD-2025-048176,CUST-04673,2025-11-29,0.1353,3
ORD-2025-048177,CUST-11398,2025-11-13,0.06,4
ORD-2025-048178,CUST-06743,2025-11-14,0.0191,2
ORD-2025-048179,CUST-03232,2025-11-23,0.383,2
ORD-2025-048180,CUST-01976,2025-11-21,0.1119,5
ORD-2025-048181,CUST-06330,2025-11-02,0.0593,1
ORD-2025-048182,CUST-03738,2025-11-01,0.0814,1
ORD-2025-048183,CUST-01658,2025-11-19,0.0129,1
ORD-2025-048184,CUST-11622,2025-11-07,0.3801,1
ORD-2025-048185,CUST-09668,2025-11-23,0.0384,1
ORD-2025-048186,CUST-10122,2025-11-16,0.0392,1
ORD-2025-048187,CUST-07435,2025-11-06,0.2249,1
ORD-2025-048188,CUST-07447,2025-11-06,0.55,1
ORD-2025-048189,CUST-00700,2025-11-08,0.122,3
ORD-2025-048190,CUST-03912,2025-11-07,0.0556,1
ORD-2025-048191,CUST-00892,2025-11-13,0.041,2
ORD-2025-048192,CUST-03997,2025-11-10,0.0229,1
ORD-2025-048193,CUST-10365,2025-11-26,0.1098,1
ORD-2025-048194,CUST-09532,2025-11-22,0.0224,2
ORD-2025-048195,CUST-10513,2025-11-26,0.0714,1
ORD-2025-048196,CUST-05837,2025-11-14,0.1458,1
ORD-2025-048197,CUST-07941,2025-11-08,0.3119,2
ORD-2025-048198,CUST-07173,2025-11-21,0.072,1
ORD-2025-048199,CUST-03057,2025-11-25,0.0639,1
ORD-2025-048200,CUST-01659,2025-11-23,0.1721,2
ORD-2025-048201,CUST-13016,2025-11-10,0.0442,1
ORD-2025-048202,CUST-13058,2025-11-08,0.0682,1
ORD-2025-048203,CUST-01846,2025-11-24,0.0979,1
ORD-2025-048204,CUST-12556,2025-11-28,0.0357,5
ORD-2025-048205,CUST-08024,2025-11-12,0.1217,1
ORD-2025-048206,CUST-07723,2025-11-18,0.0225,1
ORD-2025-048207,CUST-12456,2025-11-04,0.2279,1
ORD-2025-048208,CUST-02371,2025-11-20,0.0954,1
ORD-2025-048209,CUST-11867,2025-11-04,0.2391,2
ORD-2025-048210,CUST-00742,2025-11-09,0.4585,2
ORD-2025-048211,CUST-06534,2025-11-29,0.1571,1
ORD-2025-048212,CUST-07563,2025-11-12,0.1961,1
ORD-2025-048213,CUST-12684,2025-11-06,0.0429,2
ORD-2025-048214,CUST-13364,2025-11-19,0.1588,1
ORD-2025-048215,CUST-06438,2025-11-08,0.4219,2
ORD-2025-048216,CUST-05734,2025-11-25,0.1913,1
ORD-2025-048217,CUST-12238,2025-11-19,0.031,1
ORD-2025-048218,CUST-06045,2025-11-09,0.0292,1
ORD-2025-048219,CUST-01218,2025-11-06,0.4217,2
ORD-2025-048220,CUST-12548,2025-11-24,0.438,2
ORD-2025-048221,CUST-11875,2025-11-24,0.0779,2
ORD-2025-048222,CUST-12041,2025-11-01,0.0999,1
ORD-2025-048223,CUST-09606,2025-11-28,0.1085,1
ORD-2025-048224,CUST-12936,2025-11-13,0.1724,2
ORD-2025-048225,CUST-02924,2025-11-01,0.0314,2
ORD-2025-048226,CUST-11100,2025-11-09,0.0094,1
ORD-2025-048227,CUST-02310,2025-11-10,0.1244,2
ORD-2025-048228,CUST-00801,2025-11-23,0.0545,1
ORD-2025-048229,CUST-12714,2025-11-15,0.0232,2
ORD-2025-048230,CUST-04419,2025-11-17,0.0487,1
ORD-2025-048231,CUST-12847,2025-11-15,0.0993,2
ORD-2025-048232,CUST-07201,2025-11-23,0.0731,3
ORD-2025-048233,CUST-08159,2025-11-06,0.0268,1
ORD-2025-048234,CUST-02898,2025-11-09,0.1244,2
ORD-2025-048235,CUST-01923,2025-11-21,0.0162,1
ORD-2025-048236,CUST-06755,2025-11-24,0.1625,2
ORD-2025-048237,CUST-03156,2025-11-09,0.0337,2
ORD-2025-048238,CUST-04613,2025-11-19,0.1383,2
ORD-2025-048239,CUST-10636,2025-11-08,0.0847,3
ORD-2025-048240,CUST-10089,2025-11-12,0.1115,1
ORD-2025-048241,CUST-11217,2025-11-21,0.0478,1
ORD-2025-048242,CUST-12202,2025-11-04,0.0307,2
ORD-2025-048243,CUST-08819,2025-11-05,0.0278,1
ORD-2025-048244,CUST-07649,2025-11-18,0.1027,2
ORD-2025-048245,CUST-00983,2025-11-21,0.1116,3
ORD-2025-048246,CUST-02368,2025-11-21,0.1249,2
ORD-2025-048247,CUST-06931,2025-11-27,0.0768,5
ORD-2025-048248,CUST-13226,2025-11-09,0.2007,1
ORD-2025-048249,CUST-07592,2025-11-17,0.0246,2
ORD-2025-048250,CUST-00863,2025-11-28,0.0135,1
ORD-2025-048251,CUST-07974,2025-11-24,0.0758,2
ORD-2025-048252,CUST-02366,2025-11-27,0.4095,1
ORD-2025-048253,CUST-09849,2025-11-22,0.2804,2
ORD-2025-048254,CUST-05180,2025-11-09,0.0174,1
ORD-2025-048255,CUST-08214,2025-11-12,0.029,1
ORD-2025-048256,CUST-13171,2025-11-14,0.0748,5
ORD-2025-048257,CUST-13281,2025-11-29,0.0304,1
ORD-2025-048258,CUST-07276,2025-11-29,0.0397,1
ORD-2025-048259,CUST-11159,2025-11-12,0.1486,1
ORD-2025-048260,CUST-09289,2025-11-25,0.1109,3
ORD-2025-048261,CUST-07513,2025-11-15,0.0276,1
ORD-2025-048262,CUST-06381,2025-11-10,0.3404,1
ORD-2025-048263,CUST-12444,2025-11-30,0.55,1
ORD-2025-048264,CUST-12187,2025-11-10,0.0257,3
ORD-2025-048265,CUST-06589,2025-11-15,0.2343,3
ORD-2025-048266,CUST-09818,2025-11-06,0.2044,2
ORD-2025-048267,CUST-05522,2025-11-29,0.0155,2
ORD-2025-048268,CUST-12443,2025-11-30,0.3302,3
ORD-2025-048269,CUST-05638,2025-11-24,0.0762,1
ORD-2025-048270,CUST-11681,2025-11-17,0.0687,2
ORD-2025-048271,CUST-02305,2025-11-28,0.1668,1
ORD-2025-048272,CUST-11684,2025-11-24,0.06,1
ORD-2025-048273,CUST-07346,2025-11-05,0.0281,3
ORD-2025-048274,CUST-07465,2025-11-26,0.55,1
ORD-2025-048275,CUST-03109,2025-11-29,0.1157,1
ORD-2025-048276,CUST-11558,2025-11-14,0.1079,3
ORD-2025-048277,CUST-12891,2025-11-03,0.4551,2
ORD-2025-048278,CUST-04790,2025-11-05,0.081,1
ORD-2025-048279,CUST-07889,2025-11-22,0.1813,1
ORD-2025-048280,CUST-12335,2025-11-18,0.1195,2
ORD-2025-048281,CUST-03493,2025-11-17,0.101,2
ORD-2025-048282,CUST-10919,2025-11-30,0.0903,1
ORD-2025-048283,CUST-04546,2025-11-09,0.0165,1
ORD-2025-048284,CUST-07768,2025-11-23,0.0149,1
ORD-2025-048285,CUST-10278,2025-11-01,0.0194,1
ORD-2025-048286,CUST-13291,2025-11-29,0.0814,2
ORD-2025-048287,CUST-07312,2025-11-02,0.0124,1
ORD-2025-048288,CUST-08941,2025-11-22,0.2256,1
ORD-2025-048289,CUST-02416,2025-11-30,0.0939,1
ORD-2025-048290,CUST-02834,2025-11-03,0.0082,1
ORD-2025-048291,CUST-03250,2025-11-28,0.0216,1
ORD-2025-048292,CUST-00564,2025-11-14,0.0501,3
ORD-2025-048293,CUST-01770,2025-11-29,0.1106,1
ORD-2025-048294,CUST-02416,2025-11-12,0.0434,3
ORD-2025-048295,CUST-01757,2025-11-18,0.0254,1
ORD-2025-048296,CUST-09472,2025-11-17,0.0326,2
ORD-2025-048297,CUST-04775,2025-11-10,0.0232,3
ORD-2025-048298,CUST-01037,2025-11-04,0.018,1
ORD-2025-048299,CUST-01903,2025-11-14,0.1281,2
ORD-2025-048300,CUST-04119,2025-11-26,0.0457,1
ORD-2025-048301,CUST-11193,2025-11-09,0.1308,1
ORD-2025-048302,CUST-06810,2025-11-28,0.0687,1
ORD-2025-048303,CUST-10804,2025-11-20,0.1129,1
ORD-2025-048304,CUST-03168,2025-11-26,0.1596,3
ORD-2025-048305,CUST-13110,2025-11-27,0.3086,2
ORD-2025-048306,CUST-08750,2025-11-24,0.0761,1
ORD-2025-048307,CUST-03213,2025-11-12,0.0488,2
ORD-2025-048308,,2025-11-17,0.017,1
ORD-2025-048309,CUST-06292,2025-11-15,0.1176,1
ORD-2025-048310,CUST-07610,2025-11-07,0.1918,1
ORD-2025-048311,CUST-12564,2025-11-05,0.1836,1
ORD-2025-048312,CUST-10958,2025-11-24,0.2446,1
ORD-2025-048313,CUST-11126,2025-11-08,0.0893,3
ORD-2025-048314,CUST-08253,2025-11-17,0.1678,1
ORD-2025-048315,CUST-05610,2025-11-15,0.0672,2
ORD-2025-048316,CUST-13006,2025-11-26,0.1013,2
ORD-2025-048317,CUST-05022,2025-11-22,0.0134,2
ORD-2025-048318,CUST-08193,2025-11-01,0.093,1
ORD-2025-048319,CUST-00012,2025-11-24,0.2598,1
ORD-2025-048320,CUST-13092,2025-11-22,0.0391,3
ORD-2025-048321,CUST-13301,2025-11-21,0.3412,1
ORD-2025-048322,CUST-04270,2025-11-15,0.1789,2
ORD-2025-048323,CUST-01313,2025-11-25,0.4531,1
ORD-2025-048324,CUST-06080,2025-11-12,0.1085,2
ORD-2025-048325,CUST-00382,2025-11-03,0.0442,1
ORD-2025-048326,CUST-04919,2025-11-12,0.0306,1
ORD-2025-048327,CUST-08437,2025-11-25,0.4859,1
ORD-2025-048328,CUST-00172,2025-11-19,0.0649,1
ORD-2025-048329,CUST-04262,2025-11-04,0.1416,3
ORD-2025-048330,CUST-12191,2025-11-13,0.1713,1
ORD-2025-048331,CUST-02099,2025-11-01,0.0827,2
ORD-2025-048332,CUST-03579,2025-11-15,0.1376,1
ORD-2025-048333,CUST-05116,2025-11-08,0.0592,2
ORD-2025-048334,CUST-10893,2025-11-28,0.4807,1
ORD-2025-048335,CUST-04985,2025-11-10,0.1701,3
ORD-2025-048336,CUST-13119,2025-11-17,0.0409,1
ORD-2025-048337,CUST-04706,2025-11-09,0.0069,1
ORD-2025-048338,CUST-03372,2025-11-03,0.0899,2
ORD-2025-048339,CUST-13091,2025-11-16,0.0236,1
ORD-2025-048340,CUST-04344,2025-11-23,0.4276,2
ORD-2025-048341,CUST-03768,2025-11-02,0.3043,2
ORD-2025-048342,CUST-04876,2025-11-10,0.0315,1
ORD-2025-048343,CUST-02768,2025-11-09,0.3633,2
ORD-2025-048344,CUST-10214,2025-11-23,0.1127,1
ORD-2025-048345,CUST-09086,2025-11-14,0.121,1
ORD-2025-048346,CUST-04012,2025-11-30,0.0416,1
ORD-2025-048347,CUST-05406,2025-11-27,0.0745,1
ORD-2025-048348,CUST-02892,2025-11-04,0.1103,3
ORD-2025-048349,CUST-08972,2025-11-26,0.0382,1
ORD-2025-048350,CUST-05426,2025-11-16,0.1641,2
ORD-2025-048351,CUST-13551,2025-11-05,0.1087,1
ORD-2025-048352,CUST-13548,2025-11-29,0.0238,1
ORD-2025-048353,CUST-05022,2025-11-26,0.044,1
ORD-2025-048354,CUST-01225,2025-11-09,0.0342,2
ORD-2025-048355,CUST-04487,2025-11-07,0.166,2
ORD-2025-048356,CUST-02159,2025-11-30,0.55,1
ORD-2025-048357,CUST-10360,2025-11-26,0.0546,1
ORD-2025-048358,CUST-04379,2025-11-09,0.2422,1
ORD-2025-048359,CUST-04916,2025-11-29,0.1539,1
ORD-2025-048360,CUST-11160,2025-11-18,0.3838,1
ORD-2025-048361,CUST-03711,2025-11-08,0.1391,1
ORD-2025-048362,CUST-10935,2025-11-21,0.2238,1
ORD-2025-048363,CUST-04092,2025-11-03,0.1897,3
ORD-2025-048364,CUST-09901,2025-11-25,0.0985,3
ORD-2025-048365,CUST-10321,2025-11-07,0.2527,1
ORD-2025-048366,CUST-03294,2025-11-22,0.2128,1
ORD-2025-048367,CUST-07271,2025-11-03,0.0079,1
ORD-2025-048368,CUST-11568,2025-11-18,0.1229,1
ORD-2025-048369,CUST-05653,2025-11-26,0.0286,1
ORD-2025-048370,CUST-11395,2025-11-28,0.1468,1
ORD-2025-048371,CUST-03722,2025-11-29,0.0022,1
ORD-2025-048372,CUST-03881,2025-11-01,0.0248,1
ORD-2025-048373,CUST-12643,2025-11-22,0.0303,2
ORD-2025-048374,CUST-03919,2025-11-08,0.0154,2
ORD-2025-048375,CUST-01226,2025-11-27,0.1159,1
ORD-2025-048376,CUST-01487,2025-11-02,0.0077,2
ORD-2025-048377,CUST-06835,2025-11-22,0.0477,3
ORD-2025-048378,CUST-11681,2025-11-24,0.0441,1
ORD-2025-048379,CUST-13230,2025-11-12,0.1242,2
ORD-2025-048380,CUST-06111,2025-11-19,0.1155,3
ORD-2025-048381,CUST-11029,2025-11-08,0.0614,1
ORD-2025-048382,CUST-10096,2025-11-21,0.0388,2
ORD-2025-048383,CUST-07717,2025-11-14,0.2128,1
ORD-2025-048384,CUST-01276,2025-11-15,0.2919,2
ORD-2025-048385,CUST-06489,2025-11-07,0.0817,2
ORD-2025-048386,CUST-00998,2025-11-01,0.3205,1
ORD-2025-048387,CUST-00096,2025-11-16,0.1505,2
ORD-2025-048388,CUST-09731,2025-11-13,0.0547,5
ORD-2025-048389,CUST-02504,2025-11-19,0.0939,1
ORD-2025-048390,CUST-04027,2025-11-25,0.0419,4
ORD-2025-048391,CUST-12682,2025-11-17,0.0902,3
ORD-2025-048392,CUST-02864,2025-11-20,0.0189,1
ORD-2025-048393,CUST-06077,2025-11-05,0.0965,1
ORD-2025-048394,CUST-05176,2025-11-28,0.0989,1
ORD-2025-048395,CUST-11652,2025-11-11,0.0941,1
ORD-2025-048396,CUST-01184,2025-11-10,0.0846,1
ORD-2025-048397,CUST-02857,2025-11-18,0.5337,1
ORD-2025-048398,CUST-06802,2025-11-08,0.192,2
ORD-2025-048399,CUST-05453,2025-11-09,0.0852,1
ORD-2025-048400,CUST-07482,2025-11-21,0.1187,1
ORD-2025-048401,CUST-09367,2025-11-20,0.3253,1
ORD-2025-048402,CUST-09532,2025-11-22,0.0422,3
ORD-2025-048403,CUST-09129,2025-11-30,0.0205,2
ORD-2025-048404,CUST-03364,2025-11-04,0.1651,2
ORD-2025-048405,CUST-00476,2025-11-30,0.0599,4
ORD-2025-048406,CUST-04262,2025-11-29,0.202,2
ORD-2025-048407,CUST-05075,2025-11-05,0.1117,1
ORD-2025-048408,CUST-05575,2025-11-12,0.2005,3
ORD-2025-048409,CUST-02478,2025-11-14,0.0758,2
ORD-2025-048410,CUST-11407,2025-11-27,0.107,3
ORD-2025-048411,CUST-05825,2025-11-21,0.083,2
ORD-2025-048412,CUST-12358,2025-11-07,0.0193,3
ORD-2025-048413,CUST-09513,2025-11-11,0.1412,3
ORD-2025-048414,CUST-13228,2025-11-08,0.0786,1
ORD-2025-048415,CUST-08824,2025-11-18,0.0544,2
ORD-2025-048416,CUST-12808,2025-11-02,0.0359,1
ORD-2025-048417,CUST-04690,2025-11-12,0.0276,3
ORD-2025-048418,CUST-07671,2025-11-18,0.0463,2
ORD-2025-048419,CUST-02471,2025-11-13,0.0692,1
ORD-2025-048420,CUST-10911,2025-11-24,0.1069,2
ORD-2025-048421,CUST-08180,2025-11-20,0.1304,1
ORD-2025-048422,CUST-05551,2025-11-19,0.0515,2
ORD-2025-048423,CUST-13132,2025-11-21,0.0945,2
ORD-2025-048424,CUST-11779,2025-11-15,0.2001,4
ORD-2025-048425,CUST-07525,2025-11-13,0.0844,2
ORD-2025-048426,CUST-06407,2025-11-30,0.0433,1
ORD-2025-048427,CUST-05302,2025-11-08,0.0228,2
ORD-2025-048428,CUST-08931,2025-11-09,0.0583,2
ORD-2025-048429,CUST-05120,2025-11-06,0.55,1
ORD-2025-048430,CUST-04787,2025-11-25,0.1049,4
ORD-2025-048431,CUST-09983,2025-11-22,0.1007,3
ORD-2025-048432,CUST-03380,2025-11-27,0.1092,1
ORD-2025-048433,CUST-07368,2025-11-12,0.134,1
ORD-2025-048434,CUST-07479,2025-11-27,0.1318,4
ORD-2025-048435,CUST-02203,2025-11-17,0.0671,1
ORD-2025-048436,CUST-12251,2025-11-02,0.0782,1
ORD-2025-048437,CUST-09150,2025-11-07,0.0576,1
ORD-2025-048438,CUST-05115,2025-11-26,0.4455,2
ORD-2025-048439,CUST-12332,2025-11-01,0.169,4
ORD-2025-048440,CUST-11426,2025-11-29,0.297,2
ORD-2025-048441,CUST-13465,2025-11-22,0.0962,1
ORD-2025-048442,CUST-06201,2025-11-23,0.045,1
ORD-2025-048443,CUST-11398,2025-11-29,0.0952,1
ORD-2025-048444,CUST-10542,2025-11-09,0.1423,1
ORD-2025-048445,CUST-01394,2025-11-11,0.0644,1
ORD-2025-048446,CUST-10149,2025-11-07,0.0066,1
ORD-2025-048447,CUST-07823,2025-11-21,0.1259,1
ORD-2025-048448,CUST-08274,2025-11-25,0.0173,1
ORD-2025-048449,CUST-12608,2025-11-07,0.0738,2
ORD-2025-048450,CUST-09618,2025-11-02,0.55,1
ORD-2025-048451,CUST-11010,2025-11-22,0.3167,1
ORD-2025-048452,CUST-01202,2025-11-25,0.0895,1
ORD-2025-048453,CUST-08105,2025-11-13,0.1961,1
ORD-2025-048454,CUST-04886,2025-11-07,0.0523,2
ORD-2025-048455,CUST-10354,2025-11-19,0.1002,1
ORD-2025-048456,CUST-02044,2025-11-11,0.0369,1
ORD-2025-048457,CUST-02251,2025-11-13,0.0552,1
ORD-2025-048458,CUST-07192,2025-11-15,0.0829,1
ORD-2025-048459,CUST-02181,2025-11-12,0.0369,2
ORD-2025-048460,CUST-04787,2025-11-27,0.0409,2
ORD-2025-048461,CUST-05950,2025-11-29,0.0252,1
ORD-2025-048462,CUST-12222,2025-11-19,0.0821,1
ORD-2025-048463,CUST-02349,2025-11-02,0.0688,1
ORD-2025-048464,CUST-13364,2025-11-24,0.03,1
ORD-2025-048465,CUST-09822,2025-11-14,0.5031,1
ORD-2025-048466,CUST-08425,2025-11-21,0.1665,3
ORD-2025-048467,CUST-04535,2025-11-07,0.0822,1
ORD-2025-048468,CUST-02838,2025-11-17,0.0723,1
ORD-2025-048469,CUST-09006,2025-11-09,0.0344,1
ORD-2025-048470,CUST-00104,2025-11-17,0.1496,1
ORD-2025-048471,CUST-09284,2025-11-10,0.55,1
ORD-2025-048472,CUST-11194,2025-11-01,0.3991,2
ORD-2025-048473,CUST-02246,2025-11-25,0.1005,1
ORD-2025-048474,CUST-02358,2025-11-27,0.0804,1
ORD-2025-048475,CUST-08850,2025-11-16,0.1548,1
ORD-2025-048476,CUST-11723,2025-11-22,0.2101,1
ORD-2025-048477,CUST-02900,2025-11-06,0.023,1
ORD-2025-048478,CUST-03238,2025-11-01,0.0522,1
ORD-2025-048479,CUST-12302,2025-11-22,0.5327,1
ORD-2025-048480,CUST-04134,2025-11-11,0.2053,1
ORD-2025-048481,CUST-01143,2025-11-13,0.3251,2
ORD-2025-048482,CUST-09831,2025-11-17,0.1361,2
ORD-2025-048483,CUST-01171,2025-11-19,0.1104,2
ORD-2025-048484,CUST-01514,2025-11-07,0.0878,1
ORD-2025-048485,CUST-03315,2025-11-03,0.0392,3
ORD-2025-048486,CUST-07671,2025-11-14,0.0745,1
ORD-2025-048487,CUST-08785,2025-11-19,0.0163,3
ORD-2025-048488,CUST-01628,2025-11-28,0.1891,1
ORD-2025-048489,CUST-01687,2025-11-04,0.1164,2
ORD-2025-048490,CUST-09438,2025-11-25,0.1121,3
ORD-2025-048491,CUST-12212,2025-11-30,0.0309,1
ORD-2025-048492,CUST-09859,2025-11-12,0.0318,1
ORD-2025-048493,CUST-08871,2025-11-16,0.0215,1
ORD-2025-048494,CUST-09371,2025-11-25,0.0404,1
ORD-2025-048495,CUST-06810,2025-11-18,0.0344,1
ORD-2025-048496,CUST-11147,2025-11-09,0.1847,1
ORD-2025-048497,CUST-05993,2025-11-23,0.3772,2
ORD-2025-048498,CUST-09943,2025-11-29,0.0594,2
ORD-2025-048499,CUST-03752,2025-11-24,0.4387,1
ORD-2025-048500,CUST-05151,2025-11-02,0.0163,1
ORD-2025-048501,CUST-06862,2025-11-01,0.55,1
ORD-2025-048502,CUST-09169,2025-11-23,0.0449,4
ORD-2025-048503,CUST-06016,2025-11-16,0.1691,1
ORD-2025-048504,CUST-07702,2025-11-01,0.1812,1
ORD-2025-048505,CUST-10690,2025-11-07,0.0081,1
ORD-2025-048506,CUST-13091,2025-11-29,0.015,1
ORD-2025-048507,CUST-05314,2025-11-19,0.1037,1
ORD-2025-048508,CUST-02623,2025-11-18,0.1314,1
ORD-2025-048509,CUST-10174,2025-11-13,0.4689,1
ORD-2025-048510,CUST-11896,2025-11-14,0.3124,2
ORD-2025-048511,CUST-06464,2025-11-29,0.351,1
ORD-2025-048512,CUST-10354,2025-11-11,0.2012,1
ORD-2025-048513,CUST-06931,2025-11-05,0.0266,2
ORD-2025-048514,CUST-07341,2025-11-15,0.3339,3
ORD-2025-048515,CUST-13162,2025-11-19,0.1649,1
ORD-2025-048516,CUST-05615,2025-11-19,0.0913,4
ORD-2025-048517,CUST-04513,2025-11-02,0.1186,1
ORD-2025-048518,CUST-01435,2025-11-05,0.2495,1
ORD-2025-048519,CUST-03607,2025-11-02,0.0599,5
ORD-2025-048520,CUST-08271,2025-11-21,0.129,2
ORD-2025-048521,CUST-11492,2025-11-15,0.041,1
ORD-2025-048522,CUST-03216,2025-11-18,0.1464,3
ORD-2025-048523,CUST-11760,2025-11-01,0.0557,3
ORD-2025-048524,CUST-08664,2025-11-11,0.2559,1
ORD-2025-048525,CUST-10401,2025-11-30,0.3177,1
ORD-2025-048526,CUST-10107,2025-11-24,0.0218,1
ORD-2025-048527,CUST-00371,2025-11-12,0.0951,1
ORD-2025-048528,CUST-12903,2025-11-19,0.0259,1
ORD-2025-048529,CUST-02173,2025-11-01,0.2182,1
ORD-2025-048530,CUST-05106,2025-11-11,0.2559,2
ORD-2025-048531,CUST-11434,2025-11-05,0.1833,3
ORD-2025-048532,CUST-08886,2025-11-30,0.0412,1
ORD-2025-048533,CUST-13047,2025-11-13,0.1346,2
ORD-2025-048534,CUST-10695,2025-11-14,0.1004,3
ORD-2025-048535,CUST-00528,2025-11-20,0.0749,1
ORD-2025-048536,CUST-07674,2025-11-09,0.1,1
ORD-2025-048537,CUST-00554,2025-11-06,0.0648,5
ORD-2025-048538,CUST-04082,2025-11-03,0.0824,3
ORD-2025-048539,CUST-12996,2025-11-14,0.0291,1
ORD-2025-048540,CUST-00205,2025-11-11,0.1111,2
ORD-2025-048541,CUST-13216,2025-11-29,0.55,1
ORD-2025-048542,CUST-01840,2025-11-06,0.0094,2
ORD-2025-048543,CUST-03114,2025-11-11,0.0202,1
ORD-2025-048544,CUST-02941,2025-11-21,0.0334,2
ORD-2025-048545,CUST-07314,2025-11-26,0.0611,1
ORD-2025-048546,CUST-07157,2025-11-13,0.0061,1
ORD-2025-048547,CUST-03309,2025-11-27,0.066,1
ORD-2025-048548,CUST-12245,2025-11-10,0.1187,4
ORD-2025-048549,CUST-11853,2025-11-25,0.1046,3
ORD-2025-048550,CUST-04832,2025-11-11,0.4468,1
ORD-2025-048551,CUST-04069,2025-11-15,0.0178,1
ORD-2025-048552,CUST-13602,2025-11-21,0.0389,1
ORD-2025-048553,CUST-09232,2025-11-20,0.0042,1
ORD-2025-048554,CUST-01922,2025-11-06,0.2223,1
ORD-2025-048555,CUST-12790,2025-11-09,0.1865,2
ORD-2025-048556,CUST-08059,2025-11-15,0.229,2
ORD-2025-048557,CUST-09707,2025-11-26,0.0528,2
ORD-2025-048558,CUST-01924,2025-11-22,0.3233,1
ORD-2025-048559,CUST-08618,2025-11-10,0.2254,1
ORD-2025-048560,CUST-13155,2025-11-25,0.0922,2
ORD-2025-048561,CUST-12255,2025-11-16,0.4736,2
ORD-2025-048562,CUST-04607,2025-11-05,0.0892,1
ORD-2025-048563,CUST-00026,2025-11-06,0.1046,1
ORD-2025-048564,CUST-03738,2025-11-12,0.0442,5
ORD-2025-048565,CUST-12612,2025-11-29,0.1637,1
ORD-2025-048566,CUST-04761,2025-11-25,0.086,3
ORD-2025-048567,CUST-02246,2025-11-17,0.0131,1
ORD-2025-048568,CUST-07761,2025-11-03,0.0505,1
ORD-2025-048569,CUST-09051,2025-11-07,0.105,3
ORD-2025-048570,CUST-03238,2025-11-30,0.0567,1
ORD-2025-048571,CUST-02055,2025-11-10,0.0706,2
ORD-2025-048572,CUST-08613,2025-11-01,0.1666,2
ORD-2025-048573,CUST-02341,2025-11-19,0.0469,1
ORD-2025-048574,CUST-01414,2025-11-25,0.0213,3
ORD-2025-048575,CUST-05139,2025-11-21,0.2912,1
ORD-2025-048576,CUST-08030,2025-11-05,0.0089,1
ORD-2025-048577,CUST-12060,2025-11-22,0.091,2
ORD-2025-048578,CUST-09101,2025-11-08,0.029,2
ORD-2025-048579,CUST-02471,2025-11-19,0.0688,2
ORD-2025-048580,CUST-12734,2025-11-06,0.0351,2
ORD-2025-048581,CUST-10036,2025-11-02,0.0313,1
ORD-2025-048582,CUST-08222,2025-11-03,0.0964,3
ORD-2025-048583,CUST-10003,2025-11-01,0.1356,2
ORD-2025-048584,CUST-10676,2025-11-28,0.0651,1
ORD-2025-048585,CUST-04552,2025-11-15,0.0815,1
ORD-2025-048586,CUST-12840,2025-11-20,0.55,1
ORD-2025-048587,CUST-08234,2025-11-19,0.3256,1
ORD-2025-048588,CUST-06208,2025-11-09,0.0333,1
ORD-2025-048589,CUST-04446,2025-11-23,0.0739,1
ORD-2025-048590,CUST-01492,2025-11-10,0.1329,3
ORD-2025-048591,CUST-09117,2025-11-03,0.0025,1
ORD-2025-048592,CUST-02797,2025-11-12,0.0076,3
ORD-2025-048593,CUST-04997,2025-11-17,0.1211,2
ORD-2025-048594,CUST-09058,2025-11-02,0.0518,1
ORD-2025-048595,CUST-00987,2025-11-28,0.0904,1
ORD-2025-048596,CUST-11881,2025-11-20,0.045,1
ORD-2025-048597,CUST-02267,2025-11-17,0.0684,1
ORD-2025-048598,CUST-11953,2025-11-19,0.1694,2
ORD-2025-048599,CUST-02532,2025-11-30,0.1898,3
ORD-2025-048600,CUST-05274,2025-11-13,0.0681,1
ORD-2025-048601,CUST-09264,2025-11-15,0.3964,1
ORD-2025-048602,CUST-12155,2025-11-21,0.0902,2
ORD-2025-048603,CUST-05075,2025-11-12,0.1365,3
ORD-2025-048604,CUST-04445,2025-11-25,0.0138,1
ORD-2025-048605,CUST-13014,2025-11-10,0.054,1
ORD-2025-048606,CUST-03641,2025-11-28,0.1908,4
ORD-2025-048607,CUST-07006,2025-11-13,0.2332,1
ORD-2025-048608,CUST-03380,2025-11-18,0.0253,1
ORD-2025-048609,CUST-10236,2025-11-09,0.0239,2
ORD-2025-048610,CUST-08303,2025-11-17,0.052,1
ORD-2025-048611,CUST-11027,2025-11-18,0.1663,1
ORD-2025-048612,CUST-13141,2025-11-07,0.0708,1
ORD-2025-048613,CUST-11250,2025-11-28,0.0625,1
ORD-2025-048614,CUST-07768,2025-11-02,0.0877,1
ORD-2025-048615,CUST-06611,2025-11-09,0.0286,1
ORD-2025-048616,CUST-03780,2025-11-07,0.0474,2
ORD-2025-048617,CUST-09935,2025-11-22,0.0169,1
ORD-2025-048618,CUST-08463,2025-11-15,0.3662,2
ORD-2025-048619,CUST-07881,2025-11-24,0.1898,3
ORD-2025-048620,CUST-05548,2025-11-16,0.0363,1
ORD-2025-048621,CUST-07312,2025-11-13,0.0124,1
ORD-2025-048622,CUST-11554,2025-11-13,0.0566,1
ORD-2025-048623,CUST-01930,2025-11-19,0.0771,1
ORD-2025-048624,CUST-09435,2025-11-26,0.1033,1
ORD-2025-048625,CUST-10921,2025-11-01,0.0741,1
ORD-2025-048626,CUST-05267,2025-11-11,0.4283,2
ORD-2025-048627,CUST-03295,2025-11-29,0.145,1
ORD-2025-048628,CUST-00382,2025-11-25,0.0567,1
ORD-2025-048629,CUST-10955,2025-11-21,0.0745,1
ORD-2025-048630,CUST-06429,2025-11-07,0.0728,1
ORD-2025-048631,CUST-05946,2025-11-19,0.1338,2
ORD-2025-048632,CUST-10513,2025-11-04,0.1339,3
ORD-2025-048633,CUST-07684,2025-11-01,0.02,2
ORD-2025-048634,CUST-00410,2025-11-02,0.0283,2
ORD-2025-048635,CUST-12406,2025-11-16,0.1289,1
ORD-2025-048636,CUST-07786,2025-11-02,0.0833,1
ORD-2025-048637,CUST-09179,2025-11-15,0.103,2
ORD-2025-048638,CUST-01508,2025-11-13,0.0188,2
ORD-2025-048639,CUST-13403,2025-11-09,0.0429,2
ORD-2025-048640,CUST-05872,2025-11-21,0.0965,1
ORD-2025-048641,CUST-13232,2025-11-09,0.0131,1
ORD-2025-048642,CUST-04936,2025-11-10,0.1357,2
ORD-2025-048643,CUST-00362,2025-11-08,0.0582,1
ORD-2025-048644,CUST-08840,2025-11-22,0.1028,1
ORD-2025-048645,CUST-03607,2025-11-21,0.2226,2
ORD-2025-048646,CUST-09510,2025-11-02,0.2271,1
ORD-2025-048647,CUST-01482,2025-11-15,0.5307,1
ORD-2025-048648,CUST-11307,2025-11-12,0.437,1
ORD-2025-048649,CUST-11812,2025-11-27,0.0815,1
ORD-2025-048650,CUST-11000,2025-11-23,0.2234,1
ORD-2025-048651,CUST-04706,2025-11-12,0.096,4
ORD-2025-048652,CUST-00564,2025-11-07,0.0256,1
ORD-2025-048653,CUST-03836,2025-11-29,0.1496,4
ORD-2025-048654,CUST-01671,2025-11-23,0.4047,2
ORD-2025-048655,CUST-12636,2025-11-06,0.1701,2
ORD-2025-048656,CUST-03074,2025-11-26,0.1085,1
ORD-2025-048657,CUST-05960,2025-11-11,0.2523,1
ORD-2025-048658,CUST-02888,2025-11-09,0.1868,1
ORD-2025-048659,CUST-09480,2025-11-28,0.0114,1
ORD-2025-048660,CUST-03876,2025-11-18,0.1345,2
ORD-2025-048661,CUST-05733,2025-11-24,0.2862,1
ORD-2025-048662,CUST-11666,2025-11-04,0.1419,1
ORD-2025-048663,CUST-07348,2025-11-27,0.0548,3
ORD-2025-048664,CUST-10131,2025-11-12,0.0605,1
ORD-2025-048665,CUST-04326,2025-11-01,0.0446,3
ORD-2025-048666,CUST-06399,2025-11-08,0.2154,1
ORD-2025-048667,CUST-03103,2025-11-05,0.1495,2
ORD-2025-048668,CUST-10206,2025-11-05,0.0799,3
ORD-2025-048669,CUST-10181,2025-11-03,0.0225,4
ORD-2025-048670,CUST-05353,2025-11-14,0.0156,1
ORD-2025-048671,CUST-04807,2025-11-23,0.147,1
ORD-2025-048672,CUST-05811,2025-11-13,0.0807,2
ORD-2025-048673,CUST-11804,2025-11-06,0.0631,1
ORD-2025-048674,CUST-02985,2025-11-16,0.3182,1
ORD-2025-048675,CUST-05441,2025-11-01,0.0483,1
ORD-2025-048676,CUST-10411,2025-11-06,0.062,2
ORD-2025-048677,CUST-02443,2025-11-30,0.0645,1
ORD-2025-048678,CUST-02636,2025-11-12,0.0888,1
ORD-2025-048679,CUST-08034,2025-11-28,0.3832,2
ORD-2025-048680,CUST-02937,2025-11-30,0.15,2
ORD-2025-048681,CUST-11042,2025-11-30,0.0405,2
ORD-2025-048682,CUST-09766,2025-11-05,0.0727,2
ORD-2025-048683,CUST-09589,2025-11-09,0.1317,2
ORD-2025-048684,CUST-03774,2025-11-11,0.197,1
ORD-2025-048685,CUST-12988,2025-11-24,0.086,1
ORD-2025-048686,CUST-02533,2025-11-07,0.0556,2
ORD-2025-048687,CUST-07496,2025-11-13,0.1269,1
ORD-2025-048688,CUST-06298,2025-11-07,0.0501,1
ORD-2025-048689,CUST-04758,2025-11-18,0.1061,2
ORD-2025-048690,CUST-01863,2025-11-06,0.0632,1
ORD-2025-048691,CUST-00274,2025-11-17,0.1009,4
ORD-2025-048692,CUST-01666,2025-11-16,0.1251,3
ORD-2025-048693,CUST-01257,2025-11-28,0.0074,1
ORD-2025-048694,CUST-12212,2025-11-15,0.0215,1
ORD-2025-048695,CUST-10709,2025-11-30,0.0883,1
ORD-2025-048696,CUST-10237,2025-11-07,0.0579,1
ORD-2025-048697,CUST-13649,2025-11-08,0.0603,2
ORD-2025-048698,CUST-04584,2025-11-12,0.0919,1
ORD-2025-048699,CUST-01604,2025-11-18,0.1712,1
ORD-2025-048700,CUST-05896,2025-11-14,0.0722,1
ORD-2025-048701,CUST-09803,2025-11-18,0.1509,2
ORD-2025-048702,CUST-06285,2025-11-03,0.2276,1
ORD-2025-048703,CUST-08886,2025-11-03,0.1342,3
ORD-2025-048704,CUST-11193,2025-11-22,0.1795,4
ORD-2025-048705,CUST-05488,2025-11-27,0.1945,1
ORD-2025-048706,CUST-02434,2025-11-17,0.1731,3
ORD-2025-048707,CUST-06772,2025-11-17,0.0433,2
ORD-2025-048708,CUST-05369,2025-11-19,0.0629,2
ORD-2025-048709,CUST-03393,2025-11-16,0.0695,1
ORD-2025-048710,CUST-07319,2025-11-22,0.0183,3
ORD-2025-048711,CUST-07336,2025-11-06,0.0532,3
ORD-2025-048712,CUST-04314,2025-11-29,0.0636,1
ORD-2025-048713,CUST-08989,2025-11-22,0.1963,2
ORD-2025-048714,CUST-01158,2025-11-30,0.1092,3
ORD-2025-048715,CUST-07212,2025-11-15,0.0233,1
ORD-2025-048716,CUST-04005,2025-11-26,0.1284,1
ORD-2025-048717,CUST-03516,2025-11-10,0.0355,1
ORD-2025-048718,CUST-10264,2025-11-27,0.288,1
ORD-2025-048719,CUST-13403,2025-11-21,0.1503,1
ORD-2025-048720,CUST-11280,2025-11-20,0.3313,1
ORD-2025-048721,CUST-00372,2025-11-25,0.1297,1
ORD-2025-048722,CUST-04706,2025-11-13,0.0421,1
ORD-2025-048723,CUST-00493,2025-11-17,0.0816,2
ORD-2025-048724,CUST-00048,2025-11-02,0.2342,3
ORD-2025-048725,CUST-02580,2025-11-08,0.4793,1
ORD-2025-048726,CUST-08873,2025-11-25,0.2165,1
ORD-2025-048727,CUST-12574,2025-11-30,0.1069,1
ORD-2025-048728,CUST-05180,2025-11-13,0.0815,1
ORD-2025-048729,CUST-11714,2025-11-10,0.1419,1
ORD-2025-048730,CUST-01630,2025-11-15,0.0498,1
ORD-2025-048731,CUST-12367,2025-11-21,0.1515,2
ORD-2025-048732,CUST-02050,2025-11-10,0.3231,1
ORD-2025-048733,CUST-10688,2025-11-21,0.1657,2
ORD-2025-048734,CUST-03236,2025-11-28,0.0274,1
ORD-2025-048735,CUST-01398,2025-11-16,0.0269,3
ORD-2025-048736,CUST-08282,2025-11-02,0.0249,3
ORD-2025-048737,CUST-00421,2025-11-19,0.0833,1
ORD-2025-048738,CUST-12906,2025-11-03,0.4335,1
ORD-2025-048739,CUST-06764,2025-11-20,0.1117,2
ORD-2025-048740,CUST-05659,2025-11-30,0.036,1
ORD-2025-048741,CUST-13271,2025-11-11,0.3292,1
ORD-2025-048742,CUST-09819,2025-11-05,0.3791,2
ORD-2025-048743,CUST-06522,2025-11-22,0.0785,1
ORD-2025-048744,CUST-08616,2025-11-19,0.0146,1
ORD-2025-048745,CUST-07480,2025-11-21,0.1007,3
ORD-2025-048746,CUST-11781,2025-11-17,0.0677,1
ORD-2025-048747,CUST-05328,2025-11-15,0.0168,1
ORD-2025-048748,CUST-06148,2025-11-01,0.0792,1
ORD-2025-048749,CUST-01398,2025-11-24,0.0464,3
ORD-2025-048750,CUST-13152,2025-11-19,0.0672,1
ORD-2025-048751,CUST-08324,2025-11-10,0.0966,1
ORD-2025-048752,CUST-09970,2025-11-10,0.3841,2
ORD-2025-048753,CUST-12866,2025-11-26,0.0464,3
ORD-2025-048754,CUST-11001,2025-11-12,0.55,1
ORD-2025-048755,CUST-10842,2025-11-09,0.0636,1
ORD-2025-048756,CUST-11109,2025-11-09,0.0105,1
ORD-2025-048757,CUST-13122,2025-11-20,0.1537,5
ORD-2025-048758,CUST-05149,2025-11-29,0.1189,1
ORD-2025-048759,CUST-07934,2025-11-22,0.55,1
ORD-2025-048760,CUST-08999,2025-11-25,0.036,1
ORD-2025-048761,CUST-06756,2025-11-11,0.0246,1
ORD-2025-048762,CUST-08477,2025-11-29,0.55,1
ORD-2025-048763,CUST-08080,2025-11-02,0.3428,1
ORD-2025-048764,CUST-09250,2025-11-12,0.0071,1
ORD-2025-048765,CUST-11471,2025-11-21,0.2339,2
ORD-2025-048766,CUST-01164,2025-11-27,0.119,5
ORD-2025-048767,CUST-01915,2025-11-29,0.013,2
ORD-2025-048768,CUST-06061,2025-11-23,0.0694,2
ORD-2025-048769,CUST-02959,2025-11-12,0.0219,1
ORD-2025-048770,CUST-09826,2025-11-05,0.0402,1
ORD-2025-048771,CUST-00039,2025-11-15,0.1618,2
ORD-2025-048772,CUST-05796,2025-11-27,0.0063,1
ORD-2025-048773,CUST-00014,2025-11-14,0.2359,1
ORD-2025-048774,CUST-12736,2025-11-24,0.035,1
ORD-2025-048775,CUST-08053,2025-11-10,0.0321,1
ORD-2025-048776,CUST-12200,2025-11-11,0.2254,1
ORD-2025-048777,CUST-02476,2025-11-27,0.0613,2
ORD-2025-048778,CUST-11315,2025-11-30,0.0958,4
ORD-2025-048779,CUST-04689,2025-11-23,0.0575,1
ORD-2025-048780,CUST-06048,2025-11-22,0.1828,1
ORD-2025-048781,CUST-10934,2025-11-02,0.2664,1
ORD-2025-048782,CUST-03976,2025-11-17,0.1351,1
ORD-2025-048783,CUST-04419,2025-11-10,0.0765,3
ORD-2025-048784,CUST-10236,2025-11-19,0.0142,2
ORD-2025-048785,CUST-10916,2025-11-16,0.0544,3
ORD-2025-048786,CUST-03468,2025-11-04,0.0388,1
ORD-2025-048787,CUST-04351,2025-11-04,0.042,1
ORD-2025-048788,CUST-05394,2025-11-18,0.2747,2
ORD-2025-048789,CUST-04797,2025-11-25,0.1833,1
ORD-2025-048790,CUST-07033,2025-11-26,0.024,1
ORD-2025-048791,CUST-12358,2025-11-12,0.0038,1
ORD-2025-048792,CUST-04930,2025-11-04,0.1137,3
ORD-2025-048793,CUST-00361,2025-11-16,0.2401,1
ORD-2025-048794,CUST-11357,2025-11-29,0.0377,3
ORD-2025-048795,CUST-01101,2025-11-02,0.1765,1
ORD-2025-048796,CUST-02727,2025-11-20,0.0038,1
ORD-2025-048797,CUST-05904,2025-11-06,0.0317,1
ORD-2025-048798,CUST-10648,2025-11-10,0.054,1
ORD-2025-048799,CUST-11612,2025-11-14,0.0851,1
ORD-2025-048800,CUST-08550,2025-11-07,0.0363,1
ORD-2025-048801,CUST-00996,2025-11-28,0.0348,2
ORD-2025-048802,CUST-10002,2025-11-27,0.1288,2
ORD-2025-048803,CUST-13687,2025-11-12,0.0518,1
ORD-2025-048804,CUST-05888,2025-11-22,0.3245,1
ORD-2025-048805,CUST-10192,2025-11-20,0.0473,1
ORD-2025-048806,CUST-03738,2025-11-17,0.0721,4
ORD-2025-048807,CUST-03349,2025-11-21,0.0531,1
ORD-2025-048808,CUST-09898,2025-11-08,0.0341,1
ORD-2025-048809,CUST-08758,2025-11-09,0.0422,1
ORD-2025-048810,CUST-05656,2025-11-18,0.0961,1
ORD-2025-048811,CUST-12111,2025-11-03,0.1668,1
ORD-2025-048812,CUST-05310,2025-11-19,0.0565,1
ORD-2025-048813,CUST-07706,2025-11-30,0.1084,5
ORD-2025-048814,CUST-06918,2025-11-24,0.3973,3
ORD-2025-048815,CUST-05796,2025-11-03,0.0813,1
ORD-2025-048816,CUST-03443,2025-11-08,0.55,1
ORD-2025-048817,CUST-11160,2025-11-01,0.1337,5
ORD-2025-048818,CUST-06090,2025-11-25,0.1256,1
ORD-2025-048819,CUST-07658,2025-11-13,0.133,1
ORD-2025-048820,CUST-12908,2025-11-29,0.0781,1
ORD-2025-048821,CUST-11381,2025-11-07,0.2158,1
ORD-2025-048822,CUST-12111,2025-11-04,0.0826,1
ORD-2025-048823,CUST-08196,2025-11-04,0.2478,2
ORD-2025-048824,CUST-07130,2025-11-17,0.0277,2
ORD-2025-048825,CUST-05942,2025-11-21,0.0471,2
ORD-2025-048826,CUST-10815,2025-11-23,0.1186,2
ORD-2025-048827, CUST-00961 ,2025-11-03,0.0513,2
ORD-2025-048828,CUST-09951,2025-11-03,0.0158,1
ORD-2025-048829,CUST-06472,2025-11-03,0.1871,1
ORD-2025-048830,CUST-03320,2025-11-06,0.1315,2
ORD-2025-048831,CUST-11383,2025-11-15,0.02,1
ORD-2025-048832,CUST-13041,2025-11-17,0.0037,1
ORD-2025-048833,CUST-09849,2025-11-27,0.4985,2
ORD-2025-048834,CUST-08969,2025-11-22,0.4019,2
ORD-2025-048835,CUST-12729,2025-11-06,0.0889,1
ORD-2025-048836,CUST-11278,2025-11-13,0.4164,2
ORD-2025-048837,CUST-05676,2025-11-29,0.038,2
ORD-2025-048838,CUST-12295,2025-11-13,0.1327,1
ORD-2025-048839,CUST-12497,2025-11-26,0.2343,2
ORD-2025-048840,CUST-06208,2025-11-26,0.0497,1
ORD-2025-048841,CUST-07704,2025-11-30,0.1936,1
ORD-2025-048842,CUST-06943,2025-11-18,0.0436,1
ORD-2025-048843,CUST-07380,2025-11-11,0.523,1
ORD-2025-048844,CUST-11227,2025-11-04,0.1414,1
ORD-2025-048845,CUST-02037,2025-11-05,0.0384,1
ORD-2025-048846,CUST-07804,2025-11-01,0.1613,1
ORD-2025-048847,CUST-03057,2025-11-27,0.1143,1
ORD-2025-048848,CUST-06461,2025-11-20,0.2241,2
ORD-2025-048849,CUST-07804,2025-11-17,0.0156,1
ORD-2025-048850,CUST-04500,2025-11-03,0.1126,1
ORD-2025-048851,CUST-08677,2025-11-27,0.55,1
ORD-2025-048852,CUST-08421,2025-11-02,0.0122,2
ORD-2025-048853,CUST-12052,2025-11-17,0.0345,2
ORD-2025-048854,CUST-02762,2025-11-22,0.037,1
ORD-2025-048855,CUST-01630,2025-11-12,0.0604,2
ORD-2025-048856,CUST-02425,2025-11-26,0.151,1
ORD-2025-048857,CUST-13202,2025-11-24,0.0387,2
ORD-2025-048858,CUST-07458,2025-11-08,0.1399,2
ORD-2025-048859,CUST-12630,2025-11-04,0.1465,1
ORD-2025-048860,CUST-04348,2025-11-26,0.096,1
ORD-2025-048861,CUST-11673,2025-11-06,0.1494,1
ORD-2025-048862,CUST-13734,2025-11-18,0.0623,1
ORD-2025-048863,CUST-11603,2025-11-09,0.0258,1
ORD-2025-048864,CUST-12384,2025-11-03,0.0174,1
ORD-2025-048865,CUST-07063,2025-11-26,0.0116,1
ORD-2025-048866,CUST-11640,2025-11-24,0.0387,1
ORD-2025-048867,CUST-04310,2025-11-09,0.0597,3
ORD-2025-048868,CUST-04662,2025-11-25,0.027,1
ORD-2025-048869,CUST-04225,2025-11-06,0.0121,1
ORD-2025-048870,CUST-10874,2025-11-15,0.1462,1
ORD-2025-048871,CUST-05513,2025-11-02,0.1325,3
ORD-2025-048872,CUST-02754,2025-11-17,0.0611,1
ORD-2025-048873,CUST-05726,2025-11-02,0.1429,1
ORD-2025-048874,CUST-12431,2025-11-19,0.1651,2
ORD-2025-048875,CUST-04222,2025-11-13,0.0852,1
ORD-2025-048876,CUST-09805,2025-11-18,0.033,3
ORD-2025-048877,CUST-09675,2025-11-18,0.0588,1
ORD-2025-048878,CUST-08488,2025-11-20,0.0324,2
ORD-2025-048879,CUST-00889,2025-11-04,0.354,2
ORD-2025-048880,CUST-04089,2025-11-04,0.55,1
ORD-2025-048881,CUST-07554,2025-11-28,0.0198,1
ORD-2025-048882,CUST-03932,2025-11-15,0.089,1
ORD-2025-048883,CUST-01853,2025-11-06,0.0162,1
ORD-2025-048884,CUST-11469,2025-11-24,0.0605,2
ORD-2025-048885,CUST-10638,2025-11-21,0.2528,1
ORD-2025-048886,CUST-00349,2025-11-17,0.0598,2
ORD-2025-048887,CUST-01519,2025-11-23,0.1028,3
ORD-2025-048888,CUST-04997,2025-11-08,0.1484,1
ORD-2025-048889,CUST-05310,2025-11-08,0.0948,2
ORD-2025-048890,CUST-03975,2025-11-11,0.0505,1
ORD-2025-048891,CUST-00580,2025-11-27,0.0569,2
ORD-2025-048892,CUST-09213,2025-11-28,0.0461,1
ORD-2025-048893,CUST-11193,2025-11-08,0.0666,1
ORD-2025-048894,CUST-10494,2025-11-26,0.0556,1
ORD-2025-048895,CUST-01582,2025-11-08,0.1658,1
ORD-2025-048896,CUST-09808,2025-11-27,0.0524,1
ORD-2025-048897,CUST-08337,2025-11-23,0.2926,3
ORD-2025-048898,CUST-04291,2025-11-07,0.067,3
ORD-2025-048899,CUST-10762,2025-11-19,0.0035,1
ORD-2025-048900,CUST-00871,2025-11-04,0.2582,1
ORD-2025-048901,CUST-13486,2025-11-17,0.0312,1
ORD-2025-048902,CUST-07808,2025-11-07,0.0749,2
ORD-2025-048903,CUST-08120,2025-11-14,0.0813,1
ORD-2025-048904,CUST-03309,2025-11-07,0.0615,1
ORD-2025-048905,CUST-02727,2025-11-27,0.0239,5
ORD-2025-048906,CUST-08114,2025-11-22,0.1363,1
ORD-2025-048907,CUST-09589,2025-11-17,0.209,1
ORD-2025-048908,CUST-11308,2025-11-16,0.0849,1
ORD-2025-048909,CUST-09588,2025-11-28,0.0083,1
ORD-2025-048910,CUST-11588,2025-11-23,0.0739,2
ORD-2025-048911,CUST-09237,2025-11-06,0.0604,1
ORD-2025-048912,CUST-13671,2025-11-06,0.1225,1
ORD-2025-048913,CUST-09961,2025-11-20,0.0935,2
ORD-2025-048914,CUST-13169,2025-11-30,0.1961,1
ORD-2025-048915,CUST-02639,2025-11-08,0.0163,3
ORD-2025-048916,CUST-02593,2025-11-14,0.0487,1
ORD-2025-048917,CUST-03250,2025-11-22,0.0334,1
ORD-2025-048918,CUST-01488,2025-11-27,0.0602,2
ORD-2025-048919,CUST-01737,2025-11-07,0.0788,1
ORD-2025-048920,CUST-12021,2025-11-30,0.0906,2
ORD-2025-048921,CUST-11366,2025-11-10,0.0375,2
ORD-2025-048922,CUST-06803,2025-11-16,0.1468,1
ORD-2025-048923,CUST-09584,2025-11-02,0.1358,1
ORD-2025-048924,CUST-07983,2025-11-11,0.138,1
ORD-2025-048925,CUST-08083,2025-11-14,0.3743,1
ORD-2025-048926,CUST-05749,2025-11-12,0.55,1
ORD-2025-048927,CUST-00592,2025-11-10,0.0069,1
ORD-2025-048928,CUST-03372,2025-11-26,0.0262,1
ORD-2025-048929,CUST-11458,2025-11-01,0.0493,1
ORD-2025-048930,CUST-03609,2025-11-02,0.1627,2
ORD-2025-048931,CUST-10151,2025-11-02,0.2706,1
ORD-2025-048932,CUST-08969,2025-11-02,0.3509,1
ORD-2025-048933,CUST-13144,2025-11-18,0.1511,3
ORD-2025-048934,CUST-07484,2025-11-06,0.0831,1
ORD-2025-048935,CUST-01314,2025-11-05,0.2509,1
ORD-2025-048936,CUST-07314,2025-11-24,0.0397,1
ORD-2025-048937,CUST-03041,2025-11-07,0.0752,1
ORD-2025-048938,CUST-05151,2025-11-19,0.324,3
ORD-2025-048939,CUST-05765,2025-11-30,0.0388,1
ORD-2025-048940,CUST-11259,2025-11-11,0.1353,1
ORD-2025-048941,CUST-11507,2025-11-07,0.0715,3
ORD-2025-048942,CUST-05824,2025-11-24,0.1159,1
ORD-2025-048943,CUST-10063,2025-11-24,0.0337,2
ORD-2025-048944,CUST-07035,2025-11-20,0.0634,2
ORD-2025-048945,CUST-11779,2025-11-04,0.0961,1
ORD-2025-048946,CUST-07630,2025-11-10,0.107,1
ORD-2025-048947,CUST-07540,2025-11-10,0.0943,5
ORD-2025-048948,CUST-07085,2025-11-24,0.0615,1
ORD-2025-048949,CUST-08704,2025-11-25,0.0215,3
ORD-2025-048950,CUST-08153,2025-11-13,0.0318,3
ORD-2025-048951,CUST-11241,2025-11-16,0.0087,2
ORD-2025-048952,CUST-12683,2025-11-18,0.1425,3
ORD-2025-048953,CUST-11845,2025-11-04,0.0968,1
ORD-2025-048954,CUST-07877,2025-11-11,0.0189,3
ORD-2025-048955,CUST-11804,2025-11-02,0.0452,2
ORD-2025-048956,CUST-08387,2025-11-26,0.1227,2
ORD-2025-048957,CUST-10419,2025-11-14,0.1385,1
ORD-2025-048958,CUST-05933,2025-11-06,0.1192,1
ORD-2025-048959,CUST-10442,2025-11-26,0.1023,3
ORD-2025-048960,CUST-12298,2025-11-11,0.0617,2
ORD-2025-048961,CUST-10241,2025-11-19,0.0539,1
ORD-2025-048962,CUST-04853,2025-11-25,0.165,1
ORD-2025-048963,CUST-06772,2025-11-24,0.1215,3
ORD-2025-048964,CUST-08061,2025-11-01,0.3694,1
ORD-2025-048965,CUST-04326,2025-11-30,0.0885,1
ORD-2025-048966,CUST-10440,2025-11-18,0.033,1
ORD-2025-048967,CUST-11598,2025-11-13,0.0955,1
ORD-2025-048968,CUST-09707,2025-11-26,0.0846,2
ORD-2025-048969,CUST-01434,2025-11-23,0.235,1
ORD-2025-048970,CUST-00880,2025-11-16,0.0911,5
ORD-2025-048971,CUST-03213,2025-11-05,0.1684,2
ORD-2025-048972,CUST-06283,2025-11-04,0.1021,1
ORD-2025-048973,CUST-11985,2025-11-08,0.1367,1
ORD-2025-048974,CUST-02357,2025-11-07,0.2665,1
ORD-2025-048975,CUST-11215,2025-11-05,0.0198,1
ORD-2025-048976,CUST-06900,2025-11-11,0.136,1
ORD-2025-048977,CUST-05605,2025-11-24,0.0823,1
ORD-2025-048978,CUST-04186,2025-11-12,0.0464,1
ORD-2025-048979,CUST-09524,2025-11-17,0.1472,1
ORD-2025-048980,CUST-09644,2025-11-14,0.1985,1
ORD-2025-048981,CUST-03324,2025-11-20,0.0794,1
ORD-2025-048982,CUST-08433,2025-11-29,0.0133,1
ORD-2025-048983,CUST-12943,2025-11-13,0.4218,1
ORD-2025-048984,CUST-06732,2025-11-08,0.3224,1
ORD-2025-048985,CUST-10563,2025-11-20,0.0217,1
ORD-2025-048986,CUST-07811,2025-11-30,0.1464,1
ORD-2025-048987,CUST-07712,2025-11-01,0.0726,3
ORD-2025-048988,CUST-06080,2025-11-05,0.0582,1
ORD-2025-048989,CUST-11062,2025-11-15,0.104,5
ORD-2025-048990,CUST-13183,2025-11-08,0.1412,2
ORD-2025-048991,CUST-04019,2025-11-09,0.1173,1
ORD-2025-048992,CUST-00231,2025-11-23,0.2979,1
ORD-2025-048993,CUST-06053,2025-11-30,0.0507,3
ORD-2025-048994,CUST-01674,2025-11-03,0.0388,1
ORD-2025-048995,CUST-06857,2025-11-08,0.0872,1
ORD-2025-048996,CUST-03331,2025-11-28,0.1336,1
ORD-2025-048997,CUST-00456,2025-11-07,0.0733,1
ORD-2025-048998,CUST-10165,2025-11-06,0.0593,3
ORD-2025-048999,CUST-05115,2025-11-10,0.3669,1
ORD-2025-049000,CUST-12410,2025-11-05,0.1237,1
ORD-2025-049001,CUST-02149,2025-11-15,0.0151,1
ORD-2025-049002,CUST-11276,2025-11-15,0.112,1
ORD-2025-049003,CUST-03861,2025-11-29,0.125,3
ORD-2025-049004,CUST-00759,2025-11-09,0.1009,2
ORD-2025-049005,CUST-09253,2025-11-16,0.138,2
ORD-2025-049006,CUST-11745,2025-11-17,0.0979,1
ORD-2025-049007,CUST-09881,2025-11-17,0.141,1
ORD-2025-049008,CUST-10001,2025-11-10,0.0829,3
ORD-2025-049009,CUST-12625,2025-11-10,0.1073,3
ORD-2025-049010,CUST-06404,2025-11-07,0.0073,1
ORD-2025-049011,CUST-10466,2025-11-11,0.128,1
ORD-2025-049012,CUST-04023,2025-11-16,0.0914,1
ORD-2025-049013,CUST-00393,2025-11-24,0.2021,2
ORD-2025-049014,CUST-01516,2025-11-17,0.0705,1
ORD-2025-049015,CUST-12469,2025-11-02,0.1494,3
ORD-2025-049016,CUST-09089,2025-11-06,0.1229,4
ORD-2025-049017,CUST-09290,2025-11-07,0.0779,1
ORD-2025-049018,CUST-04525,2025-11-18,0.1415,1
ORD-2025-049019,CUST-01831,2025-11-18,0.1744,1
ORD-2025-049020,CUST-01919,2025-11-30,0.2571,2
ORD-2025-049021,CUST-03134,2025-11-29,0.0755,3
ORD-2025-049022,CUST-03832,2025-11-08,0.1092,1
ORD-2025-049023,CUST-02451,2025-11-19,0.1454,1
ORD-2025-049024,CUST-10874,2025-11-09,0.054,3
ORD-2025-049025,CUST-12016,2025-11-17,0.0935,1
ORD-2025-049026,CUST-08315,2025-11-04,0.1104,1
ORD-2025-049027,CUST-04259,2025-11-01,0.0292,1
ORD-2025-049028,CUST-12578,2025-11-13,0.2926,1
ORD-2025-049029,CUST-09007,2025-11-16,0.0162,3
ORD-2025-049030,CUST-06697,2025-11-19,0.1928,2
ORD-2025-049031,CUST-04277,2025-11-30,0.0196,1
ORD-2025-049032,CUST-06440,2025-11-07,0.2909,1
ORD-2025-049033,CUST-06690,2025-11-09,0.1749,1
ORD-2025-049034,CUST-04988,2025-11-18,0.0878,1
ORD-2025-049035,CUST-11637,2025-11-25,0.0978,2
ORD-2025-049036,CUST-07513,2025-11-12,0.1165,1
ORD-2025-049037,CUST-13012,2025-11-08,0.3151,1
ORD-2025-049038,CUST-07161,2025-11-12,0.1202,1
ORD-2025-049039,CUST-04756,2025-11-12,0.3446,2
ORD-2025-049040,CUST-04277,2025-11-10,0.0825,1
ORD-2025-049041,CUST-06244,2025-11-28,0.1438,1
ORD-2025-049042,CUST-04036,2025-11-04,0.1866,1
ORD-2025-049043,CUST-09916,2025-11-27,0.0572,1
ORD-2025-049044,CUST-09928,2025-11-25,0.023,1
ORD-2025-049045,CUST-08509,2025-11-28,0.3368,2
ORD-2025-049046,CUST-10359,2025-11-29,0.0445,1
ORD-2025-049047,CUST-12202,2025-11-02,0.0556,2
ORD-2025-049048,CUST-07193,2025-11-21,0.0421,2
ORD-2025-049049,CUST-02251,2025-11-18,0.064,2
ORD-2025-049050,CUST-05909,2025-11-11,0.1526,4
ORD-2025-049051,CUST-09958,2025-11-27,0.1757,1
ORD-2025-049052,CUST-05766,2025-11-05,0.0413,2
ORD-2025-049053,CUST-07451,2025-11-22,0.0674,5
ORD-2025-049054,CUST-07373,2025-11-07,0.1638,1
ORD-2025-049055,CUST-06489,2025-11-23,0.1273,2
ORD-2025-049056,CUST-10764,2025-11-24,0.0434,1
ORD-2025-049057,CUST-10442,2025-11-28,0.0362,2
ORD-2025-049058,CUST-03528,2025-11-18,0.118,2
ORD-2025-049059,CUST-04985,2025-11-29,0.0863,3
ORD-2025-049060,CUST-12917,2025-11-06,0.55,2
ORD-2025-049061,CUST-05343,2025-11-12,0.1415,2
ORD-2025-049062,CUST-04797,2025-11-18,0.1158,1
ORD-2025-049063,CUST-10553,2025-11-20,0.2952,2
ORD-2025-049064,CUST-07587,2025-11-12,0.0559,1
ORD-2025-049065,CUST-09490,2025-11-18,0.188,1
ORD-2025-049066,CUST-11855,2025-11-28,0.1638,1
ORD-2025-049067,CUST-07248,2025-11-17,0.2754,1
ORD-2025-049068,CUST-06845,2025-11-22,0.1811,1
ORD-2025-049069,CUST-08824,2025-11-14,0.2811,2
ORD-2025-049070,CUST-04847,2025-11-30,0.1671,3
ORD-2025-049071,CUST-01037,2025-11-21,0.0962,3
ORD-2025-049072,CUST-11593,2025-11-15,0.0492,3
ORD-2025-049073,CUST-12101,2025-11-14,0.0907,1
ORD-2025-049074,CUST-06697,2025-11-05,0.0935,1
ORD-2025-049075,CUST-09658,2025-11-06,0.2321,1
ORD-2025-049076,CUST-03656,2025-11-26,0.2117,3
ORD-2025-049077,CUST-03490,2025-11-08,0.0702,1
ORD-2025-049078,CUST-01745,2025-11-03,0.1262,2
ORD-2025-049079,CUST-00192,2025-11-22,0.0721,1
ORD-2025-049080,CUST-11993,2025-11-13,0.0525,3
ORD-2025-049081,CUST-04905,2025-11-28,0.2214,1
ORD-2025-049082,CUST-06068,2025-11-17,0.2865,1
ORD-2025-049083,CUST-10397,2025-11-03,0.0266,1
ORD-2025-049084,CUST-00564,2025-11-06,0.0805,2
ORD-2025-049085,CUST-06713,2025-11-19,0.0687,2
ORD-2025-049086,CUST-06051,2025-11-06,0.0927,1
ORD-2025-049087,CUST-08921,2025-11-30,0.0153,1
ORD-2025-049088,CUST-11249,2025-11-10,0.0516,3
ORD-2025-049089,CUST-09005,2025-11-11,0.4527,1
ORD-2025-049090,CUST-12510,2025-11-11,0.5253,2
ORD-2025-049091,CUST-01329,2025-11-28,0.0905,1
ORD-2025-049092,CUST-09865,2025-11-13,0.1297,1
ORD-2025-049093,CUST-04549,2025-11-14,0.0865,3
ORD-2025-049094,CUST-12226,2025-11-15,0.0765,2
ORD-2025-049095,CUST-07206,2025-11-29,0.0971,1
ORD-2025-049096,CUST-00394,2025-11-26,0.0731,3
ORD-2025-049097,CUST-09432,2025-11-12,0.1343,1
ORD-2025-049098,CUST-01189,2025-11-06,0.1611,2
ORD-2025-049099,CUST-10971,2025-11-26,0.0142,3
ORD-2025-049100,CUST-02138,2025-11-01,0.1481,2
ORD-2025-049101,CUST-12323,2025-11-09,0.0972,1
ORD-2025-049102,CUST-11352,2025-11-11,0.0461,1
ORD-2025-049103,CUST-07144,2025-11-05,0.1338,2
ORD-2025-049104,CUST-07161,2025-11-04,0.0563,2
ORD-2025-049105,CUST-04154,2025-11-30,0.1533,1
ORD-2025-049106,CUST-12778,2025-11-26,0.2236,1
ORD-2025-049107,CUST-12549,2025-11-17,0.233,1
ORD-2025-049108,CUST-09774,2025-11-30,0.2764,2
ORD-2025-049109,CUST-12163,2025-11-22,0.1579,5
ORD-2025-049110,CUST-07851,2025-11-08,0.1251,1
ORD-2025-049111,CUST-10128,2025-11-11,0.2104,1
ORD-2025-049112,CUST-05329,2025-11-06,0.0206,3
ORD-2025-049113,CUST-06093,2025-11-15,0.0966,1
ORD-2025-049114,CUST-08045,2025-11-19,0.112,2
ORD-2025-049115,CUST-03431,2025-11-12,0.0587,2
ORD-2025-049116,CUST-10440,2025-11-01,0.0191,2
ORD-2025-049117,CUST-10856,2025-11-08,0.4168,2
ORD-2025-049118,CUST-00172,2025-11-09,0.0031,1
ORD-2025-049119,CUST-05075,2025-11-29,0.0812,1
ORD-2025-049120,CUST-02492,2025-11-17,0.1588,3
ORD-2025-049121,CUST-00397,2025-11-15,0.0154,3
ORD-2025-049122,CUST-09683,2025-11-10,0.0656,3
ORD-2025-049123,CUST-00750,2025-11-29,0.2077,1
ORD-2025-049124,CUST-05461,2025-11-02,0.1714,1
ORD-2025-049125,CUST-04383,2025-11-11,0.0257,3
ORD-2025-049126,CUST-07498,2025-11-23,0.1622,3
ORD-2025-049127,CUST-06014,2025-11-05,0.5038,2
ORD-2025-049128,CUST-05318,2025-11-07,0.0146,1
ORD-2025-049129,CUST-02292,2025-11-15,0.059,1
ORD-2025-049130,CUST-06653,2025-11-25,0.1413,1
ORD-2025-049131,CUST-01508,2025-11-26,0.0189,1
ORD-2025-049132,CUST-07640,2025-11-24,0.0188,1
ORD-2025-049133,CUST-10058,2025-11-15,0.0678,3
ORD-2025-049134,CUST-08656,2025-11-01,0.173,1
ORD-2025-049135,CUST-05640,2025-11-28,0.2793,2
ORD-2025-049136,CUST-07192,2025-11-01,0.0362,2
ORD-2025-049137,CUST-06513,2025-11-17,0.0465,1
ORD-2025-049138,CUST-10690,2025-11-19,0.2194,1
ORD-2025-049139,CUST-12212,2025-11-14,0.0441,2
ORD-2025-049140,CUST-08873,2025-11-08,0.0702,3
ORD-2025-049141,CUST-10670,2025-11-29,0.0039,1
ORD-2025-049142,CUST-06031,2025-11-05,0.3496,2
ORD-2025-049143,CUST-04797,2025-11-13,0.2487,1
ORD-2025-049144,CUST-01765,2025-11-04,0.1399,1
ORD-2025-049145,CUST-07367,2025-11-29,0.0393,1
ORD-2025-049146,CUST-08302,2025-11-22,0.127,1
ORD-2025-049147,CUST-03315,2025-11-02,0.0251,2
ORD-2025-049148,CUST-11625,2025-11-17,0.0396,1
ORD-2025-049149,CUST-11814,2025-11-20,0.1396,1
ORD-2025-049150,CUST-12954,2025-11-27,0.0442,1
ORD-2025-049151,CUST-02215,2025-11-06,0.0902,1
ORD-2025-049152,CUST-06787,2025-11-23,0.5443,1
ORD-2025-049153,CUST-07211,2025-11-06,0.0683,2
ORD-2025-049154,CUST-06696,2025-11-21,0.2755,1
ORD-2025-049155,CUST-02669,2025-11-21,0.1045,1
ORD-2025-049156,CUST-09578,2025-11-17,0.0823,1
ORD-2025-049157,CUST-12937,2025-11-11,0.094,1
ORD-2025-049158,CUST-08166,2025-11-17,0.0173,1
ORD-2025-049159,CUST-12863,2025-11-03,0.0371,1
ORD-2025-049160,CUST-08542,2025-11-05,0.106,2
ORD-2025-049161,CUST-04408,2025-11-21,0.0916,2
ORD-2025-049162,CUST-05062,2025-11-13,0.3621,1
ORD-2025-049163,CUST-06160,2025-11-06,0.1914,1
ORD-2025-049164,CUST-08376,2025-11-30,0.0693,4
ORD-2025-049165,CUST-04790,2025-11-18,0.0701,3
ORD-2025-049166,CUST-09467,2025-11-26,0.0105,2
ORD-2025-049167,CUST-02678,2025-11-02,0.0613,1
ORD-2025-049168,CUST-13345,2025-11-17,0.55,1
ORD-2025-049169,CUST-09791,2025-11-01,0.2389,2
ORD-2025-049170,CUST-10116,2025-11-29,0.0771,2
ORD-2025-049171,CUST-05941,2025-11-21,0.1805,1
ORD-2025-049172,CUST-05661,2025-11-28,0.0516,2
ORD-2025-049173,CUST-12688,2025-11-20,0.1636,1
ORD-2025-049174,CUST-13049,2025-11-04,0.1671,3
ORD-2025-049175,CUST-08906,2025-11-17,0.1442,1
ORD-2025-049176,CUST-12201,2025-11-14,0.0363,1
ORD-2025-049177,CUST-07974,2025-11-23,0.1601,4
ORD-2025-049178,CUST-07816,2025-11-17,0.5141,2
ORD-2025-049179,CUST-10663,2025-11-27,0.024,1
ORD-2025-049180,CUST-08040,2025-11-29,0.55,1
ORD-2025-049181,CUST-10271,2025-11-11,0.0924,1
ORD-2025-049182,CUST-09698,2025-11-06,0.0397,1
ORD-2025-049183,CUST-07823,2025-11-17,0.1462,1
ORD-2025-049184,CUST-10231,2025-11-06,0.4173,1
ORD-2025-049185,CUST-11775,2025-11-11,0.1545,1
ORD-2025-049186,CUST-02126,2025-11-12,0.3793,2
ORD-2025-049187,CUST-04992,2025-11-04,0.1182,3
ORD-2025-049188,CUST-12736,2025-11-15,0.1493,1
ORD-2025-049189,CUST-01184,2025-11-04,0.0516,2
ORD-2025-049190,CUST-11828,2025-11-06,0.1084,1
ORD-2025-049191,CUST-10532,2025-11-15,0.0052,2
ORD-2025-049192,CUST-13747,2025-11-27,0.0285,1
ORD-2025-049193,CUST-11535,2025-11-02,0.2181,2
ORD-2025-049194,CUST-13274,2025-11-14,0.451,1
ORD-2025-049195,CUST-02499,2025-11-07,0.1885,1
ORD-2025-049196,CUST-01142,2025-11-24,0.0511,1
ORD-2025-049197,CUST-05696,2025-11-14,0.1232,2
ORD-2025-049198,CUST-12750,2025-11-04,0.0688,1
ORD-2025-049199,CUST-04662,2025-11-12,0.056,1
ORD-2025-049200,CUST-06727,2025-11-07,0.4135,1
ORD-2025-049201,CUST-05227,2025-11-29,0.0031,1
ORD-2025-049202,CUST-06690,2025-11-17,0.1155,2
ORD-2025-049203,CUST-02015,2025-11-18,0.55,2
ORD-2025-049204,CUST-07181,2025-11-23,0.0238,2
ORD-2025-049205,CUST-02820,2025-11-11,0.0281,2
ORD-2025-049206,CUST-05622,2025-11-25,0.1247,4
ORD-2025-049207,CUST-08566,2025-11-15,0.1867,2
ORD-2025-049208,CUST-02560,2025-11-02,0.1288,3
ORD-2025-049209,CUST-01148,2025-11-01,0.3146,1
ORD-2025-049210,CUST-03670,2025-11-10,0.1228,1
ORD-2025-049211, CUST-03350 ,2025-11-16,0.5486,2
ORD-2025-049212,CUST-10584,2025-11-12,0.284,2
ORD-2025-049213,CUST-03309,2025-11-21,0.1299,3
ORD-2025-049214,CUST-04270,2025-11-27,0.0479,1
ORD-2025-049215,CUST-03874,2025-11-11,0.0347,1
ORD-2025-049216,CUST-10014,2025-11-03,0.0805,2
ORD-2025-049217,CUST-08079,2025-11-15,0.0555,1
ORD-2025-049218,CUST-13096,2025-11-04,0.049,1
ORD-2025-049219,CUST-03660,2025-11-05,0.1001,3
ORD-2025-049220,CUST-01127,2025-11-13,0.2213,1
ORD-2025-049221,CUST-00554,2025-11-22,0.0944,3
ORD-2025-049222,CUST-03757,2025-11-14,0.0967,2
ORD-2025-049223,CUST-00571,2025-11-22,0.1226,2
ORD-2025-049224,CUST-05935,2025-11-12,0.55,1
ORD-2025-049225,CUST-11618,2025-11-12,0.0045,1
ORD-2025-049226,CUST-06173,2025-11-01,0.1439,1
ORD-2025-049227,CUST-03395,2025-11-10,0.0412,3
ORD-2025-049228,CUST-10273,2025-11-06,0.1011,2
ORD-2025-049229,CUST-10890,2025-11-27,0.442,1
ORD-2025-049230,CUST-11400,2025-11-27,0.4362,3
ORD-2025-049231,CUST-05176,2025-11-20,0.0459,1
ORD-2025-049232,CUST-06053,2025-11-11,0.025,1
ORD-2025-049233,CUST-00502,2025-11-27,0.2095,2
ORD-2025-049234,CUST-09875,2025-11-25,0.1931,2
ORD-2025-049235,CUST-00458,2025-11-18,0.1411,3
ORD-2025-049236,CUST-03670,2025-11-24,0.1667,1
ORD-2025-049237,CUST-05724,2025-11-25,0.2539,1
ORD-2025-049238,CUST-13142,2025-11-24,0.0405,3
ORD-2025-049239,CUST-06954,2025-11-22,0.1516,1
ORD-2025-049240,CUST-02975,2025-11-08,0.0443,3
ORD-2025-049241,CUST-09580,2025-11-25,0.0584,1
ORD-2025-049242,CUST-03925,2025-11-02,0.0483,1
ORD-2025-049243,CUST-04127,2025-11-03,0.3758,2
ORD-2025-049244,CUST-08618,2025-11-11,0.2742,1
ORD-2025-049245,CUST-10648,2025-11-01,0.0511,2
ORD-2025-049246,CUST-08025,2025-11-13,0.2717,1
ORD-2025-049247,CUST-05254,2025-11-02,0.1131,1
ORD-2025-049248,CUST-01680,2025-11-18,0.0836,1
ORD-2025-049249,CUST-09500,2025-11-30,0.0283,1
ORD-2025-049250,CUST-04436,2025-11-18,0.0245,3
ORD-2025-049251,CUST-06030,2025-11-11,0.4385,2
ORD-2025-049252,CUST-13020,2025-11-27,0.0193,1
ORD-2025-049253,CUST-06007,2025-11-06,0.1107,3
ORD-2025-049254,,2025-11-13,0.0744,1
ORD-2025-049255,CUST-02404,2025-11-18,0.0859,1
ORD-2025-049256,CUST-06913,2025-11-23,0.1278,1
ORD-2025-049257,CUST-12082,2025-11-18,0.2648,2
ORD-2025-049258,CUST-02246,2025-11-21,0.0823,2
ORD-2025-049259,CUST-07680,2025-11-03,0.55,1
ORD-2025-049260,CUST-12171,2025-11-02,0.147,1
ORD-2025-049261,CUST-08440,2025-11-02,0.037,2
ORD-2025-049262,CUST-03931,2025-11-25,0.1464,4
ORD-2025-049263,CUST-09420,2025-11-05,0.2976,2
ORD-2025-049264,CUST-08674,2025-11-24,0.04,5
ORD-2025-049265,CUST-08748,2025-11-08,0.1404,1
ORD-2025-049266,CUST-09952,2025-11-20,0.1986,1
ORD-2025-049267,CUST-06615,2025-11-17,0.1653,1
ORD-2025-049268,CUST-10024,2025-11-11,0.1515,2
ORD-2025-049269,CUST-06604,2025-11-05,0.1007,4
ORD-2025-049270,CUST-07901,2025-11-02,0.0693,2
ORD-2025-049271,CUST-09873,2025-11-22,0.0895,3
ORD-2025-049272,CUST-02900,2025-11-07,0.0566,1
ORD-2025-049273,CUST-11078,2025-11-02,0.0977,1
ORD-2025-049274,CUST-09751,2025-11-02,0.0695,3
ORD-2025-049275,CUST-02388,2025-11-17,0.145,1
ORD-2025-049276,CUST-04305,2025-11-21,0.2676,1
ORD-2025-049277,CUST-00466,2025-11-29,0.0155,1
ORD-2025-049278,CUST-11670,2025-11-21,0.0778,2
ORD-2025-049279,CUST-12209,2025-11-11,0.3249,3
ORD-2025-049280,CUST-12630,2025-11-27,0.0863,3
ORD-2025-049281,CUST-04949,2025-11-29,0.0611,1
ORD-2025-049282,CUST-01789,2025-11-17,0.2533,3
ORD-2025-049283,CUST-08134,2025-11-22,0.1758,1
ORD-2025-049284,CUST-13222,2025-11-11,0.2795,2
ORD-2025-049285,CUST-03372,2025-11-16,0.0797,1
ORD-2025-049286,CUST-08081,2025-11-15,0.416,2
ORD-2025-049287,CUST-09838,2025-11-01,0.0429,1
ORD-2025-049288,CUST-05602,2025-11-06,0.0776,1
ORD-2025-049289,CUST-00571,2025-11-27,0.053,1
ORD-2025-049290,CUST-03223,2025-11-15,0.0493,1
ORD-2025-049291,CUST-10513,2025-11-26,0.0388,1
ORD-2025-049292,CUST-03970,2025-11-24,0.0323,3
ORD-2025-049293,CUST-12454,2025-11-25,0.1002,1
ORD-2025-049294,CUST-09385,2025-11-03,0.3073,3
ORD-2025-049295,CUST-11804,2025-11-09,0.0449,2
ORD-2025-049296,CUST-04769,2025-11-17,0.1003,2
ORD-2025-049297,CUST-03520,2025-11-30,0.1387,1
ORD-2025-049298,CUST-01304,2025-11-03,0.0584,3
ORD-2025-049299,CUST-02971,2025-11-07,0.0614,5
ORD-2025-049300,CUST-00779,2025-11-01,0.2555,4
ORD-2025-049301,CUST-09892,2025-11-05,0.1145,2
ORD-2025-049302,CUST-02416,2025-11-21,0.1857,1
ORD-2025-049303,CUST-05370,2025-11-25,0.3642,1
ORD-2025-049304,CUST-12403,2025-11-23,0.0457,1
ORD-2025-049305,CUST-13298,2025-11-21,0.1161,1
ORD-2025-049306,CUST-11507,2025-11-07,0.0666,3
ORD-2025-049307,CUST-01863,2025-11-12,0.347,1
ORD-2025-049308,CUST-09239,2025-11-06,0.0328,1
ORD-2025-049309,CUST-08152,2025-11-07,0.1651,2
ORD-2025-049310,CUST-03865,2025-11-06,0.0829,3
ORD-2025-049311,CUST-01419,2025-11-20,0.3494,2
ORD-2025-049312,CUST-00350,2025-11-01,0.076,2
ORD-2025-049313,CUST-02723,2025-11-03,0.0371,4
ORD-2025-049314,CUST-09253,2025-11-10,0.0596,1
ORD-2025-049315,CUST-10827,2025-11-12,0.0139,3
ORD-2025-049316,CUST-08183,2025-11-12,0.5178,1
ORD-2025-049317,CUST-03816,2025-11-27,0.1223,3
ORD-2025-049318,CUST-09546,2025-11-30,0.0758,2
ORD-2025-049319,CUST-08081,2025-11-06,0.1599,1
ORD-2025-049320,CUST-07702,2025-11-26,0.0789,1
ORD-2025-049321,CUST-13083,2025-11-29,0.1245,2
ORD-2025-049322,CUST-07083,2025-11-28,0.0566,1
ORD-2025-049323,CUST-06910,2025-11-16,0.2672,1
ORD-2025-049324,CUST-11158,2025-11-10,0.0493,1
ORD-2025-049325,CUST-04802,2025-11-26,0.055,1
ORD-2025-049326,CUST-10347,2025-11-10,0.4228,2
ORD-2025-049327,CUST-01488,2025-11-01,0.0609,1
ORD-2025-049328,CUST-08443,2025-11-23,0.0556,1
ORD-2025-049329,CUST-11978,2025-11-05,0.2067,1
ORD-2025-049330,CUST-03581,2025-11-21,0.2768,1
ORD-2025-049331,CUST-07671,2025-11-18,0.0137,2
ORD-2025-049332,CUST-10079,2025-11-20,0.0135,1
ORD-2025-049333,CUST-01075,2025-11-29,0.1125,1
ORD-2025-049334,CUST-06136,2025-11-05,0.1889,2
ORD-2025-049335,CUST-02120,2025-11-05,0.0932,1
ORD-2025-049336,CUST-03134,2025-11-15,0.0801,2
ORD-2025-049337,CUST-09006,2025-11-17,0.0239,2
ORD-2025-049338,CUST-12033,2025-11-14,0.0541,1
ORD-2025-049339,CUST-09961,2025-11-20,0.041,1
ORD-2025-049340,CUST-04368,2025-11-08,0.12,2
ORD-2025-049341,CUST-02010,2025-11-24,0.0373,1
ORD-2025-049342,CUST-04493,2025-11-18,0.0228,1
ORD-2025-049343,CUST-02305,2025-11-22,0.1269,1
ORD-2025-049344,CUST-05327,2025-11-25,0.1683,1
ORD-2025-049345,CUST-02576,2025-11-24,0.0522,2
ORD-2025-049346,CUST-00022,2025-11-26,0.1046,2
ORD-2025-049347,CUST-03998,2025-11-22,0.2165,2
ORD-2025-049348,CUST-04008,2025-11-03,0.1574,2
ORD-2025-049349,CUST-11676,2025-11-24,0.0476,3
ORD-2025-049350,CUST-09571,2025-11-06,0.016,1
ORD-2025-049351,CUST-04291,2025-11-19,0.0831,2
ORD-2025-049352,CUST-03309,2025-11-15,0.0639,1
ORD-2025-049353,CUST-11705,2025-11-06,0.0599,1
ORD-2025-049354,CUST-08288,2025-11-30,0.0789,1
ORD-2025-049355,CUST-07878,2025-11-28,0.0958,1
ORD-2025-049356,CUST-10755,2025-11-11,0.1118,2
ORD-2025-049357,CUST-09513,2025-11-01,0.1235,1
ORD-2025-049358,CUST-04787,2025-11-11,0.0716,1
ORD-2025-049359,CUST-05047,2025-11-17,0.4291,2
ORD-2025-049360,CUST-07200,2025-11-09,0.0371,1
ORD-2025-049361,CUST-02712,2025-11-05,0.516,1
ORD-2025-049362,CUST-12896,2025-11-22,0.0351,2
ORD-2025-049363,CUST-06838,2025-11-09,0.0813,2
ORD-2025-049364,CUST-02513,2025-11-05,0.0139,3
ORD-2025-049365,CUST-01849,2025-11-12,0.0336,2
ORD-2025-049366,CUST-12231,2025-11-06,0.2817,1
ORD-2025-049367,CUST-02049,2025-11-03,0.1696,1
ORD-2025-049368,CUST-02185,2025-11-28,0.2327,2
ORD-2025-049369,CUST-00578,2025-11-11,0.0368,1
ORD-2025-049370,CUST-10563,2025-11-26,0.0756,2
ORD-2025-049371,CUST-09006,2025-11-03,0.0279,3
ORD-2025-049372,CUST-07753,2025-11-02,0.55,1
ORD-2025-049373,CUST-09044,2025-11-26,0.034,1
ORD-2025-049374,CUST-07617,2025-11-25,0.1176,1
ORD-2025-049375,CUST-07147,2025-11-10,0.0572,1
ORD-2025-049376,CUST-02310,2025-11-30,0.3364,1
ORD-2025-049377,CUST-11437,2025-11-28,0.1879,2
ORD-2025-049378,CUST-06446,2025-11-16,0.0537,3
ORD-2025-049379,CUST-09121,2025-11-24,0.0342,1
ORD-2025-049380,CUST-05643,2025-11-09,0.1419,1
ORD-2025-049381,CUST-04727,2025-11-21,0.1152,1
ORD-2025-049382,CUST-09482,2025-11-27,0.5095,2
ORD-2025-049383,CUST-02586,2025-11-15,0.1439,1
ORD-2025-049384,CUST-02642,2025-11-20,0.4398,1
ORD-2025-049385,CUST-07540,2025-11-17,0.0945,2
ORD-2025-049386,CUST-06813,2025-11-08,0.0449,1
ORD-2025-049387,CUST-10144,2025-11-20,0.0729,1
ORD-2025-049388,CUST-08449,2025-11-20,0.0531,2
ORD-2025-049389,CUST-11665,2025-11-13,0.1132,1
ORD-2025-049390,CUST-03804,2025-11-06,0.0763,3
ORD-2025-049391,CUST-04051,2025-11-04,0.091,1
ORD-2025-049392,CUST-03413,2025-11-03,0.0717,1
ORD-2025-049393,CUST-05326,2025-11-24,0.2876,1
ORD-2025-049394,CUST-09272,,0.1407,1
ORD-2025-049395,CUST-08582,2025-11-11,0.133,1
ORD-2025-049396,CUST-05659,2025-11-14,0.0357,3
ORD-2025-049397,CUST-06999,2025-11-13,0.2512,2
ORD-2025-049398,CUST-07213,2025-11-07,0.1494,3
ORD-2025-049399,CUST-04505,2025-11-30,0.4111,1
ORD-2025-049400,CUST-00357,2025-11-04,0.0491,1
ORD-2025-049401,CUST-10208,2025-11-25,0.4831,1
ORD-2025-049402,CUST-13194,2025-11-12,0.3182,1
ORD-2025-049403,CUST-11670,2025-11-01,0.1496,1
ORD-2025-049404,CUST-05111,2025-11-29,0.0558,1
ORD-2025-049405,CUST-05168,2025-11-29,0.1389,1
ORD-2025-049406,CUST-13215,2025-11-09,0.0056,1
ORD-2025-049407,CUST-10817,2025-11-03,0.2969,2
ORD-2025-049408,CUST-05379,2025-11-16,0.0984,2
ORD-2025-049409,CUST-11795,2025-11-30,0.0305,2
ORD-2025-049410,CUST-03654,2025-11-22,0.1988,2
ORD-2025-049411,CUST-00601,2025-11-07,0.0935,1
ORD-2025-049412,CUST-11138,2025-11-27,0.1088,1
ORD-2025-049413,CUST-01395,2025-11-10,0.0774,2
ORD-2025-049414,CUST-00700,2025-11-29,0.1348,3
ORD-2025-049415,CUST-11395,2025-11-02,0.1622,1
ORD-2025-049416,CUST-08302,2025-11-02,0.03,1
ORD-2025-049417,CUST-07944,2025-11-28,0.0145,3
ORD-2025-049418,CUST-06594,2025-11-10,0.0878,2
ORD-2025-049419,CUST-10513,2025-11-08,0.1188,1
ORD-2025-049420,CUST-10779,2025-11-22,0.1761,1
ORD-2025-049421,CUST-06294,2025-11-01,0.2012,1
ORD-2025-049422,CUST-09177,2025-11-22,0.1327,1
ORD-2025-049423,CUST-08790,2025-11-05,0.0527,1
ORD-2025-049424,CUST-06825,2025-11-02,0.1097,1
ORD-2025-049425,CUST-01267,2025-11-19,0.0086,1
ORD-2025-049426,CUST-06170,2025-11-05,0.0067,1
ORD-2025-049427,CUST-02368,2025-11-06,0.0578,1
ORD-2025-049428,CUST-02699,2025-11-25,0.1454,1
ORD-2025-049429,CUST-08178,2025-11-09,0.0865,2
ORD-2025-049430,CUST-04176,2025-11-06,0.0841,2
ORD-2025-049431,CUST-03470,2025-11-19,0.0881,2
ORD-2025-049432,CUST-08692,2025-11-25,0.124,2
ORD-2025-049433,CUST-03696,2025-11-09,0.2487,1
ORD-2025-049434,CUST-07858,2025-11-06,0.3428,1
ORD-2025-049435,CUST-06682,2025-11-13,0.0424,1
ORD-2025-049436,CUST-10278,2025-11-14,0.0256,4
ORD-2025-049437,CUST-11549,2025-11-05,0.3138,1
ORD-2025-049438,CUST-01085,2025-11-03,0.2196,1
ORD-2025-049439,CUST-12052,2025-11-30,0.0528,1
ORD-2025-049440,CUST-13201,2025-11-12,0.0818,1
ORD-2025-049441,CUST-03250,2025-11-16,0.0045,1
ORD-2025-049442,CUST-11694,2025-11-21,0.0886,1
ORD-2025-049443,CUST-12276,2025-11-10,0.0308,1
ORD-2025-049444,CUST-13747,2025-11-23,0.0819,2
ORD-2025-049445,CUST-11777,2025-11-28,0.1818,1
ORD-2025-049446,CUST-01103,2025-11-24,0.0055,1
ORD-2025-049447,CUST-08890,2025-11-10,0.3166,2
ORD-2025-049448,CUST-01579,2025-11-28,0.3375,2
ORD-2025-049449,CUST-01151,2025-11-29,0.0432,2
ORD-2025-049450,CUST-04291,2025-11-22,0.104,1
ORD-2025-049451,CUST-04607,2025-11-24,0.0371,1
ORD-2025-049452,CUST-01488,2025-11-27,0.0308,1
ORD-2025-049453,CUST-01958,2025-11-25,0.0574,3
ORD-2025-049454,CUST-12157,2025-11-30,0.0759,1
ORD-2025-049455,CUST-12480,2025-11-06,0.0283,1
ORD-2025-049456,CUST-00123,2025-11-25,0.0348,1
ORD-2025-049457,CUST-10840,2025-11-07,0.1691,1
ORD-2025-049458,CUST-02420,2025-11-26,0.1277,1
ORD-2025-049459,CUST-10820,2025-11-20,0.1125,1
ORD-2025-049460,CUST-07599,2025-11-16,0.0203,1
ORD-2025-049461,CUST-09371,2025-11-03,0.0667,3
ORD-2025-049462,CUST-06873,2025-11-21,0.3493,1
ORD-2025-049463,CUST-00106,2025-11-10,0.0091,1
ORD-2025-049464,CUST-13171,2025-11-14,0.0388,1
ORD-2025-049465,CUST-12078,2025-11-17,0.2583,1
ORD-2025-049466,CUST-12356,2025-11-12,0.0341,1
ORD-2025-049467,CUST-03864,2025-11-19,0.1121,3
ORD-2025-049468,CUST-02593,2025-11-04,0.1377,2
ORD-2025-049469,CUST-09859,2025-11-26,0.0892,1
ORD-2025-049470,CUST-08873,2025-11-12,0.1672,5
ORD-2025-049471,CUST-06296,2025-11-06,0.0437,1
ORD-2025-049472,CUST-06387,2025-11-27,0.1758,1
ORD-2025-049473,CUST-04209,2025-11-09,0.0678,1
ORD-2025-049474,CUST-10673,2025-11-09,0.2818,1
ORD-2025-049475,CUST-09752,2025-11-09,0.0371,1
ORD-2025-049476,CUST-11120,2025-11-06,0.3813,2
ORD-2025-049477,CUST-11372,2025-11-01,0.55,1
ORD-2025-049478,CUST-07130,2025-11-24,0.0525,3
ORD-2025-049479,CUST-12454,2025-11-21,0.0999,2
ORD-2025-049480,CUST-05671,2025-11-30,0.0651,1
ORD-2025-049481,CUST-04319,2025-11-04,0.3035,1
ORD-2025-049482,CUST-05430,2025-11-05,0.1543,1
ORD-2025-049483,CUST-01279,2025-11-26,0.1499,1
ORD-2025-049484,CUST-02508,2025-11-12,0.0317,3
ORD-2025-049485,CUST-03345,2025-11-03,0.1173,1
ORD-2025-049486,CUST-12367,2025-11-12,0.0684,2
ORD-2025-049487,CUST-03094,2025-11-09,0.1312,3
ORD-2025-049488,CUST-09409,2025-11-17,0.0477,1
ORD-2025-049489,CUST-01073,2025-11-24,0.0918,1
ORD-2025-049490,CUST-06597,2025-11-27,0.1277,2
ORD-2025-049491,CUST-06365,2025-11-21,0.1027,1
ORD-2025-049492,CUST-11458,2025-11-06,0.0974,4
ORD-2025-049493,CUST-04159,2025-11-01,0.0078,1
ORD-2025-049494,CUST-02262,2025-11-21,0.3018,2
ORD-2025-049495,CUST-09237,2025-11-21,0.0912,1
ORD-2025-049496,CUST-09094,2025-11-18,0.2068,1
ORD-2025-049497,CUST-05369,2025-11-30,0.1097,1
ORD-2025-049498,CUST-06162,2025-11-29,0.0867,3
ORD-2025-049499,CUST-12229,2025-11-05,0.55,1
ORD-2025-049500,CUST-13393,2025-11-27,0.0869,1
ORD-2025-049501,CUST-05509,2025-11-27,0.271,1
ORD-2025-049502,CUST-05439,2025-11-14,0.2953,1
ORD-2025-049503,CUST-02496,2025-11-23,0.1074,3
ORD-2025-049504,CUST-03643,2025-11-11,0.0857,1
ORD-2025-049505,CUST-11254,2025-11-30,0.5041,2
ORD-2025-049506,CUST-04609,2025-11-22,0.1282,2
ORD-2025-049507,CUST-04963,2025-11-30,0.0417,2
ORD-2025-049508,CUST-01305,2025-11-05,0.0596,1
ORD-2025-049509, CUST-02552 ,2025-11-12,0.1205,1
ORD-2025-049510,CUST-10857,2025-11-26,0.0539,1
ORD-2025-049511,CUST-09008,2025-11-21,0.0891,5
ORD-2025-049512,CUST-12116,2025-11-19,0.3503,1
ORD-2025-049513,CUST-00413,2025-11-09,0.0375,1
ORD-2025-049514,CUST-04576,2025-11-30,0.0515,3
ORD-2025-049515,CUST-07303,2025-11-06,0.4628,1
ORD-2025-049516,CUST-03681,2025-11-21,0.0435,4
ORD-2025-049517,CUST-08535,2025-11-06,0.0377,1
ORD-2025-049518,CUST-04151,2025-11-07,0.0813,2
ORD-2025-049519,CUST-03359,2025-11-07,0.0861,1
ORD-2025-049520,CUST-06497,2025-11-05,0.0148,1
ORD-2025-049521,CUST-06756,2025-11-30,0.0145,4
ORD-2025-049522,CUST-07961,2025-11-04,0.1392,3
ORD-2025-049523,CUST-00040,2025-11-09,0.3488,1
ORD-2025-049524,CUST-08179,2025-11-17,0.0123,1
ORD-2025-049525,CUST-11437,2025-11-20,0.3379,1
ORD-2025-049526,CUST-11701,2025-11-13,0.55,1
ORD-2025-049527,CUST-00165,2025-11-18,0.1689,3
ORD-2025-049528,CUST-03185,2025-11-23,0.1189,3
ORD-2025-049529,CUST-05079,2025-11-28,0.0776,3
ORD-2025-049530,CUST-06175,2025-11-04,0.2171,3
ORD-2025-049531,CUST-05582,2025-11-19,0.0091,2
ORD-2025-049532,CUST-09532,2025-11-23,0.0159,1
ORD-2025-049533,CUST-12734,2025-11-10,0.0546,1
ORD-2025-049534,CUST-08972,2025-11-16,0.0338,1
ORD-2025-049535,CUST-01589,2025-11-07,0.3992,1
ORD-2025-049536,CUST-11938,2025-11-10,0.0801,2
ORD-2025-049537,CUST-12984,2025-11-17,0.0192,1
ORD-2025-049538,CUST-08310,2025-11-26,0.0537,2
ORD-2025-049539,CUST-10916,2025-11-14,0.0769,1
ORD-2025-049540,CUST-11156,2025-11-05,0.0294,1
ORD-2025-049541,CUST-08289,2025-11-23,0.053,1
ORD-2025-049542,CUST-03091,2025-11-22,0.0822,2
ORD-2025-049543,CUST-01623,2025-11-29,0.0319,1
ORD-2025-049544,CUST-03267,2025-11-07,0.3767,2
ORD-2025-049545,CUST-07584,2025-11-03,0.1036,2
ORD-2025-049546,CUST-00584,2025-11-21,0.0978,1
ORD-2025-049547,CUST-09817,2025-11-21,0.0936,1
ORD-2025-049548,CUST-10699,2025-11-09,0.0426,2
ORD-2025-049549,CUST-01889,2025-11-03,0.068,1
ORD-2025-049550,CUST-02606,2025-11-17,0.1132,2
ORD-2025-049551,CUST-11322,2025-11-07,0.0731,1
ORD-2025-049552,CUST-05902,2025-11-08,0.0601,1
ORD-2025-049553,CUST-02764,2025-11-13,0.0282,3
ORD-2025-049554,CUST-06716,2025-11-16,0.1305,2
ORD-2025-049555,CUST-06208,2025-11-06,0.0736,1
ORD-2025-049556,CUST-02007,2025-11-11,0.074,1
ORD-2025-049557,CUST-10376,2025-11-17,0.3019,3
ORD-2025-049558,CUST-01158,2025-11-06,0.0249,2
ORD-2025-049559,CUST-03541,2025-11-10,0.2033,3
ORD-2025-049560,CUST-07825,2025-11-07,0.2336,1
ORD-2025-049561,CUST-04082,2025-11-15,0.111,1
ORD-2025-049562,CUST-05150,2025-11-07,0.2011,1
ORD-2025-049563,CUST-06467,2025-11-18,0.0341,3
ORD-2025-049564,CUST-03476,2025-11-28,0.2346,3
ORD-2025-049565,CUST-07463,2025-11-07,0.0509,2
ORD-2025-049566,CUST-06419,2025-11-12,0.185,1
ORD-2025-049567,CUST-01658,2025-11-18,0.1026,2
ORD-2025-049568,CUST-05825,2025-11-11,0.1153,3
ORD-2025-049569,CUST-06325,2025-11-13,0.0218,1
ORD-2025-049570,CUST-06214,2025-11-29,0.1048,2
ORD-2025-049571,CUST-03326,2025-11-22,0.034,1
ORD-2025-049572,CUST-04689,2025-11-11,0.0729,1
ORD-2025-049573,CUST-12475,2025-11-01,0.1071,1
ORD-2025-049574,CUST-01012,2025-11-02,0.1024,3
ORD-2025-049575,CUST-01341,2025-11-30,0.1764,1
ORD-2025-049576,CUST-07871,2025-11-27,0.0114,2
ORD-2025-049577,CUST-11611,2025-11-25,0.0545,1
ORD-2025-049578,CUST-01456,2025-11-03,0.05,1
ORD-2025-049579,CUST-04077,2025-11-20,0.028,2
ORD-2025-049580,CUST-06597,2025-11-13,0.0484,1
ORD-2025-049581,CUST-11205,2025-11-28,0.1434,3
ORD-2025-049582,CUST-08456,2025-11-24,0.1217,1
ORD-2025-049583,CUST-07018,2025-11-30,0.1598,2
ORD-2025-049584,CUST-04150,2025-11-30,0.4714,1
ORD-2025-049585,CUST-03883,2025-11-19,0.0941,3
ORD-2025-049586,CUST-08336,2025-11-24,0.0387,1
ORD-2025-049587,CUST-08107,2025-11-03,0.1296,1
ORD-2025-049588,CUST-01182,2025-11-20,0.0072,1
ORD-2025-049589,CUST-13368,2025-11-17,0.044,3
ORD-2025-049590,CUST-13125,2025-11-28,0.0871,1
ORD-2025-049591,CUST-06093,2025-11-04,0.0836,2
ORD-2025-049592,CUST-05226,2025-11-11,0.4064,2
ORD-2025-049593,CUST-05436,2025-11-14,0.1773,1
ORD-2025-049594,CUST-03468,2025-11-06,0.0255,3
ORD-2025-049595,CUST-02953,2025-11-05,0.1958,1
ORD-2025-049596,CUST-07683,2025-11-19,0.3548,1
ORD-2025-049597,CUST-10474,2025-11-09,0.0789,1
ORD-2025-049598,CUST-12387,2025-11-11,0.0838,1
ORD-2025-049599,,2025-11-12,0.2637,1
ORD-2025-049600,CUST-01211,2025-11-23,0.4375,1
ORD-2025-049601,CUST-05980,2025-11-10,0.1197,1
ORD-2025-049602,CUST-02326,2025-11-28,0.2825,1
ORD-2025-049603,CUST-09079,2025-11-01,0.2497,1
ORD-2025-049604,CUST-10243,2025-11-11,0.2059,1
ORD-2025-049605,CUST-01498,2025-11-10,0.3093,1
ORD-2025-049606,CUST-06451,2025-11-01,0.0358,2
ORD-2025-049607,CUST-01114,2025-11-01,0.0314,2
ORD-2025-049608,CUST-06883,2025-11-26,0.1572,2
ORD-2025-049609,CUST-01017,2025-11-05,0.0231,1
ORD-2025-049610,CUST-05950,2025-11-23,0.0498,1
ORD-2025-049611,CUST-08309,2025-11-08,0.1064,1
ORD-2025-049612,CUST-09431,2025-11-06,0.1588,1
ORD-2025-049613,CUST-02739,2025-11-05,0.461,2
ORD-2025-049614,CUST-04574,2025-11-09,0.2434,1
ORD-2025-049615,CUST-04323,2025-11-17,0.1681,3
ORD-2025-049616,CUST-08767,2025-11-16,0.0751,3
ORD-2025-049617,CUST-06608,2025-11-25,0.3024,1
ORD-2025-049618,CUST-04255,2025-11-15,0.0374,1
ORD-2025-049619,CUST-09837,2025-11-16,0.0371,1
ORD-2025-049620,CUST-02820,2025-11-04,0.0109,1
ORD-2025-049621,CUST-08607,2025-11-14,0.0495,1
ORD-2025-049622,CUST-05713,2025-11-16,0.0512,1
ORD-2025-049623,CUST-07073,2025-11-26,0.2263,1
ORD-2025-049624,CUST-03438,2025-11-26,0.4436,2
ORD-2025-049625,CUST-03168,2025-11-13,0.0987,1
ORD-2025-049626,CUST-01287,2025-11-09,0.3256,3
ORD-2025-049627,CUST-08811,2025-11-03,0.0127,1
ORD-2025-049628,CUST-09044,2025-11-18,0.0859,1
ORD-2025-049629,CUST-06714,2025-11-30,0.0374,3
ORD-2025-049630,CUST-00022,2025-11-18,0.0544,2
ORD-2025-049631,CUST-11581,2025-11-25,0.0041,1
ORD-2025-049632,CUST-13290,2025-11-30,0.1329,2
ORD-2025-049633,CUST-12786,2025-11-11,0.093,1
ORD-2025-049634,CUST-00978,2025-11-04,0.4072,1
ORD-2025-049635,CUST-13523,2025-11-27,0.0413,4
ORD-2025-049636,CUST-11075,2025-11-28,0.55,1
ORD-2025-049637,CUST-03109,2025-11-04,0.0883,3
ORD-2025-049638,CUST-13734,2025-11-30,0.0391,1
ORD-2025-049639,CUST-09424,2025-11-16,0.1574,1
ORD-2025-049640,CUST-06414,2025-11-12,0.0579,2
ORD-2025-049641,CUST-07065,2025-11-17,0.0317,1
ORD-2025-049642,CUST-07664,2025-11-16,0.4485,1
ORD-2025-049643,CUST-02119,2025-11-26,0.0753,2
ORD-2025-049644,CUST-10868,2025-11-25,0.108,3
ORD-2025-049645,CUST-13158,2025-11-23,0.0868,3
ORD-2025-049646,CUST-08152,2025-11-12,0.1504,1
ORD-2025-049647,CUST-07248,2025-11-08,0.3293,4
ORD-2025-049648,CUST-11670,2025-11-07,0.1153,1
ORD-2025-049649,CUST-03087,2025-11-14,0.0569,1
ORD-2025-049650,CUST-05141,2025-11-13,0.0669,2
ORD-2025-049651,CUST-05676,2025-11-16,0.0803,1
ORD-2025-049652,CUST-01570,2025-11-03,0.1303,1
ORD-2025-049653,CUST-05312,2025-11-14,0.1824,2
ORD-2025-049654,CUST-02622,2025-11-02,0.0275,1
ORD-2025-049655,CUST-09848,2025-11-17,0.0586,2
ORD-2025-049656,CUST-09478,2025-11-23,0.0504,2
ORD-2025-049657,CUST-04618,2025-11-21,0.2084,1
ORD-2025-049658,CUST-13126,2025-11-26,0.0848,3
ORD-2025-049659,CUST-04046,2025-11-05,0.2278,1
ORD-2025-049660,CUST-12497,2025-11-11,0.1835,3
ORD-2025-049661,CUST-06689,2025-11-23,0.1822,3
ORD-2025-049662,CUST-04255,2025-11-30,0.1642,1
ORD-2025-049663,CUST-09823,2025-11-25,0.134,1
ORD-2025-049664,CUST-08992,2025-11-13,0.2039,2
ORD-2025-049665,CUST-10097,2025-11-25,0.024,2
ORD-2025-049666,CUST-01053,2025-11-14,0.2704,2
ORD-2025-049667,CUST-08024,2025-11-21,0.2367,2
ORD-2025-049668,CUST-00564,2025-11-28,0.0325,1
ORD-2025-049669,CUST-04760,2025-11-03,0.0713,1
ORD-2025-049670,CUST-05011,2025-11-12,0.1704,2
ORD-2025-049671,CUST-07097,2025-11-24,0.516,2
ORD-2025-049672,CUST-02121,2025-11-18,0.018,3
ORD-2025-049673,CUST-02250,2025-11-23,0.5444,2
ORD-2025-049674,CUST-11673,2025-11-10,0.11,1
ORD-2025-049675,CUST-02779,2025-11-13,0.0411,1
ORD-2025-049676,CUST-00371,2025-11-16,0.0261,2
ORD-2025-049677,CUST-06878,2025-11-18,0.0886,1
ORD-2025-049678,CUST-11406,2025-11-09,0.1401,1
ORD-2025-049679,CUST-08361,2025-11-03,0.2323,2
ORD-2025-049680,CUST-13212,2025-11-20,0.1539,1
ORD-2025-049681,,2025-11-30,0.0252,1
ORD-2025-049682,CUST-09259,2025-11-26,0.3835,1
ORD-2025-049683,CUST-11386,2025-11-21,0.1908,1
ORD-2025-049684,CUST-07874,2025-11-11,0.0451,3
ORD-2025-049685,CUST-11392,2025-11-13,0.0841,2
ORD-2025-049686,CUST-12703,2025-11-17,0.0633,2
ORD-2025-049687,CUST-12254,2025-11-12,0.0388,3
ORD-2025-049688,CUST-00916,2025-11-12,0.0887,2
ORD-2025-049689,CUST-13569,2025-11-22,0.1668,1
ORD-2025-049690,CUST-10130,2025-11-06,0.0582,2
ORD-2025-049691,CUST-10584,2025-11-14,0.0929,3
ORD-2025-049692,CUST-09993,2025-11-03,0.1486,1
ORD-2025-049693,CUST-04701,2025-11-16,0.0317,3
ORD-2025-049694,CUST-08233,2025-11-07,0.1988,4
ORD-2025-049695,CUST-00384,2025-11-03,0.0259,1
ORD-2025-049696,CUST-02981,2025-11-13,0.483,1
ORD-2025-049697,CUST-01257,2025-11-26,0.0066,1
ORD-2025-049698,CUST-02471,2025-11-09,0.0728,2
ORD-2025-049699,CUST-00723,2025-11-13,0.0556,1
ORD-2025-049700,CUST-13517,2025-11-17,0.1221,3
ORD-2025-049701,CUST-08054,2025-11-27,0.0557,3
ORD-2025-049702,CUST-10796,2025-11-03,0.0231,2
ORD-2025-049703,CUST-01310,2025-11-28,0.0634,1
ORD-2025-049704,CUST-13108,2025-11-21,0.0532,3
ORD-2025-049705,CUST-07749,2025-11-19,0.1123,1
ORD-2025-049706,CUST-00528,2025-11-16,0.3769,1
ORD-2025-049707,CUST-13430,2025-11-01,0.0797,1
ORD-2025-049708,CUST-03847,2025-11-24,0.0668,1
ORD-2025-049709,CUST-02644,2025-11-17,0.0668,1
ORD-2025-049710,CUST-09524,2025-11-21,0.0485,1
ORD-2025-049711,CUST-07436,2025-11-29,0.0472,1
ORD-2025-049712,CUST-04601,2025-11-17,0.3,1
ORD-2025-049713,CUST-09286,2025-11-12,0.1472,3
ORD-2025-049714,CUST-08358,2025-11-14,0.0687,2
ORD-2025-049715,CUST-03634,2025-11-12,0.022,3
ORD-2025-049716,CUST-00219,2025-11-20,0.1586,2
ORD-2025-049717,CUST-01061,2025-11-28,0.102,1
ORD-2025-049718,CUST-07785,2025-11-15,0.0915,3
ORD-2025-049719,CUST-07706,2025-11-14,0.0622,3
ORD-2025-049720,CUST-09008,2025-11-17,0.1408,3
ORD-2025-049721,CUST-02044,2025-11-27,0.024,1
ORD-2025-049722,CUST-06148,2025-11-08,0.0296,2
ORD-2025-049723,CUST-03854,2025-11-26,0.1177,2
ORD-2025-049724,CUST-05400,2025-11-20,0.0323,3
ORD-2025-049725,CUST-08772,2025-11-09,0.083,1
ORD-2025-049726,CUST-12735,2025-11-24,0.4806,1
ORD-2025-049727,CUST-09089,2025-11-09,0.1145,1
ORD-2025-049728,CUST-13210,2025-11-24,0.0359,1
ORD-2025-049729,CUST-11499,2025-11-03,0.4543,1
ORD-2025-049730,CUST-02067,2025-11-26,0.0571,2
ORD-2025-049731,CUST-07434,2025-11-21,0.1156,1
ORD-2025-049732,CUST-01589,2025-11-15,0.2048,1
ORD-2025-049733,CUST-10193,2025-11-01,0.55,1
ORD-2025-049734,CUST-12470,2025-11-10,0.182,2
ORD-2025-049735,CUST-12128,2025-11-04,0.4829,2
ORD-2025-049736,CUST-03297,2025-11-29,0.1519,2
ORD-2025-049737,CUST-05749,2025-11-08,0.3316,1
ORD-2025-049738,CUST-01202,2025-11-22,0.1289,1
ORD-2025-049739,CUST-04488,2025-11-24,0.0943,2
ORD-2025-049740,CUST-01351,2025-11-17,0.0865,2
ORD-2025-049741,CUST-04128,2025-11-03,0.0869,1
ORD-2025-049742,CUST-08742,2025-11-13,0.2233,1
ORD-2025-049743, CUST-05656 ,2025-11-19,0.145,1
ORD-2025-049744,CUST-11395,2025-11-26,0.025,1
ORD-2025-049745,CUST-09785,2025-11-24,0.1806,1
ORD-2025-049746,CUST-13150,2025-11-01,0.4345,1
ORD-2025-049747,CUST-10643,2025-11-12,0.0508,3
ORD-2025-049748,CUST-03727,2025-11-24,0.2597,2
ORD-2025-049749,CUST-00950,2025-11-23,0.2466,2
ORD-2025-049750,CUST-12101,2025-11-01,0.1537,2
ORD-2025-049751,CUST-12134,2025-11-10,0.1755,1
ORD-2025-049752,CUST-02681,2025-11-28,0.0504,1
ORD-2025-049753,CUST-13049,2025-11-01,0.2195,1
ORD-2025-049754,CUST-09376,2025-11-10,0.3766,2
ORD-2025-049755,CUST-06398,2025-11-30,0.1027,1
ORD-2025-049756,CUST-05734,2025-11-01,0.1042,1
ORD-2025-049757,CUST-13047,2025-11-26,0.55,1
ORD-2025-049758,CUST-05181,2025-11-14,0.0614,1
ORD-2025-049759,CUST-11398,2025-11-04,0.0336,1
ORD-2025-049760,CUST-10229,2025-11-13,0.1881,1
ORD-2025-049761,CUST-10557,2025-11-03,0.1606,2
ORD-2025-049762,CUST-08674,2025-11-21,0.1207,1
ORD-2025-049763,CUST-04347,2025-11-02,0.0192,2
ORD-2025-049764,CUST-10835,2025-11-16,0.0934,1
ORD-2025-049765,CUST-08177,2025-11-09,0.2092,3
ORD-2025-049766,CUST-11035,2025-11-02,0.0628,1
ORD-2025-049767,CUST-03035,2025-11-17,0.1331,4
ORD-2025-049768,CUST-13334,2025-11-26,0.55,1
ORD-2025-049769,CUST-00723,2025-11-28,0.0279,1
ORD-2025-049770,CUST-06987,2025-11-28,0.55,2
ORD-2025-049771,CUST-08647,2025-11-06,0.4091,3
ORD-2025-049772,CUST-04477,2025-11-03,0.5232,2
ORD-2025-049773,CUST-02711,2025-11-22,0.55,1
ORD-2025-049774,CUST-10027,2025-11-11,0.022,1
ORD-2025-049775,CUST-01520,2025-11-13,0.0824,2
ORD-2025-049776,CUST-00233,2025-11-24,0.0544,1
ORD-2025-049777,CUST-02477,2025-11-06,0.0354,1
ORD-2025-049778,CUST-06986,2025-11-21,0.0112,1
ORD-2025-049779,CUST-01804,2025-11-08,0.1864,1
ORD-2025-049780,CUST-02365,2025-11-03,0.0102,1
ORD-2025-049781,CUST-12365,2025-11-15,0.0828,1
ORD-2025-049782,CUST-00641,2025-11-30,0.016,1
ORD-2025-049783,CUST-05915,2025-11-28,0.1582,1
ORD-2025-049784,CUST-07719,2025-11-08,0.0804,1
ORD-2025-049785,CUST-11461,2025-11-17,0.3294,1
ORD-2025-049786,CUST-02294,2025-11-03,0.0456,1
ORD-2025-049787,CUST-13174,2025-11-07,0.1226,1
ORD-2025-049788,CUST-09716,2025-11-08,0.0224,1
ORD-2025-049789,CUST-12745,2025-11-02,0.0457,2
ORD-2025-049790,CUST-09406,2025-11-07,0.1207,2
ORD-2025-049791,CUST-09611,2025-11-02,0.3277,2
ORD-2025-049792,CUST-05286,2025-11-09,0.1284,2
ORD-2025-049793,CUST-12634,2025-11-09,0.0806,1
ORD-2025-049794,CUST-05489,2025-11-16,0.0395,1
ORD-2025-049795,CUST-06416,2025-11-07,0.0221,1
ORD-2025-049796,CUST-06299,2025-11-26,0.0218,2
ORD-2025-049797,CUST-00932,2025-11-12,0.0631,1
ORD-2025-049798,CUST-01831,2025-11-16,0.0924,2
ORD-2025-049799,CUST-09267,2025-11-21,0.1816,1
ORD-2025-049800,CUST-12416,2025-11-01,0.2825,1
ORD-2025-049801,CUST-05966,2025-11-30,0.1443,1
ORD-2025-049802,CUST-04695,2025-11-17,0.1519,1
ORD-2025-049803,CUST-06381,2025-11-27,0.0943,4
ORD-2025-049804,CUST-12118,2025-11-18,0.0656,1
ORD-2025-049805,CUST-10096,2025-11-30,0.0037,1
ORD-2025-049806,CUST-01431,2025-11-02,0.0317,1
ORD-2025-049807,CUST-09885,2025-11-13,0.1574,3
ORD-2025-049808,CUST-04209,2025-11-13,0.0827,1
ORD-2025-049809,CUST-01723,2025-11-05,0.243,1
ORD-2025-049810,CUST-11502,2025-11-09,0.1147,3
ORD-2025-049811,CUST-12840,2025-11-02,0.1318,1
ORD-2025-049812,CUST-00785,2025-11-12,0.054,1
ORD-2025-049813,CUST-10181,2025-11-24,0.0212,3
ORD-2025-049814,CUST-01436,2025-11-03,0.0717,3
ORD-2025-049815,CUST-09595,2025-11-04,0.105,2
ORD-2025-049816,CUST-13130,2025-11-10,0.2458,1
ORD-2025-049817,CUST-09328,2025-11-18,0.0805,1
ORD-2025-049818,CUST-00969,2025-11-22,0.0801,1
ORD-2025-049819,CUST-02655,2025-11-15,0.55,1
ORD-2025-049820,CUST-07648,2025-11-12,0.1355,3
ORD-2025-049821,CUST-03359,2025-11-21,0.1083,1
ORD-2025-049822,CUST-04370,2025-11-18,0.1262,1
ORD-2025-049823,CUST-11917,2025-11-27,0.121,1
ORD-2025-049824,CUST-03155,2025-11-05,0.4779,2
ORD-2025-049825,CUST-02549,2025-11-10,0.1167,1
ORD-2025-049826,CUST-12937,2025-11-04,0.1377,1
ORD-2025-049827,CUST-04063,2025-11-17,0.0286,1
ORD-2025-049828,CUST-06168,2025-11-02,0.0149,1
ORD-2025-049829,CUST-01190,2025-11-04,0.0765,3
ORD-2025-049830,CUST-12617,2025-11-26,0.1012,1
ORD-2025-049831,CUST-08452,2025-11-01,0.045,1
ORD-2025-049832,CUST-05184,2025-11-18,0.067,1
ORD-2025-049833,CUST-03738,2025-11-08,0.0562,1
ORD-2025-049834,CUST-03383,2025-11-26,0.0772,1
ORD-2025-049835,CUST-13136,2025-11-24,0.0226,1
ORD-2025-049836,CUST-12180,2025-11-24,0.0432,1
ORD-2025-049837,CUST-02065,2025-11-30,0.0688,1
ORD-2025-049838,CUST-04910,2025-11-27,0.235,1
ORD-2025-049839,CUST-04790,2025-11-08,0.2505,2
ORD-2025-049840,CUST-09137,2025-11-24,0.0221,1
ORD-2025-049841,CUST-09591,2025-11-02,0.2947,1
ORD-2025-049842,CUST-06327,2025-11-07,0.1563,1
ORD-2025-049843,CUST-08208,2025-11-30,0.3095,3
ORD-2025-049844,CUST-03057,2025-11-27,0.0114,1
ORD-2025-049845,CUST-03900,2025-11-09,0.2218,1
ORD-2025-049846,CUST-09773,2025-11-30,0.0419,1
ORD-2025-049847,CUST-11311,2025-11-07,0.0545,1
ORD-2025-049848,CUST-01975,2025-11-23,0.2468,1
ORD-2025-049849,CUST-01186,2025-11-24,0.0299,2
ORD-2025-049850,CUST-04284,2025-11-05,0.4759,1
ORD-2025-049851,CUST-08442,2025-11-03,0.1005,1
ORD-2025-049852,CUST-12770,2025-11-21,0.164,2
ORD-2025-049853,CUST-11349,2025-11-07,0.0571,1
ORD-2025-049854,CUST-03741,2025-11-29,0.1086,3
ORD-2025-049855,CUST-11469,2025-11-07,0.1403,2
ORD-2025-049856,CUST-11168,2025-11-07,0.1949,1
ORD-2025-049857,CUST-02246,2025-11-22,0.0673,3
ORD-2025-049858,CUST-01551,2025-11-06,0.2746,2
ORD-2025-049859,CUST-01124,2025-11-01,0.3771,1
ORD-2025-049860,CUST-11888,2025-11-19,0.0639,1
ORD-2025-049861,CUST-06956,2025-11-11,0.0883,3
ORD-2025-049862,CUST-04539,2025-11-30,0.1785,1
ORD-2025-049863,CUST-08999,2025-11-27,0.0629,1
ORD-2025-049864,CUST-04919,2025-11-20,0.0273,5
ORD-2025-049865,CUST-05206,2025-11-15,0.0191,2
ORD-2025-049866,CUST-03584,2025-11-07,0.3973,1
ORD-2025-049867,CUST-11111,2025-11-09,0.1623,2
ORD-2025-049868,CUST-04672,2025-11-18,0.0238,2
ORD-2025-049869,CUST-13355,2025-11-03,0.0595,1
ORD-2025-049870,CUST-11982,2025-11-17,0.0826,1
ORD-2025-049871,CUST-01295,2025-11-12,0.0487,2
ORD-2025-049872,CUST-05695,2025-11-20,0.3003,1
ORD-2025-049873,CUST-10563,2025-11-26,0.1718,1
ORD-2025-049874,CUST-10765,2025-11-23,0.0378,1
ORD-2025-049875,CUST-10554,2025-11-08,0.0074,2
ORD-2025-049876,CUST-11076,2025-11-04,0.0864,1
ORD-2025-049877,CUST-12782,2025-11-30,0.1628,2
ORD-2025-049878,CUST-04256,2025-11-12,0.0288,3
ORD-2025-049879,CUST-10550,2025-11-02,0.1311,2
ORD-2025-049880,CUST-03521,2025-11-14,0.0748,1
ORD-2025-049881,CUST-02207,2025-11-08,0.0244,1
ORD-2025-049882,CUST-10052,2025-11-11,0.1267,2
ORD-2025-049883,CUST-06952,2025-11-10,0.1844,1
ORD-2025-049884,CUST-01811,2025-11-23,0.0866,2
ORD-2025-049885,CUST-07768,2025-11-25,0.1368,4
ORD-2025-049886,CUST-12232,2025-11-10,0.4543,2
ORD-2025-049887,CUST-02081,2025-11-23,0.0144,1
ORD-2025-049888,CUST-07561,2025-11-21,0.0327,2
ORD-2025-049889,CUST-06497,2025-11-25,0.0221,1
ORD-2025-049890,CUST-02497,2025-11-18,0.0501,1
ORD-2025-049891,CUST-10102,2025-11-13,0.1492,1
ORD-2025-049892,CUST-00023,2025-11-22,0.0932,2
ORD-2025-049893,CUST-02937,2025-11-29,0.0422,1
ORD-2025-049894,CUST-09853,2025-11-12,0.3361,1
ORD-2025-049895,CUST-09631,2025-11-08,0.2369,1
ORD-2025-049896,CUST-01561,2025-11-09,0.0681,4
ORD-2025-049897,CUST-01264,2025-11-15,0.1325,2
ORD-2025-049898,CUST-03392,2025-11-21,0.0513,1
ORD-2025-049899,CUST-00832,2025-11-07,0.2584,2
ORD-2025-049900,CUST-03455,2025-11-03,0.102,1
ORD-2025-049901,CUST-06484,2025-11-22,0.1254,1
ORD-2025-049902,CUST-06563,2025-11-13,0.1104,1
ORD-2025-049903,CUST-02575,2025-11-15,0.0358,1
ORD-2025-049904,CUST-07068,2025-11-02,0.1172,3
ORD-2025-049905,CUST-05085,2025-11-10,0.0504,1
ORD-2025-049906,CUST-02816,2025-11-25,0.1317,1
ORD-2025-049907,CUST-07954,2025-11-12,0.0869,1
ORD-2025-049908,CUST-00560,2025-11-16,0.0695,1
ORD-2025-049909,CUST-07871,2025-11-26,0.0606,2
ORD-2025-049910,CUST-03629,2025-11-13,0.1005,1
ORD-2025-049911,CUST-09053,2025-11-16,0.3576,2
ORD-2025-049912,CUST-01684,2025-11-17,0.1365,1
ORD-2025-049913,CUST-01977,2025-11-06,0.5059,1
ORD-2025-049914,CUST-11314,2025-11-16,0.0677,1
ORD-2025-049915,CUST-07482,2025-11-21,0.0157,1
ORD-2025-049916,CUST-12089,2025-11-05,0.2178,1
ORD-2025-049917,CUST-04098,2025-11-30,0.0366,5
ORD-2025-049918,CUST-10744,2025-11-09,0.1353,1
ORD-2025-049919,CUST-08546,2025-11-02,0.0758,2
ORD-2025-049920,CUST-06121,2025-11-28,0.0221,1
ORD-2025-049921,CUST-02133,2025-11-19,0.076,1
ORD-2025-049922,CUST-12206,2025-11-09,0.0688,1
ORD-2025-049923,CUST-13391,2025-11-03,0.2844,2
ORD-2025-049924,CUST-00148,2025-11-14,0.0248,2
ORD-2025-049925,CUST-05272,2025-11-08,0.0306,1
ORD-2025-049926,CUST-02918,2025-11-13,0.4694,2
ORD-2025-049927,CUST-03619,2025-11-05,0.0859,3
ORD-2025-049928,CUST-08017,2025-11-08,0.0714,1
ORD-2025-049929,CUST-01337,2025-11-26,0.0492,2
ORD-2025-049930,CUST-06272,2025-11-02,0.0674,2
ORD-2025-049931,CUST-12903,2025-11-22,0.3127,1
ORD-2025-049932,CUST-00453,2025-11-21,0.0469,3
ORD-2025-049933,CUST-00737,2025-11-28,0.2997,1
ORD-2025-049934,CUST-06799,2025-11-27,0.0704,4
ORD-2025-049935,CUST-13016,2025-11-13,0.0494,1
ORD-2025-049936,CUST-11562,2025-11-25,0.1785,1
ORD-2025-049937,CUST-01767,2025-11-08,0.063,1
ORD-2025-049938,CUST-00376,2025-11-11,0.108,4
ORD-2025-049939,CUST-11903,2025-11-23,0.0619,1
ORD-2025-049940,CUST-03064,2025-11-13,0.55,1
ORD-2025-049941,CUST-08285,2025-11-02,0.0225,3
ORD-2025-049942,CUST-09288,2025-11-05,0.0487,1
ORD-2025-049943,CUST-04694,2025-11-20,0.0677,1
ORD-2025-049944,CUST-00892,2025-11-05,0.0612,3
ORD-2025-049945,CUST-10442,2025-11-11,0.0579,1
ORD-2025-049946,CUST-08560,2025-11-20,0.55,2
ORD-2025-049947,CUST-02999,2025-11-04,0.1065,2
ORD-2025-049948,CUST-13469,2025-11-27,0.2844,2
ORD-2025-049949,CUST-12634,2025-11-26,0.0232,3
ORD-2025-049950,CUST-10050,2025-11-21,0.0766,2
ORD-2025-049951,CUST-12242,2025-11-04,0.0861,1
ORD-2025-049952,CUST-04368,2025-11-24,0.1173,2
ORD-2025-049953,CUST-12097,2025-11-15,0.0471,1
ORD-2025-049954,CUST-07365,2025-11-08,0.0856,1
ORD-2025-049955,CUST-00011,2025-11-19,0.173,1
ORD-2025-049956,CUST-10036,2025-11-28,0.2632,2
ORD-2025-049957,CUST-11724,2025-11-21,0.1596,1
ORD-2025-049958,CUST-00596,2025-11-20,0.4049,2
ORD-2025-049959,CUST-12417,2025-11-29,0.0186,1
ORD-2025-049960,CUST-02292,2025-11-23,0.1342,1
ORD-2025-049961,CUST-04906,2025-11-14,0.1542,1
ORD-2025-049962,CUST-10862,2025-11-23,0.0509,1
ORD-2025-049963,CUST-08698,2025-11-23,0.1307,1
ORD-2025-049964,CUST-01103,2025-11-08,0.0292,1
ORD-2025-049965,CUST-06153,2025-11-08,0.1199,1
ORD-2025-049966,CUST-10056,2025-11-17,0.114,1
ORD-2025-049967,CUST-12454,2025-11-13,0.0656,1
ORD-2025-049968,CUST-01947,2025-11-23,0.1383,2
ORD-2025-049969,CUST-01589,2025-11-16,0.0571,2
ORD-2025-049970,CUST-01407,2025-11-28,0.0249,1
ORD-2025-049971,CUST-07063,2025-11-14,0.0297,2
ORD-2025-049972,CUST-07208,2025-11-27,0.3612,1
ORD-2025-049973,CUST-09867,2025-11-10,0.5241,2
ORD-2025-049974,CUST-08956,2025-11-09,0.1981,1
ORD-2025-049975,CUST-00765,2025-11-23,0.458,2
ORD-2025-049976,CUST-09369,2025-11-12,0.0272,2
ORD-2025-049977,CUST-04689,2025-11-26,0.0545,2
ORD-2025-049978,CUST-05903,2025-11-15,0.0843,1
ORD-2025-049979,CUST-00069,2025-11-24,0.0876,3
ORD-2025-049980,CUST-04168,2025-11-17,0.0598,1
ORD-2025-049981,CUST-01086,2025-11-15,0.0192,1
ORD-2025-049982,CUST-01018,2025-11-01,0.2235,1
ORD-2025-049983,CUST-10759,2025-11-26,0.0144,2
ORD-2025-049984,CUST-08821,2025-11-08,0.0258,1
ORD-2025-049985,CUST-06080,2025-11-01,0.0951,1
ORD-2025-049986,CUST-12245,2025-11-02,0.0419,1
ORD-2025-049987,CUST-08342,2025-11-27,0.0618,1
ORD-2025-049988,CUST-09040,2025-11-09,0.55,1
ORD-2025-049989,,2025-11-20,0.0122,1
ORD-2025-049990,CUST-06458,2025-11-17,0.0475,2
ORD-2025-049991,CUST-04673,2025-11-19,0.173,3
ORD-2025-049992,CUST-13014,2025-11-10,0.1101,2
ORD-2025-049993,CUST-09118,2025-11-12,0.0738,3
ORD-2025-049994,CUST-00379,2025-11-16,0.0473,1
ORD-2025-049995,CUST-01173,2025-11-24,0.0759,2
ORD-2025-049996,CUST-12236,2025-11-04,0.096,2
ORD-2025-049997,CUST-04489,2025-11-10,0.4278,1
ORD-2025-049998,CUST-11613,2025-11-27,0.1187,2
ORD-2025-049999,CUST-01702,2025-11-27,0.0255,1
ORD-2025-050000,CUST-07804,2025-11-05,0.0553,3
ORD-2025-050001,CUST-11249,2025-11-29,0.0915,2
ORD-2025-050002,CUST-10432,2025-11-25,0.0073,1
ORD-2025-050003,CUST-11603,2025-11-21,0.0172,2
ORD-2025-050004,CUST-08303,2025-11-24,0.0725,1
ORD-2025-050005,CUST-01520,2025-11-06,0.0969,1
ORD-2025-050006,CUST-03292,2025-11-10,0.1094,1
ORD-2025-050007,CUST-09595,2025-11-21,0.0719,1
ORD-2025-050008,CUST-03881,2025-11-30,0.0168,1
ORD-2025-050009,CUST-13092,2025-11-21,0.0341,1
ORD-2025-050010,CUST-08546,2025-11-22,0.161,2
ORD-2025-050011,CUST-10852,2025-11-10,0.3852,1
ORD-2025-050012,CUST-00507,2025-11-09,0.2971,3
ORD-2025-050013,CUST-04918,2025-11-05,0.044,1
ORD-2025-050014,CUST-06458,2025-11-24,0.0231,1
ORD-2025-050015,CUST-12252,2025-11-21,0.1653,1
ORD-2025-050016,,2025-11-25,0.0286,1
ORD-2025-050017,CUST-12578,2025-11-30,0.0388,1
ORD-2025-050018,CUST-01923,2025-11-11,0.0187,1
ORD-2025-050019,CUST-12412,2025-11-29,0.0101,1
ORD-2025-050020,CUST-11442,2025-11-27,0.1087,2
ORD-2025-050021,CUST-00447,2025-11-18,0.1473,1
ORD-2025-050022,CUST-13239,2025-11-07,0.0204,1
ORD-2025-050023,CUST-04609,2025-11-29,0.1266,1
ORD-2025-050024,CUST-03211,2025-11-29,0.0933,1
ORD-2025-050025,CUST-02875,2025-11-18,0.149,3
ORD-2025-050026,CUST-12955,2025-11-26,0.1718,2
ORD-2025-050027,CUST-07749,2025-11-11,0.0975,1
ORD-2025-050028,CUST-06513,2025-11-13,0.0401,1
ORD-2025-050029,CUST-13328,2025-11-11,0.4799,1
ORD-2025-050030,CUST-12632,2025-11-30,0.0576,1
ORD-2025-050031,CUST-00135,2025-11-01,0.0632,1
ORD-2025-050032,CUST-04973,2025-11-25,0.2634,1
ORD-2025-050033,CUST-09058,2025-11-24,0.1846,1
ORD-2025-050034,CUST-03368,2025-11-27,0.0448,1
ORD-2025-050035,CUST-01165,2025-11-14,0.2547,2
ORD-2025-050036,CUST-12777,2025-11-16,0.0298,3
ORD-2025-050037,CUST-00759,2025-11-11,0.1603,2
ORD-2025-050038,CUST-13092,2025-11-22,0.0517,1
ORD-2025-050039,CUST-09239,2025-11-27,0.0394,1
ORD-2025-050040,CUST-00554,2025-11-25,0.077,1
ORD-2025-050041,CUST-13734,2025-11-06,0.0151,1
ORD-2025-050042,CUST-03595,2025-11-19,0.0662,2
ORD-2025-050043,CUST-03780,2025-11-12,0.1803,1
ORD-2025-050044,CUST-07455,2025-11-09,0.0265,3
ORD-2025-050045,CUST-09575,2025-11-12,0.071,1
ORD-2025-050046,CUST-07277,2025-11-14,0.0319,1
ORD-2025-050047,CUST-09243,2025-11-30,0.1014,1
ORD-2025-050048,CUST-01398,2025-11-02,0.0169,1
ORD-2025-050049,CUST-06860,2025-11-04,0.2501,1
ORD-2025-050050,CUST-09052,2025-11-13,0.0298,1
ORD-2025-050051,CUST-12119,2025-11-01,0.2737,2
ORD-2025-050052,CUST-09311,2025-11-25,0.1256,2
ORD-2025-050053,CUST-05199,2025-11-13,0.1198,1
ORD-2025-050054,CUST-03832,2025-11-12,0.1776,2
ORD-2025-050055,CUST-10750,2025-11-22,0.0125,1
ORD-2025-050056,CUST-01266,2025-11-20,0.2176,1
ORD-2025-050057,CUST-05664,2025-11-24,0.0089,1
ORD-2025-050058,CUST-02732,2025-11-20,0.0103,2
ORD-2025-050059,CUST-11471,2025-11-28,0.2477,1
ORD-2025-050060,CUST-00494,2025-11-27,0.55,3
ORD-2025-050061,CUST-08352,2025-11-25,0.2352,1
ORD-2025-050062,CUST-03836,2025-11-14,0.1719,2
ORD-2025-050063,CUST-05369,2025-11-27,0.0545,2
ORD-2025-050064,CUST-00949,2025-11-07,0.055,1
ORD-2025-050065,CUST-13601,2025-11-03,0.55,1
ORD-2025-050066,CUST-04675,2025-11-20,0.1974,2
ORD-2025-050067,CUST-05732,2025-11-06,0.0385,1
ORD-2025-050068,CUST-02709,2025-11-16,0.1474,1
ORD-2025-050069,CUST-00257,2025-11-09,0.0463,1
ORD-2025-050070,CUST-06443,2025-11-25,0.3443,1
ORD-2025-050071,CUST-01452,2025-11-12,0.0837,4
ORD-2025-050072,CUST-10553,2025-11-23,0.0827,1
ORD-2025-050073,CUST-09842,2025-11-20,0.0117,1
ORD-2025-050074,CUST-08708,2025-11-20,0.36,1
ORD-2025-050075,CUST-07737,2025-11-10,0.187,1
ORD-2025-050076,CUST-06546,2025-11-12,0.015,2
ORD-2025-050077,CUST-08714,2025-11-20,0.0251,3
ORD-2025-050078,CUST-06952,2025-11-18,0.0776,2
ORD-2025-050079,CUST-04266,2025-11-02,0.058,2
ORD-2025-050080,CUST-10759,2025-11-14,0.0373,3
ORD-2025-050081,CUST-00238,2025-11-25,0.0909,3
ORD-2025-050082,CUST-05945,2025-11-26,0.0327,3
ORD-2025-050083,CUST-09374,2025-11-13,0.0344,1
ORD-2025-050084,CUST-01593,2025-11-28,0.0304,1
ORD-2025-050085,CUST-10770,2025-11-03,0.0549,1
ORD-2025-050086,CUST-02248,2025-11-22,0.4582,1
ORD-2025-050087,CUST-12438,2025-11-14,0.0742,5
ORD-2025-050088,CUST-06731,2025-11-12,0.1194,1
ORD-2025-050089,CUST-13671,2025-11-28,0.1647,2
ORD-2025-050090,CUST-04560,2025-11-24,0.0638,3
ORD-2025-050091,CUST-03519,2025-11-26,0.0176,1
ORD-2025-050092,CUST-13253,2025-11-26,0.1005,1
ORD-2025-050093,CUST-09606,2025-11-18,0.1076,1
ORD-2025-050094,CUST-11661,2025-11-27,0.55,1
ORD-2025-050095,CUST-06432,2025-11-21,0.1938,3
ORD-2025-050096,CUST-09428,2025-11-27,0.0585,1
ORD-2025-050097,CUST-00091,2025-11-29,0.55,1
ORD-2025-050098,CUST-12856,2025-11-03,0.252,3
ORD-2025-050099,CUST-13342,2025-11-08,0.0566,1
ORD-2025-050100,CUST-08667,2025-11-07,0.0156,2
ORD-2025-050101,CUST-10727,2025-11-23,0.4365,2
ORD-2025-050102,CUST-12996,2025-11-23,0.0157,2
ORD-2025-050103,CUST-11527,2025-11-24,0.0486,1
ORD-2025-050104,CUST-05765,2025-11-29,0.0451,1
ORD-2025-050105,CUST-05886,2025-11-03,0.0824,2
ORD-2025-050106,CUST-02374,2025-11-11,0.0517,2
ORD-2025-050107,CUST-05109,2025-11-06,0.0625,1
ORD-2025-050108,CUST-04644,2025-11-01,0.0357,4
ORD-2025-050109,CUST-11444,2025-11-20,0.2138,1
ORD-2025-050110,CUST-04696,2025-11-03,0.1239,2
ORD-2025-050111,CUST-13649,2025-11-20,0.088,5
ORD-2025-050112,CUST-02251,2025-11-14,0.0453,1
ORD-2025-050113,CUST-04403,2025-11-28,0.0466,1
ORD-2025-050114,CUST-11931,2025-11-18,0.2148,2
ORD-2025-050115,CUST-07450,2025-11-17,0.1035,1
ORD-2025-050116,CUST-03256,2025-11-30,0.1619,2
ORD-2025-050117,CUST-09388,2025-11-11,0.2199,1
ORD-2025-050118,CUST-01004,2025-11-17,0.0167,2
ORD-2025-050119,CUST-05442,2025-11-05,0.0939,1
ORD-2025-050120,CUST-06573,2025-11-09,0.0433,3
ORD-2025-050121,CUST-06467,2025-11-05,0.0752,1
ORD-2025-050122,CUST-08785,2025-11-27,0.0291,1
ORD-2025-050123,CUST-07923,2025-11-26,0.0961,2
ORD-2025-050124,CUST-02635,2025-11-05,0.2646,1
ORD-2025-050125,CUST-06722,2025-11-12,0.0429,2
ORD-2025-050126,CUST-08209,2025-11-17,0.4286,2
ORD-2025-050127,CUST-02374,2025-11-15,0.0308,1
ORD-2025-050128,CUST-06863,2025-11-07,0.07,3
ORD-2025-050129,CUST-00932,2025-11-06,0.066,2
ORD-2025-050130,CUST-00127,2025-11-28,0.0135,1
ORD-2025-050131,CUST-04609,2025-11-28,0.2194,1
ORD-2025-050132,CUST-02423,2025-11-04,0.0534,3
ORD-2025-050133,CUST-02438,2025-11-21,0.5121,1
ORD-2025-050134,CUST-09105,2025-11-01,0.3184,1
ORD-2025-050135,CUST-05035,2025-11-16,0.0633,1
ORD-2025-050136,CUST-02637,2025-11-20,0.1652,3
ORD-2025-050137,CUST-02435,2025-11-24,0.1233,1
ORD-2025-050138,CUST-00555,2025-11-16,0.2911,1
ORD-2025-050139,CUST-06082,2025-11-29,0.0999,2
ORD-2025-050140,CUST-13122,2025-11-19,0.1955,4
ORD-2025-050141,CUST-09262,2025-11-01,0.1297,2
ORD-2025-050142,CUST-04896,2025-11-14,0.0794,2
ORD-2025-050143,CUST-09107,2025-11-09,0.011,2
ORD-2025-050144,CUST-08243,2025-11-14,0.2587,1
ORD-2025-050145,CUST-08286,2025-11-16,0.0457,1
ORD-2025-050146,CUST-02740,2025-11-14,0.0282,1
ORD-2025-050147,CUST-06952,2025-11-15,0.0404,1
ORD-2025-050148,CUST-06573,2025-11-20,0.0288,1
ORD-2025-050149,CUST-07883,2025-11-01,0.0267,1
ORD-2025-050150,CUST-03200,2025-11-28,0.0272,2
ORD-2025-050151,CUST-13142,2025-11-25,0.0487,1
ORD-2025-050152,CUST-09774,2025-11-07,0.029,1
ORD-2025-050153,CUST-01202,2025-11-15,0.0711,1
ORD-2025-050154,CUST-12367,2025-11-08,0.1873,1
ORD-2025-050155,CUST-10846,2025-11-07,0.0322,2
ORD-2025-050156,CUST-11676,2025-11-25,0.0462,1
ORD-2025-050157,CUST-11062,2025-11-26,0.0861,1
ORD-2025-050158,CUST-12866,2025-11-14,0.0365,1
ORD-2025-050159,CUST-12940,2025-11-03,0.1375,3
ORD-2025-050160,CUST-11322,2025-11-11,0.0285,1
ORD-2025-050161,CUST-04738,2025-11-20,0.0711,2
ORD-2025-050162,CUST-02762,2025-11-28,0.1629,1
ORD-2025-050163,CUST-06080,2025-11-23,0.2738,1
ORD-2025-050164,CUST-04440,2025-11-25,0.2226,1
ORD-2025-050165,CUST-08885,2025-11-15,0.5497,2
ORD-2025-050166,CUST-08885,2025-11-11,0.527,2
ORD-2025-050167,CUST-00200,2025-11-16,0.2374,3
ORD-2025-050168,CUST-00397,2025-11-11,0.0142,3
ORD-2025-050169,CUST-07433,2025-11-11,0.1505,1
ORD-2025-050170,CUST-02986,2025-11-23,0.0674,1
ORD-2025-050171,CUST-09886,2025-11-14,0.2747,2
ORD-2025-050172,CUST-01499,2025-11-23,0.55,1
ORD-2025-050173,CUST-10082,2025-11-30,0.0906,2
ORD-2025-050174,CUST-05990,2025-11-01,0.0255,1
ORD-2025-050175,CUST-00097,2025-11-05,0.0961,1
ORD-2025-050176,CUST-06255,2025-11-22,0.0927,1
ORD-2025-050177,CUST-10864,2025-11-02,0.2042,1
ORD-2025-050178,CUST-10541,2025-11-21,0.1878,1
ORD-2025-050179,CUST-11163,2025-11-24,0.376,2
ORD-2025-050180,CUST-09077,2025-11-26,0.0683,3
ORD-2025-050181,CUST-08542,2025-11-28,0.0525,1
ORD-2025-050182,CUST-01683,2025-11-29,0.1233,2
ORD-2025-050183,CUST-01516,2025-11-03,0.0721,1
ORD-2025-050184,CUST-01999,2025-11-27,0.1474,2
ORD-2025-050185,CUST-06737,2025-11-13,0.0588,1
ORD-2025-050186,CUST-09752,2025-11-23,0.0919,2
ORD-2025-050187,CUST-09198,2025-11-29,0.2912,1
ORD-2025-050188,CUST-07469,2025-11-12,0.2282,1
ORD-2025-050189,CUST-12745,2025-11-21,0.1695,3
ORD-2025-050190,CUST-12379,2025-11-20,0.1716,2
ORD-2025-050191,CUST-06674,2025-11-07,0.0697,1
ORD-2025-050192,CUST-06455,2025-11-06,0.0584,1
ORD-2025-050193,CUST-12455,2025-11-29,0.0517,1
ORD-2025-050194,CUST-13088,2025-11-13,0.0242,1
ORD-2025-050195,CUST-09549,2025-11-20,0.0608,1
ORD-2025-050196,CUST-04525,2025-11-05,0.096,3
ORD-2025-050197,CUST-00886,2025-11-01,0.1556,2
ORD-2025-050198,CUST-05538,2025-11-03,0.2224,1
ORD-2025-050199,CUST-00502,2025-11-11,0.0991,2
ORD-2025-050200,CUST-04815,2025-11-17,0.0996,1
ORD-2025-050201,CUST-06151,2025-11-06,0.0208,1
ORD-2025-050202,CUST-05732,2025-11-06,0.0661,1
ORD-2025-050203,CUST-05581,2025-11-06,0.0713,4
ORD-2025-050204,CUST-01811,2025-11-05,0.0742,3
ORD-2025-050205,CUST-00721,2025-11-07,0.11,1
ORD-2025-050206,CUST-04208,2025-11-14,0.1187,1
ORD-2025-050207,CUST-09687,2025-11-23,0.3312,1
ORD-2025-050208,CUST-05555,2025-11-10,0.0336,2
ORD-2025-050209,CUST-11204,2025-11-11,0.4892,1
ORD-2025-050210,CUST-10062,2025-11-08,0.0842,1
ORD-2025-050211,CUST-12537,2025-11-12,0.0367,1
ORD-2025-050212,CUST-11830,2025-11-18,0.1802,3
ORD-2025-050213,CUST-07674,2025-11-18,0.1702,1
ORD-2025-050214,CUST-10820,2025-11-20,0.1267,1
ORD-2025-050215,CUST-01684,2025-11-21,0.0436,2
ORD-2025-050216,CUST-00376,2025-11-25,0.0535,1
ORD-2025-050217,CUST-01596,2025-11-16,0.3108,1
ORD-2025-050218,CUST-05685,2025-11-07,0.1203,2
ORD-2025-050219,CUST-10142,2025-11-20,0.0368,1
ORD-2025-050220,CUST-06925,2025-11-16,0.0315,2
ORD-2025-050221,CUST-03595,2025-11-19,0.0519,5
ORD-2025-050222,CUST-09039,2025-11-02,0.09,3
ORD-2025-050223,CUST-12949,2025-11-28,0.0255,1
ORD-2025-050224,CUST-09321,2025-11-08,0.0116,1
ORD-2025-050225,CUST-10346,2025-11-07,0.0562,3
ORD-2025-050226,CUST-11599,2025-11-15,0.0143,1
ORD-2025-050227,CUST-05819,2025-11-10,0.0647,2
ORD-2025-050228,CUST-11597,2025-11-26,0.3799,1
ORD-2025-050229,CUST-05022,2025-11-13,0.0386,1
ORD-2025-050230,CUST-06961,2025-11-28,0.4359,1
ORD-2025-050231,CUST-12257,2025-11-27,0.1336,1
ORD-2025-050232,CUST-00276,2025-11-23,0.3235,2
ORD-2025-050233,CUST-12658,2025-11-08,0.2361,2
ORD-2025-050234,CUST-05950,2025-11-10,0.0112,1
ORD-2025-050235,CUST-01630,2025-11-24,0.0735,2
ORD-2025-050236,CUST-11598,2025-11-17,0.0923,1
ORD-2025-050237,CUST-10497,2025-11-23,0.4577,1
ORD-2025-050238,CUST-08280,2025-11-18,0.0726,3
ORD-2025-050239,CUST-00468,2025-11-28,0.0733,2
ORD-2025-050240,CUST-01657,2025-11-16,0.0256,1
ORD-2025-050241,CUST-07947,2025-11-24,0.0655,1
ORD-2025-050242,CUST-13262,2025-11-27,0.0818,1
ORD-2025-050243,CUST-06150,2025-11-01,0.283,1
ORD-2025-050244,CUST-09419,2025-11-15,0.0409,3
ORD-2025-050245,CUST-06005,2025-11-07,0.1934,1
ORD-2025-050246,CUST-04564,2025-11-19,0.1443,1
ORD-2025-050247,CUST-13460,2025-11-22,0.1085,1
ORD-2025-050248,CUST-03485,2025-11-13,0.0935,3
ORD-2025-050249,CUST-03925,2025-11-14,0.237,2
ORD-2025-050250,CUST-05976,2025-11-06,0.0455,1
ORD-2025-050251,CUST-09706,2025-11-27,0.3968,1
ORD-2025-050252,CUST-07740,2025-11-15,0.0087,1
ORD-2025-050253,CUST-02405,2025-11-27,0.2618,1
ORD-2025-050254,CUST-13602,2025-11-03,0.0075,1
ORD-2025-050255,CUST-01038,2025-11-05,0.0778,1
ORD-2025-050256,CUST-04708,2025-11-22,0.1518,1
ORD-2025-050257,CUST-13016,2025-11-01,0.0661,1
ORD-2025-050258,CUST-08355,2025-11-30,0.0394,2
ORD-2025-050259,CUST-09174,2025-11-24,0.0476,3
ORD-2025-050260,CUST-02944,2025-11-22,0.1159,1
ORD-2025-050261,CUST-02249,2025-11-16,0.0716,4
ORD-2025-050262,CUST-06644,2025-11-11,0.2745,2
ORD-2025-050263,CUST-10790,2025-11-30,0.3653,2
ORD-2025-050264,CUST-02448,2025-11-22,0.0503,3
ORD-2025-050265,CUST-08990,2025-11-20,0.1649,2
ORD-2025-050266,,2025-11-20,0.0396,1
ORD-2025-050267,CUST-11520,2025-11-22,0.1096,1
ORD-2025-050268,CUST-07455,2025-11-10,0.0691,1
ORD-2025-050269,CUST-02385,2025-11-16,0.55,1
ORD-2025-050270,CUST-05653,2025-11-24,0.0451,1
ORD-2025-050271,CUST-02901,2025-11-09,0.038,1
ORD-2025-050272,CUST-13420,2025-11-05,0.2087,2
ORD-2025-050273,CUST-05169,2025-11-21,0.3589,2
ORD-2025-050274,CUST-09372,2025-11-23,0.2547,2
ORD-2025-050275,CUST-03143,2025-11-02,0.0124,1
ORD-2025-050276,CUST-11398,2025-11-11,0.0905,2
ORD-2025-050277,CUST-01366,2025-11-25,0.1997,3
ORD-2025-050278,,2025-11-13,0.1787,1
ORD-2025-050279,CUST-10082,2025-11-13,0.046,1
ORD-2025-050280,CUST-12016,2025-11-19,0.037,1
ORD-2025-050281,CUST-01132,2025-11-18,0.2801,1
ORD-2025-050282,CUST-05918,2025-11-27,0.1664,1
ORD-2025-050283,CUST-07060,2025-11-26,0.1488,1
ORD-2025-050284,CUST-05286,2025-11-21,0.2824,1
ORD-2025-050285,CUST-05379,2025-11-20,0.0685,1
ORD-2025-050286,CUST-07147,2025-11-24,0.0742,1
ORD-2025-050287,CUST-02562,2025-11-04,0.3242,1
ORD-2025-050288,CUST-08342,2025-11-22,0.0366,1
ORD-2025-050289,CUST-13439,2025-11-02,0.017,1
ORD-2025-050290,CUST-06790,2025-11-06,0.0292,2
ORD-2025-050291,CUST-10128,2025-11-16,0.1768,1
ORD-2025-050292,CUST-05585,2025-11-08,0.1483,2
ORD-2025-050293,CUST-08354,2025-11-20,0.0963,4
ORD-2025-050294,CUST-02000,2025-11-27,0.4867,1
ORD-2025-050295,CUST-12115,2025-11-10,0.1625,2
ORD-2025-050296,CUST-03607,2025-11-11,0.1287,3
ORD-2025-050297,CUST-11454,2025-11-25,0.1505,1
ORD-2025-050298,CUST-01507,2025-11-10,0.0276,1
ORD-2025-050299,CUST-06283,2025-11-07,0.0586,1
ORD-2025-050300,CUST-11312,2025-11-09,0.2354,3
ORD-2025-050301,CUST-01798,2025-11-14,0.0127,1
ORD-2025-050302,CUST-04997,2025-11-30,0.1141,2
ORD-2025-050303,CUST-12520,2025-11-09,0.045,1
ORD-2025-050304,CUST-11730,2025-11-20,0.0877,4
ORD-2025-050305,CUST-10144,2025-11-25,0.2104,2
ORD-2025-050306,CUST-03111,2025-11-24,0.4599,2
ORD-2025-050307,CUST-10657,2025-11-18,0.0448,2
ORD-2025-050308,CUST-03609,2025-11-20,0.1147,3
ORD-2025-050309,CUST-05295,2025-11-17,0.0419,3
ORD-2025-050310,CUST-05011,2025-11-14,0.1205,1
ORD-2025-050311,CUST-12029,2025-11-07,0.0503,2
ORD-2025-050312,CUST-12261,2025-11-17,0.04,1
ORD-2025-050313,CUST-12642,2025-11-20,0.0307,1
ORD-2025-050314,CUST-13281,2025-11-22,0.0414,1
ORD-2025-050315,CUST-05560,2025-11-28,0.231,1
ORD-2025-050316,CUST-09121,2025-11-27,0.0177,1
ORD-2025-050317,CUST-08462,2025-11-11,0.0605,2
ORD-2025-050318,CUST-02477,2025-11-07,0.0292,1
ORD-2025-050319,CUST-06931,2025-11-04,0.0067,1
ORD-2025-050320,CUST-04800,2025-11-17,0.0998,3
ORD-2025-050321,CUST-07042,2025-11-08,0.0284,1
ORD-2025-050322,CUST-01756,2025-11-15,0.3496,2
ORD-2025-050323,CUST-11357,2025-11-17,0.0583,1
ORD-2025-050324,CUST-00017,2025-11-12,0.1375,3
ORD-2025-050325,CUST-00043,2025-11-01,0.2509,2
ORD-2025-050326,CUST-09312,2025-11-06,0.0077,1
ORD-2025-050327,CUST-04876,2025-11-06,0.0514,1
ORD-2025-050328,CUST-12228,2025-11-12,0.0192,1
ORD-2025-050329,CUST-11873,2025-11-30,0.18,1
ORD-2025-050330,CUST-09058,2025-11-28,0.0811,2
ORD-2025-050331,CUST-01231,2025-11-16,0.104,1
ORD-2025-050332,CUST-01028,2025-11-05,0.3647,1
ORD-2025-050333,CUST-08654,2025-11-11,0.0609,2
ORD-2025-050334,CUST-07944,2025-11-12,0.0058,1
ORD-2025-050335,CUST-02114,2025-11-04,0.1396,1
ORD-2025-050336,CUST-10237,2025-11-28,0.1779,1
ORD-2025-050337,CUST-06716,2025-11-22,0.0804,3
ORD-2025-050338,CUST-00827,2025-11-24,0.0729,4
ORD-2025-050339,CUST-10372,2025-11-25,0.2067,1
ORD-2025-050340,CUST-11277,2025-11-27,0.1033,3
ORD-2025-050341,CUST-02274,2025-11-22,0.219,1
ORD-2025-050342,CUST-00215,2025-11-14,0.0747,2
ORD-2025-050343,CUST-09392,2025-11-02,0.1269,4
ORD-2025-050344,CUST-11041,2025-11-03,0.0828,1
ORD-2025-050345,CUST-11028,2025-11-13,0.0507,1
ORD-2025-050346,CUST-09776,2025-11-09,0.0088,1
ORD-2025-050347,CUST-05815,2025-11-07,0.55,1
ORD-2025-050348,CUST-10541,2025-11-28,0.1814,4
ORD-2025-050349,CUST-12942,2025-11-23,0.0058,1
ORD-2025-050350,CUST-04929,2025-11-10,0.1003,2
ORD-2025-050351,CUST-13176,2025-11-03,0.111,2
ORD-2025-050352,CUST-13109,2025-11-11,0.0102,1
ORD-2025-050353,CUST-02253,2025-11-08,0.2877,2
ORD-2025-050354,CUST-08782,2025-11-20,0.0335,1
ORD-2025-050355,CUST-12647,2025-11-20,0.1154,1
ORD-2025-050356,CUST-08535,2025-11-10,0.0396,1
ORD-2025-050357,CUST-01516,2025-11-20,0.0308,1
ORD-2025-050358,CUST-02131,2025-11-19,0.0433,1
ORD-2025-050359,CUST-09595,2025-11-14,0.2007,1
ORD-2025-050360,CUST-11717,2025-11-25,0.55,1
ORD-2025-050361,CUST-09719,2025-11-28,0.0491,1
ORD-2025-050362,CUST-08420,2025-11-11,0.0264,1
ORD-2025-050363,CUST-12675,2025-11-19,0.1427,3
ORD-2025-050364,CUST-10370,2025-11-23,0.0199,1
ORD-2025-050365,CUST-06651,2025-11-26,0.067,1
ORD-2025-050366,CUST-06295,2025-11-04,0.041,1
ORD-2025-050367, CUST-04446 ,2025-11-27,0.0497,1
ORD-2025-050368,CUST-02838,2025-11-19,0.0579,2
ORD-2025-050369,CUST-05256,2025-11-01,0.1228,1
ORD-2025-050370,CUST-11059,2025-11-11,0.0381,2
ORD-2025-050371,CUST-01360,2025-11-05,0.1028,2
ORD-2025-050372,CUST-05151,2025-11-04,0.1464,1
ORD-2025-050373,CUST-12142,2025-11-28,0.0336,2
ORD-2025-050374,CUST-11196,2025-11-12,0.073,1
ORD-2025-050375,CUST-12206,2025-11-30,0.028,1
ORD-2025-050376,CUST-10027,2025-11-04,0.0178,1
ORD-2025-050377,CUST-07768,2025-11-05,0.0977,1
ORD-2025-050378,CUST-01930,2025-11-19,0.1916,1
ORD-2025-050379,CUST-03527,2025-11-15,0.0248,1
ORD-2025-050380,CUST-09055,2025-11-30,0.2149,1
ORD-2025-050381,CUST-08880,2025-11-26,0.4341,1
ORD-2025-050382,CUST-08650,2025-11-05,0.3947,3
ORD-2025-050383,CUST-01144,2025-11-09,0.2801,1
ORD-2025-050384,CUST-12750,2025-11-29,0.0577,2
ORD-2025-050385,CUST-00152,2025-11-06,0.0993,1
ORD-2025-050386,CUST-07710,2025-11-18,0.4479,2
ORD-2025-050387,CUST-03335,2025-11-16,0.4142,2
ORD-2025-050388,CUST-00535,2025-11-23,0.1479,4
ORD-2025-050389,CUST-09932,2025-11-28,0.3118,1
ORD-2025-050390,CUST-07095,2025-11-08,0.0955,3
ORD-2025-050391,CUST-10807,2025-11-06,0.3671,2
ORD-2025-050392,CUST-02539,2025-11-27,0.2085,1
ORD-2025-050393,CUST-10380,2025-11-30,0.3887,3
ORD-2025-050394,CUST-12681,2025-11-22,0.0355,3
ORD-2025-050395,CUST-01304,2025-11-12,0.0443,2
ORD-2025-050396,CUST-06302,2025-11-02,0.1795,1
ORD-2025-050397,CUST-11175,2025-11-27,0.0536,1
ORD-2025-050398,CUST-10143,2025-11-06,0.1674,2
ORD-2025-050399,CUST-11189,2025-11-14,0.0699,3
ORD-2025-050400,CUST-12534,2025-11-10,0.55,1
ORD-2025-050401,CUST-02088,2025-11-08,0.4664,1
ORD-2025-050402,CUST-09619,2025-11-30,0.0295,1
ORD-2025-050403,CUST-11586,2025-11-21,0.2187,1
ORD-2025-050404,CUST-12664,2025-11-04,0.0377,2
ORD-2025-050405,CUST-03818,2025-11-15,0.2757,1
ORD-2025-050406,CUST-11071,2025-11-25,0.4939,2
ORD-2025-050407,CUST-04760,2025-11-18,0.0774,2
ORD-2025-050408,CUST-05761,2025-11-08,0.3279,2
ORD-2025-050409,CUST-13091,2025-11-25,0.0391,1
ORD-2025-050410,CUST-07324,2025-11-27,0.402,1
ORD-2025-050411,CUST-02681,2025-11-12,0.1433,1
ORD-2025-050412,CUST-04492,2025-11-30,0.1366,1
ORD-2025-050413,CUST-07098,2025-11-01,0.0679,5
ORD-2025-050414,CUST-05170,2025-11-30,0.0331,3
ORD-2025-050415,CUST-03569,2025-11-09,0.2137,1
ORD-2025-050416,CUST-11598,2025-11-23,0.1561,1
ORD-2025-050417,CUST-08972,2025-11-09,0.0766,2
ORD-2025-050418,CUST-05932,2025-11-05,0.1377,1
ORD-2025-050419,CUST-12630,2025-11-10,0.1189,3
ORD-2025-050420,CUST-06268,2025-11-12,0.55,1
ORD-2025-050421,CUST-03715,2025-11-02,0.1891,1
ORD-2025-050422,CUST-10313,2025-11-14,0.1981,1
ORD-2025-050423,CUST-10458,2025-11-30,0.0581,2
ORD-2025-050424,CUST-05181,2025-11-11,0.0289,1
ORD-2025-050425,CUST-10096,2025-11-08,0.022,2
ORD-2025-050426,CUST-06072,2025-11-20,0.0327,3
ORD-2025-050427,CUST-01212,2025-11-29,0.3172,1
ORD-2025-050428,CUST-12650,2025-11-21,0.1117,3
ORD-2025-050429,CUST-13745,2025-11-12,0.0939,2
ORD-2025-050430,CUST-01309,2025-11-29,0.0742,2
ORD-2025-050431,CUST-00353,2025-11-22,0.0079,1
ORD-2025-050432,CUST-06919,2025-11-06,0.1665,1
ORD-2025-050433,CUST-12254,2025-11-14,0.0431,1
ORD-2025-050434,CUST-06956,2025-11-04,0.0771,2
ORD-2025-050435,CUST-02055,2025-11-30,0.0131,1
ORD-2025-050436,CUST-04245,2025-11-13,0.1096,3
ORD-2025-050437,CUST-00363,2025-11-27,0.1678,2
ORD-2025-050438,CUST-01710,2025-11-19,0.0095,3
ORD-2025-050439,CUST-08772,2025-11-20,0.0611,1
ORD-2025-050440,CUST-01630,2025-11-09,0.0812,1
ORD-2025-050441,CUST-13029,2025-11-25,0.355,1
ORD-2025-050442,CUST-10183,2025-11-01,0.1152,2
ORD-2025-050443,CUST-06159,2025-11-10,0.0661,4
ORD-2025-050444,CUST-12196,2025-11-04,0.3887,1
ORD-2025-050445,CUST-08292,2025-11-25,0.1288,2
ORD-2025-050446,CUST-08972,2025-11-07,0.0005,1
ORD-2025-050447,CUST-09781,2025-11-17,0.4068,1
ORD-2025-050448,CUST-07200,2025-11-01,0.0479,1
ORD-2025-050449,CUST-08834,2025-11-18,0.0357,2
ORD-2025-050450,CUST-05533,2025-11-14,0.3175,1
ORD-2025-050451,CUST-08028,2025-11-09,0.1597,1
ORD-2025-050452,CUST-08956,2025-11-04,0.2122,1
ORD-2025-050453,CUST-07488,2025-11-04,0.0651,1
ORD-2025-050454,CUST-07256,2025-11-12,0.1322,1
ORD-2025-050455,CUST-03393,2025-11-29,0.0124,1
ORD-2025-050456,CUST-09127,2025-11-07,0.0207,3
ORD-2025-050457,CUST-09963,2025-11-06,0.0744,1
ORD-2025-050458,CUST-10056,2025-11-16,0.1708,1
ORD-2025-050459,CUST-05766,2025-11-27,0.0775,2
ORD-2025-050460,CUST-08013,2025-11-10,0.0153,1
ORD-2025-050461,CUST-10698,2025-11-19,0.1354,1
ORD-2025-050462,CUST-06851,2025-11-18,0.1563,1
ORD-2025-050463,CUST-11204,2025-11-27,0.1368,2
ORD-2025-050464,CUST-04680,2025-11-10,0.1534,2
ORD-2025-050465,CUST-04741,2025-11-23,0.0059,1
ORD-2025-050466,CUST-09286,2025-11-20,0.1477,2
ORD-2025-050467,CUST-03104,2025-11-21,0.2546,3
ORD-2025-050468,CUST-08236,2025-11-11,0.0916,3
ORD-2025-050469,CUST-07646,2025-11-27,0.0848,2
ORD-2025-050470,CUST-04892,2025-11-27,0.0805,2
ORD-2025-050471,CUST-04976,2025-11-03,0.0598,2
ORD-2025-050472,CUST-03002,2025-11-23,0.0541,1
ORD-2025-050473,CUST-08765,2025-11-06,0.1129,1
ORD-2025-050474,CUST-09717,2025-11-04,0.0836,1
ORD-2025-050475,CUST-04384,2025-11-05,0.0167,1
ORD-2025-050476,CUST-09437,2025-11-26,0.1776,2
ORD-2025-050477,CUST-10061,2025-11-23,0.55,1
ORD-2025-050478,CUST-07978,2025-11-12,0.0892,3
ORD-2025-050479,CUST-01680,2025-11-06,0.07,1
ORD-2025-050480,CUST-02044,2025-11-06,0.1419,2
ORD-2025-050481,CUST-02537,2025-11-15,0.0212,2
ORD-2025-050482,CUST-02276,2025-11-05,0.0657,1
ORD-2025-050483,CUST-02458,2025-11-28,0.0697,2
ORD-2025-050484,CUST-02807,2025-11-23,0.128,1
ORD-2025-050485,CUST-02074,2025-11-21,0.0588,2
ORD-2025-050486,CUST-01776,2025-11-03,0.0465,1
ORD-2025-050487,CUST-13614,2025-11-13,0.1286,3
ORD-2025-050488,CUST-10079,2025-11-11,0.0852,4
ORD-2025-050489,CUST-12506,2025-11-28,0.1566,1
ORD-2025-050490,CUST-03677,2025-11-24,0.1311,3
ORD-2025-050491,CUST-06643,2025-11-01,0.0192,3
ORD-2025-050492,CUST-00882,2025-11-01,0.0244,1
ORD-2025-050493,CUST-06723,2025-11-12,0.0862,2
ORD-2025-050494,CUST-00688,2025-11-26,0.0176,1
ORD-2025-050495,CUST-00786,2025-11-23,0.0463,1
ORD-2025-050496,CUST-11612,2025-11-17,0.0376,1
ORD-2025-050497,CUST-07483,2025-11-30,0.0206,2
ORD-2025-050498,CUST-05208,2025-11-19,0.1745,1
ORD-2025-050499,CUST-01007,2025-11-02,0.1752,1
ORD-2025-050500,CUST-00630,2025-11-10,0.0229,1
ORD-2025-050501,CUST-07098,2025-11-20,0.0393,2
ORD-2025-050502,CUST-11772,2025-11-01,0.2966,1
ORD-2025-050503,CUST-08785,2025-11-18,0.003,1
ORD-2025-050504,CUST-12088,2025-11-26,0.0944,1
ORD-2025-050505,CUST-06954,2025-11-02,0.0315,1
ORD-2025-050506,CUST-03498,2025-11-12,0.2455,1
ORD-2025-050507,CUST-06920,2025-11-11,0.0621,1
ORD-2025-050508,CUST-06690,2025-11-01,0.0995,1
ORD-2025-050509,CUST-03834,2025-11-05,0.2228,1
ORD-2025-050510,CUST-00267,2025-11-10,0.1481,4
ORD-2025-050511,CUST-12985,2025-11-28,0.3978,2
ORD-2025-050512,CUST-04798,2025-11-05,0.0477,2
ORD-2025-050513,CUST-07513,2025-11-23,0.034,2
ORD-2025-050514,CUST-00362,2025-11-12,0.017,1
ORD-2025-050515,CUST-06851,2025-11-15,0.036,1
ORD-2025-050516,CUST-11747,2025-11-02,0.3015,2
ORD-2025-050517,CUST-04916,2025-11-12,0.1409,1
ORD-2025-050518,CUST-10982,2025-11-25,0.1991,1
ORD-2025-050519,CUST-03401,2025-11-22,0.0105,2
ORD-2025-050520,CUST-03636,2025-11-23,0.0694,2
ORD-2025-050521,CUST-13129,2025-11-01,0.2047,2
ORD-2025-050522,CUST-12627,2025-11-19,0.0878,2
ORD-2025-050523,CUST-06092,2025-11-24,0.1967,1
ORD-2025-050524,CUST-06051,2025-11-27,0.0193,1
ORD-2025-050525,CUST-04567,2025-11-24,0.1844,1
ORD-2025-050526,CUST-08028,2025-11-16,0.034,1
ORD-2025-050527,CUST-00363,2025-11-03,0.0344,3
ORD-2025-050528,CUST-04896,2025-11-06,0.1653,2
ORD-2025-050529,CUST-03236,2025-11-24,0.0247,1
ORD-2025-050530,CUST-08899,2025-11-23,0.2702,2
ORD-2025-050531,CUST-12453,,0.0829,2
ORD-2025-050532,CUST-12245,2025-11-09,0.1711,1
ORD-2025-050533,CUST-09311,2025-11-21,0.0064,2
ORD-2025-050534,CUST-00180,2025-11-19,0.0313,3
ORD-2025-050535,CUST-03776,2025-11-09,0.0178,2
ORD-2025-050536,CUST-02472,2025-11-08,0.033,1
ORD-2025-050537,CUST-08310,2025-11-20,0.3711,1
ORD-2025-050538,CUST-02023,2025-11-04,0.0804,1
ORD-2025-050539,CUST-03774,2025-11-09,0.0651,1
ORD-2025-050540,CUST-07494,2025-11-17,0.0726,2
ORD-2025-050541,CUST-07110,2025-11-14,0.0203,1
ORD-2025-050542,CUST-11979,2025-11-01,0.4598,1
ORD-2025-050543,CUST-10992,2025-11-19,0.486,2
ORD-2025-050544,CUST-07630,2025-11-05,0.1493,5
ORD-2025-050545,CUST-06980,2025-11-15,0.2075,2
ORD-2025-050546,CUST-08166,2025-11-17,0.3037,1
ORD-2025-050547,CUST-03095,2025-11-21,0.0571,1
ORD-2025-050548,CUST-07998,2025-11-08,0.0216,1
ORD-2025-050549,,2025-11-12,0.3927,2
ORD-2025-050550,,2025-11-12,0.406,1
ORD-2025-050551,CUST-06381,2025-11-08,0.1321,1
ORD-2025-050552,CUST-10857,2025-11-04,0.1898,2
ORD-2025-050553,CUST-11139,2025-11-21,0.1353,2
ORD-2025-050554,CUST-06537,2025-11-21,0.55,1
ORD-2025-050555,CUST-11458,2025-11-02,0.1672,2
ORD-2025-050556,CUST-01107,2025-11-26,0.0973,3
ORD-2025-050557,CUST-05052,2025-11-15,0.1345,2
ORD-2025-050558,CUST-00232,2025-11-26,0.1051,2
ORD-2025-050559,CUST-08704,2025-11-23,0.0304,1
ORD-2025-050560,CUST-13321,2025-11-10,0.0474,3
ORD-2025-050561,CUST-02473,2025-11-19,0.0994,3
ORD-2025-050562,CUST-00876,2025-11-09,0.181,4
ORD-2025-050563,CUST-02626,2025-11-13,0.163,1
ORD-2025-050564,CUST-07740,2025-11-20,0.1265,2
ORD-2025-050565,CUST-08132,2025-11-14,0.1121,2
ORD-2025-050566,CUST-09181,2025-11-24,0.083,1
ORD-2025-050567,CUST-05527,2025-11-26,0.0646,2
ORD-2025-050568,CUST-09118,2025-11-15,0.0392,1
ORD-2025-050569,CUST-00369,2025-11-27,0.2545,1
ORD-2025-050570,CUST-07348,2025-11-24,0.1151,3
ORD-2025-050571,CUST-04348,2025-11-08,0.0257,1
ORD-2025-050572,CUST-06690,2025-11-14,0.2698,1
ORD-2025-050573,CUST-04172,2025-11-02,0.0164,2
ORD-2025-050574,CUST-12114,2025-11-08,0.5039,1
ORD-2025-050575,CUST-06237,2025-11-21,0.1755,3
ORD-2025-050576,CUST-12582,2025-11-20,0.1674,2
ORD-2025-050577,CUST-00482,2025-11-29,0.0361,1
ORD-2025-050578,CUST-11682,2025-11-13,0.0303,1
ORD-2025-050579,CUST-08842,2025-11-14,0.1914,1
ORD-2025-050580,CUST-08257,2025-11-29,0.0605,2
ORD-2025-050581,CUST-13432,2025-11-18,0.1071,3
ORD-2025-050582,CUST-06701,2025-11-25,0.0868,2
ORD-2025-050583,CUST-08956,2025-11-16,0.0724,3
ORD-2025-050584,CUST-04232,2025-11-17,0.113,1
ORD-2025-050585,CUST-05557,2025-11-15,0.2583,1
ORD-2025-050586,CUST-05973,2025-11-18,0.1531,1
ORD-2025-050587,CUST-05268,2025-11-02,0.0487,1
ORD-2025-050588,CUST-01593,2025-11-26,0.0749,1
ORD-2025-050589,CUST-10364,2025-11-08,0.3878,1
ORD-2025-050590,CUST-08256,2025-11-13,0.2119,2
ORD-2025-050591,CUST-06784,2025-11-19,0.0314,1
ORD-2025-050592,CUST-06823,2025-11-15,0.2749,2
ORD-2025-050593,CUST-06986,2025-11-21,0.0112,1
ORD-2025-050594,CUST-01190,2025-11-28,0.1603,3
ORD-2025-050595,CUST-11777,2025-11-03,0.0563,1
ORD-2025-050596,CUST-01790,2025-11-26,0.1929,1
ORD-2025-050597,CUST-08063,2025-11-05,0.0302,1
ORD-2025-050598,CUST-09137,2025-11-19,0.0177,1
ORD-2025-050599,CUST-04053,2025-11-01,0.1497,2
ORD-2025-050600,CUST-08202,2025-11-28,0.1244,3
ORD-2025-050601,CUST-09225,2025-11-24,0.1467,3
ORD-2025-050602,CUST-11676,2025-11-03,0.0439,1
ORD-2025-050603,CUST-06524,2025-11-25,0.1577,1
ORD-2025-050604,CUST-08309,2025-11-04,0.1494,1
ORD-2025-050605,CUST-03916,2025-11-27,0.1604,2
ORD-2025-050606,CUST-08649,2025-11-01,0.0205,1
ORD-2025-050607,CUST-08212,2025-11-10,0.3429,1
ORD-2025-050608,CUST-12332,2025-11-18,0.1103,1
ORD-2025-050609,CUST-02341,2025-11-07,0.1692,2
ORD-2025-050610,CUST-07049,2025-11-20,0.5039,1
ORD-2025-050611,CUST-06489,2025-11-18,0.1427,2
ORD-2025-050612,CUST-10609,2025-11-11,0.3423,1
ORD-2025-050613,CUST-04012,2025-11-20,0.0521,3
ORD-2025-050614,CUST-07974,2025-11-29,0.1418,1
ORD-2025-050615,CUST-01108,2025-11-20,0.05,1
ORD-2025-050616,,2025-11-05,0.0792,3
ORD-2025-050617,CUST-05295,2025-11-09,0.0252,1
ORD-2025-050618,CUST-02503,2025-11-30,0.1546,3
ORD-2025-050619,CUST-08532,2025-11-14,0.2573,2
ORD-2025-050620,CUST-11852,2025-11-16,0.0174,1
ORD-2025-050621,CUST-13239,2025-11-10,0.1711,1
ORD-2025-050622,CUST-03121,2025-11-18,0.1013,1
ORD-2025-050623,CUST-09659,2025-11-18,0.4572,2
ORD-2025-050624,CUST-07173,2025-11-08,0.1311,1
ORD-2025-050625,CUST-08256,2025-11-10,0.1427,1
ORD-2025-050626,CUST-12323,2025-11-13,0.1368,2
ORD-2025-050627,CUST-09554,2025-11-28,0.094,2
ORD-2025-050628,CUST-13232,2025-11-19,0.0052,1
ORD-2025-050629,CUST-02620,2025-11-22,0.0318,1
ORD-2025-050630,CUST-09556,,0.0127,1
ORD-2025-050631,CUST-04787,2025-11-02,0.0511,2
ORD-2025-050632,CUST-02451,2025-11-07,0.052,2
ORD-2025-050633,CUST-00492,2025-11-25,0.1895,1
ORD-2025-050634,CUST-07364,2025-11-09,0.1208,3
ORD-2025-050635,CUST-13649,2025-11-26,0.0964,1
ORD-2025-050636,CUST-06546,2025-11-25,0.0236,3
ORD-2025-050637,CUST-07276,2025-11-09,0.0575,1
ORD-2025-050638,CUST-11149,2025-11-15,0.0864,1
ORD-2025-050639,CUST-03854,2025-11-17,0.1531,2
ORD-2025-050640,CUST-04469,2025-11-02,0.0388,1
ORD-2025-050641,CUST-04835,2025-11-27,0.0368,1
ORD-2025-050642,CUST-06320,2025-11-26,0.1247,5
ORD-2025-050643,CUST-07752,2025-11-07,0.2208,1
ORD-2025-050644,CUST-03164,2025-11-22,0.1449,3
ORD-2025-050645,CUST-11692,2025-11-02,0.0082,1
ORD-2025-050646,CUST-09803,2025-11-08,0.0197,1
ORD-2025-050647,CUST-04055,2025-11-06,0.1272,3
ORD-2025-050648,CUST-01000,2025-11-18,0.02,2
ORD-2025-050649,CUST-02178,2025-11-04,0.0322,1
ORD-2025-050650,CUST-00975,2025-11-15,0.0579,1
ORD-2025-050651,CUST-08767,2025-11-12,0.0441,2
ORD-2025-050652,CUST-11826,2025-11-22,0.1143,2
ORD-2025-050653,CUST-13565,2025-11-23,0.0574,1
ORD-2025-050654,CUST-04317,2025-11-04,0.303,2
ORD-2025-050655,CUST-02427,2025-11-11,0.0865,1
ORD-2025-050656,CUST-09027,2025-11-21,0.1896,1
ORD-2025-050657,CUST-11761,2025-11-13,0.1447,1
ORD-2025-050658,CUST-06337,2025-11-25,0.0238,1
ORD-2025-050659,CUST-09602,2025-11-13,0.0068,1
ORD-2025-050660,CUST-05660,2025-11-28,0.0218,1
ORD-2025-050661,CUST-00630,2025-11-06,0.1486,4
ORD-2025-050662,CUST-01050,2025-11-08,0.1803,1
ORD-2025-050663,CUST-05168,2025-11-29,0.1703,1
ORD-2025-050664,CUST-11878,2025-11-25,0.1982,3
ORD-2025-050665,CUST-00943,2025-11-13,0.0605,1
ORD-2025-050666,CUST-05987,2025-11-26,0.0889,1
ORD-2025-050667,CUST-10957,2025-11-28,0.3926,1
ORD-2025-050668,CUST-13430,2025-11-26,0.0381,1
ORD-2025-050669,CUST-03213,2025-11-15,0.073,1
ORD-2025-050670,CUST-02281,2025-11-30,0.0533,1
ORD-2025-050671,CUST-07200,2025-11-25,0.0935,1
ORD-2025-050672,CUST-11249,2025-11-30,0.1466,1
ORD-2025-050673,CUST-10319,2025-11-06,0.0538,1
ORD-2025-050674,CUST-01158,2025-11-17,0.0968,2
ORD-2025-050675,,2025-11-04,0.071,1
ORD-2025-050676,CUST-12132,2025-11-27,0.1633,1
ORD-2025-050677,CUST-03705,2025-11-06,0.3222,1
ORD-2025-050678,CUST-04189,2025-11-11,0.0647,1
ORD-2025-050679,CUST-10894,2025-11-22,0.0688,2
ORD-2025-050680,CUST-07147,2025-11-01,0.0581,3
ORD-2025-050681,CUST-00116,2025-11-02,0.0471,2
ORD-2025-050682,CUST-12151,2025-11-08,0.0618,3
ORD-2025-050683,CUST-01349,2025-11-17,0.031,1
ORD-2025-050684,CUST-05737,2025-11-04,0.1159,1
ORD-2025-050685,CUST-00373,2025-11-15,0.03,1
ORD-2025-050686,CUST-02842,2025-11-26,0.0231,2
ORD-2025-050687,CUST-05069,2025-11-03,0.0631,1
ORD-2025-050688,CUST-04818,2025-11-14,0.0925,2
ORD-2025-050689,CUST-10961,2025-11-15,0.55,1
ORD-2025-050690,CUST-01076,2025-11-03,0.2099,2
ORD-2025-050691,CUST-13670,2025-11-09,0.0764,1
ORD-2025-050692,CUST-00683,2025-11-05,0.1948,1
ORD-2025-050693,CUST-09052,2025-11-18,0.0518,1
ORD-2025-050694,CUST-03792,2025-11-13,0.4443,1
ORD-2025-050695,CUST-08797,2025-11-01,0.0924,3
ORD-2025-050696,CUST-13523,2025-11-07,0.0279,1
ORD-2025-050697,CUST-09623,2025-11-28,0.1424,1
ORD-2025-050698,CUST-10358,2025-11-01,0.0839,2
ORD-2025-050699,CUST-07720,2025-11-25,0.003,1
ORD-2025-050700,CUST-07704,2025-11-15,0.0307,3
ORD-2025-050701,CUST-08048,2025-11-09,0.4001,1
ORD-2025-050702,CUST-11145,2025-11-21,0.0267,1
ORD-2025-050703,CUST-00808,2025-11-06,0.3127,3
ORD-2025-050704,CUST-11367,2025-11-03,0.0136,3
ORD-2025-050705,CUST-01866,2025-11-06,0.0405,3
ORD-2025-050706,CUST-08921,2025-11-01,0.038,1
ORD-2025-050707,CUST-04793,2025-11-26,0.1037,1
ORD-2025-050708,CUST-08329,2025-11-25,0.1751,1
ORD-2025-050709,CUST-01448,2025-11-12,0.1398,1
ORD-2025-050710,CUST-01130,2025-11-04,0.0579,1
ORD-2025-050711,CUST-09524,2025-11-27,0.0912,1
ORD-2025-050712,CUST-12301,2025-11-08,0.168,2
ORD-2025-050713,CUST-03307,2025-11-23,0.1017,2
ORD-2025-050714,CUST-10567,2025-11-10,0.0881,3
ORD-2025-050715,CUST-11204,2025-11-27,0.12,3
ORD-2025-050716,CUST-00476,2025-11-28,0.0828,1
ORD-2025-050717,CUST-00069,2025-11-15,0.0309,2
ORD-2025-050718,CUST-12158,2025-11-06,0.0703,1
ORD-2025-050719,CUST-06330,2025-11-02,0.0149,1
ORD-2025-050720,CUST-07333,2025-11-14,0.119,2
ORD-2025-050721,CUST-09000,2025-11-14,0.0485,1
ORD-2025-050722,CUST-07761,2025-11-09,0.1014,2
ORD-2025-050723,CUST-07463,2025-11-27,0.1129,2
ORD-2025-050724,CUST-04280,2025-11-16,0.0423,1
ORD-2025-050725,CUST-07312,2025-11-04,0.0048,3
ORD-2025-050726,CUST-09972,2025-11-19,0.1322,1
ORD-2025-050727,CUST-08807,2025-11-30,0.1809,2
ORD-2025-050728,CUST-00129,2025-11-23,0.0979,1
ORD-2025-050729,CUST-05255,2025-11-19,0.0254,4
ORD-2025-050730,CUST-04103,2025-11-24,0.0621,1
ORD-2025-050731,CUST-08893,2025-11-29,0.0322,1
ORD-2025-050732,CUST-02100,2025-11-18,0.1902,1
ORD-2025-050733,CUST-02371,2025-11-07,0.4594,1
ORD-2025-050734,CUST-08806,2025-11-24,0.1168,3
ORD-2025-050735,CUST-01534,2025-11-30,0.3182,2
ORD-2025-050736,CUST-00245,2025-11-14,0.0452,1
ORD-2025-050737,CUST-12152,2025-11-19,0.014,1
ORD-2025-050738,CUST-02660,2025-11-15,0.2234,1
ORD-2025-050739,CUST-06934,2025-11-22,0.0477,1
ORD-2025-050740,CUST-02006,2025-11-04,0.0549,1
ORD-2025-050741,CUST-04525,2025-11-07,0.0693,2
ORD-2025-050742,CUST-06248,2025-11-27,0.193,2
ORD-2025-050743,CUST-06626,2025-11-30,0.0675,4
ORD-2025-050744,CUST-04684,2025-11-24,0.3094,2
ORD-2025-050745,CUST-06163,2025-11-06,0.3034,1
ORD-2025-050746,CUST-10311,2025-11-16,0.5076,2
ORD-2025-050747,CUST-03506,2025-11-20,0.55,1
ORD-2025-050748,CUST-09731,2025-11-20,0.0348,2
ORD-2025-050749,CUST-07524,2025-11-12,0.0382,1
ORD-2025-050750,CUST-03376,2025-11-06,0.3141,2
ORD-2025-050751,CUST-05005,2025-11-20,0.4698,1
ORD-2025-050752,CUST-00295,2025-11-22,0.1519,3
ORD-2025-050753,CUST-06229,2025-11-20,0.1892,3
ORD-2025-050754,CUST-00190,2025-11-08,0.0924,1
ORD-2025-050755,CUST-06635,2025-11-20,0.0238,1
ORD-2025-050756,CUST-10683,2025-11-28,0.4058,2
ORD-2025-050757,CUST-08824,2025-11-17,0.054,1
ORD-2025-050758,CUST-02458,2025-11-24,0.0787,3
ORD-2025-050759,CUST-05182,2025-11-30,0.1463,1
ORD-2025-050760,CUST-02034,2025-11-01,0.55,2
ORD-2025-050761,CUST-03192,2025-11-02,0.1445,1
ORD-2025-050762,CUST-03637,2025-11-05,0.2421,1
ORD-2025-050763,CUST-11573,2025-11-14,0.2058,2
ORD-2025-050764,CUST-08184,2025-11-28,0.2839,3
ORD-2025-050765,CUST-09779,2025-11-29,0.0743,1
ORD-2025-050766,CUST-00572,2025-11-01,0.2491,3
ORD-2025-050767,CUST-00476,2025-11-16,0.12,1
ORD-2025-050768,CUST-03727,2025-11-17,0.0733,1
ORD-2025-050769,CUST-01724,2025-11-14,0.0872,1
ORD-2025-050770,CUST-08320,2025-11-07,0.0482,1
ORD-2025-050771,CUST-03115,2025-11-27,0.0104,1
ORD-2025-050772,CUST-12520,2025-11-09,0.048,1
ORD-2025-050773,CUST-00029,2025-11-01,0.0488,1
ORD-2025-050774,CUST-10009,2025-11-05,0.0157,1
ORD-2025-050775,CUST-12212,2025-11-15,0.0992,1
ORD-2025-050776,CUST-09404,2025-11-16,0.2321,1
ORD-2025-050777,CUST-13715,2025-11-29,0.0258,2
ORD-2025-050778,CUST-09305,2025-11-22,0.0705,1
ORD-2025-050779,CUST-04431,2025-11-21,0.2161,1
ORD-2025-050780,CUST-08274,2025-11-09,0.0428,2
ORD-2025-050781,CUST-07429,2025-11-24,0.0243,1
ORD-2025-050782,CUST-03878,2025-11-24,0.3948,3
ORD-2025-050783,CUST-03262,2025-11-24,0.55,1
ORD-2025-050784,CUST-02715,2025-11-21,0.1945,3
ORD-2025-050785,CUST-01004,2025-11-11,0.0438,2
ORD-2025-050786,CUST-01886,2025-11-06,0.2734,1
ORD-2025-050787,CUST-12832,2025-11-30,0.2074,1
ORD-2025-050788,CUST-04271,2025-11-22,0.0259,1
ORD-2025-050789,CUST-02729,2025-11-29,0.2034,2
ORD-2025-050790,CUST-02950,2025-11-23,0.0552,1
ORD-2025-050791,CUST-04103,2025-11-13,0.1273,1
ORD-2025-050792,CUST-06020,2025-11-20,0.0455,3
ORD-2025-050793,CUST-06011,2025-11-26,0.2155,2
ORD-2025-050794,CUST-07803,2025-11-14,0.0074,1
ORD-2025-050795,CUST-09412,2025-11-14,0.063,1
ORD-2025-050796,CUST-05722,2025-11-02,0.0751,2
ORD-2025-050797,CUST-02699,2025-11-12,0.1728,2
ORD-2025-050798,CUST-10097,2025-11-23,0.0449,1
ORD-2025-050799,CUST-08895,2025-11-14,0.1307,1
ORD-2025-050800,CUST-12252,2025-11-21,0.1721,5
ORD-2025-050801,CUST-08956,2025-11-30,0.0428,2
ORD-2025-050802,CUST-09000,2025-11-15,0.0581,2
ORD-2025-050803,CUST-09571,2025-11-11,0.0342,1
ORD-2025-050804,CUST-07810,2025-11-01,0.0816,1
ORD-2025-050805,CUST-01182,2025-11-08,0.1159,1
ORD-2025-050806,CUST-09758,2025-11-23,0.4382,1
ORD-2025-050807,CUST-11929,2025-11-18,0.3307,1
ORD-2025-050808,CUST-08839,2025-11-06,0.0367,1
ORD-2025-050809,CUST-06527,2025-11-30,0.0816,1
ORD-2025-050810,CUST-08334,2025-11-29,0.1341,2
ORD-2025-050811,CUST-10877,2025-11-29,0.065,1
ORD-2025-050812,CUST-10663,2025-11-14,0.0633,3
ORD-2025-050813,CUST-13502,2025-11-27,0.2896,1
ORD-2025-050814,CUST-01488,2025-11-30,0.0579,1
ORD-2025-050815,CUST-04245,2025-11-12,0.1214,2
ORD-2025-050816,CUST-02045,2025-11-23,0.05,1
ORD-2025-050817,CUST-10422,2025-11-08,0.0241,1
ORD-2025-050818,CUST-02282,2025-11-26,0.4176,1
ORD-2025-050819,CUST-13057,2025-11-01,0.2061,2
ORD-2025-050820,CUST-07598,2025-11-19,0.0712,1
ORD-2025-050821,CUST-10286,2025-11-21,0.1091,1
ORD-2025-050822,CUST-09606,2025-11-27,0.0249,3
ORD-2025-050823,CUST-08320,2025-11-21,0.0596,2
