OrderID,CustomerID,OrderDate,OrderDiscountPct,BasketItemCount
ORD-2024-000001,CUST-05644,2024-01-28,0.1377,1
ORD-2024-000002,CUST-05645,2024-01-31,0.1756,1
ORD-2024-000003,CUST-05646,2024-01-03,0.0221,1
ORD-2024-000004,CUST-05647,2024-01-24,0.2073,1
ORD-2024-000005,CUST-05648,2024-01-24,0.0727,1
ORD-2024-000006,CUST-05649,2024-01-31,0.3233,2
ORD-2024-000007,CUST-05650,2024-01-16,0.55,1
ORD-2024-000008,CUST-05651,2024-01-31,0.3964,2
ORD-2024-000009,CUST-05652,2024-01-30,0.0097,1
ORD-2024-000010,CUST-05653,2024-01-30,0.0173,1
ORD-2024-000011,CUST-05654,2024-01-21,0.057,1
ORD-2024-000012,CUST-05655,2024-01-24,0.4015,2
ORD-2024-000013,CUST-05656,2024-01-30,0.0249,3
ORD-2024-000014,CUST-05657,2024-01-31,0.0218,1
ORD-2024-000015,CUST-05658,2024-01-21,0.4775,1
ORD-2024-000016,CUST-05659,2024-01-29,0.0145,1
ORD-2024-000017,CUST-05660,2024-01-17,0.0137,2
ORD-2024-000018,CUST-05661,2024-01-25,0.0287,2
ORD-2024-000019,CUST-05662,2024-01-26,0.1488,1
ORD-2024-000020,CUST-05663,2024-01-31,0.2375,1
ORD-2024-000021,CUST-05664,2024-01-10,0.0429,1
ORD-2024-000022,CUST-05665,2024-01-31,0.1917,2
ORD-2024-000023,CUST-05666,2024-01-12,0.0047,1
ORD-2024-000024,CUST-05667,2024-01-20,0.0427,1
ORD-2024-000025,CUST-05668,2024-01-25,0.1929,1
ORD-2024-000026,CUST-05669,2024-01-16,0.1912,1
ORD-2024-000027,CUST-05670,2024-01-26,0.138,1
ORD-2024-000028,CUST-05671,2024-01-27,0.0871,1
ORD-2024-000029,CUST-05672,2024-01-13,0.1076,1
ORD-2024-000030,CUST-05673,2024-01-30,0.2295,1
ORD-2024-000031,CUST-05674,2024-01-17,0.55,1
ORD-2024-000032,CUST-05675,2024-01-23,0.1396,1
ORD-2024-000033,CUST-05676,2024-01-18,0.036,2
ORD-2024-000034,CUST-05677,2024-01-06,0.0916,1
ORD-2024-000035,CUST-05678,2024-01-23,0.4678,1
ORD-2024-000036,CUST-05679,2024-01-25,0.1678,1
ORD-2024-000037,CUST-05680,2024-01-18,0.1019,3
ORD-2024-000038,CUST-05681,2024-01-19,0.3358,1
ORD-2024-000039,CUST-05682,2024-01-23,0.0594,1
ORD-2024-000040,CUST-05683,2024-01-31,0.1979,3
ORD-2024-000041,CUST-05684,2024-01-30,0.2148,1
ORD-2024-000042,CUST-05685,2024-01-20,0.1052,2
ORD-2024-000043,CUST-05686,2024-01-27,0.55,1
ORD-2024-000044,CUST-05687,2024-01-27,0.4037,1
ORD-2024-000045,CUST-05688,2024-01-30,0.0587,1
ORD-2024-000046,CUST-05689,2024-01-12,0.2247,1
ORD-2024-000047,CUST-05690,2024-01-29,0.3449,1
ORD-2024-000048,CUST-05691,2024-01-30,0.2352,2
ORD-2024-000049,CUST-05692,2024-01-28,0.1635,4
ORD-2024-000050,CUST-05693,2024-01-26,0.171,1
ORD-2024-000051,CUST-05694,2024-01-29,0.4307,1
ORD-2024-000052,CUST-05695,2024-01-25,0.42,1
ORD-2024-000053,CUST-05696,2024-01-30,0.4269,1
ORD-2024-000054,CUST-05697,2024-01-14,0.0291,1
ORD-2024-000055,CUST-05698,2024-01-23,0.4921,1
ORD-2024-000056,CUST-05699,2024-01-20,0.1954,1
ORD-2024-000057,CUST-05700,2024-01-26,0.2009,2
ORD-2024-000058,CUST-05701,2024-01-25,0.051,3
ORD-2024-000059,CUST-05702,2024-01-22,0.1307,1
ORD-2024-000060,CUST-05703,2024-01-20,0.1511,1
ORD-2024-000061,CUST-05704,2024-01-27,0.26,1
ORD-2024-000062,CUST-05705,2024-01-17,0.3014,1
ORD-2024-000063,CUST-05706,2024-01-22,0.0438,1
ORD-2024-000064,CUST-05707,2024-01-29,0.2252,1
ORD-2024-000065,CUST-05708,2024-01-31,0.1579,1
ORD-2024-000066,CUST-05709,2024-01-25,0.1069,3
ORD-2024-000067,CUST-05710,2024-01-31,0.0217,3
ORD-2024-000068,CUST-05711,2024-01-28,0.0831,1
ORD-2024-000069,CUST-05712,2024-01-26,0.1185,2
ORD-2024-000070,CUST-05713,2024-01-29,0.0832,1
ORD-2024-000071,CUST-05714,2024-01-15,0.252,1
ORD-2024-000072,CUST-05715,2024-01-29,0.55,1
ORD-2024-000073,CUST-05716,2024-01-21,0.1659,3
ORD-2024-000074,CUST-05717,2024-01-24,0.0268,2
ORD-2024-000075,CUST-05718,2024-01-30,0.0357,1
ORD-2024-000076,CUST-05719,2024-01-29,0.1586,1
ORD-2024-000077,CUST-05720,2024-01-10,0.0369,1
ORD-2024-000078,CUST-05721,2024-01-18,0.0762,1
ORD-2024-000079,CUST-05722,2024-01-27,0.2137,1
ORD-2024-000080,CUST-05723,2024-01-25,0.1555,1
ORD-2024-000081,CUST-05724,2024-01-31,0.1272,2
ORD-2024-000082,CUST-05725,2024-01-31,0.1062,1
ORD-2024-000083,CUST-05726,2024-01-31,0.55,1
ORD-2024-000084,CUST-05727,2024-01-30,0.0679,1
ORD-2024-000085,CUST-05728,2024-01-05,0.1519,1
ORD-2024-000086,CUST-05729,2024-01-27,0.3352,2
ORD-2024-000087,CUST-05730,2024-01-30,0.0808,3
ORD-2024-000088,CUST-05731,2024-01-30,0.0326,1
ORD-2024-000089,CUST-05732,2024-01-27,0.0872,1
ORD-2024-000090,CUST-05733,2024-01-25,0.0638,3
ORD-2024-000091,CUST-05734,2024-01-12,0.1973,3
ORD-2024-000092,CUST-05735,2024-01-27,0.0075,1
ORD-2024-000093,CUST-05736,2024-01-31,0.55,1
ORD-2024-000094,CUST-05737,2024-01-21,0.0522,1
ORD-2024-000095,CUST-05738,2024-01-30,0.0799,3
ORD-2024-000096,CUST-05739,2024-01-30,0.2233,2
ORD-2024-000097,CUST-05740,2024-01-28,0.4379,1
ORD-2024-000098,CUST-05741,2024-01-27,0.1354,1
ORD-2024-000099,CUST-05742,2024-01-29,0.0796,1
ORD-2024-000100,CUST-05743,2024-01-21,0.0567,1
ORD-2024-000101,CUST-05744,2024-01-15,0.142,2
ORD-2024-000102,CUST-05745,2024-01-23,0.041,3
ORD-2024-000103,CUST-05746,2024-01-28,0.55,1
ORD-2024-000104,CUST-05747,2024-01-16,0.1362,1
ORD-2024-000105,CUST-05748,2024-01-27,0.229,1
ORD-2024-000106,CUST-05749,2024-01-31,0.1658,1
ORD-2024-000107,CUST-05750,2024-01-28,0.5181,2
ORD-2024-000108,CUST-05751,2024-01-22,0.0525,2
ORD-2024-000109,CUST-05752,2024-01-19,0.0246,1
ORD-2024-000110,CUST-05753,2024-01-24,0.2094,1
ORD-2024-000111,CUST-05754,2024-01-30,0.1413,3
ORD-2024-000112,CUST-05755,2024-01-30,0.227,1
ORD-2024-000113,CUST-05756,2024-01-17,0.1501,1
ORD-2024-000114,CUST-05757,2024-01-19,0.2446,1
ORD-2024-000115,CUST-05758,2024-01-25,0.2946,1
ORD-2024-000116,CUST-05759,2024-01-16,0.0779,1
ORD-2024-000117,CUST-05760,2024-01-26,0.0794,1
ORD-2024-000118,CUST-05761,2024-01-25,0.2185,2
ORD-2024-000119,CUST-05762,2024-01-31,0.1458,1
ORD-2024-000120,CUST-05763,2024-01-23,0.2858,2
ORD-2024-000121,CUST-05764,2024-01-14,0.0568,1
ORD-2024-000122,CUST-05765,2024-01-26,0.0398,2
ORD-2024-000123,CUST-05766,2024-01-29,0.1678,1
ORD-2024-000124,CUST-05767,2024-01-24,0.0731,2
ORD-2024-000125,CUST-05768,2024-01-28,0.1829,3
ORD-2024-000126,CUST-05769,2024-01-29,0.076,1
ORD-2024-000127,CUST-05770,2024-01-23,0.411,2
ORD-2024-000128,CUST-05771,2024-01-30,0.186,1
ORD-2024-000129,CUST-05772,2024-01-13,0.1495,2
ORD-2024-000130,CUST-05773,2024-01-28,0.2502,1
ORD-2024-000131,CUST-05774,2024-01-23,0.0685,2
ORD-2024-000132,CUST-05775,2024-01-31,0.5418,1
ORD-2024-000133,CUST-05776,2024-01-18,0.1749,3
ORD-2024-000134,CUST-05777,2024-01-31,0.0111,2
ORD-2024-000135,CUST-05778,2024-01-31,0.1844,1
ORD-2024-000136,CUST-05779,2024-01-14,0.55,1
ORD-2024-000137,CUST-05780,2024-01-12,0.0856,2
ORD-2024-000138,CUST-05781,2024-01-31,0.0744,1
ORD-2024-000139,CUST-05782,2024-01-26,0.55,2
ORD-2024-000140,CUST-05783,2024-01-25,0.1388,3
ORD-2024-000141,CUST-05784,2024-01-31,0.4786,2
ORD-2024-000142,CUST-05785,2024-01-20,0.441,1
ORD-2024-000143,CUST-05786,2024-01-04,0.139,1
ORD-2024-000144,CUST-05787,2024-01-29,0.1994,2
ORD-2024-000145,CUST-05788,2024-01-21,0.2496,2
ORD-2024-000146,CUST-05789,2024-01-27,0.0177,1
ORD-2024-000147,CUST-05790,2024-01-27,0.2089,1
ORD-2024-000148,CUST-05791,2024-01-11,0.0568,1
ORD-2024-000149,CUST-05792,2024-01-31,0.55,1
ORD-2024-000150,CUST-05793,2024-01-10,0.0202,1
ORD-2024-000151,CUST-05794,2024-01-19,0.3725,1
ORD-2024-000152,CUST-05795,2024-01-31,0.2955,2
ORD-2024-000153,CUST-05796,2024-01-21,0.0173,1
ORD-2024-000154,CUST-05797,2024-01-21,0.55,1
ORD-2024-000155,CUST-05798,2024-01-27,0.115,1
ORD-2024-000156,CUST-05799,2024-01-31,0.0957,1
ORD-2024-000157,CUST-05800,2024-01-21,0.55,1
ORD-2024-000158,CUST-05801,2024-01-27,0.0593,2
ORD-2024-000159,CUST-05802,2024-01-17,0.3373,2
ORD-2024-000160,CUST-05803,2024-01-24,0.3148,1
ORD-2024-000161,CUST-05804,2024-01-24,0.0233,1
ORD-2024-000162,CUST-05805,2024-01-31,0.1662,3
ORD-2024-000163,CUST-05806,2024-01-30,0.1772,1
ORD-2024-000164,CUST-05807,2024-01-29,0.0233,1
ORD-2024-000165,CUST-05808,2024-01-24,0.0844,2
ORD-2024-000166,CUST-05809,2024-01-23,0.0121,1
ORD-2024-000167,CUST-05810,2024-01-31,0.3324,2
ORD-2024-000168,CUST-05811,2024-01-30,0.0201,1
ORD-2024-000169,CUST-05812,2024-01-30,0.0877,1
ORD-2024-000170,CUST-05813,2024-01-30,0.1855,2
ORD-2024-000171,CUST-05814,2024-01-28,0.0334,1
ORD-2024-000172,CUST-05815,2024-01-31,0.3117,1
ORD-2024-000173,CUST-05816,2024-01-26,0.4063,2
ORD-2024-000174,CUST-05817,2024-01-26,0.3158,1
ORD-2024-000175,CUST-05818,2024-01-16,0.0279,1
ORD-2024-000176,CUST-05819,2024-01-31,0.0338,2
ORD-2024-000177,CUST-05820,2024-01-28,0.1662,1
ORD-2024-000178,CUST-05821,2024-01-17,0.0321,1
ORD-2024-000179,CUST-05822,2024-01-22,0.0988,2
ORD-2024-000180,CUST-05823,2024-01-20,0.55,2
ORD-2024-000181,CUST-05824,2024-01-23,0.4825,1
ORD-2024-000182,CUST-05825,2024-01-31,0.1323,1
ORD-2024-000183,CUST-05826,2024-01-18,0.1448,3
ORD-2024-000184,CUST-05827,2024-01-29,0.3514,2
ORD-2024-000185,CUST-05828,2024-01-27,0.0254,1
ORD-2024-000186,CUST-05829,2024-01-31,0.2575,1
ORD-2024-000187,CUST-05830,2024-01-27,0.063,1
ORD-2024-000188,CUST-05831,2024-01-18,0.1654,1
ORD-2024-000189,CUST-05832,2024-01-23,0.0677,3
ORD-2024-000190,CUST-05833,2024-01-30,0.0466,2
ORD-2024-000191,CUST-05834,2024-01-27,0.2279,1
ORD-2024-000192,CUST-05835,2024-01-31,0.1854,1
ORD-2024-000193,CUST-05836,2024-01-27,0.2122,3
ORD-2024-000194,CUST-05837,2024-01-10,0.0921,2
ORD-2024-000195,CUST-05838,2024-01-20,0.2513,1
ORD-2024-000196,CUST-05839,2024-01-24,0.1016,1
ORD-2024-000197,CUST-05840,2024-01-21,0.0643,1
ORD-2024-000198,CUST-05841,2024-01-29,0.55,1
ORD-2024-000199,CUST-05842,2024-01-24,0.0845,1
ORD-2024-000200,CUST-05843,2024-01-26,0.2781,1
ORD-2024-000201,CUST-05844,2024-01-24,0.3113,2
ORD-2024-000202,CUST-05845,2024-01-16,0.0506,1
ORD-2024-000203,CUST-05846,2024-01-24,0.3547,1
ORD-2024-000204,CUST-05847,2024-01-30,0.0152,2
ORD-2024-000205,CUST-05848,2024-01-28,0.1672,1
ORD-2024-000206,CUST-05849,2024-01-10,0.0298,1
ORD-2024-000207,CUST-05850,2024-01-30,0.0774,3
ORD-2024-000208,CUST-05851,2024-01-30,0.2856,2
ORD-2024-000209,CUST-05852,2024-01-07,0.435,1
ORD-2024-000210,CUST-05853,2024-01-30,0.4231,1
ORD-2024-000211,CUST-05854,2024-01-25,0.0519,1
ORD-2024-000212,CUST-05855,2024-01-24,0.5106,2
ORD-2024-000213,CUST-05856,2024-01-21,0.0859,1
ORD-2024-000214,CUST-05857,2024-01-31,0.3625,2
ORD-2024-000215,CUST-05858,2024-01-16,0.1413,1
ORD-2024-000216,CUST-05859,2024-01-07,0.057,2
ORD-2024-000217,CUST-05860,2024-01-31,0.1418,3
ORD-2024-000218,CUST-05861,2024-01-18,0.3371,1
ORD-2024-000219,CUST-05862,2024-01-04,0.0425,1
ORD-2024-000220,CUST-05863,2024-01-02,0.3553,1
ORD-2024-000221,CUST-05864,2024-01-30,0.0786,1
ORD-2024-000222,CUST-05865,2024-01-30,0.1739,1
ORD-2024-000223,CUST-05866,2024-01-29,0.08,2
ORD-2024-000224,CUST-05867,2024-01-30,0.0349,2
ORD-2024-000225,CUST-05868,2024-01-24,0.4431,1
ORD-2024-000226,CUST-05869,2024-01-22,0.55,1
ORD-2024-000227,CUST-05870,2024-01-20,0.1825,1
ORD-2024-000228,CUST-05871,2024-01-25,0.5067,1
ORD-2024-000229,CUST-05872,2024-01-30,0.0752,2
ORD-2024-000230,CUST-05873,2024-01-27,0.055,2
ORD-2024-000231,CUST-05874,2024-01-26,0.1681,1
ORD-2024-000232,CUST-05875,2024-01-31,0.3313,1
ORD-2024-000233,CUST-05876,2024-01-17,0.1769,3
ORD-2024-000234,CUST-05877,2024-01-26,0.0236,1
ORD-2024-000235,CUST-05878,2024-01-31,0.1392,2
ORD-2024-000236,CUST-05879,2024-01-30,0.0547,1
ORD-2024-000237,CUST-05880,2024-01-29,0.55,2
ORD-2024-000238,CUST-05881,2024-01-29,0.2222,1
ORD-2024-000239,CUST-05882,2024-01-24,0.0578,1
ORD-2024-000240,CUST-05883,2024-01-23,0.2245,1
ORD-2024-000241,CUST-05884,2024-01-28,0.2607,1
ORD-2024-000242,CUST-05885,2024-01-22,0.3472,1
ORD-2024-000243,CUST-05886,2024-01-27,0.0595,5
ORD-2024-000244,CUST-05887,2024-01-15,0.0273,1
ORD-2024-000245,CUST-05888,2024-01-31,0.1072,2
ORD-2024-000246,CUST-05889,2024-01-17,0.4909,1
ORD-2024-000247,CUST-05890,2024-01-27,0.045,1
ORD-2024-000248,CUST-05891,2024-01-30,0.2355,3
ORD-2024-000249,CUST-05892,2024-01-31,0.0988,2
ORD-2024-000250,CUST-05893,2024-01-31,0.0229,1
ORD-2024-000251,CUST-05894,2024-01-18,0.2462,2
ORD-2024-000252,CUST-05895,2024-01-08,0.0484,2
ORD-2024-000253,CUST-05896,2024-01-31,0.2303,1
ORD-2024-000254,CUST-05897,2024-01-17,0.3242,1
ORD-2024-000255,CUST-05898,2024-01-31,0.2698,2
ORD-2024-000256,CUST-05899,2024-01-24,0.0753,1
ORD-2024-000257,CUST-05900,2024-01-19,0.1277,1
ORD-2024-000258,CUST-05901,2024-01-20,0.0195,1
ORD-2024-000259,CUST-05902,2024-01-19,0.0809,1
ORD-2024-000260,CUST-05903,2024-01-30,0.1385,3
ORD-2024-000261,CUST-05904,2024-01-17,0.0106,1
ORD-2024-000262,,2024-01-06,0.3261,1
ORD-2024-000263,CUST-05906,2024-01-30,0.3615,1
ORD-2024-000264,CUST-05907,2024-01-30,0.2595,1
ORD-2024-000265,CUST-05908,2024-01-12,0.1747,2
ORD-2024-000266,CUST-05909,2024-01-27,0.225,2
ORD-2024-000267,CUST-05910,2024-01-26,0.2395,1
ORD-2024-000268,CUST-05911,2024-01-30,0.0351,3
ORD-2024-000269,CUST-05912,2024-01-26,0.1551,2
ORD-2024-000270,CUST-05913,2024-01-23,0.3383,2
ORD-2024-000271,CUST-05914,2024-01-08,0.1213,1
ORD-2024-000272,CUST-05915,2024-01-08,0.514,2
ORD-2024-000273,CUST-05916,2024-01-27,0.0971,2
ORD-2024-000274,CUST-05917,2024-01-07,0.0942,1
ORD-2024-000275,CUST-05918,2024-01-27,0.1637,1
ORD-2024-000276,CUST-05919,2024-01-28,0.2566,2
ORD-2024-000277,CUST-05920,2024-01-23,0.0593,1
ORD-2024-000278,CUST-05921,2024-01-14,0.1899,1
ORD-2024-000279,CUST-05922,2024-01-29,0.3819,1
ORD-2024-000280,CUST-05923,2024-01-23,0.0345,2
ORD-2024-000281,CUST-05924,2024-01-30,0.2252,1
ORD-2024-000282,CUST-05925,2024-01-25,0.55,1
ORD-2024-000283,CUST-05926,2024-01-31,0.2375,2
ORD-2024-000284,CUST-05927,2024-01-21,0.4238,2
ORD-2024-000285,CUST-05928,2024-01-30,0.2444,1
ORD-2024-000286,CUST-05929,2024-01-31,0.0595,2
ORD-2024-000287,CUST-05930,2024-01-26,0.1224,1
ORD-2024-000288,CUST-05931,2024-01-22,0.4588,2
ORD-2024-000289,CUST-05932,2024-01-18,0.1035,2
ORD-2024-000290,CUST-05933,2024-01-27,0.2026,2
ORD-2024-000291,CUST-05934,2024-01-30,0.3428,1
ORD-2024-000292,CUST-05935,2024-01-30,0.4261,1
ORD-2024-000293,CUST-05936,2024-01-23,0.0561,1
ORD-2024-000294,CUST-05937,2024-01-12,0.0284,2
ORD-2024-000295,CUST-05938,2024-01-26,0.2345,1
ORD-2024-000296,CUST-05939,,0.0733,1
ORD-2024-000297,CUST-05940,2024-01-31,0.0129,1
ORD-2024-000298,CUST-05941,2024-01-26,0.1718,2
ORD-2024-000299,CUST-05942,2024-01-30,0.0749,1
ORD-2024-000300,CUST-05943,2024-01-16,0.4658,1
ORD-2024-000301,CUST-05944,2024-01-31,0.1048,1
ORD-2024-000302,CUST-05945,2024-01-23,0.0537,1
ORD-2024-000303,CUST-05946,2024-01-25,0.0185,1
ORD-2024-000304,CUST-05947,2024-01-23,0.2136,1
ORD-2024-000305,CUST-05948,2024-01-08,0.2437,3
ORD-2024-000306,CUST-05949,2024-01-20,0.0301,1
ORD-2024-000307,CUST-05950,2024-01-24,0.0191,1
ORD-2024-000308,CUST-05951,2024-01-28,0.435,1
ORD-2024-000309,CUST-05952,2024-01-31,0.1149,1
ORD-2024-000310,CUST-05953,2024-01-25,0.0982,1
ORD-2024-000311,CUST-05954,2024-01-31,0.0134,1
ORD-2024-000312,CUST-05955,2024-01-24,0.0597,3
ORD-2024-000313,CUST-05956,2024-01-30,0.1044,1
ORD-2024-000314,CUST-05957,2024-01-31,0.1438,3
ORD-2024-000315,CUST-05958,2024-01-26,0.1186,1
ORD-2024-000316,CUST-05959,2024-01-20,0.046,2
ORD-2024-000317,CUST-05960,2024-01-30,0.048,1
ORD-2024-000318,CUST-05961,2024-01-13,0.1573,1
ORD-2024-000319,CUST-05962,2024-01-30,0.55,1
ORD-2024-000320,CUST-05963,2024-01-29,0.4324,1
ORD-2024-000321,CUST-05964,2024-01-23,0.1894,4
ORD-2024-000322,CUST-05965,2024-01-18,0.0592,2
ORD-2024-000323,CUST-05966,2024-01-17,0.2402,1
ORD-2024-000324,CUST-05967,2024-01-26,0.4003,2
ORD-2024-000325,CUST-05968,2024-01-26,0.1497,1
ORD-2024-000326,CUST-05969,2024-01-25,0.0913,2
ORD-2024-000327,CUST-05970,2024-01-30,0.152,1
ORD-2024-000328,CUST-05971,2024-01-26,0.1079,1
ORD-2024-000329,CUST-05972,2024-01-26,0.1023,1
ORD-2024-000330,CUST-05973,2024-01-31,0.0684,2
ORD-2024-000331,CUST-05974,2024-01-31,0.0481,1
ORD-2024-000332,CUST-05975,2024-01-11,0.2353,1
ORD-2024-000333,CUST-05976,2024-01-31,0.1603,2
ORD-2024-000334,CUST-05977,2024-01-27,0.1318,1
ORD-2024-000335,CUST-05978,2024-01-30,0.022,1
ORD-2024-000336,CUST-05979,2024-01-31,0.2015,2
ORD-2024-000337,CUST-05980,2024-01-30,0.4259,3
ORD-2024-000338,CUST-05981,2024-01-16,0.0398,1
ORD-2024-000339,CUST-05982,2024-01-25,0.0843,2
ORD-2024-000340,CUST-05983,2024-01-27,0.0425,1
ORD-2024-000341,CUST-05984,2024-01-28,0.4751,3
ORD-2024-000342,CUST-05985,2024-01-30,0.451,1
ORD-2024-000343,CUST-05986,2024-01-31,0.0291,1
ORD-2024-000344,CUST-05987,2024-01-31,0.0789,5
ORD-2024-000345,CUST-05988,2024-01-15,0.0699,2
ORD-2024-000346,CUST-05989,2024-01-22,0.1296,1
ORD-2024-000347,CUST-05990,2024-01-31,0.01,1
ORD-2024-000348,CUST-05991,2024-01-27,0.3097,1
ORD-2024-000349,CUST-05992,2024-01-03,0.0739,2
ORD-2024-000350,CUST-05993,2024-01-30,0.1175,2
ORD-2024-000351,CUST-05994,2024-01-31,0.1263,1
ORD-2024-000352,CUST-05995,2024-01-25,0.0429,1
ORD-2024-000353,CUST-05996,2024-01-08,0.0776,1
ORD-2024-000354,CUST-05997,2024-01-30,0.55,1
ORD-2024-000355,CUST-05998,2024-01-31,0.0518,2
ORD-2024-000356,CUST-05999,2024-01-26,0.0271,3
ORD-2024-000357,CUST-06000,2024-01-23,0.0406,2
ORD-2024-000358,CUST-06001,2024-01-20,0.0629,1
ORD-2024-000359,CUST-06002,2024-01-31,0.0935,1
ORD-2024-000360,CUST-06003,2024-01-14,0.2624,1
ORD-2024-000361,CUST-06004,2024-01-21,0.06,1
ORD-2024-000362,CUST-06005,2024-01-19,0.1251,1
ORD-2024-000363,CUST-06006,2024-01-29,0.55,1
ORD-2024-000364,CUST-06007,2024-01-05,0.0567,1
ORD-2024-000365,CUST-06008,,0.0637,1
ORD-2024-000366,CUST-06009,2024-01-17,0.3619,2
ORD-2024-000367,CUST-06010,2024-01-18,0.4287,2
ORD-2024-000368,CUST-06011,2024-01-27,0.0656,1
ORD-2024-000369,CUST-06012,2024-01-31,0.2776,1
ORD-2024-000370,CUST-06013,2024-01-31,0.2534,2
ORD-2024-000371,CUST-06014,2024-01-12,0.293,1
ORD-2024-000372,CUST-06015,2024-01-21,0.0905,3
ORD-2024-000373,CUST-06016,2024-01-26,0.089,2
ORD-2024-000374,CUST-06017,2024-01-29,0.3564,1
ORD-2024-000375,CUST-06018,2024-01-26,0.1495,1
ORD-2024-000376,CUST-06019,2024-01-14,0.1522,2
ORD-2024-000377,CUST-06020,2024-01-18,0.0248,2
ORD-2024-000378,CUST-06021,2024-01-27,0.032,2
ORD-2024-000379,CUST-06022,2024-01-25,0.1464,1
ORD-2024-000380,CUST-06023,2024-01-31,0.163,1
ORD-2024-000381,CUST-06024,2024-01-30,0.5364,1
ORD-2024-000382,CUST-06025,2024-01-23,0.1676,2
ORD-2024-000383,CUST-06026,2024-01-25,0.5176,2
ORD-2024-000384,CUST-06027,2024-01-26,0.0338,1
ORD-2024-000385,CUST-06028,2024-01-16,0.0666,1
ORD-2024-000386,CUST-06029,2024-01-31,0.2324,2
ORD-2024-000387,CUST-06030,2024-01-27,0.1075,3
ORD-2024-000388,CUST-06031,2024-01-31,0.5314,1
ORD-2024-000389,CUST-06032,2024-01-21,0.2437,1
ORD-2024-000390,CUST-06033,2024-01-29,0.016,1
ORD-2024-000391,CUST-05759,2024-01-25,0.184,2
ORD-2024-000392,CUST-00876,2024-01-07,0.2441,2
ORD-2024-000393,CUST-03143,2024-01-15,0.0297,3
ORD-2024-000394,CUST-04277,2024-01-29,0.0174,3
ORD-2024-000395,CUST-04689,2024-01-08,0.0786,2
ORD-2024-000396,CUST-04442,2024-01-15,0.1541,1
ORD-2024-000397,CUST-00728,2024-01-12,0.0966,2
ORD-2024-000398,CUST-00552,2024-01-09,0.2615,2
ORD-2024-000399,CUST-01086,2024-01-11,0.0398,2
ORD-2024-000400,CUST-05022,2024-01-08,0.0279,3
ORD-2024-000401,CUST-02423,2024-01-02,0.0575,1
ORD-2024-000402,CUST-00571,2024-01-22,0.0825,1
ORD-2024-000403,CUST-00950,2024-01-17,0.2147,2
ORD-2024-000404,CUST-03010,2024-01-30,0.0855,1
ORD-2024-000405,CUST-02381,2024-01-02,0.0292,1
ORD-2024-000406,CUST-02937,2024-01-13,0.0798,1
ORD-2024-000407,CUST-01040,2024-01-09,0.2173,1
ORD-2024-000408,CUST-02992,2024-01-04,0.0096,1
ORD-2024-000409,CUST-03774,2024-01-20,0.1227,2
ORD-2024-000410,CUST-00938,2024-01-14,0.1923,1
ORD-2024-000411,CUST-04760,2024-01-29,0.0959,1
ORD-2024-000412,CUST-04271,2024-01-25,0.0325,2
ORD-2024-000413,CUST-04446,2024-01-19,0.0593,1
ORD-2024-000414,CUST-03468,2024-01-05,0.0093,1
ORD-2024-000415,CUST-00410,2024-01-23,0.055,3
ORD-2024-000416,CUST-01999,2024-01-22,0.2121,1
ORD-2024-000417,CUST-05176,2024-01-03,0.1346,3
ORD-2024-000418,CUST-05176,2024-01-02,0.0817,2
ORD-2024-000419,CUST-01651,2024-01-01,0.051,1
ORD-2024-000420,CUST-00818,2024-01-12,0.0176,1
ORD-2024-000421,CUST-00482,2024-01-04,0.0887,2
ORD-2024-000422,CUST-01252,2024-01-09,0.017,1
ORD-2024-000423,CUST-05766,2024-01-05,0.1798,1
ORD-2024-000424,CUST-04919,2024-01-01,0.0187,1
ORD-2024-000425,CUST-02621,2024-01-02,0.0937,2
ORD-2024-000426,CUST-01060,2024-01-03,0.0231,1
ORD-2024-000427,CUST-03035,2024-01-20,0.3296,1
ORD-2024-000428,CUST-05426,2024-01-11,0.1524,2
ORD-2024-000429,CUST-02649,2024-01-09,0.4925,1
ORD-2024-000430,CUST-02604,2024-01-02,0.055,3
ORD-2024-000431,CUST-02669,2024-01-03,0.1302,2
ORD-2024-000432,CUST-03681,2024-01-28,0.0588,1
ORD-2024-000433,CUST-05199,2024-01-02,0.1996,1
ORD-2024-000434,CUST-02574,2024-01-31,0.2309,1
ORD-2024-000435,CUST-05659,2024-01-30,0.0642,1
ORD-2024-000436,CUST-05176,2024-01-01,0.1119,3
ORD-2024-000437,CUST-04027,2024-01-14,0.0534,1
ORD-2024-000438,CUST-04706,2024-01-03,0.045,2
ORD-2024-000439,CUST-05408,2024-01-30,0.1743,1
ORD-2024-000440,CUST-04046,2024-01-06,0.0111,1
ORD-2024-000441,CUST-03218,2024-01-29,0.1065,2
ORD-2024-000442,CUST-00600,2024-01-08,0.0591,1
ORD-2024-000443,CUST-02700,2024-01-16,0.0707,1
ORD-2024-000444,CUST-04525,2024-01-10,0.1195,1
ORD-2024-000445,CUST-05327,2024-01-25,0.1457,1
ORD-2024-000446,CUST-04591,2024-01-31,0.109,3
ORD-2024-000447,,2024-01-06,0.0485,3
ORD-2024-000448,CUST-01780,2024-01-08,0.1274,2
ORD-2024-000449,CUST-00413,2024-01-15,0.0403,1
ORD-2024-000450,CUST-02066,2024-01-03,0.2009,1
ORD-2024-000451,CUST-05180,2024-01-29,0.0706,2
ORD-2024-000452,CUST-02136,2024-01-28,0.0952,1
ORD-2024-000453,CUST-04277,2024-01-17,0.07,3
ORD-2024-000454,CUST-03643,2024-01-19,0.03,1
ORD-2024-000455,CUST-01436,2024-01-07,0.1163,1
ORD-2024-000456,CUST-05247,2024-01-01,0.307,1
ORD-2024-000457,CUST-02856,2024-01-31,0.3167,2
ORD-2024-000458,CUST-03565,2024-01-16,0.059,1
ORD-2024-000459,CUST-01382,2024-01-23,0.1906,1
ORD-2024-000460,CUST-02067,2024-01-16,0.1012,1
ORD-2024-000461,CUST-02474,2024-01-02,0.0972,3
ORD-2024-000462,CUST-01697,2024-01-27,0.1413,4
ORD-2024-000463,CUST-05180,2024-01-22,0.1404,1
ORD-2024-000464,CUST-03058,2024-01-18,0.0786,1
ORD-2024-000465,CUST-03349,2024-01-09,0.0376,1
ORD-2024-000466,CUST-02615,2024-01-11,0.0774,1
ORD-2024-000467,CUST-05295,2024-01-15,0.0406,3
ORD-2024-000468,CUST-01699,2024-01-29,0.1673,2
ORD-2024-000469,CUST-03590,2024-01-29,0.0962,1
ORD-2024-000470,CUST-05111,2024-01-10,0.0411,1
ORD-2024-000471,CUST-04060,2024-01-27,0.3712,1
ORD-2024-000472,CUST-05676,2024-01-28,0.0437,1
ORD-2024-000473,CUST-03941,2024-01-26,0.2205,2
ORD-2024-000474,CUST-04264,2024-01-22,0.0565,1
ORD-2024-000475,CUST-00950,2024-01-04,0.011,1
ORD-2024-000476,CUST-02639,2024-01-28,0.0548,1
ORD-2024-000477,CUST-03978,2024-01-03,0.0881,2
ORD-2024-000478,CUST-00600,2024-01-25,0.0644,1
ORD-2024-000479,CUST-04534,2024-01-12,0.0145,1
ORD-2024-000480,CUST-03991,2024-01-30,0.0253,1
ORD-2024-000481,CUST-02493,2024-01-30,0.2374,2
ORD-2024-000482,CUST-03677,2024-01-17,0.0544,2
ORD-2024-000483,CUST-04680,2024-01-04,0.1205,4
ORD-2024-000484,CUST-01847,2024-01-05,0.0756,1
ORD-2024-000485,CUST-01755,2024-01-12,0.055,2
ORD-2024-000486,CUST-02965,2024-01-25,0.0955,2
ORD-2024-000487,CUST-03854,2024-01-31,0.0648,1
ORD-2024-000488, CUST-02440 ,2024-01-27,0.0607,2
ORD-2024-000489,CUST-04492,2024-01-03,0.0136,2
ORD-2024-000490,CUST-02310,2024-01-01,0.0422,2
ORD-2024-000491,CUST-06016,2024-01-28,0.2178,1
ORD-2024-000492,CUST-05030,2024-01-04,0.1535,1
ORD-2024-000493,CUST-00362,2024-01-19,0.1391,2
ORD-2024-000494,CUST-02533,2024-01-02,0.1378,3
ORD-2024-000495,CUST-05506,2024-01-24,0.1175,3
ORD-2024-000496,CUST-03523,2024-01-18,0.0134,1
ORD-2024-000497,CUST-00600,2024-01-16,0.0377,1
ORD-2024-000498,CUST-04270,2024-01-03,0.0723,1
ORD-2024-000499,CUST-00835,2024-01-14,0.0326,1
ORD-2024-000500,CUST-02014,2024-01-21,0.0764,2
ORD-2024-000501,CUST-01279,2024-01-24,0.2136,1
ORD-2024-000502,CUST-05825,2024-01-28,0.1299,1
ORD-2024-000503,CUST-00476,2024-01-14,0.1666,2
ORD-2024-000504,CUST-04109,2024-01-08,0.0132,2
ORD-2024-000505,CUST-04644,2024-01-12,0.0436,3
ORD-2024-000506,CUST-00160,2024-01-12,0.4256,1
ORD-2024-000507,CUST-04407,2024-01-30,0.4056,1
ORD-2024-000508,CUST-04492,2024-01-31,0.0549,2
ORD-2024-000509,CUST-00983,2024-01-28,0.1352,3
ORD-2024-000510,CUST-02455,2024-01-09,0.166,1
ORD-2024-000511,CUST-05119,2024-01-02,0.2889,1
ORD-2024-000512,CUST-00843,2024-01-13,0.0651,1
ORD-2024-000513,CUST-02105,2024-01-03,0.1219,1
ORD-2024-000514,CUST-01783,2024-01-24,0.0312,1
ORD-2024-000515,CUST-03643,2024-01-07,0.0896,1
ORD-2024-000516,CUST-03832,2024-01-24,0.0715,1
ORD-2024-000517,CUST-01158,2024-01-19,0.1313,1
ORD-2024-000518,CUST-04525,2024-01-17,0.0222,1
ORD-2024-000519,CUST-00413,2027-01-01,0.0362,2
ORD-2024-000520,CUST-04587,2024-01-28,0.2578,1
ORD-2024-000521,CUST-04005,2024-01-27,0.184,1
ORD-2024-000522,CUST-01277,2024-01-20,0.0991,1
ORD-2024-000523,CUST-01508,2024-01-24,0.0136,2
ORD-2024-000524,CUST-03216,2024-01-12,0.0639,1
ORD-2024-000525,CUST-00362,2024-01-31,0.0586,1
ORD-2024-000526,,2024-01-02,0.0366,1
ORD-2024-000527,CUST-03236,2024-01-19,0.0407,1
ORD-2024-000528,CUST-02924,2024-01-12,0.0151,2
ORD-2024-000529,CUST-04607,2024-01-14,0.0321,3
ORD-2024-000530,CUST-04128,2024-01-12,0.0599,1
ORD-2024-000531,CUST-05156,2024-01-01,0.3316,1
ORD-2024-000532,CUST-05149,2024-01-14,0.0861,3
ORD-2024-000533,CUST-04182,2024-01-22,0.0916,2
ORD-2024-000534,CUST-03393,2024-01-17,0.0875,2
ORD-2024-000535,CUST-00275,2024-01-18,0.1408,1
ORD-2024-000536,CUST-03134,2024-01-27,0.1702,1
ORD-2024-000537,CUST-00855,2024-01-16,0.3607,1
ORD-2024-000538,CUST-02820,2024-01-07,0.0731,1
ORD-2024-000539,CUST-00033,2024-01-23,0.0634,2
ORD-2024-000540,CUST-05235,2024-01-02,0.0265,1
ORD-2024-000541,CUST-02890,2024-01-14,0.064,2
ORD-2024-000542,CUST-01592,2024-01-17,0.0536,1
ORD-2024-000543,CUST-02423,2024-01-04,0.0678,1
ORD-2024-000544,CUST-01488,2024-01-21,0.1732,1
ORD-2024-000545,CUST-00301,2024-01-10,0.1603,3
ORD-2024-000546,CUST-04014,2024-01-29,0.0222,1
ORD-2024-000547,CUST-05995,2024-01-05,0.2368,1
ORD-2024-000548,CUST-02249,2024-01-11,0.1786,1
ORD-2024-000549,CUST-02165,2024-01-31,0.0376,1
ORD-2024-000550,CUST-05513,2024-01-23,0.1298,1
ORD-2024-000551,CUST-02212,2024-01-01,0.1285,1
ORD-2024-000552,CUST-00422,2024-01-17,0.0483,2
ORD-2024-000553,CUST-00187,2024-01-28,0.1465,1
ORD-2024-000554,CUST-02513,2024-01-22,0.0203,1
ORD-2024-000555,CUST-03143,2024-01-29,0.0195,2
ORD-2024-000556,CUST-05734,2024-01-05,0.1133,3
ORD-2024-000557,CUST-04270,2024-01-17,0.0997,2
ORD-2024-000558,CUST-04370,2024-01-23,0.0462,2
ORD-2024-000559,CUST-05075,2024-01-06,0.097,1
ORD-2024-000560,CUST-02699,2024-01-13,0.1412,1
ORD-2024-000561,CUST-05618,2024-01-12,0.11,1
ORD-2024-000562,CUST-00153,2024-01-04,0.0228,3
ORD-2024-000563,CUST-03890,2024-01-12,0.0017,1
ORD-2024-000564,CUST-05766,2024-01-10,0.0486,3
ORD-2024-000565,CUST-02393,2024-01-19,0.1186,5
ORD-2024-000566,CUST-04676,2024-01-10,0.1653,2
ORD-2024-000567,CUST-00476,2024-01-13,0.0436,2
ORD-2024-000568,CUST-00458,2024-01-14,0.1727,3
ORD-2024-000569,CUST-01593,2024-01-27,0.004,1
ORD-2024-000570,CUST-00005,2024-01-21,0.1431,3
ORD-2024-000571,CUST-04266,2024-01-25,0.1339,1
ORD-2024-000572,CUST-00029,2024-01-01,0.0367,2
ORD-2024-000573,CUST-02251,2024-01-19,0.0099,1
ORD-2024-000574,CUST-05177,2024-01-26,0.1383,1
ORD-2024-000575,CUST-05538,2024-01-31,0.1625,1
ORD-2024-000576,CUST-02279,2024-01-15,0.0258,1
ORD-2024-000577,CUST-04533,2024-01-21,0.086,1
ORD-2024-000578,CUST-01853,2024-01-13,0.0644,2
ORD-2024-000579,CUST-04266,2024-01-04,0.0927,1
ORD-2024-000580,CUST-03204,2024-01-08,0.0251,1
ORD-2024-000581,CUST-02391,2024-01-27,0.047,1
ORD-2024-000582,CUST-00554,2024-01-28,0.0591,2
ORD-2024-000583,CUST-00559,2024-01-28,0.0581,2
ORD-2024-000584,CUST-05487,2024-01-23,0.0906,3
ORD-2024-000585,CUST-02636,2024-01-12,0.0599,1
ORD-2024-000586,CUST-01884,2024-01-06,0.172,1
ORD-2024-000587,CUST-02164,2024-01-01,0.123,1
ORD-2024-000588,CUST-03329,2024-01-04,0.0941,1
ORD-2024-000589,CUST-03677,2024-01-24,0.0621,4
ORD-2024-000590,CUST-00698,2024-01-27,0.1601,1
ORD-2024-000591,CUST-03918,2024-01-20,0.1289,1
ORD-2024-000592,CUST-04916,2024-01-29,0.1923,1
ORD-2024-000593,CUST-00242,2024-01-03,0.202,1
ORD-2024-000594,CUST-03070,2024-01-17,0.2889,1
ORD-2024-000595,CUST-03306,,0.4366,2
ORD-2024-000596,CUST-02404,2024-01-28,0.0263,2
ORD-2024-000597,CUST-05046,2024-01-21,0.0192,1
ORD-2024-000598,CUST-03774,2024-01-05,0.1079,1
ORD-2024-000599,CUST-04424,2024-01-14,0.0359,2
ORD-2024-000600,CUST-02770,2024-01-13,0.1822,1
ORD-2024-000601,CUST-04337,2024-01-22,0.06,1
ORD-2024-000602,CUST-01390,2024-01-15,0.0857,1
ORD-2024-000603,CUST-03395,2024-01-24,0.0892,3
ORD-2024-000604,CUST-03102,2024-01-25,0.1108,2
ORD-2024-000605,CUST-04610,2024-01-23,0.0804,2
ORD-2024-000606,CUST-05426,2024-01-22,0.1236,1
ORD-2024-000607,CUST-01108,2024-01-23,0.0609,1
ORD-2024-000608,CUST-05887,2024-01-11,0.0288,2
ORD-2024-000609,CUST-00422,2024-01-17,0.054,1
ORD-2024-000610,CUST-01418,2024-01-22,0.1386,1
ORD-2024-000611,CUST-01520,2024-01-23,0.0918,1
ORD-2024-000612,CUST-02924,2024-01-12,0.0332,2
ORD-2024-000613,CUST-04711,2024-01-12,0.0726,1
ORD-2024-000614,CUST-01161,2024-01-25,0.0105,1
ORD-2024-000615,CUST-04012,2024-01-16,0.0454,4
ORD-2024-000616,CUST-02246,2024-01-06,0.0642,3
ORD-2024-000617,CUST-01264,2024-01-05,0.0596,2
ORD-2024-000618,CUST-02249,2024-01-25,0.0932,1
ORD-2024-000619,CUST-04098,2024-01-14,0.0384,1
ORD-2024-000620,CUST-05022,2024-01-29,0.0124,4
ORD-2024-000621,CUST-01840,2024-01-22,0.0212,3
ORD-2024-000622,CUST-05140,2024-01-25,0.0901,1
ORD-2024-000623,CUST-05328,2024-01-09,0.0393,1
ORD-2024-000624,CUST-00096,2024-01-17,0.0852,3
ORD-2024-000625,CUST-01520,2024-01-25,0.0356,1
ORD-2024-000626,CUST-02116,2024-01-18,0.0445,2
ORD-2024-000627,CUST-01434,2024-01-20,0.0865,1
ORD-2024-000628,CUST-02576,2024-01-18,0.0767,1
ORD-2024-000629,CUST-01520,2024-01-26,0.1599,1
ORD-2024-000630,CUST-01182,2024-01-05,0.0461,1
ORD-2024-000631,CUST-00295,2024-01-24,0.0982,1
ORD-2024-000632,CUST-02246,2024-01-14,0.0332,1
ORD-2024-000633,CUST-03297,2024-01-04,0.0915,5
ORD-2024-000634,CUST-00382,2024-01-16,0.1019,1
ORD-2024-000635,CUST-03359,2024-01-02,0.0237,2
ORD-2024-000636,CUST-02762,2024-01-05,0.0251,1
ORD-2024-000637,CUST-02403,2024-01-13,0.105,3
ORD-2024-000638,CUST-04749,2024-01-23,0.0701,2
ORD-2024-000639,CUST-00508,2024-01-04,0.0202,3
ORD-2024-000640,CUST-01105,2024-01-12,0.1413,3
ORD-2024-000641,CUST-05551,2024-01-11,0.051,3
ORD-2024-000642,CUST-01264,2024-01-11,0.0314,1
ORD-2024-000643,CUST-05264,2024-01-10,0.0894,1
ORD-2024-000644,CUST-03980,2024-01-03,0.1516,2
ORD-2024-000645,CUST-03458,2024-01-21,0.3637,1
ORD-2024-000646,CUST-02200,2024-01-06,0.1162,1
ORD-2024-000647,CUST-01164,2024-01-26,0.2122,2
ORD-2024-000648,CUST-03204,2024-01-04,0.058,2
ORD-2024-000649,CUST-04534,2024-01-19,0.024,3
ORD-2024-000650,CUST-02368,2024-01-15,0.0979,3
ORD-2024-000651,CUST-02799,2024-01-03,0.0138,1
ORD-2024-000652,CUST-00466,2024-01-22,0.0716,1
ORD-2024-000653,CUST-02682,2024-01-12,0.0925,1
ORD-2024-000654, CUST-05181 ,2024-01-15,0.0708,3
ORD-2024-000655, CUST-03677 ,2024-01-04,0.0525,4
ORD-2024-000656,CUST-03612,2024-01-03,0.0268,1
ORD-2024-000657,CUST-03713,2024-01-09,0.1927,2
ORD-2024-000658,CUST-01012,2024-01-25,0.2623,1
ORD-2024-000659,CUST-02169,2024-01-12,0.1026,2
ORD-2024-000660,CUST-05168,2024-01-20,0.0321,2
ORD-2024-000661,CUST-04255,2024-01-17,0.0627,1
ORD-2024-000662,CUST-02762,2024-01-27,0.1068,1
ORD-2024-000663,CUST-01630,2024-01-31,0.1094,4
ORD-2024-000664,CUST-02965,2024-01-16,0.2348,3
ORD-2024-000665,CUST-03832,2024-01-11,0.1651,1
ORD-2024-000666,CUST-03685,2024-01-02,0.2299,1
ORD-2024-000667,CUST-03931,2024-01-02,0.1106,2
ORD-2024-000668,CUST-01202,2024-01-14,0.0553,1
ORD-2024-000669, CUST-01326 ,2024-01-27,0.0893,1
ORD-2024-000670,CUST-05151,2024-01-07,0.0399,1
ORD-2024-000671,CUST-02292,2024-01-26,0.0581,1
ORD-2024-000672,CUST-04515,2024-01-23,0.2834,1
ORD-2024-000673,CUST-02067,2024-01-07,0.0277,1
ORD-2024-000674,CUST-04031,2024-01-06,0.1901,2
ORD-2024-000675,CUST-04738,2024-01-12,0.0179,1
ORD-2024-000676,CUST-02203,2024-01-11,0.059,1
ORD-2024-000677,CUST-00363,2024-01-11,0.1553,1
ORD-2024-000678,CUST-01738,2024-01-19,0.0409,2
ORD-2024-000679,CUST-04762,2024-01-26,0.0465,2
ORD-2024-000680,CUST-00989,2024-01-28,0.0814,1
ORD-2024-000681,CUST-01923,2024-01-06,0.0336,1
ORD-2024-000682,CUST-04273,2024-01-03,0.0231,1
ORD-2024-000683,CUST-04644,2024-01-04,0.0229,1
ORD-2024-000684,CUST-04930,2024-01-06,0.0807,2
ORD-2024-000685,CUST-00419,2024-01-13,0.044,3
ORD-2024-000686,CUST-00232,2024-01-23,0.1104,1
ORD-2024-000687,CUST-04454,2024-01-04,0.022,1
ORD-2024-000688,CUST-04903,2024-01-09,0.1095,1
ORD-2024-000689,CUST-04332,2024-01-29,0.118,1
ORD-2024-000690,CUST-04892,2024-01-23,0.1474,1
ORD-2024-000691,CUST-00279,2024-01-17,0.4374,2
ORD-2024-000692,CUST-02622,2024-01-31,0.0352,1
ORD-2024-000693,CUST-03998,2024-01-11,0.2565,1
ORD-2024-000694,CUST-04476,2024-01-22,0.1044,2
ORD-2024-000695,CUST-05320,2024-01-01,0.1571,1
ORD-2024-000696,CUST-00903,2024-01-30,0.0289,1
ORD-2024-000697,CUST-02292,2024-01-03,0.088,1
ORD-2024-000698,CUST-03114,2024-01-12,0.0467,1
ORD-2024-000699,CUST-02602,2024-01-24,0.231,1
ORD-2024-000700,CUST-02701,2024-01-31,0.2147,2
ORD-2024-000701,CUST-01164,2024-01-09,0.1152,1
ORD-2024-000702,CUST-03738,2024-01-27,0.0389,1
ORD-2024-000703,CUST-01589,2024-01-27,0.1679,3
ORD-2024-000704,CUST-01256,2024-01-24,0.4811,1
ORD-2024-000705,CUST-05581,2024-01-04,0.1137,1
ORD-2024-000706,CUST-05759,2024-01-20,0.0713,2
ORD-2024-000707,CUST-03996,2024-01-25,0.0121,1
ORD-2024-000708,CUST-05369,2024-01-16,0.0156,1
ORD-2024-000709,CUST-01202,2024-01-03,0.0931,4
ORD-2024-000710,CUST-04919,2024-01-20,0.0312,1
ORD-2024-000711,CUST-02223,2024-01-06,0.1207,2
ORD-2024-000712,CUST-03736,2024-01-03,0.0273,1
ORD-2024-000713,CUST-00345,2024-01-22,0.0914,1
ORD-2024-000714,CUST-02150,2024-01-13,0.1835,1
ORD-2024-000715,CUST-04555,2024-01-11,0.0178,2
ORD-2024-000716,CUST-04986,2024-01-17,0.0527,1
ORD-2024-000717,CUST-00301,2024-01-25,0.2266,3
ORD-2024-000718,CUST-01765,2024-01-23,0.0732,1
ORD-2024-000719,CUST-04760,2024-01-11,0.0296,2
ORD-2024-000720,CUST-02256,2024-01-06,0.212,3
ORD-2024-000721,CUST-04197,2024-01-16,0.4506,3
ORD-2024-000722,CUST-00671,2024-01-05,0.0381,1
ORD-2024-000723,CUST-05328,2024-01-01,0.0597,1
ORD-2024-000724,CUST-00979,2024-01-01,0.2908,3
ORD-2024-000725,CUST-00863,2024-01-08,0.0516,2
ORD-2024-000726,CUST-05765,2024-01-15,0.0265,1
ORD-2024-000727,CUST-05765,2024-01-08,0.0385,3
ORD-2024-000728,CUST-03021,2024-01-06,0.0288,2
ORD-2024-000729,CUST-00253,2024-01-13,0.1555,1
ORD-2024-000730,CUST-01674,2024-01-16,0.0608,1
ORD-2024-000731,CUST-03596,2024-01-04,0.1795,2
ORD-2024-000732,CUST-05098,2024-01-10,0.0992,1
ORD-2024-000733,CUST-00390,2024-01-11,0.2504,1
ORD-2024-000734,CUST-00229,2024-01-25,0.1135,1
ORD-2024-000735,CUST-00630,2024-01-17,0.1409,2
ORD-2024-000736,CUST-02128,2024-01-21,0.0901,3
ORD-2024-000737,CUST-00394,2024-01-24,0.3243,1
ORD-2024-000738,CUST-04326,2024-01-23,0.0453,1
ORD-2024-000739,CUST-05576,2024-01-06,0.1498,1
ORD-2024-000740,CUST-03238,2024-01-25,0.0532,1
ORD-2024-000741,CUST-04419,2024-01-26,0.045,1
ORD-2024-000742,CUST-05079,2024-01-31,0.033,2
ORD-2024-000743,CUST-01999,2024-01-24,0.1948,1
ORD-2024-000744,CUST-02955,2024-01-25,0.0888,3
ORD-2024-000745,CUST-04546,2024-01-04,0.0557,4
ORD-2024-000746,CUST-05168,2024-01-28,0.0733,2
ORD-2024-000747,CUST-01487,2024-01-15,0.0069,1
ORD-2024-000748,CUST-02489,2024-01-24,0.0473,1
ORD-2024-000749,CUST-00946,2024-01-25,0.1341,2
ORD-2024-000750,CUST-00465,2024-01-18,0.0975,2
ORD-2024-000751,CUST-01103,2024-01-18,0.0143,2
ORD-2024-000752,CUST-04114,2024-01-09,0.2033,1
ORD-2024-000753,CUST-00876,2024-01-29,0.0773,1
ORD-2024-000754,CUST-02067,2024-01-05,0.0668,1
ORD-2024-000755,CUST-03731,2024-01-29,0.095,1
ORD-2024-000756,CUST-06016,2024-01-20,0.1368,1
ORD-2024-000757,CUST-03114,2024-01-31,0.1405,1
ORD-2024-000758,CUST-03094,2024-01-28,0.131,3
ORD-2024-000759,CUST-01923,2024-01-28,0.0253,3
ORD-2024-000760,CUST-02479,2024-01-12,0.1163,3
ORD-2024-000761,CUST-04326,2024-01-14,0.0581,1
ORD-2024-000762,CUST-04693,2024-01-11,0.087,1
ORD-2024-000763,CUST-02212,2024-01-20,0.0917,4
ORD-2024-000764,CUST-03681,2024-01-01,0.0486,3
ORD-2024-000765,CUST-03243,2024-01-03,0.2846,1
ORD-2024-000766,CUST-01986,2024-01-05,0.2003,1
ORD-2024-000767,CUST-03991,2024-01-13,0.0584,1
ORD-2024-000768,CUST-00010,2024-01-31,0.0328,2
ORD-2024-000769,CUST-01589,2024-01-24,0.0935,4
ORD-2024-000770,CUST-02804,2024-01-15,0.3696,3
ORD-2024-000771,CUST-03738,2024-01-11,0.0475,2
ORD-2024-000772,CUST-00394,2024-01-29,0.2377,1
ORD-2024-000773,CUST-02834,2024-01-28,0.0409,5
ORD-2024-000774,CUST-02149,2024-01-25,0.0121,1
ORD-2024-000775,CUST-03238,2024-01-05,0.0253,1
ORD-2024-000776,CUST-05149,2024-01-10,0.1326,1
ORD-2024-000777,CUST-03087,2024-01-05,0.173,1
ORD-2024-000778,CUST-02924,2024-01-29,0.0244,1
ORD-2024-000779,CUST-02636,2024-01-25,0.0393,1
ORD-2024-000780,CUST-05557,2024-01-04,0.1296,1
ORD-2024-000781,CUST-02452,2024-01-10,0.2556,2
ORD-2024-000782,CUST-03982,2024-01-02,0.0036,1
ORD-2024-000783,CUST-04929,2024-01-07,0.13,2
ORD-2024-000784,CUST-02493,2024-01-18,0.2443,1
ORD-2024-000785,CUST-04521,2024-01-07,0.0118,1
ORD-2024-000786,CUST-04036,2024-01-11,0.3226,2
ORD-2024-000787,CUST-05116,2024-01-30,0.0339,2
ORD-2024-000788,CUST-04374,2024-01-11,0.0919,5
ORD-2024-000789,CUST-00759,2024-01-11,0.1241,1
ORD-2024-000790,CUST-02437,2024-01-16,0.03,2
ORD-2024-000791,CUST-00049,2024-01-22,0.1013,2
ORD-2024-000792,CUST-02822,2024-01-14,0.0959,4
ORD-2024-000793,CUST-00516,2024-01-04,0.1771,1
ORD-2024-000794,CUST-03851,2024-01-05,0.0425,1
ORD-2024-000795,CUST-03308,2024-01-15,0.0747,1
ORD-2024-000796,CUST-03718,2024-01-14,0.0231,1
ORD-2024-000797,CUST-00218,2024-01-23,0.0709,3
ORD-2024-000798,CUST-02341,2024-01-05,0.0921,1
ORD-2024-000799,CUST-05053,2024-01-25,0.0449,3
ORD-2024-000800,CUST-01228,2024-01-02,0.3069,2
ORD-2024-000801,CUST-00363,2024-01-27,0.0947,1
ORD-2024-000802,CUST-00795,2024-01-09,0.2107,1
ORD-2024-000803,CUST-03970,2024-01-11,0.0571,3
ORD-2024-000804,CUST-05904,2024-01-28,0.047,3
ORD-2024-000805,CUST-02589,2024-01-23,0.0105,1
ORD-2024-000806,CUST-04264,2024-01-30,0.0396,1
ORD-2024-000807,CUST-05581,2024-01-27,0.0498,2
ORD-2024-000808,CUST-05619,2024-01-14,0.2173,1
ORD-2024-000809,CUST-02621,2024-01-25,0.0802,1
ORD-2024-000810,CUST-05522,2024-01-16,0.0178,2
ORD-2024-000811,CUST-00751,2024-01-17,0.0707,3
ORD-2024-000812,CUST-01146,2024-01-18,0.2104,3
ORD-2024-000813,CUST-00833,2024-01-03,0.0745,2
ORD-2024-000814,CUST-01757,2024-01-25,0.0234,2
ORD-2024-000815,CUST-03641,2024-01-28,0.0255,2
ORD-2024-000816,CUST-00054,2024-01-22,0.1591,1
ORD-2024-000817,CUST-04231,2024-01-07,0.0685,1
ORD-2024-000818,CUST-03475,2024-01-17,0.1441,1
ORD-2024-000819,CUST-04701,2024-01-11,0.1333,1
ORD-2024-000820,CUST-00785,2024-01-01,0.0476,1
ORD-2024-000821,CUST-04790,2024-01-27,0.4034,1
ORD-2024-000822,CUST-00027,2024-01-24,0.0269,5
ORD-2024-000823,CUST-04686,2024-01-03,0.0367,1
ORD-2024-000824,CUST-04439,2024-01-23,0.0227,1
ORD-2024-000825,CUST-03098,2024-01-06,0.0414,3
ORD-2024-000826,CUST-03114,2024-01-27,0.0706,1
ORD-2024-000827,CUST-02499,2024-01-18,0.0976,3
ORD-2024-000828,CUST-00363,2024-01-10,0.1464,2
ORD-2024-000829,CUST-01436,2024-01-02,0.1129,2
ORD-2024-000830,CUST-03997,2024-01-11,0.0131,1
ORD-2024-000831,CUST-01037,2024-01-20,0.0712,1
ORD-2024-000832,CUST-02149,2024-01-23,0.0255,1
ORD-2024-000833,CUST-02416,2024-01-21,0.0531,2
ORD-2024-000834,CUST-04270,2024-01-04,0.153,2
ORD-2024-000835,CUST-02420,2024-01-25,0.0678,1
ORD-2024-000836,CUST-03067,2024-01-15,0.1548,1
ORD-2024-000837,CUST-04368,2024-01-17,0.0594,1
ORD-2024-000838,CUST-00600,2024-01-18,0.0673,2
ORD-2024-000839,CUST-02474,2024-01-19,0.0234,1
ORD-2024-000840,CUST-00291,2024-01-14,0.0504,1
ORD-2024-000841,CUST-00382,2024-01-23,0.1016,1
ORD-2024-000842,CUST-00841,2024-01-22,0.1022,3
ORD-2024-000843,CUST-02810,2024-01-14,0.0273,1
ORD-2024-000844,CUST-01571,2024-01-21,0.0439,1
ORD-2024-000845,CUST-04758,2024-01-27,0.1035,1
ORD-2024-000846,CUST-00590,2024-01-15,0.0764,2
ORD-2024-000847,CUST-04701,2024-01-31,0.0565,2
ORD-2024-000848,CUST-00143,2024-01-23,0.1105,1
ORD-2024-000849,CUST-04825,2024-01-22,0.178,1
ORD-2024-000850,CUST-05141,2024-01-31,0.0733,1
ORD-2024-000851,CUST-01107,2024-01-23,0.1037,1
ORD-2024-000852,CUST-00651,2024-01-15,0.2701,3
ORD-2024-000853,CUST-02764,2024-01-03,0.0132,1
ORD-2024-000854,CUST-03522,2024-01-26,0.0805,1
ORD-2024-000855,CUST-04986,2024-01-06,0.1136,2
ORD-2024-000856,CUST-04927,2024-01-06,0.0703,3
ORD-2024-000857,CUST-00558,2024-01-27,0.182,3
ORD-2024-000858,CUST-05506,2024-01-26,0.1487,3
ORD-2024-000859,CUST-03342,2024-01-21,0.1489,1
ORD-2024-000860,CUST-03080,2024-01-02,0.2713,2
ORD-2024-000861,CUST-01308,2024-01-26,0.0574,1
ORD-2024-000862,CUST-02425,2024-01-13,0.1166,3
ORD-2024-000863,CUST-00410,2024-01-15,0.0469,1
ORD-2024-000864,CUST-00983,2024-01-03,0.1803,1
ORD-2024-000865,CUST-01257,2024-01-01,0.0231,2
ORD-2024-000866,CUST-05369,2024-01-25,0.0495,1
ORD-2024-000867,CUST-02455,2024-01-17,0.0734,2
ORD-2024-000868,CUST-01910,2024-01-13,0.0866,1
ORD-2024-000869,CUST-02121,2024-01-02,0.0292,2
ORD-2024-000870,CUST-03238,2024-01-06,0.011,1
ORD-2024-000871,CUST-04151,2024-01-21,0.1495,2
ORD-2024-000872,CUST-04609,2024-01-23,0.1368,1
ORD-2024-000873,CUST-03836,2024-01-11,0.2474,1
ORD-2024-000874,CUST-05281,2024-01-14,0.2777,3
ORD-2024-000875,CUST-05093,2024-01-04,0.1111,1
ORD-2024-000876,CUST-00930,2024-01-25,0.0085,1
ORD-2024-000877,CUST-00571,2024-01-15,0.0519,1
ORD-2024-000878,CUST-02866,2024-01-18,0.2535,2
ORD-2024-000879,CUST-02374,2024-01-12,0.0258,1
ORD-2024-000880,CUST-02212,2024-01-31,0.0083,1
ORD-2024-000881,CUST-05599,2024-01-10,0.1062,1
ORD-2024-000882,CUST-04594,2024-01-19,0.0038,1
ORD-2024-000883,CUST-03172,2024-01-25,0.0217,1
ORD-2024-000884,CUST-05110,2024-01-18,0.0749,2
ORD-2024-000885,CUST-05380,2024-01-02,0.1204,1
ORD-2024-000886,CUST-04262,2024-01-03,0.2245,1
ORD-2024-000887,CUST-01934,2024-01-23,0.0373,1
ORD-2024-000888,CUST-05035,2024-01-16,0.1999,1
ORD-2024-000889,CUST-01337,2024-01-22,0.0207,1
ORD-2024-000890,CUST-04047,2024-01-09,0.2278,1
ORD-2024-000891,CUST-00983,2024-01-24,0.1149,1
ORD-2024-000892,CUST-00593,2024-01-28,0.0835,1
ORD-2024-000893,CUST-02653,2024-01-19,0.012,1
ORD-2024-000894,CUST-00785,2024-01-24,0.1805,1
ORD-2024-000895,CUST-01765,2024-01-24,0.0786,2
ORD-2024-000896,CUST-04639,2024-01-10,0.0839,3
ORD-2024-000897,CUST-01085,2024-01-15,0.0498,1
ORD-2024-000898,CUST-03949,2024-01-03,0.157,3
ORD-2024-000899,CUST-04728,2024-01-06,0.1099,1
ORD-2024-000900,CUST-02681,2024-01-28,0.1074,1
ORD-2024-000901,CUST-00950,2024-01-03,0.0697,3
ORD-2024-000902,CUST-01380,2024-01-14,0.0872,1
ORD-2024-000903,CUST-00493,2024-01-17,0.0391,1
ORD-2024-000904,CUST-01930,2024-01-15,0.0708,1
ORD-2024-000905,CUST-00229,2024-01-03,0.0504,3
ORD-2024-000906,CUST-03880,2024-01-25,0.0802,2
ORD-2024-000907,CUST-02623,2024-01-22,0.1294,1
ORD-2024-000908,CUST-04186,2024-01-27,0.0621,1
ORD-2024-000909,CUST-03401,2024-01-06,0.0816,2
ORD-2024-000910,CUST-02181,2024-01-05,0.137,3
ORD-2024-000911,CUST-02459,2024-01-31,0.1853,1
ORD-2024-000912,CUST-04857,2024-01-19,0.2387,2
ORD-2024-000913,CUST-03334,2024-01-21,0.0376,1
ORD-2024-000914,CUST-05777,2024-01-03,0.0353,1
ORD-2024-000915,CUST-00096,2024-01-24,0.1252,1
ORD-2024-000916,CUST-04985,2024-01-22,0.1052,1
ORD-2024-000917,CUST-01860,2024-01-17,0.0407,2
ORD-2024-000918,CUST-02549,2024-01-02,0.2119,2
ORD-2024-000919,CUST-02576,2024-01-04,0.2589,1
ORD-2024-000920,CUST-00950,2024-01-16,0.0579,2
ORD-2024-000921,CUST-02212,2024-01-04,0.0923,1
ORD-2024-000922,CUST-03520,2024-01-02,0.2284,2
ORD-2024-000923,CUST-02459,2024-01-22,0.0076,1
ORD-2024-000924,CUST-03816,2024-01-04,0.0943,2
ORD-2024-000925,CUST-04741,2024-01-10,0.006,1
ORD-2024-000926,CUST-00950,2024-01-27,0.1021,5
ORD-2024-000927,CUST-00447,2024-01-26,0.2654,1
ORD-2024-000928,CUST-03727,2024-01-21,0.1026,1
ORD-2024-000929,CUST-00559,2024-01-17,0.0957,1
ORD-2024-000930,CUST-05605,2024-01-10,0.2838,2
ORD-2024-000931,CUST-03435,2024-01-10,0.0413,2
ORD-2024-000932,CUST-00181,2024-01-14,0.1141,1
ORD-2024-000933,CUST-02164,2024-01-24,0.0315,1
ORD-2024-000934,CUST-03134,2024-01-20,0.1601,1
ORD-2024-000935,CUST-00975,2024-01-08,0.0831,1
ORD-2024-000936,CUST-03134,2024-01-18,0.2779,1
ORD-2024-000937,CUST-00600,2024-01-28,0.0524,1
ORD-2024-000938,CUST-03326,2024-01-14,0.0618,3
ORD-2024-000939,CUST-00872,2024-01-13,0.1396,2
ORD-2024-000940,CUST-04128,2027-01-01,0.1008,4
ORD-2024-000941,CUST-05987,2024-01-31,0.0782,2
ORD-2024-000942,CUST-03282,2024-01-24,0.1397,1
ORD-2024-000943,CUST-02110,2024-01-28,0.0785,1
ORD-2024-000944,CUST-00502,2024-01-12,0.0422,1
ORD-2024-000945,CUST-02527,2024-01-06,0.0486,2
ORD-2024-000946,CUST-00462,2024-01-14,0.0576,1
ORD-2024-000947,CUST-04276,2024-01-17,0.1184,3
ORD-2024-000948,CUST-01257,2024-01-09,0.0312,1
ORD-2024-000949,CUST-04052,2024-01-10,0.0695,1
ORD-2024-000950,CUST-04612,2024-01-23,0.0582,2
ORD-2024-000951,CUST-04886,2024-01-24,0.0248,1
ORD-2024-000952,CUST-00820,2024-01-19,0.3029,1
ORD-2024-000953,CUST-02525,2024-01-04,0.0629,1
ORD-2024-000954,CUST-00460,2024-01-25,0.2615,3
ORD-2024-000955,CUST-04179,2024-01-27,0.2343,1
ORD-2024-000956,CUST-03774,2024-01-21,0.0693,1
ORD-2024-000957,CUST-02870,2024-01-03,0.0444,1
ORD-2024-000958,CUST-00564,2024-01-12,0.1558,1
ORD-2024-000959,CUST-03326,2024-01-06,0.0299,1
ORD-2024-000960,CUST-02007,2024-01-15,0.2302,2
ORD-2024-000961,CUST-00038,2024-01-19,0.1296,1
ORD-2024-000962,CUST-02412,2024-01-30,0.0238,1
ORD-2024-000963,CUST-02766,2024-01-25,0.1331,3
ORD-2024-000964,CUST-03715,2024-01-17,0.2746,1
ORD-2024-000965,CUST-03832,2024-01-17,0.0992,1
ORD-2024-000966,CUST-04170,2024-01-31,0.2804,1
ORD-2024-000967,CUST-02244,2024-01-31,0.0461,3
ORD-2024-000968,CUST-03832,2024-01-16,0.3187,1
ORD-2024-000969,CUST-04760,2024-01-07,0.0517,2
ORD-2024-000970,CUST-04408,2024-01-04,0.1539,3
ORD-2024-000971,CUST-03198,2024-01-05,0.088,1
ORD-2024-000972,CUST-00382,2024-01-13,0.0601,1
ORD-2024-000973,CUST-02191,2024-01-18,0.1564,2
ORD-2024-000974,CUST-00817,2024-01-11,0.3482,1
ORD-2024-000975,CUST-02003,2024-01-04,0.0223,1
ORD-2024-000976,CUST-01127,2024-01-13,0.2279,1
ORD-2024-000977,CUST-01274,2024-01-29,0.0338,1
ORD-2024-000978,CUST-01647,2024-01-07,0.5317,1
ORD-2024-000979,CUST-04014,2024-01-30,0.0135,1
ORD-2024-000980,CUST-00301,2024-01-29,0.1571,3
ORD-2024-000981,CUST-02059,2024-01-01,0.0429,1
ORD-2024-000982,CUST-00393,2024-01-23,0.1239,1
ORD-2024-000983,,2024-01-14,0.0649,1
ORD-2024-000984,CUST-00035,2024-01-26,0.1686,1
ORD-2024-000985,CUST-05012,2024-01-08,0.1109,3
ORD-2024-000986,CUST-02249,2024-01-07,0.0937,1
ORD-2024-000987,CUST-00571,2024-01-08,0.0741,1
ORD-2024-000988,CUST-04761,2024-01-12,0.0399,2
ORD-2024-000989,CUST-02180,2024-01-14,0.1148,1
ORD-2024-000990,CUST-05035,2024-01-06,0.2189,1
ORD-2024-000991,CUST-02844,2024-01-23,0.0114,1
ORD-2024-000992,CUST-04841,2024-01-08,0.2561,1
ORD-2024-000993,CUST-04207,2024-01-16,0.3016,1
ORD-2024-000994,CUST-01997,2024-01-25,0.0867,1
ORD-2024-000995,CUST-05084,2024-01-06,0.1595,1
ORD-2024-000996,CUST-01752,2024-01-03,0.0714,2
ORD-2024-000997,CUST-04492,2024-01-29,0.0526,1
ORD-2024-000998,CUST-03633,2024-01-14,0.0797,3
ORD-2024-000999,CUST-02471,2024-01-03,0.0901,2
ORD-2024-001000,CUST-00820,2024-01-07,0.1566,1
ORD-2024-001001,CUST-04860,2024-01-30,0.1103,3
ORD-2024-001002,CUST-04109,2024-01-16,0.0209,3
ORD-2024-001003,CUST-00930,2024-01-09,0.011,2
ORD-2024-001004,CUST-00886,2024-01-10,0.088,2
ORD-2024-001005,CUST-01104,2024-01-15,0.2902,1
ORD-2024-001006,CUST-00394,2024-01-11,0.1953,1
ORD-2024-001007,CUST-01863,2024-01-01,0.1332,2
ORD-2024-001008,CUST-04787,2024-01-23,0.0529,1
ORD-2024-001009,CUST-01863,2024-01-18,0.1879,1
ORD-2024-001010,CUST-03236,2024-01-30,0.1836,1
ORD-2024-001011,CUST-02425,2024-01-09,0.0409,1
ORD-2024-001012,CUST-01985,2024-01-25,0.1299,1
ORD-2024-001013,CUST-04250,2024-01-28,0.1823,1
ORD-2024-001014,CUST-01398,2024-01-05,0.0162,2
ORD-2024-001015,CUST-01611,2024-01-23,0.1077,1
ORD-2024-001016,CUST-04159,2027-01-01,0.1496,3
ORD-2024-001017,CUST-00394,2024-01-30,0.1909,2
ORD-2024-001018,CUST-02274,2024-01-26,0.0972,1
ORD-2024-001019,CUST-04773,2024-01-19,0.0974,2
ORD-2024-001020,CUST-05635,2024-01-10,0.0277,1
ORD-2024-001021,CUST-02989,2024-01-05,0.0082,1
ORD-2024-001022,CUST-00376,2024-01-29,0.0438,1
ORD-2024-001023,CUST-01148,2024-01-16,0.1099,1
ORD-2024-001024,CUST-05516,2024-01-14,0.0435,2
ORD-2024-001025,CUST-02435,2024-01-08,0.1262,2
ORD-2024-001026,CUST-04051,2024-01-23,0.0841,3
ORD-2024-001027,CUST-01934,2024-01-01,0.0435,3
ORD-2024-001028,CUST-04749,2024-01-31,0.0759,1
ORD-2024-001029,CUST-02517,2024-01-24,0.1754,2
ORD-2024-001030,CUST-00508,2024-01-20,0.0515,1
ORD-2024-001031,CUST-01045,2024-01-06,0.0366,3
ORD-2024-001032,CUST-03244,2024-01-10,0.2767,1
ORD-2024-001033,CUST-02085,2024-01-25,0.0571,4
ORD-2024-001034,CUST-03380,2024-01-03,0.1003,1
ORD-2024-001035,CUST-04776,2024-01-24,0.2147,3
ORD-2024-001036,CUST-01680,2024-01-07,0.1007,5
ORD-2024-001037,CUST-04680,2024-01-10,0.1796,1
ORD-2024-001038,CUST-02430,2024-01-24,0.2119,2
ORD-2024-001039,CUST-00876,2024-01-13,0.1085,1
ORD-2024-001040,CUST-02471,2024-01-27,0.0493,1
ORD-2024-001041,CUST-04103,2024-01-08,0.1697,1
ORD-2024-001042,CUST-01737,2024-01-13,0.0708,2
ORD-2024-001043,CUST-01847,2024-01-30,0.0823,1
ORD-2024-001044,CUST-03243,2024-01-29,0.2531,3
ORD-2024-001045,CUST-03668,2024-01-24,0.161,3
ORD-2024-001046,CUST-02709,2024-01-04,0.1313,1
ORD-2024-001047,CUST-01385,2024-01-03,0.0927,1
ORD-2024-001048,CUST-02782,2024-01-02,0.0535,1
ORD-2024-001049,CUST-03131,2024-01-17,0.1605,1
ORD-2024-001050,CUST-00077,2024-01-29,0.011,1
ORD-2024-001051,CUST-03082,2024-01-01,0.208,1
ORD-2024-001052,CUST-03874,2024-01-09,0.0193,2
ORD-2024-001053,CUST-05183,2024-01-21,0.2496,1
ORD-2024-001054,CUST-04722,2024-01-11,0.0329,1
ORD-2024-001055,CUST-00571,2024-01-23,0.0301,2
ORD-2024-001056,CUST-00014,2024-01-30,0.0551,1
ORD-2024-001057,CUST-02917,2024-01-26,0.2588,2
ORD-2024-001058,CUST-02786,2024-01-21,0.0301,1
ORD-2024-001059,CUST-04916,2024-01-16,0.0858,3
ORD-2024-001060,CUST-04326,2024-01-10,0.0963,1
ORD-2024-001061,CUST-04345,2024-01-13,0.0323,1
ORD-2024-001062,CUST-00543,2024-01-15,0.0988,1
ORD-2024-001063,CUST-02044,2024-01-31,0.1522,1
ORD-2024-001064,CUST-03067,2024-01-13,0.0804,1
ORD-2024-001065,CUST-01323,2024-01-23,0.2725,1
ORD-2024-001066,CUST-02576,2024-01-01,0.0503,2
ORD-2024-001067,CUST-04804,,0.0336,2
ORD-2024-001068,CUST-00422,2024-01-12,0.0289,2
ORD-2024-001069,CUST-03965,2024-01-22,0.0533,3
ORD-2024-001070,CUST-02709,2024-01-28,0.1759,1
ORD-2024-001071,CUST-03624,2024-01-17,0.4179,1
ORD-2024-001072,CUST-04492,2024-01-07,0.1028,4
ORD-2024-001073,CUST-00291,2024-01-07,0.1214,1
ORD-2024-001074,CUST-05676,2024-01-05,0.0629,1
ORD-2024-001075,CUST-03372,2024-01-27,0.0802,2
ORD-2024-001076,CUST-05055,2024-01-29,0.0713,2
ORD-2024-001077,CUST-03401,2024-01-11,0.0418,1
ORD-2024-001078,CUST-03846,2024-01-31,0.0726,1
ORD-2024-001079,CUST-02128,2024-01-08,0.0758,1
ORD-2024-001080,CUST-00721,2024-01-23,0.0499,1
ORD-2024-001081,CUST-01629,2024-01-02,0.2366,1
ORD-2024-001082,CUST-01765,2024-01-08,0.1342,2
ORD-2024-001083,CUST-05369,2024-01-04,0.0629,2
ORD-2024-001084,CUST-02296,2024-01-01,0.0877,1
ORD-2024-001085,CUST-05000,2024-01-09,0.0392,1
ORD-2024-001086,CUST-01450,2024-01-18,0.1142,1
ORD-2024-001087,CUST-00127,2024-01-16,0.0736,1
ORD-2024-001088,CUST-03587,2024-01-29,0.3023,2
ORD-2024-001089,CUST-00029,2024-01-12,0.0357,2
ORD-2024-001090,CUST-04103,2024-01-04,0.031,1
ORD-2024-001091,CUST-02937,2024-01-17,0.0646,2
ORD-2024-001092,CUST-03225,2024-01-20,0.0924,1
ORD-2024-001093,CUST-00880,2024-01-25,0.1176,1
ORD-2024-001094,CUST-02732,2024-01-25,0.072,2
ORD-2024-001095,CUST-01775,2024-01-25,0.0559,3
ORD-2024-001096,CUST-00458,2024-01-17,0.1,2
ORD-2024-001097,CUST-03775,2024-01-18,0.1259,1
ORD-2024-001098,CUST-04725,2024-01-14,0.0443,1
ORD-2024-001099,CUST-04521,2024-01-30,0.0267,2
ORD-2024-001100,CUST-02044,2024-01-26,0.0491,2
ORD-2024-001101,CUST-04560,2024-01-08,0.148,1
ORD-2024-001102,CUST-00554,2024-01-03,0.0228,1
ORD-2024-001103,CUST-02182,2024-01-20,0.55,1
ORD-2024-001104,CUST-04662,2024-01-29,0.0395,1
ORD-2024-001105,CUST-02591,2024-01-26,0.0322,1
ORD-2024-001106,CUST-04822,2024-01-12,0.2349,2
ORD-2024-001107,CUST-00039,2024-01-15,0.0645,2
ORD-2024-001108,CUST-01413,2024-01-26,0.1423,1
ORD-2024-001109,CUST-05184,2024-01-03,0.0965,2
ORD-2024-001110,CUST-03218,2024-01-20,0.1106,1
ORD-2024-001111,CUST-00927,2024-01-09,0.3459,1
ORD-2024-001112,CUST-04886,2024-01-04,0.0158,2
ORD-2024-001113,CUST-02621,2024-01-02,0.1548,4
ORD-2024-001114,CUST-03807,2024-01-04,0.055,1
ORD-2024-001115,CUST-00529,2024-01-13,0.1541,1
ORD-2024-001116,,2024-01-04,0.0407,3
ORD-2024-001117,CUST-04408,2024-01-19,0.0897,1
ORD-2024-001118,CUST-01130,2024-01-30,0.0673,1
ORD-2024-001119,CUST-03609,2024-01-18,0.04,1
ORD-2024-001120,CUST-01757,2024-01-08,0.0562,3
ORD-2024-001121,CUST-03439,2024-01-06,0.2412,2
ORD-2024-001122,CUST-05957,2024-01-11,0.0488,3
ORD-2024-001123,CUST-03187,2024-01-15,0.2335,1
ORD-2024-001124,CUST-03236,2024-01-22,0.072,1
ORD-2024-001125,CUST-01539,2024-01-11,0.1092,3
ORD-2024-001126,CUST-03563,2024-01-11,0.1092,2
ORD-2024-001127,CUST-03327,2024-01-16,0.0371,1
ORD-2024-001128,CUST-04005,2024-01-03,0.0483,3
ORD-2024-001129,CUST-05796,2024-01-20,0.0297,2
ORD-2024-001130,CUST-01571,2024-01-31,0.0903,2
ORD-2024-001131,CUST-02959,2024-01-09,0.3131,1
ORD-2024-001132,CUST-00410,2024-01-31,0.0238,1
ORD-2024-001133,CUST-05558,2024-01-17,0.086,3
ORD-2024-001134,CUST-05995,2024-01-01,0.0497,1
ORD-2024-001135,CUST-04128,2024-01-16,0.0405,1
ORD-2024-001136,CUST-04291,2024-01-26,0.2557,4
ORD-2024-001137,CUST-00127,2024-01-28,0.1608,2
ORD-2024-001138,CUST-06011,2024-01-08,0.2365,3
ORD-2024-001139,CUST-03490,2024-01-10,0.3226,1
ORD-2024-001140,CUST-04615,2024-01-16,0.1088,1
ORD-2024-001141,CUST-04319,2024-01-26,0.1177,3
ORD-2024-001142,CUST-00465,2024-01-30,0.1416,1
ORD-2024-001143,CUST-00458,2024-01-15,0.1452,2
ORD-2024-001144,CUST-02010,2024-01-07,0.0306,3
ORD-2024-001145,CUST-03805,2024-01-24,0.1473,2
ORD-2024-001146,CUST-01570,2024-01-12,0.0367,1
ORD-2024-001147,CUST-02391,2024-01-12,0.028,1
ORD-2024-001148,CUST-00923,2024-01-02,0.1032,2
ORD-2024-001149,CUST-04176,2024-01-18,0.0372,3
ORD-2024-001150,CUST-00737,2024-01-01,0.2008,1
ORD-2024-001151,CUST-01630,2024-01-05,0.1493,1
ORD-2024-001152,CUST-03395,2024-01-12,0.1271,1
ORD-2024-001153,CUST-02617,2024-01-03,0.0237,1
ORD-2024-001154,CUST-02765,2024-01-02,0.1251,3
ORD-2024-001155,CUST-03392,2024-01-28,0.0579,2
ORD-2024-001156,CUST-01422,2024-01-08,0.2057,1
ORD-2024-001157,CUST-05426,2024-01-27,0.2802,1
ORD-2024-001158,CUST-00511,2024-01-07,0.1788,3
ORD-2024-001159,CUST-04045,2024-01-19,0.1887,1
ORD-2024-001160,CUST-00277,2024-01-21,0.0735,1
ORD-2024-001161,CUST-03832,2024-01-16,0.0464,1
ORD-2024-001162,CUST-02476,2024-01-21,0.1496,1
ORD-2024-001163,CUST-02621,2024-01-26,0.0313,2
ORD-2024-001164,CUST-02859,2024-01-07,0.4939,1
ORD-2024-001165,CUST-01941,2024-01-09,0.2188,2
ORD-2024-001166,CUST-02411,2024-01-05,0.0736,2
ORD-2024-001167,CUST-01458,2024-01-27,0.051,1
ORD-2024-001168,CUST-03822,2024-01-14,0.0573,1
ORD-2024-001169,CUST-04027,2024-01-07,0.081,3
ORD-2024-001170,CUST-02551,2024-01-06,0.0371,1
ORD-2024-001171,CUST-02736,2024-01-19,0.0337,1
ORD-2024-001172,CUST-05035,2024-01-13,0.0421,3
ORD-2024-001173,CUST-00025,2024-01-13,0.0275,1
ORD-2024-001174,CUST-02585,2024-01-28,0.0778,1
ORD-2024-001175,CUST-00202,2024-01-23,0.0684,3
ORD-2024-001176,CUST-02358,2024-01-16,0.0919,1
ORD-2024-001177,CUST-00466,2024-01-27,0.2256,1
ORD-2024-001178,CUST-00301,2024-01-01,0.1159,1
ORD-2024-001179,CUST-02337,2024-01-10,0.0811,2
ORD-2024-001180,CUST-01191,2024-01-02,0.0933,1
ORD-2024-001181,CUST-03525,2024-01-30,0.042,1
ORD-2024-001182,CUST-04462,2024-01-27,0.094,2
ORD-2024-001183,CUST-04920,2024-01-28,0.2093,1
ORD-2024-001184,CUST-03309,2024-01-27,0.1529,3
ORD-2024-001185,CUST-04482,2024-01-22,0.1155,3
ORD-2024-001186,CUST-02310,2024-01-28,0.1216,1
ORD-2024-001187,CUST-02020,2024-01-03,0.0188,3
ORD-2024-001188,CUST-00630,2024-01-10,0.0729,4
ORD-2024-001189,CUST-03861,2024-01-11,0.1029,1
ORD-2024-001190,CUST-00980,2024-01-15,0.0746,1
ORD-2024-001191,CUST-03394,2024-01-24,0.1234,1
ORD-2024-001192,CUST-04787,2024-01-07,0.0564,1
ORD-2024-001193,CUST-01549,2024-01-10,0.0963,1
ORD-2024-001194,CUST-05176,2024-01-12,0.0967,1
ORD-2024-001195,CUST-02136,2024-01-23,0.0389,1
ORD-2024-001196,CUST-03250,2024-01-13,0.0541,1
ORD-2024-001197,CUST-03168,2024-01-22,0.0281,1
ORD-2024-001198,CUST-00223,2024-01-26,0.0232,2
ORD-2024-001199,CUST-00049,2024-01-27,0.0647,1
ORD-2024-001200,CUST-04129,2024-01-31,0.0552,1
ORD-2024-001201,CUST-03213,2024-01-18,0.0935,1
ORD-2024-001202,CUST-00467,2024-01-08,0.0681,2
ORD-2024-001203,CUST-05989,2024-01-14,0.2774,1
ORD-2024-001204,CUST-05400,2024-01-08,0.056,1
ORD-2024-001205,CUST-04097,2024-01-07,0.1213,1
ORD-2024-001206,CUST-05358,2024-01-02,0.162,1
ORD-2024-001207,CUST-02797,2024-01-10,0.0284,1
ORD-2024-001208,CUST-00996,2024-01-17,0.0335,1
ORD-2024-001209,CUST-00397,2024-01-27,0.0916,1
ORD-2024-001210,CUST-01687,2024-01-16,0.1306,3
ORD-2024-001211,CUST-00021,2024-01-24,0.2092,1
ORD-2024-001212,CUST-01514,2024-01-04,0.0362,4
ORD-2024-001213,CUST-04128,2024-01-21,0.0557,2
ORD-2024-001214,CUST-02355,2024-01-07,0.0627,3
ORD-2024-001215,CUST-04896,2024-01-21,0.0894,1
ORD-2024-001216,CUST-04534,2024-01-16,0.0142,3
ORD-2024-001217,CUST-00334,2024-01-08,0.0139,2
ORD-2024-001218,CUST-02496,2024-01-19,0.303,1
ORD-2024-001219,CUST-02909,2024-01-31,0.1782,1
ORD-2024-001220,CUST-01085,2024-01-11,0.0536,1
ORD-2024-001221,CUST-00818,2024-01-03,0.0731,2
ORD-2024-001222,CUST-04217,2024-01-30,0.0554,2
ORD-2024-001223,CUST-01438,2024-01-28,0.1441,1
ORD-2024-001224,CUST-03218,2024-01-04,0.1124,2
ORD-2024-001225,CUST-04707,2024-01-01,0.0839,2
ORD-2024-001226,CUST-00669,2024-01-07,0.1388,3
ORD-2024-001227,CUST-04271,2024-01-28,0.0728,1
ORD-2024-001228,CUST-00482,2024-01-21,0.2873,1
ORD-2024-001229,CUST-01833,2024-01-11,0.2093,2
ORD-2024-001230,CUST-04988,2024-01-08,0.226,1
ORD-2024-001231,CUST-03170,2024-01-20,0.0318,1
ORD-2024-001232,CUST-00564,2024-01-13,0.0459,2
ORD-2024-001233,CUST-04915,2024-01-02,0.1842,1
ORD-2024-001234,CUST-00029,2024-01-26,0.0387,1
ORD-2024-001235,CUST-00779,2024-01-25,0.1715,1
ORD-2024-001236,CUST-00532,2024-01-04,0.2493,2
ORD-2024-001237,CUST-03086,2024-01-26,0.2706,1
ORD-2024-001238,CUST-01390,2024-01-23,0.26,1
ORD-2024-001239,CUST-05734,2024-01-23,0.193,2
ORD-2024-001240,CUST-05796,2024-01-07,0.0516,3
ORD-2024-001241,CUST-03683,2024-01-14,0.2723,1
ORD-2024-001242,CUST-03028,2024-01-13,0.1361,1
ORD-2024-001243,CUST-03912,2024-01-24,0.1922,1
ORD-2024-001244,CUST-04657,2024-01-17,0.1932,1
ORD-2024-001245,CUST-04525,2024-01-14,0.0677,1
ORD-2024-001246,CUST-04970,2024-01-12,0.1753,1
ORD-2024-001247,CUST-02644,2024-01-26,0.069,3
ORD-2024-001248,CUST-03828,2024-01-23,0.1214,3
ORD-2024-001249,CUST-00020,2024-01-26,0.0272,3
ORD-2024-001250,CUST-00798,2024-01-20,0.0172,1
ORD-2024-001251,CUST-01733,2024-01-29,0.0894,2
ORD-2024-001252,CUST-02513,2024-01-25,0.0084,1
ORD-2024-001253,CUST-03103,2024-01-06,0.55,1
ORD-2024-001254,CUST-00291,2024-01-26,0.1338,3
ORD-2024-001255,CUST-02909,2024-01-10,0.1096,4
ORD-2024-001256,CUST-05369,2024-01-29,0.0639,2
ORD-2024-001257,CUST-02619,2024-01-07,0.2953,2
ORD-2024-001258,CUST-02765,2024-01-04,0.085,1
ORD-2024-001259,CUST-04422,2024-01-30,0.2076,1
ORD-2024-001260,CUST-00640,2024-01-24,0.214,5
ORD-2024-001261,CUST-00407,2024-01-28,0.0226,1
ORD-2024-001262,CUST-01710,2024-01-04,0.0351,3
ORD-2024-001263,CUST-03520,2024-01-03,0.0701,1
ORD-2024-001264,CUST-00763,2024-01-29,0.0926,2
ORD-2024-001265,CUST-03850,2024-01-26,0.0813,3
ORD-2024-001266,CUST-02639,2024-01-06,0.0134,1
ORD-2024-001267,CUST-04025,2024-01-26,0.0906,1
ORD-2024-001268,CUST-01680,2024-01-24,0.0439,1
ORD-2024-001269,CUST-03975,2024-01-13,0.0244,1
ORD-2024-001270,CUST-05011,2024-01-09,0.0843,1
ORD-2024-001271,CUST-00010,2024-01-24,0.0484,1
ORD-2024-001272,CUST-02933,2024-01-12,0.0173,2
ORD-2024-001273,CUST-00801,2024-01-10,0.1145,1
ORD-2024-001274,CUST-01650,2024-01-19,0.0121,1
ORD-2024-001275,CUST-00428,2024-01-20,0.0861,5
ORD-2024-001276,CUST-04217,2024-01-22,0.0767,1
ORD-2024-001277,CUST-05400,2024-01-02,0.0299,1
ORD-2024-001278,CUST-00180,2024-01-09,0.016,1
ORD-2024-001279,CUST-03607,2024-01-15,0.2288,1
ORD-2024-001280,CUST-04789,2024-01-11,0.0962,1
ORD-2024-001281,CUST-02138,2024-01-24,0.1742,1
ORD-2024-001282,CUST-05065,2024-01-21,0.1757,3
ORD-2024-001283,CUST-03114,2024-01-31,0.0451,4
ORD-2024-001284,CUST-01754,2024-01-22,0.1677,3
ORD-2024-001285,CUST-01478,2024-01-23,0.0663,2
ORD-2024-001286,CUST-03035,2024-01-02,0.07,3
ORD-2024-001287,CUST-02626,2024-01-19,0.0656,1
ORD-2024-001288,CUST-03740,2024-01-07,0.1024,1
ORD-2024-001289,CUST-00174,2024-01-21,0.3063,2
ORD-2024-001290,CUST-02838,2024-01-20,0.0708,3
ORD-2024-001291,CUST-01186,2024-01-15,0.011,1
ORD-2024-001292,,2024-01-14,0.0172,1
ORD-2024-001293,CUST-05400,2024-01-29,0.0677,2
ORD-2024-001294,CUST-04115,2024-01-06,0.5082,1
ORD-2024-001295,CUST-01164,2024-01-18,0.108,1
ORD-2024-001296,CUST-02764,2024-01-10,0.0609,1
ORD-2024-001297,CUST-04541,2024-01-08,0.1465,1
ORD-2024-001298,CUST-00949,2024-01-05,0.0213,2
ORD-2024-001299,CUST-04651,2024-01-06,0.0408,1
ORD-2024-001300,CUST-05177,2024-01-01,0.091,1
ORD-2024-001301,CUST-05346,2024-01-10,0.0856,4
ORD-2024-001302,CUST-01466,2024-01-28,0.3045,1
ORD-2024-001303,CUST-05040,2024-01-02,0.0973,1
ORD-2024-001304,CUST-02557,2024-01-09,0.0789,3
ORD-2024-001305,CUST-03254,2024-01-16,0.2213,1
ORD-2024-001306,CUST-05659,2024-01-11,0.0541,1
ORD-2024-001307,CUST-00616,2024-01-24,0.0082,1
ORD-2024-001308,CUST-04797,2024-01-06,0.1099,1
ORD-2024-001309,CUST-02381,2024-01-20,0.0783,3
ORD-2024-001310,CUST-02689,2024-01-31,0.0618,1
ORD-2024-001311,CUST-01103,2024-01-16,0.0292,1
ORD-2024-001312,CUST-01444,2024-01-15,0.266,1
ORD-2024-001313,CUST-03393,2024-01-26,0.0188,1
ORD-2024-001314,CUST-01016,2024-01-10,0.0433,1
ORD-2024-001315,CUST-05356,2024-01-25,0.0801,3
ORD-2024-001316,CUST-03213,2024-01-09,0.1098,4
ORD-2024-001317,CUST-00273,2024-01-25,0.0587,2
ORD-2024-001318,CUST-04752,2024-01-15,0.2594,2
ORD-2024-001319,CUST-05215,2024-01-03,0.3659,3
ORD-2024-001320,CUST-01112,2024-01-02,0.1772,1
ORD-2024-001321,CUST-00863,2024-01-28,0.0344,4
ORD-2024-001322,CUST-00267,2024-01-18,0.0492,3
ORD-2024-001323,CUST-04689,2024-01-24,0.0969,4
ORD-2024-001324,CUST-03861,2024-01-11,0.1644,1
ORD-2024-001325,CUST-04727,2024-01-29,0.1662,1
ORD-2024-001326,CUST-05079,2024-01-15,0.0722,1
ORD-2024-001327,CUST-02621,2024-01-18,0.0827,4
ORD-2024-001328,CUST-05513,2024-01-10,0.0324,3
ORD-2024-001329,CUST-01079,2024-01-27,0.2222,2
ORD-2024-001330,CUST-05174,2024-01-01,0.0939,1
ORD-2024-001331,CUST-03836,2024-01-09,0.1079,3
ORD-2024-001332,CUST-04103,2024-01-05,0.0836,4
ORD-2024-001333,CUST-00393,2024-01-13,0.2334,1
ORD-2024-001334,CUST-05183,2024-01-23,0.0179,1
ORD-2024-001335,CUST-03372,2024-01-17,0.1353,3
ORD-2024-001336,CUST-02037,2024-01-11,0.0518,1
ORD-2024-001337,CUST-05995,2024-01-04,0.0085,1
ORD-2024-001338,CUST-03395,2024-01-18,0.1741,3
ORD-2024-001339,CUST-05310,2024-01-26,0.0196,1
ORD-2024-001340,CUST-01659,2024-01-14,0.1388,1
ORD-2024-001341,CUST-03981,2024-01-18,0.0754,2
ORD-2024-001342,CUST-04507,2024-01-14,0.1116,2
ORD-2024-001343,CUST-03326,2024-01-03,0.1186,3
ORD-2024-001344,CUST-04014,2024-01-08,0.0416,1
ORD-2024-001345,CUST-05391,2024-01-28,0.1157,1
ORD-2024-001346,CUST-00177,2024-01-18,0.2017,1
ORD-2024-001347,CUST-02595,2024-01-16,0.2364,1
ORD-2024-001348,CUST-04997,2024-01-24,0.0493,1
ORD-2024-001349,CUST-04564,2024-01-15,0.1168,1
ORD-2024-001350,CUST-03925,2024-01-19,0.3756,1
ORD-2024-001351,CUST-04607,2024-01-04,0.0096,1
ORD-2024-001352,CUST-03740,2024-01-07,0.145,1
ORD-2024-001353,CUST-02149,2024-01-19,0.0212,1
ORD-2024-001354,CUST-03128,2024-01-16,0.2278,1
ORD-2024-001355,CUST-05141,2024-01-15,0.0057,2
ORD-2024-001356,CUST-02007,2027-01-01,0.2382,2
ORD-2024-001357,CUST-00053,2024-01-12,0.1187,1
ORD-2024-001358,CUST-00497,2024-01-17,0.1133,2
ORD-2024-001359,CUST-00259,2024-01-13,0.0892,2
ORD-2024-001360,CUST-05129,2024-01-29,0.1071,3
ORD-2024-001361,CUST-04552,2024-01-10,0.1653,1
ORD-2024-001362,CUST-03372,2024-01-18,0.0905,1
ORD-2024-001363,CUST-05759,2024-01-16,0.0795,1
ORD-2024-001364,CUST-01696,2024-01-01,0.0309,2
ORD-2024-001365,CUST-04159,2024-01-27,0.1619,5
ORD-2024-001366,CUST-01401,2024-01-10,0.0143,1
ORD-2024-001367,CUST-02144,2024-01-07,0.1809,3
ORD-2024-001368,CUST-00973,2024-01-16,0.0347,1
ORD-2024-001369,CUST-01360,2024-01-12,0.105,2
ORD-2024-001370,CUST-02365,2024-01-29,0.0765,3
ORD-2024-001371,CUST-01318,2024-01-03,0.1153,1
ORD-2024-001372,CUST-00616,2024-01-28,0.0888,1
ORD-2024-001373,CUST-04593,2024-01-18,0.3167,1
ORD-2024-001374,CUST-01301,2024-01-31,0.0266,1
ORD-2024-001375,CUST-03869,2024-01-28,0.0733,1
ORD-2024-001376,CUST-00700,2024-01-05,0.2319,1
ORD-2024-001377,CUST-01712,2024-01-03,0.2562,3
ORD-2024-001378,CUST-03035,2024-01-13,0.0397,1
ORD-2024-001379,CUST-04846,2024-01-04,0.0615,4
ORD-2024-001380,CUST-05734,2024-01-05,0.0827,1
ORD-2024-001381,CUST-03213,2024-01-03,0.0593,1
ORD-2024-001382,CUST-02623,2024-01-13,0.0881,2
ORD-2024-001383,CUST-03292,2024-01-18,0.0115,1
ORD-2024-001384,CUST-05108,2024-01-01,0.1507,1
ORD-2024-001385,CUST-01560,2024-01-08,0.127,1
ORD-2024-001386,CUST-00995,2024-01-22,0.0492,1
ORD-2024-001387,CUST-01520,2024-01-11,0.1288,1
ORD-2024-001388,CUST-02425,2024-01-12,0.2406,1
ORD-2024-001389,CUST-00737,2024-01-06,0.1327,2
ORD-2024-001390,CUST-02532,2024-01-04,0.1502,3
ORD-2024-001391,CUST-00736,2024-01-07,0.1287,2
ORD-2024-001392,CUST-03484,2024-01-10,0.3204,2
ORD-2024-001393,CUST-00301,2024-01-15,0.1388,1
ORD-2024-001394,CUST-02771,2024-01-31,0.0283,1
ORD-2024-001395,CUST-03881,2024-01-28,0.022,2
ORD-2024-001396,CUST-03677,2024-01-17,0.0441,1
ORD-2024-001397,CUST-02776,2024-01-12,0.0069,1
ORD-2024-001398,CUST-04048,2024-01-08,0.0499,3
ORD-2024-001399,CUST-01278,2024-01-16,0.07,1
ORD-2024-001400,CUST-01846,2024-01-20,0.0888,1
ORD-2024-001401,CUST-00622,2024-01-07,0.0533,1
ORD-2024-001402,CUST-05538,2024-01-25,0.0124,1
ORD-2024-001403,CUST-04962,2024-01-20,0.061,1
ORD-2024-001404,CUST-02288,2024-01-08,0.0726,1
ORD-2024-001405,CUST-04231,2024-01-21,0.0445,2
ORD-2024-001406,CUST-00214,2024-01-18,0.1571,3
ORD-2024-001407,CUST-04919,2024-01-19,0.0261,1
ORD-2024-001408,CUST-01436,2024-01-04,0.0611,1
ORD-2024-001409,CUST-03829,2024-01-08,0.0948,3
ORD-2024-001410,CUST-03975,2024-01-13,0.0587,1
ORD-2024-001411,CUST-03002,2024-01-25,0.0274,2
ORD-2024-001412,CUST-04609,2024-01-14,0.0424,4
ORD-2024-001413,CUST-00935,,0.1069,1
ORD-2024-001414,CUST-01257,2024-01-09,0.0216,2
ORD-2024-001415,CUST-02374,2024-01-25,0.0087,2
ORD-2024-001416,CUST-05638,2024-01-30,0.1109,1
ORD-2024-001417,CUST-03817,2024-01-12,0.2559,1
ORD-2024-001418,CUST-04560,2024-01-19,0.2343,1
ORD-2024-001419,CUST-04107,2024-01-04,0.1761,1
ORD-2024-001420,CUST-05543,2024-01-19,0.0361,2
ORD-2024-001421,CUST-00545,2024-01-06,0.2567,1
ORD-2024-001422,CUST-03489,2024-01-03,0.0734,2
ORD-2024-001423,CUST-04689,2024-01-10,0.131,2
ORD-2024-001424,CUST-02037,2024-01-25,0.0502,2
ORD-2024-001425,CUST-01487,2024-01-31,0.0088,1
ORD-2024-001426,CUST-02902,2024-01-28,0.0857,2
ORD-2024-001427,CUST-00363,2024-01-20,0.1519,1
ORD-2024-001428,CUST-04170,2024-01-25,0.2029,2
ORD-2024-001429,CUST-01103,2024-01-11,0.0179,2
ORD-2024-001430,CUST-02291,2024-01-21,0.3408,3
ORD-2024-001431,CUST-03313,2024-01-10,0.1418,1
ORD-2024-001432,CUST-05176,2024-01-30,0.0523,1
ORD-2024-001433,CUST-02072,2024-01-04,0.1681,1
ORD-2024-001434,CUST-03840,2024-01-23,0.1355,1
ORD-2024-001435,CUST-04706,2024-01-25,0.0084,1
ORD-2024-001436,CUST-05237,2024-01-23,0.0276,1
ORD-2024-001437,CUST-02167,2024-01-27,0.0375,3
ORD-2024-001438,CUST-00127,2024-01-31,0.1427,1
ORD-2024-001439,CUST-05995,2024-01-22,0.0757,3
ORD-2024-001440,CUST-04231,2024-01-30,0.0488,2
ORD-2024-001441,CUST-01308,2024-01-26,0.3499,1
ORD-2024-001442,CUST-05035,2024-01-29,0.1954,3
ORD-2024-001443,CUST-01326,2024-01-09,0.1107,2
ORD-2024-001444,CUST-00039,2024-01-23,0.0495,1
ORD-2024-001445,CUST-01434,2024-01-08,0.118,1
ORD-2024-001446,CUST-02246,2024-01-21,0.0991,2
ORD-2024-001447,CUST-02428,2024-01-29,0.1346,3
ORD-2024-001448,CUST-01283,2024-01-09,0.045,2
ORD-2024-001449,CUST-01659,2024-01-12,0.0372,1
ORD-2024-001450,CUST-02866,2024-01-13,0.0777,1
ORD-2024-001451,CUST-01158,2024-01-03,0.0227,1
ORD-2024-001452,CUST-02110,2024-01-01,0.0113,1
ORD-2024-001453,CUST-03599,2024-01-07,0.0696,3
ORD-2024-001454,CUST-03325,2024-01-11,0.0314,1
ORD-2024-001455,CUST-03711,2024-01-23,0.1907,3
ORD-2024-001456,CUST-05418,2024-01-14,0.0969,3
ORD-2024-001457,CUST-02533,2024-01-15,0.3426,1
ORD-2024-001458,CUST-00033,2024-01-30,0.0097,1
ORD-2024-001459,CUST-04695,2024-01-28,0.0911,1
ORD-2024-001460,CUST-00133,2024-01-10,0.0137,1
ORD-2024-001461,CUST-05643,2024-01-23,0.0538,2
ORD-2024-001462,CUST-04387,2024-01-29,0.0761,1
ORD-2024-001463,CUST-00615,2024-01-29,0.1088,2
ORD-2024-001464,CUST-05538,2024-01-05,0.0927,2
ORD-2024-001465,CUST-04487,2024-01-23,0.0648,3
ORD-2024-001466,CUST-05050,2024-01-27,0.0339,1
ORD-2024-001467,CUST-00818,2024-01-31,0.232,1
ORD-2024-001468,CUST-01464,2024-01-26,0.0811,3
ORD-2024-001469,CUST-05181,2024-01-22,0.1184,1
ORD-2024-001470,CUST-01918,2024-01-31,0.0946,1
ORD-2024-001471,CUST-03917,2024-01-06,0.0113,1
ORD-2024-001472,CUST-06016,2024-01-14,0.0609,1
ORD-2024-001473,CUST-04803,2024-01-21,0.55,1
ORD-2024-001474, CUST-04315 ,2024-01-17,0.03,1
ORD-2024-001475,CUST-01201,2024-01-04,0.365,3
ORD-2024-001476,CUST-04603,2024-01-19,0.0636,1
ORD-2024-001477,CUST-02782,2024-01-02,0.1221,1
ORD-2024-001478,CUST-03785,2024-01-02,0.0699,1
ORD-2024-001479,CUST-02083,2024-01-14,0.3628,2
ORD-2024-001480,CUST-01186,2024-01-07,0.0451,2
ORD-2024-001481,CUST-00412,2024-01-16,0.1132,3
ORD-2024-001482,CUST-05679,2024-01-26,0.0529,1
ORD-2024-001483, CUST-04755 ,2024-01-12,0.1641,2
ORD-2024-001484,CUST-03032,2024-01-03,0.0807,2
ORD-2024-001485,CUST-00910,2024-01-19,0.0753,1
ORD-2024-001486,CUST-04057,2024-01-18,0.3565,3
ORD-2024-001487,CUST-02776,2024-01-05,0.066,1
ORD-2024-001488,CUST-01132,2024-01-04,0.0481,2
ORD-2024-001489,CUST-00932,2024-01-09,0.0208,1
ORD-2024-001490,CUST-00630,2024-01-03,0.1415,3
ORD-2024-001491,CUST-03544,2024-01-02,0.0312,1
ORD-2024-001492,CUST-02669,2024-01-22,0.0777,1
ORD-2024-001493,CUST-04168,2024-01-15,0.1225,1
ORD-2024-001494,CUST-02622,2024-01-02,0.0378,5
ORD-2024-001495,CUST-04446,2024-01-22,0.1361,1
ORD-2024-001496,CUST-05080,2024-01-29,0.2601,1
ORD-2024-001497,CUST-04228,2024-01-28,0.3986,3
ORD-2024-001498,CUST-04228,2024-01-02,0.3001,1
ORD-2024-001499,CUST-04410,2024-01-02,0.2748,3
ORD-2024-001500,CUST-00382,2024-01-31,0.0126,1
ORD-2024-001501,CUST-02834,2024-01-01,0.0319,1
ORD-2024-001502,CUST-04047,2024-01-02,0.1149,1
ORD-2024-001503,CUST-00413,2024-01-10,0.014,2
ORD-2024-001504,CUST-00721,2024-01-12,0.0095,1
ORD-2024-001505,CUST-03881,2024-01-26,0.0253,4
ORD-2024-001506,CUST-02810,2024-01-02,0.0258,1
ORD-2024-001507,CUST-05089,2024-01-13,0.294,1
ORD-2024-001508,CUST-01085,2024-01-10,0.0374,2
ORD-2024-001509,CUST-05079,2024-01-31,0.2485,1
ORD-2024-001510,CUST-01308,2024-01-08,0.3358,1
ORD-2024-001511,CUST-03278,2024-01-14,0.1214,2
ORD-2024-001512,CUST-00487,2024-01-04,0.0911,3
ORD-2024-001513,CUST-03696,2024-01-19,0.2368,2
ORD-2024-001514,CUST-00090,2024-01-14,0.0081,1
ORD-2024-001515,CUST-02821,2024-01-01,0.1778,3
ORD-2024-001516,CUST-03326,2024-01-26,0.0552,2
ORD-2024-001517,CUST-04453,2024-01-15,0.0533,1
ORD-2024-001518,CUST-02289,2024-01-02,0.0503,3
ORD-2024-001519,CUST-02776,2024-01-20,0.1081,1
ORD-2024-001520,CUST-04128,2027-01-01,0.1167,3
ORD-2024-001521,CUST-02402,2027-01-01,0.1758,3
ORD-2024-001522,CUST-00672,2024-01-06,0.0308,2
ORD-2024-001523,CUST-04069,2024-01-14,0.0292,1
ORD-2024-001524,CUST-02757,2024-01-21,0.0222,1
ORD-2024-001525,CUST-03836,2024-01-09,0.1589,1
ORD-2024-001526,CUST-02341,2024-01-21,0.136,1
ORD-2024-001527,CUST-03977,2024-01-11,0.2758,1
ORD-2024-001528,CUST-04083,2024-01-28,0.289,1
ORD-2024-001529,CUST-01341,2024-01-30,0.0667,2
ORD-2024-001530,CUST-04521,2024-01-19,0.012,2
ORD-2024-001531,CUST-03594,2024-01-05,0.0236,1
ORD-2024-001532,CUST-00311,2024-01-02,0.1454,2
ORD-2024-001533,CUST-02527,2024-01-13,0.0936,1
ORD-2024-001534,CUST-00104,2024-01-23,0.2895,5
ORD-2024-001535,CUST-02292,2024-01-11,0.134,4
ORD-2024-001536,CUST-01999,2024-01-23,0.152,3
ORD-2024-001537,CUST-01088,2024-01-13,0.2196,1
ORD-2024-001538,CUST-03643,2024-01-19,0.1487,3
ORD-2024-001539,CUST-01630,2024-01-21,0.1303,1
ORD-2024-001540,CUST-02238,2024-01-10,0.045,2
ORD-2024-001541,CUST-04892,2024-01-18,0.2736,1
ORD-2024-001542,CUST-02168,2024-01-29,0.0688,1
ORD-2024-001543,CUST-03858,2024-01-12,0.128,3
ORD-2024-001544,CUST-01460,2024-01-11,0.076,1
ORD-2024-001545,CUST-01102,2024-01-16,0.0902,2
ORD-2024-001546,CUST-04706,2024-01-21,0.0063,1
ORD-2024-001547,CUST-00101,2024-01-24,0.2768,1
ORD-2024-001548,CUST-03468,2024-01-13,0.0161,1
ORD-2024-001549,CUST-00910,2024-01-21,0.1507,1
ORD-2024-001550,CUST-01994,2024-01-20,0.1447,3
ORD-2024-001551,CUST-00409,2024-01-31,0.0323,1
ORD-2024-001552,CUST-00350,2024-01-26,0.0554,1
ORD-2024-001553,CUST-03731,2024-01-20,0.1838,3
ORD-2024-001554,CUST-04266,2024-01-28,0.1159,3
ORD-2024-001555,CUST-05420,2024-01-29,0.1137,2
ORD-2024-001556,CUST-04262,2024-01-29,0.1082,1
ORD-2024-001557,CUST-00456,2024-01-25,0.0771,2
ORD-2024-001558,CUST-01103,2024-01-10,0.0218,2
ORD-2024-001559,CUST-00382,2024-01-04,0.056,3
ORD-2024-001560,CUST-03468,2024-01-04,0.0407,2
ORD-2024-001561,CUST-05734,2024-01-12,0.0582,1
ORD-2024-001562,CUST-04005,2024-01-07,0.1049,3
ORD-2024-001563,CUST-04290,2024-01-09,0.2777,2
ORD-2024-001564,CUST-00476,2024-01-27,0.1387,1
ORD-2024-001565,CUST-02499,2024-01-27,0.1092,3
ORD-2024-001566,CUST-03774,2024-01-29,0.0814,2
ORD-2024-001567,CUST-02169,2024-01-01,0.0436,1
ORD-2024-001568,CUST-02286,2024-01-04,0.3292,1
ORD-2024-001569,CUST-00129,2024-01-28,0.0499,1
ORD-2024-001570,CUST-05966,2024-01-18,0.0536,2
ORD-2024-001571,CUST-03745,2024-01-07,0.3362,1
ORD-2024-001572,CUST-03134,2024-01-01,0.0966,2
ORD-2024-001573,CUST-00319,2024-01-08,0.0371,3
ORD-2024-001574,CUST-00536,2024-01-25,0.2763,2
ORD-2024-001575,CUST-02267,2024-01-29,0.0278,1
ORD-2024-001576,CUST-02289,2024-01-04,0.027,4
ORD-2024-001577,CUST-03035,2024-01-28,0.1036,1
ORD-2024-001578,CUST-05602,2024-01-14,0.0181,3
ORD-2024-001579,CUST-01545,2024-01-02,0.1288,1
ORD-2024-001580,CUST-03224,2024-01-26,0.128,3
ORD-2024-001581,CUST-00502,2024-01-28,0.046,2
ORD-2024-001582,CUST-01543,2024-01-20,0.451,1
ORD-2024-001583,CUST-00740,2024-01-29,0.1097,2
ORD-2024-001584,CUST-02459,2024-01-17,0.0508,3
ORD-2024-001585,CUST-02363,2024-01-27,0.0161,1
ORD-2024-001586,CUST-04419,2024-01-15,0.1784,1
ORD-2024-001587,CUST-03642,2024-01-15,0.0857,2
ORD-2024-001588,CUST-04169,2024-01-29,0.0379,1
ORD-2024-001589,CUST-00700,2024-01-20,0.0932,3
ORD-2024-001590,CUST-01554,2024-01-22,0.0963,1
ORD-2024-001591,CUST-05765,2024-01-23,0.0224,2
ORD-2024-001592,CUST-02153,2024-01-23,0.1239,1
ORD-2024-001593,CUST-04741,2024-01-03,0.0257,1
ORD-2024-001594,CUST-05264,2024-01-27,0.2158,1
ORD-2024-001595,CUST-02246,2024-01-20,0.0493,3
ORD-2024-001596,CUST-02639,2024-01-01,0.0441,1
ORD-2024-001597,CUST-02644,2024-01-05,0.1085,4
ORD-2024-001598,CUST-01380,2024-01-09,0.1736,1
ORD-2024-001599,CUST-01571,2024-01-17,0.0479,2
ORD-2024-001600,CUST-02341,2024-01-19,0.0663,2
ORD-2024-001601,CUST-02640,2024-01-07,0.1557,1
ORD-2024-001602,CUST-02368,2024-01-19,0.0318,1
ORD-2024-001603,CUST-02149,2024-01-11,0.0724,1
ORD-2024-001604,CUST-01747,2024-01-19,0.1329,1
ORD-2024-001605,CUST-02552,2024-01-06,0.085,2
ORD-2024-001606,CUST-01134,2024-01-08,0.0674,1
ORD-2024-001607,CUST-02598,2024-01-19,0.1639,1
ORD-2024-001608,CUST-00418,2024-01-07,0.3571,1
ORD-2024-001609,CUST-03838,2024-01-02,0.0943,3
ORD-2024-001610,CUST-03246,2024-01-16,0.2735,1
ORD-2024-001611,CUST-05180,2024-01-17,0.1013,2
ORD-2024-001612,CUST-03719,2024-01-23,0.0425,2
ORD-2024-001613,CUST-03393,2024-01-27,0.14,2
ORD-2024-001614,CUST-03661,2024-01-04,0.1236,1
ORD-2024-001615,CUST-03393,2024-01-23,0.2463,2
ORD-2024-001616,CUST-05720,2024-01-08,0.0376,1
ORD-2024-001617,CUST-00356,2024-01-04,0.0275,1
ORD-2024-001618,CUST-03334,2024-01-19,0.0542,3
ORD-2024-001619,CUST-00683,2024-01-27,0.1481,1
ORD-2024-001620,CUST-03141,2024-01-21,0.3135,1
ORD-2024-001621,CUST-04533,2024-01-17,0.0247,1
ORD-2024-001622,CUST-04985,2024-01-02,0.1678,2
ORD-2024-001623,CUST-00661,2024-01-09,0.0609,1
ORD-2024-001624,CUST-03326,2024-01-03,0.093,1
ORD-2024-001625,CUST-03401,2024-01-25,0.2101,1
ORD-2024-001626,CUST-05181,2024-01-19,0.0121,1
ORD-2024-001627,CUST-00114,2024-01-26,0.0596,1
ORD-2024-001628,CUST-03373,2024-01-24,0.1426,2
ORD-2024-001629,CUST-01012,2024-01-21,0.0904,2
ORD-2024-001630,CUST-01944,2024-01-24,0.1104,1
ORD-2024-001631,CUST-02459,2024-01-02,0.0284,1
ORD-2024-001632,CUST-00352,2024-01-16,0.0133,1
ORD-2024-001633,CUST-00284,2024-01-18,0.0585,1
ORD-2024-001634,CUST-04533,2024-01-26,0.0486,2
ORD-2024-001635,CUST-01130,2024-01-05,0.0288,1
ORD-2024-001636,CUST-05004,2024-01-26,0.0861,2
ORD-2024-001637,CUST-00350,2024-01-03,0.0278,2
ORD-2024-001638,CUST-00362,2024-01-16,0.1003,1
ORD-2024-001639,CUST-01182,2024-01-14,0.0354,3
ORD-2024-001640,CUST-02407,2024-01-22,0.0849,1
ORD-2024-001641,CUST-02061,2024-01-24,0.3019,1
ORD-2024-001642,CUST-05188,2024-01-14,0.0671,1
ORD-2024-001643,CUST-04462,2024-01-12,0.1706,3
ORD-2024-001644,CUST-02368,2024-01-11,0.0356,1
ORD-2024-001645,CUST-04873,2024-01-17,0.039,3
ORD-2024-001646,CUST-00699,2024-01-21,0.1069,2
ORD-2024-001647,CUST-02292,2024-01-12,0.2227,1
ORD-2024-001648,CUST-01356,2024-01-15,0.0903,2
ORD-2024-001649,CUST-05516,2024-01-29,0.0722,3
ORD-2024-001650,CUST-04240,2024-01-08,0.1227,1
ORD-2024-001651,CUST-00118,2024-01-04,0.1439,2
ORD-2024-001652,CUST-05734,2024-01-03,0.1014,1
ORD-2024-001653,CUST-03854,2024-01-21,0.1091,1
ORD-2024-001654,CUST-02037,2024-01-24,0.036,1
ORD-2024-001655,CUST-04271,2024-01-17,0.0189,3
ORD-2024-001656,CUST-04995,2024-01-31,0.1256,1
ORD-2024-001657,CUST-03978,2024-01-16,0.0158,1
ORD-2024-001658,CUST-02496,2027-01-01,0.1397,1
ORD-2024-001659,CUST-03645,2024-01-20,0.0511,1
ORD-2024-001660,CUST-00700,2024-01-31,0.0562,1
ORD-2024-001661,CUST-00814,2024-01-14,0.041,1
ORD-2024-001662,CUST-02802,2024-01-11,0.0431,2
ORD-2024-001663,CUST-00563,2024-01-22,0.1445,1
ORD-2024-001664,CUST-01651,2024-01-06,0.1157,2
ORD-2024-001665,CUST-04526,2024-01-22,0.0352,2
ORD-2024-001666,CUST-02807,2024-01-12,0.0887,1
ORD-2024-001667,CUST-03929,2024-01-02,0.0365,2
ORD-2024-001668,CUST-00126,2024-01-08,0.3643,1
ORD-2024-001669,CUST-03248,2024-01-02,0.1325,2
ORD-2024-001670,CUST-03642,2024-01-30,0.0773,3
ORD-2024-001671,CUST-00393,2024-01-09,0.0824,3
ORD-2024-001672,CUST-02044,2024-01-09,0.225,1
ORD-2024-001673,CUST-00785,2024-01-04,0.1119,2
ORD-2024-001674,CUST-00571,2024-01-21,0.0427,1
ORD-2024-001675,CUST-05180,2024-01-02,0.0416,1
ORD-2024-001676,CUST-05733,2024-01-18,0.069,1
ORD-2024-001677,CUST-04103,2024-01-06,0.0814,1
ORD-2024-001678,CUST-03904,2024-01-13,0.0292,1
ORD-2024-001679,CUST-04787,2024-01-24,0.045,2
ORD-2024-001680,CUST-05156,2024-01-21,0.0567,1
ORD-2024-001681,CUST-00683,2024-01-13,0.1703,1
ORD-2024-001682,CUST-00203,2024-01-03,0.1984,1
ORD-2024-001683,CUST-04170,2024-01-09,0.1474,1
ORD-2024-001684,CUST-00291,2024-01-14,0.0271,2
ORD-2024-001685,CUST-00462,2024-01-08,0.0785,2
ORD-2024-001686,CUST-04634,2024-01-03,0.2784,2
ORD-2024-001687,CUST-03293,2024-01-17,0.1412,1
ORD-2024-001688,CUST-01519,2024-01-31,0.114,2
ORD-2024-001689,CUST-03736,2024-01-20,0.0093,1
ORD-2024-001690,CUST-01752,2024-01-30,0.3354,2
ORD-2024-001691,CUST-04697,2024-01-18,0.0443,2
ORD-2024-001692,CUST-05819,2024-01-04,0.1534,1
ORD-2024-001693,CUST-03159,2024-01-09,0.3394,2
ORD-2024-001694,CUST-02402,2024-01-31,0.0414,1
ORD-2024-001695,CUST-03030,2024-01-10,0.0126,2
ORD-2024-001696,CUST-01049,2024-01-23,0.0389,2
ORD-2024-001697,CUST-00016,2024-01-27,0.1784,1
ORD-2024-001698,CUST-02471,2024-01-25,0.1114,1
ORD-2024-001699,CUST-00533,2024-01-25,0.0508,2
ORD-2024-001700,CUST-03238,2024-01-04,0.0557,2
ORD-2024-001701,CUST-02164,2024-01-08,0.0082,1
ORD-2024-001702,CUST-02797,2024-01-17,0.0253,2
ORD-2024-001703,CUST-04364,2024-01-14,0.0971,1
ORD-2024-001704,CUST-02214,2024-01-24,0.0646,1
ORD-2024-001705,CUST-05022,2024-01-28,0.0103,1
ORD-2024-001706,CUST-05659,2024-01-30,0.0154,1
ORD-2024-001707,CUST-03218,2024-01-07,0.1481,3
ORD-2024-001708,CUST-01793,2024-01-28,0.216,2
ORD-2024-001709,CUST-02850,2024-01-29,0.2614,2
ORD-2024-001710,CUST-04014,2024-01-13,0.056,2
ORD-2024-001711,CUST-05295,2024-01-12,0.0495,1
ORD-2024-001712,CUST-02636,2024-01-16,0.1264,1
ORD-2024-001713,CUST-03816,2024-01-17,0.165,1
ORD-2024-001714,CUST-04084,2024-01-22,0.0482,1
ORD-2024-001715,CUST-04697,2024-01-29,0.037,1
ORD-2024-001716,CUST-04159,2024-01-27,0.1291,3
ORD-2024-001717,CUST-00725,2024-01-13,0.1418,1
ORD-2024-001718,CUST-01831,2024-01-04,0.1882,2
ORD-2024-001719,CUST-02416,2024-01-10,0.1291,3
ORD-2024-001720,CUST-05538,2024-01-30,0.0578,1
ORD-2024-001721,CUST-04398,2024-01-06,0.0399,1
ORD-2024-001722,CUST-04260,2024-01-17,0.3221,1
ORD-2024-001723,CUST-01831,2024-01-30,0.121,1
ORD-2024-001724,CUST-02425,2024-01-13,0.2609,1
ORD-2024-001725,CUST-02725,2024-01-26,0.1358,2
ORD-2024-001726,CUST-05316,2024-01-16,0.123,1
ORD-2024-001727,CUST-03633,2024-01-30,0.1221,5
ORD-2024-001728,CUST-04797,2024-01-04,0.1506,1
ORD-2024-001729,CUST-03661,2024-01-19,0.0389,3
ORD-2024-001730,CUST-04069,2024-01-17,0.0165,1
ORD-2024-001731,CUST-01366,2024-01-21,0.0954,1
ORD-2024-001732,CUST-03995,2024-01-12,0.0042,2
ORD-2024-001733,CUST-03881,2024-01-11,0.0096,1
ORD-2024-001734,CUST-04701,2024-01-24,0.0315,1
ORD-2024-001735,CUST-01297,2024-01-14,0.1199,1
ORD-2024-001736,CUST-04660,2024-01-22,0.0831,2
ORD-2024-001737,CUST-00468,2024-01-03,0.0318,1
ORD-2024-001738,CUST-02292,2024-01-15,0.3349,1
ORD-2024-001739,CUST-02485,2024-01-31,0.2174,1
ORD-2024-001740,CUST-00350,2024-01-03,0.0095,1
ORD-2024-001741,CUST-04797,2024-01-15,0.0667,1
ORD-2024-001742,CUST-01757,2024-01-05,0.0456,2
ORD-2024-001743,CUST-00687,2024-01-13,0.0401,3
ORD-2024-001744,CUST-05345,2024-01-05,0.257,2
ORD-2024-001745,CUST-03507,2024-01-18,0.0612,1
ORD-2024-001746,CUST-00224,2024-01-28,0.0547,2
ORD-2024-001747,CUST-04609,2024-01-16,0.1164,2
ORD-2024-001748,CUST-00394,2024-01-25,0.1326,1
ORD-2024-001749,CUST-04366,2024-01-02,0.0357,1
ORD-2024-001750,CUST-05982,2024-01-20,0.1698,1
ORD-2024-001751,CUST-05180,2024-01-23,0.087,2
ORD-2024-001752,CUST-03250,2024-01-10,0.0189,1
ORD-2024-001753,CUST-02164,2024-01-26,0.0317,1
ORD-2024-001754,CUST-03649,2024-01-02,0.1143,1
ORD-2024-001755,CUST-00805,2024-01-02,0.3405,2
ORD-2024-001756,CUST-03347,2024-01-30,0.0333,2
ORD-2024-001757,CUST-04649,2024-01-31,0.0803,2
ORD-2024-001758,CUST-01290,2024-01-08,0.0602,1
ORD-2024-001759,CUST-00493,2024-01-13,0.1168,1
ORD-2024-001760,CUST-00830,2024-01-21,0.3536,2
ORD-2024-001761,CUST-03861,2024-01-13,0.1869,1
ORD-2024-001762,CUST-03802,2024-01-19,0.0629,1
ORD-2024-001763,CUST-03740,2024-01-21,0.0258,1
ORD-2024-001764,CUST-04651,2024-01-23,0.0454,1
ORD-2024-001765,CUST-03588,2024-01-23,0.2193,3
ORD-2024-001766,CUST-02413,2024-01-02,0.1542,2
ORD-2024-001767,CUST-00779,2024-01-05,0.0743,1
ORD-2024-001768,CUST-01177,2024-01-29,0.0216,2
ORD-2024-001769,CUST-01687,2024-01-02,0.1294,2
ORD-2024-001770,CUST-04332,2024-01-24,0.0619,3
ORD-2024-001771,CUST-04245,2024-01-18,0.1266,2
ORD-2024-001772,CUST-00953,2024-01-24,0.1087,2
ORD-2024-001773,CUST-04735,2024-01-22,0.0392,2
ORD-2024-001774,CUST-02820,2024-01-07,0.0698,1
ORD-2024-001775,CUST-04570,2024-01-18,0.0673,2
ORD-2024-001776,CUST-03892,2024-01-31,0.0104,1
ORD-2024-001777,CUST-02989,2024-01-22,0.035,3
ORD-2024-001778,CUST-03718,2024-01-30,0.0233,2
ORD-2024-001779,CUST-00687,2024-01-04,0.0266,1
ORD-2024-001780,CUST-04904,2024-01-11,0.0025,1
ORD-2024-001781,CUST-02613,2024-01-16,0.0458,1
ORD-2024-001782,CUST-02563,2024-01-19,0.0218,4
ORD-2024-001783,CUST-04830,2024-01-20,0.0877,1
ORD-2024-001784,CUST-01132,2024-01-07,0.0086,1
ORD-2024-001785,CUST-01738,2024-01-09,0.0224,3
ORD-2024-001786,CUST-01012,2024-01-02,0.1916,1
ORD-2024-001787,CUST-02099,2024-01-08,0.0561,2
ORD-2024-001788,CUST-04986,2024-01-01,0.036,1
ORD-2024-001789,,2024-01-12,0.0645,1
ORD-2024-001790,CUST-01096,2024-01-08,0.1125,1
ORD-2024-001791,CUST-01765,2024-01-07,0.0481,2
ORD-2024-001792,CUST-05137,2024-01-05,0.1133,2
ORD-2024-001793,CUST-05209,2024-01-13,0.0411,1
ORD-2024-001794,CUST-03826,2024-01-16,0.0704,1
ORD-2024-001795,CUST-04760,2024-01-27,0.1021,1
ORD-2024-001796,CUST-02776,2024-01-23,0.0403,1
ORD-2024-001797,CUST-03196,2024-01-27,0.2057,1
ORD-2024-001798,CUST-05031,2024-01-27,0.064,1
ORD-2024-001799,CUST-04669,2024-01-14,0.0052,1
ORD-2024-001800,CUST-00595,2024-01-17,0.1877,1
ORD-2024-001801,CUST-03091,2024-01-12,0.0943,3
ORD-2024-001802,CUST-04689,2024-01-25,0.0542,1
ORD-2024-001803,CUST-00956,2024-01-04,0.0832,1
ORD-2024-001804,CUST-01564,2024-01-21,0.0856,1
ORD-2024-001805,CUST-05379,2024-01-19,0.0695,1
ORD-2024-001806,CUST-02007,2024-01-31,0.0118,1
ORD-2024-001807,CUST-04740,2024-01-01,0.105,1
ORD-2024-001808,CUST-01798,2024-01-08,0.0945,1
ORD-2024-001809,CUST-02065,2024-01-30,0.0208,1
ORD-2024-001810,CUST-00779,2024-01-04,0.0428,1
ORD-2024-001811,CUST-04492,2024-01-16,0.1167,1
ORD-2024-001812,CUST-01628,2024-01-07,0.0658,2
ORD-2024-001813,CUST-01820,2024-01-05,0.143,1
ORD-2024-001814,CUST-01524,2024-01-29,0.046,1
ORD-2024-001815,CUST-03508,2024-01-07,0.0857,1
ORD-2024-001816,CUST-00779,2027-01-01,0.048,1
ORD-2024-001817,CUST-04326,2024-01-09,0.0898,2
ORD-2024-001818,CUST-04726,2024-01-08,0.0779,3
ORD-2024-001819,CUST-00482,2024-01-07,0.054,1
ORD-2024-001820,CUST-03405,2024-01-17,0.0374,1
ORD-2024-001821,CUST-01792,2024-01-04,0.1695,3
ORD-2024-001822,CUST-05011,2024-01-24,0.116,1
ORD-2024-001823,CUST-01274,2024-01-13,0.0456,3
ORD-2024-001824,CUST-04657,2024-01-23,0.048,3
ORD-2024-001825,CUST-02164,2024-01-19,0.0781,1
ORD-2024-001826,CUST-02578,2024-01-06,0.1267,1
ORD-2024-001827,CUST-02869,2024-01-19,0.1007,2
ORD-2024-001828,CUST-04446,2024-01-11,0.035,4
ORD-2024-001829,CUST-03275,2024-01-30,0.3046,2
ORD-2024-001830,CUST-01580,2024-01-25,0.3953,1
ORD-2024-001831,CUST-00995,2024-01-20,0.1303,2
ORD-2024-001832,CUST-00472,2024-01-16,0.0976,4
ORD-2024-001833,CUST-04762,2024-01-16,0.0799,3
ORD-2024-001834,CUST-02425,2024-01-10,0.0981,1
ORD-2024-001835,CUST-03243,2024-01-08,0.1514,1
ORD-2024-001836,CUST-00300,2024-01-05,0.0519,1
ORD-2024-001837,CUST-03643,2024-01-17,0.0703,1
ORD-2024-001838,CUST-02251,2024-01-08,0.0348,3
ORD-2024-001839,CUST-03447,2024-01-07,0.0309,1
ORD-2024-001840,CUST-01089,2024-01-02,0.1621,3
ORD-2024-001841,CUST-02333,2024-01-30,0.0585,3
ORD-2024-001842,CUST-05887,2024-01-02,0.092,1
ORD-2024-001843,CUST-03379,2024-01-18,0.2779,1
ORD-2024-001844,CUST-03309,2024-01-08,0.0443,2
ORD-2024-001845,CUST-02965,2024-01-26,0.127,1
ORD-2024-001846,CUST-00028,2024-01-21,0.1344,1
ORD-2024-001847,CUST-00487,2024-01-06,0.0302,1
ORD-2024-001848,CUST-03133,2024-01-12,0.0838,1
ORD-2024-001849,CUST-02365,2024-01-27,0.0193,1
ORD-2024-001850,CUST-01595,2024-01-28,0.0354,1
ORD-2024-001851,CUST-02149,2024-01-22,0.0164,1
ORD-2024-001852,CUST-03445,2024-01-12,0.0813,2
ORD-2024-001853,CUST-05052,2024-01-28,0.0875,2
ORD-2024-001854,CUST-04326,2024-01-27,0.0143,1
ORD-2024-001855,CUST-05484,2024-01-07,0.2456,1
ORD-2024-001856,CUST-00607,2024-01-02,0.0653,1
ORD-2024-001857,,2024-01-31,0.1319,1
ORD-2024-001858,CUST-00556,2024-01-29,0.1193,1
ORD-2024-001859,CUST-03473,2024-01-10,0.1057,2
ORD-2024-001860,CUST-03094,2024-01-24,0.1154,2
ORD-2024-001861,CUST-00008,2024-01-15,0.1408,2
ORD-2024-001862,CUST-04012,2024-01-06,0.1162,3
ORD-2024-001863,CUST-04877,2024-01-28,0.1716,1
ORD-2024-001864,CUST-00172,2024-01-30,0.0435,1
ORD-2024-001865,CUST-05188,2024-01-01,0.0297,1
ORD-2024-001866,CUST-01798,2024-01-25,0.057,1
ORD-2024-001867,CUST-01863,2024-01-17,0.0947,4
ORD-2024-001868,CUST-02640,2024-01-15,0.0625,1
ORD-2024-001869,CUST-02490,2024-01-14,0.1518,1
ORD-2024-001870,CUST-04329,2024-01-15,0.1264,2
ORD-2024-001871,CUST-00072,2024-01-20,0.0412,1
ORD-2024-001872,CUST-03402,2024-01-09,0.0753,3
ORD-2024-001873,CUST-00192,2024-01-19,0.0556,2
ORD-2024-001874,CUST-04281,2024-01-26,0.0564,5
ORD-2024-001875,CUST-05199,2024-01-21,0.1177,1
ORD-2024-001876,CUST-02407,2024-01-25,0.1096,1
ORD-2024-001877,CUST-01067,2024-01-23,0.2372,1
ORD-2024-001878,CUST-05978,2024-01-14,0.0648,1
ORD-2024-001879,CUST-05733,2024-01-08,0.1008,4
ORD-2024-001880,CUST-04119,2024-01-30,0.0633,3
ORD-2024-001881,CUST-04560,2024-01-10,0.0638,1
ORD-2024-001882,CUST-05255,2024-01-15,0.0816,3
ORD-2024-001883,CUST-04893,2024-01-14,0.0684,1
ORD-2024-001884,CUST-03987,2024-01-15,0.1481,1
ORD-2024-001885,CUST-04446,2024-01-30,0.0506,5
ORD-2024-001886,CUST-04436,2024-01-01,0.0575,1
ORD-2024-001887,CUST-00759,2024-01-15,0.028,1
ORD-2024-001888,CUST-02951,2024-01-06,0.04,1
ORD-2024-001889,CUST-03325,2024-01-13,0.0493,2
ORD-2024-001890,CUST-05602,2024-01-01,0.0224,1
ORD-2024-001891,CUST-00107,2024-01-26,0.2483,1
ORD-2024-001892,CUST-04916,2024-01-04,0.2548,1
ORD-2024-001893,CUST-02251,2024-01-17,0.0207,2
ORD-2024-001894,CUST-04844,2024-01-30,0.0452,1
ORD-2024-001895,CUST-01609,2024-01-24,0.1114,2
ORD-2024-001896,CUST-04019,2024-01-08,0.1117,3
ORD-2024-001897,CUST-04607,2024-01-09,0.0121,1
ORD-2024-001898,CUST-00303,2024-01-16,0.3685,3
ORD-2024-001899,CUST-00779,2024-01-03,0.1515,2
ORD-2024-001900,CUST-04997,2024-01-18,0.0329,1
ORD-2024-001901,CUST-04691,2024-01-19,0.2261,2
ORD-2024-001902,CUST-01520,2024-01-27,0.1115,1
ORD-2024-001903,CUST-04772,2024-01-09,0.0181,1
ORD-2024-001904,CUST-01375,2024-01-07,0.0367,3
ORD-2024-001905,CUST-00291,2024-01-04,0.0087,1
ORD-2024-001906,CUST-00968,2024-01-07,0.1602,3
ORD-2024-001907,CUST-01037,2024-01-08,0.0694,4
ORD-2024-001908,CUST-00456,2024-01-07,0.0234,1
ORD-2024-001909,CUST-02892,2024-01-12,0.0499,1
ORD-2024-001910,CUST-05168,2024-01-26,0.1329,2
ORD-2024-001911,CUST-04322,2024-01-16,0.047,2
ORD-2024-001912,CUST-04824,2024-01-25,0.041,1
ORD-2024-001913,CUST-02110,2024-01-04,0.0305,1
ORD-2024-001914,CUST-01277,2024-01-10,0.3401,2
ORD-2024-001915,CUST-02924,2024-01-08,0.0463,1
ORD-2024-001916,CUST-03319,2024-01-26,0.0936,1
ORD-2024-001917,CUST-04231,2024-01-21,0.0777,1
ORD-2024-001918,CUST-02433,2024-01-13,0.0179,2
ORD-2024-001919,CUST-02391,2024-01-18,0.0434,2
ORD-2024-001920,CUST-03775,2024-01-07,0.1228,2
ORD-2024-001921,CUST-04605,2024-01-30,0.0309,2
ORD-2024-001922,CUST-01376,2024-01-12,0.1436,1
ORD-2024-001923,CUST-04151,2024-01-12,0.0987,1
ORD-2024-001924,CUST-03918,2024-01-15,0.0365,1
ORD-2024-001925,CUST-00758,2024-01-03,0.379,1
ORD-2024-001926,CUST-03200,2024-01-02,0.0541,2
ORD-2024-001927,CUST-04222,2024-01-21,0.0386,2
ORD-2024-001928,CUST-04159,2024-01-14,0.057,1
ORD-2024-001929,CUST-00813,2024-01-09,0.2716,2
ORD-2024-001930,CUST-03881,2024-01-13,0.0402,2
ORD-2024-001931,CUST-05510,2024-01-19,0.0526,1
ORD-2024-001932,CUST-01520,2024-01-20,0.1008,2
ORD-2024-001933,CUST-02939,2024-01-18,0.041,1
ORD-2024-001934,CUST-01287,2024-01-28,0.2103,1
ORD-2024-001935,CUST-02762,2024-01-25,0.077,1
ORD-2024-001936,CUST-04423,2024-01-08,0.0304,1
ORD-2024-001937,CUST-05235,2024-01-07,0.0513,1
ORD-2024-001938,CUST-05966,2024-01-15,0.1702,2
ORD-2024-001939,CUST-04905,2024-01-30,0.1453,3
ORD-2024-001940,CUST-02416,2024-01-09,0.1799,2
ORD-2024-001941,CUST-00624,2024-01-26,0.1858,1
ORD-2024-001942,CUST-03854,2024-01-07,0.0593,3
ORD-2024-001943,CUST-05193,2024-01-20,0.21,1
ORD-2024-001944,CUST-00462,2024-01-03,0.0768,4
ORD-2024-001945,CUST-00580,2024-01-05,0.0124,1
ORD-2024-001946,CUST-00458,2024-01-28,0.1702,1
ORD-2024-001947,CUST-00003,2024-01-15,0.1306,1
ORD-2024-001948,CUST-04332,2024-01-26,0.0849,1
ORD-2024-001949,CUST-03718,2024-01-28,0.0236,1
ORD-2024-001950,CUST-00745,2024-01-08,0.0126,1
ORD-2024-001951,CUST-05586,2024-01-25,0.0126,1
ORD-2024-001952,CUST-02563,2024-01-17,0.0205,1
ORD-2024-001953,CUST-05759,2024-01-27,0.2576,1
ORD-2024-001954,CUST-03607,2024-01-05,0.1657,1
ORD-2024-001955,CUST-05187,2024-01-09,0.0289,1
ORD-2024-001956,CUST-01626,2024-01-15,0.0977,2
ORD-2024-001957,CUST-03213,2024-01-31,0.0448,1
ORD-2024-001958,CUST-00751,2024-01-02,0.0357,1
ORD-2024-001959,CUST-01546,2024-01-17,0.415,2
ORD-2024-001960,CUST-04835,2024-01-08,0.0218,1
ORD-2024-001961,CUST-03204,2024-01-08,0.0721,1
ORD-2024-001962,CUST-01399,2024-01-17,0.0992,2
ORD-2024-001963,CUST-05218,2024-01-25,0.55,1
ORD-2024-001964,CUST-02065,2024-01-18,0.0312,1
ORD-2024-001965,CUST-05050,2024-01-13,0.1285,1
ORD-2024-001966,CUST-00983,2024-01-24,0.0972,1
ORD-2024-001967,CUST-01889,2024-01-26,0.0482,1
ORD-2024-001968,CUST-00741,2024-01-28,0.0085,1
ORD-2024-001969,CUST-00879,2024-01-04,0.2666,1
ORD-2024-001970,CUST-04758,2024-01-27,0.1903,1
ORD-2024-001971,CUST-00476,2024-01-31,0.079,4
ORD-2024-001972,CUST-03212,2024-01-26,0.3767,1
ORD-2024-001973,CUST-03057,2024-01-18,0.0689,3
ORD-2024-001974,CUST-03890,2024-01-05,0.038,3
ORD-2024-001975,CUST-05765,2024-01-12,0.0425,2
ORD-2024-001976,CUST-00317,2024-01-06,0.1192,1
ORD-2024-001977,CUST-01930,2024-01-19,0.0511,1
ORD-2024-001978,CUST-03490,2024-01-21,0.1743,1
ORD-2024-001979,CUST-00127,2024-01-11,0.0261,1
ORD-2024-001980,CUST-00940,2024-01-18,0.0359,1
ORD-2024-001981,CUST-05589,2024-01-31,0.2523,1
ORD-2024-001982,CUST-00882,2024-01-17,0.1801,2
ORD-2024-001983,CUST-02193,2024-01-19,0.2059,2
ORD-2024-001984,CUST-04460,2024-01-02,0.072,2
ORD-2024-001985,CUST-02072,2024-01-22,0.0429,1
ORD-2024-001986,CUST-04459,2024-01-25,0.1854,1
ORD-2024-001987,CUST-04841,2024-01-23,0.0747,3
ORD-2024-001988,CUST-00026,2024-01-15,0.2413,1
ORD-2024-001989,CUST-03740,2024-01-23,0.0705,1
ORD-2024-001990,CUST-00500,2024-01-28,0.5154,1
ORD-2024-001991,,2024-01-17,0.007,1
ORD-2024-001992,CUST-02574,2024-01-13,0.2146,2
ORD-2024-001993,CUST-03364,2024-01-18,0.1514,1
ORD-2024-001994,CUST-01396,2024-01-05,0.3347,2
ORD-2024-001995,CUST-04560,2024-01-04,0.0537,1
ORD-2024-001996,CUST-04796,2024-01-27,0.0551,1
ORD-2024-001997,CUST-01400,2024-01-21,0.1186,3
ORD-2024-001998,CUST-01337,2024-01-01,0.0462,1
ORD-2024-001999,CUST-04775,2024-01-05,0.0045,1
ORD-2024-002000,CUST-02689,2024-01-09,0.0072,1
ORD-2024-002001,CUST-05441,2024-01-14,0.0764,2
ORD-2024-002002,CUST-01351,2024-01-30,0.0372,1
ORD-2024-002003,CUST-01978,2024-01-28,0.2869,1
ORD-2024-002004,CUST-03952,2024-01-05,0.0536,2
ORD-2024-002005,CUST-04767,2024-01-24,0.0232,2
ORD-2024-002006,CUST-04997,2024-01-06,0.0916,3
ORD-2024-002007,CUST-05199,2024-01-22,0.2127,3
ORD-2024-002008,CUST-01880,2024-01-29,0.1312,1
ORD-2024-002009,CUST-02189,2024-01-18,0.069,1
ORD-2024-002010,CUST-03719,2024-01-21,0.0477,3
ORD-2024-002011,CUST-02797,2024-01-08,0.0089,1
ORD-2024-002012,CUST-05369,2024-01-01,0.098,1
ORD-2024-002013,CUST-03479,2024-01-27,0.0703,1
ORD-2024-002014,CUST-02478,2024-01-03,0.2245,1
ORD-2024-002015,CUST-01743,2024-01-06,0.0579,2
ORD-2024-002016,CUST-00396,2024-01-21,0.0602,2
ORD-2024-002017,CUST-05263,2024-01-06,0.1288,1
ORD-2024-002018,CUST-01326,2024-01-10,0.151,3
ORD-2024-002019,CUST-01054,2024-01-20,0.1862,3
ORD-2024-002020,CUST-00046,2024-01-02,0.0465,4
ORD-2024-002021,CUST-01327,2024-01-10,0.3258,1
ORD-2024-002022,CUST-03960,2024-01-08,0.024,3
ORD-2024-002023,CUST-01156,2024-01-24,0.2179,2
ORD-2024-002024,CUST-02386,2024-01-30,0.2138,1
ORD-2024-002025,CUST-00177,2024-01-11,0.2417,1
ORD-2024-002026, CUST-04431 ,2024-01-13,0.1687,2
ORD-2024-002027,CUST-00422,2024-01-13,0.0538,2
ORD-2024-002028,CUST-02557,2024-01-11,0.0964,2
ORD-2024-002029,CUST-02755,2024-01-06,0.0238,2
ORD-2024-002030,CUST-05264,2024-01-10,0.077,1
ORD-2024-002031,CUST-00728,2024-01-19,0.1038,2
ORD-2024-002032,CUST-02776,2024-01-22,0.091,1
ORD-2024-002033,CUST-02576,2024-01-13,0.0558,4
ORD-2024-002034,CUST-04534,2024-01-05,0.0142,1
ORD-2024-002035,CUST-05436,2024-01-22,0.0834,1
ORD-2024-002036,CUST-00790,2024-01-05,0.0357,1
ORD-2024-002037,CUST-04014,2024-01-24,0.0753,4
ORD-2024-002038,CUST-04105,2024-01-31,0.1062,1
ORD-2024-002039,CUST-00502,2024-01-11,0.1311,1
ORD-2024-002040,CUST-00630,2027-01-01,0.0565,2
ORD-2024-002041,CUST-01231,2024-01-11,0.0938,1
ORD-2024-002042,CUST-02525,2024-01-29,0.0194,1
ORD-2024-002043,CUST-05420,2024-01-15,0.0849,2
ORD-2024-002044,CUST-00112,2024-01-27,0.0685,2
ORD-2024-002045,CUST-04624,2027-01-01,0.1453,1
ORD-2024-002046,CUST-02255,2024-01-28,0.0205,1
ORD-2024-002047,CUST-01012,2024-01-18,0.1379,4
ORD-2024-002048,CUST-04793,2024-01-31,0.2754,2
ORD-2024-002049,CUST-01394,2024-01-20,0.0469,1
ORD-2024-002050,CUST-04098,2024-01-02,0.0217,1
ORD-2024-002051,CUST-03369,2024-01-08,0.041,3
ORD-2024-002052,CUST-03836,2024-01-15,0.2006,5
ORD-2024-002053,CUST-03912,2024-01-05,0.2063,1
ORD-2024-002054,CUST-04644,2024-01-28,0.0423,2
ORD-2024-002055,CUST-05733,2024-01-04,0.0919,3
ORD-2024-002056,CUST-04347,2024-01-28,0.0721,1
ORD-2024-002057,CUST-02727,2024-01-31,0.0172,1
ORD-2024-002058,CUST-02604,2024-01-01,0.0217,2
ORD-2024-002059,CUST-04098,2024-01-28,0.1144,1
ORD-2024-002060,CUST-00409,2024-01-27,0.0511,1
ORD-2024-002061,CUST-05328,2024-01-23,0.0363,1
ORD-2024-002062,CUST-03285,2024-01-15,0.0408,1
ORD-2024-002063,CUST-04046,2024-01-26,0.0898,2
ORD-2024-002064,CUST-00908,2024-01-06,0.0112,1
ORD-2024-002065,CUST-00458,2024-01-21,0.0982,4
ORD-2024-002066,CUST-01757,2024-01-09,0.0577,1
ORD-2024-002067,CUST-01657,2024-01-24,0.08,1
ORD-2024-002068,CUST-02698,2024-01-30,0.1257,3
ORD-2024-002069,CUST-04103,2024-01-01,0.1017,1
ORD-2024-002070,CUST-02276,2024-01-03,0.2411,2
ORD-2024-002071,CUST-02622,2024-01-17,0.047,2
ORD-2024-002072,CUST-00440,2024-01-25,0.3119,1
ORD-2024-002073,CUST-05676,2024-01-11,0.0309,1
ORD-2024-002074,CUST-02700,2024-01-28,0.0837,2
ORD-2024-002075,CUST-01435,2024-01-18,0.2684,3
ORD-2024-002076,CUST-04269,2024-01-05,0.3618,3
ORD-2024-002077,CUST-04794,2024-01-20,0.1717,1
ORD-2024-002078,CUST-05887,2024-01-13,0.1011,5
ORD-2024-002079,CUST-00405,2024-01-07,0.1217,2
ORD-2024-002080,CUST-01789,2024-01-11,0.55,1
ORD-2024-002081,CUST-03236,2024-01-03,0.0731,1
ORD-2024-002082,CUST-02626,2024-01-17,0.0676,1
ORD-2024-002083,CUST-01730,2024-01-19,0.0577,2
ORD-2024-002084,CUST-03030,2024-01-09,0.0618,1
ORD-2024-002085,CUST-02477,2024-01-22,0.0347,2
ORD-2024-002086,CUST-04093,2024-01-04,0.1365,3
ORD-2024-002087,CUST-04023,2024-01-08,0.0685,1
ORD-2024-002088,CUST-01880,2024-01-06,0.0585,1
ORD-2024-002089,CUST-00413,2024-01-08,0.0192,3
ORD-2024-002090,CUST-05342,2024-01-31,0.0868,1
ORD-2024-002091,CUST-05293,2024-01-03,0.0248,1
ORD-2024-002092,CUST-03372,2024-01-03,0.2417,1
ORD-2024-002093,CUST-00029,2027-01-01,0.0489,5
ORD-2024-002094,CUST-00833,2024-01-05,0.1157,1
ORD-2024-002095,CUST-03925,2024-01-21,0.153,1
ORD-2024-002096,CUST-04053,2024-01-30,0.2094,3
ORD-2024-002097,CUST-02279,2024-01-23,0.013,1
ORD-2024-002098,CUST-03099,2024-01-15,0.091,1
ORD-2024-002099,CUST-05215,2024-01-18,0.2964,2
ORD-2024-002100,CUST-02368,2024-01-23,0.0176,1
ORD-2024-002101,CUST-01846,2024-01-19,0.0263,2
ORD-2024-002102,CUST-04463,2024-01-07,0.0931,1
ORD-2024-002103,CUST-03603,2024-01-10,0.0582,3
ORD-2024-002104,CUST-01611,2024-01-13,0.1198,4
ORD-2024-002105,CUST-01086,2024-01-10,0.0945,1
ORD-2024-002106,CUST-00981,2024-01-18,0.1578,2
ORD-2024-002107,CUST-04784,2024-01-10,0.0171,2
ORD-2024-002108,CUST-03965,2024-01-21,0.0104,1
ORD-2024-002109,CUST-03199,2024-01-23,0.2148,2
ORD-2024-002110,CUST-01818,2024-01-08,0.0803,2
ORD-2024-002111,CUST-03978,2024-01-28,0.147,2
ORD-2024-002112,CUST-02251,2024-01-04,0.0397,1
ORD-2024-002113,CUST-04500,2024-01-08,0.0192,2
ORD-2024-002114,CUST-01648,2024-01-03,0.0742,3
ORD-2024-002115,CUST-01403,2024-01-20,0.0511,2
ORD-2024-002116,CUST-02696,2024-01-15,0.0582,1
ORD-2024-002117,CUST-03633,2024-01-02,0.0917,2
ORD-2024-002118,CUST-04525,2024-01-16,0.0768,2
ORD-2024-002119,CUST-00462,2024-01-02,0.1056,1
ORD-2024-002120,CUST-03481,2024-01-07,0.1629,2
ORD-2024-002121,CUST-01940,2024-01-15,0.3207,2
ORD-2024-002122,CUST-01865,2024-01-07,0.2584,1
ORD-2024-002123,CUST-04985,2024-01-11,0.1869,1
ORD-2024-002124,CUST-02299,2024-01-01,0.0899,2
ORD-2024-002125,CUST-03170,2024-01-08,0.03,2
ORD-2024-002126,CUST-00511,2024-01-22,0.3136,1
ORD-2024-002127,CUST-04262,2024-01-02,0.0751,1
ORD-2024-002128,CUST-01872,2024-01-08,0.0733,2
ORD-2024-002129,CUST-04403,2024-01-12,0.1212,1
ORD-2024-002130,CUST-05610,2024-01-28,0.0751,1
ORD-2024-002131,CUST-02162,2024-01-31,0.4397,3
ORD-2024-002132,CUST-05206,2024-01-06,0.0598,1
ORD-2024-002133,CUST-00930,2024-01-07,0.0108,1
ORD-2024-002134,CUST-03309,2024-01-31,0.2289,1
ORD-2024-002135,CUST-03094,2024-01-30,0.0936,1
ORD-2024-002136,CUST-03490,2024-01-23,0.1584,1
ORD-2024-002137,CUST-01623,2024-01-16,0.0317,2
ORD-2024-002138,CUST-05124,2024-01-28,0.1277,3
ORD-2024-002139,CUST-03057,2024-01-09,0.0354,2
ORD-2024-002140,CUST-01784,2024-01-18,0.1263,2
ORD-2024-002141,CUST-04749,2024-01-22,0.0789,2
ORD-2024-002142,CUST-01264,2024-01-05,0.1764,2
ORD-2024-002143,CUST-01231,2024-01-11,0.0574,1
ORD-2024-002144,CUST-01457,2024-01-18,0.3535,1
ORD-2024-002145,CUST-05143,2024-01-07,0.2517,1
ORD-2024-002146,CUST-01023,2024-01-20,0.1262,2
ORD-2024-002147,CUST-03309,2024-01-11,0.1951,1
ORD-2024-002148,CUST-05060,2024-01-19,0.0531,1
ORD-2024-002149,CUST-00192,2024-01-13,0.0674,1
ORD-2024-002150,CUST-02669,2024-01-24,0.1123,1
ORD-2024-002151,CUST-04468,2024-01-16,0.012,2
ORD-2024-002152,CUST-00356,2024-01-17,0.0886,2
ORD-2024-002153,CUST-04916,2024-01-02,0.1421,5
ORD-2024-002154,CUST-01464,2024-01-30,0.1909,1
ORD-2024-002155,CUST-03489,2024-01-14,0.1224,2
ORD-2024-002156,CUST-00728,2024-01-24,0.145,3
ORD-2024-002157,CUST-05125,2024-01-20,0.019,2
ORD-2024-002158,CUST-01630,2024-01-23,0.0787,1
ORD-2024-002159,CUST-00722,2024-01-15,0.3595,1
ORD-2024-002160,CUST-05904,2024-01-17,0.0559,1
ORD-2024-002161,CUST-03156,2024-01-29,0.0276,2
ORD-2024-002162,CUST-04174,2024-01-27,0.0056,1
ORD-2024-002163,CUST-00600,2024-01-28,0.2927,1
ORD-2024-002164,CUST-02037,2024-01-08,0.037,1
ORD-2024-002165,CUST-01846,2024-01-17,0.0195,1
ORD-2024-002166,CUST-04916,2024-01-06,0.2224,2
ORD-2024-002167,CUST-05949,2024-01-05,0.1886,1
ORD-2024-002168,CUST-04824,2024-01-13,0.0505,1
ORD-2024-002169,CUST-01998,2024-01-26,0.0684,1
ORD-2024-002170,CUST-05950,2024-01-31,0.0804,3
ORD-2024-002171,CUST-03881,2024-01-08,0.0586,2
ORD-2024-002172,CUST-01908,2024-01-10,0.0569,4
ORD-2024-002173,CUST-02246,2024-01-02,0.0442,2
ORD-2024-002174,CUST-02364,2024-01-15,0.0587,2
ORD-2024-002175,CUST-01488,2024-01-25,0.0208,2
ORD-2024-002176,CUST-00348,2024-01-28,0.1628,3
ORD-2024-002177,CUST-04896,2024-01-11,0.0819,3
ORD-2024-002178,CUST-02604,2024-01-05,0.0248,2
ORD-2024-002179,CUST-03987,2024-01-21,0.1141,4
ORD-2024-002180,CUST-01182,2024-01-04,0.0538,1
ORD-2024-002181,CUST-03641,2024-01-15,0.1544,2
ORD-2024-002182,CUST-01684,2024-01-31,0.3495,1
ORD-2024-002183,CUST-02782,2024-01-06,0.0545,1
ORD-2024-002184,CUST-05941,2024-01-09,0.1654,1
ORD-2024-002185,CUST-00330,2024-01-19,0.0956,2
ORD-2024-002186,CUST-01147,2024-01-26,0.0956,5
ORD-2024-002187,CUST-01329,2024-01-05,0.0588,1
ORD-2024-002188,CUST-02644,2024-01-27,0.1016,4
ORD-2024-002189,CUST-04281,2024-01-04,0.0198,2
ORD-2024-002190,CUST-01896,2024-01-09,0.1452,2
ORD-2024-002191,CUST-02527,2024-01-06,0.0547,1
ORD-2024-002192,CUST-02633,2024-01-08,0.3236,1
ORD-2024-002193,CUST-04159,2024-01-05,0.1862,1
ORD-2024-002194,CUST-01035,2024-01-27,0.3227,3
ORD-2024-002195,CUST-01866,2024-01-24,0.0137,2
ORD-2024-002196,CUST-01293,2024-01-17,0.2328,1
ORD-2024-002197,CUST-00502,2024-01-08,0.1478,1
ORD-2024-002198,CUST-04985,2024-01-10,0.0509,1
ORD-2024-002199,CUST-01850,2024-01-16,0.0397,1
ORD-2024-002200,CUST-02200,2024-01-16,0.0644,1
ORD-2024-002201,CUST-03934,2024-01-14,0.0379,2
ORD-2024-002202,CUST-01367,2024-01-17,0.0519,1
ORD-2024-002203,CUST-01496,2024-01-22,0.2023,1
ORD-2024-002204,CUST-00208,2024-01-08,0.1282,1
ORD-2024-002205,CUST-05000,2024-01-14,0.125,1
ORD-2024-002206,CUST-04368,2024-01-23,0.0841,1
ORD-2024-002207,CUST-02496,2024-01-24,0.1101,2
ORD-2024-002208,CUST-03171,2024-01-22,0.1097,2
ORD-2024-002209,CUST-02067,2024-01-10,0.0927,2
ORD-2024-002210,CUST-05303,2024-01-25,0.2583,2
ORD-2024-002211,CUST-05168,2024-01-01,0.1071,5
ORD-2024-002212,CUST-01603,2024-01-04,0.0121,1
ORD-2024-002213,CUST-00456,2024-01-15,0.0389,3
ORD-2024-002214,CUST-03890,2024-01-11,0.0584,3
ORD-2024-002215,CUST-02761,2024-01-06,0.0648,1
ORD-2024-002216,CUST-00106,2024-01-11,0.11,1
ORD-2024-002217,CUST-05895,2024-01-23,0.0216,1
ORD-2024-002218,CUST-03846,2024-01-31,0.1317,1
ORD-2024-002219,CUST-04384,2024-01-05,0.0317,1
ORD-2024-002220,CUST-03490,2024-01-13,0.0327,1
ORD-2024-002221,CUST-04405,2024-01-10,0.2316,2
ORD-2024-002222,CUST-03428,2024-01-09,0.3463,1
ORD-2024-002223,CUST-01943,2024-01-07,0.55,1
ORD-2024-002224,CUST-01522,2024-01-14,0.0914,2
ORD-2024-002225,CUST-04706,2024-01-24,0.0355,1
ORD-2024-002226,CUST-03724,2024-01-27,0.0414,1
ORD-2024-002227,CUST-00210,2024-01-19,0.1632,1
ORD-2024-002228,CUST-03774,2024-01-13,0.1122,1
ORD-2024-002229,CUST-03168,2024-01-25,0.1354,3
ORD-2024-002230,CUST-04984,2024-01-10,0.2559,1
ORD-2024-002231,CUST-05130,2024-01-25,0.1069,3
ORD-2024-002232,CUST-00131,2024-01-30,0.2545,2
ORD-2024-002233,CUST-04689,2024-01-25,0.0987,1
ORD-2024-002234,CUST-01257,2024-01-03,0.037,1
ORD-2024-002235,CUST-00160,2024-01-13,0.0648,3
ORD-2024-002236,CUST-00920,2024-01-31,0.1386,1
ORD-2024-002237,CUST-05950,2024-01-15,0.0205,2
ORD-2024-002238,CUST-04461,2024-01-11,0.2153,1
ORD-2024-002239,CUST-00770,2024-01-28,0.277,1
ORD-2024-002240,CUST-05013,2024-01-29,0.0301,1
ORD-2024-002241,CUST-04885,2024-01-01,0.0959,3
ORD-2024-002242,CUST-03996,2024-01-02,0.0127,1
ORD-2024-002243,CUST-01184,2024-01-20,0.0836,3
ORD-2024-002244,CUST-01793,2024-01-02,0.1881,3
ORD-2024-002245,CUST-00760,2024-01-24,0.2663,3
ORD-2024-002246,CUST-05182,2024-01-30,0.0711,2
ORD-2024-002247,CUST-01710,2024-01-09,0.0026,1
ORD-2024-002248,CUST-00616,2024-01-09,0.1093,2
ORD-2024-002249,CUST-00737,2024-01-25,0.0686,1
ORD-2024-002250,CUST-03267,2024-01-27,0.3352,2
ORD-2024-002251,CUST-01632,2024-01-26,0.1231,2
ORD-2024-002252,CUST-01847,2024-01-17,0.0437,1
ORD-2024-002253,CUST-03076,2024-01-21,0.0304,3
ORD-2024-002254,CUST-02177,2024-01-19,0.1081,1
ORD-2024-002255,CUST-04332,2024-01-04,0.1596,1
ORD-2024-002256,CUST-02212,2024-01-02,0.0806,1
ORD-2024-002257,CUST-00877,2024-01-25,0.0678,3
ORD-2024-002258,CUST-02055,2024-01-08,0.0529,1
ORD-2024-002259,CUST-03237,2024-01-08,0.1089,1
ORD-2024-002260,CUST-00192,2024-01-11,0.0605,2
ORD-2024-002261,CUST-05060,2024-01-19,0.0728,3
ORD-2024-002262,CUST-00363,2024-01-16,0.0625,4
ORD-2024-002263,CUST-04624,2024-01-02,0.0972,1
ORD-2024-002264,CUST-03887,2024-01-29,0.0651,3
ORD-2024-002265,CUST-02065,2024-01-10,0.1642,1
ORD-2024-002266,CUST-01478,2024-01-26,0.0552,2
ORD-2024-002267,CUST-01158,2024-01-20,0.0602,2
ORD-2024-002268,CUST-05538,2024-01-07,0.1934,1
ORD-2024-002269,CUST-03536,2024-01-16,0.1754,2
ORD-2024-002270,CUST-05643,2024-01-12,0.1156,1
ORD-2024-002271,CUST-01398,2024-01-10,0.0418,1
ORD-2024-002272,CUST-05264,2024-01-14,0.0258,1
ORD-2024-002273,CUST-01452,2024-01-24,0.1467,2
ORD-2024-002274,CUST-03908,2024-01-16,0.0258,1
ORD-2024-002275,CUST-04697,2024-01-18,0.1543,1
ORD-2024-002276,CUST-00397,2024-01-18,0.0408,1
ORD-2024-002277,CUST-04178,2024-01-12,0.0334,2
ORD-2024-002278,CUST-01169,2024-01-29,0.028,1
ORD-2024-002279,CUST-02644,2024-01-29,0.056,3
ORD-2024-002280,CUST-02612,2024-01-18,0.0373,1
ORD-2024-002281,CUST-00403,2024-01-11,0.4219,2
ORD-2024-002282,CUST-02412,2024-01-31,0.0187,2
ORD-2024-002283,CUST-02622,2024-01-02,0.0965,1
ORD-2024-002284,CUST-02192,2024-01-30,0.1052,3
ORD-2024-002285,CUST-01308,2024-01-24,0.1758,2
ORD-2024-002286,CUST-01519,2024-01-25,0.0759,2
ORD-2024-002287,CUST-03197,2024-01-15,0.0644,1
ORD-2024-002288,CUST-00564,2024-01-12,0.108,5
ORD-2024-002289,CUST-01147,2024-01-16,0.0473,3
ORD-2024-002290,CUST-05859,2024-01-04,0.1702,1
ORD-2024-002291,CUST-04825,2024-01-20,0.105,2
ORD-2024-002292,CUST-03543,2024-01-06,0.1409,1
ORD-2024-002293,CUST-05343,2024-01-30,0.1784,1
ORD-2024-002294,CUST-03192,2024-01-12,0.0995,2
ORD-2024-002295,CUST-01160,2024-01-14,0.0297,2
ORD-2024-002296,CUST-02936,2024-01-07,0.2749,1
ORD-2024-002297,CUST-02762,2024-01-29,0.1529,3
ORD-2024-002298,CUST-00642,2024-01-21,0.1866,2
ORD-2024-002299,CUST-05073,2024-01-30,0.0183,3
ORD-2024-002300,CUST-04104,2024-01-20,0.0654,1
ORD-2024-002301,CUST-05275,2024-01-03,0.1495,1
ORD-2024-002302,CUST-03218,2024-01-21,0.0378,1
ORD-2024-002303,CUST-02690,2024-01-25,0.1854,1
ORD-2024-002304,CUST-00506,2024-01-08,0.1049,1
ORD-2024-002305,CUST-05443,2024-01-11,0.463,5
ORD-2024-002306,CUST-02416,2024-01-04,0.221,1
ORD-2024-002307,CUST-03987,2024-01-05,0.2273,2
ORD-2024-002308,CUST-00104,2024-01-01,0.1466,1
ORD-2024-002309,CUST-02280,2024-01-08,0.1511,3
ORD-2024-002310,CUST-02513,2024-01-31,0.0182,3
ORD-2024-002311,CUST-04381,2024-01-05,0.1014,1
ORD-2024-002312,CUST-04251,2024-01-07,0.0403,1
ORD-2024-002313,CUST-03915,2024-01-27,0.1816,3
ORD-2024-002314,CUST-01505,2024-01-14,0.0638,2
ORD-2024-002315,CUST-02007,2024-01-15,0.1776,1
ORD-2024-002316,CUST-02407,2024-01-17,0.1103,1
ORD-2024-002317,CUST-04530,2024-01-08,0.0403,1
ORD-2024-002318,CUST-02834,2024-01-27,0.0399,2
ORD-2024-002319,CUST-04486,2024-01-11,0.3246,1
ORD-2024-002320,CUST-04332,2024-01-16,0.086,3
ORD-2024-002321,CUST-04063,2024-01-12,0.017,2
ORD-2024-002322,CUST-00554,2024-01-02,0.0417,1
ORD-2024-002323,CUST-04734,2024-01-04,0.0122,1
ORD-2024-002324,CUST-01555,2024-01-17,0.2584,2
ORD-2024-002325,CUST-04721,2024-01-22,0.1851,3
ORD-2024-002326,CUST-03121,2024-01-20,0.0959,2
ORD-2024-002327,CUST-00163,2024-01-30,0.0394,1
ORD-2024-002328,CUST-01209,2024-01-04,0.1176,1
ORD-2024-002329,CUST-05354,2024-01-25,0.0259,1
ORD-2024-002330,CUST-02639,2024-01-29,0.083,3
ORD-2024-002331,CUST-01501,2024-01-02,0.0649,1
ORD-2024-002332,CUST-00912,2024-01-27,0.2404,1
ORD-2024-002333,CUST-01107,2024-01-06,0.1209,3
ORD-2024-002334,CUST-03520,2024-01-21,0.2041,2
ORD-2024-002335,CUST-04445,2024-01-13,0.0485,2
ORD-2024-002336,CUST-03741,,0.0593,1
ORD-2024-002337,CUST-04007,2024-01-10,0.2305,1
ORD-2024-002338,CUST-00080,2024-01-12,0.1585,1
ORD-2024-002339,CUST-01410,2024-01-25,0.1872,1
ORD-2024-002340,CUST-02698,2024-01-08,0.1951,1
ORD-2024-002341,CUST-03467,2024-01-22,0.1238,1
ORD-2024-002342,CUST-04264,2024-01-20,0.0346,1
ORD-2024-002343,CUST-00177,2024-01-05,0.0508,2
ORD-2024-002344,CUST-04489,2024-01-22,0.1078,1
ORD-2024-002345,CUST-04024,2027-01-01,0.2388,3
ORD-2024-002346,CUST-03393,2024-01-29,0.0305,1
ORD-2024-002347,CUST-00331,2024-01-25,0.0746,1
ORD-2024-002348,CUST-04478,2024-01-23,0.0179,2
ORD-2024-002349,CUST-04672,2024-01-02,0.0121,1
ORD-2024-002350,CUST-05118,2024-01-29,0.2006,3
ORD-2024-002351,CUST-03681,2024-01-15,0.0443,3
ORD-2024-002352,CUST-04063,2024-01-09,0.0504,1
ORD-2024-002353,CUST-02397,2024-01-11,0.55,1
ORD-2024-002354,CUST-00786,2024-01-20,0.1071,3
ORD-2024-002355,CUST-00483,2024-01-05,0.2302,1
ORD-2024-002356,CUST-03824,2024-01-01,0.2793,3
ORD-2024-002357,CUST-00029,2024-01-09,0.1945,1
ORD-2024-002358,CUST-01086,2024-01-11,0.0461,1
ORD-2024-002359,CUST-05035,2024-01-30,0.193,4
ORD-2024-002360,CUST-04572,2024-01-12,0.2513,1
ORD-2024-002361,CUST-02699,2024-01-23,0.1317,1
ORD-2024-002362,CUST-04373,2024-01-15,0.2937,1
ORD-2024-002363,CUST-03931,2024-01-12,0.1595,1
ORD-2024-002364,CUST-04005,2024-01-09,0.0656,1
ORD-2024-002365,CUST-04207,2024-01-29,0.1179,1
ORD-2024-002366,CUST-04519,2024-01-15,0.1344,3
ORD-2024-002367,CUST-03805,2024-01-04,0.2122,1
ORD-2024-002368,CUST-05286,2024-01-06,0.2203,2
ORD-2024-002369,CUST-03363,2024-01-09,0.0769,1
ORD-2024-002370,CUST-00497,2024-01-28,0.0041,1
ORD-2024-002371,CUST-01623,2024-01-13,0.04,1
ORD-2024-002372,CUST-05408,2024-01-18,0.0723,1
ORD-2024-002373,CUST-04232,2024-01-14,0.2066,1
ORD-2024-002374,CUST-02610,2024-01-04,0.4326,1
ORD-2024-002375,CUST-05982,2024-01-27,0.0776,3
ORD-2024-002376,CUST-03607,2024-01-23,0.0372,2
ORD-2024-002377,CUST-03185,2024-01-22,0.166,5
ORD-2024-002378,CUST-04520,2024-01-28,0.0269,1
ORD-2024-002379,CUST-03127,2024-01-20,0.2073,1
ORD-2024-002380,CUST-05638,2024-01-30,0.0506,1
ORD-2024-002381,CUST-01831,2024-01-16,0.0965,2
ORD-2024-002382,CUST-03391,2024-01-03,0.003,1
ORD-2024-002383,CUST-02568,2024-01-06,0.2656,1
ORD-2024-002384,CUST-01231,2024-01-11,0.1244,2
ORD-2024-002385,CUST-01108,2024-01-27,0.0782,1
ORD-2024-002386,CUST-04662,2024-01-30,0.0138,1
ORD-2024-002387,CUST-05420,2024-01-31,0.1802,3
ORD-2024-002388,CUST-03804,2024-01-14,0.0883,1
ORD-2024-002389,CUST-00180,2024-01-15,0.0239,2
ORD-2024-002390,CUST-01165,2024-01-19,0.1249,1
ORD-2024-002391,CUST-04988,2024-01-16,0.0919,1
ORD-2024-002392,CUST-04794,2024-01-03,0.1094,1
ORD-2024-002393,CUST-04796,2024-01-16,0.1726,1
ORD-2024-002394,CUST-02937,2024-01-31,0.083,1
ORD-2024-002395,CUST-03170,2024-01-21,0.0309,2
ORD-2024-002396,CUST-00835,2024-01-20,0.0608,2
ORD-2024-002397,CUST-02501,2024-01-26,0.0937,1
ORD-2024-002398,CUST-03609,2024-01-07,0.1634,1
ORD-2024-002399,CUST-03614,2024-01-18,0.3287,3
ORD-2024-002400,CUST-02911,2024-01-05,0.1501,1
ORD-2024-002401,CUST-00988,2024-01-14,0.1817,1
ORD-2024-002402,CUST-02327,2024-01-19,0.0304,2
ORD-2024-002403,CUST-00141,2024-01-02,0.3776,1
ORD-2024-002404,CUST-05759,2024-01-11,0.1021,3
ORD-2024-002405,CUST-05196,2024-01-28,0.0897,2
ORD-2024-002406,CUST-01202,2027-01-01,0.0444,2
ORD-2024-002407,CUST-03087,2024-01-28,0.0988,1
ORD-2024-002408,CUST-03701,2024-01-02,0.0879,1
ORD-2024-002409,CUST-02183,2024-01-14,0.0444,1
ORD-2024-002410,CUST-04666,2024-01-12,0.1283,2
ORD-2024-002411,CUST-03455,2024-01-29,0.1301,2
ORD-2024-002412,CUST-02656,2024-01-23,0.2122,2
ORD-2024-002413,CUST-02681,2024-01-16,0.0715,1
ORD-2024-002414,CUST-05271,2024-01-06,0.105,3
ORD-2024-002415,CUST-04542,2024-01-24,0.0391,1
ORD-2024-002416,CUST-05909,2024-01-22,0.1662,2
ORD-2024-002417,CUST-00482,2024-01-24,0.0712,1
ORD-2024-002418,CUST-02669,2024-01-07,0.2105,1
ORD-2024-002419,CUST-02412,2024-01-08,0.0226,5
ORD-2024-002420,CUST-03066,2024-01-10,0.0413,1
ORD-2024-002421,CUST-05254,2024-01-20,0.0907,1
ORD-2024-002422,CUST-03656,2024-01-10,0.2511,3
ORD-2024-002423,CUST-01973,2024-01-16,0.0479,1
ORD-2024-002424,CUST-01488,2024-01-30,0.0665,2
ORD-2024-002425,CUST-03120,2024-01-24,0.0639,1
ORD-2024-002426,CUST-05369,2024-01-06,0.1171,1
ORD-2024-002427,CUST-03250,2024-01-15,0.0177,1
ORD-2024-002428,CUST-02423,2024-01-15,0.1617,1
ORD-2024-002429,CUST-02474,2024-01-31,0.1668,2
ORD-2024-002430,CUST-01345,2024-01-31,0.032,1
ORD-2024-002431,CUST-02803,2024-01-20,0.0728,1
ORD-2024-002432,CUST-02760,2024-01-23,0.2485,1
ORD-2024-002433,CUST-03101,2024-01-12,0.0413,3
ORD-2024-002434,CUST-00554,2024-01-05,0.0595,5
ORD-2024-002435,CUST-01517,2024-01-03,0.0223,1
ORD-2024-002436,CUST-04749,2024-01-08,0.0392,1
ORD-2024-002437,CUST-04985,2024-01-15,0.2157,1
ORD-2024-002438,CUST-00700,2024-01-20,0.0864,1
ORD-2024-002439,CUST-04456,2024-01-20,0.172,1
ORD-2024-002440,CUST-05436,2024-01-25,0.0198,1
ORD-2024-002441,CUST-01487,2024-01-11,0.0165,1
ORD-2024-002442,CUST-01488,2024-01-01,0.0476,1
ORD-2024-002443,CUST-02477,2024-01-06,0.0291,2
ORD-2024-002444,CUST-00057,2024-01-17,0.0847,1
ORD-2024-002445,CUST-03101,2024-01-12,0.0053,1
ORD-2024-002446,CUST-03553,2024-01-31,0.2364,2
ORD-2024-002447,CUST-01775,2027-01-01,0.2786,3
ORD-2024-002448,CUST-05416,2024-01-03,0.0117,3
ORD-2024-002449,CUST-00670,2024-01-01,0.1175,1
ORD-2024-002450,CUST-03057,2024-01-31,0.0793,3
ORD-2024-002451,CUST-00983,2024-01-12,0.0678,4
ORD-2024-002452,CUST-05079,2024-01-19,0.0724,2
ORD-2024-002453,CUST-03727,2024-01-26,0.153,1
ORD-2024-002454,CUST-01771,2024-01-06,0.0455,3
ORD-2024-002455,CUST-00224,2024-01-26,0.1069,3
ORD-2024-002456,CUST-03586,2024-01-30,0.044,1
ORD-2024-002457,CUST-01194,2024-01-20,0.1276,4
ORD-2024-002458,CUST-00990,2024-01-11,0.3022,1
ORD-2024-002459,CUST-02044,2024-01-22,0.0474,1
ORD-2024-002460,CUST-04271,2024-01-10,0.0378,3
ORD-2024-002461,CUST-02191,2024-01-03,0.1845,1
ORD-2024-002462,CUST-02901,2024-01-18,0.023,1
ORD-2024-002463,CUST-02110,2024-01-20,0.0204,3
ORD-2024-002464,CUST-01480,2024-01-04,0.1072,2
ORD-2024-002465,CUST-04856,2024-01-13,0.052,2
ORD-2024-002466,CUST-02838,2024-01-22,0.1584,3
ORD-2024-002467,CUST-02382,2024-01-13,0.1138,1
ORD-2024-002468,CUST-04220,2024-01-23,0.4038,1
ORD-2024-002469,CUST-03238,2024-01-02,0.0116,1
ORD-2024-002470,CUST-03640,2024-01-16,0.06,1
ORD-2024-002471,CUST-00172,2024-01-11,0.0122,3
ORD-2024-002472,CUST-00737,2024-01-16,0.1091,2
ORD-2024-002473,CUST-03143,2024-01-28,0.0128,1
ORD-2024-002474,CUST-00456,2024-01-21,0.0436,1
ORD-2024-002475,CUST-04501,2024-01-16,0.0213,1
ORD-2024-002476,CUST-04520,2024-01-15,0.01,1
ORD-2024-002477,CUST-02576,2024-01-26,0.0285,1
ORD-2024-002478,CUST-05316,2024-01-31,0.1159,1
ORD-2024-002479,CUST-00771,2024-01-27,0.0645,2
ORD-2024-002480,CUST-02917,2024-01-20,0.1432,2
ORD-2024-002481,CUST-00065,2024-01-07,0.0502,2
ORD-2024-002482,CUST-03919,2024-01-14,0.0254,3
ORD-2024-002483,CUST-03827,2024-01-30,0.0974,2
ORD-2024-002484,CUST-02585,2024-01-21,0.0952,1
ORD-2024-002485,CUST-01012,2024-01-23,0.1747,1
ORD-2024-002486,CUST-03216,2024-01-17,0.0657,3
ORD-2024-002487,CUST-02551,2024-01-05,0.1227,1
ORD-2024-002488,CUST-02420,2024-01-17,0.131,2
ORD-2024-002489,CUST-02410,2024-01-07,0.0587,1
ORD-2024-002490,CUST-04177,2024-01-03,0.442,1
ORD-2024-002491,CUST-01863,2024-01-09,0.1111,1
ORD-2024-002492,CUST-04226,2024-01-17,0.2122,1
ORD-2024-002493,CUST-04958,2024-01-31,0.0966,1
ORD-2024-002494,CUST-04027,2024-01-17,0.0433,1
ORD-2024-002495,CUST-03308,2024-01-03,0.0531,3
ORD-2024-002496,CUST-02476,2024-01-17,0.1502,1
ORD-2024-002497,CUST-04802,2024-01-11,0.0097,1
ORD-2024-002498,CUST-05184,2024-01-28,0.0922,1
ORD-2024-002499,CUST-01680,2024-01-05,0.074,1
ORD-2024-002500,CUST-02127,2024-01-14,0.0762,1
ORD-2024-002501,CUST-04919,2027-01-01,0.0109,1
ORD-2024-002502,CUST-01619,2024-01-19,0.017,3
ORD-2024-002503,CUST-02937,2024-01-25,0.0869,4
ORD-2024-002504,CUST-04403,2024-01-15,0.0363,1
ORD-2024-002505,CUST-01863,2024-01-16,0.0519,1
ORD-2024-002506,CUST-04673,2024-01-24,0.1899,3
ORD-2024-002507,CUST-00949,2024-01-08,0.0611,3
ORD-2024-002508,CUST-03386,2024-01-25,0.032,1
ORD-2024-002509,CUST-04098,2024-01-04,0.0116,2
ORD-2024-002510,CUST-02848,2024-01-23,0.3702,1
ORD-2024-002511,CUST-02068,2024-01-06,0.0505,1
ORD-2024-002512,CUST-05310,2024-01-28,0.0523,1
ORD-2024-002513,CUST-03991,2024-01-30,0.0742,1
ORD-2024-002514,CUST-03398,2024-01-22,0.1015,2
ORD-2024-002515,CUST-03094,2024-01-28,0.1236,1
ORD-2024-002516,CUST-04225,2024-01-23,0.0935,2
ORD-2024-002517,CUST-05304,2024-01-09,0.2831,1
ORD-2024-002518,CUST-01302,2024-01-10,0.1403,1
ORD-2024-002519,CUST-00144,2024-01-26,0.0527,1
ORD-2024-002520,CUST-00687,2024-01-17,0.0529,2
ORD-2024-002521,CUST-03931,2024-01-27,0.1562,2
ORD-2024-002522,CUST-03727,2024-01-07,0.0642,1
ORD-2024-002523,CUST-02631,2024-01-17,0.0262,1
ORD-2024-002524,CUST-02875,2024-01-13,0.0783,2
ORD-2024-002525,CUST-03986,2024-01-02,0.0458,1
ORD-2024-002526,CUST-02886,2024-01-15,0.5495,1
ORD-2024-002527,CUST-03513,2024-01-20,0.0774,2
ORD-2024-002528,CUST-00456,2024-01-19,0.0651,2
ORD-2024-002529,CUST-02257,2024-01-10,0.072,3
ORD-2024-002530,CUST-01071,2024-01-26,0.1085,1
ORD-2024-002531,CUST-01726,2024-01-11,0.0279,1
ORD-2024-002532,CUST-01983,2024-01-15,0.0063,1
ORD-2024-002533,CUST-04722,2024-01-25,0.4162,1
ORD-2024-002534,CUST-01264,2024-01-10,0.1702,1
ORD-2024-002535,CUST-03757,2024-01-26,0.2242,2
ORD-2024-002536,CUST-01132,2024-01-07,0.1871,2
ORD-2024-002537,CUST-02679,2024-01-16,0.0467,1
ORD-2024-002538,CUST-03609,2024-01-19,0.0913,2
ORD-2024-002539,CUST-02496,2024-01-27,0.0493,1
ORD-2024-002540,CUST-02585,2024-01-21,0.1325,2
ORD-2024-002541,CUST-05310,2024-01-10,0.0355,1
ORD-2024-002542,CUST-02299,2024-01-25,0.0376,1
ORD-2024-002543,CUST-03468,2024-01-30,0.0262,3
ORD-2024-002544,CUST-03607,2024-01-02,0.0482,1
ORD-2024-002545,CUST-00702,2024-01-23,0.0131,1
ORD-2024-002546,CUST-00295,2024-01-27,0.0841,1
ORD-2024-002547,CUST-01818,2024-01-14,0.1623,2
ORD-2024-002548,CUST-01149,2024-01-10,0.0444,1
ORD-2024-002549,CUST-03836,2024-01-07,0.0348,2
ORD-2024-002550,CUST-05966,2024-01-14,0.0869,2
ORD-2024-002551,CUST-00564,2024-01-20,0.0534,1
ORD-2024-002552,CUST-05256,2024-01-10,0.0711,1
ORD-2024-002553,CUST-02301,2024-01-04,0.0277,1
ORD-2024-002554,CUST-04098,2024-01-20,0.039,3
ORD-2024-002555,CUST-00818,2024-01-19,0.2634,2
ORD-2024-002556,CUST-05311,2024-01-07,0.1374,1
ORD-2024-002557,CUST-03679,2024-01-14,0.2046,2
ORD-2024-002558,CUST-02844,2024-01-27,0.0377,1
ORD-2024-002559,CUST-03042,2024-01-25,0.2103,1
ORD-2024-002560,CUST-01934,2024-01-18,0.0083,1
ORD-2024-002561,CUST-01487,2024-01-16,0.0476,2
ORD-2024-002562,CUST-05426,2024-01-27,0.1029,1
ORD-2024-002563,CUST-01413,2024-01-20,0.099,3
ORD-2024-002564,CUST-04639,2024-01-30,0.1811,2
ORD-2024-002565,CUST-01007,2024-01-02,0.1226,3
ORD-2024-002566,CUST-01367,2024-01-12,0.0314,4
ORD-2024-002567,CUST-01742,2024-01-22,0.0699,3
ORD-2024-002568,CUST-03929,2024-01-13,0.092,1
ORD-2024-002569,CUST-04896,2024-01-06,0.3324,1
ORD-2024-002570,CUST-04534,2024-01-04,0.0225,1
ORD-2024-002571,CUST-05950,2024-01-08,0.0713,3
ORD-2024-002572,CUST-03024,2024-01-29,0.1439,2
ORD-2024-002573,CUST-01189,2024-01-20,0.0245,2
ORD-2024-002574,CUST-03495,2024-01-23,0.4573,1
ORD-2024-002575,CUST-04394,2024-01-28,0.1951,1
ORD-2024-002576,CUST-03998,2024-01-04,0.212,2
ORD-2024-002577,CUST-02949,2024-01-30,0.049,1
ORD-2024-002578,CUST-01655,2024-01-30,0.0859,2
ORD-2024-002579,CUST-03493,2024-01-06,0.2895,3
ORD-2024-002580,CUST-03236,2024-01-11,0.0444,1
ORD-2024-002581,CUST-03307,2024-01-10,0.0678,2
ORD-2024-002582,CUST-04310,2024-01-11,0.0318,1
ORD-2024-002583,CUST-00956,2024-01-05,0.0871,1
ORD-2024-002584,CUST-01568,2024-01-07,0.2019,2
ORD-2024-002585,CUST-02301,2024-01-16,0.2786,1
ORD-2024-002586,CUST-00743,2024-01-08,0.1,1
ORD-2024-002587,CUST-05659,2024-01-21,0.1099,1
ORD-2024-002588,CUST-05825,2024-01-23,0.168,2
ORD-2024-002589,CUST-02279,2024-01-28,0.0231,1
ORD-2024-002590,CUST-05676,2024-01-04,0.0551,3
ORD-2024-002591,CUST-03378,2024-01-19,0.0324,1
ORD-2024-002592,CUST-02939,2024-01-21,0.1155,1
ORD-2024-002593,CUST-04555,2024-01-24,0.0689,1
ORD-2024-002594,CUST-03114,2024-01-12,0.1242,1
ORD-2024-002595,CUST-02920,2024-01-14,0.0277,1
ORD-2024-002596,CUST-05046,2024-01-24,0.0101,3
ORD-2024-002597,CUST-04673,2024-01-10,0.1512,1
ORD-2024-002598,CUST-00368,2024-01-11,0.0992,3
ORD-2024-002599,CUST-01174,2024-01-10,0.0417,1
ORD-2024-002600,CUST-03429,2024-01-04,0.0686,1
ORD-2024-002601,CUST-04390,2024-01-11,0.0325,1
ORD-2024-002602,CUST-02596,2024-01-13,0.0803,3
ORD-2024-002603,CUST-01165,2024-01-12,0.1758,2
ORD-2024-002604,CUST-05022,2024-01-30,0.0093,1
ORD-2024-002605,CUST-02882,2024-01-11,0.104,1
ORD-2024-002606,CUST-03131,2024-01-15,0.0586,1
ORD-2024-002607,CUST-01062,2024-01-03,0.1063,2
ORD-2024-002608,CUST-03347,2024-01-31,0.0787,2
ORD-2024-002609,CUST-02259,2024-01-27,0.1381,2
ORD-2024-002610,CUST-00054,2024-01-11,0.0919,1
ORD-2024-002611,CUST-02965,2024-01-08,0.2301,1
ORD-2024-002612,CUST-00397,2024-01-20,0.0389,3
ORD-2024-002613,CUST-03044,2024-01-25,0.1261,1
ORD-2024-002614,CUST-02060,2024-01-29,0.1618,1
ORD-2024-002615,CUST-03986,2024-01-05,0.2788,1
ORD-2024-002616,CUST-02727,2024-01-28,0.0762,1
ORD-2024-002617,CUST-04329,2024-01-11,0.1016,1
ORD-2024-002618,CUST-00437,2024-01-28,0.1665,1
ORD-2024-002619,CUST-02068,2024-01-27,0.0203,1
ORD-2024-002620,CUST-04545,2024-01-19,0.036,1
ORD-2024-002621,CUST-01831,2024-01-13,0.2896,1
ORD-2024-002622,CUST-02167,2024-01-13,0.0206,1
ORD-2024-002623,CUST-03563,2024-01-04,0.1481,1
ORD-2024-002624,CUST-01501,2024-01-22,0.0403,2
ORD-2024-002625,CUST-01060,2024-01-04,0.0405,2
ORD-2024-002626,CUST-03062,2024-01-18,0.4166,3
ORD-2024-002627,CUST-02334,2024-01-11,0.1375,1
ORD-2024-002628,CUST-04151,2024-01-22,0.0419,1
ORD-2024-002629, CUST-01487 ,2024-01-08,0.0231,2
ORD-2024-002630,CUST-05229,2024-01-16,0.13,3
ORD-2024-002631,CUST-00672,2024-01-17,0.0233,1
ORD-2024-002632,CUST-02216,2024-01-21,0.0559,1
ORD-2024-002633,CUST-00079,2024-01-30,0.1124,2
ORD-2024-002634,CUST-04869,2024-01-09,0.1024,2
ORD-2024-002635,CUST-00641,2024-01-18,0.0752,1
ORD-2024-002636, CUST-01058 ,2024-01-10,0.0504,1
ORD-2024-002637,CUST-00003,2024-01-28,0.0091,1
ORD-2024-002638,CUST-02779,2024-01-17,0.0532,1
ORD-2024-002639,CUST-05180,2024-01-16,0.0741,2
ORD-2024-002640,CUST-03250,2024-01-04,0.0086,1
ORD-2024-002641,CUST-04607,2024-01-04,0.0182,1
ORD-2024-002642,CUST-03836,2024-01-21,0.2182,1
ORD-2024-002643,CUST-04885,2024-01-23,0.2012,1
ORD-2024-002644,CUST-00751,2024-01-20,0.0927,2
ORD-2024-002645,CUST-04787,2024-01-05,0.1064,1
ORD-2024-002646,CUST-04525,2024-01-20,0.0553,1
ORD-2024-002647,CUST-04266,2024-01-20,0.0955,2
ORD-2024-002648,CUST-00434,2024-01-21,0.03,1
ORD-2024-002649,CUST-03154,2024-01-18,0.2163,2
ORD-2024-002650,CUST-03621,2024-01-12,0.1512,1
ORD-2024-002651,CUST-03888,2024-01-31,0.1551,3
ORD-2024-002652,CUST-03579,2024-01-31,0.0428,1
ORD-2024-002653,CUST-02820,2024-01-01,0.0606,1
ORD-2024-002654,CUST-05426,2024-01-29,0.0849,1
ORD-2024-002655,CUST-01570,2024-01-10,0.0937,3
ORD-2024-002656,CUST-04896,2024-01-14,0.1987,4
ORD-2024-002657,CUST-02249,2024-01-06,0.0401,1
ORD-2024-002658,CUST-04621,2024-01-12,0.147,2
ORD-2024-002659,CUST-03991,2024-01-21,0.0991,1
ORD-2024-002660,CUST-00942,2024-01-23,0.0663,1
ORD-2024-002661,CUST-03408,2024-01-15,0.0507,3
ORD-2024-002662,CUST-01684,2024-01-26,0.1091,4
ORD-2024-002663,CUST-00759,2024-01-26,0.008,1
ORD-2024-002664,CUST-04857,2024-01-06,0.2082,1
ORD-2024-002665,CUST-03566,2024-01-19,0.2017,1
ORD-2024-002666,CUST-04310,2024-01-10,0.101,4
ORD-2024-002667,CUST-04841,2024-01-03,0.0586,4
ORD-2024-002668,CUST-02681,2024-01-06,0.1964,1
ORD-2024-002669,CUST-01923,2024-01-04,0.0129,2
ORD-2024-002670,CUST-03106,2024-01-03,0.016,1
ORD-2024-002671,CUST-01607,2024-01-26,0.0407,1
ORD-2024-002672,CUST-00029,2024-01-16,0.0709,4
ORD-2024-002673,CUST-01589,2024-01-27,0.0466,1
ORD-2024-002674,CUST-01390,2024-01-16,0.0275,1
ORD-2024-002675,CUST-05171,2024-01-02,0.0216,1
ORD-2024-002676,CUST-02644,2024-01-09,0.0052,1
ORD-2024-002677,CUST-00755,2024-01-16,0.0675,3
ORD-2024-002678,CUST-02321,2024-01-06,0.0107,1
ORD-2024-002679,CUST-05346,2024-01-15,0.1413,1
ORD-2024-002680,CUST-03199,2024-01-29,0.0495,1
ORD-2024-002681,CUST-01335,2024-01-24,0.2394,1
ORD-2024-002682,CUST-05209,2024-01-18,0.077,2
ORD-2024-002683,CUST-00106,2024-01-02,0.1021,1
ORD-2024-002684,CUST-02699,2024-01-31,0.0284,2
ORD-2024-002685,CUST-04727,2024-01-07,0.0971,4
ORD-2024-002686,CUST-04931,2024-01-26,0.3855,1
ORD-2024-002687,CUST-02006,2024-01-20,0.0222,3
ORD-2024-002688,CUST-05602,2024-01-29,0.0154,1
ORD-2024-002689,CUST-00493,2024-01-21,0.1305,2
ORD-2024-002690,CUST-05170,2024-01-22,0.0707,2
ORD-2024-002691,CUST-03917,2024-01-21,0.029,1
ORD-2024-002692,CUST-02154,2024-01-13,0.0171,2
ORD-2024-002693,CUST-04357,2024-01-08,0.1598,1
ORD-2024-002694,CUST-04304,2024-01-17,0.0569,1
ORD-2024-002695,CUST-03832,2024-01-04,0.0485,1
ORD-2024-002696,CUST-02872,2024-01-04,0.0253,3
ORD-2024-002697,CUST-00903,2024-01-16,0.0438,2
ORD-2024-002698,CUST-04446,2024-01-18,0.0275,4
ORD-2024-002699,CUST-04534,2024-01-07,0.0105,2
ORD-2024-002700,CUST-00585,2024-01-19,0.1652,3
ORD-2024-002701,CUST-02016,2024-01-22,0.032,1
ORD-2024-002702,CUST-04175,2024-01-30,0.3106,1
ORD-2024-002703,CUST-02399,2024-01-30,0.1191,2
ORD-2024-002704,CUST-00981,2024-01-22,0.082,1
ORD-2024-002705,CUST-04146,2024-01-31,0.0167,1
ORD-2024-002706,CUST-05819,2024-01-15,0.0819,2
ORD-2024-002707,CUST-02212,2024-01-28,0.027,1
ORD-2024-002708,CUST-04965,2024-01-17,0.1817,1
ORD-2024-002709,CUST-00984,2024-01-11,0.2301,5
ORD-2024-002710,CUST-04432,2024-01-15,0.0036,1
ORD-2024-002711,CUST-04116,2024-01-31,0.3253,1
ORD-2024-002712,CUST-00394,2024-01-21,0.1343,1
ORD-2024-002713,CUST-01130,2024-01-09,0.0352,1
ORD-2024-002714,CUST-04546,2024-01-11,0.0251,2
ORD-2024-002715,CUST-01565,2024-01-28,0.0638,1
ORD-2024-002716,CUST-02757,2024-01-07,0.1722,1
ORD-2024-002717,CUST-04701,2024-01-21,0.034,1
ORD-2024-002718,,2024-01-15,0.0604,2
ORD-2024-002719,CUST-03861,2024-01-29,0.1419,1
ORD-2024-002720,CUST-01508,2024-01-18,0.0422,3
ORD-2024-002721,CUST-02294,2024-01-26,0.1742,1
ORD-2024-002722,CUST-05101,2024-01-21,0.2224,2
ORD-2024-002723,CUST-05796,2024-01-08,0.0275,2
ORD-2024-002724,CUST-00402,2024-01-06,0.0141,1
ORD-2024-002725,CUST-03861,2024-01-22,0.1589,1
ORD-2024-002726,CUST-00817,2024-01-01,0.45,1
ORD-2024-002727,CUST-03098,2024-01-03,0.0341,2
ORD-2024-002728,CUST-00493,2024-01-13,0.0778,1
ORD-2024-002729,CUST-04521,2024-01-08,0.008,1
ORD-2024-002730,CUST-03294,2024-01-15,0.0721,1
ORD-2024-002731,CUST-01606,2024-01-09,0.258,2
ORD-2024-002732,CUST-04404,2024-01-28,0.2617,1
ORD-2024-002733,CUST-01765,2024-01-14,0.0601,4
ORD-2024-002734,CUST-03530,2024-01-30,0.2381,3
ORD-2024-002735,CUST-00273,2024-01-28,0.0536,1
ORD-2024-002736,CUST-00721,2024-01-27,0.0599,1
ORD-2024-002737,CUST-04740,2024-01-21,0.0741,3
ORD-2024-002738,CUST-03405,2024-01-02,0.0244,3
ORD-2024-002739,CUST-04887,2024-01-12,0.0344,1
ORD-2024-002740,CUST-04222,2024-01-14,0.1805,3
ORD-2024-002741,CUST-01589,2024-01-28,0.0269,1
ORD-2024-002742,CUST-02822,2024-01-12,0.1158,1
ORD-2024-002743,CUST-02620,2024-01-14,0.117,1
ORD-2024-002744,CUST-04649,2024-01-06,0.0139,1
ORD-2024-002745,CUST-04526,2024-01-09,0.1344,3
ORD-2024-002746,CUST-02681,2024-01-15,0.1056,4
ORD-2024-002747,CUST-00825,2024-01-29,0.0403,3
ORD-2024-002748,CUST-03881,2024-01-09,0.0703,1
ORD-2024-002749,CUST-04129,2024-01-07,0.0371,1
ORD-2024-002750,CUST-04684,2024-01-17,0.241,1
ORD-2024-002751,CUST-02749,2024-01-16,0.0657,2
ORD-2024-002752,CUST-04305,2024-01-26,0.1719,2
ORD-2024-002753,CUST-04642,2024-01-09,0.0069,1
ORD-2024-002754,CUST-02754,2024-01-05,0.0081,1
ORD-2024-002755,CUST-05516,2024-01-11,0.0496,2
ORD-2024-002756,CUST-01995,2024-01-28,0.0707,3
ORD-2024-002757,CUST-04479,2024-01-20,0.1006,1
ORD-2024-002758,CUST-03681,2024-01-30,0.064,1
ORD-2024-002759,CUST-00082,2024-01-30,0.3208,1
ORD-2024-002760,CUST-05825,2024-01-23,0.1903,3
ORD-2024-002761,CUST-04168,2024-01-21,0.1384,3
ORD-2024-002762,CUST-00252,2024-01-22,0.037,2
ORD-2024-002763,CUST-02423,2024-01-15,0.0518,3
ORD-2024-002764,CUST-04764,2024-01-08,0.0881,3
ORD-2024-002765,CUST-02947,2024-01-10,0.2219,1
ORD-2024-002766,CUST-00607,2024-01-14,0.0186,2
ORD-2024-002767,CUST-02874,2024-01-24,0.2273,2
ORD-2024-002768,CUST-05581,2024-01-14,0.0162,1
ORD-2024-002769,CUST-02479,2024-01-10,0.1529,1
ORD-2024-002770,CUST-00493,2024-01-05,0.036,2
ORD-2024-002771,CUST-04036,2024-01-26,0.0684,2
ORD-2024-002772,CUST-03374,2024-01-03,0.2388,1
ORD-2024-002773,CUST-02478,2024-01-22,0.0832,1
ORD-2024-002774,CUST-02681,2024-01-29,0.0273,1
ORD-2024-002775,CUST-04001,2024-01-31,0.1291,2
ORD-2024-002776,CUST-00413,2024-01-30,0.0656,1
ORD-2024-002777,CUST-02147,2024-01-27,0.0633,1
ORD-2024-002778,CUST-04886,2024-01-19,0.0225,4
ORD-2024-002779,CUST-03505,2024-01-06,0.2674,1
ORD-2024-002780,CUST-00853,2024-01-20,0.1553,2
ORD-2024-002781,CUST-03393,2024-01-15,0.1072,1
ORD-2024-002782,CUST-01096,2024-01-11,0.0781,1
ORD-2024-002783,CUST-03236,2024-01-11,0.0651,2
ORD-2024-002784,CUST-04896,2024-01-07,0.2316,1
ORD-2024-002785,CUST-01264,2024-01-13,0.1518,1
ORD-2024-002786,CUST-02166,2024-01-02,0.0745,1
ORD-2024-002787,CUST-02622,2024-01-05,0.0075,1
ORD-2024-002788,CUST-05043,2024-01-23,0.2141,3
ORD-2024-002789,CUST-02310,2024-01-14,0.0761,1
ORD-2024-002790,CUST-01871,2024-01-23,0.0849,1
ORD-2024-002791,CUST-02625,2024-01-13,0.0396,1
ORD-2024-002792,CUST-02657,2024-01-10,0.0705,1
ORD-2024-002793,CUST-03826,2024-01-18,0.0979,5
ORD-2024-002794,CUST-03210,2024-01-29,0.0343,1
ORD-2024-002795,CUST-02298,2024-01-15,0.0689,1
ORD-2024-002796,CUST-00876,2024-01-06,0.1739,1
ORD-2024-002797,CUST-02773,2024-01-09,0.2168,1
ORD-2024-002798,CUST-04036,2024-01-28,0.3867,1
ORD-2024-002799,CUST-04697,2024-01-24,0.0885,1
ORD-2024-002800,CUST-02263,2024-01-29,0.1861,3
ORD-2024-002801,CUST-03683,2024-01-30,0.0586,1
ORD-2024-002802,CUST-01035,2024-01-27,0.1844,1
ORD-2024-002803,CUST-04326,2024-01-28,0.017,1
ORD-2024-002804,CUST-05325,2024-01-10,0.1483,1
ORD-2024-002805,CUST-01303,2024-01-14,0.1088,1
ORD-2024-002806,CUST-03391,2024-01-17,0.0141,1
ORD-2024-002807,CUST-00552,2024-01-06,0.4107,1
ORD-2024-002808,CUST-04787,2024-01-27,0.0737,2
ORD-2024-002809,CUST-02217,2024-01-06,0.1947,4
ORD-2024-002810,CUST-00147,2024-01-26,0.0956,2
ORD-2024-002811,CUST-00148,2024-01-27,0.0415,2
ORD-2024-002812,CUST-04291,2024-01-01,0.0678,1
ORD-2024-002813,CUST-04012,2024-01-03,0.0871,1
ORD-2024-002814,CUST-01616,2024-01-12,0.0451,3
ORD-2024-002815,CUST-02423,2024-01-29,0.0961,1
ORD-2024-002816,CUST-05295,2024-01-10,0.0122,1
ORD-2024-002817,CUST-03216,2024-01-14,0.1073,1
ORD-2024-002818,CUST-04419,2024-01-21,0.0735,3
ORD-2024-002819,CUST-03114,2024-01-07,0.0561,1
ORD-2024-002820,CUST-03091,2024-01-10,0.0407,1
ORD-2024-002821,CUST-02092,2024-01-09,0.3656,1
ORD-2024-002822,CUST-00892,2024-01-27,0.0858,1
ORD-2024-002823,CUST-04053,2024-01-09,0.1098,1
ORD-2024-002824,CUST-05643,2024-01-27,0.1629,1
ORD-2024-002825,CUST-00932,2024-01-25,0.1506,2
ORD-2024-002826,CUST-04733,2024-01-21,0.1056,1
ORD-2024-002827,CUST-05001,2024-01-15,0.5233,2
ORD-2024-002828,CUST-01124,2024-01-25,0.3649,3
ORD-2024-002829,CUST-01798,2024-01-05,0.0579,1
ORD-2024-002830,CUST-00049,2024-01-28,0.0701,3
ORD-2024-002831,CUST-01563,2024-01-04,0.0483,2
ORD-2024-002832,CUST-04801,2024-01-04,0.3487,1
ORD-2024-002833,CUST-02110,2024-01-10,0.0096,1
ORD-2024-002834,CUST-02003,2024-01-21,0.0398,1
ORD-2024-002835,CUST-02557,2024-01-25,0.0768,1
ORD-2024-002836,CUST-04462,2024-01-16,0.0696,1
ORD-2024-002837,CUST-03991,2024-01-28,0.0344,2
ORD-2024-002838,CUST-02065,2024-01-10,0.0284,1
ORD-2024-002839,CUST-00181,2024-01-11,0.0535,1
ORD-2024-002840,CUST-03723,2024-01-12,0.0314,1
ORD-2024-002841,CUST-02834,2027-01-01,0.0328,1
ORD-2024-002842,CUST-00366,2024-01-10,0.1214,1
ORD-2024-002843,CUST-03610,2024-01-23,0.0928,1
ORD-2024-002844,CUST-05379,2024-01-14,0.1488,2
ORD-2024-002845,CUST-05079,2024-01-30,0.1715,1
ORD-2024-002846,CUST-04348,2024-01-24,0.1193,1
ORD-2024-002847,CUST-04929,2024-01-11,0.2899,2
ORD-2024-002848,CUST-03803,2024-01-13,0.1563,3
ORD-2024-002849,CUST-01295,2024-01-10,0.0276,1
ORD-2024-002850,CUST-03522,2024-01-21,0.24,3
ORD-2024-002851,CUST-03661,2024-01-07,0.0396,3
ORD-2024-002852,CUST-05379,2024-01-17,0.0943,3
ORD-2024-002853,CUST-04419,2024-01-14,0.0937,5
ORD-2024-002854,CUST-04841,2024-01-05,0.1936,1
ORD-2024-002855,CUST-03363,2024-01-19,0.0398,1
ORD-2024-002856,CUST-03480,2024-01-11,0.2174,1
ORD-2024-002857,CUST-04350,2027-01-01,0.1032,1
ORD-2024-002858,CUST-02081,2024-01-06,0.0402,3
ORD-2024-002859,CUST-02664,2024-01-05,0.0605,1
ORD-2024-002860,CUST-05163,2024-01-05,0.0963,1
ORD-2024-002861,CUST-02937,2024-01-30,0.254,1
ORD-2024-002862,CUST-00463,2024-01-19,0.1205,1
ORD-2024-002863,CUST-02099,2024-01-09,0.1344,3
ORD-2024-002864,CUST-05419,2024-01-06,0.0376,3
ORD-2024-002865,CUST-04798,2024-01-17,0.0502,3
ORD-2024-002866,CUST-03987,2024-01-16,0.2034,2
ORD-2024-002867,CUST-02936,2024-01-04,0.0713,1
ORD-2024-002868,CUST-01952,2024-01-25,0.55,1
ORD-2024-002869,CUST-03216,2024-01-11,0.1057,1
ORD-2024-002870,CUST-01230,2024-01-26,0.3381,1
ORD-2024-002871,CUST-06016,2024-01-23,0.0625,1
ORD-2024-002872,CUST-02686,2024-01-09,0.3549,1
ORD-2024-002873,CUST-00407,2024-01-07,0.0444,1
ORD-2024-002874,CUST-03687,2024-01-17,0.1874,3
ORD-2024-002875,CUST-03401,2024-01-15,0.0301,1
ORD-2024-002876,CUST-04522,2024-01-14,0.2655,1
ORD-2024-002877,CUST-02249,2024-01-04,0.0764,2
ORD-2024-002878,CUST-03009,2024-01-08,0.1516,1
ORD-2024-002879,CUST-02236,2024-01-11,0.1757,1
ORD-2024-002880,CUST-05130,2024-01-02,0.0263,1
ORD-2024-002881,CUST-01684,2024-01-21,0.1809,1
ORD-2024-002882,CUST-05547,2024-01-23,0.0697,2
ORD-2024-002883,CUST-02626,2024-01-19,0.0767,2
ORD-2024-002884,CUST-04092,2024-01-26,0.1016,1
ORD-2024-002885,CUST-05555,2024-01-21,0.1452,3
ORD-2024-002886,CUST-01554,2024-01-01,0.1153,2
ORD-2024-002887,CUST-02404,2024-01-03,0.0742,1
ORD-2024-002888,CUST-04230,2024-01-22,0.082,1
ORD-2024-002889,CUST-00641,2024-01-04,0.0709,1
ORD-2024-002890,CUST-02174,2024-01-05,0.0243,1
ORD-2024-002891,CUST-00148,2024-01-23,0.0527,3
ORD-2024-002892,CUST-00455,2024-01-24,0.2893,2
ORD-2024-002893,CUST-01231,2024-01-22,0.1079,2
ORD-2024-002894,CUST-03681,2024-01-14,0.0752,2
ORD-2024-002895,CUST-03210,2024-01-31,0.0287,2
ORD-2024-002896,CUST-05227,2024-01-27,0.0411,1
ORD-2024-002897,CUST-03132,2024-01-08,0.0562,2
ORD-2024-002898,CUST-04229,2024-01-09,0.1398,3
ORD-2024-002899,CUST-00721,2024-01-30,0.0689,2
ORD-2024-002900,CUST-01158,2024-01-18,0.1275,3
ORD-2024-002901,CUST-01623,2024-01-17,0.0081,1
ORD-2024-002902,CUST-01067,2024-01-19,0.0883,3
ORD-2024-002903,CUST-02281,2024-01-05,0.1875,1
ORD-2024-002904,CUST-02073,2024-01-18,0.3438,1
ORD-2024-002905,CUST-04923,2024-01-03,0.0724,3
ORD-2024-002906,CUST-00670,2024-01-13,0.1197,2
ORD-2024-002907,CUST-01060,2024-01-24,0.0299,2
ORD-2024-002908,CUST-02870,2024-01-16,0.1095,2
ORD-2024-002909,CUST-03180,2024-01-12,0.052,2
ORD-2024-002910,CUST-01492,2024-01-30,0.3151,1
ORD-2024-002911,CUST-03738,2024-01-14,0.0559,1
ORD-2024-002912,CUST-04235,2024-01-26,0.4053,1
ORD-2024-002913,CUST-01296,2024-01-07,0.0353,1
ORD-2024-002914,CUST-03473,2024-01-04,0.08,3
ORD-2024-002915,CUST-00208,2024-01-23,0.2618,3
ORD-2024-002916,CUST-04749,2024-01-09,0.1133,1
ORD-2024-002917,CUST-00118,2024-01-18,0.0532,4
ORD-2024-002918,CUST-04110,2024-01-18,0.097,3
ORD-2024-002919,CUST-01605,2024-01-24,0.0317,1
ORD-2024-002920,CUST-03865,2024-01-04,0.1472,2
ORD-2024-002921,CUST-01693,2024-01-16,0.1035,2
ORD-2024-002922,CUST-05538,2024-01-02,0.0503,1
ORD-2024-002923,CUST-03628,2024-01-25,0.1966,1
ORD-2024-002924,CUST-05982,2024-01-28,0.0687,2
ORD-2024-002925,CUST-03093,2024-01-08,0.4722,1
ORD-2024-002926,CUST-02681,2024-01-20,0.1403,3
ORD-2024-002927,CUST-00930,2024-01-12,0.0038,2
ORD-2024-002928,CUST-04828,2024-01-11,0.1575,1
ORD-2024-002929,CUST-04676,2024-01-17,0.2992,1
ORD-2024-002930,CUST-03608,2024-01-01,0.0158,1
ORD-2024-002931,CUST-03204,2024-01-23,0.0151,1
ORD-2024-002932,CUST-02041,2024-01-25,0.2539,3
ORD-2024-002933,CUST-00279,2024-01-24,0.155,1
ORD-2024-002934,CUST-05029,2024-01-11,0.1683,1
ORD-2024-002935,CUST-01750,2024-01-28,0.0927,2
ORD-2024-002936,CUST-01945,2024-01-27,0.0731,1
ORD-2024-002937,CUST-01599,2024-01-16,0.0497,3
ORD-2024-002938,CUST-04533,2024-01-16,0.05,1
ORD-2024-002939,CUST-00614,2024-01-24,0.1806,1
ORD-2024-002940,CUST-01296,2024-01-15,0.0097,2
ORD-2024-002941,CUST-01571,2024-01-06,0.0325,2
ORD-2024-002942,CUST-03012,2024-01-18,0.036,1
ORD-2024-002943,CUST-00766,2024-01-30,0.0121,1
ORD-2024-002944,CUST-05211,2024-01-30,0.1528,2
ORD-2024-002945,CUST-00021,2024-01-24,0.0112,1
ORD-2024-002946,CUST-02320,2024-01-10,0.3309,1
ORD-2024-002947,CUST-02241,2024-01-28,0.1134,3
ORD-2024-002948,CUST-04704,2024-01-28,0.0323,2
ORD-2024-002949,CUST-03002,2024-01-05,0.0632,1
ORD-2024-002950,CUST-04992,2024-01-13,0.1276,1
ORD-2024-002951,CUST-02975,2024-01-27,0.2045,1
ORD-2024-002952,CUST-04022,2024-01-30,0.041,1
ORD-2024-002953,CUST-00426,2024-01-07,0.0368,1
ORD-2024-002954,CUST-01790,2024-01-29,0.1364,2
ORD-2024-002955,CUST-01039,2024-01-31,0.168,1
ORD-2024-002956,CUST-05307,2024-01-20,0.2686,1
ORD-2024-002957,CUST-02288,2024-01-31,0.1846,1
ORD-2024-002958,CUST-02407,2024-01-04,0.2146,1
ORD-2024-002959,CUST-04422,2024-01-28,0.1201,1
ORD-2024-002960,CUST-05806,2024-01-12,0.3542,2
ORD-2024-002961,CUST-02279,2024-01-02,0.0162,1
ORD-2024-002962,CUST-01436,2024-01-02,0.1597,1
ORD-2024-002963,CUST-02340,2024-01-07,0.2737,1
ORD-2024-002964,CUST-02165,2024-01-26,0.2797,2
ORD-2024-002965,CUST-05328,2024-01-15,0.0243,3
ORD-2024-002966,CUST-02636,2024-01-25,0.0698,2
ORD-2024-002967,CUST-01798,2024-01-29,0.0255,2
ORD-2024-002968,CUST-04480,2024-01-04,0.0072,1
ORD-2024-002969,CUST-00003,2024-01-05,0.0731,3
ORD-2024-002970,CUST-02492,2024-01-22,0.0366,2
ORD-2024-002971,CUST-02924,2024-01-21,0.0106,1
ORD-2024-002972,CUST-02067,2024-01-19,0.0324,2
ORD-2024-002973,CUST-04609,2024-01-04,0.1206,1
ORD-2024-002974,CUST-00785,2024-01-07,0.1807,1
ORD-2024-002975,CUST-02596,2024-01-07,0.1215,3
ORD-2024-002976,CUST-03825,2024-01-25,0.0979,3
ORD-2024-002977,CUST-02607,2024-01-09,0.0837,1
ORD-2024-002978,CUST-05420,2024-01-11,0.0682,2
ORD-2024-002979,CUST-04491,2024-01-05,0.0813,5
ORD-2024-002980,CUST-02310,2024-01-31,0.0356,1
ORD-2024-002981,CUST-00096,2024-01-15,0.0166,1
ORD-2024-002982,CUST-03134,2024-01-28,0.2227,1
ORD-2024-002983,CUST-05720,2024-01-12,0.0566,1
ORD-2024-002984,CUST-05987,2024-01-13,0.0333,1
ORD-2024-002985,CUST-01841,2024-01-10,0.1779,2
ORD-2024-002986,CUST-04291,2024-01-07,0.2439,2
ORD-2024-002987,CUST-05350,2024-01-14,0.1879,3
ORD-2024-002988,CUST-01050,2024-01-04,0.0888,1
ORD-2024-002989,CUST-01831,2024-01-11,0.2434,1
ORD-2024-002990,CUST-03982,2024-01-12,0.0259,1
ORD-2024-002991,CUST-05995,2024-01-10,0.1227,2
ORD-2024-002992,CUST-04520,2024-01-18,0.0263,1
ORD-2024-002993,CUST-04291,2024-01-17,0.17,2
ORD-2024-002994,CUST-02740,2024-01-31,0.005,1
ORD-2024-002995,CUST-02678,2024-01-21,0.3118,1
ORD-2024-002996,CUST-04170,2024-01-31,0.1809,3
ORD-2024-002997,CUST-02459,2024-01-29,0.1371,1
ORD-2024-002998,CUST-02556,2024-01-15,0.0651,2
ORD-2024-002999,CUST-01356,2024-01-15,0.0434,2
ORD-2024-003000,CUST-05219,2024-01-10,0.4163,1
ORD-2024-003001,CUST-00153,2024-01-25,0.025,1
ORD-2024-003002,CUST-03368,2024-01-31,0.0615,2
ORD-2024-003003,CUST-05130,2024-01-26,0.1191,1
ORD-2024-003004,CUST-05181,2024-01-30,0.0359,3
ORD-2024-003005,CUST-00493,2024-01-20,0.0622,1
ORD-2024-003006,CUST-04744,2024-01-17,0.3738,2
ORD-2024-003007,CUST-03812,2024-01-08,0.0521,1
ORD-2024-003008,CUST-02787,2024-01-13,0.2401,1
ORD-2024-003009,CUST-03245,2024-01-16,0.187,1
ORD-2024-003010,CUST-00983,2024-01-05,0.1391,3
ORD-2024-003011,CUST-00833,2024-01-29,0.0481,1
ORD-2024-003012,CUST-02640,2024-01-20,0.0747,1
ORD-2024-003013,CUST-01771,2024-01-11,0.0345,2
ORD-2024-003014,CUST-02095,2024-01-24,0.1916,3
ORD-2024-003015,CUST-03963,2024-01-25,0.0402,1
ORD-2024-003016,CUST-02341,2024-01-22,0.2495,1
ORD-2024-003017,CUST-02486,2024-01-16,0.272,1
ORD-2024-003018,CUST-04800,2024-01-21,0.1946,1
ORD-2024-003019,CUST-01277,2024-01-08,0.0603,1
ORD-2024-003020,CUST-02503,2024-01-25,0.1505,4
ORD-2024-003021,CUST-04208,2024-01-02,0.3264,1
ORD-2024-003022,CUST-03143,2024-01-03,0.0162,2
ORD-2024-003023,CUST-01099,2024-01-30,0.0333,1
ORD-2024-003024,CUST-01482,2024-01-24,0.3255,1
ORD-2024-003025,CUST-00737,2024-01-23,0.101,1
ORD-2024-003026,CUST-02782,2024-01-30,0.1265,2
ORD-2024-003027,CUST-02254,2024-01-22,0.3241,1
ORD-2024-003028,CUST-00502,2024-01-09,0.0716,1
ORD-2024-003029,CUST-01670,2024-01-01,0.0659,3
ORD-2024-003030,CUST-00811,2024-01-27,0.1245,1
ORD-2024-003031,CUST-03554,2024-01-08,0.1975,1
ORD-2024-003032,CUST-03267,2024-01-15,0.1398,3
ORD-2024-003033,CUST-02527,2024-01-09,0.0243,1
ORD-2024-003034,CUST-03929,2024-01-07,0.105,1
ORD-2024-003035,CUST-02986,2024-01-09,0.1176,1
ORD-2024-003036,CUST-05011,2024-01-06,0.0858,1
ORD-2024-003037,CUST-02088,2024-01-22,0.086,1
ORD-2024-003038,CUST-04720,2024-01-06,0.0306,1
ORD-2024-003039,CUST-05839,2024-01-27,0.1717,2
ORD-2024-003040,CUST-00475,2024-01-10,0.2166,2
ORD-2024-003041,CUST-02387,2024-01-25,0.1322,3
ORD-2024-003042,CUST-00911,2024-01-06,0.0346,1
ORD-2024-003043,CUST-02606,2024-01-03,0.0508,1
ORD-2024-003044,CUST-04245,2024-01-24,0.1498,1
ORD-2024-003045,CUST-04560,2024-01-07,0.0773,2
ORD-2024-003046,CUST-04262,2024-01-07,0.0299,1
ORD-2024-003047,CUST-01147,2024-01-29,0.1807,1
ORD-2024-003048,CUST-01227,2024-01-11,0.2334,2
ORD-2024-003049,CUST-00039,2024-01-05,0.0601,1
ORD-2024-003050,CUST-00456,2024-01-21,0.0161,1
ORD-2024-003051,CUST-04908,2024-01-12,0.102,1
ORD-2024-003052,CUST-04513,2024-01-15,0.1032,1
ORD-2024-003053,CUST-04170,2024-01-08,0.2855,2
ORD-2024-003054,CUST-01724,2024-01-11,0.1337,2
ORD-2024-003055,CUST-02920,2024-01-26,0.0808,3
ORD-2024-003056,CUST-02251,2024-01-31,0.0522,2
ORD-2024-003057,CUST-04171,2024-01-12,0.0693,2
ORD-2024-003058,CUST-03095,2024-01-06,0.0156,1
ORD-2024-003059,CUST-02164,2024-01-28,0.0259,1
ORD-2024-003060,CUST-02899,2024-01-25,0.2724,1
ORD-2024-003061,CUST-01738,2024-01-31,0.0205,1
ORD-2024-003062,CUST-05408,2024-01-22,0.1498,3
ORD-2024-003063,CUST-04259,2024-01-02,0.0922,1
ORD-2024-003064,CUST-02901,2024-01-01,0.0097,1
ORD-2024-003065,CUST-04256,2024-01-20,0.0343,1
ORD-2024-003066,CUST-05419,2024-01-27,0.0133,2
ORD-2024-003067,CUST-00397,2024-01-29,0.0264,2
ORD-2024-003068,CUST-00350,2024-01-01,0.0516,2
ORD-2024-003069,CUST-01721,2024-01-12,0.0764,2
ORD-2024-003070,CUST-01930,2024-01-13,0.1981,1
ORD-2024-003071,CUST-05302,2024-01-20,0.104,3
ORD-2024-003072,CUST-00318,2024-01-19,0.0859,1
ORD-2024-003073,CUST-03967,2024-01-07,0.0657,5
ORD-2024-003074,CUST-01655,2024-01-24,0.068,1
ORD-2024-003075,,2024-01-21,0.179,1
ORD-2024-003076,CUST-01390,2024-01-21,0.1221,2
ORD-2024-003077,CUST-04772,2024-01-20,0.0272,2
ORD-2024-003078,CUST-04033,2024-01-26,0.0078,3
ORD-2024-003079,CUST-03187,2024-01-30,0.3208,3
ORD-2024-003080,CUST-05547,2024-01-25,0.0636,2
ORD-2024-003081,CUST-04735,2024-01-29,0.0159,2
ORD-2024-003082,CUST-00867,2024-01-12,0.133,1
ORD-2024-003083,CUST-02797,2024-01-06,0.0088,1
ORD-2024-003084,CUST-00273,2024-01-28,0.0989,2
ORD-2024-003085,CUST-00376,2024-01-02,0.0226,2
ORD-2024-003086,CUST-03628,2024-01-27,0.187,1
ORD-2024-003087,CUST-04487,2024-01-19,0.0715,1
ORD-2024-003088,CUST-02765,2024-01-25,0.0643,3
ORD-2024-003089,CUST-02937,2024-01-14,0.0602,1
ORD-2024-003090,CUST-01184,2024-01-03,0.139,3
ORD-2024-003091,CUST-02296,2024-01-25,0.0182,1
ORD-2024-003092,CUST-02255,2024-01-20,0.0417,5
ORD-2024-003093,CUST-04077,2024-01-06,0.0261,3
ORD-2024-003094,CUST-04310,2024-01-05,0.0546,2
ORD-2024-003095,CUST-05638,2024-01-25,0.0565,1
ORD-2024-003096,CUST-04844,2024-01-03,0.033,1
ORD-2024-003097,CUST-01693,2024-01-08,0.0707,3
ORD-2024-003098,CUST-03468,2024-01-21,0.0568,3
ORD-2024-003099,CUST-05237,2024-01-12,0.0268,3
ORD-2024-003100,CUST-04231,2024-01-29,0.045,1
ORD-2024-003101,CUST-04508,2024-01-27,0.0526,1
ORD-2024-003102,CUST-04855,2024-01-13,0.1978,3
ORD-2024-003103,CUST-01222,2024-01-30,0.0651,2
ORD-2024-003104,CUST-01732,2027-01-01,0.1502,1
ORD-2024-003105,CUST-00422,2024-01-31,0.0939,4
ORD-2024-003106,CUST-04069,2024-01-18,0.0229,3
ORD-2024-003107,CUST-02898,2024-01-25,0.0306,1
ORD-2024-003108,CUST-01826,2024-01-15,0.1889,1
ORD-2024-003109,CUST-00172,2024-01-07,0.0526,1
ORD-2024-003110,CUST-00892,2024-01-22,0.088,2
ORD-2024-003111,CUST-02666,2024-01-11,0.1269,2
ORD-2024-003112,CUST-04833,2024-01-12,0.0314,3
ORD-2024-003113,CUST-04662,2024-01-25,0.0608,3
ORD-2024-003114,CUST-03978,2024-01-29,0.1785,5
ORD-2024-003115,CUST-04036,2024-01-30,0.0814,2
ORD-2024-003116,CUST-01102,2024-01-26,0.0501,3
ORD-2024-003117,CUST-00915,2024-01-08,0.0492,1
ORD-2024-003118,CUST-04886,2024-01-06,0.0475,4
ORD-2024-003119,CUST-00357,2024-01-05,0.054,2
ORD-2024-003120,CUST-04744,2024-01-11,0.1596,1
ORD-2024-003121,CUST-04341,2024-01-29,0.1025,1
ORD-2024-003122,CUST-04319,2024-01-13,0.1435,1
ORD-2024-003123,CUST-02368,2024-01-24,0.0899,1
ORD-2024-003124,CUST-00703,2024-01-02,0.0906,3
ORD-2024-003125,CUST-03174,2024-01-29,0.2161,1
ORD-2024-003126,CUST-00410,2024-01-14,0.0675,1
ORD-2024-003127,CUST-01039,2024-01-12,0.1118,1
ORD-2024-003128,CUST-05494,2024-01-08,0.1221,2
ORD-2024-003129,CUST-00267,2024-01-08,0.1019,2
ORD-2024-003130,CUST-03923,2024-01-16,0.0529,2
ORD-2024-003131,CUST-05518,2024-01-12,0.437,2
ORD-2024-003132,CUST-01881,2024-01-27,0.3524,3
ORD-2024-003133,CUST-04310,2024-01-06,0.1259,4
ORD-2024-003134,CUST-01374,2024-01-22,0.1226,2
ORD-2024-003135,CUST-02449,2024-01-04,0.0219,1
ORD-2024-003136,CUST-03560,2024-01-19,0.1189,1
ORD-2024-003137,CUST-01230,2024-01-06,0.0951,1
ORD-2024-003138,CUST-05603,2024-01-25,0.033,1
ORD-2024-003139,CUST-02525,2024-01-16,0.0636,1
ORD-2024-003140,CUST-03810,2024-01-29,0.142,1
ORD-2024-003141,CUST-03969,2024-01-14,0.0629,1
ORD-2024-003142,CUST-03480,2024-01-06,0.2395,3
ORD-2024-003143,CUST-00393,2024-01-23,0.0627,1
ORD-2024-003144,CUST-02645,2024-01-04,0.1729,2
ORD-2024-003145,CUST-05393,2024-01-25,0.0601,1
ORD-2024-003146,CUST-03775,2024-01-03,0.1201,1
ORD-2024-003147,CUST-01398,2024-01-24,0.0341,1
ORD-2024-003148,CUST-01915,2024-01-31,0.0496,3
ORD-2024-003149,CUST-05110,2024-01-14,0.1475,2
ORD-2024-003150,CUST-01623,2024-01-02,0.0279,2
ORD-2024-003151,CUST-04790,2024-01-12,0.1669,1
ORD-2024-003152,CUST-06011,2024-01-15,0.1055,1
ORD-2024-003153,CUST-00272,2024-01-09,0.2733,1
ORD-2024-003154,CUST-00339,2024-01-12,0.2731,3
ORD-2024-003155,CUST-04277,2024-01-04,0.081,3
ORD-2024-003156,CUST-04076,2024-01-14,0.1847,1
ORD-2024-003157,CUST-01210,2024-01-20,0.1462,1
ORD-2024-003158,CUST-03233,2024-01-21,0.1717,2
ORD-2024-003159,CUST-04994,2024-01-13,0.1508,1
ORD-2024-003160,CUST-04997,2024-01-29,0.0139,1
ORD-2024-003161,CUST-01598,2024-01-22,0.1236,1
ORD-2024-003162,CUST-02122,2024-01-20,0.0321,3
ORD-2024-003163,CUST-00661,2024-01-28,0.0209,1
ORD-2024-003164,CUST-05676,2024-01-13,0.0047,1
ORD-2024-003165,CUST-00624,2024-01-20,0.0723,2
ORD-2024-003166,CUST-05469,2024-01-21,0.1427,1
ORD-2024-003167,CUST-02190,2024-01-02,0.0364,4
ORD-2024-003168,CUST-02471,2024-01-21,0.0526,1
ORD-2024-003169,CUST-04005,2024-01-22,0.1581,2
ORD-2024-003170,CUST-01729,2024-01-20,0.042,2
ORD-2024-003171,CUST-02836,2024-01-16,0.0265,1
ORD-2024-003172,CUST-02391,2024-01-27,0.0464,1
ORD-2024-003173,CUST-02249,2024-01-07,0.0485,3
ORD-2024-003174,CUST-04489,2024-01-23,0.1704,1
ORD-2024-003175,CUST-00863,2024-01-28,0.048,1
ORD-2024-003176,CUST-06011,2024-01-21,0.2296,1
ORD-2024-003177,CUST-03269,2024-01-31,0.0372,1
ORD-2024-003178,CUST-04255,2024-01-18,0.0216,1
ORD-2024-003179,CUST-03391,2024-01-05,0.0192,2
ORD-2024-003180,CUST-04572,2024-01-12,0.2176,3
ORD-2024-003181,CUST-01777,2027-01-01,0.0891,1
ORD-2024-003182,CUST-03227,2024-01-28,0.0188,1
ORD-2024-003183,CUST-04046,2024-01-12,0.0621,1
ORD-2024-003184,CUST-01860,2024-01-13,0.1488,4
ORD-2024-003185,CUST-01626,2024-01-26,0.2012,1
ORD-2024-003186,CUST-06005,2024-01-06,0.0622,1
ORD-2024-003187,CUST-00099,2024-01-14,0.0955,1
ORD-2024-003188,CUST-00996,2024-01-10,0.0147,2
ORD-2024-003189,CUST-00133,2024-01-30,0.0296,2
ORD-2024-003190,CUST-00012,2024-01-14,0.1747,1
ORD-2024-003191,CUST-01757,2024-01-10,0.0221,3
ORD-2024-003192,CUST-05638,2024-01-16,0.1272,1
ORD-2024-003193,CUST-00400,2024-01-06,0.0565,4
ORD-2024-003194,CUST-02429,2024-01-15,0.2056,1
ORD-2024-003195,CUST-00163,2024-01-30,0.0558,2
ORD-2024-003196,CUST-01292,2024-01-14,0.0218,3
ORD-2024-003197,CUST-02289,2024-01-04,0.0467,2
ORD-2024-003198,CUST-04564,2024-01-19,0.0381,1
ORD-2024-003199,CUST-03323,2024-01-05,0.1809,3
ORD-2024-003200,CUST-04706,2024-01-25,0.0422,1
ORD-2024-003201,CUST-01737,2024-01-16,0.0331,1
ORD-2024-003202,CUST-02965,2024-01-20,0.1716,1
ORD-2024-003203,CUST-01193,2024-01-08,0.0656,1
ORD-2024-003204,CUST-04854,2024-01-22,0.0618,1
ORD-2024-003205,CUST-02899,2024-01-27,0.212,1
ORD-2024-003206,CUST-04976,2024-01-04,0.0229,1
ORD-2024-003207,CUST-00393,2024-01-07,0.0936,1
ORD-2024-003208,CUST-04992,2024-01-05,0.1546,1
ORD-2024-003209,CUST-01435,2024-01-16,0.0456,1
ORD-2024-003210,CUST-00216,2024-01-27,0.0167,3
ORD-2024-003211,CUST-00192,2024-01-17,0.0888,4
ORD-2024-003212,CUST-05608,2024-01-18,0.006,4
ORD-2024-003213,CUST-04521,2024-01-11,0.0226,3
ORD-2024-003214,CUST-03204,2024-01-12,0.0062,1
ORD-2024-003215,CUST-03736,2024-01-24,0.0403,1
ORD-2024-003216,CUST-02110,2024-01-17,0.022,1
ORD-2024-003217,CUST-04697,2024-01-03,0.1061,3
ORD-2024-003218,CUST-02154,2024-01-23,0.0561,3
ORD-2024-003219,CUST-00946,2024-01-10,0.0248,1
ORD-2024-003220,CUST-02289,2024-01-29,0.0803,3
ORD-2024-003221,CUST-04864,2024-01-02,0.1264,3
ORD-2024-003222,CUST-04168,2024-01-12,0.1392,2
ORD-2024-003223,CUST-02940,2024-01-06,0.0566,1
ORD-2024-003224,CUST-01536,2024-01-22,0.1098,2
ORD-2024-003225,CUST-03415,2024-01-04,0.0179,1
ORD-2024-003226,CUST-03309,2024-01-27,0.1247,2
ORD-2024-003227,CUST-00023,2024-01-28,0.1272,2
ORD-2024-003228,CUST-03544,2024-01-20,0.0254,1
ORD-2024-003229,CUST-04271,2024-01-23,0.0905,3
ORD-2024-003230,CUST-04128,2024-01-17,0.081,4
ORD-2024-003231,CUST-00752,2024-01-06,0.04,1
ORD-2024-003232,CUST-03677,2024-01-30,0.0103,1
ORD-2024-003233,CUST-05819,2024-01-24,0.1053,1
ORD-2024-003234,CUST-05235,2024-01-04,0.0593,1
ORD-2024-003235,CUST-04644,2024-01-07,0.0319,1
ORD-2024-003236,CUST-01473,2024-01-19,0.1686,1
ORD-2024-003237,CUST-01202,2024-01-18,0.1803,1
ORD-2024-003238,CUST-04448,2024-01-31,0.1754,1
ORD-2024-003239,CUST-04787,2024-01-07,0.0415,1
ORD-2024-003240,CUST-00700,2024-01-16,0.0635,1
ORD-2024-003241,CUST-02324,2024-01-23,0.2135,1
ORD-2024-003242,CUST-03723,2024-01-21,0.0293,1
ORD-2024-003243,CUST-04194,2024-01-25,0.13,1
ORD-2024-003244,CUST-05513,2024-01-15,0.1186,2
ORD-2024-003245,CUST-02459,2024-01-27,0.1578,1
ORD-2024-003246,CUST-00068,2024-01-06,0.2305,1
ORD-2024-003247,CUST-00376,2024-01-31,0.0986,1
ORD-2024-003248,,2024-01-08,0.1129,1
ORD-2024-003249,CUST-05415,2024-01-06,0.0836,1
ORD-2024-003250,CUST-00521,2024-01-21,0.2954,2
ORD-2024-003251,CUST-00608,2024-01-12,0.104,3
ORD-2024-003252,,2024-01-03,0.013,1
ORD-2024-003253,CUST-02095,2027-01-01,0.3408,1
ORD-2024-003254,CUST-03076,2024-01-11,0.0389,3
ORD-2024-003255,CUST-03943,2024-01-03,0.0937,1
ORD-2024-003256,CUST-00950,2024-01-16,0.0984,1
ORD-2024-003257,,2024-01-10,0.0618,3
ORD-2024-003258,CUST-03724,2024-01-09,0.0269,2
ORD-2024-003259,CUST-03958,2024-01-16,0.1507,1
ORD-2024-003260,CUST-00214,2024-01-31,0.0672,1
ORD-2024-003261,CUST-05796,2024-01-22,0.0367,5
ORD-2024-003262,CUST-01909,2024-01-12,0.1794,2
ORD-2024-003263,CUST-03238,2024-01-25,0.0499,2
ORD-2024-003264,CUST-01391,2024-01-01,0.2596,1
ORD-2024-003265,CUST-00363,2024-01-21,0.0656,2
ORD-2024-003266,CUST-05593,2024-01-29,0.2496,3
ORD-2024-003267,CUST-02161,2024-01-19,0.012,1
ORD-2024-003268,CUST-04347,2024-01-06,0.0391,5
ORD-2024-003269,CUST-02224,2024-01-31,0.0907,2
ORD-2024-003270,CUST-03154,2024-01-29,0.1127,1
ORD-2024-003271,CUST-05488,2024-01-21,0.1066,1
ORD-2024-003272,CUST-02879,2024-01-19,0.1195,3
ORD-2024-003273,CUST-01189,2024-01-07,0.0857,1
ORD-2024-003274,CUST-00759,2024-01-06,0.0363,2
ORD-2024-003275,CUST-02301,2024-01-21,0.0473,2
ORD-2024-003276,CUST-02889,2024-01-16,0.0493,3
ORD-2024-003277,CUST-00275,2024-01-26,0.0783,2
ORD-2024-003278,CUST-05093,2024-01-25,0.077,2
ORD-2024-003279,CUST-04169,2024-01-30,0.1669,4
ORD-2024-003280,CUST-00039,2024-01-27,0.0683,2
ORD-2024-003281,CUST-01310,2024-01-02,0.0427,2
ORD-2024-003282,CUST-00238,2024-01-24,0.0884,2
ORD-2024-003283,CUST-00414,2024-01-19,0.0301,1
ORD-2024-003284,CUST-00462,2024-01-17,0.093,4
ORD-2024-003285,CUST-01320,2024-01-17,0.098,3
ORD-2024-003286,CUST-04805,2024-01-09,0.0422,3
ORD-2024-003287,CUST-05581,2024-01-25,0.0482,1
ORD-2024-003288,CUST-00613,2024-01-26,0.0055,1
ORD-2024-003289,CUST-03392,2024-01-08,0.0613,2
ORD-2024-003290,CUST-03091,2024-01-06,0.1024,3
ORD-2024-003291,CUST-02904,2024-01-02,0.0127,1
ORD-2024-003292,CUST-01632,2024-01-22,0.0427,1
ORD-2024-003293,CUST-01257,2024-01-31,0.0093,1
ORD-2024-003294,CUST-04644,2024-01-08,0.0359,1
ORD-2024-003295,CUST-01757,2024-01-09,0.0428,1
ORD-2024-003296,CUST-00226,2024-01-05,0.2084,1
ORD-2024-003297,CUST-01724,2024-01-29,0.0258,1
ORD-2024-003298,CUST-00830,2024-01-02,0.2838,1
ORD-2024-003299,CUST-05586,2024-01-05,0.0391,1
ORD-2024-003300,CUST-02207,2024-01-28,0.0141,2
ORD-2024-003301,CUST-00107,2024-01-24,0.1638,1
ORD-2024-003302,CUST-02536,2027-01-01,0.2929,1
ORD-2024-003303,CUST-03460,2024-01-31,0.0054,1
ORD-2024-003304,CUST-04913,2024-01-09,0.3811,1
ORD-2024-003305,CUST-01231,2024-01-04,0.1203,2
ORD-2024-003306,CUST-02822,2027-01-01,0.031,1
ORD-2024-003307,CUST-00379,2024-01-31,0.0177,1
ORD-2024-003308,CUST-04673,2024-01-27,0.2007,1
ORD-2024-003309,CUST-03216,2024-01-09,0.1833,2
ORD-2024-003310,CUST-03455,2024-01-13,0.0461,1
ORD-2024-003311,CUST-00613,2024-01-04,0.0088,1
ORD-2024-003312,CUST-02333,2024-01-14,0.1704,2
ORD-2024-003313,CUST-00337,2024-01-05,0.0926,2
ORD-2024-003314,CUST-00152,2024-01-15,0.0679,1
ORD-2024-003315,CUST-04180,2024-01-15,0.0873,3
ORD-2024-003316,CUST-00987,2024-01-02,0.0078,1
ORD-2024-003317,CUST-04849,2024-01-28,0.0612,1
ORD-2024-003318,CUST-04103,2024-01-28,0.1448,1
ORD-2024-003319,CUST-04624,2024-01-20,0.1609,1
ORD-2024-003320,CUST-00611,2024-01-14,0.0512,1
ORD-2024-003321,CUST-00949,2024-01-31,0.164,1
ORD-2024-003322,CUST-01923,2024-01-11,0.0411,1
ORD-2024-003323,CUST-05141,2024-01-18,0.0374,1
ORD-2024-003324,CUST-03746,2024-01-27,0.3831,1
ORD-2024-003325,CUST-01503,2024-01-01,0.0495,1
ORD-2024-003326,CUST-04364,2024-01-23,0.0481,1
ORD-2024-003327,CUST-02437,2024-01-05,0.084,1
ORD-2024-003328,CUST-02719,2024-01-15,0.3533,2
ORD-2024-003329,CUST-04841,2024-01-17,0.1502,3
ORD-2024-003330,CUST-01487,2024-01-14,0.0205,1
ORD-2024-003331,CUST-02649,2024-01-06,0.3103,2
ORD-2024-003332,CUST-02257,2024-01-29,0.1023,2
ORD-2024-003333,CUST-01346,2024-01-08,0.44,1
ORD-2024-003334,CUST-04526,2024-01-22,0.077,1
ORD-2024-003335,CUST-04159,2024-01-15,0.1569,2
ORD-2024-003336,CUST-03598,2024-01-26,0.0448,1
ORD-2024-003337,CUST-02391,2024-01-06,0.055,1
ORD-2024-003338,CUST-02474,2024-01-29,0.0615,2
ORD-2024-003339,CUST-01196,2024-01-01,0.2644,2
ORD-2024-003340,CUST-00352,2024-01-10,0.106,1
ORD-2024-003341,CUST-00529,2024-01-21,0.1022,3
ORD-2024-003342,CUST-01257,2024-01-01,0.0248,2
ORD-2024-003343,CUST-05563,2024-01-14,0.1121,3
ORD-2024-003344,CUST-00329,2024-01-17,0.2394,2
ORD-2024-003345,CUST-03865,2024-01-18,0.1091,1
ORD-2024-003346,CUST-05859,2024-01-05,0.0724,3
ORD-2024-003347,CUST-02230,2024-01-27,0.0694,2
ORD-2024-003348,CUST-00268,2024-01-11,0.0318,1
ORD-2024-003349,CUST-01474,2024-01-01,0.1453,2
ORD-2024-003350,CUST-01159,2024-01-30,0.0438,1
ORD-2024-003351,CUST-02778,2024-01-31,0.0168,1
ORD-2024-003352,CUST-05444,2024-01-19,0.0337,1
ORD-2024-003353,CUST-01947,2024-01-28,0.0456,1
ORD-2024-003354,CUST-03200,2024-01-04,0.0297,1
ORD-2024-003355,CUST-01130,2024-01-04,0.0179,1
ORD-2024-003356,CUST-04797,2024-01-26,0.0862,1
ORD-2024-003357,CUST-03718,2024-01-22,0.0068,1
ORD-2024-003358,CUST-02716,2024-01-22,0.0342,1
ORD-2024-003359,CUST-03457,2024-01-18,0.0515,1
ORD-2024-003360,CUST-02838,2024-01-03,0.0885,1
ORD-2024-003361,CUST-02782,2024-01-31,0.0567,1
ORD-2024-003362,CUST-00968,2024-01-15,0.0527,2
ORD-2024-003363,CUST-02699,2024-01-01,0.2582,1
ORD-2024-003364,CUST-04341,2024-01-14,0.1682,1
ORD-2024-003365,CUST-04277,2024-01-23,0.0387,1
ORD-2024-003366,CUST-04048,2024-01-23,0.023,1
ORD-2024-003367,CUST-00482,2024-01-09,0.0676,1
ORD-2024-003368,CUST-04920,2024-01-20,0.1153,3
ORD-2024-003369,CUST-00182,2024-01-05,0.0942,3
ORD-2024-003370,CUST-04046,2024-01-19,0.0768,3
ORD-2024-003371,CUST-02479,2024-01-13,0.1496,1
ORD-2024-003372,CUST-04447,2024-01-30,0.347,1
ORD-2024-003373,CUST-04504,2024-01-02,0.1024,2
ORD-2024-003374,CUST-05052,2024-01-24,0.0766,1
ORD-2024-003375,CUST-02217,2024-01-21,0.2187,2
ORD-2024-003376,CUST-00877,2024-01-09,0.3282,1
ORD-2024-003377,CUST-05971,2024-01-04,0.3746,1
ORD-2024-003378,CUST-03143,2024-01-22,0.0245,1
ORD-2024-003379,CUST-02486,2024-01-29,0.1851,2
ORD-2024-003380,CUST-05426,2024-01-21,0.2016,1
ORD-2024-003381,CUST-05181,2024-01-31,0.0359,2
ORD-2024-003382,CUST-02980,2024-01-17,0.1543,3
ORD-2024-003383,CUST-04583,2024-01-05,0.0699,1
ORD-2024-003384,CUST-05304,2024-01-20,0.1992,1
ORD-2024-003385,CUST-00150,2024-01-29,0.2096,1
ORD-2024-003386,CUST-01151,2024-01-28,0.1092,1
ORD-2024-003387,CUST-03289,2024-01-12,0.1368,1
ORD-2024-003388,CUST-02369,2024-01-02,0.061,1
ORD-2024-003389,CUST-00579,2024-01-15,0.3848,1
ORD-2024-003390,CUST-00615,2024-01-16,0.2344,2
ORD-2024-003391,CUST-04884,,0.0481,1
ORD-2024-003392,CUST-03822,2024-01-17,0.0438,1
ORD-2024-003393,CUST-02919,2024-01-27,0.0294,3
ORD-2024-003394,CUST-04183,2024-01-08,0.0205,2
ORD-2024-003395,CUST-05516,2024-01-31,0.0325,1
ORD-2024-003396,CUST-02889,2024-01-26,0.0447,1
ORD-2024-003397,CUST-04689,2024-01-02,0.1567,2
ORD-2024-003398,CUST-03523,2024-01-31,0.0919,1
ORD-2024-003399,CUST-04469,2024-01-13,0.0045,1
ORD-2024-003400,CUST-00621,2024-01-05,0.0544,1
ORD-2024-003401,CUST-00307,2024-01-20,0.4499,1
ORD-2024-003402,CUST-02413,2024-01-24,0.0864,3
ORD-2024-003403,CUST-01898,2024-01-31,0.1645,3
ORD-2024-003404,CUST-01872,2024-01-14,0.1489,2
ORD-2024-003405,CUST-02807,2024-01-23,0.052,1
ORD-2024-003406,CUST-03237,2024-01-03,0.0935,3
ORD-2024-003407,CUST-04350,2024-01-23,0.1421,3
ORD-2024-003408,CUST-04790,2024-01-17,0.1605,2
ORD-2024-003409,CUST-04986,2024-01-20,0.1754,2
ORD-2024-003410,CUST-02842,2024-01-03,0.0767,1
ORD-2024-003411,CUST-04242,2024-01-13,0.1468,1
ORD-2024-003412,CUST-04856,2024-01-27,0.0407,1
ORD-2024-003413,CUST-02358,2024-01-04,0.0274,1
ORD-2024-003414,CUST-00769,2024-01-18,0.1649,1
ORD-2024-003415,CUST-04701,2024-01-29,0.0124,1
ORD-2024-003416,CUST-01488,2024-01-23,0.0469,3
ORD-2024-003417,CUST-04997,2024-01-25,0.2197,1
ORD-2024-003418,CUST-05819,2024-01-08,0.0728,3
ORD-2024-003419,CUST-02663,2024-01-07,0.3628,2
ORD-2024-003420,CUST-01290,2024-01-22,0.0396,1
ORD-2024-003421,CUST-03942,2024-01-04,0.4135,2
ORD-2024-003422,CUST-03401,2024-01-28,0.0933,1
ORD-2024-003423,CUST-02989,2024-01-11,0.0335,1
ORD-2024-003424,CUST-01471,2024-01-28,0.059,1
ORD-2024-003425,CUST-05295,2024-01-09,0.0334,1
ORD-2024-003426,CUST-01189,2024-01-22,0.1049,5
ORD-2024-003427,CUST-01231,2024-01-27,0.0445,2
ORD-2024-003428,CUST-05623,2024-01-19,0.0092,1
ORD-2024-003429,CUST-01793,2024-01-27,0.0838,1
ORD-2024-003430,CUST-03369,2024-01-23,0.1164,3
ORD-2024-003431,CUST-04794,2024-01-24,0.1074,2
ORD-2024-003432,CUST-00570,2024-01-21,0.1762,2
ORD-2024-003433,CUST-03207,2024-01-17,0.1251,1
ORD-2024-003434,CUST-01513,2024-01-02,0.2822,1
ORD-2024-003435,CUST-03541,2024-01-18,0.2763,1
ORD-2024-003436,CUST-04443,2024-01-17,0.0602,5
ORD-2024-003437,CUST-01695,2024-01-10,0.0917,1
ORD-2024-003438,CUST-04930,2024-01-27,0.0633,1
ORD-2024-003439,CUST-00033,2024-01-29,0.1785,1
ORD-2024-003440,CUST-05982,2024-01-19,0.091,2
ORD-2024-003441,CUST-03156,2024-01-21,0.0407,1
ORD-2024-003442,CUST-03383,2024-01-14,0.036,1
ORD-2024-003443,CUST-04906,2024-01-09,0.0876,2
ORD-2024-003444,CUST-02511,2024-01-29,0.2759,1
ORD-2024-003445,CUST-04886,2024-01-31,0.0155,2
ORD-2024-003446,CUST-03216,2024-01-17,0.2224,1
ORD-2024-003447,CUST-05540,2024-01-03,0.2333,2
ORD-2024-003448,CUST-03774,2024-01-21,0.1092,4
ORD-2024-003449,CUST-00872,2024-01-20,0.1144,1
ORD-2024-003450,CUST-03485,2024-01-26,0.0302,1
ORD-2024-003451,CUST-02430,2024-01-01,0.1608,1
ORD-2024-003452,CUST-00743,2024-01-31,0.0902,3
ORD-2024-003453,CUST-04915,2024-01-12,0.058,2
ORD-2024-003454,CUST-00886,2024-01-14,0.1326,1
ORD-2024-003455,CUST-04876,2024-01-16,0.094,3
ORD-2024-003456,CUST-03071,2024-01-10,0.0327,1
ORD-2024-003457,CUST-02767,2024-01-09,0.0174,2
ORD-2024-003458,CUST-02289,2024-01-20,0.0885,2
ORD-2024-003459,CUST-05273,2024-01-23,0.3526,1
ORD-2024-003460,CUST-00935,2024-01-29,0.1818,1
ORD-2024-003461,CUST-04327,2024-01-29,0.1001,1
ORD-2024-003462,CUST-03259,2024-01-18,0.0435,1
ORD-2024-003463,CUST-02971,2024-01-10,0.0946,1
ORD-2024-003464,CUST-00507,2024-01-13,0.2373,2
ORD-2024-003465,CUST-01342,2024-01-18,0.0764,1
ORD-2024-003466,CUST-01863,2024-01-16,0.1543,1
ORD-2024-003467,CUST-04797,2024-01-18,0.1772,1
ORD-2024-003468,CUST-04749,2024-01-07,0.0577,1
ORD-2024-003469,CUST-05825,2024-01-19,0.0925,2
ORD-2024-003470,CUST-01004,2024-01-26,0.0397,3
ORD-2024-003471,CUST-03837,2024-01-30,0.0262,1
ORD-2024-003472,CUST-01355,2024-01-07,0.0762,1
ORD-2024-003473,,2024-01-01,0.108,2
ORD-2024-003474,CUST-04327,2024-01-09,0.2062,3
ORD-2024-003475,CUST-00571,2024-01-26,0.0677,1
ORD-2024-003476,CUST-03082,2024-01-14,0.0575,4
ORD-2024-003477,CUST-03090,2024-01-06,0.2338,2
ORD-2024-003478,CUST-03609,2024-01-06,0.0494,1
ORD-2024-003479,CUST-03681,2024-01-18,0.0754,4
ORD-2024-003480,CUST-01943,2024-01-15,0.1899,2
ORD-2024-003481,CUST-02732,2024-01-19,0.0281,1
ORD-2024-003482,CUST-03479,2024-01-09,0.0574,1
ORD-2024-003483,CUST-01680,2024-01-22,0.0495,1
ORD-2024-003484,CUST-00482,2024-01-03,0.0967,1
ORD-2024-003485,CUST-03071,2024-01-25,0.1124,2
ORD-2024-003486,CUST-03890,2024-01-19,0.0038,1
ORD-2024-003487,CUST-04312,2024-01-18,0.2597,3
ORD-2024-003488,CUST-04445,2024-01-30,0.0287,2
ORD-2024-003489,CUST-00161,2024-01-25,0.0092,1
ORD-2024-003490,CUST-02780,2024-01-26,0.1107,1
ORD-2024-003491,CUST-03218,2024-01-20,0.0628,1
ORD-2024-003492,CUST-04680,2024-01-26,0.2518,1
ORD-2024-003493,CUST-04849,2024-01-20,0.0777,3
ORD-2024-003494,CUST-04644,2024-01-20,0.064,2
ORD-2024-003495,CUST-00535,2024-01-15,0.0904,2
ORD-2024-003496,CUST-03961,2024-01-02,0.0966,1
ORD-2024-003497,CUST-02651,2024-01-04,0.2182,2
ORD-2024-003498,CUST-04291,2024-01-14,0.1403,1
ORD-2024-003499,CUST-03711,2024-01-30,0.2246,1
ORD-2024-003500,CUST-00987,2024-01-03,0.0071,1
ORD-2024-003501,CUST-01724,2024-01-02,0.0413,1
ORD-2024-003502,CUST-04036,2024-01-21,0.1636,1
ORD-2024-003503,CUST-05036,2024-01-06,0.0867,1
ORD-2024-003504,CUST-04182,2024-01-21,0.1059,1
ORD-2024-003505,CUST-00741,2024-01-01,0.0899,1
ORD-2024-003506,CUST-04280,2024-01-04,0.1354,1
ORD-2024-003507,CUST-05105,2024-01-02,0.1327,1
ORD-2024-003508,CUST-04428,2024-01-21,0.371,1
ORD-2024-003509,CUST-01278,2024-01-24,0.1587,2
ORD-2024-003510,CUST-04225,2024-01-14,0.0451,1
ORD-2024-003511,CUST-02174,2024-01-22,0.1012,3
ORD-2024-003512,CUST-01182,2024-01-25,0.0377,1
ORD-2024-003513,CUST-01398,2024-01-14,0.025,2
ORD-2024-003514,CUST-02455,2024-01-17,0.0773,1
ORD-2024-003515,CUST-00200,2024-01-23,0.0708,1
ORD-2024-003516,CUST-02044,2024-01-16,0.0746,1
ORD-2024-003517,CUST-05713,2024-01-27,0.0972,3
ORD-2024-003518,CUST-05904,2024-01-20,0.009,1
ORD-2024-003519,CUST-01182,2024-01-12,0.0297,3
ORD-2024-003520,CUST-05950,2024-01-08,0.0381,1
ORD-2024-003521,CUST-04579,2024-01-11,0.075,1
ORD-2024-003522,CUST-03898,2024-01-16,0.2127,2
ORD-2024-003523,CUST-04503,2024-01-30,0.126,1
ORD-2024-003524,CUST-04374,2024-01-07,0.0969,3
ORD-2024-003525,CUST-03401,2024-01-14,0.1363,1
ORD-2024-003526,CUST-05068,2024-01-27,0.3177,2
ORD-2024-003527,CUST-02641,2024-01-22,0.0419,2
ORD-2024-003528,CUST-05547,2024-01-20,0.0781,1
ORD-2024-003529,CUST-02436,2024-01-10,0.1782,2
ORD-2024-003530,CUST-04701,2024-01-26,0.0288,1
ORD-2024-003531,CUST-03433,2024-01-19,0.267,2
ORD-2024-003532,CUST-00982,2024-01-16,0.4521,1
ORD-2024-003533,CUST-01164,2024-01-17,0.0638,2
ORD-2024-003534,CUST-01278,2024-01-04,0.0643,2
ORD-2024-003535,CUST-02797,2024-01-08,0.0187,1
ORD-2024-003536,CUST-03051,2024-01-30,0.1442,1
ORD-2024-003537,CUST-01390,2024-01-19,0.0608,5
ORD-2024-003538,CUST-03998,2024-01-31,0.0637,1
ORD-2024-003539,CUST-03939,2024-01-12,0.2054,1
ORD-2024-003540,CUST-02089,2024-01-29,0.0342,1
ORD-2024-003541,CUST-01037,2024-01-16,0.1429,1
ORD-2024-003542,CUST-01421,2024-01-22,0.1206,4
ORD-2024-003543,CUST-05250,2024-01-16,0.2563,2
ORD-2024-003544,CUST-04388,2024-01-10,0.1493,1
ORD-2024-003545,CUST-05254,2024-01-26,0.1604,3
ORD-2024-003546,CUST-05489,2024-01-03,0.0506,1
ORD-2024-003547,CUST-00791,2024-01-16,0.0589,1
ORD-2024-003548,CUST-00392,2024-01-10,0.0275,1
ORD-2024-003549,CUST-05029,2024-01-27,0.1141,1
ORD-2024-003550,CUST-02133,2024-01-25,0.1433,2
ORD-2024-003551,CUST-05188,2024-01-30,0.0418,2
ORD-2024-003552,CUST-05119,2024-01-05,0.0715,1
ORD-2024-003553,CUST-00127,2024-01-13,0.0992,1
ORD-2024-003554,CUST-04114,2024-01-20,0.1949,1
ORD-2024-003555,CUST-04012,2024-01-16,0.0629,1
ORD-2024-003556,CUST-04270,2024-01-09,0.1137,2
ORD-2024-003557,CUST-05987,2024-01-02,0.2097,1
ORD-2024-003558,CUST-05543,2024-01-03,0.0251,1
ORD-2024-003559,CUST-04183,2024-01-13,0.0466,3
ORD-2024-003560,CUST-00217,2024-01-05,0.117,3
ORD-2024-003561,CUST-00464,2024-01-13,0.1438,3
ORD-2024-003562,CUST-01835,2024-01-30,0.0601,2
ORD-2024-003563,CUST-01017,2024-01-17,0.0218,1
ORD-2024-003564,CUST-03204,2024-01-29,0.1216,2
ORD-2024-003565,CUST-00588,2024-01-30,0.0836,1
ORD-2024-003566,CUST-05858,2024-01-08,0.2702,1
ORD-2024-003567,CUST-01930,2024-01-11,0.2396,1
ORD-2024-003568,CUST-03266,2024-01-15,0.1587,1
ORD-2024-003569,CUST-05379,2024-01-13,0.1351,3
ORD-2024-003570,CUST-02423,2024-01-29,0.0605,1
ORD-2024-003571,CUST-01758,2024-01-06,0.1005,2
ORD-2024-003572,CUST-04724,2024-01-11,0.4514,3
ORD-2024-003573,CUST-05766,2024-01-13,0.0463,2
ORD-2024-003574,CUST-05422,2024-01-02,0.2379,1
ORD-2024-003575,CUST-04854,2024-01-09,0.0088,1
ORD-2024-003576,CUST-01536,2024-01-14,0.0647,2
ORD-2024-003577,CUST-04147,2024-01-23,0.16,2
ORD-2024-003578,CUST-01054,2024-01-28,0.2433,1
ORD-2024-003579,CUST-02072,2024-01-24,0.0038,1
ORD-2024-003580,CUST-04419,2024-01-15,0.0803,1
ORD-2024-003581,CUST-03854,2024-01-10,0.1307,2
ORD-2024-003582,CUST-03919,2024-01-15,0.0079,1
ORD-2024-003583,CUST-05766,2024-01-18,0.0439,3
ORD-2024-003584,CUST-00118,2024-01-11,0.1156,4
ORD-2024-003585,CUST-02208,2024-01-10,0.0321,1
ORD-2024-003586,CUST-03140,2024-01-03,0.0942,3
ORD-2024-003587,CUST-03308,2024-01-15,0.063,1
ORD-2024-003588,CUST-01011,2024-01-23,0.377,1
ORD-2024-003589,CUST-04291,2024-01-12,0.2015,2
ORD-2024-003590,CUST-04919,2024-01-15,0.0565,1
ORD-2024-003591,CUST-05264,2024-01-18,0.067,2
ORD-2024-003592,CUST-04422,2024-01-16,0.1779,2
ORD-2024-003593,CUST-03278,2024-01-17,0.3426,3
ORD-2024-003594,CUST-03923,2024-01-10,0.1238,1
ORD-2024-003595,CUST-01733,2024-01-24,0.3373,2
ORD-2024-003596,CUST-03998,2024-01-17,0.1633,1
ORD-2024-003597,CUST-00836,2024-01-09,0.118,3
ORD-2024-003598,CUST-05516,2024-01-13,0.1567,1
ORD-2024-003599,CUST-00092,2024-01-14,0.202,1
ORD-2024-003600,CUST-01956,2024-01-11,0.3825,2
ORD-2024-003601,CUST-01873,2024-01-21,0.4729,1
ORD-2024-003602,CUST-04718,2024-01-13,0.2469,1
ORD-2024-003603,CUST-00284,2024-01-04,0.0472,3
ORD-2024-003604,CUST-05710,2024-01-03,0.0531,1
ORD-2024-003605,CUST-01312,2024-01-29,0.0841,2
ORD-2024-003606,CUST-01258,2024-01-03,0.0626,1
ORD-2024-003607,CUST-02996,2024-01-26,0.0931,2
ORD-2024-003608,CUST-01318,2024-01-29,0.0824,1
ORD-2024-003609,CUST-05614,2024-01-07,0.2743,3
ORD-2024-003610,CUST-04870,2024-01-20,0.2544,1
ORD-2024-003611,CUST-01849,2024-01-11,0.0501,2
ORD-2024-003612,CUST-04657,2024-01-24,0.0473,4
ORD-2024-003613,CUST-01465,2024-01-19,0.0694,1
ORD-2024-003614,,2024-01-17,0.125,2
ORD-2024-003615,CUST-01765,2024-01-14,0.0496,2
ORD-2024-003616,CUST-04178,2024-01-01,0.0754,5
ORD-2024-003617,CUST-01078,2024-01-14,0.3947,2
ORD-2024-003618,CUST-04727,2024-01-25,0.1401,2
ORD-2024-003619,CUST-00785,2024-01-04,0.0843,1
ORD-2024-003620,CUST-00871,2024-01-26,0.1336,2
ORD-2024-003621,CUST-02310,2024-01-31,0.0845,3
ORD-2024-003622,CUST-04425,2024-01-21,0.0328,1
ORD-2024-003623,CUST-02474,2024-01-04,0.0956,3
ORD-2024-003624,CUST-02049,2024-01-01,0.0921,1
ORD-2024-003625,CUST-01232,2024-01-18,0.0966,1
ORD-2024-003626,CUST-05295,2024-01-24,0.0396,2
ORD-2024-003627,CUST-01605,2024-01-15,0.0959,2
ORD-2024-003628,CUST-05638,2024-01-24,0.0679,2
ORD-2024-003629,CUST-05171,2024-01-17,0.0303,1
ORD-2024-003630,CUST-01860,2024-01-26,0.1356,1
ORD-2024-003631,CUST-03018,2024-01-13,0.06,1
ORD-2024-003632,CUST-01398,2024-01-20,0.0292,1
ORD-2024-003633,CUST-05864,2024-01-07,0.2338,3
ORD-2024-003634,CUST-04338,2024-01-19,0.0389,1
ORD-2024-003635,CUST-00237,2024-01-19,0.0369,1
ORD-2024-003636,CUST-01473,2024-01-02,0.0656,1
ORD-2024-003637,CUST-01076,2024-01-04,0.2393,2
ORD-2024-003638,CUST-04997,2024-01-04,0.2552,3
ORD-2024-003639,CUST-03259,2024-01-17,0.1542,1
ORD-2024-003640,CUST-01184,2024-01-22,0.1532,5
ORD-2024-003641,CUST-00397,2024-01-09,0.0312,1
ORD-2024-003642,CUST-01462,2024-01-06,0.0371,1
ORD-2024-003643,CUST-01719,2024-01-19,0.2515,3
ORD-2024-003644,CUST-00691,2024-01-22,0.0374,1
ORD-2024-003645,CUST-05461,2024-01-08,0.0242,1
ORD-2024-003646,CUST-02881,2024-01-02,0.0822,3
ORD-2024-003647,CUST-04852,2024-01-11,0.139,1
ORD-2024-003648,CUST-04383,2024-01-31,0.0407,2
ORD-2024-003649,CUST-00264,2024-01-03,0.0965,1
ORD-2024-003650,CUST-03468,2024-01-18,0.0783,1
ORD-2024-003651,CUST-04910,2024-01-03,0.2465,2
ORD-2024-003652,CUST-01846,2024-01-04,0.066,2
ORD-2024-003653,CUST-02838,2024-01-14,0.0834,1
ORD-2024-003654,CUST-00246,2024-01-19,0.527,1
ORD-2024-003655,CUST-02496,2024-01-15,0.0952,2
ORD-2024-003656,CUST-03378,2024-01-27,0.019,2
ORD-2024-003657,CUST-02645,2024-01-13,0.55,1
ORD-2024-003658,CUST-04704,2024-01-10,0.1594,1
ORD-2024-003659,CUST-02373,2024-01-17,0.0674,1
ORD-2024-003660,CUST-04716,2024-01-01,0.2316,3
ORD-2024-003661,CUST-01724,2024-01-06,0.0475,1
ORD-2024-003662,CUST-03996,2024-01-09,0.0155,1
ORD-2024-003663,CUST-01685,2024-01-03,0.1311,2
ORD-2024-003664,CUST-02699,2024-01-29,0.0829,1
ORD-2024-003665,CUST-05282,2024-01-20,0.0238,1
ORD-2024-003666,CUST-04283,2024-01-29,0.1611,1
ORD-2024-003667,CUST-01820,2024-01-08,0.0487,3
ORD-2024-003668,CUST-04805,2024-01-20,0.0291,1
ORD-2024-003669,CUST-01617,2024-01-02,0.2404,2
ORD-2024-003670,CUST-00876,2024-01-25,0.0892,1
ORD-2024-003671,CUST-02208,2024-01-30,0.0138,1
ORD-2024-003672,CUST-03261,2024-01-30,0.0681,1
ORD-2024-003673,CUST-05819,2024-01-29,0.0296,1
ORD-2024-003674,CUST-00362,2024-01-29,0.0633,2
ORD-2024-003675,CUST-04864,2024-01-25,0.0353,1
ORD-2024-003676,CUST-02943,2024-01-30,0.1433,3
ORD-2024-003677,CUST-03658,2024-01-24,0.0864,1
ORD-2024-003678,CUST-02294,2024-01-18,0.2451,1
ORD-2024-003679,CUST-03494,2024-01-02,0.0474,2
ORD-2024-003680,CUST-00930,2024-01-13,0.0453,1
ORD-2024-003681,CUST-00392,2024-01-22,0.0633,3
ORD-2024-003682,CUST-05612,2024-01-15,0.0147,1
ORD-2024-003683,CUST-00176,2024-01-22,0.0159,1
ORD-2024-003684,CUST-02736,2024-01-13,0.0341,3
ORD-2024-003685,CUST-02762,2024-01-22,0.1922,1
ORD-2024-003686,CUST-03072,2024-01-12,0.216,1
ORD-2024-003687,CUST-04761,2024-01-09,0.007,1
ORD-2024-003688,CUST-01399,2024-01-31,0.0665,3
ORD-2024-003689,CUST-05415,2024-01-13,0.168,1
ORD-2024-003690,CUST-03887,2024-01-25,0.0499,3
ORD-2024-003691,CUST-03161,2024-01-16,0.2978,2
ORD-2024-003692,CUST-00814,2024-01-17,0.0359,5
ORD-2024-003693,CUST-02641,2024-01-13,0.0465,1
ORD-2024-003694,CUST-02556,2024-01-05,0.0686,2
ORD-2024-003695,CUST-04791,2024-01-10,0.2608,2
ORD-2024-003696,CUST-01631,2024-01-04,0.0314,1
ORD-2024-003697,CUST-03869,2024-01-12,0.039,1
ORD-2024-003698,CUST-00238,2024-01-05,0.1149,2
ORD-2024-003699,CUST-04682,2024-01-17,0.2983,2
ORD-2024-003700,CUST-04664,2024-01-28,0.3173,1
ORD-2024-003701,CUST-00299,2024-01-02,0.2711,3
ORD-2024-003702,CUST-00325,2024-01-09,0.0465,1
ORD-2024-003703,CUST-03094,2024-01-06,0.1164,4
ORD-2024-003704,CUST-03968,2024-01-04,0.0098,1
ORD-2024-003705,CUST-01614,2024-01-14,0.0307,1
ORD-2024-003706,CUST-04723,2024-01-02,0.1552,1
ORD-2024-003707,CUST-02368,2024-01-12,0.1023,1
ORD-2024-003708,CUST-02797,2024-01-16,0.0156,3
ORD-2024-003709,CUST-03947,2024-01-24,0.237,2
ORD-2024-003710,CUST-00291,2024-01-16,0.1249,4
ORD-2024-003711,CUST-04802,2024-01-20,0.01,3
ORD-2024-003712,CUST-05138,2024-01-08,0.2912,2
ORD-2024-003713,CUST-02120,2024-01-28,0.1816,1
ORD-2024-003714,CUST-02104,2024-01-16,0.0851,1
ORD-2024-003715,CUST-00865,2024-01-14,0.0716,1
ORD-2024-003716,CUST-04230,2024-01-16,0.2407,1
ORD-2024-003717,CUST-05366,2024-01-12,0.2899,2
ORD-2024-003718,CUST-01086,2024-01-20,0.0528,1
ORD-2024-003719,CUST-00614,2024-01-04,0.0732,3
ORD-2024-003720,CUST-04697,2024-01-07,0.1583,2
ORD-2024-003721,CUST-02085,2024-01-16,0.1495,1
ORD-2024-003722,CUST-01887,2024-01-15,0.2364,1
ORD-2024-003723,CUST-06021,2024-01-26,0.0552,3
ORD-2024-003724,CUST-02095,2024-01-07,0.2334,1
ORD-2024-003725,CUST-04949,2024-01-17,0.0953,2
ORD-2024-003726,CUST-04696,2024-01-10,0.1144,1
ORD-2024-003727,CUST-04727,2024-01-05,0.039,1
ORD-2024-003728,CUST-00505,2024-01-31,0.1214,1
ORD-2024-003729,CUST-05346,2024-01-30,0.1041,1
ORD-2024-003730,CUST-04112,2024-01-20,0.2204,1
ORD-2024-003731,CUST-05328,2024-01-16,0.1246,1
ORD-2024-003732,CUST-02554,2024-01-23,0.315,1
ORD-2024-003733,CUST-03518,2024-01-14,0.0685,2
ORD-2024-003734,CUST-03987,2024-01-13,0.2594,2
ORD-2024-003735,CUST-05238,2024-01-02,0.1115,3
ORD-2024-003736,CUST-03505,2024-01-07,0.2832,1
ORD-2024-003737,CUST-04727,2024-01-24,0.1484,2
ORD-2024-003738,CUST-01048,2024-01-10,0.2745,2
ORD-2024-003739,CUST-00930,2024-01-20,0.0258,2
ORD-2024-003740,CUST-04814,2024-01-26,0.1457,2
ORD-2024-003741,CUST-00938,2024-01-18,0.1396,2
ORD-2024-003742,CUST-00266,2024-01-10,0.0467,2
ORD-2024-003743,CUST-03055,2024-01-18,0.2984,1
ORD-2024-003744,CUST-02986,2024-01-16,0.1965,1
ORD-2024-003745,CUST-02391,2024-01-05,0.0481,1
ORD-2024-003746,CUST-04579,2024-01-26,0.1106,2
ORD-2024-003747,CUST-03648,2024-01-27,0.0854,2
ORD-2024-003748,CUST-05602,2024-01-18,0.0193,1
ORD-2024-003749,CUST-00284,2024-01-15,0.1757,1
ORD-2024-003750,CUST-01355,2024-01-21,0.0632,3
ORD-2024-003751,CUST-03249,2024-01-19,0.1901,2
ORD-2024-003752,CUST-00467,2024-01-09,0.0536,1
ORD-2024-003753,CUST-03722,2024-01-18,0.016,1
ORD-2024-003754,CUST-03643,2024-01-30,0.1169,1
ORD-2024-003755,CUST-03457,2024-01-30,0.1298,3
ORD-2024-003756,CUST-04070,2024-01-31,0.3482,2
ORD-2024-003757,CUST-05754,2024-01-16,0.0938,1
ORD-2024-003758,CUST-01431,2024-01-30,0.1707,2
ORD-2024-003759,CUST-03309,2024-01-08,0.1461,1
ORD-2024-003760,CUST-05825,2024-01-01,0.2486,1
ORD-2024-003761,CUST-05602,2024-01-15,0.0192,4
ORD-2024-003762,CUST-03021,2024-01-21,0.1047,1
ORD-2024-003763,CUST-00843,2024-01-18,0.0673,1
ORD-2024-003764,CUST-01497,2024-01-31,0.0085,1
ORD-2024-003765,CUST-02982,2024-01-21,0.1458,3
ORD-2024-003766,CUST-03650,2024-01-19,0.2013,1
ORD-2024-003767,CUST-02432,2024-01-12,0.1647,1
ORD-2024-003768,CUST-00330,2024-01-17,0.0807,2
ORD-2024-003769,CUST-06011,2024-01-14,0.231,1
ORD-2024-003770,CUST-00097,2024-01-23,0.1231,1
ORD-2024-003771,CUST-04835,2024-01-26,0.0883,1
ORD-2024-003772,CUST-02072,2024-01-09,0.2706,1
ORD-2024-003773,CUST-05295,2024-01-13,0.0143,1
ORD-2024-003774,CUST-00010,2024-01-19,0.1478,3
ORD-2024-003775,CUST-03727,2024-01-09,0.0962,1
ORD-2024-003776,CUST-04896,2024-01-02,0.0973,1
ORD-2024-003777,CUST-00473,2024-01-12,0.1558,1
ORD-2024-003778,CUST-01259,2024-01-02,0.0083,1
ORD-2024-003779,CUST-04695,2024-01-31,0.2446,1
ORD-2024-003780,CUST-03272,2024-01-25,0.0974,1
ORD-2024-003781,CUST-02440,2024-01-19,0.0938,1
ORD-2024-003782,CUST-02426,2024-01-08,0.1586,2
ORD-2024-003783,CUST-01866,2024-01-14,0.0603,1
ORD-2024-003784,CUST-03285,2024-01-23,0.0082,1
ORD-2024-003785,CUST-01860,2024-01-16,0.1038,2
ORD-2024-003786,CUST-02072,2024-01-26,0.1811,5
ORD-2024-003787,CUST-04742,2024-01-04,0.1084,2
ORD-2024-003788,CUST-05153,2024-01-04,0.0294,2
ORD-2024-003789,CUST-02246,2024-01-21,0.052,1
ORD-2024-003790,CUST-03090,2024-01-29,0.2059,1
ORD-2024-003791,CUST-04637,2024-01-01,0.0896,2
ORD-2024-003792,CUST-04046,2024-01-09,0.0042,1
ORD-2024-003793,CUST-01068,2024-01-15,0.2005,3
ORD-2024-003794,CUST-04798,2024-01-20,0.1375,2
ORD-2024-003795,CUST-00789,2024-01-28,0.1541,1
ORD-2024-003796,CUST-00104,2024-01-11,0.1204,1
ORD-2024-003797,CUST-05093,2024-01-04,0.045,1
ORD-2024-003798,CUST-02722,2024-01-24,0.0745,2
ORD-2024-003799,CUST-03020,2024-01-17,0.1226,1
ORD-2024-003800,CUST-00764,2024-01-27,0.0137,1
ORD-2024-003801,CUST-02710,2024-01-22,0.032,1
ORD-2024-003802,CUST-04841,2024-01-22,0.1735,1
ORD-2024-003803,CUST-01264,2024-01-04,0.0235,1
ORD-2024-003804,CUST-02591,2024-01-02,0.3367,1
ORD-2024-003805,CUST-00182,2024-01-19,0.1173,2
ORD-2024-003806,CUST-05133,2024-01-18,0.3186,1
ORD-2024-003807,CUST-00917,2024-01-03,0.0322,3
ORD-2024-003808,CUST-04609,2024-01-28,0.0271,1
ORD-2024-003809,CUST-03979,2024-01-16,0.1339,1
ORD-2024-003810,CUST-01865,2024-01-10,0.1524,3
ORD-2024-003811,CUST-01541,2024-01-14,0.1469,1
ORD-2024-003812,CUST-05031,2024-01-14,0.1133,2
ORD-2024-003813,CUST-05310,2024-01-07,0.0818,3
ORD-2024-003814,CUST-03672,2024-01-20,0.0172,3
ORD-2024-003815,CUST-05146,2024-01-18,0.1276,2
ORD-2024-003816,CUST-05171,2024-01-11,0.066,2
ORD-2024-003817,CUST-03991,2024-01-29,0.2417,1
ORD-2024-003818,CUST-01446,2024-01-28,0.0937,1
ORD-2024-003819,CUST-00531,2024-01-18,0.029,2
ORD-2024-003820,CUST-04815,2024-01-30,0.0743,4
ORD-2024-003821,CUST-02678,2024-01-19,0.0558,1
ORD-2024-003822,CUST-04673,2024-01-31,0.1198,2
ORD-2024-003823,CUST-04033,2024-01-17,0.1064,1
ORD-2024-003824,CUST-01096,2024-01-20,0.1219,4
ORD-2024-003825,CUST-03741,2024-01-01,0.0497,1
ORD-2024-003826,CUST-03071,2024-01-05,0.0325,2
ORD-2024-003827,CUST-04560,2024-01-04,0.1528,1
ORD-2024-003828,CUST-03905,2024-01-13,0.1082,1
ORD-2024-003829,CUST-02292,2024-01-01,0.1549,1
ORD-2024-003830,CUST-02310,2024-01-10,0.0492,1
ORD-2024-003831,CUST-05294,2024-01-04,0.0367,3
ORD-2024-003832,CUST-02477,2024-01-08,0.0055,1
ORD-2024-003833,CUST-05625,2024-01-04,0.0449,2
ORD-2024-003834,,2024-01-28,0.0913,1
ORD-2024-003835,CUST-03552,2024-01-09,0.2697,1
ORD-2024-003836,CUST-05470,2024-01-24,0.2692,3
ORD-2024-003837,CUST-03225,2024-01-12,0.048,2
ORD-2024-003838,CUST-00882,2024-01-16,0.1886,1
ORD-2024-003839,CUST-04798,2024-01-25,0.1169,2
ORD-2024-003840,CUST-00397,2024-01-07,0.0205,1
ORD-2024-003841,CUST-02208,2024-01-18,0.0083,1
ORD-2024-003842,CUST-01398,2024-01-18,0.0151,1
ORD-2024-003843,CUST-03677,2024-01-02,0.0367,1
ORD-2024-003844,CUST-00001,2024-01-10,0.0889,1
ORD-2024-003845,CUST-02688,2024-01-05,0.1476,1
ORD-2024-003846,CUST-05286,2024-01-22,0.0554,1
ORD-2024-003847,CUST-01233,2024-01-15,0.3394,1
ORD-2024-003848,CUST-01190,2024-01-04,0.0754,3
ORD-2024-003849,CUST-04036,2024-01-31,0.1226,1
ORD-2024-003850,CUST-03551,2024-01-27,0.2465,3
ORD-2024-003851,CUST-04620,2024-01-18,0.1588,3
ORD-2024-003852,CUST-02435,2024-01-11,0.0478,2
ORD-2024-003853,CUST-00882,2024-01-16,0.0308,1
ORD-2024-003854,CUST-03387,2024-01-02,0.0446,2
ORD-2024-003855,CUST-00755,2024-01-13,0.1759,2
ORD-2024-003856,CUST-02833,2024-01-06,0.2393,1
ORD-2024-003857,CUST-04343,2024-01-17,0.222,2
ORD-2024-003858,CUST-03333,2024-01-04,0.0192,1
ORD-2024-003859,CUST-04517,2024-01-22,0.4764,1
ORD-2024-003860,CUST-00972,2024-01-07,0.0799,1
ORD-2024-003861,CUST-03604,2024-01-01,0.2087,2
ORD-2024-003862,CUST-01954,2024-01-05,0.2903,1
ORD-2024-003863,CUST-00802,2024-01-27,0.1592,3
ORD-2024-003864,CUST-01455,2024-01-17,0.0439,1
ORD-2024-003865,CUST-01571,2024-01-19,0.0252,1
ORD-2024-003866,CUST-06027,2024-01-15,0.0616,1
ORD-2024-003867,CUST-02585,2024-01-31,0.1592,1
ORD-2024-003868,CUST-00561,2024-01-12,0.1557,2
ORD-2024-003869,CUST-02496,2024-01-14,0.0881,4
ORD-2024-003870,CUST-05255,2024-01-23,0.0407,1
ORD-2024-003871,CUST-00490,2024-01-08,0.074,1
ORD-2024-003872,CUST-03727,2024-01-30,0.0849,1
ORD-2024-003873,CUST-04979,2024-01-19,0.1365,1
ORD-2024-003874,CUST-01037,2024-01-26,0.0671,2
ORD-2024-003875,CUST-03871,2024-01-10,0.1539,1
ORD-2024-003876,CUST-02412,2024-01-05,0.022,1
ORD-2024-003877,CUST-00022,2024-01-14,0.0474,3
ORD-2024-003878,CUST-04985,2024-01-13,0.0808,1
ORD-2024-003879,CUST-00498,2024-01-21,0.3324,1
ORD-2024-003880,CUST-05615,2024-01-18,0.0489,1
ORD-2024-003881,CUST-05320,2024-01-24,0.0828,3
ORD-2024-003882,CUST-03700,2024-01-12,0.1581,2
ORD-2024-003883,CUST-03515,2024-01-03,0.1137,1
ORD-2024-003884,CUST-01152,2024-01-19,0.2192,3
ORD-2024-003885,CUST-03953,2024-01-30,0.0586,1
ORD-2024-003886,CUST-04231,2024-01-19,0.016,2
ORD-2024-003887,CUST-02894,2024-01-28,0.0074,1
ORD-2024-003888,CUST-02749,2024-01-25,0.2888,1
ORD-2024-003889,CUST-03795,2024-01-31,0.059,1
ORD-2024-003890,CUST-00940,2024-01-27,0.0968,2
ORD-2024-003891,CUST-02294,2024-01-02,0.1735,1
ORD-2024-003892,CUST-05263,,0.0722,2
ORD-2024-003893,CUST-04746,2024-01-24,0.1667,1
ORD-2024-003894,CUST-04760,2024-01-26,0.031,1
ORD-2024-003895,CUST-02328,2024-01-08,0.2471,1
ORD-2024-003896,CUST-04054,2024-01-12,0.2404,1
ORD-2024-003897,CUST-00857,2024-01-05,0.1493,1
ORD-2024-003898,CUST-02679,2024-01-04,0.0576,1
ORD-2024-003899,CUST-04919,2024-01-15,0.0276,5
ORD-2024-003900,CUST-04840,2024-01-01,0.0693,1
ORD-2024-003901,CUST-00505,2024-01-15,0.1247,1
ORD-2024-003902,CUST-05075,2024-01-18,0.094,1
ORD-2024-003903,CUST-04700,2024-01-14,0.3969,1
ORD-2024-003904,CUST-04568,2024-01-06,0.0375,1
ORD-2024-003905,CUST-03520,2024-01-03,0.0992,1
ORD-2024-003906,CUST-00840,2024-01-11,0.1224,3
ORD-2024-003907,CUST-05506,2024-01-20,0.065,2
ORD-2024-003908,CUST-00476,2024-01-12,0.0507,1
ORD-2024-003909,CUST-03640,2024-01-13,0.1809,3
ORD-2024-003910,CUST-04025,2024-01-04,0.1073,4
ORD-2024-003911,CUST-02513,2024-01-16,0.0062,2
ORD-2024-003912,,2024-01-01,0.0271,3
ORD-2024-003913,CUST-01946,2024-01-22,0.4742,1
ORD-2024-003914,CUST-01994,2024-01-11,0.1109,2
ORD-2024-003915,CUST-04870,2024-01-18,0.0606,2
ORD-2024-003916,CUST-03998,2024-01-12,0.1214,1
ORD-2024-003917,CUST-05504,2024-01-12,0.079,1
ORD-2024-003918,CUST-00273,2024-01-19,0.0463,1
ORD-2024-003919,CUST-05396,2024-01-03,0.105,1
ORD-2024-003920,CUST-04214,2024-01-07,0.3959,3
ORD-2024-003921,CUST-03676,2024-01-09,0.2026,1
ORD-2024-003922,CUST-01190,2024-01-29,0.0396,1
ORD-2024-003923,CUST-02583,2024-01-02,0.1017,3
ORD-2024-003924,CUST-03316,2024-01-24,0.3863,1
ORD-2024-003925,CUST-00407,2024-01-07,0.0369,1
ORD-2024-003926,CUST-02085,2024-01-25,0.0862,2
ORD-2024-003927,CUST-00975,2024-01-21,0.0478,2
ORD-2024-003928,CUST-05187,2024-01-09,0.0347,3
ORD-2024-003929,CUST-01876,2024-01-29,0.034,1
ORD-2024-003930,CUST-01093,2024-01-08,0.0528,3
ORD-2024-003931,CUST-00140,2024-01-27,0.057,2
ORD-2024-003932,CUST-03738,2024-01-02,0.071,2
ORD-2024-003933,CUST-03245,2024-01-13,0.23,3
ORD-2024-003934,CUST-01905,2024-01-12,0.1926,2
ORD-2024-003935,CUST-03120,2024-01-09,0.2162,1
ORD-2024-003936,CUST-00786,2024-01-03,0.1167,3
ORD-2024-003937,CUST-00252,2024-01-28,0.1229,1
ORD-2024-003938,CUST-01026,2024-01-09,0.3558,1
ORD-2024-003939,CUST-00483,2024-01-31,0.1957,2
ORD-2024-003940,CUST-02662,2024-01-11,0.0137,1
ORD-2024-003941,CUST-02549,2024-01-09,0.0967,2
ORD-2024-003942,CUST-04107,2024-01-26,0.3424,4
ORD-2024-003943,CUST-03838,2024-01-17,0.112,2
ORD-2024-003944,CUST-02072,2024-01-10,0.1483,1
ORD-2024-003945,CUST-04189,2024-01-07,0.0712,3
ORD-2024-003946,CUST-03292,2024-01-15,0.1902,4
ORD-2024-003947,CUST-03110,2024-01-07,0.4227,1
ORD-2024-003948,CUST-03057,2024-01-21,0.0149,1
ORD-2024-003949,CUST-03840,2024-01-15,0.2298,2
ORD-2024-003950,CUST-04383,2024-01-30,0.0299,1
ORD-2024-003951,CUST-00426,2024-01-13,0.0845,2
ORD-2024-003952,CUST-01999,2024-01-08,0.2284,2
ORD-2024-003953,CUST-00175,2024-01-28,0.0861,1
ORD-2024-003954,CUST-02977,2024-01-09,0.16,1
ORD-2024-003955,CUST-04528,2024-01-07,0.0211,1
ORD-2024-003956,CUST-00233,2024-01-02,0.0144,2
ORD-2024-003957,CUST-02073,2024-01-23,0.0764,1
ORD-2024-003958,CUST-03718,2024-01-14,0.0248,2
ORD-2024-003959,CUST-05297,2024-01-16,0.3895,1
ORD-2024-003960,CUST-05439,2024-01-17,0.0843,1
ORD-2024-003961,CUST-00565,2024-01-18,0.0106,1
ORD-2024-003962,CUST-04487,2024-01-02,0.0526,2
ORD-2024-003963,CUST-01103,2024-01-10,0.0135,1
ORD-2024-003964,CUST-03674,2024-01-14,0.2828,1
ORD-2024-003965,CUST-03883,2024-01-25,0.0348,2
ORD-2024-003966,CUST-03044,2024-01-21,0.0964,1
ORD-2024-003967,CUST-01296,2024-01-15,0.0721,1
ORD-2024-003968,CUST-03518,2024-01-09,0.0639,1
ORD-2024-003969,CUST-05987,2024-01-19,0.1482,1
ORD-2024-003970,CUST-04027,2024-01-10,0.0564,1
ORD-2024-003971,CUST-01536,2024-01-12,0.0907,1
ORD-2024-003972,CUST-03776,2024-01-03,0.0155,2
ORD-2024-003973,CUST-02358,2024-01-19,0.073,1
ORD-2024-003974,CUST-00758,2024-01-04,0.2148,3
ORD-2024-003975,CUST-03442,2024-01-09,0.1225,2
ORD-2024-003976,CUST-01477,2024-01-08,0.2747,2
ORD-2024-003977,CUST-04797,2024-01-21,0.3584,2
ORD-2024-003978,CUST-00650,2024-01-03,0.3214,2
ORD-2024-003979,CUST-05495,2024-01-20,0.2194,2
ORD-2024-003980,CUST-03508,2024-01-09,0.04,1
ORD-2024-003981,CUST-02992,2024-01-09,0.0408,2
ORD-2024-003982,CUST-04820,2024-01-29,0.1244,2
ORD-2024-003983,CUST-02771,2024-01-13,0.1071,1
ORD-2024-003984,CUST-04262,2024-01-01,0.1821,3
ORD-2024-003985,CUST-04406,2024-01-11,0.0308,4
ORD-2024-003986,CUST-03711,2024-01-26,0.1305,1
ORD-2024-003987,CUST-00017,2024-01-12,0.0443,1
ORD-2024-003988,CUST-03775,2024-01-21,0.1743,1
ORD-2024-003989,CUST-01161,2024-01-27,0.0437,3
ORD-2024-003990,CUST-02467,2024-01-29,0.0485,2
ORD-2024-003991,CUST-04032,2024-01-06,0.2782,1
ORD-2024-003992,CUST-02948,2024-01-19,0.3629,2
ORD-2024-003993,CUST-03858,2024-01-26,0.0186,1
ORD-2024-003994,CUST-03775,2024-01-04,0.0623,2
ORD-2024-003995,CUST-04778,2024-01-31,0.112,3
ORD-2024-003996,CUST-05008,2024-01-22,0.0741,1
ORD-2024-003997,CUST-00040,2024-01-23,0.1121,1
ORD-2024-003998,CUST-02358,2024-01-11,0.0309,3
ORD-2024-003999,CUST-03140,2024-01-21,0.1686,1
ORD-2024-004000,CUST-03629,2024-01-09,0.0474,2
ORD-2024-004001,CUST-05056,2024-01-10,0.0316,1
ORD-2024-004002,CUST-03074,2024-01-20,0.0863,4
ORD-2024-004003,CUST-04257,2024-01-06,0.2656,3
ORD-2024-004004,CUST-01058,2024-01-07,0.0322,1
ORD-2024-004005,CUST-01664,2024-01-09,0.0929,1
ORD-2024-004006,CUST-00294,2024-01-22,0.1237,1
ORD-2024-004007,CUST-03142,2024-01-16,0.2099,2
ORD-2024-004008,CUST-05887,2024-01-06,0.0963,1
ORD-2024-004009,CUST-03372,2024-01-23,0.1839,1
ORD-2024-004010,CUST-00938,2024-01-11,0.1071,2
ORD-2024-004011,CUST-01589,2024-01-15,0.0346,2
ORD-2024-004012,CUST-01684,2024-01-18,0.2293,1
ORD-2024-004013,CUST-03489,2024-01-02,0.2039,1
ORD-2024-004014,CUST-03507,2024-01-30,0.0696,4
ORD-2024-004015,,2024-01-23,0.072,1
ORD-2024-004016,CUST-01230,2024-01-09,0.0596,1
ORD-2024-004017,CUST-00867,2024-01-06,0.1183,1
ORD-2024-004018,CUST-02762,2024-01-19,0.2689,1
ORD-2024-004019,CUST-05436,2024-01-22,0.0631,3
ORD-2024-004020,CUST-03925,2024-01-21,0.1559,1
ORD-2024-004021,CUST-02407,2024-01-01,0.0535,1
ORD-2024-004022,CUST-00689,2024-01-12,0.0081,1
ORD-2024-004023,CUST-03722,2024-01-05,0.0119,2
ORD-2024-004024,CUST-03925,2024-01-28,0.2259,3
ORD-2024-004025,CUST-04579,2024-01-22,0.0476,1
ORD-2024-004026,CUST-03764,2024-01-11,0.4423,1
ORD-2024-004027,CUST-03607,2024-01-07,0.1557,2
ORD-2024-004028,CUST-04970,2024-01-30,0.0967,2
ORD-2024-004029,CUST-04211,2024-01-30,0.4571,3
ORD-2024-004030,CUST-05982,2024-01-26,0.1755,2
ORD-2024-004031,CUST-05366,2024-01-14,0.0689,3
ORD-2024-004032,CUST-03738,2024-01-02,0.047,1
ORD-2024-004033,CUST-05419,2024-01-02,0.0456,2
ORD-2024-004034,CUST-04034,2024-01-24,0.1237,2
ORD-2024-004035,CUST-03672,2024-01-25,0.0476,1
ORD-2024-004036,CUST-01202,2024-01-30,0.0571,2
ORD-2024-004037,CUST-03056,2024-01-20,0.0135,3
ORD-2024-004038,CUST-00564,2024-01-30,0.0787,4
ORD-2024-004039,CUST-03819,2024-01-24,0.55,2
ORD-2024-004040,CUST-03936,2024-01-26,0.107,2
ORD-2024-004041,CUST-04711,2024-01-25,0.2027,4
ORD-2024-004042,CUST-04680,2024-01-12,0.0639,3
ORD-2024-004043,CUST-02425,2024-01-17,0.2205,1
ORD-2024-004044,CUST-04886,2024-01-21,0.0328,1
ORD-2024-004045,CUST-04591,2024-01-08,0.0694,2
ORD-2024-004046,CUST-05527,2024-01-03,0.0093,1
ORD-2024-004047,CUST-05709,2024-01-06,0.1818,2
ORD-2024-004048,CUST-04425,2024-01-18,0.083,1
ORD-2024-004049,CUST-01614,2024-01-18,0.0145,2
ORD-2024-004050,CUST-04727,2024-01-09,0.0083,1
ORD-2024-004051,CUST-05419,2024-01-23,0.0508,1
ORD-2024-004052,CUST-00721,2024-01-14,0.2076,5
ORD-2024-004053,CUST-04546,2024-01-19,0.03,3
ORD-2024-004054,CUST-04135,2024-01-17,0.1675,1
ORD-2024-004055,CUST-01450,2024-01-29,0.1006,1
ORD-2024-004056,CUST-03998,2024-01-09,0.1343,4
ORD-2024-004057,CUST-00548,2024-01-20,0.1364,2
ORD-2024-004058,CUST-02355,2024-01-23,0.0205,2
ORD-2024-004059,CUST-03158,2024-01-21,0.4712,1
ORD-2024-004060,CUST-01741,2024-01-07,0.2047,1
ORD-2024-004061,CUST-03207,2024-01-29,0.514,3
ORD-2024-004062,CUST-02972,2024-01-02,0.169,1
ORD-2024-004063,CUST-02121,2024-01-20,0.033,3
ORD-2024-004064,CUST-00371,2024-01-02,0.0351,1
ORD-2024-004065,CUST-03115,2024-01-26,0.016,1
ORD-2024-004066,CUST-04361,2024-01-13,0.116,1
ORD-2024-004067,CUST-02227,2024-01-28,0.3176,1
ORD-2024-004068,CUST-02469,2024-01-02,0.0224,3
ORD-2024-004069,CUST-05436,2024-01-04,0.1147,3
ORD-2024-004070,CUST-02547,2024-01-10,0.0308,1
ORD-2024-004071,CUST-01430,2024-01-22,0.1753,1
ORD-2024-004072,CUST-04237,2024-01-20,0.0941,1
ORD-2024-004073,CUST-05316,2024-01-31,0.0514,1
ORD-2024-004074,CUST-03029,2024-01-11,0.0153,1
ORD-2024-004075,CUST-00859,2024-01-27,0.1214,3
ORD-2024-004076,CUST-00879,2024-01-15,0.4719,1
ORD-2024-004077,CUST-04351,2024-01-07,0.0121,1
ORD-2024-004078,CUST-01878,2024-01-13,0.1816,1
ORD-2024-004079,CUST-02231,2024-01-25,0.0528,2
ORD-2024-004080,CUST-03527,2024-01-24,0.0401,2
ORD-2024-004081,CUST-04706,2024-01-31,0.0805,1
ORD-2024-004082,CUST-00410,2024-01-28,0.0231,5
ORD-2024-004083,CUST-04726,2024-01-09,0.0971,4
ORD-2024-004084,CUST-01512,2024-01-27,0.007,1
ORD-2024-004085,CUST-00719,2024-01-14,0.4017,1
ORD-2024-004086,CUST-00021,2024-01-17,0.1204,2
ORD-2024-004087,CUST-02437,2024-01-26,0.0971,1
ORD-2024-004088,CUST-00931,2024-01-02,0.5277,1
ORD-2024-004089,CUST-02636,2024-01-09,0.1429,4
ORD-2024-004090,CUST-05498,2024-01-11,0.0457,1
ORD-2024-004091,CUST-04297,2024-01-01,0.2903,2
ORD-2024-004092,CUST-05583,2024-01-04,0.0756,1
ORD-2024-004093,CUST-02836,2024-01-20,0.0371,3
ORD-2024-004094,CUST-02527,2024-01-31,0.0795,2
ORD-2024-004095,CUST-04908,2024-01-31,0.0422,1
ORD-2024-004096,CUST-00786,2024-01-11,0.0826,1
ORD-2024-004097,CUST-02278,2024-01-20,0.0588,1
ORD-2024-004098,CUST-00205,2024-01-02,0.1399,2
ORD-2024-004099,CUST-03083,2024-01-18,0.2039,1
ORD-2024-004100,CUST-01232,2024-01-26,0.0647,1
ORD-2024-004101,CUST-00200,2024-01-09,0.2252,2
ORD-2024-004102,CUST-04760,2024-01-19,0.087,1
ORD-2024-004103,CUST-01045,2024-01-19,0.273,2
ORD-2024-004104,CUST-00476,2024-01-20,0.029,1
ORD-2024-004105,CUST-02487,2024-01-21,0.0244,1
ORD-2024-004106,CUST-03035,2024-01-06,0.1461,4
ORD-2024-004107,CUST-03490,2024-01-08,0.1281,1
ORD-2024-004108,CUST-04912,2024-01-15,0.0235,5
ORD-2024-004109,CUST-01633,2024-01-27,0.23,1
ORD-2024-004110,CUST-02268,2024-01-05,0.0661,1
ORD-2024-004111,CUST-03489,2024-01-24,0.138,2
ORD-2024-004112,CUST-02990,2024-01-08,0.1773,2
ORD-2024-004113,CUST-04638,2024-01-26,0.135,1
ORD-2024-004114,CUST-04695,2024-01-14,0.3611,1
ORD-2024-004115,CUST-04022,2024-01-19,0.1197,1
ORD-2024-004116,CUST-02412,2024-01-03,0.0168,1
ORD-2024-004117,CUST-04725,2024-01-17,0.102,4
ORD-2024-004118,CUST-04856,2024-01-27,0.126,3
ORD-2024-004119,CUST-05575,2024-01-21,0.0337,2
ORD-2024-004120,CUST-04170,2024-01-11,0.0944,2
ORD-2024-004121,CUST-01436,2024-01-16,0.205,3
ORD-2024-004122,CUST-02179,2024-01-01,0.0849,2
ORD-2024-004123,CUST-05557,2024-01-21,0.0593,3
ORD-2024-004124,CUST-05672,2024-01-18,0.0678,1
ORD-2024-004125,CUST-02412,2024-01-17,0.0062,1
ORD-2024-004126,CUST-01416,2024-01-10,0.0223,3
ORD-2024-004127,CUST-00144,2024-01-19,0.0773,1
ORD-2024-004128,CUST-02807,2024-01-02,0.0852,2
ORD-2024-004129,CUST-00915,2024-01-25,0.0604,1
ORD-2024-004130,CUST-00988,2024-01-04,0.1365,1
ORD-2024-004131,CUST-04077,2024-01-24,0.0293,1
ORD-2024-004132,CUST-01907,2024-01-25,0.143,1
ORD-2024-004133,CUST-04251,2024-01-16,0.0505,3
ORD-2024-004134,CUST-05310,2024-01-19,0.0188,1
ORD-2024-004135,CUST-04271,2024-01-03,0.0261,3
ORD-2024-004136,CUST-01770,2024-01-15,0.0999,1
ORD-2024-004137,CUST-02065,2024-01-10,0.0778,2
ORD-2024-004138,CUST-00762,2024-01-19,0.2132,3
ORD-2024-004139,CUST-04216,2024-01-31,0.0258,3
ORD-2024-004140,CUST-03840,2024-01-03,0.3345,1
ORD-2024-004141,CUST-05181,2024-01-22,0.0904,1
ORD-2024-004142,CUST-03439,2024-01-24,0.1,2
ORD-2024-004143,CUST-00548,2024-01-08,0.2879,1
ORD-2024-004144,CUST-02639,2024-01-30,0.0701,3
ORD-2024-004145,CUST-01363,2024-01-10,0.0818,1
ORD-2024-004146,CUST-03106,2024-01-01,0.0551,1
ORD-2024-004147,CUST-03163,2024-01-13,0.1986,1
ORD-2024-004148,CUST-02458,2024-01-11,0.0789,3
ORD-2024-004149,CUST-02754,2024-01-11,0.056,2
ORD-2024-004150,CUST-02625,2024-01-23,0.0551,2
ORD-2024-004151,CUST-01137,2024-01-18,0.0228,1
ORD-2024-004152,CUST-03031,2024-01-03,0.2136,1
ORD-2024-004153,CUST-03781,2024-01-26,0.3083,3
ORD-2024-004154,CUST-03171,2024-01-14,0.4104,3
ORD-2024-004155,CUST-05932,2024-01-31,0.0385,1
ORD-2024-004156,CUST-01522,2024-01-22,0.1066,1
ORD-2024-004157,CUST-00776,2024-01-27,0.0987,1
ORD-2024-004158,CUST-04536,2024-01-17,0.2104,2
ORD-2024-004159,CUST-01160,2024-01-05,0.2082,4
ORD-2024-004160,CUST-04463,2024-01-23,0.0526,2
ORD-2024-004161,CUST-03619,2024-01-29,0.0703,3
ORD-2024-004162,CUST-00362,2024-01-28,0.0169,2
ORD-2024-004163,CUST-00103,2024-01-11,0.3075,3
ORD-2024-004164,CUST-03740,2024-01-12,0.0801,1
ORD-2024-004165,CUST-03471,2024-01-13,0.0396,1
ORD-2024-004166,CUST-00468,2024-01-17,0.0312,2
ORD-2024-004167,CUST-01149,2024-01-14,0.1461,1
ORD-2024-004168,CUST-01579,2024-01-28,0.1779,1
ORD-2024-004169,CUST-03338,2024-01-29,0.0909,1
ORD-2024-004170,CUST-03795,2024-01-18,0.115,3
ORD-2024-004171,CUST-04487,2024-01-25,0.1592,1
ORD-2024-004172,CUST-04442,2024-01-14,0.1095,2
ORD-2024-004173,CUST-01577,2024-01-07,0.1362,1
ORD-2024-004174,CUST-04459,2024-01-14,0.1167,1
ORD-2024-004175,CUST-03987,2024-01-27,0.0902,1
ORD-2024-004176,CUST-00440,2024-01-21,0.0736,1
ORD-2024-004177,CUST-01292,2024-01-17,0.0259,2
ORD-2024-004178,CUST-01407,2024-01-11,0.1313,1
ORD-2024-004179,CUST-04542,2024-01-16,0.0915,2
ORD-2024-004180,CUST-03688,2024-01-29,0.0336,1
ORD-2024-004181,CUST-03673,2024-01-24,0.0883,4
ORD-2024-004182,CUST-02238,2024-01-30,0.0313,4
ORD-2024-004183,CUST-01349,2024-01-15,0.2177,1
ORD-2024-004184,CUST-00233,2024-01-25,0.049,2
ORD-2024-004185,CUST-02363,2024-01-19,0.032,1
ORD-2024-004186,CUST-00630,2024-01-23,0.0545,1
ORD-2024-004187,CUST-01818,2024-01-12,0.1017,5
ORD-2024-004188,CUST-02757,2024-01-10,0.2377,1
ORD-2024-004189,CUST-01239,2024-01-21,0.1067,1
ORD-2024-004190,CUST-00039,2024-01-09,0.1007,1
ORD-2024-004191,CUST-05130,2024-01-20,0.2177,3
ORD-2024-004192,CUST-00794,2024-01-12,0.1813,1
ORD-2024-004193,CUST-01029,2024-01-07,0.0209,2
ORD-2024-004194,CUST-04026,2024-01-15,0.019,1
ORD-2024-004195,CUST-01413,2024-01-10,0.1012,4
ORD-2024-004196,CUST-04854,2024-01-26,0.0261,2
ORD-2024-004197,CUST-03156,2024-01-03,0.0536,1
ORD-2024-004198,CUST-02374,2024-01-25,0.0538,2
ORD-2024-004199,CUST-02606,2024-01-06,0.162,1
ORD-2024-004200,CUST-03143,2024-01-03,0.0197,1
ORD-2024-004201,CUST-00939,2024-01-30,0.4016,3
ORD-2024-004202,CUST-02308,2024-01-06,0.4598,3
ORD-2024-004203,CUST-01516,2024-01-25,0.0284,3
ORD-2024-004204,CUST-01568,2024-01-16,0.1925,1
ORD-2024-004205,CUST-05862,2024-01-13,0.132,1
ORD-2024-004206,CUST-03924,2024-01-11,0.0295,1
ORD-2024-004207,CUST-04881,2024-01-15,0.0621,3
ORD-2024-004208,CUST-02894,2024-01-24,0.0198,2
ORD-2024-004209,CUST-00350,2024-01-18,0.0454,1
ORD-2024-004210,CUST-00876,2024-01-08,0.134,1
ORD-2024-004211,CUST-00198,2024-01-03,0.1492,1
ORD-2024-004212,CUST-04243,2024-01-12,0.1442,2
ORD-2024-004213,CUST-04533,2024-01-26,0.3183,1
ORD-2024-004214,CUST-04061,2024-01-23,0.2468,1
ORD-2024-004215,CUST-03056,2024-01-19,0.016,2
ORD-2024-004216,CUST-03142,2024-01-27,0.2319,2
ORD-2024-004217,CUST-05294,2024-01-06,0.0534,1
ORD-2024-004218,CUST-00187,2024-01-02,0.0859,2
ORD-2024-004219,CUST-01301,2024-01-17,0.1172,1
ORD-2024-004220,,2024-01-05,0.0731,1
ORD-2024-004221,CUST-02236,2024-01-19,0.1827,1
ORD-2024-004222,CUST-03508,2024-01-21,0.0511,2
ORD-2024-004223,CUST-05130,2024-01-26,0.1681,3
ORD-2024-004224,CUST-01565,2024-01-22,0.0537,3
ORD-2024-004225,CUST-02449,2024-01-25,0.1221,1
ORD-2024-004226,CUST-05140,2024-01-07,0.3698,1
ORD-2024-004227,CUST-03780,2024-01-15,0.2125,2
ORD-2024-004228,CUST-02622,2024-01-26,0.051,2
ORD-2024-004229,CUST-03757,2024-01-01,0.3273,1
ORD-2024-004230,CUST-00791,2024-01-04,0.0429,2
ORD-2024-004231,CUST-04386,2024-01-22,0.3402,1
ORD-2024-004232,CUST-02581,2024-01-10,0.276,1
ORD-2024-004233,CUST-00727,2024-01-13,0.1615,2
ORD-2024-004234,CUST-03403,2024-01-24,0.1614,2
ORD-2024-004235,CUST-04521,2024-01-07,0.1017,2
ORD-2024-004236,CUST-05262,2024-01-14,0.4615,1
ORD-2024-004237,CUST-03834,2024-01-03,0.1209,3
ORD-2024-004238,CUST-03336,2024-01-27,0.0655,1
ORD-2024-004239,CUST-03194,2024-01-11,0.1226,1
ORD-2024-004240,CUST-00414,2024-01-23,0.0302,2
ORD-2024-004241,CUST-03134,2027-01-01,0.099,2
ORD-2024-004242,CUST-05811,2024-01-08,0.0517,1
ORD-2024-004243,CUST-00797,2024-01-16,0.077,1
ORD-2024-004244,CUST-01582,2024-01-23,0.55,1
ORD-2024-004245,CUST-01243,2024-01-25,0.1129,1
ORD-2024-004246,CUST-04847,2024-01-28,0.2034,1
ORD-2024-004247,CUST-00393,2024-01-31,0.0619,1
ORD-2024-004248,CUST-00014,2024-01-24,0.0535,1
ORD-2024-004249,CUST-05211,2024-01-04,0.2581,1
ORD-2024-004250,CUST-00032,2024-01-12,0.2445,2
ORD-2024-004251,CUST-02727,2024-01-24,0.0214,1
ORD-2024-004252,CUST-01164,2024-01-09,0.061,1
ORD-2024-004253,CUST-02142,2024-01-15,0.1145,3
ORD-2024-004254,CUST-04380,2024-01-10,0.1186,1
ORD-2024-004255,CUST-02766,2024-01-04,0.0906,3
ORD-2024-004256,CUST-04459,2024-01-25,0.2739,1
ORD-2024-004257,CUST-03372,2024-01-30,0.2133,1
ORD-2024-004258,CUST-05618,2024-01-01,0.1323,2
ORD-2024-004259,CUST-00863,2024-01-24,0.0189,3
ORD-2024-004260,CUST-01136,2024-01-15,0.2067,1
ORD-2024-004261,CUST-02864,2024-01-04,0.0272,3
ORD-2024-004262,CUST-00570,2024-01-17,0.1187,1
ORD-2024-004263,CUST-04503,2024-01-31,0.0629,1
ORD-2024-004264,CUST-03057,2024-01-17,0.0291,1
ORD-2024-004265,CUST-02006,2024-01-08,0.0283,2
ORD-2024-004266,CUST-05717,2024-01-09,0.0274,1
ORD-2024-004267,CUST-03982,2024-01-28,0.0273,1
ORD-2024-004268,CUST-02086,2024-01-26,0.2451,1
ORD-2024-004269,CUST-04077,2024-01-07,0.0671,3
ORD-2024-004270,CUST-01918,2024-01-13,0.0765,2
ORD-2024-004271,CUST-00722,2024-01-07,0.3812,2
ORD-2024-004272,CUST-01826,2024-01-14,0.1212,3
ORD-2024-004273,CUST-03485,2024-01-11,0.0724,2
ORD-2024-004274,CUST-01973,2024-01-01,0.0619,1
ORD-2024-004275,CUST-03999,2024-01-19,0.3481,2
ORD-2024-004276,CUST-00358,2024-01-28,0.189,1
ORD-2024-004277,CUST-03901,2024-01-29,0.0118,3
ORD-2024-004278,CUST-02138,2024-01-13,0.1227,1
ORD-2024-004279,CUST-01571,2024-01-09,0.0929,2
ORD-2024-004280,CUST-02901,2024-01-25,0.0396,1
ORD-2024-004281,CUST-01740,2024-01-29,0.1193,2
ORD-2024-004282,CUST-03824,2024-01-25,0.1432,1
ORD-2024-004283,CUST-00715,2024-01-08,0.2146,2
ORD-2024-004284,CUST-00673,2024-01-09,0.1023,5
ORD-2024-004285,CUST-04368,2024-01-19,0.0495,1
ORD-2024-004286,CUST-01496,2024-01-01,0.2035,3
ORD-2024-004287,CUST-01297,2024-01-05,0.2095,2
ORD-2024-004288,CUST-03690,2024-01-09,0.0671,3
ORD-2024-004289,CUST-04987,2024-01-03,0.0726,1
ORD-2024-004290,CUST-01308,2024-01-19,0.1797,3
ORD-2024-004291,CUST-00741,2024-01-06,0.0348,1
ORD-2024-004292,CUST-00965,2024-01-22,0.3377,3
ORD-2024-004293,CUST-02028,2024-01-04,0.1066,3
ORD-2024-004294,CUST-04923,2024-01-24,0.2574,1
ORD-2024-004295,CUST-01999,2024-01-10,0.2036,3
ORD-2024-004296,CUST-02620,2024-01-14,0.0762,2
ORD-2024-004297,CUST-04098,2024-01-27,0.0091,3
ORD-2024-004298,CUST-02009,2024-01-27,0.1267,3
ORD-2024-004299,CUST-05447,2024-01-09,0.0743,1
ORD-2024-004300,CUST-02537,2024-01-02,0.0346,1
ORD-2024-004301,CUST-01039,2024-01-02,0.0791,1
ORD-2024-004302,CUST-01908,2024-01-11,0.0841,3
ORD-2024-004303,CUST-03431,2024-01-26,0.0868,1
ORD-2024-004304,CUST-05572,2024-01-18,0.0087,1
ORD-2024-004305,CUST-05105,2024-01-20,0.1449,1
ORD-2024-004306,CUST-04199,,0.1157,1
ORD-2024-004307,CUST-00066,2024-01-11,0.0844,2
ORD-2024-004308,CUST-00215,2024-01-10,0.0397,3
ORD-2024-004309,CUST-03121,2024-01-02,0.1411,3
ORD-2024-004310,CUST-03213,2024-01-13,0.0728,3
ORD-2024-004311,CUST-05656,2024-01-31,0.0625,1
ORD-2024-004312,CUST-05271,2024-01-31,0.1026,1
ORD-2024-004313,CUST-03596,2024-01-27,0.0805,1
ORD-2024-004314,CUST-01341,2024-01-05,0.1399,1
ORD-2024-004315,CUST-05353,2024-01-07,0.021,1
ORD-2024-004316,CUST-02471,2024-01-12,0.0978,1
ORD-2024-004317,CUST-04958,2024-01-15,0.0163,2
ORD-2024-004318,CUST-04995,2024-01-16,0.0711,3
ORD-2024-004319,CUST-03904,2024-01-15,0.0834,1
ORD-2024-004320,CUST-02007,2024-01-04,0.1969,3
ORD-2024-004321,CUST-02872,2024-01-29,0.0258,1
ORD-2024-004322,CUST-03595,2024-01-03,0.1352,1
ORD-2024-004323,CUST-05030,2024-01-12,0.1965,3
ORD-2024-004324,CUST-02920,2024-01-20,0.1012,2
ORD-2024-004325,CUST-04537,2024-01-14,0.1864,2
ORD-2024-004326,CUST-02493,2024-01-19,0.1498,1
ORD-2024-004327,CUST-03323,2024-01-05,0.41,1
ORD-2024-004328,CUST-02964,2024-01-01,0.0667,1
ORD-2024-004329,CUST-05733,2024-01-14,0.2196,2
ORD-2024-004330,CUST-03283,2024-01-19,0.2534,3
ORD-2024-004331,CUST-01561,2024-01-05,0.1706,2
ORD-2024-004332,CUST-05378,2024-01-19,0.1136,1
ORD-2024-004333,CUST-05954,2024-01-23,0.0393,4
ORD-2024-004334,CUST-02941,2024-01-15,0.0588,2
ORD-2024-004335,CUST-02883,2024-01-22,0.5145,1
ORD-2024-004336,CUST-03415,2024-01-26,0.1061,1
ORD-2024-004337,CUST-03960,2024-01-09,0.0144,2
ORD-2024-004338,CUST-02341,2024-01-25,0.1698,1
ORD-2024-004339,CUST-03831,2024-01-24,0.1121,3
ORD-2024-004340,CUST-04261,2024-01-18,0.0401,1
ORD-2024-004341,CUST-04143,2024-01-24,0.2139,1
ORD-2024-004342,CUST-02898,2024-01-25,0.04,2
ORD-2024-004343,CUST-04333,2024-01-09,0.176,1
ORD-2024-004344,CUST-04172,2024-01-21,0.0522,1
ORD-2024-004345,CUST-03032,2024-01-18,0.0947,1
ORD-2024-004346,CUST-01516,2024-01-01,0.038,1
ORD-2024-004347,CUST-04775,2024-01-18,0.0299,1
ORD-2024-004348,CUST-03516,2024-01-15,0.1011,1
ORD-2024-004349,CUST-02143,2024-01-11,0.073,1
ORD-2024-004350,CUST-03211,2024-01-31,0.55,1
ORD-2024-004351,CUST-02950,2024-01-14,0.0565,1
ORD-2024-004352,CUST-02527,2024-01-11,0.0851,2
ORD-2024-004353,CUST-01448,2024-01-21,0.0481,3
ORD-2024-004354,CUST-02270,2024-01-05,0.1796,2
ORD-2024-004355,CUST-05987,2024-01-03,0.0099,1
ORD-2024-004356, CUST-04298 ,2024-01-14,0.0478,1
ORD-2024-004357,CUST-00226,2024-01-14,0.0864,1
ORD-2024-004358,CUST-00681,2024-01-31,0.3184,3
ORD-2024-004359,CUST-00096,2024-01-13,0.0685,1
ORD-2024-004360,CUST-01384,2024-01-20,0.0889,1
ORD-2024-004361, CUST-00551 ,2024-01-16,0.0501,1
ORD-2024-004362,CUST-04075,2024-01-25,0.2751,1
ORD-2024-004363,CUST-01450,2024-01-14,0.0936,2
ORD-2024-004364,CUST-02251,2024-01-01,0.0297,2
ORD-2024-004365,CUST-04307,2024-01-28,0.1802,3
ORD-2024-004366,CUST-01860,2024-01-26,0.1405,1
ORD-2024-004367,CUST-01879,2024-01-17,0.2356,1
ORD-2024-004368,CUST-03579,2024-01-14,0.0812,4
ORD-2024-004369,CUST-01061,2024-01-01,0.1127,2
ORD-2024-004370,CUST-03619,2024-01-01,0.2262,2
ORD-2024-004371,CUST-00301,2024-01-14,0.1633,3
ORD-2024-004372,CUST-05236,2024-01-13,0.1444,1
ORD-2024-004373,CUST-00065,2024-01-07,0.0495,3
ORD-2024-004374,CUST-02320,2024-01-08,0.2327,1
ORD-2024-004375,CUST-03908,2024-01-25,0.0075,2
ORD-2024-004376,CUST-02780,2024-01-19,0.0979,3
ORD-2024-004377,CUST-03457,2024-01-20,0.0353,1
ORD-2024-004378,CUST-05400,2027-01-01,0.0561,2
ORD-2024-004379,CUST-01831,2024-01-22,0.0399,1
ORD-2024-004380,CUST-04487,2024-01-28,0.0986,1
ORD-2024-004381,CUST-03109,2024-01-06,0.0908,2
ORD-2024-004382,CUST-02305,2024-01-04,0.2124,3
ORD-2024-004383,CUST-04612,2024-01-10,0.0698,1
ORD-2024-004384,CUST-01930,2024-01-18,0.0239,1
ORD-2024-004385,CUST-02142,2024-01-01,0.2497,2
ORD-2024-004386,CUST-00593,2024-01-09,0.0523,1
ORD-2024-004387,CUST-00813,2024-01-11,0.0494,1
ORD-2024-004388,CUST-03028,2024-01-31,0.2013,3
ORD-2024-004389,CUST-01998,2024-01-29,0.0723,2
ORD-2024-004390,CUST-02769,2024-01-27,0.1523,1
ORD-2024-004391,CUST-03978,2024-01-08,0.1223,1
ORD-2024-004392,CUST-03282,2024-01-29,0.0788,1
ORD-2024-004393,CUST-03645,2024-01-25,0.0105,2
ORD-2024-004394,CUST-04524,2024-01-30,0.1553,2
ORD-2024-004395,CUST-03890,2024-01-15,0.0573,2
ORD-2024-004396,CUST-01158,2024-01-22,0.0612,1
ORD-2024-004397,CUST-02693,2024-01-09,0.2987,1
ORD-2024-004398,CUST-02467,2024-01-29,0.1067,3
ORD-2024-004399,CUST-03444,2024-01-11,0.3494,1
ORD-2024-004400,CUST-04846,2024-01-31,0.032,1
ORD-2024-004401,CUST-05022,2027-01-01,0.0106,1
ORD-2024-004402,CUST-05809,2024-01-02,0.0233,1
ORD-2024-004403,CUST-03970,2024-01-15,0.0464,1
ORD-2024-004404,CUST-04573,2024-01-17,0.4215,1
ORD-2024-004405,CUST-00791,2024-01-27,0.0874,1
ORD-2024-004406,CUST-02749,2024-01-19,0.1424,5
ORD-2024-004407,CUST-04863,2024-01-18,0.051,1
ORD-2024-004408,CUST-04617,2024-01-08,0.1552,3
ORD-2024-004409,CUST-04079,2024-01-13,0.2237,1
ORD-2024-004410,CUST-05350,2024-01-17,0.2031,3
ORD-2024-004411,CUST-03861,2024-01-17,0.0704,2
ORD-2024-004412,CUST-00065,2024-01-09,0.0382,3
ORD-2024-004413,CUST-05502,2024-01-09,0.3449,2
ORD-2024-004414,CUST-01104,2024-01-15,0.1399,2
ORD-2024-004415,CUST-05876,2024-01-21,0.0453,1
ORD-2024-004416,CUST-02376,2024-01-14,0.163,1
ORD-2024-004417,CUST-04398,2024-01-28,0.0111,1
ORD-2024-004418,CUST-03059,2024-01-05,0.1415,1
ORD-2024-004419,CUST-01105,2024-01-31,0.1184,1
ORD-2024-004420,CUST-03736,2024-01-29,0.1217,3
ORD-2024-004421,CUST-03756,2024-01-29,0.0947,1
ORD-2024-004422,CUST-02847,2024-01-02,0.0989,1
ORD-2024-004423,CUST-00972,2024-01-15,0.0559,1
ORD-2024-004424,CUST-02061,2024-01-11,0.1198,2
ORD-2024-004425,CUST-04571,2024-01-21,0.092,1
ORD-2024-004426,CUST-02585,2024-01-23,0.1211,2
ORD-2024-004427,CUST-03087,2024-01-02,0.0929,1
ORD-2024-004428,CUST-02020,2024-01-22,0.0223,2
ORD-2024-004429,CUST-01498,2024-01-25,0.156,1
ORD-2024-004430,CUST-01980,2024-01-04,0.3613,1
ORD-2024-004431,CUST-05008,2024-01-07,0.1781,1
ORD-2024-004432,CUST-03773,2024-01-05,0.0548,2
ORD-2024-004433,CUST-04019,2024-01-07,0.1121,1
ORD-2024-004434,CUST-00262,2024-01-15,0.1062,1
ORD-2024-004435,CUST-00382,2024-01-11,0.0118,1
ORD-2024-004436,CUST-04976,2024-01-20,0.0167,1
ORD-2024-004437,CUST-02842,2024-01-12,0.0991,3
ORD-2024-004438,CUST-01689,2024-01-24,0.3459,3
ORD-2024-004439,CUST-02886,2024-01-21,0.0852,2
ORD-2024-004440,CUST-05147,2024-01-14,0.1469,1
ORD-2024-004441,CUST-00798,2024-01-04,0.4428,1
ORD-2024-004442,CUST-01939,2024-01-22,0.3494,4
ORD-2024-004443,CUST-00176,2024-01-25,0.0233,1
ORD-2024-004444,CUST-00411,2024-01-30,0.1071,1
ORD-2024-004445,CUST-02864,2024-01-30,0.0364,1
ORD-2024-004446,CUST-05219,2024-01-25,0.1717,1
ORD-2024-004447,CUST-04869,2024-01-03,0.0254,1
ORD-2024-004448,CUST-01355,2024-01-30,0.0379,2
ORD-2024-004449,CUST-03736,2024-01-04,0.1095,1
ORD-2024-004450,CUST-03357,2024-01-02,0.264,1
ORD-2024-004451,CUST-00502,2024-01-30,0.1543,1
ORD-2024-004452,CUST-02870,2024-01-25,0.2482,1
ORD-2024-004453,CUST-02128,2024-01-02,0.0404,1
ORD-2024-004454,CUST-03785,2024-01-23,0.2394,1
ORD-2024-004455,CUST-00989,2024-01-14,0.1704,1
ORD-2024-004456,CUST-02511,2024-01-09,0.2237,4
ORD-2024-004457,CUST-01665,2024-01-14,0.0429,2
ORD-2024-004458,CUST-05629,2024-01-04,0.1141,1
ORD-2024-004459,CUST-01667,2024-01-05,0.4171,3
ORD-2024-004460,CUST-03854,2024-01-12,0.0115,1
ORD-2024-004461,CUST-03724,2024-01-03,0.0196,1
ORD-2024-004462,CUST-04412,2024-01-18,0.0736,5
ORD-2024-004463,CUST-03746,2024-01-10,0.1597,1
ORD-2024-004464,CUST-02964,2024-01-19,0.0781,1
ORD-2024-004465,CUST-05111,2024-01-21,0.0997,2
ORD-2024-004466,,2024-01-14,0.2412,2
ORD-2024-004467,CUST-03359,2024-01-05,0.0524,1
ORD-2024-004468,CUST-00942,2024-01-04,0.1944,2
ORD-2024-004469,CUST-01386,2024-01-06,0.0411,2
ORD-2024-004470,CUST-00669,2024-01-22,0.1172,2
ORD-2024-004471,CUST-01202,2024-01-04,0.0314,1
ORD-2024-004472,CUST-04847,2024-01-06,0.2281,2
ORD-2024-004473,CUST-02358,2024-01-06,0.0209,3
ORD-2024-004474,CUST-01500,2024-01-27,0.5041,1
ORD-2024-004475,CUST-04135,2024-01-18,0.2724,1
ORD-2024-004476,CUST-04270,2024-01-25,0.0705,1
ORD-2024-004477,CUST-00755,2024-01-23,0.303,1
ORD-2024-004478,CUST-02227,2024-01-22,0.1093,3
ORD-2024-004479,CUST-03197,2024-01-26,0.2476,1
ORD-2024-004480,CUST-01270,2024-01-26,0.1516,4
ORD-2024-004481,CUST-05151,2024-01-10,0.2297,2
ORD-2024-004482,CUST-01064,2024-01-12,0.0207,3
ORD-2024-004483,CUST-00036,2024-01-02,0.1463,1
ORD-2024-004484,CUST-04584,2024-01-07,0.1329,2
ORD-2024-004485,CUST-02919,2024-01-14,0.0145,1
ORD-2024-004486,CUST-03267,2024-01-14,0.1975,1
ORD-2024-004487,CUST-00784,2024-01-26,0.0065,2
ORD-2024-004488,CUST-02588,2024-01-12,0.1002,1
ORD-2024-004489,CUST-03102,2024-01-02,0.052,1
ORD-2024-004490,CUST-02198,2024-01-13,0.0731,1
ORD-2024-004491,CUST-02960,2024-01-09,0.0374,1
ORD-2024-004492,CUST-04027,2024-01-10,0.0662,1
ORD-2024-004493,CUST-02417,2024-01-28,0.1071,1
ORD-2024-004494,CUST-03761,2024-01-06,0.185,2
ORD-2024-004495,CUST-03327,2024-01-05,0.0644,3
ORD-2024-004496,CUST-04446,2024-01-28,0.044,1
ORD-2024-004497,CUST-03353,2024-01-10,0.0027,1
ORD-2024-004498,CUST-04022,2024-01-13,0.0131,1
ORD-2024-004499,CUST-04903,2024-01-27,0.061,1
ORD-2024-004500,CUST-02676,2024-01-23,0.2666,1
ORD-2024-004501,CUST-01164,2024-01-19,0.0722,1
ORD-2024-004502,CUST-01309,2024-01-23,0.0861,2
ORD-2024-004503,CUST-03172,2024-01-11,0.2015,2
ORD-2024-004504,CUST-04359,2024-01-10,0.1934,1
ORD-2024-004505,CUST-05328,2024-01-11,0.0059,1
ORD-2024-004506,CUST-04813,2024-01-06,0.1056,3
ORD-2024-004507,CUST-04419,2024-01-17,0.0693,1
ORD-2024-004508,CUST-03164,2024-01-22,0.0721,1
ORD-2024-004509,CUST-00529,2024-01-21,0.0898,2
ORD-2024-004510,CUST-04468,2024-01-30,0.034,2
ORD-2024-004511,CUST-04172,2024-01-02,0.1005,2
ORD-2024-004512,CUST-04561,2024-01-13,0.0946,1
ORD-2024-004513,CUST-04368,2024-01-02,0.068,3
ORD-2024-004514,CUST-03047,2024-01-02,0.0695,3
ORD-2024-004515,CUST-04670,2024-01-05,0.2251,3
ORD-2024-004516,CUST-03595,2024-01-15,0.0515,1
ORD-2024-004517,CUST-02416,2024-01-18,0.1571,2
ORD-2024-004518,CUST-04282,2024-01-10,0.2078,1
ORD-2024-004519,CUST-04992,2024-01-24,0.0833,4
ORD-2024-004520,CUST-02820,2024-01-03,0.0159,2
ORD-2024-004521,CUST-05339,2024-01-16,0.0782,1
ORD-2024-004522,CUST-01860,2024-01-21,0.0658,1
ORD-2024-004523,CUST-03609,2024-01-11,0.2191,1
ORD-2024-004524,CUST-00250,2024-01-22,0.193,1
ORD-2024-004525,CUST-03136,2024-01-10,0.0091,1
ORD-2024-004526,CUST-04533,2024-01-17,0.0365,2
ORD-2024-004527,CUST-05085,2024-01-23,0.0408,3
ORD-2024-004528,CUST-03603,2024-01-20,0.1154,1
ORD-2024-004529,CUST-00931,2024-01-08,0.2511,2
ORD-2024-004530,CUST-01639,2024-01-21,0.28,1
ORD-2024-004531,CUST-00737,2024-01-24,0.0192,1
ORD-2024-004532,CUST-05174,2024-01-21,0.1336,2
ORD-2024-004533,CUST-00295,2024-01-21,0.1027,1
ORD-2024-004534,CUST-04172,2024-01-04,0.1015,1
ORD-2024-004535,CUST-04487,2024-01-22,0.1086,1
ORD-2024-004536,CUST-00759,2024-01-22,0.0427,1
ORD-2024-004537,CUST-02001,2024-01-28,0.1321,1
ORD-2024-004538,CUST-04772,2024-01-26,0.0288,1
ORD-2024-004539,CUST-05049,2024-01-05,0.0519,1
ORD-2024-004540,CUST-05452,2024-01-09,0.2964,1
ORD-2024-004541,CUST-01719,2024-01-03,0.3494,1
ORD-2024-004542,CUST-00626,2024-01-30,0.2855,3
ORD-2024-004543,CUST-01582,2024-01-26,0.443,2
ORD-2024-004544,CUST-01233,2024-01-17,0.4465,3
ORD-2024-004545,CUST-01239,2024-01-31,0.1566,2
ORD-2024-004546,CUST-03006,2024-01-28,0.0519,2
ORD-2024-004547,CUST-00396,2024-01-29,0.0888,1
ORD-2024-004548,CUST-04540,2024-01-05,0.08,2
ORD-2024-004549,CUST-01593,2024-01-15,0.0479,1
ORD-2024-004550,CUST-04052,2024-01-12,0.2753,2
ORD-2024-004551,CUST-04189,2024-01-31,0.0755,1
ORD-2024-004552,CUST-00434,2024-01-08,0.0791,1
ORD-2024-004553,CUST-04675,2024-01-24,0.1354,2
ORD-2024-004554,CUST-05023,2024-01-20,0.2522,3
ORD-2024-004555,CUST-05424,2024-01-31,0.1994,1
ORD-2024-004556,CUST-05150,2024-01-26,0.0386,1
ORD-2024-004557,CUST-02637,2024-01-10,0.0437,2
ORD-2024-004558,CUST-05677,2024-01-23,0.0677,1
ORD-2024-004559,CUST-02626,2024-01-24,0.0733,1
ORD-2024-004560,CUST-00292,2024-01-24,0.1997,3
ORD-2024-004561,CUST-02678,2024-01-21,0.1392,1
ORD-2024-004562,CUST-05966,2024-01-30,0.0815,3
ORD-2024-004563,CUST-04605,2024-01-13,0.0909,1
ORD-2024-004564,CUST-01418,2024-01-23,0.1151,1
ORD-2024-004565,CUST-05379,2024-01-24,0.3075,1
