OrderID,CustomerID,OrderDate,OrderDiscountPct,BasketItemCount
ORD-2023-027226,CUST-04282,2023-10-15,0.236,2
ORD-2023-027227,CUST-04283,2023-10-22,0.1177,1
ORD-2023-027228,CUST-04284,2023-10-31,0.2235,1
ORD-2023-027229,CUST-04285,2023-10-22,0.2972,1
ORD-2023-027230,CUST-04286,2023-10-21,0.0802,1
ORD-2023-027231,CUST-04287,2023-10-14,0.2622,1
ORD-2023-027232,CUST-04288,2023-10-28,0.2553,1
ORD-2023-027233,CUST-04289,2023-10-28,0.1957,1
ORD-2023-027234,CUST-04290,2023-10-29,0.1691,1
ORD-2023-027235,CUST-04291,2023-10-27,0.1632,2
ORD-2023-027236,CUST-04292,2023-10-30,0.0715,1
ORD-2023-027237,CUST-04293,2023-10-21,0.1976,1
ORD-2023-027238,CUST-04294,2023-10-26,0.0318,1
ORD-2023-027239,CUST-04295,2023-10-29,0.262,2
ORD-2023-027240,CUST-04296,2023-10-30,0.141,2
ORD-2023-027241,CUST-04297,2023-10-30,0.1022,1
ORD-2023-027242,CUST-04298,2023-10-28,0.0844,1
ORD-2023-027243,CUST-04299,2023-10-24,0.1451,1
ORD-2023-027244,CUST-04300,2023-10-31,0.192,2
ORD-2023-027245,CUST-04301,2023-10-30,0.3501,1
ORD-2023-027246,CUST-04302,2023-10-29,0.0441,2
ORD-2023-027247,CUST-04303,2023-10-29,0.365,2
ORD-2023-027248, CUST-04304 ,2023-10-22,0.0665,3
ORD-2023-027249,CUST-04305,2023-10-23,0.1346,2
ORD-2023-027250,CUST-04306,2023-10-28,0.3157,1
ORD-2023-027251,CUST-04307,2023-10-31,0.1086,1
ORD-2023-027252,CUST-04308,2023-10-29,0.0499,1
ORD-2023-027253,CUST-04309,2023-10-26,0.0471,1
ORD-2023-027254,CUST-04310,2023-10-28,0.0571,1
ORD-2023-027255,CUST-04311,2023-10-31,0.3863,2
ORD-2023-027256,CUST-04312,2023-10-10,0.3504,2
ORD-2023-027257,CUST-04313,2023-10-29,0.3233,1
ORD-2023-027258,CUST-04314,2023-10-19,0.0638,1
ORD-2023-027259,CUST-04315,2023-10-24,0.0977,1
ORD-2023-027260,CUST-04316,2023-10-30,0.1493,2
ORD-2023-027261,CUST-04317,2023-10-28,0.1284,1
ORD-2023-027262,CUST-04318,2023-10-29,0.2987,1
ORD-2023-027263,CUST-04319,2023-10-23,0.3027,1
ORD-2023-027264,CUST-04320,2023-10-25,0.3649,2
ORD-2023-027265,CUST-04321,2023-10-22,0.1435,2
ORD-2023-027266,CUST-04322,2023-10-28,0.0609,2
ORD-2023-027267,CUST-04323,2023-10-29,0.0785,1
ORD-2023-027268,CUST-04324,2023-10-16,0.4366,2
ORD-2023-027269,CUST-04325,2023-10-31,0.1484,1
ORD-2023-027270,CUST-04326,2023-10-31,0.0536,2
ORD-2023-027271,CUST-04327,2023-10-29,0.1519,1
ORD-2023-027272,,2023-10-24,0.3987,2
ORD-2023-027273,CUST-04329,2023-10-24,0.2343,1
ORD-2023-027274,CUST-04330,2023-10-31,0.4867,1
ORD-2023-027275,CUST-04331,2023-10-30,0.0037,1
ORD-2023-027276,CUST-04332,2023-10-16,0.0902,1
ORD-2023-027277,CUST-04333,2023-10-28,0.0845,2
ORD-2023-027278,CUST-04334,2023-10-29,0.1104,5
ORD-2023-027279,CUST-04335,2023-10-05,0.0685,1
ORD-2023-027280,CUST-04336,2023-10-07,0.2555,1
ORD-2023-027281,CUST-04337,2023-10-29,0.0667,3
ORD-2023-027282,CUST-04338,2023-10-29,0.0751,3
ORD-2023-027283,CUST-04339,2023-10-31,0.4173,2
ORD-2023-027284,CUST-04340,2023-10-31,0.1604,1
ORD-2023-027285,CUST-04341,2023-10-20,0.1829,1
ORD-2023-027286,CUST-04342,2023-10-27,0.55,2
ORD-2023-027287,CUST-04343,2023-10-31,0.55,1
ORD-2023-027288,CUST-04344,2023-10-16,0.0766,1
ORD-2023-027289,CUST-04345,2023-10-31,0.1942,2
ORD-2023-027290,CUST-04346,2023-10-26,0.4263,2
ORD-2023-027291,CUST-04347,2023-10-31,0.1026,1
ORD-2023-027292,CUST-04348,2023-10-24,0.2222,1
ORD-2023-027293,CUST-04349,2023-10-29,0.0746,2
ORD-2023-027294,CUST-04350,2023-10-26,0.0914,2
ORD-2023-027295,CUST-04351,2023-10-21,0.0512,1
ORD-2023-027296,CUST-04352,2023-10-30,0.2812,1
ORD-2023-027297,CUST-04353,2023-10-27,0.4592,1
ORD-2023-027298,CUST-04354,2023-10-25,0.2026,1
ORD-2023-027299,CUST-04355,2023-10-07,0.2811,1
ORD-2023-027300,CUST-04356,2023-10-31,0.2452,2
ORD-2023-027301,CUST-04357,2023-10-29,0.2174,2
ORD-2023-027302,CUST-04358,2023-10-14,0.4349,1
ORD-2023-027303,CUST-04359,2023-10-24,0.3561,3
ORD-2023-027304,CUST-04360,2023-10-13,0.0443,1
ORD-2023-027305,CUST-04361,2023-10-28,0.0366,1
ORD-2023-027306,CUST-04362,2023-10-30,0.0971,1
ORD-2023-027307,CUST-04363,2023-10-28,0.1524,2
ORD-2023-027308,CUST-04364,2023-10-11,0.0757,3
ORD-2023-027309,CUST-04365,2023-10-15,0.2297,2
ORD-2023-027310,CUST-04366,2023-10-22,0.0355,3
ORD-2023-027311,CUST-04367,2023-10-29,0.4327,1
ORD-2023-027312,CUST-04368,2023-10-26,0.1528,1
ORD-2023-027313,CUST-04369,2023-10-11,0.2594,1
ORD-2023-027314,CUST-04370,2023-10-27,0.0371,1
ORD-2023-027315,CUST-04371,2023-10-21,0.0352,1
ORD-2023-027316,CUST-04372,2023-10-29,0.2064,1
ORD-2023-027317,CUST-04373,2023-10-29,0.0221,1
ORD-2023-027318,CUST-04374,2023-10-16,0.039,1
ORD-2023-027319,CUST-04375,2023-10-17,0.1639,1
ORD-2023-027320,CUST-04376,2023-10-26,0.55,1
ORD-2023-027321,CUST-04377,2023-10-07,0.0715,2
ORD-2023-027322,CUST-04378,2023-10-20,0.36,1
ORD-2023-027323,CUST-04379,2023-10-28,0.2554,1
ORD-2023-027324,CUST-04380,2023-10-25,0.2555,3
ORD-2023-027325,CUST-04381,2023-10-30,0.0198,1
ORD-2023-027326,CUST-04382,2023-10-29,0.2789,1
ORD-2023-027327,CUST-04383,2023-10-26,0.0371,1
ORD-2023-027328,CUST-04384,2023-10-21,0.1473,2
ORD-2023-027329,CUST-04385,2023-10-27,0.3603,2
ORD-2023-027330,CUST-04386,2023-10-24,0.1094,1
ORD-2023-027331,CUST-04387,2023-10-27,0.064,2
ORD-2023-027332,CUST-04388,2023-10-29,0.3633,2
ORD-2023-027333,CUST-04389,2023-10-27,0.1524,1
ORD-2023-027334,CUST-04390,2023-10-19,0.0449,1
ORD-2023-027335,CUST-04391,2023-10-19,0.55,1
ORD-2023-027336,CUST-04392,2023-10-17,0.1866,2
ORD-2023-027337,CUST-04393,2023-10-15,0.261,1
ORD-2023-027338,CUST-04394,2023-10-22,0.1451,2
ORD-2023-027339,CUST-04395,2023-10-31,0.5463,1
ORD-2023-027340,CUST-04396,2023-10-27,0.2133,1
ORD-2023-027341,CUST-04397,2023-10-25,0.3288,1
ORD-2023-027342,CUST-04398,2023-10-24,0.0233,2
ORD-2023-027343,CUST-04399,2023-10-28,0.0611,1
ORD-2023-027344,CUST-04400,2023-10-26,0.2254,2
ORD-2023-027345,CUST-04401,2023-10-23,0.1134,3
ORD-2023-027346,CUST-04402,2023-10-28,0.371,1
ORD-2023-027347,CUST-04403,2023-10-24,0.0318,3
ORD-2023-027348,CUST-04404,2023-10-13,0.1776,1
ORD-2023-027349,CUST-04405,2023-10-10,0.2916,1
ORD-2023-027350,CUST-04406,2023-10-16,0.0767,1
ORD-2023-027351,CUST-04407,2023-10-25,0.2544,1
ORD-2023-027352,CUST-04408,2023-10-28,0.076,2
ORD-2023-027353,CUST-04409,2023-10-31,0.0387,1
ORD-2023-027354,CUST-04410,2023-10-10,0.1778,2
ORD-2023-027355,CUST-04411,2023-10-17,0.1155,2
ORD-2023-027356,CUST-04412,2023-10-23,0.1213,4
ORD-2023-027357,CUST-04413,2023-10-14,0.1944,1
ORD-2023-027358,CUST-04414,2023-10-29,0.1229,2
ORD-2023-027359,CUST-04415,2023-10-15,0.0932,1
ORD-2023-027360,CUST-04416,2023-10-13,0.2699,3
ORD-2023-027361,CUST-04417,2023-10-17,0.0351,1
ORD-2023-027362,CUST-04418,2023-10-20,0.1086,2
ORD-2023-027363,CUST-04419,2023-10-29,0.1057,2
ORD-2023-027364,CUST-04420,2023-10-30,0.55,1
ORD-2023-027365,CUST-04421,2023-10-28,0.0268,3
ORD-2023-027366,CUST-04422,2023-10-25,0.0294,1
ORD-2023-027367,CUST-04423,2023-10-19,0.019,2
ORD-2023-027368,CUST-04424,2023-10-28,0.0652,1
ORD-2023-027369,CUST-04425,2023-10-31,0.1359,3
ORD-2023-027370,CUST-04426,2023-10-28,0.0605,1
ORD-2023-027371,CUST-04427,2023-10-25,0.4613,2
ORD-2023-027372,CUST-04428,2023-10-21,0.1012,2
ORD-2023-027373,CUST-04429,2023-10-29,0.1055,2
ORD-2023-027374,CUST-04430,2023-10-28,0.0633,2
ORD-2023-027375,CUST-04431,2023-10-30,0.1416,1
ORD-2023-027376,CUST-04432,2023-10-24,0.025,1
ORD-2023-027377,CUST-04433,2023-10-30,0.1216,2
ORD-2023-027378,CUST-04434,2023-10-16,0.2124,2
ORD-2023-027379,CUST-04435,2023-10-03,0.1207,3
ORD-2023-027380,CUST-04436,2023-10-15,0.099,1
ORD-2023-027381,CUST-04437,2023-10-29,0.0013,1
ORD-2023-027382,CUST-04438,2023-10-31,0.081,1
ORD-2023-027383,CUST-04439,2023-10-30,0.321,3
ORD-2023-027384,CUST-04440,2023-10-15,0.4056,2
ORD-2023-027385,CUST-04441,2023-10-26,0.367,1
ORD-2023-027386,CUST-04442,2023-10-24,0.0308,2
ORD-2023-027387,CUST-04443,2023-10-28,0.1949,1
ORD-2023-027388,CUST-04444,2023-10-16,0.5081,2
ORD-2023-027389,CUST-04445,2023-10-16,0.0019,1
ORD-2023-027390,CUST-04446,2023-10-21,0.0257,1
ORD-2023-027391,CUST-04447,2023-10-27,0.2771,2
ORD-2023-027392,CUST-04448,2023-10-31,0.1391,1
ORD-2023-027393,CUST-04449,2023-10-22,0.2055,1
ORD-2023-027394,CUST-04450,2023-10-21,0.1257,2
ORD-2023-027395,CUST-04451,2023-10-24,0.1085,1
ORD-2023-027396,CUST-04452,2023-10-28,0.2568,1
ORD-2023-027397,CUST-04453,2023-10-27,0.0536,1
ORD-2023-027398,CUST-04454,2023-10-31,0.007,3
ORD-2023-027399,CUST-04455,2023-10-21,0.2677,1
ORD-2023-027400,CUST-04456,2023-10-30,0.2146,1
ORD-2023-027401,CUST-04457,2023-10-25,0.1798,2
ORD-2023-027402,CUST-04458,2023-10-31,0.4615,2
ORD-2023-027403,CUST-04459,2023-10-30,0.1398,3
ORD-2023-027404,CUST-04460,2023-10-19,0.2061,1
ORD-2023-027405,CUST-04461,2023-10-27,0.2065,1
ORD-2023-027406,CUST-04462,2023-10-30,0.1028,3
ORD-2023-027407,CUST-04463,2023-10-21,0.1158,1
ORD-2023-027408,CUST-04464,2023-10-15,0.0418,1
ORD-2023-027409,CUST-04465,2023-10-14,0.4861,1
ORD-2023-027410,CUST-04466,2023-10-30,0.0551,1
ORD-2023-027411,CUST-04467,2023-10-22,0.4042,2
ORD-2023-027412,CUST-04468,2023-10-20,0.0421,5
ORD-2023-027413,CUST-04469,2023-10-23,0.0422,1
ORD-2023-027414,CUST-04470,2023-10-30,0.2014,2
ORD-2023-027415,CUST-04471,2023-10-31,0.1605,3
ORD-2023-027416,CUST-04472,2023-10-26,0.4561,2
ORD-2023-027417,CUST-04473,2023-10-29,0.2967,2
ORD-2023-027418,CUST-04474,2023-10-22,0.4159,1
ORD-2023-027419,CUST-04475,2023-10-31,0.3001,1
ORD-2023-027420,CUST-04476,2023-10-31,0.0874,3
ORD-2023-027421,CUST-04477,2023-10-20,0.3621,1
ORD-2023-027422,CUST-04478,2023-10-28,0.0435,2
ORD-2023-027423,CUST-04479,2023-10-07,0.031,1
ORD-2023-027424,CUST-04480,2023-10-28,0.0552,3
ORD-2023-027425,CUST-04481,2023-10-31,0.2327,2
ORD-2023-027426,CUST-04482,2023-10-31,0.0629,3
ORD-2023-027427,CUST-04483,2023-10-10,0.0411,2
ORD-2023-027428,CUST-04484,2023-10-22,0.0591,1
ORD-2023-027429,CUST-04485,2023-10-30,0.2844,1
ORD-2023-027430,CUST-04486,2023-10-25,0.2935,1
ORD-2023-027431,CUST-04487,2023-10-29,0.031,1
ORD-2023-027432,CUST-04488,2023-10-27,0.2025,3
ORD-2023-027433,CUST-04489,2023-10-31,0.1822,3
ORD-2023-027434,CUST-04490,2023-10-06,0.1569,1
ORD-2023-027435,CUST-04491,2023-10-19,0.0071,1
ORD-2023-027436,CUST-04492,2023-10-23,0.0551,1
ORD-2023-027437,CUST-04493,2023-10-29,0.0046,2
ORD-2023-027438,CUST-04494,2023-10-24,0.3209,2
ORD-2023-027439,CUST-04495,2023-10-15,0.3642,1
ORD-2023-027440,CUST-04496,2023-10-19,0.55,1
ORD-2023-027441,CUST-04497,2023-10-23,0.3281,1
ORD-2023-027442,CUST-04498,2023-10-15,0.3533,1
ORD-2023-027443,CUST-04499,2023-10-31,0.0179,4
ORD-2023-027444,CUST-04500,2023-10-27,0.0172,1
ORD-2023-027445,CUST-04501,2023-10-13,0.1457,1
ORD-2023-027446,CUST-04502,2023-10-25,0.55,2
ORD-2023-027447,CUST-04503,2023-10-29,0.1385,1
ORD-2023-027448,CUST-04504,2023-10-23,0.2741,1
ORD-2023-027449,CUST-04505,2023-10-17,0.55,2
ORD-2023-027450,CUST-04506,2023-10-27,0.1776,2
ORD-2023-027451,CUST-04507,2023-10-28,0.0554,1
ORD-2023-027452,CUST-04508,2023-10-28,0.0607,2
ORD-2023-027453,CUST-04509,2023-10-31,0.1174,2
ORD-2023-027454,CUST-04510,2023-10-28,0.55,1
ORD-2023-027455,CUST-04511,2023-10-30,0.5143,2
ORD-2023-027456,CUST-04512,2023-10-30,0.3001,2
ORD-2023-027457,CUST-04513,2023-10-30,0.0968,1
ORD-2023-027458,CUST-04514,2023-10-13,0.55,1
ORD-2023-027459,CUST-04515,2023-10-12,0.28,1
ORD-2023-027460,CUST-04516,2023-10-30,0.2356,1
ORD-2023-027461,CUST-04517,2023-10-19,0.1666,1
ORD-2023-027462,CUST-04518,2023-10-15,0.2135,2
ORD-2023-027463,CUST-04519,2023-10-23,0.1561,2
ORD-2023-027464,CUST-04520,2023-10-18,0.0144,3
ORD-2023-027465,CUST-04521,2023-10-30,0.016,2
ORD-2023-027466,CUST-04522,2023-10-31,0.321,1
ORD-2023-027467,CUST-04523,2023-10-31,0.4029,2
ORD-2023-027468,CUST-04524,2023-10-19,0.1,1
ORD-2023-027469,CUST-04525,2023-10-27,0.0732,2
ORD-2023-027470,CUST-04526,2023-10-25,0.1217,1
ORD-2023-027471,CUST-04527,2023-10-28,0.0101,1
ORD-2023-027472,CUST-04528,2023-10-31,0.0308,3
ORD-2023-027473,CUST-04529,2023-10-27,0.5408,1
ORD-2023-027474,CUST-04530,2023-10-25,0.087,3
ORD-2023-027475,CUST-04531,2023-10-31,0.3336,1
ORD-2023-027476,CUST-04532,2023-10-18,0.2297,2
ORD-2023-027477,CUST-04533,2023-10-31,0.1959,1
ORD-2023-027478,CUST-04534,2023-10-12,0.0241,3
ORD-2023-027479,CUST-04535,2023-10-29,0.1717,1
ORD-2023-027480,CUST-04536,2023-10-27,0.4081,3
ORD-2023-027481,CUST-04537,2023-10-12,0.4028,1
ORD-2023-027482,CUST-04538,2023-10-28,0.0804,1
ORD-2023-027483,CUST-04539,2023-10-21,0.0762,1
ORD-2023-027484,CUST-04540,2023-10-30,0.0624,1
ORD-2023-027485,CUST-04541,2023-10-30,0.55,1
ORD-2023-027486,CUST-04542,2023-10-28,0.0395,1
ORD-2023-027487,CUST-04543,2023-10-21,0.1265,4
ORD-2023-027488,CUST-04544,2023-10-31,0.1824,2
ORD-2023-027489,CUST-04545,2023-10-15,0.2203,1
ORD-2023-027490,CUST-04546,2023-10-05,0.0188,2
ORD-2023-027491,CUST-04547,2023-10-31,0.4404,2
ORD-2023-027492,CUST-04548,2023-10-30,0.1548,2
ORD-2023-027493,CUST-04549,2023-10-16,0.1276,1
ORD-2023-027494,CUST-04550,2023-10-26,0.3636,1
ORD-2023-027495,CUST-04551,2023-10-14,0.4452,1
ORD-2023-027496,CUST-04552,2023-10-31,0.1329,1
ORD-2023-027497,CUST-04553,2023-10-28,0.55,1
ORD-2023-027498,CUST-04554,2023-10-17,0.4394,2
ORD-2023-027499,CUST-04555,2023-10-18,0.1019,3
ORD-2023-027500,CUST-04556,2023-10-18,0.1073,2
ORD-2023-027501,CUST-04557,2023-10-31,0.2813,2
ORD-2023-027502,CUST-04558,2023-10-26,0.55,1
ORD-2023-027503,CUST-04559,2023-10-26,0.3092,1
ORD-2023-027504,CUST-04560,2023-10-14,0.0991,3
ORD-2023-027505,CUST-04561,2023-10-31,0.0493,1
ORD-2023-027506,CUST-04562,2023-10-28,0.2108,1
ORD-2023-027507,CUST-04563,2023-10-28,0.0221,2
ORD-2023-027508,CUST-04564,2023-10-13,0.0575,1
ORD-2023-027509,CUST-04565,2023-10-22,0.3878,2
ORD-2023-027510,CUST-04566,2023-10-21,0.2387,1
ORD-2023-027511,CUST-04567,2023-10-25,0.465,2
ORD-2023-027512,CUST-04568,2023-10-21,0.0417,3
ORD-2023-027513,CUST-04569,2023-10-30,0.2173,1
ORD-2023-027514,CUST-04570,2023-10-22,0.0929,3
ORD-2023-027515,CUST-04571,2023-10-27,0.133,2
ORD-2023-027516,CUST-04572,2023-10-30,0.2171,1
ORD-2023-027517,CUST-04573,2023-10-20,0.228,1
ORD-2023-027518,CUST-04574,2023-10-22,0.5352,2
ORD-2023-027519,CUST-04575,2023-10-07,0.2818,2
ORD-2023-027520,CUST-04576,2023-10-27,0.0523,3
ORD-2023-027521,CUST-04577,2023-10-25,0.1408,2
ORD-2023-027522,CUST-04578,2023-10-01,0.1904,1
ORD-2023-027523,CUST-04579,2023-10-29,0.0781,2
ORD-2023-027524,CUST-04580,2023-10-22,0.55,1
ORD-2023-027525,CUST-04581,2023-10-10,0.3814,2
ORD-2023-027526,CUST-04582,2023-10-24,0.1383,1
ORD-2023-027527,CUST-04583,2023-10-22,0.1001,2
ORD-2023-027528,CUST-04584,2023-10-30,0.1947,1
ORD-2023-027529,CUST-04585,2023-10-20,0.55,1
ORD-2023-027530,CUST-04586,2023-10-11,0.1455,5
ORD-2023-027531,CUST-04587,2023-10-10,0.1336,1
ORD-2023-027532,CUST-04588,2023-10-08,0.3756,2
ORD-2023-027533,CUST-04589,2023-10-27,0.3543,1
ORD-2023-027534,CUST-04590,2023-10-21,0.5379,2
ORD-2023-027535,CUST-04591,2023-10-29,0.1603,1
ORD-2023-027536,CUST-04592,2023-10-19,0.3304,2
ORD-2023-027537,CUST-04593,2023-10-30,0.1722,1
ORD-2023-027538,CUST-04594,2023-10-30,0.0442,1
ORD-2023-027539,CUST-04595,2023-10-24,0.3754,1
ORD-2023-027540,CUST-04596,2023-10-29,0.2643,1
ORD-2023-027541,CUST-04597,2023-10-30,0.1908,1
ORD-2023-027542,CUST-04598,2023-10-21,0.4523,2
ORD-2023-027543,CUST-04599,2023-10-25,0.0304,1
ORD-2023-027544,CUST-04600,2023-10-18,0.0547,1
ORD-2023-027545,CUST-04601,2023-10-18,0.2921,2
ORD-2023-027546,CUST-04602,2023-10-26,0.2134,2
ORD-2023-027547,CUST-04603,2023-10-19,0.0592,3
ORD-2023-027548,CUST-04604,2023-10-27,0.2344,2
ORD-2023-027549,CUST-04605,2023-10-15,0.1381,2
ORD-2023-027550,CUST-04606,2023-10-31,0.3555,1
ORD-2023-027551,CUST-04607,2023-10-17,0.0349,1
ORD-2023-027552,CUST-04608,2023-10-16,0.3214,1
ORD-2023-027553,CUST-04609,2023-10-25,0.0522,1
ORD-2023-027554,CUST-04610,2023-10-22,0.0232,1
ORD-2023-027555,CUST-04611,2023-10-24,0.249,1
ORD-2023-027556,CUST-04612,2023-10-25,0.0547,1
ORD-2023-027557,CUST-04613,2023-10-16,0.1151,1
ORD-2023-027558,CUST-04614,2023-10-24,0.3791,1
ORD-2023-027559,CUST-04615,2023-10-27,0.2206,1
ORD-2023-027560,CUST-04616,2023-10-18,0.4843,1
ORD-2023-027561,CUST-04617,2023-10-31,0.23,2
ORD-2023-027562,CUST-04618,2023-10-27,0.1226,1
ORD-2023-027563,CUST-04619,2023-10-22,0.4494,2
ORD-2023-027564,CUST-04620,2023-10-21,0.1083,2
ORD-2023-027565,CUST-04621,2023-10-31,0.1724,1
ORD-2023-027566,CUST-04622,2023-10-25,0.194,2
ORD-2023-027567,CUST-04623,2023-10-30,0.1077,1
ORD-2023-027568,CUST-04624,2023-10-31,0.0836,3
ORD-2023-027569,CUST-04625,2023-10-30,0.0723,1
ORD-2023-027570,CUST-04626,2023-10-29,0.3092,1
ORD-2023-027571,CUST-04627,2023-10-22,0.0743,1
ORD-2023-027572,CUST-04628,2023-10-29,0.2767,3
ORD-2023-027573,CUST-04629,2023-10-20,0.2019,2
ORD-2023-027574,CUST-04630,2023-10-14,0.1234,1
ORD-2023-027575,CUST-04631,2023-10-20,0.3035,1
ORD-2023-027576,CUST-04632,2023-10-26,0.3702,1
ORD-2023-027577,CUST-04633,2023-10-31,0.0297,2
ORD-2023-027578,CUST-04634,2023-10-29,0.1714,1
ORD-2023-027579,CUST-04635,2023-10-31,0.2504,2
ORD-2023-027580,CUST-04636,2023-10-30,0.3506,1
ORD-2023-027581,CUST-04637,2023-10-02,0.069,2
ORD-2023-027582,CUST-04638,2023-10-31,0.1918,1
ORD-2023-027583,CUST-04639,2023-10-21,0.1049,1
ORD-2023-027584,CUST-04640,2023-10-29,0.1746,2
ORD-2023-027585,CUST-04641,2023-10-24,0.3862,1
ORD-2023-027586,CUST-04642,2023-10-20,0.0254,1
ORD-2023-027587,CUST-04643,2023-10-09,0.5315,1
ORD-2023-027588,CUST-04644,2023-10-19,0.0529,1
ORD-2023-027589,CUST-04645,2023-10-31,0.1769,1
ORD-2023-027590,CUST-04646,2023-10-23,0.227,1
ORD-2023-027591,CUST-04647,2023-10-18,0.55,1
ORD-2023-027592,CUST-04648,2023-10-24,0.1715,3
ORD-2023-027593,CUST-04649,2023-10-26,0.0217,1
ORD-2023-027594,CUST-04650,2023-10-31,0.1768,1
ORD-2023-027595,CUST-04651,2023-10-06,0.0935,1
ORD-2023-027596,CUST-04652,2023-10-26,0.2998,2
ORD-2023-027597,CUST-04653,2023-10-16,0.0669,3
ORD-2023-027598,CUST-04654,2023-10-06,0.2835,2
ORD-2023-027599,CUST-04655,2023-10-30,0.4917,1
ORD-2023-027600,CUST-04656,2023-10-22,0.3837,2
ORD-2023-027601,CUST-04657,2023-10-26,0.1954,3
ORD-2023-027602,CUST-04658,2023-10-22,0.3296,2
ORD-2023-027603,CUST-04659,2023-10-31,0.2517,1
ORD-2023-027604,CUST-04660,2023-10-21,0.0917,2
ORD-2023-027605,CUST-04661,2023-10-22,0.0254,2
ORD-2023-027606,CUST-04662,2023-10-21,0.0647,1
ORD-2023-027607,CUST-04663,2023-10-31,0.263,2
ORD-2023-027608,CUST-04664,2023-10-21,0.4149,1
ORD-2023-027609,CUST-04665,2023-10-31,0.3932,2
ORD-2023-027610,CUST-04666,2023-10-24,0.161,1
ORD-2023-027611,CUST-04667,2023-10-20,0.55,1
ORD-2023-027612,CUST-04668,2023-10-31,0.1606,1
ORD-2023-027613,CUST-04669,2023-10-31,0.0317,1
ORD-2023-027614,CUST-04670,2023-10-10,0.0271,1
ORD-2023-027615,CUST-04671,2023-10-25,0.0423,2
ORD-2023-027616,CUST-04672,2023-10-19,0.0326,1
ORD-2023-027617,CUST-04673,2023-10-29,0.2376,1
ORD-2023-027618,CUST-04674,2023-10-13,0.55,1
ORD-2023-027619,CUST-04675,2023-10-28,0.1453,2
ORD-2023-027620,CUST-04676,2023-10-30,0.0983,1
ORD-2023-027621,CUST-04677,2023-10-27,0.3388,2
ORD-2023-027622,CUST-04678,2023-10-25,0.2739,2
ORD-2023-027623,CUST-04679,2023-10-31,0.5221,1
ORD-2023-027624,CUST-04680,2023-10-20,0.0314,1
ORD-2023-027625,CUST-04681,2023-10-30,0.4087,2
ORD-2023-027626,CUST-04682,2023-10-30,0.0475,1
ORD-2023-027627,CUST-04683,2023-10-24,0.4719,1
ORD-2023-027628,CUST-04684,2023-10-10,0.1744,2
ORD-2023-027629,CUST-04685,2023-10-25,0.4182,2
ORD-2023-027630,CUST-04686,2023-10-20,0.0902,2
ORD-2023-027631,CUST-04687,2023-10-30,0.5263,2
ORD-2023-027632,CUST-04688,2023-10-23,0.0286,1
ORD-2023-027633,CUST-04689,2023-10-30,0.0259,1
ORD-2023-027634,CUST-04690,2023-10-18,0.0371,1
ORD-2023-027635,CUST-04691,2023-10-08,0.1186,1
ORD-2023-027636,CUST-04692,2023-10-30,0.1903,1
ORD-2023-027637,CUST-04693,2023-10-16,0.0225,1
ORD-2023-027638,CUST-04694,2023-10-15,0.0339,2
ORD-2023-027639,CUST-04695,2023-10-16,0.2194,1
ORD-2023-027640,CUST-04696,2023-10-30,0.1101,1
ORD-2023-027641,CUST-04697,2023-10-16,0.1215,2
ORD-2023-027642,CUST-04698,2023-10-30,0.3275,1
ORD-2023-027643,CUST-04699,2023-10-25,0.55,1
ORD-2023-027644,CUST-04700,2023-10-28,0.1397,1
ORD-2023-027645,CUST-04701,2023-10-19,0.0327,2
ORD-2023-027646,CUST-04702,2023-10-28,0.4758,1
ORD-2023-027647,CUST-04703,2023-10-27,0.3178,1
ORD-2023-027648,CUST-04704,2023-10-23,0.1403,1
ORD-2023-027649,CUST-04705,2023-10-29,0.1927,2
ORD-2023-027650,CUST-04706,2023-10-29,0.0367,1
ORD-2023-027651,CUST-04707,2023-10-31,0.0485,1
ORD-2023-027652,CUST-04708,2023-10-08,0.521,1
ORD-2023-027653,CUST-04709,2023-10-15,0.08,1
ORD-2023-027654,CUST-04710,2023-10-28,0.0679,1
ORD-2023-027655,CUST-04711,2023-10-25,0.053,3
ORD-2023-027656,CUST-04712,2023-10-21,0.2241,1
ORD-2023-027657,CUST-04713,2023-10-29,0.2288,1
ORD-2023-027658,CUST-04714,2023-10-27,0.0641,1
ORD-2023-027659,CUST-04715,2023-10-31,0.0577,1
ORD-2023-027660,CUST-04716,2023-10-18,0.3264,1
ORD-2023-027661,CUST-04717,2023-10-27,0.4458,1
ORD-2023-027662,CUST-04718,2023-10-30,0.2957,2
ORD-2023-027663,CUST-04719,2023-10-27,0.1294,2
ORD-2023-027664,CUST-04720,2023-10-05,0.0457,2
ORD-2023-027665,CUST-04721,2023-10-18,0.0771,2
ORD-2023-027666,CUST-04722,2023-10-31,0.1501,2
ORD-2023-027667,CUST-04723,2023-10-11,0.0888,5
ORD-2023-027668,CUST-04724,2023-10-16,0.2483,1
ORD-2023-027669,CUST-04725,2023-10-10,0.0974,1
ORD-2023-027670,CUST-04726,2023-10-30,0.1039,2
ORD-2023-027671,CUST-04727,2023-10-26,0.0547,1
ORD-2023-027672,CUST-04728,2023-10-23,0.1174,3
ORD-2023-027673,CUST-04729,2023-10-24,0.0954,1
ORD-2023-027674,CUST-04730,2023-10-31,0.237,1
ORD-2023-027675,CUST-04731,2023-10-31,0.1758,1
ORD-2023-027676,CUST-04732,2023-10-31,0.0544,1
ORD-2023-027677,CUST-04733,2023-10-30,0.2278,2
ORD-2023-027678,CUST-04734,2023-10-31,0.1138,1
ORD-2023-027679,CUST-04735,2023-10-29,0.0116,1
ORD-2023-027680,CUST-03991,2023-10-11,0.0668,2
ORD-2023-027681,CUST-01780,2023-10-05,0.2009,1
ORD-2023-027682,CUST-03216,2023-10-21,0.0391,1
ORD-2023-027683,CUST-03276,2023-10-10,0.0757,1
ORD-2023-027684,CUST-03192,2023-10-13,0.12,3
ORD-2023-027685,CUST-01674,2023-10-28,0.1157,1
ORD-2023-027686,CUST-02487,2023-10-17,0.0526,2
ORD-2023-027687,CUST-02623,2023-10-01,0.0391,1
ORD-2023-027688,CUST-04228,2023-10-30,0.4541,1
ORD-2023-027689,CUST-01684,2023-10-05,0.1097,3
ORD-2023-027690,CUST-02007,2023-10-14,0.0786,1
ORD-2023-027691,CUST-02699,2023-10-09,0.085,1
ORD-2023-027692,CUST-00813,2023-10-20,0.0578,1
ORD-2023-027693,CUST-01037,2023-10-01,0.151,3
ORD-2023-027694,CUST-03028,2023-10-16,0.1896,1
ORD-2023-027695,CUST-00700,2023-10-12,0.1021,4
ORD-2023-027696,CUST-03642,2023-10-06,0.0157,1
ORD-2023-027697,CUST-00871,2023-10-21,0.2302,1
ORD-2023-027698,CUST-01436,2023-10-01,0.1138,1
ORD-2023-027699,CUST-02669,2023-10-17,0.0917,1
ORD-2023-027700,CUST-01626,2023-10-14,0.0993,3
ORD-2023-027701,CUST-04135,2023-10-24,0.1517,2
ORD-2023-027702,CUST-03520,2023-10-27,0.1612,1
ORD-2023-027703,CUST-00422,2023-10-16,0.0482,1
ORD-2023-027704,CUST-02797,2023-10-04,0.0189,1
ORD-2023-027705,CUST-02067,2023-10-09,0.0802,1
ORD-2023-027706,CUST-02765,2023-10-23,0.0521,1
ORD-2023-027707,CUST-00482,2023-10-30,0.0086,1
ORD-2023-027708,CUST-00273,2023-10-02,0.122,2
ORD-2023-027709,CUST-03378,2023-10-12,0.0046,1
ORD-2023-027710,CUST-03998,2023-10-01,0.1395,1
ORD-2023-027711,CUST-01561,2023-10-24,0.1289,2
ORD-2023-027712,CUST-02937,2023-10-07,0.0117,1
ORD-2023-027713,CUST-03435,2023-10-06,0.0289,2
ORD-2023-027714,CUST-03212,2023-10-05,0.2544,2
ORD-2023-027715,CUST-00229,2023-10-12,0.0931,2
ORD-2023-027716,CUST-02059,2023-10-14,0.0702,1
ORD-2023-027717,CUST-00863,2023-10-17,0.0041,1
ORD-2023-027718,CUST-01026,2023-10-15,0.1516,1
ORD-2023-027719,CUST-02621,2023-10-02,0.1112,1
ORD-2023-027720,CUST-03266,2023-10-24,0.2868,2
ORD-2023-027721,CUST-02585,2023-10-17,0.1062,2
ORD-2023-027722,CUST-00345,2023-10-26,0.1213,2
ORD-2023-027723,CUST-00544,2023-10-16,0.1368,2
ORD-2023-027724,CUST-02924,2023-10-25,0.0466,2
ORD-2023-027725,CUST-02070,2023-10-16,0.0574,5
ORD-2023-027726,CUST-02730,2023-10-21,0.134,2
ORD-2023-027727,CUST-00295,2023-10-26,0.1157,1
ORD-2023-027728,CUST-02092,2023-10-23,0.1531,1
ORD-2023-027729,CUST-02407,2023-10-04,0.0399,1
ORD-2023-027730,CUST-03520,2023-10-17,0.2692,1
ORD-2023-027731,CUST-04706,2023-10-29,0.08,1
ORD-2023-027732,CUST-03070,2023-10-08,0.2338,2
ORD-2023-027733,CUST-02407,2023-10-25,0.3591,1
ORD-2023-027734,CUST-01684,2023-10-06,0.124,1
ORD-2023-027735,CUST-03307,2023-10-20,0.0708,2
ORD-2023-027736,CUST-02425,2023-10-18,0.201,5
ORD-2023-027737,CUST-02232,2023-10-14,0.2934,1
ORD-2023-027738,CUST-00824,2023-10-28,0.1895,1
ORD-2023-027739,CUST-03359,2023-10-06,0.0678,2
ORD-2023-027740,CUST-01398,2023-10-25,0.0643,1
ORD-2023-027741,CUST-02669,2023-10-12,0.0765,1
ORD-2023-027742,CUST-03804,2023-10-15,0.2058,1
ORD-2023-027743,CUST-03795,2023-10-19,0.0673,1
ORD-2023-027744,CUST-00215,2023-10-09,0.0316,1
ORD-2023-027745,CUST-04012,2023-10-28,0.0261,1
ORD-2023-027746,CUST-00273,2023-10-12,0.0448,1
ORD-2023-027747,CUST-01777,2023-10-04,0.1821,1
ORD-2023-027748,CUST-00039,2023-10-19,0.0959,1
ORD-2023-027749,CUST-02538,2023-10-10,0.0279,1
ORD-2023-027750,CUST-02328,2023-10-29,0.1387,1
ORD-2023-027751,CUST-02018,2023-10-08,0.1812,2
ORD-2023-027752,CUST-02172,2023-10-06,0.1235,1
ORD-2023-027753,CUST-02471,2023-10-27,0.1734,1
ORD-2023-027754,CUST-04487,2023-10-13,0.075,3
ORD-2023-027755,CUST-04070,2023-10-14,0.1985,1
ORD-2023-027756,CUST-01234,2023-10-20,0.3556,1
ORD-2023-027757,CUST-01795,2023-10-01,0.2248,1
ORD-2023-027758,CUST-00747,2023-10-05,0.2014,1
ORD-2023-027759,CUST-02599,2023-10-14,0.3818,1
ORD-2023-027760,CUST-00458,2023-10-08,0.1327,3
ORD-2023-027761,CUST-01037,2023-10-07,0.0289,1
ORD-2023-027762,CUST-00458,2023-10-13,0.0458,1
ORD-2023-027763,CUST-03836,2023-10-06,0.2096,2
ORD-2023-027764,CUST-02965,2023-10-31,0.1301,2
ORD-2023-027765,CUST-00068,2023-10-18,0.0148,1
ORD-2023-027766,CUST-03218,2023-10-04,0.1254,1
ORD-2023-027767,CUST-00721,2023-10-03,0.1037,1
ORD-2023-027768,CUST-00502,2023-10-04,0.1399,2
ORD-2023-027769,CUST-01520,2023-10-07,0.0184,1
ORD-2023-027770,CUST-04153,2023-10-27,0.1881,1
ORD-2023-027771,CUST-00732,2023-10-07,0.072,1
ORD-2023-027772,CUST-02699,2023-10-22,0.092,2
ORD-2023-027773,CUST-00027,2023-10-30,0.0719,1
ORD-2023-027774,CUST-02021,2023-10-08,0.1456,2
ORD-2023-027775,CUST-00029,2023-10-03,0.0459,1
ORD-2023-027776,CUST-04256,2023-10-18,0.0587,1
ORD-2023-027777,CUST-02516,2023-10-27,0.0499,1
ORD-2023-027778,CUST-03653,2023-10-01,0.0719,1
ORD-2023-027779,CUST-04102,2023-10-07,0.0976,1
ORD-2023-027780,CUST-04276,2023-10-26,0.1415,2
ORD-2023-027781,CUST-01592,2023-10-24,0.1426,1
ORD-2023-027782,CUST-00649,2023-10-06,0.2513,1
ORD-2023-027783,CUST-00397,2023-10-05,0.0408,2
ORD-2023-027784,CUST-01257,2023-10-02,0.0083,1
ORD-2023-027785,CUST-02585,2023-10-20,0.0636,1
ORD-2023-027786,CUST-00153,2023-10-15,0.0167,1
ORD-2023-027787,CUST-03522,2023-10-16,0.0305,1
ORD-2023-027788,CUST-02669,2023-10-16,0.1442,2
ORD-2023-027789,CUST-04560,2023-10-07,0.0297,1
ORD-2023-027790,CUST-02414,2023-10-28,0.2102,2
ORD-2023-027791,CUST-02249,2023-10-29,0.0742,2
ORD-2023-027792,CUST-04669,2023-10-21,0.0459,2
ORD-2023-027793,CUST-04689,2023-10-17,0.0332,1
ORD-2023-027794,CUST-02688,2023-10-21,0.0703,1
ORD-2023-027795,CUST-02537,2023-10-23,0.0363,3
ORD-2023-027796,CUST-00458,2023-10-09,0.1307,3
ORD-2023-027797,CUST-03156,2023-10-24,0.0164,2
ORD-2023-027798,CUST-00200,2023-10-23,0.1375,3
ORD-2023-027799,CUST-03683,2023-10-07,0.0948,2
ORD-2023-027800,CUST-00630,2023-10-14,0.0287,2
ORD-2023-027801,CUST-02679,2023-10-14,0.0062,1
ORD-2023-027802,CUST-01616,2023-10-05,0.0855,1
ORD-2023-027803,CUST-01460,2023-10-14,0.0941,2
ORD-2023-027804,CUST-03319,2023-10-19,0.1379,3
ORD-2023-027805,CUST-01982,2023-10-07,0.112,1
ORD-2023-027806,CUST-00867,2023-10-10,0.0839,1
ORD-2023-027807,CUST-02341,2023-10-04,0.0852,3
ORD-2023-027808,CUST-04005,2023-10-06,0.211,1
ORD-2023-027809,CUST-02471,2023-10-28,0.0898,2
ORD-2023-027810,CUST-02727,2023-10-30,0.0318,3
ORD-2023-027811,CUST-02576,2023-10-15,0.1732,1
ORD-2023-027812,CUST-00579,2023-10-10,0.0813,3
ORD-2023-027813,CUST-04159,2023-10-25,0.0619,1
ORD-2023-027814,CUST-04525,2023-10-06,0.0351,1
ORD-2023-027815,CUST-03359,2023-10-28,0.0516,2
ORD-2023-027816,CUST-03415,2023-10-28,0.0292,1
ORD-2023-027817,CUST-02894,2023-10-01,0.0381,4
ORD-2023-027818,CUST-03236,2023-10-22,0.1099,5
ORD-2023-027819,CUST-00906,2023-10-23,0.2173,2
ORD-2023-027820,CUST-00273,2023-10-07,0.0849,1
ORD-2023-027821,CUST-00917,2023-10-02,0.0347,1
ORD-2023-027822,CUST-02922,2023-10-18,0.0307,3
ORD-2023-027823,CUST-00260,2023-10-19,0.074,2
ORD-2023-027824,CUST-02727,2023-10-26,0.0085,2
ORD-2023-027825,CUST-00039,2023-10-31,0.0581,2
ORD-2023-027826,CUST-01702,2023-10-15,0.0666,1
ORD-2023-027827,CUST-01103,2023-10-02,0.0775,1
ORD-2023-027828,CUST-00600,2023-10-27,0.1294,1
ORD-2023-027829,CUST-03114,2023-10-10,0.0809,4
ORD-2023-027830,CUST-03998,2023-10-09,0.0682,4
ORD-2023-027831,CUST-00932,2023-10-17,0.0937,2
ORD-2023-027832,CUST-03447,2023-10-09,0.0983,2
ORD-2023-027833,CUST-01978,2023-10-22,0.182,2
ORD-2023-027834,CUST-03925,2023-10-17,0.1009,1
ORD-2023-027835,CUST-02292,2023-10-12,0.443,1
ORD-2023-027836,CUST-02778,2023-10-23,0.0259,1
ORD-2023-027837,CUST-01910,2023-10-18,0.0648,1
ORD-2023-027838,CUST-00552,2023-10-04,0.121,2
ORD-2023-027839,CUST-02065,2023-10-27,0.0326,3
ORD-2023-027840,CUST-03854,2023-10-05,0.1815,1
ORD-2023-027841,CUST-03780,2023-10-05,0.1685,2
ORD-2023-027842,CUST-03393,2023-10-13,0.1016,2
ORD-2023-027843,CUST-00818,2023-10-28,0.0872,1
ORD-2023-027844,CUST-00413,2023-10-01,0.0221,1
ORD-2023-027845,CUST-04291,2023-10-24,0.1957,2
ORD-2023-027846,CUST-03827,2023-10-13,0.2898,1
ORD-2023-027847,CUST-02298,2023-10-22,0.1106,1
ORD-2023-027848,CUST-03057,2023-10-27,0.0527,1
ORD-2023-027849,CUST-03315,2023-10-18,0.0533,1
ORD-2023-027850,CUST-03677,2023-10-29,0.1211,1
ORD-2023-027851,CUST-01480,2023-10-22,0.0856,2
ORD-2023-027852,CUST-03544,2023-10-11,0.0545,1
ORD-2023-027853,CUST-04291,2023-10-21,0.3035,1
ORD-2023-027854,CUST-03775,2023-10-21,0.0303,1
ORD-2023-027855,CUST-01226,2023-10-04,0.1113,1
ORD-2023-027856,CUST-03324,2023-10-13,0.2201,2
ORD-2023-027857,CUST-02626,2023-10-29,0.0392,4
ORD-2023-027858,CUST-02669,2023-10-13,0.065,1
ORD-2023-027859,CUST-03826,2023-10-20,0.1037,2
ORD-2023-027860,CUST-04046,2023-10-17,0.2367,1
ORD-2023-027861,CUST-01355,2023-10-17,0.1113,1
ORD-2023-027862,CUST-02492,2023-10-24,0.0561,3
ORD-2023-027863,CUST-02408,2023-10-05,0.0589,1
ORD-2023-027864,CUST-04332,2023-10-26,0.0806,1
ORD-2023-027865,CUST-01086,2023-10-18,0.0376,1
ORD-2023-027866,CUST-01519,2023-10-31,0.2387,1
ORD-2023-027867,CUST-01571,2023-10-27,0.0687,2
ORD-2023-027868,CUST-01619,2023-10-27,0.0125,1
ORD-2023-027869,CUST-03854,2023-10-27,0.1076,2
ORD-2023-027870,CUST-04264,2023-10-06,0.0275,2
ORD-2023-027871,CUST-00993,2023-10-15,0.1537,2
ORD-2023-027872,CUST-02212,2023-10-26,0.1442,1
ORD-2023-027873,CUST-02762,2023-10-28,0.1799,1
ORD-2023-027874,CUST-01152,2023-10-12,0.1428,2
ORD-2023-027875,CUST-02148,2023-10-22,0.2191,1
ORD-2023-027876,CUST-00365,2023-10-30,0.2258,1
ORD-2023-027877,CUST-04673,2023-10-03,0.2816,2
ORD-2023-027878,CUST-04697,2023-10-10,0.1243,1
ORD-2023-027879,CUST-02149,2023-10-04,0.0186,1
ORD-2023-027880,CUST-01773,2023-10-26,0.1401,2
ORD-2023-027881,CUST-04014,2023-10-24,0.11,1
ORD-2023-027882,CUST-01755,2023-10-02,0.0641,2
ORD-2023-027883,CUST-01130,2023-10-19,0.0315,1
ORD-2023-027884,CUST-02603,2023-10-01,0.1745,1
ORD-2023-027885,CUST-02289,2023-10-03,0.0694,1
ORD-2023-027886,CUST-00545,2023-10-08,0.55,1
ORD-2023-027887,CUST-00045,2023-10-18,0.2358,3
ORD-2023-027888,CUST-01487,2023-10-08,0.0296,1
ORD-2023-027889,CUST-03250,2023-10-05,0.0344,4
ORD-2023-027890,CUST-02391,2023-10-24,0.1041,2
ORD-2023-027891,CUST-02764,2023-10-28,0.0349,1
ORD-2023-027892,CUST-00673,2023-10-05,0.0821,1
ORD-2023-027893,CUST-03490,2023-10-28,0.0745,1
ORD-2023-027894,CUST-02679,2023-10-20,0.0292,1
ORD-2023-027895,CUST-00915,2023-10-31,0.0721,3
ORD-2023-027896,CUST-02416,,0.0673,1
ORD-2023-027897,CUST-03599,2023-10-07,0.148,1
ORD-2023-027898,CUST-04609,2023-10-06,0.0311,3
ORD-2023-027899,CUST-01257,2023-10-23,0.0359,1
ORD-2023-027900,CUST-02136,2023-10-09,0.0382,2
ORD-2023-027901,CUST-03076,2023-10-16,0.0362,1
ORD-2023-027902,CUST-01141,2023-10-13,0.1102,1
ORD-2023-027903,CUST-02420,2023-10-22,0.0855,2
ORD-2023-027904,CUST-02085,2023-10-21,0.0728,4
ORD-2023-027905,CUST-04084,2023-10-07,0.1238,3
ORD-2023-027906,CUST-03936,2023-10-20,0.0597,2
ORD-2023-027907,CUST-00818,2023-10-07,0.4603,1
ORD-2023-027908,CUST-00382,2023-10-06,0.1379,1
ORD-2023-027909,CUST-03978,2023-10-19,0.2207,1
ORD-2023-027910,CUST-02636,2023-10-24,0.0452,1
ORD-2023-027911,CUST-02208,2023-10-22,0.0148,2
ORD-2023-027912,CUST-02181,2023-10-27,0.144,1
ORD-2023-027913,CUST-02582,2023-10-28,0.0506,3
ORD-2023-027914,CUST-02459,2023-10-10,0.1452,1
ORD-2023-027915,CUST-00027,2023-10-19,0.0204,2
ORD-2023-027916,CUST-02834,2023-10-18,0.0112,1
ORD-2023-027917,CUST-00021,2023-10-26,0.0866,3
ORD-2023-027918,CUST-02890,2023-10-11,0.0435,1
ORD-2023-027919,CUST-02376,2023-10-01,0.1724,1
ORD-2023-027920,CUST-02807,2023-10-19,0.1177,1
ORD-2023-027921,CUST-00054,2023-10-02,0.2964,1
ORD-2023-027922,CUST-00123,2023-10-13,0.2425,1
ORD-2023-027923,CUST-03678,2023-10-31,0.1927,1
ORD-2023-027924,CUST-03213,2023-10-27,0.079,2
ORD-2023-027925,CUST-02420,2023-10-10,0.1352,2
ORD-2023-027926,CUST-01017,2023-10-04,0.0308,4
ORD-2023-027927,CUST-02358,2023-10-10,0.0437,2
ORD-2023-027928,CUST-00691,2023-10-05,0.071,1
ORD-2023-027929,CUST-03336,2023-10-04,0.2545,2
ORD-2023-027930,CUST-03776,2023-10-03,0.0129,1
ORD-2023-027931,CUST-04231,2023-10-22,0.0295,2
ORD-2023-027932,CUST-00096,2023-10-12,0.0752,1
ORD-2023-027933,CUST-03204,2023-10-01,0.0549,1
ORD-2023-027934,CUST-00865,2023-10-06,0.1976,1
ORD-2023-027935,CUST-02427,2023-10-16,0.1775,1
ORD-2023-027936,CUST-01631,2023-10-26,0.0238,2
ORD-2023-027937,CUST-03115,2023-10-16,0.0208,2
ORD-2023-027938,CUST-03134,2023-10-14,0.1609,5
ORD-2023-027939,CUST-04231,2023-10-04,0.0308,2
ORD-2023-027940,CUST-03861,2023-10-27,0.1704,2
ORD-2023-027941,CUST-01831,2023-10-19,0.2316,1
ORD-2023-027942,CUST-02085,2023-10-17,0.0389,4
ORD-2023-027943,CUST-02246,2023-10-03,0.0807,2
ORD-2023-027944,CUST-02251,2023-10-03,0.052,2
ORD-2023-027945,CUST-02636,2023-10-04,0.0558,1
ORD-2023-027946,CUST-00368,2023-10-19,0.2076,3
ORD-2023-027947,CUST-01401,2023-10-12,0.1197,1
ORD-2023-027948,CUST-02622,2023-10-10,0.0248,3
ORD-2023-027949,CUST-00762,2023-10-19,0.1677,2
ORD-2023-027950,CUST-00410,2023-10-30,0.0297,1
ORD-2023-027951,CUST-02640,2023-10-26,0.0553,1
ORD-2023-027952,CUST-03771,2023-10-23,0.2028,2
ORD-2023-027953,CUST-01158,2023-10-24,0.1636,1
ORD-2023-027954,CUST-02037,2023-10-28,0.017,1
ORD-2023-027955,CUST-04706,2023-10-31,0.0477,2
ORD-2023-027956,CUST-03440,2023-10-26,0.1038,3
ORD-2023-027957,CUST-03174,2023-10-25,0.2367,2
ORD-2023-027958,CUST-03393,2023-10-05,0.0041,1
ORD-2023-027959,CUST-00174,2023-10-19,0.0948,2
ORD-2023-027960,CUST-03724,2023-10-04,0.0356,2
ORD-2023-027961,CUST-03012,2023-10-15,0.1172,1
ORD-2023-027962,CUST-03596,2023-10-09,0.1191,1
ORD-2023-027963,CUST-00092,2023-10-13,0.3586,1
ORD-2023-027964,CUST-01918,2023-10-18,0.1169,3
ORD-2023-027965,CUST-02341,2023-10-16,0.0952,2
ORD-2023-027966,CUST-02279,2023-10-12,0.0193,2
ORD-2023-027967,CUST-04222,2023-10-27,0.0702,2
ORD-2023-027968,CUST-03346,2023-10-13,0.1133,1
ORD-2023-027969,CUST-03505,2023-10-27,0.1951,1
ORD-2023-027970,CUST-02423,2023-10-15,0.0561,2
ORD-2023-027971,CUST-03919,2023-10-30,0.0231,2
ORD-2023-027972,CUST-01182,2023-10-02,0.0576,2
ORD-2023-027973,CUST-03363,2023-10-13,0.0607,1
ORD-2023-027974,CUST-03736,,0.1636,1
ORD-2023-027975,CUST-00394,2023-10-16,0.0404,1
ORD-2023-027976,CUST-01316,2023-10-24,0.0169,1
ORD-2023-027977,CUST-03177,2023-10-02,0.1329,2
ORD-2023-027978,CUST-03677,2023-10-05,0.0499,2
ORD-2023-027979,CUST-04689,2023-10-22,0.0403,3
ORD-2023-027980,CUST-02138,2023-10-23,0.0465,1
ORD-2023-027981,CUST-04151,2023-10-29,0.1446,3
ORD-2023-027982,CUST-03270,2023-10-22,0.0941,3
ORD-2023-027983,CUST-00112,2023-10-14,0.0222,1
ORD-2023-027984,CUST-02664,2023-10-20,0.0409,4
ORD-2023-027985,CUST-01676,2023-10-04,0.0091,1
ORD-2023-027986,CUST-04046,2023-10-24,0.2272,2
ORD-2023-027987,CUST-01047,2023-10-29,0.1537,1
ORD-2023-027988,CUST-02797,2023-10-09,0.0193,4
ORD-2023-027989,CUST-02870,2023-10-14,0.0446,1
ORD-2023-027990,CUST-00863,2023-10-06,0.0072,1
ORD-2023-027991,CUST-04487,2023-10-18,0.0094,1
ORD-2023-027992,CUST-03874,2023-10-12,0.0753,2
ORD-2023-027993,CUST-00876,2023-10-23,0.0516,1
ORD-2023-027994,CUST-00363,2023-10-17,0.0707,1
ORD-2023-027995,CUST-02688,2023-10-22,0.4214,1
ORD-2023-027996,CUST-00943,2023-10-24,0.0389,2
ORD-2023-027997,CUST-03473,2023-10-24,0.137,2
ORD-2023-027998,CUST-03774,2023-10-30,0.2368,1
ORD-2023-027999,CUST-00363,2023-10-06,0.0495,1
ORD-2023-028000,CUST-01862,2023-10-27,0.2944,2
ORD-2023-028001,CUST-01290,2023-10-03,0.1079,1
ORD-2023-028002,CUST-00265,2023-10-24,0.2264,2
ORD-2023-028003,CUST-02576,2023-10-12,0.1079,2
ORD-2023-028004,CUST-03836,2023-10-01,0.1094,2
ORD-2023-028005,CUST-02513,2023-10-28,0.0353,1
ORD-2023-028006,CUST-03596,2023-10-20,0.1284,1
ORD-2023-028007,CUST-03156,2023-10-05,0.0223,1
ORD-2023-028008,CUST-04644,2023-10-12,0.0729,1
ORD-2023-028009,CUST-04277,2023-10-21,0.0795,1
ORD-2023-028010,CUST-01452,2023-10-04,0.0835,2
ORD-2023-028011,CUST-01177,2023-10-15,0.0387,1
ORD-2023-028012,CUST-02474,2023-10-11,0.1103,2
ORD-2023-028013,CUST-02169,2023-10-27,0.379,1
ORD-2023-028014,CUST-02699,2023-10-01,0.1174,1
ORD-2023-028015,CUST-02471,2023-10-19,0.0417,2
ORD-2023-028016,CUST-01398,2023-10-23,0.0477,2
ORD-2023-028017,CUST-02085,2023-10-07,0.0786,1
ORD-2023-028018,CUST-00029,2023-10-14,0.0546,2
ORD-2023-028019,CUST-01846,2023-10-16,0.1555,1
ORD-2023-028020,CUST-02193,2023-10-20,0.1575,1
ORD-2023-028021,CUST-02072,2023-10-18,0.0728,3
ORD-2023-028022,CUST-00890,2023-10-01,0.1479,3
ORD-2023-028023,CUST-01444,2023-10-18,0.0564,1
ORD-2023-028024,CUST-03387,2023-10-27,0.0412,2
ORD-2023-028025,CUST-01632,2023-10-30,0.0768,2
ORD-2023-028026,CUST-04521,2023-10-15,0.0389,2
ORD-2023-028027,CUST-03238,2023-10-12,0.0734,3
ORD-2023-028028,CUST-00882,2023-10-13,0.042,1
ORD-2023-028029,CUST-00476,2023-10-11,0.0743,2
ORD-2023-028030,CUST-04368,2023-10-27,0.1299,1
ORD-2023-028031,CUST-01387,2023-10-14,0.3014,4
ORD-2023-028032,CUST-00554,2023-10-26,0.0349,1
ORD-2023-028033,CUST-02223,2023-10-08,0.1473,1
ORD-2023-028034,CUST-02368,2023-10-24,0.0489,1
ORD-2023-028035,CUST-01164,2023-10-12,0.1216,1
ORD-2023-028036,CUST-00708,2023-10-23,0.0744,1
ORD-2023-028037,CUST-00410,2023-10-03,0.0881,1
ORD-2023-028038,CUST-00219,2023-10-26,0.26,2
ORD-2023-028039,CUST-01724,2023-10-05,0.008,1
ORD-2023-028040,CUST-03368,2023-10-02,0.1093,1
ORD-2023-028041,CUST-02310,2023-10-30,0.1044,1
ORD-2023-028042,CUST-04419,2023-10-15,0.0911,2
ORD-2023-028043,CUST-04277,2023-10-27,0.0238,3
ORD-2023-028044,CUST-01132,2023-10-05,0.168,5
ORD-2023-028045,CUST-03200,2023-10-25,0.0735,1
ORD-2023-028046,CUST-03714,2023-10-03,0.0398,2
ORD-2023-028047,CUST-01008,2023-10-07,0.0301,2
ORD-2023-028048,CUST-01630,2023-10-07,0.028,1
ORD-2023-028049,CUST-02626,2023-10-06,0.0228,1
ORD-2023-028050,CUST-03881,2023-10-08,0.0398,1
ORD-2023-028051,CUST-04231,2023-10-21,0.037,1
ORD-2023-028052,CUST-03285,2023-10-09,0.0432,2
ORD-2023-028053,CUST-01297,2023-10-28,0.0943,1
ORD-2023-028054,CUST-00447,2023-10-03,0.2367,1
ORD-2023-028055,CUST-01012,2023-10-22,0.0721,1
ORD-2023-028056,CUST-00269,2023-10-24,0.0407,3
ORD-2023-028057,CUST-00841,2023-10-27,0.3513,1
ORD-2023-028058,CUST-03114,2023-10-17,0.0991,3
ORD-2023-028059,CUST-03925,2023-10-10,0.0747,3
ORD-2023-028060,CUST-01680,2023-10-07,0.0038,1
ORD-2023-028061,CUST-02099,2023-10-27,0.0761,1
ORD-2023-028062,CUST-00843,2023-10-20,0.0912,1
ORD-2023-028063,CUST-04419,2023-10-14,0.0334,1
ORD-2023-028064,CUST-02067,2023-10-19,0.0692,3
ORD-2023-028065,CUST-02037,2023-10-01,0.0616,4
ORD-2023-028066,CUST-04487,2023-10-11,0.197,3
ORD-2023-028067,CUST-03738,2023-10-19,0.0491,1
ORD-2023-028068,CUST-02727,2023-10-23,0.0574,2
ORD-2023-028069,CUST-03991,2023-10-24,0.0205,1
ORD-2023-028070,CUST-00880,2023-10-18,0.1862,1
ORD-2023-028071,CUST-03861,2023-10-16,0.2976,1
ORD-2023-028072,CUST-01184,2023-10-03,0.221,1
ORD-2023-028073,CUST-03094,2023-10-22,0.0502,1
ORD-2023-028074,CUST-02301,2023-10-29,0.0436,1
ORD-2023-028075,CUST-01012,2023-10-30,0.2077,3
ORD-2023-028076,CUST-00456,2023-10-25,0.2071,1
ORD-2023-028077,CUST-02067,2023-10-19,0.0117,1
ORD-2023-028078,CUST-00407,2023-10-23,0.0409,2
ORD-2023-028079,CUST-01073,2023-10-26,0.1645,1
ORD-2023-028080,CUST-01771,2023-10-14,0.0063,1
ORD-2023-028081,CUST-02068,2023-10-10,0.0181,1
ORD-2023-028082,CUST-00397,2023-10-16,0.0571,1
ORD-2023-028083,CUST-04610,2023-10-25,0.0705,1
ORD-2023-028084,CUST-00786,2023-10-11,0.0855,1
ORD-2023-028085,CUST-03661,2023-10-19,0.11,1
ORD-2023-028086,CUST-02007,2023-10-12,0.1919,1
ORD-2023-028087,CUST-01630,2023-10-22,0.2218,1
ORD-2023-028088,CUST-03093,2023-10-24,0.55,1
ORD-2023-028089,CUST-01915,2023-10-27,0.0141,1
ORD-2023-028090,CUST-00394,2023-10-07,0.0631,1
ORD-2023-028091,CUST-00759,2023-10-06,0.0273,1
ORD-2023-028092,CUST-00329,2023-10-09,0.2789,3
ORD-2023-028093,CUST-01132,2023-10-22,0.3048,1
ORD-2023-028094,CUST-00362,2023-10-21,0.0357,1
ORD-2023-028095,CUST-02547,2023-10-13,0.0303,3
ORD-2023-028096,CUST-02119,2023-10-14,0.2463,5
ORD-2023-028097,CUST-03780,2023-10-17,0.0462,1
ORD-2023-028098,CUST-00853,2023-10-30,0.1654,1
ORD-2023-028099,CUST-01064,2023-10-28,0.0288,1
ORD-2023-028100,CUST-00824,2023-10-09,0.0854,2
ORD-2023-028101,CUST-01380,2023-10-13,0.1112,1
ORD-2023-028102,CUST-00012,2023-10-28,0.0559,1
ORD-2023-028103,CUST-01757,2023-10-19,0.061,1
ORD-2023-028104,CUST-01037,2023-10-01,0.0887,5
ORD-2023-028105,CUST-02155,2023-10-07,0.1899,2
ORD-2023-028106,CUST-00784,2023-10-13,0.0927,1
ORD-2023-028107,CUST-00330,2023-10-17,0.167,2
ORD-2023-028108,CUST-00812,2023-10-05,0.0855,2
ORD-2023-028109,CUST-01695,2023-10-18,0.1723,2
ORD-2023-028110,CUST-03854,2023-10-20,0.0227,2
ORD-2023-028111,CUST-03838,2023-10-20,0.0641,2
ORD-2023-028112,CUST-04326,2023-10-17,0.076,1
ORD-2023-028113,CUST-00362,2023-10-26,0.0498,2
ORD-2023-028114,CUST-02871,2023-10-23,0.2299,1
ORD-2023-028115,CUST-03490,2023-10-11,0.1402,1
ORD-2023-028116,CUST-01611,2023-10-13,0.0293,2
ORD-2023-028117,CUST-01371,2023-10-25,0.2087,3
ORD-2023-028118,CUST-02657,2023-10-31,0.0595,1
ORD-2023-028119,CUST-03677,2023-10-21,0.11,2
ORD-2023-028120,CUST-02954,2023-10-01,0.4508,1
ORD-2023-028121,CUST-02381,2023-10-29,0.1161,1
ORD-2023-028122,CUST-02551,2023-10-06,0.0113,1
ORD-2023-028123,CUST-03236,2023-10-19,0.081,1
ORD-2023-028124,CUST-04533,2023-10-02,0.2551,1
ORD-2023-028125,CUST-01589,2023-10-10,0.1956,1
ORD-2023-028126,CUST-00309,2023-10-07,0.5262,1
ORD-2023-028127,CUST-03349,2023-10-02,0.1076,1
ORD-2023-028128,CUST-03309,2023-10-30,0.23,1
ORD-2023-028129,CUST-01728,2023-10-23,0.0546,1
ORD-2023-028130,CUST-02282,2023-10-24,0.1021,3
ORD-2023-028131,CUST-02037,2023-10-17,0.0237,1
ORD-2023-028132,CUST-03468,2023-10-15,0.0468,1
ORD-2023-028133,CUST-00476,2023-10-16,0.0602,1
ORD-2023-028134,CUST-03607,2023-10-07,0.1685,2
ORD-2023-028135,CUST-03978,2023-10-09,0.0938,1
ORD-2023-028136,CUST-00222,2023-10-26,0.1096,1
ORD-2023-028137,CUST-00096,2023-10-08,0.1419,1
ORD-2023-028138,CUST-03185,2023-10-08,0.1892,1
ORD-2023-028139,CUST-01402,2023-10-06,0.0351,1
ORD-2023-028140,CUST-04185,2023-10-20,0.257,2
ORD-2023-028141,CUST-04291,2023-10-02,0.0595,1
ORD-2023-028142,CUST-04609,2023-10-18,0.0641,3
ORD-2023-028143,CUST-01186,2023-10-30,0.1111,1
ORD-2023-028144,CUST-02929,2023-10-01,0.2897,2
ORD-2023-028145,CUST-02762,2023-10-24,0.4333,1
ORD-2023-028146,CUST-02416,2023-10-27,0.1473,1
ORD-2023-028147,CUST-01923,2023-10-16,0.0448,1
ORD-2023-028148,CUST-04264,2023-10-17,0.0584,1
ORD-2023-028149,CUST-01414,2023-10-29,0.0148,3
ORD-2023-028150,CUST-03094,2023-10-17,0.2507,1
ORD-2023-028151,CUST-04607,2023-10-26,0.0177,1
ORD-2023-028152,,2023-10-27,0.0814,1
ORD-2023-028153,CUST-02391,2023-10-19,0.0837,1
ORD-2023-028154,CUST-02374,2023-10-13,0.012,1
ORD-2023-028155,CUST-03202,2023-10-01,0.2436,2
ORD-2023-028156,CUST-00363,2023-10-22,0.0266,1
ORD-2023-028157,CUST-01665,2023-10-05,0.0574,1
ORD-2023-028158,CUST-03401,2023-10-03,0.0298,1
ORD-2023-028159,CUST-02965,2023-10-28,0.1099,1
ORD-2023-028160,CUST-03490,2023-10-19,0.0596,2
ORD-2023-028161,CUST-02391,2023-10-27,0.0213,2
ORD-2023-028162,CUST-00293,2023-10-20,0.3994,1
ORD-2023-028163,CUST-03347,2023-10-10,0.1627,1
ORD-2023-028164,CUST-00533,2023-10-09,0.0051,1
ORD-2023-028165,CUST-00791,2023-10-27,0.0663,1
ORD-2023-028166,CUST-01257,2023-10-15,0.0335,1
ORD-2023-028167,CUST-01659,2023-10-21,0.0895,2
ORD-2023-028168,CUST-03143,2023-10-01,0.0111,4
ORD-2023-028169,CUST-04130,2023-10-22,0.0978,1
ORD-2023-028170,CUST-03534,2023-10-03,0.38,3
ORD-2023-028171,CUST-04146,2023-10-03,0.0711,2
ORD-2023-028172,CUST-02289,2023-10-19,0.0925,1
ORD-2023-028173,CUST-01064,2023-10-22,0.0188,1
ORD-2023-028174,CUST-02496,2023-10-06,0.1221,3
ORD-2023-028175,CUST-01257,2023-10-12,0.0267,1
ORD-2023-028176,CUST-01956,2023-10-05,0.2641,1
ORD-2023-028177,CUST-02324,2023-10-16,0.0619,2
ORD-2023-028178,CUST-02391,2023-10-17,0.0083,1
ORD-2023-028179,CUST-04245,2023-10-20,0.1162,1
ORD-2023-028180,CUST-02622,2023-10-30,0.0899,3
ORD-2023-028181,CUST-03530,2023-10-16,0.3652,3
ORD-2023-028182,CUST-02622,2023-10-03,0.0423,1
ORD-2023-028183,CUST-01779,2023-10-20,0.1232,3
ORD-2023-028184,CUST-01452,2023-10-09,0.0535,1
ORD-2023-028185,CUST-00376,2023-10-10,0.0378,1
ORD-2023-028186,CUST-03643,2023-10-10,0.106,2
ORD-2023-028187,CUST-01917,2023-10-08,0.0551,1
ORD-2023-028188,CUST-04074,2023-10-28,0.0689,3
ORD-2023-028189,CUST-01037,2023-10-19,0.1201,1
ORD-2023-028190,CUST-00571,2023-10-18,0.079,1
ORD-2023-028191,CUST-03996,2023-10-26,0.022,1
ORD-2023-028192,CUST-03430,2023-10-10,0.2709,4
ORD-2023-028193,CUST-01354,2023-10-13,0.1597,1
ORD-2023-028194,CUST-01460,2023-10-10,0.1013,2
ORD-2023-028195,CUST-02803,2023-10-10,0.077,1
ORD-2023-028196,CUST-00017,,0.1155,3
ORD-2023-028197,CUST-03818,2023-10-07,0.0953,1
ORD-2023-028198,CUST-01293,2023-10-18,0.1752,1
ORD-2023-028199,CUST-02479,2023-10-08,0.1367,1
ORD-2023-028200,CUST-01870,2023-10-29,0.0935,1
ORD-2023-028201,CUST-02381,2023-10-12,0.1367,1
ORD-2023-028202,CUST-01233,2023-10-02,0.3444,1
ORD-2023-028203,CUST-01852,2023-10-04,0.013,1
ORD-2023-028204,CUST-04187,2023-10-24,0.0474,1
ORD-2023-028205,CUST-00882,2023-10-30,0.1134,2
ORD-2023-028206,CUST-03607,2023-10-15,0.1748,1
ORD-2023-028207,CUST-00721,2023-10-17,0.2394,1
ORD-2023-028208,CUST-00229,2023-10-06,0.058,3
ORD-2023-028209,CUST-00382,2023-10-06,0.0783,3
ORD-2023-028210,CUST-04098,2023-10-22,0.0504,1
ORD-2023-028211,CUST-03854,2023-10-01,0.1755,1
ORD-2023-028212,CUST-04492,2023-10-01,0.0757,2
ORD-2023-028213,CUST-02937,2023-10-03,0.0282,2
ORD-2023-028214,CUST-00363,2023-10-12,0.2212,1
ORD-2023-028215,CUST-02417,2023-10-14,0.1347,2
ORD-2023-028216,CUST-00825,2023-10-16,0.1392,2
ORD-2023-028217,CUST-03910,2023-10-17,0.0303,1
ORD-2023-028218,CUST-00226,2023-10-17,0.0521,1
ORD-2023-028219,CUST-01371,2023-10-14,0.1593,1
ORD-2023-028220,CUST-03154,2023-10-10,0.2674,2
ORD-2023-028221,CUST-03213,2023-10-12,0.1538,2
ORD-2023-028222,CUST-01589,2023-10-25,0.1296,3
ORD-2023-028223,CUST-01279,2023-10-27,0.3077,1
ORD-2023-028224,CUST-00426,2023-10-16,0.0456,1
ORD-2023-028225,CUST-02358,2023-10-26,0.0088,1
ORD-2023-028226,CUST-01231,2023-10-06,0.0254,1
ORD-2023-028227,CUST-02973,2023-10-09,0.0273,1
ORD-2023-028228,CUST-04012,2023-10-09,0.0027,1
ORD-2023-028229,CUST-02351,2023-10-13,0.167,2
ORD-2023-028230,CUST-02639,,0.0923,1
ORD-2023-028231,CUST-00990,2023-10-24,0.136,1
ORD-2023-028232,CUST-03392,2023-10-04,0.0792,2
ORD-2023-028233,CUST-02449,2023-10-15,0.0632,1
ORD-2023-028234,CUST-03196,2023-10-13,0.0354,1
ORD-2023-028235,CUST-01930,2023-10-24,0.1398,1
ORD-2023-028236,CUST-02497,2023-10-09,0.0558,1
ORD-2023-028237,CUST-01652,2023-10-23,0.1518,1
ORD-2023-028238,CUST-00202,2023-10-05,0.0783,1
ORD-2023-028239,CUST-01202,2023-10-10,0.0519,2
ORD-2023-028240,CUST-03006,2023-10-21,0.0293,1
ORD-2023-028241,CUST-00478,2023-10-23,0.0985,1
ORD-2023-028242,CUST-03701,2023-10-27,0.173,2
ORD-2023-028243,CUST-01493,2023-10-20,0.0589,4
ORD-2023-028244,CUST-00127,2023-10-29,0.0554,1
ORD-2023-028245,CUST-01798,2023-10-25,0.0544,5
ORD-2023-028246,CUST-03313,2023-10-18,0.1371,4
ORD-2023-028247,CUST-04662,2023-10-24,0.0363,1
ORD-2023-028248,CUST-01398,2023-10-27,0.0223,1
ORD-2023-028249,CUST-01779,2023-10-13,0.1399,2
ORD-2023-028250,CUST-00737,2023-10-14,0.115,5
ORD-2023-028251,CUST-00600,2023-10-04,0.1726,3
ORD-2023-028252,CUST-01236,2023-10-15,0.0813,2
ORD-2023-028253,CUST-00752,2023-10-12,0.093,1
ORD-2023-028254,CUST-01831,2023-10-09,0.0502,1
ORD-2023-028255,CUST-01547,2023-10-15,0.245,1
ORD-2023-028256,CUST-02007,2023-10-30,0.1042,1
ORD-2023-028257,CUST-04005,2023-10-28,0.3658,1
ORD-2023-028258,CUST-00192,2023-10-04,0.037,1
ORD-2023-028259,CUST-01990,2023-10-17,0.1363,3
ORD-2023-028260,CUST-03035,2023-10-17,0.2274,3
ORD-2023-028261,CUST-00029,2023-10-21,0.1486,2
ORD-2023-028262,CUST-03035,2023-10-18,0.0461,1
ORD-2023-028263,CUST-02279,2023-10-08,0.0221,1
ORD-2023-028264,CUST-02838,2023-10-12,0.0343,2
ORD-2023-028265,CUST-04231,2023-10-21,0.0336,1
ORD-2023-028266,CUST-03738,2023-10-08,0.1114,1
ORD-2023-028267,CUST-03373,2023-10-27,0.2137,1
ORD-2023-028268,CUST-02820,2023-10-22,0.0194,1
ORD-2023-028269,CUST-04727,2023-10-26,0.0271,1
ORD-2023-028270,CUST-00600,2023-10-02,0.116,4
ORD-2023-028271,CUST-01122,2023-10-16,0.0927,1
ORD-2023-028272,CUST-02425,2023-10-28,0.162,2
ORD-2023-028273,CUST-03490,2023-10-23,0.032,2
ORD-2023-028274,CUST-00384,2023-10-27,0.0217,1
ORD-2023-028275,CUST-02171,2023-10-02,0.142,1
ORD-2023-028276,CUST-03489,2023-10-09,0.0638,1
ORD-2023-028277,CUST-01164,2023-10-03,0.0743,1
ORD-2023-028278,CUST-03590,2023-10-31,0.0553,2
ORD-2023-028279,CUST-03058,2023-10-26,0.0852,1
ORD-2023-028280,CUST-01398,2023-10-04,0.0301,1
ORD-2023-028281,CUST-03249,2023-10-01,0.3808,1
ORD-2023-028282,CUST-03888,2023-10-03,0.1767,1
ORD-2023-028283,CUST-03520,2023-10-20,0.1165,1
ORD-2023-028284,CUST-02104,2023-10-08,0.0817,1
ORD-2023-028285,CUST-03609,2023-10-18,0.0725,2
ORD-2023-028286,CUST-01279,2023-10-14,0.1175,2
ORD-2023-028287,CUST-02459,2023-10-08,0.0852,2
ORD-2023-028288,CUST-00362,2023-10-04,0.0454,1
ORD-2023-028289,CUST-00766,2023-10-14,0.0727,1
ORD-2023-028290,CUST-01846,2023-10-11,0.0289,2
ORD-2023-028291,CUST-04277,2023-10-23,0.0425,1
ORD-2023-028292,CUST-02816,2023-10-23,0.1927,1
ORD-2023-028293,CUST-01308,2023-10-11,0.0579,2
ORD-2023-028294,CUST-04027,2023-10-25,0.1002,2
ORD-2023-028295,CUST-02010,2023-10-21,0.0141,3
ORD-2023-028296,CUST-01724,2023-10-11,0.1136,1
ORD-2023-028297,CUST-00177,2023-10-24,0.1355,1
ORD-2023-028298,CUST-04110,2023-10-17,0.0126,1
ORD-2023-028299,CUST-03204,2023-10-31,0.0787,3
ORD-2023-028300,CUST-02310,2023-10-03,0.0858,2
ORD-2023-028301,CUST-04446,2023-10-10,0.0501,1
ORD-2023-028302,CUST-01626,2023-10-11,0.4654,1
ORD-2023-028303,CUST-01860,2023-10-13,0.1276,1
ORD-2023-028304,CUST-04513,2023-10-08,0.1844,1
ORD-2023-028305,CUST-04524,2023-10-22,0.0368,1
ORD-2023-028306,CUST-00603,2023-10-04,0.3527,3
ORD-2023-028307,CUST-03380,2023-10-28,0.0374,2
ORD-2023-028308,CUST-02636,2023-10-08,0.0549,2
ORD-2023-028309,CUST-01252,2023-10-06,0.0162,1
ORD-2023-028310,CUST-01647,2023-10-14,0.2774,1
ORD-2023-028311,CUST-01164,2023-10-20,0.1773,2
ORD-2023-028312,CUST-03624,2023-10-10,0.0763,1
ORD-2023-028313,CUST-00265,2023-10-19,0.132,1
ORD-2023-028314,CUST-00671,2023-10-07,0.1343,1
ORD-2023-028315,CUST-00779,2023-10-14,0.0528,1
ORD-2023-028316,CUST-04525,2023-10-06,0.0791,1
ORD-2023-028317,CUST-00588,2023-10-29,0.1928,1
ORD-2023-028318,CUST-00831,2023-10-30,0.1376,1
ORD-2023-028319,CUST-02007,2023-10-04,0.1772,1
ORD-2023-028320,CUST-02496,2023-10-18,0.1526,2
ORD-2023-028321,CUST-01394,2023-10-09,0.0253,1
ORD-2023-028322,CUST-00509,2023-10-28,0.0951,3
ORD-2023-028323,CUST-00397,2023-10-12,0.059,2
ORD-2023-028324,CUST-01149,2023-10-30,0.131,1
ORD-2023-028325,CUST-00462,2023-10-12,0.0313,2
ORD-2023-028326,CUST-02700,2023-10-03,0.0624,1
ORD-2023-028327,CUST-02072,2023-10-20,0.2675,3
ORD-2023-028328,CUST-01012,2023-10-06,0.0742,1
ORD-2023-028329,CUST-02072,2023-10-13,0.2014,1
ORD-2023-028330,CUST-02364,2023-10-21,0.145,1
ORD-2023-028331,CUST-03071,2023-10-29,0.0776,2
ORD-2023-028332,CUST-03774,2023-10-31,0.1769,2
ORD-2023-028333,CUST-01290,2023-10-08,0.0344,1
ORD-2023-028334,CUST-04170,2023-10-15,0.1691,1
ORD-2023-028335,CUST-02072,2023-10-19,0.0852,1
ORD-2023-028336,CUST-00863,2023-10-26,0.0691,2
ORD-2023-028337,CUST-02669,2023-10-07,0.1005,3
ORD-2023-028338,CUST-03681,2023-10-10,0.0439,1
ORD-2023-028339,CUST-00600,2023-10-25,0.0627,2
ORD-2023-028340,CUST-01356,2023-10-26,0.0985,1
ORD-2023-028341,CUST-04525,2023-10-23,0.0763,3
ORD-2023-028342,CUST-02249,2023-10-22,0.0623,2
ORD-2023-028343,CUST-02337,2023-10-25,0.1479,5
ORD-2023-028344,CUST-00422,2023-10-15,0.0382,1
ORD-2023-028345,CUST-04012,2023-10-12,0.1433,1
ORD-2023-028346,CUST-02227,2023-10-09,0.1267,1
ORD-2023-028347,CUST-03890,2023-10-23,0.0138,1
ORD-2023-028348,CUST-00350,2023-10-21,0.0146,1
ORD-2023-028349,CUST-00658,2023-10-04,0.1188,1
ORD-2023-028350,CUST-01616,2023-10-19,0.087,2
ORD-2023-028351,CUST-02251,2023-10-29,0.0086,1
ORD-2023-028352,CUST-03950,2023-10-09,0.1058,1
ORD-2023-028353,CUST-01729,2023-10-24,0.006,2
ORD-2023-028354,CUST-02301,2023-10-30,0.0545,1
ORD-2023-028355,CUST-00493,2023-10-30,0.0426,1
ORD-2023-028356,CUST-01668,2023-10-21,0.2158,3
ORD-2023-028357,CUST-02249,2023-10-17,0.159,2
ORD-2023-028358,CUST-02412,2023-10-26,0.0135,3
ORD-2023-028359,CUST-02585,2023-10-13,0.026,1
ORD-2023-028360,CUST-02538,2023-10-12,0.0247,1
ORD-2023-028361,CUST-02525,2023-10-12,0.2717,1
ORD-2023-028362,CUST-00610,2023-10-30,0.4926,1
ORD-2023-028363,CUST-02142,2023-10-11,0.0511,2
ORD-2023-028364,CUST-01222,2023-10-14,0.1664,1
ORD-2023-028365,CUST-00127,2023-10-02,0.0531,1
ORD-2023-028366,CUST-00578,2023-10-12,0.0847,3
ORD-2023-028367,CUST-03965,2023-10-31,0.0691,3
ORD-2023-028368,CUST-03718,2023-10-03,0.0261,1
ORD-2023-028369,CUST-03674,2023-10-31,0.1243,1
ORD-2023-028370,CUST-01982,2023-10-21,0.2703,2
ORD-2023-028371,CUST-02085,2023-10-11,0.0669,3
ORD-2023-028372,CUST-00192,2023-10-28,0.0199,1
ORD-2023-028373,CUST-04533,2023-10-30,0.1832,1
ORD-2023-028374,CUST-02423,2023-10-01,0.0311,2
ORD-2023-028375,CUST-01831,2023-10-03,0.0822,1
ORD-2023-028376,CUST-03056,2023-10-28,0.0095,1
ORD-2023-028377,CUST-01998,2023-10-19,0.1529,1
ORD-2023-028378,CUST-01775,2023-10-19,0.0456,1
ORD-2023-028379,CUST-00236,2023-10-20,0.2684,2
ORD-2023-028380,CUST-02407,2023-10-10,0.0463,1
ORD-2023-028381,CUST-03520,2023-10-21,0.0598,2
ORD-2023-028382,CUST-00348,2023-10-18,0.3678,2
ORD-2023-028383,CUST-02601,2023-10-18,0.3674,1
ORD-2023-028384,CUST-01952,2023-10-19,0.4193,1
ORD-2023-028385,CUST-02116,2023-10-24,0.0083,1
ORD-2023-028386,CUST-00388,2023-10-31,0.55,1
ORD-2023-028387,CUST-03553,2023-10-05,0.2362,1
ORD-2023-028388,CUST-00920,2023-10-16,0.0609,2
ORD-2023-028389,CUST-02639,2023-10-20,0.0298,2
ORD-2023-028390,CUST-01190,2023-10-18,0.2575,1
ORD-2023-028391,CUST-03436,2023-10-15,0.0192,1
ORD-2023-028392,CUST-02235,2023-10-26,0.1531,1
ORD-2023-028393,CUST-04521,2023-10-07,0.0083,1
ORD-2023-028394,CUST-03834,2023-10-09,0.0971,1
ORD-2023-028395,CUST-03057,2023-10-24,0.0696,1
ORD-2023-028396,CUST-01680,2023-10-03,0.0264,2
ORD-2023-028397,CUST-03934,2023-10-19,0.0428,2
ORD-2023-028398,CUST-00502,2023-10-06,0.0746,3
ORD-2023-028399,CUST-03208,2023-10-26,0.2051,1
ORD-2023-028400,CUST-03401,2023-10-21,0.0944,1
ORD-2023-028401,CUST-02527,2023-10-11,0.0784,2
ORD-2023-028402,CUST-01796,2023-10-21,0.1081,3
ORD-2023-028403,CUST-04521,2023-10-05,0.0413,1
ORD-2023-028404,CUST-01923,2023-10-02,0.0117,1
ORD-2023-028405,CUST-02726,,0.0298,1
ORD-2023-028406,CUST-00521,2023-10-26,0.3111,2
ORD-2023-028407,CUST-01202,2023-10-25,0.0709,1
ORD-2023-028408,CUST-02600,2023-10-30,0.1764,1
ORD-2023-028409,CUST-02487,2023-10-27,0.0803,3
ORD-2023-028410,CUST-03363,2023-10-04,0.1249,1
ORD-2023-028411,CUST-01979,2023-10-23,0.1505,2
ORD-2023-028412,CUST-01623,2023-10-31,0.0419,1
ORD-2023-028413,CUST-04262,2023-10-02,0.2857,1
ORD-2023-028414,CUST-00413,2023-10-17,0.0323,2
ORD-2023-028415,CUST-00630,2023-10-12,0.0682,2
ORD-2023-028416,CUST-03032,2023-10-08,0.0522,1
ORD-2023-028417,CUST-02065,2023-10-26,0.0905,1
ORD-2023-028418,CUST-03651,2023-10-17,0.1164,1
ORD-2023-028419,CUST-00396,2023-10-30,0.1217,1
ORD-2023-028420,CUST-00950,2023-10-19,0.0696,1
ORD-2023-028421,CUST-04266,2023-10-16,0.1303,1
ORD-2023-028422,CUST-01980,2023-10-06,0.545,1
ORD-2023-028423,CUST-02240,2023-10-28,0.1935,1
ORD-2023-028424,CUST-02622,2023-10-27,0.0022,1
ORD-2023-028425,CUST-00853,2023-10-05,0.1092,1
ORD-2023-028426,CUST-03727,2023-10-18,0.0872,4
ORD-2023-028427,CUST-02455,2023-10-08,0.0125,1
ORD-2023-028428,CUST-03238,2023-10-28,0.0839,4
ORD-2023-028429,CUST-01969,2023-10-31,0.2304,3
ORD-2023-028430,CUST-01517,2023-10-01,0.0212,1
ORD-2023-028431,CUST-00903,2023-10-01,0.0778,3
ORD-2023-028432,CUST-00360,2023-10-23,0.1775,2
ORD-2023-028433,CUST-03740,2023-10-04,0.0533,1
ORD-2023-028434,CUST-04027,2023-10-22,0.1105,1
ORD-2023-028435,CUST-03393,2023-10-06,0.1057,2
ORD-2023-028436,CUST-01250,2023-10-09,0.2728,1
ORD-2023-028437,CUST-03552,2023-10-01,0.3126,1
ORD-2023-028438,CUST-01483,2023-10-28,0.1933,3
ORD-2023-028439,CUST-03587,2023-10-25,0.2324,2
ORD-2023-028440,CUST-02029,2023-10-23,0.2569,1
ORD-2023-028441,CUST-03991,2023-10-07,0.0932,1
ORD-2023-028442,CUST-02754,2023-10-14,0.0732,1
ORD-2023-028443,CUST-00410,2023-10-23,0.0502,1
ORD-2023-028444,CUST-00672,2023-10-29,0.0034,1
ORD-2023-028445,CUST-03731,2023-10-12,0.1291,1
ORD-2023-028446,CUST-02678,2023-10-02,0.1099,5
ORD-2023-028447,CUST-00267,2023-10-29,0.1156,2
ORD-2023-028448,CUST-01715,2023-10-24,0.1703,3
ORD-2023-028449,CUST-02937,2023-10-28,0.1436,1
ORD-2023-028450,CUST-00462,2023-10-20,0.1234,3
ORD-2023-028451,CUST-03224,2023-10-13,0.2104,1
ORD-2023-028452,CUST-03774,2023-10-25,0.1421,2
ORD-2023-028453,CUST-02777,2023-10-10,0.0542,3
ORD-2023-028454,CUST-03609,2023-10-03,0.1365,2
ORD-2023-028455,CUST-02557,2023-10-12,0.0659,2
ORD-2023-028456,CUST-03218,2023-10-07,0.0855,2
ORD-2023-028457,CUST-02527,2023-10-09,0.0976,2
ORD-2023-028458,CUST-02527,2023-10-26,0.122,1
ORD-2023-028459,CUST-02603,2023-10-07,0.2831,1
ORD-2023-028460,CUST-00245,2023-10-04,0.0545,2
ORD-2023-028461,CUST-03918,2023-10-18,0.0489,1
ORD-2023-028462,CUST-03718,2023-10-01,0.0064,1
ORD-2023-028463,CUST-04381,2023-10-25,0.0816,1
ORD-2023-028464,CUST-02999,2023-10-02,0.0388,1
ORD-2023-028465,CUST-01458,2023-10-16,0.2913,1
ORD-2023-028466,CUST-04033,2023-10-07,0.0282,1
ORD-2023-028467,CUST-01757,2023-10-07,0.0438,3
ORD-2023-028468,CUST-02631,2023-10-24,0.0549,1
ORD-2023-028469,CUST-00413,2023-10-25,0.0664,1
ORD-2023-028470,,2023-10-29,0.0682,3
ORD-2023-028471,CUST-02065,2023-10-17,0.0478,1
ORD-2023-028472,CUST-04266,2023-10-31,0.064,2
ORD-2023-028473,CUST-03049,2023-10-24,0.0342,2
ORD-2023-028474,CUST-01105,2023-10-09,0.0195,1
ORD-2023-028475,CUST-00161,2023-10-18,0.1198,3
ORD-2023-028476,CUST-02847,2023-10-07,0.1612,2
ORD-2023-028477,CUST-02897,,0.0397,3
ORD-2023-028478,CUST-01566,2023-10-12,0.0512,3
ORD-2023-028479,CUST-01565,2023-10-01,0.1255,1
ORD-2023-028480,CUST-03020,2023-10-08,0.0241,1
ORD-2023-028481,CUST-01765,2023-10-26,0.0803,1
ORD-2023-028482,CUST-00559,2023-10-08,0.003,1
ORD-2023-028483,CUST-03455,2023-10-23,0.0638,2
ORD-2023-028484,CUST-03736,2023-10-12,0.0431,1
ORD-2023-028485,CUST-03978,2023-10-18,0.2203,1
ORD-2023-028486,CUST-01487,2023-10-05,0.0103,1
ORD-2023-028487,CUST-02636,2023-10-26,0.073,1
ORD-2023-028488,CUST-03132,2023-10-05,0.0393,2
ORD-2023-028489,CUST-00514,2023-10-07,0.0142,1
ORD-2023-028490,CUST-02149,2023-10-30,0.0225,1
ORD-2023-028491,CUST-03002,2023-10-14,0.0635,3
ORD-2023-028492,CUST-01049,2023-10-14,0.0612,2
ORD-2023-028493,CUST-03393,2023-10-04,0.0324,1
ORD-2023-028494,CUST-02924,2023-10-10,0.0463,2
ORD-2023-028495,CUST-04277,2023-10-16,0.0432,2
ORD-2023-028496,CUST-00758,2023-10-23,0.3549,2
ORD-2023-028497,CUST-03218,2023-10-22,0.2257,4
ORD-2023-028498,CUST-03332,2023-10-23,0.3619,1
ORD-2023-028499,CUST-04277,2023-10-10,0.0446,1
ORD-2023-028500,CUST-03832,2023-10-14,0.0058,1
ORD-2023-028501,CUST-03027,2023-10-27,0.1874,2
ORD-2023-028502,CUST-02208,2023-10-04,0.0116,3
ORD-2023-028503,CUST-02308,2023-10-16,0.3636,1
ORD-2023-028504,CUST-02391,2023-10-04,0.1251,1
ORD-2023-028505,CUST-04170,2023-10-29,0.2553,1
ORD-2023-028506,CUST-01132,2023-10-22,0.1125,1
ORD-2023-028507,CUST-01226,2023-10-25,0.0968,1
ORD-2023-028508,CUST-00350,2023-10-05,0.0248,1
ORD-2023-028509,CUST-03316,2023-10-06,0.3398,1
ORD-2023-028510,CUST-02883,2023-10-17,0.2474,2
ORD-2023-028511,CUST-00840,2023-10-28,0.0822,2
ORD-2023-028512,CUST-03101,2023-10-15,0.0514,1
ORD-2023-028513,CUST-02404,2023-10-29,0.0331,1
ORD-2023-028514,CUST-01589,2023-10-06,0.0811,1
ORD-2023-028515,CUST-02310,2023-10-06,0.2033,2
ORD-2023-028516,CUST-01762,2023-10-22,0.1937,1
ORD-2023-028517,CUST-03697,2023-10-20,0.0693,3
ORD-2023-028518,CUST-00127,2023-10-20,0.0564,1
ORD-2023-028519,CUST-02856,2023-10-12,0.4398,1
ORD-2023-028520,CUST-03236,2023-10-22,0.037,2
ORD-2023-028521,CUST-03021,2023-10-29,0.0225,2
ORD-2023-028522,CUST-04673,2023-10-20,0.1428,1
ORD-2023-028523,CUST-01488,2023-10-15,0.0717,1
ORD-2023-028524,CUST-04027,2023-10-22,0.1515,1
ORD-2023-028525,CUST-03393,2023-10-25,0.0888,1
ORD-2023-028526,CUST-03826,2023-10-20,0.1366,1
ORD-2023-028527,,2023-10-17,0.2639,1
ORD-2023-028528,CUST-00493,2023-10-11,0.0721,1
ORD-2023-028529,CUST-02374,2023-10-30,0.0336,2
ORD-2023-028530,CUST-02611,2023-10-19,0.2543,2
ORD-2023-028531,CUST-00207,2023-10-04,0.3664,1
ORD-2023-028532,CUST-02119,2023-10-17,0.2932,3
ORD-2023-028533,CUST-02838,2023-10-13,0.0529,1
ORD-2023-028534,CUST-01607,2023-10-31,0.0769,1
ORD-2023-028535,CUST-04446,2023-10-27,0.0399,1
ORD-2023-028536,CUST-04036,2023-10-05,0.2559,3
ORD-2023-028537,CUST-02246,2023-10-06,0.0505,2
ORD-2023-028538,CUST-03640,2023-10-31,0.3451,1
ORD-2023-028539,CUST-03364,2023-10-05,0.1313,3
ORD-2023-028540,CUST-04701,2023-10-17,0.0247,1
ORD-2023-028541,CUST-03204,2023-10-16,0.0364,2
ORD-2023-028542,CUST-02078,2023-10-09,0.0803,2
ORD-2023-028543,CUST-03468,2023-10-02,0.0849,2
ORD-2023-028544,CUST-03566,2023-10-01,0.2111,1
ORD-2023-028545,CUST-03643,2023-10-02,0.0451,5
ORD-2023-028546,CUST-02006,2023-10-19,0.0177,2
ORD-2023-028547,CUST-03738,2023-10-05,0.0432,4
ORD-2023-028548,CUST-01997,2023-10-20,0.0775,3
ORD-2023-028549,CUST-02279,2023-10-19,0.0141,1
ORD-2023-028550,CUST-01880,2023-10-02,0.0686,1
ORD-2023-028551,CUST-00205,2023-10-16,0.2024,3
ORD-2023-028552,CUST-02078,2023-10-09,0.0336,3
ORD-2023-028553,CUST-01398,2023-10-15,0.0261,3
ORD-2023-028554,CUST-00708,2023-10-28,0.0282,2
ORD-2023-028555,CUST-01755,2023-10-09,0.0407,2
ORD-2023-028556,CUST-01107,2023-10-28,0.1188,3
ORD-2023-028557,CUST-01852,2023-10-17,0.0195,1
ORD-2023-028558,CUST-01264,2023-10-17,0.1553,1
ORD-2023-028559,CUST-00607,2023-10-13,0.0354,1
ORD-2023-028560,CUST-02765,2023-10-08,0.2147,1
ORD-2023-028561,CUST-01589,2023-10-06,0.1333,1
ORD-2023-028562,CUST-02429,2023-10-06,0.0563,5
ORD-2023-028563,CUST-00462,2023-10-28,0.0229,3
ORD-2023-028564,CUST-03401,2023-10-05,0.047,1
ORD-2023-028565,CUST-02065,2023-10-08,0.0802,1
ORD-2023-028566,CUST-00046,2023-10-25,0.0183,1
ORD-2023-028567,CUST-02902,2023-10-31,0.0617,1
ORD-2023-028568,CUST-03325,2023-10-31,0.0879,1
ORD-2023-028569,CUST-02834,2023-10-18,0.0325,1
ORD-2023-028570,CUST-01364,2023-10-14,0.1666,1
ORD-2023-028571,CUST-02337,2023-10-28,0.0315,1
ORD-2023-028572,CUST-01623,2023-10-06,0.1015,1
ORD-2023-028573,CUST-02762,2023-10-25,0.0645,4
ORD-2023-028574,CUST-02870,2023-10-22,0.1346,1
ORD-2023-028575,CUST-03392,2023-10-10,0.0221,1
ORD-2023-028576,CUST-03738,2023-10-16,0.0721,5
ORD-2023-028577,CUST-01930,2023-10-20,0.0974,2
ORD-2023-028578,CUST-01514,2023-10-10,0.0455,2
ORD-2023-028579,CUST-04680,2023-10-07,0.1555,1
ORD-2023-028580,CUST-00554,2023-10-03,0.0331,1
ORD-2023-028581,CUST-01367,2023-10-26,0.0937,1
ORD-2023-028582,CUST-03326,2023-10-05,0.0724,2
ORD-2023-028583,CUST-04006,2023-10-08,0.059,1
ORD-2023-028584,CUST-01037,2023-10-19,0.0265,1
ORD-2023-028585,CUST-01164,2023-10-25,0.2189,2
ORD-2023-028586,CUST-01765,2023-10-13,0.0468,2
ORD-2023-028587,CUST-04027,2023-10-09,0.1479,2
ORD-2023-028588,CUST-03470,2023-10-14,0.0694,2
ORD-2023-028589,CUST-03333,2023-10-04,0.0402,1
ORD-2023-028590,CUST-01740,2023-10-24,0.0306,1
ORD-2023-028591,CUST-02770,2023-10-25,0.1994,2
ORD-2023-028592,CUST-02681,2023-10-10,0.07,1
ORD-2023-028593,CUST-02871,2023-10-05,0.1456,3
ORD-2023-028594,CUST-01390,2023-10-06,0.1285,3
ORD-2023-028595,CUST-01589,2023-10-05,0.0604,1
ORD-2023-028596,CUST-01012,2023-10-14,0.0486,1
ORD-2023-028597,CUST-00277,2023-10-08,0.0404,2
ORD-2023-028598,CUST-00988,2023-10-24,0.0994,2
ORD-2023-028599,CUST-01571,2023-10-16,0.0401,1
ORD-2023-028600,CUST-03134,2023-10-06,0.1437,2
ORD-2023-028601,CUST-04419,2023-10-01,0.0607,2
ORD-2023-028602,CUST-02838,2023-10-02,0.144,2
ORD-2023-028603,CUST-00404,2023-10-16,0.1514,5
ORD-2023-028604,CUST-00748,2023-10-24,0.1447,1
ORD-2023-028605,CUST-03436,2023-10-04,0.0109,1
ORD-2023-028606,CUST-02826,2023-10-10,0.007,1
ORD-2023-028607,CUST-00737,2023-10-05,0.2547,1
ORD-2023-028608,CUST-01683,2023-10-13,0.2062,1
ORD-2023-028609,CUST-03923,2023-10-14,0.0354,1
ORD-2023-028610,CUST-01623,2023-10-30,0.0105,2
ORD-2023-028611,CUST-03489,2023-10-14,0.1384,2
ORD-2023-028612,CUST-02425,2023-10-09,0.0107,1
ORD-2023-028613,CUST-00876,2023-10-18,0.2214,1
ORD-2023-028614,CUST-00393,2023-10-29,0.1486,4
ORD-2023-028615,CUST-01608,2023-10-30,0.1693,2
ORD-2023-028616,CUST-00613,2023-10-01,0.0458,2
ORD-2023-028617,CUST-01182,2023-10-05,0.0309,1
ORD-2023-028618,CUST-02621,2023-10-24,0.1948,1
ORD-2023-028619,CUST-02132,2023-10-15,0.312,3
ORD-2023-028620,CUST-03220,2023-10-11,0.1099,2
ORD-2023-028621,CUST-00382,2023-10-01,0.0722,1
ORD-2023-028622,CUST-02061,2023-10-20,0.1024,3
ORD-2023-028623,CUST-00291,2023-10-16,0.1308,1
ORD-2023-028624,CUST-01930,2023-10-11,0.1866,4
ORD-2023-028625,CUST-02543,2023-10-08,0.1397,1
ORD-2023-028626,CUST-01872,2023-10-26,0.1616,2
ORD-2023-028627,CUST-00410,2023-10-10,0.0142,3
ORD-2023-028628,CUST-00731,2023-10-16,0.1735,2
ORD-2023-028629,CUST-00227,2023-10-04,0.0179,3
ORD-2023-028630,CUST-01566,2023-10-03,0.1111,1
ORD-2023-028631,CUST-03454,2023-10-23,0.0087,1
ORD-2023-028632,CUST-03401,2023-10-30,0.0593,2
ORD-2023-028633,CUST-01865,2023-10-21,0.1304,1
ORD-2023-028634,CUST-00700,2023-10-30,0.1012,1
ORD-2023-028635,CUST-03323,2023-10-25,0.2282,2
ORD-2023-028636,CUST-02037,2023-10-21,0.0352,2
ORD-2023-028637,CUST-02823,2023-10-23,0.0365,1
ORD-2023-028638,CUST-02818,2023-10-24,0.1229,3
ORD-2023-028639,CUST-01366,2023-10-02,0.1368,3
ORD-2023-028640,CUST-02402,2023-10-13,0.1801,1
ORD-2023-028641,CUST-03318,2023-10-05,0.3355,1
ORD-2023-028642,CUST-00493,2023-10-23,0.1274,3
ORD-2023-028643,CUST-03609,2023-10-08,0.0526,2
ORD-2023-028644,CUST-02423,2023-10-13,0.0168,1
ORD-2023-028645,CUST-03301,2023-10-31,0.0104,1
ORD-2023-028646,CUST-00511,2023-10-23,0.0942,2
ORD-2023-028647,CUST-02820,2023-10-26,0.0346,3
ORD-2023-028648,CUST-03836,2023-10-02,0.0451,1
ORD-2023-028649,CUST-00681,2023-10-26,0.1833,1
ORD-2023-028650,CUST-02762,2023-10-07,0.0873,1
ORD-2023-028651,CUST-02776,2023-10-06,0.0805,2
ORD-2023-028652,CUST-00003,2023-10-27,0.1926,1
ORD-2023-028653,CUST-02775,2023-10-30,0.0332,1
ORD-2023-028654,CUST-00867,2023-10-26,0.2667,1
ORD-2023-028655,CUST-00532,2023-10-31,0.2498,1
ORD-2023-028656,CUST-03890,2023-10-21,0.0099,1
ORD-2023-028657,CUST-03667,2023-10-17,0.2584,1
ORD-2023-028658,CUST-02068,2023-10-27,0.036,4
ORD-2023-028659,CUST-00301,2023-10-05,0.097,1
ORD-2023-028660,CUST-01757,2023-10-23,0.0248,2
ORD-2023-028661,CUST-00260,2023-10-11,0.041,1
ORD-2023-028662,CUST-02164,2023-10-04,0.0661,2
ORD-2023-028663,CUST-01866,2023-10-17,0.0296,2
ORD-2023-028664,CUST-02822,2023-10-05,0.1048,1
ORD-2023-028665,CUST-04128,2023-10-08,0.0766,5
ORD-2023-028666,CUST-02314,2023-10-08,0.096,1
ORD-2023-028667,CUST-01686,2023-10-25,0.0216,2
ORD-2023-028668,CUST-01148,2023-10-05,0.1845,1
ORD-2023-028669,CUST-02553,2023-10-01,0.2007,1
ORD-2023-028670,CUST-02727,2023-10-02,0.0339,1
ORD-2023-028671,CUST-02238,2023-10-14,0.0451,2
ORD-2023-028672,CUST-00564,2023-10-22,0.1531,1
ORD-2023-028673,CUST-00140,2023-10-23,0.0237,2
ORD-2023-028674,CUST-03467,2023-10-03,0.0423,1
ORD-2023-028675,CUST-02257,2023-10-21,0.0281,2
ORD-2023-028676,CUST-04442,2023-10-12,0.3011,1
ORD-2023-028677,CUST-01487,2023-10-12,0.0297,1
ORD-2023-028678,CUST-03161,2023-10-04,0.147,2
ORD-2023-028679,CUST-04654,2023-10-20,0.5022,1
ORD-2023-028680,CUST-04533,2023-10-16,0.1632,1
ORD-2023-028681,CUST-03987,2023-10-02,0.122,1
ORD-2023-028682,CUST-01732,2023-10-04,0.0996,2
ORD-2023-028683,CUST-02587,2023-10-17,0.1221,1
ORD-2023-028684,CUST-02448,2023-10-07,0.0783,1
ORD-2023-028685,CUST-03485,2023-10-07,0.0428,2
ORD-2023-028686,CUST-03216,2023-10-17,0.0305,1
ORD-2023-028687,CUST-04217,2023-10-13,0.0804,1
ORD-2023-028688,CUST-01508,2023-10-08,0.0306,1
ORD-2023-028689,CUST-04036,2023-10-04,0.159,1
ORD-2023-028690,CUST-02249,2023-10-27,0.051,2
ORD-2023-028691,CUST-03170,2023-10-20,0.0209,2
ORD-2023-028692,CUST-00432,2023-10-20,0.2493,3
ORD-2023-028693,CUST-04017,2023-10-04,0.0128,1
ORD-2023-028694,CUST-03134,2023-10-10,0.0547,1
ORD-2023-028695,CUST-03679,2023-10-11,0.144,2
ORD-2023-028696,CUST-00983,2023-10-17,0.1661,1
ORD-2023-028697,CUST-02162,2023-10-23,0.2941,1
ORD-2023-028698,CUST-00989,2023-10-14,0.2395,1
ORD-2023-028699,CUST-03524,2023-10-27,0.0671,1
ORD-2023-028700,CUST-03916,2023-10-23,0.0671,1
ORD-2023-028701,CUST-04368,2023-10-22,0.1224,3
ORD-2023-028702,CUST-00671,2023-10-07,0.0664,2
ORD-2023-028703,CUST-00456,2023-10-26,0.0936,2
ORD-2023-028704,CUST-04180,2023-10-01,0.0763,1
ORD-2023-028705,CUST-00891,2023-10-12,0.1024,1
ORD-2023-028706,CUST-01999,2023-10-05,0.1817,1
ORD-2023-028707,CUST-04084,2023-10-30,0.204,2
ORD-2023-028708,CUST-03134,2023-10-27,0.0682,1
ORD-2023-028709,CUST-03115,2023-10-17,0.0101,1
ORD-2023-028710,CUST-03987,2023-10-11,0.0482,1
ORD-2023-028711,CUST-00548,2023-10-03,0.2566,1
ORD-2023-028712,CUST-03677,2023-10-28,0.0453,2
ORD-2023-028713,CUST-01630,2023-10-09,0.1336,1
ORD-2023-028714,CUST-01599,2023-10-25,0.0584,4
ORD-2023-028715,CUST-04310,2023-10-24,0.0336,1
ORD-2023-028716, CUST-02820 ,2023-10-07,0.0104,2
ORD-2023-028717,CUST-03019,2023-10-09,0.0661,1
ORD-2023-028718,CUST-03648,2023-10-15,0.0206,1
ORD-2023-028719,CUST-03390,2023-10-19,0.2324,1
ORD-2023-028720,CUST-01863,2023-10-02,0.1374,1
ORD-2023-028721,CUST-01887,2023-10-16,0.0609,4
ORD-2023-028722,CUST-04259,2023-10-05,0.1492,1
ORD-2023-028723,CUST-00801,2023-10-26,0.1346,1
ORD-2023-028724,CUST-03293,2023-10-24,0.1351,1
ORD-2023-028725,CUST-01039,2023-10-11,0.101,2
ORD-2023-028726,CUST-01436,2023-10-09,0.0592,1
ORD-2023-028727,CUST-02782,2023-10-15,0.0612,1
ORD-2023-028728,CUST-02310,2023-10-05,0.0316,1
ORD-2023-028729,CUST-03372,2023-10-24,0.3572,1
ORD-2023-028730,CUST-00183,2023-10-25,0.1905,2
ORD-2023-028731,CUST-03170,2023-10-30,0.0182,2
ORD-2023-028732,CUST-01503,2023-10-03,0.0213,1
ORD-2023-028733,CUST-02525,2023-10-26,0.1024,2
ORD-2023-028734,CUST-01104,2023-10-22,0.2613,1
ORD-2023-028735,CUST-04103,2023-10-30,0.1269,2
ORD-2023-028736,CUST-04446,2023-10-27,0.0374,1
ORD-2023-028737,CUST-03218,2023-10-23,0.0652,1
ORD-2023-028738,CUST-00601,2023-10-06,0.0575,1
ORD-2023-028739,CUST-02255,2023-10-01,0.0375,1
ORD-2023-028740,CUST-00127,2023-10-01,0.0725,1
ORD-2023-028741,CUST-02557,2023-10-21,0.0467,1
ORD-2023-028742,CUST-02810,2023-10-11,0.0017,1
ORD-2023-028743,CUST-01434,2023-10-23,0.0887,1
ORD-2023-028744,CUST-02511,2023-10-16,0.4551,1
ORD-2023-028745,CUST-01136,2023-10-23,0.1031,2
ORD-2023-028746,CUST-04046,2023-10-29,0.1175,1
ORD-2023-028747,CUST-03681,2023-10-14,0.0253,1
ORD-2023-028748,CUST-00358,2023-10-15,0.3549,1
ORD-2023-028749,CUST-02399,2023-10-23,0.0286,1
ORD-2023-028750,CUST-01129,2023-10-20,0.2343,1
ORD-2023-028751,CUST-01231,2023-10-10,0.0545,5
ORD-2023-028752,CUST-01871,2023-10-18,0.2047,2
ORD-2023-028753,CUST-03788,2023-10-29,0.157,1
ORD-2023-028754,CUST-02007,2023-10-22,0.0566,1
ORD-2023-028755,CUST-00337,2023-10-07,0.1073,3
ORD-2023-028756,CUST-00974,2023-10-28,0.372,2
ORD-2023-028757,CUST-01277,2023-10-13,0.1592,1
ORD-2023-028758,CUST-00104,2023-10-11,0.111,1
ORD-2023-028759,CUST-03091,2023-10-15,0.1439,2
ORD-2023-028760,CUST-04012,2023-10-23,0.1023,2
ORD-2023-028761,CUST-02534,2023-10-14,0.2493,3
ORD-2023-028762,CUST-03329,2023-10-18,0.1197,1
ORD-2023-028763,CUST-04326,2023-10-11,0.0337,2
ORD-2023-028764,CUST-02164,2023-10-09,0.0319,2
ORD-2023-028765,CUST-00559,2023-10-09,0.0194,2
ORD-2023-028766,CUST-04027,2023-10-28,0.017,1
ORD-2023-028767,CUST-01846,2023-10-04,0.081,1
ORD-2023-028768,CUST-00482,2023-10-03,0.108,2
ORD-2023-028769,CUST-01520,2023-10-25,0.0232,1
ORD-2023-028770,CUST-02131,2023-10-24,0.0503,1
ORD-2023-028771,CUST-02775,2023-10-31,0.0356,1
ORD-2023-028772,CUST-02919,2023-10-19,0.0397,1
ORD-2023-028773,,2023-10-03,0.0569,4
ORD-2023-028774,CUST-04561,2023-10-21,0.0465,2
ORD-2023-028775,CUST-03832,2023-10-20,0.0951,2
ORD-2023-028776,CUST-00498,2023-10-14,0.1836,3
ORD-2023-028777,CUST-00759,2023-10-28,0.0255,2
ORD-2023-028778,CUST-01262,2023-10-07,0.1603,1
ORD-2023-028779,CUST-03267,2023-10-30,0.0935,2
ORD-2023-028780,CUST-01488,2023-10-26,0.0254,2
ORD-2023-028781,CUST-00715,2023-10-20,0.1845,3
ORD-2023-028782,CUST-03599,2023-10-10,0.0987,2
ORD-2023-028783,CUST-03282,2023-10-31,0.1833,1
ORD-2023-028784,CUST-00267,2023-10-10,0.038,3
ORD-2023-028785,CUST-00467,2023-10-11,0.0409,3
ORD-2023-028786,CUST-04014,2023-10-01,0.0513,4
ORD-2023-028787,CUST-03021,2023-10-22,0.0669,2
ORD-2023-028788,CUST-03671,2023-10-18,0.0975,3
ORD-2023-028789,CUST-02663,2023-10-29,0.3683,1
ORD-2023-028790,CUST-02264,2023-10-12,0.1261,3
ORD-2023-028791,CUST-02310,2023-10-23,0.1118,1
ORD-2023-028792,CUST-01824,2023-10-23,0.04,1
ORD-2023-028793,CUST-02776,2023-10-30,0.0333,2
ORD-2023-028794,CUST-02519,2023-10-08,0.0671,1
ORD-2023-028795,CUST-03402,2023-10-20,0.1917,2
ORD-2023-028796,CUST-03358,2023-10-09,0.2006,2
ORD-2023-028797,CUST-02134,2023-10-24,0.1186,2
ORD-2023-028798,CUST-01860,2023-10-18,0.093,2
ORD-2023-028799,CUST-03622,2023-10-17,0.0647,1
ORD-2023-028800,CUST-04310,2023-10-23,0.1011,3
ORD-2023-028801,CUST-02333,2023-10-14,0.1461,1
ORD-2023-028802,CUST-03522,2023-10-18,0.1055,4
ORD-2023-028803,CUST-04644,2023-10-08,0.0255,1
ORD-2023-028804,CUST-00412,2023-10-23,0.1153,1
ORD-2023-028805,CUST-01407,2023-10-07,0.0416,2
ORD-2023-028806,CUST-01085,2023-10-24,0.0313,1
ORD-2023-028807,CUST-02429,2023-10-07,0.0339,1
ORD-2023-028808,CUST-04046,2023-10-05,0.018,1
ORD-2023-028809,CUST-01885,2023-10-09,0.0933,3
ORD-2023-028810,CUST-00100,2023-10-18,0.5016,2
ORD-2023-028811,CUST-01888,2023-10-29,0.0317,1
ORD-2023-028812,CUST-03593,2023-10-26,0.217,3
ORD-2023-028813,CUST-01085,2023-10-28,0.0281,2
ORD-2023-028814,CUST-03213,2023-10-16,0.1154,4
ORD-2023-028815,CUST-03890,2023-10-21,0.0218,1
ORD-2023-028816,CUST-00930,2023-10-14,0.0261,2
ORD-2023-028817,CUST-03727,2023-10-18,0.2085,2
ORD-2023-028818,CUST-00426,2023-10-29,0.0991,4
ORD-2023-028819,CUST-00317,2023-10-05,0.0094,3
ORD-2023-028820,CUST-04159,2023-10-13,0.4095,1
ORD-2023-028821,CUST-03393,2023-10-22,0.0227,1
ORD-2023-028822,CUST-02833,2023-10-23,0.3162,1
ORD-2023-028823,CUST-04279,2023-10-09,0.5104,1
ORD-2023-028824,CUST-00291,2023-10-04,0.0149,1
ORD-2023-028825,CUST-01262,2023-10-25,0.0533,1
ORD-2023-028826,CUST-01831,2023-10-13,0.0943,2
ORD-2023-028827,CUST-01809,2023-10-18,0.2149,1
ORD-2023-028828,CUST-01256,2023-10-08,0.1799,1
ORD-2023-028829,CUST-00175,2023-10-12,0.1545,1
ORD-2023-028830,CUST-03237,2023-10-27,0.1334,1
ORD-2023-028831,CUST-02604,2023-10-22,0.0245,1
ORD-2023-028832,CUST-02470,2023-10-03,0.1141,3
ORD-2023-028833,CUST-00940,2023-10-30,0.1673,1
ORD-2023-028834,CUST-04266,2023-10-14,0.1562,1
ORD-2023-028835,CUST-02003,2023-10-20,0.0199,3
ORD-2023-028836,CUST-00800,2023-10-23,0.1236,1
ORD-2023-028837,CUST-04534,2023-10-11,0.0102,1
ORD-2023-028838,CUST-02279,2023-10-22,0.0624,2
ORD-2023-028839,CUST-00245,2023-10-01,0.0725,1
ORD-2023-028840,CUST-03837,2023-10-30,0.0401,1
ORD-2023-028841,CUST-00301,2023-10-28,0.2097,1
ORD-2023-028842,CUST-02973,2023-10-27,0.0825,1
ORD-2023-028843,CUST-01628,2023-10-27,0.2706,1
ORD-2023-028844,CUST-03996,2023-10-24,0.014,1
ORD-2023-028845,CUST-02343,2023-10-13,0.4581,2
ORD-2023-028846,CUST-02797,2023-10-19,0.0207,1
ORD-2023-028847,CUST-01757,2023-10-04,0.0369,2
ORD-2023-028848,CUST-03468,2023-10-06,0.0467,2
ORD-2023-028849,CUST-03775,2023-10-18,0.0847,1
ORD-2023-028850,CUST-02924,2023-10-22,0.0358,4
ORD-2023-028851,CUST-04027,2023-10-18,0.1398,1
ORD-2023-028852,CUST-03832,2023-10-22,0.0928,2
ORD-2023-028853,CUST-03475,2023-10-24,0.1627,1
ORD-2023-028854,CUST-00422,2023-10-17,0.0882,1
ORD-2023-028855,CUST-01487,2023-10-07,0.0324,1
ORD-2023-028856,CUST-02798,2023-10-06,0.1135,3
ORD-2023-028857,CUST-02190,2023-10-23,0.0604,4
ORD-2023-028858,CUST-01539,2023-10-21,0.1579,1
ORD-2023-028859,CUST-01917,2023-10-04,0.212,3
ORD-2023-028860,CUST-00910,2023-10-27,0.0661,1
ORD-2023-028861,CUST-04022,2023-10-17,0.0821,1
ORD-2023-028862,CUST-00801,2023-10-29,0.1609,3
ORD-2023-028863,CUST-03307,2023-10-07,0.1037,2
ORD-2023-028864,CUST-02621,2023-10-09,0.2949,1
ORD-2023-028865,CUST-03828,2023-10-26,0.1365,1
ORD-2023-028866,CUST-00804,2023-10-05,0.2095,3
ORD-2023-028867,CUST-02433,2023-10-28,0.0203,3
ORD-2023-028868,CUST-03309,2023-10-14,0.0738,1
ORD-2023-028869,CUST-00700,2023-10-07,0.0482,1
ORD-2023-028870,CUST-04266,2023-10-26,0.0882,1
ORD-2023-028871,CUST-01923,2023-10-24,0.0169,2
ORD-2023-028872,CUST-02797,2023-10-25,0.0258,3
ORD-2023-028873,CUST-00179,2023-10-08,0.1368,3
ORD-2023-028874,CUST-00331,2023-10-19,0.0581,2
ORD-2023-028875,CUST-02510,2023-10-14,0.39,1
ORD-2023-028876,CUST-00453,2023-10-12,0.1158,1
ORD-2023-028877,CUST-03654,2023-10-03,0.2568,1
ORD-2023-028878,CUST-03380,2023-10-05,0.0855,1
ORD-2023-028879,CUST-03278,2023-10-21,0.3348,1
ORD-2023-028880,CUST-02218,2023-10-29,0.0221,1
ORD-2023-028881,CUST-00759,2023-10-15,0.1164,1
ORD-2023-028882,CUST-01999,2023-10-09,0.0763,2
ORD-2023-028883,CUST-00301,2023-10-11,0.3064,1
ORD-2023-028884,CUST-01060,2023-10-24,0.0387,4
ORD-2023-028885,CUST-00410,2023-10-20,0.0454,1
ORD-2023-028886,CUST-03861,2023-10-25,0.0284,1
ORD-2023-028887,CUST-02358,2023-10-30,0.0704,1
ORD-2023-028888,CUST-01326,2023-10-09,0.1611,2
ORD-2023-028889,CUST-00228,2023-10-26,0.0268,1
ORD-2023-028890,CUST-03924,2023-10-08,0.013,2
ORD-2023-028891,CUST-00192,2023-10-24,0.0794,1
ORD-2023-028892,CUST-03598,2023-10-21,0.0601,1
ORD-2023-028893,CUST-03309,2023-10-25,0.1244,2
ORD-2023-028894,CUST-00328,2023-10-17,0.0403,1
ORD-2023-028895,CUST-02937,2023-10-29,0.0905,1
ORD-2023-028896,CUST-04110,2023-10-17,0.1246,3
ORD-2023-028897,CUST-02991,2023-10-03,0.0061,1
ORD-2023-028898,CUST-03146,2023-10-09,0.1129,2
ORD-2023-028899,CUST-01184,2023-10-21,0.1525,1
ORD-2023-028900,CUST-04673,2023-10-30,0.1461,2
ORD-2023-028901,CUST-04644,2023-10-22,0.0311,1
ORD-2023-028902,CUST-00588,2023-10-19,0.0572,1
ORD-2023-028903,CUST-03156,2023-10-07,0.02,3
ORD-2023-028904,CUST-02766,2023-10-20,0.0239,1
ORD-2023-028905,CUST-02716,2023-10-16,0.3114,1
ORD-2023-028906,CUST-00888,2023-10-25,0.0834,1
ORD-2023-028907,,2023-10-05,0.0774,2
ORD-2023-028908,CUST-04174,2023-10-31,0.1092,2
ORD-2023-028909,CUST-03722,2023-10-27,0.0213,3
ORD-2023-028910,CUST-02866,2023-10-28,0.0946,1
ORD-2023-028911,CUST-02681,2023-10-12,0.1084,1
ORD-2023-028912,CUST-01947,2023-10-26,0.0846,3
ORD-2023-028913,CUST-02374,2023-10-08,0.0063,1
ORD-2023-028914,CUST-02351,2023-10-12,0.163,1
ORD-2023-028915,CUST-00785,2023-10-10,0.1429,2
ORD-2023-028916,CUST-00394,2023-10-13,0.1791,1
ORD-2023-028917,CUST-03289,2023-10-12,0.1194,1
ORD-2023-028918,CUST-01256,2023-10-07,0.1639,1
ORD-2023-028919,CUST-03775,2023-10-03,0.2165,1
ORD-2023-028920,CUST-02604,2023-10-01,0.0425,1
ORD-2023-028921,CUST-03832,2023-10-27,0.0586,1
ORD-2023-028922,CUST-02294,2023-10-18,0.1334,1
ORD-2023-028923,CUST-03978,2023-10-04,0.0769,1
ORD-2023-028924,CUST-00494,2023-10-03,0.1738,1
ORD-2023-028925,CUST-01614,2023-10-31,0.02,1
ORD-2023-028926,CUST-01231,2023-10-24,0.1109,1
ORD-2023-028927,CUST-02423,2023-10-09,0.046,1
ORD-2023-028928,CUST-02246,2023-10-01,0.0559,1
ORD-2023-028929,CUST-00980,2023-10-13,0.0732,3
ORD-2023-028930,CUST-01086,2023-10-28,0.0107,2
ORD-2023-028931, CUST-01089 ,2023-10-15,0.1206,1
ORD-2023-028932,CUST-00035,2023-10-22,0.1046,1
ORD-2023-028933,CUST-02722,2023-10-23,0.198,3
ORD-2023-028934,CUST-00790,2023-10-28,0.1525,2
ORD-2023-028935,CUST-02412,2023-10-17,0.0382,1
ORD-2023-028936,CUST-00260,2023-10-24,0.1069,3
ORD-2023-028937,CUST-04533,2023-10-14,0.0491,2
ORD-2023-028938,CUST-00737,2023-10-20,0.042,1
ORD-2023-028939,CUST-01398,2023-10-25,0.0554,1
ORD-2023-028940,CUST-00564,2023-10-25,0.0677,3
ORD-2023-028941,CUST-03208,2023-10-10,0.4993,1
ORD-2023-028942,CUST-04545,2023-10-13,0.1072,1
ORD-2023-028943,CUST-02451,2023-10-15,0.0483,1
ORD-2023-028944,CUST-02474,2023-10-12,0.0716,4
ORD-2023-028945,CUST-02955,2023-10-14,0.0546,3
ORD-2023-028946,CUST-02992,2023-10-23,0.1043,1
ORD-2023-028947,CUST-03347,2023-10-29,0.0384,3
ORD-2023-028948,CUST-00353,2023-10-05,0.0553,3
ORD-2023-028949,CUST-01832,2023-10-23,0.0274,1
ORD-2023-028950,CUST-02732,2023-10-21,0.0388,1
ORD-2023-028951,CUST-03250,2023-10-31,0.0227,1
ORD-2023-028952,CUST-00155,2023-10-19,0.0784,3
ORD-2023-028953,CUST-00647,2023-10-30,0.3459,3
ORD-2023-028954,CUST-00486,2023-10-22,0.1624,3
ORD-2023-028955,CUST-03009,2023-10-16,0.0955,1
ORD-2023-028956,CUST-04727,2023-10-26,0.0342,1
ORD-2023-028957,CUST-01975,2023-10-10,0.176,1
ORD-2023-028958,CUST-01029,2023-10-02,0.0172,3
ORD-2023-028959,CUST-01667,2023-10-23,0.1704,3
ORD-2023-028960,CUST-02821,2023-10-25,0.2243,1
ORD-2023-028961,CUST-00337,2023-10-19,0.235,2
ORD-2023-028962,CUST-03824,2023-10-27,0.1065,1
ORD-2023-028963,CUST-04060,2023-10-31,0.2185,2
ORD-2023-028964,CUST-03861,2023-10-28,0.1646,2
ORD-2023-028965,CUST-02496,2023-10-21,0.0783,2
ORD-2023-028966,CUST-02527,2023-10-17,0.0583,1
ORD-2023-028967,CUST-03326,2023-10-07,0.0878,1
ORD-2023-028968,CUST-01743,2023-10-04,0.0398,1
ORD-2023-028969,CUST-03901,2023-10-18,0.0256,2
ORD-2023-028970,CUST-01503,2023-10-15,0.0822,3
ORD-2023-028971,CUST-02669,2023-10-25,0.0732,1
ORD-2023-028972,CUST-00896,2023-10-11,0.0313,1
ORD-2023-028973,CUST-01714,2023-10-25,0.0828,1
ORD-2023-028974,CUST-02374,2023-10-09,0.0101,2
ORD-2023-028975,CUST-00600,2023-10-10,0.0491,1
ORD-2023-028976,CUST-04271,2023-10-04,0.0135,1
ORD-2023-028977,CUST-00252,2023-10-17,0.1343,1
ORD-2023-028978,CUST-00422,2023-10-21,0.1784,1
ORD-2023-028979,CUST-03562,2023-10-15,0.1472,2
ORD-2023-028980,CUST-02975,2023-10-13,0.1405,1
ORD-2023-028981,CUST-04697,2023-10-15,0.0928,4
ORD-2023-028982,CUST-03127,2023-10-21,0.4086,3
ORD-2023-028983,CUST-04701,2023-10-31,0.0542,2
ORD-2023-028984,CUST-02782,2023-10-04,0.0985,1
ORD-2023-028985,CUST-02259,2023-10-27,0.2073,1
ORD-2023-028986,CUST-01488,2023-10-05,0.0016,1
ORD-2023-028987,CUST-02623,2023-10-19,0.0563,3
ORD-2023-028988,CUST-01545,2023-10-21,0.105,3
ORD-2023-028989,CUST-00781,2023-10-24,0.049,2
ORD-2023-028990,CUST-02067,2023-10-29,0.0796,1
ORD-2023-028991,CUST-00617,2023-10-24,0.2437,1
ORD-2023-028992,CUST-00754,2023-10-27,0.0482,1
ORD-2023-028993,CUST-00723,2023-10-01,0.0399,1
ORD-2023-028994,CUST-02305,2023-10-17,0.1179,1
ORD-2023-028995,CUST-04262,2023-10-14,0.162,2
ORD-2023-028996,CUST-01670,2023-10-04,0.1002,1
ORD-2023-028997, CUST-02133 ,2023-10-28,0.0674,2
ORD-2023-028998,CUST-02110,2023-10-16,0.1166,1
ORD-2023-028999,CUST-02402,2023-10-01,0.1195,2
ORD-2023-029000,CUST-00446,2023-10-27,0.1204,1
ORD-2023-029001,CUST-03670,2023-10-14,0.0527,1
ORD-2023-029002,CUST-03058,2023-10-08,0.0837,1
ORD-2023-029003,CUST-00721,2023-10-24,0.0311,2
ORD-2023-029004,CUST-02978,2023-10-02,0.3097,3
ORD-2023-029005,CUST-01543,2023-10-16,0.5092,1
ORD-2023-029006,CUST-00301,2023-10-09,0.1039,2
ORD-2023-029007,CUST-01130,2023-10-16,0.0453,2
ORD-2023-029008,CUST-02639,2023-10-15,0.046,1
ORD-2023-029009,CUST-02874,2023-10-12,0.1024,5
ORD-2023-029010,CUST-01250,2023-10-20,0.1518,2
ORD-2023-029011,CUST-02834,2023-10-24,0.0361,3
ORD-2023-029012,CUST-00931,2023-10-14,0.2398,1
ORD-2023-029013,CUST-01158,2023-10-18,0.0655,2
ORD-2023-029014,CUST-02088,2023-10-31,0.1112,1
ORD-2023-029015,CUST-02454,2023-10-04,0.0423,4
ORD-2023-029016,CUST-03196,2023-10-22,0.0922,2
ORD-2023-029017,CUST-02474,2023-10-26,0.073,1
ORD-2023-029018,CUST-00184,2023-10-23,0.3733,2
ORD-2023-029019,CUST-03836,2023-10-16,0.1612,1
ORD-2023-029020,CUST-03083,2023-10-11,0.1516,1
ORD-2023-029021,CUST-03331,2023-10-08,0.0965,1
ORD-2023-029022,CUST-00738,2023-10-20,0.2072,2
ORD-2023-029023,CUST-02644,2023-10-03,0.069,2
ORD-2023-029024,CUST-00371,2023-10-27,0.1213,3
ORD-2023-029025,CUST-04270,2023-10-12,0.0825,1
ORD-2023-029026,CUST-02533,2023-10-21,0.0391,1
ORD-2023-029027,CUST-03890,2023-10-24,0.0301,2
ORD-2023-029028,CUST-01765,2023-10-03,0.0432,1
ORD-2023-029029,CUST-02110,2023-10-15,0.0292,5
ORD-2023-029030,CUST-01737,2023-10-15,0.0704,1
ORD-2023-029031,CUST-03775,2023-10-08,0.1056,3
ORD-2023-029032,CUST-02292,2023-10-06,0.0677,1
ORD-2023-029033,CUST-03528,2023-10-13,0.0763,1
ORD-2023-029034,CUST-01565,2023-10-05,0.0164,1
ORD-2023-029035,CUST-04046,2023-10-08,0.1234,3
ORD-2023-029036,CUST-03319,2023-10-12,0.119,1
ORD-2023-029037,CUST-03094,2023-10-02,0.0498,1
ORD-2023-029038,CUST-04660,2023-10-05,0.0742,1
ORD-2023-029039,CUST-03883,2023-10-03,0.0618,3
ORD-2023-029040,CUST-00029,2023-10-24,0.0882,5
ORD-2023-029041,CUST-02001,2023-10-11,0.3866,1
ORD-2023-029042,CUST-01164,2023-10-09,0.0366,1
ORD-2023-029043,CUST-02971,2023-10-27,0.0398,4
ORD-2023-029044,CUST-00721,2023-10-26,0.35,2
ORD-2023-029045,CUST-00660,2023-10-07,0.1329,1
ORD-2023-029046,CUST-01137,2023-10-03,0.148,1
ORD-2023-029047,CUST-03626,2023-10-29,0.0658,3
ORD-2023-029048,CUST-01930,2023-10-21,0.1122,5
ORD-2023-029049,CUST-02650,2023-10-07,0.1902,2
ORD-2023-029050,CUST-02251,2023-10-22,0.0267,1
ORD-2023-029051,CUST-00005,2023-10-15,0.2056,1
ORD-2023-029052,CUST-02689,2023-10-01,0.0188,1
ORD-2023-029053,CUST-04701,2023-10-16,0.0409,2
ORD-2023-029054,CUST-02014,2023-10-06,0.2426,1
ORD-2023-029055,CUST-00506,2023-10-07,0.0647,1
ORD-2023-029056,CUST-01623,2023-10-03,0.0226,4
ORD-2023-029057,CUST-00556,2023-10-20,0.1967,3
ORD-2023-029058,CUST-00983,2023-10-17,0.1003,4
ORD-2023-029059,CUST-04197,2023-10-26,0.1735,1
ORD-2023-029060,CUST-00975,2023-10-26,0.0413,1
ORD-2023-029061,CUST-03881,2023-10-10,0.0238,2
ORD-2023-029062,CUST-01798,2023-10-03,0.012,1
ORD-2023-029063,CUST-00639,2023-10-24,0.0272,1
ORD-2023-029064,CUST-04051,2023-10-22,0.0679,1
ORD-2023-029065,CUST-02936,2023-10-22,0.1174,3
ORD-2023-029066,CUST-04167,2023-10-16,0.2219,1
ORD-2023-029067,CUST-02416,2023-10-20,0.1288,2
ORD-2023-029068,CUST-00737,2023-10-06,0.0774,2
ORD-2023-029069,CUST-01537,2023-10-19,0.0659,1
ORD-2023-029070,CUST-01723,2023-10-27,0.238,3
ORD-2023-029071,CUST-03539,2023-10-22,0.0257,4
ORD-2023-029072,CUST-03727,2023-10-08,0.1029,3
ORD-2023-029073,CUST-03064,2023-10-01,0.0896,1
ORD-2023-029074,CUST-01103,2023-10-12,0.0244,1
ORD-2023-029075,CUST-02693,2023-10-15,0.2889,1
ORD-2023-029076,CUST-00646,2023-10-05,0.0363,2
ORD-2023-029077,CUST-02797,2023-10-22,0.0081,3
ORD-2023-029078,CUST-03981,2023-10-03,0.046,1
ORD-2023-029079,CUST-02894,2023-10-16,0.054,2
ORD-2023-029080,CUST-01491,2023-10-03,0.0184,1
ORD-2023-029081,CUST-01091,2023-10-25,0.0509,1
ORD-2023-029082,CUST-00798,2023-10-12,0.3158,1
ORD-2023-029083,CUST-03582,2023-10-28,0.042,3
ORD-2023-029084,CUST-00410,2023-10-02,0.0989,1
ORD-2023-029085,CUST-03609,2023-10-23,0.185,1
ORD-2023-029086,CUST-02207,2023-10-12,0.0438,3
ORD-2023-029087,CUST-02960,2023-10-04,0.0235,1
ORD-2023-029088,CUST-04075,2023-10-12,0.3769,1
ORD-2023-029089,CUST-01570,2023-10-06,0.0058,1
ORD-2023-029090,CUST-03844,2023-10-28,0.1844,1
ORD-2023-029091,CUST-01129,2023-10-11,0.0645,1
ORD-2023-029092, CUST-00757 ,2023-10-26,0.2128,2
ORD-2023-029093,CUST-01765,2023-10-09,0.084,1
ORD-2023-029094,CUST-03057,2023-10-26,0.0669,4
ORD-2023-029095,CUST-03035,2023-10-14,0.1853,1
ORD-2023-029096,CUST-03094,2023-10-27,0.0386,2
ORD-2023-029097,CUST-01623,2023-10-21,0.0472,1
ORD-2023-029098,CUST-03639,2023-10-19,0.0627,2
ORD-2023-029099,CUST-00916,2023-10-15,0.2872,1
ORD-2023-029100,CUST-03987,2023-10-28,0.1631,3
ORD-2023-029101,CUST-00796,2023-10-04,0.0035,1
ORD-2023-029102,CUST-03216,2023-10-27,0.1259,4
ORD-2023-029103,CUST-01921,2023-10-14,0.181,2
ORD-2023-029104,CUST-01708,2023-10-01,0.0626,1
ORD-2023-029105,CUST-04706,2023-10-20,0.0145,1
ORD-2023-029106,CUST-02626,2023-10-01,0.0564,2
ORD-2023-029107,CUST-00785,2023-10-31,0.0142,1
ORD-2023-029108,CUST-03172,2023-10-23,0.2853,1
ORD-2023-029109,CUST-01759,2023-10-16,0.0569,1
ORD-2023-029110,CUST-02710,2023-10-14,0.0251,2
ORD-2023-029111,CUST-03114,2023-10-07,0.1915,1
ORD-2023-029112,CUST-02363,2023-10-05,0.0165,2
ORD-2023-029113,CUST-01943,2023-10-24,0.3661,1
ORD-2023-029114,CUST-01304,2023-10-03,0.0821,2
ORD-2023-029115,CUST-04492,2023-10-03,0.0566,1
ORD-2023-029116,CUST-03114,2023-10-11,0.1645,1
ORD-2023-029117,CUST-00118,2023-10-21,0.0088,1
ORD-2023-029118,CUST-03628,2023-10-18,0.1454,1
ORD-2023-029119,CUST-03134,2023-10-12,0.0499,1
ORD-2023-029120,CUST-00554,2023-10-07,0.0738,1
ORD-2023-029121,CUST-03881,2023-10-05,0.0163,2
ORD-2023-029122,CUST-01757,2023-10-25,0.022,1
ORD-2023-029123,CUST-02183,2023-10-26,0.0335,1
ORD-2023-029124,CUST-00943,2023-10-08,0.0263,1
ORD-2023-029125,CUST-00554,2023-10-04,0.0331,1
ORD-2023-029126,CUST-02640,2023-10-28,0.2525,1
ORD-2023-029127,CUST-00104,2023-10-01,0.145,1
ORD-2023-029128,CUST-02782,2023-10-01,0.0292,1
ORD-2023-029129,CUST-02016,2023-10-18,0.0601,1
ORD-2023-029130,CUST-04151,2023-10-30,0.0976,1
ORD-2023-029131,CUST-02991,2023-10-27,0.0352,1
ORD-2023-029132,CUST-02730,2023-10-19,0.1556,1
ORD-2023-029133,CUST-01520,2023-10-25,0.0769,2
ORD-2023-029134,CUST-00397,2023-10-27,0.04,1
ORD-2023-029135,CUST-01201,2023-10-11,0.0593,3
ORD-2023-029136,CUST-01436,2023-10-29,0.0123,1
ORD-2023-029137,CUST-01863,2023-10-16,0.0993,2
ORD-2023-029138,CUST-02810,2023-10-25,0.0842,1
ORD-2023-029139,CUST-00339,2023-10-07,0.0739,1
ORD-2023-029140,CUST-04036,2023-10-05,0.0353,1
ORD-2023-029141,CUST-02954,2023-10-02,0.1246,1
ORD-2023-029142,CUST-01202,2023-10-27,0.146,1
ORD-2023-029143,CUST-03326,2023-10-19,0.0086,2
ORD-2023-029144,CUST-01640,2023-10-07,0.0874,1
ORD-2023-029145,CUST-00096,2023-10-01,0.0408,1
ORD-2023-029146,CUST-00749,2023-10-04,0.0532,1
ORD-2023-029147,CUST-02609,2023-10-03,0.0249,1
ORD-2023-029148,CUST-02932,2023-10-13,0.2721,2
ORD-2023-029149,CUST-02762,2023-10-02,0.1086,1
ORD-2023-029150,CUST-02120,2023-10-31,0.0561,1
ORD-2023-029151,CUST-01561,2023-10-22,0.079,1
ORD-2023-029152,CUST-00661,2023-10-30,0.0027,1
ORD-2023-029153,CUST-03991,2023-10-02,0.0348,1
ORD-2023-029154,CUST-01400,2023-10-13,0.1535,3
ORD-2023-029155,CUST-00362,2023-10-26,0.0299,1
ORD-2023-029156,CUST-04609,2023-10-12,0.0793,1
ORD-2023-029157,CUST-00976,2023-10-17,0.0917,3
ORD-2023-029158,CUST-03677,2023-10-09,0.0273,1
ORD-2023-029159,CUST-00229,2023-10-28,0.1247,1
ORD-2023-029160,CUST-03736,2023-10-09,0.0397,2
ORD-2023-029161,CUST-01792,2023-10-22,0.3789,1
ORD-2023-029162,CUST-01225,2023-10-15,0.0262,2
ORD-2023-029163,CUST-03093,2023-10-26,0.166,3
ORD-2023-029164,CUST-02412,2023-10-23,0.0136,1
ORD-2023-029165,CUST-01337,2023-10-21,0.0418,3
ORD-2023-029166,CUST-04525,2023-10-26,0.1199,2
ORD-2023-029167,CUST-04534,2023-10-07,0.0101,3
ORD-2023-029168,CUST-02971,2023-10-11,0.0606,1
ORD-2023-029169,CUST-02683,2023-10-30,0.323,1
ORD-2023-029170,CUST-00473,2023-10-14,0.0151,1
ORD-2023-029171,CUST-00752,2023-10-21,0.2087,1
ORD-2023-029172,CUST-01527,2023-10-24,0.0821,1
ORD-2023-029173,CUST-03864,2023-10-01,0.13,2
ORD-2023-029174,CUST-01426,2023-10-08,0.1971,1
ORD-2023-029175,CUST-04240,2023-10-07,0.0683,1
ORD-2023-029176,CUST-03791,2023-10-13,0.0191,3
ORD-2023-029177,CUST-01710,2023-10-02,0.0535,1
ORD-2023-029178,CUST-03490,2023-10-15,0.0773,1
ORD-2023-029179,CUST-02246,2023-10-12,0.045,4
ORD-2023-029180,CUST-02776,2023-10-26,0.015,1
ORD-2023-029181,CUST-01413,2023-10-23,0.0179,1
ORD-2023-029182,CUST-02982,2023-10-12,0.0596,3
ORD-2023-029183,CUST-00564,2023-10-24,0.0384,5
ORD-2023-029184,CUST-02411,2023-10-09,0.2078,2
ORD-2023-029185,CUST-03102,2023-10-10,0.1666,1
ORD-2023-029186,CUST-01770,2023-10-12,0.1568,2
ORD-2023-029187,CUST-02391,2023-10-07,0.108,1
ORD-2023-029188,CUST-00752,2023-10-27,0.051,2
ORD-2023-029189,CUST-02321,2023-10-01,0.0095,1
ORD-2023-029190,CUST-02989,2023-10-29,0.0146,2
ORD-2023-029191,CUST-02136,2023-10-11,0.0635,1
ORD-2023-029192,CUST-02991,2023-10-26,0.0467,2
ORD-2023-029193,CUST-04146,2023-10-14,0.0773,1
ORD-2023-029194,CUST-03012,2023-10-14,0.0768,3
ORD-2023-029195,CUST-02736,2023-10-29,0.0432,2
ORD-2023-029196,CUST-00346,2023-10-17,0.1,1
ORD-2023-029197,CUST-01308,2023-10-30,0.079,2
ORD-2023-029198,CUST-03480,2023-10-30,0.178,3
ORD-2023-029199,CUST-03238,2023-10-15,0.1839,1
ORD-2023-029200,CUST-00402,2023-10-20,0.1056,1
ORD-2023-029201,CUST-02785,2023-10-16,0.129,3
ORD-2023-029202,CUST-01831,2023-10-12,0.0557,1
ORD-2023-029203,CUST-02149,2023-10-14,0.017,1
ORD-2023-029204,CUST-01285,2023-10-31,0.1615,1
ORD-2023-029205,CUST-02572,2023-10-11,0.1529,1
ORD-2023-029206,CUST-04104,2023-10-02,0.0571,2
ORD-2023-029207,CUST-01514,2023-10-22,0.1155,1
ORD-2023-029208,CUST-02139,2023-10-13,0.2122,1
ORD-2023-029209,CUST-00143,2023-10-07,0.2505,2
ORD-2023-029210,CUST-02723,2023-10-13,0.0251,1
ORD-2023-029211,CUST-03727,2023-10-23,0.1646,2
ORD-2023-029212,CUST-01170,2023-10-23,0.3531,2
ORD-2023-029213,CUST-00571,2023-10-20,0.0445,1
ORD-2023-029214,CUST-01079,2023-10-17,0.3827,2
ORD-2023-029215,CUST-01846,2023-10-25,0.0565,1
ORD-2023-029216,CUST-02454,2023-10-02,0.0065,1
ORD-2023-029217,CUST-00961,2023-10-07,0.0642,1
ORD-2023-029218,CUST-04607,2023-10-05,0.032,2
ORD-2023-029219,CUST-03520,2023-10-09,0.1414,1
ORD-2023-029220,CUST-00492,2023-10-13,0.1812,1
ORD-2023-029221,CUST-01454,2023-10-19,0.156,3
ORD-2023-029222,CUST-00577,2023-10-29,0.0367,1
ORD-2023-029223,CUST-04170,2023-10-11,0.0834,1
ORD-2023-029224,CUST-04046,2023-10-28,0.148,1
ORD-2023-029225,CUST-00770,2023-10-26,0.0645,3
ORD-2023-029226,CUST-01908,2023-10-24,0.1661,1
ORD-2023-029227,CUST-03829,2023-10-15,0.1613,1
ORD-2023-029228,CUST-01861,2023-10-11,0.1095,2
ORD-2023-029229,CUST-00476,2023-10-16,0.0533,1
ORD-2023-029230,CUST-02417,2023-10-15,0.0695,2
ORD-2023-029231,CUST-00192,2023-10-02,0.0073,1
ORD-2023-029232,CUST-03687,2023-10-29,0.3036,1
ORD-2023-029233,CUST-01577,2023-10-02,0.0639,2
ORD-2023-029234,CUST-03577,2023-10-25,0.2769,3
ORD-2023-029235,CUST-02425,2023-10-09,0.051,2
ORD-2023-029236,CUST-03528,2023-10-18,0.0812,3
ORD-2023-029237,CUST-03321,2023-10-29,0.0225,5
ORD-2023-029238,CUST-02776,2023-10-31,0.088,1
ORD-2023-029239,CUST-03109,2023-10-24,0.115,1
ORD-2023-029240,CUST-03250,2023-10-04,0.049,4
ORD-2023-029241,CUST-03603,2023-10-30,0.0754,1
ORD-2023-029242,CUST-01508,2023-10-04,0.0762,1
ORD-2023-029243,CUST-00976,2023-10-10,0.3232,1
ORD-2023-029244,CUST-01909,2023-10-26,0.0915,3
ORD-2023-029245,CUST-02823,2023-10-04,0.0759,1
ORD-2023-029246,CUST-00753,2023-10-30,0.2229,3
ORD-2023-029247,CUST-04126,2023-10-04,0.3817,1
ORD-2023-029248,CUST-01320,2023-10-16,0.0772,3
ORD-2023-029249,CUST-01765,2023-10-29,0.0396,1
ORD-2023-029250,CUST-00493,2023-10-10,0.1632,1
ORD-2023-029251,CUST-03250,2023-10-23,0.0543,1
ORD-2023-029252,CUST-02261,2023-10-07,0.0382,1
ORD-2023-029253,CUST-03924,2023-10-19,0.0274,3
ORD-2023-029254,CUST-01604,2023-10-01,0.0905,3
ORD-2023-029255,CUST-02153,2023-10-15,0.2065,1
ORD-2023-029256,CUST-04453,2023-10-09,0.0358,3
ORD-2023-029257,CUST-03468,2023-10-01,0.0682,3
ORD-2023-029258,CUST-02007,2023-10-21,0.1569,2
ORD-2023-029259,CUST-00393,2023-10-20,0.0368,2
ORD-2023-029260,CUST-04701,2023-10-24,0.1095,1
ORD-2023-029261,CUST-01303,2023-10-27,0.3486,3
ORD-2023-029262,CUST-01411,2023-10-31,0.2958,3
ORD-2023-029263,CUST-04662,2023-10-30,0.04,1
ORD-2023-029264,CUST-01058,2023-10-30,0.0592,2
ORD-2023-029265,CUST-03656,2023-10-29,0.2014,2
ORD-2023-029266,CUST-03624,2023-10-16,0.2616,2
ORD-2023-029267,CUST-02496,2023-10-27,0.0855,3
ORD-2023-029268,CUST-04151,2023-10-19,0.0969,1
ORD-2023-029269,CUST-00779,2023-10-18,0.0542,2
ORD-2023-029270,CUST-00834,2023-10-29,0.3395,2
ORD-2023-029271,CUST-03832,2023-10-01,0.1079,2
ORD-2023-029272, CUST-00065 ,2023-10-06,0.0114,1
ORD-2023-029273,CUST-04246,2023-10-07,0.1233,1
ORD-2023-029274,CUST-03297,2023-10-23,0.2045,1
ORD-2023-029275,CUST-00033,2023-10-29,0.0773,2
ORD-2023-029276,CUST-01351,2023-10-09,0.1922,1
ORD-2023-029277,CUST-01589,2023-10-27,0.0727,1
ORD-2023-029278,CUST-02035,2023-10-19,0.335,1
ORD-2023-029279,CUST-00983,2023-10-19,0.0674,1
ORD-2023-029280,CUST-00259,2023-10-27,0.1406,1
ORD-2023-029281,CUST-01308,2023-10-20,0.1927,2
ORD-2023-029282,CUST-00950,2023-10-24,0.0228,1
ORD-2023-029283,CUST-02624,2023-10-17,0.1603,1
ORD-2023-029284,CUST-01784,2023-10-13,0.0359,2
ORD-2023-029285,CUST-00005,2023-10-06,0.1104,3
ORD-2023-029286,CUST-03834,2023-10-16,0.1496,1
ORD-2023-029287,CUST-02906,2023-10-15,0.0487,3
ORD-2023-029288,CUST-00462,2023-10-03,0.0129,1
ORD-2023-029289,CUST-00353,2023-10-15,0.0127,1
ORD-2023-029290,CUST-00003,2023-10-18,0.0123,1
ORD-2023-029291,CUST-02164,2023-10-09,0.0375,1
ORD-2023-029292,CUST-00675,2023-10-23,0.1638,2
ORD-2023-029293,CUST-01004,2023-10-01,0.0662,1
ORD-2023-029294,CUST-01696,2023-10-08,0.0386,3
ORD-2023-029295,CUST-02312,2023-10-28,0.1403,1
ORD-2023-029296,CUST-01308,2023-10-25,0.3328,1
ORD-2023-029297,CUST-00571,2023-10-03,0.0464,1
ORD-2023-029298,CUST-02225,2023-10-14,0.4004,3
ORD-2023-029299,CUST-00394,2023-10-08,0.1,4
ORD-2023-029300,CUST-01431,2023-10-15,0.0468,1
ORD-2023-029301,CUST-01108,2023-10-03,0.1911,2
ORD-2023-029302,CUST-02037,2023-10-07,0.0163,1
ORD-2023-029303,CUST-01651,2023-10-21,0.0594,2
ORD-2023-029304,CUST-04727,2023-10-23,0.0053,1
ORD-2023-029305,CUST-02696,2023-10-24,0.4343,3
ORD-2023-029306,CUST-04240,2023-10-11,0.0932,1
ORD-2023-029307,CUST-00387,2023-10-30,0.0373,1
ORD-2023-029308,CUST-03932,2023-10-31,0.2116,2
ORD-2023-029309, CUST-03148 ,2023-10-09,0.1077,2
ORD-2023-029310,CUST-02085,2023-10-15,0.1444,3
ORD-2023-029311,CUST-00456,2023-10-15,0.0439,2
ORD-2023-029312,CUST-02645,2023-10-07,0.1225,1
ORD-2023-029313,CUST-04492,2023-10-12,0.0443,2
ORD-2023-029314,CUST-03607,2023-10-02,0.0374,1
ORD-2023-029315,CUST-02189,2023-10-29,0.3644,1
ORD-2023-029316,CUST-01231,2023-10-19,0.0662,2
ORD-2023-029317,CUST-03250,2023-10-15,0.0449,4
ORD-2023-029318,CUST-02247,2023-10-08,0.1518,1
ORD-2023-029319,CUST-00402,2023-10-01,0.0257,1
ORD-2023-029320,CUST-02838,2023-10-10,0.0656,2
ORD-2023-029321,CUST-01709,2023-10-16,0.2311,2
ORD-2023-029322,CUST-03309,2023-10-10,0.1921,3
ORD-2023-029323,CUST-01758,2023-10-24,0.1716,2
ORD-2023-029324,CUST-01193,2023-10-23,0.2425,1
ORD-2023-029325,CUST-00022,2023-10-07,0.0683,3
ORD-2023-029326,CUST-02212,2023-10-25,0.1302,2
ORD-2023-029327,CUST-00104,2023-10-25,0.1209,3
ORD-2023-029328,CUST-02474,2023-10-30,0.0243,1
ORD-2023-029329,CUST-00785,2023-10-07,0.0405,1
ORD-2023-029330,CUST-01650,2023-10-16,0.0705,3
ORD-2023-029331,CUST-00355,2023-10-10,0.2312,3
ORD-2023-029332,CUST-04231,2023-10-22,0.0215,2
ORD-2023-029333,CUST-01480,2023-10-07,0.0181,1
ORD-2023-029334,CUST-04098,2023-10-27,0.0458,1
ORD-2023-029335,CUST-00498,2023-10-03,0.0272,1
ORD-2023-029336,CUST-02066,2023-10-16,0.3226,3
ORD-2023-029337,CUST-00950,2023-10-06,0.0303,1
ORD-2023-029338,CUST-04266,2023-10-02,0.0426,1
ORD-2023-029339,CUST-02459,2023-10-29,0.1453,2
ORD-2023-029340,CUST-02334,2023-10-26,0.2014,1
ORD-2023-029341,CUST-02721,2023-10-09,0.0679,1
ORD-2023-029342,CUST-00396,2023-10-24,0.0897,2
ORD-2023-029343,CUST-00620,2023-10-22,0.0972,1
ORD-2023-029344,CUST-02576,2023-10-21,0.1041,4
ORD-2023-029345,CUST-00818,2023-10-22,0.073,1
ORD-2023-029346,CUST-00039,2023-10-04,0.0353,1
ORD-2023-029347,CUST-02393,,0.1065,1
ORD-2023-029348,CUST-01450,2023-10-27,0.1033,3
ORD-2023-029349,CUST-00871,2023-10-22,0.0884,3
ORD-2023-029350,CUST-01160,2023-10-29,0.0721,3
ORD-2023-029351,CUST-01826,2023-10-15,0.1132,2
ORD-2023-029352,CUST-04680,2023-10-14,0.0824,1
ORD-2023-029353,CUST-01561,2023-10-01,0.1637,1
ORD-2023-029354,CUST-01713,2023-10-22,0.1603,2
ORD-2023-029355,CUST-01941,2023-10-23,0.4301,1
ORD-2023-029356,CUST-04189,2023-10-03,0.0599,1
ORD-2023-029357,CUST-01488,2023-10-29,0.0387,5
ORD-2023-029358,CUST-02888,2023-10-16,0.1487,3
ORD-2023-029359,CUST-02636,2023-10-16,0.0245,1
ORD-2023-029360,CUST-00983,2023-10-12,0.1366,5
ORD-2023-029361,CUST-02760,2023-10-22,0.1124,1
ORD-2023-029362,CUST-02289,2023-10-09,0.0737,1
ORD-2023-029363,CUST-02336,2023-10-10,0.0742,2
ORD-2023-029364,CUST-00348,2023-10-31,0.2225,2
ORD-2023-029365,CUST-03489,2023-10-30,0.0587,2
ORD-2023-029366,CUST-01835,2023-10-25,0.0737,2
ORD-2023-029367,CUST-01660,2023-10-19,0.0602,2
ORD-2023-029368,CUST-02065,2023-10-13,0.0953,1
ORD-2023-029369,CUST-04079,2023-10-18,0.0161,1
ORD-2023-029370,CUST-01264,2023-10-15,0.1214,1
ORD-2023-029371,CUST-01923,2023-10-31,0.0537,1
ORD-2023-029372,CUST-02328,2023-10-29,0.3454,1
ORD-2023-029373,CUST-00717,2023-10-28,0.0578,2
ORD-2023-029374,CUST-01611,2023-10-13,0.1188,2
ORD-2023-029375,CUST-00770,2023-10-08,0.0897,2
ORD-2023-029376,CUST-00033,2023-10-10,0.2142,1
ORD-2023-029377,CUST-03447,2023-10-10,0.2642,2
ORD-2023-029378,CUST-01164,2023-10-14,0.1089,4
ORD-2023-029379,CUST-02149,2023-10-17,0.0184,2
ORD-2023-029380,CUST-02540,2023-10-25,0.366,2
ORD-2023-029381,CUST-03876,2023-10-27,0.0143,1
ORD-2023-029382,CUST-04128,2023-10-30,0.1094,1
ORD-2023-029383,CUST-03021,2023-10-26,0.0553,3
ORD-2023-029384,CUST-03095,2023-10-16,0.0421,1
ORD-2023-029385,CUST-03218,2023-10-16,0.1853,1
ORD-2023-029386,CUST-00599,2023-10-03,0.4956,2
ORD-2023-029387,CUST-01674,2023-10-26,0.0971,1
ORD-2023-029388,CUST-01684,2023-10-22,0.1537,1
ORD-2023-029389,CUST-01659,2023-10-16,0.0653,2
ORD-2023-029390,CUST-04326,2023-10-26,0.0698,5
ORD-2023-029391,CUST-03246,2023-10-25,0.3529,1
ORD-2023-029392,CUST-01395,2023-10-04,0.0948,2
ORD-2023-029393,CUST-02736,2023-10-14,0.0588,2
ORD-2023-029394,CUST-00074,2023-10-06,0.3736,2
ORD-2023-029395,CUST-02888,2023-10-31,0.1582,1
ORD-2023-029396,CUST-00497,2023-10-03,0.1432,1
ORD-2023-029397,CUST-02487,2023-10-23,0.0394,1
ORD-2023-029398,CUST-02576,2023-10-07,0.0497,2
ORD-2023-029399,CUST-01366,2023-10-09,0.0657,2
ORD-2023-029400,CUST-01778,2023-10-16,0.3588,1
ORD-2023-029401,CUST-00786,2023-10-08,0.0815,1
ORD-2023-029402,CUST-02082,2023-10-09,0.1774,2
ORD-2023-029403,CUST-01630,2023-10-03,0.0767,3
ORD-2023-029404,CUST-03238,2023-10-31,0.0045,1
ORD-2023-029405,CUST-03609,2023-10-26,0.1094,1
ORD-2023-029406,CUST-03006,2023-10-18,0.0509,2
ORD-2023-029407,CUST-02291,2023-10-03,0.1993,1
ORD-2023-029408,CUST-00675,2023-10-02,0.083,3
ORD-2023-029409,CUST-00233,2023-10-04,0.0528,1
ORD-2023-029410,CUST-02988,2023-10-07,0.2536,3
ORD-2023-029411,,2023-10-13,0.0733,3
ORD-2023-029412,CUST-01283,2023-10-08,0.1618,1
ORD-2023-029413,CUST-01658,2023-10-13,0.0455,1
ORD-2023-029414,CUST-03643,2023-10-14,0.034,1
ORD-2023-029415,CUST-02420,2023-10-02,0.169,1
ORD-2023-029416,CUST-01475,2023-10-23,0.024,2
ORD-2023-029417,CUST-01077,2023-10-02,0.1507,1
ORD-2023-029418,CUST-01184,2023-10-06,0.1643,5
ORD-2023-029419,CUST-01085,2023-10-15,0.0981,1
ORD-2023-029420,CUST-00284,2023-10-22,0.0615,1
ORD-2023-029421,CUST-02583,2023-10-20,0.104,2
ORD-2023-029422,CUST-00639,2023-10-10,0.0549,2
ORD-2023-029423,CUST-00372,2023-10-09,0.0247,1
ORD-2023-029424,CUST-03094,2023-10-20,0.0197,1
ORD-2023-029425,CUST-02715,2023-10-01,0.0607,2
ORD-2023-029426,CUST-02424,2023-10-25,0.2538,1
ORD-2023-029427,CUST-00348,2023-10-12,0.1378,2
ORD-2023-029428,CUST-04542,2023-10-08,0.0252,1
ORD-2023-029429,CUST-03141,2023-10-30,0.2793,2
ORD-2023-029430,CUST-00127,2023-10-01,0.0737,2
ORD-2023-029431,CUST-03837,2023-10-30,0.0649,2
ORD-2023-029432,CUST-00876,2023-10-08,0.079,1
ORD-2023-029433,CUST-02709,2023-10-08,0.1485,5
ORD-2023-029434,CUST-01530,2023-10-07,0.1282,3
ORD-2023-029435,CUST-03594,2023-10-31,0.0591,2
ORD-2023-029436,CUST-01985,2023-10-12,0.4836,1
ORD-2023-029437,CUST-03259,2023-10-09,0.4225,1
ORD-2023-029438,CUST-04271,2023-10-16,0.0261,2
ORD-2023-029439,CUST-02936,2023-10-12,0.1051,3
ORD-2023-029440,CUST-00930,2023-10-06,0.0083,1
ORD-2023-029441,CUST-03143,2023-10-30,0.038,2
ORD-2023-029442,CUST-01653,2023-10-10,0.0441,5
ORD-2023-029443,CUST-02044,2023-10-24,0.063,2
ORD-2023-029444,CUST-02924,2023-10-28,0.0281,1
ORD-2023-029445,CUST-00274,2023-10-17,0.1243,1
ORD-2023-029446,CUST-00700,2023-10-26,0.0656,2
ORD-2023-029447,CUST-02543,2023-10-21,0.0507,3
ORD-2023-029448,CUST-03223,2023-10-03,0.0196,1
ORD-2023-029449,CUST-04098,2023-10-29,0.0521,2
ORD-2023-029450,CUST-02044,2023-10-04,0.0725,1
ORD-2023-029451,CUST-03929,2023-10-02,0.0518,2
ORD-2023-029452,CUST-02339,2023-10-15,0.1284,4
ORD-2023-029453,CUST-00397,2023-10-02,0.0572,1
ORD-2023-029454,CUST-03410,2023-10-12,0.0484,2
ORD-2023-029455,CUST-03774,2023-10-26,0.0922,1
ORD-2023-029456,CUST-00436,2023-10-05,0.0212,1
ORD-2023-029457,CUST-00898,2023-10-16,0.1558,1
ORD-2023-029458,CUST-00876,2023-10-01,0.0878,2
ORD-2023-029459,CUST-02536,2023-10-04,0.2893,1
ORD-2023-029460,CUST-04542,2023-10-15,0.041,3
ORD-2023-029461,CUST-04231,2023-10-04,0.023,2
ORD-2023-029462,CUST-03124,2023-10-14,0.0164,2
ORD-2023-029463,CUST-03452,2023-10-17,0.4175,1
ORD-2023-029464,CUST-01165,2023-10-30,0.171,1
ORD-2023-029465,CUST-00670,2023-10-10,0.0566,3
ORD-2023-029466,CUST-01230,2023-10-16,0.0501,3
ORD-2023-029467,CUST-02776,2023-10-24,0.0437,1
ORD-2023-029468,CUST-01975,2023-10-27,0.4159,3
ORD-2023-029469,CUST-01114,2023-10-20,0.0218,3
ORD-2023-029470,CUST-03520,2023-10-03,0.0222,1
ORD-2023-029471,CUST-03628,2023-10-18,0.1481,1
ORD-2023-029472,CUST-04673,2023-10-19,0.0711,1
ORD-2023-029473,CUST-01085,2023-10-18,0.1375,1
ORD-2023-029474,CUST-03998,2023-10-30,0.0525,4
ORD-2023-029475,CUST-03159,2023-10-07,0.0833,1
ORD-2023-029476,CUST-04151,2023-10-29,0.0854,2
ORD-2023-029477,CUST-02931,2023-10-06,0.1158,1
ORD-2023-029478,CUST-02044,2023-10-12,0.0371,1
ORD-2023-029479,CUST-00741,2023-10-28,0.0468,1
ORD-2023-029480,CUST-00639,2023-10-09,0.0932,2
ORD-2023-029481,CUST-04005,2023-10-18,0.1281,2
ORD-2023-029482,CUST-04368,2023-10-27,0.1188,1
ORD-2023-029483,CUST-03610,2023-10-25,0.0843,1
ORD-2023-029484,CUST-02072,2023-10-15,0.2103,1
ORD-2023-029485,CUST-02341,2023-10-20,0.0342,1
ORD-2023-029486,CUST-02408,2023-10-29,0.0558,2
ORD-2023-029487,CUST-02496,2023-10-21,0.2256,1
ORD-2023-029488,CUST-02933,2023-10-15,0.0563,2
ORD-2023-029489,CUST-02022,2023-10-17,0.2514,1
ORD-2023-029490,CUST-00482,2023-10-09,0.1106,1
ORD-2023-029491,CUST-00372,2023-10-09,0.0187,1
ORD-2023-029492,CUST-02838,2023-10-18,0.0765,2
ORD-2023-029493,CUST-00473,2023-10-30,0.0176,1
ORD-2023-029494,CUST-04680,2023-10-01,0.0517,1
ORD-2023-029495,CUST-04171,2023-10-13,0.3102,1
ORD-2023-029496,CUST-01833,2023-10-20,0.1644,2
ORD-2023-029497,CUST-01523,2023-10-25,0.2152,3
ORD-2023-029498,CUST-01433,2023-10-01,0.1354,3
ORD-2023-029499,CUST-00462,2023-10-16,0.0392,3
ORD-2023-029500,CUST-02575,2023-10-16,0.1472,1
ORD-2023-029501,CUST-03091,2023-10-11,0.2763,1
ORD-2023-029502,CUST-00029,2023-10-20,0.0677,1
ORD-2023-029503,CUST-04103,2023-10-28,0.1438,1
ORD-2023-029504,CUST-04143,2023-10-09,0.269,2
ORD-2023-029505,CUST-01613,2023-10-05,0.0499,2
ORD-2023-029506,CUST-01184,2023-10-23,0.2,3
ORD-2023-029507,CUST-00079,2023-10-10,0.1912,4
ORD-2023-029508,CUST-04057,2023-10-22,0.0282,1
ORD-2023-029509,CUST-02278,2023-10-15,0.0615,1
ORD-2023-029510,CUST-02649,2023-10-22,0.1523,2
ORD-2023-029511,CUST-00872,2023-10-14,0.0469,1
ORD-2023-029512,CUST-03216,2023-10-07,0.0539,1
ORD-2023-029513,CUST-00880,2023-10-27,0.179,2
ORD-2023-029514,CUST-00223,2023-10-21,0.0526,1
ORD-2023-029515,CUST-03142,2023-10-13,0.1897,3
ORD-2023-029516,CUST-01169,2023-10-23,0.0469,1
ORD-2023-029517,CUST-04695,2023-10-30,0.1402,1
ORD-2023-029518,CUST-04533,2023-10-21,0.1508,1
ORD-2023-029519,CUST-01004,2023-10-19,0.0167,1
ORD-2023-029520,CUST-01918,2023-10-01,0.1082,1
ORD-2023-029521,CUST-01342,2023-10-10,0.1421,3
ORD-2023-029522,CUST-00751,2023-10-09,0.0379,1
ORD-2023-029523,CUST-04262,2023-10-14,0.2875,1
ORD-2023-029524,CUST-00753,2023-10-25,0.2026,1
ORD-2023-029525,CUST-03516,2023-10-12,0.0902,3
ORD-2023-029526,CUST-03925,2023-10-27,0.2511,3
ORD-2023-029527,CUST-01085,2023-10-25,0.0915,2
ORD-2023-029528,CUST-01695,2023-10-07,0.2213,2
ORD-2023-029529,CUST-00110,2023-10-15,0.2931,1
ORD-2023-029530,CUST-02341,2023-10-24,0.2651,4
ORD-2023-029531,CUST-01521,2023-10-10,0.055,1
ORD-2023-029532,CUST-01629,2023-10-13,0.3341,3
ORD-2023-029533,CUST-04109,2023-10-21,0.0477,1
ORD-2023-029534,CUST-02403,2023-10-11,0.0488,1
ORD-2023-029535,CUST-03204,2023-10-22,0.0366,1
ORD-2023-029536,CUST-00759,2023-10-12,0.0451,1
ORD-2023-029537,CUST-01063,2023-10-01,0.3667,1
ORD-2023-029538,CUST-01360,2023-10-17,0.1526,1
ORD-2023-029539,CUST-01349,2023-10-29,0.0995,3
ORD-2023-029540,CUST-00570,2023-10-04,0.1055,1
ORD-2023-029541,CUST-03143,2023-10-18,0.0153,3
ORD-2023-029542,CUST-00363,2023-10-20,0.174,1
ORD-2023-029543,CUST-02301,2023-10-13,0.042,2
ORD-2023-029544,CUST-04310,2023-10-05,0.051,1
ORD-2023-029545,CUST-02799,2023-10-25,0.1518,2
ORD-2023-029546,CUST-01936,2023-10-09,0.1417,1
ORD-2023-029547,CUST-02816,2023-10-26,0.1787,3
ORD-2023-029548,CUST-01717,2023-10-16,0.4027,3
ORD-2023-029549,CUST-00908,2023-10-11,0.056,2
ORD-2023-029550,CUST-02119,2023-10-14,0.1426,1
ORD-2023-029551,CUST-02251,2023-10-14,0.0557,1
ORD-2023-029552,CUST-04112,2023-10-07,0.1769,3
ORD-2023-029553,CUST-00409,2023-10-03,0.032,1
ORD-2023-029554,CUST-02358,2023-10-18,0.013,1
ORD-2023-029555,CUST-03681,2023-10-25,0.0334,1
ORD-2023-029556,CUST-03851,2023-10-09,0.0097,2
ORD-2023-029557,CUST-02127,2023-10-12,0.4428,1
ORD-2023-029558,CUST-03106,2023-10-19,0.0281,3
ORD-2023-029559,CUST-02736,2023-10-13,0.0269,2
ORD-2023-029560,CUST-04457,2023-10-18,0.0612,1
ORD-2023-029561,CUST-00552,2023-10-27,0.1794,1
ORD-2023-029562,CUST-01863,2023-10-27,0.1278,1
ORD-2023-029563,CUST-00738,2023-10-14,0.2823,1
ORD-2023-029564,CUST-01060,2023-10-01,0.0171,2
ORD-2023-029565,CUST-01866,2023-10-11,0.0483,1
ORD-2023-029566,CUST-03195,2023-10-08,0.1182,1
ORD-2023-029567,CUST-04560,2023-10-07,0.0827,1
ORD-2023-029568,CUST-04534,2023-10-13,0.009,2
ORD-2023-029569,CUST-01477,2023-10-29,0.1477,1
ORD-2023-029570,CUST-01391,2023-10-16,0.3792,1
ORD-2023-029571,CUST-00592,2023-10-29,0.0439,1
ORD-2023-029572,CUST-01202,2023-10-06,0.0801,2
ORD-2023-029573,CUST-03636,2023-10-07,0.4063,1
ORD-2023-029574,CUST-02542,2023-10-02,0.0203,1
ORD-2023-029575,,2023-10-12,0.0274,1
ORD-2023-029576,CUST-01941,2023-10-14,0.1071,3
ORD-2023-029577,CUST-04689,2023-10-31,0.043,2
ORD-2023-029578,CUST-03225,2023-10-27,0.0827,3
ORD-2023-029579,CUST-04014,2023-10-18,0.0799,1
ORD-2023-029580,CUST-04673,2023-10-13,0.3081,1
ORD-2023-029581,CUST-03067,2023-10-17,0.1125,1
ORD-2023-029582,CUST-02288,2023-10-06,0.0727,2
ORD-2023-029583,CUST-00284,2023-10-21,0.0896,1
ORD-2023-029584,CUST-01960,2023-10-20,0.0407,2
ORD-2023-029585,CUST-01595,2023-10-30,0.0514,1
ORD-2023-029586,CUST-00291,2023-10-09,0.1623,3
ORD-2023-029587,CUST-04190,2023-10-10,0.0157,2
ORD-2023-029588,CUST-02920,2023-10-28,0.1037,2
ORD-2023-029589,CUST-00950,2023-10-21,0.0701,1
ORD-2023-029590,CUST-03035,2023-10-26,0.0611,1
ORD-2023-029591,CUST-02906,2023-10-31,0.0405,1
ORD-2023-029592,CUST-04672,2023-10-17,0.0235,1
ORD-2023-029593,CUST-03081,2023-10-30,0.4067,1
ORD-2023-029594,CUST-01853,2023-10-13,0.0452,1
ORD-2023-029595,CUST-00029,2023-10-15,0.247,1
ORD-2023-029596,CUST-02639,2023-10-01,0.0163,1
ORD-2023-029597,CUST-02164,2023-10-03,0.0685,3
ORD-2023-029598,CUST-03006,2023-10-26,0.0425,2
ORD-2023-029599,CUST-00208,2023-10-31,0.0157,1
ORD-2023-029600,CUST-04690,2023-10-13,0.029,1
ORD-2023-029601,CUST-01613,2023-10-08,0.0457,1
ORD-2023-029602,CUST-03954,2023-10-27,0.0977,1
ORD-2023-029603,CUST-00779,2023-10-07,0.0722,2
ORD-2023-029604,CUST-03216,2023-10-13,0.1971,3
ORD-2023-029605,CUST-01042,2023-10-15,0.0669,1
ORD-2023-029606,CUST-01547,2023-10-10,0.0973,3
ORD-2023-029607,CUST-01630,2023-10-24,0.1717,1
ORD-2023-029608,CUST-01066,2023-10-08,0.4572,2
ORD-2023-029609,CUST-02519,2023-10-25,0.1331,3
ORD-2023-029610,CUST-00053,2023-10-05,0.2573,1
ORD-2023-029611,CUST-01482,2023-10-18,0.145,1
ORD-2023-029612,CUST-01571,2023-10-22,0.0257,1
ORD-2023-029613,CUST-00127,2023-10-31,0.0908,1
ORD-2023-029614,CUST-01793,2023-10-02,0.1807,2
ORD-2023-029615,CUST-00699,2023-10-19,0.1097,2
ORD-2023-029616,CUST-03236,2023-10-03,0.117,4
ORD-2023-029617,CUST-02706,2023-10-23,0.0481,1
ORD-2023-029618,CUST-00556,2023-10-18,0.2885,1
ORD-2023-029619,CUST-03353,2023-10-08,0.0264,1
ORD-2023-029620,CUST-02399,2023-10-20,0.0483,1
ORD-2023-029621,CUST-00886,2023-10-04,0.0473,2
ORD-2023-029622,CUST-00066,2023-10-19,0.0202,1
ORD-2023-029623,CUST-00393,2023-10-01,0.0717,1
ORD-2023-029624,CUST-02276,2023-10-10,0.3638,1
ORD-2023-029625,CUST-01465,2023-10-03,0.0353,3
ORD-2023-029626,CUST-00177,2023-10-22,0.0732,3
ORD-2023-029627,CUST-02889,2023-10-25,0.0377,1
ORD-2023-029628,CUST-02844,2023-10-25,0.0173,1
ORD-2023-029629,CUST-01264,2023-10-23,0.3337,1
ORD-2023-029630,CUST-00362,2023-10-23,0.012,1
ORD-2023-029631,CUST-01130,2023-10-30,0.1157,1
ORD-2023-029632,CUST-02537,2023-10-16,0.0301,1
ORD-2023-029633,CUST-00243,2023-10-26,0.0347,1
ORD-2023-029634,CUST-02513,2023-10-07,0.0364,2
ORD-2023-029635,CUST-03392,2023-10-07,0.0546,2
ORD-2023-029636,CUST-02334,2023-10-05,0.2487,1
ORD-2023-029637,CUST-02474,2023-10-28,0.1236,1
ORD-2023-029638,CUST-00721,2023-10-23,0.1598,1
ORD-2023-029639,CUST-01516,2023-10-19,0.0386,1
ORD-2023-029640,CUST-02513,2023-10-07,0.0417,1
ORD-2023-029641,CUST-03470,2023-10-28,0.0718,1
ORD-2023-029642,CUST-03607,2023-10-07,0.1846,1
ORD-2023-029643,CUST-01945,2023-10-24,0.0485,2
ORD-2023-029644,CUST-01177,2023-10-26,0.0218,1
ORD-2023-029645,CUST-01403,2023-10-12,0.0741,3
ORD-2023-029646,CUST-02085,2023-10-06,0.0151,2
ORD-2023-029647,CUST-00483,2023-10-02,0.2634,1
ORD-2023-029648,CUST-02128,2023-10-28,0.0745,1
ORD-2023-029649,CUST-03690,2023-10-29,0.0404,1
ORD-2023-029650,CUST-01677,2023-10-19,0.0152,1
ORD-2023-029651,CUST-01436,2023-10-03,0.1117,1
ORD-2023-029652,CUST-02249,2023-10-22,0.0642,1
ORD-2023-029653,CUST-04701,2023-10-19,0.0701,1
ORD-2023-029654,CUST-00456,2023-10-30,0.0638,4
ORD-2023-029655,CUST-00779,2023-10-10,0.11,2
ORD-2023-029656,CUST-02626,2023-10-14,0.0972,1
ORD-2023-029657,CUST-00039,2023-10-14,0.0649,2
ORD-2023-029658,CUST-01747,2023-10-03,0.153,1
ORD-2023-029659,CUST-01524,2023-10-21,0.004,1
ORD-2023-029660,CUST-01130,2023-10-25,0.0684,1
ORD-2023-029661,CUST-01999,2023-10-26,0.09,2
ORD-2023-029662,CUST-01105,2023-10-12,0.0066,1
ORD-2023-029663,CUST-00647,2023-10-31,0.1815,3
ORD-2023-029664,CUST-00153,2023-10-09,0.0054,1
ORD-2023-029665,CUST-02200,2023-10-14,0.2039,2
ORD-2023-029666,CUST-02839,2023-10-25,0.1928,3
ORD-2023-029667,CUST-01863,2023-10-06,0.223,2
ORD-2023-029668,CUST-03680,2023-10-22,0.1519,1
ORD-2023-029669,CUST-01264,2023-10-17,0.2478,2
ORD-2023-029670,CUST-04368,2023-10-13,0.2523,3
ORD-2023-029671,CUST-00253,2023-10-22,0.1928,1
ORD-2023-029672,CUST-03353,2023-10-17,0.0103,1
ORD-2023-029673,CUST-02299,2023-10-01,0.0336,1
ORD-2023-029674,CUST-02167,2023-10-28,0.0115,1
ORD-2023-029675,CUST-04249,2023-10-18,0.1148,3
ORD-2023-029676,CUST-01510,2023-10-08,0.0237,1
ORD-2023-029677,CUST-00502,2023-10-26,0.0611,3
ORD-2023-029678,CUST-00790,2023-10-29,0.147,1
ORD-2023-029679,CUST-01016,2023-10-31,0.1426,1
ORD-2023-029680,CUST-01367,2023-10-02,0.0749,1
ORD-2023-029681,CUST-03005,2023-10-08,0.0527,1
ORD-2023-029682,CUST-00106,2023-10-19,0.0513,1
ORD-2023-029683,CUST-02165,2023-10-07,0.3282,1
ORD-2023-029684,CUST-02477,2023-10-28,0.0273,3
ORD-2023-029685,CUST-00200,2023-10-27,0.092,2
ORD-2023-029686,CUST-01734,2023-10-23,0.1909,1
ORD-2023-029687,CUST-00606,2023-10-25,0.2165,1
ORD-2023-029688,CUST-02636,2023-10-18,0.0446,2
ORD-2023-029689,CUST-00964,2023-10-16,0.0311,4
ORD-2023-029690,CUST-02029,2023-10-07,0.1751,1
ORD-2023-029691,CUST-00577,2023-10-05,0.1158,1
ORD-2023-029692,CUST-03677,2023-10-31,0.0668,3
ORD-2023-029693,CUST-01746,2023-10-01,0.1682,1
ORD-2023-029694,CUST-01674,2023-10-21,0.0795,2
ORD-2023-029695,CUST-00057,2023-10-23,0.0672,2
ORD-2023-029696,CUST-03429,2023-10-31,0.0926,1
ORD-2023-029697,CUST-02820,2023-10-03,0.0047,1
ORD-2023-029698,CUST-04051,2023-10-22,0.0628,1
ORD-2023-029699,CUST-00480,2023-10-03,0.0144,1
ORD-2023-029700,CUST-00005,2023-10-07,0.0721,1
ORD-2023-029701,CUST-02513,2023-10-09,0.0136,1
ORD-2023-029702,CUST-03984,2023-10-26,0.0565,2
ORD-2023-029703,,2023-10-01,0.0451,2
ORD-2023-029704,CUST-04170,2023-10-29,0.1447,1
ORD-2023-029705,CUST-00972,2023-10-24,0.0687,1
ORD-2023-029706,CUST-03727,2023-10-17,0.1171,1
ORD-2023-029707,CUST-03637,2023-10-07,0.088,3
ORD-2023-029708,CUST-00840,2023-10-04,0.0756,1
ORD-2023-029709,CUST-03499,2023-10-17,0.0371,1
ORD-2023-029710,CUST-03368,2023-10-09,0.0323,2
ORD-2023-029711,CUST-02902,2023-10-12,0.0465,1
ORD-2023-029712,CUST-02724,2023-10-17,0.2745,1
ORD-2023-029713,CUST-01346,2023-10-25,0.0892,1
ORD-2023-029714,CUST-00376,2023-10-25,0.0384,1
ORD-2023-029715,CUST-01374,2023-10-12,0.2697,1
ORD-2023-029716,CUST-03543,2023-10-14,0.233,1
ORD-2023-029717,CUST-00794,2023-10-08,0.1605,2
ORD-2023-029718,CUST-01390,2023-10-28,0.1407,1
ORD-2023-029719,CUST-03041,2023-10-26,0.0715,4
ORD-2023-029720,CUST-00493,2023-10-10,0.1243,3
ORD-2023-029721,CUST-02437,2023-10-07,0.1249,1
ORD-2023-029722,CUST-03595,2023-10-01,0.0607,1
ORD-2023-029723,CUST-01830,2023-10-15,0.0531,3
ORD-2023-029724,CUST-00168,2023-10-28,0.1366,1
ORD-2023-029725,CUST-04639,2023-10-07,0.0429,1
ORD-2023-029726,CUST-01868,2023-10-07,0.1589,1
ORD-2023-029727,CUST-00413,2023-10-14,0.012,1
ORD-2023-029728,CUST-02368,2023-10-05,0.0249,2
ORD-2023-029729,CUST-00801,2023-10-28,0.067,1
ORD-2023-029730,CUST-01660,2023-10-19,0.0964,2
ORD-2023-029731,CUST-03805,2023-10-08,0.144,2
ORD-2023-029732,CUST-01304,2023-10-24,0.018,1
ORD-2023-029733,CUST-01666,2023-10-21,0.1219,2
ORD-2023-029734,CUST-01283,2023-10-21,0.0824,1
ORD-2023-029735,CUST-01549,2023-10-15,0.3429,1
ORD-2023-029736,CUST-02172,2023-10-02,0.0265,1
ORD-2023-029737,CUST-04310,2023-10-18,0.1878,1
ORD-2023-029738,CUST-01649,2023-10-17,0.0325,1
ORD-2023-029739,CUST-00247,2023-10-17,0.159,2
ORD-2023-029740,CUST-03490,2023-10-01,0.0118,1
ORD-2023-029741,CUST-01724,2023-10-16,0.1257,1
ORD-2023-029742,CUST-01456,2023-10-25,0.1399,1
ORD-2023-029743,CUST-03740,2023-10-20,0.0057,1
ORD-2023-029744,CUST-01789,2023-10-07,0.377,1
ORD-2023-029745,CUST-01128,2023-10-29,0.0314,1
ORD-2023-029746,CUST-03881,2023-10-08,0.0263,2
ORD-2023-029747,CUST-03454,2023-10-24,0.0487,3
ORD-2023-029748,CUST-02689,2023-10-22,0.0898,3
ORD-2023-029749,CUST-03236,2023-10-11,0.0796,4
ORD-2023-029750,CUST-01065,2023-10-30,0.0855,1
ORD-2023-029751,CUST-02251,2023-10-08,0.055,1
ORD-2023-029752,CUST-02715,2023-10-15,0.2577,1
ORD-2023-029753,CUST-03671,2023-10-31,0.0325,1
ORD-2023-029754,CUST-02023,2023-10-29,0.2848,2
ORD-2023-029755,CUST-00699,2023-10-08,0.0628,2
ORD-2023-029756,CUST-01541,2023-10-06,0.0592,1
ORD-2023-029757,CUST-01863,2023-10-18,0.1219,1
ORD-2023-029758,CUST-03599,2023-10-06,0.1443,1
ORD-2023-029759,CUST-02765,2023-10-27,0.2236,1
ORD-2023-029760,CUST-03250,2023-10-03,0.1195,1
ORD-2023-029761,CUST-03534,2023-10-01,0.2162,1
ORD-2023-029762,CUST-00082,2023-10-02,0.1542,1
ORD-2023-029763,CUST-01593,2023-10-03,0.013,1
ORD-2023-029764,CUST-00861,2023-10-25,0.4359,1
ORD-2023-029765,CUST-03633,2023-10-01,0.1421,1
ORD-2023-029766,CUST-04710,2023-10-25,0.0597,3
ORD-2023-029767,CUST-00700,2023-10-13,0.1128,2
ORD-2023-029768,CUST-01860,2023-10-08,0.1645,2
ORD-2023-029769,CUST-02499,2023-10-21,0.0802,3
ORD-2023-029770,CUST-02293,2023-10-09,0.5251,1
ORD-2023-029771,CUST-03810,2023-10-19,0.1199,2
ORD-2023-029772,CUST-02970,2023-10-03,0.418,2
ORD-2023-029773,CUST-02749,2023-10-20,0.0354,1
ORD-2023-029774,CUST-03681,2023-10-21,0.092,1
ORD-2023-029775,CUST-04310,2023-10-09,0.0542,2
ORD-2023-029776,CUST-02667,2023-10-17,0.0434,3
ORD-2023-029777,CUST-03395,2023-10-22,0.0616,3
ORD-2023-029778,CUST-00161,2023-10-02,0.0954,2
ORD-2023-029779,CUST-02164,2023-10-21,0.0583,2
ORD-2023-029780,CUST-02965,2023-10-02,0.1365,1
ORD-2023-029781,CUST-00741,2023-10-19,0.0384,1
ORD-2023-029782,CUST-02698,2023-10-12,0.1973,1
ORD-2023-029783,CUST-00250,2023-10-19,0.2223,1
ORD-2023-029784,CUST-01193,2023-10-12,0.0626,2
ORD-2023-029785,CUST-03671,2023-10-11,0.045,2
ORD-2023-029786,CUST-00390,2023-10-23,0.2537,3
ORD-2023-029787,CUST-00700,2023-10-13,0.0094,1
ORD-2023-029788,CUST-00737,2023-10-20,0.2899,1
ORD-2023-029789,CUST-01485,2023-10-08,0.5348,1
ORD-2023-029790,CUST-03057,2023-10-09,0.0215,1
ORD-2023-029791,CUST-01605,2023-10-18,0.0509,3
ORD-2023-029792,CUST-04684,2023-10-21,0.213,1
ORD-2023-029793,CUST-04014,2023-10-19,0.0351,1
ORD-2023-029794,CUST-03670,2023-10-10,0.1501,2
ORD-2023-029795,CUST-02572,2023-10-19,0.1757,1
ORD-2023-029796,CUST-00989,2023-10-03,0.0371,2
ORD-2023-029797,CUST-01186,2023-10-06,0.0569,2
ORD-2023-029798,CUST-02856,2023-10-08,0.1807,3
ORD-2023-029799,CUST-00300,2023-10-23,0.0938,2
ORD-2023-029800,CUST-02501,2023-10-15,0.0667,2
ORD-2023-029801, CUST-01513 ,2023-10-24,0.0998,1
ORD-2023-029802,CUST-02509,2023-10-18,0.0955,2
ORD-2023-029803,CUST-01711,2023-10-20,0.0228,2
ORD-2023-029804,CUST-01798,2023-10-13,0.0293,3
ORD-2023-029805,CUST-00352,2023-10-31,0.2333,2
ORD-2023-029806,CUST-04247,2023-10-03,0.1227,2
ORD-2023-029807,CUST-03327,2023-10-01,0.0068,1
ORD-2023-029808,CUST-04151,2023-10-24,0.0477,2
ORD-2023-029809,CUST-00578,2023-10-19,0.221,1
ORD-2023-029810,CUST-03553,2023-10-29,0.1289,2
ORD-2023-029811,CUST-02215,2023-10-25,0.0959,4
ORD-2023-029812,CUST-03121,2023-10-21,0.0957,1
ORD-2023-029813,CUST-02899,2023-10-10,0.2597,3
ORD-2023-029814,CUST-00772,2023-10-31,0.1638,2
ORD-2023-029815,CUST-00736,2023-10-12,0.2502,1
ORD-2023-029816,CUST-02113,2023-10-18,0.09,3
ORD-2023-029817,CUST-03143,2023-10-11,0.0225,4
ORD-2023-029818,CUST-00679,2023-10-24,0.2387,3
ORD-2023-029819,CUST-01940,2023-10-12,0.1767,1
ORD-2023-029820,CUST-01724,2023-10-31,0.0453,2
ORD-2023-029821,CUST-03372,2023-10-10,0.1137,1
ORD-2023-029822,CUST-03615,2023-10-09,0.3177,1
ORD-2023-029823,CUST-03890,2023-10-04,0.0397,1
ORD-2023-029824,CUST-03838,2023-10-18,0.1296,3
ORD-2023-029825,CUST-01071,2023-10-04,0.1579,5
ORD-2023-029826,CUST-02472,2023-10-29,0.0808,2
ORD-2023-029827,CUST-03035,2023-10-07,0.0715,2
ORD-2023-029828,CUST-02800,2023-10-08,0.1466,1
ORD-2023-029829,CUST-01846,2023-10-20,0.0287,1
ORD-2023-029830,CUST-03071,2023-10-19,0.0202,1
ORD-2023-029831,CUST-01908,2023-10-03,0.1107,1
ORD-2023-029832,CUST-03609,2023-10-08,0.0443,1
ORD-2023-029833,CUST-03711,2023-10-25,0.117,1
ORD-2023-029834,CUST-02732,2023-10-08,0.0481,1
ORD-2023-029835,CUST-01826,2023-10-21,0.0117,1
ORD-2023-029836,CUST-01182,2023-10-23,0.0115,1
ORD-2023-029837,CUST-01536,2023-10-22,0.1516,1
ORD-2023-029838,CUST-03854,2023-10-30,0.0548,1
ORD-2023-029839,CUST-02644,2023-10-14,0.0832,2
ORD-2023-029840,CUST-01670,2023-10-18,0.218,1
ORD-2023-029841,CUST-03925,2023-10-28,0.1251,1
ORD-2023-029842,CUST-02757,2023-10-24,0.0836,1
ORD-2023-029843,CUST-03547,2023-10-29,0.2007,2
ORD-2023-029844,CUST-02501,2023-10-14,0.1578,1
ORD-2023-029845,CUST-00273,2023-10-31,0.0519,1
ORD-2023-029846,CUST-03428,2023-10-01,0.3078,1
ORD-2023-029847,CUST-02212,2023-10-05,0.0999,1
ORD-2023-029848,CUST-02459,2023-10-06,0.1212,1
ORD-2023-029849,CUST-04607,2023-10-27,0.0209,1
ORD-2023-029850,CUST-01301,2023-10-13,0.0267,3
ORD-2023-029851,CUST-03690,2023-10-29,0.0055,3
ORD-2023-029852,CUST-01050,2023-10-27,0.0473,1
ORD-2023-029853,CUST-03185,2023-10-29,0.0964,1
ORD-2023-029854,CUST-02699,2023-10-21,0.1536,3
ORD-2023-029855,CUST-03883,2023-10-16,0.0506,3
ORD-2023-029856,CUST-00983,2023-10-16,0.1521,4
ORD-2023-029857,CUST-04235,2023-10-14,0.4381,2
ORD-2023-029858,CUST-01488,2023-10-31,0.0353,1
ORD-2023-029859,CUST-03774,2023-10-16,0.2259,1
ORD-2023-029860,CUST-00593,2023-10-20,0.0861,1
ORD-2023-029861,CUST-01021,2023-10-03,0.2969,1
ORD-2023-029862,CUST-00759,2023-10-20,0.2448,1
ORD-2023-029863,CUST-04662,2023-10-04,0.026,1
ORD-2023-029864,CUST-00587,2023-10-03,0.2047,1
ORD-2023-029865,CUST-00343,2023-10-06,0.0188,2
ORD-2023-029866,CUST-03849,2023-10-18,0.4823,2
ORD-2023-029867,CUST-00789,2023-10-21,0.4492,1
ORD-2023-029868,CUST-04419,2023-10-15,0.0636,1
ORD-2023-029869,CUST-00458,2023-10-20,0.143,2
ORD-2023-029870,CUST-01390,2023-10-29,0.0493,1
ORD-2023-029871,CUST-00785,2023-10-06,0.0386,1
ORD-2023-029872,CUST-01359,2023-10-02,0.3167,2
ORD-2023-029873,CUST-00375,2023-10-02,0.55,1
ORD-2023-029874,CUST-03603,2023-10-23,0.1511,1
ORD-2023-029875,CUST-03213,2023-10-25,0.0884,1
ORD-2023-029876,CUST-04005,2023-10-29,0.1143,3
ORD-2023-029877,CUST-02626,2023-10-13,0.192,1
ORD-2023-029878,CUST-02292,2023-10-09,0.1116,2
ORD-2023-029879,CUST-02474,2023-10-24,0.1248,2
ORD-2023-029880,CUST-03213,2023-10-28,0.0528,2
ORD-2023-029881,CUST-03822,2023-10-13,0.0532,1
ORD-2023-029882,CUST-01473,2023-10-04,0.106,2
ORD-2023-029883,CUST-04068,2023-10-05,0.1097,1
ORD-2023-029884,CUST-02459,2023-10-29,0.1195,1
ORD-2023-029885,CUST-04077,2023-10-11,0.0652,3
ORD-2023-029886,CUST-03370,2023-10-01,0.0349,2
ORD-2023-029887,CUST-00930,2023-10-21,0.0195,2
ORD-2023-029888,CUST-00964,2023-10-08,0.0628,1
ORD-2023-029889,CUST-02934,2023-10-28,0.288,2
ORD-2023-029890,CUST-03431,2023-10-29,0.0541,3
ORD-2023-029891,CUST-02937,2023-10-19,0.1103,1
ORD-2023-029892,CUST-02203,2023-10-19,0.0188,1
ORD-2023-029893,CUST-03044,2023-10-01,0.2359,1
ORD-2023-029894,CUST-00397,2023-10-31,0.0523,2
ORD-2023-029895,CUST-03718,2023-10-01,0.0109,1
ORD-2023-029896,CUST-02156,2023-10-10,0.0482,1
ORD-2023-029897,CUST-03408,2023-10-11,0.0952,4
ORD-2023-029898,CUST-01850,2023-10-31,0.0908,1
ORD-2023-029899,CUST-03018,2023-10-15,0.0653,1
ORD-2023-029900,CUST-04012,2023-10-19,0.0611,1
ORD-2023-029901,CUST-01934,2023-10-01,0.0299,3
ORD-2023-029902,CUST-03326,2023-10-03,0.0514,3
ORD-2023-029903,CUST-04446,2023-10-03,0.0373,1
ORD-2023-029904,CUST-00332,2023-10-25,0.0461,1
ORD-2023-029905,CUST-03774,2023-10-29,0.083,1
ORD-2023-029906,CUST-03977,2023-10-22,0.2469,3
ORD-2023-029907,CUST-03238,2023-10-11,0.0354,2
ORD-2023-029908,CUST-03449,2023-10-15,0.0906,1
ORD-2023-029909,CUST-03109,2023-10-07,0.1028,1
ORD-2023-029910,CUST-04147,2023-10-22,0.2728,1
ORD-2023-029911,CUST-00460,2023-10-30,0.2131,3
ORD-2023-029912,CUST-00502,2023-10-09,0.101,1
ORD-2023-029913,CUST-01112,2023-10-05,0.0985,2
ORD-2023-029914,CUST-02407,2023-10-01,0.1115,1
ORD-2023-029915,CUST-02216,2023-10-01,0.1081,3
ORD-2023-029916,CUST-03614,2023-10-08,0.1914,1
ORD-2023-029917,CUST-01868,2023-10-22,0.1957,1
ORD-2023-029918,CUST-04025,2023-10-11,0.1642,1
ORD-2023-029919,CUST-03004,2023-10-28,0.0127,1
ORD-2023-029920,CUST-03457,2023-10-21,0.098,3
ORD-2023-029921,CUST-01111,2023-10-31,0.332,3
ORD-2023-029922,CUST-02305,2023-10-08,0.1092,1
ORD-2023-029923,CUST-04332,2023-10-14,0.1977,2
ORD-2023-029924,CUST-00502,2023-10-30,0.0678,3
ORD-2023-029925,CUST-04609,2023-10-16,0.0536,1
ORD-2023-029926,CUST-02631,2023-10-08,0.0847,2
ORD-2023-029927,CUST-00930,2023-10-04,0.0171,2
ORD-2023-029928,CUST-01179,2023-10-13,0.216,1
ORD-2023-029929,CUST-03309,2023-10-21,0.1576,3
ORD-2023-029930,CUST-01958,2023-10-14,0.3189,1
ORD-2023-029931,CUST-01524,2023-10-08,0.028,2
ORD-2023-029932,CUST-01773,2023-10-20,0.1103,3
ORD-2023-029933,CUST-01860,2023-10-21,0.1301,2
ORD-2023-029934,CUST-00517,2023-10-13,0.3561,1
ORD-2023-029935,CUST-02341,2023-10-02,0.1771,2
ORD-2023-029936,CUST-03168,2023-10-14,0.1472,2
ORD-2023-029937,CUST-03325,2023-10-02,0.0424,3
ORD-2023-029938,CUST-02787,2023-10-17,0.0385,2
ORD-2023-029939,CUST-00133,2023-10-31,0.0221,2
ORD-2023-029940,CUST-03711,2023-10-02,0.0741,1
ORD-2023-029941,CUST-00918,2023-10-30,0.1502,1
ORD-2023-029942,CUST-00835,2023-10-19,0.1232,1
ORD-2023-029943,CUST-01396,2023-10-28,0.1722,1
ORD-2023-029944,CUST-01231,2023-10-10,0.0779,3
ORD-2023-029945,CUST-01284,2023-10-23,0.0803,2
ORD-2023-029946,CUST-02533,2023-10-01,0.0598,3
ORD-2023-029947,CUST-02787,2023-10-08,0.0765,2
ORD-2023-029948,CUST-02196,2023-10-07,0.0615,2
ORD-2023-029949,CUST-01004,2023-10-28,0.0206,1
ORD-2023-029950,CUST-00422,2023-10-25,0.0515,2
ORD-2023-029951,CUST-03607,2023-10-05,0.321,1
ORD-2023-029952,CUST-01391,2023-10-21,0.3071,3
ORD-2023-029953,CUST-02950,2023-10-14,0.0683,3
ORD-2023-029954,CUST-00353,2023-10-05,0.0075,1
ORD-2023-029955,CUST-03539,2023-10-24,0.0579,2
ORD-2023-029956,CUST-01009,2023-10-26,0.0711,3
ORD-2023-029957,CUST-04249,2023-10-20,0.1485,1
ORD-2023-029958,CUST-04697,2023-10-15,0.24,1
ORD-2023-029959,CUST-01264,2023-10-24,0.1053,1
ORD-2023-029960,CUST-02978,2023-10-20,0.2836,1
ORD-2023-029961,CUST-00736,2023-10-18,0.3466,3
ORD-2023-029962,CUST-00969,2023-10-15,0.2506,1
ORD-2023-029963,CUST-02471,2023-10-09,0.0212,3
ORD-2023-029964,CUST-03849,2023-10-27,0.4003,2
ORD-2023-029965,CUST-03248,2023-10-05,0.1892,2
ORD-2023-029966,CUST-00930,2023-10-14,0.0108,2
ORD-2023-029967,CUST-03515,2023-10-23,0.0787,1
ORD-2023-029968,CUST-04049,2023-10-21,0.2066,1
ORD-2023-029969,CUST-02406,2023-10-08,0.2163,3
ORD-2023-029970,CUST-01364,2023-10-13,0.0817,1
ORD-2023-029971,CUST-02257,2023-10-21,0.0684,1
ORD-2023-029972,CUST-02928,2023-10-02,0.0742,1
ORD-2023-029973,CUST-01143,2023-10-24,0.2454,1
ORD-2023-029974,CUST-00456,2023-10-03,0.0475,1
ORD-2023-029975,CUST-01252,2023-10-28,0.0699,2
ORD-2023-029976,CUST-02397,2023-10-17,0.3863,2
ORD-2023-029977,CUST-01089,2023-10-22,0.0823,1
ORD-2023-029978,CUST-03282,2023-10-26,0.1256,2
ORD-2023-029979,CUST-00676,2023-10-16,0.3258,1
ORD-2023-029980,CUST-03519,2023-10-23,0.0352,1
ORD-2023-029981,CUST-03249,2023-10-02,0.2511,1
ORD-2023-029982,CUST-03590,2023-10-25,0.2071,2
ORD-2023-029983,CUST-03184,2023-10-28,0.0059,1
ORD-2023-029984,CUST-02368,2023-10-08,0.2075,1
ORD-2023-029985,CUST-00187,2023-10-20,0.0838,1
ORD-2023-029986,CUST-01360,2023-10-24,0.1308,1
ORD-2023-029987,CUST-00285,2023-10-30,0.3066,1
ORD-2023-029988,CUST-03740,2023-10-08,0.0792,3
ORD-2023-029989,CUST-03308,2023-10-15,0.0386,2
ORD-2023-029990,CUST-03672,2023-10-27,0.0271,1
ORD-2023-029991,CUST-02803,2023-10-11,0.0694,1
ORD-2023-029992,CUST-03433,2023-10-29,0.295,1
ORD-2023-029993,CUST-03386,2023-10-24,0.0523,1
ORD-2023-029994,CUST-00932,2023-10-14,0.1249,2
ORD-2023-029995,CUST-00010,2023-10-10,0.0882,3
ORD-2023-029996,CUST-00950,2023-10-05,0.1323,1
ORD-2023-029997,CUST-00301,2023-10-20,0.1832,1
ORD-2023-029998,CUST-01471,2023-10-27,0.0214,2
ORD-2023-029999,CUST-00923,2023-10-03,0.1006,1
ORD-2023-030000,CUST-03548,2023-10-28,0.1639,3
ORD-2023-030001,CUST-02797,2023-10-26,0.0106,4
ORD-2023-030002,CUST-02411,2023-10-04,0.2423,1
ORD-2023-030003,CUST-00252,2023-10-18,0.0761,1
ORD-2023-030004,CUST-02622,2023-10-29,0.0383,1
ORD-2023-030005,CUST-02919,2023-10-07,0.0164,1
ORD-2023-030006,CUST-00301,2023-10-12,0.0847,2
ORD-2023-030007,CUST-01947,2023-10-14,0.0595,5
ORD-2023-030008,CUST-03285,2023-10-06,0.0297,1
ORD-2023-030009,CUST-03736,2023-10-17,0.0946,3
ORD-2023-030010,CUST-02021,2023-10-09,0.2846,1
ORD-2023-030011,CUST-02161,2023-10-05,0.0233,2
ORD-2023-030012,CUST-01803,2023-10-25,0.1295,1
ORD-2023-030013,CUST-02790,2023-10-29,0.0528,1
ORD-2023-030014,CUST-00039,2023-10-27,0.0359,1
ORD-2023-030015,CUST-01837,2023-10-25,0.0498,2
ORD-2023-030016,CUST-03935,2023-10-21,0.2766,3
ORD-2023-030017,CUST-03207,2023-10-12,0.2965,1
ORD-2023-030018,CUST-00049,2023-10-01,0.0601,5
ORD-2023-030019,CUST-02996,2023-10-08,0.0583,3
ORD-2023-030020,CUST-01111,2023-10-03,0.0469,2
ORD-2023-030021,CUST-00017,2023-10-01,0.0888,1
ORD-2023-030022,CUST-02924,2023-10-10,0.0087,2
ORD-2023-030023,CUST-02099,2023-10-20,0.0856,1
ORD-2023-030024,CUST-01202,2023-10-28,0.1182,4
ORD-2023-030025,CUST-00785,2023-10-06,0.0704,1
ORD-2023-030026,CUST-02320,2023-10-12,0.3933,3
ORD-2023-030027,CUST-02619,2023-10-27,0.1584,3
ORD-2023-030028,CUST-00779,2023-10-19,0.0583,1
ORD-2023-030029,CUST-02703,2023-10-07,0.0677,1
ORD-2023-030030,CUST-04680,2023-10-31,0.1329,5
ORD-2023-030031,CUST-01278,2023-10-13,0.0778,2
ORD-2023-030032,CUST-00476,2023-10-04,0.1141,2
ORD-2023-030033,CUST-01071,2023-10-06,0.1323,1
ORD-2023-030034,CUST-00185,2023-10-15,0.0249,1
ORD-2023-030035,CUST-00785,2023-10-07,0.1039,3
ORD-2023-030036,CUST-00505,2023-10-02,0.1668,2
ORD-2023-030037,CUST-03643,2023-10-30,0.1197,2
ORD-2023-030038,CUST-02782,2023-10-21,0.0063,1
ORD-2023-030039,CUST-01384,2023-10-22,0.0642,1
ORD-2023-030040,CUST-02924,2023-10-08,0.0229,1
ORD-2023-030041,CUST-01881,2023-10-18,0.4352,1
ORD-2023-030042,CUST-03094,2023-10-21,0.1222,1
ORD-2023-030043,CUST-02475,2023-10-13,0.0004,1
ORD-2023-030044,CUST-00954,2023-10-27,0.125,1
ORD-2023-030045,CUST-01520,2023-10-06,0.0119,1
ORD-2023-030046,CUST-00088,2023-10-29,0.3441,1
ORD-2023-030047,CUST-01510,2023-10-09,0.0867,3
ORD-2023-030048,CUST-01184,2023-10-26,0.1215,1
ORD-2023-030049,CUST-01275,2023-10-24,0.1972,1
ORD-2023-030050,CUST-04607,2023-10-11,0.0196,2
ORD-2023-030051,CUST-01355,2023-10-31,0.0193,1
ORD-2023-030052,CUST-00238,2023-10-14,0.3298,1
ORD-2023-030053,CUST-02212,2023-10-13,0.1002,2
ORD-2023-030054,CUST-03228,2023-10-15,0.1153,1
ORD-2023-030055,CUST-03413,2023-10-24,0.0238,1
ORD-2023-030056,CUST-02246,2023-10-01,0.091,2
ORD-2023-030057,CUST-03969,2023-10-04,0.2392,3
ORD-2023-030058,CUST-00755,2023-10-07,0.1721,1
ORD-2023-030059,CUST-00601,2023-10-10,0.1383,1
ORD-2023-030060,CUST-00462,2023-10-23,0.1456,1
ORD-2023-030061,CUST-00112,2023-10-24,0.0687,1
ORD-2023-030062,CUST-03326,2023-10-30,0.2309,2
ORD-2023-030063,CUST-02279,2023-10-26,0.0079,1
ORD-2023-030064,CUST-03749,2023-10-21,0.2601,1
ORD-2023-030065,CUST-02437,2023-10-06,0.0509,2
ORD-2023-030066,CUST-00141,2023-10-13,0.1239,1
ORD-2023-030067,CUST-01158,2023-10-14,0.0838,1
ORD-2023-030068,CUST-00238,2023-10-27,0.3731,1
ORD-2023-030069,CUST-03476,2023-10-14,0.1255,1
ORD-2023-030070,CUST-01705,2023-10-07,0.2435,3
ORD-2023-030071,CUST-02830,2023-10-06,0.1188,4
ORD-2023-030072,CUST-00731,2023-10-26,0.1611,1
ORD-2023-030073,CUST-02621,2023-10-01,0.2264,2
ORD-2023-030074,CUST-00595,2023-10-28,0.0745,1
ORD-2023-030075,CUST-01488,2023-10-09,0.022,1
ORD-2023-030076,CUST-03626,2023-10-11,0.1596,1
ORD-2023-030077,CUST-01846,2023-10-22,0.0693,4
ORD-2023-030078,CUST-01562,2023-10-05,0.1252,1
ORD-2023-030079,CUST-01615,2023-10-22,0.2246,1
ORD-2023-030080,CUST-04117,2023-10-08,0.0604,1
ORD-2023-030081,CUST-00393,2023-10-02,0.2152,3
ORD-2023-030082,CUST-01245,2023-10-30,0.037,1
ORD-2023-030083,CUST-02699,2023-10-10,0.0993,3
ORD-2023-030084,CUST-02485,2023-10-01,0.1396,2
ORD-2023-030085,CUST-01784,2023-10-15,0.0352,1
ORD-2023-030086,CUST-02811,2023-10-29,0.0468,1
ORD-2023-030087,CUST-04274,2023-10-30,0.1327,2
ORD-2023-030088,CUST-03738,2023-10-05,0.1888,1
ORD-2023-030089,CUST-01326,2023-10-23,0.1392,1
ORD-2023-030090,CUST-02895,2023-10-15,0.1406,5
ORD-2023-030091,CUST-04159,2023-10-13,0.1284,2
ORD-2023-030092,CUST-01485,2023-10-03,0.3732,2
ORD-2023-030093,CUST-00480,2023-10-20,0.0438,2
ORD-2023-030094,CUST-02286,2023-10-29,0.241,1
ORD-2023-030095,CUST-00961,2023-10-31,0.0153,1
ORD-2023-030096,CUST-01400,2023-10-20,0.1381,1
ORD-2023-030097,CUST-01249,2023-10-03,0.3233,1
ORD-2023-030098,CUST-00798,2023-10-30,0.1642,2
ORD-2023-030099,CUST-03164,2023-10-03,0.1151,3
ORD-2023-030100,CUST-02407,2023-10-08,0.0695,1
ORD-2023-030101,CUST-02866,2023-10-22,0.1218,1
ORD-2023-030102,CUST-00832,2023-10-25,0.1364,4
ORD-2023-030103,CUST-01076,2023-10-07,0.1695,1
ORD-2023-030104,CUST-02894,2023-10-06,0.1272,1
ORD-2023-030105,CUST-00222,2023-10-23,0.134,2
ORD-2023-030106,CUST-03163,2023-10-08,0.0653,1
ORD-2023-030107,CUST-03457,2023-10-30,0.1565,2
ORD-2023-030108,CUST-03292,2023-10-28,0.0892,3
ORD-2023-030109,CUST-00404,2023-10-23,0.1764,2
ORD-2023-030110,CUST-02790,2023-10-09,0.0229,2
ORD-2023-030111,CUST-03067,2023-10-31,0.0721,2
ORD-2023-030112,CUST-01880,2023-10-29,0.1157,1
ORD-2023-030113,CUST-00028,2023-10-01,0.2774,2
ORD-2023-030114,CUST-01496,2023-10-24,0.2262,1
ORD-2023-030115,CUST-00409,2023-10-09,0.0345,1
ORD-2023-030116,CUST-00350,2023-10-31,0.0355,1
ORD-2023-030117,CUST-02609,2023-10-10,0.0974,3
ORD-2023-030118,CUST-01196,2023-10-14,0.4186,3
ORD-2023-030119,CUST-03605,2023-10-16,0.0868,2
ORD-2023-030120,CUST-00104,2023-10-31,0.0889,1
ORD-2023-030121,CUST-00953,2023-10-17,0.2138,2
ORD-2023-030122,CUST-03626,2023-10-28,0.1241,1
ORD-2023-030123,CUST-03260,2023-10-01,0.3118,1
ORD-2023-030124,CUST-03888,2023-10-13,0.072,2
ORD-2023-030125,CUST-00838,2023-10-18,0.0401,3
ORD-2023-030126,CUST-04609,2023-10-19,0.0983,1
ORD-2023-030127,CUST-02054,2023-10-17,0.1898,1
ORD-2023-030128,CUST-01194,2023-10-18,0.0851,1
ORD-2023-030129,CUST-00275,2023-10-10,0.1445,2
ORD-2023-030130,CUST-01003,2023-10-12,0.239,2
ORD-2023-030131,CUST-01064,2023-10-15,0.0159,1
ORD-2023-030132,CUST-02128,2023-10-22,0.0461,1
ORD-2023-030133,CUST-02886,2023-10-18,0.2578,1
ORD-2023-030134,CUST-01743,2023-10-11,0.0784,1
ORD-2023-030135,CUST-02435,2023-10-03,0.0669,3
ORD-2023-030136,CUST-02345,2023-10-18,0.3008,1
ORD-2023-030137,CUST-00408,2023-10-06,0.2808,3
ORD-2023-030138,CUST-01264,2023-10-29,0.1214,4
ORD-2023-030139,CUST-02349,2023-10-06,0.0659,2
ORD-2023-030140,CUST-00979,2023-10-02,0.1502,2
ORD-2023-030141,CUST-01898,2023-10-28,0.0431,1
ORD-2023-030142,CUST-04176,2023-10-13,0.1073,1
ORD-2023-030143,CUST-01156,2023-10-24,0.212,1
ORD-2023-030144,CUST-02154,2023-10-09,0.0437,1
ORD-2023-030145,CUST-02671,2023-10-04,0.0391,1
ORD-2023-030146,CUST-01478,2023-10-04,0.0717,3
ORD-2023-030147,CUST-00233,2023-10-07,0.0011,1
ORD-2023-030148,CUST-03987,2023-10-10,0.2056,1
ORD-2023-030149,CUST-04014,2023-10-22,0.1117,1
ORD-2023-030150,CUST-02060,2023-10-11,0.2281,1
ORD-2023-030151,CUST-01458,2023-10-10,0.4777,3
ORD-2023-030152,CUST-01849,2023-10-12,0.0376,3
ORD-2023-030153,CUST-00272,2023-10-02,0.1547,1
ORD-2023-030154,CUST-03873,2023-10-22,0.1364,3
ORD-2023-030155,CUST-04662,2023-10-20,0.0413,1
ORD-2023-030156,CUST-03192,2023-10-16,0.1056,3
ORD-2023-030157,CUST-00745,2023-10-20,0.0843,3
ORD-2023-030158,CUST-03740,2023-10-19,0.022,1
ORD-2023-030159,CUST-01231,2023-10-03,0.151,2
ORD-2023-030160,CUST-00631,2023-10-31,0.0856,2
ORD-2023-030161,CUST-00936,2023-10-09,0.2763,1
ORD-2023-030162,CUST-00088,2023-10-30,0.025,1
ORD-2023-030163,CUST-03293,2023-10-18,0.1588,1
ORD-2023-030164,CUST-03143,2023-10-22,0.0216,5
ORD-2023-030165,CUST-00758,2023-10-10,0.1247,1
ORD-2023-030166,CUST-03629,2023-10-28,0.0206,1
ORD-2023-030167,CUST-00422,2023-10-22,0.0458,1
ORD-2023-030168,CUST-00178,2023-10-01,0.3222,2
ORD-2023-030169,CUST-01101,2023-10-26,0.1812,2
ORD-2023-030170,CUST-04182,2023-10-31,0.1018,1
ORD-2023-030171,CUST-00908,2023-10-07,0.0306,1
ORD-2023-030172,CUST-02582,2023-10-03,0.0318,2
ORD-2023-030173,CUST-02238,2023-10-20,0.0424,3
ORD-2023-030174,CUST-02600,2023-10-25,0.1232,3
ORD-2023-030175,CUST-00273,2023-10-21,0.0821,2
ORD-2023-030176,CUST-03374,2023-10-18,0.0311,1
ORD-2023-030177,CUST-01464,2023-10-03,0.0751,1
ORD-2023-030178,CUST-02965,2023-10-23,0.2219,2
ORD-2023-030179,CUST-02976,2023-10-03,0.0181,1
ORD-2023-030180,CUST-00766,2023-10-16,0.1904,1
ORD-2023-030181,CUST-03881,2023-10-20,0.0365,1
ORD-2023-030182,CUST-02989,2023-10-20,0.016,1
ORD-2023-030183,CUST-01915,2023-10-08,0.0257,3
ORD-2023-030184,CUST-00818,2023-10-16,0.049,2
ORD-2023-030185,CUST-01296,2023-10-15,0.0231,1
ORD-2023-030186,CUST-00647,2023-10-11,0.1216,2
ORD-2023-030187,CUST-01607,2023-10-26,0.5138,1
ORD-2023-030188,CUST-04257,2023-10-05,0.0707,1
ORD-2023-030189,CUST-03140,2023-10-31,0.0554,2
ORD-2023-030190,CUST-00564,2023-10-28,0.1122,1
ORD-2023-030191,CUST-01296,2023-10-14,0.0252,1
ORD-2023-030192,CUST-04515,2023-10-11,0.2031,1
ORD-2023-030193,CUST-02341,2023-10-05,0.1642,1
ORD-2023-030194,CUST-00672,2023-10-30,0.0453,1
ORD-2023-030195,CUST-02859,2023-10-20,0.4314,1
ORD-2023-030196,CUST-02792,2023-10-26,0.0166,2
ORD-2023-030197,CUST-02898,2023-10-31,0.1653,5
ORD-2023-030198,CUST-01492,2023-10-16,0.0613,1
ORD-2023-030199,CUST-00242,2023-10-11,0.2095,1
ORD-2023-030200,CUST-00057,2023-10-27,0.031,1
ORD-2023-030201,CUST-03585,2023-10-22,0.1807,1
ORD-2023-030202,CUST-03736,2023-10-07,0.0951,1
ORD-2023-030203,CUST-03740,2023-10-22,0.106,2
ORD-2023-030204,CUST-03460,2023-10-18,0.0135,2
ORD-2023-030205,CUST-03267,2023-10-17,0.0741,2
ORD-2023-030206,CUST-01778,2023-10-10,0.2631,1
ORD-2023-030207,CUST-01401,2023-10-29,0.1416,1
ORD-2023-030208,CUST-01394,2023-10-05,0.0993,1
ORD-2023-030209,CUST-03934,2023-10-12,0.0914,1
ORD-2023-030210,CUST-01173,2023-10-06,0.0973,1
ORD-2023-030211,CUST-04183,2023-10-24,0.2035,1
ORD-2023-030212,CUST-01147,2023-10-02,0.1041,1
ORD-2023-030213,CUST-02181,2023-10-21,0.1579,1
ORD-2023-030214,CUST-02478,2023-10-15,0.1454,2
ORD-2023-030215,CUST-03349,2023-10-16,0.2319,1
ORD-2023-030216,CUST-02337,2023-10-04,0.14,2
ORD-2023-030217,CUST-00329,2023-10-26,0.1681,1
ORD-2023-030218,CUST-04508,2023-10-07,0.092,2
ORD-2023-030219,CUST-03098,2023-10-07,0.0304,2
ORD-2023-030220,CUST-01720,2023-10-12,0.1918,1
ORD-2023-030221,CUST-01103,2023-10-06,0.0414,2
ORD-2023-030222,CUST-02872,2023-10-03,0.0232,3
ORD-2023-030223,CUST-01113,2023-10-05,0.0615,3
ORD-2023-030224,CUST-00554,2023-10-18,0.0341,1
ORD-2023-030225,CUST-03718,2023-10-27,0.0137,1
ORD-2023-030226,CUST-01093,2023-10-23,0.0113,3
ORD-2023-030227,CUST-00790,2023-10-07,0.1055,1
ORD-2023-030228,CUST-02358,2023-10-16,0.0486,2
ORD-2023-030229,CUST-04103,2023-10-19,0.1416,1
ORD-2023-030230,CUST-03030,2023-10-18,0.0405,2
ORD-2023-030231,CUST-00187,2023-10-28,0.0898,1
ORD-2023-030232,CUST-04053,2023-10-17,0.0684,1
ORD-2023-030233,CUST-01945,2023-10-10,0.0877,1
ORD-2023-030234,CUST-03032,2023-10-20,0.0616,2
ORD-2023-030235,CUST-01049,2023-10-20,0.0662,3
ORD-2023-030236,CUST-01431,2023-10-19,0.3134,1
ORD-2023-030237,CUST-04349,2023-10-30,0.0429,1
ORD-2023-030238,CUST-01726,2023-10-29,0.0767,2
ORD-2023-030239,CUST-03106,2023-10-02,0.018,1
ORD-2023-030240,CUST-01871,2023-10-21,0.2126,2
ORD-2023-030241,CUST-03683,2023-10-02,0.2744,1
ORD-2023-030242,CUST-03309,2023-10-05,0.1982,3
ORD-2023-030243,CUST-04233,2023-10-10,0.0236,1
ORD-2023-030244,CUST-03765,2023-10-11,0.3543,1
ORD-2023-030245,CUST-04649,2023-10-19,0.0891,1
ORD-2023-030246,CUST-01182,2023-10-18,0.0548,4
ORD-2023-030247,CUST-02493,2023-10-19,0.1606,1
ORD-2023-030248,CUST-03727,2023-10-15,0.0373,3
ORD-2023-030249,CUST-00482,2023-10-31,0.191,4
ORD-2023-030250,CUST-02110,2023-10-05,0.0234,1
ORD-2023-030251,CUST-02433,2023-10-29,0.0292,3
ORD-2023-030252,CUST-04711,2023-10-11,0.1394,1
ORD-2023-030253,CUST-00509,2023-10-09,0.0817,1
ORD-2023-030254,CUST-02816,2023-10-11,0.1328,2
ORD-2023-030255,CUST-01835,2023-10-21,0.0216,2
ORD-2023-030256,CUST-01301,2023-10-28,0.1057,2
ORD-2023-030257,CUST-00846,2023-10-16,0.2167,3
ORD-2023-030258,CUST-03009,2023-10-22,0.2229,1
ORD-2023-030259,CUST-03154,2023-10-05,0.1414,1
ORD-2023-030260,CUST-03211,2023-10-14,0.1146,2
ORD-2023-030261,CUST-01886,2023-10-08,0.2894,2
ORD-2023-030262,CUST-00203,2023-10-18,0.0633,1
ORD-2023-030263,CUST-01860,2023-10-25,0.0813,3
ORD-2023-030264,CUST-02009,2023-10-20,0.4662,1
ORD-2023-030265,CUST-02164,2023-10-11,0.0562,2
ORD-2023-030266,CUST-00743,2023-10-18,0.2557,1
ORD-2023-030267,CUST-03999,2023-10-30,0.1614,2
ORD-2023-030268,CUST-01320,2023-10-18,0.1016,1
ORD-2023-030269,CUST-02752,2023-10-12,0.2654,1
ORD-2023-030270,CUST-02249,2023-10-22,0.0402,1
ORD-2023-030271,CUST-03761,2023-10-09,0.2999,1
ORD-2023-030272,CUST-04118,2023-10-18,0.2192,1
ORD-2023-030273,CUST-00741,2023-10-16,0.0534,4
ORD-2023-030274,CUST-02149,2023-10-31,0.0293,2
ORD-2023-030275,CUST-02881,2023-10-28,0.0636,2
ORD-2023-030276,CUST-03470,2023-10-28,0.1137,2
ORD-2023-030277,CUST-00617,2023-10-03,0.4237,1
ORD-2023-030278,CUST-02062,2023-10-28,0.0196,1
ORD-2023-030279,CUST-01680,2023-10-19,0.0361,1
ORD-2023-030280,CUST-04022,2023-10-07,0.1331,1
ORD-2023-030281,CUST-03790,2023-10-24,0.55,1
ORD-2023-030282,CUST-02700,2023-10-04,0.1562,1
ORD-2023-030283,CUST-03204,2023-10-29,0.0481,2
ORD-2023-030284,CUST-03917,2023-10-12,0.0363,1
ORD-2023-030285,CUST-03494,2023-10-20,0.0401,3
ORD-2023-030286,CUST-00106,2023-10-13,0.1244,1
ORD-2023-030287,CUST-02886,2023-10-23,0.2284,1
ORD-2023-030288,CUST-03030,2023-10-11,0.109,3
ORD-2023-030289,CUST-00129,2023-10-13,0.0676,1
ORD-2023-030290,CUST-02156,2023-10-06,0.0569,2
ORD-2023-030291,CUST-00250,2023-10-23,0.2389,3
ORD-2023-030292,CUST-02978,2023-10-02,0.3061,1
ORD-2023-030293,CUST-03029,2023-10-22,0.0431,3
ORD-2023-030294,CUST-01555,2023-10-28,0.2185,1
ORD-2023-030295,CUST-00482,2023-10-29,0.0957,2
ORD-2023-030296,CUST-03508,2023-10-22,0.0214,1
ORD-2023-030297,CUST-02381,2023-10-26,0.0367,3
ORD-2023-030298,CUST-02073,2023-10-09,0.0755,2
ORD-2023-030299,CUST-00420,2023-10-05,0.105,1
ORD-2023-030300,CUST-04525,2023-10-11,0.0774,2
ORD-2023-030301,CUST-04534,2023-10-05,0.0382,3
ORD-2023-030302,CUST-04435,2023-10-09,0.4765,1
ORD-2023-030303,CUST-00037,2023-10-22,0.0211,1
ORD-2023-030304,CUST-01374,2023-10-12,0.0962,2
ORD-2023-030305,CUST-04035,2023-10-23,0.062,5
ORD-2023-030306,CUST-00538,2023-10-11,0.2679,3
ORD-2023-030307,CUST-02820,2023-10-05,0.0535,2
ORD-2023-030308,CUST-01773,2023-10-12,0.1346,3
ORD-2023-030309,CUST-02347,2023-10-06,0.1955,2
ORD-2023-030310,CUST-03224,2023-10-10,0.1127,2
ORD-2023-030311,CUST-03539,2023-10-30,0.0064,1
ORD-2023-030312,CUST-04159,2023-10-06,0.1857,1
ORD-2023-030313,CUST-02128,2023-10-20,0.132,3
ORD-2023-030314,CUST-01501,2023-10-26,0.0046,1
ORD-2023-030315,CUST-01683,2023-10-02,0.0383,3
ORD-2023-030316,CUST-02412,2023-10-16,0.0174,1
ORD-2023-030317,CUST-01619,2023-10-29,0.0365,3
ORD-2023-030318,CUST-02639,2023-10-09,0.0279,2
ORD-2023-030319,CUST-03525,2023-10-22,0.1876,1
ORD-2023-030320,CUST-02121,2023-10-25,0.0172,1
ORD-2023-030321,CUST-00760,2023-10-27,0.0978,2
ORD-2023-030322,CUST-02122,2023-10-22,0.0015,1
ORD-2023-030323,CUST-01721,2023-10-25,0.1469,1
ORD-2023-030324,CUST-00096,2023-10-16,0.0362,1
ORD-2023-030325,CUST-02292,2023-10-26,0.3012,1
ORD-2023-030326,CUST-03172,2023-10-14,0.0459,1
ORD-2023-030327,CUST-00436,2023-10-15,0.032,1
ORD-2023-030328,CUST-02292,2023-10-04,0.1287,1
ORD-2023-030329,CUST-03960,2023-10-12,0.0366,1
ORD-2023-030330,CUST-03618,2023-10-18,0.1949,3
ORD-2023-030331,CUST-03629,2023-10-18,0.321,1
ORD-2023-030332,CUST-01107,2023-10-24,0.2018,2
ORD-2023-030333,CUST-03057,2023-10-14,0.1818,1
ORD-2023-030334,CUST-00482,2023-10-12,0.1414,3
ORD-2023-030335,CUST-00538,2023-10-24,0.4239,3
ORD-2023-030336,CUST-02143,2023-10-09,0.0251,1
ORD-2023-030337,CUST-00903,2023-10-23,0.0983,1
ORD-2023-030338,CUST-02020,2023-10-22,0.018,2
ORD-2023-030339,CUST-02965,2023-10-08,0.0961,3
ORD-2023-030340,CUST-03854,2023-10-24,0.0326,1
ORD-2023-030341,CUST-01598,2023-10-03,0.1366,1
ORD-2023-030342,CUST-04005,2023-10-22,0.1182,1
ORD-2023-030343,CUST-03629,2023-10-22,0.1679,4
ORD-2023-030344,CUST-03306,2023-10-25,0.0957,1
ORD-2023-030345,CUST-00033,2023-10-02,0.0704,3
ORD-2023-030346,CUST-00388,2023-10-28,0.3732,2
ORD-2023-030347,CUST-00886,2023-10-30,0.1778,2
ORD-2023-030348,CUST-03965,2023-10-16,0.0557,3
ORD-2023-030349,CUST-01630,2023-10-29,0.2325,1
ORD-2023-030350,CUST-00185,2023-10-03,0.0223,2
ORD-2023-030351,CUST-03489,2023-10-03,0.1454,2
ORD-2023-030352,CUST-00969,2023-10-31,0.0968,4
ORD-2023-030353,CUST-03650,2023-10-02,0.2774,3
ORD-2023-030354,CUST-03618,2023-10-29,0.55,1
ORD-2023-030355,CUST-00291,2023-10-04,0.0775,3
ORD-2023-030356,CUST-02501,2023-10-28,0.0372,1
ORD-2023-030357,CUST-00104,2023-10-15,0.1548,2
ORD-2023-030358,CUST-02011,2023-10-25,0.1145,3
ORD-2023-030359,CUST-01554,2023-10-26,0.0554,1
ORD-2023-030360,CUST-01452,2023-10-07,0.1027,2
ORD-2023-030361,CUST-01923,2023-10-16,0.0183,1
ORD-2023-030362,CUST-02192,2023-10-08,0.0982,2
ORD-2023-030363,CUST-02423,2023-10-29,0.0282,2
ORD-2023-030364,CUST-02731,2023-10-11,0.2871,2
ORD-2023-030365,CUST-02169,2023-10-12,0.3324,2
ORD-2023-030366,CUST-00020,2023-10-25,0.0279,5
ORD-2023-030367,CUST-04167,2023-10-06,0.1092,2
ORD-2023-030368,CUST-00210,2023-10-20,0.2741,1
ORD-2023-030369,CUST-02412,2023-10-05,0.02,2
ORD-2023-030370,CUST-03366,2023-10-19,0.1405,1
ORD-2023-030371,CUST-00751,2023-10-13,0.029,1
ORD-2023-030372,CUST-01613,2023-10-02,0.0431,1
ORD-2023-030373,CUST-00529,2023-10-02,0.0993,1
ORD-2023-030374,CUST-03398,2023-10-04,0.0567,3
ORD-2023-030375,CUST-00039,2023-10-18,0.1746,1
ORD-2023-030376,CUST-03100,2023-10-09,0.3159,1
ORD-2023-030377,CUST-00362,2023-10-10,0.04,5
ORD-2023-030378,CUST-03473,2023-10-24,0.1456,1
ORD-2023-030379,CUST-00987,2023-10-18,0.0384,1
ORD-2023-030380,CUST-02083,2023-10-05,0.3461,3
ORD-2023-030381,CUST-01571,2023-10-15,0.0655,1
ORD-2023-030382,CUST-01752,2023-10-22,0.144,1
ORD-2023-030383,CUST-03132,2023-10-01,0.1179,1
ORD-2023-030384,CUST-01663,2023-10-29,0.2029,1
ORD-2023-030385,CUST-02451,2023-10-10,0.0549,1
ORD-2023-030386,CUST-02105,2023-10-22,0.0548,2
ORD-2023-030387,CUST-00794,2023-10-01,0.0724,1
ORD-2023-030388,CUST-04129,2023-10-07,0.0454,1
ORD-2023-030389,CUST-02068,2023-10-27,0.0156,2
ORD-2023-030390,CUST-00398,2023-10-20,0.4215,2
ORD-2023-030391,CUST-01411,2023-10-04,0.2058,2
ORD-2023-030392,CUST-01049,2023-10-05,0.0124,2
ORD-2023-030393,CUST-00282,2023-10-03,0.1646,1
ORD-2023-030394,CUST-00661,2023-10-29,0.0068,2
ORD-2023-030395,CUST-00600,2023-10-10,0.1069,1
ORD-2023-030396,CUST-00642,2023-10-01,0.4125,1
ORD-2023-030397,CUST-01435,2023-10-21,0.1192,3
ORD-2023-030398,CUST-00625,2023-10-20,0.4449,1
ORD-2023-030399,CUST-00253,2023-10-02,0.2392,2
ORD-2023-030400,CUST-03372,2023-10-21,0.1836,2
ORD-2023-030401,CUST-00980,2023-10-22,0.3368,1
ORD-2023-030402,CUST-03738,2023-10-17,0.0771,1
ORD-2023-030403,CUST-02300,2023-10-01,0.1564,3
ORD-2023-030404,CUST-02167,2023-10-04,0.0667,4
ORD-2023-030405,CUST-00907,2023-10-10,0.0712,1
ORD-2023-030406,CUST-00026,2023-10-07,0.2193,1
ORD-2023-030407,CUST-04097,2023-10-24,0.0886,1
ORD-2023-030408,CUST-03848,2023-10-25,0.0728,1
ORD-2023-030409,CUST-03837,2023-10-21,0.1225,1
ORD-2023-030410,CUST-00863,2023-10-26,0.0503,1
ORD-2023-030411,CUST-01497,2023-10-05,0.0447,1
ORD-2023-030412,CUST-02351,2023-10-31,0.0989,3
ORD-2023-030413,CUST-02255,2023-10-27,0.0851,2
ORD-2023-030414,CUST-02585,2023-10-14,0.0999,1
ORD-2023-030415,CUST-02791,2023-10-16,0.2853,1
ORD-2023-030416,CUST-02223,2023-10-24,0.0688,1
ORD-2023-030417,CUST-03378,2023-10-07,0.0278,2
ORD-2023-030418,CUST-04159,2023-10-19,0.143,2
ORD-2023-030419,CUST-02754,2023-10-23,0.0121,1
ORD-2023-030420,CUST-01177,2023-10-21,0.042,3
ORD-2023-030421,CUST-03881,2023-10-07,0.0414,3
ORD-2023-030422,CUST-01158,2023-10-28,0.0497,3
ORD-2023-030423,CUST-01103,2023-10-02,0.0148,1
ORD-2023-030424,CUST-00103,2023-10-30,0.1432,2
ORD-2023-030425,CUST-02403,2023-10-17,0.0668,3
ORD-2023-030426,CUST-02833,2023-10-10,0.1884,3
ORD-2023-030427,CUST-03455,2023-10-05,0.0594,1
ORD-2023-030428,CUST-02947,2023-10-14,0.1382,2
ORD-2023-030429,CUST-00630,2023-10-28,0.1379,2
ORD-2023-030430,CUST-00190,2023-10-09,0.0705,1
ORD-2023-030431,CUST-04521,2023-10-03,0.0504,1
ORD-2023-030432,CUST-01603,2023-10-06,0.0125,2
ORD-2023-030433,CUST-00392,2023-10-20,0.0506,1
ORD-2023-030434,CUST-00792,2023-10-09,0.1558,1
ORD-2023-030435,CUST-04656,2023-10-04,0.2002,3
ORD-2023-030436,CUST-01711,2023-10-05,0.0067,1
ORD-2023-030437,CUST-02493,2023-10-05,0.2662,1
ORD-2023-030438,CUST-00079,2023-10-30,0.2351,1
ORD-2023-030439,CUST-03714,2023-10-27,0.082,1
ORD-2023-030440,CUST-01799,2023-10-23,0.3913,3
ORD-2023-030441,CUST-03216,2023-10-30,0.1455,2
ORD-2023-030442,CUST-01999,2023-10-07,0.1374,2
ORD-2023-030443,CUST-03297,2023-10-17,0.0605,2
ORD-2023-030444,CUST-00467,2023-10-02,0.0509,3
ORD-2023-030445,CUST-04128,2023-10-06,0.1335,2
ORD-2023-030446,CUST-02010,2023-10-01,0.0088,3
ORD-2023-030447,CUST-02656,2023-10-05,0.1949,1
ORD-2023-030448,CUST-00003,2023-10-29,0.1766,1
ORD-2023-030449,CUST-03170,2023-10-24,0.0049,1
ORD-2023-030450,CUST-02915,2023-10-21,0.0391,3
ORD-2023-030451,CUST-01061,2023-10-11,0.0506,2
ORD-2023-030452,CUST-02358,2023-10-16,0.0886,3
ORD-2023-030453,CUST-02404,2023-10-31,0.0151,1
ORD-2023-030454,CUST-02513,2023-10-31,0.0294,3
ORD-2023-030455,CUST-00203,2023-10-06,0.3485,2
ORD-2023-030456,CUST-04269,2023-10-30,0.2163,1
ORD-2023-030457,CUST-00595,2023-10-08,0.1758,1
ORD-2023-030458,CUST-02876,2023-10-09,0.0813,2
ORD-2023-030459,CUST-03735,2023-10-20,0.3197,1
ORD-2023-030460,CUST-01025,2023-10-22,0.0524,3
ORD-2023-030461,CUST-01126,2023-10-28,0.1217,1
ORD-2023-030462,CUST-01921,2023-10-04,0.0703,3
ORD-2023-030463,CUST-01007,2023-10-09,0.0763,2
ORD-2023-030464,CUST-04492,2023-10-30,0.0138,1
ORD-2023-030465,CUST-00269,2023-10-30,0.1569,4
ORD-2023-030466,CUST-02365,2023-10-12,0.0161,1
ORD-2023-030467,CUST-02067,2023-10-27,0.1442,1
ORD-2023-030468,CUST-03998,2023-10-17,0.101,1
ORD-2023-030469,CUST-01132,2023-10-12,0.2078,2
ORD-2023-030470,CUST-02037,2023-10-12,0.0222,2
ORD-2023-030471,CUST-02622,2023-10-13,0.0972,1
ORD-2023-030472,CUST-02146,2023-10-16,0.0762,1
ORD-2023-030473,CUST-04726,2023-10-28,0.1068,1
ORD-2023-030474,CUST-04005,2023-10-24,0.1405,3
ORD-2023-030475,CUST-00764,2023-10-31,0.0314,1
ORD-2023-030476,CUST-02842,2023-10-16,0.0321,1
ORD-2023-030477,CUST-04644,2023-10-18,0.0404,2
ORD-2023-030478,CUST-01034,2023-10-16,0.3353,1
ORD-2023-030479,CUST-03822,2023-10-01,0.0315,1
ORD-2023-030480,CUST-02551,2023-10-05,0.0318,2
ORD-2023-030481,CUST-01545,2023-10-07,0.0686,1
ORD-2023-030482,CUST-04012,2023-10-13,0.0647,2
ORD-2023-030483,CUST-01086,2023-10-28,0.0143,1
ORD-2023-030484,CUST-02820,2023-10-14,0.0757,2
ORD-2023-030485,CUST-01103,2023-10-27,0.0069,4
ORD-2023-030486,CUST-02280,2023-10-06,0.2584,1
ORD-2023-030487,CUST-02449,2023-10-14,0.0968,2
ORD-2023-030488,CUST-03379,2023-10-29,0.5304,1
ORD-2023-030489,CUST-00104,2023-10-29,0.146,1
ORD-2023-030490,CUST-03047,2023-10-16,0.0704,1
ORD-2023-030491,CUST-00692,2023-10-01,0.2177,1
ORD-2023-030492,CUST-03475,2023-10-18,0.248,1
ORD-2023-030493,CUST-02666,2023-10-03,0.3158,2
ORD-2023-030494,CUST-01400,2023-10-11,0.1228,1
ORD-2023-030495,CUST-04036,2023-10-18,0.0775,2
ORD-2023-030496,CUST-00218,2023-10-22,0.1213,1
ORD-2023-030497,CUST-03098,2023-10-27,0.1281,1
ORD-2023-030498,CUST-00872,2023-10-05,0.0617,3
ORD-2023-030499,CUST-02534,2023-10-05,0.2529,3
ORD-2023-030500,CUST-03917,2023-10-13,0.0173,1
ORD-2023-030501,CUST-02150,2023-10-16,0.0644,1
ORD-2023-030502,CUST-01865,2023-10-04,0.244,1
ORD-2023-030503,CUST-03559,2023-10-26,0.1858,2
ORD-2023-030504,CUST-00597,2023-10-25,0.5041,1
ORD-2023-030505,CUST-04266,2023-10-06,0.1195,3
ORD-2023-030506,CUST-00375,2023-10-27,0.156,1
ORD-2023-030507,CUST-03516,2023-10-13,0.0176,1
ORD-2023-030508,CUST-02110,2023-10-27,0.023,1
ORD-2023-030509,CUST-02920,2023-10-08,0.1324,1
ORD-2023-030510,CUST-04179,2023-10-31,0.1744,1
ORD-2023-030511,CUST-03719,2023-10-26,0.111,1
ORD-2023-030512,CUST-02327,2023-10-25,0.0518,1
ORD-2023-030513,CUST-03395,2023-10-29,0.14,1
ORD-2023-030514,CUST-04267,2023-10-03,0.3611,1
ORD-2023-030515,CUST-01872,2023-10-25,0.336,1
ORD-2023-030516,CUST-01669,2023-10-02,0.1825,3
ORD-2023-030517,CUST-02527,2023-10-31,0.0873,1
ORD-2023-030518,CUST-04268,2023-10-14,0.1604,1
ORD-2023-030519,CUST-00624,2023-10-13,0.1512,2
ORD-2023-030520,CUST-02078,2023-10-01,0.0474,3
ORD-2023-030521,CUST-00279,2023-10-25,0.226,2
ORD-2023-030522,CUST-03476,2023-10-22,0.1021,1
ORD-2023-030523,CUST-03708,2023-10-04,0.2452,2
ORD-2023-030524,CUST-01456,2023-10-20,0.0295,1
ORD-2023-030525,CUST-02892,2023-10-04,0.0641,1
ORD-2023-030526,CUST-03643,2023-10-05,0.0641,1
ORD-2023-030527,CUST-02652,2023-10-15,0.0533,1
ORD-2023-030528,CUST-03386,2023-10-10,0.0174,1
ORD-2023-030529,CUST-01112,2023-10-24,0.2544,1
ORD-2023-030530,CUST-00842,2023-10-03,0.1147,2
ORD-2023-030531,CUST-03018,2023-10-29,0.1231,2
ORD-2023-030532,CUST-00259,2023-10-02,0.2838,1
ORD-2023-030533,CUST-01958,2023-10-23,0.1112,1
ORD-2023-030534,CUST-04262,2023-10-29,0.1302,2
ORD-2023-030535,CUST-00781,2023-10-26,0.0727,2
ORD-2023-030536,CUST-01290,2023-10-26,0.0422,3
ORD-2023-030537,CUST-01089,2023-10-07,0.0902,3
ORD-2023-030538,CUST-02575,2023-10-12,0.0448,1
ORD-2023-030539,CUST-01853,2023-10-26,0.1048,1
ORD-2023-030540,CUST-03468,2023-10-04,0.1594,1
ORD-2023-030541,CUST-03402,2023-10-15,0.0961,1
ORD-2023-030542,CUST-01257,2023-10-05,0.0154,1
ORD-2023-030543,CUST-03056,2023-10-18,0.0269,2
ORD-2023-030544,CUST-04270,2023-10-04,0.0743,2
ORD-2023-030545,CUST-00564,2023-10-01,0.0476,1
ORD-2023-030546,CUST-01487,2023-10-14,0.0233,1
ORD-2023-030547,CUST-03617,2023-10-31,0.159,1
ORD-2023-030548,CUST-02061,2023-10-21,0.0371,1
ORD-2023-030549,CUST-01571,2023-10-18,0.0337,2
ORD-2023-030550,CUST-00608,2023-10-03,0.0261,1
ORD-2023-030551,CUST-00249,2023-10-19,0.55,1
ORD-2023-030552,CUST-02551,2023-10-18,0.0154,1
ORD-2023-030553,CUST-04116,2023-10-26,0.1319,1
ORD-2023-030554,CUST-02104,2023-10-26,0.0929,1
ORD-2023-030555,CUST-03229,2023-10-13,0.1226,1
ORD-2023-030556,CUST-00314,2023-10-20,0.0137,2
ORD-2023-030557,CUST-03450,2023-10-11,0.0315,1
ORD-2023-030558,CUST-03460,2023-10-31,0.014,2
ORD-2023-030559,CUST-02901,2023-10-28,0.0216,3
ORD-2023-030560,CUST-01765,2023-10-04,0.0903,1
ORD-2023-030561,CUST-03131,2023-10-24,0.2007,2
ORD-2023-030562,CUST-03244,2023-10-30,0.0506,3
ORD-2023-030563,CUST-00630,2023-10-18,0.1325,4
ORD-2023-030564,CUST-00101,2023-10-15,0.1102,1
ORD-2023-030565,CUST-02640,2023-10-10,0.0787,1
ORD-2023-030566,CUST-00749,2023-10-21,0.3688,2
ORD-2023-030567,CUST-02791,2023-10-22,0.3337,1
ORD-2023-030568,CUST-01960,2023-10-30,0.0902,1
ORD-2023-030569,CUST-03450,2023-10-21,0.1522,2
ORD-2023-030570,CUST-00060,2023-10-09,0.0684,1
ORD-2023-030571,CUST-04386,2023-10-26,0.2649,3
ORD-2023-030572,CUST-03383,2023-10-15,0.084,1
ORD-2023-030573,CUST-04103,2023-10-10,0.1558,1
ORD-2023-030574,CUST-02880,2023-10-08,0.1176,2
ORD-2023-030575,CUST-02557,2023-10-18,0.1357,2
ORD-2023-030576,CUST-03968,2023-10-22,0.0172,1
ORD-2023-030577,CUST-02352,2023-10-03,0.118,3
ORD-2023-030578,CUST-00880,2023-10-31,0.06,1
ORD-2023-030579,CUST-03750,2023-10-15,0.3032,2
ORD-2023-030580,CUST-03114,2023-10-05,0.0868,1
ORD-2023-030581,CUST-02196,2023-10-16,0.068,1
ORD-2023-030582,CUST-04022,2023-10-27,0.1107,5
ORD-2023-030583,CUST-01866,2023-10-18,0.0269,2
ORD-2023-030584,CUST-01593,2023-10-04,0.0471,3
ORD-2023-030585,CUST-02443,2023-10-20,0.1134,3
ORD-2023-030586,CUST-02682,2023-10-06,0.0929,2
ORD-2023-030587,CUST-00661,2023-10-03,0.0281,1
ORD-2023-030588,CUST-04175,2023-10-07,0.327,1
ORD-2023-030589,CUST-01349,2023-10-18,0.0714,2
ORD-2023-030590,CUST-03775,2023-10-25,0.0775,1
ORD-2023-030591,CUST-00529,2023-10-07,0.0103,1
ORD-2023-030592,CUST-00813,2023-10-10,0.0977,1
ORD-2023-030593,CUST-03167,2023-10-28,0.0614,4
ORD-2023-030594,CUST-03971,2023-10-18,0.233,2
ORD-2023-030595,CUST-02939,2023-10-09,0.0052,1
ORD-2023-030596,CUST-02901,2023-10-20,0.0293,4
ORD-2023-030597,CUST-01475,2023-10-24,0.233,1
ORD-2023-030598,CUST-00579,2023-10-20,0.1499,2
ORD-2023-030599,CUST-01680,2023-10-26,0.0459,1
ORD-2023-030600,CUST-01050,2023-10-03,0.0418,3
ORD-2023-030601,CUST-01451,2023-10-31,0.155,2
ORD-2023-030602,CUST-01354,2023-10-03,0.231,3
ORD-2023-030603,CUST-02406,2023-10-18,0.249,2
ORD-2023-030604,CUST-02746,2023-10-09,0.1265,1
ORD-2023-030605,CUST-02649,2023-10-01,0.117,2
ORD-2023-030606,CUST-02613,2023-10-19,0.1753,1
ORD-2023-030607,CUST-00908,2023-10-12,0.0389,1
ORD-2023-030608,CUST-00476,2023-10-21,0.1459,1
ORD-2023-030609,CUST-00438,2023-10-31,0.1055,4
ORD-2023-030610,CUST-02398,2023-10-12,0.2531,3
ORD-2023-030611,CUST-01261,2023-10-11,0.0493,1
ORD-2023-030612,CUST-03519,2023-10-25,0.0315,1
ORD-2023-030613,CUST-03267,2023-10-14,0.0642,1
ORD-2023-030614,CUST-02986,2023-10-05,0.0773,1
ORD-2023-030615,CUST-04251,2023-10-07,0.0184,2
ORD-2023-030616,CUST-03710,2023-10-25,0.2284,1
ORD-2023-030617,CUST-04277,2023-10-21,0.0734,1
ORD-2023-030618,CUST-02976,2023-10-25,0.0255,1
ORD-2023-030619,CUST-01584,2023-10-05,0.0696,1
ORD-2023-030620,CUST-00291,2023-10-01,0.0262,1
ORD-2023-030621,CUST-01570,2023-10-31,0.0282,1
ORD-2023-030622,CUST-02727,2023-10-22,0.0385,1
ORD-2023-030623,CUST-01605,2023-10-06,0.0419,1
ORD-2023-030624, CUST-02834 ,2023-10-04,0.1093,5
ORD-2023-030625,CUST-02327,2023-10-17,0.0403,1
ORD-2023-030626,CUST-00611,2023-10-09,0.0714,3
ORD-2023-030627,CUST-01308,2023-10-15,0.1442,2
ORD-2023-030628,CUST-03177,2023-10-25,0.2658,2
ORD-2023-030629,CUST-03292,2023-10-20,0.0741,2
ORD-2023-030630,CUST-01714,2023-10-03,0.0352,1
ORD-2023-030631,CUST-02429,2023-10-02,0.103,1
ORD-2023-030632,CUST-03757,2023-10-02,0.1204,1
ORD-2023-030633,CUST-03485,2023-10-11,0.042,4
ORD-2023-030634,CUST-04521,2023-10-04,0.04,1
ORD-2023-030635,CUST-02973,2023-10-31,0.1034,1
ORD-2023-030636,CUST-03565,2023-10-14,0.0683,2
ORD-2023-030637,CUST-04326,2023-10-18,0.0509,1
ORD-2023-030638,CUST-00129,2023-10-09,0.064,3
ORD-2023-030639,CUST-03218,2023-10-30,0.1444,1
ORD-2023-030640,CUST-00554,2023-10-22,0.076,1
ORD-2023-030641,CUST-00569,2023-10-04,0.0359,1
ORD-2023-030642,CUST-00641,2023-10-18,0.014,1
ORD-2023-030643,CUST-00363,2023-10-16,0.2449,1
ORD-2023-030644,CUST-00975,2023-10-01,0.0475,1
ORD-2023-030645,CUST-01349,2023-10-02,0.0386,1
ORD-2023-030646,CUST-00677,2023-10-14,0.0247,5
ORD-2023-030647,CUST-02811,2023-10-11,0.0253,1
ORD-2023-030648,CUST-01999,2023-10-26,0.1322,1
ORD-2023-030649,CUST-02867,2023-10-20,0.0713,1
ORD-2023-030650,CUST-02947,2023-10-04,0.1583,3
ORD-2023-030651,CUST-03187,2023-10-26,0.217,1
ORD-2023-030652,CUST-00728,2023-10-05,0.2147,2
ORD-2023-030653,CUST-00331,2023-10-20,0.0474,1
ORD-2023-030654,CUST-03114,2023-10-13,0.0791,2
ORD-2023-030655,CUST-01475,2023-10-02,0.0434,1
ORD-2023-030656,CUST-01884,2023-10-20,0.1386,1
ORD-2023-030657,CUST-02416,2023-10-30,0.0704,1
ORD-2023-030658,CUST-00364,2023-10-13,0.1503,1
ORD-2023-030659,CUST-02400,2023-10-17,0.2843,1
ORD-2023-030660,CUST-02780,2023-10-21,0.2018,3
ORD-2023-030661,CUST-01899,2023-10-29,0.099,2
ORD-2023-030662,CUST-03268,2023-10-26,0.1212,3
ORD-2023-030663,CUST-02070,2023-10-23,0.0813,2
ORD-2023-030664,CUST-01543,2023-10-29,0.3785,2
ORD-2023-030665,CUST-02527,2023-10-30,0.1546,1
ORD-2023-030666,CUST-04291,2023-10-28,0.1067,3
ORD-2023-030667,CUST-00721,2023-10-07,0.0983,3
ORD-2023-030668,CUST-00359,2023-10-02,0.0293,4
ORD-2023-030669,CUST-02292,2023-10-09,0.0211,1
ORD-2023-030670,CUST-00505,2023-10-04,0.1618,1
ORD-2023-030671,CUST-03846,2023-10-27,0.1244,4
ORD-2023-030672,CUST-00180,2023-10-14,0.0315,2
ORD-2023-030673,CUST-01202,2023-10-20,0.0622,2
ORD-2023-030674,CUST-02001,2023-10-24,0.4474,1
ORD-2023-030675,CUST-02131,2023-10-23,0.0451,1
ORD-2023-030676,CUST-04706,2023-10-25,0.0186,1
ORD-2023-030677,CUST-03757,2023-10-29,0.3256,1
ORD-2023-030678,CUST-04257,2023-10-22,0.1273,1
ORD-2023-030679,CUST-00891,2023-10-29,0.0891,3
ORD-2023-030680,CUST-02472,2023-10-07,0.0662,2
ORD-2023-030681,CUST-00740,2023-10-05,0.028,1
ORD-2023-030682,CUST-00876,2023-10-30,0.2485,2
ORD-2023-030683,CUST-01114,2023-10-19,0.0221,3
ORD-2023-030684,CUST-04560,2023-10-12,0.1037,5
ORD-2023-030685,CUST-04270,2023-10-04,0.1058,5
ORD-2023-030686,CUST-03987,2023-10-25,0.1011,1
ORD-2023-030687,CUST-01757,2023-10-08,0.0688,4
ORD-2023-030688,CUST-03605,2023-10-08,0.0992,3
ORD-2023-030689,CUST-00055,2023-10-30,0.1325,1
ORD-2023-030690,CUST-02552,2023-10-23,0.1697,1
ORD-2023-030691,CUST-01785,2023-10-16,0.1206,2
ORD-2023-030692,CUST-04265,2023-10-21,0.2677,2
ORD-2023-030693,CUST-01335,2023-10-10,0.1436,2
ORD-2023-030694,CUST-03980,2023-10-13,0.2197,2
ORD-2023-030695,CUST-04445,2023-10-16,0.0253,1
ORD-2023-030696,CUST-04271,2023-10-28,0.0266,1
ORD-2023-030697,CUST-03437,2023-10-04,0.55,1
ORD-2023-030698,CUST-00996,2023-10-17,0.0198,3
ORD-2023-030699,CUST-02529,2023-10-06,0.234,2
ORD-2023-030700,CUST-02458,2023-10-21,0.062,2
ORD-2023-030701,CUST-04075,2023-10-19,0.3089,1
ORD-2023-030702,CUST-01174,2023-10-31,0.2324,2
ORD-2023-030703,CUST-00192,2023-10-07,0.0392,1
ORD-2023-030704,CUST-02436,2023-10-03,0.2616,2
ORD-2023-030705,CUST-01390,2023-10-28,0.0554,3
ORD-2023-030706,CUST-03126,2023-10-04,0.285,1
ORD-2023-030707,CUST-00490,2023-10-19,0.1396,3
ORD-2023-030708,CUST-02657,2023-10-06,0.1415,3
ORD-2023-030709,CUST-03208,2023-10-05,0.2106,4
ORD-2023-030710,CUST-01086,2023-10-10,0.0215,1
ORD-2023-030711,CUST-00350,2023-10-09,0.0456,1
ORD-2023-030712,CUST-02028,2023-10-19,0.2317,2
ORD-2023-030713,CUST-04081,2023-10-23,0.2021,2
ORD-2023-030714,CUST-03998,2023-10-28,0.172,3
ORD-2023-030715,CUST-00882,2023-10-24,0.1094,1
ORD-2023-030716,CUST-00759,2023-10-30,0.1401,1
ORD-2023-030717,CUST-01693,2023-10-12,0.0271,3
ORD-2023-030718,CUST-01007,2023-10-09,0.0922,1
ORD-2023-030719,CUST-02834,2023-10-16,0.0469,2
ORD-2023-030720,CUST-01516,2023-10-17,0.0223,1
ORD-2023-030721,CUST-01092,2023-10-15,0.0349,1
ORD-2023-030722,CUST-00863,2023-10-14,0.0274,1
ORD-2023-030723,CUST-00593,2023-10-08,0.1004,1
ORD-2023-030724,CUST-01277,2023-10-05,0.0895,3
ORD-2023-030725,CUST-02722,2023-10-26,0.0566,1
ORD-2023-030726,CUST-00458,2023-10-14,0.2445,1
ORD-2023-030727,CUST-01896,2023-10-25,0.2014,5
ORD-2023-030728,CUST-04159,2023-10-29,0.1032,2
ORD-2023-030729,CUST-02416,2023-10-09,0.0817,1
ORD-2023-030730,CUST-02992,2023-10-30,0.1486,2
ORD-2023-030731,CUST-02469,2023-10-09,0.0199,2
ORD-2023-030732,CUST-02336,2023-10-22,0.156,1
ORD-2023-030733,CUST-02705,2023-10-20,0.2596,1
ORD-2023-030734,CUST-02061,2023-10-31,0.0246,1
ORD-2023-030735,CUST-00942,2023-10-27,0.1702,4
ORD-2023-030736,CUST-01045,2023-10-25,0.2332,1
ORD-2023-030737,CUST-00898,2023-10-17,0.1348,1
ORD-2023-030738,CUST-03178,2023-10-22,0.3165,2
ORD-2023-030739,CUST-02212,2023-10-16,0.0908,1
ORD-2023-030740,CUST-01863,2023-10-03,0.0985,1
ORD-2023-030741,CUST-00832,2023-10-08,0.1203,2
ORD-2023-030742,CUST-01880,2023-10-11,0.0647,2
ORD-2023-030743,CUST-00938,2023-10-26,0.1114,1
ORD-2023-030744,CUST-00508,2023-10-05,0.1023,1
ORD-2023-030745,CUST-02869,2023-10-28,0.0033,1
ORD-2023-030746,CUST-03576,2023-10-08,0.1019,2
ORD-2023-030747,CUST-00689,2023-10-30,0.1432,1
ORD-2023-030748,CUST-03925,2023-10-24,0.1372,2
ORD-2023-030749,CUST-02180,2023-10-29,0.1734,3
ORD-2023-030750,CUST-02190,2023-10-01,0.0346,3
ORD-2023-030751,CUST-03311,2023-10-27,0.1885,1
ORD-2023-030752,CUST-02472,2023-10-23,0.0087,1
ORD-2023-030753,CUST-02698,2023-10-05,0.1423,1
ORD-2023-030754,CUST-03408,2023-10-13,0.0236,2
ORD-2023-030755,CUST-00685,2023-10-02,0.1261,1
ORD-2023-030756,CUST-00020,2023-10-15,0.0142,3
ORD-2023-030757,CUST-02495,2023-10-23,0.3871,2
ORD-2023-030758,CUST-03270,2023-10-05,0.0561,1
ORD-2023-030759,CUST-02943,2023-10-30,0.072,1
ORD-2023-030760,CUST-00646,2023-10-14,0.0681,1
ORD-2023-030761,CUST-00084,2023-10-23,0.0892,1
ORD-2023-030762,CUST-03934,2023-10-05,0.0442,1
ORD-2023-030763,CUST-00944,2023-10-22,0.0313,1
ORD-2023-030764,CUST-01923,2023-10-14,0.0156,1
ORD-2023-030765,CUST-01874,2023-10-30,0.078,2
ORD-2023-030766,CUST-03136,2023-10-20,0.0656,3
ORD-2023-030767,CUST-02055,2023-10-16,0.0465,2
ORD-2023-030768,CUST-03836,2023-10-29,0.0354,1
ORD-2023-030769,CUST-01818,2023-10-21,0.167,2
ORD-2023-030770,CUST-04459,2023-10-09,0.1192,1
ORD-2023-030771,CUST-01632,2023-10-16,0.0954,3
ORD-2023-030772,CUST-02653,2023-10-14,0.0306,2
ORD-2023-030773,CUST-01417,2023-10-21,0.0339,1
ORD-2023-030774,CUST-01444,2023-10-25,0.1678,1
ORD-2023-030775,CUST-03083,2023-10-30,0.0451,3
ORD-2023-030776,CUST-03982,2023-10-30,0.0172,1
ORD-2023-030777,CUST-01651,2023-10-22,0.1884,1
ORD-2023-030778,CUST-01277,2023-10-06,0.0526,1
ORD-2023-030779,CUST-01184,2023-10-17,0.0992,3
ORD-2023-030780,CUST-04172,2023-10-31,0.0263,2
ORD-2023-030781,CUST-01058,2023-10-27,0.0227,1
ORD-2023-030782,CUST-00153,2023-10-27,0.0079,1
ORD-2023-030783,CUST-01560,2023-10-04,0.1641,2
ORD-2023-030784,CUST-01086,2023-10-21,0.0083,1
ORD-2023-030785,CUST-00263,2023-10-29,0.2985,1
ORD-2023-030786,CUST-03521,2023-10-15,0.2208,2
ORD-2023-030787,CUST-04408,2023-10-28,0.1015,1
ORD-2023-030788,CUST-02609,2023-10-30,0.1316,2
ORD-2023-030789,CUST-02200,2023-10-09,0.1443,3
ORD-2023-030790,CUST-00800,2023-10-14,0.2192,1
ORD-2023-030791,CUST-00984,2023-10-01,0.1402,1
ORD-2023-030792,CUST-03338,2023-10-16,0.1023,3
ORD-2023-030793,CUST-00313,2023-10-04,0.4132,3
ORD-2023-030794,CUST-00708,2023-10-17,0.0857,1
ORD-2023-030795,CUST-01308,2023-10-30,0.2954,3
ORD-2023-030796,CUST-02861,2023-10-08,0.1953,1
ORD-2023-030797,CUST-01329,2023-10-10,0.3026,1
ORD-2023-030798,CUST-01292,2023-10-10,0.0403,1
ORD-2023-030799,CUST-00131,2023-10-09,0.3923,1
ORD-2023-030800,CUST-02986,2023-10-02,0.1109,1
ORD-2023-030801,CUST-01920,2023-10-01,0.1001,2
ORD-2023-030802,CUST-02067,2023-10-11,0.1359,1
ORD-2023-030803,CUST-01430,2023-10-26,0.0718,1
ORD-2023-030804,CUST-00910,2023-10-11,0.1244,1
ORD-2023-030805,CUST-02261,2023-10-01,0.1519,1
ORD-2023-030806,CUST-00888,2023-10-06,0.1733,2
ORD-2023-030807,CUST-02825,2023-10-19,0.198,2
ORD-2023-030808,CUST-03378,2023-10-19,0.0143,1
ORD-2023-030809,CUST-03283,2023-10-24,0.1335,2
ORD-2023-030810,CUST-03141,2023-10-15,0.2457,2
ORD-2023-030811,CUST-03321,2023-10-12,0.0115,1
ORD-2023-030812,CUST-01919,2023-10-05,0.1349,3
ORD-2023-030813,CUST-02823,2023-10-12,0.0914,3
ORD-2023-030814,CUST-02234,2023-10-11,0.1383,1
ORD-2023-030815,CUST-00595,2023-10-14,0.1749,3
ORD-2023-030816,CUST-00262,2023-10-04,0.1018,2
ORD-2023-030817,CUST-00358,2023-10-21,0.1447,4
ORD-2023-030818,CUST-00456,2023-10-24,0.0489,1
ORD-2023-030819,CUST-01534,2023-10-16,0.3247,1
ORD-2023-030820,CUST-01286,2023-10-10,0.196,2
ORD-2023-030821,CUST-02176,2023-10-12,0.0328,1
ORD-2023-030822,CUST-01554,2023-10-12,0.0161,1
ORD-2023-030823,CUST-03247,2023-10-05,0.0991,1
ORD-2023-030824,CUST-01996,2023-10-08,0.1876,1
ORD-2023-030825,CUST-03213,2023-10-07,0.0781,1
ORD-2023-030826,CUST-03120,2023-10-17,0.0931,3
ORD-2023-030827,CUST-01396,2023-10-21,0.1444,1
ORD-2023-030828,CUST-00434,2023-10-27,0.0454,2
ORD-2023-030829,CUST-01943,2023-10-16,0.1533,1
ORD-2023-030830,CUST-00152,2023-10-23,0.013,1
ORD-2023-030831,CUST-02641,2023-10-09,0.028,2
ORD-2023-030832,CUST-03024,2023-10-13,0.1235,1
ORD-2023-030833,CUST-01161,2023-10-29,0.0462,1
ORD-2023-030834,CUST-02872,2023-10-08,0.0408,1
ORD-2023-030835,CUST-01436,2023-10-08,0.1925,1
ORD-2023-030836,CUST-00160,2023-10-15,0.2263,1
ORD-2023-030837,CUST-03991,2023-10-20,0.0586,1
ORD-2023-030838,CUST-03651,2023-10-30,0.128,2
ORD-2023-030839,CUST-02776,2023-10-16,0.032,1
ORD-2023-030840,CUST-00740,2023-10-02,0.1105,1
ORD-2023-030841,CUST-00967,2023-10-10,0.0525,1
ORD-2023-030842,CUST-00209,2023-10-08,0.3077,2
ORD-2023-030843,CUST-02454,2023-10-05,0.049,1
ORD-2023-030844,CUST-00633,2023-10-17,0.2331,1
ORD-2023-030845,CUST-03613,2023-10-11,0.2266,1
ORD-2023-030846,CUST-01210,2023-10-22,0.163,1
ORD-2023-030847,CUST-02671,2023-10-22,0.098,1
ORD-2023-030848,CUST-04103,2023-10-15,0.0561,1
ORD-2023-030849,CUST-04280,2023-10-04,0.4964,3
ORD-2023-030850,CUST-03455,2023-10-13,0.0421,1
ORD-2023-030851,CUST-03769,2023-10-30,0.3239,1
ORD-2023-030852,CUST-00017,2023-10-11,0.0999,1
ORD-2023-030853,CUST-02422,2023-10-26,0.077,4
ORD-2023-030854,CUST-00640,2023-10-02,0.1916,1
ORD-2023-030855,CUST-01598,2023-10-04,0.1813,5
ORD-2023-030856,CUST-00352,2023-10-07,0.1491,1
ORD-2023-030857,CUST-03554,2023-10-06,0.305,3
ORD-2023-030858,CUST-02690,2023-10-13,0.1226,1
ORD-2023-030859,CUST-01007,2023-10-16,0.1318,3
ORD-2023-030860,CUST-00421,2023-10-08,0.0049,1
ORD-2023-030861,CUST-02174,2023-10-26,0.0729,2
ORD-2023-030862,CUST-04368,2023-10-18,0.2543,4
ORD-2023-030863,CUST-01274,2023-10-01,0.0359,1
ORD-2023-030864,CUST-01907,2023-10-13,0.2657,1
ORD-2023-030865,CUST-01664,2023-10-09,0.2636,1
ORD-2023-030866,CUST-01190,2023-10-25,0.1659,1
ORD-2023-030867,CUST-02569,2023-10-06,0.2768,2
ORD-2023-030868,CUST-01831,2023-10-10,0.0546,1
ORD-2023-030869,CUST-04560,2023-10-10,0.1475,2
ORD-2023-030870,CUST-04033,2023-10-05,0.0253,3
ORD-2023-030871,CUST-04419,2023-10-16,0.0541,2
ORD-2023-030872,CUST-02807,2023-10-22,0.047,1
ORD-2023-030873,CUST-01274,2023-10-05,0.021,1
ORD-2023-030874,CUST-02246,2023-10-03,0.0556,1
ORD-2023-030875,CUST-02782,2023-10-30,0.0621,4
ORD-2023-030876,CUST-02584,2023-10-07,0.1602,1
ORD-2023-030877,CUST-00761,2023-10-21,0.1777,1
ORD-2023-030878,CUST-00014,2023-10-13,0.1201,1
ORD-2023-030879,CUST-03590,2023-10-13,0.0353,1
ORD-2023-030880,CUST-03780,2023-10-22,0.0957,1
ORD-2023-030881,CUST-01873,2023-10-14,0.0916,1
ORD-2023-030882,CUST-02547,2023-10-01,0.0656,2
ORD-2023-030883,CUST-03681,2023-10-30,0.1186,3
ORD-2023-030884,CUST-00262,2023-10-24,0.0947,1
ORD-2023-030885,CUST-00181,2023-10-21,0.0919,3
ORD-2023-030886,CUST-03999,2023-10-14,0.1534,3
ORD-2023-030887,CUST-03086,2023-10-31,0.1342,4
ORD-2023-030888,CUST-00216,2023-10-09,0.0295,1
ORD-2023-030889,CUST-03260,2023-10-09,0.3276,3
ORD-2023-030890,CUST-01520,2023-10-16,0.0833,1
ORD-2023-030891,CUST-03792,2023-10-12,0.2737,3
ORD-2023-030892,CUST-02183,2023-10-19,0.0051,1
ORD-2023-030893,CUST-03890,2023-10-23,0.0174,3
ORD-2023-030894,CUST-00614,2023-10-06,0.1155,1
ORD-2023-030895,CUST-03051,2023-10-17,0.1218,1
ORD-2023-030896,CUST-02555,2023-10-25,0.0299,1
ORD-2023-030897,CUST-00355,2023-10-03,0.1484,3
ORD-2023-030898,CUST-01426,2023-10-27,0.2508,1
ORD-2023-030899,CUST-03327,2023-10-08,0.0895,3
ORD-2023-030900,CUST-01140,2023-10-22,0.0293,1
ORD-2023-030901,CUST-01386,2023-10-20,0.0452,1
ORD-2023-030902,CUST-02653,2023-10-10,0.0535,1
ORD-2023-030903,CUST-02368,2023-10-29,0.0599,1
ORD-2023-030904,CUST-01724,2023-10-20,0.0624,1
ORD-2023-030905,CUST-02931,2023-10-04,0.0872,2
ORD-2023-030906,CUST-01734,2023-10-11,0.1454,1
ORD-2023-030907,CUST-02374,2023-10-31,0.0222,3
ORD-2023-030908,CUST-04216,2023-10-29,0.0135,4
ORD-2023-030909,CUST-02423,2023-10-01,0.0096,1
ORD-2023-030910,CUST-01798,2023-10-26,0.0416,1
ORD-2023-030911,CUST-02294,2023-10-12,0.2197,2
ORD-2023-030912,CUST-03822,2023-10-16,0.0924,2
ORD-2023-030913,CUST-02811,2023-10-29,0.047,1
ORD-2023-030914,CUST-02499,2023-10-14,0.0421,1
ORD-2023-030915,CUST-03382,2023-10-26,0.302,3
ORD-2023-030916,CUST-03722,2023-10-12,0.0429,2
ORD-2023-030917,CUST-01114,2023-10-09,0.0277,1
ORD-2023-030918,CUST-03736,2023-10-31,0.0964,2
ORD-2023-030919,CUST-00240,2023-10-23,0.1221,1
ORD-2023-030920,CUST-03297,2023-10-04,0.1099,4
ORD-2023-030921,CUST-03718,2023-10-18,0.0077,1
ORD-2023-030922,CUST-00382,2023-10-11,0.1184,2
ORD-2023-030923,CUST-03745,2023-10-01,0.0502,1
ORD-2023-030924,CUST-00557,2023-10-20,0.0792,1
ORD-2023-030925,CUST-00784,2023-10-18,0.0395,1
ORD-2023-030926,CUST-02435,2023-10-08,0.1228,1
ORD-2023-030927,CUST-02326,2023-10-24,0.1569,1
ORD-2023-030928,CUST-00013,2023-10-13,0.1545,1
ORD-2023-030929,CUST-04519,2023-10-02,0.0396,1
ORD-2023-030930,CUST-00240,2023-10-13,0.0195,3
ORD-2023-030931,CUST-01464,2023-10-07,0.0749,1
ORD-2023-030932,CUST-02473,2023-10-06,0.0075,1
ORD-2023-030933,CUST-03916,2023-10-24,0.2169,2
ORD-2023-030934,CUST-04492,2023-10-08,0.022,1
ORD-2023-030935,CUST-04098,2023-10-08,0.0203,1
ORD-2023-030936,CUST-00698,2023-10-03,0.3975,1
ORD-2023-030937,CUST-02178,2023-10-29,0.0702,3
ORD-2023-030938,CUST-01385,2023-10-05,0.1222,1
ORD-2023-030939,CUST-03148,2023-10-14,0.1115,2
ORD-2023-030940,CUST-01767,2023-10-13,0.2111,1
ORD-2023-030941,CUST-02471,2023-10-12,0.046,1
ORD-2023-030942,CUST-03481,2023-10-05,0.133,2
ORD-2023-030943,CUST-03698,2023-10-20,0.1204,4
ORD-2023-030944,CUST-01530,2023-10-30,0.1091,3
ORD-2023-030945,CUST-04216,2023-10-18,0.0289,1
ORD-2023-030946,CUST-03611,2023-10-03,0.0695,2
ORD-2023-030947,CUST-00975,2023-10-21,0.0332,2
ORD-2023-030948,CUST-03268,2023-10-03,0.0358,1
ORD-2023-030949,CUST-00840,2023-10-09,0.1433,1
ORD-2023-030950,CUST-03982,2023-10-04,0.0672,1
ORD-2023-030951,CUST-00570,2023-10-26,0.1487,1
ORD-2023-030952,CUST-03633,2023-10-06,0.054,2
ORD-2023-030953,CUST-01012,2023-10-05,0.0372,1
ORD-2023-030954,CUST-00853,2023-10-07,0.0989,1
ORD-2023-030955,CUST-00023,2023-10-07,0.1986,1
ORD-2023-030956,CUST-00226,2023-10-08,0.0859,1
ORD-2023-030957,CUST-02728,2023-10-07,0.0091,2
ORD-2023-030958,CUST-02178,2023-10-13,0.1004,2
ORD-2023-030959,CUST-00476,2023-10-25,0.0776,3
ORD-2023-030960,CUST-04697,2023-10-14,0.0793,2
ORD-2023-030961,CUST-01620,2023-10-18,0.2202,1
ORD-2023-030962,CUST-01222,2023-10-07,0.0406,1
ORD-2023-030963,CUST-00458,2023-10-07,0.0703,3
ORD-2023-030964,CUST-02289,2023-10-05,0.0522,3
ORD-2023-030965,CUST-00393,2023-10-11,0.1154,1
ORD-2023-030966,CUST-00218,2023-10-22,0.1355,1
ORD-2023-030967,CUST-01337,2023-10-11,0.0074,1
ORD-2023-030968,CUST-00624,2023-10-29,0.1185,1
ORD-2023-030969,CUST-00040,2023-10-14,0.2729,1
ORD-2023-030970,CUST-01710,2023-10-16,0.0131,1
ORD-2023-030971,CUST-02842,2023-10-01,0.0867,1
ORD-2023-030972,CUST-01798,2023-10-30,0.0629,5
ORD-2023-030973,CUST-03270,2023-10-22,0.0403,3
ORD-2023-030974,CUST-03357,2023-10-01,0.3052,3
ORD-2023-030975,CUST-01092,2023-10-05,0.0458,3
ORD-2023-030976,CUST-01783,2023-10-11,0.0177,3
ORD-2023-030977,CUST-03658,2023-10-17,0.2613,2
ORD-2023-030978,CUST-02257,2023-10-13,0.0353,1
ORD-2023-030979,CUST-02345,2023-10-16,0.1421,2
ORD-2023-030980,CUST-01000,2023-10-25,0.0341,3
ORD-2023-030981,CUST-03925,2023-10-14,0.1192,1
ORD-2023-030982,CUST-03172,2023-10-08,0.1133,2
ORD-2023-030983,CUST-04524,2023-10-29,0.0255,2
ORD-2023-030984,CUST-04019,2023-10-18,0.3075,1
ORD-2023-030985,CUST-01697,2023-10-30,0.0508,1
ORD-2023-030986,CUST-03167,2023-10-15,0.2565,3
ORD-2023-030987,CUST-00387,2023-10-18,0.06,2
ORD-2023-030988,CUST-01356,2023-10-12,0.1424,1
ORD-2023-030989,CUST-01632,2023-10-05,0.132,5
ORD-2023-030990,CUST-00608,2023-10-14,0.107,1
ORD-2023-030991,CUST-02373,2023-10-14,0.1043,3
ORD-2023-030992,CUST-00205,2023-10-25,0.285,1
ORD-2023-030993,CUST-00263,2023-10-20,0.2632,1
ORD-2023-030994,CUST-03386,2023-10-21,0.0066,1
ORD-2023-030995,CUST-00556,2023-10-11,0.3296,2
ORD-2023-030996,CUST-03271,2023-10-05,0.0689,1
ORD-2023-030997,CUST-00891,2023-10-23,0.1147,2
ORD-2023-030998,CUST-01570,2023-10-31,0.0626,1
ORD-2023-030999,CUST-04445,2023-10-25,0.0149,1
ORD-2023-031000,CUST-01380,2023-10-26,0.0849,2
ORD-2023-031001,CUST-01823,2023-10-28,0.1622,1
ORD-2023-031002,CUST-04168,2023-10-17,0.1769,1
ORD-2023-031003,CUST-04727,2023-10-05,0.1068,1
ORD-2023-031004,CUST-01679,2023-10-02,0.2561,1
ORD-2023-031005,CUST-00796,2023-10-26,0.0336,2
ORD-2023-031006,CUST-00413,2023-10-05,0.0076,1
ORD-2023-031007,CUST-03714,2023-10-19,0.0429,1
ORD-2023-031008,CUST-03373,2023-10-01,0.0097,1
ORD-2023-031009,CUST-00493,2023-10-06,0.0398,1
ORD-2023-031010,CUST-00268,2023-10-26,0.1813,1
ORD-2023-031011,CUST-02596,2023-10-05,0.1095,2
ORD-2023-031012,CUST-01738,2023-10-23,0.0248,2
ORD-2023-031013,CUST-02072,2023-10-13,0.0941,2
ORD-2023-031014,CUST-03872,2023-10-19,0.2153,1
ORD-2023-031015,CUST-00571,2023-10-30,0.0568,1
ORD-2023-031016,CUST-02407,2023-10-25,0.1464,1
ORD-2023-031017,CUST-02616,2023-10-17,0.1371,1
ORD-2023-031018,CUST-03825,2023-10-06,0.0755,2
ORD-2023-031019,CUST-00319,2023-10-23,0.0606,1
ORD-2023-031020,CUST-03756,2023-10-17,0.0822,2
ORD-2023-031021,CUST-01655,2023-10-28,0.123,2
ORD-2023-031022,CUST-04173,2023-10-02,0.0854,4
ORD-2023-031023,CUST-02936,2023-10-19,0.0419,1
ORD-2023-031024,CUST-01603,2023-10-27,0.023,1
ORD-2023-031025,CUST-00564,2023-10-16,0.0578,3
ORD-2023-031026,CUST-03237,2023-10-22,0.0452,2
ORD-2023-031027,CUST-02496,2023-10-23,0.1077,1
ORD-2023-031028,CUST-02681,2023-10-02,0.0308,2
ORD-2023-031029,CUST-02168,2023-10-27,0.0736,2
ORD-2023-031030,CUST-04583,2023-10-08,0.1822,1
ORD-2023-031031,CUST-02459,2023-10-27,0.0912,1
ORD-2023-031032,CUST-04724,2023-10-09,0.0933,3
ORD-2023-031033,CUST-04098,2023-10-16,0.0148,1
ORD-2023-031034,CUST-01270,2023-10-07,0.2236,1
ORD-2023-031035,CUST-01775,2023-10-28,0.1445,2
ORD-2023-031036,CUST-02553,2023-10-31,0.2446,2
ORD-2023-031037,CUST-01650,2023-10-03,0.0119,1
ORD-2023-031038,CUST-03325,2023-10-06,0.0393,1
ORD-2023-031039,CUST-04129,2023-10-22,0.0086,1
ORD-2023-031040,CUST-04115,2023-10-01,0.4132,1
ORD-2023-031041,CUST-02809,2023-10-29,0.1246,1
ORD-2023-031042,CUST-02333,2023-10-18,0.0743,2
ORD-2023-031043,CUST-02055,2023-10-30,0.0506,3
ORD-2023-031044,CUST-03391,2023-10-06,0.0248,1
ORD-2023-031045,CUST-02363,2023-10-01,0.0418,1
