OrderID,CustomerID,OrderDate,OrderDiscountPct,BasketItemCount
ORD-2024-031715,CUST-08761,2024-09-10,0.176,1
ORD-2024-031716,CUST-08762,2024-09-29,0.0167,2
ORD-2024-031717,CUST-08763,2024-09-23,0.1538,1
ORD-2024-031718,CUST-08764,2024-09-28,0.2512,1
ORD-2024-031719,CUST-08765,2024-09-30,0.1602,1
ORD-2024-031720,CUST-08766,2024-09-30,0.3766,1
ORD-2024-031721,CUST-08767,2024-09-30,0.05,2
ORD-2024-031722,CUST-08768,2024-09-28,0.2704,2
ORD-2024-031723,CUST-08769,2024-09-30,0.3182,4
ORD-2024-031724,CUST-08770,2024-09-27,0.4413,1
ORD-2024-031725,CUST-08771,2024-09-22,0.3092,2
ORD-2024-031726,CUST-08772,2024-09-17,0.0709,2
ORD-2024-031727,CUST-08773,2024-09-23,0.4189,1
ORD-2024-031728,CUST-08774,2024-09-29,0.02,1
ORD-2024-031729,CUST-08775,2024-09-18,0.4112,2
ORD-2024-031730,CUST-08776,2024-09-28,0.3064,1
ORD-2024-031731,CUST-08777,2024-09-29,0.0313,1
ORD-2024-031732,CUST-08778,2024-09-21,0.3406,2
ORD-2024-031733,CUST-08779,2024-09-24,0.55,2
ORD-2024-031734,CUST-08780,2024-09-29,0.55,1
ORD-2024-031735,CUST-08781,2024-09-22,0.4399,1
ORD-2024-031736,CUST-08782,2024-09-25,0.0427,1
ORD-2024-031737,CUST-08783,2024-09-30,0.1894,1
ORD-2024-031738,CUST-08784,2024-09-13,0.1104,2
ORD-2024-031739,CUST-08785,2024-09-22,0.0144,1
ORD-2024-031740,CUST-08786,2024-09-20,0.2316,1
ORD-2024-031741,CUST-08787,2024-09-23,0.0662,1
ORD-2024-031742,CUST-08788,2024-09-15,0.4978,1
ORD-2024-031743,CUST-08789,2024-09-19,0.2023,1
ORD-2024-031744,CUST-08790,2024-09-26,0.2765,1
ORD-2024-031745,CUST-08791,2024-09-29,0.3031,2
ORD-2024-031746,CUST-08792,2024-09-24,0.1268,2
ORD-2024-031747,CUST-08793,2024-09-27,0.281,1
ORD-2024-031748,CUST-08794,2024-09-29,0.3909,1
ORD-2024-031749,CUST-08795,2024-09-23,0.1007,1
ORD-2024-031750,CUST-08796,2024-09-11,0.0191,2
ORD-2024-031751,CUST-08797,2024-09-19,0.0787,1
ORD-2024-031752,CUST-08798,2024-09-19,0.0804,2
ORD-2024-031753,CUST-08799,2024-09-23,0.2974,1
ORD-2024-031754,CUST-08800,2024-09-10,0.2528,1
ORD-2024-031755,CUST-08801,2024-09-12,0.0292,1
ORD-2024-031756,CUST-08802,2024-09-03,0.1715,1
ORD-2024-031757,CUST-08803,2024-09-06,0.1302,2
ORD-2024-031758,CUST-08804,2024-09-14,0.55,1
ORD-2024-031759,CUST-08805,2024-09-07,0.55,2
ORD-2024-031760,CUST-08806,2024-09-27,0.1652,5
ORD-2024-031761,CUST-08807,2024-09-16,0.0255,1
ORD-2024-031762,CUST-08808,2024-09-13,0.1593,2
ORD-2024-031763,CUST-08809,2024-09-26,0.028,2
ORD-2024-031764,CUST-08810,2024-09-25,0.0742,2
ORD-2024-031765,CUST-08811,2024-09-30,0.0478,2
ORD-2024-031766,CUST-08812,2024-09-21,0.1127,1
ORD-2024-031767,CUST-08813,2024-09-21,0.0168,3
ORD-2024-031768,CUST-08814,2024-09-30,0.0365,2
ORD-2024-031769,CUST-08815,2024-09-24,0.1285,1
ORD-2024-031770,CUST-08816,2024-09-24,0.4191,1
ORD-2024-031771,CUST-08817,2024-09-21,0.0351,3
ORD-2024-031772,CUST-08818,2024-09-18,0.4944,2
ORD-2024-031773,CUST-08819,2024-09-21,0.0744,2
ORD-2024-031774,CUST-08820,2024-09-28,0.1948,2
ORD-2024-031775,CUST-08821,2024-09-25,0.1012,1
ORD-2024-031776,CUST-08822,2024-09-27,0.0524,2
ORD-2024-031777,CUST-08823,2024-09-21,0.0423,1
ORD-2024-031778,CUST-08824,2024-09-16,0.2055,1
ORD-2024-031779,CUST-08825,2024-09-27,0.4998,2
ORD-2024-031780,CUST-08826,2024-09-29,0.55,1
ORD-2024-031781,CUST-08827,2024-09-30,0.0191,1
ORD-2024-031782,CUST-08828,2024-09-26,0.181,2
ORD-2024-031783,CUST-08829,2024-09-19,0.3757,1
ORD-2024-031784,CUST-08830,2024-09-13,0.0176,1
ORD-2024-031785,CUST-08831,2024-09-29,0.02,1
ORD-2024-031786,CUST-08832,2024-09-20,0.0765,2
ORD-2024-031787,CUST-08833,2024-09-24,0.2447,1
ORD-2024-031788,CUST-08834,2024-09-21,0.1042,1
ORD-2024-031789,CUST-08835,2024-09-28,0.0634,1
ORD-2024-031790,CUST-08836,2024-09-25,0.0412,1
ORD-2024-031791,CUST-08837,2024-09-19,0.2064,1
ORD-2024-031792,CUST-08838,2024-09-10,0.0759,2
ORD-2024-031793,CUST-08839,2024-09-27,0.0162,1
ORD-2024-031794,CUST-08840,2024-09-19,0.1346,1
ORD-2024-031795,CUST-08841,2024-09-25,0.2367,2
ORD-2024-031796,CUST-08842,2024-09-16,0.0962,3
ORD-2024-031797,CUST-08843,2024-09-15,0.19,2
ORD-2024-031798,CUST-08844,2024-09-21,0.2251,1
ORD-2024-031799,CUST-08845,2024-09-24,0.027,1
ORD-2024-031800,CUST-08846,2024-09-17,0.0457,1
ORD-2024-031801,CUST-08847,2024-09-30,0.4391,2
ORD-2024-031802,CUST-08848,2024-09-29,0.1465,1
ORD-2024-031803,CUST-08849,2024-09-28,0.55,1
ORD-2024-031804,CUST-08850,2024-09-24,0.1151,3
ORD-2024-031805,CUST-08851,2024-09-29,0.3544,2
ORD-2024-031806,CUST-08852,2024-09-07,0.0497,2
ORD-2024-031807,CUST-08853,2024-09-22,0.2958,2
ORD-2024-031808,CUST-08854,2024-09-28,0.0213,1
ORD-2024-031809,CUST-08855,2024-09-24,0.2172,1
ORD-2024-031810,CUST-08856,2024-09-18,0.2313,1
ORD-2024-031811,CUST-08857,2024-09-28,0.2275,3
ORD-2024-031812,CUST-08858,2024-09-28,0.3341,1
ORD-2024-031813,CUST-08859,2024-09-29,0.4723,2
ORD-2024-031814,CUST-08860,2024-09-18,0.0292,4
ORD-2024-031815,CUST-08861,2024-09-19,0.3855,1
ORD-2024-031816,CUST-08862,2024-09-11,0.0071,3
ORD-2024-031817,CUST-08863,2024-09-19,0.4722,2
ORD-2024-031818,CUST-08864,2024-09-24,0.24,1
ORD-2024-031819,CUST-08865,2024-09-18,0.5166,2
ORD-2024-031820,CUST-08866,2024-09-13,0.147,1
ORD-2024-031821,CUST-08867,2024-09-30,0.55,1
ORD-2024-031822,CUST-08868,2024-09-29,0.0921,1
ORD-2024-031823,CUST-08869,2024-09-20,0.1105,1
ORD-2024-031824,CUST-08870,2024-09-29,0.0116,3
ORD-2024-031825,CUST-08871,2024-09-18,0.018,2
ORD-2024-031826,CUST-08872,2024-09-29,0.0341,1
ORD-2024-031827,CUST-08873,2024-09-15,0.1621,1
ORD-2024-031828,CUST-08874,2024-09-28,0.0737,1
ORD-2024-031829,CUST-08875,2024-09-16,0.2092,2
ORD-2024-031830,CUST-08876,2024-09-21,0.0647,1
ORD-2024-031831,CUST-08877,2024-09-30,0.0585,1
ORD-2024-031832,CUST-08878,2024-09-30,0.55,1
ORD-2024-031833,CUST-08879,2024-09-24,0.1656,1
ORD-2024-031834,CUST-08880,2024-09-21,0.0283,1
ORD-2024-031835,CUST-08881,2024-09-25,0.55,1
ORD-2024-031836,CUST-08882,2024-09-28,0.3192,1
ORD-2024-031837,CUST-08883,2024-09-20,0.3511,1
ORD-2024-031838,CUST-08884,2024-09-26,0.3635,1
ORD-2024-031839,CUST-08885,2024-09-30,0.4731,1
ORD-2024-031840,CUST-08886,2024-09-30,0.0062,2
ORD-2024-031841,CUST-08887,2024-09-30,0.1349,1
ORD-2024-031842,CUST-08888,2024-09-28,0.2613,3
ORD-2024-031843,CUST-08889,2024-09-27,0.211,1
ORD-2024-031844,CUST-08890,2024-09-29,0.4436,1
ORD-2024-031845,CUST-08891,2024-09-21,0.2525,2
ORD-2024-031846,CUST-08892,2024-09-27,0.4021,1
ORD-2024-031847,CUST-08893,2024-09-30,0.0336,3
ORD-2024-031848,CUST-08894,2024-09-29,0.0384,3
ORD-2024-031849,CUST-08895,2024-09-27,0.0397,1
ORD-2024-031850,CUST-08896,2024-09-11,0.0622,1
ORD-2024-031851,CUST-08897,2024-09-28,0.1404,2
ORD-2024-031852,CUST-08898,2024-09-25,0.2115,1
ORD-2024-031853,CUST-08899,2024-09-29,0.0501,1
ORD-2024-031854,CUST-08900,2024-09-27,0.1005,3
ORD-2024-031855,CUST-08901,2024-09-29,0.0041,1
ORD-2024-031856,CUST-08902,2024-09-08,0.1169,1
ORD-2024-031857,CUST-08903,2024-09-16,0.0908,2
ORD-2024-031858,CUST-08904,2024-09-26,0.362,1
ORD-2024-031859,CUST-08905,2024-09-27,0.2543,2
ORD-2024-031860,CUST-08906,2024-09-25,0.0744,1
ORD-2024-031861,CUST-08907,2024-09-24,0.55,2
ORD-2024-031862,CUST-08908,2024-09-29,0.0214,3
ORD-2024-031863,CUST-08909,2024-09-07,0.1074,2
ORD-2024-031864,CUST-08910,2024-09-29,0.5224,1
ORD-2024-031865,CUST-08911,2024-09-02,0.0172,1
ORD-2024-031866,CUST-08912,2024-09-18,0.5129,2
ORD-2024-031867,CUST-08913,2024-09-20,0.0748,2
ORD-2024-031868,CUST-08914,2024-09-28,0.2009,1
ORD-2024-031869,CUST-08915,2024-09-17,0.0148,2
ORD-2024-031870,CUST-08916,2024-09-13,0.0889,2
ORD-2024-031871,CUST-08917,2024-09-30,0.3199,2
ORD-2024-031872,CUST-08918,2024-09-20,0.3114,3
ORD-2024-031873,CUST-08919,2024-09-30,0.0436,1
ORD-2024-031874,CUST-08920,2024-09-30,0.1292,2
ORD-2024-031875,CUST-08921,2024-09-30,0.055,1
ORD-2024-031876,CUST-08922,2024-09-18,0.55,2
ORD-2024-031877,CUST-08923,2024-09-30,0.0891,3
ORD-2024-031878,CUST-08924,2024-09-16,0.1754,3
ORD-2024-031879,CUST-08925,2024-09-25,0.2032,1
ORD-2024-031880,CUST-08926,2024-09-27,0.3647,1
ORD-2024-031881,CUST-08927,2024-09-24,0.1231,1
ORD-2024-031882,CUST-08928,2024-09-29,0.0659,1
ORD-2024-031883,CUST-08929,2024-09-29,0.0489,1
ORD-2024-031884,CUST-08930,2024-09-28,0.1143,1
ORD-2024-031885,CUST-08931,2024-09-21,0.048,1
ORD-2024-031886,CUST-08932,2024-09-22,0.072,1
ORD-2024-031887,CUST-08933,2024-09-25,0.1563,1
ORD-2024-031888,CUST-08934,2024-09-10,0.1945,1
ORD-2024-031889,CUST-08935,2024-09-12,0.5039,2
ORD-2024-031890,CUST-08936,2024-09-22,0.3093,1
ORD-2024-031891,CUST-08937,2024-09-16,0.0374,1
ORD-2024-031892,CUST-08938,2024-09-21,0.0688,2
ORD-2024-031893,CUST-08939,2024-09-20,0.0166,1
ORD-2024-031894,CUST-08940,2024-09-23,0.3585,2
ORD-2024-031895,CUST-08941,2024-09-18,0.377,2
ORD-2024-031896,CUST-08942,2024-09-30,0.033,3
ORD-2024-031897,CUST-08943,2024-09-26,0.2228,1
ORD-2024-031898,CUST-08944,2024-09-20,0.1652,1
ORD-2024-031899,CUST-08945,2024-09-28,0.0235,1
ORD-2024-031900,CUST-08946,2024-09-26,0.1451,2
ORD-2024-031901,,2024-09-26,0.55,1
ORD-2024-031902,CUST-08948,2024-09-23,0.1304,1
ORD-2024-031903,CUST-08949,2024-09-14,0.2757,1
ORD-2024-031904,CUST-08950,2024-09-10,0.1867,1
ORD-2024-031905,CUST-08951,2024-09-27,0.0832,2
ORD-2024-031906,CUST-08952,2024-09-22,0.0492,3
ORD-2024-031907,CUST-08953,2024-09-28,0.0662,1
ORD-2024-031908,CUST-08954,2024-09-18,0.2195,2
ORD-2024-031909,CUST-08955,2024-09-28,0.2849,2
ORD-2024-031910,CUST-08956,2024-09-27,0.0939,3
ORD-2024-031911,CUST-08957,2024-09-27,0.0299,1
ORD-2024-031912,CUST-08958,2024-09-08,0.1269,3
ORD-2024-031913,CUST-08959,2024-09-30,0.2317,3
ORD-2024-031914,CUST-08960,2024-09-25,0.2436,1
ORD-2024-031915,CUST-08961,2024-09-25,0.55,1
ORD-2024-031916,CUST-08962,2024-09-24,0.5465,2
ORD-2024-031917,CUST-08963,2024-09-30,0.4786,2
ORD-2024-031918,CUST-08964,2024-09-08,0.0414,2
ORD-2024-031919,CUST-08965,2024-09-12,0.3864,1
ORD-2024-031920,CUST-08966,2024-09-11,0.3454,1
ORD-2024-031921,CUST-08967,2024-09-22,0.0779,1
ORD-2024-031922,CUST-08968,2024-09-19,0.2801,1
ORD-2024-031923,CUST-08969,2024-09-30,0.3322,1
ORD-2024-031924,CUST-08970,2024-09-28,0.4522,2
ORD-2024-031925,CUST-08971,2024-09-30,0.021,1
ORD-2024-031926,CUST-08972,2024-09-29,0.0555,1
ORD-2024-031927,CUST-08973,2024-09-30,0.0445,2
ORD-2024-031928,CUST-08974,2024-09-30,0.3603,1
ORD-2024-031929,CUST-08975,2024-09-21,0.0647,2
ORD-2024-031930,CUST-08976,2024-09-15,0.55,1
ORD-2024-031931,CUST-08977,2024-09-28,0.2384,2
ORD-2024-031932,CUST-08978,2024-09-14,0.4176,2
ORD-2024-031933,CUST-08979,2024-09-18,0.1399,2
ORD-2024-031934,CUST-08980,2024-09-21,0.1265,1
ORD-2024-031935,CUST-08981,2024-09-27,0.3736,1
ORD-2024-031936,CUST-08982,2024-09-29,0.0439,1
ORD-2024-031937,CUST-08983,2024-09-30,0.1193,1
ORD-2024-031938,CUST-08984,2024-09-14,0.3853,1
ORD-2024-031939,CUST-08985,2024-09-27,0.1488,1
ORD-2024-031940,CUST-08986,2024-09-17,0.0511,1
ORD-2024-031941,CUST-08987,2024-09-14,0.3695,1
ORD-2024-031942,CUST-08988,2024-09-28,0.0492,1
ORD-2024-031943,CUST-08989,2024-09-25,0.1055,3
ORD-2024-031944,CUST-08990,2024-09-30,0.092,3
ORD-2024-031945,CUST-08991,2024-09-29,0.108,3
ORD-2024-031946,CUST-08992,2024-09-26,0.2653,2
ORD-2024-031947,CUST-08993,2024-09-30,0.0519,1
ORD-2024-031948,CUST-08994,2024-09-16,0.176,2
ORD-2024-031949,CUST-08995,2024-09-27,0.0829,4
ORD-2024-031950,CUST-08996,2024-09-29,0.4737,1
ORD-2024-031951,CUST-08997,2024-09-22,0.3178,1
ORD-2024-031952,CUST-08998,2024-09-30,0.3587,3
ORD-2024-031953,CUST-08999,2024-09-25,0.1096,1
ORD-2024-031954,CUST-09000,2024-09-28,0.0425,1
ORD-2024-031955,CUST-09001,2024-09-20,0.0618,1
ORD-2024-031956,CUST-09002,2024-09-23,0.0719,1
ORD-2024-031957,CUST-09003,2024-09-23,0.2929,1
ORD-2024-031958,CUST-09004,2024-09-27,0.1531,1
ORD-2024-031959,CUST-09005,2024-09-19,0.3467,2
ORD-2024-031960,CUST-09006,2024-09-30,0.0244,2
ORD-2024-031961,CUST-09007,2024-09-30,0.0107,2
ORD-2024-031962,CUST-09008,2024-09-21,0.1128,3
ORD-2024-031963,CUST-09009,2024-09-11,0.55,1
ORD-2024-031964,CUST-09010,2024-09-27,0.0778,1
ORD-2024-031965,CUST-09011,2024-09-29,0.0606,1
ORD-2024-031966,CUST-09012,2024-09-20,0.2417,1
ORD-2024-031967, CUST-09013 ,2024-09-28,0.1605,1
ORD-2024-031968,CUST-09014,2024-09-29,0.1331,2
ORD-2024-031969,CUST-09015,2024-09-30,0.1418,1
ORD-2024-031970,CUST-09016,2024-09-15,0.0826,3
ORD-2024-031971,CUST-09017,2024-09-30,0.2918,1
ORD-2024-031972,CUST-09018,2024-09-30,0.0737,1
ORD-2024-031973,CUST-09019,2024-09-23,0.167,3
ORD-2024-031974,CUST-09020,2024-09-18,0.0447,2
ORD-2024-031975,CUST-09021,2024-09-28,0.3447,1
ORD-2024-031976,CUST-09022,2024-09-14,0.3266,1
ORD-2024-031977,CUST-09023,2024-09-28,0.2096,1
ORD-2024-031978,CUST-09024,2024-09-17,0.55,1
ORD-2024-031979,CUST-09025,2024-09-27,0.4638,1
ORD-2024-031980,CUST-09026,2024-09-18,0.2053,2
ORD-2024-031981,CUST-09027,2024-09-17,0.2141,1
ORD-2024-031982,CUST-09028,2024-09-30,0.2562,2
ORD-2024-031983,CUST-09029,2024-09-28,0.2075,2
ORD-2024-031984,CUST-09030,2024-09-23,0.1846,2
ORD-2024-031985,CUST-09031,2024-09-30,0.2438,2
ORD-2024-031986,CUST-09032,2024-09-23,0.4026,1
ORD-2024-031987,CUST-09033,2024-09-19,0.3739,2
ORD-2024-031988,CUST-09034,2024-09-28,0.1268,3
ORD-2024-031989,CUST-09035,2024-09-30,0.2672,3
ORD-2024-031990,CUST-09036,2024-09-12,0.2538,3
ORD-2024-031991,CUST-09037,2024-09-30,0.0577,1
ORD-2024-031992,CUST-09038,2024-09-29,0.1864,2
ORD-2024-031993,CUST-09039,2024-09-28,0.0752,1
ORD-2024-031994,CUST-09040,2024-09-29,0.1128,1
ORD-2024-031995,CUST-09041,2024-09-14,0.4301,2
ORD-2024-031996,CUST-09042,2024-09-30,0.1365,1
ORD-2024-031997,CUST-09043,2024-09-14,0.55,2
ORD-2024-031998,CUST-09044,2024-09-30,0.0636,1
ORD-2024-031999,CUST-09045,2024-09-28,0.026,1
ORD-2024-032000,CUST-09046,2024-09-29,0.054,1
ORD-2024-032001,CUST-09047,2024-09-12,0.2496,1
ORD-2024-032002,CUST-09048,2024-09-19,0.0403,1
ORD-2024-032003,CUST-09049,2024-09-12,0.0908,2
ORD-2024-032004,CUST-09050,2024-09-14,0.1096,1
ORD-2024-032005,CUST-09051,2024-09-22,0.0813,3
ORD-2024-032006,CUST-09052,2024-09-30,0.0762,1
ORD-2024-032007,CUST-09053,,0.55,1
ORD-2024-032008,CUST-09054,2024-09-30,0.1287,2
ORD-2024-032009,CUST-09055,2024-09-29,0.2768,1
ORD-2024-032010,CUST-09056,2024-09-30,0.0306,1
ORD-2024-032011,CUST-09057,2024-09-14,0.068,2
ORD-2024-032012,CUST-09058,2024-09-21,0.0229,1
ORD-2024-032013,CUST-09059,2024-09-30,0.1416,2
ORD-2024-032014,CUST-09060,2024-09-29,0.381,1
ORD-2024-032015,CUST-09061,2024-09-10,0.0774,1
ORD-2024-032016,CUST-09062,2024-09-28,0.0687,2
ORD-2024-032017,CUST-09063,2024-09-25,0.226,1
ORD-2024-032018,CUST-09064,2024-09-30,0.395,1
ORD-2024-032019,CUST-09065,2024-09-09,0.3422,3
ORD-2024-032020,CUST-09066,2024-09-22,0.1226,1
ORD-2024-032021,CUST-09067,2024-09-30,0.0733,1
ORD-2024-032022,CUST-09068,2024-09-23,0.1693,1
ORD-2024-032023,CUST-09069,2024-09-30,0.4685,2
ORD-2024-032024,CUST-09070,2024-09-25,0.1733,2
ORD-2024-032025,CUST-09071,2024-09-05,0.2261,2
ORD-2024-032026,CUST-09072,2024-09-23,0.0262,1
ORD-2024-032027,CUST-09073,2024-09-29,0.0962,1
ORD-2024-032028,CUST-09074,2024-09-25,0.3928,2
ORD-2024-032029,CUST-09075,2024-09-30,0.1887,1
ORD-2024-032030,CUST-09076,2024-09-20,0.1141,1
ORD-2024-032031,CUST-09077,2024-09-18,0.0392,1
ORD-2024-032032,CUST-09078,2024-09-30,0.0729,1
ORD-2024-032033,CUST-09079,2024-09-28,0.1027,1
ORD-2024-032034,CUST-09080,2024-09-28,0.1238,1
ORD-2024-032035,CUST-09081,2024-09-27,0.0418,1
ORD-2024-032036,CUST-09082,2024-09-26,0.0346,3
ORD-2024-032037,CUST-09083,2024-09-27,0.2101,2
ORD-2024-032038,CUST-09084,2024-09-29,0.0711,2
ORD-2024-032039,CUST-09085,2024-09-13,0.1726,3
ORD-2024-032040,CUST-09086,2024-09-30,0.1599,2
ORD-2024-032041,CUST-09087,2024-09-11,0.1465,2
ORD-2024-032042,CUST-09088,2024-09-30,0.321,1
ORD-2024-032043,CUST-09089,2024-09-30,0.3558,2
ORD-2024-032044,CUST-09090,2024-09-14,0.0787,2
ORD-2024-032045,CUST-09091,2024-09-16,0.0551,4
ORD-2024-032046,CUST-09092,2024-09-15,0.3387,2
ORD-2024-032047,CUST-09093,2024-09-29,0.0754,2
ORD-2024-032048,CUST-09094,2024-09-29,0.0567,1
ORD-2024-032049,CUST-09095,2024-09-25,0.0575,2
ORD-2024-032050,CUST-09096,2024-09-28,0.2349,3
ORD-2024-032051,CUST-09097,2024-09-30,0.386,2
ORD-2024-032052,CUST-09098,2024-09-26,0.2053,1
ORD-2024-032053,CUST-09099,2024-09-30,0.1816,3
ORD-2024-032054,CUST-09100,2024-09-30,0.3022,1
ORD-2024-032055,CUST-09101,2024-09-27,0.0149,1
ORD-2024-032056,CUST-09102,2024-09-29,0.0509,1
ORD-2024-032057,CUST-09103,2024-09-26,0.0338,2
ORD-2024-032058,CUST-09104,2024-09-28,0.1639,2
ORD-2024-032059,CUST-09105,2024-09-28,0.3159,3
ORD-2024-032060,CUST-09106,2024-09-22,0.0265,2
ORD-2024-032061,CUST-09107,2024-09-30,0.0374,1
ORD-2024-032062,CUST-09108,2024-09-22,0.0373,1
ORD-2024-032063,CUST-09109,2024-09-18,0.3919,1
ORD-2024-032064,CUST-09110,2024-09-29,0.3025,1
ORD-2024-032065,CUST-09111,2024-09-26,0.0096,1
ORD-2024-032066,CUST-09112,2024-09-19,0.0336,1
ORD-2024-032067,CUST-09113,2024-09-29,0.4789,1
ORD-2024-032068,CUST-09114,2024-09-24,0.4481,1
ORD-2024-032069,CUST-09115,2024-09-24,0.1268,1
ORD-2024-032070,CUST-09116,2024-09-18,0.0866,2
ORD-2024-032071,CUST-09117,2024-09-25,0.0792,1
ORD-2024-032072,CUST-09118,2024-09-24,0.0345,3
ORD-2024-032073,CUST-09119,2024-09-21,0.0998,1
ORD-2024-032074,CUST-09120,2024-09-22,0.5128,2
ORD-2024-032075,CUST-09121,2024-09-30,0.0746,1
ORD-2024-032076,CUST-09122,2024-09-26,0.1477,3
ORD-2024-032077,CUST-09123,2024-09-10,0.0073,1
ORD-2024-032078,CUST-09124,2024-09-23,0.0276,1
ORD-2024-032079,CUST-09125,2024-09-08,0.0219,1
ORD-2024-032080,CUST-09126,2024-09-18,0.0581,3
ORD-2024-032081,CUST-09127,2024-09-25,0.0165,1
ORD-2024-032082,CUST-09128,2024-09-25,0.1105,1
ORD-2024-032083,CUST-09129,2024-09-21,0.0571,2
ORD-2024-032084,CUST-09130,2024-09-28,0.0085,2
ORD-2024-032085,CUST-09131,2024-09-25,0.1918,1
ORD-2024-032086,CUST-09132,2024-09-14,0.1837,2
ORD-2024-032087,CUST-09133,2024-09-28,0.216,1
ORD-2024-032088,CUST-09134,2024-09-12,0.266,1
ORD-2024-032089,CUST-09135,2024-09-25,0.4642,1
ORD-2024-032090,CUST-09136,2024-09-26,0.3693,2
ORD-2024-032091,CUST-09137,2024-09-22,0.0725,1
ORD-2024-032092,CUST-09138,2024-09-19,0.148,2
ORD-2024-032093,CUST-09139,2024-09-14,0.5082,1
ORD-2024-032094,CUST-09140,2024-09-21,0.165,1
ORD-2024-032095,CUST-09141,2024-09-29,0.1194,1
ORD-2024-032096,CUST-09142,2024-09-30,0.2688,3
ORD-2024-032097,CUST-09143,2024-09-25,0.5135,2
ORD-2024-032098,CUST-09144,2024-09-09,0.1306,2
ORD-2024-032099,CUST-09145,2024-09-28,0.033,2
ORD-2024-032100,CUST-09146,2024-09-29,0.1067,1
ORD-2024-032101,CUST-09147,2024-09-11,0.2323,2
ORD-2024-032102,CUST-09148,2024-09-26,0.2499,1
ORD-2024-032103,CUST-09149,2024-09-28,0.3305,1
ORD-2024-032104,CUST-09150,2024-09-22,0.1008,1
ORD-2024-032105,CUST-04988,2024-09-07,0.146,1
ORD-2024-032106,CUST-02351,2024-09-17,0.1315,3
ORD-2024-032107,CUST-07944,2024-09-26,0.0068,1
ORD-2024-032108,CUST-02888,2024-09-27,0.1173,2
ORD-2024-032109,CUST-06634,2024-09-28,0.025,1
ORD-2024-032110,CUST-01487,2024-09-29,0.0095,1
ORD-2024-032111,CUST-02341,2024-09-26,0.0868,1
ORD-2024-032112,CUST-03643,2024-09-28,0.0202,1
ORD-2024-032113,CUST-06689,2024-09-29,0.1716,1
ORD-2024-032114,CUST-08205,2024-09-15,0.0284,2
ORD-2024-032115,CUST-00301,2024-09-15,0.165,1
ORD-2024-032116,CUST-04264,2024-09-18,0.108,1
ORD-2024-032117,CUST-06208,2024-09-18,0.044,1
ORD-2024-032118,CUST-07082,2024-09-03,0.0684,1
ORD-2024-032119,CUST-05602,2024-09-08,0.0207,1
ORD-2024-032120,CUST-08421,2024-09-14,0.0718,1
ORD-2024-032121,CUST-04110,2024-09-03,0.1787,1
ORD-2024-032122,CUST-02527,2024-09-04,0.0518,1
ORD-2024-032123,CUST-00027,2024-09-20,0.0368,3
ORD-2024-032124,CUST-05819,2024-09-17,0.0457,1
ORD-2024-032125,CUST-00462,2024-09-28,0.0921,2
ORD-2024-032126,CUST-03520,2024-09-09,0.0585,1
ORD-2024-032127,CUST-03727,2024-09-05,0.0265,1
ORD-2024-032128,CUST-05643,2024-09-10,0.2179,1
ORD-2024-032129,CUST-03719,2024-09-24,0.0865,1
ORD-2024-032130,CUST-00273,2024-09-03,0.0635,1
ORD-2024-032131,CUST-05702,2024-09-19,0.1251,1
ORD-2024-032132,CUST-01819,2024-09-06,0.1836,2
ORD-2024-032133,CUST-06513,2024-09-18,0.0293,3
ORD-2024-032134,CUST-00930,2024-09-28,0.0038,1
ORD-2024-032135,CUST-02476,2024-09-11,0.1194,3
ORD-2024-032136,CUST-04546,2024-09-17,0.0227,1
ORD-2024-032137,CUST-08356,2024-09-15,0.0753,1
ORD-2024-032138,CUST-01398,2024-09-28,0.043,3
ORD-2024-032139,CUST-04103,2024-09-05,0.0199,1
ORD-2024-032140,CUST-03342,2024-09-25,0.142,2
ORD-2024-032141,CUST-05945,2024-09-12,0.0257,2
ORD-2024-032142,CUST-07785,2024-09-19,0.1135,2
ORD-2024-032143,CUST-07706,2024-09-15,0.0464,2
ORD-2024-032144,CUST-06170,2024-09-26,0.0292,5
ORD-2024-032145,CUST-00863,2024-09-28,0.0412,1
ORD-2024-032146,CUST-08456,2024-09-07,0.1298,2
ORD-2024-032147,CUST-07802,2024-09-07,0.0272,5
ORD-2024-032148,CUST-02178,2024-09-25,0.0846,1
ORD-2024-032149,CUST-04046,2024-09-01,0.1202,5
ORD-2024-032150,CUST-05356,2024-09-07,0.0298,1
ORD-2024-032151,CUST-09006,2024-09-06,0.0111,1
ORD-2024-032152,CUST-07157,2024-09-01,0.0261,1
ORD-2024-032153,CUST-00017,2024-09-22,0.0734,3
ORD-2024-032154,CUST-07449,2024-09-18,0.4253,1
ORD-2024-032155,CUST-05670,2024-09-26,0.2064,3
ORD-2024-032156,CUST-05199,2024-09-27,0.1713,1
ORD-2024-032157,CUST-07157,2024-09-20,0.0147,2
ORD-2024-032158,CUST-08273,2024-09-01,0.0124,1
ORD-2024-032159,CUST-02937,2024-09-03,0.0864,2
ORD-2024-032160,CUST-07827,2024-09-25,0.0708,1
ORD-2024-032161,CUST-05151,2024-09-17,0.2793,1
ORD-2024-032162,CUST-08951,2024-09-10,0.1317,1
ORD-2024-032163,CUST-00737,2024-09-15,0.0864,2
ORD-2024-032164,CUST-05400,2024-09-28,0.0509,1
ORD-2024-032165,CUST-02609,2024-09-07,0.0527,2
ORD-2024-032166,CUST-06282,2024-09-18,0.3411,3
ORD-2024-032167,CUST-06697,2024-09-09,0.3021,1
ORD-2024-032168,CUST-02807,2024-09-24,0.2186,1
ORD-2024-032169,CUST-02762,2024-09-12,0.1158,2
ORD-2024-032170,CUST-00291,2024-09-29,0.0268,2
ORD-2024-032171,CUST-00127,2024-09-14,0.1003,1
ORD-2024-032172,CUST-05310,2024-09-20,0.0699,2
ORD-2024-032173,CUST-01289,2024-09-25,0.0547,1
ORD-2024-032174,CUST-03114,2024-09-22,0.0342,2
ORD-2024-032175,CUST-05149,2024-09-09,0.0539,2
ORD-2024-032176,CUST-02707,2024-09-08,0.024,1
ORD-2024-032177,CUST-04877,2024-09-08,0.0195,1
ORD-2024-032178,CUST-05919,2024-09-29,0.2187,1
ORD-2024-032179,CUST-05867,2024-09-12,0.0216,3
ORD-2024-032180,CUST-05379,2024-09-02,0.1195,5
ORD-2024-032181,CUST-08972,2024-09-25,0.0707,2
ORD-2024-032182,CUST-01680,2024-09-20,0.0429,3
ORD-2024-032183,CUST-06109,2024-09-06,0.0363,1
ORD-2024-032184,CUST-07499,2024-09-26,0.173,2
ORD-2024-032185,CUST-05928,2024-09-25,0.2877,2
ORD-2024-032186,CUST-06465,2024-09-28,0.0482,2
ORD-2024-032187,CUST-02474,2024-09-12,0.1176,2
ORD-2024-032188,CUST-05676,2024-09-07,0.0503,1
ORD-2024-032189,CUST-01907,2024-09-21,0.043,1
ORD-2024-032190,CUST-06458,2024-09-21,0.098,3
ORD-2024-032191,CUST-06697,2024-09-23,0.0691,1
ORD-2024-032192,CUST-00005,2024-09-08,0.2747,2
ORD-2024-032193,CUST-07043,2024-09-07,0.0552,3
ORD-2024-032194,CUST-08084,2024-09-03,0.0502,2
ORD-2024-032195,CUST-07704,2024-09-21,0.0806,2
ORD-2024-032196,CUST-01733,2024-09-04,0.0693,1
ORD-2024-032197,CUST-06421,2024-09-07,0.0578,3
ORD-2024-032198,CUST-02664,2024-09-09,0.2358,1
ORD-2024-032199,CUST-00397,2024-09-30,0.0099,2
ORD-2024-032200,CUST-03773,2024-09-01,0.0587,2
ORD-2024-032201,CUST-03740,2024-09-14,0.059,3
ORD-2024-032202,CUST-07947,2024-09-29,0.0834,2
ORD-2024-032203,CUST-07802,2024-09-28,0.0447,4
ORD-2024-032204,CUST-04791,2024-09-19,0.1696,1
ORD-2024-032205,CUST-06704,2024-09-20,0.0458,1
ORD-2024-032206,CUST-02669,2024-09-29,0.0689,2
ORD-2024-032207,CUST-01202,2024-09-03,0.1006,3
ORD-2024-032208,CUST-06539,2024-09-21,0.1915,1
ORD-2024-032209,CUST-07064,2024-09-10,0.0396,1
ORD-2024-032210,CUST-01740,2024-09-04,0.1004,2
ORD-2024-032211,CUST-05912,2024-09-01,0.1434,1
ORD-2024-032212,CUST-00502,2024-09-16,0.0407,1
ORD-2024-032213,CUST-02976,2024-09-10,0.0226,3
ORD-2024-032214,CUST-05676,2024-09-06,0.0415,1
ORD-2024-032215,CUST-04997,2024-09-18,0.0894,1
ORD-2024-032216,CUST-07384,2024-09-19,0.1345,1
ORD-2024-032217,CUST-04533,2024-09-09,0.1061,1
ORD-2024-032218,CUST-05581,2024-09-10,0.0318,2
ORD-2024-032219,CUST-04777,2024-09-06,0.2769,1
ORD-2024-032220,CUST-04262,2024-09-28,0.0641,1
ORD-2024-032221,CUST-04690,2024-09-23,0.0721,1
ORD-2024-032222,CUST-00456,2024-09-16,0.0582,3
ORD-2024-032223,CUST-08053,2024-09-10,0.0622,2
ORD-2024-032224,CUST-02615,2024-09-06,0.1755,3
ORD-2024-032225,CUST-01648,2024-09-16,0.1788,1
ORD-2024-032226,CUST-03718,2024-09-19,0.0156,1
ORD-2024-032227,CUST-00571,2024-09-05,0.0358,2
ORD-2024-032228,CUST-03548,2024-09-18,0.2169,1
ORD-2024-032229,CUST-01860,2024-09-01,0.3074,1
ORD-2024-032230,CUST-04760,2024-09-09,0.1209,1
ORD-2024-032231,CUST-00975,2024-09-28,0.0632,1
ORD-2024-032232,CUST-06306,2024-09-12,0.0313,2
ORD-2024-032233,CUST-08288,2024-09-24,0.1981,1
ORD-2024-032234,CUST-06011,2024-09-09,0.0322,2
ORD-2024-032235,CUST-04151,2024-09-22,0.0071,1
ORD-2024-032236,CUST-06502,2024-09-20,0.1394,1
ORD-2024-032237,CUST-06080,2024-09-05,0.1467,1
ORD-2024-032238,CUST-01780,2024-09-11,0.2194,1
ORD-2024-032239,CUST-04560,2024-09-05,0.0697,2
ORD-2024-032240,CUST-03854,2024-09-13,0.1206,1
ORD-2024-032241, CUST-06399 ,2024-09-06,0.0879,1
ORD-2024-032242,CUST-01930,2024-09-22,0.0694,1
ORD-2024-032243,CUST-08697,2024-09-04,0.0673,3
ORD-2024-032244,CUST-02496,2024-09-01,0.0764,1
ORD-2024-032245,CUST-06847,2024-09-16,0.1096,4
ORD-2024-032246,CUST-03170,2024-09-21,0.0281,1
ORD-2024-032247,CUST-01037,2024-09-14,0.0408,3
ORD-2024-032248,CUST-06550,2024-09-22,0.0978,1
ORD-2024-032249,CUST-05754,2024-09-19,0.0046,1
ORD-2024-032250,CUST-01571,2024-09-30,0.0586,1
ORD-2024-032251,CUST-02247,2024-09-11,0.1362,1
ORD-2024-032252,CUST-06487,2024-09-27,0.1784,1
ORD-2024-032253,CUST-04074,2024-09-15,0.1364,1
ORD-2024-032254,CUST-03468,2024-09-22,0.066,2
ORD-2024-032255,CUST-06549,2024-09-22,0.0821,2
ORD-2024-032256,CUST-02341,2024-09-03,0.1247,1
ORD-2024-032257,CUST-03393,2024-09-21,0.0404,1
ORD-2024-032258,CUST-04790,2024-09-14,0.1378,1
ORD-2024-032259,CUST-06563,2024-09-20,0.0422,4
ORD-2024-032260,CUST-07217,2024-09-12,0.0589,1
ORD-2024-032261,CUST-06810,2024-09-22,0.0552,1
ORD-2024-032262,CUST-00371,2024-09-18,0.0684,2
ORD-2024-032263,CUST-07441,2024-09-24,0.0179,2
ORD-2024-032264,CUST-07851,2024-09-06,0.1498,1
ORD-2024-032265,CUST-06177,2024-09-17,0.0734,1
ORD-2024-032266,CUST-04521,2024-09-18,0.023,1
ORD-2024-032267,CUST-01047,2024-09-13,0.087,1
ORD-2024-032268,CUST-02404,2024-09-27,0.0377,1
ORD-2024-032269,CUST-06954,2024-09-01,0.0245,1
ORD-2024-032270,CUST-02967,2024-09-18,0.2656,1
ORD-2024-032271,CUST-06399,2024-09-28,0.057,1
ORD-2024-032272,CUST-07343,2024-09-20,0.1992,1
ORD-2024-032273,CUST-01517,2024-09-23,0.0597,1
ORD-2024-032274,CUST-07040,2024-09-10,0.1453,1
ORD-2024-032275,CUST-04231,2024-09-05,0.0172,2
ORD-2024-032276,CUST-06944,2024-09-21,0.4522,2
ORD-2024-032277,CUST-05722,2024-09-07,0.1237,2
ORD-2024-032278,CUST-00863,2024-09-27,0.0503,4
ORD-2024-032279,CUST-05137,2024-09-07,0.1842,1
ORD-2024-032280,CUST-04008,2024-09-18,0.1828,3
ORD-2024-032281,CUST-04530,2024-09-28,0.2818,1
ORD-2024-032282,CUST-02413,2024-09-21,0.0549,3
ORD-2024-032283,CUST-06059,2024-09-05,0.0968,1
ORD-2024-032284,CUST-02681,2024-09-25,0.045,1
ORD-2024-032285,CUST-06918,2024-09-24,0.3589,1
ORD-2024-032286,CUST-04680,2024-09-08,0.1574,2
ORD-2024-032287,CUST-01765,2024-09-06,0.169,1
ORD-2024-032288,CUST-01416,2024-09-09,0.0258,2
ORD-2024-032289,CUST-02459,2024-09-21,0.0681,3
ORD-2024-032290,CUST-06497,2024-09-23,0.0572,1
ORD-2024-032291,CUST-04533,2024-09-01,0.0479,1
ORD-2024-032292,CUST-05638,2024-09-01,0.1347,2
ORD-2024-032293,CUST-00465,2024-09-08,0.0313,1
ORD-2024-032294,CUST-08180,2024-09-09,0.0146,4
ORD-2024-032295,CUST-02292,2024-09-27,0.2714,3
ORD-2024-032296,CUST-06027,2024-09-24,0.0829,1
ORD-2024-032297,CUST-05851,2024-09-02,0.1798,1
ORD-2024-032298,CUST-03681,2024-09-07,0.033,1
ORD-2024-032299,CUST-04886,2024-09-22,0.0274,1
ORD-2024-032300,CUST-02341,2024-09-13,0.0939,1
ORD-2024-032301,CUST-01571,2024-09-21,0.0023,1
ORD-2024-032302,CUST-00246,2024-09-26,0.0475,1
ORD-2024-032303,CUST-06059,2024-09-11,0.0903,2
ORD-2024-032304,CUST-08601,2024-09-17,0.4007,1
ORD-2024-032305,CUST-03374,2024-09-27,0.0467,2
ORD-2024-032306,CUST-05766,2024-09-19,0.1092,1
ORD-2024-032307,CUST-04335,2024-09-24,0.0639,1
ORD-2024-032308,CUST-00696,2024-09-06,0.0674,1
ORD-2024-032309,CUST-02183,2024-09-14,0.0695,1
ORD-2024-032310,CUST-03925,2024-09-04,0.0808,1
ORD-2024-032311,CUST-00706,2024-09-11,0.2347,1
ORD-2024-032312,CUST-04609,2024-09-18,0.053,1
ORD-2024-032313,,2024-09-28,0.0412,3
ORD-2024-032314,CUST-04986,2024-09-07,0.0276,1
ORD-2024-032315,CUST-01721,2024-09-11,0.1252,1
ORD-2024-032316,CUST-07098,2024-09-11,0.065,1
ORD-2024-032317,CUST-06000,2024-09-13,0.0129,2
ORD-2024-032318,CUST-01880,2024-09-06,0.1238,3
ORD-2024-032319,CUST-03083,2024-09-19,0.0838,2
ORD-2024-032320,CUST-03776,2024-09-01,0.0316,1
ORD-2024-032321,CUST-08496,2024-09-28,0.055,2
ORD-2024-032322,CUST-03204,2024-09-30,0.0663,2
ORD-2024-032323,CUST-00147,2024-09-15,0.1497,1
ORD-2024-032324,CUST-01029,2024-09-04,0.0389,3
ORD-2024-032325,CUST-04098,2024-09-26,0.039,3
ORD-2024-032326,CUST-02351,2024-09-27,0.0553,1
ORD-2024-032327,CUST-08152,2024-09-05,0.0547,1
ORD-2024-032328,CUST-00560,2024-09-24,0.0281,2
ORD-2024-032329,CUST-05075,2024-09-23,0.0203,1
ORD-2024-032330,CUST-04291,2024-09-23,0.1729,3
ORD-2024-032331,CUST-00343,2024-09-22,0.054,1
ORD-2024-032332,CUST-05731,2024-09-03,0.346,1
ORD-2024-032333,CUST-00915,2024-09-21,0.1209,2
ORD-2024-032334,CUST-06581,2024-09-06,0.3558,1
ORD-2024-032335,CUST-06200,2024-09-21,0.0881,2
ORD-2024-032336,CUST-06491,2024-09-29,0.059,2
ORD-2024-032337,CUST-01341,2024-09-02,0.0225,1
ORD-2024-032338,CUST-01401,2024-09-05,0.1617,3
ORD-2024-032339,CUST-05405,2024-09-11,0.056,1
ORD-2024-032340,CUST-02246,2024-09-12,0.0511,3
ORD-2024-032341,CUST-07367,2024-09-10,0.0227,1
ORD-2024-032342,CUST-00700,2024-09-28,0.0424,2
ORD-2024-032343,CUST-07450,2024-09-27,0.0438,1
ORD-2024-032344,CUST-01096,2024-09-06,0.0372,1
ORD-2024-032345,CUST-07001,2024-09-13,0.0868,2
ORD-2024-032346,CUST-03449,2024-09-08,0.274,1
ORD-2024-032347,CUST-02407,2024-09-13,0.0838,1
ORD-2024-032348,CUST-01973,2024-09-27,0.1126,1
ORD-2024-032349,CUST-04199,2024-09-17,0.0692,3
ORD-2024-032350,CUST-01767,2024-09-15,0.1341,3
ORD-2024-032351,CUST-01316,2024-09-27,0.039,2
ORD-2024-032352,CUST-00127,2024-09-06,0.1089,1
ORD-2024-032353,CUST-06262,2024-09-29,0.4102,3
ORD-2024-032354,CUST-06424,2024-09-06,0.3073,1
ORD-2024-032355,CUST-00096,2024-09-05,0.1776,3
ORD-2024-032356,CUST-07312,2024-09-30,0.008,1
ORD-2024-032357,CUST-01869,2024-09-30,0.4842,1
ORD-2024-032358,CUST-07294,2024-09-19,0.0769,3
ORD-2024-032359,CUST-04141,2024-09-23,0.0703,2
ORD-2024-032360,CUST-05444,2024-09-26,0.0311,1
ORD-2024-032361,CUST-08160,2024-09-16,0.0575,1
ORD-2024-032362,CUST-03888,2024-09-30,0.278,1
ORD-2024-032363,CUST-06489,2024-09-30,0.2053,2
ORD-2024-032364,CUST-01630,2024-09-17,0.1143,1
ORD-2024-032365,CUST-03035,2024-09-23,0.1658,2
ORD-2024-032366,CUST-02838,2024-09-08,0.0545,1
ORD-2024-032367,CUST-02881,2024-09-22,0.0968,1
ORD-2024-032368,CUST-05151,2024-09-06,0.0965,1
ORD-2024-032369,CUST-07903,2024-09-24,0.0263,3
ORD-2024-032370,CUST-05180,2024-09-06,0.0926,1
ORD-2024-032371,CUST-04919,2024-09-08,0.0481,3
ORD-2024-032372,CUST-05379,2024-09-16,0.2223,1
ORD-2024-032373,CUST-06917,2024-09-21,0.3194,2
ORD-2024-032374,CUST-01737,2024-09-28,0.1915,1
ORD-2024-032375,CUST-08024,2024-09-03,0.0965,4
ORD-2024-032376,CUST-00394,2024-09-04,0.1247,3
ORD-2024-032377,CUST-03810,2024-09-06,0.1627,2
ORD-2024-032378,CUST-07173,2024-09-18,0.1131,1
ORD-2024-032379,CUST-00382,2024-09-27,0.1515,1
ORD-2024-032380,CUST-05223,2024-09-20,0.0948,2
ORD-2024-032381,CUST-05130,2024-09-04,0.1281,1
ORD-2024-032382,CUST-08767,2024-09-13,0.0639,1
ORD-2024-032383,CUST-00447,2024-09-22,0.04,1
ORD-2024-032384,CUST-00467,2024-09-19,0.1311,3
ORD-2024-032385,CUST-03738,2024-09-11,0.1115,1
ORD-2024-032386,CUST-03315,2024-09-14,0.0492,1
ORD-2024-032387,CUST-00348,2024-09-15,0.1095,1
ORD-2024-032388,CUST-00723,2024-09-14,0.0247,2
ORD-2024-032389,CUST-07480,2024-09-28,0.1395,1
ORD-2024-032390,CUST-08318,2024-09-05,0.1412,3
ORD-2024-032391,CUST-04187,2024-09-03,0.0687,2
ORD-2024-032392,CUST-08871,2024-09-03,0.0056,1
ORD-2024-032393,CUST-06722,2024-09-29,0.1147,1
ORD-2024-032394,CUST-08674,2024-09-21,0.0701,1
ORD-2024-032395,CUST-03761,2024-09-02,0.3539,1
ORD-2024-032396,CUST-07540,2024-09-24,0.1944,1
ORD-2024-032397,CUST-01450,2024-09-30,0.0774,1
ORD-2024-032398,CUST-08785,2024-09-08,0.034,3
ORD-2024-032399,CUST-07961,2024-09-03,0.1011,1
ORD-2024-032400,CUST-06136,2024-09-13,0.1104,1
ORD-2024-032401,CUST-05053,2024-09-27,0.09,3
ORD-2024-032402,CUST-04701,2024-09-06,0.0352,1
ORD-2024-032403,CUST-04873,2024-09-01,0.0282,1
ORD-2024-032404,CUST-07702,2024-09-08,0.0944,1
ORD-2024-032405,CUST-07827,2024-09-02,0.0334,1
ORD-2024-032406,CUST-03372,2024-09-26,0.0657,1
ORD-2024-032407,CUST-07751,2024-09-06,0.15,1
ORD-2024-032408,CUST-01073,2024-09-04,0.0981,1
ORD-2024-032409,CUST-02289,2024-09-16,0.0283,2
ORD-2024-032410,CUST-02143,2024-09-07,0.0462,1
ORD-2024-032411,CUST-07726,2024-09-26,0.0814,2
ORD-2024-032412,CUST-03308,2024-09-09,0.1592,1
ORD-2024-032413,CUST-04001,2024-09-05,0.1725,2
ORD-2024-032414,CUST-05581,2024-09-03,0.0867,1
ORD-2024-032415,CUST-05602,2024-09-19,0.0212,1
ORD-2024-032416,CUST-00453,2024-09-28,0.0296,1
ORD-2024-032417,CUST-02329,2024-09-11,0.1504,2
ORD-2024-032418,CUST-00930,2024-09-22,0.0242,2
ORD-2024-032419,CUST-00104,2024-09-24,0.0868,4
ORD-2024-032420,CUST-06522,2024-09-13,0.1631,1
ORD-2024-032421,CUST-00393,2024-09-26,0.1987,2
ORD-2024-032422,CUST-08107,2024-09-30,0.1059,1
ORD-2024-032423,CUST-04524,2024-09-17,0.1045,1
ORD-2024-032424,CUST-07838,2024-09-18,0.2969,1
ORD-2024-032425,CUST-06621,2024-09-28,0.3806,1
ORD-2024-032426,CUST-04262,2024-09-26,0.1095,2
ORD-2024-032427,CUST-08302,2024-09-06,0.0081,1
ORD-2024-032428,CUST-06210,2024-09-21,0.0257,3
ORD-2024-032429,CUST-06070,2024-09-04,0.1523,1
ORD-2024-032430,CUST-06768,2024-09-15,0.1766,1
ORD-2024-032431,CUST-03840,2024-09-16,0.0949,1
ORD-2024-032432,CUST-00482,2024-09-10,0.088,2
ORD-2024-032433,CUST-02776,2024-09-05,0.0411,4
ORD-2024-032434,CUST-07238,2024-09-19,0.1755,1
ORD-2024-032435,CUST-08596,2024-09-10,0.0106,1
ORD-2024-032436,CUST-03218,2024-09-06,0.1348,2
ORD-2024-032437,CUST-04437,2024-09-01,0.0173,1
ORD-2024-032438,CUST-03608,2024-09-11,0.155,1
ORD-2024-032439,CUST-05766,2024-09-10,0.1642,1
ORD-2024-032440,CUST-01520,2024-09-18,0.2096,1
ORD-2024-032441,CUST-05659,2024-09-08,0.1422,1
ORD-2024-032442,CUST-03029,2024-09-23,0.0584,3
ORD-2024-032443,CUST-04338,2024-09-15,0.0633,3
ORD-2024-032444,CUST-05987,2024-09-23,0.1298,2
ORD-2024-032445,CUST-03929,2024-09-28,0.0669,1
ORD-2024-032446,CUST-03970,2024-09-28,0.0551,1
ORD-2024-032447,CUST-03774,2024-09-05,0.1069,4
ORD-2024-032448,CUST-07396,2024-09-29,0.0133,1
ORD-2024-032449,CUST-02542,2024-09-12,0.0624,1
ORD-2024-032450,CUST-08616,2024-09-12,0.1675,2
ORD-2024-032451,CUST-05346,2024-09-12,0.2158,1
ORD-2024-032452,CUST-00846,2024-09-01,0.1765,1
ORD-2024-032453,CUST-06080,2024-09-01,0.1445,3
ORD-2024-032454,CUST-00163,2024-09-06,0.0472,1
ORD-2024-032455,CUST-02791,2024-09-29,0.2637,1
ORD-2024-032456,CUST-07231,2024-09-15,0.0423,1
ORD-2024-032457,CUST-07266,2024-09-19,0.1354,1
ORD-2024-032458,CUST-01684,2024-09-03,0.1299,2
ORD-2024-032459,CUST-01069,2024-09-17,0.1642,1
ORD-2024-032460,CUST-02999,2024-09-16,0.1031,1
ORD-2024-032461,CUST-09065,2024-09-29,0.208,1
ORD-2024-032462,CUST-05087,2024-09-16,0.1742,1
ORD-2024-032463,CUST-06931,2024-09-10,0.0584,3
ORD-2024-032464,CUST-01184,2024-09-18,0.2521,1
ORD-2024-032465,CUST-02549,2024-09-13,0.1759,3
ORD-2024-032466,CUST-02400,2024-09-07,0.4875,1
ORD-2024-032467,CUST-02459,2024-09-29,0.1176,1
ORD-2024-032468,CUST-04368,2024-09-29,0.1359,1
ORD-2024-032469,CUST-07454,2024-09-15,0.1431,1
ORD-2024-032470,CUST-08274,2024-09-22,0.0091,1
ORD-2024-032471,CUST-06306,2024-09-23,0.0271,1
ORD-2024-032472,CUST-03991,2024-09-26,0.1428,1
ORD-2024-032473,CUST-08691,2024-09-25,0.1032,1
ORD-2024-032474,CUST-07648,2024-09-05,0.0607,1
ORD-2024-032475,CUST-03170,2024-09-23,0.0107,3
ORD-2024-032476,CUST-06291,2024-09-10,0.0972,1
ORD-2024-032477,CUST-07597,2024-09-06,0.1489,3
ORD-2024-032478,CUST-07451,2024-09-09,0.081,1
ORD-2024-032479,CUST-00301,2024-09-05,0.1179,1
ORD-2024-032480,CUST-02513,2024-09-01,0.0428,1
ORD-2024-032481,CUST-00876,2024-09-08,0.1634,2
ORD-2024-032482,CUST-02212,2024-09-27,0.0122,1
ORD-2024-032483,CUST-06992,2024-09-11,0.0732,3
ORD-2024-032484,CUST-00564,2024-09-19,0.0624,3
ORD-2024-032485,CUST-03216,2024-09-15,0.0323,2
ORD-2024-032486,CUST-03837,2024-09-11,0.0445,1
ORD-2024-032487,CUST-07704,2024-09-23,0.1317,2
ORD-2024-032488,CUST-04904,2024-09-29,0.0206,1
ORD-2024-032489,CUST-00190,2024-09-27,0.0727,3
ORD-2024-032490,CUST-05060,2024-09-02,0.0202,1
ORD-2024-032491,CUST-05538,2024-09-22,0.1684,2
ORD-2024-032492,CUST-07731,2024-09-02,0.2647,1
ORD-2024-032493,CUST-01400,2024-09-05,0.1386,2
ORD-2024-032494,CUST-09089,2024-09-15,0.0982,1
ORD-2024-032495,CUST-04527,2024-09-29,0.0584,3
ORD-2024-032496,CUST-03649,2024-09-09,0.0568,1
ORD-2024-032497,CUST-03920,2024-09-26,0.0152,1
ORD-2024-032498,CUST-06573,2024-09-19,0.0801,2
ORD-2024-032499,CUST-01798,2024-09-14,0.0085,1
ORD-2024-032500,CUST-01798,2024-09-17,0.0659,1
ORD-2024-032501,CUST-05031,2024-09-07,0.0879,1
ORD-2024-032502,CUST-05420,2024-09-22,0.1835,3
ORD-2024-032503,CUST-09062,2024-09-06,0.0129,1
ORD-2024-032504,CUST-03393,2024-09-25,0.0893,3
ORD-2024-032505,CUST-01349,2024-09-07,0.0857,3
ORD-2024-032506,CUST-01605,2024-09-13,0.0412,1
ORD-2024-032507,CUST-02449,2024-09-04,0.0405,1
ORD-2024-032508,CUST-08107,2024-09-25,0.1262,1
ORD-2024-032509,CUST-02621,2024-09-12,0.1082,1
ORD-2024-032510,CUST-07181,2024-09-11,0.1212,1
ORD-2024-032511,CUST-03822,2024-09-06,0.0273,1
ORD-2024-032512,CUST-07098,2024-09-06,0.0877,1
ORD-2024-032513,CUST-07657,2024-09-07,0.1097,1
ORD-2024-032514,CUST-00920,2024-09-04,0.0225,1
ORD-2024-032515,CUST-03924,2024-09-12,0.0083,1
ORD-2024-032516,CUST-02238,2024-09-21,0.0314,2
ORD-2024-032517,CUST-04749,2024-09-08,0.1223,2
ORD-2024-032518,CUST-07524,2024-09-02,0.0888,1
ORD-2024-032519,CUST-06329,2024-09-28,0.027,3
ORD-2024-032520,CUST-04247,2024-09-01,0.251,1
ORD-2024-032521,CUST-02085,2024-09-13,0.0283,1
ORD-2024-032522,CUST-08999,2024-09-27,0.1323,3
ORD-2024-032523,CUST-03607,2024-09-27,0.0932,2
ORD-2024-032524,CUST-08440,2024-09-24,0.0305,3
ORD-2024-032525,CUST-08490,2024-09-05,0.0583,1
ORD-2024-032526,CUST-08288,2024-09-18,0.0902,2
ORD-2024-032527,CUST-07752,2024-09-12,0.0607,2
ORD-2024-032528,CUST-07271,2024-09-19,0.0784,1
ORD-2024-032529,CUST-01357,2024-09-01,0.1615,1
ORD-2024-032530,CUST-02964,2024-09-28,0.0762,2
ORD-2024-032531,CUST-05180,2024-09-17,0.026,1
ORD-2024-032532,CUST-06316,2024-09-08,0.0221,1
ORD-2024-032533,CUST-01969,2024-09-07,0.1863,3
ORD-2024-032534,CUST-03873,2024-09-29,0.0863,3
ORD-2024-032535,CUST-07440,2024-09-04,0.0356,4
ORD-2024-032536,CUST-05182,2024-09-28,0.108,2
ORD-2024-032537,CUST-07944,2024-09-08,0.0427,3
ORD-2024-032538,CUST-05402,2024-09-28,0.2722,2
ORD-2024-032539,CUST-04098,2024-09-19,0.0241,1
ORD-2024-032540,CUST-04361,2024-09-11,0.0655,2
ORD-2024-032541,CUST-07211,2024-09-29,0.151,1
ORD-2024-032542,CUST-05602,2024-09-05,0.0527,1
ORD-2024-032543,CUST-06913,2024-09-30,0.2507,1
ORD-2024-032544,CUST-09058,2024-09-13,0.2098,1
ORD-2024-032545,CUST-08462,2024-09-29,0.0356,1
ORD-2024-032546,CUST-08550,2024-09-19,0.1088,1
ORD-2024-032547,CUST-06854,2024-09-09,0.1016,2
ORD-2024-032548,CUST-07830,2024-09-15,0.1749,1
ORD-2024-032549,CUST-03771,2024-09-04,0.1273,1
ORD-2024-032550,CUST-06080,2024-09-01,0.0582,1
ORD-2024-032551,CUST-07889,2024-09-04,0.1729,3
ORD-2024-032552,CUST-00175,2024-09-13,0.0591,2
ORD-2024-032553,CUST-03233,2024-09-07,0.136,1
ORD-2024-032554,CUST-05638,2024-09-14,0.1814,2
ORD-2024-032555,CUST-07480,2024-09-16,0.0719,2
ORD-2024-032556,CUST-00570,2024-09-22,0.1815,3
ORD-2024-032557,CUST-01342,2024-09-27,0.0599,3
ORD-2024-032558,CUST-01182,2024-09-01,0.012,2
ORD-2024-032559,CUST-04270,2024-09-02,0.0642,2
ORD-2024-032560,CUST-07230,2024-09-18,0.0947,1
ORD-2024-032561,CUST-00550,2024-09-16,0.0568,1
ORD-2024-032562,CUST-03887,2024-09-13,0.0601,3
ORD-2024-032563,CUST-04022,2024-09-02,0.1723,1
ORD-2024-032564,CUST-05754,2024-09-18,0.0546,1
ORD-2024-032565,CUST-02020,2024-09-04,0.03,3
ORD-2024-032566,CUST-02943,2024-09-09,0.1076,1
ORD-2024-032567,CUST-03718,2024-09-26,0.0103,2
ORD-2024-032568,CUST-01164,2024-09-21,0.0532,1
ORD-2024-032569,CUST-08129,2024-09-22,0.151,1
ORD-2024-032570,CUST-08027,2024-09-21,0.0931,2
ORD-2024-032571,CUST-07192,2024-09-20,0.0972,1
ORD-2024-032572,CUST-00371,2024-09-20,0.026,1
ORD-2024-032573,CUST-07451,2024-09-21,0.0777,1
ORD-2024-032574,CUST-07212,2024-09-24,0.1373,1
ORD-2024-032575,CUST-05814,2024-09-06,0.093,1
ORD-2024-032576,CUST-04799,2024-09-22,0.0714,1
ORD-2024-032577,CUST-03468,2024-09-13,0.0432,2
ORD-2024-032578,CUST-07676,2024-09-15,0.2442,1
ORD-2024-032579,CUST-05417,2024-09-02,0.0506,2
ORD-2024-032580,CUST-05581,2024-09-17,0.0596,4
ORD-2024-032581,CUST-03854,2024-09-16,0.0457,2
ORD-2024-032582,CUST-08143,2024-09-23,0.0304,3
ORD-2024-032583,CUST-07791,2024-09-29,0.1604,2
ORD-2024-032584,CUST-06059,2024-09-19,0.0402,2
ORD-2024-032585,CUST-03643,2024-09-19,0.0752,2
ORD-2024-032586,CUST-03075,2024-09-22,0.0819,1
ORD-2024-032587,CUST-04985,2024-09-20,0.1562,3
ORD-2024-032588,CUST-06347,2024-09-15,0.0777,2
ORD-2024-032589,CUST-02479,2024-09-13,0.0645,1
ORD-2024-032590,CUST-03860,2024-09-23,0.0469,1
ORD-2024-032591,CUST-06016,2024-09-02,0.0887,2
ORD-2024-032592,CUST-00600,2024-09-27,0.019,1
ORD-2024-032593,CUST-00903,2024-09-25,0.0152,2
ORD-2024-032594,CUST-07463,2024-09-08,0.0251,1
ORD-2024-032595,CUST-02636,2024-09-16,0.0994,1
ORD-2024-032596,CUST-05904,2024-09-09,0.0232,3
ORD-2024-032597,CUST-07261,2024-09-19,0.024,2
ORD-2024-032598,CUST-07248,2024-09-10,0.0729,1
ORD-2024-032599,CUST-08274,2024-09-22,0.0186,1
ORD-2024-032600,CUST-01390,2024-09-23,0.097,2
ORD-2024-032601,CUST-03978,2024-09-24,0.133,5
ORD-2024-032602,CUST-05982,2024-09-16,0.0673,3
ORD-2024-032603,CUST-00545,2024-09-12,0.1252,1
ORD-2024-032604,CUST-08887,2024-09-04,0.0937,1
ORD-2024-032605,CUST-00386,2024-09-12,0.0185,1
ORD-2024-032606,CUST-00039,2024-09-27,0.0865,1
ORD-2024-032607,CUST-05514,2024-09-26,0.0635,1
ORD-2024-032608,CUST-03321,2024-09-21,0.044,2
ORD-2024-032609,CUST-01436,2024-09-21,0.2983,2
ORD-2024-032610,CUST-07362,2024-09-01,0.0614,1
ORD-2024-032611,CUST-05337,2024-09-27,0.1896,1
ORD-2024-032612,CUST-06713,2024-09-06,0.0662,3
ORD-2024-032613,CUST-00556,2024-09-29,0.1731,1
ORD-2024-032614,CUST-08143,2024-09-03,0.02,1
ORD-2024-032615,CUST-06157,2024-09-26,0.0672,1
ORD-2024-032616,CUST-08027,2024-09-15,0.1014,4
ORD-2024-032617,CUST-07644,2024-09-10,0.299,1
ORD-2024-032618,CUST-07455,2024-09-04,0.0386,1
ORD-2024-032619,CUST-07641,2024-09-21,0.0249,1
ORD-2024-032620,CUST-05887,2024-09-11,0.0344,4
ORD-2024-032621,CUST-04727,2024-09-26,0.0495,1
ORD-2024-032622,CUST-02066,2024-09-30,0.2175,2
ORD-2024-032623,CUST-02834,2024-09-27,0.0165,1
ORD-2024-032624,CUST-02699,2024-09-10,0.1062,2
ORD-2024-032625,CUST-04128,2024-09-12,0.0084,2
ORD-2024-032626,CUST-01182,2024-09-30,0.0333,2
ORD-2024-032627,CUST-07630,2024-09-27,0.089,2
ORD-2024-032628,CUST-06642,2024-09-30,0.2414,2
ORD-2024-032629,CUST-01923,2024-09-26,0.0324,1
ORD-2024-032630,CUST-07275,2024-09-29,0.0296,1
ORD-2024-032631,CUST-03204,2024-09-14,0.0613,2
ORD-2024-032632,CUST-04675,2024-09-10,0.2337,1
ORD-2024-032633,CUST-03393,2024-09-21,0.0709,1
ORD-2024-032634,CUST-08387,2024-09-02,0.0615,1
ORD-2024-032635,CUST-04029,2024-09-16,0.0798,1
ORD-2024-032636,CUST-00458,2024-09-02,0.0981,1
ORD-2024-032637,CUST-08854,2024-09-29,0.0042,1
ORD-2024-032638,CUST-03520,2024-09-07,0.1722,1
ORD-2024-032639,CUST-02081,2024-09-14,0.0137,1
ORD-2024-032640,CUST-08535,2024-09-11,0.0878,1
ORD-2024-032641,CUST-04326,2024-09-22,0.047,3
ORD-2024-032642,CUST-08951,2024-09-19,0.108,1
ORD-2024-032643,CUST-04327,2024-09-28,0.0472,1
ORD-2024-032644,CUST-00104,2024-09-30,0.1645,4
ORD-2024-032645,CUST-06681,2024-09-25,0.1896,1
ORD-2024-032646,CUST-02333,2024-09-02,0.0785,1
ORD-2024-032647,CUST-02527,2024-09-16,0.1833,1
ORD-2024-032648,CUST-07731,2024-09-12,0.0348,1
ORD-2024-032649,CUST-07018,2024-09-27,0.0823,1
ORD-2024-032650,CUST-04480,2024-09-09,0.0564,2
ORD-2024-032651,CUST-08625,2024-09-22,0.0279,2
ORD-2024-032652,CUST-05847,2024-09-18,0.0043,1
ORD-2024-032653,CUST-01872,2024-09-29,0.1402,2
ORD-2024-032654,CUST-06718,2024-09-21,0.1109,2
ORD-2024-032655,CUST-08070,2024-09-29,0.0691,1
ORD-2024-032656,CUST-03579,2024-09-18,0.0547,2
ORD-2024-032657,CUST-06981,2024-09-27,0.1566,2
ORD-2024-032658,CUST-05982,2024-09-02,0.1269,1
ORD-2024-032659,CUST-07348,2024-09-24,0.1257,1
ORD-2024-032660,CUST-05793,2024-09-16,0.2058,1
ORD-2024-032661,CUST-07060,2024-09-01,0.0609,3
ORD-2024-032662,CUST-01355,2024-09-05,0.0335,2
ORD-2024-032663,CUST-03238,2024-09-07,0.0162,1
ORD-2024-032664,CUST-05181,2024-09-23,0.061,1
ORD-2024-032665,CUST-03998,2024-09-22,0.1419,2
ORD-2024-032666,CUST-00482,2024-09-06,0.135,1
ORD-2024-032667,CUST-00825,2024-09-18,0.072,3
ORD-2024-032668,CUST-08051,2024-09-01,0.0877,3
ORD-2024-032669,CUST-05850,2024-09-04,0.1357,2
ORD-2024-032670,CUST-00880,2024-09-22,0.0863,2
ORD-2024-032671,CUST-08113,2024-09-09,0.0357,1
ORD-2024-032672,CUST-00402,2024-09-28,0.015,1
ORD-2024-032673,CUST-08285,2024-09-07,0.0299,1
ORD-2024-032674,CUST-05635,2024-09-22,0.1498,2
ORD-2024-032675,CUST-03446,2024-09-30,0.2925,1
ORD-2024-032676,CUST-04322,2024-09-21,0.0459,4
ORD-2024-032677,CUST-00407,2024-09-19,0.0229,1
ORD-2024-032678,CUST-05130,2024-09-05,0.1463,1
ORD-2024-032679,CUST-02076,2024-09-13,0.1352,1
ORD-2024-032680,CUST-04797,2024-09-21,0.3237,1
ORD-2024-032681,CUST-00462,2024-09-10,0.0735,4
ORD-2024-032682,CUST-05080,2024-09-26,0.3801,1
ORD-2024-032683,CUST-07802,2024-09-24,0.0327,2
ORD-2024-032684,CUST-06724,2024-09-30,0.1423,3
ORD-2024-032685,CUST-06799,2024-09-26,0.176,1
ORD-2024-032686,CUST-00700,2024-09-04,0.0818,4
ORD-2024-032687,CUST-06892,2024-09-30,0.55,1
ORD-2024-032688,CUST-01777,2024-09-09,0.2313,3
ORD-2024-032689,CUST-02425,2024-09-09,0.1934,2
ORD-2024-032690,CUST-08305,2024-09-29,0.1017,1
ORD-2024-032691,CUST-05175,2024-09-02,0.0583,1
ORD-2024-032692,CUST-04831,2024-09-13,0.1855,1
ORD-2024-032693,CUST-06756,2024-09-20,0.013,1
ORD-2024-032694,CUST-07528,2024-09-15,0.1076,2
ORD-2024-032695,CUST-08972,2024-09-02,0.0392,1
ORD-2024-032696,CUST-07999,2024-09-08,0.0311,1
ORD-2024-032697,CUST-06956,2024-09-23,0.0134,1
ORD-2024-032698,CUST-09044,2024-09-13,0.0878,4
ORD-2024-032699,CUST-02644,2024-09-21,0.1441,2
ORD-2024-032700,CUST-02493,2024-09-08,0.1612,2
ORD-2024-032701,CUST-02797,2024-09-10,0.0081,2
ORD-2024-032702,CUST-08594,2024-09-18,0.0233,1
ORD-2024-032703,CUST-03740,2024-09-28,0.0465,2
ORD-2024-032704,CUST-02898,2024-09-26,0.1535,2
ORD-2024-032705,CUST-00029,2024-09-20,0.0541,3
ORD-2024-032706,CUST-02327,2024-09-22,0.0494,1
ORD-2024-032707,CUST-06093,2024-09-21,0.1123,3
ORD-2024-032708,CUST-07192,2024-09-23,0.0206,2
ORD-2024-032709,CUST-02941,2024-09-14,0.031,2
ORD-2024-032710,CUST-00876,2024-09-11,0.1143,1
ORD-2024-032711,CUST-01436,2024-09-01,0.1749,2
ORD-2024-032712,CUST-06061,2024-09-12,0.1003,5
ORD-2024-032713,CUST-00982,2024-09-08,0.2505,2
ORD-2024-032714,CUST-04995,2024-09-29,0.1424,2
ORD-2024-032715,CUST-07639,2024-09-15,0.1168,4
ORD-2024-032716,CUST-05424,2024-09-30,0.1404,2
ORD-2024-032717,CUST-06111,2024-09-24,0.0964,4
ORD-2024-032718,CUST-07068,2024-09-12,0.0411,2
ORD-2024-032719,CUST-00476,2024-09-25,0.0801,2
ORD-2024-032720,CUST-00218,2024-09-26,0.0586,3
ORD-2024-032721,CUST-03380,2024-09-11,0.0071,1
ORD-2024-032722,CUST-04266,2024-09-11,0.0345,1
ORD-2024-032723,CUST-02423,2024-09-24,0.0199,1
ORD-2024-032724,CUST-01684,2024-09-30,0.2767,1
ORD-2024-032725,CUST-08609,2024-09-07,0.0943,3
ORD-2024-032726,CUST-01711,2024-09-20,0.0103,1
ORD-2024-032727,CUST-09027,2024-09-24,0.0971,2
ORD-2024-032728,CUST-07649,2024-09-06,0.0959,1
ORD-2024-032729,CUST-06626,2024-09-11,0.0155,1
ORD-2024-032730,CUST-02950,2024-09-26,0.0917,4
ORD-2024-032731,CUST-00028,2024-09-02,0.0069,1
ORD-2024-032732,CUST-02285,2024-09-09,0.0629,3
ORD-2024-032733,CUST-07959,2024-09-19,0.0571,1
ORD-2024-032734,CUST-07071,2024-09-22,0.0307,1
ORD-2024-032735,CUST-04513,2024-09-19,0.0449,2
ORD-2024-032736,CUST-08999,2024-09-27,0.0769,1
ORD-2024-032737,CUST-04092,2024-09-04,0.21,1
ORD-2024-032738,CUST-07752,2024-09-09,0.1499,1
ORD-2024-032739,CUST-01554,2024-09-15,0.1304,3
ORD-2024-032740,CUST-04856,2024-09-07,0.1197,1
ORD-2024-032741,CUST-07480,2024-09-06,0.0474,1
ORD-2024-032742,CUST-07706,2024-09-20,0.0165,2
ORD-2024-032743,CUST-05376,2024-09-20,0.2003,1
ORD-2024-032744,CUST-03505,2024-09-23,0.237,2
ORD-2024-032745,CUST-02623,2024-09-24,0.1619,2
ORD-2024-032746,CUST-06496,2024-09-25,0.1742,3
ORD-2024-032747,CUST-01158,2024-09-24,0.1119,4
ORD-2024-032748,CUST-01308,2024-09-18,0.0617,2
ORD-2024-032749,CUST-07316,2024-09-13,0.2218,1
ORD-2024-032750,CUST-04787,2024-09-22,0.0639,1
ORD-2024-032751,CUST-03945,2024-09-26,0.0542,1
ORD-2024-032752,CUST-05369,2024-09-28,0.0906,3
ORD-2024-032753,CUST-06337,2024-09-23,0.0261,2
ORD-2024-032754,CUST-03134,2024-09-03,0.1231,4
ORD-2024-032755,CUST-07433,2024-09-27,0.2105,2
ORD-2024-032756,CUST-03861,2024-09-15,0.025,1
ORD-2024-032757,CUST-03224,2024-09-03,0.0802,1
ORD-2024-032758,CUST-08428,2024-09-16,0.0901,3
ORD-2024-032759,CUST-02875,2024-09-22,0.244,2
ORD-2024-032760,CUST-03401,2024-09-04,0.0498,1
ORD-2024-032761,CUST-05441,2024-09-25,0.1016,1
ORD-2024-032762,CUST-01274,2024-09-28,0.0806,1
ORD-2024-032763,CUST-03775,2024-09-16,0.0721,1
ORD-2024-032764,CUST-05000,2024-09-17,0.0763,3
ORD-2024-032765,CUST-03132,2024-09-03,0.123,1
ORD-2024-032766,CUST-07649,2024-09-11,0.1909,1
ORD-2024-032767,CUST-01503,2024-09-25,0.0463,2
ORD-2024-032768,CUST-02937,2024-09-21,0.0839,2
ORD-2024-032769,CUST-01525,2024-09-10,0.0341,1
ORD-2024-032770,CUST-05918,2024-09-03,0.156,3
ORD-2024-032771,CUST-08030,2024-09-24,0.0179,1
ORD-2024-032772,CUST-06148,2024-09-10,0.0374,1
ORD-2024-032773,CUST-04701,2024-09-18,0.0885,3
ORD-2024-032774,CUST-04348,2024-09-22,0.1161,2
ORD-2024-032775,CUST-07594,2024-09-15,0.0321,2
ORD-2024-032776,CUST-07979,2024-09-06,0.0893,1
ORD-2024-032777,CUST-05088,2024-09-03,0.109,3
ORD-2024-032778,CUST-08714,2024-09-17,0.1209,1
ORD-2024-032779,CUST-06060,2024-09-20,0.0999,1
ORD-2024-032780,CUST-02624,2024-09-24,0.0914,2
ORD-2024-032781,CUST-06126,2024-09-20,0.1536,1
ORD-2024-032782,CUST-06773,2024-09-26,0.233,1
ORD-2024-032783,CUST-03997,2024-09-10,0.0126,1
ORD-2024-032784,CUST-04734,2024-09-22,0.2662,1
ORD-2024-032785,CUST-01488,2024-09-30,0.0842,1
ORD-2024-032786,CUST-06799,2024-09-11,0.2202,1
ORD-2024-032787,CUST-06786,2024-09-05,0.1812,1
ORD-2024-032788,CUST-03736,2024-09-03,0.0915,2
ORD-2024-032789,CUST-01923,2024-09-16,0.0357,1
ORD-2024-032790,CUST-08674,2024-09-24,0.0721,1
ORD-2024-032791,CUST-07086,2024-09-30,0.0631,1
ORD-2024-032792,CUST-05328,2024-09-08,0.021,4
ORD-2024-032793,CUST-01308,2024-09-21,0.2148,1
ORD-2024-032794,CUST-02458,2024-09-08,0.0844,1
ORD-2024-032795,CUST-01863,2024-09-28,0.2923,1
ORD-2024-032796,CUST-07238,2024-09-10,0.2152,1
ORD-2024-032797,CUST-01233,2024-09-12,0.55,1
ORD-2024-032798,CUST-05488,2024-09-24,0.1737,3
ORD-2024-032799,CUST-06931,2024-09-02,0.1292,1
ORD-2024-032800,CUST-04374,2024-09-14,0.1182,1
ORD-2024-032801,CUST-06218,2024-09-10,0.0785,1
ORD-2024-032802,CUST-01487,2024-09-11,0.0098,1
ORD-2024-032803,CUST-06148,2024-09-03,0.1577,1
ORD-2024-032804,CUST-01757,2024-09-09,0.0232,2
ORD-2024-032805,CUST-02513,2024-09-25,0.0097,1
ORD-2024-032806,CUST-02816,2024-09-11,0.106,1
ORD-2024-032807,CUST-02154,2024-09-15,0.0975,2
ORD-2024-032808,CUST-07871,2024-09-28,0.0342,1
ORD-2024-032809,CUST-03883,2024-09-18,0.0413,3
ORD-2024-032810,CUST-02011,2024-09-27,0.3127,1
ORD-2024-032811,CUST-06908,2024-09-15,0.1037,1
ORD-2024-032812,CUST-00363,2024-09-08,0.0479,1
ORD-2024-032813,CUST-05581,2024-09-06,0.1078,1
ORD-2024-032814,CUST-06410,2024-09-15,0.0234,1
ORD-2024-032815,CUST-00872,2024-09-29,0.1495,1
ORD-2024-032816,CUST-00413,2024-09-24,0.0457,4
ORD-2024-032817,CUST-06812,2024-09-10,0.0333,1
ORD-2024-032818,CUST-08407,2024-09-01,0.0368,3
ORD-2024-032819,CUST-02734,2024-09-07,0.4402,2
ORD-2024-032820,CUST-02916,2024-09-03,0.1076,1
ORD-2024-032821,CUST-02503,2024-09-14,0.0616,1
ORD-2024-032822,CUST-06337,2024-09-03,0.0302,3
ORD-2024-032823,CUST-02368,2024-09-02,0.0844,3
ORD-2024-032824,CUST-07833,2024-09-09,0.1218,1
ORD-2024-032825,CUST-04607,2024-09-20,0.0175,1
ORD-2024-032826,CUST-04370,2024-09-30,0.0733,1
ORD-2024-032827,CUST-00630,2024-09-03,0.1235,5
ORD-2024-032828,CUST-07706,2024-09-04,0.1025,2
ORD-2024-032829,CUST-05379,2024-09-13,0.0597,2
ORD-2024-032830,CUST-00673,2024-09-24,0.1052,3
ORD-2024-032831,CUST-01919,2024-09-30,0.1467,1
ORD-2024-032832,CUST-06292,2024-09-28,0.0157,1
ORD-2024-032833,CUST-00661,2024-09-06,0.0121,1
ORD-2024-032834,CUST-03969,2024-09-01,0.0741,1
ORD-2024-032835,CUST-07729,2024-09-06,0.0553,2
ORD-2024-032836,CUST-00179,2024-09-06,0.2077,1
ORD-2024-032837,CUST-00950,2024-09-14,0.0502,1
ORD-2024-032838,CUST-06316,2024-09-26,0.0514,2
ORD-2024-032839,CUST-07365,2024-09-21,0.1597,1
ORD-2024-032840,CUST-00950,2024-09-14,0.1175,3
ORD-2024-032841,CUST-00820,2024-09-30,0.0548,1
ORD-2024-032842,CUST-05710,2024-09-21,0.0757,3
ORD-2024-032843,CUST-07560,2024-09-24,0.1103,2
ORD-2024-032844,CUST-03515,2024-09-18,0.1647,1
ORD-2024-032845,CUST-05596,2024-09-19,0.0424,1
ORD-2024-032846,CUST-01487,2024-09-11,0.0425,3
ORD-2024-032847,CUST-05903,2024-09-06,0.4473,1
ORD-2024-032848,CUST-03390,2024-09-02,0.2925,1
ORD-2024-032849,CUST-02906,2024-09-24,0.02,1
ORD-2024-032850,CUST-03437,2024-09-17,0.1141,2
ORD-2024-032851,CUST-04520,2024-09-28,0.0407,1
ORD-2024-032852,CUST-01589,2024-09-05,0.2518,1
ORD-2024-032853,CUST-05264,2024-09-06,0.159,1
ORD-2024-032854,CUST-08271,2024-09-16,0.0559,1
ORD-2024-032855,CUST-03873,2024-09-22,0.1433,3
ORD-2024-032856,CUST-01398,2024-09-23,0.0594,1
ORD-2024-032857,CUST-00239,2024-09-15,0.0909,2
ORD-2024-032858,CUST-02752,2024-09-03,0.3404,3
ORD-2024-032859,CUST-00564,2024-09-17,0.1076,2
ORD-2024-032860,CUST-01501,2024-09-28,0.1222,2
ORD-2024-032861,CUST-06626,2024-09-03,0.0264,2
ORD-2024-032862,CUST-07454,2024-09-17,0.1047,1
ORD-2024-032863,CUST-07132,2024-09-14,0.0681,1
ORD-2024-032864,CUST-02161,2024-09-27,0.0203,1
ORD-2024-032865,CUST-00393,2024-09-13,0.0816,2
ORD-2024-032866,CUST-07684,2024-09-14,0.0456,1
ORD-2024-032867,CUST-02474,2024-09-17,0.0186,1
ORD-2024-032868,CUST-05796,2024-09-26,0.0773,1
ORD-2024-032869,CUST-06931,2024-09-27,0.0586,1
ORD-2024-032870,CUST-02216,2024-09-09,0.2309,3
ORD-2024-032871,CUST-07876,2024-09-15,0.0843,3
ORD-2024-032872,CUST-04975,2024-09-14,0.0279,1
ORD-2024-032873,CUST-01177,2024-09-30,0.0774,1
ORD-2024-032874,CUST-02585,2024-09-28,0.1411,5
ORD-2024-032875,CUST-04798,2024-09-25,0.0939,1
ORD-2024-032876,CUST-03832,2024-09-18,0.1124,1
ORD-2024-032877,CUST-03366,2024-09-06,0.2703,2
ORD-2024-032878,CUST-02513,2024-09-24,0.0345,2
ORD-2024-032879,CUST-04963,2024-09-29,0.03,1
ORD-2024-032880,CUST-01356,2024-09-18,0.1112,2
ORD-2024-032881,CUST-01999,2024-09-27,0.259,2
ORD-2024-032882,CUST-07513,2024-09-19,0.1097,2
ORD-2024-032883,CUST-07414,2024-09-14,0.0979,1
ORD-2024-032884,CUST-08873,2024-09-13,0.1503,2
ORD-2024-032885,CUST-05602,2024-09-04,0.0183,3
ORD-2024-032886,CUST-06797,2024-09-06,0.0228,1
ORD-2024-032887,CUST-00407,2024-09-24,0.0066,1
ORD-2024-032888,CUST-02382,2024-09-11,0.0789,1
ORD-2024-032889,CUST-07480,2024-09-13,0.1706,1
ORD-2024-032890,CUST-06954,2024-09-17,0.0692,2
ORD-2024-032891,CUST-01866,2024-09-30,0.0176,3
ORD-2024-032892,CUST-00737,2024-09-24,0.0753,1
ORD-2024-032893,CUST-08030,2024-09-22,0.0441,1
ORD-2024-032894,CUST-06115,2024-09-29,0.0043,1
ORD-2024-032895,CUST-06403,2024-09-14,0.0125,1
ORD-2024-032896,CUST-03363,2024-09-25,0.1435,4
ORD-2024-032897,CUST-08152,2024-09-11,0.0035,1
ORD-2024-032898,CUST-04745,2024-09-06,0.0314,1
ORD-2024-032899,CUST-00350,2024-09-23,0.0185,1
ORD-2024-032900,CUST-07023,2024-09-17,0.2435,1
ORD-2024-032901,CUST-04609,2024-09-07,0.1005,4
ORD-2024-032902,CUST-07364,2024-09-09,0.0254,1
ORD-2024-032903,CUST-03035,2024-09-21,0.0262,1
ORD-2024-032904,CUST-06627,2024-09-20,0.1657,2
ORD-2024-032905,CUST-04727,2024-09-04,0.1115,1
ORD-2024-032906,CUST-02399,2024-09-21,0.0531,2
ORD-2024-032907,CUST-02301,2024-09-26,0.0493,3
ORD-2024-032908,CUST-02136,2024-09-28,0.0337,1
ORD-2024-032909,CUST-07968,2024-09-15,0.2312,2
ORD-2024-032910,CUST-09044,2024-09-04,0.0958,1
ORD-2024-032911,CUST-01103,2024-09-22,0.0321,2
ORD-2024-032912,CUST-03890,2024-09-30,0.022,1
ORD-2024-032913,CUST-03509,2024-09-13,0.1908,2
ORD-2024-032914,CUST-07370,2024-09-04,0.0859,1
ORD-2024-032915,CUST-05961,2024-09-22,0.0603,1
ORD-2024-032916,CUST-03677,2024-09-21,0.0688,1
ORD-2024-032917,CUST-08362,2024-09-05,0.3764,1
ORD-2024-032918,CUST-06697,2024-09-04,0.1299,2
ORD-2024-032919,CUST-01998,2024-09-15,0.517,1
ORD-2024-032920,CUST-07691,2024-09-07,0.1326,3
ORD-2024-032921,CUST-03668,2024-09-21,0.1175,1
ORD-2024-032922,CUST-06151,2024-09-01,0.0382,2
ORD-2024-032923,CUST-00912,2024-09-16,0.3731,1
ORD-2024-032924,CUST-03323,2024-09-28,0.2791,1
ORD-2024-032925,CUST-08895,2024-09-30,0.0743,4
ORD-2024-032926,CUST-06511,2024-09-24,0.1116,3
ORD-2024-032927,CUST-06476,2024-09-09,0.3731,1
ORD-2024-032928,CUST-04919,2024-09-06,0.0799,1
ORD-2024-032929,CUST-00412,2024-09-08,0.2482,1
ORD-2024-032930,CUST-05035,2024-09-22,0.1351,1
ORD-2024-032931,CUST-04189,2024-09-24,0.041,1
ORD-2024-032932,CUST-08893,2024-09-17,0.0579,1
ORD-2024-032933,CUST-03727,2024-09-26,0.0525,1
ORD-2024-032934,CUST-05311,2024-09-17,0.1846,2
ORD-2024-032935,CUST-07684,2024-09-17,0.0319,3
ORD-2024-032936,CUST-06497,2024-09-16,0.0369,3
ORD-2024-032937,CUST-05238,2024-09-29,0.1686,2
ORD-2024-032938,CUST-03835,2024-09-28,0.1996,1
ORD-2024-032939,CUST-07147,2024-09-18,0.0827,3
ORD-2024-032940,CUST-02669,2024-09-19,0.0945,1
ORD-2024-032941,CUST-03393,2024-09-14,0.063,1
ORD-2024-032942,CUST-01650,2024-09-08,0.0183,1
ORD-2024-032943,CUST-04689,2024-09-27,0.1633,1
ORD-2024-032944,CUST-03460,2024-09-04,0.0046,2
ORD-2024-032945,CUST-02376,2024-09-23,0.2108,3
ORD-2024-032946,CUST-04525,2024-09-12,0.0644,1
ORD-2024-032947,CUST-02425,2024-09-16,0.1841,3
ORD-2024-032948,CUST-05125,2024-09-26,0.0056,1
ORD-2024-032949,CUST-07326,2024-09-12,0.1397,2
ORD-2024-032950,CUST-02110,2024-09-30,0.0377,2
ORD-2024-032951,CUST-07641,2024-09-18,0.0765,1
ORD-2024-032952,CUST-01264,2024-09-11,0.2154,1
ORD-2024-032953,CUST-06198,2024-09-04,0.0279,2
ORD-2024-032954,CUST-05022,2024-09-08,0.0155,1
ORD-2024-032955,CUST-02576,2024-09-25,0.3498,1
ORD-2024-032956,CUST-04419,2024-09-28,0.0397,1
ORD-2024-032957,CUST-06912,2024-09-07,0.0386,1
ORD-2024-032958,CUST-05084,2024-09-20,0.1606,2
ORD-2024-032959,CUST-08459,2024-09-13,0.0726,3
ORD-2024-032960,CUST-01390,2024-09-19,0.1604,1
ORD-2024-032961,CUST-04916,2024-09-06,0.2006,1
ORD-2024-032962,CUST-03489,2024-09-30,0.1257,5
ORD-2024-032963,CUST-07974,2024-09-30,0.3423,1
ORD-2024-032964,CUST-02474,2024-09-14,0.1281,2
ORD-2024-032965,CUST-05796,2024-09-13,0.0171,4
ORD-2024-032966,CUST-02288,2024-09-07,0.1262,1
ORD-2024-032967,CUST-07949,2024-09-09,0.086,2
ORD-2024-032968,CUST-08174,2024-09-02,0.2408,1
ORD-2024-032969,CUST-03660,2024-09-08,0.0388,1
ORD-2024-032970,CUST-08328,2024-09-05,0.0134,1
ORD-2024-032971,CUST-04790,2024-09-04,0.134,1
ORD-2024-032972,CUST-02951,2024-09-14,0.1102,1
ORD-2024-032973,CUST-08873,2024-09-20,0.0714,2
ORD-2024-032974,CUST-05168,2024-09-07,0.0968,2
ORD-2024-032975,CUST-07485,2024-09-01,0.0587,3
ORD-2024-032976,CUST-01670,2024-09-15,0.0903,4
ORD-2024-032977,CUST-06484,2024-09-12,0.2279,1
ORD-2024-032978,CUST-08079,2024-09-20,0.2184,1
ORD-2024-032979,CUST-01101,2024-09-02,0.1066,3
ORD-2024-032980,CUST-02246,2024-09-30,0.1663,1
ORD-2024-032981,CUST-06467,2024-09-23,0.0623,1
ORD-2024-032982,CUST-03681,2024-09-01,0.0895,1
ORD-2024-032983,CUST-02527,2024-09-13,0.2572,1
ORD-2024-032984,CUST-00554,2024-09-04,0.0279,1
ORD-2024-032985,CUST-06098,2024-09-07,0.1269,1
ORD-2024-032986,CUST-07210,2024-09-02,0.0477,2
ORD-2024-032987,CUST-01370,2024-09-06,0.0391,1
ORD-2024-032988,CUST-07317,2024-09-26,0.2578,1
ORD-2024-032989,CUST-02065,2024-09-04,0.0505,2
ORD-2024-032990,CUST-04892,2024-09-21,0.1162,1
ORD-2024-032991,CUST-00291,2024-09-30,0.0491,2
ORD-2024-032992,CUST-05648,2024-09-29,0.2502,2
ORD-2024-032993,CUST-08616,2024-09-09,0.068,1
ORD-2024-032994,CUST-08271,2024-09-23,0.0986,1
ORD-2024-032995,CUST-07871,2024-09-23,0.0108,1
ORD-2024-032996,CUST-03444,2024-09-23,0.2825,1
ORD-2024-032997,CUST-01743,2024-09-16,0.0414,1
ORD-2024-032998,CUST-07773,2024-09-24,0.0735,1
ORD-2024-032999,CUST-03617,2024-09-26,0.0685,2
ORD-2024-033000,CUST-01189,2024-09-03,0.064,1
ORD-2024-033001,CUST-08956,2024-09-25,0.0584,1
ORD-2024-033002,CUST-03008,2024-09-12,0.0184,1
ORD-2024-033003,CUST-02069,2024-09-28,0.0327,2
ORD-2024-033004,CUST-03614,2024-09-12,0.1531,1
ORD-2024-033005,CUST-05176,2024-09-09,0.1766,1
ORD-2024-033006,CUST-06588,2024-09-13,0.0897,2
ORD-2024-033007,CUST-05011,2024-09-24,0.1386,2
ORD-2024-033008,CUST-05328,2024-09-11,0.029,1
ORD-2024-033009,CUST-06205,2024-09-11,0.0697,2
ORD-2024-033010,CUST-02358,2024-09-10,0.0379,1
ORD-2024-033011,CUST-06664,2024-09-11,0.005,1
ORD-2024-033012,CUST-08235,2024-09-27,0.2211,3
ORD-2024-033013,CUST-01866,2024-09-15,0.0394,3
ORD-2024-033014,CUST-07990,2024-09-13,0.4171,1
ORD-2024-033015,CUST-07674,2024-09-11,0.046,1
ORD-2024-033016,CUST-02622,2024-09-14,0.0801,3
ORD-2024-033017,CUST-02585,2024-09-23,0.1108,2
ORD-2024-033018,CUST-06639,2024-09-09,0.0067,1
ORD-2024-033019,CUST-01820,2024-09-19,0.0969,2
ORD-2024-033020,CUST-07522,2024-09-17,0.088,3
ORD-2024-033021,CUST-03401,2024-09-01,0.0655,1
ORD-2024-033022,CUST-06159,2024-09-14,0.1941,1
ORD-2024-033023,CUST-04931,2024-09-23,0.1984,3
ORD-2024-033024,CUST-06627,2024-09-18,0.0304,1
ORD-2024-033025,CUST-08714,2024-09-24,0.0594,2
ORD-2024-033026,CUST-01128,2024-09-18,0.225,2
ORD-2024-033027,CUST-02527,2024-09-22,0.0379,2
ORD-2024-033028,CUST-00301,2024-09-04,0.1559,1
ORD-2024-033029,CUST-07959,2024-09-21,0.0441,2
ORD-2024-033030,CUST-08241,2024-09-08,0.1642,2
ORD-2024-033031,CUST-02007,2024-09-03,0.2227,2
ORD-2024-033032,CUST-06489,2024-09-30,0.0268,1
ORD-2024-033033,CUST-03134,2024-09-08,0.1358,1
ORD-2024-033034,CUST-01757,2024-09-23,0.023,4
ORD-2024-033035,CUST-08024,2024-09-19,0.1133,2
ORD-2024-033036,CUST-04098,2024-09-04,0.0519,1
ORD-2024-033037,CUST-08785,2024-09-04,0.0358,1
ORD-2024-033038,CUST-03967,2024-09-30,0.1622,1
ORD-2024-033039,CUST-01137,2024-09-30,0.1912,2
ORD-2024-033040,CUST-00832,2024-09-11,0.1132,1
ORD-2024-033041,CUST-05077,2024-09-11,0.2638,3
ORD-2024-033042,CUST-02164,2024-09-21,0.0731,3
ORD-2024-033043,CUST-03213,2024-09-09,0.019,1
ORD-2024-033044,CUST-07181,2024-09-09,0.125,4
ORD-2024-033045,CUST-08288,2024-09-19,0.1007,3
ORD-2024-033046,CUST-05771,2024-09-10,0.2305,3
ORD-2024-033047,CUST-03309,2024-09-09,0.2132,1
ORD-2024-033048,CUST-07163,2024-09-05,0.0415,3
ORD-2024-033049,CUST-02776,2024-09-28,0.0481,2
ORD-2024-033050,CUST-06170,2024-09-23,0.0428,5
ORD-2024-033051,CUST-00737,2024-09-08,0.1198,1
ORD-2024-033052,CUST-02585,2024-09-29,0.2845,3
ORD-2024-033053,CUST-04552,2024-09-22,0.0906,1
ORD-2024-033054,CUST-02844,2024-09-09,0.064,1
ORD-2024-033055,CUST-06585,2024-09-26,0.0789,1
ORD-2024-033056,CUST-07248,2024-09-01,0.198,1
ORD-2024-033057,CUST-01846,2024-09-19,0.0448,1
ORD-2024-033058,CUST-05676,2024-09-19,0.0545,2
ORD-2024-033059,CUST-03012,2024-09-08,0.0798,1
ORD-2024-033060,CUST-04277,2024-09-30,0.0391,1
ORD-2024-033061,CUST-07671,2024-09-13,0.1996,1
ORD-2024-033062,CUST-03095,2024-09-14,0.0738,1
ORD-2024-033063,CUST-05092,2024-09-26,0.1061,2
ORD-2024-033064,CUST-04609,2024-09-15,0.0391,1
ORD-2024-033065,CUST-07339,2024-09-20,0.1915,2
ORD-2024-033066,CUST-06615,2024-09-10,0.0201,1
ORD-2024-033067,CUST-02527,2024-09-15,0.1731,1
ORD-2024-033068,CUST-02101,2024-09-17,0.0345,1
ORD-2024-033069,CUST-08285,2024-09-22,0.0129,1
ORD-2024-033070,CUST-04563,2024-09-29,0.0211,2
ORD-2024-033071,CUST-05668,2024-09-18,0.2938,1
ORD-2024-033072,CUST-01999,2024-09-10,0.1221,2
ORD-2024-033073,CUST-06457,2024-09-12,0.0173,1
ORD-2024-033074,CUST-03925,2024-09-17,0.2253,1
ORD-2024-033075,CUST-01182,2024-09-22,0.0605,4
ORD-2024-033076,CUST-05825,2024-09-15,0.0953,2
ORD-2024-033077,CUST-07768,2024-09-22,0.1374,5
ORD-2024-033078,CUST-02594,2024-09-25,0.0772,3
ORD-2024-033079,CUST-02940,2024-09-29,0.0471,5
ORD-2024-033080,CUST-07741,2024-09-25,0.1627,1
ORD-2024-033081,CUST-04571,2024-09-12,0.0404,2
ORD-2024-033082,CUST-01395,2024-09-28,0.1405,3
ORD-2024-033083,CUST-07630,2024-09-12,0.1468,1
ORD-2024-033084,CUST-08582,2024-09-01,0.157,4
ORD-2024-033085,CUST-04446,2024-09-11,0.041,4
ORD-2024-033086,CUST-09129,2024-09-27,0.1053,1
ORD-2024-033087,CUST-03143,2024-09-24,0.0121,2
ORD-2024-033088,CUST-07348,2024-09-03,0.0895,1
ORD-2024-033089,CUST-05836,2024-09-13,0.3667,1
ORD-2024-033090,CUST-05264,2024-09-15,0.1169,1
ORD-2024-033091,CUST-04487,2024-09-18,0.0744,1
ORD-2024-033092,CUST-01683,2024-09-05,0.1432,1
ORD-2024-033093,CUST-06032,2024-09-02,0.016,1
ORD-2024-033094,CUST-04969,2024-09-08,0.2138,2
ORD-2024-033095,CUST-02337,2024-09-24,0.1774,3
ORD-2024-033096,CUST-05476,2024-09-22,0.2248,1
ORD-2024-033097,CUST-04886,2024-09-29,0.0535,1
ORD-2024-033098,CUST-05660,2024-09-28,0.0435,1
ORD-2024-033099,CUST-02879,2024-09-28,0.2697,3
ORD-2024-033100,CUST-00346,2024-09-28,0.4145,1
ORD-2024-033101,CUST-03109,2024-09-14,0.0577,1
ORD-2024-033102,CUST-04419,2024-09-25,0.0938,1
ORD-2024-033103,CUST-07544,2024-09-22,0.122,3
ORD-2024-033104,CUST-00168,2024-09-09,0.029,1
ORD-2024-033105,CUST-03309,2024-09-02,0.106,2
ORD-2024-033106,CUST-04479,2024-09-21,0.0633,1
ORD-2024-033107,CUST-00607,2024-09-29,0.0103,1
ORD-2024-033108,CUST-01534,2024-09-05,0.3931,1
ORD-2024-033109,CUST-02412,2024-09-25,0.0187,1
ORD-2024-033110,CUST-00422,2024-09-28,0.0693,3
ORD-2024-033111,CUST-05022,2024-09-16,0.0016,1
ORD-2024-033112,CUST-02425,2024-09-19,0.0731,1
ORD-2024-033113,CUST-03035,2024-09-13,0.111,3
ORD-2024-033114,CUST-07181,2024-09-22,0.1052,4
ORD-2024-033115,CUST-03890,2024-09-25,0.0338,2
ORD-2024-033116,CUST-04534,2024-09-01,0.0185,4
ORD-2024-033117,CUST-07912,2024-09-01,0.0916,1
ORD-2024-033118,CUST-03192,2024-09-20,0.1559,1
ORD-2024-033119,CUST-05436,2024-09-22,0.0368,2
ORD-2024-033120,CUST-07307,2024-09-23,0.0233,2
ORD-2024-033121,CUST-01923,2024-09-11,0.0331,1
ORD-2024-033122,CUST-08222,2024-09-23,0.0499,1
ORD-2024-033123,CUST-02973,2024-09-13,0.0801,3
ORD-2024-033124,CUST-08616,2024-09-25,0.1074,1
ORD-2024-033125,CUST-03881,2024-09-20,0.06,1
ORD-2024-033126,CUST-01130,2024-09-01,0.048,1
ORD-2024-033127,CUST-04706,2024-09-10,0.0153,1
ORD-2024-033128,CUST-03071,2024-09-04,0.1468,1
ORD-2024-033129,CUST-08180,2024-09-08,0.0365,2
ORD-2024-033130,CUST-05516,2024-09-14,0.0079,2
ORD-2024-033131,CUST-02369,2024-09-16,0.105,1
ORD-2024-033132,CUST-07321,2024-09-16,0.3611,1
ORD-2024-033133,CUST-07540,2024-09-30,0.1135,2
ORD-2024-033134,CUST-05205,2024-09-10,0.55,1
ORD-2024-033135,CUST-06381,2024-09-17,0.2843,1
ORD-2024-033136,CUST-06060,2024-09-17,0.5058,1
ORD-2024-033137,CUST-02644,2024-09-24,0.2847,2
ORD-2024-033138,CUST-04381,2024-09-01,0.1356,3
ORD-2024-033139,CUST-06303,2024-09-13,0.1209,3
ORD-2024-033140,CUST-08830,2024-09-24,0.0078,1
ORD-2024-033141,CUST-04607,2024-09-25,0.0049,1
ORD-2024-033142,CUST-04841,2024-09-08,0.0285,2
ORD-2024-033143,CUST-03342,2024-09-22,0.0231,1
ORD-2024-033144,CUST-04521,2024-09-25,0.0093,1
ORD-2024-033145,CUST-00177,2024-09-17,0.0284,1
ORD-2024-033146,CUST-06148,2024-09-14,0.0953,1
ORD-2024-033147,CUST-06873,2024-09-10,0.0457,2
ORD-2024-033148,CUST-08003,2024-09-24,0.1859,1
ORD-2024-033149,CUST-06243,2024-09-23,0.0478,2
ORD-2024-033150,CUST-08309,2024-09-12,0.2784,3
ORD-2024-033151,CUST-08316,2024-09-03,0.0319,1
ORD-2024-033152,CUST-06911,2024-09-06,0.1436,1
ORD-2024-033153,CUST-03870,2024-09-21,0.0906,1
ORD-2024-033154,CUST-07787,2024-09-23,0.0299,1
ORD-2024-033155,CUST-00702,2024-09-23,0.0409,1
ORD-2024-033156,CUST-07464,2024-09-10,0.447,1
ORD-2024-033157,CUST-07749,2024-09-30,0.1591,1
ORD-2024-033158,CUST-05310,2024-09-24,0.0597,3
ORD-2024-033159,CUST-04036,2024-09-26,0.0715,1
ORD-2024-033160,CUST-06690,2024-09-12,0.207,1
ORD-2024-033161,CUST-09008,2024-09-15,0.1194,1
ORD-2024-033162,CUST-06182,2024-09-20,0.0505,1
ORD-2024-033163,CUST-07660,2024-09-25,0.1167,1
ORD-2024-033164,CUST-01231,2024-09-04,0.0199,1
ORD-2024-033165,CUST-02640,2024-09-29,0.0998,2
ORD-2024-033166,CUST-03086,2024-09-12,0.1985,2
ORD-2024-033167,CUST-01132,2024-09-17,0.0439,1
ORD-2024-033168,CUST-07610,2024-09-12,0.1352,1
ORD-2024-033169,CUST-05410,2024-09-12,0.1675,1
ORD-2024-033170,CUST-01400,2024-09-24,0.1455,4
ORD-2024-033171,CUST-05612,2024-09-10,0.1198,1
ORD-2024-033172,CUST-06697,2024-09-28,0.1118,3
ORD-2024-033173,CUST-02267,2024-09-16,0.2043,1
ORD-2024-033174,CUST-03436,2024-09-30,0.0105,1
ORD-2024-033175,CUST-02876,2024-09-21,0.1036,3
ORD-2024-033176,CUST-08871,2024-09-14,0.0235,2
ORD-2024-033177,CUST-01708,2024-09-18,0.1963,1
ORD-2024-033178,CUST-03915,2024-09-22,0.1697,1
ORD-2024-033179,CUST-07705,2024-09-02,0.1919,2
ORD-2024-033180,CUST-07179,2024-09-22,0.0435,1
ORD-2024-033181,CUST-08873,2024-09-21,0.0658,2
ORD-2024-033182,CUST-07483,2024-09-19,0.0531,2
ORD-2024-033183,CUST-02775,2024-09-25,0.0538,1
ORD-2024-033184,CUST-01132,2024-09-10,0.2027,3
ORD-2024-033185,CUST-00759,2024-09-25,0.0793,1
ORD-2024-033186,CUST-01129,2024-09-12,0.0565,2
ORD-2024-033187,CUST-06077,2024-09-08,0.0484,1
ORD-2024-033188,CUST-07610,2024-09-07,0.1583,1
ORD-2024-033189,CUST-00291,2024-09-15,0.0673,2
ORD-2024-033190,CUST-00192,2024-09-21,0.0784,1
ORD-2024-033191,CUST-02764,2024-09-19,0.0061,1
ORD-2024-033192,CUST-06170,2024-09-24,0.0666,3
ORD-2024-033193,CUST-07837,2024-09-23,0.1258,2
ORD-2024-033194,CUST-03660,2024-09-30,0.0116,1
ORD-2024-033195,CUST-05010,2024-09-08,0.267,3
ORD-2024-033196,CUST-04231,2024-09-07,0.0098,1
ORD-2024-033197,CUST-03996,2024-09-05,0.0265,3
ORD-2024-033198,CUST-02457,2024-09-07,0.3179,1
ORD-2024-033199,CUST-06053,2024-09-12,0.0982,4
ORD-2024-033200,CUST-08385,2024-09-18,0.048,1
ORD-2024-033201,CUST-01580,2024-09-17,0.2249,2
ORD-2024-033202,CUST-07450,2024-09-30,0.1162,2
ORD-2024-033203,CUST-08260,2024-09-07,0.0607,1
ORD-2024-033204,CUST-01570,2024-09-25,0.0552,3
ORD-2024-033205,CUST-05960,2024-09-30,0.0486,2
ORD-2024-033206,CUST-07482,2024-09-14,0.2336,1
ORD-2024-033207,CUST-04186,2024-09-07,0.0628,1
ORD-2024-033208,CUST-07035,2024-09-07,0.0595,1
ORD-2024-033209,CUST-01085,2024-09-05,0.0436,4
ORD-2024-033210,CUST-06165,2024-09-07,0.0904,2
ORD-2024-033211,CUST-05420,2024-09-27,0.0481,3
ORD-2024-033212,CUST-05942,2024-09-04,0.0522,2
ORD-2024-033213,CUST-06414,2024-09-12,0.0455,4
ORD-2024-033214,CUST-06972,2024-09-06,0.1301,2
ORD-2024-033215,CUST-05583,2024-09-13,0.0625,1
ORD-2024-033216,CUST-00039,2024-09-30,0.2176,1
ORD-2024-033217,CUST-01677,2024-09-08,0.0666,2
ORD-2024-033218,CUST-04109,2024-09-20,0.0316,2
ORD-2024-033219,CUST-03865,2024-09-16,0.1295,1
ORD-2024-033220, CUST-03836 ,2024-09-04,0.2536,1
ORD-2024-033221,CUST-09051,2024-09-09,0.0248,2
ORD-2024-033222,CUST-02727,2024-09-10,0.0172,2
ORD-2024-033223,CUST-00996,2024-09-08,0.0136,3
ORD-2024-033224,CUST-08697,2024-09-08,0.0674,1
ORD-2024-033225,CUST-03270,2024-09-04,0.0727,4
ORD-2024-033226,CUST-01075,2024-09-24,0.0312,1
ORD-2024-033227,CUST-04932,2024-09-21,0.0857,1
ORD-2024-033228,CUST-04359,2024-09-14,0.4934,1
ORD-2024-033229,CUST-05035,2024-09-24,0.0905,1
ORD-2024-033230,CUST-04985,2024-09-05,0.1271,2
ORD-2024-033231,CUST-05834,2024-09-28,0.1202,1
ORD-2024-033232,CUST-02709,2024-09-26,0.0961,3
ORD-2024-033233,CUST-08513,2024-09-04,0.136,4
ORD-2024-033234,CUST-07497,2024-09-20,0.0267,1
ORD-2024-033235,CUST-02471,2024-09-28,0.1629,1
ORD-2024-033236,CUST-00273,2024-09-30,0.115,1
ORD-2024-033237,CUST-06792,2024-09-12,0.0298,1
ORD-2024-033238,CUST-02513,2024-09-23,0.0251,1
ORD-2024-033239,CUST-05364,2024-09-24,0.154,1
ORD-2024-033240,CUST-00462,2024-09-06,0.0655,4
ORD-2024-033241,CUST-04293,2024-09-06,0.3419,1
ORD-2024-033242,CUST-06435,2024-09-05,0.0963,1
ORD-2024-033243,CUST-07866,2024-09-22,0.029,1
ORD-2024-033244,CUST-06388,2024-09-25,0.0975,1
ORD-2024-033245,CUST-06594,2024-09-18,0.1034,2
ORD-2024-033246,CUST-06151,2024-09-30,0.0451,3
ORD-2024-033247,CUST-02766,2024-09-01,0.0502,1
ORD-2024-033248,CUST-08409,2024-09-11,0.1871,2
ORD-2024-033249,CUST-04697,2024-09-07,0.1036,1
ORD-2024-033250,CUST-03156,2024-09-04,0.0454,1
ORD-2024-033251,CUST-03287,2024-09-21,0.0579,1
ORD-2024-033252,CUST-00393,2024-09-07,0.1488,1
ORD-2024-033253,CUST-01571,2024-09-15,0.0554,4
ORD-2024-033254,CUST-05617,2024-09-13,0.18,1
ORD-2024-033255,CUST-07201,2024-09-01,0.0922,1
ORD-2024-033256,CUST-02399,2024-09-16,0.0526,2
ORD-2024-033257,CUST-03680,2024-09-06,0.2062,3
ORD-2024-033258,CUST-04214,2024-09-09,0.3645,1
ORD-2024-033259,CUST-05778,2024-09-17,0.2537,3
ORD-2024-033260,CUST-04407,2024-09-03,0.1788,3
ORD-2024-033261,CUST-07181,2024-09-03,0.0927,1
ORD-2024-033262,CUST-04231,2024-09-13,0.0256,5
ORD-2024-033263,CUST-05351,2024-09-20,0.0275,1
ORD-2024-033264,CUST-07463,2024-09-06,0.1126,1
ORD-2024-033265,CUST-01465,2024-09-05,0.0456,2
ORD-2024-033266,CUST-07883,2024-09-20,0.0347,1
ORD-2024-033267,CUST-01296,2024-09-21,0.0481,1
ORD-2024-033268,CUST-04312,2024-09-15,0.2001,2
ORD-2024-033269,CUST-04096,2024-09-03,0.3744,1
ORD-2024-033270,CUST-02965,2024-09-01,0.133,1
ORD-2024-033271,CUST-05860,2024-09-13,0.0273,4
ORD-2024-033272,CUST-07768,2024-09-21,0.1158,2
ORD-2024-033273,CUST-08887,2024-09-05,0.0971,2
ORD-2024-033274,CUST-02057,2024-09-15,0.0623,1
ORD-2024-033275,CUST-00096,2024-09-25,0.0812,2
ORD-2024-033276,CUST-02678,2024-09-03,0.0819,3
ORD-2024-033277,CUST-03607,2024-09-10,0.1444,2
ORD-2024-033278,CUST-02507,2024-09-15,0.0522,1
ORD-2024-033279,CUST-07401,2024-09-16,0.0366,1
ORD-2024-033280,CUST-06560,2024-09-10,0.1683,1
ORD-2024-033281,CUST-01000,2024-09-11,0.0462,3
ORD-2024-033282,CUST-00422,2024-09-28,0.1403,4
ORD-2024-033283,CUST-06073,2024-09-21,0.3959,1
ORD-2024-033284,CUST-04805,2024-09-16,0.0538,1
ORD-2024-033285,CUST-05807,2024-09-15,0.0276,1
ORD-2024-033286,CUST-08053,2024-09-08,0.0945,1
ORD-2024-033287,CUST-05809,2024-09-03,0.1393,1
ORD-2024-033288,CUST-03374,2024-09-29,0.0641,2
ORD-2024-033289,CUST-05598,2024-09-12,0.1558,1
ORD-2024-033290,CUST-04000,2024-09-15,0.1607,2
ORD-2024-033291,CUST-05604,2024-09-07,0.1935,1
ORD-2024-033292,CUST-02990,2024-09-21,0.3637,2
ORD-2024-033293,CUST-00362,2024-09-17,0.0064,1
ORD-2024-033294,CUST-06790,2024-09-18,0.0223,1
ORD-2024-033295,CUST-00593,2024-09-08,0.0204,1
ORD-2024-033296,CUST-03218,2024-09-14,0.3426,1
ORD-2024-033297,CUST-06675,2024-09-25,0.1159,3
ORD-2024-033298,CUST-04131,2024-09-29,0.0509,1
ORD-2024-033299,CUST-02116,2024-09-06,0.025,2
ORD-2024-033300,CUST-06431,2024-09-04,0.0229,1
ORD-2024-033301,CUST-02889,2024-09-07,0.0446,1
ORD-2024-033302,CUST-05553,2024-09-14,0.0099,1
ORD-2024-033303,CUST-01520,2024-09-02,0.0311,2
ORD-2024-033304,CUST-07451,2024-09-14,0.0827,1
ORD-2024-033305,CUST-03670,2024-09-17,0.1131,3
ORD-2024-033306,CUST-06867,2024-09-23,0.1227,3
ORD-2024-033307,CUST-03996,2024-09-09,0.0124,2
ORD-2024-033308,CUST-04012,2024-09-26,0.0704,2
ORD-2024-033309,CUST-01997,2024-09-05,0.0582,1
ORD-2024-033310,CUST-02924,2024-09-22,0.0325,1
ORD-2024-033311,CUST-05256,2024-09-10,0.2258,2
ORD-2024-033312,CUST-03681,2024-09-10,0.0395,1
ORD-2024-033313,CUST-03143,2024-09-01,0.0133,1
ORD-2024-033314,CUST-06091,2024-09-01,0.3194,2
ORD-2024-033315,CUST-06576,2024-09-29,0.0321,2
ORD-2024-033316,CUST-00239,2024-09-04,0.1026,1
ORD-2024-033317,CUST-05312,2024-09-14,0.5137,1
ORD-2024-033318,CUST-00112,2024-09-05,0.1527,1
ORD-2024-033319,CUST-08923,2024-09-30,0.0485,5
ORD-2024-033320,CUST-06191,2024-09-28,0.0524,1
ORD-2024-033321,CUST-08515,2024-09-24,0.0579,1
ORD-2024-033322,CUST-07348,2024-09-06,0.2424,1
ORD-2024-033323,CUST-07961,2024-09-12,0.1126,3
ORD-2024-033324,CUST-00363,2024-09-07,0.0847,1
ORD-2024-033325,CUST-02727,2024-09-06,0.0317,3
ORD-2024-033326,CUST-08094,2024-09-22,0.1126,1
ORD-2024-033327,CUST-05879,2024-09-10,0.0819,1
ORD-2024-033328,CUST-04005,2024-09-19,0.0475,2
ORD-2024-033329,CUST-00114,2024-09-28,0.1754,3
ORD-2024-033330,CUST-02880,2024-09-05,0.1632,3
ORD-2024-033331,CUST-04522,2024-09-29,0.2236,1
ORD-2024-033332,CUST-06237,2024-09-11,0.0905,2
ORD-2024-033333,CUST-05187,2024-09-22,0.0121,1
ORD-2024-033334,CUST-00601,2024-09-28,0.1416,1
ORD-2024-033335,CUST-02321,2024-09-01,0.0067,1
ORD-2024-033336,CUST-08274,2024-09-18,0.0182,2
ORD-2024-033337,CUST-07693,2024-09-17,0.0404,3
ORD-2024-033338,CUST-07433,2024-09-19,0.2122,1
ORD-2024-033339,CUST-02065,2024-09-26,0.0789,1
ORD-2024-033340,CUST-04689,2024-09-18,0.1319,2
ORD-2024-033341,CUST-03519,2024-09-16,0.0141,1
ORD-2024-033342,CUST-00029,2024-09-03,0.1414,1
ORD-2024-033343,CUST-03738,2024-09-26,0.0722,1
ORD-2024-033344,CUST-05342,2024-09-05,0.0423,1
ORD-2024-033345,CUST-07482,2024-09-14,0.013,1
ORD-2024-033346,CUST-03094,2024-09-27,0.1585,2
ORD-2024-033347,CUST-07479,2024-09-20,0.1603,3
ORD-2024-033348,CUST-06237,2024-09-14,0.0392,1
ORD-2024-033349,CUST-05327,2024-09-11,0.1414,3
ORD-2024-033350,CUST-02292,2024-09-01,0.1084,1
ORD-2024-033351,CUST-02407,2024-09-08,0.1225,1
ORD-2024-033352,CUST-02838,2024-09-16,0.116,2
ORD-2024-033353,CUST-05187,2024-09-29,0.0081,1
ORD-2024-033354,CUST-05155,2024-09-07,0.1627,1
ORD-2024-033355,CUST-05050,2024-09-14,0.0564,1
ORD-2024-033356,CUST-04805,2024-09-15,0.1615,1
ORD-2024-033357,CUST-01179,2024-09-24,0.4206,2
ORD-2024-033358,CUST-04333,2024-09-26,0.3048,3
ORD-2024-033359,CUST-04487,2024-09-19,0.0749,1
ORD-2024-033360,CUST-01623,2024-09-01,0.0194,2
ORD-2024-033361,CUST-00630,2024-09-15,0.2036,1
ORD-2024-033362,CUST-06810,2024-09-18,0.0531,2
ORD-2024-033363,CUST-02044,2024-09-10,0.0614,1
ORD-2024-033364,CUST-06873,2024-09-12,0.0885,3
ORD-2024-033365,CUST-07061,2024-09-24,0.2405,1
ORD-2024-033366,CUST-07843,2024-09-29,0.0895,2
ORD-2024-033367,CUST-08126,2024-09-04,0.0287,1
ORD-2024-033368,CUST-06077,2024-09-18,0.0349,2
ORD-2024-033369,CUST-00421,2024-09-19,0.1336,1
ORD-2024-033370,CUST-06563,2024-09-23,0.059,3
ORD-2024-033371,CUST-00365,2024-09-09,0.1587,2
ORD-2024-033372,CUST-00781,2024-09-04,0.0199,3
ORD-2024-033373,CUST-03520,2024-09-05,0.189,4
ORD-2024-033374,CUST-02181,2024-09-20,0.0971,1
ORD-2024-033375,CUST-04986,2024-09-01,0.0905,2
ORD-2024-033376,CUST-08697,2024-09-06,0.122,1
ORD-2024-033377,CUST-08240,2024-09-07,0.4892,1
ORD-2024-033378,CUST-03009,2024-09-21,0.3723,2
ORD-2024-033379,CUST-07511,2024-09-01,0.0867,1
ORD-2024-033380,CUST-03391,2024-09-03,0.0151,1
ORD-2024-033381,CUST-05420,2024-09-27,0.1195,3
ORD-2024-033382,CUST-01765,2024-09-19,0.0065,1
ORD-2024-033383,CUST-05442,2024-09-04,0.2481,1
ORD-2024-033384,CUST-06489,2024-09-28,0.0459,2
ORD-2024-033385,CUST-02459,2024-09-04,0.0513,1
ORD-2024-033386,CUST-05606,2024-09-09,0.1234,2
ORD-2024-033387,CUST-06350,2024-09-08,0.0493,4
ORD-2024-033388,CUST-08276,2024-09-27,0.0162,5
ORD-2024-033389,CUST-04785,2024-09-09,0.2097,1
ORD-2024-033390,CUST-03672,2024-09-22,0.0252,1
ORD-2024-033391,CUST-03681,2024-09-06,0.0564,2
ORD-2024-033392,CUST-06248,2024-09-13,0.1107,3
ORD-2024-033393,CUST-06428,2024-09-20,0.0261,1
ORD-2024-033394,CUST-03890,2024-09-06,0.0214,1
ORD-2024-033395,CUST-08260,2024-09-13,0.0926,3
ORD-2024-033396,CUST-04031,2024-09-05,0.0268,1
ORD-2024-033397,CUST-00700,2024-09-22,0.0404,1
ORD-2024-033398,CUST-06756,2024-09-01,0.0184,2
ORD-2024-033399,CUST-03236,2024-09-29,0.0666,1
ORD-2024-033400,CUST-05060,2024-09-26,0.0833,1
ORD-2024-033401,CUST-07308,2024-09-17,0.2307,1
ORD-2024-033402,CUST-02834,2024-09-21,0.0593,1
ORD-2024-033403,CUST-07177,2024-09-07,0.313,1
ORD-2024-033404,CUST-04332,2024-09-05,0.0429,2
ORD-2024-033405,CUST-04521,2024-09-11,0.028,2
ORD-2024-033406,CUST-03094,2024-09-04,0.0986,2
ORD-2024-033407,CUST-03051,2024-09-12,0.1133,1
ORD-2024-033408,CUST-06952,2024-09-27,0.0709,2
ORD-2024-033409,CUST-02782,2024-09-11,0.0738,3
ORD-2024-033410,CUST-00155,2024-09-23,0.0267,1
ORD-2024-033411,CUST-05140,2024-09-12,0.2823,2
ORD-2024-033412,CUST-06848,2024-09-14,0.1062,2
ORD-2024-033413,CUST-08945,2024-09-24,0.0136,1
ORD-2024-033414,CUST-02099,2024-09-27,0.0729,1
ORD-2024-033415,CUST-06960,2024-09-29,0.0845,1
ORD-2024-033416,CUST-06170,2024-09-02,0.0384,1
ORD-2024-033417,CUST-04712,2024-09-05,0.063,1
ORD-2024-033418,CUST-08355,2024-09-18,0.0231,3
ORD-2024-033419,CUST-01376,2024-09-21,0.1031,2
ORD-2024-033420,CUST-00786,2024-09-08,0.124,1
ORD-2024-033421,CUST-04800,2024-09-04,0.1089,2
ORD-2024-033422,CUST-02487,2024-09-12,0.0421,2
ORD-2024-033423,CUST-02310,2024-09-13,0.1779,2
ORD-2024-033424,CUST-00456,2024-09-27,0.1243,1
ORD-2024-033425,CUST-04271,2024-09-21,0.0326,1
ORD-2024-033426,CUST-00616,2024-09-24,0.0414,1
ORD-2024-033427,CUST-05953,2024-09-28,0.3393,1
ORD-2024-033428,CUST-06208,2024-09-18,0.0858,1
ORD-2024-033429,CUST-04012,2024-09-14,0.0919,1
ORD-2024-033430,CUST-06573,2024-09-17,0.0519,2
ORD-2024-033431,CUST-00535,2024-09-24,0.1473,1
ORD-2024-033432,CUST-01726,2024-09-17,0.0119,1
ORD-2024-033433,CUST-01257,2024-09-01,0.0156,1
ORD-2024-033434,CUST-07256,2024-09-06,0.0273,3
ORD-2024-033435,CUST-07749,2024-09-07,0.107,3
ORD-2024-033436,CUST-00259,2024-09-20,0.0494,2
ORD-2024-033437,CUST-04706,2024-09-12,0.0106,1
ORD-2024-033438,CUST-04159,2024-09-10,0.0471,1
ORD-2024-033439,CUST-05347,2024-09-17,0.035,2
ORD-2024-033440,CUST-04310,2024-09-02,0.0842,1
ORD-2024-033441,CUST-01686,2024-09-15,0.0444,1
ORD-2024-033442,CUST-01351,2024-09-18,0.1249,1
ORD-2024-033443,CUST-07166,2024-09-16,0.0958,1
ORD-2024-033444,CUST-01501,2024-09-13,0.0352,3
ORD-2024-033445,CUST-02625,2024-09-05,0.092,1
ORD-2024-033446,CUST-06148,2024-09-26,0.1334,1
ORD-2024-033447,CUST-06513,2024-09-18,0.0635,2
ORD-2024-033448,CUST-04886,2024-09-23,0.0275,5
ORD-2024-033449,CUST-05170,2024-09-11,0.0239,1
ORD-2024-033450,CUST-06189,2024-09-29,0.1797,2
ORD-2024-033451,CUST-05734,2024-09-26,0.079,4
ORD-2024-033452,CUST-00600,2024-09-30,0.0309,1
ORD-2024-033453,CUST-02699,2024-09-04,0.0508,4
ORD-2024-033454,CUST-04649,2024-09-11,0.0701,3
ORD-2024-033455,CUST-08024,2024-09-23,0.1688,2
ORD-2024-033456,CUST-05760,2024-09-11,0.0359,1
ORD-2024-033457,CUST-00040,2024-09-12,0.3899,3
ORD-2024-033458,CUST-03756,2024-09-18,0.0541,1
ORD-2024-033459,CUST-03244,2024-09-18,0.1434,2
ORD-2024-033460,CUST-02626,2024-09-10,0.2251,1
ORD-2024-033461,CUST-00411,2024-09-19,0.0703,3
ORD-2024-033462,CUST-00571,2024-09-15,0.0388,2
ORD-2024-033463,CUST-07944,2024-09-13,0.023,1
ORD-2024-033464,CUST-01770,2024-09-23,0.0276,1
ORD-2024-033465,CUST-04277,2024-09-24,0.0299,2
ORD-2024-033466,CUST-01561,2024-09-17,0.1285,1
ORD-2024-033467,CUST-07097,2024-09-10,0.55,1
ORD-2024-033468,CUST-07494,2024-09-15,0.1529,1
ORD-2024-033469,CUST-02786,2024-09-13,0.1081,2
ORD-2024-033470,CUST-06461,2024-09-12,0.2668,1
ORD-2024-033471,CUST-02471,2024-09-13,0.0739,1
ORD-2024-033472,CUST-05165,2024-09-03,0.0687,1
ORD-2024-033473,CUST-03736,2024-09-06,0.0841,2
ORD-2024-033474,CUST-03690,2024-09-12,0.037,3
ORD-2024-033475,CUST-07524,2024-09-14,0.0196,1
ORD-2024-033476,CUST-07066,2024-09-03,0.1056,3
ORD-2024-033477,CUST-06568,2024-09-10,0.0978,3
ORD-2024-033478,CUST-02636,2024-09-21,0.0839,2
ORD-2024-033479,CUST-02429,2024-09-24,0.1519,1
ORD-2024-033480,CUST-03854,2024-09-08,0.2026,1
ORD-2024-033481,CUST-01130,2024-09-10,0.0485,2
ORD-2024-033482,CUST-03373,2024-09-01,0.1138,2
ORD-2024-033483,CUST-06607,2024-09-28,0.0542,2
ORD-2024-033484,CUST-05082,2024-09-28,0.55,1
ORD-2024-033485,CUST-06238,,0.0818,4
ORD-2024-033486,CUST-07723,2024-09-14,0.0949,3
ORD-2024-033487,CUST-04694,2024-09-06,0.0342,3
ORD-2024-033488,CUST-03082,2024-09-22,0.1564,3
ORD-2024-033489,CUST-03211,2024-09-15,0.1951,1
ORD-2024-033490,CUST-02797,2024-09-14,0.0183,2
ORD-2024-033491,CUST-08285,2024-09-19,0.0159,1
ORD-2024-033492,CUST-03487,2024-09-04,0.045,2
ORD-2024-033493,CUST-05522,2024-09-12,0.0105,1
ORD-2024-033494,CUST-03327,2024-09-08,0.0374,1
ORD-2024-033495,CUST-03823,2024-09-14,0.044,1
ORD-2024-033496,CUST-04425,2024-09-30,0.1216,3
ORD-2024-033497,CUST-07485,2024-09-29,0.112,2
ORD-2024-033498,CUST-02633,2024-09-02,0.3772,2
ORD-2024-033499,CUST-06644,2024-09-13,0.2029,1
ORD-2024-033500,CUST-01928,2024-09-11,0.1457,1
ORD-2024-033501,CUST-05042,2024-09-30,0.1425,1
ORD-2024-033502,CUST-02425,2024-09-14,0.1512,1
ORD-2024-033503,CUST-05522,2024-09-12,0.0097,2
ORD-2024-033504,CUST-00336,2024-09-04,0.0896,1
ORD-2024-033505,CUST-02301,2024-09-26,0.1313,4
ORD-2024-033506,CUST-07761,2024-09-23,0.2641,1
ORD-2024-033507,CUST-06976,2024-09-18,0.2849,2
ORD-2024-033508,CUST-05188,2024-09-10,0.0563,2
ORD-2024-033509,CUST-05945,2024-09-24,0.0354,1
ORD-2024-033510,CUST-01354,2024-09-04,0.2161,1
ORD-2024-033511,CUST-05601,2024-09-27,0.0559,1
ORD-2024-033512,CUST-06873,2024-09-20,0.0111,1
ORD-2024-033513,CUST-04969,2024-09-09,0.1752,1
ORD-2024-033514,CUST-05109,2024-09-26,0.0391,1
ORD-2024-033515,CUST-04841,2024-09-18,0.0906,2
ORD-2024-033516,CUST-06549,2024-09-17,0.05,1
ORD-2024-033517,CUST-05737,2024-09-26,0.1654,4
ORD-2024-033518,CUST-07181,2024-09-10,0.0451,2
ORD-2024-033519,CUST-06994,2024-09-29,0.0393,1
ORD-2024-033520,CUST-01728,2024-09-11,0.2123,1
ORD-2024-033521,CUST-07610,2024-09-29,0.0475,1
ORD-2024-033522,CUST-06513,2024-09-06,0.0442,4
ORD-2024-033523,CUST-05170,2024-09-28,0.0105,1
ORD-2024-033524,CUST-05987,2024-09-21,0.124,1
ORD-2024-033525,CUST-04248,2024-09-17,0.1816,2
ORD-2024-033526,CUST-08131,2024-09-16,0.0514,3
ORD-2024-033527,CUST-05545,2024-09-16,0.0332,1
ORD-2024-033528,CUST-03120,2024-09-27,0.0199,1
ORD-2024-033529,CUST-07436,2024-09-23,0.2162,1
ORD-2024-033530,CUST-05710,2024-09-04,0.0426,2
ORD-2024-033531,CUST-02834,2024-09-27,0.0816,1
ORD-2024-033532,CUST-08550,2024-09-26,0.0534,1
ORD-2024-033533,CUST-01107,2024-09-12,0.0871,1
ORD-2024-033534,CUST-02165,2024-09-04,0.2731,1
ORD-2024-033535,CUST-06389,2024-09-02,0.3468,1
ORD-2024-033536,CUST-03614,2024-09-22,0.3021,2
ORD-2024-033537,CUST-01488,2024-09-11,0.0479,1
ORD-2024-033538,CUST-03238,2024-09-29,0.0275,1
ORD-2024-033539,CUST-07723,2024-09-07,0.1278,3
ORD-2024-033540,CUST-08469,2024-09-26,0.0229,1
ORD-2024-033541,CUST-03503,2024-09-12,0.0355,1
ORD-2024-033542,CUST-04255,2024-09-17,0.0488,1
ORD-2024-033543,CUST-02965,2024-09-06,0.0781,1
ORD-2024-033544,CUST-06902,2024-09-30,0.1102,2
ORD-2024-033545,CUST-02470,2024-09-03,0.261,2
ORD-2024-033546,CUST-01130,2024-09-12,0.0344,1
ORD-2024-033547,CUST-04536,2024-09-21,0.113,2
ORD-2024-033548,CUST-00882,2024-09-30,0.0302,1
ORD-2024-033549,CUST-05035,2024-09-25,0.0765,2
ORD-2024-033550,CUST-04046,2024-09-01,0.0383,1
ORD-2024-033551,CUST-07484,2024-09-01,0.0816,1
ORD-2024-033552,CUST-06455,2024-09-21,0.084,1
ORD-2024-033553,CUST-02576,2024-09-01,0.033,2
ORD-2024-033554,CUST-07804,2024-09-22,0.1258,1
ORD-2024-033555,CUST-02425,2024-09-11,0.0955,1
ORD-2024-033556,CUST-05110,2024-09-22,0.143,1
ORD-2024-033557,CUST-08355,2024-09-29,0.0116,1
ORD-2024-033558,CUST-02474,2024-09-17,0.1579,3
ORD-2024-033559,CUST-00478,2024-09-17,0.1525,1
ORD-2024-033560,CUST-04271,2024-09-20,0.014,1
ORD-2024-033561,CUST-06170,2024-09-14,0.0296,3
ORD-2024-033562,CUST-00349,2024-09-11,0.1417,1
ORD-2024-033563,CUST-02349,2024-09-04,0.1755,2
ORD-2024-033564,CUST-00238,2024-09-28,0.2176,1
ORD-2024-033565,CUST-00688,2024-09-30,0.1111,2
ORD-2024-033566,CUST-06354,2024-09-18,0.0191,3
ORD-2024-033567,CUST-06214,2024-09-09,0.1183,2
ORD-2024-033568,CUST-04210,2024-09-29,0.0128,1
ORD-2024-033569,CUST-01460,2024-09-25,0.0429,1
ORD-2024-033570, CUST-08373 ,2024-09-29,0.405,1
ORD-2024-033571,CUST-01006,2024-09-17,0.0619,1
ORD-2024-033572,CUST-03035,2024-09-03,0.1901,2
ORD-2024-033573,CUST-05404,2024-09-05,0.2727,3
ORD-2024-033574,CUST-00350,2024-09-26,0.0084,1
ORD-2024-033575,CUST-04416,2024-09-01,0.2027,1
ORD-2024-033576,CUST-06058,2024-09-29,0.0233,2
ORD-2024-033577,CUST-07035,2024-09-30,0.0267,1
ORD-2024-033578,CUST-02259,2024-09-17,0.1555,4
ORD-2024-033579,CUST-06011,2024-09-16,0.0578,1
ORD-2024-033580,CUST-06497,2024-09-18,0.0452,1
ORD-2024-033581,CUST-02067,2024-09-26,0.247,1
ORD-2024-033582,CUST-03997,2024-09-05,0.0306,2
ORD-2024-033583,CUST-02072,2024-09-08,0.1328,5
ORD-2024-033584,CUST-03292,2024-09-16,0.0678,3
ORD-2024-033585,CUST-05759,2024-09-20,0.0417,1
ORD-2024-033586,CUST-08024,2024-09-11,0.2543,1
ORD-2024-033587,CUST-03067,2024-09-13,0.0738,2
ORD-2024-033588,CUST-07889,2024-09-13,0.0971,3
ORD-2024-033589,CUST-04962,2024-09-22,0.0836,5
ORD-2024-033590,CUST-01488,2024-09-10,0.0207,1
ORD-2024-033591,CUST-03950,2024-09-04,0.1333,1
ORD-2024-033592,CUST-04127,2024-09-28,0.1735,1
ORD-2024-033593,CUST-08132,2024-09-12,0.0415,1
ORD-2024-033594,CUST-05930,2024-09-10,0.353,1
ORD-2024-033595,CUST-05459,2024-09-23,0.0189,2
ORD-2024-033596,CUST-01499,2024-09-29,0.3612,1
ORD-2024-033597,CUST-01516,2024-09-08,0.0292,2
ORD-2024-033598,CUST-04220,2024-09-17,0.3313,3
ORD-2024-033599,CUST-00876,2024-09-19,0.1318,3
ORD-2024-033600,CUST-08241,2024-09-07,0.0839,3
ORD-2024-033601,CUST-04128,2024-09-08,0.0296,1
ORD-2024-033602,CUST-07312,2024-09-04,0.0164,1
ORD-2024-033603,CUST-06070,2024-09-26,0.0632,3
ORD-2024-033604,CUST-04817,2024-09-18,0.1488,1
ORD-2024-033605,CUST-06748,2024-09-19,0.0046,1
ORD-2024-033606,CUST-08785,2024-09-05,0.0084,1
ORD-2024-033607,CUST-06000,2024-09-23,0.0412,3
ORD-2024-033608,CUST-00192,2024-09-14,0.0736,4
ORD-2024-033609,CUST-04014,2024-09-17,0.0325,1
ORD-2024-033610,CUST-01775,2024-09-23,0.1651,2
ORD-2024-033611,CUST-03998,2024-09-30,0.1418,1
ORD-2024-033612,CUST-01930,2024-09-08,0.03,1
ORD-2024-033613,CUST-07200,2024-09-15,0.0641,1
ORD-2024-033614,CUST-06061,2024-09-17,0.061,3
ORD-2024-033615,CUST-07871,2024-09-12,0.0574,2
ORD-2024-033616,CUST-05952,2024-09-02,0.0567,2
ORD-2024-033617,CUST-02067,2024-09-16,0.1091,1
ORD-2024-033618,CUST-06804,2024-09-15,0.1542,3
ORD-2024-033619,CUST-08508,2024-09-24,0.0263,1
ORD-2024-033620,CUST-07156,2024-09-09,0.1366,3
ORD-2024-033621,CUST-06094,2024-09-30,0.0413,2
ORD-2024-033622,CUST-03494,2024-09-14,0.0078,2
ORD-2024-033623,CUST-01510,2024-09-02,0.0517,1
ORD-2024-033624,CUST-02900,2024-09-30,0.0434,2
ORD-2024-033625,CUST-00882,2024-09-12,0.0259,1
ORD-2024-033626,CUST-01613,2024-09-12,0.0363,1
ORD-2024-033627,CUST-06381,2024-09-03,0.2387,3
ORD-2024-033628,CUST-02838,2024-09-30,0.0806,1
ORD-2024-033629,CUST-01923,2024-09-28,0.0148,1
ORD-2024-033630,CUST-03447,2024-09-26,0.0608,1
ORD-2024-033631,CUST-07211,2024-09-19,0.1404,1
ORD-2024-033632,CUST-04672,2024-09-26,0.0154,1
ORD-2024-033633,CUST-08347,2024-09-11,0.1118,3
ORD-2024-033634,CUST-00397,2024-09-21,0.0594,2
ORD-2024-033635,CUST-00592,2024-09-24,0.0399,3
ORD-2024-033636,CUST-04277,2024-09-17,0.0411,1
ORD-2024-033637,CUST-03934,2024-09-06,0.0284,1
ORD-2024-033638,CUST-08895,2024-09-10,0.1158,1
ORD-2024-033639,CUST-05534,2024-09-14,0.2459,2
ORD-2024-033640,CUST-05799,2024-09-03,0.2049,2
ORD-2024-033641,CUST-04610,2024-09-10,0.0376,1
ORD-2024-033642,CUST-06161,2024-09-13,0.0401,1
ORD-2024-033643,CUST-02557,2024-09-07,0.0041,1
ORD-2024-033644,CUST-05105,2024-09-06,0.1547,2
ORD-2024-033645,CUST-08305,2024-09-29,0.0977,2
ORD-2024-033646,CUST-05513,2024-09-29,0.061,1
ORD-2024-033647,CUST-00551,2024-09-07,0.0795,3
ORD-2024-033648,CUST-01398,2024-09-23,0.0436,2
ORD-2024-033649,CUST-03998,2024-09-22,0.2142,1
ORD-2024-033650,CUST-07830,2024-09-24,0.2891,1
ORD-2024-033651,CUST-08331,2024-09-19,0.2189,1
ORD-2024-033652,CUST-03250,2024-09-08,0.0341,1
ORD-2024-033653,CUST-00085,2024-09-21,0.3023,1
ORD-2024-033654,CUST-06432,2024-09-18,0.1597,3
ORD-2024-033655,CUST-08723,2024-09-10,0.2177,1
ORD-2024-033656,CUST-05679,2024-09-28,0.0882,2
ORD-2024-033657,CUST-08376,2024-09-22,0.1419,1
ORD-2024-033658,CUST-09008,2024-09-09,0.1623,3
ORD-2024-033659,CUST-04530,2024-09-07,0.1345,1
ORD-2024-033660,CUST-07560,2024-09-23,0.0133,1
ORD-2024-033661,CUST-06508,2024-09-04,0.0658,3
ORD-2024-033662,CUST-07702,2024-09-05,0.158,2
ORD-2024-033663,CUST-00013,2024-09-18,0.2379,1
ORD-2024-033664,CUST-01863,2024-09-13,0.3399,1
ORD-2024-033665,CUST-02292,2024-09-25,0.1923,2
ORD-2024-033666,CUST-02364,2024-09-17,0.0684,1
ORD-2024-033667,CUST-07976,2024-09-01,0.4102,2
ORD-2024-033668,CUST-02965,2024-09-15,0.1565,2
ORD-2024-033669,CUST-02149,2024-09-27,0.0543,1
ORD-2024-033670,CUST-04662,2024-09-22,0.0235,1
ORD-2024-033671,CUST-05872,2024-09-18,0.0375,1
ORD-2024-033672,CUST-03143,2024-09-03,0.0153,1
ORD-2024-033673,CUST-01487,2024-09-01,0.0413,1
ORD-2024-033674,CUST-08288,2024-09-28,0.0758,3
ORD-2024-033675,CUST-02924,2024-09-24,0.1387,1
ORD-2024-033676,CUST-02449,2024-09-20,0.1622,1
ORD-2024-033677,CUST-06573,2024-09-29,0.2112,1
ORD-2024-033678,CUST-05734,2024-09-25,0.1427,1
ORD-2024-033679,CUST-02164,2024-09-07,0.0455,1
ORD-2024-033680,CUST-02265,2024-09-18,0.3585,1
ORD-2024-033681,CUST-07684,2024-09-19,0.0187,2
ORD-2024-033682,CUST-06645,2024-09-30,0.3222,2
ORD-2024-033683,CUST-02423,2024-09-12,0.0316,2
ORD-2024-033684,CUST-02149,2024-09-17,0.0185,1
ORD-2024-033685,CUST-00382,2024-09-03,0.0603,1
ORD-2024-033686,CUST-01849,2024-09-18,0.0045,1
ORD-2024-033687,CUST-03174,2024-09-16,0.4361,1
ORD-2024-033688,CUST-02908,2024-09-03,0.1304,1
ORD-2024-033689,CUST-07937,2024-09-08,0.3839,1
ORD-2024-033690,CUST-08887,2024-09-28,0.1113,1
ORD-2024-033691,CUST-03213,2024-09-02,0.0509,1
ORD-2024-033692,CUST-07192,2024-09-23,0.044,2
ORD-2024-033693,CUST-04532,2024-09-30,0.2535,3
ORD-2024-033694,CUST-03929,2024-09-27,0.1499,2
ORD-2024-033695,CUST-04425,2024-09-14,0.0103,1
ORD-2024-033696,CUST-00029,2024-09-30,0.0258,1
ORD-2024-033697,CUST-07063,2024-09-07,0.066,1
ORD-2024-033698,CUST-07918,2024-09-02,0.0788,3
ORD-2024-033699,CUST-01037,2024-09-26,0.0861,1
ORD-2024-033700,CUST-00554,2024-09-10,0.0779,1
ORD-2024-033701,CUST-06147,2024-09-30,0.0069,1
ORD-2024-033702,CUST-03998,2024-09-12,0.0505,1
ORD-2024-033703,CUST-04457,2024-09-24,0.2154,1
ORD-2024-033704,CUST-06025,2024-09-10,0.0319,1
ORD-2024-033705,CUST-00053,2024-09-21,0.1807,1
ORD-2024-033706,CUST-07008,2024-09-13,0.1735,1
ORD-2024-033707,CUST-05590,2024-09-20,0.0618,1
ORD-2024-033708,CUST-00396,2024-09-22,0.0043,1
ORD-2024-033709,CUST-05295,2024-09-28,0.0629,3
ORD-2024-033710,CUST-03724,2024-09-02,0.0133,1
ORD-2024-033711,CUST-09137,2024-09-09,0.0508,2
ORD-2024-033712,CUST-04936,2024-09-07,0.0407,2
ORD-2024-033713,CUST-07766,2024-09-29,0.1341,2
ORD-2024-033714,CUST-00295,2024-09-29,0.3301,1
ORD-2024-033715,CUST-01664,2024-09-17,0.247,2
ORD-2024-033716,CUST-06102,2024-09-10,0.2765,2
ORD-2024-033717,CUST-03775,2024-09-25,0.1357,2
ORD-2024-033718,CUST-00901,2024-09-06,0.102,1
ORD-2024-033719,CUST-05036,2024-09-30,0.0192,2
ORD-2024-033720,CUST-03372,2024-09-21,0.2092,2
ORD-2024-033721,CUST-00349,2024-09-20,0.1021,2
ORD-2024-033722,CUST-07424,2024-09-08,0.0981,1
ORD-2024-033723,CUST-02279,2024-09-18,0.0413,2
ORD-2024-033724,CUST-01539,2024-09-15,0.0154,1
ORD-2024-033725,CUST-06059,2024-09-15,0.0977,1
ORD-2024-033726,CUST-00641,2024-09-08,0.0435,2
ORD-2024-033727,CUST-03851,2024-09-19,0.0269,2
ORD-2024-033728,CUST-04226,2024-09-13,0.55,2
ORD-2024-033729,CUST-00394,2024-09-03,0.2853,3
ORD-2024-033730,CUST-05688,2024-09-07,0.1614,3
ORD-2024-033731,CUST-02156,2024-09-05,0.0246,1
ORD-2024-033732,CUST-03259,2024-09-07,0.1688,1
ORD-2024-033733,CUST-04446,2024-09-30,0.0094,1
ORD-2024-033734,CUST-07232,2024-09-16,0.1109,2
ORD-2024-033735,CUST-07110,2024-09-11,0.033,2
ORD-2024-033736,CUST-01329,2024-09-15,0.1611,3
ORD-2024-033737,CUST-05711,2024-09-21,0.0809,1
ORD-2024-033738,CUST-05589,2024-09-20,0.2664,1
ORD-2024-033739,CUST-05766,2024-09-19,0.1494,2
ORD-2024-033740,CUST-00294,2024-09-16,0.1024,1
ORD-2024-033741,CUST-06913,2024-09-04,0.2831,1
ORD-2024-033742,CUST-04706,2024-09-15,0.0298,1
ORD-2024-033743,CUST-03030,2024-09-10,0.1832,1
ORD-2024-033744,CUST-07857,2024-09-11,0.0603,1
ORD-2024-033745,CUST-00564,2024-09-01,0.0248,1
ORD-2024-033746,CUST-06082,2024-09-11,0.0654,2
ORD-2024-033747,CUST-02007,2024-09-07,0.227,2
ORD-2024-033748,CUST-08210,2024-09-30,0.069,1
ORD-2024-033749,CUST-03471,2024-09-12,0.0881,1
ORD-2024-033750,CUST-09006,2024-09-19,0.0421,1
ORD-2024-033751,CUST-05987,2024-09-01,0.1556,2
ORD-2024-033752,CUST-05211,2024-09-04,0.1934,3
ORD-2024-033753,CUST-00840,2024-09-25,0.1518,1
ORD-2024-033754,CUST-00269,2024-09-23,0.1257,1
ORD-2024-033755,CUST-03430,2024-09-10,0.4275,1
ORD-2024-033756,CUST-00413,2024-09-15,0.0348,1
ORD-2024-033757,CUST-05180,2024-09-14,0.0299,1
ORD-2024-033758,CUST-04154,2024-09-14,0.0393,1
ORD-2024-033759,CUST-06845,2024-09-30,0.3122,1
ORD-2024-033760,CUST-04110,2024-09-27,0.0642,1
ORD-2024-033761,CUST-01420,2024-09-26,0.1517,2
ORD-2024-033762,CUST-02132,2024-09-10,0.2634,3
ORD-2024-033763,CUST-06151,2024-09-05,0.0533,1
ORD-2024-033764,CUST-06111,2024-09-13,0.1088,1
ORD-2024-033765,CUST-04340,2024-09-13,0.0644,1
ORD-2024-033766,CUST-06070,2024-09-26,0.1636,1
ORD-2024-033767,CUST-08966,2024-09-25,0.2303,1
ORD-2024-033768,CUST-06810,2024-09-05,0.0285,1
ORD-2024-033769,CUST-08325,2024-09-12,0.0306,2
ORD-2024-033770,CUST-03881,2024-09-28,0.0344,3
ORD-2024-033771,CUST-05023,2024-09-19,0.2387,1
ORD-2024-033772,CUST-08254,2024-09-03,0.1842,1
ORD-2024-033773,CUST-01613,2024-09-12,0.0076,1
ORD-2024-033774,CUST-07940,2024-09-13,0.0699,1
ORD-2024-033775,CUST-00273,2024-09-06,0.0528,3
ORD-2024-033776,CUST-07173,2024-09-09,0.1681,1
ORD-2024-033777,CUST-07540,2024-09-11,0.112,1
ORD-2024-033778,CUST-05379,2024-09-18,0.0551,1
ORD-2024-033779,CUST-04052,2024-09-08,0.1197,1
ORD-2024-033780,CUST-01801,2024-09-29,0.0981,1
ORD-2024-033781,CUST-05819,2024-09-25,0.0061,1
ORD-2024-033782,CUST-05538,2024-09-29,0.0882,1
ORD-2024-033783,CUST-01104,2024-09-19,0.1542,2
ORD-2024-033784,CUST-04046,2024-09-10,0.1207,1
ORD-2024-033785,CUST-01086,2024-09-17,0.0566,1
ORD-2024-033786,CUST-01475,2024-09-18,0.1051,2
ORD-2024-033787,CUST-00600,2024-09-11,0.0974,1
ORD-2024-033788,CUST-00422,2024-09-21,0.1047,4
ORD-2024-033789,CUST-06513,2024-09-10,0.0422,1
ORD-2024-033790,CUST-05282,2024-09-26,0.1289,1
ORD-2024-033791,CUST-03836,2024-09-10,0.0274,1
ORD-2024-033792,CUST-04697,2024-09-20,0.0166,1
ORD-2024-033793,CUST-08084,2024-09-01,0.0807,1
ORD-2024-033794,CUST-06823,2024-09-14,0.3304,1
ORD-2024-033795,CUST-01784,2024-09-10,0.0537,1
ORD-2024-033796,CUST-03238,2024-09-13,0.0638,2
ORD-2024-033797,CUST-01327,2024-09-18,0.2973,1
ORD-2024-033798,CUST-04240,2024-09-29,0.0722,1
ORD-2024-033799,CUST-01749,2024-09-25,0.0908,5
ORD-2024-033800,CUST-08273,2024-09-03,0.0153,1
ORD-2024-033801,CUST-01202,2024-09-10,0.174,1
ORD-2024-033802,CUST-08931,2024-09-14,0.0816,1
ORD-2024-033803,CUST-02802,2024-09-28,0.0408,1
ORD-2024-033804,CUST-07923,2024-09-05,0.1137,2
ORD-2024-033805,CUST-08303,2024-09-15,0.0157,1
ORD-2024-033806,CUST-06890,2024-09-09,0.1418,2
ORD-2024-033807,CUST-06033,2024-09-30,0.093,1
ORD-2024-033808,CUST-03271,2024-09-11,0.041,1
ORD-2024-033809,CUST-05297,2024-09-05,0.3733,1
ORD-2024-033810,CUST-02009,2024-09-19,0.5172,1
ORD-2024-033811,CUST-05581,2024-09-28,0.0204,1
ORD-2024-033812,CUST-07768,2024-09-24,0.0537,1
ORD-2024-033813,CUST-03676,2024-09-12,0.2022,3
ORD-2024-033814,CUST-06002,2024-09-01,0.047,2
ORD-2024-033815,CUST-05302,2024-09-04,0.0503,1
ORD-2024-033816,CUST-08667,2024-09-22,0.0253,2
ORD-2024-033817,CUST-08029,2024-09-25,0.3954,1
ORD-2024-033818,CUST-05180,2024-09-23,0.1371,1
ORD-2024-033819,CUST-07804,2024-09-13,0.0445,2
ORD-2024-033820,CUST-07433,2024-09-12,0.1709,1
ORD-2024-033821,CUST-05724,2024-09-30,0.0252,3
ORD-2024-033822,CUST-02037,2024-09-17,0.0131,1
ORD-2024-033823,CUST-01680,2024-09-10,0.0286,1
ORD-2024-033824,CUST-03520,2024-09-04,0.0264,1
ORD-2024-033825,CUST-07761,2024-09-03,0.1002,2
ORD-2024-033826,CUST-04758,2024-09-13,0.0866,2
ORD-2024-033827,CUST-04706,2024-09-22,0.0708,1
ORD-2024-033828,CUST-03563,2024-09-12,0.0606,2
ORD-2024-033829,CUST-03283,2024-09-24,0.2553,3
ORD-2024-033830,CUST-08152,2024-09-15,0.0818,1
ORD-2024-033831,CUST-05011,2024-09-11,0.0567,2
ORD-2024-033832,CUST-01465,2024-09-12,0.0486,1
ORD-2024-033833,CUST-05079,2024-09-01,0.0445,1
ORD-2024-033834,CUST-06849,2024-09-06,0.1241,1
ORD-2024-033835,CUST-08203,2024-09-06,0.1586,2
ORD-2024-033836,CUST-00203,2024-09-03,0.0751,1
ORD-2024-033837,CUST-04115,2024-09-09,0.1947,1
ORD-2024-033838,CUST-07200,2024-09-12,0.1551,1
ORD-2024-033839,CUST-00554,2024-09-17,0.0858,1
ORD-2024-033840,CUST-02474,2024-09-12,0.0375,2
ORD-2024-033841,CUST-04159,2024-09-25,0.0435,1
ORD-2024-033842,CUST-04046,2024-09-19,0.1716,2
ORD-2024-033843,CUST-00790,2024-09-27,0.0605,1
ORD-2024-033844,CUST-04266,2024-09-15,0.1198,1
ORD-2024-033845,CUST-02982,2024-09-29,0.0708,3
ORD-2024-033846,CUST-05973,2024-09-23,0.2007,1
ORD-2024-033847,CUST-06956,2024-09-17,0.061,1
ORD-2024-033848,CUST-07152,2024-09-23,0.3297,1
ORD-2024-033849,CUST-01999,2024-09-26,0.1759,1
ORD-2024-033850,CUST-02459,2024-09-18,0.0844,3
ORD-2024-033851,CUST-05966,2024-09-13,0.1045,3
ORD-2024-033852,CUST-08126,2024-09-03,0.0418,2
ORD-2024-033853,CUST-08181,2024-09-30,0.2444,2
ORD-2024-033854,CUST-08024,2024-09-23,0.0386,1
ORD-2024-033855,CUST-04231,2024-09-27,0.0773,1
ORD-2024-033856,CUST-06151,2024-09-14,0.0521,2
ORD-2024-033857,CUST-07186,2024-09-24,0.021,1
ORD-2024-033858,CUST-07488,2024-09-03,0.0886,2
ORD-2024-033859,CUST-06635,2024-09-19,0.0549,1
ORD-2024-033860,CUST-00564,2024-09-21,0.0596,2
ORD-2024-033861,CUST-07890,2024-09-27,0.0553,1
ORD-2024-033862,CUST-03590,2024-09-01,0.294,1
ORD-2024-033863,CUST-01004,2024-09-12,0.0301,2
ORD-2024-033864,CUST-04761,2024-09-15,0.0826,3
ORD-2024-033865,CUST-01308,2024-09-19,0.0579,2
ORD-2024-033866,CUST-03562,2024-09-21,0.0638,1
ORD-2024-033867,CUST-08222,2024-09-25,0.0421,1
ORD-2024-033868,CUST-06931,2024-09-28,0.0824,1
ORD-2024-033869,CUST-02576,2024-09-24,0.0818,3
ORD-2024-033870,CUST-05666,2024-09-19,0.0253,2
ORD-2024-033871,CUST-00759,2024-09-16,0.1865,1
ORD-2024-033872,CUST-07238,2024-09-25,0.0704,3
ORD-2024-033873,CUST-07878,2024-09-23,0.0316,1
ORD-2024-033874,CUST-06573,2024-09-01,0.0277,1
ORD-2024-033875,CUST-05605,2024-09-10,0.3412,2
ORD-2024-033876,CUST-05986,2024-09-15,0.0127,1
ORD-2024-033877,CUST-09058,2024-09-21,0.0233,1
ORD-2024-033878,CUST-01599,2024-09-06,0.0417,3
ORD-2024-033879,CUST-04266,2024-09-17,0.0394,2
ORD-2024-033880,CUST-07293,2024-09-12,0.0059,1
ORD-2024-033881,CUST-03401,2024-09-10,0.0277,1
ORD-2024-033882,CUST-06961,2024-09-30,0.2972,3
ORD-2024-033883,CUST-01058,2024-09-08,0.0155,1
ORD-2024-033884,CUST-04916,2024-09-26,0.2235,1
ORD-2024-033885,CUST-01827,2024-09-16,0.2152,1
ORD-2024-033886,CUST-08309,2024-09-03,0.0754,2
ORD-2024-033887,CUST-01416,2024-09-12,0.0269,3
ORD-2024-033888,CUST-04546,2024-09-11,0.0962,1
ORD-2024-033889,CUST-04710,2024-09-05,0.0585,3
ORD-2024-033890,CUST-08011,2024-09-17,0.1156,2
ORD-2024-033891,CUST-06414,2024-09-03,0.0379,3
ORD-2024-033892,CUST-08248,2024-09-13,0.3377,2
ORD-2024-033893,CUST-08421,2024-09-09,0.0118,1
ORD-2024-033894,CUST-05184,2024-09-15,0.035,1
ORD-2024-033895,CUST-04269,2024-09-30,0.2679,1
ORD-2024-033896,CUST-04651,2024-09-18,0.0879,1
ORD-2024-033897,CUST-02519,2024-09-22,0.1982,2
ORD-2024-033898,CUST-00476,2024-09-03,0.0373,1
ORD-2024-033899,CUST-07435,2024-09-05,0.4909,3
ORD-2024-033900,CUST-00310,2024-09-07,0.1618,3
ORD-2024-033901,CUST-00291,2024-09-27,0.1755,1
ORD-2024-033902,CUST-08281,2024-09-01,0.0148,1
ORD-2024-033903,CUST-04804,2024-09-28,0.2218,2
ORD-2024-033904,CUST-06487,2024-09-23,0.2265,1
ORD-2024-033905,CUST-07774,2024-09-05,0.4805,1
ORD-2024-033906,CUST-04012,2024-09-23,0.0539,1
ORD-2024-033907,CUST-07823,2024-09-13,0.0742,2
ORD-2024-033908,CUST-03470,2024-09-01,0.0608,1
ORD-2024-033909,CUST-01092,2024-09-29,0.0805,1
ORD-2024-033910,CUST-00443,2024-09-16,0.1203,2
ORD-2024-033911,CUST-00700,2024-09-03,0.0669,1
ORD-2024-033912,CUST-06109,2024-09-22,0.0224,3
ORD-2024-033913,CUST-05879,2024-09-13,0.0907,1
ORD-2024-033914,CUST-04913,2024-09-29,0.3847,1
ORD-2024-033915,CUST-05774,2024-09-06,0.0444,2
ORD-2024-033916,CUST-01345,2024-09-24,0.0554,2
ORD-2024-033917,CUST-04701,2024-09-13,0.0962,4
ORD-2024-033918,CUST-02965,2024-09-17,0.0125,1
ORD-2024-033919,CUST-07018,2024-09-24,0.1035,2
ORD-2024-033920,CUST-03774,2024-09-03,0.1023,2
ORD-2024-033921,CUST-07348,2024-09-10,0.1456,3
ORD-2024-033922,CUST-07998,2024-09-05,0.0839,1
ORD-2024-033923,CUST-04528,2024-09-05,0.0218,1
ORD-2024-033924,CUST-06394,2024-09-27,0.2396,2
ORD-2024-033925,CUST-02212,,0.0836,1
ORD-2024-033926,CUST-04177,2024-09-05,0.3175,2
ORD-2024-033927,CUST-03358,2024-09-23,0.3776,1
ORD-2024-033928,CUST-00863,2024-09-13,0.0686,2
ORD-2024-033929,CUST-07837,2024-09-30,0.0878,1
ORD-2024-033930,CUST-02144,2024-09-19,0.2187,3
ORD-2024-033931,CUST-07610,2024-09-08,0.1086,1
ORD-2024-033932,CUST-06398,2024-09-06,0.1661,1
ORD-2024-033933,CUST-06643,2024-09-14,0.0385,2
ORD-2024-033934,CUST-00930,2024-09-17,0.0216,2
ORD-2024-033935,CUST-06080,2024-09-07,0.0756,3
ORD-2024-033936,CUST-06913,2024-09-26,0.1011,1
ORD-2024-033937,CUST-00429,2024-09-03,0.3078,1
ORD-2024-033938,CUST-05186,2024-09-19,0.1599,2
ORD-2024-033939,CUST-03098,2024-09-11,0.0314,3
ORD-2024-033940,CUST-07722,2024-09-07,0.3086,1
ORD-2024-033941,CUST-05328,2024-09-19,0.0131,2
ORD-2024-033942,CUST-08582,2024-09-10,0.0546,1
ORD-2024-033943,CUST-02429,2024-09-04,0.13,1
ORD-2024-033944,CUST-01130,2024-09-20,0.0055,1
ORD-2024-033945,CUST-09058,2024-09-14,0.1289,1
ORD-2024-033946,CUST-03199,2024-09-06,0.0777,1
ORD-2024-033947,CUST-07671,2024-09-20,0.0278,1
ORD-2024-033948,CUST-03958,2024-09-26,0.4624,3
ORD-2024-033949,CUST-07173,2024-09-23,0.171,1
ORD-2024-033950,CUST-07528,2024-09-08,0.054,1
ORD-2024-033951,CUST-01069,2024-09-05,0.097,1
ORD-2024-033952,CUST-02511,2024-09-23,0.2319,1
ORD-2024-033953,CUST-05400,2024-09-24,0.0488,2
ORD-2024-033954,CUST-02834,2024-09-26,0.1088,2
ORD-2024-033955,CUST-08691,2024-09-09,0.0591,1
ORD-2024-033956,CUST-06943,2024-09-06,0.0391,3
ORD-2024-033957,CUST-06156,2024-09-11,0.0414,1
ORD-2024-033958,CUST-08332,2024-09-10,0.0768,2
ORD-2024-033959,CUST-02428,2024-09-18,0.1706,3
ORD-2024-033960,CUST-03218,2024-09-15,0.1882,2
ORD-2024-033961,CUST-06502,2024-09-01,0.1546,1
ORD-2024-033962,CUST-08529,2024-09-25,0.055,1
ORD-2024-033963,CUST-07886,2024-09-01,0.1002,2
ORD-2024-033964,CUST-05659,2024-09-26,0.1262,1
ORD-2024-033965,CUST-01843,2024-09-12,0.1654,1
ORD-2024-033966,CUST-02078,2024-09-23,0.0767,1
ORD-2024-033967,CUST-07999,2024-09-15,0.0371,1
ORD-2024-033968,CUST-06505,2024-09-06,0.2072,1
ORD-2024-033969,CUST-06358,2024-09-02,0.152,2
ORD-2024-033970,CUST-07450,2024-09-25,0.111,2
ORD-2024-033971,CUST-06080,2024-09-25,0.1135,1
ORD-2024-033972,CUST-07014,2024-09-04,0.03,1
ORD-2024-033973,CUST-07317,2024-09-10,0.292,2
ORD-2024-033974,CUST-00910,2024-09-29,0.1742,1
ORD-2024-033975,CUST-03183,2024-09-04,0.1159,2
ORD-2024-033976,CUST-07796,2024-09-04,0.1173,1
ORD-2024-033977,CUST-04446,2024-09-13,0.077,1
ORD-2024-033978,CUST-06327,2024-09-17,0.0366,1
ORD-2024-033979,CUST-01860,2024-09-22,0.0552,3
ORD-2024-033980,CUST-01257,2024-09-09,0.0259,3
ORD-2024-033981,CUST-02625,2024-09-10,0.0298,1
ORD-2024-033982,CUST-07200,2024-09-05,0.0292,1
ORD-2024-033983,CUST-07192,2024-09-20,0.033,1
ORD-2024-033984,CUST-04743,2024-09-12,0.0528,3
ORD-2024-033985,CUST-08972,2024-09-21,0.0355,3
ORD-2024-033986,CUST-03925,2024-09-17,0.0657,2
ORD-2024-033987,CUST-04829,2024-09-21,0.1066,4
ORD-2024-033988,CUST-05904,2024-09-22,0.0819,1
ORD-2024-033989,CUST-06151,2024-09-27,0.0233,1
ORD-2024-033990,CUST-01777,2024-09-20,0.2183,2
ORD-2024-033991,CUST-04561,2024-09-03,0.0248,1
ORD-2024-033992,CUST-04436,2024-09-07,0.0099,1
ORD-2024-033993,CUST-06899,2024-09-10,0.1436,2
ORD-2024-033994,CUST-02850,2024-09-09,0.1924,1
ORD-2024-033995,CUST-00944,2024-09-15,0.1551,1
ORD-2024-033996,CUST-00863,2024-09-13,0.0138,4
ORD-2024-033997,CUST-07706,2024-09-04,0.0619,1
ORD-2024-033998,CUST-00003,2024-09-11,0.0528,3
ORD-2024-033999,CUST-06272,2024-09-18,0.0351,1
ORD-2024-034000,CUST-06575,2024-09-25,0.2208,1
ORD-2024-034001,CUST-00641,2024-09-05,0.1047,2
ORD-2024-034002,CUST-03468,2024-09-26,0.079,1
ORD-2024-034003,CUST-02621,2024-09-24,0.1528,1
ORD-2024-034004,CUST-06486,2024-09-10,0.1804,1
ORD-2024-034005,CUST-07440,2024-09-06,0.0574,1
ORD-2024-034006,CUST-07227,2024-09-19,0.0372,1
ORD-2024-034007,CUST-07019,2024-09-26,0.0647,3
ORD-2024-034008,CUST-03736,2024-09-07,0.0729,4
ORD-2024-034009,CUST-06835,2024-09-30,0.1427,1
ORD-2024-034010,CUST-00422,2024-09-03,0.0967,1
ORD-2024-034011,CUST-05196,2024-09-24,0.2115,2
ORD-2024-034012,CUST-05589,2024-09-29,0.1115,1
ORD-2024-034013,CUST-00616,2024-09-29,0.102,3
ORD-2024-034014,CUST-05692,2024-09-06,0.2124,1
ORD-2024-034015,CUST-00554,2024-09-09,0.041,3
ORD-2024-034016,CUST-08288,2024-09-02,0.2223,3
ORD-2024-034017,CUST-01137,2024-09-25,0.025,1
ORD-2024-034018,CUST-06744,2024-09-17,0.2497,2
ORD-2024-034019,CUST-03021,2024-09-20,0.0546,2
ORD-2024-034020,CUST-08951,2024-09-27,0.2011,1
ORD-2024-034021,CUST-08329,2024-09-10,0.2697,1
ORD-2024-034022,CUST-01193,2024-09-23,0.2107,1
ORD-2024-034023,CUST-03314,2024-09-17,0.4403,1
ORD-2024-034024,CUST-08024,2024-09-10,0.1415,1
ORD-2024-034025,CUST-03991,2024-09-17,0.0271,2
ORD-2024-034026,CUST-08387,2024-09-25,0.2832,1
ORD-2024-034027,CUST-04033,2024-09-23,0.0592,1
ORD-2024-034028,CUST-07035,2024-09-23,0.0321,1
ORD-2024-034029,CUST-05745,2024-09-11,0.008,1
ORD-2024-034030,CUST-06813,2024-09-27,0.075,2
ORD-2024-034031,CUST-02638,2024-09-22,0.0154,1
ORD-2024-034032,CUST-03309,2024-09-23,0.0916,1
ORD-2024-034033,CUST-06208,2024-09-09,0.0758,1
ORD-2024-034034,CUST-05517,2024-09-16,0.0274,3
ORD-2024-034035,CUST-06878,2024-09-14,0.0792,1
ORD-2024-034036,CUST-00812,2024-09-27,0.0988,1
ORD-2024-034037,CUST-08112,2024-09-09,0.0732,3
ORD-2024-034038,CUST-08027,2024-09-08,0.1655,2
ORD-2024-034039,CUST-07024,2024-09-06,0.2026,3
ORD-2024-034040,CUST-05982,2024-09-02,0.1355,1
ORD-2024-034041,CUST-02368,2024-09-07,0.008,1
ORD-2024-034042,CUST-04772,2024-09-25,0.012,1
ORD-2024-034043,CUST-05214,2024-09-14,0.2364,1
ORD-2024-034044,CUST-00041,2024-09-01,0.1437,1
ORD-2024-034045,CUST-04323,2024-09-16,0.0532,1
ORD-2024-034046,CUST-00055,2024-09-14,0.0905,1
ORD-2024-034047,CUST-03881,2024-09-08,0.0208,2
ORD-2024-034048,CUST-07974,2024-09-20,0.1065,3
ORD-2024-034049,CUST-06256,2024-09-28,0.0687,2
ORD-2024-034050,CUST-08137,2024-09-11,0.4329,1
ORD-2024-034051,CUST-04787,2024-09-10,0.0545,1
ORD-2024-034052,CUST-07098,2024-09-26,0.0338,1
ORD-2024-034053,CUST-04793,2024-09-11,0.169,3
ORD-2024-034054,CUST-06731,2024-09-07,0.1246,1
ORD-2024-034055,CUST-01202,2024-09-30,0.1153,4
ORD-2024-034056,CUST-00863,2024-09-26,0.034,2
ORD-2024-034057,CUST-03114,2024-09-30,0.0583,2
ORD-2024-034058,CUST-07151,2024-09-30,0.0343,1
ORD-2024-034059,CUST-06828,2024-09-28,0.0634,2
ORD-2024-034060,CUST-03834,2024-09-08,0.181,1
ORD-2024-034061,CUST-03431,2024-09-14,0.1212,2
ORD-2024-034062,CUST-08174,2024-09-17,0.0382,1
ORD-2024-034063,CUST-03378,2024-09-08,0.0209,3
ORD-2024-034064,CUST-06027,2024-09-17,0.0197,2
ORD-2024-034065,CUST-01863,2024-09-28,0.0318,1
ORD-2024-034066,CUST-01037,2024-09-03,0.0694,1
ORD-2024-034067,CUST-00989,2024-09-09,0.0956,1
ORD-2024-034068,CUST-03162,2024-09-12,0.1306,1
ORD-2024-034069,CUST-00660,2024-09-27,0.1767,3
ORD-2024-034070,CUST-07037,2024-09-25,0.0522,1
ORD-2024-034071,CUST-07802,2024-09-18,0.0288,2
ORD-2024-034072,CUST-06523,2024-09-29,0.0662,1
ORD-2024-034073,CUST-07471,2024-09-16,0.0431,1
ORD-2024-034074,CUST-04297,2024-09-24,0.0826,2
ORD-2024-034075,CUST-03696,2024-09-25,0.0359,1
ORD-2024-034076,CUST-01011,2024-09-27,0.2032,2
ORD-2024-034077,CUST-00148,2024-09-28,0.0503,2
ORD-2024-034078,CUST-02880,2024-09-20,0.1455,1
ORD-2024-034079,CUST-07212,2024-09-26,0.0787,3
ORD-2024-034080,CUST-03643,2024-09-12,0.4072,1
ORD-2024-034081,CUST-02065,2024-09-14,0.073,2
ORD-2024-034082,CUST-02423,2024-09-02,0.1521,1
ORD-2024-034083,CUST-08276,2024-09-14,0.0255,2
ORD-2024-034084,CUST-05992,2024-09-27,0.1015,1
ORD-2024-034085,CUST-05966,2024-09-22,0.1454,2
ORD-2024-034086,CUST-06772,2024-09-16,0.0688,2
ORD-2024-034087,CUST-00394,2024-09-22,0.1545,2
ORD-2024-034088,CUST-08256,2024-09-26,0.013,1
ORD-2024-034089,CUST-06198,2024-09-28,0.0756,3
ORD-2024-034090,CUST-06786,2024-09-30,0.3041,1
ORD-2024-034091,CUST-04525,2024-09-08,0.0692,2
ORD-2024-034092,CUST-06626,2024-09-28,0.0365,1
ORD-2024-034093,CUST-08481,2024-09-23,0.1933,2
ORD-2024-034094,CUST-07238,2024-09-05,0.1047,1
ORD-2024-034095,CUST-04912,2024-09-14,0.0351,2
ORD-2024-034096,CUST-07018,2024-09-21,0.2765,1
ORD-2024-034097,CUST-02838,2024-09-08,0.0254,1
ORD-2024-034098,CUST-07307,2024-09-13,0.1158,2
ORD-2024-034099,CUST-06714,2024-09-14,0.0957,3
ORD-2024-034100,CUST-04211,2024-09-22,0.1001,2
ORD-2024-034101,CUST-05461,2024-09-06,0.0209,3
ORD-2024-034102,CUST-01129,2024-09-21,0.0959,1
ORD-2024-034103,CUST-03718,2024-09-21,0.0185,2
ORD-2024-034104,CUST-00508,2024-09-06,0.0686,1
ORD-2024-034105,CUST-07142,2024-09-16,0.0166,1
ORD-2024-034106,CUST-07173,2024-09-06,0.0898,1
ORD-2024-034107,CUST-08386,2024-09-20,0.0265,1
ORD-2024-034108,CUST-08582,2024-09-26,0.2175,4
ORD-2024-034109,CUST-03445,2024-09-17,0.2699,5
ORD-2024-034110,CUST-05196,2024-09-18,0.0622,1
ORD-2024-034111,CUST-00737,2024-09-24,0.0665,1
ORD-2024-034112,CUST-06790,2024-09-24,0.021,1
ORD-2024-034113,CUST-01222,2024-09-14,0.1085,2
ORD-2024-034114,CUST-07726,2024-09-05,0.1012,2
ORD-2024-034115,CUST-01697,2024-09-28,0.0783,3
ORD-2024-034116,CUST-01906,2024-09-02,0.0125,1
ORD-2024-034117,CUST-07958,2024-09-09,0.1595,1
ORD-2024-034118,CUST-02622,2024-09-23,0.0582,2
ORD-2024-034119,CUST-04955,2024-09-10,0.0553,1
ORD-2024-034120,CUST-03609,2024-09-16,0.3383,1
ORD-2024-034121,CUST-00113,2024-09-15,0.0837,2
ORD-2024-034122,CUST-01366,2024-09-07,0.3388,1
ORD-2024-034123,CUST-04644,2024-09-16,0.0913,2
ORD-2024-034124,CUST-03372,2024-09-19,0.1427,1
ORD-2024-034125,CUST-01077,2024-09-30,0.1667,1
ORD-2024-034126,CUST-07146,2024-09-21,0.0424,3
ORD-2024-034127,CUST-05676,2024-09-26,0.0424,2
ORD-2024-034128,CUST-03718,2024-09-08,0.0388,3
ORD-2024-034129,CUST-03483,2024-09-12,0.1548,1
ORD-2024-034130,CUST-03326,2024-09-16,0.1097,3
ORD-2024-034131,CUST-08462,2024-09-15,0.1008,3
ORD-2024-034132,CUST-08824,2024-09-05,0.0959,3
ORD-2024-034133,CUST-07965,2024-09-19,0.1468,1
ORD-2024-034134,CUST-08440,2024-09-21,0.066,1
ORD-2024-034135,CUST-01630,2024-09-21,0.2557,1
ORD-2024-034136,CUST-07419,2024-09-13,0.0619,1
ORD-2024-034137,CUST-07201,2024-09-07,0.1336,4
ORD-2024-034138,CUST-05995,2024-09-26,0.0478,1
ORD-2024-034139,CUST-07408,2024-09-06,0.1129,4
ORD-2024-034140,CUST-00155,2024-09-14,0.196,1
ORD-2024-034141,CUST-00462,2024-09-21,0.0509,4
ORD-2024-034142,CUST-01329,2024-09-30,0.1436,1
ORD-2024-034143,CUST-07129,2024-09-10,0.242,3
ORD-2024-034144,CUST-04322,2024-09-11,0.0566,1
ORD-2024-034145,CUST-06937,2024-09-09,0.1697,2
ORD-2024-034146, CUST-05369 ,2024-09-04,0.103,1
ORD-2024-034147,CUST-01132,2024-09-03,0.2794,1
ORD-2024-034148,CUST-01366,2024-09-24,0.0189,1
ORD-2024-034149,CUST-08043,2024-09-01,0.2322,2
ORD-2024-034150,CUST-01623,2024-09-21,0.0641,1
ORD-2024-034151,CUST-05024,2024-09-29,0.2633,3
ORD-2024-034152,CUST-00413,2024-09-02,0.052,2
ORD-2024-034153,CUST-04492,2024-09-07,0.0648,1
ORD-2024-034154,CUST-06939,2024-09-15,0.157,3
ORD-2024-034155,CUST-00096,2024-09-01,0.0991,2
ORD-2024-034156,CUST-04876,2024-09-15,0.0635,2
ORD-2024-034157,CUST-04521,2024-09-28,0.0095,4
ORD-2024-034158,CUST-09089,2024-09-17,0.1786,1
ORD-2024-034159,CUST-00571,2024-09-03,0.028,2
ORD-2024-034160,CUST-05390,2024-09-20,0.1596,2
ORD-2024-034161,CUST-05426,2024-09-17,0.0931,3
ORD-2024-034162,CUST-02651,2024-09-17,0.0392,1
ORD-2024-034163,CUST-02517,2024-09-14,0.1684,2
ORD-2024-034164,CUST-06753,2024-09-24,0.2344,1
ORD-2024-034165,CUST-02585,2024-09-22,0.3877,1
ORD-2024-034166,CUST-03213,2024-09-15,0.0812,1
ORD-2024-034167,CUST-06298,2024-09-07,0.0763,5
ORD-2024-034168,CUST-00502,2024-09-16,0.0709,1
ORD-2024-034169,CUST-07649,2024-09-30,0.0826,2
ORD-2024-034170,CUST-01290,2024-09-12,0.0769,1
ORD-2024-034171,CUST-07833,2024-09-23,0.0804,5
ORD-2024-034172,CUST-03457,2024-09-16,0.2049,1
ORD-2024-034173,CUST-05055,2024-09-19,0.0918,1
ORD-2024-034174,CUST-07291,2024-09-02,0.0274,1
ORD-2024-034175,CUST-02689,2024-09-22,0.0756,3
ORD-2024-034176,CUST-08674,2024-09-25,0.0028,2
ORD-2024-034177,CUST-07851,2024-09-29,0.3503,1
ORD-2024-034178,CUST-02657,2024-09-20,0.114,1
ORD-2024-034179,CUST-07200,2024-09-21,0.0286,2
ORD-2024-034180,CUST-00393,2024-09-13,0.06,1
ORD-2024-034181,CUST-04128,2024-09-14,0.0508,1
ORD-2024-034182,CUST-00888,2024-09-23,0.1173,2
ORD-2024-034183,CUST-00769,2024-09-20,0.2416,2
ORD-2024-034184,CUST-05856,2024-09-17,0.1401,2
ORD-2024-034185,CUST-04310,2024-09-08,0.0369,2
ORD-2024-034186,CUST-04609,2024-09-24,0.0851,2
ORD-2024-034187,CUST-06005,2024-09-10,0.0774,2
ORD-2024-034188, CUST-08143 ,2024-09-29,0.0495,1
ORD-2024-034189,CUST-08871,2024-09-18,0.0441,1
ORD-2024-034190,CUST-05766,2024-09-08,0.0566,1
ORD-2024-034191,CUST-06494,2024-09-08,0.0731,1
ORD-2024-034192,CUST-07018,2024-09-20,0.0848,2
ORD-2024-034193,CUST-04025,2024-09-10,0.1925,2
ORD-2024-034194,CUST-08753,2024-09-05,0.0919,1
ORD-2024-034195,CUST-04755,2024-09-09,0.1045,2
ORD-2024-034196,CUST-06825,2024-09-12,0.217,1
ORD-2024-034197,CUST-09008,2024-09-10,0.0727,1
ORD-2024-034198,CUST-04271,2024-09-15,0.0434,1
ORD-2024-034199,CUST-06716,2024-09-27,0.1381,2
ORD-2024-034200,CUST-04886,2024-09-09,0.0265,2
ORD-2024-034201,CUST-04923,2024-09-07,0.0948,1
ORD-2024-034202,CUST-03134,2024-09-05,0.074,2
ORD-2024-034203,CUST-00301,2024-09-30,0.2097,2
ORD-2024-034204,CUST-05761,2024-09-23,0.1764,3
ORD-2024-034205,CUST-05742,2024-09-28,0.1094,1
ORD-2024-034206,CUST-03450,2024-09-12,0.1588,1
ORD-2024-034207,CUST-08440,2024-09-26,0.0392,1
ORD-2024-034208,CUST-01264,2024-09-22,0.1505,1
ORD-2024-034209,CUST-08107,2024-09-15,0.0835,1
ORD-2024-034210,CUST-04460,2024-09-02,0.1738,3
ORD-2024-034211,CUST-05090,2024-09-09,0.1519,1
ORD-2024-034212,CUST-07769,2024-09-29,0.1052,2
ORD-2024-034213,CUST-03083,2024-09-23,0.1179,4
ORD-2024-034214,CUST-01547,2024-09-07,0.0515,2
ORD-2024-034215,CUST-01554,2024-09-06,0.2402,2
ORD-2024-034216,CUST-02754,2024-09-01,0.213,1
ORD-2024-034217,CUST-06077,2024-09-11,0.0506,1
ORD-2024-034218,CUST-01632,2024-09-17,0.0511,2
ORD-2024-034219,CUST-00413,2024-09-17,0.0149,1
ORD-2024-034220,CUST-02622,2024-09-16,0.0446,1
ORD-2024-034221,CUST-06111,2024-09-22,0.1258,1
ORD-2024-034222,CUST-08045,2024-09-04,0.0563,1
ORD-2024-034223,CUST-01264,2024-09-05,0.0585,2
ORD-2024-034224,CUST-00009,2024-09-21,0.0782,1
ORD-2024-034225,CUST-03309,2024-09-24,0.2423,1
ORD-2024-034226,CUST-05046,2024-09-29,0.0172,1
ORD-2024-034227,CUST-03681,2024-09-13,0.0586,4
ORD-2024-034228,CUST-03902,2024-09-24,0.0874,1
ORD-2024-034229,CUST-01655,2024-09-13,0.0554,1
ORD-2024-034230,CUST-07974,2024-09-21,0.042,1
ORD-2024-034231,CUST-07312,2024-09-20,0.0148,1
ORD-2024-034232,CUST-07804,2024-09-01,0.2404,1
ORD-2024-034233,CUST-08846,2024-09-06,0.084,1
ORD-2024-034234,CUST-04740,2024-09-01,0.0982,2
ORD-2024-034235,CUST-07823,2024-09-23,0.0129,1
ORD-2024-034236,CUST-06655,2024-09-16,0.0983,2
ORD-2024-034237,CUST-06806,2024-09-25,0.4902,1
ORD-2024-034238,CUST-04749,2024-09-08,0.0963,1
ORD-2024-034239,CUST-06252,2024-09-25,0.208,2
ORD-2024-034240,CUST-05733,2024-09-20,0.1089,1
ORD-2024-034241,CUST-00284,2024-09-11,0.1782,1
ORD-2024-034242,CUST-05517,2024-09-08,0.0379,1
ORD-2024-034243,CUST-09051,2024-09-09,0.052,2
ORD-2024-034244,CUST-03213,2024-09-25,0.1837,2
ORD-2024-034245,CUST-06381,2024-09-03,0.11,4
ORD-2024-034246,CUST-03479,2024-09-13,0.1234,1
ORD-2024-034247,CUST-07326,2024-09-24,0.0984,3
ORD-2024-034248,CUST-04459,2024-09-28,0.0838,4
ORD-2024-034249,CUST-05676,2024-09-05,0.0322,1
ORD-2024-034250,CUST-05066,2024-09-21,0.3654,1
ORD-2024-034251,CUST-03216,2024-09-12,0.1757,1
ORD-2024-034252,CUST-03031,2024-09-14,0.1859,1
ORD-2024-034253,CUST-07761,2024-09-04,0.1001,2
ORD-2024-034254,CUST-03326,2024-09-27,0.021,1
ORD-2024-034255,CUST-02787,2024-09-23,0.0356,1
ORD-2024-034256,CUST-07603,2024-09-26,0.0609,3
ORD-2024-034257,CUST-04680,2024-09-14,0.0359,1
ORD-2024-034258,CUST-07219,2024-09-14,0.0379,1
ORD-2024-034259,CUST-07051,2024-09-24,0.1902,3
ORD-2024-034260,CUST-06256,2024-09-04,0.1566,1
ORD-2024-034261,CUST-08745,2024-09-25,0.0772,1
ORD-2024-034262,CUST-04098,2024-09-12,0.0506,1
ORD-2024-034263,CUST-01665,2024-09-19,0.0208,4
ORD-2024-034264,CUST-06486,2024-09-15,0.1616,1
ORD-2024-034265,CUST-01530,2024-09-06,0.0744,2
ORD-2024-034266,CUST-01599,2024-09-03,0.0442,2
ORD-2024-034267,CUST-02215,2024-09-02,0.0479,2
ORD-2024-034268,CUST-05488,2024-09-05,0.1255,1
ORD-2024-034269,CUST-06310,2024-09-30,0.1361,3
ORD-2024-034270,CUST-02257,2024-09-09,0.0686,1
ORD-2024-034271,CUST-06219,2024-09-24,0.0386,2
ORD-2024-034272,CUST-01017,2024-09-11,0.0154,3
ORD-2024-034273,CUST-07873,2024-09-10,0.067,1
ORD-2024-034274,CUST-02600,2024-09-26,0.0302,2
ORD-2024-034275,CUST-00413,2024-09-11,0.0502,1
ORD-2024-034276,CUST-00222,2024-09-28,0.1583,1
ORD-2024-034277,CUST-03398,2024-09-18,0.043,1
ORD-2024-034278,CUST-06206,2024-09-15,0.2791,2
ORD-2024-034279,CUST-04825,2024-09-26,0.2634,1
ORD-2024-034280,CUST-02838,2024-09-28,0.058,2
ORD-2024-034281,CUST-07761,2024-09-25,0.1961,1
ORD-2024-034282,CUST-02069,2024-09-24,0.0616,1
ORD-2024-034283,CUST-00858,2024-09-18,0.1105,1
ORD-2024-034284,CUST-02072,2024-09-26,0.1322,2
ORD-2024-034285,CUST-03250,2024-09-19,0.0833,2
ORD-2024-034286,CUST-06931,2024-09-13,0.0241,2
ORD-2024-034287,CUST-03608,2024-09-14,0.0613,1
ORD-2024-034288,CUST-02326,2024-09-18,0.1929,1
ORD-2024-034289,CUST-02870,2024-09-24,0.1205,1
ORD-2024-034290,CUST-01860,2024-09-28,0.1111,1
ORD-2024-034291,CUST-00940,2024-09-29,0.0162,1
ORD-2024-034292,CUST-05176,2024-09-26,0.1873,1
ORD-2024-034293,CUST-01697,2024-09-04,0.1353,2
ORD-2024-034294,CUST-00687,2024-09-19,0.0352,1
ORD-2024-034295,CUST-07389,2024-09-13,0.1437,1
ORD-2024-034296,CUST-00039,2024-09-27,0.2154,1
ORD-2024-034297,CUST-03238,2024-09-07,0.0699,5
ORD-2024-034298,CUST-01071,2024-09-17,0.0815,1
ORD-2024-034299,CUST-06527,2024-09-17,0.1798,1
ORD-2024-034300,CUST-00717,2024-09-19,0.0474,2
ORD-2024-034301,CUST-01164,2024-09-11,0.2123,2
ORD-2024-034302,CUST-06989,2024-09-09,0.3095,3
ORD-2024-034303,CUST-03244,2024-09-29,0.0814,1
ORD-2024-034304,CUST-04560,2024-09-26,0.0255,1
ORD-2024-034305,CUST-06209,2024-09-05,0.0571,2
ORD-2024-034306,CUST-07524,2024-09-03,0.2151,1
ORD-2024-034307,CUST-08467,2024-09-10,0.3308,1
ORD-2024-034308,CUST-01863,2024-09-01,0.0818,1
ORD-2024-034309,CUST-06845,2024-09-29,0.1693,4
ORD-2024-034310,CUST-02793,2024-09-26,0.4791,1
ORD-2024-034311,CUST-00405,2024-09-13,0.0395,2
ORD-2024-034312,CUST-07592,2024-09-30,0.0207,1
ORD-2024-034313,CUST-01945,2024-09-05,0.0717,1
ORD-2024-034314,CUST-05916,2024-09-09,0.0874,3
ORD-2024-034315,CUST-08152,2024-09-17,0.0967,1
ORD-2024-034316,CUST-01930,2024-09-27,0.1143,1
ORD-2024-034317,CUST-05900,2024-09-17,0.081,2
ORD-2024-034318,CUST-02011,2024-09-02,0.013,1
ORD-2024-034319,CUST-04252,2024-09-24,0.44,2
ORD-2024-034320,CUST-05733,2024-09-08,0.0833,1
ORD-2024-034321,CUST-06813,2024-09-19,0.0707,1
ORD-2024-034322,CUST-01451,2024-09-12,0.0282,1
ORD-2024-034323,CUST-05744,2024-09-19,0.0487,1
ORD-2024-034324,CUST-02200,2024-09-28,0.1395,1
ORD-2024-034325,CUST-04445,2024-09-06,0.0813,1
ORD-2024-034326,CUST-00908,2024-09-09,0.0192,1
ORD-2024-034327,CUST-05734,2024-09-20,0.0991,2
ORD-2024-034328,CUST-07482,2024-09-03,0.2204,2
ORD-2024-034329,CUST-07761,2024-09-18,0.0907,3
ORD-2024-034330,CUST-03344,2024-09-14,0.223,3
ORD-2024-034331,CUST-05685,2024-09-30,0.0721,1
ORD-2024-034332,CUST-00979,2024-09-27,0.129,2
ORD-2024-034333,CUST-08045,2024-09-01,0.0351,2
ORD-2024-034334,CUST-07157,2024-09-30,0.0067,1
ORD-2024-034335,CUST-08535,2024-09-20,0.0533,5
ORD-2024-034336,CUST-04170,2024-09-04,0.0556,1
ORD-2024-034337,CUST-07248,2024-09-28,0.55,1
ORD-2024-034338,CUST-06070,2024-09-01,0.0685,1
ORD-2024-034339,CUST-08478,2024-09-27,0.0907,2
ORD-2024-034340,CUST-06416,2024-09-05,0.0321,1
ORD-2024-034341,CUST-06332,2024-09-20,0.4652,1
ORD-2024-034342,CUST-06513,2024-09-22,0.032,1
ORD-2024-034343,CUST-00661,2024-09-25,0.0119,2
ORD-2024-034344,CUST-03609,2024-09-10,0.1328,3
ORD-2024-034345,CUST-03200,2024-09-21,0.125,1
ORD-2024-034346,CUST-06431,2024-09-04,0.0213,2
ORD-2024-034347,CUST-05248,2024-09-30,0.022,1
ORD-2024-034348,CUST-02292,2024-09-25,0.0927,1
ORD-2024-034349,CUST-03567,2024-09-19,0.2753,1
ORD-2024-034350,CUST-05922,2024-09-09,0.1911,2
ORD-2024-034351,CUST-08271,2024-09-10,0.0499,2
ORD-2024-034352,CUST-07900,2024-09-23,0.1427,2
ORD-2024-034353,CUST-06895,2024-09-24,0.0941,3
ORD-2024-034354,CUST-06181,2024-09-26,0.0922,1
ORD-2024-034355,CUST-06418,2024-09-02,0.0292,1
ORD-2024-034356,CUST-01436,2024-09-01,0.2109,3
ORD-2024-034357,CUST-02363,2024-09-13,0.0177,3
ORD-2024-034358,CUST-02610,2024-09-09,0.124,2
ORD-2024-034359,CUST-07373,2024-09-14,0.1208,1
ORD-2024-034360,CUST-02947,2024-09-17,0.12,4
ORD-2024-034361,CUST-02626,2024-09-01,0.0868,2
ORD-2024-034362,CUST-04919,2024-09-28,0.0258,2
ORD-2024-034363,CUST-08714,2024-09-27,0.0209,1
ORD-2024-034364,CUST-04760,2024-09-02,0.0176,1
ORD-2024-034365,CUST-04799,2024-09-05,0.0274,1
ORD-2024-034366,CUST-03172,2024-09-14,0.169,2
ORD-2024-034367,CUST-01738,2024-09-18,0.0112,4
ORD-2024-034368,CUST-07479,2024-09-17,0.2126,1
ORD-2024-034369,CUST-06242,2024-09-09,0.043,2
ORD-2024-034370,CUST-08714,2024-09-29,0.039,1
ORD-2024-034371,CUST-08309,2024-09-06,0.0719,2
ORD-2024-034372,CUST-05447,2024-09-12,0.1308,3
ORD-2024-034373,CUST-01537,2024-09-18,0.2473,1
ORD-2024-034374,CUST-06049,2024-09-14,0.2503,1
ORD-2024-034375,CUST-07432,2024-09-07,0.1013,2
ORD-2024-034376,CUST-08143,2024-09-17,0.0268,1
ORD-2024-034377,CUST-07704,2024-09-29,0.0629,2
ORD-2024-034378,CUST-04332,2024-09-13,0.1355,1
ORD-2024-034379,CUST-04689,2024-09-15,0.0255,1
ORD-2024-034380,CUST-02150,2024-09-08,0.1702,1
ORD-2024-034381,CUST-03520,2024-09-10,0.0358,1
ORD-2024-034382,CUST-02820,2024-09-08,0.0389,2
ORD-2024-034383,CUST-00493,2024-09-05,0.16,1
ORD-2024-034384, CUST-06424 ,2024-09-02,0.1686,1
ORD-2024-034385,CUST-07959,2024-09-13,0.1858,2
ORD-2024-034386,CUST-07417,2024-09-10,0.1989,1
ORD-2024-034387,CUST-06157,2024-09-24,0.1631,1
ORD-2024-034388,CUST-02374,2024-09-22,0.0261,1
ORD-2024-034389,CUST-03268,2024-09-14,0.0892,2
ORD-2024-034390,CUST-01012,2024-09-28,0.1194,2
ORD-2024-034391,CUST-01029,2024-09-04,0.0158,3
ORD-2024-034392,CUST-01452,2024-09-05,0.1004,1
ORD-2024-034393,CUST-02525,2024-09-26,0.033,2
ORD-2024-034394,CUST-08972,2024-09-14,0.0477,5
ORD-2024-034395,CUST-05041,2024-09-12,0.1686,3
ORD-2024-034396,CUST-05612,2024-09-04,0.1541,1
ORD-2024-034397,CUST-05995,2024-09-01,0.0475,2
ORD-2024-034398,CUST-02128,2024-09-15,0.0364,2
ORD-2024-034399,CUST-01257,2024-09-12,0.0283,2
ORD-2024-034400,CUST-08059,2024-09-12,0.0455,1
ORD-2024-034401,CUST-05733,2024-09-11,0.0679,1
ORD-2024-034402,CUST-05013,2024-09-10,0.0399,1
ORD-2024-034403,CUST-04644,2024-09-11,0.0459,2
ORD-2024-034404,CUST-06051,2024-09-12,0.0641,2
ORD-2024-034405,CUST-02937,2024-09-04,0.1025,3
ORD-2024-034406,CUST-02067,2024-09-07,0.0255,1
ORD-2024-034407,CUST-05228,2024-09-26,0.4064,3
ORD-2024-034408,CUST-09044,2024-09-12,0.0551,1
ORD-2024-034409,CUST-06697,2024-09-26,0.0253,1
ORD-2024-034410,CUST-08030,2024-09-02,0.0283,1
ORD-2024-034411,CUST-01827,2024-09-28,0.1554,1
ORD-2024-034412,CUST-07113,2024-09-23,0.0373,3
ORD-2024-034413,CUST-06713,2024-09-24,0.1402,1
ORD-2024-034414,CUST-03142,2024-09-12,0.2266,1
ORD-2024-034415,CUST-06956,2024-09-25,0.0776,2
ORD-2024-034416,CUST-00214,2024-09-07,0.1304,3
ORD-2024-034417,CUST-06355,2024-09-26,0.1715,1
ORD-2024-034418,CUST-04266,2024-09-02,0.0089,1
ORD-2024-034419,CUST-05053,2024-09-24,0.1785,2
ORD-2024-034420,CUST-02288,2024-09-22,0.1512,1
ORD-2024-034421,CUST-06244,2024-09-22,0.2322,1
ORD-2024-034422,CUST-02547,2024-09-11,0.022,3
ORD-2024-034423,CUST-07661,2024-09-17,0.0403,1
ORD-2024-034424,CUST-07399,2024-09-20,0.0977,1
ORD-2024-034425,CUST-04098,2024-09-27,0.0225,1
ORD-2024-034426,CUST-01436,2024-09-27,0.1057,1
ORD-2024-034427,CUST-01413,2024-09-05,0.1468,2
ORD-2024-034428,CUST-01295,2024-09-15,0.0116,1
ORD-2024-034429,CUST-04291,2024-09-06,0.0516,1
ORD-2024-034430,CUST-04483,2024-09-07,0.2742,1
ORD-2024-034431,CUST-04494,2024-09-23,0.1359,2
ORD-2024-034432,CUST-07513,2024-09-05,0.0063,1
ORD-2024-034433,CUST-02224,2024-09-07,0.0104,1
ORD-2024-034434,CUST-01435,2024-09-09,0.1534,4
ORD-2024-034435,CUST-01864,2024-09-02,0.4083,1
ORD-2024-034436,CUST-06810,2024-09-21,0.0905,2
ORD-2024-034437,CUST-02790,2024-09-07,0.0316,3
ORD-2024-034438,CUST-01062,2024-09-13,0.0241,1
ORD-2024-034439,CUST-04627,2024-09-12,0.2456,2
ORD-2024-034440,CUST-07040,2024-09-12,0.2118,1
ORD-2024-034441,CUST-07353,2024-09-17,0.182,2
ORD-2024-034442,CUST-06148,2024-09-27,0.0813,1
ORD-2024-034443,CUST-03464,2024-09-19,0.0308,1
ORD-2024-034444,CUST-00983,2024-09-15,0.0515,1
ORD-2024-034445,CUST-07415,2024-09-16,0.0328,1
ORD-2024-034446,CUST-02975,2024-09-17,0.1396,2
ORD-2024-034447,CUST-05295,2024-09-23,0.0786,1
ORD-2024-034448,CUST-06255,2024-09-19,0.0462,3
ORD-2024-034449,CUST-07959,2024-09-26,0.0502,1
ORD-2024-034450,CUST-00908,2024-09-27,0.0209,2
ORD-2024-034451,CUST-05676,2024-09-08,0.0591,2
ORD-2024-034452,CUST-00039,2024-09-05,0.0541,1
ORD-2024-034453,CUST-00005,2024-09-19,0.0923,1
ORD-2024-034454,CUST-08513,2024-09-22,0.1354,2
ORD-2024-034455,CUST-00588,2024-09-18,0.1578,3
ORD-2024-034456,CUST-00335,2024-09-19,0.221,2
ORD-2024-034457,CUST-07181,2024-09-14,0.0188,1
ORD-2024-034458,CUST-07135,2024-09-19,0.0246,1
ORD-2024-034459,CUST-07078,2024-09-16,0.3168,2
ORD-2024-034460,CUST-04549,2024-09-03,0.1669,3
ORD-2024-034461,CUST-03971,2024-09-01,0.0783,1
ORD-2024-034462,CUST-03067,2024-09-03,0.1779,1
ORD-2024-034463,CUST-00410,2024-09-09,0.0569,1
ORD-2024-034464,CUST-01345,2024-09-02,0.0571,1
ORD-2024-034465,CUST-03218,2024-09-22,0.112,3
ORD-2024-034466,CUST-03594,2024-09-23,0.1157,3
ORD-2024-034467,CUST-01001,2024-09-08,0.0336,2
ORD-2024-034468,CUST-00426,2024-09-17,0.0655,1
ORD-2024-034469,CUST-07691,2024-09-14,0.1281,3
ORD-2024-034470,CUST-07043,2024-09-03,0.1527,1
ORD-2024-034471,CUST-00933,2024-09-07,0.0131,2
ORD-2024-034472,CUST-06299,2024-09-10,0.0372,2
ORD-2024-034473,CUST-00133,2024-09-28,0.0227,2
ORD-2024-034474,CUST-03143,2024-09-15,0.0497,1
ORD-2024-034475,CUST-07610,2024-09-09,0.1473,1
ORD-2024-034476,CUST-00493,2024-09-01,0.1001,5
ORD-2024-034477,CUST-03727,2024-09-03,0.0203,2
ORD-2024-034478,CUST-08542,2024-09-27,0.0838,1
ORD-2024-034479,CUST-07639,2024-09-29,0.0699,3
ORD-2024-034480,CUST-06690,2024-09-02,0.0769,1
ORD-2024-034481,CUST-06673,2024-09-15,0.4215,2
ORD-2024-034482,CUST-03325,2024-09-04,0.018,1
ORD-2024-034483,CUST-07634,2024-09-11,0.0546,1
ORD-2024-034484,CUST-07483,2024-09-23,0.0436,1
ORD-2024-034485,CUST-00259,2024-09-19,0.1199,3
ORD-2024-034486,CUST-02035,2024-09-10,0.2836,1
ORD-2024-034487,CUST-04697,2024-09-12,0.2683,1
ORD-2024-034488,CUST-08129,2024-09-09,0.1578,1
ORD-2024-034489,CUST-00785,2024-09-05,0.1302,1
ORD-2024-034490,CUST-05745,2024-09-08,0.0188,2
ORD-2024-034491,CUST-03718,2024-09-24,0.0092,1
ORD-2024-034492,CUST-08184,2024-09-19,0.1437,1
ORD-2024-034493,CUST-00407,2024-09-11,0.1243,1
ORD-2024-034494,CUST-07454,2024-09-22,0.1336,1
ORD-2024-034495,CUST-02604,2024-09-16,0.0377,2
ORD-2024-034496,CUST-02208,2024-09-09,0.0038,1
ORD-2024-034497,CUST-05819,2024-09-16,0.096,1
ORD-2024-034498,CUST-06906,2024-09-29,0.5077,1
ORD-2024-034499,CUST-08145,2024-09-20,0.0539,3
ORD-2024-034500,CUST-02212,2024-09-24,0.0615,1
ORD-2024-034501,CUST-07412,2024-09-20,0.0978,1
ORD-2024-034502,CUST-03487,2024-09-08,0.0245,3
ORD-2024-034503,CUST-07368,2024-09-15,0.0354,2
ORD-2024-034504,CUST-08738,2024-09-29,0.0341,2
ORD-2024-034505,CUST-07451,2024-09-11,0.0535,1
ORD-2024-034506,CUST-04226,2024-09-28,0.55,1
ORD-2024-034507,CUST-00291,2024-09-06,0.0645,1
ORD-2024-034508,CUST-04005,2024-09-03,0.2716,1
ORD-2024-034509,CUST-01016,2024-09-17,0.045,1
ORD-2024-034510,CUST-02679,2024-09-23,0.0461,2
ORD-2024-034511,CUST-05299,2024-09-22,0.0217,1
ORD-2024-034512,CUST-04986,2024-09-06,0.0832,1
ORD-2024-034513,CUST-04743,2024-09-17,0.023,1
ORD-2024-034514,CUST-04869,2024-09-01,0.1011,2
ORD-2024-034515,CUST-02641,2024-09-06,0.0421,1
ORD-2024-034516,CUST-07592,2024-09-30,0.037,2
ORD-2024-034517,CUST-04727,2024-09-01,0.0037,1
ORD-2024-034518,CUST-01152,2024-09-19,0.2234,2
ORD-2024-034519,CUST-03939,2024-09-01,0.0415,1
ORD-2024-034520,CUST-01923,2024-09-28,0.0096,1
ORD-2024-034521,CUST-01728,2024-09-21,0.1192,3
ORD-2024-034522,CUST-05987,2024-09-25,0.1005,2
ORD-2024-034523,CUST-02776,2024-09-03,0.0975,1
ORD-2024-034524,CUST-08542,2024-09-24,0.0883,3
ORD-2024-034525,CUST-02292,2024-09-04,0.0583,1
ORD-2024-034526,CUST-06825,2024-09-25,0.1371,1
ORD-2024-034527,CUST-08302,2024-09-07,0.0588,3
ORD-2024-034528,CUST-06664,2024-09-12,0.0579,1
ORD-2024-034529,CUST-04491,2024-09-11,0.0995,1
ORD-2024-034530,CUST-01729,2024-09-10,0.0109,2
ORD-2024-034531,CUST-05419,2024-09-29,0.041,1
ORD-2024-034532,CUST-07648,2024-09-01,0.0803,1
ORD-2024-034533,CUST-05949,2024-09-21,0.0877,1
ORD-2024-034534,CUST-06631,2024-09-21,0.2984,1
ORD-2024-034535,CUST-06410,2024-09-18,0.0372,3
ORD-2024-034536,CUST-06858,2024-09-24,0.123,2
ORD-2024-034537,CUST-00468,2024-09-08,0.1187,1
ORD-2024-034538,CUST-05075,2024-09-05,0.0637,2
ORD-2024-034539,CUST-01501,2024-09-24,0.0488,1
ORD-2024-034540,CUST-01818,2024-09-28,0.2271,1
ORD-2024-034541,CUST-01184,2024-09-23,0.147,1
ORD-2024-034542,CUST-02081,2024-09-10,0.003,1
ORD-2024-034543,CUST-07702,2024-09-26,0.1026,5
ORD-2024-034544,CUST-02975,2024-09-24,0.0889,1
ORD-2024-034545,CUST-07951,2024-09-23,0.1967,1
ORD-2024-034546,CUST-00805,2024-09-12,0.4239,3
ORD-2024-034547,CUST-00224,2024-09-01,0.0482,2
ORD-2024-034548,CUST-02471,2024-09-25,0.1188,3
ORD-2024-034549,CUST-01264,2024-09-10,0.0502,1
ORD-2024-034550,CUST-02365,2024-09-14,0.047,3
ORD-2024-034551,CUST-06865,2024-09-23,0.3372,1
ORD-2024-034552,CUST-05125,2024-09-20,0.0314,1
ORD-2024-034553,CUST-06051,2024-09-14,0.1538,1
ORD-2024-034554,CUST-07355,2024-09-03,0.0228,3
ORD-2024-034555,CUST-06139,2024-09-25,0.0127,1
ORD-2024-034556,CUST-01158,2024-09-04,0.0217,2
ORD-2024-034557,CUST-02864,2024-09-06,0.0163,1
ORD-2024-034558,CUST-00372,2024-09-14,0.1808,1
ORD-2024-034559,CUST-08830,2024-09-09,0.0208,5
ORD-2024-034560,CUST-08418,2024-09-27,0.2525,3
ORD-2024-034561,CUST-04369,2024-09-09,0.2484,1
ORD-2024-034562,CUST-07619,2024-09-09,0.1439,1
ORD-2024-034563,CUST-02669,2024-09-17,0.0657,2
ORD-2024-034564,CUST-03490,2024-09-09,0.1254,1
ORD-2024-034565,CUST-04103,2024-09-15,0.045,4
ORD-2024-034566,CUST-02391,2024-09-09,0.0085,1
ORD-2024-034567,CUST-07211,2024-09-15,0.0559,2
ORD-2024-034568,CUST-07419,2024-09-27,0.0313,2
ORD-2024-034569,CUST-07450,2024-09-16,0.1311,3
ORD-2024-034570,CUST-08750,2024-09-02,0.2747,1
ORD-2024-034571,CUST-07871,2024-09-27,0.0122,1
ORD-2024-034572,CUST-07684,2024-09-10,0.0172,1
ORD-2024-034573,CUST-03470,2024-09-05,0.076,1
ORD-2024-034574,CUST-04115,2024-09-11,0.3668,1
ORD-2024-034575,CUST-07702,2024-09-23,0.0819,1
ORD-2024-034576,CUST-07959,2024-09-05,0.0255,1
ORD-2024-034577,CUST-07671,2024-09-04,0.0077,1
ORD-2024-034578,CUST-03030,2024-09-20,0.1369,1
ORD-2024-034579,CUST-01958,2024-09-10,0.0456,2
ORD-2024-034580,CUST-06834,2024-09-16,0.1431,3
ORD-2024-034581,CUST-02681,2024-09-27,0.0615,1
ORD-2024-034582,CUST-00273,2024-09-23,0.0704,1
ORD-2024-034583,CUST-04707,2024-09-28,0.0267,1
ORD-2024-034584,CUST-01164,2024-09-16,0.089,1
ORD-2024-034585,CUST-06939,2024-09-03,0.0023,1
ORD-2024-034586,CUST-00837,2024-09-15,0.1209,2
ORD-2024-034587,CUST-01666,2024-09-21,0.0779,2
ORD-2024-034588,CUST-07158,2024-09-23,0.0942,2
ORD-2024-034589,CUST-05875,2024-09-30,0.2306,2
ORD-2024-034590,CUST-04492,2024-09-06,0.0831,1
ORD-2024-034591,CUST-05506,2024-09-04,0.0363,1
ORD-2024-034592,CUST-01240,2024-09-24,0.1999,3
ORD-2024-034593,CUST-05982,2024-09-13,0.2972,1
ORD-2024-034594,CUST-02889,2024-09-21,0.1448,3
ORD-2024-034595,CUST-02576,2024-09-25,0.1113,1
ORD-2024-034596,CUST-00691,2024-09-17,0.1176,2
ORD-2024-034597,CUST-08674,2024-09-26,0.0504,1
ORD-2024-034598,CUST-00751,2024-09-07,0.0613,1
ORD-2024-034599,CUST-05299,2024-09-01,0.0194,2
ORD-2024-034600,CUST-07076,2024-09-06,0.0725,3
ORD-2024-034601,CUST-02542,2024-09-04,0.0431,1
ORD-2024-034602,CUST-00794,2024-09-14,0.0745,2
ORD-2024-034603,CUST-03757,2024-09-07,0.0602,2
ORD-2024-034604,CUST-06952,2024-09-02,0.1908,3
ORD-2024-034605,CUST-03599,2024-09-12,0.1026,1
ORD-2024-034606, CUST-02305 ,2024-09-13,0.0847,3
ORD-2024-034607,CUST-02896,2024-09-15,0.0727,1
ORD-2024-034608,CUST-02067,2024-09-23,0.1171,1
ORD-2024-034609,CUST-03156,2024-09-30,0.0523,2
ORD-2024-034610,CUST-08257,2024-09-01,0.0385,1
ORD-2024-034611,CUST-08972,2024-09-14,0.0293,1
ORD-2024-034612,CUST-02055,2024-09-14,0.0631,1
ORD-2024-034613,CUST-01086,2024-09-19,0.0215,1
ORD-2024-034614,CUST-00319,2024-09-20,0.1452,1
ORD-2024-034615,CUST-02078,2024-09-07,0.0399,1
ORD-2024-034616,CUST-05966,2024-09-14,0.1173,1
ORD-2024-034617,CUST-08469,2024-09-30,0.028,1
ORD-2024-034618,CUST-06324,2024-09-17,0.2086,2
ORD-2024-034619,CUST-01537,2024-09-24,0.1203,2
ORD-2024-034620,CUST-05137,2024-09-19,0.1185,1
ORD-2024-034621,CUST-05516,2024-09-26,0.0841,1
ORD-2024-034622,CUST-04999,2024-09-14,0.3316,2
ORD-2024-034623,CUST-02762,2024-09-03,0.1415,1
ORD-2024-034624,CUST-05197,2024-09-19,0.3676,2
ORD-2024-034625,CUST-03208,2024-09-19,0.315,1
ORD-2024-034626,CUST-00362,2024-09-07,0.1237,1
ORD-2024-034627,CUST-04153,2024-09-28,0.1722,2
ORD-2024-034628,CUST-04738,2024-09-24,0.2004,2
ORD-2024-034629,CUST-05022,2024-09-27,0.0124,1
ORD-2024-034630,CUST-00779,2024-09-20,0.0846,1
ORD-2024-034631,CUST-07234,2024-09-04,0.4129,4
ORD-2024-034632,CUST-08222,2024-09-14,0.0345,1
ORD-2024-034633,CUST-08129,2024-09-01,0.1379,4
ORD-2024-034634,CUST-02358,2024-09-07,0.0095,1
ORD-2024-034635,CUST-03651,2024-09-01,0.1214,1
ORD-2024-034636,CUST-04971,2024-09-02,0.0124,1
ORD-2024-034637,CUST-03816,2024-09-05,0.1061,3
ORD-2024-034638,CUST-04231,2024-09-20,0.0008,1
ORD-2024-034639,CUST-05659,2024-09-17,0.1261,3
ORD-2024-034640,CUST-03792,2024-09-05,0.2144,2
ORD-2024-034641,CUST-08999,2024-09-15,0.0621,4
ORD-2024-034642,CUST-00113,2024-09-03,0.0243,1
ORD-2024-034643,CUST-05379,2024-09-26,0.1707,1
ORD-2024-034644,CUST-07339,2024-09-14,0.1124,2
ORD-2024-034645,CUST-03047,2024-09-05,0.0264,1
ORD-2024-034646,CUST-05766,2024-09-27,0.1002,1
ORD-2024-034647,CUST-03236,2024-09-07,0.0256,1
ORD-2024-034648,CUST-06869,2024-09-06,0.3137,3
ORD-2024-034649,CUST-06845,2024-09-17,0.1371,3
ORD-2024-034650,CUST-02797,2024-09-23,0.053,1
ORD-2024-034651,CUST-05516,2024-09-05,0.0397,2
ORD-2024-034652,CUST-00930,2024-09-04,0.0206,2
ORD-2024-034653,CUST-05682,2024-09-22,0.2805,2
ORD-2024-034654,CUST-05759,2024-09-24,0.1174,1
ORD-2024-034655,CUST-04036,2024-09-09,0.2244,2
ORD-2024-034656,CUST-07770,2024-09-03,0.0245,1
ORD-2024-034657,CUST-00743,2024-09-16,0.0837,2
ORD-2024-034658,CUST-06502,2024-09-06,0.1199,2
ORD-2024-034659,CUST-03936,2024-09-21,0.1435,1
ORD-2024-034660,CUST-06118,2024-09-14,0.0189,3
ORD-2024-034661,CUST-06043,2024-09-12,0.1817,1
ORD-2024-034662,CUST-00465,2024-09-02,0.0636,1
ORD-2024-034663,CUST-07249,2024-09-23,0.2233,3
ORD-2024-034664,CUST-04896,2024-09-18,0.3105,1
ORD-2024-034665,CUST-03829,2024-09-06,0.1699,3
ORD-2024-034666,CUST-03216,2024-09-30,0.1309,2
ORD-2024-034667,CUST-05581,2024-09-30,0.0728,1
ORD-2024-034668,CUST-08160,2024-09-09,0.0214,3
ORD-2024-034669,CUST-02454,2024-09-30,0.0162,1
ORD-2024-034670,CUST-04297,2024-09-21,0.1962,1
ORD-2024-034671,CUST-06544,2024-09-28,0.1331,3
ORD-2024-034672,CUST-04854,2024-09-06,0.0455,1
ORD-2024-034673,CUST-03236,2024-09-05,0.0777,2
ORD-2024-034674,CUST-05325,2024-09-19,0.0543,2
ORD-2024-034675,CUST-02991,2024-09-15,0.0405,1
ORD-2024-034676,CUST-06282,2024-09-12,0.1654,1
ORD-2024-034677,CUST-02876,2024-09-19,0.1077,2
ORD-2024-034678,CUST-07450,2024-09-29,0.0523,1
ORD-2024-034679,CUST-08113,2024-09-06,0.0085,3
ORD-2024-034680,CUST-07033,2024-09-23,0.0233,1
ORD-2024-034681,CUST-07358,2024-09-15,0.0502,3
ORD-2024-034682,CUST-02355,2024-09-25,0.0438,1
ORD-2024-034683,CUST-08216,2024-09-20,0.0605,1
ORD-2024-034684,CUST-06347,2024-09-24,0.0198,2
ORD-2024-034685,CUST-05055,2024-09-19,0.0365,2
ORD-2024-034686,CUST-07482,2024-09-23,0.0462,1
ORD-2024-034687,CUST-00544,2024-09-08,0.107,1
ORD-2024-034688,CUST-07704,2024-09-24,0.043,1
ORD-2024-034689,CUST-04997,2024-09-07,0.1247,1
ORD-2024-034690,CUST-08678,2024-09-03,0.1477,3
ORD-2024-034691,CUST-01930,2024-09-29,0.1345,1
ORD-2024-034692,CUST-02836,2024-09-30,0.0223,2
ORD-2024-034693,CUST-08431,2024-09-26,0.0531,3
ORD-2024-034694,CUST-05765,2024-09-30,0.026,1
ORD-2024-034695,CUST-07672,2024-09-12,0.0469,3
ORD-2024-034696,CUST-01724,2024-09-29,0.0889,1
ORD-2024-034697,CUST-00688,2024-09-05,0.0615,2
ORD-2024-034698,CUST-08747,2024-09-10,0.0934,1
ORD-2024-034699,CUST-08087,2024-09-17,0.0179,1
ORD-2024-034700,CUST-04673,2024-09-14,0.0334,2
ORD-2024-034701,CUST-01012,2024-09-09,0.1847,1
ORD-2024-034702,CUST-01464,2024-09-07,0.3223,3
ORD-2024-034703,CUST-07684,2024-09-02,0.0181,5
ORD-2024-034704,CUST-00350,2024-09-16,0.1074,1
ORD-2024-034705,CUST-08830,2024-09-12,0.0055,1
ORD-2024-034706,CUST-08575,2024-09-23,0.0814,1
ORD-2024-034707,CUST-04560,2024-09-30,0.1573,2
ORD-2024-034708,CUST-04550,2024-09-06,0.154,2
ORD-2024-034709,CUST-00239,2024-09-13,0.1282,1
ORD-2024-034710,CUST-03204,2024-09-12,0.0553,1
ORD-2024-034711,CUST-01222,2024-09-12,0.0706,1
ORD-2024-034712,CUST-04749,2024-09-23,0.0921,3
ORD-2024-034713,CUST-03338,2024-09-23,0.2019,2
ORD-2024-034714,CUST-07991,2024-09-05,0.2225,1
ORD-2024-034715,CUST-05426,2024-09-08,0.2031,3
ORD-2024-034716,CUST-04364,2024-09-05,0.1024,1
ORD-2024-034717,CUST-00013,2024-09-05,0.0998,2
ORD-2024-034718,CUST-00482,2024-09-20,0.0799,1
ORD-2024-034719,CUST-04624,2024-09-18,0.0362,2
ORD-2024-034720,CUST-07026,2024-09-16,0.3723,1
ORD-2024-034721,CUST-07681,2024-09-14,0.1317,2
ORD-2024-034722,CUST-02014,2024-09-24,0.2618,1
ORD-2024-034723,CUST-06790,2024-09-25,0.0518,2
ORD-2024-034724,CUST-02310,2024-09-21,0.1927,1
ORD-2024-034725,CUST-00752,2024-09-27,0.0644,3
ORD-2024-034726,CUST-01616,2024-09-28,0.1031,2
ORD-2024-034727,CUST-06072,2024-09-16,0.02,2
ORD-2024-034728,CUST-08387,2024-09-28,0.0371,2
ORD-2024-034729,CUST-04534,2024-09-14,0.0029,2
ORD-2024-034730,CUST-00179,2024-09-08,0.0845,1
ORD-2024-034731,CUST-07161,2024-09-04,0.0524,1
ORD-2024-034732,CUST-07210,2024-09-04,0.1255,1
ORD-2024-034733,CUST-02323,2024-09-14,0.1195,3
ORD-2024-034734,CUST-02600,2024-09-07,0.0739,2
ORD-2024-034735,CUST-02138,2024-09-15,0.0794,1
ORD-2024-034736,CUST-04231,2024-09-14,0.0562,1
ORD-2024-034737,CUST-00048,2024-09-08,0.145,3
ORD-2024-034738,CUST-00954,2024-09-16,0.009,1
ORD-2024-034739,CUST-00192,2024-09-10,0.0174,1
ORD-2024-034740,CUST-01522,2024-09-17,0.2346,3
ORD-2024-034741,CUST-07363,2024-09-26,0.1541,1
ORD-2024-034742,CUST-01182,2024-09-09,0.1164,1
ORD-2024-034743,CUST-05878,2024-09-26,0.031,1
ORD-2024-034744,CUST-07857,2024-09-21,0.0394,2
ORD-2024-034745,,2024-09-09,0.1805,3
ORD-2024-034746,CUST-00988,2024-09-07,0.0688,3
ORD-2024-034747,CUST-08070,2024-09-30,0.0751,2
ORD-2024-034748,CUST-00736,2024-09-13,0.0837,1
ORD-2024-034749,CUST-04443,2024-09-17,0.0692,1
ORD-2024-034750,CUST-00923,2024-09-07,0.1373,3
ORD-2024-034751,CUST-07749,2024-09-15,0.2047,1
ORD-2024-034752,CUST-06540,2024-09-16,0.0456,1
ORD-2024-034753,CUST-07729,2024-09-19,0.0245,2
ORD-2024-034754,CUST-02838,2024-09-16,0.0896,1
ORD-2024-034755,CUST-04326,2024-09-12,0.0128,1
ORD-2024-034756,CUST-07512,2024-09-14,0.0061,1
ORD-2024-034757,CUST-08421,2024-09-04,0.0044,1
ORD-2024-034758,CUST-00113,2024-09-17,0.0582,1
ORD-2024-034759,CUST-05995,2024-09-26,0.0899,2
ORD-2024-034760,CUST-05181,2024-09-29,0.0721,1
ORD-2024-034761,CUST-02823,2024-09-06,0.0478,1
ORD-2024-034762,CUST-07116,2024-09-26,0.0278,2
ORD-2024-034763,CUST-05328,2024-09-01,0.0568,1
ORD-2024-034764,CUST-04270,2024-09-23,0.1227,1
ORD-2024-034765,CUST-05961,2024-09-09,0.0422,1
ORD-2024-034766,CUST-05022,2024-09-11,0.0238,2
ORD-2024-034767,CUST-01852,2024-09-17,0.1048,1
ORD-2024-034768,CUST-03408,2024-09-24,0.0659,3
ORD-2024-034769,CUST-04291,2024-09-07,0.0518,2
ORD-2024-034770,CUST-02574,2024-09-20,0.2782,2
ORD-2024-034771,CUST-07213,2024-09-27,0.0733,1
ORD-2024-034772,CUST-00456,2024-09-02,0.0981,1
ORD-2024-034773,CUST-06611,2024-09-25,0.0245,3
ORD-2024-034774,CUST-05076,2024-09-06,0.1263,1
ORD-2024-034775,CUST-06201,2024-09-13,0.0496,2
ORD-2024-034776,CUST-05424,2024-09-17,0.1688,3
ORD-2024-034777,CUST-07144,2024-09-03,0.145,1
ORD-2024-034778,CUST-00983,2024-09-21,0.0392,1
ORD-2024-034779,CUST-01565,2024-09-16,0.0246,1
ORD-2024-034780,CUST-04741,2024-09-22,0.0389,2
ORD-2024-034781,CUST-07863,2024-09-24,0.2993,1
ORD-2024-034782,CUST-05884,2024-09-04,0.0726,1
ORD-2024-034783,CUST-01233,2024-09-10,0.0982,2
ORD-2024-034784,CUST-01982,2024-09-02,0.2483,1
ORD-2024-034785,CUST-04274,2024-09-19,0.1612,1
ORD-2024-034786,CUST-03952,2024-09-26,0.0712,1
ORD-2024-034787,CUST-03005,2024-09-26,0.2082,2
ORD-2024-034788,CUST-00140,2024-09-12,0.05,1
ORD-2024-034789,CUST-03433,2024-09-10,0.0438,1
ORD-2024-034790,CUST-02604,2024-09-14,0.0428,3
ORD-2024-034791,CUST-08202,2024-09-13,0.0539,2
ORD-2024-034792,CUST-01923,2024-09-29,0.0248,1
ORD-2024-034793,CUST-03243,2024-09-24,0.1968,2
ORD-2024-034794,CUST-03490,2024-09-20,0.3158,1
ORD-2024-034795,CUST-00458,2024-09-05,0.137,3
ORD-2024-034796,CUST-05618,2024-09-22,0.1038,1
ORD-2024-034797,CUST-07446,2024-09-19,0.5348,1
ORD-2024-034798,CUST-06713,2024-09-01,0.0651,1
ORD-2024-034799,CUST-03442,2024-09-21,0.3702,1
ORD-2024-034800,CUST-06705,2024-09-29,0.0309,1
ORD-2024-034801,CUST-08088,2024-09-14,0.0744,2
ORD-2024-034802,CUST-07650,2024-09-06,0.1751,2
ORD-2024-034803,CUST-03331,2024-09-30,0.2654,3
ORD-2024-034804,CUST-07999,2024-09-21,0.0051,2
ORD-2024-034805,CUST-08142,2024-09-14,0.1787,1
ORD-2024-034806,CUST-00785,2024-09-13,0.1311,1
ORD-2024-034807,CUST-06327,2024-09-14,0.1774,1
ORD-2024-034808,CUST-05255,2024-09-01,0.0671,2
ORD-2024-034809,CUST-03355,2024-09-02,0.5409,1
ORD-2024-034810,CUST-03374,2024-09-30,0.0372,1
ORD-2024-034811,CUST-00377,2024-09-03,0.1447,1
ORD-2024-034812,CUST-07576,2024-09-01,0.1722,2
ORD-2024-034813,CUST-01274,2024-09-12,0.0447,3
ORD-2024-034814,CUST-00950,2024-09-17,0.0778,1
ORD-2024-034815,CUST-04886,2024-09-23,0.0094,1
ORD-2024-034816,CUST-03851,2024-09-07,0.0785,1
ORD-2024-034817,CUST-08053,2024-09-15,0.0581,1
ORD-2024-034818,CUST-08045,2024-09-04,0.0613,2
ORD-2024-034819,CUST-04860,2024-09-08,0.059,2
ORD-2024-034820,CUST-01889,2024-09-05,0.1571,2
ORD-2024-034821,CUST-01545,2024-09-21,0.3441,1
ORD-2024-034822,CUST-02267,2024-09-22,0.0513,1
ORD-2024-034823,CUST-00382,2024-09-23,0.0583,1
ORD-2024-034824,CUST-05130,2024-09-03,0.1592,2
ORD-2024-034825,CUST-07803,2024-09-02,0.0698,1
ORD-2024-034826,CUST-07087,2024-09-13,0.0666,1
ORD-2024-034827,CUST-06458,2024-09-25,0.0676,3
ORD-2024-034828,CUST-03220,2024-09-14,0.1439,3
ORD-2024-034829,CUST-05945,2024-09-13,0.1144,2
ORD-2024-034830,CUST-08274,2024-09-24,0.0319,3
ORD-2024-034831,CUST-05436,2024-09-23,0.0169,1
ORD-2024-034832,CUST-06345,2024-09-10,0.2035,2
ORD-2024-034833,CUST-02007,2024-09-28,0.1398,1
ORD-2024-034834,CUST-03143,2024-09-25,0.0475,1
ORD-2024-034835,CUST-08321,2024-09-25,0.1915,2
ORD-2024-034836,CUST-06059,2024-09-25,0.0528,2
ORD-2024-034837,CUST-05554,2024-09-28,0.1372,2
ORD-2024-034838,CUST-05972,2024-09-09,0.1903,4
ORD-2024-034839,CUST-00863,2024-09-18,0.0346,3
ORD-2024-034840,CUST-08256,2024-09-13,0.1238,3
ORD-2024-034841,CUST-01103,2024-09-27,0.018,1
ORD-2024-034842,CUST-04797,2024-09-04,0.0394,1
ORD-2024-034843,CUST-00422,2024-09-15,0.0886,1
ORD-2024-034844,CUST-06982,2024-09-19,0.0567,1
ORD-2024-034845,CUST-00571,2024-09-28,0.0596,1
ORD-2024-034846,CUST-06546,2024-09-15,0.0097,1
ORD-2024-034847,CUST-04985,2024-09-16,0.1489,2
ORD-2024-034848,CUST-07063,2024-09-12,0.0028,1
ORD-2024-034849,CUST-06467,2024-09-25,0.183,1
ORD-2024-034850,CUST-03326,2024-09-24,0.1503,5
ORD-2024-034851,CUST-00233,2024-09-28,0.018,1
ORD-2024-034852,CUST-08642,2024-09-16,0.0043,1
ORD-2024-034853,CUST-08725,2024-09-23,0.3649,1
ORD-2024-034854,CUST-06768,2024-09-13,0.293,1
ORD-2024-034855,CUST-03452,2024-09-17,0.2784,1
ORD-2024-034856,CUST-07919,2024-09-25,0.1007,1
ORD-2024-034857,CUST-02700,2024-09-27,0.0656,3
ORD-2024-034858,CUST-07798,2024-09-07,0.2505,2
ORD-2024-034859,CUST-05796,2024-09-12,0.0326,2
ORD-2024-034860,CUST-08742,2024-09-05,0.2106,1
ORD-2024-034861,CUST-05235,2024-09-22,0.0632,3
ORD-2024-034862,CUST-04438,2024-09-08,0.0595,2
ORD-2024-034863,CUST-07667,2024-09-22,0.0318,3
ORD-2024-034864,CUST-01430,2024-09-18,0.1134,1
ORD-2024-034865,CUST-07760,2024-09-06,0.0351,1
ORD-2024-034866,CUST-02426,2024-09-22,0.4061,1
ORD-2024-034867,CUST-02591,2024-09-29,0.2494,3
ORD-2024-034868,CUST-07661,2024-09-03,0.1211,2
ORD-2024-034869,CUST-05175,2024-09-04,0.0776,1
ORD-2024-034870,CUST-06828,2024-09-25,0.0237,1
ORD-2024-034871,CUST-04492,2024-09-12,0.1019,3
ORD-2024-034872,,2024-09-11,0.0855,2
ORD-2024-034873,CUST-02476,2024-09-21,0.1641,2
ORD-2024-034874,CUST-01665,2024-09-16,0.0521,2
ORD-2024-034875,CUST-00818,2024-09-05,0.0704,1
ORD-2024-034876,CUST-04727,2024-09-23,0.0398,1
ORD-2024-034877,CUST-03869,2024-09-16,0.0768,3
ORD-2024-034878,CUST-07462,2024-09-26,0.1457,3
ORD-2024-034879,CUST-08085,2024-09-03,0.4607,1
ORD-2024-034880,CUST-06244,2024-09-01,0.0747,3
ORD-2024-034881,CUST-03057,2024-09-26,0.073,1
ORD-2024-034882,CUST-07450,2024-09-29,0.1138,3
ORD-2024-034883,CUST-06213,2024-09-08,0.1326,1
ORD-2024-034884,CUST-07312,2024-09-08,0.0223,2
ORD-2024-034885,CUST-03058,2024-09-23,0.0635,2
ORD-2024-034886,CUST-02487,2024-09-13,0.0486,1
ORD-2024-034887,CUST-02164,2024-09-26,0.0922,2
ORD-2024-034888,CUST-03554,2024-09-12,0.04,2
ORD-2024-034889,CUST-02982,2024-09-13,0.0794,1
ORD-2024-034890,CUST-05180,2024-09-27,0.0645,4
ORD-2024-034891,CUST-04927,2024-09-18,0.0655,3
ORD-2024-034892,CUST-02980,2024-09-30,0.0504,1
ORD-2024-034893,CUST-01182,2024-09-17,0.0447,1
ORD-2024-034894,CUST-07944,2024-09-21,0.022,1
ORD-2024-034895,CUST-06707,2024-09-20,0.0617,1
ORD-2024-034896,CUST-06822,2024-09-29,0.1059,3
ORD-2024-034897,CUST-04128,2024-09-16,0.0381,2
ORD-2024-034898,CUST-02246,2024-09-25,0.0147,1
ORD-2024-034899,CUST-04291,2024-09-22,0.288,1
ORD-2024-034900,CUST-08120,2024-09-29,0.0593,5
ORD-2024-034901,CUST-01186,2024-09-11,0.0477,2
ORD-2024-034902,CUST-03799,2024-09-27,0.2705,2
ORD-2024-034903,CUST-08931,2024-09-04,0.0778,1
ORD-2024-034904,CUST-05356,2024-09-02,0.0531,2
ORD-2024-034905,CUST-05279,2024-09-06,0.2431,3
ORD-2024-034906,CUST-03439,2024-09-06,0.0708,1
ORD-2024-034907,CUST-06647,2024-09-05,0.042,2
ORD-2024-034908,CUST-04669,2024-09-24,0.0477,1
ORD-2024-034909,CUST-08951,2024-09-08,0.162,1
ORD-2024-034910,CUST-05558,2024-09-21,0.1777,1
ORD-2024-034911,CUST-06053,2024-09-30,0.0805,1
ORD-2024-034912,CUST-03837,2024-09-01,0.0682,1
ORD-2024-034913,CUST-00434,2024-09-10,0.0955,1
ORD-2024-034914,CUST-00761,2024-09-22,0.0502,2
ORD-2024-034915,CUST-08051,2024-09-27,0.0733,1
ORD-2024-034916,CUST-01292,2024-09-16,0.0537,1
ORD-2024-034917,CUST-04314,2024-09-26,0.0633,1
ORD-2024-034918,CUST-05538,2024-09-22,0.154,2
ORD-2024-034919,CUST-07641,2024-09-26,0.045,2
ORD-2024-034920,CUST-06931,2024-09-06,0.0596,1
ORD-2024-034921,CUST-09044,2024-09-09,0.0185,1
ORD-2024-034922,CUST-07020,2024-09-04,0.0601,2
ORD-2024-034923,CUST-01231,2024-09-23,0.006,1
ORD-2024-034924,CUST-07712,2024-09-21,0.1467,1
ORD-2024-034925,CUST-02786,2024-09-05,0.0574,3
ORD-2024-034926,CUST-08315,2024-09-23,0.1835,1
ORD-2024-034927,CUST-08180,2024-09-25,0.1297,1
ORD-2024-034928,CUST-08819,2024-09-09,0.0831,1
ORD-2024-034929,CUST-00458,2024-09-21,0.0587,1
ORD-2024-034930,CUST-04919,2024-09-12,0.0641,3
ORD-2024-034931,CUST-05983,2024-09-18,0.0229,1
ORD-2024-034932,CUST-05654,2024-09-10,0.071,1
ORD-2024-034933,CUST-00614,2024-09-16,0.0875,2
ORD-2024-034934,CUST-00428,2024-09-05,0.0629,1
ORD-2024-034935,CUST-03775,2024-09-02,0.0917,1
ORD-2024-034936,CUST-01451,2024-09-26,0.1375,1
ORD-2024-034937,CUST-03218,2024-09-19,0.0681,2
ORD-2024-034938,CUST-03460,2024-09-16,0.0398,1
ORD-2024-034939,CUST-01337,2024-09-09,0.0218,1
ORD-2024-034940, CUST-03837 ,2024-09-25,0.1644,1
ORD-2024-034941,CUST-06149,2024-09-03,0.1878,2
ORD-2024-034942,CUST-05950,2024-09-23,0.0683,1
ORD-2024-034943,CUST-01252,2024-09-09,0.0023,1
ORD-2024-034944,CUST-06133,2024-09-16,0.058,1
ORD-2024-034945,CUST-07261,2024-09-11,0.0336,1
ORD-2024-034946,CUST-05209,2024-09-02,0.0202,1
ORD-2024-034947,CUST-06765,2024-09-01,0.1602,1
ORD-2024-034948,CUST-03585,2024-09-02,0.3646,3
ORD-2024-034949,CUST-07752,2024-09-15,0.02,1
ORD-2024-034950,CUST-03229,2024-09-09,0.0327,1
ORD-2024-034951,CUST-06502,2024-09-29,0.0971,2
ORD-2024-034952,CUST-04005,2024-09-28,0.0434,1
ORD-2024-034953,CUST-00056,2024-09-01,0.4495,2
ORD-2024-034954,CUST-01314,2024-09-14,0.135,4
ORD-2024-034955,CUST-00039,2024-09-27,0.0673,4
ORD-2024-034956,CUST-06330,2024-09-18,0.0137,1
ORD-2024-034957,CUST-06248,2024-09-17,0.1644,3
ORD-2024-034958,CUST-03200,2024-09-01,0.0418,1
ORD-2024-034959,CUST-00560,2024-09-24,0.1052,3
ORD-2024-034960,CUST-02020,2024-09-25,0.0369,1
ORD-2024-034961,CUST-04142,2024-09-04,0.2785,3
ORD-2024-034962,CUST-07098,2024-09-15,0.0725,1
ORD-2024-034963,CUST-01945,2024-09-14,0.0956,1
ORD-2024-034964,CUST-06851,2024-09-25,0.0921,2
ORD-2024-034965,CUST-05720,2024-09-07,0.0533,2
ORD-2024-034966,CUST-04534,2024-09-14,0.0348,4
ORD-2024-034967,CUST-03539,2024-09-23,0.0537,1
ORD-2024-034968,CUST-08070,2024-09-13,0.1096,1
ORD-2024-034969,CUST-03780,2024-09-09,0.2069,2
ORD-2024-034970,CUST-00284,2024-09-16,0.1205,1
ORD-2024-034971,CUST-05168,2024-09-03,0.0749,3
ORD-2024-034972,CUST-01174,2024-09-04,0.1402,2
ORD-2024-034973,CUST-06154,2024-09-13,0.0197,1
ORD-2024-034974,CUST-05222,2024-09-23,0.0318,1
ORD-2024-034975,CUST-07167,2024-09-27,0.0154,1
ORD-2024-034976,CUST-05971,2024-09-01,0.0735,1
ORD-2024-034977,CUST-01843,2024-09-14,0.0611,1
ORD-2024-034978,CUST-05419,2024-09-20,0.0136,1
ORD-2024-034979,CUST-06864,2024-09-08,0.1421,1
ORD-2024-034980,CUST-04446,2024-09-05,0.0478,1
ORD-2024-034981,CUST-00363,2024-09-19,0.0544,3
ORD-2024-034982,CUST-07944,2024-09-15,0.014,2
ORD-2024-034983,CUST-05165,2024-09-18,0.0399,4
ORD-2024-034984,CUST-02924,2024-09-24,0.0099,1
ORD-2024-034985,CUST-07212,2024-09-23,0.0242,1
ORD-2024-034986,CUST-08172,2024-09-27,0.0696,2
ORD-2024-034987,CUST-05177,2024-09-18,0.0787,2
ORD-2024-034988,CUST-00127,2024-09-01,0.0234,1
ORD-2024-034989,CUST-08097,2024-09-19,0.4869,1
ORD-2024-034990,CUST-05865,2024-09-20,0.2157,1
ORD-2024-034991,CUST-03372,2024-09-25,0.0954,2
ORD-2024-034992,CUST-01889,2024-09-02,0.0366,2
ORD-2024-034993,CUST-02070,2024-09-14,0.0167,1
ORD-2024-034994,CUST-02006,2024-09-01,0.0387,1
ORD-2024-034995,CUST-05168,2024-09-24,0.0489,2
ORD-2024-034996,CUST-04695,2024-09-27,0.0323,1
ORD-2024-034997,CUST-07404,2024-09-18,0.0502,1
ORD-2024-034998,CUST-06473,2024-09-06,0.0423,1
ORD-2024-034999,CUST-01936,2024-09-10,0.0923,1
ORD-2024-035000,CUST-01516,2024-09-28,0.0608,3
ORD-2024-035001,CUST-07161,2024-09-25,0.1538,1
ORD-2024-035002,CUST-06366,2024-09-15,0.0151,3
ORD-2024-035003,CUST-08850,2024-09-22,0.1033,1
ORD-2024-035004,CUST-01620,2024-09-18,0.2904,1
ORD-2024-035005,CUST-01940,2024-09-20,0.179,2
ORD-2024-035006,CUST-03095,2024-09-28,0.0674,1
ORD-2024-035007,CUST-06556,2024-09-08,0.2124,1
ORD-2024-035008,CUST-07540,2024-09-23,0.0864,3
ORD-2024-035009,CUST-05282,2024-09-06,0.0282,1
ORD-2024-035010,CUST-07682,2024-09-30,0.0467,1
ORD-2024-035011,CUST-03715,2024-09-29,0.068,1
ORD-2024-035012,CUST-06368,2024-09-13,0.17,3
ORD-2024-035013,CUST-01890,2024-09-07,0.093,3
ORD-2024-035014,CUST-08334,2024-09-11,0.0325,1
ORD-2024-035015,CUST-01074,2024-09-09,0.431,1
ORD-2024-035016,CUST-09008,2024-09-10,0.0867,3
ORD-2024-035017,CUST-06446,2024-09-20,0.1336,1
ORD-2024-035018,CUST-04844,2024-09-06,0.0098,1
ORD-2024-035019,CUST-01357,2024-09-30,0.0888,1
ORD-2024-035020,CUST-03738,2024-09-01,0.0504,4
ORD-2024-035021,CUST-06499,2024-09-02,0.1629,1
ORD-2024-035022,CUST-04790,2024-09-28,0.1368,1
ORD-2024-035023,CUST-07639,2024-09-22,0.0733,3
ORD-2024-035024,CUST-06046,2024-09-11,0.0222,2
ORD-2024-035025,CUST-06446,2024-09-01,0.175,2
ORD-2024-035026,CUST-08222,2024-09-08,0.0631,1
ORD-2024-035027,CUST-05079,2024-09-05,0.0518,1
ORD-2024-035028,CUST-08027,2024-09-13,0.1508,1
ORD-2024-035029,CUST-01547,2024-09-07,0.1057,5
ORD-2024-035030,CUST-07365,2024-09-30,0.1698,1
ORD-2024-035031,CUST-04012,2024-09-15,0.1151,1
ORD-2024-035032,CUST-06259,2024-09-02,0.069,1
ORD-2024-035033,CUST-05380,2024-09-25,0.105,1
ORD-2024-035034,CUST-08405,2024-09-16,0.0786,1
ORD-2024-035035,CUST-00950,2024-09-13,0.1481,1
ORD-2024-035036,CUST-07671,2024-09-16,0.0775,1
ORD-2024-035037,CUST-07641,2024-09-10,0.0515,1
ORD-2024-035038,CUST-02727,2024-09-10,0.0421,2
ORD-2024-035039,CUST-06149,2024-09-25,0.2231,1
ORD-2024-035040,CUST-04170,2024-09-14,0.1291,2
ORD-2024-035041,CUST-03250,2024-09-08,0.082,1
ORD-2024-035042,CUST-08088,2024-09-16,0.0288,2
ORD-2024-035043,CUST-01085,2024-09-02,0.005,2
ORD-2024-035044,CUST-04266,2024-09-13,0.0809,2
ORD-2024-035045,CUST-02393,2024-09-12,0.0209,1
ORD-2024-035046,CUST-07213,2024-09-27,0.0447,3
ORD-2024-035047,CUST-05677,2024-09-03,0.0364,4
ORD-2024-035048,CUST-06317,2024-09-03,0.2159,3
ORD-2024-035049,CUST-03881,2024-09-27,0.0537,2
ORD-2024-035050,CUST-05814,2024-09-26,0.0662,1
ORD-2024-035051,CUST-05501,2024-09-27,0.198,2
ORD-2024-035052,CUST-04179,2024-09-14,0.1583,2
ORD-2024-035053,CUST-04027,2024-09-03,0.0547,1
ORD-2024-035054,CUST-04024,2024-09-12,0.249,1
ORD-2024-035055,CUST-03636,2024-09-13,0.055,2
ORD-2024-035056,CUST-00467,2024-09-07,0.0216,3
ORD-2024-035057,CUST-05369,2024-09-22,0.0258,1
ORD-2024-035058,CUST-07524,2024-09-22,0.1188,3
ORD-2024-035059,CUST-04487,2024-09-02,0.0991,1
ORD-2024-035060,CUST-08739,2024-09-17,0.1179,1
ORD-2024-035061,CUST-03210,2024-09-05,0.0421,1
ORD-2024-035062,CUST-09062,2024-09-29,0.0108,1
ORD-2024-035063,CUST-03774,2024-09-16,0.0896,1
ORD-2024-035064,CUST-02326,2024-09-06,0.2891,1
ORD-2024-035065,CUST-07334,2024-09-02,0.2249,2
ORD-2024-035066,CUST-01474,2024-09-09,0.1005,1
ORD-2024-035067,CUST-02246,2024-09-04,0.0142,2
ORD-2024-035068,CUST-01184,2024-09-08,0.1041,1
ORD-2024-035069,CUST-04701,2024-09-22,0.0923,1
ORD-2024-035070,CUST-03035,2024-09-02,0.1852,2
ORD-2024-035071,CUST-00263,2024-09-21,0.2062,2
ORD-2024-035072,CUST-00585,2024-09-19,0.0159,1
ORD-2024-035073,CUST-04896,2024-09-28,0.1482,2
ORD-2024-035074,CUST-06190,2024-09-20,0.2865,2
ORD-2024-035075,CUST-02119,2024-09-03,0.0343,1
ORD-2024-035076,CUST-05796,2024-09-18,0.019,3
ORD-2024-035077,CUST-08767,2024-09-28,0.0431,1
ORD-2024-035078,CUST-05799,2024-09-27,0.2402,1
ORD-2024-035079,CUST-00133,2024-09-11,0.0412,2
ORD-2024-035080,CUST-04014,2024-09-08,0.068,1
ORD-2024-035081,CUST-04919,2024-09-01,0.0159,2
ORD-2024-035082,CUST-01664,2024-09-11,0.2295,1
ORD-2024-035083,CUST-07175,2024-09-22,0.2582,1
ORD-2024-035084,CUST-08157,2024-09-03,0.1653,3
ORD-2024-035085,CUST-08355,2024-09-26,0.04,3
ORD-2024-035086,CUST-03102,2024-09-06,0.1812,1
ORD-2024-035087,CUST-03714,2024-09-28,0.0271,1
ORD-2024-035088,CUST-02740,2024-09-06,0.0112,2
ORD-2024-035089,CUST-01182,2024-09-02,0.0149,1
ORD-2024-035090,CUST-02044,2024-09-19,0.0584,2
ORD-2024-035091,CUST-07767,2024-09-27,0.0285,1
ORD-2024-035092,CUST-08408,2024-09-24,0.1511,1
ORD-2024-035093,CUST-04997,2024-09-01,0.0767,2
ORD-2024-035094,CUST-02119,2024-09-20,0.1077,1
ORD-2024-035095,CUST-04499,2024-09-21,0.0511,3
ORD-2024-035096,CUST-01435,2024-09-30,0.0801,1
ORD-2024-035097,CUST-06250,2024-09-19,0.0354,2
ORD-2024-035098,CUST-08582,2024-09-29,0.2873,1
ORD-2024-035099,CUST-01546,2024-09-29,0.2849,1
ORD-2024-035100,CUST-02766,2024-09-12,0.1026,1
ORD-2024-035101,CUST-03387,2024-09-22,0.1835,1
ORD-2024-035102,CUST-01999,2024-09-22,0.1808,2
ORD-2024-035103,CUST-02412,2024-09-09,0.0098,1
ORD-2024-035104,CUST-00394,2024-09-01,0.1708,1
ORD-2024-035105,CUST-07113,2024-09-03,0.0285,1
ORD-2024-035106,CUST-02458,2024-09-13,0.1131,2
ORD-2024-035107,CUST-02991,2024-09-26,0.0562,4
ORD-2024-035108,CUST-02486,2024-09-08,0.3988,2
ORD-2024-035109,CUST-08324,2024-09-07,0.188,1
ORD-2024-035110,CUST-08032,2024-09-05,0.1473,1
ORD-2024-035111,CUST-05688,2024-09-04,0.0306,1
ORD-2024-035112,CUST-07890,2024-09-18,0.1897,1
ORD-2024-035113,CUST-01468,2024-09-06,0.2451,1
ORD-2024-035114,CUST-07978,2024-09-16,0.0562,1
ORD-2024-035115,CUST-05765,2024-09-21,0.0348,1
ORD-2024-035116,CUST-04898,2024-09-03,0.2179,3
ORD-2024-035117,CUST-00192,2024-09-19,0.0062,1
ORD-2024-035118,CUST-03888,2024-09-21,0.231,2
ORD-2024-035119,CUST-02589,2024-09-01,0.0269,3
ORD-2024-035120,CUST-01598,2024-09-15,0.1438,1
ORD-2024-035121,CUST-04576,2024-09-01,0.0273,1
ORD-2024-035122,CUST-02969,2024-09-01,0.0731,1
ORD-2024-035123,CUST-03359,2024-09-10,0.056,1
ORD-2024-035124,CUST-02223,2024-09-16,0.0877,2
ORD-2024-035125,CUST-04011,2024-09-10,0.2454,1
ORD-2024-035126,CUST-02692,2024-09-03,0.018,1
ORD-2024-035127,CUST-02669,2024-09-16,0.2547,2
ORD-2024-035128,CUST-08582,2024-09-20,0.038,2
ORD-2024-035129,CUST-03982,2024-09-19,0.0347,1
ORD-2024-035130,CUST-06027,2024-09-17,0.0406,1
ORD-2024-035131,CUST-06461,2024-09-23,0.072,1
ORD-2024-035132,CUST-04487,2024-09-18,0.1448,1
ORD-2024-035133,CUST-03881,2024-09-10,0.0579,3
ORD-2024-035134,CUST-06743,2024-09-19,0.0494,1
ORD-2024-035135,CUST-07890,2024-09-24,0.0282,1
ORD-2024-035136,CUST-07150,2024-09-20,0.0449,3
ORD-2024-035137,CUST-08298,2024-09-24,0.0294,2
ORD-2024-035138,CUST-00816,2024-09-15,0.1774,3
ORD-2024-035139,CUST-03202,2024-09-01,0.2518,1
ORD-2024-035140,CUST-00382,2024-09-07,0.0656,5
ORD-2024-035141,CUST-04706,2024-09-07,0.0182,1
ORD-2024-035142,CUST-04662,2024-09-19,0.0324,1
ORD-2024-035143,CUST-02603,2024-09-18,0.3916,1
ORD-2024-035144,CUST-01649,2024-09-05,0.1041,1
ORD-2024-035145,CUST-01530,2024-09-22,0.1057,1
ORD-2024-035146,CUST-01418,2024-09-23,0.0618,1
ORD-2024-035147,CUST-01071,2024-09-13,0.087,3
ORD-2024-035148,CUST-03861,2024-09-19,0.1899,4
ORD-2024-035149,CUST-04170,2024-09-03,0.1061,1
ORD-2024-035150,CUST-04700,2024-09-25,0.2739,1
ORD-2024-035151,CUST-00476,2024-09-03,0.0789,3
ORD-2024-035152,CUST-02725,2024-09-24,0.022,1
ORD-2024-035153,CUST-07283,2024-09-23,0.0383,1
ORD-2024-035154,CUST-08541,2024-09-02,0.1186,3
ORD-2024-035155,CUST-07570,2024-09-14,0.0524,2
ORD-2024-035156,CUST-02121,2024-09-16,0.0417,3
ORD-2024-035157,CUST-01477,2024-09-03,0.2334,1
ORD-2024-035158,CUST-06845,2024-09-25,0.208,3
ORD-2024-035159,CUST-05825,2024-09-03,0.0526,2
ORD-2024-035160,CUST-02622,2024-09-12,0.0149,1
ORD-2024-035161,CUST-04151,2024-09-28,0.0521,3
ORD-2024-035162,CUST-06070,2024-09-19,0.0487,1
ORD-2024-035163,CUST-06250,2024-09-26,0.1947,1
ORD-2024-035164,CUST-01653,2024-09-26,0.11,4
ORD-2024-035165,CUST-06952,2024-09-07,0.0947,4
ORD-2024-035166,CUST-02617,2024-09-11,0.0164,2
ORD-2024-035167,CUST-07626,2024-09-10,0.0231,1
ORD-2024-035168,CUST-07378,2024-09-06,0.1616,2
ORD-2024-035169,CUST-04787,2024-09-05,0.0762,4
ORD-2024-035170,CUST-01623,2024-09-19,0.0165,3
ORD-2024-035171,CUST-05272,2024-09-23,0.0095,1
ORD-2024-035172,CUST-04710,2024-09-18,0.0251,1
ORD-2024-035173,CUST-05073,2024-09-16,0.0319,3
ORD-2024-035174,CUST-07440,2024-09-19,0.0931,1
ORD-2024-035175,CUST-01158,2024-09-16,0.1675,1
ORD-2024-035176,CUST-05000,2024-09-21,0.0899,1
ORD-2024-035177,CUST-05538,2024-09-24,0.125,2
ORD-2024-035178,CUST-06962,2024-09-23,0.0532,1
ORD-2024-035179,CUST-03185,2024-09-14,0.1464,3
ORD-2024-035180,CUST-05378,2024-09-02,0.0796,1
ORD-2024-035181,CUST-06682,2024-09-10,0.1136,2
ORD-2024-035182,CUST-07871,2024-09-01,0.0034,1
ORD-2024-035183,CUST-06511,2024-09-14,0.1484,3
ORD-2024-035184,CUST-07516,2024-09-10,0.0058,1
ORD-2024-035185,CUST-02681,2024-09-18,0.1347,4
ORD-2024-035186,CUST-03721,2024-09-29,0.2897,1
ORD-2024-035187,CUST-08019,2024-09-22,0.0501,2
ORD-2024-035188,CUST-04794,2024-09-27,0.0317,1
ORD-2024-035189,CUST-01759,2024-09-06,0.0581,1
ORD-2024-035190,CUST-01068,2024-09-07,0.1182,2
ORD-2024-035191,CUST-05615,2024-09-07,0.0762,2
ORD-2024-035192,CUST-02057,2024-09-25,0.0637,3
ORD-2024-035193,CUST-02455,2024-09-14,0.1102,2
ORD-2024-035194,CUST-02324,2024-09-26,0.1985,1
ORD-2024-035195,CUST-06381,2024-09-18,0.0571,1
ORD-2024-035196,CUST-06455,2024-09-21,0.0488,1
ORD-2024-035197,CUST-05783,2024-09-27,0.0855,1
ORD-2024-035198,CUST-06916,2024-09-07,0.0462,1
ORD-2024-035199,CUST-04985,2024-09-25,0.083,1
ORD-2024-035200,CUST-08014,2024-09-02,0.0611,1
ORD-2024-035201,CUST-02423,2024-09-14,0.0671,1
ORD-2024-035202,CUST-03996,2024-09-04,0.0436,1
ORD-2024-035203,CUST-04171,2024-09-08,0.2554,2
ORD-2024-035204,CUST-05236,2024-09-10,0.1898,1
ORD-2024-035205,CUST-03309,2024-09-14,0.0285,1
ORD-2024-035206,CUST-02104,2024-09-14,0.0737,2
ORD-2024-035207,CUST-06565,2024-09-28,0.1112,1
ORD-2024-035208,CUST-02754,2024-09-05,0.1777,1
ORD-2024-035209,CUST-08767,2024-09-26,0.0775,1
ORD-2024-035210,CUST-00453,2024-09-24,0.0583,3
ORD-2024-035211,CUST-01871,2024-09-06,0.1624,1
ORD-2024-035212,CUST-03006,2024-09-01,0.0446,2
ORD-2024-035213,CUST-02310,2024-09-10,0.0265,1
ORD-2024-035214,CUST-01886,2024-09-20,0.2938,1
ORD-2024-035215,CUST-04592,2024-09-17,0.1668,3
ORD-2024-035216,CUST-04096,2024-09-24,0.1472,2
ORD-2024-035217,CUST-05654,2024-09-16,0.0133,1
ORD-2024-035218,CUST-07783,2024-09-17,0.4127,2
ORD-2024-035219,CUST-05670,2024-09-05,0.0875,1
ORD-2024-035220,CUST-06004,2024-09-18,0.0094,1
ORD-2024-035221,CUST-03294,2024-09-15,0.2071,2
ORD-2024-035222,CUST-03364,2024-09-05,0.11,1
ORD-2024-035223,CUST-05895,2024-09-01,0.0328,5
ORD-2024-035224,CUST-05526,2024-09-21,0.1616,3
ORD-2024-035225,CUST-08054,2024-09-17,0.0533,1
ORD-2024-035226,CUST-06810,2024-09-14,0.0116,1
ORD-2024-035227,CUST-06304,2024-09-01,0.1896,1
ORD-2024-035228,CUST-07715,2024-09-11,0.1382,1
ORD-2024-035229,CUST-07231,2024-09-20,0.0334,1
ORD-2024-035230,CUST-05181,2024-09-23,0.0535,3
ORD-2024-035231,CUST-07157,2024-09-11,0.04,1
ORD-2024-035232,CUST-05757,2024-09-11,0.1486,2
ORD-2024-035233,CUST-01085,2024-09-25,0.0941,1
ORD-2024-035234,CUST-00872,2024-09-22,0.0849,2
ORD-2024-035235,CUST-05902,2024-09-15,0.0765,3
ORD-2024-035236,CUST-02607,2024-09-26,0.0373,1
ORD-2024-035237,CUST-02973,2024-09-28,0.0301,2
ORD-2024-035238,CUST-05516,2024-09-11,0.1231,1
ORD-2024-035239,CUST-04364,2024-09-09,0.0725,2
ORD-2024-035240,CUST-03775,2024-09-27,0.1949,1
ORD-2024-035241,CUST-07980,2024-09-09,0.023,1
ORD-2024-035242,CUST-03854,2024-09-22,0.0388,1
ORD-2024-035243,CUST-05168,2024-09-22,0.1613,1
ORD-2024-035244,CUST-08513,2024-09-24,0.0869,1
ORD-2024-035245,CUST-08342,2024-09-09,0.0031,1
ORD-2024-035246,CUST-08363,2024-09-03,0.0361,2
ORD-2024-035247,CUST-08480,2024-09-02,0.4991,2
ORD-2024-035248,CUST-08657,2024-09-17,0.0349,2
ORD-2024-035249,CUST-03552,2024-09-26,0.2604,1
ORD-2024-035250,CUST-02324,2024-09-15,0.1351,1
ORD-2024-035251,CUST-06651,2024-09-28,0.158,3
ORD-2024-035252,CUST-02341,2024-09-02,0.1553,1
ORD-2024-035253,CUST-04457,2024-09-10,0.2151,1
ORD-2024-035254,CUST-06118,2024-09-09,0.0113,1
ORD-2024-035255,CUST-01927,2024-09-10,0.1551,1
ORD-2024-035256,CUST-01342,2024-09-16,0.0136,1
ORD-2024-035257,CUST-04979,2024-09-05,0.4412,1
ORD-2024-035258,CUST-02782,2024-09-22,0.0482,1
ORD-2024-035259,CUST-04662,,0.0161,3
ORD-2024-035260,CUST-04027,2024-09-09,0.1541,1
ORD-2024-035261,CUST-06035,2024-09-28,0.0462,3
ORD-2024-035262,CUST-05154,2024-09-24,0.379,1
ORD-2024-035263,CUST-00358,2024-09-15,0.0932,1
ORD-2024-035264,CUST-07761,2024-09-01,0.3395,1
ORD-2024-035265,CUST-05316,2024-09-13,0.1964,1
ORD-2024-035266,CUST-03898,2024-09-09,0.55,1
ORD-2024-035267,CUST-07778,2024-09-20,0.3058,2
ORD-2024-035268,CUST-05995,2024-09-06,0.0588,1
ORD-2024-035269,CUST-05035,2024-09-05,0.1034,1
ORD-2024-035270,CUST-01290,2024-09-03,0.066,3
ORD-2024-035271,CUST-02479,2024-09-16,0.0427,1
ORD-2024-035272,CUST-04007,2024-09-26,0.3669,1
ORD-2024-035273,CUST-02622,2024-09-18,0.0255,1
ORD-2024-035274,CUST-05310,2024-09-04,0.0401,2
ORD-2024-035275,CUST-04552,2024-09-09,0.0897,1
ORD-2024-035276,CUST-09058,2024-09-07,0.0541,2
ORD-2024-035277,CUST-06952,2024-09-05,0.0861,1
ORD-2024-035278,CUST-04014,2024-09-21,0.0471,1
ORD-2024-035279,CUST-03978,2024-09-14,0.0814,2
ORD-2024-035280,CUST-00355,2024-09-25,0.1107,2
ORD-2024-035281,CUST-08271,2024-09-14,0.1674,2
ORD-2024-035282,CUST-08488,2024-09-02,0.1349,1
ORD-2024-035283,CUST-07192,2024-09-01,0.0435,4
ORD-2024-035284,CUST-02085,2024-09-27,0.1781,1
ORD-2024-035285,CUST-03571,2024-09-24,0.0645,1
ORD-2024-035286,CUST-05231,2024-09-28,0.1278,1
ORD-2024-035287,CUST-02110,2024-09-09,0.0129,3
ORD-2024-035288,CUST-05371,2024-09-06,0.2243,1
ORD-2024-035289,CUST-06627,2024-09-28,0.1172,1
ORD-2024-035290,CUST-05727,2024-09-06,0.0341,2
ORD-2024-035291,CUST-02231,2024-09-04,0.2666,1
ORD-2024-035292,CUST-04230,2024-09-12,0.1492,1
ORD-2024-035293,CUST-08302,2024-09-07,0.0257,1
ORD-2024-035294,CUST-08362,2024-09-23,0.2096,1
ORD-2024-035295,CUST-00784,2024-09-29,0.0115,1
ORD-2024-035296,CUST-05343,2024-09-04,0.3909,1
ORD-2024-035297,CUST-02556,2024-09-18,0.0535,1
ORD-2024-035298,CUST-05171,2024-09-02,0.0537,1
ORD-2024-035299,CUST-07525,2024-09-18,0.0677,2
ORD-2024-035300,CUST-00413,2024-09-24,0.0487,2
ORD-2024-035301,CUST-08200,2024-09-17,0.3788,1
ORD-2024-035302,CUST-07014,2024-09-25,0.1389,3
ORD-2024-035303,CUST-07820,2024-09-01,0.1725,3
ORD-2024-035304,CUST-04014,2024-09-13,0.0962,1
ORD-2024-035305,CUST-04180,2024-09-13,0.049,4
ORD-2024-035306,CUST-06799,2024-09-10,0.0136,1
ORD-2024-035307,CUST-00993,2024-09-12,0.1629,1
ORD-2024-035308,CUST-00036,2024-09-18,0.0272,1
ORD-2024-035309,CUST-06799,2024-09-09,0.2439,1
ORD-2024-035310,CUST-01008,2024-09-21,0.082,1
ORD-2024-035311,CUST-08360,2024-09-02,0.3264,1
ORD-2024-035312,CUST-02044,2024-09-26,0.1076,4
ORD-2024-035313,CUST-01577,,0.0412,1
ORD-2024-035314,CUST-05811,2024-09-05,0.1276,2
ORD-2024-035315,CUST-01724,2024-09-19,0.0617,1
ORD-2024-035316,CUST-05570,2024-09-26,0.0884,2
ORD-2024-035317,CUST-05311,2024-09-16,0.1535,3
ORD-2024-035318,CUST-00192,2024-09-11,0.0165,1
ORD-2024-035319,CUST-06934,2024-09-25,0.0895,1
ORD-2024-035320,CUST-07587,2024-09-11,0.4389,1
ORD-2024-035321,CUST-00348,2024-09-18,0.1799,1
ORD-2024-035322,CUST-05420,2024-09-16,0.2208,2
ORD-2024-035323,CUST-08722,2024-09-15,0.0642,1
ORD-2024-035324,CUST-08440,2024-09-24,0.0223,1
ORD-2024-035325,CUST-00104,2024-09-12,0.0767,2
ORD-2024-035326,CUST-05522,2024-09-16,0.0278,1
ORD-2024-035327,CUST-04671,2024-09-14,0.1857,1
ORD-2024-035328,CUST-05419,2024-09-02,0.0375,2
ORD-2024-035329,CUST-04653,2024-09-26,0.0516,3
ORD-2024-035330,CUST-03032,2024-09-16,0.019,1
ORD-2024-035331,CUST-06256,2024-09-25,0.0651,1
ORD-2024-035332,CUST-04965,2024-09-13,0.0658,1
ORD-2024-035333,CUST-07479,2024-09-01,0.1611,2
ORD-2024-035334,CUST-02939,2024-09-17,0.0436,2
ORD-2024-035335,CUST-03934,2024-09-07,0.1012,3
ORD-2024-035336,CUST-03571,2024-09-03,0.0332,3
ORD-2024-035337,CUST-01130,2024-09-07,0.0623,1
ORD-2024-035338,CUST-06721,2024-09-16,0.2556,3
ORD-2024-035339,CUST-05505,2024-09-22,0.55,1
ORD-2024-035340,CUST-03738,2024-09-22,0.0905,3
ORD-2024-035341,CUST-04697,2024-09-27,0.2621,3
ORD-2024-035342,CUST-07282,2024-09-03,0.0673,1
ORD-2024-035343,CUST-00365,2024-09-09,0.2851,1
ORD-2024-035344,CUST-01016,2024-09-26,0.1853,3
ORD-2024-035345,CUST-07367,2024-09-10,0.1213,2
ORD-2024-035346,CUST-08370,2024-09-28,0.1194,3
ORD-2024-035347,CUST-07866,2024-09-16,0.0588,3
ORD-2024-035348,CUST-04310,2024-09-20,0.0725,2
ORD-2024-035349,CUST-08261,2024-09-21,0.0506,2
ORD-2024-035350,CUST-08235,2024-09-19,0.2059,1
ORD-2024-035351,CUST-02601,2024-09-25,0.2094,2
ORD-2024-035352,CUST-07206,2024-09-13,0.123,2
ORD-2024-035353,CUST-07646,2024-09-29,0.0821,1
ORD-2024-035354,CUST-08462,2024-09-20,0.1737,2
ORD-2024-035355,CUST-00226,2024-09-23,0.1357,1
ORD-2024-035356,CUST-07768,2024-09-23,0.0399,2
ORD-2024-035357,CUST-06045,2024-09-12,0.0209,1
ORD-2024-035358,CUST-07238,2024-09-30,0.3157,1
ORD-2024-035359,CUST-06926,2024-09-06,0.0652,3
ORD-2024-035360,CUST-01231,2024-09-24,0.0411,4
ORD-2024-035361,CUST-07659,2024-09-29,0.0106,1
ORD-2024-035362,CUST-04986,2024-09-15,0.0379,1
ORD-2024-035363,CUST-02874,2024-09-05,0.0901,2
ORD-2024-035364,CUST-07585,2024-09-13,0.0813,2
ORD-2024-035365,CUST-04644,2024-09-13,0.0326,1
ORD-2024-035366,CUST-09048,2024-09-05,0.0323,3
ORD-2024-035367,CUST-01301,2024-09-30,0.0752,1
ORD-2024-035368,CUST-02715,2024-09-25,0.2517,2
ORD-2024-035369,CUST-00410,2024-09-02,0.0886,1
ORD-2024-035370,CUST-00447,2024-09-29,0.1086,1
ORD-2024-035371,CUST-03563,2024-09-03,0.0749,2
ORD-2024-035372,CUST-03953,2024-09-16,0.0537,1
ORD-2024-035373,CUST-06467,2024-09-23,0.1264,2
ORD-2024-035374,CUST-08324,2024-09-25,0.035,1
ORD-2024-035375,CUST-00182,2024-09-24,0.0644,1
ORD-2024-035376,CUST-02471,2024-09-23,0.0386,1
ORD-2024-035377,CUST-05691,2024-09-19,0.2467,1
ORD-2024-035378,CUST-09006,2024-09-20,0.045,1
ORD-2024-035379,CUST-07720,2024-09-18,0.0752,2
ORD-2024-035380,CUST-07291,2024-09-23,0.1165,1
ORD-2024-035381,CUST-07048,2024-09-29,0.1178,4
ORD-2024-035382,CUST-01000,2024-09-02,0.0916,1
ORD-2024-035383,CUST-07419,2024-09-16,0.0251,1
ORD-2024-035384,CUST-02544,2024-09-12,0.0315,1
ORD-2024-035385,CUST-01295,2024-09-30,0.0675,2
ORD-2024-035386,CUST-08088,2024-09-09,0.0394,1
ORD-2024-035387,CUST-08491,2024-09-19,0.0517,1
ORD-2024-035388,CUST-00215,2024-09-13,0.0853,2
ORD-2024-035389,CUST-08111,2024-09-01,0.1076,1
ORD-2024-035390,CUST-01930,2024-09-02,0.0398,1
ORD-2024-035391,CUST-05904,2024-09-12,0.0191,4
ORD-2024-035392,CUST-03571,2024-09-02,0.1455,1
ORD-2024-035393,CUST-05271,2024-09-26,0.1547,3
ORD-2024-035394,CUST-02799,2024-09-30,0.1226,1
ORD-2024-035395,CUST-04760,2024-09-19,0.0536,3
ORD-2024-035396,CUST-01684,2024-09-20,0.1235,1
ORD-2024-035397,CUST-03643,2024-09-10,0.0945,1
ORD-2024-035398,CUST-07861,2024-09-19,0.3231,1
ORD-2024-035399,CUST-07032,2024-09-23,0.0985,3
ORD-2024-035400,CUST-07107,2024-09-01,0.0618,1
ORD-2024-035401,CUST-01720,2024-09-02,0.0857,3
ORD-2024-035402,CUST-01630,2024-09-12,0.4152,1
ORD-2024-035403,CUST-06828,2024-09-16,0.1811,1
ORD-2024-035404,CUST-01471,2024-09-09,0.0084,1
ORD-2024-035405,CUST-07454,2024-09-07,0.0502,1
ORD-2024-035406,CUST-07373,2024-09-28,0.1187,2
ORD-2024-035407,CUST-08616,2024-09-22,0.1492,1
ORD-2024-035408,CUST-05400,2024-09-09,0.0322,1
ORD-2024-035409,CUST-04027,2024-09-23,0.0354,1
ORD-2024-035410,CUST-06519,2024-09-07,0.1421,1
ORD-2024-035411,CUST-08084,2024-09-03,0.1186,2
ORD-2024-035412,CUST-05075,2024-09-11,0.0287,2
ORD-2024-035413,CUST-08347,2024-09-07,0.0661,1
ORD-2024-035414,CUST-01623,2024-09-06,0.089,1
ORD-2024-035415,CUST-05163,2024-09-11,0.042,1
ORD-2024-035416,CUST-05717,2024-09-04,0.064,2
ORD-2024-035417,CUST-00624,2024-09-21,0.1647,1
ORD-2024-035418,CUST-07982,2024-09-20,0.0376,4
ORD-2024-035419,CUST-03679,2024-09-16,0.1433,2
ORD-2024-035420,CUST-03301,2024-09-06,0.0381,2
ORD-2024-035421,CUST-06341,2024-09-17,0.1078,3
ORD-2024-035422,CUST-04609,2024-09-19,0.0751,3
ORD-2024-035423,CUST-08659,2024-09-12,0.0751,2
ORD-2024-035424,CUST-01725,2024-09-09,0.1656,1
ORD-2024-035425,CUST-02391,2024-09-30,0.0965,2
ORD-2024-035426,CUST-01824,2024-09-26,0.0287,3
ORD-2024-035427,CUST-04270,2024-09-26,0.1306,2
ORD-2024-035428,CUST-07681,2024-09-14,0.03,1
ORD-2024-035429,CUST-05492,2024-09-10,0.3644,1
ORD-2024-035430,CUST-02782,2024-09-20,0.0824,2
ORD-2024-035431,CUST-06065,2024-09-01,0.0732,3
ORD-2024-035432,CUST-03403,2024-09-18,0.3371,1
ORD-2024-035433,CUST-01086,2024-09-19,0.0291,2
ORD-2024-035434,CUST-02251,2024-09-12,0.0636,2
ORD-2024-035435,CUST-02020,2024-09-10,0.0321,1
ORD-2024-035436,CUST-01304,2024-09-20,0.0292,3
ORD-2024-035437,CUST-07961,2024-09-27,0.0719,1
ORD-2024-035438,CUST-09047,2024-09-09,0.1917,1
ORD-2024-035439,CUST-04259,2024-09-18,0.0315,5
ORD-2024-035440,CUST-05109,2024-09-29,0.0547,2
ORD-2024-035441,CUST-07560,2024-09-04,0.0496,1
ORD-2024-035442,CUST-05660,2024-09-24,0.011,1
ORD-2024-035443,CUST-04534,2024-09-13,0.0095,2
ORD-2024-035444,CUST-02901,2024-09-01,0.0269,1
ORD-2024-035445,CUST-04270,2024-09-03,0.0363,1
ORD-2024-035446,CUST-03109,2024-09-27,0.0472,1
ORD-2024-035447,CUST-01004,2024-09-03,0.0393,3
ORD-2024-035448,CUST-03919,2024-09-23,0.0183,3
ORD-2024-035449,CUST-00458,2024-09-11,0.2451,1
ORD-2024-035450,CUST-04916,2024-09-11,0.0455,1
ORD-2024-035451,CUST-02062,2024-09-24,0.0392,1
ORD-2024-035452,CUST-06083,2024-09-15,0.4694,1
ORD-2024-035453,CUST-04524,2024-09-20,0.0687,2
ORD-2024-035454,CUST-02212,2024-09-15,0.1767,2
ORD-2024-035455,CUST-02363,2024-09-07,0.0741,1
ORD-2024-035456,CUST-03912,2024-09-13,0.3199,2
ORD-2024-035457,CUST-05632,2024-09-27,0.2561,1
ORD-2024-035458,CUST-07837,2024-09-13,0.0645,1
ORD-2024-035459,CUST-03099,2024-09-26,0.2201,2
ORD-2024-035460,CUST-04680,2024-09-20,0.0902,4
ORD-2024-035461,CUST-06494,2024-09-21,0.1113,3
ORD-2024-035462,CUST-06467,2024-09-22,0.097,1
ORD-2024-035463,CUST-02626,2024-09-17,0.0699,3
ORD-2024-035464,CUST-05181,2024-09-14,0.0534,1
ORD-2024-035465,CUST-03114,2024-09-30,0.0701,2
ORD-2024-035466,CUST-00610,2024-09-09,0.0836,1
ORD-2024-035467,CUST-03518,2024-09-22,0.0762,3
ORD-2024-035468,CUST-07087,2024-09-10,0.0172,1
ORD-2024-035469,CUST-04103,2024-09-26,0.0876,1
ORD-2024-035470,CUST-05235,2024-09-22,0.0407,4
ORD-2024-035471,CUST-06913,2024-09-16,0.135,1
ORD-2024-035472,CUST-03791,2024-09-27,0.0601,1
ORD-2024-035473,CUST-02420,2024-09-08,0.0515,2
ORD-2024-035474,CUST-01831,2024-09-16,0.2723,2
ORD-2024-035475,CUST-03998,2024-09-29,0.0388,1
ORD-2024-035476,CUST-02489,2024-09-04,0.1255,1
ORD-2024-035477,CUST-00372,2024-09-02,0.2214,1
ORD-2024-035478,CUST-06459,2024-09-16,0.1035,3
ORD-2024-035479,CUST-06237,2024-09-05,0.1287,1
ORD-2024-035480,CUST-03405,2024-09-18,0.0807,1
ORD-2024-035481,CUST-00620,2024-09-22,0.1327,3
ORD-2024-035482,CUST-06832,2024-09-11,0.0292,3
ORD-2024-035483,CUST-00983,2024-09-26,0.0576,1
ORD-2024-035484,CUST-08268,2024-09-11,0.0353,5
ORD-2024-035485,CUST-00717,2024-09-22,0.0359,2
ORD-2024-035486,CUST-05022,2024-09-21,0.0199,3
ORD-2024-035487,CUST-05777,2024-09-15,0.0621,2
ORD-2024-035488,CUST-06999,2024-09-20,0.0195,1
ORD-2024-035489,CUST-02381,2024-09-05,0.0981,3
ORD-2024-035490,CUST-04347,2024-09-24,0.0354,1
ORD-2024-035491,CUST-08691,2024-09-16,0.1321,1
ORD-2024-035492,CUST-08007,2024-09-15,0.3973,2
ORD-2024-035493,CUST-03489,2024-09-28,0.0925,1
ORD-2024-035494,CUST-01189,2024-09-08,0.1282,2
ORD-2024-035495,CUST-06480,2024-09-20,0.0841,1
ORD-2024-035496,CUST-07986,2024-09-08,0.2674,2
ORD-2024-035497,CUST-08746,2024-09-27,0.0093,1
ORD-2024-035498,CUST-05289,2024-09-06,0.0587,1
ORD-2024-035499,CUST-04213,2024-09-11,0.086,1
ORD-2024-035500,CUST-01999,2024-09-21,0.1351,1
ORD-2024-035501,CUST-01040,2024-09-11,0.2055,2
ORD-2024-035502,CUST-03277,2024-09-27,0.14,2
ORD-2024-035503,CUST-01595,2024-09-10,0.0875,1
ORD-2024-035504,CUST-02440,2024-09-04,0.0128,1
ORD-2024-035505,CUST-01151,2024-09-10,0.0351,1
ORD-2024-035506, CUST-03044 ,2024-09-26,0.0239,1
ORD-2024-035507,CUST-07504,2024-09-15,0.0019,1
ORD-2024-035508,CUST-07440,2024-09-17,0.0615,4
ORD-2024-035509,CUST-02067,2024-09-27,0.1051,1
ORD-2024-035510,CUST-03134,2024-09-04,0.0776,1
ORD-2024-035511,CUST-04976,2024-09-20,0.031,2
ORD-2024-035512,CUST-06390,2024-09-09,0.0294,1
ORD-2024-035513,CUST-01488,2024-09-14,0.0251,1
ORD-2024-035514,CUST-02149,2024-09-13,0.0538,1
ORD-2024-035515,CUST-05819,2024-09-06,0.0605,1
ORD-2024-035516,CUST-08033,2024-09-28,0.1134,1
ORD-2024-035517,CUST-04986,2024-09-23,0.1457,1
ORD-2024-035518,CUST-03763,2024-09-19,0.2327,1
ORD-2024-035519,CUST-05295,2024-09-12,0.1389,1
ORD-2024-035520,CUST-06053,2024-09-27,0.0933,2
ORD-2024-035521,CUST-07053,2024-09-07,0.1363,1
ORD-2024-035522,CUST-06627,2024-09-09,0.0668,1
ORD-2024-035523,CUST-08956,2024-09-24,0.0635,1
ORD-2024-035524,CUST-05936,2024-09-17,0.1924,1
ORD-2024-035525,,2024-09-03,0.0547,2
ORD-2024-035526,CUST-03237,2024-09-13,0.0247,1
ORD-2024-035527,CUST-00615,2024-09-12,0.1372,1
ORD-2024-035528,CUST-03215,2024-09-18,0.2534,2
ORD-2024-035529,CUST-07057,2024-09-08,0.2211,1
ORD-2024-035530,CUST-05419,2024-09-15,0.0137,1
ORD-2024-035531,CUST-08329,2024-09-20,0.1482,1
ORD-2024-035532,CUST-03057,2024-09-25,0.1708,1
ORD-2024-035533,CUST-01149,2024-09-26,0.0873,1
ORD-2024-035534,CUST-08075,2024-09-14,0.0393,1
ORD-2024-035535,CUST-08539,2024-09-26,0.354,2
ORD-2024-035536,CUST-00215,2024-09-15,0.0439,1
ORD-2024-035537,CUST-00891,2024-09-02,0.1422,4
ORD-2024-035538,CUST-02796,2024-09-06,0.0629,2
ORD-2024-035539,CUST-03076,2024-09-08,0.0348,1
ORD-2024-035540,CUST-01670,2024-09-23,0.1114,1
ORD-2024-035541,CUST-03773,2024-09-21,0.1269,2
ORD-2024-035542,CUST-08475,2024-09-14,0.0347,1
ORD-2024-035543,CUST-02626,2024-09-13,0.0779,1
ORD-2024-035544,CUST-03489,2024-09-16,0.1466,1
ORD-2024-035545,CUST-04774,2024-09-13,0.1444,1
ORD-2024-035546,CUST-06226,2024-09-04,0.2299,1
ORD-2024-035547,CUST-04752,2024-09-14,0.1335,3
ORD-2024-035548,CUST-04607,2024-09-20,0.0262,4
ORD-2024-035549,CUST-02433,2024-09-28,0.0266,2
ORD-2024-035550,CUST-07543,2024-09-14,0.2486,2
ORD-2024-035551,CUST-03489,2024-09-02,0.1342,1
ORD-2024-035552,,2024-09-23,0.0354,1
ORD-2024-035553,CUST-05659,2024-09-25,0.1196,1
ORD-2024-035554,CUST-08153,2024-09-17,0.032,1
ORD-2024-035555,CUST-07810,2024-09-06,0.1408,1
ORD-2024-035556,CUST-06422,2024-09-05,0.0264,1
ORD-2024-035557,CUST-08893,2024-09-09,0.0573,3
ORD-2024-035558,CUST-03738,2024-09-25,0.0273,1
ORD-2024-035559,CUST-04310,2024-09-19,0.0802,2
ORD-2024-035560,CUST-08174,2024-09-12,0.0875,1
ORD-2024-035561,CUST-04185,2024-09-23,0.3096,1
ORD-2024-035562,CUST-02116,2024-09-23,0.0436,1
ORD-2024-035563,CUST-08324,2024-09-12,0.0648,3
ORD-2024-035564,CUST-02776,2024-09-19,0.0516,1
ORD-2024-035565,CUST-00190,2024-09-24,0.0392,3
ORD-2024-035566,CUST-02249,2024-09-02,0.0395,1
ORD-2024-035567,CUST-08132,2024-09-23,0.0979,4
ORD-2024-035568,CUST-07122,2024-09-16,0.0363,1
ORD-2024-035569,CUST-07954,2024-09-23,0.0159,1
ORD-2024-035570,CUST-03289,2024-09-22,0.1718,1
ORD-2024-035571,CUST-03236,2024-09-06,0.1103,1
ORD-2024-035572,CUST-07712,2024-09-26,0.32,1
ORD-2024-035573,CUST-07088,2024-09-10,0.3919,1
ORD-2024-035574,CUST-04478,2024-09-06,0.0866,2
ORD-2024-035575,CUST-02732,2024-09-27,0.0636,2
ORD-2024-035576,CUST-06208,2024-09-07,0.1299,1
ORD-2024-035577,CUST-05765,2024-09-29,0.0095,1
ORD-2024-035578,CUST-00223,2024-09-21,0.0537,1
ORD-2024-035579,CUST-00224,2024-09-09,0.0199,1
ORD-2024-035580,CUST-06594,2024-09-12,0.0356,1
ORD-2024-035581,CUST-04896,2024-09-29,0.0635,2
ORD-2024-035582,CUST-04680,2024-09-01,0.0807,2
ORD-2024-035583,CUST-07752,2024-09-18,0.0387,2
ORD-2024-035584,CUST-00039,2024-09-28,0.0686,2
ORD-2024-035585,CUST-05559,2024-09-30,0.1063,2
ORD-2024-035586,CUST-06421,2024-09-03,0.0991,1
ORD-2024-035587,CUST-07674,2024-09-28,0.1087,1
ORD-2024-035588,CUST-00554,2024-09-02,0.0478,1
ORD-2024-035589,CUST-05057,2024-09-29,0.1754,1
ORD-2024-035590,CUST-08279,2024-09-20,0.067,3
ORD-2024-035591,CUST-03056,2024-09-28,0.0098,3
ORD-2024-035592,CUST-07554,2024-09-08,0.0353,1
ORD-2024-035593,CUST-02586,2024-09-07,0.11,1
ORD-2024-035594,CUST-04159,2024-09-04,0.0898,1
ORD-2024-035595,CUST-01390,2024-09-06,0.0705,2
ORD-2024-035596,CUST-07513,2024-09-05,0.042,2
ORD-2024-035597,CUST-02799,2024-09-24,0.3256,1
ORD-2024-035598,CUST-00671,2024-09-30,0.0498,1
ORD-2024-035599,CUST-06327,2024-09-30,0.068,1
ORD-2024-035600,CUST-00132,2024-09-21,0.1461,1
ORD-2024-035601,CUST-07328,2024-09-13,0.019,1
ORD-2024-035602,CUST-05555,2024-09-18,0.037,1
ORD-2024-035603,CUST-02149,2024-09-21,0.0059,1
ORD-2024-035604,CUST-01001,2024-09-05,0.0674,2
ORD-2024-035605,CUST-05304,2024-09-28,0.3338,1
ORD-2024-035606,CUST-02639,2024-09-09,0.0829,1
ORD-2024-035607,CUST-00044,2024-09-13,0.1204,1
ORD-2024-035608,CUST-05069,2024-09-30,0.2337,1
ORD-2024-035609,CUST-03987,2024-09-16,0.076,1
ORD-2024-035610,CUST-03861,2024-09-26,0.0866,2
ORD-2024-035611,CUST-00532,2024-09-22,0.2822,1
ORD-2024-035612,CUST-02924,2024-09-13,0.016,1
ORD-2024-035613,CUST-00053,2024-09-21,0.0799,1
ORD-2024-035614,CUST-04343,2024-09-12,0.3009,2
ORD-2024-035615,CUST-00493,2024-09-18,0.1049,1
ORD-2024-035616,CUST-01599,2024-09-09,0.013,1
ORD-2024-035617,CUST-02065,2024-09-25,0.0633,1
ORD-2024-035618,CUST-06822,2024-09-14,0.1453,1
ORD-2024-035619,CUST-03893,2024-09-25,0.0404,1
ORD-2024-035620,CUST-03598,2024-09-17,0.058,3
ORD-2024-035621,CUST-06926,2024-09-02,0.0513,1
ORD-2024-035622,CUST-06803,2024-09-13,0.4009,1
ORD-2024-035623,CUST-05366,2024-09-06,0.1366,2
ORD-2024-035624,CUST-01293,2024-09-30,0.3368,1
ORD-2024-035625,CUST-04970,2024-09-20,0.1836,3
ORD-2024-035626,CUST-05577,2024-09-20,0.1665,1
ORD-2024-035627,CUST-05877,2024-09-12,0.097,3
ORD-2024-035628,CUST-06740,2024-09-03,0.1325,2
ORD-2024-035629,CUST-01803,2024-09-01,0.0377,1
ORD-2024-035630,CUST-05022,2024-09-01,0.0131,1
ORD-2024-035631,CUST-08133,2024-09-03,0.1875,1
ORD-2024-035632,CUST-00781,2024-09-24,0.1303,2
ORD-2024-035633,CUST-05680,2024-09-16,0.1486,2
ORD-2024-035634,CUST-01037,2024-09-12,0.1361,1
ORD-2024-035635,CUST-04952,2024-09-19,0.0146,1
ORD-2024-035636,CUST-07105,2024-09-05,0.0318,2
ORD-2024-035637,CUST-08143,2024-09-07,0.009,2
ORD-2024-035638,CUST-03468,2024-09-03,0.065,2
ORD-2024-035639,CUST-01995,2024-09-10,0.1563,1
ORD-2024-035640,CUST-08421,2024-09-02,0.0171,1
ORD-2024-035641,CUST-02601,2024-09-08,0.197,2
ORD-2024-035642,CUST-06886,2024-09-17,0.2231,1
ORD-2024-035643,CUST-02497,2024-09-15,0.0518,1
ORD-2024-035644,CUST-04381,2024-09-15,0.1254,1
ORD-2024-035645,CUST-00281,2024-09-03,0.0522,1
ORD-2024-035646,CUST-01757,2024-09-03,0.0794,4
ORD-2024-035647,CUST-05618,2024-09-10,0.2085,3
ORD-2024-035648,CUST-04820,2024-09-27,0.0372,2
ORD-2024-035649,CUST-00476,2024-09-02,0.1994,2
ORD-2024-035650,CUST-06756,2024-09-02,0.0307,3
ORD-2024-035651,CUST-07557,2024-09-01,0.0377,2
ORD-2024-035652,CUST-02682,2024-09-02,0.0516,3
ORD-2024-035653,CUST-08538,2024-09-08,0.2148,2
ORD-2024-035654,CUST-05603,2024-09-08,0.0487,1
ORD-2024-035655,CUST-03832,2024-09-17,0.1765,2
ORD-2024-035656,CUST-02894,2024-09-09,0.0401,1
ORD-2024-035657,CUST-06389,2024-09-28,0.2554,2
ORD-2024-035658,CUST-07236,2024-09-05,0.1066,1
ORD-2024-035659,CUST-02209,2024-09-23,0.2203,3
ORD-2024-035660,CUST-02624,2024-09-26,0.0341,1
ORD-2024-035661,CUST-06588,2024-09-16,0.1307,2
ORD-2024-035662,CUST-09101,2024-09-04,0.0405,1
ORD-2024-035663,CUST-01798,2024-09-11,0.048,2
ORD-2024-035664,CUST-08705,2024-09-01,0.1289,2
ORD-2024-035665,CUST-05035,2024-09-08,0.2024,1
ORD-2024-035666,CUST-07888,2024-09-12,0.0615,1
ORD-2024-035667,CUST-08956,2024-09-04,0.2222,1
ORD-2024-035668,CUST-03566,2024-09-02,0.3607,1
ORD-2024-035669,CUST-01571,2024-09-12,0.0266,1
ORD-2024-035670,CUST-04509,2024-09-07,0.1665,2
ORD-2024-035671,CUST-05685,2024-09-28,0.0549,1
ORD-2024-035672,CUST-03551,2024-09-19,0.2576,1
ORD-2024-035673,CUST-01034,2024-09-08,0.2773,1
ORD-2024-035674,CUST-00107,2024-09-01,0.1485,1
ORD-2024-035675,CUST-05323,2024-09-15,0.2357,1
ORD-2024-035676,CUST-03221,,0.1308,1
ORD-2024-035677,CUST-04036,2024-09-16,0.156,1
ORD-2024-035678,CUST-05866,2024-09-30,0.121,2
ORD-2024-035679,CUST-06954,2024-09-18,0.0447,3
ORD-2024-035680,CUST-04129,2024-09-12,0.0104,2
ORD-2024-035681,CUST-02412,2024-09-02,0.0132,1
ORD-2024-035682,CUST-08999,2024-09-22,0.095,2
ORD-2024-035683,CUST-06850,2024-09-01,0.1265,1
ORD-2024-035684,CUST-01738,2024-09-18,0.041,1
ORD-2024-035685,CUST-08285,2024-09-04,0.0259,1
ORD-2024-035686,CUST-06121,2024-09-05,0.1659,1
ORD-2024-035687,CUST-00708,2024-09-19,0.0246,2
ORD-2024-035688,CUST-08030,2024-09-10,0.0803,1
ORD-2024-035689,CUST-08256,2024-09-03,0.1305,1
ORD-2024-035690,CUST-08153,2024-09-21,0.0446,1
ORD-2024-035691,CUST-07018,2024-09-24,0.1627,1
ORD-2024-035692,CUST-05220,2024-09-26,0.092,1
ORD-2024-035693,CUST-06676,2024-09-03,0.1747,1
ORD-2024-035694,CUST-08075,2024-09-25,0.0171,1
ORD-2024-035695,CUST-05113,2024-09-06,0.1156,1
ORD-2024-035696,CUST-08824,2024-09-28,0.0935,1
ORD-2024-035697,CUST-02449,2024-09-11,0.0984,2
ORD-2024-035698,CUST-05088,2024-09-07,0.1198,1
ORD-2024-035699,CUST-04790,2024-09-21,0.0935,5
ORD-2024-035700,CUST-04381,2024-09-03,0.0131,1
ORD-2024-035701,CUST-03121,2024-09-13,0.0329,1
ORD-2024-035702,CUST-02251,2024-09-15,0.0769,1
ORD-2024-035703,CUST-01086,2024-09-15,0.0276,1
ORD-2024-035704,CUST-07350,2024-09-22,0.185,1
ORD-2024-035705,CUST-01798,2024-09-09,0.0652,3
ORD-2024-035706,CUST-08214,2024-09-15,0.0828,1
ORD-2024-035707,CUST-05982,2024-09-14,0.0324,1
ORD-2024-035708,CUST-01557,2024-09-06,0.5013,3
ORD-2024-035709,CUST-04422,2024-09-01,0.1455,1
ORD-2024-035710,CUST-00410,2024-09-13,0.0217,1
ORD-2024-035711,CUST-02636,2024-09-14,0.0738,1
ORD-2024-035712,CUST-03849,2024-09-02,0.2686,2
ORD-2024-035713,CUST-01426,2024-09-12,0.2804,2
ORD-2024-035714,CUST-02054,2024-09-18,0.1422,1
ORD-2024-035715,CUST-06202,2024-09-18,0.0516,4
ORD-2024-035716,CUST-00221,2024-09-01,0.1599,1
ORD-2024-035717,CUST-00426,2024-09-24,0.2475,1
ORD-2024-035718,CUST-00871,2024-09-16,0.088,1
ORD-2024-035719,CUST-07649,2024-09-10,0.0393,2
ORD-2024-035720,CUST-05146,2024-09-21,0.3394,2
ORD-2024-035721,CUST-08130,2024-09-06,0.1968,3
ORD-2024-035722,CUST-08506,2024-09-06,0.0381,1
ORD-2024-035723,CUST-01648,2024-09-28,0.0934,2
ORD-2024-035724,CUST-08018,2024-09-19,0.1132,1
ORD-2024-035725,CUST-03389,2024-09-30,0.2866,2
ORD-2024-035726,CUST-03978,2024-09-03,0.1182,3
ORD-2024-035727,CUST-08354,2024-09-24,0.1973,1
ORD-2024-035728,CUST-07154,2024-09-14,0.2358,1
ORD-2024-035729,CUST-01085,2024-09-01,0.0429,1
ORD-2024-035730,CUST-07497,2024-09-01,0.066,1
ORD-2024-035731,CUST-00291,2024-09-06,0.0841,1
ORD-2024-035732,CUST-03080,2024-09-15,0.141,1
ORD-2024-035733,CUST-01571,2024-09-07,0.0745,1
ORD-2024-035734,CUST-06416,2024-09-09,0.0414,3
ORD-2024-035735,CUST-07698,2024-09-09,0.0805,1
ORD-2024-035736,CUST-05295,2024-09-10,0.0882,2
ORD-2024-035737,CUST-02232,2024-09-27,0.0776,1
ORD-2024-035738,CUST-01394,2024-09-09,0.0461,1
ORD-2024-035739,CUST-01890,2024-09-28,0.0195,1
ORD-2024-035740,CUST-01450,2024-09-24,0.1287,2
ORD-2024-035741,CUST-06778,2024-09-28,0.0553,3
ORD-2024-035742,CUST-05597,2024-09-17,0.0816,2
ORD-2024-035743,CUST-03610,2024-09-07,0.1371,2
ORD-2024-035744,CUST-02200,2024-09-26,0.1329,1
ORD-2024-035745,CUST-03827,2024-09-15,0.2893,1
ORD-2024-035746,CUST-02834,2024-09-18,0.067,1
ORD-2024-035747,CUST-02723,2024-09-27,0.0375,1
ORD-2024-035748,CUST-03744,2024-09-01,0.0954,4
ORD-2024-035749,CUST-00888,2024-09-25,0.1263,3
ORD-2024-035750,CUST-00577,2024-09-03,0.0564,1
ORD-2024-035751,CUST-07113,2024-09-19,0.0124,1
ORD-2024-035752,CUST-01593,2024-09-15,0.0961,2
ORD-2024-035753,CUST-00165,2024-09-07,0.124,2
ORD-2024-035754,CUST-01158,2024-09-27,0.0886,1
ORD-2024-035755,CUST-07150,2024-09-25,0.0244,1
ORD-2024-035756,CUST-02276,2024-09-23,0.2413,1
ORD-2024-035757,CUST-08508,2024-09-01,0.032,1
ORD-2024-035758,CUST-03643,2024-09-27,0.1038,3
ORD-2024-035759,CUST-07278,2024-09-16,0.3138,2
ORD-2024-035760,CUST-02235,2024-09-19,0.217,1
ORD-2024-035761,CUST-05596,2024-09-11,0.1022,1
ORD-2024-035762,CUST-03431,2024-09-18,0.0442,2
ORD-2024-035763,CUST-00824,2024-09-17,0.122,1
ORD-2024-035764,CUST-00436,2024-09-22,0.0228,1
ORD-2024-035765,CUST-05079,2024-09-21,0.0113,1
ORD-2024-035766,CUST-05325,2024-09-05,0.2182,1
ORD-2024-035767,CUST-04760,2024-09-21,0.0532,1
ORD-2024-035768,CUST-03276,2024-09-04,0.0616,2
ORD-2024-035769,CUST-03372,2024-09-29,0.2278,1
ORD-2024-035770,CUST-06456,2024-09-19,0.1156,3
ORD-2024-035771,CUST-01127,2024-09-05,0.2542,1
ORD-2024-035772,CUST-02775,2024-09-15,0.1441,1
ORD-2024-035773,CUST-05891,2024-09-17,0.2432,1
ORD-2024-035774,CUST-05835,2024-09-28,0.243,2
ORD-2024-035775,CUST-07851,2024-09-28,0.0811,1
ORD-2024-035776,CUST-08084,2024-09-21,0.0966,2
ORD-2024-035777,CUST-02249,2024-09-10,0.0149,1
ORD-2024-035778,CUST-05463,2024-09-05,0.0965,1
ORD-2024-035779,CUST-02496,2024-09-19,0.1381,1
ORD-2024-035780,CUST-08469,2024-09-08,0.0549,2
ORD-2024-035781,CUST-04797,2024-09-15,0.0545,1
ORD-2024-035782,CUST-00422,2024-09-30,0.0365,1
ORD-2024-035783,CUST-01249,2024-09-14,0.1408,1
ORD-2024-035784,CUST-00229,2024-09-23,0.3137,1
ORD-2024-035785,CUST-04750,2024-09-08,0.0789,3
ORD-2024-035786,CUST-04672,2024-09-18,0.0327,1
ORD-2024-035787,CUST-06513,2024-09-23,0.047,1
ORD-2024-035788,CUST-06712,2024-09-29,0.122,1
ORD-2024-035789,CUST-08107,2024-09-17,0.0897,1
ORD-2024-035790,CUST-08609,2024-09-08,0.103,1
ORD-2024-035791,CUST-07568,2024-09-03,0.1156,2
ORD-2024-035792,CUST-05426,2024-09-25,0.1016,1
ORD-2024-035793,CUST-02603,2024-09-14,0.1125,1
ORD-2024-035794,CUST-06486,2024-09-17,0.0612,1
ORD-2024-035795,CUST-03736,2024-09-01,0.077,2
ORD-2024-035796,CUST-06455,2024-09-13,0.0288,3
ORD-2024-035797,CUST-03850,2024-09-20,0.1167,3
ORD-2024-035798,CUST-08045,2024-09-03,0.0935,4
ORD-2024-035799,CUST-07728,2024-09-12,0.2557,1
ORD-2024-035800,CUST-06032,2024-09-24,0.1197,3
ORD-2024-035801,CUST-05525,2024-09-02,0.1388,1
ORD-2024-035802,CUST-07890,2024-09-13,0.0975,1
ORD-2024-035803,CUST-05295,2024-09-21,0.0297,2
ORD-2024-035804,CUST-01715,2024-09-25,0.0491,1
ORD-2024-035805,CUST-06642,2024-09-17,0.3107,1
ORD-2024-035806,CUST-04262,2024-09-25,0.2071,1
ORD-2024-035807,CUST-02070,2024-09-11,0.0681,5
ORD-2024-035808,CUST-05400,2024-09-08,0.0529,3
ORD-2024-035809,CUST-01434,2024-09-01,0.0109,1
ORD-2024-035810,CUST-05305,2024-09-24,0.1105,2
ORD-2024-035811,CUST-00508,2024-09-23,0.0469,1
ORD-2024-035812,CUST-01164,2024-09-06,0.1208,1
ORD-2024-035813,CUST-05176,2024-09-01,0.0239,2
ORD-2024-035814,CUST-04644,2024-09-21,0.045,2
ORD-2024-035815,CUST-02762,2024-09-09,0.2218,1
ORD-2024-035816,CUST-01650,2024-09-29,0.0265,1
ORD-2024-035817,CUST-00480,2024-09-23,0.0573,1
ORD-2024-035818,CUST-06487,2024-09-22,0.2055,1
ORD-2024-035819,CUST-03267,2024-09-08,0.0448,1
ORD-2024-035820,CUST-01946,2024-09-14,0.0867,1
ORD-2024-035821,CUST-03324,2024-09-12,0.2108,1
ORD-2024-035822,CUST-03775,2024-09-25,0.0247,1
ORD-2024-035823,CUST-00760,2024-09-03,0.1952,2
ORD-2024-035824,CUST-06399,2024-09-10,0.1174,2
ORD-2024-035825,CUST-06637,2024-09-03,0.4441,1
ORD-2024-035826,CUST-00625,2024-09-18,0.1407,3
ORD-2024-035827,CUST-08074,2024-09-25,0.2326,3
ORD-2024-035828,CUST-07216,2024-09-06,0.071,1
ORD-2024-035829,CUST-02263,2024-09-28,0.1289,1
ORD-2024-035830,CUST-02964,2024-09-25,0.029,3
ORD-2024-035831,CUST-03991,2024-09-05,0.1743,1
ORD-2024-035832,CUST-01523,2024-09-02,0.1042,1
ORD-2024-035833,CUST-02812,2024-09-24,0.2318,1
ORD-2024-035834,CUST-01779,2024-09-08,0.0935,1
ORD-2024-035835,CUST-06000,2024-09-22,0.0276,1
ORD-2024-035836,CUST-09044,2024-09-16,0.0538,2
ORD-2024-035837,CUST-08209,2024-09-27,0.1383,1
ORD-2024-035838,CUST-08181,2024-09-30,0.3878,3
ORD-2024-035839,CUST-06455,2024-09-23,0.0714,2
ORD-2024-035840,CUST-07389,2024-09-10,0.1293,1
ORD-2024-035841,CUST-00144,2024-09-08,0.1609,1
ORD-2024-035842,CUST-08107,2024-09-20,0.0704,3
ORD-2024-035843,CUST-07674,2024-09-28,0.036,2
ORD-2024-035844,CUST-07702,2024-09-12,0.1033,1
ORD-2024-035845,CUST-01758,2024-09-12,0.1853,1
ORD-2024-035846,CUST-01151,2024-09-12,0.0919,1
ORD-2024-035847,CUST-00671,2024-09-11,0.0849,1
ORD-2024-035848,CUST-02178,2024-09-05,0.0407,1
ORD-2024-035849,CUST-08236,2024-09-05,0.0961,1
ORD-2024-035850,CUST-02071,2024-09-24,0.3445,1
ORD-2024-035851,CUST-05667,2024-09-25,0.0756,3
ORD-2024-035852,CUST-08400,2024-09-30,0.0893,1
ORD-2024-035853,CUST-00148,2024-09-06,0.0515,1
ORD-2024-035854,CUST-08084,2024-09-20,0.0286,1
ORD-2024-035855,CUST-00813,2024-09-06,0.229,1
ORD-2024-035856,CUST-03346,2024-09-01,0.1204,1
ORD-2024-035857,CUST-06573,2024-09-21,0.1433,1
ORD-2024-035858,CUST-03595,2024-09-24,0.1112,1
ORD-2024-035859,CUST-05036,2024-09-09,0.0325,2
ORD-2024-035860,CUST-06261,2024-09-05,0.1378,1
ORD-2024-035861,CUST-02358,2024-09-29,0.0866,1
ORD-2024-035862,CUST-00398,2024-09-08,0.1494,2
ORD-2024-035863,CUST-01883,2024-09-20,0.0363,2
ORD-2024-035864,CUST-05516,2024-09-16,0.0422,1
ORD-2024-035865,CUST-02314,2024-09-22,0.1074,1
ORD-2024-035866,CUST-07479,2024-09-25,0.1209,2
ORD-2024-035867,CUST-08354,2024-09-26,0.1599,1
ORD-2024-035868,CUST-06428,2024-09-08,0.0064,1
ORD-2024-035869,CUST-07035,2024-09-08,0.0199,1
ORD-2024-035870,CUST-03392,2024-09-01,0.0652,3
ORD-2024-035871,CUST-05420,2024-09-08,0.0276,2
ORD-2024-035872,CUST-04046,2024-09-17,0.1894,1
ORD-2024-035873,CUST-03528,2024-09-22,0.1299,1
ORD-2024-035874,CUST-06405,2024-09-13,0.0546,1
ORD-2024-035875,CUST-08566,2024-09-10,0.1519,3
ORD-2024-035876,CUST-04774,2024-09-16,0.1299,2
ORD-2024-035877,CUST-08674,2024-09-02,0.1605,1
ORD-2024-035878,CUST-00570,2024-09-09,0.0899,1
ORD-2024-035879,CUST-02736,2024-09-14,0.0486,1
ORD-2024-035880,CUST-00818,2024-09-07,0.1693,1
ORD-2024-035881,CUST-04304,2024-09-04,0.0483,1
ORD-2024-035882,CUST-02820,,0.0409,1
ORD-2024-035883,CUST-05358,2024-09-09,0.15,1
ORD-2024-035884,CUST-02656,2024-09-17,0.1872,1
ORD-2024-035885,CUST-01349,2024-09-18,0.0287,2
ORD-2024-035886,CUST-07584,2024-09-12,0.1091,3
ORD-2024-035887,CUST-06077,2024-09-18,0.0279,1
ORD-2024-035888,CUST-07211,2024-09-15,0.0323,4
ORD-2024-035889,CUST-03401,2024-09-07,0.0512,2
ORD-2024-035890,CUST-04959,2024-09-01,0.0029,1
ORD-2024-035891,CUST-00457,2024-09-30,0.1116,2
ORD-2024-035892,CUST-07986,2024-09-11,0.1697,2
ORD-2024-035893,CUST-00410,2024-09-21,0.0699,1
ORD-2024-035894,CUST-01846,2024-09-12,0.0425,1
ORD-2024-035895,CUST-05990,2024-09-19,0.0062,1
ORD-2024-035896,CUST-07482,2024-09-24,0.0176,1
ORD-2024-035897,CUST-01000,2024-09-27,0.0337,1
ORD-2024-035898,CUST-08700,2024-09-11,0.2414,2
ORD-2024-035899,CUST-00421,2024-09-10,0.0637,2
ORD-2024-035900,CUST-05459,2024-09-07,0.0055,1
ORD-2024-035901,CUST-07693,2024-09-15,0.0251,3
ORD-2024-035902,CUST-04023,2024-09-09,0.0418,1
ORD-2024-035903,CUST-07837,2024-09-28,0.0097,1
ORD-2024-035904,CUST-04841,2024-09-17,0.0419,1
ORD-2024-035905,CUST-05506,2024-09-14,0.1354,1
ORD-2024-035906,CUST-02644,2024-09-17,0.1106,3
ORD-2024-035907,CUST-03520,2024-09-22,0.1399,3
ORD-2024-035908,CUST-07151,2024-09-19,0.0143,1
ORD-2024-035909,CUST-07063,2024-09-20,0.0097,1
ORD-2024-035910,CUST-06876,2024-09-16,0.1429,2
ORD-2024-035911,CUST-01896,2024-09-04,0.3108,1
ORD-2024-035912,CUST-08152,2024-09-04,0.0659,3
ORD-2024-035913,CUST-06298,2024-09-12,0.0976,1
ORD-2024-035914,CUST-04962,2024-09-05,0.039,1
ORD-2024-035915,CUST-08284,2024-09-10,0.2565,1
ORD-2024-035916,CUST-00014,2024-09-20,0.0784,3
ORD-2024-035917,CUST-01652,2024-09-30,0.1269,2
ORD-2024-035918,CUST-05264,2024-09-20,0.0913,2
ORD-2024-035919,CUST-04312,2024-09-01,0.55,1
ORD-2024-035920,CUST-06502,2024-09-29,0.174,2
ORD-2024-035921,CUST-07298,2024-09-26,0.098,1
ORD-2024-035922,CUST-01202,2024-09-22,0.023,1
ORD-2024-035923,CUST-05887,2024-09-18,0.0809,2
ORD-2024-035924,CUST-08469,2024-09-18,0.0269,2
ORD-2024-035925,CUST-03642,2024-09-30,0.1531,1
ORD-2024-035926,CUST-08582,2024-09-06,0.0952,2
ORD-2024-035927,CUST-06909,2024-09-05,0.3166,1
ORD-2024-035928,CUST-07248,2024-09-07,0.1149,3
ORD-2024-035929,CUST-02264,2024-09-20,0.0912,1
ORD-2024-035930,CUST-02762,2024-09-21,0.0447,1
ORD-2024-035931,CUST-03805,2024-09-12,0.1086,1
ORD-2024-035932,CUST-00592,2024-09-08,0.0395,1
ORD-2024-035933,CUST-02424,2024-09-05,0.2972,1
ORD-2024-035934,CUST-07322,2024-09-16,0.0835,2
ORD-2024-035935,CUST-04172,2024-09-21,0.1242,1
ORD-2024-035936,CUST-01982,2024-09-16,0.1369,1
ORD-2024-035937,CUST-06725,2024-09-03,0.0249,3
ORD-2024-035938,CUST-05369,2024-09-12,0.062,1
ORD-2024-035939,CUST-04744,2024-09-11,0.4198,1
ORD-2024-035940,CUST-05436,2024-09-25,0.0622,1
ORD-2024-035941,CUST-02475,2024-09-01,0.0121,2
ORD-2024-035942,CUST-02294,2024-09-08,0.0389,1
ORD-2024-035943,CUST-06766,2024-09-22,0.0258,4
ORD-2024-035944,CUST-01184,2024-09-08,0.1225,3
ORD-2024-035945,CUST-06212,2024-09-12,0.0058,1
ORD-2024-035946,CUST-07592,2024-09-10,0.0659,3
ORD-2024-035947,CUST-05286,2024-09-02,0.0887,1
ORD-2024-035948,CUST-01849,2024-09-03,0.0341,2
ORD-2024-035949,CUST-06952,2024-09-11,0.1968,1
ORD-2024-035950,CUST-02859,2024-09-28,0.3213,1
ORD-2024-035951,CUST-04720,2024-09-05,0.0388,1
ORD-2024-035952,CUST-08180,2024-09-11,0.0944,2
ORD-2024-035953,CUST-04487,2024-09-16,0.0449,1
ORD-2024-035954,CUST-06849,2024-09-09,0.5232,2
ORD-2024-035955,CUST-08208,2024-09-25,0.5211,1
ORD-2024-035956,CUST-07356,2024-09-21,0.3211,2
ORD-2024-035957,CUST-05659,2024-09-21,0.0223,1
ORD-2024-035958,CUST-07804,2024-09-17,0.0788,2
ORD-2024-035959,CUST-01012,2024-09-16,0.1231,1
ORD-2024-035960,CUST-06021,2024-09-17,0.0478,1
ORD-2024-035961,CUST-04841,2024-09-01,0.0621,2
ORD-2024-035962,CUST-02582,2024-09-22,0.052,3
ORD-2024-035963,CUST-06171,2024-09-09,0.3283,1
ORD-2024-035964,CUST-01089,2024-09-14,0.1051,1
ORD-2024-035965,CUST-04271,2024-09-18,0.019,1
ORD-2024-035966,CUST-04446,2024-09-16,0.0605,2
ORD-2024-035967,CUST-04308,2024-09-13,0.0105,1
ORD-2024-035968,CUST-01058,2024-09-15,0.0254,3
ORD-2024-035969,CUST-01520,2024-09-14,0.0825,1
ORD-2024-035970,CUST-08342,2024-09-14,0.0024,1
ORD-2024-035971,CUST-04486,2024-09-10,0.55,1
ORD-2024-035972,CUST-01004,2024-09-09,0.0466,3
ORD-2024-035973,CUST-01589,2024-09-18,0.1028,2
ORD-2024-035974,CUST-05851,2024-09-03,0.2434,4
ORD-2024-035975,CUST-01390,2024-09-17,0.089,1
ORD-2024-035976,CUST-02782,2024-09-25,0.0576,5
ORD-2024-035977,CUST-07144,2024-09-27,0.181,1
ORD-2024-035978,CUST-03238,2024-09-07,0.0089,1
ORD-2024-035979,CUST-04697,2024-09-24,0.2402,1
ORD-2024-035980,CUST-00205,2024-09-30,0.0541,1
ORD-2024-035981,CUST-06784,2024-09-03,0.0901,1
ORD-2024-035982,CUST-00901,2024-09-08,0.0338,2
ORD-2024-035983, CUST-07674 ,2024-09-09,0.111,1
ORD-2024-035984,CUST-02374,2024-09-25,0.0058,1
ORD-2024-035985,CUST-05971,2024-09-26,0.0588,1
ORD-2024-035986,CUST-08224,2024-09-12,0.0415,1
ORD-2024-035987,CUST-06634,2024-09-05,0.0182,1
ORD-2024-035988,CUST-07771,2024-09-07,0.0289,1
ORD-2024-035989,CUST-03386,2024-09-02,0.0138,1
ORD-2024-035990,CUST-02726,2024-09-03,0.0364,1
ORD-2024-035991,CUST-02224,2024-09-13,0.1896,1
ORD-2024-035992,CUST-06835,2024-09-18,0.0374,3
ORD-2024-035993,CUST-07827,2024-09-19,0.0105,1
ORD-2024-035994,CUST-05427,2024-09-26,0.0914,2
ORD-2024-035995,CUST-04908,2024-09-17,0.1078,2
ORD-2024-035996,CUST-07016,2024-09-11,0.1861,2
ORD-2024-035997,CUST-00104,2024-09-23,0.1324,3
ORD-2024-035998,CUST-03267,2024-09-13,0.129,2
ORD-2024-035999,CUST-02639,,0.0595,2
ORD-2024-036000,CUST-03055,2024-09-03,0.1138,3
ORD-2024-036001,CUST-03386,2024-09-14,0.0114,1
ORD-2024-036002,CUST-02407,2024-09-07,0.1139,1
ORD-2024-036003,CUST-02844,2024-09-22,0.0258,2
ORD-2024-036004,CUST-00700,2024-09-26,0.0184,1
ORD-2024-036005,CUST-05234,2024-09-29,0.286,3
ORD-2024-036006,CUST-00876,2024-09-03,0.1481,1
ORD-2024-036007,CUST-06049,2024-09-11,0.2019,2
ORD-2024-036008,CUST-02072,2024-09-05,0.0503,1
ORD-2024-036009,CUST-02937,2024-09-15,0.061,1
ORD-2024-036010,CUST-06487,2024-09-09,0.0258,1
ORD-2024-036011,CUST-02699,2024-09-28,0.1831,4
ORD-2024-036012,CUST-03101,2024-09-16,0.0092,1
ORD-2024-036013,CUST-08440,2024-09-10,0.04,1
ORD-2024-036014,CUST-03439,2024-09-02,0.2393,1
ORD-2024-036015,CUST-01587,2024-09-14,0.1682,2
ORD-2024-036016,CUST-07547,2024-09-28,0.4189,1
ORD-2024-036017,CUST-00181,2024-09-06,0.0812,3
ORD-2024-036018,CUST-06399,2024-09-25,0.0776,3
ORD-2024-036019,CUST-08304,2024-09-30,0.0255,1
ORD-2024-036020,CUST-04673,2024-09-26,0.0431,1
ORD-2024-036021,CUST-07786,2024-09-12,0.2059,1
ORD-2024-036022,CUST-01050,2024-09-12,0.017,1
ORD-2024-036023,CUST-06893,2024-09-20,0.28,1
ORD-2024-036024,CUST-02496,2024-09-29,0.2142,1
ORD-2024-036025,CUST-09111,2024-09-10,0.0179,1
ORD-2024-036026,CUST-03950,2024-09-30,0.1696,1
ORD-2024-036027,CUST-01390,2024-09-30,0.1866,2
ORD-2024-036028,CUST-04173,2024-09-09,0.0751,1
ORD-2024-036029,CUST-01414,2024-09-16,0.0334,2
ORD-2024-036030,CUST-01976,2024-09-30,0.1075,1
ORD-2024-036031,CUST-01863,2024-09-03,0.0665,1
ORD-2024-036032,CUST-04014,2024-09-27,0.054,1
ORD-2024-036033,CUST-04128,2024-09-04,0.0665,1
ORD-2024-036034,CUST-06873,2024-09-20,0.0485,4
ORD-2024-036035,CUST-03932,2024-09-15,0.1793,2
ORD-2024-036036,CUST-08499,2024-09-13,0.0911,3
ORD-2024-036037,CUST-06880,2024-09-14,0.1913,1
ORD-2024-036038,CUST-06226,2024-09-27,0.0742,3
ORD-2024-036039,CUST-02591,2024-09-14,0.2285,2
ORD-2024-036040,CUST-04727,2024-09-05,0.1386,2
ORD-2024-036041,CUST-03740,2024-09-19,0.0437,2
ORD-2024-036042,CUST-06873,2024-09-18,0.1217,1
ORD-2024-036043,CUST-04596,2024-09-23,0.1679,1
ORD-2024-036044,CUST-01743,2024-09-18,0.0755,1
ORD-2024-036045,CUST-06256,2024-09-13,0.0221,1
ORD-2024-036046,CUST-08262,2024-09-23,0.0465,1
ORD-2024-036047,CUST-03981,2024-09-28,0.0933,1
ORD-2024-036048,CUST-07153,2024-09-21,0.0702,1
ORD-2024-036049,CUST-05513,2024-09-07,0.0654,1
ORD-2024-036050,CUST-05549,2024-09-15,0.2196,1
ORD-2024-036051,CUST-04103,2024-09-23,0.0652,5
ORD-2024-036052,CUST-05430,2024-09-25,0.0849,1
ORD-2024-036053,CUST-08363,2024-09-12,0.0387,1
ORD-2024-036054,CUST-01589,2024-09-17,0.0899,1
ORD-2024-036055,CUST-08415,2024-09-19,0.0945,2
ORD-2024-036056,CUST-06220,2024-09-17,0.1118,3
ORD-2024-036057,CUST-01780,2024-09-14,0.0046,1
ORD-2024-036058,CUST-08208,2024-09-15,0.2506,3
ORD-2024-036059,CUST-02803,2024-09-12,0.1188,1
ORD-2024-036060,CUST-03278,2024-09-29,0.1279,3
ORD-2024-036061,CUST-06913,2024-09-18,0.2328,1
ORD-2024-036062,CUST-07425,2024-09-04,0.0726,1
ORD-2024-036063,CUST-00458,2024-09-02,0.1278,2
ORD-2024-036064,CUST-01732,2024-09-21,0.144,4
ORD-2024-036065,CUST-01997,2024-09-08,0.1387,1
ORD-2024-036066,CUST-00943,2024-09-09,0.0095,1
ORD-2024-036067,CUST-03836,2024-09-14,0.0717,2
ORD-2024-036068,CUST-03213,2024-09-22,0.11,1
ORD-2024-036069,CUST-08046,2024-09-17,0.0735,3
